0.999118 0.002054 -0.041950 -0.062101 -0.002194 0.999992 -0.003305 -0.005471 0.041943 0.000000 0.000000 0.000000
0.999118 0.002054 -0.041950 -0.062101 -0.002194 0.999992 -0.003305 -0.005471 0.041943 0.003394 0.999114 0.556308
0.998461 0.001808 -0.055430 -0.086663 -0.002047 0.999989 -0.004261 -0.005594 0.055421 0.004368 0.998453 0.696736
0.997453 0.001831 -0.071298 -0.111981 -0.002147 0.999988 -0.004369 -0.004417 0.071289 0.004511 0.997445 0.841204
0.995879 0.000335 -0.090688 -0.135847 -0.000729 0.999990 -0.004314 -0.007245 0.090685 0.004362 0.995870 1.008650
0.993972 -0.000911 -0.109635 -0.183349 0.000344 0.999986 -0.005189 -0.003798 0.109638 0.005120 0.993958 1.196939
0.991164 -0.001062 -0.132636 -0.236564 0.000432 0.999988 -0.004775 -0.014282 0.132640 0.004675 0.991153 1.378620
0.987563 0.002445 -0.157208 -0.287886 -0.003354 0.999979 -0.005514 -0.026821 0.157191 0.005973 0.987550 1.565929
0.983235 0.006688 -0.182221 -0.362377 -0.008190 0.999938 -0.007490 -0.029856 0.182159 0.008857 0.983229 1.761851
0.977841 0.009627 -0.209127 -0.441141 -0.011702 0.999894 -0.008683 -0.032508 0.209021 0.010937 0.977850 1.943896
0.971028 0.010172 -0.238750 -0.517557 -0.012584 0.999884 -0.008579 -0.037266 0.238635 0.011335 0.971043 2.152281
0.963032 0.011638 -0.269136 -0.617520 -0.014430 0.999861 -0.008396 -0.038064 0.269000 0.011969 0.963066 2.367358
0.953572 0.013747 -0.300852 -0.716466 -0.016432 0.999844 -0.006398 -0.054053 0.300717 0.011044 0.953649 2.567055
0.942217 0.016350 -0.334604 -0.828527 -0.019462 0.999793 -0.005950 -0.049018 0.334437 0.012119 0.942340 2.772824
0.929699 0.017815 -0.367888 -0.953932 -0.021544 0.999750 -0.006032 -0.045383 0.367688 0.013533 0.929851 2.986694
0.916051 0.020887 -0.400517 -1.098788 -0.024885 0.999679 -0.004782 -0.051774 0.400288 0.014348 0.916277 3.195572
0.899513 0.020469 -0.436414 -1.226704 -0.025121 0.999673 -0.004889 -0.041809 0.436171 0.015361 0.899733 3.411291
0.881486 0.017554 -0.471884 -1.380712 -0.022495 0.999735 -0.004830 -0.050974 0.471674 0.014873 0.881648 3.606579
0.860352 0.012585 -0.509546 -1.542512 -0.017710 0.999830 -0.005209 -0.054043 0.509393 0.013505 0.860428 3.810455
0.835491 0.014465 -0.549314 -1.717192 -0.018510 0.999827 -0.001825 -0.061376 0.549193 0.011693 0.835614 4.003595
0.806425 0.019977 -0.590999 -1.932294 -0.023181 0.999729 0.002162 -0.069385 0.590882 0.011957 0.806669 4.202935
0.774105 0.023296 -0.632629 -2.157335 -0.026775 0.999633 0.004048 -0.070535 0.632491 0.013805 0.774444 4.392230
0.738364 0.022955 -0.674012 -2.406353 -0.026053 0.999645 0.005505 -0.079736 0.673900 0.013495 0.738700 4.585074
0.698331 0.018700 -0.715531 -2.651849 -0.020332 0.999774 0.006285 -0.076598 0.715487 0.010160 0.698553 4.783274
0.655544 0.015705 -0.754994 -2.932086 -0.015126 0.999856 0.007665 -0.083860 0.755006 0.006395 0.655687 4.971614
0.610732 0.014636 -0.791702 -3.232435 -0.012111 0.999885 0.009142 -0.080071 0.791745 0.004005 0.610839 5.144105
0.564487 0.015691 -0.825293 -3.569284 -0.009378 0.999877 0.012596 -0.086970 0.825389 0.000630 0.564565 5.278502
0.513521 0.015732 -0.857933 -3.915000 -0.007385 0.999876 0.013914 -0.073843 0.858045 -0.000810 0.513574 5.436442
0.461833 0.017587 -0.886792 -4.280502 -0.010319 0.999842 0.014455 -0.042533 0.886907 0.002475 0.461942 5.557426
0.404526 0.019050 -0.914328 -4.697229 -0.004073 0.999811 0.019029 -0.062859 0.914517 -0.003973 0.404527 5.728413
0.347704 0.023633 -0.937307 -5.115713 -0.006731 0.999720 0.022709 -0.069569 0.937580 -0.001587 0.347765 5.841968
0.293289 0.024584 -0.955708 -5.595153 -0.002445 0.999685 0.024964 -0.053827 0.956021 -0.004985 0.293257 5.932946
0.239595 0.026174 -0.970520 -6.073965 0.001878 0.999622 0.027422 -0.052131 0.970871 -0.008393 0.239455 6.008592
0.188675 0.026946 -0.981670 -6.557350 0.004629 0.999588 0.028327 -0.053245 0.982029 -0.009889 0.188472 6.053704
0.142669 0.027953 -0.989376 -7.064264 0.000718 0.999598 0.028345 -0.043093 0.989770 -0.004754 0.142592 6.054170
0.101520 0.027481 -0.994454 -7.595118 -0.001242 0.999621 0.027497 -0.021492 0.994833 -0.001556 0.101516 6.044160
0.060905 0.026459 -0.997793 -8.205866 -0.000654 0.999650 0.026469 -0.011582 0.998143 -0.000959 0.060901 6.072066
0.027883 0.024151 -0.999319 -8.761653 -0.001279 0.999708 0.024125 -0.003431 0.999610 0.000606 0.027905 6.036916
-0.002578 0.021615 -0.999763 -9.365461 0.000109 0.999766 0.021615 -0.001574 0.999997 -0.000053 -0.002580 5.985462
-0.026875 0.019140 -0.999456 -9.909589 -0.001785 0.999814 0.019195 0.005646 0.999637 0.002299 -0.026835 5.920246
-0.052428 0.016517 -0.998488 -10.685219 -0.000098 0.999863 0.016545 0.033336 0.998625 0.000966 -0.052419 5.922978
-0.068138 0.015482 -0.997556 -11.338428 0.000818 0.999880 0.015462 0.051704 0.997676 0.000238 -0.068142 5.856019
-0.081570 0.016029 -0.996539 -12.074841 0.001560 0.999871 0.015955 0.056644 0.996666 -0.000253 -0.081584 5.782545
-0.090346 0.016878 -0.995767 -12.769478 0.000232 0.999857 0.016927 0.064850 0.995910 0.001299 -0.090337 5.708226
-0.097993 0.018467 -0.995016 -13.529903 -0.001205 0.999825 0.018675 0.062934 0.995186 0.003029 -0.097954 5.624226
-0.102158 0.019467 -0.994578 -14.291095 -0.001557 0.999804 0.019729 0.072685 0.994767 0.003564 -0.102107 5.534380
-0.102522 0.020297 -0.994524 -15.060495 0.000770 0.999793 0.020325 0.082984 0.994731 0.001318 -0.102516 5.439016
-0.100760 0.022916 -0.994647 -15.854057 0.002772 0.999737 0.022753 0.085105 0.994907 -0.000464 -0.100797 5.351612
-0.101238 0.024374 -0.994564 -16.691038 0.002551 0.999703 0.024240 0.111650 0.994859 -0.000083 -0.101270 5.284465
-0.099232 0.024286 -0.994768 -17.535095 0.000198 0.999703 0.024387 0.118610 0.995064 0.002223 -0.099208 5.186906
-0.097760 0.021034 -0.994988 -18.398090 -0.001725 0.999772 0.021305 0.140613 0.995208 0.003799 -0.097701 5.110272
-0.094944 0.021294 -0.995255 -19.288866 -0.002898 0.999761 0.021666 0.147816 0.995478 0.004941 -0.094859 5.000998
-0.095253 0.024510 -0.995151 -20.136652 -0.001134 0.999694 0.024730 0.159569 0.995452 0.003484 -0.095196 4.949355
-0.093270 0.027574 -0.995259 -21.060614 -0.002696 0.999606 0.027947 0.177741 0.995637 0.005290 -0.093158 4.867980
-0.091500 0.030169 -0.995348 -21.979433 -0.003499 0.999525 0.030617 0.178948 0.995799 0.006284 -0.091351 4.766861
-0.089711 0.029416 -0.995533 -22.942049 -0.004747 0.999540 0.029962 0.198046 0.995957 0.007414 -0.089530 4.677178
-0.088421 0.027749 -0.995697 -23.903990 -0.009036 0.999548 0.028659 0.195115 0.996042 0.011531 -0.088130 4.608770
-0.085529 0.025699 -0.996004 -24.940811 -0.009114 0.999605 0.026575 0.240888 0.996294 0.011351 -0.085261 4.478525
-0.084818 0.027946 -0.996004 -25.857439 -0.005052 0.999582 0.028476 0.257617 0.996384 0.007447 -0.084642 4.401495
-0.084077 0.029739 -0.996015 -26.858091 -0.002941 0.999543 0.030092 0.284879 0.996455 0.005460 -0.083951 4.332240
-0.082451 0.031940 -0.996083 -27.877340 -0.002629 0.999476 0.032266 0.287914 0.996592 0.005279 -0.082323 4.235721
-0.082199 0.026997 -0.996250 -28.911974 -0.002050 0.999626 0.027258 0.306526 0.996614 0.004283 -0.082113 4.166161
-0.082511 0.019181 -0.996406 -29.936172 -0.001185 0.999812 0.019344 0.339377 0.996589 0.002777 -0.082473 4.109354
-0.082037 0.015645 -0.996506 -30.929495 0.003018 0.999876 0.015450 0.331931 0.996625 -0.001740 -0.082075 3.984112
-0.082315 0.016177 -0.996475 -31.988762 0.004071 0.999865 0.015896 0.349785 0.996598 -0.002748 -0.082370 3.892507
-0.082178 0.024160 -0.996325 -33.040199 0.002657 0.999708 0.024023 0.337526 0.996614 -0.000674 -0.082218 3.791174
-0.082593 0.030593 -0.996114 -34.124828 0.001443 0.999531 0.030578 0.363162 0.996582 0.001088 -0.082598 3.696038
-0.082441 0.036014 -0.995945 -35.189720 -0.000196 0.999346 0.036154 0.376478 0.996596 0.003176 -0.082380 3.581570
-0.082379 0.036715 -0.995925 -36.262207 -0.002573 0.999310 0.037053 0.389316 0.996598 0.005614 -0.082227 3.472691
-0.082674 0.032791 -0.996037 -37.298927 -0.001644 0.999453 0.033040 0.405867 0.996575 0.004369 -0.082575 3.378153
-0.084566 0.030704 -0.995945 -38.274921 -0.003041 0.999512 0.031073 0.403347 0.996413 0.005656 -0.084432 3.352138
-0.084191 0.032010 -0.995935 -39.425236 -0.003304 0.999469 0.032402 0.427475 0.996444 0.006018 -0.084041 3.210374
-0.084212 0.034923 -0.995836 -40.478882 -0.005593 0.999353 0.035519 0.430607 0.996432 0.008561 -0.083962 3.131813
-0.083979 0.033273 -0.995912 -41.516899 -0.006034 0.999407 0.033899 0.448667 0.996449 0.008856 -0.083729 3.025614
-0.084242 0.027557 -0.996064 -42.510761 -0.005607 0.999588 0.028129 0.493101 0.996430 0.007955 -0.084053 2.938451
-0.083520 0.022898 -0.996243 -43.613506 -0.008043 0.999688 0.023652 0.520978 0.996474 0.009988 -0.083310 2.818361
-0.083167 0.024033 -0.996246 -44.641323 -0.007368 0.999667 0.024731 0.518225 0.996508 0.009397 -0.082962 2.735842
-0.082225 0.026792 -0.996254 -45.703033 -0.007580 0.999593 0.027508 0.504570 0.996585 0.009813 -0.081988 2.651779
-0.081664 0.031254 -0.996170 -46.783844 -0.006264 0.999472 0.031871 0.540548 0.996640 0.008843 -0.081425 2.555074
-0.080836 0.036801 -0.996048 -47.798592 -0.005570 0.999286 0.037373 0.551344 0.996712 0.008569 -0.080573 2.455575
-0.081295 0.040495 -0.995867 -48.836990 -0.006259 0.999134 0.041139 0.551946 0.996670 0.009578 -0.080971 2.379780
-0.081496 0.040773 -0.995839 -49.832958 -0.005444 0.999130 0.041353 0.566299 0.996659 0.008791 -0.081203 2.320102
-0.081286 0.036565 -0.996020 -50.890480 -0.005457 0.999296 0.037130 0.585419 0.996676 0.008453 -0.081029 2.209441
-0.080354 0.032000 -0.996253 -51.913834 -0.007084 0.999441 0.032674 0.607610 0.996741 0.009683 -0.080082 2.106238
-0.080120 0.029311 -0.996354 -52.923466 -0.010645 0.999485 0.030259 0.625065 0.996728 0.013030 -0.079766 2.004136
-0.080130 0.027581 -0.996403 -53.970711 -0.012732 0.999507 0.028691 0.639760 0.996703 0.014985 -0.079740 1.864897
-0.081186 0.025214 -0.996380 -55.036705 -0.012311 0.999578 0.026298 0.654265 0.996623 0.014402 -0.080841 1.827292
-0.082474 0.021592 -0.996359 -56.083424 -0.007757 0.999721 0.022307 0.656694 0.996563 0.009568 -0.082284 1.733573
-0.082507 0.019857 -0.996393 -57.125111 -0.003975 0.999787 0.020254 0.684989 0.996583 0.005632 -0.082410 1.606414
-0.085125 0.023366 -0.996096 -58.191265 -0.003577 0.999711 0.023756 0.682435 0.996364 0.005585 -0.085017 1.537994
-0.087002 0.030114 -0.995753 -59.227425 -0.001509 0.999538 0.030360 0.673921 0.996207 0.004144 -0.086916 1.440533
-0.089129 0.033008 -0.995473 -60.238403 0.001089 0.999453 0.033042 0.710826 0.996020 0.001861 -0.089116 1.359199
-0.089970 0.032452 -0.995416 -61.304531 -0.000269 0.999468 0.032609 0.707099 0.995944 0.003201 -0.089913 1.242434
-0.091098 0.028687 -0.995429 -62.197090 -0.004202 0.999565 0.029191 0.727689 0.995833 0.006842 -0.090938 1.184123
-0.092197 0.025490 -0.995414 -63.201656 -0.009281 0.999607 0.026457 0.726592 0.995698 0.011677 -0.091924 1.066226
-0.093779 0.024099 -0.995301 -64.213905 -0.013242 0.999588 0.025450 0.738476 0.995505 0.015566 -0.093421 0.949651
-0.096322 0.024249 -0.995055 -65.163017 -0.014555 0.999562 0.025768 0.751177 0.995244 0.016965 -0.095927 0.907424
-0.097340 0.026700 -0.994893 -66.143745 -0.014114 0.999502 0.028205 0.753806 0.995151 0.016788 -0.096915 0.824577
-0.097375 0.025205 -0.994929 -67.193954 -0.015139 0.999526 0.026803 0.795348 0.995133 0.017673 -0.096948 0.674638
-0.098243 0.022580 -0.994906 -68.150963 -0.019849 0.999499 0.024644 0.934092 0.994964 0.022169 -0.097746 0.634667
-0.099047 0.027194 -0.994711 -69.144279 -0.017444 0.999425 0.029060 0.782023 0.994930 0.020230 -0.098515 0.551811
-0.100038 0.029559 -0.994544 -70.136169 -0.015884 0.999384 0.031301 0.806634 0.994857 0.018929 -0.099507 0.494614
-0.098660 0.033907 -0.994543 -70.931351 -0.013858 0.999276 0.035443 0.828676 0.995025 0.017280 -0.098118 0.293956
-0.100603 0.035181 -0.994304 -71.903328 -0.016676 0.999175 0.037041 0.894403 0.994787 0.020308 -0.099934 0.289851
-0.102807 0.036860 -0.994018 -72.873932 -0.014586 0.999150 0.038559 0.820807 0.994594 0.018463 -0.102182 0.245073
-0.101624 0.033293 -0.994266 -73.734093 -0.015555 0.999265 0.035050 0.911784 0.994701 0.019028 -0.101032 0.091831
-0.102307 0.029268 -0.994322 -74.665741 -0.019032 0.999327 0.031373 0.968466 0.994571 0.022134 -0.101681 0.050770
-0.101052 0.026105 -0.994539 -75.722435 -0.016825 0.999468 0.027944 0.981725 0.994739 0.019556 -0.100559 -0.140369
-0.099366 0.023670 -0.994769 -76.606422 -0.018031 0.999510 0.025584 1.003496 0.994888 0.020478 -0.098890 -0.242153
-0.097377 0.023214 -0.994977 -77.443497 -0.020522 0.999469 0.025328 0.997036 0.995036 0.022886 -0.096849 -0.322852
-0.094030 0.024653 -0.995264 -78.323570 -0.019928 0.999446 0.026640 0.969515 0.995370 0.022339 -0.093487 -0.376314
-0.087445 0.024586 -0.995866 -79.130928 -0.019960 0.999451 0.026428 1.032698 0.995969 0.022188 -0.086906 -0.478842
-0.081951 0.027746 -0.996250 -79.933174 -0.018079 0.999407 0.029322 0.973706 0.996472 0.020415 -0.081401 -0.484436
-0.072745 0.028399 -0.996946 -80.767067 -0.019232 0.999369 0.029872 1.007977 0.997165 0.021346 -0.072153 -0.559423
-0.060488 0.030226 -0.997711 -81.552383 -0.021765 0.999264 0.031592 1.014031 0.997932 0.023626 -0.059786 -0.611709
-0.046560 0.031531 -0.998418 -82.245079 -0.024942 0.999153 0.032717 1.016552 0.998604 0.026426 -0.045734 -0.626581
-0.027283 0.032908 -0.999086 -82.941544 -0.026095 0.999094 0.033620 1.026092 0.999287 0.026988 -0.026399 -0.667786
-0.005474 0.034076 -0.999404 -83.651443 -0.026082 0.999074 0.034208 1.008810 0.999645 0.026253 -0.004581 -0.659719
0.019294 0.033618 -0.999249 -84.310349 -0.025299 0.999131 0.033126 1.042338 0.999494 0.024640 0.020128 -0.598954
0.049239 0.033345 -0.998230 -84.991875 -0.024747 0.999176 0.032156 1.057559 0.998480 0.023120 0.050024 -0.555622
0.083931 0.033630 -0.995904 -85.599243 -0.024246 0.999203 0.031698 1.067717 0.996177 0.021486 0.084679 -0.501047
0.121032 0.034185 -0.992060 -86.186913 -0.023693 0.999222 0.031541 1.070401 0.992366 0.019687 0.121748 -0.377453
0.162390 0.034553 -0.986121 -86.726410 -0.022336 0.999259 0.031335 1.051853 0.986474 0.016938 0.163042 -0.276432
0.207734 0.034958 -0.977560 -87.249825 -0.021358 0.999285 0.031196 1.068705 0.977952 0.014398 0.208333 -0.146404
0.255974 0.033382 -0.966107 -87.788994 -0.017983 0.999395 0.029768 1.066215 0.966516 0.009754 0.256420 0.036035
0.305841 0.028992 -0.951641 -88.272827 -0.009756 0.999579 0.027317 1.051772 0.952033 0.000929 0.305995 0.242836
0.356390 0.023144 -0.934050 -88.760086 -0.003875 0.999721 0.023292 1.061780 0.934329 -0.004682 0.356381 0.500214
0.408900 0.018761 -0.912386 -89.247574 0.001023 0.999779 0.021016 1.062060 0.912578 -0.009527 0.408791 0.773315
0.460113 0.017929 -0.887679 -89.688103 0.000509 0.999791 0.020457 1.076859 0.887860 -0.009864 0.460007 1.038669
0.508736 0.016748 -0.860760 -90.149513 0.001221 0.999796 0.020175 1.087895 0.860922 -0.011315 0.508611 1.344306
0.553820 0.011984 -0.832550 -90.582870 0.010317 0.999721 0.021253 1.092338 0.832572 -0.020360 0.553542 1.702427
0.596865 0.006043 -0.802319 -90.953484 0.020582 0.999527 0.022841 1.086551 0.802078 -0.030146 0.596458 2.072275
0.639681 0.001429 -0.768639 -91.340858 0.022083 0.999551 0.020236 1.084544 0.768323 -0.029919 0.639363 2.457112
0.681079 -0.003404 -0.732202 -91.724800 0.019427 0.999721 0.013423 1.080994 0.731952 -0.023367 0.680955 2.858172
0.721079 -0.010016 -0.692780 -92.050880 0.015495 0.999878 0.001671 1.091725 0.692679 -0.011940 0.721147 3.269025
0.760071 -0.012606 -0.649717 -92.387009 0.011453 0.999916 -0.006001 1.087309 0.649739 -0.002880 0.760152 3.729702
0.797767 -0.012881 -0.602828 -92.719856 0.009295 0.999916 -0.009064 1.085660 0.602894 0.001628 0.797819 4.220602
0.831881 -0.014079 -0.554776 -93.034325 0.009829 0.999895 -0.010636 1.077740 0.554867 0.003396 0.831932 4.775483
0.863096 -0.013623 -0.504857 -93.363380 0.007938 0.999879 -0.013411 1.081968 0.504978 0.007568 0.863099 5.370276
0.888571 -0.012918 -0.458558 -93.596786 0.008464 0.999895 -0.011766 1.063160 0.458661 0.006573 0.888587 5.958354
0.910518 -0.004804 -0.413442 -93.868805 0.000509 0.999945 -0.010498 1.036886 0.413470 0.009348 0.910470 6.587636
0.928278 0.000405 -0.371886 -94.104340 -0.005262 0.999914 -0.012046 1.019296 0.371849 0.013139 0.928200 7.237758
0.941790 0.006843 -0.336133 -94.323456 -0.010928 0.999888 -0.010263 0.999055 0.336025 0.013339 0.941759 7.935852
0.952265 0.005457 -0.305224 -94.591812 -0.008522 0.999926 -0.008711 0.999643 0.305154 0.010897 0.952241 8.702723
0.959627 0.003464 -0.281255 -94.794342 -0.005607 0.999961 -0.006814 0.980906 0.281221 0.008116 0.959609 9.465611
0.965651 0.004760 -0.259797 -95.010185 -0.006416 0.999964 -0.005528 0.981643 0.259762 0.007005 0.965647 10.287936
0.970181 0.007534 -0.242265 -95.192558 -0.008397 0.999961 -0.002530 0.960365 0.242236 0.004489 0.970207 11.115497
0.973970 0.012509 -0.226332 -95.411057 -0.013171 0.999912 -0.001412 0.959726 0.226294 0.004356 0.974049 11.967404
0.976945 0.016144 -0.212879 -95.603317 -0.016485 0.999864 0.000174 0.943963 0.212853 0.003339 0.977079 12.822547
0.979728 0.014526 -0.199807 -95.775581 -0.014822 0.999890 0.000017 0.934213 0.199786 0.002945 0.979835 13.702981
0.982320 0.014410 -0.186656 -95.933121 -0.014812 0.999890 -0.000759 0.924123 0.186625 0.003510 0.982425 14.603831
0.984967 0.015153 -0.172078 -96.094559 -0.015374 0.999882 0.000048 0.907557 0.172058 0.002598 0.985083 15.564637
0.987355 0.015933 -0.157722 -96.246582 -0.016065 0.999871 0.000439 0.897811 0.157709 0.002100 0.987484 16.528406
0.989282 0.016658 -0.145065 -96.400406 -0.017202 0.999849 -0.002495 0.888266 0.145001 0.004964 0.989419 17.510784
0.990828 0.017059 -0.134050 -96.528564 -0.018180 0.999809 -0.007144 0.862415 0.133903 0.009515 0.990949 18.485378
0.992108 0.015657 -0.124409 -96.661087 -0.017506 0.999752 -0.013783 0.849342 0.124162 0.015852 0.992135 19.507254
0.992976 0.015851 -0.117252 -96.761856 -0.017596 0.999749 -0.013869 0.826883 0.117003 0.015835 0.993005 20.528221
0.993809 0.017284 -0.109746 -96.901649 -0.018283 0.999800 -0.008103 0.816860 0.109584 0.010060 0.993927 21.581062
0.994247 0.022179 -0.104794 -97.019081 -0.022267 0.999752 0.000328 0.784070 0.104776 0.002007 0.994494 22.620058
0.994650 0.022662 -0.100784 -97.131790 -0.022375 0.999742 0.003979 0.768348 0.100848 -0.001702 0.994900 23.692530
0.995039 0.021932 -0.097042 -97.244591 -0.021744 0.999759 0.002989 0.748549 0.097084 -0.000864 0.995276 24.731972
0.995330 0.020889 -0.094239 -97.333740 -0.020832 0.999782 0.001596 0.740717 0.094252 0.000374 0.995548 25.756710
0.995500 0.019644 -0.092701 -97.398155 -0.019342 0.999804 0.004160 0.718993 0.092765 -0.002348 0.995685 26.810637
0.995940 0.020160 -0.087729 -97.562737 -0.019688 0.999787 0.006253 0.702525 0.087837 -0.004500 0.996125 27.874765
0.996070 0.014465 -0.087378 -97.555267 -0.013715 0.999864 0.009179 0.686355 0.087499 -0.007944 0.996133 28.869200
0.996405 0.014432 -0.083480 -97.701256 -0.014107 0.999890 0.004479 0.686784 0.083536 -0.003285 0.996499 29.914385
0.996526 0.018866 -0.081121 -97.820030 -0.019182 0.999811 -0.003118 0.674983 0.081047 0.004663 0.996699 30.975863
0.996633 0.019197 -0.079717 -97.903488 -0.020103 0.999742 -0.010570 0.647727 0.079493 0.012137 0.996762 31.985096
0.996317 0.019017 -0.083607 -97.753738 -0.020322 0.999684 -0.014788 0.644559 0.083300 0.016433 0.996389 32.991505
0.996884 0.019473 -0.076446 -98.063194 -0.020506 0.999708 -0.012747 0.604574 0.076175 0.014274 0.996992 34.037357
0.996970 0.023280 -0.074227 -98.138214 -0.023961 0.999678 -0.008295 0.562233 0.074010 0.010048 0.997207 34.985451
0.997082 0.026460 -0.071608 -98.233307 -0.026794 0.999634 -0.003703 0.541072 0.071483 0.005611 0.997426 36.074074
0.997362 0.023182 -0.068789 -98.320694 -0.023337 0.999727 -0.001448 0.505324 0.068736 0.003050 0.997630 37.109802
0.997420 0.019588 -0.069057 -98.340225 -0.019715 0.999805 -0.001148 0.483732 0.069021 0.002507 0.997612 38.036198
0.997517 0.018335 -0.067992 -98.409409 -0.018467 0.999829 -0.001313 0.462967 0.067956 0.002565 0.997685 39.055641
0.997625 0.018657 -0.066311 -98.490883 -0.018936 0.999814 -0.003584 0.447471 0.066232 0.004831 0.997793 40.151367
0.997683 0.016605 -0.065984 -98.547134 -0.016964 0.999844 -0.004883 0.431952 0.065892 0.005991 0.997809 41.161739
0.997762 0.016919 -0.064685 -98.626564 -0.017294 0.999837 -0.005238 0.416282 0.064586 0.006345 0.997892 42.210854
0.997761 0.019835 -0.063871 -98.700264 -0.020161 0.999787 -0.004458 0.400420 0.063769 0.005735 0.997948 43.288849
0.997738 0.020506 -0.064013 -98.743027 -0.020874 0.999769 -0.005088 0.379726 0.063894 0.006413 0.997936 44.316669
0.997636 0.018367 -0.066218 -98.810745 -0.018722 0.999813 -0.004745 0.342587 0.066119 0.005973 0.997794 45.289188
0.997581 0.016247 -0.067583 -98.930130 -0.016586 0.999853 -0.004447 0.332868 0.067501 0.005557 0.997704 46.348854
0.997304 0.019341 -0.070779 -99.005325 -0.019782 0.999789 -0.005533 0.347192 0.070657 0.006918 0.997477 47.412243
0.997070 0.020667 -0.073657 -99.114059 -0.021076 0.999766 -0.004786 0.288614 0.073541 0.006324 0.997272 48.483212
0.996822 0.021483 -0.076714 -99.194557 -0.022305 0.999702 -0.009873 0.272202 0.076479 0.011553 0.997004 49.577091
0.996753 0.022851 -0.077209 -99.361595 -0.023996 0.999615 -0.013929 0.258555 0.076861 0.015737 0.996918 50.697212
0.996555 0.020806 -0.080280 -99.395653 -0.022079 0.999644 -0.014991 0.217161 0.079940 0.016712 0.996660 51.765984
0.996396 0.022975 -0.081657 -99.524933 -0.024155 0.999617 -0.013489 0.202554 0.081316 0.015412 0.996569 52.847755
0.996271 0.019731 -0.083991 -99.625999 -0.020880 0.999700 -0.012820 0.159622 0.083713 0.014526 0.996384 53.986107
0.996111 0.020287 -0.085737 -99.733322 -0.021301 0.999713 -0.010937 0.128099 0.085490 0.012721 0.996258 55.146919
0.995956 0.019891 -0.087617 -99.803635 -0.020583 0.999764 -0.006994 0.097383 0.087458 0.008769 0.996130 56.291164
0.995844 0.018771 -0.089117 -99.906136 -0.019076 0.999815 -0.002565 0.083893 0.089052 0.004254 0.996018 57.438053
0.995919 0.018662 -0.088304 -100.018867 -0.018721 0.999825 0.000158 0.055333 0.088291 0.001495 0.996094 58.600868
0.996088 0.021985 -0.085585 -100.157990 -0.022057 0.999757 0.000106 0.038984 0.085566 0.001782 0.996331 59.743153
0.996216 0.022429 -0.083969 -100.226463 -0.022592 0.999744 -0.000992 0.016745 0.083925 0.002886 0.996468 60.924454
0.996424 0.020102 -0.082073 -100.337463 -0.020408 0.999788 -0.002900 -0.006804 0.081997 0.004564 0.996622 62.075645
0.996615 0.015824 -0.080679 -100.435860 -0.016260 0.999856 -0.004751 -0.029330 0.080592 0.006047 0.996729 63.259003
0.996836 0.013975 -0.078245 -100.537361 -0.014380 0.999886 -0.004624 -0.044625 0.078172 0.005734 0.996924 64.378906
0.996804 0.012000 -0.078985 -100.540482 -0.012123 0.999926 -0.001081 -0.101922 0.078966 0.002035 0.996875 65.440872
0.997046 0.010409 -0.076094 -100.725723 -0.010353 0.999946 0.001133 -0.122815 0.076102 -0.000342 0.997100 66.719055
0.997015 0.010200 -0.076536 -100.762550 -0.010177 0.999948 0.000691 -0.125537 0.076539 0.000090 0.997067 67.936775
0.997153 0.012058 -0.074434 -100.905823 -0.012269 0.999922 -0.002377 -0.152025 0.074399 0.003283 0.997223 69.106712
0.997144 0.015705 -0.073868 -100.972099 -0.016398 0.999827 -0.008782 -0.164411 0.073717 0.009968 0.997229 70.244469
0.997143 0.016427 -0.073731 -101.039108 -0.017466 0.999757 -0.013462 -0.223807 0.073492 0.014711 0.997187 71.430809
0.997126 0.020297 -0.072998 -101.152138 -0.021776 0.999572 -0.019529 -0.240730 0.072571 0.021062 0.997141 72.536736
0.997197 0.021067 -0.071800 -101.246040 -0.022565 0.999543 -0.020116 -0.278489 0.071343 0.021679 0.997216 73.686043
0.997253 0.017193 -0.072044 -101.317635 -0.018283 0.999728 -0.014508 -0.306040 0.071775 0.015786 0.997296 74.847084
0.997230 0.017364 -0.072323 -101.408989 -0.017777 0.999829 -0.005066 -0.355425 0.072222 0.006337 0.997368 76.035606
0.997195 0.016494 -0.073003 -101.515533 -0.016347 0.999863 0.002611 -0.385785 0.073037 -0.001410 0.997328 77.127060
0.997014 0.014058 -0.075938 -101.582481 -0.014071 0.999901 0.000369 -0.405103 0.075936 0.000701 0.997112 78.236549
0.996922 0.009289 -0.077842 -101.676422 -0.009559 0.999950 -0.003094 -0.424049 0.077810 0.003829 0.996961 79.373474
0.996735 0.008178 -0.080334 -101.767624 -0.008566 0.999953 -0.004489 -0.458406 0.080293 0.005162 0.996758 80.494553
0.996530 0.010204 -0.082606 -101.890022 -0.010801 0.999919 -0.006784 -0.481605 0.082530 0.007653 0.996559 81.573051
0.996233 0.012157 -0.085866 -101.992058 -0.013078 0.999863 -0.010170 -0.514749 0.085731 0.011254 0.996255 82.672905
0.995938 0.012561 -0.089160 -102.119751 -0.013822 0.999813 -0.013544 -0.542977 0.088973 0.014721 0.995925 83.768303
0.995565 0.013799 -0.093055 -102.225182 -0.015455 0.999734 -0.017096 -0.583504 0.092794 0.018458 0.995514 84.859062
0.995150 0.019488 -0.096417 -102.335686 -0.021295 0.999616 -0.017752 -0.600811 0.096034 0.019719 0.995183 85.943253
0.994687 0.022941 -0.100355 -102.447891 -0.024667 0.999568 -0.015987 -0.633413 0.099945 0.018377 0.994823 87.031693
0.994233 0.026535 -0.103911 -102.587830 -0.027742 0.999563 -0.010189 -0.666235 0.103596 0.013013 0.994534 88.079582
0.993821 0.027355 -0.107568 -102.709419 -0.028006 0.999597 -0.004552 -0.693469 0.107400 0.007537 0.994187 89.188812
0.993256 0.026203 -0.112943 -102.839615 -0.026458 0.999650 -0.000760 -0.717319 0.112883 0.003743 0.993601 90.257401
0.992528 0.025903 -0.119234 -102.973946 -0.026047 0.999661 0.000354 -0.739735 0.119203 0.002755 0.992866 91.317184
0.991829 0.023944 -0.125308 -103.092911 -0.023654 0.999713 0.003799 -0.759076 0.125363 -0.000804 0.992111 92.389969
0.990941 0.026004 -0.131753 -103.245865 -0.025873 0.999662 0.002704 -0.762318 0.131779 0.000729 0.991279 93.443291
0.990063 0.031189 -0.137123 -103.419418 -0.031249 0.999510 0.001720 -0.770305 0.137110 0.002582 0.990553 94.478210
0.989105 0.030834 -0.143947 -103.562103 -0.031343 0.999508 -0.001273 -0.802865 0.143837 0.005770 0.989585 95.503807
0.988244 0.027870 -0.150320 -103.726952 -0.028819 0.999576 -0.004140 -0.822361 0.150141 0.008423 0.988629 96.551849
0.987377 0.029200 -0.155674 -103.889275 -0.030353 0.999527 -0.005034 -0.849127 0.155453 0.009695 0.987796 97.563866
0.986578 0.030476 -0.160425 -104.064507 -0.030898 0.999523 -0.000137 -0.843208 0.160344 0.005092 0.987048 98.637794
0.985552 0.033715 -0.165983 -104.248245 -0.033571 0.999430 0.003675 -0.868457 0.166012 0.001951 0.986122 99.576149
0.984536 0.034131 -0.171823 -104.435310 -0.033556 0.999417 0.006250 -0.906877 0.171936 -0.000388 0.985108 100.578979
0.983231 0.029939 -0.179888 -104.604408 -0.030046 0.999546 0.002133 -0.905705 0.179870 0.003307 0.983685 101.622261
0.981838 0.029492 -0.187413 -104.821312 -0.030954 0.999509 -0.004882 -0.920037 0.187177 0.010595 0.982269 102.527939
0.980181 0.026544 -0.196317 -105.035217 -0.028476 0.999570 -0.007025 -0.927810 0.196046 0.012476 0.980515 103.458206
0.978012 0.026276 -0.206888 -105.254410 -0.027644 0.999611 -0.003721 -0.952262 0.206709 0.009358 0.978358 104.458138
0.975574 0.027108 -0.217991 -105.475052 -0.027240 0.999626 0.002402 -0.975215 0.217975 0.003595 0.975948 105.462288
0.973008 0.029963 -0.228818 -105.737335 -0.028443 0.999546 0.009939 -0.982103 0.229012 -0.003162 0.973419 106.407768
0.970474 0.030189 -0.239307 -106.012177 -0.027787 0.999524 0.013409 -0.988342 0.239598 -0.006364 0.970851 107.351524
0.967214 0.033692 -0.251718 -106.236458 -0.032427 0.999432 0.009172 -0.990421 0.251884 -0.000708 0.967757 108.254639
0.963802 0.032429 -0.264641 -106.507011 -0.033504 0.999438 0.000451 -1.026788 0.264507 0.008432 0.964347 109.320389
0.960436 0.030573 -0.276818 -106.795937 -0.033101 0.999442 -0.004462 -1.039141 0.276527 0.013449 0.960912 110.250145
0.956933 0.029292 -0.288826 -107.095123 -0.030411 0.999537 0.000613 -1.054633 0.288710 0.008197 0.957381 111.183807
0.953500 0.028726 -0.300021 -107.415649 -0.027468 0.999587 0.008412 -1.087369 0.300139 0.000220 0.953895 112.150558
0.949598 0.030215 -0.312009 -107.733223 -0.027499 0.999536 0.013102 -1.061374 0.312260 -0.003862 0.949989 113.147667
0.945503 0.027523 -0.324447 -108.070557 -0.025279 0.999619 0.011130 -1.062599 0.324629 -0.002322 0.945838 114.084076
0.941563 0.025540 -0.335866 -108.429909 -0.024685 0.999672 0.006815 -1.071149 0.335930 0.001874 0.941885 115.033882
0.938437 0.022557 -0.344714 -108.774979 -0.023943 0.999713 0.000237 -1.090466 0.344620 0.008031 0.938708 115.971222
0.935589 0.018481 -0.352607 -109.140053 -0.021915 0.999743 -0.005748 -1.105607 0.352410 0.013105 0.935754 116.924393
0.932694 0.017415 -0.360249 -109.484352 -0.021674 0.999735 -0.007786 -1.113070 0.360017 0.015070 0.932824 117.856628
0.929544 0.023851 -0.367938 -109.863373 -0.028498 0.999568 -0.007199 -1.158244 0.367608 0.017178 0.929822 118.750412
0.926495 0.022399 -0.375641 -110.274445 -0.026291 0.999641 -0.005238 -1.161057 0.375388 0.014729 0.926751 119.727310
0.923214 0.022995 -0.383598 -110.663216 -0.024482 0.999700 0.001007 -1.168872 0.383506 0.008461 0.923500 120.661842
0.920436 0.026012 -0.390026 -111.074760 -0.024266 0.999661 0.009403 -1.187398 0.390138 0.000810 0.920756 121.605225
0.917761 0.035873 -0.395509 -111.504219 -0.032021 0.999354 0.016337 -1.199484 0.395839 -0.002328 0.918317 122.534805
0.914910 0.041917 -0.401475 -111.938461 -0.039759 0.999115 0.013709 -1.209424 0.401694 0.003419 0.915767 123.461517
0.912395 0.037501 -0.407588 -112.355492 -0.038365 0.999245 0.006055 -1.214314 0.407508 0.010112 0.913146 124.404724
0.910002 0.029980 -0.413519 -112.717064 -0.033536 0.999437 -0.001341 -1.216922 0.413246 0.015088 0.910494 125.302887
0.908576 0.031029 -0.416566 -113.163437 -0.035140 0.999380 -0.002203 -1.226496 0.416239 0.016639 0.909103 126.178680
0.906596 0.037530 -0.420327 -113.666779 -0.039947 0.999197 0.003053 -1.239962 0.420104 0.014023 0.907368 127.178696
0.904131 0.039911 -0.425387 -114.133530 -0.040650 0.999146 0.007345 -1.254092 0.425317 0.010651 0.904982 128.114349
0.901829 0.037140 -0.430495 -114.561371 -0.038605 0.999240 0.005335 -1.266463 0.430366 0.011808 0.902577 129.038498
0.899464 0.035273 -0.435568 -115.019218 -0.039626 0.999214 -0.000911 -1.275903 0.435194 0.018079 0.900155 129.960281
0.897311 0.031698 -0.440259 -115.489784 -0.038779 0.999223 -0.007094 -1.303051 0.439692 0.023438 0.897843 130.863312
0.895038 0.032591 -0.444797 -115.951492 -0.040474 0.999147 -0.008232 -1.323972 0.444149 0.025371 0.895593 131.764496
0.893206 0.035089 -0.448276 -116.436378 -0.041299 0.999138 -0.004081 -1.337409 0.447746 0.022159 0.893886 132.663467
0.891108 0.037391 -0.452249 -116.904808 -0.042680 0.999088 -0.001493 -1.370840 0.451781 0.020632 0.891891 133.569382
0.888451 0.037441 -0.457441 -117.373070 -0.042637 0.999090 -0.001037 -1.382895 0.456986 0.020426 0.889239 134.497299
0.886466 0.036090 -0.461385 -117.891045 -0.041706 0.999128 -0.001976 -1.398753 0.460911 0.020994 0.887198 135.426483
0.884506 0.035649 -0.465164 -118.382812 -0.041437 0.999139 -0.002219 -1.415210 0.464684 0.021238 0.885222 136.335312
0.882176 0.034086 -0.469685 -118.869469 -0.039421 0.999222 -0.001526 -1.438985 0.469268 0.019862 0.882833 137.216888
0.880183 0.036340 -0.473240 -119.381248 -0.042206 0.999107 -0.001778 -1.443696 0.472753 0.021539 0.880931 138.127319
0.877445 0.037493 -0.478210 -119.819832 -0.042859 0.999081 -0.000309 -1.509341 0.477759 0.020767 0.878246 138.984222
0.875009 0.032578 -0.483009 -120.307327 -0.039842 0.999195 -0.004782 -1.512929 0.482464 0.023428 0.875602 139.867584
0.868413 0.029886 -0.494940 -120.335709 -0.037926 0.999261 -0.006206 -1.639923 0.494389 0.024161 0.868905 140.683609
0.868810 0.028909 -0.494300 -121.104637 -0.038838 0.999197 -0.009827 -1.634454 0.493619 0.027735 0.869236 141.578094
0.870371 0.030372 -0.491459 -122.030045 -0.040017 0.999157 -0.009123 -1.571956 0.490767 0.027608 0.870853 142.561523
0.869768 0.032481 -0.492392 -122.649422 -0.038305 0.999264 -0.001746 -1.538595 0.491973 0.020379 0.870372 143.439713
0.863667 0.035699 -0.502797 -122.675209 -0.034993 0.999329 0.010845 -1.654449 0.502846 0.008228 0.864337 144.224442
0.859881 0.037840 -0.509090 -122.927376 -0.032893 0.999283 0.018718 -1.755223 0.509433 0.000650 0.860510 145.002747
0.858176 0.034561 -0.512191 -123.355927 -0.029261 0.999402 0.018410 -1.771862 0.512522 -0.000812 0.858674 145.711533
0.852956 0.036064 -0.520735 -123.593788 -0.030794 0.999349 0.018770 -1.902291 0.521073 0.000025 0.853512 146.568909
0.850801 0.038598 -0.524068 -123.928101 -0.032949 0.999255 0.020104 -2.031005 0.524454 0.000163 0.851439 147.181961
0.854000 0.031257 -0.519333 -124.811401 -0.029217 0.999500 0.012113 -1.827474 0.519451 0.004829 0.854486 147.988846
0.861436 0.024024 -0.507297 -125.977951 -0.025226 0.999672 0.004506 -1.649529 0.507239 0.008915 0.861759 148.778656
0.854707 0.029945 -0.518246 -126.003334 -0.027410 0.999546 0.012551 -1.870246 0.518386 0.003478 0.855140 149.479446
0.856967 0.027568 -0.514634 -126.639626 -0.025724 0.999612 0.010711 -1.774041 0.514730 0.004060 0.857343 150.120087
0.853254 0.028505 -0.520716 -126.823158 -0.024693 0.999593 0.014257 -1.859330 0.520911 0.000694 0.853611 150.679443
0.854024 0.021581 -0.519786 -127.451103 -0.020668 0.999758 0.007550 -1.687038 0.519824 0.004296 0.854263 151.473236
0.851532 0.023498 -0.523776 -127.705971 -0.020651 0.999723 0.011277 -1.816180 0.523896 0.001214 0.851781 152.003662
0.846277 0.026013 -0.532108 -127.665024 -0.024142 0.999654 0.010473 -1.877358 0.532196 0.003983 0.846612 152.399475
0.844426 0.022277 -0.535209 -127.983276 -0.023239 0.999718 0.004947 -1.843683 0.535168 0.008260 0.844706 152.923843
0.841462 0.018959 -0.539983 -128.290161 -0.020167 0.999790 0.003677 -1.870918 0.539940 0.007796 0.841668 153.449142
0.838673 0.015699 -0.544409 -128.594757 -0.015717 0.999866 0.004622 -1.892557 0.544409 0.004680 0.838807 153.949753
0.836452 0.017258 -0.547768 -128.941238 -0.016287 0.999845 0.006631 -1.909052 0.547798 0.003374 0.836604 154.379715
0.832147 0.019705 -0.554206 -129.220581 -0.018833 0.999796 0.007270 -1.881719 0.554236 0.004388 0.832348 154.815536
0.827887 0.025754 -0.560303 -129.485275 -0.023018 0.999664 0.011938 -1.888502 0.560422 0.003013 0.828201 155.227448
0.823724 0.033017 -0.566028 -129.768799 -0.025082 0.999448 0.021798 -1.954308 0.566436 -0.003758 0.824097 155.621445
0.818231 0.033910 -0.573889 -129.997818 -0.024372 0.999408 0.024303 -1.923775 0.574373 -0.005899 0.818572 156.000381
0.812109 0.030650 -0.582700 -130.209900 -0.019745 0.999491 0.025056 -1.910213 0.583172 -0.008843 0.812301 156.361954
0.805599 0.030083 -0.591698 -130.468811 -0.016957 0.999472 0.027727 -1.946508 0.592219 -0.012303 0.805683 156.670609
0.799881 0.028233 -0.599494 -130.793640 -0.014170 0.999503 0.028165 -1.934127 0.599991 -0.014034 0.799884 156.909561
0.789494 0.028870 -0.613079 -131.020279 -0.013648 0.999472 0.029490 -1.938074 0.613606 -0.014915 0.789471 157.178329
0.776789 0.030365 -0.629029 -131.237366 -0.015454 0.999455 0.029162 -1.936507 0.629571 -0.012932 0.776835 157.437027
0.762627 0.029501 -0.646165 -131.443314 -0.015289 0.999502 0.027587 -1.950465 0.646657 -0.011159 0.762699 157.655289
0.747623 0.026403 -0.663599 -131.652054 -0.015926 0.999635 0.021831 -1.935416 0.663933 -0.005753 0.747770 157.861115
0.731846 0.021961 -0.681116 -131.848312 -0.014896 0.999757 0.016230 -1.925468 0.681307 -0.001732 0.731995 158.063950
0.715868 0.023371 -0.697844 -132.052979 -0.018960 0.999722 0.014032 -1.952852 0.697978 0.003186 0.716112 158.258759
0.702001 0.026154 -0.711696 -132.298203 -0.026543 0.999592 0.010552 -1.914828 0.711682 0.011483 0.702408 158.387390
0.684374 0.027380 -0.728617 -132.523911 -0.028809 0.999530 0.010501 -1.897557 0.728562 0.013804 0.684841 158.568008
0.665273 0.025500 -0.746165 -132.738190 -0.025724 0.999606 0.011226 -1.878705 0.746157 0.011726 0.665666 158.752518
0.643943 0.025403 -0.764652 -132.940262 -0.022485 0.999645 0.014275 -1.895477 0.764743 0.008001 0.644286 158.936707
0.620607 0.027239 -0.783649 -133.161011 -0.022516 0.999603 0.016914 -1.889750 0.783798 0.007148 0.620974 159.111923
0.596631 0.032176 -0.801871 -133.420456 -0.025668 0.999450 0.021005 -1.893816 0.802105 0.008050 0.597129 159.251877
0.574870 0.036785 -0.817418 -133.687744 -0.028000 0.999288 0.025278 -1.892727 0.817766 0.008356 0.575491 159.326218
0.549212 0.039463 -0.834750 -133.940125 -0.029077 0.999182 0.028107 -1.886325 0.835177 0.008835 0.549910 159.458069
0.522875 0.043465 -0.851300 -134.189896 -0.031707 0.999000 0.031532 -1.898926 0.851819 0.010505 0.523730 159.574310
0.496954 0.047218 -0.866491 -134.468475 -0.035483 0.998789 0.034077 -1.882165 0.867051 0.013811 0.498028 159.662079
0.468242 0.050886 -0.882134 -134.714874 -0.036689 0.998599 0.038130 -1.896845 0.882838 0.014510 0.469453 159.765808
0.438493 0.050430 -0.897319 -134.998230 -0.035165 0.998623 0.038939 -1.896099 0.898046 0.014480 0.439662 159.868240
0.407610 0.047673 -0.911911 -135.296906 -0.035192 0.998714 0.036480 -1.891378 0.912478 0.017222 0.408764 159.944672
0.373664 0.044465 -0.926498 -135.529205 -0.033542 0.998845 0.034410 -1.901396 0.926957 0.018219 0.374724 159.993759
0.335314 0.042505 -0.941147 -135.860077 -0.032877 0.998901 0.033400 -1.889557 0.941532 0.019743 0.336343 160.060242
0.294434 0.041829 -0.954756 -136.213135 -0.032046 0.998912 0.033881 -1.877319 0.955134 0.020621 0.295454 160.119110
0.251857 0.040665 -0.966910 -136.594223 -0.030375 0.998957 0.034101 -1.876438 0.967288 0.020782 0.252829 160.160095
0.206733 0.038596 -0.977636 -136.984222 -0.030015 0.999002 0.033093 -1.861847 0.977937 0.022502 0.207685 160.167770
0.155802 0.036514 -0.987113 -137.409790 -0.028071 0.999077 0.032526 -1.837778 0.987389 0.022641 0.156683 160.226242
0.103878 0.036507 -0.993920 -137.916428 -0.023788 0.999131 0.034213 -1.839070 0.994305 0.020090 0.104656 160.256149
0.052722 0.039042 -0.997846 -138.389008 -0.021093 0.999056 0.037975 -1.840989 0.998386 0.019045 0.053496 160.215454
0.000205 0.042451 -0.999099 -138.879959 -0.016449 0.998963 0.042442 -1.835960 0.999865 0.016425 0.000903 160.156662
-0.054405 0.043319 -0.997579 -139.411423 -0.013840 0.998930 0.044132 -1.789577 0.998423 0.016207 -0.053747 160.108047
-0.106308 0.045842 -0.993276 -139.957596 -0.008173 0.998863 0.046975 -1.781597 0.994300 0.013112 -0.105813 159.981796
-0.158741 0.045144 -0.986288 -140.494019 -0.006415 0.998886 0.046753 -1.720769 0.987299 0.013749 -0.158275 159.837982
-0.211421 0.043668 -0.976419 -141.040955 -0.004032 0.998954 0.045548 -1.653925 0.977387 0.013567 -0.211024 159.681961
-0.261669 0.043552 -0.964175 -141.624756 -0.000798 0.998971 0.045340 -1.601272 0.965157 0.012634 -0.261365 159.496948
-0.309459 0.044645 -0.949864 -142.214615 0.002072 0.998927 0.046276 -1.569069 0.950910 0.012352 -0.309220 159.247162
-0.356034 0.049031 -0.933186 -142.931335 0.013084 0.998786 0.047486 -1.587736 0.934381 0.004697 -0.356244 158.956955
-0.399921 0.050576 -0.915153 -143.576752 0.018816 0.998719 0.046971 -1.549755 0.916356 0.001565 -0.400361 158.628464
-0.442212 0.054297 -0.895266 -144.241440 0.025605 0.998523 0.047912 -1.556617 0.896545 -0.001736 -0.442949 158.271744
-0.480137 0.053946 -0.875533 -144.887939 0.027772 0.998542 0.046295 -1.492313 0.876754 -0.002087 -0.480935 157.872314
-0.513757 0.054269 -0.856218 -145.635101 0.028782 0.998526 0.046019 -1.467820 0.857453 -0.001001 -0.514562 157.386047
-0.541974 0.054966 -0.838596 -146.358704 0.030441 0.998488 0.045773 -1.438868 0.839844 -0.000720 -0.542828 156.885376
-0.564414 0.053402 -0.823763 -147.093475 0.030034 0.998573 0.044156 -1.382765 0.824945 0.000181 -0.565212 156.345200
-0.582371 0.052027 -0.811257 -147.830353 0.028091 0.998642 0.043878 -1.381317 0.812438 0.002764 -0.583041 155.830185
-0.595546 0.051291 -0.801682 -148.634476 0.027381 0.998676 0.043555 -1.333956 0.802854 0.003988 -0.596162 155.180984
-0.607457 0.052891 -0.792590 -149.487457 0.029815 0.998596 0.043787 -1.284738 0.793793 0.002967 -0.608181 154.543411
-0.616886 0.053162 -0.785255 -150.336426 0.029937 0.998579 0.044086 -1.249784 0.786483 0.003688 -0.617601 153.847061
-0.624342 0.054034 -0.779280 -151.185959 0.030685 0.998531 0.044652 -1.211861 0.780548 0.003966 -0.625083 153.113220
-0.632376 0.054570 -0.772737 -152.139389 0.030468 0.998496 0.045580 -1.182174 0.774062 0.005279 -0.633087 152.448120
-0.635919 0.054041 -0.769862 -152.963028 0.029720 0.998520 0.045543 -1.133453 0.771183 0.006081 -0.636584 151.633987
-0.639758 0.054399 -0.766649 -153.877502 0.030160 0.998501 0.045682 -1.084843 0.767985 0.006104 -0.640439 150.831818
-0.643754 0.054783 -0.763269 -154.854507 0.030743 0.998480 0.045735 -1.033532 0.764614 0.005977 -0.644460 150.034042
-0.645762 0.056287 -0.761461 -155.765060 0.031891 0.998397 0.046756 -1.016200 0.762873 0.005910 -0.646522 149.252548
-0.646750 0.056570 -0.760602 -156.749237 0.031773 0.998378 0.047238 -0.976580 0.762040 0.006385 -0.647498 148.416763
-0.647316 0.056376 -0.760134 -157.730820 0.032655 0.998397 0.046238 -0.915004 0.761522 0.005109 -0.648119 147.564865
-0.648221 0.055810 -0.759404 -158.747467 0.033212 0.998434 0.045027 -0.861745 0.760728 0.003966 -0.649059 146.710724
-0.648341 0.055414 -0.759331 -159.770309 0.033508 0.998458 0.044254 -0.815769 0.760612 0.003248 -0.649198 145.794006
-0.649060 0.056074 -0.758668 -160.830521 0.033720 0.998420 0.044946 -0.757922 0.759990 0.003591 -0.649925 144.883759
-0.649865 0.057534 -0.757869 -161.892700 0.033017 0.998327 0.047477 -0.710706 0.759332 0.005831 -0.650677 143.986771
-0.650803 0.059040 -0.756947 -162.974075 0.032085 0.998220 0.050273 -0.689417 0.758568 0.008431 -0.651539 143.063599
-0.652043 0.058397 -0.755929 -164.078140 0.031580 0.998256 0.049877 -0.633677 0.757524 0.008650 -0.652750 142.129990
-0.651833 0.057127 -0.756208 -165.212570 0.032434 0.998346 0.047462 -0.562154 0.757668 0.006410 -0.652608 141.077576
-0.652170 0.056857 -0.755938 -166.358765 0.033615 0.998372 0.046090 -0.508268 0.757327 0.004648 -0.653019 140.074005
-0.652890 0.058650 -0.755179 -167.535583 0.036791 0.998276 0.045722 -0.450991 0.756559 0.002068 -0.653923 139.082336
-0.654196 0.058820 -0.754035 -168.770508 0.038782 0.998269 0.044225 -0.369023 0.755331 -0.000312 -0.655344 138.019989
-0.655050 0.057365 -0.753405 -169.883759 0.038621 0.998352 0.042436 -0.350452 0.754598 -0.001299 -0.656186 137.049240
-0.655500 0.053720 -0.753282 -171.009720 0.037594 0.998551 0.038498 -0.317025 0.754258 -0.003083 -0.656570 136.009430
-0.656056 0.049909 -0.753060 -172.187546 0.035763 0.998746 0.035036 -0.272073 0.753865 -0.003947 -0.657018 134.967712
-0.656363 0.046457 -0.753014 -173.460556 0.032101 0.998918 0.033648 -0.208304 0.753762 -0.002087 -0.657144 133.868362
-0.655687 0.048049 -0.753503 -174.639999 0.032050 0.998845 0.035804 -0.186155 0.754352 -0.000674 -0.656469 132.791809
-0.655195 0.050246 -0.753787 -175.839432 0.031604 0.998735 0.039103 -0.152380 0.754798 0.001797 -0.655955 131.699539
-0.655828 0.052802 -0.753061 -177.131622 0.033525 0.998604 0.040822 -0.073089 0.754165 0.001526 -0.656683 130.595123
-0.656478 0.056624 -0.752217 -178.435440 0.036170 0.998395 0.043589 -0.046872 0.753477 0.001408 -0.657472 129.464706
-0.657938 0.057664 -0.750861 -179.788666 0.036225 0.998333 0.044928 -0.030116 0.752200 0.002360 -0.658931 128.338638
-0.657276 0.058423 -0.751382 -181.005630 0.037015 0.998290 0.045242 0.022321 0.752740 0.001924 -0.658315 127.192200
-0.657699 0.057181 -0.751107 -182.278595 0.033460 0.998348 0.046704 0.005897 0.752537 0.005585 -0.658526 126.075089
-0.657208 0.058728 -0.751418 -183.434036 0.036443 0.998270 0.046146 0.155827 0.752828 0.002944 -0.658211 125.073845
-0.658233 0.062207 -0.750239 -184.738022 0.039654 0.998062 0.047965 0.236313 0.751769 0.001822 -0.659424 123.975952
-0.657796 0.060600 -0.750755 -185.950760 0.036954 0.998154 0.048191 0.271294 0.752289 0.003957 -0.658821 122.854179
-0.657948 0.059747 -0.750690 -187.202911 0.037028 0.998209 0.046993 0.334181 0.752153 0.003122 -0.658981 121.714996
-0.658569 0.059262 -0.750184 -188.476990 0.036753 0.998238 0.046592 0.359917 0.751623 0.003112 -0.659586 120.545601
-0.659533 0.058857 -0.749368 -189.710541 0.037769 0.998265 0.045164 0.427477 0.750726 0.001484 -0.660612 119.464943
-0.661676 0.060312 -0.747360 -191.004883 0.039158 0.998179 0.045884 0.465668 0.748767 0.001095 -0.662833 118.434517
-0.659767 0.058943 -0.749155 -192.147964 0.037281 0.998259 0.045709 0.495533 0.750545 0.002228 -0.660816 117.205948
-0.662413 0.059937 -0.746737 -193.406448 0.039029 0.998202 0.045499 0.548508 0.748122 0.000995 -0.663561 116.240303
-0.662623 0.058200 -0.746688 -194.588837 0.037830 0.998304 0.044241 0.602955 0.747997 0.001068 -0.663701 115.172058
-0.662616 0.057794 -0.746726 -195.858353 0.036733 0.998326 0.044671 0.641503 0.748058 0.002170 -0.663630 113.997017
-0.663039 0.056044 -0.746484 -197.050354 0.033421 0.998415 0.045273 0.657792 0.747839 0.005069 -0.663861 112.919533
-0.662312 0.054715 -0.747227 -198.262344 0.032320 0.998488 0.044467 0.735341 0.748530 0.005301 -0.663079 111.835220
-0.660594 0.052483 -0.748907 -199.452454 0.030001 0.998602 0.043518 0.764348 0.750144 0.006280 -0.661245 110.733978
-0.660378 0.052976 -0.749062 -200.705093 0.031497 0.998585 0.042855 0.801931 0.750273 0.004707 -0.661112 109.635521
-0.658475 0.052295 -0.750784 -201.928223 0.030696 0.998619 0.042635 0.854481 0.751976 0.005028 -0.659171 108.547546
-0.657716 0.054753 -0.751273 -203.184967 0.032826 0.998491 0.044033 0.919300 0.752550 0.004300 -0.658521 107.454430
-0.657066 0.060948 -0.751365 -204.428436 0.036058 0.998126 0.049432 0.961992 0.752970 0.005387 -0.658033 106.392914
-0.655866 0.067439 -0.751859 -205.700302 0.039311 0.997701 0.055198 1.038525 0.753853 0.006646 -0.657009 105.284660
-0.655088 0.068772 -0.752417 -206.895950 0.038787 0.997597 0.057412 1.083295 0.754557 0.008426 -0.656181 104.196907
-0.655026 0.064753 -0.752826 -208.121368 0.037770 0.997882 0.052968 1.141443 0.754662 0.006262 -0.656084 103.114845
-0.654581 0.060570 -0.753561 -209.337982 0.036580 0.998155 0.048455 1.188890 0.755106 0.004152 -0.655589 102.006851
-0.655170 0.062020 -0.752931 -210.545853 0.038750 0.998072 0.048494 1.249243 0.754487 0.002596 -0.656310 101.013618
-0.655907 0.063972 -0.752126 -211.756729 0.037787 0.997936 0.051927 1.296304 0.753895 0.005638 -0.656970 100.009102
-0.656383 0.066139 -0.751523 -212.989075 0.039665 0.997797 0.053169 1.359231 0.753385 0.005090 -0.657560 98.934959
-0.655963 0.064919 -0.751996 -214.202271 0.039920 0.997884 0.051324 1.409862 0.753737 0.003647 -0.657166 97.796867
-0.656192 0.063887 -0.751885 -215.408005 0.039904 0.997953 0.049970 1.454312 0.753539 0.002787 -0.657398 96.722023
-0.658287 0.063172 -0.750111 -216.644119 0.039793 0.998000 0.049127 1.564622 0.751714 0.002490 -0.659484 95.702095
-0.657801 0.067592 -0.750152 -217.835846 0.039896 0.997694 0.054912 1.572581 0.752134 0.006193 -0.658981 94.600883
-0.658663 0.070916 -0.749089 -219.043701 0.041175 0.997454 0.058224 1.617210 0.751310 0.007506 -0.659906 93.547867
-0.659412 0.072700 -0.748259 -220.246857 0.042319 0.997325 0.059604 1.660671 0.750590 0.007638 -0.660724 92.500145
-0.659611 0.070844 -0.748261 -221.418869 0.042282 0.997469 0.057166 1.735954 0.750417 0.006069 -0.660937 91.453285
-0.659955 0.069406 -0.748093 -222.606003 0.042919 0.997581 0.054691 1.817726 0.750078 0.003986 -0.661337 90.384674
-0.659619 0.066774 -0.748628 -223.772919 0.039908 0.997752 0.053831 1.866298 0.750540 0.005632 -0.660801 89.315102
-0.659481 0.065427 -0.748869 -224.958786 0.038470 0.997837 0.053300 1.915359 0.750736 0.006341 -0.660572 88.257744
-0.659421 0.063272 -0.749107 -226.181976 0.035550 0.997962 0.052997 1.951898 0.750933 0.008316 -0.660326 87.197159
-0.658500 0.063097 -0.749931 -227.301361 0.035214 0.997971 0.053045 2.028840 0.751756 0.008522 -0.659386 86.192810
-0.658563 0.062163 -0.749953 -228.539764 0.033201 0.998012 0.053569 2.084450 0.751793 0.010380 -0.659318 85.106392
-0.657756 0.064258 -0.750486 -229.670914 0.036727 0.997905 0.053254 2.169123 0.752336 0.007465 -0.658738 84.124100
-0.656980 0.062026 -0.751352 -230.883896 0.034688 0.998041 0.052060 2.225319 0.753109 0.008139 -0.657845 82.957039
-0.656564 0.062081 -0.751711 -232.016434 0.036838 0.998057 0.050251 2.295249 0.753370 0.005301 -0.657576 81.982674
-0.656063 0.062022 -0.752154 -233.120392 0.036518 0.998059 0.050446 2.330504 0.753822 0.005629 -0.657054 81.012764
-0.656208 0.066348 -0.751658 -234.242279 0.041315 0.997792 0.052006 2.386463 0.753448 0.003072 -0.657500 80.166405
-0.655151 0.065695 -0.752636 -235.419113 0.040400 0.997833 0.051930 2.429091 0.754417 0.003616 -0.656385 79.018883
-0.655236 0.063103 -0.752784 -236.550247 0.039249 0.998003 0.049496 2.467435 0.754404 0.002885 -0.656404 78.057297
-0.655333 0.060856 -0.752884 -237.692993 0.041299 0.998145 0.044733 2.538851 0.754210 -0.001778 -0.656631 77.087341
-0.655081 0.060513 -0.753132 -238.779648 0.042816 0.998159 0.042958 2.602147 0.754345 -0.004105 -0.656466 76.163513
-0.654520 0.059310 -0.753714 -239.879883 0.038843 0.998240 0.044821 2.616050 0.755046 0.000060 -0.655672 75.240807
-0.652934 0.059745 -0.755055 -241.028564 0.038299 0.998213 0.045866 2.649636 0.756446 0.001030 -0.654056 74.131836
-0.652765 0.059902 -0.755189 -242.107162 0.038262 0.998204 0.046105 2.671571 0.756594 0.001201 -0.653884 73.154907
-0.653527 0.059451 -0.754565 -243.199234 0.038114 0.998231 0.045639 2.703709 0.755943 0.001067 -0.654637 72.268486
-0.653676 0.057815 -0.754563 -244.248276 0.036473 0.998326 0.044896 2.765040 0.755895 0.001827 -0.654690 71.411064
-0.654100 0.056119 -0.754324 -245.325287 0.035123 0.998422 0.043823 2.854964 0.755593 0.002171 -0.655038 70.504883
-0.653419 0.058131 -0.754761 -246.288803 0.037109 0.998308 0.044763 2.845403 0.756087 0.001240 -0.654470 69.567482
-0.653679 0.057882 -0.754555 -247.350189 0.037588 0.998323 0.044018 2.904668 0.755838 0.000411 -0.654759 68.645721
-0.654339 0.061041 -0.753733 -248.318451 0.040116 0.998135 0.046008 2.884814 0.755136 -0.000132 -0.655568 67.825523
-0.654306 0.061060 -0.753760 -249.335556 0.038329 0.998132 0.047584 2.937055 0.755258 0.002243 -0.655424 66.959801
-0.654596 0.063485 -0.753308 -250.331635 0.039024 0.997977 0.050194 2.951294 0.754971 0.003460 -0.655749 66.100929
-0.653869 0.064535 -0.753851 -251.227097 0.038492 0.997903 0.052040 2.984758 0.755628 0.005010 -0.654982 65.251617
-0.654718 0.066697 -0.752925 -252.188690 0.040023 0.997761 0.053583 3.006146 0.754813 0.004947 -0.655921 64.458183
-0.655226 0.068243 -0.752344 -253.130341 0.042551 0.997664 0.053437 3.071544 0.754234 0.003000 -0.656599 63.663570
-0.655071 0.069397 -0.752374 -254.001053 0.043015 0.997583 0.054562 3.053210 0.754342 0.003378 -0.656473 62.847240
-0.656639 0.069091 -0.751034 -254.860046 0.042934 0.997605 0.054236 3.144871 0.752982 0.003368 -0.658033 62.131317
-0.657346 0.070523 -0.750281 -255.741760 0.045425 0.997509 0.053963 3.178442 0.752218 0.001391 -0.658912 61.325542
-0.659221 0.069899 -0.748694 -256.572235 0.046404 0.997554 0.052274 3.222543 0.750516 -0.000283 -0.660852 60.578606
-0.663254 0.071172 -0.745003 -257.396271 0.050189 0.997457 0.050607 3.259355 0.746710 -0.003826 -0.665139 59.874290
-0.668044 0.072933 -0.740539 -258.182556 0.053536 0.997317 0.049927 3.287483 0.742193 -0.006292 -0.670157 59.120682
-0.675623 0.075287 -0.733393 -259.035980 0.057078 0.997128 0.049779 3.296376 0.735034 -0.008228 -0.677980 58.367363
-0.682907 0.076050 -0.726536 -259.705811 0.059853 0.997047 0.048107 3.400388 0.728049 -0.010633 -0.685442 57.605106
-0.693362 0.078306 -0.716322 -260.455475 0.061860 0.996877 0.049098 3.390574 0.717929 -0.010268 -0.696041 56.900951
-0.705036 0.080236 -0.704617 -261.160828 0.065566 0.996698 0.047890 3.449523 0.706133 -0.012435 -0.707969 56.157307
-0.718293 0.083303 -0.690735 -261.810699 0.069808 0.996425 0.047575 3.445718 0.692229 -0.014046 -0.721541 55.444237
-0.734071 0.086570 -0.673533 -262.484375 0.074594 0.996118 0.046734 3.465068 0.674964 -0.015936 -0.737679 54.700397
-0.751542 0.086996 -0.653924 -263.087372 0.076096 0.996082 0.045060 3.518480 0.655282 -0.015897 -0.755217 53.987602
-0.770507 0.085975 -0.631607 -263.661713 0.074616 0.996215 0.044582 3.552946 0.633049 -0.012777 -0.774006 53.221073
-0.790477 0.084743 -0.606601 -264.182739 0.072482 0.996366 0.044741 3.567530 0.608188 -0.008601 -0.793746 52.484333
-0.810665 0.083061 -0.579588 -264.638245 0.070360 0.996533 0.044402 3.580787 0.581267 -0.004784 -0.813699 51.720810
-0.832659 0.081183 -0.547803 -265.090942 0.068369 0.996699 0.043789 3.592166 0.549549 -0.000991 -0.835461 51.008369
-0.853973 0.082602 -0.513719 -265.473846 0.070010 0.996581 0.043862 3.612334 0.515586 0.001491 -0.856836 50.243389
-0.876704 0.079561 -0.474405 -265.807983 0.067454 0.996816 0.042516 3.630563 0.476277 0.005273 -0.879279 49.510681
-0.898383 0.071235 -0.433398 -266.065674 0.059968 0.997413 0.039631 3.622864 0.435100 0.009614 -0.900331 48.856747
-0.918421 0.059904 -0.391042 -266.317596 0.049955 0.998118 0.035574 3.626699 0.392437 0.013137 -0.919685 48.085129
-0.936116 0.050957 -0.347979 -266.554047 0.042547 0.998589 0.031772 3.631873 0.349107 0.014937 -0.936964 47.226971
-0.952148 0.043182 -0.302571 -266.731384 0.036766 0.998963 0.026872 3.626420 0.303417 0.014462 -0.952748 46.467594
-0.966193 0.041277 -0.254493 -266.892303 0.036636 0.999065 0.022951 3.650697 0.255202 0.012852 -0.966802 45.673424
-0.977903 0.040046 -0.205188 -267.017639 0.036160 0.999089 0.022653 3.641825 0.205908 0.014733 -0.978460 44.893600
-0.986854 0.039532 -0.156707 -267.066376 0.036363 0.999073 0.023039 3.648825 0.157473 0.017038 -0.987376 44.121086
-0.993794 0.032603 -0.106354 -267.080200 0.030034 0.999219 0.025670 3.643188 0.107108 0.022316 -0.993997 43.327957
-0.998188 0.023265 -0.055486 -267.057617 0.021596 0.999301 0.030503 3.630567 0.056157 0.029249 -0.997993 42.534855
-0.999769 0.021083 -0.004080 -266.997833 0.020928 0.999169 0.034971 3.601592 0.004814 0.034878 -0.999380 41.752262
-0.998564 0.023678 0.048060 -266.917419 0.025233 0.999169 0.032003 3.641480 -0.047263 0.033170 -0.998332 40.962826
-0.994468 0.032703 0.099823 -266.812622 0.035783 0.998932 0.029221 3.648047 -0.098761 0.032632 -0.994576 40.123203
-0.988266 0.034710 0.148745 -266.620850 0.038986 0.998903 0.025927 3.633075 -0.147682 0.031422 -0.988536 39.453274
-0.979464 0.035321 0.198500 -266.428162 0.040602 0.998920 0.022596 3.632843 -0.197487 0.030191 -0.979840 38.796043
-0.968142 0.035816 0.247828 -266.198975 0.041750 0.998953 0.018726 3.638014 -0.246897 0.028476 -0.968623 38.086330
-0.954179 0.035972 0.297068 -265.912964 0.042863 0.998941 0.016712 3.633402 -0.296152 0.028679 -0.954710 37.339756
-0.938081 0.039782 0.344125 -265.577240 0.047423 0.998779 0.013813 3.664694 -0.343155 0.029277 -0.938822 36.556160
-0.920027 0.042214 0.389575 -265.269775 0.050296 0.998678 0.010564 3.679702 -0.388614 0.029314 -0.920934 35.910660
-0.901801 0.038043 0.430474 -264.877380 0.047213 0.998828 0.010636 3.672150 -0.429565 0.029916 -0.902540 35.234253
-0.884017 0.031493 0.466392 -264.430084 0.043758 0.998922 0.015488 3.648344 -0.465401 0.034100 -0.884443 34.612591
-0.864608 0.031319 0.501470 -264.013702 0.046095 0.998791 0.017094 3.667367 -0.500328 0.037895 -0.865006 33.874611
-0.847332 0.035151 0.529899 -263.561676 0.053286 0.998399 0.018977 3.644000 -0.528384 0.044316 -0.847848 33.212334
-0.829931 0.034943 0.556771 -263.096405 0.054709 0.998324 0.018896 3.649093 -0.555177 0.046143 -0.830451 32.497158
-0.815533 0.033001 0.577768 -262.589935 0.054199 0.998340 0.019480 3.639681 -0.576166 0.047201 -0.815968 31.849037
-0.804066 0.028968 0.593834 -262.000824 0.048843 0.998654 0.017419 3.664348 -0.592530 0.043011 -0.804399 31.172115
-0.793731 0.027134 0.607664 -261.458954 0.047180 0.998741 0.017029 3.664469 -0.606437 0.042185 -0.794012 30.493137
-0.786020 0.025760 0.617664 -260.892334 0.045270 0.998847 0.015952 3.658714 -0.616541 0.040500 -0.786280 29.821342
-0.778891 0.025300 0.626648 -260.293579 0.044220 0.998915 0.014633 3.650986 -0.625598 0.039108 -0.779165 29.108431
-0.774011 0.024478 0.632699 -259.672821 0.041727 0.999052 0.012396 3.649000 -0.631796 0.035995 -0.774298 28.403236
-0.769424 0.026565 0.638186 -259.064270 0.042403 0.999055 0.009537 3.658007 -0.637330 0.034399 -0.769823 27.693007
-0.765410 0.027638 0.642949 -258.463898 0.044400 0.998965 0.009916 3.649736 -0.642009 0.036137 -0.765845 26.960709
-0.762518 0.030292 0.646258 -257.832123 0.047730 0.998815 0.009499 3.645706 -0.645204 0.038089 -0.763060 26.202524
-0.761060 0.028616 0.648050 -257.155884 0.045042 0.998946 0.008786 3.631947 -0.647116 0.035877 -0.761547 25.451056
-0.758809 0.025943 0.650796 -256.509857 0.040327 0.999161 0.007190 3.625053 -0.650064 0.031700 -0.759218 24.690292
-0.758031 0.024006 0.651776 -255.774612 0.037446 0.999276 0.006745 3.636503 -0.651142 0.029519 -0.758381 23.893192
-0.758598 0.025185 0.651072 -255.092972 0.040670 0.999134 0.008737 3.614562 -0.650288 0.033107 -0.758966 23.144426
-0.758433 0.029614 0.651078 -254.376175 0.046514 0.998879 0.008749 3.603517 -0.650089 0.036920 -0.758961 22.306719
-0.757944 0.030080 0.651625 -253.625519 0.045848 0.998922 0.007216 3.614604 -0.650706 0.035345 -0.758507 21.372358
-0.758589 0.029246 0.650912 -252.873901 0.040741 0.999166 0.002587 3.612420 -0.650294 0.028482 -0.759149 20.537439
-0.758758 0.032445 0.650564 -252.122498 0.039746 0.999204 -0.003477 3.601731 -0.650159 0.023220 -0.759443 19.669516
-0.759621 0.035117 0.649418 -251.328934 0.040750 0.999149 -0.006363 3.567211 -0.649089 0.021630 -0.760405 18.722889
-0.759923 0.036177 0.649005 -250.443130 0.040179 0.999155 -0.008650 3.598054 -0.648770 0.019503 -0.760735 17.760500
-0.759421 0.034743 0.649671 -249.638245 0.040474 0.999162 -0.006121 3.579159 -0.649339 0.021646 -0.760191 16.755566
-0.759905 0.028700 0.649401 -248.808105 0.035035 0.999381 -0.003169 3.560948 -0.649090 0.020344 -0.760440 15.798188
-0.759394 0.025487 0.650132 -247.906326 0.031644 0.999497 -0.002221 3.551068 -0.649861 0.018887 -0.759818 14.690296
-0.759646 0.024376 0.649880 -246.966431 0.030558 0.999531 -0.001772 3.569138 -0.649618 0.018513 -0.760035 13.643192
-0.759587 0.021877 0.650037 -246.091812 0.030490 0.999533 0.001989 3.548902 -0.649690 0.021330 -0.759900 12.607928
-0.760165 0.019741 0.649430 -245.109848 0.031843 0.999469 0.006892 3.507830 -0.648949 0.025919 -0.760390 11.567844
-0.759968 0.016652 0.649748 -244.150406 0.028515 0.999563 0.007734 3.532673 -0.649335 0.024405 -0.760111 10.421700
-0.760111 0.014860 0.649623 -243.137070 0.024403 0.999686 0.005685 3.492040 -0.649335 0.020174 -0.760235 9.294555
-0.759153 0.018230 0.650657 -242.178680 0.026551 0.999643 0.002971 3.481827 -0.650370 0.019531 -0.759366 8.110071
-0.759034 0.018840 0.650778 -241.113373 0.028172 0.999595 0.003920 3.482162 -0.650441 0.021309 -0.759258 6.909570
-0.758508 0.018420 0.651403 -240.088074 0.032758 0.999414 0.009882 3.462519 -0.650840 0.028834 -0.758667 5.673883
-0.758521 0.019984 0.651342 -239.044281 0.036478 0.999265 0.011822 3.469327 -0.650627 0.032727 -0.758692 4.436327
-0.758652 0.020753 0.651165 -237.985199 0.036803 0.999262 0.011031 3.462856 -0.650455 0.032334 -0.758856 3.195046
-0.757569 0.025898 0.652241 -236.970108 0.041021 0.999126 0.007973 3.421409 -0.651465 0.032796 -0.757970 1.886409
-0.758121 0.031348 0.651360 -235.875977 0.044014 0.999026 0.003148 3.452587 -0.650627 0.031055 -0.758762 0.750178
-0.758025 0.033221 0.651379 -234.863007 0.044954 0.998988 0.001364 3.434941 -0.650675 0.030315 -0.758751 -0.495366
-0.758635 0.033632 0.650647 -233.662277 0.044396 0.999014 0.000125 3.421353 -0.650002 0.028981 -0.759380 -1.842205
-0.758638 0.031668 0.650742 -232.605637 0.043932 0.999031 0.002598 3.381273 -0.650030 0.030559 -0.759294 -3.136214
-0.759144 0.028402 0.650303 -231.487045 0.042569 0.999075 0.006059 3.380840 -0.649529 0.032283 -0.759651 -4.445057
-0.759758 0.027248 0.649635 -230.393555 0.043515 0.999012 0.008990 3.352578 -0.648749 0.035099 -0.760193 -5.702510
-0.759744 0.030579 0.649503 -229.243210 0.048996 0.998746 0.010290 3.346964 -0.648374 0.039641 -0.760289 -7.023817
-0.760347 0.035035 0.648572 -228.132584 0.056037 0.998359 0.011765 3.323570 -0.647095 0.045289 -0.761063 -8.314600
-0.759447 0.035773 0.649585 -227.063705 0.059759 0.998102 0.014900 3.324597 -0.647819 0.050134 -0.760143 -9.634295
-0.759647 0.034532 0.649418 -225.962952 0.063216 0.997781 0.020891 3.322895 -0.647256 0.056923 -0.760144 -10.929767
-0.759606 0.033021 0.649545 -224.864792 0.065650 0.997502 0.026064 3.329499 -0.647062 0.062441 -0.759876 -12.201362
-0.760037 0.035403 0.648914 -223.758759 0.067368 0.997428 0.024488 3.342505 -0.646378 0.062328 -0.760467 -13.482789
-0.760573 0.038750 0.648095 -222.673187 0.065256 0.997725 0.016926 3.341339 -0.645964 0.055166 -0.761372 -14.729236
-0.760915 0.044205 0.647344 -221.642090 0.065024 0.997849 0.008292 3.333126 -0.645585 0.048403 -0.762153 -15.946546
-0.761110 0.047015 0.646917 -220.575104 0.066292 0.997785 0.005479 3.317661 -0.645226 0.047056 -0.762541 -17.228310
-0.762114 0.045007 0.645877 -219.469315 0.065478 0.997824 0.007730 3.316480 -0.644123 0.048182 -0.763403 -18.503485
-0.762797 0.043371 0.645182 -218.393768 0.065113 0.997829 0.009906 3.324937 -0.643352 0.049566 -0.763964 -19.762531
-0.763527 0.041951 0.644412 -217.381821 0.064728 0.997834 0.011735 3.278930 -0.642524 0.050671 -0.764588 -20.970156
-0.766179 0.039409 0.641417 -216.293533 0.061580 0.998027 0.012238 3.274542 -0.639670 0.048875 -0.767095 -22.249365
-0.769252 0.041454 0.637600 -215.036560 0.062207 0.998012 0.010166 3.438239 -0.635911 0.047483 -0.770301 -23.737223
-0.775376 0.036454 0.630447 -214.142349 0.058243 0.998205 0.013914 3.234061 -0.628809 0.047508 -0.776108 -24.863100
-0.780738 0.037706 0.623720 -213.416138 0.059826 0.998103 0.014547 3.177141 -0.621988 0.048672 -0.781513 -26.133871
-0.791595 0.040217 0.609721 -212.042007 0.061616 0.997999 0.014168 3.266082 -0.607932 0.048784 -0.792489 -27.523994
-0.801819 0.041957 0.596093 -211.153397 0.064970 0.997739 0.017165 3.301454 -0.594025 0.052491 -0.802732 -28.868814
-0.813912 0.042809 0.579408 -210.124542 0.067526 0.997493 0.021157 3.262467 -0.577050 0.056345 -0.814763 -30.269838
-0.827165 0.045068 0.560149 -209.245789 0.069564 0.997324 0.022481 3.349263 -0.557637 0.057562 -0.828086 -31.661034
-0.842311 0.048787 0.536779 -208.396011 0.073013 0.997043 0.023951 3.345571 -0.534024 0.059366 -0.843383 -33.070488
-0.858330 0.050276 0.510629 -207.655045 0.074552 0.996847 0.027168 3.315933 -0.507654 0.061387 -0.859372 -34.514866
-0.874878 0.053671 0.481360 -206.817841 0.076954 0.996620 0.028744 3.328576 -0.478190 0.062191 -0.876052 -35.966049
-0.889984 0.060869 0.451911 -206.100388 0.080657 0.996438 0.024632 3.609153 -0.448802 0.058372 -0.891723 -37.386414
-0.904219 0.065114 0.422077 -205.424698 0.081214 0.996491 0.020257 3.443393 -0.419277 0.052595 -0.906334 -38.769157
-0.917955 0.071791 0.390134 -204.736435 0.082773 0.996503 0.011387 3.511555 -0.387952 0.042745 -0.920688 -40.258358
-0.930275 0.070101 0.360104 -204.259003 0.077732 0.996952 0.006732 3.475346 -0.358535 0.034254 -0.932888 -41.738525
-0.941948 0.065464 0.329315 -203.672028 0.072361 0.997340 0.008716 3.427171 -0.327868 0.032039 -0.944180 -43.225376
-0.951171 0.064547 0.301841 -203.205551 0.070964 0.997425 0.010329 3.395944 -0.300397 0.031245 -0.953302 -44.731686
-0.958552 0.067475 0.276811 -202.745377 0.072775 0.997309 0.008907 3.424628 -0.275465 0.028683 -0.960883 -46.337803
-0.964221 0.070144 0.255650 -202.358505 0.074739 0.997169 0.008290 3.392231 -0.254345 0.027100 -0.966734 -47.844749
-0.969205 0.068064 0.236661 -201.972504 0.072589 0.997307 0.010449 3.389079 -0.235312 0.027306 -0.971536 -49.404301
-0.973298 0.065687 0.219947 -201.637619 0.071311 0.997297 0.017721 3.370312 -0.218189 0.032932 -0.975351 -51.127647
-0.977620 0.065162 0.200035 -201.255188 0.070609 0.997299 0.020211 3.390013 -0.198178 0.033883 -0.979580 -52.725319
-0.980933 0.064802 0.183226 -200.967560 0.069705 0.997358 0.020443 3.404192 -0.181417 0.032825 -0.982858 -54.406155
-0.983867 0.065707 0.166396 -200.632782 0.069419 0.997450 0.016581 3.425275 -0.164882 0.027864 -0.985920 -56.103165
-0.985820 0.069698 0.152644 -200.426941 0.072691 0.997255 0.014105 3.439019 -0.151242 0.025001 -0.988181 -57.729950
-0.986942 0.074835 0.142634 -200.176529 0.078170 0.996779 0.017917 3.440314 -0.140834 0.028833 -0.989613 -59.430885
-0.987488 0.080828 0.135404 -199.845520 0.085214 0.995999 0.026911 3.500956 -0.132687 0.038113 -0.990425 -61.270432
-0.987620 0.081902 0.133785 -199.754593 0.087563 0.995472 0.036977 3.487395 -0.130151 0.048233 -0.990320 -62.967815
-0.987953 0.080082 0.132425 -199.520721 0.085659 0.995638 0.036963 3.537202 -0.128887 0.047861 -0.990504 -64.743294
-0.988394 0.076530 0.131224 -199.249390 0.081723 0.996053 0.034648 3.565108 -0.128054 0.044970 -0.990747 -66.526337
-0.988881 0.072190 0.130010 -199.008362 0.076728 0.996594 0.030231 3.603442 -0.127385 0.039871 -0.991052 -68.327141
-0.989522 0.064650 0.129099 -198.699600 0.068831 0.997230 0.028187 3.640819 -0.126919 0.036778 -0.991231 -70.173302
-0.989785 0.060321 0.129178 -198.415710 0.064469 0.997522 0.028165 3.682391 -0.127159 0.036206 -0.991221 -72.031670
-0.989783 0.057706 0.130382 -198.241531 0.062151 0.997607 0.030281 3.715977 -0.128323 0.038075 -0.991001 -73.839790
-0.989772 0.055003 0.131628 -197.989227 0.059745 0.997689 0.032348 3.731476 -0.129544 0.039881 -0.990771 -75.721748
-0.989714 0.054429 0.132303 -197.721466 0.059182 0.997726 0.032255 3.788373 -0.130247 0.039753 -0.990684 -77.610786
-0.989699 0.051913 0.133424 -197.454605 0.056503 0.997926 0.030846 3.817081 -0.131546 0.038067 -0.990579 -79.521263
-0.989487 0.050876 0.135379 -197.213989 0.055371 0.998026 0.029648 3.832579 -0.133603 0.036832 -0.990350 -81.461899
-0.989319 0.048869 0.137329 -196.967926 0.053131 0.998208 0.027545 3.879286 -0.135737 0.034547 -0.990142 -83.418159
-0.989731 0.047013 0.134992 -196.649292 0.050954 0.998365 0.025886 3.917123 -0.133555 0.032499 -0.990508 -85.339050
-0.990075 0.044377 0.133349 -196.346146 0.048335 0.998477 0.026594 3.926842 -0.131966 0.032775 -0.990712 -87.345139
-0.990186 0.043836 0.132702 -196.097702 0.047907 0.998469 0.027645 3.947009 -0.131287 0.033731 -0.990770 -89.332542
-0.990267 0.045111 0.131667 -195.831253 0.049100 0.998423 0.027206 3.988842 -0.130232 0.033406 -0.990921 -91.407478
-0.990680 0.043720 0.129005 -195.546875 0.047648 0.998485 0.027519 4.013398 -0.127606 0.033409 -0.991262 -93.228561
-0.990891 0.041793 0.128015 -195.301727 0.045968 0.998497 0.029834 4.025047 -0.126576 0.035447 -0.991323 -95.255653
-0.990951 0.042666 0.127261 -195.045425 0.046837 0.998453 0.029968 4.145545 -0.125785 0.035657 -0.991416 -97.196526
-0.991030 0.040984 0.127200 -194.851013 0.045660 0.998376 0.034063 4.062551 -0.125598 0.039566 -0.991292 -99.144089
-0.991286 0.041209 0.125112 -194.502686 0.045576 0.998440 0.032242 4.099428 -0.123589 0.037663 -0.991619 -101.148643
-0.991356 0.040178 0.124897 -194.369385 0.044208 0.998582 0.029658 4.132623 -0.123528 0.034923 -0.991726 -103.019775
-0.991466 0.040046 0.124059 -194.097244 0.043951 0.998616 0.028901 4.130055 -0.122730 0.034107 -0.991854 -105.073547
-0.991748 0.039703 0.121903 -193.731522 0.043560 0.998626 0.029139 4.153580 -0.120579 0.034209 -0.992114 -107.040047
-0.991975 0.039791 0.120007 -193.474899 0.043595 0.998621 0.029240 4.189458 -0.118678 0.034237 -0.992342 -108.961746
-0.992383 0.038393 0.117058 -193.243240 0.042249 0.998637 0.030641 4.219273 -0.115722 0.035353 -0.992652 -110.926193
-0.992857 0.036109 0.113715 -192.984467 0.039927 0.998706 0.031481 4.230267 -0.112431 0.035797 -0.993014 -112.841820
-0.993068 0.036320 0.111793 -192.794739 0.039930 0.998745 0.030228 4.251616 -0.110555 0.034482 -0.993272 -114.831917
-0.993682 0.033297 0.107180 -192.512527 0.036689 0.998881 0.029838 4.274311 -0.106066 0.033582 -0.993792 -116.686867
-0.993948 0.032580 0.104912 -192.325638 0.036070 0.998851 0.031540 4.296806 -0.103764 0.035133 -0.993981 -118.552132
-0.994276 0.031643 0.102049 -192.115723 0.035206 0.998825 0.033298 4.328523 -0.100876 0.036700 -0.994222 -120.466560
-0.994458 0.033539 0.099643 -191.936188 0.037100 0.998729 0.034105 4.368219 -0.098373 0.037613 -0.994439 -122.331848
-0.994625 0.035070 0.097420 -191.768768 0.038577 0.998665 0.034353 4.407269 -0.096085 0.037926 -0.994650 -124.213135
-0.994864 0.034382 0.095208 -191.583466 0.037773 0.998706 0.034047 4.426294 -0.093914 0.037468 -0.994875 -126.065742
-0.995017 0.034966 0.093372 -191.401657 0.038187 0.998728 0.032934 4.445536 -0.092101 0.036335 -0.995086 -127.885078
-0.995115 0.034825 0.092378 -191.241104 0.038027 0.998727 0.033129 4.463147 -0.091107 0.036480 -0.995173 -129.739975
-0.995237 0.033626 0.091498 -191.064865 0.036849 0.998750 0.033770 4.482585 -0.090248 0.036981 -0.995233 -131.592468
-0.995323 0.033104 0.090754 -190.893265 0.036113 0.998844 0.031711 4.536225 -0.089599 0.034840 -0.995368 -133.466019
-0.995382 0.032685 0.090261 -190.756180 0.035272 0.999007 0.027224 4.576435 -0.089282 0.030282 -0.995546 -135.131714
-0.995518 0.031575 0.089149 -190.553177 0.033941 0.999107 0.025146 4.575522 -0.088275 0.028060 -0.995701 -136.937653
-0.995441 0.032399 0.089703 -190.370209 0.034637 0.999124 0.023506 4.604133 -0.088863 0.026506 -0.995691 -138.821960
-0.995279 0.033626 0.091047 -190.245087 0.035948 0.999066 0.023982 4.627488 -0.090156 0.027142 -0.995558 -140.528275
-0.995142 0.035276 0.091913 -190.083328 0.037690 0.998985 0.024666 4.648234 -0.090950 0.028010 -0.995461 -142.325516
-0.995072 0.036510 0.092190 -189.901794 0.039051 0.998901 0.025913 4.645961 -0.091142 0.029385 -0.995404 -144.065872
-0.994890 0.036949 0.093962 -189.771637 0.039644 0.998850 0.026980 4.664472 -0.092857 0.030568 -0.995210 -145.851227
-0.994331 0.037983 0.099310 -189.786316 0.040750 0.998831 0.025987 4.735998 -0.098206 0.029886 -0.994717 -147.721405
-0.994502 0.035668 0.098456 -189.542053 0.038513 0.998889 0.027146 4.719378 -0.097379 0.030788 -0.994771 -149.421967
-0.994748 0.036872 0.095487 -189.192429 0.039611 0.998852 0.026949 4.688176 -0.094384 0.030590 -0.995066 -151.112198
-0.994536 0.038719 0.096945 -189.013474 0.041410 0.998806 0.025902 4.694302 -0.095827 0.029775 -0.994952 -152.827454
-0.994100 0.039731 0.100932 -188.894547 0.042211 0.998854 0.022553 4.767483 -0.099921 0.026681 -0.994638 -154.607819
-0.993896 0.038867 0.103246 -188.647232 0.041518 0.998858 0.023654 4.716870 -0.102208 0.027797 -0.994375 -156.326874
-0.993686 0.039470 0.105026 -188.426147 0.041947 0.998889 0.021475 4.724576 -0.104062 0.025745 -0.994237 -158.074463
-0.993288 0.040475 0.108353 -188.284409 0.042981 0.998857 0.020889 4.721956 -0.107384 0.025406 -0.993893 -159.786865
-0.993351 0.039216 0.108239 -188.057465 0.041778 0.998896 0.021495 4.729265 -0.107276 0.025874 -0.993892 -161.424789
-0.993355 0.037493 0.108810 -187.858734 0.040442 0.998868 0.025028 4.704683 -0.107749 0.029262 -0.993747 -163.106171
-0.993554 0.036099 0.107460 -187.642883 0.039187 0.998873 0.026761 4.703225 -0.106373 0.030800 -0.993849 -164.743561
-0.993633 0.035564 0.106905 -187.475922 0.038661 0.998886 0.027039 4.724357 -0.105824 0.031000 -0.993901 -166.391937
-0.993772 0.035216 0.105723 -187.299820 0.038235 0.998913 0.026667 4.757053 -0.104669 0.030543 -0.994038 -168.005829
-0.994013 0.032947 0.104179 -187.172546 0.035871 0.999010 0.026325 4.776178 -0.103208 0.029905 -0.994210 -169.563400
-0.994448 0.032021 0.100238 -186.996552 0.034951 0.999008 0.027610 4.766583 -0.099254 0.030960 -0.994580 -171.105164
-0.995091 0.031774 0.093722 -186.808121 0.034535 0.999012 0.027980 4.751294 -0.092741 0.031080 -0.995205 -172.619629
-0.995646 0.032158 0.087489 -186.739517 0.034782 0.998984 0.028643 4.747409 -0.086479 0.031561 -0.995754 -174.102188
-0.996236 0.034408 0.079556 -186.584824 0.036787 0.998913 0.028632 4.793916 -0.078484 0.031451 -0.996419 -175.660339
-0.996746 0.036653 0.071797 -186.484909 0.038931 0.998774 0.030580 4.797289 -0.070588 0.033275 -0.996950 -177.083054
-0.996958 0.041878 0.065727 -186.450470 0.044003 0.998543 0.031224 4.816612 -0.064324 0.034022 -0.997349 -178.551819
-0.997508 0.042217 0.056539 -186.368683 0.044086 0.998508 0.032227 4.771506 -0.055094 0.034640 -0.997880 -179.747925
-0.997804 0.043399 0.050043 -186.357239 0.045143 0.998393 0.034264 4.734624 -0.048476 0.036448 -0.998159 -181.016144
-0.998116 0.044596 0.042138 -186.239441 0.045939 0.998449 0.031463 4.867039 -0.040670 0.033339 -0.998616 -182.328857
-0.998171 0.045316 0.040019 -186.427505 0.046760 0.998260 0.035927 4.664926 -0.038322 0.037732 -0.998553 -183.373474
-0.998030 0.045639 0.043057 -186.877548 0.047233 0.998207 0.036760 4.646177 -0.041302 0.038721 -0.998396 -184.503067
-0.998218 0.047142 0.036586 -186.768219 0.048480 0.998154 0.036579 4.649445 -0.034794 0.038288 -0.998661 -185.582916
-0.998516 0.050850 0.019494 -186.171341 0.051465 0.998147 0.032456 4.812437 -0.017808 0.033411 -0.999283 -186.782837
-0.998528 0.052340 0.014226 -186.127579 0.052797 0.998030 0.033901 4.815632 -0.012423 0.034602 -0.999324 -187.787521
-0.998574 0.052450 0.009962 -186.115601 0.052772 0.997981 0.035345 4.865766 -0.008088 0.035820 -0.999326 -188.803619
-0.998534 0.053743 0.006393 -186.129730 0.053942 0.997870 0.036671 4.846220 -0.004409 0.036962 -0.999307 -189.728912
-0.998501 0.054545 0.004451 -186.145386 0.054676 0.997770 0.038290 4.817663 -0.002352 0.038476 -0.999257 -190.369522
-0.998370 0.057015 0.002738 -186.179840 0.057078 0.997640 0.038152 4.856768 -0.000556 0.038246 -0.999268 -191.160629
-0.998100 0.061597 0.001358 -186.216309 0.061607 0.997463 0.035671 4.920942 0.000843 0.035687 -0.999363 -191.891647
-0.998227 0.059509 -0.000878 -186.231598 0.059430 0.997475 0.038884 4.910583 0.003190 0.038762 -0.999243 -192.628998
-0.998264 0.058897 -0.000763 -186.262680 0.058819 0.997458 0.040232 4.923183 0.003131 0.040117 -0.999190 -193.258652
-0.998329 0.057756 0.001722 -186.191650 0.057779 0.997544 0.039581 4.967824 0.000568 0.039615 -0.999215 -193.802628
-0.998444 0.055741 -0.001436 -186.147202 0.055634 0.997591 0.041427 4.884599 0.003742 0.041282 -0.999140 -194.337006
-0.998814 0.048693 0.000230 -186.121124 0.048662 0.998005 0.040227 4.800835 0.001729 0.040190 -0.999191 -194.797791
-0.998809 0.048753 0.001976 -185.936325 0.048793 0.998036 0.039275 4.837246 -0.000058 0.039325 -0.999226 -195.413605
-0.998853 0.047281 0.007537 -186.221542 0.047535 0.998142 0.038106 4.847167 -0.005722 0.038421 -0.999245 -195.501129
-0.998916 0.045377 0.010361 -186.070084 0.045721 0.998311 0.035853 4.808181 -0.008717 0.036288 -0.999303 -196.058578
-0.998647 0.051213 0.009067 -186.089218 0.051492 0.998103 0.033762 4.910219 -0.007321 0.034183 -0.999389 -196.244568
-0.998546 0.052394 0.012678 -186.124222 0.052781 0.998080 0.032406 4.951528 -0.010956 0.033028 -0.999394 -196.580917
-0.998576 0.051247 0.014837 -186.094849 0.051716 0.998109 0.033224 4.962344 -0.013106 0.033944 -0.999338 -196.898178
-0.998665 0.049200 0.015702 -186.009247 0.049712 0.998183 0.034045 4.951360 -0.013998 0.034780 -0.999297 -197.179642
-0.998679 0.047951 0.018464 -185.981689 0.048539 0.998280 0.032877 4.969168 -0.016855 0.033730 -0.999289 -197.471893
-0.998573 0.048216 0.022976 -186.004471 0.048944 0.998280 0.032260 4.956965 -0.021381 0.033339 -0.999215 -197.724548
-0.998383 0.049345 0.028217 -186.007706 0.050226 0.998244 0.031401 4.954809 -0.026618 0.032767 -0.999108 -197.972336
-0.998219 0.049697 0.032989 -185.972702 0.050709 0.998245 0.030590 4.966822 -0.031411 0.032209 -0.998987 -198.191254
-0.998068 0.048491 0.038842 -185.909470 0.049692 0.998297 0.030555 4.965015 -0.037294 0.032426 -0.998778 -198.417969
-0.997760 0.046380 0.048213 -185.940582 0.047896 0.998378 0.030766 4.946008 -0.046708 0.033006 -0.998363 -198.614456
-0.997474 0.044054 0.055719 -185.891205 0.045773 0.998503 0.029950 4.968110 -0.054317 0.032424 -0.997997 -198.817734
-0.997160 0.042353 0.062267 -185.881241 0.044373 0.998521 0.031422 4.957285 -0.060844 0.034096 -0.997565 -199.006287
-0.996740 0.041083 0.069440 -185.893738 0.043382 0.998549 0.031921 4.955672 -0.068028 0.034829 -0.997075 -199.147217
-0.996458 0.040306 0.073805 -185.851685 0.042739 0.998584 0.031686 4.961650 -0.072424 0.034728 -0.996769 -199.256149
-0.996072 0.040900 0.078533 -185.835754 0.043436 0.998579 0.030867 4.955694 -0.077159 0.034157 -0.996434 -199.330215
-0.995809 0.040749 0.081882 -185.830276 0.043326 0.998612 0.029946 4.976133 -0.080548 0.033368 -0.996192 -199.402573
-0.995598 0.040803 0.084380 -185.834717 0.043456 0.998609 0.029851 4.974926 -0.083045 0.033386 -0.995986 -199.453949
-0.995447 0.040439 0.086314 -185.825729 0.043119 0.998637 0.029410 4.970198 -0.085007 0.032998 -0.995834 -199.478958
-0.995408 0.040186 0.086880 -185.820221 0.042877 0.998650 0.029330 4.979539 -0.085584 0.032921 -0.995787 -199.492645
-0.995443 0.040348 0.086402 -185.808914 0.043046 0.998635 0.029598 4.970459 -0.085090 0.033182 -0.995821 -199.486984
-0.995417 0.041058 0.086369 -185.806915 0.043722 0.998617 0.029183 4.964518 -0.085051 0.032825 -0.995836 -199.472107
-0.995382 0.041650 0.086488 -185.802689 0.044202 0.998636 0.027804 4.964438 -0.085212 0.031498 -0.995865 -199.468842
-0.995416 0.041430 0.086203 -185.810349 0.043925 0.998663 0.027258 4.967062 -0.084959 0.030920 -0.995905 -199.471115
-0.995461 0.040930 0.085921 -185.808090 0.043473 0.998664 0.027938 4.961677 -0.084663 0.031546 -0.995910 -199.494980
-0.995460 0.040924 0.085930 -185.806335 0.043414 0.998684 0.027314 4.966393 -0.084699 0.030921 -0.995927 -199.487274
-0.995515 0.040871 0.085316 -185.787689 0.043349 0.998684 0.027401 4.963478 -0.084084 0.030977 -0.995977 -199.489304
-0.995465 0.040911 0.085880 -185.805389 0.043462 0.998662 0.028045 4.955915 -0.084617 0.031650 -0.995911 -199.493958
-0.995493 0.040891 0.085566 -185.793350 0.043382 0.998681 0.027453 4.961602 -0.084330 0.031041 -0.995954 -199.486023
-0.995488 0.040917 0.085608 -185.791382 0.043429 0.998673 0.027687 4.954257 -0.084362 0.031280 -0.995944 -199.488220
-0.995436 0.041048 0.086147 -185.808029 0.043598 0.998659 0.027933 4.951168 -0.084885 0.031561 -0.995891 -199.487335
-0.995412 0.040991 0.086458 -185.821991 0.043519 0.998673 0.027554 4.961410 -0.085214 0.031190 -0.995874 -199.489243
-0.995410 0.041096 0.086427 -185.814377 0.043665 0.998653 0.028049 4.946701 -0.085158 0.031694 -0.995863 -199.485214
-0.995384 0.041150 0.086704 -185.818344 0.043718 0.998653 0.027933 4.947495 -0.085437 0.031595 -0.995842 -199.480576
-0.995352 0.041280 0.087011 -185.820221 0.043848 0.998651 0.027812 4.951887 -0.085745 0.031498 -0.995819 -199.482956
-0.995343 0.041235 0.087135 -185.821594 0.043818 0.998649 0.027941 4.949602 -0.085865 0.031629 -0.995805 -199.480499
-0.995363 0.041119 0.086958 -185.813065 0.043680 0.998660 0.027756 4.953795 -0.085700 0.031426 -0.995825 -199.487991
-0.995332 0.041437 0.087158 -185.815567 0.044009 0.998644 0.027796 4.953371 -0.085888 0.031502 -0.995807 -199.482010
-0.995324 0.041463 0.087238 -185.809113 0.044046 0.998640 0.027887 4.952878 -0.085963 0.031599 -0.995797 -199.486389
-0.995297 0.041554 0.087507 -185.808334 0.044138 0.998639 0.027800 4.950252 -0.086232 0.031532 -0.995776 -199.487411
-0.995249 0.041769 0.087951 -185.811493 0.044372 0.998627 0.027850 4.952773 -0.086667 0.031620 -0.995735 -199.483032
-0.995221 0.041803 0.088250 -185.806824 0.044393 0.998633 0.027594 4.956329 -0.086975 0.031380 -0.995716 -199.490234
-0.995147 0.042148 0.088915 -185.811142 0.044742 0.998623 0.027394 4.961956 -0.087638 0.031239 -0.995663 -199.485382
-0.995129 0.042291 0.089055 -185.807419 0.044900 0.998613 0.027500 4.960361 -0.087768 0.031364 -0.995647 -199.487762
-0.995123 0.042312 0.089110 -185.808334 0.044927 0.998610 0.027548 4.957354 -0.087820 0.031417 -0.995641 -199.486130
-0.995107 0.042392 0.089242 -185.815231 0.045004 0.998609 0.027471 4.960791 -0.087954 0.031353 -0.995631 -199.489319
-0.995077 0.042543 0.089512 -185.813278 0.045181 0.998596 0.027655 4.954979 -0.088210 0.031563 -0.995602 -199.484589
-0.995112 0.042382 0.089196 -185.802277 0.044989 0.998611 0.027416 4.962855 -0.087910 0.031295 -0.995637 -199.483002
-0.995068 0.042697 0.089539 -185.806259 0.045305 0.998600 0.027303 4.965087 -0.088248 0.031225 -0.995609 -199.485886
-0.995049 0.042647 0.089767 -185.806076 0.045270 0.998599 0.027387 4.966824 -0.088473 0.031315 -0.995586 -199.478806
-0.995067 0.042644 0.089571 -185.792542 0.045252 0.998603 0.027291 4.969739 -0.088282 0.031209 -0.995606 -199.485306
-0.995028 0.042732 0.089957 -185.804031 0.045358 0.998596 0.027350 4.964405 -0.088662 0.031295 -0.995570 -199.483978
-0.995029 0.042773 0.089931 -185.801529 0.045398 0.998595 0.027346 4.962767 -0.088635 0.031293 -0.995573 -199.486038
-0.995039 0.042648 0.089881 -185.796539 0.045264 0.998603 0.027273 4.965620 -0.088592 0.031206 -0.995579 -199.489304
-0.995024 0.042721 0.090009 -185.797150 0.045324 0.998605 0.027070 4.968614 -0.088727 0.031015 -0.995573 -199.483276
-0.995013 0.042607 0.090183 -185.796997 0.045235 0.998604 0.027291 4.963607 -0.088895 0.031234 -0.995551 -199.488922
-0.994994 0.042719 0.090348 -185.794357 0.045364 0.998594 0.027429 4.960033 -0.089049 0.031390 -0.995533 -199.487259
-0.994951 0.042765 0.090796 -185.805801 0.045421 0.998592 0.027386 4.960192 -0.089497 0.031372 -0.995493 -199.487610
-0.994965 0.042794 0.090625 -185.798676 0.045460 0.998586 0.027558 4.957754 -0.089318 0.031539 -0.995504 -199.489944
-0.994929 0.042838 0.091000 -185.805099 0.045514 0.998584 0.027535 4.958449 -0.089692 0.031537 -0.995470 -199.487305
-0.994958 0.042987 0.090619 -185.794922 0.045649 0.998578 0.027518 4.959685 -0.089307 0.031516 -0.995505 -199.484451
-0.994944 0.042888 0.090816 -185.802460 0.045563 0.998581 0.027586 4.959069 -0.089504 0.031584 -0.995485 -199.481247
-0.994929 0.042963 0.090947 -185.807892 0.045645 0.998576 0.027617 4.956234 -0.089631 0.031628 -0.995473 -199.483566
-0.994925 0.042914 0.091009 -185.810257 0.045615 0.998572 0.027811 4.952537 -0.089685 0.031822 -0.995462 -199.483688
-0.994957 0.042996 0.090619 -185.794693 0.045685 0.998569 0.027802 4.952752 -0.089293 0.031801 -0.995497 -199.479797
-0.994957 0.043047 0.090597 -185.793793 0.045708 0.998576 0.027503 4.961006 -0.089284 0.031505 -0.995508 -199.480118
-0.994968 0.042926 0.090533 -185.789597 0.045601 0.998576 0.027688 4.955479 -0.089215 0.031677 -0.995508 -199.480789
-0.994969 0.042876 0.090540 -185.791336 0.045569 0.998572 0.027880 4.947526 -0.089215 0.031866 -0.995502 -199.481308
-0.994953 0.042931 0.090695 -185.795227 0.045628 0.998569 0.027879 4.947197 -0.089369 0.031876 -0.995488 -199.480118
-0.994960 0.042901 0.090635 -185.794312 0.045593 0.998572 0.027842 4.949034 -0.089311 0.031834 -0.995495 -199.481049
-0.994959 0.042879 0.090653 -185.794601 0.045575 0.998572 0.027877 4.946400 -0.089329 0.031868 -0.995492 -199.479401
-0.994956 0.042915 0.090664 -185.794479 0.045599 0.998575 0.027738 4.951676 -0.089344 0.031733 -0.995495 -199.479019
-0.994877 0.042969 0.091505 -185.797989 0.045653 0.998580 0.027449 4.956382 -0.090196 0.031486 -0.995426 -199.477173
-0.994628 0.042711 0.094290 -185.811951 0.045461 0.998596 0.027209 4.949556 -0.092995 0.031349 -0.995173 -199.479919
-0.994488 0.041960 0.096088 -185.804337 0.044688 0.998651 0.026424 4.959113 -0.094850 0.030573 -0.995022 -199.501053
-0.994202 0.041520 0.099186 -185.788849 0.044298 0.998681 0.025974 4.965595 -0.097977 0.030217 -0.994730 -199.520630
-0.993651 0.041877 0.104421 -185.785049 0.044797 0.998663 0.025782 4.970159 -0.103202 0.030296 -0.994199 -199.560791
-0.993105 0.041643 0.109578 -185.755859 0.044741 0.998661 0.025967 4.956378 -0.108350 0.030691 -0.993639 -199.590240
-0.992383 0.040896 0.116205 -185.749924 0.044175 0.998691 0.025783 4.954661 -0.114998 0.030720 -0.992890 -199.635468
-0.991598 0.040576 0.122825 -185.715286 0.044061 0.998696 0.025792 4.951910 -0.121619 0.030987 -0.992093 -199.669693
-0.990459 0.039994 0.131873 -185.687851 0.043716 0.998720 0.025450 4.947774 -0.130686 0.030973 -0.990940 -199.734253
-0.989084 0.040041 0.141809 -185.677063 0.044078 0.998704 0.025436 4.944438 -0.140607 0.031409 -0.989567 -199.793335
-0.987490 0.039489 0.152654 -185.651642 0.043846 0.998719 0.025280 4.942598 -0.151460 0.031657 -0.987956 -199.870987
-0.985653 0.039108 0.164192 -185.601425 0.043825 0.998721 0.025206 4.931694 -0.162996 0.032040 -0.986106 -199.946442
-0.983392 0.038793 0.177298 -185.566971 0.043802 0.998742 0.024424 4.936454 -0.176127 0.031784 -0.983854 -200.024933
-0.980760 0.038374 0.191410 -185.531143 0.043535 0.998791 0.022830 4.944151 -0.190302 0.030724 -0.981245 -200.106918
-0.977525 0.037881 0.207388 -185.477188 0.042964 0.998875 0.020060 4.957569 -0.206395 0.028519 -0.978053 -200.220993
-0.973789 0.036849 0.224448 -185.411743 0.041890 0.998965 0.017737 4.950961 -0.223562 0.026674 -0.974325 -200.359070
-0.969660 0.035284 0.241899 -185.337296 0.040501 0.999041 0.016627 4.946736 -0.241081 0.025920 -0.970159 -200.492859
-0.964879 0.034365 0.260437 -185.265671 0.040177 0.999048 0.017024 4.943902 -0.259604 0.026889 -0.965341 -200.692688
-0.959509 0.035316 0.279457 -185.171860 0.041960 0.998960 0.017828 4.940953 -0.278537 0.028832 -0.959993 -200.934021
-0.953084 0.035765 0.300586 -185.090744 0.043222 0.998900 0.018194 4.949900 -0.299605 0.030333 -0.953581 -201.163971
-0.946086 0.034439 0.322081 -184.940964 0.042829 0.998902 0.018998 4.955210 -0.321073 0.031768 -0.946522 -201.428879
-0.937844 0.031697 0.345607 -184.800201 0.041480 0.998920 0.020945 4.967147 -0.344569 0.033978 -0.938146 -201.710510
-0.928699 0.031133 0.369526 -184.644882 0.042411 0.998848 0.022433 4.962514 -0.368402 0.036505 -0.928950 -202.014084
-0.918799 0.032114 0.393418 -184.450531 0.044353 0.998772 0.022056 4.978518 -0.392227 0.037714 -0.919095 -202.327515
-0.906918 0.031971 0.420093 -184.270889 0.046259 0.998644 0.023865 4.969894 -0.418760 0.041077 -0.907167 -202.676224
-0.894007 0.031286 0.446960 -184.072250 0.047971 0.998509 0.026057 4.966881 -0.445478 0.044736 -0.894174 -202.907852
-0.878808 0.030129 0.476224 -183.817429 0.048482 0.998478 0.026296 4.969751 -0.474707 0.046198 -0.878931 -203.211853
-0.860000 0.030843 0.509361 -183.561462 0.049951 0.998466 0.023878 4.981785 -0.507844 0.045978 -0.860221 -203.555084
-0.838420 0.029168 0.544244 -183.250839 0.048664 0.998585 0.021452 4.964445 -0.542848 0.044471 -0.838653 -203.884171
-0.812364 0.026306 0.582557 -182.936356 0.045390 0.998804 0.018193 4.962976 -0.581382 0.041222 -0.812586 -204.287750
-0.782893 0.026048 0.621610 -182.545547 0.045218 0.998863 0.015094 4.967351 -0.620510 0.039926 -0.783181 -204.674240
-0.748968 0.028991 0.661972 -182.092560 0.049170 0.998720 0.011894 4.941535 -0.660780 0.041457 -0.749434 -205.119095
-0.712495 0.032751 0.700912 -181.574234 0.051682 0.998646 0.005874 4.967890 -0.699771 0.040409 -0.713223 -205.563461
-0.674261 0.033827 0.737717 -180.992172 0.051450 0.998675 0.001231 4.970275 -0.736698 0.038786 -0.675108 -206.026352
-0.633933 0.032865 0.772690 -180.345367 0.051661 0.998665 -0.000093 4.941364 -0.771661 0.039859 -0.634784 -206.494125
-0.594343 0.033006 0.803534 -179.560776 0.052342 0.998626 -0.002305 4.958139 -0.802507 0.040689 -0.595254 -206.893021
-0.549882 0.030870 0.834672 -178.781250 0.052526 0.998617 -0.002330 4.953148 -0.833589 0.042561 -0.550743 -207.360352
-0.506610 0.026584 0.861765 -177.852448 0.050403 0.998728 -0.001178 4.968225 -0.860701 0.042839 -0.507306 -207.755844
-0.453122 0.021133 0.891198 -177.043152 0.050829 0.998705 0.002161 4.968944 -0.889998 0.046277 -0.453609 -208.275192
-0.407541 0.019593 0.912977 -175.934998 0.058918 0.998251 0.004877 4.917563 -0.911284 0.055778 -0.407982 -208.637299
-0.354090 0.018313 0.935032 -174.996399 0.061010 0.998131 0.003555 4.986143 -0.933219 0.058305 -0.354545 -208.931717
-0.303078 0.012139 0.952888 -173.925339 0.065115 0.997846 0.007999 4.877582 -0.950739 0.064472 -0.303215 -209.170029
-0.250762 0.010304 0.967994 -172.633881 0.066061 0.997795 0.006492 4.925948 -0.965792 0.065574 -0.250890 -209.564468
-0.181342 -0.004154 0.983411 -170.213516 0.047880 0.998768 0.013048 4.703771 -0.982254 0.049452 -0.180920 -211.389999
-0.181342 -0.004154 0.983411 -170.213516 0.047880 0.998768 0.013048 4.703771 -0.982254 0.049452 -0.180920 -211.389999
-0.181342 -0.004154 0.983411 -170.213516 0.047880 0.998768 0.013048 4.703771 -0.982254 0.049452 -0.180920 -211.389999
-0.181342 -0.004154 0.983411 -170.213516 0.047880 0.998768 0.013048 4.703771 -0.982254 0.049452 -0.180920 -211.389999
-0.181342 -0.004154 0.983411 -170.213516 0.047880 0.998768 0.013048 4.703771 -0.982254 0.049452 -0.180920 -211.389999
-0.181342 -0.004154 0.983411 -170.213516 0.047880 0.998768 0.013048 4.703771 -0.982254 0.049452 -0.180920 -211.389999
-0.181342 -0.004154 0.983411 -170.213516 0.047880 0.998768 0.013048 4.703771 -0.982254 0.049452 -0.180920 -211.389999
-0.181342 -0.004154 0.983411 -170.213516 0.047880 0.998768 0.013048 4.703771 -0.982254 0.049452 -0.180920 -211.389999
-0.181342 -0.004154 0.983411 -170.213516 0.047880 0.998768 0.013048 4.703771 -0.982254 0.049452 -0.180920 -211.389999
-0.181342 -0.004154 0.983411 -170.213516 0.047880 0.998768 0.013048 4.703771 -0.982254 0.049452 -0.180920 -211.389999
-0.181342 -0.004154 0.983411 -170.213516 0.047880 0.998768 0.013048 4.703771 -0.982254 0.049452 -0.180920 -211.389999
-0.181342 -0.004154 0.983411 -170.213516 0.047880 0.998768 0.013048 4.703771 -0.982254 0.049452 -0.180920 -211.389999
-0.181342 -0.004154 0.983411 -170.213516 0.047880 0.998768 0.013048 4.703771 -0.982254 0.049452 -0.180920 -211.389999
-0.181342 -0.004154 0.983411 -170.213516 0.047880 0.998768 0.013048 4.703771 -0.982254 0.049452 -0.180920 -211.389999
-0.181342 -0.004154 0.983411 -170.213516 0.047880 0.998768 0.013048 4.703771 -0.982254 0.049452 -0.180920 -211.389999
-0.181342 -0.004154 0.983411 -170.213516 0.047880 0.998768 0.013048 4.703771 -0.982254 0.049452 -0.180920 -211.389999
-0.181342 -0.004154 0.983411 -170.213516 0.047880 0.998768 0.013048 4.703771 -0.982254 0.049452 -0.180920 -211.389999
-0.181342 -0.004154 0.983411 -170.213516 0.047880 0.998768 0.013048 4.703771 -0.982254 0.049452 -0.180920 -211.389999
-0.181342 -0.004154 0.983411 -170.213516 0.047880 0.998768 0.013048 4.703771 -0.982254 0.049452 -0.180920 -211.389999
-0.181342 -0.004154 0.983411 -170.213516 0.047880 0.998768 0.013048 4.703771 -0.982254 0.049452 -0.180920 -211.389999
-0.181342 -0.004154 0.983411 -170.213516 0.047880 0.998768 0.013048 4.703771 -0.982254 0.049452 -0.180920 -211.389999
-0.181342 -0.004154 0.983411 -170.213516 0.047880 0.998768 0.013048 4.703771 -0.982254 0.049452 -0.180920 -211.389999
-0.181342 -0.004154 0.983411 -170.213516 0.047880 0.998768 0.013048 4.703771 -0.982254 0.049452 -0.180920 -211.389999
-0.181342 -0.004154 0.983411 -170.213516 0.047880 0.998768 0.013048 4.703771 -0.982254 0.049452 -0.180920 -211.389999
-0.181342 -0.004154 0.983411 -170.213516 0.047880 0.998768 0.013048 4.703771 -0.982254 0.049452 -0.180920 -211.389999
-0.181342 -0.004154 0.983411 -170.213516 0.047880 0.998768 0.013048 4.703771 -0.982254 0.049452 -0.180920 -211.389999
-0.181342 -0.004154 0.983411 -170.213516 0.047880 0.998768 0.013048 4.703771 -0.982254 0.049452 -0.180920 -211.389999
-0.181342 -0.004154 0.983411 -170.213516 0.047880 0.998768 0.013048 4.703771 -0.982254 0.049452 -0.180920 -211.389999
-0.181342 -0.004154 0.983411 -170.213516 0.047880 0.998768 0.013048 4.703771 -0.982254 0.049452 -0.180920 -211.389999
-0.181342 -0.004154 0.983411 -170.213516 0.047880 0.998768 0.013048 4.703771 -0.982254 0.049452 -0.180920 -211.389999
-0.181342 -0.004154 0.983411 -170.213516 0.047880 0.998768 0.013048 4.703771 -0.982254 0.049452 -0.180920 -211.389999
-0.181342 -0.004154 0.983411 -170.213516 0.047880 0.998768 0.013048 4.703771 -0.982254 0.049452 -0.180920 -211.389999
-0.181342 -0.004154 0.983411 -170.213516 0.047880 0.998768 0.013048 4.703771 -0.982254 0.049452 -0.180920 -211.389999
-0.181342 -0.004154 0.983411 -170.213516 0.047880 0.998768 0.013048 4.703771 -0.982254 0.049452 -0.180920 -211.389999
-0.181342 -0.004154 0.983411 -170.213516 0.047880 0.998768 0.013048 4.703771 -0.982254 0.049452 -0.180920 -211.389999
-0.181342 -0.004154 0.983411 -170.213516 0.047880 0.998768 0.013048 4.703771 -0.982254 0.049452 -0.180920 -211.389999
-0.181342 -0.004154 0.983411 -170.213516 0.047880 0.998768 0.013048 4.703771 -0.982254 0.049452 -0.180920 -211.389999
-0.181342 -0.004154 0.983411 -170.213516 0.047880 0.998768 0.013048 4.703771 -0.982254 0.049452 -0.180920 -211.389999
-0.181342 -0.004154 0.983411 -170.213516 0.047880 0.998768 0.013048 4.703771 -0.982254 0.049452 -0.180920 -211.389999
-0.181342 -0.004154 0.983411 -170.213516 0.047880 0.998768 0.013048 4.703771 -0.982254 0.049452 -0.180920 -211.389999
-0.181342 -0.004154 0.983411 -170.213516 0.047880 0.998768 0.013048 4.703771 -0.982254 0.049452 -0.180920 -211.389999
-0.181342 -0.004154 0.983411 -170.213516 0.047880 0.998768 0.013048 4.703771 -0.982254 0.049452 -0.180920 -211.389999
-0.181342 -0.004154 0.983411 -170.213516 0.047880 0.998768 0.013048 4.703771 -0.982254 0.049452 -0.180920 -211.389999
-0.181342 -0.004154 0.983411 -170.213516 0.047880 0.998768 0.013048 4.703771 -0.982254 0.049452 -0.180920 -211.389999
-0.181342 -0.004154 0.983411 -170.213516 0.047880 0.998768 0.013048 4.703771 -0.982254 0.049452 -0.180920 -211.389999
-0.181342 -0.004154 0.983411 -170.213516 0.047880 0.998768 0.013048 4.703771 -0.982254 0.049452 -0.180920 -211.389999
-0.181342 -0.004154 0.983411 -170.213516 0.047880 0.998768 0.013048 4.703771 -0.982254 0.049452 -0.180920 -211.389999
-0.181342 -0.004154 0.983411 -170.213516 0.047880 0.998768 0.013048 4.703771 -0.982254 0.049452 -0.180920 -211.389999
-0.181342 -0.004154 0.983411 -170.213516 0.047880 0.998768 0.013048 4.703771 -0.982254 0.049452 -0.180920 -211.389999
-0.181342 -0.004154 0.983411 -170.213516 0.047880 0.998768 0.013048 4.703771 -0.982254 0.049452 -0.180920 -211.389999
-0.181342 -0.004154 0.983411 -170.213516 0.047880 0.998768 0.013048 4.703771 -0.982254 0.049452 -0.180920 -211.389999
-0.181342 -0.004154 0.983411 -170.213516 0.047880 0.998768 0.013048 4.703771 -0.982254 0.049452 -0.180920 -211.389999
-0.181342 -0.004154 0.983411 -170.213516 0.047880 0.998768 0.013048 4.703771 -0.982254 0.049452 -0.180920 -211.389999
-0.181342 -0.004154 0.983411 -170.213516 0.047880 0.998768 0.013048 4.703771 -0.982254 0.049452 -0.180920 -211.389999
-0.181342 -0.004154 0.983411 -170.213516 0.047880 0.998768 0.013048 4.703771 -0.982254 0.049452 -0.180920 -211.389999
-0.181342 -0.004154 0.983411 -170.213516 0.047880 0.998768 0.013048 4.703771 -0.982254 0.049452 -0.180920 -211.389999
-0.181342 -0.004154 0.983411 -170.213516 0.047880 0.998768 0.013048 4.703771 -0.982254 0.049452 -0.180920 -211.389999
-0.181342 -0.004154 0.983411 -170.213516 0.047880 0.998768 0.013048 4.703771 -0.982254 0.049452 -0.180920 -211.389999
-0.181342 -0.004154 0.983411 -170.213516 0.047880 0.998768 0.013048 4.703771 -0.982254 0.049452 -0.180920 -211.389999
-0.181342 -0.004154 0.983411 -170.213516 0.047880 0.998768 0.013048 4.703771 -0.982254 0.049452 -0.180920 -211.389999
-0.181342 -0.004154 0.983411 -170.213516 0.047880 0.998768 0.013048 4.703771 -0.982254 0.049452 -0.180920 -211.389999
-0.181342 -0.004154 0.983411 -170.213516 0.047880 0.998768 0.013048 4.703771 -0.982254 0.049452 -0.180920 -211.389999
-0.181342 -0.004154 0.983411 -170.213516 0.047880 0.998768 0.013048 4.703771 -0.982254 0.049452 -0.180920 -211.389999
-0.181342 -0.004154 0.983411 -170.213516 0.047880 0.998768 0.013048 4.703771 -0.982254 0.049452 -0.180920 -211.389999
-0.181342 -0.004154 0.983411 -170.213516 0.047880 0.998768 0.013048 4.703771 -0.982254 0.049452 -0.180920 -211.389999
-0.181342 -0.004154 0.983411 -170.213516 0.047880 0.998768 0.013048 4.703771 -0.982254 0.049452 -0.180920 -211.389999
-0.181342 -0.004154 0.983411 -170.213516 0.047880 0.998768 0.013048 4.703771 -0.982254 0.049452 -0.180920 -211.389999
-0.181342 -0.004154 0.983411 -170.213516 0.047880 0.998768 0.013048 4.703771 -0.982254 0.049452 -0.180920 -211.389999
-0.181342 -0.004154 0.983411 -170.213516 0.047880 0.998768 0.013048 4.703771 -0.982254 0.049452 -0.180920 -211.389999
-0.181342 -0.004154 0.983411 -170.213516 0.047880 0.998768 0.013048 4.703771 -0.982254 0.049452 -0.180920 -211.389999
-0.181342 -0.004154 0.983411 -170.213516 0.047880 0.998768 0.013048 4.703771 -0.982254 0.049452 -0.180920 -211.389999
-0.181342 -0.004154 0.983411 -170.213516 0.047880 0.998768 0.013048 4.703771 -0.982254 0.049452 -0.180920 -211.389999
-0.181342 -0.004154 0.983411 -170.213516 0.047880 0.998768 0.013048 4.703771 -0.982254 0.049452 -0.180920 -211.389999
-0.181342 -0.004154 0.983411 -170.213516 0.047880 0.998768 0.013048 4.703771 -0.982254 0.049452 -0.180920 -211.389999
-0.181342 -0.004154 0.983411 -170.213516 0.047880 0.998768 0.013048 4.703771 -0.982254 0.049452 -0.180920 -211.389999
-0.181342 -0.004154 0.983411 -170.213516 0.047880 0.998768 0.013048 4.703771 -0.982254 0.049452 -0.180920 -211.389999
-0.181342 -0.004154 0.983411 -170.213516 0.047880 0.998768 0.013048 4.703771 -0.982254 0.049452 -0.180920 -211.389999
-0.181342 -0.004154 0.983411 -170.213516 0.047880 0.998768 0.013048 4.703771 -0.982254 0.049452 -0.180920 -211.389999
-0.181342 -0.004154 0.983411 -170.213516 0.047880 0.998768 0.013048 4.703771 -0.982254 0.049452 -0.180920 -211.389999
-0.181342 -0.004154 0.983411 -170.213516 0.047880 0.998768 0.013048 4.703771 -0.982254 0.049452 -0.180920 -211.389999
-0.181342 -0.004154 0.983411 -170.213516 0.047880 0.998768 0.013048 4.703771 -0.982254 0.049452 -0.180920 -211.389999
-0.181342 -0.004154 0.983411 -170.213516 0.047880 0.998768 0.013048 4.703771 -0.982254 0.049452 -0.180920 -211.389999
-0.181342 -0.004154 0.983411 -170.213516 0.047880 0.998768 0.013048 4.703771 -0.982254 0.049452 -0.180920 -211.389999
-0.181342 -0.004154 0.983411 -170.213516 0.047880 0.998768 0.013048 4.703771 -0.982254 0.049452 -0.180920 -211.389999
-0.181342 -0.004154 0.983411 -170.213516 0.047880 0.998768 0.013048 4.703771 -0.982254 0.049452 -0.180920 -211.389999
-0.181342 -0.004154 0.983411 -170.213516 0.047880 0.998768 0.013048 4.703771 -0.982254 0.049452 -0.180920 -211.389999
-0.181342 -0.004154 0.983411 -170.213516 0.047880 0.998768 0.013048 4.703771 -0.982254 0.049452 -0.180920 -211.389999
-0.181342 -0.004154 0.983411 -170.213516 0.047880 0.998768 0.013048 4.703771 -0.982254 0.049452 -0.180920 -211.389999
-0.181342 -0.004154 0.983411 -170.213516 0.047880 0.998768 0.013048 4.703771 -0.982254 0.049452 -0.180920 -211.389999
-0.181342 -0.004154 0.983411 -170.213516 0.047880 0.998768 0.013048 4.703771 -0.982254 0.049452 -0.180920 -211.389999
-0.181342 -0.004154 0.983411 -170.213516 0.047880 0.998768 0.013048 4.703771 -0.982254 0.049452 -0.180920 -211.389999
-0.181342 -0.004154 0.983411 -170.213516 0.047880 0.998768 0.013048 4.703771 -0.982254 0.049452 -0.180920 -211.389999
-0.181342 -0.004154 0.983411 -170.213516 0.047880 0.998768 0.013048 4.703771 -0.982254 0.049452 -0.180920 -211.389999
-0.181342 -0.004154 0.983411 -170.213516 0.047880 0.998768 0.013048 4.703771 -0.982254 0.049452 -0.180920 -211.389999
-0.181342 -0.004154 0.983411 -170.213516 0.047880 0.998768 0.013048 4.703771 -0.982254 0.049452 -0.180920 -211.389999
-0.181342 -0.004154 0.983411 -170.213516 0.047880 0.998768 0.013048 4.703771 -0.982254 0.049452 -0.180920 -211.389999
-0.181342 -0.004154 0.983411 -170.213516 0.047880 0.998768 0.013048 4.703771 -0.982254 0.049452 -0.180920 -211.389999
-0.181342 -0.004154 0.983411 -170.213516 0.047880 0.998768 0.013048 4.703771 -0.982254 0.049452 -0.180920 -211.389999
-0.181342 -0.004154 0.983411 -170.213516 0.047880 0.998768 0.013048 4.703771 -0.982254 0.049452 -0.180920 -211.389999
-0.181342 -0.004154 0.983411 -170.213516 0.047880 0.998768 0.013048 4.703771 -0.982254 0.049452 -0.180920 -211.389999
-0.181342 -0.004154 0.983411 -170.213516 0.047880 0.998768 0.013048 4.703771 -0.982254 0.049452 -0.180920 -211.389999
-0.181342 -0.004154 0.983411 -170.213516 0.047880 0.998768 0.013048 4.703771 -0.982254 0.049452 -0.180920 -211.389999
-0.181342 -0.004154 0.983411 -170.213516 0.047880 0.998768 0.013048 4.703771 -0.982254 0.049452 -0.180920 -211.389999
-0.181342 -0.004154 0.983411 -170.213516 0.047880 0.998768 0.013048 4.703771 -0.982254 0.049452 -0.180920 -211.389999
-0.181342 -0.004154 0.983411 -170.213516 0.047880 0.998768 0.013048 4.703771 -0.982254 0.049452 -0.180920 -211.389999
-0.181342 -0.004154 0.983411 -170.213516 0.047880 0.998768 0.013048 4.703771 -0.982254 0.049452 -0.180920 -211.389999
-0.181342 -0.004154 0.983411 -170.213516 0.047880 0.998768 0.013048 4.703771 -0.982254 0.049452 -0.180920 -211.389999
-0.181342 -0.004154 0.983411 -170.213516 0.047880 0.998768 0.013048 4.703771 -0.982254 0.049452 -0.180920 -211.389999
-0.181342 -0.004154 0.983411 -170.213516 0.047880 0.998768 0.013048 4.703771 -0.982254 0.049452 -0.180920 -211.389999
-0.181342 -0.004154 0.983411 -170.213516 0.047880 0.998768 0.013048 4.703771 -0.982254 0.049452 -0.180920 -211.389999
-0.181342 -0.004154 0.983411 -170.213516 0.047880 0.998768 0.013048 4.703771 -0.982254 0.049452 -0.180920 -211.389999
-0.181342 -0.004154 0.983411 -170.213516 0.047880 0.998768 0.013048 4.703771 -0.982254 0.049452 -0.180920 -211.389999
-0.181342 -0.004154 0.983411 -170.213516 0.047880 0.998768 0.013048 4.703771 -0.982254 0.049452 -0.180920 -211.389999
-0.181342 -0.004154 0.983411 -170.213516 0.047880 0.998768 0.013048 4.703771 -0.982254 0.049452 -0.180920 -211.389999
-0.181342 -0.004154 0.983411 -170.213516 0.047880 0.998768 0.013048 4.703771 -0.982254 0.049452 -0.180920 -211.389999
-0.181342 -0.004154 0.983411 -170.213516 0.047880 0.998768 0.013048 4.703771 -0.982254 0.049452 -0.180920 -211.389999
-0.181342 -0.004154 0.983411 -170.213516 0.047880 0.998768 0.013048 4.703771 -0.982254 0.049452 -0.180920 -211.389999
-0.181342 -0.004154 0.983411 -170.213516 0.047880 0.998768 0.013048 4.703771 -0.982254 0.049452 -0.180920 -211.389999
-0.181342 -0.004154 0.983411 -170.213516 0.047880 0.998768 0.013048 4.703771 -0.982254 0.049452 -0.180920 -211.389999
-0.181342 -0.004154 0.983411 -170.213516 0.047880 0.998768 0.013048 4.703771 -0.982254 0.049452 -0.180920 -211.389999
-0.181342 -0.004154 0.983411 -170.213516 0.047880 0.998768 0.013048 4.703771 -0.982254 0.049452 -0.180920 -211.389999
-0.181342 -0.004154 0.983411 -170.213516 0.047880 0.998768 0.013048 4.703771 -0.982254 0.049452 -0.180920 -211.389999
-0.181342 -0.004154 0.983411 -170.213516 0.047880 0.998768 0.013048 4.703771 -0.982254 0.049452 -0.180920 -211.389999
-0.181342 -0.004154 0.983411 -170.213516 0.047880 0.998768 0.013048 4.703771 -0.982254 0.049452 -0.180920 -211.389999
-0.181342 -0.004154 0.983411 -170.213516 0.047880 0.998768 0.013048 4.703771 -0.982254 0.049452 -0.180920 -211.389999
-0.181342 -0.004154 0.983411 -170.213516 0.047880 0.998768 0.013048 4.703771 -0.982254 0.049452 -0.180920 -211.389999
-0.181342 -0.004154 0.983411 -170.213516 0.047880 0.998768 0.013048 4.703771 -0.982254 0.049452 -0.180920 -211.389999
-0.181342 -0.004154 0.983411 -170.213516 0.047880 0.998768 0.013048 4.703771 -0.982254 0.049452 -0.180920 -211.389999
-0.181342 -0.004154 0.983411 -170.213516 0.047880 0.998768 0.013048 4.703771 -0.982254 0.049452 -0.180920 -211.389999
-0.181342 -0.004154 0.983411 -170.213516 0.047880 0.998768 0.013048 4.703771 -0.982254 0.049452 -0.180920 -211.389999
-0.181342 -0.004154 0.983411 -170.213516 0.047880 0.998768 0.013048 4.703771 -0.982254 0.049452 -0.180920 -211.389999
-0.181342 -0.004154 0.983411 -170.213516 0.047880 0.998768 0.013048 4.703771 -0.982254 0.049452 -0.180920 -211.389999
-0.181342 -0.004154 0.983411 -170.213516 0.047880 0.998768 0.013048 4.703771 -0.982254 0.049452 -0.180920 -211.389999
-0.181342 -0.004154 0.983411 -170.213516 0.047880 0.998768 0.013048 4.703771 -0.982254 0.049452 -0.180920 -211.389999
-0.181342 -0.004154 0.983411 -170.213516 0.047880 0.998768 0.013048 4.703771 -0.982254 0.049452 -0.180920 -211.389999
-0.181342 -0.004154 0.983411 -170.213516 0.047880 0.998768 0.013048 4.703771 -0.982254 0.049452 -0.180920 -211.389999
-0.181342 -0.004154 0.983411 -170.213516 0.047880 0.998768 0.013048 4.703771 -0.982254 0.049452 -0.180920 -211.389999
-0.181342 -0.004154 0.983411 -170.213516 0.047880 0.998768 0.013048 4.703771 -0.982254 0.049452 -0.180920 -211.389999
-0.181342 -0.004154 0.983411 -170.213516 0.047880 0.998768 0.013048 4.703771 -0.982254 0.049452 -0.180920 -211.389999
-0.181342 -0.004154 0.983411 -170.213516 0.047880 0.998768 0.013048 4.703771 -0.982254 0.049452 -0.180920 -211.389999
-0.181342 -0.004154 0.983411 -170.213516 0.047880 0.998768 0.013048 4.703771 -0.982254 0.049452 -0.180920 -211.389999
-0.181342 -0.004154 0.983411 -170.213516 0.047880 0.998768 0.013048 4.703771 -0.982254 0.049452 -0.180920 -211.389999
-0.181342 -0.004154 0.983411 -170.213516 0.047880 0.998768 0.013048 4.703771 -0.982254 0.049452 -0.180920 -211.389999
-0.181342 -0.004154 0.983411 -170.213516 0.047880 0.998768 0.013048 4.703771 -0.982254 0.049452 -0.180920 -211.389999
-0.181342 -0.004154 0.983411 -170.213516 0.047880 0.998768 0.013048 4.703771 -0.982254 0.049452 -0.180920 -211.389999
-0.181342 -0.004154 0.983411 -170.213516 0.047880 0.998768 0.013048 4.703771 -0.982254 0.049452 -0.180920 -211.389999
-0.181342 -0.004154 0.983411 -170.213516 0.047880 0.998768 0.013048 4.703771 -0.982254 0.049452 -0.180920 -211.389999
-0.181342 -0.004154 0.983411 -170.213516 0.047880 0.998768 0.013048 4.703771 -0.982254 0.049452 -0.180920 -211.389999
-0.181342 -0.004154 0.983411 -170.213516 0.047880 0.998768 0.013048 4.703771 -0.982254 0.049452 -0.180920 -211.389999
-0.181342 -0.004154 0.983411 -170.213516 0.047880 0.998768 0.013048 4.703771 -0.982254 0.049452 -0.180920 -211.389999
-0.181342 -0.004154 0.983411 -170.213516 0.047880 0.998768 0.013048 4.703771 -0.982254 0.049452 -0.180920 -211.389999
-0.181342 -0.004154 0.983411 -170.213516 0.047880 0.998768 0.013048 4.703771 -0.982254 0.049452 -0.180920 -211.389999
-0.181342 -0.004154 0.983411 -170.213516 0.047880 0.998768 0.013048 4.703771 -0.982254 0.049452 -0.180920 -211.389999
-0.181342 -0.004154 0.983411 -170.213516 0.047880 0.998768 0.013048 4.703771 -0.982254 0.049452 -0.180920 -211.389999
-0.181342 -0.004154 0.983411 -170.213516 0.047880 0.998768 0.013048 4.703771 -0.982254 0.049452 -0.180920 -211.389999
-0.181342 -0.004154 0.983411 -170.213516 0.047880 0.998768 0.013048 4.703771 -0.982254 0.049452 -0.180920 -211.389999
-0.181342 -0.004154 0.983411 -170.213516 0.047880 0.998768 0.013048 4.703771 -0.982254 0.049452 -0.180920 -211.389999
-0.181342 -0.004154 0.983411 -170.213516 0.047880 0.998768 0.013048 4.703771 -0.982254 0.049452 -0.180920 -211.389999
-0.181342 -0.004154 0.983411 -170.213516 0.047880 0.998768 0.013048 4.703771 -0.982254 0.049452 -0.180920 -211.389999
-0.181342 -0.004154 0.983411 -170.213516 0.047880 0.998768 0.013048 4.703771 -0.982254 0.049452 -0.180920 -211.389999
-0.181342 -0.004154 0.983411 -170.213516 0.047880 0.998768 0.013048 4.703771 -0.982254 0.049452 -0.180920 -211.389999
-0.181342 -0.004154 0.983411 -170.213516 0.047880 0.998768 0.013048 4.703771 -0.982254 0.049452 -0.180920 -211.389999
-0.181342 -0.004154 0.983411 -170.213516 0.047880 0.998768 0.013048 4.703771 -0.982254 0.049452 -0.180920 -211.389999
-0.181342 -0.004154 0.983411 -170.213516 0.047880 0.998768 0.013048 4.703771 -0.982254 0.049452 -0.180920 -211.389999
-0.181342 -0.004154 0.983411 -170.213516 0.047880 0.998768 0.013048 4.703771 -0.982254 0.049452 -0.180920 -211.389999
-0.181342 -0.004154 0.983411 -170.213516 0.047880 0.998768 0.013048 4.703771 -0.982254 0.049452 -0.180920 -211.389999
-0.181342 -0.004154 0.983411 -170.213516 0.047880 0.998768 0.013048 4.703771 -0.982254 0.049452 -0.180920 -211.389999
-0.181342 -0.004154 0.983411 -170.213516 0.047880 0.998768 0.013048 4.703771 -0.982254 0.049452 -0.180920 -211.389999
-0.181342 -0.004154 0.983411 -170.213516 0.047880 0.998768 0.013048 4.703771 -0.982254 0.049452 -0.180920 -211.389999
-0.181342 -0.004154 0.983411 -170.213516 0.047880 0.998768 0.013048 4.703771 -0.982254 0.049452 -0.180920 -211.389999
-0.181342 -0.004154 0.983411 -170.213516 0.047880 0.998768 0.013048 4.703771 -0.982254 0.049452 -0.180920 -211.389999
-0.181342 -0.004154 0.983411 -170.213516 0.047880 0.998768 0.013048 4.703771 -0.982254 0.049452 -0.180920 -211.389999
-0.181342 -0.004154 0.983411 -170.213516 0.047880 0.998768 0.013048 4.703771 -0.982254 0.049452 -0.180920 -211.389999
-0.181342 -0.004154 0.983411 -170.213516 0.047880 0.998768 0.013048 4.703771 -0.982254 0.049452 -0.180920 -211.389999
-0.181342 -0.004154 0.983411 -170.213516 0.047880 0.998768 0.013048 4.703771 -0.982254 0.049452 -0.180920 -211.389999
-0.181342 -0.004154 0.983411 -170.213516 0.047880 0.998768 0.013048 4.703771 -0.982254 0.049452 -0.180920 -211.389999
-0.181342 -0.004154 0.983411 -170.213516 0.047880 0.998768 0.013048 4.703771 -0.982254 0.049452 -0.180920 -211.389999
-0.181342 -0.004154 0.983411 -170.213516 0.047880 0.998768 0.013048 4.703771 -0.982254 0.049452 -0.180920 -211.389999
-0.181342 -0.004154 0.983411 -170.213516 0.047880 0.998768 0.013048 4.703771 -0.982254 0.049452 -0.180920 -211.389999
-0.181342 -0.004154 0.983411 -170.213516 0.047880 0.998768 0.013048 4.703771 -0.982254 0.049452 -0.180920 -211.389999
-0.181342 -0.004154 0.983411 -170.213516 0.047880 0.998768 0.013048 4.703771 -0.982254 0.049452 -0.180920 -211.389999
-0.181342 -0.004154 0.983411 -170.213516 0.047880 0.998768 0.013048 4.703771 -0.982254 0.049452 -0.180920 -211.389999
-0.181342 -0.004154 0.983411 -170.213516 0.047880 0.998768 0.013048 4.703771 -0.982254 0.049452 -0.180920 -211.389999
-0.181342 -0.004154 0.983411 -170.213516 0.047880 0.998768 0.013048 4.703771 -0.982254 0.049452 -0.180920 -211.389999
-0.181342 -0.004154 0.983411 -170.213516 0.047880 0.998768 0.013048 4.703771 -0.982254 0.049452 -0.180920 -211.389999
-0.181342 -0.004154 0.983411 -170.213516 0.047880 0.998768 0.013048 4.703771 -0.982254 0.049452 -0.180920 -211.389999
-0.181342 -0.004154 0.983411 -170.213516 0.047880 0.998768 0.013048 4.703771 -0.982254 0.049452 -0.180920 -211.389999
-0.181342 -0.004154 0.983411 -170.213516 0.047880 0.998768 0.013048 4.703771 -0.982254 0.049452 -0.180920 -211.389999
-0.181342 -0.004154 0.983411 -170.213516 0.047880 0.998768 0.013048 4.703771 -0.982254 0.049452 -0.180920 -211.389999
-0.181342 -0.004154 0.983411 -170.213516 0.047880 0.998768 0.013048 4.703771 -0.982254 0.049452 -0.180920 -211.389999
-0.181342 -0.004154 0.983411 -170.213516 0.047880 0.998768 0.013048 4.703771 -0.982254 0.049452 -0.180920 -211.389999
-0.181342 -0.004154 0.983411 -170.213516 0.047880 0.998768 0.013048 4.703771 -0.982254 0.049452 -0.180920 -211.389999
-0.181342 -0.004154 0.983411 -170.213516 0.047880 0.998768 0.013048 4.703771 -0.982254 0.049452 -0.180920 -211.389999
-0.181342 -0.004154 0.983411 -170.213516 0.047880 0.998768 0.013048 4.703771 -0.982254 0.049452 -0.180920 -211.389999
-0.181342 -0.004154 0.983411 -170.213516 0.047880 0.998768 0.013048 4.703771 -0.982254 0.049452 -0.180920 -211.389999
-0.181342 -0.004154 0.983411 -170.213516 0.047880 0.998768 0.013048 4.703771 -0.982254 0.049452 -0.180920 -211.389999
-0.181342 -0.004154 0.983411 -170.213516 0.047880 0.998768 0.013048 4.703771 -0.982254 0.049452 -0.180920 -211.389999
-0.181342 -0.004154 0.983411 -170.213516 0.047880 0.998768 0.013048 4.703771 -0.982254 0.049452 -0.180920 -211.389999
-0.181342 -0.004154 0.983411 -170.213516 0.047880 0.998768 0.013048 4.703771 -0.982254 0.049452 -0.180920 -211.389999
-0.181342 -0.004154 0.983411 -170.213516 0.047880 0.998768 0.013048 4.703771 -0.982254 0.049452 -0.180920 -211.389999
-0.181342 -0.004154 0.983411 -170.213516 0.047880 0.998768 0.013048 4.703771 -0.982254 0.049452 -0.180920 -211.389999
-0.181342 -0.004154 0.983411 -170.213516 0.047880 0.998768 0.013048 4.703771 -0.982254 0.049452 -0.180920 -211.389999
-0.181342 -0.004154 0.983411 -170.213516 0.047880 0.998768 0.013048 4.703771 -0.982254 0.049452 -0.180920 -211.389999
-0.181342 -0.004154 0.983411 -170.213516 0.047880 0.998768 0.013048 4.703771 -0.982254 0.049452 -0.180920 -211.389999
-0.181342 -0.004154 0.983411 -170.213516 0.047880 0.998768 0.013048 4.703771 -0.982254 0.049452 -0.180920 -211.389999
-0.181342 -0.004154 0.983411 -170.213516 0.047880 0.998768 0.013048 4.703771 -0.982254 0.049452 -0.180920 -211.389999
-0.181342 -0.004154 0.983411 -170.213516 0.047880 0.998768 0.013048 4.703771 -0.982254 0.049452 -0.180920 -211.389999
-0.181342 -0.004154 0.983411 -170.213516 0.047880 0.998768 0.013048 4.703771 -0.982254 0.049452 -0.180920 -211.389999
-0.181342 -0.004154 0.983411 -170.213516 0.047880 0.998768 0.013048 4.703771 -0.982254 0.049452 -0.180920 -211.389999
-0.181342 -0.004154 0.983411 -170.213516 0.047880 0.998768 0.013048 4.703771 -0.982254 0.049452 -0.180920 -211.389999
-0.181342 -0.004154 0.983411 -170.213516 0.047880 0.998768 0.013048 4.703771 -0.982254 0.049452 -0.180920 -211.389999
-0.181342 -0.004154 0.983411 -170.213516 0.047880 0.998768 0.013048 4.703771 -0.982254 0.049452 -0.180920 -211.389999
-0.181342 -0.004154 0.983411 -170.213516 0.047880 0.998768 0.013048 4.703771 -0.982254 0.049452 -0.180920 -211.389999
-0.181342 -0.004154 0.983411 -170.213516 0.047880 0.998768 0.013048 4.703771 -0.982254 0.049452 -0.180920 -211.389999
-0.181342 -0.004154 0.983411 -170.213516 0.047880 0.998768 0.013048 4.703771 -0.982254 0.049452 -0.180920 -211.389999
-0.181342 -0.004154 0.983411 -170.213516 0.047880 0.998768 0.013048 4.703771 -0.982254 0.049452 -0.180920 -211.389999
-0.181342 -0.004154 0.983411 -170.213516 0.047880 0.998768 0.013048 4.703771 -0.982254 0.049452 -0.180920 -211.389999
-0.181342 -0.004154 0.983411 -170.213516 0.047880 0.998768 0.013048 4.703771 -0.982254 0.049452 -0.180920 -211.389999
-0.181342 -0.004154 0.983411 -170.213516 0.047880 0.998768 0.013048 4.703771 -0.982254 0.049452 -0.180920 -211.389999
-0.181342 -0.004154 0.983411 -170.213516 0.047880 0.998768 0.013048 4.703771 -0.982254 0.049452 -0.180920 -211.389999
-0.181342 -0.004154 0.983411 -170.213516 0.047880 0.998768 0.013048 4.703771 -0.982254 0.049452 -0.180920 -211.389999
-0.181342 -0.004154 0.983411 -170.213516 0.047880 0.998768 0.013048 4.703771 -0.982254 0.049452 -0.180920 -211.389999
-0.181342 -0.004154 0.983411 -170.213516 0.047880 0.998768 0.013048 4.703771 -0.982254 0.049452 -0.180920 -211.389999
-0.181342 -0.004154 0.983411 -170.213516 0.047880 0.998768 0.013048 4.703771 -0.982254 0.049452 -0.180920 -211.389999
-0.181342 -0.004154 0.983411 -170.213516 0.047880 0.998768 0.013048 4.703771 -0.982254 0.049452 -0.180920 -211.389999
-0.181342 -0.004154 0.983411 -170.213516 0.047880 0.998768 0.013048 4.703771 -0.982254 0.049452 -0.180920 -211.389999
-0.181342 -0.004154 0.983411 -170.213516 0.047880 0.998768 0.013048 4.703771 -0.982254 0.049452 -0.180920 -211.389999
-0.181342 -0.004154 0.983411 -170.213516 0.047880 0.998768 0.013048 4.703771 -0.982254 0.049452 -0.180920 -211.389999
-0.181342 -0.004154 0.983411 -170.213516 0.047880 0.998768 0.013048 4.703771 -0.982254 0.049452 -0.180920 -211.389999
-0.181342 -0.004154 0.983411 -170.213516 0.047880 0.998768 0.013048 4.703771 -0.982254 0.049452 -0.180920 -211.389999
-0.181342 -0.004154 0.983411 -170.213516 0.047880 0.998768 0.013048 4.703771 -0.982254 0.049452 -0.180920 -211.389999
-0.181342 -0.004154 0.983411 -170.213516 0.047880 0.998768 0.013048 4.703771 -0.982254 0.049452 -0.180920 -211.389999
-0.181342 -0.004154 0.983411 -170.213516 0.047880 0.998768 0.013048 4.703771 -0.982254 0.049452 -0.180920 -211.389999
-0.181342 -0.004154 0.983411 -170.213516 0.047880 0.998768 0.013048 4.703771 -0.982254 0.049452 -0.180920 -211.389999
-0.181342 -0.004154 0.983411 -170.213516 0.047880 0.998768 0.013048 4.703771 -0.982254 0.049452 -0.180920 -211.389999
-0.181342 -0.004154 0.983411 -170.213516 0.047880 0.998768 0.013048 4.703771 -0.982254 0.049452 -0.180920 -211.389999
-0.181342 -0.004154 0.983411 -170.213516 0.047880 0.998768 0.013048 4.703771 -0.982254 0.049452 -0.180920 -211.389999
-0.181342 -0.004154 0.983411 -170.213516 0.047880 0.998768 0.013048 4.703771 -0.982254 0.049452 -0.180920 -211.389999
-0.181342 -0.004154 0.983411 -170.213516 0.047880 0.998768 0.013048 4.703771 -0.982254 0.049452 -0.180920 -211.389999
-0.181342 -0.004154 0.983411 -170.213516 0.047880 0.998768 0.013048 4.703771 -0.982254 0.049452 -0.180920 -211.389999
-0.181342 -0.004154 0.983411 -170.213516 0.047880 0.998768 0.013048 4.703771 -0.982254 0.049452 -0.180920 -211.389999
-0.181342 -0.004154 0.983411 -170.213516 0.047880 0.998768 0.013048 4.703771 -0.982254 0.049452 -0.180920 -211.389999
-0.181342 -0.004154 0.983411 -170.213516 0.047880 0.998768 0.013048 4.703771 -0.982254 0.049452 -0.180920 -211.389999
-0.181342 -0.004154 0.983411 -170.213516 0.047880 0.998768 0.013048 4.703771 -0.982254 0.049452 -0.180920 -211.389999
-0.181342 -0.004154 0.983411 -170.213516 0.047880 0.998768 0.013048 4.703771 -0.982254 0.049452 -0.180920 -211.389999
-0.181342 -0.004154 0.983411 -170.213516 0.047880 0.998768 0.013048 4.703771 -0.982254 0.049452 -0.180920 -211.389999
-0.181342 -0.004154 0.983411 -170.213516 0.047880 0.998768 0.013048 4.703771 -0.982254 0.049452 -0.180920 -211.389999
-0.181342 -0.004154 0.983411 -170.213516 0.047880 0.998768 0.013048 4.703771 -0.982254 0.049452 -0.180920 -211.389999
-0.181342 -0.004154 0.983411 -170.213516 0.047880 0.998768 0.013048 4.703771 -0.982254 0.049452 -0.180920 -211.389999
-0.181342 -0.004154 0.983411 -170.213516 0.047880 0.998768 0.013048 4.703771 -0.982254 0.049452 -0.180920 -211.389999
-0.181342 -0.004154 0.983411 -170.213516 0.047880 0.998768 0.013048 4.703771 -0.982254 0.049452 -0.180920 -211.389999
-0.181342 -0.004154 0.983411 -170.213516 0.047880 0.998768 0.013048 4.703771 -0.982254 0.049452 -0.180920 -211.389999
-0.181342 -0.004154 0.983411 -170.213516 0.047880 0.998768 0.013048 4.703771 -0.982254 0.049452 -0.180920 -211.389999
-0.181342 -0.004154 0.983411 -170.213516 0.047880 0.998768 0.013048 4.703771 -0.982254 0.049452 -0.180920 -211.389999
-0.181342 -0.004154 0.983411 -170.213516 0.047880 0.998768 0.013048 4.703771 -0.982254 0.049452 -0.180920 -211.389999
-0.181342 -0.004154 0.983411 -170.213516 0.047880 0.998768 0.013048 4.703771 -0.982254 0.049452 -0.180920 -211.389999
-0.181342 -0.004154 0.983411 -170.213516 0.047880 0.998768 0.013048 4.703771 -0.982254 0.049452 -0.180920 -211.389999
-0.181342 -0.004154 0.983411 -170.213516 0.047880 0.998768 0.013048 4.703771 -0.982254 0.049452 -0.180920 -211.389999
-0.181342 -0.004154 0.983411 -170.213516 0.047880 0.998768 0.013048 4.703771 -0.982254 0.049452 -0.180920 -211.389999
-0.181342 -0.004154 0.983411 -170.213516 0.047880 0.998768 0.013048 4.703771 -0.982254 0.049452 -0.180920 -211.389999
-0.181342 -0.004154 0.983411 -170.213516 0.047880 0.998768 0.013048 4.703771 -0.982254 0.049452 -0.180920 -211.389999
-0.181342 -0.004154 0.983411 -170.213516 0.047880 0.998768 0.013048 4.703771 -0.982254 0.049452 -0.180920 -211.389999
-0.181342 -0.004154 0.983411 -170.213516 0.047880 0.998768 0.013048 4.703771 -0.982254 0.049452 -0.180920 -211.389999
-0.181342 -0.004154 0.983411 -170.213516 0.047880 0.998768 0.013048 4.703771 -0.982254 0.049452 -0.180920 -211.389999
-0.181342 -0.004154 0.983411 -170.213516 0.047880 0.998768 0.013048 4.703771 -0.982254 0.049452 -0.180920 -211.389999
-0.181342 -0.004154 0.983411 -170.213516 0.047880 0.998768 0.013048 4.703771 -0.982254 0.049452 -0.180920 -211.389999
-0.181342 -0.004154 0.983411 -170.213516 0.047880 0.998768 0.013048 4.703771 -0.982254 0.049452 -0.180920 -211.389999
-0.181342 -0.004154 0.983411 -170.213516 0.047880 0.998768 0.013048 4.703771 -0.982254 0.049452 -0.180920 -211.389999
-0.181342 -0.004154 0.983411 -170.213516 0.047880 0.998768 0.013048 4.703771 -0.982254 0.049452 -0.180920 -211.389999
-0.181342 -0.004154 0.983411 -170.213516 0.047880 0.998768 0.013048 4.703771 -0.982254 0.049452 -0.180920 -211.389999
-0.181342 -0.004154 0.983411 -170.213516 0.047880 0.998768 0.013048 4.703771 -0.982254 0.049452 -0.180920 -211.389999
-0.181342 -0.004154 0.983411 -170.213516 0.047880 0.998768 0.013048 4.703771 -0.982254 0.049452 -0.180920 -211.389999
-0.181342 -0.004154 0.983411 -170.213516 0.047880 0.998768 0.013048 4.703771 -0.982254 0.049452 -0.180920 -211.389999
-0.181342 -0.004154 0.983411 -170.213516 0.047880 0.998768 0.013048 4.703771 -0.982254 0.049452 -0.180920 -211.389999
-0.181342 -0.004154 0.983411 -170.213516 0.047880 0.998768 0.013048 4.703771 -0.982254 0.049452 -0.180920 -211.389999
-0.181342 -0.004154 0.983411 -170.213516 0.047880 0.998768 0.013048 4.703771 -0.982254 0.049452 -0.180920 -211.389999
-0.181342 -0.004154 0.983411 -170.213516 0.047880 0.998768 0.013048 4.703771 -0.982254 0.049452 -0.180920 -211.389999
-0.181342 -0.004154 0.983411 -170.213516 0.047880 0.998768 0.013048 4.703771 -0.982254 0.049452 -0.180920 -211.389999
0.993698 0.019515 -0.110382 -0.014631 -0.019656 0.999807 -0.000186 0.152031 0.110357 0.002354 0.993889 -6.934417
0.993698 0.019515 -0.110382 -0.014631 -0.019656 0.999807 -0.000186 0.152031 0.110357 0.002354 0.993889 -6.934417
0.993698 0.019515 -0.110382 -0.014631 -0.019656 0.999807 -0.000186 0.152031 0.110357 0.002354 0.993889 -6.934417
0.993698 0.019515 -0.110382 -0.014631 -0.019656 0.999807 -0.000186 0.152031 0.110357 0.002354 0.993889 -6.934417
0.995087 0.017678 -0.097416 -0.123094 -0.017912 0.999838 -0.001520 0.140645 0.097374 0.003257 0.995243 -5.924409
0.995087 0.017678 -0.097416 -0.123094 -0.017912 0.999838 -0.001520 0.140645 0.097374 0.003257 0.995243 -5.924409
0.995726 0.018189 -0.090546 -0.116965 -0.018402 0.999830 -0.001521 0.105145 0.090503 0.003181 0.995891 -5.373753
0.995985 0.018541 -0.087574 -0.102356 -0.018960 0.999812 -0.003950 0.109984 0.087484 0.005595 0.996150 -5.025701
0.996466 0.017239 -0.082209 -0.135854 -0.017690 0.999832 -0.004762 0.085847 0.082113 0.006199 0.996604 -4.825043
0.996831 0.017348 -0.077634 -0.163629 -0.017832 0.999826 -0.005545 0.093154 0.077524 0.006911 0.996966 -4.589359
0.997255 0.016176 -0.072256 -0.203390 -0.016608 0.999848 -0.005385 0.089798 0.072158 0.006571 0.997372 -4.327460
0.997613 0.015266 -0.067341 -0.203994 -0.015652 0.999864 -0.005220 0.080193 0.067252 0.006261 0.997716 -3.999221
0.997883 0.013919 -0.063521 -0.204327 -0.014209 0.999891 -0.004120 0.066679 0.063457 0.005014 0.997972 -3.706331
0.998232 0.012702 -0.058068 -0.214928 -0.012907 0.999912 -0.003153 0.073089 0.058022 0.003897 0.998308 -3.398175
0.998503 0.011039 -0.053579 -0.213303 -0.011145 0.999937 -0.001684 0.060525 0.053557 0.002278 0.998562 -3.047513
0.998746 0.010447 -0.048962 -0.232672 -0.010516 0.999944 -0.001159 0.057715 0.048947 0.001673 0.998800 -2.729388
0.998965 0.010700 -0.044214 -0.222239 -0.010723 0.999942 -0.000285 0.041952 0.044209 0.000759 0.999022 -2.425740
0.999150 0.011024 -0.039714 -0.235693 -0.011012 0.999939 0.000510 0.037760 0.039717 -0.000072 0.999211 -2.055142
0.999292 0.010175 -0.036219 -0.228410 -0.010122 0.999947 0.001642 0.029913 0.036234 -0.001274 0.999342 -1.693498
0.999452 0.007713 -0.032191 -0.252664 -0.007661 0.999969 0.001729 0.028069 0.032204 -0.001482 0.999480 -1.289322
0.999551 0.005857 -0.029387 -0.265884 -0.005860 0.999983 -0.000034 0.020852 0.029386 0.000207 0.999568 -0.896024
0.999601 0.004448 -0.027888 -0.266632 -0.004520 0.999987 -0.002520 0.013802 0.027877 0.002645 0.999608 -0.492910
0.999628 0.005582 -0.026694 -0.282143 -0.005701 0.999974 -0.004363 0.001180 0.026669 0.004514 0.999634 -0.078801
0.999667 0.009470 -0.023987 -0.295693 -0.009574 0.999945 -0.004241 -0.002662 0.023946 0.004469 0.999703 0.358015
0.999729 0.014447 -0.018270 -0.306419 -0.014504 0.999890 -0.002997 -0.007530 0.018224 0.003261 0.999829 0.799492
0.999881 0.011552 -0.010262 -0.294210 -0.011573 0.999931 -0.002016 -0.015384 0.010238 0.002135 0.999945 1.237637
0.999991 0.003094 -0.002729 -0.270548 -0.003100 0.999993 -0.002158 -0.020952 0.002722 0.002167 0.999994 1.676471
0.999985 -0.005518 0.000659 -0.263092 0.005521 0.999971 -0.005321 -0.035366 -0.000630 0.005325 0.999986 2.125833
0.999955 -0.008695 -0.003720 -0.251933 0.008663 0.999925 -0.008647 -0.051775 0.003795 0.008614 0.999956 2.555548
0.999866 -0.004860 -0.015605 -0.265636 0.004693 0.999932 -0.010665 -0.070054 0.015656 0.010591 0.999821 2.971627
0.999460 0.000067 -0.032846 -0.291226 -0.000532 0.999900 -0.014134 -0.080174 0.032842 0.014144 0.999361 3.384501
0.998763 0.007574 -0.049149 -0.376278 -0.008429 0.999816 -0.017222 -0.085812 0.049010 0.017615 0.998643 3.797345
0.997597 0.007398 -0.068886 -0.409172 -0.008688 0.999792 -0.018449 -0.094662 0.068735 0.019003 0.997454 4.187737
0.995756 0.003523 -0.091970 -0.459043 -0.005215 0.999822 -0.018159 -0.098962 0.091889 0.018561 0.995596 4.598647
0.993283 0.004979 -0.115600 -0.537678 -0.006388 0.999910 -0.011821 -0.117543 0.115531 0.012480 0.993225 5.001891
0.989957 0.011365 -0.140909 -0.613437 -0.012239 0.999911 -0.005341 -0.132454 0.140836 0.007012 0.990008 5.371196
0.985752 0.015558 -0.167485 -0.712815 -0.015895 0.999873 -0.000671 -0.143959 0.167453 0.003324 0.985874 5.769624
0.981126 0.018335 -0.192500 -0.831160 -0.018370 0.999830 0.001600 -0.143270 0.192497 0.001967 0.981296 6.150550
0.975927 0.019161 -0.217253 -0.919994 -0.018515 0.999816 0.005011 -0.146802 0.217309 -0.000868 0.976102 6.533912
0.971387 0.020094 -0.236650 -1.046550 -0.018711 0.999792 0.008087 -0.158231 0.236764 -0.003427 0.971561 6.909815
0.968013 0.025103 -0.249640 -1.160812 -0.022831 0.999667 0.011991 -0.170882 0.249858 -0.005907 0.968265 7.257148
0.965903 0.032263 -0.256888 -1.289766 -0.029179 0.999449 0.015810 -0.167894 0.257257 -0.007775 0.966312 7.645115
0.965188 0.037345 -0.258876 -1.394550 -0.033713 0.999261 0.018456 -0.172728 0.259374 -0.009086 0.965734 8.013136
0.966435 0.037648 -0.254139 -1.480220 -0.034032 0.999247 0.018611 -0.170476 0.254648 -0.009337 0.966989 8.374178
0.968624 0.034908 -0.246068 -1.567673 -0.031389 0.999341 0.018209 -0.167178 0.246542 -0.009914 0.969082 8.719983
0.970924 0.029015 -0.237621 -1.648172 -0.024808 0.999478 0.020680 -0.160957 0.238097 -0.014183 0.971138 9.057049
0.973030 0.028140 -0.228957 -1.677576 -0.023482 0.999459 0.023042 -0.177539 0.229482 -0.017044 0.973164 9.352173
0.975381 0.028555 -0.218669 -1.742720 -0.023789 0.999419 0.024399 -0.177076 0.219238 -0.018597 0.975494 9.618025
0.977298 0.028892 -0.209888 -1.748920 -0.024343 0.999410 0.024225 -0.175628 0.210464 -0.018565 0.977425 9.823812
0.979361 0.027955 -0.200177 -1.787673 -0.023786 0.999448 0.023200 -0.179648 0.200715 -0.017960 0.979485 10.010862
0.981052 0.024531 -0.192185 -1.813931 -0.020819 0.999556 0.021307 -0.174186 0.192623 -0.016903 0.981127 10.158358
0.981987 0.023509 -0.187479 -1.818620 -0.020089 0.999596 0.020124 -0.177749 0.187877 -0.015995 0.982062 10.268952
0.982772 0.023950 -0.183265 -1.844752 -0.020662 0.999590 0.019832 -0.188534 0.183665 -0.015703 0.982863 10.339494
0.983104 0.024177 -0.181442 -1.846386 -0.021223 0.999609 0.018207 -0.178955 0.181811 -0.014048 0.983233 10.355058
0.982930 0.023954 -0.182411 -1.826070 -0.020903 0.999608 0.018630 -0.189654 0.182786 -0.014499 0.983046 10.345826
0.982704 0.025103 -0.183476 -1.792396 -0.022427 0.999610 0.016644 -0.193482 0.183822 -0.012241 0.982883 10.307427
0.983013 0.023818 -0.181982 -1.852115 -0.022205 0.999694 0.010896 -0.191438 0.182186 -0.006670 0.983241 10.351028
0.982876 0.024446 -0.182637 -1.836039 -0.023361 0.999694 0.008093 -0.202161 0.182779 -0.003688 0.983147 10.331552
0.982910 0.024074 -0.182507 -1.835451 -0.022848 0.999700 0.008815 -0.192447 0.182664 -0.004494 0.983165 10.330620
0.982914 0.023997 -0.182493 -1.830552 -0.022630 0.999698 0.009565 -0.191002 0.182667 -0.005272 0.983161 10.330976
0.982858 0.023713 -0.182834 -1.831344 -0.022240 0.999702 0.010105 -0.191657 0.183019 -0.005866 0.983092 10.334094
0.982923 0.024238 -0.182416 -1.832666 -0.022711 0.999687 0.010457 -0.191419 0.182612 -0.006136 0.983166 10.331463
0.982889 0.024486 -0.182565 -1.831641 -0.022949 0.999681 0.010527 -0.192212 0.182765 -0.006157 0.983137 10.331723
0.982889 0.024486 -0.182565 -1.831641 -0.022949 0.999681 0.010527 -0.192212 0.182765 -0.006157 0.983137 10.331723
0.982889 0.024486 -0.182565 -1.831641 -0.022949 0.999681 0.010527 -0.192212 0.182765 -0.006157 0.983137 10.331723
0.982889 0.024486 -0.182565 -1.831641 -0.022949 0.999681 0.010527 -0.192212 0.182765 -0.006157 0.983137 10.331723
0.982889 0.024486 -0.182565 -1.831641 -0.022949 0.999681 0.010527 -0.192212 0.182765 -0.006157 0.983137 10.331723
