1.000000 0.000000000 0.000000000 0.000000000 0.000000000 0.000000000 0.000000000 1.000000000
2.000000 0.000428967 0.007804564 -0.001230059 -0.001168770 0.000589253 -0.000153611 0.999999106
3.000000 0.000485006 0.000419383 0.000210932 -0.004583129 0.000397304 0.000577609 0.999989271
4.000000 0.001391771 -0.002813537 -0.002306420 -0.004123674 -0.000087560 0.000991366 0.999991000
5.000000 0.000909104 0.003498877 0.000864838 -0.003088635 0.000342207 0.001126468 0.999994516
6.000000 0.001493418 0.003037814 0.000675240 -0.004410354 0.000035151 0.001578798 0.999989033
7.000000 0.002161776 0.001055619 0.000441845 -0.004990021 -0.000211562 0.002143605 0.999985218
8.000000 0.001285178 0.000712711 -0.001945119 -0.004543446 0.000231206 0.002156268 0.999987304
9.000000 0.002887465 0.002467662 -0.000420913 -0.004294305 0.000267406 0.001978657 0.999988794
10.000000 0.003435087 0.002191140 -0.000444391 -0.004732803 0.000340994 0.002214255 0.999986291
11.000000 0.002455222 0.002085750 -0.001416822 -0.004991566 0.000698211 0.002224395 0.999984801
12.000000 0.003257869 0.000322890 -0.001950829 -0.005070655 0.000610537 0.002700423 0.999983311
13.000000 0.002734164 -0.001475637 -0.001654360 -0.005067181 0.000752176 0.003380516 0.999981165
14.000000 0.004270579 -0.001269013 -0.002382874 -0.004544420 0.000258033 0.003540232 0.999983370
15.000000 0.002281775 -0.001377981 -0.003881461 -0.004146868 0.000495807 0.003213697 0.999986112
16.000000 0.002793892 -0.001470360 -0.003127393 -0.003814540 0.000398235 0.003273537 0.999987304
17.000000 0.004380584 -0.001448695 -0.001411629 -0.003483837 0.000274333 0.003139196 0.999988973
18.000000 0.004366241 -0.004410735 -0.004313057 -0.003583628 0.000762135 0.002697080 0.999989629
19.000000 0.004259474 -0.004065943 -0.005261155 -0.003195812 0.001435792 0.002392513 0.999991000
20.000000 0.002602134 -0.004514930 -0.004198481 -0.002895561 0.002312581 0.002205213 0.999990702
21.000000 0.003649152 -0.004370169 -0.004020343 -0.002344772 0.002980258 0.002165814 0.999990463
22.000000 0.003412659 -0.003264107 -0.003950080 -0.001735290 0.003731554 0.002202934 0.999989092
23.000000 0.004699067 -0.003531196 -0.004232951 -0.001753254 0.004081291 0.002380144 0.999987304
24.000000 0.005653406 -0.002837466 -0.003937341 -0.001718456 0.004511204 0.002051586 0.999986231
25.000000 0.005443081 -0.002265296 -0.004314298 -0.001630394 0.005489590 0.001993083 0.999981642
26.000000 0.005253750 -0.003520102 -0.005046494 -0.001971008 0.006577922 0.002034540 0.999974370
27.000000 0.006252624 -0.002721051 -0.005637651 -0.001912382 0.007549217 0.002126883 0.999967396
28.000000 0.007828154 -0.003491971 -0.004791439 -0.002203343 0.008583514 0.003354869 0.999955118
29.000000 0.007486571 -0.000573781 -0.003145160 -0.001957867 0.010247971 0.003929028 0.999937832
30.000000 0.010365247 0.000074270 -0.001475811 -0.002204271 0.011489415 0.004600642 0.999920964
31.000000 0.012875880 -0.000502947 -0.000037726 -0.002292029 0.013482982 0.005974797 0.999888599
32.000000 0.010398665 -0.001520122 -0.002774513 -0.002099985 0.016700123 0.007062204 0.999833405
33.000000 0.011911324 -0.000621168 -0.000406738 -0.002238858 0.019339269 0.008042905 0.999778092
34.000000 0.011016186 -0.001967233 -0.002336784 -0.002468741 0.022943597 0.009213706 0.999691248
35.000000 0.011584910 -0.001916560 -0.002290643 -0.002492316 0.026263533 0.010875090 0.999592781
36.000000 0.013839944 0.000801666 0.002185636 -0.002352699 0.029731449 0.012274556 0.999479771
37.000000 0.015203768 0.000547656 0.002130818 -0.002415385 0.037097048 0.016061617 0.999179661
38.000000 0.017663935 0.001035594 0.004387093 -0.002542168 0.040938582 0.017496029 0.999005258
39.000000 0.017666206 0.000611966 0.002823194 -0.002453052 0.045102697 0.018920679 0.998800159
40.000000 0.020331454 0.004949775 0.005839507 -0.001784381 0.049176071 0.020426027 0.998579621
41.000000 0.021427728 0.003809928 0.004926625 -0.003202052 0.053443216 0.021469029 0.998334944
42.000000 0.022857703 0.001504597 0.005563542 -0.004114596 0.058114454 0.023296826 0.998029590
43.000000 0.021637412 -0.001551952 0.003023839 -0.004618526 0.063747235 0.024689190 0.997649968
44.000000 0.024920296 0.001621253 0.005318538 -0.003807813 0.068588600 0.026863500 0.997276008
45.000000 0.051923141 0.002445590 0.004820392 -0.004506456 0.068280816 0.031462252 0.997159719
46.000000 0.109654091 0.007739822 -0.000735350 -0.004680054 0.061807290 0.033380762 0.997518778
47.000000 0.114242561 0.009176561 0.002187778 -0.004637739 0.066517256 0.034715958 0.997170389
48.000000 0.118751206 0.011819035 0.006422531 -0.004488552 0.071504861 0.036953386 0.996745408
49.000000 0.122903317 0.011938930 0.002684432 -0.004547265 0.075597025 0.037747853 0.996413291
50.000000 0.125799000 0.011988190 0.001740577 -0.004691590 0.080322921 0.039466780 0.995976210
51.000000 0.129566267 0.014620517 0.003584230 -0.004403851 0.084986046 0.040551532 0.995546818
52.000000 0.129675061 0.013296159 0.001114873 -0.005010851 0.090249188 0.041836936 0.995027423
53.000000 0.132935748 0.013429173 0.001416212 -0.005417674 0.095348939 0.043146901 0.994493604
54.000000 0.134688392 0.010675696 -0.000333830 -0.005352420 0.100443743 0.044238117 0.993944347
55.000000 0.136443153 0.012960521 0.000858482 -0.004060090 0.105476901 0.045588668 0.993367910
56.000000 0.137950450 0.015781954 0.002080057 -0.003564407 0.110516995 0.047861572 0.992714763
57.000000 0.140016377 0.016871693 0.001028798 -0.003393488 0.115057491 0.049986698 0.992094517
58.000000 0.141401052 0.018172663 0.002335222 -0.003091672 0.120368473 0.052045763 0.991359234
59.000000 0.143934041 0.019122696 0.000944939 -0.003063544 0.125164658 0.054140799 0.990652919
60.000000 0.145822331 0.019950705 0.001237912 -0.003343870 0.130217463 0.056628935 0.989861310
61.000000 0.148211539 0.018737312 -0.002007992 -0.003916822 0.134790465 0.059587520 0.989073038
62.000000 0.151720688 0.018611426 -0.002182966 -0.003854895 0.139561534 0.061660927 0.988284171
63.000000 0.154377937 0.019611549 -0.004741356 -0.003630007 0.144406140 0.063989006 0.987440705
64.000000 0.158910602 0.020247538 -0.005578468 -0.003924445 0.149114564 0.065911211 0.986612976
65.000000 0.163527727 0.020173334 -0.008513357 -0.004262402 0.153760016 0.068173476 0.985744417
66.000000 0.166215226 0.021058396 -0.009456540 -0.004369873 0.159191042 0.069789790 0.984768271
67.000000 0.170657113 0.019943843 -0.013204105 -0.004527178 0.164314315 0.072055526 0.983762324
68.000000 0.173871309 0.021793660 -0.015364933 -0.004391276 0.169124708 0.074369662 0.982775033
69.000000 0.175178483 0.023655485 -0.015659984 -0.004534497 0.174605712 0.076776572 0.981630087
70.000000 0.179952905 0.023135992 -0.016609225 -0.005401490 0.178798065 0.079198733 0.980678141
71.000000 0.182866469 0.022884987 -0.018085863 -0.005626472 0.183618009 0.082105525 0.979546547
72.000000 0.184402138 0.023322163 -0.019664735 -0.006011887 0.188944474 0.084027149 0.978367686
73.000000 0.188289285 0.024081809 -0.021864632 -0.005969604 0.193549633 0.086040817 0.977292120
74.000000 0.188381344 0.023418391 -0.023794902 -0.005878577 0.199093401 0.088337258 0.975973248
75.000000 0.194328472 0.025308393 -0.026997546 -0.005915632 0.203170627 0.090505868 0.974933565
76.000000 0.198130086 0.027363364 -0.027185135 -0.006007929 0.207919553 0.092721783 0.973722816
77.000000 0.201250508 0.026328126 -0.033151273 -0.006720615 0.212181911 0.094166465 0.972659409
78.000000 0.205193669 0.027109768 -0.035428919 -0.006949566 0.216191292 0.096283451 0.971567035
79.000000 0.214560717 0.028436547 -0.040911403 -0.007340457 0.223785579 0.100431107 0.969422340
80.000000 0.218992054 0.028846119 -0.042782653 -0.007087111 0.227573499 0.102182791 0.968358755
81.000000 0.221607342 0.031461503 -0.045662194 -0.006702693 0.231382459 0.103984758 0.967266440
82.000000 0.223780870 0.029660381 -0.050147247 -0.007321118 0.235334069 0.106089540 0.966079354
83.000000 0.226197809 0.033288617 -0.050365992 -0.006796331 0.239316911 0.107401550 0.964959145
84.000000 0.229042619 0.033996057 -0.053432386 -0.007170372 0.242847681 0.109346926 0.963855207
85.000000 0.230317846 0.034568455 -0.054839097 -0.007136594 0.247125253 0.111441545 0.962527394
86.000000 0.234678045 0.035511944 -0.056338605 -0.007322316 0.250353396 0.113620028 0.961436450
87.000000 0.238134846 0.035026010 -0.057743020 -0.007307973 0.253585011 0.115301900 0.960388839
88.000000 0.240409970 0.034990061 -0.061283305 -0.006583112 0.257233649 0.117073350 0.959208667
89.000000 0.241453245 0.036211006 -0.062895589 -0.005942530 0.261321962 0.118767433 0.957898676
90.000000 0.244384125 0.037311148 -0.063963324 -0.005786087 0.264784515 0.120526075 0.956728339
91.000000 0.247030169 0.035231531 -0.067424364 -0.006061358 0.267854542 0.122275546 0.955649436
92.000000 0.249093726 0.036962748 -0.069449984 -0.005088556 0.271058619 0.123464435 0.954598248
93.000000 0.251141876 0.037599768 -0.069768421 -0.004741980 0.274251014 0.124401629 0.953566015
94.000000 0.254965574 0.037211187 -0.071926564 -0.004687996 0.276828527 0.125612125 0.952662349
95.000000 0.256818324 0.037152581 -0.074651040 -0.004459028 0.279781550 0.126477212 0.951685786
96.000000 0.258395970 0.037411697 -0.076481782 -0.003960737 0.282680988 0.127761573 0.950659096
97.000000 0.259844989 0.039018236 -0.076749288 -0.003288737 0.285371989 0.128484309 0.949759841
98.000000 0.262673318 0.039611705 -0.078019276 -0.003263458 0.287393510 0.129554316 0.949004769
99.000000 0.263068736 0.039370246 -0.081256643 -0.003458111 0.289490998 0.130333468 0.948259532
100.000000 0.266488075 0.037336212 -0.084143870 -0.003891298 0.290989667 0.131713122 0.947608292
101.000000 0.267300814 0.036852714 -0.084549494 -0.003230706 0.293340921 0.132425904 0.946786165
102.000000 0.270195723 0.036439992 -0.085545145 -0.002305641 0.295118839 0.133507878 0.946084142
103.000000 0.271105707 0.035661902 -0.086004950 -0.001796757 0.297407329 0.134222671 0.945267081
104.000000 0.273629159 0.033403333 -0.090050526 -0.001269975 0.299169540 0.135029316 0.944596767
105.000000 0.276134729 0.033458389 -0.089765735 -0.000010045 0.301346242 0.135325953 0.943862975
106.000000 0.275967211 0.033573683 -0.089796990 0.001278467 0.304106921 0.135378316 0.942968726
107.000000 0.280484170 0.030860774 -0.093403853 0.003428274 0.307048321 0.134613141 0.942119360
108.000000 0.281431675 0.030300362 -0.094718218 0.004843129 0.308055490 0.134394079 0.941815555
109.000000 0.281037152 0.029401848 -0.095932513 0.006495970 0.309112191 0.134438366 0.941452980
110.000000 0.283345878 0.027073983 -0.096764550 0.007758151 0.309394926 0.134472579 0.941345692
111.000000 0.284031957 0.023285422 -0.100166775 0.010788851 0.310662359 0.135007158 0.940821767
112.000000 0.284922183 0.020283883 -0.102534242 0.012226379 0.310888261 0.134933457 0.940740108
113.000000 0.287597597 0.018706767 -0.102308236 0.014319450 0.311422497 0.134266958 0.940629244
114.000000 0.290512264 0.017508276 -0.102923922 0.016561642 0.311569035 0.133619398 0.940636098
115.000000 0.291969389 0.016588865 -0.103425398 0.018891525 0.311690539 0.132674024 0.940685809
116.000000 0.292145371 0.015159086 -0.103294410 0.020610860 0.311924458 0.131003425 0.940806270
117.000000 0.291750461 0.012423836 -0.106587626 0.022292849 0.312040210 0.129524216 0.940934360
118.000000 0.292966336 0.010206048 -0.106595643 0.024035547 0.312352151 0.127988935 0.940998018
119.000000 0.293200999 0.009272747 -0.106972188 0.025872432 0.312459409 0.126589298 0.941103041
120.000000 0.291741133 0.009089704 -0.105788410 0.027191868 0.312512398 0.125014499 0.941258729
121.000000 0.290288031 0.004408937 -0.106124535 0.030097734 0.310436845 0.123762026 0.942022324
122.000000 0.290343642 0.001363500 -0.106591687 0.032115210 0.308163881 0.123031989 0.942797363
123.000000 0.289085478 0.002512893 -0.104129143 0.034717914 0.306059361 0.121615514 0.943574011
124.000000 0.288607150 -0.001670075 -0.105828658 0.035825014 0.303658724 0.121091731 0.944375336
125.000000 0.286739886 -0.004477983 -0.105785593 0.037513420 0.301480591 0.120450824 0.945089340
126.000000 0.286283553 -0.004360392 -0.103556857 0.039625369 0.299618959 0.118387975 0.945855498
127.000000 0.286796808 -0.006965181 -0.105186813 0.041016113 0.297585815 0.117157616 0.946590960
128.000000 0.286504656 -0.008510042 -0.102197431 0.042884145 0.296175539 0.115518875 0.947151721
129.000000 0.283798844 -0.007892021 -0.100500286 0.045112547 0.294602364 0.113898747 0.947734892
130.000000 0.282345474 -0.009320318 -0.101017565 0.045592718 0.292483628 0.112252384 0.948564231
131.000000 0.280745298 -0.007762167 -0.099307634 0.046052262 0.289810270 0.110693388 0.949545264
132.000000 0.280396342 -0.008459524 -0.096626543 0.046155598 0.286798269 0.110050507 0.950528979
133.000000 0.279604286 -0.010085044 -0.094430856 0.046934631 0.283978045 0.109039128 0.951453686
134.000000 0.277574718 -0.012106206 -0.095108271 0.047498107 0.280593723 0.108360998 0.952506661
135.000000 0.274706692 -0.012649477 -0.092168108 0.048470415 0.276849926 0.108398251 0.953548431
136.000000 0.272301316 -0.013987220 -0.089353725 0.049713906 0.273179829 0.107650548 0.954626977
137.000000 0.268762916 -0.013994485 -0.087102428 0.051332917 0.265549183 0.105523288 0.956929147
138.000000 0.268250018 -0.016138388 -0.086310960 0.051742967 0.261955917 0.105045505 0.957949460
139.000000 0.266788870 -0.017479511 -0.084396191 0.052517962 0.258078903 0.104023322 0.959070563
140.000000 0.265336215 -0.018420536 -0.081789955 0.052967001 0.254097134 0.103006832 0.960218072
141.000000 0.263552547 -0.021442750 -0.081699558 0.052918412 0.249938250 0.102344185 0.961382449
142.000000 0.261222661 -0.021206446 -0.078963585 0.054001372 0.245904729 0.101393349 0.962462544
143.000000 0.260669887 -0.021348801 -0.078386739 0.054243866 0.241753131 0.100798115 0.963562548
144.000000 0.258419454 -0.024363128 -0.075228892 0.054001592 0.238026187 0.099987656 0.964587927
145.000000 0.256320655 -0.024480864 -0.072876401 0.054758329 0.234498531 0.099309750 0.965478897
146.000000 0.253061146 -0.025630629 -0.072184235 0.054931168 0.231114119 0.098304935 0.966387570
147.000000 0.250232667 -0.027302947 -0.071655788 0.054984421 0.227620274 0.097629018 0.967281938
148.000000 0.248092473 -0.026705189 -0.068976812 0.055529833 0.224283174 0.096381664 0.968154967
149.000000 0.244757399 -0.023684217 -0.066593595 0.056099076 0.221107811 0.095138751 0.968975127
150.000000 0.240724951 -0.024860749 -0.063622288 0.055728175 0.218156889 0.094211884 0.969755650
151.000000 0.238887370 -0.023442529 -0.061754495 0.055916619 0.214562282 0.093085952 0.970655143
152.000000 0.231522292 -0.024412049 -0.058467813 0.055652961 0.211434275 0.092093632 0.971451044
153.000000 0.229730174 -0.025957895 -0.057277594 0.055231012 0.207221717 0.090376355 0.972543478
154.000000 0.227697387 -0.025761032 -0.053766795 0.055588990 0.203275114 0.089171000 0.973466814
155.000000 0.222298831 -0.026703641 -0.051499590 0.055175535 0.199888244 0.087661102 0.974328458
156.000000 0.218338385 -0.026830291 -0.049970310 0.055198535 0.195893332 0.086218283 0.975266814
157.000000 0.215868697 -0.027807700 -0.047200244 0.055260178 0.191663951 0.084337957 0.976267576
158.000000 0.213762119 -0.027753951 -0.045996409 0.055303328 0.187528595 0.082562722 0.977219522
159.000000 0.209409103 -0.028979549 -0.045228694 0.054598849 0.183779210 0.081389524 0.978069484
160.000000 0.204958558 -0.033742927 -0.044738658 0.053489983 0.180280581 0.080298774 0.978871703
161.000000 0.201243028 -0.033068717 -0.042335887 0.053605311 0.176941812 0.078558899 0.979615510
162.000000 0.196928263 -0.032827273 -0.042231064 0.053113759 0.173152655 0.077259757 0.980422378
163.000000 0.194042102 -0.031626225 -0.039975062 0.052600421 0.168705851 0.076132558 0.981313050
164.000000 0.190507472 -0.033662230 -0.038679052 0.052026853 0.163926020 0.074773677 0.982257783
165.000000 0.184910432 -0.031778757 -0.035377584 0.052379377 0.159284666 0.073290586 0.983114064
166.000000 0.182867438 -0.032388244 -0.034211565 0.051480204 0.154256880 0.071626179 0.984085500
167.000000 0.178256825 -0.032889280 -0.032108124 0.051669702 0.150008067 0.070063852 0.984844565
168.000000 0.173941597 -0.032351393 -0.029559808 0.052089088 0.145782471 0.067660764 0.985624790
169.000000 0.169751585 -0.031749185 -0.028173465 0.051861171 0.141597241 0.066178158 0.986347377
170.000000 0.167065293 -0.033439364 -0.028158834 0.051283874 0.136770517 0.064544953 0.987166524
171.000000 0.165076122 -0.034627136 -0.025808768 0.051093958 0.132173195 0.062335081 0.987944305
172.000000 0.164607629 -0.032337613 -0.026616134 0.051391847 0.126774669 0.060760401 0.988734186
173.000000 0.164551735 -0.030785233 -0.024834225 0.051381301 0.121521555 0.058859222 0.989508986
174.000000 0.163681149 -0.033226192 -0.025262333 0.050493557 0.116344623 0.056643575 0.990305960
175.000000 0.163715497 -0.034242366 -0.025198834 0.049793396 0.110795528 0.055334281 0.991051495
176.000000 0.161667243 -0.033941880 -0.022118624 0.049661625 0.106137812 0.053010661 0.991694689
177.000000 0.158444494 -0.034693528 -0.021893732 0.049331546 0.101415403 0.050690632 0.992326438
178.000000 0.159491375 -0.034336440 -0.022546029 0.048747506 0.095515341 0.048529822 0.993048549
179.000000 0.155405417 -0.036944672 -0.023684027 0.047825605 0.090794206 0.046193931 0.993647456
180.000000 0.151994079 -0.036951825 -0.023893112 0.047398176 0.085792378 0.044925362 0.994170427
181.000000 0.152692348 -0.038845509 -0.025182307 0.046965096 0.080505863 0.044280458 0.994661927
182.000000 0.148975387 -0.037090894 -0.020020800 0.047127273 0.076254211 0.042974975 0.995046496
183.000000 0.147664428 -0.036234424 -0.020824537 0.047141034 0.071423694 0.041732576 0.995457113
184.000000 0.142914698 -0.037545428 -0.020740855 0.047267579 0.067129172 0.040619913 0.995795906
185.000000 0.141796023 -0.037756816 -0.020520102 0.047119126 0.062031768 0.038674623 0.996210873
186.000000 0.137883157 -0.035457514 -0.021981610 0.047567945 0.057216179 0.036538806 0.996558368
187.000000 0.137318343 -0.034568895 -0.020369988 0.047730453 0.052552424 0.035038248 0.996861279
188.000000 0.135878161 -0.035123352 -0.018595025 0.047830097 0.047551785 0.032919373 0.997179747
189.000000 0.133255079 -0.034309156 -0.018628638 0.047708459 0.042677537 0.030560173 0.997481167
190.000000 0.129458234 -0.036075994 -0.018739486 0.047139537 0.038768105 0.028108513 0.997739851
191.000000 0.128277972 -0.034568612 -0.015930569 0.047542576 0.034301963 0.026165837 0.997937083
192.000000 0.126571760 -0.036702242 -0.019042123 0.046781924 0.029429715 0.023992516 0.998183191
193.000000 0.124098197 -0.035077341 -0.019478055 0.046406627 0.024575837 0.022488616 0.998367012
194.000000 0.124000020 -0.037520878 -0.019267062 0.045838431 0.019515958 0.020675769 0.998544157
195.000000 0.120599389 -0.037820417 -0.021826753 0.045806337 0.014486231 0.019771703 0.998649597
196.000000 0.124116324 -0.038460974 -0.020525770 0.045215715 0.009296853 0.018152442 0.998769045
197.000000 0.122498840 -0.038429338 -0.021046238 0.044819608 0.004376683 0.016681066 0.998846233
198.000000 0.126431197 -0.039993167 -0.020346360 0.043956302 -0.000784270 0.014686099 0.998925209
199.000000 0.124949209 -0.040237036 -0.018673247 0.043533415 -0.005261998 0.013033629 0.998953104
200.000000 0.126301393 -0.041806106 -0.019910613 0.043113858 -0.009846895 0.010857771 0.998962641
201.000000 0.125036776 -0.042307485 -0.021982752 0.042496338 -0.014346283 0.009631270 0.998947203
202.000000 0.122863427 -0.043651842 -0.020562904 0.041784581 -0.018937802 0.008751797 0.998908818
203.000000 0.124260843 -0.043237254 -0.016781485 0.041446414 -0.023684137 0.008645914 0.998822570
204.000000 0.122894570 -0.040866721 -0.015448467 0.041977555 -0.028431261 0.007933770 0.998682439
205.000000 0.119577549 -0.040261891 -0.017358782 0.041822314 -0.032726925 0.007018598 0.998564243
206.000000 0.118023783 -0.040620826 -0.014909780 0.041220218 -0.037082858 0.005759909 0.998445094
207.000000 0.119176626 -0.037381191 -0.012474976 0.041576445 -0.042206183 0.003934063 0.998235762
208.000000 0.118361123 -0.038277786 -0.011642005 0.040692724 -0.046984021 0.002213502 0.998063982
209.000000 0.111386381 -0.044110108 -0.015230251 0.039532658 -0.050820228 0.000244166 0.997925043
210.000000 0.113758087 -0.041544136 -0.007852325 0.040339112 -0.056134496 -0.001948537 0.997606099
211.000000 0.112724699 -0.041725021 -0.010854828 0.040239166 -0.061659902 -0.004019396 0.997277677
212.000000 0.112832800 -0.039984282 -0.005625568 0.039916601 -0.066592053 -0.005678209 0.996965349
213.000000 0.105113089 -0.043590650 -0.008789187 0.038908508 -0.071010262 -0.007705635 0.996686637
214.000000 0.108067855 -0.037700966 -0.000836244 0.038671095 -0.076973505 -0.009455533 0.996238053
215.000000 0.105274640 -0.046907466 -0.006185080 0.036476132 -0.082593277 -0.011056454 0.995854199
216.000000 0.106967598 -0.046894152 -0.004414715 0.036600068 -0.088430986 -0.012866673 0.995326519
217.000000 0.106444702 -0.044678587 -0.002558127 0.036819644 -0.094602644 -0.014569988 0.994727314
218.000000 0.113591850 -0.040352333 0.006880613 0.037577797 -0.102099493 -0.016586605 0.993925810
219.000000 0.108121373 -0.042273995 0.003612170 0.037309110 -0.107254013 -0.017950915 0.993369222
220.000000 0.107708633 -0.043805007 0.004657117 0.036583029 -0.113381907 -0.020222137 0.992671788
221.000000 0.109792568 -0.045293536 0.003453312 0.036258001 -0.119126357 -0.022179542 0.991968930
222.000000 0.105641492 -0.046423890 0.007566954 0.036214054 -0.123965368 -0.024378970 0.991325796
223.000000 0.107716367 -0.043414176 0.010229902 0.036208171 -0.128944546 -0.026495317 0.990636289
224.000000 0.067101419 -0.036727149 -0.000782769 0.036309689 -0.124659367 -0.030878723 0.991054058
225.000000 0.055816084 -0.044352386 -0.010567010 0.034515250 -0.128081739 -0.032952983 0.990614891
226.000000 0.052601553 -0.044876419 -0.012225443 0.034060176 -0.132414430 -0.034537371 0.990006804
227.000000 0.053911794 -0.042247649 -0.006406153 0.033948217 -0.137537837 -0.035561506 0.989275634
228.000000 0.047076799 -0.039965387 -0.006798487 0.033936605 -0.141584381 -0.037660543 0.988627255
229.000000 0.041832063 -0.042601500 -0.009022517 0.032754868 -0.145606518 -0.039534193 0.988009572
230.000000 0.038508229 -0.044119328 -0.011687031 0.032078248 -0.150050521 -0.041179452 0.987299383
231.000000 0.033764590 -0.038884372 -0.006417905 0.032767117 -0.154392198 -0.042703312 0.986542344
232.000000 0.032487396 -0.041230451 -0.007567148 0.031917617 -0.158744305 -0.044593275 0.985795617
233.000000 0.032903731 -0.042341601 -0.008163678 0.031622753 -0.163076103 -0.046078555 0.985029399
234.000000 0.028815715 -0.038502764 -0.002384410 0.032038309 -0.167367250 -0.048379373 0.984185517
235.000000 0.028087225 -0.039280482 -0.006005957 0.031827565 -0.171865836 -0.050565578 0.983306766
236.000000 0.027006803 -0.037267450 -0.005767128 0.031940941 -0.176082686 -0.052463308 0.982457280
237.000000 0.022311633 -0.033493306 -0.007248301 0.032091148 -0.179732591 -0.054678909 0.981670320
238.000000 0.018207483 -0.034164540 -0.007451906 0.031448733 -0.183775514 -0.056749549 0.980824649
239.000000 0.014541230 -0.027372999 -0.007485412 0.031946633 -0.193205312 -0.060054813 0.978797495
240.000000 0.014376902 -0.028585188 -0.007947731 0.030736055 -0.197954789 -0.061797954 0.977778196
241.000000 0.011047006 -0.026193626 -0.008800595 0.030826211 -0.202690408 -0.063625492 0.976687312
242.000000 0.013979525 -0.024012446 -0.011040662 0.030528003 -0.207830250 -0.065383710 0.975499630
243.000000 0.008676567 -0.019920379 -0.003518094 0.030532768 -0.212316796 -0.067078568 0.974417686
244.000000 0.009436933 -0.021402190 -0.006274029 0.029521357 -0.217300579 -0.068709731 0.973235786
245.000000 0.009981577 -0.019961338 -0.005751314 0.028912017 -0.222355261 -0.070053913 0.972015798
246.000000 0.006478148 -0.017947894 -0.004949949 0.028597014 -0.226532519 -0.071115710 0.970982909
247.000000 0.003031173 -0.014235398 -0.002642995 0.028872840 -0.230455682 -0.073094584 0.969903946
248.000000 -0.005656303 -0.013162257 -0.006880238 0.027713256 -0.233251840 -0.075330369 0.969097972
249.000000 -0.001361040 -0.013988848 -0.010457609 0.026410453 -0.237707511 -0.075895756 0.968006968
250.000000 -0.004991673 -0.009310766 -0.008329985 0.026257785 -0.241101429 -0.077416614 0.967050850
251.000000 -0.015750693 -0.006709449 -0.010966162 0.025083728 -0.243215114 -0.079084478 0.966417491
252.000000 -0.009780173 -0.009236877 -0.010809018 0.023503587 -0.247549146 -0.080819361 0.965212524
253.000000 -0.019416038 -0.003032213 -0.007323973 0.023321185 -0.250191927 -0.081817888 0.964451075
254.000000 -0.024596080 -0.001679751 -0.009994919 0.022486227 -0.253124982 -0.083545916 0.963557065
255.000000 -0.023239132 -0.001553861 -0.010723887 0.021423610 -0.257032692 -0.084657609 0.962449133
256.000000 -0.025349800 0.000182043 -0.014374587 0.020580143 -0.262835592 -0.088249728 0.960575819
257.000000 -0.027122628 -0.001204286 -0.016752539 0.019269763 -0.265524864 -0.090095855 0.959691584
258.000000 -0.032890134 0.001091358 -0.016109057 0.018918868 -0.268140703 -0.091818660 0.958807588
259.000000 -0.027238555 0.002676665 -0.013087979 0.018439958 -0.272645056 -0.092268348 0.957502604
260.000000 -0.032344930 0.003018530 -0.020018119 0.017668243 -0.275424629 -0.093373738 0.956614077
261.000000 -0.033204328 0.005899616 -0.020301087 0.017373001 -0.279577136 -0.094031379 0.955349624
262.000000 -0.033115406 0.005370252 -0.023666728 0.016150177 -0.283236772 -0.095301263 0.954166532
263.000000 -0.037825201 0.008667996 -0.021488138 0.015906574 -0.287292212 -0.095754214 0.952911973
264.000000 -0.035471771 0.007878635 -0.024587205 0.014875070 -0.291072726 -0.096662074 0.951688945
265.000000 -0.041510589 0.010972083 -0.025309717 0.014235564 -0.294184178 -0.097786665 0.950626552
266.000000 -0.043337014 0.012791326 -0.027308596 0.013745635 -0.297804683 -0.099247716 0.949354172
267.000000 -0.042384818 0.010776052 -0.031677611 0.012891689 -0.301680356 -0.100833058 0.947974384
268.000000 -0.044722654 0.016053412 -0.029350687 0.012835530 -0.305252820 -0.102824897 0.946616590
269.000000 -0.043892123 0.020461379 -0.030616328 0.012302833 -0.309123158 -0.103162713 0.945330083
270.000000 -0.048760466 0.021346688 -0.032694034 0.011500064 -0.312157899 -0.105233833 0.944113910
271.000000 -0.045423314 0.023105379 -0.033526674 0.010778299 -0.316044837 -0.106713444 0.942662060
272.000000 -0.052764926 0.022516055 -0.036111485 0.009995078 -0.318357587 -0.109513573 0.941570640
273.000000 -0.055873096 0.026943356 -0.036435273 0.009809293 -0.321396321 -0.110839851 0.940384328
274.000000 -0.055943411 0.025762614 -0.039466035 0.008651200 -0.324562162 -0.112526365 0.939107239
275.000000 -0.054048434 0.024356484 -0.038498048 0.007515693 -0.328166783 -0.113977700 0.937688231
276.000000 -0.067687288 0.033248264 -0.049624059 0.004528844 -0.339376658 -0.119253211 0.933049619
277.000000 -0.061896890 0.030960662 -0.051358398 0.003059018 -0.342528492 -0.120688096 0.931718469
278.000000 -0.070496462 0.039224122 -0.050092325 0.003386632 -0.344882429 -0.121622555 0.930726886
279.000000 -0.068010561 0.037661538 -0.052781899 0.002252575 -0.347926557 -0.123146020 0.929396093
280.000000 -0.073203921 0.039534509 -0.055703688 0.001110913 -0.350217938 -0.124753013 0.928322613
281.000000 -0.073104002 0.039886221 -0.058166727 0.000028143 -0.353111267 -0.125993133 0.927058876
282.000000 -0.071585938 0.041629449 -0.056870915 -0.000058835 -0.356162935 -0.127313808 0.925710082
283.000000 -0.073322080 0.043903355 -0.058479276 -0.000885210 -0.358430505 -0.128854752 0.924620569
284.000000 -0.068986818 0.042250395 -0.061948739 -0.002144864 -0.360691398 -0.130748495 0.923472762
285.000000 -0.078177229 0.048978966 -0.061920468 -0.002394010 -0.362019926 -0.130960271 0.922922134
286.000000 -0.074620925 0.047045086 -0.063870609 -0.003735063 -0.364306927 -0.132051423 0.921861649
287.000000 -0.072247319 0.049465209 -0.062597327 -0.004233781 -0.366621763 -0.132645711 0.920855939
288.000000 -0.079101317 0.054236211 -0.061240867 -0.004955041 -0.368291020 -0.133300856 0.920091331
289.000000 -0.085328810 0.059543472 -0.061662912 -0.005645174 -0.369551003 -0.133774698 0.919513166
290.000000 -0.086324960 0.061253037 -0.062476162 -0.006768337 -0.371058226 -0.134282917 0.918824315
291.000000 -0.084995456 0.063132785 -0.062961720 -0.008042451 -0.372503579 -0.134519950 0.918194294
292.000000 -0.085718572 0.063494466 -0.064941324 -0.009285108 -0.373549789 -0.135078922 0.917675376
293.000000 -0.084523313 0.064359650 -0.065141685 -0.010623099 -0.375128984 -0.135118410 0.917010605
294.000000 -0.086140461 0.069233283 -0.065829761 -0.012496167 -0.377578706 -0.135668203 0.915899754
295.000000 -0.088322088 0.073647819 -0.064940333 -0.013870159 -0.378638357 -0.136252254 0.915355623
296.000000 -0.091061056 0.074823968 -0.066189893 -0.015386793 -0.379570335 -0.137354642 0.914780498
297.000000 -0.086394042 0.075182624 -0.070619792 -0.017860100 -0.381911784 -0.140006498 0.913357854
298.000000 -0.085737534 0.073873900 -0.073418438 -0.018847266 -0.383067161 -0.141851380 0.912569165
299.000000 -0.087458767 0.076936513 -0.072989494 -0.019170260 -0.384429336 -0.143740445 0.911693633
300.000000 -0.086051263 0.076720700 -0.075808063 -0.020394353 -0.385748357 -0.145586908 0.910816550
301.000000 -0.090614676 0.082314089 -0.077535883 -0.022226069 -0.389400184 -0.147479519 0.908913255
302.000000 -0.091276705 0.084271424 -0.080198064 -0.023261053 -0.392043084 -0.148127690 0.907644928
303.000000 -0.092882179 0.085474372 -0.082712017 -0.023951886 -0.394766867 -0.149178028 0.906273305
304.000000 -0.094106331 0.087058149 -0.084507406 -0.024435928 -0.397857130 -0.149953499 0.904779792
305.000000 -0.092634007 0.086218886 -0.086880170 -0.025160965 -0.400994122 -0.151843652 0.903058231
306.000000 -0.095803067 0.089183085 -0.088466719 -0.025763417 -0.404134184 -0.153314158 0.901391447
307.000000 -0.097818360 0.090319537 -0.091541745 -0.026764745 -0.407347351 -0.154993683 0.899626970
308.000000 -0.099945985 0.093990624 -0.093972713 -0.027100537 -0.410761803 -0.155658036 0.897948146
309.000000 -0.099319912 0.092107683 -0.097912587 -0.027854053 -0.413960874 -0.157593146 0.896116555
310.000000 -0.102510877 0.094965637 -0.100587420 -0.027675018 -0.417134643 -0.159033820 0.894394219
311.000000 -0.100719959 0.091750458 -0.104579605 -0.028064042 -0.420613825 -0.160506964 0.892487466
312.000000 -0.101277225 0.092966169 -0.108348735 -0.027839949 -0.423996925 -0.161094606 0.890786231
313.000000 -0.105706580 0.095939070 -0.108341984 -0.027259104 -0.427200347 -0.162223324 0.889067113
314.000000 -0.105049640 0.095322095 -0.110664889 -0.027018731 -0.430417985 -0.163381323 0.887308776
315.000000 -0.105575681 0.096148841 -0.112525873 -0.026652334 -0.433567137 -0.164321765 0.885611415
316.000000 -0.108105130 0.097079769 -0.115394756 -0.026010249 -0.436367542 -0.165145129 0.884100616
317.000000 -0.108388640 0.097064935 -0.118042164 -0.025121881 -0.439634889 -0.165846840 0.882374585
318.000000 -0.110882059 0.098598674 -0.123364039 -0.023459118 -0.445643187 -0.166963711 0.879189909
319.000000 -0.111436911 0.099055879 -0.124551661 -0.022490457 -0.448767006 -0.167392150 0.877543330
320.000000 -0.111323893 0.099342123 -0.127896070 -0.021624971 -0.451758534 -0.168154880 0.875882685
321.000000 -0.113320246 0.099594034 -0.130662993 -0.020509869 -0.454070330 -0.168997541 0.874550939
322.000000 -0.113891102 0.099289201 -0.132343203 -0.019953141 -0.456824869 -0.169643953 0.873002768
323.000000 -0.111038141 0.097309396 -0.135017455 -0.019856097 -0.459475011 -0.170171797 0.871510208
324.000000 -0.113934726 0.096826822 -0.138357922 -0.019253708 -0.461115807 -0.170783311 0.870536923
325.000000 -0.118857391 0.096856214 -0.139854223 -0.018032057 -0.462912381 -0.170814782 0.869602978
326.000000 -0.122040890 0.097112902 -0.140939638 -0.017414985 -0.464809179 -0.169889510 0.868784606
327.000000 -0.122886270 0.095825784 -0.142777637 -0.016216459 -0.466409415 -0.169718385 0.867983282
328.000000 -0.122687526 0.093120173 -0.145043880 -0.014842545 -0.467522204 -0.168874130 0.867573738
329.000000 -0.126210570 0.093835674 -0.145167083 -0.013046814 -0.468198478 -0.167728245 0.867460191
330.000000 -0.126954094 0.090476982 -0.146952465 -0.011300802 -0.468531489 -0.167059660 0.867433906
331.000000 -0.129643247 0.088671990 -0.147740155 -0.009046420 -0.468307793 -0.166984245 0.867595673
332.000000 -0.130762473 0.086227328 -0.149267241 -0.007340814 -0.468106091 -0.165597662 0.867986262
333.000000 -0.134435579 0.081675641 -0.150723621 -0.002598117 -0.467911035 -0.163456917 0.868524253
334.000000 -0.135073990 0.078005962 -0.151337951 0.000029874 -0.467712581 -0.162682608 0.868780375
335.000000 -0.137658969 0.076703243 -0.151435107 0.002859023 -0.467177331 -0.161426291 0.869297802
336.000000 -0.134135425 0.070125885 -0.152796537 0.004726199 -0.466599166 -0.161336854 0.869616747
337.000000 -0.137856543 0.070488736 -0.152576312 0.007438452 -0.465973765 -0.159541443 0.870264113
338.000000 -0.137681976 0.066680737 -0.152813047 0.009413528 -0.465731621 -0.157994732 0.870656669
339.000000 -0.141435534 0.066502854 -0.151368588 0.011197012 -0.465413421 -0.156216711 0.871126473
340.000000 -0.138081983 0.061856277 -0.152240247 0.012732522 -0.465441972 -0.155069217 0.871295094
341.000000 -0.141501695 0.060357951 -0.152120918 0.014779218 -0.464688033 -0.153502300 0.871942461
342.000000 -0.139924571 0.056224946 -0.152827531 0.016424801 -0.463949233 -0.152289882 0.872518837
343.000000 -0.141777799 0.052952230 -0.152937368 0.018359605 -0.463174105 -0.150679782 0.873171389
344.000000 -0.142265528 0.047201358 -0.151385307 0.022708016 -0.462097555 -0.146744132 0.874309063
345.000000 -0.145081237 0.045819283 -0.151134640 0.024651743 -0.461500406 -0.144671544 0.874917030
346.000000 -0.146190032 0.044037312 -0.150403365 0.027201153 -0.461055696 -0.142726317 0.875395298
347.000000 -0.150104627 0.043234117 -0.150667891 0.029655013 -0.460145175 -0.141686037 0.875963509
348.000000 -0.148747414 0.040044174 -0.149240211 0.031356331 -0.459796607 -0.140811235 0.876228333
349.000000 -0.147744045 0.035162088 -0.149875373 0.033620775 -0.458581328 -0.140776679 0.876786590
350.000000 -0.152607098 0.034618858 -0.148830116 0.036133505 -0.457488716 -0.138910592 0.877554715
351.000000 -0.151724458 0.031574562 -0.149054691 0.038377300 -0.456553072 -0.137552574 0.878160417
352.000000 -0.146579832 0.024288321 -0.148414791 0.040458143 -0.456063628 -0.136146337 0.878540397
353.000000 -0.150815800 0.023027783 -0.148755774 0.042175364 -0.454611570 -0.134057239 0.879532933
354.000000 -0.146378145 0.018356401 -0.147541970 0.042827237 -0.454006523 -0.131867513 0.880144775
355.000000 -0.152138188 0.016265266 -0.148596451 0.044027165 -0.452261060 -0.130554959 0.881179333
356.000000 -0.148696288 0.012035822 -0.146213785 0.044963174 -0.451416492 -0.128917351 0.881805956
357.000000 -0.148203582 0.009103688 -0.146253347 0.046407625 -0.449834019 -0.127299353 0.882774353
358.000000 -0.149254277 0.006306346 -0.144628197 0.048004288 -0.448088795 -0.125892773 0.883777738
359.000000 -0.148258612 0.003624204 -0.143730640 0.049146440 -0.446293980 -0.124309510 0.884846568
360.000000 -0.144005999 -0.004692432 -0.145546854 0.049551494 -0.444330633 -0.123762056 0.885888159
361.000000 -0.144914746 -0.002036783 -0.140873700 0.051904086 -0.442589968 -0.121558897 0.886929274
362.000000 -0.151288047 -0.000966257 -0.140248090 0.054247763 -0.440009028 -0.119508207 0.888350725
363.000000 -0.150278658 -0.005732746 -0.141101077 0.055725493 -0.437569171 -0.118375100 0.889615238
364.000000 -0.145407543 -0.005797849 -0.137194932 0.058051255 -0.435717970 -0.116294414 0.890648901
365.000000 -0.148834601 -0.016171303 -0.137822405 0.060750321 -0.430295765 -0.113761984 0.893427789
366.000000 -0.149634168 -0.012249085 -0.132457092 0.063108824 -0.427741766 -0.110936768 0.894844830
367.000000 -0.145853505 -0.019574799 -0.133540824 0.063645020 -0.424756259 -0.109930076 0.896351933
368.000000 -0.144753084 -0.026744271 -0.129755840 0.065233864 -0.417056471 -0.107902057 0.900092006
369.000000 -0.145487979 -0.026948718 -0.126475185 0.066488914 -0.412490278 -0.106233537 0.902300119
370.000000 -0.145919800 -0.026368503 -0.123827875 0.067144349 -0.407948285 -0.104305036 0.904538751
371.000000 -0.141302437 -0.032560106 -0.121569470 0.066795267 -0.403727412 -0.103554986 0.906542301
372.000000 -0.141342297 -0.032769717 -0.118982263 0.067291714 -0.399324954 -0.102299482 0.908595741
373.000000 -0.142687276 -0.034471780 -0.114748001 0.067174777 -0.394562095 -0.101397477 0.910783648
374.000000 -0.140284508 -0.040492736 -0.113477275 0.066872641 -0.389424533 -0.101350240 0.913019598
375.000000 -0.134787574 -0.042464536 -0.110345915 0.067337684 -0.384547859 -0.099143364 0.915291846
376.000000 -0.133944452 -0.040417850 -0.104758069 0.068832017 -0.380133212 -0.096708760 0.917283118
377.000000 -0.134298787 -0.047018290 -0.104597896 0.068814605 -0.375372678 -0.095889561 0.919328630
378.000000 -0.131965294 -0.048720047 -0.101144359 0.069138482 -0.370767444 -0.093918324 0.921374381
379.000000 -0.127802014 -0.052499194 -0.098880343 0.069680437 -0.366083294 -0.092552505 0.923342705
380.000000 -0.131400242 -0.049794812 -0.098175749 0.071183570 -0.361029208 -0.090795793 0.925390184
381.000000 -0.125191599 -0.054366253 -0.095817499 0.071169242 -0.356584787 -0.089941792 0.927196145
382.000000 -0.120798938 -0.053511661 -0.090982512 0.072174616 -0.352240741 -0.088272236 0.928937733
383.000000 -0.118730173 -0.059255198 -0.092378147 0.072073214 -0.347021192 -0.087100387 0.931018412
384.000000 -0.115299314 -0.058908727 -0.089488752 0.072316550 -0.342769891 -0.085350573 0.932734907
385.000000 -0.118261285 -0.057956759 -0.087373398 0.073047221 -0.337715566 -0.084150769 0.934628785
386.000000 -0.116231218 -0.057118230 -0.083653711 0.074101403 -0.332796365 -0.082182899 0.936483622
387.000000 -0.112130754 -0.059547350 -0.080673203 0.074563593 -0.327763140 -0.080421999 0.938373029
388.000000 -0.106772318 -0.063661911 -0.078591049 0.074403532 -0.322900325 -0.079608709 0.940139294
389.000000 -0.107998751 -0.059661414 -0.077490993 0.074862592 -0.317789555 -0.077685818 0.942003310
390.000000 -0.106085248 -0.060036138 -0.074677743 0.074968964 -0.312987864 -0.076516643 0.943696737
391.000000 -0.101720832 -0.061898239 -0.072793491 0.074184030 -0.308454961 -0.075577803 0.945325494
392.000000 -0.103789710 -0.057441141 -0.070780426 0.073877454 -0.303305089 -0.073662370 0.947165251
393.000000 -0.095513746 -0.062995635 -0.067853257 0.072986498 -0.299223214 -0.072761543 0.948601186
394.000000 -0.094788454 -0.063943721 -0.068382360 0.072993837 -0.294313341 -0.071196444 0.950253963
395.000000 -0.091737524 -0.062072381 -0.066011757 0.073153786 -0.289729297 -0.069827147 0.951750815
396.000000 -0.094811037 -0.061306104 -0.062167794 0.073206298 -0.284330964 -0.068783268 0.953449309
397.000000 -0.089881286 -0.065924451 -0.066370994 0.072684564 -0.278807193 -0.068084590 0.955169082
398.000000 -0.081376486 -0.066861294 -0.063841328 0.072333872 -0.274667054 -0.066614151 0.956497967
399.000000 -0.085439578 -0.065375797 -0.062606215 0.072173871 -0.268734217 -0.065617010 0.958262682
400.000000 -0.082446501 -0.062910646 -0.058715664 0.072405957 -0.263742477 -0.064655833 0.959696233
401.000000 -0.080816343 -0.063765816 -0.061038539 0.071939036 -0.258082837 -0.063823402 0.961324394
402.000000 -0.077793196 -0.061656021 -0.060097467 0.072063334 -0.252552181 -0.062375601 0.962877750
403.000000 -0.076886065 -0.061062116 -0.058427606 0.071451269 -0.247162476 -0.060915407 0.964414179
404.000000 -0.073375084 -0.064628206 -0.060707636 0.070380442 -0.242177352 -0.059417330 0.965850055
405.000000 -0.071887732 -0.063208163 -0.058249373 0.070474476 -0.237284005 -0.057785641 0.967155874
406.000000 -0.068792000 -0.065051973 -0.057573542 0.069623798 -0.232441932 -0.056008469 0.968496919
407.000000 -0.070255131 -0.062276967 -0.055835176 0.068811975 -0.227137506 -0.054429937 0.969902456
408.000000 -0.062105570 -0.064242467 -0.054024864 0.067788668 -0.223185942 -0.053399947 0.970948637
409.000000 -0.058997445 -0.061893951 -0.051038343 0.067299478 -0.218640208 -0.051881973 0.972098529
410.000000 -0.058018435 -0.058751483 -0.046879545 0.066420302 -0.213949889 -0.049937949 0.973303676
411.000000 -0.055669766 -0.058095675 -0.043420132 0.065180317 -0.209377751 -0.048337582 0.974461854
412.000000 -0.054597285 -0.057819281 -0.046083119 0.064191930 -0.204681516 -0.046812993 0.975598991
413.000000 -0.052035086 -0.058177218 -0.045054164 0.062746651 -0.200070500 -0.045999952 0.976687610
414.000000 -0.049627025 -0.059321709 -0.044255339 0.061760880 -0.195415869 -0.044976462 0.977739930
415.000000 -0.048020598 -0.058921121 -0.043660272 0.061104316 -0.190432429 -0.044052698 0.978805959
416.000000 -0.043236874 -0.063006103 -0.045432840 0.059795626 -0.186210662 -0.043177184 0.979737639
417.000000 -0.045477774 -0.058192067 -0.043603834 0.060060453 -0.180925265 -0.042142224 0.980756283
418.000000 -0.046666045 -0.056178760 -0.040217780 0.059642449 -0.176460057 -0.040762145 0.981653214
419.000000 -0.041759592 -0.056022055 -0.041297060 0.058527123 -0.172178552 -0.039671749 0.982524931
420.000000 -0.043052875 -0.054608595 -0.042114962 0.057184942 -0.167870566 -0.038234498 0.983406067
421.000000 -0.035838217 -0.054522511 -0.038648084 0.056025710 -0.164290264 -0.037101835 0.984120548
422.000000 -0.035301231 -0.055746268 -0.038290247 0.054763068 -0.159758419 -0.035818666 0.984984934
423.000000 -0.031203303 -0.053541627 -0.035141502 0.053509045 -0.155657962 -0.034830410 0.985745549
424.000000 -0.033735517 -0.051664203 -0.035464663 0.052518304 -0.150792941 -0.032880064 0.986621618
425.000000 -0.028099392 -0.047075950 -0.031562459 0.052025072 -0.147276834 -0.032023791 0.987206876
426.000000 -0.030257938 -0.048555687 -0.036925972 0.049942937 -0.142879188 -0.030554067 0.988006949
427.000000 -0.023935644 -0.045507602 -0.029566713 0.049158748 -0.139716148 -0.029743267 0.988523185
428.000000 -0.019799549 -0.044327226 -0.025641052 0.048520304 -0.136287019 -0.028337590 0.989074588
429.000000 -0.021437379 -0.047062684 -0.028643182 0.047782164 -0.131923094 -0.027048474 0.989738107
430.000000 -0.021690648 -0.049488522 -0.031824321 0.047635574 -0.127301797 -0.026278775 0.990370870
431.000000 -0.015337445 -0.043933406 -0.028728683 0.048230380 -0.123468466 -0.024377169 0.990875959
432.000000 -0.014330391 -0.041801732 -0.030029526 0.047311123 -0.118687443 -0.022465669 0.991549432
433.000000 -0.013059830 -0.036389105 -0.026858464 0.046661858 -0.114616722 -0.020722141 0.992096901
434.000000 -0.012471680 -0.033547711 -0.026054984 0.045730684 -0.110215187 -0.018939214 0.992674470
435.000000 -0.005784258 -0.031851374 -0.023163490 0.044414427 -0.106118403 -0.017738754 0.993202686
436.000000 -0.004782136 -0.031800419 -0.023371918 0.042977080 -0.101083659 -0.016439943 0.993813276
437.000000 -0.004518188 -0.029674249 -0.022478295 0.042284984 -0.095875472 -0.014368469 0.994390965
438.000000 -0.006924996 -0.028453697 -0.019993480 0.041325249 -0.090869918 -0.012558510 0.994925678
439.000000 -0.009377795 -0.030099140 -0.022841690 0.039976038 -0.085323125 -0.010869225 0.995491683
440.000000 -0.008554394 -0.028529661 -0.020053025 0.039126396 -0.080098785 -0.009063787 0.995977521
441.000000 -0.018336887 -0.026053144 -0.022278657 0.036553580 -0.067957185 -0.005401116 0.997003734
442.000000 -0.022691477 -0.027242098 -0.022353446 0.034698125 -0.062396947 -0.003471577 0.997442067
443.000000 -0.026378984 -0.028375357 -0.022660863 0.033649549 -0.057313234 -0.001869118 0.997787297
444.000000 -0.028046155 -0.023090977 -0.021146970 0.033733577 -0.053121001 0.000091785 0.998018146
445.000000 -0.028425459 -0.020023005 -0.018220840 0.033476681 -0.049071953 0.002138388 0.998231828
446.000000 -0.030051248 -0.016880170 -0.020678345 0.032675374 -0.045178507 0.003391388 0.998438656
447.000000 -0.026507638 -0.011769022 -0.014354336 0.031678367 -0.042168286 0.004529983 0.998597920
448.000000 -0.028033851 -0.010470729 -0.013755240 0.029707540 -0.038117446 0.005430429 0.998816848
449.000000 -0.027562171 -0.006256808 -0.011773647 0.028200377 -0.034560636 0.006133516 0.998985827
450.000000 -0.027310953 -0.006373329 -0.010658367 0.025981700 -0.031021921 0.006971524 0.999156654
451.000000 -0.025028488 -0.003546272 -0.007486778 0.023898734 -0.028142463 0.008225902 0.999284327
452.000000 -0.025265854 -0.003014369 -0.004015779 0.021502629 -0.025389565 0.009171218 0.999404311
453.000000 -0.024364397 -0.000082745 0.002689590 0.019573702 -0.022852011 0.009918847 0.999498010
454.000000 -0.023965666 -0.001324270 0.001633174 0.016926702 -0.020359550 0.010206001 0.999597371
455.000000 -0.021580709 0.001155498 0.009524343 0.014873647 -0.018672980 0.011518695 0.999648631
456.000000 -0.020694770 -0.000563820 0.015318945 0.012540969 -0.017130136 0.012860756 0.999691904
457.000000 -0.019135315 -0.000706508 0.022527676 0.011229252 -0.015915863 0.013803426 0.999714971
458.000000 -0.019248007 -0.001009007 0.027429819 0.009586036 -0.014451027 0.014002787 0.999751568
459.000000 -0.017384687 -0.005108889 0.033825245 0.007741835 -0.013292144 0.014770704 0.999772549
460.000000 -0.014912311 -0.002054093 0.042839691 0.007605169 -0.012516632 0.014966078 0.999780715
461.000000 -0.011664142 -0.002034110 0.050567992 0.006478247 -0.011722466 0.015277038 0.999793589
462.000000 -0.010210695 -0.002447703 0.060251445 0.005129721 -0.009844789 0.015864460 0.999812543
463.000000 -0.011196155 -0.005519500 0.065686487 0.003874241 -0.008249213 0.016470594 0.999822795
464.000000 -0.007286885 -0.009509529 0.086744271 0.001188959 -0.007084963 0.017537253 0.999820411
465.000000 -0.004267009 -0.012076132 0.097576775 0.000629467 -0.007205044 0.017991215 0.999812007
466.000000 -0.001610629 -0.012710063 0.107582889 0.000084211 -0.007055427 0.018587664 0.999802351
467.000000 -0.000913202 -0.017673539 0.117495067 -0.001456158 -0.006267922 0.019056315 0.999797702
468.000000 0.001055141 -0.018644778 0.128773987 -0.001945861 -0.005447877 0.019971162 0.999783814
469.000000 0.004025474 -0.021837046 0.142090589 -0.002578553 -0.004851271 0.021498362 0.999753773
470.000000 0.004146194 -0.028673213 0.152222201 -0.003794016 -0.004787101 0.022777572 0.999721885
471.000000 0.007579822 -0.031531237 0.166416824 -0.004354962 -0.005672381 0.022926359 0.999711573
472.000000 0.010686069 -0.037894230 0.179778144 -0.005025778 -0.006247245 0.022955598 0.999704361
473.000000 0.013991755 -0.043770578 0.191041172 -0.005138171 -0.007258209 0.022499675 0.999707282
474.000000 0.015852055 -0.046798550 0.203794032 -0.004676219 -0.008004325 0.021009905 0.999736309
475.000000 0.018889604 -0.048798844 0.213734299 -0.004814390 -0.008187251 0.019740252 0.999760032
476.000000 0.021127393 -0.054717720 0.226864174 -0.006117782 -0.008052441 0.019258436 0.999763429
477.000000 0.024823371 -0.061019450 0.240722373 -0.006972674 -0.008478027 0.018406387 0.999770343
478.000000 0.027567219 -0.061761715 0.251357675 -0.006771011 -0.009155517 0.017366620 0.999784350
479.000000 0.029079938 -0.069451280 0.257713646 -0.008565302 -0.010476995 0.016412638 0.999773681
480.000000 0.029320328 -0.078518130 0.267895520 -0.009654549 -0.011271154 0.015969047 0.999762356
481.000000 0.036106359 -0.077058092 0.285280704 -0.007723270 -0.013307585 0.014386460 0.999778092
482.000000 0.039147731 -0.080804989 0.296193302 -0.007292060 -0.014303897 0.012634653 0.999791265
483.000000 0.040097546 -0.080213159 0.300380707 -0.008116849 -0.014531144 0.010707496 0.999804139
484.000000 0.044753287 -0.082375698 0.318956017 -0.010035122 -0.014849062 0.010029863 0.999789059
485.000000 0.047613572 -0.087868765 0.331886619 -0.012156774 -0.014817191 0.009827484 0.999768019
486.000000 0.047336955 -0.091300033 0.344421804 -0.013435190 -0.014555519 0.009885121 0.999754906
487.000000 0.047591727 -0.093413182 0.351091951 -0.015396704 -0.014614283 0.010254465 0.999722064
488.000000 0.049483709 -0.099128515 0.366304159 -0.017400417 -0.014962083 0.010822274 0.999678075
489.000000 0.046586104 -0.099790625 0.376512945 -0.017516339 -0.014601961 0.010854263 0.999680996
490.000000 0.052258726 -0.111087441 0.384981573 -0.018634832 -0.015065202 0.011778914 0.999643445
491.000000 0.052058522 -0.116706751 0.396537721 -0.018491535 -0.013830958 0.011313133 0.999669313
492.000000 0.052208871 -0.118648082 0.405845404 -0.017938009 -0.012505163 0.011445293 0.999695420
493.000000 0.052558374 -0.119209856 0.416829795 -0.018060122 -0.011509823 0.011704902 0.999702156
494.000000 0.056711763 -0.121165447 0.431180060 -0.019281361 -0.011172227 0.011824876 0.999681771
495.000000 0.054317754 -0.126512095 0.442969143 -0.020505374 -0.010275014 0.012587185 0.999657691
496.000000 0.058495667 -0.131302848 0.455909789 -0.020624109 -0.010134147 0.013745822 0.999641418
497.000000 0.055870902 -0.138886988 0.465193540 -0.020668438 -0.008396666 0.014433239 0.999646962
498.000000 0.055488236 -0.145430282 0.478082597 -0.019608131 -0.006855131 0.015712064 0.999660730
499.000000 0.053087659 -0.144985750 0.488723457 -0.018358270 -0.005131494 0.016470365 0.999682605
500.000000 0.054045696 -0.145655110 0.501093507 -0.018925585 -0.004679071 0.017804341 0.999651432
501.000000 0.053924438 -0.149622142 0.513342142 -0.021106541 -0.004062162 0.018641040 0.999595165
502.000000 0.049204908 -0.158341378 0.522073865 -0.023515692 -0.003047491 0.019704776 0.999524593
503.000000 0.046806984 -0.160409838 0.533769846 -0.024569463 -0.001907858 0.019284938 0.999510288
504.000000 0.045937255 -0.164970055 0.545953035 -0.026432840 -0.000403179 0.018662538 0.999476254
505.000000 0.041993696 -0.177256003 0.553209245 -0.028561650 0.001633495 0.019671196 0.999397099
506.000000 0.036494706 -0.178622589 0.568364143 -0.027281474 0.003363871 0.021012828 0.999401271
507.000000 0.036124568 -0.183660716 0.579124510 -0.027729547 0.004854636 0.022717569 0.999345481
508.000000 0.036272045 -0.189048022 0.588095903 -0.028317817 0.006512788 0.025206672 0.999259830
509.000000 0.032047331 -0.188670471 0.597806096 -0.027186302 0.009161095 0.026987191 0.999224007
510.000000 0.030226978 -0.198885813 0.606513679 -0.028304065 0.011749561 0.028329514 0.999128759
511.000000 0.024732338 -0.200433329 0.615120173 -0.027939323 0.014466015 0.030438758 0.999041319
512.000000 0.024339616 -0.210545555 0.620809793 -0.027973091 0.016917745 0.031990316 0.998953402
513.000000 0.025237843 -0.204544887 0.632042229 -0.026455199 0.019610412 0.034403615 0.998865306
514.000000 0.021679010 -0.213377982 0.633149743 -0.028352857 0.023437902 0.035856400 0.998679698
515.000000 0.019637663 -0.215757146 0.642911434 -0.029360550 0.027175440 0.037874196 0.998481333
516.000000 0.021744296 -0.218134716 0.649920821 -0.029410798 0.030531039 0.040798564 0.998267651
517.000000 0.022116393 -0.220950454 0.654850841 -0.029660692 0.034613058 0.043342043 0.998019874
518.000000 0.023476470 -0.224383891 0.660349071 -0.029891687 0.038869593 0.045861579 0.997743666
519.000000 0.020790534 -0.230966300 0.660969675 -0.029848373 0.044325635 0.048845965 0.997375727
520.000000 0.027322957 -0.229078487 0.674535215 -0.028655101 0.048547212 0.051899195 0.997059941
521.000000 0.024258064 -0.227553591 0.677856088 -0.028962566 0.054208666 0.054896563 0.996598661
522.000000 0.031785902 -0.227027461 0.681984067 -0.030307705 0.058019426 0.058133222 0.996160507
523.000000 0.032496080 -0.230915546 0.684408724 -0.032337464 0.062846161 0.061543696 0.995598793
524.000000 0.032922775 -0.228864223 0.692250490 -0.032542966 0.067831866 0.063506901 0.995141506
525.000000 0.037634965 -0.231785908 0.693957865 -0.033882510 0.072220840 0.066289067 0.994606376
526.000000 0.043364093 -0.233236253 0.694628358 -0.035753395 0.076825179 0.068940513 0.994015455
527.000000 0.045607973 -0.235933065 0.696567655 -0.036981050 0.081234075 0.071419038 0.993444860
528.000000 0.047731135 -0.236704215 0.701274335 -0.037814114 0.085972898 0.073286243 0.992878556
529.000000 0.044461709 -0.240453973 0.703026950 -0.038949896 0.091802672 0.074567571 0.992217124
530.000000 0.054730758 -0.237912193 0.704951406 -0.038992211 0.095973499 0.077460989 0.991598964
531.000000 0.057369281 -0.229723036 0.712084830 -0.038800202 0.101343408 0.079127774 0.990940392
532.000000 0.064683393 -0.233743429 0.716558695 -0.040037863 0.105777532 0.082499444 0.990152478
533.000000 0.070586897 -0.232760519 0.721345246 -0.040621493 0.110320047 0.085156836 0.989407718
534.000000 0.073883712 -0.231043145 0.720902205 -0.041148700 0.115117259 0.087805033 0.988607645
535.000000 0.073940933 -0.235736087 0.720751166 -0.042808559 0.120629363 0.090445541 0.987641454
536.000000 0.080055729 -0.233325258 0.725576580 -0.043043386 0.125709236 0.092946514 0.986765146
537.000000 0.085658699 -0.234974489 0.727334142 -0.044057678 0.130767047 0.095188364 0.985848904
538.000000 0.087164395 -0.234908104 0.728946030 -0.044380888 0.135979265 0.097248986 0.984927714
539.000000 0.092742115 -0.239798456 0.727461874 -0.045074008 0.140418380 0.099381946 0.984060109
540.000000 0.096327543 -0.236972705 0.731917024 -0.044829659 0.145819247 0.100698084 0.983151555
541.000000 0.100390784 -0.239361152 0.734396219 -0.045410324 0.151338562 0.103252523 0.982025206
542.000000 0.105281189 -0.237092823 0.737014234 -0.045300152 0.156938761 0.105541989 0.980907261
543.000000 0.109329939 -0.241306201 0.737276375 -0.045961443 0.162203059 0.108520463 0.979694366
544.000000 0.108290151 -0.246465325 0.737540007 -0.046599306 0.168348595 0.110499345 0.978405416
545.000000 0.114606991 -0.244737685 0.746626377 -0.044973992 0.178198814 0.114937082 0.976223350
546.000000 0.120125242 -0.242793426 0.747657239 -0.044721082 0.182844236 0.116759136 0.975159109
547.000000 0.125954419 -0.246844649 0.750466824 -0.045579690 0.187993437 0.119482249 0.973809481
548.000000 0.129074723 -0.249500960 0.751907229 -0.045738831 0.193597972 0.122221574 0.972362936
549.000000 0.131436199 -0.249741971 0.749893546 -0.045506798 0.198769331 0.124981679 0.970978618
550.000000 0.134955809 -0.250498027 0.753171861 -0.045279615 0.204132468 0.127846524 0.969502389
551.000000 0.144114166 -0.253052264 0.757428408 -0.044014104 0.208730638 0.130730391 0.968196154
552.000000 0.146129727 -0.253256828 0.754266739 -0.042535666 0.213678420 0.131906047 0.967022777
553.000000 0.149336040 -0.254793286 0.756956100 -0.042752754 0.219295874 0.132898957 0.965618670
554.000000 0.159126803 -0.251115054 0.767166495 -0.043316264 0.223735422 0.133360252 0.964510858
555.000000 0.163419276 -0.253622621 0.769299269 -0.044104837 0.228743479 0.134988129 0.963072896
556.000000 0.167624965 -0.256340116 0.770180166 -0.044370715 0.232524142 0.136648551 0.961920440
557.000000 0.171772748 -0.258155614 0.773448765 -0.044079039 0.236107111 0.138007939 0.960866451
558.000000 0.179283187 -0.260625541 0.774174273 -0.043791637 0.239110380 0.139669955 0.959896266
559.000000 0.181840360 -0.261112928 0.776172757 -0.042967178 0.243580744 0.140785798 0.958645761
560.000000 0.186709061 -0.264145643 0.778001904 -0.043280102 0.247105792 0.142467007 0.957480431
561.000000 0.190261364 -0.268927902 0.779489994 -0.043451078 0.250889659 0.144269988 0.956217825
562.000000 0.198294267 -0.269883096 0.782365024 -0.042058926 0.253168643 0.145158201 0.955544770
563.000000 0.200296238 -0.271592796 0.782656908 -0.040083230 0.256367952 0.145734489 0.954688609
564.000000 0.206850618 -0.272206038 0.784460187 -0.038575534 0.258861899 0.146604300 0.953944266
565.000000 0.211843759 -0.274607509 0.785211205 -0.037528206 0.261721909 0.147060812 0.953135073
566.000000 0.216256857 -0.279012799 0.787036538 -0.036379054 0.265003204 0.148007169 0.952125907
567.000000 0.218625531 -0.278843910 0.787708819 -0.034502964 0.268597543 0.148043469 0.951182425
568.000000 0.221649706 -0.279945672 0.787684917 -0.033120040 0.271812320 0.148288324 0.950279832
569.000000 0.228792638 -0.283560038 0.789575577 -0.032397237 0.274473548 0.149126247 0.949408293
570.000000 0.232754871 -0.285953730 0.790389955 -0.031102816 0.277497888 0.149171636 0.948564887
571.000000 0.239326611 -0.288887769 0.791155100 -0.029756358 0.280053943 0.149345249 0.947829306
572.000000 0.242294297 -0.289754927 0.791271448 -0.027281797 0.283250064 0.149575979 0.946917176
573.000000 0.244673118 -0.296062201 0.791908324 -0.025610466 0.286027849 0.149927691 0.946072876
574.000000 0.251591772 -0.297618151 0.792137265 -0.023094218 0.287636399 0.149645045 0.945694625
575.000000 0.254430145 -0.301939487 0.792924225 -0.021828817 0.289571285 0.149644658 0.945134103
576.000000 0.258501381 -0.304040372 0.792703629 -0.019457471 0.291301787 0.148750916 0.944795132
577.000000 0.259186268 -0.305178434 0.794152021 -0.017403753 0.293776959 0.148200542 0.944155097
578.000000 0.262960464 -0.308714896 0.793423414 -0.016871681 0.295815170 0.148137465 0.943538070
579.000000 0.267617196 -0.314259887 0.794159055 -0.014707107 0.297780663 0.148413539 0.942912400
580.000000 0.267412007 -0.319934279 0.793947816 -0.011861329 0.299340367 0.147850305 0.942547083
581.000000 0.270836592 -0.322929263 0.794748485 -0.008279962 0.300502092 0.148300499 0.942144811
582.000000 0.273038059 -0.325986087 0.796322525 -0.004981719 0.302314818 0.147077352 0.941779792
583.000000 0.274652123 -0.329717577 0.794640481 -0.001445720 0.304132611 0.145987526 0.941376030
584.000000 0.276993006 -0.332549274 0.794857562 0.001455584 0.306150287 0.144823089 0.940901756
585.000000 0.280208677 -0.335701048 0.794204056 0.003832632 0.307824671 0.143899351 0.940490425
586.000000 0.283898562 -0.338404179 0.794776142 0.006531791 0.309101105 0.143435150 0.940127730
587.000000 0.285125762 -0.340614796 0.794890225 0.009599822 0.310536504 0.142460763 0.939776480
588.000000 0.289118975 -0.345642895 0.794361711 0.012283891 0.311189920 0.142499536 0.939523160
589.000000 0.290905893 -0.345947206 0.795417368 0.015313490 0.312408149 0.141631886 0.939205527
590.000000 0.291876704 -0.348627806 0.796169102 0.017779788 0.313404590 0.141091838 0.938911378
591.000000 0.291122586 -0.349491775 0.796289861 0.020839021 0.314308703 0.139796644 0.938739955
592.000000 0.295970917 -0.353778392 0.796804249 0.026570328 0.316662699 0.137576401 0.938131928
593.000000 0.302918822 -0.354752004 0.797489285 0.029165760 0.317492485 0.137250140 0.937822104
594.000000 0.303013593 -0.355255634 0.799022734 0.031300150 0.319794476 0.136222303 0.937120736
595.000000 0.302311420 -0.360176265 0.799568951 0.032895859 0.322355628 0.136021674 0.936217308
596.000000 0.303095847 -0.359019011 0.799977660 0.035799734 0.324581027 0.134194598 0.935605347
597.000000 0.304657102 -0.361555845 0.800448298 0.038697954 0.326099634 0.133666232 0.935037374
598.000000 0.304642141 -0.362044364 0.801716626 0.041385062 0.327890396 0.131991908 0.934533715
599.000000 0.301046014 -0.367558986 0.802092493 0.043534782 0.330276400 0.130886927 0.933750927
600.000000 0.308323115 -0.370742768 0.803993464 0.048096966 0.332320482 0.128524050 0.933129847
601.000000 0.307535410 -0.371718675 0.805222929 0.050195660 0.334013551 0.127305850 0.932581663
602.000000 0.309494138 -0.365771532 0.807497382 0.053079128 0.336389571 0.124095246 0.932000518
603.000000 0.309538275 -0.368862778 0.807801545 0.053719096 0.338641286 0.123572715 0.931217551
604.000000 0.308611751 -0.375206530 0.809262395 0.055399135 0.342003107 0.123231813 0.929934800
605.000000 0.314757377 -0.377050668 0.810853124 0.056960139 0.342427492 0.123258226 0.929680765
606.000000 0.310691983 -0.380943447 0.809521556 0.058226995 0.343346417 0.124285936 0.929126382
607.000000 0.313715488 -0.380199522 0.811469197 0.059748307 0.343758821 0.123557702 0.928974450
608.000000 0.313680023 -0.381266117 0.811062574 0.060943589 0.344948083 0.122054733 0.928654552
609.000000 0.312046826 -0.384957045 0.811407983 0.061873533 0.346135914 0.122160524 0.928137064
610.000000 0.314744949 -0.388764620 0.811256826 0.062470715 0.346155018 0.122279890 0.928074241
611.000000 0.311360151 -0.391704798 0.812321246 0.063982382 0.346772701 0.122639470 0.927693069
612.000000 0.314720392 -0.393347621 0.813004851 0.065132380 0.345853597 0.122488983 0.927976012
613.000000 0.312399685 -0.395484924 0.814400733 0.066751435 0.345427155 0.123348162 0.927905977
614.000000 0.312103033 -0.398908436 0.815731406 0.068266623 0.344324529 0.124377869 0.928068101
615.000000 0.310160369 -0.399774253 0.817134142 0.069959886 0.343025923 0.124624029 0.928389847
616.000000 0.313096434 -0.401101410 0.818629444 0.071076512 0.340820998 0.124600582 0.929119945
617.000000 0.308843762 -0.402536213 0.820186377 0.071959257 0.339752108 0.123581238 0.929579496
618.000000 0.308967471 -0.405201346 0.821801424 0.073210657 0.337995440 0.122403577 0.930277705
619.000000 0.308371603 -0.405497611 0.823208094 0.074385338 0.335717708 0.120736279 0.931226671
620.000000 0.305083990 -0.408997953 0.824592292 0.074387476 0.333400220 0.120216958 0.932125926
621.000000 0.303474814 -0.409788191 0.827621818 0.074373104 0.330537975 0.118819065 0.933324873
622.000000 0.302017033 -0.412957817 0.829410136 0.074081860 0.326998502 0.117154121 0.934804142
623.000000 0.300736874 -0.415351599 0.831583619 0.073870011 0.323106289 0.116244435 0.936286688
624.000000 0.298627675 -0.416972250 0.833185673 0.073567994 0.319605410 0.114908919 0.937675893
625.000000 0.296473294 -0.420174628 0.835748911 0.073858760 0.315911561 0.113587178 0.939064801
626.000000 0.294471353 -0.421928525 0.838048160 0.075144067 0.311823428 0.111261010 0.940606475
627.000000 0.295268685 -0.423217535 0.840163350 0.076081231 0.307553887 0.108885646 0.942213416
628.000000 0.291531116 -0.426860958 0.839836895 0.075896569 0.304121554 0.106800824 0.943580091
629.000000 0.288307726 -0.426642418 0.844034851 0.076509699 0.301835239 0.104639322 0.944506407
630.000000 0.286492944 -0.429488927 0.845573366 0.076552823 0.298177183 0.103677377 0.945770085
631.000000 0.282822609 -0.431108087 0.847880185 0.076404862 0.295348644 0.102556616 0.946791232
632.000000 0.276383430 -0.430474371 0.850822449 0.076401167 0.292859584 0.100917719 0.947740316
633.000000 0.276501358 -0.431296736 0.854630709 0.076633617 0.289345741 0.099853612 0.948912859
634.000000 0.274694324 -0.433005482 0.857308984 0.076960981 0.285654366 0.098620243 0.950132966
635.000000 0.273097843 -0.438826531 0.858419895 0.076529957 0.281031817 0.098840386 0.951522410
636.000000 0.268199176 -0.439368427 0.860470474 0.076536313 0.276930422 0.097462304 0.952865601
637.000000 0.258773088 -0.439543426 0.864315987 0.076736599 0.273936152 0.096142255 0.953848600
638.000000 0.257936060 -0.438290417 0.868766725 0.077534243 0.269762129 0.094718471 0.955115318
639.000000 0.256253123 -0.437428683 0.872942626 0.077949844 0.266104430 0.093930073 0.956184804
640.000000 0.251513988 -0.434511870 0.876451194 0.078601621 0.262904257 0.092549600 0.957150817
641.000000 0.243706599 -0.440808356 0.877317548 0.077875443 0.259701699 0.091502465 0.958184659
642.000000 0.240626276 -0.442616165 0.880826890 0.077942543 0.256170571 0.089717366 0.959297895
643.000000 0.240407616 -0.440285176 0.885224223 0.078336984 0.252527446 0.087392077 0.960445642
644.000000 0.235644713 -0.440671176 0.886813164 0.078376189 0.248788044 0.085904419 0.961551964
645.000000 0.232389063 -0.442405283 0.890460134 0.078668840 0.243930012 0.085333936 0.962822676
646.000000 0.226693794 -0.444347620 0.891886294 0.078013875 0.239428416 0.084215365 0.964103520
647.000000 0.222030401 -0.445897788 0.895605326 0.077052377 0.235128433 0.083568297 0.965294719
648.000000 0.217029542 -0.445521742 0.899289668 0.076444514 0.230396822 0.082542397 0.966571391
649.000000 0.215367556 -0.447905898 0.902776778 0.076139055 0.224787101 0.081625357 0.967993259
650.000000 0.207060650 -0.451041162 0.904047787 0.075997829 0.220036954 0.080031082 0.969228089
651.000000 0.209957644 -0.451406389 0.907182217 0.076372609 0.213752180 0.078364380 0.970740080
652.000000 0.201114938 -0.454692602 0.908108056 0.076277666 0.209150240 0.076830275 0.971871912
653.000000 0.192673847 -0.456356168 0.909784496 0.075451002 0.204400927 0.074947484 0.973093152
654.000000 0.186531320 -0.460635453 0.910550416 0.074162170 0.199118882 0.074006975 0.974358559
655.000000 0.179157838 -0.462890953 0.916201711 0.073954396 0.194480211 0.071954362 0.975464404
656.000000 0.179854557 -0.466082513 0.916829586 0.073369421 0.188079849 0.070311800 0.976882339
657.000000 0.174679413 -0.469224542 0.919954002 0.072872318 0.182142079 0.069928348 0.978071511
658.000000 0.177060470 -0.468073785 0.921179593 0.072443955 0.175285831 0.067895815 0.979498267
659.000000 0.174774632 -0.465171397 0.924282193 0.072669812 0.169295579 0.066272579 0.980645716
660.000000 0.171170637 -0.472460598 0.924352586 0.071640998 0.163840860 0.064591087 0.981759489
661.000000 0.163180530 -0.476506174 0.925653219 0.071642213 0.159904391 0.063857354 0.982456207
662.000000 0.161211804 -0.473154038 0.925902307 0.072278626 0.155293122 0.061878402 0.983275592
663.000000 0.157339990 -0.474262834 0.931017756 0.072071359 0.151261151 0.060634568 0.983996570
664.000000 0.150198281 -0.478783607 0.931662500 0.070848309 0.148554087 0.058956783 0.984599531
665.000000 0.153458729 -0.481006116 0.932176948 0.070284747 0.144327343 0.057612557 0.985347867
666.000000 0.146758005 -0.480322748 0.931532323 0.070423514 0.141007364 0.055768047 0.985924602
667.000000 0.141398057 -0.481155366 0.932571590 0.070727825 0.137207016 0.054348227 0.986518145
668.000000 0.136217862 -0.486405402 0.932398796 0.069759801 0.132811487 0.053247139 0.987248361
669.000000 0.131306559 -0.477456748 0.935229003 0.070693232 0.128581136 0.052347098 0.987789989
670.000000 0.126270577 -0.477155209 0.940072119 0.070749126 0.124461912 0.050943758 0.988386810
671.000000 0.125365227 -0.477878869 0.938498974 0.069932893 0.119468145 0.050224219 0.989097714
672.000000 0.117909215 -0.484763831 0.939970076 0.068760321 0.115448475 0.050120365 0.989662349
673.000000 0.120848998 -0.486714393 0.940596461 0.069104731 0.110214449 0.047946468 0.990342617
674.000000 0.113719955 -0.485002041 0.943696976 0.069641665 0.106496356 0.046501786 0.990780532
675.000000 0.109644808 -0.486139297 0.941752553 0.069799162 0.102770895 0.045654207 0.991202235
676.000000 0.102355190 -0.485960335 0.944882512 0.071002454 0.098926738 0.044916339 0.991541564
677.000000 0.103456393 -0.484327435 0.946474910 0.071802072 0.093722060 0.044041310 0.992028713
678.000000 0.097695947 -0.482214361 0.945042729 0.071991347 0.089381374 0.043459699 0.992441177
679.000000 0.090201139 -0.477744877 0.947591484 0.073026381 0.084894843 0.042548291 0.992798924
680.000000 0.093328424 -0.483191192 0.948246300 0.072299741 0.078976065 0.040914137 0.993409038
681.000000 0.091780685 -0.486622453 0.949124634 0.072108857 0.073799089 0.039821595 0.993865311
682.000000 0.085233390 -0.479321092 0.950281918 0.073057286 0.069201022 0.038740575 0.994169474
683.000000 0.078204170 -0.486085087 0.951620281 0.071492217 0.064782321 0.039008871 0.994570434
684.000000 0.074326664 -0.478150398 0.952831030 0.072142959 0.059837762 0.037774488 0.994880855
685.000000 0.067887276 -0.476946205 0.953117073 0.071689352 0.055869550 0.036500141 0.995191932
686.000000 0.065903448 -0.482426494 0.954823315 0.070879683 0.051425707 0.035111994 0.995539367
687.000000 0.065310910 -0.477278203 0.956684887 0.071464904 0.047246411 0.033331066 0.995765805
688.000000 0.062311530 -0.479678720 0.957115591 0.069968238 0.043702908 0.031605911 0.996090114
689.000000 0.058976993 -0.475364536 0.959037662 0.069928542 0.039717305 0.030729044 0.996287227
690.000000 0.055108853 -0.480431318 0.959764123 0.069390304 0.035598207 0.029947955 0.996504307
691.000000 0.049471281 -0.477815002 0.961573303 0.069336265 0.031664584 0.028594682 0.996680558
692.000000 0.045139238 -0.478110492 0.960828781 0.068872124 0.027816778 0.027473468 0.996859133
693.000000 0.044424511 -0.480044037 0.964955688 0.068374179 0.023880821 0.026915777 0.997010648
694.000000 0.040032912 -0.478700608 0.966107488 0.068008713 0.020024464 0.025390932 0.997160554
695.000000 0.037101515 -0.475663990 0.966681063 0.068231046 0.016279181 0.024200765 0.997243106
696.000000 0.032477826 -0.483082473 0.966527224 0.067033425 0.012527687 0.023005538 0.997406781
697.000000 0.035182253 -0.482768834 0.968395114 0.067362964 0.008115266 0.021259282 0.997469008
698.000000 0.028863320 -0.482397705 0.967299402 0.068092316 0.005242013 0.020268489 0.997459352
699.000000 0.023352653 -0.482274026 0.969746351 0.068564571 0.002350079 0.018658964 0.997469425
700.000000 0.022489060 -0.481285453 0.969154596 0.068584621 -0.001181757 0.017289612 0.997494757
701.000000 0.022078829 -0.486278087 0.971080840 0.067234501 -0.004719585 0.015730998 0.997602046
702.000000 0.015622283 -0.491214216 0.972290993 0.066379152 -0.007253429 0.014325958 0.997665286
703.000000 0.012747105 -0.493144155 0.973833025 0.065967470 -0.010540131 0.012871720 0.997683048
704.000000 0.011669697 -0.481765330 0.974074781 0.067110762 -0.014330834 0.011811190 0.997572720
705.000000 0.007616534 -0.482502729 0.975636840 0.066745989 -0.017575089 0.010748714 0.997557282
706.000000 0.001516690 -0.478325397 0.977409184 0.067551672 -0.020061590 0.009415449 0.997469664
707.000000 -0.003138894 -0.478367329 0.978450000 0.067506112 -0.022298025 0.008098702 0.997436821
708.000000 -0.001172677 -0.483798742 0.980896354 0.066317037 -0.025538247 0.006912106 0.997447789
709.000000 -0.005675557 -0.486683786 0.977939785 0.065540932 -0.028332153 0.006260397 0.997427940
710.000000 -0.014995188 -0.487492710 0.980084181 0.064779960 -0.030836578 0.005112578 0.997409880
711.000000 -0.020061096 -0.484092832 0.978904188 0.064230084 -0.033443019 0.004271484 0.997365475
712.000000 -0.025646908 -0.491065264 0.979712367 0.062623903 -0.036051929 0.003401427 0.997380018
713.000000 -0.032839905 -0.495637536 0.981336713 0.061245486 -0.038261261 0.002426842 0.997386158
714.000000 -0.036832288 -0.495091110 0.985248268 0.060737573 -0.041190788 0.001449857 0.997302473
715.000000 -0.033901252 -0.489133298 0.985275209 0.060806580 -0.045101810 0.000294294 0.997130036
716.000000 -0.037449371 -0.480969220 0.987666547 0.061033633 -0.048276637 -0.000503434 0.996967435
717.000000 -0.042443331 -0.489371449 0.988625467 0.059270434 -0.051895134 -0.001690410 0.996890664
718.000000 -0.045317620 -0.486126244 0.989271998 0.059102315 -0.055223659 -0.003074042 0.996718526
719.000000 -0.054856353 -0.483690709 0.985970199 0.057780121 -0.057884790 -0.005008525 0.996637166
720.000000 -0.052221477 -0.488003463 0.989452541 0.056483757 -0.061854180 -0.006510013 0.996464372
721.000000 -0.057956114 -0.483026832 0.986495316 0.056090541 -0.064866744 -0.007680339 0.996286690
722.000000 -0.063527420 -0.475791901 0.990034878 0.055918977 -0.067723885 -0.008469478 0.996099770
723.000000 -0.068934225 -0.478749245 0.990227222 0.054620139 -0.070694990 -0.009575319 0.995955408
724.000000 -0.068467185 -0.479987293 0.994126379 0.053666860 -0.074453436 -0.010527215 0.995723724
725.000000 -0.080385849 -0.480619282 0.989811897 0.051988035 -0.075849064 -0.011176700 0.995700359
726.000000 -0.079019681 -0.483122259 0.991910040 0.050490748 -0.079027377 -0.012599488 0.995513260
727.000000 -0.078420781 -0.483788520 0.994061708 0.049002800 -0.082114227 -0.014319053 0.995314479
728.000000 -0.083456479 -0.484490097 0.994204640 0.047753073 -0.084107034 -0.015895654 0.995184898
729.000000 -0.091184333 -0.474068880 0.995822132 0.047759216 -0.085837178 -0.017378747 0.995012045
730.000000 -0.094360322 -0.476830214 0.996723473 0.045936108 -0.087652661 -0.019028069 0.994909465
731.000000 -0.096819088 -0.477926791 0.996308744 0.044536069 -0.090291902 -0.020527670 0.994707227
732.000000 -0.098366290 -0.479787111 0.996451616 0.042750221 -0.092775516 -0.021664424 0.994532943
733.000000 -0.104734465 -0.483415812 0.994987369 0.040493343 -0.093851507 -0.023031037 0.994495749
734.000000 -0.098979056 -0.473520190 0.995352924 0.040320206 -0.097066507 -0.023536785 0.994182289
735.000000 -0.101328500 -0.481384069 0.996707022 0.038167436 -0.099359185 -0.024528977 0.994016767
736.000000 -0.110190317 -0.475191981 0.995344460 0.037084099 -0.100245878 -0.025773682 0.993937254
737.000000 -0.108959079 -0.472395211 1.002356887 0.036420163 -0.102477647 -0.026462480 0.993716061
738.000000 -0.111008361 -0.468452543 0.999452710 0.035633657 -0.103775129 -0.027600326 0.993578970
739.000000 -0.112327673 -0.466189623 0.999799073 0.033621915 -0.104999498 -0.029139504 0.993476510
740.000000 -0.115721956 -0.479024619 1.009431243 0.030516824 -0.106202729 -0.030961063 0.993393719
741.000000 -0.121230401 -0.464657992 1.008341312 0.031587310 -0.106681049 -0.032489743 0.993260205
742.000000 -0.119983695 -0.464943290 1.010438919 0.030372964 -0.108005300 -0.033946991 0.993106246
743.000000 -0.122985214 -0.456459850 1.009790063 0.028863996 -0.109684780 -0.035945691 0.992896795
744.000000 -0.126400203 -0.455529660 1.007882595 0.026645586 -0.110616259 -0.036601577 0.992831528
745.000000 -0.125459939 -0.455621839 1.006341696 0.024341697 -0.112008326 -0.037716456 0.992692828
746.000000 -0.127573848 -0.449946791 1.008962393 0.023085369 -0.113150097 -0.038084865 0.992579281
747.000000 -0.132456973 -0.454959124 1.012410760 0.020111175 -0.114130422 -0.038391843 0.992519975
748.000000 -0.132752657 -0.447278380 1.009224534 0.019045904 -0.114934169 -0.037843604 0.992469251
749.000000 -0.130144075 -0.450405210 1.011540771 0.017002482 -0.116667673 -0.037618198 0.992312670
750.000000 -0.132559538 -0.446255952 1.012493491 0.015274165 -0.117632702 -0.037450321 0.992233217
751.000000 -0.132795811 -0.447092026 1.015387058 0.011881941 -0.118736707 -0.037580017 0.992143214
752.000000 -0.131536126 -0.447710723 1.014453292 0.009287463 -0.119833715 -0.038992424 0.991984487
753.000000 -0.134008244 -0.441460699 1.013447762 0.007422757 -0.120121747 -0.039283812 0.991953850
754.000000 -0.132602587 -0.436919361 1.015614271 0.005566025 -0.121190600 -0.040229551 0.991798103
755.000000 -0.130491719 -0.440242141 1.015216708 0.002942029 -0.122476690 -0.041007672 0.991619468
756.000000 -0.126120016 -0.436184019 1.018054724 0.000866788 -0.124532349 -0.041306231 0.991355002
757.000000 -0.135113969 -0.438391298 1.016621590 -0.000759988 -0.125499070 -0.042948950 0.991163373
758.000000 -0.129286289 -0.436329305 1.019600987 -0.000864105 -0.128915325 -0.044175930 0.990670800
759.000000 -0.133188710 -0.433118999 1.021082163 -0.001815810 -0.131111726 -0.045342129 0.990328491
760.000000 -0.132561162 -0.429930300 1.022178888 -0.002303584 -0.133697689 -0.046627708 0.989921987
761.000000 -0.132571638 -0.432517141 1.023269773 -0.002830396 -0.136211738 -0.046974070 0.989561439
762.000000 -0.132847369 -0.428163826 1.023692250 -0.003417197 -0.139182135 -0.046778355 0.989155412
763.000000 -0.124973141 -0.420377016 1.019070029 -0.004656100 -0.143562824 -0.046613067 0.988531888
764.000000 -0.120501652 -0.420993477 1.021380305 -0.006529645 -0.147779793 -0.047362719 0.987864017
765.000000 -0.118538640 -0.420866340 1.022409439 -0.007811808 -0.151014373 -0.048656337 0.987302482
766.000000 -0.113777936 -0.414819837 1.025972843 -0.008599602 -0.153916106 -0.050860345 0.986736596
767.000000 -0.113224685 -0.416707814 1.029148698 -0.010745665 -0.156023085 -0.053344693 0.986253381
768.000000 -0.106816538 -0.409180313 1.029022098 -0.010814282 -0.162979633 -0.057531673 0.984891295
769.000000 -0.097065203 -0.408039868 1.033508301 -0.012453497 -0.168015093 -0.061547995 0.983782351
770.000000 -0.097458571 -0.415779412 1.038956881 -0.016743103 -0.171421468 -0.065681241 0.982863307
771.000000 -0.092346154 -0.410705656 1.038974285 -0.018179104 -0.175159261 -0.068515964 0.981984913
772.000000 -0.091488235 -0.406088889 1.038926482 -0.018664492 -0.178468779 -0.071834482 0.981142402
773.000000 -0.087222338 -0.402372777 1.039565563 -0.019742411 -0.181609467 -0.074956045 0.980311096
774.000000 -0.082710013 -0.401136190 1.042697072 -0.020959755 -0.185539097 -0.078200631 0.979295969
775.000000 -0.082018346 -0.398189574 1.043383241 -0.021596909 -0.189133406 -0.081405222 0.978332937
776.000000 -0.076316215 -0.397733867 1.043994904 -0.021994276 -0.193201467 -0.084096283 0.977301002
777.000000 -0.068379313 -0.394856334 1.046173930 -0.021498838 -0.197600976 -0.086207747 0.976247847
778.000000 -0.069084138 -0.392512172 1.046700001 -0.021505529 -0.201242581 -0.087607890 0.975378811
779.000000 -0.062697142 -0.387239754 1.049026012 -0.020772411 -0.205782026 -0.088828854 0.974336565
780.000000 -0.061893288 -0.378391147 1.050544381 -0.019525619 -0.209915891 -0.088982567 0.973466098
781.000000 -0.061387476 -0.377994716 1.053018212 -0.018842259 -0.213917449 -0.090976961 0.972423494
782.000000 -0.053403828 -0.374705583 1.054309249 -0.018221719 -0.218686610 -0.091760896 0.971300185
783.000000 -0.048838865 -0.372832686 1.055126905 -0.018192684 -0.222716704 -0.092692569 0.970296025
784.000000 -0.050434466 -0.362917781 1.056115508 -0.017845368 -0.225492254 -0.093083575 0.969623744
785.000000 -0.046653744 -0.362554014 1.057950497 -0.018106854 -0.228425309 -0.094286427 0.968815863
786.000000 -0.048410006 -0.357422769 1.058751702 -0.017473796 -0.230819792 -0.094677500 0.968221605
787.000000 -0.048087478 -0.343230873 1.064033270 -0.016240567 -0.233730346 -0.095844857 0.967429698
788.000000 -0.047551971 -0.346143126 1.060151458 -0.017180646 -0.235944986 -0.097610764 0.966699004
789.000000 -0.040837485 -0.337832987 1.062475085 -0.016338108 -0.239179790 -0.098927319 0.965784431
790.000000 -0.044514820 -0.329633832 1.063472867 -0.018192407 -0.243104130 -0.102371864 0.964411438
791.000000 -0.039555732 -0.328750521 1.066296220 -0.018030452 -0.245929256 -0.103883833 0.963536143
792.000000 -0.038880065 -0.311197996 1.070063472 -0.015726715 -0.247267708 -0.104258142 0.963193476
793.000000 -0.044246126 -0.313637674 1.068459749 -0.016184643 -0.248239845 -0.105517343 0.962798595
794.000000 -0.048607238 -0.303863436 1.067936540 -0.011656042 -0.249947146 -0.106011905 0.962367952
795.000000 -0.045861106 -0.303528756 1.069566846 -0.006080868 -0.252256930 -0.107705586 0.961628318
796.000000 -0.042720959 -0.292174250 1.074283838 0.000211365 -0.254715264 -0.108858868 0.960869312
797.000000 -0.040937323 -0.283516973 1.076172829 0.004856190 -0.256234527 -0.114335425 0.959816515
798.000000 -0.045389738 -0.270801961 1.077646971 0.003893964 -0.255832255 -0.118124135 0.959469318
799.000000 -0.044728182 -0.265193552 1.080089450 0.001453906 -0.256597936 -0.119607419 0.959087849
800.000000 -0.037386693 -0.264132529 1.084245324 -0.000159935 -0.257918686 -0.120851815 0.958578527
801.000000 -0.044544730 -0.255734831 1.087729812 -0.000173110 -0.258054852 -0.120650321 0.958567262
802.000000 -0.041323263 -0.247013316 1.087872386 -0.001131888 -0.258752495 -0.120751761 0.958365738
803.000000 -0.042665064 -0.231602177 1.094629288 -0.004681015 -0.260189533 -0.121821381 0.957830369
804.000000 -0.037832882 -0.235383943 1.105658889 -0.007830007 -0.261903465 -0.123040959 0.957186580
805.000000 -0.040913831 -0.233913988 1.105074883 -0.008337563 -0.262467921 -0.123672687 0.956946254
806.000000 -0.042013049 -0.221415624 1.110214829 -0.006799850 -0.263837785 -0.122937851 0.956676364
807.000000 -0.040983740 -0.219808578 1.110887289 -0.006641318 -0.265507549 -0.122054383 0.956328571
808.000000 -0.042238314 -0.204606563 1.114642739 -0.003629004 -0.266425282 -0.122004904 0.956095815
809.000000 -0.049008075 -0.192809597 1.114933968 -0.004294241 -0.265682966 -0.123055615 0.956164956
810.000000 -0.048705064 -0.187092543 1.122444034 -0.006218631 -0.267550051 -0.121370606 0.955849111
811.000000 -0.052405037 -0.177560717 1.125868320 -0.004026195 -0.268918276 -0.120652519 0.955567777
812.000000 -0.053722557 -0.171652496 1.128436089 -0.001684378 -0.270307094 -0.119628027 0.955311656
813.000000 -0.054545425 -0.152601868 1.129788399 0.002625457 -0.270959884 -0.119253121 0.955171466
814.000000 -0.058573045 -0.151055932 1.131481409 0.003859494 -0.270754904 -0.120396033 0.955082059
815.000000 -0.058181088 -0.140904009 1.138396740 0.007776308 -0.270838737 -0.120049521 0.955078006
816.000000 -0.059098363 -0.126995772 1.145087957 0.012295697 -0.270401388 -0.119480409 0.955225825
817.000000 -0.057844128 -0.104710005 1.152629256 0.014909389 -0.269659311 -0.118872531 0.955474198
818.000000 -0.057375416 -0.100953527 1.153734803 0.011818366 -0.269290835 -0.119773649 0.955508828
819.000000 -0.062750399 -0.097714648 1.156537890 0.009801968 -0.269001752 -0.120290838 0.955548048
820.000000 -0.065107502 -0.079018652 1.161148071 0.012030828 -0.269848853 -0.119579345 0.955373049
821.000000 -0.063310578 -0.065508179 1.166181684 0.014209220 -0.270895898 -0.119922474 0.955003738
822.000000 -0.065273568 -0.051197644 1.169192553 0.015525331 -0.271244854 -0.120613888 0.954797089
823.000000 -0.062791161 -0.039246894 1.177943826 0.015574307 -0.271870196 -0.121262841 0.954536200
824.000000 -0.062728398 -0.033994630 1.179021835 0.013680622 -0.272151649 -0.120540835 0.954576492
825.000000 -0.062716275 -0.022190791 1.181151628 0.013373772 -0.272925377 -0.119997069 0.954428375
826.000000 -0.056337077 -0.025618033 1.192517042 0.012192794 -0.275304645 -0.120365053 0.953714252
827.000000 -0.059106585 -0.014662624 1.193021178 0.012787648 -0.275920808 -0.118850879 0.953718364
828.000000 -0.056324877 0.003283337 1.200524926 0.015708879 -0.276884526 -0.117025509 0.953621089
829.000000 -0.060414750 0.022044428 1.204159379 0.018350309 -0.276036769 -0.115839630 0.953964412
830.000000 -0.056026321 0.025716035 1.203481078 0.016850274 -0.276037723 -0.115835749 0.953992307
831.000000 -0.056761824 0.034683380 1.207880020 0.015848475 -0.276221484 -0.114643700 0.954100251
832.000000 -0.058736216 0.049838103 1.213835835 0.017159251 -0.277049750 -0.113245614 0.954004407
833.000000 -0.058358889 0.063200280 1.215769291 0.017677385 -0.277831346 -0.112350456 0.953873456
834.000000 -0.053946268 0.075859681 1.223876715 0.019344933 -0.279463053 -0.111912504 0.953415811
835.000000 -0.055997808 0.077747054 1.219828367 0.020330513 -0.279604584 -0.110643573 0.953501940
836.000000 -0.056989986 0.096338011 1.221430063 0.023339514 -0.279394776 -0.108424008 0.953749478
837.000000 -0.062930971 0.101756133 1.220385551 0.022807343 -0.278289407 -0.107558452 0.954183400
838.000000 -0.062185213 0.111202747 1.219596505 0.022559348 -0.277795702 -0.107464641 0.954343736
839.000000 -0.070733398 0.118661642 1.213255048 0.023019288 -0.276743323 -0.106442332 0.954752982
840.000000 -0.063557573 0.129809678 1.214336514 0.025801755 -0.278377056 -0.105176039 0.954347134
841.000000 -0.064167380 0.144095555 1.218465924 0.025222892 -0.277629018 -0.105511449 0.954543471
842.000000 -0.064927556 0.150200918 1.219209790 0.021202801 -0.275103450 -0.106155708 0.955300748
843.000000 -0.060328316 0.156339377 1.219626665 0.019731443 -0.274514318 -0.104439646 0.955690861
844.000000 -0.058936365 0.167797372 1.220743656 0.019510003 -0.273899764 -0.102656931 0.956064761
845.000000 -0.067817874 0.169357583 1.214367986 0.016122550 -0.271856755 -0.102102168 0.956770122
846.000000 -0.061378423 0.172749251 1.215529799 0.016150579 -0.272271544 -0.100476287 0.956823885
847.000000 -0.062939771 0.188811123 1.226124763 0.018785082 -0.271470726 -0.099694557 0.957085073
848.000000 -0.062334862 0.195065826 1.224041224 0.015731642 -0.268644720 -0.099462964 0.957961202
849.000000 -0.057910107 0.199866250 1.228699684 0.013440581 -0.267242163 -0.098955877 0.958440781
850.000000 -0.059260257 0.206039771 1.224405646 0.012399751 -0.265536904 -0.098398186 0.958986044
851.000000 -0.063965738 0.211319268 1.221466899 0.010627955 -0.263380915 -0.098376013 0.959603906
852.000000 -0.061012331 0.216001794 1.225514889 0.009618456 -0.262551248 -0.096811444 0.960000992
853.000000 -0.060281970 0.223878458 1.225338936 0.009618508 -0.261341900 -0.095572136 0.960455060
854.000000 -0.059028689 0.218400970 1.221308231 0.005171761 -0.259961843 -0.095838204 0.960837185
855.000000 -0.052168421 0.231223106 1.237486243 0.003051999 -0.260652006 -0.094521470 0.960789740
856.000000 -0.052349795 0.221653923 1.226974845 -0.000209595 -0.259239942 -0.094264604 0.961201727
857.000000 -0.051910497 0.224200800 1.222848773 -0.001118253 -0.257955551 -0.092877455 0.961681604
858.000000 -0.051782556 0.222573638 1.218540907 -0.002516378 -0.256007046 -0.091172256 0.962362528
859.000000 -0.049085103 0.228746682 1.216308475 -0.001569323 -0.253998935 -0.090139292 0.962993741
860.000000 -0.052391354 0.228498355 1.211677909 -0.001702102 -0.250605106 -0.089108936 0.963978112
861.000000 -0.048907224 0.231072366 1.211009860 -0.000526745 -0.248000607 -0.087287121 0.964819372
862.000000 -0.047833283 0.239063069 1.216074347 -0.000509084 -0.245950013 -0.084630176 0.965580702
863.000000 -0.046907399 0.236285463 1.205889225 -0.002872703 -0.242865115 -0.082967199 0.966501296
864.000000 -0.050895527 0.240927413 1.209230185 -0.001750075 -0.240843043 -0.080880120 0.967186630
865.000000 -0.051229004 0.243790686 1.199679255 -0.001592358 -0.238093033 -0.079581633 0.967975199
866.000000 -0.045385025 0.247269586 1.218765855 -0.001943245 -0.237223461 -0.078869529 0.968246281
867.000000 -0.046964791 0.249055505 1.208887219 -0.003074141 -0.233817726 -0.078197852 0.969125867
868.000000 -0.045809653 0.250988245 1.206815720 -0.003355443 -0.231842116 -0.077984855 0.969616592
869.000000 -0.045461811 0.253192365 1.204685211 -0.004047440 -0.230156496 -0.077543475 0.970050871
870.000000 -0.043379534 0.254671037 1.197550416 -0.005530993 -0.229074433 -0.076433249 0.970387697
871.000000 -0.043211032 0.261467993 1.204355478 -0.006343569 -0.229012758 -0.075437501 0.970475197
872.000000 -0.039817434 0.262906879 1.204904795 -0.009506940 -0.228477105 -0.075770192 0.970549703
873.000000 -0.042092148 0.267026633 1.210036874 -0.011402580 -0.227775022 -0.074982084 0.970755458
874.000000 -0.041197974 0.269123346 1.206845164 -0.012798029 -0.227201983 -0.074432135 0.970914721
875.000000 -0.037378095 0.269112229 1.202195644 -0.015116262 -0.226459146 -0.075026296 0.971009195
876.000000 -0.036274694 0.271546245 1.200925827 -0.016719000 -0.225634709 -0.075017117 0.971175551
877.000000 -0.035705462 0.272679985 1.193434715 -0.018130232 -0.225138873 -0.074788861 0.971282840
878.000000 -0.032998037 0.280025989 1.206577778 -0.018823817 -0.225535646 -0.074496083 0.971200109
879.000000 -0.033348110 0.284225821 1.204202414 -0.022710681 -0.224234030 -0.075525671 0.971338868
880.000000 -0.036064290 0.283553720 1.194813728 -0.024172399 -0.223589465 -0.075945683 0.971419454
881.000000 -0.031543039 0.287115484 1.200492740 -0.024087148 -0.224468842 -0.076616034 0.971166074
882.000000 -0.029066017 0.288327396 1.194799304 -0.024827689 -0.224562451 -0.077970102 0.971018016
883.000000 -0.032983065 0.291641116 1.189273119 -0.025490269 -0.224602118 -0.079465084 0.970870435
884.000000 -0.034677606 0.296384931 1.203098178 -0.025211750 -0.226879328 -0.080558717 0.970257938
885.000000 -0.035129055 0.297231078 1.201631904 -0.026088741 -0.229160130 -0.081640631 0.969608068
886.000000 -0.033927154 0.296985567 1.188241601 -0.026900770 -0.231565207 -0.083425820 0.968862236
887.000000 -0.031326890 0.299925596 1.190702915 -0.026295213 -0.235099271 -0.085055105 0.967885613
888.000000 -0.031139772 0.301584065 1.189545274 -0.026709227 -0.237716556 -0.087219752 0.967041969
889.000000 -0.035155393 0.303493738 1.183139920 -0.026511474 -0.240006641 -0.089157037 0.966304779
890.000000 -0.035975497 0.302388459 1.176687598 -0.026406091 -0.243139446 -0.090880126 0.965363503
891.000000 -0.037679158 0.307436466 1.184021354 -0.026510378 -0.246870339 -0.092750885 0.964235187
892.000000 -0.039256379 0.306615263 1.183930278 -0.026350403 -0.250273585 -0.095269606 0.963116050
893.000000 -0.037369322 0.304563254 1.179797769 -0.026628023 -0.254631788 -0.096942432 0.961798191
894.000000 -0.037812598 0.308695853 1.187020779 -0.026188347 -0.258987188 -0.099787854 0.960355222
895.000000 -0.036552481 0.305451661 1.177837253 -0.028441919 -0.263878495 -0.101898454 0.958736598
896.000000 -0.035926443 0.306424826 1.175615907 -0.028368387 -0.268993527 -0.103830665 0.957108617
897.000000 -0.037272129 0.307391554 1.176413059 -0.027991310 -0.273688465 -0.105532959 0.955601335
898.000000 -0.039138280 0.309470713 1.185630083 -0.027096672 -0.278710663 -0.107223772 0.953985929
899.000000 -0.040573232 0.309875935 1.187038660 -0.026931820 -0.283285260 -0.108878888 0.952454448
900.000000 -0.042245507 0.308761448 1.184062958 -0.026926126 -0.288106889 -0.110816166 0.950783491
901.000000 -0.042080961 0.310544848 1.186515093 -0.026730368 -0.293110043 -0.112362571 0.949076712
902.000000 -0.044803698 0.308643907 1.179363251 -0.026950797 -0.298081785 -0.114345975 0.947283447
903.000000 -0.043427318 0.308596075 1.174814582 -0.026295379 -0.302964479 -0.116471127 0.945492208
904.000000 -0.043917246 0.309387535 1.171225190 -0.026393626 -0.307303727 -0.119343780 0.943729222
905.000000 -0.045093179 0.309345186 1.171451330 -0.026008481 -0.312313855 -0.121446885 0.941824973
906.000000 -0.047785521 0.309972048 1.171049356 -0.025118977 -0.316256881 -0.123894915 0.940213084
907.000000 -0.048758660 0.308864266 1.171819448 -0.025354965 -0.320297509 -0.126544029 0.938484550
908.000000 -0.049889531 0.309631377 1.172522783 -0.024774482 -0.324453801 -0.127342865 0.936963022
909.000000 -0.054316387 0.312972426 1.179374099 -0.023278430 -0.328053832 -0.129994795 0.935382366
910.000000 -0.055926315 0.313367605 1.175416112 -0.022614595 -0.331297368 -0.132111922 0.933957756
911.000000 -0.054938935 0.312201679 1.169325352 -0.023338979 -0.335475832 -0.132582128 0.932380438
912.000000 -0.056992695 0.312131047 1.172238588 -0.024638494 -0.343954116 -0.136714593 0.928653657
913.000000 -0.057737797 0.315434128 1.178553820 -0.023067439 -0.348176241 -0.139613956 0.926687181
914.000000 -0.060018752 0.315574795 1.179359436 -0.022732658 -0.351617545 -0.142105594 0.925015867
915.000000 -0.060490675 0.314455062 1.176902175 -0.022891663 -0.355918914 -0.143765330 0.923108459
916.000000 -0.060555853 0.316856265 1.178948641 -0.021256553 -0.359654963 -0.146412626 0.921281636
917.000000 -0.061323669 0.316139877 1.176459670 -0.021540806 -0.363478690 -0.148311153 0.919468880
918.000000 -0.062784255 0.317122579 1.176981449 -0.021236323 -0.367695898 -0.150206700 0.917489350
919.000000 -0.062676899 0.316556066 1.176618338 -0.021002403 -0.371357918 -0.153158352 0.915529728
920.000000 -0.063745894 0.318549246 1.180627227 -0.019967027 -0.376322240 -0.154293522 0.913332582
921.000000 -0.064690441 0.318533897 1.177947998 -0.019656843 -0.379997522 -0.156516239 0.911437392
922.000000 -0.067512579 0.319270402 1.179045796 -0.020063883 -0.384850025 -0.157954425 0.909141481
923.000000 -0.067267559 0.319530636 1.180320263 -0.020855175 -0.389843315 -0.158886656 0.906830907
924.000000 -0.068134606 0.320442617 1.183330536 -0.021457180 -0.394951850 -0.159909099 0.904423416
925.000000 -0.069564126 0.320109606 1.181647062 -0.021731522 -0.398447752 -0.161688805 0.902565181
926.000000 -0.070505597 0.321206242 1.181985497 -0.021346845 -0.402435601 -0.163800120 0.900421798
927.000000 -0.072563201 0.320954621 1.182014346 -0.022331437 -0.406778395 -0.164853618 0.898251593
928.000000 -0.067236431 0.319927156 1.182534456 -0.021462077 -0.411312044 -0.167495072 0.895716012
929.000000 -0.068425409 0.318856955 1.181661129 -0.020924514 -0.416047782 -0.168873057 0.893279493
930.000000 -0.070658311 0.320188463 1.181682229 -0.019685918 -0.420790255 -0.170235306 0.890824318
931.000000 -0.069390632 0.319817752 1.180947423 -0.019073097 -0.425992072 -0.172398731 0.887944639
932.000000 -0.067446299 0.318689555 1.178407431 -0.019484567 -0.431637377 -0.174346745 0.884823561
933.000000 -0.069203041 0.317076892 1.173930645 -0.018228590 -0.435377240 -0.178553969 0.882175028
934.000000 -0.068659693 0.316085845 1.173860312 -0.017214213 -0.441129148 -0.179945454 0.879049659
935.000000 -0.066628665 0.315759897 1.169453621 -0.015808569 -0.446595967 -0.181896895 0.875908494
936.000000 -0.066847995 0.312598050 1.169863343 -0.015723115 -0.452979952 -0.182123959 0.872578263
937.000000 -0.068163872 0.313011020 1.172326565 -0.013219255 -0.459007263 -0.182692438 0.869345188
938.000000 -0.065285347 0.311761379 1.167509675 -0.011576260 -0.464029729 -0.184206814 0.866377652
939.000000 -0.067549452 0.313534439 1.172645807 -0.009958033 -0.470059216 -0.183924034 0.863201678
940.000000 -0.058269843 0.312593997 1.171302915 -0.008902504 -0.476454765 -0.184059829 0.859670639
941.000000 -0.065485142 0.312457472 1.173017740 -0.006608194 -0.481838584 -0.184792191 0.856527746
942.000000 -0.059916057 0.312365472 1.168811440 -0.004408211 -0.487284720 -0.184866130 0.853439331
943.000000 -0.055924330 0.313509613 1.174152255 -0.002146901 -0.493087649 -0.185560092 0.849957287
944.000000 -0.055548884 0.312894583 1.173123121 -0.001044243 -0.497623026 -0.186253354 0.847159922
945.000000 -0.059279941 0.313214153 1.171373963 0.000299016 -0.501347244 -0.187946215 0.844586909
946.000000 -0.062819190 0.312767327 1.173787594 0.001855315 -0.505921483 -0.188905105 0.841638207
947.000000 -0.062208001 0.313209742 1.175305247 0.003393295 -0.510231793 -0.189444676 0.838905692
948.000000 -0.065299243 0.305434823 1.178257704 0.003663127 -0.514409721 -0.190702826 0.836063206
949.000000 -0.072049610 0.303265214 1.185745239 0.006037112 -0.517561376 -0.192095429 0.833782434
950.000000 -0.069934122 0.303462327 1.195779562 0.007132839 -0.523099124 -0.192180350 0.830290973
951.000000 -0.070919156 0.302202880 1.196712375 0.007652170 -0.527638435 -0.192675307 0.827294052
952.000000 -0.073549487 0.302121609 1.193894386 0.008851775 -0.531184375 -0.193316743 0.824859679
953.000000 -0.067138344 0.300097197 1.193894506 0.008812886 -0.535690904 -0.194027632 0.821772993
954.000000 -0.074245416 0.302920699 1.198279738 0.008901181 -0.540236413 -0.194151193 0.818761706
955.000000 -0.076076284 0.302144974 1.197084427 0.008805910 -0.543560743 -0.195605502 0.816212356
956.000000 -0.080061376 0.302577734 1.198828459 0.008670704 -0.547748208 -0.195179105 0.813512027
957.000000 -0.077467710 0.303960115 1.196084142 0.009572390 -0.551695883 -0.196031302 0.810624301
958.000000 -0.076958358 0.303954333 1.197029352 0.009250757 -0.555951238 -0.196088508 0.807701647
959.000000 -0.075450912 0.302188486 1.197601676 0.008758990 -0.559430301 -0.196962520 0.805088103
960.000000 -0.074638695 0.300006032 1.189647079 0.008319980 -0.562504232 -0.198155954 0.802654326
961.000000 -0.077493757 0.298991174 1.184372067 0.008187592 -0.565496385 -0.199341014 0.800256193
962.000000 -0.078660257 0.302117407 1.190025449 0.008433891 -0.570527315 -0.198835656 0.796801031
963.000000 -0.079932243 0.301411390 1.191343784 0.008492588 -0.574808896 -0.198305070 0.793849945
964.000000 -0.078486785 0.300813615 1.189539433 0.009336425 -0.578841746 -0.199194014 0.790681243
965.000000 -0.077203073 0.298828602 1.189014196 0.011040942 -0.582881868 -0.200494364 0.787355602
966.000000 -0.111191183 0.298414230 1.185360312 0.012903314 -0.584236324 -0.201790497 0.785991132
967.000000 -0.126381606 0.306423664 1.185095668 0.015372939 -0.587842941 -0.201526865 0.783320725
968.000000 -0.108673252 0.301882833 1.196797252 0.015382359 -0.594373345 -0.202137753 0.778218508
969.000000 -0.100585781 0.299753159 1.198450089 0.015595557 -0.599087000 -0.203247532 0.774300933
970.000000 -0.098324388 0.299808890 1.196654201 0.016419342 -0.603900671 -0.203514680 0.770464897
971.000000 -0.098503597 0.301713705 1.196572185 0.016563661 -0.608661115 -0.203244179 0.766778409
972.000000 -0.098322622 0.301751405 1.194650531 0.016982721 -0.612907052 -0.204062790 0.763161123
973.000000 -0.094913155 0.299230635 1.193195224 0.016788643 -0.616911590 -0.205342978 0.759587109
974.000000 -0.098334059 0.297727883 1.197706699 0.016864624 -0.621859550 -0.204988092 0.755636275
975.000000 -0.105651304 0.298552096 1.193147421 0.017167373 -0.625451326 -0.204857990 0.752694607
976.000000 -0.109588705 0.298550546 1.191125393 0.016988201 -0.628422678 -0.206237763 0.749841511
977.000000 -0.115748227 0.297202587 1.189433098 0.017490745 -0.632271230 -0.206445560 0.746530294
978.000000 -0.126368135 0.301070333 1.181730866 0.018005216 -0.635567248 -0.205856234 0.743877232
979.000000 -0.127268389 0.300712109 1.179593682 0.018355062 -0.639607906 -0.206057593 0.740341246
980.000000 -0.122566402 0.298623711 1.179977059 0.018750302 -0.643628776 -0.206733897 0.736648858
981.000000 -0.124785140 0.298245370 1.176224113 0.018449638 -0.646853983 -0.207590431 0.733584225
982.000000 -0.124842525 0.296670407 1.172886372 0.018674228 -0.650452554 -0.208345816 0.730174482
983.000000 -0.114396237 0.296057045 1.180217743 0.019115606 -0.656458378 -0.206566811 0.725277305
984.000000 -0.123044148 0.292837381 1.166589260 0.019382965 -0.657932639 -0.209332094 0.723138332
985.000000 -0.126429468 0.295087457 1.161257029 0.021235880 -0.661508441 -0.208880037 0.719947815
986.000000 -0.120280899 0.293032914 1.163160563 0.022149734 -0.666327238 -0.208414242 0.715598345
987.000000 -0.125014558 0.295754105 1.164802670 0.024172645 -0.670219302 -0.208045721 0.711996317
988.000000 -0.118670933 0.294170797 1.172219872 0.024057452 -0.676453173 -0.207492918 0.706242919
989.000000 -0.119965680 0.294037610 1.169761539 0.025013708 -0.679921806 -0.207894340 0.702752173
990.000000 -0.129148886 0.296441466 1.167149425 0.026262129 -0.683953643 -0.207389370 0.698933065
991.000000 -0.126495853 0.291984737 1.156983733 0.026406717 -0.686189055 -0.208706290 0.696339667
992.000000 -0.127031282 0.292371899 1.156436682 0.027315354 -0.689315081 -0.208584204 0.693246841
993.000000 -0.130101144 0.292688221 1.156089306 0.027298363 -0.693067670 -0.208476692 0.689528406
994.000000 -0.121220551 0.287890345 1.155020952 0.027281426 -0.696195185 -0.209858924 0.685949862
995.000000 -0.120548882 0.287274957 1.156942487 0.029319042 -0.699705839 -0.209396839 0.682425857
996.000000 -0.119875744 0.285355896 1.158315778 0.030685205 -0.703232527 -0.208847210 0.678900063
997.000000 -0.120358154 0.284838647 1.154194474 0.031249354 -0.705085635 -0.207860917 0.677252948
998.000000 -0.127730787 0.283660918 1.148513794 0.033381827 -0.709878862 -0.206178203 0.672642708
999.000000 -0.121650867 0.280948758 1.153422356 0.034513582 -0.714389443 -0.204820693 0.668210268
1000.000000 -0.121814393 0.281193137 1.160279989 0.035363425 -0.718425512 -0.202643067 0.664492309
1001.000000 -0.122378804 0.279756308 1.157738805 0.037272442 -0.720760942 -0.201682836 0.662146807
1002.000000 -0.121217288 0.277865648 1.157420874 0.038136151 -0.723657966 -0.200176150 0.659389317
1003.000000 -0.119515218 0.277175963 1.156629562 0.039640151 -0.726039112 -0.199200720 0.656974018
1004.000000 -0.121792175 0.277320385 1.155287266 0.039955426 -0.728893280 -0.197057500 0.654435992
1005.000000 -0.120502084 0.275924534 1.158368111 0.040051874 -0.732316196 -0.195233956 0.651147127
1006.000000 -0.124714449 0.276900351 1.158212185 0.041255966 -0.735730112 -0.193553090 0.647716224
1007.000000 -0.118534654 0.274723321 1.160720944 0.041037183 -0.739226520 -0.192513213 0.644048691
1008.000000 -0.113448165 0.271245122 1.160263538 0.040283334 -0.742603123 -0.191792652 0.640416622
1009.000000 -0.114688538 0.273511082 1.173720956 0.042986263 -0.747209251 -0.190504879 0.635246694
1010.000000 -0.117346056 0.274713397 1.173234463 0.044265848 -0.750016868 -0.188028485 0.632582366
1011.000000 -0.114921913 0.270808309 1.171478868 0.044679850 -0.752351642 -0.186268568 0.630297303
1012.000000 -0.114165261 0.270442426 1.170172453 0.045597013 -0.755067825 -0.184547916 0.627483487
1013.000000 -0.118555389 0.269134730 1.159692526 0.045910537 -0.756481290 -0.182568535 0.626336157
1014.000000 -0.113251045 0.264513969 1.159950256 0.046113219 -0.758682132 -0.181368917 0.624003470
1015.000000 -0.106525585 0.259801865 1.163476825 0.046830881 -0.761221528 -0.179825544 0.621298134
1016.000000 -0.116804346 0.261180490 1.163100481 0.048350476 -0.763008893 -0.178103372 0.619482756
1017.000000 -0.125584543 0.263610840 1.160504818 0.050266486 -0.764852285 -0.175476059 0.617804527
1018.000000 -0.125507146 0.261494219 1.155961633 0.052331168 -0.765876293 -0.173837736 0.616826892
1019.000000 -0.124773934 0.259715259 1.146306872 0.054378152 -0.765876949 -0.172964722 0.616894424
1020.000000 -0.129930735 0.258655995 1.156690001 0.055686392 -0.768678725 -0.170123518 0.614076555
1021.000000 -0.130851209 0.257976115 1.159402966 0.056989219 -0.770128131 -0.167974502 0.612731099
1022.000000 -0.123135611 0.253133684 1.159821510 0.058311313 -0.770963609 -0.167178914 0.611772835
1023.000000 -0.124731228 0.252960980 1.158496499 0.060253590 -0.772308588 -0.164053857 0.610733390
1024.000000 -0.120182835 0.251897693 1.157405972 0.062623866 -0.773108304 -0.161773905 0.610090911
1025.000000 -0.113402113 0.245962277 1.157714367 0.064583443 -0.774367392 -0.160237804 0.608693600
1026.000000 -0.115453914 0.245501056 1.153720021 0.067638628 -0.775151551 -0.158303052 0.607869387
1027.000000 -0.112794422 0.236594215 1.148999453 0.067940064 -0.776350081 -0.155946374 0.606914699
1028.000000 -0.111784555 0.234108970 1.155340314 0.069817983 -0.778334677 -0.153679386 0.604734063
1029.000000 -0.112016156 0.230285898 1.158497453 0.073076002 -0.778928876 -0.153678343 0.603583217
1030.000000 -0.114836030 0.231264859 1.156299829 0.075054355 -0.780057371 -0.150354326 0.602719605
1031.000000 -0.130640879 0.235784933 1.152303815 0.078454562 -0.780587912 -0.148343027 0.602097809
1032.000000 -0.121017575 0.226869807 1.150173426 0.080107011 -0.780653954 -0.149433047 0.601524770
1033.000000 -0.121874213 0.220912427 1.152714252 0.084848195 -0.782187164 -0.146639273 0.599567294
1034.000000 -0.134494826 0.225033239 1.153299689 0.088068701 -0.782044291 -0.145489648 0.599569380
1035.000000 -0.137713626 0.224301353 1.151860476 0.090387821 -0.782263458 -0.143362984 0.599450588
1036.000000 -0.132610768 0.220939919 1.152360082 0.092321247 -0.782442331 -0.141445056 0.599378049
1037.000000 -0.129300222 0.215959698 1.139241338 0.094595782 -0.780624270 -0.142063498 0.601244867
1038.000000 -0.130434841 0.212562740 1.137035131 0.096371204 -0.780380487 -0.140505522 0.601645291
1039.000000 -0.135461941 0.214867473 1.140659809 0.098253310 -0.781484962 -0.136601999 0.600805581
1040.000000 -0.135725126 0.212361723 1.137643456 0.100595906 -0.781159759 -0.135098740 0.601180673
1041.000000 -0.134958863 0.208195552 1.136731625 0.102526642 -0.781244576 -0.133192912 0.601169527
1042.000000 -0.133179277 0.205715403 1.140289068 0.104906306 -0.781646013 -0.131221429 0.600670576
1043.000000 -0.136159450 0.203936979 1.140642643 0.106756352 -0.781786442 -0.128977329 0.600647926
1044.000000 -0.130328551 0.198930830 1.135970592 0.108813435 -0.780652165 -0.128633499 0.601826608
1045.000000 -0.129231200 0.196857378 1.134596944 0.111395516 -0.779476762 -0.127936959 0.603025019
1046.000000 -0.128104568 0.194954768 1.141948581 0.112832427 -0.779470682 -0.126679957 0.603031099
1047.000000 -0.134739578 0.196885929 1.136177897 0.114882641 -0.778081775 -0.125714213 0.604637623
1048.000000 -0.133261591 0.193608195 1.139187932 0.116475195 -0.777872920 -0.124597788 0.604832709
1049.000000 -0.126280889 0.188247740 1.141260028 0.117288455 -0.778364301 -0.123043090 0.604361594
1050.000000 -0.138399363 0.193485096 1.136327863 0.120676972 -0.777473152 -0.121353872 0.605182469
1051.000000 -0.132995695 0.189423099 1.137117863 0.121889204 -0.777199626 -0.120557189 0.605450034
1052.000000 -0.134780556 0.188584700 1.135252714 0.124425918 -0.776445329 -0.119512223 0.606108606
1053.000000 -0.134563714 0.186675668 1.125359058 0.126592338 -0.774641633 -0.119452894 0.607976735
1054.000000 -0.130431771 0.181482509 1.127644658 0.128145292 -0.773848474 -0.119128399 0.608724713
1055.000000 -0.126955554 0.177280158 1.135998368 0.129637182 -0.774217486 -0.116966747 0.608358681
1056.000000 -0.133727282 0.180841327 1.137066960 0.131978959 -0.773127079 -0.115174182 0.609582543
1057.000000 -0.137731716 0.181557000 1.134538293 0.134033889 -0.771686077 -0.114209391 0.611139655
1058.000000 -0.136889070 0.179551035 1.132116914 0.136356294 -0.770015061 -0.114416279 0.612692952
1059.000000 -0.134516850 0.178092226 1.133797526 0.137818307 -0.768488050 -0.113900013 0.614376903
1060.000000 -0.141459644 0.179593161 1.138827682 0.139773458 -0.767214656 -0.112900451 0.615709782
1061.000000 -0.136129186 0.175069675 1.134969115 0.141756460 -0.762890339 -0.112104759 0.620754361
1062.000000 -0.137758300 0.173773706 1.134349942 0.142090842 -0.761298954 -0.111312509 0.622770965
1063.000000 -0.135652363 0.172196254 1.130900145 0.143082470 -0.758930624 -0.111503661 0.625394762
1064.000000 -0.139746860 0.172388896 1.131855130 0.144088477 -0.757238209 -0.111020871 0.627298295
1065.000000 -0.139400974 0.170010298 1.131719351 0.145805612 -0.755305946 -0.111228257 0.629191458
1066.000000 -0.131071523 0.163999200 1.134751558 0.146790877 -0.753728986 -0.111160226 0.630863249
1067.000000 -0.136592805 0.167277873 1.139873624 0.148230150 -0.752807796 -0.108750477 0.632045507
1068.000000 -0.144703850 0.171625391 1.141543984 0.150326386 -0.751240313 -0.106646851 0.633771539
1069.000000 -0.136562482 0.165800825 1.141159892 0.151518777 -0.749464393 -0.106679551 0.635582149
1070.000000 -0.130950794 0.160384938 1.139638424 0.151148930 -0.747776151 -0.105809264 0.637800276
1071.000000 -0.138324276 0.165613919 1.141810417 0.153897569 -0.745159566 -0.104679547 0.640386522
1072.000000 -0.133799478 0.160126880 1.144519448 0.154156521 -0.742816865 -0.105420932 0.642919302
1073.000000 -0.131861284 0.157614484 1.141472220 0.154402494 -0.739879131 -0.105263233 0.646264970
1074.000000 -0.139802650 0.161419377 1.141752124 0.155464262 -0.737253785 -0.104726024 0.649091840
1075.000000 -0.131023616 0.155780926 1.140174389 0.154752985 -0.734930933 -0.105177842 0.651817203
1076.000000 -0.142192543 0.163024917 1.148389816 0.156034514 -0.733530283 -0.102731571 0.653477430
1077.000000 -0.130928591 0.154774472 1.153710842 0.155456483 -0.732046247 -0.103311904 0.655185580
1078.000000 -0.136143371 0.157099485 1.156977057 0.155578166 -0.730202436 -0.101813577 0.657444954
1079.000000 -0.141263381 0.158860579 1.159593821 0.156331688 -0.728104651 -0.101017155 0.659711778
1080.000000 -0.140390471 0.158749849 1.159788251 0.155785441 -0.725659549 -0.099897787 0.662698746
1081.000000 -0.139227077 0.155843601 1.164890289 0.155900970 -0.724374652 -0.099214107 0.664178312
1082.000000 -0.137422264 0.156225771 1.167729616 0.156535223 -0.722781003 -0.097534835 0.666011512
1083.000000 -0.143069968 0.159135953 1.168843627 0.157414332 -0.720621943 -0.096635722 0.668271124
1084.000000 -0.133681893 0.152430832 1.172401190 0.156763315 -0.719517946 -0.097023442 0.669556320
1085.000000 -0.131676510 0.150651619 1.171844959 0.157443136 -0.717670560 -0.096806191 0.671408355
1086.000000 -0.130145311 0.147338614 1.171828389 0.156419575 -0.716068566 -0.095888190 0.673486650
1087.000000 -0.139161125 0.152511120 1.165801167 0.158697858 -0.712810755 -0.095950566 0.676394403
1088.000000 -0.133556545 0.147218168 1.167378664 0.159411073 -0.710527182 -0.096659154 0.678525031
1089.000000 -0.126093283 0.144919351 1.165691733 0.159530371 -0.707910895 -0.096116059 0.681303084
1090.000000 -0.124633200 0.142354205 1.169836879 0.159179091 -0.705886245 -0.095412120 0.683581173
1091.000000 -0.124964602 0.143684193 1.171154380 0.160047323 -0.702930808 -0.094771363 0.686506748
1092.000000 -0.128211871 0.144596085 1.169998407 0.160489440 -0.699742377 -0.094226517 0.689728320
1093.000000 -0.126942620 0.144862622 1.174583673 0.159562513 -0.697704315 -0.092438526 0.692245424
1094.000000 -0.127947301 0.145578340 1.175192118 0.159499630 -0.694951117 -0.091316998 0.695171952
1095.000000 -0.119164519 0.138975799 1.180820823 0.159293845 -0.692770004 -0.092319317 0.697260618
1096.000000 -0.116185158 0.139187664 1.176715374 0.159510776 -0.689270496 -0.092396319 0.700660706
1097.000000 -0.115169145 0.135525703 1.183490396 0.158751339 -0.687735975 -0.092230216 0.702360928
1098.000000 -0.120497078 0.137857273 1.184920788 0.158870265 -0.685636461 -0.090871178 0.704560339
1099.000000 -0.108264588 0.130072773 1.187246680 0.159451276 -0.682696700 -0.092139117 0.707114518
1100.000000 -0.113879368 0.135105237 1.193004608 0.160402521 -0.680367708 -0.089658737 0.709459066
1101.000000 -0.102447569 0.127957419 1.184833050 0.159951106 -0.675743163 -0.091031373 0.713792801
1102.000000 -0.077759273 0.112886831 1.187228084 0.158179849 -0.673091829 -0.093080677 0.716423452
1103.000000 -0.078316227 0.110889271 1.190422177 0.157968685 -0.670401037 -0.092950061 0.719005346
1104.000000 -0.076397143 0.108568534 1.186511397 0.158006847 -0.667406201 -0.092562445 0.721827567
1105.000000 -0.076326981 0.108133972 1.191316128 0.158925131 -0.664978385 -0.092635401 0.723854482
1106.000000 -0.087996513 0.109759800 1.192417502 0.159005791 -0.662364781 -0.091964334 0.726314425
1107.000000 -0.092890933 0.114422716 1.196203828 0.159992740 -0.659610391 -0.091143101 0.728703916
1108.000000 -0.091745265 0.112040497 1.191013694 0.159783155 -0.656257570 -0.092099987 0.731650829
1109.000000 -0.089515671 0.105552733 1.192462921 0.158480003 -0.653777957 -0.092486285 0.734101295
1110.000000 -0.099615924 0.120167300 1.186109781 0.159373730 -0.649899244 -0.090472043 0.737594604
1111.000000 -0.090564430 0.108268686 1.185136199 0.158017084 -0.647939801 -0.091612779 0.739467204
1112.000000 -0.099319533 0.119369835 1.187393188 0.159717813 -0.644928515 -0.090176240 0.741906762
1113.000000 -0.089357294 0.106236875 1.192372084 0.158599943 -0.643072665 -0.091870017 0.743547916
1114.000000 -0.084739611 0.105332181 1.204962969 0.159476191 -0.641453505 -0.091938704 0.744749665
1115.000000 -0.083354488 0.105949096 1.205350518 0.159372374 -0.638536572 -0.092177369 0.747244835
1116.000000 -0.079651244 0.100006349 1.209902048 0.159135580 -0.635927379 -0.093192987 0.749391317
1117.000000 -0.087944336 0.111133531 1.206097722 0.159578979 -0.631608605 -0.091708466 0.753123283
1118.000000 -0.078158014 0.099358544 1.216301203 0.158011615 -0.628934443 -0.094462350 0.755348027
1119.000000 -0.085313298 0.109150007 1.214408755 0.158629954 -0.624476850 -0.093960568 0.758970797
1120.000000 -0.082958542 0.105194598 1.215973377 0.155942470 -0.621442020 -0.094409779 0.761957109
1121.000000 -0.085357495 0.109801874 1.210542083 0.155990317 -0.617646873 -0.094619520 0.765001059
1122.000000 -0.085286967 0.110749528 1.220740914 0.155359671 -0.615305364 -0.094026007 0.767086565
1123.000000 -0.083733648 0.110209383 1.222070217 0.154215038 -0.612549782 -0.093846865 0.769540966
1124.000000 -0.079445697 0.106670760 1.219593883 0.153528526 -0.609054446 -0.094629690 0.772351563
1125.000000 -0.074103430 0.103270210 1.233112454 0.153357133 -0.607031763 -0.094868153 0.773947060
1126.000000 -0.074542075 0.102732904 1.233922482 0.153897718 -0.603452265 -0.095167495 0.776597679
1127.000000 -0.069660142 0.098654896 1.238955617 0.152877912 -0.600250721 -0.095885567 0.779187620
1128.000000 -0.066925474 0.098984495 1.241508722 0.152361512 -0.596641064 -0.096251048 0.782010972
1129.000000 -0.074638769 0.102246672 1.233660698 0.152474374 -0.591766119 -0.095379502 0.785790801
1130.000000 -0.072048336 0.100505032 1.232747793 0.151461303 -0.587794840 -0.095349625 0.788964629
1131.000000 -0.068027101 0.096496060 1.242115259 0.151057735 -0.585209370 -0.095662691 0.790923655
1132.000000 -0.066169448 0.094960503 1.251104116 0.150364369 -0.582628548 -0.094850883 0.793056071
1133.000000 -0.063443437 0.090351745 1.247662902 0.149679646 -0.578513503 -0.095161282 0.796154797
1134.000000 -0.073638290 0.093810402 1.234984994 0.150749460 -0.572323382 -0.095385417 0.800388813
1135.000000 -0.067944378 0.090241365 1.244907975 0.149647713 -0.569522321 -0.094779074 0.802662313
1136.000000 -0.074608833 0.094779514 1.238848686 0.152742818 -0.563302398 -0.095411174 0.806384981
1137.000000 -0.080121785 0.091631360 1.228547454 0.151148528 -0.557583332 -0.095244735 0.810668528
1138.000000 -0.083824135 0.100856200 1.226690173 0.150602967 -0.552533269 -0.091474272 0.814652205
1139.000000 -0.076475687 0.100003198 1.240063667 0.152387440 -0.549316883 -0.090877533 0.816560030
1140.000000 -0.076411270 0.088607907 1.224318504 0.151313841 -0.542954385 -0.090473145 0.821047723
1141.000000 -0.082418695 0.098584056 1.222982526 0.152326584 -0.537811458 -0.088272527 0.824477673
1142.000000 -0.091843970 0.091585040 1.206970096 0.150131494 -0.531731188 -0.086861961 0.828961730
1143.000000 -0.096542880 0.090431273 1.205791831 0.149712354 -0.527263284 -0.085143849 0.832063794
1144.000000 -0.089779317 0.087440521 1.212832689 0.149594277 -0.523323357 -0.086226746 0.834457397
1145.000000 -0.094061971 0.081525899 1.200010300 0.148159847 -0.517689824 -0.084363751 0.838408411
1146.000000 -0.091360226 0.072057292 1.203922987 0.147391990 -0.514336109 -0.083494440 0.840691745
1147.000000 -0.091824755 0.073887236 1.202262402 0.147975728 -0.509600580 -0.082246065 0.843591154
1148.000000 -0.091872290 0.067742981 1.201416135 0.146850049 -0.505268633 -0.080561884 0.846550882
1149.000000 -0.098059259 0.061591078 1.188161492 0.146109551 -0.498984367 -0.080231316 0.850429058
1150.000000 -0.095488392 0.063782789 1.201379180 0.146361947 -0.496412337 -0.078905955 0.852013409
1151.000000 -0.094334446 0.068840928 1.205268502 0.147078931 -0.492842704 -0.077732548 0.854067624
1152.000000 -0.092616849 0.059949216 1.204874992 0.145329982 -0.488790452 -0.077156156 0.856743872
1153.000000 -0.091452472 0.063013747 1.211091399 0.146090403 -0.485067874 -0.076222554 0.858811319
1154.000000 -0.088316880 0.059391860 1.210585475 0.145645827 -0.481134266 -0.076357119 0.861084580
1155.000000 -0.090663262 0.060609844 1.212768197 0.145822033 -0.477023929 -0.076554723 0.863321185
1156.000000 -0.085016653 0.060415030 1.215374112 0.145393297 -0.473915815 -0.076487049 0.865109444
1157.000000 -0.087414280 0.061661217 1.217404842 0.145386323 -0.470051438 -0.075931951 0.867265165
1158.000000 -0.088656232 0.061159551 1.220043302 0.145464554 -0.466290176 -0.075174272 0.869345963
1159.000000 -0.088835120 0.060449462 1.221858263 0.145445451 -0.462563723 -0.075154424 0.871339321
1160.000000 -0.088778131 0.064475268 1.226769924 0.147208348 -0.458511263 -0.075688086 0.873137116
1161.000000 -0.089653105 0.066094354 1.224403501 0.146829113 -0.453839749 -0.073903084 0.875790536
1162.000000 -0.084982440 0.062963970 1.226166606 0.146109581 -0.450603604 -0.073922768 0.877578378
1163.000000 -0.086125970 0.067227036 1.228315473 0.146557331 -0.446777642 -0.073633052 0.879482150
1164.000000 -0.085190050 0.063474678 1.228592277 0.145866036 -0.443383545 -0.073641174 0.881312132
1165.000000 -0.079791009 0.063322581 1.232183576 0.145697489 -0.440492392 -0.072350010 0.882895350
1166.000000 -0.077189088 0.063681923 1.232328176 0.145742685 -0.436861187 -0.072607718 0.884669125
1167.000000 -0.078882366 0.066093415 1.233025551 0.145850748 -0.432852924 -0.072761901 0.886606812
1168.000000 -0.082099564 0.072907999 1.235606790 0.147467032 -0.428696543 -0.071824878 0.888433397
1169.000000 -0.071782790 0.058818705 1.238068342 0.146166071 -0.426079452 -0.071681701 0.889917672
1170.000000 -0.073851846 0.072475553 1.232810616 0.147937283 -0.421185970 -0.069772698 0.892103553
1171.000000 -0.072989345 0.073860280 1.236273766 0.148164496 -0.417111933 -0.068910129 0.894044936
1172.000000 -0.063126199 0.065299883 1.246344090 0.147330716 -0.415031791 -0.068019867 0.895218134
1173.000000 -0.060603149 0.069072671 1.252260208 0.149020299 -0.410814255 -0.068035699 0.896881104
1174.000000 -0.065000780 0.067766428 1.245582342 0.148316592 -0.405153215 -0.066349491 0.899694860
1175.000000 -0.068254612 0.066640846 1.242041945 0.148152605 -0.399859995 -0.065762311 0.902129769
1176.000000 -0.063652888 0.074283443 1.251755118 0.148912758 -0.396955252 -0.064017609 0.903411984
1177.000000 -0.061631333 0.067307025 1.249598503 0.147644043 -0.393392086 -0.063414045 0.905219615
1178.000000 -0.061952624 0.070080221 1.252537131 0.148171604 -0.390128613 -0.062198758 0.906629026
1179.000000 -0.060155518 0.067497529 1.244870305 0.147701457 -0.385802358 -0.062259093 0.908550858
1180.000000 -0.063371196 0.071782142 1.252305746 0.148283020 -0.382447243 -0.061354820 0.909935057
1181.000000 -0.053213324 0.066057459 1.259099126 0.148186311 -0.380405307 -0.060996111 0.910830438
1182.000000 -0.052538469 0.070189953 1.259261370 0.149109915 -0.376625925 -0.060663436 0.912271380
1183.000000 -0.053199939 0.073899761 1.262987018 0.149612755 -0.372467041 -0.060816783 0.913884938
1184.000000 -0.049087945 0.074366949 1.266752601 0.149690181 -0.369021088 -0.060553662 0.915286601
1185.000000 -0.044070102 0.065913916 1.266372681 0.148130506 -0.366162658 -0.060462151 0.916693270
1186.000000 -0.049040440 0.069930471 1.263016105 0.148529604 -0.362567931 -0.059181452 0.918139994
1187.000000 -0.047095560 0.066138819 1.263545275 0.148202732 -0.359581381 -0.058979839 0.919379413
1188.000000 -0.045323145 0.071555026 1.264092326 0.148606658 -0.355834723 -0.059423219 0.920742393
1189.000000 -0.043102968 0.069450937 1.264594793 0.147251174 -0.352576047 -0.058995657 0.922240078
1190.000000 -0.056504786 0.084370412 1.264960647 0.148463890 -0.347510964 -0.057455879 0.924063563
1191.000000 -0.050109673 0.079713210 1.265040755 0.147292942 -0.344125956 -0.057503685 0.925513566
1192.000000 -0.047086734 0.073851407 1.266473889 0.145252317 -0.339977920 -0.056902375 0.927404404
1193.000000 -0.050492149 0.083094701 1.267094612 0.146275863 -0.334885687 -0.055723928 0.929166198
1194.000000 -0.048691705 0.072643243 1.261071801 0.145440385 -0.329579681 -0.056295328 0.931157947
1195.000000 -0.044158891 0.076895684 1.266926169 0.147153243 -0.325325817 -0.055226009 0.932447910
1196.000000 -0.047128323 0.078240842 1.268483400 0.147163182 -0.319787234 -0.054392371 0.934409201
1197.000000 -0.046172477 0.080771096 1.266625881 0.145871758 -0.314159930 -0.054397345 0.936517954
1198.000000 -0.044441681 0.079790361 1.269266248 0.143901110 -0.308926076 -0.053349122 0.938621879
1199.000000 -0.049050279 0.080385558 1.264223337 0.143147185 -0.303010345 -0.051875651 0.940745711
1200.000000 -0.042794954 0.077652559 1.269528627 0.141787291 -0.299392760 -0.051249694 0.942143202
1201.000000 -0.041193765 0.085638635 1.272027016 0.141402200 -0.295527339 -0.050007004 0.943487287
1202.000000 -0.046055861 0.087520257 1.265638351 0.139914319 -0.290542334 -0.048587799 0.945329785
1203.000000 -0.043378230 0.090295143 1.271373630 0.140531331 -0.287584126 -0.048028320 0.946171045
1204.000000 -0.049732480 0.085852876 1.264173508 0.139669701 -0.282766670 -0.047252316 0.947788239
1205.000000 -0.042670958 0.097542584 1.273387671 0.141199276 -0.280081630 -0.045883335 0.948425949
1206.000000 -0.039549366 0.093236893 1.273995042 0.140066355 -0.277156651 -0.045256477 0.949482739
1207.000000 -0.042954672 0.079427533 1.269681215 0.137771294 -0.273226172 -0.044801157 0.950978100
1208.000000 -0.044874385 0.085820943 1.271309376 0.138428688 -0.269584179 -0.042771287 0.952014923
1209.000000 -0.042451795 0.083406873 1.269644618 0.138370723 -0.266365021 -0.041414063 0.952989042
1210.000000 -0.034666669 0.093074128 1.272714615 0.139834613 -0.263277084 -0.039887458 0.953698277
1211.000000 -0.036154915 0.089875385 1.269543648 0.139276564 -0.253966093 -0.038365152 0.956363618
1212.000000 -0.033156998 0.090524115 1.275484085 0.139841259 -0.249758750 -0.038505711 0.957383037
1213.000000 -0.031003198 0.087357715 1.271754265 0.139692247 -0.244385570 -0.037568804 0.958827615
1214.000000 -0.029557267 0.093571946 1.273894787 0.141318873 -0.238819480 -0.036369540 0.960037231
1215.000000 -0.024073839 0.090173125 1.269513726 0.140906915 -0.233793750 -0.034479529 0.961403608
1216.000000 -0.015655102 0.094720155 1.274419188 0.141449824 -0.229791850 -0.033298299 0.962329924
1217.000000 -0.021860968 0.092126228 1.271329880 0.141353279 -0.224319920 -0.031275053 0.963702083
1218.000000 -0.016104132 0.094395489 1.276007414 0.142861068 -0.219751537 -0.030481540 0.964557350
1219.000000 -0.013730620 0.090172395 1.275296926 0.142147094 -0.214447737 -0.029194726 0.965895474
1220.000000 -0.005005722 0.091770746 1.279592395 0.142471910 -0.210025877 -0.027899800 0.966857016
1221.000000 -0.002814656 0.085177407 1.278395176 0.140571117 -0.205281258 -0.026424127 0.968194783
1222.000000 -0.006707934 0.088466965 1.275425911 0.140512049 -0.199481830 -0.023631604 0.969486952
1223.000000 -0.005871163 0.082734555 1.273646235 0.140085906 -0.194628879 -0.022537546 0.970560431
1224.000000 -0.002084102 0.091810472 1.277652144 0.141973361 -0.190293893 -0.020367930 0.971193552
1225.000000 0.004452206 0.089685068 1.281815767 0.142268255 -0.186499387 -0.019161655 0.971910775
1226.000000 0.008836564 0.081330396 1.279090643 0.141734436 -0.182379499 -0.017687833 0.972798169
1227.000000 0.010486237 0.082564637 1.280903935 0.142982110 -0.177881330 -0.016258838 0.973473191
1228.000000 0.012407100 0.093609661 1.284890890 0.145689696 -0.173334718 -0.014563819 0.973918617
1229.000000 0.008644117 0.094759777 1.287056446 0.146593615 -0.168592677 -0.012853957 0.974639237
1230.000000 0.018550990 0.087747395 1.285315156 0.146431819 -0.165082231 -0.012557568 0.975268126
1231.000000 0.023106871 0.084460109 1.283721089 0.147535324 -0.161177412 -0.011515643 0.975767672
1232.000000 0.027215788 0.080156811 1.284164429 0.148249909 -0.157140225 -0.010913595 0.976324618
1233.000000 0.032908626 0.084985875 1.290476799 0.151159093 -0.153112844 -0.010875936 0.976518869
1234.000000 0.032862607 0.080838554 1.289942503 0.151877582 -0.148259088 -0.009216761 0.977173209
1235.000000 0.030757891 0.088481888 1.290845871 0.152758703 -0.143660665 -0.006008166 0.977747560
1236.000000 0.034075040 0.081793211 1.290442228 0.152234659 -0.140012369 -0.003901938 0.978368998
1237.000000 0.030961767 0.079748333 1.288799167 0.153187722 -0.136001185 -0.000762863 0.978793442
1238.000000 0.036929525 0.071432285 1.287020802 0.153316945 -0.132690474 0.001437835 0.979226768
1239.000000 0.043601017 0.077876985 1.291278601 0.154768482 -0.129804149 0.004062770 0.979377925
1240.000000 0.042939119 0.081654973 1.292784691 0.155349880 -0.125025243 0.006043791 0.979897201
1241.000000 0.039877452 0.080416813 1.290655017 0.156311765 -0.119828343 0.006838462 0.980388224
1242.000000 0.046022531 0.079126686 1.290683270 0.157964304 -0.116237223 0.007433981 0.980551362
1243.000000 0.050218750 0.073156141 1.287141204 0.158390611 -0.112132020 0.007107983 0.980962932
1244.000000 0.052758735 0.073176242 1.289605737 0.159565225 -0.108194359 0.006567934 0.981218517
1245.000000 0.050887909 0.080378793 1.290878773 0.162020311 -0.104170591 0.006288583 0.981253445
1246.000000 0.047240291 0.076588154 1.289375186 0.163263455 -0.099884421 0.005121205 0.981499851
1247.000000 0.056074057 0.073825017 1.290120244 0.164270073 -0.097758755 0.003687402 0.981552303
1248.000000 0.051032539 0.070973746 1.286636233 0.164605200 -0.094378628 0.004302480 0.981824458
1249.000000 0.048876081 0.074500792 1.289023757 0.166000918 -0.091619015 0.004326760 0.981850803
1250.000000 0.055242162 0.068442479 1.288039207 0.167361692 -0.089386567 0.003088395 0.981830239
1251.000000 0.050047342 0.070683621 1.287433743 0.169984445 -0.086313374 0.004630723 0.981648564
1252.000000 0.052524861 0.069302119 1.286952496 0.171878785 -0.084263012 0.004534394 0.981497288
1253.000000 0.060076945 0.068738513 1.287967682 0.173867688 -0.082937256 0.004479121 0.981260121
1254.000000 0.051082999 0.071057528 1.287545204 0.175684154 -0.079220586 0.005984419 0.981235623
1255.000000 0.060388714 0.067654178 1.286306262 0.176452413 -0.077015705 0.005511045 0.981276095
1256.000000 0.068947062 0.070878200 1.287670255 0.177896842 -0.075043030 0.005884399 0.981165946
1257.000000 0.064553864 0.064043820 1.283402562 0.178373590 -0.070731044 0.005683812 0.981400907
1258.000000 0.069624573 0.065822743 1.286729932 0.180749118 -0.067745619 0.005551050 0.981177628
1259.000000 0.076236777 0.061356399 1.283759832 0.181989744 -0.064184628 0.003918175 0.981195569
1260.000000 0.074563526 0.060091566 1.282499790 0.183899388 -0.059558291 0.003046511 0.981134295
1261.000000 0.075579897 0.061206825 1.284559131 0.185246199 -0.055382021 0.003201808 0.981125057
1262.000000 0.091695793 0.057261694 1.284722447 0.186350524 -0.053226415 0.002111313 0.981038213
1263.000000 0.087384321 0.051494248 1.281821489 0.187596336 -0.049086582 0.002030086 0.981016815
1264.000000 0.091649562 0.056482576 1.280810595 0.189598292 -0.046722874 0.002901759 0.980745137
1265.000000 0.087104835 0.056366235 1.280441165 0.190740049 -0.043127552 0.003789037 0.980685413
1266.000000 0.094503038 0.059340928 1.280373454 0.192915007 -0.041068207 0.003379220 0.980349839
1267.000000 0.098464198 0.053537000 1.277488828 0.195579663 -0.035661664 0.004448988 0.980029106
1268.000000 0.098079100 0.054115918 1.271380305 0.195860326 -0.032073155 0.004852282 0.980095148
1269.000000 0.105598867 0.054583430 1.272975445 0.196454242 -0.029362027 0.005175733 0.980059624
1270.000000 0.095435336 0.049572177 1.271618724 0.197163910 -0.023425218 0.005468010 0.980075359
1271.000000 0.093591832 0.046805672 1.268779516 0.198359147 -0.018833673 0.006422379 0.979927361
1272.000000 0.104309656 0.045137238 1.269184351 0.199905813 -0.016754581 0.006378578 0.979651093
1273.000000 0.097708367 0.041638639 1.267076254 0.201655746 -0.012325841 0.005599913 0.979362905
1274.000000 0.103222139 0.043012630 1.266095877 0.203982085 -0.009802325 0.005356981 0.978910923
1275.000000 0.111171544 0.040664293 1.268440485 0.204871237 -0.006736550 0.004217456 0.978756666
1276.000000 0.117182516 0.044910561 1.268590689 0.206581488 -0.003816788 0.003566022 0.978415430
1277.000000 0.118576616 0.045106217 1.268326759 0.207327738 0.000273539 0.002967716 0.978266954
1278.000000 0.119320169 0.043037158 1.266761065 0.206928745 0.004428074 0.003009344 0.978341341
1279.000000 0.122531399 0.046203479 1.265311718 0.206724703 0.008160167 0.003568381 0.978358626
1280.000000 0.123383090 0.040679425 1.264397621 0.205334917 0.011666233 0.003763983 0.978614986
1281.000000 0.122335978 0.038195297 1.262767553 0.204343677 0.015130299 0.004015993 0.978774011
1282.000000 0.123013102 0.042693608 1.265087366 0.203888178 0.018525640 0.003874243 0.978811204
1283.000000 0.122439809 0.036723625 1.260670543 0.201361045 0.022501659 0.003995910 0.979250431
1284.000000 0.121641397 0.038999364 1.264665961 0.200664312 0.026488487 0.003825718 0.979294419
1285.000000 0.120548591 0.039406590 1.263838053 0.199786603 0.030777967 0.003316000 0.979350328
1286.000000 0.126730382 0.042379871 1.261820793 0.198246762 0.034179293 0.003349194 0.979550242
1287.000000 0.119853161 0.038816649 1.264216423 0.196615428 0.039937783 0.004586483 0.979656219
1288.000000 0.119645566 0.035623979 1.261805892 0.193905994 0.045087576 0.004764095 0.979971886
1289.000000 0.124175906 0.034722961 1.263257027 0.191673994 0.049393013 0.006081954 0.980196118
1290.000000 0.126505390 0.037772514 1.262803197 0.190478936 0.053665608 0.007653115 0.980193436
1291.000000 0.129261672 0.038784049 1.262382150 0.189092830 0.057313759 0.009029808 0.980243623
1292.000000 0.128555968 0.041179791 1.263962150 0.188583702 0.061193515 0.010687049 0.980090439
1293.000000 0.128338218 0.037638664 1.263113260 0.186847687 0.065486640 0.011241080 0.980139315
1294.000000 0.129775271 0.043047324 1.261875272 0.185223833 0.070434347 0.012722696 0.980086327
1295.000000 0.128968775 0.028504951 1.259202719 0.177832052 0.081589222 0.015364475 0.980552316
1296.000000 0.127839461 0.030766360 1.259734988 0.174405590 0.087250352 0.016827272 0.980656385
1297.000000 0.132355973 0.033519115 1.260375381 0.171132684 0.092297934 0.017783152 0.980754018
1298.000000 0.129424199 0.033398647 1.257235646 0.168042168 0.097212113 0.020262783 0.980765522
1299.000000 0.135296419 0.027080651 1.257344842 0.164061964 0.100707568 0.022039188 0.981048346
1300.000000 0.135594413 0.029523270 1.257344484 0.161128506 0.104744650 0.024477238 0.981054008
1301.000000 0.137956515 0.028769692 1.258568168 0.159417287 0.108278543 0.026946483 0.980885208
1302.000000 0.138975069 0.023475686 1.257971406 0.158845261 0.111503623 0.029291270 0.980549395
1303.000000 0.137780830 0.017685859 1.253769398 0.156961411 0.114428326 0.031641975 0.980442762
1304.000000 0.138173297 0.015189955 1.251383305 0.154289261 0.116241924 0.033839770 0.980580151
1305.000000 0.142936990 0.006571144 1.250478029 0.151688531 0.117632993 0.034473021 0.980797946
1306.000000 0.146570846 0.009966761 1.252741098 0.151767999 0.119214363 0.034138896 0.980606377
1307.000000 0.139887199 0.007850148 1.252468944 0.150084510 0.123097427 0.034800734 0.980362475
1308.000000 0.150859475 0.000941963 1.249341607 0.145634890 0.125112548 0.034551218 0.980787218
1309.000000 0.145304695 0.004209929 1.251212478 0.141485989 0.128442079 0.036308028 0.980900645
1310.000000 0.145481184 -0.005648491 1.245922208 0.135985345 0.130593374 0.038363300 0.981316268
1311.000000 0.151133090 -0.011406598 1.244271517 0.132093683 0.131733954 0.039734188 0.981640756
1312.000000 0.148031861 -0.016816830 1.243990183 0.127687186 0.134437799 0.040890627 0.981809795
1313.000000 0.152976945 -0.019861804 1.241970778 0.122641899 0.135980085 0.041906014 0.982197702
1314.000000 0.150818676 -0.024349950 1.243290782 0.117645890 0.139033601 0.042139772 0.982371271
1315.000000 0.161384121 -0.037482928 1.238154173 0.111998022 0.141109481 0.041939985 0.982743919
1316.000000 0.156201228 -0.038863622 1.235906363 0.107598089 0.144625187 0.042883411 0.982683718
1317.000000 0.160589471 -0.050996762 1.232400775 0.101641595 0.146415010 0.044322897 0.982988894
1318.000000 0.162629768 -0.058006905 1.230312347 0.096826702 0.149079815 0.044765584 0.983054340
1319.000000 0.161528930 -0.064700894 1.230048418 0.092367008 0.152587205 0.045336012 0.982919216
1320.000000 0.163536474 -0.077138782 1.228203535 0.087846361 0.154801250 0.046786979 0.982919395
1321.000000 0.166960970 -0.087624408 1.225548744 0.084221609 0.156819418 0.046976350 0.982907712
1322.000000 0.168090925 -0.096720576 1.220883250 0.080063187 0.159715354 0.047733061 0.982752502
1323.000000 0.170141995 -0.111762777 1.218974471 0.075472340 0.162817761 0.049530294 0.982517719
1324.000000 0.168138996 -0.122712493 1.217378616 0.072320439 0.165793449 0.050801191 0.982192218
1325.000000 0.172822475 -0.134638876 1.211171150 0.068403147 0.167029545 0.052550543 0.982171357
1326.000000 0.171573624 -0.140333310 1.212293863 0.065692075 0.169085816 0.053556513 0.981950223
1327.000000 0.173487350 -0.153244764 1.209866762 0.061874162 0.170258164 0.055478871 0.981888890
1328.000000 0.174826428 -0.161139548 1.208474994 0.059151210 0.171197131 0.056245219 0.981849849
1329.000000 0.174666002 -0.170277342 1.206990957 0.054000765 0.172604546 0.056272596 0.981898665
1330.000000 0.175006837 -0.181545123 1.205186844 0.048224602 0.173360795 0.058704212 0.981923759
1331.000000 0.174682587 -0.189282686 1.200270534 0.045087855 0.172820121 0.060735453 0.982044578
1332.000000 0.175413683 -0.206382632 1.194744587 0.041803014 0.172293842 0.061033726 0.982263803
1333.000000 0.170251474 -0.213715628 1.195109963 0.039983895 0.172720253 0.062216666 0.982190490
1334.000000 0.170464113 -0.224418715 1.192521811 0.037825167 0.172003329 0.063373804 0.982327759
1335.000000 0.170486882 -0.238024399 1.192123771 0.034971330 0.172030374 0.063830979 0.982399166
1336.000000 0.168756053 -0.244663239 1.191350102 0.031405862 0.172963008 0.063583635 0.982371926
1337.000000 0.167579249 -0.253855228 1.188388109 0.026196055 0.174595863 0.064209312 0.982195079
1338.000000 0.170773029 -0.266101480 1.188121438 0.022189256 0.175643817 0.067243099 0.981903911
1339.000000 0.168684795 -0.287355751 1.185728073 0.017559588 0.177828923 0.070802666 0.981353939
1340.000000 0.168555900 -0.297780961 1.183131456 0.015684541 0.177507579 0.072769523 0.981299996
1341.000000 0.170935407 -0.306747556 1.182926416 0.016130032 0.175904036 0.073887013 0.981498003
1342.000000 0.167533144 -0.312757313 1.181604505 0.014938382 0.175766855 0.073131889 0.981597960
1343.000000 0.165549576 -0.319693416 1.181866884 0.010728391 0.176146418 0.073133208 0.981584907
1344.000000 0.164427340 -0.325298846 1.181971908 0.006792137 0.177013338 0.074227795 0.981381893
1345.000000 0.163936317 -0.329811841 1.184350252 0.002196654 0.177571446 0.076482043 0.981128991
1346.000000 0.162497729 -0.347140759 1.182895780 -0.009198968 0.178459942 0.082852155 0.980409563
1347.000000 0.162911043 -0.356527627 1.184553385 -0.011882299 0.178401232 0.084704563 0.980233133
1348.000000 0.161775723 -0.361137301 1.186184764 -0.013360697 0.179600418 0.084135212 0.980044127
1349.000000 0.161003053 -0.362552255 1.183796644 -0.014646712 0.181474477 0.083767377 0.979711950
1350.000000 0.157565355 -0.364387959 1.184851527 -0.016439276 0.183976769 0.082825899 0.979296744
1351.000000 0.158037484 -0.373774707 1.186317563 -0.021423148 0.186522081 0.083573408 0.978655219
1352.000000 0.157329634 -0.376154304 1.188327074 -0.024436222 0.189275712 0.085687205 0.977872849
1353.000000 0.156809196 -0.385082483 1.187931299 -0.026980128 0.192037001 0.088372067 0.977028251
1354.000000 0.154503435 -0.388777584 1.188593626 -0.028772954 0.195399880 0.090189822 0.976143837
1355.000000 0.152284041 -0.395929962 1.186702132 -0.030538686 0.198498905 0.092709817 0.975228429
1356.000000 0.151613027 -0.391531736 1.187364697 -0.029563932 0.200784266 0.094711125 0.974598110
1357.000000 0.147844955 -0.392754614 1.188072801 -0.029962374 0.203638926 0.095837869 0.973883212
1358.000000 0.144607589 -0.396090925 1.187336564 -0.032699414 0.206463948 0.096339382 0.973150611
1359.000000 0.143945351 -0.406959027 1.184726954 -0.035235912 0.208459750 0.098370120 0.972433209
1360.000000 0.139318928 -0.407919019 1.186107039 -0.034249742 0.211781085 0.098484933 0.971738875
1361.000000 0.139053091 -0.406606644 1.190953374 -0.034247007 0.214764908 0.099415578 0.970989048
1362.000000 0.136157602 -0.412664682 1.190079570 -0.034314461 0.218305826 0.099974871 0.970139205
1363.000000 0.130477965 -0.414164692 1.193275571 -0.033459384 0.222659200 0.099558875 0.969222069
1364.000000 0.127978414 -0.412193239 1.194440603 -0.033507742 0.226429924 0.100415699 0.968257904
1365.000000 0.126815081 -0.411793470 1.199073076 -0.035841014 0.229935110 0.102607273 0.967117906
1366.000000 0.120851003 -0.421605766 1.199679136 -0.038354304 0.234109402 0.105219007 0.965738416
1367.000000 0.115549602 -0.424814075 1.202102065 -0.038874235 0.237891212 0.106954187 0.964602172
1368.000000 0.112712510 -0.427626818 1.203640461 -0.040820550 0.241246089 0.109314002 0.963423312
1369.000000 0.106476270 -0.431430101 1.205966473 -0.041644469 0.245143965 0.112003967 0.962094247
1370.000000 0.099896513 -0.438629270 1.210389018 -0.042545509 0.248993814 0.112635165 0.960991800
1371.000000 0.097269788 -0.444924295 1.216124535 -0.043054756 0.252480596 0.114372097 0.959853590
1372.000000 0.093859188 -0.448674083 1.219675541 -0.041809395 0.255989879 0.116254911 0.958752275
1373.000000 0.086558953 -0.451775134 1.222269893 -0.040810019 0.259957045 0.117905855 0.957525492
1374.000000 0.080841720 -0.455342650 1.226082206 -0.041076511 0.263163656 0.120274141 0.956342936
1375.000000 0.073139563 -0.458853900 1.229942322 -0.041072126 0.266439378 0.122774266 0.955117583
1376.000000 0.065658599 -0.465971768 1.232546806 -0.041399602 0.269683093 0.125780374 0.953801036
1377.000000 0.058652092 -0.467944384 1.237345338 -0.040974688 0.272668898 0.128700301 0.952580154
1378.000000 0.048114799 -0.471458972 1.241779566 -0.041573297 0.276043802 0.131697819 0.951171517
1379.000000 0.041966118 -0.477497518 1.243419528 -0.042330839 0.278761208 0.135466978 0.949815273
1380.000000 0.031609282 -0.477634162 1.246716261 -0.040960651 0.282776505 0.138231009 0.948288918
1381.000000 0.027162826 -0.480237633 1.251307964 -0.041310228 0.286279172 0.142236248 0.946629047
1382.000000 0.009239362 -0.493931293 1.254712701 -0.042584006 0.292048275 0.146871582 0.944099128
1383.000000 0.001717610 -0.495358974 1.256286263 -0.041237809 0.296182722 0.150034577 0.942371905
1384.000000 -0.004586890 -0.499003589 1.258923531 -0.040264808 0.300558001 0.153983697 0.940389633
1385.000000 -0.012911036 -0.504279733 1.262886524 -0.039205160 0.305761635 0.157470003 0.938176930
1386.000000 -0.018389899 -0.504894853 1.265518785 -0.037089769 0.310835034 0.161046386 0.935986102
1387.000000 -0.027525062 -0.506875515 1.269679189 -0.036518767 0.316622943 0.163940907 0.933562875
1388.000000 -0.033480678 -0.508679867 1.271212459 -0.037406001 0.321716130 0.166784689 0.931279957
1389.000000 -0.038595833 -0.513779938 1.274660707 -0.038900446 0.326516449 0.170867041 0.928804696
1390.000000 -0.042714033 -0.517059982 1.279267550 -0.039147653 0.330780327 0.173613980 0.926774025
1391.000000 -0.045646552 -0.517390609 1.282013178 -0.038958956 0.334937423 0.174993038 0.925027847
1392.000000 -0.052709989 -0.520228565 1.286049962 -0.038944185 0.340784192 0.176218256 0.922657371
1393.000000 -0.054184556 -0.521402299 1.289322138 -0.038863331 0.346522510 0.177503943 0.920273960
1394.000000 -0.057187609 -0.524453282 1.291776299 -0.039817445 0.353224784 0.178808719 0.917428076
1395.000000 -0.059717875 -0.528853774 1.293901920 -0.040565755 0.360207587 0.181637645 0.914118528
1396.000000 -0.062228490 -0.526849449 1.299911261 -0.038676258 0.367220104 0.184060663 0.910919964
1397.000000 -0.066230208 -0.527901053 1.307415366 -0.037875853 0.373228818 0.186540321 0.908002436
1398.000000 -0.072958320 -0.531180620 1.313333869 -0.037738398 0.378336102 0.189044416 0.905372739
1399.000000 -0.069100231 -0.536041737 1.316853762 -0.037352622 0.380872756 0.192222014 0.903654456
1400.000000 -0.072037391 -0.541877329 1.321069598 -0.035836626 0.384524733 0.194212899 0.901741564
1401.000000 -0.074487589 -0.543166697 1.326282740 -0.034840893 0.388914555 0.195884466 0.899533689
1402.000000 -0.074888274 -0.547723293 1.331742525 -0.036013450 0.393218666 0.198222429 0.897100866
1403.000000 -0.076844059 -0.546536088 1.337117314 -0.036217354 0.398361951 0.200318858 0.894353628
1404.000000 -0.078109838 -0.550691962 1.343990088 -0.036464050 0.404595941 0.202360675 0.891079485
1405.000000 -0.080993876 -0.559708118 1.356946707 -0.038292527 0.416876048 0.207650617 0.884097993
1406.000000 -0.081782222 -0.566552103 1.364605665 -0.036813483 0.422699243 0.209862679 0.880867660
1407.000000 -0.085111111 -0.568358421 1.374408245 -0.034801297 0.429348916 0.210855305 0.877489865
1408.000000 -0.082075447 -0.572772980 1.380002737 -0.035874188 0.434714288 0.213568702 0.874142408
1409.000000 -0.085875019 -0.577241719 1.388949513 -0.035642639 0.440517485 0.217612952 0.870240510
1410.000000 -0.087933928 -0.582755566 1.396958470 -0.033589277 0.445692331 0.220749691 0.866890788
1411.000000 -0.090451702 -0.583998919 1.406659603 -0.032119825 0.449889690 0.223548800 0.864056468
1412.000000 -0.092151269 -0.588863790 1.415617108 -0.032673329 0.452443719 0.227242306 0.861735463
1413.000000 -0.091441132 -0.596248686 1.422784090 -0.032811072 0.453740478 0.230794907 0.860102773
1414.000000 -0.094907790 -0.602942824 1.430785894 -0.032681759 0.456177443 0.232832193 0.858267546
1415.000000 -0.092656977 -0.607327878 1.437585592 -0.031958241 0.458951980 0.235121980 0.856188893
1416.000000 -0.094839461 -0.612336278 1.444271326 -0.029686959 0.463323325 0.237131432 0.853357375
1417.000000 -0.094454393 -0.620017052 1.449967742 -0.027320348 0.467370927 0.239874974 0.850457549
1418.000000 -0.097365640 -0.619812787 1.457457066 -0.023798240 0.471887916 0.241929218 0.847481966
1419.000000 -0.093960866 -0.625282288 1.461471319 -0.022377023 0.475708544 0.244917914 0.844521105
1420.000000 -0.096850879 -0.624773443 1.468854547 -0.019624747 0.480347246 0.246542647 0.841485679
1421.000000 -0.097083993 -0.633283257 1.473091960 -0.019318009 0.484029353 0.250159204 0.838309467
1422.000000 -0.098100953 -0.633248031 1.476641417 -0.017824400 0.487761974 0.251406908 0.835802078
1423.000000 -0.096490130 -0.641601622 1.481749177 -0.016487813 0.491801739 0.253462195 0.832836211
1424.000000 -0.099225529 -0.642596960 1.488074064 -0.014228015 0.496264905 0.254373193 0.829947591
1425.000000 -0.101931624 -0.644182801 1.493529439 -0.014407315 0.500829518 0.255403280 0.826880515
1426.000000 -0.102288976 -0.648869038 1.495002151 -0.014639595 0.504445314 0.257232189 0.824106932
1427.000000 -0.104344033 -0.650076449 1.503271699 -0.012923545 0.509154797 0.258228809 0.820921600
1428.000000 -0.107255459 -0.651199400 1.514178276 -0.011082321 0.514089704 0.259024233 0.817615688
1429.000000 -0.105025299 -0.658058345 1.517751932 -0.009287974 0.517427623 0.261144340 0.814853370
1430.000000 -0.107486203 -0.665017724 1.525928378 -0.007115014 0.521790147 0.264147520 0.811116815
1431.000000 -0.113792181 -0.651797056 1.536754251 -0.003227242 0.526915848 0.262555867 0.808340073
1432.000000 -0.113153227 -0.667876124 1.535411000 -0.004456978 0.529910028 0.266903996 0.804945767
1433.000000 -0.115583271 -0.672641575 1.538979888 -0.004748584 0.534974635 0.269140661 0.800838828
1434.000000 -0.115761206 -0.678676307 1.549646735 -0.004829301 0.541616976 0.272547364 0.795201600
1435.000000 -0.118971616 -0.670724213 1.553534508 -0.003876293 0.546475053 0.272866875 0.791766167
1436.000000 -0.121963218 -0.677231967 1.563847065 -0.005188116 0.552437127 0.276529849 0.786331713
1437.000000 -0.119465902 -0.691264987 1.581281185 -0.007475466 0.559208393 0.281563729 0.779712677
1438.000000 -0.120758936 -0.696644008 1.589509845 -0.007067526 0.564415216 0.284348100 0.774939775
1439.000000 -0.120249264 -0.703973114 1.590560317 -0.005434854 0.567910790 0.287340671 0.771286666
1440.000000 -0.120166026 -0.708989620 1.598407269 -0.004586861 0.572469831 0.289783359 0.766996026
1441.000000 -0.120392516 -0.716125429 1.603556752 -0.003888277 0.576455832 0.291773677 0.763250709
1442.000000 -0.122204036 -0.718030393 1.614147544 -0.000888490 0.581691027 0.291659504 0.759321690
1443.000000 -0.121563882 -0.720606387 1.620205045 0.001157664 0.585308075 0.292424411 0.756241381
1444.000000 -0.124488920 -0.716763198 1.627869129 0.003398547 0.589543641 0.292626232 0.752858937
1445.000000 -0.121770024 -0.731421053 1.627254725 0.002290530 0.592003167 0.295311809 0.749878645
1446.000000 -0.124476396 -0.728784561 1.632630587 0.005546241 0.595328987 0.294748157 0.747446418
1447.000000 -0.125921071 -0.734255314 1.642900944 0.005360601 0.599415720 0.296121210 0.743629098
1448.000000 -0.126017347 -0.728524864 1.647309899 0.006130724 0.602968931 0.295446485 0.741014361
1449.000000 -0.123681575 -0.738364577 1.652795911 0.005556503 0.608142495 0.297082633 0.736120701
1450.000000 -0.124721020 -0.742153704 1.658597946 0.007258867 0.613299310 0.297295839 0.731728375
1451.000000 -0.123803489 -0.742290914 1.662169695 0.009795188 0.617369115 0.297207206 0.728304386
1452.000000 -0.125679821 -0.747247636 1.672854662 0.012165259 0.622599304 0.297175586 0.723815382
1453.000000 -0.123118125 -0.751438022 1.673995495 0.013403594 0.625256598 0.297715068 0.721276820
1454.000000 -0.124991544 -0.742692888 1.678582788 0.015916254 0.628251553 0.296262205 0.719218612
1455.000000 -0.120733097 -0.752719283 1.681222796 0.013609854 0.631321251 0.298332989 0.715713441
1456.000000 -0.121313587 -0.747287452 1.684707403 0.014668089 0.634528697 0.297586769 0.713162184
1457.000000 -0.121018313 -0.745380998 1.689545989 0.016013183 0.638486683 0.296666861 0.709976852
1458.000000 -0.114614025 -0.751228273 1.686092138 0.016233914 0.640819013 0.297109365 0.707681775
1459.000000 -0.112492673 -0.747515142 1.689808607 0.019584144 0.644337952 0.295045912 0.705260932
1460.000000 -0.108125478 -0.752461612 1.698362350 0.021239264 0.648557425 0.294440180 0.701589048
1461.000000 -0.105871595 -0.752313018 1.698357940 0.022992970 0.650650024 0.293101579 0.700155199
1462.000000 -0.098378189 -0.759810448 1.707034945 0.021954693 0.654139042 0.292260140 0.697283328
1463.000000 -0.094728649 -0.760135770 1.708694816 0.023131449 0.656123221 0.291201800 0.695822299
1464.000000 -0.088008016 -0.759662867 1.711215138 0.024192100 0.658406317 0.290150970 0.694066525
1465.000000 -0.083840251 -0.766199052 1.711583734 0.024545755 0.660573542 0.290346175 0.691909850
1466.000000 -0.085188702 -0.751765490 1.710540771 0.029136172 0.662444651 0.285937309 0.691778898
1467.000000 -0.075264998 -0.758426547 1.723967671 0.031025745 0.667254090 0.285132200 0.687392890
1468.000000 -0.069204547 -0.767198205 1.719762206 0.029661471 0.668711662 0.285828084 0.685745716
1469.000000 -0.067244604 -0.762506962 1.718643665 0.031610839 0.670878172 0.284839571 0.683951497
1470.000000 -0.058229376 -0.765457332 1.726612806 0.032361824 0.675563216 0.283206850 0.679971278
1471.000000 -0.051217869 -0.769394279 1.732159615 0.033934761 0.679108441 0.281844854 0.676922143
1472.000000 -0.047969989 -0.768687427 1.727636576 0.034996282 0.680804968 0.279218167 0.676252246
1473.000000 -0.032292683 -0.783981025 1.749354839 0.034119058 0.688485563 0.278238714 0.668884695
1474.000000 -0.026121950 -0.787410140 1.750279307 0.035515264 0.691865027 0.276723534 0.665947080
1475.000000 -0.020189976 -0.786752522 1.751262307 0.037245207 0.694924772 0.274574190 0.663552105
1476.000000 -0.018541602 -0.785708725 1.748459935 0.040453307 0.696568847 0.272681922 0.662419796
1477.000000 -0.014609049 -0.791332960 1.750139117 0.041801807 0.698153555 0.272115946 0.660898745
1478.000000 -0.006934330 -0.791531861 1.751578450 0.045580190 0.700676382 0.268710852 0.659370542
1479.000000 -0.002400659 -0.797481775 1.751607656 0.046121258 0.702023625 0.267830104 0.658257306
1480.000000 -0.001267367 -0.795892596 1.748853207 0.045913089 0.703052580 0.266072661 0.657886326
1481.000000 0.004536281 -0.802162945 1.750075340 0.044937771 0.704540789 0.266090393 0.656352639
1482.000000 0.011401720 -0.807712018 1.754250765 0.045123324 0.706960142 0.265349746 0.654034197
1483.000000 0.014995174 -0.808206379 1.752905726 0.046852101 0.708471239 0.263176650 0.653154969
1484.000000 0.009768157 -0.802570343 1.743596435 0.050904684 0.708458602 0.260071427 0.654108524
1485.000000 0.019993000 -0.809182227 1.756087899 0.051972590 0.712836027 0.259094954 0.649641037
1486.000000 0.021814512 -0.814149261 1.753362179 0.052762464 0.714204609 0.258703560 0.648228705
1487.000000 0.024350794 -0.822015464 1.752635360 0.052489351 0.716512620 0.258247703 0.645881295
1488.000000 0.023995269 -0.818677843 1.749103546 0.054332532 0.717696905 0.256977767 0.644919753
1489.000000 0.036081545 -0.822871149 1.765954137 0.053788524 0.722838283 0.256653607 0.639328182
1490.000000 0.032357611 -0.823825002 1.760449529 0.054201618 0.723046541 0.257248968 0.638818324
1491.000000 0.037219547 -0.822476804 1.766471982 0.054644432 0.725330174 0.256665766 0.636421859
1492.000000 0.033250090 -0.827401459 1.756335616 0.055523213 0.724236429 0.256790698 0.637540102
1493.000000 0.042028453 -0.825867355 1.765922189 0.057290003 0.727106750 0.255439252 0.634653032
1494.000000 0.041227497 -0.831538856 1.761172771 0.056382839 0.727249920 0.257153541 0.633877456
1495.000000 0.038946509 -0.832957625 1.761858225 0.056977723 0.728259087 0.258826166 0.631981969
1496.000000 0.039994005 -0.832276285 1.761246085 0.057726093 0.728989244 0.259698570 0.630713105
1497.000000 0.044729117 -0.841787100 1.763980865 0.058225103 0.730797231 0.260581970 0.628205597
1498.000000 0.046042975 -0.839624882 1.765587807 0.061250065 0.732044220 0.259074479 0.627088606
1499.000000 0.050119173 -0.845517337 1.761973739 0.061319593 0.732559144 0.260634005 0.625832856
1500.000000 0.048351575 -0.846412539 1.760448575 0.062487938 0.733445764 0.260526270 0.624722779
1501.000000 0.052791465 -0.843542814 1.769936442 0.063671485 0.736647308 0.259272218 0.621349037
1502.000000 0.055356417 -0.848322093 1.769513607 0.062954307 0.738221288 0.260352701 0.619098186
1503.000000 0.052322973 -0.847817481 1.762228370 0.063162945 0.738541067 0.260297686 0.618718505
1504.000000 0.055567279 -0.843052626 1.768758059 0.063469276 0.742091537 0.258682579 0.615105808
1505.000000 0.054187022 -0.846299589 1.761720777 0.061488699 0.743430436 0.258825481 0.613628328
1506.000000 0.057206202 -0.843244612 1.763021946 0.060697850 0.746581376 0.257450819 0.610451519
1507.000000 0.063491262 -0.842012525 1.781425357 0.059441768 0.752304018 0.256148160 0.604064047
1508.000000 0.064512335 -0.849012733 1.774379730 0.056547593 0.753173828 0.256722450 0.603013337
