1341846434.710184 0.000000000 0.000000000 0.000000000 -0.000000000 -0.000000000 -0.000000000 1.000000000
1341846434.746225 0.003118242 -0.000512709 -0.003008537 0.003114512 0.001746275 0.003684990 0.999986827
1341846434.778203 0.015708992 -0.000070650 -0.004944988 0.005110873 0.002344869 0.004648391 0.999973416
1341846434.810024 0.020218823 0.002061137 -0.010888335 0.005349187 0.003943485 0.003081786 0.999973238
1341846434.846345 0.023033032 -0.000830171 -0.014535909 0.003460872 0.003509919 -0.000679010 0.999987662
1341846434.878202 0.029617861 -0.005991328 -0.019539114 0.001905059 0.000816260 -0.008322322 0.999963224
1341846434.914148 0.035201985 -0.001206139 -0.033627216 0.001800168 -0.004959536 -0.016405981 0.999851525
1341846434.946443 0.034666963 -0.003880187 -0.038398702 -0.000196788 -0.016415033 -0.025254102 0.999546349
1341846434.978088 0.048615977 -0.010075727 -0.032430489 -0.000312900 -0.025633693 -0.027945437 0.999280751
1341846435.014019 0.060607638 -0.012747603 -0.035823155 0.001043980 -0.031980935 -0.027314587 0.999114692
1341846435.045942 0.080347396 -0.020800237 -0.035373028 0.001502380 -0.037494615 -0.027536444 0.998916268
1341846435.077985 0.092443638 -0.024943706 -0.034216411 0.003592573 -0.036606025 -0.028392863 0.998919964
1341846435.113961 0.099374667 -0.034024291 -0.035533391 0.006493349 -0.035613168 -0.027946685 0.998953700
1341846435.146181 0.100449771 -0.034261603 -0.036837630 0.009721153 -0.035854310 -0.027225554 0.998938799
1341846435.182052 0.102646887 -0.036630634 -0.040349491 0.011405332 -0.039915014 -0.023949897 0.998850942
1341846435.213955 0.115380876 -0.043565076 -0.038628846 0.012800426 -0.046822842 -0.018627496 0.998647511
1341846435.246495 0.127215236 -0.040403891 -0.044224288 0.016681619 -0.052678443 -0.014378293 0.998368680
1341846435.281968 0.130482227 -0.034485370 -0.050914451 0.017953534 -0.061654881 -0.014414103 0.997831941
1341846435.319946 0.136716917 -0.034882907 -0.059726752 0.016866969 -0.070084319 -0.013493600 0.997307181
1341846435.382078 0.166275725 -0.050486073 -0.048892129 0.012019310 -0.081338994 -0.009285264 0.996570766
1341846435.414309 0.172611967 -0.064286813 -0.050617862 0.013762196 -0.084434390 -0.005290758 0.996319950
1341846435.450323 0.182249814 -0.053841252 -0.057187997 0.017351666 -0.089815080 -0.005552473 0.995791793
1341846435.482273 0.202619568 -0.052415267 -0.044928022 0.018092200 -0.091868483 -0.006690222 0.995584309
1341846435.513983 0.215768352 -0.047403585 -0.046083137 0.018663950 -0.090183906 -0.008561720 0.995713472
1341846435.550153 0.217214927 -0.044382308 -0.054836713 0.017095366 -0.088286869 -0.011187850 0.995885611
1341846435.582003 0.220895827 -0.057209797 -0.053809121 0.014757644 -0.090654388 -0.012302123 0.995697081
1341846435.618180 0.222667769 -0.062307447 -0.055614457 0.017899776 -0.096415818 -0.013189900 0.995092809
1341846435.650183 0.246923715 -0.060744543 -0.052375574 0.020991748 -0.105002694 -0.014167248 0.994149506
1341846435.681920 0.263086796 -0.060235668 -0.050559442 0.023493290 -0.106339164 -0.014435356 0.993947566
1341846435.717877 0.268776238 -0.055508785 -0.051684149 0.025105461 -0.107305147 -0.015867429 0.993782461
1341846435.750187 0.280184239 -0.060708877 -0.052641850 0.024596125 -0.110202201 -0.016706668 0.993464351
1341846435.782022 0.292210430 -0.061037522 -0.053003680 0.025819561 -0.114218451 -0.017302480 0.992969394
1341846435.818082 0.311112225 -0.059087832 -0.047623515 0.026342127 -0.118281290 -0.018367011 0.992460728
1341846435.849992 0.320178092 -0.065210849 -0.052356698 0.027109703 -0.120927721 -0.018020697 0.992127419
1341846435.886101 0.338253528 -0.062699214 -0.048383061 0.028093610 -0.126110747 -0.018080188 0.991453469
1341846435.918077 0.346680462 -0.062138982 -0.054226413 0.027679054 -0.129188269 -0.017211812 0.991084278
1341846435.950077 0.356546253 -0.070731044 -0.054720081 0.026551493 -0.132966518 -0.014537999 0.990658164
1341846435.986080 0.363036662 -0.077837810 -0.052825242 0.027818749 -0.137427226 -0.013277984 0.990032077
1341846436.018119 0.373312265 -0.067535259 -0.052267518 0.029775582 -0.143181667 -0.012180327 0.989173472
1341846436.050565 0.390334904 -0.066342205 -0.059374955 0.028870482 -0.148243681 -0.009362626 0.988485038
1341846436.085970 0.397483706 -0.068804443 -0.059342593 0.026724696 -0.151544571 -0.007020700 0.988064170
1341846436.118116 0.408763885 -0.076323763 -0.052463897 0.024845479 -0.157075956 -0.005050287 0.987261057
1341846436.153952 0.434885859 -0.077114657 -0.039755967 0.025378488 -0.161477715 -0.002573317 0.986546695
1341846436.185994 0.437575459 -0.080848783 -0.042160172 0.025940962 -0.162204564 -0.001355289 0.986415267
1341846436.218096 0.447542012 -0.081692941 -0.040309966 0.027276179 -0.166119501 0.001265823 0.985727549
1341846436.253965 0.466783226 -0.065244853 -0.040188368 0.027927538 -0.168243930 0.003757915 0.985342622
1341846436.286007 0.467986912 -0.074400239 -0.034368865 0.024026560 -0.167188585 0.002750463 0.985628366
1341846436.318164 0.468438715 -0.081723645 -0.031799428 0.024255127 -0.169583157 0.002991918 0.985212862
1341846436.354084 0.480070353 -0.071637549 -0.032544769 0.024921019 -0.171919271 0.002317650 0.984793067
1341846436.385958 0.485671490 -0.078294270 -0.027735438 0.022841919 -0.172070697 0.000442004 0.984819651
1341846436.422052 0.482408732 -0.086836889 -0.034734059 0.022553416 -0.173716322 0.000377057 0.984537423
1341846436.453972 0.490623891 -0.087615862 -0.023933642 0.023858592 -0.178876579 0.000829013 0.983581841
1341846436.485966 0.498724997 -0.078163207 -0.025061946 0.025616929 -0.181280375 0.000966121 0.983097315
1341846436.522075 0.493014187 -0.079193242 -0.025408380 0.023382582 -0.183444142 -0.000685228 0.982751846
1341846436.553975 0.491865993 -0.085844651 -0.022546966 0.021963233 -0.188890144 -0.001222061 0.981751859
1341846436.590103 0.496681631 -0.081764370 -0.017533461 0.021729067 -0.195801035 -0.001203574 0.980402112
1341846436.622042 0.511560500 -0.077343225 -0.007853929 0.019606516 -0.201461837 -0.003841666 0.979292572
1341846436.654125 0.519901574 -0.089994036 0.004736710 0.016839975 -0.205375031 -0.005979477 0.978520155
1341846436.690078 0.515887201 -0.089382477 0.011949887 0.017996548 -0.210595891 -0.007205652 0.977380991
1341846436.722015 0.523025513 -0.084805921 0.012909235 0.017843530 -0.217867345 -0.008808598 0.975775540
1341846436.754167 0.529490471 -0.093422920 0.028884262 0.016428692 -0.224706307 -0.009956140 0.974237204
1341846436.790021 0.531776905 -0.098724052 0.037617497 0.019665491 -0.232387930 -0.010684101 0.972365677
1341846436.822079 0.557543039 -0.083138846 0.039802846 0.021906137 -0.241590098 -0.010778803 0.970071256
1341846436.858129 0.572183430 -0.078256272 0.035680942 0.019057781 -0.245008618 -0.011599696 0.969264209
1341846436.889894 0.571665645 -0.088346742 0.060618859 0.015350698 -0.247607604 -0.008906555 0.968697906
1341846436.922139 0.579478502 -0.094816148 0.053533047 0.015819782 -0.252538294 -0.004431281 0.967447460
1341846436.958108 0.588305593 -0.088121824 0.040881634 0.015776826 -0.256777108 -0.001828932 0.966340184
1341846436.990096 0.602193058 -0.090996601 0.057621270 0.013472466 -0.261639714 -0.000857938 0.965071261
1341846437.058136 0.620832086 -0.091113947 0.056676820 0.011269953 -0.270184159 0.003974152 0.962734580
1341846437.096585 0.629617989 -0.088728383 0.068805836 0.009563327 -0.274756432 0.005893513 0.961448312
1341846437.126102 0.640051067 -0.083122328 0.067014903 0.007278555 -0.278528154 0.005468889 0.960384905
1341846437.158050 0.648143291 -0.078992657 0.070899874 0.002365455 -0.281202734 0.005457470 0.959629953
1341846437.226114 0.662888527 -0.035748534 0.092273846 -0.008162067 -0.288388848 0.003051037 0.957473755
1341846437.258123 0.668036640 -0.043344300 0.115161821 -0.019927990 -0.290447474 0.002180546 0.956680954
1341846437.290095 0.671432734 -0.042282067 0.118339136 -0.025601719 -0.293819070 0.006479728 0.955496192
1341846437.326061 0.669659793 -0.059752617 0.110952623 -0.034675714 -0.297174454 0.006352214 0.954172254
1341846437.364153 0.676849365 -0.070133477 0.121317931 -0.041207809 -0.302038580 0.003913079 0.952396631
1341846437.396140 0.675434291 -0.072033517 0.132485569 -0.044640850 -0.305870593 0.003282285 0.951020360
1341846437.431962 0.689051867 -0.072423562 0.125296474 -0.048949581 -0.312484413 0.004874074 0.948648393
1341846437.464061 0.698130250 -0.059908755 0.134171009 -0.053484503 -0.317791492 0.002346737 0.946648061
1341846437.500080 0.701298773 -0.071899951 0.143595487 -0.059884641 -0.320754290 0.002298156 0.945264697
1341846437.536428 0.716838777 -0.096077546 0.155269146 -0.063584894 -0.326308221 0.003510362 0.943115890
1341846437.568842 0.725368321 -0.098761745 0.163410172 -0.058785751 -0.331170648 0.004310746 0.941728055
1341846437.600736 0.738041878 -0.091883026 0.170086712 -0.053616475 -0.333892912 0.005528545 0.941068649
1341846437.632742 0.741754115 -0.082904078 0.182212800 -0.050459709 -0.334164500 0.004815927 0.941150784
1341846437.669713 0.747546136 -0.082050838 0.187623560 -0.048552159 -0.334341913 0.004278974 0.941190720
1341846437.700232 0.758313179 -0.075449735 0.201628983 -0.045815479 -0.333596528 0.000885822 0.941601574
1341846437.739652 0.778045416 -0.079717062 0.219366610 -0.044775680 -0.327820659 -0.002748046 0.943674326
1341846437.795294 0.767903209 -0.077190332 0.233302236 -0.041046623 -0.315711498 -0.015501645 0.947840273
1341846437.830422 0.778081417 -0.093770891 0.209181890 -0.039234594 -0.313097775 -0.015450736 0.948784351
1341846437.863213 0.789393127 -0.087551504 0.223467872 -0.037352942 -0.313573420 -0.011362860 0.948761046
1341846437.930096 0.802874267 -0.087721825 0.219859675 -0.036624178 -0.305408478 -0.008094641 0.951482415
1341846437.961942 0.799015760 -0.090047441 0.227462918 -0.037342068 -0.307121783 -0.005136905 0.950923443
1341846437.994103 0.812450171 -0.078130923 0.227915093 -0.036796894 -0.310028493 -0.002870114 0.950010598
1341846438.030032 0.815566778 -0.070538282 0.230055317 -0.042277608 -0.309086680 -0.002927273 0.950089216
1341846438.068074 0.807895780 -0.093669601 0.245209038 -0.048652966 -0.309488535 -0.003407956 0.949651599
1341846438.130017 0.814686716 -0.098876685 0.261392593 -0.041279361 -0.314435214 -0.001425855 0.948379934
1341846438.164374 0.815623641 -0.088301003 0.259786606 -0.039515465 -0.312861919 -0.004036863 0.948967695
1341846438.198015 0.811807096 -0.092628464 0.265288234 -0.042070054 -0.310695350 -0.006500747 0.949555814
1341846438.229906 0.802579343 -0.105063587 0.270079762 -0.041855123 -0.310332268 -0.006166534 0.949686289
1341846438.262251 0.809305847 -0.094798140 0.273990214 -0.039221533 -0.309535593 -0.006668903 0.950055242
1341846438.298333 0.807229400 -0.090997897 0.293788403 -0.039357401 -0.303106397 -0.010476895 0.952086031
1341846438.329987 0.796965778 -0.101707861 0.284431219 -0.038567197 -0.295715183 -0.011525520 0.954427779
1341846438.366126 0.792775452 -0.086477652 0.274690837 -0.037131757 -0.291433930 -0.010564503 0.955811679
1341846438.398154 0.789757371 -0.081787795 0.283544481 -0.040782452 -0.285193890 -0.012908832 0.957514822
1341846438.430136 0.778847396 -0.096837305 0.287893742 -0.043889575 -0.276188314 -0.012842340 0.960015059
1341846438.465965 0.763500154 -0.096504323 0.278932184 -0.042152192 -0.270265430 -0.009661529 0.961814225
1341846438.530106 0.745686352 -0.083836630 0.275439888 -0.044714052 -0.264498770 -0.005260899 0.963334501
1341846438.566686 0.732220769 -0.088005826 0.283024341 -0.045950778 -0.263207197 -0.002178220 0.963641942
1341846438.598145 0.725078881 -0.085660994 0.279100955 -0.043995202 -0.264144629 0.001399877 0.963478148
1341846438.634113 0.729610264 -0.067505211 0.286875904 -0.042179700 -0.262824774 0.002574830 0.963917792
1341846438.665920 0.725871921 -0.061593324 0.293209553 -0.045491591 -0.253743887 0.001297406 0.966200233
1341846438.697986 0.715109825 -0.081012212 0.301341981 -0.047698233 -0.245234996 0.002070056 0.968287349
1341846438.734146 0.712333798 -0.072863892 0.296356946 -0.043113474 -0.237463728 0.008182315 0.970404744
1341846438.766996 0.710237622 -0.050642721 0.274667829 -0.042232022 -0.226708546 0.008892982 0.973005950
1341846438.801972 0.694126010 -0.051360454 0.276821524 -0.047085706 -0.214819878 0.007327863 0.975490510
1341846438.834118 0.673662543 -0.064867318 0.288087010 -0.051730465 -0.206603214 0.009044435 0.977014482
1341846438.865936 0.668011606 -0.075363539 0.300546587 -0.050178591 -0.202272579 0.013421294 0.977950871
1341846438.902045 0.656319141 -0.060885787 0.287858039 -0.044411913 -0.196310982 0.014206748 0.979432464
1341846438.934115 0.642969310 -0.055837385 0.283035547 -0.044364102 -0.190312803 0.008313057 0.980685353
1341846438.966314 0.629960179 -0.063454010 0.286984980 -0.046184011 -0.185196161 0.003509867 0.981609464
1341846439.001871 0.627696276 -0.067775525 0.292319089 -0.045413472 -0.180317938 0.002913035 0.982555151
1341846439.034612 0.611887932 -0.068324871 0.291160256 -0.043559443 -0.172286540 0.001852394 0.984081566
1341846439.070117 0.603960395 -0.070498563 0.292551428 -0.040907674 -0.165939137 0.001593496 0.985285938
1341846439.101969 0.590815544 -0.072191611 0.292036682 -0.036859956 -0.156159893 0.000692420 0.987043560
1341846439.134146 0.573615313 -0.072341353 0.283757865 -0.031980276 -0.147897005 0.001048241 0.988485038
1341846439.170111 0.562871695 -0.071652718 0.281496614 -0.027182097 -0.139868647 0.003222001 0.989791691
1341846439.202174 0.544227898 -0.064537063 0.278651178 -0.023245845 -0.131188959 0.002204769 0.991082370
1341846439.234198 0.531956255 -0.064883232 0.281579733 -0.021690087 -0.123291343 0.001380577 0.992132545
1341846439.269869 0.516534448 -0.071549244 0.284269899 -0.019388979 -0.113962337 0.001560805 0.993294656
1341846439.302022 0.501941442 -0.074613117 0.274677157 -0.014345486 -0.106073298 0.001563309 0.994253576
1341846439.338209 0.486548573 -0.059574682 0.266193926 -0.010015381 -0.099855192 -0.000074631 0.994951606
1341846439.369920 0.477282315 -0.064901538 0.267128497 -0.010916694 -0.093812577 -0.002614277 0.995526612
1341846439.402179 0.452634573 -0.082347408 0.265946597 -0.008699591 -0.087221876 -0.004660405 0.996140063
1341846439.437979 0.441736817 -0.073844962 0.260793328 -0.002828346 -0.085078813 -0.002323198 0.996367574
1341846439.470001 0.427953273 -0.068697654 0.252593279 -0.000147085 -0.080080695 -0.002041988 0.996786356
1341846439.502101 0.413067907 -0.074490428 0.251510948 0.000644195 -0.074721083 -0.004267047 0.997195184
1341846439.538102 0.392459840 -0.083516479 0.248955488 0.003319923 -0.071329288 -0.005565175 0.997431815
1341846439.570087 0.381319523 -0.078134835 0.246414006 0.007765864 -0.070040539 -0.004853746 0.997502089
1341846439.605986 0.374155164 -0.078972645 0.244457901 0.009567382 -0.067120537 -0.003648657 0.997692347
1341846439.638201 0.361004412 -0.077919699 0.242514655 0.011406660 -0.062818296 -0.003565783 0.997953475
1341846439.670177 0.346662790 -0.080315895 0.241446525 0.012716555 -0.059027750 -0.004332522 0.998166025
1341846439.706034 0.334849298 -0.078400433 0.241097718 0.013887801 -0.055706114 -0.004034645 0.998342454
1341846439.737939 0.327224284 -0.082436703 0.242000237 0.015189903 -0.052605722 -0.002437570 0.998496830
1341846439.774173 0.325824112 -0.080340236 0.243735686 0.017199479 -0.047101751 -0.001024547 0.998741448
1341846439.806288 0.306807935 -0.076620497 0.240244523 0.018792076 -0.038963608 -0.001042177 0.999063373
1341846439.846398 0.298516572 -0.070574656 0.235768229 0.018175270 -0.033150569 -0.002121849 0.999282897
1341846439.906194 0.272813678 -0.081607237 0.242802396 0.015257681 -0.015131687 -0.007004046 0.999744594
1341846439.938149 0.253187031 -0.078718916 0.239822790 0.017352099 -0.008083580 -0.005895960 0.999799371
1341846439.974174 0.256387472 -0.056839667 0.236464977 0.017094223 -0.003763214 -0.006313038 0.999826908
1341846440.006174 0.248369589 -0.056793354 0.241110146 0.011092504 0.005727136 -0.009038328 0.999881327
1341846440.042214 0.222171620 -0.073550433 0.248293757 0.006849059 0.014528722 -0.008099573 0.999838233
1341846440.073971 0.212359428 -0.072908990 0.244181111 0.008695663 0.019430740 -0.003047984 0.999768794
1341846440.106449 0.207540065 -0.066353098 0.244611830 0.007781022 0.026927469 -0.000968622 0.999606669
1341846440.142076 0.161449820 -0.077465840 0.253002942 0.006156122 0.039930299 -0.003876045 0.999176025
1341846440.173898 0.147937194 -0.080890164 0.253238529 0.009790153 0.044469930 0.000805992 0.998962462
1341846440.206048 0.130366281 -0.066234514 0.249864504 0.013020880 0.049933419 0.005553789 0.998652279
1341846440.242218 0.107323557 -0.075473472 0.255188644 0.012753984 0.053321134 0.006505031 0.998474777
1341846440.274220 0.106250450 -0.078553006 0.258085638 0.017155327 0.053499956 0.006131362 0.998401701
1341846440.310040 0.097114921 -0.064728826 0.256985754 0.021733737 0.058654305 0.006429879 0.998021066
1341846440.341908 0.083879434 -0.064958133 0.255518138 0.021629117 0.064563036 0.007941292 0.997647643
1341846440.374065 0.067289799 -0.071422949 0.257706851 0.022699054 0.069243968 0.008503837 0.997305214
1341846440.410065 0.056973852 -0.069029488 0.256058037 0.025600281 0.072989874 0.007194219 0.996978164
1341846440.442063 0.047075823 -0.068399183 0.256052554 0.027828991 0.078750566 0.004645812 0.996495068
1341846440.474055 0.023827044 -0.065213732 0.264579117 0.029641606 0.084665127 0.000728333 0.995968282
1341846440.510034 0.013566774 -0.063749537 0.260178655 0.030361649 0.086983450 -0.001206106 0.995746315
1341846440.542081 0.003397026 -0.056442238 0.255070627 0.029458014 0.091568068 -0.002964179 0.995358646
1341846440.578060 -0.012509690 -0.062564999 0.261878550 0.026587827 0.097389065 -0.006045621 0.994872808
1341846440.610154 -0.028194746 -0.069050699 0.263224959 0.026866643 0.102920100 -0.008098560 0.994293809
1341846440.642042 -0.050437298 -0.062849686 0.257544994 0.028017480 0.107502334 -0.007333228 0.993782938
1341846440.678071 -0.063783988 -0.058788694 0.254920959 0.026713962 0.109687544 -0.006105555 0.993588328
1341846440.710213 -0.070004232 -0.056493010 0.253403485 0.024282763 0.113919660 -0.005499808 0.993178010
1341846440.742033 -0.100519218 -0.049969483 0.257743448 0.021663524 0.121927865 -0.006772516 0.992279410
1341846440.778145 -0.119943187 -0.055483926 0.259434670 0.018186010 0.125862345 -0.005017840 0.991868377
1341846440.810360 -0.130189210 -0.056920815 0.258155137 0.016305184 0.128862172 -0.004260223 0.991519332
1341846440.846329 -0.143275857 -0.064563446 0.265310824 0.015292826 0.134655893 -0.004451705 0.990764439
1341846440.878141 -0.173222795 -0.064509198 0.263714582 0.017589996 0.139649838 -0.001604400 0.990043461
1341846440.920960 -0.187477261 -0.044736989 0.259787261 0.018846290 0.140451178 0.000250979 0.989908218
1341846440.952308 -0.196684390 -0.045472402 0.261053592 0.013244707 0.143248647 0.001274893 0.989597321
1341846440.986714 -0.216156259 -0.059816200 0.271690667 0.009833593 0.148216352 0.003657453 0.988899350
1341846441.052118 -0.251544327 -0.064215511 0.274588734 0.015581897 0.144304857 0.013337305 0.989320755
1341846441.114116 -0.264818966 -0.055597745 0.274678558 0.018075628 0.147323117 0.016190417 0.988790751
1341846441.146132 -0.285251498 -0.055730376 0.273961723 0.017868638 0.146631911 0.016165143 0.988897681
1341846441.178054 -0.273204505 -0.050587006 0.268993050 0.017043600 0.144289136 0.016848404 0.989245296
1341846441.214136 -0.278192580 -0.054088715 0.270406544 0.014403776 0.150605559 0.014278694 0.988385916
1341846441.246039 -0.299579829 -0.065061525 0.274442703 0.014198146 0.156108528 0.012288802 0.987561464
1341846441.282130 -0.312821031 -0.058959231 0.267719984 0.016392384 0.158615693 0.010344198 0.987150192
1341846441.314084 -0.315200418 -0.054066051 0.264895707 0.015265657 0.162581801 0.008616900 0.986539364
1341846441.346088 -0.336025208 -0.065704443 0.273319334 0.013194969 0.169213101 0.005936612 0.985473335
1341846441.382129 -0.355052292 -0.071308844 0.275414944 0.015349096 0.171939462 0.004353404 0.984978318
1341846441.414517 -0.371665120 -0.066720165 0.274318784 0.017855398 0.172486663 0.003991825 0.984841943
1341846441.445996 -0.374116868 -0.061705079 0.268988073 0.018772580 0.172421291 0.003112622 0.984839499
1341846441.482023 -0.390811533 -0.062801637 0.272446007 0.017321488 0.175719082 0.001174173 0.984287262
1341846441.514114 -0.416310579 -0.075068541 0.279152930 0.016243383 0.175821975 0.000454820 0.984287918
1341846441.582260 -0.423982203 -0.064527996 0.272521973 0.020615986 0.172399074 0.004490685 0.984801173
1341846441.614425 -0.438679039 -0.074714772 0.275311530 0.018721076 0.175470650 0.002383201 0.984303832
1341846441.650563 -0.455298722 -0.085419647 0.282786459 0.021181576 0.176067382 0.003625483 0.984143555
1341846441.681977 -0.457234174 -0.071784660 0.273252070 0.025259711 0.175600991 0.005423924 0.984122455
1341846441.714170 -0.463230699 -0.059561040 0.269873500 0.023060504 0.179894671 0.004082721 0.983407080
1341846441.750023 -0.481481284 -0.065405406 0.276829839 0.017821198 0.184810564 0.003098679 0.982607722
1341846441.781910 -0.492751777 -0.068306059 0.280717224 0.014845853 0.187377661 0.005620204 0.982159734
1341846441.818076 -0.504258215 -0.063830808 0.289478481 0.012379631 0.190702185 0.004636030 0.981558979
1341846441.850011 -0.513924181 -0.065093055 0.293145806 0.008761450 0.194437712 0.004052886 0.980867445
1341846441.882149 -0.533566535 -0.063101918 0.299392670 0.004962560 0.198242217 0.003716052 0.980133533
1341846441.918074 -0.545350134 -0.063142002 0.304024696 -0.000065907 0.199314669 0.003335300 0.979929924
1341846441.950113 -0.553551614 -0.064531974 0.311882943 -0.005162485 0.201108232 0.003488828 0.979549229
1341846441.986157 -0.571375489 -0.071979888 0.321046889 -0.009640202 0.202658966 0.005429215 0.979186952
1341846442.018070 -0.577727556 -0.077133678 0.337899446 -0.011120488 0.201776490 0.009154783 0.979325712
1341846442.050044 -0.583484769 -0.076015420 0.335750699 -0.012287465 0.203393117 0.012405554 0.978941500
1341846442.086050 -0.596146345 -0.076128639 0.344094574 -0.015605244 0.207602724 0.015313749 0.977968931
1341846442.118273 -0.613758266 -0.088880196 0.361560076 -0.019055376 0.211019903 0.016782958 0.977151990
1341846442.150914 -0.626093149 -0.102862947 0.374962300 -0.017476326 0.211538061 0.017542481 0.977056086
1341846442.186309 -0.629693806 -0.103502847 0.375036985 -0.013388110 0.213283867 0.020040456 0.976692975
1341846442.254276 -0.628415883 -0.101370327 0.374748021 -0.012664769 0.217614681 0.017579069 0.975794315
1341846442.286112 -0.629240036 -0.092888057 0.353984147 -0.015623790 0.223148838 0.015620205 0.974534035
1341846442.318240 -0.655175745 -0.097207174 0.363039911 -0.026143102 0.236326680 0.010494404 0.971265197
1341846442.359932 -0.670459092 -0.105437078 0.396770656 -0.031847589 0.247476697 0.015186471 0.968251228
1341846442.417971 -0.680652916 -0.109147571 0.401697069 -0.038727693 0.261846215 0.016848894 0.964185119
1341846442.455016 -0.711396515 -0.120496787 0.417182058 -0.042863742 0.270651937 0.018934229 0.961536169
1341846442.486191 -0.699652553 -0.121629179 0.422273934 -0.043977510 0.274571389 0.023536623 0.960272133
1341846442.522074 -0.695406377 -0.121778034 0.406442165 -0.046013821 0.281204939 0.028716678 0.958113730
1341846442.553917 -0.701034367 -0.114243835 0.405396581 -0.051193204 0.292747796 0.030697726 0.954324782
1341846442.585989 -0.735175788 -0.094581321 0.451854467 -0.054844584 0.311028600 0.032075115 0.948274493
1341846442.627895 -0.733076572 -0.105166897 0.464520514 -0.059563462 0.320491910 0.032362808 0.944822609
1341846442.686166 -0.750917614 -0.110155150 0.491765648 -0.057799418 0.341848165 0.023695188 0.937676787
1341846442.721990 -0.762461305 -0.124199949 0.489173234 -0.057061624 0.350541115 0.021749675 0.934554338
1341846442.754276 -0.775787830 -0.119440556 0.500453234 -0.053384613 0.356157035 0.022143431 0.932637095
1341846442.790054 -0.786110520 -0.113308795 0.500834763 -0.052138548 0.359150589 0.021098383 0.931583226
1341846442.822072 -0.792208612 -0.107695855 0.510691047 -0.054818485 0.362737060 0.018862430 0.930086613
1341846442.854093 -0.799647450 -0.111535773 0.540187716 -0.057064403 0.365876675 0.020270163 0.928691030
1341846442.889944 -0.799674273 -0.113190591 0.546276689 -0.054436740 0.364632159 0.022995632 0.929274559
1341846442.922114 -0.787466168 -0.110012420 0.545176685 -0.054451652 0.363835424 0.023211963 0.929580569
1341846442.954040 -0.795122981 -0.119886495 0.565960705 -0.056002304 0.370745152 0.024399797 0.926723540
1341846442.989997 -0.812078595 -0.115960747 0.591707885 -0.050762489 0.372485876 0.028088579 0.926222742
1341846443.022264 -0.824299574 -0.114111334 0.588059485 -0.048160657 0.367130280 0.032418899 0.928356111
1341846443.058071 -0.814191282 -0.121007130 0.587747157 -0.049092006 0.366887182 0.034214102 0.928338945
1341846443.090123 -0.830684304 -0.121102884 0.606645882 -0.047349423 0.373061925 0.034690939 0.925947845
1341846443.122143 -0.844690442 -0.117388755 0.632555962 -0.044661529 0.371877044 0.039832115 0.926351070
1341846443.158076 -0.848741412 -0.125911251 0.621440649 -0.042900056 0.369193912 0.043817651 0.927327037
1341846443.190201 -0.853644550 -0.124274313 0.626980364 -0.040885363 0.371378481 0.045412570 0.926468670
1341846443.226121 -0.859713972 -0.116395235 0.640517592 -0.038949426 0.371148348 0.049151927 0.926453412
1341846443.257975 -0.861356258 -0.119800061 0.649857640 -0.039597455 0.368884921 0.050770294 0.927242398
1341846443.289997 -0.863990426 -0.122785226 0.654273987 -0.038482562 0.369749606 0.051892962 0.926882744
1341846443.326118 -0.877717853 -0.120963141 0.659666955 -0.037373427 0.372071654 0.053744044 0.925892830
1341846443.358067 -0.889475465 -0.124944642 0.670504451 -0.036670819 0.373776823 0.054086711 0.925213933
1341846443.390137 -0.892206907 -0.121175081 0.667756855 -0.035380874 0.374146014 0.054160450 0.925110638
1341846443.426198 -0.895093918 -0.117386162 0.667085946 -0.037384793 0.378195971 0.053510476 0.923421264
1341846443.458405 -0.904128850 -0.123729654 0.687498033 -0.040202096 0.383314013 0.052629791 0.921240628
1341846443.494173 -0.904382050 -0.123871744 0.692039907 -0.039357558 0.385514915 0.053594705 0.920302570
1341846443.558139 -0.916687667 -0.101660118 0.703134418 -0.045135852 0.397715092 0.054172888 0.914795518
1341846443.594027 -0.921576142 -0.114452139 0.713471174 -0.050680354 0.403571546 0.057087425 0.911758006
1341846443.626290 -0.931274712 -0.104152545 0.714297295 -0.052113347 0.410174787 0.057916962 0.908672988
1341846443.658166 -0.937834144 -0.100462526 0.730348825 -0.059371676 0.419124037 0.058996081 0.904062867
1341846443.694065 -0.943044782 -0.110193476 0.751251459 -0.064420983 0.426529825 0.060069229 0.900174439
1341846443.726282 -0.954671502 -0.110736609 0.762231767 -0.065224767 0.431729317 0.063744918 0.897380710
1341846443.770837 -0.960543394 -0.108420148 0.776705623 -0.065302104 0.433947593 0.065257207 0.896195650
1341846443.800403 -0.974449396 -0.100873053 0.781117260 -0.065947868 0.434686363 0.066355407 0.895709574
1341846443.831984 -0.978718519 -0.092054576 0.786907852 -0.070965543 0.433541685 0.067063533 0.895828068
1341846443.868057 -0.981757045 -0.096901678 0.805602729 -0.076411270 0.434251785 0.065994821 0.895115316
1341846443.900439 -0.989209831 -0.092472456 0.828350902 -0.075941950 0.433791697 0.067998789 0.895228386
1341846443.932086 -0.992309451 -0.099282406 0.837982774 -0.076412857 0.431168437 0.069191977 0.896363378
1341846443.993912 -1.005171776 -0.101855263 0.850200534 -0.074582413 0.432186544 0.066330366 0.896243632
1341846444.029924 -1.016124010 -0.097157732 0.863463879 -0.077196725 0.433626235 0.065244704 0.895406067
1341846444.061948 -1.018924832 -0.096240297 0.871739507 -0.080468543 0.432385176 0.064218476 0.895792365
1341846444.093984 -1.020183086 -0.096392982 0.880605936 -0.082968026 0.432357013 0.064145781 0.895583093
1341846444.129916 -1.019634843 -0.098692775 0.885150254 -0.084187955 0.432232410 0.064305954 0.895517886
1341846444.162326 -1.025025964 -0.094615236 0.890208662 -0.084311262 0.434738427 0.064263500 0.894295514
1341846444.198431 -1.030058503 -0.084321454 0.896014094 -0.085473403 0.434009850 0.066431396 0.894380569
1341846444.229953 -1.031011343 -0.086067244 0.903998733 -0.089290552 0.431973219 0.069342054 0.894772589
1341846444.261919 -1.032194614 -0.091893956 0.916990936 -0.088525794 0.430894613 0.072486490 0.895119429
1341846444.298029 -1.040853143 -0.077496953 0.911513865 -0.086754382 0.427843869 0.073473401 0.896674454
1341846444.335959 -1.041843653 -0.083068639 0.916274846 -0.094782859 0.424522132 0.073877275 0.897407055
1341846444.398189 -1.039892316 -0.085538454 0.918485284 -0.092011601 0.416099668 0.077701487 0.901308775
1341846444.429979 -1.035808206 -0.082087226 0.914503157 -0.094442531 0.411063612 0.077025317 0.903423727
1341846444.466022 -1.033842683 -0.084039383 0.918247700 -0.097098254 0.409583747 0.075116321 0.903974950
1341846444.498181 -1.036377788 -0.080706529 0.922659755 -0.095521316 0.406709343 0.076186240 0.905350208
1341846444.530364 -1.035431266 -0.083803266 0.914672792 -0.095394298 0.400017649 0.076834947 0.908285320
1341846444.566040 -1.029746771 -0.088204764 0.905189395 -0.096478149 0.396128953 0.074439868 0.910072863
1341846444.598132 -1.028101921 -0.086677879 0.900414407 -0.096261337 0.393497556 0.071851112 0.911444366
1341846444.630024 -1.025610089 -0.089538559 0.895621240 -0.095412992 0.389116883 0.071522877 0.913437963
1341846444.666108 -1.018079877 -0.096898921 0.876863599 -0.093585871 0.385032982 0.072879404 0.915248513
1341846444.697995 -1.012037277 -0.097720064 0.862857640 -0.090973057 0.385554522 0.071897008 0.915370166
1341846444.734205 -1.008674860 -0.099228129 0.857819021 -0.088251032 0.385627002 0.071229607 0.915658236
1341846444.766262 -1.001549959 -0.107265316 0.841663718 -0.084372222 0.383594781 0.071368538 0.916865885
1341846444.798037 -0.996880889 -0.103708491 0.821619391 -0.080142826 0.382863075 0.071887374 0.917510390
1341846444.833972 -0.991689324 -0.103727758 0.809911132 -0.079818480 0.382136852 0.071063615 0.917905450
1341846444.866116 -0.985660195 -0.107784517 0.800828457 -0.078975692 0.380396575 0.071138568 0.918695092
1341846444.898025 -0.978879929 -0.102761805 0.786271155 -0.075178854 0.377401292 0.073191613 0.920086622
1341846444.934155 -0.975246489 -0.095710516 0.771094859 -0.074738875 0.374602288 0.074027047 0.921198845
1341846444.972057 -0.965685725 -0.105049558 0.757713258 -0.077557594 0.371045083 0.074370749 0.922377110
1341846445.034071 -0.954088509 -0.101175219 0.727240920 -0.075719483 0.364728332 0.073967546 0.925077617
1341846445.065987 -0.943879724 -0.105878159 0.715244174 -0.078766793 0.360341787 0.073362708 0.926589191
1341846445.102399 -0.938190877 -0.115196742 0.709062397 -0.079594553 0.357475728 0.071751036 0.927754104
1341846445.134054 -0.930081427 -0.107933357 0.691285074 -0.076363407 0.351391107 0.070708960 0.930426359
1341846445.170198 -0.924460411 -0.109797761 0.681921303 -0.078099616 0.342821449 0.067261510 0.933728993
1341846445.202068 -0.912481070 -0.122057341 0.665566981 -0.077477939 0.336843699 0.062270872 0.936299026
1341846445.234202 -0.915098071 -0.113306873 0.659174442 -0.074245252 0.333064675 0.056140173 0.938298464
1341846445.270262 -0.910881281 -0.109827511 0.651780784 -0.074285857 0.324803710 0.050929084 0.941483140
1341846445.334212 -0.869522393 -0.107462883 0.617356896 -0.072114959 0.309420794 0.043971904 0.947166681
1341846445.370095 -0.866512179 -0.101413384 0.608708262 -0.071052715 0.303874910 0.041822881 0.949137747
1341846445.401934 -0.847109795 -0.099909320 0.591238081 -0.072408974 0.295366198 0.040883448 0.951758564
1341846445.437937 -0.830681443 -0.108908847 0.585999072 -0.073420286 0.292054594 0.040139128 0.952734292
1341846445.469984 -0.832438767 -0.117900044 0.578652620 -0.068880647 0.287514001 0.039973147 0.954459786
1341846445.502004 -0.812991679 -0.109563619 0.559322298 -0.062475447 0.276683599 0.037706561 0.958186448
1341846445.537946 -0.793959618 -0.104090989 0.544138849 -0.061036400 0.272275656 0.035205439 0.959635913
1341846445.570063 -0.782766879 -0.103148676 0.533056676 -0.061008830 0.267350912 0.030862784 0.961170614
1341846445.602021 -0.759332716 -0.100779697 0.514519155 -0.061514325 0.261037081 0.027146453 0.962984324
1341846445.638006 -0.749450982 -0.105229437 0.516285598 -0.060827885 0.260318309 0.026834201 0.963231206
1341846445.670085 -0.767206788 -0.111140974 0.542089522 -0.056002397 0.255983174 0.026910223 0.964682460
1341846445.706037 -0.739073277 -0.098348245 0.515098691 -0.048126541 0.238659903 0.029890213 0.969449282
1341846445.738075 -0.717012107 -0.084923707 0.498116583 -0.044548020 0.228182226 0.031008754 0.972104430
1341846445.770102 -0.709299266 -0.080073640 0.486752987 -0.045724839 0.218652800 0.028447058 0.974315643
1341846445.806006 -0.688178837 -0.086516589 0.470168859 -0.048926443 0.208951086 0.027597962 0.976311445
1341846445.838049 -0.675230205 -0.096880019 0.472631723 -0.048567843 0.203915387 0.025791900 0.977442861
1341846445.870081 -0.664793193 -0.094017379 0.471153557 -0.043418057 0.194893658 0.023019277 0.979592562
1341846445.906156 -0.647254527 -0.081057630 0.457743824 -0.041054964 0.186351448 0.019274037 0.981435776
1341846445.938036 -0.633922577 -0.076638356 0.449896634 -0.044105627 0.180040076 0.013422629 0.982578278
1341846445.974028 -0.615883887 -0.074292332 0.438748091 -0.049261838 0.173605770 0.005999838 0.983564138
1341846446.006089 -0.594440281 -0.086484641 0.441176444 -0.053786986 0.170054093 0.000576465 0.983965635
1341846446.038148 -0.587318182 -0.098322704 0.426823616 -0.048744783 0.165197611 0.001935886 0.985053301
1341846446.073973 -0.582145035 -0.101821549 0.417984426 -0.038142018 0.157207116 0.007509177 0.986800253
1341846446.106021 -0.565520406 -0.087156154 0.400239050 -0.033002242 0.148873746 0.006955967 0.988280952
1341846446.138290 -0.548205495 -0.080282211 0.389769793 -0.034448732 0.144017935 0.006513825 0.988953888
1341846446.174003 -0.538618922 -0.093759999 0.395415574 -0.035493981 0.138887182 0.008295385 0.989637136
1341846446.206154 -0.515086055 -0.089708902 0.397902489 -0.029824940 0.130424514 0.010560547 0.990953326
1341846446.242005 -0.493007392 -0.066493101 0.374661386 -0.027997609 0.128617480 0.013283036 0.991210043
1341846446.273991 -0.501296937 -0.069837004 0.385103345 -0.034405395 0.128822818 0.013918865 0.990972936
1341846446.306170 -0.487534612 -0.074860148 0.382824272 -0.035643928 0.120485611 0.018048501 0.991910815
1341846446.342032 -0.467157066 -0.062967271 0.370549589 -0.034733079 0.116070807 0.025047023 0.992317438
1341846446.373966 -0.465426952 -0.060485404 0.370993525 -0.038572621 0.112883754 0.028055772 0.992462814
1341846446.410081 -0.451089650 -0.061978333 0.363726556 -0.041561395 0.105008848 0.028974723 0.993179917
1341846446.441987 -0.432491392 -0.058896385 0.357816279 -0.043585096 0.100732699 0.031477459 0.993459821
1341846446.474066 -0.437962294 -0.058880478 0.357867777 -0.047130547 0.097795181 0.029132396 0.993662953
1341846446.510038 -0.424100727 -0.059856705 0.345837295 -0.049721941 0.089418508 0.026869301 0.994389355
1341846446.542120 -0.395809710 -0.061420470 0.338425756 -0.051731732 0.084413938 0.024664136 0.994781315
1341846446.574035 -0.395213932 -0.064359426 0.336349487 -0.051640678 0.083861500 0.020429775 0.994928718
1341846446.610113 -0.383061528 -0.054336421 0.323592126 -0.050244074 0.078441665 0.017799472 0.995492697
1341846446.642107 -0.361775994 -0.045054320 0.311234981 -0.053176899 0.075701378 0.015056922 0.995597720
1341846446.678096 -0.364973933 -0.050109006 0.311930180 -0.057435922 0.074386656 0.010969361 0.995513678
1341846446.710293 -0.357852757 -0.041797966 0.298630953 -0.059062045 0.067129053 0.011073306 0.995933115
1341846446.742013 -0.328466028 -0.036064234 0.300545573 -0.065018319 0.060954545 0.013950171 0.995923042
1341846446.778116 -0.327372640 -0.041769922 0.297099918 -0.070598394 0.058711283 0.013459215 0.995684624
1341846446.810247 -0.320587128 -0.043131895 0.292243451 -0.072984479 0.050296057 0.012910825 0.995980442
1341846446.842072 -0.291144013 -0.036543339 0.281810343 -0.075248875 0.042660970 0.016028566 0.996122837
1341846446.877989 -0.287531257 -0.032702211 0.278344780 -0.078753397 0.041257452 0.016500043 0.995903313
1341846446.910210 -0.269827783 -0.030322529 0.275184393 -0.081392206 0.036633767 0.015759619 0.995884001
1341846446.979416 -0.240675092 -0.029219622 0.268719763 -0.086818859 0.032148369 0.017618636 0.995549381
1341846447.048442 -0.217325568 -0.028706504 0.263744950 -0.083915219 0.028030714 0.017175782 0.995930552
1341846447.110128 -0.194815695 -0.016556069 0.251094311 -0.087701291 0.027590016 0.015085712 0.995650411
1341846447.146292 -0.179967478 -0.020492103 0.249402836 -0.090360038 0.029540243 0.013532056 0.995379031
1341846447.179789 -0.176034048 -0.022181412 0.248023078 -0.090647489 0.033264946 0.012545286 0.995248258
1341846447.216160 -0.170594633 -0.016379770 0.242115647 -0.090494394 0.033976555 0.011356349 0.995252490
1341846447.252104 -0.155387610 -0.012390795 0.236756802 -0.092954107 0.035592947 0.010531329 0.994978368
1341846447.284847 -0.156088889 -0.015716175 0.238575578 -0.096013345 0.039732210 0.008799137 0.994547904
1341846447.320107 -0.149974018 -0.013434622 0.232919917 -0.096850730 0.039175805 0.010064694 0.994476676
1341846447.352050 -0.136507303 -0.006343394 0.227409691 -0.098054938 0.038623817 0.012192563 0.994356513
1341846447.383924 -0.131761760 0.001053224 0.228110999 -0.100471452 0.042352874 0.010049774 0.993987322
1341846447.420069 -0.142030805 -0.004096407 0.228887290 -0.104035765 0.046036061 0.009636590 0.993460834
1341846447.452015 -0.142638817 -0.003558507 0.228485450 -0.105368778 0.045043044 0.013058235 0.993326783
1341846447.488160 -0.133168727 0.001662631 0.225084916 -0.106419079 0.044678200 0.013998527 0.993218422
1341846447.520057 -0.143289208 -0.001455188 0.225901499 -0.109431006 0.047175538 0.012530084 0.992795229
1341846447.551976 -0.149914756 -0.023261329 0.225263610 -0.114329673 0.044318229 0.015076123 0.992339313
1341846447.588058 -0.147228599 -0.017066419 0.221334651 -0.114246279 0.040463857 0.016089192 0.992497683
1341846447.620036 -0.142904535 -0.005765825 0.212318912 -0.116174892 0.037801128 0.015875151 0.992382228
1341846447.656059 -0.138980895 -0.008887299 0.214047939 -0.122761913 0.036303889 0.014612419 0.991664290
1341846447.688035 -0.148501828 -0.021189220 0.219671324 -0.127335429 0.036982808 0.016047705 0.991040051
1341846447.719948 -0.154186457 -0.022170812 0.215749368 -0.127122149 0.034562189 0.020117076 0.991080582
1341846447.756116 -0.146489412 -0.017183913 0.208843708 -0.127367899 0.031354930 0.023530817 0.991080523
1341846447.787990 -0.143573985 -0.014716257 0.205344781 -0.129906625 0.032408528 0.025478207 0.990668952
1341846447.823997 -0.146975920 -0.025233988 0.205941349 -0.134418353 0.034446679 0.026604977 0.989968359
1341846447.856048 -0.144720390 -0.030832153 0.206539765 -0.135493308 0.034599289 0.027234064 0.989799380
1341846447.888261 -0.136686310 -0.030961620 0.202273101 -0.134680718 0.036073223 0.027467474 0.989851177
1341846447.924141 -0.141092509 -0.034504417 0.200286523 -0.135380119 0.040107124 0.026492340 0.989627123
1341846447.956316 -0.150186017 -0.045727726 0.201763064 -0.136941478 0.041951787 0.026108978 0.989346027
1341846447.992036 -0.143306091 -0.043134138 0.198451519 -0.135380387 0.039570477 0.027033560 0.989634097
1341846448.024057 -0.134354696 -0.030975454 0.186265647 -0.135271102 0.038773667 0.025147092 0.989730299
1341846448.092100 -0.144516528 -0.050703015 0.190898731 -0.147231445 0.040419985 0.017683363 0.988117635
1341846448.150222 -0.142820820 -0.060965452 0.189418435 -0.155810565 0.040562537 0.015415843 0.986833453
1341846448.186133 -0.143662587 -0.083290301 0.197969958 -0.158851802 0.040327098 0.013876143 0.986380935
1341846448.218203 -0.152479708 -0.097594708 0.197845846 -0.155664235 0.040251967 0.014505217 0.986883044
1341846448.250175 -0.144977376 -0.088604212 0.189992487 -0.148604438 0.036746662 0.014875220 0.988101840
1341846448.286053 -0.135829613 -0.080514587 0.182842031 -0.145200104 0.035900898 0.014193855 0.988648891
1341846448.318080 -0.150678679 -0.087560907 0.182162181 -0.146178782 0.039517414 0.014276634 0.988365471
1341846448.350345 -0.156892687 -0.089305423 0.179890200 -0.145574853 0.038196649 0.016088404 0.988478780
1341846448.385982 -0.151370078 -0.084344253 0.170748055 -0.145238996 0.035475526 0.016320052 0.988625705
1341846448.417971 -0.150177240 -0.084877081 0.163411051 -0.150290951 0.035691503 0.016179288 0.987864912
1341846448.454017 -0.156617433 -0.091598980 0.168833554 -0.156848565 0.036182649 0.016271189 0.986825526
1341846448.486068 -0.153013840 -0.101310417 0.174825311 -0.161069557 0.032902732 0.014578594 0.986286700
1341846448.518032 -0.142366081 -0.101077773 0.171791226 -0.161769882 0.031284180 0.014146781 0.986231089
1341846448.553970 -0.149357811 -0.099781051 0.173656166 -0.164052427 0.033343706 0.013578461 0.985794485
1341846448.586105 -0.152369827 -0.116140611 0.182055876 -0.167334169 0.030744107 0.013056154 0.985334337
1341846448.621936 -0.149756849 -0.120016366 0.176142246 -0.164687723 0.028880861 0.013215353 0.985834241
1341846448.653943 -0.147486374 -0.114290170 0.168636352 -0.162478536 0.029932361 0.010419074 0.986202955
1341846448.686150 -0.156749576 -0.115461901 0.162712544 -0.165429980 0.031810272 0.009306196 0.985664487
1341846448.722086 -0.150272444 -0.110728413 0.159535170 -0.169164583 0.030502617 0.009943164 0.985065520
1341846448.753983 -0.134340912 -0.096544765 0.152591884 -0.172614634 0.030740485 0.008556072 0.984472454
1341846448.786053 -0.149743110 -0.115893453 0.159200400 -0.184156284 0.036353678 0.006019807 0.982206047
1341846448.822019 -0.166947171 -0.140862390 0.174903750 -0.190854385 0.036816947 0.006690154 0.980904877
1341846448.854125 -0.153732955 -0.141430095 0.172591418 -0.186138913 0.031157859 0.010257161 0.981975734
1341846448.890063 -0.148450837 -0.133336321 0.159623981 -0.183186501 0.030714639 0.008925568 0.982557774
1341846448.922419 -0.153539047 -0.124556266 0.147937402 -0.187417150 0.032854356 0.005301569 0.981716573
1341846448.954059 -0.169026494 -0.120169491 0.141731814 -0.197669402 0.037345689 0.002091259 0.979554892
1341846448.990056 -0.164883658 -0.129846036 0.147876337 -0.211474076 0.039197322 -0.000038507 0.976597309
1341846449.022043 -0.159725696 -0.134971887 0.157487378 -0.220266938 0.040434096 -0.000824143 0.974600911
1341846449.054021 -0.151495695 -0.143264815 0.164816782 -0.224015936 0.039722074 -0.001650509 0.973774254
1341846449.090060 -0.151076198 -0.155578524 0.171229869 -0.223204076 0.039848268 -0.002885323 0.973952711
1341846449.121998 -0.146607354 -0.175139233 0.176038101 -0.221576363 0.038584564 -0.003594093 0.974372745
1341846449.158114 -0.140383050 -0.181329921 0.169905439 -0.218200058 0.037055194 -0.004462293 0.975190163
1341846449.190066 -0.134289533 -0.188346699 0.160160959 -0.218846351 0.038180597 -0.005951203 0.974993944
1341846449.222044 -0.141286373 -0.188601747 0.161859483 -0.220915005 0.042781860 -0.005832362 0.974336863
1341846449.258032 -0.149723575 -0.188625246 0.170929834 -0.222281829 0.044474002 -0.003145834 0.973962545
1341846449.290278 -0.143855780 -0.200210214 0.175910920 -0.223375291 0.043118801 0.001085431 0.973777771
1341846449.321912 -0.136366650 -0.207142293 0.169911563 -0.223923668 0.043484759 0.004322521 0.973626554
1341846449.357984 -0.134406120 -0.208055317 0.167886227 -0.227063790 0.045520894 0.006582635 0.972793221
1341846449.390027 -0.138060093 -0.236828580 0.196246445 -0.233521372 0.049209680 0.009904744 0.971055150
1341846449.426101 -0.128277496 -0.240216300 0.203476176 -0.226459533 0.050439533 0.015856696 0.972584486
1341846449.458035 -0.125759721 -0.236607149 0.188995451 -0.221787348 0.050002828 0.015031582 0.973696172
1341846449.490185 -0.114620358 -0.242945537 0.181695506 -0.224415883 0.048853140 0.014648716 0.973157883
1341846449.525989 -0.112847380 -0.244296342 0.198106274 -0.226331517 0.051934101 0.015087170 0.972547829
1341846449.558288 -0.120527156 -0.220994532 0.219999254 -0.220402360 0.054007042 0.015460776 0.973790109
1341846449.594265 -0.118459150 -0.227088407 0.241464868 -0.216347411 0.052364614 0.014050931 0.974809885
1341846449.626133 -0.096332312 -0.242241994 0.223731428 -0.211952835 0.046912789 0.014838964 0.976040542
1341846449.658161 -0.139343336 -0.272463500 0.241740331 -0.218423754 0.055077169 0.012706554 0.974215627
1341846449.694129 -0.122790679 -0.280038953 0.252306491 -0.224681735 0.054279305 0.011757382 0.972848296
1341846449.725937 -0.143571809 -0.294354469 0.265814453 -0.229375526 0.060117356 0.011528648 0.971411347
1341846449.757969 -0.157084689 -0.291293800 0.271620572 -0.232580438 0.061699670 0.013486876 0.970524430
1341846449.794073 -0.138273895 -0.302794099 0.288745791 -0.240179002 0.057847746 0.014151452 0.968900144
1341846449.826150 -0.133024469 -0.330574811 0.312104106 -0.245147035 0.058663350 0.012274234 0.967631638
1341846449.861992 -0.161934167 -0.333609611 0.321395427 -0.242921203 0.061446499 0.009196519 0.968054295
1341846449.894052 -0.138109505 -0.352349699 0.336937934 -0.244702503 0.053875130 0.009211124 0.968056500
1341846449.925963 -0.110037550 -0.369148821 0.347704172 -0.243031815 0.051689211 0.010564484 0.968582571
1341846449.962133 -0.106746450 -0.366429001 0.351472586 -0.240303993 0.055048645 0.008896901 0.969094753
1341846449.994047 -0.123354577 -0.372436732 0.363796383 -0.241210461 0.059828822 0.005687203 0.968610227
1341846450.026443 -0.130312607 -0.378088802 0.376731396 -0.241063416 0.061354414 0.004287392 0.968558609
1341846450.062040 -0.124015212 -0.381675750 0.382489234 -0.239743680 0.060743857 0.003355837 0.968928277
1341846450.094160 -0.117094859 -0.370251447 0.385687709 -0.237953171 0.060148198 -0.000549652 0.969412327
1341846450.130133 -0.137007549 -0.394998848 0.404530674 -0.244561404 0.063987680 -0.003683611 0.967513144
1341846450.161911 -0.128909588 -0.409115493 0.417272717 -0.248979345 0.062944055 -0.003489234 0.966454983
1341846450.194126 -0.136046022 -0.414948434 0.428978980 -0.251555324 0.064884879 -0.003692228 0.965658486
1341846450.230042 -0.136026829 -0.424152792 0.442951739 -0.257459015 0.064354047 -0.004067031 0.964135349
1341846450.262009 -0.141781628 -0.422759593 0.456058651 -0.260032922 0.062686324 -0.005408180 0.963547647
1341846450.294220 -0.148980543 -0.442423195 0.472930580 -0.262428790 0.060512036 -0.005837865 0.963034451
1341846450.330052 -0.132337451 -0.440900505 0.478581309 -0.260155410 0.053206962 -0.008368561 0.964063346
1341846450.361929 -0.130097672 -0.445767730 0.488447011 -0.260377049 0.050886191 -0.012595256 0.964082897
1341846450.398035 -0.137081861 -0.453103691 0.502026260 -0.261840999 0.053233024 -0.012951513 0.963554800
1341846450.429941 -0.141360611 -0.466735244 0.514501154 -0.264880121 0.051938884 -0.011803153 0.962809265
1341846450.461928 -0.126615435 -0.467456996 0.523314536 -0.264805526 0.045071792 -0.015088017 0.963129759
1341846450.498062 -0.118136361 -0.472370148 0.534647048 -0.265655488 0.041547205 -0.021144968 0.962940276
1341846450.529969 -0.126379713 -0.478095531 0.543002665 -0.266949296 0.041219279 -0.026190089 0.962472439
1341846450.561983 -0.131943703 -0.482898861 0.553564548 -0.269840926 0.039772145 -0.028381508 0.961664498
1341846450.598097 -0.134443194 -0.479374051 0.560574055 -0.269942760 0.038642343 -0.029335149 0.961653352
1341846450.630436 -0.135335997 -0.513010323 0.582484603 -0.278077304 0.035685018 -0.026535897 0.959528804
1341846450.666178 -0.146636978 -0.512134790 0.588600993 -0.279276788 0.032428745 -0.025046386 0.959336042
1341846450.698174 -0.146072805 -0.514146209 0.598048091 -0.281195849 0.026745526 -0.018353118 0.959102094
1341846450.730214 -0.130484998 -0.516101480 0.601272643 -0.283294350 0.017379114 -0.014292818 0.958769083
1341846450.765977 -0.110895947 -0.525730491 0.609892607 -0.287730426 0.007454755 -0.017005393 0.957531512
1341846450.798042 -0.112598449 -0.528242350 0.615917206 -0.288976192 0.004012651 -0.023408335 0.957041681
1341846450.834020 -0.108673215 -0.533423662 0.623764277 -0.290585339 0.002264821 -0.027212003 0.956459403
1341846450.866022 -0.110285930 -0.521253765 0.618564069 -0.290766984 0.002957678 -0.033308849 0.956209421
1341846450.898067 -0.129554182 -0.546647012 0.645722568 -0.302499473 0.005891727 -0.039353952 0.952318609
1341846450.934091 -0.134542361 -0.562660575 0.666618824 -0.307957798 0.003480081 -0.038535677 0.950612903
1341846450.966100 -0.128127545 -0.562483609 0.667163491 -0.305712581 -0.002545058 -0.037911370 0.951365352
1341846450.998096 -0.120543152 -0.555765629 0.659723699 -0.305174649 -0.007814914 -0.041438010 0.951362312
1341846451.034057 -0.124076419 -0.550024688 0.660083711 -0.308826029 -0.007986007 -0.046270307 0.949958861
1341846451.068370 -0.129717678 -0.556178331 0.676873982 -0.315153569 -0.006802343 -0.050598316 0.947666526
1341846451.102153 -0.132901877 -0.561451852 0.685798764 -0.317538828 -0.009199695 -0.051868320 0.946780980
1341846451.133979 -0.129966885 -0.557007313 0.681632102 -0.317751855 -0.011916005 -0.053234614 0.946603417
1341846451.165987 -0.138098136 -0.556946993 0.690138221 -0.320004165 -0.010904738 -0.056994908 0.945637345
1341846451.202275 -0.136011854 -0.560919642 0.693391263 -0.321406901 -0.012868215 -0.055563070 0.945222080
1341846451.234790 -0.138046801 -0.557684660 0.688587785 -0.323358417 -0.013037486 -0.053764388 0.944658041
1341846451.302134 -0.139063492 -0.560737789 0.710165262 -0.319545180 -0.018435128 -0.051900975 0.945968986
1341846451.334095 -0.128370062 -0.553510666 0.690004230 -0.314074427 -0.017846128 -0.054396346 0.947670817
1341846451.370064 -0.135348842 -0.556265533 0.696040094 -0.316135108 -0.014530953 -0.055487804 0.946978688
1341846451.402007 -0.142179176 -0.563064873 0.710453510 -0.315854400 -0.013585280 -0.054677110 0.947133541
1341846451.434004 -0.141051829 -0.547712505 0.686862826 -0.305376083 -0.009739901 -0.052768432 0.950718701
1341846451.470107 -0.143218443 -0.542064488 0.677787900 -0.300221741 -0.005448292 -0.052405201 0.952413261
1341846451.502266 -0.137543336 -0.540539026 0.670972705 -0.297218531 -0.002000735 -0.052549884 0.953360200
1341846451.534027 -0.133566692 -0.549014151 0.662274241 -0.296353549 0.002760268 -0.052131098 0.953650534
1341846451.570038 -0.134651601 -0.548356354 0.652287722 -0.294705570 0.007130494 -0.053240381 0.954077184
1341846451.601887 -0.136510208 -0.547203660 0.637621880 -0.293312520 0.011657334 -0.053726137 0.954434574
1341846451.637996 -0.139677957 -0.544065475 0.631605387 -0.293425202 0.015986199 -0.053421166 0.954354405
1341846451.669951 -0.135002106 -0.544527113 0.628470898 -0.291669250 0.018571183 -0.051887482 0.954930305
1341846451.702077 -0.140040681 -0.550573349 0.612788856 -0.289534748 0.022966323 -0.052389372 0.955456734
1341846451.737995 -0.140388638 -0.520161390 0.591686010 -0.281485945 0.024303069 -0.052269585 0.957832396
1341846451.770041 -0.130498588 -0.511728883 0.580624223 -0.278851509 0.024297955 -0.053658344 0.958526075
1341846451.806071 -0.128713027 -0.510418713 0.568397641 -0.278276861 0.027964158 -0.055281524 0.958500922
1341846451.838004 -0.155373424 -0.505673289 0.542808533 -0.278113276 0.034105763 -0.057180665 0.958238125
1341846451.870027 -0.143254876 -0.489453614 0.538330972 -0.279434741 0.030491015 -0.057291456 0.957968831
1341846451.905961 -0.136386350 -0.485283732 0.536296785 -0.279583693 0.030927351 -0.056297138 0.957970321
1341846451.937970 -0.149141937 -0.483989865 0.525226057 -0.278107882 0.034348641 -0.054757494 0.958372533
1341846451.970138 -0.148870841 -0.489448011 0.529091597 -0.276209086 0.030898124 -0.056220386 0.958954215
1341846452.006080 -0.162518948 -0.486116976 0.506431699 -0.267249256 0.030423127 -0.058909468 0.961343884
1341846452.037935 -0.169137463 -0.479886949 0.491273850 -0.260223269 0.027140995 -0.057852041 0.963431597
1341846452.073949 -0.166160017 -0.470497847 0.478749245 -0.254775375 0.021352742 -0.053552076 0.965280235
1341846452.105977 -0.155200183 -0.446771681 0.460475087 -0.247423470 0.016319640 -0.051641129 0.967392623
1341846452.138008 -0.157230005 -0.435793728 0.449643373 -0.243841380 0.016331429 -0.050406959 0.968366563
1341846452.174074 -0.166959852 -0.454562306 0.447742552 -0.243402988 0.016435018 -0.047289044 0.968632400
1341846452.206235 -0.163397893 -0.450970024 0.439581573 -0.233913660 0.011174275 -0.044064671 0.971194088
1341846452.238073 -0.155865863 -0.425062060 0.418905973 -0.221564636 0.007785855 -0.042325009 0.974195659
1341846452.274106 -0.133010939 -0.420947969 0.409439325 -0.216950357 0.004062841 -0.039167233 0.975388169
1341846452.306097 -0.176569551 -0.414184809 0.393115014 -0.208908886 0.013108016 -0.038647920 0.977083206
1341846452.342082 -0.178571731 -0.385607928 0.370349765 -0.197894022 0.013425662 -0.034368917 0.979528725
1341846452.374034 -0.165347427 -0.366466433 0.354577869 -0.194803551 0.012732351 -0.032763749 0.980212212
1341846452.406041 -0.174029142 -0.367260337 0.355254173 -0.195439547 0.017916285 -0.031000102 0.980062008
1341846452.442053 -0.194017410 -0.386106998 0.354398668 -0.195378155 0.020283414 -0.025930524 0.980175316
1341846452.474108 -0.191816837 -0.367156267 0.335039526 -0.187560886 0.013951174 -0.019756120 0.981955230
1341846452.506073 -0.171924219 -0.338910878 0.314703137 -0.181562155 0.010180345 -0.017236127 0.983175755
1341846452.542118 -0.178985178 -0.342094421 0.315352261 -0.184160426 0.013454524 -0.017410876 0.982649922
1341846452.574108 -0.189428627 -0.351331770 0.321824193 -0.183885828 0.012900218 -0.013902494 0.982764661
1341846452.610038 -0.175199389 -0.327950895 0.310012013 -0.173986793 0.007444895 -0.011240689 0.984655678
1341846452.642126 -0.176086798 -0.308862865 0.297343850 -0.167427510 0.007803426 -0.012255726 0.985777378
1341846452.674053 -0.189571083 -0.295099914 0.286603004 -0.165035605 0.011963993 -0.012254721 0.986138940
1341846452.709891 -0.185707495 -0.285962880 0.283990413 -0.165300503 0.012299191 -0.010756037 0.986107886
1341846452.742117 -0.184152544 -0.282923579 0.285898209 -0.165143400 0.013439879 -0.010294537 0.986124277
1341846452.774020 -0.186248556 -0.279940963 0.281044960 -0.163790002 0.016914099 -0.010650532 0.986292720
1341846452.810050 -0.195103392 -0.276898205 0.276857108 -0.162495807 0.020642322 -0.010959524 0.986432433
1341846452.842060 -0.195667744 -0.281367898 0.269042611 -0.162117630 0.021870095 -0.011381458 0.986463428
1341846452.910212 -0.214694917 -0.287765712 0.258563578 -0.161901876 0.029227702 -0.010455231 0.986318529
1341846452.942284 -0.224064916 -0.293023348 0.261572570 -0.160545185 0.029698042 -0.011064073 0.986519575
1341846452.978269 -0.220935822 -0.272699833 0.252261490 -0.152785838 0.028923128 -0.011198360 0.987772524
1341846453.010078 -0.206873134 -0.243278667 0.236666754 -0.148216993 0.029060477 -0.013674826 0.988433242
1341846453.046005 -0.229496121 -0.251188040 0.237649173 -0.153591767 0.035759963 -0.016578497 0.987348020
1341846453.078276 -0.254017621 -0.253613114 0.244887784 -0.154810414 0.038774561 -0.017332982 0.987030804
1341846453.111410 -0.245384291 -0.250199348 0.248627588 -0.150834039 0.036214408 -0.018779745 0.987717092
1341846453.152099 -0.251002073 -0.231150180 0.243405730 -0.144093722 0.038878884 -0.020598389 0.988585472
1341846453.210744 -0.260265559 -0.230685130 0.247463837 -0.137510166 0.040478632 -0.026970085 0.989305317
1341846453.246368 -0.259222180 -0.228916705 0.244614437 -0.131521568 0.038845256 -0.029106608 0.990124285
1341846453.281016 -0.256371766 -0.215313524 0.244668469 -0.124146886 0.038557563 -0.033343486 0.990953624
1341846453.346478 -0.271426111 -0.210359141 0.256210029 -0.112097226 0.040561363 -0.037221663 0.992171168
1341846453.413993 -0.248528570 -0.209674701 0.254052848 -0.098724946 0.038166430 -0.048947692 0.993177176
1341846453.447282 -0.290988237 -0.185170576 0.247997537 -0.084781997 0.045547143 -0.053205859 0.993934929
1341846453.489022 -0.297351360 -0.183744460 0.244246572 -0.071664624 0.043080870 -0.053046267 0.995085120
1341846453.520074 -0.286271840 -0.176052034 0.238262504 -0.058900651 0.040819447 -0.050165329 0.996166587
1341846453.552202 -0.292714149 -0.160927132 0.240221962 -0.046671618 0.042010374 -0.045748793 0.996977389
1341846453.588242 -0.289902598 -0.143873334 0.236510232 -0.038787689 0.040986218 -0.039246906 0.997634888
1341846453.619879 -0.284134597 -0.128755152 0.228151217 -0.035758600 0.041272048 -0.039089035 0.997742474
1341846453.656024 -0.291693419 -0.122320071 0.239467844 -0.034115165 0.042924769 -0.042489894 0.997591257
1341846453.687999 -0.292266637 -0.115320660 0.239849821 -0.029241228 0.044524368 -0.044367220 0.997594178
1341846453.720025 -0.294876307 -0.104761839 0.240603194 -0.023248225 0.046219774 -0.045490988 0.997624099
1341846453.756055 -0.297336400 -0.094729371 0.242558882 -0.017078076 0.046752460 -0.044709634 0.997759342
1341846453.787935 -0.296725899 -0.079388425 0.236936957 -0.010751289 0.046051022 -0.042966150 0.997956753
1341846453.824011 -0.295239687 -0.062836729 0.231826797 -0.007663207 0.046314966 -0.040568810 0.998073399
1341846453.855942 -0.296802282 -0.051042728 0.231024638 -0.007779852 0.047303580 -0.039208576 0.998080432
1341846453.888038 -0.301752746 -0.049573984 0.231995702 -0.007395312 0.048039854 -0.039036732 0.998054981
1341846453.924065 -0.301785499 -0.034733199 0.233537406 -0.003718785 0.047644671 -0.039970405 0.998057365
1341846453.955921 -0.302316576 -0.031293932 0.236723319 -0.000558802 0.047434084 -0.040667966 0.998046041
1341846453.987940 -0.304378390 -0.035704538 0.240766108 0.005359797 0.045854438 -0.041966751 0.998051822
1341846454.024255 -0.300380915 -0.021794045 0.235522658 0.014120011 0.044641484 -0.043948267 0.997936070
1341846454.056313 -0.305944532 -0.004750442 0.231153935 0.018016161 0.045172356 -0.046339806 0.997741222
1341846454.088076 -0.308062375 0.004557286 0.229987949 0.017763529 0.043737259 -0.048054665 0.997728527
1341846454.124105 -0.308645010 0.011354725 0.231990531 0.017487844 0.042787604 -0.048383035 0.997758746
1341846454.156054 -0.310171723 0.022175912 0.230433568 0.017336562 0.041744940 -0.047324717 0.997856319
1341846454.191955 -0.309194863 0.030727724 0.230920479 0.015140430 0.041418284 -0.047647268 0.997890353
1341846454.224008 -0.313502580 0.032343142 0.236364320 0.013559837 0.041133821 -0.049288258 0.997845113
1341846454.256124 -0.311352313 0.038215782 0.238206819 0.014323227 0.040713590 -0.049049255 0.997863472
1341846454.291937 -0.315864980 0.056202512 0.239496768 0.016307065 0.042637307 -0.050731283 0.997668564
1341846454.323981 -0.321000248 0.063077442 0.239419013 0.016699290 0.043532375 -0.051687200 0.997574329
1341846454.355934 -0.324168175 0.073454089 0.244381800 0.017154155 0.042168405 -0.048752561 0.997772932
1341846454.392062 -0.317017496 0.079952404 0.243168771 0.017019153 0.041177958 -0.046536382 0.997922421
1341846454.423951 -0.320990294 0.082008526 0.251936138 0.017750671 0.042894289 -0.046613090 0.997833788
1341846454.456041 -0.326070517 0.087269008 0.255502313 0.020746583 0.041885678 -0.043288484 0.997968614
1341846454.492065 -0.320504457 0.094727322 0.254529893 0.024444353 0.040600009 -0.040360402 0.998060703
1341846454.524037 -0.321232349 0.102822222 0.256924391 0.027700506 0.042199377 -0.041768651 0.997851372
1341846454.555946 -0.330169201 0.108909629 0.264166832 0.030663984 0.041861579 -0.040478230 0.997832119
1341846454.591893 -0.329429358 0.114624634 0.260669053 0.034776777 0.038882479 -0.037290644 0.997941971
1341846454.624115 -0.327472001 0.126761869 0.262145877 0.039165817 0.037373163 -0.036665339 0.997860193
1341846454.659990 -0.331496119 0.126801953 0.272842914 0.042151283 0.036523938 -0.035557523 0.997810125
1341846454.691970 -0.332521856 0.131607085 0.275434285 0.048429579 0.033493407 -0.032467399 0.997736812
1341846454.723925 -0.328429431 0.146404266 0.271900654 0.054304738 0.031939797 -0.031733848 0.997508824
1341846454.759924 -0.329364747 0.157738850 0.272629589 0.057716683 0.032110438 -0.033889443 0.997240841
1341846454.792135 -0.329578310 0.160377443 0.279770404 0.060228463 0.032412268 -0.034965828 0.997045338
1341846454.823976 -0.328610748 0.159895837 0.285104722 0.066366099 0.032499187 -0.031742625 0.996760666
1341846454.859970 -0.328584552 0.173038647 0.283201993 0.075647846 0.032609593 -0.026188368 0.996257067
1341846454.892266 -0.326584488 0.193068519 0.278441340 0.081357025 0.032226030 -0.024619017 0.995859683
1341846454.959988 -0.325057894 0.210903183 0.284221709 0.085143678 0.036054719 -0.023085246 0.995448470
1341846455.022227 -0.318030268 0.241645977 0.275587082 0.094382003 0.037495214 -0.016289657 0.994696319
1341846455.054099 -0.314345509 0.258489549 0.285563767 0.095358022 0.041204799 -0.015342043 0.994471610
1341846455.090050 -0.319521815 0.264982045 0.290314972 0.096280284 0.043579120 -0.012399122 0.994322538
1341846455.122055 -0.318873286 0.273697078 0.291638672 0.099506572 0.042556364 -0.007366904 0.994099200
1341846455.153946 -0.309432834 0.286236078 0.292028099 0.103695996 0.043092214 -0.004344096 0.993665695
1341846455.190190 -0.314562023 0.295418620 0.296378046 0.106637537 0.045761473 -0.002351598 0.993241608
1341846455.222061 -0.317508668 0.308675408 0.294200659 0.109797783 0.043748245 0.001464644 0.992989600
1341846455.258176 -0.311496556 0.324029654 0.292217374 0.110832125 0.041406237 0.002630887 0.992972732
1341846455.289996 -0.309629291 0.332599133 0.298247457 0.109858312 0.041198876 0.001998988 0.993091106
1341846455.322654 -0.309482694 0.334023833 0.307110310 0.108315200 0.039107654 0.004353340 0.993337572
1341846455.358098 -0.312399983 0.341159075 0.311540067 0.109661996 0.033971157 0.008023993 0.993355870
1341846455.390002 -0.302531213 0.356679976 0.297159016 0.110307753 0.028768878 0.009102771 0.993439317
1341846455.422100 -0.311991483 0.387411118 0.298064590 0.110780746 0.031644728 0.002009920 0.993338943
1341846455.458125 -0.314301908 0.385182798 0.321370870 0.108232960 0.031205090 0.001771986 0.993634164
1341846455.490042 -0.315227926 0.391559005 0.324703991 0.111086532 0.026367448 0.007584863 0.993431985
1341846455.525978 -0.309783190 0.412936389 0.322321594 0.114942074 0.023860052 0.008278006 0.993051112
1341846455.558173 -0.309413582 0.423346132 0.336087435 0.114038222 0.025298703 0.006194087 0.993134856
1341846455.590092 -0.314015061 0.427099496 0.342994392 0.114586890 0.023286426 0.007741313 0.993110180
1341846455.625973 -0.311714292 0.440595955 0.348450631 0.117341481 0.020362273 0.007465007 0.992854834
1341846455.658077 -0.312150389 0.454616308 0.347686797 0.119155765 0.019939512 0.004439914 0.992665410
1341846455.690122 -0.310869098 0.459867328 0.359475851 0.120107427 0.019191450 0.002933514 0.992571115
1341846455.726004 -0.308250427 0.461800873 0.371833295 0.124557950 0.016750874 0.003982240 0.992062986
1341846455.758157 -0.310551465 0.473622352 0.373902321 0.132239684 0.016044203 0.001152257 0.991087258
1341846455.826431 -0.305460095 0.485954702 0.383824527 0.141450301 0.014181886 0.000295755 0.989843726
1341846455.858084 -0.300980747 0.490833730 0.390912831 0.150766969 0.012651552 0.004286302 0.988479078
1341846455.893948 -0.298237234 0.507734120 0.385091394 0.160510823 0.014109512 0.003034984 0.986928582
1341846455.926012 -0.300855756 0.513741493 0.387467980 0.165986896 0.017018955 0.001668663 0.985979676
1341846455.958115 -0.301393330 0.519106746 0.388690650 0.172811911 0.015517258 0.004015303 0.984824479
1341846455.994972 -0.297430366 0.532562554 0.390312374 0.179659650 0.015570548 0.001519917 0.983604431
1341846456.026027 -0.296491563 0.537793875 0.400322586 0.183016822 0.016933214 0.000504207 0.982963860
1341846456.061926 -0.296367884 0.546429157 0.406015724 0.188085780 0.016232567 -0.001767654 0.982016861
1341846456.093945 -0.296325922 0.556150198 0.406210840 0.193357602 0.015617724 -0.005318569 0.980989695
1341846456.126153 -0.301093459 0.573664248 0.395844877 0.196761221 0.016991269 -0.009900434 0.980254233
1341846456.162325 -0.296881139 0.575021863 0.404889643 0.197785959 0.017636934 -0.014038474 0.979986012
1341846456.194021 -0.296681136 0.577331662 0.411156297 0.203619987 0.018185312 -0.015762962 0.978754222
1341846456.229852 -0.297671646 0.595736921 0.399820954 0.210091844 0.019086428 -0.015466944 0.977373004
1341846456.262012 -0.310537785 0.622943640 0.354181975 0.212773427 0.021804836 -0.018166831 0.976689279
1341846456.293900 -0.291036367 0.618864119 0.426347315 0.215440705 0.021256493 -0.021232614 0.976054609
1341846456.330221 -0.294340372 0.624181092 0.426737964 0.218939036 0.022511324 -0.021675970 0.975237966
1341846456.362093 -0.297787458 0.639219522 0.422463119 0.223640844 0.022069022 -0.021749506 0.974179029
1341846456.394095 -0.299588829 0.654471636 0.416391641 0.222981617 0.021005925 -0.024057530 0.974299371
1341846456.429930 -0.302519590 0.662018657 0.415759712 0.221889004 0.020729709 -0.028229555 0.974442780
1341846456.462149 -0.306130171 0.671051979 0.415005177 0.222058252 0.020305157 -0.029567815 0.974373460
1341846456.498080 -0.302717626 0.671208501 0.439554453 0.222728088 0.017706687 -0.028725235 0.974296451
1341846456.529977 -0.305432230 0.683823764 0.438448131 0.224748299 0.017974423 -0.029333971 0.973809361
1341846456.562074 -0.310065955 0.695114911 0.436324894 0.225113139 0.019445248 -0.028450571 0.973723054
1341846456.598113 -0.314861476 0.694150388 0.453903854 0.225486025 0.016141349 -0.023209251 0.973836184
1341846456.629868 -0.315835267 0.716098487 0.435013711 0.227682397 0.011759047 -0.020319231 0.973452449
1341846456.662113 -0.315845191 0.732281327 0.430402577 0.226678938 0.012222306 -0.022734322 0.973627508
1341846456.697989 -0.316797704 0.736816943 0.417136610 0.224559128 0.011442001 -0.023822077 0.974102080
1341846456.730098 -0.314933121 0.746026456 0.432538718 0.226211324 0.008799656 -0.025055392 0.973716259
1341846456.766110 -0.311127722 0.756294489 0.436884582 0.226640865 0.007865959 -0.026908843 0.973574877
1341846456.798062 -0.312331736 0.764215469 0.440700352 0.226523861 0.009377075 -0.029919740 0.973500848
1341846456.830204 -0.313257813 0.764945388 0.443440080 0.227443561 0.008669872 -0.029816268 0.973296106
1341846456.866247 -0.314769149 0.778210282 0.440580428 0.229533002 0.007058280 -0.029123459 0.972839534
1341846456.898128 -0.314874172 0.789180398 0.440361559 0.231023431 0.007279179 -0.030000500 0.972458363
1341846456.929870 -0.316638380 0.803108037 0.435799897 0.231055766 0.009481444 -0.031934351 0.972370148
1341846456.966238 -0.321818978 0.794500232 0.449092239 0.229812264 0.008992525 -0.028994791 0.972761393
1341846456.997966 -0.319946438 0.799324214 0.452529043 0.232974559 0.007120559 -0.025223386 0.972129583
1341846457.034139 -0.323346674 0.815898478 0.447163045 0.234245956 0.009137488 -0.026672257 0.971768439
1341846457.066343 -0.325367719 0.816769838 0.452078521 0.232902721 0.009575390 -0.026875600 0.972081482
1341846457.098123 -0.325621784 0.819735765 0.454117149 0.234876707 0.009123345 -0.026742471 0.971614420
1341846457.133984 -0.328441143 0.831518412 0.447591811 0.236717418 0.009479289 -0.026898663 0.971159875
1341846457.165966 -0.324963510 0.830021799 0.456748784 0.238551393 0.007263759 -0.025763031 0.970761001
1341846457.198024 -0.319372177 0.833273292 0.466287374 0.242784142 0.008231517 -0.027012242 0.969669282
1341846457.234155 -0.322565138 0.844297290 0.456730038 0.245479316 0.010126256 -0.026828172 0.968977630
1341846457.266029 -0.319652677 0.840873659 0.447255820 0.245858356 0.009889493 -0.026471350 0.968893766
1341846457.302162 -0.314787716 0.858484209 0.451247752 0.246486366 0.010894546 -0.027002960 0.968708754
1341846457.334093 -0.312778175 0.859638691 0.455365717 0.245149076 0.012628666 -0.026727434 0.969034612
1341846457.365992 -0.307439744 0.861319363 0.456716746 0.244645610 0.013132965 -0.025374837 0.969191492
1341846457.401999 -0.304047823 0.858524561 0.458139896 0.244291320 0.015465844 -0.025386300 0.969246149
1341846457.434165 -0.306811452 0.864282191 0.448815554 0.242132828 0.018938711 -0.027426548 0.969670475
1341846457.470028 -0.310900569 0.861602604 0.447269499 0.238821477 0.019082777 -0.027888844 0.970475376
1341846457.502234 -0.302570313 0.857077837 0.450613856 0.236732274 0.018071942 -0.028117664 0.970999837
1341846457.534037 -0.298867404 0.861573517 0.445791960 0.233221263 0.021898253 -0.031783789 0.971657455
1341846457.570088 -0.301223516 0.852595985 0.436316401 0.225552648 0.024370868 -0.033994325 0.973332703
1341846457.601985 -0.303990483 0.844214916 0.449733734 0.220389634 0.025649959 -0.034517586 0.974463463
1341846457.634100 -0.293730348 0.834318161 0.452926517 0.217305139 0.028426314 -0.031576052 0.975178719
1341846457.670084 -0.291163296 0.824979484 0.454712331 0.214258179 0.032315344 -0.027736301 0.975848317
1341846457.701992 -0.290321112 0.807281673 0.449778557 0.210966438 0.036007941 -0.023869371 0.976538241
1341846457.738024 -0.287316352 0.779257953 0.461057961 0.211011991 0.038831022 -0.019542959 0.976516366
1341846457.770266 -0.287484497 0.762302816 0.459715337 0.212672219 0.042026438 -0.015873676 0.976090372
1341846457.802137 -0.286559731 0.753301322 0.455574691 0.214116648 0.044468712 -0.014694267 0.975684762
1341846457.838017 -0.281155795 0.737143219 0.455168694 0.215183273 0.048694175 -0.016040176 0.975227058
1341846457.870077 -0.287050903 0.732321560 0.440761834 0.215550512 0.051674601 -0.014573232 0.975015581
1341846457.902124 -0.280560136 0.708402097 0.446896434 0.215228513 0.050583523 -0.012198700 0.975176513
1341846457.937994 -0.266313910 0.708932519 0.437076390 0.216627970 0.054069582 -0.014315971 0.974650621
1341846457.970119 -0.277638674 0.696467876 0.437769890 0.214081958 0.056702636 -0.013817064 0.975070715
1341846458.006046 -0.270930558 0.683786333 0.432870269 0.211134776 0.055968579 -0.014671255 0.975742996
1341846458.038014 -0.263767064 0.673832655 0.430327863 0.208771765 0.059855819 -0.017575847 0.975972712
1341846458.070131 -0.268933386 0.659646988 0.421075881 0.205123931 0.063361965 -0.016751597 0.976539254
1341846458.106139 -0.264634758 0.640450537 0.429577291 0.203229785 0.062691294 -0.012529323 0.977041721
1341846458.138044 -0.258921027 0.629366994 0.425850153 0.201789513 0.063330747 -0.009155315 0.977336466
1341846458.169976 -0.263405859 0.625605285 0.392252386 0.197261706 0.066364236 -0.008765423 0.978062809
1341846458.205943 -0.267461747 0.606998622 0.392326772 0.191594228 0.067804754 -0.010065491 0.979077578
1341846458.238247 -0.263836384 0.582369506 0.383579433 0.187282458 0.065234087 -0.008034803 0.980104744
1341846458.273991 -0.256545514 0.576036632 0.408335477 0.184663773 0.066214368 -0.011342617 0.980503082
1341846458.306111 -0.261872947 0.553994179 0.405725777 0.178325877 0.066815548 -0.012325054 0.981622994
1341846458.344939 -0.256642699 0.534436464 0.405897945 0.175006345 0.064859770 -0.010816018 0.982369125
1341846458.406267 -0.253818184 0.505664051 0.398773253 0.169824317 0.063437887 -0.006280727 0.983410358
1341846458.442040 -0.256159365 0.489784956 0.386458814 0.165055871 0.063221432 -0.005678550 0.984239519
1341846458.473980 -0.256697714 0.471619785 0.383596718 0.161501959 0.063142374 -0.004231978 0.984841228
1341846458.506295 -0.257413775 0.456514090 0.375258267 0.157954291 0.061731521 -0.001277619 0.985514104
1341846458.541965 -0.253850967 0.443494678 0.370458186 0.152714655 0.060597118 -0.001172173 0.986410081
1341846458.573927 -0.250475407 0.417079687 0.377001286 0.146792114 0.059980024 0.000261893 0.987347186
1341846458.606148 -0.247990280 0.408776045 0.369928420 0.145301193 0.059125841 0.002954964 0.987614810
1341846458.642017 -0.254270464 0.405670673 0.357382923 0.139848426 0.059391726 0.003937554 0.988382280
1341846458.673954 -0.250315577 0.394114465 0.352027029 0.132579356 0.055637896 0.005646027 0.989593506
1341846458.710158 -0.242433935 0.397930861 0.347696245 0.123794131 0.053350225 0.003143985 0.990867794
1341846458.741981 -0.252268702 0.372842461 0.355854541 0.110379934 0.052280836 0.000143755 0.992513537
1341846458.773965 -0.262118429 0.368670374 0.351048082 0.102479734 0.047012679 -0.004216128 0.993614614
1341846458.810261 -0.247961804 0.347998559 0.346164614 0.092279002 0.042043827 -0.008285676 0.994810700
1341846458.845355 -0.248320878 0.316249669 0.332539648 0.083457761 0.040723346 -0.010929624 0.995618880
1341846458.910230 -0.248929545 0.301889449 0.320747614 0.080840901 0.038509589 -0.007234028 0.995956600
1341846458.942341 -0.248425856 0.291608542 0.314594090 0.077292614 0.039324913 -0.007579916 0.996203780
1341846458.979658 -0.252937913 0.282432556 0.312035561 0.073032200 0.039337628 -0.008748537 0.996515095
1341846459.010325 -0.256460518 0.278680921 0.303370774 0.068547495 0.037263770 -0.009564637 0.996905804
1341846459.052625 -0.253926724 0.278936505 0.298576742 0.061694123 0.035725631 -0.012560526 0.997376442
1341846459.078195 -0.255537122 0.265910029 0.297598869 0.052591398 0.035508543 -0.015281753 0.997867644
1341846459.110297 -0.252333164 0.257558346 0.290735871 0.045265999 0.034820683 -0.017703628 0.998211026
1341846459.156583 -0.253934652 0.238955513 0.291846603 0.038400676 0.035302948 -0.017481988 0.998485625
1341846459.209921 -0.246227071 0.221994892 0.279762596 0.033619180 0.034363907 -0.016222129 0.998712063
1341846459.246034 -0.252352506 0.217513502 0.274227917 0.029621609 0.036582541 -0.018470097 0.998720765
1341846459.278165 -0.250595689 0.219238669 0.266887724 0.021783298 0.036379322 -0.020608524 0.998888075
1341846459.310125 -0.248243451 0.212009549 0.269713044 0.011592920 0.037450865 -0.027208524 0.998860717
1341846459.346071 -0.246432379 0.197203532 0.264894307 0.000957712 0.039832767 -0.031758446 0.998701096
1341846459.378112 -0.246080428 0.177630082 0.262357920 -0.005864521 0.041237518 -0.032055333 0.998617887
1341846459.409983 -0.243363023 0.168389797 0.258694440 -0.005453604 0.044410966 -0.033786245 0.998426974
1341846459.446124 -0.244030893 0.166893736 0.256524891 -0.003534517 0.048857752 -0.037298571 0.998102844
1341846459.478285 -0.251154125 0.165263623 0.257257730 -0.003524641 0.051115748 -0.041954417 0.997804880
1341846459.514102 -0.247596964 0.161704287 0.249313548 -0.006089265 0.050755616 -0.051604416 0.997358441
1341846459.546042 -0.246526480 0.163836449 0.245276704 -0.011842206 0.053291280 -0.068548977 0.996153057
1341846459.578086 -0.251743823 0.152937189 0.255087882 -0.017918490 0.054701164 -0.088128217 0.994444668
1341846459.614088 -0.261131406 0.142043725 0.256625980 -0.019434541 0.053490087 -0.105842501 0.992752969
1341846459.646471 -0.258538216 0.144155294 0.250582010 -0.018582629 0.050352816 -0.123401068 0.990904450
1341846459.682060 -0.255020440 0.147947624 0.246189207 -0.021367455 0.049769081 -0.142333433 0.988335788
1341846459.713908 -0.266831458 0.140667066 0.253929347 -0.026580801 0.048814304 -0.166457713 0.984480798
1341846459.746062 -0.268246204 0.143370509 0.248925939 -0.028231747 0.045662884 -0.184121042 0.981436372
1341846459.782130 -0.270738751 0.142103568 0.249034122 -0.031513374 0.043334402 -0.200065941 0.978316307
1341846459.814161 -0.277343094 0.132059067 0.257249326 -0.033802968 0.040874362 -0.215816721 0.974992275
1341846459.845917 -0.291568577 0.130027294 0.263980657 -0.032267299 0.037604898 -0.230788261 0.971741498
1341846459.881966 -0.279462010 0.135959938 0.251099795 -0.029834876 0.027949002 -0.247362956 0.968060136
1341846459.914201 -0.266095698 0.151348904 0.243509874 -0.032126952 0.021744166 -0.267894387 0.962667048
1341846459.950366 -0.269352317 0.151110768 0.244712114 -0.040643051 0.019038569 -0.290818244 0.955725133
1341846459.982150 -0.297317684 0.141922742 0.240638241 -0.051314812 0.016809342 -0.310116321 0.949163973
1341846460.014318 -0.303616703 0.141407341 0.241011322 -0.057948224 0.011735245 -0.327501893 0.942998886
1341846460.050064 -0.292959630 0.136269227 0.234116837 -0.062482454 0.007147612 -0.341587633 0.937743485
1341846460.082470 -0.296732605 0.148299158 0.239211798 -0.065576702 0.005914542 -0.353899837 0.932962894
1341846460.113981 -0.301380754 0.151339024 0.242911562 -0.069460824 0.000888608 -0.360482007 0.930175900
1341846460.150105 -0.301354468 0.143953428 0.236622050 -0.073927872 -0.004395105 -0.369655311 0.926212907
1341846460.181998 -0.303034842 0.133794740 0.228092209 -0.078508370 -0.006292044 -0.382176727 0.920726776
1341846460.218224 -0.306521147 0.143504381 0.232685685 -0.079222344 -0.006024101 -0.389394403 0.917638004
1341846460.250207 -0.312535793 0.141229481 0.233168170 -0.080364190 -0.008112947 -0.395171881 0.915049255
1341846460.282079 -0.306237996 0.140741050 0.218761384 -0.081055194 -0.009914942 -0.403056175 0.911524892
1341846460.318118 -0.308169395 0.150192469 0.218133926 -0.084530585 -0.010249838 -0.411252171 0.907535791
1341846460.350039 -0.311739177 0.154754311 0.216790736 -0.090497039 -0.012123589 -0.419163555 0.903307974
1341846460.382034 -0.306078672 0.171846867 0.216593891 -0.093762711 -0.014657046 -0.430452406 0.897610426
1341846460.417986 -0.301644862 0.174179971 0.215163529 -0.098933734 -0.017199578 -0.437284708 0.893699288
1341846460.450206 -0.303413808 0.176676810 0.215532765 -0.104854330 -0.019306753 -0.445760161 0.888780415
1341846460.486901 -0.308555603 0.179024130 0.217982203 -0.110505633 -0.021749536 -0.455244601 0.883214533
1341846460.550003 -0.311999679 0.181681097 0.211389825 -0.120232552 -0.027576914 -0.478011608 0.869648516
1341846460.585983 -0.313214391 0.189274013 0.217553392 -0.124878079 -0.029469021 -0.491117477 0.861591995
1341846460.618376 -0.314127922 0.194625631 0.220943406 -0.129330903 -0.033584293 -0.502226472 0.854350150
1341846460.654440 -0.330097407 0.187023237 0.208517760 -0.136467174 -0.035925217 -0.514234006 0.845960736
1341846460.685981 -0.332144380 0.161690488 0.208937198 -0.144728422 -0.039818607 -0.524929762 0.837804854
1341846460.719720 -0.327843487 0.179243252 0.212573171 -0.145483643 -0.041990802 -0.533150434 0.832359314
1341846460.754596 -0.333823264 0.173331454 0.204144806 -0.152416483 -0.045120377 -0.539900362 0.826583982
1341846460.818048 -0.329070807 0.177854821 0.200407684 -0.165935770 -0.046884444 -0.558670938 0.811266899
1341846460.854135 -0.340044200 0.187175989 0.204535753 -0.171523064 -0.045761712 -0.563360333 0.806914449
1341846460.886066 -0.350072086 0.167337298 0.203604549 -0.180054441 -0.046298619 -0.566611648 0.802737951
1341846460.922118 -0.363651156 0.155345559 0.202225581 -0.187265724 -0.042924345 -0.572127104 0.797345400
1341846460.953981 -0.336095572 0.195473194 0.212318912 -0.181257188 -0.039933596 -0.576753736 0.795554161
1341846460.986060 -0.337899148 0.193837836 0.209861994 -0.182815105 -0.039256446 -0.577212155 0.794898510
1341846461.022018 -0.344917774 0.181329146 0.206004262 -0.187358588 -0.037505805 -0.579580665 0.792197168
1341846461.053987 -0.334120929 0.191468209 0.202755809 -0.186957464 -0.034996837 -0.582447767 0.790301681
1341846461.086024 -0.320810616 0.205751836 0.203983843 -0.185781658 -0.033140041 -0.581775784 0.791153491
1341846461.122172 -0.326937020 0.206498176 0.205525488 -0.186199546 -0.030192139 -0.576164544 0.795268893
1341846461.153999 -0.332447290 0.184610188 0.195616424 -0.187307402 -0.026617916 -0.571124852 0.798763990
1341846461.190395 -0.317583978 0.189199135 0.199210286 -0.181466013 -0.021196464 -0.565148890 0.804504573
1341846461.222053 -0.314893633 0.190931112 0.209163174 -0.177480176 -0.018334145 -0.555527508 0.812129259
1341846461.254158 -0.325093865 0.157372028 0.214866638 -0.180534095 -0.017523147 -0.549841464 0.815337241
1341846461.289936 -0.327220500 0.182649091 0.220110595 -0.171761259 -0.011154037 -0.550366998 0.816988349
1341846461.322044 -0.317489237 0.193473011 0.219863638 -0.165704265 -0.011968112 -0.547726274 0.819996893
1341846461.354118 -0.322959960 0.185020104 0.219134957 -0.166674748 -0.013418284 -0.546842575 0.820367455
1341846461.390065 -0.333302319 0.172946185 0.218949139 -0.168200895 -0.011371588 -0.549366117 0.818398416
1341846461.422073 -0.325316846 0.185576439 0.221285209 -0.163133562 -0.008766335 -0.548283875 0.820180178
1341846461.458072 -0.324031711 0.189815491 0.222743809 -0.159264281 -0.007323263 -0.541577995 0.825393558
1341846461.490119 -0.328011930 0.181365922 0.217181519 -0.156039909 -0.003732834 -0.533415973 0.831327319
1341846461.522406 -0.323974550 0.182130903 0.217392683 -0.150520533 0.002790194 -0.523373425 0.838698983
1341846461.558036 -0.309070110 0.196304619 0.223951265 -0.141000003 0.005286907 -0.507801950 0.849840164
1341846461.622229 -0.306183398 0.166299790 0.221465468 -0.136059240 0.006092725 -0.487621278 0.862366676
1341846461.657948 -0.302121282 0.169627964 0.228279114 -0.131097674 0.007373570 -0.476942658 0.869071186
1341846461.726030 -0.306372255 0.166729420 0.229040325 -0.116342664 0.010044725 -0.447854847 0.886447668
1341846461.758483 -0.306996286 0.164065242 0.232046276 -0.109798171 0.012291650 -0.433744013 0.894236863
1341846461.789933 -0.306518286 0.155071527 0.233779520 -0.104442276 0.013957459 -0.418238372 0.902204990
1341846461.826110 -0.315398186 0.142665774 0.238990262 -0.099449195 0.017664526 -0.403663367 0.909314990
1341846461.858118 -0.313700438 0.138163313 0.241004243 -0.090244547 0.020592120 -0.389104843 0.916531146
1341846461.894127 -0.308938891 0.130898789 0.234683231 -0.083604485 0.022374254 -0.373332798 0.923651636
1341846461.926026 -0.312568545 0.126271337 0.237558261 -0.078758843 0.026144816 -0.359079659 0.929610372
1341846461.958215 -0.307325602 0.126588866 0.236604005 -0.071091928 0.027621092 -0.343769312 0.935951829
1341846461.994132 -0.309136122 0.127698839 0.235707283 -0.065246522 0.028180087 -0.331839442 0.940654755
1341846462.026102 -0.311679065 0.129407793 0.235573277 -0.058921341 0.028451039 -0.315330952 0.946723402
1341846462.058066 -0.310084343 0.132433236 0.233274877 -0.054110628 0.026975678 -0.298165739 0.952597260
1341846462.094057 -0.312542289 0.128563449 0.233023539 -0.050997559 0.024841784 -0.278889954 0.958646238
1341846462.126029 -0.311300725 0.124113321 0.233993456 -0.046900854 0.022432201 -0.260494292 0.964074612
1341846462.162124 -0.316594362 0.123328321 0.237593725 -0.041777913 0.020422535 -0.242207110 0.969109535
1341846462.194292 -0.314824432 0.121128075 0.232576355 -0.037091177 0.017877750 -0.225787535 0.973306060
1341846462.226092 -0.323070616 0.118037529 0.240719780 -0.033728797 0.017314108 -0.211948648 0.976545155
1341846462.262203 -0.327263743 0.118971452 0.238959759 -0.028097676 0.014972314 -0.196809307 0.979924738
1341846462.293934 -0.326149821 0.117982820 0.235090807 -0.024075657 0.012556231 -0.183153227 0.982709348
1341846462.325983 -0.326108694 0.117343038 0.231056228 -0.021720720 0.012484924 -0.172312319 0.984723747
1341846462.362050 -0.328743875 0.111402616 0.235896289 -0.019855753 0.012106793 -0.158668920 0.987057984
1341846462.400267 -0.327859551 0.106297486 0.237104326 -0.013850889 0.011593170 -0.141921833 0.989713073
1341846462.431940 -0.327707499 0.103105515 0.231117517 -0.005946580 0.012085561 -0.122876227 0.992330670
1341846462.468003 -0.329856306 0.101518266 0.230668992 0.000678486 0.012785899 -0.104504861 0.994441986
1341846462.500020 -0.327488542 0.099802166 0.227754429 0.006275092 0.013002600 -0.087251924 0.996081710
1341846462.535930 -0.323180437 0.093006015 0.226527035 0.011028170 0.014933967 -0.071138673 0.997293711
1341846462.567947 -0.321176410 0.082536042 0.227903426 0.017777674 0.017701561 -0.053538308 0.998250604
1341846462.599970 -0.318755567 0.080638267 0.222891763 0.025643328 0.019032255 -0.034873035 0.998881400
1341846462.635989 -0.320929289 0.078503706 0.222118139 0.031495046 0.020869074 -0.016874567 0.999143541
1341846462.668003 -0.322894782 0.081915781 0.218144864 0.035896588 0.021048794 -0.002373270 0.999131024
1341846462.704029 -0.323764771 0.082270466 0.215666100 0.037749819 0.021586334 0.012252680 0.998978913
1341846462.735984 -0.328638673 0.084211759 0.209177822 0.038542356 0.020955849 0.029036969 0.998615205
1341846462.768046 -0.325580209 0.079829685 0.211735502 0.038268138 0.018238753 0.050652660 0.997816265
1341846462.803937 -0.320188910 0.074859232 0.213787556 0.039794911 0.016770169 0.068399571 0.996722996
1341846462.835950 -0.319193900 0.075292706 0.212319002 0.042258397 0.016798960 0.084578820 0.995378613
1341846462.871842 -0.316319823 0.071081109 0.209759071 0.045287654 0.016547680 0.103866495 0.993421853
1341846462.904097 -0.314998150 0.068683222 0.205868110 0.048595142 0.018462028 0.114780381 0.992029846
1341846462.966029 -0.309023321 0.053643066 0.213461369 0.054790173 0.023936963 0.129085854 0.989829242
1341846462.998172 -0.308162332 0.052854724 0.213490650 0.062041268 0.023597503 0.139058337 0.988057137
1341846463.029970 -0.309197426 0.056254197 0.204542726 0.067610539 0.025013899 0.145513490 0.986726403
1341846463.066067 -0.315276355 0.058373209 0.196950465 0.069585085 0.025537025 0.154681861 0.985179842
1341846463.098088 -0.312797576 0.056072693 0.203433588 0.070414990 0.024019828 0.168438181 0.982900500
1341846463.134111 -0.308596164 0.056811973 0.207703233 0.071464255 0.024240764 0.184406340 0.979948759
1341846463.165917 -0.305657715 0.054963961 0.208390996 0.072690964 0.025710676 0.203915954 0.975947380
1341846463.198310 -0.306627333 0.057522796 0.205679581 0.074365981 0.028114164 0.222355485 0.971718788
1341846463.234037 -0.311259925 0.061221227 0.198623806 0.073459409 0.031078927 0.236735493 0.968294501
1341846463.265874 -0.304889709 0.051334068 0.201384574 0.071185134 0.032216098 0.249993831 0.965089560
1341846463.298219 -0.298691690 0.041768759 0.206327170 0.072407499 0.031845849 0.260571420 0.962208688
1341846463.334210 -0.295756638 0.037959974 0.209016025 0.076614246 0.032683168 0.270957291 0.958980858
1341846463.365995 -0.293778062 0.032551929 0.202570781 0.083104707 0.033239771 0.281686425 0.955322742
1341846463.402065 -0.296689093 0.033743415 0.205395862 0.090004124 0.034247875 0.288132519 0.952736080
1341846463.434179 -0.300353169 0.033484213 0.218854994 0.094046101 0.036437705 0.294494092 0.950316250
1341846463.466070 -0.289249122 0.034726497 0.202127725 0.098433778 0.038363479 0.303742260 0.946878910
1341846463.501955 -0.289915174 0.035581525 0.200272575 0.103301741 0.040748622 0.311457008 0.943749368
1341846463.534089 -0.289620042 0.036857665 0.198404595 0.106071047 0.042510465 0.320648074 0.940280080
1341846463.566060 -0.288923740 0.036422320 0.199502617 0.107980564 0.044397734 0.329004675 0.937083244
1341846463.601907 -0.287004203 0.035735000 0.199200913 0.109432392 0.045750357 0.337453246 0.933839798
1341846463.634009 -0.286625475 0.035690367 0.197823271 0.111199439 0.045276612 0.343989015 0.931266010
1341846463.670261 -0.291175157 0.039088316 0.188597232 0.110849649 0.045694165 0.350127876 0.928996742
1341846463.702198 -0.292393148 0.041127652 0.185487434 0.111038506 0.048568301 0.357139558 0.926154912
1341846463.734494 -0.290713727 0.039013989 0.188968137 0.113223203 0.050917678 0.367012680 0.921894550
1341846463.770159 -0.292708069 0.040674679 0.184594795 0.115896955 0.050347105 0.377058178 0.917529464
1341846463.804734 -0.295505941 0.045626827 0.179882705 0.116394289 0.051118191 0.387337983 0.913131237
1341846463.836811 -0.288133621 0.047902651 0.188508987 0.116041563 0.053573303 0.397491932 0.908660769
1341846463.902572 -0.293051511 0.047691338 0.184230044 0.115489587 0.060562376 0.418504536 0.898803830
1341846463.938656 -0.293271303 0.051367640 0.194940746 0.118738383 0.063871875 0.431314081 0.892070532
1341846464.006721 -0.316042632 0.050110072 0.170239240 0.120702639 0.068971962 0.453377724 0.880410373
1341846464.070293 -0.313965410 0.056130499 0.182323426 0.120312884 0.074749216 0.478403866 0.866641283
1341846464.106086 -0.321127534 0.051418960 0.165841192 0.119021133 0.077069819 0.492677599 0.858582020
1341846464.138960 -0.295567513 0.051602840 0.176432878 0.115776740 0.076938778 0.509867430 0.848947287
1341846464.170247 -0.296632111 0.055369377 0.179670319 0.116999052 0.082807012 0.526167154 0.838213861
1341846464.206089 -0.288372964 0.068355620 0.208211526 0.123380184 0.087854981 0.545844436 0.824082971
1341846464.238124 -0.296434402 0.068259314 0.196204126 0.124946348 0.092868060 0.560728371 0.813232899
1341846464.270037 -0.295517951 0.071154371 0.193109617 0.121578149 0.097147569 0.574450970 0.803608894
1341846464.306089 -0.286568344 0.076054901 0.201569095 0.120381296 0.101318747 0.586257517 0.794698060
1341846464.337963 -0.262371391 0.073890030 0.200756162 0.126400039 0.103919715 0.599665880 0.783342004
1341846464.374148 -0.259604543 0.084268704 0.205156416 0.141626373 0.106340952 0.612636507 0.770266294
1341846464.406125 -0.267340690 0.090430498 0.211061031 0.151309803 0.113176882 0.619589269 0.761843503
1341846464.438109 -0.278540164 0.087496281 0.199018911 0.157105222 0.123949289 0.626032770 0.753682613
1341846464.474154 -0.293437988 0.090428203 0.197415173 0.158936083 0.131358504 0.632439017 0.746662736
1341846464.506083 -0.292853504 0.092433602 0.197267756 0.156554222 0.135540918 0.639308929 0.740542769
1341846464.538050 -0.308356732 0.093424231 0.186692089 0.153046176 0.141317964 0.641963065 0.737895370
1341846464.573969 -0.298842728 0.093035311 0.187283367 0.145276695 0.145187497 0.648893476 0.732633948
1341846464.606003 -0.292288274 0.093400419 0.187154561 0.140336052 0.148254395 0.656270444 0.726385236
1341846464.642006 -0.313779175 0.095443457 0.192732900 0.138202161 0.153483331 0.657930195 0.724203646
1341846464.674030 -0.323024929 0.102954030 0.199188411 0.132341608 0.157901809 0.660133183 0.722341239
1341846464.706178 -0.326251328 0.099818647 0.188714057 0.125226185 0.161779985 0.665403903 0.717902005
1341846464.741977 -0.325848013 0.101689070 0.189030915 0.117664114 0.162792116 0.670972586 0.713757455
1341846464.774027 -0.304221004 0.107592285 0.203832671 0.113019526 0.161257118 0.676993132 0.709156632
1341846464.806072 -0.320440948 0.106093913 0.192235336 0.110207327 0.164180160 0.676888347 0.709028542
1341846464.842191 -0.316744268 0.109584183 0.193309471 0.104100369 0.163423046 0.680706263 0.706466556
1341846464.873987 -0.304651737 0.110751569 0.201239392 0.101479769 0.161305219 0.683376312 0.704754829
1341846464.910024 -0.326674104 0.105947286 0.184440672 0.098128080 0.163178489 0.682446003 0.705699027
1341846464.941952 -0.339655936 0.110453159 0.174852028 0.089730695 0.162767395 0.685189962 0.704251409
1341846464.974022 -0.326832682 0.113283485 0.181035846 0.082750715 0.159950808 0.691745222 0.699325860
1341846465.010148 -0.326244384 0.114933103 0.184102595 0.078952737 0.156705767 0.697482109 0.694786727
1341846465.042073 -0.330862939 0.116059929 0.183841944 0.075874411 0.154961511 0.701524436 0.691443086
1341846465.078033 -0.331204116 0.117103308 0.181759983 0.071907394 0.152488872 0.704568982 0.689317822
1341846465.110007 -0.332724899 0.115239829 0.180017531 0.068025231 0.148199886 0.705245018 0.689955771
1341846465.142010 -0.326152146 0.118304431 0.195062071 0.066465713 0.144683123 0.704750657 0.691357791
1341846465.177973 -0.335230440 0.115570694 0.183463305 0.064745203 0.142785519 0.704091012 0.692586660
1341846465.210092 -0.339773089 0.114518136 0.181909949 0.061030813 0.139234364 0.702504575 0.695252776
1341846465.241909 -0.339493036 0.116849154 0.186593682 0.057567172 0.136533827 0.700080216 0.698521495
1341846465.278006 -0.332875401 0.119700462 0.191767618 0.054983217 0.133900061 0.699080408 0.700238764
1341846465.310248 -0.330086052 0.119766206 0.188373536 0.053918414 0.131536916 0.697314441 0.702526450
1341846465.346076 -0.330380499 0.118569702 0.185677260 0.053251341 0.129487798 0.692356884 0.707841218
1341846465.377895 -0.335291982 0.119710654 0.190572813 0.052321970 0.128662363 0.685406566 0.714791119
1341846465.409986 -0.333031118 0.118521124 0.187309980 0.049606692 0.128009841 0.676104665 0.723902762
1341846465.446399 -0.331369609 0.118752778 0.187015027 0.046307024 0.127437323 0.666833401 0.732767820
1341846465.478000 -0.325422734 0.123027086 0.196427822 0.046595637 0.127040148 0.658191383 0.740590155
1341846465.510268 -0.328920394 0.122299939 0.191727161 0.048951946 0.128773451 0.648256123 0.748855948
1341846465.545952 -0.332295626 0.120515645 0.186852098 0.048810992 0.129221857 0.638383031 0.757222831
1341846465.578109 -0.329204470 0.119939774 0.187479004 0.047654845 0.127717271 0.629147351 0.765239179
1341846465.614033 -0.329008728 0.119558960 0.186487138 0.047833122 0.125053003 0.618587911 0.774224043
1341846465.646071 -0.327621073 0.117698252 0.183258742 0.046561994 0.122453384 0.610123277 0.781400502
1341846465.678057 -0.329329520 0.116089731 0.182165310 0.044288922 0.118214309 0.603627086 0.787209153
1341846465.713982 -0.333161861 0.118940443 0.189097434 0.045249220 0.117200248 0.595463157 0.793498814
1341846465.745991 -0.331900209 0.117566377 0.184035197 0.046177629 0.115916327 0.587663352 0.799426615
1341846465.778260 -0.331628799 0.116166279 0.181619182 0.046030402 0.112368405 0.578954995 0.806266487
1341846465.814116 -0.330885589 0.120489880 0.187050596 0.045768935 0.110334337 0.567559898 0.814621031
1341846465.845994 -0.327494174 0.119064614 0.186762020 0.047637701 0.109271064 0.556524634 0.822235286
1341846465.882074 -0.330932289 0.114969909 0.177720904 0.047822878 0.105895109 0.545999646 0.829688847
1341846465.913915 -0.330933630 0.116555110 0.177899763 0.045699816 0.101147674 0.532413483 0.839176178
1341846465.946253 -0.335146844 0.116099209 0.175404817 0.042101219 0.098403499 0.515676022 0.850072086
1341846465.982097 -0.344541609 0.112655088 0.163683727 0.035213344 0.093421146 0.500013113 0.860243797
1341846466.014088 -0.345478535 0.118905902 0.179799318 0.029451311 0.088629819 0.484768331 0.869641960
1341846466.046055 -0.332106739 0.118692473 0.186701253 0.027818331 0.085997440 0.476806760 0.874348879
1341846466.082006 -0.337754935 0.117130861 0.183087766 0.028929621 0.084785491 0.465886354 0.880298018
1341846466.114092 -0.341859758 0.120532393 0.183333188 0.028672373 0.082990319 0.454999357 0.886152446
1341846466.149988 -0.338744581 0.124333218 0.189958900 0.028019246 0.083156429 0.444051623 0.891694009
1341846466.182235 -0.344811410 0.116823196 0.179416478 0.027807765 0.082769677 0.433200836 0.897058010
1341846466.227775 -0.356367111 0.121596977 0.173324287 0.025445882 0.078163296 0.419829398 0.903873026
1341846466.282054 -0.337572485 0.126270846 0.190402478 0.013953363 0.075308248 0.383792192 0.920237839
1341846466.318013 -0.337829113 0.119042657 0.180898741 0.013505087 0.071911640 0.369343340 0.926408112
1341846466.350104 -0.350449443 0.128197432 0.183788061 0.014976458 0.072641633 0.349543959 0.933979630
1341846466.418103 -0.334059000 0.113309316 0.184964776 0.014002413 0.072836213 0.334144503 0.939599037
1341846466.450241 -0.322642028 0.108245164 0.189781204 0.022197297 0.072990626 0.333319634 0.939722121
1341846466.482241 -0.327215135 0.112634391 0.188359201 0.032202050 0.075312600 0.326892197 0.941505551
1341846466.518064 -0.338611722 0.123348370 0.183930352 0.036962468 0.077376813 0.315785944 0.944947541
1341846466.550013 -0.338309675 0.126300126 0.186324015 0.034997426 0.078564726 0.303772539 0.948854566
1341846466.586129 -0.331794828 0.123064190 0.191266894 0.032791905 0.079342142 0.290058404 0.953150392
1341846466.617891 -0.336141080 0.120565243 0.189770058 0.032130983 0.079785138 0.274292618 0.957792044
1341846466.650067 -0.340995818 0.125622645 0.192077950 0.030845184 0.077414066 0.257705390 0.962623298
1341846466.686119 -0.333813578 0.133159950 0.203986406 0.025867995 0.076661974 0.244142070 0.966358364
1341846466.718096 -0.327277184 0.120881096 0.205925241 0.021014577 0.077159829 0.235954046 0.968468130
1341846466.750165 -0.324222058 0.123284429 0.211174279 0.021923060 0.074759580 0.226575658 0.970872700
1341846466.786075 -0.321618766 0.135653555 0.216800183 0.020239394 0.075883821 0.213741109 0.973728299
1341846466.817996 -0.319355369 0.130863160 0.219270900 0.015799599 0.078420095 0.202970818 0.975911677
1341846466.854152 -0.320967466 0.124984667 0.220145583 0.013349858 0.077369556 0.197199255 0.977214515
1341846466.886138 -0.319592655 0.137655541 0.218843028 0.012033633 0.075283125 0.189328462 0.978949666
1341846466.918000 -0.321359962 0.145623431 0.222050771 0.005547774 0.077374354 0.176368669 0.981262743
1341846466.954116 -0.326177448 0.140212938 0.221287474 -0.002357933 0.076311328 0.163569033 0.983573198
1341846466.986117 -0.319001496 0.143549025 0.223095939 -0.009032556 0.072403036 0.153277591 0.985485792
1341846467.018002 -0.310977638 0.146422803 0.226756901 -0.016569832 0.073437616 0.138595521 0.987483501
1341846467.054121 -0.312750697 0.141892374 0.235278860 -0.022855084 0.074574172 0.124542721 0.989143848
1341846467.086519 -0.316848993 0.137868911 0.238277510 -0.024363583 0.071795724 0.113879912 0.990597427
1341846467.122117 -0.308628827 0.143385679 0.235432431 -0.025656693 0.068144321 0.099022716 0.992417574
1341846467.154292 -0.300019354 0.130390540 0.234745696 -0.027141899 0.068436399 0.085027538 0.993654966
1341846467.221944 -0.302577227 0.134993553 0.227468282 -0.015675435 0.060484443 0.068436667 0.995696962
1341846467.254128 -0.298413157 0.150185943 0.221343949 -0.017531523 0.057056218 0.056528989 0.996615171
1341846467.290073 -0.295451909 0.143433258 0.221406043 -0.023305399 0.053430051 0.044721633 0.997297406
1341846467.322189 -0.296161443 0.145114183 0.219585568 -0.025857810 0.047773797 0.036376763 0.997860670
1341846467.354092 -0.292285293 0.143319130 0.219183698 -0.028617371 0.040214002 0.028816083 0.998365462
1341846467.390082 -0.285103709 0.140451655 0.216961235 -0.029709335 0.033499114 0.019084640 0.998814821
1341846467.422206 -0.281687409 0.138566479 0.212537691 -0.028987356 0.027192911 0.012328525 0.999133825
1341846467.454073 -0.275880247 0.132201657 0.209978193 -0.026283782 0.020227894 0.007746942 0.999419868
1341846467.490150 -0.270628899 0.126531735 0.204386026 -0.019529028 0.012573833 0.004519633 0.999720097
1341846467.522115 -0.258105785 0.127127647 0.194391161 -0.011310216 0.005806410 0.002359025 0.999916375
1341846467.558053 -0.250115633 0.125531986 0.189045861 -0.003148172 0.000761156 -0.000187908 0.999994814
1341846467.589949 -0.244920611 0.122804590 0.183072895 0.005892099 -0.005064745 0.000082804 0.999969900
1341846467.622077 -0.235785171 0.121087283 0.172429368 0.016518008 -0.012353504 0.003405974 0.999781489
1341846467.658139 -0.214222774 0.121352687 0.160336956 0.028993277 -0.019103233 0.009055895 0.999356031
1341846467.690047 -0.220044598 0.123344272 0.154276937 0.042548571 -0.023784762 0.016702052 0.998671651
1341846467.721985 -0.216268659 0.135357022 0.148593873 0.053340968 -0.032850418 0.023003601 0.997770786
1341846467.758049 -0.203621373 0.141075566 0.138389170 0.057619564 -0.042201445 0.026242374 0.997101009
1341846467.789943 -0.191308767 0.155741945 0.128834829 0.058773790 -0.048400272 0.027136732 0.996728003
1341846467.826009 -0.190890357 0.163350672 0.124222115 0.054623801 -0.053845383 0.026384480 0.996704996
1341846467.858121 -0.181179374 0.152876154 0.117713854 0.051144574 -0.061428435 0.027900636 0.996409774
1341846467.890215 -0.166357979 0.153657809 0.115922801 0.052270740 -0.067541942 0.030266386 0.995886445
1341846467.926038 -0.152959287 0.161499143 0.104703836 0.052740484 -0.070878968 0.028838547 0.995672166
1341846467.957994 -0.146104500 0.160851493 0.098656334 0.051514976 -0.072400644 0.026732154 0.995685637
1341846467.990124 -0.141112566 0.167823404 0.085051231 0.050932039 -0.075044796 0.025904754 0.995541692
1341846468.026228 -0.133742467 0.188523039 0.070156448 0.046649411 -0.076676659 0.024468629 0.995663583
1341846468.058002 -0.122068621 0.180027679 0.070151918 0.038571518 -0.076728173 0.022444362 0.996052861
1341846468.094305 -0.117591888 0.184332892 0.065634459 0.033251829 -0.075163864 0.021810753 0.996378005
1341846468.126042 -0.113061629 0.194986239 0.064112961 0.026418708 -0.076096430 0.025409276 0.996426523
1341846468.158486 -0.095352650 0.200057015 0.048307043 0.017144907 -0.076353922 0.026707312 0.996575594
1341846468.194517 -0.080712728 0.217669860 0.041171215 0.007481212 -0.072456986 0.021860402 0.997103870
1341846468.226561 -0.074377872 0.221265823 0.042160075 -0.006582842 -0.066230699 0.016614150 0.997644305
1341846468.258171 -0.067304999 0.207485661 0.035941906 -0.019064430 -0.061700415 0.013289832 0.997824192
1341846468.309995 -0.042114016 0.215445682 0.024736404 -0.025993880 -0.057843763 0.008706931 0.997949183
1341846468.335863 -0.037654620 0.218726084 0.017772557 -0.033494912 -0.048405413 0.002345391 0.998263299
1341846468.400413 -0.033351708 0.208929613 0.004838367 -0.042295512 -0.039978053 0.005777769 0.998288333
1341846468.462095 -0.036133673 0.207172781 0.006033597 -0.048875805 -0.031525090 0.004448239 0.998297334
1341846468.494284 -0.034373168 0.201472655 0.008429511 -0.051870860 -0.029154250 0.005953997 0.998210430
1341846468.529997 -0.026081622 0.200258940 0.006020609 -0.051309388 -0.028571902 0.009281068 0.998230875
1341846468.562003 -0.018407563 0.205147564 -0.000727731 -0.051412866 -0.026295489 0.007542050 0.998302758
1341846468.594314 -0.017545076 0.200573489 0.001562737 -0.053335361 -0.022967765 0.005897695 0.998295069
1341846468.630018 -0.015371984 0.196805492 0.003328017 -0.052765865 -0.021885524 0.007938054 0.998335540
1341846468.662064 -0.010892055 0.201753974 -0.002911121 -0.051140830 -0.021373270 0.007633058 0.998433590
1341846468.694446 -0.002858145 0.201761201 0.003096692 -0.051882729 -0.018775649 0.004229392 0.998467743
1341846468.730126 -0.003015151 0.187101439 0.004885905 -0.050333396 -0.016423317 0.004099919 0.998589039
1341846468.762147 -0.004309786 0.190562546 -0.001008359 -0.045577705 -0.016662482 0.007285398 0.998795331
1341846468.797962 0.001559695 0.193668336 -0.002446043 -0.043538664 -0.016557261 0.007399960 0.998887181
1341846468.830113 0.005341804 0.193112016 -0.002231629 -0.043389436 -0.013886840 0.003206894 0.998956621
1341846468.862077 0.002757485 0.184459805 0.001873705 -0.042575214 -0.012258130 0.003169664 0.999013126
1341846468.897982 0.006354804 0.184606627 -0.001506913 -0.038440507 -0.012693811 0.006324006 0.999160290
1341846468.930161 0.011231296 0.188568488 -0.006346246 -0.035799023 -0.010824391 0.006529042 0.999279082
1341846468.962214 0.009410759 0.188748449 -0.007379436 -0.035239764 -0.007458315 0.005362307 0.999336720
1341846468.998002 0.007481102 0.182063907 -0.004465028 -0.034434345 -0.007281401 0.008692591 0.999342680
1341846469.030028 0.012641015 0.180316284 -0.004301017 -0.030741729 -0.008832562 0.012559142 0.999409437
1341846469.066173 0.012436179 0.186720431 -0.010706727 -0.027019940 -0.007583612 0.011469762 0.999540329
1341846469.098358 0.010263008 0.188671291 -0.010200876 -0.027898859 -0.007745532 0.012481973 0.999502838
1341846469.131076 0.015033178 0.186040357 -0.008007335 -0.028637839 -0.009158091 0.013378097 0.999458432
1341846469.166463 0.019285925 0.182749122 -0.007380876 -0.027396724 -0.008217399 0.012023024 0.999518573
1341846469.198284 0.018347800 0.182415977 -0.008575683 -0.025607286 -0.006886515 0.012698437 0.999567747
1341846469.242554 0.019480797 0.180771008 -0.008972799 -0.024031842 -0.007014122 0.014398757 0.999582946
1341846469.272447 0.019915318 0.186179206 -0.013780192 -0.022248920 -0.006464329 0.014070843 0.999632597
1341846469.339987 0.022203214 0.181642160 -0.013923865 -0.022918353 -0.003997262 0.013651028 0.999636173
1341846469.398298 0.024757029 0.186628088 -0.019274455 -0.023598382 -0.001658658 0.013659249 0.999626875
1341846469.434042 0.026987931 0.185496241 -0.018767627 -0.024797684 0.001108816 0.011705243 0.999623418
1341846469.466076 0.024437129 0.184662268 -0.021778822 -0.025656153 0.003080518 0.012143239 0.999592364
1341846469.502529 0.018103436 0.191255361 -0.034989625 -0.026535826 0.003770699 0.011633254 0.999573112
1341846469.534729 0.031175720 0.192420095 -0.016741764 -0.029116124 0.003847739 0.010801930 0.999510288
1341846469.566597 0.030714314 0.190469295 -0.013428223 -0.031285454 0.006140839 0.009363730 0.999447823
1341846469.602391 0.029979799 0.187917113 -0.015098984 -0.032324016 0.006511496 0.009761271 0.999408603
1341846469.634717 0.034360792 0.189380959 -0.016346432 -0.033278417 0.006480033 0.010078062 0.999374390
1341846469.667242 0.035401151 0.189606339 -0.019821770 -0.034250408 0.008859050 0.007581083 0.999345303
1341846469.702595 0.031391565 0.188683763 -0.019271774 -0.035342548 0.009976064 0.007791567 0.999295115
1341846469.734373 0.035843354 0.187001988 -0.018713225 -0.035633791 0.010071324 0.008675720 0.999276578
1341846469.771003 0.037056018 0.185917079 -0.019149616 -0.034826577 0.012190148 0.008024398 0.999286830
1341846469.803099 0.035023950 0.188214555 -0.020325037 -0.034336194 0.013533169 0.008022804 0.999286532
1341846469.834283 0.037226167 0.188224748 -0.020115661 -0.034728713 0.014052330 0.008709080 0.999260068
1341846469.871263 0.039932560 0.187970147 -0.020842861 -0.034681868 0.015711451 0.007538103 0.999246478
1341846469.902171 0.038325105 0.187364101 -0.016977990 -0.034428693 0.017640710 0.007491964 0.999223411
1341846469.934183 0.038389608 0.185517266 -0.016407786 -0.033764005 0.017650919 0.009564832 0.999228179
1341846469.969991 0.043194652 0.183586821 -0.016575135 -0.031871732 0.018044280 0.010034577 0.999278665
1341846470.002102 0.043618906 0.185415015 -0.018644569 -0.029595509 0.020415742 0.009334981 0.999309838
1341846470.038184 0.041376993 0.184357584 -0.019024102 -0.028570738 0.021186089 0.011864119 0.999296844
1341846470.070096 0.046705980 0.184208661 -0.021239286 -0.027311556 0.021416886 0.014161325 0.999297261
1341846470.107943 0.051174458 0.176689401 -0.019680807 -0.025528513 0.023455091 0.016235841 0.999267042
1341846470.170125 0.049227193 0.181017414 -0.023741750 -0.015525417 0.025655271 0.023341792 0.999277771
1341846470.202144 0.054400515 0.180202737 -0.023062937 -0.013692943 0.027328873 0.023857661 0.999247968
1341846470.238185 0.052540205 0.174057901 -0.017811285 -0.011427632 0.029359449 0.024710143 0.999198139
1341846470.269875 0.050132047 0.172887579 -0.022501566 -0.007814718 0.028951366 0.028164810 0.999153435
1341846470.306072 0.055877917 0.173859626 -0.024603343 -0.004973796 0.028245714 0.030010318 0.999138057
1341846470.337953 0.056399383 0.172841817 -0.024585865 -0.002679077 0.029901197 0.029308910 0.999119520
1341846470.370014 0.051679809 0.170980692 -0.021415224 -0.000792806 0.030115236 0.030883696 0.999068856
1341846470.405987 0.053591687 0.169633299 -0.023017092 0.001434638 0.028369866 0.033205148 0.999044836
1341846470.438051 0.056419969 0.170657054 -0.024419084 0.003420590 0.028398855 0.032347851 0.999067247
1341846470.470041 0.052448891 0.169939727 -0.022185426 0.004263571 0.028494477 0.032655228 0.999051332
1341846470.506110 0.054221716 0.166444287 -0.022437606 0.005509363 0.026480807 0.034077730 0.999053180
1341846470.538167 0.056947008 0.168572396 -0.023926059 0.007501543 0.026172392 0.033599678 0.999064505
1341846470.573973 0.053875145 0.170284092 -0.023254415 0.008040600 0.026274089 0.033328373 0.999066710
1341846470.606133 0.055221252 0.168671891 -0.024016785 0.008356231 0.024967352 0.034755517 0.999049008
