
ORB-SLAM3 Copyright (C) 2017-2020 Carlos Campos, Richard Elvira, Juan J. Gómez, José M.M. Montiel and Juan D. Tardós, University of Zaragoza.
ORB-SLAM2 Copyright (C) 2014-2016 Raúl Mur-Artal, José M.M. Montiel and Juan D. Tardós, University of Zaragoza.
This program comes with ABSOLUTELY NO WARRANTY;
This is free software, and you are welcome to redistribute it
under certain conditions. See LICENSE.txt.

Input sensor was set to: RGB-D
Loading settings from /home/bingxin/Downloads/NGD-SLAM/Examples/RGB-D/Bonn.yaml
Camera1.k3 optional parameter does not exist...
	-Loaded camera 1
Camera.newHeight optional parameter does not exist...
Camera.newWidth optional parameter does not exist...
	-Loaded image info
	-Loaded RGB-D calibration
	-Loaded ORB settings
Viewer.imageViewScale optional parameter does not exist...
	-Loaded viewer settings
System.LoadAtlasFromFile optional parameter does not exist...
System.SaveAtlasToFile optional parameter does not exist...
	-Loaded Atlas settings
System.thFarPoints optional parameter does not exist...
	-Loaded misc parameters
----------------------------------
SLAM settings: 
	-Camera 1 parameters (Pinhole): [ 542.823 542.577 315.594 237.756 ]
	-Camera 1 distortion parameters: [  0.039903 -0.099343 -0.00073 -0.000144 ]
	-Original image size: [ 640 , 480 ]
	-Current image size: [ 640 , 480 ]
	-Sequence FPS: 30
	-RGB-D depth map factor: 5000
	-Features per image: 1000
	-ORB scale factor: 1.2
	-ORB number of scales: 8
	-Initial FAST threshold: 20
	-Min FAST threshold: 7


Loading ORB Vocabulary. This could take a while...
Vocabulary loaded!

Initialization of Atlas from scratch 
Creation of new map with id: 0
Creation of new map with last KF id: 0
Seq. Name: 
There are 1 cameras in the atlas
Camera 0 is pinhole
Net use yolo-fastest

-------
Start processing sequence ...
Images in the sequence: 1750

First KF:0; Map init KF:0
New Map created with 886 points
Average processing time of GrabImageRGBD(): 43.0298ms
Frame 0 end
Average processing time of GrabImageRGBD(): 34.4187ms
Frame 1 end
Average processing time of GrabImageRGBD(): 31.0791ms
Frame 2 end
Average processing time of GrabImageRGBD(): 24.2145ms
Frame 3 end
Average processing time of GrabImageRGBD(): 21.619ms
Frame 4 end
Average processing time of GrabImageRGBD(): 18.6565ms
Frame 5 end
Average processing time of GrabImageRGBD(): 17.6386ms
Frame 6 end
Starting the Viewer
Average processing time of GrabImageRGBD(): 15.9171ms
Frame 7 end
Average processing time of GrabImageRGBD(): 15.3356ms
Frame 8 end
Average processing time of GrabImageRGBD(): 14.8972ms
Frame 9 end
Average processing time of GrabImageRGBD(): 13.8409ms
Frame 10 end
Average processing time of GrabImageRGBD(): 13.5779ms
Frame 11 end
Average processing time of GrabImageRGBD(): 13.3861ms
Frame 12 end
Average processing time of GrabImageRGBD(): 13.1941ms
Frame 13 end
Average processing time of GrabImageRGBD(): 12.5666ms
Frame 14 end
Average processing time of GrabImageRGBD(): 12.4509ms
Frame 15 end
Average processing time of GrabImageRGBD(): 11.9394ms
Frame 16 end
Average processing time of GrabImageRGBD(): 11.4513ms
Frame 17 end
Average processing time of GrabImageRGBD(): 11.4237ms
Frame 18 end
Average processing time of GrabImageRGBD(): 11.3825ms
Frame 19 end
Average processing time of GrabImageRGBD(): 11.0096ms
Frame 20 end
Average processing time of GrabImageRGBD(): 10.9604ms
Frame 21 end
Average processing time of GrabImageRGBD(): 10.9554ms
Frame 22 end
Average processing time of GrabImageRGBD(): 10.9259ms
Frame 23 end
Average processing time of GrabImageRGBD(): 11.4716ms
Frame 24 end
Average processing time of GrabImageRGBD(): 11.3708ms
Frame 25 end
Average processing time of GrabImageRGBD(): 11.0488ms
Frame 26 end
Average processing time of GrabImageRGBD(): 10.7824ms
Frame 27 end
Average processing time of GrabImageRGBD(): 10.5723ms
Frame 28 end
Average processing time of GrabImageRGBD(): 10.3781ms
Frame 29 end
Average processing time of GrabImageRGBD(): 10.295ms
Frame 30 end
Average processing time of GrabImageRGBD(): 10.2265ms
Frame 31 end
Average processing time of GrabImageRGBD(): 10.0161ms
Frame 32 end
Average processing time of GrabImageRGBD(): 9.96327ms
Frame 33 end
Average processing time of GrabImageRGBD(): 9.9041ms
Frame 34 end
Average processing time of GrabImageRGBD(): 9.75951ms
Frame 35 end
Average processing time of GrabImageRGBD(): 10.233ms
Frame 36 end
Average processing time of GrabImageRGBD(): 10.2226ms
Frame 37 end
Average processing time of GrabImageRGBD(): 10.1866ms
Frame 38 end
Average processing time of GrabImageRGBD(): 10.162ms
Frame 39 end
Average processing time of GrabImageRGBD(): 10.0867ms
Frame 40 end
Average processing time of GrabImageRGBD(): 10.0614ms
Frame 41 end
Average processing time of GrabImageRGBD(): 9.97471ms
Frame 42 end
Average processing time of GrabImageRGBD(): 10.3242ms
Frame 43 end
Average processing time of GrabImageRGBD(): 10.2929ms
Frame 44 end
Average processing time of GrabImageRGBD(): 10.1447ms
Frame 45 end
Average processing time of GrabImageRGBD(): 10.0288ms
Frame 46 end
Average processing time of GrabImageRGBD(): 10.0243ms
Frame 47 end
Average processing time of GrabImageRGBD(): 10.008ms
Frame 48 end
Average processing time of GrabImageRGBD(): 9.92241ms
Frame 49 end
Average processing time of GrabImageRGBD(): 9.79359ms
Frame 50 end
Average processing time of GrabImageRGBD(): 9.78238ms
Frame 51 end
Average processing time of GrabImageRGBD(): 9.65672ms
Frame 52 end
Average processing time of GrabImageRGBD(): 9.63897ms
Frame 53 end
Average processing time of GrabImageRGBD(): 9.98422ms
Frame 54 end
Average processing time of GrabImageRGBD(): 9.97884ms
Frame 55 end
Average processing time of GrabImageRGBD(): 9.85042ms
Frame 56 end
Average processing time of GrabImageRGBD(): 9.73885ms
Frame 57 end
Average processing time of GrabImageRGBD(): 9.71599ms
Frame 58 end
Average processing time of GrabImageRGBD(): 9.60845ms
Frame 59 end
Average processing time of GrabImageRGBD(): 9.5846ms
Frame 60 end
Average processing time of GrabImageRGBD(): 9.48321ms
Frame 61 end
Average processing time of GrabImageRGBD(): 9.46618ms
Frame 62 end
Average processing time of GrabImageRGBD(): 9.77617ms
Frame 63 end
Average processing time of GrabImageRGBD(): 9.77377ms
Frame 64 end
Average processing time of GrabImageRGBD(): 9.6681ms
Frame 65 end
Average processing time of GrabImageRGBD(): 9.58089ms
Frame 66 end
Average processing time of GrabImageRGBD(): 9.55323ms
Frame 67 end
Average processing time of GrabImageRGBD(): 9.78011ms
Frame 68 end
Average processing time of GrabImageRGBD(): 9.77243ms
Frame 69 end
Average processing time of GrabImageRGBD(): 9.73858ms
Frame 70 end
Average processing time of GrabImageRGBD(): 9.72799ms
Frame 71 end
Average processing time of GrabImageRGBD(): 9.70943ms
Frame 72 end
Average processing time of GrabImageRGBD(): 9.69054ms
Frame 73 end
Average processing time of GrabImageRGBD(): 9.64026ms
Frame 74 end
Average processing time of GrabImageRGBD(): 9.84227ms
Frame 75 end
Average processing time of GrabImageRGBD(): 9.83319ms
Frame 76 end
Average processing time of GrabImageRGBD(): 9.81671ms
Frame 77 end
Average processing time of GrabImageRGBD(): 10.035ms
Frame 78 end
Average processing time of GrabImageRGBD(): 10.0028ms
Frame 79 end
Average processing time of GrabImageRGBD(): 9.91904ms
Frame 80 end
Average processing time of GrabImageRGBD(): 9.92033ms
Frame 81 end
Average processing time of GrabImageRGBD(): 9.84716ms
Frame 82 end
Average processing time of GrabImageRGBD(): 9.76561ms
Frame 83 end
Average processing time of GrabImageRGBD(): 9.75606ms
Frame 84 end
Average processing time of GrabImageRGBD(): 9.93709ms
Frame 85 end
Average processing time of GrabImageRGBD(): 9.90205ms
Frame 86 end
Average processing time of GrabImageRGBD(): 9.88521ms
Frame 87 end
Average processing time of GrabImageRGBD(): 9.83539ms
Frame 88 end
Average processing time of GrabImageRGBD(): 9.81988ms
Frame 89 end
Average processing time of GrabImageRGBD(): 10.0702ms
Frame 90 end
Average processing time of GrabImageRGBD(): 10.0739ms
Frame 91 end
Average processing time of GrabImageRGBD(): 9.99675ms
Frame 92 end
Average processing time of GrabImageRGBD(): 9.93053ms
Frame 93 end
Average processing time of GrabImageRGBD(): 9.85845ms
Frame 94 end
Average processing time of GrabImageRGBD(): 10.0465ms
Frame 95 end
Average processing time of GrabImageRGBD(): 9.98426ms
Frame 96 end
Average processing time of GrabImageRGBD(): 9.91404ms
Frame 97 end
Average processing time of GrabImageRGBD(): 9.89925ms
Frame 98 end
Average processing time of GrabImageRGBD(): 9.88368ms
Frame 99 end
Average processing time of GrabImageRGBD(): 9.87006ms
Frame 100 end
Average processing time of GrabImageRGBD(): 9.86032ms
Frame 101 end
Average processing time of GrabImageRGBD(): 9.84946ms
Frame 102 end
Average processing time of GrabImageRGBD(): 9.786ms
Frame 103 end
Average processing time of GrabImageRGBD(): 9.93425ms
Frame 104 end
Average processing time of GrabImageRGBD(): 9.87765ms
Frame 105 end
Average processing time of GrabImageRGBD(): 9.80806ms
Frame 106 end
Average processing time of GrabImageRGBD(): 9.79393ms
Frame 107 end
Average processing time of GrabImageRGBD(): 9.79167ms
Frame 108 end
Average processing time of GrabImageRGBD(): 9.95726ms
Frame 109 end
Average processing time of GrabImageRGBD(): 9.9264ms
Frame 110 end
Average processing time of GrabImageRGBD(): 9.88109ms
Frame 111 end
Average processing time of GrabImageRGBD(): 9.82366ms
Frame 112 end
Average processing time of GrabImageRGBD(): 9.99961ms
Frame 113 end
Average processing time of GrabImageRGBD(): 9.99907ms
Frame 114 end
Average processing time of GrabImageRGBD(): 9.93718ms
Frame 115 end
Average processing time of GrabImageRGBD(): 9.88926ms
Frame 116 end
Average processing time of GrabImageRGBD(): 9.87966ms
Frame 117 end
Average processing time of GrabImageRGBD(): 10.0384ms
Frame 118 end
Average processing time of GrabImageRGBD(): 9.98833ms
Frame 119 end
Average processing time of GrabImageRGBD(): 9.93026ms
Frame 120 end
Average processing time of GrabImageRGBD(): 9.8947ms
Frame 121 end
Average processing time of GrabImageRGBD(): 9.88058ms
Frame 122 end
Average processing time of GrabImageRGBD(): 9.86035ms
Frame 123 end
Average processing time of GrabImageRGBD(): 9.82714ms
Frame 124 end
Average processing time of GrabImageRGBD(): 9.78628ms
Frame 125 end
Average processing time of GrabImageRGBD(): 9.75995ms
Frame 126 end
Average processing time of GrabImageRGBD(): 9.89252ms
Frame 127 end
Average processing time of GrabImageRGBD(): 9.84827ms
Frame 128 end
Average processing time of GrabImageRGBD(): 9.79345ms
Frame 129 end
Average processing time of GrabImageRGBD(): 9.7496ms
Frame 130 end
Average processing time of GrabImageRGBD(): 9.72851ms
Frame 131 end
Average processing time of GrabImageRGBD(): 9.70702ms
Frame 132 end
Average processing time of GrabImageRGBD(): 9.68257ms
Frame 133 end
Average processing time of GrabImageRGBD(): 9.84025ms
Frame 134 end
Average processing time of GrabImageRGBD(): 9.81629ms
Frame 135 end
Average processing time of GrabImageRGBD(): 9.76166ms
Frame 136 end
Average processing time of GrabImageRGBD(): 9.72572ms
Frame 137 end
Average processing time of GrabImageRGBD(): 9.6863ms
Frame 138 end
Average processing time of GrabImageRGBD(): 9.65264ms
Frame 139 end
Average processing time of GrabImageRGBD(): 9.6241ms
Frame 140 end
Average processing time of GrabImageRGBD(): 9.59537ms
Frame 141 end
Average processing time of GrabImageRGBD(): 9.69636ms
Frame 142 end
Average processing time of GrabImageRGBD(): 9.67678ms
Frame 143 end
Average processing time of GrabImageRGBD(): 9.77298ms
Frame 144 end
Average processing time of GrabImageRGBD(): 9.7286ms
Frame 145 end
Average processing time of GrabImageRGBD(): 9.67889ms
Frame 146 end
Average processing time of GrabImageRGBD(): 9.64199ms
Frame 147 end
Average processing time of GrabImageRGBD(): 9.59459ms
Frame 148 end
Average processing time of GrabImageRGBD(): 9.56242ms
Frame 149 end
Average processing time of GrabImageRGBD(): 9.6624ms
Frame 150 end
Average processing time of GrabImageRGBD(): 9.62599ms
Frame 151 end
Average processing time of GrabImageRGBD(): 9.59114ms
Frame 152 end
Average processing time of GrabImageRGBD(): 9.5465ms
Frame 153 end
Average processing time of GrabImageRGBD(): 9.51424ms
Frame 154 end
Average processing time of GrabImageRGBD(): 9.47299ms
Frame 155 end
Average processing time of GrabImageRGBD(): 9.43867ms
Frame 156 end
Average processing time of GrabImageRGBD(): 9.56682ms
Frame 157 end
Average processing time of GrabImageRGBD(): 9.52792ms
Frame 158 end
Average processing time of GrabImageRGBD(): 9.6075ms
Frame 159 end
Average processing time of GrabImageRGBD(): 9.56861ms
Frame 160 end
Average processing time of GrabImageRGBD(): 9.52388ms
Frame 161 end
Average processing time of GrabImageRGBD(): 9.49061ms
Frame 162 end
Average processing time of GrabImageRGBD(): 9.45717ms
Frame 163 end
Average processing time of GrabImageRGBD(): 9.42507ms
Frame 164 end
Average processing time of GrabImageRGBD(): 9.38288ms
Frame 165 end
Average processing time of GrabImageRGBD(): 9.35556ms
Frame 166 end
Average processing time of GrabImageRGBD(): 9.44193ms
Frame 167 end
Average processing time of GrabImageRGBD(): 9.41476ms
Frame 168 end
Average processing time of GrabImageRGBD(): 9.38336ms
Frame 169 end
Average processing time of GrabImageRGBD(): 9.35545ms
Frame 170 end
Average processing time of GrabImageRGBD(): 9.32491ms
Frame 171 end
Average processing time of GrabImageRGBD(): 9.40186ms
Frame 172 end
Average processing time of GrabImageRGBD(): 9.38752ms
Frame 173 end
Average processing time of GrabImageRGBD(): 9.34622ms
Frame 174 end
Average processing time of GrabImageRGBD(): 9.30981ms
Frame 175 end
Average processing time of GrabImageRGBD(): 9.27111ms
Frame 176 end
Average processing time of GrabImageRGBD(): 9.23653ms
Frame 177 end
Average processing time of GrabImageRGBD(): 9.20711ms
Frame 178 end
Average processing time of GrabImageRGBD(): 9.1767ms
Frame 179 end
Average processing time of GrabImageRGBD(): 9.13985ms
Frame 180 end
Average processing time of GrabImageRGBD(): 9.1035ms
Frame 181 end
Average processing time of GrabImageRGBD(): 9.06808ms
Frame 182 end
Average processing time of GrabImageRGBD(): 9.0393ms
Frame 183 end
Average processing time of GrabImageRGBD(): 9.00833ms
Frame 184 end
Average processing time of GrabImageRGBD(): 8.97619ms
Frame 185 end
Average processing time of GrabImageRGBD(): 8.94078ms
Frame 186 end
Average processing time of GrabImageRGBD(): 8.90543ms
Frame 187 end
Average processing time of GrabImageRGBD(): 8.8789ms
Frame 188 end
Average processing time of GrabImageRGBD(): 8.85295ms
Frame 189 end
Average processing time of GrabImageRGBD(): 8.82878ms
Frame 190 end
Average processing time of GrabImageRGBD(): 8.80369ms
Frame 191 end
Average processing time of GrabImageRGBD(): 8.76998ms
Frame 192 end
Average processing time of GrabImageRGBD(): 8.73944ms
Frame 193 end
Average processing time of GrabImageRGBD(): 8.71506ms
Frame 194 end
Average processing time of GrabImageRGBD(): 8.68381ms
Frame 195 end
Average processing time of GrabImageRGBD(): 8.65259ms
Frame 196 end
Average processing time of GrabImageRGBD(): 8.62905ms
Frame 197 end
Average processing time of GrabImageRGBD(): 8.59945ms
Frame 198 end
Average processing time of GrabImageRGBD(): 8.57711ms
Frame 199 end
Average processing time of GrabImageRGBD(): 8.55464ms
Frame 200 end
Average processing time of GrabImageRGBD(): 8.53024ms
Frame 201 end
Average processing time of GrabImageRGBD(): 8.50068ms
Frame 202 end
Average processing time of GrabImageRGBD(): 8.57008ms
Frame 203 end
Average processing time of GrabImageRGBD(): 8.54279ms
Frame 204 end
Average processing time of GrabImageRGBD(): 8.51274ms
Frame 205 end
Average processing time of GrabImageRGBD(): 8.49455ms
Frame 206 end
Average processing time of GrabImageRGBD(): 8.46875ms
Frame 207 end
Average processing time of GrabImageRGBD(): 8.54564ms
Frame 208 end
Average processing time of GrabImageRGBD(): 8.53972ms
Frame 209 end
Average processing time of GrabImageRGBD(): 8.64443ms
Frame 210 end
Average processing time of GrabImageRGBD(): 8.64582ms
Frame 211 end
Average processing time of GrabImageRGBD(): 8.63837ms
Frame 212 end
Average processing time of GrabImageRGBD(): 8.63651ms
Frame 213 end
Average processing time of GrabImageRGBD(): 8.72573ms
Frame 214 end
Average processing time of GrabImageRGBD(): 8.73319ms
Frame 215 end
Average processing time of GrabImageRGBD(): 8.73004ms
Frame 216 end
Average processing time of GrabImageRGBD(): 8.70598ms
Frame 217 end
Average processing time of GrabImageRGBD(): 8.70126ms
Frame 218 end
Average processing time of GrabImageRGBD(): 8.69497ms
Frame 219 end
Average processing time of GrabImageRGBD(): 8.77127ms
Frame 220 end
Average processing time of GrabImageRGBD(): 8.76489ms
Frame 221 end
Average processing time of GrabImageRGBD(): 8.7391ms
Frame 222 end
Average processing time of GrabImageRGBD(): 8.71677ms
Frame 223 end
Average processing time of GrabImageRGBD(): 8.71395ms
Frame 224 end
Average processing time of GrabImageRGBD(): 8.68999ms
Frame 225 end
Average processing time of GrabImageRGBD(): 8.66695ms
Frame 226 end
Average processing time of GrabImageRGBD(): 8.66344ms
Frame 227 end
Average processing time of GrabImageRGBD(): 8.65296ms
Frame 228 end
Average processing time of GrabImageRGBD(): 8.64043ms
Frame 229 end
Average processing time of GrabImageRGBD(): 8.75791ms
Frame 230 end
Average processing time of GrabImageRGBD(): 8.73482ms
Frame 231 end
Average processing time of GrabImageRGBD(): 8.71432ms
Frame 232 end
Average processing time of GrabImageRGBD(): 8.71275ms
Frame 233 end
Average processing time of GrabImageRGBD(): 8.70902ms
Frame 234 end
Average processing time of GrabImageRGBD(): 8.70583ms
Frame 235 end
Average processing time of GrabImageRGBD(): 8.68899ms
Frame 236 end
Average processing time of GrabImageRGBD(): 8.68179ms
Frame 237 end
Average processing time of GrabImageRGBD(): 8.7696ms
Frame 238 end
Average processing time of GrabImageRGBD(): 8.76084ms
Frame 239 end
Average processing time of GrabImageRGBD(): 8.73713ms
Frame 240 end
Average processing time of GrabImageRGBD(): 8.81119ms
Frame 241 end
Average processing time of GrabImageRGBD(): 8.82016ms
Frame 242 end
Average processing time of GrabImageRGBD(): 8.7985ms
Frame 243 end
Average processing time of GrabImageRGBD(): 8.7779ms
Frame 244 end
Average processing time of GrabImageRGBD(): 8.78067ms
Frame 245 end
Average processing time of GrabImageRGBD(): 8.75963ms
Frame 246 end
Average processing time of GrabImageRGBD(): 8.73707ms
Frame 247 end
Average processing time of GrabImageRGBD(): 8.73897ms
Frame 248 end
Average processing time of GrabImageRGBD(): 8.71672ms
Frame 249 end
Average processing time of GrabImageRGBD(): 8.71761ms
Frame 250 end
Average processing time of GrabImageRGBD(): 8.80715ms
Frame 251 end
Average processing time of GrabImageRGBD(): 8.81351ms
Frame 252 end
Average processing time of GrabImageRGBD(): 8.79097ms
Frame 253 end
Average processing time of GrabImageRGBD(): 8.77107ms
Frame 254 end
Average processing time of GrabImageRGBD(): 8.75851ms
Frame 255 end
Average processing time of GrabImageRGBD(): 8.76011ms
Frame 256 end
Average processing time of GrabImageRGBD(): 8.75432ms
Frame 257 end
Average processing time of GrabImageRGBD(): 8.82334ms
Frame 258 end
Average processing time of GrabImageRGBD(): 8.80621ms
Frame 259 end
Average processing time of GrabImageRGBD(): 8.78499ms
Frame 260 end
Average processing time of GrabImageRGBD(): 8.78797ms
Frame 261 end
Average processing time of GrabImageRGBD(): 8.76874ms
Frame 262 end
Average processing time of GrabImageRGBD(): 8.7499ms
Frame 263 end
Average processing time of GrabImageRGBD(): 8.7504ms
Frame 264 end
Average processing time of GrabImageRGBD(): 8.72882ms
Frame 265 end
Average processing time of GrabImageRGBD(): 8.72964ms
Frame 266 end
Average processing time of GrabImageRGBD(): 8.70957ms
Frame 267 end
Average processing time of GrabImageRGBD(): 8.7107ms
Frame 268 end
Average processing time of GrabImageRGBD(): 8.70948ms
Frame 269 end
Average processing time of GrabImageRGBD(): 8.69075ms
Frame 270 end
Average processing time of GrabImageRGBD(): 8.75927ms
Frame 271 end
Average processing time of GrabImageRGBD(): 8.74844ms
Frame 272 end
Average processing time of GrabImageRGBD(): 8.73136ms
Frame 273 end
Average processing time of GrabImageRGBD(): 8.71475ms
Frame 274 end
Average processing time of GrabImageRGBD(): 8.7152ms
Frame 275 end
Average processing time of GrabImageRGBD(): 8.70248ms
Frame 276 end
Average processing time of GrabImageRGBD(): 8.68338ms
Frame 277 end
Average processing time of GrabImageRGBD(): 8.6853ms
Frame 278 end
Average processing time of GrabImageRGBD(): 8.68453ms
Frame 279 end
Average processing time of GrabImageRGBD(): 8.66573ms
Frame 280 end
Average processing time of GrabImageRGBD(): 8.66526ms
Frame 281 end
Average processing time of GrabImageRGBD(): 8.6645ms
Frame 282 end
Average processing time of GrabImageRGBD(): 8.74088ms
Frame 283 end
Average processing time of GrabImageRGBD(): 8.73424ms
Frame 284 end
Average processing time of GrabImageRGBD(): 8.71473ms
Frame 285 end
Average processing time of GrabImageRGBD(): 8.69999ms
Frame 286 end
Average processing time of GrabImageRGBD(): 8.69764ms
Frame 287 end
Average processing time of GrabImageRGBD(): 8.76297ms
Frame 288 end
Average processing time of GrabImageRGBD(): 8.76787ms
Frame 289 end
Average processing time of GrabImageRGBD(): 8.75038ms
Frame 290 end
Average processing time of GrabImageRGBD(): 8.74734ms
Frame 291 end
Average processing time of GrabImageRGBD(): 8.7448ms
Frame 292 end
Average processing time of GrabImageRGBD(): 8.74176ms
Frame 293 end
Average processing time of GrabImageRGBD(): 8.81288ms
Frame 294 end
Average processing time of GrabImageRGBD(): 8.80224ms
Frame 295 end
Average processing time of GrabImageRGBD(): 8.78306ms
Frame 296 end
Average processing time of GrabImageRGBD(): 8.77124ms
Frame 297 end
Average processing time of GrabImageRGBD(): 8.77123ms
Frame 298 end
Average processing time of GrabImageRGBD(): 8.84295ms
Frame 299 end
Average processing time of GrabImageRGBD(): 8.84981ms
Frame 300 end
Average processing time of GrabImageRGBD(): 8.83209ms
Frame 301 end
Average processing time of GrabImageRGBD(): 8.83539ms
Frame 302 end
Average processing time of GrabImageRGBD(): 8.83479ms
Frame 303 end
Average processing time of GrabImageRGBD(): 8.81859ms
Frame 304 end
Average processing time of GrabImageRGBD(): 8.80556ms
Frame 305 end
Average processing time of GrabImageRGBD(): 8.79796ms
Frame 306 end
Average processing time of GrabImageRGBD(): 8.86847ms
Frame 307 end
Average processing time of GrabImageRGBD(): 8.86498ms
Frame 308 end
Average processing time of GrabImageRGBD(): 8.84701ms
Frame 309 end
Average processing time of GrabImageRGBD(): 8.83432ms
Frame 310 end
Average processing time of GrabImageRGBD(): 8.83414ms
Frame 311 end
Average processing time of GrabImageRGBD(): 8.83499ms
Frame 312 end
Average processing time of GrabImageRGBD(): 8.8348ms
Frame 313 end
Average processing time of GrabImageRGBD(): 8.81604ms
Frame 314 end
Average processing time of GrabImageRGBD(): 8.81595ms
Frame 315 end
Average processing time of GrabImageRGBD(): 8.79892ms
Frame 316 end
Average processing time of GrabImageRGBD(): 8.80024ms
Frame 317 end
Average processing time of GrabImageRGBD(): 8.85828ms
Frame 318 end
Average processing time of GrabImageRGBD(): 8.84377ms
Frame 319 end
Average processing time of GrabImageRGBD(): 8.8266ms
Frame 320 end
Average processing time of GrabImageRGBD(): 8.82927ms
Frame 321 end
Average processing time of GrabImageRGBD(): 8.81038ms
Frame 322 end
Average processing time of GrabImageRGBD(): 8.81015ms
Frame 323 end
Average processing time of GrabImageRGBD(): 8.79211ms
Frame 324 end
Average processing time of GrabImageRGBD(): 8.78898ms
Frame 325 end
Average processing time of GrabImageRGBD(): 8.78408ms
Frame 326 end
Average processing time of GrabImageRGBD(): 8.78411ms
Frame 327 end
Average processing time of GrabImageRGBD(): 8.87328ms
Frame 328 end
Average processing time of GrabImageRGBD(): 8.85978ms
Frame 329 end
Average processing time of GrabImageRGBD(): 8.84246ms
Frame 330 end
Average processing time of GrabImageRGBD(): 8.84333ms
Frame 331 end
Average processing time of GrabImageRGBD(): 8.83069ms
Frame 332 end
Average processing time of GrabImageRGBD(): 8.82327ms
Frame 333 end
Average processing time of GrabImageRGBD(): 8.8207ms
Frame 334 end
Average processing time of GrabImageRGBD(): 8.81124ms
Frame 335 end
Average processing time of GrabImageRGBD(): 8.81045ms
Frame 336 end
Average processing time of GrabImageRGBD(): 8.80856ms
Frame 337 end
Average processing time of GrabImageRGBD(): 8.80714ms
Frame 338 end
Average processing time of GrabImageRGBD(): 8.8705ms
Frame 339 end
Average processing time of GrabImageRGBD(): 8.87329ms
Frame 340 end
Average processing time of GrabImageRGBD(): 8.87489ms
Frame 341 end
Average processing time of GrabImageRGBD(): 8.85898ms
Frame 342 end
Average processing time of GrabImageRGBD(): 8.85669ms
Frame 343 end
Average processing time of GrabImageRGBD(): 8.91849ms
Frame 344 end
Average processing time of GrabImageRGBD(): 8.90678ms
Frame 345 end
Average processing time of GrabImageRGBD(): 8.89019ms
Frame 346 end
Average processing time of GrabImageRGBD(): 8.87523ms
Frame 347 end
Average processing time of GrabImageRGBD(): 8.86464ms
Frame 348 end
Average processing time of GrabImageRGBD(): 8.84783ms
Frame 349 end
Average processing time of GrabImageRGBD(): 8.83221ms
Frame 350 end
Average processing time of GrabImageRGBD(): 8.81631ms
Frame 351 end
Average processing time of GrabImageRGBD(): 8.81523ms
Frame 352 end
Average processing time of GrabImageRGBD(): 8.87712ms
Frame 353 end
Average processing time of GrabImageRGBD(): 8.86453ms
Frame 354 end
Average processing time of GrabImageRGBD(): 8.84852ms
Frame 355 end
Average processing time of GrabImageRGBD(): 8.84657ms
Frame 356 end
Average processing time of GrabImageRGBD(): 8.83447ms
Frame 357 end
Average processing time of GrabImageRGBD(): 8.91878ms
Frame 358 end
Average processing time of GrabImageRGBD(): 8.92183ms
Frame 359 end
Average processing time of GrabImageRGBD(): 8.90664ms
Frame 360 end
Average processing time of GrabImageRGBD(): 8.90656ms
Frame 361 end
Average processing time of GrabImageRGBD(): 8.90263ms
Frame 362 end
Average processing time of GrabImageRGBD(): 8.88668ms
Frame 363 end
Average processing time of GrabImageRGBD(): 8.94808ms
Frame 364 end
Average processing time of GrabImageRGBD(): 8.95003ms
Frame 365 end
Average processing time of GrabImageRGBD(): 8.93373ms
Frame 366 end
Average processing time of GrabImageRGBD(): 8.93549ms
Frame 367 end
Average processing time of GrabImageRGBD(): 8.93458ms
Frame 368 end
Average processing time of GrabImageRGBD(): 8.93197ms
Frame 369 end
Average processing time of GrabImageRGBD(): 8.92908ms
Frame 370 end
Average processing time of GrabImageRGBD(): 8.91368ms
Frame 371 end
Average processing time of GrabImageRGBD(): 8.90169ms
Frame 372 end
Average processing time of GrabImageRGBD(): 8.89932ms
Frame 373 end
Average processing time of GrabImageRGBD(): 8.89859ms
Frame 374 end
Average processing time of GrabImageRGBD(): 8.89755ms
Frame 375 end
Average processing time of GrabImageRGBD(): 8.89262ms
Frame 376 end
Average processing time of GrabImageRGBD(): 8.87982ms
Frame 377 end
Average processing time of GrabImageRGBD(): 8.87888ms
Frame 378 end
Average processing time of GrabImageRGBD(): 8.86433ms
Frame 379 end
Average processing time of GrabImageRGBD(): 8.84843ms
Frame 380 end
Average processing time of GrabImageRGBD(): 8.84224ms
Frame 381 end
Average processing time of GrabImageRGBD(): 8.84008ms
Frame 382 end
Average processing time of GrabImageRGBD(): 8.83896ms
Frame 383 end
Average processing time of GrabImageRGBD(): 8.83714ms
Frame 384 end
Average processing time of GrabImageRGBD(): 8.88839ms
Frame 385 end
Average processing time of GrabImageRGBD(): 8.88716ms
Frame 386 end
Average processing time of GrabImageRGBD(): 8.87238ms
Frame 387 end
Average processing time of GrabImageRGBD(): 8.87346ms
Frame 388 end
Average processing time of GrabImageRGBD(): 8.86021ms
Frame 389 end
Average processing time of GrabImageRGBD(): 8.86212ms
Frame 390 end
Average processing time of GrabImageRGBD(): 8.86153ms
Frame 391 end
Average processing time of GrabImageRGBD(): 8.84638ms
Frame 392 end
Average processing time of GrabImageRGBD(): 8.84082ms
Frame 393 end
Average processing time of GrabImageRGBD(): 8.8387ms
Frame 394 end
Average processing time of GrabImageRGBD(): 8.83342ms
Frame 395 end
Average processing time of GrabImageRGBD(): 8.82017ms
Frame 396 end
Average processing time of GrabImageRGBD(): 8.80681ms
Frame 397 end
Average processing time of GrabImageRGBD(): 8.79277ms
Frame 398 end
Average processing time of GrabImageRGBD(): 8.7916ms
Frame 399 end
Average processing time of GrabImageRGBD(): 8.7783ms
Frame 400 end
Average processing time of GrabImageRGBD(): 8.8281ms
Frame 401 end
Average processing time of GrabImageRGBD(): 8.82516ms
Frame 402 end
Average processing time of GrabImageRGBD(): 8.8105ms
Frame 403 end
Average processing time of GrabImageRGBD(): 8.81135ms
Frame 404 end
Average processing time of GrabImageRGBD(): 8.81149ms
Frame 405 end
Average processing time of GrabImageRGBD(): 8.80418ms
Frame 406 end
Average processing time of GrabImageRGBD(): 8.79757ms
Frame 407 end
Average processing time of GrabImageRGBD(): 8.78353ms
Frame 408 end
Average processing time of GrabImageRGBD(): 8.78316ms
Frame 409 end
Average processing time of GrabImageRGBD(): 8.78147ms
Frame 410 end
Average processing time of GrabImageRGBD(): 8.77962ms
Frame 411 end
Average processing time of GrabImageRGBD(): 8.77736ms
Frame 412 end
Average processing time of GrabImageRGBD(): 8.83185ms
Frame 413 end
Average processing time of GrabImageRGBD(): 8.82895ms
Frame 414 end
Average processing time of GrabImageRGBD(): 8.81544ms
Frame 415 end
Average processing time of GrabImageRGBD(): 8.81583ms
Frame 416 end
Average processing time of GrabImageRGBD(): 8.81625ms
Frame 417 end
Average processing time of GrabImageRGBD(): 8.81684ms
Frame 418 end
Average processing time of GrabImageRGBD(): 8.8169ms
Frame 419 end
Average processing time of GrabImageRGBD(): 8.80488ms
Frame 420 end
Average processing time of GrabImageRGBD(): 8.80398ms
Frame 421 end
Average processing time of GrabImageRGBD(): 8.80399ms
Frame 422 end
Average processing time of GrabImageRGBD(): 8.78988ms
Frame 423 end
Average processing time of GrabImageRGBD(): 8.77737ms
Frame 424 end
Average processing time of GrabImageRGBD(): 8.77574ms
Frame 425 end
Average processing time of GrabImageRGBD(): 8.76254ms
Frame 426 end
Average processing time of GrabImageRGBD(): 8.75988ms
Frame 427 end
Average processing time of GrabImageRGBD(): 8.74968ms
Frame 428 end
Average processing time of GrabImageRGBD(): 8.74803ms
Frame 429 end
Average processing time of GrabImageRGBD(): 8.74705ms
Frame 430 end
Average processing time of GrabImageRGBD(): 8.73383ms
Frame 431 end
Average processing time of GrabImageRGBD(): 8.72158ms
Frame 432 end
Average processing time of GrabImageRGBD(): 8.76403ms
Frame 433 end
Average processing time of GrabImageRGBD(): 8.76455ms
Frame 434 end
Average processing time of GrabImageRGBD(): 8.75118ms
Frame 435 end
Average processing time of GrabImageRGBD(): 8.74901ms
Frame 436 end
Average processing time of GrabImageRGBD(): 8.73728ms
Frame 437 end
Average processing time of GrabImageRGBD(): 8.78626ms
Frame 438 end
Average processing time of GrabImageRGBD(): 8.78945ms
Frame 439 end
Average processing time of GrabImageRGBD(): 8.79382ms
Frame 440 end
Average processing time of GrabImageRGBD(): 8.78752ms
Frame 441 end
Average processing time of GrabImageRGBD(): 8.78733ms
Frame 442 end
Average processing time of GrabImageRGBD(): 8.83702ms
Frame 443 end
Average processing time of GrabImageRGBD(): 8.82665ms
Frame 444 end
Average processing time of GrabImageRGBD(): 8.81415ms
Frame 445 end
Average processing time of GrabImageRGBD(): 8.80328ms
Frame 446 end
Average processing time of GrabImageRGBD(): 8.79608ms
Frame 447 end
Average processing time of GrabImageRGBD(): 8.83997ms
Frame 448 end
Average processing time of GrabImageRGBD(): 8.8413ms
Frame 449 end
Average processing time of GrabImageRGBD(): 8.83018ms
Frame 450 end
Average processing time of GrabImageRGBD(): 8.82669ms
Frame 451 end
Average processing time of GrabImageRGBD(): 8.82874ms
Frame 452 end
Average processing time of GrabImageRGBD(): 8.88058ms
Frame 453 end
Average processing time of GrabImageRGBD(): 8.88449ms
Frame 454 end
Average processing time of GrabImageRGBD(): 8.87374ms
Frame 455 end
Average processing time of GrabImageRGBD(): 8.87683ms
Frame 456 end
Average processing time of GrabImageRGBD(): 8.8756ms
Frame 457 end
Average processing time of GrabImageRGBD(): 8.86318ms
Frame 458 end
Average processing time of GrabImageRGBD(): 8.9084ms
Frame 459 end
Average processing time of GrabImageRGBD(): 8.91251ms
Frame 460 end
Average processing time of GrabImageRGBD(): 8.90875ms
Frame 461 end
Average processing time of GrabImageRGBD(): 8.89817ms
Frame 462 end
Average processing time of GrabImageRGBD(): 8.88691ms
Frame 463 end
Average processing time of GrabImageRGBD(): 8.87884ms
Frame 464 end
Average processing time of GrabImageRGBD(): 8.91897ms
Frame 465 end
Average processing time of GrabImageRGBD(): 8.90898ms
Frame 466 end
Average processing time of GrabImageRGBD(): 8.89707ms
Frame 467 end
Average processing time of GrabImageRGBD(): 8.89451ms
Frame 468 end
Average processing time of GrabImageRGBD(): 8.88392ms
Frame 469 end
Average processing time of GrabImageRGBD(): 8.87539ms
Frame 470 end
Average processing time of GrabImageRGBD(): 8.87636ms
Frame 471 end
Average processing time of GrabImageRGBD(): 8.87434ms
Frame 472 end
Average processing time of GrabImageRGBD(): 8.8738ms
Frame 473 end
Average processing time of GrabImageRGBD(): 8.86234ms
Frame 474 end
Average processing time of GrabImageRGBD(): 8.90305ms
Frame 475 end
Average processing time of GrabImageRGBD(): 8.90669ms
Frame 476 end
Average processing time of GrabImageRGBD(): 8.90915ms
Frame 477 end
Average processing time of GrabImageRGBD(): 8.90735ms
Frame 478 end
Average processing time of GrabImageRGBD(): 8.93894ms
Frame 479 end
Average processing time of GrabImageRGBD(): 8.9366ms
Frame 480 end
Average processing time of GrabImageRGBD(): 8.9323ms
Frame 481 end
Average processing time of GrabImageRGBD(): 8.97657ms
Frame 482 end
Average processing time of GrabImageRGBD(): 8.97828ms
Frame 483 end
Average processing time of GrabImageRGBD(): 8.98036ms
Frame 484 end
Average processing time of GrabImageRGBD(): 8.97936ms
Frame 485 end
Average processing time of GrabImageRGBD(): 8.96803ms
Frame 486 end
Average processing time of GrabImageRGBD(): 8.96478ms
Frame 487 end
Average processing time of GrabImageRGBD(): 9.00332ms
Frame 488 end
Average processing time of GrabImageRGBD(): 8.99373ms
Frame 489 end
Average processing time of GrabImageRGBD(): 8.98171ms
Frame 490 end
Average processing time of GrabImageRGBD(): 8.97005ms
Frame 491 end
Average processing time of GrabImageRGBD(): 8.96321ms
Frame 492 end
Average processing time of GrabImageRGBD(): 8.95258ms
Frame 493 end
Average processing time of GrabImageRGBD(): 8.944ms
Frame 494 end
Average processing time of GrabImageRGBD(): 8.93298ms
Frame 495 end
Average processing time of GrabImageRGBD(): 8.92184ms
Frame 496 end
Average processing time of GrabImageRGBD(): 8.90948ms
Frame 497 end
Average processing time of GrabImageRGBD(): 8.95419ms
Frame 498 end
Average processing time of GrabImageRGBD(): 8.95589ms
Frame 499 end
Average processing time of GrabImageRGBD(): 8.95209ms
Frame 500 end
Average processing time of GrabImageRGBD(): 8.95013ms
Frame 501 end
Average processing time of GrabImageRGBD(): 8.94785ms
Frame 502 end
Average processing time of GrabImageRGBD(): 8.93664ms
Frame 503 end
Average processing time of GrabImageRGBD(): 8.98121ms
Frame 504 end
Average processing time of GrabImageRGBD(): 8.97505ms
Frame 505 end
Average processing time of GrabImageRGBD(): 8.96275ms
Frame 506 end
Average processing time of GrabImageRGBD(): 8.96087ms
Frame 507 end
Average processing time of GrabImageRGBD(): 8.96033ms
Frame 508 end
Average processing time of GrabImageRGBD(): 8.95848ms
Frame 509 end
Average processing time of GrabImageRGBD(): 8.99767ms
Frame 510 end
Average processing time of GrabImageRGBD(): 8.98788ms
Frame 511 end
Average processing time of GrabImageRGBD(): 8.99166ms
Frame 512 end
Average processing time of GrabImageRGBD(): 8.98131ms
Frame 513 end
Average processing time of GrabImageRGBD(): 8.97096ms
Frame 514 end
Average processing time of GrabImageRGBD(): 8.96762ms
Frame 515 end
Average processing time of GrabImageRGBD(): 8.95733ms
Frame 516 end
Average processing time of GrabImageRGBD(): 8.99891ms
Frame 517 end
Average processing time of GrabImageRGBD(): 9.0012ms
Frame 518 end
Average processing time of GrabImageRGBD(): 8.99068ms
Frame 519 end
Average processing time of GrabImageRGBD(): 8.99072ms
Frame 520 end
Average processing time of GrabImageRGBD(): 8.98094ms
Frame 521 end
Average processing time of GrabImageRGBD(): 8.98204ms
Frame 522 end
Average processing time of GrabImageRGBD(): 8.9701ms
Frame 523 end
Average processing time of GrabImageRGBD(): 9.00556ms
Frame 524 end
Average processing time of GrabImageRGBD(): 9.00869ms
Frame 525 end
Average processing time of GrabImageRGBD(): 9.00912ms
Frame 526 end
Average processing time of GrabImageRGBD(): 8.99795ms
Frame 527 end
Average processing time of GrabImageRGBD(): 9.00005ms
Frame 528 end
Average processing time of GrabImageRGBD(): 9.00064ms
Frame 529 end
Average processing time of GrabImageRGBD(): 8.99649ms
Frame 530 end
Average processing time of GrabImageRGBD(): 9.03905ms
Frame 531 end
Average processing time of GrabImageRGBD(): 9.03381ms
Frame 532 end
Average processing time of GrabImageRGBD(): 9.02555ms
Frame 533 end
Average processing time of GrabImageRGBD(): 9.026ms
Frame 534 end
Average processing time of GrabImageRGBD(): 9.01855ms
Frame 535 end
Average processing time of GrabImageRGBD(): 9.01197ms
Frame 536 end
Average processing time of GrabImageRGBD(): 9.00219ms
Frame 537 end
Average processing time of GrabImageRGBD(): 9.04994ms
Frame 538 end
Average processing time of GrabImageRGBD(): 9.04894ms
Frame 539 end
Average processing time of GrabImageRGBD(): 9.04591ms
Frame 540 end
Average processing time of GrabImageRGBD(): 9.04496ms
Frame 541 end
Average processing time of GrabImageRGBD(): 9.03832ms
Frame 542 end
Average processing time of GrabImageRGBD(): 9.03725ms
Frame 543 end
Average processing time of GrabImageRGBD(): 9.03683ms
Frame 544 end
Average processing time of GrabImageRGBD(): 9.09501ms
Frame 545 end
Average processing time of GrabImageRGBD(): 9.08637ms
Frame 546 end
Average processing time of GrabImageRGBD(): 9.07554ms
Frame 547 end
Average processing time of GrabImageRGBD(): 9.0766ms
Frame 548 end
Average processing time of GrabImageRGBD(): 9.07474ms
Frame 549 end
Average processing time of GrabImageRGBD(): 9.11384ms
Frame 550 end
Average processing time of GrabImageRGBD(): 9.11463ms
Frame 551 end
Average processing time of GrabImageRGBD(): 9.1135ms
Frame 552 end
Average processing time of GrabImageRGBD(): 9.10276ms
Frame 553 end
Average processing time of GrabImageRGBD(): 9.1014ms
Frame 554 end
Average processing time of GrabImageRGBD(): 9.09965ms
Frame 555 end
Average processing time of GrabImageRGBD(): 9.09735ms
Frame 556 end
Average processing time of GrabImageRGBD(): 9.13502ms
Frame 557 end
Average processing time of GrabImageRGBD(): 9.13341ms
Frame 558 end
Average processing time of GrabImageRGBD(): 9.13259ms
Frame 559 end
Average processing time of GrabImageRGBD(): 9.12585ms
Frame 560 end
Average processing time of GrabImageRGBD(): 9.1161ms
Frame 561 end
Average processing time of GrabImageRGBD(): 9.11593ms
Frame 562 end
Average processing time of GrabImageRGBD(): 9.11332ms
Frame 563 end
Average processing time of GrabImageRGBD(): 9.15115ms
Frame 564 end
Average processing time of GrabImageRGBD(): 9.14637ms
Frame 565 end
Average processing time of GrabImageRGBD(): 9.14072ms
Frame 566 end
Average processing time of GrabImageRGBD(): 9.13103ms
Frame 567 end
Average processing time of GrabImageRGBD(): 9.12918ms
Frame 568 end
Average processing time of GrabImageRGBD(): 9.11958ms
Frame 569 end
Average processing time of GrabImageRGBD(): 9.10944ms
Frame 570 end
Average processing time of GrabImageRGBD(): 9.14367ms
Frame 571 end
Average processing time of GrabImageRGBD(): 9.14261ms
Frame 572 end
Average processing time of GrabImageRGBD(): 9.13245ms
Frame 573 end
Average processing time of GrabImageRGBD(): 9.12341ms
Frame 574 end
Average processing time of GrabImageRGBD(): 9.12276ms
Frame 575 end
Average processing time of GrabImageRGBD(): 9.11264ms
Frame 576 end
Average processing time of GrabImageRGBD(): 9.11171ms
Frame 577 end
Average processing time of GrabImageRGBD(): 9.10733ms
Frame 578 end
Average processing time of GrabImageRGBD(): 9.15986ms
Frame 579 end
Average processing time of GrabImageRGBD(): 9.15128ms
Frame 580 end
Average processing time of GrabImageRGBD(): 9.1504ms
Frame 581 end
Average processing time of GrabImageRGBD(): 9.15066ms
Frame 582 end
Average processing time of GrabImageRGBD(): 9.14874ms
Frame 583 end
Average processing time of GrabImageRGBD(): 9.14738ms
Frame 584 end
Average processing time of GrabImageRGBD(): 9.13667ms
Frame 585 end
Average processing time of GrabImageRGBD(): 9.13489ms
Frame 586 end
Average processing time of GrabImageRGBD(): 9.16689ms
Frame 587 end
Average processing time of GrabImageRGBD(): 9.17047ms
Frame 588 end
Average processing time of GrabImageRGBD(): 9.16841ms
Frame 589 end
Average processing time of GrabImageRGBD(): 9.15841ms
Frame 590 end
Average processing time of GrabImageRGBD(): 9.15604ms
Frame 591 end
Average processing time of GrabImageRGBD(): 9.15407ms
Frame 592 end
Average processing time of GrabImageRGBD(): 9.15171ms
Frame 593 end
Average processing time of GrabImageRGBD(): 9.14396ms
Frame 594 end
Average processing time of GrabImageRGBD(): 9.17322ms
Frame 595 end
Average processing time of GrabImageRGBD(): 9.17339ms
Frame 596 end
Average processing time of GrabImageRGBD(): 9.17199ms
Frame 597 end
Average processing time of GrabImageRGBD(): 9.16437ms
Frame 598 end
Average processing time of GrabImageRGBD(): 9.15492ms
Frame 599 end
Average processing time of GrabImageRGBD(): 9.14558ms
Frame 600 end
Average processing time of GrabImageRGBD(): 9.13995ms
Frame 601 end
Average processing time of GrabImageRGBD(): 9.13098ms
Frame 602 end
Average processing time of GrabImageRGBD(): 9.16028ms
Frame 603 end
Average processing time of GrabImageRGBD(): 9.16074ms
Frame 604 end
Average processing time of GrabImageRGBD(): 9.15828ms
Frame 605 end
Average processing time of GrabImageRGBD(): 9.14893ms
Frame 606 end
Average processing time of GrabImageRGBD(): 9.1395ms
Frame 607 end
Average processing time of GrabImageRGBD(): 9.13281ms
Frame 608 end
Average processing time of GrabImageRGBD(): 9.13052ms
Frame 609 end
Average processing time of GrabImageRGBD(): 9.12054ms
Frame 610 end
Average processing time of GrabImageRGBD(): 9.15454ms
Frame 611 end
Average processing time of GrabImageRGBD(): 9.14944ms
Frame 612 end
Average processing time of GrabImageRGBD(): 9.14017ms
Frame 613 end
Average processing time of GrabImageRGBD(): 9.13925ms
Frame 614 end
Average processing time of GrabImageRGBD(): 9.1331ms
Frame 615 end
Average processing time of GrabImageRGBD(): 9.12371ms
Frame 616 end
Average processing time of GrabImageRGBD(): 9.12015ms
Frame 617 end
Average processing time of GrabImageRGBD(): 9.11061ms
Frame 618 end
Average processing time of GrabImageRGBD(): 9.13973ms
Frame 619 end
Average processing time of GrabImageRGBD(): 9.141ms
Frame 620 end
Average processing time of GrabImageRGBD(): 9.13482ms
Frame 621 end
Average processing time of GrabImageRGBD(): 9.12538ms
Frame 622 end
Average processing time of GrabImageRGBD(): 9.12381ms
Frame 623 end
Average processing time of GrabImageRGBD(): 9.11718ms
Frame 624 end
Average processing time of GrabImageRGBD(): 9.11452ms
Frame 625 end
Average processing time of GrabImageRGBD(): 9.10513ms
Frame 626 end
Average processing time of GrabImageRGBD(): 9.09498ms
Frame 627 end
Average processing time of GrabImageRGBD(): 9.08771ms
Frame 628 end
Average processing time of GrabImageRGBD(): 9.08505ms
Frame 629 end
Average processing time of GrabImageRGBD(): 9.07586ms
Frame 630 end
Average processing time of GrabImageRGBD(): 9.07404ms
Frame 631 end
Average processing time of GrabImageRGBD(): 9.0647ms
Frame 632 end
Average processing time of GrabImageRGBD(): 9.06187ms
Frame 633 end
Average processing time of GrabImageRGBD(): 9.05938ms
Frame 634 end
Average processing time of GrabImageRGBD(): 9.05702ms
Frame 635 end
Average processing time of GrabImageRGBD(): 9.04876ms
Frame 636 end
Average processing time of GrabImageRGBD(): 9.08083ms
Frame 637 end
Average processing time of GrabImageRGBD(): 9.08177ms
Frame 638 end
Average processing time of GrabImageRGBD(): 9.08064ms
Frame 639 end
Average processing time of GrabImageRGBD(): 9.08046ms
Frame 640 end
Average processing time of GrabImageRGBD(): 9.0791ms
Frame 641 end
Average processing time of GrabImageRGBD(): 9.07036ms
Frame 642 end
Average processing time of GrabImageRGBD(): 9.06986ms
Frame 643 end
Average processing time of GrabImageRGBD(): 9.06109ms
Frame 644 end
Average processing time of GrabImageRGBD(): 9.09573ms
Frame 645 end
Average processing time of GrabImageRGBD(): 9.09681ms
Frame 646 end
Average processing time of GrabImageRGBD(): 9.08847ms
Frame 647 end
Average processing time of GrabImageRGBD(): 9.08824ms
Frame 648 end
Average processing time of GrabImageRGBD(): 9.08715ms
Frame 649 end
Average processing time of GrabImageRGBD(): 9.08599ms
Frame 650 end
Average processing time of GrabImageRGBD(): 9.07893ms
Frame 651 end
Average processing time of GrabImageRGBD(): 9.07814ms
Frame 652 end
Average processing time of GrabImageRGBD(): 9.06974ms
Frame 653 end
Average processing time of GrabImageRGBD(): 9.06839ms
Frame 654 end
Average processing time of GrabImageRGBD(): 9.06708ms
Frame 655 end
Average processing time of GrabImageRGBD(): 9.05954ms
Frame 656 end
Average processing time of GrabImageRGBD(): 9.05479ms
Frame 657 end
Average processing time of GrabImageRGBD(): 9.04863ms
Frame 658 end
Average processing time of GrabImageRGBD(): 9.0473ms
Frame 659 end
Average processing time of GrabImageRGBD(): 9.03834ms
Frame 660 end
Average processing time of GrabImageRGBD(): 9.02954ms
Frame 661 end
Average processing time of GrabImageRGBD(): 9.02388ms
Frame 662 end
Average processing time of GrabImageRGBD(): 9.0225ms
Frame 663 end
Average processing time of GrabImageRGBD(): 9.02064ms
Frame 664 end
Average processing time of GrabImageRGBD(): 9.01285ms
Frame 665 end
Average processing time of GrabImageRGBD(): 9.00395ms
Frame 666 end
Average processing time of GrabImageRGBD(): 9.00281ms
Frame 667 end
Average processing time of GrabImageRGBD(): 8.99482ms
Frame 668 end
Average processing time of GrabImageRGBD(): 9.02121ms
Frame 669 end
Average processing time of GrabImageRGBD(): 9.02228ms
Frame 670 end
Average processing time of GrabImageRGBD(): 9.01325ms
Frame 671 end
Average processing time of GrabImageRGBD(): 9.00484ms
Frame 672 end
Average processing time of GrabImageRGBD(): 9.00389ms
Frame 673 end
Average processing time of GrabImageRGBD(): 9.00069ms
Frame 674 end
Average processing time of GrabImageRGBD(): 8.99942ms
Frame 675 end
Average processing time of GrabImageRGBD(): 8.99102ms
Frame 676 end
Average processing time of GrabImageRGBD(): 8.98868ms
Frame 677 end
Average processing time of GrabImageRGBD(): 9.01738ms
Frame 678 end
Average processing time of GrabImageRGBD(): 9.01058ms
Frame 679 end
Average processing time of GrabImageRGBD(): 9.00994ms
Frame 680 end
Average processing time of GrabImageRGBD(): 9.0097ms
Frame 681 end
Average processing time of GrabImageRGBD(): 9.00401ms
Frame 682 end
Average processing time of GrabImageRGBD(): 8.99584ms
Frame 683 end
Average processing time of GrabImageRGBD(): 8.99476ms
Frame 684 end
Average processing time of GrabImageRGBD(): 8.98916ms
Frame 685 end
Average processing time of GrabImageRGBD(): 8.98936ms
Frame 686 end
Average processing time of GrabImageRGBD(): 8.98124ms
Frame 687 end
Average processing time of GrabImageRGBD(): 8.98021ms
Frame 688 end
Average processing time of GrabImageRGBD(): 8.97899ms
Frame 689 end
Average processing time of GrabImageRGBD(): 8.97308ms
Frame 690 end
Average processing time of GrabImageRGBD(): 8.96723ms
Frame 691 end
Average processing time of GrabImageRGBD(): 8.96632ms
Frame 692 end
Average processing time of GrabImageRGBD(): 8.96113ms
Frame 693 end
Average processing time of GrabImageRGBD(): 8.95495ms
Frame 694 end
Average processing time of GrabImageRGBD(): 8.9534ms
Frame 695 end
Average processing time of GrabImageRGBD(): 8.94575ms
Frame 696 end
Average processing time of GrabImageRGBD(): 8.94437ms
Frame 697 end
Average processing time of GrabImageRGBD(): 8.93947ms
Frame 698 end
Average processing time of GrabImageRGBD(): 8.93897ms
Frame 699 end
Average processing time of GrabImageRGBD(): 8.93231ms
Frame 700 end
Average processing time of GrabImageRGBD(): 8.92405ms
Frame 701 end
Average processing time of GrabImageRGBD(): 8.95563ms
Frame 702 end
Average processing time of GrabImageRGBD(): 8.95058ms
Frame 703 end
Average processing time of GrabImageRGBD(): 8.94307ms
Frame 704 end
Average processing time of GrabImageRGBD(): 8.93533ms
Frame 705 end
Average processing time of GrabImageRGBD(): 8.9333ms
Frame 706 end
Average processing time of GrabImageRGBD(): 8.93122ms
Frame 707 end
Average processing time of GrabImageRGBD(): 8.93024ms
Frame 708 end
Average processing time of GrabImageRGBD(): 8.92267ms
Frame 709 end
Average processing time of GrabImageRGBD(): 8.92034ms
Frame 710 end
Average processing time of GrabImageRGBD(): 8.95052ms
Frame 711 end
Average processing time of GrabImageRGBD(): 8.95009ms
Frame 712 end
Average processing time of GrabImageRGBD(): 8.94545ms
Frame 713 end
Average processing time of GrabImageRGBD(): 8.94582ms
Frame 714 end
Average processing time of GrabImageRGBD(): 8.94533ms
Frame 715 end
Average processing time of GrabImageRGBD(): 8.93773ms
Frame 716 end
Average processing time of GrabImageRGBD(): 8.9375ms
Frame 717 end
Average processing time of GrabImageRGBD(): 8.93528ms
Frame 718 end
Average processing time of GrabImageRGBD(): 8.96114ms
Frame 719 end
Average processing time of GrabImageRGBD(): 8.96261ms
Frame 720 end
Average processing time of GrabImageRGBD(): 8.9631ms
Frame 721 end
Average processing time of GrabImageRGBD(): 8.96446ms
Frame 722 end
Average processing time of GrabImageRGBD(): 8.95743ms
Frame 723 end
Average processing time of GrabImageRGBD(): 8.94957ms
Frame 724 end
Average processing time of GrabImageRGBD(): 8.94226ms
Frame 725 end
Average processing time of GrabImageRGBD(): 8.94139ms
Frame 726 end
Average processing time of GrabImageRGBD(): 8.97215ms
Frame 727 end
Average processing time of GrabImageRGBD(): 8.9696ms
Frame 728 end
Average processing time of GrabImageRGBD(): 8.96544ms
Frame 729 end
Average processing time of GrabImageRGBD(): 8.96608ms
Frame 730 end
Average processing time of GrabImageRGBD(): 8.96592ms
Frame 731 end
Average processing time of GrabImageRGBD(): 8.96557ms
Frame 732 end
Average processing time of GrabImageRGBD(): 8.96313ms
Frame 733 end
Average processing time of GrabImageRGBD(): 8.95597ms
Frame 734 end
Average processing time of GrabImageRGBD(): 8.9546ms
Frame 735 end
Average processing time of GrabImageRGBD(): 8.98432ms
Frame 736 end
Average processing time of GrabImageRGBD(): 8.97824ms
Frame 737 end
Average processing time of GrabImageRGBD(): 8.97835ms
Frame 738 end
Average processing time of GrabImageRGBD(): 8.971ms
Frame 739 end
Average processing time of GrabImageRGBD(): 8.96353ms
Frame 740 end
Average processing time of GrabImageRGBD(): 8.95877ms
Frame 741 end
Average processing time of GrabImageRGBD(): 8.95366ms
Frame 742 end
Average processing time of GrabImageRGBD(): 8.95231ms
Frame 743 end
Average processing time of GrabImageRGBD(): 8.95218ms
Frame 744 end
Average processing time of GrabImageRGBD(): 8.95072ms
Frame 745 end
Average processing time of GrabImageRGBD(): 8.97804ms
Frame 746 end
Average processing time of GrabImageRGBD(): 8.97867ms
Frame 747 end
Average processing time of GrabImageRGBD(): 8.97418ms
Frame 748 end
Average processing time of GrabImageRGBD(): 8.97365ms
Frame 749 end
Average processing time of GrabImageRGBD(): 8.97295ms
Frame 750 end
Average processing time of GrabImageRGBD(): 8.97204ms
Frame 751 end
Average processing time of GrabImageRGBD(): 8.96785ms
Frame 752 end
Average processing time of GrabImageRGBD(): 8.96708ms
Frame 753 end
Average processing time of GrabImageRGBD(): 8.9595ms
Frame 754 end
Average processing time of GrabImageRGBD(): 8.95332ms
Frame 755 end
Average processing time of GrabImageRGBD(): 8.97953ms
Frame 756 end
Average processing time of GrabImageRGBD(): 8.97358ms
Frame 757 end
Average processing time of GrabImageRGBD(): 8.97332ms
Frame 758 end
Average processing time of GrabImageRGBD(): 8.97316ms
Frame 759 end
Average processing time of GrabImageRGBD(): 8.97248ms
Frame 760 end
Average processing time of GrabImageRGBD(): 8.96979ms
Frame 761 end
Average processing time of GrabImageRGBD(): 8.96829ms
Frame 762 end
Average processing time of GrabImageRGBD(): 8.96844ms
Frame 763 end
Average processing time of GrabImageRGBD(): 8.9665ms
Frame 764 end
Average processing time of GrabImageRGBD(): 8.95888ms
Frame 765 end
Average processing time of GrabImageRGBD(): 8.95128ms
Frame 766 end
Average processing time of GrabImageRGBD(): 8.98046ms
Frame 767 end
Average processing time of GrabImageRGBD(): 8.97454ms
Frame 768 end
Average processing time of GrabImageRGBD(): 8.97354ms
Frame 769 end
Average processing time of GrabImageRGBD(): 8.96757ms
Frame 770 end
Average processing time of GrabImageRGBD(): 8.95992ms
Frame 771 end
Average processing time of GrabImageRGBD(): 8.95887ms
Frame 772 end
Average processing time of GrabImageRGBD(): 8.9554ms
Frame 773 end
Average processing time of GrabImageRGBD(): 8.95285ms
Frame 774 end
Average processing time of GrabImageRGBD(): 8.95068ms
Frame 775 end
Average processing time of GrabImageRGBD(): 8.94479ms
Frame 776 end
Average processing time of GrabImageRGBD(): 8.93947ms
Frame 777 end
Average processing time of GrabImageRGBD(): 8.96455ms
Frame 778 end
Average processing time of GrabImageRGBD(): 8.96538ms
Frame 779 end
Average processing time of GrabImageRGBD(): 8.95997ms
Frame 780 end
Average processing time of GrabImageRGBD(): 8.95311ms
Frame 781 end
Average processing time of GrabImageRGBD(): 8.94589ms
Frame 782 end
Average processing time of GrabImageRGBD(): 8.94475ms
Frame 783 end
Average processing time of GrabImageRGBD(): 8.94202ms
Frame 784 end
Average processing time of GrabImageRGBD(): 8.93512ms
Frame 785 end
Average processing time of GrabImageRGBD(): 8.933ms
Frame 786 end
Average processing time of GrabImageRGBD(): 8.9308ms
Frame 787 end
Average processing time of GrabImageRGBD(): 8.92829ms
Frame 788 end
Average processing time of GrabImageRGBD(): 8.9564ms
Frame 789 end
Average processing time of GrabImageRGBD(): 8.95041ms
Frame 790 end
Average processing time of GrabImageRGBD(): 8.94338ms
Frame 791 end
Average processing time of GrabImageRGBD(): 8.93733ms
Frame 792 end
Average processing time of GrabImageRGBD(): 8.93244ms
Frame 793 end
Average processing time of GrabImageRGBD(): 8.92556ms
Frame 794 end
Average processing time of GrabImageRGBD(): 8.91844ms
Frame 795 end
Average processing time of GrabImageRGBD(): 8.91147ms
Frame 796 end
Average processing time of GrabImageRGBD(): 8.90954ms
Frame 797 end
Average processing time of GrabImageRGBD(): 8.90255ms
Frame 798 end
Average processing time of GrabImageRGBD(): 8.90116ms
Frame 799 end
Average processing time of GrabImageRGBD(): 8.89843ms
Frame 800 end
Average processing time of GrabImageRGBD(): 8.92701ms
Frame 801 end
Average processing time of GrabImageRGBD(): 8.92136ms
Frame 802 end
Average processing time of GrabImageRGBD(): 8.92109ms
Frame 803 end
Average processing time of GrabImageRGBD(): 8.91834ms
Frame 804 end
Average processing time of GrabImageRGBD(): 8.916ms
Frame 805 end
Average processing time of GrabImageRGBD(): 8.91264ms
Frame 806 end
Average processing time of GrabImageRGBD(): 8.91035ms
Frame 807 end
Average processing time of GrabImageRGBD(): 8.90541ms
Frame 808 end
Average processing time of GrabImageRGBD(): 8.89816ms
Frame 809 end
Average processing time of GrabImageRGBD(): 8.89705ms
Frame 810 end
Average processing time of GrabImageRGBD(): 8.89446ms
Frame 811 end
Average processing time of GrabImageRGBD(): 8.88737ms
Frame 812 end
Average processing time of GrabImageRGBD(): 8.91343ms
Frame 813 end
Average processing time of GrabImageRGBD(): 8.90753ms
Frame 814 end
Average processing time of GrabImageRGBD(): 8.9015ms
Frame 815 end
Average processing time of GrabImageRGBD(): 8.8967ms
Frame 816 end
Average processing time of GrabImageRGBD(): 8.89259ms
Frame 817 end
Average processing time of GrabImageRGBD(): 8.88646ms
Frame 818 end
Average processing time of GrabImageRGBD(): 8.88174ms
Frame 819 end
Average processing time of GrabImageRGBD(): 8.87502ms
Frame 820 end
Average processing time of GrabImageRGBD(): 8.87117ms
Frame 821 end
Average processing time of GrabImageRGBD(): 8.86455ms
Frame 822 end
Average processing time of GrabImageRGBD(): 8.86203ms
Frame 823 end
Average processing time of GrabImageRGBD(): 8.85526ms
Frame 824 end
Average processing time of GrabImageRGBD(): 8.84842ms
Frame 825 end
Average processing time of GrabImageRGBD(): 8.87257ms
Frame 826 end
Average processing time of GrabImageRGBD(): 8.87686ms
Frame 827 end
Average processing time of GrabImageRGBD(): 8.87017ms
Frame 828 end
Average processing time of GrabImageRGBD(): 8.86649ms
Frame 829 end
Average processing time of GrabImageRGBD(): 8.85954ms
Frame 830 end
Average processing time of GrabImageRGBD(): 8.85268ms
Frame 831 end
Average processing time of GrabImageRGBD(): 8.84572ms
Frame 832 end
Average processing time of GrabImageRGBD(): 8.84271ms
Frame 833 end
Average processing time of GrabImageRGBD(): 8.83743ms
Frame 834 end
Average processing time of GrabImageRGBD(): 8.83122ms
Frame 835 end
Average processing time of GrabImageRGBD(): 8.82825ms
Frame 836 end
Average processing time of GrabImageRGBD(): 8.82135ms
Frame 837 end
Average processing time of GrabImageRGBD(): 8.81548ms
Frame 838 end
Average processing time of GrabImageRGBD(): 8.83929ms
Frame 839 end
Average processing time of GrabImageRGBD(): 8.83974ms
Frame 840 end
Average processing time of GrabImageRGBD(): 8.83872ms
Frame 841 end
Average processing time of GrabImageRGBD(): 8.83723ms
Frame 842 end
Average processing time of GrabImageRGBD(): 8.83608ms
Frame 843 end
Average processing time of GrabImageRGBD(): 8.82964ms
Frame 844 end
Average processing time of GrabImageRGBD(): 8.82295ms
Frame 845 end
Average processing time of GrabImageRGBD(): 8.8214ms
Frame 846 end
Average processing time of GrabImageRGBD(): 8.81494ms
Frame 847 end
Average processing time of GrabImageRGBD(): 8.81483ms
Frame 848 end
Average processing time of GrabImageRGBD(): 8.80822ms
Frame 849 end
Average processing time of GrabImageRGBD(): 8.80606ms
Frame 850 end
Average processing time of GrabImageRGBD(): 8.79973ms
Frame 851 end
Average processing time of GrabImageRGBD(): 8.79751ms
Frame 852 end
Average processing time of GrabImageRGBD(): 8.82257ms
Frame 853 end
Average processing time of GrabImageRGBD(): 8.81708ms
Frame 854 end
Average processing time of GrabImageRGBD(): 8.8166ms
Frame 855 end
Average processing time of GrabImageRGBD(): 8.81385ms
Frame 856 end
Average processing time of GrabImageRGBD(): 8.80775ms
Frame 857 end
Average processing time of GrabImageRGBD(): 8.80708ms
Frame 858 end
Average processing time of GrabImageRGBD(): 8.80319ms
Frame 859 end
Average processing time of GrabImageRGBD(): 8.79828ms
Frame 860 end
Average processing time of GrabImageRGBD(): 8.79203ms
Frame 861 end
Average processing time of GrabImageRGBD(): 8.79075ms
Frame 862 end
Average processing time of GrabImageRGBD(): 8.78893ms
Frame 863 end
Average processing time of GrabImageRGBD(): 8.78803ms
Frame 864 end
Average processing time of GrabImageRGBD(): 8.78632ms
Frame 865 end
Average processing time of GrabImageRGBD(): 8.81383ms
Frame 866 end
Average processing time of GrabImageRGBD(): 8.81475ms
Frame 867 end
Average processing time of GrabImageRGBD(): 8.80894ms
Frame 868 end
Average processing time of GrabImageRGBD(): 8.80733ms
Frame 869 end
Average processing time of GrabImageRGBD(): 8.80113ms
Frame 870 end
Average processing time of GrabImageRGBD(): 8.79982ms
Frame 871 end
Average processing time of GrabImageRGBD(): 8.7924ms
Frame 872 end
Average processing time of GrabImageRGBD(): 8.78857ms
Frame 873 end
Average processing time of GrabImageRGBD(): 8.78257ms
Frame 874 end
Average processing time of GrabImageRGBD(): 8.78037ms
Frame 875 end
Average processing time of GrabImageRGBD(): 8.77863ms
Frame 876 end
Average processing time of GrabImageRGBD(): 8.77362ms
Frame 877 end
Average processing time of GrabImageRGBD(): 8.76744ms
Frame 878 end
Average processing time of GrabImageRGBD(): 8.76352ms
Frame 879 end
Average processing time of GrabImageRGBD(): 8.76098ms
Frame 880 end
Average processing time of GrabImageRGBD(): 8.78299ms
Frame 881 end
Average processing time of GrabImageRGBD(): 8.7834ms
Frame 882 end
Average processing time of GrabImageRGBD(): 8.77669ms
Frame 883 end
Average processing time of GrabImageRGBD(): 8.77067ms
Frame 884 end
Average processing time of GrabImageRGBD(): 8.76504ms
Frame 885 end
Average processing time of GrabImageRGBD(): 8.76431ms
Frame 886 end
Average processing time of GrabImageRGBD(): 8.76142ms
Frame 887 end
Average processing time of GrabImageRGBD(): 8.76011ms
Frame 888 end
Average processing time of GrabImageRGBD(): 8.76031ms
Frame 889 end
Average processing time of GrabImageRGBD(): 8.75594ms
Frame 890 end
Average processing time of GrabImageRGBD(): 8.7512ms
Frame 891 end
Average processing time of GrabImageRGBD(): 8.74881ms
Frame 892 end
Average processing time of GrabImageRGBD(): 8.74252ms
Frame 893 end
Average processing time of GrabImageRGBD(): 8.73648ms
Frame 894 end
Average processing time of GrabImageRGBD(): 8.76023ms
Frame 895 end
Average processing time of GrabImageRGBD(): 8.76199ms
Frame 896 end
Average processing time of GrabImageRGBD(): 8.75715ms
Frame 897 end
Average processing time of GrabImageRGBD(): 8.75667ms
Frame 898 end
Average processing time of GrabImageRGBD(): 8.75582ms
Frame 899 end
Average processing time of GrabImageRGBD(): 8.75007ms
Frame 900 end
Average processing time of GrabImageRGBD(): 8.74915ms
Frame 901 end
Average processing time of GrabImageRGBD(): 8.74308ms
Frame 902 end
Average processing time of GrabImageRGBD(): 8.73714ms
Frame 903 end
Average processing time of GrabImageRGBD(): 8.73639ms
Frame 904 end
Average processing time of GrabImageRGBD(): 8.73025ms
Frame 905 end
Average processing time of GrabImageRGBD(): 8.72433ms
Frame 906 end
Average processing time of GrabImageRGBD(): 8.7224ms
Frame 907 end
Average processing time of GrabImageRGBD(): 8.72097ms
Frame 908 end
Average processing time of GrabImageRGBD(): 8.74317ms
Frame 909 end
Average processing time of GrabImageRGBD(): 8.7434ms
Frame 910 end
Average processing time of GrabImageRGBD(): 8.73834ms
Frame 911 end
Average processing time of GrabImageRGBD(): 8.73671ms
Frame 912 end
Average processing time of GrabImageRGBD(): 8.73517ms
Frame 913 end
Average processing time of GrabImageRGBD(): 8.73327ms
Frame 914 end
Average processing time of GrabImageRGBD(): 8.72741ms
Frame 915 end
Average processing time of GrabImageRGBD(): 8.72298ms
Frame 916 end
Average processing time of GrabImageRGBD(): 8.72064ms
Frame 917 end
Average processing time of GrabImageRGBD(): 8.71764ms
Frame 918 end
Average processing time of GrabImageRGBD(): 8.71152ms
Frame 919 end
Average processing time of GrabImageRGBD(): 8.70962ms
Frame 920 end
Average processing time of GrabImageRGBD(): 8.70716ms
Frame 921 end
Average processing time of GrabImageRGBD(): 8.70142ms
Frame 922 end
Average processing time of GrabImageRGBD(): 8.69936ms
Frame 923 end
Average processing time of GrabImageRGBD(): 8.69631ms
Frame 924 end
Average processing time of GrabImageRGBD(): 8.71789ms
Frame 925 end
Average processing time of GrabImageRGBD(): 8.71285ms
Frame 926 end
Average processing time of GrabImageRGBD(): 8.71152ms
Frame 927 end
Average processing time of GrabImageRGBD(): 8.71ms
Frame 928 end
Average processing time of GrabImageRGBD(): 8.70874ms
Frame 929 end
Average processing time of GrabImageRGBD(): 8.70295ms
Frame 930 end
Average processing time of GrabImageRGBD(): 8.7008ms
Frame 931 end
Average processing time of GrabImageRGBD(): 8.69893ms
Frame 932 end
Average processing time of GrabImageRGBD(): 8.69677ms
Frame 933 end
Average processing time of GrabImageRGBD(): 8.69405ms
Frame 934 end
Average processing time of GrabImageRGBD(): 8.68825ms
Frame 935 end
Average processing time of GrabImageRGBD(): 8.68548ms
Frame 936 end
Average processing time of GrabImageRGBD(): 8.67975ms
Frame 937 end
Average processing time of GrabImageRGBD(): 8.67659ms
Frame 938 end
Average processing time of GrabImageRGBD(): 8.69579ms
Frame 939 end
Average processing time of GrabImageRGBD(): 8.69265ms
Frame 940 end
Average processing time of GrabImageRGBD(): 8.68971ms
Frame 941 end
Average processing time of GrabImageRGBD(): 8.68786ms
Frame 942 end
Average processing time of GrabImageRGBD(): 8.68805ms
Frame 943 end
Average processing time of GrabImageRGBD(): 8.68512ms
Frame 944 end
Average processing time of GrabImageRGBD(): 8.68495ms
Frame 945 end
Average processing time of GrabImageRGBD(): 8.68468ms
Frame 946 end
Average processing time of GrabImageRGBD(): 8.6789ms
Frame 947 end
Average processing time of GrabImageRGBD(): 8.67328ms
Frame 948 end
Average processing time of GrabImageRGBD(): 8.66739ms
Frame 949 end
Average processing time of GrabImageRGBD(): 8.66193ms
Frame 950 end
Average processing time of GrabImageRGBD(): 8.65862ms
Frame 951 end
Average processing time of GrabImageRGBD(): 8.67785ms
Frame 952 end
Average processing time of GrabImageRGBD(): 8.67967ms
Frame 953 end
Average processing time of GrabImageRGBD(): 8.67545ms
Frame 954 end
Average processing time of GrabImageRGBD(): 8.67472ms
Frame 955 end
Average processing time of GrabImageRGBD(): 8.66908ms
Frame 956 end
Average processing time of GrabImageRGBD(): 8.66834ms
Frame 957 end
Average processing time of GrabImageRGBD(): 8.66745ms
Frame 958 end
Average processing time of GrabImageRGBD(): 8.66644ms
Frame 959 end
Average processing time of GrabImageRGBD(): 8.66487ms
Frame 960 end
Average processing time of GrabImageRGBD(): 8.65887ms
Frame 961 end
Average processing time of GrabImageRGBD(): 8.65308ms
Frame 962 end
Average processing time of GrabImageRGBD(): 8.67166ms
Frame 963 end
Average processing time of GrabImageRGBD(): 8.66696ms
Frame 964 end
Average processing time of GrabImageRGBD(): 8.66727ms
Frame 965 end
Average processing time of GrabImageRGBD(): 8.66768ms
Frame 966 end
Average processing time of GrabImageRGBD(): 8.66848ms
Frame 967 end
Average processing time of GrabImageRGBD(): 8.66344ms
Frame 968 end
Average processing time of GrabImageRGBD(): 8.65809ms
Frame 969 end
Average processing time of GrabImageRGBD(): 8.65721ms
Frame 970 end
Average processing time of GrabImageRGBD(): 8.65642ms
Frame 971 end
Average processing time of GrabImageRGBD(): 8.6753ms
Frame 972 end
Average processing time of GrabImageRGBD(): 8.6706ms
Frame 973 end
Average processing time of GrabImageRGBD(): 8.66537ms
Frame 974 end
Average processing time of GrabImageRGBD(): 8.66654ms
Frame 975 end
Average processing time of GrabImageRGBD(): 8.66371ms
Frame 976 end
Average processing time of GrabImageRGBD(): 8.66396ms
Frame 977 end
Average processing time of GrabImageRGBD(): 8.6636ms
Frame 978 end
Average processing time of GrabImageRGBD(): 8.66288ms
Frame 979 end
Average processing time of GrabImageRGBD(): 8.68549ms
Frame 980 end
Average processing time of GrabImageRGBD(): 8.68268ms
Frame 981 end
Average processing time of GrabImageRGBD(): 8.68502ms
Frame 982 end
Average processing time of GrabImageRGBD(): 8.68356ms
Frame 983 end
Average processing time of GrabImageRGBD(): 8.68364ms
Frame 984 end
Average processing time of GrabImageRGBD(): 8.67874ms
Frame 985 end
Average processing time of GrabImageRGBD(): 8.67782ms
Frame 986 end
Average processing time of GrabImageRGBD(): 8.67284ms
Frame 987 end
Average processing time of GrabImageRGBD(): 8.69092ms
Frame 988 end
Average processing time of GrabImageRGBD(): 8.68659ms
Frame 989 end
Average processing time of GrabImageRGBD(): 8.6872ms
Frame 990 end
Average processing time of GrabImageRGBD(): 8.68948ms
Frame 991 end
Average processing time of GrabImageRGBD(): 8.68448ms
Frame 992 end
Average processing time of GrabImageRGBD(): 8.68493ms
Frame 993 end
Average processing time of GrabImageRGBD(): 8.68535ms
Frame 994 end
Average processing time of GrabImageRGBD(): 8.70733ms
Frame 995 end
Average processing time of GrabImageRGBD(): 8.70725ms
Frame 996 end
Average processing time of GrabImageRGBD(): 8.7067ms
Frame 997 end
Average processing time of GrabImageRGBD(): 8.70625ms
Frame 998 end
Average processing time of GrabImageRGBD(): 8.70517ms
Frame 999 end
Average processing time of GrabImageRGBD(): 8.69971ms
Frame 1000 end
Average processing time of GrabImageRGBD(): 8.69798ms
Frame 1001 end
Average processing time of GrabImageRGBD(): 8.71803ms
Frame 1002 end
Average processing time of GrabImageRGBD(): 8.71704ms
Frame 1003 end
Average processing time of GrabImageRGBD(): 8.71747ms
Frame 1004 end
Average processing time of GrabImageRGBD(): 8.71599ms
Frame 1005 end
Average processing time of GrabImageRGBD(): 8.71685ms
Frame 1006 end
Average processing time of GrabImageRGBD(): 8.7176ms
Frame 1007 end
Average processing time of GrabImageRGBD(): 8.71485ms
Frame 1008 end
Average processing time of GrabImageRGBD(): 8.71413ms
Frame 1009 end
Average processing time of GrabImageRGBD(): 8.73533ms
Frame 1010 end
Average processing time of GrabImageRGBD(): 8.73152ms
Frame 1011 end
Average processing time of GrabImageRGBD(): 8.72998ms
Frame 1012 end
Average processing time of GrabImageRGBD(): 8.72626ms
Frame 1013 end
Average processing time of GrabImageRGBD(): 8.72464ms
Frame 1014 end
Average processing time of GrabImageRGBD(): 8.71968ms
Frame 1015 end
Average processing time of GrabImageRGBD(): 8.73699ms
Frame 1016 end
Average processing time of GrabImageRGBD(): 8.73175ms
Frame 1017 end
Average processing time of GrabImageRGBD(): 8.7275ms
Frame 1018 end
Average processing time of GrabImageRGBD(): 8.72427ms
Frame 1019 end
Average processing time of GrabImageRGBD(): 8.71984ms
Frame 1020 end
Average processing time of GrabImageRGBD(): 8.73736ms
Frame 1021 end
Average processing time of GrabImageRGBD(): 8.7353ms
Frame 1022 end
Average processing time of GrabImageRGBD(): 8.72983ms
Frame 1023 end
Average processing time of GrabImageRGBD(): 8.72754ms
Frame 1024 end
Average processing time of GrabImageRGBD(): 8.72194ms
Frame 1025 end
Average processing time of GrabImageRGBD(): 8.71604ms
Frame 1026 end
Average processing time of GrabImageRGBD(): 8.7328ms
Frame 1027 end
Average processing time of GrabImageRGBD(): 8.73193ms
Frame 1028 end
Average processing time of GrabImageRGBD(): 8.73047ms
Frame 1029 end
Average processing time of GrabImageRGBD(): 8.72514ms
Frame 1030 end
Average processing time of GrabImageRGBD(): 8.72043ms
Frame 1031 end
Average processing time of GrabImageRGBD(): 8.71653ms
Frame 1032 end
Average processing time of GrabImageRGBD(): 8.715ms
Frame 1033 end
Average processing time of GrabImageRGBD(): 8.70954ms
Frame 1034 end
Average processing time of GrabImageRGBD(): 8.70651ms
Frame 1035 end
Average processing time of GrabImageRGBD(): 8.70115ms
Frame 1036 end
Average processing time of GrabImageRGBD(): 8.69639ms
Frame 1037 end
Average processing time of GrabImageRGBD(): 8.7133ms
Frame 1038 end
Average processing time of GrabImageRGBD(): 8.70955ms
Frame 1039 end
Average processing time of GrabImageRGBD(): 8.7097ms
Frame 1040 end
Average processing time of GrabImageRGBD(): 8.7092ms
Frame 1041 end
Average processing time of GrabImageRGBD(): 8.70975ms
Frame 1042 end
Average processing time of GrabImageRGBD(): 8.70465ms
Frame 1043 end
Average processing time of GrabImageRGBD(): 8.70072ms
Frame 1044 end
Average processing time of GrabImageRGBD(): 8.69672ms
Frame 1045 end
Average processing time of GrabImageRGBD(): 8.69588ms
Frame 1046 end
Average processing time of GrabImageRGBD(): 8.69343ms
Frame 1047 end
Average processing time of GrabImageRGBD(): 8.69225ms
Frame 1048 end
Average processing time of GrabImageRGBD(): 8.71318ms
Frame 1049 end
Average processing time of GrabImageRGBD(): 8.71362ms
Frame 1050 end
Average processing time of GrabImageRGBD(): 8.70845ms
Frame 1051 end
Average processing time of GrabImageRGBD(): 8.70712ms
Frame 1052 end
Average processing time of GrabImageRGBD(): 8.70455ms
Frame 1053 end
Average processing time of GrabImageRGBD(): 8.69969ms
Frame 1054 end
Average processing time of GrabImageRGBD(): 8.69792ms
Frame 1055 end
Average processing time of GrabImageRGBD(): 8.69571ms
Frame 1056 end
Average processing time of GrabImageRGBD(): 8.69115ms
Frame 1057 end
Average processing time of GrabImageRGBD(): 8.68627ms
Frame 1058 end
Average processing time of GrabImageRGBD(): 8.68396ms
Frame 1059 end
Average processing time of GrabImageRGBD(): 8.70377ms
Frame 1060 end
Average processing time of GrabImageRGBD(): 8.70074ms
Frame 1061 end
Average processing time of GrabImageRGBD(): 8.70036ms
Frame 1062 end
Average processing time of GrabImageRGBD(): 8.699ms
Frame 1063 end
Average processing time of GrabImageRGBD(): 8.69541ms
Frame 1064 end
Average processing time of GrabImageRGBD(): 8.69452ms
Frame 1065 end
Average processing time of GrabImageRGBD(): 8.6931ms
Frame 1066 end
Average processing time of GrabImageRGBD(): 8.68796ms
Frame 1067 end
Average processing time of GrabImageRGBD(): 8.68625ms
Frame 1068 end
Average processing time of GrabImageRGBD(): 8.68488ms
Frame 1069 end
Average processing time of GrabImageRGBD(): 8.68203ms
Frame 1070 end
Average processing time of GrabImageRGBD(): 8.67683ms
Frame 1071 end
Average processing time of GrabImageRGBD(): 8.67494ms
Frame 1072 end
Average processing time of GrabImageRGBD(): 8.67352ms
Frame 1073 end
Average processing time of GrabImageRGBD(): 8.67161ms
Frame 1074 end
Average processing time of GrabImageRGBD(): 8.66669ms
Frame 1075 end
Average processing time of GrabImageRGBD(): 8.66129ms
Frame 1076 end
Average processing time of GrabImageRGBD(): 8.65666ms
Frame 1077 end
Average processing time of GrabImageRGBD(): 8.67597ms
Frame 1078 end
Average processing time of GrabImageRGBD(): 8.67644ms
Frame 1079 end
Average processing time of GrabImageRGBD(): 8.6751ms
Frame 1080 end
Average processing time of GrabImageRGBD(): 8.67036ms
Frame 1081 end
Average processing time of GrabImageRGBD(): 8.6672ms
Frame 1082 end
Average processing time of GrabImageRGBD(): 8.66548ms
Frame 1083 end
Average processing time of GrabImageRGBD(): 8.66074ms
Frame 1084 end
Average processing time of GrabImageRGBD(): 8.65659ms
Frame 1085 end
Average processing time of GrabImageRGBD(): 8.65501ms
Frame 1086 end
Average processing time of GrabImageRGBD(): 8.65287ms
Frame 1087 end
Average processing time of GrabImageRGBD(): 8.65145ms
Frame 1088 end
Average processing time of GrabImageRGBD(): 8.6495ms
Frame 1089 end
Average processing time of GrabImageRGBD(): 8.64805ms
Frame 1090 end
Average processing time of GrabImageRGBD(): 8.64626ms
Frame 1091 end
Average processing time of GrabImageRGBD(): 8.6443ms
Frame 1092 end
Average processing time of GrabImageRGBD(): 8.64164ms
Frame 1093 end
Average processing time of GrabImageRGBD(): 8.63956ms
Frame 1094 end
Average processing time of GrabImageRGBD(): 8.63417ms
Frame 1095 end
Average processing time of GrabImageRGBD(): 8.62979ms
Frame 1096 end
Average processing time of GrabImageRGBD(): 8.64736ms
Frame 1097 end
Average processing time of GrabImageRGBD(): 8.64335ms
Frame 1098 end
Average processing time of GrabImageRGBD(): 8.63955ms
Frame 1099 end
Average processing time of GrabImageRGBD(): 8.63714ms
Frame 1100 end
Average processing time of GrabImageRGBD(): 8.63274ms
Frame 1101 end
Average processing time of GrabImageRGBD(): 8.63183ms
Frame 1102 end
Average processing time of GrabImageRGBD(): 8.62993ms
Frame 1103 end
Average processing time of GrabImageRGBD(): 8.62497ms
Frame 1104 end
Average processing time of GrabImageRGBD(): 8.62453ms
Frame 1105 end
Average processing time of GrabImageRGBD(): 8.6235ms
Frame 1106 end
Average processing time of GrabImageRGBD(): 8.61968ms
Frame 1107 end
Average processing time of GrabImageRGBD(): 8.61855ms
Frame 1108 end
Average processing time of GrabImageRGBD(): 8.61762ms
Frame 1109 end
Average processing time of GrabImageRGBD(): 8.61435ms
Frame 1110 end
Average processing time of GrabImageRGBD(): 8.61025ms
Frame 1111 end
Average processing time of GrabImageRGBD(): 8.609ms
Frame 1112 end
Average processing time of GrabImageRGBD(): 8.6075ms
Frame 1113 end
Average processing time of GrabImageRGBD(): 8.60615ms
Frame 1114 end
Average processing time of GrabImageRGBD(): 8.60483ms
Frame 1115 end
Average processing time of GrabImageRGBD(): 8.60332ms
Frame 1116 end
Average processing time of GrabImageRGBD(): 8.62321ms
Frame 1117 end
Average processing time of GrabImageRGBD(): 8.61927ms
Frame 1118 end
Average processing time of GrabImageRGBD(): 8.61875ms
Frame 1119 end
Average processing time of GrabImageRGBD(): 8.61801ms
Frame 1120 end
Average processing time of GrabImageRGBD(): 8.6164ms
Frame 1121 end
Average processing time of GrabImageRGBD(): 8.6135ms
Frame 1122 end
Average processing time of GrabImageRGBD(): 8.60871ms
Frame 1123 end
Average processing time of GrabImageRGBD(): 8.60396ms
Frame 1124 end
Average processing time of GrabImageRGBD(): 8.60188ms
Frame 1125 end
Average processing time of GrabImageRGBD(): 8.60122ms
Frame 1126 end
Average processing time of GrabImageRGBD(): 8.59863ms
Frame 1127 end
Average processing time of GrabImageRGBD(): 8.59488ms
Frame 1128 end
Average processing time of GrabImageRGBD(): 8.59396ms
Frame 1129 end
Average processing time of GrabImageRGBD(): 8.58899ms
Frame 1130 end
Average processing time of GrabImageRGBD(): 8.58865ms
Frame 1131 end
Average processing time of GrabImageRGBD(): 8.58397ms
Frame 1132 end
Average processing time of GrabImageRGBD(): 8.57904ms
Frame 1133 end
Average processing time of GrabImageRGBD(): 8.57844ms
Frame 1134 end
Average processing time of GrabImageRGBD(): 8.57468ms
Frame 1135 end
Average processing time of GrabImageRGBD(): 8.57063ms
Frame 1136 end
Average processing time of GrabImageRGBD(): 8.56931ms
Frame 1137 end
Average processing time of GrabImageRGBD(): 8.58797ms
Frame 1138 end
Average processing time of GrabImageRGBD(): 8.58423ms
Frame 1139 end
Average processing time of GrabImageRGBD(): 8.57957ms
Frame 1140 end
Average processing time of GrabImageRGBD(): 8.57914ms
Frame 1141 end
Average processing time of GrabImageRGBD(): 8.57865ms
Frame 1142 end
Average processing time of GrabImageRGBD(): 8.57412ms
Frame 1143 end
Average processing time of GrabImageRGBD(): 8.57363ms
Frame 1144 end
Average processing time of GrabImageRGBD(): 8.56924ms
Frame 1145 end
Average processing time of GrabImageRGBD(): 8.5684ms
Frame 1146 end
Average processing time of GrabImageRGBD(): 8.56387ms
Frame 1147 end
Average processing time of GrabImageRGBD(): 8.55948ms
Frame 1148 end
Average processing time of GrabImageRGBD(): 8.55546ms
Frame 1149 end
Average processing time of GrabImageRGBD(): 8.55434ms
Frame 1150 end
Average processing time of GrabImageRGBD(): 8.55229ms
Frame 1151 end
Average processing time of GrabImageRGBD(): 8.54736ms
Frame 1152 end
Average processing time of GrabImageRGBD(): 8.54647ms
Frame 1153 end
Average processing time of GrabImageRGBD(): 8.54533ms
Frame 1154 end
Average processing time of GrabImageRGBD(): 8.54074ms
Frame 1155 end
Average processing time of GrabImageRGBD(): 8.53946ms
Frame 1156 end
Average processing time of GrabImageRGBD(): 8.53705ms
Frame 1157 end
Average processing time of GrabImageRGBD(): 8.55505ms
Frame 1158 end
Average processing time of GrabImageRGBD(): 8.55537ms
Frame 1159 end
Average processing time of GrabImageRGBD(): 8.55109ms
Frame 1160 end
Average processing time of GrabImageRGBD(): 8.55007ms
Frame 1161 end
Average processing time of GrabImageRGBD(): 8.54661ms
Frame 1162 end
Average processing time of GrabImageRGBD(): 8.54197ms
Frame 1163 end
Average processing time of GrabImageRGBD(): 8.54181ms
Frame 1164 end
Average processing time of GrabImageRGBD(): 8.53749ms
Frame 1165 end
Average processing time of GrabImageRGBD(): 8.53476ms
Frame 1166 end
Average processing time of GrabImageRGBD(): 8.53307ms
Frame 1167 end
Average processing time of GrabImageRGBD(): 8.53239ms
Frame 1168 end
Average processing time of GrabImageRGBD(): 8.53183ms
Frame 1169 end
Average processing time of GrabImageRGBD(): 8.52747ms
Frame 1170 end
Average processing time of GrabImageRGBD(): 8.52316ms
Frame 1171 end
Average processing time of GrabImageRGBD(): 8.52246ms
Frame 1172 end
Average processing time of GrabImageRGBD(): 8.51816ms
Frame 1173 end
Average processing time of GrabImageRGBD(): 8.51728ms
Frame 1174 end
Average processing time of GrabImageRGBD(): 8.51658ms
Frame 1175 end
Average processing time of GrabImageRGBD(): 8.51314ms
Frame 1176 end
Average processing time of GrabImageRGBD(): 8.50854ms
Frame 1177 end
Average processing time of GrabImageRGBD(): 8.52871ms
Frame 1178 end
Average processing time of GrabImageRGBD(): 8.52491ms
Frame 1179 end
Average processing time of GrabImageRGBD(): 8.52261ms
Frame 1180 end
Average processing time of GrabImageRGBD(): 8.52013ms
Frame 1181 end
Average processing time of GrabImageRGBD(): 8.51627ms
Frame 1182 end
Average processing time of GrabImageRGBD(): 8.51411ms
Frame 1183 end
Average processing time of GrabImageRGBD(): 8.51151ms
Frame 1184 end
Average processing time of GrabImageRGBD(): 8.50897ms
Frame 1185 end
Average processing time of GrabImageRGBD(): 8.50671ms
Frame 1186 end
Average processing time of GrabImageRGBD(): 8.50209ms
Frame 1187 end
Average processing time of GrabImageRGBD(): 8.49771ms
Frame 1188 end
Average processing time of GrabImageRGBD(): 8.49341ms
Frame 1189 end
Average processing time of GrabImageRGBD(): 8.48953ms
Frame 1190 end
Average processing time of GrabImageRGBD(): 8.48671ms
Frame 1191 end
Average processing time of GrabImageRGBD(): 8.48237ms
Frame 1192 end
Average processing time of GrabImageRGBD(): 8.47803ms
Frame 1193 end
Average processing time of GrabImageRGBD(): 8.47528ms
Frame 1194 end
Average processing time of GrabImageRGBD(): 8.47302ms
Frame 1195 end
Average processing time of GrabImageRGBD(): 8.46882ms
Frame 1196 end
Average processing time of GrabImageRGBD(): 8.48511ms
Frame 1197 end
Average processing time of GrabImageRGBD(): 8.4865ms
Frame 1198 end
Average processing time of GrabImageRGBD(): 8.48218ms
Frame 1199 end
Average processing time of GrabImageRGBD(): 8.48167ms
Frame 1200 end
Average processing time of GrabImageRGBD(): 8.47755ms
Frame 1201 end
Average processing time of GrabImageRGBD(): 8.47464ms
Frame 1202 end
Average processing time of GrabImageRGBD(): 8.47423ms
Frame 1203 end
Average processing time of GrabImageRGBD(): 8.47406ms
Frame 1204 end
Average processing time of GrabImageRGBD(): 8.47012ms
Frame 1205 end
Average processing time of GrabImageRGBD(): 8.46967ms
Frame 1206 end
Average processing time of GrabImageRGBD(): 8.46846ms
Frame 1207 end
Average processing time of GrabImageRGBD(): 8.46863ms
Frame 1208 end
Average processing time of GrabImageRGBD(): 8.46546ms
Frame 1209 end
Average processing time of GrabImageRGBD(): 8.46476ms
Frame 1210 end
Average processing time of GrabImageRGBD(): 8.46072ms
Frame 1211 end
Average processing time of GrabImageRGBD(): 8.45995ms
Frame 1212 end
Average processing time of GrabImageRGBD(): 8.45901ms
Frame 1213 end
Average processing time of GrabImageRGBD(): 8.45794ms
Frame 1214 end
Average processing time of GrabImageRGBD(): 8.45382ms
Frame 1215 end
Average processing time of GrabImageRGBD(): 8.48989ms
Frame 1216 end
Average processing time of GrabImageRGBD(): 8.49091ms
Frame 1217 end
Average processing time of GrabImageRGBD(): 8.48653ms
Frame 1218 end
Average processing time of GrabImageRGBD(): 8.48642ms
Frame 1219 end
Average processing time of GrabImageRGBD(): 8.48639ms
Frame 1220 end
Average processing time of GrabImageRGBD(): 8.48626ms
Frame 1221 end
Average processing time of GrabImageRGBD(): 8.48619ms
Frame 1222 end
Average processing time of GrabImageRGBD(): 8.48568ms
Frame 1223 end
Average processing time of GrabImageRGBD(): 8.48543ms
Frame 1224 end
Average processing time of GrabImageRGBD(): 8.48261ms
Frame 1225 end
Average processing time of GrabImageRGBD(): 8.47818ms
Frame 1226 end
Average processing time of GrabImageRGBD(): 8.47544ms
Frame 1227 end
Average processing time of GrabImageRGBD(): 8.47122ms
Frame 1228 end
Average processing time of GrabImageRGBD(): 8.46691ms
Frame 1229 end
Average processing time of GrabImageRGBD(): 8.46583ms
Frame 1230 end
Average processing time of GrabImageRGBD(): 8.46159ms
Frame 1231 end
Average processing time of GrabImageRGBD(): 8.4582ms
Frame 1232 end
Average processing time of GrabImageRGBD(): 8.45392ms
Frame 1233 end
Average processing time of GrabImageRGBD(): 8.47226ms
Frame 1234 end
Average processing time of GrabImageRGBD(): 8.47304ms
Frame 1235 end
Average processing time of GrabImageRGBD(): 8.46864ms
Frame 1236 end
Average processing time of GrabImageRGBD(): 8.46854ms
Frame 1237 end
Average processing time of GrabImageRGBD(): 8.46437ms
Frame 1238 end
Average processing time of GrabImageRGBD(): 8.46259ms
Frame 1239 end
Average processing time of GrabImageRGBD(): 8.46193ms
Frame 1240 end
Average processing time of GrabImageRGBD(): 8.46135ms
Frame 1241 end
Average processing time of GrabImageRGBD(): 8.45736ms
Frame 1242 end
Average processing time of GrabImageRGBD(): 8.45312ms
Frame 1243 end
Average processing time of GrabImageRGBD(): 8.44879ms
Frame 1244 end
Average processing time of GrabImageRGBD(): 8.44798ms
Frame 1245 end
Average processing time of GrabImageRGBD(): 8.44703ms
Frame 1246 end
Average processing time of GrabImageRGBD(): 8.44269ms
Frame 1247 end
Average processing time of GrabImageRGBD(): 8.43861ms
Frame 1248 end
Average processing time of GrabImageRGBD(): 8.43763ms
Frame 1249 end
Average processing time of GrabImageRGBD(): 8.4337ms
Frame 1250 end
Average processing time of GrabImageRGBD(): 8.42901ms
Frame 1251 end
Average processing time of GrabImageRGBD(): 8.42709ms
Frame 1252 end
Average processing time of GrabImageRGBD(): 8.44664ms
Frame 1253 end
Average processing time of GrabImageRGBD(): 8.44494ms
Frame 1254 end
Average processing time of GrabImageRGBD(): 8.44116ms
Frame 1255 end
Average processing time of GrabImageRGBD(): 8.44033ms
Frame 1256 end
Average processing time of GrabImageRGBD(): 8.43621ms
Frame 1257 end
Average processing time of GrabImageRGBD(): 8.43287ms
Frame 1258 end
Average processing time of GrabImageRGBD(): 8.43072ms
Frame 1259 end
Average processing time of GrabImageRGBD(): 8.42658ms
Frame 1260 end
Average processing time of GrabImageRGBD(): 8.42239ms
Frame 1261 end
Average processing time of GrabImageRGBD(): 8.42236ms
Frame 1262 end
Average processing time of GrabImageRGBD(): 8.42091ms
Frame 1263 end
Average processing time of GrabImageRGBD(): 8.41769ms
Frame 1264 end
Average processing time of GrabImageRGBD(): 8.41659ms
Frame 1265 end
Average processing time of GrabImageRGBD(): 8.41261ms
Frame 1266 end
Average processing time of GrabImageRGBD(): 8.41122ms
Frame 1267 end
Average processing time of GrabImageRGBD(): 8.41002ms
Frame 1268 end
Average processing time of GrabImageRGBD(): 8.40765ms
Frame 1269 end
Average processing time of GrabImageRGBD(): 8.40486ms
Frame 1270 end
Average processing time of GrabImageRGBD(): 8.40141ms
Frame 1271 end
Average processing time of GrabImageRGBD(): 8.42166ms
Frame 1272 end
Average processing time of GrabImageRGBD(): 8.41857ms
Frame 1273 end
Average processing time of GrabImageRGBD(): 8.41777ms
Frame 1274 end
Average processing time of GrabImageRGBD(): 8.4173ms
Frame 1275 end
Average processing time of GrabImageRGBD(): 8.41336ms
Frame 1276 end
Average processing time of GrabImageRGBD(): 8.41282ms
Frame 1277 end
Average processing time of GrabImageRGBD(): 8.41ms
Frame 1278 end
Average processing time of GrabImageRGBD(): 8.40932ms
Frame 1279 end
Average processing time of GrabImageRGBD(): 8.40839ms
Frame 1280 end
Average processing time of GrabImageRGBD(): 8.40446ms
Frame 1281 end
Average processing time of GrabImageRGBD(): 8.40146ms
Frame 1282 end
Average processing time of GrabImageRGBD(): 8.40045ms
Frame 1283 end
Average processing time of GrabImageRGBD(): 8.39643ms
Frame 1284 end
Average processing time of GrabImageRGBD(): 8.39244ms
Frame 1285 end
Average processing time of GrabImageRGBD(): 8.39058ms
Frame 1286 end
Average processing time of GrabImageRGBD(): 8.38889ms
Frame 1287 end
Average processing time of GrabImageRGBD(): 8.38434ms
Frame 1288 end
Average processing time of GrabImageRGBD(): 8.38003ms
Frame 1289 end
Average processing time of GrabImageRGBD(): 8.37797ms
Frame 1290 end
Average processing time of GrabImageRGBD(): 8.37368ms
Frame 1291 end
Average processing time of GrabImageRGBD(): 8.38943ms
Frame 1292 end
Average processing time of GrabImageRGBD(): 8.38962ms
Frame 1293 end
Average processing time of GrabImageRGBD(): 8.38567ms
Frame 1294 end
Average processing time of GrabImageRGBD(): 8.38176ms
Frame 1295 end
Average processing time of GrabImageRGBD(): 8.38017ms
Frame 1296 end
Average processing time of GrabImageRGBD(): 8.37833ms
Frame 1297 end
Average processing time of GrabImageRGBD(): 8.37452ms
Frame 1298 end
Average processing time of GrabImageRGBD(): 8.3728ms
Frame 1299 end
Average processing time of GrabImageRGBD(): 8.36863ms
Frame 1300 end
Average processing time of GrabImageRGBD(): 8.36654ms
Frame 1301 end
Average processing time of GrabImageRGBD(): 8.36457ms
Frame 1302 end
Average processing time of GrabImageRGBD(): 8.36262ms
Frame 1303 end
Average processing time of GrabImageRGBD(): 8.36075ms
Frame 1304 end
Average processing time of GrabImageRGBD(): 8.35955ms
Frame 1305 end
Average processing time of GrabImageRGBD(): 8.35752ms
Frame 1306 end
Average processing time of GrabImageRGBD(): 8.35343ms
Frame 1307 end
Average processing time of GrabImageRGBD(): 8.35114ms
Frame 1308 end
Average processing time of GrabImageRGBD(): 8.34716ms
Frame 1309 end
Average processing time of GrabImageRGBD(): 8.36412ms
Frame 1310 end
Average processing time of GrabImageRGBD(): 8.36416ms
Frame 1311 end
Average processing time of GrabImageRGBD(): 8.36033ms
Frame 1312 end
Average processing time of GrabImageRGBD(): 8.35883ms
Frame 1313 end
Average processing time of GrabImageRGBD(): 8.35471ms
Frame 1314 end
Average processing time of GrabImageRGBD(): 8.3536ms
Frame 1315 end
Average processing time of GrabImageRGBD(): 8.3528ms
Frame 1316 end
Average processing time of GrabImageRGBD(): 8.35167ms
Frame 1317 end
Average processing time of GrabImageRGBD(): 8.34882ms
Frame 1318 end
Average processing time of GrabImageRGBD(): 8.34743ms
Frame 1319 end
Average processing time of GrabImageRGBD(): 8.34473ms
Frame 1320 end
Average processing time of GrabImageRGBD(): 8.34064ms
Frame 1321 end
Average processing time of GrabImageRGBD(): 8.33943ms
Frame 1322 end
Average processing time of GrabImageRGBD(): 8.33642ms
Frame 1323 end
Average processing time of GrabImageRGBD(): 8.33523ms
Frame 1324 end
Average processing time of GrabImageRGBD(): 8.33362ms
Frame 1325 end
Average processing time of GrabImageRGBD(): 8.3326ms
Frame 1326 end
Average processing time of GrabImageRGBD(): 8.33061ms
Frame 1327 end
Average processing time of GrabImageRGBD(): 8.32729ms
Frame 1328 end
Average processing time of GrabImageRGBD(): 8.34291ms
Frame 1329 end
Average processing time of GrabImageRGBD(): 8.34006ms
Frame 1330 end
Average processing time of GrabImageRGBD(): 8.33963ms
Frame 1331 end
Average processing time of GrabImageRGBD(): 8.33689ms
Frame 1332 end
Average processing time of GrabImageRGBD(): 8.33314ms
Frame 1333 end
Average processing time of GrabImageRGBD(): 8.32951ms
Frame 1334 end
Average processing time of GrabImageRGBD(): 8.32917ms
Frame 1335 end
Average processing time of GrabImageRGBD(): 8.32772ms
Frame 1336 end
Average processing time of GrabImageRGBD(): 8.32397ms
Frame 1337 end
Average processing time of GrabImageRGBD(): 8.32169ms
Frame 1338 end
Average processing time of GrabImageRGBD(): 8.32082ms
Frame 1339 end
Average processing time of GrabImageRGBD(): 8.31683ms
Frame 1340 end
Average processing time of GrabImageRGBD(): 8.31419ms
Frame 1341 end
Average processing time of GrabImageRGBD(): 8.31029ms
Frame 1342 end
Average processing time of GrabImageRGBD(): 8.30955ms
Frame 1343 end
Average processing time of GrabImageRGBD(): 8.30692ms
Frame 1344 end
Average processing time of GrabImageRGBD(): 8.30442ms
Frame 1345 end
Average processing time of GrabImageRGBD(): 8.30288ms
Frame 1346 end
Average processing time of GrabImageRGBD(): 8.30147ms
Frame 1347 end
Average processing time of GrabImageRGBD(): 8.31777ms
Frame 1348 end
Average processing time of GrabImageRGBD(): 8.31744ms
Frame 1349 end
Average processing time of GrabImageRGBD(): 8.31749ms
Frame 1350 end
Average processing time of GrabImageRGBD(): 8.31748ms
Frame 1351 end
Average processing time of GrabImageRGBD(): 8.31754ms
Frame 1352 end
Average processing time of GrabImageRGBD(): 8.31405ms
Frame 1353 end
Average processing time of GrabImageRGBD(): 8.31344ms
Frame 1354 end
Average processing time of GrabImageRGBD(): 8.31284ms
Frame 1355 end
Average processing time of GrabImageRGBD(): 8.30945ms
Frame 1356 end
Average processing time of GrabImageRGBD(): 8.30869ms
Frame 1357 end
Average processing time of GrabImageRGBD(): 8.30549ms
Frame 1358 end
Average processing time of GrabImageRGBD(): 8.30185ms
Frame 1359 end
Average processing time of GrabImageRGBD(): 8.29808ms
Frame 1360 end
Average processing time of GrabImageRGBD(): 8.2975ms
Frame 1361 end
Average processing time of GrabImageRGBD(): 8.29444ms
Frame 1362 end
Average processing time of GrabImageRGBD(): 8.29356ms
Frame 1363 end
Average processing time of GrabImageRGBD(): 8.29316ms
Frame 1364 end
Average processing time of GrabImageRGBD(): 8.31445ms
Frame 1365 end
Average processing time of GrabImageRGBD(): 8.31574ms
Frame 1366 end
Average processing time of GrabImageRGBD(): 8.31707ms
Frame 1367 end
Average processing time of GrabImageRGBD(): 8.31683ms
Frame 1368 end
Average processing time of GrabImageRGBD(): 8.31371ms
Frame 1369 end
Average processing time of GrabImageRGBD(): 8.31314ms
Frame 1370 end
Average processing time of GrabImageRGBD(): 8.3124ms
Frame 1371 end
Average processing time of GrabImageRGBD(): 8.31185ms
Frame 1372 end
Average processing time of GrabImageRGBD(): 8.30957ms
Frame 1373 end
Average processing time of GrabImageRGBD(): 8.30885ms
Frame 1374 end
Average processing time of GrabImageRGBD(): 8.30686ms
Frame 1375 end
Average processing time of GrabImageRGBD(): 8.30566ms
Frame 1376 end
Average processing time of GrabImageRGBD(): 8.30159ms
Frame 1377 end
Average processing time of GrabImageRGBD(): 8.29766ms
Frame 1378 end
Average processing time of GrabImageRGBD(): 8.29454ms
Frame 1379 end
Average processing time of GrabImageRGBD(): 8.29074ms
Frame 1380 end
Average processing time of GrabImageRGBD(): 8.28742ms
Frame 1381 end
Average processing time of GrabImageRGBD(): 8.28592ms
Frame 1382 end
Average processing time of GrabImageRGBD(): 8.30098ms
Frame 1383 end
Average processing time of GrabImageRGBD(): 8.30107ms
Frame 1384 end
Average processing time of GrabImageRGBD(): 8.30007ms
Frame 1385 end
Average processing time of GrabImageRGBD(): 8.30019ms
Frame 1386 end
Average processing time of GrabImageRGBD(): 8.29675ms
Frame 1387 end
Average processing time of GrabImageRGBD(): 8.29697ms
Frame 1388 end
Average processing time of GrabImageRGBD(): 8.29706ms
Frame 1389 end
Average processing time of GrabImageRGBD(): 8.29696ms
Frame 1390 end
Average processing time of GrabImageRGBD(): 8.29679ms
Frame 1391 end
Average processing time of GrabImageRGBD(): 8.29711ms
Frame 1392 end
Average processing time of GrabImageRGBD(): 8.29421ms
Frame 1393 end
Average processing time of GrabImageRGBD(): 8.29379ms
Frame 1394 end
Average processing time of GrabImageRGBD(): 8.29334ms
Frame 1395 end
Average processing time of GrabImageRGBD(): 8.28991ms
Frame 1396 end
Average processing time of GrabImageRGBD(): 8.28961ms
Frame 1397 end
Average processing time of GrabImageRGBD(): 8.30577ms
Frame 1398 end
Average processing time of GrabImageRGBD(): 8.30667ms
Frame 1399 end
Average processing time of GrabImageRGBD(): 8.30495ms
Frame 1400 end
Average processing time of GrabImageRGBD(): 8.3016ms
Frame 1401 end
Average processing time of GrabImageRGBD(): 8.30135ms
Frame 1402 end
Average processing time of GrabImageRGBD(): 8.29771ms
Frame 1403 end
Average processing time of GrabImageRGBD(): 8.29774ms
Frame 1404 end
Average processing time of GrabImageRGBD(): 8.29756ms
Frame 1405 end
Average processing time of GrabImageRGBD(): 8.29754ms
Frame 1406 end
Average processing time of GrabImageRGBD(): 8.29727ms
Frame 1407 end
Average processing time of GrabImageRGBD(): 8.29365ms
Frame 1408 end
Average processing time of GrabImageRGBD(): 8.2912ms
Frame 1409 end
Average processing time of GrabImageRGBD(): 8.29072ms
Frame 1410 end
Average processing time of GrabImageRGBD(): 8.29002ms
Frame 1411 end
Average processing time of GrabImageRGBD(): 8.28697ms
Frame 1412 end
Average processing time of GrabImageRGBD(): 8.284ms
Frame 1413 end
Average processing time of GrabImageRGBD(): 8.28039ms
Frame 1414 end
Average processing time of GrabImageRGBD(): 8.27952ms
Frame 1415 end
Average processing time of GrabImageRGBD(): 8.294ms
Frame 1416 end
Average processing time of GrabImageRGBD(): 8.29119ms
Frame 1417 end
Average processing time of GrabImageRGBD(): 8.29134ms
Frame 1418 end
Average processing time of GrabImageRGBD(): 8.2914ms
Frame 1419 end
Average processing time of GrabImageRGBD(): 8.29154ms
Frame 1420 end
Average processing time of GrabImageRGBD(): 8.28776ms
Frame 1421 end
Average processing time of GrabImageRGBD(): 8.28754ms
Frame 1422 end
Average processing time of GrabImageRGBD(): 8.28708ms
Frame 1423 end
Average processing time of GrabImageRGBD(): 8.28359ms
Frame 1424 end
Average processing time of GrabImageRGBD(): 8.283ms
Frame 1425 end
Average processing time of GrabImageRGBD(): 8.28289ms
Frame 1426 end
Average processing time of GrabImageRGBD(): 8.28248ms
Frame 1427 end
Average processing time of GrabImageRGBD(): 8.27896ms
Frame 1428 end
Average processing time of GrabImageRGBD(): 8.27758ms
Frame 1429 end
Average processing time of GrabImageRGBD(): 8.27765ms
Frame 1430 end
Average processing time of GrabImageRGBD(): 8.27437ms
Frame 1431 end
Average processing time of GrabImageRGBD(): 8.27378ms
Frame 1432 end
Average processing time of GrabImageRGBD(): 8.27021ms
Frame 1433 end
Average processing time of GrabImageRGBD(): 8.26981ms
Frame 1434 end
Average processing time of GrabImageRGBD(): 8.28338ms
Frame 1435 end
Average processing time of GrabImageRGBD(): 8.28416ms
Frame 1436 end
Average processing time of GrabImageRGBD(): 8.28393ms
Frame 1437 end
Average processing time of GrabImageRGBD(): 8.28125ms
Frame 1438 end
Average processing time of GrabImageRGBD(): 8.28119ms
Frame 1439 end
Average processing time of GrabImageRGBD(): 8.28106ms
Frame 1440 end
Average processing time of GrabImageRGBD(): 8.27819ms
Frame 1441 end
Average processing time of GrabImageRGBD(): 8.27783ms
Frame 1442 end
Average processing time of GrabImageRGBD(): 8.27413ms
Frame 1443 end
Average processing time of GrabImageRGBD(): 8.27395ms
Frame 1444 end
Average processing time of GrabImageRGBD(): 8.27065ms
Frame 1445 end
Average processing time of GrabImageRGBD(): 8.27073ms
Frame 1446 end
Average processing time of GrabImageRGBD(): 8.27053ms
Frame 1447 end
Average processing time of GrabImageRGBD(): 8.26769ms
Frame 1448 end
Average processing time of GrabImageRGBD(): 8.2674ms
Frame 1449 end
Average processing time of GrabImageRGBD(): 8.26506ms
Frame 1450 end
Average processing time of GrabImageRGBD(): 8.26456ms
Frame 1451 end
Average processing time of GrabImageRGBD(): 8.27936ms
Frame 1452 end
Average processing time of GrabImageRGBD(): 8.27983ms
Frame 1453 end
Average processing time of GrabImageRGBD(): 8.27973ms
Frame 1454 end
Average processing time of GrabImageRGBD(): 8.27972ms
Frame 1455 end
Average processing time of GrabImageRGBD(): 8.27953ms
Frame 1456 end
Average processing time of GrabImageRGBD(): 8.27945ms
Frame 1457 end
Average processing time of GrabImageRGBD(): 8.27712ms
Frame 1458 end
Average processing time of GrabImageRGBD(): 8.27397ms
Frame 1459 end
Average processing time of GrabImageRGBD(): 8.27375ms
Frame 1460 end
Average processing time of GrabImageRGBD(): 8.27283ms
Frame 1461 end
Average processing time of GrabImageRGBD(): 8.26952ms
Frame 1462 end
Average processing time of GrabImageRGBD(): 8.26944ms
Frame 1463 end
Average processing time of GrabImageRGBD(): 8.26941ms
Frame 1464 end
Average processing time of GrabImageRGBD(): 8.26574ms
Frame 1465 end
Average processing time of GrabImageRGBD(): 8.26214ms
Frame 1466 end
Average processing time of GrabImageRGBD(): 8.25868ms
Frame 1467 end
Average processing time of GrabImageRGBD(): 8.25667ms
Frame 1468 end
Average processing time of GrabImageRGBD(): 8.25599ms
Frame 1469 end
Average processing time of GrabImageRGBD(): 8.254ms
Frame 1470 end
Average processing time of GrabImageRGBD(): 8.25368ms
Frame 1471 end
Average processing time of GrabImageRGBD(): 8.25082ms
Frame 1472 end
Average processing time of GrabImageRGBD(): 8.25032ms
Frame 1473 end
Average processing time of GrabImageRGBD(): 8.24986ms
Frame 1474 end
Average processing time of GrabImageRGBD(): 8.24929ms
Frame 1475 end
Average processing time of GrabImageRGBD(): 8.24896ms
Frame 1476 end
Average processing time of GrabImageRGBD(): 8.26545ms
Frame 1477 end
Average processing time of GrabImageRGBD(): 8.26646ms
Frame 1478 end
Average processing time of GrabImageRGBD(): 8.26369ms
Frame 1479 end
Average processing time of GrabImageRGBD(): 8.26387ms
Frame 1480 end
Average processing time of GrabImageRGBD(): 8.26387ms
Frame 1481 end
Average processing time of GrabImageRGBD(): 8.2605ms
Frame 1482 end
Average processing time of GrabImageRGBD(): 8.25719ms
Frame 1483 end
Average processing time of GrabImageRGBD(): 8.25541ms
Frame 1484 end
Average processing time of GrabImageRGBD(): 8.25549ms
Frame 1485 end
Average processing time of GrabImageRGBD(): 8.25233ms
Frame 1486 end
Average processing time of GrabImageRGBD(): 8.25217ms
Frame 1487 end
Average processing time of GrabImageRGBD(): 8.24899ms
Frame 1488 end
Average processing time of GrabImageRGBD(): 8.24762ms
Frame 1489 end
Average processing time of GrabImageRGBD(): 8.24555ms
Frame 1490 end
Average processing time of GrabImageRGBD(): 8.24613ms
Frame 1491 end
Average processing time of GrabImageRGBD(): 8.24589ms
Frame 1492 end
Average processing time of GrabImageRGBD(): 8.24542ms
Frame 1493 end
Average processing time of GrabImageRGBD(): 8.2423ms
Frame 1494 end
Average processing time of GrabImageRGBD(): 8.25824ms
Frame 1495 end
Average processing time of GrabImageRGBD(): 8.25921ms
Frame 1496 end
Average processing time of GrabImageRGBD(): 8.25616ms
Frame 1497 end
Average processing time of GrabImageRGBD(): 8.25291ms
Frame 1498 end
Average processing time of GrabImageRGBD(): 8.25324ms
Frame 1499 end
Average processing time of GrabImageRGBD(): 8.25323ms
Frame 1500 end
Average processing time of GrabImageRGBD(): 8.25351ms
Frame 1501 end
Average processing time of GrabImageRGBD(): 8.25334ms
Frame 1502 end
Average processing time of GrabImageRGBD(): 8.25034ms
Frame 1503 end
Average processing time of GrabImageRGBD(): 8.24728ms
Frame 1504 end
Average processing time of GrabImageRGBD(): 8.24808ms
Frame 1505 end
Average processing time of GrabImageRGBD(): 8.24465ms
Frame 1506 end
Average processing time of GrabImageRGBD(): 8.24368ms
Frame 1507 end
Average processing time of GrabImageRGBD(): 8.2429ms
Frame 1508 end
Average processing time of GrabImageRGBD(): 8.24184ms
Frame 1509 end
Average processing time of GrabImageRGBD(): 8.24082ms
Frame 1510 end
Average processing time of GrabImageRGBD(): 8.23804ms
Frame 1511 end
Average processing time of GrabImageRGBD(): 8.23682ms
Frame 1512 end
Average processing time of GrabImageRGBD(): 8.25185ms
Frame 1513 end
Average processing time of GrabImageRGBD(): 8.25353ms
Frame 1514 end
Average processing time of GrabImageRGBD(): 8.25411ms
Frame 1515 end
Average processing time of GrabImageRGBD(): 8.25457ms
Frame 1516 end
Average processing time of GrabImageRGBD(): 8.25119ms
Frame 1517 end
Average processing time of GrabImageRGBD(): 8.24797ms
Frame 1518 end
Average processing time of GrabImageRGBD(): 8.2481ms
Frame 1519 end
Average processing time of GrabImageRGBD(): 8.24785ms
Frame 1520 end
Average processing time of GrabImageRGBD(): 8.24682ms
Frame 1521 end
Average processing time of GrabImageRGBD(): 8.24657ms
Frame 1522 end
Average processing time of GrabImageRGBD(): 8.24401ms
Frame 1523 end
Average processing time of GrabImageRGBD(): 8.24092ms
Frame 1524 end
Average processing time of GrabImageRGBD(): 8.23792ms
Frame 1525 end
Average processing time of GrabImageRGBD(): 8.23697ms
Frame 1526 end
Average processing time of GrabImageRGBD(): 8.23618ms
Frame 1527 end
Average processing time of GrabImageRGBD(): 8.23362ms
Frame 1528 end
Average processing time of GrabImageRGBD(): 8.23257ms
Frame 1529 end
Average processing time of GrabImageRGBD(): 8.22937ms
Frame 1530 end
Average processing time of GrabImageRGBD(): 8.22662ms
Frame 1531 end
Average processing time of GrabImageRGBD(): 8.22373ms
Frame 1532 end
Average processing time of GrabImageRGBD(): 8.24168ms
Frame 1533 end
Average processing time of GrabImageRGBD(): 8.24314ms
Frame 1534 end
Average processing time of GrabImageRGBD(): 8.24294ms
Frame 1535 end
Average processing time of GrabImageRGBD(): 8.23989ms
Frame 1536 end
Average processing time of GrabImageRGBD(): 8.23685ms
Frame 1537 end
Average processing time of GrabImageRGBD(): 8.23781ms
Frame 1538 end
Average processing time of GrabImageRGBD(): 8.23436ms
Frame 1539 end
Average processing time of GrabImageRGBD(): 8.2327ms
Frame 1540 end
Average processing time of GrabImageRGBD(): 8.23015ms
Frame 1541 end
Average processing time of GrabImageRGBD(): 8.22722ms
Frame 1542 end
Average processing time of GrabImageRGBD(): 8.22551ms
Frame 1543 end
Average processing time of GrabImageRGBD(): 8.22384ms
Frame 1544 end
Average processing time of GrabImageRGBD(): 8.22042ms
Frame 1545 end
Average processing time of GrabImageRGBD(): 8.21885ms
Frame 1546 end
Average processing time of GrabImageRGBD(): 8.21551ms
Frame 1547 end
Average processing time of GrabImageRGBD(): 8.21293ms
Frame 1548 end
Average processing time of GrabImageRGBD(): 8.2115ms
Frame 1549 end
Average processing time of GrabImageRGBD(): 8.20822ms
Frame 1550 end
Average processing time of GrabImageRGBD(): 8.20627ms
Frame 1551 end
Average processing time of GrabImageRGBD(): 8.20467ms
Frame 1552 end
Average processing time of GrabImageRGBD(): 8.22516ms
Frame 1553 end
Average processing time of GrabImageRGBD(): 8.22275ms
Frame 1554 end
Average processing time of GrabImageRGBD(): 8.22095ms
Frame 1555 end
Average processing time of GrabImageRGBD(): 8.22147ms
Frame 1556 end
Average processing time of GrabImageRGBD(): 8.2214ms
Frame 1557 end
Average processing time of GrabImageRGBD(): 8.21827ms
Frame 1558 end
Average processing time of GrabImageRGBD(): 8.2151ms
Frame 1559 end
Average processing time of GrabImageRGBD(): 8.2143ms
Frame 1560 end
Average processing time of GrabImageRGBD(): 8.21146ms
Frame 1561 end
Average processing time of GrabImageRGBD(): 8.21084ms
Frame 1562 end
Average processing time of GrabImageRGBD(): 8.20761ms
Frame 1563 end
Average processing time of GrabImageRGBD(): 8.20426ms
Frame 1564 end
Average processing time of GrabImageRGBD(): 8.2018ms
Frame 1565 end
Average processing time of GrabImageRGBD(): 8.2ms
Frame 1566 end
Average processing time of GrabImageRGBD(): 8.19934ms
Frame 1567 end
Average processing time of GrabImageRGBD(): 8.19606ms
Frame 1568 end
Average processing time of GrabImageRGBD(): 8.19465ms
Frame 1569 end
Average processing time of GrabImageRGBD(): 8.19144ms
Frame 1570 end
Average processing time of GrabImageRGBD(): 8.18982ms
Frame 1571 end
Average processing time of GrabImageRGBD(): 8.18848ms
Frame 1572 end
Average processing time of GrabImageRGBD(): 8.20206ms
Frame 1573 end
Average processing time of GrabImageRGBD(): 8.20335ms
Frame 1574 end
Average processing time of GrabImageRGBD(): 8.20455ms
Frame 1575 end
Average processing time of GrabImageRGBD(): 8.20299ms
Frame 1576 end
Average processing time of GrabImageRGBD(): 8.20151ms
Frame 1577 end
Average processing time of GrabImageRGBD(): 8.1983ms
Frame 1578 end
Average processing time of GrabImageRGBD(): 8.19734ms
Frame 1579 end
Average processing time of GrabImageRGBD(): 8.19413ms
Frame 1580 end
Average processing time of GrabImageRGBD(): 8.19255ms
Frame 1581 end
Average processing time of GrabImageRGBD(): 8.19087ms
Frame 1582 end
Average processing time of GrabImageRGBD(): 8.18917ms
Frame 1583 end
Average processing time of GrabImageRGBD(): 8.18865ms
Frame 1584 end
Average processing time of GrabImageRGBD(): 8.18673ms
Frame 1585 end
Average processing time of GrabImageRGBD(): 8.18318ms
Frame 1586 end
Average processing time of GrabImageRGBD(): 8.18043ms
Frame 1587 end
Average processing time of GrabImageRGBD(): 8.17726ms
Frame 1588 end
Average processing time of GrabImageRGBD(): 8.1757ms
Frame 1589 end
Average processing time of GrabImageRGBD(): 8.17329ms
Frame 1590 end
Average processing time of GrabImageRGBD(): 8.16977ms
Frame 1591 end
Average processing time of GrabImageRGBD(): 8.16719ms
Frame 1592 end
Average processing time of GrabImageRGBD(): 8.16424ms
Frame 1593 end
Average processing time of GrabImageRGBD(): 8.16148ms
Frame 1594 end
Average processing time of GrabImageRGBD(): 8.15952ms
Frame 1595 end
Average processing time of GrabImageRGBD(): 8.17293ms
Frame 1596 end
Average processing time of GrabImageRGBD(): 8.17465ms
Frame 1597 end
Average processing time of GrabImageRGBD(): 8.17154ms
Frame 1598 end
Average processing time of GrabImageRGBD(): 8.1698ms
Frame 1599 end
Average processing time of GrabImageRGBD(): 8.16687ms
Frame 1600 end
Average processing time of GrabImageRGBD(): 8.16396ms
Frame 1601 end
Average processing time of GrabImageRGBD(): 8.16377ms
Frame 1602 end
Average processing time of GrabImageRGBD(): 8.16074ms
Frame 1603 end
Average processing time of GrabImageRGBD(): 8.1577ms
Frame 1604 end
Average processing time of GrabImageRGBD(): 8.15654ms
Frame 1605 end
Average processing time of GrabImageRGBD(): 8.15382ms
Frame 1606 end
Average processing time of GrabImageRGBD(): 8.15061ms
Frame 1607 end
Average processing time of GrabImageRGBD(): 8.14745ms
Frame 1608 end
Average processing time of GrabImageRGBD(): 8.14607ms
Frame 1609 end
Average processing time of GrabImageRGBD(): 8.14474ms
Frame 1610 end
Average processing time of GrabImageRGBD(): 8.14166ms
Frame 1611 end
Average processing time of GrabImageRGBD(): 8.1405ms
Frame 1612 end
Average processing time of GrabImageRGBD(): 8.13731ms
Frame 1613 end
Average processing time of GrabImageRGBD(): 8.13483ms
Frame 1614 end
Average processing time of GrabImageRGBD(): 8.14692ms
Frame 1615 end
Average processing time of GrabImageRGBD(): 8.14539ms
Frame 1616 end
Average processing time of GrabImageRGBD(): 8.14229ms
Frame 1617 end
Average processing time of GrabImageRGBD(): 8.1401ms
Frame 1618 end
Average processing time of GrabImageRGBD(): 8.13681ms
Frame 1619 end
Average processing time of GrabImageRGBD(): 8.13487ms
Frame 1620 end
Average processing time of GrabImageRGBD(): 8.13335ms
Frame 1621 end
Average processing time of GrabImageRGBD(): 8.1302ms
Frame 1622 end
Average processing time of GrabImageRGBD(): 8.12927ms
Frame 1623 end
Average processing time of GrabImageRGBD(): 8.12845ms
Frame 1624 end
Average processing time of GrabImageRGBD(): 8.12553ms
Frame 1625 end
Average processing time of GrabImageRGBD(): 8.12391ms
Frame 1626 end
Average processing time of GrabImageRGBD(): 8.12224ms
Frame 1627 end
Average processing time of GrabImageRGBD(): 8.12051ms
Frame 1628 end
Average processing time of GrabImageRGBD(): 8.11736ms
Frame 1629 end
Average processing time of GrabImageRGBD(): 8.1157ms
Frame 1630 end
Average processing time of GrabImageRGBD(): 8.11246ms
Frame 1631 end
Average processing time of GrabImageRGBD(): 8.10977ms
Frame 1632 end
Average processing time of GrabImageRGBD(): 8.10682ms
Frame 1633 end
Average processing time of GrabImageRGBD(): 8.10382ms
Frame 1634 end
Average processing time of GrabImageRGBD(): 8.10115ms
Frame 1635 end
Average processing time of GrabImageRGBD(): 8.0982ms
Frame 1636 end
Average processing time of GrabImageRGBD(): 8.11087ms
Frame 1637 end
Average processing time of GrabImageRGBD(): 8.11249ms
Frame 1638 end
Average processing time of GrabImageRGBD(): 8.11046ms
Frame 1639 end
Average processing time of GrabImageRGBD(): 8.10946ms
Frame 1640 end
Average processing time of GrabImageRGBD(): 8.10795ms
Frame 1641 end
Average processing time of GrabImageRGBD(): 8.10685ms
Frame 1642 end
Average processing time of GrabImageRGBD(): 8.10373ms
Frame 1643 end
Average processing time of GrabImageRGBD(): 8.10282ms
Frame 1644 end
Average processing time of GrabImageRGBD(): 8.10235ms
Frame 1645 end
Average processing time of GrabImageRGBD(): 8.09964ms
Frame 1646 end
Average processing time of GrabImageRGBD(): 8.09895ms
Frame 1647 end
Average processing time of GrabImageRGBD(): 8.09802ms
Frame 1648 end
Average processing time of GrabImageRGBD(): 8.09516ms
Frame 1649 end
Average processing time of GrabImageRGBD(): 8.09416ms
Frame 1650 end
Average processing time of GrabImageRGBD(): 8.09256ms
Frame 1651 end
Average processing time of GrabImageRGBD(): 8.0907ms
Frame 1652 end
Average processing time of GrabImageRGBD(): 8.0883ms
Frame 1653 end
Average processing time of GrabImageRGBD(): 8.08592ms
Frame 1654 end
Average processing time of GrabImageRGBD(): 8.0847ms
Frame 1655 end
Average processing time of GrabImageRGBD(): 8.08168ms
Frame 1656 end
Average processing time of GrabImageRGBD(): 8.08006ms
Frame 1657 end
Average processing time of GrabImageRGBD(): 8.07724ms
Frame 1658 end
Average processing time of GrabImageRGBD(): 8.07579ms
Frame 1659 end
Average processing time of GrabImageRGBD(): 8.07268ms
Frame 1660 end
Average processing time of GrabImageRGBD(): 8.07095ms
Frame 1661 end
Average processing time of GrabImageRGBD(): 8.06921ms
Frame 1662 end
Average processing time of GrabImageRGBD(): 8.0675ms
Frame 1663 end
Average processing time of GrabImageRGBD(): 8.0658ms
Frame 1664 end
Average processing time of GrabImageRGBD(): 8.07745ms
Frame 1665 end
Average processing time of GrabImageRGBD(): 8.07509ms
Frame 1666 end
Average processing time of GrabImageRGBD(): 8.07429ms
Frame 1667 end
Average processing time of GrabImageRGBD(): 8.0714ms
Frame 1668 end
Average processing time of GrabImageRGBD(): 8.07063ms
Frame 1669 end
Average processing time of GrabImageRGBD(): 8.08292ms
Frame 1670 end
Average processing time of GrabImageRGBD(): 8.08212ms
Frame 1671 end
Average processing time of GrabImageRGBD(): 8.08153ms
Frame 1672 end
Average processing time of GrabImageRGBD(): 8.07946ms
Frame 1673 end
Average processing time of GrabImageRGBD(): 8.07877ms
Frame 1674 end
Average processing time of GrabImageRGBD(): 8.07836ms
Frame 1675 end
Average processing time of GrabImageRGBD(): 8.076ms
Frame 1676 end
Average processing time of GrabImageRGBD(): 8.07516ms
Frame 1677 end
Average processing time of GrabImageRGBD(): 8.07478ms
Frame 1678 end
Average processing time of GrabImageRGBD(): 8.07216ms
Frame 1679 end
Average processing time of GrabImageRGBD(): 8.07053ms
Frame 1680 end
Average processing time of GrabImageRGBD(): 8.06936ms
Frame 1681 end
Average processing time of GrabImageRGBD(): 8.06684ms
Frame 1682 end
Average processing time of GrabImageRGBD(): 8.065ms
Frame 1683 end
Average processing time of GrabImageRGBD(): 8.06382ms
Frame 1684 end
Average processing time of GrabImageRGBD(): 8.06091ms
Frame 1685 end
Average processing time of GrabImageRGBD(): 8.05788ms
Frame 1686 end
Average processing time of GrabImageRGBD(): 8.05661ms
Frame 1687 end
Average processing time of GrabImageRGBD(): 8.05347ms
Frame 1688 end
Average processing time of GrabImageRGBD(): 8.05196ms
Frame 1689 end
Average processing time of GrabImageRGBD(): 8.05039ms
Frame 1690 end
Average processing time of GrabImageRGBD(): 8.04737ms
Frame 1691 end
Average processing time of GrabImageRGBD(): 8.04437ms
Frame 1692 end
Average processing time of GrabImageRGBD(): 8.0414ms
Frame 1693 end
Average processing time of GrabImageRGBD(): 8.05404ms
Frame 1694 end
Average processing time of GrabImageRGBD(): 8.05457ms
Frame 1695 end
Average processing time of GrabImageRGBD(): 8.05438ms
Frame 1696 end
Average processing time of GrabImageRGBD(): 8.05206ms
Frame 1697 end
Average processing time of GrabImageRGBD(): 8.05183ms
Frame 1698 end
Average processing time of GrabImageRGBD(): 8.05131ms
Frame 1699 end
Average processing time of GrabImageRGBD(): 8.0485ms
Frame 1700 end
Average processing time of GrabImageRGBD(): 8.04807ms
Frame 1701 end
Average processing time of GrabImageRGBD(): 8.04738ms
Frame 1702 end
Average processing time of GrabImageRGBD(): 8.04689ms
Frame 1703 end
Average processing time of GrabImageRGBD(): 8.04645ms
Frame 1704 end
Average processing time of GrabImageRGBD(): 8.0438ms
Frame 1705 end
Average processing time of GrabImageRGBD(): 8.04305ms
Frame 1706 end
Average processing time of GrabImageRGBD(): 8.04111ms
Frame 1707 end
Average processing time of GrabImageRGBD(): 8.04016ms
Frame 1708 end
Average processing time of GrabImageRGBD(): 8.0394ms
Frame 1709 end
Average processing time of GrabImageRGBD(): 8.03865ms
Frame 1710 end
Average processing time of GrabImageRGBD(): 8.03629ms
Frame 1711 end
Average processing time of GrabImageRGBD(): 8.03462ms
Frame 1712 end
Average processing time of GrabImageRGBD(): 8.03358ms
Frame 1713 end
Average processing time of GrabImageRGBD(): 8.03175ms
Frame 1714 end
Average processing time of GrabImageRGBD(): 8.02882ms
Frame 1715 end
Average processing time of GrabImageRGBD(): 8.02592ms
Frame 1716 end
Average processing time of GrabImageRGBD(): 8.0249ms
Frame 1717 end
Average processing time of GrabImageRGBD(): 8.0227ms
Frame 1718 end
Average processing time of GrabImageRGBD(): 8.02031ms
Frame 1719 end
Average processing time of GrabImageRGBD(): 8.01754ms
Frame 1720 end
Average processing time of GrabImageRGBD(): 8.01526ms
Frame 1721 end
Average processing time of GrabImageRGBD(): 8.01264ms
Frame 1722 end
Average processing time of GrabImageRGBD(): 8.00969ms
Frame 1723 end
Average processing time of GrabImageRGBD(): 8.02169ms
Frame 1724 end
Average processing time of GrabImageRGBD(): 8.02135ms
Frame 1725 end
Average processing time of GrabImageRGBD(): 8.02109ms
Frame 1726 end
Average processing time of GrabImageRGBD(): 8.0208ms
Frame 1727 end
Average processing time of GrabImageRGBD(): 8.02019ms
Frame 1728 end
Average processing time of GrabImageRGBD(): 8.01985ms
Frame 1729 end
Average processing time of GrabImageRGBD(): 8.01723ms
Frame 1730 end
Average processing time of GrabImageRGBD(): 8.0145ms
Frame 1731 end
Average processing time of GrabImageRGBD(): 8.01166ms
Frame 1732 end
Average processing time of GrabImageRGBD(): 8.00944ms
Frame 1733 end
Average processing time of GrabImageRGBD(): 8.00715ms
Frame 1734 end
Average processing time of GrabImageRGBD(): 8.00695ms
Frame 1735 end
Average processing time of GrabImageRGBD(): 8.00659ms
Frame 1736 end
Average processing time of GrabImageRGBD(): 8.00597ms
Frame 1737 end
Average processing time of GrabImageRGBD(): 8.00561ms
Frame 1738 end
Average processing time of GrabImageRGBD(): 8.00322ms
Frame 1739 end
Average processing time of GrabImageRGBD(): 8.00254ms
Frame 1740 end
Average processing time of GrabImageRGBD(): 7.99989ms
Frame 1741 end
Average processing time of GrabImageRGBD(): 7.99921ms
Frame 1742 end
Average processing time of GrabImageRGBD(): 7.99663ms
Frame 1743 end
Average processing time of GrabImageRGBD(): 7.99402ms
Frame 1744 end
Average processing time of GrabImageRGBD(): 7.99118ms
Frame 1745 end
Average processing time of GrabImageRGBD(): 7.99058ms
Frame 1746 end
Average processing time of GrabImageRGBD(): 7.98865ms
Frame 1747 end
Average processing time of GrabImageRGBD(): 7.98598ms
Frame 1748 end
Average processing time of GrabImageRGBD(): 7.98541ms
Frame 1749 end
Shutdown
-------

median tracking time: 0.00698205
mean tracking time: 0.00865293

Saving camera trajectory to CameraTrajectory.txt ...

Saving keyframe trajectory to KeyFrameTrajectory.txt ...
