
ORB-SLAM3 Copyright (C) 2017-2020 Carlos Campos, Richard Elvira, Juan J. Gómez, José M.M. Montiel and Juan D. Tardós, University of Zaragoza.
ORB-SLAM2 Copyright (C) 2014-2016 Raúl Mur-Artal, José M.M. Montiel and Juan D. Tardós, University of Zaragoza.
This program comes with ABSOLUTELY NO WARRANTY;
This is free software, and you are welcome to redistribute it
under certain conditions. See LICENSE.txt.

Input sensor was set to: RGB-D
Loading settings from /home/bingxin/Downloads/NGD-SLAM/Examples/RGB-D/Bonn.yaml
Camera1.k3 optional parameter does not exist...
	-Loaded camera 1
Camera.newHeight optional parameter does not exist...
Camera.newWidth optional parameter does not exist...
	-Loaded image info
	-Loaded RGB-D calibration
	-Loaded ORB settings
Viewer.imageViewScale optional parameter does not exist...
	-Loaded viewer settings
System.LoadAtlasFromFile optional parameter does not exist...
System.SaveAtlasToFile optional parameter does not exist...
	-Loaded Atlas settings
System.thFarPoints optional parameter does not exist...
	-Loaded misc parameters
----------------------------------
SLAM settings: 
	-Camera 1 parameters (Pinhole): [ 542.823 542.577 315.594 237.756 ]
	-Camera 1 distortion parameters: [  0.039903 -0.099343 -0.00073 -0.000144 ]
	-Original image size: [ 640 , 480 ]
	-Current image size: [ 640 , 480 ]
	-Sequence FPS: 30
	-RGB-D depth map factor: 5000
	-Features per image: 1000
	-ORB scale factor: 1.2
	-ORB number of scales: 8
	-Initial FAST threshold: 20
	-Min FAST threshold: 7


Loading ORB Vocabulary. This could take a while...
Vocabulary loaded!

Initialization of Atlas from scratch 
Creation of new map with id: 0
Creation of new map with last KF id: 0
Seq. Name: 
There are 1 cameras in the atlas
Camera 0 is pinhole
Net use yolo-fastest

-------
Start processing sequence ...
Images in the sequence: 1750

First KF:0; Map init KF:0
New Map created with 886 points
Average processing time of GrabImageRGBD(): 44.0759ms
Frame 0 end
Average processing time of GrabImageRGBD(): 34.6924ms
Frame 1 end
Average processing time of GrabImageRGBD(): 31.4032ms
Frame 2 end
Average processing time of GrabImageRGBD(): 24.9731ms
Frame 3 end
Average processing time of GrabImageRGBD(): 21.9264ms
Frame 4 end
Average processing time of GrabImageRGBD(): 18.9009ms
Frame 5 end
Starting the Viewer
Average processing time of GrabImageRGBD(): 16.7537ms
Frame 6 end
Average processing time of GrabImageRGBD(): 15.1268ms
Frame 7 end
Average processing time of GrabImageRGBD(): 13.8627ms
Frame 8 end
Average processing time of GrabImageRGBD(): 12.8624ms
Frame 9 end
Average processing time of GrabImageRGBD(): 12.0448ms
Frame 10 end
Average processing time of GrabImageRGBD(): 11.339ms
Frame 11 end
Average processing time of GrabImageRGBD(): 10.7773ms
Frame 12 end
Average processing time of GrabImageRGBD(): 10.7513ms
Frame 13 end
Average processing time of GrabImageRGBD(): 10.7558ms
Frame 14 end
Average processing time of GrabImageRGBD(): 10.2674ms
Frame 15 end
Average processing time of GrabImageRGBD(): 10.0074ms
Frame 16 end
Average processing time of GrabImageRGBD(): 10.017ms
Frame 17 end
Average processing time of GrabImageRGBD(): 10.0552ms
Frame 18 end
Average processing time of GrabImageRGBD(): 9.70433ms
Frame 19 end
Average processing time of GrabImageRGBD(): 9.72674ms
Frame 20 end
Average processing time of GrabImageRGBD(): 9.7518ms
Frame 21 end
Average processing time of GrabImageRGBD(): 9.77639ms
Frame 22 end
Average processing time of GrabImageRGBD(): 9.7832ms
Frame 23 end
Average processing time of GrabImageRGBD(): 10.4519ms
Frame 24 end
Average processing time of GrabImageRGBD(): 10.1644ms
Frame 25 end
Average processing time of GrabImageRGBD(): 9.95702ms
Frame 26 end
Average processing time of GrabImageRGBD(): 9.77647ms
Frame 27 end
Average processing time of GrabImageRGBD(): 9.61293ms
Frame 28 end
Average processing time of GrabImageRGBD(): 9.56049ms
Frame 29 end
Average processing time of GrabImageRGBD(): 9.35052ms
Frame 30 end
Average processing time of GrabImageRGBD(): 9.16049ms
Frame 31 end
Average processing time of GrabImageRGBD(): 9.12243ms
Frame 32 end
Average processing time of GrabImageRGBD(): 9.08718ms
Frame 33 end
Average processing time of GrabImageRGBD(): 9.045ms
Frame 34 end
Average processing time of GrabImageRGBD(): 8.88644ms
Frame 35 end
Average processing time of GrabImageRGBD(): 9.38104ms
Frame 36 end
Average processing time of GrabImageRGBD(): 9.24318ms
Frame 37 end
Average processing time of GrabImageRGBD(): 9.0908ms
Frame 38 end
Average processing time of GrabImageRGBD(): 8.94992ms
Frame 39 end
Average processing time of GrabImageRGBD(): 8.89691ms
Frame 40 end
Average processing time of GrabImageRGBD(): 8.76453ms
Frame 41 end
Average processing time of GrabImageRGBD(): 8.76826ms
Frame 42 end
Average processing time of GrabImageRGBD(): 8.65107ms
Frame 43 end
Average processing time of GrabImageRGBD(): 9.01765ms
Frame 44 end
Average processing time of GrabImageRGBD(): 9.04328ms
Frame 45 end
Average processing time of GrabImageRGBD(): 8.91908ms
Frame 46 end
Average processing time of GrabImageRGBD(): 8.93401ms
Frame 47 end
Average processing time of GrabImageRGBD(): 8.87326ms
Frame 48 end
Average processing time of GrabImageRGBD(): 8.75231ms
Frame 49 end
Average processing time of GrabImageRGBD(): 8.67407ms
Frame 50 end
Average processing time of GrabImageRGBD(): 8.68061ms
Frame 51 end
Average processing time of GrabImageRGBD(): 8.68881ms
Frame 52 end
Average processing time of GrabImageRGBD(): 8.58564ms
Frame 53 end
Average processing time of GrabImageRGBD(): 8.59651ms
Frame 54 end
Average processing time of GrabImageRGBD(): 8.50242ms
Frame 55 end
Average processing time of GrabImageRGBD(): 8.79502ms
Frame 56 end
Average processing time of GrabImageRGBD(): 8.71599ms
Frame 57 end
Average processing time of GrabImageRGBD(): 8.62853ms
Frame 58 end
Average processing time of GrabImageRGBD(): 8.53436ms
Frame 59 end
Average processing time of GrabImageRGBD(): 8.53329ms
Frame 60 end
Average processing time of GrabImageRGBD(): 8.85781ms
Frame 61 end
Average processing time of GrabImageRGBD(): 8.87967ms
Frame 62 end
Average processing time of GrabImageRGBD(): 8.78249ms
Frame 63 end
Average processing time of GrabImageRGBD(): 8.78569ms
Frame 64 end
Average processing time of GrabImageRGBD(): 8.78353ms
Frame 65 end
Average processing time of GrabImageRGBD(): 9.07556ms
Frame 66 end
Average processing time of GrabImageRGBD(): 9.02433ms
Frame 67 end
Average processing time of GrabImageRGBD(): 8.96623ms
Frame 68 end
Average processing time of GrabImageRGBD(): 8.96765ms
Frame 69 end
Average processing time of GrabImageRGBD(): 8.87889ms
Frame 70 end
Average processing time of GrabImageRGBD(): 8.80199ms
Frame 71 end
Average processing time of GrabImageRGBD(): 8.72408ms
Frame 72 end
Average processing time of GrabImageRGBD(): 8.7204ms
Frame 73 end
Average processing time of GrabImageRGBD(): 8.96419ms
Frame 74 end
Average processing time of GrabImageRGBD(): 8.897ms
Frame 75 end
Average processing time of GrabImageRGBD(): 8.82012ms
Frame 76 end
Average processing time of GrabImageRGBD(): 8.7731ms
Frame 77 end
Average processing time of GrabImageRGBD(): 8.77298ms
Frame 78 end
Average processing time of GrabImageRGBD(): 8.98828ms
Frame 79 end
Average processing time of GrabImageRGBD(): 9.00315ms
Frame 80 end
Average processing time of GrabImageRGBD(): 8.93355ms
Frame 81 end
Average processing time of GrabImageRGBD(): 8.93202ms
Frame 82 end
Average processing time of GrabImageRGBD(): 8.93283ms
Frame 83 end
Average processing time of GrabImageRGBD(): 8.86092ms
Frame 84 end
Average processing time of GrabImageRGBD(): 8.83832ms
Frame 85 end
Average processing time of GrabImageRGBD(): 9.06754ms
Frame 86 end
Average processing time of GrabImageRGBD(): 9.07594ms
Frame 87 end
Average processing time of GrabImageRGBD(): 9.30998ms
Frame 88 end
Average processing time of GrabImageRGBD(): 9.33094ms
Frame 89 end
Average processing time of GrabImageRGBD(): 9.25974ms
Frame 90 end
Average processing time of GrabImageRGBD(): 9.21238ms
Frame 91 end
Average processing time of GrabImageRGBD(): 9.21427ms
Frame 92 end
Average processing time of GrabImageRGBD(): 9.21534ms
Frame 93 end
Average processing time of GrabImageRGBD(): 9.15531ms
Frame 94 end
Average processing time of GrabImageRGBD(): 9.15312ms
Frame 95 end
Average processing time of GrabImageRGBD(): 9.15566ms
Frame 96 end
Average processing time of GrabImageRGBD(): 9.1558ms
Frame 97 end
Average processing time of GrabImageRGBD(): 9.32009ms
Frame 98 end
Average processing time of GrabImageRGBD(): 9.27037ms
Frame 99 end
Average processing time of GrabImageRGBD(): 9.26927ms
Frame 100 end
Average processing time of GrabImageRGBD(): 9.24873ms
Frame 101 end
Average processing time of GrabImageRGBD(): 9.22187ms
Frame 102 end
Average processing time of GrabImageRGBD(): 9.20751ms
Frame 103 end
Average processing time of GrabImageRGBD(): 9.19784ms
Frame 104 end
Average processing time of GrabImageRGBD(): 9.18458ms
Frame 105 end
Average processing time of GrabImageRGBD(): 9.3405ms
Frame 106 end
Average processing time of GrabImageRGBD(): 9.33744ms
Frame 107 end
Average processing time of GrabImageRGBD(): 9.48496ms
Frame 108 end
Average processing time of GrabImageRGBD(): 9.51987ms
Frame 109 end
Average processing time of GrabImageRGBD(): 9.52112ms
Frame 110 end
Average processing time of GrabImageRGBD(): 9.46798ms
Frame 111 end
Average processing time of GrabImageRGBD(): 9.47327ms
Frame 112 end
Average processing time of GrabImageRGBD(): 9.64386ms
Frame 113 end
Average processing time of GrabImageRGBD(): 9.64943ms
Frame 114 end
Average processing time of GrabImageRGBD(): 9.64307ms
Frame 115 end
Average processing time of GrabImageRGBD(): 9.6675ms
Frame 116 end
Average processing time of GrabImageRGBD(): 9.62062ms
Frame 117 end
Average processing time of GrabImageRGBD(): 9.61019ms
Frame 118 end
Average processing time of GrabImageRGBD(): 9.74491ms
Frame 119 end
Average processing time of GrabImageRGBD(): 9.778ms
Frame 120 end
Average processing time of GrabImageRGBD(): 9.72336ms
Frame 121 end
Average processing time of GrabImageRGBD(): 9.68161ms
Frame 122 end
Average processing time of GrabImageRGBD(): 9.81596ms
Frame 123 end
Average processing time of GrabImageRGBD(): 9.78724ms
Frame 124 end
Average processing time of GrabImageRGBD(): 9.73258ms
Frame 125 end
Average processing time of GrabImageRGBD(): 9.69836ms
Frame 126 end
Average processing time of GrabImageRGBD(): 9.66033ms
Frame 127 end
Average processing time of GrabImageRGBD(): 9.60862ms
Frame 128 end
Average processing time of GrabImageRGBD(): 9.59316ms
Frame 129 end
Average processing time of GrabImageRGBD(): 9.74984ms
Frame 130 end
Average processing time of GrabImageRGBD(): 9.74413ms
Frame 131 end
Average processing time of GrabImageRGBD(): 9.72896ms
Frame 132 end
Average processing time of GrabImageRGBD(): 9.68533ms
Frame 133 end
Average processing time of GrabImageRGBD(): 9.67126ms
Frame 134 end
Average processing time of GrabImageRGBD(): 9.64594ms
Frame 135 end
Average processing time of GrabImageRGBD(): 9.7681ms
Frame 136 end
Average processing time of GrabImageRGBD(): 9.75635ms
Frame 137 end
Average processing time of GrabImageRGBD(): 9.72182ms
Frame 138 end
Average processing time of GrabImageRGBD(): 9.69611ms
Frame 139 end
Average processing time of GrabImageRGBD(): 9.64774ms
Frame 140 end
Average processing time of GrabImageRGBD(): 9.60324ms
Frame 141 end
Average processing time of GrabImageRGBD(): 9.75272ms
Frame 142 end
Average processing time of GrabImageRGBD(): 9.71815ms
Frame 143 end
Average processing time of GrabImageRGBD(): 9.6687ms
Frame 144 end
Average processing time of GrabImageRGBD(): 9.7749ms
Frame 145 end
Average processing time of GrabImageRGBD(): 9.73538ms
Frame 146 end
Average processing time of GrabImageRGBD(): 9.83119ms
Frame 147 end
Average processing time of GrabImageRGBD(): 9.80364ms
Frame 148 end
Average processing time of GrabImageRGBD(): 9.75177ms
Frame 149 end
Average processing time of GrabImageRGBD(): 9.71987ms
Frame 150 end
Average processing time of GrabImageRGBD(): 9.67486ms
Frame 151 end
Average processing time of GrabImageRGBD(): 9.64402ms
Frame 152 end
Average processing time of GrabImageRGBD(): 9.60123ms
Frame 153 end
Average processing time of GrabImageRGBD(): 9.57365ms
Frame 154 end
Average processing time of GrabImageRGBD(): 9.54308ms
Frame 155 end
Average processing time of GrabImageRGBD(): 9.50323ms
Frame 156 end
Average processing time of GrabImageRGBD(): 9.47407ms
Frame 157 end
Average processing time of GrabImageRGBD(): 9.56732ms
Frame 158 end
Average processing time of GrabImageRGBD(): 9.52483ms
Frame 159 end
Average processing time of GrabImageRGBD(): 9.47964ms
Frame 160 end
Average processing time of GrabImageRGBD(): 9.44648ms
Frame 161 end
Average processing time of GrabImageRGBD(): 9.40419ms
Frame 162 end
Average processing time of GrabImageRGBD(): 9.36224ms
Frame 163 end
Average processing time of GrabImageRGBD(): 9.3344ms
Frame 164 end
Average processing time of GrabImageRGBD(): 9.30636ms
Frame 165 end
Average processing time of GrabImageRGBD(): 9.27855ms
Frame 166 end
Average processing time of GrabImageRGBD(): 9.38207ms
Frame 167 end
Average processing time of GrabImageRGBD(): 9.35925ms
Frame 168 end
Average processing time of GrabImageRGBD(): 9.31712ms
Frame 169 end
Average processing time of GrabImageRGBD(): 9.29029ms
Frame 170 end
Average processing time of GrabImageRGBD(): 9.25242ms
Frame 171 end
Average processing time of GrabImageRGBD(): 9.33477ms
Frame 172 end
Average processing time of GrabImageRGBD(): 9.31559ms
Frame 173 end
Average processing time of GrabImageRGBD(): 9.27503ms
Frame 174 end
Average processing time of GrabImageRGBD(): 9.36779ms
Frame 175 end
Average processing time of GrabImageRGBD(): 9.3356ms
Frame 176 end
Average processing time of GrabImageRGBD(): 9.29822ms
Frame 177 end
Average processing time of GrabImageRGBD(): 9.26311ms
Frame 178 end
Average processing time of GrabImageRGBD(): 9.23625ms
Frame 179 end
Average processing time of GrabImageRGBD(): 9.19852ms
Frame 180 end
Average processing time of GrabImageRGBD(): 9.17055ms
Frame 181 end
Average processing time of GrabImageRGBD(): 9.13924ms
Frame 182 end
Average processing time of GrabImageRGBD(): 9.1142ms
Frame 183 end
Average processing time of GrabImageRGBD(): 9.09159ms
Frame 184 end
Average processing time of GrabImageRGBD(): 9.06301ms
Frame 185 end
Average processing time of GrabImageRGBD(): 9.03885ms
Frame 186 end
Average processing time of GrabImageRGBD(): 9.01234ms
Frame 187 end
Average processing time of GrabImageRGBD(): 8.99109ms
Frame 188 end
Average processing time of GrabImageRGBD(): 8.96804ms
Frame 189 end
Average processing time of GrabImageRGBD(): 8.94141ms
Frame 190 end
Average processing time of GrabImageRGBD(): 8.91589ms
Frame 191 end
Average processing time of GrabImageRGBD(): 8.89425ms
Frame 192 end
Average processing time of GrabImageRGBD(): 8.87216ms
Frame 193 end
Average processing time of GrabImageRGBD(): 8.85213ms
Frame 194 end
Average processing time of GrabImageRGBD(): 8.82989ms
Frame 195 end
Average processing time of GrabImageRGBD(): 8.80907ms
Frame 196 end
Average processing time of GrabImageRGBD(): 8.78132ms
Frame 197 end
Average processing time of GrabImageRGBD(): 8.76025ms
Frame 198 end
Average processing time of GrabImageRGBD(): 8.72987ms
Frame 199 end
Average processing time of GrabImageRGBD(): 8.70593ms
Frame 200 end
Average processing time of GrabImageRGBD(): 8.67832ms
Frame 201 end
Average processing time of GrabImageRGBD(): 8.65924ms
Frame 202 end
Average processing time of GrabImageRGBD(): 8.7557ms
Frame 203 end
Average processing time of GrabImageRGBD(): 8.74393ms
Frame 204 end
Average processing time of GrabImageRGBD(): 8.71843ms
Frame 205 end
Average processing time of GrabImageRGBD(): 8.69841ms
Frame 206 end
Average processing time of GrabImageRGBD(): 8.6793ms
Frame 207 end
Average processing time of GrabImageRGBD(): 8.77786ms
Frame 208 end
Average processing time of GrabImageRGBD(): 8.76865ms
Frame 209 end
Average processing time of GrabImageRGBD(): 8.74695ms
Frame 210 end
Average processing time of GrabImageRGBD(): 8.72251ms
Frame 211 end
Average processing time of GrabImageRGBD(): 8.85021ms
Frame 212 end
Average processing time of GrabImageRGBD(): 8.83043ms
Frame 213 end
Average processing time of GrabImageRGBD(): 8.80886ms
Frame 214 end
Average processing time of GrabImageRGBD(): 8.79325ms
Frame 215 end
Average processing time of GrabImageRGBD(): 8.87791ms
Frame 216 end
Average processing time of GrabImageRGBD(): 8.86795ms
Frame 217 end
Average processing time of GrabImageRGBD(): 8.86174ms
Frame 218 end
Average processing time of GrabImageRGBD(): 8.86241ms
Frame 219 end
Average processing time of GrabImageRGBD(): 8.8739ms
Frame 220 end
Average processing time of GrabImageRGBD(): 8.85633ms
Frame 221 end
Average processing time of GrabImageRGBD(): 8.85933ms
Frame 222 end
Average processing time of GrabImageRGBD(): 8.83811ms
Frame 223 end
Average processing time of GrabImageRGBD(): 8.84032ms
Frame 224 end
Average processing time of GrabImageRGBD(): 8.84625ms
Frame 225 end
Average processing time of GrabImageRGBD(): 8.84456ms
Frame 226 end
Average processing time of GrabImageRGBD(): 8.82583ms
Frame 227 end
Average processing time of GrabImageRGBD(): 8.80294ms
Frame 228 end
Average processing time of GrabImageRGBD(): 8.78994ms
Frame 229 end
Average processing time of GrabImageRGBD(): 8.76783ms
Frame 230 end
Average processing time of GrabImageRGBD(): 8.89726ms
Frame 231 end
Average processing time of GrabImageRGBD(): 8.87827ms
Frame 232 end
Average processing time of GrabImageRGBD(): 8.85417ms
Frame 233 end
Average processing time of GrabImageRGBD(): 8.83576ms
Frame 234 end
Average processing time of GrabImageRGBD(): 8.92742ms
Frame 235 end
Average processing time of GrabImageRGBD(): 8.90969ms
Frame 236 end
Average processing time of GrabImageRGBD(): 8.88585ms
Frame 237 end
Average processing time of GrabImageRGBD(): 8.86513ms
Frame 238 end
Average processing time of GrabImageRGBD(): 8.94953ms
Frame 239 end
Average processing time of GrabImageRGBD(): 8.94551ms
Frame 240 end
Average processing time of GrabImageRGBD(): 8.92801ms
Frame 241 end
Average processing time of GrabImageRGBD(): 8.94084ms
Frame 242 end
Average processing time of GrabImageRGBD(): 8.94861ms
Frame 243 end
Average processing time of GrabImageRGBD(): 8.95694ms
Frame 244 end
Average processing time of GrabImageRGBD(): 8.96262ms
Frame 245 end
Average processing time of GrabImageRGBD(): 8.95138ms
Frame 246 end
Average processing time of GrabImageRGBD(): 8.93113ms
Frame 247 end
Average processing time of GrabImageRGBD(): 8.9283ms
Frame 248 end
Average processing time of GrabImageRGBD(): 9.00398ms
Frame 249 end
Average processing time of GrabImageRGBD(): 8.98565ms
Frame 250 end
Average processing time of GrabImageRGBD(): 8.96702ms
Frame 251 end
Average processing time of GrabImageRGBD(): 8.98017ms
Frame 252 end
Average processing time of GrabImageRGBD(): 8.9932ms
Frame 253 end
Average processing time of GrabImageRGBD(): 8.98534ms
Frame 254 end
Average processing time of GrabImageRGBD(): 8.99569ms
Frame 255 end
Average processing time of GrabImageRGBD(): 9.00605ms
Frame 256 end
Average processing time of GrabImageRGBD(): 9.10527ms
Frame 257 end
Average processing time of GrabImageRGBD(): 9.11423ms
Frame 258 end
Average processing time of GrabImageRGBD(): 9.12791ms
Frame 259 end
Average processing time of GrabImageRGBD(): 9.1137ms
Frame 260 end
Average processing time of GrabImageRGBD(): 9.10881ms
Frame 261 end
Average processing time of GrabImageRGBD(): 9.20433ms
Frame 262 end
Average processing time of GrabImageRGBD(): 9.21134ms
Frame 263 end
Average processing time of GrabImageRGBD(): 9.19081ms
Frame 264 end
Average processing time of GrabImageRGBD(): 9.17187ms
Frame 265 end
Average processing time of GrabImageRGBD(): 9.17534ms
Frame 266 end
Average processing time of GrabImageRGBD(): 9.17808ms
Frame 267 end
Average processing time of GrabImageRGBD(): 9.17877ms
Frame 268 end
Average processing time of GrabImageRGBD(): 9.16718ms
Frame 269 end
Average processing time of GrabImageRGBD(): 9.1683ms
Frame 270 end
Average processing time of GrabImageRGBD(): 9.1477ms
Frame 271 end
Average processing time of GrabImageRGBD(): 9.14988ms
Frame 272 end
Average processing time of GrabImageRGBD(): 9.24846ms
Frame 273 end
Average processing time of GrabImageRGBD(): 9.24354ms
Frame 274 end
Average processing time of GrabImageRGBD(): 9.22358ms
Frame 275 end
Average processing time of GrabImageRGBD(): 9.22281ms
Frame 276 end
Average processing time of GrabImageRGBD(): 9.33482ms
Frame 277 end
Average processing time of GrabImageRGBD(): 9.32373ms
Frame 278 end
Average processing time of GrabImageRGBD(): 9.302ms
Frame 279 end
Average processing time of GrabImageRGBD(): 9.29174ms
Frame 280 end
Average processing time of GrabImageRGBD(): 9.28917ms
Frame 281 end
Average processing time of GrabImageRGBD(): 9.27717ms
Frame 282 end
Average processing time of GrabImageRGBD(): 9.27578ms
Frame 283 end
Average processing time of GrabImageRGBD(): 9.35157ms
Frame 284 end
Average processing time of GrabImageRGBD(): 9.35261ms
Frame 285 end
Average processing time of GrabImageRGBD(): 9.33325ms
Frame 286 end
Average processing time of GrabImageRGBD(): 9.31298ms
Frame 287 end
Average processing time of GrabImageRGBD(): 9.38719ms
Frame 288 end
Average processing time of GrabImageRGBD(): 9.3869ms
Frame 289 end
Average processing time of GrabImageRGBD(): 9.36577ms
Frame 290 end
Average processing time of GrabImageRGBD(): 9.34641ms
Frame 291 end
Average processing time of GrabImageRGBD(): 9.41844ms
Frame 292 end
Average processing time of GrabImageRGBD(): 9.41266ms
Frame 293 end
Average processing time of GrabImageRGBD(): 9.39237ms
Frame 294 end
Average processing time of GrabImageRGBD(): 9.38036ms
Frame 295 end
Average processing time of GrabImageRGBD(): 9.38124ms
Frame 296 end
Average processing time of GrabImageRGBD(): 9.38032ms
Frame 297 end
Average processing time of GrabImageRGBD(): 9.37908ms
Frame 298 end
Average processing time of GrabImageRGBD(): 9.35801ms
Frame 299 end
Average processing time of GrabImageRGBD(): 9.3484ms
Frame 300 end
Average processing time of GrabImageRGBD(): 9.34736ms
Frame 301 end
Average processing time of GrabImageRGBD(): 9.3485ms
Frame 302 end
Average processing time of GrabImageRGBD(): 9.32854ms
Frame 303 end
Average processing time of GrabImageRGBD(): 9.32642ms
Frame 304 end
Average processing time of GrabImageRGBD(): 9.31314ms
Frame 305 end
Average processing time of GrabImageRGBD(): 9.31206ms
Frame 306 end
Average processing time of GrabImageRGBD(): 9.29266ms
Frame 307 end
Average processing time of GrabImageRGBD(): 9.27299ms
Frame 308 end
Average processing time of GrabImageRGBD(): 9.25476ms
Frame 309 end
Average processing time of GrabImageRGBD(): 9.24234ms
Frame 310 end
Average processing time of GrabImageRGBD(): 9.24043ms
Frame 311 end
Average processing time of GrabImageRGBD(): 9.22558ms
Frame 312 end
Average processing time of GrabImageRGBD(): 9.22329ms
Frame 313 end
Average processing time of GrabImageRGBD(): 9.20442ms
Frame 314 end
Average processing time of GrabImageRGBD(): 9.20327ms
Frame 315 end
Average processing time of GrabImageRGBD(): 9.18805ms
Frame 316 end
Average processing time of GrabImageRGBD(): 9.24393ms
Frame 317 end
Average processing time of GrabImageRGBD(): 9.2298ms
Frame 318 end
Average processing time of GrabImageRGBD(): 9.22215ms
Frame 319 end
Average processing time of GrabImageRGBD(): 9.20871ms
Frame 320 end
Average processing time of GrabImageRGBD(): 9.20599ms
Frame 321 end
Average processing time of GrabImageRGBD(): 9.20418ms
Frame 322 end
Average processing time of GrabImageRGBD(): 9.19986ms
Frame 323 end
Average processing time of GrabImageRGBD(): 9.19337ms
Frame 324 end
Average processing time of GrabImageRGBD(): 9.19015ms
Frame 325 end
Average processing time of GrabImageRGBD(): 9.18531ms
Frame 326 end
Average processing time of GrabImageRGBD(): 9.16683ms
Frame 327 end
Average processing time of GrabImageRGBD(): 9.16466ms
Frame 328 end
Average processing time of GrabImageRGBD(): 9.21951ms
Frame 329 end
Average processing time of GrabImageRGBD(): 9.21304ms
Frame 330 end
Average processing time of GrabImageRGBD(): 9.19603ms
Frame 331 end
Average processing time of GrabImageRGBD(): 9.19203ms
Frame 332 end
Average processing time of GrabImageRGBD(): 9.18842ms
Frame 333 end
Average processing time of GrabImageRGBD(): 9.17581ms
Frame 334 end
Average processing time of GrabImageRGBD(): 9.17089ms
Frame 335 end
Average processing time of GrabImageRGBD(): 9.15365ms
Frame 336 end
Average processing time of GrabImageRGBD(): 9.14952ms
Frame 337 end
Average processing time of GrabImageRGBD(): 9.13188ms
Frame 338 end
Average processing time of GrabImageRGBD(): 9.11838ms
Frame 339 end
Average processing time of GrabImageRGBD(): 9.11464ms
Frame 340 end
Average processing time of GrabImageRGBD(): 9.11094ms
Frame 341 end
Average processing time of GrabImageRGBD(): 9.16622ms
Frame 342 end
Average processing time of GrabImageRGBD(): 9.15219ms
Frame 343 end
Average processing time of GrabImageRGBD(): 9.13357ms
Frame 344 end
Average processing time of GrabImageRGBD(): 9.1305ms
Frame 345 end
Average processing time of GrabImageRGBD(): 9.11419ms
Frame 346 end
Average processing time of GrabImageRGBD(): 9.09745ms
Frame 347 end
Average processing time of GrabImageRGBD(): 9.09523ms
Frame 348 end
Average processing time of GrabImageRGBD(): 9.08268ms
Frame 349 end
Average processing time of GrabImageRGBD(): 9.07643ms
Frame 350 end
Average processing time of GrabImageRGBD(): 9.07222ms
Frame 351 end
Average processing time of GrabImageRGBD(): 9.12956ms
Frame 352 end
Average processing time of GrabImageRGBD(): 9.11524ms
Frame 353 end
Average processing time of GrabImageRGBD(): 9.10626ms
Frame 354 end
Average processing time of GrabImageRGBD(): 9.10407ms
Frame 355 end
Average processing time of GrabImageRGBD(): 9.0877ms
Frame 356 end
Average processing time of GrabImageRGBD(): 9.14341ms
Frame 357 end
Average processing time of GrabImageRGBD(): 9.14652ms
Frame 358 end
Average processing time of GrabImageRGBD(): 9.14824ms
Frame 359 end
Average processing time of GrabImageRGBD(): 9.13405ms
Frame 360 end
Average processing time of GrabImageRGBD(): 9.1335ms
Frame 361 end
Average processing time of GrabImageRGBD(): 9.11743ms
Frame 362 end
Average processing time of GrabImageRGBD(): 9.17982ms
Frame 363 end
Average processing time of GrabImageRGBD(): 9.17154ms
Frame 364 end
Average processing time of GrabImageRGBD(): 9.15773ms
Frame 365 end
Average processing time of GrabImageRGBD(): 9.15712ms
Frame 366 end
Average processing time of GrabImageRGBD(): 9.14256ms
Frame 367 end
Average processing time of GrabImageRGBD(): 9.19737ms
Frame 368 end
Average processing time of GrabImageRGBD(): 9.19976ms
Frame 369 end
Average processing time of GrabImageRGBD(): 9.18358ms
Frame 370 end
Average processing time of GrabImageRGBD(): 9.16974ms
Frame 371 end
Average processing time of GrabImageRGBD(): 9.17004ms
Frame 372 end
Average processing time of GrabImageRGBD(): 9.15475ms
Frame 373 end
Average processing time of GrabImageRGBD(): 9.1462ms
Frame 374 end
Average processing time of GrabImageRGBD(): 9.12985ms
Frame 375 end
Average processing time of GrabImageRGBD(): 9.1275ms
Frame 376 end
Average processing time of GrabImageRGBD(): 9.11482ms
Frame 377 end
Average processing time of GrabImageRGBD(): 9.10742ms
Frame 378 end
Average processing time of GrabImageRGBD(): 9.1054ms
Frame 379 end
Average processing time of GrabImageRGBD(): 9.10429ms
Frame 380 end
Average processing time of GrabImageRGBD(): 9.09928ms
Frame 381 end
Average processing time of GrabImageRGBD(): 9.09683ms
Frame 382 end
Average processing time of GrabImageRGBD(): 9.08125ms
Frame 383 end
Average processing time of GrabImageRGBD(): 9.07606ms
Frame 384 end
Average processing time of GrabImageRGBD(): 9.07504ms
Frame 385 end
Average processing time of GrabImageRGBD(): 9.06466ms
Frame 386 end
Average processing time of GrabImageRGBD(): 9.06321ms
Frame 387 end
Average processing time of GrabImageRGBD(): 9.05874ms
Frame 388 end
Average processing time of GrabImageRGBD(): 9.05004ms
Frame 389 end
Average processing time of GrabImageRGBD(): 9.09912ms
Frame 390 end
Average processing time of GrabImageRGBD(): 9.09415ms
Frame 391 end
Average processing time of GrabImageRGBD(): 9.09544ms
Frame 392 end
Average processing time of GrabImageRGBD(): 9.09485ms
Frame 393 end
Average processing time of GrabImageRGBD(): 9.08982ms
Frame 394 end
Average processing time of GrabImageRGBD(): 9.08309ms
Frame 395 end
Average processing time of GrabImageRGBD(): 9.07181ms
Frame 396 end
Average processing time of GrabImageRGBD(): 9.05797ms
Frame 397 end
Average processing time of GrabImageRGBD(): 9.05358ms
Frame 398 end
Average processing time of GrabImageRGBD(): 9.0468ms
Frame 399 end
Average processing time of GrabImageRGBD(): 9.03176ms
Frame 400 end
Average processing time of GrabImageRGBD(): 9.02881ms
Frame 401 end
Average processing time of GrabImageRGBD(): 9.01433ms
Frame 402 end
Average processing time of GrabImageRGBD(): 9.06772ms
Frame 403 end
Average processing time of GrabImageRGBD(): 9.06978ms
Frame 404 end
Average processing time of GrabImageRGBD(): 9.05459ms
Frame 405 end
Average processing time of GrabImageRGBD(): 9.05407ms
Frame 406 end
Average processing time of GrabImageRGBD(): 9.04181ms
Frame 407 end
Average processing time of GrabImageRGBD(): 9.02925ms
Frame 408 end
Average processing time of GrabImageRGBD(): 9.02224ms
Frame 409 end
Average processing time of GrabImageRGBD(): 9.00928ms
Frame 410 end
Average processing time of GrabImageRGBD(): 9.00461ms
Frame 411 end
Average processing time of GrabImageRGBD(): 8.99409ms
Frame 412 end
Average processing time of GrabImageRGBD(): 8.98567ms
Frame 413 end
Average processing time of GrabImageRGBD(): 8.97532ms
Frame 414 end
Average processing time of GrabImageRGBD(): 8.97391ms
Frame 415 end
Average processing time of GrabImageRGBD(): 8.96935ms
Frame 416 end
Average processing time of GrabImageRGBD(): 8.96788ms
Frame 417 end
Average processing time of GrabImageRGBD(): 8.95359ms
Frame 418 end
Average processing time of GrabImageRGBD(): 8.94044ms
Frame 419 end
Average processing time of GrabImageRGBD(): 8.93735ms
Frame 420 end
Average processing time of GrabImageRGBD(): 8.92429ms
Frame 421 end
Average processing time of GrabImageRGBD(): 8.91891ms
Frame 422 end
Average processing time of GrabImageRGBD(): 8.96845ms
Frame 423 end
Average processing time of GrabImageRGBD(): 8.95703ms
Frame 424 end
Average processing time of GrabImageRGBD(): 8.95612ms
Frame 425 end
Average processing time of GrabImageRGBD(): 8.95343ms
Frame 426 end
Average processing time of GrabImageRGBD(): 8.93983ms
Frame 427 end
Average processing time of GrabImageRGBD(): 8.93638ms
Frame 428 end
Average processing time of GrabImageRGBD(): 8.92275ms
Frame 429 end
Average processing time of GrabImageRGBD(): 8.9198ms
Frame 430 end
Average processing time of GrabImageRGBD(): 8.90618ms
Frame 431 end
Average processing time of GrabImageRGBD(): 8.90273ms
Frame 432 end
Average processing time of GrabImageRGBD(): 8.89996ms
Frame 433 end
Average processing time of GrabImageRGBD(): 8.88716ms
Frame 434 end
Average processing time of GrabImageRGBD(): 8.885ms
Frame 435 end
Average processing time of GrabImageRGBD(): 8.87156ms
Frame 436 end
Average processing time of GrabImageRGBD(): 8.86193ms
Frame 437 end
Average processing time of GrabImageRGBD(): 8.85852ms
Frame 438 end
Average processing time of GrabImageRGBD(): 8.85477ms
Frame 439 end
Average processing time of GrabImageRGBD(): 8.84753ms
Frame 440 end
Average processing time of GrabImageRGBD(): 8.8438ms
Frame 441 end
Average processing time of GrabImageRGBD(): 8.84055ms
Frame 442 end
Average processing time of GrabImageRGBD(): 8.83777ms
Frame 443 end
Average processing time of GrabImageRGBD(): 8.83435ms
Frame 444 end
Average processing time of GrabImageRGBD(): 8.83085ms
Frame 445 end
Average processing time of GrabImageRGBD(): 8.8273ms
Frame 446 end
Average processing time of GrabImageRGBD(): 8.81692ms
Frame 447 end
Average processing time of GrabImageRGBD(): 8.81361ms
Frame 448 end
Average processing time of GrabImageRGBD(): 8.81044ms
Frame 449 end
Average processing time of GrabImageRGBD(): 8.85359ms
Frame 450 end
Average processing time of GrabImageRGBD(): 8.84287ms
Frame 451 end
Average processing time of GrabImageRGBD(): 8.82978ms
Frame 452 end
Average processing time of GrabImageRGBD(): 8.81944ms
Frame 453 end
Average processing time of GrabImageRGBD(): 8.81142ms
Frame 454 end
Average processing time of GrabImageRGBD(): 8.85481ms
Frame 455 end
Average processing time of GrabImageRGBD(): 8.84698ms
Frame 456 end
Average processing time of GrabImageRGBD(): 8.83407ms
Frame 457 end
Average processing time of GrabImageRGBD(): 8.83204ms
Frame 458 end
Average processing time of GrabImageRGBD(): 8.82974ms
Frame 459 end
Average processing time of GrabImageRGBD(): 8.87235ms
Frame 460 end
Average processing time of GrabImageRGBD(): 8.86782ms
Frame 461 end
Average processing time of GrabImageRGBD(): 8.85631ms
Frame 462 end
Average processing time of GrabImageRGBD(): 8.85835ms
Frame 463 end
Average processing time of GrabImageRGBD(): 8.85707ms
Frame 464 end
Average processing time of GrabImageRGBD(): 8.8455ms
Frame 465 end
Average processing time of GrabImageRGBD(): 8.83433ms
Frame 466 end
Average processing time of GrabImageRGBD(): 8.83418ms
Frame 467 end
Average processing time of GrabImageRGBD(): 8.83262ms
Frame 468 end
Average processing time of GrabImageRGBD(): 8.8234ms
Frame 469 end
Average processing time of GrabImageRGBD(): 8.86432ms
Frame 470 end
Average processing time of GrabImageRGBD(): 8.86713ms
Frame 471 end
Average processing time of GrabImageRGBD(): 8.85489ms
Frame 472 end
Average processing time of GrabImageRGBD(): 8.87061ms
Frame 473 end
Average processing time of GrabImageRGBD(): 8.87101ms
Frame 474 end
Average processing time of GrabImageRGBD(): 8.87157ms
Frame 475 end
Average processing time of GrabImageRGBD(): 8.91742ms
Frame 476 end
Average processing time of GrabImageRGBD(): 8.91885ms
Frame 477 end
Average processing time of GrabImageRGBD(): 8.91824ms
Frame 478 end
Average processing time of GrabImageRGBD(): 8.91912ms
Frame 479 end
Average processing time of GrabImageRGBD(): 8.91748ms
Frame 480 end
Average processing time of GrabImageRGBD(): 8.91049ms
Frame 481 end
Average processing time of GrabImageRGBD(): 8.95365ms
Frame 482 end
Average processing time of GrabImageRGBD(): 8.94431ms
Frame 483 end
Average processing time of GrabImageRGBD(): 8.93358ms
Frame 484 end
Average processing time of GrabImageRGBD(): 8.92544ms
Frame 485 end
Average processing time of GrabImageRGBD(): 8.92361ms
Frame 486 end
Average processing time of GrabImageRGBD(): 8.9683ms
Frame 487 end
Average processing time of GrabImageRGBD(): 8.97122ms
Frame 488 end
Average processing time of GrabImageRGBD(): 8.97279ms
Frame 489 end
Average processing time of GrabImageRGBD(): 8.97338ms
Frame 490 end
Average processing time of GrabImageRGBD(): 8.97359ms
Frame 491 end
Average processing time of GrabImageRGBD(): 8.97331ms
Frame 492 end
Average processing time of GrabImageRGBD(): 9.01847ms
Frame 493 end
Average processing time of GrabImageRGBD(): 9.02178ms
Frame 494 end
Average processing time of GrabImageRGBD(): 9.02146ms
Frame 495 end
Average processing time of GrabImageRGBD(): 9.02485ms
Frame 496 end
Average processing time of GrabImageRGBD(): 9.01422ms
Frame 497 end
Average processing time of GrabImageRGBD(): 9.0019ms
Frame 498 end
Average processing time of GrabImageRGBD(): 9.00275ms
Frame 499 end
Average processing time of GrabImageRGBD(): 9.00305ms
Frame 500 end
Average processing time of GrabImageRGBD(): 9.04218ms
Frame 501 end
Average processing time of GrabImageRGBD(): 9.04172ms
Frame 502 end
Average processing time of GrabImageRGBD(): 9.02939ms
Frame 503 end
Average processing time of GrabImageRGBD(): 9.01807ms
Frame 504 end
Average processing time of GrabImageRGBD(): 9.01729ms
Frame 505 end
Average processing time of GrabImageRGBD(): 9.01736ms
Frame 506 end
Average processing time of GrabImageRGBD(): 9.01642ms
Frame 507 end
Average processing time of GrabImageRGBD(): 9.08183ms
Frame 508 end
Average processing time of GrabImageRGBD(): 9.08006ms
Frame 509 end
Average processing time of GrabImageRGBD(): 9.08533ms
Frame 510 end
Average processing time of GrabImageRGBD(): 9.07743ms
Frame 511 end
Average processing time of GrabImageRGBD(): 9.075ms
Frame 512 end
Average processing time of GrabImageRGBD(): 9.06532ms
Frame 513 end
Average processing time of GrabImageRGBD(): 9.10616ms
Frame 514 end
Average processing time of GrabImageRGBD(): 9.10907ms
Frame 515 end
Average processing time of GrabImageRGBD(): 9.10965ms
Frame 516 end
Average processing time of GrabImageRGBD(): 9.09796ms
Frame 517 end
Average processing time of GrabImageRGBD(): 9.08968ms
Frame 518 end
Average processing time of GrabImageRGBD(): 9.07909ms
Frame 519 end
Average processing time of GrabImageRGBD(): 9.12283ms
Frame 520 end
Average processing time of GrabImageRGBD(): 9.11335ms
Frame 521 end
Average processing time of GrabImageRGBD(): 9.1159ms
Frame 522 end
Average processing time of GrabImageRGBD(): 9.11605ms
Frame 523 end
Average processing time of GrabImageRGBD(): 9.117ms
Frame 524 end
Average processing time of GrabImageRGBD(): 9.10929ms
Frame 525 end
Average processing time of GrabImageRGBD(): 9.1515ms
Frame 526 end
Average processing time of GrabImageRGBD(): 9.15345ms
Frame 527 end
Average processing time of GrabImageRGBD(): 9.14363ms
Frame 528 end
Average processing time of GrabImageRGBD(): 9.14561ms
Frame 529 end
Average processing time of GrabImageRGBD(): 9.13427ms
Frame 530 end
Average processing time of GrabImageRGBD(): 9.13386ms
Frame 531 end
Average processing time of GrabImageRGBD(): 9.17375ms
Frame 532 end
Average processing time of GrabImageRGBD(): 9.22569ms
Frame 533 end
Average processing time of GrabImageRGBD(): 9.22334ms
Frame 534 end
Average processing time of GrabImageRGBD(): 9.21166ms
Frame 535 end
Average processing time of GrabImageRGBD(): 9.20588ms
Frame 536 end
Average processing time of GrabImageRGBD(): 9.19459ms
Frame 537 end
Average processing time of GrabImageRGBD(): 9.1877ms
Frame 538 end
Average processing time of GrabImageRGBD(): 9.182ms
Frame 539 end
Average processing time of GrabImageRGBD(): 9.21802ms
Frame 540 end
Average processing time of GrabImageRGBD(): 9.21949ms
Frame 541 end
Average processing time of GrabImageRGBD(): 9.21802ms
Frame 542 end
Average processing time of GrabImageRGBD(): 9.20738ms
Frame 543 end
Average processing time of GrabImageRGBD(): 9.20725ms
Frame 544 end
Average processing time of GrabImageRGBD(): 9.20426ms
Frame 545 end
Average processing time of GrabImageRGBD(): 9.20117ms
Frame 546 end
Average processing time of GrabImageRGBD(): 9.2391ms
Frame 547 end
Average processing time of GrabImageRGBD(): 9.24219ms
Frame 548 end
Average processing time of GrabImageRGBD(): 9.24133ms
Frame 549 end
Average processing time of GrabImageRGBD(): 9.24037ms
Frame 550 end
Average processing time of GrabImageRGBD(): 9.23092ms
Frame 551 end
Average processing time of GrabImageRGBD(): 9.26904ms
Frame 552 end
Average processing time of GrabImageRGBD(): 9.2598ms
Frame 553 end
Average processing time of GrabImageRGBD(): 9.25996ms
Frame 554 end
Average processing time of GrabImageRGBD(): 9.2542ms
Frame 555 end
Average processing time of GrabImageRGBD(): 9.25214ms
Frame 556 end
Average processing time of GrabImageRGBD(): 9.25014ms
Frame 557 end
Average processing time of GrabImageRGBD(): 9.28811ms
Frame 558 end
Average processing time of GrabImageRGBD(): 9.28846ms
Frame 559 end
Average processing time of GrabImageRGBD(): 9.2809ms
Frame 560 end
Average processing time of GrabImageRGBD(): 9.27365ms
Frame 561 end
Average processing time of GrabImageRGBD(): 9.27345ms
Frame 562 end
Average processing time of GrabImageRGBD(): 9.26611ms
Frame 563 end
Average processing time of GrabImageRGBD(): 9.25563ms
Frame 564 end
Average processing time of GrabImageRGBD(): 9.2933ms
Frame 565 end
Average processing time of GrabImageRGBD(): 9.29374ms
Frame 566 end
Average processing time of GrabImageRGBD(): 9.2879ms
Frame 567 end
Average processing time of GrabImageRGBD(): 9.28003ms
Frame 568 end
Average processing time of GrabImageRGBD(): 9.27688ms
Frame 569 end
Average processing time of GrabImageRGBD(): 9.27389ms
Frame 570 end
Average processing time of GrabImageRGBD(): 9.2628ms
Frame 571 end
Average processing time of GrabImageRGBD(): 9.29624ms
Frame 572 end
Average processing time of GrabImageRGBD(): 9.29691ms
Frame 573 end
Average processing time of GrabImageRGBD(): 9.29724ms
Frame 574 end
Average processing time of GrabImageRGBD(): 9.29118ms
Frame 575 end
Average processing time of GrabImageRGBD(): 9.28192ms
Frame 576 end
Average processing time of GrabImageRGBD(): 9.27156ms
Frame 577 end
Average processing time of GrabImageRGBD(): 9.27057ms
Frame 578 end
Average processing time of GrabImageRGBD(): 9.30725ms
Frame 579 end
Average processing time of GrabImageRGBD(): 9.30944ms
Frame 580 end
Average processing time of GrabImageRGBD(): 9.30291ms
Frame 581 end
Average processing time of GrabImageRGBD(): 9.30226ms
Frame 582 end
Average processing time of GrabImageRGBD(): 9.30072ms
Frame 583 end
Average processing time of GrabImageRGBD(): 9.29048ms
Frame 584 end
Average processing time of GrabImageRGBD(): 9.2868ms
Frame 585 end
Average processing time of GrabImageRGBD(): 9.31896ms
Frame 586 end
Average processing time of GrabImageRGBD(): 9.32432ms
Frame 587 end
Average processing time of GrabImageRGBD(): 9.32753ms
Frame 588 end
Average processing time of GrabImageRGBD(): 9.32301ms
Frame 589 end
Average processing time of GrabImageRGBD(): 9.32108ms
Frame 590 end
Average processing time of GrabImageRGBD(): 9.31165ms
Frame 591 end
Average processing time of GrabImageRGBD(): 9.30855ms
Frame 592 end
Average processing time of GrabImageRGBD(): 9.33927ms
Frame 593 end
Average processing time of GrabImageRGBD(): 9.33098ms
Frame 594 end
Average processing time of GrabImageRGBD(): 9.32951ms
Frame 595 end
Average processing time of GrabImageRGBD(): 9.32836ms
Frame 596 end
Average processing time of GrabImageRGBD(): 9.32601ms
Frame 597 end
Average processing time of GrabImageRGBD(): 9.31641ms
Frame 598 end
Average processing time of GrabImageRGBD(): 9.30826ms
Frame 599 end
Average processing time of GrabImageRGBD(): 9.30583ms
Frame 600 end
Average processing time of GrabImageRGBD(): 9.29555ms
Frame 601 end
Average processing time of GrabImageRGBD(): 9.28531ms
Frame 602 end
Average processing time of GrabImageRGBD(): 9.28209ms
Frame 603 end
Average processing time of GrabImageRGBD(): 9.27123ms
Frame 604 end
Average processing time of GrabImageRGBD(): 9.30463ms
Frame 605 end
Average processing time of GrabImageRGBD(): 9.30277ms
Frame 606 end
Average processing time of GrabImageRGBD(): 9.30082ms
Frame 607 end
Average processing time of GrabImageRGBD(): 9.29352ms
Frame 608 end
Average processing time of GrabImageRGBD(): 9.2884ms
Frame 609 end
Average processing time of GrabImageRGBD(): 9.28534ms
Frame 610 end
Average processing time of GrabImageRGBD(): 9.28315ms
Frame 611 end
Average processing time of GrabImageRGBD(): 9.3164ms
Frame 612 end
Average processing time of GrabImageRGBD(): 9.31147ms
Frame 613 end
Average processing time of GrabImageRGBD(): 9.30166ms
Frame 614 end
Average processing time of GrabImageRGBD(): 9.29925ms
Frame 615 end
Average processing time of GrabImageRGBD(): 9.29633ms
Frame 616 end
Average processing time of GrabImageRGBD(): 9.29385ms
Frame 617 end
Average processing time of GrabImageRGBD(): 9.28959ms
Frame 618 end
Average processing time of GrabImageRGBD(): 9.31738ms
Frame 619 end
Average processing time of GrabImageRGBD(): 9.31752ms
Frame 620 end
Average processing time of GrabImageRGBD(): 9.30776ms
Frame 621 end
Average processing time of GrabImageRGBD(): 9.29892ms
Frame 622 end
Average processing time of GrabImageRGBD(): 9.2973ms
Frame 623 end
Average processing time of GrabImageRGBD(): 9.29462ms
Frame 624 end
Average processing time of GrabImageRGBD(): 9.29228ms
Frame 625 end
Average processing time of GrabImageRGBD(): 9.28244ms
Frame 626 end
Average processing time of GrabImageRGBD(): 9.27763ms
Frame 627 end
Average processing time of GrabImageRGBD(): 9.27446ms
Frame 628 end
Average processing time of GrabImageRGBD(): 9.26595ms
Frame 629 end
Average processing time of GrabImageRGBD(): 9.25815ms
Frame 630 end
Average processing time of GrabImageRGBD(): 9.25509ms
Frame 631 end
Average processing time of GrabImageRGBD(): 9.25293ms
Frame 632 end
Average processing time of GrabImageRGBD(): 9.24981ms
Frame 633 end
Average processing time of GrabImageRGBD(): 9.2468ms
Frame 634 end
Average processing time of GrabImageRGBD(): 9.23704ms
Frame 635 end
Average processing time of GrabImageRGBD(): 9.23465ms
Frame 636 end
Average processing time of GrabImageRGBD(): 9.26683ms
Frame 637 end
Average processing time of GrabImageRGBD(): 9.26662ms
Frame 638 end
Average processing time of GrabImageRGBD(): 9.25683ms
Frame 639 end
Average processing time of GrabImageRGBD(): 9.25495ms
Frame 640 end
Average processing time of GrabImageRGBD(): 9.25198ms
Frame 641 end
Average processing time of GrabImageRGBD(): 9.25027ms
Frame 642 end
Average processing time of GrabImageRGBD(): 9.24251ms
Frame 643 end
Average processing time of GrabImageRGBD(): 9.23335ms
Frame 644 end
Average processing time of GrabImageRGBD(): 9.26045ms
Frame 645 end
Average processing time of GrabImageRGBD(): 9.26099ms
Frame 646 end
Average processing time of GrabImageRGBD(): 9.25348ms
Frame 647 end
Average processing time of GrabImageRGBD(): 9.2525ms
Frame 648 end
Average processing time of GrabImageRGBD(): 9.24952ms
Frame 649 end
Average processing time of GrabImageRGBD(): 9.24764ms
Frame 650 end
Average processing time of GrabImageRGBD(): 9.24349ms
Frame 651 end
Average processing time of GrabImageRGBD(): 9.24156ms
Frame 652 end
Average processing time of GrabImageRGBD(): 9.27473ms
Frame 653 end
Average processing time of GrabImageRGBD(): 9.27546ms
Frame 654 end
Average processing time of GrabImageRGBD(): 9.27375ms
Frame 655 end
Average processing time of GrabImageRGBD(): 9.26792ms
Frame 656 end
Average processing time of GrabImageRGBD(): 9.25878ms
Frame 657 end
Average processing time of GrabImageRGBD(): 9.25485ms
Frame 658 end
Average processing time of GrabImageRGBD(): 9.25333ms
Frame 659 end
Average processing time of GrabImageRGBD(): 9.24445ms
Frame 660 end
Average processing time of GrabImageRGBD(): 9.24142ms
Frame 661 end
Average processing time of GrabImageRGBD(): 9.26942ms
Frame 662 end
Average processing time of GrabImageRGBD(): 9.26118ms
Frame 663 end
Average processing time of GrabImageRGBD(): 9.25757ms
Frame 664 end
Average processing time of GrabImageRGBD(): 9.25098ms
Frame 665 end
Average processing time of GrabImageRGBD(): 9.24823ms
Frame 666 end
Average processing time of GrabImageRGBD(): 9.23959ms
Frame 667 end
Average processing time of GrabImageRGBD(): 9.23881ms
Frame 668 end
Average processing time of GrabImageRGBD(): 9.23528ms
Frame 669 end
Average processing time of GrabImageRGBD(): 9.23346ms
Frame 670 end
Average processing time of GrabImageRGBD(): 9.23168ms
Frame 671 end
Average processing time of GrabImageRGBD(): 9.27507ms
Frame 672 end
Average processing time of GrabImageRGBD(): 9.26712ms
Frame 673 end
Average processing time of GrabImageRGBD(): 9.26689ms
Frame 674 end
Average processing time of GrabImageRGBD(): 9.25999ms
Frame 675 end
Average processing time of GrabImageRGBD(): 9.25977ms
Frame 676 end
Average processing time of GrabImageRGBD(): 9.25916ms
Frame 677 end
Average processing time of GrabImageRGBD(): 9.25449ms
Frame 678 end
Average processing time of GrabImageRGBD(): 9.25392ms
Frame 679 end
Average processing time of GrabImageRGBD(): 9.25297ms
Frame 680 end
Average processing time of GrabImageRGBD(): 9.244ms
Frame 681 end
Average processing time of GrabImageRGBD(): 9.24283ms
Frame 682 end
Average processing time of GrabImageRGBD(): 9.24014ms
Frame 683 end
Average processing time of GrabImageRGBD(): 9.23826ms
Frame 684 end
Average processing time of GrabImageRGBD(): 9.229ms
Frame 685 end
Average processing time of GrabImageRGBD(): 9.22798ms
Frame 686 end
Average processing time of GrabImageRGBD(): 9.27198ms
Frame 687 end
Average processing time of GrabImageRGBD(): 9.26634ms
Frame 688 end
Average processing time of GrabImageRGBD(): 9.2664ms
Frame 689 end
Average processing time of GrabImageRGBD(): 9.25814ms
Frame 690 end
Average processing time of GrabImageRGBD(): 9.24896ms
Frame 691 end
Average processing time of GrabImageRGBD(): 9.24128ms
Frame 692 end
Average processing time of GrabImageRGBD(): 9.23634ms
Frame 693 end
Average processing time of GrabImageRGBD(): 9.228ms
Frame 694 end
Average processing time of GrabImageRGBD(): 9.22675ms
Frame 695 end
Average processing time of GrabImageRGBD(): 9.22441ms
Frame 696 end
Average processing time of GrabImageRGBD(): 9.22208ms
Frame 697 end
Average processing time of GrabImageRGBD(): 9.21379ms
Frame 698 end
Average processing time of GrabImageRGBD(): 9.2133ms
Frame 699 end
Average processing time of GrabImageRGBD(): 9.20806ms
Frame 700 end
Average processing time of GrabImageRGBD(): 9.19936ms
Frame 701 end
Average processing time of GrabImageRGBD(): 9.19213ms
Frame 702 end
Average processing time of GrabImageRGBD(): 9.2182ms
Frame 703 end
Average processing time of GrabImageRGBD(): 9.2118ms
Frame 704 end
Average processing time of GrabImageRGBD(): 9.20469ms
Frame 705 end
Average processing time of GrabImageRGBD(): 9.20436ms
Frame 706 end
Average processing time of GrabImageRGBD(): 9.20135ms
Frame 707 end
Average processing time of GrabImageRGBD(): 9.19488ms
Frame 708 end
Average processing time of GrabImageRGBD(): 9.18832ms
Frame 709 end
Average processing time of GrabImageRGBD(): 9.17967ms
Frame 710 end
Average processing time of GrabImageRGBD(): 9.17938ms
Frame 711 end
Average processing time of GrabImageRGBD(): 9.22059ms
Frame 712 end
Average processing time of GrabImageRGBD(): 9.22239ms
Frame 713 end
Average processing time of GrabImageRGBD(): 9.22359ms
Frame 714 end
Average processing time of GrabImageRGBD(): 9.21579ms
Frame 715 end
Average processing time of GrabImageRGBD(): 9.21189ms
Frame 716 end
Average processing time of GrabImageRGBD(): 9.21128ms
Frame 717 end
Average processing time of GrabImageRGBD(): 9.20288ms
Frame 718 end
Average processing time of GrabImageRGBD(): 9.20119ms
Frame 719 end
Average processing time of GrabImageRGBD(): 9.24079ms
Frame 720 end
Average processing time of GrabImageRGBD(): 9.24124ms
Frame 721 end
Average processing time of GrabImageRGBD(): 9.2329ms
Frame 722 end
Average processing time of GrabImageRGBD(): 9.22967ms
Frame 723 end
Average processing time of GrabImageRGBD(): 9.2247ms
Frame 724 end
Average processing time of GrabImageRGBD(): 9.2233ms
Frame 725 end
Average processing time of GrabImageRGBD(): 9.2199ms
Frame 726 end
Average processing time of GrabImageRGBD(): 9.21636ms
Frame 727 end
Average processing time of GrabImageRGBD(): 9.21454ms
Frame 728 end
Average processing time of GrabImageRGBD(): 9.24487ms
Frame 729 end
Average processing time of GrabImageRGBD(): 9.24517ms
Frame 730 end
Average processing time of GrabImageRGBD(): 9.24374ms
Frame 731 end
Average processing time of GrabImageRGBD(): 9.23942ms
Frame 732 end
Average processing time of GrabImageRGBD(): 9.23551ms
Frame 733 end
Average processing time of GrabImageRGBD(): 9.23416ms
Frame 734 end
Average processing time of GrabImageRGBD(): 9.22607ms
Frame 735 end
Average processing time of GrabImageRGBD(): 9.22255ms
Frame 736 end
Average processing time of GrabImageRGBD(): 9.22029ms
Frame 737 end
Average processing time of GrabImageRGBD(): 9.248ms
Frame 738 end
Average processing time of GrabImageRGBD(): 9.24147ms
Frame 739 end
Average processing time of GrabImageRGBD(): 9.23739ms
Frame 740 end
Average processing time of GrabImageRGBD(): 9.23622ms
Frame 741 end
Average processing time of GrabImageRGBD(): 9.23554ms
Frame 742 end
Average processing time of GrabImageRGBD(): 9.22781ms
Frame 743 end
Average processing time of GrabImageRGBD(): 9.22739ms
Frame 744 end
Average processing time of GrabImageRGBD(): 9.22555ms
Frame 745 end
Average processing time of GrabImageRGBD(): 9.21866ms
Frame 746 end
Average processing time of GrabImageRGBD(): 9.21645ms
Frame 747 end
Average processing time of GrabImageRGBD(): 9.20837ms
Frame 748 end
Average processing time of GrabImageRGBD(): 9.23738ms
Frame 749 end
Average processing time of GrabImageRGBD(): 9.23518ms
Frame 750 end
Average processing time of GrabImageRGBD(): 9.23403ms
Frame 751 end
Average processing time of GrabImageRGBD(): 9.22991ms
Frame 752 end
Average processing time of GrabImageRGBD(): 9.2249ms
Frame 753 end
Average processing time of GrabImageRGBD(): 9.21727ms
Frame 754 end
Average processing time of GrabImageRGBD(): 9.21623ms
Frame 755 end
Average processing time of GrabImageRGBD(): 9.21511ms
Frame 756 end
Average processing time of GrabImageRGBD(): 9.21433ms
Frame 757 end
Average processing time of GrabImageRGBD(): 9.21234ms
Frame 758 end
Average processing time of GrabImageRGBD(): 9.24053ms
Frame 759 end
Average processing time of GrabImageRGBD(): 9.24106ms
Frame 760 end
Average processing time of GrabImageRGBD(): 9.24081ms
Frame 761 end
Average processing time of GrabImageRGBD(): 9.23871ms
Frame 762 end
Average processing time of GrabImageRGBD(): 9.2319ms
Frame 763 end
Average processing time of GrabImageRGBD(): 9.23214ms
Frame 764 end
Average processing time of GrabImageRGBD(): 9.22533ms
Frame 765 end
Average processing time of GrabImageRGBD(): 9.22361ms
Frame 766 end
Average processing time of GrabImageRGBD(): 9.22427ms
Frame 767 end
Average processing time of GrabImageRGBD(): 9.21852ms
Frame 768 end
Average processing time of GrabImageRGBD(): 9.24675ms
Frame 769 end
Average processing time of GrabImageRGBD(): 9.24207ms
Frame 770 end
Average processing time of GrabImageRGBD(): 9.23437ms
Frame 771 end
Average processing time of GrabImageRGBD(): 9.22719ms
Frame 772 end
Average processing time of GrabImageRGBD(): 9.21963ms
Frame 773 end
Average processing time of GrabImageRGBD(): 9.21179ms
Frame 774 end
Average processing time of GrabImageRGBD(): 9.20417ms
Frame 775 end
Average processing time of GrabImageRGBD(): 9.20262ms
Frame 776 end
Average processing time of GrabImageRGBD(): 9.20111ms
Frame 777 end
Average processing time of GrabImageRGBD(): 9.19981ms
Frame 778 end
Average processing time of GrabImageRGBD(): 9.19546ms
Frame 779 end
Average processing time of GrabImageRGBD(): 9.21995ms
Frame 780 end
Average processing time of GrabImageRGBD(): 9.21353ms
Frame 781 end
Average processing time of GrabImageRGBD(): 9.21266ms
Frame 782 end
Average processing time of GrabImageRGBD(): 9.21108ms
Frame 783 end
Average processing time of GrabImageRGBD(): 9.21035ms
Frame 784 end
Average processing time of GrabImageRGBD(): 9.20712ms
Frame 785 end
Average processing time of GrabImageRGBD(): 9.20012ms
Frame 786 end
Average processing time of GrabImageRGBD(): 9.19809ms
Frame 787 end
Average processing time of GrabImageRGBD(): 9.19007ms
Frame 788 end
Average processing time of GrabImageRGBD(): 9.1883ms
Frame 789 end
Average processing time of GrabImageRGBD(): 9.18065ms
Frame 790 end
Average processing time of GrabImageRGBD(): 9.20719ms
Frame 791 end
Average processing time of GrabImageRGBD(): 9.20147ms
Frame 792 end
Average processing time of GrabImageRGBD(): 9.20002ms
Frame 793 end
Average processing time of GrabImageRGBD(): 9.19929ms
Frame 794 end
Average processing time of GrabImageRGBD(): 9.19409ms
Frame 795 end
Average processing time of GrabImageRGBD(): 9.18674ms
Frame 796 end
Average processing time of GrabImageRGBD(): 9.17937ms
Frame 797 end
Average processing time of GrabImageRGBD(): 9.17188ms
Frame 798 end
Average processing time of GrabImageRGBD(): 9.16967ms
Frame 799 end
Average processing time of GrabImageRGBD(): 9.16468ms
Frame 800 end
Average processing time of GrabImageRGBD(): 9.15669ms
Frame 801 end
Average processing time of GrabImageRGBD(): 9.1533ms
Frame 802 end
Average processing time of GrabImageRGBD(): 9.18059ms
Frame 803 end
Average processing time of GrabImageRGBD(): 9.17461ms
Frame 804 end
Average processing time of GrabImageRGBD(): 9.16716ms
Frame 805 end
Average processing time of GrabImageRGBD(): 9.16499ms
Frame 806 end
Average processing time of GrabImageRGBD(): 9.15824ms
Frame 807 end
Average processing time of GrabImageRGBD(): 9.15514ms
Frame 808 end
Average processing time of GrabImageRGBD(): 9.14804ms
Frame 809 end
Average processing time of GrabImageRGBD(): 9.14492ms
Frame 810 end
Average processing time of GrabImageRGBD(): 9.14081ms
Frame 811 end
Average processing time of GrabImageRGBD(): 9.13787ms
Frame 812 end
Average processing time of GrabImageRGBD(): 9.135ms
Frame 813 end
Average processing time of GrabImageRGBD(): 9.13116ms
Frame 814 end
Average processing time of GrabImageRGBD(): 9.15696ms
Frame 815 end
Average processing time of GrabImageRGBD(): 9.15622ms
Frame 816 end
Average processing time of GrabImageRGBD(): 9.15496ms
Frame 817 end
Average processing time of GrabImageRGBD(): 9.15495ms
Frame 818 end
Average processing time of GrabImageRGBD(): 9.15278ms
Frame 819 end
Average processing time of GrabImageRGBD(): 9.14595ms
Frame 820 end
Average processing time of GrabImageRGBD(): 9.14441ms
Frame 821 end
Average processing time of GrabImageRGBD(): 9.13759ms
Frame 822 end
Average processing time of GrabImageRGBD(): 9.13074ms
Frame 823 end
Average processing time of GrabImageRGBD(): 9.1234ms
Frame 824 end
Average processing time of GrabImageRGBD(): 9.1193ms
Frame 825 end
Average processing time of GrabImageRGBD(): 9.11674ms
Frame 826 end
Average processing time of GrabImageRGBD(): 9.14022ms
Frame 827 end
Average processing time of GrabImageRGBD(): 9.13747ms
Frame 828 end
Average processing time of GrabImageRGBD(): 9.13017ms
Frame 829 end
Average processing time of GrabImageRGBD(): 9.12319ms
Frame 830 end
Average processing time of GrabImageRGBD(): 9.11928ms
Frame 831 end
Average processing time of GrabImageRGBD(): 9.11184ms
Frame 832 end
Average processing time of GrabImageRGBD(): 9.10874ms
Frame 833 end
Average processing time of GrabImageRGBD(): 9.10615ms
Frame 834 end
Average processing time of GrabImageRGBD(): 9.10325ms
Frame 835 end
Average processing time of GrabImageRGBD(): 9.10037ms
Frame 836 end
Average processing time of GrabImageRGBD(): 9.09762ms
Frame 837 end
Average processing time of GrabImageRGBD(): 9.09438ms
Frame 838 end
Average processing time of GrabImageRGBD(): 9.1203ms
Frame 839 end
Average processing time of GrabImageRGBD(): 9.11577ms
Frame 840 end
Average processing time of GrabImageRGBD(): 9.1154ms
Frame 841 end
Average processing time of GrabImageRGBD(): 9.1136ms
Frame 842 end
Average processing time of GrabImageRGBD(): 9.1068ms
Frame 843 end
Average processing time of GrabImageRGBD(): 9.10054ms
Frame 844 end
Average processing time of GrabImageRGBD(): 9.09381ms
Frame 845 end
Average processing time of GrabImageRGBD(): 9.08697ms
Frame 846 end
Average processing time of GrabImageRGBD(): 9.08007ms
Frame 847 end
Average processing time of GrabImageRGBD(): 9.0733ms
Frame 848 end
Average processing time of GrabImageRGBD(): 9.07083ms
Frame 849 end
Average processing time of GrabImageRGBD(): 9.06845ms
Frame 850 end
Average processing time of GrabImageRGBD(): 9.06554ms
Frame 851 end
Average processing time of GrabImageRGBD(): 9.08738ms
Frame 852 end
Average processing time of GrabImageRGBD(): 9.08858ms
Frame 853 end
Average processing time of GrabImageRGBD(): 9.0854ms
Frame 854 end
Average processing time of GrabImageRGBD(): 9.0784ms
Frame 855 end
Average processing time of GrabImageRGBD(): 9.07267ms
Frame 856 end
Average processing time of GrabImageRGBD(): 9.06745ms
Frame 857 end
Average processing time of GrabImageRGBD(): 9.06077ms
Frame 858 end
Average processing time of GrabImageRGBD(): 9.05364ms
Frame 859 end
Average processing time of GrabImageRGBD(): 9.05199ms
Frame 860 end
Average processing time of GrabImageRGBD(): 9.05015ms
Frame 861 end
Average processing time of GrabImageRGBD(): 9.04509ms
Frame 862 end
Average processing time of GrabImageRGBD(): 9.03859ms
Frame 863 end
Average processing time of GrabImageRGBD(): 9.03264ms
Frame 864 end
Average processing time of GrabImageRGBD(): 9.02581ms
Frame 865 end
Average processing time of GrabImageRGBD(): 9.05054ms
Frame 866 end
Average processing time of GrabImageRGBD(): 9.04528ms
Frame 867 end
Average processing time of GrabImageRGBD(): 9.04435ms
Frame 868 end
Average processing time of GrabImageRGBD(): 9.03824ms
Frame 869 end
Average processing time of GrabImageRGBD(): 9.03248ms
Frame 870 end
Average processing time of GrabImageRGBD(): 9.02571ms
Frame 871 end
Average processing time of GrabImageRGBD(): 9.01881ms
Frame 872 end
Average processing time of GrabImageRGBD(): 9.01516ms
Frame 873 end
Average processing time of GrabImageRGBD(): 9.01132ms
Frame 874 end
Average processing time of GrabImageRGBD(): 9.00465ms
Frame 875 end
Average processing time of GrabImageRGBD(): 9.00305ms
Frame 876 end
Average processing time of GrabImageRGBD(): 8.99648ms
Frame 877 end
Average processing time of GrabImageRGBD(): 8.99174ms
Frame 878 end
Average processing time of GrabImageRGBD(): 8.98663ms
Frame 879 end
Average processing time of GrabImageRGBD(): 9.01068ms
Frame 880 end
Average processing time of GrabImageRGBD(): 9.01117ms
Frame 881 end
Average processing time of GrabImageRGBD(): 9.00976ms
Frame 882 end
Average processing time of GrabImageRGBD(): 9.0083ms
Frame 883 end
Average processing time of GrabImageRGBD(): 9.00527ms
Frame 884 end
Average processing time of GrabImageRGBD(): 9.00356ms
Frame 885 end
Average processing time of GrabImageRGBD(): 9.00242ms
Frame 886 end
Average processing time of GrabImageRGBD(): 9.00058ms
Frame 887 end
Average processing time of GrabImageRGBD(): 8.99675ms
Frame 888 end
Average processing time of GrabImageRGBD(): 8.99464ms
Frame 889 end
Average processing time of GrabImageRGBD(): 8.98905ms
Frame 890 end
Average processing time of GrabImageRGBD(): 8.98314ms
Frame 891 end
Average processing time of GrabImageRGBD(): 8.97691ms
Frame 892 end
Average processing time of GrabImageRGBD(): 8.97109ms
Frame 893 end
Average processing time of GrabImageRGBD(): 8.96496ms
Frame 894 end
Average processing time of GrabImageRGBD(): 8.98856ms
Frame 895 end
Average processing time of GrabImageRGBD(): 8.98923ms
Frame 896 end
Average processing time of GrabImageRGBD(): 8.98823ms
Frame 897 end
Average processing time of GrabImageRGBD(): 8.98216ms
Frame 898 end
Average processing time of GrabImageRGBD(): 8.97619ms
Frame 899 end
Average processing time of GrabImageRGBD(): 8.97313ms
Frame 900 end
Average processing time of GrabImageRGBD(): 8.97051ms
Frame 901 end
Average processing time of GrabImageRGBD(): 8.96829ms
Frame 902 end
Average processing time of GrabImageRGBD(): 8.96577ms
Frame 903 end
Average processing time of GrabImageRGBD(): 8.95938ms
Frame 904 end
Average processing time of GrabImageRGBD(): 8.95278ms
Frame 905 end
Average processing time of GrabImageRGBD(): 8.94611ms
Frame 906 end
Average processing time of GrabImageRGBD(): 8.93979ms
Frame 907 end
Average processing time of GrabImageRGBD(): 8.93398ms
Frame 908 end
Average processing time of GrabImageRGBD(): 8.93022ms
Frame 909 end
Average processing time of GrabImageRGBD(): 8.92693ms
Frame 910 end
Average processing time of GrabImageRGBD(): 8.94944ms
Frame 911 end
Average processing time of GrabImageRGBD(): 8.94981ms
Frame 912 end
Average processing time of GrabImageRGBD(): 8.94348ms
Frame 913 end
Average processing time of GrabImageRGBD(): 8.93716ms
Frame 914 end
Average processing time of GrabImageRGBD(): 8.93392ms
Frame 915 end
Average processing time of GrabImageRGBD(): 8.93241ms
Frame 916 end
Average processing time of GrabImageRGBD(): 8.93118ms
Frame 917 end
Average processing time of GrabImageRGBD(): 8.92477ms
Frame 918 end
Average processing time of GrabImageRGBD(): 8.9224ms
Frame 919 end
Average processing time of GrabImageRGBD(): 8.91613ms
Frame 920 end
Average processing time of GrabImageRGBD(): 8.91058ms
Frame 921 end
Average processing time of GrabImageRGBD(): 8.90587ms
Frame 922 end
Average processing time of GrabImageRGBD(): 8.901ms
Frame 923 end
Average processing time of GrabImageRGBD(): 8.89945ms
Frame 924 end
Average processing time of GrabImageRGBD(): 8.89462ms
Frame 925 end
Average processing time of GrabImageRGBD(): 8.91694ms
Frame 926 end
Average processing time of GrabImageRGBD(): 8.91754ms
Frame 927 end
Average processing time of GrabImageRGBD(): 8.91637ms
Frame 928 end
Average processing time of GrabImageRGBD(): 8.91601ms
Frame 929 end
Average processing time of GrabImageRGBD(): 8.91324ms
Frame 930 end
Average processing time of GrabImageRGBD(): 8.91172ms
Frame 931 end
Average processing time of GrabImageRGBD(): 8.90798ms
Frame 932 end
Average processing time of GrabImageRGBD(): 8.90168ms
Frame 933 end
Average processing time of GrabImageRGBD(): 8.89991ms
Frame 934 end
Average processing time of GrabImageRGBD(): 8.89337ms
Frame 935 end
Average processing time of GrabImageRGBD(): 8.89044ms
Frame 936 end
Average processing time of GrabImageRGBD(): 8.88466ms
Frame 937 end
Average processing time of GrabImageRGBD(): 8.88218ms
Frame 938 end
Average processing time of GrabImageRGBD(): 8.88002ms
Frame 939 end
Average processing time of GrabImageRGBD(): 8.87416ms
Frame 940 end
Average processing time of GrabImageRGBD(): 8.86843ms
Frame 941 end
Average processing time of GrabImageRGBD(): 8.89042ms
Frame 942 end
Average processing time of GrabImageRGBD(): 8.88691ms
Frame 943 end
Average processing time of GrabImageRGBD(): 8.88687ms
Frame 944 end
Average processing time of GrabImageRGBD(): 8.88664ms
Frame 945 end
Average processing time of GrabImageRGBD(): 8.88626ms
Frame 946 end
Average processing time of GrabImageRGBD(): 8.88578ms
Frame 947 end
Average processing time of GrabImageRGBD(): 8.88013ms
Frame 948 end
Average processing time of GrabImageRGBD(): 8.87913ms
Frame 949 end
Average processing time of GrabImageRGBD(): 8.87418ms
Frame 950 end
Average processing time of GrabImageRGBD(): 8.87108ms
Frame 951 end
Average processing time of GrabImageRGBD(): 8.86962ms
Frame 952 end
Average processing time of GrabImageRGBD(): 8.86368ms
Frame 953 end
Average processing time of GrabImageRGBD(): 8.85934ms
Frame 954 end
Average processing time of GrabImageRGBD(): 8.87967ms
Frame 955 end
Average processing time of GrabImageRGBD(): 8.87464ms
Frame 956 end
Average processing time of GrabImageRGBD(): 8.8724ms
Frame 957 end
Average processing time of GrabImageRGBD(): 8.86992ms
Frame 958 end
Average processing time of GrabImageRGBD(): 8.86612ms
Frame 959 end
Average processing time of GrabImageRGBD(): 8.86159ms
Frame 960 end
Average processing time of GrabImageRGBD(): 8.85841ms
Frame 961 end
Average processing time of GrabImageRGBD(): 8.85329ms
Frame 962 end
Average processing time of GrabImageRGBD(): 8.85016ms
Frame 963 end
Average processing time of GrabImageRGBD(): 8.86912ms
Frame 964 end
Average processing time of GrabImageRGBD(): 8.87084ms
Frame 965 end
Average processing time of GrabImageRGBD(): 8.871ms
Frame 966 end
Average processing time of GrabImageRGBD(): 8.87168ms
Frame 967 end
Average processing time of GrabImageRGBD(): 8.87185ms
Frame 968 end
Average processing time of GrabImageRGBD(): 8.87186ms
Frame 969 end
Average processing time of GrabImageRGBD(): 8.86742ms
Frame 970 end
Average processing time of GrabImageRGBD(): 8.88806ms
Frame 971 end
Average processing time of GrabImageRGBD(): 8.88767ms
Frame 972 end
Average processing time of GrabImageRGBD(): 8.88773ms
Frame 973 end
Average processing time of GrabImageRGBD(): 8.88238ms
Frame 974 end
Average processing time of GrabImageRGBD(): 8.87845ms
Frame 975 end
Average processing time of GrabImageRGBD(): 8.87322ms
Frame 976 end
Average processing time of GrabImageRGBD(): 8.87214ms
Frame 977 end
Average processing time of GrabImageRGBD(): 8.86861ms
Frame 978 end
Average processing time of GrabImageRGBD(): 8.8888ms
Frame 979 end
Average processing time of GrabImageRGBD(): 8.8859ms
Frame 980 end
Average processing time of GrabImageRGBD(): 8.88565ms
Frame 981 end
Average processing time of GrabImageRGBD(): 8.88773ms
Frame 982 end
Average processing time of GrabImageRGBD(): 8.88217ms
Frame 983 end
Average processing time of GrabImageRGBD(): 8.87655ms
Frame 984 end
Average processing time of GrabImageRGBD(): 8.87577ms
Frame 985 end
Average processing time of GrabImageRGBD(): 8.87023ms
Frame 986 end
Average processing time of GrabImageRGBD(): 8.89152ms
Frame 987 end
Average processing time of GrabImageRGBD(): 8.88687ms
Frame 988 end
Average processing time of GrabImageRGBD(): 8.88614ms
Frame 989 end
Average processing time of GrabImageRGBD(): 8.88612ms
Frame 990 end
Average processing time of GrabImageRGBD(): 8.88085ms
Frame 991 end
Average processing time of GrabImageRGBD(): 8.87636ms
Frame 992 end
Average processing time of GrabImageRGBD(): 8.87546ms
Frame 993 end
Average processing time of GrabImageRGBD(): 8.89753ms
Frame 994 end
Average processing time of GrabImageRGBD(): 8.89741ms
Frame 995 end
Average processing time of GrabImageRGBD(): 8.89667ms
Frame 996 end
Average processing time of GrabImageRGBD(): 8.89106ms
Frame 997 end
Average processing time of GrabImageRGBD(): 8.88655ms
Frame 998 end
Average processing time of GrabImageRGBD(): 8.88098ms
Frame 999 end
Average processing time of GrabImageRGBD(): 8.87532ms
Frame 1000 end
Average processing time of GrabImageRGBD(): 8.89591ms
Frame 1001 end
Average processing time of GrabImageRGBD(): 8.89091ms
Frame 1002 end
Average processing time of GrabImageRGBD(): 8.89058ms
Frame 1003 end
Average processing time of GrabImageRGBD(): 8.8875ms
Frame 1004 end
Average processing time of GrabImageRGBD(): 8.88674ms
Frame 1005 end
Average processing time of GrabImageRGBD(): 8.88593ms
Frame 1006 end
Average processing time of GrabImageRGBD(): 8.88474ms
Frame 1007 end
Average processing time of GrabImageRGBD(): 8.8794ms
Frame 1008 end
Average processing time of GrabImageRGBD(): 8.87847ms
Frame 1009 end
Average processing time of GrabImageRGBD(): 8.87644ms
Frame 1010 end
Average processing time of GrabImageRGBD(): 8.89335ms
Frame 1011 end
Average processing time of GrabImageRGBD(): 8.89283ms
Frame 1012 end
Average processing time of GrabImageRGBD(): 8.88746ms
Frame 1013 end
Average processing time of GrabImageRGBD(): 8.88183ms
Frame 1014 end
Average processing time of GrabImageRGBD(): 8.87887ms
Frame 1015 end
Average processing time of GrabImageRGBD(): 8.87646ms
Frame 1016 end
Average processing time of GrabImageRGBD(): 8.89306ms
Frame 1017 end
Average processing time of GrabImageRGBD(): 8.89135ms
Frame 1018 end
Average processing time of GrabImageRGBD(): 8.889ms
Frame 1019 end
Average processing time of GrabImageRGBD(): 8.88652ms
Frame 1020 end
Average processing time of GrabImageRGBD(): 8.88376ms
Frame 1021 end
Average processing time of GrabImageRGBD(): 8.88068ms
Frame 1022 end
Average processing time of GrabImageRGBD(): 8.89666ms
Frame 1023 end
Average processing time of GrabImageRGBD(): 8.89139ms
Frame 1024 end
Average processing time of GrabImageRGBD(): 8.88713ms
Frame 1025 end
Average processing time of GrabImageRGBD(): 8.88336ms
Frame 1026 end
Average processing time of GrabImageRGBD(): 8.88081ms
Frame 1027 end
Average processing time of GrabImageRGBD(): 8.87489ms
Frame 1028 end
Average processing time of GrabImageRGBD(): 8.89078ms
Frame 1029 end
Average processing time of GrabImageRGBD(): 8.89078ms
Frame 1030 end
Average processing time of GrabImageRGBD(): 8.88517ms
Frame 1031 end
Average processing time of GrabImageRGBD(): 8.87975ms
Frame 1032 end
Average processing time of GrabImageRGBD(): 8.87886ms
Frame 1033 end
Average processing time of GrabImageRGBD(): 8.87391ms
Frame 1034 end
Average processing time of GrabImageRGBD(): 8.86899ms
Frame 1035 end
Average processing time of GrabImageRGBD(): 8.86313ms
Frame 1036 end
Average processing time of GrabImageRGBD(): 8.88374ms
Frame 1037 end
Average processing time of GrabImageRGBD(): 8.88394ms
Frame 1038 end
Average processing time of GrabImageRGBD(): 8.87961ms
Frame 1039 end
Average processing time of GrabImageRGBD(): 8.87429ms
Frame 1040 end
Average processing time of GrabImageRGBD(): 8.87324ms
Frame 1041 end
Average processing time of GrabImageRGBD(): 8.86856ms
Frame 1042 end
Average processing time of GrabImageRGBD(): 8.8634ms
Frame 1043 end
Average processing time of GrabImageRGBD(): 8.85798ms
Frame 1044 end
Average processing time of GrabImageRGBD(): 8.85347ms
Frame 1045 end
Average processing time of GrabImageRGBD(): 8.87813ms
Frame 1046 end
Average processing time of GrabImageRGBD(): 8.87828ms
Frame 1047 end
Average processing time of GrabImageRGBD(): 8.87286ms
Frame 1048 end
Average processing time of GrabImageRGBD(): 8.87196ms
Frame 1049 end
Average processing time of GrabImageRGBD(): 8.86896ms
Frame 1050 end
Average processing time of GrabImageRGBD(): 8.8665ms
Frame 1051 end
Average processing time of GrabImageRGBD(): 8.86509ms
Frame 1052 end
Average processing time of GrabImageRGBD(): 8.86436ms
Frame 1053 end
Average processing time of GrabImageRGBD(): 8.86261ms
Frame 1054 end
Average processing time of GrabImageRGBD(): 8.85755ms
Frame 1055 end
Average processing time of GrabImageRGBD(): 8.87763ms
Frame 1056 end
Average processing time of GrabImageRGBD(): 8.87853ms
Frame 1057 end
Average processing time of GrabImageRGBD(): 8.87776ms
Frame 1058 end
Average processing time of GrabImageRGBD(): 8.87694ms
Frame 1059 end
Average processing time of GrabImageRGBD(): 8.87912ms
Frame 1060 end
Average processing time of GrabImageRGBD(): 8.87961ms
Frame 1061 end
Average processing time of GrabImageRGBD(): 8.87496ms
Frame 1062 end
Average processing time of GrabImageRGBD(): 8.87385ms
Frame 1063 end
Average processing time of GrabImageRGBD(): 8.87227ms
Frame 1064 end
Average processing time of GrabImageRGBD(): 8.8728ms
Frame 1065 end
Average processing time of GrabImageRGBD(): 8.86931ms
Frame 1066 end
Average processing time of GrabImageRGBD(): 8.86455ms
Frame 1067 end
Average processing time of GrabImageRGBD(): 8.86073ms
Frame 1068 end
Average processing time of GrabImageRGBD(): 8.85995ms
Frame 1069 end
Average processing time of GrabImageRGBD(): 8.8784ms
Frame 1070 end
Average processing time of GrabImageRGBD(): 8.87867ms
Frame 1071 end
Average processing time of GrabImageRGBD(): 8.87783ms
Frame 1072 end
Average processing time of GrabImageRGBD(): 8.87454ms
Frame 1073 end
Average processing time of GrabImageRGBD(): 8.87112ms
Frame 1074 end
Average processing time of GrabImageRGBD(): 8.86612ms
Frame 1075 end
Average processing time of GrabImageRGBD(): 8.86112ms
Frame 1076 end
Average processing time of GrabImageRGBD(): 8.85678ms
Frame 1077 end
Average processing time of GrabImageRGBD(): 8.85562ms
Frame 1078 end
Average processing time of GrabImageRGBD(): 8.8547ms
Frame 1079 end
Average processing time of GrabImageRGBD(): 8.84944ms
Frame 1080 end
Average processing time of GrabImageRGBD(): 8.84476ms
Frame 1081 end
Average processing time of GrabImageRGBD(): 8.84309ms
Frame 1082 end
Average processing time of GrabImageRGBD(): 8.83955ms
Frame 1083 end
Average processing time of GrabImageRGBD(): 8.83503ms
Frame 1084 end
Average processing time of GrabImageRGBD(): 8.83025ms
Frame 1085 end
Average processing time of GrabImageRGBD(): 8.82814ms
Frame 1086 end
Average processing time of GrabImageRGBD(): 8.82613ms
Frame 1087 end
Average processing time of GrabImageRGBD(): 8.84732ms
Frame 1088 end
Average processing time of GrabImageRGBD(): 8.84781ms
Frame 1089 end
Average processing time of GrabImageRGBD(): 8.84272ms
Frame 1090 end
Average processing time of GrabImageRGBD(): 8.84184ms
Frame 1091 end
Average processing time of GrabImageRGBD(): 8.84098ms
Frame 1092 end
Average processing time of GrabImageRGBD(): 8.83599ms
Frame 1093 end
Average processing time of GrabImageRGBD(): 8.83362ms
Frame 1094 end
Average processing time of GrabImageRGBD(): 8.83039ms
Frame 1095 end
Average processing time of GrabImageRGBD(): 8.82727ms
Frame 1096 end
Average processing time of GrabImageRGBD(): 8.82496ms
Frame 1097 end
Average processing time of GrabImageRGBD(): 8.81987ms
Frame 1098 end
Average processing time of GrabImageRGBD(): 8.81471ms
Frame 1099 end
Average processing time of GrabImageRGBD(): 8.81369ms
Frame 1100 end
Average processing time of GrabImageRGBD(): 8.81243ms
Frame 1101 end
Average processing time of GrabImageRGBD(): 8.81017ms
Frame 1102 end
Average processing time of GrabImageRGBD(): 8.80891ms
Frame 1103 end
Average processing time of GrabImageRGBD(): 8.804ms
Frame 1104 end
Average processing time of GrabImageRGBD(): 8.80269ms
Frame 1105 end
Average processing time of GrabImageRGBD(): 8.80101ms
Frame 1106 end
Average processing time of GrabImageRGBD(): 8.79601ms
Frame 1107 end
Average processing time of GrabImageRGBD(): 8.7944ms
Frame 1108 end
Average processing time of GrabImageRGBD(): 8.81227ms
Frame 1109 end
Average processing time of GrabImageRGBD(): 8.80938ms
Frame 1110 end
Average processing time of GrabImageRGBD(): 8.80828ms
Frame 1111 end
Average processing time of GrabImageRGBD(): 8.80747ms
Frame 1112 end
Average processing time of GrabImageRGBD(): 8.80362ms
Frame 1113 end
Average processing time of GrabImageRGBD(): 8.80025ms
Frame 1114 end
Average processing time of GrabImageRGBD(): 8.79492ms
Frame 1115 end
Average processing time of GrabImageRGBD(): 8.79098ms
Frame 1116 end
Average processing time of GrabImageRGBD(): 8.78991ms
Frame 1117 end
Average processing time of GrabImageRGBD(): 8.78507ms
Frame 1118 end
Average processing time of GrabImageRGBD(): 8.77996ms
Frame 1119 end
Average processing time of GrabImageRGBD(): 8.77834ms
Frame 1120 end
Average processing time of GrabImageRGBD(): 8.77536ms
Frame 1121 end
Average processing time of GrabImageRGBD(): 8.77033ms
Frame 1122 end
Average processing time of GrabImageRGBD(): 8.76583ms
Frame 1123 end
Average processing time of GrabImageRGBD(): 8.76463ms
Frame 1124 end
Average processing time of GrabImageRGBD(): 8.75966ms
Frame 1125 end
Average processing time of GrabImageRGBD(): 8.75877ms
Frame 1126 end
Average processing time of GrabImageRGBD(): 8.75679ms
Frame 1127 end
Average processing time of GrabImageRGBD(): 8.75552ms
Frame 1128 end
Average processing time of GrabImageRGBD(): 8.7542ms
Frame 1129 end
Average processing time of GrabImageRGBD(): 8.7525ms
Frame 1130 end
Average processing time of GrabImageRGBD(): 8.76962ms
Frame 1131 end
Average processing time of GrabImageRGBD(): 8.76672ms
Frame 1132 end
Average processing time of GrabImageRGBD(): 8.76578ms
Frame 1133 end
Average processing time of GrabImageRGBD(): 8.76096ms
Frame 1134 end
Average processing time of GrabImageRGBD(): 8.75688ms
Frame 1135 end
Average processing time of GrabImageRGBD(): 8.75565ms
Frame 1136 end
Average processing time of GrabImageRGBD(): 8.75237ms
Frame 1137 end
Average processing time of GrabImageRGBD(): 8.75136ms
Frame 1138 end
Average processing time of GrabImageRGBD(): 8.74905ms
Frame 1139 end
Average processing time of GrabImageRGBD(): 8.74761ms
Frame 1140 end
Average processing time of GrabImageRGBD(): 8.74411ms
Frame 1141 end
Average processing time of GrabImageRGBD(): 8.73938ms
Frame 1142 end
Average processing time of GrabImageRGBD(): 8.73448ms
Frame 1143 end
Average processing time of GrabImageRGBD(): 8.73119ms
Frame 1144 end
Average processing time of GrabImageRGBD(): 8.72683ms
Frame 1145 end
Average processing time of GrabImageRGBD(): 8.72437ms
Frame 1146 end
Average processing time of GrabImageRGBD(): 8.72174ms
Frame 1147 end
Average processing time of GrabImageRGBD(): 8.71955ms
Frame 1148 end
Average processing time of GrabImageRGBD(): 8.71445ms
Frame 1149 end
Average processing time of GrabImageRGBD(): 8.73324ms
Frame 1150 end
Average processing time of GrabImageRGBD(): 8.72921ms
Frame 1151 end
Average processing time of GrabImageRGBD(): 8.72842ms
Frame 1152 end
Average processing time of GrabImageRGBD(): 8.72751ms
Frame 1153 end
Average processing time of GrabImageRGBD(): 8.72528ms
Frame 1154 end
Average processing time of GrabImageRGBD(): 8.72232ms
Frame 1155 end
Average processing time of GrabImageRGBD(): 8.71816ms
Frame 1156 end
Average processing time of GrabImageRGBD(): 8.71682ms
Frame 1157 end
Average processing time of GrabImageRGBD(): 8.71535ms
Frame 1158 end
Average processing time of GrabImageRGBD(): 8.71039ms
Frame 1159 end
Average processing time of GrabImageRGBD(): 8.70673ms
Frame 1160 end
Average processing time of GrabImageRGBD(): 8.70205ms
Frame 1161 end
Average processing time of GrabImageRGBD(): 8.69971ms
Frame 1162 end
Average processing time of GrabImageRGBD(): 8.69503ms
Frame 1163 end
Average processing time of GrabImageRGBD(): 8.69053ms
Frame 1164 end
Average processing time of GrabImageRGBD(): 8.68884ms
Frame 1165 end
Average processing time of GrabImageRGBD(): 8.68418ms
Frame 1166 end
Average processing time of GrabImageRGBD(): 8.68039ms
Frame 1167 end
Average processing time of GrabImageRGBD(): 8.67624ms
Frame 1168 end
Average processing time of GrabImageRGBD(): 8.69544ms
Frame 1169 end
Average processing time of GrabImageRGBD(): 8.69632ms
Frame 1170 end
Average processing time of GrabImageRGBD(): 8.69616ms
Frame 1171 end
Average processing time of GrabImageRGBD(): 8.69403ms
Frame 1172 end
Average processing time of GrabImageRGBD(): 8.694ms
Frame 1173 end
Average processing time of GrabImageRGBD(): 8.68972ms
Frame 1174 end
Average processing time of GrabImageRGBD(): 8.68541ms
Frame 1175 end
Average processing time of GrabImageRGBD(): 8.68497ms
Frame 1176 end
Average processing time of GrabImageRGBD(): 8.68065ms
Frame 1177 end
Average processing time of GrabImageRGBD(): 8.68059ms
Frame 1178 end
Average processing time of GrabImageRGBD(): 8.67673ms
Frame 1179 end
Average processing time of GrabImageRGBD(): 8.67552ms
Frame 1180 end
Average processing time of GrabImageRGBD(): 8.67086ms
Frame 1181 end
Average processing time of GrabImageRGBD(): 8.66601ms
Frame 1182 end
Average processing time of GrabImageRGBD(): 8.66285ms
Frame 1183 end
Average processing time of GrabImageRGBD(): 8.65989ms
Frame 1184 end
Average processing time of GrabImageRGBD(): 8.65512ms
Frame 1185 end
Average processing time of GrabImageRGBD(): 8.65322ms
Frame 1186 end
Average processing time of GrabImageRGBD(): 8.64848ms
Frame 1187 end
Average processing time of GrabImageRGBD(): 8.66613ms
Frame 1188 end
Average processing time of GrabImageRGBD(): 8.66464ms
Frame 1189 end
Average processing time of GrabImageRGBD(): 8.65991ms
Frame 1190 end
Average processing time of GrabImageRGBD(): 8.65568ms
Frame 1191 end
Average processing time of GrabImageRGBD(): 8.65153ms
Frame 1192 end
Average processing time of GrabImageRGBD(): 8.65226ms
Frame 1193 end
Average processing time of GrabImageRGBD(): 8.65311ms
Frame 1194 end
Average processing time of GrabImageRGBD(): 8.6507ms
Frame 1195 end
Average processing time of GrabImageRGBD(): 8.646ms
Frame 1196 end
Average processing time of GrabImageRGBD(): 8.64144ms
Frame 1197 end
Average processing time of GrabImageRGBD(): 8.63705ms
Frame 1198 end
Average processing time of GrabImageRGBD(): 8.63399ms
Frame 1199 end
Average processing time of GrabImageRGBD(): 8.6316ms
Frame 1200 end
Average processing time of GrabImageRGBD(): 8.62773ms
Frame 1201 end
Average processing time of GrabImageRGBD(): 8.62668ms
Frame 1202 end
Average processing time of GrabImageRGBD(): 8.62341ms
Frame 1203 end
Average processing time of GrabImageRGBD(): 8.61922ms
Frame 1204 end
Average processing time of GrabImageRGBD(): 8.61897ms
Frame 1205 end
Average processing time of GrabImageRGBD(): 8.61865ms
Frame 1206 end
Average processing time of GrabImageRGBD(): 8.63677ms
Frame 1207 end
Average processing time of GrabImageRGBD(): 8.63804ms
Frame 1208 end
Average processing time of GrabImageRGBD(): 8.63846ms
Frame 1209 end
Average processing time of GrabImageRGBD(): 8.63947ms
Frame 1210 end
Average processing time of GrabImageRGBD(): 8.63703ms
Frame 1211 end
Average processing time of GrabImageRGBD(): 8.63697ms
Frame 1212 end
Average processing time of GrabImageRGBD(): 8.63659ms
Frame 1213 end
Average processing time of GrabImageRGBD(): 8.6336ms
Frame 1214 end
Average processing time of GrabImageRGBD(): 8.62956ms
Frame 1215 end
Average processing time of GrabImageRGBD(): 8.62512ms
Frame 1216 end
Average processing time of GrabImageRGBD(): 8.6208ms
Frame 1217 end
Average processing time of GrabImageRGBD(): 8.62043ms
Frame 1218 end
Average processing time of GrabImageRGBD(): 8.61983ms
Frame 1219 end
Average processing time of GrabImageRGBD(): 8.61909ms
Frame 1220 end
Average processing time of GrabImageRGBD(): 8.6178ms
Frame 1221 end
Average processing time of GrabImageRGBD(): 8.61724ms
Frame 1222 end
Average processing time of GrabImageRGBD(): 8.61649ms
Frame 1223 end
Average processing time of GrabImageRGBD(): 8.61184ms
Frame 1224 end
Average processing time of GrabImageRGBD(): 8.61121ms
Frame 1225 end
Average processing time of GrabImageRGBD(): 8.62969ms
Frame 1226 end
Average processing time of GrabImageRGBD(): 8.62711ms
Frame 1227 end
Average processing time of GrabImageRGBD(): 8.62703ms
Frame 1228 end
Average processing time of GrabImageRGBD(): 8.62398ms
Frame 1229 end
Average processing time of GrabImageRGBD(): 8.61964ms
Frame 1230 end
Average processing time of GrabImageRGBD(): 8.6155ms
Frame 1231 end
Average processing time of GrabImageRGBD(): 8.61142ms
Frame 1232 end
Average processing time of GrabImageRGBD(): 8.60893ms
Frame 1233 end
Average processing time of GrabImageRGBD(): 8.60507ms
Frame 1234 end
Average processing time of GrabImageRGBD(): 8.60456ms
Frame 1235 end
Average processing time of GrabImageRGBD(): 8.60026ms
Frame 1236 end
Average processing time of GrabImageRGBD(): 8.5961ms
Frame 1237 end
Average processing time of GrabImageRGBD(): 8.59555ms
Frame 1238 end
Average processing time of GrabImageRGBD(): 8.59468ms
Frame 1239 end
Average processing time of GrabImageRGBD(): 8.59355ms
Frame 1240 end
Average processing time of GrabImageRGBD(): 8.58915ms
Frame 1241 end
Average processing time of GrabImageRGBD(): 8.58472ms
Frame 1242 end
Average processing time of GrabImageRGBD(): 8.58052ms
Frame 1243 end
Average processing time of GrabImageRGBD(): 8.59657ms
Frame 1244 end
Average processing time of GrabImageRGBD(): 8.59658ms
Frame 1245 end
Average processing time of GrabImageRGBD(): 8.5956ms
Frame 1246 end
Average processing time of GrabImageRGBD(): 8.59131ms
Frame 1247 end
Average processing time of GrabImageRGBD(): 8.5902ms
Frame 1248 end
Average processing time of GrabImageRGBD(): 8.58925ms
Frame 1249 end
Average processing time of GrabImageRGBD(): 8.58489ms
Frame 1250 end
Average processing time of GrabImageRGBD(): 8.58053ms
Frame 1251 end
Average processing time of GrabImageRGBD(): 8.5794ms
Frame 1252 end
Average processing time of GrabImageRGBD(): 8.57825ms
Frame 1253 end
Average processing time of GrabImageRGBD(): 8.57374ms
Frame 1254 end
Average processing time of GrabImageRGBD(): 8.57297ms
Frame 1255 end
Average processing time of GrabImageRGBD(): 8.57153ms
Frame 1256 end
Average processing time of GrabImageRGBD(): 8.56902ms
Frame 1257 end
Average processing time of GrabImageRGBD(): 8.56765ms
Frame 1258 end
Average processing time of GrabImageRGBD(): 8.56633ms
Frame 1259 end
Average processing time of GrabImageRGBD(): 8.58395ms
Frame 1260 end
Average processing time of GrabImageRGBD(): 8.58053ms
Frame 1261 end
Average processing time of GrabImageRGBD(): 8.58027ms
Frame 1262 end
Average processing time of GrabImageRGBD(): 8.57602ms
Frame 1263 end
Average processing time of GrabImageRGBD(): 8.5719ms
Frame 1264 end
Average processing time of GrabImageRGBD(): 8.57136ms
Frame 1265 end
Average processing time of GrabImageRGBD(): 8.57069ms
Frame 1266 end
Average processing time of GrabImageRGBD(): 8.57004ms
Frame 1267 end
Average processing time of GrabImageRGBD(): 8.56915ms
Frame 1268 end
Average processing time of GrabImageRGBD(): 8.56851ms
Frame 1269 end
Average processing time of GrabImageRGBD(): 8.56417ms
Frame 1270 end
Average processing time of GrabImageRGBD(): 8.56016ms
Frame 1271 end
Average processing time of GrabImageRGBD(): 8.5593ms
Frame 1272 end
Average processing time of GrabImageRGBD(): 8.55843ms
Frame 1273 end
Average processing time of GrabImageRGBD(): 8.55427ms
Frame 1274 end
Average processing time of GrabImageRGBD(): 8.5538ms
Frame 1275 end
Average processing time of GrabImageRGBD(): 8.55321ms
Frame 1276 end
Average processing time of GrabImageRGBD(): 8.54888ms
Frame 1277 end
Average processing time of GrabImageRGBD(): 8.56662ms
Frame 1278 end
Average processing time of GrabImageRGBD(): 8.56669ms
Frame 1279 end
Average processing time of GrabImageRGBD(): 8.56573ms
Frame 1280 end
Average processing time of GrabImageRGBD(): 8.56148ms
Frame 1281 end
Average processing time of GrabImageRGBD(): 8.55729ms
Frame 1282 end
Average processing time of GrabImageRGBD(): 8.55674ms
Frame 1283 end
Average processing time of GrabImageRGBD(): 8.55662ms
Frame 1284 end
Average processing time of GrabImageRGBD(): 8.55254ms
Frame 1285 end
Average processing time of GrabImageRGBD(): 8.54887ms
Frame 1286 end
Average processing time of GrabImageRGBD(): 8.54479ms
Frame 1287 end
Average processing time of GrabImageRGBD(): 8.54295ms
Frame 1288 end
Average processing time of GrabImageRGBD(): 8.53873ms
Frame 1289 end
Average processing time of GrabImageRGBD(): 8.53441ms
Frame 1290 end
Average processing time of GrabImageRGBD(): 8.53275ms
Frame 1291 end
Average processing time of GrabImageRGBD(): 8.53001ms
Frame 1292 end
Average processing time of GrabImageRGBD(): 8.52657ms
Frame 1293 end
Average processing time of GrabImageRGBD(): 8.52538ms
Frame 1294 end
Average processing time of GrabImageRGBD(): 8.54283ms
Frame 1295 end
Average processing time of GrabImageRGBD(): 8.54373ms
Frame 1296 end
Average processing time of GrabImageRGBD(): 8.53968ms
Frame 1297 end
Average processing time of GrabImageRGBD(): 8.53555ms
Frame 1298 end
Average processing time of GrabImageRGBD(): 8.53249ms
Frame 1299 end
Average processing time of GrabImageRGBD(): 8.52863ms
Frame 1300 end
Average processing time of GrabImageRGBD(): 8.52763ms
Frame 1301 end
Average processing time of GrabImageRGBD(): 8.52435ms
Frame 1302 end
Average processing time of GrabImageRGBD(): 8.52372ms
Frame 1303 end
Average processing time of GrabImageRGBD(): 8.52099ms
Frame 1304 end
Average processing time of GrabImageRGBD(): 8.51817ms
Frame 1305 end
Average processing time of GrabImageRGBD(): 8.51817ms
Frame 1306 end
Average processing time of GrabImageRGBD(): 8.5181ms
Frame 1307 end
Average processing time of GrabImageRGBD(): 8.51393ms
Frame 1308 end
Average processing time of GrabImageRGBD(): 8.51288ms
Frame 1309 end
Average processing time of GrabImageRGBD(): 8.50884ms
Frame 1310 end
Average processing time of GrabImageRGBD(): 8.50501ms
Frame 1311 end
Average processing time of GrabImageRGBD(): 8.50299ms
Frame 1312 end
Average processing time of GrabImageRGBD(): 8.50083ms
Frame 1313 end
Average processing time of GrabImageRGBD(): 8.51671ms
Frame 1314 end
Average processing time of GrabImageRGBD(): 8.51476ms
Frame 1315 end
Average processing time of GrabImageRGBD(): 8.51392ms
Frame 1316 end
Average processing time of GrabImageRGBD(): 8.51319ms
Frame 1317 end
Average processing time of GrabImageRGBD(): 8.50905ms
Frame 1318 end
Average processing time of GrabImageRGBD(): 8.50823ms
Frame 1319 end
Average processing time of GrabImageRGBD(): 8.50554ms
Frame 1320 end
Average processing time of GrabImageRGBD(): 8.50478ms
Frame 1321 end
Average processing time of GrabImageRGBD(): 8.50415ms
Frame 1322 end
Average processing time of GrabImageRGBD(): 8.50047ms
Frame 1323 end
Average processing time of GrabImageRGBD(): 8.49975ms
Frame 1324 end
Average processing time of GrabImageRGBD(): 8.4987ms
Frame 1325 end
Average processing time of GrabImageRGBD(): 8.49803ms
Frame 1326 end
Average processing time of GrabImageRGBD(): 8.49601ms
Frame 1327 end
Average processing time of GrabImageRGBD(): 8.4951ms
Frame 1328 end
Average processing time of GrabImageRGBD(): 8.49099ms
Frame 1329 end
Average processing time of GrabImageRGBD(): 8.48701ms
Frame 1330 end
Average processing time of GrabImageRGBD(): 8.48559ms
Frame 1331 end
Average processing time of GrabImageRGBD(): 8.48224ms
Frame 1332 end
Average processing time of GrabImageRGBD(): 8.47985ms
Frame 1333 end
Average processing time of GrabImageRGBD(): 8.4951ms
Frame 1334 end
Average processing time of GrabImageRGBD(): 8.49662ms
Frame 1335 end
Average processing time of GrabImageRGBD(): 8.49299ms
Frame 1336 end
Average processing time of GrabImageRGBD(): 8.49308ms
Frame 1337 end
Average processing time of GrabImageRGBD(): 8.49314ms
Frame 1338 end
Average processing time of GrabImageRGBD(): 8.49102ms
Frame 1339 end
Average processing time of GrabImageRGBD(): 8.48846ms
Frame 1340 end
Average processing time of GrabImageRGBD(): 8.4851ms
Frame 1341 end
Average processing time of GrabImageRGBD(): 8.48404ms
Frame 1342 end
Average processing time of GrabImageRGBD(): 8.47998ms
Frame 1343 end
Average processing time of GrabImageRGBD(): 8.47623ms
Frame 1344 end
Average processing time of GrabImageRGBD(): 8.47217ms
Frame 1345 end
Average processing time of GrabImageRGBD(): 8.4679ms
Frame 1346 end
Average processing time of GrabImageRGBD(): 8.4667ms
Frame 1347 end
Average processing time of GrabImageRGBD(): 8.46412ms
Frame 1348 end
Average processing time of GrabImageRGBD(): 8.46245ms
Frame 1349 end
Average processing time of GrabImageRGBD(): 8.46087ms
Frame 1350 end
Average processing time of GrabImageRGBD(): 8.45888ms
Frame 1351 end
Average processing time of GrabImageRGBD(): 8.4549ms
Frame 1352 end
Average processing time of GrabImageRGBD(): 8.45086ms
Frame 1353 end
Average processing time of GrabImageRGBD(): 8.46768ms
Frame 1354 end
Average processing time of GrabImageRGBD(): 8.46591ms
Frame 1355 end
Average processing time of GrabImageRGBD(): 8.46343ms
Frame 1356 end
Average processing time of GrabImageRGBD(): 8.46349ms
Frame 1357 end
Average processing time of GrabImageRGBD(): 8.46328ms
Frame 1358 end
Average processing time of GrabImageRGBD(): 8.46325ms
Frame 1359 end
Average processing time of GrabImageRGBD(): 8.46316ms
Frame 1360 end
Average processing time of GrabImageRGBD(): 8.46125ms
Frame 1361 end
Average processing time of GrabImageRGBD(): 8.46084ms
Frame 1362 end
Average processing time of GrabImageRGBD(): 8.45942ms
Frame 1363 end
Average processing time of GrabImageRGBD(): 8.45638ms
Frame 1364 end
Average processing time of GrabImageRGBD(): 8.45605ms
Frame 1365 end
Average processing time of GrabImageRGBD(): 8.45248ms
Frame 1366 end
Average processing time of GrabImageRGBD(): 8.44965ms
Frame 1367 end
Average processing time of GrabImageRGBD(): 8.44959ms
Frame 1368 end
Average processing time of GrabImageRGBD(): 8.44605ms
Frame 1369 end
Average processing time of GrabImageRGBD(): 8.44517ms
Frame 1370 end
Average processing time of GrabImageRGBD(): 8.44206ms
Frame 1371 end
Average processing time of GrabImageRGBD(): 8.45895ms
Frame 1372 end
Average processing time of GrabImageRGBD(): 8.46011ms
Frame 1373 end
Average processing time of GrabImageRGBD(): 8.45987ms
Frame 1374 end
Average processing time of GrabImageRGBD(): 8.46003ms
Frame 1375 end
Average processing time of GrabImageRGBD(): 8.45968ms
Frame 1376 end
Average processing time of GrabImageRGBD(): 8.4593ms
Frame 1377 end
Average processing time of GrabImageRGBD(): 8.45623ms
Frame 1378 end
Average processing time of GrabImageRGBD(): 8.45237ms
Frame 1379 end
Average processing time of GrabImageRGBD(): 8.45173ms
Frame 1380 end
Average processing time of GrabImageRGBD(): 8.45027ms
Frame 1381 end
Average processing time of GrabImageRGBD(): 8.44666ms
Frame 1382 end
Average processing time of GrabImageRGBD(): 8.44273ms
Frame 1383 end
Average processing time of GrabImageRGBD(): 8.44102ms
Frame 1384 end
Average processing time of GrabImageRGBD(): 8.43721ms
Frame 1385 end
Average processing time of GrabImageRGBD(): 8.43341ms
Frame 1386 end
Average processing time of GrabImageRGBD(): 8.43249ms
Frame 1387 end
Average processing time of GrabImageRGBD(): 8.43057ms
Frame 1388 end
Average processing time of GrabImageRGBD(): 8.42983ms
Frame 1389 end
Average processing time of GrabImageRGBD(): 8.44635ms
Frame 1390 end
Average processing time of GrabImageRGBD(): 8.44335ms
Frame 1391 end
Average processing time of GrabImageRGBD(): 8.43969ms
Frame 1392 end
Average processing time of GrabImageRGBD(): 8.43612ms
Frame 1393 end
Average processing time of GrabImageRGBD(): 8.4326ms
Frame 1394 end
Average processing time of GrabImageRGBD(): 8.42917ms
Frame 1395 end
Average processing time of GrabImageRGBD(): 8.42547ms
Frame 1396 end
Average processing time of GrabImageRGBD(): 8.42515ms
Frame 1397 end
Average processing time of GrabImageRGBD(): 8.42146ms
Frame 1398 end
Average processing time of GrabImageRGBD(): 8.4208ms
Frame 1399 end
Average processing time of GrabImageRGBD(): 8.41991ms
Frame 1400 end
Average processing time of GrabImageRGBD(): 8.41749ms
Frame 1401 end
Average processing time of GrabImageRGBD(): 8.4144ms
Frame 1402 end
Average processing time of GrabImageRGBD(): 8.41392ms
Frame 1403 end
Average processing time of GrabImageRGBD(): 8.41303ms
Frame 1404 end
Average processing time of GrabImageRGBD(): 8.4093ms
Frame 1405 end
Average processing time of GrabImageRGBD(): 8.40793ms
Frame 1406 end
Average processing time of GrabImageRGBD(): 8.42181ms
Frame 1407 end
Average processing time of GrabImageRGBD(): 8.41993ms
Frame 1408 end
Average processing time of GrabImageRGBD(): 8.42ms
Frame 1409 end
Average processing time of GrabImageRGBD(): 8.42009ms
Frame 1410 end
Average processing time of GrabImageRGBD(): 8.42035ms
Frame 1411 end
Average processing time of GrabImageRGBD(): 8.41857ms
Frame 1412 end
Average processing time of GrabImageRGBD(): 8.41852ms
Frame 1413 end
Average processing time of GrabImageRGBD(): 8.41677ms
Frame 1414 end
Average processing time of GrabImageRGBD(): 8.41324ms
Frame 1415 end
Average processing time of GrabImageRGBD(): 8.41292ms
Frame 1416 end
Average processing time of GrabImageRGBD(): 8.40951ms
Frame 1417 end
Average processing time of GrabImageRGBD(): 8.40916ms
Frame 1418 end
Average processing time of GrabImageRGBD(): 8.40545ms
Frame 1419 end
Average processing time of GrabImageRGBD(): 8.40484ms
Frame 1420 end
Average processing time of GrabImageRGBD(): 8.40121ms
Frame 1421 end
Average processing time of GrabImageRGBD(): 8.40087ms
Frame 1422 end
Average processing time of GrabImageRGBD(): 8.39775ms
Frame 1423 end
Average processing time of GrabImageRGBD(): 8.41191ms
Frame 1424 end
Average processing time of GrabImageRGBD(): 8.41272ms
Frame 1425 end
Average processing time of GrabImageRGBD(): 8.41028ms
Frame 1426 end
Average processing time of GrabImageRGBD(): 8.41024ms
Frame 1427 end
Average processing time of GrabImageRGBD(): 8.40998ms
Frame 1428 end
Average processing time of GrabImageRGBD(): 8.40956ms
Frame 1429 end
Average processing time of GrabImageRGBD(): 8.40617ms
Frame 1430 end
Average processing time of GrabImageRGBD(): 8.40582ms
Frame 1431 end
Average processing time of GrabImageRGBD(): 8.40212ms
Frame 1432 end
Average processing time of GrabImageRGBD(): 8.39857ms
Frame 1433 end
Average processing time of GrabImageRGBD(): 8.39807ms
Frame 1434 end
Average processing time of GrabImageRGBD(): 8.3952ms
Frame 1435 end
Average processing time of GrabImageRGBD(): 8.39503ms
Frame 1436 end
Average processing time of GrabImageRGBD(): 8.39444ms
Frame 1437 end
Average processing time of GrabImageRGBD(): 8.39402ms
Frame 1438 end
Average processing time of GrabImageRGBD(): 8.3935ms
Frame 1439 end
Average processing time of GrabImageRGBD(): 8.39128ms
Frame 1440 end
Average processing time of GrabImageRGBD(): 8.40697ms
Frame 1441 end
Average processing time of GrabImageRGBD(): 8.40782ms
Frame 1442 end
Average processing time of GrabImageRGBD(): 8.40602ms
Frame 1443 end
Average processing time of GrabImageRGBD(): 8.40239ms
Frame 1444 end
Average processing time of GrabImageRGBD(): 8.40229ms
Frame 1445 end
Average processing time of GrabImageRGBD(): 8.39882ms
Frame 1446 end
Average processing time of GrabImageRGBD(): 8.39853ms
Frame 1447 end
Average processing time of GrabImageRGBD(): 8.39717ms
Frame 1448 end
Average processing time of GrabImageRGBD(): 8.39366ms
Frame 1449 end
Average processing time of GrabImageRGBD(): 8.39348ms
Frame 1450 end
Average processing time of GrabImageRGBD(): 8.39326ms
Frame 1451 end
Average processing time of GrabImageRGBD(): 8.39192ms
Frame 1452 end
Average processing time of GrabImageRGBD(): 8.38896ms
Frame 1453 end
Average processing time of GrabImageRGBD(): 8.38864ms
Frame 1454 end
Average processing time of GrabImageRGBD(): 8.3884ms
Frame 1455 end
Average processing time of GrabImageRGBD(): 8.38783ms
Frame 1456 end
Average processing time of GrabImageRGBD(): 8.38628ms
Frame 1457 end
Average processing time of GrabImageRGBD(): 8.40172ms
Frame 1458 end
Average processing time of GrabImageRGBD(): 8.39892ms
Frame 1459 end
Average processing time of GrabImageRGBD(): 8.39897ms
Frame 1460 end
Average processing time of GrabImageRGBD(): 8.39558ms
Frame 1461 end
Average processing time of GrabImageRGBD(): 8.39598ms
Frame 1462 end
Average processing time of GrabImageRGBD(): 8.39628ms
Frame 1463 end
Average processing time of GrabImageRGBD(): 8.39388ms
Frame 1464 end
Average processing time of GrabImageRGBD(): 8.39426ms
Frame 1465 end
Average processing time of GrabImageRGBD(): 8.39075ms
Frame 1466 end
Average processing time of GrabImageRGBD(): 8.39088ms
Frame 1467 end
Average processing time of GrabImageRGBD(): 8.38993ms
Frame 1468 end
Average processing time of GrabImageRGBD(): 8.38803ms
Frame 1469 end
Average processing time of GrabImageRGBD(): 8.38841ms
Frame 1470 end
Average processing time of GrabImageRGBD(): 8.38506ms
Frame 1471 end
Average processing time of GrabImageRGBD(): 8.38146ms
Frame 1472 end
Average processing time of GrabImageRGBD(): 8.3796ms
Frame 1473 end
Average processing time of GrabImageRGBD(): 8.3784ms
Frame 1474 end
Average processing time of GrabImageRGBD(): 8.378ms
Frame 1475 end
Average processing time of GrabImageRGBD(): 8.39133ms
Frame 1476 end
Average processing time of GrabImageRGBD(): 8.38853ms
Frame 1477 end
Average processing time of GrabImageRGBD(): 8.38869ms
Frame 1478 end
Average processing time of GrabImageRGBD(): 8.38841ms
Frame 1479 end
Average processing time of GrabImageRGBD(): 8.38806ms
Frame 1480 end
Average processing time of GrabImageRGBD(): 8.38477ms
Frame 1481 end
Average processing time of GrabImageRGBD(): 8.38458ms
Frame 1482 end
Average processing time of GrabImageRGBD(): 8.38105ms
Frame 1483 end
Average processing time of GrabImageRGBD(): 8.38063ms
Frame 1484 end
Average processing time of GrabImageRGBD(): 8.37783ms
Frame 1485 end
Average processing time of GrabImageRGBD(): 8.37424ms
Frame 1486 end
Average processing time of GrabImageRGBD(): 8.37368ms
Frame 1487 end
Average processing time of GrabImageRGBD(): 8.37173ms
Frame 1488 end
Average processing time of GrabImageRGBD(): 8.37102ms
Frame 1489 end
Average processing time of GrabImageRGBD(): 8.36734ms
Frame 1490 end
Average processing time of GrabImageRGBD(): 8.36741ms
Frame 1491 end
Average processing time of GrabImageRGBD(): 8.36673ms
Frame 1492 end
Average processing time of GrabImageRGBD(): 8.36471ms
Frame 1493 end
Average processing time of GrabImageRGBD(): 8.37901ms
Frame 1494 end
Average processing time of GrabImageRGBD(): 8.3799ms
Frame 1495 end
Average processing time of GrabImageRGBD(): 8.37644ms
Frame 1496 end
Average processing time of GrabImageRGBD(): 8.37377ms
Frame 1497 end
Average processing time of GrabImageRGBD(): 8.37066ms
Frame 1498 end
Average processing time of GrabImageRGBD(): 8.3691ms
Frame 1499 end
Average processing time of GrabImageRGBD(): 8.36578ms
Frame 1500 end
Average processing time of GrabImageRGBD(): 8.36378ms
Frame 1501 end
Average processing time of GrabImageRGBD(): 8.36116ms
Frame 1502 end
Average processing time of GrabImageRGBD(): 8.36017ms
Frame 1503 end
Average processing time of GrabImageRGBD(): 8.35981ms
Frame 1504 end
Average processing time of GrabImageRGBD(): 8.35861ms
Frame 1505 end
Average processing time of GrabImageRGBD(): 8.3558ms
Frame 1506 end
Average processing time of GrabImageRGBD(): 8.35451ms
Frame 1507 end
Average processing time of GrabImageRGBD(): 8.35103ms
Frame 1508 end
Average processing time of GrabImageRGBD(): 8.34968ms
Frame 1509 end
Average processing time of GrabImageRGBD(): 8.34826ms
Frame 1510 end
Average processing time of GrabImageRGBD(): 8.36268ms
Frame 1511 end
Average processing time of GrabImageRGBD(): 8.36336ms
Frame 1512 end
Average processing time of GrabImageRGBD(): 8.36013ms
Frame 1513 end
Average processing time of GrabImageRGBD(): 8.35939ms
Frame 1514 end
Average processing time of GrabImageRGBD(): 8.3561ms
Frame 1515 end
Average processing time of GrabImageRGBD(): 8.35289ms
Frame 1516 end
Average processing time of GrabImageRGBD(): 8.35218ms
Frame 1517 end
Average processing time of GrabImageRGBD(): 8.35194ms
Frame 1518 end
Average processing time of GrabImageRGBD(): 8.35009ms
Frame 1519 end
Average processing time of GrabImageRGBD(): 8.34966ms
Frame 1520 end
Average processing time of GrabImageRGBD(): 8.34624ms
Frame 1521 end
Average processing time of GrabImageRGBD(): 8.34597ms
Frame 1522 end
Average processing time of GrabImageRGBD(): 8.34592ms
Frame 1523 end
Average processing time of GrabImageRGBD(): 8.34251ms
Frame 1524 end
Average processing time of GrabImageRGBD(): 8.34017ms
Frame 1525 end
Average processing time of GrabImageRGBD(): 8.33959ms
Frame 1526 end
Average processing time of GrabImageRGBD(): 8.33859ms
Frame 1527 end
Average processing time of GrabImageRGBD(): 8.33514ms
Frame 1528 end
Average processing time of GrabImageRGBD(): 8.34822ms
Frame 1529 end
Average processing time of GrabImageRGBD(): 8.34816ms
Frame 1530 end
Average processing time of GrabImageRGBD(): 8.34609ms
Frame 1531 end
Average processing time of GrabImageRGBD(): 8.34632ms
Frame 1532 end
Average processing time of GrabImageRGBD(): 8.34617ms
Frame 1533 end
Average processing time of GrabImageRGBD(): 8.34304ms
Frame 1534 end
Average processing time of GrabImageRGBD(): 8.34142ms
Frame 1535 end
Average processing time of GrabImageRGBD(): 8.34103ms
Frame 1536 end
Average processing time of GrabImageRGBD(): 8.33766ms
Frame 1537 end
Average processing time of GrabImageRGBD(): 8.33542ms
Frame 1538 end
Average processing time of GrabImageRGBD(): 8.33169ms
Frame 1539 end
Average processing time of GrabImageRGBD(): 8.32994ms
Frame 1540 end
Average processing time of GrabImageRGBD(): 8.32708ms
Frame 1541 end
Average processing time of GrabImageRGBD(): 8.32508ms
Frame 1542 end
Average processing time of GrabImageRGBD(): 8.32305ms
Frame 1543 end
Average processing time of GrabImageRGBD(): 8.32054ms
Frame 1544 end
Average processing time of GrabImageRGBD(): 8.31838ms
Frame 1545 end
Average processing time of GrabImageRGBD(): 8.3158ms
Frame 1546 end
Average processing time of GrabImageRGBD(): 8.31234ms
Frame 1547 end
Average processing time of GrabImageRGBD(): 8.3269ms
Frame 1548 end
Average processing time of GrabImageRGBD(): 8.32477ms
Frame 1549 end
Average processing time of GrabImageRGBD(): 8.3238ms
Frame 1550 end
Average processing time of GrabImageRGBD(): 8.32224ms
Frame 1551 end
Average processing time of GrabImageRGBD(): 8.31912ms
Frame 1552 end
Average processing time of GrabImageRGBD(): 8.31778ms
Frame 1553 end
Average processing time of GrabImageRGBD(): 8.31587ms
Frame 1554 end
Average processing time of GrabImageRGBD(): 8.31382ms
Frame 1555 end
Average processing time of GrabImageRGBD(): 8.31034ms
Frame 1556 end
Average processing time of GrabImageRGBD(): 8.30719ms
Frame 1557 end
Average processing time of GrabImageRGBD(): 8.30532ms
Frame 1558 end
Average processing time of GrabImageRGBD(): 8.30204ms
Frame 1559 end
Average processing time of GrabImageRGBD(): 8.2989ms
Frame 1560 end
Average processing time of GrabImageRGBD(): 8.29692ms
Frame 1561 end
Average processing time of GrabImageRGBD(): 8.29523ms
Frame 1562 end
Average processing time of GrabImageRGBD(): 8.29394ms
Frame 1563 end
Average processing time of GrabImageRGBD(): 8.29199ms
Frame 1564 end
Average processing time of GrabImageRGBD(): 8.30611ms
Frame 1565 end
Average processing time of GrabImageRGBD(): 8.30448ms
Frame 1566 end
Average processing time of GrabImageRGBD(): 8.31981ms
Frame 1567 end
Average processing time of GrabImageRGBD(): 8.32024ms
Frame 1568 end
Average processing time of GrabImageRGBD(): 8.31727ms
Frame 1569 end
Average processing time of GrabImageRGBD(): 8.31708ms
Frame 1570 end
Average processing time of GrabImageRGBD(): 8.31753ms
Frame 1571 end
Average processing time of GrabImageRGBD(): 8.31592ms
Frame 1572 end
Average processing time of GrabImageRGBD(): 8.31643ms
Frame 1573 end
Average processing time of GrabImageRGBD(): 8.31736ms
Frame 1574 end
Average processing time of GrabImageRGBD(): 8.31545ms
Frame 1575 end
Average processing time of GrabImageRGBD(): 8.31477ms
Frame 1576 end
Average processing time of GrabImageRGBD(): 8.31389ms
Frame 1577 end
Average processing time of GrabImageRGBD(): 8.31251ms
Frame 1578 end
Average processing time of GrabImageRGBD(): 8.31002ms
Frame 1579 end
Average processing time of GrabImageRGBD(): 8.30962ms
Frame 1580 end
Average processing time of GrabImageRGBD(): 8.30778ms
Frame 1581 end
Average processing time of GrabImageRGBD(): 8.305ms
Frame 1582 end
Average processing time of GrabImageRGBD(): 8.30409ms
Frame 1583 end
Average processing time of GrabImageRGBD(): 8.3033ms
Frame 1584 end
Average processing time of GrabImageRGBD(): 8.30246ms
Frame 1585 end
Average processing time of GrabImageRGBD(): 8.3016ms
Frame 1586 end
Average processing time of GrabImageRGBD(): 8.30041ms
Frame 1587 end
Average processing time of GrabImageRGBD(): 8.2986ms
Frame 1588 end
Average processing time of GrabImageRGBD(): 8.3125ms
Frame 1589 end
Average processing time of GrabImageRGBD(): 8.31345ms
Frame 1590 end
Average processing time of GrabImageRGBD(): 8.3136ms
Frame 1591 end
Average processing time of GrabImageRGBD(): 8.31355ms
Frame 1592 end
Average processing time of GrabImageRGBD(): 8.31373ms
Frame 1593 end
Average processing time of GrabImageRGBD(): 8.31413ms
Frame 1594 end
Average processing time of GrabImageRGBD(): 8.31281ms
Frame 1595 end
Average processing time of GrabImageRGBD(): 8.31248ms
Frame 1596 end
Average processing time of GrabImageRGBD(): 8.31245ms
Frame 1597 end
Average processing time of GrabImageRGBD(): 8.31203ms
Frame 1598 end
Average processing time of GrabImageRGBD(): 8.31154ms
Frame 1599 end
Average processing time of GrabImageRGBD(): 8.30848ms
Frame 1600 end
Average processing time of GrabImageRGBD(): 8.30623ms
Frame 1601 end
Average processing time of GrabImageRGBD(): 8.30401ms
Frame 1602 end
Average processing time of GrabImageRGBD(): 8.30377ms
Frame 1603 end
Average processing time of GrabImageRGBD(): 8.30301ms
Frame 1604 end
Average processing time of GrabImageRGBD(): 8.29992ms
Frame 1605 end
Average processing time of GrabImageRGBD(): 8.29657ms
Frame 1606 end
Average processing time of GrabImageRGBD(): 8.29548ms
Frame 1607 end
Average processing time of GrabImageRGBD(): 8.29398ms
Frame 1608 end
Average processing time of GrabImageRGBD(): 8.29094ms
Frame 1609 end
Average processing time of GrabImageRGBD(): 8.28767ms
Frame 1610 end
Average processing time of GrabImageRGBD(): 8.28442ms
Frame 1611 end
Average processing time of GrabImageRGBD(): 8.29733ms
Frame 1612 end
Average processing time of GrabImageRGBD(): 8.29773ms
Frame 1613 end
Average processing time of GrabImageRGBD(): 8.29656ms
Frame 1614 end
Average processing time of GrabImageRGBD(): 8.29573ms
Frame 1615 end
Average processing time of GrabImageRGBD(): 8.29517ms
Frame 1616 end
Average processing time of GrabImageRGBD(): 8.29301ms
Frame 1617 end
Average processing time of GrabImageRGBD(): 8.29149ms
Frame 1618 end
Average processing time of GrabImageRGBD(): 8.28984ms
Frame 1619 end
Average processing time of GrabImageRGBD(): 8.28827ms
Frame 1620 end
Average processing time of GrabImageRGBD(): 8.28557ms
Frame 1621 end
Average processing time of GrabImageRGBD(): 8.28274ms
Frame 1622 end
Average processing time of GrabImageRGBD(): 8.28077ms
Frame 1623 end
Average processing time of GrabImageRGBD(): 8.2789ms
Frame 1624 end
Average processing time of GrabImageRGBD(): 8.27589ms
Frame 1625 end
Average processing time of GrabImageRGBD(): 8.27392ms
Frame 1626 end
Average processing time of GrabImageRGBD(): 8.28625ms
Frame 1627 end
Average processing time of GrabImageRGBD(): 8.28677ms
Frame 1628 end
Average processing time of GrabImageRGBD(): 8.28505ms
Frame 1629 end
Average processing time of GrabImageRGBD(): 8.28176ms
Frame 1630 end
Average processing time of GrabImageRGBD(): 8.2786ms
Frame 1631 end
Average processing time of GrabImageRGBD(): 8.27609ms
Frame 1632 end
Average processing time of GrabImageRGBD(): 8.27424ms
Frame 1633 end
Average processing time of GrabImageRGBD(): 8.2721ms
Frame 1634 end
Average processing time of GrabImageRGBD(): 8.27132ms
Frame 1635 end
Average processing time of GrabImageRGBD(): 8.26853ms
Frame 1636 end
Average processing time of GrabImageRGBD(): 8.26756ms
Frame 1637 end
Average processing time of GrabImageRGBD(): 8.2668ms
Frame 1638 end
Average processing time of GrabImageRGBD(): 8.26547ms
Frame 1639 end
Average processing time of GrabImageRGBD(): 8.26419ms
Frame 1640 end
Average processing time of GrabImageRGBD(): 8.26285ms
Frame 1641 end
Average processing time of GrabImageRGBD(): 8.25998ms
Frame 1642 end
Average processing time of GrabImageRGBD(): 8.25702ms
Frame 1643 end
Average processing time of GrabImageRGBD(): 8.25468ms
Frame 1644 end
Average processing time of GrabImageRGBD(): 8.25394ms
Frame 1645 end
Average processing time of GrabImageRGBD(): 8.2514ms
Frame 1646 end
Average processing time of GrabImageRGBD(): 8.24975ms
Frame 1647 end
Average processing time of GrabImageRGBD(): 8.2484ms
Frame 1648 end
Average processing time of GrabImageRGBD(): 8.24688ms
Frame 1649 end
Average processing time of GrabImageRGBD(): 8.244ms
Frame 1650 end
Average processing time of GrabImageRGBD(): 8.24309ms
Frame 1651 end
Average processing time of GrabImageRGBD(): 8.24021ms
Frame 1652 end
Average processing time of GrabImageRGBD(): 8.23888ms
Frame 1653 end
Average processing time of GrabImageRGBD(): 8.23617ms
Frame 1654 end
Average processing time of GrabImageRGBD(): 8.23433ms
Frame 1655 end
Average processing time of GrabImageRGBD(): 8.2477ms
Frame 1656 end
Average processing time of GrabImageRGBD(): 8.24526ms
Frame 1657 end
Average processing time of GrabImageRGBD(): 8.24583ms
Frame 1658 end
Average processing time of GrabImageRGBD(): 8.24285ms
Frame 1659 end
Average processing time of GrabImageRGBD(): 8.24308ms
Frame 1660 end
Average processing time of GrabImageRGBD(): 8.24162ms
Frame 1661 end
Average processing time of GrabImageRGBD(): 8.24098ms
Frame 1662 end
Average processing time of GrabImageRGBD(): 8.23794ms
Frame 1663 end
Average processing time of GrabImageRGBD(): 8.23489ms
Frame 1664 end
Average processing time of GrabImageRGBD(): 8.23192ms
Frame 1665 end
Average processing time of GrabImageRGBD(): 8.23146ms
Frame 1666 end
Average processing time of GrabImageRGBD(): 8.23036ms
Frame 1667 end
Average processing time of GrabImageRGBD(): 8.2274ms
Frame 1668 end
Average processing time of GrabImageRGBD(): 8.22438ms
Frame 1669 end
Average processing time of GrabImageRGBD(): 8.22142ms
Frame 1670 end
Average processing time of GrabImageRGBD(): 8.21873ms
Frame 1671 end
Average processing time of GrabImageRGBD(): 8.2176ms
Frame 1672 end
Average processing time of GrabImageRGBD(): 8.21634ms
Frame 1673 end
Average processing time of GrabImageRGBD(): 8.2143ms
Frame 1674 end
Average processing time of GrabImageRGBD(): 8.21299ms
Frame 1675 end
Average processing time of GrabImageRGBD(): 8.21103ms
Frame 1676 end
Average processing time of GrabImageRGBD(): 8.2244ms
Frame 1677 end
Average processing time of GrabImageRGBD(): 8.22519ms
Frame 1678 end
Average processing time of GrabImageRGBD(): 8.22219ms
Frame 1679 end
Average processing time of GrabImageRGBD(): 8.21923ms
Frame 1680 end
Average processing time of GrabImageRGBD(): 8.21693ms
Frame 1681 end
Average processing time of GrabImageRGBD(): 8.21635ms
Frame 1682 end
Average processing time of GrabImageRGBD(): 8.21576ms
Frame 1683 end
Average processing time of GrabImageRGBD(): 8.21496ms
Frame 1684 end
Average processing time of GrabImageRGBD(): 8.21415ms
Frame 1685 end
Average processing time of GrabImageRGBD(): 8.21315ms
Frame 1686 end
Average processing time of GrabImageRGBD(): 8.21038ms
Frame 1687 end
Average processing time of GrabImageRGBD(): 8.20748ms
Frame 1688 end
Average processing time of GrabImageRGBD(): 8.20616ms
Frame 1689 end
Average processing time of GrabImageRGBD(): 8.20375ms
Frame 1690 end
Average processing time of GrabImageRGBD(): 8.20256ms
Frame 1691 end
Average processing time of GrabImageRGBD(): 8.20156ms
Frame 1692 end
Average processing time of GrabImageRGBD(): 8.20024ms
Frame 1693 end
Average processing time of GrabImageRGBD(): 8.19799ms
Frame 1694 end
Average processing time of GrabImageRGBD(): 8.19647ms
Frame 1695 end
Average processing time of GrabImageRGBD(): 8.19445ms
Frame 1696 end
Average processing time of GrabImageRGBD(): 8.1914ms
Frame 1697 end
Average processing time of GrabImageRGBD(): 8.1899ms
Frame 1698 end
Average processing time of GrabImageRGBD(): 8.18838ms
Frame 1699 end
Average processing time of GrabImageRGBD(): 8.18668ms
Frame 1700 end
Average processing time of GrabImageRGBD(): 8.18497ms
Frame 1701 end
Average processing time of GrabImageRGBD(): 8.18337ms
Frame 1702 end
Average processing time of GrabImageRGBD(): 8.18036ms
Frame 1703 end
Average processing time of GrabImageRGBD(): 8.17793ms
Frame 1704 end
Average processing time of GrabImageRGBD(): 8.17619ms
Frame 1705 end
Average processing time of GrabImageRGBD(): 8.18862ms
Frame 1706 end
Average processing time of GrabImageRGBD(): 8.18702ms
Frame 1707 end
Average processing time of GrabImageRGBD(): 8.18695ms
Frame 1708 end
Average processing time of GrabImageRGBD(): 8.18524ms
Frame 1709 end
Average processing time of GrabImageRGBD(): 8.185ms
Frame 1710 end
Average processing time of GrabImageRGBD(): 8.18469ms
Frame 1711 end
Average processing time of GrabImageRGBD(): 8.18324ms
Frame 1712 end
Average processing time of GrabImageRGBD(): 8.18275ms
Frame 1713 end
Average processing time of GrabImageRGBD(): 8.18223ms
Frame 1714 end
Average processing time of GrabImageRGBD(): 8.18081ms
Frame 1715 end
Average processing time of GrabImageRGBD(): 8.17999ms
Frame 1716 end
Average processing time of GrabImageRGBD(): 8.17921ms
Frame 1717 end
Average processing time of GrabImageRGBD(): 8.17836ms
Frame 1718 end
Average processing time of GrabImageRGBD(): 8.17758ms
Frame 1719 end
Average processing time of GrabImageRGBD(): 8.17472ms
Frame 1720 end
Average processing time of GrabImageRGBD(): 8.17352ms
Frame 1721 end
Average processing time of GrabImageRGBD(): 8.17055ms
Frame 1722 end
Average processing time of GrabImageRGBD(): 8.16754ms
Frame 1723 end
Average processing time of GrabImageRGBD(): 8.16624ms
Frame 1724 end
Average processing time of GrabImageRGBD(): 8.16324ms
Frame 1725 end
Average processing time of GrabImageRGBD(): 8.16015ms
Frame 1726 end
Average processing time of GrabImageRGBD(): 8.15881ms
Frame 1727 end
Average processing time of GrabImageRGBD(): 8.15743ms
Frame 1728 end
Average processing time of GrabImageRGBD(): 8.15539ms
Frame 1729 end
Average processing time of GrabImageRGBD(): 8.15238ms
Frame 1730 end
Average processing time of GrabImageRGBD(): 8.15102ms
Frame 1731 end
Average processing time of GrabImageRGBD(): 8.14965ms
Frame 1732 end
Average processing time of GrabImageRGBD(): 8.14826ms
Frame 1733 end
Average processing time of GrabImageRGBD(): 8.14695ms
Frame 1734 end
Average processing time of GrabImageRGBD(): 8.15967ms
Frame 1735 end
Average processing time of GrabImageRGBD(): 8.15833ms
Frame 1736 end
Average processing time of GrabImageRGBD(): 8.15758ms
Frame 1737 end
Average processing time of GrabImageRGBD(): 8.15761ms
Frame 1738 end
Average processing time of GrabImageRGBD(): 8.15491ms
Frame 1739 end
Average processing time of GrabImageRGBD(): 8.15226ms
Frame 1740 end
Average processing time of GrabImageRGBD(): 8.14963ms
Frame 1741 end
Average processing time of GrabImageRGBD(): 8.14932ms
Frame 1742 end
Average processing time of GrabImageRGBD(): 8.14953ms
Frame 1743 end
Average processing time of GrabImageRGBD(): 8.14733ms
Frame 1744 end
Average processing time of GrabImageRGBD(): 8.14644ms
Frame 1745 end
Average processing time of GrabImageRGBD(): 8.14602ms
Frame 1746 end
Average processing time of GrabImageRGBD(): 8.14403ms
Frame 1747 end
Average processing time of GrabImageRGBD(): 8.14121ms
Frame 1748 end
Average processing time of GrabImageRGBD(): 8.14074ms
Frame 1749 end
Shutdown
-------

median tracking time: 0.00705989
mean tracking time: 0.00883585

Saving camera trajectory to CameraTrajectory.txt ...

Saving keyframe trajectory to KeyFrameTrajectory.txt ...
