
ORB-SLAM3 Copyright (C) 2017-2020 Carlos Campos, Richard Elvira, Juan J. Gómez, José M.M. Montiel and Juan D. Tardós, University of Zaragoza.
ORB-SLAM2 Copyright (C) 2014-2016 Raúl Mur-Artal, José M.M. Montiel and Juan D. Tardós, University of Zaragoza.
This program comes with ABSOLUTELY NO WARRANTY;
This is free software, and you are welcome to redistribute it
under certain conditions. See LICENSE.txt.

Input sensor was set to: RGB-D
Loading settings from /home/bingxin/Downloads/NGD-SLAM/Examples/RGB-D/Bonn.yaml
Camera1.k3 optional parameter does not exist...
	-Loaded camera 1
Camera.newHeight optional parameter does not exist...
Camera.newWidth optional parameter does not exist...
	-Loaded image info
	-Loaded RGB-D calibration
	-Loaded ORB settings
Viewer.imageViewScale optional parameter does not exist...
	-Loaded viewer settings
System.LoadAtlasFromFile optional parameter does not exist...
System.SaveAtlasToFile optional parameter does not exist...
	-Loaded Atlas settings
System.thFarPoints optional parameter does not exist...
	-Loaded misc parameters
----------------------------------
SLAM settings: 
	-Camera 1 parameters (Pinhole): [ 542.823 542.577 315.594 237.756 ]
	-Camera 1 distortion parameters: [  0.039903 -0.099343 -0.00073 -0.000144 ]
	-Original image size: [ 640 , 480 ]
	-Current image size: [ 640 , 480 ]
	-Sequence FPS: 30
	-RGB-D depth map factor: 5000
	-Features per image: 1000
	-ORB scale factor: 1.2
	-ORB number of scales: 8
	-Initial FAST threshold: 20
	-Min FAST threshold: 7


Loading ORB Vocabulary. This could take a while...
Vocabulary loaded!

Initialization of Atlas from scratch 
Creation of new map with id: 0
Creation of new map with last KF id: 0
Seq. Name: 
There are 1 cameras in the atlas
Camera 0 is pinhole
Net use yolo-fastest

-------
Start processing sequence ...
Images in the sequence: 1750

First KF:0; Map init KF:0
New Map created with 886 points
Average processing time of GrabImageRGBD(): 43.5494ms
Frame 0 end
Average processing time of GrabImageRGBD(): 35.3343ms
Frame 1 end
Average processing time of GrabImageRGBD(): 31.7732ms
Frame 2 end
Average processing time of GrabImageRGBD(): 25.3106ms
Frame 3 end
Average processing time of GrabImageRGBD(): 21.0313ms
Frame 4 end
Average processing time of GrabImageRGBD(): 19.4752ms
Frame 5 end
Starting the Viewer
Average processing time of GrabImageRGBD(): 18.3043ms
Frame 6 end
Average processing time of GrabImageRGBD(): 17.376ms
Frame 7 end
Average processing time of GrabImageRGBD(): 16.6429ms
Frame 8 end
Average processing time of GrabImageRGBD(): 15.5204ms
Frame 9 end
Average processing time of GrabImageRGBD(): 14.444ms
Frame 10 end
Average processing time of GrabImageRGBD(): 13.5482ms
Frame 11 end
Average processing time of GrabImageRGBD(): 13.2122ms
Frame 12 end
Average processing time of GrabImageRGBD(): 12.5075ms
Frame 13 end
Average processing time of GrabImageRGBD(): 12.3566ms
Frame 14 end
Average processing time of GrabImageRGBD(): 12.2388ms
Frame 15 end
Average processing time of GrabImageRGBD(): 12.0273ms
Frame 16 end
Average processing time of GrabImageRGBD(): 11.9254ms
Frame 17 end
Average processing time of GrabImageRGBD(): 11.8513ms
Frame 18 end
Average processing time of GrabImageRGBD(): 11.7923ms
Frame 19 end
Average processing time of GrabImageRGBD(): 11.7425ms
Frame 20 end
Average processing time of GrabImageRGBD(): 11.4742ms
Frame 21 end
Average processing time of GrabImageRGBD(): 11.4071ms
Frame 22 end
Average processing time of GrabImageRGBD(): 11.3282ms
Frame 23 end
Average processing time of GrabImageRGBD(): 11.8498ms
Frame 24 end
Average processing time of GrabImageRGBD(): 11.7331ms
Frame 25 end
Average processing time of GrabImageRGBD(): 11.5375ms
Frame 26 end
Average processing time of GrabImageRGBD(): 11.4165ms
Frame 27 end
Average processing time of GrabImageRGBD(): 11.2008ms
Frame 28 end
Average processing time of GrabImageRGBD(): 11.0359ms
Frame 29 end
Average processing time of GrabImageRGBD(): 10.9415ms
Frame 30 end
Average processing time of GrabImageRGBD(): 10.8532ms
Frame 31 end
Average processing time of GrabImageRGBD(): 10.6256ms
Frame 32 end
Average processing time of GrabImageRGBD(): 10.5547ms
Frame 33 end
Average processing time of GrabImageRGBD(): 10.3431ms
Frame 34 end
Average processing time of GrabImageRGBD(): 10.1776ms
Frame 35 end
Average processing time of GrabImageRGBD(): 10.5616ms
Frame 36 end
Average processing time of GrabImageRGBD(): 10.3825ms
Frame 37 end
Average processing time of GrabImageRGBD(): 10.1918ms
Frame 38 end
Average processing time of GrabImageRGBD(): 10.0693ms
Frame 39 end
Average processing time of GrabImageRGBD(): 9.93443ms
Frame 40 end
Average processing time of GrabImageRGBD(): 9.77969ms
Frame 41 end
Average processing time of GrabImageRGBD(): 9.63307ms
Frame 42 end
Average processing time of GrabImageRGBD(): 9.49323ms
Frame 43 end
Average processing time of GrabImageRGBD(): 9.90664ms
Frame 44 end
Average processing time of GrabImageRGBD(): 9.87152ms
Frame 45 end
Average processing time of GrabImageRGBD(): 9.72336ms
Frame 46 end
Average processing time of GrabImageRGBD(): 9.59572ms
Frame 47 end
Average processing time of GrabImageRGBD(): 9.50281ms
Frame 48 end
Average processing time of GrabImageRGBD(): 9.4967ms
Frame 49 end
Average processing time of GrabImageRGBD(): 9.37035ms
Frame 50 end
Average processing time of GrabImageRGBD(): 9.26739ms
Frame 51 end
Average processing time of GrabImageRGBD(): 9.60572ms
Frame 52 end
Average processing time of GrabImageRGBD(): 9.61205ms
Frame 53 end
Average processing time of GrabImageRGBD(): 9.50314ms
Frame 54 end
Average processing time of GrabImageRGBD(): 9.38647ms
Frame 55 end
Average processing time of GrabImageRGBD(): 9.37789ms
Frame 56 end
Average processing time of GrabImageRGBD(): 9.36626ms
Frame 57 end
Average processing time of GrabImageRGBD(): 9.26714ms
Frame 58 end
Average processing time of GrabImageRGBD(): 9.25139ms
Frame 59 end
Average processing time of GrabImageRGBD(): 9.17766ms
Frame 60 end
Average processing time of GrabImageRGBD(): 9.42903ms
Frame 61 end
Average processing time of GrabImageRGBD(): 9.36438ms
Frame 62 end
Average processing time of GrabImageRGBD(): 9.26737ms
Frame 63 end
Average processing time of GrabImageRGBD(): 9.18191ms
Frame 64 end
Average processing time of GrabImageRGBD(): 9.11548ms
Frame 65 end
Average processing time of GrabImageRGBD(): 9.40097ms
Frame 66 end
Average processing time of GrabImageRGBD(): 9.38463ms
Frame 67 end
Average processing time of GrabImageRGBD(): 9.37363ms
Frame 68 end
Average processing time of GrabImageRGBD(): 9.36779ms
Frame 69 end
Average processing time of GrabImageRGBD(): 9.36049ms
Frame 70 end
Average processing time of GrabImageRGBD(): 9.26704ms
Frame 71 end
Average processing time of GrabImageRGBD(): 9.53145ms
Frame 72 end
Average processing time of GrabImageRGBD(): 9.54741ms
Frame 73 end
Average processing time of GrabImageRGBD(): 9.45815ms
Frame 74 end
Average processing time of GrabImageRGBD(): 9.39695ms
Frame 75 end
Average processing time of GrabImageRGBD(): 9.3861ms
Frame 76 end
Average processing time of GrabImageRGBD(): 9.30921ms
Frame 77 end
Average processing time of GrabImageRGBD(): 9.23691ms
Frame 78 end
Average processing time of GrabImageRGBD(): 9.2099ms
Frame 79 end
Average processing time of GrabImageRGBD(): 9.4415ms
Frame 80 end
Average processing time of GrabImageRGBD(): 9.37482ms
Frame 81 end
Average processing time of GrabImageRGBD(): 9.29529ms
Frame 82 end
Average processing time of GrabImageRGBD(): 9.22253ms
Frame 83 end
Average processing time of GrabImageRGBD(): 9.14966ms
Frame 84 end
Average processing time of GrabImageRGBD(): 9.37354ms
Frame 85 end
Average processing time of GrabImageRGBD(): 9.38091ms
Frame 86 end
Average processing time of GrabImageRGBD(): 9.31443ms
Frame 87 end
Average processing time of GrabImageRGBD(): 9.29858ms
Frame 88 end
Average processing time of GrabImageRGBD(): 9.28243ms
Frame 89 end
Average processing time of GrabImageRGBD(): 9.46155ms
Frame 90 end
Average processing time of GrabImageRGBD(): 9.40587ms
Frame 91 end
Average processing time of GrabImageRGBD(): 9.33607ms
Frame 92 end
Average processing time of GrabImageRGBD(): 9.29225ms
Frame 93 end
Average processing time of GrabImageRGBD(): 9.28813ms
Frame 94 end
Average processing time of GrabImageRGBD(): 9.28169ms
Frame 95 end
Average processing time of GrabImageRGBD(): 9.24053ms
Frame 96 end
Average processing time of GrabImageRGBD(): 9.44241ms
Frame 97 end
Average processing time of GrabImageRGBD(): 9.40148ms
Frame 98 end
Average processing time of GrabImageRGBD(): 9.34031ms
Frame 99 end
Average processing time of GrabImageRGBD(): 9.27952ms
Frame 100 end
Average processing time of GrabImageRGBD(): 9.23432ms
Frame 101 end
Average processing time of GrabImageRGBD(): 9.22545ms
Frame 102 end
Average processing time of GrabImageRGBD(): 9.21669ms
Frame 103 end
Average processing time of GrabImageRGBD(): 9.39326ms
Frame 104 end
Average processing time of GrabImageRGBD(): 9.35193ms
Frame 105 end
Average processing time of GrabImageRGBD(): 9.2884ms
Frame 106 end
Average processing time of GrabImageRGBD(): 9.2794ms
Frame 107 end
Average processing time of GrabImageRGBD(): 9.26378ms
Frame 108 end
Average processing time of GrabImageRGBD(): 9.24973ms
Frame 109 end
Average processing time of GrabImageRGBD(): 9.23534ms
Frame 110 end
Average processing time of GrabImageRGBD(): 9.39785ms
Frame 111 end
Average processing time of GrabImageRGBD(): 9.34602ms
Frame 112 end
Average processing time of GrabImageRGBD(): 9.29026ms
Frame 113 end
Average processing time of GrabImageRGBD(): 9.44965ms
Frame 114 end
Average processing time of GrabImageRGBD(): 9.45153ms
Frame 115 end
Average processing time of GrabImageRGBD(): 9.45131ms
Frame 116 end
Average processing time of GrabImageRGBD(): 9.44291ms
Frame 117 end
Average processing time of GrabImageRGBD(): 9.40775ms
Frame 118 end
Average processing time of GrabImageRGBD(): 9.55181ms
Frame 119 end
Average processing time of GrabImageRGBD(): 9.51011ms
Frame 120 end
Average processing time of GrabImageRGBD(): 9.49694ms
Frame 121 end
Average processing time of GrabImageRGBD(): 9.48217ms
Frame 122 end
Average processing time of GrabImageRGBD(): 9.47147ms
Frame 123 end
Average processing time of GrabImageRGBD(): 9.43713ms
Frame 124 end
Average processing time of GrabImageRGBD(): 9.56955ms
Frame 125 end
Average processing time of GrabImageRGBD(): 9.54186ms
Frame 126 end
Average processing time of GrabImageRGBD(): 9.48789ms
Frame 127 end
Average processing time of GrabImageRGBD(): 9.44723ms
Frame 128 end
Average processing time of GrabImageRGBD(): 9.39829ms
Frame 129 end
Average processing time of GrabImageRGBD(): 9.37791ms
Frame 130 end
Average processing time of GrabImageRGBD(): 9.35644ms
Frame 131 end
Average processing time of GrabImageRGBD(): 9.48688ms
Frame 132 end
Average processing time of GrabImageRGBD(): 9.44899ms
Frame 133 end
Average processing time of GrabImageRGBD(): 9.40303ms
Frame 134 end
Average processing time of GrabImageRGBD(): 9.36112ms
Frame 135 end
Average processing time of GrabImageRGBD(): 9.31674ms
Frame 136 end
Average processing time of GrabImageRGBD(): 9.27116ms
Frame 137 end
Average processing time of GrabImageRGBD(): 9.38109ms
Frame 138 end
Average processing time of GrabImageRGBD(): 9.35803ms
Frame 139 end
Average processing time of GrabImageRGBD(): 9.46285ms
Frame 140 end
Average processing time of GrabImageRGBD(): 9.42692ms
Frame 141 end
Average processing time of GrabImageRGBD(): 9.3771ms
Frame 142 end
Average processing time of GrabImageRGBD(): 9.47384ms
Frame 143 end
Average processing time of GrabImageRGBD(): 9.44943ms
Frame 144 end
Average processing time of GrabImageRGBD(): 9.40104ms
Frame 145 end
Average processing time of GrabImageRGBD(): 9.3681ms
Frame 146 end
Average processing time of GrabImageRGBD(): 9.33367ms
Frame 147 end
Average processing time of GrabImageRGBD(): 9.43504ms
Frame 148 end
Average processing time of GrabImageRGBD(): 9.40843ms
Frame 149 end
Average processing time of GrabImageRGBD(): 9.50012ms
Frame 150 end
Average processing time of GrabImageRGBD(): 9.47108ms
Frame 151 end
Average processing time of GrabImageRGBD(): 9.42318ms
Frame 152 end
Average processing time of GrabImageRGBD(): 9.37807ms
Frame 153 end
Average processing time of GrabImageRGBD(): 9.34864ms
Frame 154 end
Average processing time of GrabImageRGBD(): 9.32048ms
Frame 155 end
Average processing time of GrabImageRGBD(): 9.29031ms
Frame 156 end
Average processing time of GrabImageRGBD(): 9.2503ms
Frame 157 end
Average processing time of GrabImageRGBD(): 9.21674ms
Frame 158 end
Average processing time of GrabImageRGBD(): 9.18728ms
Frame 159 end
Average processing time of GrabImageRGBD(): 9.27052ms
Frame 160 end
Average processing time of GrabImageRGBD(): 9.24183ms
Frame 161 end
Average processing time of GrabImageRGBD(): 9.36103ms
Frame 162 end
Average processing time of GrabImageRGBD(): 9.33561ms
Frame 163 end
Average processing time of GrabImageRGBD(): 9.29565ms
Frame 164 end
Average processing time of GrabImageRGBD(): 9.26763ms
Frame 165 end
Average processing time of GrabImageRGBD(): 9.22571ms
Frame 166 end
Average processing time of GrabImageRGBD(): 9.31051ms
Frame 167 end
Average processing time of GrabImageRGBD(): 9.28652ms
Frame 168 end
Average processing time of GrabImageRGBD(): 9.38103ms
Frame 169 end
Average processing time of GrabImageRGBD(): 9.36138ms
Frame 170 end
Average processing time of GrabImageRGBD(): 9.33748ms
Frame 171 end
Average processing time of GrabImageRGBD(): 9.43283ms
Frame 172 end
Average processing time of GrabImageRGBD(): 9.39746ms
Frame 173 end
Average processing time of GrabImageRGBD(): 9.35934ms
Frame 174 end
Average processing time of GrabImageRGBD(): 9.32273ms
Frame 175 end
Average processing time of GrabImageRGBD(): 9.29721ms
Frame 176 end
Average processing time of GrabImageRGBD(): 9.27271ms
Frame 177 end
Average processing time of GrabImageRGBD(): 9.23466ms
Frame 178 end
Average processing time of GrabImageRGBD(): 9.19789ms
Frame 179 end
Average processing time of GrabImageRGBD(): 9.16524ms
Frame 180 end
Average processing time of GrabImageRGBD(): 9.14107ms
Frame 181 end
Average processing time of GrabImageRGBD(): 9.22521ms
Frame 182 end
Average processing time of GrabImageRGBD(): 9.20621ms
Frame 183 end
Average processing time of GrabImageRGBD(): 9.17442ms
Frame 184 end
Average processing time of GrabImageRGBD(): 9.14054ms
Frame 185 end
Average processing time of GrabImageRGBD(): 9.12216ms
Frame 186 end
Average processing time of GrabImageRGBD(): 9.08748ms
Frame 187 end
Average processing time of GrabImageRGBD(): 9.06685ms
Frame 188 end
Average processing time of GrabImageRGBD(): 9.04645ms
Frame 189 end
Average processing time of GrabImageRGBD(): 9.02593ms
Frame 190 end
Average processing time of GrabImageRGBD(): 9.0059ms
Frame 191 end
Average processing time of GrabImageRGBD(): 8.97995ms
Frame 192 end
Average processing time of GrabImageRGBD(): 8.94866ms
Frame 193 end
Average processing time of GrabImageRGBD(): 8.92097ms
Frame 194 end
Average processing time of GrabImageRGBD(): 8.8905ms
Frame 195 end
Average processing time of GrabImageRGBD(): 8.87073ms
Frame 196 end
Average processing time of GrabImageRGBD(): 8.83943ms
Frame 197 end
Average processing time of GrabImageRGBD(): 8.82054ms
Frame 198 end
Average processing time of GrabImageRGBD(): 8.80115ms
Frame 199 end
Average processing time of GrabImageRGBD(): 8.77744ms
Frame 200 end
Average processing time of GrabImageRGBD(): 8.74895ms
Frame 201 end
Average processing time of GrabImageRGBD(): 8.73155ms
Frame 202 end
Average processing time of GrabImageRGBD(): 8.80773ms
Frame 203 end
Average processing time of GrabImageRGBD(): 8.79568ms
Frame 204 end
Average processing time of GrabImageRGBD(): 8.7642ms
Frame 205 end
Average processing time of GrabImageRGBD(): 8.74053ms
Frame 206 end
Average processing time of GrabImageRGBD(): 8.72698ms
Frame 207 end
Average processing time of GrabImageRGBD(): 8.70363ms
Frame 208 end
Average processing time of GrabImageRGBD(): 8.77468ms
Frame 209 end
Average processing time of GrabImageRGBD(): 8.75308ms
Frame 210 end
Average processing time of GrabImageRGBD(): 8.72504ms
Frame 211 end
Average processing time of GrabImageRGBD(): 8.81027ms
Frame 212 end
Average processing time of GrabImageRGBD(): 8.79901ms
Frame 213 end
Average processing time of GrabImageRGBD(): 8.77144ms
Frame 214 end
Average processing time of GrabImageRGBD(): 8.86522ms
Frame 215 end
Average processing time of GrabImageRGBD(): 8.84181ms
Frame 216 end
Average processing time of GrabImageRGBD(): 8.81536ms
Frame 217 end
Average processing time of GrabImageRGBD(): 8.78986ms
Frame 218 end
Average processing time of GrabImageRGBD(): 8.78723ms
Frame 219 end
Average processing time of GrabImageRGBD(): 8.7675ms
Frame 220 end
Average processing time of GrabImageRGBD(): 8.7673ms
Frame 221 end
Average processing time of GrabImageRGBD(): 8.74193ms
Frame 222 end
Average processing time of GrabImageRGBD(): 8.73612ms
Frame 223 end
Average processing time of GrabImageRGBD(): 8.71433ms
Frame 224 end
Average processing time of GrabImageRGBD(): 8.69126ms
Frame 225 end
Average processing time of GrabImageRGBD(): 8.66869ms
Frame 226 end
Average processing time of GrabImageRGBD(): 8.6609ms
Frame 227 end
Average processing time of GrabImageRGBD(): 8.65833ms
Frame 228 end
Average processing time of GrabImageRGBD(): 8.65621ms
Frame 229 end
Average processing time of GrabImageRGBD(): 8.7262ms
Frame 230 end
Average processing time of GrabImageRGBD(): 8.73166ms
Frame 231 end
Average processing time of GrabImageRGBD(): 8.73814ms
Frame 232 end
Average processing time of GrabImageRGBD(): 8.73347ms
Frame 233 end
Average processing time of GrabImageRGBD(): 8.71391ms
Frame 234 end
Average processing time of GrabImageRGBD(): 8.78419ms
Frame 235 end
Average processing time of GrabImageRGBD(): 8.76984ms
Frame 236 end
Average processing time of GrabImageRGBD(): 8.74593ms
Frame 237 end
Average processing time of GrabImageRGBD(): 8.75048ms
Frame 238 end
Average processing time of GrabImageRGBD(): 8.83043ms
Frame 239 end
Average processing time of GrabImageRGBD(): 8.85379ms
Frame 240 end
Average processing time of GrabImageRGBD(): 8.86855ms
Frame 241 end
Average processing time of GrabImageRGBD(): 8.88449ms
Frame 242 end
Average processing time of GrabImageRGBD(): 8.88872ms
Frame 243 end
Average processing time of GrabImageRGBD(): 8.86937ms
Frame 244 end
Average processing time of GrabImageRGBD(): 8.84871ms
Frame 245 end
Average processing time of GrabImageRGBD(): 8.8496ms
Frame 246 end
Average processing time of GrabImageRGBD(): 8.82575ms
Frame 247 end
Average processing time of GrabImageRGBD(): 8.89661ms
Frame 248 end
Average processing time of GrabImageRGBD(): 8.88388ms
Frame 249 end
Average processing time of GrabImageRGBD(): 8.8879ms
Frame 250 end
Average processing time of GrabImageRGBD(): 8.86721ms
Frame 251 end
Average processing time of GrabImageRGBD(): 8.86758ms
Frame 252 end
Average processing time of GrabImageRGBD(): 8.95079ms
Frame 253 end
Average processing time of GrabImageRGBD(): 8.94308ms
Frame 254 end
Average processing time of GrabImageRGBD(): 8.94707ms
Frame 255 end
Average processing time of GrabImageRGBD(): 8.92833ms
Frame 256 end
Average processing time of GrabImageRGBD(): 8.90685ms
Frame 257 end
Average processing time of GrabImageRGBD(): 8.90627ms
Frame 258 end
Average processing time of GrabImageRGBD(): 8.90564ms
Frame 259 end
Average processing time of GrabImageRGBD(): 8.88338ms
Frame 260 end
Average processing time of GrabImageRGBD(): 8.99653ms
Frame 261 end
Average processing time of GrabImageRGBD(): 9.00393ms
Frame 262 end
Average processing time of GrabImageRGBD(): 9.00798ms
Frame 263 end
Average processing time of GrabImageRGBD(): 8.99832ms
Frame 264 end
Average processing time of GrabImageRGBD(): 8.99994ms
Frame 265 end
Average processing time of GrabImageRGBD(): 8.99133ms
Frame 266 end
Average processing time of GrabImageRGBD(): 8.96964ms
Frame 267 end
Average processing time of GrabImageRGBD(): 8.97132ms
Frame 268 end
Average processing time of GrabImageRGBD(): 8.97285ms
Frame 269 end
Average processing time of GrabImageRGBD(): 8.95082ms
Frame 270 end
Average processing time of GrabImageRGBD(): 8.95152ms
Frame 271 end
Average processing time of GrabImageRGBD(): 8.9423ms
Frame 272 end
Average processing time of GrabImageRGBD(): 9.02154ms
Frame 273 end
Average processing time of GrabImageRGBD(): 9.01159ms
Frame 274 end
Average processing time of GrabImageRGBD(): 8.99095ms
Frame 275 end
Average processing time of GrabImageRGBD(): 8.98788ms
Frame 276 end
Average processing time of GrabImageRGBD(): 8.99094ms
Frame 277 end
Average processing time of GrabImageRGBD(): 8.97125ms
Frame 278 end
Average processing time of GrabImageRGBD(): 8.97278ms
Frame 279 end
Average processing time of GrabImageRGBD(): 8.97469ms
Frame 280 end
Average processing time of GrabImageRGBD(): 8.95311ms
Frame 281 end
Average processing time of GrabImageRGBD(): 8.93339ms
Frame 282 end
Average processing time of GrabImageRGBD(): 8.91413ms
Frame 283 end
Average processing time of GrabImageRGBD(): 8.89536ms
Frame 284 end
Average processing time of GrabImageRGBD(): 8.97059ms
Frame 285 end
Average processing time of GrabImageRGBD(): 8.95985ms
Frame 286 end
Average processing time of GrabImageRGBD(): 8.9397ms
Frame 287 end
Average processing time of GrabImageRGBD(): 8.93968ms
Frame 288 end
Average processing time of GrabImageRGBD(): 9.00477ms
Frame 289 end
Average processing time of GrabImageRGBD(): 9.01737ms
Frame 290 end
Average processing time of GrabImageRGBD(): 9.02547ms
Frame 291 end
Average processing time of GrabImageRGBD(): 9.03503ms
Frame 292 end
Average processing time of GrabImageRGBD(): 9.01717ms
Frame 293 end
Average processing time of GrabImageRGBD(): 9.00935ms
Frame 294 end
Average processing time of GrabImageRGBD(): 8.99683ms
Frame 295 end
Average processing time of GrabImageRGBD(): 8.99492ms
Frame 296 end
Average processing time of GrabImageRGBD(): 8.9764ms
Frame 297 end
Average processing time of GrabImageRGBD(): 9.03574ms
Frame 298 end
Average processing time of GrabImageRGBD(): 9.02957ms
Frame 299 end
Average processing time of GrabImageRGBD(): 9.01142ms
Frame 300 end
Average processing time of GrabImageRGBD(): 9.01118ms
Frame 301 end
Average processing time of GrabImageRGBD(): 8.99203ms
Frame 302 end
Average processing time of GrabImageRGBD(): 8.97368ms
Frame 303 end
Average processing time of GrabImageRGBD(): 8.95894ms
Frame 304 end
Average processing time of GrabImageRGBD(): 8.95798ms
Frame 305 end
Average processing time of GrabImageRGBD(): 8.95356ms
Frame 306 end
Average processing time of GrabImageRGBD(): 8.95134ms
Frame 307 end
Average processing time of GrabImageRGBD(): 8.93361ms
Frame 308 end
Average processing time of GrabImageRGBD(): 8.91886ms
Frame 309 end
Average processing time of GrabImageRGBD(): 8.91618ms
Frame 310 end
Average processing time of GrabImageRGBD(): 8.89825ms
Frame 311 end
Average processing time of GrabImageRGBD(): 8.89746ms
Frame 312 end
Average processing time of GrabImageRGBD(): 8.87987ms
Frame 313 end
Average processing time of GrabImageRGBD(): 8.87499ms
Frame 314 end
Average processing time of GrabImageRGBD(): 8.94214ms
Frame 315 end
Average processing time of GrabImageRGBD(): 8.92803ms
Frame 316 end
Average processing time of GrabImageRGBD(): 8.93068ms
Frame 317 end
Average processing time of GrabImageRGBD(): 8.93107ms
Frame 318 end
Average processing time of GrabImageRGBD(): 8.93043ms
Frame 319 end
Average processing time of GrabImageRGBD(): 8.91808ms
Frame 320 end
Average processing time of GrabImageRGBD(): 8.90105ms
Frame 321 end
Average processing time of GrabImageRGBD(): 8.88438ms
Frame 322 end
Average processing time of GrabImageRGBD(): 8.87966ms
Frame 323 end
Average processing time of GrabImageRGBD(): 8.88165ms
Frame 324 end
Average processing time of GrabImageRGBD(): 8.86455ms
Frame 325 end
Average processing time of GrabImageRGBD(): 8.86292ms
Frame 326 end
Average processing time of GrabImageRGBD(): 8.92452ms
Frame 327 end
Average processing time of GrabImageRGBD(): 8.90995ms
Frame 328 end
Average processing time of GrabImageRGBD(): 8.89315ms
Frame 329 end
Average processing time of GrabImageRGBD(): 8.89292ms
Frame 330 end
Average processing time of GrabImageRGBD(): 8.87538ms
Frame 331 end
Average processing time of GrabImageRGBD(): 8.87416ms
Frame 332 end
Average processing time of GrabImageRGBD(): 8.86807ms
Frame 333 end
Average processing time of GrabImageRGBD(): 8.86473ms
Frame 334 end
Average processing time of GrabImageRGBD(): 8.86232ms
Frame 335 end
Average processing time of GrabImageRGBD(): 8.84975ms
Frame 336 end
Average processing time of GrabImageRGBD(): 8.83426ms
Frame 337 end
Average processing time of GrabImageRGBD(): 8.83191ms
Frame 338 end
Average processing time of GrabImageRGBD(): 8.81567ms
Frame 339 end
Average processing time of GrabImageRGBD(): 8.79874ms
Frame 340 end
Average processing time of GrabImageRGBD(): 8.78698ms
Frame 341 end
Average processing time of GrabImageRGBD(): 8.84891ms
Frame 342 end
Average processing time of GrabImageRGBD(): 8.83483ms
Frame 343 end
Average processing time of GrabImageRGBD(): 8.81775ms
Frame 344 end
Average processing time of GrabImageRGBD(): 8.81479ms
Frame 345 end
Average processing time of GrabImageRGBD(): 8.7993ms
Frame 346 end
Average processing time of GrabImageRGBD(): 8.86076ms
Frame 347 end
Average processing time of GrabImageRGBD(): 8.86429ms
Frame 348 end
Average processing time of GrabImageRGBD(): 8.84966ms
Frame 349 end
Average processing time of GrabImageRGBD(): 8.85027ms
Frame 350 end
Average processing time of GrabImageRGBD(): 8.84651ms
Frame 351 end
Average processing time of GrabImageRGBD(): 8.84612ms
Frame 352 end
Average processing time of GrabImageRGBD(): 8.83173ms
Frame 353 end
Average processing time of GrabImageRGBD(): 8.88486ms
Frame 354 end
Average processing time of GrabImageRGBD(): 8.88601ms
Frame 355 end
Average processing time of GrabImageRGBD(): 8.87559ms
Frame 356 end
Average processing time of GrabImageRGBD(): 8.86038ms
Frame 357 end
Average processing time of GrabImageRGBD(): 8.85051ms
Frame 358 end
Average processing time of GrabImageRGBD(): 8.90995ms
Frame 359 end
Average processing time of GrabImageRGBD(): 8.91361ms
Frame 360 end
Average processing time of GrabImageRGBD(): 8.9094ms
Frame 361 end
Average processing time of GrabImageRGBD(): 8.91049ms
Frame 362 end
Average processing time of GrabImageRGBD(): 8.91086ms
Frame 363 end
Average processing time of GrabImageRGBD(): 8.99872ms
Frame 364 end
Average processing time of GrabImageRGBD(): 9.0071ms
Frame 365 end
Average processing time of GrabImageRGBD(): 9.01238ms
Frame 366 end
Average processing time of GrabImageRGBD(): 9.01155ms
Frame 367 end
Average processing time of GrabImageRGBD(): 9.00963ms
Frame 368 end
Average processing time of GrabImageRGBD(): 9.06645ms
Frame 369 end
Average processing time of GrabImageRGBD(): 9.05472ms
Frame 370 end
Average processing time of GrabImageRGBD(): 9.03908ms
Frame 371 end
Average processing time of GrabImageRGBD(): 9.02583ms
Frame 372 end
Average processing time of GrabImageRGBD(): 9.02541ms
Frame 373 end
Average processing time of GrabImageRGBD(): 9.02616ms
Frame 374 end
Average processing time of GrabImageRGBD(): 9.0258ms
Frame 375 end
Average processing time of GrabImageRGBD(): 9.0089ms
Frame 376 end
Average processing time of GrabImageRGBD(): 9.06369ms
Frame 377 end
Average processing time of GrabImageRGBD(): 9.05209ms
Frame 378 end
Average processing time of GrabImageRGBD(): 9.03726ms
Frame 379 end
Average processing time of GrabImageRGBD(): 9.02412ms
Frame 380 end
Average processing time of GrabImageRGBD(): 9.0112ms
Frame 381 end
Average processing time of GrabImageRGBD(): 9.00503ms
Frame 382 end
Average processing time of GrabImageRGBD(): 9.00593ms
Frame 383 end
Average processing time of GrabImageRGBD(): 8.9926ms
Frame 384 end
Average processing time of GrabImageRGBD(): 8.98569ms
Frame 385 end
Average processing time of GrabImageRGBD(): 8.98699ms
Frame 386 end
Average processing time of GrabImageRGBD(): 8.98885ms
Frame 387 end
Average processing time of GrabImageRGBD(): 8.98944ms
Frame 388 end
Average processing time of GrabImageRGBD(): 8.98972ms
Frame 389 end
Average processing time of GrabImageRGBD(): 8.99466ms
Frame 390 end
Average processing time of GrabImageRGBD(): 8.97996ms
Frame 391 end
Average processing time of GrabImageRGBD(): 9.03161ms
Frame 392 end
Average processing time of GrabImageRGBD(): 9.02866ms
Frame 393 end
Average processing time of GrabImageRGBD(): 9.01419ms
Frame 394 end
Average processing time of GrabImageRGBD(): 9.01542ms
Frame 395 end
Average processing time of GrabImageRGBD(): 9.00828ms
Frame 396 end
Average processing time of GrabImageRGBD(): 9.01045ms
Frame 397 end
Average processing time of GrabImageRGBD(): 8.99639ms
Frame 398 end
Average processing time of GrabImageRGBD(): 8.99236ms
Frame 399 end
Average processing time of GrabImageRGBD(): 8.97935ms
Frame 400 end
Average processing time of GrabImageRGBD(): 8.97271ms
Frame 401 end
Average processing time of GrabImageRGBD(): 8.9673ms
Frame 402 end
Average processing time of GrabImageRGBD(): 8.96697ms
Frame 403 end
Average processing time of GrabImageRGBD(): 8.95478ms
Frame 404 end
Average processing time of GrabImageRGBD(): 8.9543ms
Frame 405 end
Average processing time of GrabImageRGBD(): 8.94874ms
Frame 406 end
Average processing time of GrabImageRGBD(): 8.93531ms
Frame 407 end
Average processing time of GrabImageRGBD(): 8.93599ms
Frame 408 end
Average processing time of GrabImageRGBD(): 8.93521ms
Frame 409 end
Average processing time of GrabImageRGBD(): 8.93478ms
Frame 410 end
Average processing time of GrabImageRGBD(): 8.91986ms
Frame 411 end
Average processing time of GrabImageRGBD(): 8.9197ms
Frame 412 end
Average processing time of GrabImageRGBD(): 8.91658ms
Frame 413 end
Average processing time of GrabImageRGBD(): 8.91683ms
Frame 414 end
Average processing time of GrabImageRGBD(): 8.91732ms
Frame 415 end
Average processing time of GrabImageRGBD(): 8.91754ms
Frame 416 end
Average processing time of GrabImageRGBD(): 8.90684ms
Frame 417 end
Average processing time of GrabImageRGBD(): 8.90595ms
Frame 418 end
Average processing time of GrabImageRGBD(): 8.95307ms
Frame 419 end
Average processing time of GrabImageRGBD(): 8.94936ms
Frame 420 end
Average processing time of GrabImageRGBD(): 8.94795ms
Frame 421 end
Average processing time of GrabImageRGBD(): 8.93462ms
Frame 422 end
Average processing time of GrabImageRGBD(): 8.92313ms
Frame 423 end
Average processing time of GrabImageRGBD(): 8.91708ms
Frame 424 end
Average processing time of GrabImageRGBD(): 8.91418ms
Frame 425 end
Average processing time of GrabImageRGBD(): 8.911ms
Frame 426 end
Average processing time of GrabImageRGBD(): 8.90778ms
Frame 427 end
Average processing time of GrabImageRGBD(): 8.90525ms
Frame 428 end
Average processing time of GrabImageRGBD(): 8.89319ms
Frame 429 end
Average processing time of GrabImageRGBD(): 8.887ms
Frame 430 end
Average processing time of GrabImageRGBD(): 8.87344ms
Frame 431 end
Average processing time of GrabImageRGBD(): 8.86989ms
Frame 432 end
Average processing time of GrabImageRGBD(): 8.8563ms
Frame 433 end
Average processing time of GrabImageRGBD(): 8.84267ms
Frame 434 end
Average processing time of GrabImageRGBD(): 8.83294ms
Frame 435 end
Average processing time of GrabImageRGBD(): 8.83001ms
Frame 436 end
Average processing time of GrabImageRGBD(): 8.8273ms
Frame 437 end
Average processing time of GrabImageRGBD(): 8.8143ms
Frame 438 end
Average processing time of GrabImageRGBD(): 8.80247ms
Frame 439 end
Average processing time of GrabImageRGBD(): 8.84665ms
Frame 440 end
Average processing time of GrabImageRGBD(): 8.84551ms
Frame 441 end
Average processing time of GrabImageRGBD(): 8.8331ms
Frame 442 end
Average processing time of GrabImageRGBD(): 8.82378ms
Frame 443 end
Average processing time of GrabImageRGBD(): 8.81184ms
Frame 444 end
Average processing time of GrabImageRGBD(): 8.80946ms
Frame 445 end
Average processing time of GrabImageRGBD(): 8.80667ms
Frame 446 end
Average processing time of GrabImageRGBD(): 8.85737ms
Frame 447 end
Average processing time of GrabImageRGBD(): 8.85883ms
Frame 448 end
Average processing time of GrabImageRGBD(): 8.86011ms
Frame 449 end
Average processing time of GrabImageRGBD(): 8.84769ms
Frame 450 end
Average processing time of GrabImageRGBD(): 8.84717ms
Frame 451 end
Average processing time of GrabImageRGBD(): 8.84706ms
Frame 452 end
Average processing time of GrabImageRGBD(): 8.88973ms
Frame 453 end
Average processing time of GrabImageRGBD(): 8.89344ms
Frame 454 end
Average processing time of GrabImageRGBD(): 8.88324ms
Frame 455 end
Average processing time of GrabImageRGBD(): 8.87215ms
Frame 456 end
Average processing time of GrabImageRGBD(): 8.86905ms
Frame 457 end
Average processing time of GrabImageRGBD(): 8.91372ms
Frame 458 end
Average processing time of GrabImageRGBD(): 8.91759ms
Frame 459 end
Average processing time of GrabImageRGBD(): 8.90446ms
Frame 460 end
Average processing time of GrabImageRGBD(): 8.89269ms
Frame 461 end
Average processing time of GrabImageRGBD(): 8.89449ms
Frame 462 end
Average processing time of GrabImageRGBD(): 8.8947ms
Frame 463 end
Average processing time of GrabImageRGBD(): 8.88615ms
Frame 464 end
Average processing time of GrabImageRGBD(): 8.87415ms
Frame 465 end
Average processing time of GrabImageRGBD(): 8.87291ms
Frame 466 end
Average processing time of GrabImageRGBD(): 8.87176ms
Frame 467 end
Average processing time of GrabImageRGBD(): 8.86826ms
Frame 468 end
Average processing time of GrabImageRGBD(): 8.85652ms
Frame 469 end
Average processing time of GrabImageRGBD(): 8.85634ms
Frame 470 end
Average processing time of GrabImageRGBD(): 8.84477ms
Frame 471 end
Average processing time of GrabImageRGBD(): 8.89232ms
Frame 472 end
Average processing time of GrabImageRGBD(): 8.89002ms
Frame 473 end
Average processing time of GrabImageRGBD(): 8.87752ms
Frame 474 end
Average processing time of GrabImageRGBD(): 8.87844ms
Frame 475 end
Average processing time of GrabImageRGBD(): 8.87504ms
Frame 476 end
Average processing time of GrabImageRGBD(): 8.91689ms
Frame 477 end
Average processing time of GrabImageRGBD(): 8.90801ms
Frame 478 end
Average processing time of GrabImageRGBD(): 8.89783ms
Frame 479 end
Average processing time of GrabImageRGBD(): 8.89829ms
Frame 480 end
Average processing time of GrabImageRGBD(): 8.89715ms
Frame 481 end
Average processing time of GrabImageRGBD(): 8.88797ms
Frame 482 end
Average processing time of GrabImageRGBD(): 8.92814ms
Frame 483 end
Average processing time of GrabImageRGBD(): 8.93239ms
Frame 484 end
Average processing time of GrabImageRGBD(): 8.92058ms
Frame 485 end
Average processing time of GrabImageRGBD(): 8.91595ms
Frame 486 end
Average processing time of GrabImageRGBD(): 8.91634ms
Frame 487 end
Average processing time of GrabImageRGBD(): 8.91693ms
Frame 488 end
Average processing time of GrabImageRGBD(): 8.91015ms
Frame 489 end
Average processing time of GrabImageRGBD(): 8.90937ms
Frame 490 end
Average processing time of GrabImageRGBD(): 8.95486ms
Frame 491 end
Average processing time of GrabImageRGBD(): 8.95176ms
Frame 492 end
Average processing time of GrabImageRGBD(): 8.93974ms
Frame 493 end
Average processing time of GrabImageRGBD(): 8.92873ms
Frame 494 end
Average processing time of GrabImageRGBD(): 8.92252ms
Frame 495 end
Average processing time of GrabImageRGBD(): 8.92554ms
Frame 496 end
Average processing time of GrabImageRGBD(): 8.91391ms
Frame 497 end
Average processing time of GrabImageRGBD(): 8.96668ms
Frame 498 end
Average processing time of GrabImageRGBD(): 8.96918ms
Frame 499 end
Average processing time of GrabImageRGBD(): 8.95798ms
Frame 500 end
Average processing time of GrabImageRGBD(): 8.957ms
Frame 501 end
Average processing time of GrabImageRGBD(): 8.95035ms
Frame 502 end
Average processing time of GrabImageRGBD(): 8.93934ms
Frame 503 end
Average processing time of GrabImageRGBD(): 8.92781ms
Frame 504 end
Average processing time of GrabImageRGBD(): 8.91647ms
Frame 505 end
Average processing time of GrabImageRGBD(): 8.90969ms
Frame 506 end
Average processing time of GrabImageRGBD(): 8.95323ms
Frame 507 end
Average processing time of GrabImageRGBD(): 8.95092ms
Frame 508 end
Average processing time of GrabImageRGBD(): 8.93952ms
Frame 509 end
Average processing time of GrabImageRGBD(): 8.935ms
Frame 510 end
Average processing time of GrabImageRGBD(): 8.93188ms
Frame 511 end
Average processing time of GrabImageRGBD(): 8.92963ms
Frame 512 end
Average processing time of GrabImageRGBD(): 8.96812ms
Frame 513 end
Average processing time of GrabImageRGBD(): 8.96777ms
Frame 514 end
Average processing time of GrabImageRGBD(): 8.96948ms
Frame 515 end
Average processing time of GrabImageRGBD(): 8.95922ms
Frame 516 end
Average processing time of GrabImageRGBD(): 8.95898ms
Frame 517 end
Average processing time of GrabImageRGBD(): 8.95644ms
Frame 518 end
Average processing time of GrabImageRGBD(): 9.00147ms
Frame 519 end
Average processing time of GrabImageRGBD(): 8.99194ms
Frame 520 end
Average processing time of GrabImageRGBD(): 8.99397ms
Frame 521 end
Average processing time of GrabImageRGBD(): 8.99647ms
Frame 522 end
Average processing time of GrabImageRGBD(): 8.99621ms
Frame 523 end
Average processing time of GrabImageRGBD(): 8.9967ms
Frame 524 end
Average processing time of GrabImageRGBD(): 8.99365ms
Frame 525 end
Average processing time of GrabImageRGBD(): 9.03512ms
Frame 526 end
Average processing time of GrabImageRGBD(): 9.03687ms
Frame 527 end
Average processing time of GrabImageRGBD(): 9.03871ms
Frame 528 end
Average processing time of GrabImageRGBD(): 9.03225ms
Frame 529 end
Average processing time of GrabImageRGBD(): 9.02189ms
Frame 530 end
Average processing time of GrabImageRGBD(): 9.01996ms
Frame 531 end
Average processing time of GrabImageRGBD(): 9.01132ms
Frame 532 end
Average processing time of GrabImageRGBD(): 9.05394ms
Frame 533 end
Average processing time of GrabImageRGBD(): 9.05229ms
Frame 534 end
Average processing time of GrabImageRGBD(): 9.04735ms
Frame 535 end
Average processing time of GrabImageRGBD(): 9.0415ms
Frame 536 end
Average processing time of GrabImageRGBD(): 9.03448ms
Frame 537 end
Average processing time of GrabImageRGBD(): 9.02379ms
Frame 538 end
Average processing time of GrabImageRGBD(): 9.0152ms
Frame 539 end
Average processing time of GrabImageRGBD(): 9.04902ms
Frame 540 end
Average processing time of GrabImageRGBD(): 9.04327ms
Frame 541 end
Average processing time of GrabImageRGBD(): 9.03782ms
Frame 542 end
Average processing time of GrabImageRGBD(): 9.03531ms
Frame 543 end
Average processing time of GrabImageRGBD(): 9.02511ms
Frame 544 end
Average processing time of GrabImageRGBD(): 9.02233ms
Frame 545 end
Average processing time of GrabImageRGBD(): 9.06171ms
Frame 546 end
Average processing time of GrabImageRGBD(): 9.06223ms
Frame 547 end
Average processing time of GrabImageRGBD(): 9.06288ms
Frame 548 end
Average processing time of GrabImageRGBD(): 9.06043ms
Frame 549 end
Average processing time of GrabImageRGBD(): 9.09845ms
Frame 550 end
Average processing time of GrabImageRGBD(): 9.10047ms
Frame 551 end
Average processing time of GrabImageRGBD(): 9.09952ms
Frame 552 end
Average processing time of GrabImageRGBD(): 9.09866ms
Frame 553 end
Average processing time of GrabImageRGBD(): 9.09603ms
Frame 554 end
Average processing time of GrabImageRGBD(): 9.08551ms
Frame 555 end
Average processing time of GrabImageRGBD(): 9.08305ms
Frame 556 end
Average processing time of GrabImageRGBD(): 9.12005ms
Frame 557 end
Average processing time of GrabImageRGBD(): 9.12103ms
Frame 558 end
Average processing time of GrabImageRGBD(): 9.11634ms
Frame 559 end
Average processing time of GrabImageRGBD(): 9.11334ms
Frame 560 end
Average processing time of GrabImageRGBD(): 9.10443ms
Frame 561 end
Average processing time of GrabImageRGBD(): 9.10145ms
Frame 562 end
Average processing time of GrabImageRGBD(): 9.09662ms
Frame 563 end
Average processing time of GrabImageRGBD(): 9.13174ms
Frame 564 end
Average processing time of GrabImageRGBD(): 9.12284ms
Frame 565 end
Average processing time of GrabImageRGBD(): 9.12081ms
Frame 566 end
Average processing time of GrabImageRGBD(): 9.11032ms
Frame 567 end
Average processing time of GrabImageRGBD(): 9.1022ms
Frame 568 end
Average processing time of GrabImageRGBD(): 9.09185ms
Frame 569 end
Average processing time of GrabImageRGBD(): 9.08988ms
Frame 570 end
Average processing time of GrabImageRGBD(): 9.12707ms
Frame 571 end
Average processing time of GrabImageRGBD(): 9.12593ms
Frame 572 end
Average processing time of GrabImageRGBD(): 9.12386ms
Frame 573 end
Average processing time of GrabImageRGBD(): 9.12264ms
Frame 574 end
Average processing time of GrabImageRGBD(): 9.12067ms
Frame 575 end
Average processing time of GrabImageRGBD(): 9.11902ms
Frame 576 end
Average processing time of GrabImageRGBD(): 9.10816ms
Frame 577 end
Average processing time of GrabImageRGBD(): 9.14355ms
Frame 578 end
Average processing time of GrabImageRGBD(): 9.14497ms
Frame 579 end
Average processing time of GrabImageRGBD(): 9.1441ms
Frame 580 end
Average processing time of GrabImageRGBD(): 9.13821ms
Frame 581 end
Average processing time of GrabImageRGBD(): 9.13162ms
Frame 582 end
Average processing time of GrabImageRGBD(): 9.12219ms
Frame 583 end
Average processing time of GrabImageRGBD(): 9.11925ms
Frame 584 end
Average processing time of GrabImageRGBD(): 9.15273ms
Frame 585 end
Average processing time of GrabImageRGBD(): 9.15314ms
Frame 586 end
Average processing time of GrabImageRGBD(): 9.14364ms
Frame 587 end
Average processing time of GrabImageRGBD(): 9.14459ms
Frame 588 end
Average processing time of GrabImageRGBD(): 9.13607ms
Frame 589 end
Average processing time of GrabImageRGBD(): 9.1319ms
Frame 590 end
Average processing time of GrabImageRGBD(): 9.12888ms
Frame 591 end
Average processing time of GrabImageRGBD(): 9.16567ms
Frame 592 end
Average processing time of GrabImageRGBD(): 9.16512ms
Frame 593 end
Average processing time of GrabImageRGBD(): 9.1569ms
Frame 594 end
Average processing time of GrabImageRGBD(): 9.15099ms
Frame 595 end
Average processing time of GrabImageRGBD(): 9.14227ms
Frame 596 end
Average processing time of GrabImageRGBD(): 9.13444ms
Frame 597 end
Average processing time of GrabImageRGBD(): 9.12487ms
Frame 598 end
Average processing time of GrabImageRGBD(): 9.15719ms
Frame 599 end
Average processing time of GrabImageRGBD(): 9.15683ms
Frame 600 end
Average processing time of GrabImageRGBD(): 9.14979ms
Frame 601 end
Average processing time of GrabImageRGBD(): 9.14039ms
Frame 602 end
Average processing time of GrabImageRGBD(): 9.13715ms
Frame 603 end
Average processing time of GrabImageRGBD(): 9.13675ms
Frame 604 end
Average processing time of GrabImageRGBD(): 9.13236ms
Frame 605 end
Average processing time of GrabImageRGBD(): 9.1297ms
Frame 606 end
Average processing time of GrabImageRGBD(): 9.16411ms
Frame 607 end
Average processing time of GrabImageRGBD(): 9.1645ms
Frame 608 end
Average processing time of GrabImageRGBD(): 9.1545ms
Frame 609 end
Average processing time of GrabImageRGBD(): 9.14814ms
Frame 610 end
Average processing time of GrabImageRGBD(): 9.13881ms
Frame 611 end
Average processing time of GrabImageRGBD(): 9.13796ms
Frame 612 end
Average processing time of GrabImageRGBD(): 9.13642ms
Frame 613 end
Average processing time of GrabImageRGBD(): 9.13517ms
Frame 614 end
Average processing time of GrabImageRGBD(): 9.16448ms
Frame 615 end
Average processing time of GrabImageRGBD(): 9.15881ms
Frame 616 end
Average processing time of GrabImageRGBD(): 9.15715ms
Frame 617 end
Average processing time of GrabImageRGBD(): 9.1494ms
Frame 618 end
Average processing time of GrabImageRGBD(): 9.14694ms
Frame 619 end
Average processing time of GrabImageRGBD(): 9.13835ms
Frame 620 end
Average processing time of GrabImageRGBD(): 9.1366ms
Frame 621 end
Average processing time of GrabImageRGBD(): 9.13381ms
Frame 622 end
Average processing time of GrabImageRGBD(): 9.16775ms
Frame 623 end
Average processing time of GrabImageRGBD(): 9.16821ms
Frame 624 end
Average processing time of GrabImageRGBD(): 9.16061ms
Frame 625 end
Average processing time of GrabImageRGBD(): 9.15316ms
Frame 626 end
Average processing time of GrabImageRGBD(): 9.15089ms
Frame 627 end
Average processing time of GrabImageRGBD(): 9.14919ms
Frame 628 end
Average processing time of GrabImageRGBD(): 9.14896ms
Frame 629 end
Average processing time of GrabImageRGBD(): 9.13973ms
Frame 630 end
Average processing time of GrabImageRGBD(): 9.12974ms
Frame 631 end
Average processing time of GrabImageRGBD(): 9.12336ms
Frame 632 end
Average processing time of GrabImageRGBD(): 9.11363ms
Frame 633 end
Average processing time of GrabImageRGBD(): 9.10353ms
Frame 634 end
Average processing time of GrabImageRGBD(): 9.09434ms
Frame 635 end
Average processing time of GrabImageRGBD(): 9.09166ms
Frame 636 end
Average processing time of GrabImageRGBD(): 9.08925ms
Frame 637 end
Average processing time of GrabImageRGBD(): 9.08003ms
Frame 638 end
Average processing time of GrabImageRGBD(): 9.10728ms
Frame 639 end
Average processing time of GrabImageRGBD(): 9.10757ms
Frame 640 end
Average processing time of GrabImageRGBD(): 9.09853ms
Frame 641 end
Average processing time of GrabImageRGBD(): 9.0898ms
Frame 642 end
Average processing time of GrabImageRGBD(): 9.0809ms
Frame 643 end
Average processing time of GrabImageRGBD(): 9.07226ms
Frame 644 end
Average processing time of GrabImageRGBD(): 9.06374ms
Frame 645 end
Average processing time of GrabImageRGBD(): 9.06251ms
Frame 646 end
Average processing time of GrabImageRGBD(): 9.0898ms
Frame 647 end
Average processing time of GrabImageRGBD(): 9.09042ms
Frame 648 end
Average processing time of GrabImageRGBD(): 9.08658ms
Frame 649 end
Average processing time of GrabImageRGBD(): 9.0815ms
Frame 650 end
Average processing time of GrabImageRGBD(): 9.07277ms
Frame 651 end
Average processing time of GrabImageRGBD(): 9.06655ms
Frame 652 end
Average processing time of GrabImageRGBD(): 9.06518ms
Frame 653 end
Average processing time of GrabImageRGBD(): 9.06352ms
Frame 654 end
Average processing time of GrabImageRGBD(): 9.06087ms
Frame 655 end
Average processing time of GrabImageRGBD(): 9.05156ms
Frame 656 end
Average processing time of GrabImageRGBD(): 9.0497ms
Frame 657 end
Average processing time of GrabImageRGBD(): 9.04767ms
Frame 658 end
Average processing time of GrabImageRGBD(): 9.07636ms
Frame 659 end
Average processing time of GrabImageRGBD(): 9.07479ms
Frame 660 end
Average processing time of GrabImageRGBD(): 9.06621ms
Frame 661 end
Average processing time of GrabImageRGBD(): 9.05736ms
Frame 662 end
Average processing time of GrabImageRGBD(): 9.04895ms
Frame 663 end
Average processing time of GrabImageRGBD(): 9.04765ms
Frame 664 end
Average processing time of GrabImageRGBD(): 9.04179ms
Frame 665 end
Average processing time of GrabImageRGBD(): 9.03326ms
Frame 666 end
Average processing time of GrabImageRGBD(): 9.03183ms
Frame 667 end
Average processing time of GrabImageRGBD(): 9.07155ms
Frame 668 end
Average processing time of GrabImageRGBD(): 9.07143ms
Frame 669 end
Average processing time of GrabImageRGBD(): 9.07043ms
Frame 670 end
Average processing time of GrabImageRGBD(): 9.06917ms
Frame 671 end
Average processing time of GrabImageRGBD(): 9.06095ms
Frame 672 end
Average processing time of GrabImageRGBD(): 9.05974ms
Frame 673 end
Average processing time of GrabImageRGBD(): 9.0555ms
Frame 674 end
Average processing time of GrabImageRGBD(): 9.05258ms
Frame 675 end
Average processing time of GrabImageRGBD(): 9.07808ms
Frame 676 end
Average processing time of GrabImageRGBD(): 9.07832ms
Frame 677 end
Average processing time of GrabImageRGBD(): 9.07194ms
Frame 678 end
Average processing time of GrabImageRGBD(): 9.0695ms
Frame 679 end
Average processing time of GrabImageRGBD(): 9.06863ms
Frame 680 end
Average processing time of GrabImageRGBD(): 9.06682ms
Frame 681 end
Average processing time of GrabImageRGBD(): 9.06605ms
Frame 682 end
Average processing time of GrabImageRGBD(): 9.06524ms
Frame 683 end
Average processing time of GrabImageRGBD(): 9.05647ms
Frame 684 end
Average processing time of GrabImageRGBD(): 9.05511ms
Frame 685 end
Average processing time of GrabImageRGBD(): 9.05379ms
Frame 686 end
Average processing time of GrabImageRGBD(): 9.04538ms
Frame 687 end
Average processing time of GrabImageRGBD(): 9.04394ms
Frame 688 end
Average processing time of GrabImageRGBD(): 9.04259ms
Frame 689 end
Average processing time of GrabImageRGBD(): 9.04116ms
Frame 690 end
Average processing time of GrabImageRGBD(): 9.03973ms
Frame 691 end
Average processing time of GrabImageRGBD(): 9.03135ms
Frame 692 end
Average processing time of GrabImageRGBD(): 9.02381ms
Frame 693 end
Average processing time of GrabImageRGBD(): 9.01536ms
Frame 694 end
Average processing time of GrabImageRGBD(): 9.01418ms
Frame 695 end
Average processing time of GrabImageRGBD(): 9.01312ms
Frame 696 end
Average processing time of GrabImageRGBD(): 9.00445ms
Frame 697 end
Average processing time of GrabImageRGBD(): 9.00307ms
Frame 698 end
Average processing time of GrabImageRGBD(): 8.99485ms
Frame 699 end
Average processing time of GrabImageRGBD(): 8.99329ms
Frame 700 end
Average processing time of GrabImageRGBD(): 8.9853ms
Frame 701 end
Average processing time of GrabImageRGBD(): 8.98485ms
Frame 702 end
Average processing time of GrabImageRGBD(): 8.98263ms
Frame 703 end
Average processing time of GrabImageRGBD(): 8.97581ms
Frame 704 end
Average processing time of GrabImageRGBD(): 8.96754ms
Frame 705 end
Average processing time of GrabImageRGBD(): 8.96575ms
Frame 706 end
Average processing time of GrabImageRGBD(): 8.96394ms
Frame 707 end
Average processing time of GrabImageRGBD(): 8.9557ms
Frame 708 end
Average processing time of GrabImageRGBD(): 8.94784ms
Frame 709 end
Average processing time of GrabImageRGBD(): 8.94628ms
Frame 710 end
Average processing time of GrabImageRGBD(): 8.97203ms
Frame 711 end
Average processing time of GrabImageRGBD(): 8.96516ms
Frame 712 end
Average processing time of GrabImageRGBD(): 8.96081ms
Frame 713 end
Average processing time of GrabImageRGBD(): 8.9634ms
Frame 714 end
Average processing time of GrabImageRGBD(): 8.96044ms
Frame 715 end
Average processing time of GrabImageRGBD(): 8.95982ms
Frame 716 end
Average processing time of GrabImageRGBD(): 8.95216ms
Frame 717 end
Average processing time of GrabImageRGBD(): 8.94418ms
Frame 718 end
Average processing time of GrabImageRGBD(): 8.97467ms
Frame 719 end
Average processing time of GrabImageRGBD(): 8.97638ms
Frame 720 end
Average processing time of GrabImageRGBD(): 8.97572ms
Frame 721 end
Average processing time of GrabImageRGBD(): 8.97556ms
Frame 722 end
Average processing time of GrabImageRGBD(): 8.97482ms
Frame 723 end
Average processing time of GrabImageRGBD(): 8.97523ms
Frame 724 end
Average processing time of GrabImageRGBD(): 8.97181ms
Frame 725 end
Average processing time of GrabImageRGBD(): 8.97116ms
Frame 726 end
Average processing time of GrabImageRGBD(): 8.96322ms
Frame 727 end
Average processing time of GrabImageRGBD(): 8.99144ms
Frame 728 end
Average processing time of GrabImageRGBD(): 8.99253ms
Frame 729 end
Average processing time of GrabImageRGBD(): 8.99269ms
Frame 730 end
Average processing time of GrabImageRGBD(): 8.98522ms
Frame 731 end
Average processing time of GrabImageRGBD(): 8.98442ms
Frame 732 end
Average processing time of GrabImageRGBD(): 8.9896ms
Frame 733 end
Average processing time of GrabImageRGBD(): 8.98214ms
Frame 734 end
Average processing time of GrabImageRGBD(): 8.98138ms
Frame 735 end
Average processing time of GrabImageRGBD(): 8.97401ms
Frame 736 end
Average processing time of GrabImageRGBD(): 8.97265ms
Frame 737 end
Average processing time of GrabImageRGBD(): 9.00646ms
Frame 738 end
Average processing time of GrabImageRGBD(): 9.00717ms
Frame 739 end
Average processing time of GrabImageRGBD(): 9.00664ms
Frame 740 end
Average processing time of GrabImageRGBD(): 9.0054ms
Frame 741 end
Average processing time of GrabImageRGBD(): 9.00494ms
Frame 742 end
Average processing time of GrabImageRGBD(): 9.00383ms
Frame 743 end
Average processing time of GrabImageRGBD(): 8.99617ms
Frame 744 end
Average processing time of GrabImageRGBD(): 8.99443ms
Frame 745 end
Average processing time of GrabImageRGBD(): 8.98893ms
Frame 746 end
Average processing time of GrabImageRGBD(): 8.9867ms
Frame 747 end
Average processing time of GrabImageRGBD(): 9.01201ms
Frame 748 end
Average processing time of GrabImageRGBD(): 9.00889ms
Frame 749 end
Average processing time of GrabImageRGBD(): 9.00816ms
Frame 750 end
Average processing time of GrabImageRGBD(): 9.00792ms
Frame 751 end
Average processing time of GrabImageRGBD(): 9.00098ms
Frame 752 end
Average processing time of GrabImageRGBD(): 8.99464ms
Frame 753 end
Average processing time of GrabImageRGBD(): 8.99327ms
Frame 754 end
Average processing time of GrabImageRGBD(): 8.99235ms
Frame 755 end
Average processing time of GrabImageRGBD(): 8.99167ms
Frame 756 end
Average processing time of GrabImageRGBD(): 8.99014ms
Frame 757 end
Average processing time of GrabImageRGBD(): 9.0184ms
Frame 758 end
Average processing time of GrabImageRGBD(): 9.01939ms
Frame 759 end
Average processing time of GrabImageRGBD(): 9.0117ms
Frame 760 end
Average processing time of GrabImageRGBD(): 9.01197ms
Frame 761 end
Average processing time of GrabImageRGBD(): 9.00483ms
Frame 762 end
Average processing time of GrabImageRGBD(): 9.00331ms
Frame 763 end
Average processing time of GrabImageRGBD(): 8.99555ms
Frame 764 end
Average processing time of GrabImageRGBD(): 8.99308ms
Frame 765 end
Average processing time of GrabImageRGBD(): 8.99126ms
Frame 766 end
Average processing time of GrabImageRGBD(): 8.9847ms
Frame 767 end
Average processing time of GrabImageRGBD(): 8.98225ms
Frame 768 end
Average processing time of GrabImageRGBD(): 9.00995ms
Frame 769 end
Average processing time of GrabImageRGBD(): 9.00532ms
Frame 770 end
Average processing time of GrabImageRGBD(): 9.00453ms
Frame 771 end
Average processing time of GrabImageRGBD(): 8.9968ms
Frame 772 end
Average processing time of GrabImageRGBD(): 8.99475ms
Frame 773 end
Average processing time of GrabImageRGBD(): 8.9875ms
Frame 774 end
Average processing time of GrabImageRGBD(): 8.98587ms
Frame 775 end
Average processing time of GrabImageRGBD(): 8.97869ms
Frame 776 end
Average processing time of GrabImageRGBD(): 8.97752ms
Frame 777 end
Average processing time of GrabImageRGBD(): 8.97521ms
Frame 778 end
Average processing time of GrabImageRGBD(): 9.01329ms
Frame 779 end
Average processing time of GrabImageRGBD(): 9.01454ms
Frame 780 end
Average processing time of GrabImageRGBD(): 9.00748ms
Frame 781 end
Average processing time of GrabImageRGBD(): 9.00692ms
Frame 782 end
Average processing time of GrabImageRGBD(): 8.99985ms
Frame 783 end
Average processing time of GrabImageRGBD(): 8.99999ms
Frame 784 end
Average processing time of GrabImageRGBD(): 8.99309ms
Frame 785 end
Average processing time of GrabImageRGBD(): 8.98568ms
Frame 786 end
Average processing time of GrabImageRGBD(): 8.97815ms
Frame 787 end
Average processing time of GrabImageRGBD(): 8.97138ms
Frame 788 end
Average processing time of GrabImageRGBD(): 8.96484ms
Frame 789 end
Average processing time of GrabImageRGBD(): 8.99245ms
Frame 790 end
Average processing time of GrabImageRGBD(): 8.99342ms
Frame 791 end
Average processing time of GrabImageRGBD(): 8.98615ms
Frame 792 end
Average processing time of GrabImageRGBD(): 8.98663ms
Frame 793 end
Average processing time of GrabImageRGBD(): 8.98472ms
Frame 794 end
Average processing time of GrabImageRGBD(): 8.97799ms
Frame 795 end
Average processing time of GrabImageRGBD(): 8.97514ms
Frame 796 end
Average processing time of GrabImageRGBD(): 8.97383ms
Frame 797 end
Average processing time of GrabImageRGBD(): 8.97261ms
Frame 798 end
Average processing time of GrabImageRGBD(): 8.96893ms
Frame 799 end
Average processing time of GrabImageRGBD(): 8.96275ms
Frame 800 end
Average processing time of GrabImageRGBD(): 8.98708ms
Frame 801 end
Average processing time of GrabImageRGBD(): 8.9885ms
Frame 802 end
Average processing time of GrabImageRGBD(): 8.98757ms
Frame 803 end
Average processing time of GrabImageRGBD(): 8.98073ms
Frame 804 end
Average processing time of GrabImageRGBD(): 8.97852ms
Frame 805 end
Average processing time of GrabImageRGBD(): 8.97606ms
Frame 806 end
Average processing time of GrabImageRGBD(): 8.97296ms
Frame 807 end
Average processing time of GrabImageRGBD(): 8.96636ms
Frame 808 end
Average processing time of GrabImageRGBD(): 8.95949ms
Frame 809 end
Average processing time of GrabImageRGBD(): 8.95258ms
Frame 810 end
Average processing time of GrabImageRGBD(): 8.94956ms
Frame 811 end
Average processing time of GrabImageRGBD(): 8.97303ms
Frame 812 end
Average processing time of GrabImageRGBD(): 8.96783ms
Frame 813 end
Average processing time of GrabImageRGBD(): 8.96597ms
Frame 814 end
Average processing time of GrabImageRGBD(): 8.96518ms
Frame 815 end
Average processing time of GrabImageRGBD(): 8.95807ms
Frame 816 end
Average processing time of GrabImageRGBD(): 8.95386ms
Frame 817 end
Average processing time of GrabImageRGBD(): 8.94662ms
Frame 818 end
Average processing time of GrabImageRGBD(): 8.93956ms
Frame 819 end
Average processing time of GrabImageRGBD(): 8.93653ms
Frame 820 end
Average processing time of GrabImageRGBD(): 8.93173ms
Frame 821 end
Average processing time of GrabImageRGBD(): 8.92737ms
Frame 822 end
Average processing time of GrabImageRGBD(): 8.92ms
Frame 823 end
Average processing time of GrabImageRGBD(): 8.94589ms
Frame 824 end
Average processing time of GrabImageRGBD(): 8.94714ms
Frame 825 end
Average processing time of GrabImageRGBD(): 8.94914ms
Frame 826 end
Average processing time of GrabImageRGBD(): 8.94725ms
Frame 827 end
Average processing time of GrabImageRGBD(): 8.94464ms
Frame 828 end
Average processing time of GrabImageRGBD(): 8.94173ms
Frame 829 end
Average processing time of GrabImageRGBD(): 8.93497ms
Frame 830 end
Average processing time of GrabImageRGBD(): 8.93157ms
Frame 831 end
Average processing time of GrabImageRGBD(): 8.92829ms
Frame 832 end
Average processing time of GrabImageRGBD(): 8.92114ms
Frame 833 end
Average processing time of GrabImageRGBD(): 8.91397ms
Frame 834 end
Average processing time of GrabImageRGBD(): 8.90702ms
Frame 835 end
Average processing time of GrabImageRGBD(): 8.89999ms
Frame 836 end
Average processing time of GrabImageRGBD(): 8.9313ms
Frame 837 end
Average processing time of GrabImageRGBD(): 8.93255ms
Frame 838 end
Average processing time of GrabImageRGBD(): 8.9311ms
Frame 839 end
Average processing time of GrabImageRGBD(): 8.9273ms
Frame 840 end
Average processing time of GrabImageRGBD(): 8.92348ms
Frame 841 end
Average processing time of GrabImageRGBD(): 8.91819ms
Frame 842 end
Average processing time of GrabImageRGBD(): 8.91239ms
Frame 843 end
Average processing time of GrabImageRGBD(): 8.91036ms
Frame 844 end
Average processing time of GrabImageRGBD(): 8.90362ms
Frame 845 end
Average processing time of GrabImageRGBD(): 8.89884ms
Frame 846 end
Average processing time of GrabImageRGBD(): 8.8967ms
Frame 847 end
Average processing time of GrabImageRGBD(): 8.8948ms
Frame 848 end
Average processing time of GrabImageRGBD(): 8.91766ms
Frame 849 end
Average processing time of GrabImageRGBD(): 8.91793ms
Frame 850 end
Average processing time of GrabImageRGBD(): 8.91649ms
Frame 851 end
Average processing time of GrabImageRGBD(): 8.91376ms
Frame 852 end
Average processing time of GrabImageRGBD(): 8.90747ms
Frame 853 end
Average processing time of GrabImageRGBD(): 8.90065ms
Frame 854 end
Average processing time of GrabImageRGBD(): 8.8942ms
Frame 855 end
Average processing time of GrabImageRGBD(): 8.8926ms
Frame 856 end
Average processing time of GrabImageRGBD(): 8.88598ms
Frame 857 end
Average processing time of GrabImageRGBD(): 8.88033ms
Frame 858 end
Average processing time of GrabImageRGBD(): 8.87765ms
Frame 859 end
Average processing time of GrabImageRGBD(): 8.87065ms
Frame 860 end
Average processing time of GrabImageRGBD(): 8.89643ms
Frame 861 end
Average processing time of GrabImageRGBD(): 8.8978ms
Frame 862 end
Average processing time of GrabImageRGBD(): 8.89172ms
Frame 863 end
Average processing time of GrabImageRGBD(): 8.88587ms
Frame 864 end
Average processing time of GrabImageRGBD(): 8.87938ms
Frame 865 end
Average processing time of GrabImageRGBD(): 8.87896ms
Frame 866 end
Average processing time of GrabImageRGBD(): 8.87269ms
Frame 867 end
Average processing time of GrabImageRGBD(): 8.87158ms
Frame 868 end
Average processing time of GrabImageRGBD(): 8.87034ms
Frame 869 end
Average processing time of GrabImageRGBD(): 8.86572ms
Frame 870 end
Average processing time of GrabImageRGBD(): 8.86445ms
Frame 871 end
Average processing time of GrabImageRGBD(): 8.86288ms
Frame 872 end
Average processing time of GrabImageRGBD(): 8.85927ms
Frame 873 end
Average processing time of GrabImageRGBD(): 8.88567ms
Frame 874 end
Average processing time of GrabImageRGBD(): 8.8809ms
Frame 875 end
Average processing time of GrabImageRGBD(): 8.8791ms
Frame 876 end
Average processing time of GrabImageRGBD(): 8.87871ms
Frame 877 end
Average processing time of GrabImageRGBD(): 8.87862ms
Frame 878 end
Average processing time of GrabImageRGBD(): 8.87277ms
Frame 879 end
Average processing time of GrabImageRGBD(): 8.8708ms
Frame 880 end
Average processing time of GrabImageRGBD(): 8.86956ms
Frame 881 end
Average processing time of GrabImageRGBD(): 8.86775ms
Frame 882 end
Average processing time of GrabImageRGBD(): 8.86133ms
Frame 883 end
Average processing time of GrabImageRGBD(): 8.85984ms
Frame 884 end
Average processing time of GrabImageRGBD(): 8.85325ms
Frame 885 end
Average processing time of GrabImageRGBD(): 8.85181ms
Frame 886 end
Average processing time of GrabImageRGBD(): 8.84844ms
Frame 887 end
Average processing time of GrabImageRGBD(): 8.87002ms
Frame 888 end
Average processing time of GrabImageRGBD(): 8.87196ms
Frame 889 end
Average processing time of GrabImageRGBD(): 8.86555ms
Frame 890 end
Average processing time of GrabImageRGBD(): 8.86212ms
Frame 891 end
Average processing time of GrabImageRGBD(): 8.85578ms
Frame 892 end
Average processing time of GrabImageRGBD(): 8.85357ms
Frame 893 end
Average processing time of GrabImageRGBD(): 8.85137ms
Frame 894 end
Average processing time of GrabImageRGBD(): 8.84512ms
Frame 895 end
Average processing time of GrabImageRGBD(): 8.84332ms
Frame 896 end
Average processing time of GrabImageRGBD(): 8.84057ms
Frame 897 end
Average processing time of GrabImageRGBD(): 8.83851ms
Frame 898 end
Average processing time of GrabImageRGBD(): 8.83551ms
Frame 899 end
Average processing time of GrabImageRGBD(): 8.83245ms
Frame 900 end
Average processing time of GrabImageRGBD(): 8.82691ms
Frame 901 end
Average processing time of GrabImageRGBD(): 8.82261ms
Frame 902 end
Average processing time of GrabImageRGBD(): 8.85301ms
Frame 903 end
Average processing time of GrabImageRGBD(): 8.84829ms
Frame 904 end
Average processing time of GrabImageRGBD(): 8.84684ms
Frame 905 end
Average processing time of GrabImageRGBD(): 8.84134ms
Frame 906 end
Average processing time of GrabImageRGBD(): 8.83989ms
Frame 907 end
Average processing time of GrabImageRGBD(): 8.83866ms
Frame 908 end
Average processing time of GrabImageRGBD(): 8.83634ms
Frame 909 end
Average processing time of GrabImageRGBD(): 8.8337ms
Frame 910 end
Average processing time of GrabImageRGBD(): 8.82767ms
Frame 911 end
Average processing time of GrabImageRGBD(): 8.82507ms
Frame 912 end
Average processing time of GrabImageRGBD(): 8.82245ms
Frame 913 end
Average processing time of GrabImageRGBD(): 8.81618ms
Frame 914 end
Average processing time of GrabImageRGBD(): 8.81004ms
Frame 915 end
Average processing time of GrabImageRGBD(): 8.80383ms
Frame 916 end
Average processing time of GrabImageRGBD(): 8.80086ms
Frame 917 end
Average processing time of GrabImageRGBD(): 8.82204ms
Frame 918 end
Average processing time of GrabImageRGBD(): 8.82242ms
Frame 919 end
Average processing time of GrabImageRGBD(): 8.81681ms
Frame 920 end
Average processing time of GrabImageRGBD(): 8.81525ms
Frame 921 end
Average processing time of GrabImageRGBD(): 8.80928ms
Frame 922 end
Average processing time of GrabImageRGBD(): 8.80736ms
Frame 923 end
Average processing time of GrabImageRGBD(): 8.80512ms
Frame 924 end
Average processing time of GrabImageRGBD(): 8.80301ms
Frame 925 end
Average processing time of GrabImageRGBD(): 8.7969ms
Frame 926 end
Average processing time of GrabImageRGBD(): 8.79366ms
Frame 927 end
Average processing time of GrabImageRGBD(): 8.78778ms
Frame 928 end
Average processing time of GrabImageRGBD(): 8.78309ms
Frame 929 end
Average processing time of GrabImageRGBD(): 8.77698ms
Frame 930 end
Average processing time of GrabImageRGBD(): 8.7728ms
Frame 931 end
Average processing time of GrabImageRGBD(): 8.76906ms
Frame 932 end
Average processing time of GrabImageRGBD(): 8.79112ms
Frame 933 end
Average processing time of GrabImageRGBD(): 8.78719ms
Frame 934 end
Average processing time of GrabImageRGBD(): 8.78227ms
Frame 935 end
Average processing time of GrabImageRGBD(): 8.78137ms
Frame 936 end
Average processing time of GrabImageRGBD(): 8.77619ms
Frame 937 end
Average processing time of GrabImageRGBD(): 8.77034ms
Frame 938 end
Average processing time of GrabImageRGBD(): 8.76411ms
Frame 939 end
Average processing time of GrabImageRGBD(): 8.75888ms
Frame 940 end
Average processing time of GrabImageRGBD(): 8.75683ms
Frame 941 end
Average processing time of GrabImageRGBD(): 8.75507ms
Frame 942 end
Average processing time of GrabImageRGBD(): 8.74941ms
Frame 943 end
Average processing time of GrabImageRGBD(): 8.74314ms
Frame 944 end
Average processing time of GrabImageRGBD(): 8.74048ms
Frame 945 end
Average processing time of GrabImageRGBD(): 8.73634ms
Frame 946 end
Average processing time of GrabImageRGBD(): 8.73066ms
Frame 947 end
Average processing time of GrabImageRGBD(): 8.72448ms
Frame 948 end
Average processing time of GrabImageRGBD(): 8.72097ms
Frame 949 end
Average processing time of GrabImageRGBD(): 8.74194ms
Frame 950 end
Average processing time of GrabImageRGBD(): 8.74139ms
Frame 951 end
Average processing time of GrabImageRGBD(): 8.73947ms
Frame 952 end
Average processing time of GrabImageRGBD(): 8.73864ms
Frame 953 end
Average processing time of GrabImageRGBD(): 8.73729ms
Frame 954 end
Average processing time of GrabImageRGBD(): 8.73307ms
Frame 955 end
Average processing time of GrabImageRGBD(): 8.73156ms
Frame 956 end
Average processing time of GrabImageRGBD(): 8.72943ms
Frame 957 end
Average processing time of GrabImageRGBD(): 8.7274ms
Frame 958 end
Average processing time of GrabImageRGBD(): 8.72153ms
Frame 959 end
Average processing time of GrabImageRGBD(): 8.71565ms
Frame 960 end
Average processing time of GrabImageRGBD(): 8.73626ms
Frame 961 end
Average processing time of GrabImageRGBD(): 8.736ms
Frame 962 end
Average processing time of GrabImageRGBD(): 8.73596ms
Frame 963 end
Average processing time of GrabImageRGBD(): 8.73577ms
Frame 964 end
Average processing time of GrabImageRGBD(): 8.73039ms
Frame 965 end
Average processing time of GrabImageRGBD(): 8.73032ms
Frame 966 end
Average processing time of GrabImageRGBD(): 8.72722ms
Frame 967 end
Average processing time of GrabImageRGBD(): 8.72705ms
Frame 968 end
Average processing time of GrabImageRGBD(): 8.72316ms
Frame 969 end
Average processing time of GrabImageRGBD(): 8.74193ms
Frame 970 end
Average processing time of GrabImageRGBD(): 8.74295ms
Frame 971 end
Average processing time of GrabImageRGBD(): 8.73727ms
Frame 972 end
Average processing time of GrabImageRGBD(): 8.73385ms
Frame 973 end
Average processing time of GrabImageRGBD(): 8.73458ms
Frame 974 end
Average processing time of GrabImageRGBD(): 8.72935ms
Frame 975 end
Average processing time of GrabImageRGBD(): 8.72564ms
Frame 976 end
Average processing time of GrabImageRGBD(): 8.72017ms
Frame 977 end
Average processing time of GrabImageRGBD(): 8.71822ms
Frame 978 end
Average processing time of GrabImageRGBD(): 8.73819ms
Frame 979 end
Average processing time of GrabImageRGBD(): 8.73955ms
Frame 980 end
Average processing time of GrabImageRGBD(): 8.73956ms
Frame 981 end
Average processing time of GrabImageRGBD(): 8.7416ms
Frame 982 end
Average processing time of GrabImageRGBD(): 8.73623ms
Frame 983 end
Average processing time of GrabImageRGBD(): 8.73565ms
Frame 984 end
Average processing time of GrabImageRGBD(): 8.73455ms
Frame 985 end
Average processing time of GrabImageRGBD(): 8.73284ms
Frame 986 end
Average processing time of GrabImageRGBD(): 8.75478ms
Frame 987 end
Average processing time of GrabImageRGBD(): 8.75486ms
Frame 988 end
Average processing time of GrabImageRGBD(): 8.75396ms
Frame 989 end
Average processing time of GrabImageRGBD(): 8.7532ms
Frame 990 end
Average processing time of GrabImageRGBD(): 8.7525ms
Frame 991 end
Average processing time of GrabImageRGBD(): 8.75147ms
Frame 992 end
Average processing time of GrabImageRGBD(): 8.75049ms
Frame 993 end
Average processing time of GrabImageRGBD(): 8.74943ms
Frame 994 end
Average processing time of GrabImageRGBD(): 8.76756ms
Frame 995 end
Average processing time of GrabImageRGBD(): 8.76831ms
Frame 996 end
Average processing time of GrabImageRGBD(): 8.76385ms
Frame 997 end
Average processing time of GrabImageRGBD(): 8.76369ms
Frame 998 end
Average processing time of GrabImageRGBD(): 8.76322ms
Frame 999 end
Average processing time of GrabImageRGBD(): 8.75796ms
Frame 1000 end
Average processing time of GrabImageRGBD(): 8.75681ms
Frame 1001 end
Average processing time of GrabImageRGBD(): 8.77459ms
Frame 1002 end
Average processing time of GrabImageRGBD(): 8.7714ms
Frame 1003 end
Average processing time of GrabImageRGBD(): 8.76754ms
Frame 1004 end
Average processing time of GrabImageRGBD(): 8.76763ms
Frame 1005 end
Average processing time of GrabImageRGBD(): 8.76258ms
Frame 1006 end
Average processing time of GrabImageRGBD(): 8.76146ms
Frame 1007 end
Average processing time of GrabImageRGBD(): 8.75793ms
Frame 1008 end
Average processing time of GrabImageRGBD(): 8.75528ms
Frame 1009 end
Average processing time of GrabImageRGBD(): 8.75422ms
Frame 1010 end
Average processing time of GrabImageRGBD(): 8.77408ms
Frame 1011 end
Average processing time of GrabImageRGBD(): 8.77337ms
Frame 1012 end
Average processing time of GrabImageRGBD(): 8.77119ms
Frame 1013 end
Average processing time of GrabImageRGBD(): 8.76561ms
Frame 1014 end
Average processing time of GrabImageRGBD(): 8.76347ms
Frame 1015 end
Average processing time of GrabImageRGBD(): 8.78058ms
Frame 1016 end
Average processing time of GrabImageRGBD(): 8.77885ms
Frame 1017 end
Average processing time of GrabImageRGBD(): 8.77363ms
Frame 1018 end
Average processing time of GrabImageRGBD(): 8.76821ms
Frame 1019 end
Average processing time of GrabImageRGBD(): 8.76415ms
Frame 1020 end
Average processing time of GrabImageRGBD(): 8.75895ms
Frame 1021 end
Average processing time of GrabImageRGBD(): 8.77649ms
Frame 1022 end
Average processing time of GrabImageRGBD(): 8.77372ms
Frame 1023 end
Average processing time of GrabImageRGBD(): 8.77246ms
Frame 1024 end
Average processing time of GrabImageRGBD(): 8.76714ms
Frame 1025 end
Average processing time of GrabImageRGBD(): 8.76537ms
Frame 1026 end
Average processing time of GrabImageRGBD(): 8.75984ms
Frame 1027 end
Average processing time of GrabImageRGBD(): 8.77781ms
Frame 1028 end
Average processing time of GrabImageRGBD(): 8.77612ms
Frame 1029 end
Average processing time of GrabImageRGBD(): 8.7729ms
Frame 1030 end
Average processing time of GrabImageRGBD(): 8.76766ms
Frame 1031 end
Average processing time of GrabImageRGBD(): 8.76629ms
Frame 1032 end
Average processing time of GrabImageRGBD(): 8.76092ms
Frame 1033 end
Average processing time of GrabImageRGBD(): 8.75549ms
Frame 1034 end
Average processing time of GrabImageRGBD(): 8.7539ms
Frame 1035 end
Average processing time of GrabImageRGBD(): 8.75161ms
Frame 1036 end
Average processing time of GrabImageRGBD(): 8.74635ms
Frame 1037 end
Average processing time of GrabImageRGBD(): 8.76669ms
Frame 1038 end
Average processing time of GrabImageRGBD(): 8.76484ms
Frame 1039 end
Average processing time of GrabImageRGBD(): 8.75978ms
Frame 1040 end
Average processing time of GrabImageRGBD(): 8.75876ms
Frame 1041 end
Average processing time of GrabImageRGBD(): 8.7535ms
Frame 1042 end
Average processing time of GrabImageRGBD(): 8.74862ms
Frame 1043 end
Average processing time of GrabImageRGBD(): 8.74448ms
Frame 1044 end
Average processing time of GrabImageRGBD(): 8.73953ms
Frame 1045 end
Average processing time of GrabImageRGBD(): 8.73827ms
Frame 1046 end
Average processing time of GrabImageRGBD(): 8.73234ms
Frame 1047 end
Average processing time of GrabImageRGBD(): 8.75145ms
Frame 1048 end
Average processing time of GrabImageRGBD(): 8.75145ms
Frame 1049 end
Average processing time of GrabImageRGBD(): 8.75147ms
Frame 1050 end
Average processing time of GrabImageRGBD(): 8.75053ms
Frame 1051 end
Average processing time of GrabImageRGBD(): 8.74921ms
Frame 1052 end
Average processing time of GrabImageRGBD(): 8.74595ms
Frame 1053 end
Average processing time of GrabImageRGBD(): 8.74413ms
Frame 1054 end
Average processing time of GrabImageRGBD(): 8.74149ms
Frame 1055 end
Average processing time of GrabImageRGBD(): 8.73596ms
Frame 1056 end
Average processing time of GrabImageRGBD(): 8.73082ms
Frame 1057 end
Average processing time of GrabImageRGBD(): 8.7295ms
Frame 1058 end
Average processing time of GrabImageRGBD(): 8.72767ms
Frame 1059 end
Average processing time of GrabImageRGBD(): 8.74801ms
Frame 1060 end
Average processing time of GrabImageRGBD(): 8.74839ms
Frame 1061 end
Average processing time of GrabImageRGBD(): 8.74333ms
Frame 1062 end
Average processing time of GrabImageRGBD(): 8.74151ms
Frame 1063 end
Average processing time of GrabImageRGBD(): 8.7363ms
Frame 1064 end
Average processing time of GrabImageRGBD(): 8.73202ms
Frame 1065 end
Average processing time of GrabImageRGBD(): 8.72706ms
Frame 1066 end
Average processing time of GrabImageRGBD(): 8.72185ms
Frame 1067 end
Average processing time of GrabImageRGBD(): 8.72027ms
Frame 1068 end
Average processing time of GrabImageRGBD(): 8.71517ms
Frame 1069 end
Average processing time of GrabImageRGBD(): 8.71168ms
Frame 1070 end
Average processing time of GrabImageRGBD(): 8.70988ms
Frame 1071 end
Average processing time of GrabImageRGBD(): 8.70842ms
Frame 1072 end
Average processing time of GrabImageRGBD(): 8.70342ms
Frame 1073 end
Average processing time of GrabImageRGBD(): 8.69813ms
Frame 1074 end
Average processing time of GrabImageRGBD(): 8.69487ms
Frame 1075 end
Average processing time of GrabImageRGBD(): 8.71567ms
Frame 1076 end
Average processing time of GrabImageRGBD(): 8.71146ms
Frame 1077 end
Average processing time of GrabImageRGBD(): 8.71123ms
Frame 1078 end
Average processing time of GrabImageRGBD(): 8.71177ms
Frame 1079 end
Average processing time of GrabImageRGBD(): 8.71153ms
Frame 1080 end
Average processing time of GrabImageRGBD(): 8.71082ms
Frame 1081 end
Average processing time of GrabImageRGBD(): 8.7059ms
Frame 1082 end
Average processing time of GrabImageRGBD(): 8.70527ms
Frame 1083 end
Average processing time of GrabImageRGBD(): 8.70042ms
Frame 1084 end
Average processing time of GrabImageRGBD(): 8.69566ms
Frame 1085 end
Average processing time of GrabImageRGBD(): 8.69359ms
Frame 1086 end
Average processing time of GrabImageRGBD(): 8.68852ms
Frame 1087 end
Average processing time of GrabImageRGBD(): 8.68513ms
Frame 1088 end
Average processing time of GrabImageRGBD(): 8.68125ms
Frame 1089 end
Average processing time of GrabImageRGBD(): 8.67677ms
Frame 1090 end
Average processing time of GrabImageRGBD(): 8.67588ms
Frame 1091 end
Average processing time of GrabImageRGBD(): 8.67341ms
Frame 1092 end
Average processing time of GrabImageRGBD(): 8.67241ms
Frame 1093 end
Average processing time of GrabImageRGBD(): 8.66761ms
Frame 1094 end
Average processing time of GrabImageRGBD(): 8.66608ms
Frame 1095 end
Average processing time of GrabImageRGBD(): 8.68724ms
Frame 1096 end
Average processing time of GrabImageRGBD(): 8.68299ms
Frame 1097 end
Average processing time of GrabImageRGBD(): 8.68227ms
Frame 1098 end
Average processing time of GrabImageRGBD(): 8.67751ms
Frame 1099 end
Average processing time of GrabImageRGBD(): 8.67265ms
Frame 1100 end
Average processing time of GrabImageRGBD(): 8.67161ms
Frame 1101 end
Average processing time of GrabImageRGBD(): 8.66663ms
Frame 1102 end
Average processing time of GrabImageRGBD(): 8.66434ms
Frame 1103 end
Average processing time of GrabImageRGBD(): 8.659ms
Frame 1104 end
Average processing time of GrabImageRGBD(): 8.6542ms
Frame 1105 end
Average processing time of GrabImageRGBD(): 8.65004ms
Frame 1106 end
Average processing time of GrabImageRGBD(): 8.64484ms
Frame 1107 end
Average processing time of GrabImageRGBD(): 8.64084ms
Frame 1108 end
Average processing time of GrabImageRGBD(): 8.63951ms
Frame 1109 end
Average processing time of GrabImageRGBD(): 8.63647ms
Frame 1110 end
Average processing time of GrabImageRGBD(): 8.63534ms
Frame 1111 end
Average processing time of GrabImageRGBD(): 8.63027ms
Frame 1112 end
Average processing time of GrabImageRGBD(): 8.62545ms
Frame 1113 end
Average processing time of GrabImageRGBD(): 8.62044ms
Frame 1114 end
Average processing time of GrabImageRGBD(): 8.61573ms
Frame 1115 end
Average processing time of GrabImageRGBD(): 8.61276ms
Frame 1116 end
Average processing time of GrabImageRGBD(): 8.63051ms
Frame 1117 end
Average processing time of GrabImageRGBD(): 8.63078ms
Frame 1118 end
Average processing time of GrabImageRGBD(): 8.63036ms
Frame 1119 end
Average processing time of GrabImageRGBD(): 8.62955ms
Frame 1120 end
Average processing time of GrabImageRGBD(): 8.6287ms
Frame 1121 end
Average processing time of GrabImageRGBD(): 8.62786ms
Frame 1122 end
Average processing time of GrabImageRGBD(): 8.6229ms
Frame 1123 end
Average processing time of GrabImageRGBD(): 8.61806ms
Frame 1124 end
Average processing time of GrabImageRGBD(): 8.61361ms
Frame 1125 end
Average processing time of GrabImageRGBD(): 8.6096ms
Frame 1126 end
Average processing time of GrabImageRGBD(): 8.60847ms
Frame 1127 end
Average processing time of GrabImageRGBD(): 8.60384ms
Frame 1128 end
Average processing time of GrabImageRGBD(): 8.59947ms
Frame 1129 end
Average processing time of GrabImageRGBD(): 8.59479ms
Frame 1130 end
Average processing time of GrabImageRGBD(): 8.59372ms
Frame 1131 end
Average processing time of GrabImageRGBD(): 8.59243ms
Frame 1132 end
Average processing time of GrabImageRGBD(): 8.59143ms
Frame 1133 end
Average processing time of GrabImageRGBD(): 8.59056ms
Frame 1134 end
Average processing time of GrabImageRGBD(): 8.58563ms
Frame 1135 end
Average processing time of GrabImageRGBD(): 8.60357ms
Frame 1136 end
Average processing time of GrabImageRGBD(): 8.60455ms
Frame 1137 end
Average processing time of GrabImageRGBD(): 8.60438ms
Frame 1138 end
Average processing time of GrabImageRGBD(): 8.60326ms
Frame 1139 end
Average processing time of GrabImageRGBD(): 8.5986ms
Frame 1140 end
Average processing time of GrabImageRGBD(): 8.59755ms
Frame 1141 end
Average processing time of GrabImageRGBD(): 8.59524ms
Frame 1142 end
Average processing time of GrabImageRGBD(): 8.5939ms
Frame 1143 end
Average processing time of GrabImageRGBD(): 8.58912ms
Frame 1144 end
Average processing time of GrabImageRGBD(): 8.58794ms
Frame 1145 end
Average processing time of GrabImageRGBD(): 8.58703ms
Frame 1146 end
Average processing time of GrabImageRGBD(): 8.58263ms
Frame 1147 end
Average processing time of GrabImageRGBD(): 8.57862ms
Frame 1148 end
Average processing time of GrabImageRGBD(): 8.57748ms
Frame 1149 end
Average processing time of GrabImageRGBD(): 8.57593ms
Frame 1150 end
Average processing time of GrabImageRGBD(): 8.57117ms
Frame 1151 end
Average processing time of GrabImageRGBD(): 8.56654ms
Frame 1152 end
Average processing time of GrabImageRGBD(): 8.56507ms
Frame 1153 end
Average processing time of GrabImageRGBD(): 8.56232ms
Frame 1154 end
Average processing time of GrabImageRGBD(): 8.55768ms
Frame 1155 end
Average processing time of GrabImageRGBD(): 8.55728ms
Frame 1156 end
Average processing time of GrabImageRGBD(): 8.57671ms
Frame 1157 end
Average processing time of GrabImageRGBD(): 8.57943ms
Frame 1158 end
Average processing time of GrabImageRGBD(): 8.58105ms
Frame 1159 end
Average processing time of GrabImageRGBD(): 8.58073ms
Frame 1160 end
Average processing time of GrabImageRGBD(): 8.57984ms
Frame 1161 end
Average processing time of GrabImageRGBD(): 8.57937ms
Frame 1162 end
Average processing time of GrabImageRGBD(): 8.57532ms
Frame 1163 end
Average processing time of GrabImageRGBD(): 8.57218ms
Frame 1164 end
Average processing time of GrabImageRGBD(): 8.56771ms
Frame 1165 end
Average processing time of GrabImageRGBD(): 8.56691ms
Frame 1166 end
Average processing time of GrabImageRGBD(): 8.56261ms
Frame 1167 end
Average processing time of GrabImageRGBD(): 8.55913ms
Frame 1168 end
Average processing time of GrabImageRGBD(): 8.55428ms
Frame 1169 end
Average processing time of GrabImageRGBD(): 8.5517ms
Frame 1170 end
Average processing time of GrabImageRGBD(): 8.54958ms
Frame 1171 end
Average processing time of GrabImageRGBD(): 8.54857ms
Frame 1172 end
Average processing time of GrabImageRGBD(): 8.5475ms
Frame 1173 end
Average processing time of GrabImageRGBD(): 8.54377ms
Frame 1174 end
Average processing time of GrabImageRGBD(): 8.54255ms
Frame 1175 end
Average processing time of GrabImageRGBD(): 8.54109ms
Frame 1176 end
Average processing time of GrabImageRGBD(): 8.56077ms
Frame 1177 end
Average processing time of GrabImageRGBD(): 8.55976ms
Frame 1178 end
Average processing time of GrabImageRGBD(): 8.55892ms
Frame 1179 end
Average processing time of GrabImageRGBD(): 8.5559ms
Frame 1180 end
Average processing time of GrabImageRGBD(): 8.55202ms
Frame 1181 end
Average processing time of GrabImageRGBD(): 8.54767ms
Frame 1182 end
Average processing time of GrabImageRGBD(): 8.54383ms
Frame 1183 end
Average processing time of GrabImageRGBD(): 8.5422ms
Frame 1184 end
Average processing time of GrabImageRGBD(): 8.53899ms
Frame 1185 end
Average processing time of GrabImageRGBD(): 8.53477ms
Frame 1186 end
Average processing time of GrabImageRGBD(): 8.53309ms
Frame 1187 end
Average processing time of GrabImageRGBD(): 8.53138ms
Frame 1188 end
Average processing time of GrabImageRGBD(): 8.52964ms
Frame 1189 end
Average processing time of GrabImageRGBD(): 8.52512ms
Frame 1190 end
Average processing time of GrabImageRGBD(): 8.52061ms
Frame 1191 end
Average processing time of GrabImageRGBD(): 8.51884ms
Frame 1192 end
Average processing time of GrabImageRGBD(): 8.5176ms
Frame 1193 end
Average processing time of GrabImageRGBD(): 8.51381ms
Frame 1194 end
Average processing time of GrabImageRGBD(): 8.53071ms
Frame 1195 end
Average processing time of GrabImageRGBD(): 8.53173ms
Frame 1196 end
Average processing time of GrabImageRGBD(): 8.5285ms
Frame 1197 end
Average processing time of GrabImageRGBD(): 8.52837ms
Frame 1198 end
Average processing time of GrabImageRGBD(): 8.52815ms
Frame 1199 end
Average processing time of GrabImageRGBD(): 8.52383ms
Frame 1200 end
Average processing time of GrabImageRGBD(): 8.52349ms
Frame 1201 end
Average processing time of GrabImageRGBD(): 8.52087ms
Frame 1202 end
Average processing time of GrabImageRGBD(): 8.5168ms
Frame 1203 end
Average processing time of GrabImageRGBD(): 8.51794ms
Frame 1204 end
Average processing time of GrabImageRGBD(): 8.51372ms
Frame 1205 end
Average processing time of GrabImageRGBD(): 8.50946ms
Frame 1206 end
Average processing time of GrabImageRGBD(): 8.50881ms
Frame 1207 end
Average processing time of GrabImageRGBD(): 8.5083ms
Frame 1208 end
Average processing time of GrabImageRGBD(): 8.50782ms
Frame 1209 end
Average processing time of GrabImageRGBD(): 8.50753ms
Frame 1210 end
Average processing time of GrabImageRGBD(): 8.50664ms
Frame 1211 end
Average processing time of GrabImageRGBD(): 8.50628ms
Frame 1212 end
Average processing time of GrabImageRGBD(): 8.50575ms
Frame 1213 end
Average processing time of GrabImageRGBD(): 8.52252ms
Frame 1214 end
Average processing time of GrabImageRGBD(): 8.52354ms
Frame 1215 end
Average processing time of GrabImageRGBD(): 8.5192ms
Frame 1216 end
Average processing time of GrabImageRGBD(): 8.51856ms
Frame 1217 end
Average processing time of GrabImageRGBD(): 8.51779ms
Frame 1218 end
Average processing time of GrabImageRGBD(): 8.51513ms
Frame 1219 end
Average processing time of GrabImageRGBD(): 8.51489ms
Frame 1220 end
Average processing time of GrabImageRGBD(): 8.51069ms
Frame 1221 end
Average processing time of GrabImageRGBD(): 8.50973ms
Frame 1222 end
Average processing time of GrabImageRGBD(): 8.50861ms
Frame 1223 end
Average processing time of GrabImageRGBD(): 8.50755ms
Frame 1224 end
Average processing time of GrabImageRGBD(): 8.50418ms
Frame 1225 end
Average processing time of GrabImageRGBD(): 8.50385ms
Frame 1226 end
Average processing time of GrabImageRGBD(): 8.50227ms
Frame 1227 end
Average processing time of GrabImageRGBD(): 8.50166ms
Frame 1228 end
Average processing time of GrabImageRGBD(): 8.49711ms
Frame 1229 end
Average processing time of GrabImageRGBD(): 8.49605ms
Frame 1230 end
Average processing time of GrabImageRGBD(): 8.49205ms
Frame 1231 end
Average processing time of GrabImageRGBD(): 8.49068ms
Frame 1232 end
Average processing time of GrabImageRGBD(): 8.48927ms
Frame 1233 end
Average processing time of GrabImageRGBD(): 8.50736ms
Frame 1234 end
Average processing time of GrabImageRGBD(): 8.50781ms
Frame 1235 end
Average processing time of GrabImageRGBD(): 8.50351ms
Frame 1236 end
Average processing time of GrabImageRGBD(): 8.50291ms
Frame 1237 end
Average processing time of GrabImageRGBD(): 8.50229ms
Frame 1238 end
Average processing time of GrabImageRGBD(): 8.50035ms
Frame 1239 end
Average processing time of GrabImageRGBD(): 8.49769ms
Frame 1240 end
Average processing time of GrabImageRGBD(): 8.49674ms
Frame 1241 end
Average processing time of GrabImageRGBD(): 8.49309ms
Frame 1242 end
Average processing time of GrabImageRGBD(): 8.4911ms
Frame 1243 end
Average processing time of GrabImageRGBD(): 8.48691ms
Frame 1244 end
Average processing time of GrabImageRGBD(): 8.48267ms
Frame 1245 end
Average processing time of GrabImageRGBD(): 8.48148ms
Frame 1246 end
Average processing time of GrabImageRGBD(): 8.48069ms
Frame 1247 end
Average processing time of GrabImageRGBD(): 8.4784ms
Frame 1248 end
Average processing time of GrabImageRGBD(): 8.4773ms
Frame 1249 end
Average processing time of GrabImageRGBD(): 8.47503ms
Frame 1250 end
Average processing time of GrabImageRGBD(): 8.47218ms
Frame 1251 end
Average processing time of GrabImageRGBD(): 8.46999ms
Frame 1252 end
Average processing time of GrabImageRGBD(): 8.46557ms
Frame 1253 end
Average processing time of GrabImageRGBD(): 8.48316ms
Frame 1254 end
Average processing time of GrabImageRGBD(): 8.4799ms
Frame 1255 end
Average processing time of GrabImageRGBD(): 8.47907ms
Frame 1256 end
Average processing time of GrabImageRGBD(): 8.47488ms
Frame 1257 end
Average processing time of GrabImageRGBD(): 8.47449ms
Frame 1258 end
Average processing time of GrabImageRGBD(): 8.47284ms
Frame 1259 end
Average processing time of GrabImageRGBD(): 8.46856ms
Frame 1260 end
Average processing time of GrabImageRGBD(): 8.46783ms
Frame 1261 end
Average processing time of GrabImageRGBD(): 8.46715ms
Frame 1262 end
Average processing time of GrabImageRGBD(): 8.46328ms
Frame 1263 end
Average processing time of GrabImageRGBD(): 8.45986ms
Frame 1264 end
Average processing time of GrabImageRGBD(): 8.45584ms
Frame 1265 end
Average processing time of GrabImageRGBD(): 8.45504ms
Frame 1266 end
Average processing time of GrabImageRGBD(): 8.45224ms
Frame 1267 end
Average processing time of GrabImageRGBD(): 8.44891ms
Frame 1268 end
Average processing time of GrabImageRGBD(): 8.44501ms
Frame 1269 end
Average processing time of GrabImageRGBD(): 8.46242ms
Frame 1270 end
Average processing time of GrabImageRGBD(): 8.46012ms
Frame 1271 end
Average processing time of GrabImageRGBD(): 8.45924ms
Frame 1272 end
Average processing time of GrabImageRGBD(): 8.45846ms
Frame 1273 end
Average processing time of GrabImageRGBD(): 8.45757ms
Frame 1274 end
Average processing time of GrabImageRGBD(): 8.4567ms
Frame 1275 end
Average processing time of GrabImageRGBD(): 8.45586ms
Frame 1276 end
Average processing time of GrabImageRGBD(): 8.45457ms
Frame 1277 end
Average processing time of GrabImageRGBD(): 8.45024ms
Frame 1278 end
Average processing time of GrabImageRGBD(): 8.44614ms
Frame 1279 end
Average processing time of GrabImageRGBD(): 8.44495ms
Frame 1280 end
Average processing time of GrabImageRGBD(): 8.44095ms
Frame 1281 end
Average processing time of GrabImageRGBD(): 8.43958ms
Frame 1282 end
Average processing time of GrabImageRGBD(): 8.43826ms
Frame 1283 end
Average processing time of GrabImageRGBD(): 8.43782ms
Frame 1284 end
Average processing time of GrabImageRGBD(): 8.43367ms
Frame 1285 end
Average processing time of GrabImageRGBD(): 8.4293ms
Frame 1286 end
Average processing time of GrabImageRGBD(): 8.44511ms
Frame 1287 end
Average processing time of GrabImageRGBD(): 8.44756ms
Frame 1288 end
Average processing time of GrabImageRGBD(): 8.44665ms
Frame 1289 end
Average processing time of GrabImageRGBD(): 8.44382ms
Frame 1290 end
Average processing time of GrabImageRGBD(): 8.44317ms
Frame 1291 end
Average processing time of GrabImageRGBD(): 8.44367ms
Frame 1292 end
Average processing time of GrabImageRGBD(): 8.44436ms
Frame 1293 end
Average processing time of GrabImageRGBD(): 8.44537ms
Frame 1294 end
Average processing time of GrabImageRGBD(): 8.4457ms
Frame 1295 end
Average processing time of GrabImageRGBD(): 8.44627ms
Frame 1296 end
Average processing time of GrabImageRGBD(): 8.44555ms
Frame 1297 end
Average processing time of GrabImageRGBD(): 8.44477ms
Frame 1298 end
Average processing time of GrabImageRGBD(): 8.44277ms
Frame 1299 end
Average processing time of GrabImageRGBD(): 8.44138ms
Frame 1300 end
Average processing time of GrabImageRGBD(): 8.43979ms
Frame 1301 end
Average processing time of GrabImageRGBD(): 8.43581ms
Frame 1302 end
Average processing time of GrabImageRGBD(): 8.43184ms
Frame 1303 end
Average processing time of GrabImageRGBD(): 8.43002ms
Frame 1304 end
Average processing time of GrabImageRGBD(): 8.44659ms
Frame 1305 end
Average processing time of GrabImageRGBD(): 8.44661ms
Frame 1306 end
Average processing time of GrabImageRGBD(): 8.44508ms
Frame 1307 end
Average processing time of GrabImageRGBD(): 8.44299ms
Frame 1308 end
Average processing time of GrabImageRGBD(): 8.44033ms
Frame 1309 end
Average processing time of GrabImageRGBD(): 8.43715ms
Frame 1310 end
Average processing time of GrabImageRGBD(): 8.43316ms
Frame 1311 end
Average processing time of GrabImageRGBD(): 8.43203ms
Frame 1312 end
Average processing time of GrabImageRGBD(): 8.42798ms
Frame 1313 end
Average processing time of GrabImageRGBD(): 8.42578ms
Frame 1314 end
Average processing time of GrabImageRGBD(): 8.42419ms
Frame 1315 end
Average processing time of GrabImageRGBD(): 8.42084ms
Frame 1316 end
Average processing time of GrabImageRGBD(): 8.41682ms
Frame 1317 end
Average processing time of GrabImageRGBD(): 8.41327ms
Frame 1318 end
Average processing time of GrabImageRGBD(): 8.41159ms
Frame 1319 end
Average processing time of GrabImageRGBD(): 8.41073ms
Frame 1320 end
Average processing time of GrabImageRGBD(): 8.40937ms
Frame 1321 end
Average processing time of GrabImageRGBD(): 8.42549ms
Frame 1322 end
Average processing time of GrabImageRGBD(): 8.42824ms
Frame 1323 end
Average processing time of GrabImageRGBD(): 8.4287ms
Frame 1324 end
Average processing time of GrabImageRGBD(): 8.4288ms
Frame 1325 end
Average processing time of GrabImageRGBD(): 8.42959ms
Frame 1326 end
Average processing time of GrabImageRGBD(): 8.42648ms
Frame 1327 end
Average processing time of GrabImageRGBD(): 8.42616ms
Frame 1328 end
Average processing time of GrabImageRGBD(): 8.42647ms
Frame 1329 end
Average processing time of GrabImageRGBD(): 8.42632ms
Frame 1330 end
Average processing time of GrabImageRGBD(): 8.42612ms
Frame 1331 end
Average processing time of GrabImageRGBD(): 8.42598ms
Frame 1332 end
Average processing time of GrabImageRGBD(): 8.42234ms
Frame 1333 end
Average processing time of GrabImageRGBD(): 8.42176ms
Frame 1334 end
Average processing time of GrabImageRGBD(): 8.4217ms
Frame 1335 end
Average processing time of GrabImageRGBD(): 8.42154ms
Frame 1336 end
Average processing time of GrabImageRGBD(): 8.42122ms
Frame 1337 end
Average processing time of GrabImageRGBD(): 8.42037ms
Frame 1338 end
Average processing time of GrabImageRGBD(): 8.41998ms
Frame 1339 end
Average processing time of GrabImageRGBD(): 8.43645ms
Frame 1340 end
Average processing time of GrabImageRGBD(): 8.43392ms
Frame 1341 end
Average processing time of GrabImageRGBD(): 8.43ms
Frame 1342 end
Average processing time of GrabImageRGBD(): 8.42925ms
Frame 1343 end
Average processing time of GrabImageRGBD(): 8.42705ms
Frame 1344 end
Average processing time of GrabImageRGBD(): 8.42531ms
Frame 1345 end
Average processing time of GrabImageRGBD(): 8.42379ms
Frame 1346 end
Average processing time of GrabImageRGBD(): 8.42197ms
Frame 1347 end
Average processing time of GrabImageRGBD(): 8.41874ms
Frame 1348 end
Average processing time of GrabImageRGBD(): 8.41698ms
Frame 1349 end
Average processing time of GrabImageRGBD(): 8.41505ms
Frame 1350 end
Average processing time of GrabImageRGBD(): 8.41082ms
Frame 1351 end
Average processing time of GrabImageRGBD(): 8.40725ms
Frame 1352 end
Average processing time of GrabImageRGBD(): 8.40496ms
Frame 1353 end
Average processing time of GrabImageRGBD(): 8.40294ms
Frame 1354 end
Average processing time of GrabImageRGBD(): 8.40135ms
Frame 1355 end
Average processing time of GrabImageRGBD(): 8.39932ms
Frame 1356 end
Average processing time of GrabImageRGBD(): 8.41557ms
Frame 1357 end
Average processing time of GrabImageRGBD(): 8.41262ms
Frame 1358 end
Average processing time of GrabImageRGBD(): 8.40984ms
Frame 1359 end
Average processing time of GrabImageRGBD(): 8.40623ms
Frame 1360 end
Average processing time of GrabImageRGBD(): 8.40254ms
Frame 1361 end
Average processing time of GrabImageRGBD(): 8.39972ms
Frame 1362 end
Average processing time of GrabImageRGBD(): 8.40022ms
Frame 1363 end
Average processing time of GrabImageRGBD(): 8.39746ms
Frame 1364 end
Average processing time of GrabImageRGBD(): 8.39514ms
Frame 1365 end
Average processing time of GrabImageRGBD(): 8.39381ms
Frame 1366 end
Average processing time of GrabImageRGBD(): 8.39204ms
Frame 1367 end
Average processing time of GrabImageRGBD(): 8.39024ms
Frame 1368 end
Average processing time of GrabImageRGBD(): 8.3872ms
Frame 1369 end
Average processing time of GrabImageRGBD(): 8.38645ms
Frame 1370 end
Average processing time of GrabImageRGBD(): 8.3859ms
Frame 1371 end
Average processing time of GrabImageRGBD(): 8.38203ms
Frame 1372 end
Average processing time of GrabImageRGBD(): 8.38138ms
Frame 1373 end
Average processing time of GrabImageRGBD(): 8.39729ms
Frame 1374 end
Average processing time of GrabImageRGBD(): 8.39619ms
Frame 1375 end
Average processing time of GrabImageRGBD(): 8.39391ms
Frame 1376 end
Average processing time of GrabImageRGBD(): 8.39039ms
Frame 1377 end
Average processing time of GrabImageRGBD(): 8.38764ms
Frame 1378 end
Average processing time of GrabImageRGBD(): 8.38382ms
Frame 1379 end
Average processing time of GrabImageRGBD(): 8.38397ms
Frame 1380 end
Average processing time of GrabImageRGBD(): 8.3836ms
Frame 1381 end
Average processing time of GrabImageRGBD(): 8.3798ms
Frame 1382 end
Average processing time of GrabImageRGBD(): 8.37797ms
Frame 1383 end
Average processing time of GrabImageRGBD(): 8.37654ms
Frame 1384 end
Average processing time of GrabImageRGBD(): 8.37418ms
Frame 1385 end
Average processing time of GrabImageRGBD(): 8.3703ms
Frame 1386 end
Average processing time of GrabImageRGBD(): 8.36942ms
Frame 1387 end
Average processing time of GrabImageRGBD(): 8.3664ms
Frame 1388 end
Average processing time of GrabImageRGBD(): 8.36558ms
Frame 1389 end
Average processing time of GrabImageRGBD(): 8.36467ms
Frame 1390 end
Average processing time of GrabImageRGBD(): 8.38671ms
Frame 1391 end
Average processing time of GrabImageRGBD(): 8.38871ms
Frame 1392 end
Average processing time of GrabImageRGBD(): 8.38854ms
Frame 1393 end
Average processing time of GrabImageRGBD(): 8.3876ms
Frame 1394 end
Average processing time of GrabImageRGBD(): 8.38763ms
Frame 1395 end
Average processing time of GrabImageRGBD(): 8.38741ms
Frame 1396 end
Average processing time of GrabImageRGBD(): 8.38394ms
Frame 1397 end
Average processing time of GrabImageRGBD(): 8.38257ms
Frame 1398 end
Average processing time of GrabImageRGBD(): 8.38034ms
Frame 1399 end
Average processing time of GrabImageRGBD(): 8.38ms
Frame 1400 end
Average processing time of GrabImageRGBD(): 8.37635ms
Frame 1401 end
Average processing time of GrabImageRGBD(): 8.3743ms
Frame 1402 end
Average processing time of GrabImageRGBD(): 8.37062ms
Frame 1403 end
Average processing time of GrabImageRGBD(): 8.36715ms
Frame 1404 end
Average processing time of GrabImageRGBD(): 8.36673ms
Frame 1405 end
Average processing time of GrabImageRGBD(): 8.3663ms
Frame 1406 end
Average processing time of GrabImageRGBD(): 8.38859ms
Frame 1407 end
Average processing time of GrabImageRGBD(): 8.38754ms
Frame 1408 end
Average processing time of GrabImageRGBD(): 8.38758ms
Frame 1409 end
Average processing time of GrabImageRGBD(): 8.38402ms
Frame 1410 end
Average processing time of GrabImageRGBD(): 8.38341ms
Frame 1411 end
Average processing time of GrabImageRGBD(): 8.38309ms
Frame 1412 end
Average processing time of GrabImageRGBD(): 8.38108ms
Frame 1413 end
Average processing time of GrabImageRGBD(): 8.38122ms
Frame 1414 end
Average processing time of GrabImageRGBD(): 8.37922ms
Frame 1415 end
Average processing time of GrabImageRGBD(): 8.37785ms
Frame 1416 end
Average processing time of GrabImageRGBD(): 8.37731ms
Frame 1417 end
Average processing time of GrabImageRGBD(): 8.37384ms
Frame 1418 end
Average processing time of GrabImageRGBD(): 8.37024ms
Frame 1419 end
Average processing time of GrabImageRGBD(): 8.36755ms
Frame 1420 end
Average processing time of GrabImageRGBD(): 8.3677ms
Frame 1421 end
Average processing time of GrabImageRGBD(): 8.3655ms
Frame 1422 end
Average processing time of GrabImageRGBD(): 8.36496ms
Frame 1423 end
Average processing time of GrabImageRGBD(): 8.36426ms
Frame 1424 end
Average processing time of GrabImageRGBD(): 8.38035ms
Frame 1425 end
Average processing time of GrabImageRGBD(): 8.37725ms
Frame 1426 end
Average processing time of GrabImageRGBD(): 8.37361ms
Frame 1427 end
Average processing time of GrabImageRGBD(): 8.36962ms
Frame 1428 end
Average processing time of GrabImageRGBD(): 8.36618ms
Frame 1429 end
Average processing time of GrabImageRGBD(): 8.36609ms
Frame 1430 end
Average processing time of GrabImageRGBD(): 8.36585ms
Frame 1431 end
Average processing time of GrabImageRGBD(): 8.36383ms
Frame 1432 end
Average processing time of GrabImageRGBD(): 8.36071ms
Frame 1433 end
Average processing time of GrabImageRGBD(): 8.35997ms
Frame 1434 end
Average processing time of GrabImageRGBD(): 8.35906ms
Frame 1435 end
Average processing time of GrabImageRGBD(): 8.35836ms
Frame 1436 end
Average processing time of GrabImageRGBD(): 8.35483ms
Frame 1437 end
Average processing time of GrabImageRGBD(): 8.35125ms
Frame 1438 end
Average processing time of GrabImageRGBD(): 8.35017ms
Frame 1439 end
Average processing time of GrabImageRGBD(): 8.34927ms
Frame 1440 end
Average processing time of GrabImageRGBD(): 8.3457ms
Frame 1441 end
Average processing time of GrabImageRGBD(): 8.36753ms
Frame 1442 end
Average processing time of GrabImageRGBD(): 8.36713ms
Frame 1443 end
Average processing time of GrabImageRGBD(): 8.36691ms
Frame 1444 end
Average processing time of GrabImageRGBD(): 8.36659ms
Frame 1445 end
Average processing time of GrabImageRGBD(): 8.36636ms
Frame 1446 end
Average processing time of GrabImageRGBD(): 8.36597ms
Frame 1447 end
Average processing time of GrabImageRGBD(): 8.36545ms
Frame 1448 end
Average processing time of GrabImageRGBD(): 8.36529ms
Frame 1449 end
Average processing time of GrabImageRGBD(): 8.36192ms
Frame 1450 end
Average processing time of GrabImageRGBD(): 8.35955ms
Frame 1451 end
Average processing time of GrabImageRGBD(): 8.35907ms
Frame 1452 end
Average processing time of GrabImageRGBD(): 8.35677ms
Frame 1453 end
Average processing time of GrabImageRGBD(): 8.35342ms
Frame 1454 end
Average processing time of GrabImageRGBD(): 8.35224ms
Frame 1455 end
Average processing time of GrabImageRGBD(): 8.3516ms
Frame 1456 end
Average processing time of GrabImageRGBD(): 8.35098ms
Frame 1457 end
Average processing time of GrabImageRGBD(): 8.36467ms
Frame 1458 end
Average processing time of GrabImageRGBD(): 8.36534ms
Frame 1459 end
Average processing time of GrabImageRGBD(): 8.36319ms
Frame 1460 end
Average processing time of GrabImageRGBD(): 8.36171ms
Frame 1461 end
Average processing time of GrabImageRGBD(): 8.36203ms
Frame 1462 end
Average processing time of GrabImageRGBD(): 8.35968ms
Frame 1463 end
Average processing time of GrabImageRGBD(): 8.35816ms
Frame 1464 end
Average processing time of GrabImageRGBD(): 8.35817ms
Frame 1465 end
Average processing time of GrabImageRGBD(): 8.35855ms
Frame 1466 end
Average processing time of GrabImageRGBD(): 8.35581ms
Frame 1467 end
Average processing time of GrabImageRGBD(): 8.35683ms
Frame 1468 end
Average processing time of GrabImageRGBD(): 8.35679ms
Frame 1469 end
Average processing time of GrabImageRGBD(): 8.35696ms
Frame 1470 end
Average processing time of GrabImageRGBD(): 8.35559ms
Frame 1471 end
Average processing time of GrabImageRGBD(): 8.35545ms
Frame 1472 end
Average processing time of GrabImageRGBD(): 8.35533ms
Frame 1473 end
Average processing time of GrabImageRGBD(): 8.36901ms
Frame 1474 end
Average processing time of GrabImageRGBD(): 8.36991ms
Frame 1475 end
Average processing time of GrabImageRGBD(): 8.37016ms
Frame 1476 end
Average processing time of GrabImageRGBD(): 8.37028ms
Frame 1477 end
Average processing time of GrabImageRGBD(): 8.36682ms
Frame 1478 end
Average processing time of GrabImageRGBD(): 8.36351ms
Frame 1479 end
Average processing time of GrabImageRGBD(): 8.36365ms
Frame 1480 end
Average processing time of GrabImageRGBD(): 8.36112ms
Frame 1481 end
Average processing time of GrabImageRGBD(): 8.35771ms
Frame 1482 end
Average processing time of GrabImageRGBD(): 8.35432ms
Frame 1483 end
Average processing time of GrabImageRGBD(): 8.35431ms
Frame 1484 end
Average processing time of GrabImageRGBD(): 8.35397ms
Frame 1485 end
Average processing time of GrabImageRGBD(): 8.35036ms
Frame 1486 end
Average processing time of GrabImageRGBD(): 8.35026ms
Frame 1487 end
Average processing time of GrabImageRGBD(): 8.34925ms
Frame 1488 end
Average processing time of GrabImageRGBD(): 8.34842ms
Frame 1489 end
Average processing time of GrabImageRGBD(): 8.34855ms
Frame 1490 end
Average processing time of GrabImageRGBD(): 8.34644ms
Frame 1491 end
Average processing time of GrabImageRGBD(): 8.36179ms
Frame 1492 end
Average processing time of GrabImageRGBD(): 8.36286ms
Frame 1493 end
Average processing time of GrabImageRGBD(): 8.36192ms
Frame 1494 end
Average processing time of GrabImageRGBD(): 8.35939ms
Frame 1495 end
Average processing time of GrabImageRGBD(): 8.35752ms
Frame 1496 end
Average processing time of GrabImageRGBD(): 8.35666ms
Frame 1497 end
Average processing time of GrabImageRGBD(): 8.35342ms
Frame 1498 end
Average processing time of GrabImageRGBD(): 8.35091ms
Frame 1499 end
Average processing time of GrabImageRGBD(): 8.35085ms
Frame 1500 end
Average processing time of GrabImageRGBD(): 8.34732ms
Frame 1501 end
Average processing time of GrabImageRGBD(): 8.34723ms
Frame 1502 end
Average processing time of GrabImageRGBD(): 8.34554ms
Frame 1503 end
Average processing time of GrabImageRGBD(): 8.3453ms
Frame 1504 end
Average processing time of GrabImageRGBD(): 8.34254ms
Frame 1505 end
Average processing time of GrabImageRGBD(): 8.33928ms
Frame 1506 end
Average processing time of GrabImageRGBD(): 8.33769ms
Frame 1507 end
Average processing time of GrabImageRGBD(): 8.3344ms
Frame 1508 end
Average processing time of GrabImageRGBD(): 8.33077ms
Frame 1509 end
Average processing time of GrabImageRGBD(): 8.34411ms
Frame 1510 end
Average processing time of GrabImageRGBD(): 8.34177ms
Frame 1511 end
Average processing time of GrabImageRGBD(): 8.34202ms
Frame 1512 end
Average processing time of GrabImageRGBD(): 8.34237ms
Frame 1513 end
Average processing time of GrabImageRGBD(): 8.34139ms
Frame 1514 end
Average processing time of GrabImageRGBD(): 8.33822ms
Frame 1515 end
Average processing time of GrabImageRGBD(): 8.3388ms
Frame 1516 end
Average processing time of GrabImageRGBD(): 8.3387ms
Frame 1517 end
Average processing time of GrabImageRGBD(): 8.3388ms
Frame 1518 end
Average processing time of GrabImageRGBD(): 8.33568ms
Frame 1519 end
Average processing time of GrabImageRGBD(): 8.33334ms
Frame 1520 end
Average processing time of GrabImageRGBD(): 8.33006ms
Frame 1521 end
Average processing time of GrabImageRGBD(): 8.32872ms
Frame 1522 end
Average processing time of GrabImageRGBD(): 8.3287ms
Frame 1523 end
Average processing time of GrabImageRGBD(): 8.32731ms
Frame 1524 end
Average processing time of GrabImageRGBD(): 8.32707ms
Frame 1525 end
Average processing time of GrabImageRGBD(): 8.32393ms
Frame 1526 end
Average processing time of GrabImageRGBD(): 8.32294ms
Frame 1527 end
Average processing time of GrabImageRGBD(): 8.33758ms
Frame 1528 end
Average processing time of GrabImageRGBD(): 8.33877ms
Frame 1529 end
Average processing time of GrabImageRGBD(): 8.33623ms
Frame 1530 end
Average processing time of GrabImageRGBD(): 8.33303ms
Frame 1531 end
Average processing time of GrabImageRGBD(): 8.32989ms
Frame 1532 end
Average processing time of GrabImageRGBD(): 8.32666ms
Frame 1533 end
Average processing time of GrabImageRGBD(): 8.32622ms
Frame 1534 end
Average processing time of GrabImageRGBD(): 8.32296ms
Frame 1535 end
Average processing time of GrabImageRGBD(): 8.31958ms
Frame 1536 end
Average processing time of GrabImageRGBD(): 8.31873ms
Frame 1537 end
Average processing time of GrabImageRGBD(): 8.31921ms
Frame 1538 end
Average processing time of GrabImageRGBD(): 8.31753ms
Frame 1539 end
Average processing time of GrabImageRGBD(): 8.31596ms
Frame 1540 end
Average processing time of GrabImageRGBD(): 8.313ms
Frame 1541 end
Average processing time of GrabImageRGBD(): 8.31068ms
Frame 1542 end
Average processing time of GrabImageRGBD(): 8.30795ms
Frame 1543 end
Average processing time of GrabImageRGBD(): 8.30417ms
Frame 1544 end
Average processing time of GrabImageRGBD(): 8.30229ms
Frame 1545 end
Average processing time of GrabImageRGBD(): 8.3003ms
Frame 1546 end
Average processing time of GrabImageRGBD(): 8.31346ms
Frame 1547 end
Average processing time of GrabImageRGBD(): 8.31407ms
Frame 1548 end
Average processing time of GrabImageRGBD(): 8.31318ms
Frame 1549 end
Average processing time of GrabImageRGBD(): 8.31436ms
Frame 1550 end
Average processing time of GrabImageRGBD(): 8.31311ms
Frame 1551 end
Average processing time of GrabImageRGBD(): 8.3103ms
Frame 1552 end
Average processing time of GrabImageRGBD(): 8.30898ms
Frame 1553 end
Average processing time of GrabImageRGBD(): 8.30563ms
Frame 1554 end
Average processing time of GrabImageRGBD(): 8.30395ms
Frame 1555 end
Average processing time of GrabImageRGBD(): 8.30222ms
Frame 1556 end
Average processing time of GrabImageRGBD(): 8.30044ms
Frame 1557 end
Average processing time of GrabImageRGBD(): 8.29743ms
Frame 1558 end
Average processing time of GrabImageRGBD(): 8.2942ms
Frame 1559 end
Average processing time of GrabImageRGBD(): 8.29253ms
Frame 1560 end
Average processing time of GrabImageRGBD(): 8.28966ms
Frame 1561 end
Average processing time of GrabImageRGBD(): 8.28833ms
Frame 1562 end
Average processing time of GrabImageRGBD(): 8.2869ms
Frame 1563 end
Average processing time of GrabImageRGBD(): 8.30017ms
Frame 1564 end
Average processing time of GrabImageRGBD(): 8.30017ms
Frame 1565 end
Average processing time of GrabImageRGBD(): 8.30019ms
Frame 1566 end
Average processing time of GrabImageRGBD(): 8.29669ms
Frame 1567 end
Average processing time of GrabImageRGBD(): 8.29475ms
Frame 1568 end
Average processing time of GrabImageRGBD(): 8.29383ms
Frame 1569 end
Average processing time of GrabImageRGBD(): 8.29302ms
Frame 1570 end
Average processing time of GrabImageRGBD(): 8.28979ms
Frame 1571 end
Average processing time of GrabImageRGBD(): 8.28857ms
Frame 1572 end
Average processing time of GrabImageRGBD(): 8.28665ms
Frame 1573 end
Average processing time of GrabImageRGBD(): 8.28532ms
Frame 1574 end
Average processing time of GrabImageRGBD(): 8.30444ms
Frame 1575 end
Average processing time of GrabImageRGBD(): 8.30639ms
Frame 1576 end
Average processing time of GrabImageRGBD(): 8.30553ms
Frame 1577 end
Average processing time of GrabImageRGBD(): 8.30331ms
Frame 1578 end
Average processing time of GrabImageRGBD(): 8.30227ms
Frame 1579 end
Average processing time of GrabImageRGBD(): 8.30006ms
Frame 1580 end
Average processing time of GrabImageRGBD(): 8.29868ms
Frame 1581 end
Average processing time of GrabImageRGBD(): 8.29587ms
Frame 1582 end
Average processing time of GrabImageRGBD(): 8.29288ms
Frame 1583 end
Average processing time of GrabImageRGBD(): 8.2916ms
Frame 1584 end
Average processing time of GrabImageRGBD(): 8.2883ms
Frame 1585 end
Average processing time of GrabImageRGBD(): 8.28663ms
Frame 1586 end
Average processing time of GrabImageRGBD(): 8.28399ms
Frame 1587 end
Average processing time of GrabImageRGBD(): 8.28185ms
Frame 1588 end
Average processing time of GrabImageRGBD(): 8.28034ms
Frame 1589 end
Average processing time of GrabImageRGBD(): 8.2788ms
Frame 1590 end
Average processing time of GrabImageRGBD(): 8.2755ms
Frame 1591 end
Average processing time of GrabImageRGBD(): 8.27377ms
Frame 1592 end
Average processing time of GrabImageRGBD(): 8.27091ms
Frame 1593 end
Average processing time of GrabImageRGBD(): 8.26834ms
Frame 1594 end
Average processing time of GrabImageRGBD(): 8.26645ms
Frame 1595 end
Average processing time of GrabImageRGBD(): 8.26346ms
Frame 1596 end
Average processing time of GrabImageRGBD(): 8.26186ms
Frame 1597 end
Average processing time of GrabImageRGBD(): 8.26006ms
Frame 1598 end
Average processing time of GrabImageRGBD(): 8.2579ms
Frame 1599 end
Average processing time of GrabImageRGBD(): 8.27031ms
Frame 1600 end
Average processing time of GrabImageRGBD(): 8.26775ms
Frame 1601 end
Average processing time of GrabImageRGBD(): 8.26774ms
Frame 1602 end
Average processing time of GrabImageRGBD(): 8.26702ms
Frame 1603 end
Average processing time of GrabImageRGBD(): 8.26692ms
Frame 1604 end
Average processing time of GrabImageRGBD(): 8.26642ms
Frame 1605 end
Average processing time of GrabImageRGBD(): 8.26334ms
Frame 1606 end
Average processing time of GrabImageRGBD(): 8.26241ms
Frame 1607 end
Average processing time of GrabImageRGBD(): 8.25936ms
Frame 1608 end
Average processing time of GrabImageRGBD(): 8.25594ms
Frame 1609 end
Average processing time of GrabImageRGBD(): 8.25268ms
Frame 1610 end
Average processing time of GrabImageRGBD(): 8.24984ms
Frame 1611 end
Average processing time of GrabImageRGBD(): 8.24668ms
Frame 1612 end
Average processing time of GrabImageRGBD(): 8.24342ms
Frame 1613 end
Average processing time of GrabImageRGBD(): 8.2416ms
Frame 1614 end
Average processing time of GrabImageRGBD(): 8.24023ms
Frame 1615 end
Average processing time of GrabImageRGBD(): 8.23867ms
Frame 1616 end
Average processing time of GrabImageRGBD(): 8.25183ms
Frame 1617 end
Average processing time of GrabImageRGBD(): 8.25218ms
Frame 1618 end
Average processing time of GrabImageRGBD(): 8.24904ms
Frame 1619 end
Average processing time of GrabImageRGBD(): 8.24567ms
Frame 1620 end
Average processing time of GrabImageRGBD(): 8.24476ms
Frame 1621 end
Average processing time of GrabImageRGBD(): 8.24298ms
Frame 1622 end
Average processing time of GrabImageRGBD(): 8.24197ms
Frame 1623 end
Average processing time of GrabImageRGBD(): 8.24005ms
Frame 1624 end
Average processing time of GrabImageRGBD(): 8.23725ms
Frame 1625 end
Average processing time of GrabImageRGBD(): 8.23644ms
Frame 1626 end
Average processing time of GrabImageRGBD(): 8.23325ms
Frame 1627 end
Average processing time of GrabImageRGBD(): 8.22997ms
Frame 1628 end
Average processing time of GrabImageRGBD(): 8.22731ms
Frame 1629 end
Average processing time of GrabImageRGBD(): 8.22433ms
Frame 1630 end
Average processing time of GrabImageRGBD(): 8.22121ms
Frame 1631 end
Average processing time of GrabImageRGBD(): 8.22001ms
Frame 1632 end
Average processing time of GrabImageRGBD(): 8.21885ms
Frame 1633 end
Average processing time of GrabImageRGBD(): 8.21626ms
Frame 1634 end
Average processing time of GrabImageRGBD(): 8.21528ms
Frame 1635 end
Average processing time of GrabImageRGBD(): 8.2133ms
Frame 1636 end
Average processing time of GrabImageRGBD(): 8.21205ms
Frame 1637 end
Average processing time of GrabImageRGBD(): 8.20914ms
Frame 1638 end
Average processing time of GrabImageRGBD(): 8.20599ms
Frame 1639 end
Average processing time of GrabImageRGBD(): 8.20442ms
Frame 1640 end
Average processing time of GrabImageRGBD(): 8.20123ms
Frame 1641 end
Average processing time of GrabImageRGBD(): 8.19803ms
Frame 1642 end
Average processing time of GrabImageRGBD(): 8.19628ms
Frame 1643 end
Average processing time of GrabImageRGBD(): 8.19416ms
Frame 1644 end
Average processing time of GrabImageRGBD(): 8.19177ms
Frame 1645 end
Average processing time of GrabImageRGBD(): 8.20483ms
Frame 1646 end
Average processing time of GrabImageRGBD(): 8.20512ms
Frame 1647 end
Average processing time of GrabImageRGBD(): 8.20225ms
Frame 1648 end
Average processing time of GrabImageRGBD(): 8.20151ms
Frame 1649 end
Average processing time of GrabImageRGBD(): 8.20018ms
Frame 1650 end
Average processing time of GrabImageRGBD(): 8.19938ms
Frame 1651 end
Average processing time of GrabImageRGBD(): 8.19845ms
Frame 1652 end
Average processing time of GrabImageRGBD(): 8.19772ms
Frame 1653 end
Average processing time of GrabImageRGBD(): 8.19481ms
Frame 1654 end
Average processing time of GrabImageRGBD(): 8.19407ms
Frame 1655 end
Average processing time of GrabImageRGBD(): 8.19344ms
Frame 1656 end
Average processing time of GrabImageRGBD(): 8.19056ms
Frame 1657 end
Average processing time of GrabImageRGBD(): 8.18993ms
Frame 1658 end
Average processing time of GrabImageRGBD(): 8.18703ms
Frame 1659 end
Average processing time of GrabImageRGBD(): 8.18406ms
Frame 1660 end
Average processing time of GrabImageRGBD(): 8.18094ms
Frame 1661 end
Average processing time of GrabImageRGBD(): 8.17919ms
Frame 1662 end
Average processing time of GrabImageRGBD(): 8.19143ms
Frame 1663 end
Average processing time of GrabImageRGBD(): 8.19006ms
Frame 1664 end
Average processing time of GrabImageRGBD(): 8.19027ms
Frame 1665 end
Average processing time of GrabImageRGBD(): 8.18989ms
Frame 1666 end
Average processing time of GrabImageRGBD(): 8.18913ms
Frame 1667 end
Average processing time of GrabImageRGBD(): 8.18755ms
Frame 1668 end
Average processing time of GrabImageRGBD(): 8.18465ms
Frame 1669 end
Average processing time of GrabImageRGBD(): 8.18158ms
Frame 1670 end
Average processing time of GrabImageRGBD(): 8.17863ms
Frame 1671 end
Average processing time of GrabImageRGBD(): 8.17654ms
Frame 1672 end
Average processing time of GrabImageRGBD(): 8.17546ms
Frame 1673 end
Average processing time of GrabImageRGBD(): 8.17449ms
Frame 1674 end
Average processing time of GrabImageRGBD(): 8.17215ms
Frame 1675 end
Average processing time of GrabImageRGBD(): 8.17091ms
Frame 1676 end
Average processing time of GrabImageRGBD(): 8.16976ms
Frame 1677 end
Average processing time of GrabImageRGBD(): 8.1667ms
Frame 1678 end
Average processing time of GrabImageRGBD(): 8.16545ms
Frame 1679 end
Average processing time of GrabImageRGBD(): 8.16401ms
Frame 1680 end
Average processing time of GrabImageRGBD(): 8.1609ms
Frame 1681 end
Average processing time of GrabImageRGBD(): 8.1583ms
Frame 1682 end
Average processing time of GrabImageRGBD(): 8.15674ms
Frame 1683 end
Average processing time of GrabImageRGBD(): 8.17254ms
Frame 1684 end
Average processing time of GrabImageRGBD(): 8.17018ms
Frame 1685 end
Average processing time of GrabImageRGBD(): 8.18228ms
Frame 1686 end
Average processing time of GrabImageRGBD(): 8.18302ms
Frame 1687 end
Average processing time of GrabImageRGBD(): 8.183ms
Frame 1688 end
Average processing time of GrabImageRGBD(): 8.18277ms
Frame 1689 end
Average processing time of GrabImageRGBD(): 8.18236ms
Frame 1690 end
Average processing time of GrabImageRGBD(): 8.18ms
Frame 1691 end
Average processing time of GrabImageRGBD(): 8.17965ms
Frame 1692 end
Average processing time of GrabImageRGBD(): 8.17804ms
Frame 1693 end
Average processing time of GrabImageRGBD(): 8.17749ms
Frame 1694 end
Average processing time of GrabImageRGBD(): 8.17699ms
Frame 1695 end
Average processing time of GrabImageRGBD(): 8.17406ms
Frame 1696 end
Average processing time of GrabImageRGBD(): 8.17347ms
Frame 1697 end
Average processing time of GrabImageRGBD(): 8.17093ms
Frame 1698 end
Average processing time of GrabImageRGBD(): 8.16802ms
Frame 1699 end
Average processing time of GrabImageRGBD(): 8.16598ms
Frame 1700 end
Average processing time of GrabImageRGBD(): 8.16535ms
Frame 1701 end
Average processing time of GrabImageRGBD(): 8.16438ms
Frame 1702 end
Average processing time of GrabImageRGBD(): 8.16343ms
Frame 1703 end
Average processing time of GrabImageRGBD(): 8.16247ms
Frame 1704 end
Average processing time of GrabImageRGBD(): 8.16143ms
Frame 1705 end
Average processing time of GrabImageRGBD(): 8.16021ms
Frame 1706 end
Average processing time of GrabImageRGBD(): 8.15772ms
Frame 1707 end
Average processing time of GrabImageRGBD(): 8.15601ms
Frame 1708 end
Average processing time of GrabImageRGBD(): 8.15287ms
Frame 1709 end
Average processing time of GrabImageRGBD(): 8.15075ms
Frame 1710 end
Average processing time of GrabImageRGBD(): 8.14792ms
Frame 1711 end
Average processing time of GrabImageRGBD(): 8.14648ms
Frame 1712 end
Average processing time of GrabImageRGBD(): 8.1449ms
Frame 1713 end
Average processing time of GrabImageRGBD(): 8.14194ms
Frame 1714 end
Average processing time of GrabImageRGBD(): 8.13909ms
Frame 1715 end
Average processing time of GrabImageRGBD(): 8.15205ms
Frame 1716 end
Average processing time of GrabImageRGBD(): 8.15287ms
Frame 1717 end
Average processing time of GrabImageRGBD(): 8.14999ms
Frame 1718 end
Average processing time of GrabImageRGBD(): 8.14973ms
Frame 1719 end
Average processing time of GrabImageRGBD(): 8.14696ms
Frame 1720 end
Average processing time of GrabImageRGBD(): 8.14668ms
Frame 1721 end
Average processing time of GrabImageRGBD(): 8.14402ms
Frame 1722 end
Average processing time of GrabImageRGBD(): 8.14334ms
Frame 1723 end
Average processing time of GrabImageRGBD(): 8.14049ms
Frame 1724 end
Average processing time of GrabImageRGBD(): 8.13966ms
Frame 1725 end
Average processing time of GrabImageRGBD(): 8.13686ms
Frame 1726 end
Average processing time of GrabImageRGBD(): 8.13616ms
Frame 1727 end
Average processing time of GrabImageRGBD(): 8.1355ms
Frame 1728 end
Average processing time of GrabImageRGBD(): 8.13485ms
Frame 1729 end
Average processing time of GrabImageRGBD(): 8.13268ms
Frame 1730 end
Average processing time of GrabImageRGBD(): 8.12987ms
Frame 1731 end
Average processing time of GrabImageRGBD(): 8.12929ms
Frame 1732 end
Average processing time of GrabImageRGBD(): 8.12853ms
Frame 1733 end
Average processing time of GrabImageRGBD(): 8.12773ms
Frame 1734 end
Average processing time of GrabImageRGBD(): 8.1269ms
Frame 1735 end
Average processing time of GrabImageRGBD(): 8.12615ms
Frame 1736 end
Average processing time of GrabImageRGBD(): 8.12498ms
Frame 1737 end
Average processing time of GrabImageRGBD(): 8.12222ms
Frame 1738 end
Average processing time of GrabImageRGBD(): 8.12067ms
Frame 1739 end
Average processing time of GrabImageRGBD(): 8.11975ms
Frame 1740 end
Average processing time of GrabImageRGBD(): 8.1168ms
Frame 1741 end
Average processing time of GrabImageRGBD(): 8.11477ms
Frame 1742 end
Average processing time of GrabImageRGBD(): 8.11201ms
Frame 1743 end
Average processing time of GrabImageRGBD(): 8.1112ms
Frame 1744 end
Average processing time of GrabImageRGBD(): 8.1088ms
Frame 1745 end
Average processing time of GrabImageRGBD(): 8.12157ms
Frame 1746 end
Average processing time of GrabImageRGBD(): 8.12221ms
Frame 1747 end
Average processing time of GrabImageRGBD(): 8.11964ms
Frame 1748 end
Average processing time of GrabImageRGBD(): 8.11957ms
Frame 1749 end
Shutdown
-------

median tracking time: 0.00721064
mean tracking time: 0.00881603

Saving camera trajectory to CameraTrajectory.txt ...

Saving keyframe trajectory to KeyFrameTrajectory.txt ...
