1341845820.751833 0.000000000 0.000000000 0.000000000 0.000000000 0.000000000 0.000000000 1.000000000
1341845820.787768 0.003502609 -0.004158112 -0.000273107 -0.000242534 -0.001595535 -0.002111925 0.999996483
1341845820.819654 0.005132402 -0.000549609 -0.002049586 0.000846744 -0.001422364 -0.003671553 0.999991894
1341845820.851997 0.005464164 -0.000807215 -0.002352857 0.000727451 -0.001212972 -0.004693758 0.999987960
1341845820.887882 0.005016047 0.001566917 -0.002944081 0.001317708 -0.001105141 -0.005524008 0.999983251
1341845820.920082 0.001809149 0.002828039 -0.004020278 0.000541281 -0.000851270 -0.006091121 0.999980927
1341845820.955790 0.001182870 0.003442966 -0.004482881 -0.000790570 -0.001553343 -0.006332115 0.999978423
1341845820.987817 0.002712988 0.002146836 -0.003411055 -0.001588006 -0.002027666 -0.006602622 0.999974906
1341845821.019783 -0.000414082 0.001323506 -0.003814407 -0.001738021 -0.001742439 -0.006766301 0.999974072
1341845821.055706 -0.000943394 0.001239782 -0.004476156 -0.001196334 -0.002351405 -0.005283893 0.999982536
1341845821.087831 0.001966714 -0.001108983 -0.003529348 -0.000389143 -0.004217251 -0.002597121 0.999987662
1341845821.119871 0.010027553 0.001482563 -0.002854994 0.001987592 -0.004340010 -0.000938116 0.999988139
1341845821.155881 0.007957078 0.004791195 -0.005437188 0.002410020 -0.001102982 0.000074587 0.999996483
1341845821.188556 0.005939137 0.000139645 -0.001221917 0.001610519 0.000893368 0.002534267 0.999995112
1341845821.223751 0.006337722 -0.003937268 -0.002023662 0.004220269 0.001358970 0.004615402 0.999979496
1341845821.256005 0.013185302 0.005168281 -0.003019345 0.006068067 0.001802139 0.004069310 0.999971688
1341845821.287883 0.009917434 0.001840413 -0.004016173 0.004015333 0.005176074 0.002394117 0.999975681
1341845821.323879 0.011486687 0.001452025 -0.005004779 0.004592042 0.007063900 0.000641731 0.999964297
1341845821.355690 0.008785569 0.001580245 -0.003708864 0.005069332 0.009697542 0.001336212 0.999939263
1341845821.388161 0.009478294 -0.001792765 -0.003707030 0.004631813 0.010066804 0.003344701 0.999933004
1341845821.424470 0.015061034 -0.001168723 -0.001682690 0.006762777 0.010950848 0.004003552 0.999909163
1341845821.455778 0.011771417 -0.002688915 -0.002289064 0.006332105 0.013680459 0.002084503 0.999884188
1341845821.488014 0.010018260 -0.007074309 -0.001184553 0.005649047 0.014783394 0.002436921 0.999871790
1341845821.524370 0.012073651 -0.008328098 -0.000806411 0.007434420 0.015309773 0.002935943 0.999850869
1341845821.555644 0.004761644 -0.005963960 -0.004428352 0.009387419 0.017785517 0.002189563 0.999795377
1341845821.587677 0.006611864 -0.005261790 -0.002995698 0.009122879 0.016941205 0.001803975 0.999813259
1341845821.623761 0.005048780 -0.006366255 -0.004059245 0.008613658 0.016578650 0.000785617 0.999825180
1341845821.655725 0.009774241 -0.005798189 -0.004253352 0.008469574 0.015673241 -0.000451760 0.999841213
1341845821.691884 0.009816651 -0.006218694 -0.003967390 0.007255805 0.015523115 -0.000840419 0.999852836
1341845821.724228 0.006391565 -0.008992529 -0.004096678 0.006925043 0.015315613 -0.000511542 0.999858618
1341845821.755681 0.006035984 -0.009864985 -0.004694033 0.007687519 0.014133186 0.000310886 0.999870539
1341845821.791636 0.008662144 -0.008570487 -0.003332484 0.009047298 0.013171502 0.000525307 0.999872148
1341845821.823697 0.004325906 -0.004786768 -0.005125744 0.010314004 0.014688427 -0.001174351 0.999838233
1341845821.855574 0.006873204 -0.006029728 -0.003133956 0.009039046 0.014950709 -0.001944389 0.999845505
1341845821.891741 0.006421090 -0.010235298 -0.003579929 0.009134180 0.014640280 -0.002027847 0.999849021
1341845821.923730 0.007737225 -0.009699415 -0.004289178 0.010739742 0.014494086 -0.001610173 0.999835968
1341845821.955750 0.005271000 -0.007528624 -0.004985449 0.011742016 0.015253006 -0.001484700 0.999813616
1341845821.991786 0.004863177 -0.006015910 -0.004541619 0.011263438 0.015650395 -0.002299604 0.999811411
1341845822.023863 0.000065030 -0.007808288 -0.004110547 0.011167396 0.016745916 -0.002734361 0.999793708
1341845822.059759 -0.001409692 -0.007893153 -0.004928857 0.010898331 0.016910484 -0.002614272 0.999794185
1341845822.091719 0.000332892 -0.011216373 -0.003171418 0.010619045 0.016795639 -0.002524668 0.999799371
1341845822.123689 0.001611824 -0.011231827 -0.004970620 0.012566526 0.017446022 -0.002673006 0.999765277
1341845822.185916 -0.009905511 -0.014828395 -0.003914459 0.010806860 0.018557586 -0.001713283 0.999767900
1341845822.221838 -0.009455134 -0.013701281 -0.003469774 0.012696857 0.016604599 -0.000957151 0.999781013
1341845822.254004 -0.012103530 -0.009442781 -0.004739070 0.012713923 0.016083911 -0.001278138 0.999789000
1341845822.289876 -0.015593751 -0.014534132 -0.002301236 0.011371381 0.015506334 -0.002934508 0.999810815
1341845822.321804 -0.018091477 -0.012335200 -0.001598713 0.012854038 0.015314657 -0.003710495 0.999793231
1341845822.353784 -0.020178005 -0.012450592 -0.001304300 0.013655343 0.015327910 -0.004101871 0.999780834
1341845822.391662 -0.023652280 -0.014936136 -0.000692659 0.014078362 0.015908374 -0.004063860 0.999766052
1341845822.428074 -0.031973485 -0.013916289 -0.002936547 0.014625710 0.016694091 -0.004462983 0.999743700
1341845822.459970 -0.034523021 -0.015461719 -0.001981460 0.013470183 0.015905946 -0.004143953 0.999774158
1341845822.495728 -0.037326626 -0.017171608 -0.000365553 0.013454120 0.015306183 -0.004010494 0.999784291
1341845822.527724 -0.043438770 -0.015918136 -0.001330189 0.013570745 0.015181693 -0.004158908 0.999783993
1341845822.559648 -0.046562374 -0.015937418 0.000234407 0.012435758 0.014267839 -0.003070855 0.999816179
1341845822.595852 -0.048586894 -0.014238032 0.001701708 0.012873258 0.013984060 -0.003395247 0.999813616
1341845822.627724 -0.057802066 -0.013037381 0.001413276 0.011932371 0.015423731 -0.003104174 0.999805033
1341845822.663716 -0.065765597 -0.020351637 0.006309874 0.010917419 0.014814164 0.000789460 0.999830365
1341845822.695601 -0.064650312 -0.022942023 0.004463146 0.015288468 0.011345796 0.003570699 0.999812365
1341845822.731816 -0.064636230 -0.017077560 0.005266912 0.018057860 0.010570114 0.004753754 0.999769747
1341845822.789911 -0.074099250 -0.017659077 0.004494620 0.018923987 0.012090320 0.004342065 0.999738395
1341845822.825897 -0.081113689 -0.019002754 0.004906781 0.017864242 0.013581279 0.004602578 0.999737620
1341845822.859721 -0.084445544 -0.024570890 0.005987545 0.018398257 0.012667491 0.006723930 0.999727845
1341845822.889712 -0.090782151 -0.025570359 0.005752775 0.020379335 0.011559175 0.008151670 0.999692261
1341845822.925900 -0.091347411 -0.022221418 0.006030580 0.021729644 0.010331045 0.006975232 0.999686182
1341845822.957708 -0.091961242 -0.022606220 0.006964726 0.022151453 0.010703218 0.005291423 0.999683321
1341845822.989939 -0.096876658 -0.026476197 0.008164813 0.022685042 0.011450062 0.005635348 0.999661207
1341845823.025889 -0.099858105 -0.026334222 0.008020055 0.024988534 0.011338713 0.005348155 0.999609113
1341845823.057775 -0.098761104 -0.024374044 0.008396614 0.026791688 0.012630821 0.004768089 0.999549866
1341845823.093671 -0.101498298 -0.025846034 0.008975540 0.027672051 0.014910650 0.005490890 0.999490738
1341845823.125951 -0.104953118 -0.024744151 0.008045943 0.028517349 0.015807306 0.006323664 0.999448299
1341845823.157773 -0.107657216 -0.027736714 0.007139237 0.028834494 0.017004080 0.006005815 0.999421537
1341845823.193885 -0.114191867 -0.022557629 0.008249824 0.029779201 0.017626466 0.005808981 0.999384165
1341845823.225800 -0.122270964 -0.024879359 0.007568612 0.027487233 0.016889689 0.005495635 0.999464333
1341845823.261842 -0.124935798 -0.026295599 0.009369424 0.027039479 0.015879849 0.004526983 0.999498010
1341845823.293622 -0.125402048 -0.019537628 0.006630771 0.026543675 0.015787268 0.004006222 0.999514937
1341845823.325746 -0.123939723 -0.022288684 0.009169655 0.022749441 0.017467072 0.003163114 0.999583602
1341845823.361852 -0.132975474 -0.029726911 0.011461477 0.022369694 0.022210151 0.003554857 0.999496698
1341845823.394013 -0.138459444 -0.029441193 0.011505094 0.024775418 0.025272913 0.006831843 0.999350131
1341845823.426028 -0.145287395 -0.031645790 0.010030278 0.025840148 0.026629966 0.010276779 0.999258459
1341845823.461869 -0.150881290 -0.032117065 0.009293232 0.026770165 0.026167717 0.011031842 0.999238133
1341845823.493758 -0.149190918 -0.032094058 0.009508490 0.027038148 0.026633654 0.010741435 0.999221742
1341845823.529780 -0.157612458 -0.033524863 0.009238215 0.026981721 0.028930033 0.011273658 0.999153554
1341845823.561916 -0.171679333 -0.036090992 0.011039447 0.026894884 0.029120164 0.012292393 0.999138355
1341845823.593678 -0.173211530 -0.036677495 0.010692274 0.027193634 0.025653305 0.013862000 0.999204755
1341845823.629815 -0.169422582 -0.035494197 0.011804854 0.027219718 0.024998883 0.013943676 0.999219537
1341845823.661750 -0.182656139 -0.039447542 0.013043092 0.026118631 0.027566137 0.013292253 0.999190271
1341845823.695523 -0.189106658 -0.049904369 0.011265409 0.026741257 0.025651470 0.015295319 0.999196112
1341845823.729635 -0.196085706 -0.048785709 0.015425125 0.031054793 0.023124326 0.016258324 0.999117911
1341845823.761810 -0.203297570 -0.047071196 0.015434419 0.033528201 0.021818481 0.016385728 0.999065220
1341845823.797871 -0.206618562 -0.046494186 0.014708702 0.033922214 0.018381774 0.015803607 0.999130428
1341845823.829660 -0.212221578 -0.047714621 0.016254492 0.033164877 0.015215981 0.013819305 0.999238491
1341845823.861808 -0.218873173 -0.050031584 0.018211350 0.033895623 0.012428244 0.011910657 0.999277115
1341845823.929826 -0.226487041 -0.048519712 0.015352914 0.034372367 0.005291064 0.008455956 0.999359310
1341845823.961797 -0.230845883 -0.046326384 0.017282749 0.033166725 0.004437213 0.005421158 0.999425292
1341845823.998070 -0.232930198 -0.053823251 0.020719726 0.031207502 0.003759774 0.003502162 0.999499738
1341845824.029656 -0.232897028 -0.050407898 0.016589116 0.032695923 0.003155382 0.005369791 0.999445915
1341845824.065768 -0.235357851 -0.053515010 0.018993888 0.032011420 0.004900351 0.006438693 0.999454737
1341845824.097956 -0.218384132 -0.056488153 -0.033445798 0.030788640 0.008582136 0.005219446 0.999475420
1341845824.130299 -0.220390454 -0.052165154 -0.036398385 0.026421305 0.022861367 0.002225346 0.999386966
1341845824.165751 -0.254380018 -0.043715086 0.003753323 0.021526769 0.040755462 0.005334992 0.998923004
1341845824.197930 -0.265559107 -0.063376509 0.016522117 0.016909422 0.045751903 0.006281988 0.998789907
1341845824.229907 -0.273358107 -0.065712996 0.019698305 0.021274099 0.045980625 0.006187594 0.998696625
1341845824.265800 -0.286739498 -0.068763286 0.003144572 0.023587361 0.042876370 0.007666829 0.998772502
1341845824.298080 -0.285001427 -0.066961445 0.009367164 0.025109153 0.033367280 0.008032825 0.999095440
1341845824.333783 -0.281318337 -0.070860609 0.013948354 0.027460702 0.029435547 0.006799036 0.999166310
1341845824.365821 -0.283394039 -0.067666255 0.008602707 0.029947845 0.030351164 0.006467029 0.999069631
1341845824.398039 -0.292818069 -0.065965965 0.009610281 0.029294489 0.029834794 0.004965575 0.999113142
1341845824.433843 -0.305427253 -0.073262990 0.007520831 0.028088620 0.027201388 0.005250207 0.999221504
1341845824.465921 -0.306255072 -0.072761655 0.008422465 0.029807258 0.023069678 0.010194385 0.999237418
1341845824.501802 -0.308902860 -0.063898034 0.005663532 0.030724289 0.021055555 0.014318463 0.999203563
1341845824.533723 -0.315042078 -0.064809427 0.006839694 0.028588198 0.018751711 0.018373027 0.999246538
1341845824.565735 -0.321463048 -0.064898923 0.009083984 0.026678521 0.016253006 0.021540105 0.999279857
1341845824.601758 -0.325187981 -0.068645105 0.007277505 0.025966205 0.014255085 0.024743283 0.999254942
1341845824.633861 -0.331951588 -0.064103290 0.009439111 0.025935190 0.012581209 0.028685318 0.999172807
1341845824.665789 -0.338772535 -0.067772552 0.009468271 0.025201978 0.010959961 0.031830717 0.999115407
1341845824.701769 -0.346734375 -0.068304591 0.014595765 0.025846638 0.008393629 0.033895552 0.999055862
1341845824.733585 -0.349195153 -0.066712037 0.014075199 0.027350450 0.005755139 0.035415072 0.998981833
1341845824.769643 -0.349712014 -0.055941675 0.006999826 0.027056452 0.004239026 0.037373122 0.998926044
1341845824.801632 -0.363587260 -0.064247593 0.011928027 0.022147169 0.001954467 0.036577918 0.999083459
1341845824.833654 -0.361088663 -0.076817892 0.016758934 0.022491137 -0.001215469 0.035797935 0.999105215
1341845824.869926 -0.367557317 -0.070820540 0.012148427 0.026648005 -0.000994414 0.036529779 0.998976767
1341845824.902071 -0.374809235 -0.062745392 0.010181375 0.026786923 -0.001445030 0.036655385 0.998967886
1341845824.933752 -0.377756089 -0.072435319 0.009947558 0.026061455 -0.001541110 0.033426430 0.999100208
1341845824.969855 -0.378465623 -0.066976130 0.005701869 0.026946155 -0.000214725 0.032371547 0.999112606
1341845825.001907 -0.379396141 -0.068932869 0.005549503 0.025113942 0.002384381 0.032305993 0.999159634
1341845825.037975 -0.389833331 -0.073215879 0.006967132 0.024393253 0.006162529 0.030650085 0.999213517
1341845825.075793 -0.402254522 -0.086523250 0.008969259 0.025493365 0.006284341 0.031961445 0.999144197
1341845825.107881 -0.401167840 -0.086102866 0.006432645 0.031403512 0.005433513 0.034254331 0.998904943
1341845825.143675 -0.404050440 -0.077900529 0.006794283 0.035352599 0.007519759 0.032307461 0.998824298
1341845825.175707 -0.410512358 -0.081998684 0.004179324 0.035407383 0.009177141 0.029299002 0.998901308
1341845825.211865 -0.414187431 -0.081866451 0.004888992 0.036560915 0.009561903 0.028925736 0.998866975
1341845825.243814 -0.411308944 -0.092458121 0.001221431 0.037467126 0.010394660 0.030449878 0.998779774
1341845825.275795 -0.420867890 -0.083330043 0.004469134 0.041087884 0.012565571 0.030686464 0.998605192
1341845825.311665 -0.432368696 -0.085180335 0.006970253 0.041476086 0.011982417 0.031466659 0.998572052
1341845825.343650 -0.434381247 -0.076729394 0.001546679 0.042210244 0.009851649 0.033088278 0.998512089
1341845825.379771 -0.441424400 -0.082149610 0.005553490 0.039268423 0.010283262 0.033998683 0.998597205
1341845825.411924 -0.445810348 -0.082135528 0.004919288 0.040124517 0.008954864 0.035504222 0.998523593
1341845825.443786 -0.453575522 -0.069728129 -0.001886674 0.038277693 0.007034378 0.036494765 0.998575747
1341845825.480278 -0.461603552 -0.079811215 0.001835111 0.033351917 0.003366333 0.039264001 0.998666465
1341845825.511636 -0.460598290 -0.076307282 0.007439692 0.032441601 -0.000612457 0.041071665 0.998629212
1341845825.547911 -0.464193225 -0.077851817 0.009834185 0.030020999 -0.002758865 0.042102810 0.998658419
1341845825.579744 -0.465902984 -0.084131867 0.008688478 0.028532859 -0.004126197 0.045600154 0.998543739
1341845825.611784 -0.472595483 -0.083695009 0.010600260 0.030356269 -0.005033669 0.048978500 0.998325765
1341845825.648004 -0.464351892 -0.079863302 0.011736983 0.031609241 -0.006380835 0.046869021 0.998380423
1341845825.679708 -0.472065538 -0.083298817 0.011549389 0.032971710 -0.003493412 0.046605881 0.998363018
1341845825.711937 -0.484167129 -0.080742545 0.009213532 0.033585347 -0.005303461 0.046870749 0.998322189
1341845825.747617 -0.485703111 -0.072937973 0.010247698 0.032974806 -0.007913046 0.043990295 0.998456299
1341845825.779688 -0.495422781 -0.076212153 0.004252573 0.029803010 -0.009558864 0.042147733 0.998621106
1341845825.815954 -0.494786650 -0.076465838 0.008307314 0.027205482 -0.012481650 0.039307944 0.998778760
1341845825.847829 -0.502375841 -0.077305235 0.010068675 0.025374128 -0.012949378 0.036812928 0.998916090
1341845825.879767 -0.509615600 -0.085066520 0.007884308 0.024029370 -0.015481036 0.037565678 0.998885274
1341845825.915646 -0.506916344 -0.079141386 0.007886657 0.024805559 -0.017313354 0.038368095 0.998805702
1341845825.947881 -0.512101054 -0.079346724 0.006655906 0.023973875 -0.016878992 0.039862119 0.998775005
1341845825.979700 -0.518242717 -0.081316806 0.008897423 0.023305513 -0.018086027 0.042486541 0.998661458
1341845826.015845 -0.521500885 -0.077377364 0.006278747 0.023555681 -0.018986268 0.043514799 0.998594582
1341845826.047945 -0.519351363 -0.082609281 0.007406645 0.022732763 -0.019854443 0.043275524 0.998607218
1341845826.079731 -0.526230931 -0.080311641 0.006617108 0.024184654 -0.020210180 0.045737471 0.998456240
1341845826.115655 -0.523607016 -0.080219872 0.008902239 0.024055129 -0.022648146 0.046042666 0.998392999
1341845826.147949 -0.524590850 -0.075180054 0.003261256 0.025172532 -0.021987177 0.040653292 0.998614192
1341845826.183767 -0.528642297 -0.074843653 0.009046188 0.023744063 -0.021614484 0.036102332 0.998832226
1341845826.215780 -0.530353248 -0.077478170 0.004893364 0.021999693 -0.022870179 0.035802655 0.998854935
1341845826.247732 -0.534168363 -0.077368237 0.002077650 0.021835988 -0.023442624 0.040450912 0.998667836
1341845826.283763 -0.536974907 -0.081101164 -0.002604654 0.020515580 -0.025826804 0.046227232 0.998386323
1341845826.315658 -0.537320733 -0.079291016 0.004669208 0.020653922 -0.029130744 0.047035340 0.998254776
1341845826.347773 -0.542531013 -0.076470003 -0.001893706 0.019981503 -0.030354710 0.047022451 0.998232603
1341845826.383718 -0.542074561 -0.081291340 0.004082008 0.018130248 -0.033342715 0.048293438 0.998111904
1341845826.415712 -0.543965757 -0.087896518 0.002507593 0.017599402 -0.035801034 0.049975235 0.997953475
1341845826.447806 -0.542723298 -0.085265733 0.005359475 0.019050285 -0.038174454 0.048802853 0.997896850
1341845826.483677 -0.544100404 -0.083325617 0.000813622 0.018925434 -0.038802594 0.049187489 0.997856140
1341845826.515677 -0.547099948 -0.086185336 0.000214393 0.018289467 -0.039747261 0.052881248 0.997641861
1341845826.551684 -0.542163968 -0.079886466 -0.004949980 0.017780490 -0.040781669 0.050883520 0.997713208
1341845826.583716 -0.550105333 -0.081835359 -0.004642072 0.016021473 -0.039135724 0.048285939 0.997937977
1341845826.615875 -0.552430034 -0.086591862 -0.003112393 0.014173522 -0.041943479 0.053002261 0.997612476
1341845826.651722 -0.547400653 -0.083088852 -0.002738073 0.014718383 -0.043169737 0.055527203 0.997414947
1341845826.683753 -0.551538825 -0.072814286 -0.006142098 0.012915006 -0.043106578 0.053582553 0.997548997
1341845826.715643 -0.551212609 -0.075172566 -0.005600269 0.008472783 -0.044295922 0.049624436 0.997749269
1341845826.751884 -0.555698037 -0.071044780 -0.002732930 0.005495472 -0.043049753 0.052096531 0.997698605
1341845826.783713 -0.554155469 -0.072776727 -0.000721531 0.001820052 -0.044762831 0.053895660 0.997541130
1341845826.819713 -0.543672383 -0.061078712 -0.014557318 -0.000790550 -0.044133019 0.050656892 0.997740209
1341845826.851701 -0.556989670 -0.066655330 -0.006488243 -0.006274112 -0.039668769 0.050711710 0.997905493
1341845826.884460 -0.558252454 -0.069637664 0.001581704 -0.007993220 -0.041232776 0.056495786 0.997519016
1341845826.945792 -0.550244689 -0.050778560 -0.004633269 -0.017107483 -0.034879949 0.048461657 0.998069227
1341845826.981873 -0.561266303 -0.063377187 0.002489594 -0.022192990 -0.035016630 0.052458405 0.997762203
1341845827.013745 -0.550711691 -0.050053298 0.000669926 -0.022103431 -0.036908537 0.058846522 0.997339606
1341845827.045694 -0.543683827 -0.027831735 -0.007105541 -0.025647938 -0.033046816 0.059200443 0.997369230
1341845827.082458 -0.557969213 -0.043383926 -0.001862739 -0.035564560 -0.028132383 0.054718845 0.997471571
1341845827.113645 -0.558264196 -0.052722264 0.009052710 -0.037327308 -0.030854503 0.058905941 0.997088134
1341845827.145773 -0.548073173 -0.037258182 0.002140476 -0.036401093 -0.031002339 0.058131602 0.997163236
1341845827.182474 -0.549870491 -0.043057781 0.008767248 -0.042040933 -0.027192215 0.052413482 0.997369528
1341845827.213974 -0.549825430 -0.059336048 0.017244557 -0.043237969 -0.027368184 0.053279445 0.997267604
1341845827.251751 -0.544996977 -0.043334574 0.019180624 -0.038222291 -0.027451629 0.056091014 0.997316003
1341845827.313888 -0.544801056 -0.049543295 0.028798614 -0.048465375 -0.020720629 0.054060515 0.997145534
1341845827.349700 -0.544865131 -0.054826777 0.027486276 -0.043962017 -0.023122054 0.061070561 0.996896744
1341845827.381963 -0.537631035 -0.041560970 0.024517234 -0.042162899 -0.023555359 0.059401773 0.997065127
1341845827.413850 -0.540003300 -0.044977650 0.026214195 -0.043837860 -0.020849897 0.054796241 0.997316837
1341845827.449725 -0.542198360 -0.053591471 0.030074824 -0.043674543 -0.020289855 0.053443078 0.997408986
1341845827.488394 -0.539134920 -0.052622229 0.027184984 -0.040222678 -0.022693852 0.055496134 0.997390270
1341845827.555964 -0.537151396 -0.047066174 0.030184524 -0.037721448 -0.020585395 0.052198496 0.997711718
1341845827.623688 -0.531492352 -0.050515905 0.027996399 -0.034487147 -0.021536637 0.055967517 0.997604311
1341845827.656212 -0.530099869 -0.036689825 0.021564690 -0.033624854 -0.020458324 0.052264396 0.997857332
1341845827.687624 -0.521847606 -0.045263715 0.029225972 -0.038861997 -0.018629691 0.046062496 0.998008490
1341845827.723697 -0.521207571 -0.056010578 0.031910326 -0.038888417 -0.016445968 0.048947617 0.997908473
1341845827.755778 -0.521892905 -0.049198229 0.029970981 -0.036144596 -0.015486090 0.052374732 0.997852981
1341845827.791657 -0.509934068 -0.048984747 0.027224254 -0.036076207 -0.013249011 0.051037610 0.997956991
1341845827.823845 -0.508157909 -0.052449204 0.034711748 -0.036789350 -0.009369713 0.050471075 0.998003781
1341845827.855606 -0.506765366 -0.057018176 0.037453279 -0.035254005 -0.008203167 0.053046200 0.997935891
1341845827.891685 -0.496453226 -0.055932596 0.029286800 -0.032451384 -0.006221335 0.053832203 0.998003185
1341845827.923824 -0.494388998 -0.048263852 0.033582527 -0.030880891 -0.001752976 0.052833818 0.998124242
1341845827.959777 -0.492275119 -0.053794246 0.037848797 -0.031342372 0.001233677 0.053870875 0.998055160
1341845827.991672 -0.487746418 -0.049702492 0.036442094 -0.029640270 0.003202898 0.055028547 0.998039603
1341845828.023726 -0.479240000 -0.046513855 0.034243885 -0.030748550 0.006656727 0.054434665 0.998021603
1341845828.059622 -0.479028642 -0.048412729 0.038428310 -0.031823508 0.010284503 0.054675940 0.997943938
1341845828.091720 -0.474485070 -0.048848253 0.042049445 -0.031678159 0.012317741 0.055037905 0.997905612
1341845828.127612 -0.470581949 -0.044801444 0.045770872 -0.031437237 0.014058201 0.056103155 0.997830927
1341845828.159638 -0.459752589 -0.044989787 0.044742793 -0.032642998 0.015263743 0.056002591 0.997780144
1341845828.191711 -0.458544105 -0.049397580 0.050108936 -0.032956075 0.017946443 0.053725384 0.997850418
1341845828.227644 -0.453672767 -0.046318244 0.047187533 -0.031318203 0.019370060 0.054341614 0.997843206
1341845828.259785 -0.451029092 -0.046241041 0.050051983 -0.031187531 0.022200946 0.057079706 0.997635424
1341845828.291687 -0.446434587 -0.047029126 0.051261857 -0.029738955 0.023601923 0.059465531 0.997508109
1341845828.327803 -0.442811608 -0.040386800 0.052239556 -0.028400809 0.025304852 0.059139635 0.997524738
1341845828.359694 -0.436065972 -0.040713724 0.052977823 -0.029608952 0.026701108 0.059277266 0.997445047
1341845828.395928 -0.431042731 -0.042584475 0.050351776 -0.029788015 0.028828677 0.060152672 0.997328043
1341845828.427803 -0.429133922 -0.038209036 0.051971953 -0.029198116 0.030303188 0.059789274 0.997323632
1341845828.459660 -0.421622247 -0.042130101 0.050646774 -0.029387470 0.031229105 0.060072400 0.997272491
1341845828.495761 -0.414718181 -0.037112102 0.054805789 -0.027880201 0.033443537 0.062157176 0.997116208
1341845828.527686 -0.415561467 -0.033236034 0.051465485 -0.029626599 0.034915954 0.061193064 0.997075021
1341845828.595750 -0.404360503 -0.035237662 0.055923320 -0.030181298 0.037022069 0.060304247 0.997036576
1341845828.654055 -0.391852945 -0.036037620 0.059379350 -0.032313533 0.040379245 0.060895793 0.996803463
1341845828.689681 -0.390537739 -0.033346165 0.057727791 -0.030742232 0.041812573 0.061127312 0.996779859
1341845828.721870 -0.386107773 -0.031159431 0.056820270 -0.031260662 0.041668449 0.062666297 0.996674240
1341845828.757706 -0.380115837 -0.031796746 0.062905416 -0.031845447 0.042376559 0.063896023 0.996547759
1341845828.789650 -0.380944043 -0.032639872 0.061716020 -0.031196218 0.042926490 0.067087196 0.996335030
1341845828.821914 -0.375968575 -0.026874596 0.058976173 -0.030207226 0.041558955 0.068852611 0.996303022
1341845828.857781 -0.369175375 -0.027014736 0.058853161 -0.031099945 0.040690150 0.069958851 0.996234417
1341845828.889770 -0.368307799 -0.028488353 0.058578081 -0.031417381 0.040948913 0.070540644 0.996172786
1341845828.931671 -0.364498883 -0.027949708 0.056972507 -0.031390097 0.039678335 0.070633732 0.996218443
1341845828.989696 -0.356248319 -0.028694781 0.057268661 -0.029537901 0.036740817 0.069155157 0.996491492
1341845829.025626 -0.350219280 -0.019944809 0.055858247 -0.028402457 0.035299350 0.067263603 0.996706009
1341845829.063840 -0.341459990 -0.023236878 0.050810222 -0.029865861 0.034766115 0.066014491 0.996765494
1341845829.089737 -0.336299032 -0.019104389 0.050884955 -0.029588781 0.035207413 0.066304140 0.996739089
1341845829.125754 -0.327662438 -0.021096481 0.054352824 -0.030219214 0.034158561 0.066497378 0.996743739
1341845829.158048 -0.315459639 -0.021077396 0.055368893 -0.029725403 0.034833483 0.066014297 0.996767342
1341845829.193669 -0.312392771 -0.025608772 0.054416902 -0.028391935 0.036500655 0.068317242 0.996591389
1341845829.225742 -0.308556378 -0.026131270 0.050950807 -0.024602748 0.036423739 0.070441060 0.996547103
1341845829.257763 -0.304354787 -0.024935579 0.049918711 -0.021781866 0.035750348 0.070065387 0.996663570
1341845829.293851 -0.296304941 -0.024384804 0.047458358 -0.019556841 0.034804512 0.069202930 0.996803463
1341845829.325861 -0.293812692 -0.028028918 0.043415457 -0.017772444 0.033997491 0.068374731 0.996921897
1341845829.357901 -0.288971603 -0.027701367 0.043857172 -0.014503185 0.031050654 0.067921072 0.997101903
1341845829.393704 -0.279382229 -0.022357989 0.045067035 -0.012200919 0.029299242 0.066477299 0.997283041
1341845829.425831 -0.279424310 -0.020526161 0.040322863 -0.012130088 0.028415097 0.064012960 0.997470677
1341845829.461720 -0.271411210 -0.030578462 0.043242671 -0.013040123 0.026329610 0.064309165 0.997497380
1341845829.493662 -0.267381489 -0.026970463 0.044788547 -0.006830815 0.024028797 0.067260787 0.997422636
1341845829.525846 -0.260023236 -0.015802952 0.035946723 -0.005039338 0.021515276 0.066130415 0.997566283
1341845829.561864 -0.252411634 -0.014072048 0.033400636 -0.007638652 0.021559769 0.062949188 0.997754574
1341845829.593763 -0.248096585 -0.023784121 0.037652798 -0.009798865 0.022427976 0.062575705 0.997740090
1341845829.625785 -0.246583566 -0.027470240 0.037386224 -0.004759643 0.021317987 0.065275371 0.997628212
1341845829.661787 -0.241155446 -0.015423723 0.033687290 -0.001351614 0.018869257 0.064612769 0.997731090
1341845829.693835 -0.225088522 -0.004642328 0.030768408 -0.003493069 0.018990451 0.061222579 0.997937381
1341845829.729747 -0.230533287 -0.019807555 0.030875262 -0.007606953 0.021602735 0.056668777 0.998130322
1341845829.761817 -0.236128435 -0.027278410 0.021816969 -0.004259191 0.017560454 0.057246502 0.998196542
1341845829.793840 -0.220877185 -0.019770447 0.031715538 -0.000591412 0.011304824 0.056025065 0.998365164
1341845829.829803 -0.206549779 -0.011824691 0.031648856 0.000560708 0.010829126 0.052672017 0.998552978
1341845829.861640 -0.221045852 -0.011788031 0.039683037 -0.000608635 0.011023236 0.050707228 0.998652518
1341845829.897840 -0.206235066 -0.027406747 0.034229152 -0.000402754 0.004199392 0.052754276 0.998598576
1341845829.929703 -0.191739649 -0.011861121 0.028651115 0.004506199 0.003566085 0.054097570 0.998519123
1341845829.962023 -0.197772413 -0.010623267 0.028588461 0.002651185 0.005590490 0.055149611 0.998458922
1341845829.997954 -0.194363862 -0.031134484 0.022324070 0.002935334 0.001781428 0.056324329 0.998406589
1341845830.029819 -0.177851498 -0.021271853 0.028747920 0.010626459 0.000352312 0.056170650 0.998364568
1341845830.061836 -0.177605331 -0.006753074 0.024518579 0.011943339 0.001916029 0.057377979 0.998279274
1341845830.097885 -0.171113402 -0.019198278 0.024860563 0.008788675 0.002297198 0.057018999 0.998331785
1341845830.129668 -0.169551983 -0.026139978 0.024156537 0.013883905 0.002938228 0.058045428 0.998213053
1341845830.165590 -0.177551299 -0.014687778 0.017615134 0.017910687 0.002103588 0.060362045 0.998013616
1341845830.197779 -0.167923197 -0.016485080 0.022921961 0.016338384 -0.004048164 0.065180019 0.997731566
1341845830.229883 -0.150871217 -0.013004088 0.020044876 0.018998111 -0.004334714 0.065226577 0.997680187
1341845830.265730 -0.159404546 -0.008396091 0.018493652 0.017726399 -0.002462278 0.065604024 0.997685254
1341845830.297873 -0.151934743 -0.020625133 0.023467677 0.016378853 -0.005999060 0.069490306 0.997430146
1341845830.329863 -0.137073532 -0.012648871 0.025108041 0.020181123 -0.008019446 0.071186267 0.997226596
1341845830.365740 -0.139665440 -0.007692188 0.019792335 0.020168306 -0.007493900 0.070635207 0.997270167
1341845830.397779 -0.129758492 -0.009382464 0.023522599 0.018914569 -0.010267886 0.069799617 0.997328877
1341845830.433725 -0.113624573 -0.012326267 0.021971602 0.019318681 -0.010397518 0.066650607 0.997535169
1341845830.465762 -0.117438503 -0.008727973 0.018596223 0.020437321 -0.008610385 0.065873325 0.997581542
1341845830.507859 -0.109178558 -0.015990235 0.019879943 0.020929113 -0.011414412 0.067359112 0.997443974
1341845830.565943 -0.086305574 -0.000721764 0.018672237 0.023925638 -0.006441657 0.066767953 0.997460842
1341845830.597841 -0.085490651 -0.006876857 0.021161297 0.022583362 -0.007188603 0.068998404 0.997335196
1341845830.633627 -0.066457368 -0.004809882 0.023573056 0.024774484 -0.008879569 0.069678627 0.997222304
1341845830.665700 -0.061764397 0.001171143 0.017668579 0.025553396 -0.006795669 0.068700679 0.997286856
1341845830.701788 -0.054678593 0.000360821 0.019396625 0.024329271 -0.006399736 0.067630194 0.997393250
1341845830.733901 -0.044203348 0.003857620 0.016171498 0.023112586 -0.004555378 0.063284583 0.997717440
1341845830.765759 -0.042034991 0.003738443 0.013249148 0.021039428 -0.001937935 0.059626035 0.997997165
1341845830.801839 -0.029762331 -0.003760770 0.018468868 0.019525615 -0.000422047 0.057888173 0.998131990
1341845830.833774 -0.027807308 -0.003704194 0.016576175 0.021118639 0.002408188 0.056949135 0.998150766
1341845830.865751 -0.023025345 0.003891457 0.015103627 0.022327315 0.002912791 0.056158315 0.998167932
1341845830.901883 -0.012911346 0.002319088 0.014747096 0.020436740 0.005104664 0.052831426 0.998381257
1341845830.933811 -0.013064902 -0.004671204 0.015143159 0.020510403 0.007029976 0.051810235 0.998421550
1341845830.969705 -0.011729924 0.000929682 0.013371003 0.022271078 0.006524008 0.051276989 0.998414814
1341845831.001855 -0.003415799 0.005073305 0.012308238 0.021194816 0.005987398 0.048097976 0.998599768
1341845831.033886 0.004365636 0.002250354 0.013717447 0.019809349 0.006751218 0.045381363 0.998750508
1341845831.069727 0.006902351 -0.001025201 0.012765042 0.020028597 0.008022502 0.044936527 0.998756826
1341845831.101853 0.012105941 0.003610395 0.011171633 0.020966211 0.007829043 0.045340452 0.998720884
1341845831.137817 0.022795377 0.008504344 0.012310226 0.020264128 0.008843923 0.044048991 0.998784661
1341845831.169942 0.023249449 0.004030261 0.011730599 0.018732898 0.011175812 0.042647995 0.998852015
1341845831.201715 0.029142387 -0.003751260 0.011329531 0.019547651 0.010197420 0.044876207 0.998749256
1341845831.237723 0.037228812 0.004436413 0.009742344 0.022960035 0.009644936 0.045339748 0.998661160
1341845831.269903 0.037819773 0.005708557 0.007349383 0.022269437 0.009900385 0.045126781 0.998683929
1341845831.301755 0.038385630 0.000299803 0.006677672 0.021254227 0.007155559 0.044752654 0.998746336
1341845831.337779 0.045353066 -0.001657843 0.003531596 0.022118585 0.003208991 0.044538472 0.998757601
1341845831.369742 0.054414846 0.002157034 0.003644767 0.023339633 -0.000545016 0.044207186 0.998749554
1341845831.405710 0.066570573 0.008707389 0.005061266 0.022722010 -0.001717642 0.041552622 0.998876452
1341845831.437646 0.072836511 0.002884394 0.007811907 0.020661462 0.000267477 0.038967293 0.999026835
1341845831.469752 0.073387519 -0.005982152 0.000526316 0.020522196 0.000711027 0.040053483 0.998986542
1341845831.505745 0.083503813 0.002621689 0.002232615 0.022192631 -0.001140115 0.039859693 0.998958170
1341845831.537844 0.096273512 0.013898323 0.003489053 0.020249719 0.001638617 0.036145356 0.999140024
1341845831.569610 0.092914656 0.003592215 0.001354398 0.016097654 0.004988471 0.034419157 0.999265373
1341845831.605848 0.098623201 0.000146853 0.002850899 0.015490127 0.004771046 0.035722241 0.999230325
1341845831.637789 0.102647342 0.015522520 0.005339688 0.015474275 0.005946145 0.034717016 0.999259710
1341845831.673597 0.115358591 0.017170016 0.003561115 0.010342718 0.008317724 0.033623695 0.999346435
1341845831.705652 0.119890995 0.004129488 0.008918482 0.005793768 0.012836942 0.033727974 0.999331832
1341845831.737705 0.121580198 0.005047960 0.004451205 0.006167744 0.015781611 0.038656939 0.999108851
1341845831.773629 0.127694622 0.010578978 0.000486327 0.006214812 0.016827432 0.041727271 0.998968005
1341845831.805810 0.133910954 0.015822580 0.002396303 0.004088670 0.018978853 0.042307038 0.998916030
1341845831.837719 0.130296022 0.012888480 0.003981389 0.000879132 0.020902166 0.042911518 0.998859763
1341845831.873791 0.144293517 0.014840836 0.000816158 0.000021237 0.019025130 0.044930801 0.998808920
1341845831.905728 0.154292300 0.024367031 0.004866369 -0.001514292 0.020491634 0.043290056 0.998851240
1341845831.941628 0.159172922 0.015521899 0.006492879 -0.004614970 0.021932645 0.042801626 0.998832166
1341845831.973784 0.165082365 0.017673718 0.013482479 -0.004585578 0.023706563 0.041580129 0.998843372
1341845832.005729 0.173895299 0.018612381 0.008971248 -0.004221862 0.025554894 0.040344216 0.998850048
1341845832.041627 0.179136068 0.026048517 0.011415668 -0.004682015 0.027980154 0.039453685 0.998818576
1341845832.073865 0.181437388 0.022760704 0.009073438 -0.006636441 0.031208312 0.037074111 0.998803020
1341845832.109730 0.181442648 0.013586394 0.007594982 -0.006989363 0.031480506 0.037321281 0.998782873
1341845832.141683 0.200318232 0.021697888 0.000699262 -0.004350216 0.029411562 0.038607303 0.998812020
1341845832.173988 0.204301670 0.028086675 -0.000533448 -0.004959635 0.031349037 0.037096612 0.998807490
1341845832.209956 0.202842891 0.020844446 0.000049419 -0.006722732 0.030241251 0.038048983 0.998795569
1341845832.241796 0.212441072 0.024563843 -0.000524471 -0.005388773 0.027452264 0.038286801 0.998875082
1341845832.273776 0.222452939 0.032863334 -0.004130966 -0.005957921 0.027592726 0.036999103 0.998916507
1341845832.309916 0.221018806 0.035963982 -0.002062458 -0.009022522 0.029503901 0.035929479 0.998877943
1341845832.341687 0.223463714 0.035793114 0.003805101 -0.010667138 0.027842877 0.037664820 0.998845518
1341845832.377708 0.233653843 0.041235190 0.000692241 -0.011285004 0.026340412 0.039024554 0.998827279
1341845832.409802 0.234861925 0.041196812 0.002541758 -0.013586588 0.025991226 0.039750554 0.998779178
1341845832.442187 0.240763187 0.042378448 0.004462738 -0.014639985 0.025001340 0.039948590 0.998781621
1341845832.477743 0.247814626 0.045261543 -0.002125316 -0.015220640 0.024661221 0.040214375 0.998770714
1341845832.509635 0.255363792 0.045001790 -0.004203274 -0.016549721 0.024275901 0.041399047 0.998710632
1341845832.541586 0.259052455 0.046705287 -0.000920037 -0.017424891 0.025220551 0.041545730 0.998666227
1341845832.577871 0.261172026 0.045732405 -0.001878019 -0.018124843 0.025461758 0.042977862 0.998587072
1341845832.609738 0.265815169 0.048186272 -0.004309192 -0.017944219 0.024954509 0.043461349 0.998582184
1341845832.645699 0.269506991 0.053779636 -0.005655667 -0.018112566 0.025774367 0.043354962 0.998562932
1341845832.677817 0.273113191 0.057935558 -0.004268143 -0.020145020 0.025741182 0.042761676 0.998550475
1341845832.710177 0.279195994 0.053223379 -0.000054867 -0.022102837 0.026235970 0.043261532 0.998474598
1341845832.745710 0.283071697 0.057271879 -0.001718162 -0.021774370 0.027499946 0.044864424 0.998377085
1341845832.777849 0.288596511 0.059923850 -0.002697944 -0.022409979 0.028691908 0.047287077 0.998217642
1341845832.810110 0.293988675 0.063267842 -0.003175332 -0.023286808 0.029955359 0.048479237 0.998103261
1341845832.845797 0.301412255 0.064535812 -0.004465242 -0.024740795 0.031365070 0.048264928 0.998035371
1341845832.877696 0.304299861 0.059223484 -0.004157826 -0.025894491 0.032991488 0.049477991 0.997894287
1341845832.913787 0.308068484 0.065672457 -0.004485146 -0.024920736 0.033106677 0.050643981 0.997856736
1341845832.945664 0.316465884 0.067326300 -0.009645689 -0.026289180 0.034222443 0.048931509 0.997869432
1341845832.978015 0.315041780 0.065752193 -0.004187967 -0.027161645 0.035377387 0.049511682 0.997777164
1341845833.045857 0.332675099 0.072789684 -0.010224864 -0.027955288 0.035041235 0.050162066 0.997734606
1341845833.077785 0.337477088 0.069831558 -0.010037005 -0.029981438 0.036630955 0.049594209 0.997647107
1341845833.113636 0.348401219 0.064320393 -0.011632962 -0.030474361 0.037787553 0.048787143 0.997628808
1341845833.145767 0.353622407 0.077121124 -0.014405691 -0.029575100 0.039452884 0.050142918 0.997524202
1341845833.181891 0.362306088 0.080982700 -0.018781716 -0.032823097 0.041442018 0.047903281 0.997452021
1341845833.213878 0.361115396 0.071550891 -0.016014669 -0.035281811 0.043816976 0.048449084 0.997240126
1341845833.245714 0.367706835 0.069909461 -0.013247516 -0.033696152 0.041407958 0.049969956 0.997322917
1341845833.281847 0.384358734 0.066527762 -0.017068872 -0.030912081 0.041044001 0.051637169 0.997343183
1341845833.313771 0.386316538 0.076725572 -0.023946375 -0.027886713 0.044122174 0.052225500 0.997270286
1341845833.349756 0.388865471 0.078408934 -0.023466671 -0.029075226 0.045227215 0.052702121 0.997161746
1341845833.381840 0.401900113 0.072500736 -0.030604908 -0.030190865 0.046937604 0.052104753 0.997080982
1341845833.414644 0.402249157 0.079328798 -0.026232859 -0.030341761 0.050381467 0.051787782 0.996924818
1341845833.449819 0.400479317 0.070378155 -0.024382813 -0.031995710 0.050217140 0.053091828 0.996812820
1341845833.488616 0.416364580 0.071020901 -0.028034238 -0.030666614 0.048999641 0.052840583 0.996928513
1341845833.549835 0.412010193 0.069360435 -0.021724788 -0.034365661 0.050640065 0.051738299 0.996783674
1341845833.581733 0.419644892 0.065332279 -0.019908253 -0.031801119 0.048729330 0.052155476 0.996942282
1341845833.617817 0.419508100 0.075490609 -0.028185572 -0.030496124 0.048420351 0.053633474 0.996919692
1341845833.649899 0.422014713 0.075617254 -0.026905680 -0.033054672 0.047030065 0.052406885 0.996969938
1341845833.681671 0.427186668 0.071595289 -0.021528563 -0.032878283 0.046878226 0.052207865 0.996993363
1341845833.717606 0.422467083 0.077117451 -0.019998772 -0.031082964 0.045692522 0.055842388 0.996909082
1341845833.752940 0.427428484 0.080234960 -0.027127896 -0.033145431 0.042913787 0.054507978 0.997039914
1341845833.817827 0.428436518 0.077550791 -0.021892080 -0.036539283 0.043989677 0.053671252 0.996919870
1341845833.849860 0.435357034 0.076568820 -0.018430699 -0.036417186 0.041550521 0.054241244 0.996998072
1341845833.885667 0.437408805 0.081164651 -0.020943465 -0.035217132 0.043204900 0.052563898 0.997060776
1341845833.917724 0.433266997 0.080182366 -0.024991954 -0.037514616 0.044600248 0.052177608 0.996935785
1341845833.949675 0.436388999 0.073693775 -0.017816957 -0.037680004 0.043436199 0.052032113 0.996988535
1341845833.985662 0.440694422 0.078979105 -0.023366975 -0.035257127 0.044494588 0.052006859 0.997031808
1341845834.018158 0.432796389 0.081900328 -0.025790205 -0.037361339 0.046304718 0.050218746 0.996964455
1341845834.049769 0.430663735 0.076515041 -0.017750625 -0.039267648 0.044855736 0.049351431 0.997000754
1341845834.085753 0.432116121 0.078019843 -0.022031361 -0.038666461 0.044648580 0.047024935 0.997145951
1341845834.153871 0.424408048 0.076295242 -0.020154802 -0.040849913 0.046924260 0.046229679 0.996991575
1341845834.185736 0.420781434 0.075847894 -0.023150403 -0.041687272 0.047849003 0.044285540 0.997001231
1341845834.217802 0.415247530 0.076584548 -0.024007689 -0.042401552 0.048624009 0.043128621 0.996984303
1341845834.253824 0.405793935 0.083859906 -0.031520277 -0.045333978 0.047337279 0.041954096 0.996967316
1341845834.285756 0.404275805 0.073091283 -0.020604806 -0.048952967 0.045147523 0.039800290 0.996986091
1341845834.321783 0.401421726 0.070965879 -0.011885799 -0.046503387 0.045231320 0.040034641 0.997090161
1341845834.355135 0.395123690 0.065513581 -0.018442718 -0.041322283 0.046034921 0.043366354 0.997142196
1341845834.385801 0.389385372 0.072460733 -0.022754366 -0.037925851 0.046873987 0.043706909 0.997223198
1341845834.421748 0.382985204 0.072949223 -0.024302702 -0.038434297 0.047959648 0.042489689 0.997204721
1341845834.453840 0.371870875 0.069372907 -0.025996294 -0.039483786 0.047295310 0.041801251 0.997224569
1341845834.485639 0.369773626 0.067260429 -0.019420553 -0.039720666 0.045246989 0.039387986 0.997408390
1341845834.521785 0.363703936 0.069391467 -0.020817123 -0.038721699 0.045462571 0.037964109 0.997493088
1341845834.553727 0.355671167 0.068852976 -0.021749277 -0.039253909 0.045832407 0.037987430 0.997454464
1341845834.589787 0.343689650 0.062809549 -0.017033057 -0.039955858 0.044437420 0.038787365 0.997458935
1341845834.621791 0.339935005 0.064282425 -0.020867456 -0.038069617 0.041926969 0.038324554 0.997659266
1341845834.653808 0.334027678 0.070316307 -0.023601964 -0.039665386 0.042460624 0.034546278 0.997712553
1341845834.689847 0.317736149 0.065762281 -0.020445164 -0.043268461 0.042975601 0.032577574 0.997606933
1341845834.721856 0.307219118 0.055699199 -0.010789048 -0.044530138 0.040307697 0.032517824 0.997664750
1341845834.753919 0.306731761 0.052164566 -0.016474308 -0.041768845 0.037872847 0.032675218 0.997874379
1341845834.789834 0.301061630 0.058286205 -0.021158123 -0.039994091 0.038571663 0.031654567 0.997953236
1341845834.821826 0.289970458 0.059447631 -0.015946679 -0.041363332 0.038205307 0.031741623 0.997908771
1341845834.857804 0.279622167 0.057335660 -0.015317433 -0.041788429 0.035527378 0.031181699 0.998007596
1341845834.889796 0.272593647 0.051556915 -0.018223593 -0.042632226 0.034488000 0.030402206 0.998032451
1341845834.921771 0.260938674 0.051842004 -0.014727649 -0.041622311 0.033612579 0.029417355 0.998134434
1341845834.957942 0.248574272 0.051974360 -0.015780997 -0.040547419 0.031117057 0.029532181 0.998256207
1341845834.989806 0.239962682 0.049198102 -0.018365651 -0.039889466 0.028788133 0.028924217 0.998370409
1341845835.021804 0.232235998 0.048244365 -0.015569154 -0.038863279 0.026465520 0.029315177 0.998463750
1341845835.058003 0.223155901 0.046803515 -0.012382525 -0.037039790 0.024723828 0.029556375 0.998570621
1341845835.089820 0.211613148 0.046724781 -0.015905157 -0.035577256 0.023008540 0.030534776 0.998635292
1341845835.125663 0.197479308 0.047352612 -0.022373293 -0.035779294 0.020360179 0.030472305 0.998687506
1341845835.157750 0.192876562 0.045327470 -0.019640053 -0.037149593 0.017628219 0.029930403 0.998705804
1341845835.189830 0.181219876 0.038982175 -0.010379221 -0.035856660 0.016088020 0.029034045 0.998805523
1341845835.225912 0.168368205 0.036280781 -0.014275413 -0.032376841 0.013538262 0.032047007 0.998870075
1341845835.258001 0.162295491 0.042085435 -0.018738352 -0.031084411 0.011759074 0.030881155 0.998970389
1341845835.290164 0.149716079 0.043056019 -0.010701389 -0.031930525 0.010246848 0.028899025 0.999019682
1341845835.325788 0.138390541 0.036085960 -0.010289610 -0.030786481 0.007524479 0.029458120 0.999063432
1341845835.363902 0.135317981 0.036741622 -0.011237009 -0.029112751 0.005491967 0.027780971 0.999174893
1341845835.431742 0.111891530 0.035112400 -0.021847550 -0.029082904 0.000473513 0.026227959 0.999232709
1341845835.493790 0.100364111 0.024870766 -0.009205233 -0.026831407 -0.004533404 0.026685214 0.999273479
1341845835.527633 0.084486797 0.030091261 -0.017265679 -0.025297528 -0.005844797 0.027933259 0.999272525
1341845835.561788 0.077096492 0.033167858 -0.017211128 -0.026040358 -0.010468644 0.027915724 0.999216199
1341845835.594173 0.078407049 0.029782511 -0.013462034 -0.027505666 -0.012090714 0.026707206 0.999191701
1341845835.625859 0.068629101 0.023573460 -0.009563345 -0.025668165 -0.011182775 0.026596529 0.999254107
1341845835.661923 0.053825684 0.018775702 -0.016195118 -0.021663092 -0.013581498 0.029714158 0.999231339
1341845835.693994 0.062292360 0.024231056 -0.015338491 -0.018382445 -0.016485862 0.031192187 0.999208391
1341845835.725724 0.051616225 0.022813037 -0.016627038 -0.016727984 -0.013304644 0.030984418 0.999291301
1341845835.761816 0.039040882 0.017045664 -0.021451872 -0.014329591 -0.014067148 0.033866465 0.999224603
1341845835.793927 0.034391075 0.025621437 -0.014309330 -0.011277828 -0.017050356 0.036039639 0.999141276
1341845835.829809 0.031830449 0.027078385 -0.016406083 -0.011817851 -0.016727256 0.035019323 0.999176741
1341845835.868224 0.016252369 0.020274322 -0.017391421 -0.011900625 -0.015069218 0.035188552 0.999196172
1341845835.903857 0.008865009 0.017154440 -0.017631674 -0.009617124 -0.018798824 0.038949449 0.999018073
1341845835.935727 0.013678145 0.023527458 -0.017843453 -0.008220572 -0.020654460 0.038912036 0.998995304
1341845835.967812 0.006678971 0.017188910 -0.016822308 -0.008502771 -0.018397558 0.037868932 0.999077141
1341845836.003789 -0.008115207 0.009850813 -0.016855715 -0.006064084 -0.017937360 0.041221429 0.998970628
1341845836.035920 -0.006686341 0.016334366 -0.017787170 -0.002624180 -0.019403694 0.041797310 0.998934209
1341845836.067671 -0.013361224 0.017615674 -0.019987684 -0.002418629 -0.017332703 0.040161945 0.999039888
1341845836.104034 -0.028463956 0.009886403 -0.020951334 -0.001702220 -0.016996987 0.040108074 0.999049306
1341845836.135769 -0.040781744 0.011931446 -0.023273911 0.000727153 -0.019971251 0.040643524 0.998973846
1341845836.172097 -0.037833657 0.017709471 -0.024736872 0.000893158 -0.023296067 0.039771419 0.998936772
1341845836.203642 -0.039626095 0.013494306 -0.019516084 -0.000824858 -0.022467604 0.038530543 0.999004424
1341845836.235687 -0.055953927 0.003582764 -0.022086257 0.000109846 -0.021438681 0.039920438 0.998972833
1341845836.271774 -0.065172277 0.005787703 -0.024720332 0.003360858 -0.024979226 0.042398591 0.998782814
1341845836.303797 -0.062054411 0.013150682 -0.025443709 0.004854782 -0.027444974 0.043343276 0.998671412
1341845836.335742 -0.062291369 0.012708602 -0.026224229 0.003337958 -0.026061522 0.043345112 0.998714626
1341845836.372549 -0.073005550 0.000909888 -0.024753777 0.003776343 -0.023155898 0.045765221 0.998676658
1341845836.403992 -0.079191990 0.008133236 -0.030980637 0.007839284 -0.022664774 0.049276575 0.998497188
1341845836.435705 -0.077045888 0.012822231 -0.027996037 0.009261725 -0.021032512 0.050542820 0.998457432
1341845836.471817 -0.087102525 0.014108791 -0.031494353 0.009775333 -0.016965145 0.050017353 0.998556376
1341845836.503945 -0.102528155 0.010974614 -0.032636266 0.009612702 -0.016145008 0.051704604 0.998485625
1341845836.539832 -0.101571091 0.016165733 -0.031062797 0.010495353 -0.018466169 0.052593570 0.998390079
1341845836.571973 -0.102936193 0.017416235 -0.031006124 0.009591458 -0.018488711 0.052051265 0.998427153
1341845836.604373 -0.108392872 0.017949894 -0.033537727 0.007901334 -0.017877176 0.051066834 0.998503983
1341845836.639724 -0.111218035 0.007933469 -0.029641470 0.005382386 -0.018321086 0.049734175 0.998579919
1341845836.672049 -0.111377694 -0.000255542 -0.031017963 0.006855350 -0.018916901 0.048281178 0.998631120
1341845836.704020 -0.113329068 -0.003726850 -0.034966096 0.008941604 -0.018528067 0.048536513 0.998609483
1341845836.739779 -0.112253986 -0.021457959 -0.038876295 0.012683038 -0.019580079 0.050113939 0.998471022
1341845836.771652 -0.111393929 -0.021111574 -0.033202522 0.022539934 -0.018911717 0.051332768 0.998248100
1341845836.803601 -0.118511416 -0.021965139 -0.038658619 0.028142804 -0.016659614 0.051597115 0.998132348
1341845836.839643 -0.124871708 -0.028635902 -0.039226189 0.030294985 -0.017776417 0.052745964 0.997990012
1341845836.871771 -0.115399040 -0.033571094 -0.040872321 0.033609871 -0.020053133 0.054607071 0.997740626
1341845836.907663 -0.111678876 -0.030124476 -0.037323579 0.035498872 -0.018531792 0.056448705 0.997602105
1341845836.939824 -0.119197905 -0.049514551 -0.032613903 0.034475308 -0.015988924 0.059592605 0.997499108
1341845836.971802 -0.116176605 -0.047806352 -0.042804588 0.037552785 -0.017574295 0.059907410 0.997342527
1341845837.007714 -0.100604318 -0.031722929 -0.051102437 0.036550622 -0.015839610 0.059513707 0.997432351
1341845837.039752 -0.111786798 -0.059763994 -0.034573697 0.029282313 -0.009086367 0.059902117 0.997733295
1341845837.071715 -0.113905050 -0.079925016 -0.032885309 0.032168139 -0.008279257 0.059751309 0.997660518
1341845837.107691 -0.110650621 -0.074948899 -0.029690966 0.034407847 -0.007415335 0.061958130 0.997457922
1341845837.139763 -0.106626354 -0.090802051 -0.031244911 0.033453148 -0.004130871 0.060504656 0.997598648
1341845837.171636 -0.117820352 -0.102035820 -0.031152336 0.037206687 -0.000832891 0.055625144 0.997757852
1341845837.207675 -0.121429235 -0.100095160 -0.035735309 0.037830699 -0.002700063 0.053819224 0.997830153
1341845837.239749 -0.114065818 -0.113966629 -0.028857518 0.035111565 -0.004371616 0.048461851 0.998198152
1341845837.275755 -0.109611101 -0.128382728 -0.032073904 0.035626993 -0.002780949 0.043846659 0.998398960
1341845837.307686 -0.114487074 -0.149037048 -0.039801795 0.038625535 -0.002597990 0.047488004 0.998121321
1341845837.339628 -0.111311406 -0.152879700 -0.032123953 0.044016071 -0.005218989 0.049064580 0.997811615
1341845837.375710 -0.104565240 -0.160169899 -0.030789111 0.048260521 -0.004460578 0.046173107 0.997757018
1341845837.407709 -0.102998123 -0.150113732 -0.041277032 0.049212947 -0.001414752 0.044588611 0.997791529
1341845837.439656 -0.109204277 -0.158976465 -0.038877323 0.042543404 0.001682339 0.041699830 0.998222589
1341845837.475671 -0.102822319 -0.177242517 -0.035744969 0.038709573 0.002399743 0.038976941 0.998487175
1341845837.507973 -0.096185826 -0.178611070 -0.041067109 0.038995892 0.005758220 0.037926883 0.998502731
1341845837.543708 -0.103783585 -0.184715137 -0.035255559 0.035031252 0.010916119 0.036302671 0.998667002
1341845837.575706 -0.104558200 -0.202755406 -0.034739453 0.032748107 0.012669515 0.032924715 0.998840809
1341845837.607609 -0.095573992 -0.213482216 -0.040197838 0.033114504 0.014350410 0.030976098 0.998868346
1341845837.643704 -0.095226951 -0.222649202 -0.039546460 0.034367736 0.017127203 0.028996093 0.998841703
1341845837.675706 -0.096610375 -0.231429815 -0.040502097 0.036565509 0.019015048 0.026404211 0.998801410
1341845837.711803 -0.092844412 -0.231467828 -0.043251909 0.038555406 0.020556949 0.025453398 0.998720706
1341845837.743935 -0.092359148 -0.237865940 -0.042284615 0.038485382 0.023343273 0.023370909 0.998713076
1341845837.775698 -0.093980983 -0.248979092 -0.044851497 0.040167101 0.025994232 0.022031130 0.998611808
1341845837.811909 -0.086088322 -0.238351330 -0.049536832 0.041866921 0.028079944 0.022672627 0.998471141
1341845837.843915 -0.091268882 -0.247868001 -0.042636439 0.038586579 0.031284016 0.020615386 0.998552620
1341845837.879790 -0.090929620 -0.262971193 -0.043963160 0.038916953 0.033518668 0.019502774 0.998489678
1341845837.911946 -0.095170513 -0.269267887 -0.040387943 0.042584788 0.034661971 0.022005610 0.998248875
1341845837.946188 -0.092039272 -0.262806654 -0.044142973 0.045494914 0.033933029 0.024134547 0.998096347
1341845837.979709 -0.079427004 -0.263374865 -0.046599690 0.044690099 0.035421234 0.022226002 0.998125315
1341845838.041927 -0.093142629 -0.267036706 -0.046044540 0.038407423 0.041214649 0.018252447 0.998245001
1341845838.073905 -0.091036752 -0.285875231 -0.038743746 0.036638413 0.040577348 0.015191039 0.998388886
1341845838.105792 -0.091087490 -0.289676547 -0.038650554 0.038971994 0.041576993 0.016254993 0.998242617
1341845838.141667 -0.090951569 -0.281650215 -0.041844696 0.039710194 0.041906174 0.016750664 0.998191535
1341845838.173678 -0.079082549 -0.282432735 -0.046061527 0.036797263 0.041519266 0.013601095 0.998367250
1341845838.205767 -0.077941991 -0.278348595 -0.045840077 0.032768525 0.043719288 0.008188021 0.998472750
1341845838.241893 -0.087677404 -0.290736556 -0.034657374 0.025546193 0.046800449 0.004943360 0.998565316
1341845838.273791 -0.096532837 -0.309314847 -0.029413931 0.022409173 0.046906836 0.002587117 0.998644531
1341845838.309852 -0.098980524 -0.312684745 -0.025988845 0.022998190 0.044652525 0.001325583 0.998736978
1341845838.341805 -0.092712343 -0.317798883 -0.022859465 0.022385085 0.042381898 0.004246432 0.998841643
1341845838.373872 -0.089605398 -0.325658768 -0.023066159 0.023562988 0.042335924 0.005448207 0.998810709
1341845838.409713 -0.092532925 -0.323408633 -0.028167645 0.024656869 0.042394705 0.006967960 0.998772323
1341845838.441818 -0.088769145 -0.322221994 -0.035155997 0.022566343 0.041501768 0.009650944 0.998836935
1341845838.473754 -0.083607681 -0.330234945 -0.031236585 0.019964848 0.041501168 0.007634677 0.998909771
1341845838.509713 -0.083461456 -0.336967200 -0.029621961 0.018700032 0.042731375 0.005476183 0.998896599
1341845838.541649 -0.090810679 -0.347628385 -0.028200399 0.018503321 0.043475904 0.005041240 0.998870373
1341845838.577804 -0.083527796 -0.355742306 -0.029456979 0.020938978 0.042404559 0.002164548 0.998878717
1341845838.609807 -0.078335524 -0.355934948 -0.032654587 0.023320265 0.043751724 -0.000161747 0.998770237
1341845838.641690 -0.081557311 -0.359572411 -0.032483917 0.024553729 0.046050075 -0.000919099 0.998636901
1341845838.677850 -0.086172126 -0.360750407 -0.035875574 0.025521247 0.046980187 -0.001502675 0.998568594
1341845838.709635 -0.074896134 -0.355547756 -0.036517706 0.025477741 0.046408094 -0.002985530 0.998593152
1341845838.745913 -0.059751451 -0.345102638 -0.048260491 0.021205742 0.049198665 -0.003755734 0.998556793
1341845838.777723 -0.082492664 -0.360150695 -0.025675971 0.013367282 0.054432027 -0.006553861 0.998406470
1341845838.809656 -0.081536546 -0.368035972 -0.028678412 0.010955349 0.052744813 -0.007171181 0.998522162
1341845838.845874 -0.069882855 -0.372588217 -0.028921200 0.010954125 0.051221844 -0.006860226 0.998603642
1341845838.877695 -0.057404775 -0.365353942 -0.042710017 0.007793650 0.053716861 -0.006870439 0.998502135
1341845838.909636 -0.070723467 -0.377314389 -0.026637631 0.002475604 0.058019105 -0.012030710 0.998239875
1341845838.945837 -0.073574208 -0.387730062 -0.023758724 0.001604403 0.058359586 -0.012710202 0.998213410
1341845838.977758 -0.065486424 -0.388582230 -0.019839996 0.003166584 0.057544190 -0.011683276 0.998269558
1341845839.013907 -0.056111481 -0.386268646 -0.024475347 0.004270095 0.058831733 -0.012308301 0.998182893
1341845839.046225 -0.064388663 -0.379519761 -0.020855680 0.003623706 0.062130619 -0.013960585 0.997963786
1341845839.077750 -0.071827106 -0.384449154 -0.018335139 0.000445659 0.061145902 -0.015623901 0.998006463
1341845839.113934 -0.063431285 -0.404160649 -0.014623668 -0.000569116 0.058310900 -0.015001046 0.998185575
1341845839.145852 -0.056516565 -0.399177939 -0.022500496 0.002959913 0.057698101 -0.011781731 0.998260140
1341845839.177741 -0.052020490 -0.398332477 -0.027020842 0.003126286 0.057929482 -0.010863499 0.998256683
1341845839.214000 -0.044792645 -0.409635514 -0.026543461 0.002415293 0.058991563 -0.011733505 0.998186588
1341845839.246198 -0.042009156 -0.409476101 -0.026426090 0.005159928 0.060863346 -0.009776209 0.998084903
1341845839.281774 -0.039464831 -0.406247109 -0.025899448 0.005941598 0.062230438 -0.008809096 0.998005211
1341845839.314004 -0.030651236 -0.411934018 -0.028096203 0.005378910 0.064494185 -0.011241693 0.997840285
1341845839.345945 -0.042017829 -0.416075766 -0.028173724 0.005795401 0.067748904 -0.012129254 0.997611821
1341845839.381741 -0.041605059 -0.421352118 -0.026075868 0.006981394 0.067133434 -0.008412547 0.997684121
1341845839.413801 -0.031545162 -0.423208952 -0.032053210 0.009353837 0.067163728 -0.006549266 0.997676611
1341845839.445714 -0.028675448 -0.415529430 -0.035940193 0.011595269 0.069036573 -0.006300836 0.997526824
1341845839.481741 -0.028158236 -0.414602131 -0.037434228 0.010208634 0.069954813 -0.006747186 0.997475088
1341845839.514001 -0.022609793 -0.420607954 -0.034336023 0.008504924 0.071256436 -0.007583282 0.997392952
1341845839.549791 -0.026639998 -0.426563293 -0.033059288 0.009725897 0.073315926 -0.007484438 0.997233272
1341845839.587666 -0.023239370 -0.416657954 -0.038318887 0.011515172 0.072756976 -0.005181930 0.997269750
1341845839.681817 -0.029212357 -0.414570659 -0.038213532 0.011107022 0.076328091 -0.006383873 0.997000456
1341845839.713876 -0.022369545 -0.415995538 -0.030464964 0.010034114 0.074318290 -0.006536602 0.997162640
1341845839.749808 -0.019723721 -0.414994627 -0.028093992 0.009967370 0.075496741 -0.007156315 0.997070551
1341845839.781785 -0.027051562 -0.409222513 -0.034182325 0.009411950 0.076696411 -0.005458873 0.996995151
1341845839.817825 -0.029898558 -0.411226332 -0.029598512 0.007428280 0.075370394 -0.005991864 0.997109950
1341845839.849994 -0.024688475 -0.407393754 -0.031434048 0.006544460 0.074648507 -0.005706918 0.997172117
1341845839.881829 -0.030617815 -0.400890231 -0.030220062 0.004744587 0.075014435 -0.005803569 0.997154295
1341845839.917855 -0.036513072 -0.403498292 -0.029802499 0.002063369 0.073690608 -0.005516347 0.997263730
1341845839.950283 -0.039018501 -0.398271710 -0.028068578 0.000709166 0.071389474 -0.005373148 0.997433782
1341845839.985757 -0.038185589 -0.391968429 -0.025631582 -0.001201939 0.069297493 -0.004894636 0.997583330
1341845840.017660 -0.039921559 -0.384410471 -0.026590824 -0.004741146 0.067960784 -0.006985079 0.997652292
1341845840.049741 -0.045138106 -0.378734261 -0.020976460 -0.008603454 0.067104302 -0.007145361 0.997683287
1341845840.085650 -0.048016407 -0.385576963 -0.019180821 -0.012414231 0.064689547 -0.006096763 0.997809589
1341845840.117698 -0.045563962 -0.378775626 -0.020605195 -0.013401303 0.062832735 -0.003915841 0.997926414
1341845840.149796 -0.049675629 -0.365341425 -0.021669090 -0.015860895 0.062058251 -0.002618182 0.997943044
1341845840.186069 -0.046644822 -0.361752957 -0.018323965 -0.020362629 0.060903151 -0.002457045 0.997932911
1341845840.217657 -0.049742542 -0.355434656 -0.016180750 -0.024287852 0.061884895 -0.003711587 0.997780800
1341845840.253694 -0.062545873 -0.359538943 -0.016444597 -0.028329389 0.062549718 -0.003411621 0.997633874
1341845840.285914 -0.066976361 -0.353758186 -0.018437892 -0.030222276 0.059760440 -0.002488826 0.997752011
1341845840.317753 -0.063418545 -0.344338894 -0.011918495 -0.032498866 0.057658352 -0.000640851 0.997807026
1341845840.353861 -0.061027516 -0.339066535 -0.010610587 -0.034639142 0.057088241 0.000879446 0.997767627
1341845840.385775 -0.066152766 -0.327948391 -0.004924384 -0.036856245 0.058044948 -0.001162984 0.997632682
1341845840.417676 -0.070670947 -0.324974984 -0.003576586 -0.040687449 0.057235297 -0.001952373 0.997529328
1341845840.453598 -0.074389160 -0.326930553 -0.001968848 -0.043185830 0.056494571 -0.002347083 0.997465730
1341845840.485943 -0.074437499 -0.322033912 -0.000436724 -0.043825559 0.056630496 -0.002635560 0.997429371
1341845840.521810 -0.082400501 -0.312909454 -0.005350977 -0.044547491 0.056996644 -0.001382301 0.997379065
1341845840.553677 -0.083203405 -0.311219364 -0.003982503 -0.047158014 0.054637242 -0.000302152 0.997391999
1341845840.585765 -0.080995485 -0.307674557 0.001918499 -0.048350248 0.052981537 -0.001051226 0.997423708
1341845840.621850 -0.083139956 -0.297995746 -0.001755922 -0.048931856 0.053021174 -0.002923304 0.997389555
1341845840.653789 -0.092558712 -0.289611936 0.000201948 -0.052790295 0.052692190 -0.004318237 0.997205138
1341845840.685850 -0.090189114 -0.302106231 0.006216435 -0.055542096 0.051120616 -0.006996016 0.997122288
1341845840.721832 -0.098866388 -0.304977536 0.006625690 -0.053808086 0.051551506 -0.008525372 0.997183263
1341845840.753824 -0.109951317 -0.298832029 0.006908650 -0.049961250 0.048947830 -0.004553561 0.997540653
1341845840.789783 -0.097137213 -0.296097755 0.005375163 -0.047250219 0.044865832 -0.003746624 0.997867942
1341845840.821733 -0.094814502 -0.284745038 0.002763278 -0.045015350 0.046026070 -0.005366013 0.997911036
1341845840.853661 -0.104812942 -0.281490326 0.004163478 -0.045005240 0.047766916 -0.004510693 0.997833908
1341845840.889737 -0.105586417 -0.277916282 0.003878209 -0.045099467 0.045915976 -0.002392794 0.997923851
1341845840.921786 -0.097059742 -0.269756079 -0.001968382 -0.044801533 0.045670971 -0.002679655 0.997947812
1341845840.957782 -0.102506831 -0.260193825 0.000043906 -0.046566695 0.049185243 -0.003850350 0.997696102
1341845840.989777 -0.106572874 -0.260609776 0.003540390 -0.049493693 0.050555117 -0.003989337 0.997486174
1341845841.021755 -0.104847841 -0.260947019 0.006862823 -0.048647176 0.050832819 -0.002736221 0.997517943
1341845841.057797 -0.103573240 -0.260820866 0.007427818 -0.045167334 0.051941026 -0.002042766 0.997626126
1341845841.089861 -0.105185144 -0.251729131 0.005124473 -0.040889293 0.054101527 -0.003812838 0.997690618
1341845841.127763 -0.111669332 -0.243757203 0.007134007 -0.039436378 0.054978766 -0.006086202 0.997689843
1341845841.189794 -0.112097584 -0.237622052 0.008260634 -0.036456462 0.053619210 -0.014396302 0.997791886
1341845841.225871 -0.112925425 -0.232096449 0.007158087 -0.032741379 0.053348441 -0.016172294 0.997907996
1341845841.257769 -0.114457428 -0.222975582 0.008690629 -0.029316908 0.053034417 -0.017400883 0.998010576
1341845841.289834 -0.115232520 -0.211416036 0.004985378 -0.027640881 0.051958676 -0.015569651 0.998145223
1341845841.325856 -0.111361310 -0.199070662 0.004460467 -0.028584359 0.051175136 -0.014522362 0.998174906
1341845841.357778 -0.116486855 -0.197382793 0.014023276 -0.030771120 0.050836608 -0.014292507 0.998130500
1341845841.389747 -0.122282334 -0.201651290 0.014385398 -0.029110381 0.048353318 -0.012692291 0.998325348
1341845841.425648 -0.114675075 -0.203090265 0.021178780 -0.023862286 0.044920776 -0.008727954 0.998667359
1341845841.457784 -0.113205455 -0.190944090 0.025340671 -0.014521904 0.043925114 -0.002421412 0.998926342
1341845841.493636 -0.112849891 -0.173609227 0.011592841 -0.009519268 0.043089923 0.000675809 0.999025643
1341845841.525800 -0.106645927 -0.158861101 0.009447149 -0.011348533 0.042318277 0.002049197 0.999037623
1341845841.557776 -0.108961165 -0.157868624 0.013862181 -0.014729721 0.043094382 0.001955794 0.998960495
1341845841.593697 -0.119085185 -0.158765346 0.021943264 -0.016976878 0.042706903 0.003655537 0.998936713
1341845841.625800 -0.110537782 -0.158807784 0.022268722 -0.014847283 0.040045895 0.006023412 0.999069333
1341845841.657778 -0.109922729 -0.152035192 0.021580050 -0.011939355 0.040449131 0.006991561 0.999085784
1341845841.693890 -0.114660062 -0.143331751 0.022893390 -0.010530045 0.040517408 0.008810199 0.999084473
1341845841.725831 -0.112139434 -0.141695157 0.024118157 -0.011232916 0.039441627 0.008954839 0.999118626
1341845841.761977 -0.112903237 -0.134868354 0.025411004 -0.010215223 0.039297752 0.007455031 0.999147534
1341845841.793705 -0.116061419 -0.126356170 0.023890737 -0.011643825 0.038394917 0.007964574 0.999163091
1341845841.825907 -0.117379524 -0.128573522 0.027075194 -0.014252650 0.036656134 0.007721230 0.999196470
1341845841.862456 -0.118223213 -0.131069720 0.030482050 -0.013948410 0.035105053 0.008115325 0.999253333
1341845841.893840 -0.120071664 -0.132557586 0.033258311 -0.009567667 0.032970279 0.012066370 0.999337673
1341845841.925729 -0.115248866 -0.119724482 0.030312866 -0.005487809 0.030519342 0.014683040 0.999411225
1341845841.961799 -0.112803794 -0.116747350 0.028888730 -0.005699568 0.029670794 0.014000341 0.999445438
1341845841.994063 -0.111658394 -0.108845279 0.027773755 -0.005339222 0.030933702 0.011546376 0.999440491
1341845842.030345 -0.121138602 -0.100798950 0.026288314 -0.007451839 0.031588025 0.011377266 0.999408424
1341845842.061842 -0.116138726 -0.107587889 0.029554984 -0.009370297 0.028775282 0.013164555 0.999455273
1341845842.095648 -0.113288678 -0.099206805 0.026804397 -0.008283092 0.028367987 0.013969178 0.999465644
1341845842.130144 -0.115875103 -0.093360774 0.027938394 -0.008510655 0.029149136 0.015662707 0.999416113
1341845842.168651 -0.114606127 -0.087081008 0.028292963 -0.008697010 0.028987894 0.017669033 0.999385715
1341845842.204415 -0.116160296 -0.086802945 0.030668823 -0.008937337 0.029280405 0.018269373 0.999364316
1341845842.236995 -0.122425884 -0.082118735 0.033573929 -0.007145657 0.028448705 0.020233924 0.999364913
1341845842.298056 -0.114117384 -0.071127944 0.036110662 -0.003057017 0.022870781 0.024586979 0.999431372
1341845842.330531 -0.118528575 -0.063772261 0.029959239 -0.001304850 0.024430642 0.024528719 0.999399722
1341845842.362365 -0.122088291 -0.052423891 0.024547903 -0.002754721 0.023106311 0.026239283 0.999384820
1341845842.399606 -0.118124723 -0.052824933 0.031278487 -0.006300589 0.022153962 0.026355503 0.999387264
1341845842.439754 -0.113613479 -0.052412298 0.031578243 -0.007188389 0.022357224 0.026122170 0.999382854
1341845842.472222 -0.121176273 -0.049230833 0.033470847 -0.007375184 0.023147093 0.027160006 0.999335825
1341845842.506051 -0.122216120 -0.051647276 0.029701121 -0.007590095 0.020904932 0.028060755 0.999358773
1341845842.539739 -0.114334315 -0.048798304 0.030779658 -0.007063414 0.020248050 0.026878914 0.999408662
1341845842.597810 -0.123453401 -0.048985463 0.032910049 -0.005767718 0.021413762 0.025436452 0.999430418
1341845842.671782 -0.119582534 -0.031354140 0.035240989 -0.001202395 0.020711053 0.026409028 0.999435902
1341845842.733828 -0.123534240 -0.030537738 0.038007937 -0.000062112 0.019408142 0.032410327 0.999286175
1341845842.772554 -0.123084940 -0.018304059 0.034552597 0.001996338 0.019074066 0.034556691 0.999218702
1341845842.803667 -0.125801504 -0.009922706 0.036790214 0.000076810 0.019131515 0.036600053 0.999146879
1341845842.839779 -0.120944910 -0.012665449 0.035708394 -0.001738516 0.019313352 0.036386222 0.999149621
1341845842.871951 -0.126785532 -0.005131875 0.039452575 -0.001478099 0.020717528 0.035034642 0.999170244
1341845842.903766 -0.127649918 0.003748021 0.040242150 -0.002552942 0.019739911 0.035095476 0.999185741
1341845842.939694 -0.123372279 0.003778469 0.042581636 -0.005091133 0.019896617 0.033937365 0.999212921
1341845842.971703 -0.127143696 0.003591466 0.043960635 -0.004776844 0.020732606 0.033716466 0.999204993
1341845843.003637 -0.134849817 0.011274232 0.043084111 -0.004005425 0.019525591 0.036172532 0.999146760
1341845843.039687 -0.126278356 0.013643680 0.043841064 -0.004190186 0.017775845 0.038132865 0.999105752
1341845843.071786 -0.126935557 0.019636925 0.045142218 -0.003499381 0.019855181 0.038008001 0.999074042
1341845843.103725 -0.137095198 0.018106082 0.044215385 -0.003824234 0.020259766 0.040571585 0.998963892
1341845843.139742 -0.134251595 0.025439756 0.040461227 -0.001509952 0.016806195 0.042908769 0.998936474
1341845843.171825 -0.129426375 0.035340562 0.040733609 -0.002013140 0.016141243 0.040556017 0.999044836
1341845843.207907 -0.134245545 0.043272953 0.040834036 -0.004664811 0.017474385 0.036307018 0.999177039
1341845843.240014 -0.137903765 0.043043848 0.043725450 -0.008642921 0.016728658 0.033365168 0.999265850
1341845843.281910 -0.139222085 0.044324491 0.045333505 -0.009632951 0.014640006 0.033011451 0.999301314
1341845843.307930 -0.138672888 0.050063558 0.048776682 -0.009062023 0.013156980 0.032667924 0.999338567
1341845843.339844 -0.139591053 0.052722052 0.051109832 -0.008513336 0.012832317 0.033811618 0.999309599
1341845843.407961 -0.137733474 0.073599674 0.051182877 -0.003425027 0.016167549 0.036205556 0.999207675
1341845843.469698 -0.131409526 0.087050125 0.050836820 -0.004622295 0.017992901 0.036686432 0.999154150
1341845843.501755 -0.142759576 0.093256131 0.057585727 -0.006436789 0.021827210 0.035788950 0.999100208
1341845843.537749 -0.145347893 0.093627416 0.056736052 -0.007786348 0.019534199 0.039720420 0.998989522
1341845843.601912 -0.142617524 0.113688394 0.061701383 -0.011668410 0.020439710 0.036590151 0.999053180
1341845843.637854 -0.139992818 0.120545387 0.059103489 -0.013838869 0.019588992 0.036536459 0.999044418
1341845843.669935 -0.135548741 0.119792089 0.062063504 -0.014769631 0.021271676 0.037608914 0.998956919
1341845843.705705 -0.136273965 0.132598966 0.059816577 -0.013649691 0.024276895 0.039809439 0.998819053
1341845843.738087 -0.138986185 0.134064749 0.068224169 -0.015882978 0.026695769 0.040867679 0.998681605
1341845843.769868 -0.138406858 0.138058230 0.070453539 -0.013941366 0.027475512 0.043650169 0.998571634
1341845843.805741 -0.137074694 0.145900294 0.066131368 -0.012124729 0.029122474 0.045479454 0.998467088
1341845843.837731 -0.134084404 0.152266696 0.065298960 -0.012771799 0.031560153 0.045197707 0.998397708
1341845843.869723 -0.135015428 0.153585076 0.071746945 -0.013862493 0.034486976 0.044327021 0.998325408
1341845843.905817 -0.133447856 0.154080331 0.075216576 -0.011336581 0.035350692 0.046806168 0.998213887
1341845843.937846 -0.130175486 0.155162841 0.068699151 -0.007983738 0.037115395 0.049522068 0.998051226
1341845843.973843 -0.122868739 0.166640252 0.069559529 -0.004858118 0.041331507 0.050890598 0.997836769
1341845844.005877 -0.132880718 0.164670110 0.074345022 -0.004834132 0.044920903 0.051285055 0.997661531
1341845844.037839 -0.133250177 0.172697231 0.068901621 -0.002169724 0.043963589 0.050679341 0.997744501
1341845844.073843 -0.125941828 0.180570811 0.069202133 -0.002578533 0.044730317 0.046981987 0.997890413
1341845844.105844 -0.128325760 0.180051699 0.070726931 -0.002890095 0.047767531 0.044308636 0.997871041
1341845844.137727 -0.131254598 0.184120506 0.070000976 -0.002027402 0.048538852 0.044180822 0.997841656
1341845844.173729 -0.128883168 0.188155562 0.069810450 -0.000343894 0.048365910 0.042812683 0.997911632
1341845844.205772 -0.130391285 0.198759884 0.068473786 -0.001354530 0.049750514 0.040537994 0.997937739
1341845844.241826 -0.131661505 0.190044045 0.073387884 -0.002565187 0.049220454 0.042518072 0.997879207
1341845844.273743 -0.124181464 0.200512081 0.072181270 0.005373623 0.047334671 0.046894390 0.997763216
1341845844.305737 -0.128172845 0.209646851 0.069735497 0.007398710 0.048483130 0.049529061 0.997567832
1341845844.341702 -0.128592640 0.222642794 0.066705488 0.005597632 0.048179228 0.048525304 0.997643590
1341845844.373700 -0.129900247 0.225971878 0.071787134 0.001685017 0.047932357 0.047364574 0.997725546
1341845844.409780 -0.130756512 0.230625451 0.072008304 0.000225501 0.047154218 0.050221890 0.997624278
1341845844.441868 -0.131840840 0.241556168 0.072949380 -0.000740352 0.046708930 0.050617751 0.997624934
1341845844.473633 -0.128983989 0.246307403 0.073485382 -0.003071287 0.047512498 0.051314969 0.997546971
1341845844.509732 -0.130078822 0.251540959 0.073123142 -0.004288126 0.048967887 0.053189214 0.997373879
1341845844.541734 -0.134479523 0.260858417 0.074965015 -0.006202871 0.048397906 0.054616939 0.997314453
1341845844.573798 -0.132461727 0.266017199 0.076217301 -0.009015134 0.046641450 0.054120827 0.997403741
1341845844.609774 -0.134460852 0.267770529 0.075802855 -0.010975678 0.047267977 0.054958470 0.997308791
1341845844.641742 -0.141257808 0.271500081 0.080779523 -0.011182655 0.046015140 0.055729590 0.997322321
1341845844.677619 -0.140292630 0.278523922 0.074726626 -0.007587853 0.040370397 0.060617771 0.997315466
1341845844.709820 -0.144285604 0.289521694 0.074420087 -0.008127214 0.038723882 0.059974160 0.997415423
1341845844.741764 -0.151680976 0.287824720 0.073190555 -0.011365845 0.035493981 0.061626099 0.997403204
1341845844.778110 -0.148742184 0.294329524 0.075389825 -0.013050172 0.031511828 0.059223086 0.997661948
1341845844.811162 -0.155655205 0.298764110 0.074305505 -0.012994046 0.028099112 0.057718065 0.997852802
1341845844.842336 -0.154876634 0.324862599 0.068720534 -0.013200519 0.022017403 0.058797445 0.997939825
1341845844.883762 -0.157535374 0.311285704 0.085931711 -0.018044170 0.019477705 0.053806935 0.998198271
1341845844.947016 -0.168273509 0.319632143 0.077788092 -0.017020199 0.010786965 0.051814824 0.998453379
1341845844.977793 -0.157372430 0.330244452 0.078368649 -0.016486542 0.007398215 0.046419792 0.998758554
1341845845.009670 -0.160149738 0.328921348 0.082194395 -0.018825227 0.006199057 0.043950707 0.998837054
1341845845.045698 -0.162059009 0.329913527 0.076955698 -0.018494526 0.001107195 0.042640746 0.998918653
1341845845.077748 -0.154064596 0.342037231 0.076645255 -0.017848535 -0.001112752 0.036956932 0.999156833
1341845845.109679 -0.154800743 0.347260892 0.079789713 -0.019359063 0.000380951 0.033318724 0.999257207
1341845845.145640 -0.152803078 0.342870772 0.081852920 -0.021151680 -0.000620433 0.034661911 0.999175072
1341845845.177719 -0.146187812 0.356184632 0.085949950 -0.018423857 -0.001189271 0.032581344 0.999298573
1341845845.213604 -0.142520562 0.363996863 0.080460578 -0.019183842 0.001347769 0.032088537 0.999300003
1341845845.245741 -0.139444768 0.361761451 0.085815549 -0.022436600 0.002281456 0.033851855 0.999172390
1341845845.277905 -0.141980350 0.358547240 0.081057444 -0.022216488 0.003320529 0.034119047 0.999165297
1341845845.314159 -0.145162463 0.375646323 0.075839348 -0.019678868 0.003634350 0.033387888 0.999242067
1341845845.345748 -0.141701475 0.378360987 0.080199279 -0.021730676 0.003459799 0.032351632 0.999234319
1341845845.381704 -0.146522716 0.380842447 0.081949770 -0.023048572 0.003508720 0.032838162 0.999188721
1341845845.413648 -0.145809263 0.386211634 0.085156612 -0.023741582 0.001684556 0.033170264 0.999166250
1341845845.445777 -0.143595010 0.394494116 0.079342626 -0.023119379 -0.000815398 0.031878140 0.999224007
1341845845.481809 -0.147314489 0.412601560 0.079816274 -0.024611615 -0.000281587 0.026203761 0.999353528
1341845845.514332 -0.149978757 0.399421275 0.087664485 -0.029677555 -0.001176012 0.026044343 0.999219477
1341845845.545717 -0.151957989 0.411841691 0.081947796 -0.029201629 -0.002994136 0.027090726 0.999201894
1341845845.581658 -0.146113679 0.419024527 0.079671435 -0.030896625 -0.005881266 0.025834564 0.999171317
1341845845.613959 -0.150462896 0.433239609 0.073876418 -0.032711662 -0.003587055 0.021275276 0.999231935
1341845845.649696 -0.143486440 0.423345029 0.086176790 -0.038482130 -0.005234572 0.024448842 0.998946428
1341845845.682034 -0.153136745 0.423713326 0.087194301 -0.037426144 -0.006437568 0.025797186 0.998945594
1341845845.714232 -0.152536437 0.451522619 0.074771158 -0.034242343 -0.006586487 0.024274044 0.999096990
1341845845.751971 -0.158658475 0.459384501 0.079933964 -0.039005890 -0.004214121 0.020675706 0.999016166
1341845845.787747 -0.150230274 0.449851096 0.092507578 -0.043168418 -0.005516043 0.019548530 0.998861313
1341845845.820616 -0.148209512 0.456197619 0.090678848 -0.042470589 -0.007018521 0.021326173 0.998845398
1341845845.887653 -0.145436957 0.468826473 0.091603659 -0.044291969 -0.005943100 0.017403185 0.998849392
1341845845.949895 -0.140140027 0.482744932 0.097728632 -0.042819999 -0.005009989 0.019506812 0.998879790
1341845845.981855 -0.135219604 0.493139654 0.091293000 -0.043332480 -0.003384416 0.020266399 0.998849392
1341845846.017822 -0.137180910 0.488791645 0.093725227 -0.046238557 -0.002152883 0.020179627 0.998724282
1341845846.049788 -0.137419641 0.495412737 0.095074013 -0.043941244 -0.001263071 0.021024782 0.998812020
1341845846.081697 -0.140028581 0.502081454 0.091352455 -0.043804124 -0.001403417 0.021318782 0.998811662
1341845846.117753 -0.138097808 0.507233799 0.092487566 -0.045309730 -0.002664953 0.020376626 0.998761594
1341845846.149729 -0.139639884 0.511920750 0.094645001 -0.045513641 -0.003194903 0.021682976 0.998723269
1341845846.185551 -0.137648389 0.520349860 0.094695300 -0.046381589 -0.005015492 0.024599656 0.998608232
1341845846.217670 -0.135583073 0.526344538 0.093592040 -0.047751360 -0.005178907 0.025087325 0.998530746
1341845846.249670 -0.137271374 0.535846531 0.091741756 -0.050443474 -0.004653038 0.027430700 0.998339295
1341845846.285621 -0.138099015 0.535470247 0.094196051 -0.053133383 -0.005138786 0.028500855 0.998167396
1341845846.318706 -0.133330867 0.548736572 0.090260759 -0.054080982 -0.004975997 0.027237074 0.998152614
1341845846.349746 -0.135057703 0.546998024 0.092194043 -0.058482904 -0.004008859 0.029408675 0.997847080
1341845846.385823 -0.132782042 0.553244889 0.091655776 -0.059704814 -0.004860928 0.030900037 0.997725844
1341845846.417804 -0.134857535 0.561033905 0.087372966 -0.061828736 -0.002565116 0.029387381 0.997650743
1341845846.453757 -0.140761420 0.559685647 0.089416809 -0.065881588 -0.001365691 0.033454344 0.997265518
1341845846.485915 -0.131410599 0.569390297 0.088555284 -0.066692181 -0.004131597 0.033836424 0.997191131
1341845846.517804 -0.134355053 0.581932068 0.089651823 -0.066464320 -0.000664752 0.031059012 0.997305036
1341845846.553866 -0.124494433 0.576973259 0.088991694 -0.073138945 -0.001665895 0.033549577 0.996755898
1341845846.585802 -0.122247681 0.575057566 0.090388939 -0.074874796 -0.002780712 0.032872792 0.996647060
1341845846.621952 -0.129458189 0.590107322 0.084689073 -0.073345743 0.000322964 0.030173294 0.996849954
1341845846.653735 -0.125886694 0.580907881 0.085445046 -0.078033835 -0.000541619 0.030807205 0.996474445
1341845846.687048 -0.126814216 0.578881085 0.086787738 -0.078424364 0.000575418 0.027581131 0.996538281
1341845846.721930 -0.130088821 0.573637486 0.084963605 -0.079423554 0.003130452 0.026585594 0.996481478
1341845846.755684 -0.127183720 0.565895200 0.080602169 -0.080733448 0.002320706 0.028179916 0.996334612
1341845846.785987 -0.122335248 0.567150891 0.082671270 -0.078333601 0.001448141 0.027127091 0.996556997
1341845846.821760 -0.126390234 0.565609813 0.081494160 -0.077134259 0.003871875 0.024842668 0.996703625
1341845846.853756 -0.133829802 0.543528676 0.079931527 -0.079156660 0.005564236 0.025614547 0.996517539
1341845846.889724 -0.123282105 0.528303742 0.083223768 -0.075677708 0.002078362 0.028653031 0.996718407
1341845846.921756 -0.123699099 0.528154492 0.083053134 -0.070942841 0.002507679 0.025312709 0.997156024
1341845846.953776 -0.131250337 0.519035280 0.079700209 -0.069622822 0.004387501 0.025002992 0.997250319
1341845846.989607 -0.135089800 0.501314938 0.078594632 -0.067167237 0.003468454 0.026382491 0.997386813
1341845847.021791 -0.136065081 0.501997054 0.079591967 -0.060772035 0.002941106 0.025245940 0.997828007
1341845847.053671 -0.138533771 0.496950269 0.077357776 -0.059567284 0.002790964 0.024216663 0.997926593
1341845847.089677 -0.145372227 0.470945418 0.085730992 -0.062168259 0.000890749 0.023413168 0.997790635
1341845847.121825 -0.128969684 0.476042777 0.083896548 -0.053021844 -0.003983644 0.021204013 0.998360276
1341845847.157737 -0.128942981 0.472302347 0.080033779 -0.049579982 -0.002762571 0.021152912 0.998542309
1341845847.189613 -0.125257343 0.457975835 0.078894928 -0.047344290 -0.002416639 0.022858774 0.998614132
1341845847.221790 -0.117819741 0.450417638 0.078985229 -0.043719687 -0.001413893 0.024102164 0.998752058
1341845847.257718 -0.121675812 0.442187846 0.076132573 -0.041604374 0.001223061 0.024753012 0.998826742
1341845847.289652 -0.126101732 0.428547978 0.075240023 -0.040523116 0.001790923 0.026210574 0.998833120
1341845847.321777 -0.121429101 0.425147921 0.073781379 -0.037198290 0.002069278 0.024044789 0.999016464
1341845847.357899 -0.122932784 0.412333578 0.072377205 -0.036544003 0.003651418 0.022922207 0.999062419
1341845847.390176 -0.121055633 0.407206923 0.069810070 -0.034209214 0.003388631 0.022041019 0.999165893
1341845847.425786 -0.119173110 0.399047911 0.068593629 -0.033949167 0.004917772 0.019455696 0.999222100
1341845847.489945 -0.123450331 0.377838731 0.063413940 -0.033233155 0.005563620 0.021176085 0.999207735
1341845847.525805 -0.123772740 0.371127307 0.057854842 -0.033589847 0.003870476 0.020216610 0.999223709
1341845847.557741 -0.121369161 0.371299893 0.050052669 -0.035724536 0.001738915 0.014341558 0.999257207
1341845847.593782 -0.118553773 0.344912052 0.057534568 -0.042194042 -0.000696444 0.013561429 0.999017119
1341845847.625656 -0.116548203 0.326001406 0.050161172 -0.040531382 -0.000938014 0.013643478 0.999084651
1341845847.657670 -0.113469183 0.321627915 0.045245323 -0.037850972 -0.001486672 0.016463352 0.999146640
1341845847.693751 -0.113879330 0.320035726 0.040988974 -0.036501516 -0.000927525 0.016960353 0.999189198
1341845847.725684 -0.114196017 0.310974896 0.038219690 -0.036806259 0.000525078 0.016095955 0.999192655
1341845847.757787 -0.113410108 0.293885052 0.038900658 -0.037160810 0.000420849 0.020300584 0.999103010
1341845847.793826 -0.114864908 0.294687629 0.032058001 -0.034897640 -0.001442909 0.021675721 0.999154747
1341845847.825684 -0.123058006 0.296245158 0.026143560 -0.033665471 -0.000260882 0.018185735 0.999267638
1341845847.861928 -0.130523980 0.289056629 0.022447474 -0.033878103 0.000041061 0.018623518 0.999252439
1341845847.893697 -0.121029533 0.269198388 0.027721284 -0.037308674 -0.004298870 0.024342356 0.998998046
1341845847.925644 -0.124945551 0.275515348 0.017425580 -0.031847518 -0.005558450 0.023476809 0.999201536
1341845847.961946 -0.126414567 0.270197690 0.015533811 -0.032331672 -0.004186088 0.022867171 0.999206781
1341845847.993685 -0.125216410 0.254435420 0.018005937 -0.033456746 -0.005815062 0.026928123 0.999060392
1341845848.025620 -0.125426248 0.256518781 0.017677331 -0.031763166 -0.006837294 0.026720453 0.999114752
1341845848.061715 -0.126941532 0.246144667 0.015090419 -0.031634863 -0.006194717 0.027158119 0.999111235
1341845848.093689 -0.130130723 0.242893651 0.010443449 -0.031929478 -0.007343850 0.027773242 0.999077201
1341845848.132119 -0.131216228 0.235753059 0.012346742 -0.032338120 -0.009680958 0.026240267 0.999085546
1341845848.167711 -0.126109913 0.231920764 0.008828905 -0.031756002 -0.010217320 0.023006963 0.999178588
1341845848.200502 -0.129337847 0.222011656 0.004949769 -0.033187490 -0.009388609 0.023514366 0.999128401
1341845848.232265 -0.130215004 0.215603843 0.005951726 -0.033661515 -0.011345577 0.023835182 0.999084592
1341845848.267873 -0.123671502 0.207122073 0.002754120 -0.033158757 -0.012218168 0.024320625 0.999079466
1341845848.301135 -0.120772697 0.205994472 0.000560005 -0.033514481 -0.011927323 0.025164895 0.999050140
1341845848.335735 -0.127805114 0.201352298 -0.003385307 -0.037631232 -0.012876686 0.025747051 0.998876929
1341845848.367757 -0.125023693 0.191487134 -0.003118040 -0.039340742 -0.014617713 0.023466015 0.998843312
1341845848.399644 -0.127034441 0.186817303 -0.006543477 -0.039657827 -0.014903266 0.023072654 0.998835742
1341845848.435802 -0.128744543 0.177549481 -0.005496399 -0.041585904 -0.019101052 0.026932837 0.998589218
1341845848.467705 -0.119020849 0.183549091 -0.012658197 -0.040402107 -0.020584499 0.021614669 0.998737574
1341845848.503759 -0.123248003 0.175515369 -0.012571903 -0.042217009 -0.016703149 0.021415101 0.998739243
1341845848.536036 -0.125498116 0.164815411 -0.012212796 -0.043942127 -0.017234189 0.025048684 0.998571336
1341845848.567958 -0.118202850 0.159928665 -0.008204880 -0.043418676 -0.019897563 0.026748484 0.998500586
1341845848.603657 -0.117052205 0.159428462 -0.011108912 -0.043306209 -0.019215461 0.025914416 0.998540819
1341845848.635797 -0.118864879 0.148838893 -0.012527431 -0.045200042 -0.019711364 0.027104292 0.998415649
1341845848.671815 -0.120317973 0.136754662 -0.009806271 -0.044867974 -0.020741140 0.027271042 0.998405218
1341845848.703677 -0.115526482 0.133108795 -0.012052016 -0.039573960 -0.020479964 0.027624831 0.998624742
1341845848.735781 -0.117956221 0.128987998 -0.014353530 -0.036174782 -0.018760595 0.029406888 0.998736501
1341845848.771647 -0.118234180 0.124990307 -0.013112209 -0.034315731 -0.018819153 0.032272059 0.998712540
1341845848.803783 -0.112634279 0.124002412 -0.017900296 -0.032055743 -0.017996695 0.032691397 0.998789132
1341845848.839757 -0.115180127 0.134579822 -0.023231095 -0.031685796 -0.014460006 0.030253591 0.998935223
1341845848.871829 -0.115434431 0.126277894 -0.015488203 -0.037312310 -0.011912170 0.027877823 0.998843670
1341845848.903622 -0.110381052 0.101571925 -0.012556751 -0.037876330 -0.008737721 0.027266424 0.998872161
1341845848.940608 -0.097116016 0.105431557 -0.001655206 -0.027736306 -0.004569195 0.032742504 0.999068439
1341845848.972843 -0.112212189 0.115329653 -0.002033746 -0.021737389 0.001484064 0.034255188 0.999175608
1341845849.008613 -0.109617367 0.116399139 0.002609185 -0.019900743 0.003206904 0.032133568 0.999280334
1341845849.072005 -0.116054498 0.117693298 0.015719822 -0.016688257 0.008432424 0.030825993 0.999349833
1341845849.133777 -0.100402385 0.123742275 0.025599530 -0.017968560 0.013078589 0.025039064 0.999439418
1341845849.165908 -0.109965533 0.120691434 0.037092406 -0.018421892 0.018002547 0.025413033 0.999345183
1341845849.201651 -0.112408012 0.117672451 0.043575000 -0.016649220 0.018122319 0.027943790 0.999306500
1341845849.233648 -0.105766654 0.124347940 0.047522314 -0.015131929 0.018364651 0.027506242 0.999338388
1341845849.265690 -0.108652435 0.128583446 0.052330177 -0.016206788 0.021483567 0.025711661 0.999307096
1341845849.301701 -0.117582463 0.126294255 0.062498882 -0.018669980 0.022462189 0.024877144 0.999263704
1341845849.333730 -0.116904803 0.127848223 0.071789719 -0.019154990 0.020443635 0.024693847 0.999302447
1341845849.369727 -0.116348743 0.130592391 0.080649212 -0.020117246 0.019747991 0.023896514 0.999316931
1341845849.401811 -0.116230443 0.124199189 0.091293551 -0.020929616 0.018822132 0.024173355 0.999311447
1341845849.433692 -0.114991270 0.129992828 0.096455291 -0.018961256 0.018957106 0.023612913 0.999361575
1341845849.469648 -0.121438257 0.130777821 0.107281804 -0.019920660 0.020053890 0.023436958 0.999325633
1341845849.501641 -0.116787821 0.128959849 0.116854139 -0.020747179 0.018349865 0.024007978 0.999328017
1341845849.533689 -0.116614081 0.129351676 0.125264615 -0.020259591 0.019400768 0.023215039 0.999336898
1341845849.569780 -0.120467782 0.136978254 0.134948090 -0.020777438 0.020234153 0.022708885 0.999321342
1341845849.601759 -0.116374440 0.130298525 0.147791371 -0.023463005 0.020081243 0.022037283 0.999280035
1341845849.637837 -0.117295869 0.128906608 0.156110123 -0.022484848 0.022613950 0.022398559 0.999240398
1341845849.669719 -0.118280567 0.133520901 0.167564586 -0.021555552 0.024381410 0.022719132 0.999212027
1341845849.701927 -0.118766904 0.134502113 0.177166283 -0.021934282 0.026211502 0.021148376 0.999191940
1341845849.737804 -0.119220406 0.134397060 0.189706102 -0.022097167 0.029194314 0.020373227 0.999121785
1341845849.769688 -0.128432676 0.135584310 0.198132887 -0.022158802 0.031149611 0.020974021 0.999048948
1341845849.805874 -0.129043311 0.132547587 0.209377080 -0.022649551 0.029214861 0.021680284 0.999081314
1341845849.838002 -0.122182727 0.138882995 0.212952584 -0.022226200 0.028016519 0.020508744 0.999149859
1341845849.873756 -0.122948945 0.140246436 0.222633049 -0.024572957 0.029618654 0.017925652 0.999098361
1341845849.905773 -0.129068092 0.134817600 0.234393179 -0.026438646 0.029992383 0.017631449 0.999044836
1341845849.942380 -0.122015275 0.133131206 0.239712507 -0.025153125 0.029617220 0.017890926 0.999084592
1341845849.969808 -0.124722868 0.139504969 0.247530967 -0.024665607 0.033023380 0.016610041 0.999012113
1341845850.006040 -0.129359961 0.137401104 0.261942714 -0.026071237 0.033269729 0.015345173 0.998988450
1341845850.038041 -0.129182771 0.136323020 0.271889836 -0.026507385 0.032662831 0.012567564 0.999035776
1341845850.073843 -0.128627315 0.135669902 0.278160483 -0.025148528 0.033211913 0.011732473 0.999063015
1341845850.137727 -0.138321459 0.144264117 0.294379324 -0.026210094 0.032648947 0.009389241 0.999079049
1341845850.173748 -0.137008920 0.139341801 0.305915684 -0.028509198 0.029640768 0.007106713 0.999128699
1341845850.205888 -0.135475069 0.138211906 0.312084854 -0.029052144 0.028275831 0.007388473 0.999150574
1341845850.242190 -0.135946125 0.138606369 0.315653920 -0.029434294 0.027150890 0.008028926 0.999165654
1341845850.276369 -0.136848018 0.139136493 0.325041533 -0.030082138 0.025474584 0.006841495 0.999199331
1341845850.311979 -0.136569843 0.139860526 0.332874775 -0.030761059 0.024378166 0.005455106 0.999214530
1341845850.343827 -0.137040451 0.144728199 0.340961784 -0.032156296 0.022955190 0.004229523 0.999210238
1341845850.380151 -0.134374097 0.136968106 0.350712836 -0.034675904 0.022289362 0.003116490 0.999145150
1341845850.412359 -0.132374987 0.134660020 0.356743872 -0.033829231 0.023052419 0.003800594 0.999154508
1341845850.447279 -0.131536275 0.137831807 0.365410328 -0.033081315 0.024316670 0.005871980 0.999139547
1341845850.511722 -0.127038345 0.135106370 0.378304452 -0.029383251 0.026821110 0.010723254 0.999150753
1341845850.573894 -0.128863916 0.134683639 0.394079715 -0.027603732 0.029222207 0.012280836 0.999116242
1341845850.609794 -0.128115937 0.138033882 0.396462798 -0.025381429 0.029549863 0.012196657 0.999166548
1341845850.641744 -0.126468420 0.135310382 0.404383004 -0.026019769 0.028467400 0.011348746 0.999191582
1341845850.673755 -0.122963026 0.134577498 0.408276916 -0.024235452 0.027978603 0.009500337 0.999269545
1341845850.709784 -0.122121342 0.135986105 0.414371371 -0.023772832 0.029617341 0.008754457 0.999240220
1341845850.741802 -0.128314510 0.134381220 0.421937406 -0.023168609 0.029660858 0.010063456 0.999240816
1341845850.777740 -0.120316274 0.136991069 0.427651316 -0.022620495 0.027347775 0.010794848 0.999311686
1341845850.841900 -0.123844951 0.141140103 0.437720239 -0.021899432 0.028123105 0.010334063 0.999311149
1341845850.877766 -0.121729910 0.138561040 0.445455700 -0.023646276 0.027154308 0.009535250 0.999306023
1341845850.909781 -0.118273452 0.141363040 0.450893015 -0.023499459 0.027689401 0.009417420 0.999295950
1341845850.941758 -0.120431609 0.142275885 0.457756817 -0.024731254 0.028652195 0.010088525 0.999232531
1341845850.977762 -0.122842230 0.140539959 0.463796765 -0.025360802 0.028347597 0.012452838 0.999198735
1341845851.009834 -0.117631644 0.145433545 0.468534708 -0.024636613 0.026584707 0.014792931 0.999233425
1341845851.045751 -0.116719626 0.146300986 0.475269556 -0.026011001 0.027192993 0.016116885 0.999161720
1341845851.077894 -0.118095845 0.142332748 0.483275265 -0.025900180 0.028011326 0.018141575 0.999107301
1341845851.109747 -0.119600348 0.149914950 0.485457361 -0.024070149 0.027831340 0.018970417 0.999142706
1341845851.145889 -0.117240280 0.154140010 0.491827339 -0.026445096 0.025929509 0.016746175 0.999173582
1341845851.177904 -0.112437166 0.151492059 0.499238610 -0.028869547 0.026171951 0.013718142 0.999146342
1341845851.209882 -0.122124724 0.155977190 0.503001809 -0.029708182 0.028171903 0.012197636 0.999087095
1341845851.251733 -0.122366823 0.153090268 0.511828601 -0.032521546 0.024840500 0.011441508 0.999096811
1341845851.313813 -0.117264092 0.153882414 0.520495951 -0.029467339 0.026681708 0.011140859 0.999147475
1341845851.345834 -0.123374492 0.151703790 0.527993023 -0.028902311 0.025519783 0.014213075 0.999155343
1341845851.377718 -0.118245356 0.155834228 0.530003726 -0.025945667 0.022336602 0.016636828 0.999275267
1341845851.413805 -0.117888816 0.163933560 0.531068385 -0.025550980 0.021919385 0.015926937 0.999306262
1341845851.445896 -0.127531633 0.160024881 0.537635684 -0.029410191 0.021258857 0.014102955 0.999241829
1341845851.478163 -0.123132184 0.162534326 0.542346358 -0.029128635 0.017116897 0.014743645 0.999320328
1341845851.514640 -0.116268992 0.168135539 0.544460833 -0.030084729 0.016008196 0.015141576 0.999304473
1341845851.546201 -0.119911812 0.167601898 0.548274517 -0.033043701 0.017472623 0.015647069 0.999178648
1341845851.581975 -0.117341116 0.161273405 0.554971218 -0.034540702 0.017294396 0.019306224 0.999067128
1341845851.616214 -0.116138674 0.166960776 0.555271804 -0.030677566 0.018277992 0.024892781 0.999052107
1341845851.681977 -0.115160033 0.165428936 0.566373348 -0.032429416 0.016237987 0.026669707 0.998986185
1341845851.714139 -0.116400845 0.169673353 0.566901386 -0.030234205 0.017317295 0.027045529 0.999026775
1341845851.745927 -0.119914971 0.169876218 0.569205105 -0.031074898 0.015612204 0.028541040 0.998987496
1341845851.781911 -0.111892074 0.169391125 0.574135482 -0.031869341 0.012655379 0.026625514 0.999057174
1341845851.813848 -0.108948544 0.168885991 0.575632036 -0.030960239 0.013846569 0.024413230 0.999126494
1341845851.849910 -0.113066986 0.167091951 0.578380585 -0.031544071 0.014472524 0.022969533 0.999133587
1341845851.881832 -0.104931436 0.159063905 0.581636667 -0.029674204 0.012758576 0.021800563 0.999240398
1341845851.913735 -0.100338921 0.170337260 0.576264977 -0.024565594 0.014666658 0.019066937 0.999408782
1341845851.949904 -0.104968138 0.163230389 0.578107536 -0.027718911 0.016542733 0.015300845 0.999361753
1341845851.982005 -0.096297659 0.159859315 0.575878561 -0.025481103 0.016114544 0.012808372 0.999463320
1341845852.017909 -0.098595574 0.163287356 0.571878374 -0.023977041 0.019169224 0.011842074 0.999458551
1341845852.050012 -0.093564421 0.163774341 0.568403065 -0.024395740 0.020633101 0.009672986 0.999442637
1341845852.082035 -0.094122954 0.160389438 0.569687784 -0.025082249 0.024406938 0.008953813 0.999347270
1341845852.121076 -0.090618797 0.164062187 0.565246105 -0.023527477 0.026759272 0.010255409 0.999312401
1341845852.163838 -0.089315169 0.161176905 0.560401320 -0.024841247 0.030265389 0.010382271 0.999179244
1341845852.190660 -0.093305536 0.162695259 0.557327330 -0.023375290 0.033464000 0.012258882 0.999091327
1341845852.223981 -0.094114177 0.159199655 0.553088605 -0.024372721 0.033905245 0.013165441 0.999041080
1341845852.286726 -0.098444119 0.161879480 0.543049812 -0.022393918 0.033927362 0.014048648 0.999074638
1341845852.349834 -0.095630132 0.157526553 0.535588920 -0.024917547 0.030158935 0.016811555 0.999093056
1341845852.385657 -0.103734240 0.154915825 0.529838324 -0.024990998 0.029752655 0.019630199 0.999051988
1341845852.417731 -0.100870840 0.161343008 0.525205672 -0.025431754 0.026033556 0.019962154 0.999138117
1341845852.449741 -0.097108431 0.152524129 0.519208491 -0.027762115 0.025608215 0.018076403 0.999122977
1341845852.485861 -0.106413275 0.161293224 0.509920061 -0.026765475 0.025750423 0.017080965 0.999164045
1341845852.517876 -0.106913894 0.156055525 0.504919469 -0.030172255 0.023225116 0.015390755 0.999156356
1341845852.553887 -0.108277194 0.148007616 0.498456180 -0.029643767 0.021954551 0.017427886 0.999167383
1341845852.617891 -0.115137599 0.150748342 0.483281106 -0.030388879 0.018938970 0.019000338 0.999178052
1341845852.653840 -0.113011099 0.153754234 0.474619657 -0.029776590 0.017535744 0.017902767 0.999242365
1341845852.685926 -0.118054017 0.152320847 0.468131155 -0.031093337 0.018618936 0.017248388 0.999194205
1341845852.717821 -0.122504629 0.150822565 0.460651487 -0.031542607 0.017376056 0.020644009 0.999138117
1341845852.753958 -0.115813717 0.154543206 0.449245483 -0.030268889 0.016183363 0.022443736 0.999158740
1341845852.785766 -0.122419685 0.157534346 0.443175286 -0.031619970 0.019800633 0.022973446 0.999039710
1341845852.822784 -0.125865310 0.150348932 0.434193045 -0.032652084 0.019417001 0.024584239 0.998975694
1341845852.885924 -0.124515928 0.153414577 0.417451501 -0.032841414 0.021385740 0.023225199 0.998961806
1341845852.921581 -0.129377082 0.155806452 0.409764349 -0.031824227 0.022160400 0.023199063 0.998978436
1341845852.953977 -0.126072302 0.149536267 0.400714099 -0.031407550 0.023173980 0.021963377 0.998996556
1341845852.989721 -0.132621080 0.159655049 0.393281668 -0.027577417 0.025710642 0.021260273 0.999062777
1341845853.021716 -0.140394449 0.159550801 0.386752158 -0.031842232 0.023610540 0.017938705 0.999052942
1341845853.053750 -0.138135687 0.154493988 0.380250961 -0.031953692 0.021243270 0.017872315 0.999103725
1341845853.089814 -0.140873805 0.163653001 0.369040221 -0.031087218 0.021125989 0.017564883 0.999139011
1341845853.121864 -0.144292399 0.156205133 0.363894433 -0.034741361 0.020089932 0.016713744 0.999054611
1341845853.159690 -0.143726826 0.153645068 0.356746852 -0.032976262 0.019905057 0.017773623 0.999099791
1341845853.195824 -0.147927687 0.158945158 0.347894698 -0.030315291 0.020155583 0.018741148 0.999161363
1341845853.227731 -0.148035660 0.161542669 0.340769589 -0.030799104 0.018977556 0.018524321 0.999173701
1341845853.263703 -0.146489665 0.151213408 0.332474887 -0.031171266 0.019630117 0.017533077 0.999167442
1341845853.296490 -0.152387470 0.153281078 0.323693812 -0.028397068 0.021303184 0.017442910 0.999217451
1341845853.327753 -0.159188583 0.154870078 0.315298587 -0.027264090 0.020306958 0.018244023 0.999255478
1341845853.363891 -0.151632905 0.150736406 0.306660026 -0.026987027 0.018506890 0.018354202 0.999295890
1341845853.395726 -0.152440906 0.154703483 0.296622038 -0.024516350 0.020684235 0.017615421 0.999330163
1341845853.463774 -0.161682695 0.149411991 0.279300451 -0.025343511 0.019635592 0.017110296 0.999339461
1341845853.525799 -0.170691594 0.154250309 0.262974471 -0.026465613 0.020670984 0.014267792 0.999334157
1341845853.557770 -0.170431241 0.151250169 0.253282636 -0.026106143 0.018248400 0.015458024 0.999373078
1341845853.589705 -0.169742599 0.153163463 0.243666530 -0.025188057 0.017985111 0.015784778 0.999396324
1341845853.625908 -0.175189912 0.154293209 0.233618125 -0.025238588 0.017971823 0.016038302 0.999391198
1341845853.657783 -0.175387591 0.152446747 0.226560026 -0.025888840 0.016743110 0.016918872 0.999381423
1341845853.689930 -0.174868554 0.152731240 0.216810480 -0.023715639 0.017641986 0.018350840 0.999394596
1341845853.725779 -0.178600281 0.156286091 0.205636844 -0.022657281 0.019031890 0.018645091 0.999388218
1341845853.757962 -0.180805698 0.153999254 0.198970631 -0.022838574 0.019396774 0.020501019 0.999340713
1341845853.793750 -0.182944342 0.154403120 0.188324422 -0.020500435 0.019831270 0.022654355 0.999336421
1341845853.825783 -0.185221612 0.159307554 0.179736853 -0.020025151 0.020001395 0.021692270 0.999364018
1341845853.857700 -0.192303732 0.155420870 0.173043326 -0.020905353 0.019992284 0.020684883 0.999367476
1341845853.893805 -0.194492817 0.156450540 0.163264081 -0.019665344 0.017889187 0.019664083 0.999453127
1341845853.925836 -0.189502940 0.170592904 0.154941857 -0.019518180 0.016397798 0.016142892 0.999544680
1341845853.957735 -0.193661839 0.157807589 0.149787232 -0.023323771 0.018112518 0.011704336 0.999495327
1341845853.993852 -0.196987554 0.154575974 0.142201036 -0.021593910 0.018286284 0.014993865 0.999487102
1341845854.025830 -0.198616758 0.161739424 0.135852531 -0.019011376 0.017078536 0.015997002 0.999545395
1341845854.061903 -0.196649224 0.171959311 0.128806636 -0.020651385 0.018188858 0.012450892 0.999543726
1341845854.093760 -0.205611378 0.161789730 0.127993435 -0.023110790 0.019943977 0.010147912 0.999482453
1341845854.125736 -0.212335140 0.165957928 0.123065062 -0.020748194 0.017646402 0.011254496 0.999565601
1341845854.161837 -0.201710239 0.174876079 0.114533819 -0.020543093 0.013570477 0.010610753 0.999640524
1341845854.193844 -0.199834704 0.177610755 0.107143216 -0.023017852 0.015626254 0.008348508 0.999578059
1341845854.229884 -0.209771067 0.171313092 0.102364533 -0.025514418 0.017471012 0.010413018 0.999467492
1341845854.261692 -0.209037602 0.175033703 0.095963061 -0.025056938 0.014968540 0.015050429 0.999460638
1341845854.293781 -0.205596745 0.177797541 0.090468578 -0.025301352 0.015011262 0.017940719 0.999406159
1341845854.330249 -0.207848325 0.184627801 0.085146077 -0.026090367 0.017231474 0.018060796 0.999347866
1341845854.361687 -0.212689579 0.181467906 0.081744492 -0.029544706 0.017751202 0.018444860 0.999235570
1341845854.393726 -0.211558118 0.174327433 0.076031409 -0.030030977 0.016383162 0.020985946 0.999194324
1341845854.429762 -0.207505420 0.184561506 0.068933479 -0.028196793 0.018194702 0.019703437 0.999242544
1341845854.462072 -0.210976809 0.177597076 0.068452850 -0.030883666 0.021313548 0.020029755 0.999094963
1341845854.497796 -0.213672861 0.170052439 0.067845397 -0.028556362 0.022142028 0.024110658 0.999056041
1341845854.529719 -0.211814344 0.180913925 0.062376264 -0.024791244 0.022334611 0.023793463 0.999159873
1341845854.561884 -0.213598639 0.178458422 0.057892241 -0.027085610 0.023668557 0.021147467 0.999129117
1341845854.597860 -0.220703214 0.173047453 0.055900279 -0.028282413 0.023127019 0.017273329 0.999183118
1341845854.629736 -0.215462998 0.174838960 0.054051712 -0.028002487 0.020526424 0.014007579 0.999298930
1341845854.662835 -0.213414162 0.172566578 0.051325060 -0.028964721 0.020015219 0.012870762 0.999297142
1341845854.697815 -0.216439784 0.167384684 0.049820621 -0.028236575 0.020362098 0.013214207 0.999306500
1341845854.729806 -0.216426611 0.166912019 0.046488676 -0.025633108 0.019674720 0.014345307 0.999374807
1341845854.765688 -0.214311376 0.171841756 0.041413933 -0.023592906 0.018669013 0.012350185 0.999471009
1341845854.797997 -0.212594226 0.172011793 0.037380096 -0.023963513 0.019470477 0.010241458 0.999470770
1341845854.829779 -0.219357133 0.169435158 0.034978367 -0.024145355 0.019926213 0.009284276 0.999466717
1341845854.865670 -0.215861306 0.167878032 0.026200926 -0.023667281 0.017157244 0.007841075 0.999541879
1341845854.897712 -0.210177973 0.174408525 0.017419163 -0.024300223 0.017616354 0.004419397 0.999539673
1341845854.930302 -0.213805169 0.166881159 0.012744677 -0.026579389 0.020013297 0.004708197 0.999435246
1341845854.965801 -0.217837572 0.166130871 0.006371088 -0.025997089 0.020094611 0.007294756 0.999433398
1341845854.997629 -0.212878779 0.171772003 -0.001637893 -0.025828797 0.019102896 0.007929881 0.999452353
1341845855.033841 -0.212034568 0.170253530 -0.004882134 -0.027230805 0.021215266 0.008371461 0.999368966
1341845855.065777 -0.222874552 0.168213829 -0.008514689 -0.026868517 0.022138512 0.011709181 0.999325216
1341845855.097795 -0.224771738 0.174317643 -0.020449135 -0.026702503 0.018010780 0.014199590 0.999380291
1341845855.133841 -0.219460279 0.174266666 -0.022169743 -0.028426209 0.015655665 0.013373614 0.999383807
1341845855.165831 -0.224316180 0.172976419 -0.027000124 -0.029811207 0.015483273 0.012619689 0.999355972
1341845855.201780 -0.236701548 0.173210472 -0.030314254 -0.030340964 0.012819078 0.013114330 0.999371350
1341845855.233747 -0.228355899 0.173010319 -0.033968505 -0.031276386 0.007889490 0.012611955 0.999400079
1341845855.265823 -0.224951848 0.167755395 -0.037023123 -0.031828430 0.007713505 0.011920143 0.999392509
1341845855.301716 -0.229931787 0.163954139 -0.042661622 -0.030003875 0.008368693 0.014511685 0.999409378
1341845855.333726 -0.231032073 0.164125368 -0.045236837 -0.027520180 0.006763295 0.018657306 0.999424219
1341845855.365773 -0.229480669 0.170071065 -0.054260518 -0.025941461 0.004703855 0.021658083 0.999417782
1341845855.401892 -0.230007350 0.168291107 -0.057526700 -0.026379991 0.005332700 0.022119246 0.999392986
1341845855.433652 -0.234990358 0.163428590 -0.059365075 -0.025147097 0.005929686 0.024136072 0.999374747
1341845855.469817 -0.235462248 0.164320558 -0.062865004 -0.023723742 0.003444157 0.026708568 0.999355793
1341845855.502750 -0.233972654 0.165033653 -0.068269730 -0.023129953 0.001602360 0.026656676 0.999375761
1341845855.533846 -0.235282078 0.166935459 -0.074911959 -0.022119727 0.002684119 0.022723624 0.999493420
1341845855.569986 -0.242264912 0.163616329 -0.079254448 -0.022789555 0.003748698 0.020693474 0.999519050
1341845855.601707 -0.243240789 0.156642333 -0.078395680 -0.022067720 0.001907895 0.020090740 0.999552727
1341845855.633953 -0.241908267 0.160256848 -0.084313087 -0.019001804 0.000178597 0.019101711 0.999636948
1341845855.669628 -0.243293166 0.168102026 -0.088587314 -0.018976580 0.000336169 0.015760459 0.999695599
1341845855.701786 -0.244344383 0.159207955 -0.081277974 -0.021828005 -0.001424240 0.014589984 0.999654233
1341845855.737762 -0.244283825 0.154615268 -0.085539468 -0.020290993 -0.003386760 0.014900875 0.999677360
1341845855.769674 -0.247363612 0.158201858 -0.090877309 -0.019037554 -0.005087486 0.016560743 0.999668658
1341845855.802152 -0.246528089 0.161021754 -0.093116492 -0.019558147 -0.006982855 0.015188845 0.999668956
1341845855.837801 -0.246980011 0.155287743 -0.096486293 -0.020644130 -0.006965943 0.013206486 0.999675393
1341845855.869788 -0.244806051 0.154697791 -0.099540509 -0.019168546 -0.007031655 0.013466561 0.999700844
1341845855.901958 -0.246152550 0.156977251 -0.101516753 -0.018729551 -0.006762251 0.014187498 0.999701083
1341845855.937711 -0.243522808 0.154343352 -0.106572993 -0.018804329 -0.007068606 0.014372808 0.999694884
1341845855.969840 -0.243285343 0.155007884 -0.109296091 -0.017918559 -0.005697737 0.014219113 0.999722064
1341845856.038077 -0.241199642 0.155083582 -0.116234019 -0.017881595 -0.004661795 0.017843338 0.999670029
1341845856.069815 -0.239310950 0.158400506 -0.124011494 -0.016382698 -0.004063264 0.020702789 0.999643207
1341845856.105773 -0.243763670 0.167631298 -0.129439324 -0.018113295 -0.003346464 0.021648185 0.999595940
1341845856.137725 -0.242934689 0.163031191 -0.128067538 -0.021327738 -0.004313044 0.022885084 0.999501288
1341845856.169966 -0.239021078 0.171615079 -0.134089470 -0.022251513 -0.004263222 0.022477085 0.999490619
1341845856.205833 -0.243777350 0.170173079 -0.134982452 -0.025996935 -0.002376198 0.022770518 0.999399841
1341845856.237587 -0.242101863 0.163801685 -0.136274964 -0.027924215 -0.003349967 0.025777675 0.999271989
1341845856.273683 -0.239431441 0.168963730 -0.142453790 -0.027966380 -0.003650124 0.025732474 0.999270916
1341845856.305723 -0.239909142 0.169348776 -0.143008426 -0.028637836 -0.002083751 0.026048904 0.999248207
1341845856.337653 -0.244585454 0.169145316 -0.146804288 -0.029267685 -0.001290540 0.026982037 0.999206543
1341845856.373714 -0.245062158 0.165547147 -0.146749109 -0.028845236 -0.002517042 0.028886827 0.999163210
1341845856.405678 -0.242971927 0.170707002 -0.154684857 -0.027164521 -0.003471680 0.029251048 0.999196887
1341845856.441799 -0.244485319 0.173497856 -0.154331982 -0.028076552 -0.003337217 0.026770057 0.999241650
1341845856.473680 -0.247888342 0.167080760 -0.156993389 -0.029432345 -0.003816633 0.025855888 0.999225020
1341845856.505768 -0.248779207 0.170437902 -0.160597906 -0.028533753 -0.005205540 0.024300344 0.999283850
1341845856.541718 -0.242441803 0.178883731 -0.160277069 -0.029168013 -0.004835506 0.022731423 0.999304295
1341845856.573678 -0.249972433 0.168057442 -0.161460832 -0.031478859 -0.002727896 0.023135543 0.999232888
1341845856.605758 -0.247878686 0.167126507 -0.163879767 -0.030373637 -0.004538089 0.026684104 0.999172091
1341845856.641782 -0.245120227 0.170091435 -0.164843127 -0.029050130 -0.004446501 0.026352331 0.999220610
1341845856.673977 -0.244385928 0.176470369 -0.166940182 -0.027630256 -0.001994208 0.025836375 0.999282300
1341845856.709876 -0.249549419 0.169571280 -0.166490942 -0.030825831 -0.001619725 0.027354594 0.999149024
1341845856.741736 -0.248637229 0.160069764 -0.163484618 -0.029622544 -0.003593230 0.029706329 0.999113142
1341845856.773960 -0.244085222 0.176427960 -0.174475744 -0.025693471 -0.002543745 0.028105069 0.999271452
1341845856.809797 -0.251962692 0.174806207 -0.174048081 -0.029566094 -0.000376600 0.026690224 0.999206364
1341845856.841746 -0.251697689 0.167703256 -0.173405349 -0.031303145 -0.002378685 0.026880007 0.999145567
1341845856.873762 -0.248864084 0.177382097 -0.174728870 -0.030625639 -0.002422521 0.025765419 0.999195814
1341845856.915904 -0.249420628 0.180437431 -0.177628294 -0.032641523 -0.001377090 0.025208004 0.999148250
1341845856.977900 -0.247711435 0.174710095 -0.179864302 -0.036153942 -0.000757639 0.026433922 0.998996258
1341845857.009735 -0.245901242 0.173407197 -0.181161821 -0.035870217 -0.000929840 0.029490422 0.998920798
1341845857.041737 -0.243039474 0.174614921 -0.186593294 -0.034483150 -0.000648507 0.031963125 0.998893797
1341845857.077896 -0.243380755 0.178025410 -0.186344132 -0.033328924 0.000501221 0.032103777 0.998928547
1341845857.109633 -0.246002659 0.180860847 -0.192885056 -0.034104690 0.000673959 0.030646751 0.998948038
1341845857.141583 -0.239992633 0.177609667 -0.193635017 -0.035903219 0.000041934 0.028448950 0.998950243
1341845857.178255 -0.239664525 0.176443711 -0.201409265 -0.035879374 0.002196056 0.024560364 0.999051869
1341845857.209846 -0.241050303 0.175981462 -0.204767197 -0.036831275 0.003839102 0.022871358 0.999052346
1341845857.245767 -0.239037052 0.169592887 -0.205173239 -0.037978895 0.002771470 0.022674922 0.999017417
1341845857.277737 -0.237486482 0.171505406 -0.209470734 -0.036110930 0.003265634 0.020584533 0.999130428
1341845857.309994 -0.239249393 0.169654384 -0.214835882 -0.035450034 0.004457332 0.020849369 0.999144018
1341845857.345862 -0.241339132 0.174442202 -0.218928531 -0.035241343 0.004838895 0.019572949 0.999175429
1341845857.377787 -0.239168286 0.164718494 -0.216302618 -0.036174152 0.004433528 0.019838640 0.999138713
1341845857.413693 -0.240649685 0.172815338 -0.223753944 -0.034086186 0.004196771 0.019739274 0.999215126
1341845857.445790 -0.241467714 0.174515530 -0.225699589 -0.036091533 0.003145270 0.020130919 0.999140739
1341845857.477853 -0.237323433 0.165906727 -0.223738581 -0.037205178 0.001539090 0.020646725 0.999093115
1341845857.513902 -0.239185184 0.173697010 -0.228272304 -0.035402678 0.002799357 0.018525306 0.999197483
1341845857.545992 -0.236290634 0.167273536 -0.226402849 -0.037152149 0.002999350 0.018737072 0.999129415
1341845857.613882 -0.230295449 0.163017735 -0.230638295 -0.034108337 0.004819803 0.019814523 0.999210060
1341845857.646056 -0.227097496 0.165149912 -0.231079385 -0.032085039 0.006910359 0.021359131 0.999233007
1341845857.681834 -0.224080250 0.162771970 -0.233746618 -0.031434774 0.008647705 0.022925038 0.999205470
1341845857.713765 -0.219137758 0.156874359 -0.240387857 -0.029726855 0.011943565 0.021628743 0.999252677
1341845857.745825 -0.224720478 0.156061232 -0.245904371 -0.027556332 0.016055867 0.022775238 0.999231815
1341845857.781799 -0.223599955 0.159176677 -0.251316458 -0.025994010 0.016761115 0.023318293 0.999249578
1341845857.813817 -0.213498071 0.159182131 -0.253941715 -0.026562734 0.017046468 0.022203146 0.999255180
1341845857.846046 -0.214618936 0.156560749 -0.254321843 -0.026749937 0.019424334 0.022266356 0.999205351
1341845857.881939 -0.215649173 0.162890747 -0.266057044 -0.027310597 0.019933563 0.021661362 0.999193490
1341845857.913666 -0.212289944 0.166856766 -0.263403326 -0.030947600 0.019261034 0.019727679 0.999140680
1341845857.949845 -0.212402016 0.161628887 -0.268236816 -0.034892347 0.017752236 0.018849464 0.999055624
1341845857.982166 -0.215735465 0.158778816 -0.269929290 -0.037255764 0.015811801 0.018266741 0.999013662
1341845858.013803 -0.210379303 0.157764196 -0.271336585 -0.039031476 0.012788805 0.019881649 0.998958290
1341845858.050247 -0.206738085 0.160026193 -0.276425838 -0.039350558 0.010972861 0.020848827 0.998947680
1341845858.081715 -0.209952742 0.170663148 -0.284724474 -0.041382749 0.010811282 0.020128129 0.998882115
1341845858.113782 -0.210019022 0.166151166 -0.278055757 -0.046129383 0.009157072 0.020118207 0.998690844
1341845858.149725 -0.206048995 0.169732884 -0.282520533 -0.048290920 0.007704467 0.020570617 0.998591781
1341845858.181831 -0.208308339 0.164211988 -0.278784424 -0.051842753 0.007450193 0.022028189 0.998384476
1341845858.217730 -0.207836777 0.164043874 -0.282500505 -0.052100394 0.005091643 0.024160104 0.998336554
1341845858.281842 -0.206390366 0.164259925 -0.287148893 -0.055336040 0.005495870 0.018857049 0.998274565
1341845858.317768 -0.206216261 0.160608262 -0.289394587 -0.055375505 0.003066226 0.019948918 0.998261571
1341845858.349904 -0.202886924 0.165268287 -0.292641789 -0.054404743 0.000411202 0.019418452 0.998330057
1341845858.381855 -0.199330762 0.166344553 -0.297524303 -0.054695141 0.000835819 0.016991600 0.998358190
1341845858.417827 -0.202862233 0.159574851 -0.295170039 -0.055103779 0.002869606 0.016673321 0.998337269
1341845858.449872 -0.205088630 0.159055531 -0.298038572 -0.053028528 0.001765273 0.017716927 0.998434246
1341845858.485842 -0.202124327 0.163805872 -0.299888641 -0.052575320 0.000472007 0.015816877 0.998491585
1341845858.517682 -0.201644734 0.161715209 -0.300253689 -0.052907657 0.000106021 0.014048836 0.998500586
1341845858.549803 -0.202728137 0.159148738 -0.299156636 -0.052283976 -0.000668496 0.013304244 0.998543382
1341845858.585823 -0.202729434 0.160482541 -0.304861277 -0.051493976 -0.001768299 0.012800921 0.998589694
1341845858.618138 -0.197161496 0.165816829 -0.314165205 -0.052074257 -0.001659885 0.010378698 0.998587906
1341845858.654134 -0.203572929 0.160605088 -0.307462603 -0.054083042 0.000071926 0.010413337 0.998482108
1341845858.685756 -0.202033877 0.156547979 -0.310681522 -0.054700058 -0.001649609 0.013233752 0.998413801
1341845858.717690 -0.199721336 0.161769614 -0.316272914 -0.053629514 -0.001266779 0.011725666 0.998491287
1341845858.753674 -0.196954638 0.168781221 -0.322581619 -0.054424088 0.000992732 0.010064370 0.998466671
1341845858.785618 -0.199095771 0.161431864 -0.314442009 -0.058451798 0.001887792 0.011352725 0.998223901
1341845858.817756 -0.198744759 0.154627934 -0.313209862 -0.058066931 0.001107995 0.012476232 0.998234093
1341845858.853864 -0.194464788 0.160911784 -0.322248220 -0.055950064 0.001561720 0.012141688 0.998358548
1341845858.885702 -0.195047349 0.161573648 -0.323586106 -0.057779584 0.002938373 0.010530233 0.998269498
1341845858.922000 -0.193983585 0.154086515 -0.321155578 -0.059702359 0.002651087 0.009681096 0.998165727
1341845858.954158 -0.192966849 0.153027549 -0.325560242 -0.058297805 0.002859634 0.008089707 0.998262346
1341845858.985944 -0.190353781 0.157532036 -0.333422273 -0.057758968 0.004587339 0.007399386 0.998292565
1341845859.021830 -0.193248481 0.163494736 -0.335558653 -0.060199194 0.005992074 0.006332768 0.998148322
1341845859.053720 -0.191079617 0.157923192 -0.332361072 -0.063189663 0.005922653 0.005149892 0.997970700
1341845859.085862 -0.189644530 0.155662939 -0.338144094 -0.063867867 0.006566105 0.005625977 0.997920930
1341845859.121873 -0.189621359 0.161104813 -0.341278344 -0.065106355 0.007569780 0.004946748 0.997837365
1341845859.153800 -0.189051643 0.154250726 -0.339485496 -0.067971565 0.008562272 0.004389265 0.997640848
1341845859.189853 -0.187513128 0.152585477 -0.338094115 -0.067925289 0.008775650 0.004484028 0.997641742
1341845859.221654 -0.187149316 0.155532867 -0.340504408 -0.067882016 0.009569498 0.002899474 0.997643232
1341845859.253689 -0.180208936 0.156648308 -0.340851545 -0.069385797 0.009941596 -0.000881019 0.997539997
1341845859.289745 -0.184418380 0.155031562 -0.345525682 -0.071483172 0.011950231 -0.004091233 0.997361839
1341845859.321911 -0.185040683 0.145550385 -0.346724331 -0.073252372 0.012288745 -0.005742967 0.997221172
1341845859.353758 -0.177168623 0.149002686 -0.348711997 -0.072051652 0.012781342 -0.006671834 0.997296691
1341845859.389950 -0.177855968 0.146219343 -0.346725255 -0.071957931 0.014997656 -0.007136269 0.997269392
1341845859.421715 -0.174996868 0.143629000 -0.354768336 -0.071977943 0.016333088 -0.008888241 0.997232854
1341845859.457807 -0.174647525 0.145210713 -0.354137778 -0.071789488 0.018711397 -0.010949470 0.997184157
1341845859.489859 -0.175934404 0.143849194 -0.356419891 -0.072280042 0.020455159 -0.010952921 0.997114420
1341845859.521735 -0.176163465 0.136298940 -0.353353888 -0.073186286 0.021836055 -0.011787780 0.997009516
1341845859.557712 -0.174639866 0.138011575 -0.356719285 -0.070736133 0.023170957 -0.012104708 0.997152448
1341845859.589783 -0.173541591 0.140005603 -0.362878501 -0.070690662 0.024930997 -0.013099031 0.997100651
1341845859.625646 -0.172286838 0.136606634 -0.358195603 -0.070851482 0.026975760 -0.013487914 0.997030795
1341845859.657759 -0.166925520 0.135714039 -0.365227520 -0.069874704 0.029995048 -0.014338986 0.997001588
1341845859.689869 -0.174542516 0.137745425 -0.363995939 -0.069633335 0.033523440 -0.012627225 0.996929228
1341845859.725812 -0.173799142 0.128240615 -0.358412027 -0.068037145 0.033489406 -0.009462335 0.997075677
1341845859.757824 -0.163740098 0.139454544 -0.362862468 -0.064014569 0.034425519 -0.008773804 0.997316420
1341845859.789818 -0.171123087 0.133719832 -0.361258358 -0.063242555 0.037727512 -0.008851286 0.997245550
1341845859.825831 -0.171797112 0.128719479 -0.362994879 -0.060701899 0.037378091 -0.007950244 0.997424185
1341845859.857647 -0.168459773 0.131683782 -0.362765014 -0.056910105 0.036898844 -0.006735241 0.997674465
1341845859.893646 -0.163728178 0.137036666 -0.369840562 -0.055743895 0.037586886 -0.006369153 0.997717023
1341845859.925740 -0.164071620 0.137533233 -0.372780919 -0.056107428 0.037768971 -0.007784904 0.997679710
1341845859.957775 -0.170485929 0.131864980 -0.366734445 -0.056252494 0.037292998 -0.009389230 0.997675657
1341845859.993847 -0.170260265 0.129396990 -0.362618059 -0.053355806 0.035161626 -0.011165490 0.997893870
1341845860.025774 -0.168872491 0.135320351 -0.366653562 -0.051434442 0.033773445 -0.011684675 0.998036742
1341845860.057745 -0.179014608 0.133041471 -0.364081651 -0.050553869 0.030982949 -0.013125779 0.998154342
1341845860.093794 -0.172525108 0.134208620 -0.361184210 -0.049573828 0.026180109 -0.013864559 0.998331010
1341845860.125763 -0.170027077 0.129563510 -0.365332514 -0.047834102 0.023820400 -0.014874198 0.998460412
1341845860.161703 -0.174363554 0.137154222 -0.364869148 -0.045789391 0.021272231 -0.014821698 0.998614609
1341845860.193724 -0.174301893 0.123845346 -0.367574722 -0.045871735 0.016115302 -0.017244609 0.998668492
1341845860.225730 -0.169642523 0.128228292 -0.367492765 -0.042297550 0.012400692 -0.019481461 0.998838127
1341845860.261716 -0.172605917 0.128474191 -0.367390871 -0.040447194 0.010038565 -0.023070484 0.998864830
1341845860.294553 -0.181831703 0.120503157 -0.363722026 -0.039082009 0.006245306 -0.025622116 0.998887956
1341845860.325872 -0.172190711 0.121690810 -0.368137330 -0.034807801 0.000267523 -0.025272798 0.999074399
1341845860.361673 -0.169820979 0.125180542 -0.367821902 -0.033296846 -0.002051913 -0.026943767 0.999080181
1341845860.393714 -0.171073973 0.122084312 -0.373145193 -0.030931504 -0.005007397 -0.026139716 0.999167085
1341845860.429768 -0.171260446 0.128272191 -0.375900179 -0.029901247 -0.008554449 -0.027584044 0.999135554
1341845860.461780 -0.170180157 0.124999858 -0.376175672 -0.030604048 -0.012174063 -0.028284308 0.999057174
1341845860.493718 -0.167874619 0.125907525 -0.374204755 -0.030162036 -0.014270355 -0.027493734 0.999064922
1341845860.529831 -0.167299762 0.129566267 -0.378151536 -0.029876640 -0.016309479 -0.026510820 0.999068856
1341845860.567950 -0.166443571 0.133162171 -0.381046921 -0.030923400 -0.017926713 -0.026730292 0.999003470
1341845860.604131 -0.167235076 0.131270677 -0.378808588 -0.033030506 -0.018485723 -0.029045856 0.998861134
1341845860.638227 -0.165460348 0.128910407 -0.379143834 -0.034694944 -0.019569026 -0.028254097 0.998806775
1341845860.668441 -0.169352144 0.127894849 -0.376435608 -0.034848668 -0.021111013 -0.027182190 0.998799801
1341845860.706028 -0.166550666 0.127237633 -0.378672183 -0.034137726 -0.023043107 -0.024711885 0.998845816
1341845860.736338 -0.171804041 0.134640634 -0.385937482 -0.034033552 -0.023829738 -0.023773512 0.998853683
1341845860.772400 -0.170253247 0.129258722 -0.382324100 -0.036602523 -0.027795112 -0.021351391 0.998715103
1341845860.803824 -0.168842107 0.135917380 -0.385706842 -0.036582708 -0.030463628 -0.023181800 0.998597145
1341845860.871717 -0.176534683 0.132185474 -0.380567014 -0.039659124 -0.033439443 -0.022452880 0.998401165
1341845860.929775 -0.168442219 0.138565034 -0.383794546 -0.039257467 -0.036461376 -0.025462719 0.998238981
1341845860.965899 -0.172298133 0.133788779 -0.380936533 -0.040006641 -0.037227441 -0.026674321 0.998149335
1341845860.997827 -0.170565456 0.132094651 -0.379154474 -0.039030384 -0.038983144 -0.026106993 0.998135984
1341845861.029961 -0.169911385 0.132458717 -0.384274155 -0.037540540 -0.039983105 -0.026194837 0.998151243
1341845861.065806 -0.170157105 0.139492348 -0.382271558 -0.037885427 -0.039073490 -0.028017741 0.998124719
1341845861.097631 -0.171508312 0.129101321 -0.379323572 -0.038295157 -0.038627259 -0.029254997 0.998090923
1341845861.133786 -0.167816564 0.135787055 -0.382485271 -0.036816545 -0.038138427 -0.029580435 0.998155773
1341845861.165622 -0.168787763 0.137364596 -0.381113797 -0.037971303 -0.036831561 -0.030104855 0.998145938
1341845861.197704 -0.169778332 0.130456641 -0.375715703 -0.038329128 -0.035945173 -0.029798551 0.998173773
1341845861.233683 -0.165043592 0.132927030 -0.380839497 -0.037054814 -0.034962952 -0.030185463 0.998245180
1341845861.265692 -0.170015395 0.129479006 -0.375508368 -0.037493855 -0.033819877 -0.028788861 0.998309374
1341845861.297700 -0.168434098 0.131832629 -0.379540563 -0.036407579 -0.034517143 -0.027194377 0.998370409
1341845861.333616 -0.162642702 0.131779343 -0.379794449 -0.037523564 -0.033454500 -0.028338606 0.998333454
1341845861.365694 -0.169625327 0.124980941 -0.370615155 -0.038277961 -0.032423809 -0.027886650 0.998351574
1341845861.407792 -0.168002024 0.129313946 -0.373172343 -0.036351994 -0.033821724 -0.025890108 0.998430967
1341845861.440894 -0.166420683 0.127333283 -0.371895969 -0.036808252 -0.033661973 -0.026149815 0.998412848
1341845861.472256 -0.168282241 0.126722053 -0.370481908 -0.035494190 -0.033139437 -0.026643537 0.998464823
1341845861.507634 -0.169202358 0.130114436 -0.370392591 -0.035343137 -0.033295285 -0.027453104 0.998443067
1341845861.539675 -0.168265551 0.122618392 -0.368399858 -0.035399739 -0.033979673 -0.028466707 0.998389661
1341845861.571790 -0.165046662 0.128317282 -0.369367748 -0.034066569 -0.033451572 -0.028835392 0.998443246
1341845861.607759 -0.166695550 0.126742810 -0.369130731 -0.034878045 -0.033243578 -0.028735854 0.998425066
1341845861.639739 -0.163042158 0.120804109 -0.362598985 -0.034527157 -0.033823702 -0.028316338 0.998429775
1341845861.671875 -0.164096892 0.123483121 -0.363598764 -0.032652896 -0.033253338 -0.028183606 0.998515725
1341845861.707829 -0.164098233 0.120766036 -0.358957827 -0.031438187 -0.033427153 -0.028155366 0.998549700
1341845861.739782 -0.158975944 0.124266468 -0.371170610 -0.029526340 -0.032881353 -0.033397075 0.998464644
1341845861.775717 -0.160357162 0.128739789 -0.362921715 -0.030448727 -0.031396102 -0.037875645 0.998324871
1341845861.807676 -0.161955476 0.116260454 -0.358670056 -0.031839598 -0.031430621 -0.037690997 0.998287439
1341845861.839701 -0.162437245 0.120383859 -0.355628103 -0.029527545 -0.032997146 -0.035843581 0.998375952
1341845861.875772 -0.159133822 0.121105805 -0.355456442 -0.029329453 -0.034482863 -0.034713324 0.998371542
1341845861.907742 -0.154716149 0.122206256 -0.353436053 -0.029130155 -0.035095755 -0.034199726 0.998373747
1341845861.939697 -0.156672999 0.119017005 -0.352827102 -0.028993707 -0.035444412 -0.032614488 0.998418450
1341845861.975661 -0.156032220 0.122530013 -0.353854358 -0.028097168 -0.036787357 -0.033871289 0.998353601
1341845862.007930 -0.150453433 0.123817921 -0.351424366 -0.028571295 -0.036595147 -0.036031973 0.998271585
1341845862.039647 -0.150392964 0.113854848 -0.350491017 -0.028583854 -0.035433725 -0.035328627 0.998338282
1341845862.075738 -0.149402633 0.114572883 -0.348829061 -0.025918005 -0.034507118 -0.033514019 0.998506069
1341845862.107644 -0.144247398 0.119548112 -0.356999874 -0.023963543 -0.033159819 -0.033734955 0.998593092
1341845862.143904 -0.138511077 0.128067762 -0.360956877 -0.024476143 -0.029865429 -0.037126973 0.998564243
1341845862.175702 -0.148604155 0.124821946 -0.352313101 -0.027473673 -0.027564783 -0.037368312 0.998543441
1341845862.207672 -0.142060399 0.128282264 -0.358445853 -0.028537935 -0.027301462 -0.039645046 0.998432994
1341845862.243827 -0.144734949 0.133469358 -0.358074248 -0.032074973 -0.024609562 -0.041036397 0.998339415
1341845862.275754 -0.147605225 0.123958439 -0.347727716 -0.036653496 -0.024457639 -0.039104298 0.998263061
1341845862.311739 -0.148202360 0.119459227 -0.344450861 -0.036561042 -0.025075961 -0.035579629 0.998382986
1341845862.343750 -0.142485246 0.121193245 -0.347794324 -0.035343688 -0.024534963 -0.032328594 0.998550832
1341845862.375792 -0.139837340 0.123450726 -0.345384359 -0.034508083 -0.022027649 -0.030043207 0.998709857
1341845862.411748 -0.137108579 0.120696895 -0.345461607 -0.033450402 -0.019214695 -0.028236657 0.998856604
1341845862.443696 -0.137712285 0.118547000 -0.342489004 -0.031369902 -0.016353101 -0.024630612 0.999070466
1341845862.479688 -0.135960028 0.120451920 -0.340505093 -0.028684102 -0.014456894 -0.021716634 0.999248028
1341845862.511723 -0.130954385 0.128396839 -0.348932624 -0.027052658 -0.011712904 -0.022710549 0.999307334
1341845862.543776 -0.136128545 0.125492528 -0.344423890 -0.028650073 -0.009208467 -0.022790987 0.999287248
1341845862.579869 -0.137559772 0.122787252 -0.342058599 -0.027872346 -0.008671315 -0.021735750 0.999337554
1341845862.611759 -0.129053339 0.125330195 -0.350052416 -0.026674904 -0.008060920 -0.020835336 0.999394476
1341845862.647939 -0.127137423 0.129174486 -0.350449979 -0.026650431 -0.005822675 -0.021702940 0.999392211
1341845862.679727 -0.131297976 0.122339636 -0.347000927 -0.027964095 -0.003809355 -0.021857465 0.999362648
1341845862.712299 -0.130009755 0.124973148 -0.349841237 -0.026641924 -0.003055954 -0.021217981 0.999415159
1341845862.747743 -0.127720401 0.125476941 -0.350914687 -0.026534807 -0.001115133 -0.022501081 0.999394000
1341845862.779732 -0.131809279 0.121151805 -0.347731560 -0.026161339 0.001149699 -0.023310889 0.999385238
1341845862.815767 -0.133279204 0.125169665 -0.348414212 -0.024203608 0.001121571 -0.023518128 0.999429762
1341845862.847856 -0.136351213 0.125822321 -0.346957922 -0.023934888 0.000626036 -0.024163838 0.999421239
1341845862.879714 -0.137085855 0.126322225 -0.348728329 -0.023314456 -0.000218231 -0.024389399 0.999430597
1341845862.915725 -0.134635717 0.124714985 -0.352631569 -0.023476554 -0.001674201 -0.024387410 0.999425471
1341845862.947913 -0.131935850 0.121345490 -0.350902259 -0.022719776 -0.002065845 -0.023818661 0.999455988
1341845862.983749 -0.131657571 0.125255510 -0.356530339 -0.020801079 -0.000359705 -0.023959113 0.999496460
1341845863.015854 -0.134276867 0.129575387 -0.356462836 -0.021369154 0.000906229 -0.024305947 0.999475718
1341845863.048281 -0.136206657 0.123289749 -0.353948474 -0.022150675 0.000354870 -0.024566736 0.999452710
1341845863.083795 -0.134266511 0.127211004 -0.357420087 -0.020778991 0.000715785 -0.026096417 0.999443173
1341845863.115808 -0.137640536 0.127777502 -0.355886489 -0.022052431 0.001042884 -0.026251679 0.999411523
1341845863.151916 -0.138300270 0.122299306 -0.355220824 -0.021969019 -0.000310401 -0.025559295 0.999431849
1341845863.183716 -0.136304557 0.126388475 -0.358647555 -0.020885067 -0.000830818 -0.025401220 0.999458790
1341845863.215844 -0.137013182 0.127161518 -0.358664155 -0.021325765 -0.000596818 -0.025504382 0.999447048
1341845863.251883 -0.134757206 0.128866583 -0.360039175 -0.022136629 -0.000463354 -0.025645580 0.999425888
1341845863.283627 -0.137611464 0.126486748 -0.356287807 -0.022925815 0.000190709 -0.025383364 0.999414861
1341845863.315718 -0.138468772 0.128174096 -0.359085411 -0.022544345 0.000304201 -0.024970517 0.999433935
