1548265575.063310 0.000000000 0.000000000 0.000000000 0.000000000 0.000000000 0.000000000 1.000000000
1548265575.096830 -0.004922451 -0.002326432 0.000367244 0.001597597 0.003944902 0.002088653 0.999988735
1548265575.130340 0.003574377 -0.008270529 -0.002559015 0.002428162 0.005015792 0.001695378 0.999983013
1548265575.163860 0.003808924 -0.011794918 -0.003146328 0.003404978 0.011771061 0.003864792 0.999917448
1548265575.197380 -0.001233878 -0.013095248 -0.000297036 0.004718297 0.014609559 0.007295085 0.999855518
1548265575.230880 0.009259612 -0.023320815 -0.006969414 0.003433843 0.013995759 0.007496763 0.999868035
1548265575.264390 0.010985819 -0.026190063 -0.006948741 0.003199782 0.019983351 0.011872523 0.999724686
1548265575.297890 0.010924103 -0.029219974 -0.005729386 0.002662197 0.021503411 0.016519269 0.999628782
1548265575.331400 0.018767914 -0.036520477 -0.009223742 0.001074471 0.021180106 0.019357022 0.999587715
1548265575.364910 0.028496111 -0.046392974 -0.011955211 -0.001446185 0.023078026 0.023647517 0.999452949
1548265575.398440 0.022297403 -0.045836709 -0.006380117 -0.001427967 0.024930727 0.029966332 0.999238968
1548265575.431950 0.033164278 -0.057271253 -0.012231451 -0.004054645 0.021594152 0.031270303 0.999269485
1548265575.465470 0.040961906 -0.064270891 -0.012571676 -0.005807094 0.022184085 0.034496821 0.999141693
1548265575.498990 0.041569211 -0.072642393 -0.010943875 -0.007256250 0.023332249 0.037558306 0.998995662
1548265575.532500 0.060899887 -0.088408262 -0.019641316 -0.009639727 0.021686260 0.039446253 0.998939812
1548265575.566020 0.063594423 -0.094438612 -0.018594811 -0.009792228 0.026950018 0.042729180 0.998675168
1548265575.599530 0.054308847 -0.097604752 -0.014587236 -0.009209995 0.031469040 0.044914953 0.998452604
1548265575.633040 0.060573198 -0.105032384 -0.016625604 -0.008848524 0.031114006 0.045809276 0.998426318
1548265575.666560 0.067876659 -0.110990353 -0.020096172 -0.008290449 0.031697370 0.045978203 0.998404980
1548265575.700040 0.064512268 -0.114519462 -0.018275332 -0.007200370 0.033939160 0.047796782 0.998254359
1548265575.733550 0.071401350 -0.118156053 -0.022471545 -0.006017952 0.031229405 0.046697877 0.998402596
1548265575.767070 0.096494414 -0.129766718 -0.032573584 -0.007175421 0.029150248 0.044985183 0.998536468
1548265575.800580 0.080585293 -0.128847882 -0.023786431 -0.005648900 0.035819784 0.047111664 0.998231173
1548265575.834100 0.091891915 -0.137061328 -0.029750628 -0.006274408 0.034462254 0.046052564 0.998324633
1548265575.867620 0.097617917 -0.140275329 -0.032772880 -0.006579795 0.035439093 0.046277829 0.998278081
1548265575.901100 0.100198165 -0.142900482 -0.031858701 -0.006819193 0.035599601 0.046799626 0.998246431
1548265575.934480 0.107651643 -0.148806304 -0.035609163 -0.007810873 0.034176972 0.046753343 0.998291075
1548265575.967970 0.118697166 -0.158690482 -0.038721278 -0.010071887 0.033491250 0.046558637 0.998303115
1548265576.001490 0.115786314 -0.157080039 -0.035722323 -0.009778538 0.034896716 0.048991434 0.998141468
1548265576.035000 0.124963038 -0.162432373 -0.038820464 -0.010877040 0.032287672 0.049822286 0.998176813
1548265576.068520 0.128442675 -0.167195171 -0.036291134 -0.011899260 0.031015432 0.050004393 0.998196363
1548265576.102030 0.141106129 -0.176403612 -0.038493380 -0.013738228 0.029528527 0.052276067 0.998101473
1548265576.135550 0.126990065 -0.176249966 -0.031431355 -0.012910681 0.031288065 0.055779722 0.997869253
1548265576.169130 0.151251584 -0.188673943 -0.035854034 -0.014728991 0.024706233 0.056371707 0.997995436
1548265576.202670 0.154998511 -0.195908770 -0.034101572 -0.015608861 0.027898978 0.058913756 0.997751057
1548265576.236230 0.156686336 -0.197456524 -0.030583741 -0.015056607 0.028601116 0.060952798 0.997617185
1548265576.269770 0.159666210 -0.202743247 -0.027640432 -0.015434011 0.029325917 0.062230181 0.997511506
1548265576.303290 0.171297625 -0.208051994 -0.028419273 -0.015863491 0.027831683 0.063284010 0.997481227
1548265576.336770 0.177599803 -0.213876456 -0.026735673 -0.017059624 0.029416690 0.064549141 0.997334957
1548265576.370320 0.173613802 -0.216254964 -0.019403586 -0.017560750 0.032133255 0.064683579 0.997233748
1548265576.403840 0.180371597 -0.224178091 -0.014591466 -0.018784940 0.032526266 0.065135039 0.997169316
1548265576.437360 0.212511659 -0.235009834 -0.017405236 -0.020523449 0.031868272 0.065360531 0.997141480
1548265576.470890 0.198009357 -0.235384509 -0.006107176 -0.019809224 0.039925106 0.068956822 0.996623576
1548265576.504410 0.211449310 -0.243100122 -0.006434274 -0.019940741 0.039817445 0.069944672 0.996556401
1548265576.537930 0.206866503 -0.245910585 0.005359205 -0.017831804 0.046959423 0.070211641 0.996266603
1548265576.571440 0.206954271 -0.252786964 0.009952649 -0.015017110 0.052625984 0.072818220 0.995842636
1548265576.604960 0.213767499 -0.255312920 0.015424558 -0.012419744 0.055505704 0.074745335 0.995579243
1548265576.638500 0.231069610 -0.264231324 0.013296957 -0.011677989 0.059084088 0.076201610 0.995271862
1548265576.672110 0.224106029 -0.261075646 0.021383824 -0.009201305 0.070185132 0.081771515 0.994134188
1548265576.705620 0.212762386 -0.268893868 0.022890568 -0.009311827 0.075944498 0.083655551 0.993552923
1548265576.739140 0.234182194 -0.273381114 0.024483901 -0.009655273 0.076604024 0.084124438 0.993459463
1548265576.772650 0.228452206 -0.273678660 0.031983305 -0.010304719 0.085797928 0.089106590 0.992266357
1548265576.806320 0.219346315 -0.275385618 0.040000148 -0.011085014 0.090901949 0.090582535 0.991669714
1548265576.839830 0.234476686 -0.281614423 0.040452193 -0.013466746 0.093030088 0.092076369 0.991305172
1548265576.873350 0.234630674 -0.285389304 0.048319086 -0.015170020 0.100489959 0.093918711 0.990379155
1548265576.906870 0.232558459 -0.286030829 0.056805540 -0.015280724 0.106859088 0.096053571 0.989505649
1548265576.940390 0.243094176 -0.288025886 0.062681317 -0.015523496 0.110038765 0.096466526 0.989113092
1548265576.973900 0.253898710 -0.288095057 0.062717877 -0.016330909 0.116213068 0.096914470 0.988349855
1548265577.007130 0.235878617 -0.287367165 0.071631350 -0.016678050 0.126244828 0.098768264 0.986929059
1548265577.040490 0.243135303 -0.284125805 0.076788180 -0.017345533 0.128500551 0.098628968 0.986640334
1548265577.074010 0.275043786 -0.274342775 0.072799765 -0.018396780 0.130968705 0.097632855 0.986395776
1548265577.107480 0.249112040 -0.283084273 0.094741687 -0.021085517 0.146042228 0.100554273 0.983928800
1548265577.140950 0.245470062 -0.279506058 0.103728265 -0.021254539 0.152807340 0.101263739 0.982824385
1548265577.174470 0.253749698 -0.272401869 0.104276873 -0.021898972 0.158923998 0.103962779 0.981557608
1548265577.207980 0.252918780 -0.267550677 0.111264229 -0.023089619 0.165605366 0.106155343 0.980190158
1548265577.241520 0.244343132 -0.263984829 0.121461838 -0.024590909 0.173237666 0.107400507 0.978697717
1548265577.275020 0.250111431 -0.258803010 0.119574763 -0.026452590 0.178102046 0.109550849 0.977536976
1548265577.308530 0.250398755 -0.248325869 0.130889699 -0.027802732 0.184469849 0.111065887 0.976146638
1548265577.342050 0.254462898 -0.244210869 0.137452856 -0.030754523 0.188723773 0.111237340 0.975224972
1548265577.375560 0.255095124 -0.249633551 0.141583532 -0.035113372 0.194835410 0.113359988 0.973630190
1548265577.409080 0.248107433 -0.252673328 0.150904000 -0.037708465 0.200617105 0.114630088 0.972209215
1548265577.442570 0.258895606 -0.249949187 0.148448780 -0.039416522 0.203027159 0.115689561 0.971515417
1548265577.476080 0.251471937 -0.245955229 0.152354762 -0.040470921 0.208959907 0.117508844 0.969994605
1548265577.509630 0.254418194 -0.241468742 0.155277058 -0.041057173 0.211483851 0.117896207 0.969375789
1548265577.543110 0.256258756 -0.241074845 0.156394288 -0.042170096 0.214628547 0.118934296 0.968509614
1548265577.576630 0.260133952 -0.237594202 0.155916482 -0.042806372 0.217412785 0.119734973 0.967761755
1548265577.610150 0.257170588 -0.240390614 0.154034853 -0.044435669 0.221249416 0.120431341 0.966731846
1548265577.643660 0.251136422 -0.233087808 0.161650762 -0.043624040 0.225160047 0.121280938 0.965759218
1548265577.677180 0.255740911 -0.221785918 0.157809347 -0.042861599 0.226659805 0.121821158 0.965374470
1548265577.710740 0.255855292 -0.221051469 0.156037286 -0.044623185 0.230244726 0.123728059 0.964203000
1548265577.744210 0.246364087 -0.215372264 0.160014153 -0.045224652 0.234997824 0.125428274 0.962807596
1548265577.777800 0.251731753 -0.209947199 0.157001063 -0.045981262 0.235320270 0.127107903 0.962472677
1548265577.811320 0.266547978 -0.190218672 0.148824498 -0.045341223 0.236299679 0.127180248 0.962253511
1548265577.844850 0.256237119 -0.193912938 0.153122380 -0.048984587 0.243416980 0.130420208 0.959864199
1548265577.878350 0.255661488 -0.190961018 0.149516195 -0.050897412 0.245328411 0.131953225 0.959068179
1548265577.911870 0.268583775 -0.177957356 0.141773537 -0.051652823 0.246603236 0.132622510 0.958608389
1548265577.945390 0.262509286 -0.178465217 0.143042728 -0.054208696 0.252555609 0.134947270 0.956590950
1548265577.978870 0.262693077 -0.174097896 0.141852602 -0.055462297 0.255751729 0.135670513 0.955567062
1548265578.012390 0.267064065 -0.167914793 0.139205024 -0.055858854 0.257985860 0.136042565 0.954890251
1548265578.045910 0.285101861 -0.157847881 0.125498205 -0.056370102 0.259784490 0.136679128 0.954281509
1548265578.079430 0.266801685 -0.163724631 0.132454112 -0.058529973 0.269875795 0.138427019 0.951093674
1548265578.112940 0.267979056 -0.161588222 0.128314674 -0.059423964 0.273102462 0.140108436 0.949870229
1548265578.146450 0.272924721 -0.146603733 0.124489278 -0.058249924 0.276197284 0.141024143 0.948912084
1548265578.179970 0.268316060 -0.143462062 0.121579856 -0.059572835 0.280582219 0.143205687 0.947215259
1548265578.213490 0.267327756 -0.129791558 0.108979404 -0.059322707 0.282352179 0.144909173 0.946445644
1548265578.247000 0.275483400 -0.117581613 0.101928689 -0.059856083 0.284822732 0.146681458 0.945398211
1548265578.280480 0.268476874 -0.120801888 0.102960274 -0.062917568 0.291864157 0.148825243 0.942712963
1548265578.313980 0.270499915 -0.114153445 0.099930026 -0.063703753 0.294606835 0.150753602 0.941499889
1548265578.347480 0.270457089 -0.108109608 0.093905061 -0.064596251 0.297731698 0.151847526 0.940279484
1548265578.381010 0.266683817 -0.106418900 0.093949273 -0.065830216 0.301765800 0.153501049 0.938637912
1548265578.414540 0.269843310 -0.100174561 0.087978169 -0.065706685 0.303062767 0.155201554 0.937948823
1548265578.448060 0.270903111 -0.091643713 0.084281527 -0.064936943 0.306169391 0.156753182 0.936734676
1548265578.481570 0.268578112 -0.083954223 0.078910790 -0.064233795 0.309166998 0.158089027 0.935573399
1548265578.515090 0.272101253 -0.073820204 0.072264791 -0.063963443 0.311997622 0.158191323 0.934634507
1548265578.548610 0.270365745 -0.070458218 0.065702476 -0.065622218 0.318051130 0.159172252 0.932309687
1548265578.582170 0.270750076 -0.062967598 0.063245475 -0.066132471 0.322291642 0.160496444 0.930588782
1548265578.615830 0.267351955 -0.054303311 0.061225370 -0.066746123 0.327315152 0.159774214 0.928914368
1548265578.649340 0.268419772 -0.046314079 0.055238146 -0.067511559 0.331103772 0.160769492 0.927343309
1548265578.682920 0.266452789 -0.040025681 0.054734815 -0.068682335 0.335317791 0.161808491 0.925560772
1548265578.716440 0.262878805 -0.039306592 0.047583818 -0.070864581 0.338961571 0.162942216 0.923868537
1548265578.749960 0.265779644 -0.028512934 0.045654867 -0.071621306 0.342130721 0.163525298 0.922538042
1548265578.783510 0.263444662 -0.026990991 0.040989850 -0.073800176 0.346053541 0.165558636 0.920538306
1548265578.817040 0.265576929 -0.021076750 0.035029750 -0.074388467 0.348212481 0.166480154 0.919510067
1548265578.850550 0.263902277 -0.012123024 0.035340950 -0.074417330 0.352971554 0.166646048 0.917661250
1548265578.884070 0.260200530 -0.011645151 0.026141254 -0.075085938 0.355137438 0.169104233 0.916320503
1548265578.917580 0.260427654 0.000218123 0.024243968 -0.074369565 0.357108682 0.168135867 0.915790856
1548265578.951110 0.254058093 -0.000251876 0.020258935 -0.074554361 0.360825866 0.170162067 0.913942635
1548265578.984620 0.253143221 0.013153730 0.011142744 -0.072144620 0.360912770 0.171168014 0.913913906
1548265579.018130 0.250396878 0.021491515 0.005993844 -0.071880102 0.362291396 0.171406761 0.913344383
1548265579.051660 0.245219186 0.031732079 0.004340619 -0.071163692 0.362684280 0.171863973 0.913158596
1548265579.085180 0.245854065 0.036743272 -0.001742071 -0.072439715 0.362684935 0.171748340 0.913079739
1548265579.118730 0.239617348 0.044713877 0.000201804 -0.071759589 0.364352673 0.172898233 0.912252069
1548265579.152250 0.239910528 0.056737110 -0.007445390 -0.071390867 0.361945152 0.171806499 0.913444877
1548265579.185720 0.237853542 0.066867545 -0.010504288 -0.072849303 0.362009883 0.171445191 0.913371980
1548265579.219230 0.235987172 0.077449314 -0.010576861 -0.074050926 0.360367060 0.172212720 0.913780510
1548265579.252740 0.239254132 0.086693004 -0.014791139 -0.076959409 0.359470785 0.170627818 0.914190412
1548265579.286240 0.237049773 0.091173247 -0.012077257 -0.079433836 0.361729026 0.170753956 0.913063765
1548265579.319350 0.236817956 0.098708689 -0.012919434 -0.080235675 0.358572692 0.170329958 0.914316952
1548265579.352770 0.240830153 0.108034559 -0.017260743 -0.080966465 0.359358370 0.168152571 0.914347112
1548265579.386290 0.232919738 0.108980156 -0.015604841 -0.080991760 0.360482961 0.169147998 0.913718343
1548265579.419800 0.248954281 0.127351806 -0.026683349 -0.080174290 0.357325077 0.163973764 0.915971279
1548265579.453320 0.238879681 0.126223788 -0.016127096 -0.080329612 0.364586025 0.165051833 0.912897587
1548265579.486930 0.241693795 0.137614682 -0.024633437 -0.076574646 0.358799368 0.162266135 0.916007102
1548265579.520650 0.252190769 0.146574348 -0.029548446 -0.075251982 0.363431543 0.160263836 0.914642096
1548265579.554170 0.244040430 0.148607180 -0.023284461 -0.072646506 0.367454946 0.162241697 0.912894845
1548265579.587680 0.251226306 0.158121288 -0.031167287 -0.067929961 0.360702217 0.160533398 0.916246891
1548265579.621200 0.251821607 0.163499057 -0.033375792 -0.065095544 0.365071148 0.161016703 0.914636135
1548265579.654810 0.239408985 0.158478096 -0.035167132 -0.061638128 0.363739759 0.164341941 0.914814651
1548265579.688390 0.263690829 0.158870831 -0.078264795 -0.061961886 0.356056064 0.163543910 0.917953253
1548265579.721980 0.253894418 0.179474428 -0.062150795 -0.056662835 0.365465909 0.167225316 0.913925469
1548265579.755490 0.245480105 0.177049130 -0.057003345 -0.056437645 0.366818488 0.172434062 0.912428319
1548265579.789070 0.254871130 0.194518849 -0.067719333 -0.054262072 0.356714725 0.172868967 0.916475058
1548265579.822590 0.255692303 0.192411169 -0.082327001 -0.056054853 0.353192896 0.176418275 0.917054653
1548265579.856150 0.255062938 0.198366970 -0.083700202 -0.056180254 0.350557059 0.178572938 0.917641103
1548265579.889660 0.260119438 0.205786794 -0.092830233 -0.057278506 0.348223239 0.180648118 0.918055534
1548265579.923180 0.255916297 0.207121164 -0.093285933 -0.059147924 0.347202957 0.184799165 0.917497098
1548265579.956750 0.264955491 0.221179962 -0.099921316 -0.057867724 0.339277029 0.183383852 0.920821786
1548265579.990310 0.272551805 0.228657186 -0.105699986 -0.057772923 0.336467326 0.185361952 0.921462417
1548265580.023870 0.287303060 0.245322898 -0.113560647 -0.056526031 0.335406899 0.186030656 0.921791553
1548265580.057390 0.282021582 0.246694967 -0.117881000 -0.056713298 0.340041429 0.189046726 0.919465482
1548265580.090910 0.289712697 0.257059008 -0.116061389 -0.055981163 0.340824813 0.189043969 0.919220805
1548265580.124630 0.296732008 0.266245872 -0.128366306 -0.055579796 0.342418045 0.189753160 0.918506682
1548265580.158140 0.298997492 0.270504773 -0.136093676 -0.057182088 0.346603096 0.190387398 0.916705608
1548265580.191730 0.298493177 0.273611516 -0.135765091 -0.058919784 0.351495773 0.191945776 0.914404690
1548265580.225400 0.307302654 0.281871587 -0.140243143 -0.060329974 0.354008883 0.193855539 0.912939250
1548265580.258910 0.310353696 0.283217162 -0.143654540 -0.061581358 0.356385440 0.197866097 0.911068678
1548265580.292430 0.310548514 0.289156437 -0.135431767 -0.062230226 0.358630925 0.199345604 0.909820080
1548265580.325960 0.324620008 0.298607647 -0.146188691 -0.062771127 0.356238544 0.200598940 0.910447121
1548265580.359520 0.329938948 0.299320608 -0.151735187 -0.064181075 0.357190132 0.203197807 0.909399092
1548265580.393100 0.341678858 0.307376564 -0.160194367 -0.064865328 0.357839167 0.204116523 0.908889472
1548265580.426620 0.344058663 0.310832888 -0.161135599 -0.066167086 0.362555027 0.204607263 0.906814039
1548265580.460130 0.347432733 0.310136259 -0.162341997 -0.067788959 0.365277320 0.206016257 0.905281425
1548265580.493650 0.354946524 0.313017130 -0.168423802 -0.067983955 0.365099698 0.205899313 0.905365050
1548265580.527060 0.358457446 0.316394299 -0.173440278 -0.068042293 0.367204666 0.205717787 0.904550254
1548265580.560410 0.362906605 0.314711511 -0.176078334 -0.068772748 0.366381675 0.205886856 0.904790223
1548265580.593840 0.375886291 0.319155753 -0.187060297 -0.068392605 0.363745689 0.204819545 0.906123877
1548265580.627120 0.380095601 0.318931133 -0.188210130 -0.068266340 0.364455134 0.204208896 0.905986130
1548265580.660640 0.390001208 0.321497768 -0.196987361 -0.067120917 0.363530338 0.204008445 0.906488299
1548265580.694150 0.398979902 0.327373177 -0.206955060 -0.065187834 0.363051683 0.204107329 0.906798899
1548265580.727640 0.406962305 0.331821620 -0.212678403 -0.064276263 0.364802063 0.205182225 0.905918479
1548265580.761150 0.406702220 0.330729157 -0.214017242 -0.063886948 0.364659578 0.207237855 0.905535400
1548265580.794670 0.414289087 0.337282896 -0.220194310 -0.063027643 0.360437900 0.208086058 0.907089949
1548265580.828150 0.424048513 0.340002030 -0.226818964 -0.064113289 0.355540931 0.209430501 0.908635795
1548265580.861650 0.434652925 0.340100139 -0.230814129 -0.065952651 0.350679845 0.210982740 0.910033047
1548265580.895040 0.444309205 0.340836465 -0.237253711 -0.066338778 0.345747054 0.211911678 0.911675155
1548265580.928550 0.454405874 0.338723987 -0.240707546 -0.067071706 0.342037678 0.212866992 0.912797511
1548265580.962070 0.465837985 0.339144886 -0.249242574 -0.065656222 0.336977422 0.213189512 0.914705276
1548265580.995570 0.472856432 0.335748762 -0.253077537 -0.064098902 0.331133842 0.212149128 0.917188346
1548265581.029090 0.486186862 0.337916106 -0.262176156 -0.061210912 0.325078994 0.211041093 0.919803560
1548265581.062590 0.487252533 0.334832937 -0.262594312 -0.059020687 0.320907474 0.208493501 0.921989918
1548265581.096110 0.498347580 0.335587233 -0.273180455 -0.056606609 0.312391579 0.205784097 0.925667405
1548265581.129630 0.508985877 0.338500410 -0.282823175 -0.055062220 0.307577819 0.203106627 0.927961051
1548265581.163140 0.509699881 0.333045125 -0.283571661 -0.054655526 0.303850383 0.199885264 0.929910541
1548265581.196640 0.520703018 0.331767023 -0.289292395 -0.053887967 0.296938181 0.196651638 0.932872951
1548265581.230160 0.519650459 0.324603826 -0.288493633 -0.053380292 0.293579161 0.193977088 0.934523821
1548265581.263670 0.529842198 0.319376200 -0.298681259 -0.051483843 0.284401923 0.191418037 0.937989414
1548265581.297190 0.540051281 0.319972783 -0.302282810 -0.048199140 0.278405219 0.189716339 0.940305829
1548265581.330720 0.538541019 0.305210680 -0.309407145 -0.046281643 0.273712009 0.189270869 0.941868484
1548265581.364220 0.536755621 0.295299530 -0.308372289 -0.043193970 0.268515736 0.188025057 0.943758547
1548265581.397740 0.556905031 0.301859260 -0.316086709 -0.037367899 0.259491473 0.188169613 0.946498811
1548265581.431250 0.558275342 0.296394169 -0.322172493 -0.034036372 0.256945014 0.188987091 0.947156072
1548265581.464760 0.566290021 0.293341458 -0.329789132 -0.030475024 0.249618426 0.189005509 0.949230671
1548265581.498240 0.576115310 0.290425181 -0.332888812 -0.028003603 0.245094717 0.189478278 0.950390637
1548265581.531760 0.573585629 0.273120224 -0.336512268 -0.026414165 0.241838202 0.192116424 0.950740695
1548265581.565300 0.586935222 0.276199192 -0.339692265 -0.021354586 0.230457634 0.189480409 0.954217196
1548265581.598820 0.597024441 0.276991099 -0.348241359 -0.018595131 0.228001565 0.189858347 0.954789698
1548265581.632340 0.575471401 0.244600907 -0.342667073 -0.019933145 0.227023676 0.191520706 0.954663694
1548265581.665850 0.609001040 0.265550613 -0.350321233 -0.012729276 0.211886108 0.187198222 0.959113657
1548265581.699340 0.609946430 0.255592972 -0.350750685 -0.011576750 0.211029097 0.186241850 0.959503353
1548265581.732850 0.609307468 0.239412248 -0.354410946 -0.009937497 0.206732750 0.185293213 0.960640013
1548265581.766370 0.624371231 0.241360828 -0.358730882 -0.005866293 0.199809775 0.180414900 0.963063896
1548265581.799870 0.619607091 0.225725874 -0.361510009 -0.005287115 0.199823648 0.178617954 0.963399291
1548265581.833290 0.626286864 0.224587828 -0.361644149 -0.001035113 0.192224607 0.172647804 0.966044188
1548265581.866750 0.639600873 0.232251212 -0.363356739 0.002109646 0.188549593 0.166278377 0.967882276
1548265581.900240 0.623006403 0.219129920 -0.359825820 0.001148804 0.191695690 0.163144022 0.967799306
1548265581.933760 0.629527032 0.217091307 -0.367292464 0.002088298 0.180481657 0.156540379 0.971039176
1548265581.967280 0.640401721 0.222739324 -0.363957226 0.001601536 0.177417472 0.149978325 0.972639203
1548265582.000790 0.629342914 0.209390983 -0.357765704 -0.001967089 0.180602267 0.147802830 0.972385347
1548265582.034270 0.628518224 0.197578520 -0.362010658 -0.004660155 0.174386173 0.144574925 0.973994792
1548265582.067780 0.655946314 0.214236170 -0.355593055 -0.003572019 0.169723526 0.137872532 0.975793183
1548265582.101260 0.631927729 0.192254618 -0.350186646 -0.010169840 0.184117004 0.138392180 0.973059654
1548265582.134770 0.623342335 0.176905379 -0.345410258 -0.011666928 0.180027261 0.138607979 0.973777115
1548265582.168290 0.645407319 0.178824320 -0.350578308 -0.011308272 0.172445938 0.134772986 0.975689888
1548265582.201800 0.632415235 0.168215454 -0.347225338 -0.012650524 0.180086061 0.135538012 0.974186063
1548265582.235360 0.608349323 0.157860965 -0.328499705 -0.011829820 0.181046680 0.137908682 0.973685443
1548265582.268880 0.636367679 0.161161229 -0.346676826 -0.009542188 0.166674748 0.136572972 0.976461112
1548265582.302400 0.636905968 0.167345449 -0.345294446 -0.007880555 0.168781161 0.136945844 0.976061821
1548265582.335910 0.607613981 0.145748362 -0.332888544 -0.009529486 0.173181117 0.141748220 0.974589586
1548265582.369430 0.633454561 0.157107025 -0.343318760 -0.006714362 0.161224723 0.140153423 0.976892292
1548265582.402940 0.620480597 0.152802676 -0.343792886 -0.008116752 0.168258652 0.142397135 0.975369751
1548265582.436390 0.596862614 0.143709287 -0.327688247 -0.009554535 0.169975102 0.144737631 0.974714398
1548265582.469770 0.614216387 0.161515400 -0.328719527 -0.007902678 0.160563841 0.142377883 0.976670563
1548265582.503050 0.602853000 0.156621575 -0.325606346 -0.011416415 0.163509712 0.143291816 0.976013184
1548265582.536500 0.583732009 0.142290115 -0.325391412 -0.015661828 0.162782282 0.144670695 0.975872457
1548265582.569980 0.591164827 0.157320559 -0.319939226 -0.015718609 0.155382141 0.141768619 0.977502406
1548265582.603510 0.597996712 0.177924514 -0.311553895 -0.015910422 0.152419999 0.138635606 0.978414655
1548265582.637020 0.579207420 0.168256044 -0.309550017 -0.021418048 0.155685112 0.139265463 0.977705777
1548265582.670540 0.575923800 0.170517921 -0.306722492 -0.025430530 0.149740040 0.135546416 0.979059935
1548265582.704060 0.582233369 0.187535137 -0.304095805 -0.026772788 0.145990953 0.131374121 0.980158508
1548265582.737570 0.570895314 0.183592156 -0.296648711 -0.032093626 0.149012953 0.131240234 0.979561746
1548265582.771090 0.565766931 0.185570061 -0.291792631 -0.035513710 0.146691352 0.129874319 0.979976058
1548265582.804610 0.556401432 0.190562293 -0.286010236 -0.038048733 0.144281030 0.127662852 0.980529189
1548265582.838140 0.534233928 0.181091279 -0.280350953 -0.042063646 0.141438141 0.126838133 0.980886340
1548265582.871650 0.555297911 0.207157910 -0.278097302 -0.040248502 0.129646227 0.121736780 0.983235538
1548265582.905170 0.549147785 0.212060690 -0.274729520 -0.042776618 0.130074948 0.119767874 0.983313978
1548265582.938690 0.539191008 0.213275522 -0.271954983 -0.045291148 0.129151121 0.119182080 0.983394265
1548265582.972200 0.537809551 0.224949494 -0.267913908 -0.046383690 0.125240207 0.117224194 0.984084308
1548265583.005770 0.526197672 0.228277147 -0.263237327 -0.049386136 0.123892367 0.116245471 0.984224916
1548265583.039370 0.517238915 0.224581540 -0.262374967 -0.054090083 0.117484443 0.114839531 0.984928191
1548265583.073000 0.522202194 0.238659382 -0.259139329 -0.056050699 0.110743955 0.112410612 0.985879242
1548265583.106570 0.518615305 0.242712632 -0.256166279 -0.059595011 0.108613096 0.112427920 0.985906482
1548265583.140110 0.513237238 0.243523657 -0.251109570 -0.063949458 0.106027059 0.112470418 0.985910296
1548265583.173630 0.515301466 0.250655979 -0.247107461 -0.066445380 0.103873439 0.112749435 0.985942602
1548265583.207140 0.503288746 0.244654685 -0.242845997 -0.070788674 0.104090005 0.114970729 0.985360801
1548265583.240660 0.502879441 0.249102682 -0.240858197 -0.071279064 0.098598100 0.116089225 0.985759079
1548265583.274180 0.512611866 0.259804994 -0.238955006 -0.070767492 0.095599890 0.117790140 0.985889494
1548265583.307690 0.510109127 0.257859707 -0.234922469 -0.071919784 0.097138800 0.121373616 0.985220790
1548265583.341200 0.513344347 0.262611628 -0.234062538 -0.070940807 0.096754178 0.123267233 0.985094547
1548265583.374720 0.507105350 0.259697706 -0.231813267 -0.070930384 0.100447536 0.125862047 0.984397233
1548265583.408240 0.510250866 0.258078665 -0.230268732 -0.069616407 0.100119315 0.127645552 0.984294832
1548265583.441760 0.508146703 0.255830079 -0.230215892 -0.067784987 0.102012143 0.129110813 0.984037161
1548265583.475270 0.510777235 0.259391814 -0.230064854 -0.064612232 0.104647845 0.130644843 0.983771324
1548265583.508820 0.490059435 0.243466794 -0.230432659 -0.065006964 0.109738939 0.132243723 0.982976615
1548265583.542340 0.497183561 0.246875226 -0.229590014 -0.060973089 0.104259878 0.132243395 0.983831227
1548265583.575860 0.516864061 0.259806216 -0.226732492 -0.056602541 0.103463583 0.131487250 0.984277666
1548265583.609370 0.481477708 0.230693102 -0.226693079 -0.059165031 0.115237370 0.134422526 0.982420683
1548265583.642850 0.496695757 0.231131449 -0.226025864 -0.055082589 0.107858032 0.134059399 0.983544946
1548265583.676360 0.505236447 0.239045814 -0.229053795 -0.050309367 0.110048510 0.133020028 0.983699143
1548265583.709920 0.483940631 0.222907022 -0.224284500 -0.050254114 0.119778529 0.134769142 0.982326269
1548265583.743440 0.477936417 0.209380433 -0.223442838 -0.047158793 0.116248906 0.136695787 0.982637525
1548265583.776960 0.492543250 0.223652437 -0.229972437 -0.041548584 0.114905439 0.132350281 0.983643174
1548265583.810520 0.476255506 0.215332344 -0.220696941 -0.041367494 0.126981214 0.135061115 0.981795788
1548265583.844040 0.458722293 0.196574911 -0.220495775 -0.042332970 0.127471507 0.135850683 0.981582165
1548265583.877550 0.481517524 0.211052820 -0.224987417 -0.039383788 0.122149825 0.132677898 0.982814789
1548265583.911070 0.471919656 0.207125962 -0.217106298 -0.041502263 0.134853870 0.134730846 0.980785191
1548265583.944580 0.450407892 0.184358910 -0.213820428 -0.045483612 0.137237504 0.136302084 0.980060637
1548265583.978140 0.473066121 0.201592728 -0.212837324 -0.043163661 0.130636305 0.132828042 0.981543541
1548265584.011660 0.466839582 0.191844925 -0.208500221 -0.046592589 0.140085980 0.134491950 0.979855597
1548265584.045170 0.446874648 0.165956095 -0.202618152 -0.050052498 0.142797843 0.138045326 0.978798747
1548265584.078760 0.464970797 0.171972990 -0.203414455 -0.047419701 0.135994732 0.136811972 0.980071068
1548265584.112280 0.461405367 0.167143509 -0.202017143 -0.045496490 0.140036911 0.138276532 0.979387224
1548265584.145850 0.444071352 0.141645283 -0.199693516 -0.045882799 0.142352819 0.141227707 0.978613913
1548265584.179380 0.456873894 0.148448944 -0.202492699 -0.040297106 0.136278868 0.140332907 0.979852498
1548265584.212890 0.465549022 0.157126814 -0.202372417 -0.035398468 0.138098463 0.139918491 0.979846179
1548265584.246410 0.441857010 0.132996812 -0.200297505 -0.036170010 0.144594178 0.142314240 0.978535116
1548265584.279910 0.441688031 0.122426882 -0.200631768 -0.035074271 0.141583800 0.142014444 0.979058564
1548265584.313390 0.447277337 0.129273728 -0.200783014 -0.031021889 0.140578717 0.140588373 0.979545891
1548265584.346910 0.435296357 0.117338285 -0.198483169 -0.030612636 0.144180983 0.141896084 0.978846371
1548265584.380430 0.427352339 0.105471790 -0.197319403 -0.030026715 0.142958909 0.141130149 0.979154468
1548265584.413940 0.434791833 0.112014554 -0.195797518 -0.026994783 0.140481681 0.139425263 0.979845285
1548265584.447460 0.427708834 0.100983217 -0.195721328 -0.027151996 0.143545717 0.139466286 0.979390919
1548265584.480970 0.412838280 0.078530118 -0.194335297 -0.027987475 0.143002570 0.140287086 0.979329646
1548265584.514490 0.427097231 0.092236847 -0.195151523 -0.023506390 0.137653053 0.136965320 0.980683208
1548265584.547890 0.419749439 0.089812286 -0.189769551 -0.022125952 0.142469510 0.135833189 0.980184793
1548265584.581400 0.402447015 0.069820799 -0.188750461 -0.023346448 0.145119384 0.136666507 0.979651749
1548265584.614920 0.406242758 0.069542281 -0.188877136 -0.021233624 0.140888005 0.134449661 0.980623782
1548265584.648430 0.414859861 0.076128662 -0.186207622 -0.019149162 0.140762582 0.132640272 0.980931044
1548265584.681950 0.395204812 0.062179059 -0.180253685 -0.020398417 0.147209302 0.132891759 0.979925036
1548265584.715480 0.393354297 0.054992855 -0.177386627 -0.020024672 0.145340681 0.131902039 0.980345309
1548265584.749040 0.398426235 0.055463254 -0.180987060 -0.018828943 0.145055845 0.129720524 0.980702221
1548265584.782580 0.380401164 0.038888779 -0.175385728 -0.020371230 0.151283070 0.130593792 0.979614019
1548265584.816070 0.368101686 0.020790160 -0.176019147 -0.020871451 0.151232257 0.131043389 0.979551315
1548265584.849550 0.375312179 0.027314359 -0.172985673 -0.017579181 0.148026586 0.129648760 0.980290890
1548265584.882840 0.370009869 0.028562324 -0.170439824 -0.014921969 0.149529830 0.129492030 0.980127513
1548265584.916360 0.353993237 0.017537188 -0.166004583 -0.013902847 0.150546640 0.130384266 0.979868531
1548265584.950090 0.353198409 0.011729124 -0.167125404 -0.012487745 0.146042764 0.130316183 0.980578005
1548265584.983650 0.358582258 0.022280846 -0.162696660 -0.009281324 0.143519968 0.129204199 0.981133103
1548265585.017190 0.342955768 -0.003228990 -0.167698652 -0.012444117 0.145441845 0.130647317 0.980623841
1548265585.050720 0.339649826 0.001761493 -0.162524611 -0.010449492 0.140969783 0.129362509 0.981470168
1548265585.084260 0.341026127 0.008422153 -0.158743382 -0.008978457 0.138544127 0.126419783 0.982213259
1548265585.117780 0.333919942 -0.006454479 -0.160942197 -0.010711538 0.137243107 0.125012070 0.982558668
1548265585.151300 0.328342617 -0.015847394 -0.158786952 -0.011720195 0.131345674 0.123996191 0.983481526
1548265585.184900 0.326297075 -0.014659619 -0.157319397 -0.010713148 0.128355026 0.120956481 0.984266102
1548265585.218410 0.315116227 -0.030268328 -0.153128952 -0.011910148 0.126979455 0.119686969 0.984585941
1548265585.251930 0.293578774 -0.047647581 -0.156364113 -0.012324298 0.121894889 0.115441747 0.985729635
1548265585.285470 0.303316087 -0.035492778 -0.149350181 -0.007717851 0.114064671 0.111006893 0.987221956
1548265585.318990 0.293229848 -0.048021421 -0.146458283 -0.006919516 0.111875802 0.109110005 0.987689674
1548265585.352510 0.265035123 -0.065591052 -0.137532339 -0.006217310 0.109310873 0.104145154 0.988517225
1548265585.386020 0.274122745 -0.049841922 -0.141696051 -0.000067599 0.099066898 0.099297516 0.990114033
1548265585.419540 0.265606582 -0.048016634 -0.137156516 0.003480597 0.096829355 0.096914083 0.990565300
1548265585.453020 0.243702427 -0.067403659 -0.141881540 0.003713963 0.092811741 0.094666585 0.991166174
1548265585.486480 0.237612233 -0.051211715 -0.131921470 0.009061353 0.086617105 0.090567946 0.992075026
1548265585.519990 0.234597147 -0.049694382 -0.129432425 0.010722426 0.082407184 0.088427253 0.992610037
1548265585.553510 0.221501499 -0.047973026 -0.134429276 0.012852143 0.075240009 0.087052837 0.993275166
1548265585.587020 0.212453738 -0.054863367 -0.132948130 0.011974536 0.068440348 0.084171906 0.994025946
1548265585.620450 0.224238425 -0.052448288 -0.129534766 0.011908272 0.061400805 0.083060622 0.994579852
1548265585.653960 0.210167766 -0.053399391 -0.124123171 0.011222339 0.060137548 0.082420275 0.994718254
1548265585.687480 0.201096356 -0.052134156 -0.120970480 0.011434286 0.055833738 0.082370251 0.994970858
1548265585.721050 0.215433180 -0.058252949 -0.121301703 0.010188597 0.049480278 0.081056871 0.995428383
1548265585.754570 0.197153956 -0.065116979 -0.118806913 0.009413913 0.049852777 0.081262462 0.995400667
1548265585.788090 0.200393781 -0.062458120 -0.112029783 0.010986146 0.044280861 0.080421567 0.995716274
1548265585.821630 0.199780002 -0.062152427 -0.115690641 0.012150716 0.041129321 0.080624498 0.995821476
1548265585.855150 0.195111305 -0.065441743 -0.119467750 0.012156687 0.036971483 0.079981357 0.996036291
1548265585.888630 0.200539201 -0.062367912 -0.117814206 0.013218928 0.031941805 0.078180529 0.996339679
1548265585.922150 0.199721172 -0.063550301 -0.118382454 0.012626120 0.029613199 0.076230891 0.996570349
1548265585.955660 0.173459172 -0.055655431 -0.107303277 0.014153427 0.029569300 0.074530549 0.996679783
1548265585.989180 0.188694969 -0.054822683 -0.111010529 0.013012248 0.019865157 0.070160247 0.997253001
1548265586.022620 0.197777167 -0.059194826 -0.117758147 0.009705757 0.017845424 0.067325696 0.997524261
1548265586.056210 0.166467920 -0.042840596 -0.102737725 0.010521402 0.020160422 0.067668751 0.997448623
1548265586.089730 0.177078784 -0.039803140 -0.102451719 0.008677516 0.008632984 0.063566796 0.997902513
1548265586.123250 0.186328754 -0.044938326 -0.103348263 0.005522564 0.004755171 0.060285080 0.998154581
1548265586.157040 0.167354673 -0.034996402 -0.097832918 0.006234146 0.005234527 0.059609689 0.998188555
1548265586.190640 0.160821050 -0.028276131 -0.095805608 0.006847830 -0.005668107 0.055304989 0.998429954
1548265586.224080 0.238564581 -0.033780165 -0.119167544 0.002744476 -0.016393246 0.050075337 0.998607099
1548265586.257530 0.176570177 -0.007874800 -0.098475717 0.005306487 0.001501413 0.056284089 0.998399556
1548265586.290740 0.166708991 0.002506349 -0.095695905 0.004340169 -0.001383661 0.052843709 0.998592377
1548265586.324190 0.193081468 0.010203915 -0.103251562 0.000984468 -0.005830731 0.051005501 0.998680890
1548265586.357710 0.169398427 0.017066425 -0.094949000 -0.003128709 -0.001114696 0.048970122 0.998794734
1548265586.391170 0.157011867 0.015725151 -0.083733514 -0.009245515 -0.007239089 0.043888129 0.998967409
1548265586.424750 0.151883304 0.017392201 -0.079375848 -0.014264060 -0.008010497 0.040044233 0.999063969
1548265586.458210 0.136181340 0.018474821 -0.074030235 -0.018377105 -0.008622373 0.038250629 0.999061942
1548265586.491720 0.147968665 0.016963311 -0.073471487 -0.023212349 -0.018262783 0.034489773 0.998968542
1548265586.525240 0.139176860 0.023840759 -0.066763870 -0.025620047 -0.015462861 0.033285700 0.998997748
1548265586.558660 0.131516904 0.031683769 -0.062057197 -0.026585383 -0.017203422 0.033579387 0.998934269
1548265586.592150 0.135334402 0.028636066 -0.061937295 -0.029494183 -0.021481264 0.030736215 0.998861313
1548265586.625670 0.136428639 0.027814027 -0.060667809 -0.031894725 -0.020823546 0.028545108 0.998866498
1548265586.659180 0.124400467 0.039981067 -0.056161631 -0.031247789 -0.020447256 0.030193636 0.998846233
1548265586.692700 0.121623144 0.039234616 -0.052949846 -0.033595994 -0.023626117 0.026656531 0.998800576
1548265586.726200 0.120263003 0.039115604 -0.050944582 -0.035842486 -0.024736922 0.025197454 0.998733461
1548265586.759720 0.107918166 0.044083994 -0.041559219 -0.036967579 -0.023397179 0.023706047 0.998761237
1548265586.793240 0.093509696 0.052297309 -0.038548671 -0.037348367 -0.024597455 0.022709539 0.998741388
1548265586.826760 0.101888947 0.047911849 -0.038937580 -0.040558346 -0.029597539 0.018391812 0.998569369
1548265586.860280 0.096804418 0.055642556 -0.034599587 -0.041318569 -0.030353006 0.017622843 0.998529375
1548265586.893800 0.068931982 0.057935745 -0.033276062 -0.043117151 -0.031596497 0.014684740 0.998462260
1548265586.927310 0.085724622 0.057683267 -0.026384687 -0.044698626 -0.044669393 0.007918067 0.997969925
1548265586.960850 0.074903764 0.063069813 -0.021729935 -0.045191497 -0.043005250 0.005813213 0.998035312
1548265586.994370 0.065332718 0.066902883 -0.019199707 -0.045720194 -0.046337020 0.002958535 0.997874618
1548265587.027880 0.053351305 0.071259461 -0.013992939 -0.045524392 -0.051598616 -0.001895773 0.997627974
1548265587.061500 0.042402089 0.071874328 -0.013739111 -0.045539673 -0.061125133 -0.005846446 0.997073531
1548265587.095050 0.040140249 0.074342519 -0.012015289 -0.044417121 -0.067347802 -0.010066658 0.996689558
1548265587.128590 0.036580898 0.077789016 -0.010040606 -0.043163393 -0.072627783 -0.012815483 0.996342242
1548265587.162100 0.023769811 0.085923374 -0.008149611 -0.041329451 -0.075472899 -0.014313628 0.996188164
1548265587.195620 0.021007389 0.081291959 -0.004789660 -0.042215586 -0.082896963 -0.019018084 0.995481908
1548265587.229140 0.022767648 0.080376275 -0.001337132 -0.042373706 -0.088804469 -0.021928571 0.994905710
1548265587.262720 0.017164344 0.078782648 -0.002227145 -0.043158587 -0.091511212 -0.023429690 0.994592428
1548265587.296250 0.011836481 0.081992552 -0.003791640 -0.043042690 -0.095435761 -0.025006099 0.994190156
1548265587.329810 0.007169015 0.084462732 -0.000482581 -0.043319311 -0.099868141 -0.027207136 0.993684828
1548265587.363280 0.002617306 0.084144205 -0.000611062 -0.044441763 -0.102795936 -0.027447889 0.993330061
1548265587.396840 -0.007062995 0.084071636 0.002827149 -0.045681272 -0.105695769 -0.029222086 0.992918789
1548265587.430370 -0.007590618 0.084682778 0.003196276 -0.046458598 -0.111405425 -0.029312877 0.992255628
1548265587.463940 -0.009074043 0.080726147 0.006196075 -0.048262745 -0.115140960 -0.031460073 0.991677105
1548265587.497460 -0.018377271 0.083619341 0.006627952 -0.048147708 -0.115896404 -0.030312918 0.991630435
1548265587.531240 -0.021845760 0.076852404 0.009133124 -0.049785040 -0.118834771 -0.030838959 0.991185486
1548265587.564870 -0.030561453 0.070926234 0.007026138 -0.050920229 -0.118220687 -0.031289775 0.991187155
1548265587.598450 -0.034959294 0.067507163 0.009102589 -0.051096816 -0.118551120 -0.029409051 0.991196156
1548265587.631970 -0.035157364 0.064438842 0.008283925 -0.050164111 -0.121407695 -0.029550472 0.990893781
1548265587.665580 -0.035589509 0.071076594 0.007215668 -0.046401594 -0.120281786 -0.030218277 0.991194248
1548265587.699100 -0.038635496 0.060076538 0.007349069 -0.048272632 -0.116603866 -0.027372500 0.991626978
1548265587.732610 -0.039743517 0.057841275 0.007319844 -0.047444981 -0.119422093 -0.026518479 0.991354704
1548265587.766130 -0.038102612 0.056271631 0.002621614 -0.045898445 -0.118177220 -0.028992081 0.991507411
1548265587.799650 -0.045840412 0.054812301 0.005661453 -0.045494564 -0.111981571 -0.025668491 0.992336392
1548265587.833160 -0.046629246 0.050872564 0.004674874 -0.045348100 -0.112933315 -0.024456667 0.992265821
1548265587.866680 -0.045449998 0.049466521 0.001427745 -0.044335026 -0.112097383 -0.025673684 0.992375672
1548265587.900190 -0.053484552 0.044228837 0.000842635 -0.044825293 -0.108536504 -0.024151707 0.992787600
1548265587.933710 -0.055289447 0.040968847 0.001166252 -0.044310484 -0.110541336 -0.023306770 0.992609680
1548265587.967330 -0.057498019 0.035855595 -0.000706149 -0.043454040 -0.110912696 -0.024577221 0.992575467
1548265588.000700 -0.060572803 0.032271005 -0.001920067 -0.042032562 -0.109753765 -0.023175908 0.992799163
1548265588.034160 -0.064881235 0.027420791 -0.004684079 -0.040158857 -0.110924147 -0.022129474 0.992770553
1548265588.067490 -0.066657051 0.023858054 -0.006494268 -0.037195019 -0.112775892 -0.022240043 0.992674947
1548265588.100970 -0.067613706 0.021258194 -0.009096279 -0.034240156 -0.113187023 -0.021103887 0.992759228
1548265588.134480 -0.073303290 0.019324867 -0.011590890 -0.031231543 -0.114838958 -0.019432897 0.992702842
1548265588.168000 -0.073101006 0.015103358 -0.019145479 -0.028614838 -0.118225060 -0.020974712 0.992352784
1548265588.201510 -0.075697616 0.012146999 -0.021534879 -0.026460990 -0.119282246 -0.021170540 0.992281914
1548265588.235030 -0.078337833 0.011905082 -0.023138650 -0.023871688 -0.121715352 -0.021174401 0.992051959
1548265588.268540 -0.078743242 0.005534814 -0.028794769 -0.022391215 -0.125394866 -0.022554595 0.991597712
1548265588.302060 -0.083781727 0.001552268 -0.032489255 -0.020753451 -0.126000568 -0.023195943 0.991541743
1548265588.334890 -0.091607139 -0.002795731 -0.035500295 -0.019407582 -0.127158508 -0.022606667 0.991434813
1548265588.368390 -0.087369561 -0.004912635 -0.038416844 -0.016568504 -0.132291362 -0.023404479 0.990795970
1548265588.401900 -0.086268619 -0.008529675 -0.041081384 -0.014306937 -0.134415969 -0.024064394 0.990529418
1548265588.435420 -0.091754369 -0.009793016 -0.043553431 -0.012036010 -0.134865463 -0.023553289 0.990510821
1548265588.468930 -0.090630986 -0.011098994 -0.048294965 -0.009619870 -0.138357326 -0.023598768 0.990054429
1548265588.502470 -0.093452096 -0.014873686 -0.053147554 -0.008049791 -0.139272362 -0.026084792 0.989877760
1548265588.536340 -0.099020839 -0.015986629 -0.055435762 -0.006823081 -0.137196675 -0.025597868 0.990189493
1548265588.569910 -0.102557272 -0.013457813 -0.058794368 -0.004775615 -0.140652001 -0.024886563 0.989734769
1548265588.603440 -0.097862191 -0.018369110 -0.061911829 -0.004686488 -0.144749969 -0.027951568 0.989062250
1548265588.636960 -0.101943903 -0.020595402 -0.067151435 -0.004584640 -0.142684340 -0.029121377 0.989329100
1548265588.670470 -0.105528243 -0.021047093 -0.067773998 -0.004455520 -0.143330574 -0.028309301 0.989259839
1548265588.703990 -0.104436465 -0.019939126 -0.070572026 -0.003159554 -0.145455509 -0.028899204 0.988937616
1548265588.737500 -0.104280524 -0.019804927 -0.070990890 -0.002552080 -0.144214913 -0.029567644 0.989101231
1548265588.771030 -0.111555621 -0.016561259 -0.073168367 -0.002185840 -0.142244756 -0.026759088 0.989467323
1548265588.804550 -0.112720065 -0.014708450 -0.077198282 -0.002281178 -0.146560237 -0.026865022 0.988834262
1548265588.838070 -0.109765023 -0.011840049 -0.077069238 -0.002494356 -0.148065865 -0.028944703 0.988550663
1548265588.871580 -0.114927158 -0.006669020 -0.078238159 -0.003632783 -0.146805033 -0.028140742 0.988758385
1548265588.905100 -0.119469985 0.000016618 -0.079467490 -0.005060324 -0.148613378 -0.029301757 0.988448203
1548265588.938650 -0.122068584 0.001437975 -0.081785791 -0.008331484 -0.148517832 -0.033676982 0.988300979
1548265588.972190 -0.122032084 0.009099155 -0.079084583 -0.011645123 -0.148204476 -0.035102032 0.988264978
1548265589.005700 -0.132084072 0.018220106 -0.080600210 -0.014743269 -0.147589356 -0.038821843 0.988176525
1548265589.039280 -0.124686912 0.015779372 -0.076651245 -0.020317953 -0.147225216 -0.043622330 0.987931669
1548265589.072790 -0.131979197 0.026347641 -0.074841768 -0.023465138 -0.143290982 -0.045061614 0.988375664
1548265589.106250 -0.134692162 0.031399190 -0.071787685 -0.026838619 -0.146667823 -0.047656238 0.987672567
1548265589.139710 -0.135449931 0.034183972 -0.067414947 -0.028641444 -0.146436036 -0.050819632 0.987498581
1548265589.173230 -0.135637134 0.036086679 -0.064106189 -0.029760705 -0.145458981 -0.050014254 0.987650990
1548265589.206710 -0.136039689 0.040339105 -0.062107619 -0.029157715 -0.145253912 -0.051890608 0.987602413
1548265589.240230 -0.135034457 0.046469685 -0.059985954 -0.028333317 -0.142372668 -0.052609242 0.988007843
1548265589.273740 -0.138992354 0.048899900 -0.058605172 -0.029099185 -0.140740797 -0.052710280 0.988213956
1548265589.307230 -0.140852556 0.056915838 -0.059581622 -0.028462145 -0.139993995 -0.055309959 0.988196552
1548265589.340740 -0.140692130 0.056726802 -0.057404555 -0.032094426 -0.136318445 -0.057861254 0.988452971
1548265589.374260 -0.147852972 0.063037433 -0.056059591 -0.034890492 -0.132800221 -0.058511566 0.988798857
1548265589.407810 -0.150453493 0.064689517 -0.054284524 -0.038383059 -0.132578745 -0.062488556 0.988455772
1548265589.441320 -0.151819900 0.065752544 -0.048650436 -0.042102318 -0.130369633 -0.066172607 0.988358378
1548265589.474790 -0.158113942 0.073881201 -0.046493765 -0.044036776 -0.127562895 -0.066526562 0.988616526
1548265589.508200 -0.159603283 0.076627396 -0.042942557 -0.046364561 -0.128011644 -0.069222145 0.988267004
1548265589.541680 -0.159826741 0.079277277 -0.039406698 -0.048221748 -0.125631765 -0.071502239 0.988321185
1548265589.574900 -0.164840221 0.081274033 -0.037248943 -0.050677679 -0.123955242 -0.070018791 0.988516212
1548265589.608410 -0.164560080 0.086608842 -0.037031442 -0.051569249 -0.126141474 -0.072620459 0.988005698
1548265589.641930 -0.165968642 0.097271629 -0.036592789 -0.051224835 -0.122220442 -0.074126758 0.988404453
1548265589.675740 -0.167599201 0.097052976 -0.030277858 -0.054993723 -0.120917074 -0.073125981 0.988436818
1548265589.709260 -0.169558704 0.096921980 -0.027410638 -0.058277883 -0.121669456 -0.074954793 0.988019228
1548265589.742480 -0.167418182 0.107623033 -0.025136707 -0.058982160 -0.120582916 -0.076514788 0.987991035
1548265589.775990 -0.175192669 0.108749092 -0.021392830 -0.062799275 -0.118080392 -0.077294372 0.987997413
1548265589.809490 -0.168696374 0.107893333 -0.017262792 -0.066080570 -0.120504141 -0.078965232 0.987358391
1548265589.843000 -0.174644202 0.107085124 -0.014750339 -0.068337701 -0.116530627 -0.081372157 0.987486243
1548265589.876540 -0.173697576 0.111996047 -0.007914938 -0.069357835 -0.112790480 -0.080844790 0.987892628
1548265589.910040 -0.176179066 0.112727024 -0.006594753 -0.070889398 -0.109742619 -0.081051439 0.988110244
1548265589.943560 -0.175237849 0.116409056 -0.002665901 -0.070999727 -0.105338804 -0.081768602 0.988522470
1548265589.977090 -0.184448957 0.117565267 0.000021934 -0.072585478 -0.100142874 -0.080335312 0.989064693
1548265590.010610 -0.183300361 0.117697574 0.002080492 -0.073461369 -0.099072576 -0.080610938 0.989085376
1548265590.044140 -0.191439301 0.128764525 0.000120967 -0.071538612 -0.086120062 -0.079681091 0.990513265
1548265590.077710 -0.219792292 0.140397102 0.006826067 -0.069827631 -0.071194671 -0.076540440 0.992067039
1548265590.111250 -0.215716362 0.144916534 0.015181627 -0.068474010 -0.070031643 -0.074964583 0.992364407
1548265590.144760 -0.198109031 0.124439776 0.010840854 -0.073378824 -0.068052456 -0.073945753 0.992228031
1548265590.178260 -0.211258590 0.139886186 0.028611595 -0.069615558 -0.058341939 -0.069068238 0.993468404
1548265590.211720 -0.186797902 0.121336892 0.019921532 -0.074102357 -0.061572701 -0.067499794 0.993056595
1548265590.245230 -0.191854700 0.131157458 0.024907870 -0.071615912 -0.054154623 -0.063704148 0.993921638
1548265590.278720 -0.191139966 0.130637780 0.033655498 -0.072095290 -0.051708430 -0.059886981 0.994254529
1548265590.312230 -0.186728671 0.129440740 0.036448009 -0.072530739 -0.051302657 -0.057612255 0.994378269
1548265590.345750 -0.185217381 0.135944054 0.036017857 -0.070714571 -0.048103906 -0.055196494 0.994805932
1548265590.379270 -0.181143075 0.129842326 0.043318179 -0.073186047 -0.047019184 -0.051865123 0.994858265
1548265590.412800 -0.183309659 0.133501127 0.040467445 -0.072288521 -0.044516061 -0.050221723 0.995123327
1548265590.446320 -0.174733490 0.127924576 0.044795871 -0.073705137 -0.043454055 -0.048846930 0.995134830
1548265590.479760 -0.167947754 0.123764910 0.049053811 -0.074810714 -0.043429330 -0.046948940 0.995144725
1548265590.513280 -0.165369764 0.118589595 0.048646368 -0.075597107 -0.043073155 -0.045430828 0.995171249
1548265590.546790 -0.168090045 0.122071274 0.042782735 -0.073338553 -0.037768926 -0.043452360 0.995643914
1548265590.580310 -0.165981293 0.119753174 0.049701169 -0.072707944 -0.034182385 -0.040678937 0.995936871
1548265590.613820 -0.157472029 0.117015727 0.052278716 -0.071610555 -0.035792958 -0.038551483 0.996044457
1548265590.647340 -0.153927460 0.107635714 0.046223797 -0.071894534 -0.033810496 -0.038316052 0.996102393
1548265590.680930 -0.150258273 0.105721571 0.053441197 -0.070096150 -0.031775054 -0.035824705 0.996390224
1548265590.714450 -0.143444240 0.102548756 0.053629782 -0.068361297 -0.033692338 -0.034405656 0.996497750
1548265590.747960 -0.143695503 0.099557564 0.047850624 -0.066236630 -0.030660279 -0.034616504 0.996731818
1548265590.781480 -0.142455205 0.091694504 0.052256767 -0.065229289 -0.025992911 -0.032958172 0.996987104
1548265590.815000 -0.135821179 0.093188271 0.052829690 -0.062060419 -0.025180764 -0.030330896 0.997293591
1548265590.848510 -0.132592216 0.088069975 0.049943000 -0.060645770 -0.023637613 -0.031030031 0.997396886
1548265590.882020 -0.132715628 0.087304108 0.047010951 -0.058206942 -0.019314304 -0.030329352 0.997656763
1548265590.915490 -0.127048939 0.086980864 0.047970556 -0.056316853 -0.018372817 -0.028962176 0.997823656
1548265590.948990 -0.128755122 0.085321218 0.048388071 -0.054748613 -0.016339630 -0.028921615 0.997947454
1548265590.982520 -0.121051796 0.080964439 0.042817920 -0.053610906 -0.014597724 -0.030349046 0.997993827
1548265591.016050 -0.119707257 0.078438088 0.046495996 -0.052585706 -0.011052638 -0.027537735 0.998175442
1548265591.049560 -0.116035335 0.074765839 0.044895165 -0.051402155 -0.010793048 -0.027297078 0.998246551
1548265591.083070 -0.112272635 0.069504373 0.044078097 -0.050809376 -0.008751734 -0.028292291 0.998269200
1548265591.116590 -0.108423464 0.072564311 0.042103101 -0.048198227 -0.005394297 -0.024678033 0.998518288
1548265591.150110 -0.106215306 0.070570119 0.042634092 -0.047094502 -0.005210510 -0.024125386 0.998585463
1548265591.183630 -0.100138374 0.066462509 0.037355900 -0.046494998 -0.002850831 -0.024076106 0.998624265
1548265591.217140 -0.099457383 0.068060510 0.036405675 -0.045094166 0.000156994 -0.020992199 0.998762131
1548265591.250650 -0.096359871 0.065336041 0.034755632 -0.044823684 0.000248683 -0.019586505 0.998802900
1548265591.284170 -0.091875561 0.060455829 0.031681314 -0.044981968 0.000907680 -0.020049078 0.998786211
1548265591.317680 -0.087078370 0.060709890 0.030856878 -0.044364229 0.003114053 -0.018842828 0.998832822
1548265591.351200 -0.088264890 0.060722016 0.032234445 -0.043744292 0.005451415 -0.017726908 0.998870611
1548265591.384720 -0.083684772 0.056925021 0.029742260 -0.043803710 0.006191128 -0.017865360 0.998861194
1548265591.418240 -0.082027212 0.055345293 0.030483292 -0.043345254 0.008736144 -0.017169740 0.998874366
1548265591.451820 -0.077246308 0.053402234 0.029408440 -0.042515628 0.009938437 -0.015783057 0.998921692
1548265591.485340 -0.075167537 0.052196838 0.028374799 -0.041330341 0.012223530 -0.015167443 0.998955607
1548265591.518780 -0.073569641 0.053644925 0.027416078 -0.039850742 0.013672972 -0.013552565 0.999020159
1548265591.552300 -0.072086975 0.053750716 0.026506677 -0.038625646 0.013971346 -0.013030712 0.999071121
1548265591.585810 -0.069425702 0.048128821 0.022965772 -0.039065424 0.014876249 -0.014411931 0.999021947
1548265591.619330 -0.070034899 0.050589919 0.024626326 -0.037431907 0.017383546 -0.013059635 0.999062598
1548265591.652820 -0.068994969 0.051133726 0.023167165 -0.036119852 0.016613396 -0.012703292 0.999128580
1548265591.686340 -0.064565495 0.044833492 0.021043088 -0.036386896 0.016306212 -0.013885608 0.999108255
1548265591.719880 -0.065332748 0.046820499 0.019557565 -0.034363031 0.017480314 -0.012290074 0.999180973
1548265591.753400 -0.065120995 0.044427477 0.019567907 -0.033343129 0.016687904 -0.012673046 0.999224246
1548265591.786950 -0.058738980 0.037568074 0.015500145 -0.033384658 0.017238934 -0.014048269 0.999195099
1548265591.820500 -0.060547628 0.044491857 0.015707685 -0.030238084 0.019904887 -0.010349661 0.999290943
1548265591.854020 -0.060656156 0.048305366 0.012654963 -0.028349692 0.018316150 -0.008747370 0.999391973
1548265591.887600 -0.059571356 0.045719389 0.010100619 -0.028457224 0.016553869 -0.010063941 0.999407232
1548265591.921050 -0.058293499 0.050424930 0.007990754 -0.027137363 0.015628215 -0.008159667 0.999476194
1548265591.954530 -0.060803119 0.058524080 0.007500918 -0.025201030 0.010728768 -0.007689595 0.999595225
1548265591.988340 -0.056013305 0.044479046 0.002971335 -0.028525872 0.007547321 -0.011620427 0.999496996
1548265592.021860 -0.052756015 0.049239196 0.002305774 -0.027413689 0.007904058 -0.009507843 0.999547720
1548265592.055380 -0.054673325 0.054892290 0.001348963 -0.026066395 0.005974610 -0.007922732 0.999610960
1548265592.088970 -0.050952483 0.051474370 -0.002404735 -0.026808387 0.002582067 -0.010738794 0.999579549
1548265592.122490 -0.048128981 0.053174529 -0.003290354 -0.027217550 0.004682975 -0.011044054 0.999557555
1548265592.156010 -0.047976941 0.059091773 -0.004096704 -0.026736183 0.004358037 -0.010443009 0.999578476
1548265592.189440 -0.046416096 0.058679119 -0.005609705 -0.027936816 0.003700777 -0.012277947 0.999527454
1548265592.222960 -0.044527311 0.066460177 -0.004757367 -0.027242195 0.002970718 -0.012069186 0.999551594
1548265592.256480 -0.040054031 0.063489765 -0.007643882 -0.029363764 0.002292445 -0.014492576 0.999461055
1548265592.289990 -0.039273765 0.068460219 -0.006290410 -0.030040484 0.004085288 -0.014595544 0.999433756
1548265592.323510 -0.039010014 0.071435101 -0.005809197 -0.031356439 0.004519118 -0.014416789 0.999394059
1548265592.357020 -0.038069069 0.072566517 -0.005355168 -0.033101615 0.003977894 -0.015734812 0.999320209
1548265592.390540 -0.036926184 0.075182974 -0.003366180 -0.034463413 0.004936505 -0.016523575 0.999257147
1548265592.424130 -0.037144270 0.077122368 -0.002625700 -0.035982400 0.006260993 -0.016978910 0.999188542
1548265592.457650 -0.032258183 0.076160029 -0.002626882 -0.037757393 0.006003162 -0.018232495 0.999102533
1548265592.491170 -0.029031569 0.075851999 -0.000904903 -0.039041936 0.008968919 -0.019487644 0.999007225
1548265592.524680 -0.030090936 0.083546564 0.000116085 -0.038176250 0.010838564 -0.017141990 0.999065161
1548265592.558200 -0.030583428 0.083303973 0.001860607 -0.038657706 0.010879519 -0.017768452 0.999035299
1548265592.591640 -0.026074765 0.079683669 0.000219097 -0.039867729 0.011424795 -0.019549139 0.998948395
1548265592.625100 -0.027767392 0.086795822 0.002835957 -0.038427316 0.013969187 -0.017872073 0.999003887
1548265592.658610 -0.026771924 0.087945245 0.003024704 -0.038458511 0.013488892 -0.018243313 0.999002576
1548265592.691980 -0.024531154 0.082265489 0.003806699 -0.040153395 0.014574359 -0.020302542 0.998880923
1548265592.725500 -0.019518701 0.087509207 0.003207731 -0.039255768 0.016401675 -0.019136854 0.998911262
1548265592.758970 -0.021360865 0.092343196 0.004852845 -0.038637549 0.018008849 -0.018250246 0.998924315
1548265592.792470 -0.018969778 0.093381293 0.004987325 -0.038607564 0.017749706 -0.018880302 0.998918355
1548265592.825980 -0.018498085 0.089307949 0.004948220 -0.039765894 0.019482160 -0.019518172 0.998828351
1548265592.859500 -0.020106021 0.091378227 0.004818081 -0.039224148 0.020865224 -0.018685207 0.998837829
1548265592.893020 -0.016763913 0.087964311 0.005567150 -0.039798476 0.020699026 -0.018972566 0.998813152
1548265592.926530 -0.016167957 0.086637720 0.006802225 -0.039689336 0.022410655 -0.018161826 0.998795569
1548265592.960050 -0.015176236 0.085111618 0.006702147 -0.039368633 0.023417005 -0.017487125 0.998797238
1548265592.993580 -0.013998969 0.083662324 0.006299820 -0.039068751 0.024497937 -0.016151568 0.998805583
1548265593.027120 -0.009594445 0.082316980 0.004582013 -0.038734365 0.025900800 -0.015281048 0.998796880
1548265593.060630 -0.008837662 0.081636131 0.005919893 -0.038280204 0.027683903 -0.013226732 0.998795927
1548265593.094150 -0.008439432 0.083473206 0.005615600 -0.037038714 0.028299892 -0.010943437 0.998853087
1548265593.127690 -0.005056102 0.076358423 0.004095532 -0.037824992 0.028898565 -0.011110860 0.998804629
1548265593.161210 -0.004552305 0.079175040 0.005882910 -0.035981666 0.030841932 -0.008291340 0.998842001
1548265593.194730 -0.000653948 0.076816045 0.003960366 -0.035579011 0.031133054 -0.006973905 0.998857498
1548265593.228240 -0.000973980 0.075947106 0.004210730 -0.034741145 0.032096166 -0.005678790 0.998864651
1548265593.261770 0.005201018 0.074488506 0.001539919 -0.034253128 0.032835323 -0.004985471 0.998861194
1548265593.295290 0.003861968 0.075030625 0.001838324 -0.033074748 0.035094939 -0.003660301 0.998829842
1548265593.328800 0.005824960 0.073812187 0.002288030 -0.032676335 0.036472622 -0.002681051 0.998796701
1548265593.362320 0.011502990 0.072277881 -0.001209661 -0.032348506 0.037418537 -0.002599498 0.998772621
1548265593.395830 0.010678519 0.071422145 0.001004547 -0.032072268 0.040662073 -0.001597129 0.998656809
1548265593.429340 0.012047362 0.072715186 0.001266898 -0.031069959 0.041362278 -0.000605586 0.998660862
1548265593.462860 0.015867824 0.065105677 -0.001270218 -0.032117009 0.042796768 -0.001310600 0.998566628
1548265593.496370 0.019635871 0.067123294 -0.000728706 -0.030688282 0.044950206 0.000249517 0.998517752
1548265593.529890 0.021463707 0.067856602 -0.001184091 -0.029530594 0.045467395 0.001651981 0.998527884
1548265593.563410 0.025337506 0.062285006 -0.003103402 -0.029659659 0.047137801 0.000737912 0.998447716
1548265593.596930 0.028501814 0.062056612 -0.003397674 -0.028367519 0.050410025 0.002110018 0.998323441
1548265593.630450 0.030568518 0.062374756 -0.003303861 -0.027300565 0.052701209 0.004065879 0.998228788
1548265593.663960 0.035203539 0.056208901 -0.007396633 -0.027917409 0.054372568 0.003778674 0.998123229
1548265593.697490 0.042405821 0.053341348 -0.010203219 -0.027827894 0.057391513 0.005509239 0.997948647
1548265593.731050 0.041032445 0.054206286 -0.006936364 -0.026885547 0.061847936 0.008855216 0.997684121
1548265593.764650 0.046779022 0.053098589 -0.008844684 -0.026539788 0.063987672 0.009579660 0.997551739
1548265593.798170 0.058341336 0.046466466 -0.013510377 -0.027065778 0.066590622 0.010369183 0.997359335
1548265593.831730 0.062594861 0.045778338 -0.015733538 -0.026783215 0.071384139 0.012326240 0.997013032
1548265593.865380 0.067625836 0.045963965 -0.016638013 -0.025244074 0.074720383 0.014719103 0.996776283
1548265593.898930 0.072540253 0.039549284 -0.017969679 -0.025170803 0.078223735 0.015402739 0.996499002
1548265593.932450 0.073236793 0.036998391 -0.017347960 -0.023600167 0.082653999 0.017456850 0.996145904
1548265593.965960 0.074590012 0.036083527 -0.019290360 -0.021569440 0.085464776 0.018757716 0.995931029
1548265593.999480 0.089532726 0.033439189 -0.023889154 -0.020112609 0.086828910 0.019317364 0.995832860
1548265594.033000 0.092204258 0.030312847 -0.025688825 -0.018660517 0.092341997 0.020783022 0.995335579
1548265594.066480 0.092673391 0.032989949 -0.025087534 -0.016461974 0.096115768 0.022585593 0.994977772
1548265594.099850 0.106039263 0.026925761 -0.030304408 -0.016435036 0.097840309 0.022468159 0.994812727
1548265594.133340 0.112470962 0.023042260 -0.033297662 -0.016038135 0.103125617 0.023526963 0.994260728
1548265594.166860 0.103560627 0.025237154 -0.028220490 -0.014617491 0.109677501 0.025762578 0.993525803
1548265594.200560 0.113682963 0.022357162 -0.033316612 -0.014213214 0.110849239 0.026725868 0.993376136
1548265594.234080 0.128068253 0.015075885 -0.037934985 -0.014819073 0.113285378 0.027740965 0.993064582
1548265594.267590 0.122280218 0.014421923 -0.037145697 -0.014168099 0.120704196 0.030345669 0.992123425
1548265594.301110 0.122370988 0.012005209 -0.036759697 -0.013358581 0.124153078 0.033091955 0.991621137
1548265594.334630 0.133328080 0.006538243 -0.036438987 -0.013205681 0.127146557 0.035037074 0.991176963
1548265594.368140 0.136585921 0.000902433 -0.041491721 -0.012784149 0.132720932 0.039477807 0.990284443
1548265594.401470 0.131805584 -0.000420803 -0.039642543 -0.011721001 0.137729704 0.042738818 0.989477932
1548265594.434980 0.150166988 0.002525939 -0.043166082 -0.010528043 0.139032200 0.045012254 0.989208341
1548265594.468500 0.145294651 -0.000437395 -0.042450376 -0.010355530 0.147290424 0.049381431 0.987805545
1548265594.502020 0.146737233 -0.005738697 -0.044795115 -0.010767177 0.150139272 0.053366374 0.987164795
1548265594.535530 0.157548815 -0.010528505 -0.046999738 -0.011355733 0.151476264 0.055634681 0.986828625
1548265594.569240 0.169213101 -0.016159667 -0.050494529 -0.011861170 0.154271096 0.058349214 0.986232758
1548265594.602800 0.155417815 -0.018584931 -0.046479188 -0.011059836 0.160442233 0.062943168 0.984974205
1548265594.636350 0.175071716 -0.021173136 -0.052239913 -0.010509889 0.158510014 0.065227255 0.985144436
1548265594.669900 0.185406998 -0.024627019 -0.054597538 -0.009678294 0.162972957 0.068005353 0.984236479
1548265594.703460 0.173384532 -0.026380207 -0.050334547 -0.007670420 0.168501273 0.072554231 0.982997656
1548265594.737050 0.187044516 -0.030891230 -0.058301251 -0.006638783 0.167259827 0.074192256 0.983094931
1548265594.770690 0.193676338 -0.032499738 -0.060724366 -0.004862185 0.170008019 0.076290131 0.982473135
1548265594.804200 0.187472150 -0.032475192 -0.058283523 -0.002949167 0.174108267 0.078192323 0.981612742
1548265594.837720 0.197617710 -0.034683488 -0.062977456 -0.002041845 0.173673779 0.078538857 0.981664360
1548265594.870590 0.207592934 -0.041966274 -0.068709090 -0.002313217 0.176189572 0.079244480 0.981158555
1548265594.904750 0.194911510 -0.040128265 -0.063480049 -0.000509702 0.181958273 0.080995955 0.979964614
1548265594.938270 0.200503796 -0.043954648 -0.067597501 0.000120781 0.181523189 0.080716126 0.980068505
1548265594.971780 0.211016551 -0.045357205 -0.071973138 0.000910776 0.183135375 0.080351904 0.979798019
1548265595.005300 0.210983023 -0.045941189 -0.070267826 0.001463167 0.189295158 0.081319802 0.978546023
1548265595.038820 0.213009313 -0.051586971 -0.071853511 0.001411559 0.191363528 0.083640650 0.977947950
1548265595.072330 0.226965189 -0.049865946 -0.076667890 0.002789089 0.191860437 0.083146922 0.977889776
1548265595.105850 0.232672915 -0.050905935 -0.088768616 0.003319514 0.198623821 0.085104272 0.976368189
1548265595.139360 0.233346239 -0.055735976 -0.081165828 0.003771884 0.204838097 0.089776129 0.974662721
1548265595.172720 0.244953170 -0.059779495 -0.085720621 0.003789370 0.206310824 0.091126814 0.974226594
1548265595.206230 0.264427185 -0.042483293 -0.086532712 0.007055755 0.210350245 0.092983261 0.973168612
1548265595.239750 0.269301862 -0.045884494 -0.088148989 0.006885141 0.218815461 0.096215695 0.970986605
1548265595.273260 0.264794886 -0.050044019 -0.082367875 0.006848786 0.224708423 0.098830372 0.969376981
1548265595.306780 0.264089912 -0.051238056 -0.094605990 0.006514535 0.229774848 0.099343494 0.968138397
1548265595.340400 0.286171854 -0.048694782 -0.095640056 0.006734839 0.237307698 0.102729499 0.965963960
1548265595.374090 0.286033750 -0.057710927 -0.092471823 0.005686502 0.242637798 0.105409801 0.964356422
1548265595.407600 0.306176543 -0.058030672 -0.103338763 0.005761502 0.243711352 0.105481036 0.964077473
1548265595.441120 0.317580104 -0.060925987 -0.108209535 0.005526870 0.249887571 0.108385742 0.962173700
1548265595.474470 0.315568447 -0.066263907 -0.102308251 0.005542866 0.256963342 0.110873446 0.960024059
1548265595.507880 0.320295244 -0.069424555 -0.106528178 0.005997340 0.261198610 0.112495996 0.958688676
1548265595.541500 0.322062075 -0.068731368 -0.106580205 0.007442449 0.266636103 0.114381783 0.956956983
1548265595.575180 0.326969653 -0.060349792 -0.105815254 0.010254974 0.271667570 0.115624048 0.955365241
1548265595.608700 0.326503217 -0.068809494 -0.112050585 0.009562831 0.279609233 0.117633045 0.952832460
1548265595.642210 0.340706825 -0.084733464 -0.129845381 0.007308208 0.284417331 0.120297834 0.951095045
1548265595.675730 0.347186685 -0.085218236 -0.132447362 0.007803311 0.289504051 0.122504570 0.949272931
1548265595.709440 0.344411463 -0.084348686 -0.137131229 0.007882045 0.296046019 0.122611180 0.947238684
1548265595.742990 0.358270526 -0.090293281 -0.147773430 0.005887645 0.302539468 0.124643713 0.944933414
1548265595.776500 0.355427742 -0.094160289 -0.145461246 0.004915391 0.310206771 0.127095118 0.942122340
1548265595.810020 0.368017077 -0.076391459 -0.139906779 0.006660099 0.316150814 0.127033621 0.940141916
1548265595.843150 0.370806962 -0.088214315 -0.138652191 0.004313861 0.321627200 0.130431846 0.937829852
1548265595.875840 0.385160953 -0.081894577 -0.146429196 0.004977724 0.323757678 0.131886795 0.936889589
1548265595.909360 0.386132628 -0.082408398 -0.144842327 0.004655411 0.329539627 0.133594126 0.934630752
1548265595.942870 0.393502742 -0.078253850 -0.149427325 0.004717567 0.332603008 0.134681284 0.933388412
1548265596.010030 0.394323260 -0.072757453 -0.147833318 0.005725825 0.343086600 0.137853622 0.929115295
1548265596.043550 0.398598611 -0.065671250 -0.144392833 0.007113069 0.345332295 0.140140668 0.927930832
1548265596.077010 0.419969350 -0.064088665 -0.165006459 0.004790122 0.343756974 0.138733581 0.928741753
1548265596.110580 0.417206585 -0.053584326 -0.161224425 0.004543171 0.348267317 0.138903797 0.927035570
1548265596.144130 0.422481507 -0.046468053 -0.158109859 0.002867863 0.349929214 0.138481006 0.926479578
1548265596.177640 0.432568282 -0.035312686 -0.164807945 0.000591268 0.352333844 0.136160478 0.925916195
1548265596.211160 0.425837487 -0.027382243 -0.162642166 -0.001065629 0.357726783 0.138044134 0.923566043
1548265596.244660 0.418760955 -0.021865500 -0.151972324 -0.003063563 0.360408932 0.138569593 0.922439456
1548265596.278160 0.427406192 -0.028665578 -0.159888998 -0.008227375 0.358657807 0.137685418 0.923222423
1548265596.311690 0.432343006 -0.014039830 -0.166827694 -0.009800441 0.359589875 0.137561947 0.922862828
1548265596.345210 0.428639859 -0.014553782 -0.158111647 -0.013825200 0.361210883 0.138924778 0.921973705
1548265596.378720 0.429982960 0.000405416 -0.171685576 -0.016657148 0.358904570 0.137198031 0.923085451
1548265596.412220 0.430418223 -0.015953435 -0.164145589 -0.025534410 0.362289101 0.137688845 0.921485960
1548265596.445740 0.433917224 0.023318738 -0.167079508 -0.025773866 0.361542881 0.137218654 0.921842456
1548265596.479270 0.436913401 0.028760426 -0.161322474 -0.032343190 0.361711740 0.136219740 0.921717286
1548265596.512850 0.432455868 0.037456486 -0.156475365 -0.037984356 0.363952696 0.137080923 0.920491397
1548265596.546360 0.436025769 0.042290535 -0.154220432 -0.043238349 0.362964362 0.139295518 0.920317411
1548265596.579880 0.434122711 0.060152978 -0.160124123 -0.046515681 0.361901611 0.138140813 0.920750022
1548265596.613330 0.438883215 0.061152782 -0.155503780 -0.052097168 0.362502903 0.140298650 0.919887960
1548265596.646750 0.439790398 0.064994283 -0.155335650 -0.056380108 0.361396313 0.141534165 0.919881523
1548265596.680260 0.446125835 0.061720524 -0.158126011 -0.061722118 0.361827970 0.142292470 0.919251740
1548265596.713710 0.437442631 0.074785516 -0.151871353 -0.063524842 0.365369767 0.142716244 0.917660952
1548265596.747170 0.437788725 0.078507237 -0.150829375 -0.065526269 0.364679992 0.144651771 0.917491496
1548265596.780690 0.444126576 0.080752492 -0.160410225 -0.068046816 0.359735817 0.143571272 0.919427574
1548265596.814210 0.446312398 0.093501858 -0.160223335 -0.068677649 0.359861642 0.141998067 0.919575751
1548265596.847720 0.441522568 0.108569622 -0.156346276 -0.068743207 0.361867040 0.140330777 0.919039667
1548265596.881630 0.437769085 0.112467431 -0.156008378 -0.070152164 0.361067623 0.139468998 0.919378698
1548265596.915140 0.449668795 0.113594085 -0.167536527 -0.073869146 0.359950662 0.136513114 0.919969022
1548265596.948370 0.435972720 0.128090918 -0.154972211 -0.073049709 0.364740103 0.136854634 0.918095410
1548265596.981770 0.429873765 0.138527334 -0.153180480 -0.072169080 0.360424608 0.135394245 0.920083761
1548265597.015290 0.439795017 0.114159338 -0.170135260 -0.081636027 0.358972728 0.132678807 0.920255661
1548265597.048810 0.437916309 0.145215899 -0.156776160 -0.077396639 0.365281403 0.134347841 0.917894304
1548265597.082340 0.432905585 0.151427552 -0.152463228 -0.077987246 0.365285397 0.134572625 0.917809725
1548265597.115880 0.440450668 0.159261629 -0.161549091 -0.078554131 0.360029399 0.135143355 0.919752300
1548265597.149420 0.439287513 0.166647553 -0.162679091 -0.079368427 0.360345185 0.135014430 0.919577658
1548265597.182970 0.435383350 0.178044811 -0.158363134 -0.079301029 0.360652715 0.136054546 0.919309616
1548265597.216490 0.427326083 0.189436689 -0.158260331 -0.078840792 0.356383175 0.137192577 0.920843840
1548265597.250040 0.450411260 0.196799487 -0.176725522 -0.081606604 0.351942837 0.136933237 0.922348022
1548265597.283560 0.441491097 0.205083027 -0.167514205 -0.083926648 0.356834799 0.138140932 0.920077384
1548265597.317070 0.427277803 0.215480402 -0.149843127 -0.084940352 0.357549191 0.139901072 0.919440806
1548265597.350590 0.450462401 0.207301542 -0.166763544 -0.090965368 0.345992535 0.140042588 0.923256457
1548265597.384100 0.460173666 0.217762962 -0.169707745 -0.094387561 0.352024823 0.142434075 0.920261979
1548265597.417650 0.445787609 0.219186068 -0.158838466 -0.095715061 0.353918552 0.143907234 0.919168651
1548265597.451260 0.441404462 0.216641173 -0.147192538 -0.097494796 0.349805176 0.146157846 0.920200527
1548265597.484780 0.475460023 0.214369729 -0.173193410 -0.099024959 0.338446915 0.148039669 0.923976183
1548265597.518380 0.471913964 0.220104456 -0.163016707 -0.097471341 0.343174815 0.150573790 0.921985865
1548265597.551830 0.469798207 0.215934411 -0.154030859 -0.096527152 0.342714906 0.153851718 0.921715081
1548265597.585340 0.488712013 0.217631608 -0.165788472 -0.093848892 0.335899502 0.157120898 0.923946381
1548265597.618860 0.496682525 0.217030242 -0.170666054 -0.090905145 0.335231781 0.160511225 0.923900485
1548265597.652440 0.500833452 0.215600953 -0.170097083 -0.087479405 0.334826469 0.163665712 0.923824728
1548265597.685920 0.511140347 0.215429768 -0.178709194 -0.083949097 0.332237780 0.166430384 0.924592674
1548265597.719440 0.519899309 0.211982131 -0.184830233 -0.081762306 0.332157910 0.168490663 0.924444139
1548265597.752950 0.522776186 0.208085060 -0.183194399 -0.079458334 0.333771914 0.170091018 0.923770368
1548265597.786440 0.530063093 0.205740124 -0.191907778 -0.077022783 0.332167357 0.170824528 0.924419463
1548265597.819950 0.533620119 0.202831492 -0.200430453 -0.075829819 0.334098727 0.170325547 0.923914015
1548265597.853470 0.532447755 0.195349142 -0.195323959 -0.075669944 0.336929053 0.169159770 0.923113108
1548265597.886970 0.538373113 0.187322721 -0.199439824 -0.075274706 0.335466743 0.168168128 0.923858881
1548265597.920450 0.561928928 0.171545863 -0.217602298 -0.077414505 0.333067834 0.165855303 0.924967468
1548265597.953970 0.539364636 0.167869851 -0.195696533 -0.075753532 0.346168667 0.164057329 0.920605123
1548265597.987470 0.535768569 0.157443672 -0.191011459 -0.074088834 0.345640451 0.161707282 0.921354592
1548265598.020910 0.556623936 0.138986975 -0.213644326 -0.074595816 0.342227399 0.159625888 0.922949314
1548265598.054400 0.539847255 0.131657377 -0.202439934 -0.070386477 0.352979451 0.158845469 0.919358134
1548265598.087950 0.548769891 0.136331439 -0.209602818 -0.062932886 0.351926863 0.159734488 0.920147717
1548265598.121460 0.552033842 0.119349055 -0.220252827 -0.060434442 0.350350231 0.158001289 0.921215475
1548265598.154980 0.558312476 0.114199914 -0.228262767 -0.055554222 0.352193683 0.157926470 0.920832515
1548265598.188460 0.546707451 0.114304513 -0.220356777 -0.051031202 0.355704457 0.157783180 0.919768810
1548265598.221920 0.547522247 0.110040672 -0.226249158 -0.047920741 0.353990436 0.157579675 0.920631826
1548265598.255430 0.558264852 0.106225654 -0.238923103 -0.046557449 0.354298145 0.158373624 0.920447230
1548265598.288910 0.548359990 0.105151005 -0.229847312 -0.044567991 0.358153224 0.160987243 0.918598413
1548265598.322470 0.552007139 0.101105087 -0.236074880 -0.044191305 0.357412100 0.162999704 0.918550372
1548265598.355980 0.552356720 0.096483864 -0.238782361 -0.044458982 0.357255459 0.164865687 0.918265343
1548265598.389560 0.549391866 0.093697026 -0.236561149 -0.044779081 0.357207626 0.167712152 0.917752802
1548265598.423070 0.547773004 0.089130640 -0.235518351 -0.045404021 0.354625851 0.170915022 0.918132365
1548265598.456590 0.557567596 0.082041837 -0.242557958 -0.047711719 0.350980401 0.173244148 0.918979228
1548265598.490210 0.557902038 0.078843415 -0.240976200 -0.048783559 0.350746274 0.176733136 0.918347776
1548265598.523730 0.551563144 0.085191578 -0.225499302 -0.047845561 0.351479053 0.179619730 0.917556584
1548265598.557240 0.559978426 0.068860665 -0.235809714 -0.050767329 0.345197737 0.183178306 0.919079363
1548265598.590550 0.571799219 0.062491570 -0.244683474 -0.052847385 0.342959195 0.186194897 0.919193983
1548265598.623800 0.567870200 0.054900922 -0.235981882 -0.054213520 0.344329536 0.190236360 0.917773485
1548265598.657300 0.566555917 0.049843654 -0.229334757 -0.054743513 0.341232121 0.193113521 0.918297827
1548265598.690830 0.584001422 0.047906887 -0.243585259 -0.056365959 0.335504353 0.194300696 0.920058131
1548265598.724350 0.585628510 0.043676585 -0.242354363 -0.058498099 0.337318599 0.197032437 0.918679714
1548265598.757870 0.581451595 0.031001063 -0.232760787 -0.061007757 0.338080674 0.200279862 0.917533338
1548265598.791420 0.600567639 0.031352423 -0.246171057 -0.062535964 0.332945853 0.200653359 0.919224977
1548265598.824930 0.598479331 0.026599329 -0.243340120 -0.064294644 0.336510122 0.201669529 0.917581916
1548265598.858450 0.595531344 0.007359778 -0.233041584 -0.067240521 0.337835848 0.204698220 0.916211903
1548265598.891930 0.607035637 0.007935142 -0.242515340 -0.066818565 0.333352298 0.204080373 0.918021083
1548265598.925450 0.611889184 0.004748933 -0.246686965 -0.067064874 0.335206628 0.203012750 0.917564511
1548265598.958970 0.605395615 -0.011210872 -0.235419065 -0.068169899 0.339616150 0.204927221 0.915433526
1548265598.992480 0.606374025 -0.017330835 -0.237552851 -0.066292703 0.337052464 0.205286473 0.916437864
1548265599.026030 0.611470163 -0.023913696 -0.245859131 -0.065707825 0.335240871 0.204404786 0.917341113
1548265599.059770 0.607272267 -0.039062381 -0.241197184 -0.066080227 0.336739630 0.204531521 0.916736960
1548265599.093410 0.596181571 -0.046023849 -0.230786383 -0.063531324 0.336629838 0.204828560 0.916891158
1548265599.126940 0.612885654 -0.043911580 -0.252666831 -0.060146838 0.328438193 0.204293936 0.920203626
1548265599.160540 0.613643706 -0.052558076 -0.256725848 -0.059635289 0.329221398 0.203827620 0.920060396
1548265599.194080 0.598015904 -0.062185500 -0.240131930 -0.057710219 0.331795424 0.204430446 0.919124305
1548265599.227610 0.613269448 -0.063086219 -0.257781744 -0.054646470 0.324148417 0.204853535 0.921941757
1548265599.261130 0.618611336 -0.066603847 -0.264273375 -0.053163733 0.323003054 0.205087811 0.922378242
1548265599.294630 0.619552374 -0.069500595 -0.266272366 -0.051737085 0.322523922 0.206190720 0.922381163
1548265599.328120 0.621454775 -0.077769652 -0.267135650 -0.051599812 0.321743399 0.207097590 0.922458231
1548265599.361650 0.629462957 -0.074178502 -0.274463654 -0.048835330 0.318963677 0.209063902 0.923130333
1548265599.395170 0.632115841 -0.077622592 -0.275919497 -0.047758564 0.318781376 0.210877061 0.922837138
1548265599.428690 0.627426565 -0.085177705 -0.267541736 -0.046699639 0.318794072 0.213978380 0.922172785
1548265599.462180 0.637558699 -0.089154132 -0.269044757 -0.044819012 0.313371569 0.216992274 0.923419654
1548265599.495610 0.644498587 -0.095912136 -0.279178351 -0.043743979 0.308990091 0.220069677 0.924219072
1548265599.529120 0.649909556 -0.086414956 -0.288120091 -0.039658524 0.303044230 0.223925948 0.925445080
1548265599.562590 0.649232328 -0.095960930 -0.286735624 -0.038827684 0.297473103 0.227371573 0.926447153
1548265599.596010 0.669562757 -0.095625333 -0.304226428 -0.038549993 0.287291676 0.229997516 0.929020166
1548265599.629520 0.681013465 -0.105471179 -0.307188958 -0.040729001 0.283021331 0.233066455 0.929473042
1548265599.663040 0.690208316 -0.123394266 -0.309475660 -0.044396751 0.279757917 0.234384909 0.929961383
1548265599.696560 0.698460579 -0.123500586 -0.306794852 -0.044231471 0.275898725 0.233627230 0.931311846
1548265599.730070 0.710523069 -0.128695250 -0.306611776 -0.044245292 0.272405565 0.230782554 0.933047116
1548265599.763580 0.720893919 -0.136461526 -0.309555173 -0.043190863 0.269871026 0.229452208 0.934160531
1548265599.797100 0.726911485 -0.131848514 -0.310664892 -0.037034739 0.268416405 0.228737935 0.935018718
1548265599.830620 0.723018646 -0.141449213 -0.317125261 -0.034393098 0.267869502 0.224485144 0.936306298
1548265599.864130 0.727965832 -0.136758849 -0.325629741 -0.033280749 0.265943170 0.221700266 0.937558293
1548265599.897650 0.721521378 -0.129753962 -0.323012054 -0.033293247 0.265764356 0.223724112 0.937127709
1548265599.931150 0.738542616 -0.148511305 -0.330249697 -0.037778202 0.257349402 0.225809872 0.938804567
1548265599.964680 0.748501062 -0.145480067 -0.330503047 -0.037883151 0.252669901 0.222701535 0.940811753
1548265599.998200 0.750930965 -0.130301431 -0.332752317 -0.035865929 0.251553059 0.220113695 0.941798627
1548265600.031720 0.750593185 -0.135215491 -0.334389985 -0.038860098 0.252666146 0.220190421 0.941363811
1548265600.065280 0.752440453 -0.129321113 -0.332278490 -0.041156508 0.250783890 0.220503554 0.941696227
1548265600.098880 0.747030079 -0.147428885 -0.342665017 -0.048281074 0.244325519 0.222314000 0.942629516
1548265600.132390 0.760665894 -0.134716108 -0.345584601 -0.052713279 0.232063085 0.219928771 0.946044087
1548265600.165860 0.759080172 -0.125975892 -0.346971124 -0.058548983 0.226822168 0.218159229 0.947380722
1548265600.199430 0.746760726 -0.115238309 -0.346875846 -0.062009655 0.221814543 0.219199345 0.948105872
1548265600.232940 0.749749959 -0.094516501 -0.325506121 -0.063493699 0.208589360 0.213769034 0.952240467
1548265600.266480 0.748715937 -0.067643844 -0.321322531 -0.065063961 0.208621919 0.204306677 0.954202473
1548265600.300000 0.746959269 -0.080852821 -0.322455883 -0.073935986 0.210280418 0.208372816 0.952311099
1548265600.333520 0.750056624 -0.079482749 -0.315266758 -0.079344369 0.202417836 0.206778735 0.953925610
1548265600.367030 0.746343791 -0.054416716 -0.305514306 -0.080147274 0.196948782 0.199665204 0.956515253
1548265600.400550 0.735917032 -0.045068234 -0.294819117 -0.085414536 0.203809455 0.194638163 0.955657899
1548265600.434080 0.747891366 -0.045533802 -0.306140870 -0.089992993 0.198411673 0.197206929 0.955847025
1548265600.467640 0.726580381 -0.022473413 -0.300034106 -0.087892018 0.185460329 0.191143110 0.959866583
1548265600.501150 0.745559037 0.006198952 -0.299157321 -0.088414110 0.182622835 0.186929882 0.961191535
1548265600.534690 0.732352376 -0.003146486 -0.286832601 -0.092749186 0.186126247 0.190294430 0.959449172
1548265600.568210 0.738003790 -0.024887981 -0.302067548 -0.097227134 0.175470605 0.190696985 0.960932732
1548265600.601740 0.727585435 0.016323330 -0.282317042 -0.089532889 0.170950130 0.184790492 0.963645399
1548265600.635340 0.735219181 0.030896993 -0.278789192 -0.087043360 0.168255061 0.182419911 0.964798808
1548265600.668850 0.726377606 0.029564651 -0.285443187 -0.087875634 0.170531616 0.181853592 0.964430451
1548265600.702280 0.720456719 0.036238365 -0.282613307 -0.087310694 0.169203982 0.182357445 0.964620471
1548265600.735890 0.715406895 0.052081309 -0.285795271 -0.085355297 0.168420687 0.181409985 0.965111077
1548265600.769440 0.759049296 0.078185908 -0.301693588 -0.087349199 0.170401871 0.183517188 0.964186072
1548265600.803000 0.747793376 0.087933011 -0.297713518 -0.089336298 0.175059125 0.184484527 0.962984324
1548265600.836520 0.750418901 0.095481463 -0.292888045 -0.092678472 0.175687119 0.184089705 0.962629557
1548265600.870070 0.752753735 0.102826677 -0.288517863 -0.094450623 0.177005529 0.184953183 0.962050140
1548265600.903550 0.742937863 0.111803159 -0.289568424 -0.094266616 0.179100096 0.186011285 0.961476326
1548265600.937020 0.756197035 0.122400530 -0.295468271 -0.094672419 0.176187649 0.187275797 0.961729109
1548265600.970500 0.744978964 0.130572587 -0.291213304 -0.095086940 0.180352762 0.188427597 0.960690558
1548265601.004010 0.759056985 0.136162013 -0.291660219 -0.095691957 0.178552061 0.190989658 0.960460901
1548265601.037530 0.771046400 0.150361732 -0.296719670 -0.095649488 0.183033615 0.195454568 0.958721757
1548265601.104490 0.755410850 0.158299431 -0.294497013 -0.098370947 0.196154639 0.204236493 0.954009414
1548265601.138000 0.784388542 0.208074093 -0.282065153 -0.092798956 0.194771051 0.206043452 0.954462528
1548265601.171520 0.783713520 0.221947014 -0.290038913 -0.094813809 0.206526577 0.211581528 0.950573683
1548265601.205030 0.779238701 0.211780220 -0.292939991 -0.101510085 0.213842005 0.217543960 0.946911812
1548265601.238550 0.787260830 0.221189633 -0.292091072 -0.105071001 0.216865569 0.221549556 0.944904864
1548265601.272030 0.783728838 0.201608300 -0.302240700 -0.112041153 0.222887531 0.229855239 0.940709591
1548265601.305540 0.784299672 0.190732598 -0.302661300 -0.116040252 0.225027427 0.234612137 0.938538492
1548265601.339060 0.808408022 0.222344831 -0.298059881 -0.111561656 0.220514253 0.239499584 0.938918233
1548265601.372580 0.799579680 0.204277948 -0.307955503 -0.113576256 0.225052863 0.243986294 0.936441302
1548265601.406090 0.811888993 0.209890932 -0.312200397 -0.112809472 0.225545377 0.250474036 0.934701085
1548265601.439640 0.821323574 0.216939256 -0.318474323 -0.111685827 0.227986261 0.257110983 0.932438970
1548265601.473160 0.819346786 0.213453546 -0.315222323 -0.112601303 0.233618602 0.262940854 0.929303706
1548265601.506700 0.827642024 0.215196356 -0.315254092 -0.112159498 0.235036060 0.269042104 0.927251160
1548265601.540340 0.829650164 0.209855288 -0.316681594 -0.112320967 0.237932935 0.273459226 0.925198317
1548265601.573860 0.829280853 0.197742134 -0.311409056 -0.112980418 0.239447877 0.277036965 0.923661530
1548265601.607460 0.844688475 0.207639426 -0.320586741 -0.108970635 0.235896215 0.279498219 0.924315512
1548265601.640980 0.851812482 0.214560658 -0.321747541 -0.107871361 0.239995480 0.279836416 0.923286259
1548265601.674490 0.846789539 0.194795698 -0.317581236 -0.111059718 0.245379299 0.280517071 0.921284378
1548265601.708010 0.852369964 0.188138157 -0.315417409 -0.110394515 0.244853541 0.278924108 0.921987593
1548265601.741520 0.857814848 0.181005880 -0.313900590 -0.109977841 0.245635688 0.276588619 0.922532737
1548265601.775040 0.852287471 0.164651498 -0.309766024 -0.110172488 0.248473212 0.274131238 0.922483146
1548265601.808560 0.854233384 0.161588579 -0.308308929 -0.106916480 0.247567967 0.271276057 0.923952520
1548265601.842070 0.862987638 0.153842106 -0.307915628 -0.106058829 0.246818900 0.268498838 0.925062299
1548265601.875590 0.856422603 0.140414625 -0.301799119 -0.105149813 0.249576673 0.265258491 0.925360978
1548265601.908950 0.860249043 0.130820468 -0.300237030 -0.103820466 0.248805195 0.261701763 0.926730514
1548265601.942450 0.867314458 0.128568873 -0.302187949 -0.100719646 0.248669490 0.259848207 0.927630246
1548265601.975890 0.866148531 0.116232991 -0.294764400 -0.099503495 0.252782941 0.257533401 0.927295208
1548265602.009400 0.869474828 0.103229940 -0.292128175 -0.096844546 0.253787756 0.255921721 0.927748322
1548265602.042920 0.866932809 0.098292798 -0.291942209 -0.092480041 0.255582392 0.253906131 0.928254664
1548265602.076430 0.866304576 0.090255968 -0.287607253 -0.088976368 0.257060468 0.251384437 0.928875148
1548265602.109770 0.866421342 0.083712444 -0.287601203 -0.085740075 0.258518904 0.248653635 0.929509521
1548265602.143460 0.867652297 0.074733116 -0.282625854 -0.083137505 0.260604650 0.246762902 0.929667413
1548265602.176980 0.863260269 0.069773458 -0.279451221 -0.079742707 0.263346612 0.244556397 0.929775178
1548265602.210500 0.866053402 0.058393195 -0.276885241 -0.077315010 0.264905632 0.244522229 0.929546237
1548265602.244110 0.870341241 0.048990931 -0.274801433 -0.073819004 0.267618150 0.244797036 0.928980947
1548265602.277660 0.867491364 0.039056811 -0.270675629 -0.069925770 0.271439284 0.244378239 0.928283572
1548265602.311180 0.873223543 0.027472444 -0.271975845 -0.066031918 0.271931946 0.245772824 0.928056300
1548265602.344050 0.867164969 0.032748893 -0.269774944 -0.059664253 0.275147408 0.244795829 0.927797973
1548265602.377900 0.868601680 0.016601592 -0.265090168 -0.058359072 0.277209312 0.246731862 0.926753819
1548265602.411720 0.870611191 0.007356027 -0.262457341 -0.055046022 0.276020169 0.247826189 0.927019417
1548265602.445450 0.867268562 0.018706966 -0.268021971 -0.049768485 0.277023524 0.243909523 0.928056717
1548265602.478970 0.865930676 0.012170260 -0.260231733 -0.048651386 0.281769484 0.245995462 0.926134586
1548265602.512560 0.870537996 -0.007740706 -0.253876477 -0.048627581 0.281373203 0.248846591 0.925494373
1548265602.546000 0.881269038 -0.010528477 -0.258133024 -0.045917526 0.278676569 0.246629760 0.927040815
1548265602.579510 0.867656887 -0.005160418 -0.248926729 -0.041738812 0.288878441 0.244218677 0.924750984
1548265602.613030 0.880992115 -0.021659613 -0.248318404 -0.040885244 0.288609833 0.250726610 0.923129976
1548265602.646620 0.892737448 -0.038067989 -0.251587123 -0.039784465 0.283453494 0.249770761 0.925032914
1548265602.680140 0.880804718 -0.036479667 -0.250065118 -0.036230799 0.288660973 0.246924385 0.924332500
1548265602.713650 0.895484984 -0.055789124 -0.251067877 -0.036021609 0.289167106 0.251426995 0.922967672
1548265602.747030 0.904386878 -0.060921080 -0.249655828 -0.033087511 0.285555035 0.249978855 0.924594045
1548265602.780550 0.896554530 -0.052440852 -0.247282386 -0.029299378 0.290382981 0.245871231 0.924319565
1548265602.814200 0.897949338 -0.068568476 -0.239523530 -0.030221235 0.293384165 0.249417603 0.922389984
1548265602.847790 0.907039523 -0.072106875 -0.240421876 -0.030371718 0.289040774 0.248618767 0.923970640
1548265602.881310 0.913603723 -0.072016686 -0.239918634 -0.030272529 0.289500684 0.246610522 0.924367964
1548265602.914750 0.914686322 -0.086044744 -0.228120759 -0.032137573 0.291037351 0.248037994 0.923440099
1548265602.948130 0.915986955 -0.089475311 -0.227869645 -0.032912694 0.288928509 0.246800482 0.924406111
1548265602.981970 0.929857016 -0.090128325 -0.225224733 -0.033917796 0.287940890 0.246216446 0.924833536
1548265603.015490 0.925005794 -0.105466589 -0.213477671 -0.034936085 0.288661212 0.247724935 0.924167991
1548265603.049000 0.933520257 -0.100908488 -0.214660034 -0.033198670 0.283004791 0.245438963 0.926588297
1548265603.082520 0.946475983 -0.103392698 -0.213911831 -0.034468662 0.281858861 0.244873330 0.927040696
1548265603.116040 0.953464508 -0.114449590 -0.203880623 -0.035821013 0.279104620 0.247663826 0.927081525
1548265603.149550 0.955850422 -0.113704242 -0.199249581 -0.034879088 0.272628039 0.245534748 0.929607511
1548265603.182650 0.972638965 -0.119578235 -0.197225392 -0.037290376 0.268089205 0.246016636 0.930705905
1548265603.216100 0.976395547 -0.129351810 -0.189395398 -0.039188214 0.264366180 0.247235537 0.931369603
1548265603.249620 0.984110594 -0.129003704 -0.185294986 -0.039420303 0.257902622 0.246727571 0.933304787
1548265603.283100 0.985913157 -0.130572543 -0.176780507 -0.039302200 0.253896803 0.246293157 0.934522033
1548265603.316620 1.000299931 -0.131699845 -0.177448139 -0.039909575 0.247685507 0.245042771 0.936489820
1548265603.350140 1.006311178 -0.141036272 -0.173830390 -0.041418988 0.243837744 0.246455535 0.937063098
1548265603.383650 1.019170165 -0.140600413 -0.177529752 -0.041783564 0.239591226 0.246612698 0.938100398
1548265603.417150 1.034461021 -0.146575719 -0.175995231 -0.041884452 0.235253662 0.249556690 0.938415110
1548265603.450560 1.035425901 -0.152954966 -0.174761474 -0.040896434 0.230184048 0.249581292 0.939708471
1548265603.484070 1.051137090 -0.139555320 -0.171184659 -0.037560154 0.225120455 0.247640491 0.941586018
1548265603.517590 1.059360862 -0.140806660 -0.170277655 -0.037271209 0.223910823 0.247369736 0.941956997
1548265603.551220 1.065977335 -0.138591036 -0.171174392 -0.036000755 0.222705737 0.245975927 0.942656875
1548265603.584730 1.064327359 -0.131364852 -0.171667427 -0.034093611 0.223482907 0.243607715 0.943158686
1548265603.618140 1.065071344 -0.133350298 -0.172089100 -0.035030011 0.223531470 0.243655831 0.943100452
1548265603.684950 1.055202246 -0.108939253 -0.168718427 -0.034326844 0.226160288 0.240020230 0.943431735
1548265603.718470 1.055487394 -0.112690315 -0.163558856 -0.037268605 0.224888101 0.242354944 0.943027318
1548265603.751990 1.055778146 -0.109237403 -0.161406785 -0.038905218 0.221727610 0.242443562 0.943686604
1548265603.785570 1.059389472 -0.099342316 -0.162777603 -0.040236481 0.218240112 0.241642848 0.944648623
1548265603.819090 1.055968165 -0.087626435 -0.162562177 -0.041942686 0.218186885 0.241056100 0.944736600
1548265603.852530 1.065931082 -0.083081000 -0.160014585 -0.046032414 0.215969726 0.243559539 0.944413483
1548265603.886120 1.060989141 -0.077719338 -0.158268228 -0.048275068 0.214143559 0.242225766 0.945060194
1548265603.919640 1.068659902 -0.072611980 -0.157874733 -0.052791934 0.213342920 0.239317775 0.945740342
1548265603.953170 1.061548829 -0.059622046 -0.159902632 -0.055987123 0.214785516 0.240118206 0.945026934
1548265603.986670 1.062120438 -0.052876204 -0.154887393 -0.058823951 0.213499323 0.241033614 0.944913030
1548265604.020180 1.061707497 -0.050235655 -0.155153558 -0.062645368 0.212633446 0.239689708 0.945204437
1548265604.053700 1.041732907 -0.023259487 -0.154720739 -0.062263001 0.218709648 0.237253487 0.944457650
1548265604.087230 1.055897236 -0.027696827 -0.152824119 -0.067177333 0.217911348 0.244115502 0.942554772
1548265604.121100 1.061404467 -0.031108050 -0.153645322 -0.069356084 0.212954387 0.248327255 0.942429721
1548265604.154720 1.060203791 -0.010314805 -0.161645457 -0.067231312 0.208153233 0.246160835 0.944222987
1548265604.188240 1.061473966 -0.007558740 -0.162113637 -0.068341427 0.208373025 0.248856351 0.943387866
1548265604.221830 1.068621874 -0.002891686 -0.168270886 -0.067942709 0.204744935 0.250015169 0.943904519
1548265604.255270 1.053384423 0.015559489 -0.170859709 -0.064094938 0.206607327 0.247461334 0.944440663
1548265604.288790 1.039586186 0.027757112 -0.178497627 -0.062642671 0.210962862 0.245008871 0.944214642
1548265604.322200 1.030870795 0.046160392 -0.191483825 -0.061899692 0.217319563 0.243975997 0.943088710
1548265604.355710 1.050051689 0.022574997 -0.194256917 -0.068557113 0.214316830 0.251315057 0.941386700
1548265604.389230 1.047832966 0.038593058 -0.197299853 -0.063701935 0.202001199 0.247970328 0.945329726
1548265604.422750 1.026429415 0.057753917 -0.202870503 -0.060105618 0.204806164 0.244841605 0.945777118
1548265604.455770 1.030012369 0.067003325 -0.211681202 -0.060569074 0.204672635 0.245203689 0.945682645
1548265604.489780 1.030347705 0.076199196 -0.222255230 -0.061148219 0.205492571 0.246242300 0.945197582
1548265604.523400 1.028121829 0.084750563 -0.235091791 -0.062269244 0.206904814 0.245063365 0.945122659
1548265604.556300 1.024207115 0.089117259 -0.236953512 -0.065438762 0.211819172 0.244267315 0.944025397
1548265604.589780 1.031901240 0.113917679 -0.246229261 -0.066501282 0.214680910 0.247828588 0.942375004
1548265604.623300 1.027403593 0.110249527 -0.243536502 -0.071513578 0.219464779 0.251208305 0.940008163
1548265604.656810 1.031616926 0.122572899 -0.255507559 -0.071898758 0.217121288 0.255741566 0.939300358
1548265604.690330 1.033867240 0.132823825 -0.265228420 -0.073758967 0.214068711 0.257185638 0.939462483
1548265604.723850 1.036067247 0.136487663 -0.268291026 -0.078003615 0.214596927 0.257774681 0.938837469
1548265604.757400 1.019762039 0.124293871 -0.266995072 -0.082691342 0.219049364 0.260974228 0.936521173
1548265604.791370 1.034940839 0.098036282 -0.275400817 -0.089136273 0.210420460 0.267036617 0.936199427
1548265604.824880 1.034255028 0.124433368 -0.278003782 -0.081676148 0.202385068 0.268719792 0.938167870
1548265604.858400 1.029142380 0.147403374 -0.286449432 -0.078816392 0.201540872 0.268528074 0.938648999
1548265604.891910 1.046444774 0.118385457 -0.282849371 -0.085347824 0.199444607 0.276919603 0.936083913
1548265604.925440 1.044858217 0.136844337 -0.287190527 -0.076008834 0.194999054 0.277101755 0.937770009
1548265604.958960 1.045404553 0.137746394 -0.289823264 -0.075247884 0.191698730 0.277552068 0.938378513
1548265604.992470 1.067073703 0.120171867 -0.286542296 -0.076685429 0.185584500 0.280372411 0.938652754
1548265605.025980 1.064292312 0.146239564 -0.292953610 -0.065618329 0.180416971 0.275355965 0.941978276
1548265605.059490 1.076058269 0.135584235 -0.299578309 -0.067221709 0.177200601 0.271730691 0.943527222
1548265605.093010 1.080801725 0.124462910 -0.302337050 -0.068121560 0.174459383 0.271133095 0.944145203
1548265605.126530 1.085797071 0.101128809 -0.303891540 -0.069174804 0.167500287 0.267057627 0.946487546
1548265605.160040 1.105642438 0.113306031 -0.302369356 -0.063787989 0.157259732 0.261082143 0.950282395
1548265605.193530 1.102548718 0.099068470 -0.308701098 -0.062281329 0.155251771 0.259310246 0.951197207
1548265605.227050 1.115204453 0.107507423 -0.309265643 -0.055790633 0.146423757 0.252799541 0.954745948
1548265605.260560 1.123603940 0.107667893 -0.310331464 -0.052855067 0.143606722 0.249425441 0.956227183
1548265605.294000 1.129914403 0.092727460 -0.314059496 -0.053304642 0.139928758 0.249204665 0.956804872
1548265605.327510 1.149072647 0.097004712 -0.313412011 -0.049421098 0.130010739 0.245826453 0.959283173
1548265605.361060 1.158957720 0.101657085 -0.307389319 -0.046535153 0.127701387 0.242611513 0.960555315
1548265605.394550 1.168556690 0.094077066 -0.308024973 -0.045929387 0.125206158 0.242510855 0.960938275
1548265605.428020 1.196325064 0.076869540 -0.315288723 -0.045869283 0.115516618 0.244003281 0.961776674
1548265605.461530 1.191385031 0.086534038 -0.310148060 -0.038938694 0.111420624 0.238593191 0.963920355
1548265605.494970 1.203566909 0.082938641 -0.314818740 -0.035948075 0.106748357 0.236877412 0.964987874
1548265605.528480 1.217927933 0.072552621 -0.312984824 -0.034008276 0.101195633 0.237087160 0.965604722
1548265605.562080 1.231228232 0.078582011 -0.313714057 -0.028542697 0.095044926 0.233432665 0.967295706
1548265605.595640 1.240285993 0.083705872 -0.317312241 -0.025611576 0.093090333 0.230769679 0.968206406
1548265605.629160 1.250255585 0.068221450 -0.322110772 -0.025751587 0.091132753 0.231763437 0.968151510
1548265605.662670 1.263861656 0.064070731 -0.323787868 -0.022647206 0.085127071 0.229622394 0.969285369
1548265605.696140 1.273265123 0.073290311 -0.325689673 -0.018469000 0.082991384 0.225246623 0.970585048
1548265605.729660 1.279144168 0.062690251 -0.328210741 -0.018425234 0.082791865 0.225132108 0.970629454
1548265605.763180 1.297426820 0.051802579 -0.331551939 -0.017878491 0.076754756 0.224714294 0.971232474
1548265605.796700 1.299137235 0.053934980 -0.331326544 -0.014346730 0.075848021 0.220923007 0.972231567
1548265605.830230 1.305910468 0.041774608 -0.336271852 -0.014562079 0.073849134 0.221807450 0.972180903
1548265605.863740 1.321951985 0.040765598 -0.335079342 -0.012147045 0.066920117 0.219810203 0.973168850
1548265605.897260 1.323382735 0.047030687 -0.336778969 -0.009190012 0.066091232 0.216152981 0.974076688
1548265605.930770 1.334945798 0.028823124 -0.340909809 -0.011184277 0.063687496 0.217878684 0.973831475
1548265605.964280 1.340482712 0.030279042 -0.339885056 -0.009167883 0.059292246 0.215369403 0.974687874
1548265605.997800 1.347664714 0.030901557 -0.341413230 -0.007555624 0.056937691 0.213483706 0.975256741
1548265606.031320 1.356653571 0.021350294 -0.344746768 -0.008455508 0.055192970 0.213728577 0.975296021
1548265606.064830 1.372564077 0.019962819 -0.342807114 -0.007157051 0.049389169 0.213782743 0.975605667
1548265606.098320 1.361574650 0.020788297 -0.345689446 -0.004092192 0.049064491 0.210953087 0.976255476
1548265606.131800 1.369912744 0.019646464 -0.346403420 -0.002816223 0.047787100 0.209905252 0.976549149
1548265606.165280 1.377210140 0.013437702 -0.347101182 -0.002472182 0.046740074 0.210691780 0.976431370
1548265606.232310 1.387726903 0.012317462 -0.352328092 0.000823587 0.043239012 0.207807451 0.977213264
1548265606.265820 1.392350316 0.007004091 -0.353877217 0.000811308 0.042723600 0.208351851 0.977120042
1548265606.299270 1.395828962 0.003269390 -0.355612308 0.000939050 0.041272782 0.207277805 0.977410674
1548265606.332780 1.399641514 0.003664654 -0.356084019 0.001480019 0.040749609 0.206082448 0.977684677
1548265606.366270 1.407493114 -0.006055652 -0.357263446 0.000064716 0.039648123 0.206715137 0.977597475
1548265606.399740 1.412274122 -0.010570574 -0.356686324 -0.000087033 0.037199266 0.205541387 0.977941155
1548265606.433230 1.410189509 -0.005035438 -0.356607288 0.001644913 0.037448343 0.202606186 0.978542626
1548265606.466690 1.416686893 -0.012179979 -0.357295185 0.000502236 0.037566055 0.201823071 0.978701174
1548265606.500210 1.422381043 -0.016895073 -0.357406437 0.000731661 0.037811194 0.200586528 0.978945792
1548265606.533720 1.428763628 -0.022459989 -0.357478797 0.001353170 0.037879694 0.199719295 0.979119778
1548265606.567230 1.431049109 -0.027634289 -0.360671073 0.002463499 0.037208628 0.198922038 0.979305625
1548265606.600750 1.428819537 -0.026108326 -0.363730848 0.004794197 0.037642874 0.197037116 0.979661345
1548265606.634270 1.430482864 -0.030805692 -0.365793139 0.005790073 0.037854895 0.196888790 0.979677677
1548265606.667800 1.432491183 -0.025255991 -0.368112981 0.007821032 0.036537591 0.195796803 0.979932368
1548265606.701310 1.427315116 -0.020670690 -0.372569680 0.007894484 0.038634885 0.194852695 0.980039537
1548265606.734820 1.431447625 -0.027007703 -0.371663541 0.004820664 0.038766168 0.196551815 0.979714930
1548265606.768340 1.434014797 -0.024236429 -0.369172901 0.003919529 0.038448505 0.195803165 0.979881346
1548265606.801830 1.437124968 -0.026074858 -0.367770493 0.002150237 0.039101612 0.195749864 0.979871631
1548265606.835340 1.439037919 -0.027569972 -0.366529197 0.001059316 0.039664671 0.195792735 0.979842186
1548265606.868890 1.442875266 -0.025983086 -0.365858525 0.001503711 0.040482160 0.195867717 0.979793251
1548265606.902400 1.446933031 -0.026864013 -0.366043419 0.002688802 0.041840583 0.196803197 0.979546130
1548265606.935930 1.441402078 -0.022647394 -0.368719369 0.005525187 0.045549385 0.197131872 0.979302704
1548265606.969620 1.450339556 -0.030041713 -0.370452732 0.005384039 0.045446098 0.199964345 0.978733838
1548265607.003140 1.443629861 -0.019205220 -0.372330278 0.009069156 0.047482770 0.198250473 0.978958607
1548265607.036660 1.449081063 -0.022665814 -0.375239342 0.009818844 0.050543055 0.199807703 0.978481412
1548265607.070120 1.448925018 -0.022250559 -0.381273538 0.011181480 0.053488784 0.200519741 0.978164494
1548265607.103600 1.445079327 -0.020236371 -0.385683268 0.011901994 0.057186842 0.201392367 0.977767408
1548265607.137120 1.448821902 -0.020988811 -0.385796636 0.010879462 0.059287503 0.203186795 0.977282822
1548265607.170630 1.446444988 -0.018558444 -0.389530659 0.009752224 0.061322905 0.204513118 0.976892412
1548265607.204170 1.448054314 -0.017259162 -0.389867216 0.007634375 0.062032506 0.205774203 0.976601601
1548265607.237690 1.441252470 -0.009352154 -0.392973095 0.006926210 0.064478055 0.205398858 0.976527512
1548265607.271210 1.445287704 -0.002261698 -0.392463118 0.004699382 0.066196956 0.207420662 0.975998223
1548265607.304720 1.444699526 -0.000985390 -0.392295331 0.001227593 0.067258164 0.208542719 0.975697100
1548265607.338240 1.445178390 0.007010498 -0.388130963 -0.000921566 0.068162635 0.209574699 0.975413501
1548265607.371760 1.436290145 0.026302777 -0.389699101 -0.000241946 0.071446076 0.209723875 0.975146830
1548265607.405270 1.442589998 0.023096303 -0.389308184 -0.004871177 0.073388621 0.213581055 0.974152744
1548265607.438790 1.441984534 0.019065000 -0.388737917 -0.009320343 0.074579939 0.217469677 0.973169029
1548265607.472300 1.443953276 0.033234730 -0.383365780 -0.009626890 0.073686004 0.218653142 0.972968936
1548265607.505820 1.437126040 0.042042747 -0.384398550 -0.011172120 0.076142378 0.219251931 0.972628474
1548265607.539340 1.432079196 0.039967362 -0.382350773 -0.015470924 0.078309298 0.221676007 0.971847773
1548265607.572850 1.439784408 0.036872182 -0.376701057 -0.018865336 0.075692751 0.224168599 0.971423268
1548265607.606390 1.428219199 0.053895593 -0.375708044 -0.017937170 0.075626761 0.221645162 0.972024858
1548265607.639900 1.419809222 0.058078837 -0.374679774 -0.021131974 0.077771217 0.220484391 0.972055376
1548265607.673420 1.425917983 0.042416248 -0.375587732 -0.027919630 0.075607285 0.223794281 0.971298158
1548265607.706920 1.425552130 0.059147928 -0.366008997 -0.028177958 0.069414243 0.221394032 0.972302616
1548265607.740430 1.419212461 0.074369654 -0.360289335 -0.028140936 0.069241069 0.218835399 0.972895086
1548265607.773950 1.414931059 0.081959486 -0.356369376 -0.029826326 0.070082664 0.218964890 0.972755492
1548265607.807480 1.409658313 0.087004788 -0.353502363 -0.031814530 0.072512820 0.220912069 0.972073853
1548265607.841020 1.414628625 0.076514602 -0.354468733 -0.036427788 0.069978200 0.225893453 0.970952213
1548265607.874530 1.407397032 0.104357742 -0.347008169 -0.033842228 0.068643317 0.222546518 0.971913517
1548265607.908030 1.403397560 0.111547917 -0.345267862 -0.036021981 0.070502266 0.224877641 0.971165240
1548265607.941530 1.394333839 0.110775806 -0.345450222 -0.039627459 0.072693393 0.226548567 0.970474660
1548265607.975040 1.393362880 0.114609413 -0.340976298 -0.042337678 0.069205225 0.229053497 0.970027149
1548265608.008540 1.387052536 0.135932833 -0.339374274 -0.042011078 0.068294361 0.225636378 0.970906377
1548265608.042050 1.379136086 0.139235944 -0.332958847 -0.046888951 0.069883607 0.225898206 0.970508993
1548265608.075560 1.380140662 0.144789979 -0.328254998 -0.050804488 0.068691164 0.225551859 0.970477581
1548265608.108960 1.379128814 0.154654920 -0.318912238 -0.053389698 0.069088630 0.223356545 0.970818281
1548265608.142590 1.370206237 0.152634412 -0.315431654 -0.056962263 0.071443558 0.222161964 0.970718920
1548265608.176110 1.369174480 0.150054097 -0.308116198 -0.060343836 0.071260385 0.221988559 0.970567703
1548265608.209630 1.364186168 0.159541130 -0.302562118 -0.060149502 0.071398504 0.218508869 0.971358955
1548265608.243150 1.359596252 0.173612654 -0.297312766 -0.059050534 0.074906766 0.216157109 0.971688271
1548265608.276910 1.354292035 0.171439737 -0.293350518 -0.061579131 0.080117755 0.216400802 0.971061230
1548265608.310060 1.361375928 0.176877171 -0.289694816 -0.063544653 0.084294654 0.218107820 0.970198691
1548265608.343570 1.342838764 0.167448103 -0.284226894 -0.066591963 0.095907658 0.220092237 0.968466103
1548265608.377040 1.343692422 0.169018134 -0.279380590 -0.067589507 0.098829336 0.220628127 0.967981219
1548265608.410560 1.345471263 0.176949069 -0.276537478 -0.067801379 0.103938334 0.221514389 0.967228591
1548265608.444080 1.333414555 0.174377337 -0.282125920 -0.070849486 0.115107968 0.220352516 0.966009974
1548265608.477630 1.327286720 0.158059388 -0.265176803 -0.076202124 0.131234735 0.225644231 0.962317705
1548265608.511470 1.323087454 0.134598970 -0.262693673 -0.080668531 0.135108948 0.228450820 0.960754037
1548265608.544980 1.323717117 0.135659486 -0.260629088 -0.079374962 0.134697482 0.226276249 0.961433947
1548265608.578500 1.312757373 0.124788091 -0.258234650 -0.080063485 0.139685139 0.225087568 0.960944057
1548265608.612020 1.313449502 0.107043155 -0.251202613 -0.081806116 0.139551833 0.225775748 0.960655153
1548265608.645180 1.312035322 0.089741118 -0.250213861 -0.081212223 0.138136759 0.224250078 0.961267233
1548265608.678660 1.304142952 0.083220072 -0.246385768 -0.077679440 0.137091488 0.218252435 0.963087618
1548265608.712170 1.298135638 0.081922226 -0.245598838 -0.073582336 0.137974277 0.213046342 0.964448035
1548265608.812720 1.270061374 0.049929511 -0.241841316 -0.064851418 0.144084558 0.200058013 0.966959536
1548265608.846270 1.262190580 0.031537924 -0.245926276 -0.064049326 0.144680157 0.199126944 0.967116237
1548265608.880140 1.245107770 0.019632109 -0.245122701 -0.059243217 0.142468870 0.193641156 0.968863249
1548265608.913760 1.252189279 0.037024934 -0.242070720 -0.052279536 0.138781950 0.184988841 0.971486270
1548265608.947380 1.243171692 0.031086534 -0.244316325 -0.050537441 0.145708472 0.181543052 0.971214235
1548265608.980890 1.235283256 0.008414543 -0.243205145 -0.050734811 0.149558336 0.182953984 0.970353603
1548265609.014410 1.223631620 -0.001072438 -0.242770895 -0.046652857 0.149010837 0.180154473 0.971166134
1548265609.047930 1.218255877 0.000895378 -0.240669549 -0.043820418 0.148575813 0.177196234 0.971908689
1548265609.081450 1.207754016 -0.014185883 -0.235658735 -0.043346789 0.149331391 0.177895099 0.971686423
1548265609.114960 1.203386664 -0.015311156 -0.237366840 -0.038799822 0.145193085 0.175364643 0.972964942
1548265609.148480 1.192846179 -0.034519862 -0.243977398 -0.037952792 0.143801197 0.176451996 0.973008513
1548265609.182000 1.184317112 -0.034410108 -0.239138022 -0.032590620 0.140561625 0.173960760 0.974124193
1548265609.215510 1.178590894 -0.024856294 -0.236524329 -0.028193563 0.141336620 0.169946522 0.974857569
1548265609.249030 1.170289874 -0.029571109 -0.237220734 -0.028067090 0.149393424 0.168945879 0.973833203
1548265609.282430 1.163132191 -0.045759812 -0.236921147 -0.029651729 0.152818844 0.170684442 0.972951174
1548265609.315710 1.154085636 -0.043380249 -0.231394216 -0.028870892 0.154419512 0.166874856 0.973382711
1548265609.349100 1.140884876 -0.048439369 -0.229831904 -0.030607926 0.159725234 0.163602024 0.973028958
1548265609.382590 1.138000965 -0.049860034 -0.224445373 -0.031621359 0.164965495 0.160851255 0.972580791
1548265609.416100 1.124118805 -0.061460603 -0.222475603 -0.034306150 0.170783654 0.157614842 0.972015202
1548265609.449620 1.122102976 -0.064775705 -0.216507539 -0.035570092 0.174635679 0.152567163 0.972090781
1548265609.483130 1.109035134 -0.073082119 -0.212440342 -0.036043987 0.182127386 0.147629738 0.971460700
1548265609.516650 1.097441554 -0.064777963 -0.206398249 -0.034087334 0.190656796 0.141004801 0.970878839
1548265609.549740 1.087360382 -0.081332296 -0.213867635 -0.038665816 0.209644333 0.138668686 0.967122138
1548265609.583260 1.081100106 -0.084923394 -0.200973079 -0.037919678 0.217688054 0.135250375 0.965857863
1548265609.617200 1.066576004 -0.084657334 -0.211659968 -0.037002034 0.229127362 0.130435199 0.963907778
1548265609.650750 1.064010620 -0.099692486 -0.202116176 -0.037647154 0.243448064 0.133585557 0.959932625
1548265609.684390 1.056083083 -0.127599090 -0.191157535 -0.038807429 0.244632900 0.138240367 0.958925605
1548265609.717900 1.037593603 -0.094162256 -0.200853765 -0.027799282 0.247280419 0.129547521 0.959842205
1548265609.751260 1.051176310 -0.110284425 -0.201956853 -0.027443597 0.261038274 0.135833040 0.955329955
1548265609.784410 1.053619266 -0.118066370 -0.196279258 -0.025080832 0.264087677 0.139350638 0.954049289
1548265609.818650 1.044460297 -0.113403521 -0.192094058 -0.018462161 0.265476823 0.138667464 0.953914344
1548265609.852330 1.028629661 -0.110546939 -0.208656803 -0.013505906 0.276686192 0.141011715 0.950462043
1548265609.885840 1.035454988 -0.120408483 -0.197300509 -0.016693819 0.282532483 0.149146155 0.947445035
1548265609.919200 1.026735663 -0.124399178 -0.185849279 -0.016915362 0.280797541 0.151524603 0.947579503
1548265609.952450 1.021512270 -0.116917394 -0.186908960 -0.016327860 0.280451715 0.147744238 0.948288918
1548265609.985900 1.025820136 -0.116971456 -0.188325897 -0.017354518 0.283003777 0.151317745 0.946948051
1548265610.019420 1.020488501 -0.114890896 -0.184308156 -0.017419346 0.285110265 0.151323348 0.946313858
1548265610.053000 1.012245536 -0.115823306 -0.177541420 -0.016994389 0.286045551 0.151118919 0.946071982
1548265610.086570 1.007380724 -0.112234652 -0.175509676 -0.016567096 0.287468642 0.151717767 0.945552230
1548265610.120080 1.003515124 -0.105274282 -0.174244225 -0.016394604 0.287706733 0.150244072 0.945718169
1548265610.153550 0.988197029 -0.101400197 -0.168079883 -0.017419593 0.293333739 0.150134146 0.943987072
1548265610.187070 0.981756091 -0.095126718 -0.159379095 -0.018435678 0.297656506 0.150437653 0.942565262
1548265610.220590 0.975875437 -0.093216285 -0.153175279 -0.018800948 0.301045150 0.150742814 0.941432416
1548265610.254150 0.966579080 -0.082429156 -0.150836483 -0.017965579 0.308996588 0.151707202 0.938713610
1548265610.287660 0.968988299 -0.089573883 -0.140251964 -0.019420264 0.312093467 0.156390220 0.936889887
1548265610.321140 0.960017979 -0.083462521 -0.132983223 -0.018282618 0.311368644 0.155480415 0.937305272
1548265610.354650 0.956157446 -0.074343592 -0.131992191 -0.016871545 0.315384537 0.154844433 0.936093509
1548265610.388160 0.950002909 -0.078921534 -0.123422138 -0.016933564 0.318246931 0.158257082 0.934551656
1548265610.421680 0.947263241 -0.072740562 -0.116383418 -0.016737878 0.318171710 0.156199411 0.934926927
1548265610.455130 0.939187944 -0.066861585 -0.110804453 -0.016435493 0.322563171 0.154136166 0.933769166
1548265610.488720 0.934587300 -0.065648772 -0.102340445 -0.016590884 0.327218115 0.155783609 0.931871474
1548265610.522230 0.933150947 -0.066236705 -0.097886018 -0.018189168 0.328496754 0.154152811 0.931662977
1548265610.555750 0.923456848 -0.061963622 -0.085410595 -0.018617762 0.331699014 0.153721780 0.930590570
1548265610.589260 0.917349935 -0.068069808 -0.072860658 -0.020279668 0.331399798 0.154124781 0.930595756
1548265610.622780 0.914679348 -0.068240449 -0.062732317 -0.020495418 0.329243302 0.150065467 0.932018876
1548265610.656340 0.910309196 -0.056093261 -0.052544013 -0.018111696 0.331488311 0.147891864 0.931619823
1548265610.689930 0.907653511 -0.062094998 -0.039825182 -0.018452717 0.331234097 0.148961291 0.931533158
1548265610.723450 0.894084454 -0.066815026 -0.027850077 -0.017563350 0.330157548 0.147740588 0.932126701
1548265610.756990 0.896533012 -0.069252953 -0.023194820 -0.016790245 0.331031680 0.147652522 0.931844890
1548265610.790510 0.887108207 -0.068450920 -0.007701347 -0.015254797 0.333866477 0.150170356 0.930456519
1548265610.824030 0.892002106 -0.076796390 0.000760238 -0.015324387 0.331120282 0.154462099 0.930734098
1548265610.857540 0.887780488 -0.081282504 0.012803636 -0.013897228 0.330219597 0.156909332 0.930667162
1548265610.891060 0.884920001 -0.086412951 0.024042219 -0.012977921 0.329107463 0.159368381 0.930656552
1548265610.924580 0.877133787 -0.093311869 0.033590853 -0.012589936 0.329707772 0.161463991 0.930087984
1548265610.958090 0.877308965 -0.104312330 0.041650429 -0.013651677 0.328363776 0.164848179 0.929954827
1548265610.991600 0.872746885 -0.101929501 0.054893006 -0.012341771 0.328006297 0.164899126 0.930090189
1548265611.025070 0.874839544 -0.114942655 0.062336944 -0.014550734 0.327412814 0.165709585 0.930123389
1548265611.058590 0.867760837 -0.125791326 0.071691819 -0.014998849 0.327753544 0.166866943 0.929789245
1548265611.091860 0.867288888 -0.129830658 0.080938347 -0.013644653 0.326685131 0.165283203 0.930468738
1548265611.125370 0.868030608 -0.141624048 0.084862538 -0.012780768 0.327442735 0.164176896 0.930410564
1548265611.158850 0.860692620 -0.142667502 0.095947258 -0.008893879 0.328125089 0.166108131 0.929872513
1548265611.192360 0.855350137 -0.151162788 0.099455357 -0.006785966 0.325454772 0.165697485 0.930901468
1548265611.225880 0.860593200 -0.159847066 0.105068266 -0.005999324 0.324415863 0.165764958 0.931257367
1548265611.259400 0.854489386 -0.179470584 0.106815912 -0.005867055 0.323810965 0.170509949 0.930611849
1548265611.292910 0.845389068 -0.172316581 0.115159139 -0.000273867 0.320956558 0.168450296 0.931993186
1548265611.359980 0.833302736 -0.185698390 0.125382736 0.004521715 0.322559208 0.168931261 0.931341708
1548265611.393500 0.833398521 -0.195980504 0.128225088 0.006621975 0.320796818 0.170315921 0.931685627
1548265611.427020 0.827861309 -0.202047884 0.130615041 0.008903303 0.321259826 0.170216843 0.931525171
1548265611.460510 0.823010921 -0.200609356 0.133461073 0.012603303 0.323257655 0.170215249 0.930791318
1548265611.494030 0.811368227 -0.210787699 0.142397016 0.014757759 0.325779676 0.170768693 0.929778397
1548265611.527740 0.810030580 -0.214170933 0.140565872 0.017180217 0.325422257 0.168524355 0.930271327
1548265611.561800 0.803549588 -0.214776441 0.146577060 0.020633822 0.328950524 0.168939859 0.928883791
1548265611.595360 0.792657375 -0.225819319 0.152986720 0.022150725 0.332102060 0.169679046 0.927591801
1548265611.628870 0.781389058 -0.236382082 0.160891056 0.024019986 0.335956603 0.170230806 0.926054895
1548265611.662390 0.773595393 -0.239617914 0.165285319 0.026686540 0.339874715 0.172193676 0.924187422
1548265611.695910 0.768394709 -0.244374275 0.171241000 0.028119510 0.344406515 0.173405170 0.922238648
1548265611.729780 0.762525618 -0.251950353 0.173342794 0.029556664 0.347984523 0.175547585 0.920443475
1548265611.763420 0.757514417 -0.250930518 0.178308159 0.032734241 0.351199269 0.176282912 0.918973267
1548265611.796810 0.750686705 -0.259137273 0.183988124 0.033760335 0.357468933 0.177957490 0.916191757
1548265611.830320 0.748624921 -0.267858773 0.187628955 0.034725036 0.362606436 0.180788696 0.913578808
1548265611.863840 0.738903821 -0.274730533 0.191298693 0.036893565 0.367875665 0.182723701 0.910998583
1548265611.897360 0.736878335 -0.275761724 0.197171837 0.038257822 0.372486681 0.183212325 0.908968210
1548265611.930870 0.730050445 -0.285685092 0.201086551 0.037062537 0.377847731 0.186573267 0.906116903
1548265611.964390 0.728262901 -0.296535075 0.209293231 0.035511129 0.380103230 0.187215626 0.905102670
1548265611.997460 0.720293999 -0.301275909 0.217365637 0.034327067 0.386062086 0.187745363 0.902512848
1548265612.030800 0.722362757 -0.306584656 0.218651906 0.032620531 0.389948815 0.190948293 0.900230289
1548265612.064260 0.722234547 -0.314612418 0.222342879 0.030869711 0.392485142 0.194636792 0.898398042
1548265612.097780 0.718637586 -0.314700574 0.228936091 0.030353064 0.393407941 0.195216626 0.897886038
1548265612.131290 0.715717196 -0.320222884 0.230000004 0.028637391 0.395714700 0.196966350 0.896545589
1548265612.164810 0.709570169 -0.326259434 0.241494387 0.029231720 0.398577660 0.199823067 0.894623995
1548265612.198340 0.705920935 -0.330490947 0.244771704 0.030311175 0.398458183 0.200010926 0.894599259
1548265612.231860 0.700844109 -0.335319877 0.252172530 0.031179111 0.401534885 0.200483486 0.893086791
1548265612.265360 0.691577613 -0.340601087 0.260416478 0.033384383 0.404187083 0.202279732 0.891404033
1548265612.298870 0.686224878 -0.341744483 0.268247128 0.036091376 0.405403733 0.202236921 0.890755534
1548265612.332390 0.680440664 -0.345483810 0.274687558 0.038280416 0.406798631 0.201309726 0.890238106
1548265612.365900 0.675253153 -0.344745964 0.279740810 0.039824776 0.408428639 0.200802520 0.889538288
1548265612.399410 0.669576645 -0.349344134 0.292947710 0.039149612 0.411400050 0.200059876 0.888365567
1548265612.432910 0.664546728 -0.351726383 0.297054827 0.038899343 0.411066532 0.199212715 0.888721228
1548265612.466420 0.659486711 -0.355519295 0.309602499 0.038146131 0.413011193 0.198320970 0.888051450
1548265612.499860 0.654751599 -0.359481901 0.320056468 0.037578467 0.414113909 0.197718024 0.887696505
1548265612.533170 0.652007520 -0.361334085 0.329187214 0.036360756 0.413460672 0.194818363 0.888692260
1548265612.566620 0.644079566 -0.360398710 0.342405349 0.036603093 0.415710747 0.193536848 0.887912333
1548265612.600130 0.641211033 -0.363305956 0.354303390 0.036229379 0.416500598 0.193107247 0.887650967
1548265612.633650 0.633653045 -0.364472032 0.370244920 0.036499716 0.417713195 0.191793516 0.887354910
1548265612.667160 0.632377148 -0.371923864 0.377590299 0.035288911 0.415963054 0.191254228 0.888341844
1548265612.700680 0.626952350 -0.370601475 0.386512280 0.034553800 0.417385101 0.189969763 0.887979269
1548265612.734170 0.623331547 -0.364362299 0.400030822 0.035448074 0.419244289 0.189648852 0.887136340
1548265612.767690 0.621640086 -0.368279278 0.406598151 0.034232479 0.418716699 0.188908637 0.887591124
1548265612.801200 0.620706201 -0.364733934 0.414651692 0.033008263 0.420705318 0.188604638 0.886761427
1548265612.834720 0.616647959 -0.366632015 0.424603462 0.031822484 0.422409356 0.187922612 0.886139214
1548265612.868090 0.611982226 -0.365607679 0.434868723 0.031632539 0.423550785 0.185542524 0.886102736
1548265612.901610 0.615052938 -0.360967815 0.437041074 0.031286035 0.424150765 0.182919130 0.886373460
1548265612.935120 0.608570337 -0.361267716 0.448701769 0.029794658 0.427838922 0.180892467 0.885067225
1548265612.968550 0.600840807 -0.362921953 0.461788088 0.027615847 0.429614216 0.177668348 0.884931028
1548265613.002040 0.596561193 -0.369732559 0.469323039 0.022797611 0.431065649 0.174818024 0.884930134
1548265613.035560 0.596008003 -0.367460936 0.476072997 0.018936114 0.432898462 0.173370302 0.884411156
1548265613.069070 0.591920257 -0.363111258 0.489931226 0.015368881 0.433968395 0.172187969 0.884186924
1548265613.102530 0.589406610 -0.364025831 0.499729335 0.010913064 0.432893515 0.171194434 0.884972632
1548265613.135980 0.589231849 -0.355554461 0.501303911 0.007155697 0.432562172 0.169976681 0.885407627
1548265613.169490 0.585196733 -0.349580169 0.520623863 0.004606365 0.435573548 0.171015695 0.883746624
1548265613.203010 0.582357526 -0.353162050 0.526169002 -0.000427510 0.434993327 0.169609085 0.884315193
1548265613.236600 0.579953551 -0.349993825 0.535389006 -0.003788894 0.436299503 0.169765696 0.883633435
1548265613.270170 0.573308945 -0.345097572 0.548175991 -0.005964083 0.437423408 0.168839455 0.883243144
1548265613.303690 0.574512064 -0.345051914 0.553071260 -0.008534498 0.437196583 0.168656930 0.883369207
1548265613.337200 0.570801914 -0.346638143 0.563284159 -0.010879057 0.439141750 0.169539958 0.882208765
1548265613.370720 0.564303279 -0.338622183 0.575683534 -0.010394152 0.440625608 0.169297501 0.881521046
1548265613.404230 0.559905589 -0.343480289 0.582219362 -0.012734031 0.441286951 0.168954596 0.881225288
1548265613.437760 0.554779470 -0.345378816 0.597315192 -0.013289623 0.445174485 0.168640763 0.879319847
1548265613.471280 0.550422192 -0.343858957 0.604053020 -0.012275452 0.448239088 0.169524938 0.877606034
1548265613.504800 0.546189308 -0.347967237 0.611367404 -0.012109259 0.450663328 0.170209333 0.876233280
1548265613.538130 0.542735577 -0.351265550 0.620533466 -0.011946967 0.453834295 0.170908883 0.874460876
1548265613.571630 0.534443498 -0.352394909 0.626847386 -0.011160797 0.456581503 0.171960011 0.872833610
1548265613.605170 0.529918313 -0.356169105 0.631927431 -0.011681154 0.458394468 0.173198804 0.871630788
1548265613.638740 0.523373127 -0.360550910 0.638702512 -0.012333639 0.460967124 0.175462604 0.869810402
1548265613.672200 0.517343819 -0.364182770 0.648022413 -0.012658534 0.463438392 0.178144231 0.867945433
1548265613.705710 0.509784698 -0.367451876 0.659184515 -0.012676377 0.466638356 0.180578083 0.865724862
1548265613.739230 0.507625639 -0.370727360 0.663297594 -0.011830947 0.467835009 0.184507802 0.864261150
1548265613.772740 0.502886772 -0.379632115 0.669457138 -0.012507500 0.470365345 0.188139990 0.862092435
1548265613.806260 0.498071164 -0.383997589 0.676871300 -0.011680625 0.473190248 0.192628503 0.859563172
1548265613.839770 0.493407577 -0.387859613 0.682426572 -0.010595311 0.474970907 0.195553184 0.857933164
1548265613.906810 0.484071940 -0.400198698 0.690375507 -0.009037756 0.479716212 0.201873779 0.853837013
1548265613.940270 0.476892203 -0.403428704 0.696128666 -0.006936252 0.481836110 0.205131769 0.851884305
1548265613.973790 0.474084944 -0.410822988 0.704647183 -0.006077230 0.483314961 0.207321316 0.850521982
1548265614.007350 0.467482507 -0.423426092 0.707638204 -0.005550994 0.484620303 0.210144997 0.849088609
1548265614.040870 0.460644543 -0.427536696 0.712248266 -0.002925463 0.484763026 0.212426007 0.848452389
1548265614.074380 0.456710696 -0.425822318 0.715858996 0.000637056 0.483089149 0.213975206 0.849022448
1548265614.107900 0.453710318 -0.436661482 0.714286745 0.000501460 0.481333762 0.215057388 0.849745750
1548265614.141420 0.450102121 -0.438609391 0.724898875 0.002832373 0.482441694 0.215965912 0.848882020
1548265614.175120 0.443343848 -0.447317481 0.726542592 0.004066077 0.481816381 0.217355788 0.848877430
1548265614.208940 0.437546670 -0.453385502 0.728039324 0.006357545 0.480865091 0.219488636 0.848854005
1548265614.242430 0.433247745 -0.451321781 0.738809705 0.010477887 0.480266303 0.220862076 0.848795891
1548265614.275880 0.432291627 -0.461897492 0.731556058 0.011824378 0.477520347 0.223096400 0.849742591
1548265614.309390 0.430754632 -0.466849834 0.732981741 0.014435161 0.476438761 0.224305332 0.849991083
1548265614.342910 0.424060732 -0.476110876 0.737795711 0.016828563 0.475525409 0.226236597 0.849946678
1548265614.376430 0.419957489 -0.485493779 0.736860037 0.017995786 0.473186255 0.227096081 0.850998402
1548265614.409940 0.416773528 -0.493096530 0.735377789 0.019938957 0.471184731 0.228998631 0.851555645
1548265614.443530 0.410868883 -0.498089343 0.744100094 0.022248317 0.470450938 0.229594707 0.851743639
1548265614.477040 0.405693293 -0.507579446 0.741299689 0.023361899 0.468295485 0.230609655 0.852626979
1548265614.510560 0.401359499 -0.507452309 0.741061628 0.026612572 0.466235161 0.232212618 0.853225589
1548265614.544160 0.399218917 -0.517925382 0.742004156 0.026328390 0.464201331 0.233124629 0.854094148
1548265614.577680 0.395242214 -0.519218206 0.734649897 0.029052339 0.460781813 0.235478774 0.855210960
1548265614.611210 0.400722772 -0.523637176 0.733125567 0.029520594 0.457832098 0.237374678 0.856254399
1548265614.644720 0.399032980 -0.525651157 0.735769510 0.030617770 0.457319915 0.239409938 0.855922878
1548265614.678240 0.396123707 -0.532441974 0.736680329 0.030547550 0.456834793 0.241246730 0.855668664
1548265614.711900 0.397355348 -0.535086811 0.735930145 0.030966641 0.456420749 0.242187530 0.855608761
1548265614.745410 0.394148529 -0.534332275 0.738207698 0.032138385 0.457498014 0.242648616 0.854859233
1548265614.778930 0.391663700 -0.542264163 0.739684045 0.031365532 0.458680719 0.242802396 0.854210258
1548265614.812440 0.383992195 -0.544966459 0.744263232 0.032601796 0.458234996 0.242818743 0.854398549
1548265614.845960 0.377164185 -0.544212759 0.747686386 0.033904895 0.455406308 0.242196634 0.856035233
1548265614.879490 0.369273186 -0.546410382 0.742979527 0.034580424 0.450310916 0.241386667 0.858927667
1548265614.913000 0.366511256 -0.546693265 0.745995700 0.034548864 0.447078466 0.239767507 0.861068368
1548265614.946520 0.364223331 -0.546030879 0.742608190 0.034048285 0.444502980 0.237365156 0.863084912
1548265614.980030 0.361971349 -0.542634130 0.745527267 0.033745930 0.443834782 0.234244481 0.864292443
1548265615.013550 0.358738869 -0.540150523 0.749160111 0.032669514 0.444146365 0.229845151 0.865354240
1548265615.046970 0.352893770 -0.539613903 0.751542628 0.031423394 0.444756359 0.225651905 0.866190255
1548265615.080460 0.348664492 -0.531183004 0.751681387 0.030570127 0.445015192 0.220622495 0.867382646
1548265615.113950 0.349879503 -0.530860186 0.756045520 0.027514922 0.446084917 0.216176465 0.868054688
1548265615.147460 0.343284547 -0.525804818 0.756172895 0.026682794 0.446232140 0.211788908 0.869085968
1548265615.180940 0.341320992 -0.521269858 0.756992459 0.024274908 0.446225762 0.207390681 0.870219767
1548265615.214420 0.338379681 -0.512823820 0.762512028 0.023227407 0.447031528 0.203293979 0.870801270
1548265615.247940 0.334860772 -0.506022632 0.763885140 0.022605639 0.445853651 0.199074045 0.872394979
1548265615.280930 0.331487268 -0.503538787 0.771282732 0.020598164 0.445179731 0.194799691 0.873752713
1548265615.314440 0.333483130 -0.496065646 0.765446007 0.019017380 0.444433957 0.191331729 0.874933720
1548265615.347860 0.320855081 -0.490833133 0.778531671 0.017837359 0.447063684 0.187812373 0.874381125
1548265615.381370 0.318185151 -0.484978139 0.783865571 0.017359899 0.446245700 0.184456199 0.875522316
1548265615.414890 0.312702745 -0.479659289 0.786395729 0.016759768 0.444318265 0.181487992 0.877133131
1548265615.448400 0.313456237 -0.478031576 0.786431253 0.014680697 0.442303240 0.179992348 0.878495932
1548265615.481920 0.310057729 -0.471804976 0.790203333 0.013921374 0.440078199 0.177521482 0.880127013
1548265615.515440 0.305630833 -0.461427718 0.793215930 0.014461231 0.437316656 0.175582588 0.881881952
1548265615.548980 0.299548239 -0.463314325 0.795145154 0.012848672 0.430737466 0.173810124 0.885488689
1548265615.582570 0.302847058 -0.452222675 0.793263078 0.013759257 0.425064921 0.172335178 0.888499379
1548265615.616160 0.300742745 -0.450012594 0.791838884 0.013163082 0.419980764 0.170687050 0.891240060
1548265615.649710 0.295706540 -0.449625641 0.794707298 0.010990483 0.418229759 0.167357713 0.892723083
1548265615.683270 0.291143924 -0.440099239 0.800755322 0.011563612 0.418626875 0.165341273 0.892905414
1548265615.716800 0.278555453 -0.436014056 0.811482430 0.012130192 0.417958379 0.162170380 0.893792152
1548265615.750450 0.286239266 -0.435795248 0.804241359 0.009917314 0.410031527 0.158010438 0.898225188
1548265615.783970 0.286888570 -0.433244318 0.799996912 0.007653288 0.409488082 0.156099916 0.898829103
1548265615.817490 0.282758385 -0.427690417 0.806168556 0.007277201 0.409662753 0.155490905 0.898858190
1548265615.851040 0.274662107 -0.420282185 0.810220301 0.007304713 0.406195104 0.153234795 0.900817037
1548265615.884600 0.278606236 -0.417742312 0.809041440 0.005158275 0.401897043 0.150075883 0.903288066
1548265615.918120 0.276084453 -0.400309741 0.809371233 0.008524888 0.398775220 0.149079099 0.904809952
1548265615.951630 0.277703762 -0.400297910 0.808022678 0.007959925 0.393651009 0.147142887 0.907372296
1548265615.985150 0.277207226 -0.394184947 0.805805326 0.008876101 0.390463561 0.143983737 0.909245849
1548265616.018660 0.277640283 -0.389462560 0.803416133 0.010226558 0.388411343 0.141471073 0.910504222
1548265616.052140 0.275464386 -0.384519815 0.809123397 0.012838355 0.386794478 0.139024720 0.911535680
1548265616.085700 0.274536550 -0.379140943 0.807344437 0.014941088 0.383315712 0.135081649 0.913563788
1548265616.119220 0.276511461 -0.377986223 0.805169284 0.015336057 0.380155146 0.130899191 0.915484726
1548265616.152680 0.267185330 -0.366725326 0.812095582 0.019416839 0.380063921 0.127698615 0.915897131
1548265616.186160 0.265790284 -0.360419601 0.809204757 0.021225860 0.377054989 0.122798495 0.917768776
1548265616.219650 0.266286880 -0.358049005 0.809963763 0.022081558 0.375234783 0.119055629 0.918986976
1548265616.253120 0.269304454 -0.354804188 0.806865513 0.023568509 0.372644812 0.116817869 0.920290172
1548265616.286360 0.262905389 -0.352844536 0.810779691 0.025139155 0.370620221 0.114305072 0.921381056
1548265616.319810 0.265100986 -0.349982589 0.808764517 0.026494190 0.366571486 0.112315916 0.923205614
1548265616.353270 0.264575452 -0.348103553 0.807811379 0.026710847 0.364897966 0.109796658 0.924164891
1548265616.386780 0.261131942 -0.344384283 0.812200785 0.026767999 0.364550412 0.106988728 0.924629569
1548265616.420300 0.261109233 -0.345427722 0.810450315 0.025806224 0.363605142 0.105963491 0.925147057
1548265616.453810 0.264251113 -0.341474861 0.809058607 0.026196098 0.359387070 0.105440781 0.926842451
1548265616.487390 0.266698778 -0.346006155 0.803475320 0.024050916 0.353877485 0.104232967 0.929154336
1548265616.520910 0.263766170 -0.344016582 0.806607068 0.023974419 0.352586776 0.105295926 0.929527104
1548265616.554420 0.259733230 -0.343759686 0.809090734 0.023507066 0.349024951 0.106500559 0.930745184
1548265616.587890 0.269115150 -0.344293237 0.798337996 0.022505172 0.340737671 0.107158326 0.933760405
1548265616.621390 0.261143863 -0.340615332 0.803811491 0.022257313 0.337824821 0.105689719 0.934991300
1548265616.654920 0.263937384 -0.347234547 0.797086596 0.020116944 0.332794696 0.105602980 0.936851621
1548265616.688490 0.262973875 -0.343260616 0.794301748 0.020255091 0.328634024 0.104792394 0.938407123
1548265616.722070 0.263341635 -0.347780228 0.793383241 0.018282477 0.325268537 0.103197910 0.939795911
1548265616.755680 0.265896797 -0.351198077 0.789830387 0.016771875 0.322578460 0.101871155 0.940895379
1548265616.789320 0.265304953 -0.352316856 0.789922833 0.016066704 0.320940167 0.101100191 0.941550851
1548265616.822850 0.268314034 -0.351982415 0.786871850 0.015518893 0.318509519 0.099912934 0.942511678
1548265616.856380 0.266814321 -0.352653176 0.787814438 0.015228266 0.317116648 0.098955959 0.943086863
1548265616.889890 0.270117193 -0.357900560 0.784774125 0.013923637 0.314091474 0.098662198 0.944149613
1548265616.923410 0.269986928 -0.363217890 0.782356441 0.013324011 0.311817855 0.099130936 0.944862485
1548265616.956910 0.270893544 -0.363989502 0.781491995 0.014043142 0.310310632 0.100656234 0.945186973
1548265616.990430 0.277190238 -0.367219269 0.780607045 0.014534907 0.308137894 0.102591284 0.945682228
1548265617.023960 0.277268887 -0.370324701 0.779521286 0.015415569 0.307509035 0.102625869 0.945869148
1548265617.057470 0.283409536 -0.372860163 0.777077138 0.016901195 0.306996137 0.103544101 0.945910335
1548265617.090990 0.282010585 -0.373215377 0.778063238 0.019329805 0.307840616 0.103613719 0.945581675
1548265617.124500 0.284270793 -0.378283739 0.774919808 0.021096276 0.307170779 0.104676932 0.945644617
1548265617.158020 0.282998383 -0.380700290 0.775466681 0.023495747 0.306640118 0.104214691 0.945811331
1548265617.191540 0.282566488 -0.379026622 0.771605253 0.026683887 0.306264639 0.104003482 0.945871651
1548265617.225100 0.288456142 -0.386905968 0.768423796 0.028199216 0.305156708 0.105895713 0.945975840
1548265617.258570 0.289361566 -0.385267556 0.765796363 0.031464789 0.305130482 0.106411442 0.945823431
1548265617.292090 0.294563323 -0.392010450 0.761488438 0.033230122 0.303027600 0.108712159 0.946177423
1548265617.325510 0.294380039 -0.394717693 0.759214342 0.035869855 0.301826805 0.109639898 0.946357787
1548265617.359030 0.295418739 -0.395900279 0.755305886 0.038834754 0.301402420 0.111361437 0.946174979
1548265617.392540 0.300098121 -0.397416562 0.749511719 0.041824754 0.298449129 0.113220938 0.946762860
1548265617.425930 0.303718120 -0.404552370 0.741442859 0.043373588 0.294989794 0.114276700 0.947650075
1548265617.459230 0.300726891 -0.403106242 0.741314948 0.047058463 0.294111460 0.115004957 0.947659135
1548265617.492750 0.301798135 -0.400057912 0.736552954 0.050638124 0.290729314 0.114785716 0.948544443
1548265617.526260 0.303994983 -0.401499003 0.731196046 0.052396074 0.287031054 0.114186130 0.949646950
1548265617.559940 0.304374039 -0.404655248 0.728828013 0.053522803 0.285112798 0.113939635 0.950191438
1548265617.593500 0.301770329 -0.402368933 0.724992156 0.055306017 0.282894313 0.114262789 0.950713456
1548265617.627030 0.308196664 -0.400953233 0.722178936 0.055726156 0.280813128 0.114432268 0.951285362
1548265617.660600 0.305711716 -0.394288272 0.721445262 0.056932617 0.279770195 0.114756428 0.951482117
1548265617.694120 0.310351074 -0.394484013 0.717603862 0.055357810 0.277322441 0.113217264 0.952475548
1548265617.727640 0.313633472 -0.388452858 0.717869878 0.054546148 0.277751207 0.112126969 0.952526391
1548265617.761190 0.309073240 -0.390900642 0.719530702 0.051947620 0.279794335 0.111869842 0.952103853
1548265617.794710 0.311747968 -0.383541584 0.722131729 0.050957639 0.280101359 0.110223114 0.952259123
1548265617.828260 0.312919438 -0.384967804 0.722935021 0.047623675 0.281728029 0.108540252 0.952145100
1548265617.861770 0.309922576 -0.384375870 0.727771163 0.046000276 0.283117443 0.108495362 0.951817870
1548265617.895290 0.314813554 -0.375289083 0.727135777 0.046071261 0.282497466 0.106673561 0.952204466
1548265617.928830 0.316411316 -0.374497145 0.728777170 0.044749744 0.284527868 0.106293827 0.951705277
1548265617.962550 0.317838550 -0.376782298 0.726926744 0.043121785 0.285914242 0.105820306 0.951417685
1548265617.996320 0.321039796 -0.373672813 0.727393270 0.043148890 0.286496222 0.104865476 0.951347113
1548265618.029850 0.323854744 -0.369316906 0.727758825 0.043632820 0.288055450 0.103683420 0.950983703
1548265618.063370 0.320589840 -0.369111240 0.730773211 0.043388981 0.291035146 0.102049716 0.950264096
1548265618.096960 0.320451647 -0.364547282 0.731005609 0.044584882 0.292408347 0.100432321 0.949959457
1548265618.130480 0.320810109 -0.367597103 0.730461776 0.044286739 0.293689370 0.098490037 0.949781537
1548265618.164030 0.321861595 -0.368625760 0.730778456 0.044778720 0.294561952 0.096275076 0.949715376
1548265618.197580 0.321560502 -0.366448075 0.729955375 0.046135973 0.295508891 0.094967358 0.949487865
1548265618.231090 0.324184179 -0.365675390 0.731809914 0.047153071 0.296571791 0.094426595 0.949160397
1548265618.264610 0.323465675 -0.364134014 0.730909169 0.048553016 0.295927286 0.092931673 0.949438453
1548265618.298160 0.329236656 -0.358271211 0.729429960 0.050287992 0.296673447 0.092245810 0.949182093
1548265618.331680 0.326537222 -0.353385508 0.728551626 0.051872380 0.298877627 0.092643850 0.948366225
1548265618.365190 0.322348267 -0.356260061 0.731620491 0.051566143 0.300593704 0.093255647 0.947780430
1548265618.398750 0.326065600 -0.351418853 0.729648829 0.052464806 0.300684810 0.093255319 0.947702229
