1311870427.199132 0.000000000 0.000000000 0.000000000 0.000000000 0.000000000 0.000000000 1.000000000
1311870427.231132 -0.000063829 0.000090881 -0.001610533 0.002004462 -0.000169023 0.000089551 0.999997973
1311870427.263210 0.000078557 0.000416227 -0.003125063 0.002493822 -0.000450000 0.000760025 0.999996483
1311870427.299143 0.000130167 -0.001838293 -0.002938034 0.002414520 -0.001079364 0.001529513 0.999995351
1311870427.331187 -0.001396756 0.000425546 -0.004448927 0.002595474 -0.001292985 0.002037225 0.999993742
1311870427.363116 -0.000522470 -0.000132568 -0.003423554 0.002009566 -0.001713251 0.002425215 0.999993563
1311870427.399237 0.000785827 -0.002188130 -0.002994929 0.001750750 -0.001572589 0.002602069 0.999993861
1311870427.431127 -0.000162076 -0.002264632 -0.004068479 0.002084130 -0.000959225 0.002418206 0.999994457
1311870427.463385 0.000215432 -0.001694272 -0.004628398 0.001986141 -0.001566454 0.003096404 0.999992013
1311870427.499447 -0.000927157 -0.000943417 -0.006153576 0.001606996 -0.002112968 0.002962010 0.999992073
1311870427.531159 -0.002284759 -0.000568062 -0.004159138 0.001454160 -0.002478591 0.002824098 0.999991894
1311870427.563190 -0.001168203 -0.000779638 -0.006889799 0.001057412 -0.003133137 0.001684860 0.999993086
1311870427.599086 -0.001644695 -0.000426248 -0.006629236 0.001233038 -0.003280731 0.002520369 0.999990702
1311870427.631114 -0.001304952 -0.003188144 -0.006739973 0.000682927 -0.003704288 0.002362415 0.999990106
1311870427.663429 -0.001376519 -0.003311997 -0.007774207 0.001002966 -0.003519807 0.001471284 0.999992251
1311870427.699151 -0.000734682 -0.002563114 -0.007581277 0.001589558 -0.003593276 0.001633074 0.999990940
1311870427.731118 -0.001223779 -0.005184897 -0.008138046 0.001328595 -0.003912943 0.002234788 0.999988973
1311870427.763327 -0.001421450 -0.002727866 -0.009133159 0.002255681 -0.004565532 0.001906924 0.999985218
1311870427.799196 -0.000221924 -0.004053313 -0.009479717 0.002072223 -0.004895177 0.001864889 0.999984145
1311870427.831457 0.000650337 -0.004357671 -0.008373233 0.002928530 -0.004840416 0.001912816 0.999982178
1311870427.863134 0.001500017 -0.003016779 -0.011176929 0.002884538 -0.005668058 0.001533391 0.999978602
1311870427.899231 0.001117636 -0.003693746 -0.011227431 0.001747405 -0.006440352 0.001256313 0.999976933
1311870427.931111 -0.000763428 -0.001911069 -0.010481092 0.001261964 -0.007491739 0.000024001 0.999971151
1311870427.963137 0.000831275 -0.004423025 -0.009414271 0.000145270 -0.008669839 -0.002016265 0.999960363
1311870427.999083 -0.000252518 -0.003295696 -0.011011637 0.001215812 -0.007643081 -0.002648737 0.999966562
1311870428.031250 0.000693865 -0.004231476 -0.011549233 0.001348314 -0.006944519 -0.002120384 0.999972701
1311870428.063193 0.000095849 -0.004175897 -0.011112817 0.001562030 -0.006479506 -0.001826509 0.999976099
1311870428.099167 -0.000236515 -0.005000186 -0.010972420 0.001642708 -0.006278705 -0.001787756 0.999977350
1311870428.131267 0.001093400 -0.003308068 -0.011374290 0.002593865 -0.006521761 -0.001434872 0.999974310
1311870428.163279 0.001346535 -0.003593893 -0.011270060 0.002729039 -0.006823024 -0.001854415 0.999971271
1311870428.199270 0.002125611 -0.005407846 -0.011620898 0.002336856 -0.007318463 -0.002099525 0.999968290
1311870428.231191 0.002344594 -0.004239629 -0.011957536 0.002683910 -0.007522177 -0.001558569 0.999966919
1311870428.263420 0.000834328 -0.004014578 -0.011641349 0.002946633 -0.007464190 -0.001974954 0.999965847
1311870428.299170 0.001063905 -0.002570939 -0.011632492 0.003213031 -0.007533602 -0.001690011 0.999965012
1311870428.331174 0.002026248 -0.005601613 -0.012028178 0.002425834 -0.007553197 -0.001447627 0.999967456
1311870428.363160 0.000559408 -0.003620039 -0.012292528 0.003706742 -0.007184241 -0.002291271 0.999964714
1311870428.399340 0.001901271 -0.003094249 -0.011691532 0.003593864 -0.007491170 -0.003614496 0.999958932
1311870428.431153 0.000391862 -0.004398030 -0.011532287 0.003213177 -0.006940777 -0.003587023 0.999964297
1311870428.463176 0.001127651 -0.003800785 -0.012184897 0.003449447 -0.007572487 -0.003117453 0.999960542
1311870428.499303 0.001281781 -0.004748538 -0.012344555 0.002449474 -0.008076652 -0.003649997 0.999957740
1311870428.531230 0.000868540 -0.005457368 -0.012108355 0.002637155 -0.007872387 -0.003726690 0.999958575
1311870428.563181 0.001484801 -0.003028071 -0.013135933 0.003691247 -0.007978018 -0.003443176 0.999955416
1311870428.599270 -0.000325239 -0.005382704 -0.012803314 0.003052160 -0.007835846 -0.002973211 0.999960244
1311870428.631378 0.001502268 -0.002699627 -0.011774503 0.004008509 -0.009221325 -0.002586866 0.999946117
1311870428.663196 -0.000304861 -0.003698703 -0.012121747 0.003911604 -0.008836694 -0.003568625 0.999946952
1311870428.699275 0.000130220 -0.005334943 -0.012586717 0.003703112 -0.008859729 -0.003932834 0.999946177
1311870428.731171 -0.000627649 -0.003244202 -0.012635265 0.004236809 -0.008842622 -0.003673423 0.999945164
1311870428.763173 -0.000354426 -0.005580991 -0.012216759 0.003283944 -0.009396822 -0.003636004 0.999943852
1311870428.799280 -0.001138369 -0.004026242 -0.013402602 0.003928310 -0.009680340 -0.004034887 0.999937296
1311870428.831376 0.000735879 -0.005270812 -0.013080567 0.003609809 -0.010169297 -0.003909827 0.999934137
1311870428.863232 -0.000458135 -0.004831066 -0.013083035 0.004013161 -0.009944633 -0.003774301 0.999935389
1311870428.899406 0.000003863 -0.004331708 -0.011899580 0.004091401 -0.010264921 -0.003841928 0.999931574
1311870428.931143 0.000234310 -0.006214216 -0.011780485 0.003197081 -0.010549543 -0.004418843 0.999929488
1311870428.963255 -0.000146672 -0.004306113 -0.010823878 0.004034820 -0.010531527 -0.004425952 0.999926627
1311870428.999316 0.000264214 -0.005360525 -0.011720391 0.003457396 -0.010829994 -0.004910653 0.999923289
1311870429.031368 -0.000587554 -0.006938513 -0.011975069 0.002969189 -0.011134252 -0.004909927 0.999921560
1311870429.063298 -0.000574260 -0.006872472 -0.012051712 0.003288009 -0.011226203 -0.004753416 0.999920249
1311870429.099362 0.000214982 -0.006449705 -0.011390433 0.003439335 -0.011320351 -0.004290460 0.999920785
1311870429.131434 -0.000080456 -0.007447226 -0.011970146 0.003522505 -0.011513193 -0.004568675 0.999917090
1311870429.163291 -0.000873595 -0.006953968 -0.011708401 0.003790381 -0.011451879 -0.005551527 0.999911845
1311870429.199396 -0.000826934 -0.006914234 -0.012774360 0.003988629 -0.011411537 -0.005813764 0.999910057
1311870429.231437 0.000818937 -0.006910041 -0.011705413 0.004746194 -0.011685406 -0.004998653 0.999907970
1311870429.263266 0.001754974 -0.004964065 -0.011777300 0.005185531 -0.011639050 -0.005294078 0.999904811
1311870429.299443 0.000503771 -0.006365087 -0.010637432 0.004519985 -0.010957881 -0.005438491 0.999914944
1311870429.331255 0.001639213 -0.006366455 -0.011638519 0.004649392 -0.010577423 -0.005502544 0.999918103
1311870429.363267 0.000970017 -0.007523782 -0.011098267 0.003762991 -0.009950459 -0.005177339 0.999930024
1311870429.399320 0.002233742 -0.007270590 -0.011009595 0.003465221 -0.010069078 -0.005614143 0.999927521
1311870429.431354 0.002510757 -0.006699718 -0.010694326 0.003650624 -0.009844237 -0.005444525 0.999930084
1311870429.499243 0.004926568 -0.007531452 -0.012356750 0.003752990 -0.009864096 -0.005854236 0.999927163
1311870429.531208 0.002234550 -0.003531910 -0.011312100 0.005188874 -0.008782894 -0.005293966 0.999933958
1311870429.563312 0.004004410 -0.004946680 -0.011810664 0.004890414 -0.008653867 -0.005834136 0.999933600
1311870429.599449 0.003118076 -0.005818307 -0.011577750 0.005242790 -0.007537401 -0.005857761 0.999940693
1311870429.663354 0.004999947 -0.006086370 -0.011966394 0.004805894 -0.007871442 -0.005182381 0.999944031
1311870429.699491 0.003579131 -0.006137013 -0.011620403 0.004926548 -0.007495918 -0.005608831 0.999944031
1311870429.731303 0.004243892 -0.004421968 -0.011341348 0.005460594 -0.007504811 -0.005563177 0.999941468
1311870429.763313 0.004264878 -0.007620002 -0.012287043 0.004618980 -0.007139881 -0.005293136 0.999949813
1311870429.799489 0.005382815 -0.006404693 -0.011930920 0.004782610 -0.007660725 -0.004896496 0.999947250
1311870429.863196 0.004977058 -0.007899000 -0.011822730 0.004783533 -0.007229364 -0.007045594 0.999937594
1311870429.899470 0.004964598 -0.005815071 -0.012067579 0.005072203 -0.007355280 -0.007840794 0.999929368
1311870429.931446 0.003823086 -0.003604592 -0.010411294 0.004750425 -0.007573442 -0.008769037 0.999921560
1311870429.963465 0.005216482 -0.005391166 -0.012075247 0.002707834 -0.008572823 -0.009717077 0.999912381
1311870429.999478 0.006012371 -0.006388858 -0.011123656 0.001255276 -0.008693969 -0.009737059 0.999913990
1311870430.063451 0.006677323 -0.006638829 -0.011559579 0.000520122 -0.007684980 -0.009176458 0.999928236
1311870430.099355 0.005437774 -0.003981926 -0.009787950 0.001810915 -0.006434856 -0.008617449 0.999940515
1311870430.163315 0.006212092 -0.006609963 -0.011176072 0.001483110 -0.006456786 -0.008607383 0.999940991
1311870430.199392 0.006280493 -0.005094208 -0.009910765 0.002222770 -0.006160417 -0.007924750 0.999947131
1311870430.263346 0.008321383 -0.007833624 -0.009832062 0.001656261 -0.007054339 -0.008649977 0.999936342
1311870430.299384 0.009080441 -0.007019569 -0.009888228 0.003034037 -0.006565740 -0.008088074 0.999941111
1311870430.331664 0.011381920 -0.008598302 -0.011420666 0.002714930 -0.006097395 -0.008321442 0.999943078
1311870430.363389 0.012588865 -0.007355470 -0.010424244 0.003462410 -0.005091069 -0.006917749 0.999957144
1311870430.399281 0.013560239 -0.008132168 -0.011026886 0.003400950 -0.004482729 -0.006468706 0.999963224
1311870430.431391 0.013692547 -0.006020594 -0.011483879 0.003043858 -0.004049776 -0.007008892 0.999962628
1311870430.463459 0.013388321 -0.008642886 -0.010108187 0.001993451 -0.003186687 -0.006978356 0.999968588
1311870430.499344 0.014525460 -0.007195923 -0.009355709 0.003424398 -0.002375311 -0.006314111 0.999971390
1311870430.563500 0.018160217 -0.007667126 -0.011259723 0.003809192 -0.001899914 -0.006214347 0.999971628
1311870430.599385 0.018098416 -0.006982779 -0.011651107 0.004230971 -0.001097911 -0.006089272 0.999971926
1311870430.663444 0.020938080 -0.007574332 -0.010854135 0.003230938 -0.000428986 -0.006597348 0.999972939
1311870430.699258 0.022786591 -0.007543046 -0.011147863 0.003107219 -0.000031776 -0.007072444 0.999970138
1311870430.763500 0.026197957 -0.009308636 -0.014279974 0.004058843 0.002065315 -0.006475776 0.999968648
1311870430.799409 0.028838908 -0.007109267 -0.013574107 0.004329311 0.001984400 -0.006618753 0.999966741
1311870430.863574 0.033051725 -0.007320900 -0.013512496 0.003789408 0.001999641 -0.005877470 0.999973536
1311870430.899451 0.034572110 -0.008648654 -0.014566232 0.003007995 0.002345784 -0.006674921 0.999970436
1311870430.963601 0.039247077 -0.007389680 -0.015527477 0.003278649 0.003415573 -0.007316436 0.999962032
1311870430.999454 0.044745103 -0.006606988 -0.015194431 0.003573766 0.004314312 -0.006868437 0.999960721
1311870431.063647 0.054207344 -0.007623127 -0.018279459 0.003634383 0.008782146 -0.005530016 0.999939501
1311870431.099270 0.058443476 -0.008574189 -0.017568355 0.004348681 0.011438807 -0.003178654 0.999920070
1311870431.131475 0.063377395 -0.008377139 -0.017750088 0.004640875 0.013103249 -0.002028541 0.999901295
1311870431.163490 0.068475522 -0.007542799 -0.018599615 0.004278029 0.014871112 -0.001129700 0.999879658
1311870431.231528 0.078896515 -0.007412419 -0.019015990 0.003582991 0.018872192 0.001266832 0.999814689
1311870431.263518 0.083252087 -0.004675417 -0.019377250 0.004357047 0.020944683 0.001274292 0.999770343
1311870431.299516 0.088205434 -0.006857361 -0.018485848 0.003348543 0.023319723 0.000467805 0.999722362
1311870431.331676 0.096662126 -0.004906095 -0.018918691 0.003586433 0.024952807 0.001861551 0.999680459
1311870431.363631 0.101754203 -0.006711145 -0.019218871 0.003032793 0.026892649 0.002802791 0.999629796
1311870431.399293 0.107337371 -0.006532374 -0.021057477 0.002253798 0.027577898 0.002908878 0.999612868
1311870431.431480 0.110928364 -0.006319622 -0.018580388 0.001593421 0.028460838 0.003306386 0.999588192
1311870431.463503 0.116330639 -0.007517078 -0.020098554 0.001143375 0.029241396 0.004097122 0.999563336
1311870431.499459 0.119054608 -0.001239791 -0.016942699 0.003691336 0.031165877 0.005034870 0.999494731
1311870431.531388 0.122483753 -0.007827125 -0.019864928 0.002318851 0.032713324 0.004985203 0.999449611
1311870431.563325 0.126682684 -0.006598132 -0.021970365 0.003846451 0.033032753 0.005086359 0.999433935
1311870431.599430 0.129274532 -0.005774811 -0.023339709 0.005239277 0.034409236 0.005038543 0.999381363
1311870431.631542 0.133801162 -0.005054159 -0.022763791 0.007762706 0.035648856 0.006366912 0.999313951
1311870431.663486 0.137454525 -0.005243008 -0.028806085 0.008871988 0.035773534 0.007432319 0.999292910
1311870431.699385 0.139254272 -0.005303296 -0.028609086 0.009436197 0.035051219 0.008662258 0.999303401
1311870431.731529 0.142565459 -0.005453255 -0.030225387 0.010165129 0.033868700 0.009436002 0.999330044
1311870431.763721 0.145050436 -0.007112203 -0.032643098 0.010853908 0.033567492 0.010301710 0.999324441
1311870431.799486 0.145885721 -0.008477541 -0.034461305 0.011931784 0.033564117 0.009978955 0.999315500
1311870431.831541 0.150053829 -0.008659462 -0.036239237 0.012726624 0.032008410 0.009673466 0.999359727
1311870431.863694 0.151755914 -0.008347363 -0.038769882 0.013882820 0.031334449 0.009582630 0.999366581
1311870431.899573 0.155382589 -0.009785044 -0.041666966 0.014141512 0.030446041 0.009187563 0.999394119
1311870431.931488 0.157736853 -0.013017933 -0.042558745 0.014783055 0.030297175 0.007939755 0.999400079
1311870431.963564 0.160368636 -0.011220516 -0.043586556 0.016883744 0.030421039 0.006751583 0.999371767
1311870431.999553 0.164121136 -0.013521337 -0.044441879 0.017518915 0.030900890 0.006740945 0.999346197
1311870432.031509 0.168232992 -0.014960274 -0.048008546 0.019167477 0.031412009 0.007171176 0.999296963
1311870432.063526 0.173229754 -0.015575937 -0.050847460 0.020951629 0.031640932 0.007034481 0.999254882
1311870432.099459 0.177546963 -0.018223993 -0.051421810 0.022057448 0.033525582 0.007146904 0.999168873
1311870432.131603 0.182585806 -0.014567588 -0.051918011 0.025711894 0.036242560 0.006627253 0.998990238
1311870432.163607 0.182181954 -0.012619139 -0.050133899 0.024663752 0.037952028 0.005116061 0.998962045
1311870432.199461 0.187261432 -0.010671541 -0.053064797 0.024279598 0.036265086 0.004467864 0.999037206
1311870432.231754 0.189516425 -0.013953246 -0.051672138 0.021967532 0.035502870 0.005000023 0.999115586
1311870432.263643 0.196176782 -0.017369606 -0.054652888 0.021781050 0.034632128 0.006383329 0.999142349
1311870432.299615 0.199416950 -0.019136572 -0.052869499 0.022898905 0.036675487 0.006203542 0.999045551
1311870432.331460 0.204093277 -0.019860590 -0.053869244 0.024641957 0.038917765 0.004875706 0.998926640
1311870432.363365 0.205432788 -0.016664870 -0.053770717 0.026599513 0.042017154 0.003017030 0.998758197
1311870432.399630 0.204757527 -0.013955352 -0.051575407 0.026159467 0.043776914 0.000860060 0.998698413
1311870432.431690 0.204300880 -0.013119869 -0.052713871 0.024274712 0.042125270 -0.001308165 0.998816550
1311870432.463520 0.210300878 -0.014418889 -0.049344186 0.022429321 0.038344096 -0.001453270 0.999011755
1311870432.499674 0.215228632 -0.015651070 -0.050862953 0.022014908 0.037480377 -0.001436980 0.999053776
1311870432.531554 0.221703380 -0.019272735 -0.050463315 0.022233538 0.038636077 -0.001570684 0.999004722
1311870432.563517 0.224708363 -0.019855415 -0.049516663 0.024290729 0.040155370 -0.001446859 0.998897076
1311870432.599522 0.226149276 -0.019172806 -0.052345723 0.025445022 0.040433992 -0.002836818 0.998854160
1311870432.631484 0.228500396 -0.016817519 -0.051142432 0.025604574 0.039800730 -0.002157748 0.998877227
1311870432.663494 0.231993601 -0.016903287 -0.050124694 0.023748349 0.038378850 0.000525220 0.998980880
1311870432.699551 0.234800309 -0.017643820 -0.050425719 0.022747759 0.036880270 0.001440556 0.999059737
1311870432.731507 0.239688084 -0.016593065 -0.050619062 0.022431530 0.035793912 0.002049172 0.999105334
1311870432.763511 0.245347008 -0.018858742 -0.051053807 0.022063859 0.035651542 0.004007123 0.999112666
1311870432.799641 0.249677151 -0.017178174 -0.050032407 0.022857128 0.036440250 0.005661309 0.999058366
1311870432.831541 0.252477199 -0.014373126 -0.048962310 0.022240302 0.037439279 0.006243916 0.999031901
1311870432.863631 0.256138802 -0.016175242 -0.047053482 0.021240126 0.037840664 0.007105408 0.999032736
1311870432.899615 0.257223308 -0.015854422 -0.047992483 0.021542717 0.037921660 0.007583031 0.999019682
1311870432.931572 0.263016343 -0.013208573 -0.046115890 0.021234514 0.036162984 0.007512311 0.999092042
1311870432.963562 0.267320424 -0.015642660 -0.047291212 0.020018518 0.035344686 0.007253795 0.999148369
1311870432.999630 0.270263374 -0.016397987 -0.046794023 0.020065051 0.034924310 0.007043442 0.999163687
1311870433.031584 0.274398416 -0.016763203 -0.047274228 0.020724770 0.033985723 0.008729701 0.999169290
1311870433.063635 0.281835049 -0.014752236 -0.048950687 0.021482754 0.033218406 0.009667922 0.999170423
1311870433.099562 0.282966822 -0.016352529 -0.047918640 0.021753957 0.034021024 0.009235973 0.999141634
1311870433.131626 0.285445303 -0.015089150 -0.048756201 0.023139307 0.034076635 0.007611784 0.999122322
1311870433.163663 0.288360983 -0.013583479 -0.048512738 0.023837997 0.033003569 0.005086989 0.999157965
1311870433.199558 0.290840149 -0.010826853 -0.047484566 0.023638131 0.031625468 0.003708885 0.999213338
1311870433.231636 0.294133484 -0.007421042 -0.049661294 0.021799644 0.029167488 0.001185309 0.999336123
1311870433.263519 0.299227417 -0.007122246 -0.048329294 0.019094605 0.025656570 -0.000535224 0.999488294
1311870433.299576 0.306802422 -0.007140940 -0.049317256 0.017113913 0.022510894 -0.000661497 0.999599874
1311870433.331596 0.312800199 -0.006539669 -0.048797533 0.015319655 0.021046760 -0.000734850 0.999660850
1311870433.363571 0.319930226 -0.005285626 -0.047081873 0.013845270 0.020054404 0.000311462 0.999702990
1311870433.399625 0.325508654 -0.004243392 -0.046236005 0.012094520 0.019318815 -0.000048876 0.999740243
1311870433.431583 0.333818316 -0.004392667 -0.045286894 0.010528875 0.017766701 -0.000501084 0.999786615
1311870433.463559 0.338467211 -0.003746919 -0.044031382 0.008915951 0.018153064 -0.001458970 0.999794424
1311870433.499504 0.345555902 -0.005249620 -0.043129664 0.007904192 0.018826187 -0.000935252 0.999791086
1311870433.563651 0.360461354 -0.001214925 -0.042752698 0.008063477 0.019793734 0.000325510 0.999771535
1311870433.599748 0.365753949 -0.003289786 -0.043201156 0.006327752 0.020130452 0.000192906 0.999777317
1311870433.633359 0.370604485 -0.000811246 -0.043153949 0.006001989 0.020315746 -0.000556959 0.999775410
1311870433.663567 0.377686888 -0.002326080 -0.042830449 0.004685472 0.020257520 -0.001392469 0.999782860
1311870433.699816 0.381765395 -0.002873022 -0.043264456 0.004379839 0.021480074 -0.001206556 0.999758959
1311870433.731536 0.387726903 -0.002910997 -0.043859884 0.004758039 0.022560257 -0.000050849 0.999734163
1311870433.763545 0.392371058 -0.000176937 -0.044949267 0.005136945 0.023405680 0.000856338 0.999712467
1311870433.799626 0.396452039 -0.001358919 -0.042847361 0.004225040 0.024654893 0.000948270 0.999686658
1311870433.831859 0.400751770 0.000022912 -0.040781334 0.004345281 0.026163479 0.001748514 0.999646723
1311870433.863545 0.406717956 0.001993334 -0.041132633 0.004012915 0.027254123 0.002632269 0.999617040
1311870433.899585 0.411526203 0.001628029 -0.039555397 0.003008609 0.028741460 0.003364673 0.999576688
1311870433.931709 0.414965391 -0.000030857 -0.037625927 0.002604262 0.031124737 0.004595774 0.999501526
1311870433.963703 0.419849485 -0.000129324 -0.039989166 0.002880575 0.032522410 0.006377837 0.999446511
1311870433.999523 0.421750695 0.002521918 -0.038125210 0.002565325 0.033778213 0.006361201 0.999405801
1311870434.031599 0.424944013 0.002205311 -0.034941372 0.001888993 0.034937955 0.006562401 0.999366164
1311870434.063605 0.427448630 0.002513767 -0.034978412 0.001686233 0.036291674 0.006573805 0.999318182
1311870434.099832 0.430307001 0.001275459 -0.031809900 0.000934171 0.037409537 0.007469654 0.999271631
1311870434.131804 0.433778524 -0.000846473 -0.032171220 0.000970458 0.038719874 0.008223968 0.999215782
1311870434.163544 0.438454002 -0.002015586 -0.032731693 0.001654311 0.039876703 0.008304996 0.999168694
1311870434.199633 0.438582271 -0.002437757 -0.032669205 0.001966001 0.041772682 0.008652163 0.999087751
1311870434.231542 0.441263378 -0.001729287 -0.033717547 0.001948979 0.041649181 0.009996291 0.999080360
1311870434.263545 0.441903472 -0.001196157 -0.031774037 0.001344436 0.041291639 0.010086092 0.999095321
1311870434.299615 0.443413198 0.001697724 -0.026650712 0.000697052 0.040416904 0.011995473 0.999110639
1311870434.331839 0.444024771 0.001072781 -0.027970541 -0.000705795 0.038919240 0.013512457 0.999150753
1311870434.363534 0.446608156 0.001192423 -0.025711954 -0.002355446 0.036844373 0.013550417 0.999226332
1311870434.399678 0.450420588 0.001558706 -0.028262259 -0.004112666 0.036281288 0.012952991 0.999249220
1311870434.431695 0.457353055 0.001321925 -0.026721137 -0.005837924 0.036902189 0.011683620 0.999233544
1311870434.463583 0.461013138 0.002210291 -0.026775127 -0.007392068 0.039610822 0.009909461 0.999138713
1311870434.499762 0.462543845 0.003671390 -0.022270314 -0.008886593 0.042769652 0.007949624 0.999013782
1311870434.531561 0.460348815 0.003976654 -0.017537402 -0.010185692 0.045967560 0.005484108 0.998875976
1311870434.563553 0.463034689 0.004923344 -0.017240494 -0.011337768 0.046610788 0.004053467 0.998840570
1311870434.599830 0.465158165 0.005483538 -0.014664622 -0.012970170 0.046483148 0.003130237 0.998829961
1311870434.631527 0.471335620 0.005142722 -0.014987610 -0.014743556 0.045592763 0.003558250 0.998844981
1311870434.663662 0.473788381 0.005402043 -0.011893305 -0.016616434 0.046922293 0.001980157 0.998758376
1311870434.699666 0.477510840 0.005213023 -0.010778390 -0.017921835 0.047978755 0.000406951 0.998687506
1311870434.731536 0.479818463 0.007767395 -0.010701760 -0.018779049 0.049337782 -0.001418570 0.998604596
1311870434.767663 0.483649969 0.011107906 -0.006590004 -0.020838410 0.049306318 -0.002411500 0.998563409
1311870434.799566 0.487055480 0.014369964 -0.005951420 -0.024461830 0.048716087 -0.004231705 0.998504102
1311870434.831779 0.489265889 0.017650556 -0.003594952 -0.030182935 0.048170321 -0.003865912 0.998375535
1311870434.867798 0.493261963 0.020527735 -0.001336826 -0.035878122 0.046790428 -0.004720568 0.998249054
1311870434.899553 0.495248437 0.021436898 0.000653380 -0.043667249 0.045401704 -0.006138228 0.997995079
1311870434.931645 0.498154491 0.027432302 0.005202492 -0.049571000 0.042108908 -0.005434599 0.997867763
1311870434.967535 0.497321337 0.027332772 0.009539745 -0.057375718 0.039215077 -0.007297267 0.997555494
1311870434.999589 0.502994955 0.030828372 0.011123164 -0.062838107 0.034300879 -0.007163913 0.997408390
1311870435.031785 0.502246141 0.032427855 0.015703578 -0.067869961 0.032475151 -0.008157762 0.997132123
1311870435.067626 0.505768418 0.034056470 0.019085422 -0.071778692 0.030271174 -0.010098753 0.996909976
1311870435.099699 0.511565745 0.036575329 0.020265415 -0.074791625 0.027759671 -0.010598084 0.996756375
1311870435.131763 0.515235484 0.039445858 0.021297377 -0.078803644 0.026661092 -0.011749421 0.996464312
1311870435.167540 0.516682625 0.039582603 0.023315551 -0.082945459 0.026112184 -0.013447409 0.996121168
1311870435.199566 0.521212459 0.040884510 0.025571229 -0.086085111 0.025685478 -0.014895013 0.995845258
1311870435.231679 0.522427201 0.044426151 0.028235473 -0.089367807 0.025621714 -0.014946917 0.995556891
1311870435.267867 0.522150218 0.048757795 0.027881548 -0.093153842 0.024559323 -0.015555647 0.995227218
1311870435.299742 0.525602818 0.048370235 0.031048620 -0.097943477 0.022491254 -0.017998362 0.994774997
1311870435.331634 0.530388772 0.045405801 0.031596649 -0.101875916 0.022591202 -0.021435322 0.994309545
1311870435.367691 0.535661340 0.047897670 0.031177402 -0.103190221 0.024022376 -0.024334213 0.994073749
1311870435.399734 0.539344311 0.050867792 0.032595865 -0.103654504 0.025480054 -0.027420528 0.993908763
1311870435.431784 0.541358650 0.047287095 0.032312062 -0.106381856 0.026815901 -0.031155288 0.993475318
1311870435.467618 0.543895781 0.051907890 0.035161529 -0.106479704 0.027178181 -0.032065090 0.993426025
1311870435.499650 0.547482848 0.051416159 0.036788374 -0.109165549 0.026793735 -0.033290472 0.993104577
1311870435.531794 0.548993528 0.049231265 0.039018925 -0.112014651 0.026827984 -0.033878848 0.992766440
1311870435.567656 0.548404396 0.048552811 0.041157473 -0.114330761 0.027079387 -0.033840764 0.992496848
1311870435.599673 0.556254268 0.046519920 0.042222057 -0.115557157 0.026149759 -0.035444509 0.992323756
1311870435.631832 0.559176505 0.048263099 0.042688377 -0.115548760 0.027814580 -0.036204077 0.992252052
1311870435.667902 0.564719856 0.048347719 0.045767829 -0.116772629 0.028849293 -0.036825240 0.992056370
1311870435.699715 0.568834662 0.049132142 0.049607333 -0.117938221 0.029191412 -0.036464248 0.991921782
1311870435.731639 0.572372913 0.050679024 0.048280727 -0.119299307 0.029023224 -0.036649451 0.991757095
1311870435.767597 0.577480316 0.048580602 0.052275810 -0.121724300 0.028956130 -0.036729671 0.991461396
1311870435.799955 0.579935014 0.050448608 0.053683449 -0.122252263 0.029309127 -0.037037224 0.991374612
1311870435.831633 0.585988760 0.050619286 0.054698352 -0.122992456 0.028016124 -0.037576050 0.991300166
1311870435.867717 0.588804841 0.049355369 0.057834797 -0.123996511 0.027222104 -0.038090512 0.991177559
1311870435.899972 0.592885613 0.048851833 0.059786208 -0.124580249 0.026543425 -0.037907049 0.991129756
1311870435.931792 0.594863534 0.048575088 0.062387832 -0.125001028 0.027197121 -0.037331413 0.991080940
1311870435.967666 0.598959088 0.048059233 0.063980132 -0.125296772 0.026539268 -0.036517840 0.991091728
1311870435.999894 0.601097822 0.046955038 0.067427695 -0.126319736 0.026050502 -0.036712211 0.990967691
1311870436.031755 0.604947865 0.047480498 0.069440909 -0.126765698 0.026059456 -0.036906596 0.990903258
1311870436.067746 0.609209299 0.046751704 0.070666559 -0.127373353 0.026043022 -0.037695598 0.990796030
1311870436.099813 0.610960424 0.046597883 0.075038441 -0.127844274 0.026408629 -0.038274128 0.990703523
1311870436.131762 0.616874278 0.045435172 0.076412529 -0.127384752 0.025968244 -0.038607482 0.990761459
1311870436.167891 0.616992235 0.042482067 0.081936598 -0.127463683 0.026474085 -0.038193360 0.990753949
1311870436.200035 0.620085359 0.041271992 0.083607227 -0.126865968 0.026611660 -0.038192127 0.990827024
1311870436.231775 0.621360064 0.038864672 0.085396871 -0.125391781 0.027236803 -0.037768092 0.991013944
1311870436.267655 0.626243174 0.037369337 0.085713327 -0.123176612 0.027074840 -0.037334189 0.991312563
1311870436.299786 0.632443249 0.037375774 0.084733449 -0.120336071 0.025404317 -0.035105366 0.991787016
1311870436.331958 0.632934034 0.033331539 0.089229330 -0.119922161 0.024140744 -0.033175431 0.991935134
1311870436.367789 0.632918000 0.032556836 0.091769032 -0.119446561 0.023968002 -0.032713313 0.992012024
1311870436.399748 0.636874378 0.030256668 0.091957048 -0.120033048 0.023475340 -0.031749267 0.991984367
1311870436.431853 0.638963103 0.028173421 0.091933019 -0.119168364 0.023746215 -0.031717088 0.992083192
1311870436.467708 0.639781058 0.023855472 0.094157323 -0.118609451 0.023987276 -0.031875037 0.992139280
1311870436.499724 0.638853192 0.023039682 0.095414251 -0.116397582 0.023826284 -0.032737419 0.992377043
1311870436.531686 0.639495730 0.020968512 0.095753849 -0.113120899 0.023161944 -0.032193005 0.992789388
1311870436.567649 0.640017509 0.018513052 0.098078720 -0.110106781 0.021503089 -0.032832745 0.993144572
1311870436.600076 0.643411219 0.021179421 0.093033664 -0.105684608 0.017663829 -0.031195803 0.993753254
1311870436.633915 0.646149576 0.019751146 0.095611475 -0.103063188 0.012445046 -0.029577471 0.994157076
1311870436.667799 0.644818068 0.018625319 0.091201931 -0.101542816 0.008466735 -0.024662193 0.994489372
1311870436.699713 0.648998141 0.015334577 0.094054200 -0.102917813 0.003254359 -0.019492896 0.994493544
1311870436.731758 0.650348961 0.009556273 0.093993880 -0.103337638 0.000067671 -0.018879710 0.994467139
1311870436.768050 0.655101597 0.005572442 0.094587095 -0.101094604 -0.001915784 -0.020348942 0.994666815
1311870436.799700 0.656801343 0.000474886 0.094989724 -0.098738939 -0.000833651 -0.023105560 0.994844735
1311870436.831852 0.660834014 -0.000067578 0.095596015 -0.093997777 -0.000132029 -0.023556715 0.995293677
1311870436.867905 0.663347900 -0.005348664 0.096448734 -0.091861963 -0.000750322 -0.023743544 0.995488346
1311870436.899855 0.669107437 -0.006010299 0.094653748 -0.089739352 -0.002708714 -0.021345675 0.995732844
1311870436.931933 0.671730697 -0.005929132 0.092372447 -0.087371744 -0.004737103 -0.018202664 0.995998204
1311870436.968236 0.674933374 -0.010006561 0.095596917 -0.087001905 -0.008966643 -0.017265540 0.996018171
1311870436.999889 0.678732932 -0.017050406 0.095187306 -0.086910203 -0.011916661 -0.018014960 0.995981932
1311870437.031944 0.687576234 -0.019580254 0.093271911 -0.084733814 -0.013725868 -0.017037163 0.996163428
1311870437.067654 0.691268981 -0.022271115 0.094525948 -0.082926191 -0.014286307 -0.016847683 0.996310830
1311870437.100178 0.693040669 -0.024203649 0.092687547 -0.081916347 -0.014964436 -0.015436490 0.996407270
1311870437.131969 0.698778510 -0.021943823 0.095980860 -0.080839887 -0.018343257 -0.013908959 0.996461213
1311870437.167667 0.705244601 -0.026135512 0.095457666 -0.080927826 -0.021594986 -0.014269276 0.996383786
1311870437.199925 0.714816272 -0.028152579 0.097074352 -0.079801373 -0.024615780 -0.015072661 0.996392787
1311870437.231936 0.720390797 -0.028288629 0.096141413 -0.077567585 -0.026277142 -0.015074751 0.996526718
1311870437.267827 0.727068901 -0.034197930 0.098245844 -0.077042691 -0.027407615 -0.014704717 0.996542513
1311870437.300070 0.732226551 -0.036641996 0.101775318 -0.075600550 -0.029639021 -0.016206756 0.996565819
1311870437.331827 0.741668284 -0.036274705 0.102265775 -0.072966732 -0.033136871 -0.016783426 0.996642411
1311870437.367959 0.748576283 -0.040364955 0.102833897 -0.071181148 -0.035535093 -0.018244738 0.996663213
1311870437.399868 0.754588783 -0.043461759 0.105050556 -0.069910452 -0.037764631 -0.019033708 0.996656418
1311870437.431930 0.762038708 -0.044385400 0.105654143 -0.068702646 -0.040797316 -0.019685114 0.996608257
1311870437.467917 0.767788053 -0.045497395 0.109066375 -0.067676827 -0.043292992 -0.019607428 0.996574700
1311870437.499944 0.779520929 -0.050179210 0.110319108 -0.067431279 -0.047102772 -0.021324338 0.996383250
1311870437.531864 0.786270738 -0.052174047 0.112952620 -0.066677786 -0.049045950 -0.023401940 0.996293604
1311870437.567872 0.792482674 -0.055549059 0.115323007 -0.065691136 -0.050240044 -0.025665822 0.996243894
1311870437.599941 0.799746871 -0.061359305 0.113774575 -0.064777061 -0.051547553 -0.027909424 0.996176600
1311870437.631901 0.807397366 -0.061636288 0.116206095 -0.062479034 -0.053202473 -0.028037926 0.996232748
1311870437.667940 0.812910080 -0.065319471 0.117551878 -0.061606392 -0.054614030 -0.028557589 0.996195972
1311870437.699777 0.819188952 -0.068274617 0.116883025 -0.060952563 -0.056998625 -0.030004164 0.996060073
1311870437.731943 0.829442799 -0.069325827 0.119081728 -0.059804488 -0.060400907 -0.031600580 0.995879769
1311870437.767795 0.835803449 -0.072359957 0.121716909 -0.059025194 -0.062264610 -0.033630461 0.995745063
1311870437.799747 0.844921827 -0.074325114 0.121160731 -0.057612967 -0.064545192 -0.034927491 0.995637834
1311870437.831896 0.853097200 -0.076135494 0.123850018 -0.056218132 -0.066852599 -0.036753502 0.995499611
1311870437.868123 0.860399723 -0.078241512 0.125210956 -0.054940976 -0.068959750 -0.037512086 0.995398879
1311870437.900069 0.869212806 -0.079209633 0.126118153 -0.053404346 -0.071410216 -0.037786189 0.995299339
1311870437.932604 0.875734687 -0.081298627 0.127834707 -0.052938238 -0.073750734 -0.035397049 0.995241404
1311870437.967868 0.883502424 -0.081700973 0.127468988 -0.052152008 -0.076500900 -0.033790547 0.995131135
1311870437.999873 0.892566442 -0.084623449 0.127924308 -0.052205712 -0.078942031 -0.033804283 0.994937181
1311870438.032040 0.897374988 -0.085894279 0.129692286 -0.051618829 -0.080068178 -0.035122454 0.994832158
1311870438.067992 0.905069470 -0.089792833 0.130513176 -0.051322076 -0.080810361 -0.036209866 0.994748533
1311870438.100054 0.913255990 -0.088686824 0.131202593 -0.049670242 -0.081870474 -0.036885910 0.994720817
1311870438.131845 0.920911729 -0.088969976 0.134250507 -0.048205111 -0.083182633 -0.037576389 0.994658232
1311870438.167952 0.931142390 -0.093490869 0.133001208 -0.047230504 -0.085177876 -0.038722973 0.994492114
1311870438.200093 0.940338671 -0.095891431 0.128251672 -0.045388348 -0.086729974 -0.040000450 0.994393170
1311870438.231870 0.949164391 -0.094850264 0.131516442 -0.043886833 -0.088046573 -0.040137179 0.994339347
1311870438.267979 0.954314768 -0.096421085 0.133443028 -0.043153800 -0.088045195 -0.040735461 0.994347215
1311870438.299797 0.960959435 -0.095845178 0.132369533 -0.042393673 -0.088404119 -0.040507998 0.994357407
1311870438.331819 0.969638944 -0.096069500 0.132119924 -0.042631987 -0.089969307 -0.040750179 0.994196892
1311870438.367780 0.975051522 -0.099260144 0.131020054 -0.043374319 -0.090588115 -0.042099256 0.994052351
1311870438.399835 0.984253705 -0.097968936 0.130942911 -0.042672515 -0.092137992 -0.041828383 0.993951738
1311870438.432856 0.988689899 -0.100075528 0.129778937 -0.042472176 -0.092987612 -0.041861456 0.993879795
1311870438.467869 0.994852245 -0.097012185 0.130889192 -0.041841045 -0.095550254 -0.041387983 0.993683338
1311870438.500036 0.997416556 -0.096752696 0.131709605 -0.042156503 -0.097797930 -0.043022241 0.993381858
1311870438.531921 1.004622698 -0.098733760 0.134517774 -0.042560551 -0.100605771 -0.045980319 0.992951632
1311870438.568013 1.010235786 -0.096989237 0.131992728 -0.042536169 -0.101931468 -0.047082398 0.992765784
1311870438.600021 1.010775208 -0.101724125 0.128276363 -0.043979630 -0.101500392 -0.048918605 0.992658257
1311870438.631835 1.016189694 -0.100781128 0.128576621 -0.043150008 -0.103392586 -0.049854476 0.992452800
1311870438.667869 1.021143079 -0.102353580 0.129571378 -0.043124817 -0.105234735 -0.050442498 0.992230535
1311870438.699970 1.024439096 -0.101914540 0.129959390 -0.042986415 -0.106426440 -0.049707357 0.992146552
1311870438.732000 1.028163195 -0.102539651 0.131097943 -0.043263443 -0.107925914 -0.047807943 0.992065907
1311870438.768162 1.029865026 -0.102433063 0.133502036 -0.043034103 -0.109196357 -0.047822822 0.991936088
1311870438.799815 1.035298705 -0.103967272 0.133969158 -0.043455627 -0.111167118 -0.048477475 0.991666973
1311870438.832114 1.035652995 -0.105029181 0.134136423 -0.044043586 -0.112465896 -0.049551353 0.991441488
1311870438.867827 1.038711667 -0.106926948 0.135901570 -0.044294465 -0.114434712 -0.051662613 0.991097212
1311870438.900416 1.042389154 -0.106565557 0.137292638 -0.043240622 -0.116300777 -0.053283848 0.990840673
1311870438.932530 1.043114185 -0.108626790 0.139245555 -0.042807423 -0.116739012 -0.053623058 0.990789592
1311870438.967952 1.048451424 -0.108657993 0.140488580 -0.042325638 -0.117563747 -0.053036787 0.990744352
1311870439.000222 1.052348852 -0.107967548 0.143480539 -0.042604379 -0.117847010 -0.052960921 0.990702808
1311870439.031959 1.056155443 -0.109520674 0.142979756 -0.043690640 -0.116443433 -0.053736795 0.990779698
1311870439.067798 1.057074547 -0.109191179 0.148174375 -0.044362545 -0.115493283 -0.053783692 0.990858495
1311870439.100209 1.060863853 -0.108202636 0.151934162 -0.045267489 -0.116487265 -0.054511726 0.990661442
1311870439.131876 1.063385963 -0.109878764 0.154333144 -0.046388686 -0.117727578 -0.056855667 0.990331113
1311870439.167836 1.066990495 -0.110567421 0.156642631 -0.046818241 -0.119175181 -0.058594804 0.990036368
1311870439.199794 1.070669889 -0.112817526 0.160072237 -0.047114979 -0.119292356 -0.060173620 0.989913464
1311870439.231835 1.078065872 -0.114194609 0.163876355 -0.047670629 -0.119870238 -0.061811615 0.989716113
1311870439.267817 1.080482483 -0.113179117 0.172027841 -0.048381753 -0.118750222 -0.062154274 0.989795148
1311870439.299813 1.083528996 -0.114093423 0.176383853 -0.049961306 -0.118583225 -0.062703609 0.989702046
1311870439.331860 1.085858345 -0.114098929 0.183924884 -0.051480729 -0.119827285 -0.063564204 0.989419401
1311870439.367859 1.089713812 -0.118371062 0.187325075 -0.053451926 -0.120921522 -0.065900311 0.989028811
1311870439.399807 1.095317483 -0.122037396 0.192876756 -0.053700402 -0.121432401 -0.069644473 0.988696158
1311870439.431917 1.102033019 -0.124039568 0.199711367 -0.052597746 -0.122146018 -0.071830548 0.988511145
1311870439.467853 1.104016066 -0.127114192 0.205903709 -0.052004043 -0.122023657 -0.073912703 0.988404155
1311870439.499862 1.106103301 -0.129636183 0.209965527 -0.052051779 -0.123852380 -0.075325884 0.988067389
1311870439.531912 1.108077526 -0.132299379 0.215316668 -0.052278604 -0.126628384 -0.076726347 0.987595677
1311870439.567862 1.112399936 -0.138144359 0.220981568 -0.051772531 -0.130671740 -0.077846497 0.987007797
1311870439.599826 1.115574956 -0.141214654 0.223917067 -0.050339572 -0.134053543 -0.077468418 0.986658096
1311870439.631904 1.119817734 -0.142104432 0.228884041 -0.048966017 -0.137963340 -0.077485025 0.986186862
1311870439.667868 1.122293353 -0.145010576 0.233250797 -0.048825078 -0.140955582 -0.077123336 0.985799015
1311870439.699827 1.128524542 -0.147996038 0.235657156 -0.049503207 -0.143559858 -0.078374244 0.985290587
1311870439.731911 1.132253408 -0.153123006 0.240088671 -0.050668560 -0.145050228 -0.080995172 0.984800935
1311870439.767878 1.136154652 -0.154468447 0.243655071 -0.050335683 -0.146253586 -0.083492137 0.984431446
1311870439.799818 1.138254166 -0.155774489 0.250540048 -0.050685763 -0.148303822 -0.085382000 0.983944535
1311870439.831973 1.139789224 -0.158289015 0.255242735 -0.049967706 -0.151012197 -0.086169742 0.983500540
1311870439.867821 1.141197085 -0.156880721 0.260848016 -0.048540384 -0.154942766 -0.086102843 0.982966363
1311870439.900184 1.149411798 -0.157248795 0.262275875 -0.048248921 -0.160100430 -0.086115144 0.982152760
1311870439.932173 1.153832674 -0.157943159 0.264731079 -0.050069407 -0.161992669 -0.085304886 0.981822014
1311870439.967891 1.157642007 -0.159969568 0.268711835 -0.051909503 -0.161885977 -0.082764216 0.981961489
1311870439.999959 1.161903739 -0.157599285 0.270812899 -0.052744832 -0.161052540 -0.079693533 0.982308030
1311870440.032069 1.161526799 -0.157164723 0.271899313 -0.053847145 -0.159931511 -0.080735646 0.982346237
1311870440.067993 1.168529153 -0.157482505 0.275637567 -0.055397701 -0.162343681 -0.081517279 0.981799662
1311870440.100001 1.170393109 -0.157122225 0.276235431 -0.057023194 -0.163186058 -0.083331130 0.981414616
1311870440.132116 1.172818422 -0.156788275 0.279795617 -0.058371753 -0.164640605 -0.084060244 0.981030107
1311870440.168088 1.173528790 -0.159598425 0.282212764 -0.059582435 -0.166454434 -0.086584449 0.980431557
1311870440.199932 1.174688339 -0.158927768 0.284720421 -0.059749283 -0.169157788 -0.089102305 0.979732871
1311870440.232151 1.177342296 -0.162389353 0.285379142 -0.060752966 -0.172433034 -0.092840120 0.978752613
1311870440.268000 1.180837154 -0.162149534 0.289668560 -0.060717877 -0.175744817 -0.093024068 0.978148043
1311870440.300046 1.187686205 -0.162415802 0.290212393 -0.061141614 -0.178329289 -0.092927679 0.977662921
1311870440.332046 1.190563440 -0.163230717 0.295958996 -0.061611235 -0.179894626 -0.093605988 0.977281928
1311870440.368148 1.192331672 -0.164153054 0.298326582 -0.061478171 -0.180708706 -0.094542205 0.977049947
1311870440.400131 1.196509957 -0.164667502 0.299803585 -0.062170446 -0.182649374 -0.095605105 0.976541698
1311870440.432012 1.199267983 -0.162216783 0.306198061 -0.062520079 -0.185597837 -0.095559157 0.975967824
1311870440.468251 1.205204129 -0.161644235 0.308337510 -0.064097472 -0.189744040 -0.095053390 0.975117207
1311870440.500265 1.208217740 -0.165447727 0.310347706 -0.066066660 -0.192946166 -0.096550025 0.974210024
1311870440.532310 1.218153834 -0.165481612 0.315132111 -0.066726997 -0.196896330 -0.097566366 0.973272920
1311870440.568327 1.223198056 -0.164028481 0.318372399 -0.067446738 -0.199110478 -0.099664204 0.972560048
1311870440.601112 1.222595692 -0.161886305 0.323441446 -0.068495803 -0.201203391 -0.103233159 0.971683323
1311870440.632152 1.226613402 -0.162762180 0.325304031 -0.069836356 -0.204974547 -0.107348233 0.970352888
1311870440.667912 1.233177423 -0.160599932 0.328831732 -0.070777379 -0.209747031 -0.112187050 0.968716085
1311870440.700052 1.237383604 -0.161138043 0.333087027 -0.072073489 -0.214056626 -0.117273062 0.967074037
1311870440.732289 1.242953062 -0.161579579 0.334963590 -0.072269201 -0.217749357 -0.122851782 0.965541184
1311870440.768161 1.251105070 -0.161777034 0.339514285 -0.072953165 -0.222062826 -0.127017945 0.963967025
1311870440.800074 1.258624434 -0.160310626 0.343088418 -0.074009828 -0.225760818 -0.130833969 0.962516010
1311870440.831930 1.265447497 -0.161583751 0.343413383 -0.076501571 -0.228341773 -0.134611264 0.961190581
1311870440.868097 1.273722529 -0.160901368 0.347589880 -0.078372985 -0.230910406 -0.139168426 0.959776103
1311870440.900702 1.280343294 -0.158972546 0.349255145 -0.079627253 -0.232727036 -0.144246385 0.958483517
1311870440.932236 1.289767265 -0.160121500 0.354809791 -0.081790477 -0.235100567 -0.148858875 0.957015753
1311870440.968265 1.295414567 -0.161173314 0.354403287 -0.084024981 -0.236091629 -0.153406635 0.955859244
1311870440.999991 1.298419356 -0.155586302 0.359619319 -0.084920712 -0.237147912 -0.157277644 0.954889059
1311870441.032175 1.307698607 -0.157902256 0.363036633 -0.087504946 -0.239761099 -0.160449803 0.953474343
1311870441.068154 1.309144378 -0.154361933 0.362813443 -0.089341015 -0.240026549 -0.162343666 0.952916563
1311870441.100200 1.319182038 -0.148632392 0.370863885 -0.090284355 -0.243846640 -0.163998231 0.951573491
1311870441.132291 1.324929118 -0.153082594 0.373066485 -0.094556853 -0.245489120 -0.166477218 0.950304925
1311870441.168090 1.333607078 -0.153310224 0.375332266 -0.097577684 -0.247386694 -0.168962106 0.949068069
1311870441.200181 1.342237234 -0.146893710 0.382561088 -0.098690346 -0.249617666 -0.169795424 0.948219776
1311870441.232068 1.347920060 -0.147735581 0.382416785 -0.102223538 -0.249370098 -0.172213838 0.947474182
1311870441.268233 1.351055622 -0.153986916 0.383340329 -0.106192999 -0.248507366 -0.176784247 0.946421921
1311870441.300230 1.358260393 -0.145649359 0.386354238 -0.105586961 -0.248923227 -0.178492457 0.946059763
1311870441.334609 1.357137203 -0.145538568 0.383262187 -0.109387249 -0.246654049 -0.179858580 0.945963562
1311870441.367979 1.370366573 -0.140055344 0.391394883 -0.110883772 -0.249264255 -0.180192873 0.945041060
1311870441.400106 1.377521873 -0.136116654 0.395224094 -0.113331318 -0.250586361 -0.180391669 0.944362938
1311870441.432295 1.384900808 -0.138531744 0.394251734 -0.118700929 -0.251581877 -0.180846527 0.943351030
1311870441.468277 1.389329910 -0.135527819 0.396731824 -0.122976065 -0.251763701 -0.181673601 0.942595720
1311870441.500170 1.397339821 -0.132062122 0.398267865 -0.125116482 -0.252799392 -0.182586685 0.941860080
1311870441.532130 1.402712703 -0.130689591 0.402345508 -0.127465993 -0.253749311 -0.184519693 0.940912426
1311870441.568914 1.401529789 -0.137857795 0.402481824 -0.132744372 -0.251999199 -0.186047584 0.940351903
1311870441.600118 1.411853790 -0.128805801 0.408349901 -0.132167161 -0.252911001 -0.186201707 0.940157890
1311870441.632942 1.415131927 -0.126306832 0.410436332 -0.134219140 -0.251098067 -0.185094103 0.940571725
1311870441.668118 1.420921326 -0.126408190 0.412239462 -0.136373326 -0.249352753 -0.186118081 0.940524101
1311870441.700172 1.428539515 -0.124344893 0.414771199 -0.138033614 -0.247193202 -0.185481980 0.940977514
1311870441.732030 1.431007266 -0.124395758 0.420583099 -0.140176550 -0.244281918 -0.184477448 0.941618264
1311870441.768221 1.439003944 -0.124212913 0.424820483 -0.142119452 -0.243291616 -0.183064163 0.941859186
1311870441.800208 1.441536784 -0.129937649 0.431905776 -0.144781381 -0.242235109 -0.182620928 0.941812158
1311870441.832186 1.445957661 -0.127240896 0.432849258 -0.144400954 -0.240900293 -0.180109397 0.942696154
1311870441.868242 1.447129369 -0.127332598 0.435571373 -0.144539759 -0.239630699 -0.178489015 0.943306446
1311870441.900199 1.451302886 -0.124557517 0.438764483 -0.142876014 -0.239045709 -0.176369578 0.944106638
1311870441.932347 1.455583453 -0.124128260 0.440910697 -0.141645253 -0.238501966 -0.172940686 0.945063472
1311870441.968225 1.459134817 -0.129394189 0.443670452 -0.141750172 -0.239193708 -0.169382110 0.945517302
1311870442.000519 1.454656959 -0.128867283 0.447621167 -0.140748397 -0.238790512 -0.165238976 0.946501493
1311870442.032101 1.457697630 -0.131308720 0.447651446 -0.140083432 -0.240533024 -0.161890462 0.946737528
1311870442.068163 1.461679459 -0.134456933 0.449795127 -0.139893740 -0.242204174 -0.159860954 0.946684420
1311870442.103605 1.457942843 -0.138831526 0.451106936 -0.138434649 -0.241165474 -0.159541160 0.947217882
1311870442.132295 1.460798621 -0.140145093 0.453361064 -0.134248957 -0.241485268 -0.160907894 0.947507679
1311870442.168086 1.456667304 -0.147774145 0.456066400 -0.132043287 -0.239832103 -0.162895679 0.947897792
1311870442.201178 1.458024859 -0.149806768 0.456094891 -0.127955988 -0.239606321 -0.162051469 0.948659778
1311870442.232210 1.457625747 -0.151405498 0.457724899 -0.124905221 -0.240809113 -0.161783159 0.948807597
1311870442.268206 1.459037662 -0.156577557 0.462260336 -0.122875206 -0.243845522 -0.160689965 0.948482871
1311870442.300086 1.455299497 -0.164664179 0.462532729 -0.122943021 -0.244817689 -0.161227316 0.948132396
1311870442.332140 1.454842567 -0.166658357 0.462391436 -0.121007569 -0.245345816 -0.162144452 0.948088467
1311870442.368246 1.453308225 -0.169016361 0.466416031 -0.118966982 -0.247301951 -0.162568152 0.947765887
1311870442.400030 1.451377988 -0.175923243 0.470691919 -0.118111804 -0.250121623 -0.163729981 0.946932554
1311870442.432189 1.447074056 -0.182729527 0.472876281 -0.117519312 -0.252217650 -0.162366018 0.946685135
1311870442.468023 1.446740150 -0.189775914 0.474423528 -0.115942992 -0.254440278 -0.161096722 0.946501553
1311870442.500198 1.442758083 -0.193048194 0.478027731 -0.112913541 -0.254121393 -0.159097478 0.947291315
1311870442.532181 1.444586396 -0.199290261 0.481863409 -0.110558704 -0.254598618 -0.156121746 0.947935820
1311870442.568220 1.443886995 -0.201446071 0.482777745 -0.108218350 -0.254826605 -0.150930777 0.948984802
1311870442.600265 1.437710047 -0.205374569 0.485211372 -0.106367230 -0.254929870 -0.149695486 0.949361920
1311870442.635674 1.434279799 -0.208920419 0.489004523 -0.104604460 -0.255805284 -0.149102181 0.949415684
1311870442.668160 1.433150053 -0.212386578 0.489723295 -0.102411352 -0.256703764 -0.149788544 0.949304223
1311870442.700211 1.429165840 -0.217248112 0.489409506 -0.100577980 -0.256541729 -0.150677398 0.949403346
1311870442.732224 1.426876783 -0.222105429 0.492275119 -0.098449081 -0.256398529 -0.151456699 0.949541152
1311870442.768169 1.424841046 -0.224279374 0.495043844 -0.096800245 -0.256233096 -0.151533648 0.949743032
1311870442.803175 1.420659184 -0.226654127 0.498638690 -0.094656013 -0.255843639 -0.151444167 0.950078428
1311870442.832847 1.419831872 -0.228267446 0.500880063 -0.092343494 -0.255815476 -0.150574356 0.950451732
1311870442.868218 1.417523861 -0.230313644 0.503824711 -0.090469666 -0.256275803 -0.149910614 0.950612843
1311870442.900140 1.413867593 -0.229678884 0.507506967 -0.088440955 -0.257316321 -0.149225026 0.950630546
1311870442.932118 1.411585093 -0.234613180 0.508783460 -0.088132545 -0.258035719 -0.148582309 0.950564802
1311870442.968874 1.408224940 -0.235424206 0.509605825 -0.087211430 -0.258149356 -0.146899819 0.950880408
1311870443.000647 1.409502745 -0.239376605 0.512252212 -0.087820098 -0.259594381 -0.144879594 0.950740933
1311870443.032544 1.406713843 -0.242103234 0.515549302 -0.087877981 -0.260513723 -0.144248635 0.950580001
1311870443.068224 1.406889915 -0.240387976 0.516183138 -0.086473659 -0.261467993 -0.143900320 0.950499594
1311870443.100206 1.406564951 -0.242525548 0.519159853 -0.085652500 -0.262234300 -0.144719258 0.950238466
1311870443.132186 1.402412176 -0.243439883 0.519989014 -0.084628053 -0.262142688 -0.144060209 0.950455666
1311870443.168697 1.405617356 -0.243844509 0.522063792 -0.084987313 -0.264636993 -0.141367838 0.950136602
1311870443.200234 1.403230309 -0.246887267 0.523273230 -0.085325621 -0.265220672 -0.141189799 0.949970007
1311870443.232146 1.403974175 -0.246726826 0.524373651 -0.084840126 -0.266214728 -0.138144404 0.950183153
1311870443.268148 1.405313611 -0.245244727 0.525962114 -0.084928147 -0.268181592 -0.134345725 0.950166881
1311870443.300216 1.406169891 -0.249272302 0.527437449 -0.085802011 -0.270747453 -0.135237306 0.949233770
1311870443.332286 1.404388785 -0.250272334 0.528871179 -0.084956668 -0.271564245 -0.135932982 0.948977053
1311870443.368387 1.405461788 -0.252104491 0.530942023 -0.083782755 -0.271974474 -0.135690019 0.948998749
1311870443.400129 1.406598330 -0.253463298 0.532368064 -0.083652794 -0.273277611 -0.134543166 0.948799074
1311870443.433543 1.404990911 -0.255233675 0.534914196 -0.084162049 -0.274316609 -0.132672921 0.948717594
1311870443.468216 1.406716824 -0.256052434 0.538458467 -0.083557867 -0.277284056 -0.131692901 0.948044598
1311870443.500190 1.410098195 -0.261013567 0.539707124 -0.083259448 -0.280171245 -0.132806018 0.947066247
1311870443.532274 1.412349343 -0.262435794 0.543094099 -0.081671439 -0.282278299 -0.132892072 0.946566641
1311870443.568228 1.415539145 -0.264521956 0.547609687 -0.080822363 -0.285466313 -0.132192984 0.945781052
1311870443.600188 1.419040442 -0.262430519 0.550743699 -0.079751126 -0.288277686 -0.132127091 0.945028126
1311870443.633824 1.420430660 -0.265761584 0.553090930 -0.079583138 -0.290406138 -0.133753002 0.944161534
1311870443.669450 1.424945354 -0.267026812 0.556385934 -0.078952797 -0.292592257 -0.134429023 0.943443179
1311870443.700456 1.426531196 -0.267240137 0.559479475 -0.078066178 -0.294787914 -0.136181042 0.942581832
1311870443.732224 1.432038307 -0.270813733 0.564423859 -0.077456474 -0.298516721 -0.139031485 0.941041231
1311870443.768189 1.436421752 -0.270273358 0.568965256 -0.075669855 -0.301615626 -0.141382784 0.939847350
1311870443.800762 1.440602422 -0.272754312 0.570876837 -0.075355828 -0.304719031 -0.144483700 0.938398778
1311870443.832760 1.445639014 -0.271873474 0.574776709 -0.074208960 -0.308712214 -0.147664532 0.936688304
1311870443.868379 1.452395797 -0.274019510 0.579051673 -0.074009463 -0.312426329 -0.153002664 0.934613585
1311870443.900223 1.457438946 -0.275240272 0.583129227 -0.073577009 -0.314337105 -0.157536313 0.933252871
1311870443.936095 1.465599537 -0.278519630 0.587468505 -0.074415982 -0.316694438 -0.162060305 0.931613326
1311870443.968820 1.471637726 -0.279930234 0.591153204 -0.074310057 -0.319065452 -0.167924345 0.929772377
1311870444.000310 1.477669120 -0.282599241 0.594014347 -0.074619316 -0.321781099 -0.174631238 0.927573621
1311870444.036121 1.483704209 -0.285311192 0.596338868 -0.075406596 -0.324591190 -0.180025592 0.925497234
1311870444.068450 1.491766810 -0.283945113 0.603050411 -0.075364776 -0.328815609 -0.182640523 0.923494935
1311870444.100313 1.494657874 -0.283227801 0.606116056 -0.075823158 -0.332338482 -0.185771689 0.921569765
1311870444.136376 1.505132675 -0.284075201 0.608863473 -0.076932460 -0.337104619 -0.186973006 0.919501483
1311870444.168597 1.513118148 -0.284959793 0.613635182 -0.078190245 -0.341252983 -0.187349603 0.917786896
1311870444.200428 1.521381974 -0.288450807 0.614329696 -0.079889856 -0.344547272 -0.189183831 0.916031778
1311870444.236334 1.531092525 -0.289844781 0.619461119 -0.081471406 -0.348365247 -0.190202117 0.914235890
1311870444.268377 1.536425591 -0.290085852 0.625138044 -0.082152650 -0.350987703 -0.189545780 0.913307667
1311870444.300356 1.542562604 -0.286640942 0.627101541 -0.080898307 -0.354599386 -0.189894542 0.911951125
1311870444.336251 1.549518466 -0.286698908 0.628038645 -0.080395028 -0.359260201 -0.193378225 0.909435868
1311870444.368372 1.557597637 -0.290469080 0.628723800 -0.081568196 -0.362868488 -0.197305903 0.907052100
1311870444.400227 1.566381216 -0.287479103 0.629794121 -0.081571937 -0.365048558 -0.198312238 0.905956864
1311870444.436312 1.573096037 -0.287823349 0.630317509 -0.083261542 -0.366420984 -0.199903160 0.904898822
1311870444.468622 1.579560041 -0.283065826 0.633953869 -0.083974637 -0.368357807 -0.201125547 0.903775036
1311870444.500194 1.587279081 -0.282747239 0.640642703 -0.085559055 -0.371588826 -0.202271879 0.902046323
1311870444.536787 1.592950225 -0.280254811 0.643761754 -0.087334864 -0.373595983 -0.202931240 0.900898218
1311870444.568395 1.598814130 -0.280712157 0.645211995 -0.089610584 -0.375056714 -0.203058839 0.900038660
1311870444.602292 1.604528427 -0.279598594 0.646933138 -0.090630054 -0.376100272 -0.204786777 0.899109066
1311870444.636266 1.611966610 -0.277823061 0.650624692 -0.093454406 -0.376663357 -0.204670936 0.898610473
1311870444.668446 1.617439270 -0.272453934 0.654777646 -0.097012013 -0.376120448 -0.202864692 0.898870409
1311870444.701032 1.624456763 -0.267033070 0.656039476 -0.100800291 -0.375615567 -0.202915207 0.898653269
1311870444.736354 1.628457427 -0.261597067 0.662557602 -0.104316823 -0.375390917 -0.206526533 0.897522390
1311870444.768245 1.633277059 -0.262876868 0.664909840 -0.109708108 -0.373070598 -0.209753692 0.897098601
1311870444.800418 1.638473392 -0.255911410 0.669867635 -0.112169519 -0.371101052 -0.212111041 0.897056818
1311870444.836377 1.640496016 -0.251940906 0.673777044 -0.115422256 -0.369986355 -0.215711921 0.896245599
1311870444.868299 1.642215371 -0.249053717 0.675709367 -0.118013367 -0.369309217 -0.218467966 0.895519555
1311870444.900329 1.647235990 -0.245617390 0.680787802 -0.120633043 -0.370465785 -0.218891025 0.894589007
1311870444.936351 1.650716901 -0.245934010 0.685714543 -0.123982862 -0.371243596 -0.217688099 0.894101977
1311870444.968539 1.655475020 -0.243947133 0.689261496 -0.126292869 -0.371276051 -0.215998828 0.894174874
1311870445.000303 1.662173271 -0.244636014 0.693234742 -0.128531724 -0.371004850 -0.215150878 0.894172847
1311870445.036238 1.664291263 -0.242348611 0.697125256 -0.129691392 -0.370136976 -0.214141354 0.894607306
1311870445.068452 1.668993831 -0.244772509 0.700862885 -0.131878391 -0.370015025 -0.215549186 0.893999696
1311870445.100300 1.672926426 -0.244399920 0.705769658 -0.133195177 -0.369377375 -0.217567787 0.893579125
1311870445.136199 1.678641081 -0.242435113 0.708237588 -0.134094104 -0.367842466 -0.219157428 0.893689394
1311870445.168341 1.681572914 -0.240531266 0.715388894 -0.135154381 -0.368352622 -0.221887678 0.892645180
1311870445.200264 1.684865355 -0.239320323 0.721028209 -0.135913536 -0.370894760 -0.224067330 0.890931189
1311870445.236342 1.686660409 -0.240250483 0.727306664 -0.137462839 -0.375075817 -0.224873051 0.888737381
1311870445.268384 1.690083861 -0.238103136 0.729548097 -0.138088480 -0.379192352 -0.224660188 0.886945665
1311870445.300289 1.694981694 -0.242657855 0.731940031 -0.140677139 -0.383237809 -0.224704266 0.884786248
1311870445.336313 1.697978616 -0.242947578 0.737102449 -0.141518980 -0.387007207 -0.226142466 0.882642269
1311870445.368329 1.700300694 -0.243586138 0.747299910 -0.142041147 -0.389313489 -0.228148341 0.881026447
1311870445.400309 1.704488397 -0.247144133 0.749267697 -0.142382503 -0.388852119 -0.230726421 0.880503595
1311870445.436350 1.705939054 -0.247121602 0.758425534 -0.144560888 -0.389441699 -0.231534824 0.879675448
1311870445.468401 1.709015489 -0.244529232 0.767302275 -0.145362481 -0.390911669 -0.231566727 0.878882647
1311870445.500377 1.710554123 -0.251951545 0.770515621 -0.148729652 -0.391996682 -0.236316994 0.876568496
1311870445.540077 1.710358500 -0.251733840 0.780170381 -0.148587912 -0.392717749 -0.240618840 0.875098288
1311870445.568331 1.711982846 -0.253860205 0.785280049 -0.145898655 -0.391735196 -0.242932394 0.875351906
1311870445.600389 1.716550827 -0.259573132 0.790190578 -0.144079238 -0.393032193 -0.246633127 0.874036014
1311870445.636324 1.718257427 -0.261529744 0.794308424 -0.143018827 -0.393322110 -0.250232548 0.873056114
1311870445.668335 1.720582008 -0.260109276 0.800067008 -0.141242832 -0.393796772 -0.251079381 0.872888148
1311870445.700236 1.722985148 -0.263254076 0.802757680 -0.141971663 -0.395539433 -0.251093596 0.871977389
1311870445.736362 1.724233627 -0.260630935 0.807961106 -0.142894223 -0.399291456 -0.251815051 0.869906187
1311870445.768584 1.726235867 -0.262535125 0.813918293 -0.145359129 -0.403478235 -0.253042817 0.867205501
1311870445.800369 1.728315234 -0.262414485 0.814726233 -0.147006780 -0.406835467 -0.253214985 0.865306914
1311870445.836299 1.730146289 -0.262315750 0.822124660 -0.148059636 -0.410986274 -0.253861845 0.862973213
1311870445.868337 1.731080294 -0.261043489 0.824010253 -0.148807138 -0.413232356 -0.253282785 0.861941576
1311870445.900306 1.733078837 -0.265236527 0.825422108 -0.152173817 -0.415654391 -0.251610339 0.860678077
1311870445.936551 1.734392405 -0.263770282 0.828542709 -0.153558850 -0.418050081 -0.250537932 0.859583914
1311870445.968392 1.736106157 -0.267384738 0.832611144 -0.155873969 -0.420526177 -0.251314163 0.857730865
1311870446.000304 1.740101814 -0.267403454 0.836405754 -0.155894801 -0.421652555 -0.251913816 0.856997848
1311870446.036758 1.738627791 -0.270193219 0.839711428 -0.155540332 -0.420511067 -0.252467901 0.857459962
1311870446.068635 1.738228798 -0.273998410 0.843860745 -0.154732168 -0.420421302 -0.254932761 0.856920719
1311870446.100357 1.742265821 -0.275502414 0.848150969 -0.152977884 -0.422334373 -0.256823987 0.855729461
1311870446.136276 1.742322445 -0.276176035 0.848739028 -0.152108416 -0.423108041 -0.257403880 0.855327904
1311870446.168735 1.743472934 -0.276498824 0.854314268 -0.152046442 -0.425264180 -0.257501662 0.854239523
1311870446.200427 1.746591330 -0.281897038 0.858306527 -0.152732491 -0.427364022 -0.257733226 0.852998435
1311870446.236315 1.745411754 -0.283101827 0.863237083 -0.152146339 -0.428015649 -0.257682294 0.852791846
1311870446.268306 1.747473478 -0.285277337 0.868146300 -0.152202502 -0.429586500 -0.256822944 0.852250993
1311870446.301025 1.751047850 -0.284512937 0.872283876 -0.152162224 -0.431994259 -0.255487323 0.851442218
1311870446.336338 1.752316833 -0.286251336 0.879989803 -0.152706668 -0.435215712 -0.255306304 0.849756837
1311870446.368954 1.752368450 -0.288013667 0.884112775 -0.153508425 -0.437128484 -0.255344480 0.848618329
1311870446.400492 1.757087111 -0.289879411 0.888417482 -0.153675377 -0.438987941 -0.255320221 0.847634971
1311870446.436540 1.759825826 -0.291422546 0.893105209 -0.153338626 -0.438556254 -0.254780114 0.848081768
1311870446.468367 1.762283206 -0.291197747 0.897792816 -0.151712254 -0.438220233 -0.254192472 0.848724067
1311870446.500355 1.764721155 -0.293130934 0.907405138 -0.150085911 -0.440669984 -0.255672604 0.847299039
1311870446.536436 1.764512420 -0.298578709 0.913195670 -0.149459422 -0.443856806 -0.257860214 0.845080554
1311870446.568393 1.769670367 -0.298166037 0.916484892 -0.147321790 -0.448007196 -0.258298814 0.843129635
1311870446.601101 1.768547535 -0.301443338 0.921905398 -0.145818278 -0.451816738 -0.261058569 0.840504050
1311870446.637765 1.772058368 -0.306318402 0.925406754 -0.144224986 -0.455415279 -0.263300061 0.838134348
1311870446.668422 1.775816202 -0.309304714 0.930404663 -0.141876087 -0.459578067 -0.267271161 0.835000157
1311870446.700430 1.779949307 -0.310412169 0.935542107 -0.138918743 -0.464140892 -0.271557182 0.831583738
1311870446.736562 1.783505678 -0.313548952 0.941522539 -0.136911750 -0.468775988 -0.276906639 0.827542722
1311870446.768561 1.790439606 -0.314613760 0.948415518 -0.135433808 -0.473405510 -0.281006098 0.823759973
1311870446.800611 1.793998480 -0.319382936 0.956175923 -0.134832487 -0.478117824 -0.285415381 0.819610655
1311870446.839890 1.800559402 -0.323550105 0.961022615 -0.134190723 -0.482084692 -0.289287388 0.816026926
1311870446.868281 1.803476453 -0.326021999 0.969335139 -0.133605257 -0.485255837 -0.293145061 0.812860608
1311870446.900517 1.808990359 -0.331456125 0.974303961 -0.134127483 -0.487979323 -0.295467108 0.810299456
1311870446.938961 1.815914154 -0.333958805 0.979974449 -0.134874880 -0.490480810 -0.298237056 0.807645977
1311870446.968287 1.820452094 -0.338628441 0.985027492 -0.135747686 -0.491904825 -0.301429361 0.805445552
1311870447.000608 1.822296500 -0.340027392 0.991259933 -0.134939253 -0.493782908 -0.305134803 0.803033352
1311870447.036348 1.829165339 -0.343422771 0.999380291 -0.135190949 -0.497266054 -0.308334142 0.799612343
1311870447.069357 1.830422997 -0.349922806 1.005124688 -0.137042597 -0.498620659 -0.312804431 0.796712101
1311870447.100489 1.833664060 -0.344777673 1.006532073 -0.135283023 -0.499315768 -0.314460844 0.795925021
1311870447.136384 1.836399436 -0.350118667 1.014974236 -0.136522561 -0.501569569 -0.318035662 0.792870045
1311870447.168779 1.840725660 -0.353005528 1.021119595 -0.136262089 -0.504161894 -0.321079284 0.790038943
1311870447.200406 1.840520263 -0.353671998 1.020951509 -0.134568408 -0.504969478 -0.323504418 0.788823187
1311870447.236496 1.848056197 -0.359130949 1.026251316 -0.133840680 -0.508997202 -0.325435638 0.785557270
1311870447.268702 1.850174546 -0.356615037 1.030875921 -0.131508544 -0.511416435 -0.328298122 0.783185244
1311870447.300746 1.851719618 -0.362341523 1.035748482 -0.130810380 -0.513695359 -0.330929995 0.780699134
1311870447.337758 1.856400609 -0.357050002 1.034247279 -0.127771437 -0.513875663 -0.330646127 0.781203806
1311870447.368631 1.854686975 -0.365795434 1.039716244 -0.129336298 -0.514707923 -0.332364649 0.779667616
1311870447.402784 1.853339434 -0.367089093 1.041959286 -0.129692256 -0.514863908 -0.331913590 0.779697657
1311870447.436290 1.853632331 -0.373589724 1.046770215 -0.133021727 -0.516779542 -0.330089062 0.778643250
1311870447.468472 1.853464007 -0.372948289 1.045442581 -0.133782923 -0.517861903 -0.331789613 0.777069390
1311870447.505391 1.849911332 -0.372129053 1.049161434 -0.134184092 -0.520168006 -0.333251506 0.774831116
1311870447.538012 1.846933961 -0.373042971 1.056058526 -0.133424804 -0.522974074 -0.335217804 0.772220790
1311870447.568454 1.848901272 -0.375982195 1.054943323 -0.132550225 -0.523661196 -0.337291509 0.771001816
1311870447.600701 1.842967987 -0.372020513 1.054092169 -0.129993767 -0.521689475 -0.341082126 0.771106124
1311870447.636328 1.840426087 -0.373277217 1.057202816 -0.127676621 -0.520517588 -0.342284411 0.771752238
1311870447.668541 1.838665009 -0.377339572 1.056224704 -0.127752244 -0.517992020 -0.343974680 0.772686899
1311870447.702983 1.834569931 -0.379165709 1.059590340 -0.128600344 -0.516196489 -0.344066978 0.773706079
1311870447.736460 1.827293515 -0.383494705 1.059808612 -0.129998237 -0.514300883 -0.344083697 0.774726748
1311870447.768501 1.825931668 -0.384983480 1.059925437 -0.129571587 -0.514364839 -0.344967425 0.774362683
1311870447.803252 1.819420576 -0.388242930 1.060931444 -0.130541191 -0.513588548 -0.347077310 0.773772001
1311870447.836560 1.814468026 -0.388641059 1.063835144 -0.129510239 -0.513782382 -0.348743469 0.773067117
1311870447.868373 1.808502555 -0.395712614 1.061181664 -0.130645335 -0.512521207 -0.350085586 0.773106635
1311870447.903970 1.805417895 -0.398570120 1.061380625 -0.133423284 -0.511473417 -0.352271259 0.772332966
1311870447.936552 1.798717976 -0.395547539 1.062959075 -0.135329008 -0.510259151 -0.355436772 0.771353602
1311870447.968677 1.788989067 -0.397964984 1.064402580 -0.136892393 -0.509328842 -0.357194245 0.770880580
1311870448.003362 1.784902573 -0.400346667 1.064730167 -0.137635708 -0.508744895 -0.358685851 0.770441115
1311870448.036711 1.774188399 -0.401995242 1.068055391 -0.137865975 -0.507207870 -0.360795051 0.770428538
1311870448.068615 1.766736627 -0.404817969 1.068368673 -0.136622995 -0.504824817 -0.361041903 0.772097647
1311870448.101910 1.760079503 -0.407439709 1.068748236 -0.137731716 -0.501053452 -0.359729141 0.774964750
1311870448.136537 1.752284288 -0.411161453 1.072820306 -0.139193326 -0.498781294 -0.359377176 0.776331425
1311870448.168500 1.745440960 -0.414136767 1.071952105 -0.140621424 -0.497017890 -0.360149980 0.776846707
1311870448.203656 1.738440275 -0.414932400 1.074021816 -0.140334144 -0.494681299 -0.361718804 0.777660787
1311870448.236492 1.732122540 -0.415847152 1.074025393 -0.140684694 -0.491651058 -0.360744894 0.779968083
1311870448.268590 1.723489881 -0.419686317 1.074518204 -0.142741248 -0.490271062 -0.360868424 0.780405819
1311870448.302001 1.717393041 -0.421234339 1.076024413 -0.145448640 -0.489646345 -0.360766590 0.780345201
1311870448.336426 1.708897233 -0.418564707 1.078198314 -0.146320298 -0.488997668 -0.360458702 0.780731201
1311870448.368626 1.700099468 -0.422225505 1.079696655 -0.148304641 -0.488593280 -0.361676157 0.780046642
1311870448.404180 1.689730644 -0.422996312 1.081336737 -0.149623275 -0.488158315 -0.362395287 0.779733300
1311870448.436494 1.681946278 -0.424734086 1.080930948 -0.149737909 -0.487816811 -0.361498803 0.780340910
1311870448.469255 1.676505327 -0.424972504 1.083634138 -0.148477823 -0.488003552 -0.361832887 0.780310094
1311870448.501350 1.667698145 -0.426299661 1.084788799 -0.149358392 -0.487446845 -0.361108780 0.780825257
1311870448.536588 1.661654949 -0.427580923 1.085656881 -0.150860295 -0.488147974 -0.361191332 0.780059993
1311870448.570594 1.652112484 -0.427926958 1.087100983 -0.151689366 -0.488858223 -0.361075103 0.779508054
1311870448.600762 1.649885058 -0.423957527 1.087677956 -0.151291326 -0.490074188 -0.359558761 0.779522777
1311870448.636419 1.644414783 -0.422763169 1.087611675 -0.151432157 -0.490352124 -0.359753519 0.779230714
1311870448.669818 1.639903784 -0.422170073 1.087490082 -0.152569979 -0.489584267 -0.359182298 0.779754937
1311870448.700656 1.634991407 -0.423624843 1.087135673 -0.154071257 -0.488181889 -0.358919799 0.780459523
1311870448.736438 1.630756974 -0.420779765 1.088291645 -0.155244902 -0.486783326 -0.358473927 0.781304955
1311870448.771225 1.624651313 -0.422174484 1.090816736 -0.158974096 -0.486728519 -0.357847452 0.780876279
1311870448.801564 1.618515968 -0.424089819 1.093292236 -0.162469581 -0.487019777 -0.357419074 0.780171096
1311870448.836537 1.614692807 -0.423463553 1.093163252 -0.163297415 -0.487899691 -0.357774496 0.779285073
1311870448.869700 1.608019590 -0.422238737 1.091775179 -0.163271740 -0.488543242 -0.359004349 0.778321087
1311870448.900887 1.604372263 -0.423417389 1.093212843 -0.162991494 -0.489679337 -0.360104382 0.777156830
1311870448.936448 1.597833991 -0.424259394 1.094688892 -0.161885709 -0.490436405 -0.361018151 0.776486337
1311870448.969668 1.593537569 -0.423135370 1.096366644 -0.160998315 -0.492777377 -0.360141844 0.775595129
1311870449.001510 1.589867115 -0.429847300 1.095437050 -0.162572101 -0.495429337 -0.359657943 0.773799896
1311870449.036575 1.584933758 -0.426794916 1.098451138 -0.159812868 -0.499067485 -0.360929132 0.771441281
1311870449.071321 1.579737782 -0.429902613 1.097243786 -0.158400953 -0.501387239 -0.362198025 0.769631445
1311870449.100827 1.575028062 -0.429886043 1.097764611 -0.157037050 -0.504409075 -0.361247331 0.768382251
1311870449.136566 1.569263101 -0.429887593 1.094313383 -0.155906707 -0.508451760 -0.361453861 0.765846610
1311870449.171406 1.564590096 -0.428786129 1.101091266 -0.155459344 -0.515975118 -0.361986816 0.760636270
1311870449.200685 1.560824633 -0.432519376 1.102772117 -0.153577581 -0.521314979 -0.363843530 0.756480336
1311870449.236497 1.555940747 -0.434764177 1.103111386 -0.151019111 -0.525392294 -0.365521163 0.753359437
1311870449.273412 1.553236723 -0.436517894 1.107414126 -0.147031382 -0.530109167 -0.367670357 0.749789655
1311870449.300841 1.547997952 -0.435766727 1.110473156 -0.142378360 -0.534140289 -0.369682819 0.746831417
1311870449.338081 1.546132207 -0.438115358 1.106344819 -0.137805969 -0.536891699 -0.373539984 0.743790746
1311870449.371881 1.542551160 -0.436024010 1.112826347 -0.134615019 -0.543579400 -0.374428511 0.739055812
1311870449.402787 1.540870667 -0.441756964 1.115484834 -0.133542329 -0.549323678 -0.376743168 0.733808279
1311870449.436669 1.538148761 -0.440037042 1.118994832 -0.129729286 -0.555362999 -0.378747851 0.728898048
1311870449.469614 1.538651586 -0.446926296 1.118025064 -0.126552805 -0.560587823 -0.382194132 0.723638952
1311870449.501614 1.532956719 -0.454555571 1.134555221 -0.128219381 -0.570486546 -0.381523460 0.715922296
1311870449.536434 1.533200026 -0.453955650 1.131690979 -0.122312643 -0.575008154 -0.387027949 0.710362315
1311870449.569845 1.530160427 -0.453648388 1.137245536 -0.118481293 -0.581350803 -0.390251428 0.704057753
1311870449.601760 1.533325911 -0.465893865 1.149690151 -0.120437086 -0.590486586 -0.391240805 0.695522189
1311870449.639118 1.531369090 -0.470804274 1.155841947 -0.119450659 -0.596011043 -0.393957376 0.689420044
1311870449.668836 1.530255198 -0.472495824 1.162807584 -0.117857702 -0.601501107 -0.395719320 0.683894873
1311870449.701069 1.530493617 -0.472282141 1.170025110 -0.116370879 -0.607351065 -0.397374630 0.677994013
1311870449.736551 1.531332374 -0.473792732 1.178166628 -0.115100667 -0.613471746 -0.400267035 0.670962453
1311870449.770083 1.527134895 -0.476017773 1.184699535 -0.115195230 -0.617749155 -0.403199434 0.665241539
1311870449.803170 1.526209354 -0.478201658 1.191086173 -0.113550775 -0.622128725 -0.405428976 0.660067737
1311870449.837832 1.527940631 -0.479346305 1.196325302 -0.110858776 -0.626276791 -0.407877475 0.655075312
1311870449.870218 1.524670482 -0.480371684 1.203751802 -0.110902749 -0.629749477 -0.409667939 0.650606155
1311870449.901187 1.527437925 -0.480004042 1.208542466 -0.109093241 -0.633156002 -0.410907924 0.646812737
1311870449.936773 1.528091192 -0.476293504 1.218070626 -0.108820535 -0.636615992 -0.412240356 0.642601013
1311870449.970274 1.525431156 -0.482078433 1.222937346 -0.112047166 -0.638048589 -0.415432096 0.638557374
1311870450.000712 1.526005268 -0.479799926 1.229559898 -0.111483425 -0.639528155 -0.416857004 0.636243224
1311870450.039055 1.524782062 -0.477744311 1.235459089 -0.110695474 -0.640392423 -0.418075621 0.634710014
1311870450.069346 1.527528405 -0.476072878 1.243711233 -0.108435713 -0.641796172 -0.419613868 0.632663846
1311870450.100915 1.526764035 -0.475100249 1.247043967 -0.110351600 -0.641304135 -0.418590277 0.633508980
1311870450.136869 1.529231548 -0.473975390 1.247923374 -0.112217724 -0.641176105 -0.418555588 0.633333743
1311870450.170909 1.528571367 -0.474309891 1.255799651 -0.116136536 -0.643058956 -0.418598652 0.630684197
1311870450.202283 1.531475425 -0.474635541 1.258854270 -0.117424302 -0.643455625 -0.418416828 0.630161703
1311870450.236763 1.533441424 -0.471707463 1.262306452 -0.117047943 -0.644035459 -0.418702066 0.629449487
1311870450.269090 1.539281487 -0.466314703 1.265848875 -0.114931189 -0.645554185 -0.419171304 0.627969742
1311870450.301059 1.542701483 -0.468022645 1.268057585 -0.116782293 -0.646212339 -0.420016617 0.626384556
1311870450.336876 1.546732068 -0.466994941 1.270467639 -0.118264779 -0.646847606 -0.419792682 0.625600278
1311870450.369008 1.550733447 -0.467881769 1.273806334 -0.119955726 -0.647750258 -0.419265509 0.624697208
1311870450.401010 1.554605126 -0.467024595 1.275098443 -0.121004507 -0.648012936 -0.418915331 0.624457419
1311870450.437316 1.559907794 -0.461473525 1.276907682 -0.120491363 -0.649928451 -0.418383598 0.622920513
1311870450.469143 1.567003369 -0.462027460 1.275361657 -0.121202148 -0.650925875 -0.419461071 0.621013641
1311870450.501134 1.573624969 -0.465768248 1.274953604 -0.124181569 -0.651386678 -0.420155972 0.619470179
1311870450.538645 1.576836705 -0.460902423 1.276863813 -0.124277823 -0.652272463 -0.421520740 0.617588758
1311870450.569084 1.583924174 -0.459856242 1.280300379 -0.125053927 -0.654570222 -0.421847880 0.614771247
1311870450.601120 1.583625197 -0.460288376 1.281574368 -0.124907248 -0.655476093 -0.425083965 0.611598551
1311870450.637751 1.589758754 -0.461050749 1.281118512 -0.125552624 -0.656607747 -0.425142318 0.610210359
1311870450.670066 1.598109245 -0.462115049 1.279658198 -0.128933191 -0.658395886 -0.423406690 0.608783841
1311870450.701290 1.605762482 -0.463003069 1.276642799 -0.132422090 -0.660738587 -0.422356486 0.606220961
1311870450.737892 1.617560029 -0.459739029 1.279754281 -0.134064600 -0.664808750 -0.420734406 0.602526784
1311870450.769954 1.624905825 -0.457038552 1.285319686 -0.136176586 -0.667352498 -0.420369864 0.599487901
1311870450.804254 1.633477688 -0.453836769 1.288168550 -0.137786373 -0.668244064 -0.419324219 0.598858893
1311870450.840324 1.641735077 -0.452190757 1.290862441 -0.135601223 -0.669243038 -0.420825452 0.597186744
1311870450.869862 1.649822474 -0.451151758 1.294273019 -0.132262945 -0.670036912 -0.423346341 0.595260322
1311870450.901836 1.657731652 -0.451661110 1.297352910 -0.130215630 -0.670597374 -0.423102885 0.595253646
1311870450.937709 1.668363214 -0.454815000 1.298309445 -0.129777566 -0.670977414 -0.422288716 0.595499218
1311870450.972680 1.677991986 -0.454981148 1.299423695 -0.130412042 -0.672106266 -0.421436876 0.594690502
1311870451.001936 1.688987017 -0.455541283 1.302218676 -0.131217644 -0.673437774 -0.421306551 0.593097150
1311870451.039322 1.694040537 -0.455858856 1.308734298 -0.133270413 -0.674644291 -0.421101511 0.591411471
1311870451.069587 1.703635216 -0.455264717 1.311704755 -0.131848425 -0.674509406 -0.421753258 0.591419637
1311870451.100674 1.713916302 -0.456073374 1.315108418 -0.131064400 -0.674337387 -0.422119230 0.591529012
1311870451.139173 1.720991850 -0.458783269 1.314942241 -0.130971372 -0.673949659 -0.423629522 0.590911448
1311870451.170707 1.727213502 -0.457960278 1.319619298 -0.129400671 -0.675807178 -0.424140692 0.588765383
1311870451.200766 1.737861633 -0.461181879 1.319728136 -0.129615039 -0.676319182 -0.424012393 0.588222504
1311870451.241411 1.745428801 -0.463998973 1.322944283 -0.131977662 -0.676636040 -0.424167126 0.587220371
1311870451.269610 1.752955437 -0.461500704 1.326675653 -0.134157985 -0.676996529 -0.423709452 0.586640954
1311870451.300668 1.759147644 -0.463298887 1.327638149 -0.135716915 -0.677285790 -0.424526662 0.585356295
1311870451.337433 1.765068650 -0.462109149 1.333830833 -0.135186777 -0.678478658 -0.425753117 0.583202839
1311870451.373855 1.769298077 -0.464380056 1.338349104 -0.134843230 -0.678569794 -0.427216768 0.582104921
1311870451.400678 1.777334929 -0.464581341 1.342862129 -0.132841289 -0.679403305 -0.427585930 0.581321478
1311870451.440446 1.783631086 -0.465318143 1.348397374 -0.130540311 -0.681117654 -0.427982569 0.579541922
1311870451.470627 1.789606810 -0.467132390 1.351055741 -0.130409315 -0.681652308 -0.428672791 0.578431606
1311870451.500738 1.794613838 -0.469043165 1.357953668 -0.130453959 -0.683239579 -0.428362966 0.576776028
1311870451.537387 1.796921372 -0.471294492 1.363972306 -0.130791739 -0.684395790 -0.428303987 0.575370848
1311870451.569243 1.801453352 -0.474728793 1.367792368 -0.129937008 -0.685275972 -0.428977251 0.574013710
1311870451.600842 1.810718894 -0.479818940 1.371079326 -0.128369063 -0.686027169 -0.429604441 0.572999239
1311870451.640948 1.816939712 -0.484663337 1.376814723 -0.128675178 -0.687638283 -0.429757297 0.570880830
1311870451.669907 1.821185589 -0.485990435 1.383139253 -0.128292426 -0.689541698 -0.430321515 0.568239987
1311870451.700785 1.827591181 -0.487518877 1.392974973 -0.127069443 -0.692090452 -0.429863185 0.565757751
1311870451.738569 1.831149459 -0.490616590 1.400530815 -0.126202196 -0.693433702 -0.430194616 0.564052582
1311870451.770092 1.834863067 -0.493631035 1.408519864 -0.124082454 -0.695110977 -0.431233078 0.561660349
1311870451.800957 1.838878751 -0.495615929 1.418029666 -0.122309566 -0.696784019 -0.432679653 0.558856606
1311870451.843498 1.844210267 -0.499352783 1.427384257 -0.120108008 -0.698432982 -0.434313655 0.556000948
1311870451.871994 1.847895503 -0.503124177 1.438365459 -0.119348943 -0.700137436 -0.436638623 0.552186668
1311870451.900931 1.850931764 -0.505849540 1.446896791 -0.119494684 -0.700434387 -0.439416349 0.549568892
1311870451.938315 1.856932878 -0.508589447 1.457618594 -0.118454576 -0.701344252 -0.441949368 0.546594501
1311870451.973008 1.858905315 -0.510789216 1.467790246 -0.118992560 -0.701880097 -0.445276648 0.543078065
1311870452.000747 1.864091516 -0.513449609 1.479057670 -0.118746087 -0.702712357 -0.448335350 0.539527655
1311870452.038266 1.868052959 -0.516375422 1.487642407 -0.118469022 -0.703422666 -0.450932950 0.536489606
1311870452.072962 1.872171402 -0.518948615 1.497291088 -0.118264928 -0.704617620 -0.453912079 0.532438934
1311870452.100648 1.872688890 -0.521779418 1.506167293 -0.117651321 -0.706214786 -0.456329733 0.528376698
1311870452.137766 1.876851559 -0.525512815 1.515697122 -0.117723040 -0.708213031 -0.457580894 0.524590492
1311870452.171327 1.880616903 -0.527402580 1.522430539 -0.117183790 -0.710303545 -0.459074050 0.520564854
1311870452.200712 1.885670066 -0.529779017 1.530529141 -0.116343968 -0.712762892 -0.460077941 0.516489506
1311870452.238414 1.887574077 -0.529747188 1.540830851 -0.114056148 -0.715418160 -0.461456150 0.512080431
1311870452.270154 1.886433482 -0.533114910 1.547196388 -0.112054840 -0.716606259 -0.463996917 0.508552849
1311870452.300724 1.890244722 -0.535867095 1.555122137 -0.111469567 -0.717916131 -0.464437544 0.506427407
1311870452.338323 1.893763661 -0.541863203 1.562529922 -0.111388169 -0.719324768 -0.465446472 0.503511846
1311870452.368878 1.900398731 -0.542581916 1.567552209 -0.110274337 -0.721198738 -0.465963662 0.500589430
1311870452.400892 1.902343869 -0.545995653 1.574228168 0.109629519 0.723302186 0.467303634 -0.496429861
1311870452.437917 1.902916431 -0.548414886 1.582779050 0.110201113 0.725481272 0.468053550 -0.492400765
1311870452.468917 1.909429908 -0.556773901 1.583033681 0.113049693 0.726910412 0.468545645 -0.489168704
1311870452.500934 1.913949609 -0.558278084 1.591516495 0.114374302 0.731232762 0.469217718 -0.481717616
1311870452.540934 1.914921403 -0.558249295 1.591030717 0.115431756 0.732850492 0.470954448 -0.477291971
1311870452.569316 1.917693734 -0.555556297 1.597887635 0.111314766 0.735193670 0.472795248 -0.472825468
1311870452.600992 1.915974259 -0.558222950 1.598674417 0.106900819 0.735073984 0.475421280 -0.471394777
1311870452.645017 1.919097900 -0.562816024 1.600926042 0.104175180 0.735288262 0.476211935 -0.470872492
1311870452.669288 1.923711896 -0.567894638 1.600400805 0.104017854 0.735227406 0.476421744 -0.470790118
1311870452.700871 1.924095869 -0.569877207 1.605771184 0.104784295 0.737416387 0.475628167 -0.467990547
1311870452.739677 1.927930593 -0.571813822 1.610659599 0.104173452 0.739721537 0.475277960 -0.464834243
1311870452.768944 1.929115415 -0.571434021 1.616419196 0.103239045 0.741500556 0.474886477 -0.462602913
1311870452.800752 1.928011894 -0.573003352 1.620361805 0.102755331 0.741967142 0.474571496 -0.462285608
1311870452.837778 1.930086255 -0.576071739 1.623409390 0.102327481 0.742033064 0.473697007 -0.463170797
1311870452.868888 1.929645061 -0.576838613 1.625480533 0.102802716 0.742128372 0.473771036 -0.462837011
1311870452.900726 1.928399444 -0.576353610 1.631609559 0.102179714 0.744237781 0.472950995 -0.460420251
1311870452.938955 1.931602478 -0.579146147 1.635891557 0.101893589 0.745111823 0.473656297 -0.458340287
1311870452.968792 1.931852460 -0.580969274 1.641687989 0.101447068 0.745883405 0.475348949 -0.455422670
1311870453.000758 1.929009676 -0.578471661 1.645644426 0.100267984 0.745901108 0.476848125 -0.454085588
1311870453.040203 1.920817256 -0.581680715 1.652079105 0.099841475 0.746312261 0.477894723 -0.452400625
1311870453.068897 1.919544935 -0.584191740 1.656012535 0.098739326 0.746332347 0.478979826 -0.451460868
1311870453.106076 1.917301297 -0.585775197 1.658180594 0.098263495 0.746978343 0.479809999 -0.449610978
1311870453.137902 1.913013458 -0.587406039 1.662588954 0.098374300 0.748450458 0.479530632 -0.447431326
1311870453.169012 1.914346695 -0.590215027 1.664721608 0.099268623 0.749018073 0.478812367 -0.447052985
1311870453.208665 1.911554217 -0.591316223 1.671293736 0.099794850 0.750019014 0.478512406 -0.445576489
1311870453.239419 1.912859082 -0.592077494 1.675269961 0.098953366 0.750790834 0.479427069 -0.443476140
1311870453.269017 1.905789971 -0.589446545 1.681344032 0.097723328 0.751364172 0.481698632 -0.440304965
1311870453.305742 1.899997830 -0.594294190 1.683979392 0.098696679 0.750806749 0.483354807 -0.439222366
1311870453.340444 1.895931840 -0.595308959 1.689600945 0.099375010 0.750767708 0.485438615 -0.436831594
1311870453.368891 1.893902183 -0.595734537 1.693657160 0.099207014 0.749893665 0.487284303 -0.436315775
1311870453.408070 1.883323789 -0.598140597 1.700095892 0.104094483 0.748833656 0.487764627 -0.436461031
1311870453.437362 1.876132250 -0.603353918 1.704165578 0.107408509 0.748777747 0.488713115 -0.434689283
1311870453.468964 1.869499922 -0.605426729 1.710051179 0.106608093 0.750344098 0.490905255 -0.429686457
1311870453.508312 1.851368666 -0.606618345 1.715029836 0.106740184 0.752308071 0.491384059 -0.425653458
1311870453.536921 1.853132725 -0.610635877 1.715718627 0.102418467 0.754179478 0.489155978 -0.425969720
1311870453.568988 1.852231979 -0.617409527 1.722048283 0.099723712 0.757550538 0.486951232 -0.423144013
1311870453.609964 1.850993872 -0.618116319 1.726038694 0.097457975 0.760950387 0.484815538 -0.420012295
1311870453.636987 1.847043753 -0.621101201 1.727153659 0.096782491 0.762895584 0.483602911 -0.418033183
1311870453.668811 1.844792008 -0.617954433 1.735497713 0.094614722 0.765415728 0.481984913 -0.415785134
1311870453.708805 1.844821692 -0.617281616 1.741379976 0.094215348 0.766038239 0.481891066 -0.414837182
1311870453.736779 1.836198688 -0.617782593 1.744649529 0.095376432 0.766254783 0.481829911 -0.414242506
1311870453.768933 1.838927984 -0.621941864 1.746342301 0.093468830 0.766664684 0.482347935 -0.413315028
1311870453.808528 1.833259344 -0.622062445 1.749201894 0.092210196 0.767870426 0.483319789 -0.410212368
1311870453.836897 1.832300425 -0.624208152 1.750718355 0.091665193 0.769003093 0.482916385 -0.408684999
1311870453.905295 1.832214117 -0.628407478 1.754505515 0.096214287 0.770668089 0.482962549 -0.404426277
1311870453.936942 1.838566661 -0.628742337 1.754323959 0.097390585 0.771305919 0.484032154 -0.401640564
1311870453.969060 1.830342174 -0.623402178 1.759267569 0.099176154 0.772864878 0.485380769 -0.396547049
1311870454.006743 1.827872396 -0.624309838 1.761542201 0.100455962 0.773982167 0.485401273 -0.394012421
1311870454.036868 1.827628374 -0.624872565 1.761672616 0.101765171 0.775350511 0.484884828 -0.391614825
1311870454.069029 1.827155948 -0.626156509 1.761486888 0.103215992 0.777155519 0.484638005 -0.387945533
1311870454.108394 1.827769637 -0.624903023 1.764722466 0.103743546 0.779631972 0.484130651 -0.383443296
1311870454.137000 1.824969053 -0.624018729 1.768378854 0.105401419 0.781860411 0.483328611 -0.379444689
1311870454.168921 1.822714567 -0.625748932 1.771087885 0.105678335 0.783530712 0.483548582 -0.375622779
1311870454.208507 1.820146561 -0.627618730 1.774504542 0.105278976 0.785177529 0.484862298 -0.370568722
1311870454.236797 1.817275047 -0.627223909 1.778122544 0.105121985 0.786181211 0.486052543 -0.366907805
1311870454.269033 1.820088744 -0.627699792 1.779533267 0.104529291 0.787005723 0.485909522 -0.365496278
1311870454.308639 1.823243618 -0.631003559 1.782155275 0.103633285 0.787910283 0.487465769 -0.361710668
1311870454.336806 1.821082234 -0.630477607 1.784123302 0.103959605 0.789022028 0.488837630 -0.357315540
1311870454.369037 1.822378635 -0.632974684 1.788088560 0.106432363 0.790182412 0.488594800 -0.354343086
1311870454.408393 1.822386861 -0.632550240 1.792303801 0.106975704 0.791170835 0.490063488 -0.349918097
1311870454.436702 1.818692923 -0.630457044 1.796899915 0.106369026 0.792355776 0.491388053 -0.345536828
1311870454.468984 1.817579389 -0.633024037 1.801010013 0.106451519 0.792932510 0.492176563 -0.343057334
1311870454.506976 1.821582913 -0.635043502 1.804581404 0.106170371 0.793403566 0.493286163 -0.340451777
1311870454.536960 1.817460299 -0.636644959 1.808938384 0.106221974 0.794276655 0.494914174 -0.336008072
1311870454.605779 1.817703605 -0.637395144 1.819949627 0.103840850 0.795662224 0.496371031 -0.331292123
1311870454.636712 1.819427490 -0.639208615 1.824043155 0.102071039 0.795774698 0.497780830 -0.329451531
1311870454.669109 1.815460324 -0.638201416 1.831658125 0.099815235 0.796683967 0.498736769 -0.326486170
1311870454.708377 1.812916517 -0.641548276 1.834829688 0.098761328 0.796056807 0.500274599 -0.325983316
1311870454.736893 1.817068338 -0.640067637 1.837659836 0.095656037 0.795687437 0.501592994 -0.325785071
1311870454.769151 1.813854098 -0.640721202 1.842335820 0.094154924 0.795554221 0.503423154 -0.323718250
1311870454.804834 1.809411764 -0.645134270 1.848090768 0.094474413 0.795584559 0.504629493 -0.321665794
1311870454.837145 1.808895111 -0.648859322 1.850364327 0.094797812 0.795323849 0.505738795 -0.320470899
1311870454.869278 1.806930423 -0.650436819 1.856404424 0.093815155 0.796344340 0.506444037 -0.317094445
1311870454.904955 1.805520535 -0.649954200 1.860867977 0.092140943 0.797190964 0.507060170 -0.314462453
1311870454.936946 1.803712010 -0.650468946 1.864623904 0.090855822 0.797618985 0.507529378 -0.312990516
1311870454.969055 1.804743767 -0.652407169 1.868843555 0.088863589 0.798099875 0.507836938 -0.311835676
1311870455.004911 1.802679896 -0.653829634 1.871885896 0.087490126 0.798802435 0.507998168 -0.310158044
1311870455.036876 1.800600529 -0.656958401 1.873747230 0.086939223 0.799276888 0.508382261 -0.308456659
1311870455.068919 1.800375938 -0.658317268 1.877365232 0.086589657 0.800036848 0.508313358 -0.306693405
1311870455.105009 1.801269770 -0.659713745 1.880735636 0.085444018 0.800981879 0.508112311 -0.304875672
1311870455.136862 1.800998569 -0.660348535 1.883791685 0.084628038 0.801858544 0.507851601 -0.303228885
1311870455.169130 1.798831224 -0.661775470 1.885646105 0.084089756 0.802493393 0.507654369 -0.302027017
1311870455.205004 1.798881173 -0.664477766 1.889828324 0.083632991 0.803171277 0.506977439 -0.301488429
1311870455.236848 1.796533108 -0.667002320 1.892089486 0.083738744 0.803644896 0.507152915 -0.299897671
1311870455.269148 1.794842362 -0.668210864 1.893890619 0.083895765 0.804018915 0.507238507 -0.298704207
1311870455.304835 1.793977857 -0.667137504 1.896526575 0.083732165 0.804477751 0.506142378 -0.299373209
1311870455.336789 1.796192884 -0.669424415 1.900115132 0.082718164 0.804904759 0.505758584 -0.299155951
1311870455.369197 1.796335101 -0.669619203 1.903255224 0.083116308 0.805205107 0.505509853 -0.298657298
1311870455.404805 1.795132160 -0.671624660 1.902838588 0.083430670 0.805087388 0.506227732 -0.297669411
1311870455.436831 1.794337749 -0.669411421 1.907267570 0.081971593 0.806003153 0.506119370 -0.295774698
1311870455.469223 1.788880467 -0.671038508 1.907264471 0.082260333 0.806129575 0.506235540 -0.295150608
1311870455.504874 1.789454103 -0.673813224 1.908996940 0.082649715 0.806868374 0.504832089 -0.295426667
1311870455.537012 1.792023778 -0.676836133 1.908807635 0.083205424 0.807483912 0.504060209 -0.294906557
1311870455.569182 1.791359186 -0.676641047 1.913077950 0.083469726 0.808781624 0.502874255 -0.293296099
1311870455.604923 1.790004730 -0.677901804 1.914306521 0.084246300 0.808990180 0.502664566 -0.292857915
1311870455.637032 1.791762352 -0.676188946 1.917657733 0.083174780 0.809508324 0.501863837 -0.293105692
1311870455.669070 1.788433909 -0.677213967 1.918376684 0.084449120 0.809552550 0.501674950 -0.292942345
1311870455.704988 1.790400505 -0.676783741 1.920530796 0.083678432 0.810075700 0.501515031 -0.291989595
1311870455.736754 1.788501382 -0.675465107 1.920704365 0.083956838 0.810402513 0.501326680 -0.291325331
1311870455.769158 1.788587451 -0.676714480 1.922171712 0.084906995 0.810938239 0.500496984 -0.290985823
1311870455.804909 1.787872434 -0.679610550 1.924932957 0.085566849 0.811442077 0.500423431 -0.289510667
1311870455.836915 1.786430955 -0.680203676 1.926153064 0.085893475 0.811903775 0.500520289 -0.287947953
1311870455.869194 1.787522316 -0.676961124 1.926714540 0.084936045 0.812554419 0.499501199 -0.288166165
1311870455.905161 1.786739826 -0.677009523 1.928117990 0.084673628 0.812861264 0.499229342 -0.287848890
1311870455.937044 1.783935070 -0.678307354 1.929020524 0.084915392 0.813290596 0.499000400 -0.286960632
1311870455.969114 1.782142520 -0.678898931 1.928858876 0.085429326 0.813555360 0.498637408 -0.286688447
1311870456.005174 1.783006430 -0.678645253 1.932844162 0.084348753 0.814213932 0.498157024 -0.285972953
1311870456.036923 1.782439947 -0.680053413 1.932824016 0.084651530 0.814454615 0.497769892 -0.285872251
1311870456.069304 1.782667041 -0.680201769 1.934667230 0.084335595 0.814931512 0.497562230 -0.284966618
1311870456.105038 1.780728579 -0.680274546 1.934919953 0.084366336 0.815145969 0.497246146 -0.284895718
1311870456.136872 1.779503465 -0.681150377 1.937202096 0.084767334 0.815615594 0.496678174 -0.284422964
1311870456.169124 1.779399395 -0.680763185 1.937065601 0.084438883 0.816020489 0.496678531 -0.283356696
1311870456.204948 1.778658628 -0.681397796 1.938852191 0.084456325 0.816400468 0.496629387 -0.282341421
1311870456.236913 1.779783130 -0.681410432 1.940233827 0.084201075 0.816255629 0.496794552 -0.282545626
1311870456.269026 1.778342366 -0.681284726 1.942502856 0.084073059 0.816365540 0.496845990 -0.282175571
1311870456.304952 1.778467894 -0.680906773 1.943541408 0.083486490 0.816516936 0.497048438 -0.281554461
1311870456.336938 1.774910450 -0.681312025 1.943970561 0.084600292 0.816562712 0.497036129 -0.281110644
1311870456.369108 1.778401136 -0.683330238 1.944050670 0.084050313 0.816143870 0.497886270 -0.280987442
1311870456.405081 1.775843620 -0.681741357 1.947664261 0.084497228 0.816512644 0.498009652 -0.279559731
1311870456.436979 1.774294615 -0.682566822 1.949068189 0.084498070 0.816500366 0.498444021 -0.278820306
1311870456.469056 1.774786234 -0.681894183 1.951176763 0.084056996 0.816700220 0.498107791 -0.278969109
1311870456.504950 1.772584438 -0.682224751 1.950672030 0.085077256 0.816155553 0.498691916 -0.279210210
1311870456.536960 1.773508787 -0.683237970 1.952981591 0.085617371 0.816467881 0.497966766 -0.279426157
1311870456.568976 1.775923014 -0.684504092 1.954547048 0.084717132 0.816605866 0.498158783 -0.278954566
1311870456.605010 1.774658442 -0.684376299 1.955498457 0.084445238 0.816556454 0.498754472 -0.278116047
1311870456.636926 1.777230620 -0.684881806 1.958212614 0.083750896 0.816440701 0.499257118 -0.277763754
1311870456.669162 1.772303104 -0.685693622 1.958435655 0.084397271 0.815899849 0.500752389 -0.276462674
1311870456.704923 1.771164894 -0.684152663 1.962967992 0.082252391 0.816623986 0.500613749 -0.275219291
1311870456.737510 1.769261360 -0.685953677 1.963427544 0.081581719 0.816105902 0.501447022 -0.275438696
1311870456.769343 1.770710826 -0.687447906 1.963580966 0.080920473 0.815607965 0.501550376 -0.276916504
1311870456.805084 1.774124980 -0.687791765 1.965537071 0.080562487 0.815182984 0.501726329 -0.277951568
1311870456.837267 1.772940874 -0.688266635 1.967327356 0.080549814 0.814380467 0.503042102 -0.277929485
1311870456.869185 1.772193670 -0.688055992 1.970581293 0.080911160 0.813514948 0.504018426 -0.278589725
1311870456.904967 1.773488283 -0.688529313 1.970591426 0.081812881 0.811837614 0.505618215 -0.280315220
1311870456.937137 1.774251461 -0.687064588 1.973019481 0.081141949 0.811010182 0.507040143 -0.280336857
1311870456.969162 1.771084785 -0.685677826 1.972375631 0.082334973 0.809974313 0.508459508 -0.280413061
1311870457.005002 1.775962234 -0.688750803 1.971393824 0.081813909 0.808916390 0.510233998 -0.280396134
1311870457.037005 1.775480747 -0.686134517 1.973405957 0.082077205 0.808523118 0.511667073 -0.278837740
1311870457.069172 1.775014400 -0.687034965 1.972864389 0.082417220 0.807811379 0.512787163 -0.278742582
1311870457.105194 1.774938583 -0.687010586 1.971554041 0.082540564 0.807223439 0.514013708 -0.278149754
1311870457.137059 1.773094416 -0.683901072 1.970435619 0.082740285 0.807386577 0.514316618 -0.277054936
1311870457.169181 1.776147962 -0.682658672 1.970741510 0.081442155 0.808105528 0.514020383 -0.275890619
1311870457.205041 1.775158882 -0.682872534 1.971933365 0.081748858 0.808837712 0.513367057 -0.274868935
1311870457.237018 1.777205229 -0.684118986 1.972282767 0.082671702 0.809778094 0.511965334 -0.274438143
1311870457.269408 1.778395295 -0.682971239 1.971262574 0.083325796 0.810714304 0.511327624 -0.272659421
1311870457.305147 1.777839541 -0.682636261 1.970810413 0.084421910 0.811653078 0.510771573 -0.270563483
1311870457.337020 1.779895306 -0.682444036 1.970701814 0.085482255 0.811879277 0.510460794 -0.270137966
1311870457.369144 1.781480193 -0.681515336 1.970322013 0.086459570 0.811941504 0.510192752 -0.270146459
1311870457.405048 1.780787826 -0.679587543 1.970484734 0.086241089 0.812041879 0.510573983 -0.269192636
1311870457.437052 1.778851390 -0.678050756 1.967820525 0.086340085 0.811886728 0.511029422 -0.268764496
1311870457.469227 1.782093883 -0.678656995 1.965214491 0.085467443 0.811802983 0.511518002 -0.268366635
1311870457.505022 1.782587886 -0.680319905 1.961196065 0.086802416 0.811740398 0.512192488 -0.266836613
1311870457.536973 1.779353261 -0.680120945 1.959300876 0.088915773 0.812698007 0.511645734 -0.264262348
1311870457.569203 1.783922911 -0.680271566 1.957995534 0.088588022 0.813769162 0.510969162 -0.262378514
1311870457.605160 1.787046552 -0.679608941 1.959053874 0.088197045 0.814922154 0.510080516 -0.260654986
1311870457.637004 1.783611417 -0.677433133 1.957900643 0.089302614 0.815412879 0.509975553 -0.258943647
1311870457.669307 1.787034988 -0.675396621 1.959211349 0.088155910 0.816314399 0.509111583 -0.258195102
1311870457.705035 1.788009405 -0.678115129 1.957608342 0.088143684 0.816480577 0.509278417 -0.257343560
1311870457.737023 1.788786173 -0.677105606 1.956237078 0.088041767 0.816452205 0.509713352 -0.256606311
1311870457.769309 1.788859248 -0.676154673 1.955568552 0.087879218 0.816517055 0.509847224 -0.256189197
1311870457.805115 1.789377093 -0.674567044 1.956250906 0.087574922 0.816635251 0.509695172 -0.256219476
1311870457.837035 1.790529609 -0.674117863 1.956292748 0.087151356 0.816613615 0.509633660 -0.256554842
1311870457.869208 1.788939953 -0.674644291 1.954509497 0.087690122 0.816468835 0.509828687 -0.256444633
1311870457.905144 1.789191127 -0.674312174 1.956438899 0.088337444 0.817272246 0.508538485 -0.256224930
1311870457.937152 1.787973762 -0.674558938 1.953642488 0.089419939 0.817216039 0.508610725 -0.255885005
1311870457.969070 1.792155385 -0.673019111 1.956048131 0.087657943 0.818070173 0.507673621 -0.255626321
1311870458.005126 1.793564439 -0.674046278 1.953989029 0.087269999 0.817665756 0.508273602 -0.255860627
1311870458.037059 1.796284556 -0.675532162 1.954990149 0.086839251 0.817240596 0.509183824 -0.255555451
1311870458.069169 1.797997952 -0.675069034 1.954720020 0.087479308 0.816607714 0.510432541 -0.254868269
1311870458.105369 1.798811078 -0.671558917 1.957303882 0.087102048 0.817006886 0.510575593 -0.253427505
1311870458.137028 1.793081284 -0.671535492 1.954682827 0.089530706 0.816377580 0.510927558 -0.253899574
1311870458.169307 1.790840626 -0.670945346 1.955389261 0.091016032 0.816735327 0.509496272 -0.255094290
1311870458.205364 1.793189645 -0.673098922 1.954771042 0.092495725 0.816600084 0.508482575 -0.257010251
1311870458.237139 1.796529889 -0.673407555 1.956969857 0.094703428 0.816493094 0.507595241 -0.258297056
1311870458.269045 1.798373103 -0.670666158 1.960473299 0.095970720 0.816258490 0.507590771 -0.258579224
1311870458.305231 1.797559738 -0.670040488 1.962126851 0.096457452 0.815768957 0.508376420 -0.258399695
1311870458.337016 1.796850324 -0.665807247 1.965031862 0.094225459 0.815398872 0.509107888 -0.258950502
1311870458.369238 1.792922258 -0.666823387 1.963190913 0.094716623 0.814038992 0.509782910 -0.261707246
1311870458.405178 1.794744134 -0.670679808 1.961786509 0.095601067 0.812909365 0.509811819 -0.264822096
1311870458.437065 1.794275165 -0.672465444 1.961808443 0.096754946 0.812116742 0.510105550 -0.266265363
1311870458.469429 1.794559479 -0.673036635 1.963892102 0.096274108 0.812153935 0.509836853 -0.266840219
1311870458.505153 1.792922139 -0.672752261 1.963478684 0.096121572 0.811952412 0.509636819 -0.267888486
1311870458.537298 1.792183280 -0.675075233 1.964125872 0.094939545 0.812550008 0.508932292 -0.267837495
1311870458.569254 1.796603203 -0.677170694 1.965591431 0.092291772 0.813184321 0.508861244 -0.266971350
1311870458.605078 1.794550180 -0.676930726 1.967783809 0.091760695 0.813662827 0.508845031 -0.265724659
1311870458.637272 1.794297814 -0.678171337 1.967652440 0.091771640 0.813157082 0.509219468 -0.266550332
1311870458.670175 1.794121027 -0.677097678 1.969189286 0.091567330 0.812269390 0.509847760 -0.268121600
1311870458.705071 1.795528173 -0.675350130 1.972709060 0.090136126 0.811456621 0.510403872 -0.270002842
1311870458.737205 1.795211911 -0.677330613 1.972848058 0.091452666 0.809676647 0.511252522 -0.273278296
1311870458.769244 1.795194030 -0.676572084 1.974239469 0.092098139 0.808692634 0.511534631 -0.275438726
1311870458.805282 1.790276051 -0.677857757 1.973703980 0.093942627 0.808004797 0.512193501 -0.275610089
1311870458.837112 1.790473819 -0.677876472 1.975560546 0.093126759 0.808002591 0.512065589 -0.276130617
1311870458.869226 1.790470004 -0.676342547 1.976257920 0.094184197 0.807077348 0.511990488 -0.278605908
1311870458.905369 1.787993073 -0.677769244 1.975237966 0.096393250 0.805447400 0.512564719 -0.281496406
1311870458.937109 1.783654213 -0.675782919 1.974613786 0.097811908 0.804506481 0.512616932 -0.283594757
1311870458.969299 1.781733990 -0.675970793 1.975040913 0.098709837 0.803716421 0.512761295 -0.285258144
1311870459.005085 1.776667714 -0.674297094 1.975243926 0.099405624 0.803276598 0.512570560 -0.286594987
1311870459.037242 1.776036501 -0.677208364 1.971309423 0.101109214 0.801983714 0.512829185 -0.289145708
1311870459.069262 1.772521377 -0.675148308 1.972018600 0.101340115 0.801714182 0.512821674 -0.289824992
1311870459.105056 1.768475771 -0.673735619 1.971563458 0.101862445 0.801347315 0.512521923 -0.291183472
1311870459.137142 1.764633179 -0.674809456 1.969249845 0.103104927 0.800741553 0.512284756 -0.292825371
1311870459.169293 1.758813500 -0.673936844 1.967681646 0.103686467 0.800749898 0.512074172 -0.292965412
1311870459.205333 1.753491879 -0.673587382 1.965612292 0.103522658 0.800584316 0.511676908 -0.294167489
1311870459.237139 1.748034716 -0.672369480 1.960822582 0.103543065 0.800411582 0.510730386 -0.296267867
1311870459.269319 1.750109434 -0.673652411 1.957667828 0.100822322 0.800332963 0.510348380 -0.298071325
1311870459.305123 1.740274072 -0.673282743 1.956178904 0.099869236 0.800436795 0.509919524 -0.298846453
1311870459.337124 1.732868314 -0.673512101 1.952982426 0.099977024 0.800185263 0.508366644 -0.302111775
1311870459.369409 1.732179761 -0.677735567 1.949603319 0.098551892 0.800466239 0.506823480 -0.304419637
1311870459.405110 1.723992944 -0.680064321 1.945998192 0.097131923 0.801129162 0.506086528 -0.304358095
1311870459.437201 1.717282057 -0.678590119 1.942413449 0.095169879 0.802194357 0.503049195 -0.307194442
1311870459.469335 1.714608312 -0.683211625 1.939877868 0.093163349 0.803966105 0.498412460 -0.310715467
1311870459.505212 1.710906506 -0.689689398 1.936033130 0.092472248 0.804830730 0.496540785 -0.311678857
1311870459.537121 1.706513047 -0.689755440 1.934686303 0.091749534 0.806470990 0.492777467 -0.313619137
1311870459.569420 1.707819343 -0.691826999 1.935980320 0.089777365 0.807950914 0.488305479 -0.317353338
1311870459.605201 1.707530975 -0.697783053 1.934001088 0.088191785 0.808284521 0.485628933 -0.321034104
1311870459.637206 1.703516006 -0.702109456 1.929589033 0.087462120 0.808379769 0.484053612 -0.323364496
1311870459.669438 1.701531649 -0.707715154 1.930826545 0.087203898 0.809526086 0.481185645 -0.324843496
1311870459.705266 1.703368664 -0.714061499 1.930363178 0.087686598 0.809897602 0.479475439 -0.326313168
1311870459.737262 1.701662779 -0.715159118 1.930233598 0.088235505 0.810538709 0.477893919 -0.326892644
1311870459.769384 1.695632696 -0.719592750 1.930355310 0.089176536 0.811765671 0.475655884 -0.326857060
1311870459.805269 1.703100801 -0.720815539 1.938757896 0.085489266 0.814402819 0.472438246 -0.325947404
1311870459.837287 1.699070215 -0.723101854 1.940240741 0.085341334 0.815236986 0.470198601 -0.327137262
1311870459.869302 1.697566628 -0.733054221 1.939369440 0.086476743 0.815968394 0.467669249 -0.328637868
1311870459.905336 1.704668403 -0.739274859 1.947920799 0.084936149 0.818149090 0.465222806 -0.327086598
1311870459.937243 1.705567956 -0.741908550 1.954282403 0.083246835 0.819671214 0.465012163 -0.323994994
1311870459.969296 1.704253554 -0.742703974 1.961119175 0.080016620 0.820981443 0.464796335 -0.321793735
1311870460.005159 1.703737259 -0.744837701 1.969239831 0.075516254 0.821577549 0.464928061 -0.321169049
1311870460.037231 1.704711676 -0.749496281 1.979171395 0.072106756 0.821723759 0.465121627 -0.321298242
1311870460.069303 1.709521890 -0.756514192 1.986766100 0.070710793 0.821186900 0.466373950 -0.321165651
1311870460.105227 1.712521434 -0.761849463 1.995240927 0.070858859 0.820529222 0.468468755 -0.319762260
1311870460.137155 1.714328170 -0.765534699 2.005226612 0.070681036 0.820372224 0.470686883 -0.316934466
1311870460.169374 1.709620833 -0.765887618 2.016657829 0.070443377 0.820479989 0.472567946 -0.313894749
1311870460.205176 1.711183190 -0.766601622 2.027864218 0.069364071 0.820477068 0.472977817 -0.313525021
1311870460.237205 1.709764719 -0.769396782 2.038892746 0.069369271 0.819769621 0.474278361 -0.313409895
1311870460.269407 1.711467266 -0.774613976 2.051652193 0.069880374 0.818514585 0.476090819 -0.313828170
1311870460.305117 1.713113189 -0.777743995 2.061761856 0.069860950 0.816870332 0.478865147 -0.313895702
1311870460.337274 1.718559861 -0.776792943 2.075107813 0.067547873 0.815369606 0.481436968 -0.314369470
1311870460.369486 1.715994477 -0.780084908 2.082971334 0.066700697 0.812748909 0.485399663 -0.315241843
1311870460.405219 1.713991046 -0.777769089 2.097984314 0.063042797 0.811338544 0.487831652 -0.315872908
1311870460.437268 1.721143365 -0.780697167 2.110905409 0.058028322 0.808836401 0.490411669 -0.319237798
1311870460.469173 1.720013499 -0.781875432 2.122949123 0.053570133 0.806666493 0.493654937 -0.320506185
1311870460.505208 1.723645091 -0.789068460 2.129500628 0.052058365 0.801899195 0.499072254 -0.324306160
1311870460.537203 1.725262165 -0.797410190 2.138536453 0.056569334 0.796929896 0.504106939 -0.327992052
1311870460.569377 1.722480655 -0.796404660 2.150093317 0.060699500 0.794126332 0.506896257 -0.329750180
1311870460.605217 1.722905755 -0.796052158 2.154870987 0.063001901 0.791018724 0.509791195 -0.332314670
1311870460.637439 1.729562163 -0.796519756 2.167047024 0.065453961 0.788909495 0.510312796 -0.336033463
1311870460.669312 1.731472731 -0.798592567 2.171365023 0.067838892 0.786232829 0.512397230 -0.338651568
1311870460.705390 1.731762886 -0.794650316 2.179243326 0.070046172 0.784430504 0.513572276 -0.340596288
1311870460.737177 1.749098539 -0.794142127 2.186993122 0.069663078 0.782491088 0.514123917 -0.344283730
1311870460.769399 1.736801982 -0.790242612 2.201334715 0.077255942 0.779772758 0.516854286 -0.344742775
1311870460.805511 1.758468151 -0.789650500 2.195363045 0.076656997 0.774980247 0.520698786 -0.349860221
1311870460.837324 1.752266288 -0.798663855 2.196693659 0.084402308 0.770173013 0.526100636 -0.350610852
1311870460.869379 1.744305134 -0.793571115 2.210326910 0.088978551 0.768866956 0.528538048 -0.348674625
1311870460.905261 1.753338575 -0.784444451 2.199043989 0.091029815 0.765461683 0.531409562 -0.351263285
1311870460.937427 1.751742959 -0.784611225 2.200036526 0.096031517 0.764977336 0.530919552 -0.351727247
1311870460.969418 1.758117318 -0.781741500 2.206867456 0.096167147 0.766477704 0.528134227 -0.352615893
1311870461.005311 1.743117332 -0.790968180 2.212908745 0.100229166 0.766366899 0.527045548 -0.353353679
1311870461.037474 1.755627871 -0.790126443 2.211838722 0.094567381 0.765824676 0.523466706 -0.361320108
1311870461.069223 1.753246307 -0.799189270 2.216620207 0.092907600 0.765333593 0.519242525 -0.368808746
1311870461.105213 1.768212080 -0.799303412 2.214308977 0.086746305 0.764073908 0.513260424 -0.381090462
1311870461.137183 1.765226126 -0.803231418 2.217665434 0.086380295 0.762782454 0.508531153 -0.389996678
1311870461.169554 1.780079365 -0.805949330 2.216057301 0.082106203 0.761479616 0.503475726 -0.399899364
1311870461.205320 1.789189577 -0.804682791 2.219613552 0.078830786 0.761211574 0.498420656 -0.407332093
1311870461.237198 1.794947863 -0.806122065 2.219436884 0.076062992 0.760276854 0.494310945 -0.414548188
1311870461.269420 1.801491857 -0.814101040 2.217858791 0.075579762 0.758532643 0.490994960 -0.421710640
1311870461.305245 1.803153038 -0.816675007 2.217404127 0.075895429 0.756956518 0.487858564 -0.428077996
1311870461.337484 1.809804678 -0.820976555 2.215316772 0.076312363 0.754946470 0.485027254 -0.434719205
1311870461.369527 1.819490314 -0.823097169 2.220870256 0.075448774 0.754557073 0.480310917 -0.440740854
1311870461.405326 1.822164893 -0.826831818 2.218587875 0.075851142 0.753149092 0.477859557 -0.445716590
1311870461.437231 1.829115987 -0.832566738 2.215903997 0.076303154 0.751404345 0.476941109 -0.449551463
1311870461.469524 1.835098386 -0.836629987 2.214647055 0.078178912 0.749900579 0.475710779 -0.453030318
1311870461.505256 1.838135362 -0.840791047 2.211553574 0.080410168 0.748335302 0.475660414 -0.455275387
1311870461.537210 1.848586202 -0.841491640 2.212458849 0.080532469 0.748245478 0.473805755 -0.457330704
1311870461.569367 1.856468678 -0.842066467 2.212255716 0.079965763 0.748209834 0.472835034 -0.458491623
1311870461.605303 1.862360001 -0.843815386 2.209903955 0.080041915 0.747746348 0.472353160 -0.459729433
1311870461.637227 1.869925499 -0.845554471 2.211926460 0.077881694 0.748488963 0.471446514 -0.459822744
1311870461.669539 1.878351212 -0.847836554 2.209591627 0.075279810 0.748101354 0.471050769 -0.461290002
1311870461.705448 1.887169480 -0.849314749 2.210379362 0.073591851 0.748367667 0.468857110 -0.463360608
1311870461.737497 1.889493227 -0.852939487 2.211253166 0.072978839 0.748380423 0.467393488 -0.464913011
1311870461.769473 1.896031857 -0.855573535 2.212182522 0.072391070 0.748528361 0.464906186 -0.467254758
1311870461.805342 1.901257753 -0.858426750 2.213450909 0.073485225 0.748622179 0.462590009 -0.469228297
1311870461.837421 1.906006932 -0.861665785 2.213740349 0.074270152 0.748851836 0.460815847 -0.470482320
1311870461.869391 1.909454346 -0.862009048 2.218338013 0.073232628 0.749744534 0.458907694 -0.471087933
1311870461.905500 1.912100792 -0.862701654 2.217271090 0.070147820 0.749422073 0.458475649 -0.472489119
1311870461.937506 1.911085725 -0.865748882 2.218929052 0.068458989 0.749891698 0.457100481 -0.473323315
1311870461.969475 1.911767483 -0.872821093 2.216026545 0.067198321 0.750477672 0.456342816 -0.473306298
1311870462.005294 1.913811207 -0.873960733 2.215435982 0.065390907 0.752343893 0.454551071 -0.472319841
1311870462.037457 1.916362643 -0.877122939 2.220492363 0.064221658 0.755277932 0.451335013 -0.470879525
1311870462.069279 1.915202379 -0.882321775 2.214962244 0.064006574 0.756533742 0.449216843 -0.470918298
1311870462.105410 1.913585663 -0.886790991 2.217307091 0.061869450 0.759448647 0.446574420 -0.469021529
1311870462.137337 1.910888195 -0.890036345 2.218339682 0.060333092 0.762440503 0.442951739 -0.467801422
1311870462.169559 1.914783478 -0.895051122 2.220995426 0.057177823 0.765415549 0.438828051 -0.467225552
1311870462.205313 1.904897094 -0.906200051 2.221576691 0.058230486 0.767731965 0.435871422 -0.466061026
1311870462.237343 1.902344227 -0.911056697 2.224346638 0.056673780 0.770939052 0.431461990 -0.465060830
1311870462.273364 1.901863575 -0.919911802 2.219070196 0.054220967 0.773379803 0.428484231 -0.464052767
1311870462.305341 1.901578307 -0.926137447 2.223245621 0.052189372 0.776920319 0.424691528 -0.461852998
1311870462.337274 1.901311874 -0.928812206 2.228664637 0.049821697 0.780514896 0.420820802 -0.459591299
1311870462.373322 1.896543980 -0.935625553 2.235191107 0.048221517 0.783814430 0.418575078 -0.456184834
1311870462.405402 1.895947695 -0.942135990 2.228026390 0.044448830 0.784609556 0.418434232 -0.455329508
1311870462.437353 1.892983198 -0.948175788 2.233117580 0.040744226 0.787825584 0.415911138 -0.452425301
1311870462.473328 1.890578151 -0.952198744 2.238680124 0.036979802 0.791276038 0.412817299 -0.449551553
1311870462.505502 1.888129115 -0.957670808 2.243382692 0.034128740 0.794816554 0.409343541 -0.446698755
1311870462.537628 1.888067245 -0.964116693 2.241395235 0.031004285 0.797157943 0.407586664 -0.444354653
1311870462.573482 1.886661053 -0.968232274 2.242673874 0.029088687 0.799830437 0.406431615 -0.440724969
1311870462.605454 1.888205290 -0.975290120 2.241711855 0.027556246 0.802189648 0.406567216 -0.436389178
1311870462.637336 1.887219191 -0.978482127 2.247095346 0.025496125 0.805775046 0.405444711 -0.430918902
1311870462.673488 1.885037065 -0.980432689 2.247679234 0.022272350 0.808758616 0.405291766 -0.425619602
1311870462.705300 1.883439898 -0.986040235 2.251256466 0.021060746 0.812448561 0.403395772 -0.420423210
1311870462.737400 1.884405017 -0.988759637 2.250112057 0.020663096 0.815647483 0.402299851 -0.415267467
1311870462.773480 1.887243748 -0.992535591 2.253605366 0.021368487 0.819371581 0.401298314 -0.408819407
1311870462.805607 1.886284590 -0.993595958 2.253844023 0.021576162 0.822861969 0.401298612 -0.401736259
1311870462.837434 1.884184480 -0.993788540 2.256236076 0.021442749 0.826510906 0.400179207 -0.395318210
1311870462.873367 1.885152698 -0.998808622 2.256388426 0.021135770 0.829205513 0.400447488 -0.389375478
1311870462.937692 1.889374495 -1.000588655 2.256273746 0.020948088 0.834941685 0.400359511 -0.377022266
1311870462.973378 1.893834233 -1.001472831 2.257328749 0.020776598 0.838088393 0.399577707 -0.370828569
1311870463.005372 1.892450094 -0.999948144 2.260156631 0.020484794 0.841777503 0.399266809 -0.362735391
1311870463.037653 1.891113877 -1.000937104 2.256184340 0.021952573 0.844341815 0.399949372 -0.355872840
1311870463.073557 1.901862741 -0.999477327 2.255913973 0.019333052 0.847487867 0.399308711 -0.349203497
1311870463.137561 1.906738043 -0.996743023 2.257360220 0.019944033 0.853172064 0.399537325 -0.334767967
1311870463.173458 1.913349390 -1.001669168 2.249594927 0.021301718 0.854405582 0.401248276 -0.329449773
1311870463.205609 1.912827492 -0.995084643 2.249259233 0.019595364 0.857294202 0.401957393 -0.321080953
1311870463.237420 1.917453647 -0.995015562 2.244730949 0.019754274 0.859452546 0.402601600 -0.314424843
1311870463.273543 1.919709444 -0.989143074 2.251712322 0.018378643 0.862895250 0.401740581 -0.306069463
1311870463.305619 1.926797986 -0.988408506 2.249244452 0.017918130 0.864285409 0.402928948 -0.300562710
1311870463.337571 1.932015419 -0.986643732 2.243785858 0.019258911 0.865530193 0.403715253 -0.295804977
1311870463.373561 1.933770657 -0.985506654 2.242001534 0.020188447 0.867078662 0.405594260 -0.288548678
1311870463.405637 1.941073298 -0.981859565 2.234033108 0.017802767 0.867647231 0.408234179 -0.283224553
1311870463.437442 1.942505240 -0.975318789 2.230274200 0.013973621 0.868261218 0.410614431 -0.278070122
1311870463.473511 1.943684459 -0.974863648 2.224823475 0.012662981 0.868686736 0.411059141 -0.276140124
1311870463.505376 1.956922174 -0.973297834 2.219691992 0.009539496 0.868677735 0.411964655 -0.274941981
1311870463.537573 1.960516334 -0.970426738 2.216540575 0.008212173 0.869311571 0.413196951 -0.271105468
1311870463.573593 1.973435163 -0.972277462 2.207652807 0.009572348 0.869360983 0.413856953 -0.269893080
1311870463.605460 1.982707977 -0.966502905 2.205031633 0.011195073 0.870635748 0.413428754 -0.266354531
1311870463.637467 1.987167716 -0.964524209 2.200849533 0.013322736 0.871141553 0.414968789 -0.262175083
1311870463.705442 1.995639563 -0.958149731 2.189530373 0.014291020 0.871404946 0.417583972 -0.257046372
1311870463.737499 2.000741005 -0.954407334 2.187538147 0.014430010 0.871584892 0.417689174 -0.256256282
1311870463.805393 2.022614717 -0.953331232 2.179498911 0.015407649 0.870725453 0.420607269 -0.254341036
1311870463.837576 2.021265030 -0.949183226 2.175297976 0.017220408 0.870855987 0.421932757 -0.251567125
1311870463.873465 2.025930166 -0.942640781 2.177912712 0.016042463 0.871180296 0.422409058 -0.249716222
1311870463.905382 2.029695749 -0.939834893 2.174906015 0.016456390 0.870212018 0.423702359 -0.250871539
1311870463.937586 2.033707380 -0.937241316 2.173489094 0.016664796 0.869325578 0.424242377 -0.253009528
1311870463.973412 2.040067196 -0.933152139 2.171203613 0.017375147 0.867920578 0.425220430 -0.256124288
1311870464.005440 2.048480988 -0.930761635 2.174340963 0.017402420 0.867471576 0.424954981 -0.258076429
1311870464.037653 2.047242641 -0.927614629 2.169643879 0.018933062 0.865749538 0.426811904 -0.260673970
1311870464.105417 2.049089670 -0.923592448 2.169547558 0.019822141 0.863109708 0.428987086 -0.265741915
1311870464.137620 2.055257082 -0.923750520 2.167689800 0.020041974 0.861300468 0.430308670 -0.269433320
1311870464.205526 2.057564259 -0.918656349 2.167299986 0.021587348 0.858939409 0.432215035 -0.273765028
1311870464.237403 2.058149099 -0.919391811 2.169774771 0.022282807 0.858235538 0.432676613 -0.275183797
1311870464.273633 2.062259912 -0.916135848 2.169502258 0.021498322 0.857273519 0.433627158 -0.276744246
1311870464.305449 2.063513994 -0.914540946 2.169892788 0.021123884 0.856017947 0.435321420 -0.277996927
1311870464.337856 2.068330288 -0.911442876 2.169249058 0.020443408 0.854968131 0.436443061 -0.279515743
1311870464.373516 2.074462414 -0.912114978 2.166646957 0.020616787 0.853066862 0.439489543 -0.280536622
1311870464.405534 2.072329283 -0.905344963 2.173585176 0.021673366 0.853491127 0.439756632 -0.278742373
1311870464.437721 2.072267294 -0.906181991 2.170708656 0.023763243 0.853357852 0.440425247 -0.277923137
1311870464.473642 2.079459429 -0.903242767 2.175602913 0.023881881 0.853843749 0.440532058 -0.276246458
1311870464.505457 2.081437826 -0.897950649 2.176342487 0.023380963 0.852946877 0.443073630 -0.274992257
1311870464.537663 2.073687315 -0.893377781 2.177025080 0.023114495 0.851704419 0.445504755 -0.274937928
1311870464.605511 2.074399710 -0.892447829 2.170165300 0.021142442 0.846942425 0.450812250 -0.281086892
1311870464.637486 2.077403307 -0.890995264 2.171658754 0.021211894 0.845361292 0.451527268 -0.284670830
1311870464.673648 2.080849648 -0.888540268 2.170987844 0.021978714 0.843405783 0.453113228 -0.287875026
1311870464.737546 2.080774307 -0.891347110 2.168109894 0.026109073 0.840743840 0.455815077 -0.291033894
1311870464.773647 2.083609343 -0.891119659 2.168054104 0.028431837 0.840018988 0.456378162 -0.292025179
1311870464.837646 2.086734533 -0.886833489 2.174992561 0.031817108 0.839998782 0.457562953 -0.289872229
1311870464.873634 2.082656622 -0.882149756 2.176652670 0.034317832 0.838951647 0.459066004 -0.290242583
1311870464.905420 2.085225344 -0.879014790 2.178860903 0.035331227 0.838074088 0.459765375 -0.291546524
1311870464.937591 2.083440304 -0.873983622 2.183206797 0.035546791 0.837307751 0.460702747 -0.292241633
1311870464.973700 2.084649801 -0.874419510 2.185129881 0.036426321 0.835814476 0.462325037 -0.293841541
1311870465.005480 2.087722063 -0.871674478 2.187391996 0.037987474 0.834705949 0.463380516 -0.295129567
1311870465.037669 2.088523149 -0.871433854 2.186835289 0.040881969 0.833684385 0.465073943 -0.294966578
1311870465.073642 2.091196299 -0.872718394 2.189444542 0.043096278 0.833655477 0.465666801 -0.293795258
1311870465.105525 2.085971355 -0.870413840 2.193599463 0.044897433 0.833877504 0.466402739 -0.291720867
1311870465.137686 2.087235928 -0.868502200 2.196517467 0.046074048 0.833748877 0.466620862 -0.291556150
1311870465.173751 2.085612297 -0.867386043 2.199277401 0.047891226 0.833325326 0.467460871 -0.291128308
1311870465.205513 2.081529856 -0.868347347 2.202298403 0.049584005 0.832826018 0.469077528 -0.289669663
1311870465.237546 2.086554289 -0.863528311 2.203649521 0.049033716 0.831810176 0.470973700 -0.289605349
1311870465.305695 2.086344004 -0.857332170 2.208276987 0.052007563 0.828670800 0.474912524 -0.291647047
1311870465.337585 2.089100838 -0.856859982 2.212937832 0.051990844 0.826994061 0.477704376 -0.291849881
1311870465.373730 2.086072922 -0.853286326 2.216274500 0.053522173 0.825059652 0.480267048 -0.292840540
1311870465.405623 2.085591555 -0.850178063 2.216497183 0.055443168 0.822897494 0.482295066 -0.295224100
1311870465.437662 2.084527731 -0.849048376 2.217605591 0.057170887 0.820496500 0.485496193 -0.296328276
1311870465.473801 2.081866741 -0.848760545 2.221921206 0.059843708 0.818762660 0.488291174 -0.296003640
1311870465.537650 2.087684155 -0.843853891 2.223253250 0.065234773 0.814825177 0.493912876 -0.296402484
1311870465.573630 2.095303774 -0.832384467 2.231976986 0.067505635 0.814204693 0.494436145 -0.296726435
1311870465.605756 2.095969439 -0.827877522 2.235222340 0.070388749 0.812759101 0.496857047 -0.295974851
1311870465.637540 2.094316959 -0.827301681 2.236323357 0.071785405 0.810919464 0.500561774 -0.294439167
1311870465.673759 2.096055746 -0.820548773 2.241360903 0.072450697 0.809832394 0.502367437 -0.294192731
1311870465.705660 2.093852282 -0.820569873 2.238672018 0.075159349 0.807501793 0.505376399 -0.294765413
1311870465.737703 2.092593193 -0.817926049 2.237569809 0.076815285 0.805590510 0.508165181 -0.294773519
1311870465.773760 2.088575602 -0.816404045 2.239196062 0.080007896 0.804401875 0.509459019 -0.294936985
1311870465.837767 2.086786509 -0.814460874 2.240934610 0.083362311 0.801796377 0.512260199 -0.296247810
1311870465.873479 2.086530209 -0.811325192 2.242368221 0.083724141 0.801259816 0.512296677 -0.297531724
1311870465.905564 2.087680101 -0.813197494 2.241512060 0.084198192 0.800018489 0.513182700 -0.299206525
1311870465.937618 2.085295200 -0.809576571 2.242494583 0.084671557 0.799184263 0.513717234 -0.300382853
1311870465.973641 2.085087776 -0.807997763 2.245766640 0.085086189 0.799169183 0.513357460 -0.300920278
1311870466.005626 2.081336498 -0.811599612 2.243248463 0.087262854 0.798129797 0.514460325 -0.301172078
1311870466.037751 2.081838369 -0.809240341 2.246143579 0.086639710 0.798450828 0.514049947 -0.301201761
1311870466.073766 2.081123352 -0.807494819 2.243870020 0.086258419 0.798383474 0.513299346 -0.302765667
1311870466.105774 2.080773115 -0.810060322 2.243469954 0.086047225 0.798743308 0.512102425 -0.303901374
1311870466.137755 2.079843760 -0.812037349 2.240844727 0.086266056 0.798731387 0.511291564 -0.305233151
1311870466.173850 2.079306841 -0.810243011 2.245924234 0.085681722 0.800829291 0.508295238 -0.304904997
1311870466.205688 2.076669455 -0.815642595 2.241246700 0.084526435 0.801084399 0.508354187 -0.304458648
1311870466.237789 2.073344946 -0.818114281 2.234615326 0.083476789 0.801334321 0.507939517 -0.304782480
1311870466.273741 2.071757317 -0.819733024 2.234179020 0.081778936 0.802466512 0.506252468 -0.305070579
1311870466.305774 2.073672295 -0.823469877 2.231180906 0.079658248 0.803444028 0.504823983 -0.305425972
1311870466.337732 2.077445745 -0.821862161 2.231408119 0.078042462 0.805047214 0.502148390 -0.306031704
1311870466.373759 2.075134039 -0.823432982 2.232876539 0.077369198 0.806854427 0.499924332 -0.305082947
1311870466.405686 2.077610493 -0.825308800 2.228420734 0.076368928 0.807474911 0.498832554 -0.305480063
1311870466.437684 2.076683998 -0.824577808 2.228036880 0.075124159 0.808460891 0.497322083 -0.305643767
1311870466.473768 2.074581146 -0.827078044 2.227916479 0.074544340 0.809738517 0.495301008 -0.305685401
1311870466.537708 2.075894117 -0.831503093 2.221777678 0.071204647 0.811193526 0.492964983 -0.306399286
1311870466.573767 2.076793909 -0.832877100 2.221145153 0.071279295 0.812077403 0.490813106 -0.307493150
1311870466.605669 2.073807716 -0.833899200 2.216921091 0.070727885 0.812695801 0.489645362 -0.307848215
1311870466.638080 2.070851088 -0.838687181 2.215799809 0.069874600 0.813879311 0.487995714 -0.307535678
1311870466.673856 2.074357033 -0.838647425 2.217417479 0.068199039 0.815365314 0.484849721 -0.308948278
1311870466.705750 2.070332766 -0.839987218 2.211860418 0.069145769 0.815682292 0.482834727 -0.311049581
1311870466.737750 2.070645094 -0.842075229 2.211743832 0.068273954 0.817054570 0.479971945 -0.312069595
1311870466.773742 2.069657564 -0.846003532 2.209958553 0.066803493 0.818236470 0.478107989 -0.312152445
1311870466.805714 2.064915419 -0.849361360 2.207802296 0.066146955 0.818958461 0.476676494 -0.312587768
1311870466.837615 2.062148333 -0.849493384 2.206956387 0.065333538 0.820085883 0.473693967 -0.314332098
1311870466.873851 2.062446117 -0.856941640 2.204478264 0.063556187 0.820838869 0.471817464 -0.315551013
1311870466.905802 2.062588930 -0.857971847 2.206131935 0.061331119 0.822924852 0.467973202 -0.316282004
1311870466.937840 2.059632540 -0.863775432 2.202245712 0.060563028 0.823883414 0.466004223 -0.316841155
1311870466.973674 2.058166742 -0.865084827 2.202815056 0.058595736 0.825905204 0.462557822 -0.316997349
1311870467.005618 2.057495832 -0.864975095 2.204305410 0.055005230 0.827779591 0.459368587 -0.317389131
1311870467.037827 2.059322119 -0.872285008 2.200050354 0.053227063 0.828577697 0.456708729 -0.319441706
1311870467.073579 2.062109947 -0.875658214 2.198845625 0.052170865 0.829567075 0.453599900 -0.321471304
1311870467.105863 2.060315132 -0.881212950 2.197240591 0.052060585 0.830716968 0.450808316 -0.322445184
1311870467.137745 2.064324379 -0.883217454 2.199642658 0.050993219 0.831947684 0.447518736 -0.324021131
1311870467.173666 2.058094978 -0.884121060 2.198731422 0.051422149 0.832671046 0.445027679 -0.325522751
1311870467.206011 2.061663151 -0.887273550 2.197767496 0.051332377 0.833015978 0.442262709 -0.328409880
1311870467.237767 2.061874390 -0.887449563 2.199337482 0.051098533 0.833711505 0.439693451 -0.330126911
1311870467.273716 2.057173729 -0.891805172 2.194891930 0.051854037 0.833688080 0.438762844 -0.331304163
1311870467.305577 2.058408499 -0.895187020 2.194515228 0.052256186 0.834416926 0.436018497 -0.333024830
1311870467.337760 2.059431076 -0.896426082 2.193976402 0.052148715 0.835340321 0.433480233 -0.334038824
1311870467.373747 2.059020281 -0.899502635 2.192110538 0.052895669 0.835823357 0.432115734 -0.334480762
1311870467.406028 2.059197426 -0.900578797 2.192962408 0.052855562 0.836616218 0.430508554 -0.334577292
1311870467.438051 2.059780836 -0.899020672 2.197771311 0.051799495 0.837824345 0.427800804 -0.335191965
1311870467.473799 2.057838678 -0.901631474 2.196183681 0.051075153 0.838158786 0.426495969 -0.336128473
1311870467.505738 2.060672998 -0.904244184 2.196140051 0.049892258 0.838623464 0.424881786 -0.337189645
1311870467.537874 2.060748100 -0.907276571 2.192625761 0.049437039 0.838953793 0.423167765 -0.338587642
1311870467.573878 2.064176321 -0.907477558 2.194823027 0.048449073 0.839484692 0.421417534 -0.339596003
1311870467.605580 2.056765556 -0.909251511 2.192749977 0.050094809 0.839683473 0.420324713 -0.340219438
1311870467.637908 2.057788610 -0.911310792 2.195542336 0.049429510 0.840493619 0.418156058 -0.340987861
1311870467.673677 2.056037664 -0.914032400 2.190444946 0.050171137 0.840261519 0.417361379 -0.342422038
1311870467.705961 2.059084654 -0.914007068 2.187745094 0.049466904 0.839986444 0.416739583 -0.343953341
1311870467.737745 2.056962252 -0.914286375 2.186878681 0.050011039 0.840004742 0.415771335 -0.345000088
1311870467.773820 2.049849987 -0.913979769 2.186855555 0.050638184 0.840594351 0.414449304 -0.345063239
1311870467.805775 2.050042868 -0.914447546 2.188042879 0.049969405 0.841423273 0.413062543 -0.344803244
1311870467.837700 2.052851677 -0.916915894 2.185040474 0.049299676 0.841481805 0.412760675 -0.345117986
1311870467.873894 2.051984310 -0.915286481 2.187006474 0.049233232 0.842151165 0.411461383 -0.345046312
1311870467.905737 2.049614906 -0.917075574 2.187053680 0.049801249 0.842551708 0.410619706 -0.344989628
1311870467.937817 2.050548315 -0.916742265 2.184360266 0.047977678 0.842660904 0.410525978 -0.345092893
1311870467.973800 2.054191589 -0.914906800 2.185920000 0.045842197 0.842768252 0.409476370 -0.346365780
1311870468.005850 2.054095984 -0.915653944 2.183701992 0.045173392 0.842460871 0.408985734 -0.347778231
1311870468.037862 2.054451942 -0.918799043 2.180544615 0.046383258 0.842228115 0.408328742 -0.348952711
1311870468.073908 2.054893017 -0.923507273 2.180075884 0.047392279 0.842522383 0.408212095 -0.348242581
1311870468.105641 2.052820921 -0.918425739 2.181138039 0.047196362 0.843534052 0.406811982 -0.347457677
1311870468.137855 2.049221516 -0.921284378 2.179764509 0.047538012 0.843949795 0.405722052 -0.347675860
1311870468.173648 2.051509619 -0.921900749 2.180653334 0.046484448 0.844395757 0.404230028 -0.348472476
1311870468.205790 2.053344011 -0.923156977 2.178286552 0.046559505 0.844525516 0.403021842 -0.349545717
1311870468.237732 2.052293539 -0.923414648 2.179636240 0.045929153 0.845107138 0.402516693 -0.348804712
1311870468.305723 2.052056313 -0.925164819 2.176147461 0.045581538 0.845896721 0.401501119 -0.348106205
1311870468.337724 2.051579475 -0.926849127 2.176549911 0.044049513 0.846664488 0.401217937 -0.346760809
1311870468.373701 2.051286459 -0.925287843 2.176377296 0.042268932 0.847159863 0.400636673 -0.346444339
1311870468.405642 2.048299789 -0.928625762 2.175228596 0.042853996 0.847596705 0.399524450 -0.346588522
1311870468.437918 2.052406788 -0.927974999 2.174936533 0.042328387 0.847941816 0.398232907 -0.347294599
1311870468.473795 2.053066492 -0.929454505 2.175487757 0.042551521 0.847957790 0.398038864 -0.347450733
1311870468.505768 2.053424835 -0.928380072 2.174145937 0.042045482 0.847892404 0.398088038 -0.347615480
1311870468.537953 2.050376654 -0.930123985 2.175566196 0.041934337 0.848340571 0.397867739 -0.346786618
1311870468.573925 2.050275326 -0.931099951 2.173332453 0.041249149 0.848545492 0.397517949 -0.346768677
1311870468.605719 2.049547672 -0.931765854 2.175206184 0.040602144 0.849026740 0.397530407 -0.345650941
1311870468.637766 2.053081989 -0.932211936 2.174514055 0.039729919 0.848942041 0.398113698 -0.345288932
1311870468.673952 2.053512812 -0.929904878 2.173272610 0.039730906 0.848939002 0.398480326 -0.344873160
1311870468.705990 2.052099943 -0.930874646 2.172018766 0.040424369 0.849250853 0.398728669 -0.343735725
1311870468.737744 2.049347878 -0.929649472 2.174761772 0.040322606 0.850175381 0.398013383 -0.342288166
1311870468.773870 2.051427841 -0.931158662 2.173033476 0.039022122 0.850411355 0.397598475 -0.342334867
1311870468.805834 2.050349951 -0.931012750 2.172437191 0.038251314 0.850893199 0.396834135 -0.342111528
1311870468.837762 2.054823637 -0.931836247 2.172180176 0.037022460 0.851517618 0.395662040 -0.342050523
1311870468.874037 2.059326887 -0.931577265 2.173577070 0.036254976 0.851987243 0.395156801 -0.341547072
1311870468.905802 2.049005032 -0.930684805 2.175277472 0.037380926 0.852544606 0.395303816 -0.339860618
1311870468.937803 2.049527407 -0.930647612 2.174838305 0.037165340 0.852509797 0.394875258 -0.340469331
1311870468.973989 2.051708937 -0.931831181 2.174221516 0.037006434 0.852158964 0.394908190 -0.341325551
1311870469.005857 2.050421715 -0.931488514 2.173332691 0.037270509 0.852047920 0.394958913 -0.341515213
1311870469.037788 2.050555468 -0.932565391 2.174556732 0.037734695 0.852176905 0.394794315 -0.341332763
1311870469.073878 2.048041105 -0.931456387 2.173675776 0.038264547 0.852328658 0.394682199 -0.341024369
1311870469.105791 2.048991919 -0.929579496 2.176524639 0.037992388 0.852658689 0.394279271 -0.340695828
1311870469.137885 2.047569752 -0.930934370 2.174578428 0.038200863 0.852393866 0.394751698 -0.340787947
1311870469.173755 2.046614647 -0.930874884 2.173581600 0.038076736 0.852578223 0.394348115 -0.340808064
1311870469.205815 2.047579288 -0.931620061 2.174063921 0.037922263 0.852954268 0.393539816 -0.340818644
1311870469.237980 2.047037840 -0.934585571 2.172193527 0.038392734 0.852928221 0.393575877 -0.340789527
1311870469.273915 2.046772242 -0.933547914 2.173930645 0.038005367 0.853572726 0.392437965 -0.340531349
1311870469.305865 2.046901464 -0.933804452 2.173987627 0.037595198 0.853639543 0.392205000 -0.340677828
1311870469.337882 2.047489643 -0.936822414 2.171038389 0.038025279 0.853375316 0.392319083 -0.341160357
1311870469.373779 2.049569130 -0.934395015 2.173633337 0.036632080 0.854030490 0.391985357 -0.340055168
1311870469.405771 2.051622629 -0.935337543 2.172303915 0.036783364 0.854057789 0.392451346 -0.339432299
1311870469.437777 2.052716017 -0.934367180 2.173641443 0.037160948 0.854166448 0.392820656 -0.338689685
1311870469.473956 2.050064325 -0.933178246 2.171956301 0.037837699 0.854106426 0.393310308 -0.338197440
1311870469.505924 2.051331282 -0.930571556 2.174296856 0.036430962 0.854526997 0.393099517 -0.337533981
1311870469.538028 2.052294254 -0.930338919 2.173753262 0.035795022 0.854135990 0.393730491 -0.337856025
1311870469.573828 2.052606583 -0.931152523 2.173260450 0.036969323 0.853657365 0.393887877 -0.338754654
1311870469.605806 2.051823616 -0.930447280 2.174144030 0.037243910 0.853555322 0.394259185 -0.338549614
1311870469.637782 2.052232504 -0.930962205 2.174599648 0.036921889 0.853564441 0.394739270 -0.338002175
1311870469.673780 2.050951481 -0.930433929 2.172342777 0.036534701 0.853159308 0.395339429 -0.338365436
1311870469.706012 2.051585436 -0.929474294 2.174466848 0.035978254 0.853289425 0.395175099 -0.338288873
1311870469.737843 2.050006390 -0.927840471 2.173678875 0.035888400 0.853087485 0.395377249 -0.338571429
1311870469.773750 2.050621033 -0.928571999 2.174085379 0.035985272 0.852959931 0.395637453 -0.338578582
1311870469.805778 2.054985762 -0.930289865 2.174365759 0.035561971 0.852842271 0.395642370 -0.338913858
1311870469.837821 2.051163673 -0.928674221 2.174613237 0.035796884 0.852905929 0.395778954 -0.338569194
1311870469.873871 2.051843405 -0.929440796 2.175354958 0.035724409 0.852894545 0.396005392 -0.338340640
1311870469.905750 2.052714586 -0.928749919 2.173234463 0.035058569 0.852603734 0.396597654 -0.338449478
1311870469.937943 2.054030418 -0.929073155 2.174281836 0.034053441 0.852495253 0.396934897 -0.338430166
1311870469.973965 2.056107283 -0.929108858 2.174836397 0.033761453 0.852277040 0.396907985 -0.339039922
1311870470.005752 2.055124760 -0.927943170 2.175538063 0.034510519 0.852168500 0.396780163 -0.339386851
1311870470.037917 2.058838844 -0.929990411 2.175008059 0.034195513 0.851902246 0.397331953 -0.339441597
1311870470.073731 2.058991909 -0.927546740 2.176396370 0.033196848 0.852032244 0.397353798 -0.339188784
1311870470.105880 2.057851315 -0.928077638 2.176798820 0.033102300 0.851806581 0.397697270 -0.339362174
1311870470.137925 2.058407784 -0.927319109 2.176337481 0.032444578 0.851403117 0.398318619 -0.339709282
1311870470.174381 2.059375048 -0.928294301 2.175868273 0.032918170 0.851044595 0.398796946 -0.340000719
1311870470.205867 2.061481714 -0.929169178 2.175710917 0.033386227 0.850799561 0.399392575 -0.339869231
1311870470.237895 2.056738138 -0.925942183 2.178140640 0.033868663 0.851044357 0.399666160 -0.338885546
1311870470.273994 2.055257797 -0.927270055 2.176177502 0.033872832 0.850507975 0.400321782 -0.339457452
1311870470.305986 2.055828333 -0.926694512 2.177265406 0.033690434 0.850422859 0.400163919 -0.339874655
1311870470.337728 2.057306051 -0.926363111 2.178003788 0.033569932 0.850443006 0.399855107 -0.340199441
1311870470.373945 2.058837891 -0.927876830 2.176989079 0.034103550 0.850356162 0.399811685 -0.340414405
1311870470.405805 2.056463718 -0.927443683 2.176416159 0.034931909 0.850421309 0.400089741 -0.339840621
1311870470.437840 2.056189060 -0.926883101 2.175884962 0.034965731 0.850539505 0.400237620 -0.339366734
1311870470.474179 2.056050301 -0.924728036 2.177610874 0.033658251 0.850676894 0.400571197 -0.338760585
1311870470.505829 2.053923130 -0.926000476 2.177181959 0.034152087 0.850557506 0.400613666 -0.338960558
1311870470.538218 2.057373047 -0.926020503 2.177348852 0.034317020 0.850353539 0.400795072 -0.339241058
1311870470.573867 2.054289818 -0.925303042 2.175704241 0.034873866 0.850167990 0.401474714 -0.338845581
1311870470.605821 2.057037830 -0.926747262 2.173923254 0.035040006 0.850061297 0.401519805 -0.339042574
1311870470.638024 2.056934834 -0.925112844 2.175074339 0.035201125 0.850427091 0.401082277 -0.338626146
1311870470.673873 2.056068182 -0.926169932 2.173911810 0.035488766 0.850455761 0.401101112 -0.338501871
1311870470.705826 2.056396484 -0.925558209 2.175086498 0.035331942 0.850596189 0.400922090 -0.338377416
1311870470.738011 2.055944681 -0.924629807 2.176079035 0.035168681 0.850550473 0.400969326 -0.338453352
1311870470.773871 2.058756113 -0.925853431 2.175666094 0.034917619 0.850291669 0.401265442 -0.338778526
1311870470.805957 2.058040619 -0.924941123 2.176552534 0.034922615 0.850272775 0.401299059 -0.338785678
1311870470.838079 2.055632830 -0.924262106 2.176664591 0.035128571 0.850239277 0.401333749 -0.338807285
1311870470.873905 2.056658745 -0.925385475 2.177537918 0.035171155 0.850220978 0.401107162 -0.339116961
1311870470.905869 2.056029320 -0.923782468 2.178059340 0.035155959 0.850230575 0.400965482 -0.339262128
1311870470.937927 2.055612564 -0.924171984 2.178220749 0.035883725 0.850159168 0.400879443 -0.339466423
1311870470.973873 2.054714918 -0.923448563 2.178536892 0.035850246 0.850099087 0.400952846 -0.339533746
1311870471.005925 2.057481527 -0.922688603 2.179661036 0.035911191 0.850158930 0.400431365 -0.339992553
1311870471.037976 2.054839611 -0.922646821 2.177684546 0.036728390 0.849738955 0.400823623 -0.340492547
1311870471.073810 2.057167768 -0.923066735 2.179324865 0.035898063 0.849728525 0.401157290 -0.340214133
1311870471.106003 2.057851315 -0.921946347 2.178979158 0.035569966 0.849806368 0.400974333 -0.340269715
1311870471.138021 2.057372093 -0.923976898 2.179339647 0.035998218 0.849994063 0.400536060 -0.340272099
1311870471.174023 2.056427717 -0.923857689 2.178601265 0.035594501 0.850042701 0.400648624 -0.340060443
1311870471.205874 2.055716991 -0.924618304 2.178942442 0.035402104 0.850258827 0.400504321 -0.339710027
1311870471.238040 2.057599545 -0.923843086 2.178705454 0.035353906 0.850270391 0.400067896 -0.340199918
1311870471.273910 2.058113575 -0.923960209 2.179537296 0.035373025 0.850402951 0.399534643 -0.340493321
1311870471.305871 2.056911230 -0.924255133 2.180569649 0.035021096 0.850546360 0.399251878 -0.340503037
1311870471.337865 2.057043552 -0.924548328 2.180553436 0.034966704 0.850462973 0.398984551 -0.341029942
1311870471.373855 2.058675289 -0.924235225 2.181164503 0.034541864 0.850674033 0.398403585 -0.341225922
1311870471.405985 2.058867693 -0.924604595 2.181962967 0.034349635 0.850686193 0.398718834 -0.340846628
1311870471.441920 2.059580564 -0.924225450 2.180892706 0.034074381 0.850346088 0.399386883 -0.340940744
1311870471.473870 2.059775114 -0.922451615 2.181933641 0.034168873 0.850190878 0.399460346 -0.341232151
1311870471.505831 2.056995153 -0.924765170 2.181094408 0.035630416 0.849839926 0.399616122 -0.341774046
1311870471.542028 2.057881355 -0.923730671 2.181393385 0.035604537 0.849742413 0.399570286 -0.342072636
1311870471.574014 2.056579828 -0.923475027 2.180632353 0.035903480 0.849639535 0.399537563 -0.342335224
1311870471.605987 2.057377338 -0.923102021 2.181697369 0.035028111 0.849893987 0.398994118 -0.342427939
1311870471.641978 2.055669546 -0.923108160 2.181420803 0.034907859 0.849932671 0.398641646 -0.342754602
1311870471.674011 2.055568218 -0.923531890 2.180658817 0.034820080 0.849678755 0.398314923 -0.343771458
1311870471.706195 2.055978775 -0.924227476 2.180188179 0.035582356 0.849587500 0.397262633 -0.345133811
1311870471.742044 2.053794146 -0.924591541 2.180602551 0.035481937 0.849771082 0.396624058 -0.345426589
1311870471.773909 2.053725719 -0.924055934 2.180483580 0.035869423 0.849817932 0.395728499 -0.346297354
1311870471.805901 2.055296183 -0.923884451 2.179589510 0.035026070 0.849641442 0.395255268 -0.347355485
1311870471.841988 2.052192211 -0.924557149 2.178448915 0.035116751 0.849428356 0.394763589 -0.348425031
1311870471.874024 2.055376291 -0.926168323 2.177220345 0.034621589 0.849336326 0.394098967 -0.349449754
1311870471.905983 2.058022976 -0.924753845 2.177420855 0.034083121 0.849498391 0.393591583 -0.349680543
1311870471.942156 2.058356762 -0.925423741 2.176333427 0.033997733 0.849584579 0.393741876 -0.349310130
1311870471.973865 2.057772160 -0.924156904 2.175922632 0.033367194 0.849711001 0.394182056 -0.348566145
1311870472.006101 2.056595325 -0.924298108 2.175653219 0.032779679 0.849645078 0.394498557 -0.348424494
1311870472.042094 2.059031963 -0.922791839 2.175030470 0.031409983 0.849277258 0.394826084 -0.349075884
1311870472.074034 2.058434486 -0.922911048 2.173055410 0.032429758 0.848721862 0.394701302 -0.350471735
1311870472.105974 2.059276104 -0.921994150 2.171272755 0.033790339 0.848332763 0.394038022 -0.352028012
1311870472.142241 2.061697721 -0.921151280 2.172748089 0.034261048 0.848181963 0.394007921 -0.352379471
1311870472.174085 2.061159134 -0.920267999 2.170429230 0.034515057 0.847402573 0.395047128 -0.353065729
1311870472.205977 2.060390949 -0.921132267 2.168803692 0.034975555 0.847219586 0.395041883 -0.353465199
1311870472.241992 2.061936140 -0.921626091 2.165993690 0.034617580 0.847184420 0.395191878 -0.353416950
1311870472.274142 2.063221931 -0.921120048 2.165933609 0.033949833 0.847397864 0.395382315 -0.352756441
1311870472.305946 2.064440966 -0.919138789 2.164010048 0.033941876 0.847376466 0.394910693 -0.353336424
1311870472.341965 2.065299749 -0.917640090 2.164180517 0.034633588 0.847443461 0.394176275 -0.353928179
1311870472.373998 2.067613125 -0.915817499 2.162489414 0.034272719 0.847195446 0.394233286 -0.354493111
1311870472.406004 2.066758156 -0.915604413 2.159725904 0.033851072 0.846939325 0.394375205 -0.354987502
1311870472.442046 2.069568157 -0.914781868 2.159399986 0.032639578 0.847145975 0.393464595 -0.355617732
1311870472.473942 2.071127653 -0.917271435 2.155346155 0.033085059 0.846876323 0.393462718 -0.356220454
1311870472.506007 2.074282646 -0.915605903 2.155186176 0.032286715 0.847146749 0.392927885 -0.356240958
1311870472.542128 2.074676037 -0.913811564 2.153113604 0.032164201 0.846944749 0.392988116 -0.356665641
1311870472.573975 2.076699734 -0.912342846 2.150160789 0.032420848 0.846792340 0.392252952 -0.357811809
1311870472.605983 2.078394413 -0.910674274 2.147882700 0.032662962 0.846565247 0.391900271 -0.358712345
1311870472.642166 2.079318047 -0.911150396 2.144649267 0.033017341 0.846216381 0.391738832 -0.359678239
1311870472.673968 2.081340313 -0.909791708 2.143328667 0.032772422 0.846465707 0.390477806 -0.360484153
1311870472.705964 2.085608959 -0.908205986 2.140923023 0.031075420 0.846246839 0.390054464 -0.361604899
1311870472.742010 2.085336208 -0.906352520 2.139119864 0.030364610 0.845736563 0.389779598 -0.363152236
1311870472.774092 2.089189053 -0.906450033 2.135328054 0.030746002 0.844818056 0.388868839 -0.366221547
1311870472.805994 2.091330290 -0.906642616 2.130812168 0.032314908 0.843991935 0.389030755 -0.367815733
1311870472.841981 2.096254110 -0.906351805 2.128114939 0.033134047 0.843765676 0.389790446 -0.367457509
1311870472.874143 2.098264217 -0.904195249 2.125473738 0.034377340 0.843676448 0.390206575 -0.367106259
1311870472.905960 2.097428560 -0.901258290 2.121971607 0.034353793 0.843723536 0.390193790 -0.367013931
1311870472.941944 2.100867987 -0.899787605 2.118964195 0.032558285 0.843946993 0.390064478 -0.366801202
1311870472.974144 2.107697487 -0.901220679 2.115064144 0.032304794 0.843854666 0.390042841 -0.367058963
1311870473.006149 2.109490871 -0.901381612 2.114149809 0.034807079 0.844340503 0.389477521 -0.366312534
1311870473.042100 2.111657381 -0.895654321 2.109685421 0.035495721 0.844413936 0.389692217 -0.365848482
1311870473.073930 2.113015175 -0.894919574 2.110783100 0.036306448 0.845006406 0.389393389 -0.364717394
1311870473.106027 2.113607168 -0.891012549 2.108182430 0.035911683 0.844553947 0.389992207 -0.365164548
1311870473.142260 2.114255190 -0.891081274 2.105049372 0.035714086 0.843913436 0.390472680 -0.366149753
1311870473.174040 2.118745804 -0.889869034 2.100856543 0.034266196 0.843795598 0.390804619 -0.366205692
1311870473.206150 2.118061543 -0.886586607 2.100885153 0.032720633 0.844102919 0.391554296 -0.364835382
1311870473.242252 2.118252993 -0.886612415 2.098000050 0.031196311 0.843806267 0.392677933 -0.364447296
1311870473.274500 2.118646860 -0.882604480 2.097858667 0.029901467 0.843477607 0.393288791 -0.364657909
1311870473.306261 2.116827250 -0.883292735 2.095302343 0.030725826 0.842634857 0.393999189 -0.365769148
1311870473.342424 2.114479303 -0.882527769 2.092983007 0.032662362 0.841990054 0.394164592 -0.366906285
1311870473.374112 2.116117954 -0.880558848 2.091201305 0.033371795 0.841414750 0.394296080 -0.368019193
1311870473.406080 2.110197783 -0.879303098 2.090574741 0.035079382 0.840992987 0.394953966 -0.368118942
1311870473.442154 2.107561827 -0.875880957 2.087681532 0.034877140 0.840468228 0.395420134 -0.368835598
1311870473.474610 2.102088690 -0.872431040 2.086133480 0.034089707 0.840143025 0.395981371 -0.369047880
1311870473.506409 2.100883484 -0.873116612 2.082966089 0.032739419 0.839780390 0.396492690 -0.369446337
1311870473.542189 2.097297430 -0.870237827 2.079905510 0.032678716 0.839760303 0.396372676 -0.369626135
1311870473.574202 2.089932680 -0.869299531 2.075976372 0.034523167 0.840008080 0.396326065 -0.368944794
1311870473.606498 2.087433577 -0.868017852 2.075659037 0.035647228 0.841047287 0.395169348 -0.367709070
1311870473.642118 2.083705664 -0.865200639 2.073760986 0.036135994 0.841781855 0.394846678 -0.366324484
1311870473.674176 2.071877718 -0.863084555 2.070577621 0.038350772 0.842386305 0.394722939 -0.364840150
1311870473.706403 2.062041998 -0.861483991 2.067573547 0.040027004 0.843151629 0.392910808 -0.364848197
1311870473.742268 2.050575733 -0.858634710 2.064712286 0.038462210 0.844325900 0.389747381 -0.365693092
1311870473.774145 2.045913458 -0.860959589 2.062393427 0.036541138 0.844728589 0.386784375 -0.368098050
1311870473.806031 2.041191339 -0.860866010 2.058722258 0.035644952 0.845306456 0.382761210 -0.371052921
1311870473.842130 2.037201405 -0.860647380 2.057857513 0.034178946 0.846140325 0.379453540 -0.372684091
1311870473.874175 2.032330751 -0.862883508 2.056333303 0.030894445 0.846308768 0.378786534 -0.373266309
1311870473.906399 2.023269176 -0.863213539 2.052238464 0.029082900 0.846181929 0.377704114 -0.374793231
1311870473.942125 2.021359682 -0.862511158 2.049029350 0.026547739 0.846249104 0.376493633 -0.376045525
1311870473.974168 2.020425081 -0.862192512 2.047759295 0.024711011 0.846256375 0.376428336 -0.376219690
1311870474.006237 2.014964104 -0.859690785 2.045106888 0.024407383 0.845617115 0.376998693 -0.377104700
1311870474.042518 2.009002209 -0.860563874 2.042121410 0.024713617 0.845151901 0.377786815 -0.377338827
1311870474.074151 2.004864454 -0.861217499 2.039124966 0.023575012 0.845069885 0.378375024 -0.377005965
1311870474.106170 2.000536680 -0.860594392 2.038594723 0.022145066 0.845297694 0.378531873 -0.376424044
1311870474.142204 1.991775036 -0.858324230 2.037533283 0.021809837 0.845320821 0.378395587 -0.376528621
1311870474.174263 1.988672018 -0.859928071 2.034717560 0.021617850 0.844850242 0.378388584 -0.377601355
1311870474.206256 1.987439394 -0.856254637 2.034457684 0.021238882 0.844349861 0.378728986 -0.378399968
1311870474.242280 1.982311845 -0.855886877 2.031774759 0.022051971 0.843731701 0.379974395 -0.378483832
1311870474.274712 1.975565314 -0.854605913 2.029971361 0.021049390 0.843712628 0.380314767 -0.378241479
1311870474.306126 1.975100517 -0.852105856 2.028062582 0.017936502 0.843311906 0.380616575 -0.378991276
1311870474.342193 1.971938252 -0.849955976 2.028691053 0.016672822 0.842883170 0.381002218 -0.379614681
1311870474.374090 1.968781948 -0.848387361 2.027215958 0.015576137 0.841880441 0.381383747 -0.381498545
1311870474.406066 1.971387863 -0.849104047 2.024962664 0.014016347 0.840818882 0.381258160 -0.384017408
1311870474.442146 1.972708821 -0.848778725 2.025100470 0.013670377 0.840060115 0.381931990 -0.385019660
1311870474.474133 1.972524643 -0.845803678 2.024805307 0.013732497 0.839419246 0.382079035 -0.386267245
1311870474.506142 1.969525099 -0.843652487 2.020740747 0.013444772 0.838448644 0.381691039 -0.388760895
1311870474.542326 1.971480846 -0.841967881 2.020027637 0.012356606 0.837545633 0.380654812 -0.391748041
1311870474.574197 1.971977353 -0.843736529 2.015616655 0.012733341 0.836384714 0.380808115 -0.394060493
1311870474.606219 1.974517822 -0.844316721 2.013003349 0.013296450 0.835412264 0.380644947 -0.396256238
1311870474.642126 1.976666808 -0.841033101 2.011943579 0.014101579 0.834927976 0.379230857 -0.398598045
1311870474.674124 1.981731534 -0.838494122 2.010083675 0.014803085 0.833805919 0.378779113 -0.401341408
1311870474.706175 1.984168410 -0.839798868 2.004307270 0.016985759 0.832381487 0.378522098 -0.404442340
1311870474.742243 1.989354730 -0.837140977 2.001241684 0.017824300 0.831452250 0.378207862 -0.406605780
1311870474.774339 1.992385626 -0.835640788 1.997641683 0.020037249 0.830156982 0.378414124 -0.408950716
1311870474.806161 1.993892908 -0.834558606 1.990013480 0.022445386 0.828471363 0.378101230 -0.412517726
1311870474.842137 1.995331049 -0.833931863 1.986982584 0.023443256 0.827651262 0.376705766 -0.415375262
1311870474.874165 1.999926567 -0.831322432 1.983412385 0.021594964 0.826638699 0.375131607 -0.418901414
1311870474.906314 2.008613825 -0.832803071 1.979359865 0.020049898 0.825160325 0.373361766 -0.423449516
1311870474.942309 2.013442516 -0.832879126 1.974371076 0.020529492 0.823813975 0.371606052 -0.427572191
1311870474.974405 2.023396730 -0.831315219 1.970436335 0.021469574 0.822652757 0.370249659 -0.430925459
1311870475.006531 2.025408983 -0.829214275 1.969286680 0.023521867 0.822102487 0.369779617 -0.432269871
1311870475.042643 2.029486895 -0.829742074 1.964399338 0.024128199 0.820989311 0.370049864 -0.434116960
1311870475.074124 2.033955812 -0.825371265 1.961585760 0.023610566 0.820033014 0.369826168 -0.436138719
1311870475.106487 2.039220333 -0.824360132 1.957468867 0.022673916 0.818758547 0.370166928 -0.438288510
1311870475.142238 2.042907953 -0.823056042 1.952080727 0.021589125 0.817544758 0.370208502 -0.440567970
1311870475.174253 2.048652887 -0.823422968 1.945890784 0.020724354 0.816370726 0.370000243 -0.442954957
1311870475.206435 2.053992748 -0.822414458 1.943787456 0.021257170 0.815724969 0.369389236 -0.444626212
1311870475.242461 2.058757305 -0.819266737 1.939611077 0.021503260 0.815044820 0.368603617 -0.446509808
1311870475.274175 2.059265614 -0.815928519 1.937487721 0.021744443 0.814245462 0.368429691 -0.448097199
1311870475.306297 2.063949585 -0.814747334 1.934970617 0.020837603 0.813237488 0.367461979 -0.450757444
1311870475.342286 2.073140144 -0.813208342 1.932921529 0.019432265 0.811678946 0.367507219 -0.453583628
1311870475.374384 2.074902534 -0.813419580 1.928636074 0.020123696 0.810075164 0.367776483 -0.456194848
1311870475.406177 2.081104517 -0.810912609 1.924680233 0.020092862 0.808684468 0.367609084 -0.458791107
1311870475.442349 2.084118605 -0.810654461 1.920798421 0.021067666 0.807428300 0.368100643 -0.460562319
1311870475.474159 2.092763186 -0.807764649 1.919518113 0.020378157 0.806649864 0.367914438 -0.462103605
1311870475.506409 2.093123913 -0.802770019 1.918101668 0.020059193 0.806147397 0.367386371 -0.463412642
1311870475.542368 2.099291563 -0.803356171 1.915610552 0.019239269 0.805218399 0.367590010 -0.464898705
1311870475.574183 2.102964401 -0.803841591 1.912366867 0.019912448 0.804065406 0.368121922 -0.466442525
1311870475.606225 2.107517004 -0.800463140 1.913217068 0.019655911 0.803795636 0.368176967 -0.466874659
1311870475.642242 2.115258217 -0.800050974 1.911014915 0.020801179 0.802549362 0.369103909 -0.468235135
1311870475.674412 2.118305922 -0.797537565 1.910039067 0.022004113 0.801332533 0.370205760 -0.469392926
1311870475.706519 2.117531776 -0.793337762 1.912762880 0.021306604 0.800624132 0.370800734 -0.470163643
1311870475.742323 2.121675253 -0.791555345 1.911842465 0.020418461 0.798590600 0.371908069 -0.472779602
1311870475.774113 2.127551079 -0.791127980 1.910419106 0.020464163 0.796309769 0.372896522 -0.475836277
1311870475.806584 2.129201412 -0.791151822 1.909789801 0.023052869 0.794384837 0.373795539 -0.478224009
1311870475.842399 2.136336565 -0.792923570 1.908480048 0.024192408 0.792645335 0.374776632 -0.480281770
1311870475.874665 2.135782719 -0.787488759 1.914184928 0.023531094 0.791987717 0.375648111 -0.480718434
1311870475.907306 2.137161493 -0.787617743 1.918421388 0.023280969 0.790733218 0.376689881 -0.481978953
1311870475.942231 2.141694784 -0.789619982 1.921137094 0.023638379 0.789026797 0.377655178 -0.483998477
1311870475.974354 2.145789385 -0.790571988 1.917837501 0.024298970 0.787413180 0.378408045 -0.486001402
1311870476.006524 2.149068356 -0.794756055 1.921526670 0.023936005 0.787454844 0.379323870 -0.485237360
1311870476.042481 2.152019501 -0.796647489 1.926162243 0.022070654 0.787631333 0.379999340 -0.484510303
1311870476.074341 2.151868582 -0.802101374 1.929357767 0.021824647 0.787234068 0.380028129 -0.485144079
1311870476.106461 2.152364254 -0.802367091 1.933972597 0.020126313 0.787219346 0.378989756 -0.486052841
1311870476.142192 2.154066801 -0.807948530 1.936958313 0.019026307 0.787201464 0.379075378 -0.486059368
1311870476.175104 2.156923056 -0.809918046 1.941462398 0.018113410 0.787467778 0.378439218 -0.486158520
1311870476.206393 2.158583641 -0.815149307 1.946497202 0.018569460 0.787760258 0.377726793 -0.486221552
1311870476.242328 2.162452459 -0.815392375 1.952043056 0.016465174 0.788635075 0.377121806 -0.485348076
1311870476.274227 2.164482594 -0.819294393 1.957992435 0.015856426 0.789237082 0.377732068 -0.483913094
1311870476.306297 2.170299292 -0.816510260 1.964824200 0.016325716 0.789079785 0.377523452 -0.484316558
1311870476.342260 2.171291113 -0.818111479 1.970962524 0.018758349 0.788443685 0.378772229 -0.484289438
1311870476.374475 2.173008204 -0.820343494 1.975611925 0.019405216 0.787548900 0.381322026 -0.483718574
1311870476.406491 2.171552420 -0.817774355 1.982038617 0.019009328 0.786526501 0.383002788 -0.484069705
1311870476.442421 2.168126583 -0.824121058 1.986262560 0.021364659 0.785421610 0.383305401 -0.485523820
1311870476.474627 2.173666000 -0.825196981 1.991463423 0.022029603 0.784914732 0.382512242 -0.486937225
1311870476.506504 2.177672386 -0.826381862 1.995254993 0.021720093 0.784461439 0.383725584 -0.486726940
1311870476.542440 2.180354595 -0.827201366 1.998054385 0.022557091 0.784017086 0.384702623 -0.486633658
1311870476.574569 2.181786776 -0.829110384 2.003355980 0.022712769 0.783969939 0.386081606 -0.485609144
1311870476.606570 2.182824135 -0.824489057 2.008365631 0.020779373 0.783973157 0.387636334 -0.484450579
1311870476.642434 2.182754517 -0.827008247 2.008630753 0.021014886 0.783131003 0.389735609 -0.484118104
1311870476.674440 2.186373234 -0.827677131 2.013757467 0.021664849 0.783644259 0.389545441 -0.483411461
1311870476.706389 2.187145472 -0.831738532 2.015670061 0.024408046 0.783938348 0.390092731 -0.482361495
1311870476.742209 2.184850931 -0.831010222 2.020359039 0.024993727 0.784771621 0.390983015 -0.480250984
1311870476.774360 2.183812141 -0.829616249 2.019887447 0.025479201 0.784421861 0.391583294 -0.480307847
1311870476.806891 2.185022831 -0.828044116 2.023257017 0.025787814 0.784820974 0.390341789 -0.480649918
1311870476.842211 2.182460308 -0.830878019 2.021358252 0.026787573 0.784452260 0.390652180 -0.480944872
1311870476.874304 2.182728529 -0.831017435 2.024805069 0.026173061 0.785267115 0.390193701 -0.480020195
1311870476.906567 2.184688330 -0.829834163 2.025336981 0.025731619 0.785555363 0.389655650 -0.480009526
1311870476.942253 2.183333397 -0.830435872 2.024389505 0.026555009 0.785598457 0.389113843 -0.480333567
1311870476.974379 2.181471825 -0.828733206 2.026731730 0.024666954 0.785863638 0.388622522 -0.480398208
1311870477.006502 2.183105946 -0.829746425 2.025444031 0.023354987 0.785446405 0.387500852 -0.482049346
1311870477.042467 2.186358213 -0.829303741 2.022341490 0.022668632 0.785191000 0.385877699 -0.483797073
1311870477.074608 2.185209274 -0.830858409 2.018525600 0.022615060 0.785539210 0.385219604 -0.483758807
1311870477.106391 2.186977863 -0.830796659 2.016473055 0.021438431 0.786357164 0.384874254 -0.482757211
1311870477.142624 2.187713146 -0.827528238 2.016234875 0.020457277 0.787157357 0.384283692 -0.481965631
1311870477.174420 2.188274384 -0.828545570 2.010699272 0.020553984 0.786939800 0.384267539 -0.482329488
1311870477.206651 2.191430330 -0.825060964 2.007005692 0.019608365 0.787036121 0.384042025 -0.482391357
1311870477.242472 2.192567587 -0.824216664 2.001814842 0.019855324 0.786814570 0.384359360 -0.482489824
1311870477.274614 2.194853544 -0.820517063 1.996876955 0.019455085 0.786967039 0.383851767 -0.482661545
1311870477.306562 2.194888592 -0.821168303 1.990434051 0.019968096 0.786761165 0.384036511 -0.482829243
1311870477.342447 2.198164463 -0.819646120 1.984397173 0.019766651 0.786807895 0.383276284 -0.483365178
1311870477.375546 2.200531960 -0.817216039 1.978907943 0.019327575 0.786863029 0.382070601 -0.484246910
1311870477.406303 2.203758478 -0.814354002 1.973033071 0.020094898 0.786702275 0.380394578 -0.485793918
1311870477.442535 2.204960346 -0.816057682 1.963072300 0.022124669 0.786081493 0.379424542 -0.487466276
1311870477.474589 2.208493710 -0.812951863 1.955411792 0.022661619 0.785957098 0.377606213 -0.489051580
1311870477.506439 2.209864855 -0.809287071 1.949560165 0.022733618 0.786222875 0.375445396 -0.490283132
1311870477.542454 2.212671280 -0.809683383 1.942552567 0.022766544 0.786102891 0.373956203 -0.491610318
1311870477.576952 2.218334198 -0.807032704 1.932433844 0.022435429 0.785731494 0.372254401 -0.493507117
1311870477.606371 2.222857475 -0.803479970 1.923826218 0.021843832 0.785717249 0.371181309 -0.494363934
1311870477.642455 2.228306055 -0.800792933 1.916364074 0.021023782 0.785658836 0.370562464 -0.494956255
1311870477.674401 2.232505083 -0.797235250 1.906817913 0.019810559 0.785043001 0.370265424 -0.496204138
1311870477.706293 2.233847141 -0.793718338 1.898744702 0.020141549 0.784235358 0.369019538 -0.498391241
1311870477.742492 2.240381956 -0.793704808 1.890153050 -0.020737110 -0.783516467 -0.367775083 0.500413239
1311870477.774408 2.244252920 -0.790744901 1.879309893 -0.021747526 -0.782862723 -0.366179168 0.502559245
1311870477.806631 2.248580694 -0.784073114 1.874086261 -0.021946281 -0.782756448 -0.364144474 0.504191995
1311870477.842377 2.248484135 -0.782833934 1.866930604 -0.023942916 -0.782158732 -0.362940609 0.505893826
1311870477.874752 2.254483461 -0.776397467 1.860031724 -0.023384294 -0.781734943 -0.360966951 0.507982790
1311870477.906459 2.260198355 -0.769430399 1.854816079 -0.021986075 -0.780983746 -0.360164762 0.509766936
1311870477.942470 2.260819435 -0.770206034 1.843794942 -0.022152225 -0.779124916 -0.360474825 0.512378275
1311870477.974821 2.260633945 -0.766427636 1.839332700 -0.021747638 -0.778525829 -0.358913839 0.514398038
1311870478.006764 2.263669014 -0.769057512 1.832994342 -0.020917803 -0.778012276 -0.358783901 0.515299559
1311870478.042396 2.266429663 -0.766897380 1.826686740 -0.019654974 -0.777350664 -0.359297276 0.515989482
1311870478.074531 2.267465353 -0.764077902 1.823249102 -0.017754655 -0.776927888 -0.359738380 0.516387522
1311870478.106703 2.267536640 -0.762993872 1.817270279 -0.016778307 -0.776465714 -0.359263480 0.517444849
1311870478.142484 2.267386675 -0.762533128 1.809748769 -0.016460391 -0.776023328 -0.358252525 0.518817902
1311870478.174891 2.268764734 -0.763454258 1.802992344 -0.016869534 -0.776006460 -0.357233405 0.519532204
1311870478.206694 2.269527197 -0.758975923 1.797182798 -0.015856918 -0.776936948 -0.355254292 0.519530416
1311870478.243551 2.270801067 -0.758265972 1.792044163 -0.014492273 -0.777639270 -0.355119824 0.518610656
1311870478.274632 2.270211220 -0.757601440 1.791388392 -0.013790357 -0.778694510 -0.354568720 0.517422140
1311870478.307070 2.267207384 -0.756369352 1.784659982 -0.012797766 -0.778603613 -0.355271399 0.517102301
1311870478.342699 2.266169310 -0.754143476 1.781409025 -0.011155304 -0.778991103 -0.355023503 0.516726971
1311870478.377314 2.261184454 -0.754006922 1.776038170 -0.010327133 -0.778562725 -0.355209738 0.517261446
1311870478.407403 2.259469271 -0.754095674 1.770564198 -0.009734903 -0.778641343 -0.353743970 0.518158376
1311870478.442461 2.257862568 -0.753711343 1.762033701 -0.008960973 -0.779071271 -0.353070676 0.517985284
1311870478.474469 2.253188848 -0.753463149 1.759828448 -0.008430136 -0.780548275 -0.352338135 0.516266465
1311870478.506459 2.247811317 -0.752264082 1.755044103 -0.007546115 -0.781439781 -0.351306289 0.515634358
1311870478.542834 2.245864391 -0.749614656 1.753043532 -0.005718553 -0.782662272 -0.349373758 0.515116572
1311870478.574568 2.241189241 -0.750163913 1.748857260 -0.004699218 -0.783717811 -0.347643435 0.514692545
1311870478.606731 2.234761477 -0.751059353 1.742114902 -0.003362411 -0.785064936 -0.345657140 0.513987303
1311870478.642464 2.230329990 -0.749577582 1.739017725 -0.001033755 -0.786824346 -0.343321323 0.512871265
1311870478.674530 2.229186296 -0.748552859 1.737419486 0.001245784 -0.788288772 -0.341592968 0.511774898
1311870478.706522 2.222619295 -0.750895679 1.731696606 0.000624128 -0.788849890 -0.340708017 0.511501253
1311870478.742334 2.212785721 -0.751364350 1.726503015 0.000507239 -0.790487170 -0.337898940 0.510836601
1311870478.774702 2.206383228 -0.754906833 1.721636772 0.000736350 -0.792270899 -0.335094601 0.509919465
1311870478.806869 2.199035645 -0.755132139 1.718433380 0.001214763 -0.793906629 -0.331563652 0.509682536
1311870478.842335 2.196725130 -0.757072031 1.712525845 0.001979070 -0.794800282 -0.328881949 0.510024905
1311870478.874346 2.188400984 -0.758397460 1.708906770 0.002874518 -0.795729160 -0.327789545 0.509274900
1311870478.906787 2.182136536 -0.759777427 1.704472661 0.005639590 -0.796518862 -0.327326059 0.508314490
1311870478.942379 2.176434040 -0.761484087 1.701602697 0.009547433 -0.797336459 -0.326832563 0.507290721
1311870478.974461 2.166486025 -0.761699438 1.699437380 0.012688542 -0.798072994 -0.324953467 0.507270813
1311870479.006717 2.159742594 -0.763113499 1.697851062 0.015289897 -0.798385620 -0.322893649 0.508021951
1311870479.042444 2.157117844 -0.761693120 1.696967483 0.017808422 -0.798400521 -0.320524633 0.509414673
1311870479.074537 2.152590513 -0.763843417 1.693770528 0.017698755 -0.798211694 -0.319205880 0.510541260
1311870479.106848 2.150645256 -0.763834238 1.690320730 0.018080065 -0.798086882 -0.318872601 0.510931194
1311870479.142524 2.144798756 -0.762711883 1.689465404 0.018091494 -0.798435330 -0.319263279 0.510141790
1311870479.174444 2.139114857 -0.760926545 1.687071800 0.019977091 -0.798507988 -0.320080549 0.509445131
1311870479.207679 2.138013124 -0.758848906 1.685149074 0.022783883 -0.798316658 -0.320390254 0.509432495
1311870479.242400 2.135102272 -0.759582698 1.682920933 0.022727620 -0.797740936 -0.320286900 0.510400832
1311870479.274426 2.131688118 -0.759613752 1.680987477 0.021380709 -0.797248006 -0.320252776 0.511250019
1311870479.306571 2.128136635 -0.757979393 1.678694367 0.019846965 -0.796693563 -0.320504665 0.512017667
1311870479.342418 2.124427795 -0.755993545 1.678034782 0.020372046 -0.796404183 -0.321019769 0.512124598
1311870479.374488 2.122609377 -0.753180444 1.678105831 0.021242434 -0.795549631 -0.320687830 0.513623238
1311870479.406395 2.122919798 -0.751857102 1.674755454 0.022831429 -0.793899477 -0.320613712 0.516148388
1311870479.442501 2.122491837 -0.750247836 1.674045205 0.022865023 -0.792521954 -0.319966674 0.518659234
1311870479.474631 2.122847557 -0.746983111 1.670703411 0.022204243 -0.790990889 -0.319603443 0.521242678
1311870479.506430 2.124620676 -0.747724891 1.668048620 0.020541904 -0.789800227 -0.319887310 0.522939503
1311870479.542670 2.123972893 -0.741780341 1.665363908 0.020815428 -0.788867652 -0.320284337 0.524092019
1311870479.574634 2.126267672 -0.738431156 1.663998723 0.021009797 -0.787189186 -0.320601553 0.526408970
1311870479.606576 2.127995014 -0.738257647 1.657288671 0.020285508 -0.784535229 -0.321587592 0.529787123
1311870479.642434 2.130657673 -0.734849930 1.652715921 0.020835305 -0.783049226 -0.322248578 0.531559587
1311870479.674552 2.134481907 -0.734903395 1.645745635 0.020925961 -0.781529725 -0.323508888 0.533024728
1311870479.706653 2.137544870 -0.731309056 1.640952706 0.020567270 -0.780736089 -0.323067814 0.534467340
1311870479.742393 2.141071081 -0.727344215 1.637543440 0.019209670 -0.779905021 -0.322347790 0.536163211
1311870479.774537 2.143707752 -0.724538147 1.627866864 0.017109858 -0.778025746 -0.322158873 0.539070308
1311870479.806444 2.147397041 -0.724494100 1.624015808 0.015234863 -0.777324080 -0.321836710 0.540329635
1311870479.842582 2.150273561 -0.718628466 1.616821408 0.015587130 -0.775765777 -0.322005808 0.542454362
1311870479.874489 2.154883623 -0.717756152 1.612923026 0.014955759 -0.774446070 -0.321917355 0.544406772
1311870479.906588 2.159732103 -0.712878406 1.606186867 0.014188164 -0.772895038 -0.320768297 0.547302067
1311870479.942576 2.165492773 -0.715340376 1.600093126 0.011584141 -0.771445572 -0.319862604 0.549932182
1311870479.974540 2.172421694 -0.712595880 1.593673706 0.009301159 -0.770347416 -0.319279879 0.551850259
1311870480.006807 2.174466848 -0.710327804 1.588110805 0.006434388 -0.769764483 -0.319177538 0.552762985
1311870480.042660 2.179036379 -0.706631958 1.584298730 0.005188143 -0.769091725 -0.318653792 0.554013252
1311870480.074647 2.179640293 -0.704761386 1.582432628 0.005684708 -0.767614841 -0.319352835 0.555651844
1311870480.106439 2.184761047 -0.702851593 1.578980923 0.007732191 -0.765319288 -0.319376618 0.558771074
1311870480.142639 2.192628145 -0.697578728 1.572922945 0.008524260 -0.762794375 -0.318390965 0.562760413
1311870480.174537 2.198566437 -0.694364846 1.567849994 0.007176691 -0.761233032 -0.318052739 0.565079808
1311870480.206595 2.205576897 -0.691003799 1.564171553 0.005107200 -0.760107398 -0.318096191 0.566591024
1311870480.242572 2.208166838 -0.683058918 1.563350320 0.002151035 -0.759460688 -0.317913830 0.567578733
1311870480.274543 2.210620642 -0.686206818 1.562837481 -0.002860118 -0.758905947 -0.318080008 0.568224072
1311870480.306678 2.215089798 -0.680202782 1.558292031 -0.004027397 -0.757367253 -0.317430377 0.570628166
1311870480.342480 2.221870661 -0.676422417 1.557501197 -0.004270141 -0.755122244 -0.317449778 0.573583305
1311870480.374646 2.230093479 -0.674844861 1.553679109 -0.006225516 -0.752341151 -0.316946149 0.577485204
1311870480.406616 2.236698389 -0.669860840 1.548295975 -0.007271546 -0.749758005 -0.318521857 0.579960227
1311870480.442773 2.239605904 -0.669128895 1.546728492 -0.009208448 -0.748101890 -0.320528477 0.580964923
1311870480.474488 2.239399910 -0.664533913 1.546463728 -0.009810777 -0.746334076 -0.321027249 0.582949996
1311870480.506517 2.242616177 -0.663643181 1.546415687 -0.009565134 -0.744403660 -0.320752472 0.585567713
1311870480.542681 2.248129129 -0.665270329 1.547598720 -0.012015880 -0.742664635 -0.319587231 0.588361144
1311870480.575128 2.255466700 -0.661518753 1.542855859 -0.012431491 -0.740861773 -0.320818007 0.589953482
1311870480.610475 2.258501768 -0.658347905 1.541439056 -0.012330525 -0.740347147 -0.323231548 0.589283824
1311870480.642709 2.255927801 -0.658191621 1.542772293 -0.010183408 -0.739881039 -0.326723129 0.587983310
1311870480.674530 2.259543896 -0.656463683 1.546805382 -0.007814780 -0.739071190 -0.327753007 0.588464677
1311870480.710587 2.258958817 -0.662120521 1.551011801 -0.008832556 -0.738222957 -0.327612668 0.589592099
1311870480.742508 2.262756824 -0.666547418 1.547371030 -0.009576730 -0.737155557 -0.326787531 0.591371179
1311870480.775804 2.264870882 -0.663523972 1.548225522 -0.009351459 -0.736912787 -0.326041818 0.592088461
1311870480.810605 2.265560865 -0.663982928 1.552675843 -0.008556567 -0.737210870 -0.324956059 0.592326283
1311870480.842855 2.267690897 -0.667780519 1.554068327 -0.006123264 -0.737078965 -0.324927866 0.592535913
1311870480.874824 2.269805193 -0.668975294 1.556652188 -0.002770323 -0.736584604 -0.325302601 0.592970192
1311870480.910467 2.271020412 -0.673530459 1.557952523 -0.001778927 -0.736170888 -0.325311899 0.593482435
1311870480.942993 2.281444073 -0.674828768 1.563585162 0.000828194 -0.736522913 -0.325675428 0.592848063
1311870480.974607 2.280913591 -0.677644551 1.566616654 0.001118287 -0.736280978 -0.327656448 0.592056036
1311870481.010488 2.284312010 -0.679919124 1.570440888 0.002669650 -0.736324549 -0.328602463 0.591472268
1311870481.042482 2.287180185 -0.681891978 1.571622968 0.004669332 -0.736414254 -0.329084694 0.591079950
1311870481.075001 2.293143749 -0.682450652 1.577041984 0.005538978 -0.737164199 -0.329318404 0.590006590
1311870481.110534 2.297873974 -0.681628585 1.583156228 0.004184803 -0.737409115 -0.330647409 0.588967264
1311870481.142707 2.296800613 -0.683065116 1.587102652 0.000470069 -0.736793518 -0.332461029 0.588731468
1311870481.174606 2.296298504 -0.686484635 1.590735197 -0.000393408 -0.736307383 -0.334684014 0.588079810
1311870481.210715 2.294770956 -0.689558923 1.597022533 0.001026468 -0.736344159 -0.335885704 0.587347448
1311870481.242633 2.299180031 -0.690890551 1.600699306 0.002205034 -0.736001968 -0.335726798 0.587863743
1311870481.274974 2.305125952 -0.690746844 1.603191137 0.000886229 -0.736264706 -0.334418029 0.588283956
1311870481.310580 2.308706522 -0.690741718 1.604690671 -0.002327190 -0.737370312 -0.335014910 0.586553097
1311870481.344908 2.310241461 -0.689549983 1.608011246 -0.003905112 -0.739115894 -0.337004066 0.583198786
1311870481.374502 2.312197924 -0.689549804 1.610513091 -0.004905974 -0.740207791 -0.339303792 0.580466568
1311870481.410685 2.311569691 -0.688934684 1.617760181 -0.004790565 -0.741331220 -0.340424657 0.578373611
1311870481.442703 2.314216375 -0.686766624 1.624638915 -0.005255087 -0.741542816 -0.341063648 0.577721655
1311870481.474602 2.312921762 -0.685347438 1.627673268 -0.007090754 -0.740456581 -0.342283219 0.578373611
1311870481.510706 2.314936876 -0.682762921 1.633494020 -0.008694168 -0.739651203 -0.342716187 0.579125345
1311870481.542967 2.316220760 -0.684232056 1.636395931 -0.010921933 -0.737599909 -0.344471395 0.580660403
1311870481.574920 2.316670179 -0.684824407 1.634809256 -0.012905724 -0.735039771 -0.346818149 0.582466424
1311870481.610928 2.316107988 -0.683565378 1.633487582 -0.013401377 -0.733677268 -0.348453641 0.583196521
1311870481.642653 2.318190098 -0.684904397 1.634695530 -0.014344607 -0.733447254 -0.348920584 0.583184242
1311870481.674734 2.318079233 -0.684882283 1.634509563 -0.015017820 -0.733547091 -0.348945677 0.583026588
1311870481.710880 2.321261883 -0.682665706 1.633506060 -0.015125187 -0.733576715 -0.348521084 0.583240509
1311870481.742677 2.322919846 -0.684105337 1.631405950 -0.015712623 -0.733127296 -0.348908246 0.583558619
1311870481.774863 2.326481342 -0.682875812 1.631953955 -0.015549820 -0.733009994 -0.348667622 0.583853900
1311870481.810567 2.330024242 -0.680951595 1.627843380 -0.015525488 -0.732423246 -0.348369956 0.584767938
1311870481.842653 2.330808163 -0.681044698 1.626505256 -0.015621046 -0.732307971 -0.348562300 0.584795177
1311870481.876661 2.337089062 -0.679092109 1.625425577 -0.015149925 -0.732089341 -0.348391712 0.585182786
1311870481.910893 2.338377476 -0.675913334 1.625809789 -0.014558914 -0.731895566 -0.347649038 0.585881412
1311870481.942739 2.343720198 -0.673488975 1.622616410 -0.013395276 -0.731030166 -0.346350640 0.587755561
1311870481.974685 2.346091747 -0.670332134 1.617899895 -0.013755105 -0.729515195 -0.344547540 0.590682209
1311870482.010687 2.349702835 -0.671123624 1.612839580 -0.015326607 -0.728317916 -0.342381954 0.593373954
1311870482.042664 2.355876923 -0.668363988 1.610842109 -0.016433444 -0.727939069 -0.340543747 0.594865143
1311870482.074642 2.359943151 -0.663739622 1.606388688 -0.018674200 -0.726957440 -0.338949889 0.596906245
1311870482.111255 2.367908001 -0.664119542 1.599713922 -0.021582689 -0.725715220 -0.338997781 0.598290980
1311870482.142728 2.371400595 -0.661846340 1.593525529 -0.023634465 -0.725157499 -0.338849276 0.598973393
1311870482.174667 2.374780655 -0.661130309 1.582996607 -0.023757471 -0.724412441 -0.339863837 0.599295259
1311870482.210670 2.376445532 -0.657512546 1.577728391 -0.023174876 -0.724257171 -0.339328408 0.599808872
1311870482.242571 2.382247448 -0.656698585 1.569896936 -0.022216130 -0.723790288 -0.338378996 0.600944042
1311870482.274596 2.392923594 -0.650887609 1.564434528 -0.020883830 -0.723491251 -0.337195724 0.602016032
1311870482.310930 2.392532587 -0.648834109 1.556087136 -0.022650413 -0.722453117 -0.336389840 0.603647530
1311870482.342857 2.397555351 -0.646690309 1.553240895 -0.023695190 -0.722398043 -0.334846497 0.604530752
1311870482.374573 2.401188850 -0.642937124 1.541040063 -0.024101485 -0.720951974 -0.334593147 0.606378376
1311870482.410597 2.406627893 -0.642760754 1.536853433 -0.024466336 -0.720622718 -0.334354997 0.606886327
1311870482.442701 2.409568787 -0.637447476 1.530166984 -0.024094945 -0.719969749 -0.333660215 0.608057499
1311870482.474935 2.410275698 -0.635736704 1.521350384 -0.023664974 -0.719271541 -0.333991259 0.608718634
1311870482.510814 2.415387392 -0.631797969 1.518506527 -0.023614543 -0.719447792 -0.333577931 0.608738899
1311870482.542650 2.420722723 -0.625829518 1.515381932 -0.023673424 -0.719408333 -0.332967639 0.609117270
1311870482.574689 2.425297260 -0.623224258 1.512101531 -0.025085267 -0.719079196 -0.333113372 0.609369636
1311870482.610775 2.428074121 -0.619509161 1.503836751 -0.025502870 -0.717922628 -0.334478110 0.609968245
1311870482.642615 2.431284428 -0.614845097 1.495585561 -0.026029581 -0.716395557 -0.335989594 0.610909879
1311870482.675223 2.433856487 -0.612561643 1.495654225 -0.026627429 -0.715999782 -0.336544424 0.611042738
1311870482.710891 2.440957785 -0.609070241 1.489119649 -0.026803251 -0.714595318 -0.337777108 0.611998141
1311870482.742773 2.439512730 -0.606335521 1.482799768 -0.028227642 -0.713444173 -0.338582247 0.612831771
1311870482.774768 2.439649582 -0.604944348 1.479253054 -0.029931985 -0.712638259 -0.339701235 0.613069177
1311870482.810806 2.445564985 -0.599475622 1.475084186 -0.030706730 -0.711695075 -0.339417636 0.614282429
1311870482.842664 2.443856478 -0.598803699 1.471964836 -0.032355383 -0.711288095 -0.339764506 0.614477396
1311870482.875230 2.446854830 -0.595953822 1.470535636 -0.033131585 -0.711443722 -0.339229435 0.614551485
1311870482.910591 2.448129177 -0.594115078 1.466228724 -0.033725325 -0.711585581 -0.339135468 0.614406824
1311870482.942680 2.449839354 -0.592170715 1.461499214 -0.034505483 -0.711751461 -0.339311898 0.614073813
1311870482.975970 2.448653936 -0.592616498 1.458938718 -0.034855299 -0.712221801 -0.339849889 0.613210559
1311870483.011189 2.455265045 -0.589167595 1.453763127 -0.033804465 -0.712110937 -0.341340125 0.612570167
1311870483.042516 2.454251289 -0.588847816 1.453399301 -0.033948049 -0.712453008 -0.342750132 0.611375988
1311870483.076199 2.454123974 -0.586958110 1.448746920 -0.033623323 -0.712151289 -0.343826681 0.611140907
1311870483.110765 2.451218128 -0.584640503 1.448812008 -0.032917324 -0.712135971 -0.344884068 0.610601127
1311870483.143020 2.449384689 -0.585284650 1.445716977 -0.032667145 -0.711571515 -0.345000237 0.611206770
1311870483.174838 2.446722031 -0.586422741 1.442085385 -0.032823313 -0.710870504 -0.344981223 0.612024307
1311870483.210814 2.445585251 -0.584976614 1.440716267 -0.031985305 -0.711015105 -0.344446480 0.612201750
1311870483.242695 2.444735050 -0.584816873 1.441399932 -0.031014053 -0.711513460 -0.344466120 0.611661494
1311870483.276143 2.441372871 -0.582288027 1.437927008 -0.030160837 -0.710955560 -0.345337212 0.611861706
1311870483.311159 2.436251163 -0.582104564 1.435489178 -0.029975634 -0.710742593 -0.345546126 0.612000227
1311870483.342800 2.434054136 -0.581635416 1.437513947 -0.029806262 -0.711809874 -0.344551265 0.611328661
1311870483.375178 2.430101156 -0.581236184 1.434466362 -0.029992906 -0.711881459 -0.344694734 0.611155212
1311870483.410669 2.424534798 -0.582707465 1.431067705 -0.031072009 -0.712436616 -0.343000144 0.611407816
1311870483.442901 2.419698238 -0.581906259 1.428834200 -0.031783305 -0.713920951 -0.341156304 0.610670984
1311870483.476563 2.416324615 -0.579592764 1.430527806 -0.032215655 -0.716202140 -0.340033174 0.608600020
1311870483.511030 2.411934376 -0.579410195 1.429861307 -0.032121912 -0.717776835 -0.339934617 0.606802344
1311870483.542892 2.402428389 -0.583603144 1.427174211 -0.032027405 -0.719170272 -0.339681298 0.605297446
1311870483.576899 2.397757769 -0.586110592 1.422614217 -0.031339422 -0.720214069 -0.337940454 0.605066776
1311870483.610711 2.392026663 -0.585050166 1.421610713 -0.031394005 -0.722036302 -0.334320664 0.604903042
1311870483.642925 2.385866642 -0.587300181 1.420045853 -0.032399088 -0.723630846 -0.331726313 0.604372740
1311870483.675720 2.378896952 -0.586542010 1.417589545 -0.030416738 -0.725182533 -0.331344128 0.602823436
1311870483.711260 2.371350050 -0.592256844 1.416177988 -0.028252050 -0.726318717 -0.331698537 0.601364315
1311870483.742805 2.365370274 -0.591520727 1.412182570 -0.025310636 -0.727099001 -0.330200255 0.601376832
1311870483.774912 2.362524986 -0.591573298 1.409398317 -0.022588311 -0.728546500 -0.328437239 0.600698590
1311870483.810771 2.355322123 -0.592547774 1.407621861 -0.021700993 -0.729821801 -0.327440083 0.599726796
1311870483.842891 2.351479530 -0.593309879 1.405562758 -0.020687899 -0.731240332 -0.325841725 0.598904610
1311870483.877085 2.348381996 -0.593478918 1.405728340 -0.019305084 -0.732590258 -0.324568570 0.597991705
1311870483.911351 2.344063520 -0.594900429 1.405348182 -0.018050987 -0.733306706 -0.324046940 0.597435355
1311870483.943198 2.340748310 -0.593554974 1.400943160 -0.017172901 -0.733466148 -0.323548108 0.597535849
1311870483.975520 2.338856459 -0.594152927 1.399139881 -0.015909953 -0.734690130 -0.324205071 0.595708251
1311870484.011069 2.332544565 -0.595155716 1.395043612 -0.014774162 -0.735284984 -0.326391876 0.593806386
1311870484.042973 2.326109648 -0.593926072 1.392760515 -0.013966538 -0.735720038 -0.327428430 0.592715502
1311870484.075058 2.322002411 -0.592286050 1.393120050 -0.010734160 -0.736408412 -0.328151971 0.591526628
1311870484.110742 2.320556402 -0.592145085 1.392685533 -0.009412739 -0.736450791 -0.328686148 0.591199696
1311870484.142706 2.316641808 -0.591000974 1.390868306 -0.008862307 -0.736427903 -0.328500926 0.591339707
1311870484.176178 2.313213348 -0.588231981 1.389172554 -0.008392724 -0.736462712 -0.328407854 0.591354787
1311870484.210812 2.312986851 -0.588171244 1.387475133 -0.008260414 -0.735783041 -0.329065681 0.591836870
1311870484.242949 2.308843136 -0.585536242 1.384686470 -0.009213530 -0.734871387 -0.328264236 0.593398511
1311870484.276681 2.305977821 -0.586820066 1.382609129 -0.009815197 -0.734425843 -0.327703297 0.594249845
1311870484.310757 2.307641745 -0.583007812 1.377834797 -0.008939786 -0.733020604 -0.327902585 0.595886528
1311870484.342826 2.306282759 -0.581910253 1.377157569 -0.008932151 -0.731898487 -0.328156382 0.597124934
1311870484.375427 2.306147099 -0.578342438 1.372934937 -0.007291938 -0.730132103 -0.329739064 0.598436356
1311870484.410852 2.306347370 -0.574561000 1.366170526 -0.006078568 -0.727881134 -0.331061572 0.600458503
1311870484.442843 2.307295561 -0.575501740 1.362548947 -0.005962281 -0.726255536 -0.331596971 0.602130175
1311870484.477407 2.310822725 -0.570851147 1.355749249 -0.005633981 -0.723874748 -0.332112730 0.604710519
1311870484.510960 2.311667204 -0.568872511 1.349966407 -0.007989656 -0.722117007 -0.331476122 0.607129991
1311870484.543117 2.315326214 -0.565116942 1.343968272 -0.008555968 -0.720658720 -0.331943482 0.608597815
1311870484.574757 2.315853357 -0.562129796 1.338559508 -0.008936074 -0.718616784 -0.332463771 0.610719144
1311870484.611024 2.316791296 -0.558550119 1.333320022 -0.009771268 -0.716811717 -0.330996245 0.613617897
1311870484.642843 2.321250439 -0.556765735 1.326524973 -0.012415407 -0.714870214 -0.329123795 0.616833866
1311870484.674789 2.324248552 -0.554620206 1.317387223 -0.015168339 -0.712942004 -0.328229368 0.619474828
1311870484.710829 2.325119257 -0.549154162 1.309939861 -0.016080920 -0.711468041 -0.327677459 0.621435523
1311870484.745698 2.328283548 -0.545584261 1.305763245 -0.016890043 -0.709674478 -0.326857835 0.623891711
1311870484.776248 2.330613136 -0.542091191 1.297676563 -0.017200440 -0.707348406 -0.326205939 0.626858890
1311870484.810786 2.334607601 -0.539194524 1.291219831 -0.017222144 -0.705576301 -0.325332671 0.629304469
1311870484.842884 2.338377237 -0.536529124 1.283718348 -0.019433185 -0.703800142 -0.323223323 0.632308781
1311870484.875769 2.338915586 -0.533265531 1.275952816 -0.020552518 -0.701779544 -0.321848094 0.635214150
1311870484.910716 2.342901468 -0.527344882 1.265891433 -0.020556759 -0.699800968 -0.321333081 0.637652814
1311870484.944216 2.345640421 -0.523686469 1.261470437 -0.021146771 -0.698956907 -0.320428789 0.639012873
1311870484.975102 2.349989176 -0.521923780 1.254018784 -0.021735696 -0.697563887 -0.319519341 0.640967667
1311870485.010871 2.355171680 -0.520274222 1.243807077 -0.022761259 -0.696207881 -0.318875343 0.642724693
1311870485.043233 2.359134674 -0.517513692 1.237327337 -0.023719104 -0.695319772 -0.319008887 0.643584549
1311870485.074769 2.366605282 -0.507698774 1.230268836 -0.023329902 -0.694212914 -0.318287730 0.645148873
1311870485.110743 2.369588852 -0.502986848 1.224355817 -0.024565918 -0.693094492 -0.317988396 0.646451771
1311870485.142899 2.373924732 -0.500333548 1.217334747 -0.025164455 -0.692041934 -0.318823874 0.647144496
1311870485.178176 2.377315044 -0.493849367 1.210067749 -0.026241980 -0.690958619 -0.319061607 0.648141384
1311870485.210890 2.378916025 -0.489133924 1.202366829 -0.027201764 -0.689158201 -0.319368631 0.649865150
1311870485.249643 2.381987333 -0.489649296 1.199909329 -0.027931068 -0.688305914 -0.319737703 0.650555670
1311870485.275402 2.380667210 -0.486811846 1.195782542 -0.026622301 -0.686946690 -0.321386278 0.651234448
1311870485.310982 2.378026009 -0.490141213 1.195084929 -0.026436340 -0.685998380 -0.322962344 0.651462018
1311870485.345369 2.381838083 -0.490390509 1.188439250 -0.026029896 -0.684607744 -0.322641879 0.653097928
1311870485.375407 2.381645441 -0.487760097 1.185275555 -0.025801200 -0.684092402 -0.322546333 0.653693914
1311870485.411025 2.381326199 -0.485801607 1.184702873 -0.025610927 -0.684098303 -0.323342413 0.653301775
1311870485.445002 2.380275965 -0.483205587 1.181950212 -0.024648987 -0.683046281 -0.324523211 0.653853893
1311870485.476895 2.379622221 -0.481972545 1.179509401 -0.023906130 -0.681654036 -0.325009227 0.655091822
1311870485.510894 2.379876614 -0.480898917 1.175052166 -0.023287509 -0.679807007 -0.326174289 0.656452954
1311870485.546561 2.373975039 -0.479260236 1.173731804 -0.023605090 -0.678869486 -0.326921314 0.657039940
1311870485.575341 2.371858358 -0.479709357 1.167811871 -0.023990277 -0.678585589 -0.327087075 0.657236695
1311870485.612777 2.366702318 -0.480910152 1.165506840 -0.024863370 -0.678918839 -0.327601552 0.656603575
1311870485.643456 2.363474131 -0.475126445 1.162214041 -0.023766605 -0.679806650 -0.327169448 0.655940711
1311870485.676367 2.360510349 -0.475156248 1.157662749 -0.022987640 -0.681003809 -0.327569187 0.654525638
1311870485.714523 2.351724863 -0.478384018 1.158897042 -0.024216890 -0.683088899 -0.326759607 0.652710676
1311870485.744269 2.349581480 -0.472890496 1.152760029 -0.023181854 -0.684287548 -0.325698286 0.652022779
1311870485.776038 2.344506264 -0.474033445 1.153569579 -0.024699269 -0.686173379 -0.324835569 0.650413632
1311870485.814596 2.336860180 -0.473036438 1.148463011 -0.026478624 -0.686736345 -0.324450880 0.649941325
1311870485.844633 2.328280687 -0.473808974 1.149008751 -0.026912760 -0.689024150 -0.323149651 0.648147881
1311870485.875826 2.320052862 -0.478017747 1.145605206 -0.027584104 -0.690489650 -0.321132272 0.647562504
1311870485.914049 2.314811468 -0.482317448 1.142581463 -0.027941637 -0.692124188 -0.317916334 0.647388995
1311870485.946463 2.313111782 -0.482376933 1.142407298 -0.028235368 -0.694221497 -0.314927191 0.646591127
1311870485.976519 2.303715229 -0.478341639 1.140507460 -0.026510552 -0.695594907 -0.314212263 0.645535111
1311870486.014211 2.303309917 -0.479436696 1.137583017 -0.024738513 -0.696129560 -0.313696533 0.645279825
1311870486.043924 2.296821356 -0.481637537 1.134019852 -0.024438033 -0.696166396 -0.313000321 0.645589590
1311870486.077096 2.292682409 -0.482704252 1.134957075 -0.024085032 -0.697171390 -0.311627567 0.645182312
1311870486.114309 2.287543297 -0.484382957 1.132416964 -0.024043936 -0.697390854 -0.311152369 0.645175993
1311870486.146847 2.276407957 -0.481350422 1.133395791 -0.024244688 -0.697632313 -0.310942709 0.645008564
1311870486.176394 2.268773079 -0.481118172 1.130145311 -0.023840552 -0.697050393 -0.310414284 0.645906627
1311870486.215167 2.267783165 -0.482254118 1.129069448 -0.021774687 -0.696841538 -0.311525494 0.645669937
1311870486.247416 2.264784813 -0.485549420 1.124450445 -0.019396629 -0.695764780 -0.312580198 0.646396756
1311870486.277315 2.262119532 -0.489139020 1.121629953 -0.016518312 -0.695445120 -0.312742412 0.646742165
1311870486.314593 2.258670807 -0.485355347 1.118582726 -0.014822813 -0.694418788 -0.312131464 0.648179531
1311870486.344442 2.256120443 -0.487461269 1.116322994 -0.014543075 -0.693702340 -0.311699212 0.649160326
1311870486.374888 2.252655983 -0.486825109 1.112508893 -0.013758483 -0.692677557 -0.311414421 0.650407195
1311870486.410964 2.252248764 -0.487096608 1.108717084 -0.013408056 -0.692089200 -0.310726821 0.651369035
1311870486.446126 2.246931791 -0.485444844 1.105969071 -0.012617471 -0.691345274 -0.310633302 0.652218878
1311870486.475142 2.244056225 -0.485116512 1.104372978 -0.011958958 -0.690672457 -0.309757888 0.653359473
1311870486.513695 2.242991686 -0.484056324 1.097382426 -0.011549763 -0.689314067 -0.308030307 0.655614197
1311870486.544595 2.242111683 -0.483852088 1.093697190 -0.011363828 -0.688745499 -0.307817250 0.656314731
1311870486.577795 2.239008904 -0.482270300 1.088826895 -0.010804640 -0.687665284 -0.307371557 0.657664418
1311870486.614111 2.237276793 -0.480427742 1.083892941 -0.009169091 -0.685804665 -0.305726290 0.660393357
1311870486.644716 2.235533476 -0.480670422 1.079989314 -0.008605626 -0.683258891 -0.303252816 0.664169371
1311870486.677991 2.235950470 -0.484837353 1.070358157 -0.010233214 -0.679488957 -0.300024003 0.669459224
1311870486.713699 2.234429836 -0.484055102 1.062170982 -0.008660691 -0.677104712 -0.296878040 0.673288643
1311870486.747476 2.235046864 -0.484268427 1.058440924 -0.004546200 -0.676495254 -0.295074373 0.674732983
1311870486.775603 2.236162663 -0.487242281 1.051391840 -0.002294349 -0.674484968 -0.292311996 0.677951694
1311870486.814059 2.239938021 -0.487822592 1.040961742 -0.001677506 -0.670997739 -0.287799031 0.683323443
1311870486.843922 2.240189552 -0.489857674 1.028333545 -0.001529836 -0.668067873 -0.284029514 0.687757432
1311870486.876884 2.238809347 -0.488373667 1.022341609 -0.000974655 -0.666108310 -0.280045807 0.691283703
1311870486.910964 2.240660906 -0.489210606 1.010303140 0.000690313 -0.663523853 -0.276324362 0.695255697
1311870486.944171 2.243029356 -0.485468447 1.005209327 0.004940595 -0.663299203 -0.271615475 0.697305381
1311870486.974944 2.247962236 -0.491445512 0.999090910 0.006317574 -0.662935317 -0.268895984 0.698692918
1311870487.013483 2.251738548 -0.490614980 0.991367698 0.007667768 -0.661359906 -0.265475899 0.701474726
1311870487.045716 2.252911091 -0.491948128 0.979337096 0.008489884 -0.659782052 -0.261420876 0.704467654
1311870487.074835 2.258388281 -0.494405895 0.976140261 0.008672659 -0.660621166 -0.257785380 0.705018580
1311870487.113212 2.258241653 -0.490991771 0.965877593 0.010906160 -0.658868074 -0.255276263 0.707536578
1311870487.144542 2.262526751 -0.493439943 0.963860035 0.012045033 -0.658148527 -0.252388865 0.709221542
1311870487.174917 2.265922070 -0.495525599 0.961633265 0.012706760 -0.656828642 -0.248622745 0.711759388
1311870487.212424 2.269397974 -0.495790750 0.955842257 0.012959761 -0.654756606 -0.244206950 0.715184450
1311870487.250248 2.265938759 -0.492091358 0.946385264 0.013376182 -0.652566075 -0.240957320 0.718274474
1311870487.274881 2.270826817 -0.493128747 0.940648973 0.012895748 -0.651315391 -0.237880647 0.720440626
1311870487.314494 2.277553320 -0.494910091 0.928532064 0.013986890 -0.649479210 -0.236378610 0.722569227
1311870487.343317 2.281452656 -0.492546260 0.926584959 0.016733738 -0.648458421 -0.234978139 0.723883271
1311870487.375022 2.283451796 -0.484870493 0.920543373 0.020993141 -0.645974576 -0.234550878 0.726128101
1311870487.412400 2.289550543 -0.484287083 0.914688170 0.022366609 -0.643696070 -0.233918414 0.728311241
1311870487.443194 2.290346861 -0.482530475 0.916409314 0.021511590 -0.643130183 -0.233098075 0.729099512
1311870487.475038 2.291588545 -0.482653290 0.899626732 0.019934980 -0.640755177 -0.234060153 0.730924904
1311870487.514023 2.291820526 -0.472286999 0.899899900 0.020709723 -0.640212893 -0.236248046 0.730674624
1311870487.544312 2.289612532 -0.466917396 0.892236888 0.019279463 -0.638453245 -0.236905918 0.732039154
1311870487.575002 2.299642563 -0.465975642 0.883939981 0.017755650 -0.637049556 -0.238914907 0.732647419
1311870487.611318 2.300099373 -0.466655701 0.886664510 0.014436957 -0.637180209 -0.238377601 0.732781768
1311870487.643614 2.298587084 -0.459133089 0.886076033 0.014540549 -0.635833681 -0.240466118 0.733266771
1311870487.674996 2.299356461 -0.451298565 0.884354234 0.013812624 -0.634491086 -0.241940394 0.733958542
1311870487.710972 2.300580978 -0.453103483 0.880919099 0.011298100 -0.633983254 -0.242952988 0.734105885
1311870487.743421 2.300005674 -0.454358727 0.884138405 0.010174035 -0.634058475 -0.244662553 0.733489335
1311870487.775194 2.298939943 -0.450261235 0.878579497 0.010868100 -0.632308602 -0.245700896 0.734641910
1311870487.811083 2.307259560 -0.446026444 0.873050153 0.012139353 -0.630778790 -0.247078344 0.735474706
1311870487.844713 2.302258253 -0.444785357 0.875645339 0.010776758 -0.630323648 -0.248580635 0.735379875
1311870487.875006 2.298345089 -0.438492745 0.871601522 0.010417642 -0.629629731 -0.249329001 0.735726118
1311870487.912913 2.301776409 -0.442776412 0.872711658 0.009088326 -0.630484819 -0.250829995 0.734500229
1311870487.944520 2.298959494 -0.439165652 0.878393769 0.008253669 -0.630938470 -0.250698864 0.734165251
1311870487.975028 2.294520140 -0.437310010 0.875495315 0.008975257 -0.630105734 -0.251230508 0.734690011
1311870488.013400 2.297290802 -0.433616340 0.873596489 0.011473793 -0.629729629 -0.253719687 0.734122097
1311870488.045647 2.296093464 -0.432129741 0.872910321 0.010634212 -0.629708409 -0.254576147 0.733856380
1311870488.075044 2.296190500 -0.419794172 0.867798686 0.010559153 -0.630196154 -0.256089717 0.732911587
1311870488.114438 2.295205116 -0.419780165 0.868926167 0.006284520 -0.632484078 -0.258923024 0.729988515
1311870488.143525 2.289390326 -0.416299015 0.876217186 0.002822534 -0.634442866 -0.263932735 0.726507962
1311870488.175287 2.284196615 -0.416665703 0.875013828 -0.001032491 -0.634633183 -0.264846355 0.726013780
1311870488.215548 2.280994415 -0.416800767 0.872584462 -0.003436153 -0.634634256 -0.264706165 0.726056635
1311870488.243035 2.277358532 -0.408553839 0.873894811 -0.004114486 -0.634712398 -0.266785949 0.725223064
1311870488.275181 2.273532152 -0.410183370 0.870834708 -0.007744756 -0.634396851 -0.268502444 0.724835873
1311870488.314277 2.269874096 -0.405519217 0.873090506 -0.011389528 -0.635882914 -0.268905133 0.723334789
1311870488.343231 2.262357950 -0.402367324 0.869949937 -0.012669182 -0.636154532 -0.272165358 0.721853793
1311870488.375053 2.263156891 -0.399272799 0.876339197 -0.012020694 -0.637405753 -0.274129599 0.720015526
1311870488.413716 2.258882046 -0.401255161 0.875864744 -0.013252397 -0.635822773 -0.275929391 0.720705748
1311870488.443189 2.254924774 -0.395566046 0.878083348 -0.013736543 -0.634288132 -0.276165515 0.721957445
1311870488.475126 2.253067970 -0.397608995 0.878281713 -0.014988565 -0.632928967 -0.278423458 0.722258031
1311870488.513911 2.252526522 -0.391486526 0.879822671 -0.014229781 -0.631398141 -0.280425876 0.722838342
1311870488.543135 2.250450611 -0.394156009 0.880917549 -0.017926186 -0.630660474 -0.280489951 0.723375022
1311870488.575150 2.247595549 -0.389627159 0.883478403 -0.020518798 -0.630262971 -0.280842125 0.723515928
1311870488.614782 2.248270273 -0.390629202 0.883096635 -0.022599507 -0.629741192 -0.282353967 0.723319829
1311870488.642988 2.244262457 -0.387941629 0.888042271 -0.023692641 -0.629177034 -0.283524543 0.723317862
1311870488.675182 2.239594698 -0.381869167 0.887626112 -0.023212438 -0.627085924 -0.285029382 0.724556923
1311870488.714949 2.235066652 -0.383158267 0.890706480 -0.023078822 -0.625388384 -0.286514401 0.725442111
1311870488.742973 2.236284256 -0.384873003 0.889094651 -0.021920327 -0.623478413 -0.288446516 0.726355851
1311870488.774991 2.235185862 -0.378465801 0.887736797 -0.021731816 -0.621487796 -0.288697094 0.727966130
1311870488.813158 2.237324238 -0.380361229 0.890097439 -0.024210198 -0.620474517 -0.288615197 0.728784263
1311870488.843027 2.236997366 -0.376937002 0.891829550 -0.025184676 -0.618854940 -0.289942831 0.729600906
1311870488.875180 2.237136364 -0.374377936 0.889414132 -0.025235465 -0.615763843 -0.292805851 0.731069624
1311870488.914190 2.238473415 -0.371603310 0.887783110 -0.025444631 -0.613116443 -0.293806583 0.732883692
1311870488.943145 2.240226984 -0.370461702 0.886824548 -0.025836030 -0.611399233 -0.295684934 0.733548880
1311870488.975055 2.240610123 -0.366262168 0.883503973 -0.026487662 -0.609043121 -0.297081679 0.734919965
1311870489.015230 2.242469788 -0.358448207 0.885995686 -0.027465694 -0.606889367 -0.297421485 0.736526549
1311870489.042989 2.239109516 -0.357555419 0.887769461 -0.031019354 -0.604396880 -0.296711534 0.738718092
1311870489.075006 2.246656418 -0.353038639 0.884403765 -0.032260645 -0.601886272 -0.297441900 0.740419090
1311870489.114834 2.248927832 -0.350480556 0.882796884 -0.035595797 -0.599027276 -0.297394186 0.742600799
1311870489.143430 2.254992723 -0.346917272 0.878231764 -0.038531743 -0.597314000 -0.295216411 0.744700313
1311870489.175392 2.255899668 -0.337723672 0.873078167 -0.040097006 -0.595412135 -0.294641137 0.746366680
1311870489.214801 2.261080742 -0.336991340 0.869732440 -0.041536838 -0.594145119 -0.295623690 0.746908844
1311870489.243220 2.266610146 -0.332626015 0.867948890 -0.042737667 -0.591887593 -0.295729339 0.748589754
1311870489.275166 2.270869970 -0.329670995 0.861188352 -0.046392787 -0.588867486 -0.293864846 0.751482666
1311870489.315177 2.275125265 -0.322119594 0.854790390 -0.049643192 -0.586661816 -0.293070227 0.753308177
1311870489.343021 2.275932789 -0.319849372 0.854044497 -0.052118532 -0.586193502 -0.294694871 0.752871633
1311870489.375409 2.281388760 -0.312715530 0.845323324 -0.053772237 -0.584430814 -0.294979304 0.754013479
1311870489.411268 2.282508850 -0.312354714 0.840058088 -0.056011952 -0.583265781 -0.295516729 0.754541934
1311870489.443337 2.287631750 -0.308154136 0.836362422 -0.056189924 -0.582462430 -0.296973675 0.754577219
1311870489.475262 2.284944534 -0.306339860 0.834387779 -0.057435192 -0.581228614 -0.297757059 0.755125940
1311870489.511309 2.286220074 -0.303449839 0.824114442 -0.057742417 -0.578831732 -0.297600001 0.757003188
1311870489.543278 2.292184591 -0.301391333 0.819468319 -0.058470000 -0.578737259 -0.296525300 0.757441163
1311870489.575205 2.294515610 -0.295033604 0.818325758 -0.057321504 -0.579378664 -0.296537131 0.757033885
1311870489.611206 2.300540447 -0.294810236 0.816132009 -0.057314880 -0.579928815 -0.297053218 0.756410539
1311870489.642879 2.300113678 -0.295071840 0.809247434 -0.058359370 -0.578915000 -0.296695173 0.757247329
1311870489.675215 2.305232286 -0.291010946 0.803196728 -0.057645168 -0.578050733 -0.296623617 0.757989943
1311870489.711229 2.307690144 -0.289136916 0.799528718 -0.058113240 -0.578107417 -0.295548141 0.758331001
1311870489.743078 2.309232950 -0.288630545 0.795728207 -0.059370387 -0.577941120 -0.295098275 0.758535564
1311870489.775225 2.311511755 -0.282483757 0.790350199 -0.059176624 -0.577178121 -0.294931084 0.759196401
1311870489.811281 2.314666510 -0.280018806 0.790614665 -0.059409954 -0.577599227 -0.295241416 0.758737147
1311870489.843240 2.316067219 -0.280069262 0.789410830 -0.060811587 -0.576984882 -0.296138823 0.758743823
1311870489.881222 2.318136930 -0.279298723 0.786701202 -0.062247742 -0.576273203 -0.295494527 0.759419143
1311870489.911377 2.324454546 -0.280343413 0.784251511 -0.063749522 -0.575852871 -0.295203179 0.759726644
1311870489.943081 2.321357012 -0.272447735 0.779041409 -0.063212395 -0.574039042 -0.296591103 0.760603070
1311870489.979557 2.325136900 -0.271374524 0.778053522 -0.064283855 -0.573564708 -0.297009379 0.760707915
1311870490.011168 2.326374531 -0.267087758 0.773789227 -0.065122053 -0.571744919 -0.297540963 0.761798024
1311870490.043138 2.327633858 -0.263837963 0.769985497 -0.065916769 -0.570422649 -0.297855258 0.762597680
1311870490.081807 2.329200029 -0.259353101 0.764158607 -0.067298859 -0.568456769 -0.298994929 0.763498425
1311870490.111060 2.334706783 -0.258636892 0.763347089 -0.069866240 -0.568317831 -0.298738778 0.763471484
1311870490.143196 2.337114334 -0.253786713 0.764342368 -0.071555704 -0.568290710 -0.299585581 0.763003230
1311870490.181076 2.336315870 -0.253764957 0.763738096 -0.072940983 -0.567834198 -0.301548153 0.762438595
1311870490.211190 2.337503433 -0.253596753 0.765111446 -0.073932581 -0.567873955 -0.302015185 0.762128532
1311870490.243373 2.338528156 -0.248446569 0.756710589 -0.073835596 -0.566283166 -0.302735150 0.763035476
1311870490.281109 2.341052055 -0.249389485 0.754005909 -0.074783161 -0.566589534 -0.302816808 0.762683272
1311870490.311195 2.341677427 -0.244049445 0.757253289 -0.074790351 -0.567480624 -0.302830964 0.762014151
1311870490.343089 2.339220762 -0.247164711 0.752885938 -0.075581335 -0.566738784 -0.304403335 0.761861682
1311870490.382586 2.343972445 -0.248729631 0.749185622 -0.075378411 -0.566603780 -0.304328918 0.762011945
1311870490.411084 2.344727278 -0.248423517 0.747288287 -0.074431583 -0.566600442 -0.304769158 0.761931539
1311870490.443151 2.352621078 -0.247506037 0.744066298 -0.073675074 -0.567203104 -0.303937048 0.761889040
1311870490.483897 2.351598740 -0.247616008 0.742846191 -0.073541850 -0.567388713 -0.304042578 0.761721551
1311870490.511192 2.352943182 -0.246829778 0.743166029 -0.073076963 -0.567252576 -0.303702354 0.762003362
1311870490.543237 2.355846167 -0.247566313 0.740576208 -0.072133422 -0.566350043 -0.303592026 0.762808144
1311870490.581310 2.358229399 -0.248532295 0.740766406 -0.071411163 -0.565660536 -0.303313375 0.763498247
1311870490.611259 2.359797955 -0.249645352 0.736077487 -0.071626581 -0.563994169 -0.303001225 0.764833570
1311870490.643214 2.361559868 -0.250786513 0.740443230 -0.071704417 -0.564187944 -0.301780790 0.765165865
1311870490.679239 2.361395121 -0.253483534 0.734419882 -0.070608847 -0.562939405 -0.302179903 0.766029298
1311870490.711269 2.359033585 -0.257867545 0.733644128 -0.069769591 -0.562325954 -0.300772130 0.767110050
1311870490.743220 2.365380287 -0.251871496 0.732475042 -0.066343836 -0.562821567 -0.297985137 0.768137515
1311870490.779308 2.363862753 -0.260159522 0.730713785 -0.065867551 -0.562742591 -0.297737271 0.768332481
1311870490.811202 2.369032383 -0.260469317 0.732002854 -0.064059027 -0.563906968 -0.295917034 0.768334866
1311870490.843222 2.373059988 -0.260935962 0.733954966 -0.063421749 -0.564998627 -0.294253021 0.768224895
1311870490.879217 2.373630285 -0.265814036 0.733992457 -0.063758284 -0.565643489 -0.294054210 0.767798483
1311870490.911255 2.375115633 -0.265810221 0.731474280 -0.062458623 -0.566365957 -0.293874949 0.767441213
1311870490.943228 2.372570038 -0.268360823 0.734266341 -0.062091947 -0.568103433 -0.293701947 0.766252041
1311870490.979347 2.371250868 -0.274345011 0.737538755 -0.060845327 -0.569526196 -0.293328673 0.765438437
1311870491.011290 2.369594097 -0.276899874 0.738687932 -0.058251958 -0.570271432 -0.292725831 0.765316129
1311870491.043154 2.370931625 -0.278394938 0.740758300 -0.055628233 -0.571752548 -0.291149259 0.765007615
1311870491.079292 2.373062134 -0.281021744 0.741178274 -0.054285210 -0.573496342 -0.289472640 0.764434874
1311870491.111326 2.376577377 -0.278032601 0.743411243 -0.053599030 -0.577045977 -0.286652505 0.762873113
1311870491.143213 2.377969027 -0.286345720 0.745130599 -0.055339783 -0.581477165 -0.286630064 0.759384692
1311870491.179327 2.378219128 -0.296218187 0.751551092 -0.056899853 -0.585663915 -0.287262321 0.755804539
1311870491.211416 2.373084545 -0.304780275 0.753748238 -0.056115542 -0.586490214 -0.288368493 0.754800558
1311870491.243379 2.372418165 -0.310583174 0.761654377 -0.054368149 -0.587675273 -0.287663907 0.754275382
1311870491.279099 2.373977661 -0.315078259 0.765533924 -0.051271506 -0.588497758 -0.286768585 0.754191875
1311870491.311156 2.373030663 -0.320074081 0.769834459 -0.049294211 -0.589937627 -0.286043853 0.753473639
1311870491.343197 2.374863148 -0.323368520 0.774914324 -0.047743559 -0.592105091 -0.285639346 0.752025425
1311870491.379175 2.371664047 -0.323420584 0.779815435 -0.046392746 -0.593355417 -0.285287023 0.751257837
1311870491.411130 2.373038530 -0.328727543 0.784133255 -0.045885164 -0.594599247 -0.285640061 0.750170648
1311870491.443276 2.371947527 -0.335342705 0.788950920 -0.046071887 -0.595857382 -0.285754263 0.749116719
1311870491.479155 2.374183416 -0.337342352 0.794993639 -0.044478741 -0.597282410 -0.284633249 0.748504698
1311870491.511162 2.371073484 -0.340396613 0.797469914 -0.042767342 -0.597240269 -0.284559339 0.748666167
1311870491.543186 2.372931719 -0.346329927 0.804334879 -0.043098543 -0.597903132 -0.283775002 0.748415709
1311870491.579136 2.373760223 -0.344355226 0.808478832 -0.043466266 -0.598044574 -0.281917304 0.748983264
1311870491.611216 2.374028921 -0.350429416 0.816482008 -0.044093929 -0.599097967 -0.282715470 0.747802973
1311870491.643223 2.372541904 -0.356356055 0.826225519 -0.043336395 -0.599880755 -0.284431845 0.746567845
1311870491.679240 2.372141123 -0.360988677 0.831862211 -0.042141661 -0.599583805 -0.284568787 0.746822536
1311870491.711210 2.373262167 -0.367050350 0.838354290 -0.040828310 -0.599626184 -0.284342885 0.746947527
1311870491.743109 2.373660326 -0.368354261 0.845760584 -0.039202396 -0.599498391 -0.284512103 0.747072756
1311870491.779329 2.374299765 -0.376746327 0.853524327 -0.040142614 -0.599803805 -0.284614772 0.746738434
1311870491.811155 2.374717951 -0.378240228 0.858931005 -0.041198876 -0.599535465 -0.283423066 0.747349441
1311870491.843188 2.377778530 -0.373667151 0.865007341 -0.040529758 -0.599434435 -0.282331020 0.747880280
1311870491.879325 2.379608154 -0.377491176 0.872045934 -0.041585978 -0.599249303 -0.283083320 0.747686207
1311870491.911296 2.380121231 -0.381132305 0.877151012 -0.041701462 -0.598920405 -0.284184039 0.747525752
1311870491.943254 2.379315138 -0.382424802 0.882131934 -0.042064346 -0.598707795 -0.284669906 0.747490883
1311870491.979292 2.382061481 -0.384103984 0.888751566 -0.042066969 -0.599194765 -0.285242826 0.746881843
1311870492.011230 2.381100416 -0.382819325 0.896497786 -0.041236468 -0.599012315 -0.285774648 0.746871233
1311870492.043219 2.382143259 -0.385126293 0.901738107 -0.040732007 -0.598813176 -0.285839021 0.747033954
1311870492.079221 2.385507822 -0.388872892 0.906719267 -0.041032974 -0.599089146 -0.285419196 0.746956706
1311870492.111294 2.386099339 -0.393810272 0.912558377 -0.041552339 -0.598875284 -0.286034346 0.746864200
1311870492.143334 2.386958122 -0.396359295 0.921435535 -0.042793773 -0.599378288 -0.285637468 0.746542394
1311870492.179310 2.386853456 -0.393986821 0.926060975 -0.041840911 -0.598710954 -0.285637617 0.747131646
1311870492.211322 2.388474703 -0.394067943 0.931525826 -0.041731905 -0.598751605 -0.285576344 0.747128606
1311870492.243271 2.388776302 -0.397679389 0.936770797 -0.041291639 -0.599129498 -0.286062002 0.746664166
1311870492.279278 2.390419960 -0.400666505 0.943994224 -0.039662652 -0.600058913 -0.285948008 0.746049523
1311870492.311357 2.393847704 -0.402328759 0.950187325 -0.039232403 -0.600587130 -0.286362410 0.745488107
1311870492.343260 2.392479897 -0.401891381 0.954430878 -0.038752422 -0.600350678 -0.287453473 0.745283723
1311870492.379293 2.393328905 -0.404170603 0.962160766 -0.039550122 -0.601215124 -0.287063569 0.744695008
1311870492.411353 2.393787384 -0.404345483 0.964477718 -0.039551985 -0.601822197 -0.287478566 0.744044185
1311870492.443309 2.396767616 -0.409201235 0.971592724 -0.040853214 -0.603294611 -0.288434863 0.742409527
1311870492.479330 2.396308184 -0.408364415 0.978890181 -0.040116601 -0.604505241 -0.288909495 0.741279542
1311870492.511312 2.399330378 -0.409210205 0.983721375 -0.039383322 -0.605295718 -0.288989544 0.740642369
1311870492.543335 2.402319908 -0.409099251 0.987847567 -0.039262269 -0.605836570 -0.289740890 0.739912629
1311870492.579262 2.403621197 -0.412143528 0.993375719 -0.040505566 -0.606260717 -0.290320754 0.739270627
1311870492.611395 2.403038263 -0.415014893 0.996767521 -0.040732056 -0.606561303 -0.291741431 0.738451898
1311870492.643303 2.404775620 -0.415981680 1.003769040 -0.040042065 -0.606994331 -0.293380499 0.737483859
1311870492.679416 2.405426025 -0.417480350 1.008498311 -0.040237971 -0.606727540 -0.293950349 0.737465799
1311870492.711364 2.406663418 -0.420228094 1.016419888 -0.040390853 -0.607188702 -0.293946147 0.737079442
1311870492.743283 2.407080412 -0.419973403 1.020693302 -0.039825067 -0.606937110 -0.294853002 0.736955225
1311870492.779457 2.406855822 -0.421580255 1.024667501 -0.040113270 -0.606856406 -0.294569016 0.737119615
1311870492.811340 2.408440113 -0.425921023 1.027109623 -0.039687015 -0.606643617 -0.294518560 0.737337947
1311870492.843308 2.408291101 -0.424400628 1.029861689 -0.038335156 -0.606738865 -0.293537855 0.737722099
1311870492.879362 2.410368443 -0.426388174 1.034108043 -0.037126571 -0.606794119 -0.293415338 0.737787247
1311870492.911641 2.410553932 -0.425512850 1.039374232 -0.038113896 -0.606722832 -0.291593194 0.738517523
1311870492.943380 2.410890579 -0.428728431 1.042015672 -0.040044986 -0.607844472 -0.289490700 0.738320112
1311870492.979305 2.415351868 -0.425668240 1.043448687 -0.041077681 -0.609541893 -0.289157242 0.736993492
1311870493.011429 2.410415173 -0.423548222 1.044915199 -0.045062635 -0.609978974 -0.289186329 0.736387312
1311870493.043316 2.407292843 -0.423720539 1.044041514 -0.048109666 -0.609806180 -0.288810730 0.736485004
1311870493.079222 2.408656836 -0.426663011 1.051291823 -0.049924925 -0.610807180 -0.289913267 0.735100269
1311870493.111251 2.406269312 -0.421600699 1.052727342 -0.049644999 -0.609455407 -0.290602624 0.735968471
1311870493.143285 2.401551723 -0.421408951 1.051852584 -0.050014820 -0.607151687 -0.290927023 0.737717271
1311870493.179267 2.400566339 -0.420893222 1.054449558 -0.050369665 -0.606691480 -0.290056407 0.738414288
1311870493.211286 2.400745869 -0.421364903 1.055172443 -0.051112946 -0.606565952 -0.290727079 0.738202572
1311870493.243266 2.395633459 -0.421236664 1.055997491 -0.052400343 -0.606041551 -0.290539086 0.738616884
1311870493.279326 2.393451691 -0.422710806 1.054821372 -0.052368112 -0.606128752 -0.288505971 0.739344180
1311870493.311344 2.394123793 -0.421684593 1.056314826 -0.053501118 -0.607428670 -0.286187589 0.739097178
1311870493.343296 2.390514374 -0.423549950 1.055026650 -0.054980200 -0.608496010 -0.285273463 0.738463819
1311870493.379352 2.388173342 -0.424093246 1.055420637 -0.055515204 -0.610045373 -0.283889800 0.737678289
1311870493.411505 2.387398481 -0.422770292 1.058396101 -0.054567765 -0.611212313 -0.284021467 0.736731708
1311870493.443388 2.383799314 -0.423418880 1.057834744 -0.054336224 -0.610053301 -0.284845829 0.737390935
1311870493.479434 2.380150795 -0.422537386 1.054006338 -0.053529177 -0.608386874 -0.284757912 0.738859236
1311870493.511475 2.378707170 -0.423806280 1.054106474 -0.053583901 -0.608326316 -0.283596575 0.739351630
1311870493.543377 2.374425173 -0.423993617 1.056359410 -0.054202076 -0.608746648 -0.282051474 0.739551604
1311870493.579523 2.370016575 -0.424003154 1.053951025 -0.054094311 -0.608085930 -0.281450599 0.740331590
1311870493.611605 2.367343187 -0.424667895 1.054065108 -0.053254597 -0.607728779 -0.280408412 0.741080880
1311870493.643420 2.370175838 -0.425179213 1.054920793 -0.051151808 -0.606895268 -0.280595362 0.741840839
1311870493.679357 2.365725756 -0.428914070 1.053858519 -0.049667064 -0.604161918 -0.281909108 0.743672490
1311870493.711375 2.363151550 -0.427840024 1.054450154 -0.047563817 -0.601712465 -0.280747682 0.746230900
1311870493.743403 2.363611460 -0.427495271 1.054158807 -0.046076212 -0.600113332 -0.281125367 0.747468710
1311870493.779356 2.361643791 -0.427488178 1.052376151 -0.045666534 -0.599108338 -0.281118661 0.748302102
1311870493.811365 2.362909555 -0.424215436 1.052738786 -0.045534790 -0.599472165 -0.279714525 0.748544931
1311870493.843390 2.358490467 -0.427485585 1.054231763 -0.047810454 -0.599298239 -0.280259728 0.748338342
1311870493.879323 2.355351210 -0.426525354 1.053248167 -0.047698043 -0.598588467 -0.281024277 0.748626769
1311870493.911477 2.352403641 -0.426783502 1.055080771 -0.046197001 -0.598268390 -0.282388031 0.748463571
1311870493.943368 2.350096226 -0.427825928 1.054627299 -0.044089392 -0.597659409 -0.284902394 0.748124301
1311870493.979508 2.349539995 -0.425042063 1.058406711 -0.042052124 -0.597811401 -0.285711199 0.747811615
1311870494.011888 2.342994452 -0.434485734 1.060557842 -0.042817794 -0.597799897 -0.286907047 0.747319341
1311870494.043210 2.344836712 -0.433104813 1.058451653 -0.041864332 -0.598493278 -0.286553115 0.746954143
1311870494.079376 2.343450546 -0.429290652 1.061381221 -0.043034263 -0.600574374 -0.284164488 0.746129334
1311870494.111398 2.343727827 -0.428196043 1.066342950 -0.043564230 -0.603273809 -0.283126920 0.744313061
1311870494.143313 2.338380814 -0.433079451 1.066658020 -0.044671811 -0.604286313 -0.284266084 0.742990732
1311870494.179353 2.336637974 -0.434486181 1.071442485 -0.044289637 -0.605785310 -0.284480214 0.741709948
1311870494.211397 2.332540989 -0.436371863 1.077268481 -0.043533362 -0.607465744 -0.284600645 0.740332842
1311870494.243321 2.332763672 -0.442749858 1.080712199 -0.042498991 -0.609476626 -0.285692990 0.738316774
1311870494.279553 2.330697298 -0.441964597 1.086774588 -0.039617192 -0.611569703 -0.287130386 0.736185551
1311870494.311381 2.329419136 -0.444278210 1.089093685 -0.036940284 -0.612691879 -0.288367838 0.734906793
1311870494.343373 2.327673674 -0.452429235 1.098617792 -0.035950575 -0.614263058 -0.289722115 0.733109474
1311870494.379546 2.325785875 -0.458216220 1.102674365 -0.036066346 -0.614869773 -0.290095329 0.732447267
1311870494.411300 2.328167915 -0.455636322 1.109373569 -0.035874229 -0.616436303 -0.288798302 0.731652141
1311870494.443357 2.329229116 -0.457359582 1.110318661 -0.036954422 -0.617445827 -0.289713264 0.730384290
1311870494.479365 2.325954676 -0.460076988 1.117658138 -0.037805229 -0.619018674 -0.291605204 0.728253424
1311870494.511516 2.321706772 -0.463192284 1.123089075 -0.037103020 -0.619895577 -0.293665171 0.726714253
1311870494.543527 2.322922707 -0.468331218 1.127735257 -0.035905045 -0.620850623 -0.296045840 0.724991143
1311870494.579608 2.318653345 -0.470679224 1.133638501 -0.034717627 -0.621585190 -0.297628462 0.723770559
1311870494.611451 2.319922686 -0.470300466 1.135524988 -0.033840757 -0.622727036 -0.297216266 0.722999513
1311870494.643379 2.323036194 -0.464771509 1.135053158 -0.033111762 -0.624076188 -0.296997666 0.721959114
1311870494.679420 2.320980787 -0.474600852 1.144999743 -0.034622490 -0.627258718 -0.299043983 0.718276024
1311870494.711486 2.318836689 -0.473043740 1.149875045 -0.034203578 -0.629133046 -0.299567550 0.716436327
1311870494.743354 2.320232153 -0.478974581 1.151458859 -0.034275219 -0.630376339 -0.301501453 0.714526236
1311870494.779566 2.319509745 -0.477005750 1.159015656 -0.033831909 -0.632395148 -0.302566081 0.712309957
1311870494.811428 2.321416140 -0.478418410 1.163751721 -0.034509085 -0.633479178 -0.303445756 0.710938752
1311870494.843396 2.316771984 -0.479777813 1.167600870 -0.036130797 -0.634202838 -0.304021746 0.709966302
1311870494.879540 2.316637516 -0.480350405 1.170049310 -0.036487017 -0.635302424 -0.305119753 0.708492398
1311870494.911510 2.316257238 -0.480832160 1.172694087 -0.036868036 -0.636811137 -0.305714458 0.706859946
1311870494.943602 2.315159798 -0.483343869 1.177967191 -0.037297431 -0.638664126 -0.306292236 0.704912841
1311870494.979390 2.316354036 -0.483939409 1.181493640 -0.036803097 -0.640482783 -0.306625545 0.703141630
1311870495.011491 2.317845583 -0.479445815 1.180470467 -0.034746978 -0.641267657 -0.307756156 0.702036083
1311870495.043432 2.318133593 -0.479550451 1.181805611 -0.034178704 -0.642208159 -0.308587998 0.700838029
1311870495.079467 2.316872835 -0.481848270 1.183465719 -0.033791579 -0.643214643 -0.309613317 0.699480236
1311870495.111297 2.316956043 -0.485434055 1.185417891 -0.033783659 -0.644406497 -0.310805053 0.697853208
1311870495.143348 2.315213680 -0.490175664 1.193959236 -0.033452027 -0.646857977 -0.311807424 0.695148706
1311870495.179441 2.317712784 -0.490005195 1.195385695 -0.032087814 -0.648014247 -0.312278003 0.693923831
1311870495.211492 2.317945719 -0.490407467 1.197670937 -0.031511236 -0.648808897 -0.312720686 0.693007767
1311870495.243412 2.317776918 -0.490242332 1.199057221 -0.030583944 -0.649490356 -0.313714683 0.691960990
1311870495.279615 2.316139460 -0.494058698 1.199293017 -0.030877560 -0.650046408 -0.315545678 0.690591872
1311870495.311423 2.319626331 -0.492546052 1.198698282 -0.029117232 -0.650588274 -0.316657484 0.689648509
1311870495.343427 2.320458412 -0.493303716 1.198728442 -0.028269909 -0.651092291 -0.318608999 0.688308001
1311870495.379434 2.323101282 -0.492775291 1.202968717 -0.027437214 -0.652606428 -0.319438040 0.686521232
1311870495.411446 2.324660778 -0.493791789 1.206658840 -0.027005408 -0.654385269 -0.321250647 0.683994591
1311870495.443388 2.326334953 -0.491613984 1.208324432 -0.026416285 -0.655555964 -0.323122263 0.682012141
1311870495.479588 2.327081680 -0.491401583 1.208788395 -0.025822287 -0.656862497 -0.325062692 0.679852307
1311870495.511384 2.327143431 -0.490719646 1.207348108 -0.025701417 -0.657921970 -0.327670962 0.677576423
1311870495.543386 2.329303503 -0.490782380 1.210014939 -0.025646087 -0.659532487 -0.329485983 0.675128222
1311870495.579444 2.328145981 -0.488222122 1.211554885 -0.025950087 -0.660963595 -0.331465065 0.672744155
1311870495.611710 2.329269886 -0.490516394 1.211060286 -0.027462043 -0.662875652 -0.332831532 0.670123100
1311870495.643449 2.330398560 -0.491244704 1.214264631 -0.028993785 -0.665929794 -0.334068477 0.666404545
1311870495.679371 2.333597898 -0.490930587 1.213694930 -0.030009827 -0.668289125 -0.334900320 0.663574219
1311870495.711761 2.333641768 -0.488739312 1.213238358 -0.030274222 -0.670144141 -0.335745811 0.661260128
1311870495.743600 2.333430529 -0.488324553 1.212655425 -0.030746792 -0.671126425 -0.336026222 0.660098732
1311870495.779388 2.333654642 -0.488065869 1.211476326 -0.030228471 -0.671674073 -0.336470276 0.659339011
1311870495.811625 2.335148096 -0.490019172 1.206960201 -0.028989349 -0.672022104 -0.336565018 0.658991575
1311870495.843576 2.342446804 -0.486655921 1.205392122 -0.027312264 -0.673008204 -0.336047113 0.658320844
1311870495.879595 2.342736959 -0.487703592 1.203218460 -0.029064948 -0.673158228 -0.335718572 0.658260047
1311870495.911554 2.347009659 -0.491182834 1.203046322 -0.030661758 -0.673669994 -0.334384114 0.658343256
1311870495.943537 2.351518393 -0.486017942 1.202017307 -0.030151179 -0.673532307 -0.333176941 0.659119308
1311870495.979656 2.352086067 -0.488189787 1.199465871 -0.030062458 -0.672534108 -0.333486617 0.659985423
1311870496.011625 2.353978872 -0.487775713 1.197004676 -0.029063957 -0.671470642 -0.332961589 0.661376655
1311870496.043556 2.358612776 -0.488702536 1.192695141 -0.028099958 -0.669906437 -0.332497776 0.663235247
1311870496.079440 2.362187862 -0.487701684 1.188775659 -0.027691003 -0.668827951 -0.331855416 0.664661109
1311870496.111791 2.366918325 -0.486474901 1.185248852 -0.028321117 -0.668299854 -0.330707371 0.665737033
1311870496.143401 2.367713928 -0.487835735 1.181696415 -0.029748918 -0.667674005 -0.329437375 0.666931391
1311870496.179563 2.373083591 -0.487364382 1.176760554 -0.029816939 -0.667540967 -0.327924132 0.667806745
1311870496.211581 2.377360344 -0.484692365 1.171693206 -0.028357448 -0.667425334 -0.327577800 0.668155730
1311870496.243641 2.384471178 -0.484746724 1.169878483 -0.026798891 -0.667859495 -0.327549338 0.667800069
1311870496.279839 2.392608881 -0.481503963 1.162442565 -0.025932435 -0.666858792 -0.327642739 0.668787837
1311870496.311445 2.399395943 -0.480363488 1.157584548 -0.027214766 -0.666422129 -0.327289194 0.669344962
1311870496.343426 2.404624462 -0.476096421 1.151733875 -0.028189136 -0.666145027 -0.327533752 0.669460893
1311870496.379559 2.405735731 -0.475904763 1.146852493 -0.028701400 -0.665961146 -0.329849929 0.668484092
1311870496.411605 2.406223297 -0.474251658 1.144565582 -0.027656490 -0.665257871 -0.331831813 0.668247521
1311870496.443469 2.411265373 -0.469736844 1.148252249 -0.026279436 -0.665027082 -0.331422657 0.668735683
1311870496.479565 2.417236090 -0.471733809 1.142960906 -0.026498737 -0.663362622 -0.331701785 0.670240104
1311870496.511618 2.423723221 -0.468647629 1.139798641 -0.026015487 -0.662431657 -0.331749678 0.671155453
1311870496.543663 2.424880266 -0.468632847 1.138544321 -0.026436416 -0.661449254 -0.332665592 0.671654344
1311870496.579536 2.428798914 -0.470410913 1.138940811 -0.026047390 -0.660775721 -0.332756847 0.672287047
1311870496.611486 2.434507370 -0.467935890 1.138094664 -0.025260808 -0.659444809 -0.332855582 0.673573792
1311870496.643485 2.431508064 -0.469184548 1.135008931 -0.025870927 -0.657686234 -0.333656847 0.674872279
1311870496.679506 2.439910412 -0.468944907 1.135605931 -0.025918061 -0.657620072 -0.332464695 0.675522983
1311870496.711627 2.440072060 -0.466829032 1.137634158 -0.026692962 -0.657656848 -0.331845075 0.675761640
1311870496.743548 2.441349030 -0.472342908 1.140084624 -0.027523259 -0.657563686 -0.331019223 0.676223934
1311870496.779658 2.444303989 -0.474122137 1.141438484 -0.026550407 -0.657665193 -0.329060048 0.677119732
1311870496.811666 2.447507620 -0.473020613 1.139344692 -0.025168782 -0.657640338 -0.328341126 0.677545428
1311870496.843618 2.449537992 -0.473151028 1.138273954 -0.025237476 -0.658026814 -0.327224016 0.677708089
1311870496.879599 2.452221394 -0.474459469 1.138515830 -0.024697909 -0.659255266 -0.326148927 0.677052081
1311870496.911711 2.451094389 -0.476188868 1.141124368 -0.024196746 -0.660095692 -0.325337440 0.676641583
1311870496.943683 2.454912663 -0.479357153 1.140929341 -0.023270357 -0.660442233 -0.324253529 0.676856101
1311870496.979493 2.456724167 -0.480738789 1.145251036 -0.021991108 -0.661688268 -0.323132366 0.676217794
1311870497.011669 2.457003593 -0.482519716 1.146570206 -0.020850794 -0.662292600 -0.322783619 0.675828755
1311870497.043473 2.458073854 -0.484865814 1.149793148 -0.018618515 -0.662652850 -0.322715133 0.675573468
1311870497.079687 2.459091902 -0.485183656 1.152561784 -0.016087288 -0.662866294 -0.323260337 0.675168335
1311870497.111612 2.460144043 -0.489844382 1.156896591 -0.014487699 -0.663509369 -0.324092299 0.674173295
1311870497.143721 2.461438656 -0.491037041 1.159161448 -0.012952073 -0.664060354 -0.324297100 0.673563302
1311870497.179611 2.462949991 -0.493101269 1.163764000 -0.011751648 -0.664824247 -0.325395972 0.672300637
1311870497.211751 2.464656830 -0.493235797 1.166610241 -0.009242356 -0.665745854 -0.326195478 0.671039104
1311870497.243694 2.465618134 -0.494639486 1.171590686 -0.007622084 -0.666876435 -0.327315450 0.669389486
1311870497.311714 2.466194630 -0.501894414 1.182502270 -0.006884774 -0.669605017 -0.327569783 0.666543186
1311870497.343508 2.464315414 -0.503592849 1.190196395 -0.007368887 -0.671031475 -0.327340156 0.665214896
1311870497.379599 2.464436054 -0.505968392 1.195042968 -0.007608467 -0.672080278 -0.327724725 0.663962901
1311870497.411557 2.466595411 -0.507470727 1.200960517 -0.008352148 -0.673239052 -0.327707350 0.662787497
1311870497.443690 2.465134859 -0.511598051 1.206620932 -0.009331705 -0.674256086 -0.328603923 0.661295056
1311870497.479735 2.464005947 -0.514244974 1.213495016 -0.009542727 -0.675813198 -0.329515606 0.659245729
1311870497.511707 2.465139866 -0.516860902 1.219097614 -0.010457573 -0.677060843 -0.330567092 0.657422721
1311870497.543641 2.466809988 -0.518486440 1.225015521 -0.012056968 -0.678725600 -0.330545187 0.655687451
1311870497.579833 2.466380119 -0.521177828 1.229857683 -0.013357164 -0.680510581 -0.331344754 0.653404593
1311870497.611790 2.465053082 -0.521207452 1.234259129 -0.011922464 -0.681536317 -0.333826035 0.651096165
1311870497.643755 2.462686062 -0.522875786 1.245526552 -0.011739822 -0.682664335 -0.334493399 0.649573505
1311870497.679782 2.464426041 -0.526737273 1.250609279 -0.012911269 -0.683354497 -0.333823115 0.649170280
1311870497.711783 2.467430830 -0.527738035 1.254145861 -0.014570237 -0.684251130 -0.333029419 0.648598015
1311870497.743625 2.464886665 -0.528869808 1.260225177 -0.016093861 -0.685605705 -0.333439589 0.646918654
1311870497.779826 2.464895248 -0.529942453 1.266571283 -0.016801218 -0.686646283 -0.333534718 0.645746946
1311870497.811723 2.462640285 -0.531427085 1.276134133 -0.017319044 -0.687634826 -0.333338857 0.644781768
1311870497.843750 2.464749575 -0.533236682 1.279105783 -0.016545147 -0.687567592 -0.334530830 0.644256294
1311870497.879674 2.464931250 -0.535667658 1.284364343 -0.016164623 -0.687943459 -0.335221916 0.643505037
1311870497.943701 2.465907812 -0.536824465 1.289818883 -0.015804449 -0.688404918 -0.336204588 0.642507136
1311870497.979692 2.465423822 -0.536939025 1.294721723 -0.015430548 -0.688805997 -0.337485492 0.641413808
1311870498.011908 2.465156555 -0.539464414 1.297350526 -0.014710340 -0.688897014 -0.339031875 0.640516818
1311870498.043847 2.465029478 -0.538248599 1.298560858 -0.013656180 -0.688696861 -0.340173453 0.640150070
1311870498.079623 2.463871956 -0.539434731 1.302746058 -0.013857885 -0.688774526 -0.341527522 0.639340699
1311870498.143624 2.464259863 -0.539143264 1.302235365 -0.012994683 -0.689022720 -0.343119115 0.638238192
1311870498.179863 2.463544846 -0.539308548 1.306097031 -0.013032751 -0.689943790 -0.343799829 0.636874735
1311870498.211623 2.460743666 -0.537920237 1.303842425 -0.012898928 -0.689699769 -0.345099449 0.636438727
1311870498.243773 2.459555387 -0.536210716 1.304276943 -0.013119593 -0.689894557 -0.345126331 0.636208475
1311870498.279753 2.458897591 -0.535733700 1.305614114 -0.012694506 -0.689791143 -0.345766574 0.635981500
1311870498.343830 2.456131458 -0.532334507 1.307121754 -0.009923860 -0.686229050 -0.345079660 0.640243173
1311870498.379719 2.452877760 -0.531248689 1.305015206 -0.009805257 -0.683962762 -0.342810243 0.643878877
1311870498.411770 2.456724882 -0.529757619 1.298899174 -0.010053397 -0.682189763 -0.341419458 0.646489680
1311870498.443588 2.462673187 -0.523965240 1.292615175 -0.011260965 -0.680830181 -0.341612697 0.647799611
1311870498.479824 2.456571341 -0.524182737 1.291318178 -0.014706886 -0.680202425 -0.342011958 0.648179173
1311870498.511760 2.455520630 -0.521843612 1.284839630 -0.016024008 -0.678952277 -0.341776878 0.649581134
1311870498.543664 2.453501463 -0.518565953 1.278072119 -0.015843621 -0.677166939 -0.341447264 0.651619256
1311870498.612284 2.454520941 -0.512142181 1.263581634 -0.017379452 -0.674081981 -0.337362647 0.656885028
1311870498.643972 2.450668573 -0.514705122 1.256306648 -0.020216158 -0.672866404 -0.333836645 0.659844816
1311870498.679748 2.453617096 -0.508779228 1.248660326 -0.019967368 -0.672091424 -0.330746353 0.662194312
1311870498.711836 2.454190016 -0.505090773 1.240138769 -0.021079533 -0.670195282 -0.328598946 0.665144086
1311870498.743611 2.452467203 -0.502155781 1.230976939 -0.024108173 -0.667916358 -0.324992001 0.669093966
1311870498.811828 2.451761484 -0.494023412 1.207478285 -0.027410839 -0.665689349 -0.318640351 0.674221575
1311870498.843754 2.449265957 -0.490251094 1.195743561 -0.027851524 -0.664716899 -0.316914976 0.675973833
1311870498.879682 2.447027683 -0.485562742 1.185979605 -0.027464524 -0.663615644 -0.314074576 0.678393066
1311870498.911793 2.451349974 -0.485881835 1.175619841 -0.027424971 -0.662067890 -0.311225265 0.681214213
1311870498.943959 2.454102039 -0.483031541 1.169243097 -0.027350800 -0.660548031 -0.310432315 0.683051944
1311870498.979675 2.450323820 -0.477558285 1.158622265 -0.027550831 -0.658076048 -0.309099555 0.686027944
1311870499.011674 2.449949980 -0.469480962 1.148214459 -0.026240945 -0.657095790 -0.307074070 0.687925875
1311870499.047750 2.453429461 -0.465791583 1.136118174 -0.026618423 -0.656371653 -0.306844294 0.688704789
1311870499.079561 2.450822592 -0.458115548 1.131839275 -0.025881050 -0.656018198 -0.307545453 0.688756943
1311870499.111876 2.449016809 -0.455071718 1.123917460 -0.025478886 -0.654460669 -0.307619959 0.690218866
1311870499.147720 2.451367378 -0.455989778 1.114170313 -0.025761278 -0.652847648 -0.306246817 0.692343235
1311870499.179917 2.448750019 -0.450435579 1.106582642 -0.024415938 -0.650920510 -0.306581885 0.694056153
1311870499.211843 2.444635153 -0.448540956 1.100546837 -0.022310670 -0.649218559 -0.307686001 0.695231497
1311870499.247640 2.445214748 -0.446915358 1.096984744 -0.020656232 -0.648465455 -0.307029784 0.696274817
1311870499.279843 2.447495937 -0.440192342 1.085862637 -0.020166397 -0.646635234 -0.304990679 0.698882580
1311870499.311852 2.447090626 -0.435743123 1.079102039 -0.020702647 -0.645846009 -0.304227620 0.699928522
1311870499.347761 2.443639755 -0.437390536 1.071150541 -0.023133703 -0.645787776 -0.303838849 0.700074971
1311870499.379654 2.442510128 -0.433910698 1.065628529 -0.024099624 -0.646475852 -0.303130835 0.699714124
1311870499.411904 2.438035250 -0.433727413 1.060086131 -0.025765894 -0.646036625 -0.303121239 0.700064480
1311870499.447712 2.433229923 -0.432810783 1.056813359 -0.026079154 -0.645254552 -0.302527398 0.701030433
1311870499.479701 2.425881863 -0.432497293 1.048424959 -0.024590358 -0.643741250 -0.302479327 0.702494681
1311870499.511929 2.421999693 -0.431567490 1.043317914 -0.021909831 -0.643108249 -0.302320629 0.703231096
1311870499.547724 2.419372082 -0.433232933 1.037291646 -0.018803123 -0.641921461 -0.303246886 0.704006135
1311870499.580101 2.413519144 -0.426866382 1.033040166 -0.015471766 -0.640091717 -0.303108126 0.705810666
1311870499.611806 2.411804438 -0.433237672 1.029248476 -0.013554113 -0.639389575 -0.302514642 0.706740558
1311870499.647772 2.407612085 -0.428968400 1.020733476 -0.011170479 -0.637744665 -0.302904159 0.708100319
1311870499.679669 2.404497862 -0.424541056 1.015802383 -0.010085728 -0.636708021 -0.301999390 0.709434688
1311870499.711830 2.400976419 -0.420088172 1.010382891 -0.010134392 -0.635768592 -0.301024407 0.710689783
1311870499.747903 2.397012234 -0.416653454 1.007262588 -0.010320718 -0.635562778 -0.302030444 0.710444272
1311870499.779757 2.389316320 -0.412436545 1.004150987 -0.011424496 -0.634721637 -0.303047240 0.710746288
1311870499.811836 2.380657434 -0.411772758 1.001135111 -0.011773759 -0.633826196 -0.303338230 0.711415231
1311870499.847770 2.375024557 -0.410280973 0.991908431 -0.009180455 -0.632331431 -0.305295050 0.711946368
1311870499.879787 2.367343187 -0.406486899 0.987738609 -0.007336951 -0.631655455 -0.305690795 0.712397873
1311870499.911800 2.358904362 -0.405821800 0.980560243 -0.007003167 -0.631149232 -0.304014385 0.713566303
1311870499.979829 2.349313021 -0.403147399 0.965294957 -0.005962397 -0.633461416 -0.299392253 0.713481128
1311870500.011682 2.340525150 -0.401578873 0.955602586 -0.004908092 -0.634090781 -0.298594743 0.713264287
1311870500.079955 2.327281713 -0.398322821 0.945291221 -0.003684287 -0.633474290 -0.294884801 0.715359807
1311870500.111923 2.322936296 -0.398349434 0.937463760 -0.001485581 -0.632766426 -0.293859720 0.716415286
1311870500.147807 2.314025164 -0.396696031 0.938569665 0.000875043 -0.633115530 -0.292845905 0.716522992
1311870500.179782 2.308516502 -0.393574297 0.932323635 0.002512221 -0.632201254 -0.291376144 0.717924237
1311870500.211909 2.300565958 -0.389704794 0.922704339 0.003831942 -0.630640447 -0.291189760 0.719365299
1311870500.247783 2.297363758 -0.387494534 0.924199045 0.004689637 -0.630629718 -0.291830778 0.719109833
1311870500.279624 2.289462090 -0.387346178 0.917291999 0.003680016 -0.629040778 -0.291529775 0.720627844
1311870500.311946 2.284049749 -0.383988142 0.911111236 0.003095142 -0.627850890 -0.291275054 0.721770406
1311870500.347791 2.277817965 -0.381140321 0.906168580 0.002793833 -0.627095520 -0.292195737 0.722056150
1311870500.379875 2.276737213 -0.377503902 0.902701855 0.001721424 -0.626250625 -0.293509543 0.722259820
1311870500.411721 2.270027637 -0.375640303 0.894587517 -0.001559654 -0.624120653 -0.294855446 0.723554611
1311870500.447890 2.262894630 -0.373492241 0.890976846 -0.002450999 -0.623863697 -0.295310110 0.723588288
1311870500.479808 2.255858183 -0.372786045 0.887585878 -0.000305969 -0.623589516 -0.297041595 0.723119855
1311870500.511934 2.252832413 -0.373078048 0.880702853 0.003132151 -0.621849418 -0.298620403 0.723960876
1311870500.547775 2.247255325 -0.369776964 0.874258041 0.005782264 -0.619504154 -0.298688918 0.725924313
1311870500.579706 2.244149685 -0.370944262 0.864850402 0.005974699 -0.617665946 -0.298588187 0.727528870
1311870500.611853 2.241650343 -0.366922796 0.859766006 0.006875754 -0.616684854 -0.297355711 0.728856683
1311870500.647928 2.241177797 -0.364055276 0.853631198 0.007118277 -0.615083277 -0.295874774 0.730807781
1311870500.679732 2.238459826 -0.362324566 0.846478224 0.007364653 -0.612541199 -0.295002043 0.733289003
1311870500.711786 2.238683224 -0.358645439 0.841778159 0.008490766 -0.610277832 -0.293944925 0.735584974
1311870500.747952 2.236394644 -0.359073550 0.833757818 0.007604188 -0.607336879 -0.293347538 0.738262355
1311870500.779943 2.235851049 -0.354825318 0.821695924 0.006615751 -0.603702307 -0.291255981 0.742071271
1311870500.811954 2.235772133 -0.352590978 0.810971141 0.005378739 -0.601059198 -0.288814515 0.745174527
1311870500.848004 2.234677553 -0.350508720 0.801899791 0.004437621 -0.598726690 -0.287644148 0.747507513
1311870500.911759 2.236917496 -0.343327403 0.781660020 0.006274169 -0.594143808 -0.283089042 0.752870739
1311870500.947879 2.239208460 -0.340188503 0.768590033 0.007027981 -0.590873182 -0.281998247 0.755841613
1311870500.979878 2.243324995 -0.337384969 0.756202400 0.007025923 -0.587985218 -0.279280305 0.759095848
1311870501.011943 2.247465372 -0.331240237 0.746243656 0.006144887 -0.585780382 -0.275619924 0.762139916
1311870501.047804 2.251938105 -0.324022740 0.733751714 0.005169412 -0.583229244 -0.273750126 0.764773071
1311870501.079842 2.255070210 -0.323101461 0.719396114 0.002634462 -0.580769718 -0.272215545 0.767201602
1311870501.111897 2.256478548 -0.315735668 0.707018733 0.001275947 -0.577681243 -0.270528793 0.770127892
1311870501.147952 2.258838654 -0.311423689 0.696231604 -0.002136655 -0.574868560 -0.267546058 0.773266196
1311870501.211743 2.260997534 -0.307269484 0.673887610 -0.007725693 -0.571038961 -0.260963380 0.778301239
1311870501.248040 2.264759541 -0.304380000 0.660620451 -0.008076373 -0.569628537 -0.259411186 0.779848635
1311870501.279931 2.265815496 -0.298215300 0.647555649 -0.007594403 -0.566645026 -0.258771062 0.782236099
1311870501.311750 2.270156384 -0.295082033 0.636617601 -0.007271246 -0.564155221 -0.257457376 0.784469068
1311870501.348003 2.276345968 -0.288686305 0.626688421 -0.008400088 -0.562511861 -0.255484492 0.786280811
1311870501.379857 2.279304266 -0.282959223 0.615904689 -0.009306112 -0.561302364 -0.255540222 0.787116408
1311870501.447890 2.281399488 -0.272342086 0.599464059 -0.010209416 -0.558272362 -0.257087916 0.788754404
1311870501.479909 2.280780554 -0.264214545 0.585569620 -0.010843644 -0.557448149 -0.256906897 0.789387643
1311870501.511909 2.283304691 -0.257776350 0.579406738 -0.014617776 -0.559105575 -0.256627679 0.788244605
1311870501.548011 2.285148621 -0.255779892 0.568272889 -0.016827784 -0.560269415 -0.259382308 0.786470473
1311870501.579810 2.283450603 -0.254330575 0.564619005 -0.016784960 -0.561757267 -0.263215005 0.784133196
1311870501.612018 2.281129837 -0.256582707 0.560656011 -0.015856134 -0.561294675 -0.266090751 0.783512950
1311870501.647864 2.278367996 -0.250680417 0.553602636 -0.013679175 -0.558667243 -0.265596449 0.785596728
1311870501.679989 2.277500868 -0.250921845 0.547952890 -0.012806850 -0.557186902 -0.265020907 0.786856174
1311870501.747900 2.278969288 -0.243204489 0.537109554 -0.012916209 -0.557409585 -0.262602746 0.787507117
1311870501.780039 2.276868343 -0.239128977 0.530947685 -0.013791631 -0.557043672 -0.262160748 0.787898362
1311870501.812193 2.273317099 -0.238025680 0.526201189 -0.014366750 -0.556653321 -0.262795717 0.787952423
1311870501.848089 2.268748045 -0.235118732 0.521439672 -0.013380409 -0.555552542 -0.264021277 0.788336933
1311870501.879841 2.271385431 -0.232224166 0.517722845 -0.012929515 -0.554912508 -0.264252633 0.788717628
1311870501.911796 2.266753912 -0.230050623 0.514595747 -0.013812347 -0.554039001 -0.264665931 0.789178014
1311870501.947888 2.261461258 -0.227520615 0.505842626 -0.014059154 -0.553533912 -0.266156167 0.789026856
1311870501.980072 2.256507397 -0.222926021 0.502392471 -0.014503054 -0.553958654 -0.266388476 0.788642287
1311870502.011986 2.250699997 -0.221105605 0.500566304 -0.014460686 -0.553041339 -0.266026318 0.789408743
1311870502.047757 2.243476152 -0.221098542 0.499144107 -0.013865001 -0.550910056 -0.264740050 0.791339695
1311870502.111939 2.234313250 -0.211540684 0.485933274 -0.011715429 -0.546935797 -0.259699792 0.795788944
1311870502.148086 2.226825476 -0.211836770 0.487571836 -0.011143503 -0.547159851 -0.257632256 0.796314955
1311870502.180123 2.223219872 -0.212364942 0.484871715 -0.008875847 -0.547225773 -0.256656945 0.796613097
1311870502.211942 2.217054367 -0.206250757 0.474101216 -0.006076976 -0.546475112 -0.255696654 0.797463000
1311870502.247902 2.207952499 -0.203886986 0.467673242 -0.005431017 -0.547950149 -0.252706796 0.797408581
1311870502.279943 2.208268642 -0.195919871 0.456621289 -0.006120384 -0.549998045 -0.251280308 0.796443880
1311870502.312128 2.202425480 -0.191601515 0.452011228 -0.009965222 -0.552350819 -0.251368403 0.794747233
1311870502.348085 2.193471909 -0.187912986 0.456668079 -0.012371669 -0.552492142 -0.253162891 0.794045269
1311870502.379971 2.184818983 -0.190788165 0.455206871 -0.014190115 -0.549462616 -0.253730923 0.795933425
1311870502.411996 2.181962252 -0.186737806 0.449267447 -0.014158831 -0.545358658 -0.251903743 0.799329638
1311870502.447989 2.174358606 -0.184153825 0.439981222 -0.014398891 -0.541360199 -0.249387249 0.802824914
1311870502.511998 2.162442684 -0.181424871 0.432560474 -0.013705139 -0.536997914 -0.245581701 0.806929410
1311870502.547785 2.155960321 -0.181483090 0.433973044 -0.013216744 -0.535583138 -0.243968442 0.808365881
1311870502.611956 2.144706488 -0.177642971 0.415846229 -0.009088700 -0.530912876 -0.243485615 0.811642528
1311870502.647923 2.142974377 -0.175912127 0.413810015 -0.007679742 -0.529772401 -0.245720699 0.811728716
1311870502.712040 2.134209394 -0.164512143 0.402022690 -0.011240255 -0.525190413 -0.244982243 0.814881802
1311870502.748009 2.129261255 -0.161459997 0.394694656 -0.014312153 -0.524110258 -0.248049885 0.814601064
1311870502.812215 2.114066124 -0.164761275 0.389354169 -0.016656138 -0.523098290 -0.253609776 0.813494205
1311870502.848251 2.111930609 -0.160913035 0.383615762 -0.012035253 -0.521566391 -0.255274117 0.814038515
1311870502.911868 2.100023985 -0.161690176 0.373268813 -0.008210924 -0.515634656 -0.256542921 0.817458987
1311870502.947918 2.101369619 -0.159850881 0.362347126 -0.007165730 -0.514189601 -0.255540013 0.818692267
1311870502.979904 2.099959373 -0.152818725 0.358571440 -0.007526904 -0.514319420 -0.254735529 0.818858147
1311870503.012049 2.092397213 -0.155675188 0.354190320 -0.007457150 -0.512687147 -0.256100386 0.819456458
1311870503.047853 2.089577436 -0.159647629 0.350008160 -0.005546180 -0.510020912 -0.257450432 0.820711374
1311870503.080047 2.089212418 -0.154256657 0.338874459 -0.002412083 -0.505240738 -0.258200705 0.823442996
1311870503.112061 2.090190411 -0.150146753 0.337836593 -0.000809116 -0.502379358 -0.256050557 0.825864673
1311870503.148129 2.086147308 -0.148732364 0.331716061 -0.001394278 -0.497973680 -0.255845040 0.828591347
1311870503.179945 2.089178801 -0.150781214 0.320819974 -0.002930410 -0.493969858 -0.252889901 0.831884503
1311870503.212212 2.082347631 -0.150230676 0.311442673 -0.004304549 -0.488261908 -0.251976997 0.835517406
1311870503.247900 2.081187248 -0.144293815 0.304987580 -0.004633795 -0.483155102 -0.249248952 0.839294136
1311870503.280065 2.083621264 -0.141323596 0.294534624 -0.005621623 -0.478676289 -0.246896937 0.842543364
1311870503.312120 2.075509548 -0.138629824 0.280756861 -0.006982325 -0.475090355 -0.244549885 0.845243037
1311870503.347883 2.075765133 -0.134691820 0.270503521 -0.006615299 -0.474440277 -0.243562043 0.845896065
1311870503.379934 2.074517727 -0.133113548 0.260367721 -0.006838792 -0.472639143 -0.243256658 0.846989751
1311870503.412119 2.072872400 -0.130226880 0.248914301 -0.006517077 -0.470237851 -0.242049471 0.848673046
1311870503.448175 2.074048281 -0.127983317 0.235152736 -0.006465551 -0.468422323 -0.240321308 0.850167274
1311870503.512104 2.071616411 -0.120921157 0.212967768 -0.007554145 -0.465401322 -0.236998647 0.852746248
1311870503.548220 2.071840286 -0.115085475 0.203895763 -0.006654885 -0.464579046 -0.236033335 0.853469551
1311870503.580038 2.074874878 -0.110404707 0.192944810 -0.007533579 -0.463253200 -0.235218093 0.854407489
1311870503.612142 2.074678421 -0.104029909 0.181394860 -0.009604302 -0.460766286 -0.234965295 0.855799913
1311870503.648065 2.068411112 -0.101688169 0.172359198 -0.013191938 -0.459469050 -0.233121857 0.856952965
1311870503.680293 2.066884279 -0.094916254 0.161695570 -0.014292353 -0.458437890 -0.233224332 0.857459486
1311870503.711937 2.067433596 -0.092294969 0.156214058 -0.016243506 -0.457235217 -0.232917711 0.858150005
1311870503.748145 2.064090490 -0.090583786 0.147716567 -0.017862011 -0.454299092 -0.231544882 0.860046625
1311870503.780083 2.060892820 -0.088004120 0.137887016 -0.017626431 -0.452299207 -0.229750618 0.861585379
1311870503.811910 2.061907768 -0.085680909 0.129600093 -0.016806668 -0.452347666 -0.229232401 0.861714363
1311870503.848056 2.057585478 -0.084421247 0.126213297 -0.016815839 -0.452209294 -0.228997022 0.861849368
1311870503.880025 2.057457924 -0.079080716 0.113492198 -0.015956398 -0.451441139 -0.227499023 0.862664759
1311870503.912091 2.058465004 -0.074731909 0.107256010 -0.015610809 -0.451941788 -0.226573229 0.862652600
1311870503.948251 2.056628227 -0.074957550 0.106198624 -0.016649192 -0.452520728 -0.227308914 0.862135947
1311870503.980018 2.051756144 -0.073397323 0.101932168 -0.015887456 -0.451181531 -0.229110152 0.862375438
1311870504.011998 2.049022436 -0.071561836 0.101998463 -0.014334458 -0.450145066 -0.229597434 0.862814546
1311870504.048156 2.053505898 -0.071752556 0.094350085 -0.013296530 -0.448882669 -0.229728431 0.863453746
1311870504.079934 2.047213316 -0.069888085 0.092675976 -0.012751252 -0.447373390 -0.229473099 0.864312768
1311870504.111962 2.043209553 -0.067743324 0.090585142 -0.012646060 -0.446473897 -0.228311792 0.865086615
1311870504.148039 2.042173862 -0.066890545 0.091646038 -0.012708332 -0.446360558 -0.227249920 0.865423799
1311870504.179932 2.036685228 -0.066155091 0.086321458 -0.012221817 -0.444471478 -0.227446422 0.866350889
1311870504.212116 2.034796476 -0.067247115 0.086859524 -0.011512634 -0.443704396 -0.226546913 0.866989255
1311870504.247918 2.034444094 -0.071887076 0.087528825 -0.012198758 -0.443332016 -0.226260319 0.867245138
1311870504.280084 2.030395746 -0.064942710 0.083875366 -0.012234306 -0.441926569 -0.223406821 0.868700504
1311870504.312060 2.030117750 -0.065537706 0.084580228 -0.013774258 -0.442568004 -0.221440822 0.868854284
1311870504.348035 2.024380922 -0.064589150 0.087203957 -0.015862459 -0.442825824 -0.220186725 0.869006038
1311870504.379984 2.017800808 -0.065031469 0.088445120 -0.017025191 -0.442859828 -0.219686434 0.869093299
1311870504.412305 2.014652014 -0.066518039 0.091046333 -0.016972352 -0.443039268 -0.219473124 0.869056761
1311870504.448107 2.012337685 -0.070111565 0.093755059 -0.017541189 -0.442243993 -0.219153479 0.869531095
1311870504.480201 2.003755093 -0.070346989 0.094163626 -0.018090598 -0.438344508 -0.217218950 0.871976316
1311870504.512082 2.000440836 -0.071153507 0.094279647 -0.018242665 -0.435801566 -0.214076698 0.874022543
1311870504.548048 1.997981906 -0.072768174 0.092498429 -0.018635986 -0.434029490 -0.211645618 0.875486851
1311870504.580075 1.990969419 -0.074143857 0.096697144 -0.020690305 -0.432838202 -0.209489480 0.876548409
1311870504.611994 1.982687831 -0.079311647 0.102929294 -0.022517292 -0.432593256 -0.206731394 0.877278864
1311870504.647976 1.981201410 -0.080872253 0.101318240 -0.021498386 -0.432530105 -0.205597982 0.877601862
1311870504.680079 1.978676677 -0.084322333 0.104540512 -0.020471377 -0.432137311 -0.205954269 0.877736330
1311870504.712331 1.973255157 -0.088385746 0.111909613 -0.019309716 -0.431172162 -0.206111029 0.878200412
1311870504.748338 1.969005227 -0.092042044 0.112689592 -0.017638067 -0.428796589 -0.204960078 0.879666805
1311870504.780163 1.962877274 -0.095132604 0.117534988 -0.016977817 -0.426347017 -0.203540951 0.881198645
1311870504.812036 1.959216356 -0.105849527 0.129013062 -0.016841903 -0.423862308 -0.200268596 0.883147538
1311870504.847987 1.958094478 -0.108613431 0.125439972 -0.014512423 -0.420330673 -0.198128834 0.885356724
1311870504.880042 1.954505205 -0.105822317 0.135014147 -0.011055334 -0.419116408 -0.195767730 0.886506736
1311870504.912228 1.947853088 -0.106819287 0.137428999 -0.010589810 -0.416292220 -0.194730058 0.888070285
1311870504.948276 1.946538329 -0.111165069 0.136932746 -0.010744862 -0.413649023 -0.194355130 0.889384687
1311870505.012129 1.939770103 -0.121056803 0.143170416 -0.012398660 -0.410267979 -0.190886289 0.891677618
1311870505.048023 1.937096357 -0.121507622 0.143557131 -0.012031608 -0.406690061 -0.191710681 0.893143594
1311870505.079992 1.933309674 -0.124336265 0.146573797 -0.012727195 -0.403105676 -0.188846007 0.895366371
1311870505.112129 1.926062107 -0.128302008 0.145146370 -0.013498958 -0.398938417 -0.186352998 0.897740722
1311870505.148203 1.922295094 -0.129031941 0.149222583 -0.014700482 -0.397019714 -0.183883026 0.899080753
1311870505.180166 1.918748260 -0.126843885 0.149869397 -0.016227785 -0.395409673 -0.182104170 0.900125504
1311870505.212050 1.917010427 -0.130846381 0.141904876 -0.020147739 -0.394297570 -0.180981070 0.900760412
1311870505.248098 1.911118627 -0.130758151 0.144774169 -0.022524441 -0.393923879 -0.181715116 0.900719821
1311870505.280043 1.906379342 -0.131422490 0.142215326 -0.025684569 -0.393285066 -0.182052389 0.900846303
1311870505.348172 1.906535983 -0.134271383 0.135854959 -0.032477442 -0.390715152 -0.187765464 0.900572598
1311870505.380043 1.901567101 -0.137028843 0.133843735 -0.035289444 -0.387271821 -0.187909305 0.901923120
1311870505.412169 1.902102828 -0.136097625 0.130195647 -0.036363512 -0.383593708 -0.187401325 0.903556466
1311870505.448014 1.899273753 -0.138241291 0.123166479 -0.038974654 -0.379181802 -0.188596845 0.905059874
1311870505.480019 1.893317103 -0.140308440 0.116149910 -0.047153905 -0.377034873 -0.180551589 0.907205760
1311870505.512232 1.892870903 -0.145829156 0.100102015 -0.055909436 -0.380489796 -0.178125024 0.905744493
1311870505.548014 1.879732847 -0.138418749 0.105179995 -0.058735874 -0.382117361 -0.186985463 0.903090715
1311870505.580109 1.878517866 -0.151623949 0.108726688 -0.058801342 -0.381954044 -0.190006733 0.902524769
1311870505.612208 1.879147172 -0.152658746 0.092876315 -0.054878198 -0.377886087 -0.192784071 0.903894246
1311870505.648216 1.878947377 -0.157728761 0.092844978 -0.052571140 -0.373937696 -0.192164868 0.905803263
1311870505.679928 1.870633006 -0.158384219 0.076195545 -0.047309056 -0.366014570 -0.188545659 0.910080075
1311870505.712188 1.870140791 -0.151616529 0.064651236 -0.043824859 -0.363622576 -0.182615876 0.912419558
1311870505.748044 1.862156987 -0.146902114 0.056828812 -0.045406383 -0.364465743 -0.180049196 0.912515879
1311870505.780026 1.859754682 -0.151096046 0.048186202 -0.049186107 -0.368058592 -0.176978290 0.911478043
1311870505.812150 1.860399008 -0.152318776 0.042296611 -0.051799230 -0.370854318 -0.172206700 0.911114037
1311870505.848080 1.860361338 -0.159567490 0.032229096 -0.054819472 -0.370176882 -0.171337917 0.911376536
1311870505.880081 1.855554938 -0.165665343 0.028855976 -0.055076808 -0.366302043 -0.168452173 0.913462222
1311870505.912493 1.849568605 -0.166891888 0.020406123 -0.051439948 -0.361187279 -0.166343257 0.916093707
1311870505.948256 1.844958663 -0.163955197 0.007687583 -0.047446623 -0.356434792 -0.166492581 0.918141186
1311870505.980101 1.841098309 -0.163329452 0.004727874 -0.045527209 -0.354979545 -0.165624723 0.918958783
1311870506.012380 1.841663241 -0.165061653 -0.006474044 -0.045281377 -0.353884846 -0.164257824 0.919638216
1311870506.048206 1.834660411 -0.166751131 -0.010243990 -0.046403233 -0.354145318 -0.163876057 0.919550121
1311870506.080230 1.828226447 -0.171661392 -0.015343719 -0.046231035 -0.353403330 -0.164975077 0.919647753
1311870506.112131 1.825881839 -0.176214918 -0.020376930 -0.044113960 -0.351821750 -0.165955067 0.920181692
1311870506.148026 1.816316962 -0.180029780 -0.030943111 -0.041736502 -0.347510278 -0.165821761 0.921953261
1311870506.180306 1.809033155 -0.178607017 -0.034509059 -0.039338920 -0.344710350 -0.164612979 0.923325419
1311870506.212158 1.807986140 -0.184074700 -0.040395364 -0.037757695 -0.343773067 -0.163321540 0.923969984
1311870506.248184 1.798778415 -0.184264675 -0.044622678 -0.035799623 -0.342190623 -0.161865279 0.924891114
1311870506.280374 1.799513817 -0.181419760 -0.043148562 -0.034310933 -0.342401773 -0.162512824 0.924755812
1311870506.311921 1.792366505 -0.181523845 -0.045230787 -0.034464438 -0.341641098 -0.160820544 0.925327122
1311870506.348187 1.783161402 -0.179374367 -0.047923263 -0.035613757 -0.341878802 -0.158131629 0.925659180
1311870506.380127 1.779032469 -0.180518985 -0.055023383 -0.037357368 -0.343531936 -0.158330366 0.924944162
1311870506.412264 1.771755457 -0.181254238 -0.055198733 -0.038192533 -0.343547672 -0.159281135 0.924740970
1311870506.448069 1.771337271 -0.189201787 -0.056934800 -0.038208965 -0.342668921 -0.158859819 0.925138712
1311870506.480103 1.760986447 -0.186065584 -0.058438715 -0.035160776 -0.339479536 -0.157227024 0.926712990
1311870506.512268 1.750520229 -0.184860319 -0.059193879 -0.033257432 -0.338066965 -0.156596601 0.927406132
1311870506.548161 1.743607521 -0.185614035 -0.060141250 -0.032956991 -0.338296086 -0.155285686 0.927553773
1311870506.580315 1.736712456 -0.184444293 -0.064793527 -0.031851411 -0.337686777 -0.153500378 0.928111374
1311870506.612421 1.729377151 -0.183910608 -0.063833088 -0.029995466 -0.336441189 -0.153343126 0.928651392
1311870506.648075 1.722144008 -0.184596136 -0.062452372 -0.028183931 -0.334618986 -0.152750045 0.929463923
1311870506.680223 1.712581038 -0.186296329 -0.062562607 -0.027453231 -0.333896458 -0.149183929 0.930324495
1311870506.712116 1.700248837 -0.188922361 -0.069563992 -0.028147751 -0.333132625 -0.145194769 0.931208253
1311870506.748348 1.692726135 -0.192214593 -0.071158089 -0.027727908 -0.334150136 -0.143600896 0.931103408
1311870506.780407 1.687743306 -0.195936128 -0.073425077 -0.026455844 -0.334061801 -0.145275161 0.930912435
1311870506.812568 1.675399899 -0.193911448 -0.074292541 -0.024548205 -0.332742602 -0.147037521 0.931160390
1311870506.848233 1.665685058 -0.193602964 -0.073944762 -0.025188785 -0.332953334 -0.145663306 0.931283951
1311870506.880285 1.656202912 -0.194688246 -0.070413411 -0.026367499 -0.333305120 -0.144847691 0.931252718
1311870506.912274 1.647601604 -0.200141981 -0.068513729 -0.026329426 -0.332670331 -0.145939827 0.931310236
1311870506.948074 1.634809136 -0.203839138 -0.068610258 -0.023907525 -0.330260068 -0.146530554 0.932140291
1311870506.980175 1.621807098 -0.207146451 -0.069106162 -0.020758867 -0.328105956 -0.143705174 0.933415413
1311870507.012290 1.615948677 -0.208949953 -0.072620921 -0.017599566 -0.328315198 -0.141298294 0.933774173
1311870507.048124 1.605977297 -0.209378436 -0.074049242 -0.016461561 -0.328387231 -0.139242098 0.934078395
1311870507.080403 1.593822718 -0.213565871 -0.076552063 -0.016111597 -0.329010695 -0.136035025 0.934337676
1311870507.112226 1.582604408 -0.212231189 -0.077406310 -0.015228232 -0.330894381 -0.134221047 0.933949530
1311870507.148230 1.574183702 -0.218767911 -0.078682907 -0.016708732 -0.332168281 -0.132480428 0.933720529
1311870507.180282 1.570948243 -0.218916193 -0.079477854 -0.015519042 -0.332791448 -0.132474452 0.933519959
1311870507.212880 1.560403705 -0.222290859 -0.077926964 -0.015005684 -0.331949890 -0.133847520 0.933632135
1311870507.248294 1.546079397 -0.222057447 -0.082502805 -0.015603092 -0.329848945 -0.134434730 0.934282362
1311870507.280550 1.540401936 -0.222809181 -0.083085313 -0.016302055 -0.329476476 -0.134576812 0.934381425
1311870507.312261 1.527023792 -0.222405270 -0.083311990 -0.015731232 -0.328328013 -0.137075558 0.934432209
1311870507.348220 1.520416498 -0.224945500 -0.080545016 -0.015541503 -0.328180045 -0.140206531 0.934022725
1311870507.380398 1.511307836 -0.225439146 -0.079635732 -0.014551191 -0.326562583 -0.142696097 0.934228539
1311870507.412372 1.504664898 -0.232180446 -0.086714901 -0.015202160 -0.322377980 -0.142836139 0.935649097
1311870507.448147 1.492203236 -0.231520846 -0.088226438 -0.014029471 -0.317543209 -0.142771184 0.937329113
1311870507.480449 1.482964873 -0.231966645 -0.093584262 -0.014441558 -0.313822091 -0.142108083 0.938675880
1311870507.512338 1.473345876 -0.230570167 -0.093449034 -0.015848083 -0.311714202 -0.141173884 0.939496160
1311870507.548409 1.468117833 -0.230821684 -0.096644342 -0.017313290 -0.310119241 -0.141234949 0.939988852
1311870507.580256 1.458310723 -0.232086524 -0.102970317 -0.018158142 -0.306320399 -0.141604379 0.941162229
1311870507.612370 1.451393127 -0.235706747 -0.103912994 -0.018165683 -0.303428233 -0.140119076 0.942320526
1311870507.648289 1.444135189 -0.235267207 -0.109001219 -0.016924407 -0.298773319 -0.139833197 0.943872213
1311870507.680356 1.434584975 -0.233003363 -0.113882847 -0.016183609 -0.294162512 -0.138018847 0.945598900
1311870507.712294 1.425621152 -0.232719988 -0.119481713 -0.016036311 -0.291859835 -0.135421932 0.946689844
1311870507.748317 1.420808077 -0.228381664 -0.124558307 -0.017142784 -0.291662931 -0.132732108 0.947111964
1311870507.780969 1.410388827 -0.227393657 -0.129891083 -0.019903071 -0.290253669 -0.131491885 0.947663724
1311870507.812477 1.403438091 -0.228050604 -0.132392406 -0.021595083 -0.290178746 -0.128615513 0.948044300
1311870507.848660 1.398131251 -0.228285760 -0.134750754 -0.022636054 -0.289848238 -0.126887992 0.948353887
1311870507.881029 1.391965508 -0.232802898 -0.144146308 -0.024532694 -0.287339509 -0.123854853 0.949470460
1311870507.912585 1.384063959 -0.232753962 -0.150987476 -0.025686732 -0.285369486 -0.119076848 0.950644612
1311870507.948307 1.381892323 -0.235439047 -0.155487433 -0.026337309 -0.283668160 -0.118276872 0.951235652
1311870507.980465 1.372963309 -0.236581609 -0.159582421 -0.026013123 -0.279539019 -0.118659966 0.952418566
1311870508.012439 1.365452647 -0.237235084 -0.164559081 -0.026912060 -0.275963396 -0.115712397 0.953797996
1311870508.048355 1.364020348 -0.238953561 -0.164464384 -0.026747428 -0.272925138 -0.116021089 0.954638958
1311870508.080440 1.361140847 -0.246408135 -0.166619658 -0.026940836 -0.266622484 -0.116420448 0.956364453
1311870508.112310 1.353056669 -0.246557117 -0.178712904 -0.027447155 -0.259205103 -0.113139421 0.958779871
1311870508.148533 1.342082858 -0.246139288 -0.183355227 -0.028472457 -0.254859775 -0.112392023 0.960002005
1311870508.180363 1.335375786 -0.250110865 -0.185938820 -0.030183407 -0.252560794 -0.110900074 0.960730553
1311870508.216310 1.326200008 -0.251794010 -0.191854328 -0.030829974 -0.249409035 -0.108926013 0.961758733
1311870508.248163 1.323868990 -0.257058263 -0.195330083 -0.030967204 -0.246820658 -0.106387131 0.962705731
1311870508.280508 1.325960279 -0.261388749 -0.197660297 -0.030863607 -0.243876621 -0.104783341 0.963634849
1311870508.316252 1.323569894 -0.265557379 -0.204885662 -0.029889932 -0.238541797 -0.104726374 0.965006113
1311870508.348284 1.316451788 -0.267553538 -0.206750363 -0.027841389 -0.232411817 -0.105366230 0.966492414
1311870508.380490 1.306983113 -0.266835779 -0.206262320 -0.026285099 -0.227103844 -0.104306325 0.967911720
1311870508.416350 1.299645782 -0.266505152 -0.210064590 -0.025350111 -0.224161759 -0.103211835 0.968739510
1311870508.448193 1.295496106 -0.267270714 -0.216076851 -0.025433695 -0.222283378 -0.102560654 0.969239175
1311870508.480243 1.290665388 -0.266892672 -0.215983689 -0.025902692 -0.220529214 -0.102526911 0.969630957
1311870508.516262 1.290534139 -0.272457629 -0.218684524 -0.027255693 -0.218657285 -0.102715664 0.969997764
1311870508.548342 1.288104177 -0.271483392 -0.215838045 -0.026986729 -0.215083539 -0.104099900 0.970656455
1311870508.580613 1.284948707 -0.273543298 -0.216987655 -0.027399672 -0.210940659 -0.103655078 0.971601188
1311870508.616329 1.277327180 -0.275867850 -0.218031242 -0.028232461 -0.206509933 -0.102723956 0.972627580
1311870508.648331 1.274998903 -0.274171650 -0.220241010 -0.028812103 -0.203883678 -0.103006974 0.973134518
1311870508.680410 1.263937593 -0.275004685 -0.211468682 -0.030099668 -0.200434670 -0.105586857 0.973535478
1311870508.716325 1.253333211 -0.273107469 -0.213618845 -0.030845148 -0.197577506 -0.105829053 0.974069774
1311870508.748532 1.247452855 -0.274594367 -0.213999644 -0.031934541 -0.195088208 -0.106311835 0.974483728
1311870508.780358 1.245699883 -0.279650301 -0.209519222 -0.033836577 -0.193620667 -0.105304375 0.974821568
1311870508.816297 1.236411214 -0.282228678 -0.213213161 -0.034585670 -0.191239893 -0.103636213 0.975443840
1311870508.848360 1.228516579 -0.283875167 -0.208338544 -0.035552505 -0.191433251 -0.100689404 0.975679755
1311870508.880221 1.222370148 -0.285546511 -0.203948408 -0.036565445 -0.192482606 -0.099090658 0.975599527
1311870508.916285 1.217781544 -0.287420124 -0.202145323 -0.037194196 -0.192950234 -0.096141659 0.975778461
1311870508.948861 1.211811662 -0.290220916 -0.201906428 -0.037688192 -0.192747384 -0.094795078 0.975931346
1311870508.980480 1.205662489 -0.291865319 -0.199062020 -0.038184378 -0.192349717 -0.094000980 0.976067305
1311870509.016227 1.202259779 -0.295900643 -0.201458156 -0.039022844 -0.192319185 -0.093092054 0.976127267
1311870509.049529 1.200354934 -0.296901375 -0.194868863 -0.039626300 -0.192327037 -0.092710577 0.976137698
1311870509.081271 1.195486188 -0.303435415 -0.196339220 -0.040594619 -0.189153254 -0.092975453 0.976692736
1311870509.116238 1.186528444 -0.306004912 -0.189020902 -0.039748274 -0.185692653 -0.093635306 0.977328360
1311870509.148336 1.176930189 -0.313676625 -0.189402193 -0.038703240 -0.182019845 -0.093554914 0.978068709
1311870509.180552 1.167888880 -0.309303492 -0.185886890 -0.036720298 -0.180661082 -0.092642739 0.978483796
1311870509.216279 1.158177257 -0.311280072 -0.183959782 -0.035936598 -0.180375904 -0.094053827 0.978430867
1311870509.248341 1.153218031 -0.314616412 -0.181117520 -0.035140108 -0.179858416 -0.093435958 0.978614271
1311870509.280562 1.150361419 -0.318535030 -0.180924192 -0.034807518 -0.179101065 -0.092164092 0.978885591
1311870509.316445 1.149201512 -0.320678294 -0.181756079 -0.034671478 -0.178903416 -0.089526340 0.979171336
1311870509.348401 1.137150884 -0.320765197 -0.181105092 -0.034428295 -0.178647369 -0.089041285 0.979270875
1311870509.380502 1.134208083 -0.324481994 -0.180526733 -0.034671299 -0.179364294 -0.089019686 0.979133248
1311870509.417033 1.126674414 -0.326477975 -0.177674904 -0.033686906 -0.177019328 -0.090400077 0.979467809
1311870509.448306 1.118654132 -0.323642075 -0.174764112 -0.032107212 -0.174068928 -0.090626068 0.980028570
1311870509.480826 1.115572214 -0.323966384 -0.178154320 -0.032935463 -0.172604069 -0.091436826 0.980184853
1311870509.516377 1.105625510 -0.324049294 -0.174862951 -0.033728749 -0.170650974 -0.092830554 0.980368853
1311870509.548536 1.100193262 -0.329950124 -0.177558348 -0.033598430 -0.167896166 -0.094474867 0.980691850
1311870509.580402 1.094261765 -0.331381798 -0.175082684 -0.032730445 -0.164760605 -0.094784386 0.981222987
1311870509.616459 1.091091275 -0.332472593 -0.177536592 -0.031800080 -0.161458865 -0.093044549 0.981968641
1311870509.648358 1.083241105 -0.334741652 -0.181038812 -0.031043258 -0.157809585 -0.091628246 0.982719064
1311870509.680313 1.073452473 -0.328069746 -0.178199589 -0.030606473 -0.155298859 -0.089626648 0.983317137
1311870509.716502 1.068451405 -0.330644906 -0.183124334 -0.031596266 -0.152837709 -0.090430893 0.983597755
1311870509.748527 1.064439416 -0.328047663 -0.185783505 -0.031679254 -0.149591357 -0.089821562 0.984149873
1311870509.780511 1.055280328 -0.330194980 -0.185663477 -0.032607444 -0.145478010 -0.089173108 0.984794915
1311870509.816617 1.049317479 -0.325583816 -0.184751853 -0.032023899 -0.141670659 -0.089080974 0.985377312
1311870509.848435 1.043863177 -0.326623470 -0.195485249 -0.032522108 -0.136528954 -0.089366905 0.986060679
1311870509.880414 1.036309600 -0.320795029 -0.194174528 -0.032699898 -0.132440284 -0.088672593 0.986674964
1311870509.916377 1.024365664 -0.318115354 -0.200271249 -0.032994933 -0.128059417 -0.087822013 0.987319291
1311870509.948447 1.020761967 -0.315317005 -0.207391024 -0.034180924 -0.126233727 -0.087159291 0.987572789
1311870509.980798 1.010803699 -0.313636780 -0.214164168 -0.035197269 -0.123298146 -0.084296279 0.988156259
1311870510.016412 1.002148032 -0.310596079 -0.217497885 -0.035790313 -0.121838816 -0.079831183 0.988686681
1311870510.048898 0.991855979 -0.304268479 -0.220264807 -0.036437627 -0.120633587 -0.076568745 0.989068806
1311870510.080560 0.988612592 -0.303051114 -0.224878669 -0.038519327 -0.119235441 -0.072979607 0.989430726
1311870510.116341 0.976958692 -0.305197358 -0.232187197 -0.040737342 -0.115838178 -0.069707498 0.989981234
1311870510.148444 0.967890978 -0.301707625 -0.235462219 -0.041847903 -0.113862991 -0.064691618 0.990504384
1311870510.180473 0.959070206 -0.296982884 -0.242725536 -0.043439839 -0.114072897 -0.062293798 0.990565419
1311870510.216558 0.956378460 -0.297024667 -0.249102548 -0.045848537 -0.113141477 -0.060277216 0.990688443
1311870510.248324 0.952292681 -0.297698677 -0.253574938 -0.046809237 -0.109591946 -0.059074514 0.991114914
1311870510.280622 0.942651272 -0.297899723 -0.259661853 -0.047363222 -0.104469381 -0.058576606 0.991671145
1311870510.316572 0.930046141 -0.293758124 -0.264746070 -0.046921819 -0.100158654 -0.058022391 0.992169321
1311870510.348425 0.922613442 -0.290636539 -0.266003281 -0.047385782 -0.099695370 -0.057712805 0.992211998
1311870510.380363 0.915975094 -0.289171278 -0.271610051 -0.048322234 -0.100624532 -0.057795011 0.992068231
1311870510.416479 0.907634199 -0.288661003 -0.273036063 -0.049249925 -0.099581055 -0.059143960 0.992048383
1311870510.448483 0.901051044 -0.290242374 -0.274255842 -0.049614277 -0.097665712 -0.060095251 0.992163479
1311870510.480414 0.891517282 -0.288569868 -0.279848248 -0.048362602 -0.095077790 -0.061317038 0.992401898
1311870510.516466 0.881183803 -0.283213586 -0.279415339 -0.046947148 -0.093366362 -0.062420856 0.992563546
1311870510.548480 0.873137534 -0.284325004 -0.283562899 -0.046817578 -0.092838332 -0.064153813 0.992508650
1311870510.580413 0.869289756 -0.283476770 -0.282621205 -0.046155181 -0.092399545 -0.064911701 0.992531359
1311870510.616534 0.861697674 -0.282030433 -0.288629979 -0.045449458 -0.091109596 -0.065339439 0.992655098
1311870510.648602 0.853375137 -0.278471559 -0.291481644 -0.044945296 -0.090767495 -0.066532888 0.992630124
1311870510.680582 0.848980248 -0.277865291 -0.293215722 -0.045011155 -0.090871669 -0.067503966 0.992552042
1311870510.716517 0.840011179 -0.279010504 -0.293637156 -0.044955645 -0.089688867 -0.068932898 0.992563963
1311870510.748610 0.834123850 -0.272902340 -0.292358845 -0.044198811 -0.089603245 -0.068716727 0.992620647
1311870510.780777 0.824256897 -0.268970758 -0.293110341 -0.044328403 -0.089744411 -0.070312224 0.992490351
1311870510.816493 0.819225848 -0.269245207 -0.292155445 -0.045894396 -0.090065464 -0.070695102 0.992362916
1311870510.848414 0.812196076 -0.268793225 -0.292423606 -0.046681788 -0.089842796 -0.071402617 0.992295682
1311870510.880533 0.802540481 -0.268116921 -0.286799490 -0.047628477 -0.089563161 -0.072334647 0.992208481
1311870510.916516 0.791679919 -0.267302781 -0.285702378 -0.048470218 -0.090185203 -0.072450601 0.992102921
1311870510.948628 0.782264888 -0.266354114 -0.283277601 -0.049052522 -0.091054894 -0.070589177 0.992129028
1311870510.980593 0.776397705 -0.266829967 -0.283865064 -0.049397431 -0.093222633 -0.068361782 0.992066562
1311870511.016518 0.770391703 -0.265719116 -0.281380385 -0.050128322 -0.095645115 -0.068188377 0.991811216
1311870511.048272 0.762574494 -0.263106883 -0.276831597 -0.050588291 -0.096949451 -0.067930110 0.991678953
1311870511.080594 0.755485713 -0.264237165 -0.276490629 -0.051143438 -0.096672237 -0.068871178 0.991612613
1311870511.116574 0.744232953 -0.263291061 -0.271644622 -0.051025465 -0.095253475 -0.071585238 0.991563797
1311870511.148539 0.734615505 -0.266189307 -0.270972580 -0.050205082 -0.095316336 -0.074510120 0.991384089
1311870511.180618 0.724903822 -0.266775548 -0.268352389 -0.049139030 -0.095746152 -0.075667925 0.991308451
1311870511.216596 0.713147819 -0.267955840 -0.264218926 -0.048474643 -0.096310206 -0.074936628 0.991342068
1311870511.248758 0.704100549 -0.268312305 -0.261744589 -0.047595806 -0.097316399 -0.072754771 0.991448879
1311870511.280598 0.694327116 -0.269964665 -0.260877907 -0.047437318 -0.098453268 -0.070565432 0.991502464
1311870511.316555 0.688280880 -0.271117687 -0.257324964 -0.048068013 -0.099860787 -0.068946064 0.991445243
1311870511.348626 0.683758497 -0.274241835 -0.252273649 -0.047782950 -0.100237913 -0.070115514 0.991338968
1311870511.380430 0.674218416 -0.282892853 -0.250382543 -0.046495307 -0.099187829 -0.072608404 0.991326392
1311870511.416519 0.664606929 -0.285728335 -0.247237816 -0.043714751 -0.097571671 -0.073834158 0.991522729
1311870511.448601 0.655476570 -0.289135724 -0.244217619 -0.040667191 -0.096411280 -0.074159272 0.991741657
1311870511.481030 0.642388403 -0.290367931 -0.244019881 -0.037357930 -0.095383584 -0.074421652 0.991951525
1311870511.516401 0.634698451 -0.288825899 -0.240436032 -0.035605811 -0.097148746 -0.074572913 0.991833270
1311870511.548648 0.625847638 -0.289911807 -0.235896125 -0.034619030 -0.098258518 -0.074813902 0.991740704
1311870511.580577 0.619095206 -0.292431086 -0.231857032 -0.032360338 -0.099507518 -0.074871242 0.991688132
1311870511.616618 0.614174485 -0.291529417 -0.227874726 -0.029817838 -0.098915532 -0.074727587 0.991837919
1311870511.648634 0.602669477 -0.289746404 -0.224275038 -0.028653665 -0.097156294 -0.073212944 0.992159009
1311870511.680528 0.592089593 -0.288412720 -0.225188181 -0.028996628 -0.096477062 -0.071741894 0.992322743
1311870511.716482 0.584614635 -0.287134916 -0.222015619 -0.030248715 -0.096677810 -0.071357638 0.992293537
1311870511.749418 0.579172909 -0.288479328 -0.217975363 -0.032484896 -0.096106924 -0.072396457 0.992203057
1311870511.780714 0.577228189 -0.287453145 -0.214510649 -0.033588357 -0.094377786 -0.072585084 0.992318511
1311870511.816641 0.568900704 -0.289139003 -0.210499793 -0.034395840 -0.090086997 -0.074712493 0.992531776
1311870511.848452 0.561541796 -0.285241842 -0.207320035 -0.034391291 -0.086103894 -0.075661540 0.992813528
1311870511.880710 0.552512884 -0.283740491 -0.207194313 -0.035031166 -0.083263941 -0.077022076 0.992928743
1311870511.916572 0.545035005 -0.279355288 -0.202203155 -0.036641598 -0.081226848 -0.077759326 0.992981911
1311870511.948849 0.536784470 -0.281820834 -0.202030316 -0.038908083 -0.078400224 -0.077787057 0.993120730
1311870511.980637 0.532897890 -0.279658169 -0.198187843 -0.039072204 -0.075324051 -0.078392409 0.993304729
1311870512.016557 0.523811162 -0.279072493 -0.198988318 -0.039102029 -0.070625670 -0.078885198 0.993609667
1311870512.049201 0.515289485 -0.271777630 -0.194804475 -0.038182437 -0.066316120 -0.077997573 0.994012415
1311870512.080554 0.513506055 -0.268487483 -0.198004931 -0.038972039 -0.063215636 -0.076006345 0.994337976
1311870512.116670 0.505817950 -0.265034705 -0.197178096 -0.040477060 -0.059649993 -0.074217699 0.994633198
1311870512.148844 0.503811359 -0.262136102 -0.199490398 -0.041720834 -0.057402398 -0.072466500 0.994843185
1311870512.180555 0.496012807 -0.260508746 -0.202831894 -0.042871192 -0.053552933 -0.071831703 0.995054960
1311870512.216636 0.488407671 -0.256753534 -0.204461515 -0.043612305 -0.049793471 -0.070312731 0.995326400
1311870512.248891 0.480449468 -0.255076081 -0.211366773 -0.044844616 -0.047064692 -0.067981958 0.995566308
1311870512.280825 0.467640668 -0.252091855 -0.210760295 -0.045678258 -0.044207599 -0.066438697 0.995763540
1311870512.316616 0.463752627 -0.251263201 -0.213725224 -0.046512309 -0.042152241 -0.063896358 0.995980442
1311870512.348749 0.454363286 -0.247829244 -0.215178385 -0.046954118 -0.039372105 -0.061081730 0.996250033
1311870512.380530 0.443787903 -0.247406721 -0.222497553 -0.047463775 -0.037343774 -0.057956975 0.996490657
1311870512.416611 0.436703980 -0.243438631 -0.226693645 -0.047784492 -0.036599662 -0.054312129 0.996708214
1311870512.448649 0.429666340 -0.239294603 -0.230454847 -0.048206586 -0.035376422 -0.050693341 0.996922672
1311870512.480873 0.422900826 -0.236858949 -0.233665779 -0.048424322 -0.033939950 -0.048424717 0.997074842
1311870512.516478 0.412944615 -0.232865900 -0.241103083 -0.047639906 -0.032340247 -0.046850383 0.997240961
1311870512.549111 0.406182587 -0.228742659 -0.244710609 -0.047354411 -0.031606063 -0.045087598 0.997359395
1311870512.580550 0.401606232 -0.225399584 -0.249975771 -0.046965465 -0.031207399 -0.042688906 0.997495830
1311870512.616585 0.395432353 -0.221738860 -0.255725354 -0.046346620 -0.029351594 -0.042623658 0.997583926
1311870512.648878 0.387041718 -0.216104746 -0.256805569 -0.045210920 -0.027279900 -0.043362353 0.997663021
1311870512.680697 0.382383913 -0.212107867 -0.265054673 -0.044873554 -0.025386741 -0.042740602 0.997755051
1311870512.716466 0.377450913 -0.206724435 -0.263829887 -0.044212494 -0.023639837 -0.042509299 0.997837305
1311870512.748564 0.369826525 -0.201837361 -0.266859323 -0.043556854 -0.021301039 -0.042117391 0.997935414
1311870512.780680 0.366045535 -0.201003119 -0.273277521 -0.043061592 -0.019597366 -0.042666417 0.997968554
1311870512.816492 0.358663023 -0.194987178 -0.272337258 -0.041644428 -0.018024132 -0.042568695 0.998062491
1311870512.848544 0.352321267 -0.191403881 -0.270577997 -0.040761996 -0.015952200 -0.042537142 0.998135567
1311870512.880656 0.349851131 -0.191505849 -0.278749406 -0.039386891 -0.013946642 -0.043392107 0.998183966
1311870512.916597 0.345002174 -0.185653895 -0.280490845 -0.037535805 -0.012112332 -0.043684889 0.998266459
1311870512.948751 0.338425219 -0.183057755 -0.283237725 -0.036401603 -0.010981211 -0.044223953 0.998297811
1311870512.980644 0.331838846 -0.178882703 -0.281886280 -0.035549484 -0.010914934 -0.043903001 0.998343408
1311870513.017021 0.326493412 -0.175401628 -0.282271624 -0.034706105 -0.011258353 -0.042577952 0.998426676
1311870513.048599 0.322785825 -0.171207994 -0.276780188 -0.033504013 -0.011638557 -0.042323310 0.998474240
1311870513.080592 0.321602106 -0.168997988 -0.283534378 -0.032193899 -0.011175700 -0.043249708 0.998482883
1311870513.116693 0.314540327 -0.165573969 -0.277949601 -0.029861020 -0.008831602 -0.046367466 0.998438954
1311870513.148876 0.312173307 -0.157376885 -0.272367626 -0.027286328 -0.007341346 -0.049723715 0.998363197
1311870513.180660 0.309232414 -0.151031017 -0.270616919 -0.025234044 -0.006526659 -0.051529687 0.998331308
1311870513.217798 0.299273849 -0.146468520 -0.269336194 -0.023759447 -0.005212480 -0.053276777 0.998283505
1311870513.248768 0.290654659 -0.140980646 -0.270144314 -0.023330422 -0.005565496 -0.054240718 0.998239756
1311870513.280795 0.281862527 -0.136697158 -0.267097741 -0.024247641 -0.007205494 -0.053931367 0.998224199
1311870513.316689 0.277501583 -0.131506070 -0.264430612 -0.024579499 -0.010293686 -0.052500855 0.998265266
1311870513.348727 0.270262420 -0.122011311 -0.257160217 -0.025239123 -0.013128605 -0.050809991 0.998303056
1311870513.380578 0.264261037 -0.122985512 -0.254771024 -0.026729200 -0.015839636 -0.050792888 0.998225749
1311870513.416927 0.258028060 -0.119995311 -0.246959344 -0.027432710 -0.019572493 -0.049286131 0.998216033
1311870513.448685 0.254017055 -0.116694324 -0.241400018 -0.027558522 -0.023046315 -0.048150662 0.998193800
1311870513.480618 0.250699669 -0.112303577 -0.234000295 -0.028376393 -0.024148583 -0.046886347 0.998205006
1311870513.516695 0.247359961 -0.110828578 -0.225850940 -0.029845264 -0.024208322 -0.045087390 0.998243630
1311870513.549145 0.244452223 -0.109437451 -0.215833798 -0.030574851 -0.022271771 -0.045203187 0.998261392
1311870513.580726 0.241382807 -0.107676581 -0.207848310 -0.030398738 -0.018393552 -0.045280538 0.998342276
1311870513.616593 0.237277910 -0.109586857 -0.199524552 -0.030410271 -0.013590008 -0.044233192 0.998465776
1311870513.648886 0.234003276 -0.104539678 -0.197296813 -0.029413449 -0.008529601 -0.041153103 0.998683393
1311870513.680668 0.225430623 -0.103604577 -0.188883364 -0.029379800 -0.004550960 -0.040972289 0.998717904
1311870513.716551 0.219152391 -0.102401741 -0.185436025 -0.028843857 -0.002974640 -0.041857887 0.998702705
1311870513.748940 0.217012092 -0.100516081 -0.180602610 -0.028134959 -0.002415767 -0.041330509 0.998746395
1311870513.780628 0.213420078 -0.097617552 -0.176977858 -0.027722484 -0.001806503 -0.040143508 0.998807669
1311870513.817448 0.208752319 -0.095512681 -0.171050072 -0.026937526 -0.001512069 -0.038555820 0.998892188
1311870513.848769 0.207901627 -0.096201524 -0.169600993 -0.026787244 -0.001177495 -0.037328970 0.998943269
1311870513.880831 0.202766106 -0.094766602 -0.165102214 -0.026378613 0.001625676 -0.036273267 0.998992383
1311870513.916620 0.200236470 -0.092285655 -0.162543520 -0.026339071 0.004635951 -0.036482044 0.998976409
1311870513.948819 0.193110421 -0.086875424 -0.157190099 -0.025987806 0.007879805 -0.037790619 0.998916626
1311870513.981164 0.187422201 -0.085779555 -0.161157891 -0.027371708 0.009756720 -0.038587417 0.998832643
1311870514.016691 0.181328118 -0.085364982 -0.156760290 -0.028819401 0.009403487 -0.039674744 0.998752713
1311870514.048717 0.176927313 -0.082821198 -0.152450562 -0.029311869 0.009309283 -0.040589567 0.998702466
1311870514.080776 0.175419584 -0.079070270 -0.150253803 -0.030249143 0.010304880 -0.039661400 0.998702049
1311870514.116775 0.171083137 -0.076241620 -0.145607471 -0.031247208 0.012634029 -0.039510917 0.998650491
1311870514.148748 0.170735553 -0.073774837 -0.147569537 -0.032485653 0.014233675 -0.040738616 0.998540103
1311870514.181035 0.167277500 -0.070154399 -0.146299049 -0.033541795 0.016264524 -0.041768413 0.998431683
1311870514.216614 0.156769946 -0.067258254 -0.144081727 -0.035315581 0.019363469 -0.042417306 0.998287857
1311870514.248703 0.152304500 -0.062893249 -0.141995743 -0.036827996 0.020576429 -0.042330366 0.998212636
1311870514.280757 0.146240756 -0.062879808 -0.142312139 -0.038412116 0.021635476 -0.042674225 0.998115897
1311870514.316734 0.141996518 -0.058479786 -0.143450424 -0.038038716 0.021920446 -0.042341299 0.998138130
1311870514.348655 0.139941156 -0.051274106 -0.146091446 -0.038776409 0.021324126 -0.041913398 0.998140752
1311870514.380725 0.133101359 -0.046311278 -0.146590456 -0.041066460 0.020122208 -0.040441632 0.998134792
1311870514.416768 0.129047722 -0.040645994 -0.151442856 -0.044267803 0.018916385 -0.038665235 0.998091936
1311870514.449389 0.121380717 -0.034998741 -0.154058069 -0.048121944 0.020244373 -0.036860015 0.997955799
1311870514.480759 0.115890488 -0.031279437 -0.154905275 -0.051265053 0.021764429 -0.032595530 0.997915685
1311870514.516662 0.108863704 -0.026750529 -0.151624873 -0.052541804 0.023562696 -0.029185049 0.997913957
1311870514.548705 0.100763313 -0.023870936 -0.153385088 -0.053163707 0.026085541 -0.027517451 0.997865677
1311870514.580866 0.092356585 -0.022511875 -0.155756444 -0.053335756 0.028289922 -0.026040439 0.997836113
1311870514.616608 0.083231583 -0.019696034 -0.161499843 -0.052034341 0.029318262 -0.024391202 0.997916758
1311870514.649213 0.076509967 -0.016255759 -0.164123088 -0.051203150 0.029539159 -0.023131445 0.997983277
1311870514.680698 0.069669738 -0.015265937 -0.167495057 -0.050275449 0.030678358 -0.020686494 0.998049736
1311870514.716874 0.064457953 -0.011703669 -0.171784371 -0.048659936 0.032170229 -0.017719155 0.998139918
1311870514.748716 0.057667408 -0.008755450 -0.177045465 -0.048218213 0.035101034 -0.015553745 0.998098671
1311870514.780725 0.052595541 -0.006289299 -0.176779255 -0.048115406 0.038687073 -0.014257299 0.997990429
1311870514.816669 0.046617802 -0.002658457 -0.177579671 -0.047310892 0.042972982 -0.012332144 0.997879207
1311870514.848851 0.042214189 0.002834183 -0.187058255 -0.047233619 0.046999492 -0.011110740 0.997715652
1311870514.880752 0.035076603 0.005656765 -0.185709745 -0.047699198 0.051143698 -0.009875582 0.997502625
1311870514.917136 0.032573286 0.007413293 -0.192816898 -0.047607213 0.055193964 -0.009108855 0.997298419
1311870514.948944 0.023631569 0.013216876 -0.199236855 -0.047666036 0.058836095 -0.009159796 0.997086942
1311870514.980839 0.019321263 0.018349504 -0.197616488 -0.048631072 0.060510051 -0.007730110 0.996952236
1311870515.016762 0.015093689 0.022120163 -0.202006340 -0.049833518 0.062060736 -0.005584734 0.996811867
1311870515.049229 0.010771973 0.023459857 -0.205937922 -0.051788263 0.063497826 -0.006052469 0.996618986
1311870515.080871 0.005108735 0.028687190 -0.203964785 -0.052881841 0.064886726 -0.006026872 0.996472180
1311870515.116742 0.001043449 0.025348727 -0.207711220 -0.054453336 0.066749513 -0.005232896 0.996268988
1311870515.149061 -0.002887915 0.027782589 -0.207847297 -0.054489475 0.068968967 -0.005421114 0.996114850
1311870515.180825 -0.006834524 0.028894927 -0.206037730 -0.054412108 0.070720978 -0.004974552 0.995998561
1311870515.217051 -0.010449721 0.032411911 -0.208249882 -0.053659953 0.072601937 -0.003850916 0.995909035
1311870515.249086 -0.013497086 0.034755867 -0.211009637 -0.053706534 0.073260412 -0.002329644 0.995862961
1311870515.280873 -0.018930251 0.036391597 -0.211164504 -0.053733245 0.074233070 -0.001347777 0.995791316
1311870515.316924 -0.021907590 0.038532671 -0.210531637 -0.053069413 0.074656054 -0.001992850 0.995794237
1311870515.348984 -0.023657087 0.039716616 -0.210840777 -0.053231765 0.075454943 -0.002284281 0.995724738
1311870515.380828 -0.026412720 0.042425521 -0.208985448 -0.053088523 0.077081315 -0.000455323 0.995610297
1311870515.416977 -0.031056728 0.043773580 -0.207138747 -0.052653544 0.078932628 -0.000001021 0.995488465
1311870515.448730 -0.032499440 0.045765780 -0.204199970 -0.052717958 0.080504246 -0.000759677 0.995358884
1311870515.480677 -0.036536917 0.047979236 -0.201625824 -0.052260991 0.082892843 0.000542638 0.995187044
1311870515.516884 -0.035674926 0.051242817 -0.198905796 -0.052191611 0.083428428 0.003832316 0.995138705
1311870515.548761 -0.033291832 0.053570747 -0.195642814 -0.052348156 0.085515007 0.009382027 0.994916499
1311870515.580786 -0.035777129 0.056711409 -0.191944450 -0.052482914 0.089304090 0.013151803 0.994533718
1311870515.616782 -0.037348486 0.059261277 -0.187953338 -0.053132500 0.091631629 0.015571591 0.994252563
1311870515.648822 -0.038923834 0.061651587 -0.182788730 -0.053872541 0.093377233 0.018934753 0.993991911
1311870515.681287 -0.038699880 0.067382112 -0.178533256 -0.054931298 0.094508372 0.021946270 0.993765116
1311870515.717139 -0.037575886 0.068112195 -0.169496834 -0.057611607 0.096905582 0.023222014 0.993353367
1311870515.748708 -0.037569497 0.066896051 -0.164959133 -0.058096543 0.101052731 0.024837052 0.992872715
1311870515.780993 -0.039653834 0.067951940 -0.159306526 -0.056897797 0.105760954 0.025545536 0.992433727
1311870515.816887 -0.039975435 0.068493918 -0.158125609 -0.056007944 0.109638177 0.025607577 0.992061913
1311870515.848866 -0.040595602 0.071813010 -0.150939569 -0.054758422 0.112941436 0.026545249 0.991736412
1311870515.881091 -0.041514948 0.076130092 -0.149730206 -0.053047504 0.116235733 0.026086923 0.991460860
1311870515.916993 -0.046072353 0.083046183 -0.144875288 -0.052513942 0.118944012 0.023010144 0.991244256
1311870515.949225 -0.051334798 0.083282486 -0.139862806 -0.054052271 0.120428726 0.017466396 0.991095483
1311870515.980823 -0.054061551 0.085717611 -0.133204296 -0.054702669 0.120527133 0.012342767 0.991124809
1311870516.017108 -0.060720261 0.088658050 -0.124681346 -0.054885846 0.121703774 0.009432659 0.991002917
1311870516.048597 -0.060998045 0.088873379 -0.126907378 -0.054850686 0.120987348 0.005858622 0.991120160
1311870516.080984 -0.061976157 0.092996985 -0.120557114 -0.054596152 0.120902248 0.003129745 0.991156936
1311870516.117447 -0.062060773 0.090582758 -0.117216386 -0.055224817 0.123043567 0.003006277 0.990858972
1311870516.148896 -0.061585601 0.090214513 -0.114221603 -0.053243723 0.126041561 0.005410305 0.990580320
1311870516.180811 -0.063769557 0.094200380 -0.112999529 -0.052130129 0.129036665 0.005840584 0.990251422
1311870516.217019 -0.064966686 0.094987534 -0.110494941 -0.051607009 0.131564140 0.006850407 0.989939749
1311870516.249677 -0.064351730 0.098073460 -0.110832654 -0.049946249 0.133353218 0.009210808 0.989766359
1311870516.280715 -0.070133097 0.100931011 -0.110330902 -0.050004896 0.136310115 0.009799583 0.989354849
1311870516.317211 -0.071418770 0.100532651 -0.109140612 -0.050903227 0.137443021 0.008875960 0.989160955
1311870516.348809 -0.074048869 0.100642204 -0.107519187 -0.049910326 0.139373302 0.007946198 0.988949418
1311870516.380720 -0.078511134 0.105548717 -0.109823309 -0.048747163 0.141357273 0.005803247 0.988740683
1311870516.416952 -0.080526680 0.106815077 -0.108501822 -0.050063930 0.143752873 0.002615734 0.988343000
1311870516.448748 -0.083783731 0.111694872 -0.110135287 -0.050526623 0.146914750 0.002057105 0.987855732
1311870516.480805 -0.086500131 0.115429878 -0.111823760 -0.052823611 0.148887962 0.002397808 0.987439275
1311870516.516852 -0.090975508 0.122819424 -0.102492400 -0.055084437 0.150090814 0.004213798 0.987127483
1311870516.549071 -0.093735836 0.126804098 -0.113011919 -0.059691850 0.150630608 0.004566574 0.986775815
1311870516.581144 -0.098213606 0.128654197 -0.107364163 -0.063605495 0.153268009 0.003875862 0.986127913
1311870516.616924 -0.102729544 0.132952482 -0.111417606 -0.066643246 0.155892044 0.004578544 0.985512733
1311870516.648987 -0.109578051 0.132889777 -0.110833138 -0.070534565 0.157302424 0.004499723 0.985018015
1311870516.680804 -0.114114396 0.135988787 -0.112336621 -0.071710341 0.157508627 0.004787087 0.984898865
1311870516.716713 -0.118847407 0.138120785 -0.113405935 -0.073001690 0.158002943 0.006217815 0.984716773
1311870516.748807 -0.124500483 0.139643461 -0.116988331 -0.074135110 0.159834057 0.008337488 0.984320879
1311870516.780766 -0.130862311 0.141115323 -0.119491577 -0.074147075 0.161853284 0.010932010 0.983964562
1311870516.817369 -0.137155652 0.143185318 -0.121850826 -0.074034862 0.163274884 0.014171926 0.983696759
1311870516.848747 -0.144975409 0.141833529 -0.127853796 -0.074432775 0.165064797 0.016696271 0.983328342
1311870516.880949 -0.150770456 0.142649442 -0.128756702 -0.073476836 0.166043296 0.018784825 0.983197808
1311870516.916808 -0.157422051 0.143898383 -0.132706404 -0.071793750 0.166914031 0.020272054 0.983145177
1311870516.949269 -0.165733576 0.142707407 -0.137912259 -0.071330532 0.167930767 0.021852979 0.982971847
1311870516.980822 -0.172951967 0.144676507 -0.139971659 -0.069696024 0.168835983 0.023026563 0.982907236
1311870517.016940 -0.180003777 0.148554966 -0.143600911 -0.069547281 0.168950766 0.026307423 0.982815742
1311870517.048730 -0.187893987 0.148022428 -0.147783011 -0.071095303 0.168078437 0.029543366 0.982762575
1311870517.080915 -0.196226880 0.147788256 -0.151901409 -0.071807146 0.166959345 0.032461334 0.982809544
1311870517.117578 -0.202771187 0.146461040 -0.157284364 -0.072317220 0.166244730 0.034511928 0.982823431
1311870517.148913 -0.210349694 0.146998838 -0.162424937 -0.072376087 0.166657448 0.034232270 0.982758939
1311870517.180897 -0.216845259 0.147884518 -0.170387372 -0.071975946 0.167420790 0.034695596 0.982642353
1311870517.216791 -0.222427875 0.151321441 -0.171392053 -0.071516842 0.167251304 0.035314325 0.982682705
1311870517.248937 -0.229530424 0.153387263 -0.176504806 -0.071732007 0.168376446 0.033205036 0.982548356
1311870517.280881 -0.234926343 0.154203206 -0.182175592 -0.073030300 0.169925287 0.031723291 0.982235014
1311870517.316941 -0.242232338 0.155114651 -0.182136640 -0.073539332 0.171553805 0.031359479 0.981925547
1311870517.349257 -0.245948538 0.157396182 -0.184855029 -0.073513061 0.171338901 0.030922780 0.981978893
1311870517.385883 -0.250845104 0.158341572 -0.188769788 -0.073942423 0.172055438 0.029991046 0.981850266
1311870517.417034 -0.255807698 0.160224751 -0.190127254 -0.073308952 0.173753425 0.029732218 0.981606603
1311870517.448895 -0.258655161 0.160926893 -0.191880792 -0.072722867 0.174212098 0.030268824 0.981552482
1311870517.484795 -0.264401764 0.160256624 -0.196919292 -0.072909430 0.175102368 0.029408416 0.981406391
1311870517.523738 -0.265947282 0.163038686 -0.194742501 -0.072656520 0.175193578 0.029526409 0.981405318
1311870517.549778 -0.268768638 0.159250095 -0.197413206 -0.072982870 0.176308632 0.026922507 0.981256306
1311870517.584888 -0.270388246 0.161952823 -0.196098715 -0.072400436 0.177948222 0.023447124 0.981092691
1311870517.618659 -0.271434367 0.163929284 -0.192547485 -0.072029769 0.179784879 0.023281327 0.980789006
1311870517.648922 -0.275615841 0.162971839 -0.193611264 -0.073155731 0.181769729 0.024397317 0.980312586
1311870517.684853 -0.275829792 0.164901257 -0.190518588 -0.073188975 0.182637975 0.025925832 0.980109453
1311870517.716957 -0.276135892 0.168885142 -0.188639253 -0.073235124 0.183292463 0.026984138 0.979955316
1311870517.749021 -0.277187645 0.166097522 -0.188076481 -0.075289063 0.184292749 0.028478850 0.979569674
1311870517.786038 -0.279981226 0.164429083 -0.179828718 -0.076674446 0.185371026 0.026934339 0.979302406
1311870517.816955 -0.281920940 0.163562760 -0.174879476 -0.077152915 0.185577333 0.027190562 0.979218662
1311870517.848849 -0.281542242 0.162504464 -0.174035683 -0.078005865 0.185156628 0.027760517 0.979214728
1311870517.884894 -0.284402072 0.161991537 -0.167301938 -0.078023069 0.185287818 0.028556475 0.979165673
1311870517.916815 -0.284233928 0.163604587 -0.161891848 -0.078985348 0.184197918 0.029092574 0.979278326
1311870517.948937 -0.286537468 0.161076039 -0.153414086 -0.080648847 0.184236243 0.029558415 0.979121566
1311870517.984866 -0.288651854 0.158741981 -0.149044618 -0.080957532 0.184678897 0.031306691 0.978958368
1311870518.016692 -0.287946403 0.155495271 -0.143111318 -0.081394903 0.184008941 0.033777241 0.978966117
1311870518.048901 -0.291248947 0.155074134 -0.134818375 -0.080947705 0.184123531 0.036288869 0.978891790
1311870518.084929 -0.290694505 0.153145432 -0.128751040 -0.080519959 0.182923958 0.037598029 0.979102552
1311870518.116926 -0.288216442 0.151873320 -0.126397908 -0.080212012 0.182673514 0.038202252 0.979151189
1311870518.148942 -0.288242698 0.146773785 -0.121212713 -0.081016399 0.184079885 0.037943706 0.978831589
1311870518.184855 -0.288918257 0.143801376 -0.116599940 -0.081086911 0.185291633 0.038006335 0.978594601
1311870518.216804 -0.288352758 0.143735573 -0.111853093 -0.079997301 0.186716139 0.036870912 0.978456974
1311870518.248863 -0.287549227 0.142076224 -0.108671427 -0.079536065 0.188691452 0.036691397 0.978122354
1311870518.284884 -0.285582542 0.135391071 -0.103255846 -0.079777583 0.191079885 0.037932578 0.977591455
1311870518.317116 -0.286837786 0.132091179 -0.100998811 -0.079064846 0.194054678 0.039762769 0.976990521
1311870518.348887 -0.287671685 0.133781210 -0.096617416 -0.078370236 0.196003675 0.040802676 0.976614475
1311870518.385605 -0.287795812 0.130477101 -0.091963790 -0.079296790 0.196849629 0.040988211 0.976361752
1311870518.417149 -0.289702266 0.126800522 -0.086975724 -0.079894155 0.197219476 0.038993966 0.976320028
1311870518.448787 -0.290144354 0.125749931 -0.084464408 -0.078343421 0.197611287 0.035370242 0.976504505
1311870518.484955 -0.290398389 0.126017734 -0.083221182 -0.077007443 0.199636504 0.032216042 0.976307988
1311870518.516903 -0.290366352 0.129040405 -0.080300882 -0.077206388 0.202167079 0.032142077 0.975773811
1311870518.549524 -0.293440014 0.128747493 -0.077959552 -0.079039268 0.203985631 0.033296529 0.975209713
1311870518.586884 -0.293910593 0.128453299 -0.073528796 -0.080949716 0.204199716 0.035764728 0.974920750
1311870518.616963 -0.294226527 0.127223685 -0.072469704 -0.081881829 0.204971001 0.038338892 0.974583149
1311870518.649051 -0.295142144 0.127871290 -0.070215940 -0.082486458 0.206252679 0.040857520 0.974159360
1311870518.684945 -0.297462016 0.127664551 -0.069616452 -0.082830958 0.208097577 0.042574063 0.973664165
1311870518.717002 -0.302418768 0.126926914 -0.071583338 -0.083353296 0.211167544 0.042603068 0.972957075
1311870518.748852 -0.303232282 0.128655583 -0.069248833 -0.083871141 0.213393912 0.043535836 0.972385347
1311870518.791123 -0.308598220 0.127465606 -0.070376195 -0.083766639 0.215501964 0.044713460 0.971875906
1311870518.816898 -0.313725740 0.127116382 -0.072582871 -0.083573312 0.216728911 0.046552107 0.971533298
1311870518.848913 -0.316358835 0.128810540 -0.074001797 -0.083054833 0.218102887 0.047388799 0.971229792
1311870518.884981 -0.324220955 0.126981989 -0.074957222 -0.082306378 0.222003430 0.049166620 0.970320940
1311870518.916862 -0.330266446 0.126265958 -0.077215455 -0.081054844 0.225054249 0.050397184 0.969660163
1311870518.949027 -0.337173700 0.129475147 -0.079451188 -0.079369873 0.227687001 0.051797599 0.969110966
1311870518.984982 -0.342629164 0.129006878 -0.081552707 -0.078733519 0.230062649 0.055538114 0.968394399
1311870519.017077 -0.350308269 0.131145582 -0.087208316 -0.077827573 0.232330918 0.058027092 0.967779934
1311870519.049840 -0.358685791 0.133486077 -0.092563599 -0.078743182 0.235337541 0.061011519 0.966795385
1311870519.084921 -0.364767373 0.136023402 -0.094423920 -0.079534724 0.237587243 0.063979372 0.965988159
1311870519.117024 -0.373200595 0.139178127 -0.097016625 -0.079987630 0.240053013 0.066036865 0.965202391
1311870519.149934 -0.381057411 0.142794505 -0.095883071 -0.079479828 0.242655307 0.067527384 0.964490294
1311870519.184993 -0.388069332 0.142502993 -0.097856566 -0.080668613 0.243952394 0.070102349 0.963880420
1311870519.216985 -0.397181213 0.142164826 -0.098071158 -0.081639476 0.245099902 0.071181372 0.963428378
1311870519.251968 -0.405443072 0.143883899 -0.104516722 -0.081921041 0.246243984 0.072513111 0.963013351
1311870519.285449 -0.410973281 0.142156050 -0.108006768 -0.082292445 0.247541055 0.075312592 0.962434113
1311870519.317000 -0.419760287 0.143130645 -0.107444473 -0.082439058 0.249404371 0.076541767 0.961843371
1311870519.352072 -0.428964257 0.148052365 -0.107292630 -0.082192309 0.250919759 0.077071823 0.961427927
1311870519.385668 -0.435439736 0.145574272 -0.108433872 -0.082642667 0.252561510 0.079055041 0.960798204
1311870519.417023 -0.441265434 0.149042621 -0.112301715 -0.081925638 0.253788799 0.080315314 0.960431635
1311870519.452771 -0.447239488 0.148284674 -0.114201054 -0.081973858 0.255751610 0.080326095 0.959905803
1311870519.485733 -0.456895918 0.149694279 -0.118316136 -0.081827015 0.258935928 0.082568474 0.958873808
1311870519.517127 -0.466170818 0.149893239 -0.117411286 -0.082820147 0.261288315 0.084338911 0.957995951
1311870519.551772 -0.470954239 0.154908195 -0.120324507 -0.082580969 0.261234730 0.085562274 0.957922697
1311870519.585163 -0.473770916 0.157512888 -0.123033889 -0.084630981 0.261392623 0.086220682 0.957641661
1311870519.616985 -0.481463283 0.158124954 -0.120605111 -0.086748682 0.263079315 0.087738521 0.956852078
1311870519.653136 -0.485971808 0.160166472 -0.119755402 -0.088607274 0.263057351 0.087937601 0.956669509
1311870519.684937 -0.490785599 0.160758272 -0.117893524 -0.091493391 0.263510495 0.085877277 0.956460297
1311870519.716946 -0.495085627 0.161191419 -0.119363256 -0.093379557 0.264561832 0.084999166 0.956066132
1311870519.750489 -0.498989105 0.164952695 -0.117375009 -0.092888981 0.265368789 0.084164135 0.955964148
1311870519.784901 -0.501579404 0.166320071 -0.117208868 -0.092731670 0.265634894 0.082651868 0.956037462
1311870519.817010 -0.505392551 0.167529792 -0.118429609 -0.092208520 0.267568111 0.080103286 0.955765843
1311870519.851306 -0.504302263 0.167027414 -0.121657357 -0.093824625 0.271251827 0.079049774 0.954657257
1311870519.884968 -0.509780109 0.163844794 -0.119477540 -0.095463067 0.279875100 0.077508964 0.952128708
1311870519.917266 -0.509927571 0.165076762 -0.118701771 -0.093257226 0.282674253 0.082968429 0.951059759
1311870519.952668 -0.515691400 0.169031441 -0.112120755 -0.093276985 0.283212394 0.088077664 0.950438023
1311870519.985059 -0.517607808 0.167378843 -0.108536623 -0.096158437 0.281980395 0.089129902 0.950419128
1311870520.016963 -0.517587125 0.168643311 -0.110289104 -0.098127313 0.280949563 0.090768546 0.950368047
1311870520.053141 -0.518284559 0.167137250 -0.106290422 -0.099594563 0.281227320 0.090771459 0.950132966
1311870520.084858 -0.519903004 0.169126987 -0.100571573 -0.100331411 0.281811237 0.091810279 0.949782550
1311870520.116996 -0.522480011 0.167946249 -0.099822246 -0.101721898 0.282761395 0.091813609 0.949351847
1311870520.150022 -0.525018334 0.169499785 -0.092895247 -0.102098547 0.283787340 0.092145085 0.948973060
1311870520.185705 -0.525081635 0.167444378 -0.086446531 -0.102881148 0.283828676 0.092587948 0.948833108
1311870520.217057 -0.527132690 0.167357489 -0.085254312 -0.103745431 0.283975363 0.091924369 0.948759615
1311870520.250180 -0.530067921 0.169173405 -0.078589864 -0.103363954 0.284870178 0.092537113 0.948473394
1311870520.285839 -0.532107532 0.169457212 -0.073502541 -0.103180811 0.284307271 0.093356654 0.948581934
1311870520.317888 -0.528826833 0.169844568 -0.071989469 -0.103295155 0.282618612 0.094963297 0.948914528
1311870520.354406 -0.527703881 0.169359744 -0.061007336 -0.103885673 0.282605022 0.096315123 0.948717892
1311870520.384950 -0.528340459 0.166890681 -0.059465360 -0.105248183 0.283038884 0.098198533 0.948245168
1311870520.421786 -0.527905643 0.165203676 -0.052135080 -0.107352860 0.283949137 0.099742979 0.947575629
1311870520.451179 -0.526296914 0.165414453 -0.044160340 -0.107099965 0.284204096 0.102452397 0.947238684
1311870520.485176 -0.525584161 0.164584666 -0.041685961 -0.106373191 0.284094393 0.104504004 0.947129369
1311870520.517498 -0.526123226 0.160820886 -0.039630536 -0.107581556 0.286202520 0.106648177 0.946118653
1311870520.552145 -0.524057806 0.162032455 -0.031222027 -0.108105458 0.288605452 0.109164976 0.945041358
1311870520.584912 -0.521595716 0.157191664 -0.025521781 -0.108419724 0.290014982 0.108855397 0.944609463
1311870520.617214 -0.521449387 0.152802557 -0.018039551 -0.107722059 0.293103993 0.108129472 0.943818867
1311870520.650283 -0.520340264 0.153003559 -0.013775223 -0.104900405 0.296877682 0.107440948 0.943035543
1311870520.685030 -0.520129323 0.152678952 -0.007690474 -0.103300817 0.299711138 0.107772358 0.942277730
1311870520.720361 -0.520062745 0.151278645 -0.003812375 -0.102509946 0.300065160 0.108353972 0.942184746
1311870520.749570 -0.520688593 0.150669634 0.000936494 -0.102600992 0.299930900 0.108610354 0.942188025
1311870520.785066 -0.519863904 0.147736490 0.005695954 -0.103469536 0.299075723 0.109918289 0.942213237
1311870520.817755 -0.521003187 0.149405897 0.011796108 -0.102866970 0.298626751 0.109801866 0.942435145
1311870520.850972 -0.520240605 0.146829784 0.016400084 -0.104508519 0.297505409 0.109199874 0.942679107
1311870520.884996 -0.521007836 0.146790206 0.020334024 -0.104693823 0.296526045 0.109185115 0.942968786
1311870520.918471 -0.523827910 0.142713889 0.023800148 -0.106294721 0.297024161 0.108698644 0.942689061
1311870520.949392 -0.523801148 0.140082255 0.027311152 -0.107349396 0.297539920 0.108988732 0.942373335
1311870520.985090 -0.523513615 0.137965024 0.033487491 -0.107668348 0.297743946 0.110497765 0.942096770
1311870521.017445 -0.523782372 0.138019159 0.036370896 -0.106462598 0.297535896 0.110415138 0.942309201
1311870521.051337 -0.524597526 0.133788019 0.039490215 -0.106442645 0.298225552 0.111291736 0.941990256
1311870521.085046 -0.524946451 0.130236208 0.041556709 -0.105745912 0.299661487 0.112365372 0.941485405
1311870521.118649 -0.526256204 0.129713029 0.044357862 -0.104608171 0.301402509 0.113642417 0.940903306
1311870521.152391 -0.529260159 0.132690087 0.046472102 -0.102436997 0.303355515 0.115012459 0.940347970
1311870521.185010 -0.532088995 0.132451057 0.048454612 -0.102046259 0.305496871 0.116690911 0.939490020
1311870521.220198 -0.534014940 0.130685806 0.047157045 -0.102660947 0.307797343 0.118158087 0.938488305
1311870521.250068 -0.534157336 0.127916962 0.053438306 -0.103538774 0.311935604 0.118449636 0.936987519
1311870521.285069 -0.534585178 0.124513641 0.054494139 -0.102690749 0.318388700 0.117548265 0.935021758
1311870521.321107 -0.536985278 0.124112949 0.056767739 -0.100170128 0.325979948 0.119207777 0.932465851
1311870521.349914 -0.544836164 0.126229018 0.064146444 -0.098030530 0.331874877 0.122342750 0.930205047
1311870521.385056 -0.549139440 0.125583097 0.067966051 -0.098335862 0.333335161 0.124708831 0.929336011
1311870521.418191 -0.553744555 0.121680908 0.071036644 -0.099490404 0.335436672 0.126732707 0.928182483
1311870521.451020 -0.559002042 0.120473348 0.068372391 -0.099453561 0.338146865 0.129855797 0.926770329
1311870521.485101 -0.564012885 0.118671224 0.070868462 -0.099837363 0.341724545 0.132864445 0.924988627
1311870521.518793 -0.572087407 0.117036939 0.079320416 -0.098389812 0.346113592 0.136314377 0.923007727
1311870521.550328 -0.577901900 0.112094328 0.082349502 -0.096019529 0.348643988 0.138172969 0.922028124
1311870521.589723 -0.585774243 0.109650441 0.083333991 -0.092536524 0.352404386 0.140080810 0.920665801
1311870521.618815 -0.590301275 0.107646450 0.082981631 -0.090730786 0.356566638 0.144149467 0.918612599
1311870521.653703 -0.597800136 0.106151477 0.088897653 -0.090371400 0.362079978 0.149033755 0.915707409
1311870521.686096 -0.604016304 0.103665881 0.091484427 -0.089383624 0.366092056 0.156360716 0.912983358
1311870521.720829 -0.611001611 0.101896115 0.091474429 -0.088197537 0.369373411 0.161551267 0.910870850
1311870521.751009 -0.618421018 0.100190997 0.095976390 -0.087540090 0.372750580 0.164186284 0.909085631
1311870521.786592 -0.624680698 0.099844068 0.095485896 -0.087045774 0.374929190 0.166498110 0.907815814
1311870521.822012 -0.631042123 0.097775862 0.096458696 -0.087687276 0.377267420 0.168999970 0.906321824
1311870521.851559 -0.638671100 0.097176760 0.105630301 -0.087777287 0.380892575 0.169860855 0.904634356
1311870521.885620 -0.645293593 0.099427044 0.102605656 -0.087061740 0.383094192 0.171636894 0.903437853
1311870521.917848 -0.651035547 0.094983488 0.110405460 -0.088459186 0.386928499 0.172511697 0.901499391
1311870521.950099 -0.657500982 0.093672886 0.107678555 -0.087708496 0.389099628 0.174581841 0.900238812
1311870521.986235 -0.666487992 0.093838625 0.108383313 -0.087408245 0.392801255 0.176517546 0.898280859
1311870522.018390 -0.668906689 0.096337609 0.111667104 -0.087054223 0.394457549 0.179563358 0.896984875
1311870522.050693 -0.675744832 0.095524244 0.115191780 -0.087462552 0.397236586 0.180563107 0.895516813
1311870522.086425 -0.680214763 0.097529754 0.124237925 -0.087551624 0.401030153 0.181653753 0.893594682
1311870522.118618 -0.681854010 0.094548546 0.124170065 -0.087958284 0.402441591 0.183863238 0.892467618
1311870522.150721 -0.687250912 0.094234057 0.122691587 -0.088055693 0.403905481 0.185982257 0.891356945
1311870522.189104 -0.691165447 0.093516111 0.125753999 -0.089397751 0.405838400 0.186893016 0.890154064
1311870522.218590 -0.693887651 0.092255689 0.130207136 -0.091242984 0.407624662 0.186912984 0.889145911
1311870522.250422 -0.696492076 0.091481589 0.133998394 -0.091631114 0.408490211 0.186938003 0.888703346
1311870522.285838 -0.699637353 0.089526363 0.137521029 -0.092284262 0.409787238 0.186228991 0.888187349
1311870522.318002 -0.700093806 0.088377729 0.143501773 -0.092307180 0.411092460 0.187259212 0.887364864
1311870522.351073 -0.704341114 0.087662429 0.149289116 -0.091684826 0.412122488 0.187874436 0.886821389
1311870522.387638 -0.706143856 0.085563995 0.154538929 -0.092244722 0.412833810 0.187878624 0.886431515
1311870522.417416 -0.706692755 0.085807465 0.158736184 -0.092149973 0.413376927 0.187545165 0.886258841
1311870522.450329 -0.708231747 0.083170570 0.165297523 -0.092266478 0.414677054 0.187877238 0.885568738
1311870522.487260 -0.707998812 0.081750296 0.170854226 -0.091628484 0.415153831 0.187621385 0.885465801
1311870522.517400 -0.711165726 0.080668427 0.179617852 -0.090302005 0.416839838 0.187996060 0.884730220
1311870522.550252 -0.710999608 0.078821816 0.181914762 -0.089569345 0.415460706 0.189855352 0.885056317
1311870522.587317 -0.710932195 0.077855967 0.195285559 -0.088708229 0.415664583 0.191195145 0.884758830
1311870522.619163 -0.708106220 0.073687114 0.201049283 -0.087748021 0.414988905 0.192010686 0.884995103
1311870522.649388 -0.709731698 0.069843665 0.206898302 -0.086165398 0.415514261 0.192625120 0.884770572
1311870522.687298 -0.711066604 0.068278395 0.212547690 -0.086101815 0.415883034 0.194084361 0.884284496
1311870522.718394 -0.709537327 0.065508276 0.223551869 -0.087253898 0.415894508 0.196328491 0.883670568
1311870522.749406 -0.707633078 0.063019760 0.235606551 -0.087037228 0.416176349 0.196467057 0.883528411
1311870522.788502 -0.705576777 0.058187421 0.240978912 -0.087016970 0.416356832 0.197513148 0.883212090
1311870522.817483 -0.704935133 0.051601771 0.248067200 -0.087028973 0.418027997 0.196509272 0.882645249
1311870522.849243 -0.705901027 0.052364822 0.254501253 -0.084858410 0.419839799 0.196621880 0.881971359
1311870522.886229 -0.704411685 0.047485266 0.261399060 -0.085216857 0.421004862 0.197207168 0.881250441
1311870522.918267 -0.700342119 0.043441590 0.270432681 -0.084936157 0.420833021 0.198693037 0.881025851
1311870522.949363 -0.701997817 0.039538860 0.274806291 -0.084684879 0.420102924 0.198726162 0.881390929
1311870522.988539 -0.698359907 0.034288779 0.278266162 -0.085045837 0.419342190 0.201143086 0.881170154
1311870523.018171 -0.696214616 0.032953724 0.290254951 -0.083977364 0.420254827 0.203072205 0.880394995
1311870523.049325 -0.695006371 0.032130491 0.297215492 -0.083539933 0.419631481 0.202391833 0.880890489
1311870523.086359 -0.697411537 0.027625168 0.302094698 -0.084312633 0.420544147 0.201163635 0.880662918
1311870523.118084 -0.697148025 0.028472535 0.309846878 -0.084285982 0.422337830 0.201151207 0.879809558
1311870523.149386 -0.696586490 0.026710195 0.314975113 -0.084685624 0.423231095 0.200093806 0.879583001
1311870523.187203 -0.698103368 0.025916889 0.320703238 -0.085736029 0.424106449 0.200836182 0.878890157
1311870523.219284 -0.698472738 0.024120085 0.326773405 -0.087958626 0.424720049 0.201318353 0.878263712
1311870523.249223 -0.699268222 0.022324137 0.332862139 -0.088289320 0.424641430 0.201731876 0.878173590
1311870523.285851 -0.702388525 0.020782225 0.338780493 -0.087510005 0.424627155 0.201745942 0.878255308
1311870523.317780 -0.703917682 0.016023222 0.345328927 -0.088265546 0.424951226 0.201253057 0.878135979
1311870523.349133 -0.705903172 0.014605990 0.349998862 -0.087444305 0.425628662 0.200761408 0.878002644
1311870523.385396 -0.710919082 0.010468770 0.350567013 -0.087190218 0.427104652 0.200205132 0.877437949
1311870523.418510 -0.712842286 0.009789637 0.352440417 -0.085876070 0.428449839 0.202262625 0.876439333
1311870523.449206 -0.718051314 0.006038412 0.357864767 -0.085344918 0.431838304 0.203897253 0.874447167
1311870523.485699 -0.722925663 0.007729542 0.357325345 -0.083931029 0.433757722 0.208024070 0.872660220
1311870523.518696 -0.728169024 0.005979608 0.358499795 -0.085798994 0.436230183 0.209187046 0.870966434
1311870523.549243 -0.733008444 0.003882215 0.363297582 -0.086866602 0.439340979 0.210742861 0.868919492
1311870523.585986 -0.740296721 0.000158024 0.367184401 -0.087619580 0.442842811 0.212033212 0.866749704
1311870523.618533 -0.748237669 -0.000517940 0.368912160 -0.086531289 0.446257234 0.213249922 0.864807069
1311870523.649474 -0.755610406 -0.002988525 0.369365126 -0.085710533 0.449113578 0.214992732 0.862976730
1311870523.686718 -0.762847006 -0.003435868 0.371419549 -0.084099017 0.452084899 0.217875585 0.860858202
1311870523.718226 -0.766261876 -0.006487463 0.375164688 -0.083886370 0.454488397 0.221455619 0.858697116
1311870523.749498 -0.774086535 -0.010580350 0.380698919 -0.083677359 0.457117438 0.225322217 0.856312811
1311870523.787662 -0.780987620 -0.009568075 0.379921496 -0.082782537 0.458380282 0.228307575 0.854932904
1311870523.818614 -0.786534131 -0.008636221 0.385121197 -0.082102008 0.460920423 0.230155215 0.853135526
1311870523.849265 -0.793338299 -0.008072404 0.385423362 -0.080884509 0.462280363 0.232093588 0.851990104
1311870523.886463 -0.802534878 -0.013563025 0.390943646 -0.081552066 0.464809626 0.233097598 0.850274563
1311870523.918332 -0.812901855 -0.012455667 0.393487662 -0.080813259 0.467075825 0.233704597 0.848935544
1311870523.949283 -0.819870710 -0.013170959 0.395889282 -0.080876954 0.467758536 0.234763071 0.848261237
1311870523.986069 -0.828565598 -0.009909114 0.397032112 -0.080884010 0.469702661 0.233476073 0.847541213
1311870524.017326 -0.833907068 -0.017589943 0.401395619 -0.083197862 0.471745908 0.234808251 0.845812619
1311870524.049414 -0.839876771 -0.012057384 0.402828008 -0.082769416 0.473051667 0.235153988 0.845028937
1311870524.086354 -0.845546067 -0.012629954 0.402146995 -0.082776032 0.473851621 0.236552134 0.844189465
1311870524.117218 -0.853805840 -0.010946663 0.405519158 -0.081560083 0.475827456 0.237596959 0.842902064
1311870524.149472 -0.864472866 -0.017811039 0.401383907 -0.083313182 0.477839857 0.237470478 0.841626823
1311870524.187907 -0.871776938 -0.017551141 0.400077492 -0.082790382 0.479113609 0.238378018 0.840697229
1311870524.217310 -0.876806319 -0.017079990 0.400862604 -0.082800440 0.479646772 0.238224804 0.840435624
1311870524.249450 -0.883090794 -0.018214533 0.405235231 -0.083947845 0.481129169 0.237589031 0.839654088
1311870524.286853 -0.890041292 -0.019129731 0.410503983 -0.084767669 0.483144015 0.236413628 0.838746011
1311870524.317431 -0.894738317 -0.020683497 0.411073923 -0.085401215 0.483825505 0.235718757 0.838484466
1311870524.349372 -0.900077522 -0.019550556 0.413225472 -0.085307978 0.484996825 0.234886140 0.838050783
1311870524.385411 -0.902630448 -0.020417349 0.416451275 -0.085321382 0.486300349 0.234104455 0.837512612
1311870524.417294 -0.905712545 -0.023397207 0.417712390 -0.084693655 0.486661494 0.234016478 0.837391078
1311870524.449394 -0.910910308 -0.024825608 0.419438004 -0.084410116 0.487396330 0.232005000 0.837552071
1311870524.488312 -0.914820254 -0.025887681 0.421849489 -0.084095538 0.488338053 0.230963692 0.837322950
1311870524.517401 -0.917840123 -0.028087547 0.423487663 -0.083841652 0.488806158 0.230167523 0.837294459
1311870524.549410 -0.919652224 -0.026062086 0.425980151 -0.082503527 0.489427775 0.229395837 0.837276042
1311870524.587095 -0.921645164 -0.028926454 0.428542823 -0.083759010 0.490066081 0.229206428 0.836829782
1311870524.617332 -0.923027813 -0.028887386 0.430983186 -0.084709033 0.490206808 0.230199620 0.836378992
1311870524.649477 -0.921779156 -0.031908531 0.436374843 -0.085467666 0.490731835 0.231590807 0.835609496
1311870524.686391 -0.924141288 -0.032567944 0.440359801 -0.085020207 0.491453767 0.232044756 0.835104823
1311870524.717336 -0.924355984 -0.033810999 0.445360988 -0.084749937 0.491932571 0.231859982 0.834901631
1311870524.749436 -0.923954308 -0.037488956 0.450374454 -0.083945781 0.491771072 0.232618272 0.834867060
1311870524.785717 -0.925950706 -0.037582085 0.456405103 -0.082311362 0.490749627 0.232166395 0.835756183
1311870524.817299 -0.924348295 -0.035352547 0.457834452 -0.080723345 0.487988800 0.231927887 0.837591887
1311870524.849324 -0.924348354 -0.036796909 0.469316155 -0.080211416 0.487685800 0.231691137 0.837882996
1311870524.887434 -0.922823310 -0.039050996 0.475218743 -0.080219798 0.485470891 0.232449517 0.838957727
1311870524.917322 -0.920792580 -0.037946943 0.480380684 -0.078739122 0.483274400 0.232926786 0.840232790
1311870524.949450 -0.923747063 -0.039553069 0.482931048 -0.080280818 0.481267899 0.234568089 0.840781808
1311870524.986189 -0.921990871 -0.042804383 0.489243031 -0.084293231 0.480390757 0.236686468 0.840296924
1311870525.017647 -0.919360578 -0.041808181 0.497257441 -0.086132810 0.479326069 0.237716019 0.840427756
1311870525.049303 -0.915318549 -0.045898382 0.503251612 -0.087754957 0.478571832 0.239432082 0.840202570
1311870525.088620 -0.914780378 -0.047301970 0.507597089 -0.088052765 0.478209287 0.241649941 0.839742780
1311870525.117394 -0.908063233 -0.047442306 0.510692537 -0.088198848 0.475218505 0.244510025 0.840596914
1311870525.149339 -0.908993006 -0.052925825 0.520169795 -0.089010984 0.475196719 0.244990274 0.840383768
1311870525.185688 -0.903247654 -0.058893893 0.526720047 -0.090185359 0.475124002 0.244429842 0.840462863
1311870525.217352 -0.898845732 -0.063523084 0.534339964 -0.088774450 0.476809472 0.243019894 0.840067387
1311870525.249330 -0.896848679 -0.064939201 0.535079658 -0.085520521 0.477538437 0.243776500 0.839771569
1311870525.285313 -0.893074811 -0.067000531 0.536408544 -0.083672345 0.476514637 0.246033147 0.839881182
1311870525.317479 -0.892214119 -0.071941771 0.541565359 -0.083650604 0.476250738 0.247275144 0.839668274
1311870525.349313 -0.888454080 -0.074644916 0.544529080 -0.082975894 0.475753129 0.248734325 0.839586318
1311870525.385471 -0.887137830 -0.077707067 0.549000621 -0.082888693 0.477011621 0.250006348 0.838502347
1311870525.417354 -0.885080516 -0.076120242 0.553389788 -0.081678696 0.477120966 0.251637071 0.838070989
1311870525.449789 -0.882335424 -0.076133452 0.554756045 -0.082040891 0.476007402 0.251970649 0.838568449
1311870525.485285 -0.881857336 -0.078159854 0.558561385 -0.083825476 0.476172626 0.251557797 0.838422060
1311870525.517329 -0.877542257 -0.079595067 0.561809182 -0.085251771 0.476333141 0.251725286 0.838136792
1311870525.549437 -0.878704667 -0.080774784 0.564996660 -0.085826337 0.477656126 0.250973523 0.837550461
1311870525.585463 -0.875382602 -0.077741176 0.566294134 -0.086427622 0.477408886 0.250891775 0.837654054
1311870525.617355 -0.874921978 -0.076127224 0.569203913 -0.088473849 0.478362679 0.251167029 0.836813390
1311870525.649427 -0.874627829 -0.079137042 0.572677076 -0.090277262 0.479192972 0.252276570 0.835811377
1311870525.685312 -0.873118043 -0.077519059 0.572249591 -0.090508856 0.478788018 0.252093464 0.836073577
1311870525.717436 -0.872217476 -0.081870399 0.575689197 -0.092106462 0.480751842 0.252062500 0.834780574
1311870525.749470 -0.872991860 -0.079170719 0.577685833 -0.091046974 0.482808441 0.252853066 0.833469748
1311870525.785560 -0.876330495 -0.082862698 0.577939868 -0.092649080 0.484242648 0.252699852 0.832507074
1311870525.817423 -0.876525104 -0.079775386 0.580146372 -0.092065133 0.484917909 0.253689826 0.831877410
1311870525.849626 -0.877652943 -0.083806418 0.581548989 -0.093331888 0.486369252 0.254267812 0.830711782
1311870525.885457 -0.878595650 -0.085164271 0.583274245 -0.093743391 0.488558203 0.254539371 0.829296529
1311870525.917424 -0.880836964 -0.081899077 0.586302876 -0.092645630 0.491083533 0.256428212 0.827344120
1311870525.949556 -0.884392917 -0.083622947 0.587286413 -0.094048947 0.493649036 0.258071452 0.825145185
1311870525.985467 -0.887611508 -0.084159024 0.585845292 -0.093578801 0.495803386 0.260556191 0.823123634
1311870526.017460 -0.894774079 -0.085736729 0.589067280 -0.094085790 0.499026686 0.260986865 0.820978761
1311870526.049541 -0.898735464 -0.087834820 0.587147295 -0.094068892 0.500668168 0.262296617 0.819562674
1311870526.085403 -0.905894518 -0.088849708 0.590165973 -0.093871973 0.504270673 0.264033467 0.816814244
1311870526.117461 -0.909949064 -0.089631341 0.591615260 -0.093047872 0.506527901 0.267055929 0.814526081
1311870526.149364 -0.914640248 -0.090668350 0.591509879 -0.091791458 0.508971810 0.269581348 0.812310278
1311870526.185388 -0.917305171 -0.089267910 0.591071546 -0.089693770 0.510764778 0.270033687 0.811268210
1311870526.217318 -0.924130917 -0.090497933 0.591069698 -0.088369466 0.513120294 0.270954370 0.809618473
1311870526.249551 -0.930608034 -0.092653781 0.592347920 -0.087356009 0.515247524 0.272551388 0.807839513
1311870526.285570 -0.937334359 -0.091929354 0.596320331 -0.086215682 0.517516971 0.273578137 0.806162477
1311870526.317484 -0.944140196 -0.095529035 0.592993796 -0.085707478 0.518204272 0.276012808 0.804944396
1311870526.349558 -0.950585902 -0.096978523 0.595049322 -0.085502103 0.520417094 0.277205050 0.803126872
1311870526.385396 -0.957371294 -0.098682910 0.599133193 -0.085890383 0.523743093 0.277785420 0.800719202
1311870526.417624 -0.964271605 -0.097249225 0.601640880 -0.084194846 0.526896834 0.278646439 0.798528075
1311870526.449431 -0.975535154 -0.097837716 0.598396838 -0.082659423 0.528029442 0.280495733 0.797291934
1311870526.485363 -0.981437683 -0.099319592 0.607566416 -0.083801769 0.530273795 0.281243891 0.795417368
1311870526.517648 -0.987283647 -0.101946376 0.609020412 -0.085172862 0.530326843 0.282213658 0.794892728
1311870526.553464 -0.993822396 -0.102577507 0.611732066 -0.085144892 0.531030595 0.281285703 0.794754803
1311870526.585409 -1.003113508 -0.102880418 0.609470308 -0.085064992 0.531604767 0.280240625 0.794748724
1311870526.617493 -1.008808970 -0.102310970 0.613714457 -0.085325845 0.533403337 0.279739827 0.793691397
1311870526.653466 -1.016489506 -0.103219092 0.615622640 -0.085384540 0.535232365 0.280554295 0.792164803
1311870526.685417 -1.022335172 -0.105627887 0.619426906 -0.086125188 0.537090480 0.281446725 0.790508687
1311870526.717629 -1.029619217 -0.102193959 0.616798282 -0.084803805 0.537372530 0.282758951 0.789991438
1311870526.753642 -1.035019279 -0.103304841 0.622863889 -0.085283011 0.538659930 0.283469796 0.788807392
1311870526.785325 -1.040539026 -0.104576170 0.624313354 -0.085681193 0.538621545 0.284440786 0.788440883
1311870526.817661 -1.044152617 -0.105426893 0.629129112 -0.085811697 0.539369464 0.285480201 0.787539184
1311870526.853590 -1.048049212 -0.107587375 0.631651640 -0.085235529 0.539856136 0.285354733 0.787313819
1311870526.885581 -1.054012895 -0.108352542 0.630790830 -0.084113084 0.539663494 0.284305662 0.787945807
1311870526.917599 -1.060182691 -0.110835440 0.634009123 -0.084931932 0.540496886 0.283352613 0.787630022
1311870526.953584 -1.066543102 -0.109199218 0.633958697 -0.084162243 0.541055918 0.283022225 0.787447512
1311870526.985372 -1.069939733 -0.110538960 0.638087630 -0.084721729 0.542003453 0.282363474 0.786972284
1311870527.017688 -1.073562741 -0.110300690 0.639163792 -0.083835356 0.542718112 0.282933950 0.786369503
1311870527.053583 -1.076095343 -0.112554662 0.639972389 -0.083949387 0.544039190 0.282002389 0.785778880
1311870527.085526 -1.078185916 -0.114263415 0.637392938 -0.082765289 0.544732273 0.282401919 0.785280704
1311870527.117691 -1.081945300 -0.115406826 0.640084445 -0.082960539 0.546802104 0.280859262 0.784374356
1311870527.153611 -1.083952785 -0.117088072 0.637967288 -0.083523072 0.547996223 0.279677391 0.783903480
1311870527.185439 -1.085975766 -0.114494346 0.645679533 -0.083857618 0.551711321 0.277050376 0.782192826
1311870527.217746 -1.084558249 -0.115582198 0.646531820 -0.083940990 0.553759277 0.276558071 0.780909896
1311870527.253641 -1.084344625 -0.116187103 0.648558736 -0.083413042 0.555927753 0.276620030 0.779402316
1311870527.285561 -1.084008813 -0.116266415 0.648991168 -0.082248725 0.557165325 0.277139902 0.778457046
1311870527.317499 -1.083612680 -0.118605807 0.651563048 -0.082220368 0.557784557 0.278568149 0.777506292
1311870527.353673 -1.080869555 -0.113202110 0.643764138 -0.079657882 0.555427015 0.280470967 0.778775632
1311870527.385442 -1.079120874 -0.116309814 0.642891467 -0.079023682 0.553787589 0.281811655 0.779523432
1311870527.417505 -1.077140450 -0.114900462 0.658099413 -0.078482226 0.556248426 0.280532300 0.778286517
1311870527.453537 -1.074401140 -0.116213188 0.666160345 -0.077533767 0.556724668 0.280035675 0.778219879
1311870527.485444 -1.073614955 -0.114906378 0.670371115 -0.077094659 0.556420028 0.278447479 0.779050827
1311870527.517495 -1.071562052 -0.117042482 0.671308756 -0.077996880 0.555342734 0.278973997 0.779541194
1311870527.553541 -1.065538406 -0.118904054 0.677202463 -0.077820092 0.554318488 0.279454023 0.780115724
1311870527.585396 -1.060709715 -0.125852227 0.675383747 -0.077123471 0.552096844 0.280739278 0.781297982
1311870527.617786 -1.058399081 -0.125145167 0.678874135 -0.075198948 0.551857948 0.281810522 0.781268716
1311870527.653556 -1.057990074 -0.127831921 0.681793332 -0.073795624 0.550947428 0.283750981 0.781342804
1311870527.685683 -1.054412484 -0.125810832 0.684540749 -0.072844014 0.549120486 0.285559803 0.782058835
1311870527.717743 -1.049692512 -0.129307210 0.682397068 -0.073533989 0.546969116 0.286283761 0.783236325
1311870527.753560 -1.042947412 -0.132263556 0.684253275 -0.073421292 0.546985447 0.284706414 0.783810258
1311870527.785611 -1.041086674 -0.135605156 0.684556782 -0.073143229 0.548058569 0.282733440 0.783800781
1311870527.817660 -1.038681030 -0.136160538 0.682741821 -0.072645761 0.549241900 0.282422394 0.783130646
1311870527.853602 -1.033686519 -0.135228515 0.683567703 -0.072003983 0.549550235 0.284232557 0.782318234
1311870527.885426 -1.030835271 -0.135446653 0.684096754 -0.072213665 0.549277604 0.286169082 0.781784236
1311870527.917615 -1.027746797 -0.133715302 0.683767736 -0.073363177 0.548675478 0.288334370 0.781304240
1311870527.953613 -1.021706223 -0.133937165 0.687039137 -0.075620137 0.548628032 0.289262384 0.780779243
1311870527.985521 -1.017641544 -0.133896425 0.687527478 -0.075525828 0.549044728 0.289840043 0.780281067
1311870528.017688 -1.016283631 -0.132781118 0.684693515 -0.076490171 0.549053252 0.290657878 0.779876769
1311870528.053545 -1.011088729 -0.129611164 0.686093211 -0.077877626 0.548400342 0.291834652 0.779759407
1311870528.085603 -1.008689523 -0.129211023 0.688078284 -0.079413109 0.549148858 0.291158825 0.779330254
1311870528.117562 -1.006878972 -0.131571308 0.687287867 -0.080977105 0.551021039 0.291624039 0.777672172
1311870528.153637 -1.005663753 -0.128649116 0.685892582 -0.081544466 0.553175211 0.293267488 0.775462389
1311870528.185455 -1.005104661 -0.125083059 0.686056912 -0.081307031 0.554933131 0.294561625 0.773738861
1311870528.217554 -1.003712893 -0.124152698 0.686214626 -0.082230724 0.555772007 0.295318305 0.772750080
1311870528.253557 -1.003468633 -0.124283768 0.687762618 -0.082385629 0.557193339 0.296432495 0.771282017
1311870528.285502 -1.003679037 -0.124234110 0.687992692 -0.082021922 0.558250189 0.296909720 0.770372510
1311870528.317676 -1.004865646 -0.124645934 0.687654614 -0.081415832 0.559858203 0.297798485 0.768925428
1311870528.353572 -1.010197639 -0.125962585 0.699023247 -0.080279559 0.564071298 0.299163014 0.765428185
1311870528.385617 -1.016010404 -0.127544343 0.697091699 -0.078883283 0.565125525 0.303125679 0.763233483
1311870528.417630 -1.017549753 -0.126562104 0.686483860 -0.079280801 0.563686848 0.308074474 0.762274086
1311870528.453581 -1.018150806 -0.125831589 0.694555700 -0.081198469 0.565809846 0.308483958 0.760331273
1311870528.485584 -1.022225022 -0.128065705 0.700381637 -0.082598165 0.568708479 0.308100134 0.758170545
1311870528.517605 -1.025848269 -0.130325228 0.702588379 -0.082679793 0.570703208 0.306735337 0.757215500
1311870528.553734 -1.031899691 -0.132463023 0.703576803 -0.081826195 0.572868824 0.304375410 0.756625056
1311870528.585482 -1.039232492 -0.134826526 0.704462230 -0.080025010 0.574773669 0.303158075 0.755861402
1311870528.617711 -1.044148803 -0.144405365 0.712915003 -0.080669276 0.577456057 0.303656876 0.753544569
1311870528.653807 -1.055791140 -0.139810458 0.706577122 -0.078147858 0.577937424 0.304207623 0.753219068
1311870528.685658 -1.061669350 -0.138830170 0.715897799 -0.078142039 0.580064654 0.303955048 0.751684904
1311870528.717725 -1.069355965 -0.138766840 0.714287400 -0.077113360 0.580880940 0.306033581 0.750316143
1311870528.753754 -1.076730609 -0.141514748 0.717715621 -0.077635609 0.582088649 0.307176411 0.748857915
1311870528.785670 -1.088941693 -0.142739430 0.723648131 -0.077577077 0.583695054 0.307331294 0.747548878
1311870528.817695 -1.095225096 -0.142640889 0.728276372 -0.077627696 0.584859431 0.308576852 0.746119082
1311870528.853709 -1.101929903 -0.144149318 0.730926692 -0.077327482 0.584948123 0.310352355 0.745343924
1311870528.885613 -1.109400034 -0.145007983 0.734588683 -0.077124618 0.585870326 0.310710609 0.744490862
1311870528.917710 -1.120454311 -0.144053787 0.741220117 -0.076102816 0.587035716 0.310815245 0.743633866
1311870528.953635 -1.125964403 -0.147014320 0.742554128 -0.077231526 0.586793721 0.311613113 0.743374527
1311870528.985528 -1.133335114 -0.149391726 0.745395660 -0.077719331 0.587632716 0.312078863 0.742465019
1311870529.017633 -1.143142939 -0.149100870 0.745697200 -0.076906830 0.587750912 0.313277036 0.741951287
1311870529.053960 -1.152384400 -0.147720590 0.750961602 -0.076183960 0.588329196 0.313910544 0.741299510
1311870529.085558 -1.158908129 -0.147277236 0.752955437 -0.075801924 0.587884665 0.315231651 0.741130710
1311870529.117636 -1.168760657 -0.147080511 0.757027268 -0.075112782 0.589102030 0.316141307 0.739845634
1311870529.153562 -1.176104069 -0.143534020 0.756749392 -0.073806874 0.589750886 0.317375273 0.738931298
1311870529.185613 -1.181882977 -0.149889693 0.769966304 -0.076737270 0.591656983 0.316048294 0.737676740
1311870529.217784 -1.180913687 -0.150756747 0.762146831 -0.076937214 0.589139700 0.319846749 0.738033295
1311870529.253670 -1.183916450 -0.152209505 0.766682267 -0.078322232 0.589415252 0.320899129 0.737210274
1311870529.285539 -1.188504100 -0.153982192 0.766135454 -0.079155445 0.589071691 0.320255488 0.737675667
1311870529.317748 -1.191933274 -0.156249046 0.767062426 -0.080750018 0.589257896 0.319205344 0.737809300
1311870529.353620 -1.197103858 -0.156365514 0.771349847 -0.079461947 0.591300964 0.318406880 0.736658692
1311870529.385706 -1.202327013 -0.157604158 0.773476362 -0.079468906 0.592259288 0.317471683 0.736291587
1311870529.417814 -1.201563358 -0.157380909 0.774111032 -0.080638692 0.591637135 0.316232562 0.737197340
1311870529.453577 -1.200817943 -0.159591258 0.780137062 -0.082412615 0.592454970 0.314328372 0.737158716
1311870529.485560 -1.202196240 -0.161534503 0.780310035 -0.082135201 0.593422115 0.312314808 0.737267554
1311870529.517835 -1.201642275 -0.162287220 0.782738805 -0.080690950 0.594996035 0.310470849 0.736937225
1311870529.553733 -1.200409293 -0.162797987 0.782375276 -0.078300580 0.595385790 0.309492886 0.737291634
1311870529.585764 -1.200233698 -0.162268519 0.782687962 -0.075639911 0.594992340 0.308195889 0.738429427
1311870529.617609 -1.203650117 -0.162492901 0.778548896 -0.075101428 0.593856096 0.307755858 0.739581704
1311870529.653670 -1.200630188 -0.164878890 0.782031953 -0.077599920 0.593945384 0.307865590 0.739206254
1311870529.685645 -1.196563721 -0.165826291 0.783181190 -0.077118799 0.593855500 0.306907982 0.739726841
1311870529.717693 -1.195293903 -0.166887119 0.784054041 -0.074890055 0.594322205 0.306557894 0.739726245
1311870529.753737 -1.195188999 -0.166300476 0.783217907 -0.072552301 0.594308496 0.307802320 0.739453375
1311870529.785572 -1.194043398 -0.165840954 0.782365918 -0.070879623 0.592102408 0.311408997 0.739875138
1311870529.817686 -1.193266273 -0.164819852 0.782463133 -0.071150608 0.589080572 0.314879268 0.740791976
1311870529.853727 -1.185975552 -0.167329907 0.782939613 -0.073369212 0.586661756 0.316787809 0.741680801
1311870529.885616 -1.181639314 -0.173065007 0.783735991 -0.074579522 0.587564111 0.312476844 0.742673874
1311870529.917708 -1.179582715 -0.175329059 0.783305287 -0.073550068 0.590803087 0.308063716 0.742050409
1311870529.953714 -1.177655339 -0.176302224 0.780621231 -0.072479449 0.592366934 0.307916671 0.740969300
1311870529.985592 -1.175099015 -0.173306927 0.782965839 -0.069795117 0.592896283 0.309552699 0.740121484
1311870530.017922 -1.174959183 -0.174043104 0.781301975 -0.070047587 0.590967774 0.310696363 0.741160035
1311870530.053808 -1.169207692 -0.177007467 0.780429661 -0.071945481 0.589637637 0.310138226 0.742270529
1311870530.085624 -1.169692039 -0.176852524 0.780208468 -0.072974019 0.590788186 0.308290929 0.742024839
1311870530.117774 -1.168492317 -0.174920708 0.782590628 -0.073477544 0.592216432 0.306268036 0.741674185
1311870530.153765 -1.167331338 -0.174969941 0.784371078 -0.075470649 0.592444837 0.304154962 0.742161095
1311870530.185634 -1.168418646 -0.172963664 0.781479180 -0.075322054 0.591330171 0.303190321 0.743458748
1311870530.217786 -1.168469191 -0.173748299 0.784099698 -0.076550655 0.591737866 0.301773369 0.743585348
1311870530.253929 -1.170424938 -0.173680440 0.782270551 -0.077178441 0.591524422 0.301169008 0.743935227
1311870530.286029 -1.170736670 -0.173109874 0.784031570 -0.078714587 0.592040062 0.300794393 0.743515551
1311870530.317935 -1.172549605 -0.173753068 0.785592735 -0.079748631 0.592967272 0.301988780 0.742181122
1311870530.353722 -1.173692226 -0.172877684 0.787501991 -0.080157824 0.593852818 0.302238435 0.741326869
1311870530.385850 -1.175480843 -0.174754053 0.787958562 -0.081071638 0.594520390 0.301705956 0.740909159
1311870530.417758 -1.176577330 -0.176506668 0.791267335 -0.082137354 0.596548200 0.299685597 0.739981234
1311870530.453862 -1.179471135 -0.177701071 0.792280495 -0.081859373 0.599071741 0.298721850 0.738361299
1311870530.485681 -1.183285475 -0.177469134 0.793760717 -0.079640850 0.601599455 0.299830317 0.736095905
1311870530.517600 -1.188318610 -0.177987874 0.796651125 -0.077701338 0.603303015 0.301714301 0.734136522
1311870530.553887 -1.192155242 -0.179026410 0.799727798 -0.076836698 0.604483128 0.304248810 0.732208252
1311870530.585894 -1.198281169 -0.180941746 0.803965926 -0.075930446 0.605510056 0.305415064 0.730967700
1311870530.617876 -1.204273582 -0.182698995 0.806241870 -0.075425968 0.605067313 0.306440383 0.730957448
1311870530.653848 -1.211241245 -0.185823441 0.807328463 -0.075777240 0.605533004 0.307472914 0.730101407
1311870530.685747 -1.217375755 -0.188360348 0.814055741 -0.076514266 0.606949270 0.309790075 0.727865577
1311870530.717879 -1.223417878 -0.186285377 0.821427941 -0.074964523 0.607561290 0.311917365 0.726606607
1311870530.753813 -1.236575961 -0.196723238 0.799725592 -0.073705792 0.602548003 0.315179557 0.729496539
1311870530.785751 -1.237258792 -0.192268983 0.829830170 -0.076398470 0.606821537 0.312498868 0.726825535
1311870530.817694 -1.242186427 -0.195651308 0.827757776 -0.077621587 0.607166290 0.311204731 0.726963282
1311870530.853579 -1.251247883 -0.194697604 0.835814476 -0.077205949 0.609416366 0.310127914 0.725583673
1311870530.885594 -1.257812500 -0.196076095 0.840741396 -0.076129451 0.610155821 0.310548544 0.724895775
1311870530.917651 -1.264984250 -0.203552827 0.846611142 -0.075367749 0.610847473 0.311278582 0.724079251
1311870530.953721 -1.273904324 -0.200532615 0.843482554 -0.073863074 0.610579312 0.311483026 0.724372447
1311870530.985770 -1.277483582 -0.210578352 0.843037486 -0.073781885 0.610992432 0.313424408 0.723194063
1311870531.017632 -1.283885241 -0.206422895 0.854737580 -0.070710540 0.613315761 0.313951224 0.721303344
1311870531.053817 -1.290711403 -0.205975190 0.857663691 -0.070151329 0.613544345 0.313638717 0.721299469
1311870531.085728 -1.297705412 -0.212379903 0.857850671 -0.071060151 0.613106430 0.313485116 0.721649528
1311870531.117833 -1.298911572 -0.213554829 0.863703728 -0.069755249 0.614311576 0.314714700 0.720215380
1311870531.153808 -1.305722117 -0.207214996 0.869914770 -0.067338243 0.615236700 0.314506471 0.719746530
1311870531.185806 -1.310059667 -0.211386248 0.875013888 -0.066889159 0.615548074 0.315352529 0.719151735
1311870531.217648 -1.317202449 -0.210854918 0.877383590 -0.066787630 0.615623891 0.314230502 0.719587207
1311870531.253950 -1.323365927 -0.212006301 0.879374683 -0.066751815 0.615533292 0.314081252 0.719733238
1311870531.285639 -1.329081059 -0.213584110 0.881747842 -0.066820957 0.615254402 0.314169705 0.719926596
1311870531.317741 -1.335049987 -0.213024169 0.883315682 -0.066641830 0.614364445 0.315301418 0.720208406
1311870531.353899 -1.339086413 -0.213443667 0.888054371 -0.067174390 0.613260329 0.316191256 0.720709682
1311870531.385755 -1.342724800 -0.215510324 0.891425252 -0.068577215 0.612435043 0.315908402 0.721403062
1311870531.417753 -1.347753882 -0.216448218 0.897996128 -0.069422968 0.613058567 0.315005869 0.721187174
1311870531.453962 -1.349850774 -0.217275307 0.900680780 -0.070074730 0.612837315 0.315365791 0.721154869
1311870531.485663 -1.354682326 -0.217849925 0.901132762 -0.070412248 0.612034202 0.315406263 0.721786022
1311870531.517943 -1.357754827 -0.219121426 0.904663146 -0.071038194 0.612014830 0.316171259 0.721406341
1311870531.553875 -1.359140396 -0.220055401 0.907000065 -0.070869371 0.611931145 0.317120939 0.721077085
1311870531.585802 -1.362312078 -0.219913393 0.909642279 -0.070379175 0.612094522 0.317011774 0.721034408
1311870531.617744 -1.365444899 -0.221851528 0.911509335 -0.070539981 0.612472057 0.316280574 0.721019149
1311870531.653887 -1.366004825 -0.223070100 0.913880110 -0.070918128 0.612625182 0.316067755 0.720945299
1311870531.685863 -1.369318128 -0.224045888 0.914744198 -0.071053997 0.612562239 0.315020323 0.721443713
1311870531.717776 -1.373454452 -0.222667590 0.915139377 -0.069696769 0.612851322 0.314133853 0.721717060
1311870531.753721 -1.376571178 -0.224409029 0.912441075 -0.069925897 0.612530231 0.314320713 0.721886098
1311870531.785779 -1.379611373 -0.222715199 0.916890204 -0.069297805 0.613342643 0.314422607 0.721212208
1311870531.817896 -1.383682370 -0.220243528 0.917122364 -0.068412818 0.613063157 0.315317601 0.721143544
1311870531.853864 -1.383332253 -0.224680379 0.920346022 -0.070761070 0.612990260 0.315496653 0.720900595
1311870531.885692 -1.384934068 -0.225480974 0.919900835 -0.072066925 0.613178194 0.314553946 0.721023321
1311870531.917945 -1.387997150 -0.234142169 0.908411264 -0.072011381 0.613052249 0.317218423 0.719967902
1311870531.953725 -1.387653589 -0.223270103 0.915915608 -0.072652601 0.614928961 0.314767927 0.719378293
1311870531.985707 -1.388500333 -0.223636717 0.917227089 -0.073672943 0.615293801 0.314532518 0.719065428
1311870532.017814 -1.388369441 -0.223510802 0.917623937 -0.075177826 0.615425766 0.314009756 0.719025195
1311870532.053802 -1.388830662 -0.225083485 0.919665039 -0.076886728 0.616781473 0.312734157 0.718238354
1311870532.085794 -1.388829947 -0.223657876 0.917439163 -0.077127069 0.617754161 0.311341047 0.717981875
1311870532.117752 -1.386744976 -0.223015860 0.917840421 -0.077390015 0.618432045 0.310340196 0.717803299
1311870532.153955 -1.386324644 -0.220735326 0.917942226 -0.076562658 0.618858874 0.311665833 0.716949224
1311870532.185767 -1.386041641 -0.221876562 0.914384007 -0.077177025 0.618351221 0.312266260 0.717060089
1311870532.217912 -1.387350082 -0.220408991 0.915936708 -0.077495754 0.619199514 0.312677115 0.716114104
1311870532.253887 -1.385178208 -0.219478294 0.915715039 -0.077614538 0.619718492 0.313088804 0.715472102
1311870532.285764 -1.381118178 -0.219016910 0.916418791 -0.077388920 0.620520651 0.312557906 0.715033293
1311870532.317766 -1.377868176 -0.219340548 0.915964782 -0.077860571 0.621316016 0.310164571 0.715333521
1311870532.353921 -1.373923063 -0.220300138 0.916159928 -0.077641539 0.622542858 0.307568938 0.715411425
1311870532.385803 -1.369992018 -0.220128313 0.916568458 -0.074926041 0.623480678 0.305630207 0.715715170
1311870532.417808 -1.366181135 -0.221318007 0.916537941 -0.072418772 0.624048591 0.303100437 0.716553569
1311870532.454013 -1.362255573 -0.224678531 0.912764490 -0.071291149 0.623490453 0.302427739 0.717436194
1311870532.485809 -1.360544682 -0.222824410 0.908658564 -0.070655152 0.622084141 0.304066479 0.718026996
1311870532.518264 -1.349727988 -0.224029988 0.916490018 -0.071579553 0.621636331 0.305114359 0.717878759
1311870532.553703 -1.347235203 -0.226624206 0.909941614 -0.068749741 0.619546771 0.305643618 0.719734192
1311870532.585765 -1.343397260 -0.227461383 0.910459161 -0.066063069 0.619800687 0.305814236 0.719694674
1311870532.617834 -1.339404702 -0.229241207 0.908591449 -0.063774347 0.619213879 0.307378769 0.719739735
1311870532.653874 -1.335268140 -0.229567319 0.911627054 -0.061048847 0.618325591 0.309707522 0.719741523
1311870532.685884 -1.329727530 -0.230142400 0.909122407 -0.061491460 0.615960002 0.309419662 0.721852899
1311870532.717871 -1.322833776 -0.233223900 0.909330785 -0.062782720 0.615909457 0.306062311 0.723214865
1311870532.753718 -1.321432829 -0.234149009 0.905841231 -0.061023485 0.616801679 0.304044247 0.723456204
1311870532.785894 -1.316929579 -0.233569831 0.906121492 -0.059845537 0.617513776 0.303433508 0.723203540
1311870532.817873 -1.313835382 -0.235537916 0.907283604 -0.058835372 0.617344379 0.303737432 0.723303497
1311870532.853993 -1.310760021 -0.234970272 0.903688610 -0.058502134 0.615515172 0.303539306 0.724970698
1311870532.885775 -1.306428552 -0.237080663 0.905762017 -0.058834817 0.615094423 0.303506047 0.725314736
1311870532.917754 -1.301775694 -0.236572772 0.905705154 -0.058175329 0.614016473 0.303580314 0.726249576
1311870532.953790 -1.301771641 -0.235801905 0.906205535 -0.059158627 0.613107443 0.303515285 0.726964951
1311870532.985935 -1.296633244 -0.233875856 0.908899188 -0.060093492 0.611904502 0.303963482 0.727714121
1311870533.017890 -1.294872522 -0.235100210 0.907449245 -0.061575010 0.610471010 0.302609414 0.729356706
1311870533.053880 -1.291699409 -0.234835297 0.908633888 -0.062713094 0.609868705 0.301325709 0.730294466
1311870533.085764 -1.291121960 -0.233905002 0.910561681 -0.063274533 0.610349357 0.300332606 0.730253637
1311870533.117910 -1.288872361 -0.234906361 0.912113070 -0.064126559 0.610805571 0.300373018 0.729781091
1311870533.153906 -1.287778020 -0.233624071 0.912323475 -0.064998046 0.610835373 0.300823182 0.729493499
1311870533.185897 -1.287098646 -0.233857960 0.913807988 -0.065957464 0.611453056 0.302453309 0.728214800
1311870533.217947 -1.282679200 -0.233690143 0.914454997 -0.066206902 0.611478686 0.305280119 0.726990044
1311870533.253938 -1.283058882 -0.233818740 0.914361417 -0.066612959 0.611589074 0.306375593 0.726399004
1311870533.285776 -1.282399178 -0.235270500 0.917298436 -0.067803666 0.612734020 0.305703968 0.725606441
1311870533.317840 -1.284393072 -0.237189487 0.917109489 -0.068849236 0.613971114 0.304733932 0.724870026
1311870533.353961 -1.284781218 -0.238143295 0.917814791 -0.068429448 0.615460575 0.304115325 0.723905802
1311870533.385784 -1.287825227 -0.239791125 0.919187009 -0.066754036 0.617253423 0.304428697 0.722402394
1311870533.418074 -1.290512323 -0.240530297 0.918917477 -0.066044360 0.618302464 0.304758549 0.721430838
1311870533.453809 -1.292634487 -0.243491277 0.920527637 -0.065833852 0.620467424 0.306135297 0.719004393
1311870533.485930 -1.295727730 -0.243021309 0.921607852 -0.063644432 0.622260630 0.308388233 0.716685236
1311870533.517844 -1.298381567 -0.246413454 0.926208913 -0.063371673 0.624414921 0.309593588 0.714312136
1311870533.553791 -1.303445339 -0.248772979 0.927492440 -0.062699609 0.626412570 0.310237288 0.712340415
1311870533.585802 -1.306802750 -0.248308033 0.931720376 -0.061347865 0.628208816 0.312086433 0.710064948
1311870533.617883 -1.310493112 -0.249115601 0.933062434 -0.060202200 0.628717005 0.314145595 0.708804011
1311870533.653986 -1.313031912 -0.251403242 0.935054719 -0.059563532 0.629260778 0.316412002 0.707365930
1311870533.685836 -1.320672631 -0.253236562 0.939771891 -0.059483550 0.630598843 0.317167848 0.705840886
1311870533.717851 -1.324804425 -0.253308833 0.945943534 -0.058829449 0.631416142 0.317146033 0.705174625
1311870533.754009 -1.326670289 -0.255850375 0.949986637 -0.058777291 0.631417334 0.317200929 0.705153167
1311870533.786580 -1.334415078 -0.258332014 0.952983558 -0.058342140 0.631159604 0.316670567 0.705658138
1311870533.817830 -1.337390780 -0.261787176 0.956757665 -0.058636177 0.631316900 0.315908283 0.705834746
1311870533.854024 -1.345152020 -0.263026834 0.958414555 -0.057808258 0.631468594 0.315303922 0.706037581
1311870533.885885 -1.348363280 -0.266413033 0.964636743 -0.057204135 0.631625295 0.316200316 0.705545545
1311870533.918070 -1.351332068 -0.268504709 0.971002519 -0.057097349 0.631104708 0.316170633 0.706033230
1311870533.953885 -1.353503585 -0.271275669 0.974214911 -0.057419669 0.630764425 0.315706283 0.706518769
1311870533.986039 -1.357813478 -0.273035467 0.976444721 -0.056712806 0.631333351 0.314808071 0.706468463
1311870534.017845 -1.364314198 -0.273804098 0.979432106 -0.055968922 0.632063150 0.313704997 0.706365883
1311870534.053805 -1.369511843 -0.272823095 0.984885514 -0.053603288 0.632904351 0.313625365 0.705831409
1311870534.085843 -1.371599913 -0.279912889 0.983396351 -0.054725930 0.631640911 0.314336091 0.706560493
1311870534.117829 -1.377577186 -0.278926462 0.991028905 -0.052645929 0.633269370 0.313519895 0.705622852
1311870534.153817 -1.378713012 -0.283574492 0.992151856 -0.053364329 0.632895947 0.312764823 0.706238747
1311870534.185866 -1.384532332 -0.283016920 0.995208323 -0.051603507 0.632971942 0.312252492 0.706528068
1311870534.217924 -1.383441448 -0.285261571 0.995545328 -0.051889233 0.631794393 0.312269032 0.707553148
1311870534.254180 -1.386972666 -0.287506253 0.997035563 -0.052336968 0.631109357 0.311797500 0.708338976
1311870534.285889 -1.389653563 -0.290433079 0.998568177 -0.053258788 0.631338298 0.310521752 0.708626628
1311870534.318155 -1.392945170 -0.291224271 1.001541853 -0.052627925 0.632025599 0.310319424 0.708149612
1311870534.353864 -1.396129131 -0.293299049 1.001538515 -0.052922104 0.631882548 0.309891790 0.708442509
1311870534.386175 -1.400016546 -0.294145346 1.002344131 -0.052767467 0.631917059 0.309759140 0.708481312
1311870534.417874 -1.402397752 -0.294486612 1.004987597 -0.052317899 0.632319927 0.310098410 0.708006561
1311870534.453764 -1.407270789 -0.295507520 1.002976060 -0.052216444 0.631593466 0.310382873 0.708537698
1311870534.486051 -1.408750296 -0.296393096 1.006895900 -0.051849980 0.632170081 0.311024338 0.707768619
1311870534.518420 -1.410276294 -0.298113674 1.007221103 -0.052552201 0.632214010 0.311436415 0.707496345
1311870534.553916 -1.413417101 -0.299017668 1.008918166 -0.052541975 0.632269681 0.311817378 0.707279503
1311870534.585910 -1.416728377 -0.298119813 1.010873318 -0.050838578 0.632225215 0.311410397 0.707623005
1311870534.617855 -1.417302251 -0.299358726 1.015508413 -0.050137889 0.632330835 0.311403900 0.707581460
1311870534.654074 -1.420420170 -0.302265584 1.016718864 -0.048799954 0.632128000 0.311827242 0.707669795
1311870534.685957 -1.422844052 -0.300178796 1.023103833 -0.046328161 0.632071614 0.311997235 0.707811356
1311870534.718130 -1.426931739 -0.304750293 1.019274592 -0.046794858 0.630269229 0.312090605 0.709345043
1311870534.754156 -1.430391312 -0.306291223 1.021937251 -0.046660934 0.630140662 0.311427355 0.709759474
1311870534.785847 -1.433153391 -0.308670729 1.021389723 -0.046855059 0.630190313 0.311161399 0.709819257
1311870534.817908 -1.434670568 -0.309166729 1.024338722 -0.045986429 0.630781710 0.311710238 0.709109604
1311870534.853941 -1.437220335 -0.307966769 1.025732994 -0.045265265 0.630583048 0.311533242 0.709410429
1311870534.885905 -1.438172102 -0.307531327 1.026913762 -0.045216233 0.630788147 0.311699361 0.709158123
1311870534.918048 -1.441528082 -0.309996665 1.026512742 -0.045893084 0.630726814 0.311671078 0.709181666
1311870534.954068 -1.443949699 -0.307979554 1.028895259 -0.045690130 0.631015420 0.311358780 0.709075212
1311870534.985871 -1.445046186 -0.310765952 1.028645158 -0.046871439 0.631696939 0.310887396 0.708597958
1311870535.018049 -1.448343158 -0.309372067 1.029806614 -0.044904653 0.633437335 0.311332971 0.706974208
1311870535.054164 -1.450821280 -0.308469862 1.029427886 -0.044851813 0.634305298 0.312308371 0.705768049
1311870535.085918 -1.452403903 -0.306780607 1.029773712 -0.044578269 0.634632170 0.313748807 0.704852104
1311870535.117922 -1.454587698 -0.308013797 1.029456854 -0.045419201 0.634926319 0.313337237 0.704716563
1311870535.154191 -1.455161452 -0.309888482 1.031784177 -0.046103064 0.635471284 0.313868433 0.703944206
1311870535.185891 -1.458250761 -0.306064755 1.030236244 -0.045177508 0.635453045 0.313919574 0.703997791
1311870535.217963 -1.460562944 -0.301035315 1.032422781 -0.043877132 0.635340691 0.314237833 0.704039454
1311870535.254036 -1.462489009 -0.301209956 1.031857014 -0.045601826 0.633988261 0.315088540 0.704768419
1311870535.285911 -1.462167978 -0.300534576 1.031264901 -0.048204921 0.633124352 0.315850854 0.705030560
1311870535.317996 -1.462394595 -0.301014066 1.030540347 -0.049895801 0.633646548 0.317058146 0.703900933
1311870535.354185 -1.462142467 -0.301502496 1.031846166 -0.050452836 0.634959579 0.318003476 0.702249706
1311870535.386102 -1.463782787 -0.299252093 1.031501532 -0.050099839 0.635524988 0.318098545 0.701720297
1311870535.418054 -1.464607596 -0.300893158 1.030360341 -0.051831681 0.635667980 0.318219304 0.701410055
1311870535.454154 -1.464472651 -0.299525291 1.030457854 -0.052507464 0.635966599 0.317554146 0.701390624
1311870535.486006 -1.466413975 -0.299030364 1.030267239 -0.054035336 0.636202335 0.316621184 0.701482534
1311870535.517985 -1.469239712 -0.297062635 1.027885675 -0.054472934 0.635333359 0.316815227 0.702148378
1311870535.554126 -1.469047189 -0.297545254 1.028656006 -0.056669671 0.634889126 0.316633403 0.702458262
1311870535.586026 -1.467617393 -0.296432137 1.028619409 -0.058086991 0.634417415 0.316248178 0.702942073
1311870535.618203 -1.466942310 -0.297527343 1.026405334 -0.059477735 0.634857476 0.315675348 0.702685893
1311870535.653954 -1.468824029 -0.295794278 1.022475719 -0.058332786 0.635951340 0.314546257 0.702298939
1311870535.685919 -1.469232798 -0.296283305 1.019873738 -0.058486085 0.636464834 0.313158154 0.702441335
1311870535.722020 -1.469949365 -0.294725120 1.012889504 -0.057144087 0.636293411 0.312409073 0.703040421
1311870535.753972 -1.471991062 -0.293279737 1.007223606 -0.055716518 0.636014342 0.311725020 0.703710794
1311870535.785923 -1.469030261 -0.293704778 1.004527211 -0.055868901 0.636568606 0.311107904 0.703470647
1311870535.822043 -1.467126012 -0.290827751 1.002197742 -0.055546794 0.637588084 0.310239136 0.702956378
1311870535.854132 -1.466589570 -0.290883213 0.996091127 -0.054855213 0.638078988 0.310121685 0.702616930
1311870535.886083 -1.465295076 -0.288220525 0.994133770 -0.052735262 0.639687955 0.310088724 0.701329648
1311870535.922048 -1.467466116 -0.284860879 0.985947907 -0.052051693 0.638956904 0.310432106 0.701894999
1311870535.954065 -1.465965033 -0.280648947 0.984351754 -0.053298853 0.638021052 0.309886187 0.702893257
1311870535.985940 -1.463033199 -0.280798376 0.977810919 -0.054685112 0.635568917 0.308379591 0.705665469
1311870536.022118 -1.464527249 -0.278494984 0.971476674 -0.054278079 0.634608209 0.307526231 0.706932783
1311870536.053971 -1.461393714 -0.275686532 0.963021815 -0.054612365 0.633854032 0.307118595 0.707760334
1311870536.086162 -1.459772587 -0.272732437 0.958693147 -0.054564230 0.633548141 0.306372106 0.708361208
1311870536.122071 -1.458626986 -0.271816552 0.951144874 -0.054100011 0.632113814 0.305931777 0.709866941
1311870536.154212 -1.457187414 -0.269814193 0.943231285 -0.055002794 0.630336523 0.304342657 0.712057650
1311870536.185964 -1.456775665 -0.265199065 0.938774407 -0.055859186 0.630350113 0.301467359 0.713201165
1311870536.222145 -1.457446337 -0.260528624 0.932771683 -0.056795068 0.630453825 0.298289746 0.714370668
1311870536.285958 -1.448672056 -0.253790408 0.925326943 -0.059009664 0.628580689 0.296357423 0.716642499
1311870536.354191 -1.450285077 -0.242231146 0.911890805 -0.062328227 0.624132872 0.293143332 0.721554101
1311870536.386255 -1.440929174 -0.252645254 0.902696133 -0.065435573 0.621307075 0.294813931 0.723035514
1311870536.422203 -1.446100235 -0.241268456 0.885431767 -0.063114978 0.618286669 0.292932659 0.726586938
1311870536.453990 -1.444911122 -0.237464979 0.883814692 -0.065528341 0.617185712 0.289614916 0.728636444
1311870536.486155 -1.446389079 -0.232843146 0.874186993 -0.066113479 0.614701152 0.288394272 0.731163561
1311870536.522243 -1.443861127 -0.229881093 0.869734228 -0.067011483 0.612090766 0.288399279 0.733266830
1311870536.586020 -1.433722734 -0.223386228 0.859645188 -0.071989149 0.604953349 0.285173357 0.739949405
1311870536.622194 -1.431817174 -0.223324135 0.859319270 -0.073471293 0.604533315 0.281874597 0.741409540
1311870536.654414 -1.433601856 -0.219072714 0.842996538 -0.072398871 0.602198422 0.279865980 0.744170964
1311870536.686043 -1.429043651 -0.214147598 0.836872339 -0.071720622 0.600544631 0.277193278 0.746569633
1311870536.722157 -1.429063559 -0.212604105 0.829741120 -0.069614694 0.597595692 0.277150154 0.749146819
1311870536.754257 -1.430922985 -0.209750831 0.823028803 -0.067757137 0.593416750 0.278277069 0.752214968
1311870536.822151 -1.432315230 -0.204127744 0.807698369 -0.071061887 0.585324526 0.275330454 0.759301364
1311870536.854015 -1.428733826 -0.203313395 0.798946142 -0.073441736 0.583400428 0.273747593 0.761125863
1311870536.922146 -1.427147031 -0.195710093 0.791471064 -0.075699940 0.578923583 0.269288570 0.765898645
1311870536.986393 -1.409736633 -0.206429645 0.794040978 -0.082578078 0.577305198 0.265476286 0.767738104
1311870537.022074 -1.424072981 -0.192757413 0.774419069 -0.079050325 0.574615121 0.261911273 0.771343589
1311870537.054071 -1.421985269 -0.193400353 0.773186862 -0.081388451 0.574921966 0.259126544 0.771812201
1311870537.122159 -1.425071239 -0.184484765 0.765119731 -0.079832688 0.573411942 0.259691894 0.772907257
1311870537.154044 -1.421241879 -0.185360909 0.762096584 -0.078917138 0.571552575 0.262832344 0.773316801
1311870537.186006 -1.421189547 -0.186894253 0.760488689 -0.079708315 0.571159303 0.264836311 0.772842407
1311870537.222178 -1.419821382 -0.185846254 0.757586837 -0.078698002 0.572971046 0.266820431 0.770920038
1311870537.254088 -1.416620731 -0.185214579 0.755478382 -0.077141076 0.575196147 0.269616604 0.768443525
1311870537.286093 -1.417782187 -0.183514953 0.755689383 -0.075948603 0.576803148 0.271169215 0.766809762
1311870537.322226 -1.414825439 -0.180127591 0.757594466 -0.074920006 0.577877462 0.271935970 0.765829861
1311870537.354088 -1.417645097 -0.181587055 0.754402220 -0.074257635 0.579120040 0.271025151 0.765278459
1311870537.422153 -1.420957804 -0.180655330 0.751264811 -0.077422418 0.579943001 0.274846047 0.762975454
1311870537.454193 -1.415103555 -0.179920897 0.752882719 -0.079078183 0.580771744 0.276125371 0.761712253
1311870537.486083 -1.415076733 -0.186007634 0.752770543 -0.079445779 0.582113624 0.274693221 0.761167288
1311870537.522105 -1.414944530 -0.186331064 0.752623737 -0.077382088 0.584066927 0.273177207 0.760428905
1311870537.554064 -1.420122147 -0.184771568 0.749766767 -0.073188819 0.583667755 0.274479091 0.760681629
1311870537.586084 -1.417885423 -0.188488379 0.752803504 -0.073717706 0.582950950 0.276677221 0.760383844
1311870537.654062 -1.418966413 -0.189786702 0.757489443 -0.069491737 0.581718028 0.282647073 0.759529889
1311870537.686040 -1.416945338 -0.193365559 0.758991063 -0.070058271 0.581567228 0.282305032 0.759720504
1311870537.722168 -1.416653872 -0.194841743 0.758141458 -0.070662975 0.582558870 0.281325549 0.759267926
1311870537.754254 -1.417973399 -0.194329083 0.757701516 -0.069889992 0.583594561 0.280792087 0.758741438
1311870537.786249 -1.419171572 -0.193758801 0.759312809 -0.068870679 0.584256768 0.280063689 0.758594215
1311870537.822222 -1.419163942 -0.195308864 0.757925451 -0.069528520 0.582276285 0.279947549 0.760098338
1311870537.854262 -1.415629029 -0.197191864 0.760421813 -0.070538200 0.582793415 0.278899044 0.759994388
1311870537.886381 -1.416745901 -0.195821732 0.758400619 -0.068700537 0.583436251 0.278282583 0.759895504
1311870537.922171 -1.416113734 -0.195610940 0.758252800 -0.067894772 0.583310306 0.278424472 0.760012686
1311870537.954347 -1.413955450 -0.193862453 0.756859243 -0.067106359 0.582079053 0.279509187 0.760628223
1311870537.986107 -1.411278963 -0.194293067 0.754075944 -0.066684902 0.580597699 0.280717403 0.761352181
1311870538.022288 -1.410424709 -0.194428191 0.754167795 -0.066557996 0.580375016 0.279885709 0.761839151
1311870538.054071 -1.409441948 -0.195360318 0.748943865 -0.066579156 0.579317033 0.280001312 0.762599647
1311870538.086140 -1.405980349 -0.194505319 0.749424577 -0.065405361 0.579093337 0.280302435 0.762760520
1311870538.122594 -1.406545758 -0.192051664 0.746081114 -0.063089855 0.578149736 0.280456454 0.763614237
1311870538.186414 -1.402214527 -0.192033991 0.737745166 -0.064001322 0.573347807 0.279568076 0.767474949
1311870538.222265 -1.402416229 -0.188115910 0.732534587 -0.064576171 0.571813524 0.277152777 0.769444942
1311870538.254167 -1.399777412 -0.187119767 0.725393474 -0.066608146 0.569368660 0.275226831 0.771772504
1311870538.286215 -1.395592809 -0.186961234 0.724191546 -0.068631478 0.568782151 0.272965074 0.772830248
1311870538.322310 -1.391221642 -0.185564831 0.719779074 -0.069186576 0.567811847 0.270653695 0.774305820
1311870538.386094 -1.386162281 -0.180199817 0.706185997 -0.068920143 0.564969659 0.263958603 0.778707325
1311870538.422217 -1.381714463 -0.181919336 0.697693110 -0.069477074 0.563129425 0.262518704 0.780475557
1311870538.454159 -1.382841825 -0.176925197 0.686953545 -0.068346180 0.561215818 0.260386825 0.782664835
1311870538.486125 -1.380023479 -0.174284160 0.681221247 -0.068643190 0.559514880 0.259363979 0.784194827
1311870538.522200 -1.373771429 -0.171881750 0.674272656 -0.069742851 0.556991696 0.258524209 0.786168814
1311870538.554259 -1.369753480 -0.172270626 0.664500117 -0.069976680 0.554739237 0.257372618 0.788116038
1311870538.586143 -1.370154858 -0.168301761 0.657061219 -0.069612302 0.553331852 0.255432308 0.789767265
1311870538.622362 -1.366997600 -0.166717902 0.651251137 -0.070008881 0.552301168 0.252915055 0.791262388
1311870538.654294 -1.364211202 -0.163348883 0.644895017 -0.069110595 0.551312864 0.251751393 0.792400837
1311870538.686207 -1.362357497 -0.159804210 0.635556877 -0.069299929 0.549451590 0.251244783 0.793836594
1311870538.722309 -1.355300665 -0.156490862 0.627829313 -0.070779823 0.547118366 0.250095963 0.795678139
1311870538.754182 -1.357280016 -0.154539302 0.621291757 -0.071948335 0.545530975 0.249773055 0.796763957
1311870538.786218 -1.353221416 -0.152002096 0.613600194 -0.074470110 0.543936372 0.249461055 0.797719657
1311870538.822228 -1.347839475 -0.143952236 0.602805793 -0.074208520 0.542095423 0.249896392 0.798860073
1311870538.854281 -1.346320748 -0.142746478 0.597827971 -0.075300604 0.541647851 0.249717474 0.799117386
1311870538.886222 -1.343007922 -0.136176020 0.589760900 -0.075238936 0.540223897 0.249371886 0.800194263
1311870538.922182 -1.342760444 -0.133628473 0.581518888 -0.075871721 0.538231909 0.248677090 0.801691711
1311870538.954344 -1.341640353 -0.129320517 0.574977160 -0.076072171 0.535140216 0.248862743 0.803682327
1311870538.986328 -1.338752031 -0.127052635 0.570137858 -0.076831602 0.531749010 0.250292420 0.805415213
1311870539.022372 -1.335694313 -0.124318510 0.564594090 -0.077595390 0.528872311 0.250145048 0.807279706
1311870539.054236 -1.335269213 -0.122554898 0.561047554 -0.078860909 0.527907491 0.248468876 0.808305562
1311870539.086179 -1.334635615 -0.119607821 0.552432775 -0.079871871 0.525895238 0.246679366 0.810064197
1311870539.122393 -1.332960248 -0.118561335 0.548411250 -0.080130391 0.524455428 0.245582953 0.811304271
1311870539.154145 -1.334158063 -0.114570551 0.543377638 -0.078938469 0.522340953 0.243808582 0.813317895
1311870539.186213 -1.332502604 -0.112319127 0.539945066 -0.079248592 0.520108938 0.243070588 0.814937472
1311870539.222410 -1.329840422 -0.110523872 0.532691240 -0.079063058 0.517408788 0.243692279 0.816487134
1311870539.254251 -1.329181910 -0.112014607 0.531532824 -0.080067448 0.516478956 0.244660184 0.816688478
1311870539.286197 -1.328389406 -0.107317001 0.531271875 -0.081213377 0.515631497 0.243694127 0.817399323
1311870539.322337 -1.326768875 -0.105198793 0.525658965 -0.081824109 0.514199615 0.244914532 0.817875564
1311870539.354172 -1.324945331 -0.102231212 0.522236645 -0.081883147 0.513558209 0.244772643 0.818315029
1311870539.386179 -1.325296760 -0.100664429 0.520234823 -0.082959898 0.513264656 0.244660988 0.818424106
1311870539.422287 -1.326333880 -0.096835770 0.515032947 -0.082644142 0.512072384 0.246305659 0.818709552
1311870539.454836 -1.323473096 -0.091932923 0.512402236 -0.082203619 0.510943055 0.248556614 0.818779230
1311870539.487455 -1.324163675 -0.089843079 0.510626554 -0.081899837 0.509504914 0.252049237 0.818638146
1311870539.522354 -1.318853855 -0.092705756 0.513984740 -0.084059060 0.508423865 0.253952563 0.818503141
1311870539.554154 -1.319670558 -0.090190753 0.507945657 -0.084527813 0.507779241 0.254521012 0.818678439
1311870539.586271 -1.317035317 -0.088050798 0.509899676 -0.085165627 0.508101165 0.255563527 0.818087578
1311870539.622380 -1.316449046 -0.085805394 0.510204792 -0.085480914 0.507623971 0.258029938 0.817576587
1311870539.654246 -1.314815760 -0.084710024 0.505461991 -0.087205790 0.505613506 0.260923296 0.817721963
1311870539.686345 -1.311689854 -0.082535990 0.508898079 -0.088640809 0.505708933 0.263825387 0.816576660
1311870539.722235 -1.307208300 -0.085028976 0.512139142 -0.089983940 0.505865574 0.265091747 0.815922320
1311870539.754311 -1.305775046 -0.083801582 0.510365248 -0.089186549 0.505166829 0.265423536 0.816334844
1311870539.786602 -1.304919958 -0.083576299 0.510512114 -0.088503130 0.505252659 0.265153527 0.816443861
1311870539.822291 -1.303362966 -0.087749265 0.508844316 -0.088748313 0.506272316 0.264395386 0.816031337
1311870539.854254 -1.303306222 -0.088054471 0.506503224 -0.088268660 0.508689642 0.262231320 0.815277994
1311870539.886326 -1.301503181 -0.091142073 0.505398512 -0.089535899 0.512162328 0.259281307 0.813908041
1311870539.922326 -1.299061537 -0.091481104 0.502989411 -0.089287616 0.515112460 0.257550925 0.812621891
1311870539.954396 -1.297281623 -0.089693516 0.505683601 -0.087089203 0.517599761 0.256818891 0.811510980
1311870539.986265 -1.295899630 -0.090853125 0.501308560 -0.086202517 0.516971171 0.257296681 0.811854899
1311870540.022451 -1.291878462 -0.093047217 0.500708520 -0.085906908 0.517307639 0.257704318 0.811542571
1311870540.054248 -1.290799618 -0.096895069 0.499845892 -0.085694179 0.519109666 0.257631660 0.810436666
1311870540.086327 -1.289267421 -0.097919308 0.497950912 -0.084980898 0.521896958 0.258577466 0.808417857
1311870540.122405 -1.287325978 -0.094675750 0.496937782 -0.083292656 0.523417175 0.262192458 0.806443989
1311870540.154212 -1.284059763 -0.096426725 0.502193272 -0.082586229 0.523654103 0.264584541 0.805581093
1311870540.186183 -1.284483552 -0.093853325 0.496074915 -0.081094533 0.522562802 0.265132159 0.806260943
1311870540.222385 -1.281646490 -0.093829468 0.494395047 -0.081035525 0.522289276 0.265624613 0.806282043
1311870540.254274 -1.280079722 -0.092678457 0.491710603 -0.080029376 0.521881640 0.267478019 0.806033731
1311870540.286328 -1.275184631 -0.093004964 0.493042231 -0.079980627 0.520202339 0.270294994 0.806184351
1311870540.322198 -1.272068977 -0.092202149 0.491115361 -0.080016159 0.517989457 0.271943957 0.807050645
1311870540.354334 -1.267572045 -0.090546228 0.489558250 -0.079766892 0.518490911 0.270982802 0.807076693
1311870540.386386 -1.264130831 -0.092284888 0.485980839 -0.078845873 0.519226432 0.270409584 0.806886554
1311870540.422311 -1.259367704 -0.090150423 0.485955626 -0.077796325 0.519348145 0.270727038 0.806803644
1311870540.454309 -1.254496336 -0.089667588 0.484186113 -0.076348186 0.518127024 0.272408128 0.807161152
1311870540.486221 -1.250335336 -0.086695872 0.481982380 -0.074787229 0.516426623 0.272320777 0.808425486
1311870540.522337 -1.245746017 -0.086486034 0.477767259 -0.074245900 0.514074564 0.271598369 0.810215533
1311870540.554375 -1.242662311 -0.084709220 0.472348750 -0.074134201 0.512217402 0.268886089 0.812303960
1311870540.586464 -1.239017725 -0.082057513 0.471726120 -0.074089698 0.511879385 0.265375644 0.813674331
1311870540.622414 -1.235912085 -0.082734041 0.470963478 -0.074501090 0.510364532 0.263041586 0.815344512
1311870540.654269 -1.228106022 -0.081424698 0.468530476 -0.075296357 0.506521940 0.260716051 0.818408906
1311870540.686268 -1.225184321 -0.075361364 0.459781796 -0.074194998 0.502296090 0.257747144 0.822046340
1311870540.722364 -1.216228127 -0.076205485 0.455090553 -0.074763469 0.497393668 0.257620603 0.825010061
1311870540.754251 -1.212713242 -0.076816671 0.447918028 -0.075935364 0.493736207 0.254714727 0.827996850
1311870540.786246 -1.205250382 -0.080013104 0.441610783 -0.077226892 0.490556896 0.251158535 0.830848515
1311870540.822468 -1.198745608 -0.076851025 0.435076684 -0.077152133 0.488107860 0.246136248 0.833795667
1311870540.854236 -1.197071552 -0.073556349 0.427538723 -0.077329211 0.485976487 0.242128104 0.836194396
1311870540.886320 -1.192346931 -0.073484562 0.423037082 -0.078756370 0.484244764 0.238988623 0.837967098
1311870540.922347 -1.185868144 -0.069560654 0.412118882 -0.079177864 0.481448174 0.235852733 0.840423703
1311870540.954328 -1.181021094 -0.066962704 0.401116520 -0.079486810 0.479310185 0.232754484 0.842477858
1311870540.986261 -1.173909426 -0.064857610 0.394247949 -0.080697335 0.478317678 0.229693323 0.843766034
1311870541.022351 -1.168426394 -0.063261352 0.388959050 -0.080291919 0.477684766 0.228650078 0.844446361
1311870541.054387 -1.165032029 -0.060436361 0.380818367 -0.079694442 0.474750251 0.228905424 0.846087039
1311870541.086340 -1.159880280 -0.057790902 0.375976801 -0.080057986 0.471274912 0.228486821 0.848106384
1311870541.122437 -1.153594375 -0.057881553 0.369865835 -0.080562621 0.467776746 0.227453023 0.850270331
1311870541.154508 -1.149387956 -0.059363998 0.364939362 -0.082307138 0.465439767 0.224538118 0.852158427
1311870541.186431 -1.146250010 -0.056825083 0.359048039 -0.082848959 0.463686645 0.221950650 0.853738010
1311870541.222493 -1.145538568 -0.055987798 0.354460061 -0.083873540 0.461724728 0.220186651 0.855156898
1311870541.254588 -1.141381860 -0.051723618 0.346758574 -0.084673293 0.458481401 0.219573408 0.856978834
1311870541.286332 -1.138228416 -0.051530093 0.339722514 -0.086294785 0.455887347 0.218793795 0.858399212
1311870541.322625 -1.135544419 -0.047908667 0.335878998 -0.087928288 0.454798549 0.218408450 0.858909011
1311870541.354428 -1.132917762 -0.047319785 0.326449901 -0.088518038 0.453628659 0.218334600 0.859485626
1311870541.386374 -1.129607439 -0.042045355 0.324885428 -0.088098094 0.452688009 0.218772471 0.859913290
1311870541.422454 -1.131081939 -0.039821737 0.317480743 -0.088180237 0.451164216 0.218333855 0.860816717
1311870541.454513 -1.127588153 -0.037572023 0.312296361 -0.089730382 0.449356824 0.217664003 0.861770988
1311870541.486795 -1.128738165 -0.036258958 0.303012669 -0.090651035 0.447966367 0.217871547 0.862345934
1311870541.522439 -1.126308203 -0.033708490 0.297639430 -0.091429457 0.447160453 0.218041092 0.862639129
1311870541.555173 -1.124425769 -0.028799755 0.292273641 -0.092500083 0.446189076 0.218462989 0.862921178
1311870541.586667 -1.122792959 -0.029176395 0.292781085 -0.094102159 0.446779042 0.217029005 0.862804532
1311870541.622463 -1.121107459 -0.028863057 0.289155245 -0.094338313 0.447348237 0.215433583 0.862883687
1311870541.654490 -1.119661450 -0.026992507 0.286295712 -0.093023114 0.448593408 0.213921279 0.862756252
1311870541.686496 -1.119703174 -0.025378162 0.278579712 -0.091522567 0.449098676 0.213009730 0.862879395
1311870541.722353 -1.119409204 -0.024646280 0.275266826 -0.089917526 0.450557739 0.213434145 0.862182379
1311870541.754325 -1.118971825 -0.024811063 0.279291570 -0.087740444 0.453119010 0.214599922 0.860773861
1311870541.786545 -1.118794680 -0.024738900 0.276161760 -0.085471071 0.453742385 0.216478035 0.860203326
1311870541.822399 -1.117309570 -0.025151236 0.277109981 -0.084160767 0.453371674 0.218408659 0.860040009
1311870541.854332 -1.116730452 -0.026645234 0.277354687 -0.083031334 0.452204525 0.219770372 0.860417247
1311870541.886498 -1.114867806 -0.025763499 0.278056920 -0.081254654 0.450436771 0.219554693 0.861568391
1311870541.922427 -1.114822388 -0.028076937 0.277714133 -0.081719853 0.449746966 0.217632294 0.862372160
1311870541.954548 -1.114092350 -0.029715898 0.275404423 -0.080736518 0.449643105 0.216516718 0.862799644
1311870541.986569 -1.114443064 -0.029673567 0.277863532 -0.079396486 0.450311959 0.216283590 0.862633586
1311870542.022417 -1.114119530 -0.030430976 0.279226750 -0.078378357 0.449930012 0.216892049 0.862773240
1311870542.054327 -1.114434719 -0.033136148 0.278979987 -0.078129604 0.449727356 0.216450304 0.863012373
1311870542.086535 -1.116038084 -0.032978095 0.277958930 -0.077379704 0.450546563 0.217591554 0.862365425
1311870542.122433 -1.114339709 -0.033698212 0.281080037 -0.078377917 0.451654017 0.220004290 0.861082852
1311870542.154468 -1.114228249 -0.034488618 0.286559045 -0.078889117 0.452460855 0.220035955 0.860604346
1311870542.186374 -1.113353610 -0.037088130 0.290636986 -0.079763226 0.451448977 0.217624784 0.861667633
1311870542.222469 -1.112181425 -0.038461722 0.292253166 -0.079432487 0.449321836 0.215241700 0.863406837
1311870542.254367 -1.110149741 -0.041855410 0.292785704 -0.078926250 0.447595954 0.214712560 0.864480793
1311870542.286569 -1.110290647 -0.046009548 0.292502761 -0.078427717 0.447578460 0.216141969 0.864178956
1311870542.322368 -1.110410810 -0.043676861 0.294674098 -0.074947022 0.447902739 0.220634192 0.863183975
1311870542.354466 -1.111522317 -0.044815551 0.299038947 -0.074553654 0.446797460 0.223651350 0.863014400
1311870542.386344 -1.108828068 -0.047562592 0.300795615 -0.075403154 0.445130229 0.223343909 0.863881290
1311870542.422546 -1.108693600 -0.052352376 0.304454148 -0.076533608 0.445459098 0.220959902 0.864225388
1311870542.454398 -1.106670022 -0.052940805 0.301773101 -0.075802229 0.445462793 0.220953062 0.864289701
1311870542.486607 -1.107788801 -0.051465817 0.305235118 -0.074475333 0.446332753 0.223081544 0.863408983
1311870542.522398 -1.106769085 -0.052247599 0.304627001 -0.074024916 0.445135236 0.225763485 0.863368869
1311870542.554522 -1.106066942 -0.056314386 0.306995153 -0.074884236 0.444586366 0.227289945 0.863177061
1311870542.586430 -1.105591416 -0.056096923 0.304476470 -0.076193824 0.443914801 0.225927383 0.863765597
1311870542.622435 -1.103228092 -0.058165547 0.302764773 -0.077770315 0.445148379 0.225410745 0.863124967
1311870542.654545 -1.101912379 -0.057424851 0.308748841 -0.078359172 0.448058069 0.225484863 0.861545324
1311870542.686551 -1.102521896 -0.055205014 0.306358010 -0.079050042 0.447328687 0.225503668 0.861856282
1311870542.722485 -1.099693775 -0.053882945 0.307782412 -0.080290988 0.444342047 0.226356611 0.863062084
1311870542.754612 -1.099053502 -0.055152416 0.308965802 -0.082126692 0.440348685 0.226850837 0.864804566
1311870542.786515 -1.095261693 -0.057296105 0.305883378 -0.083920330 0.436141342 0.226614356 0.866824090
1311870542.822618 -1.092151999 -0.057750326 0.301669359 -0.083642989 0.435418636 0.226768255 0.867173910
1311870542.854518 -1.087509871 -0.057145983 0.298646420 -0.082548589 0.435674906 0.227720976 0.866900384
1311870542.886471 -1.085310221 -0.057316042 0.297505975 -0.081758298 0.435236573 0.228591919 0.866966248
1311870542.922511 -1.082528234 -0.056546409 0.295423597 -0.082335316 0.433247507 0.226719335 0.868398428
1311870542.954692 -1.078995109 -0.055510096 0.292853564 -0.082134172 0.430167019 0.225054428 0.870379686
1311870542.986531 -1.072627902 -0.055786494 0.286624938 -0.081415027 0.426027328 0.223972082 0.872759283
1311870543.022361 -1.071371794 -0.054456677 0.283004940 -0.080828510 0.424068451 0.221664846 0.874355435
1311870543.054503 -1.064267039 -0.055806745 0.276182652 -0.080788150 0.421338260 0.221324161 0.875764191
1311870543.086501 -1.061213732 -0.051938761 0.271031171 -0.079126820 0.419351667 0.220532835 0.877068043
1311870543.122447 -1.058537483 -0.050182164 0.264284283 -0.078787200 0.416392356 0.219640613 0.878730893
1311870543.154423 -1.054559946 -0.046725500 0.258670956 -0.078823306 0.413001835 0.217941403 0.880748510
1311870543.186537 -1.050051570 -0.044985108 0.248950779 -0.079896837 0.409507513 0.215583920 0.882861078
1311870543.222444 -1.045007825 -0.043925077 0.244080976 -0.081627116 0.407641143 0.212294295 0.884362400
1311870543.254396 -1.040928125 -0.043103471 0.235536173 -0.082744397 0.405438781 0.209043592 0.886043727
1311870543.286693 -1.038097262 -0.041904062 0.229680181 -0.084592760 0.403316081 0.205607325 0.887640595
1311870543.322559 -1.032350659 -0.039141260 0.223201171 -0.085404575 0.400718629 0.201896414 0.889588952
1311870543.354735 -1.027804852 -0.039760586 0.216905937 -0.086674340 0.398751140 0.198592737 0.891092598
1311870543.386750 -1.027859092 -0.037916023 0.210304692 -0.086555645 0.397125065 0.195654750 0.892479122
1311870543.422566 -1.020813942 -0.033706389 0.197911471 -0.086753249 0.392867029 0.192022592 0.895129442
1311870543.454309 -1.015769124 -0.028214173 0.191332087 -0.086205557 0.390312344 0.189158812 0.896907926
1311870543.486520 -1.011549473 -0.027898414 0.183125019 -0.086210981 0.388004243 0.188316479 0.898085356
1311870543.522582 -1.010941625 -0.025176199 0.175284177 -0.085944034 0.386153549 0.187156603 0.899150431
1311870543.554798 -1.006451488 -0.023786690 0.167627931 -0.086420581 0.383539557 0.187303632 0.900192380
1311870543.586450 -1.003440857 -0.012924808 0.163884237 -0.085177615 0.381472856 0.186895654 0.901273131
1311870543.622532 -1.001846671 -0.010123235 0.156571850 -0.085897334 0.377641916 0.188191876 0.902547538
1311870543.654514 -0.999660373 -0.008334820 0.150252461 -0.087193608 0.372582197 0.188906118 0.904375076
1311870543.686479 -0.998476982 -0.006890362 0.145589799 -0.089316241 0.368392617 0.188548088 0.905957580
1311870543.722474 -0.993305922 -0.004514829 0.141378507 -0.091836572 0.366024882 0.186724633 0.907042325
1311870543.754435 -0.989496350 -0.005606598 0.134005949 -0.093530379 0.366202712 0.185548499 0.907038808
1311870543.786567 -0.984915435 -0.002320432 0.130809963 -0.092744350 0.368663579 0.183629230 0.906513095
1311870543.822562 -0.985371530 -0.001258942 0.127073094 -0.091479480 0.371858627 0.181690678 0.905726910
1311870543.854650 -0.981708169 -0.000509327 0.121941783 -0.091346629 0.372747451 0.182123110 0.905287981
1311870543.886603 -0.978449881 0.005425747 0.120802976 -0.088356674 0.372834116 0.184553444 0.905056834
1311870543.922562 -0.979269028 0.007448380 0.116803519 -0.086986184 0.372261077 0.186948881 0.904933810
1311870543.954493 -0.976166189 0.004712457 0.112964325 -0.087554753 0.371170551 0.187062055 0.905303478
1311870543.986550 -0.971949160 0.004911191 0.109264649 -0.087740757 0.371247262 0.186629280 0.905343354
1311870544.022508 -0.968744695 0.006235901 0.110632785 -0.087379120 0.373181522 0.186651021 0.904578269
1311870544.054454 -0.966744602 0.008828308 0.107005358 -0.086802460 0.374115735 0.188090250 0.903949559
1311870544.086527 -0.965870202 0.008959392 0.105214983 -0.087755322 0.375501513 0.189141542 0.903063178
1311870544.122512 -0.961599231 0.013435959 0.100948445 -0.088273667 0.375694901 0.190780386 0.902587354
1311870544.154676 -0.960022211 0.013850569 0.102737457 -0.090659894 0.377004623 0.190702483 0.901820898
1311870544.186896 -0.956172884 0.017300857 0.102590315 -0.092956789 0.378174692 0.190971315 0.901039898
1311870544.222602 -0.952232838 0.020464236 0.101893969 -0.094256118 0.380175918 0.192481086 0.899740577
1311870544.254540 -0.947297931 0.018303208 0.100967251 -0.096561454 0.381891966 0.194252327 0.898387730
1311870544.286587 -0.943725288 0.023875317 0.102447234 -0.096615069 0.384144574 0.195401117 0.897171617
1311870544.322554 -0.937299967 0.028016699 0.098042354 -0.097310409 0.385661483 0.198407724 0.895784736
1311870544.354609 -0.934679508 0.020966200 0.100071952 -0.099898413 0.388475537 0.200421259 0.893833518
1311870544.386694 -0.930726528 0.022630611 0.103884228 -0.099445820 0.390674889 0.201434776 0.892696857
1311870544.422518 -0.927176833 0.021657420 0.104093365 -0.100065626 0.391865760 0.200383022 0.892342269
1311870544.454952 -0.923285246 0.020344242 0.104230031 -0.098157972 0.393534333 0.200468525 0.891800523
1311870544.486493 -0.920762479 0.021889327 0.100943282 -0.096509807 0.395073444 0.200281948 0.891341686
1311870544.522511 -0.918144286 0.019385438 0.098574333 -0.095109068 0.397123098 0.202471778 0.890085757
1311870544.554697 -0.914486825 0.021758653 0.098313957 -0.093107969 0.399057269 0.204585463 0.888948262
1311870544.586533 -0.909755886 0.023952104 0.096496120 -0.091793761 0.399877399 0.207814008 0.887966990
1311870544.622497 -0.907538533 0.023536844 0.096397921 -0.091730289 0.401097178 0.211012945 0.886668026
1311870544.654693 -0.902032256 0.025287462 0.095691822 -0.091017485 0.400825560 0.213480994 0.886273384
1311870544.686484 -0.898836613 0.026140425 0.094481543 -0.091135643 0.400465727 0.214309305 0.886224031
1311870544.722542 -0.897544146 0.026986890 0.096129417 -0.091419250 0.400905073 0.215469271 0.885714769
1311870544.754551 -0.892736852 0.028070904 0.093841150 -0.091341607 0.399736941 0.217599630 0.885729909
1311870544.786501 -0.887481689 0.028139627 0.092537269 -0.092123166 0.398065656 0.219420269 0.885952473
1311870544.822618 -0.881942332 0.029571589 0.091583744 -0.091981001 0.396442592 0.220186293 0.886504769
1311870544.855021 -0.876957357 0.028455419 0.089815974 -0.092705689 0.395260632 0.220203698 0.886952639
1311870544.890655 -0.873272538 0.028808231 0.089581959 -0.092187159 0.394759148 0.220575556 0.887137651
1311870544.922592 -0.866215289 0.030959638 0.085242435 -0.091567270 0.392262429 0.220184535 0.888405502
1311870544.954606 -0.863651097 0.033503350 0.084034003 -0.090241984 0.390682846 0.219038576 0.889519751
1311870544.990496 -0.857905388 0.031283278 0.081364729 -0.090112939 0.388297290 0.217610762 0.890926719
1311870545.022553 -0.853904009 0.032385744 0.075397715 -0.089977413 0.385400504 0.214644551 0.892915606
1311870545.054668 -0.852361560 0.033093069 0.070713721 -0.089630619 0.383432239 0.212130651 0.894397378
1311870545.090638 -0.845035315 0.035032246 0.065584294 -0.090040907 0.379514813 0.208300173 0.896923721
1311870545.122537 -0.841559350 0.039646402 0.060491171 -0.090631410 0.375642449 0.204497918 0.899366081
1311870545.154758 -0.838838339 0.042249784 0.058711506 -0.092229351 0.372583151 0.200072989 0.901468992
1311870545.190523 -0.832925320 0.044664558 0.048515670 -0.094062269 0.366748214 0.197607815 0.904211938
1311870545.222656 -0.834829330 0.050396334 0.045626871 -0.095524587 0.363295853 0.193311363 0.906378448
1311870545.254684 -0.834897101 0.051095907 0.034127969 -0.098208509 0.358939886 0.190350249 0.908451438
1311870545.290663 -0.824659705 0.056891732 0.030228171 -0.100172184 0.354057938 0.187887833 0.910662770
1311870545.322603 -0.826388180 0.060192887 0.018313337 -0.101834014 0.350379676 0.184483185 0.912595153
1311870545.354649 -0.812584877 0.068934195 0.001470621 -0.102907844 0.343330204 0.183316350 0.915384889
1311870545.390609 -0.808612823 0.068827309 -0.004176131 -0.105741926 0.340624511 0.182920143 0.916151643
1311870545.422677 -0.800677359 0.077296078 -0.013782918 -0.106045544 0.336072206 0.182023734 0.917974472
1311870545.454786 -0.798384368 0.079026416 -0.016502712 -0.107654057 0.333375573 0.181812122 0.918812096
1311870545.490531 -0.792679310 0.084739737 -0.023690911 -0.108451344 0.328821510 0.179421961 0.920827031
1311870545.522543 -0.787088990 0.084961981 -0.034117550 -0.109560467 0.325203091 0.176822096 0.922482193
1311870545.554599 -0.787021756 0.089391306 -0.043928336 -0.108769052 0.322989106 0.174826846 0.923733115
1311870545.590637 -0.784487903 0.089638151 -0.047298629 -0.109141089 0.320159286 0.174426466 0.924749494
1311870545.622567 -0.782428801 0.092325643 -0.053808641 -0.109925389 0.316785634 0.173222497 0.926043868
1311870545.654573 -0.780905426 0.094906479 -0.061418988 -0.110307820 0.313842297 0.172272399 0.927177131
1311870545.690650 -0.776282072 0.098763071 -0.070093669 -0.110766828 0.310546815 0.172822803 0.928129137
1311870545.722708 -0.773044884 0.106727220 -0.081800655 -0.110929325 0.306628883 0.173039332 0.929371178
1311870545.754829 -0.772424042 0.105550833 -0.083122715 -0.113096058 0.303784877 0.175292969 0.929621637
1311870545.790659 -0.773354471 0.111615166 -0.089623556 -0.114071071 0.301074177 0.175174996 0.930406272
1311870545.822700 -0.768417716 0.112166218 -0.092246100 -0.115817957 0.297498196 0.175418571 0.931294441
1311870545.854783 -0.766208470 0.114629947 -0.099517614 -0.116586722 0.294914514 0.173827976 0.932317972
1311870545.890801 -0.763317645 0.120973527 -0.105630152 -0.116275847 0.293761283 0.171832442 0.933090508
1311870545.922584 -0.762074530 0.126322269 -0.112883136 -0.115863852 0.294619113 0.169977218 0.933211088
1311870545.954811 -0.761719525 0.128838688 -0.115423821 -0.114862442 0.297074050 0.170118600 0.932530582
1311870545.990635 -0.752857149 0.128370777 -0.122036852 -0.114876397 0.295378417 0.171840653 0.932751715
1311870546.022658 -0.751547396 0.132331461 -0.123116277 -0.113957860 0.295223385 0.173425063 0.932620227
1311870546.054892 -0.749801755 0.132749766 -0.127150312 -0.113024592 0.296002209 0.174856067 0.932219684
1311870546.090934 -0.742690265 0.138415202 -0.134398431 -0.111507393 0.296030104 0.174683541 0.932425857
1311870546.122708 -0.739447236 0.136085361 -0.136717796 -0.111730129 0.298142999 0.174181253 0.931819737
1311870546.154630 -0.732208610 0.139477193 -0.142138511 -0.110281698 0.298635900 0.174918726 0.931696296
1311870546.190742 -0.729349494 0.141504824 -0.149820358 -0.109274000 0.299297452 0.176683545 0.931269646
1311870546.222659 -0.727101743 0.140895486 -0.150338203 -0.109955914 0.300052524 0.177841768 0.930725813
1311870546.254715 -0.724854469 0.142677367 -0.150194436 -0.110305600 0.300764471 0.179647863 0.930107534
1311870546.290727 -0.720885634 0.141573504 -0.153588831 -0.110648461 0.300965697 0.182545021 0.929437399
1311870546.322664 -0.714773715 0.144558147 -0.155233175 -0.111031905 0.299665213 0.183574766 0.929609060
1311870546.354807 -0.713138223 0.145804569 -0.157003239 -0.112002164 0.298898220 0.182708055 0.929910302
1311870546.390689 -0.705921113 0.148727000 -0.160290405 -0.112539068 0.296793073 0.182365000 0.930586815
1311870546.422785 -0.700921893 0.146364212 -0.156438679 -0.114793628 0.296255589 0.180258527 0.930893064
1311870546.454649 -0.691037595 0.140931785 -0.159661904 -0.117193446 0.294827670 0.177488342 0.931579411
1311870546.490793 -0.687454581 0.153530553 -0.161702693 -0.114957683 0.294890404 0.174207419 0.932457030
1311870546.522750 -0.686892331 0.150702447 -0.159576356 -0.115572117 0.296126246 0.172705099 0.932268918
1311870546.554861 -0.679324389 0.149747238 -0.160635248 -0.116307944 0.294839144 0.171378151 0.932830036
1311870546.590781 -0.675677896 0.150207281 -0.166173026 -0.116242118 0.293812126 0.168826818 0.933627188
1311870546.622718 -0.669069946 0.149390891 -0.165361688 -0.116578035 0.293017328 0.166852742 0.934189796
1311870546.654864 -0.662473917 0.151109412 -0.165948123 -0.115983360 0.291694164 0.165402010 0.934935570
1311870546.690819 -0.658410311 0.150544673 -0.165576130 -0.116437480 0.290716678 0.162452355 0.935700476
1311870546.722746 -0.650346994 0.149050385 -0.166249126 -0.116164438 0.288104504 0.160600767 0.936861277
1311870546.754758 -0.644161284 0.143490732 -0.166074619 -0.117933720 0.285305589 0.159857064 0.937623620
1311870546.790674 -0.635659873 0.143565655 -0.164234981 -0.117563181 0.282005191 0.157471016 0.939071298
1311870546.822614 -0.630415320 0.142010823 -0.165681630 -0.117570087 0.280188501 0.153279588 0.940306902
1311870546.855436 -0.622037232 0.137822777 -0.166262195 -0.117237113 0.278547078 0.150401354 0.941300392
1311870546.890755 -0.615470409 0.136323810 -0.164435089 -0.115987785 0.277561247 0.149186715 0.941939414
1311870546.922740 -0.610391557 0.135903999 -0.165774018 -0.113937087 0.276737422 0.147357091 0.942719817
1311870546.954680 -0.605241597 0.134643361 -0.166696385 -0.112377025 0.276019007 0.145304605 0.943436027
1311870546.990973 -0.600289822 0.132124722 -0.166480631 -0.111723907 0.275934994 0.142443269 0.943974316
1311870547.022663 -0.592926562 0.132427484 -0.167279661 -0.109780528 0.275022238 0.141202673 0.944654822
1311870547.054663 -0.590759158 0.130034998 -0.167052686 -0.108440004 0.274392486 0.140536606 0.945092082
1311870547.090644 -0.586445272 0.130133241 -0.167532369 -0.107087500 0.271072179 0.140076533 0.946272016
1311870547.122659 -0.585528672 0.130767256 -0.164911687 -0.106743157 0.267907649 0.139917061 0.947235227
1311870547.154863 -0.576312900 0.131865084 -0.168513358 -0.107259691 0.262123793 0.140734032 0.948672950
1311870547.190789 -0.574577272 0.133674324 -0.169209972 -0.107866503 0.259611368 0.141385883 0.949197948
1311870547.222724 -0.571616411 0.133144125 -0.168896481 -0.109048866 0.257591486 0.141105145 0.949654818
1311870547.254843 -0.568723679 0.130583301 -0.164889559 -0.110223465 0.256304204 0.140973732 0.949887037
1311870547.290729 -0.566042364 0.132499456 -0.165085003 -0.109262750 0.254258364 0.140052304 0.950683773
1311870547.322669 -0.562965989 0.132417411 -0.166540235 -0.108244807 0.252170533 0.140107930 0.951347888
1311870547.355067 -0.560596049 0.132683009 -0.166317359 -0.107532769 0.250907958 0.139397636 0.951866686
1311870547.390896 -0.555881083 0.133934528 -0.169862822 -0.106167361 0.248725295 0.140293509 0.952461004
1311870547.423247 -0.552147329 0.131973460 -0.168279544 -0.106042504 0.246826947 0.142281637 0.952673793
1311870547.454876 -0.551873565 0.130771682 -0.170921206 -0.106138937 0.245206863 0.142397389 0.953064084
1311870547.490882 -0.550631881 0.130258650 -0.171072319 -0.105907492 0.243317664 0.141809568 0.953661442
1311870547.522831 -0.545038104 0.131504476 -0.173266262 -0.105426669 0.240003303 0.141155571 0.954651117
1311870547.554861 -0.541338742 0.135758132 -0.175132170 -0.104468599 0.237408623 0.137936518 0.955874979
1311870547.590703 -0.532449186 0.132453248 -0.175558656 -0.105065681 0.233337611 0.136518747 0.957014799
1311870547.624176 -0.527647197 0.133446217 -0.179447994 -0.104803540 0.229781047 0.134921417 0.958130002
1311870547.654989 -0.526986539 0.132152930 -0.181252420 -0.105848767 0.227143005 0.133767828 0.958805621
1311870547.690803 -0.523351967 0.132946491 -0.184538633 -0.105865240 0.223114848 0.132978290 0.959858894
1311870547.723212 -0.532092690 0.137889296 -0.185966909 -0.104582787 0.222835466 0.129880652 0.960488319
1311870547.755090 -0.529494226 0.135963485 -0.190532491 -0.104893155 0.220020771 0.128216937 0.961326540
1311870547.790887 -0.524214983 0.139734447 -0.194398880 -0.103709623 0.216881618 0.126227155 0.962430954
1311870547.822833 -0.508272767 0.136393055 -0.199994266 -0.103662893 0.211981043 0.127166614 0.963403702
1311870547.855177 -0.505240202 0.139383912 -0.206557900 -0.102156751 0.209868282 0.126151875 0.964160264
1311870547.890824 -0.501962543 0.138624355 -0.209736869 -0.102706298 0.208057553 0.125881076 0.964529634
1311870547.922822 -0.499158591 0.140415505 -0.216030911 -0.102487147 0.206079274 0.125101030 0.965078950
1311870547.954984 -0.497587889 0.142148301 -0.221262217 -0.102928780 0.204944953 0.123966187 0.965419888
1311870547.990874 -0.492900252 0.144288257 -0.226498798 -0.103132606 0.203937858 0.122228749 0.965832889
1311870548.022941 -0.489275813 0.146139190 -0.231444269 -0.103588790 0.203544334 0.121148087 0.966003239
1311870548.054917 -0.484226435 0.149289325 -0.236656412 -0.103241593 0.203101411 0.120736741 0.966185093
1311870548.090697 -0.481859416 0.149949491 -0.243910804 -0.103635982 0.202695847 0.120004773 0.966319203
1311870548.122924 -0.479318887 0.153591707 -0.248934940 -0.104132436 0.202548996 0.119062275 0.966413200
1311870548.154835 -0.478541732 0.158142462 -0.250748307 -0.104501121 0.203126281 0.118948750 0.966266215
1311870548.191024 -0.470991135 0.155419424 -0.256157637 -0.107046366 0.201835036 0.120120741 0.966113150
1311870548.222826 -0.469164550 0.159914359 -0.259436339 -0.107595697 0.201002344 0.119466007 0.966306925
1311870548.254853 -0.466042012 0.159228310 -0.266021937 -0.109237514 0.199742824 0.118788548 0.966467440
1311870548.290832 -0.463613302 0.169309840 -0.267031699 -0.108521499 0.198952064 0.117666513 0.966848373
1311870548.323014 -0.459294617 0.169835508 -0.269792229 -0.109542556 0.198204726 0.116699912 0.967003822
1311870548.355018 -0.455531895 0.168888763 -0.274611264 -0.110814884 0.196669325 0.116132267 0.967240691
1311870548.390790 -0.455850363 0.170555770 -0.277695179 -0.111595608 0.196667194 0.115184598 0.967264652
1311870548.423124 -0.449220508 0.173134133 -0.286427557 -0.112092450 0.195251897 0.114024125 0.967631400
1311870548.454948 -0.444540769 0.175903305 -0.290639371 -0.112008974 0.194908902 0.113800377 0.967736542
1311870548.490974 -0.446488231 0.179277077 -0.292597622 -0.112299778 0.196108520 0.112833619 0.967573643
1311870548.522930 -0.446027011 0.179203138 -0.295172840 -0.112866297 0.196301714 0.113281965 0.967416167
1311870548.554992 -0.443407297 0.182534143 -0.298689783 -0.112817228 0.195199713 0.113470003 0.967622817
1311870548.590937 -0.448177516 0.183014989 -0.300626189 -0.113042802 0.195792750 0.112178005 0.967627287
1311870548.622907 -0.445430547 0.187238246 -0.304410666 -0.113126703 0.195774347 0.111325689 0.967719674
1311870548.654863 -0.444462478 0.189648360 -0.306183219 -0.113190666 0.197335988 0.109958790 0.967551231
1311870548.690823 -0.439503819 0.187811062 -0.305019319 -0.113965474 0.197626233 0.110517822 0.967337370
1311870548.723045 -0.443210006 0.191829056 -0.307276666 -0.113597594 0.197418660 0.109345406 0.967556238
1311870548.755029 -0.444424063 0.190172106 -0.304429471 -0.114259303 0.196416065 0.109688915 0.967643499
1311870548.790849 -0.444190204 0.191376790 -0.306017220 -0.113289654 0.194194213 0.110892974 0.968068600
1311870548.823040 -0.443873316 0.189559191 -0.303974152 -0.113877274 0.191185981 0.111381605 0.968542218
1311870548.854973 -0.449280351 0.188906953 -0.303872079 -0.113821872 0.189307347 0.111824065 0.968866706
1311870548.890795 -0.448236436 0.189303607 -0.303913593 -0.114103414 0.185696378 0.112480760 0.969456196
1311870548.922923 -0.449753642 0.193314090 -0.302361995 -0.113618791 0.182755396 0.112404570 0.970080674
1311870548.954848 -0.448385030 0.190423012 -0.301257730 -0.114578478 0.179843634 0.113128237 0.970427752
1311870548.991138 -0.450945735 0.192268044 -0.301744133 -0.113824047 0.177695453 0.113739908 0.970840693
1311870549.023006 -0.455321431 0.193233028 -0.298118383 -0.113466844 0.176555023 0.114275642 0.971027613
1311870549.054757 -0.459893048 0.189746872 -0.296703577 -0.114108749 0.175221592 0.114483140 0.971169531
1311870549.090938 -0.460495323 0.190916508 -0.295875043 -0.114059813 0.174046874 0.113963507 0.971447587
1311870549.122900 -0.465171784 0.187706620 -0.292020589 -0.113826670 0.175509751 0.114166491 0.971187830
1311870549.154892 -0.469096661 0.186892048 -0.292197675 -0.113435075 0.176326647 0.112957157 0.971227109
1311870549.190886 -0.470668614 0.185947955 -0.290920526 -0.114244454 0.176640585 0.112198368 0.971163154
1311870549.222929 -0.472538263 0.182808623 -0.286496103 -0.114396840 0.178457335 0.110910691 0.970960975
1311870549.255420 -0.477020860 0.181872055 -0.285808176 -0.113034733 0.180832848 0.110418789 0.970736980
1311870549.291238 -0.479738206 0.178883821 -0.282911360 -0.113403156 0.182367682 0.111517981 0.970281124
1311870549.322870 -0.483641803 0.178288996 -0.279782087 -0.113099121 0.184014603 0.113481887 0.969777822
1311870549.354935 -0.489241838 0.177642167 -0.276782691 -0.113322221 0.185334429 0.115992367 0.969203293
1311870549.390878 -0.489131898 0.176571205 -0.273968905 -0.115036182 0.184790388 0.118344761 0.968820751
1311870549.422995 -0.494386405 0.171680748 -0.267807066 -0.116182826 0.186214671 0.118741289 0.968362629
1311870549.454798 -0.499143630 0.170799851 -0.265091509 -0.115244322 0.187817678 0.117041707 0.968372107
1311870549.490948 -0.503505349 0.170256019 -0.260527372 -0.114086196 0.189978838 0.115596741 0.968261182
1311870549.522845 -0.509847701 0.165291056 -0.254712135 -0.113787740 0.193536416 0.117491275 0.967363298
1311870549.554992 -0.511860073 0.160848916 -0.252046674 -0.112644926 0.194704846 0.121610284 0.966753364
1311870549.590903 -0.515815914 0.164223313 -0.253111720 -0.111504622 0.193840206 0.123903774 0.966768086
1311870549.622816 -0.520130754 0.161223188 -0.250017792 -0.112985082 0.193605423 0.125409737 0.966449022
1311870549.655066 -0.522613704 0.156912893 -0.244129986 -0.113722242 0.193903029 0.125196978 0.966330469
1311870549.691035 -0.528851867 0.154327497 -0.242042363 -0.113894112 0.195471734 0.124032207 0.966144383
1311870549.722894 -0.529851973 0.152666882 -0.238625839 -0.113997184 0.196251094 0.123185240 0.966082573
1311870549.755228 -0.538059950 0.154336274 -0.236234546 -0.112482019 0.199375317 0.123238243 0.965613604
1311870549.791268 -0.538069606 0.151897669 -0.234828740 -0.112826526 0.199817255 0.124464206 0.965324759
1311870549.823422 -0.542228103 0.152382061 -0.231535450 -0.113401711 0.200349391 0.126017481 0.964945495
1311870549.854982 -0.545389712 0.149256781 -0.230795935 -0.115333393 0.199556455 0.129089385 0.964474678
1311870549.891018 -0.548877776 0.150955141 -0.226926833 -0.116441809 0.198488802 0.129232451 0.964542627
1311870549.923205 -0.549953461 0.151691452 -0.227313533 -0.117562160 0.198005855 0.128223747 0.964640617
1311870549.954941 -0.552727938 0.150063694 -0.224056408 -0.118517704 0.199487329 0.128449813 0.964188278
1311870549.990979 -0.553729951 0.152205154 -0.221318662 -0.117693737 0.200469002 0.128535300 0.964074194
1311870550.023489 -0.559778988 0.152326033 -0.219877988 -0.117277183 0.201950729 0.128445283 0.963827670
1311870550.054924 -0.560915172 0.150135338 -0.217099264 -0.117390200 0.201870829 0.127999574 0.963889956
1311870550.090979 -0.563936055 0.147055879 -0.217175841 -0.117187999 0.202895790 0.127046824 0.963825405
1311870550.123038 -0.567556679 0.146790385 -0.216555908 -0.116939850 0.204321802 0.126201108 0.963665366
1311870550.154996 -0.570024252 0.146708593 -0.214990154 -0.117097341 0.205862612 0.126041248 0.963339210
1311870550.190993 -0.573545277 0.148174539 -0.213578671 -0.116851673 0.207147583 0.126129553 0.963081956
1311870550.223075 -0.573261201 0.146462873 -0.213198349 -0.117705926 0.206168830 0.126204640 0.963178158
1311870550.254889 -0.576559603 0.143778339 -0.211321667 -0.118743867 0.206214592 0.124555930 0.963255584
1311870550.290958 -0.577171087 0.143132523 -0.210845351 -0.118864991 0.205889821 0.123565689 0.963437617
1311870550.323124 -0.582223833 0.145532712 -0.210759968 -0.117617376 0.206992090 0.122579515 0.963480532
1311870550.355127 -0.580321729 0.143337831 -0.209335074 -0.118565023 0.206264213 0.122040302 0.963588893
1311870550.391181 -0.583639860 0.145245165 -0.207664549 -0.118103355 0.206554875 0.122869544 0.963477969
1311870550.422917 -0.587343454 0.144663304 -0.207884327 -0.118080243 0.206246361 0.123025596 0.963526964
1311870550.454866 -0.587832570 0.143308520 -0.207193151 -0.119873501 0.205388874 0.122269318 0.963584960
1311870550.492495 -0.589672208 0.146348253 -0.205034688 -0.119274721 0.205973893 0.121398866 0.963644445
1311870550.523326 -0.592664421 0.146064654 -0.205326676 -0.119252950 0.207290590 0.120904870 0.963426888
1311870550.554989 -0.593369365 0.146074295 -0.202924490 -0.119382635 0.206900492 0.121248044 0.963451564
1311870550.591150 -0.597997010 0.144730091 -0.201552466 -0.119985819 0.206050321 0.120345213 0.963671982
1311870550.622970 -0.599784732 0.146634743 -0.202693984 -0.120012574 0.204481855 0.119680591 0.964085400
1311870550.654870 -0.601700485 0.144438043 -0.201336041 -0.121335112 0.204667091 0.118949465 0.963971078
1311870550.690953 -0.602705777 0.139806449 -0.199756160 -0.122529365 0.205498800 0.120239794 0.963482857
1311870550.723132 -0.602254033 0.144233763 -0.200759485 -0.122145884 0.205256313 0.120212771 0.963586569
1311870550.755207 -0.605418563 0.143740922 -0.198461398 -0.122657001 0.206346750 0.120636381 0.963235795
1311870550.790930 -0.605021060 0.141856983 -0.198367640 -0.123038039 0.207194716 0.120836578 0.962979972
1311870550.823148 -0.605935812 0.143409625 -0.200092092 -0.122414157 0.208304971 0.121130921 0.962782979
1311870550.854892 -0.603673100 0.145190716 -0.201145187 -0.122086830 0.209225729 0.121390954 0.962592125
1311870550.890890 -0.602974415 0.142688513 -0.197079539 -0.122768342 0.211003661 0.121983089 0.962042391
1311870550.922959 -0.606521249 0.142437309 -0.197457090 -0.121623129 0.213241771 0.122164711 0.961671233
1311870550.955055 -0.606435895 0.141524300 -0.198222518 -0.121427126 0.213720217 0.123326994 0.961441398
1311870550.990978 -0.609231532 0.144509733 -0.196396157 -0.120789438 0.213974044 0.123181805 0.961483896
1311870551.023157 -0.608228207 0.140895218 -0.196434587 -0.120864354 0.212239519 0.123528026 0.961814463
1311870551.055074 -0.610688567 0.143172219 -0.196034878 -0.119762048 0.211197749 0.121994190 0.962377250
1311870551.091058 -0.611648321 0.141187906 -0.194851384 -0.120104045 0.210975543 0.121162847 0.962488353
1311870551.123105 -0.611877143 0.141160101 -0.193748951 -0.119495966 0.211126298 0.121090032 0.962540209
1311870551.155407 -0.613174975 0.141828477 -0.196261168 -0.118803710 0.210887179 0.120968431 0.962693572
1311870551.190967 -0.611567318 0.140521929 -0.195886478 -0.119299069 0.210419506 0.120527767 0.962789893
1311870551.222839 -0.612464905 0.142453074 -0.196637705 -0.118964866 0.210743621 0.119412169 0.962899387
1311870551.254952 -0.613347232 0.143864393 -0.195327073 -0.118866794 0.211724177 0.119088985 0.962736428
1311870551.291052 -0.614880979 0.139590025 -0.194472656 -0.119965687 0.212734595 0.118795201 0.962413609
1311870551.322945 -0.617860138 0.142450213 -0.193742961 -0.119534865 0.214023426 0.118236080 0.962250292
1311870551.356465 -0.614363432 0.138391048 -0.193277046 -0.120186001 0.213574916 0.118553489 0.962229788
1311870551.391116 -0.614801943 0.141779974 -0.192689836 -0.118523218 0.213585839 0.118410118 0.962451220
1311870551.422998 -0.613085330 0.136785060 -0.193179861 -0.118866891 0.212835640 0.117655039 0.962667584
1311870551.455289 -0.617388546 0.139269009 -0.192391336 -0.117198877 0.213734567 0.116766378 0.962781191
1311870551.491038 -0.616249621 0.132738456 -0.192607075 -0.117789194 0.213493988 0.116600037 0.962782681
1311870551.522967 -0.617656589 0.135296613 -0.193008915 -0.116105430 0.212634772 0.115807399 0.963272870
1311870551.555084 -0.618329644 0.134858996 -0.192724511 -0.116488025 0.211593568 0.115187250 0.963530302
1311870551.591350 -0.617364049 0.137509003 -0.193153679 -0.116014339 0.210237041 0.114460558 0.963970900
1311870551.623031 -0.620971024 0.136506513 -0.193549559 -0.116159536 0.210613057 0.113228209 0.964016855
1311870551.655008 -0.621204853 0.136197269 -0.192990854 -0.116618223 0.210718885 0.112228677 0.964055181
1311870551.693173 -0.620434821 0.137060940 -0.191244259 -0.116916552 0.211023241 0.110780939 0.964119971
1311870551.723056 -0.621425927 0.134677172 -0.191062987 -0.117095925 0.211284488 0.110243075 0.964102626
1311870551.754947 -0.623470068 0.134354427 -0.192832962 -0.116614863 0.211095557 0.109567948 0.964279294
1311870551.791252 -0.621941149 0.137466371 -0.194353476 -0.115846723 0.209636226 0.109485857 0.964699447
1311870551.823042 -0.621912122 0.138069034 -0.195646465 -0.115780264 0.209259480 0.110005997 0.964730024
1311870551.855921 -0.621112049 0.135387585 -0.194215879 -0.116291083 0.209304303 0.109784193 0.964684129
1311870551.891133 -0.622412980 0.135762319 -0.194099665 -0.115656450 0.209617779 0.109544009 0.964719713
1311870551.923134 -0.620300293 0.136831924 -0.194570318 -0.115452021 0.209075332 0.109661222 0.964848578
1311870551.955109 -0.622067928 0.136987701 -0.193975881 -0.115318224 0.209075764 0.109489881 0.964883924
1311870551.991222 -0.623014987 0.136438102 -0.194358930 -0.115615919 0.208653033 0.108741172 0.965024471
1311870552.023035 -0.622458279 0.135210112 -0.194681764 -0.116080120 0.208755970 0.108737208 0.964946926
1311870552.055106 -0.623318911 0.137197062 -0.195154801 -0.115736835 0.209538445 0.108505435 0.964844644
1311870552.091138 -0.624253750 0.135444596 -0.195720360 -0.116239980 0.209994361 0.108960196 0.964633763
1311870552.123025 -0.625334084 0.136651918 -0.194912642 -0.115858227 0.210247204 0.109482527 0.964565456
1311870552.155057 -0.623046398 0.136974946 -0.197087899 -0.115907304 0.209296778 0.109713621 0.964739978
1311870552.191099 -0.622683525 0.138452262 -0.196216732 -0.116271704 0.209223107 0.108935878 0.964800239
1311870552.223069 -0.624946654 0.139149249 -0.196636334 -0.116004102 0.209928438 0.108711861 0.964704514
1311870552.255003 -0.622447789 0.138620883 -0.199160188 -0.116754182 0.209195569 0.110143013 0.964610934
1311870552.291108 -0.622601330 0.136949867 -0.198780537 -0.118011251 0.209427789 0.110741049 0.964339018
1311870552.323058 -0.623050690 0.139840648 -0.197583482 -0.118016377 0.209843248 0.111290924 0.964184761
1311870552.355142 -0.620301545 0.141782463 -0.198406696 -0.117924042 0.209273338 0.110852204 0.964370430
1311870552.391147 -0.621763349 0.140166640 -0.198028401 -0.118372925 0.209882900 0.110854879 0.964182675
1311870552.422923 -0.619326234 0.140074506 -0.198076874 -0.118491776 0.209414005 0.110906214 0.964264095
1311870552.455187 -0.623951554 0.137668714 -0.197339103 -0.118962258 0.211527631 0.110134721 0.963833153
1311870552.491593 -0.620601416 0.139258832 -0.198014528 -0.118632287 0.211952746 0.110658765 0.963720381
1311870552.523105 -0.619067132 0.136916533 -0.200238004 -0.118479989 0.212324515 0.111043297 0.963613093
1311870552.555087 -0.618143082 0.140029028 -0.200826734 -0.117828153 0.212199494 0.111866921 0.963625252
1311870552.591109 -0.617268622 0.139908880 -0.202092975 -0.117882952 0.211916924 0.111897305 0.963677227
1311870552.623006 -0.618790329 0.139842853 -0.198648080 -0.117822893 0.212910473 0.112072654 0.963445187
1311870552.655129 -0.616352022 0.141387939 -0.201173648 -0.117529653 0.212575018 0.111598618 0.963610113
1311870552.691009 -0.619680285 0.141567782 -0.200998440 -0.117234871 0.213157728 0.112022899 0.963468015
1311870552.723159 -0.620109737 0.139451459 -0.200204730 -0.117686562 0.213321984 0.112957448 0.963267446
1311870552.755159 -0.619664550 0.139717281 -0.199950635 -0.117615171 0.213113889 0.112803265 0.963340342
1311870552.791694 -0.620647728 0.140233457 -0.199359432 -0.117276907 0.213752344 0.112616658 0.963261902
1311870552.823129 -0.619681597 0.141548350 -0.199210465 -0.116771191 0.214136735 0.113095894 0.963181853
1311870552.855106 -0.618333697 0.141976371 -0.200663179 -0.116585515 0.213750526 0.113388196 0.963255763
1311870552.891135 -0.618146658 0.139173582 -0.201383084 -0.116971195 0.213515788 0.113689646 0.963225543
1311870552.923053 -0.618577242 0.141749665 -0.202448025 -0.115669183 0.213628128 0.113195665 0.963415980
1311870552.955086 -0.617082417 0.139439389 -0.202658638 -0.115565635 0.213783816 0.113517269 0.963356078
1311870552.991509 -0.616622806 0.141395241 -0.204902947 -0.114632793 0.213651791 0.114218876 0.963413835
1311870553.023056 -0.617072046 0.140248716 -0.204498500 -0.114905022 0.213670269 0.114688054 0.963321567
1311870553.055187 -0.616348982 0.140876770 -0.205654353 -0.114563584 0.213459730 0.114687227 0.963409007
1311870553.091104 -0.617348492 0.139954388 -0.205270126 -0.114681214 0.214078590 0.114053532 0.963332951
1311870553.123234 -0.616294086 0.140093908 -0.205976769 -0.114743792 0.214061111 0.114534356 0.963272333
1311870553.155044 -0.615513742 0.140207499 -0.205763072 -0.114826165 0.213432059 0.115043812 0.963341355
1311870553.191099 -0.617865801 0.141216174 -0.207325384 -0.114745796 0.213549361 0.114581928 0.963380039
1311870553.222942 -0.615516484 0.141995966 -0.206765831 -0.114842169 0.213160947 0.114389718 0.963477373
1311870553.255409 -0.614727974 0.140422210 -0.207373038 -0.115393266 0.213496819 0.114724636 0.963297307
1311870553.291041 -0.614016831 0.143205628 -0.209367052 -0.114829600 0.213337913 0.115369514 0.963322878
1311870553.323277 -0.611997962 0.142313600 -0.208843604 -0.115292594 0.212895185 0.115619928 0.963335514
1311870553.355140 -0.612185955 0.143057242 -0.210240811 -0.114760265 0.213250801 0.115618996 0.963320494
1311870553.391243 -0.614519119 0.142685398 -0.209062204 -0.114803821 0.214226782 0.115500435 0.963112950
1311870553.423106 -0.612944722 0.143067986 -0.209504426 -0.114621677 0.213567033 0.115567058 0.963273168
1311870553.455151 -0.613794029 0.144469261 -0.210813373 -0.114311256 0.213229269 0.115056187 0.963446021
1311870553.491155 -0.614783347 0.142607763 -0.209800348 -0.114794485 0.213340625 0.114347056 0.963448346
1311870553.523226 -0.615459323 0.142009556 -0.209918857 -0.115066871 0.213596538 0.114271551 0.963368118
1311870553.555238 -0.613837004 0.142688513 -0.211116984 -0.114968985 0.213105649 0.114391409 0.963474274
1311870553.597045 -0.614328861 0.142716929 -0.211732075 -0.114831075 0.212842688 0.114897422 0.963488638
1311870553.623237 -0.612417459 0.143475443 -0.214120165 -0.114571691 0.211953908 0.114567533 0.963754714
1311870553.655202 -0.613318741 0.142127573 -0.211850643 -0.115205295 0.212689817 0.114067785 0.963576317
1311870553.691133 -0.612831235 0.142580971 -0.212621197 -0.114771731 0.212667719 0.114615783 0.963567913
1311870553.723044 -0.614138126 0.144607440 -0.213713139 -0.113958098 0.212873340 0.114215173 0.963666618
1311870553.757175 -0.610807359 0.140989393 -0.218820974 -0.115400180 0.211410463 0.113488510 0.963902891
1311870553.792103 -0.609567344 0.143015996 -0.219306171 -0.115664370 0.211259663 0.113764264 0.963871777
1311870553.824352 -0.611388266 0.143691674 -0.217852727 -0.115957357 0.212029144 0.113557287 0.963692009
1311870553.859890 -0.614378333 0.144086242 -0.216996104 -0.116214693 0.213083580 0.114501357 0.963316679
1311870553.891715 -0.611711085 0.144927189 -0.215438887 -0.116216823 0.212984458 0.114675596 0.963317573
1311870553.924394 -0.610476375 0.143852219 -0.216935173 -0.116457567 0.213376552 0.114568867 0.963214457
1311870553.955671 -0.610615492 0.143003866 -0.217084453 -0.116427928 0.214291096 0.114564471 0.963015497
1311870553.991142 -0.611140430 0.144000709 -0.216557905 -0.115576975 0.215502754 0.114015818 0.962912738
1311870554.023227 -0.610429704 0.143821403 -0.217355236 -0.115516543 0.216205388 0.114799932 0.962669253
1311870554.059131 -0.609001637 0.143253013 -0.219404235 -0.115733095 0.216460809 0.114959836 0.962566793
1311870554.091067 -0.607950926 0.144944862 -0.219243348 -0.115395039 0.217050999 0.115439266 0.962417066
1311870554.123172 -0.609243989 0.140833601 -0.219185323 -0.116172276 0.218176976 0.115763672 0.962029934
1311870554.159427 -0.608955622 0.139466166 -0.219164744 -0.115998939 0.218601748 0.115807883 0.961949050
1311870554.194530 -0.607177556 0.140802562 -0.219670966 -0.115296341 0.218384355 0.115394309 0.962132633
1311870554.223628 -0.607412815 0.144227788 -0.219353154 -0.113631263 0.218772084 0.115218490 0.962263703
1311870554.259452 -0.604269326 0.143672764 -0.220362961 -0.113024808 0.218245715 0.115071759 0.962472200
1311870554.291215 -0.608469427 0.143031538 -0.219695792 -0.112539038 0.219866678 0.114085533 0.962277591
1311870554.323100 -0.607552230 0.141788632 -0.219593868 -0.112241276 0.221002787 0.113543451 0.962116182
1311870554.359316 -0.601987839 0.142535940 -0.220539287 -0.111061521 0.221272603 0.114502631 0.962077439
1311870554.391135 -0.603648841 0.143482059 -0.222854644 -0.109659858 0.222309440 0.114885472 0.961953521
1311870554.423274 -0.603916168 0.144742131 -0.221605465 -0.108927958 0.222516239 0.114866622 0.961991131
1311870554.459365 -0.603100717 0.142310932 -0.221097484 -0.108663119 0.222314060 0.115490519 0.961993098
1311870554.491233 -0.601381004 0.139083877 -0.219623625 -0.107371584 0.222137257 0.115435153 0.962185562
1311870554.523195 -0.604380131 0.139533192 -0.220909238 -0.104962721 0.223195821 0.114368133 0.962333858
1311870554.559252 -0.602911890 0.140386403 -0.221942648 -0.103439629 0.224178359 0.113208853 0.962407410
1311870554.591135 -0.603084624 0.138449326 -0.222013131 -0.102302440 0.226237074 0.112734973 0.962102830
1311870554.623261 -0.603936911 0.137909830 -0.217809841 -0.099985592 0.228855804 0.112519436 0.961752176
1311870554.660149 -0.599817157 0.136135355 -0.222040325 -0.097041495 0.229492128 0.112439573 0.961911440
1311870554.692618 -0.599833071 0.135223314 -0.220991910 -0.094520859 0.231909305 0.111807257 0.961656392
1311870554.723357 -0.599291623 0.134303316 -0.222129121 -0.090565421 0.234473124 0.111614980 0.961437643
1311870554.759191 -0.602286041 0.135997355 -0.223885715 -0.086381294 0.237196133 0.111355595 0.961184800
1311870554.791470 -0.600326359 0.134158596 -0.222467110 -0.084728926 0.238482147 0.110818900 0.961075664
1311870554.823586 -0.601978064 0.132836744 -0.219970286 -0.081121437 0.240950003 0.109897621 0.960877180
1311870554.859491 -0.603623867 0.136780232 -0.221460417 -0.077170625 0.243415490 0.109256700 0.960654199
1311870554.891334 -0.601797700 0.136461258 -0.223016456 -0.074188709 0.244869828 0.108658440 0.960587382
1311870554.923272 -0.605820715 0.134146065 -0.221096635 -0.071579061 0.247232825 0.107575513 0.960301995
1311870554.959174 -0.604520679 0.135510564 -0.221377909 -0.068174072 0.247341767 0.107726917 0.960504711
1311870554.991385 -0.606098175 0.136609122 -0.222499564 -0.066213697 0.246958345 0.107767202 0.960735977
1311870555.026905 -0.607421577 0.136487737 -0.222005069 -0.064449169 0.245567843 0.107535079 0.961238205
1311870555.059273 -0.606744289 0.133624211 -0.223694071 -0.063410081 0.243367374 0.105878733 0.962050498
1311870555.091165 -0.605872691 0.131903559 -0.222906500 -0.061775714 0.243249118 0.104332417 0.962355673
1311870555.126212 -0.607089281 0.131782562 -0.223007321 -0.059131011 0.245141268 0.102150261 0.962275743
1311870555.159123 -0.609500468 0.131247148 -0.223271266 -0.057332624 0.247220755 0.101734467 0.961896539
1311870555.191299 -0.609432995 0.132488191 -0.222985148 -0.055678099 0.247854248 0.101917788 0.961811304
1311870555.226157 -0.607781649 0.135186702 -0.222075328 -0.053528853 0.246979460 0.102516450 0.962094665
1311870555.259282 -0.610213518 0.134029761 -0.224858969 -0.053188656 0.246558920 0.102592729 0.962213278
1311870555.291227 -0.607396662 0.133611128 -0.225864679 -0.052810770 0.246180281 0.102669120 0.962322891
1311870555.326190 -0.611015022 0.131047174 -0.221283779 -0.052175321 0.247459739 0.103143372 0.961978614
1311870555.359267 -0.609470785 0.131570309 -0.222703040 -0.050636441 0.246473595 0.103551045 0.962270200
1311870555.391327 -0.608728766 0.131975442 -0.223084539 -0.049124096 0.245042875 0.103419170 0.962728024
1311870555.423263 -0.606182814 0.133529082 -0.224774837 -0.048249889 0.243622780 0.103395492 0.963135123
1311870555.465388 -0.609081328 0.135314271 -0.223406151 -0.046683006 0.244520009 0.103847198 0.962936342
1311870555.493443 -0.608370006 0.134123132 -0.224502146 -0.046166394 0.244031116 0.103982583 0.963070631
1311870555.527900 -0.610928357 0.134417593 -0.224856645 -0.045657139 0.244615689 0.103376977 0.963011861
1311870555.560098 -0.608945608 0.130336016 -0.223041639 -0.046000954 0.244972646 0.101566777 0.963097334
1311870555.591211 -0.608004093 0.129934341 -0.221249297 -0.044426117 0.245900780 0.101342238 0.962958395
1311870555.624804 -0.608101368 0.128925771 -0.222587124 -0.043221597 0.246105060 0.101124130 0.962983966
1311870555.660116 -0.605248153 0.130706325 -0.225092262 -0.042358555 0.244985059 0.101334572 0.963285744
1311870555.691414 -0.608227015 0.131171674 -0.224118546 -0.041330319 0.245601967 0.102473095 0.963052809
1311870555.726456 -0.608359277 0.132267103 -0.225000679 -0.040307306 0.246021733 0.102689728 0.962965965
1311870555.759372 -0.608491123 0.131487951 -0.224329934 -0.040045619 0.246550798 0.102794193 0.962830424
1311870555.791162 -0.608342946 0.128220201 -0.224304944 -0.039908603 0.246549606 0.102250442 0.962894320
1311870555.825897 -0.605701268 0.130583227 -0.224129751 -0.038873725 0.245880187 0.102152310 0.963118196
1311870555.859347 -0.605324984 0.129826769 -0.224567279 -0.038153008 0.245980322 0.102303095 0.963105440
1311870555.891306 -0.604701877 0.129619643 -0.225718975 -0.037259597 0.246137053 0.102043308 0.963127971
1311870555.926220 -0.605737269 0.128301039 -0.222910672 -0.036810346 0.246731550 0.101383515 0.963062763
1311870555.959431 -0.606059253 0.128214419 -0.222439021 -0.035857301 0.246846572 0.100920148 0.963117898
1311870555.991367 -0.605298162 0.127028152 -0.222355321 -0.035408407 0.246569172 0.100628942 0.963236094
1311870556.025722 -0.606687367 0.126818359 -0.222685307 -0.034950893 0.246626750 0.099876538 0.963316321
1311870556.059292 -0.605168700 0.126386613 -0.222373337 -0.034312751 0.246609941 0.099408694 0.963391960
1311870556.091457 -0.603419602 0.128290191 -0.223377109 -0.033387896 0.245932177 0.099177279 0.963621557
1311870556.124878 -0.606785476 0.125857994 -0.222272336 -0.033697654 0.246760562 0.099064857 0.963410497
1311870556.159233 -0.605340183 0.124701805 -0.223887712 -0.033485252 0.246125624 0.099187806 0.963567674
1311870556.191390 -0.605518758 0.126152977 -0.221927866 -0.032895502 0.246385336 0.099302098 0.963509858
1311870556.223200 -0.603326261 0.126530558 -0.222017974 -0.032561310 0.246097684 0.099453829 0.963579059
1311870556.259965 -0.604225993 0.127000183 -0.220835656 -0.032464173 0.246346474 0.099528342 0.963511109
1311870556.295605 -0.603914022 0.127378091 -0.221085370 -0.032661330 0.246867210 0.099506281 0.963373423
1311870556.324589 -0.602499843 0.127669349 -0.223115191 -0.032697856 0.246573061 0.099194691 0.963479638
1311870556.359340 -0.603863955 0.127815872 -0.221028790 -0.033160463 0.247107670 0.098998867 0.963346958
1311870556.391507 -0.603039920 0.129584089 -0.221280426 -0.033148069 0.246990800 0.099056490 0.963371456
1311870556.423779 -0.600835145 0.128544524 -0.220577717 -0.033509165 0.246656671 0.099656112 0.963382721
1311870556.459405 -0.602306366 0.129043743 -0.221671253 -0.033372626 0.246693999 0.099505417 0.963393509
1311870556.495280 -0.601303816 0.128028274 -0.222544134 -0.033960577 0.246226057 0.099995397 0.963441908
1311870556.527200 -0.600395560 0.127515450 -0.220650300 -0.034083296 0.246668026 0.100587085 0.963262916
1311870556.559413 -0.600905418 0.127874359 -0.221798331 -0.034044340 0.246869564 0.100075595 0.963265955
1311870556.594832 -0.600051522 0.128303424 -0.221906215 -0.034719784 0.246488765 0.099769391 0.963371098
1311870556.624698 -0.601553798 0.129580975 -0.221249774 -0.034958433 0.246442452 0.100320980 0.963317037
1311870556.659280 -0.598984241 0.127330586 -0.222193956 -0.036125749 0.245788321 0.099308662 0.963545978
1311870556.695113 -0.603012264 0.131054282 -0.218684241 -0.035723891 0.246915326 0.100401789 0.963159442
1311870556.731925 -0.602455199 0.131452248 -0.219397381 -0.037174284 0.246511564 0.100181274 0.963230968
1311870556.759291 -0.601197362 0.130899295 -0.218454614 -0.038151570 0.246490657 0.100410551 0.963174224
1311870556.794439 -0.602036953 0.130217820 -0.217659846 -0.038921233 0.247172326 0.100640498 0.962944686
1311870556.823188 -0.601123095 0.131602898 -0.217651725 -0.038894106 0.246997863 0.101088978 0.962943554
1311870556.859318 -0.600968003 0.130197048 -0.216802463 -0.039543357 0.246335164 0.101365946 0.963057756
1311870556.891802 -0.600906491 0.131260246 -0.216219679 -0.039300457 0.245853588 0.101148881 0.963213563
1311870556.925468 -0.599652708 0.130696267 -0.216525719 -0.039166633 0.245585695 0.101320051 0.963269353
1311870556.959298 -0.601047933 0.129001871 -0.216810152 -0.039145831 0.246112943 0.100983076 0.963171005
1311870556.994694 -0.602248132 0.128636971 -0.217203468 -0.038677916 0.246044412 0.101173721 0.963187456
1311870557.025411 -0.600467026 0.129356205 -0.215965286 -0.038713310 0.244889632 0.101233251 0.963474035
1311870557.059416 -0.598533571 0.129015952 -0.215397805 -0.038737893 0.244509786 0.100638755 0.963631749
1311870557.092050 -0.599422872 0.129026890 -0.216871947 -0.038530983 0.244725823 0.101252660 0.963520944
1311870557.123857 -0.598920643 0.128438219 -0.215883672 -0.038769919 0.244586006 0.101317540 0.963540018
1311870557.159497 -0.599680066 0.129719645 -0.216111377 -0.038345296 0.244573951 0.101067819 0.963586271
1311870557.193333 -0.598533809 0.128924012 -0.215079978 -0.038325641 0.244508892 0.101164609 0.963593423
1311870557.224989 -0.598806679 0.129014015 -0.215817750 -0.037999995 0.244350374 0.101013876 0.963662326
1311870557.259366 -0.599503040 0.129287884 -0.215801463 -0.038065068 0.244121417 0.101459764 0.963670969
1311870557.294693 -0.599582136 0.128318548 -0.217496544 -0.038212329 0.243964180 0.101136945 0.963738859
1311870557.327523 -0.596687734 0.129447907 -0.218324691 -0.038163856 0.243554235 0.101049624 0.963853657
1311870557.359424 -0.597299576 0.128647983 -0.218409076 -0.038185485 0.243748471 0.101570725 0.963748932
1311870557.391546 -0.596298873 0.128879294 -0.218322411 -0.038131252 0.243318766 0.102143839 0.963799059
1311870557.428674 -0.598815739 0.129738450 -0.217116594 -0.037553761 0.243628249 0.101619720 0.963798940
1311870557.459894 -0.597758889 0.129725531 -0.218430251 -0.037325244 0.242899075 0.101734966 0.963979721
1311870557.493549 -0.598516703 0.127128497 -0.220381632 -0.037905961 0.242809221 0.101477176 0.964006841
1311870557.523830 -0.598233283 0.127909005 -0.219351053 -0.038349900 0.242830113 0.099966995 0.964141786
1311870557.561270 -0.595973730 0.128008217 -0.220419288 -0.038257550 0.243328109 0.097871378 0.964234889
1311870557.592617 -0.594112456 0.127678484 -0.222358912 -0.038071856 0.243829548 0.098609999 0.964040339
1311870557.623903 -0.591413975 0.127594411 -0.226668984 -0.038093377 0.243835613 0.099710561 0.963924706
1311870557.662509 -0.593644142 0.128889188 -0.223224029 -0.038758919 0.244539663 0.100888312 0.963597238
1311870557.695104 -0.595125258 0.128092796 -0.221360207 -0.039342128 0.244882882 0.100565121 0.963520229
1311870557.723860 -0.596388280 0.128339112 -0.219941229 -0.039057638 0.245230377 0.098714106 0.963634849
1311870557.759892 -0.596876502 0.127881438 -0.219199374 -0.038833268 0.245421082 0.096104264 0.963859141
1311870557.791472 -0.595964432 0.128162280 -0.221121296 -0.038395580 0.244529307 0.095611684 0.964152277
1311870557.823593 -0.597610474 0.128069609 -0.220857829 -0.038579863 0.243898213 0.096374847 0.964228809
1311870557.860252 -0.596063554 0.127689809 -0.224746481 -0.039859917 0.242521673 0.098028593 0.964357197
1311870557.892852 -0.595053911 0.128399238 -0.221434578 -0.040175866 0.242626265 0.098195031 0.964300871
1311870557.925915 -0.594009519 0.123851202 -0.223086134 -0.040868603 0.243525773 0.097400010 0.964125633
1311870557.963591 -0.593050659 0.123190328 -0.226417422 -0.039621416 0.244109631 0.098719478 0.963895798
1311870557.991608 -0.594692051 0.122234255 -0.223698735 -0.037986696 0.243665814 0.098079033 0.964139223
1311870558.025204 -0.596104503 0.123268299 -0.226484507 -0.037054315 0.241698742 0.097497255 0.964729488
1311870558.060552 -0.593710363 0.124406606 -0.228831515 -0.037266482 0.240362570 0.096919328 0.965113282
1311870558.093485 -0.592573225 0.123841979 -0.228105366 -0.036725529 0.240778074 0.096679017 0.965054572
1311870558.123666 -0.594340801 0.122504756 -0.228911623 -0.035359237 0.242168680 0.096910939 0.964734316
1311870558.161355 -0.594313502 0.123296633 -0.227187857 -0.033636566 0.243346587 0.097989306 0.964390516
1311870558.191808 -0.594400704 0.124162748 -0.229353026 -0.032538589 0.243101165 0.098729871 0.964414597
1311870558.223361 -0.595681608 0.126104638 -0.230313465 -0.032265369 0.242693931 0.100183032 0.964376450
1311870558.259368 -0.593301892 0.126611561 -0.232202664 -0.032805387 0.241400227 0.100831211 0.964615345
1311870558.293938 -0.594861627 0.126305550 -0.231880680 -0.034358308 0.241359472 0.100288808 0.964628041
1311870558.323308 -0.592967093 0.125117779 -0.230412677 -0.035556756 0.241265625 0.099538356 0.964685857
1311870558.361109 -0.594809175 0.124883227 -0.231473744 -0.035247944 0.242113277 0.098979734 0.964542270
1311870558.391543 -0.594494462 0.125635400 -0.231024057 -0.034666590 0.242092431 0.098415479 0.964626312
1311870558.423430 -0.593566954 0.126677930 -0.231549487 -0.034075953 0.241435438 0.098361820 0.964817464
1311870558.459503 -0.593312323 0.127016276 -0.234695166 -0.033807915 0.240840226 0.099292003 0.964880347
1311870558.491390 -0.594252408 0.127202034 -0.233665720 -0.034466848 0.241007909 0.100626178 0.964676976
1311870561.081717 -0.593714416 0.127488047 -0.234480247 -0.035468642 0.240634650 0.099891692 0.964810133
1311870561.198313 -0.817100704 -0.027877130 -0.972810149 -0.033598367 0.239614516 0.103754617 0.964723289
1311870561.431339 -0.545313358 0.169984698 -0.250739545 -0.078058764 0.227982163 0.108709067 0.964423776
1311870561.499130 -0.548438132 0.169948518 -0.249517530 -0.074499369 0.228427142 0.107351564 0.964752018
1311870561.563772 -0.555972219 0.164799556 -0.253679901 -0.072663315 0.227769613 0.106022336 0.965194464
1311870561.631953 -0.551884472 0.166563883 -0.247433841 -0.071605973 0.227053240 0.105411731 0.965509057
1311870561.697054 -0.554745495 0.166285411 -0.248050198 -0.070190549 0.225954369 0.105045162 0.965910673
1311870561.799438 -0.558114052 0.165273041 -0.246454105 -0.069891907 0.224248409 0.104894996 0.966346085
1311870561.829471 -0.563175917 0.165330857 -0.243454620 -0.070241965 0.222312644 0.104439847 0.966817200
1311870561.898860 -0.564449131 0.163851127 -0.241079018 -0.070342749 0.221640348 0.104560703 0.966951132
1311870561.962090 -0.564614117 0.164714828 -0.241780996 -0.069449641 0.221404940 0.104441345 0.967082500
1311870562.031321 -0.570751488 0.162436053 -0.241253600 -0.069007546 0.222764626 0.105332352 0.966705203
1311870562.098947 -0.570607662 0.161942586 -0.239779145 -0.069108941 0.223229870 0.108402848 0.966251135
1311870562.128860 -0.572331786 0.161751494 -0.238935933 -0.069077350 0.224377096 0.113437004 0.965409398
1311870562.196699 -0.572707474 0.160309911 -0.237699136 -0.068749152 0.225501955 0.114881650 0.964999795
1311870562.231536 -0.574199080 0.156859413 -0.235873714 -0.067974687 0.227954596 0.113979340 0.964585304
1311870562.300032 -0.576513410 0.153568491 -0.236096546 -0.065910727 0.229196310 0.112665966 0.964588642
1311870562.364858 -0.579347849 0.152294651 -0.236627698 -0.064419419 0.230790064 0.112854823 0.964287221
1311870562.432335 -0.577280462 0.153190285 -0.236498043 -0.061795216 0.231930375 0.114620708 0.963977039
1311870562.597000 -0.585434139 0.149806604 -0.234352142 -0.058859568 0.236627892 0.113677129 0.963130474
1311870562.667669 -0.585934460 0.150710970 -0.233289778 -0.059500188 0.238303006 0.114411764 0.962590992
1311870562.696764 -0.587413728 0.152900338 -0.232333362 -0.060080484 0.238697290 0.116812006 0.962168813
1311870562.767985 -0.586871803 0.151537538 -0.232580349 -0.060669340 0.238432974 0.118938208 0.961936951
1311870562.898088 -0.589830279 0.150655940 -0.227737710 -0.059645500 0.241067827 0.118993230 0.961337268
1311870562.999413 -0.591224432 0.150222197 -0.221525237 -0.060279749 0.242263168 0.118043296 0.961114287
1311870563.068108 -0.591764808 0.149597272 -0.221178487 -0.059252083 0.243199214 0.118662909 0.960865438
1311870563.131640 -0.596077979 0.148292258 -0.220071718 -0.058768228 0.245012611 0.119296089 0.960355937
1311870563.197720 -0.596092224 0.146306977 -0.218611464 -0.058644831 0.245577961 0.119770005 0.960160077
1311870563.334146 -0.600886345 0.148204848 -0.213313252 -0.060455903 0.246837184 0.119662516 0.959738195
1311870563.398492 -0.602826476 0.150301144 -0.211712122 -0.061526578 0.246318936 0.119482458 0.959825695
1311870563.464704 -0.603692114 0.148922578 -0.213664010 -0.063673109 0.245314002 0.118542008 0.960059702
1311870563.535746 -0.607166767 0.147703275 -0.205410182 -0.064479224 0.246423453 0.118677869 0.959704876
1311870563.597199 -0.608298063 0.147585303 -0.205002278 -0.064519815 0.244404048 0.117792159 0.960327506
1311870563.665851 -0.610690653 0.147395864 -0.202677995 -0.064865582 0.243916735 0.115863025 0.960662723
1311870563.735366 -0.616497338 0.145368144 -0.197665349 -0.065868422 0.242095709 0.114109926 0.961264729
1311870563.798425 -0.619616807 0.144311771 -0.198184907 -0.066374481 0.242023513 0.112934366 0.961386979
1311870563.933834 -0.624906361 0.143186584 -0.194942266 -0.065745071 0.240903184 0.111109175 0.961924136
1311870563.999300 -0.625592291 0.142560810 -0.194284499 -0.065633036 0.241161540 0.110970885 0.961883008
1311870564.067079 -0.624961257 0.142097637 -0.196704596 -0.066187195 0.239229456 0.111532785 0.962262392
1311870564.134885 -0.628357649 0.141452998 -0.193511158 -0.067211762 0.238807052 0.110158287 0.962454617
1311870564.199265 -0.629467607 0.144462988 -0.195450008 -0.067206129 0.237845838 0.110181816 0.962690294
1311870564.264917 -0.629901052 0.145881131 -0.193968520 -0.067717314 0.237830967 0.109626241 0.962721586
1311870564.335238 -0.628959894 0.146836668 -0.192660287 -0.068054505 0.237687394 0.108280018 0.962885618
1311870564.399530 -0.629278302 0.144231215 -0.192830727 -0.068824537 0.237643033 0.109083287 0.962751150
1311870564.465945 -0.630329311 0.145574600 -0.193554834 -0.069013186 0.238298893 0.109490208 0.962529302
1311870564.533196 -0.631213188 0.144855201 -0.194068223 -0.069471784 0.239249751 0.109519042 0.962257147
1311870564.601109 -0.630735219 0.146525100 -0.196331933 -0.068964131 0.239623055 0.110076569 0.962137163
1311870564.667669 -0.628835022 0.146058843 -0.197773129 -0.069306709 0.240408242 0.109873347 0.961939871
1311870564.735751 -0.628699899 0.149295688 -0.199765414 -0.068490937 0.240749136 0.109983683 0.961900413
1311870564.803439 -0.629277408 0.147504479 -0.198184922 -0.068378039 0.241727635 0.111443192 0.961494982
1311870564.835756 -0.628721774 0.145248473 -0.199777454 -0.068514131 0.241880417 0.111453138 0.961445689
1311870564.903714 -0.627380371 0.145843223 -0.201076314 -0.067992106 0.242194459 0.111706719 0.961374283
1311870564.965822 -0.625758111 0.148006037 -0.202157930 -0.067131422 0.242450073 0.112326369 0.961298168
1311870565.033600 -0.623170912 0.148160398 -0.202228487 -0.067324124 0.242824063 0.112732686 0.961142659
1311870565.103730 -0.623287857 0.147940978 -0.203273743 -0.067550533 0.243139476 0.112848632 0.961033463
1311870565.164984 -0.623690903 0.149178728 -0.203727230 -0.066928484 0.243118376 0.112468787 0.961126864
1311870565.235724 -0.624489963 0.147406578 -0.203881159 -0.066449083 0.243328974 0.112342373 0.961121619
1311870565.265740 -0.624606311 0.148888990 -0.205593541 -0.066216156 0.243651420 0.112475634 0.961040378
1311870565.335501 -0.624599874 0.148160905 -0.203740120 -0.066750884 0.244131804 0.112808950 0.960842431
1311870565.400919 -0.623099267 0.148158148 -0.203963771 -0.066424668 0.243164793 0.112936147 0.961095273
1311870565.464919 -0.623754799 0.146939307 -0.203797087 -0.065931097 0.242871433 0.112862512 0.961212039
1311870565.532754 -0.622185290 0.147803098 -0.205180138 -0.065454192 0.240960971 0.112828434 0.961729348
1311870565.664873 -0.623494089 0.147573441 -0.206215128 -0.065683864 0.240007386 0.112615384 0.961977065
1311870565.736099 -0.622886240 0.146568015 -0.205131307 -0.066081293 0.239667416 0.111541942 0.962159634
1311870565.803859 -0.624237061 0.146435589 -0.207980707 -0.066177361 0.239801034 0.111007191 0.962181568
1311870565.869644 -0.620262086 0.148140058 -0.209213346 -0.065851659 0.239125222 0.111404769 0.962326169
1311870565.933144 -0.620320141 0.147216216 -0.208872706 -0.066611059 0.239663780 0.112518184 0.962010324
1311870566.002704 -0.619700849 0.147837177 -0.208478466 -0.067065172 0.239309341 0.112869367 0.962025881
1311870566.071625 -0.619964361 0.149469212 -0.208666727 -0.066875756 0.238871783 0.112805605 0.962155282
1311870566.101903 -0.621831834 0.148867413 -0.208383545 -0.067024834 0.238657534 0.112361163 0.962250054
1311870566.133243 -0.619568169 0.151613355 -0.209681779 -0.066730216 0.237984419 0.113209344 0.962337852
1311870566.201045 -0.620707691 0.151402786 -0.208461463 -0.067726120 0.238351330 0.113296732 0.962167144
1311870566.270321 -0.622098088 0.151377231 -0.208096489 -0.067547515 0.238552958 0.113112211 0.962151468
1311870566.343851 -0.621769726 0.147931829 -0.208939865 -0.067655005 0.238462046 0.112283580 0.962263525
1311870566.401248 -0.621158063 0.147406012 -0.208925888 -0.067355767 0.238510549 0.111892380 0.962318063
1311870566.472310 -0.621647418 0.146977440 -0.210019246 -0.066947132 0.238392293 0.112627789 0.962290049
1311870566.502143 -0.622272015 0.149026543 -0.208833471 -0.066631384 0.238221392 0.112544991 0.962364018
1311870566.570302 -0.622398496 0.148030281 -0.209142983 -0.066917978 0.237694263 0.112237908 0.962510288
1311870566.635198 -0.624248803 0.146991909 -0.208973199 -0.066803917 0.238128364 0.111034825 0.962550461
1311870566.703464 -0.623428285 0.148684651 -0.208828047 -0.066188544 0.237060711 0.111557953 0.962795973
1311870566.777550 -0.623666286 0.146871909 -0.209249273 -0.065571621 0.236966804 0.111599065 0.962856531
1311870566.870075 -0.623960614 0.149161205 -0.210569799 -0.065768108 0.237856090 0.110948458 0.962699056
1311870566.936872 -0.622851908 0.147970006 -0.211518064 -0.066374362 0.237595722 0.110494800 0.962773919
1311870567.004483 -0.624250770 0.149037704 -0.210923493 -0.066392452 0.239526704 0.111192375 0.962213755
1311870567.036902 -0.624775946 0.149793804 -0.209946737 -0.066451102 0.239871696 0.111710161 0.962063789
1311870567.101332 -0.623419821 0.148385033 -0.210088804 -0.067212425 0.239727154 0.111228928 0.962102652
1311870567.473584 -0.621835828 0.148374006 -0.214489132 -0.065193042 0.240432382 0.112621829 0.961903572
1311870567.540209 -0.622689009 0.149546459 -0.216663510 -0.064767748 0.241133526 0.113056242 0.961705804
1311870567.604153 -0.623761892 0.147755131 -0.213770509 -0.066043086 0.240954503 0.112865895 0.961686313
1311870567.739514 -0.623079479 0.151084408 -0.215037838 -0.064778194 0.241015524 0.111930370 0.961866379
1311870567.804034 -0.622239590 0.151141480 -0.216549769 -0.064439140 0.240719587 0.112634957 0.961880982
1311870567.871833 -0.622805774 0.147467390 -0.216060087 -0.065508738 0.241478294 0.112631328 0.961618960
1311870568.003648 -0.623737156 0.148985654 -0.216198966 -0.065063141 0.241447628 0.111267760 0.961815655
1311870568.037029 -0.623485863 0.149127752 -0.215823799 -0.064789712 0.241715908 0.110934183 0.961805224
1311870568.103740 -0.626465380 0.148433074 -0.214219615 -0.064993538 0.242139474 0.110681616 0.961714029
1311870568.173341 -0.624055326 0.147469878 -0.215131119 -0.065248393 0.242141441 0.110476792 0.961719811
1311870568.240977 -0.625709295 0.148362294 -0.214383632 -0.064946480 0.242387235 0.110298395 0.961698830
1311870568.274175 -0.625903547 0.149984345 -0.213201702 -0.064285651 0.242620915 0.109865494 0.961733878
1311870568.337150 -0.625283718 0.150501937 -0.213158220 -0.064016938 0.242501616 0.110119119 0.961752892
1311870568.408980 -0.625552714 0.150583386 -0.214606747 -0.064110473 0.242398113 0.110701606 0.961705863
1311870568.472372 -0.625313163 0.149824813 -0.214593455 -0.064014859 0.242988706 0.110649534 0.961569130
1311870568.505016 -0.622840226 0.149324924 -0.214734927 -0.064373910 0.243404821 0.111875512 0.961298048
1311870568.669323 -0.620681822 0.150803000 -0.214786798 -0.063459009 0.242933825 0.112845279 0.961364686
1311870568.708062 -0.622575104 0.149407461 -0.216034800 -0.063022546 0.243466944 0.112598047 0.961287498
1311870568.838136 -0.620680809 0.148572609 -0.215988636 -0.063025557 0.243710801 0.112357013 0.961253703
