
ORB-SLAM3 Copyright (C) 2017-2020 Carlos Campos, Richard Elvira, Juan J. Gómez, José M.M. Montiel and Juan D. Tardós, University of Zaragoza.
ORB-SLAM2 Copyright (C) 2014-2016 Raúl Mur-Artal, José M.M. Montiel and Juan D. Tardós, University of Zaragoza.
This program comes with ABSOLUTELY NO WARRANTY;
This is free software, and you are welcome to redistribute it
under certain conditions. See LICENSE.txt.

Input sensor was set to: RGB-D
Loading settings from /home/bingxin/Downloads/NGD-SLAM/Examples/RGB-D/Bonn.yaml
Camera1.k3 optional parameter does not exist...
	-Loaded camera 1
Camera.newHeight optional parameter does not exist...
Camera.newWidth optional parameter does not exist...
	-Loaded image info
	-Loaded RGB-D calibration
	-Loaded ORB settings
Viewer.imageViewScale optional parameter does not exist...
	-Loaded viewer settings
System.LoadAtlasFromFile optional parameter does not exist...
System.SaveAtlasToFile optional parameter does not exist...
	-Loaded Atlas settings
System.thFarPoints optional parameter does not exist...
	-Loaded misc parameters
----------------------------------
SLAM settings: 
	-Camera 1 parameters (Pinhole): [ 542.823 542.577 315.594 237.756 ]
	-Camera 1 distortion parameters: [  0.039903 -0.099343 -0.00073 -0.000144 ]
	-Original image size: [ 640 , 480 ]
	-Current image size: [ 640 , 480 ]
	-Sequence FPS: 30
	-RGB-D depth map factor: 5000
	-Features per image: 1000
	-ORB scale factor: 1.2
	-ORB number of scales: 8
	-Initial FAST threshold: 20
	-Min FAST threshold: 7


Loading ORB Vocabulary. This could take a while...
Vocabulary loaded!

Initialization of Atlas from scratch 
Creation of new map with id: 0
Creation of new map with last KF id: 0
Seq. Name: 
There are 1 cameras in the atlas
Camera 0 is pinhole
Net use yolo-fastest

-------
Start processing sequence ...
Images in the sequence: 10857

First KF:0; Map init KF:0
New Map created with 919 points
Average processing time of GrabImageRGBD(): 46.3724ms
Frame 0 end
Average processing time of GrabImageRGBD(): 36.9246ms
Frame 1 end
Average processing time of GrabImageRGBD(): 34.8805ms
Frame 2 end
Average processing time of GrabImageRGBD(): 29.3343ms
Frame 3 end
Average processing time of GrabImageRGBD(): 24.863ms
Frame 4 end
Average processing time of GrabImageRGBD(): 21.7987ms
Frame 5 end
Starting the Viewer
Average processing time of GrabImageRGBD(): 19.2003ms
Frame 6 end
Average processing time of GrabImageRGBD(): 17.5208ms
Frame 7 end
Average processing time of GrabImageRGBD(): 16.219ms
Frame 8 end
Average processing time of GrabImageRGBD(): 15.7859ms
Frame 9 end
Average processing time of GrabImageRGBD(): 15.3846ms
Frame 10 end
Average processing time of GrabImageRGBD(): 15.0756ms
Frame 11 end
Average processing time of GrabImageRGBD(): 14.3554ms
Frame 12 end
Average processing time of GrabImageRGBD(): 14.1442ms
Frame 13 end
Average processing time of GrabImageRGBD(): 13.4773ms
Frame 14 end
Average processing time of GrabImageRGBD(): 13.3082ms
Frame 15 end
Average processing time of GrabImageRGBD(): 13.1898ms
Frame 16 end
Average processing time of GrabImageRGBD(): 14.2922ms
Frame 17 end
Average processing time of GrabImageRGBD(): 14.1751ms
Frame 18 end
Average processing time of GrabImageRGBD(): 15.2614ms
Frame 19 end
Average processing time of GrabImageRGBD(): 14.743ms
Frame 20 end
Average processing time of GrabImageRGBD(): 14.486ms
Frame 21 end
Average processing time of GrabImageRGBD(): 15.2386ms
Frame 22 end
Average processing time of GrabImageRGBD(): 14.9701ms
Frame 23 end
Average processing time of GrabImageRGBD(): 14.4979ms
Frame 24 end
Average processing time of GrabImageRGBD(): 14.2571ms
Frame 25 end
Average processing time of GrabImageRGBD(): 14.9415ms
Frame 26 end
Average processing time of GrabImageRGBD(): 14.8899ms
Frame 27 end
Average processing time of GrabImageRGBD(): 14.4852ms
Frame 28 end
Average processing time of GrabImageRGBD(): 14.3365ms
Frame 29 end
Average processing time of GrabImageRGBD(): 14.1993ms
Frame 30 end
Average processing time of GrabImageRGBD(): 13.8484ms
Frame 31 end
Average processing time of GrabImageRGBD(): 13.7336ms
Frame 32 end
Average processing time of GrabImageRGBD(): 13.5685ms
Frame 33 end
Average processing time of GrabImageRGBD(): 13.4042ms
Frame 34 end
Average processing time of GrabImageRGBD(): 13.1549ms
Frame 35 end
Average processing time of GrabImageRGBD(): 13.5982ms
Frame 36 end
Average processing time of GrabImageRGBD(): 13.3575ms
Frame 37 end
Average processing time of GrabImageRGBD(): 13.2781ms
Frame 38 end
Average processing time of GrabImageRGBD(): 13.2153ms
Frame 39 end
Average processing time of GrabImageRGBD(): 13.1438ms
Frame 40 end
Average processing time of GrabImageRGBD(): 12.915ms
Frame 41 end
Average processing time of GrabImageRGBD(): 12.8496ms
Frame 42 end
Average processing time of GrabImageRGBD(): 12.7981ms
Frame 43 end
Average processing time of GrabImageRGBD(): 12.5939ms
Frame 44 end
Average processing time of GrabImageRGBD(): 12.5365ms
Frame 45 end
Average processing time of GrabImageRGBD(): 12.4823ms
Frame 46 end
Average processing time of GrabImageRGBD(): 12.2837ms
Frame 47 end
Average processing time of GrabImageRGBD(): 12.6172ms
Frame 48 end
Average processing time of GrabImageRGBD(): 12.5858ms
Frame 49 end
Average processing time of GrabImageRGBD(): 12.3977ms
Frame 50 end
Average processing time of GrabImageRGBD(): 12.3588ms
Frame 51 end
Average processing time of GrabImageRGBD(): 12.3123ms
Frame 52 end
Average processing time of GrabImageRGBD(): 12.1429ms
Frame 53 end
Average processing time of GrabImageRGBD(): 12.1018ms
Frame 54 end
Average processing time of GrabImageRGBD(): 11.9709ms
Frame 55 end
Average processing time of GrabImageRGBD(): 11.9501ms
Frame 56 end
Average processing time of GrabImageRGBD(): 11.8313ms
Frame 57 end
Average processing time of GrabImageRGBD(): 11.6861ms
Frame 58 end
Average processing time of GrabImageRGBD(): 11.6536ms
Frame 59 end
Average processing time of GrabImageRGBD(): 11.5193ms
Frame 60 end
Average processing time of GrabImageRGBD(): 11.4892ms
Frame 61 end
Average processing time of GrabImageRGBD(): 11.8214ms
Frame 62 end
Average processing time of GrabImageRGBD(): 11.7045ms
Frame 63 end
Average processing time of GrabImageRGBD(): 11.5728ms
Frame 64 end
Average processing time of GrabImageRGBD(): 11.4526ms
Frame 65 end
Average processing time of GrabImageRGBD(): 11.3644ms
Frame 66 end
Average processing time of GrabImageRGBD(): 11.3481ms
Frame 67 end
Average processing time of GrabImageRGBD(): 11.3291ms
Frame 68 end
Average processing time of GrabImageRGBD(): 11.2144ms
Frame 69 end
Average processing time of GrabImageRGBD(): 11.1395ms
Frame 70 end
Average processing time of GrabImageRGBD(): 11.0761ms
Frame 71 end
Average processing time of GrabImageRGBD(): 11.437ms
Frame 72 end
Average processing time of GrabImageRGBD(): 11.3387ms
Frame 73 end
Average processing time of GrabImageRGBD(): 11.2301ms
Frame 74 end
Average processing time of GrabImageRGBD(): 11.2154ms
Frame 75 end
Average processing time of GrabImageRGBD(): 11.2048ms
Frame 76 end
Average processing time of GrabImageRGBD(): 11.1041ms
Frame 77 end
Average processing time of GrabImageRGBD(): 11.0814ms
Frame 78 end
Average processing time of GrabImageRGBD(): 11.0656ms
Frame 79 end
Average processing time of GrabImageRGBD(): 10.993ms
Frame 80 end
Average processing time of GrabImageRGBD(): 11.1924ms
Frame 81 end
Average processing time of GrabImageRGBD(): 11.166ms
Frame 82 end
Average processing time of GrabImageRGBD(): 11.0721ms
Frame 83 end
Average processing time of GrabImageRGBD(): 10.987ms
Frame 84 end
Average processing time of GrabImageRGBD(): 11.2185ms
Frame 85 end
Average processing time of GrabImageRGBD(): 11.2282ms
Frame 86 end
Average processing time of GrabImageRGBD(): 11.4378ms
Frame 87 end
Average processing time of GrabImageRGBD(): 11.3601ms
Frame 88 end
Average processing time of GrabImageRGBD(): 11.267ms
Frame 89 end
Average processing time of GrabImageRGBD(): 11.5201ms
Frame 90 end
Average processing time of GrabImageRGBD(): 11.5224ms
Frame 91 end
Average processing time of GrabImageRGBD(): 11.4585ms
Frame 92 end
Average processing time of GrabImageRGBD(): 11.7618ms
Frame 93 end
Average processing time of GrabImageRGBD(): 11.6867ms
Frame 94 end
Average processing time of GrabImageRGBD(): 11.6001ms
Frame 95 end
Average processing time of GrabImageRGBD(): 11.8077ms
Frame 96 end
Average processing time of GrabImageRGBD(): 11.8004ms
Frame 97 end
Average processing time of GrabImageRGBD(): 11.7148ms
Frame 98 end
Average processing time of GrabImageRGBD(): 11.8826ms
Frame 99 end
Average processing time of GrabImageRGBD(): 11.8219ms
Frame 100 end
Average processing time of GrabImageRGBD(): 11.8337ms
Frame 101 end
Average processing time of GrabImageRGBD(): 11.8149ms
Frame 102 end
Average processing time of GrabImageRGBD(): 11.7323ms
Frame 103 end
Average processing time of GrabImageRGBD(): 11.6564ms
Frame 104 end
Average processing time of GrabImageRGBD(): 11.6348ms
Frame 105 end
Average processing time of GrabImageRGBD(): 11.58ms
Frame 106 end
Average processing time of GrabImageRGBD(): 11.5646ms
Frame 107 end
Average processing time of GrabImageRGBD(): 11.5445ms
Frame 108 end
Average processing time of GrabImageRGBD(): 11.703ms
Frame 109 end
Average processing time of GrabImageRGBD(): 11.7102ms
Frame 110 end
Average processing time of GrabImageRGBD(): 11.6692ms
Frame 111 end
Average processing time of GrabImageRGBD(): 11.6557ms
Frame 112 end
Average processing time of GrabImageRGBD(): 11.6096ms
Frame 113 end
Average processing time of GrabImageRGBD(): 11.595ms
Frame 114 end
Average processing time of GrabImageRGBD(): 11.5271ms
Frame 115 end
Average processing time of GrabImageRGBD(): 11.5103ms
Frame 116 end
Average processing time of GrabImageRGBD(): 11.691ms
Frame 117 end
Average processing time of GrabImageRGBD(): 11.6867ms
Frame 118 end
Average processing time of GrabImageRGBD(): 11.654ms
Frame 119 end
Average processing time of GrabImageRGBD(): 11.8311ms
Frame 120 end
Average processing time of GrabImageRGBD(): 11.8482ms
Frame 121 end
Average processing time of GrabImageRGBD(): 11.7805ms
Frame 122 end
Average processing time of GrabImageRGBD(): 11.7614ms
Frame 123 end
Average processing time of GrabImageRGBD(): 11.7435ms
Frame 124 end
Average processing time of GrabImageRGBD(): 11.8883ms
Frame 125 end
Average processing time of GrabImageRGBD(): 11.8933ms
Frame 126 end
Average processing time of GrabImageRGBD(): 11.8423ms
Frame 127 end
Average processing time of GrabImageRGBD(): 11.8285ms
Frame 128 end
Average processing time of GrabImageRGBD(): 11.7617ms
Frame 129 end
Average processing time of GrabImageRGBD(): 11.9937ms
Frame 130 end
Average processing time of GrabImageRGBD(): 11.9859ms
Frame 131 end
Average processing time of GrabImageRGBD(): 11.9727ms
Frame 132 end
Average processing time of GrabImageRGBD(): 11.952ms
Frame 133 end
Average processing time of GrabImageRGBD(): 12.1036ms
Frame 134 end
Average processing time of GrabImageRGBD(): 12.0871ms
Frame 135 end
Average processing time of GrabImageRGBD(): 12.0218ms
Frame 136 end
Average processing time of GrabImageRGBD(): 11.9758ms
Frame 137 end
Average processing time of GrabImageRGBD(): 12.0969ms
Frame 138 end
Average processing time of GrabImageRGBD(): 12.0428ms
Frame 139 end
Average processing time of GrabImageRGBD(): 11.9803ms
Frame 140 end
Average processing time of GrabImageRGBD(): 11.9673ms
Frame 141 end
Average processing time of GrabImageRGBD(): 11.9077ms
Frame 142 end
Average processing time of GrabImageRGBD(): 12.0357ms
Frame 143 end
Average processing time of GrabImageRGBD(): 11.9883ms
Frame 144 end
Average processing time of GrabImageRGBD(): 11.9314ms
Frame 145 end
Average processing time of GrabImageRGBD(): 11.8759ms
Frame 146 end
Average processing time of GrabImageRGBD(): 11.8558ms
Frame 147 end
Average processing time of GrabImageRGBD(): 11.9967ms
Frame 148 end
Average processing time of GrabImageRGBD(): 11.993ms
Frame 149 end
Average processing time of GrabImageRGBD(): 11.953ms
Frame 150 end
Average processing time of GrabImageRGBD(): 11.9114ms
Frame 151 end
Average processing time of GrabImageRGBD(): 12.0761ms
Frame 152 end
Average processing time of GrabImageRGBD(): 12.2719ms
Frame 153 end
Average processing time of GrabImageRGBD(): 12.2717ms
Frame 154 end
Average processing time of GrabImageRGBD(): 12.2171ms
Frame 155 end
Average processing time of GrabImageRGBD(): 12.1635ms
Frame 156 end
Average processing time of GrabImageRGBD(): 12.1088ms
Frame 157 end
Average processing time of GrabImageRGBD(): 12.2292ms
Frame 158 end
Average processing time of GrabImageRGBD(): 12.2103ms
Frame 159 end
Average processing time of GrabImageRGBD(): 12.1899ms
Frame 160 end
Average processing time of GrabImageRGBD(): 12.1545ms
Frame 161 end
Average processing time of GrabImageRGBD(): 12.2541ms
Frame 162 end
Average processing time of GrabImageRGBD(): 12.2071ms
Frame 163 end
Average processing time of GrabImageRGBD(): 12.159ms
Frame 164 end
Average processing time of GrabImageRGBD(): 12.1372ms
Frame 165 end
Average processing time of GrabImageRGBD(): 12.0859ms
Frame 166 end
Average processing time of GrabImageRGBD(): 12.2025ms
Frame 167 end
Average processing time of GrabImageRGBD(): 12.1581ms
Frame 168 end
Average processing time of GrabImageRGBD(): 12.143ms
Frame 169 end
Average processing time of GrabImageRGBD(): 12.1214ms
Frame 170 end
Average processing time of GrabImageRGBD(): 12.0711ms
Frame 171 end
Average processing time of GrabImageRGBD(): 12.1709ms
Frame 172 end
Average processing time of GrabImageRGBD(): 12.1606ms
Frame 173 end
Average processing time of GrabImageRGBD(): 12.1097ms
Frame 174 end
Average processing time of GrabImageRGBD(): 12.0926ms
Frame 175 end
Average processing time of GrabImageRGBD(): 12.0727ms
Frame 176 end
Average processing time of GrabImageRGBD(): 12.1785ms
Frame 177 end
Average processing time of GrabImageRGBD(): 12.1748ms
Frame 178 end
Average processing time of GrabImageRGBD(): 12.1823ms
Frame 179 end
Average processing time of GrabImageRGBD(): 12.1657ms
Frame 180 end
Average processing time of GrabImageRGBD(): 12.1199ms
Frame 181 end
Average processing time of GrabImageRGBD(): 12.2249ms
Frame 182 end
Average processing time of GrabImageRGBD(): 12.2128ms
Frame 183 end
Average processing time of GrabImageRGBD(): 12.1645ms
Frame 184 end
Average processing time of GrabImageRGBD(): 12.1523ms
Frame 185 end
Average processing time of GrabImageRGBD(): 12.1035ms
Frame 186 end
Average processing time of GrabImageRGBD(): 12.2101ms
Frame 187 end
Average processing time of GrabImageRGBD(): 12.2056ms
Frame 188 end
Average processing time of GrabImageRGBD(): 12.1573ms
Frame 189 end
Average processing time of GrabImageRGBD(): 12.1393ms
Frame 190 end
Average processing time of GrabImageRGBD(): 12.0933ms
Frame 191 end
Average processing time of GrabImageRGBD(): 12.1945ms
Frame 192 end
Average processing time of GrabImageRGBD(): 12.184ms
Frame 193 end
Average processing time of GrabImageRGBD(): 12.1391ms
Frame 194 end
Average processing time of GrabImageRGBD(): 12.0968ms
Frame 195 end
Average processing time of GrabImageRGBD(): 12.0544ms
Frame 196 end
Average processing time of GrabImageRGBD(): 12.1397ms
Frame 197 end
Average processing time of GrabImageRGBD(): 12.1327ms
Frame 198 end
Average processing time of GrabImageRGBD(): 12.0881ms
Frame 199 end
Average processing time of GrabImageRGBD(): 12.078ms
Frame 200 end
Average processing time of GrabImageRGBD(): 12.0345ms
Frame 201 end
Average processing time of GrabImageRGBD(): 11.9923ms
Frame 202 end
Average processing time of GrabImageRGBD(): 11.9783ms
Frame 203 end
Average processing time of GrabImageRGBD(): 11.9371ms
Frame 204 end
Average processing time of GrabImageRGBD(): 11.9199ms
Frame 205 end
Average processing time of GrabImageRGBD(): 11.8798ms
Frame 206 end
Average processing time of GrabImageRGBD(): 11.8374ms
Frame 207 end
Average processing time of GrabImageRGBD(): 11.8017ms
Frame 208 end
Average processing time of GrabImageRGBD(): 11.7614ms
Frame 209 end
Average processing time of GrabImageRGBD(): 11.7213ms
Frame 210 end
Average processing time of GrabImageRGBD(): 11.6801ms
Frame 211 end
Average processing time of GrabImageRGBD(): 11.7722ms
Frame 212 end
Average processing time of GrabImageRGBD(): 11.7692ms
Frame 213 end
Average processing time of GrabImageRGBD(): 11.7282ms
Frame 214 end
Average processing time of GrabImageRGBD(): 11.7093ms
Frame 215 end
Average processing time of GrabImageRGBD(): 11.6916ms
Frame 216 end
Average processing time of GrabImageRGBD(): 11.6736ms
Frame 217 end
Average processing time of GrabImageRGBD(): 11.6544ms
Frame 218 end
Average processing time of GrabImageRGBD(): 11.6194ms
Frame 219 end
Average processing time of GrabImageRGBD(): 11.5977ms
Frame 220 end
Average processing time of GrabImageRGBD(): 11.6745ms
Frame 221 end
Average processing time of GrabImageRGBD(): 11.679ms
Frame 222 end
Average processing time of GrabImageRGBD(): 11.6534ms
Frame 223 end
Average processing time of GrabImageRGBD(): 11.6356ms
Frame 224 end
Average processing time of GrabImageRGBD(): 11.6068ms
Frame 225 end
Average processing time of GrabImageRGBD(): 11.5894ms
Frame 226 end
Average processing time of GrabImageRGBD(): 11.6693ms
Frame 227 end
Average processing time of GrabImageRGBD(): 11.6549ms
Frame 228 end
Average processing time of GrabImageRGBD(): 11.616ms
Frame 229 end
Average processing time of GrabImageRGBD(): 11.5841ms
Frame 230 end
Average processing time of GrabImageRGBD(): 11.5486ms
Frame 231 end
Average processing time of GrabImageRGBD(): 11.6118ms
Frame 232 end
Average processing time of GrabImageRGBD(): 11.5955ms
Frame 233 end
Average processing time of GrabImageRGBD(): 11.5581ms
Frame 234 end
Average processing time of GrabImageRGBD(): 11.5208ms
Frame 235 end
Average processing time of GrabImageRGBD(): 11.4925ms
Frame 236 end
Average processing time of GrabImageRGBD(): 11.5655ms
Frame 237 end
Average processing time of GrabImageRGBD(): 11.5634ms
Frame 238 end
Average processing time of GrabImageRGBD(): 11.5272ms
Frame 239 end
Average processing time of GrabImageRGBD(): 11.4933ms
Frame 240 end
Average processing time of GrabImageRGBD(): 11.4668ms
Frame 241 end
Average processing time of GrabImageRGBD(): 11.5377ms
Frame 242 end
Average processing time of GrabImageRGBD(): 11.5037ms
Frame 243 end
Average processing time of GrabImageRGBD(): 11.4677ms
Frame 244 end
Average processing time of GrabImageRGBD(): 11.4433ms
Frame 245 end
Average processing time of GrabImageRGBD(): 11.4187ms
Frame 246 end
Average processing time of GrabImageRGBD(): 11.4897ms
Frame 247 end
Average processing time of GrabImageRGBD(): 11.475ms
Frame 248 end
Average processing time of GrabImageRGBD(): 11.4396ms
Frame 249 end
Average processing time of GrabImageRGBD(): 11.4145ms
Frame 250 end
Average processing time of GrabImageRGBD(): 11.3832ms
Frame 251 end
Average processing time of GrabImageRGBD(): 11.4518ms
Frame 252 end
Average processing time of GrabImageRGBD(): 11.5699ms
Frame 253 end
Average processing time of GrabImageRGBD(): 11.664ms
Frame 254 end
Average processing time of GrabImageRGBD(): 11.6666ms
Frame 255 end
Average processing time of GrabImageRGBD(): 11.6336ms
Frame 256 end
Average processing time of GrabImageRGBD(): 11.6243ms
Frame 257 end
Average processing time of GrabImageRGBD(): 11.6897ms
Frame 258 end
Average processing time of GrabImageRGBD(): 11.6811ms
Frame 259 end
Average processing time of GrabImageRGBD(): 11.6781ms
Frame 260 end
Average processing time of GrabImageRGBD(): 11.6637ms
Frame 261 end
Average processing time of GrabImageRGBD(): 11.7342ms
Frame 262 end
Average processing time of GrabImageRGBD(): 11.7383ms
Frame 263 end
Average processing time of GrabImageRGBD(): 11.7383ms
Frame 264 end
Average processing time of GrabImageRGBD(): 11.709ms
Frame 265 end
Average processing time of GrabImageRGBD(): 11.7712ms
Frame 266 end
Average processing time of GrabImageRGBD(): 11.7534ms
Frame 267 end
Average processing time of GrabImageRGBD(): 11.7208ms
Frame 268 end
Average processing time of GrabImageRGBD(): 11.6915ms
Frame 269 end
Average processing time of GrabImageRGBD(): 11.7532ms
Frame 270 end
Average processing time of GrabImageRGBD(): 11.7533ms
Frame 271 end
Average processing time of GrabImageRGBD(): 11.7399ms
Frame 272 end
Average processing time of GrabImageRGBD(): 11.7247ms
Frame 273 end
Average processing time of GrabImageRGBD(): 11.7964ms
Frame 274 end
Average processing time of GrabImageRGBD(): 11.7876ms
Frame 275 end
Average processing time of GrabImageRGBD(): 11.779ms
Frame 276 end
Average processing time of GrabImageRGBD(): 11.7494ms
Frame 277 end
Average processing time of GrabImageRGBD(): 11.7201ms
Frame 278 end
Average processing time of GrabImageRGBD(): 11.7938ms
Frame 279 end
Average processing time of GrabImageRGBD(): 11.7677ms
Frame 280 end
Average processing time of GrabImageRGBD(): 11.7651ms
Frame 281 end
Average processing time of GrabImageRGBD(): 11.7511ms
Frame 282 end
Average processing time of GrabImageRGBD(): 11.7223ms
Frame 283 end
Average processing time of GrabImageRGBD(): 11.7948ms
Frame 284 end
Average processing time of GrabImageRGBD(): 11.7881ms
Frame 285 end
Average processing time of GrabImageRGBD(): 11.7567ms
Frame 286 end
Average processing time of GrabImageRGBD(): 11.7282ms
Frame 287 end
Average processing time of GrabImageRGBD(): 11.7154ms
Frame 288 end
Average processing time of GrabImageRGBD(): 11.7796ms
Frame 289 end
Average processing time of GrabImageRGBD(): 11.7522ms
Frame 290 end
Average processing time of GrabImageRGBD(): 11.7211ms
Frame 291 end
Average processing time of GrabImageRGBD(): 11.7004ms
Frame 292 end
Average processing time of GrabImageRGBD(): 11.6779ms
Frame 293 end
Average processing time of GrabImageRGBD(): 11.7265ms
Frame 294 end
Average processing time of GrabImageRGBD(): 11.7008ms
Frame 295 end
Average processing time of GrabImageRGBD(): 11.6704ms
Frame 296 end
Average processing time of GrabImageRGBD(): 11.6451ms
Frame 297 end
Average processing time of GrabImageRGBD(): 11.6995ms
Frame 298 end
Average processing time of GrabImageRGBD(): 11.6869ms
Frame 299 end
Average processing time of GrabImageRGBD(): 11.6572ms
Frame 300 end
Average processing time of GrabImageRGBD(): 11.6435ms
Frame 301 end
Average processing time of GrabImageRGBD(): 11.6256ms
Frame 302 end
Average processing time of GrabImageRGBD(): 11.6737ms
Frame 303 end
Average processing time of GrabImageRGBD(): 11.6538ms
Frame 304 end
Average processing time of GrabImageRGBD(): 11.6237ms
Frame 305 end
Average processing time of GrabImageRGBD(): 11.6002ms
Frame 306 end
Average processing time of GrabImageRGBD(): 11.6507ms
Frame 307 end
Average processing time of GrabImageRGBD(): 11.6353ms
Frame 308 end
Average processing time of GrabImageRGBD(): 11.6164ms
Frame 309 end
Average processing time of GrabImageRGBD(): 11.5982ms
Frame 310 end
Average processing time of GrabImageRGBD(): 11.5745ms
Frame 311 end
Average processing time of GrabImageRGBD(): 11.6332ms
Frame 312 end
Average processing time of GrabImageRGBD(): 11.616ms
Frame 313 end
Average processing time of GrabImageRGBD(): 11.6044ms
Frame 314 end
Average processing time of GrabImageRGBD(): 11.5789ms
Frame 315 end
Average processing time of GrabImageRGBD(): 11.552ms
Frame 316 end
Average processing time of GrabImageRGBD(): 11.6045ms
Frame 317 end
Average processing time of GrabImageRGBD(): 11.5983ms
Frame 318 end
Average processing time of GrabImageRGBD(): 11.5716ms
Frame 319 end
Average processing time of GrabImageRGBD(): 11.5601ms
Frame 320 end
Average processing time of GrabImageRGBD(): 11.5462ms
Frame 321 end
Average processing time of GrabImageRGBD(): 11.6089ms
Frame 322 end
Average processing time of GrabImageRGBD(): 11.592ms
Frame 323 end
Average processing time of GrabImageRGBD(): 11.5665ms
Frame 324 end
Average processing time of GrabImageRGBD(): 11.5445ms
Frame 325 end
Average processing time of GrabImageRGBD(): 11.5184ms
Frame 326 end
Average processing time of GrabImageRGBD(): 11.5707ms
Frame 327 end
Average processing time of GrabImageRGBD(): 11.5534ms
Frame 328 end
Average processing time of GrabImageRGBD(): 11.5283ms
Frame 329 end
Average processing time of GrabImageRGBD(): 11.5025ms
Frame 330 end
Average processing time of GrabImageRGBD(): 11.5626ms
Frame 331 end
Average processing time of GrabImageRGBD(): 11.5602ms
Frame 332 end
Average processing time of GrabImageRGBD(): 11.5527ms
Frame 333 end
Average processing time of GrabImageRGBD(): 11.5261ms
Frame 334 end
Average processing time of GrabImageRGBD(): 11.5769ms
Frame 335 end
Average processing time of GrabImageRGBD(): 11.5684ms
Frame 336 end
Average processing time of GrabImageRGBD(): 11.5418ms
Frame 337 end
Average processing time of GrabImageRGBD(): 11.5222ms
Frame 338 end
Average processing time of GrabImageRGBD(): 11.5797ms
Frame 339 end
Average processing time of GrabImageRGBD(): 11.5744ms
Frame 340 end
Average processing time of GrabImageRGBD(): 11.5497ms
Frame 341 end
Average processing time of GrabImageRGBD(): 11.544ms
Frame 342 end
Average processing time of GrabImageRGBD(): 11.5968ms
Frame 343 end
Average processing time of GrabImageRGBD(): 11.5767ms
Frame 344 end
Average processing time of GrabImageRGBD(): 11.5517ms
Frame 345 end
Average processing time of GrabImageRGBD(): 11.5415ms
Frame 346 end
Average processing time of GrabImageRGBD(): 11.6014ms
Frame 347 end
Average processing time of GrabImageRGBD(): 11.5963ms
Frame 348 end
Average processing time of GrabImageRGBD(): 11.572ms
Frame 349 end
Average processing time of GrabImageRGBD(): 11.5638ms
Frame 350 end
Average processing time of GrabImageRGBD(): 11.6238ms
Frame 351 end
Average processing time of GrabImageRGBD(): 11.603ms
Frame 352 end
Average processing time of GrabImageRGBD(): 11.5795ms
Frame 353 end
Average processing time of GrabImageRGBD(): 11.5696ms
Frame 354 end
Average processing time of GrabImageRGBD(): 11.6261ms
Frame 355 end
Average processing time of GrabImageRGBD(): 11.6078ms
Frame 356 end
Average processing time of GrabImageRGBD(): 11.5837ms
Frame 357 end
Average processing time of GrabImageRGBD(): 11.5694ms
Frame 358 end
Average processing time of GrabImageRGBD(): 11.617ms
Frame 359 end
Average processing time of GrabImageRGBD(): 11.6054ms
Frame 360 end
Average processing time of GrabImageRGBD(): 11.5813ms
Frame 361 end
Average processing time of GrabImageRGBD(): 11.5593ms
Frame 362 end
Average processing time of GrabImageRGBD(): 11.6288ms
Frame 363 end
Average processing time of GrabImageRGBD(): 11.6325ms
Frame 364 end
Average processing time of GrabImageRGBD(): 11.6233ms
Frame 365 end
Average processing time of GrabImageRGBD(): 11.6017ms
Frame 366 end
Average processing time of GrabImageRGBD(): 11.6515ms
Frame 367 end
Average processing time of GrabImageRGBD(): 11.6378ms
Frame 368 end
Average processing time of GrabImageRGBD(): 11.6191ms
Frame 369 end
Average processing time of GrabImageRGBD(): 11.6038ms
Frame 370 end
Average processing time of GrabImageRGBD(): 11.6509ms
Frame 371 end
Average processing time of GrabImageRGBD(): 11.6318ms
Frame 372 end
Average processing time of GrabImageRGBD(): 11.6107ms
Frame 373 end
Average processing time of GrabImageRGBD(): 11.6033ms
Frame 374 end
Average processing time of GrabImageRGBD(): 11.6464ms
Frame 375 end
Average processing time of GrabImageRGBD(): 11.6454ms
Frame 376 end
Average processing time of GrabImageRGBD(): 11.6269ms
Frame 377 end
Average processing time of GrabImageRGBD(): 11.6187ms
Frame 378 end
Average processing time of GrabImageRGBD(): 11.6739ms
Frame 379 end
Average processing time of GrabImageRGBD(): 11.673ms
Frame 380 end
Average processing time of GrabImageRGBD(): 11.6558ms
Frame 381 end
Average processing time of GrabImageRGBD(): 11.65ms
Frame 382 end
Average processing time of GrabImageRGBD(): 11.7076ms
Frame 383 end
Average processing time of GrabImageRGBD(): 11.7089ms
Frame 384 end
Average processing time of GrabImageRGBD(): 11.6984ms
Frame 385 end
Average processing time of GrabImageRGBD(): 11.6777ms
Frame 386 end
Average processing time of GrabImageRGBD(): 11.6686ms
Frame 387 end
Average processing time of GrabImageRGBD(): 11.7155ms
Frame 388 end
Average processing time of GrabImageRGBD(): 11.715ms
Frame 389 end
Average processing time of GrabImageRGBD(): 11.7107ms
Frame 390 end
Average processing time of GrabImageRGBD(): 11.706ms
Frame 391 end
Average processing time of GrabImageRGBD(): 11.7612ms
Frame 392 end
Average processing time of GrabImageRGBD(): 11.7627ms
Frame 393 end
Average processing time of GrabImageRGBD(): 11.7556ms
Frame 394 end
Average processing time of GrabImageRGBD(): 11.7347ms
Frame 395 end
Average processing time of GrabImageRGBD(): 11.7245ms
Frame 396 end
Average processing time of GrabImageRGBD(): 11.7791ms
Frame 397 end
Average processing time of GrabImageRGBD(): 11.7608ms
Frame 398 end
Average processing time of GrabImageRGBD(): 11.7462ms
Frame 399 end
Average processing time of GrabImageRGBD(): 11.7286ms
Frame 400 end
Average processing time of GrabImageRGBD(): 11.7137ms
Frame 401 end
Average processing time of GrabImageRGBD(): 11.7593ms
Frame 402 end
Average processing time of GrabImageRGBD(): 11.7477ms
Frame 403 end
Average processing time of GrabImageRGBD(): 11.7385ms
Frame 404 end
Average processing time of GrabImageRGBD(): 11.7182ms
Frame 405 end
Average processing time of GrabImageRGBD(): 11.6987ms
Frame 406 end
Average processing time of GrabImageRGBD(): 11.747ms
Frame 407 end
Average processing time of GrabImageRGBD(): 11.7297ms
Frame 408 end
Average processing time of GrabImageRGBD(): 11.7218ms
Frame 409 end
Average processing time of GrabImageRGBD(): 11.7147ms
Frame 410 end
Average processing time of GrabImageRGBD(): 11.6993ms
Frame 411 end
Average processing time of GrabImageRGBD(): 11.7419ms
Frame 412 end
Average processing time of GrabImageRGBD(): 11.74ms
Frame 413 end
Average processing time of GrabImageRGBD(): 11.7352ms
Frame 414 end
Average processing time of GrabImageRGBD(): 11.7184ms
Frame 415 end
Average processing time of GrabImageRGBD(): 11.7136ms
Frame 416 end
Average processing time of GrabImageRGBD(): 11.7541ms
Frame 417 end
Average processing time of GrabImageRGBD(): 11.7414ms
Frame 418 end
Average processing time of GrabImageRGBD(): 11.738ms
Frame 419 end
Average processing time of GrabImageRGBD(): 11.7335ms
Frame 420 end
Average processing time of GrabImageRGBD(): 11.7793ms
Frame 421 end
Average processing time of GrabImageRGBD(): 11.7762ms
Frame 422 end
Average processing time of GrabImageRGBD(): 11.7733ms
Frame 423 end
Average processing time of GrabImageRGBD(): 11.7695ms
Frame 424 end
Average processing time of GrabImageRGBD(): 11.8231ms
Frame 425 end
Average processing time of GrabImageRGBD(): 11.8076ms
Frame 426 end
Average processing time of GrabImageRGBD(): 11.7939ms
Frame 427 end
Average processing time of GrabImageRGBD(): 11.7738ms
Frame 428 end
Average processing time of GrabImageRGBD(): 11.7595ms
Frame 429 end
Average processing time of GrabImageRGBD(): 11.8137ms
Frame 430 end
Average processing time of GrabImageRGBD(): 11.8102ms
Frame 431 end
Average processing time of GrabImageRGBD(): 11.7938ms
Frame 432 end
Average processing time of GrabImageRGBD(): 11.7736ms
Frame 433 end
Average processing time of GrabImageRGBD(): 11.8213ms
Frame 434 end
Average processing time of GrabImageRGBD(): 11.8052ms
Frame 435 end
Average processing time of GrabImageRGBD(): 11.7864ms
Frame 436 end
Average processing time of GrabImageRGBD(): 11.7761ms
Frame 437 end
Average processing time of GrabImageRGBD(): 11.765ms
Frame 438 end
Average processing time of GrabImageRGBD(): 11.8164ms
Frame 439 end
Average processing time of GrabImageRGBD(): 11.8167ms
Frame 440 end
Average processing time of GrabImageRGBD(): 11.805ms
Frame 441 end
Average processing time of GrabImageRGBD(): 11.7932ms
Frame 442 end
Average processing time of GrabImageRGBD(): 11.8354ms
Frame 443 end
Average processing time of GrabImageRGBD(): 11.8203ms
Frame 444 end
Average processing time of GrabImageRGBD(): 11.8079ms
Frame 445 end
Average processing time of GrabImageRGBD(): 11.8031ms
Frame 446 end
Average processing time of GrabImageRGBD(): 11.7868ms
Frame 447 end
Average processing time of GrabImageRGBD(): 11.8313ms
Frame 448 end
Average processing time of GrabImageRGBD(): 11.8328ms
Frame 449 end
Average processing time of GrabImageRGBD(): 11.8282ms
Frame 450 end
Average processing time of GrabImageRGBD(): 11.8195ms
Frame 451 end
Average processing time of GrabImageRGBD(): 11.8707ms
Frame 452 end
Average processing time of GrabImageRGBD(): 11.8714ms
Frame 453 end
Average processing time of GrabImageRGBD(): 11.869ms
Frame 454 end
Average processing time of GrabImageRGBD(): 11.8656ms
Frame 455 end
Average processing time of GrabImageRGBD(): 11.9071ms
Frame 456 end
Average processing time of GrabImageRGBD(): 11.9043ms
Frame 457 end
Average processing time of GrabImageRGBD(): 11.8866ms
Frame 458 end
Average processing time of GrabImageRGBD(): 11.8736ms
Frame 459 end
Average processing time of GrabImageRGBD(): 11.9202ms
Frame 460 end
Average processing time of GrabImageRGBD(): 11.9179ms
Frame 461 end
Average processing time of GrabImageRGBD(): 11.9135ms
Frame 462 end
Average processing time of GrabImageRGBD(): 11.9083ms
Frame 463 end
Average processing time of GrabImageRGBD(): 11.8903ms
Frame 464 end
Average processing time of GrabImageRGBD(): 11.9282ms
Frame 465 end
Average processing time of GrabImageRGBD(): 11.9214ms
Frame 466 end
Average processing time of GrabImageRGBD(): 11.9062ms
Frame 467 end
Average processing time of GrabImageRGBD(): 11.9051ms
Frame 468 end
Average processing time of GrabImageRGBD(): 11.8869ms
Frame 469 end
Average processing time of GrabImageRGBD(): 11.929ms
Frame 470 end
Average processing time of GrabImageRGBD(): 11.9294ms
Frame 471 end
Average processing time of GrabImageRGBD(): 11.9115ms
Frame 472 end
Average processing time of GrabImageRGBD(): 11.9009ms
Frame 473 end
Average processing time of GrabImageRGBD(): 11.8834ms
Frame 474 end
Average processing time of GrabImageRGBD(): 11.9194ms
Frame 475 end
Average processing time of GrabImageRGBD(): 11.9056ms
Frame 476 end
Average processing time of GrabImageRGBD(): 11.9044ms
Frame 477 end
Average processing time of GrabImageRGBD(): 11.8881ms
Frame 478 end
Average processing time of GrabImageRGBD(): 11.8826ms
Frame 479 end
Average processing time of GrabImageRGBD(): 11.9276ms
Frame 480 end
Average processing time of GrabImageRGBD(): 11.9315ms
Frame 481 end
Average processing time of GrabImageRGBD(): 11.9261ms
Frame 482 end
Average processing time of GrabImageRGBD(): 11.9193ms
Frame 483 end
Average processing time of GrabImageRGBD(): 11.9069ms
Frame 484 end
Average processing time of GrabImageRGBD(): 11.9472ms
Frame 485 end
Average processing time of GrabImageRGBD(): 11.9493ms
Frame 486 end
Average processing time of GrabImageRGBD(): 11.9467ms
Frame 487 end
Average processing time of GrabImageRGBD(): 11.9331ms
Frame 488 end
Average processing time of GrabImageRGBD(): 11.9162ms
Frame 489 end
Average processing time of GrabImageRGBD(): 11.9025ms
Frame 490 end
Average processing time of GrabImageRGBD(): 11.9446ms
Frame 491 end
Average processing time of GrabImageRGBD(): 11.9427ms
Frame 492 end
Average processing time of GrabImageRGBD(): 11.9305ms
Frame 493 end
Average processing time of GrabImageRGBD(): 11.9236ms
Frame 494 end
Average processing time of GrabImageRGBD(): 11.9067ms
Frame 495 end
Average processing time of GrabImageRGBD(): 11.8988ms
Frame 496 end
Average processing time of GrabImageRGBD(): 11.9327ms
Frame 497 end
Average processing time of GrabImageRGBD(): 11.9196ms
Frame 498 end
Average processing time of GrabImageRGBD(): 11.9085ms
Frame 499 end
Average processing time of GrabImageRGBD(): 11.9048ms
Frame 500 end
Average processing time of GrabImageRGBD(): 11.9018ms
Frame 501 end
Average processing time of GrabImageRGBD(): 11.8853ms
Frame 502 end
Average processing time of GrabImageRGBD(): 11.8794ms
Frame 503 end
Average processing time of GrabImageRGBD(): 11.8628ms
Frame 504 end
Average processing time of GrabImageRGBD(): 11.8463ms
Frame 505 end
Average processing time of GrabImageRGBD(): 11.8406ms
Frame 506 end
Average processing time of GrabImageRGBD(): 11.8285ms
Frame 507 end
Average processing time of GrabImageRGBD(): 11.8117ms
Frame 508 end
Average processing time of GrabImageRGBD(): 11.8455ms
Frame 509 end
Average processing time of GrabImageRGBD(): 11.843ms
Frame 510 end
Average processing time of GrabImageRGBD(): 11.8358ms
Frame 511 end
Average processing time of GrabImageRGBD(): 11.8226ms
Frame 512 end
Average processing time of GrabImageRGBD(): 11.8067ms
Frame 513 end
Average processing time of GrabImageRGBD(): 11.7901ms
Frame 514 end
Average processing time of GrabImageRGBD(): 11.833ms
Frame 515 end
Average processing time of GrabImageRGBD(): 11.8193ms
Frame 516 end
Average processing time of GrabImageRGBD(): 11.8033ms
Frame 517 end
Average processing time of GrabImageRGBD(): 11.787ms
Frame 518 end
Average processing time of GrabImageRGBD(): 11.7729ms
Frame 519 end
Average processing time of GrabImageRGBD(): 11.7573ms
Frame 520 end
Average processing time of GrabImageRGBD(): 11.7957ms
Frame 521 end
Average processing time of GrabImageRGBD(): 11.782ms
Frame 522 end
Average processing time of GrabImageRGBD(): 11.7748ms
Frame 523 end
Average processing time of GrabImageRGBD(): 11.7674ms
Frame 524 end
Average processing time of GrabImageRGBD(): 11.7581ms
Frame 525 end
Average processing time of GrabImageRGBD(): 11.7426ms
Frame 526 end
Average processing time of GrabImageRGBD(): 11.7942ms
Frame 527 end
Average processing time of GrabImageRGBD(): 11.7906ms
Frame 528 end
Average processing time of GrabImageRGBD(): 11.7797ms
Frame 529 end
Average processing time of GrabImageRGBD(): 11.7759ms
Frame 530 end
Average processing time of GrabImageRGBD(): 11.7626ms
Frame 531 end
Average processing time of GrabImageRGBD(): 11.7632ms
Frame 532 end
Average processing time of GrabImageRGBD(): 11.7473ms
Frame 533 end
Average processing time of GrabImageRGBD(): 11.7416ms
Frame 534 end
Average processing time of GrabImageRGBD(): 11.7369ms
Frame 535 end
Average processing time of GrabImageRGBD(): 11.7249ms
Frame 536 end
Average processing time of GrabImageRGBD(): 11.767ms
Frame 537 end
Average processing time of GrabImageRGBD(): 11.7532ms
Frame 538 end
Average processing time of GrabImageRGBD(): 11.7381ms
Frame 539 end
Average processing time of GrabImageRGBD(): 11.7267ms
Frame 540 end
Average processing time of GrabImageRGBD(): 11.7181ms
Frame 541 end
Average processing time of GrabImageRGBD(): 11.7024ms
Frame 542 end
Average processing time of GrabImageRGBD(): 11.7384ms
Frame 543 end
Average processing time of GrabImageRGBD(): 11.7367ms
Frame 544 end
Average processing time of GrabImageRGBD(): 11.7338ms
Frame 545 end
Average processing time of GrabImageRGBD(): 11.7278ms
Frame 546 end
Average processing time of GrabImageRGBD(): 11.7134ms
Frame 547 end
Average processing time of GrabImageRGBD(): 11.6992ms
Frame 548 end
Average processing time of GrabImageRGBD(): 11.6892ms
Frame 549 end
Average processing time of GrabImageRGBD(): 11.6736ms
Frame 550 end
Average processing time of GrabImageRGBD(): 11.7099ms
Frame 551 end
Average processing time of GrabImageRGBD(): 11.7081ms
Frame 552 end
Average processing time of GrabImageRGBD(): 11.7049ms
Frame 553 end
Average processing time of GrabImageRGBD(): 11.6926ms
Frame 554 end
Average processing time of GrabImageRGBD(): 11.683ms
Frame 555 end
Average processing time of GrabImageRGBD(): 11.6685ms
Frame 556 end
Average processing time of GrabImageRGBD(): 11.6651ms
Frame 557 end
Average processing time of GrabImageRGBD(): 11.6509ms
Frame 558 end
Average processing time of GrabImageRGBD(): 11.6475ms
Frame 559 end
Average processing time of GrabImageRGBD(): 11.6442ms
Frame 560 end
Average processing time of GrabImageRGBD(): 11.6291ms
Frame 561 end
Average processing time of GrabImageRGBD(): 11.6139ms
Frame 562 end
Average processing time of GrabImageRGBD(): 11.5989ms
Frame 563 end
Average processing time of GrabImageRGBD(): 11.6275ms
Frame 564 end
Average processing time of GrabImageRGBD(): 11.6144ms
Frame 565 end
Average processing time of GrabImageRGBD(): 11.61ms
Frame 566 end
Average processing time of GrabImageRGBD(): 11.6062ms
Frame 567 end
Average processing time of GrabImageRGBD(): 11.5959ms
Frame 568 end
Average processing time of GrabImageRGBD(): 11.5922ms
Frame 569 end
Average processing time of GrabImageRGBD(): 11.5884ms
Frame 570 end
Average processing time of GrabImageRGBD(): 11.5812ms
Frame 571 end
Average processing time of GrabImageRGBD(): 11.5664ms
Frame 572 end
Average processing time of GrabImageRGBD(): 11.5528ms
Frame 573 end
Average processing time of GrabImageRGBD(): 11.5485ms
Frame 574 end
Average processing time of GrabImageRGBD(): 11.5428ms
Frame 575 end
Average processing time of GrabImageRGBD(): 11.5283ms
Frame 576 end
Average processing time of GrabImageRGBD(): 11.524ms
Frame 577 end
Average processing time of GrabImageRGBD(): 11.5197ms
Frame 578 end
Average processing time of GrabImageRGBD(): 11.5149ms
Frame 579 end
Average processing time of GrabImageRGBD(): 11.5012ms
Frame 580 end
Average processing time of GrabImageRGBD(): 11.4874ms
Frame 581 end
Average processing time of GrabImageRGBD(): 11.5373ms
Frame 582 end
Average processing time of GrabImageRGBD(): 11.5349ms
Frame 583 end
Average processing time of GrabImageRGBD(): 11.526ms
Frame 584 end
Average processing time of GrabImageRGBD(): 11.5131ms
Frame 585 end
Average processing time of GrabImageRGBD(): 11.5001ms
Frame 586 end
Average processing time of GrabImageRGBD(): 11.4868ms
Frame 587 end
Average processing time of GrabImageRGBD(): 11.477ms
Frame 588 end
Average processing time of GrabImageRGBD(): 11.5068ms
Frame 589 end
Average processing time of GrabImageRGBD(): 11.5059ms
Frame 590 end
Average processing time of GrabImageRGBD(): 11.5042ms
Frame 591 end
Average processing time of GrabImageRGBD(): 11.5017ms
Frame 592 end
Average processing time of GrabImageRGBD(): 11.4928ms
Frame 593 end
Average processing time of GrabImageRGBD(): 11.4796ms
Frame 594 end
Average processing time of GrabImageRGBD(): 11.4768ms
Frame 595 end
Average processing time of GrabImageRGBD(): 11.4752ms
Frame 596 end
Average processing time of GrabImageRGBD(): 11.471ms
Frame 597 end
Average processing time of GrabImageRGBD(): 11.4581ms
Frame 598 end
Average processing time of GrabImageRGBD(): 11.4546ms
Frame 599 end
Average processing time of GrabImageRGBD(): 11.4411ms
Frame 600 end
Average processing time of GrabImageRGBD(): 11.4368ms
Frame 601 end
Average processing time of GrabImageRGBD(): 11.4231ms
Frame 602 end
Average processing time of GrabImageRGBD(): 11.4191ms
Frame 603 end
Average processing time of GrabImageRGBD(): 11.4141ms
Frame 604 end
Average processing time of GrabImageRGBD(): 11.4095ms
Frame 605 end
Average processing time of GrabImageRGBD(): 11.4045ms
Frame 606 end
Average processing time of GrabImageRGBD(): 11.4308ms
Frame 607 end
Average processing time of GrabImageRGBD(): 11.4305ms
Frame 608 end
Average processing time of GrabImageRGBD(): 11.4249ms
Frame 609 end
Average processing time of GrabImageRGBD(): 11.4226ms
Frame 610 end
Average processing time of GrabImageRGBD(): 11.4187ms
Frame 611 end
Average processing time of GrabImageRGBD(): 11.4054ms
Frame 612 end
Average processing time of GrabImageRGBD(): 11.4382ms
Frame 613 end
Average processing time of GrabImageRGBD(): 11.437ms
Frame 614 end
Average processing time of GrabImageRGBD(): 11.4383ms
Frame 615 end
Average processing time of GrabImageRGBD(): 11.4259ms
Frame 616 end
Average processing time of GrabImageRGBD(): 11.42ms
Frame 617 end
Average processing time of GrabImageRGBD(): 11.4075ms
Frame 618 end
Average processing time of GrabImageRGBD(): 11.3974ms
Frame 619 end
Average processing time of GrabImageRGBD(): 11.425ms
Frame 620 end
Average processing time of GrabImageRGBD(): 11.4239ms
Frame 621 end
Average processing time of GrabImageRGBD(): 11.4159ms
Frame 622 end
Average processing time of GrabImageRGBD(): 11.4118ms
Frame 623 end
Average processing time of GrabImageRGBD(): 11.4076ms
Frame 624 end
Average processing time of GrabImageRGBD(): 11.4035ms
Frame 625 end
Average processing time of GrabImageRGBD(): 11.3974ms
Frame 626 end
Average processing time of GrabImageRGBD(): 11.4276ms
Frame 627 end
Average processing time of GrabImageRGBD(): 11.429ms
Frame 628 end
Average processing time of GrabImageRGBD(): 11.4294ms
Frame 629 end
Average processing time of GrabImageRGBD(): 11.418ms
Frame 630 end
Average processing time of GrabImageRGBD(): 11.4074ms
Frame 631 end
Average processing time of GrabImageRGBD(): 11.4023ms
Frame 632 end
Average processing time of GrabImageRGBD(): 11.3919ms
Frame 633 end
Average processing time of GrabImageRGBD(): 11.4181ms
Frame 634 end
Average processing time of GrabImageRGBD(): 11.4176ms
Frame 635 end
Average processing time of GrabImageRGBD(): 11.4149ms
Frame 636 end
Average processing time of GrabImageRGBD(): 11.4111ms
Frame 637 end
Average processing time of GrabImageRGBD(): 11.4072ms
Frame 638 end
Average processing time of GrabImageRGBD(): 11.3948ms
Frame 639 end
Average processing time of GrabImageRGBD(): 11.393ms
Frame 640 end
Average processing time of GrabImageRGBD(): 11.4262ms
Frame 641 end
Average processing time of GrabImageRGBD(): 11.4195ms
Frame 642 end
Average processing time of GrabImageRGBD(): 11.416ms
Frame 643 end
Average processing time of GrabImageRGBD(): 11.404ms
Frame 644 end
Average processing time of GrabImageRGBD(): 11.4008ms
Frame 645 end
Average processing time of GrabImageRGBD(): 11.397ms
Frame 646 end
Average processing time of GrabImageRGBD(): 11.3851ms
Frame 647 end
Average processing time of GrabImageRGBD(): 11.4168ms
Frame 648 end
Average processing time of GrabImageRGBD(): 11.4178ms
Frame 649 end
Average processing time of GrabImageRGBD(): 11.4162ms
Frame 650 end
Average processing time of GrabImageRGBD(): 11.4195ms
Frame 651 end
Average processing time of GrabImageRGBD(): 11.4184ms
Frame 652 end
Average processing time of GrabImageRGBD(): 11.4186ms
Frame 653 end
Average processing time of GrabImageRGBD(): 11.4194ms
Frame 654 end
Average processing time of GrabImageRGBD(): 11.4105ms
Frame 655 end
Average processing time of GrabImageRGBD(): 11.3987ms
Frame 656 end
Average processing time of GrabImageRGBD(): 11.3952ms
Frame 657 end
Average processing time of GrabImageRGBD(): 11.3856ms
Frame 658 end
Average processing time of GrabImageRGBD(): 11.3739ms
Frame 659 end
Average processing time of GrabImageRGBD(): 11.3704ms
Frame 660 end
Average processing time of GrabImageRGBD(): 11.3675ms
Frame 661 end
Average processing time of GrabImageRGBD(): 11.3649ms
Frame 662 end
Average processing time of GrabImageRGBD(): 11.3926ms
Frame 663 end
Average processing time of GrabImageRGBD(): 11.3816ms
Frame 664 end
Average processing time of GrabImageRGBD(): 11.3812ms
Frame 665 end
Average processing time of GrabImageRGBD(): 11.3798ms
Frame 666 end
Average processing time of GrabImageRGBD(): 11.3718ms
Frame 667 end
Average processing time of GrabImageRGBD(): 11.3605ms
Frame 668 end
Average processing time of GrabImageRGBD(): 11.3486ms
Frame 669 end
Average processing time of GrabImageRGBD(): 11.337ms
Frame 670 end
Average processing time of GrabImageRGBD(): 11.3256ms
Frame 671 end
Average processing time of GrabImageRGBD(): 11.3224ms
Frame 672 end
Average processing time of GrabImageRGBD(): 11.3626ms
Frame 673 end
Average processing time of GrabImageRGBD(): 11.3619ms
Frame 674 end
Average processing time of GrabImageRGBD(): 11.3611ms
Frame 675 end
Average processing time of GrabImageRGBD(): 11.3604ms
Frame 676 end
Average processing time of GrabImageRGBD(): 11.3606ms
Frame 677 end
Average processing time of GrabImageRGBD(): 11.3497ms
Frame 678 end
Average processing time of GrabImageRGBD(): 11.3475ms
Frame 679 end
Average processing time of GrabImageRGBD(): 11.3359ms
Frame 680 end
Average processing time of GrabImageRGBD(): 11.3245ms
Frame 681 end
Average processing time of GrabImageRGBD(): 11.3207ms
Frame 682 end
Average processing time of GrabImageRGBD(): 11.3155ms
Frame 683 end
Average processing time of GrabImageRGBD(): 11.3125ms
Frame 684 end
Average processing time of GrabImageRGBD(): 11.3098ms
Frame 685 end
Average processing time of GrabImageRGBD(): 11.3067ms
Frame 686 end
Average processing time of GrabImageRGBD(): 11.3036ms
Frame 687 end
Average processing time of GrabImageRGBD(): 11.2965ms
Frame 688 end
Average processing time of GrabImageRGBD(): 11.3385ms
Frame 689 end
Average processing time of GrabImageRGBD(): 11.3279ms
Frame 690 end
Average processing time of GrabImageRGBD(): 11.3268ms
Frame 691 end
Average processing time of GrabImageRGBD(): 11.3263ms
Frame 692 end
Average processing time of GrabImageRGBD(): 11.3152ms
Frame 693 end
Average processing time of GrabImageRGBD(): 11.3109ms
Frame 694 end
Average processing time of GrabImageRGBD(): 11.3002ms
Frame 695 end
Average processing time of GrabImageRGBD(): 11.3331ms
Frame 696 end
Average processing time of GrabImageRGBD(): 11.3237ms
Frame 697 end
Average processing time of GrabImageRGBD(): 11.319ms
Frame 698 end
Average processing time of GrabImageRGBD(): 11.3199ms
Frame 699 end
Average processing time of GrabImageRGBD(): 11.3162ms
Frame 700 end
Average processing time of GrabImageRGBD(): 11.3099ms
Frame 701 end
Average processing time of GrabImageRGBD(): 11.2983ms
Frame 702 end
Average processing time of GrabImageRGBD(): 11.3222ms
Frame 703 end
Average processing time of GrabImageRGBD(): 11.3191ms
Frame 704 end
Average processing time of GrabImageRGBD(): 11.3083ms
Frame 705 end
Average processing time of GrabImageRGBD(): 11.2975ms
Frame 706 end
Average processing time of GrabImageRGBD(): 11.2909ms
Frame 707 end
Average processing time of GrabImageRGBD(): 11.2891ms
Frame 708 end
Average processing time of GrabImageRGBD(): 11.2784ms
Frame 709 end
Average processing time of GrabImageRGBD(): 11.3102ms
Frame 710 end
Average processing time of GrabImageRGBD(): 11.3071ms
Frame 711 end
Average processing time of GrabImageRGBD(): 11.3003ms
Frame 712 end
Average processing time of GrabImageRGBD(): 11.2929ms
Frame 713 end
Average processing time of GrabImageRGBD(): 11.2852ms
Frame 714 end
Average processing time of GrabImageRGBD(): 11.2786ms
Frame 715 end
Average processing time of GrabImageRGBD(): 11.2669ms
Frame 716 end
Average processing time of GrabImageRGBD(): 11.2885ms
Frame 717 end
Average processing time of GrabImageRGBD(): 11.2869ms
Frame 718 end
Average processing time of GrabImageRGBD(): 11.276ms
Frame 719 end
Average processing time of GrabImageRGBD(): 11.2655ms
Frame 720 end
Average processing time of GrabImageRGBD(): 11.2551ms
Frame 721 end
Average processing time of GrabImageRGBD(): 11.2446ms
Frame 722 end
Average processing time of GrabImageRGBD(): 11.2662ms
Frame 723 end
Average processing time of GrabImageRGBD(): 11.2571ms
Frame 724 end
Average processing time of GrabImageRGBD(): 11.2551ms
Frame 725 end
Average processing time of GrabImageRGBD(): 11.2537ms
Frame 726 end
Average processing time of GrabImageRGBD(): 11.2432ms
Frame 727 end
Average processing time of GrabImageRGBD(): 11.2326ms
Frame 728 end
Average processing time of GrabImageRGBD(): 11.2619ms
Frame 729 end
Average processing time of GrabImageRGBD(): 11.2608ms
Frame 730 end
Average processing time of GrabImageRGBD(): 11.2581ms
Frame 731 end
Average processing time of GrabImageRGBD(): 11.2561ms
Frame 732 end
Average processing time of GrabImageRGBD(): 11.2457ms
Frame 733 end
Average processing time of GrabImageRGBD(): 11.2354ms
Frame 734 end
Average processing time of GrabImageRGBD(): 11.26ms
Frame 735 end
Average processing time of GrabImageRGBD(): 11.2644ms
Frame 736 end
Average processing time of GrabImageRGBD(): 11.2632ms
Frame 737 end
Average processing time of GrabImageRGBD(): 11.2546ms
Frame 738 end
Average processing time of GrabImageRGBD(): 11.2446ms
Frame 739 end
Average processing time of GrabImageRGBD(): 11.2347ms
Frame 740 end
Average processing time of GrabImageRGBD(): 11.2268ms
Frame 741 end
Average processing time of GrabImageRGBD(): 11.2551ms
Frame 742 end
Average processing time of GrabImageRGBD(): 11.2544ms
Frame 743 end
Average processing time of GrabImageRGBD(): 11.2442ms
Frame 744 end
Average processing time of GrabImageRGBD(): 11.2385ms
Frame 745 end
Average processing time of GrabImageRGBD(): 11.237ms
Frame 746 end
Average processing time of GrabImageRGBD(): 11.2355ms
Frame 747 end
Average processing time of GrabImageRGBD(): 11.2254ms
Frame 748 end
Average processing time of GrabImageRGBD(): 11.2152ms
Frame 749 end
Average processing time of GrabImageRGBD(): 11.2133ms
Frame 750 end
Average processing time of GrabImageRGBD(): 11.2112ms
Frame 751 end
Average processing time of GrabImageRGBD(): 11.2089ms
Frame 752 end
Average processing time of GrabImageRGBD(): 11.2513ms
Frame 753 end
Average processing time of GrabImageRGBD(): 11.2511ms
Frame 754 end
Average processing time of GrabImageRGBD(): 11.2499ms
Frame 755 end
Average processing time of GrabImageRGBD(): 11.2479ms
Frame 756 end
Average processing time of GrabImageRGBD(): 11.2413ms
Frame 757 end
Average processing time of GrabImageRGBD(): 11.2312ms
Frame 758 end
Average processing time of GrabImageRGBD(): 11.225ms
Frame 759 end
Average processing time of GrabImageRGBD(): 11.2487ms
Frame 760 end
Average processing time of GrabImageRGBD(): 11.2401ms
Frame 761 end
Average processing time of GrabImageRGBD(): 11.2304ms
Frame 762 end
Average processing time of GrabImageRGBD(): 11.2208ms
Frame 763 end
Average processing time of GrabImageRGBD(): 11.2108ms
Frame 764 end
Average processing time of GrabImageRGBD(): 11.2013ms
Frame 765 end
Average processing time of GrabImageRGBD(): 11.1912ms
Frame 766 end
Average processing time of GrabImageRGBD(): 11.181ms
Frame 767 end
Average processing time of GrabImageRGBD(): 11.179ms
Frame 768 end
Average processing time of GrabImageRGBD(): 11.1767ms
Frame 769 end
Average processing time of GrabImageRGBD(): 11.1737ms
Frame 770 end
Average processing time of GrabImageRGBD(): 11.1659ms
Frame 771 end
Average processing time of GrabImageRGBD(): 11.1561ms
Frame 772 end
Average processing time of GrabImageRGBD(): 11.1539ms
Frame 773 end
Average processing time of GrabImageRGBD(): 11.1833ms
Frame 774 end
Average processing time of GrabImageRGBD(): 11.1752ms
Frame 775 end
Average processing time of GrabImageRGBD(): 11.1687ms
Frame 776 end
Average processing time of GrabImageRGBD(): 11.1627ms
Frame 777 end
Average processing time of GrabImageRGBD(): 11.1564ms
Frame 778 end
Average processing time of GrabImageRGBD(): 11.1462ms
Frame 779 end
Average processing time of GrabImageRGBD(): 11.137ms
Frame 780 end
Average processing time of GrabImageRGBD(): 11.1603ms
Frame 781 end
Average processing time of GrabImageRGBD(): 11.1626ms
Frame 782 end
Average processing time of GrabImageRGBD(): 11.1625ms
Frame 783 end
Average processing time of GrabImageRGBD(): 11.1621ms
Frame 784 end
Average processing time of GrabImageRGBD(): 11.1613ms
Frame 785 end
Average processing time of GrabImageRGBD(): 11.1523ms
Frame 786 end
Average processing time of GrabImageRGBD(): 11.1431ms
Frame 787 end
Average processing time of GrabImageRGBD(): 11.1373ms
Frame 788 end
Average processing time of GrabImageRGBD(): 11.1356ms
Frame 789 end
Average processing time of GrabImageRGBD(): 11.134ms
Frame 790 end
Average processing time of GrabImageRGBD(): 11.1577ms
Frame 791 end
Average processing time of GrabImageRGBD(): 11.1499ms
Frame 792 end
Average processing time of GrabImageRGBD(): 11.1495ms
Frame 793 end
Average processing time of GrabImageRGBD(): 11.1478ms
Frame 794 end
Average processing time of GrabImageRGBD(): 11.1405ms
Frame 795 end
Average processing time of GrabImageRGBD(): 11.1668ms
Frame 796 end
Average processing time of GrabImageRGBD(): 11.196ms
Frame 797 end
Average processing time of GrabImageRGBD(): 11.2414ms
Frame 798 end
Average processing time of GrabImageRGBD(): 11.2771ms
Frame 799 end
Average processing time of GrabImageRGBD(): 11.2691ms
Frame 800 end
Average processing time of GrabImageRGBD(): 11.2937ms
Frame 801 end
Average processing time of GrabImageRGBD(): 11.2912ms
Frame 802 end
Average processing time of GrabImageRGBD(): 11.2812ms
Frame 803 end
Average processing time of GrabImageRGBD(): 11.271ms
Frame 804 end
Average processing time of GrabImageRGBD(): 11.2662ms
Frame 805 end
Average processing time of GrabImageRGBD(): 11.289ms
Frame 806 end
Average processing time of GrabImageRGBD(): 11.2835ms
Frame 807 end
Average processing time of GrabImageRGBD(): 11.2746ms
Frame 808 end
Average processing time of GrabImageRGBD(): 11.2701ms
Frame 809 end
Average processing time of GrabImageRGBD(): 11.261ms
Frame 810 end
Average processing time of GrabImageRGBD(): 11.2533ms
Frame 811 end
Average processing time of GrabImageRGBD(): 11.2436ms
Frame 812 end
Average processing time of GrabImageRGBD(): 11.2675ms
Frame 813 end
Average processing time of GrabImageRGBD(): 11.2672ms
Frame 814 end
Average processing time of GrabImageRGBD(): 11.2588ms
Frame 815 end
Average processing time of GrabImageRGBD(): 11.2488ms
Frame 816 end
Average processing time of GrabImageRGBD(): 11.2446ms
Frame 817 end
Average processing time of GrabImageRGBD(): 11.2406ms
Frame 818 end
Average processing time of GrabImageRGBD(): 11.2363ms
Frame 819 end
Average processing time of GrabImageRGBD(): 11.2287ms
Frame 820 end
Average processing time of GrabImageRGBD(): 11.2244ms
Frame 821 end
Average processing time of GrabImageRGBD(): 11.2152ms
Frame 822 end
Average processing time of GrabImageRGBD(): 11.2115ms
Frame 823 end
Average processing time of GrabImageRGBD(): 11.2361ms
Frame 824 end
Average processing time of GrabImageRGBD(): 11.23ms
Frame 825 end
Average processing time of GrabImageRGBD(): 11.227ms
Frame 826 end
Average processing time of GrabImageRGBD(): 11.2179ms
Frame 827 end
Average processing time of GrabImageRGBD(): 11.214ms
Frame 828 end
Average processing time of GrabImageRGBD(): 11.2063ms
Frame 829 end
Average processing time of GrabImageRGBD(): 11.2027ms
Frame 830 end
Average processing time of GrabImageRGBD(): 11.1993ms
Frame 831 end
Average processing time of GrabImageRGBD(): 11.197ms
Frame 832 end
Average processing time of GrabImageRGBD(): 11.1933ms
Frame 833 end
Average processing time of GrabImageRGBD(): 11.1858ms
Frame 834 end
Average processing time of GrabImageRGBD(): 11.2123ms
Frame 835 end
Average processing time of GrabImageRGBD(): 11.2115ms
Frame 836 end
Average processing time of GrabImageRGBD(): 11.2094ms
Frame 837 end
Average processing time of GrabImageRGBD(): 11.2002ms
Frame 838 end
Average processing time of GrabImageRGBD(): 11.1913ms
Frame 839 end
Average processing time of GrabImageRGBD(): 11.1825ms
Frame 840 end
Average processing time of GrabImageRGBD(): 11.1736ms
Frame 841 end
Average processing time of GrabImageRGBD(): 11.1713ms
Frame 842 end
Average processing time of GrabImageRGBD(): 11.1617ms
Frame 843 end
Average processing time of GrabImageRGBD(): 11.1529ms
Frame 844 end
Average processing time of GrabImageRGBD(): 11.1497ms
Frame 845 end
Average processing time of GrabImageRGBD(): 11.1739ms
Frame 846 end
Average processing time of GrabImageRGBD(): 11.1713ms
Frame 847 end
Average processing time of GrabImageRGBD(): 11.1664ms
Frame 848 end
Average processing time of GrabImageRGBD(): 11.1617ms
Frame 849 end
Average processing time of GrabImageRGBD(): 11.1586ms
Frame 850 end
Average processing time of GrabImageRGBD(): 11.1546ms
Frame 851 end
Average processing time of GrabImageRGBD(): 11.1482ms
Frame 852 end
Average processing time of GrabImageRGBD(): 11.1442ms
Frame 853 end
Average processing time of GrabImageRGBD(): 11.1397ms
Frame 854 end
Average processing time of GrabImageRGBD(): 11.1358ms
Frame 855 end
Average processing time of GrabImageRGBD(): 11.1315ms
Frame 856 end
Average processing time of GrabImageRGBD(): 11.1563ms
Frame 857 end
Average processing time of GrabImageRGBD(): 11.1554ms
Frame 858 end
Average processing time of GrabImageRGBD(): 11.1459ms
Frame 859 end
Average processing time of GrabImageRGBD(): 11.144ms
Frame 860 end
Average processing time of GrabImageRGBD(): 11.1346ms
Frame 861 end
Average processing time of GrabImageRGBD(): 11.1306ms
Frame 862 end
Average processing time of GrabImageRGBD(): 11.1272ms
Frame 863 end
Average processing time of GrabImageRGBD(): 11.1236ms
Frame 864 end
Average processing time of GrabImageRGBD(): 11.1146ms
Frame 865 end
Average processing time of GrabImageRGBD(): 11.1103ms
Frame 866 end
Average processing time of GrabImageRGBD(): 11.1011ms
Frame 867 end
Average processing time of GrabImageRGBD(): 11.0917ms
Frame 868 end
Average processing time of GrabImageRGBD(): 11.1166ms
Frame 869 end
Average processing time of GrabImageRGBD(): 11.116ms
Frame 870 end
Average processing time of GrabImageRGBD(): 11.1135ms
Frame 871 end
Average processing time of GrabImageRGBD(): 11.1051ms
Frame 872 end
Average processing time of GrabImageRGBD(): 11.1019ms
Frame 873 end
Average processing time of GrabImageRGBD(): 11.1019ms
Frame 874 end
Average processing time of GrabImageRGBD(): 11.0938ms
Frame 875 end
Average processing time of GrabImageRGBD(): 11.0851ms
Frame 876 end
Average processing time of GrabImageRGBD(): 11.0809ms
Frame 877 end
Average processing time of GrabImageRGBD(): 11.0765ms
Frame 878 end
Average processing time of GrabImageRGBD(): 11.073ms
Frame 879 end
Average processing time of GrabImageRGBD(): 11.0969ms
Frame 880 end
Average processing time of GrabImageRGBD(): 11.0947ms
Frame 881 end
Average processing time of GrabImageRGBD(): 11.0867ms
Frame 882 end
Average processing time of GrabImageRGBD(): 11.082ms
Frame 883 end
Average processing time of GrabImageRGBD(): 11.0766ms
Frame 884 end
Average processing time of GrabImageRGBD(): 11.0713ms
Frame 885 end
Average processing time of GrabImageRGBD(): 11.0962ms
Frame 886 end
Average processing time of GrabImageRGBD(): 11.0894ms
Frame 887 end
Average processing time of GrabImageRGBD(): 11.1128ms
Frame 888 end
Average processing time of GrabImageRGBD(): 11.1084ms
Frame 889 end
Average processing time of GrabImageRGBD(): 11.13ms
Frame 890 end
Average processing time of GrabImageRGBD(): 11.1276ms
Frame 891 end
Average processing time of GrabImageRGBD(): 11.1185ms
Frame 892 end
Average processing time of GrabImageRGBD(): 11.1125ms
Frame 893 end
Average processing time of GrabImageRGBD(): 11.1068ms
Frame 894 end
Average processing time of GrabImageRGBD(): 11.1006ms
Frame 895 end
Average processing time of GrabImageRGBD(): 11.0926ms
Frame 896 end
Average processing time of GrabImageRGBD(): 11.1208ms
Frame 897 end
Average processing time of GrabImageRGBD(): 11.1145ms
Frame 898 end
Average processing time of GrabImageRGBD(): 11.1067ms
Frame 899 end
Average processing time of GrabImageRGBD(): 11.1ms
Frame 900 end
Average processing time of GrabImageRGBD(): 11.1342ms
Frame 901 end
Average processing time of GrabImageRGBD(): 11.1279ms
Frame 902 end
Average processing time of GrabImageRGBD(): 11.1495ms
Frame 903 end
Average processing time of GrabImageRGBD(): 11.1743ms
Frame 904 end
Average processing time of GrabImageRGBD(): 11.167ms
Frame 905 end
Average processing time of GrabImageRGBD(): 11.1643ms
Frame 906 end
Average processing time of GrabImageRGBD(): 11.1559ms
Frame 907 end
Average processing time of GrabImageRGBD(): 11.1471ms
Frame 908 end
Average processing time of GrabImageRGBD(): 11.1405ms
Frame 909 end
Average processing time of GrabImageRGBD(): 11.1344ms
Frame 910 end
Average processing time of GrabImageRGBD(): 11.1567ms
Frame 911 end
Average processing time of GrabImageRGBD(): 11.1533ms
Frame 912 end
Average processing time of GrabImageRGBD(): 11.1459ms
Frame 913 end
Average processing time of GrabImageRGBD(): 11.1369ms
Frame 914 end
Average processing time of GrabImageRGBD(): 11.1284ms
Frame 915 end
Average processing time of GrabImageRGBD(): 11.1222ms
Frame 916 end
Average processing time of GrabImageRGBD(): 11.117ms
Frame 917 end
Average processing time of GrabImageRGBD(): 11.1118ms
Frame 918 end
Average processing time of GrabImageRGBD(): 11.1032ms
Frame 919 end
Average processing time of GrabImageRGBD(): 11.1229ms
Frame 920 end
Average processing time of GrabImageRGBD(): 11.1223ms
Frame 921 end
Average processing time of GrabImageRGBD(): 11.1203ms
Frame 922 end
Average processing time of GrabImageRGBD(): 11.1179ms
Frame 923 end
Average processing time of GrabImageRGBD(): 11.1098ms
Frame 924 end
Average processing time of GrabImageRGBD(): 11.1059ms
Frame 925 end
Average processing time of GrabImageRGBD(): 11.1029ms
Frame 926 end
Average processing time of GrabImageRGBD(): 11.0952ms
Frame 927 end
Average processing time of GrabImageRGBD(): 11.0874ms
Frame 928 end
Average processing time of GrabImageRGBD(): 11.1103ms
Frame 929 end
Average processing time of GrabImageRGBD(): 11.1108ms
Frame 930 end
Average processing time of GrabImageRGBD(): 11.1077ms
Frame 931 end
Average processing time of GrabImageRGBD(): 11.1033ms
Frame 932 end
Average processing time of GrabImageRGBD(): 11.0987ms
Frame 933 end
Average processing time of GrabImageRGBD(): 11.0947ms
Frame 934 end
Average processing time of GrabImageRGBD(): 11.0898ms
Frame 935 end
Average processing time of GrabImageRGBD(): 11.081ms
Frame 936 end
Average processing time of GrabImageRGBD(): 11.0767ms
Frame 937 end
Average processing time of GrabImageRGBD(): 11.0976ms
Frame 938 end
Average processing time of GrabImageRGBD(): 11.0949ms
Frame 939 end
Average processing time of GrabImageRGBD(): 11.0939ms
Frame 940 end
Average processing time of GrabImageRGBD(): 11.0856ms
Frame 941 end
Average processing time of GrabImageRGBD(): 11.0814ms
Frame 942 end
Average processing time of GrabImageRGBD(): 11.0758ms
Frame 943 end
Average processing time of GrabImageRGBD(): 11.0701ms
Frame 944 end
Average processing time of GrabImageRGBD(): 11.0645ms
Frame 945 end
Average processing time of GrabImageRGBD(): 11.0587ms
Frame 946 end
Average processing time of GrabImageRGBD(): 11.0793ms
Frame 947 end
Average processing time of GrabImageRGBD(): 11.0754ms
Frame 948 end
Average processing time of GrabImageRGBD(): 11.0717ms
Frame 949 end
Average processing time of GrabImageRGBD(): 11.068ms
Frame 950 end
Average processing time of GrabImageRGBD(): 11.0598ms
Frame 951 end
Average processing time of GrabImageRGBD(): 11.0534ms
Frame 952 end
Average processing time of GrabImageRGBD(): 11.0493ms
Frame 953 end
Average processing time of GrabImageRGBD(): 11.0455ms
Frame 954 end
Average processing time of GrabImageRGBD(): 11.0399ms
Frame 955 end
Average processing time of GrabImageRGBD(): 11.0335ms
Frame 956 end
Average processing time of GrabImageRGBD(): 11.0569ms
Frame 957 end
Average processing time of GrabImageRGBD(): 11.0558ms
Frame 958 end
Average processing time of GrabImageRGBD(): 11.0536ms
Frame 959 end
Average processing time of GrabImageRGBD(): 11.0458ms
Frame 960 end
Average processing time of GrabImageRGBD(): 11.038ms
Frame 961 end
Average processing time of GrabImageRGBD(): 11.0298ms
Frame 962 end
Average processing time of GrabImageRGBD(): 11.0223ms
Frame 963 end
Average processing time of GrabImageRGBD(): 11.0159ms
Frame 964 end
Average processing time of GrabImageRGBD(): 11.013ms
Frame 965 end
Average processing time of GrabImageRGBD(): 11.0346ms
Frame 966 end
Average processing time of GrabImageRGBD(): 11.0331ms
Frame 967 end
Average processing time of GrabImageRGBD(): 11.0289ms
Frame 968 end
Average processing time of GrabImageRGBD(): 11.0216ms
Frame 969 end
Average processing time of GrabImageRGBD(): 11.0198ms
Frame 970 end
Average processing time of GrabImageRGBD(): 11.0149ms
Frame 971 end
Average processing time of GrabImageRGBD(): 11.0125ms
Frame 972 end
Average processing time of GrabImageRGBD(): 11.005ms
Frame 973 end
Average processing time of GrabImageRGBD(): 11.001ms
Frame 974 end
Average processing time of GrabImageRGBD(): 10.9989ms
Frame 975 end
Average processing time of GrabImageRGBD(): 11.0231ms
Frame 976 end
Average processing time of GrabImageRGBD(): 11.0195ms
Frame 977 end
Average processing time of GrabImageRGBD(): 11.0162ms
Frame 978 end
Average processing time of GrabImageRGBD(): 11.0124ms
Frame 979 end
Average processing time of GrabImageRGBD(): 11.0108ms
Frame 980 end
Average processing time of GrabImageRGBD(): 11.0096ms
Frame 981 end
Average processing time of GrabImageRGBD(): 11.0081ms
Frame 982 end
Average processing time of GrabImageRGBD(): 11.0055ms
Frame 983 end
Average processing time of GrabImageRGBD(): 10.9997ms
Frame 984 end
Average processing time of GrabImageRGBD(): 11.0182ms
Frame 985 end
Average processing time of GrabImageRGBD(): 11.0189ms
Frame 986 end
Average processing time of GrabImageRGBD(): 11.0114ms
Frame 987 end
Average processing time of GrabImageRGBD(): 11.0128ms
Frame 988 end
Average processing time of GrabImageRGBD(): 11.0113ms
Frame 989 end
Average processing time of GrabImageRGBD(): 11.0059ms
Frame 990 end
Average processing time of GrabImageRGBD(): 11.0074ms
Frame 991 end
Average processing time of GrabImageRGBD(): 10.9999ms
Frame 992 end
Average processing time of GrabImageRGBD(): 10.9958ms
Frame 993 end
Average processing time of GrabImageRGBD(): 11.0153ms
Frame 994 end
Average processing time of GrabImageRGBD(): 11.0095ms
Frame 995 end
Average processing time of GrabImageRGBD(): 11.0047ms
Frame 996 end
Average processing time of GrabImageRGBD(): 11.0007ms
Frame 997 end
Average processing time of GrabImageRGBD(): 10.993ms
Frame 998 end
Average processing time of GrabImageRGBD(): 10.9883ms
Frame 999 end
Average processing time of GrabImageRGBD(): 10.9804ms
Frame 1000 end
Average processing time of GrabImageRGBD(): 10.9765ms
Frame 1001 end
Average processing time of GrabImageRGBD(): 10.9726ms
Frame 1002 end
Average processing time of GrabImageRGBD(): 10.9646ms
Frame 1003 end
Average processing time of GrabImageRGBD(): 10.986ms
Frame 1004 end
Average processing time of GrabImageRGBD(): 10.9836ms
Frame 1005 end
Average processing time of GrabImageRGBD(): 10.9762ms
Frame 1006 end
Average processing time of GrabImageRGBD(): 10.9718ms
Frame 1007 end
Average processing time of GrabImageRGBD(): 10.9669ms
Frame 1008 end
Average processing time of GrabImageRGBD(): 10.962ms
Frame 1009 end
Average processing time of GrabImageRGBD(): 10.9574ms
Frame 1010 end
Average processing time of GrabImageRGBD(): 10.9526ms
Frame 1011 end
Average processing time of GrabImageRGBD(): 10.9469ms
Frame 1012 end
Average processing time of GrabImageRGBD(): 10.9418ms
Frame 1013 end
Average processing time of GrabImageRGBD(): 10.962ms
Frame 1014 end
Average processing time of GrabImageRGBD(): 10.9598ms
Frame 1015 end
Average processing time of GrabImageRGBD(): 10.9562ms
Frame 1016 end
Average processing time of GrabImageRGBD(): 10.9515ms
Frame 1017 end
Average processing time of GrabImageRGBD(): 10.9456ms
Frame 1018 end
Average processing time of GrabImageRGBD(): 10.9388ms
Frame 1019 end
Average processing time of GrabImageRGBD(): 10.9316ms
Frame 1020 end
Average processing time of GrabImageRGBD(): 10.9238ms
Frame 1021 end
Average processing time of GrabImageRGBD(): 10.9192ms
Frame 1022 end
Average processing time of GrabImageRGBD(): 10.9154ms
Frame 1023 end
Average processing time of GrabImageRGBD(): 10.9356ms
Frame 1024 end
Average processing time of GrabImageRGBD(): 10.9295ms
Frame 1025 end
Average processing time of GrabImageRGBD(): 10.9221ms
Frame 1026 end
Average processing time of GrabImageRGBD(): 10.915ms
Frame 1027 end
Average processing time of GrabImageRGBD(): 10.9081ms
Frame 1028 end
Average processing time of GrabImageRGBD(): 10.9006ms
Frame 1029 end
Average processing time of GrabImageRGBD(): 10.8931ms
Frame 1030 end
Average processing time of GrabImageRGBD(): 10.8861ms
Frame 1031 end
Average processing time of GrabImageRGBD(): 10.9056ms
Frame 1032 end
Average processing time of GrabImageRGBD(): 10.9312ms
Frame 1033 end
Average processing time of GrabImageRGBD(): 10.9293ms
Frame 1034 end
Average processing time of GrabImageRGBD(): 10.9259ms
Frame 1035 end
Average processing time of GrabImageRGBD(): 10.9215ms
Frame 1036 end
Average processing time of GrabImageRGBD(): 10.9141ms
Frame 1037 end
Average processing time of GrabImageRGBD(): 10.9091ms
Frame 1038 end
Average processing time of GrabImageRGBD(): 10.902ms
Frame 1039 end
Average processing time of GrabImageRGBD(): 10.8977ms
Frame 1040 end
Average processing time of GrabImageRGBD(): 10.8932ms
Frame 1041 end
Average processing time of GrabImageRGBD(): 10.8896ms
Frame 1042 end
Average processing time of GrabImageRGBD(): 10.8823ms
Frame 1043 end
Average processing time of GrabImageRGBD(): 10.8762ms
Frame 1044 end
Average processing time of GrabImageRGBD(): 10.9023ms
Frame 1045 end
Average processing time of GrabImageRGBD(): 10.8969ms
Frame 1046 end
Average processing time of GrabImageRGBD(): 10.8906ms
Frame 1047 end
Average processing time of GrabImageRGBD(): 10.8871ms
Frame 1048 end
Average processing time of GrabImageRGBD(): 10.8796ms
Frame 1049 end
Average processing time of GrabImageRGBD(): 10.872ms
Frame 1050 end
Average processing time of GrabImageRGBD(): 10.8677ms
Frame 1051 end
Average processing time of GrabImageRGBD(): 10.8651ms
Frame 1052 end
Average processing time of GrabImageRGBD(): 10.8606ms
Frame 1053 end
Average processing time of GrabImageRGBD(): 10.8789ms
Frame 1054 end
Average processing time of GrabImageRGBD(): 10.8737ms
Frame 1055 end
Average processing time of GrabImageRGBD(): 10.8672ms
Frame 1056 end
Average processing time of GrabImageRGBD(): 10.8601ms
Frame 1057 end
Average processing time of GrabImageRGBD(): 10.8542ms
Frame 1058 end
Average processing time of GrabImageRGBD(): 10.8476ms
Frame 1059 end
Average processing time of GrabImageRGBD(): 10.843ms
Frame 1060 end
Average processing time of GrabImageRGBD(): 10.8366ms
Frame 1061 end
Average processing time of GrabImageRGBD(): 10.8316ms
Frame 1062 end
Average processing time of GrabImageRGBD(): 10.8263ms
Frame 1063 end
Average processing time of GrabImageRGBD(): 10.8438ms
Frame 1064 end
Average processing time of GrabImageRGBD(): 10.8376ms
Frame 1065 end
Average processing time of GrabImageRGBD(): 10.8309ms
Frame 1066 end
Average processing time of GrabImageRGBD(): 10.827ms
Frame 1067 end
Average processing time of GrabImageRGBD(): 10.8198ms
Frame 1068 end
Average processing time of GrabImageRGBD(): 10.8161ms
Frame 1069 end
Average processing time of GrabImageRGBD(): 10.812ms
Frame 1070 end
Average processing time of GrabImageRGBD(): 10.8082ms
Frame 1071 end
Average processing time of GrabImageRGBD(): 10.8039ms
Frame 1072 end
Average processing time of GrabImageRGBD(): 10.7997ms
Frame 1073 end
Average processing time of GrabImageRGBD(): 10.8198ms
Frame 1074 end
Average processing time of GrabImageRGBD(): 10.8196ms
Frame 1075 end
Average processing time of GrabImageRGBD(): 10.8141ms
Frame 1076 end
Average processing time of GrabImageRGBD(): 10.8107ms
Frame 1077 end
Average processing time of GrabImageRGBD(): 10.8037ms
Frame 1078 end
Average processing time of GrabImageRGBD(): 10.8009ms
Frame 1079 end
Average processing time of GrabImageRGBD(): 10.7951ms
Frame 1080 end
Average processing time of GrabImageRGBD(): 10.7892ms
Frame 1081 end
Average processing time of GrabImageRGBD(): 10.7826ms
Frame 1082 end
Average processing time of GrabImageRGBD(): 10.7779ms
Frame 1083 end
Average processing time of GrabImageRGBD(): 10.7736ms
Frame 1084 end
Average processing time of GrabImageRGBD(): 10.7912ms
Frame 1085 end
Average processing time of GrabImageRGBD(): 10.7902ms
Frame 1086 end
Average processing time of GrabImageRGBD(): 10.7852ms
Frame 1087 end
Average processing time of GrabImageRGBD(): 10.7787ms
Frame 1088 end
Average processing time of GrabImageRGBD(): 10.7717ms
Frame 1089 end
Average processing time of GrabImageRGBD(): 10.7666ms
Frame 1090 end
Average processing time of GrabImageRGBD(): 10.7613ms
Frame 1091 end
Average processing time of GrabImageRGBD(): 10.7579ms
Frame 1092 end
Average processing time of GrabImageRGBD(): 10.7512ms
Frame 1093 end
Average processing time of GrabImageRGBD(): 10.7469ms
Frame 1094 end
Average processing time of GrabImageRGBD(): 10.7399ms
Frame 1095 end
Average processing time of GrabImageRGBD(): 10.7654ms
Frame 1096 end
Average processing time of GrabImageRGBD(): 10.7637ms
Frame 1097 end
Average processing time of GrabImageRGBD(): 10.7603ms
Frame 1098 end
Average processing time of GrabImageRGBD(): 10.7571ms
Frame 1099 end
Average processing time of GrabImageRGBD(): 10.7528ms
Frame 1100 end
Average processing time of GrabImageRGBD(): 10.7484ms
Frame 1101 end
Average processing time of GrabImageRGBD(): 10.7441ms
Frame 1102 end
Average processing time of GrabImageRGBD(): 10.7371ms
Frame 1103 end
Average processing time of GrabImageRGBD(): 10.7326ms
Frame 1104 end
Average processing time of GrabImageRGBD(): 10.7254ms
Frame 1105 end
Average processing time of GrabImageRGBD(): 10.744ms
Frame 1106 end
Average processing time of GrabImageRGBD(): 10.7399ms
Frame 1107 end
Average processing time of GrabImageRGBD(): 10.7364ms
Frame 1108 end
Average processing time of GrabImageRGBD(): 10.7328ms
Frame 1109 end
Average processing time of GrabImageRGBD(): 10.7289ms
Frame 1110 end
Average processing time of GrabImageRGBD(): 10.7251ms
Frame 1111 end
Average processing time of GrabImageRGBD(): 10.7192ms
Frame 1112 end
Average processing time of GrabImageRGBD(): 10.7139ms
Frame 1113 end
Average processing time of GrabImageRGBD(): 10.7081ms
Frame 1114 end
Average processing time of GrabImageRGBD(): 10.7269ms
Frame 1115 end
Average processing time of GrabImageRGBD(): 10.7253ms
Frame 1116 end
Average processing time of GrabImageRGBD(): 10.7205ms
Frame 1117 end
Average processing time of GrabImageRGBD(): 10.7137ms
Frame 1118 end
Average processing time of GrabImageRGBD(): 10.7104ms
Frame 1119 end
Average processing time of GrabImageRGBD(): 10.7061ms
Frame 1120 end
Average processing time of GrabImageRGBD(): 10.6993ms
Frame 1121 end
Average processing time of GrabImageRGBD(): 10.7187ms
Frame 1122 end
Average processing time of GrabImageRGBD(): 10.7148ms
Frame 1123 end
Average processing time of GrabImageRGBD(): 10.7117ms
Frame 1124 end
Average processing time of GrabImageRGBD(): 10.7083ms
Frame 1125 end
Average processing time of GrabImageRGBD(): 10.7049ms
Frame 1126 end
Average processing time of GrabImageRGBD(): 10.6991ms
Frame 1127 end
Average processing time of GrabImageRGBD(): 10.694ms
Frame 1128 end
Average processing time of GrabImageRGBD(): 10.6886ms
Frame 1129 end
Average processing time of GrabImageRGBD(): 10.6843ms
Frame 1130 end
Average processing time of GrabImageRGBD(): 10.702ms
Frame 1131 end
Average processing time of GrabImageRGBD(): 10.7003ms
Frame 1132 end
Average processing time of GrabImageRGBD(): 10.6939ms
Frame 1133 end
Average processing time of GrabImageRGBD(): 10.6906ms
Frame 1134 end
Average processing time of GrabImageRGBD(): 10.6847ms
Frame 1135 end
Average processing time of GrabImageRGBD(): 10.6815ms
Frame 1136 end
Average processing time of GrabImageRGBD(): 10.6758ms
Frame 1137 end
Average processing time of GrabImageRGBD(): 10.67ms
Frame 1138 end
Average processing time of GrabImageRGBD(): 10.6659ms
Frame 1139 end
Average processing time of GrabImageRGBD(): 10.6829ms
Frame 1140 end
Average processing time of GrabImageRGBD(): 10.6811ms
Frame 1141 end
Average processing time of GrabImageRGBD(): 10.6795ms
Frame 1142 end
Average processing time of GrabImageRGBD(): 10.6766ms
Frame 1143 end
Average processing time of GrabImageRGBD(): 10.6701ms
Frame 1144 end
Average processing time of GrabImageRGBD(): 10.6662ms
Frame 1145 end
Average processing time of GrabImageRGBD(): 10.659ms
Frame 1146 end
Average processing time of GrabImageRGBD(): 10.6546ms
Frame 1147 end
Average processing time of GrabImageRGBD(): 10.6727ms
Frame 1148 end
Average processing time of GrabImageRGBD(): 10.6683ms
Frame 1149 end
Average processing time of GrabImageRGBD(): 10.6666ms
Frame 1150 end
Average processing time of GrabImageRGBD(): 10.66ms
Frame 1151 end
Average processing time of GrabImageRGBD(): 10.6532ms
Frame 1152 end
Average processing time of GrabImageRGBD(): 10.6501ms
Frame 1153 end
Average processing time of GrabImageRGBD(): 10.6447ms
Frame 1154 end
Average processing time of GrabImageRGBD(): 10.641ms
Frame 1155 end
Average processing time of GrabImageRGBD(): 10.6376ms
Frame 1156 end
Average processing time of GrabImageRGBD(): 10.6548ms
Frame 1157 end
Average processing time of GrabImageRGBD(): 10.6544ms
Frame 1158 end
Average processing time of GrabImageRGBD(): 10.6487ms
Frame 1159 end
Average processing time of GrabImageRGBD(): 10.6426ms
Frame 1160 end
Average processing time of GrabImageRGBD(): 10.6364ms
Frame 1161 end
Average processing time of GrabImageRGBD(): 10.6331ms
Frame 1162 end
Average processing time of GrabImageRGBD(): 10.6268ms
Frame 1163 end
Average processing time of GrabImageRGBD(): 10.6242ms
Frame 1164 end
Average processing time of GrabImageRGBD(): 10.6181ms
Frame 1165 end
Average processing time of GrabImageRGBD(): 10.6469ms
Frame 1166 end
Average processing time of GrabImageRGBD(): 10.6455ms
Frame 1167 end
Average processing time of GrabImageRGBD(): 10.6421ms
Frame 1168 end
Average processing time of GrabImageRGBD(): 10.6354ms
Frame 1169 end
Average processing time of GrabImageRGBD(): 10.6314ms
Frame 1170 end
Average processing time of GrabImageRGBD(): 10.6253ms
Frame 1171 end
Average processing time of GrabImageRGBD(): 10.6214ms
Frame 1172 end
Average processing time of GrabImageRGBD(): 10.615ms
Frame 1173 end
Average processing time of GrabImageRGBD(): 10.6126ms
Frame 1174 end
Average processing time of GrabImageRGBD(): 10.6086ms
Frame 1175 end
Average processing time of GrabImageRGBD(): 10.6021ms
Frame 1176 end
Average processing time of GrabImageRGBD(): 10.6213ms
Frame 1177 end
Average processing time of GrabImageRGBD(): 10.6176ms
Frame 1178 end
Average processing time of GrabImageRGBD(): 10.6125ms
Frame 1179 end
Average processing time of GrabImageRGBD(): 10.6097ms
Frame 1180 end
Average processing time of GrabImageRGBD(): 10.606ms
Frame 1181 end
Average processing time of GrabImageRGBD(): 10.6039ms
Frame 1182 end
Average processing time of GrabImageRGBD(): 10.6013ms
Frame 1183 end
Average processing time of GrabImageRGBD(): 10.5952ms
Frame 1184 end
Average processing time of GrabImageRGBD(): 10.5906ms
Frame 1185 end
Average processing time of GrabImageRGBD(): 10.5875ms
Frame 1186 end
Average processing time of GrabImageRGBD(): 10.5849ms
Frame 1187 end
Average processing time of GrabImageRGBD(): 10.6029ms
Frame 1188 end
Average processing time of GrabImageRGBD(): 10.603ms
Frame 1189 end
Average processing time of GrabImageRGBD(): 10.5969ms
Frame 1190 end
Average processing time of GrabImageRGBD(): 10.592ms
Frame 1191 end
Average processing time of GrabImageRGBD(): 10.5891ms
Frame 1192 end
Average processing time of GrabImageRGBD(): 10.5836ms
Frame 1193 end
Average processing time of GrabImageRGBD(): 10.5786ms
Frame 1194 end
Average processing time of GrabImageRGBD(): 10.5754ms
Frame 1195 end
Average processing time of GrabImageRGBD(): 10.5718ms
Frame 1196 end
Average processing time of GrabImageRGBD(): 10.5892ms
Frame 1197 end
Average processing time of GrabImageRGBD(): 10.5857ms
Frame 1198 end
Average processing time of GrabImageRGBD(): 10.5839ms
Frame 1199 end
Average processing time of GrabImageRGBD(): 10.5817ms
Frame 1200 end
Average processing time of GrabImageRGBD(): 10.5764ms
Frame 1201 end
Average processing time of GrabImageRGBD(): 10.5702ms
Frame 1202 end
Average processing time of GrabImageRGBD(): 10.5682ms
Frame 1203 end
Average processing time of GrabImageRGBD(): 10.562ms
Frame 1204 end
Average processing time of GrabImageRGBD(): 10.5565ms
Frame 1205 end
Average processing time of GrabImageRGBD(): 10.5753ms
Frame 1206 end
Average processing time of GrabImageRGBD(): 10.5743ms
Frame 1207 end
Average processing time of GrabImageRGBD(): 10.5686ms
Frame 1208 end
Average processing time of GrabImageRGBD(): 10.5666ms
Frame 1209 end
Average processing time of GrabImageRGBD(): 10.5621ms
Frame 1210 end
Average processing time of GrabImageRGBD(): 10.5571ms
Frame 1211 end
Average processing time of GrabImageRGBD(): 10.5545ms
Frame 1212 end
Average processing time of GrabImageRGBD(): 10.5518ms
Frame 1213 end
Average processing time of GrabImageRGBD(): 10.5468ms
Frame 1214 end
Average processing time of GrabImageRGBD(): 10.5436ms
Frame 1215 end
Average processing time of GrabImageRGBD(): 10.561ms
Frame 1216 end
Average processing time of GrabImageRGBD(): 10.5579ms
Frame 1217 end
Average processing time of GrabImageRGBD(): 10.5517ms
Frame 1218 end
Average processing time of GrabImageRGBD(): 10.5496ms
Frame 1219 end
Average processing time of GrabImageRGBD(): 10.5438ms
Frame 1220 end
Average processing time of GrabImageRGBD(): 10.5374ms
Frame 1221 end
Average processing time of GrabImageRGBD(): 10.5314ms
Frame 1222 end
Average processing time of GrabImageRGBD(): 10.5282ms
Frame 1223 end
Average processing time of GrabImageRGBD(): 10.5247ms
Frame 1224 end
Average processing time of GrabImageRGBD(): 10.5213ms
Frame 1225 end
Average processing time of GrabImageRGBD(): 10.54ms
Frame 1226 end
Average processing time of GrabImageRGBD(): 10.5352ms
Frame 1227 end
Average processing time of GrabImageRGBD(): 10.5332ms
Frame 1228 end
Average processing time of GrabImageRGBD(): 10.5308ms
Frame 1229 end
Average processing time of GrabImageRGBD(): 10.5253ms
Frame 1230 end
Average processing time of GrabImageRGBD(): 10.5224ms
Frame 1231 end
Average processing time of GrabImageRGBD(): 10.5162ms
Frame 1232 end
Average processing time of GrabImageRGBD(): 10.5135ms
Frame 1233 end
Average processing time of GrabImageRGBD(): 10.5084ms
Frame 1234 end
Average processing time of GrabImageRGBD(): 10.5024ms
Frame 1235 end
Average processing time of GrabImageRGBD(): 10.5204ms
Frame 1236 end
Average processing time of GrabImageRGBD(): 10.5197ms
Frame 1237 end
Average processing time of GrabImageRGBD(): 10.5179ms
Frame 1238 end
Average processing time of GrabImageRGBD(): 10.5146ms
Frame 1239 end
Average processing time of GrabImageRGBD(): 10.5125ms
Frame 1240 end
Average processing time of GrabImageRGBD(): 10.5099ms
Frame 1241 end
Average processing time of GrabImageRGBD(): 10.5041ms
Frame 1242 end
Average processing time of GrabImageRGBD(): 10.5017ms
Frame 1243 end
Average processing time of GrabImageRGBD(): 10.4956ms
Frame 1244 end
Average processing time of GrabImageRGBD(): 10.5133ms
Frame 1245 end
Average processing time of GrabImageRGBD(): 10.5133ms
Frame 1246 end
Average processing time of GrabImageRGBD(): 10.5108ms
Frame 1247 end
Average processing time of GrabImageRGBD(): 10.5059ms
Frame 1248 end
Average processing time of GrabImageRGBD(): 10.5011ms
Frame 1249 end
Average processing time of GrabImageRGBD(): 10.4978ms
Frame 1250 end
Average processing time of GrabImageRGBD(): 10.4939ms
Frame 1251 end
Average processing time of GrabImageRGBD(): 10.4911ms
Frame 1252 end
Average processing time of GrabImageRGBD(): 10.507ms
Frame 1253 end
Average processing time of GrabImageRGBD(): 10.5024ms
Frame 1254 end
Average processing time of GrabImageRGBD(): 10.4974ms
Frame 1255 end
Average processing time of GrabImageRGBD(): 10.4953ms
Frame 1256 end
Average processing time of GrabImageRGBD(): 10.4931ms
Frame 1257 end
Average processing time of GrabImageRGBD(): 10.4888ms
Frame 1258 end
Average processing time of GrabImageRGBD(): 10.5059ms
Frame 1259 end
Average processing time of GrabImageRGBD(): 10.5058ms
Frame 1260 end
Average processing time of GrabImageRGBD(): 10.5049ms
Frame 1261 end
Average processing time of GrabImageRGBD(): 10.5ms
Frame 1262 end
Average processing time of GrabImageRGBD(): 10.4946ms
Frame 1263 end
Average processing time of GrabImageRGBD(): 10.4924ms
Frame 1264 end
Average processing time of GrabImageRGBD(): 10.5074ms
Frame 1265 end
Average processing time of GrabImageRGBD(): 10.5027ms
Frame 1266 end
Average processing time of GrabImageRGBD(): 10.4992ms
Frame 1267 end
Average processing time of GrabImageRGBD(): 10.498ms
Frame 1268 end
Average processing time of GrabImageRGBD(): 10.4989ms
Frame 1269 end
Average processing time of GrabImageRGBD(): 10.4932ms
Frame 1270 end
Average processing time of GrabImageRGBD(): 10.5084ms
Frame 1271 end
Average processing time of GrabImageRGBD(): 10.5099ms
Frame 1272 end
Average processing time of GrabImageRGBD(): 10.506ms
Frame 1273 end
Average processing time of GrabImageRGBD(): 10.5025ms
Frame 1274 end
Average processing time of GrabImageRGBD(): 10.502ms
Frame 1275 end
Average processing time of GrabImageRGBD(): 10.4962ms
Frame 1276 end
Average processing time of GrabImageRGBD(): 10.512ms
Frame 1277 end
Average processing time of GrabImageRGBD(): 10.5116ms
Frame 1278 end
Average processing time of GrabImageRGBD(): 10.5065ms
Frame 1279 end
Average processing time of GrabImageRGBD(): 10.5028ms
Frame 1280 end
Average processing time of GrabImageRGBD(): 10.5005ms
Frame 1281 end
Average processing time of GrabImageRGBD(): 10.497ms
Frame 1282 end
Average processing time of GrabImageRGBD(): 10.5119ms
Frame 1283 end
Average processing time of GrabImageRGBD(): 10.508ms
Frame 1284 end
Average processing time of GrabImageRGBD(): 10.5044ms
Frame 1285 end
Average processing time of GrabImageRGBD(): 10.5064ms
Frame 1286 end
Average processing time of GrabImageRGBD(): 10.5081ms
Frame 1287 end
Average processing time of GrabImageRGBD(): 10.5087ms
Frame 1288 end
Average processing time of GrabImageRGBD(): 10.5079ms
Frame 1289 end
Average processing time of GrabImageRGBD(): 10.5068ms
Frame 1290 end
Average processing time of GrabImageRGBD(): 10.5037ms
Frame 1291 end
Average processing time of GrabImageRGBD(): 10.5023ms
Frame 1292 end
Average processing time of GrabImageRGBD(): 10.4968ms
Frame 1293 end
Average processing time of GrabImageRGBD(): 10.514ms
Frame 1294 end
Average processing time of GrabImageRGBD(): 10.5109ms
Frame 1295 end
Average processing time of GrabImageRGBD(): 10.5092ms
Frame 1296 end
Average processing time of GrabImageRGBD(): 10.5063ms
Frame 1297 end
Average processing time of GrabImageRGBD(): 10.5011ms
Frame 1298 end
Average processing time of GrabImageRGBD(): 10.4991ms
Frame 1299 end
Average processing time of GrabImageRGBD(): 10.495ms
Frame 1300 end
Average processing time of GrabImageRGBD(): 10.4893ms
Frame 1301 end
Average processing time of GrabImageRGBD(): 10.4841ms
Frame 1302 end
Average processing time of GrabImageRGBD(): 10.4795ms
Frame 1303 end
Average processing time of GrabImageRGBD(): 10.4741ms
Frame 1304 end
Average processing time of GrabImageRGBD(): 10.4721ms
Frame 1305 end
Average processing time of GrabImageRGBD(): 10.4702ms
Frame 1306 end
Average processing time of GrabImageRGBD(): 10.4853ms
Frame 1307 end
Average processing time of GrabImageRGBD(): 10.4819ms
Frame 1308 end
Average processing time of GrabImageRGBD(): 10.4813ms
Frame 1309 end
Average processing time of GrabImageRGBD(): 10.48ms
Frame 1310 end
Average processing time of GrabImageRGBD(): 10.4746ms
Frame 1311 end
Average processing time of GrabImageRGBD(): 10.4907ms
Frame 1312 end
Average processing time of GrabImageRGBD(): 10.4857ms
Frame 1313 end
Average processing time of GrabImageRGBD(): 10.5031ms
Frame 1314 end
Average processing time of GrabImageRGBD(): 10.5199ms
Frame 1315 end
Average processing time of GrabImageRGBD(): 10.5184ms
Frame 1316 end
Average processing time of GrabImageRGBD(): 10.5152ms
Frame 1317 end
Average processing time of GrabImageRGBD(): 10.5116ms
Frame 1318 end
Average processing time of GrabImageRGBD(): 10.5083ms
Frame 1319 end
Average processing time of GrabImageRGBD(): 10.5028ms
Frame 1320 end
Average processing time of GrabImageRGBD(): 10.5163ms
Frame 1321 end
Average processing time of GrabImageRGBD(): 10.5151ms
Frame 1322 end
Average processing time of GrabImageRGBD(): 10.5095ms
Frame 1323 end
Average processing time of GrabImageRGBD(): 10.5062ms
Frame 1324 end
Average processing time of GrabImageRGBD(): 10.5005ms
Frame 1325 end
Average processing time of GrabImageRGBD(): 10.515ms
Frame 1326 end
Average processing time of GrabImageRGBD(): 10.5099ms
Frame 1327 end
Average processing time of GrabImageRGBD(): 10.5064ms
Frame 1328 end
Average processing time of GrabImageRGBD(): 10.503ms
Frame 1329 end
Average processing time of GrabImageRGBD(): 10.5027ms
Frame 1330 end
Average processing time of GrabImageRGBD(): 10.5199ms
Frame 1331 end
Average processing time of GrabImageRGBD(): 10.5207ms
Frame 1332 end
Average processing time of GrabImageRGBD(): 10.5194ms
Frame 1333 end
Average processing time of GrabImageRGBD(): 10.5166ms
Frame 1334 end
Average processing time of GrabImageRGBD(): 10.5117ms
Frame 1335 end
Average processing time of GrabImageRGBD(): 10.5064ms
Frame 1336 end
Average processing time of GrabImageRGBD(): 10.5208ms
Frame 1337 end
Average processing time of GrabImageRGBD(): 10.5203ms
Frame 1338 end
Average processing time of GrabImageRGBD(): 10.5154ms
Frame 1339 end
Average processing time of GrabImageRGBD(): 10.5156ms
Frame 1340 end
Average processing time of GrabImageRGBD(): 10.5105ms
Frame 1341 end
Average processing time of GrabImageRGBD(): 10.5318ms
Frame 1342 end
Average processing time of GrabImageRGBD(): 10.5317ms
Frame 1343 end
Average processing time of GrabImageRGBD(): 10.5265ms
Frame 1344 end
Average processing time of GrabImageRGBD(): 10.5259ms
Frame 1345 end
Average processing time of GrabImageRGBD(): 10.5229ms
Frame 1346 end
Average processing time of GrabImageRGBD(): 10.5382ms
Frame 1347 end
Average processing time of GrabImageRGBD(): 10.5376ms
Frame 1348 end
Average processing time of GrabImageRGBD(): 10.5325ms
Frame 1349 end
Average processing time of GrabImageRGBD(): 10.5314ms
Frame 1350 end
Average processing time of GrabImageRGBD(): 10.5317ms
Frame 1351 end
Average processing time of GrabImageRGBD(): 10.552ms
Frame 1352 end
Average processing time of GrabImageRGBD(): 10.5522ms
Frame 1353 end
Average processing time of GrabImageRGBD(): 10.5516ms
Frame 1354 end
Average processing time of GrabImageRGBD(): 10.5477ms
Frame 1355 end
Average processing time of GrabImageRGBD(): 10.5426ms
Frame 1356 end
Average processing time of GrabImageRGBD(): 10.5428ms
Frame 1357 end
Average processing time of GrabImageRGBD(): 10.561ms
Frame 1358 end
Average processing time of GrabImageRGBD(): 10.5582ms
Frame 1359 end
Average processing time of GrabImageRGBD(): 10.5586ms
Frame 1360 end
Average processing time of GrabImageRGBD(): 10.5556ms
Frame 1361 end
Average processing time of GrabImageRGBD(): 10.554ms
Frame 1362 end
Average processing time of GrabImageRGBD(): 10.5685ms
Frame 1363 end
Average processing time of GrabImageRGBD(): 10.5683ms
Frame 1364 end
Average processing time of GrabImageRGBD(): 10.5644ms
Frame 1365 end
Average processing time of GrabImageRGBD(): 10.5623ms
Frame 1366 end
Average processing time of GrabImageRGBD(): 10.5573ms
Frame 1367 end
Average processing time of GrabImageRGBD(): 10.552ms
Frame 1368 end
Average processing time of GrabImageRGBD(): 10.5662ms
Frame 1369 end
Average processing time of GrabImageRGBD(): 10.5648ms
Frame 1370 end
Average processing time of GrabImageRGBD(): 10.5617ms
Frame 1371 end
Average processing time of GrabImageRGBD(): 10.5592ms
Frame 1372 end
Average processing time of GrabImageRGBD(): 10.5554ms
Frame 1373 end
Average processing time of GrabImageRGBD(): 10.5502ms
Frame 1374 end
Average processing time of GrabImageRGBD(): 10.5473ms
Frame 1375 end
Average processing time of GrabImageRGBD(): 10.56ms
Frame 1376 end
Average processing time of GrabImageRGBD(): 10.5582ms
Frame 1377 end
Average processing time of GrabImageRGBD(): 10.5558ms
Frame 1378 end
Average processing time of GrabImageRGBD(): 10.5509ms
Frame 1379 end
Average processing time of GrabImageRGBD(): 10.5474ms
Frame 1380 end
Average processing time of GrabImageRGBD(): 10.5443ms
Frame 1381 end
Average processing time of GrabImageRGBD(): 10.5649ms
Frame 1382 end
Average processing time of GrabImageRGBD(): 10.5604ms
Frame 1383 end
Average processing time of GrabImageRGBD(): 10.5578ms
Frame 1384 end
Average processing time of GrabImageRGBD(): 10.5554ms
Frame 1385 end
Average processing time of GrabImageRGBD(): 10.5522ms
Frame 1386 end
Average processing time of GrabImageRGBD(): 10.5488ms
Frame 1387 end
Average processing time of GrabImageRGBD(): 10.5648ms
Frame 1388 end
Average processing time of GrabImageRGBD(): 10.5606ms
Frame 1389 end
Average processing time of GrabImageRGBD(): 10.5611ms
Frame 1390 end
Average processing time of GrabImageRGBD(): 10.5597ms
Frame 1391 end
Average processing time of GrabImageRGBD(): 10.5588ms
Frame 1392 end
Average processing time of GrabImageRGBD(): 10.5591ms
Frame 1393 end
Average processing time of GrabImageRGBD(): 10.5748ms
Frame 1394 end
Average processing time of GrabImageRGBD(): 10.5745ms
Frame 1395 end
Average processing time of GrabImageRGBD(): 10.5724ms
Frame 1396 end
Average processing time of GrabImageRGBD(): 10.5711ms
Frame 1397 end
Average processing time of GrabImageRGBD(): 10.5664ms
Frame 1398 end
Average processing time of GrabImageRGBD(): 10.5652ms
Frame 1399 end
Average processing time of GrabImageRGBD(): 10.5788ms
Frame 1400 end
Average processing time of GrabImageRGBD(): 10.5791ms
Frame 1401 end
Average processing time of GrabImageRGBD(): 10.5788ms
Frame 1402 end
Average processing time of GrabImageRGBD(): 10.5741ms
Frame 1403 end
Average processing time of GrabImageRGBD(): 10.5693ms
Frame 1404 end
Average processing time of GrabImageRGBD(): 10.5685ms
Frame 1405 end
Average processing time of GrabImageRGBD(): 10.5643ms
Frame 1406 end
Average processing time of GrabImageRGBD(): 10.5783ms
Frame 1407 end
Average processing time of GrabImageRGBD(): 10.5742ms
Frame 1408 end
Average processing time of GrabImageRGBD(): 10.5692ms
Frame 1409 end
Average processing time of GrabImageRGBD(): 10.5646ms
Frame 1410 end
Average processing time of GrabImageRGBD(): 10.5622ms
Frame 1411 end
Average processing time of GrabImageRGBD(): 10.5587ms
Frame 1412 end
Average processing time of GrabImageRGBD(): 10.5724ms
Frame 1413 end
Average processing time of GrabImageRGBD(): 10.5712ms
Frame 1414 end
Average processing time of GrabImageRGBD(): 10.5667ms
Frame 1415 end
Average processing time of GrabImageRGBD(): 10.5643ms
Frame 1416 end
Average processing time of GrabImageRGBD(): 10.5597ms
Frame 1417 end
Average processing time of GrabImageRGBD(): 10.5746ms
Frame 1418 end
Average processing time of GrabImageRGBD(): 10.5703ms
Frame 1419 end
Average processing time of GrabImageRGBD(): 10.5677ms
Frame 1420 end
Average processing time of GrabImageRGBD(): 10.5652ms
Frame 1421 end
Average processing time of GrabImageRGBD(): 10.5634ms
Frame 1422 end
Average processing time of GrabImageRGBD(): 10.5773ms
Frame 1423 end
Average processing time of GrabImageRGBD(): 10.5739ms
Frame 1424 end
Average processing time of GrabImageRGBD(): 10.573ms
Frame 1425 end
Average processing time of GrabImageRGBD(): 10.5703ms
Frame 1426 end
Average processing time of GrabImageRGBD(): 10.5693ms
Frame 1427 end
Average processing time of GrabImageRGBD(): 10.5677ms
Frame 1428 end
Average processing time of GrabImageRGBD(): 10.5662ms
Frame 1429 end
Average processing time of GrabImageRGBD(): 10.5657ms
Frame 1430 end
Average processing time of GrabImageRGBD(): 10.5641ms
Frame 1431 end
Average processing time of GrabImageRGBD(): 10.5803ms
Frame 1432 end
Average processing time of GrabImageRGBD(): 10.576ms
Frame 1433 end
Average processing time of GrabImageRGBD(): 10.5748ms
Frame 1434 end
Average processing time of GrabImageRGBD(): 10.5715ms
Frame 1435 end
Average processing time of GrabImageRGBD(): 10.5665ms
Frame 1436 end
Average processing time of GrabImageRGBD(): 10.5646ms
Frame 1437 end
Average processing time of GrabImageRGBD(): 10.5779ms
Frame 1438 end
Average processing time of GrabImageRGBD(): 10.5781ms
Frame 1439 end
Average processing time of GrabImageRGBD(): 10.5751ms
Frame 1440 end
Average processing time of GrabImageRGBD(): 10.5746ms
Frame 1441 end
Average processing time of GrabImageRGBD(): 10.5737ms
Frame 1442 end
Average processing time of GrabImageRGBD(): 10.5898ms
Frame 1443 end
Average processing time of GrabImageRGBD(): 10.5895ms
Frame 1444 end
Average processing time of GrabImageRGBD(): 10.5881ms
Frame 1445 end
Average processing time of GrabImageRGBD(): 10.5832ms
Frame 1446 end
Average processing time of GrabImageRGBD(): 10.5816ms
Frame 1447 end
Average processing time of GrabImageRGBD(): 10.577ms
Frame 1448 end
Average processing time of GrabImageRGBD(): 10.5918ms
Frame 1449 end
Average processing time of GrabImageRGBD(): 10.5877ms
Frame 1450 end
Average processing time of GrabImageRGBD(): 10.5831ms
Frame 1451 end
Average processing time of GrabImageRGBD(): 10.5821ms
Frame 1452 end
Average processing time of GrabImageRGBD(): 10.5809ms
Frame 1453 end
Average processing time of GrabImageRGBD(): 10.5757ms
Frame 1454 end
Average processing time of GrabImageRGBD(): 10.5895ms
Frame 1455 end
Average processing time of GrabImageRGBD(): 10.5894ms
Frame 1456 end
Average processing time of GrabImageRGBD(): 10.5856ms
Frame 1457 end
Average processing time of GrabImageRGBD(): 10.5812ms
Frame 1458 end
Average processing time of GrabImageRGBD(): 10.577ms
Frame 1459 end
Average processing time of GrabImageRGBD(): 10.5743ms
Frame 1460 end
Average processing time of GrabImageRGBD(): 10.593ms
Frame 1461 end
Average processing time of GrabImageRGBD(): 10.59ms
Frame 1462 end
Average processing time of GrabImageRGBD(): 10.5881ms
Frame 1463 end
Average processing time of GrabImageRGBD(): 10.5868ms
Frame 1464 end
Average processing time of GrabImageRGBD(): 10.5841ms
Frame 1465 end
Average processing time of GrabImageRGBD(): 10.5815ms
Frame 1466 end
Average processing time of GrabImageRGBD(): 10.5946ms
Frame 1467 end
Average processing time of GrabImageRGBD(): 10.5946ms
Frame 1468 end
Average processing time of GrabImageRGBD(): 10.5898ms
Frame 1469 end
Average processing time of GrabImageRGBD(): 10.5861ms
Frame 1470 end
Average processing time of GrabImageRGBD(): 10.582ms
Frame 1471 end
Average processing time of GrabImageRGBD(): 10.5793ms
Frame 1472 end
Average processing time of GrabImageRGBD(): 10.5934ms
Frame 1473 end
Average processing time of GrabImageRGBD(): 10.5912ms
Frame 1474 end
Average processing time of GrabImageRGBD(): 10.5892ms
Frame 1475 end
Average processing time of GrabImageRGBD(): 10.5879ms
Frame 1476 end
Average processing time of GrabImageRGBD(): 10.583ms
Frame 1477 end
Average processing time of GrabImageRGBD(): 10.581ms
Frame 1478 end
Average processing time of GrabImageRGBD(): 10.5758ms
Frame 1479 end
Average processing time of GrabImageRGBD(): 10.5737ms
Frame 1480 end
Average processing time of GrabImageRGBD(): 10.5882ms
Frame 1481 end
Average processing time of GrabImageRGBD(): 10.5886ms
Frame 1482 end
Average processing time of GrabImageRGBD(): 10.5891ms
Frame 1483 end
Average processing time of GrabImageRGBD(): 10.5846ms
Frame 1484 end
Average processing time of GrabImageRGBD(): 10.5822ms
Frame 1485 end
Average processing time of GrabImageRGBD(): 10.5778ms
Frame 1486 end
Average processing time of GrabImageRGBD(): 10.575ms
Frame 1487 end
Average processing time of GrabImageRGBD(): 10.594ms
Frame 1488 end
Average processing time of GrabImageRGBD(): 10.593ms
Frame 1489 end
Average processing time of GrabImageRGBD(): 10.5881ms
Frame 1490 end
Average processing time of GrabImageRGBD(): 10.5862ms
Frame 1491 end
Average processing time of GrabImageRGBD(): 10.5815ms
Frame 1492 end
Average processing time of GrabImageRGBD(): 10.5767ms
Frame 1493 end
Average processing time of GrabImageRGBD(): 10.5719ms
Frame 1494 end
Average processing time of GrabImageRGBD(): 10.5874ms
Frame 1495 end
Average processing time of GrabImageRGBD(): 10.5869ms
Frame 1496 end
Average processing time of GrabImageRGBD(): 10.5823ms
Frame 1497 end
Average processing time of GrabImageRGBD(): 10.5803ms
Frame 1498 end
Average processing time of GrabImageRGBD(): 10.5779ms
Frame 1499 end
Average processing time of GrabImageRGBD(): 10.5729ms
Frame 1500 end
Average processing time of GrabImageRGBD(): 10.5861ms
Frame 1501 end
Average processing time of GrabImageRGBD(): 10.5821ms
Frame 1502 end
Average processing time of GrabImageRGBD(): 10.5788ms
Frame 1503 end
Average processing time of GrabImageRGBD(): 10.5771ms
Frame 1504 end
Average processing time of GrabImageRGBD(): 10.5741ms
Frame 1505 end
Average processing time of GrabImageRGBD(): 10.5702ms
Frame 1506 end
Average processing time of GrabImageRGBD(): 10.584ms
Frame 1507 end
Average processing time of GrabImageRGBD(): 10.5833ms
Frame 1508 end
Average processing time of GrabImageRGBD(): 10.5786ms
Frame 1509 end
Average processing time of GrabImageRGBD(): 10.5762ms
Frame 1510 end
Average processing time of GrabImageRGBD(): 10.5716ms
Frame 1511 end
Average processing time of GrabImageRGBD(): 10.5867ms
Frame 1512 end
Average processing time of GrabImageRGBD(): 10.5855ms
Frame 1513 end
Average processing time of GrabImageRGBD(): 10.586ms
Frame 1514 end
Average processing time of GrabImageRGBD(): 10.5842ms
Frame 1515 end
Average processing time of GrabImageRGBD(): 10.5817ms
Frame 1516 end
Average processing time of GrabImageRGBD(): 10.5934ms
Frame 1517 end
Average processing time of GrabImageRGBD(): 10.5906ms
Frame 1518 end
Average processing time of GrabImageRGBD(): 10.5868ms
Frame 1519 end
Average processing time of GrabImageRGBD(): 10.5872ms
Frame 1520 end
Average processing time of GrabImageRGBD(): 10.5838ms
Frame 1521 end
Average processing time of GrabImageRGBD(): 10.5822ms
Frame 1522 end
Average processing time of GrabImageRGBD(): 10.5964ms
Frame 1523 end
Average processing time of GrabImageRGBD(): 10.5924ms
Frame 1524 end
Average processing time of GrabImageRGBD(): 10.59ms
Frame 1525 end
Average processing time of GrabImageRGBD(): 10.5858ms
Frame 1526 end
Average processing time of GrabImageRGBD(): 10.5847ms
Frame 1527 end
Average processing time of GrabImageRGBD(): 10.5811ms
Frame 1528 end
Average processing time of GrabImageRGBD(): 10.5949ms
Frame 1529 end
Average processing time of GrabImageRGBD(): 10.595ms
Frame 1530 end
Average processing time of GrabImageRGBD(): 10.5928ms
Frame 1531 end
Average processing time of GrabImageRGBD(): 10.5912ms
Frame 1532 end
Average processing time of GrabImageRGBD(): 10.59ms
Frame 1533 end
Average processing time of GrabImageRGBD(): 10.5867ms
Frame 1534 end
Average processing time of GrabImageRGBD(): 10.5829ms
Frame 1535 end
Average processing time of GrabImageRGBD(): 10.5818ms
Frame 1536 end
Average processing time of GrabImageRGBD(): 10.5802ms
Frame 1537 end
Average processing time of GrabImageRGBD(): 10.5769ms
Frame 1538 end
Average processing time of GrabImageRGBD(): 10.5895ms
Frame 1539 end
Average processing time of GrabImageRGBD(): 10.5889ms
Frame 1540 end
Average processing time of GrabImageRGBD(): 10.5844ms
Frame 1541 end
Average processing time of GrabImageRGBD(): 10.5799ms
Frame 1542 end
Average processing time of GrabImageRGBD(): 10.5754ms
Frame 1543 end
Average processing time of GrabImageRGBD(): 10.5735ms
Frame 1544 end
Average processing time of GrabImageRGBD(): 10.5719ms
Frame 1545 end
Average processing time of GrabImageRGBD(): 10.569ms
Frame 1546 end
Average processing time of GrabImageRGBD(): 10.5643ms
Frame 1547 end
Average processing time of GrabImageRGBD(): 10.5777ms
Frame 1548 end
Average processing time of GrabImageRGBD(): 10.5779ms
Frame 1549 end
Average processing time of GrabImageRGBD(): 10.5774ms
Frame 1550 end
Average processing time of GrabImageRGBD(): 10.5773ms
Frame 1551 end
Average processing time of GrabImageRGBD(): 10.5789ms
Frame 1552 end
Average processing time of GrabImageRGBD(): 10.5769ms
Frame 1553 end
Average processing time of GrabImageRGBD(): 10.5739ms
Frame 1554 end
Average processing time of GrabImageRGBD(): 10.5704ms
Frame 1555 end
Average processing time of GrabImageRGBD(): 10.585ms
Frame 1556 end
Average processing time of GrabImageRGBD(): 10.583ms
Frame 1557 end
Average processing time of GrabImageRGBD(): 10.5821ms
Frame 1558 end
Average processing time of GrabImageRGBD(): 10.5773ms
Frame 1559 end
Average processing time of GrabImageRGBD(): 10.5732ms
Frame 1560 end
Average processing time of GrabImageRGBD(): 10.5879ms
Frame 1561 end
Average processing time of GrabImageRGBD(): 10.5858ms
Frame 1562 end
Average processing time of GrabImageRGBD(): 10.5855ms
Frame 1563 end
Average processing time of GrabImageRGBD(): 10.581ms
Frame 1564 end
Average processing time of GrabImageRGBD(): 10.5796ms
Frame 1565 end
Average processing time of GrabImageRGBD(): 10.5983ms
Frame 1566 end
Average processing time of GrabImageRGBD(): 10.598ms
Frame 1567 end
Average processing time of GrabImageRGBD(): 10.5958ms
Frame 1568 end
Average processing time of GrabImageRGBD(): 10.5924ms
Frame 1569 end
Average processing time of GrabImageRGBD(): 10.5889ms
Frame 1570 end
Average processing time of GrabImageRGBD(): 10.5857ms
Frame 1571 end
Average processing time of GrabImageRGBD(): 10.5845ms
Frame 1572 end
Average processing time of GrabImageRGBD(): 10.5835ms
Frame 1573 end
Average processing time of GrabImageRGBD(): 10.5809ms
Frame 1574 end
Average processing time of GrabImageRGBD(): 10.5953ms
Frame 1575 end
Average processing time of GrabImageRGBD(): 10.5941ms
Frame 1576 end
Average processing time of GrabImageRGBD(): 10.5898ms
Frame 1577 end
Average processing time of GrabImageRGBD(): 10.5854ms
Frame 1578 end
Average processing time of GrabImageRGBD(): 10.5851ms
Frame 1579 end
Average processing time of GrabImageRGBD(): 10.5991ms
Frame 1580 end
Average processing time of GrabImageRGBD(): 10.5952ms
Frame 1581 end
Average processing time of GrabImageRGBD(): 10.5908ms
Frame 1582 end
Average processing time of GrabImageRGBD(): 10.5898ms
Frame 1583 end
Average processing time of GrabImageRGBD(): 10.6061ms
Frame 1584 end
Average processing time of GrabImageRGBD(): 10.6062ms
Frame 1585 end
Average processing time of GrabImageRGBD(): 10.6033ms
Frame 1586 end
Average processing time of GrabImageRGBD(): 10.6026ms
Frame 1587 end
Average processing time of GrabImageRGBD(): 10.6018ms
Frame 1588 end
Average processing time of GrabImageRGBD(): 10.5975ms
Frame 1589 end
Average processing time of GrabImageRGBD(): 10.6116ms
Frame 1590 end
Average processing time of GrabImageRGBD(): 10.6114ms
Frame 1591 end
Average processing time of GrabImageRGBD(): 10.6108ms
Frame 1592 end
Average processing time of GrabImageRGBD(): 10.6066ms
Frame 1593 end
Average processing time of GrabImageRGBD(): 10.6044ms
Frame 1594 end
Average processing time of GrabImageRGBD(): 10.6033ms
Frame 1595 end
Average processing time of GrabImageRGBD(): 10.6024ms
Frame 1596 end
Average processing time of GrabImageRGBD(): 10.6156ms
Frame 1597 end
Average processing time of GrabImageRGBD(): 10.612ms
Frame 1598 end
Average processing time of GrabImageRGBD(): 10.6123ms
Frame 1599 end
Average processing time of GrabImageRGBD(): 10.6086ms
Frame 1600 end
Average processing time of GrabImageRGBD(): 10.6041ms
Frame 1601 end
Average processing time of GrabImageRGBD(): 10.6151ms
Frame 1602 end
Average processing time of GrabImageRGBD(): 10.6137ms
Frame 1603 end
Average processing time of GrabImageRGBD(): 10.6115ms
Frame 1604 end
Average processing time of GrabImageRGBD(): 10.6072ms
Frame 1605 end
Average processing time of GrabImageRGBD(): 10.6071ms
Frame 1606 end
Average processing time of GrabImageRGBD(): 10.6062ms
Frame 1607 end
Average processing time of GrabImageRGBD(): 10.6039ms
Frame 1608 end
Average processing time of GrabImageRGBD(): 10.5997ms
Frame 1609 end
Average processing time of GrabImageRGBD(): 10.5998ms
Frame 1610 end
Average processing time of GrabImageRGBD(): 10.5993ms
Frame 1611 end
Average processing time of GrabImageRGBD(): 10.595ms
Frame 1612 end
Average processing time of GrabImageRGBD(): 10.6091ms
Frame 1613 end
Average processing time of GrabImageRGBD(): 10.6069ms
Frame 1614 end
Average processing time of GrabImageRGBD(): 10.6035ms
Frame 1615 end
Average processing time of GrabImageRGBD(): 10.5994ms
Frame 1616 end
Average processing time of GrabImageRGBD(): 10.595ms
Frame 1617 end
Average processing time of GrabImageRGBD(): 10.6069ms
Frame 1618 end
Average processing time of GrabImageRGBD(): 10.6064ms
Frame 1619 end
Average processing time of GrabImageRGBD(): 10.6058ms
Frame 1620 end
Average processing time of GrabImageRGBD(): 10.6031ms
Frame 1621 end
Average processing time of GrabImageRGBD(): 10.5996ms
Frame 1622 end
Average processing time of GrabImageRGBD(): 10.5974ms
Frame 1623 end
Average processing time of GrabImageRGBD(): 10.5957ms
Frame 1624 end
Average processing time of GrabImageRGBD(): 10.6082ms
Frame 1625 end
Average processing time of GrabImageRGBD(): 10.6048ms
Frame 1626 end
Average processing time of GrabImageRGBD(): 10.6019ms
Frame 1627 end
Average processing time of GrabImageRGBD(): 10.5993ms
Frame 1628 end
Average processing time of GrabImageRGBD(): 10.5974ms
Frame 1629 end
Average processing time of GrabImageRGBD(): 10.6091ms
Frame 1630 end
Average processing time of GrabImageRGBD(): 10.6093ms
Frame 1631 end
Average processing time of GrabImageRGBD(): 10.6053ms
Frame 1632 end
Average processing time of GrabImageRGBD(): 10.6015ms
Frame 1633 end
Average processing time of GrabImageRGBD(): 10.6ms
Frame 1634 end
Average processing time of GrabImageRGBD(): 10.6171ms
Frame 1635 end
Average processing time of GrabImageRGBD(): 10.6134ms
Frame 1636 end
Average processing time of GrabImageRGBD(): 10.6103ms
Frame 1637 end
Average processing time of GrabImageRGBD(): 10.6089ms
Frame 1638 end
Average processing time of GrabImageRGBD(): 10.6073ms
Frame 1639 end
Average processing time of GrabImageRGBD(): 10.62ms
Frame 1640 end
Average processing time of GrabImageRGBD(): 10.6205ms
Frame 1641 end
Average processing time of GrabImageRGBD(): 10.6164ms
Frame 1642 end
Average processing time of GrabImageRGBD(): 10.6159ms
Frame 1643 end
Average processing time of GrabImageRGBD(): 10.6163ms
Frame 1644 end
Average processing time of GrabImageRGBD(): 10.6121ms
Frame 1645 end
Average processing time of GrabImageRGBD(): 10.6081ms
Frame 1646 end
Average processing time of GrabImageRGBD(): 10.6251ms
Frame 1647 end
Average processing time of GrabImageRGBD(): 10.6243ms
Frame 1648 end
Average processing time of GrabImageRGBD(): 10.6225ms
Frame 1649 end
Average processing time of GrabImageRGBD(): 10.6185ms
Frame 1650 end
Average processing time of GrabImageRGBD(): 10.631ms
Frame 1651 end
Average processing time of GrabImageRGBD(): 10.6275ms
Frame 1652 end
Average processing time of GrabImageRGBD(): 10.6248ms
Frame 1653 end
Average processing time of GrabImageRGBD(): 10.6242ms
Frame 1654 end
Average processing time of GrabImageRGBD(): 10.6223ms
Frame 1655 end
Average processing time of GrabImageRGBD(): 10.634ms
Frame 1656 end
Average processing time of GrabImageRGBD(): 10.6301ms
Frame 1657 end
Average processing time of GrabImageRGBD(): 10.6295ms
Frame 1658 end
Average processing time of GrabImageRGBD(): 10.6283ms
Frame 1659 end
Average processing time of GrabImageRGBD(): 10.6274ms
Frame 1660 end
Average processing time of GrabImageRGBD(): 10.6387ms
Frame 1661 end
Average processing time of GrabImageRGBD(): 10.6384ms
Frame 1662 end
Average processing time of GrabImageRGBD(): 10.6342ms
Frame 1663 end
Average processing time of GrabImageRGBD(): 10.6331ms
Frame 1664 end
Average processing time of GrabImageRGBD(): 10.6461ms
Frame 1665 end
Average processing time of GrabImageRGBD(): 10.6459ms
Frame 1666 end
Average processing time of GrabImageRGBD(): 10.6476ms
Frame 1667 end
Average processing time of GrabImageRGBD(): 10.6468ms
Frame 1668 end
Average processing time of GrabImageRGBD(): 10.6427ms
Frame 1669 end
Average processing time of GrabImageRGBD(): 10.6399ms
Frame 1670 end
Average processing time of GrabImageRGBD(): 10.6387ms
Frame 1671 end
Average processing time of GrabImageRGBD(): 10.6513ms
Frame 1672 end
Average processing time of GrabImageRGBD(): 10.6477ms
Frame 1673 end
Average processing time of GrabImageRGBD(): 10.6481ms
Frame 1674 end
Average processing time of GrabImageRGBD(): 10.6483ms
Frame 1675 end
Average processing time of GrabImageRGBD(): 10.645ms
Frame 1676 end
Average processing time of GrabImageRGBD(): 10.6406ms
Frame 1677 end
Average processing time of GrabImageRGBD(): 10.6556ms
Frame 1678 end
Average processing time of GrabImageRGBD(): 10.6556ms
Frame 1679 end
Average processing time of GrabImageRGBD(): 10.655ms
Frame 1680 end
Average processing time of GrabImageRGBD(): 10.6509ms
Frame 1681 end
Average processing time of GrabImageRGBD(): 10.6468ms
Frame 1682 end
Average processing time of GrabImageRGBD(): 10.6449ms
Frame 1683 end
Average processing time of GrabImageRGBD(): 10.6423ms
Frame 1684 end
Average processing time of GrabImageRGBD(): 10.6395ms
Frame 1685 end
Average processing time of GrabImageRGBD(): 10.6391ms
Frame 1686 end
Average processing time of GrabImageRGBD(): 10.6498ms
Frame 1687 end
Average processing time of GrabImageRGBD(): 10.6498ms
Frame 1688 end
Average processing time of GrabImageRGBD(): 10.6458ms
Frame 1689 end
Average processing time of GrabImageRGBD(): 10.6453ms
Frame 1690 end
Average processing time of GrabImageRGBD(): 10.6409ms
Frame 1691 end
Average processing time of GrabImageRGBD(): 10.6538ms
Frame 1692 end
Average processing time of GrabImageRGBD(): 10.6501ms
Frame 1693 end
Average processing time of GrabImageRGBD(): 10.6495ms
Frame 1694 end
Average processing time of GrabImageRGBD(): 10.6499ms
Frame 1695 end
Average processing time of GrabImageRGBD(): 10.6457ms
Frame 1696 end
Average processing time of GrabImageRGBD(): 10.6575ms
Frame 1697 end
Average processing time of GrabImageRGBD(): 10.6538ms
Frame 1698 end
Average processing time of GrabImageRGBD(): 10.6532ms
Frame 1699 end
Average processing time of GrabImageRGBD(): 10.6526ms
Frame 1700 end
Average processing time of GrabImageRGBD(): 10.6519ms
Frame 1701 end
Average processing time of GrabImageRGBD(): 10.665ms
Frame 1702 end
Average processing time of GrabImageRGBD(): 10.6632ms
Frame 1703 end
Average processing time of GrabImageRGBD(): 10.6632ms
Frame 1704 end
Average processing time of GrabImageRGBD(): 10.6593ms
Frame 1705 end
Average processing time of GrabImageRGBD(): 10.6573ms
Frame 1706 end
Average processing time of GrabImageRGBD(): 10.6565ms
Frame 1707 end
Average processing time of GrabImageRGBD(): 10.6522ms
Frame 1708 end
Average processing time of GrabImageRGBD(): 10.6515ms
Frame 1709 end
Average processing time of GrabImageRGBD(): 10.6474ms
Frame 1710 end
Average processing time of GrabImageRGBD(): 10.6461ms
Frame 1711 end
Average processing time of GrabImageRGBD(): 10.6419ms
Frame 1712 end
Average processing time of GrabImageRGBD(): 10.6403ms
Frame 1713 end
Average processing time of GrabImageRGBD(): 10.6509ms
Frame 1714 end
Average processing time of GrabImageRGBD(): 10.6472ms
Frame 1715 end
Average processing time of GrabImageRGBD(): 10.6467ms
Frame 1716 end
Average processing time of GrabImageRGBD(): 10.6433ms
Frame 1717 end
Average processing time of GrabImageRGBD(): 10.642ms
Frame 1718 end
Average processing time of GrabImageRGBD(): 10.6526ms
Frame 1719 end
Average processing time of GrabImageRGBD(): 10.6518ms
Frame 1720 end
Average processing time of GrabImageRGBD(): 10.6485ms
Frame 1721 end
Average processing time of GrabImageRGBD(): 10.6457ms
Frame 1722 end
Average processing time of GrabImageRGBD(): 10.6438ms
Frame 1723 end
Average processing time of GrabImageRGBD(): 10.6549ms
Frame 1724 end
Average processing time of GrabImageRGBD(): 10.6543ms
Frame 1725 end
Average processing time of GrabImageRGBD(): 10.6521ms
Frame 1726 end
Average processing time of GrabImageRGBD(): 10.6489ms
Frame 1727 end
Average processing time of GrabImageRGBD(): 10.6446ms
Frame 1728 end
Average processing time of GrabImageRGBD(): 10.662ms
Frame 1729 end
Average processing time of GrabImageRGBD(): 10.6624ms
Frame 1730 end
Average processing time of GrabImageRGBD(): 10.6604ms
Frame 1731 end
Average processing time of GrabImageRGBD(): 10.6587ms
Frame 1732 end
Average processing time of GrabImageRGBD(): 10.6572ms
Frame 1733 end
Average processing time of GrabImageRGBD(): 10.6539ms
Frame 1734 end
Average processing time of GrabImageRGBD(): 10.6719ms
Frame 1735 end
Average processing time of GrabImageRGBD(): 10.6721ms
Frame 1736 end
Average processing time of GrabImageRGBD(): 10.6736ms
Frame 1737 end
Average processing time of GrabImageRGBD(): 10.6698ms
Frame 1738 end
Average processing time of GrabImageRGBD(): 10.6682ms
Frame 1739 end
Average processing time of GrabImageRGBD(): 10.6654ms
Frame 1740 end
Average processing time of GrabImageRGBD(): 10.6654ms
Frame 1741 end
Average processing time of GrabImageRGBD(): 10.6641ms
Frame 1742 end
Average processing time of GrabImageRGBD(): 10.663ms
Frame 1743 end
Average processing time of GrabImageRGBD(): 10.6618ms
Frame 1744 end
Average processing time of GrabImageRGBD(): 10.6588ms
Frame 1745 end
Average processing time of GrabImageRGBD(): 10.6579ms
Frame 1746 end
Average processing time of GrabImageRGBD(): 10.6562ms
Frame 1747 end
Average processing time of GrabImageRGBD(): 10.6685ms
Frame 1748 end
Average processing time of GrabImageRGBD(): 10.668ms
Frame 1749 end
Average processing time of GrabImageRGBD(): 10.6639ms
Frame 1750 end
Average processing time of GrabImageRGBD(): 10.663ms
Frame 1751 end
Average processing time of GrabImageRGBD(): 10.659ms
Frame 1752 end
Average processing time of GrabImageRGBD(): 10.6576ms
Frame 1753 end
Average processing time of GrabImageRGBD(): 10.668ms
Frame 1754 end
Average processing time of GrabImageRGBD(): 10.6678ms
Frame 1755 end
Average processing time of GrabImageRGBD(): 10.664ms
Frame 1756 end
Average processing time of GrabImageRGBD(): 10.6614ms
Frame 1757 end
Average processing time of GrabImageRGBD(): 10.6619ms
Frame 1758 end
Average processing time of GrabImageRGBD(): 10.6604ms
Frame 1759 end
Average processing time of GrabImageRGBD(): 10.6562ms
Frame 1760 end
Average processing time of GrabImageRGBD(): 10.6684ms
Frame 1761 end
Average processing time of GrabImageRGBD(): 10.6662ms
Frame 1762 end
Average processing time of GrabImageRGBD(): 10.6661ms
Frame 1763 end
Average processing time of GrabImageRGBD(): 10.6622ms
Frame 1764 end
Average processing time of GrabImageRGBD(): 10.6591ms
Frame 1765 end
Average processing time of GrabImageRGBD(): 10.6719ms
Frame 1766 end
Average processing time of GrabImageRGBD(): 10.6688ms
Frame 1767 end
Average processing time of GrabImageRGBD(): 10.6648ms
Frame 1768 end
Average processing time of GrabImageRGBD(): 10.6627ms
Frame 1769 end
Average processing time of GrabImageRGBD(): 10.6586ms
Frame 1770 end
Average processing time of GrabImageRGBD(): 10.6693ms
Frame 1771 end
Average processing time of GrabImageRGBD(): 10.6663ms
Frame 1772 end
Average processing time of GrabImageRGBD(): 10.6662ms
Frame 1773 end
Average processing time of GrabImageRGBD(): 10.666ms
Frame 1774 end
Average processing time of GrabImageRGBD(): 10.665ms
Frame 1775 end
Average processing time of GrabImageRGBD(): 10.6769ms
Frame 1776 end
Average processing time of GrabImageRGBD(): 10.6765ms
Frame 1777 end
Average processing time of GrabImageRGBD(): 10.6728ms
Frame 1778 end
Average processing time of GrabImageRGBD(): 10.6718ms
Frame 1779 end
Average processing time of GrabImageRGBD(): 10.67ms
Frame 1780 end
Average processing time of GrabImageRGBD(): 10.681ms
Frame 1781 end
Average processing time of GrabImageRGBD(): 10.6807ms
Frame 1782 end
Average processing time of GrabImageRGBD(): 10.6797ms
Frame 1783 end
Average processing time of GrabImageRGBD(): 10.6758ms
Frame 1784 end
Average processing time of GrabImageRGBD(): 10.6731ms
Frame 1785 end
Average processing time of GrabImageRGBD(): 10.6851ms
Frame 1786 end
Average processing time of GrabImageRGBD(): 10.6824ms
Frame 1787 end
Average processing time of GrabImageRGBD(): 10.6805ms
Frame 1788 end
Average processing time of GrabImageRGBD(): 10.6767ms
Frame 1789 end
Average processing time of GrabImageRGBD(): 10.6746ms
Frame 1790 end
Average processing time of GrabImageRGBD(): 10.6846ms
Frame 1791 end
Average processing time of GrabImageRGBD(): 10.6838ms
Frame 1792 end
Average processing time of GrabImageRGBD(): 10.6823ms
Frame 1793 end
Average processing time of GrabImageRGBD(): 10.6809ms
Frame 1794 end
Average processing time of GrabImageRGBD(): 10.6792ms
Frame 1795 end
Average processing time of GrabImageRGBD(): 10.6918ms
Frame 1796 end
Average processing time of GrabImageRGBD(): 10.6881ms
Frame 1797 end
Average processing time of GrabImageRGBD(): 10.6867ms
Frame 1798 end
Average processing time of GrabImageRGBD(): 10.6849ms
Frame 1799 end
Average processing time of GrabImageRGBD(): 10.6807ms
Frame 1800 end
Average processing time of GrabImageRGBD(): 10.6916ms
Frame 1801 end
Average processing time of GrabImageRGBD(): 10.6882ms
Frame 1802 end
Average processing time of GrabImageRGBD(): 10.6845ms
Frame 1803 end
Average processing time of GrabImageRGBD(): 10.6835ms
Frame 1804 end
Average processing time of GrabImageRGBD(): 10.6807ms
Frame 1805 end
Average processing time of GrabImageRGBD(): 10.6774ms
Frame 1806 end
Average processing time of GrabImageRGBD(): 10.6761ms
Frame 1807 end
Average processing time of GrabImageRGBD(): 10.6737ms
Frame 1808 end
Average processing time of GrabImageRGBD(): 10.6694ms
Frame 1809 end
Average processing time of GrabImageRGBD(): 10.6796ms
Frame 1810 end
Average processing time of GrabImageRGBD(): 10.6761ms
Frame 1811 end
Average processing time of GrabImageRGBD(): 10.6747ms
Frame 1812 end
Average processing time of GrabImageRGBD(): 10.6708ms
Frame 1813 end
Average processing time of GrabImageRGBD(): 10.6694ms
Frame 1814 end
Average processing time of GrabImageRGBD(): 10.6679ms
Frame 1815 end
Average processing time of GrabImageRGBD(): 10.6664ms
Frame 1816 end
Average processing time of GrabImageRGBD(): 10.6646ms
Frame 1817 end
Average processing time of GrabImageRGBD(): 10.6758ms
Frame 1818 end
Average processing time of GrabImageRGBD(): 10.6752ms
Frame 1819 end
Average processing time of GrabImageRGBD(): 10.6713ms
Frame 1820 end
Average processing time of GrabImageRGBD(): 10.6684ms
Frame 1821 end
Average processing time of GrabImageRGBD(): 10.6643ms
Frame 1822 end
Average processing time of GrabImageRGBD(): 10.6621ms
Frame 1823 end
Average processing time of GrabImageRGBD(): 10.66ms
Frame 1824 end
Average processing time of GrabImageRGBD(): 10.6585ms
Frame 1825 end
Average processing time of GrabImageRGBD(): 10.6564ms
Frame 1826 end
Average processing time of GrabImageRGBD(): 10.667ms
Frame 1827 end
Average processing time of GrabImageRGBD(): 10.6648ms
Frame 1828 end
Average processing time of GrabImageRGBD(): 10.6611ms
Frame 1829 end
Average processing time of GrabImageRGBD(): 10.6595ms
Frame 1830 end
Average processing time of GrabImageRGBD(): 10.6573ms
Frame 1831 end
Average processing time of GrabImageRGBD(): 10.6534ms
Frame 1832 end
Average processing time of GrabImageRGBD(): 10.6522ms
Frame 1833 end
Average processing time of GrabImageRGBD(): 10.6481ms
Frame 1834 end
Average processing time of GrabImageRGBD(): 10.6594ms
Frame 1835 end
Average processing time of GrabImageRGBD(): 10.658ms
Frame 1836 end
Average processing time of GrabImageRGBD(): 10.6547ms
Frame 1837 end
Average processing time of GrabImageRGBD(): 10.6515ms
Frame 1838 end
Average processing time of GrabImageRGBD(): 10.6478ms
Frame 1839 end
Average processing time of GrabImageRGBD(): 10.6584ms
Frame 1840 end
Average processing time of GrabImageRGBD(): 10.6581ms
Frame 1841 end
Average processing time of GrabImageRGBD(): 10.6557ms
Frame 1842 end
Average processing time of GrabImageRGBD(): 10.656ms
Frame 1843 end
Average processing time of GrabImageRGBD(): 10.6531ms
Frame 1844 end
Average processing time of GrabImageRGBD(): 10.663ms
Frame 1845 end
Average processing time of GrabImageRGBD(): 10.6631ms
Frame 1846 end
Average processing time of GrabImageRGBD(): 10.663ms
Frame 1847 end
Average processing time of GrabImageRGBD(): 10.6626ms
Frame 1848 end
Average processing time of GrabImageRGBD(): 10.6621ms
Frame 1849 end
Average processing time of GrabImageRGBD(): 10.6583ms
Frame 1850 end
Average processing time of GrabImageRGBD(): 10.6545ms
Frame 1851 end
Average processing time of GrabImageRGBD(): 10.6538ms
Frame 1852 end
Average processing time of GrabImageRGBD(): 10.653ms
Frame 1853 end
Average processing time of GrabImageRGBD(): 10.6646ms
Frame 1854 end
Average processing time of GrabImageRGBD(): 10.6641ms
Frame 1855 end
Average processing time of GrabImageRGBD(): 10.6603ms
Frame 1856 end
Average processing time of GrabImageRGBD(): 10.6565ms
Frame 1857 end
Average processing time of GrabImageRGBD(): 10.6527ms
Frame 1858 end
Average processing time of GrabImageRGBD(): 10.6513ms
Frame 1859 end
Average processing time of GrabImageRGBD(): 10.6501ms
Frame 1860 end
Average processing time of GrabImageRGBD(): 10.6479ms
Frame 1861 end
Average processing time of GrabImageRGBD(): 10.6585ms
Frame 1862 end
Average processing time of GrabImageRGBD(): 10.6566ms
Frame 1863 end
Average processing time of GrabImageRGBD(): 10.6539ms
Frame 1864 end
Average processing time of GrabImageRGBD(): 10.6521ms
Frame 1865 end
Average processing time of GrabImageRGBD(): 10.651ms
Frame 1866 end
Average processing time of GrabImageRGBD(): 10.65ms
Frame 1867 end
Average processing time of GrabImageRGBD(): 10.6461ms
Frame 1868 end
Average processing time of GrabImageRGBD(): 10.6424ms
Frame 1869 end
Average processing time of GrabImageRGBD(): 10.6521ms
Frame 1870 end
Average processing time of GrabImageRGBD(): 10.6485ms
Frame 1871 end
Average processing time of GrabImageRGBD(): 10.645ms
Frame 1872 end
Average processing time of GrabImageRGBD(): 10.6414ms
Frame 1873 end
Average processing time of GrabImageRGBD(): 10.6386ms
Frame 1874 end
Average processing time of GrabImageRGBD(): 10.635ms
Frame 1875 end
Average processing time of GrabImageRGBD(): 10.6447ms
Frame 1876 end
Average processing time of GrabImageRGBD(): 10.6448ms
Frame 1877 end
Average processing time of GrabImageRGBD(): 10.6445ms
Frame 1878 end
Average processing time of GrabImageRGBD(): 10.6438ms
Frame 1879 end
Average processing time of GrabImageRGBD(): 10.6401ms
Frame 1880 end
Average processing time of GrabImageRGBD(): 10.6393ms
Frame 1881 end
Average processing time of GrabImageRGBD(): 10.6369ms
Frame 1882 end
Average processing time of GrabImageRGBD(): 10.6352ms
Frame 1883 end
Average processing time of GrabImageRGBD(): 10.6336ms
Frame 1884 end
Average processing time of GrabImageRGBD(): 10.6451ms
Frame 1885 end
Average processing time of GrabImageRGBD(): 10.6449ms
Frame 1886 end
Average processing time of GrabImageRGBD(): 10.644ms
Frame 1887 end
Average processing time of GrabImageRGBD(): 10.6428ms
Frame 1888 end
Average processing time of GrabImageRGBD(): 10.6537ms
Frame 1889 end
Average processing time of GrabImageRGBD(): 10.6534ms
Frame 1890 end
Average processing time of GrabImageRGBD(): 10.6521ms
Frame 1891 end
Average processing time of GrabImageRGBD(): 10.65ms
Frame 1892 end
Average processing time of GrabImageRGBD(): 10.6592ms
Frame 1893 end
Average processing time of GrabImageRGBD(): 10.6588ms
Frame 1894 end
Average processing time of GrabImageRGBD(): 10.6549ms
Frame 1895 end
Average processing time of GrabImageRGBD(): 10.6529ms
Frame 1896 end
Average processing time of GrabImageRGBD(): 10.6625ms
Frame 1897 end
Average processing time of GrabImageRGBD(): 10.6632ms
Frame 1898 end
Average processing time of GrabImageRGBD(): 10.6634ms
Frame 1899 end
Average processing time of GrabImageRGBD(): 10.6625ms
Frame 1900 end
Average processing time of GrabImageRGBD(): 10.6759ms
Frame 1901 end
Average processing time of GrabImageRGBD(): 10.6746ms
Frame 1902 end
Average processing time of GrabImageRGBD(): 10.6744ms
Frame 1903 end
Average processing time of GrabImageRGBD(): 10.6728ms
Frame 1904 end
Average processing time of GrabImageRGBD(): 10.6715ms
Frame 1905 end
Average processing time of GrabImageRGBD(): 10.6817ms
Frame 1906 end
Average processing time of GrabImageRGBD(): 10.6784ms
Frame 1907 end
Average processing time of GrabImageRGBD(): 10.6756ms
Frame 1908 end
Average processing time of GrabImageRGBD(): 10.6739ms
Frame 1909 end
Average processing time of GrabImageRGBD(): 10.6699ms
Frame 1910 end
Average processing time of GrabImageRGBD(): 10.6794ms
Frame 1911 end
Average processing time of GrabImageRGBD(): 10.6771ms
Frame 1912 end
Average processing time of GrabImageRGBD(): 10.6735ms
Frame 1913 end
Average processing time of GrabImageRGBD(): 10.6698ms
Frame 1914 end
Average processing time of GrabImageRGBD(): 10.6677ms
Frame 1915 end
Average processing time of GrabImageRGBD(): 10.6778ms
Frame 1916 end
Average processing time of GrabImageRGBD(): 10.6747ms
Frame 1917 end
Average processing time of GrabImageRGBD(): 10.6725ms
Frame 1918 end
Average processing time of GrabImageRGBD(): 10.6686ms
Frame 1919 end
Average processing time of GrabImageRGBD(): 10.6645ms
Frame 1920 end
Average processing time of GrabImageRGBD(): 10.6755ms
Frame 1921 end
Average processing time of GrabImageRGBD(): 10.676ms
Frame 1922 end
Average processing time of GrabImageRGBD(): 10.6752ms
Frame 1923 end
Average processing time of GrabImageRGBD(): 10.6744ms
Frame 1924 end
Average processing time of GrabImageRGBD(): 10.6715ms
Frame 1925 end
Average processing time of GrabImageRGBD(): 10.6678ms
Frame 1926 end
Average processing time of GrabImageRGBD(): 10.6793ms
Frame 1927 end
Average processing time of GrabImageRGBD(): 10.6788ms
Frame 1928 end
Average processing time of GrabImageRGBD(): 10.6763ms
Frame 1929 end
Average processing time of GrabImageRGBD(): 10.6748ms
Frame 1930 end
Average processing time of GrabImageRGBD(): 10.671ms
Frame 1931 end
Average processing time of GrabImageRGBD(): 10.681ms
Frame 1932 end
Average processing time of GrabImageRGBD(): 10.6817ms
Frame 1933 end
Average processing time of GrabImageRGBD(): 10.6817ms
Frame 1934 end
Average processing time of GrabImageRGBD(): 10.6802ms
Frame 1935 end
Average processing time of GrabImageRGBD(): 10.6768ms
Frame 1936 end
Average processing time of GrabImageRGBD(): 10.674ms
Frame 1937 end
Average processing time of GrabImageRGBD(): 10.6846ms
Frame 1938 end
Average processing time of GrabImageRGBD(): 10.6836ms
Frame 1939 end
Average processing time of GrabImageRGBD(): 10.6799ms
Frame 1940 end
Average processing time of GrabImageRGBD(): 10.6769ms
Frame 1941 end
Average processing time of GrabImageRGBD(): 10.6746ms
Frame 1942 end
Average processing time of GrabImageRGBD(): 10.6851ms
Frame 1943 end
Average processing time of GrabImageRGBD(): 10.6839ms
Frame 1944 end
Average processing time of GrabImageRGBD(): 10.6821ms
Frame 1945 end
Average processing time of GrabImageRGBD(): 10.6797ms
Frame 1946 end
Average processing time of GrabImageRGBD(): 10.677ms
Frame 1947 end
Average processing time of GrabImageRGBD(): 10.674ms
Frame 1948 end
Average processing time of GrabImageRGBD(): 10.6849ms
Frame 1949 end
Average processing time of GrabImageRGBD(): 10.6848ms
Frame 1950 end
Average processing time of GrabImageRGBD(): 10.6833ms
Frame 1951 end
Average processing time of GrabImageRGBD(): 10.6816ms
Frame 1952 end
Average processing time of GrabImageRGBD(): 10.6807ms
Frame 1953 end
Average processing time of GrabImageRGBD(): 10.6774ms
Frame 1954 end
Average processing time of GrabImageRGBD(): 10.6878ms
Frame 1955 end
Average processing time of GrabImageRGBD(): 10.6848ms
Frame 1956 end
Average processing time of GrabImageRGBD(): 10.6835ms
Frame 1957 end
Average processing time of GrabImageRGBD(): 10.6803ms
Frame 1958 end
Average processing time of GrabImageRGBD(): 10.6781ms
Frame 1959 end
Average processing time of GrabImageRGBD(): 10.6937ms
Frame 1960 end
Average processing time of GrabImageRGBD(): 10.6938ms
Frame 1961 end
Average processing time of GrabImageRGBD(): 10.6932ms
Frame 1962 end
Average processing time of GrabImageRGBD(): 10.6919ms
Frame 1963 end
Average processing time of GrabImageRGBD(): 10.6907ms
Frame 1964 end
Average processing time of GrabImageRGBD(): 10.6894ms
Frame 1965 end
Average processing time of GrabImageRGBD(): 10.6876ms
Frame 1966 end
Average processing time of GrabImageRGBD(): 10.6989ms
Frame 1967 end
Average processing time of GrabImageRGBD(): 10.6978ms
Frame 1968 end
Average processing time of GrabImageRGBD(): 10.6947ms
Frame 1969 end
Average processing time of GrabImageRGBD(): 10.6916ms
Frame 1970 end
Average processing time of GrabImageRGBD(): 10.688ms
Frame 1971 end
Average processing time of GrabImageRGBD(): 10.6843ms
Frame 1972 end
Average processing time of GrabImageRGBD(): 10.6807ms
Frame 1973 end
Average processing time of GrabImageRGBD(): 10.6901ms
Frame 1974 end
Average processing time of GrabImageRGBD(): 10.6905ms
Frame 1975 end
Average processing time of GrabImageRGBD(): 10.6899ms
Frame 1976 end
Average processing time of GrabImageRGBD(): 10.6889ms
Frame 1977 end
Average processing time of GrabImageRGBD(): 10.6858ms
Frame 1978 end
Average processing time of GrabImageRGBD(): 10.6839ms
Frame 1979 end
Average processing time of GrabImageRGBD(): 10.6819ms
Frame 1980 end
Average processing time of GrabImageRGBD(): 10.6924ms
Frame 1981 end
Average processing time of GrabImageRGBD(): 10.6895ms
Frame 1982 end
Average processing time of GrabImageRGBD(): 10.6898ms
Frame 1983 end
Average processing time of GrabImageRGBD(): 10.687ms
Frame 1984 end
Average processing time of GrabImageRGBD(): 10.6837ms
Frame 1985 end
Average processing time of GrabImageRGBD(): 10.6802ms
Frame 1986 end
Average processing time of GrabImageRGBD(): 10.679ms
Frame 1987 end
Average processing time of GrabImageRGBD(): 10.6891ms
Frame 1988 end
Average processing time of GrabImageRGBD(): 10.6872ms
Frame 1989 end
Average processing time of GrabImageRGBD(): 10.6871ms
Frame 1990 end
Average processing time of GrabImageRGBD(): 10.6864ms
Frame 1991 end
Average processing time of GrabImageRGBD(): 10.6829ms
Frame 1992 end
Average processing time of GrabImageRGBD(): 10.6822ms
Frame 1993 end
Average processing time of GrabImageRGBD(): 10.6929ms
Frame 1994 end
Average processing time of GrabImageRGBD(): 10.691ms
Frame 1995 end
Average processing time of GrabImageRGBD(): 10.6905ms
Frame 1996 end
Average processing time of GrabImageRGBD(): 10.6891ms
Frame 1997 end
Average processing time of GrabImageRGBD(): 10.6881ms
Frame 1998 end
Average processing time of GrabImageRGBD(): 10.6981ms
Frame 1999 end
Average processing time of GrabImageRGBD(): 10.6986ms
Frame 2000 end
Average processing time of GrabImageRGBD(): 10.6976ms
Frame 2001 end
Average processing time of GrabImageRGBD(): 10.6963ms
Frame 2002 end
Average processing time of GrabImageRGBD(): 10.6961ms
Frame 2003 end
Average processing time of GrabImageRGBD(): 10.7071ms
Frame 2004 end
Average processing time of GrabImageRGBD(): 10.7073ms
Frame 2005 end
Average processing time of GrabImageRGBD(): 10.7075ms
Frame 2006 end
Average processing time of GrabImageRGBD(): 10.7041ms
Frame 2007 end
Average processing time of GrabImageRGBD(): 10.7032ms
Frame 2008 end
Average processing time of GrabImageRGBD(): 10.7184ms
Frame 2009 end
Average processing time of GrabImageRGBD(): 10.7188ms
Frame 2010 end
Average processing time of GrabImageRGBD(): 10.7186ms
Frame 2011 end
Average processing time of GrabImageRGBD(): 10.7159ms
Frame 2012 end
Average processing time of GrabImageRGBD(): 10.7132ms
Frame 2013 end
Average processing time of GrabImageRGBD(): 10.7252ms
Frame 2014 end
Average processing time of GrabImageRGBD(): 10.7222ms
Frame 2015 end
Average processing time of GrabImageRGBD(): 10.7215ms
Frame 2016 end
Average processing time of GrabImageRGBD(): 10.7199ms
Frame 2017 end
Average processing time of GrabImageRGBD(): 10.7189ms
Frame 2018 end
Average processing time of GrabImageRGBD(): 10.7282ms
Frame 2019 end
Average processing time of GrabImageRGBD(): 10.7254ms
Frame 2020 end
Average processing time of GrabImageRGBD(): 10.722ms
Frame 2021 end
Average processing time of GrabImageRGBD(): 10.7218ms
Frame 2022 end
Average processing time of GrabImageRGBD(): 10.7213ms
Frame 2023 end
Average processing time of GrabImageRGBD(): 10.7179ms
Frame 2024 end
Average processing time of GrabImageRGBD(): 10.7174ms
Frame 2025 end
Average processing time of GrabImageRGBD(): 10.7138ms
Frame 2026 end
Average processing time of GrabImageRGBD(): 10.7131ms
Frame 2027 end
Average processing time of GrabImageRGBD(): 10.7129ms
Frame 2028 end
Average processing time of GrabImageRGBD(): 10.7095ms
Frame 2029 end
Average processing time of GrabImageRGBD(): 10.7066ms
Frame 2030 end
Average processing time of GrabImageRGBD(): 10.7031ms
Frame 2031 end
Average processing time of GrabImageRGBD(): 10.7015ms
Frame 2032 end
Average processing time of GrabImageRGBD(): 10.7105ms
Frame 2033 end
Average processing time of GrabImageRGBD(): 10.7086ms
Frame 2034 end
Average processing time of GrabImageRGBD(): 10.708ms
Frame 2035 end
Average processing time of GrabImageRGBD(): 10.7075ms
Frame 2036 end
Average processing time of GrabImageRGBD(): 10.7065ms
Frame 2037 end
Average processing time of GrabImageRGBD(): 10.7056ms
Frame 2038 end
Average processing time of GrabImageRGBD(): 10.7044ms
Frame 2039 end
Average processing time of GrabImageRGBD(): 10.7026ms
Frame 2040 end
Average processing time of GrabImageRGBD(): 10.7013ms
Frame 2041 end
Average processing time of GrabImageRGBD(): 10.6988ms
Frame 2042 end
Average processing time of GrabImageRGBD(): 10.6959ms
Frame 2043 end
Average processing time of GrabImageRGBD(): 10.6943ms
Frame 2044 end
Average processing time of GrabImageRGBD(): 10.7038ms
Frame 2045 end
Average processing time of GrabImageRGBD(): 10.7011ms
Frame 2046 end
Average processing time of GrabImageRGBD(): 10.6978ms
Frame 2047 end
Average processing time of GrabImageRGBD(): 10.6965ms
Frame 2048 end
Average processing time of GrabImageRGBD(): 10.6931ms
Frame 2049 end
Average processing time of GrabImageRGBD(): 10.6903ms
Frame 2050 end
Average processing time of GrabImageRGBD(): 10.6893ms
Frame 2051 end
Average processing time of GrabImageRGBD(): 10.6994ms
Frame 2052 end
Average processing time of GrabImageRGBD(): 10.6966ms
Frame 2053 end
Average processing time of GrabImageRGBD(): 10.6965ms
Frame 2054 end
Average processing time of GrabImageRGBD(): 10.6964ms
Frame 2055 end
Average processing time of GrabImageRGBD(): 10.6945ms
Frame 2056 end
Average processing time of GrabImageRGBD(): 10.6934ms
Frame 2057 end
Average processing time of GrabImageRGBD(): 10.6909ms
Frame 2058 end
Average processing time of GrabImageRGBD(): 10.6898ms
Frame 2059 end
Average processing time of GrabImageRGBD(): 10.6892ms
Frame 2060 end
Average processing time of GrabImageRGBD(): 10.6984ms
Frame 2061 end
Average processing time of GrabImageRGBD(): 10.6987ms
Frame 2062 end
Average processing time of GrabImageRGBD(): 10.6969ms
Frame 2063 end
Average processing time of GrabImageRGBD(): 10.6942ms
Frame 2064 end
Average processing time of GrabImageRGBD(): 10.6937ms
Frame 2065 end
Average processing time of GrabImageRGBD(): 10.693ms
Frame 2066 end
Average processing time of GrabImageRGBD(): 10.6902ms
Frame 2067 end
Average processing time of GrabImageRGBD(): 10.7007ms
Frame 2068 end
Average processing time of GrabImageRGBD(): 10.7001ms
Frame 2069 end
Average processing time of GrabImageRGBD(): 10.6969ms
Frame 2070 end
Average processing time of GrabImageRGBD(): 10.6953ms
Frame 2071 end
Average processing time of GrabImageRGBD(): 10.6943ms
Frame 2072 end
Average processing time of GrabImageRGBD(): 10.6932ms
Frame 2073 end
Average processing time of GrabImageRGBD(): 10.692ms
Frame 2074 end
Average processing time of GrabImageRGBD(): 10.6885ms
Frame 2075 end
Average processing time of GrabImageRGBD(): 10.6863ms
Frame 2076 end
Average processing time of GrabImageRGBD(): 10.6828ms
Frame 2077 end
Average processing time of GrabImageRGBD(): 10.6921ms
Frame 2078 end
Average processing time of GrabImageRGBD(): 10.6916ms
Frame 2079 end
Average processing time of GrabImageRGBD(): 10.6886ms
Frame 2080 end
Average processing time of GrabImageRGBD(): 10.6879ms
Frame 2081 end
Average processing time of GrabImageRGBD(): 10.6843ms
Frame 2082 end
Average processing time of GrabImageRGBD(): 10.6933ms
Frame 2083 end
Average processing time of GrabImageRGBD(): 10.6926ms
Frame 2084 end
Average processing time of GrabImageRGBD(): 10.6917ms
Frame 2085 end
Average processing time of GrabImageRGBD(): 10.6892ms
Frame 2086 end
Average processing time of GrabImageRGBD(): 10.6857ms
Frame 2087 end
Average processing time of GrabImageRGBD(): 10.6835ms
Frame 2088 end
Average processing time of GrabImageRGBD(): 10.6821ms
Frame 2089 end
Average processing time of GrabImageRGBD(): 10.6917ms
Frame 2090 end
Average processing time of GrabImageRGBD(): 10.6913ms
Frame 2091 end
Average processing time of GrabImageRGBD(): 10.6906ms
Frame 2092 end
Average processing time of GrabImageRGBD(): 10.6896ms
Frame 2093 end
Average processing time of GrabImageRGBD(): 10.6878ms
Frame 2094 end
Average processing time of GrabImageRGBD(): 10.6866ms
Frame 2095 end
Average processing time of GrabImageRGBD(): 10.6838ms
Frame 2096 end
Average processing time of GrabImageRGBD(): 10.6922ms
Frame 2097 end
Average processing time of GrabImageRGBD(): 10.6916ms
Frame 2098 end
Average processing time of GrabImageRGBD(): 10.6904ms
Frame 2099 end
Average processing time of GrabImageRGBD(): 10.6884ms
Frame 2100 end
Average processing time of GrabImageRGBD(): 10.6849ms
Frame 2101 end
Average processing time of GrabImageRGBD(): 10.6816ms
Frame 2102 end
Average processing time of GrabImageRGBD(): 10.69ms
Frame 2103 end
Average processing time of GrabImageRGBD(): 10.6896ms
Frame 2104 end
Average processing time of GrabImageRGBD(): 10.6884ms
Frame 2105 end
Average processing time of GrabImageRGBD(): 10.6866ms
Frame 2106 end
Average processing time of GrabImageRGBD(): 10.6852ms
Frame 2107 end
Average processing time of GrabImageRGBD(): 10.6817ms
Frame 2108 end
Average processing time of GrabImageRGBD(): 10.6948ms
Frame 2109 end
Average processing time of GrabImageRGBD(): 10.6921ms
Frame 2110 end
Average processing time of GrabImageRGBD(): 10.6899ms
Frame 2111 end
Average processing time of GrabImageRGBD(): 10.6881ms
Frame 2112 end
Average processing time of GrabImageRGBD(): 10.6871ms
Frame 2113 end
Average processing time of GrabImageRGBD(): 10.6845ms
Frame 2114 end
Average processing time of GrabImageRGBD(): 10.6932ms
Frame 2115 end
Average processing time of GrabImageRGBD(): 10.6929ms
Frame 2116 end
Average processing time of GrabImageRGBD(): 10.6925ms
Frame 2117 end
Average processing time of GrabImageRGBD(): 10.6913ms
Frame 2118 end
Average processing time of GrabImageRGBD(): 10.6904ms
Frame 2119 end
Average processing time of GrabImageRGBD(): 10.6871ms
Frame 2120 end
Average processing time of GrabImageRGBD(): 10.696ms
Frame 2121 end
Average processing time of GrabImageRGBD(): 10.697ms
Frame 2122 end
Average processing time of GrabImageRGBD(): 10.6958ms
Frame 2123 end
Average processing time of GrabImageRGBD(): 10.6966ms
Frame 2124 end
Average processing time of GrabImageRGBD(): 10.697ms
Frame 2125 end
Average processing time of GrabImageRGBD(): 10.6972ms
Frame 2126 end
Average processing time of GrabImageRGBD(): 10.7064ms
Frame 2127 end
Average processing time of GrabImageRGBD(): 10.7059ms
Frame 2128 end
Average processing time of GrabImageRGBD(): 10.7048ms
Frame 2129 end
Average processing time of GrabImageRGBD(): 10.703ms
Frame 2130 end
Average processing time of GrabImageRGBD(): 10.7007ms
Frame 2131 end
Average processing time of GrabImageRGBD(): 10.6995ms
Frame 2132 end
Average processing time of GrabImageRGBD(): 10.6962ms
Frame 2133 end
Average processing time of GrabImageRGBD(): 10.7061ms
Frame 2134 end
Average processing time of GrabImageRGBD(): 10.706ms
Frame 2135 end
Average processing time of GrabImageRGBD(): 10.7037ms
Frame 2136 end
Average processing time of GrabImageRGBD(): 10.7004ms
Frame 2137 end
Average processing time of GrabImageRGBD(): 10.6991ms
Frame 2138 end
Average processing time of GrabImageRGBD(): 10.6964ms
Frame 2139 end
Average processing time of GrabImageRGBD(): 10.7053ms
Frame 2140 end
Average processing time of GrabImageRGBD(): 10.7055ms
Frame 2141 end
Average processing time of GrabImageRGBD(): 10.7038ms
Frame 2142 end
Average processing time of GrabImageRGBD(): 10.7019ms
Frame 2143 end
Average processing time of GrabImageRGBD(): 10.6987ms
Frame 2144 end
Average processing time of GrabImageRGBD(): 10.6953ms
Frame 2145 end
Average processing time of GrabImageRGBD(): 10.6954ms
Frame 2146 end
Average processing time of GrabImageRGBD(): 10.6945ms
Frame 2147 end
Average processing time of GrabImageRGBD(): 10.6911ms
Frame 2148 end
Average processing time of GrabImageRGBD(): 10.7008ms
Frame 2149 end
Average processing time of GrabImageRGBD(): 10.6979ms
Frame 2150 end
Average processing time of GrabImageRGBD(): 10.6973ms
Frame 2151 end
Average processing time of GrabImageRGBD(): 10.6958ms
Frame 2152 end
Average processing time of GrabImageRGBD(): 10.6937ms
Frame 2153 end
Average processing time of GrabImageRGBD(): 10.6909ms
Frame 2154 end
Average processing time of GrabImageRGBD(): 10.7002ms
Frame 2155 end
Average processing time of GrabImageRGBD(): 10.6986ms
Frame 2156 end
Average processing time of GrabImageRGBD(): 10.6956ms
Frame 2157 end
Average processing time of GrabImageRGBD(): 10.6946ms
Frame 2158 end
Average processing time of GrabImageRGBD(): 10.6915ms
Frame 2159 end
Average processing time of GrabImageRGBD(): 10.6903ms
Frame 2160 end
Average processing time of GrabImageRGBD(): 10.6898ms
Frame 2161 end
Average processing time of GrabImageRGBD(): 10.6894ms
Frame 2162 end
Average processing time of GrabImageRGBD(): 10.6882ms
Frame 2163 end
Average processing time of GrabImageRGBD(): 10.6879ms
Frame 2164 end
Average processing time of GrabImageRGBD(): 10.6873ms
Frame 2165 end
Average processing time of GrabImageRGBD(): 10.686ms
Frame 2166 end
Average processing time of GrabImageRGBD(): 10.6848ms
Frame 2167 end
Average processing time of GrabImageRGBD(): 10.6844ms
Frame 2168 end
Average processing time of GrabImageRGBD(): 10.6813ms
Frame 2169 end
Average processing time of GrabImageRGBD(): 10.6797ms
Frame 2170 end
Average processing time of GrabImageRGBD(): 10.6794ms
Frame 2171 end
Average processing time of GrabImageRGBD(): 10.6788ms
Frame 2172 end
Average processing time of GrabImageRGBD(): 10.6756ms
Frame 2173 end
Average processing time of GrabImageRGBD(): 10.6724ms
Frame 2174 end
Average processing time of GrabImageRGBD(): 10.669ms
Frame 2175 end
Average processing time of GrabImageRGBD(): 10.6683ms
Frame 2176 end
Average processing time of GrabImageRGBD(): 10.6677ms
Frame 2177 end
Average processing time of GrabImageRGBD(): 10.6671ms
Frame 2178 end
Average processing time of GrabImageRGBD(): 10.6639ms
Frame 2179 end
Average processing time of GrabImageRGBD(): 10.6634ms
Frame 2180 end
Average processing time of GrabImageRGBD(): 10.6623ms
Frame 2181 end
Average processing time of GrabImageRGBD(): 10.6599ms
Frame 2182 end
Average processing time of GrabImageRGBD(): 10.6596ms
Frame 2183 end
Average processing time of GrabImageRGBD(): 10.6585ms
Frame 2184 end
Average processing time of GrabImageRGBD(): 10.6685ms
Frame 2185 end
Average processing time of GrabImageRGBD(): 10.6669ms
Frame 2186 end
Average processing time of GrabImageRGBD(): 10.6652ms
Frame 2187 end
Average processing time of GrabImageRGBD(): 10.6621ms
Frame 2188 end
Average processing time of GrabImageRGBD(): 10.6627ms
Frame 2189 end
Average processing time of GrabImageRGBD(): 10.6622ms
Frame 2190 end
Average processing time of GrabImageRGBD(): 10.659ms
Frame 2191 end
Average processing time of GrabImageRGBD(): 10.6565ms
Frame 2192 end
Average processing time of GrabImageRGBD(): 10.6554ms
Frame 2193 end
Average processing time of GrabImageRGBD(): 10.6648ms
Frame 2194 end
Average processing time of GrabImageRGBD(): 10.6632ms
Frame 2195 end
Average processing time of GrabImageRGBD(): 10.6607ms
Frame 2196 end
Average processing time of GrabImageRGBD(): 10.66ms
Frame 2197 end
Average processing time of GrabImageRGBD(): 10.6571ms
Frame 2198 end
Average processing time of GrabImageRGBD(): 10.6676ms
Frame 2199 end
Average processing time of GrabImageRGBD(): 10.6671ms
Frame 2200 end
Average processing time of GrabImageRGBD(): 10.664ms
Frame 2201 end
Average processing time of GrabImageRGBD(): 10.6636ms
Frame 2202 end
Average processing time of GrabImageRGBD(): 10.6633ms
Frame 2203 end
Average processing time of GrabImageRGBD(): 10.6602ms
Frame 2204 end
Average processing time of GrabImageRGBD(): 10.657ms
Frame 2205 end
Average processing time of GrabImageRGBD(): 10.6565ms
Frame 2206 end
Average processing time of GrabImageRGBD(): 10.6542ms
Frame 2207 end
Average processing time of GrabImageRGBD(): 10.651ms
Frame 2208 end
Average processing time of GrabImageRGBD(): 10.6502ms
Frame 2209 end
Average processing time of GrabImageRGBD(): 10.6468ms
Frame 2210 end
Average processing time of GrabImageRGBD(): 10.6439ms
Frame 2211 end
Average processing time of GrabImageRGBD(): 10.6412ms
Frame 2212 end
Average processing time of GrabImageRGBD(): 10.651ms
Frame 2213 end
Average processing time of GrabImageRGBD(): 10.65ms
Frame 2214 end
Average processing time of GrabImageRGBD(): 10.6484ms
Frame 2215 end
Average processing time of GrabImageRGBD(): 10.6481ms
Frame 2216 end
Average processing time of GrabImageRGBD(): 10.6465ms
Frame 2217 end
Average processing time of GrabImageRGBD(): 10.6442ms
Frame 2218 end
Average processing time of GrabImageRGBD(): 10.6539ms
Frame 2219 end
Average processing time of GrabImageRGBD(): 10.6538ms
Frame 2220 end
Average processing time of GrabImageRGBD(): 10.6538ms
Frame 2221 end
Average processing time of GrabImageRGBD(): 10.6538ms
Frame 2222 end
Average processing time of GrabImageRGBD(): 10.6533ms
Frame 2223 end
Average processing time of GrabImageRGBD(): 10.6503ms
Frame 2224 end
Average processing time of GrabImageRGBD(): 10.6602ms
Frame 2225 end
Average processing time of GrabImageRGBD(): 10.6596ms
Frame 2226 end
Average processing time of GrabImageRGBD(): 10.6591ms
Frame 2227 end
Average processing time of GrabImageRGBD(): 10.6571ms
Frame 2228 end
Average processing time of GrabImageRGBD(): 10.6555ms
Frame 2229 end
Average processing time of GrabImageRGBD(): 10.6525ms
Frame 2230 end
Average processing time of GrabImageRGBD(): 10.6629ms
Frame 2231 end
Average processing time of GrabImageRGBD(): 10.6624ms
Frame 2232 end
Average processing time of GrabImageRGBD(): 10.6615ms
Frame 2233 end
Average processing time of GrabImageRGBD(): 10.6582ms
Frame 2234 end
Average processing time of GrabImageRGBD(): 10.657ms
Frame 2235 end
Average processing time of GrabImageRGBD(): 10.6555ms
Frame 2236 end
Average processing time of GrabImageRGBD(): 10.6637ms
Frame 2237 end
Average processing time of GrabImageRGBD(): 10.6618ms
Frame 2238 end
Average processing time of GrabImageRGBD(): 10.6586ms
Frame 2239 end
Average processing time of GrabImageRGBD(): 10.6578ms
Frame 2240 end
Average processing time of GrabImageRGBD(): 10.6572ms
Frame 2241 end
Average processing time of GrabImageRGBD(): 10.6541ms
Frame 2242 end
Average processing time of GrabImageRGBD(): 10.6539ms
Frame 2243 end
Average processing time of GrabImageRGBD(): 10.668ms
Frame 2244 end
Average processing time of GrabImageRGBD(): 10.6667ms
Frame 2245 end
Average processing time of GrabImageRGBD(): 10.6636ms
Frame 2246 end
Average processing time of GrabImageRGBD(): 10.6611ms
Frame 2247 end
Average processing time of GrabImageRGBD(): 10.6601ms
Frame 2248 end
Average processing time of GrabImageRGBD(): 10.659ms
Frame 2249 end
Average processing time of GrabImageRGBD(): 10.6581ms
Frame 2250 end
Average processing time of GrabImageRGBD(): 10.6669ms
Frame 2251 end
Average processing time of GrabImageRGBD(): 10.6666ms
Frame 2252 end
Average processing time of GrabImageRGBD(): 10.6664ms
Frame 2253 end
Average processing time of GrabImageRGBD(): 10.6789ms
Frame 2254 end
Average processing time of GrabImageRGBD(): 10.6796ms
Frame 2255 end
Average processing time of GrabImageRGBD(): 10.6906ms
Frame 2256 end
Average processing time of GrabImageRGBD(): 10.689ms
Frame 2257 end
Average processing time of GrabImageRGBD(): 10.6877ms
Frame 2258 end
Average processing time of GrabImageRGBD(): 10.6852ms
Frame 2259 end
Average processing time of GrabImageRGBD(): 10.683ms
Frame 2260 end
Average processing time of GrabImageRGBD(): 10.6825ms
Frame 2261 end
Average processing time of GrabImageRGBD(): 10.6793ms
Frame 2262 end
Average processing time of GrabImageRGBD(): 10.678ms
Frame 2263 end
Average processing time of GrabImageRGBD(): 10.6757ms
Frame 2264 end
Average processing time of GrabImageRGBD(): 10.6838ms
Frame 2265 end
Average processing time of GrabImageRGBD(): 10.6973ms
Frame 2266 end
Average processing time of GrabImageRGBD(): 10.6967ms
Frame 2267 end
Average processing time of GrabImageRGBD(): 10.7096ms
Frame 2268 end
Average processing time of GrabImageRGBD(): 10.7112ms
Frame 2269 end
Average processing time of GrabImageRGBD(): 10.7213ms
Frame 2270 end
Average processing time of GrabImageRGBD(): 10.7211ms
Frame 2271 end
Average processing time of GrabImageRGBD(): 10.7187ms
Frame 2272 end
Average processing time of GrabImageRGBD(): 10.7176ms
Frame 2273 end
Average processing time of GrabImageRGBD(): 10.7181ms
Frame 2274 end
Average processing time of GrabImageRGBD(): 10.7179ms
Frame 2275 end
Average processing time of GrabImageRGBD(): 10.7166ms
Frame 2276 end
Average processing time of GrabImageRGBD(): 10.714ms
Frame 2277 end
Average processing time of GrabImageRGBD(): 10.7114ms
Frame 2278 end
Average processing time of GrabImageRGBD(): 10.7098ms
Frame 2279 end
Average processing time of GrabImageRGBD(): 10.7189ms
Frame 2280 end
Average processing time of GrabImageRGBD(): 10.7281ms
Frame 2281 end
Average processing time of GrabImageRGBD(): 10.7381ms
Frame 2282 end
Average processing time of GrabImageRGBD(): 10.7372ms
Frame 2283 end
Average processing time of GrabImageRGBD(): 10.7472ms
Frame 2284 end
Average processing time of GrabImageRGBD(): 10.7455ms
Frame 2285 end
Average processing time of GrabImageRGBD(): 10.7433ms
Frame 2286 end
Average processing time of GrabImageRGBD(): 10.7526ms
Frame 2287 end
Average processing time of GrabImageRGBD(): 10.7613ms
Frame 2288 end
Average processing time of GrabImageRGBD(): 10.759ms
Frame 2289 end
Average processing time of GrabImageRGBD(): 10.7677ms
Frame 2290 end
Average processing time of GrabImageRGBD(): 10.7769ms
Frame 2291 end
Average processing time of GrabImageRGBD(): 10.7894ms
Frame 2292 end
Average processing time of GrabImageRGBD(): 10.801ms
Frame 2293 end
Average processing time of GrabImageRGBD(): 10.8002ms
Frame 2294 end
Average processing time of GrabImageRGBD(): 10.7972ms
Frame 2295 end
Average processing time of GrabImageRGBD(): 10.7958ms
Frame 2296 end
Average processing time of GrabImageRGBD(): 10.7947ms
Frame 2297 end
Average processing time of GrabImageRGBD(): 10.7931ms
Frame 2298 end
Average processing time of GrabImageRGBD(): 10.8018ms
Frame 2299 end
Average processing time of GrabImageRGBD(): 10.8023ms
Frame 2300 end
Average processing time of GrabImageRGBD(): 10.8ms
Frame 2301 end
Average processing time of GrabImageRGBD(): 10.8ms
Frame 2302 end
Average processing time of GrabImageRGBD(): 10.7977ms
Frame 2303 end
Average processing time of GrabImageRGBD(): 10.8062ms
Frame 2304 end
Average processing time of GrabImageRGBD(): 10.8057ms
Frame 2305 end
Average processing time of GrabImageRGBD(): 10.8053ms
Frame 2306 end
Average processing time of GrabImageRGBD(): 10.8048ms
Frame 2307 end
Average processing time of GrabImageRGBD(): 10.8045ms
Frame 2308 end
Average processing time of GrabImageRGBD(): 10.8041ms
Frame 2309 end
Average processing time of GrabImageRGBD(): 10.8046ms
Frame 2310 end
Average processing time of GrabImageRGBD(): 10.8181ms
Frame 2311 end
Average processing time of GrabImageRGBD(): 10.8178ms
Frame 2312 end
Average processing time of GrabImageRGBD(): 10.8154ms
Frame 2313 end
Average processing time of GrabImageRGBD(): 10.8142ms
Frame 2314 end
Average processing time of GrabImageRGBD(): 10.813ms
Frame 2315 end
Average processing time of GrabImageRGBD(): 10.8101ms
Frame 2316 end
Average processing time of GrabImageRGBD(): 10.8183ms
Frame 2317 end
Average processing time of GrabImageRGBD(): 10.8175ms
Frame 2318 end
Average processing time of GrabImageRGBD(): 10.8159ms
Frame 2319 end
Average processing time of GrabImageRGBD(): 10.814ms
Frame 2320 end
Average processing time of GrabImageRGBD(): 10.8123ms
Frame 2321 end
Average processing time of GrabImageRGBD(): 10.821ms
Frame 2322 end
Average processing time of GrabImageRGBD(): 10.821ms
Frame 2323 end
Average processing time of GrabImageRGBD(): 10.8193ms
Frame 2324 end
Average processing time of GrabImageRGBD(): 10.8185ms
Frame 2325 end
Average processing time of GrabImageRGBD(): 10.8178ms
Frame 2326 end
Average processing time of GrabImageRGBD(): 10.8268ms
Frame 2327 end
Average processing time of GrabImageRGBD(): 10.8269ms
Frame 2328 end
Average processing time of GrabImageRGBD(): 10.8255ms
Frame 2329 end
Average processing time of GrabImageRGBD(): 10.8222ms
Frame 2330 end
Average processing time of GrabImageRGBD(): 10.8211ms
Frame 2331 end
Average processing time of GrabImageRGBD(): 10.8181ms
Frame 2332 end
Average processing time of GrabImageRGBD(): 10.8274ms
Frame 2333 end
Average processing time of GrabImageRGBD(): 10.8271ms
Frame 2334 end
Average processing time of GrabImageRGBD(): 10.8258ms
Frame 2335 end
Average processing time of GrabImageRGBD(): 10.8244ms
Frame 2336 end
Average processing time of GrabImageRGBD(): 10.8234ms
Frame 2337 end
Average processing time of GrabImageRGBD(): 10.8203ms
Frame 2338 end
Average processing time of GrabImageRGBD(): 10.8278ms
Frame 2339 end
Average processing time of GrabImageRGBD(): 10.825ms
Frame 2340 end
Average processing time of GrabImageRGBD(): 10.8219ms
Frame 2341 end
Average processing time of GrabImageRGBD(): 10.8203ms
Frame 2342 end
Average processing time of GrabImageRGBD(): 10.8185ms
Frame 2343 end
Average processing time of GrabImageRGBD(): 10.8271ms
Frame 2344 end
Average processing time of GrabImageRGBD(): 10.8258ms
Frame 2345 end
Average processing time of GrabImageRGBD(): 10.8248ms
Frame 2346 end
Average processing time of GrabImageRGBD(): 10.8238ms
Frame 2347 end
Average processing time of GrabImageRGBD(): 10.8205ms
Frame 2348 end
Average processing time of GrabImageRGBD(): 10.8296ms
Frame 2349 end
Average processing time of GrabImageRGBD(): 10.8295ms
Frame 2350 end
Average processing time of GrabImageRGBD(): 10.8264ms
Frame 2351 end
Average processing time of GrabImageRGBD(): 10.8251ms
Frame 2352 end
Average processing time of GrabImageRGBD(): 10.8218ms
Frame 2353 end
Average processing time of GrabImageRGBD(): 10.8186ms
Frame 2354 end
Average processing time of GrabImageRGBD(): 10.8261ms
Frame 2355 end
Average processing time of GrabImageRGBD(): 10.8251ms
Frame 2356 end
Average processing time of GrabImageRGBD(): 10.8221ms
Frame 2357 end
Average processing time of GrabImageRGBD(): 10.8212ms
Frame 2358 end
Average processing time of GrabImageRGBD(): 10.8181ms
Frame 2359 end
Average processing time of GrabImageRGBD(): 10.8171ms
Frame 2360 end
Average processing time of GrabImageRGBD(): 10.8273ms
Frame 2361 end
Average processing time of GrabImageRGBD(): 10.8261ms
Frame 2362 end
Average processing time of GrabImageRGBD(): 10.8256ms
Frame 2363 end
Average processing time of GrabImageRGBD(): 10.8228ms
Frame 2364 end
Average processing time of GrabImageRGBD(): 10.8222ms
Frame 2365 end
Average processing time of GrabImageRGBD(): 10.819ms
Frame 2366 end
Average processing time of GrabImageRGBD(): 10.8269ms
Frame 2367 end
Average processing time of GrabImageRGBD(): 10.8264ms
Frame 2368 end
Average processing time of GrabImageRGBD(): 10.8248ms
Frame 2369 end
Average processing time of GrabImageRGBD(): 10.8238ms
Frame 2370 end
Average processing time of GrabImageRGBD(): 10.8231ms
Frame 2371 end
Average processing time of GrabImageRGBD(): 10.8218ms
Frame 2372 end
Average processing time of GrabImageRGBD(): 10.8316ms
Frame 2373 end
Average processing time of GrabImageRGBD(): 10.8307ms
Frame 2374 end
Average processing time of GrabImageRGBD(): 10.8302ms
Frame 2375 end
Average processing time of GrabImageRGBD(): 10.8297ms
Frame 2376 end
Average processing time of GrabImageRGBD(): 10.8286ms
Frame 2377 end
Average processing time of GrabImageRGBD(): 10.828ms
Frame 2378 end
Average processing time of GrabImageRGBD(): 10.8273ms
Frame 2379 end
Average processing time of GrabImageRGBD(): 10.8263ms
Frame 2380 end
Average processing time of GrabImageRGBD(): 10.8359ms
Frame 2381 end
Average processing time of GrabImageRGBD(): 10.8356ms
Frame 2382 end
Average processing time of GrabImageRGBD(): 10.8332ms
Frame 2383 end
Average processing time of GrabImageRGBD(): 10.8323ms
Frame 2384 end
Average processing time of GrabImageRGBD(): 10.8314ms
Frame 2385 end
Average processing time of GrabImageRGBD(): 10.8285ms
Frame 2386 end
Average processing time of GrabImageRGBD(): 10.8283ms
Frame 2387 end
Average processing time of GrabImageRGBD(): 10.8265ms
Frame 2388 end
Average processing time of GrabImageRGBD(): 10.8355ms
Frame 2389 end
Average processing time of GrabImageRGBD(): 10.8353ms
Frame 2390 end
Average processing time of GrabImageRGBD(): 10.8341ms
Frame 2391 end
Average processing time of GrabImageRGBD(): 10.8314ms
Frame 2392 end
Average processing time of GrabImageRGBD(): 10.8296ms
Frame 2393 end
Average processing time of GrabImageRGBD(): 10.828ms
Frame 2394 end
Average processing time of GrabImageRGBD(): 10.8253ms
Frame 2395 end
Average processing time of GrabImageRGBD(): 10.8402ms
Frame 2396 end
Average processing time of GrabImageRGBD(): 10.8398ms
Frame 2397 end
Average processing time of GrabImageRGBD(): 10.8368ms
Frame 2398 end
Average processing time of GrabImageRGBD(): 10.8348ms
Frame 2399 end
Average processing time of GrabImageRGBD(): 10.8432ms
Frame 2400 end
Average processing time of GrabImageRGBD(): 10.8413ms
Frame 2401 end
Average processing time of GrabImageRGBD(): 10.8401ms
Frame 2402 end
Average processing time of GrabImageRGBD(): 10.8389ms
Frame 2403 end
Average processing time of GrabImageRGBD(): 10.8372ms
Frame 2404 end
Average processing time of GrabImageRGBD(): 10.8361ms
Frame 2405 end
Average processing time of GrabImageRGBD(): 10.8352ms
Frame 2406 end
Average processing time of GrabImageRGBD(): 10.8335ms
Frame 2407 end
Average processing time of GrabImageRGBD(): 10.8428ms
Frame 2408 end
Average processing time of GrabImageRGBD(): 10.8402ms
Frame 2409 end
Average processing time of GrabImageRGBD(): 10.8373ms
Frame 2410 end
Average processing time of GrabImageRGBD(): 10.8351ms
Frame 2411 end
Average processing time of GrabImageRGBD(): 10.8354ms
Frame 2412 end
Average processing time of GrabImageRGBD(): 10.8323ms
Frame 2413 end
Average processing time of GrabImageRGBD(): 10.8298ms
Frame 2414 end
Average processing time of GrabImageRGBD(): 10.8372ms
Frame 2415 end
Average processing time of GrabImageRGBD(): 10.8368ms
Frame 2416 end
Average processing time of GrabImageRGBD(): 10.8347ms
Frame 2417 end
Average processing time of GrabImageRGBD(): 10.8343ms
Frame 2418 end
Average processing time of GrabImageRGBD(): 10.8331ms
Frame 2419 end
Average processing time of GrabImageRGBD(): 10.8297ms
Frame 2420 end
Average processing time of GrabImageRGBD(): 10.8272ms
Frame 2421 end
Average processing time of GrabImageRGBD(): 10.837ms
Frame 2422 end
Average processing time of GrabImageRGBD(): 10.8371ms
Frame 2423 end
Average processing time of GrabImageRGBD(): 10.834ms
Frame 2424 end
Average processing time of GrabImageRGBD(): 10.8328ms
Frame 2425 end
Average processing time of GrabImageRGBD(): 10.8301ms
Frame 2426 end
Average processing time of GrabImageRGBD(): 10.8289ms
Frame 2427 end
Average processing time of GrabImageRGBD(): 10.8262ms
Frame 2428 end
Average processing time of GrabImageRGBD(): 10.8334ms
Frame 2429 end
Average processing time of GrabImageRGBD(): 10.8309ms
Frame 2430 end
Average processing time of GrabImageRGBD(): 10.8383ms
Frame 2431 end
Average processing time of GrabImageRGBD(): 10.8373ms
Frame 2432 end
Average processing time of GrabImageRGBD(): 10.8462ms
Frame 2433 end
Average processing time of GrabImageRGBD(): 10.8436ms
Frame 2434 end
Average processing time of GrabImageRGBD(): 10.8404ms
Frame 2435 end
Average processing time of GrabImageRGBD(): 10.8375ms
Frame 2436 end
Average processing time of GrabImageRGBD(): 10.8344ms
Frame 2437 end
Average processing time of GrabImageRGBD(): 10.8335ms
Frame 2438 end
Average processing time of GrabImageRGBD(): 10.8407ms
Frame 2439 end
Average processing time of GrabImageRGBD(): 10.8403ms
Frame 2440 end
Average processing time of GrabImageRGBD(): 10.8394ms
Frame 2441 end
Average processing time of GrabImageRGBD(): 10.838ms
Frame 2442 end
Average processing time of GrabImageRGBD(): 10.8369ms
Frame 2443 end
Average processing time of GrabImageRGBD(): 10.8454ms
Frame 2444 end
Average processing time of GrabImageRGBD(): 10.8453ms
Frame 2445 end
Average processing time of GrabImageRGBD(): 10.8425ms
Frame 2446 end
Average processing time of GrabImageRGBD(): 10.8396ms
Frame 2447 end
Average processing time of GrabImageRGBD(): 10.8366ms
Frame 2448 end
Average processing time of GrabImageRGBD(): 10.8491ms
Frame 2449 end
Average processing time of GrabImageRGBD(): 10.8489ms
Frame 2450 end
Average processing time of GrabImageRGBD(): 10.846ms
Frame 2451 end
Average processing time of GrabImageRGBD(): 10.8432ms
Frame 2452 end
Average processing time of GrabImageRGBD(): 10.8409ms
Frame 2453 end
Average processing time of GrabImageRGBD(): 10.84ms
Frame 2454 end
Average processing time of GrabImageRGBD(): 10.8392ms
Frame 2455 end
Average processing time of GrabImageRGBD(): 10.8466ms
Frame 2456 end
Average processing time of GrabImageRGBD(): 10.8447ms
Frame 2457 end
Average processing time of GrabImageRGBD(): 10.8418ms
Frame 2458 end
Average processing time of GrabImageRGBD(): 10.8396ms
Frame 2459 end
Average processing time of GrabImageRGBD(): 10.838ms
Frame 2460 end
Average processing time of GrabImageRGBD(): 10.8463ms
Frame 2461 end
Average processing time of GrabImageRGBD(): 10.8457ms
Frame 2462 end
Average processing time of GrabImageRGBD(): 10.8434ms
Frame 2463 end
Average processing time of GrabImageRGBD(): 10.8427ms
Frame 2464 end
Average processing time of GrabImageRGBD(): 10.8396ms
Frame 2465 end
Average processing time of GrabImageRGBD(): 10.8478ms
Frame 2466 end
Average processing time of GrabImageRGBD(): 10.8481ms
Frame 2467 end
Average processing time of GrabImageRGBD(): 10.8452ms
Frame 2468 end
Average processing time of GrabImageRGBD(): 10.8441ms
Frame 2469 end
Average processing time of GrabImageRGBD(): 10.8433ms
Frame 2470 end
Average processing time of GrabImageRGBD(): 10.8514ms
Frame 2471 end
Average processing time of GrabImageRGBD(): 10.8515ms
Frame 2472 end
Average processing time of GrabImageRGBD(): 10.8486ms
Frame 2473 end
Average processing time of GrabImageRGBD(): 10.8463ms
Frame 2474 end
Average processing time of GrabImageRGBD(): 10.8453ms
Frame 2475 end
Average processing time of GrabImageRGBD(): 10.8431ms
Frame 2476 end
Average processing time of GrabImageRGBD(): 10.8516ms
Frame 2477 end
Average processing time of GrabImageRGBD(): 10.8506ms
Frame 2478 end
Average processing time of GrabImageRGBD(): 10.8505ms
Frame 2479 end
Average processing time of GrabImageRGBD(): 10.8493ms
Frame 2480 end
Average processing time of GrabImageRGBD(): 10.8465ms
Frame 2481 end
Average processing time of GrabImageRGBD(): 10.8457ms
Frame 2482 end
Average processing time of GrabImageRGBD(): 10.8453ms
Frame 2483 end
Average processing time of GrabImageRGBD(): 10.8528ms
Frame 2484 end
Average processing time of GrabImageRGBD(): 10.8531ms
Frame 2485 end
Average processing time of GrabImageRGBD(): 10.854ms
Frame 2486 end
Average processing time of GrabImageRGBD(): 10.8512ms
Frame 2487 end
Average processing time of GrabImageRGBD(): 10.8485ms
Frame 2488 end
Average processing time of GrabImageRGBD(): 10.848ms
Frame 2489 end
Average processing time of GrabImageRGBD(): 10.8486ms
Frame 2490 end
Average processing time of GrabImageRGBD(): 10.8479ms
Frame 2491 end
Average processing time of GrabImageRGBD(): 10.8572ms
Frame 2492 end
Average processing time of GrabImageRGBD(): 10.8571ms
Frame 2493 end
Average processing time of GrabImageRGBD(): 10.8548ms
Frame 2494 end
Average processing time of GrabImageRGBD(): 10.8519ms
Frame 2495 end
Average processing time of GrabImageRGBD(): 10.8491ms
Frame 2496 end
Average processing time of GrabImageRGBD(): 10.8577ms
Frame 2497 end
Average processing time of GrabImageRGBD(): 10.858ms
Frame 2498 end
Average processing time of GrabImageRGBD(): 10.8552ms
Frame 2499 end
Average processing time of GrabImageRGBD(): 10.8526ms
Frame 2500 end
Average processing time of GrabImageRGBD(): 10.8497ms
Frame 2501 end
Average processing time of GrabImageRGBD(): 10.8504ms
Frame 2502 end
Average processing time of GrabImageRGBD(): 10.8474ms
Frame 2503 end
Average processing time of GrabImageRGBD(): 10.8482ms
Frame 2504 end
Average processing time of GrabImageRGBD(): 10.8475ms
Frame 2505 end
Average processing time of GrabImageRGBD(): 10.8446ms
Frame 2506 end
Average processing time of GrabImageRGBD(): 10.8532ms
Frame 2507 end
Average processing time of GrabImageRGBD(): 10.8528ms
Frame 2508 end
Average processing time of GrabImageRGBD(): 10.8499ms
Frame 2509 end
Average processing time of GrabImageRGBD(): 10.8469ms
Frame 2510 end
Average processing time of GrabImageRGBD(): 10.846ms
Frame 2511 end
Average processing time of GrabImageRGBD(): 10.8463ms
Frame 2512 end
Average processing time of GrabImageRGBD(): 10.8538ms
Frame 2513 end
Average processing time of GrabImageRGBD(): 10.8534ms
Frame 2514 end
Average processing time of GrabImageRGBD(): 10.8505ms
Frame 2515 end
Average processing time of GrabImageRGBD(): 10.8496ms
Frame 2516 end
Average processing time of GrabImageRGBD(): 10.8467ms
Frame 2517 end
Average processing time of GrabImageRGBD(): 10.8456ms
Frame 2518 end
Average processing time of GrabImageRGBD(): 10.8426ms
Frame 2519 end
Average processing time of GrabImageRGBD(): 10.8397ms
Frame 2520 end
Average processing time of GrabImageRGBD(): 10.8468ms
Frame 2521 end
Average processing time of GrabImageRGBD(): 10.8465ms
Frame 2522 end
Average processing time of GrabImageRGBD(): 10.8455ms
Frame 2523 end
Average processing time of GrabImageRGBD(): 10.8434ms
Frame 2524 end
Average processing time of GrabImageRGBD(): 10.8413ms
Frame 2525 end
Average processing time of GrabImageRGBD(): 10.8386ms
Frame 2526 end
Average processing time of GrabImageRGBD(): 10.837ms
Frame 2527 end
Average processing time of GrabImageRGBD(): 10.8443ms
Frame 2528 end
Average processing time of GrabImageRGBD(): 10.8428ms
Frame 2529 end
Average processing time of GrabImageRGBD(): 10.8417ms
Frame 2530 end
Average processing time of GrabImageRGBD(): 10.8406ms
Frame 2531 end
Average processing time of GrabImageRGBD(): 10.8376ms
Frame 2532 end
Average processing time of GrabImageRGBD(): 10.8363ms
Frame 2533 end
Average processing time of GrabImageRGBD(): 10.8337ms
Frame 2534 end
Average processing time of GrabImageRGBD(): 10.8413ms
Frame 2535 end
Average processing time of GrabImageRGBD(): 10.8413ms
Frame 2536 end
Average processing time of GrabImageRGBD(): 10.8383ms
Frame 2537 end
Average processing time of GrabImageRGBD(): 10.8354ms
Frame 2538 end
Average processing time of GrabImageRGBD(): 10.8325ms
Frame 2539 end
Average processing time of GrabImageRGBD(): 10.8295ms
Frame 2540 end
Average processing time of GrabImageRGBD(): 10.8279ms
Frame 2541 end
Average processing time of GrabImageRGBD(): 10.8263ms
Frame 2542 end
Average processing time of GrabImageRGBD(): 10.834ms
Frame 2543 end
Average processing time of GrabImageRGBD(): 10.8316ms
Frame 2544 end
Average processing time of GrabImageRGBD(): 10.8297ms
Frame 2545 end
Average processing time of GrabImageRGBD(): 10.8289ms
Frame 2546 end
Average processing time of GrabImageRGBD(): 10.8263ms
Frame 2547 end
Average processing time of GrabImageRGBD(): 10.8263ms
Frame 2548 end
Average processing time of GrabImageRGBD(): 10.8236ms
Frame 2549 end
Average processing time of GrabImageRGBD(): 10.8207ms
Frame 2550 end
Average processing time of GrabImageRGBD(): 10.8188ms
Frame 2551 end
Average processing time of GrabImageRGBD(): 10.827ms
Frame 2552 end
Average processing time of GrabImageRGBD(): 10.8264ms
Frame 2553 end
Average processing time of GrabImageRGBD(): 10.8236ms
Frame 2554 end
Average processing time of GrabImageRGBD(): 10.8223ms
Frame 2555 end
Average processing time of GrabImageRGBD(): 10.8194ms
Frame 2556 end
Average processing time of GrabImageRGBD(): 10.8178ms
Frame 2557 end
Average processing time of GrabImageRGBD(): 10.8158ms
Frame 2558 end
Average processing time of GrabImageRGBD(): 10.8132ms
Frame 2559 end
Average processing time of GrabImageRGBD(): 10.8106ms
Frame 2560 end
Average processing time of GrabImageRGBD(): 10.8183ms
Frame 2561 end
Average processing time of GrabImageRGBD(): 10.8185ms
Frame 2562 end
Average processing time of GrabImageRGBD(): 10.8155ms
Frame 2563 end
Average processing time of GrabImageRGBD(): 10.8126ms
Frame 2564 end
Average processing time of GrabImageRGBD(): 10.8112ms
Frame 2565 end
Average processing time of GrabImageRGBD(): 10.8091ms
Frame 2566 end
Average processing time of GrabImageRGBD(): 10.8074ms
Frame 2567 end
Average processing time of GrabImageRGBD(): 10.8044ms
Frame 2568 end
Average processing time of GrabImageRGBD(): 10.8017ms
Frame 2569 end
Average processing time of GrabImageRGBD(): 10.7999ms
Frame 2570 end
Average processing time of GrabImageRGBD(): 10.808ms
Frame 2571 end
Average processing time of GrabImageRGBD(): 10.8063ms
Frame 2572 end
Average processing time of GrabImageRGBD(): 10.805ms
Frame 2573 end
Average processing time of GrabImageRGBD(): 10.8032ms
Frame 2574 end
Average processing time of GrabImageRGBD(): 10.8003ms
Frame 2575 end
Average processing time of GrabImageRGBD(): 10.7974ms
Frame 2576 end
Average processing time of GrabImageRGBD(): 10.7959ms
Frame 2577 end
Average processing time of GrabImageRGBD(): 10.7929ms
Frame 2578 end
Average processing time of GrabImageRGBD(): 10.7911ms
Frame 2579 end
Average processing time of GrabImageRGBD(): 10.7989ms
Frame 2580 end
Average processing time of GrabImageRGBD(): 10.7972ms
Frame 2581 end
Average processing time of GrabImageRGBD(): 10.7962ms
Frame 2582 end
Average processing time of GrabImageRGBD(): 10.7949ms
Frame 2583 end
Average processing time of GrabImageRGBD(): 10.7924ms
Frame 2584 end
Average processing time of GrabImageRGBD(): 10.7909ms
Frame 2585 end
Average processing time of GrabImageRGBD(): 10.7894ms
Frame 2586 end
Average processing time of GrabImageRGBD(): 10.7865ms
Frame 2587 end
Average processing time of GrabImageRGBD(): 10.794ms
Frame 2588 end
Average processing time of GrabImageRGBD(): 10.7939ms
Frame 2589 end
Average processing time of GrabImageRGBD(): 10.7911ms
Frame 2590 end
Average processing time of GrabImageRGBD(): 10.7902ms
Frame 2591 end
Average processing time of GrabImageRGBD(): 10.7894ms
Frame 2592 end
Average processing time of GrabImageRGBD(): 10.7866ms
Frame 2593 end
Average processing time of GrabImageRGBD(): 10.7837ms
Frame 2594 end
Average processing time of GrabImageRGBD(): 10.7809ms
Frame 2595 end
Average processing time of GrabImageRGBD(): 10.7913ms
Frame 2596 end
Average processing time of GrabImageRGBD(): 10.7909ms
Frame 2597 end
Average processing time of GrabImageRGBD(): 10.7882ms
Frame 2598 end
Average processing time of GrabImageRGBD(): 10.7858ms
Frame 2599 end
Average processing time of GrabImageRGBD(): 10.7835ms
Frame 2600 end
Average processing time of GrabImageRGBD(): 10.7811ms
Frame 2601 end
Average processing time of GrabImageRGBD(): 10.7781ms
Frame 2602 end
Average processing time of GrabImageRGBD(): 10.7864ms
Frame 2603 end
Average processing time of GrabImageRGBD(): 10.7868ms
Frame 2604 end
Average processing time of GrabImageRGBD(): 10.7861ms
Frame 2605 end
Average processing time of GrabImageRGBD(): 10.7834ms
Frame 2606 end
Average processing time of GrabImageRGBD(): 10.7825ms
Frame 2607 end
Average processing time of GrabImageRGBD(): 10.7817ms
Frame 2608 end
Average processing time of GrabImageRGBD(): 10.7789ms
Frame 2609 end
Average processing time of GrabImageRGBD(): 10.786ms
Frame 2610 end
Average processing time of GrabImageRGBD(): 10.7841ms
Frame 2611 end
Average processing time of GrabImageRGBD(): 10.7826ms
Frame 2612 end
Average processing time of GrabImageRGBD(): 10.7798ms
Frame 2613 end
Average processing time of GrabImageRGBD(): 10.7784ms
Frame 2614 end
Average processing time of GrabImageRGBD(): 10.7768ms
Frame 2615 end
Average processing time of GrabImageRGBD(): 10.7749ms
Frame 2616 end
Average processing time of GrabImageRGBD(): 10.772ms
Frame 2617 end
Average processing time of GrabImageRGBD(): 10.7797ms
Frame 2618 end
Average processing time of GrabImageRGBD(): 10.7773ms
Frame 2619 end
Average processing time of GrabImageRGBD(): 10.7759ms
Frame 2620 end
Average processing time of GrabImageRGBD(): 10.7744ms
Frame 2621 end
Average processing time of GrabImageRGBD(): 10.7713ms
Frame 2622 end
Average processing time of GrabImageRGBD(): 10.7685ms
Frame 2623 end
Average processing time of GrabImageRGBD(): 10.7655ms
Frame 2624 end
Average processing time of GrabImageRGBD(): 10.7636ms
Frame 2625 end
Average processing time of GrabImageRGBD(): 10.7705ms
Frame 2626 end
Average processing time of GrabImageRGBD(): 10.7702ms
Frame 2627 end
Average processing time of GrabImageRGBD(): 10.7694ms
Frame 2628 end
Average processing time of GrabImageRGBD(): 10.7693ms
Frame 2629 end
Average processing time of GrabImageRGBD(): 10.7683ms
Frame 2630 end
Average processing time of GrabImageRGBD(): 10.768ms
Frame 2631 end
Average processing time of GrabImageRGBD(): 10.7782ms
Frame 2632 end
Average processing time of GrabImageRGBD(): 10.7792ms
Frame 2633 end
Average processing time of GrabImageRGBD(): 10.7895ms
Frame 2634 end
Average processing time of GrabImageRGBD(): 10.7901ms
Frame 2635 end
Average processing time of GrabImageRGBD(): 10.7989ms
Frame 2636 end
Average processing time of GrabImageRGBD(): 10.7995ms
Frame 2637 end
Average processing time of GrabImageRGBD(): 10.8094ms
Frame 2638 end
Average processing time of GrabImageRGBD(): 10.8099ms
Frame 2639 end
Average processing time of GrabImageRGBD(): 10.8197ms
Frame 2640 end
Average processing time of GrabImageRGBD(): 10.8363ms
Frame 2641 end
Average processing time of GrabImageRGBD(): 10.8358ms
Frame 2642 end
Average processing time of GrabImageRGBD(): 10.8346ms
Frame 2643 end
Average processing time of GrabImageRGBD(): 10.8349ms
Frame 2644 end
Average processing time of GrabImageRGBD(): 10.8348ms
Frame 2645 end
Average processing time of GrabImageRGBD(): 10.8346ms
Frame 2646 end
Average processing time of GrabImageRGBD(): 10.8346ms
Frame 2647 end
Average processing time of GrabImageRGBD(): 10.844ms
Frame 2648 end
Average processing time of GrabImageRGBD(): 10.8573ms
Frame 2649 end
Average processing time of GrabImageRGBD(): 10.8579ms
Frame 2650 end
Average processing time of GrabImageRGBD(): 10.8566ms
Frame 2651 end
Average processing time of GrabImageRGBD(): 10.8564ms
Frame 2652 end
Average processing time of GrabImageRGBD(): 10.8564ms
Frame 2653 end
Average processing time of GrabImageRGBD(): 10.8558ms
Frame 2654 end
Average processing time of GrabImageRGBD(): 10.8551ms
Frame 2655 end
Average processing time of GrabImageRGBD(): 10.8541ms
Frame 2656 end
Average processing time of GrabImageRGBD(): 10.8524ms
Frame 2657 end
Average processing time of GrabImageRGBD(): 10.8501ms
Frame 2658 end
Average processing time of GrabImageRGBD(): 10.8477ms
Frame 2659 end
Average processing time of GrabImageRGBD(): 10.8545ms
Frame 2660 end
Average processing time of GrabImageRGBD(): 10.852ms
Frame 2661 end
Average processing time of GrabImageRGBD(): 10.8492ms
Frame 2662 end
Average processing time of GrabImageRGBD(): 10.8467ms
Frame 2663 end
Average processing time of GrabImageRGBD(): 10.8439ms
Frame 2664 end
Average processing time of GrabImageRGBD(): 10.8411ms
Frame 2665 end
Average processing time of GrabImageRGBD(): 10.8396ms
Frame 2666 end
Average processing time of GrabImageRGBD(): 10.8373ms
Frame 2667 end
Average processing time of GrabImageRGBD(): 10.8354ms
Frame 2668 end
Average processing time of GrabImageRGBD(): 10.8436ms
Frame 2669 end
Average processing time of GrabImageRGBD(): 10.8416ms
Frame 2670 end
Average processing time of GrabImageRGBD(): 10.8388ms
Frame 2671 end
Average processing time of GrabImageRGBD(): 10.8466ms
Frame 2672 end
Average processing time of GrabImageRGBD(): 10.8448ms
Frame 2673 end
Average processing time of GrabImageRGBD(): 10.8522ms
Frame 2674 end
Average processing time of GrabImageRGBD(): 10.8505ms
Frame 2675 end
Average processing time of GrabImageRGBD(): 10.858ms
Frame 2676 end
Average processing time of GrabImageRGBD(): 10.8569ms
Frame 2677 end
Average processing time of GrabImageRGBD(): 10.8663ms
Frame 2678 end
Average processing time of GrabImageRGBD(): 10.8646ms
Frame 2679 end
Average processing time of GrabImageRGBD(): 10.8618ms
Frame 2680 end
Average processing time of GrabImageRGBD(): 10.8693ms
Frame 2681 end
Average processing time of GrabImageRGBD(): 10.8673ms
Frame 2682 end
Average processing time of GrabImageRGBD(): 10.8751ms
Frame 2683 end
Average processing time of GrabImageRGBD(): 10.874ms
Frame 2684 end
Average processing time of GrabImageRGBD(): 10.8818ms
Frame 2685 end
Average processing time of GrabImageRGBD(): 10.8811ms
Frame 2686 end
Average processing time of GrabImageRGBD(): 10.8884ms
Frame 2687 end
Average processing time of GrabImageRGBD(): 10.8866ms
Frame 2688 end
Average processing time of GrabImageRGBD(): 10.8943ms
Frame 2689 end
Average processing time of GrabImageRGBD(): 10.8922ms
Frame 2690 end
Average processing time of GrabImageRGBD(): 10.8893ms
Frame 2691 end
Average processing time of GrabImageRGBD(): 10.8877ms
Frame 2692 end
Average processing time of GrabImageRGBD(): 10.8959ms
Frame 2693 end
Average processing time of GrabImageRGBD(): 10.8953ms
Frame 2694 end
Average processing time of GrabImageRGBD(): 10.8926ms
Frame 2695 end
Average processing time of GrabImageRGBD(): 10.8899ms
Frame 2696 end
Average processing time of GrabImageRGBD(): 10.8883ms
Frame 2697 end
Average processing time of GrabImageRGBD(): 10.8856ms
Frame 2698 end
Average processing time of GrabImageRGBD(): 10.8827ms
Frame 2699 end
Average processing time of GrabImageRGBD(): 10.8807ms
Frame 2700 end
Average processing time of GrabImageRGBD(): 10.8783ms
Frame 2701 end
Average processing time of GrabImageRGBD(): 10.8858ms
Frame 2702 end
Average processing time of GrabImageRGBD(): 10.885ms
Frame 2703 end
Average processing time of GrabImageRGBD(): 10.8833ms
Frame 2704 end
Average processing time of GrabImageRGBD(): 10.8804ms
Frame 2705 end
Average processing time of GrabImageRGBD(): 10.8789ms
Frame 2706 end
Average processing time of GrabImageRGBD(): 10.8761ms
Frame 2707 end
Average processing time of GrabImageRGBD(): 10.8732ms
Frame 2708 end
Average processing time of GrabImageRGBD(): 10.8703ms
Frame 2709 end
Average processing time of GrabImageRGBD(): 10.8684ms
Frame 2710 end
Average processing time of GrabImageRGBD(): 10.8756ms
Frame 2711 end
Average processing time of GrabImageRGBD(): 10.8748ms
Frame 2712 end
Average processing time of GrabImageRGBD(): 10.8719ms
Frame 2713 end
Average processing time of GrabImageRGBD(): 10.869ms
Frame 2714 end
Average processing time of GrabImageRGBD(): 10.8674ms
Frame 2715 end
Average processing time of GrabImageRGBD(): 10.8658ms
Frame 2716 end
Average processing time of GrabImageRGBD(): 10.8629ms
Frame 2717 end
Average processing time of GrabImageRGBD(): 10.86ms
Frame 2718 end
Average processing time of GrabImageRGBD(): 10.858ms
Frame 2719 end
Average processing time of GrabImageRGBD(): 10.8664ms
Frame 2720 end
Average processing time of GrabImageRGBD(): 10.8736ms
Frame 2721 end
Average processing time of GrabImageRGBD(): 10.8714ms
Frame 2722 end
Average processing time of GrabImageRGBD(): 10.8788ms
Frame 2723 end
Average processing time of GrabImageRGBD(): 10.8781ms
Frame 2724 end
Average processing time of GrabImageRGBD(): 10.8847ms
Frame 2725 end
Average processing time of GrabImageRGBD(): 10.8939ms
Frame 2726 end
Average processing time of GrabImageRGBD(): 10.8932ms
Frame 2727 end
Average processing time of GrabImageRGBD(): 10.9006ms
Frame 2728 end
Average processing time of GrabImageRGBD(): 10.9094ms
Frame 2729 end
Average processing time of GrabImageRGBD(): 10.9201ms
Frame 2730 end
Average processing time of GrabImageRGBD(): 10.9341ms
Frame 2731 end
Average processing time of GrabImageRGBD(): 10.9447ms
Frame 2732 end
Average processing time of GrabImageRGBD(): 10.956ms
Frame 2733 end
Average processing time of GrabImageRGBD(): 10.966ms
Frame 2734 end
Average processing time of GrabImageRGBD(): 10.9779ms
Frame 2735 end
Average processing time of GrabImageRGBD(): 10.989ms
Frame 2736 end
Average processing time of GrabImageRGBD(): 10.9901ms
Frame 2737 end
Average processing time of GrabImageRGBD(): 10.9908ms
Frame 2738 end
Average processing time of GrabImageRGBD(): 10.9914ms
Frame 2739 end
Average processing time of GrabImageRGBD(): 11.0002ms
Frame 2740 end
Average processing time of GrabImageRGBD(): 11.0112ms
Frame 2741 end
Average processing time of GrabImageRGBD(): 11.0122ms
Frame 2742 end
Average processing time of GrabImageRGBD(): 11.0126ms
Frame 2743 end
Average processing time of GrabImageRGBD(): 11.0131ms
Frame 2744 end
Average processing time of GrabImageRGBD(): 11.0136ms
Frame 2745 end
Average processing time of GrabImageRGBD(): 11.0227ms
Frame 2746 end
Average processing time of GrabImageRGBD(): 11.0235ms
Frame 2747 end
Average processing time of GrabImageRGBD(): 11.033ms
Frame 2748 end
Average processing time of GrabImageRGBD(): 11.0343ms
Frame 2749 end
Average processing time of GrabImageRGBD(): 11.0354ms
Frame 2750 end
Average processing time of GrabImageRGBD(): 11.0442ms
Frame 2751 end
Average processing time of GrabImageRGBD(): 11.046ms
Frame 2752 end
Average processing time of GrabImageRGBD(): 11.0467ms
Frame 2753 end
Average processing time of GrabImageRGBD(): 11.0487ms
Frame 2754 end
Average processing time of GrabImageRGBD(): 11.0572ms
Frame 2755 end
Average processing time of GrabImageRGBD(): 11.0595ms
Frame 2756 end
Average processing time of GrabImageRGBD(): 11.0606ms
Frame 2757 end
Average processing time of GrabImageRGBD(): 11.0693ms
Frame 2758 end
Average processing time of GrabImageRGBD(): 11.0726ms
Frame 2759 end
Average processing time of GrabImageRGBD(): 11.0808ms
Frame 2760 end
Average processing time of GrabImageRGBD(): 11.0841ms
Frame 2761 end
Average processing time of GrabImageRGBD(): 11.0859ms
Frame 2762 end
Average processing time of GrabImageRGBD(): 11.0949ms
Frame 2763 end
Average processing time of GrabImageRGBD(): 11.0968ms
Frame 2764 end
Average processing time of GrabImageRGBD(): 11.0983ms
Frame 2765 end
Average processing time of GrabImageRGBD(): 11.1076ms
Frame 2766 end
Average processing time of GrabImageRGBD(): 11.1095ms
Frame 2767 end
Average processing time of GrabImageRGBD(): 11.1117ms
Frame 2768 end
Average processing time of GrabImageRGBD(): 11.1206ms
Frame 2769 end
Average processing time of GrabImageRGBD(): 11.1228ms
Frame 2770 end
Average processing time of GrabImageRGBD(): 11.1244ms
Frame 2771 end
Average processing time of GrabImageRGBD(): 11.133ms
Frame 2772 end
Average processing time of GrabImageRGBD(): 11.135ms
Frame 2773 end
Average processing time of GrabImageRGBD(): 11.136ms
Frame 2774 end
Average processing time of GrabImageRGBD(): 11.1445ms
Frame 2775 end
Average processing time of GrabImageRGBD(): 11.146ms
Frame 2776 end
Average processing time of GrabImageRGBD(): 11.1474ms
Frame 2777 end
Average processing time of GrabImageRGBD(): 11.1555ms
Frame 2778 end
Average processing time of GrabImageRGBD(): 11.1569ms
Frame 2779 end
Average processing time of GrabImageRGBD(): 11.1585ms
Frame 2780 end
Average processing time of GrabImageRGBD(): 11.1662ms
Frame 2781 end
Average processing time of GrabImageRGBD(): 11.1689ms
Frame 2782 end
Average processing time of GrabImageRGBD(): 11.1775ms
Frame 2783 end
Average processing time of GrabImageRGBD(): 11.1794ms
Frame 2784 end
Average processing time of GrabImageRGBD(): 11.1827ms
Frame 2785 end
Average processing time of GrabImageRGBD(): 11.1829ms
Frame 2786 end
Average processing time of GrabImageRGBD(): 11.1914ms
Frame 2787 end
Average processing time of GrabImageRGBD(): 11.1941ms
Frame 2788 end
Average processing time of GrabImageRGBD(): 11.197ms
Frame 2789 end
Average processing time of GrabImageRGBD(): 11.1981ms
Frame 2790 end
Average processing time of GrabImageRGBD(): 11.208ms
Frame 2791 end
Average processing time of GrabImageRGBD(): 11.2206ms
Frame 2792 end
Average processing time of GrabImageRGBD(): 11.2308ms
Frame 2793 end
Average processing time of GrabImageRGBD(): 11.232ms
Frame 2794 end
Average processing time of GrabImageRGBD(): 11.2398ms
Frame 2795 end
Average processing time of GrabImageRGBD(): 11.2413ms
Frame 2796 end
Average processing time of GrabImageRGBD(): 11.2501ms
Frame 2797 end
Average processing time of GrabImageRGBD(): 11.2515ms
Frame 2798 end
Average processing time of GrabImageRGBD(): 11.2515ms
Frame 2799 end
Average processing time of GrabImageRGBD(): 11.2527ms
Frame 2800 end
Average processing time of GrabImageRGBD(): 11.2602ms
Frame 2801 end
Average processing time of GrabImageRGBD(): 11.2629ms
Frame 2802 end
Average processing time of GrabImageRGBD(): 11.2631ms
Frame 2803 end
Average processing time of GrabImageRGBD(): 11.2713ms
Frame 2804 end
Average processing time of GrabImageRGBD(): 11.2729ms
Frame 2805 end
Average processing time of GrabImageRGBD(): 11.2761ms
Frame 2806 end
Average processing time of GrabImageRGBD(): 11.2775ms
Frame 2807 end
Average processing time of GrabImageRGBD(): 11.285ms
Frame 2808 end
Average processing time of GrabImageRGBD(): 11.2868ms
Frame 2809 end
Average processing time of GrabImageRGBD(): 11.2888ms
Frame 2810 end
Average processing time of GrabImageRGBD(): 11.2969ms
Frame 2811 end
Average processing time of GrabImageRGBD(): 11.2983ms
Frame 2812 end
Average processing time of GrabImageRGBD(): 11.3002ms
Frame 2813 end
Average processing time of GrabImageRGBD(): 11.3084ms
Frame 2814 end
Average processing time of GrabImageRGBD(): 11.3098ms
Frame 2815 end
Average processing time of GrabImageRGBD(): 11.3118ms
Frame 2816 end
Average processing time of GrabImageRGBD(): 11.3208ms
Frame 2817 end
Average processing time of GrabImageRGBD(): 11.3226ms
Frame 2818 end
Average processing time of GrabImageRGBD(): 11.3241ms
Frame 2819 end
Average processing time of GrabImageRGBD(): 11.3321ms
Frame 2820 end
Average processing time of GrabImageRGBD(): 11.3339ms
Frame 2821 end
Average processing time of GrabImageRGBD(): 11.3355ms
Frame 2822 end
Not enough matches for SearchByOpticalFlow() !!
TRACK_REF_KF: Less than 15 matches!!
Fail to track local map!!!!!!!!!!!!!!!
Average processing time of GrabImageRGBD(): 11.3418ms
Frame 2823 end
Not enough matches for SearchByOpticalFlow() !!
Relocalized!!
Average processing time of GrabImageRGBD(): 11.3523ms
Frame 2824 end
Average processing time of GrabImageRGBD(): 11.3506ms
Frame 2825 end
Average processing time of GrabImageRGBD(): 11.3487ms
Frame 2826 end
Average processing time of GrabImageRGBD(): 11.346ms
Frame 2827 end
Average processing time of GrabImageRGBD(): 11.3447ms
Frame 2828 end
Average processing time of GrabImageRGBD(): 11.3418ms
Frame 2829 end
Average processing time of GrabImageRGBD(): 11.3387ms
Frame 2830 end
Average processing time of GrabImageRGBD(): 11.336ms
Frame 2831 end
Average processing time of GrabImageRGBD(): 11.333ms
Frame 2832 end
Average processing time of GrabImageRGBD(): 11.33ms
Frame 2833 end
Average processing time of GrabImageRGBD(): 11.3269ms
Frame 2834 end
Average processing time of GrabImageRGBD(): 11.3238ms
Frame 2835 end
Average processing time of GrabImageRGBD(): 11.321ms
Frame 2836 end
Average processing time of GrabImageRGBD(): 11.3181ms
Frame 2837 end
Average processing time of GrabImageRGBD(): 11.3152ms
Frame 2838 end
Average processing time of GrabImageRGBD(): 11.3122ms
Frame 2839 end
Average processing time of GrabImageRGBD(): 11.3092ms
Frame 2840 end
Average processing time of GrabImageRGBD(): 11.3062ms
Frame 2841 end
Average processing time of GrabImageRGBD(): 11.3033ms
Frame 2842 end
Not enough matches for SearchByOpticalFlow() !!
Average processing time of GrabImageRGBD(): 11.3001ms
Frame 2843 end
Not enough matches for SearchByOpticalFlow() !!
Average processing time of GrabImageRGBD(): 11.2967ms
Frame 2844 end
Not enough matches for SearchByOpticalFlow() !!
Average processing time of GrabImageRGBD(): 11.2934ms
Frame 2845 end
Not enough matches for SearchByOpticalFlow() !!
Average processing time of GrabImageRGBD(): 11.2902ms
Frame 2846 end
Not enough matches for SearchByOpticalFlow() !!
Average processing time of GrabImageRGBD(): 11.2871ms
Frame 2847 end
Not enough matches for SearchByOpticalFlow() !!
Average processing time of GrabImageRGBD(): 11.2839ms
Frame 2848 end
Not enough matches for SearchByOpticalFlow() !!
Average processing time of GrabImageRGBD(): 11.2809ms
Frame 2849 end
Not enough matches for SearchByOpticalFlow() !!
Average processing time of GrabImageRGBD(): 11.2777ms
Frame 2850 end
Not enough matches for SearchByOpticalFlow() !!
Average processing time of GrabImageRGBD(): 11.2745ms
Frame 2851 end
Not enough matches for SearchByOpticalFlow() !!
Average processing time of GrabImageRGBD(): 11.2713ms
Frame 2852 end
Not enough matches for SearchByOpticalFlow() !!
Average processing time of GrabImageRGBD(): 11.2682ms
Frame 2853 end
Not enough matches for SearchByOpticalFlow() !!
TRACK_REF_KF: Less than 15 matches!!
Fail to track local map!!!!!!!!!!!!!!!
Average processing time of GrabImageRGBD(): 11.2717ms
Frame 2854 end
Not enough matches for SearchByOpticalFlow() !!
Fail to track local map!!!!!!!!!!!!!!!
Average processing time of GrabImageRGBD(): 11.276ms
Frame 2855 end
Not enough matches for SearchByOpticalFlow() !!
Fail to track local map!!!!!!!!!!!!!!!
Average processing time of GrabImageRGBD(): 11.2797ms
Frame 2856 end
Not enough matches for SearchByOpticalFlow() !!
Fail to track local map!!!!!!!!!!!!!!!
Average processing time of GrabImageRGBD(): 11.2834ms
Frame 2857 end
Not enough matches for SearchByOpticalFlow() !!
Fail to track local map!!!!!!!!!!!!!!!
Average processing time of GrabImageRGBD(): 11.2871ms
Frame 2858 end
Not enough matches for SearchByOpticalFlow() !!
Fail to track local map!!!!!!!!!!!!!!!
Average processing time of GrabImageRGBD(): 11.291ms
Frame 2859 end
Not enough matches for SearchByOpticalFlow() !!
Fail to track local map!!!!!!!!!!!!!!!
Average processing time of GrabImageRGBD(): 11.2952ms
Frame 2860 end
Not enough matches for SearchByOpticalFlow() !!
Fail to track local map!!!!!!!!!!!!!!!
Average processing time of GrabImageRGBD(): 11.2993ms
Frame 2861 end
Not enough matches for SearchByOpticalFlow() !!
Fail to track local map!!!!!!!!!!!!!!!
Average processing time of GrabImageRGBD(): 11.3031ms
Frame 2862 end
Not enough matches for SearchByOpticalFlow() !!
Fail to track local map!!!!!!!!!!!!!!!
Average processing time of GrabImageRGBD(): 11.307ms
Frame 2863 end
Not enough matches for SearchByOpticalFlow() !!
Fail to track local map!!!!!!!!!!!!!!!
Average processing time of GrabImageRGBD(): 11.3109ms
Frame 2864 end
Not enough matches for SearchByOpticalFlow() !!
Fail to track local map!!!!!!!!!!!!!!!
Average processing time of GrabImageRGBD(): 11.3152ms
Frame 2865 end
Not enough matches for SearchByOpticalFlow() !!
Fail to track local map!!!!!!!!!!!!!!!
Average processing time of GrabImageRGBD(): 11.321ms
Frame 2866 end
Not enough matches for SearchByOpticalFlow() !!
Fail to track local map!!!!!!!!!!!!!!!
Average processing time of GrabImageRGBD(): 11.3248ms
Frame 2867 end
Not enough matches for SearchByOpticalFlow() !!
Fail to track local map!!!!!!!!!!!!!!!
Average processing time of GrabImageRGBD(): 11.3287ms
Frame 2868 end
Not enough matches for SearchByOpticalFlow() !!
Fail to track local map!!!!!!!!!!!!!!!
Average processing time of GrabImageRGBD(): 11.3326ms
Frame 2869 end
Not enough matches for SearchByOpticalFlow() !!
Fail to track local map!!!!!!!!!!!!!!!
Average processing time of GrabImageRGBD(): 11.3369ms
Frame 2870 end
Not enough matches for SearchByOpticalFlow() !!
Fail to track local map!!!!!!!!!!!!!!!
Average processing time of GrabImageRGBD(): 11.3412ms
Frame 2871 end
Not enough matches for SearchByOpticalFlow() !!
Fail to track local map!!!!!!!!!!!!!!!
Average processing time of GrabImageRGBD(): 11.3455ms
Frame 2872 end
Not enough matches for SearchByOpticalFlow() !!
Fail to track local map!!!!!!!!!!!!!!!
Average processing time of GrabImageRGBD(): 11.3496ms
Frame 2873 end
Not enough matches for SearchByOpticalFlow() !!
Fail to track local map!!!!!!!!!!!!!!!
Average processing time of GrabImageRGBD(): 11.3535ms
Frame 2874 end
Not enough matches for SearchByOpticalFlow() !!
Fail to track local map!!!!!!!!!!!!!!!
Average processing time of GrabImageRGBD(): 11.3593ms
Frame 2875 end
Not enough matches for SearchByOpticalFlow() !!
Fail to track local map!!!!!!!!!!!!!!!
Average processing time of GrabImageRGBD(): 11.3634ms
Frame 2876 end
Not enough matches for SearchByOpticalFlow() !!
Fail to track local map!!!!!!!!!!!!!!!
Average processing time of GrabImageRGBD(): 11.3672ms
Frame 2877 end
Not enough matches for SearchByOpticalFlow() !!
Fail to track local map!!!!!!!!!!!!!!!
Average processing time of GrabImageRGBD(): 11.3711ms
Frame 2878 end
Not enough matches for SearchByOpticalFlow() !!
Fail to track local map!!!!!!!!!!!!!!!
Average processing time of GrabImageRGBD(): 11.375ms
Frame 2879 end
Not enough matches for SearchByOpticalFlow() !!
Fail to track local map!!!!!!!!!!!!!!!
Average processing time of GrabImageRGBD(): 11.3795ms
Frame 2880 end
Not enough matches for SearchByOpticalFlow() !!
Fail to track local map!!!!!!!!!!!!!!!
Average processing time of GrabImageRGBD(): 11.3839ms
Frame 2881 end
Not enough matches for SearchByOpticalFlow() !!
Fail to track local map!!!!!!!!!!!!!!!
Average processing time of GrabImageRGBD(): 11.388ms
Frame 2882 end
Not enough matches for SearchByOpticalFlow() !!
Fail to track local map!!!!!!!!!!!!!!!
Average processing time of GrabImageRGBD(): 11.3916ms
Frame 2883 end
Not enough matches for SearchByOpticalFlow() !!
Fail to track local map!!!!!!!!!!!!!!!
Average processing time of GrabImageRGBD(): 11.3963ms
Frame 2884 end
Not enough matches for SearchByOpticalFlow() !!
Fail to track local map!!!!!!!!!!!!!!!
Average processing time of GrabImageRGBD(): 11.4005ms
Frame 2885 end
Not enough matches for SearchByOpticalFlow() !!
Fail to track local map!!!!!!!!!!!!!!!
Average processing time of GrabImageRGBD(): 11.405ms
Frame 2886 end
Not enough matches for SearchByOpticalFlow() !!
Fail to track local map!!!!!!!!!!!!!!!
Average processing time of GrabImageRGBD(): 11.4091ms
Frame 2887 end
Not enough matches for SearchByOpticalFlow() !!
Fail to track local map!!!!!!!!!!!!!!!
Average processing time of GrabImageRGBD(): 11.4146ms
Frame 2888 end
Not enough matches for SearchByOpticalFlow() !!
Fail to track local map!!!!!!!!!!!!!!!
Average processing time of GrabImageRGBD(): 11.4187ms
Frame 2889 end
Not enough matches for SearchByOpticalFlow() !!
Fail to track local map!!!!!!!!!!!!!!!
Average processing time of GrabImageRGBD(): 11.4225ms
Frame 2890 end
Not enough matches for SearchByOpticalFlow() !!
Fail to track local map!!!!!!!!!!!!!!!
Average processing time of GrabImageRGBD(): 11.4266ms
Frame 2891 end
Not enough matches for SearchByOpticalFlow() !!
Fail to track local map!!!!!!!!!!!!!!!
Average processing time of GrabImageRGBD(): 11.4303ms
Frame 2892 end
Not enough matches for SearchByOpticalFlow() !!
Fail to track local map!!!!!!!!!!!!!!!
Average processing time of GrabImageRGBD(): 11.4341ms
Frame 2893 end
Not enough matches for SearchByOpticalFlow() !!
Fail to track local map!!!!!!!!!!!!!!!
Average processing time of GrabImageRGBD(): 11.438ms
Frame 2894 end
Not enough matches for SearchByOpticalFlow() !!
Fail to track local map!!!!!!!!!!!!!!!
Average processing time of GrabImageRGBD(): 11.4418ms
Frame 2895 end
Not enough matches for SearchByOpticalFlow() !!
Fail to track local map!!!!!!!!!!!!!!!
Average processing time of GrabImageRGBD(): 11.4461ms
Frame 2896 end
Not enough matches for SearchByOpticalFlow() !!
Fail to track local map!!!!!!!!!!!!!!!
Average processing time of GrabImageRGBD(): 11.45ms
Frame 2897 end
Not enough matches for SearchByOpticalFlow() !!
Fail to track local map!!!!!!!!!!!!!!!
Average processing time of GrabImageRGBD(): 11.454ms
Frame 2898 end
Not enough matches for SearchByOpticalFlow() !!
Fail to track local map!!!!!!!!!!!!!!!
Average processing time of GrabImageRGBD(): 11.458ms
Frame 2899 end
Not enough matches for SearchByOpticalFlow() !!
Fail to track local map!!!!!!!!!!!!!!!
Average processing time of GrabImageRGBD(): 11.4619ms
Frame 2900 end
Not enough matches for SearchByOpticalFlow() !!
Fail to track local map!!!!!!!!!!!!!!!
Average processing time of GrabImageRGBD(): 11.4661ms
Frame 2901 end
Not enough matches for SearchByOpticalFlow() !!
Fail to track local map!!!!!!!!!!!!!!!
Average processing time of GrabImageRGBD(): 11.4702ms
Frame 2902 end
Not enough matches for SearchByOpticalFlow() !!
Fail to track local map!!!!!!!!!!!!!!!
Average processing time of GrabImageRGBD(): 11.4746ms
Frame 2903 end
Not enough matches for SearchByOpticalFlow() !!
Fail to track local map!!!!!!!!!!!!!!!
Average processing time of GrabImageRGBD(): 11.4787ms
Frame 2904 end
Not enough matches for SearchByOpticalFlow() !!
Fail to track local map!!!!!!!!!!!!!!!
Average processing time of GrabImageRGBD(): 11.4826ms
Frame 2905 end
Not enough matches for SearchByOpticalFlow() !!
Fail to track local map!!!!!!!!!!!!!!!
Average processing time of GrabImageRGBD(): 11.4869ms
Frame 2906 end
Not enough matches for SearchByOpticalFlow() !!
Fail to track local map!!!!!!!!!!!!!!!
Average processing time of GrabImageRGBD(): 11.4927ms
Frame 2907 end
Not enough matches for SearchByOpticalFlow() !!
Fail to track local map!!!!!!!!!!!!!!!
Average processing time of GrabImageRGBD(): 11.4965ms
Frame 2908 end
Not enough matches for SearchByOpticalFlow() !!
Fail to track local map!!!!!!!!!!!!!!!
Average processing time of GrabImageRGBD(): 11.5002ms
Frame 2909 end
Not enough matches for SearchByOpticalFlow() !!
Fail to track local map!!!!!!!!!!!!!!!
Average processing time of GrabImageRGBD(): 11.5041ms
Frame 2910 end
Not enough matches for SearchByOpticalFlow() !!
Fail to track local map!!!!!!!!!!!!!!!
Average processing time of GrabImageRGBD(): 11.5081ms
Frame 2911 end
Not enough matches for SearchByOpticalFlow() !!
Fail to track local map!!!!!!!!!!!!!!!
Average processing time of GrabImageRGBD(): 11.5119ms
Frame 2912 end
Not enough matches for SearchByOpticalFlow() !!
Fail to track local map!!!!!!!!!!!!!!!
Average processing time of GrabImageRGBD(): 11.5162ms
Frame 2913 end
Not enough matches for SearchByOpticalFlow() !!
Fail to track local map!!!!!!!!!!!!!!!
Average processing time of GrabImageRGBD(): 11.52ms
Frame 2914 end
Not enough matches for SearchByOpticalFlow() !!
Fail to track local map!!!!!!!!!!!!!!!
Average processing time of GrabImageRGBD(): 11.5238ms
Frame 2915 end
Not enough matches for SearchByOpticalFlow() !!
Fail to track local map!!!!!!!!!!!!!!!
Average processing time of GrabImageRGBD(): 11.5303ms
Frame 2916 end
Not enough matches for SearchByOpticalFlow() !!
Fail to track local map!!!!!!!!!!!!!!!
Average processing time of GrabImageRGBD(): 11.5344ms
Frame 2917 end
Not enough matches for SearchByOpticalFlow() !!
Fail to track local map!!!!!!!!!!!!!!!
Average processing time of GrabImageRGBD(): 11.5382ms
Frame 2918 end
Not enough matches for SearchByOpticalFlow() !!
Fail to track local map!!!!!!!!!!!!!!!
Average processing time of GrabImageRGBD(): 11.5442ms
Frame 2919 end
Not enough matches for SearchByOpticalFlow() !!
Fail to track local map!!!!!!!!!!!!!!!
Average processing time of GrabImageRGBD(): 11.5483ms
Frame 2920 end
Not enough matches for SearchByOpticalFlow() !!
Fail to track local map!!!!!!!!!!!!!!!
Average processing time of GrabImageRGBD(): 11.5526ms
Frame 2921 end
Not enough matches for SearchByOpticalFlow() !!
Fail to track local map!!!!!!!!!!!!!!!
Average processing time of GrabImageRGBD(): 11.5571ms
Frame 2922 end
Not enough matches for SearchByOpticalFlow() !!
Fail to track local map!!!!!!!!!!!!!!!
Average processing time of GrabImageRGBD(): 11.5612ms
Frame 2923 end
Not enough matches for SearchByOpticalFlow() !!
Fail to track local map!!!!!!!!!!!!!!!
Average processing time of GrabImageRGBD(): 11.5655ms
Frame 2924 end
Not enough matches for SearchByOpticalFlow() !!
Fail to track local map!!!!!!!!!!!!!!!
Average processing time of GrabImageRGBD(): 11.5695ms
Frame 2925 end
Not enough matches for SearchByOpticalFlow() !!
Fail to track local map!!!!!!!!!!!!!!!
Average processing time of GrabImageRGBD(): 11.5738ms
Frame 2926 end
Not enough matches for SearchByOpticalFlow() !!
Fail to track local map!!!!!!!!!!!!!!!
Average processing time of GrabImageRGBD(): 11.5775ms
Frame 2927 end
Not enough matches for SearchByOpticalFlow() !!
Fail to track local map!!!!!!!!!!!!!!!
Average processing time of GrabImageRGBD(): 11.5815ms
Frame 2928 end
Not enough matches for SearchByOpticalFlow() !!
Fail to track local map!!!!!!!!!!!!!!!
Average processing time of GrabImageRGBD(): 11.5859ms
Frame 2929 end
Not enough matches for SearchByOpticalFlow() !!
Fail to track local map!!!!!!!!!!!!!!!
Average processing time of GrabImageRGBD(): 11.5901ms
Frame 2930 end
Not enough matches for SearchByOpticalFlow() !!
Fail to track local map!!!!!!!!!!!!!!!
Average processing time of GrabImageRGBD(): 11.5943ms
Frame 2931 end
Not enough matches for SearchByOpticalFlow() !!
Fail to track local map!!!!!!!!!!!!!!!
Average processing time of GrabImageRGBD(): 11.599ms
Frame 2932 end
Not enough matches for SearchByOpticalFlow() !!
Fail to track local map!!!!!!!!!!!!!!!
Average processing time of GrabImageRGBD(): 11.603ms
Frame 2933 end
Not enough matches for SearchByOpticalFlow() !!
Fail to track local map!!!!!!!!!!!!!!!
Average processing time of GrabImageRGBD(): 11.6071ms
Frame 2934 end
Not enough matches for SearchByOpticalFlow() !!
Fail to track local map!!!!!!!!!!!!!!!
Average processing time of GrabImageRGBD(): 11.6111ms
Frame 2935 end
Not enough matches for SearchByOpticalFlow() !!
Fail to track local map!!!!!!!!!!!!!!!
Average processing time of GrabImageRGBD(): 11.6151ms
Frame 2936 end
Not enough matches for SearchByOpticalFlow() !!
Fail to track local map!!!!!!!!!!!!!!!
Average processing time of GrabImageRGBD(): 11.6193ms
Frame 2937 end
Not enough matches for SearchByOpticalFlow() !!
Fail to track local map!!!!!!!!!!!!!!!
Average processing time of GrabImageRGBD(): 11.6239ms
Frame 2938 end
Not enough matches for SearchByOpticalFlow() !!
Fail to track local map!!!!!!!!!!!!!!!
Average processing time of GrabImageRGBD(): 11.628ms
Frame 2939 end
Not enough matches for SearchByOpticalFlow() !!
Fail to track local map!!!!!!!!!!!!!!!
Average processing time of GrabImageRGBD(): 11.6318ms
Frame 2940 end
Not enough matches for SearchByOpticalFlow() !!
Fail to track local map!!!!!!!!!!!!!!!
Average processing time of GrabImageRGBD(): 11.6361ms
Frame 2941 end
Not enough matches for SearchByOpticalFlow() !!
Fail to track local map!!!!!!!!!!!!!!!
Average processing time of GrabImageRGBD(): 11.6404ms
Frame 2942 end
Not enough matches for SearchByOpticalFlow() !!
Fail to track local map!!!!!!!!!!!!!!!
Average processing time of GrabImageRGBD(): 11.645ms
Frame 2943 end
Not enough matches for SearchByOpticalFlow() !!
Fail to track local map!!!!!!!!!!!!!!!
Creation of new map with id: 1
Stored map with ID: 0
Creation of new map with last KF id: 480
