
ORB-SLAM3 Copyright (C) 2017-2020 Carlos Campos, Richard Elvira, Juan J. Gómez, José M.M. Montiel and Juan D. Tardós, University of Zaragoza.
ORB-SLAM2 Copyright (C) 2014-2016 Raúl Mur-Artal, José M.M. Montiel and Juan D. Tardós, University of Zaragoza.
This program comes with ABSOLUTELY NO WARRANTY;
This is free software, and you are welcome to redistribute it
under certain conditions. See LICENSE.txt.

Input sensor was set to: RGB-D
Loading settings from /home/bingxin/Downloads/NGD-SLAM/Examples/RGB-D/Bonn.yaml
Camera1.k3 optional parameter does not exist...
	-Loaded camera 1
Camera.newHeight optional parameter does not exist...
Camera.newWidth optional parameter does not exist...
	-Loaded image info
	-Loaded RGB-D calibration
	-Loaded ORB settings
Viewer.imageViewScale optional parameter does not exist...
	-Loaded viewer settings
System.LoadAtlasFromFile optional parameter does not exist...
System.SaveAtlasToFile optional parameter does not exist...
	-Loaded Atlas settings
System.thFarPoints optional parameter does not exist...
	-Loaded misc parameters
----------------------------------
SLAM settings: 
	-Camera 1 parameters (Pinhole): [ 542.823 542.577 315.594 237.756 ]
	-Camera 1 distortion parameters: [  0.039903 -0.099343 -0.00073 -0.000144 ]
	-Original image size: [ 640 , 480 ]
	-Current image size: [ 640 , 480 ]
	-Sequence FPS: 30
	-RGB-D depth map factor: 5000
	-Features per image: 1000
	-ORB scale factor: 1.2
	-ORB number of scales: 8
	-Initial FAST threshold: 20
	-Min FAST threshold: 7


Loading ORB Vocabulary. This could take a while...
Vocabulary loaded!

Initialization of Atlas from scratch 
Creation of new map with id: 0
Creation of new map with last KF id: 0
Seq. Name: 
There are 1 cameras in the atlas
Camera 0 is pinhole
Net use yolo-fastest

-------
Start processing sequence ...
Images in the sequence: 10857

First KF:0; Map init KF:0
New Map created with 919 points
Average processing time of GrabImageRGBD(): 44.0726ms
Frame 0 end
Average processing time of GrabImageRGBD(): 36.1377ms
Frame 1 end
Average processing time of GrabImageRGBD(): 32.807ms
Frame 2 end
Average processing time of GrabImageRGBD(): 27.8497ms
Frame 3 end
Average processing time of GrabImageRGBD(): 24.2769ms
Frame 4 end
Average processing time of GrabImageRGBD(): 22.0022ms
Frame 5 end
Average processing time of GrabImageRGBD(): 20.469ms
Frame 6 end
Starting the Viewer
Average processing time of GrabImageRGBD(): 18.588ms
Frame 7 end
Average processing time of GrabImageRGBD(): 16.8929ms
Frame 8 end
Average processing time of GrabImageRGBD(): 16.3533ms
Frame 9 end
Average processing time of GrabImageRGBD(): 15.8162ms
Frame 10 end
Average processing time of GrabImageRGBD(): 14.7737ms
Frame 11 end
Average processing time of GrabImageRGBD(): 14.4925ms
Frame 12 end
Average processing time of GrabImageRGBD(): 13.8757ms
Frame 13 end
Average processing time of GrabImageRGBD(): 13.1996ms
Frame 14 end
Average processing time of GrabImageRGBD(): 13.0332ms
Frame 15 end
Average processing time of GrabImageRGBD(): 12.9204ms
Frame 16 end
Average processing time of GrabImageRGBD(): 13.7229ms
Frame 17 end
Average processing time of GrabImageRGBD(): 14.7389ms
Frame 18 end
Average processing time of GrabImageRGBD(): 14.2337ms
Frame 19 end
Average processing time of GrabImageRGBD(): 15.0204ms
Frame 20 end
Average processing time of GrabImageRGBD(): 14.7981ms
Frame 21 end
Average processing time of GrabImageRGBD(): 15.3452ms
Frame 22 end
Average processing time of GrabImageRGBD(): 15.209ms
Frame 23 end
Average processing time of GrabImageRGBD(): 14.7529ms
Frame 24 end
Average processing time of GrabImageRGBD(): 14.5963ms
Frame 25 end
Average processing time of GrabImageRGBD(): 15.259ms
Frame 26 end
Average processing time of GrabImageRGBD(): 14.8608ms
Frame 27 end
Average processing time of GrabImageRGBD(): 14.7021ms
Frame 28 end
Average processing time of GrabImageRGBD(): 14.5569ms
Frame 29 end
Average processing time of GrabImageRGBD(): 14.1924ms
Frame 30 end
Average processing time of GrabImageRGBD(): 14.0875ms
Frame 31 end
Average processing time of GrabImageRGBD(): 13.9101ms
Frame 32 end
Average processing time of GrabImageRGBD(): 13.6001ms
Frame 33 end
Average processing time of GrabImageRGBD(): 14.1161ms
Frame 34 end
Average processing time of GrabImageRGBD(): 13.9596ms
Frame 35 end
Average processing time of GrabImageRGBD(): 13.7822ms
Frame 36 end
Average processing time of GrabImageRGBD(): 13.672ms
Frame 37 end
Average processing time of GrabImageRGBD(): 13.57ms
Frame 38 end
Average processing time of GrabImageRGBD(): 13.3178ms
Frame 39 end
Average processing time of GrabImageRGBD(): 13.2258ms
Frame 40 end
Average processing time of GrabImageRGBD(): 13.0358ms
Frame 41 end
Average processing time of GrabImageRGBD(): 12.8134ms
Frame 42 end
Average processing time of GrabImageRGBD(): 12.6564ms
Frame 43 end
Average processing time of GrabImageRGBD(): 12.5411ms
Frame 44 end
Average processing time of GrabImageRGBD(): 12.3477ms
Frame 45 end
Average processing time of GrabImageRGBD(): 12.9443ms
Frame 46 end
Average processing time of GrabImageRGBD(): 12.7615ms
Frame 47 end
Average processing time of GrabImageRGBD(): 12.5653ms
Frame 48 end
Average processing time of GrabImageRGBD(): 12.3847ms
Frame 49 end
Average processing time of GrabImageRGBD(): 12.3123ms
Frame 50 end
Average processing time of GrabImageRGBD(): 12.1437ms
Frame 51 end
Average processing time of GrabImageRGBD(): 12.4584ms
Frame 52 end
Average processing time of GrabImageRGBD(): 12.3617ms
Frame 53 end
Average processing time of GrabImageRGBD(): 12.1975ms
Frame 54 end
Average processing time of GrabImageRGBD(): 12.0556ms
Frame 55 end
Average processing time of GrabImageRGBD(): 11.9526ms
Frame 56 end
Average processing time of GrabImageRGBD(): 11.8915ms
Frame 57 end
Average processing time of GrabImageRGBD(): 11.7502ms
Frame 58 end
Average processing time of GrabImageRGBD(): 11.6936ms
Frame 59 end
Average processing time of GrabImageRGBD(): 11.5579ms
Frame 60 end
Average processing time of GrabImageRGBD(): 11.8813ms
Frame 61 end
Average processing time of GrabImageRGBD(): 11.8131ms
Frame 62 end
Average processing time of GrabImageRGBD(): 11.6827ms
Frame 63 end
Average processing time of GrabImageRGBD(): 11.6509ms
Frame 64 end
Average processing time of GrabImageRGBD(): 11.5709ms
Frame 65 end
Average processing time of GrabImageRGBD(): 11.4449ms
Frame 66 end
Average processing time of GrabImageRGBD(): 11.3286ms
Frame 67 end
Average processing time of GrabImageRGBD(): 11.2813ms
Frame 68 end
Average processing time of GrabImageRGBD(): 11.5745ms
Frame 69 end
Average processing time of GrabImageRGBD(): 11.5635ms
Frame 70 end
Average processing time of GrabImageRGBD(): 11.4594ms
Frame 71 end
Average processing time of GrabImageRGBD(): 11.4242ms
Frame 72 end
Average processing time of GrabImageRGBD(): 11.3184ms
Frame 73 end
Average processing time of GrabImageRGBD(): 11.2144ms
Frame 74 end
Average processing time of GrabImageRGBD(): 11.181ms
Frame 75 end
Average processing time of GrabImageRGBD(): 11.4588ms
Frame 76 end
Average processing time of GrabImageRGBD(): 11.3673ms
Frame 77 end
Average processing time of GrabImageRGBD(): 11.2687ms
Frame 78 end
Average processing time of GrabImageRGBD(): 11.2598ms
Frame 79 end
Average processing time of GrabImageRGBD(): 11.3034ms
Frame 80 end
Average processing time of GrabImageRGBD(): 11.2072ms
Frame 81 end
Average processing time of GrabImageRGBD(): 11.1966ms
Frame 82 end
Average processing time of GrabImageRGBD(): 11.4567ms
Frame 83 end
Average processing time of GrabImageRGBD(): 11.4322ms
Frame 84 end
Average processing time of GrabImageRGBD(): 11.3569ms
Frame 85 end
Average processing time of GrabImageRGBD(): 11.5474ms
Frame 86 end
Average processing time of GrabImageRGBD(): 11.5448ms
Frame 87 end
Average processing time of GrabImageRGBD(): 11.4582ms
Frame 88 end
Average processing time of GrabImageRGBD(): 11.6585ms
Frame 89 end
Average processing time of GrabImageRGBD(): 11.6421ms
Frame 90 end
Average processing time of GrabImageRGBD(): 11.5532ms
Frame 91 end
Average processing time of GrabImageRGBD(): 11.7735ms
Frame 92 end
Average processing time of GrabImageRGBD(): 11.7744ms
Frame 93 end
Average processing time of GrabImageRGBD(): 11.6921ms
Frame 94 end
Average processing time of GrabImageRGBD(): 11.641ms
Frame 95 end
Average processing time of GrabImageRGBD(): 11.6023ms
Frame 96 end
Average processing time of GrabImageRGBD(): 11.8088ms
Frame 97 end
Average processing time of GrabImageRGBD(): 11.758ms
Frame 98 end
Average processing time of GrabImageRGBD(): 11.6826ms
Frame 99 end
Average processing time of GrabImageRGBD(): 11.857ms
Frame 100 end
Average processing time of GrabImageRGBD(): 11.8079ms
Frame 101 end
Average processing time of GrabImageRGBD(): 11.8021ms
Frame 102 end
Average processing time of GrabImageRGBD(): 11.7389ms
Frame 103 end
Average processing time of GrabImageRGBD(): 11.7201ms
Frame 104 end
Average processing time of GrabImageRGBD(): 11.6929ms
Frame 105 end
Average processing time of GrabImageRGBD(): 11.8833ms
Frame 106 end
Average processing time of GrabImageRGBD(): 11.882ms
Frame 107 end
Average processing time of GrabImageRGBD(): 11.8093ms
Frame 108 end
Average processing time of GrabImageRGBD(): 11.7356ms
Frame 109 end
Average processing time of GrabImageRGBD(): 11.7123ms
Frame 110 end
Average processing time of GrabImageRGBD(): 11.6386ms
Frame 111 end
Average processing time of GrabImageRGBD(): 11.7861ms
Frame 112 end
Average processing time of GrabImageRGBD(): 11.7851ms
Frame 113 end
Average processing time of GrabImageRGBD(): 11.7187ms
Frame 114 end
Average processing time of GrabImageRGBD(): 11.7037ms
Frame 115 end
Average processing time of GrabImageRGBD(): 11.6908ms
Frame 116 end
Average processing time of GrabImageRGBD(): 11.6197ms
Frame 117 end
Average processing time of GrabImageRGBD(): 11.553ms
Frame 118 end
Average processing time of GrabImageRGBD(): 11.7239ms
Frame 119 end
Average processing time of GrabImageRGBD(): 11.6677ms
Frame 120 end
Average processing time of GrabImageRGBD(): 11.6609ms
Frame 121 end
Average processing time of GrabImageRGBD(): 11.6576ms
Frame 122 end
Average processing time of GrabImageRGBD(): 11.8156ms
Frame 123 end
Average processing time of GrabImageRGBD(): 11.758ms
Frame 124 end
Average processing time of GrabImageRGBD(): 11.7502ms
Frame 125 end
Average processing time of GrabImageRGBD(): 11.7384ms
Frame 126 end
Average processing time of GrabImageRGBD(): 11.9185ms
Frame 127 end
Average processing time of GrabImageRGBD(): 11.9127ms
Frame 128 end
Average processing time of GrabImageRGBD(): 11.8499ms
Frame 129 end
Average processing time of GrabImageRGBD(): 11.8147ms
Frame 130 end
Average processing time of GrabImageRGBD(): 11.9505ms
Frame 131 end
Average processing time of GrabImageRGBD(): 11.8952ms
Frame 132 end
Average processing time of GrabImageRGBD(): 11.8809ms
Frame 133 end
Average processing time of GrabImageRGBD(): 11.8569ms
Frame 134 end
Average processing time of GrabImageRGBD(): 12.0016ms
Frame 135 end
Average processing time of GrabImageRGBD(): 11.9798ms
Frame 136 end
Average processing time of GrabImageRGBD(): 11.9194ms
Frame 137 end
Average processing time of GrabImageRGBD(): 11.9045ms
Frame 138 end
Average processing time of GrabImageRGBD(): 11.8406ms
Frame 139 end
Average processing time of GrabImageRGBD(): 11.784ms
Frame 140 end
Average processing time of GrabImageRGBD(): 11.7633ms
Frame 141 end
Average processing time of GrabImageRGBD(): 11.7012ms
Frame 142 end
Average processing time of GrabImageRGBD(): 11.6827ms
Frame 143 end
Average processing time of GrabImageRGBD(): 11.82ms
Frame 144 end
Average processing time of GrabImageRGBD(): 11.8126ms
Frame 145 end
Average processing time of GrabImageRGBD(): 11.7994ms
Frame 146 end
Average processing time of GrabImageRGBD(): 11.7417ms
Frame 147 end
Average processing time of GrabImageRGBD(): 11.8826ms
Frame 148 end
Average processing time of GrabImageRGBD(): 11.8321ms
Frame 149 end
Average processing time of GrabImageRGBD(): 11.8076ms
Frame 150 end
Average processing time of GrabImageRGBD(): 11.7924ms
Frame 151 end
Average processing time of GrabImageRGBD(): 11.7507ms
Frame 152 end
Average processing time of GrabImageRGBD(): 11.9211ms
Frame 153 end
Average processing time of GrabImageRGBD(): 11.888ms
Frame 154 end
Average processing time of GrabImageRGBD(): 11.8652ms
Frame 155 end
Average processing time of GrabImageRGBD(): 11.8156ms
Frame 156 end
Average processing time of GrabImageRGBD(): 11.7935ms
Frame 157 end
Average processing time of GrabImageRGBD(): 11.9097ms
Frame 158 end
Average processing time of GrabImageRGBD(): 11.8637ms
Frame 159 end
Average processing time of GrabImageRGBD(): 11.8092ms
Frame 160 end
Average processing time of GrabImageRGBD(): 11.7797ms
Frame 161 end
Average processing time of GrabImageRGBD(): 11.8922ms
Frame 162 end
Average processing time of GrabImageRGBD(): 11.8834ms
Frame 163 end
Average processing time of GrabImageRGBD(): 11.836ms
Frame 164 end
Average processing time of GrabImageRGBD(): 11.7859ms
Frame 165 end
Average processing time of GrabImageRGBD(): 11.7542ms
Frame 166 end
Average processing time of GrabImageRGBD(): 11.8681ms
Frame 167 end
Average processing time of GrabImageRGBD(): 11.8684ms
Frame 168 end
Average processing time of GrabImageRGBD(): 11.817ms
Frame 169 end
Average processing time of GrabImageRGBD(): 11.7692ms
Frame 170 end
Average processing time of GrabImageRGBD(): 11.7207ms
Frame 171 end
Average processing time of GrabImageRGBD(): 11.8359ms
Frame 172 end
Average processing time of GrabImageRGBD(): 11.7995ms
Frame 173 end
Average processing time of GrabImageRGBD(): 11.7492ms
Frame 174 end
Average processing time of GrabImageRGBD(): 11.7048ms
Frame 175 end
Average processing time of GrabImageRGBD(): 11.6895ms
Frame 176 end
Average processing time of GrabImageRGBD(): 11.7998ms
Frame 177 end
Average processing time of GrabImageRGBD(): 11.7572ms
Frame 178 end
Average processing time of GrabImageRGBD(): 11.7101ms
Frame 179 end
Average processing time of GrabImageRGBD(): 11.6835ms
Frame 180 end
Average processing time of GrabImageRGBD(): 11.6387ms
Frame 181 end
Average processing time of GrabImageRGBD(): 11.6245ms
Frame 182 end
Average processing time of GrabImageRGBD(): 11.7146ms
Frame 183 end
Average processing time of GrabImageRGBD(): 11.6754ms
Frame 184 end
Average processing time of GrabImageRGBD(): 11.6707ms
Frame 185 end
Average processing time of GrabImageRGBD(): 11.6285ms
Frame 186 end
Average processing time of GrabImageRGBD(): 11.5841ms
Frame 187 end
Average processing time of GrabImageRGBD(): 11.5687ms
Frame 188 end
Average processing time of GrabImageRGBD(): 11.5363ms
Frame 189 end
Average processing time of GrabImageRGBD(): 11.5199ms
Frame 190 end
Average processing time of GrabImageRGBD(): 11.5022ms
Frame 191 end
Average processing time of GrabImageRGBD(): 11.4591ms
Frame 192 end
Average processing time of GrabImageRGBD(): 11.4294ms
Frame 193 end
Average processing time of GrabImageRGBD(): 11.4128ms
Frame 194 end
Average processing time of GrabImageRGBD(): 11.3974ms
Frame 195 end
Average processing time of GrabImageRGBD(): 11.3711ms
Frame 196 end
Average processing time of GrabImageRGBD(): 11.3307ms
Frame 197 end
Average processing time of GrabImageRGBD(): 11.3159ms
Frame 198 end
Average processing time of GrabImageRGBD(): 11.2828ms
Frame 199 end
Average processing time of GrabImageRGBD(): 11.3791ms
Frame 200 end
Average processing time of GrabImageRGBD(): 11.3594ms
Frame 201 end
Average processing time of GrabImageRGBD(): 11.32ms
Frame 202 end
Average processing time of GrabImageRGBD(): 11.2932ms
Frame 203 end
Average processing time of GrabImageRGBD(): 11.2846ms
Frame 204 end
Average processing time of GrabImageRGBD(): 11.2683ms
Frame 205 end
Average processing time of GrabImageRGBD(): 11.2521ms
Frame 206 end
Average processing time of GrabImageRGBD(): 11.2385ms
Frame 207 end
Average processing time of GrabImageRGBD(): 11.2004ms
Frame 208 end
Average processing time of GrabImageRGBD(): 11.1854ms
Frame 209 end
Average processing time of GrabImageRGBD(): 11.3045ms
Frame 210 end
Average processing time of GrabImageRGBD(): 11.3031ms
Frame 211 end
Average processing time of GrabImageRGBD(): 11.265ms
Frame 212 end
Average processing time of GrabImageRGBD(): 11.2421ms
Frame 213 end
Average processing time of GrabImageRGBD(): 11.2068ms
Frame 214 end
Average processing time of GrabImageRGBD(): 11.1784ms
Frame 215 end
Average processing time of GrabImageRGBD(): 11.2711ms
Frame 216 end
Average processing time of GrabImageRGBD(): 11.2712ms
Frame 217 end
Average processing time of GrabImageRGBD(): 11.2343ms
Frame 218 end
Average processing time of GrabImageRGBD(): 11.2092ms
Frame 219 end
Average processing time of GrabImageRGBD(): 11.1961ms
Frame 220 end
Average processing time of GrabImageRGBD(): 11.1838ms
Frame 221 end
Average processing time of GrabImageRGBD(): 11.1486ms
Frame 222 end
Average processing time of GrabImageRGBD(): 11.1351ms
Frame 223 end
Average processing time of GrabImageRGBD(): 11.1201ms
Frame 224 end
Average processing time of GrabImageRGBD(): 11.2092ms
Frame 225 end
Average processing time of GrabImageRGBD(): 11.1844ms
Frame 226 end
Average processing time of GrabImageRGBD(): 11.1751ms
Frame 227 end
Average processing time of GrabImageRGBD(): 11.1626ms
Frame 228 end
Average processing time of GrabImageRGBD(): 11.1328ms
Frame 229 end
Average processing time of GrabImageRGBD(): 11.2095ms
Frame 230 end
Average processing time of GrabImageRGBD(): 11.1985ms
Frame 231 end
Average processing time of GrabImageRGBD(): 11.1635ms
Frame 232 end
Average processing time of GrabImageRGBD(): 11.1297ms
Frame 233 end
Average processing time of GrabImageRGBD(): 11.1036ms
Frame 234 end
Average processing time of GrabImageRGBD(): 11.1803ms
Frame 235 end
Average processing time of GrabImageRGBD(): 11.1724ms
Frame 236 end
Average processing time of GrabImageRGBD(): 11.1391ms
Frame 237 end
Average processing time of GrabImageRGBD(): 11.1242ms
Frame 238 end
Average processing time of GrabImageRGBD(): 11.0919ms
Frame 239 end
Average processing time of GrabImageRGBD(): 11.1613ms
Frame 240 end
Average processing time of GrabImageRGBD(): 11.1306ms
Frame 241 end
Average processing time of GrabImageRGBD(): 11.096ms
Frame 242 end
Average processing time of GrabImageRGBD(): 11.0737ms
Frame 243 end
Average processing time of GrabImageRGBD(): 11.1467ms
Frame 244 end
Average processing time of GrabImageRGBD(): 11.1173ms
Frame 245 end
Average processing time of GrabImageRGBD(): 11.0834ms
Frame 246 end
Average processing time of GrabImageRGBD(): 11.0519ms
Frame 247 end
Average processing time of GrabImageRGBD(): 11.1238ms
Frame 248 end
Average processing time of GrabImageRGBD(): 11.1171ms
Frame 249 end
Average processing time of GrabImageRGBD(): 11.0961ms
Frame 250 end
Average processing time of GrabImageRGBD(): 11.068ms
Frame 251 end
Average processing time of GrabImageRGBD(): 11.1778ms
Frame 252 end
Average processing time of GrabImageRGBD(): 11.285ms
Frame 253 end
Average processing time of GrabImageRGBD(): 11.3788ms
Frame 254 end
Average processing time of GrabImageRGBD(): 11.3533ms
Frame 255 end
Average processing time of GrabImageRGBD(): 11.3239ms
Frame 256 end
Average processing time of GrabImageRGBD(): 11.3164ms
Frame 257 end
Average processing time of GrabImageRGBD(): 11.3753ms
Frame 258 end
Average processing time of GrabImageRGBD(): 11.3849ms
Frame 259 end
Average processing time of GrabImageRGBD(): 11.3788ms
Frame 260 end
Average processing time of GrabImageRGBD(): 11.3576ms
Frame 261 end
Average processing time of GrabImageRGBD(): 11.4215ms
Frame 262 end
Average processing time of GrabImageRGBD(): 11.422ms
Frame 263 end
Average processing time of GrabImageRGBD(): 11.4189ms
Frame 264 end
Average processing time of GrabImageRGBD(): 11.4128ms
Frame 265 end
Average processing time of GrabImageRGBD(): 11.4758ms
Frame 266 end
Average processing time of GrabImageRGBD(): 11.4503ms
Frame 267 end
Average processing time of GrabImageRGBD(): 11.5163ms
Frame 268 end
Average processing time of GrabImageRGBD(): 11.5195ms
Frame 269 end
Average processing time of GrabImageRGBD(): 11.4898ms
Frame 270 end
Average processing time of GrabImageRGBD(): 11.474ms
Frame 271 end
Average processing time of GrabImageRGBD(): 11.4551ms
Frame 272 end
Average processing time of GrabImageRGBD(): 11.5596ms
Frame 273 end
Average processing time of GrabImageRGBD(): 11.5372ms
Frame 274 end
Average processing time of GrabImageRGBD(): 11.5064ms
Frame 275 end
Average processing time of GrabImageRGBD(): 11.4971ms
Frame 276 end
Average processing time of GrabImageRGBD(): 11.4819ms
Frame 277 end
Average processing time of GrabImageRGBD(): 11.5533ms
Frame 278 end
Average processing time of GrabImageRGBD(): 11.5473ms
Frame 279 end
Average processing time of GrabImageRGBD(): 11.5382ms
Frame 280 end
Average processing time of GrabImageRGBD(): 11.5301ms
Frame 281 end
Average processing time of GrabImageRGBD(): 11.5205ms
Frame 282 end
Average processing time of GrabImageRGBD(): 11.5074ms
Frame 283 end
Average processing time of GrabImageRGBD(): 11.5658ms
Frame 284 end
Average processing time of GrabImageRGBD(): 11.56ms
Frame 285 end
Average processing time of GrabImageRGBD(): 11.5299ms
Frame 286 end
Average processing time of GrabImageRGBD(): 11.5019ms
Frame 287 end
Average processing time of GrabImageRGBD(): 11.4906ms
Frame 288 end
Average processing time of GrabImageRGBD(): 11.5545ms
Frame 289 end
Average processing time of GrabImageRGBD(): 11.5422ms
Frame 290 end
Average processing time of GrabImageRGBD(): 11.5114ms
Frame 291 end
Average processing time of GrabImageRGBD(): 11.4821ms
Frame 292 end
Average processing time of GrabImageRGBD(): 11.4536ms
Frame 293 end
Average processing time of GrabImageRGBD(): 11.508ms
Frame 294 end
Average processing time of GrabImageRGBD(): 11.4936ms
Frame 295 end
Average processing time of GrabImageRGBD(): 11.4655ms
Frame 296 end
Average processing time of GrabImageRGBD(): 11.4457ms
Frame 297 end
Average processing time of GrabImageRGBD(): 11.4193ms
Frame 298 end
Average processing time of GrabImageRGBD(): 11.4813ms
Frame 299 end
Average processing time of GrabImageRGBD(): 11.4615ms
Frame 300 end
Average processing time of GrabImageRGBD(): 11.432ms
Frame 301 end
Average processing time of GrabImageRGBD(): 11.4101ms
Frame 302 end
Average processing time of GrabImageRGBD(): 11.3961ms
Frame 303 end
Average processing time of GrabImageRGBD(): 11.4447ms
Frame 304 end
Average processing time of GrabImageRGBD(): 11.431ms
Frame 305 end
Average processing time of GrabImageRGBD(): 11.402ms
Frame 306 end
Average processing time of GrabImageRGBD(): 11.3749ms
Frame 307 end
Average processing time of GrabImageRGBD(): 11.3607ms
Frame 308 end
Average processing time of GrabImageRGBD(): 11.4094ms
Frame 309 end
Average processing time of GrabImageRGBD(): 11.3956ms
Frame 310 end
Average processing time of GrabImageRGBD(): 11.3685ms
Frame 311 end
Average processing time of GrabImageRGBD(): 11.3468ms
Frame 312 end
Average processing time of GrabImageRGBD(): 11.4301ms
Frame 313 end
Average processing time of GrabImageRGBD(): 11.4086ms
Frame 314 end
Average processing time of GrabImageRGBD(): 11.3912ms
Frame 315 end
Average processing time of GrabImageRGBD(): 11.3654ms
Frame 316 end
Average processing time of GrabImageRGBD(): 11.3508ms
Frame 317 end
Average processing time of GrabImageRGBD(): 11.336ms
Frame 318 end
Average processing time of GrabImageRGBD(): 11.4663ms
Frame 319 end
Average processing time of GrabImageRGBD(): 11.4611ms
Frame 320 end
Average processing time of GrabImageRGBD(): 11.453ms
Frame 321 end
Average processing time of GrabImageRGBD(): 11.4286ms
Frame 322 end
Average processing time of GrabImageRGBD(): 11.4054ms
Frame 323 end
Average processing time of GrabImageRGBD(): 11.4688ms
Frame 324 end
Average processing time of GrabImageRGBD(): 11.4502ms
Frame 325 end
Average processing time of GrabImageRGBD(): 11.4275ms
Frame 326 end
Average processing time of GrabImageRGBD(): 11.4172ms
Frame 327 end
Average processing time of GrabImageRGBD(): 11.4058ms
Frame 328 end
Average processing time of GrabImageRGBD(): 11.4589ms
Frame 329 end
Average processing time of GrabImageRGBD(): 11.4512ms
Frame 330 end
Average processing time of GrabImageRGBD(): 11.4411ms
Frame 331 end
Average processing time of GrabImageRGBD(): 11.4256ms
Frame 332 end
Average processing time of GrabImageRGBD(): 11.4756ms
Frame 333 end
Average processing time of GrabImageRGBD(): 11.4719ms
Frame 334 end
Average processing time of GrabImageRGBD(): 11.4511ms
Frame 335 end
Average processing time of GrabImageRGBD(): 11.4272ms
Frame 336 end
Average processing time of GrabImageRGBD(): 11.4834ms
Frame 337 end
Average processing time of GrabImageRGBD(): 11.4753ms
Frame 338 end
Average processing time of GrabImageRGBD(): 11.4594ms
Frame 339 end
Average processing time of GrabImageRGBD(): 11.4371ms
Frame 340 end
Average processing time of GrabImageRGBD(): 11.5175ms
Frame 341 end
Average processing time of GrabImageRGBD(): 11.5184ms
Frame 342 end
Average processing time of GrabImageRGBD(): 11.5053ms
Frame 343 end
Average processing time of GrabImageRGBD(): 11.4815ms
Frame 344 end
Average processing time of GrabImageRGBD(): 11.5362ms
Frame 345 end
Average processing time of GrabImageRGBD(): 11.5206ms
Frame 346 end
Average processing time of GrabImageRGBD(): 11.5108ms
Frame 347 end
Average processing time of GrabImageRGBD(): 11.5032ms
Frame 348 end
Average processing time of GrabImageRGBD(): 11.5537ms
Frame 349 end
Average processing time of GrabImageRGBD(): 11.5478ms
Frame 350 end
Average processing time of GrabImageRGBD(): 11.5399ms
Frame 351 end
Average processing time of GrabImageRGBD(): 11.5215ms
Frame 352 end
Average processing time of GrabImageRGBD(): 11.5928ms
Frame 353 end
Average processing time of GrabImageRGBD(): 11.5729ms
Frame 354 end
Average processing time of GrabImageRGBD(): 11.5544ms
Frame 355 end
Average processing time of GrabImageRGBD(): 11.5316ms
Frame 356 end
Average processing time of GrabImageRGBD(): 11.5794ms
Frame 357 end
Average processing time of GrabImageRGBD(): 11.5613ms
Frame 358 end
Average processing time of GrabImageRGBD(): 11.5526ms
Frame 359 end
Average processing time of GrabImageRGBD(): 11.5368ms
Frame 360 end
Average processing time of GrabImageRGBD(): 11.5872ms
Frame 361 end
Average processing time of GrabImageRGBD(): 11.5727ms
Frame 362 end
Average processing time of GrabImageRGBD(): 11.5624ms
Frame 363 end
Average processing time of GrabImageRGBD(): 11.545ms
Frame 364 end
Average processing time of GrabImageRGBD(): 11.5968ms
Frame 365 end
Average processing time of GrabImageRGBD(): 11.5952ms
Frame 366 end
Average processing time of GrabImageRGBD(): 11.5775ms
Frame 367 end
Average processing time of GrabImageRGBD(): 11.5657ms
Frame 368 end
Average processing time of GrabImageRGBD(): 11.6147ms
Frame 369 end
Average processing time of GrabImageRGBD(): 11.6165ms
Frame 370 end
Average processing time of GrabImageRGBD(): 11.6111ms
Frame 371 end
Average processing time of GrabImageRGBD(): 11.5902ms
Frame 372 end
Average processing time of GrabImageRGBD(): 11.6323ms
Frame 373 end
Average processing time of GrabImageRGBD(): 11.614ms
Frame 374 end
Average processing time of GrabImageRGBD(): 11.5928ms
Frame 375 end
Average processing time of GrabImageRGBD(): 11.5883ms
Frame 376 end
Average processing time of GrabImageRGBD(): 11.6402ms
Frame 377 end
Average processing time of GrabImageRGBD(): 11.6359ms
Frame 378 end
Average processing time of GrabImageRGBD(): 11.6346ms
Frame 379 end
Average processing time of GrabImageRGBD(): 11.6149ms
Frame 380 end
Average processing time of GrabImageRGBD(): 11.6671ms
Frame 381 end
Average processing time of GrabImageRGBD(): 11.664ms
Frame 382 end
Average processing time of GrabImageRGBD(): 11.6575ms
Frame 383 end
Average processing time of GrabImageRGBD(): 11.6532ms
Frame 384 end
Average processing time of GrabImageRGBD(): 11.7039ms
Frame 385 end
Average processing time of GrabImageRGBD(): 11.6985ms
Frame 386 end
Average processing time of GrabImageRGBD(): 11.6938ms
Frame 387 end
Average processing time of GrabImageRGBD(): 11.6814ms
Frame 388 end
Average processing time of GrabImageRGBD(): 11.6696ms
Frame 389 end
Average processing time of GrabImageRGBD(): 11.719ms
Frame 390 end
Average processing time of GrabImageRGBD(): 11.7168ms
Frame 391 end
Average processing time of GrabImageRGBD(): 11.7124ms
Frame 392 end
Average processing time of GrabImageRGBD(): 11.7082ms
Frame 393 end
Average processing time of GrabImageRGBD(): 11.7555ms
Frame 394 end
Average processing time of GrabImageRGBD(): 11.7525ms
Frame 395 end
Average processing time of GrabImageRGBD(): 11.7315ms
Frame 396 end
Average processing time of GrabImageRGBD(): 11.7314ms
Frame 397 end
Average processing time of GrabImageRGBD(): 11.7751ms
Frame 398 end
Average processing time of GrabImageRGBD(): 11.7584ms
Frame 399 end
Average processing time of GrabImageRGBD(): 11.7583ms
Frame 400 end
Average processing time of GrabImageRGBD(): 11.7394ms
Frame 401 end
Average processing time of GrabImageRGBD(): 11.7328ms
Frame 402 end
Average processing time of GrabImageRGBD(): 11.7748ms
Frame 403 end
Average processing time of GrabImageRGBD(): 11.7566ms
Frame 404 end
Average processing time of GrabImageRGBD(): 11.7415ms
Frame 405 end
Average processing time of GrabImageRGBD(): 11.7336ms
Frame 406 end
Average processing time of GrabImageRGBD(): 11.7812ms
Frame 407 end
Average processing time of GrabImageRGBD(): 11.7781ms
Frame 408 end
Average processing time of GrabImageRGBD(): 11.7713ms
Frame 409 end
Average processing time of GrabImageRGBD(): 11.7542ms
Frame 410 end
Average processing time of GrabImageRGBD(): 11.8043ms
Frame 411 end
Average processing time of GrabImageRGBD(): 11.8037ms
Frame 412 end
Average processing time of GrabImageRGBD(): 11.7953ms
Frame 413 end
Average processing time of GrabImageRGBD(): 11.7921ms
Frame 414 end
Average processing time of GrabImageRGBD(): 11.7857ms
Frame 415 end
Average processing time of GrabImageRGBD(): 11.8235ms
Frame 416 end
Average processing time of GrabImageRGBD(): 11.8202ms
Frame 417 end
Average processing time of GrabImageRGBD(): 11.8143ms
Frame 418 end
Average processing time of GrabImageRGBD(): 11.8551ms
Frame 419 end
Average processing time of GrabImageRGBD(): 11.8509ms
Frame 420 end
Average processing time of GrabImageRGBD(): 11.8388ms
Frame 421 end
Average processing time of GrabImageRGBD(): 11.8194ms
Frame 422 end
Average processing time of GrabImageRGBD(): 11.8002ms
Frame 423 end
Average processing time of GrabImageRGBD(): 11.8451ms
Frame 424 end
Average processing time of GrabImageRGBD(): 11.8451ms
Frame 425 end
Average processing time of GrabImageRGBD(): 11.8386ms
Frame 426 end
Average processing time of GrabImageRGBD(): 11.8221ms
Frame 427 end
Average processing time of GrabImageRGBD(): 11.8628ms
Frame 428 end
Average processing time of GrabImageRGBD(): 11.8609ms
Frame 429 end
Average processing time of GrabImageRGBD(): 11.8532ms
Frame 430 end
Average processing time of GrabImageRGBD(): 11.8346ms
Frame 431 end
Average processing time of GrabImageRGBD(): 11.8809ms
Frame 432 end
Average processing time of GrabImageRGBD(): 11.8688ms
Frame 433 end
Average processing time of GrabImageRGBD(): 11.863ms
Frame 434 end
Average processing time of GrabImageRGBD(): 11.8443ms
Frame 435 end
Average processing time of GrabImageRGBD(): 11.9133ms
Frame 436 end
Average processing time of GrabImageRGBD(): 11.9118ms
Frame 437 end
Average processing time of GrabImageRGBD(): 11.8925ms
Frame 438 end
Average processing time of GrabImageRGBD(): 11.8888ms
Frame 439 end
Average processing time of GrabImageRGBD(): 11.9343ms
Frame 440 end
Average processing time of GrabImageRGBD(): 11.9186ms
Frame 441 end
Average processing time of GrabImageRGBD(): 11.9166ms
Frame 442 end
Average processing time of GrabImageRGBD(): 11.9114ms
Frame 443 end
Average processing time of GrabImageRGBD(): 11.9575ms
Frame 444 end
Average processing time of GrabImageRGBD(): 11.9414ms
Frame 445 end
Average processing time of GrabImageRGBD(): 11.9232ms
Frame 446 end
Average processing time of GrabImageRGBD(): 11.9083ms
Frame 447 end
Average processing time of GrabImageRGBD(): 11.8916ms
Frame 448 end
Average processing time of GrabImageRGBD(): 11.9293ms
Frame 449 end
Average processing time of GrabImageRGBD(): 11.9257ms
Frame 450 end
Average processing time of GrabImageRGBD(): 11.9091ms
Frame 451 end
Average processing time of GrabImageRGBD(): 11.9028ms
Frame 452 end
Average processing time of GrabImageRGBD(): 11.9462ms
Frame 453 end
Average processing time of GrabImageRGBD(): 11.9459ms
Frame 454 end
Average processing time of GrabImageRGBD(): 11.9376ms
Frame 455 end
Average processing time of GrabImageRGBD(): 11.9375ms
Frame 456 end
Average processing time of GrabImageRGBD(): 11.9189ms
Frame 457 end
Average processing time of GrabImageRGBD(): 11.9842ms
Frame 458 end
Average processing time of GrabImageRGBD(): 11.9755ms
Frame 459 end
Average processing time of GrabImageRGBD(): 11.9637ms
Frame 460 end
Average processing time of GrabImageRGBD(): 11.9461ms
Frame 461 end
Average processing time of GrabImageRGBD(): 11.9272ms
Frame 462 end
Average processing time of GrabImageRGBD(): 11.9687ms
Frame 463 end
Average processing time of GrabImageRGBD(): 11.968ms
Frame 464 end
Average processing time of GrabImageRGBD(): 11.9517ms
Frame 465 end
Average processing time of GrabImageRGBD(): 11.9449ms
Frame 466 end
Average processing time of GrabImageRGBD(): 11.9343ms
Frame 467 end
Average processing time of GrabImageRGBD(): 11.9712ms
Frame 468 end
Average processing time of GrabImageRGBD(): 11.9726ms
Frame 469 end
Average processing time of GrabImageRGBD(): 11.9728ms
Frame 470 end
Average processing time of GrabImageRGBD(): 11.9699ms
Frame 471 end
Average processing time of GrabImageRGBD(): 11.9631ms
Frame 472 end
Average processing time of GrabImageRGBD(): 12.0064ms
Frame 473 end
Average processing time of GrabImageRGBD(): 12.0044ms
Frame 474 end
Average processing time of GrabImageRGBD(): 11.9879ms
Frame 475 end
Average processing time of GrabImageRGBD(): 11.9777ms
Frame 476 end
Average processing time of GrabImageRGBD(): 11.9594ms
Frame 477 end
Average processing time of GrabImageRGBD(): 11.9938ms
Frame 478 end
Average processing time of GrabImageRGBD(): 11.9792ms
Frame 479 end
Average processing time of GrabImageRGBD(): 11.9754ms
Frame 480 end
Average processing time of GrabImageRGBD(): 11.9719ms
Frame 481 end
Average processing time of GrabImageRGBD(): 11.9645ms
Frame 482 end
Average processing time of GrabImageRGBD(): 12.0054ms
Frame 483 end
Average processing time of GrabImageRGBD(): 11.9902ms
Frame 484 end
Average processing time of GrabImageRGBD(): 11.9869ms
Frame 485 end
Average processing time of GrabImageRGBD(): 11.9694ms
Frame 486 end
Average processing time of GrabImageRGBD(): 11.9531ms
Frame 487 end
Average processing time of GrabImageRGBD(): 11.9943ms
Frame 488 end
Average processing time of GrabImageRGBD(): 11.9939ms
Frame 489 end
Average processing time of GrabImageRGBD(): 11.9895ms
Frame 490 end
Average processing time of GrabImageRGBD(): 11.9851ms
Frame 491 end
Average processing time of GrabImageRGBD(): 11.9682ms
Frame 492 end
Average processing time of GrabImageRGBD(): 12.0102ms
Frame 493 end
Average processing time of GrabImageRGBD(): 11.9975ms
Frame 494 end
Average processing time of GrabImageRGBD(): 11.9888ms
Frame 495 end
Average processing time of GrabImageRGBD(): 11.9833ms
Frame 496 end
Average processing time of GrabImageRGBD(): 11.9707ms
Frame 497 end
Average processing time of GrabImageRGBD(): 11.9639ms
Frame 498 end
Average processing time of GrabImageRGBD(): 11.9467ms
Frame 499 end
Average processing time of GrabImageRGBD(): 11.9853ms
Frame 500 end
Average processing time of GrabImageRGBD(): 11.9734ms
Frame 501 end
Average processing time of GrabImageRGBD(): 11.9571ms
Frame 502 end
Average processing time of GrabImageRGBD(): 11.941ms
Frame 503 end
Average processing time of GrabImageRGBD(): 11.9354ms
Frame 504 end
Average processing time of GrabImageRGBD(): 11.928ms
Frame 505 end
Average processing time of GrabImageRGBD(): 11.9617ms
Frame 506 end
Average processing time of GrabImageRGBD(): 11.9612ms
Frame 507 end
Average processing time of GrabImageRGBD(): 11.9579ms
Frame 508 end
Average processing time of GrabImageRGBD(): 11.9421ms
Frame 509 end
Average processing time of GrabImageRGBD(): 11.9292ms
Frame 510 end
Average processing time of GrabImageRGBD(): 11.9615ms
Frame 511 end
Average processing time of GrabImageRGBD(): 11.9607ms
Frame 512 end
Average processing time of GrabImageRGBD(): 11.9571ms
Frame 513 end
Average processing time of GrabImageRGBD(): 11.9513ms
Frame 514 end
Average processing time of GrabImageRGBD(): 11.9358ms
Frame 515 end
Average processing time of GrabImageRGBD(): 11.9232ms
Frame 516 end
Average processing time of GrabImageRGBD(): 11.9607ms
Frame 517 end
Average processing time of GrabImageRGBD(): 11.9619ms
Frame 518 end
Average processing time of GrabImageRGBD(): 11.9458ms
Frame 519 end
Average processing time of GrabImageRGBD(): 11.9402ms
Frame 520 end
Average processing time of GrabImageRGBD(): 11.9378ms
Frame 521 end
Average processing time of GrabImageRGBD(): 11.9225ms
Frame 522 end
Average processing time of GrabImageRGBD(): 11.9607ms
Frame 523 end
Average processing time of GrabImageRGBD(): 11.959ms
Frame 524 end
Average processing time of GrabImageRGBD(): 11.9551ms
Frame 525 end
Average processing time of GrabImageRGBD(): 11.9506ms
Frame 526 end
Average processing time of GrabImageRGBD(): 11.9479ms
Frame 527 end
Average processing time of GrabImageRGBD(): 11.9422ms
Frame 528 end
Average processing time of GrabImageRGBD(): 11.9367ms
Frame 529 end
Average processing time of GrabImageRGBD(): 11.975ms
Frame 530 end
Average processing time of GrabImageRGBD(): 11.9697ms
Frame 531 end
Average processing time of GrabImageRGBD(): 11.9566ms
Frame 532 end
Average processing time of GrabImageRGBD(): 11.954ms
Frame 533 end
Average processing time of GrabImageRGBD(): 11.9405ms
Frame 534 end
Average processing time of GrabImageRGBD(): 11.9351ms
Frame 535 end
Average processing time of GrabImageRGBD(): 11.919ms
Frame 536 end
Average processing time of GrabImageRGBD(): 11.9598ms
Frame 537 end
Average processing time of GrabImageRGBD(): 11.9547ms
Frame 538 end
Average processing time of GrabImageRGBD(): 11.9472ms
Frame 539 end
Average processing time of GrabImageRGBD(): 11.9314ms
Frame 540 end
Average processing time of GrabImageRGBD(): 11.9179ms
Frame 541 end
Average processing time of GrabImageRGBD(): 11.9038ms
Frame 542 end
Average processing time of GrabImageRGBD(): 11.9391ms
Frame 543 end
Average processing time of GrabImageRGBD(): 11.9253ms
Frame 544 end
Average processing time of GrabImageRGBD(): 11.9104ms
Frame 545 end
Average processing time of GrabImageRGBD(): 11.8988ms
Frame 546 end
Average processing time of GrabImageRGBD(): 11.8942ms
Frame 547 end
Average processing time of GrabImageRGBD(): 11.884ms
Frame 548 end
Average processing time of GrabImageRGBD(): 11.8684ms
Frame 549 end
Average processing time of GrabImageRGBD(): 11.9017ms
Frame 550 end
Average processing time of GrabImageRGBD(): 11.8908ms
Frame 551 end
Average processing time of GrabImageRGBD(): 11.876ms
Frame 552 end
Average processing time of GrabImageRGBD(): 11.8645ms
Frame 553 end
Average processing time of GrabImageRGBD(): 11.8496ms
Frame 554 end
Average processing time of GrabImageRGBD(): 11.8362ms
Frame 555 end
Average processing time of GrabImageRGBD(): 11.8217ms
Frame 556 end
Average processing time of GrabImageRGBD(): 11.8178ms
Frame 557 end
Average processing time of GrabImageRGBD(): 11.8129ms
Frame 558 end
Average processing time of GrabImageRGBD(): 11.8095ms
Frame 559 end
Average processing time of GrabImageRGBD(): 11.8005ms
Frame 560 end
Average processing time of GrabImageRGBD(): 11.7859ms
Frame 561 end
Average processing time of GrabImageRGBD(): 11.7716ms
Frame 562 end
Average processing time of GrabImageRGBD(): 11.7667ms
Frame 563 end
Average processing time of GrabImageRGBD(): 11.7965ms
Frame 564 end
Average processing time of GrabImageRGBD(): 11.7952ms
Frame 565 end
Average processing time of GrabImageRGBD(): 11.7893ms
Frame 566 end
Average processing time of GrabImageRGBD(): 11.7833ms
Frame 567 end
Average processing time of GrabImageRGBD(): 11.7786ms
Frame 568 end
Average processing time of GrabImageRGBD(): 11.7641ms
Frame 569 end
Average processing time of GrabImageRGBD(): 11.7592ms
Frame 570 end
Average processing time of GrabImageRGBD(): 11.7463ms
Frame 571 end
Average processing time of GrabImageRGBD(): 11.7318ms
Frame 572 end
Average processing time of GrabImageRGBD(): 11.7175ms
Frame 573 end
Average processing time of GrabImageRGBD(): 11.7029ms
Frame 574 end
Average processing time of GrabImageRGBD(): 11.6973ms
Frame 575 end
Average processing time of GrabImageRGBD(): 11.7278ms
Frame 576 end
Average processing time of GrabImageRGBD(): 11.7252ms
Frame 577 end
Average processing time of GrabImageRGBD(): 11.7211ms
Frame 578 end
Average processing time of GrabImageRGBD(): 11.7074ms
Frame 579 end
Average processing time of GrabImageRGBD(): 11.6937ms
Frame 580 end
Average processing time of GrabImageRGBD(): 11.6883ms
Frame 581 end
Average processing time of GrabImageRGBD(): 11.674ms
Frame 582 end
Average processing time of GrabImageRGBD(): 11.7094ms
Frame 583 end
Average processing time of GrabImageRGBD(): 11.7064ms
Frame 584 end
Average processing time of GrabImageRGBD(): 11.6925ms
Frame 585 end
Average processing time of GrabImageRGBD(): 11.6812ms
Frame 586 end
Average processing time of GrabImageRGBD(): 11.6776ms
Frame 587 end
Average processing time of GrabImageRGBD(): 11.6724ms
Frame 588 end
Average processing time of GrabImageRGBD(): 11.6585ms
Frame 589 end
Average processing time of GrabImageRGBD(): 11.6924ms
Frame 590 end
Average processing time of GrabImageRGBD(): 11.691ms
Frame 591 end
Average processing time of GrabImageRGBD(): 11.689ms
Frame 592 end
Average processing time of GrabImageRGBD(): 11.6878ms
Frame 593 end
Average processing time of GrabImageRGBD(): 11.6831ms
Frame 594 end
Average processing time of GrabImageRGBD(): 11.6695ms
Frame 595 end
Average processing time of GrabImageRGBD(): 11.6678ms
Frame 596 end
Average processing time of GrabImageRGBD(): 11.6633ms
Frame 597 end
Average processing time of GrabImageRGBD(): 11.6613ms
Frame 598 end
Average processing time of GrabImageRGBD(): 11.6479ms
Frame 599 end
Average processing time of GrabImageRGBD(): 11.6452ms
Frame 600 end
Average processing time of GrabImageRGBD(): 11.6382ms
Frame 601 end
Average processing time of GrabImageRGBD(): 11.6342ms
Frame 602 end
Average processing time of GrabImageRGBD(): 11.621ms
Frame 603 end
Average processing time of GrabImageRGBD(): 11.6168ms
Frame 604 end
Average processing time of GrabImageRGBD(): 11.6055ms
Frame 605 end
Average processing time of GrabImageRGBD(): 11.6004ms
Frame 606 end
Average processing time of GrabImageRGBD(): 11.5938ms
Frame 607 end
Average processing time of GrabImageRGBD(): 11.5899ms
Frame 608 end
Average processing time of GrabImageRGBD(): 11.5873ms
Frame 609 end
Average processing time of GrabImageRGBD(): 11.6211ms
Frame 610 end
Average processing time of GrabImageRGBD(): 11.6181ms
Frame 611 end
Average processing time of GrabImageRGBD(): 11.6151ms
Frame 612 end
Average processing time of GrabImageRGBD(): 11.6054ms
Frame 613 end
Average processing time of GrabImageRGBD(): 11.5945ms
Frame 614 end
Average processing time of GrabImageRGBD(): 11.5942ms
Frame 615 end
Average processing time of GrabImageRGBD(): 11.5859ms
Frame 616 end
Average processing time of GrabImageRGBD(): 11.6176ms
Frame 617 end
Average processing time of GrabImageRGBD(): 11.6155ms
Frame 618 end
Average processing time of GrabImageRGBD(): 11.6127ms
Frame 619 end
Average processing time of GrabImageRGBD(): 11.6094ms
Frame 620 end
Average processing time of GrabImageRGBD(): 11.5967ms
Frame 621 end
Average processing time of GrabImageRGBD(): 11.592ms
Frame 622 end
Average processing time of GrabImageRGBD(): 11.587ms
Frame 623 end
Average processing time of GrabImageRGBD(): 11.6193ms
Frame 624 end
Average processing time of GrabImageRGBD(): 11.617ms
Frame 625 end
Average processing time of GrabImageRGBD(): 11.6043ms
Frame 626 end
Average processing time of GrabImageRGBD(): 11.5916ms
Frame 627 end
Average processing time of GrabImageRGBD(): 11.5795ms
Frame 628 end
Average processing time of GrabImageRGBD(): 11.5673ms
Frame 629 end
Average processing time of GrabImageRGBD(): 11.5624ms
Frame 630 end
Average processing time of GrabImageRGBD(): 11.5879ms
Frame 631 end
Average processing time of GrabImageRGBD(): 11.5786ms
Frame 632 end
Average processing time of GrabImageRGBD(): 11.5744ms
Frame 633 end
Average processing time of GrabImageRGBD(): 11.5614ms
Frame 634 end
Average processing time of GrabImageRGBD(): 11.5543ms
Frame 635 end
Average processing time of GrabImageRGBD(): 11.5489ms
Frame 636 end
Average processing time of GrabImageRGBD(): 11.5357ms
Frame 637 end
Average processing time of GrabImageRGBD(): 11.5652ms
Frame 638 end
Average processing time of GrabImageRGBD(): 11.5585ms
Frame 639 end
Average processing time of GrabImageRGBD(): 11.5575ms
Frame 640 end
Average processing time of GrabImageRGBD(): 11.5544ms
Frame 641 end
Average processing time of GrabImageRGBD(): 11.5443ms
Frame 642 end
Average processing time of GrabImageRGBD(): 11.5399ms
Frame 643 end
Average processing time of GrabImageRGBD(): 11.5363ms
Frame 644 end
Average processing time of GrabImageRGBD(): 11.5331ms
Frame 645 end
Average processing time of GrabImageRGBD(): 11.5207ms
Frame 646 end
Average processing time of GrabImageRGBD(): 11.5118ms
Frame 647 end
Average processing time of GrabImageRGBD(): 11.5021ms
Frame 648 end
Average processing time of GrabImageRGBD(): 11.5275ms
Frame 649 end
Average processing time of GrabImageRGBD(): 11.5267ms
Frame 650 end
Average processing time of GrabImageRGBD(): 11.517ms
Frame 651 end
Average processing time of GrabImageRGBD(): 11.5054ms
Frame 652 end
Average processing time of GrabImageRGBD(): 11.5038ms
Frame 653 end
Average processing time of GrabImageRGBD(): 11.4956ms
Frame 654 end
Average processing time of GrabImageRGBD(): 11.4914ms
Frame 655 end
Average processing time of GrabImageRGBD(): 11.4789ms
Frame 656 end
Average processing time of GrabImageRGBD(): 11.4753ms
Frame 657 end
Average processing time of GrabImageRGBD(): 11.4669ms
Frame 658 end
Average processing time of GrabImageRGBD(): 11.4611ms
Frame 659 end
Average processing time of GrabImageRGBD(): 11.4572ms
Frame 660 end
Average processing time of GrabImageRGBD(): 11.4447ms
Frame 661 end
Average processing time of GrabImageRGBD(): 11.4415ms
Frame 662 end
Average processing time of GrabImageRGBD(): 11.4291ms
Frame 663 end
Average processing time of GrabImageRGBD(): 11.4567ms
Frame 664 end
Average processing time of GrabImageRGBD(): 11.4555ms
Frame 665 end
Average processing time of GrabImageRGBD(): 11.4443ms
Frame 666 end
Average processing time of GrabImageRGBD(): 11.4419ms
Frame 667 end
Average processing time of GrabImageRGBD(): 11.4316ms
Frame 668 end
Average processing time of GrabImageRGBD(): 11.4216ms
Frame 669 end
Average processing time of GrabImageRGBD(): 11.4179ms
Frame 670 end
Average processing time of GrabImageRGBD(): 11.4423ms
Frame 671 end
Average processing time of GrabImageRGBD(): 11.4414ms
Frame 672 end
Average processing time of GrabImageRGBD(): 11.4391ms
Frame 673 end
Average processing time of GrabImageRGBD(): 11.4277ms
Frame 674 end
Average processing time of GrabImageRGBD(): 11.4262ms
Frame 675 end
Average processing time of GrabImageRGBD(): 11.4239ms
Frame 676 end
Average processing time of GrabImageRGBD(): 11.4217ms
Frame 677 end
Average processing time of GrabImageRGBD(): 11.4211ms
Frame 678 end
Average processing time of GrabImageRGBD(): 11.4095ms
Frame 679 end
Average processing time of GrabImageRGBD(): 11.4333ms
Frame 680 end
Average processing time of GrabImageRGBD(): 11.4325ms
Frame 681 end
Average processing time of GrabImageRGBD(): 11.4277ms
Frame 682 end
Average processing time of GrabImageRGBD(): 11.4165ms
Frame 683 end
Average processing time of GrabImageRGBD(): 11.4149ms
Frame 684 end
Average processing time of GrabImageRGBD(): 11.4126ms
Frame 685 end
Average processing time of GrabImageRGBD(): 11.404ms
Frame 686 end
Average processing time of GrabImageRGBD(): 11.3976ms
Frame 687 end
Average processing time of GrabImageRGBD(): 11.3861ms
Frame 688 end
Average processing time of GrabImageRGBD(): 11.3831ms
Frame 689 end
Average processing time of GrabImageRGBD(): 11.3789ms
Frame 690 end
Average processing time of GrabImageRGBD(): 11.3754ms
Frame 691 end
Average processing time of GrabImageRGBD(): 11.372ms
Frame 692 end
Average processing time of GrabImageRGBD(): 11.3607ms
Frame 693 end
Average processing time of GrabImageRGBD(): 11.3858ms
Frame 694 end
Average processing time of GrabImageRGBD(): 11.3844ms
Frame 695 end
Average processing time of GrabImageRGBD(): 11.383ms
Frame 696 end
Average processing time of GrabImageRGBD(): 11.3779ms
Frame 697 end
Average processing time of GrabImageRGBD(): 11.375ms
Frame 698 end
Average processing time of GrabImageRGBD(): 11.3761ms
Frame 699 end
Average processing time of GrabImageRGBD(): 11.3728ms
Frame 700 end
Average processing time of GrabImageRGBD(): 11.3659ms
Frame 701 end
Average processing time of GrabImageRGBD(): 11.3914ms
Frame 702 end
Average processing time of GrabImageRGBD(): 11.3842ms
Frame 703 end
Average processing time of GrabImageRGBD(): 11.3825ms
Frame 704 end
Average processing time of GrabImageRGBD(): 11.3796ms
Frame 705 end
Average processing time of GrabImageRGBD(): 11.3761ms
Frame 706 end
Average processing time of GrabImageRGBD(): 11.3768ms
Frame 707 end
Average processing time of GrabImageRGBD(): 11.3759ms
Frame 708 end
Average processing time of GrabImageRGBD(): 11.4091ms
Frame 709 end
Average processing time of GrabImageRGBD(): 11.4102ms
Frame 710 end
Average processing time of GrabImageRGBD(): 11.3987ms
Frame 711 end
Average processing time of GrabImageRGBD(): 11.3904ms
Frame 712 end
Average processing time of GrabImageRGBD(): 11.3805ms
Frame 713 end
Average processing time of GrabImageRGBD(): 11.3732ms
Frame 714 end
Average processing time of GrabImageRGBD(): 11.3648ms
Frame 715 end
Average processing time of GrabImageRGBD(): 11.388ms
Frame 716 end
Average processing time of GrabImageRGBD(): 11.386ms
Frame 717 end
Average processing time of GrabImageRGBD(): 11.3778ms
Frame 718 end
Average processing time of GrabImageRGBD(): 11.3736ms
Frame 719 end
Average processing time of GrabImageRGBD(): 11.3629ms
Frame 720 end
Average processing time of GrabImageRGBD(): 11.3517ms
Frame 721 end
Average processing time of GrabImageRGBD(): 11.3468ms
Frame 722 end
Average processing time of GrabImageRGBD(): 11.3843ms
Frame 723 end
Average processing time of GrabImageRGBD(): 11.3832ms
Frame 724 end
Average processing time of GrabImageRGBD(): 11.3726ms
Frame 725 end
Average processing time of GrabImageRGBD(): 11.37ms
Frame 726 end
Average processing time of GrabImageRGBD(): 11.3628ms
Frame 727 end
Average processing time of GrabImageRGBD(): 11.3606ms
Frame 728 end
Average processing time of GrabImageRGBD(): 11.3995ms
Frame 729 end
Average processing time of GrabImageRGBD(): 11.3957ms
Frame 730 end
Average processing time of GrabImageRGBD(): 11.3927ms
Frame 731 end
Average processing time of GrabImageRGBD(): 11.3889ms
Frame 732 end
Average processing time of GrabImageRGBD(): 11.3845ms
Frame 733 end
Average processing time of GrabImageRGBD(): 11.3813ms
Frame 734 end
Average processing time of GrabImageRGBD(): 11.4054ms
Frame 735 end
Average processing time of GrabImageRGBD(): 11.4005ms
Frame 736 end
Average processing time of GrabImageRGBD(): 11.3977ms
Frame 737 end
Average processing time of GrabImageRGBD(): 11.3878ms
Frame 738 end
Average processing time of GrabImageRGBD(): 11.3795ms
Frame 739 end
Average processing time of GrabImageRGBD(): 11.3713ms
Frame 740 end
Average processing time of GrabImageRGBD(): 11.3991ms
Frame 741 end
Average processing time of GrabImageRGBD(): 11.3899ms
Frame 742 end
Average processing time of GrabImageRGBD(): 11.3887ms
Frame 743 end
Average processing time of GrabImageRGBD(): 11.388ms
Frame 744 end
Average processing time of GrabImageRGBD(): 11.3879ms
Frame 745 end
Average processing time of GrabImageRGBD(): 11.3866ms
Frame 746 end
Average processing time of GrabImageRGBD(): 11.3857ms
Frame 747 end
Average processing time of GrabImageRGBD(): 11.3757ms
Frame 748 end
Average processing time of GrabImageRGBD(): 11.3696ms
Frame 749 end
Average processing time of GrabImageRGBD(): 11.3593ms
Frame 750 end
Average processing time of GrabImageRGBD(): 11.3535ms
Frame 751 end
Average processing time of GrabImageRGBD(): 11.3475ms
Frame 752 end
Average processing time of GrabImageRGBD(): 11.3416ms
Frame 753 end
Average processing time of GrabImageRGBD(): 11.3392ms
Frame 754 end
Average processing time of GrabImageRGBD(): 11.3329ms
Frame 755 end
Average processing time of GrabImageRGBD(): 11.3283ms
Frame 756 end
Average processing time of GrabImageRGBD(): 11.3605ms
Frame 757 end
Average processing time of GrabImageRGBD(): 11.3602ms
Frame 758 end
Average processing time of GrabImageRGBD(): 11.361ms
Frame 759 end
Average processing time of GrabImageRGBD(): 11.3605ms
Frame 760 end
Average processing time of GrabImageRGBD(): 11.3593ms
Frame 761 end
Average processing time of GrabImageRGBD(): 11.3554ms
Frame 762 end
Average processing time of GrabImageRGBD(): 11.3533ms
Frame 763 end
Average processing time of GrabImageRGBD(): 11.3451ms
Frame 764 end
Average processing time of GrabImageRGBD(): 11.342ms
Frame 765 end
Average processing time of GrabImageRGBD(): 11.3393ms
Frame 766 end
Average processing time of GrabImageRGBD(): 11.3366ms
Frame 767 end
Average processing time of GrabImageRGBD(): 11.3641ms
Frame 768 end
Average processing time of GrabImageRGBD(): 11.3618ms
Frame 769 end
Average processing time of GrabImageRGBD(): 11.352ms
Frame 770 end
Average processing time of GrabImageRGBD(): 11.3501ms
Frame 771 end
Average processing time of GrabImageRGBD(): 11.3417ms
Frame 772 end
Average processing time of GrabImageRGBD(): 11.3353ms
Frame 773 end
Average processing time of GrabImageRGBD(): 11.3262ms
Frame 774 end
Average processing time of GrabImageRGBD(): 11.3505ms
Frame 775 end
Average processing time of GrabImageRGBD(): 11.3476ms
Frame 776 end
Average processing time of GrabImageRGBD(): 11.3466ms
Frame 777 end
Average processing time of GrabImageRGBD(): 11.337ms
Frame 778 end
Average processing time of GrabImageRGBD(): 11.3293ms
Frame 779 end
Average processing time of GrabImageRGBD(): 11.3285ms
Frame 780 end
Average processing time of GrabImageRGBD(): 11.3277ms
Frame 781 end
Average processing time of GrabImageRGBD(): 11.3264ms
Frame 782 end
Average processing time of GrabImageRGBD(): 11.3243ms
Frame 783 end
Average processing time of GrabImageRGBD(): 11.3209ms
Frame 784 end
Average processing time of GrabImageRGBD(): 11.3187ms
Frame 785 end
Average processing time of GrabImageRGBD(): 11.3147ms
Frame 786 end
Average processing time of GrabImageRGBD(): 11.3123ms
Frame 787 end
Average processing time of GrabImageRGBD(): 11.3374ms
Frame 788 end
Average processing time of GrabImageRGBD(): 11.3287ms
Frame 789 end
Average processing time of GrabImageRGBD(): 11.3193ms
Frame 790 end
Average processing time of GrabImageRGBD(): 11.316ms
Frame 791 end
Average processing time of GrabImageRGBD(): 11.3092ms
Frame 792 end
Average processing time of GrabImageRGBD(): 11.3082ms
Frame 793 end
Average processing time of GrabImageRGBD(): 11.3049ms
Frame 794 end
Average processing time of GrabImageRGBD(): 11.3309ms
Frame 795 end
Average processing time of GrabImageRGBD(): 11.3256ms
Frame 796 end
Average processing time of GrabImageRGBD(): 11.3513ms
Frame 797 end
Average processing time of GrabImageRGBD(): 11.3796ms
Frame 798 end
Average processing time of GrabImageRGBD(): 11.4051ms
Frame 799 end
Average processing time of GrabImageRGBD(): 11.3966ms
Frame 800 end
Average processing time of GrabImageRGBD(): 11.4185ms
Frame 801 end
Average processing time of GrabImageRGBD(): 11.4153ms
Frame 802 end
Average processing time of GrabImageRGBD(): 11.4047ms
Frame 803 end
Average processing time of GrabImageRGBD(): 11.4357ms
Frame 804 end
Average processing time of GrabImageRGBD(): 11.4323ms
Frame 805 end
Average processing time of GrabImageRGBD(): 11.4251ms
Frame 806 end
Average processing time of GrabImageRGBD(): 11.4147ms
Frame 807 end
Average processing time of GrabImageRGBD(): 11.4053ms
Frame 808 end
Average processing time of GrabImageRGBD(): 11.4286ms
Frame 809 end
Average processing time of GrabImageRGBD(): 11.4242ms
Frame 810 end
Average processing time of GrabImageRGBD(): 11.414ms
Frame 811 end
Average processing time of GrabImageRGBD(): 11.4082ms
Frame 812 end
Average processing time of GrabImageRGBD(): 11.3997ms
Frame 813 end
Average processing time of GrabImageRGBD(): 11.3935ms
Frame 814 end
Average processing time of GrabImageRGBD(): 11.3836ms
Frame 815 end
Average processing time of GrabImageRGBD(): 11.3733ms
Frame 816 end
Average processing time of GrabImageRGBD(): 11.3633ms
Frame 817 end
Average processing time of GrabImageRGBD(): 11.3568ms
Frame 818 end
Average processing time of GrabImageRGBD(): 11.348ms
Frame 819 end
Average processing time of GrabImageRGBD(): 11.3717ms
Frame 820 end
Average processing time of GrabImageRGBD(): 11.3707ms
Frame 821 end
Average processing time of GrabImageRGBD(): 11.3614ms
Frame 822 end
Average processing time of GrabImageRGBD(): 11.3582ms
Frame 823 end
Average processing time of GrabImageRGBD(): 11.3548ms
Frame 824 end
Average processing time of GrabImageRGBD(): 11.345ms
Frame 825 end
Average processing time of GrabImageRGBD(): 11.3406ms
Frame 826 end
Average processing time of GrabImageRGBD(): 11.3368ms
Frame 827 end
Average processing time of GrabImageRGBD(): 11.3325ms
Frame 828 end
Average processing time of GrabImageRGBD(): 11.3227ms
Frame 829 end
Average processing time of GrabImageRGBD(): 11.3165ms
Frame 830 end
Average processing time of GrabImageRGBD(): 11.3383ms
Frame 831 end
Average processing time of GrabImageRGBD(): 11.3382ms
Frame 832 end
Average processing time of GrabImageRGBD(): 11.3286ms
Frame 833 end
Average processing time of GrabImageRGBD(): 11.3192ms
Frame 834 end
Average processing time of GrabImageRGBD(): 11.3163ms
Frame 835 end
Average processing time of GrabImageRGBD(): 11.3143ms
Frame 836 end
Average processing time of GrabImageRGBD(): 11.3073ms
Frame 837 end
Average processing time of GrabImageRGBD(): 11.3052ms
Frame 838 end
Average processing time of GrabImageRGBD(): 11.2978ms
Frame 839 end
Average processing time of GrabImageRGBD(): 11.2928ms
Frame 840 end
Average processing time of GrabImageRGBD(): 11.2896ms
Frame 841 end
Average processing time of GrabImageRGBD(): 11.3133ms
Frame 842 end
Average processing time of GrabImageRGBD(): 11.3091ms
Frame 843 end
Average processing time of GrabImageRGBD(): 11.3086ms
Frame 844 end
Average processing time of GrabImageRGBD(): 11.3053ms
Frame 845 end
Average processing time of GrabImageRGBD(): 11.2963ms
Frame 846 end
Average processing time of GrabImageRGBD(): 11.287ms
Frame 847 end
Average processing time of GrabImageRGBD(): 11.2823ms
Frame 848 end
Average processing time of GrabImageRGBD(): 11.2727ms
Frame 849 end
Average processing time of GrabImageRGBD(): 11.2644ms
Frame 850 end
Average processing time of GrabImageRGBD(): 11.2591ms
Frame 851 end
Average processing time of GrabImageRGBD(): 11.254ms
Frame 852 end
Average processing time of GrabImageRGBD(): 11.2771ms
Frame 853 end
Average processing time of GrabImageRGBD(): 11.2714ms
Frame 854 end
Average processing time of GrabImageRGBD(): 11.2687ms
Frame 855 end
Average processing time of GrabImageRGBD(): 11.2652ms
Frame 856 end
Average processing time of GrabImageRGBD(): 11.2623ms
Frame 857 end
Average processing time of GrabImageRGBD(): 11.2532ms
Frame 858 end
Average processing time of GrabImageRGBD(): 11.2452ms
Frame 859 end
Average processing time of GrabImageRGBD(): 11.2358ms
Frame 860 end
Average processing time of GrabImageRGBD(): 11.227ms
Frame 861 end
Average processing time of GrabImageRGBD(): 11.2222ms
Frame 862 end
Average processing time of GrabImageRGBD(): 11.2127ms
Frame 863 end
Average processing time of GrabImageRGBD(): 11.2389ms
Frame 864 end
Average processing time of GrabImageRGBD(): 11.2338ms
Frame 865 end
Average processing time of GrabImageRGBD(): 11.231ms
Frame 866 end
Average processing time of GrabImageRGBD(): 11.2313ms
Frame 867 end
Average processing time of GrabImageRGBD(): 11.2272ms
Frame 868 end
Average processing time of GrabImageRGBD(): 11.2227ms
Frame 869 end
Average processing time of GrabImageRGBD(): 11.2163ms
Frame 870 end
Average processing time of GrabImageRGBD(): 11.2115ms
Frame 871 end
Average processing time of GrabImageRGBD(): 11.2043ms
Frame 872 end
Average processing time of GrabImageRGBD(): 11.1975ms
Frame 873 end
Average processing time of GrabImageRGBD(): 11.1898ms
Frame 874 end
Average processing time of GrabImageRGBD(): 11.1806ms
Frame 875 end
Average processing time of GrabImageRGBD(): 11.2034ms
Frame 876 end
Average processing time of GrabImageRGBD(): 11.1968ms
Frame 877 end
Average processing time of GrabImageRGBD(): 11.1921ms
Frame 878 end
Average processing time of GrabImageRGBD(): 11.183ms
Frame 879 end
Average processing time of GrabImageRGBD(): 11.1784ms
Frame 880 end
Average processing time of GrabImageRGBD(): 11.1727ms
Frame 881 end
Average processing time of GrabImageRGBD(): 11.2006ms
Frame 882 end
Average processing time of GrabImageRGBD(): 11.2252ms
Frame 883 end
Average processing time of GrabImageRGBD(): 11.2205ms
Frame 884 end
Average processing time of GrabImageRGBD(): 11.2438ms
Frame 885 end
Average processing time of GrabImageRGBD(): 11.2702ms
Frame 886 end
Average processing time of GrabImageRGBD(): 11.2665ms
Frame 887 end
Average processing time of GrabImageRGBD(): 11.2905ms
Frame 888 end
Average processing time of GrabImageRGBD(): 11.2867ms
Frame 889 end
Average processing time of GrabImageRGBD(): 11.2779ms
Frame 890 end
Average processing time of GrabImageRGBD(): 11.2715ms
Frame 891 end
Average processing time of GrabImageRGBD(): 11.2658ms
Frame 892 end
Average processing time of GrabImageRGBD(): 11.2866ms
Frame 893 end
Average processing time of GrabImageRGBD(): 11.2817ms
Frame 894 end
Average processing time of GrabImageRGBD(): 11.2752ms
Frame 895 end
Average processing time of GrabImageRGBD(): 11.2687ms
Frame 896 end
Average processing time of GrabImageRGBD(): 11.2636ms
Frame 897 end
Average processing time of GrabImageRGBD(): 11.2568ms
Frame 898 end
Average processing time of GrabImageRGBD(): 11.249ms
Frame 899 end
Average processing time of GrabImageRGBD(): 11.2421ms
Frame 900 end
Average processing time of GrabImageRGBD(): 11.2355ms
Frame 901 end
Average processing time of GrabImageRGBD(): 11.2552ms
Frame 902 end
Average processing time of GrabImageRGBD(): 11.2513ms
Frame 903 end
Average processing time of GrabImageRGBD(): 11.2455ms
Frame 904 end
Average processing time of GrabImageRGBD(): 11.2374ms
Frame 905 end
Average processing time of GrabImageRGBD(): 11.2322ms
Frame 906 end
Average processing time of GrabImageRGBD(): 11.2261ms
Frame 907 end
Average processing time of GrabImageRGBD(): 11.2196ms
Frame 908 end
Average processing time of GrabImageRGBD(): 11.211ms
Frame 909 end
Average processing time of GrabImageRGBD(): 11.2019ms
Frame 910 end
Average processing time of GrabImageRGBD(): 11.2205ms
Frame 911 end
Average processing time of GrabImageRGBD(): 11.2179ms
Frame 912 end
Average processing time of GrabImageRGBD(): 11.2104ms
Frame 913 end
Average processing time of GrabImageRGBD(): 11.2029ms
Frame 914 end
Average processing time of GrabImageRGBD(): 11.1991ms
Frame 915 end
Average processing time of GrabImageRGBD(): 11.1918ms
Frame 916 end
Average processing time of GrabImageRGBD(): 11.1845ms
Frame 917 end
Average processing time of GrabImageRGBD(): 11.1756ms
Frame 918 end
Average processing time of GrabImageRGBD(): 11.1707ms
Frame 919 end
Average processing time of GrabImageRGBD(): 11.1999ms
Frame 920 end
Average processing time of GrabImageRGBD(): 11.1986ms
Frame 921 end
Average processing time of GrabImageRGBD(): 11.1949ms
Frame 922 end
Average processing time of GrabImageRGBD(): 11.1913ms
Frame 923 end
Average processing time of GrabImageRGBD(): 11.183ms
Frame 924 end
Average processing time of GrabImageRGBD(): 11.181ms
Frame 925 end
Average processing time of GrabImageRGBD(): 11.1765ms
Frame 926 end
Average processing time of GrabImageRGBD(): 11.1683ms
Frame 927 end
Average processing time of GrabImageRGBD(): 11.1643ms
Frame 928 end
Average processing time of GrabImageRGBD(): 11.1863ms
Frame 929 end
Average processing time of GrabImageRGBD(): 11.187ms
Frame 930 end
Average processing time of GrabImageRGBD(): 11.1801ms
Frame 931 end
Average processing time of GrabImageRGBD(): 11.1718ms
Frame 932 end
Average processing time of GrabImageRGBD(): 11.1663ms
Frame 933 end
Average processing time of GrabImageRGBD(): 11.1618ms
Frame 934 end
Average processing time of GrabImageRGBD(): 11.1571ms
Frame 935 end
Average processing time of GrabImageRGBD(): 11.15ms
Frame 936 end
Average processing time of GrabImageRGBD(): 11.1432ms
Frame 937 end
Average processing time of GrabImageRGBD(): 11.1638ms
Frame 938 end
Average processing time of GrabImageRGBD(): 11.1565ms
Frame 939 end
Average processing time of GrabImageRGBD(): 11.1554ms
Frame 940 end
Average processing time of GrabImageRGBD(): 11.1465ms
Frame 941 end
Average processing time of GrabImageRGBD(): 11.141ms
Frame 942 end
Average processing time of GrabImageRGBD(): 11.1349ms
Frame 943 end
Average processing time of GrabImageRGBD(): 11.1294ms
Frame 944 end
Average processing time of GrabImageRGBD(): 11.1222ms
Frame 945 end
Average processing time of GrabImageRGBD(): 11.1137ms
Frame 946 end
Average processing time of GrabImageRGBD(): 11.1333ms
Frame 947 end
Average processing time of GrabImageRGBD(): 11.1313ms
Frame 948 end
Average processing time of GrabImageRGBD(): 11.1282ms
Frame 949 end
Average processing time of GrabImageRGBD(): 11.1249ms
Frame 950 end
Average processing time of GrabImageRGBD(): 11.1169ms
Frame 951 end
Average processing time of GrabImageRGBD(): 11.1104ms
Frame 952 end
Average processing time of GrabImageRGBD(): 11.1041ms
Frame 953 end
Average processing time of GrabImageRGBD(): 11.0962ms
Frame 954 end
Average processing time of GrabImageRGBD(): 11.0907ms
Frame 955 end
Average processing time of GrabImageRGBD(): 11.117ms
Frame 956 end
Average processing time of GrabImageRGBD(): 11.1162ms
Frame 957 end
Average processing time of GrabImageRGBD(): 11.1083ms
Frame 958 end
Average processing time of GrabImageRGBD(): 11.1007ms
Frame 959 end
Average processing time of GrabImageRGBD(): 11.0968ms
Frame 960 end
Average processing time of GrabImageRGBD(): 11.0888ms
Frame 961 end
Average processing time of GrabImageRGBD(): 11.0862ms
Frame 962 end
Average processing time of GrabImageRGBD(): 11.0786ms
Frame 963 end
Average processing time of GrabImageRGBD(): 11.0756ms
Frame 964 end
Average processing time of GrabImageRGBD(): 11.0969ms
Frame 965 end
Average processing time of GrabImageRGBD(): 11.0957ms
Frame 966 end
Average processing time of GrabImageRGBD(): 11.0929ms
Frame 967 end
Average processing time of GrabImageRGBD(): 11.0854ms
Frame 968 end
Average processing time of GrabImageRGBD(): 11.0835ms
Frame 969 end
Average processing time of GrabImageRGBD(): 11.0799ms
Frame 970 end
Average processing time of GrabImageRGBD(): 11.0722ms
Frame 971 end
Average processing time of GrabImageRGBD(): 11.0692ms
Frame 972 end
Average processing time of GrabImageRGBD(): 11.0661ms
Frame 973 end
Average processing time of GrabImageRGBD(): 11.0586ms
Frame 974 end
Average processing time of GrabImageRGBD(): 11.0805ms
Frame 975 end
Average processing time of GrabImageRGBD(): 11.0804ms
Frame 976 end
Average processing time of GrabImageRGBD(): 11.08ms
Frame 977 end
Average processing time of GrabImageRGBD(): 11.0781ms
Frame 978 end
Average processing time of GrabImageRGBD(): 11.0721ms
Frame 979 end
Average processing time of GrabImageRGBD(): 11.0653ms
Frame 980 end
Average processing time of GrabImageRGBD(): 11.0604ms
Frame 981 end
Average processing time of GrabImageRGBD(): 11.0555ms
Frame 982 end
Average processing time of GrabImageRGBD(): 11.0524ms
Frame 983 end
Average processing time of GrabImageRGBD(): 11.0748ms
Frame 984 end
Average processing time of GrabImageRGBD(): 11.0748ms
Frame 985 end
Average processing time of GrabImageRGBD(): 11.0739ms
Frame 986 end
Average processing time of GrabImageRGBD(): 11.0709ms
Frame 987 end
Average processing time of GrabImageRGBD(): 11.0696ms
Frame 988 end
Average processing time of GrabImageRGBD(): 11.0676ms
Frame 989 end
Average processing time of GrabImageRGBD(): 11.0651ms
Frame 990 end
Average processing time of GrabImageRGBD(): 11.0573ms
Frame 991 end
Average processing time of GrabImageRGBD(): 11.0532ms
Frame 992 end
Average processing time of GrabImageRGBD(): 11.0719ms
Frame 993 end
Average processing time of GrabImageRGBD(): 11.0725ms
Frame 994 end
Average processing time of GrabImageRGBD(): 11.0695ms
Frame 995 end
Average processing time of GrabImageRGBD(): 11.0629ms
Frame 996 end
Average processing time of GrabImageRGBD(): 11.0592ms
Frame 997 end
Average processing time of GrabImageRGBD(): 11.0518ms
Frame 998 end
Average processing time of GrabImageRGBD(): 11.0443ms
Frame 999 end
Average processing time of GrabImageRGBD(): 11.0366ms
Frame 1000 end
Average processing time of GrabImageRGBD(): 11.0302ms
Frame 1001 end
Average processing time of GrabImageRGBD(): 11.0226ms
Frame 1002 end
Average processing time of GrabImageRGBD(): 11.0402ms
Frame 1003 end
Average processing time of GrabImageRGBD(): 11.0397ms
Frame 1004 end
Average processing time of GrabImageRGBD(): 11.0339ms
Frame 1005 end
Average processing time of GrabImageRGBD(): 11.0293ms
Frame 1006 end
Average processing time of GrabImageRGBD(): 11.0254ms
Frame 1007 end
Average processing time of GrabImageRGBD(): 11.0177ms
Frame 1008 end
Average processing time of GrabImageRGBD(): 11.0134ms
Frame 1009 end
Average processing time of GrabImageRGBD(): 11.0074ms
Frame 1010 end
Average processing time of GrabImageRGBD(): 10.9996ms
Frame 1011 end
Average processing time of GrabImageRGBD(): 10.9945ms
Frame 1012 end
Average processing time of GrabImageRGBD(): 11.0132ms
Frame 1013 end
Average processing time of GrabImageRGBD(): 11.0118ms
Frame 1014 end
Average processing time of GrabImageRGBD(): 11.0089ms
Frame 1015 end
Average processing time of GrabImageRGBD(): 11.0054ms
Frame 1016 end
Average processing time of GrabImageRGBD(): 11.002ms
Frame 1017 end
Average processing time of GrabImageRGBD(): 10.9971ms
Frame 1018 end
Average processing time of GrabImageRGBD(): 10.9959ms
Frame 1019 end
Average processing time of GrabImageRGBD(): 10.9899ms
Frame 1020 end
Average processing time of GrabImageRGBD(): 10.9844ms
Frame 1021 end
Average processing time of GrabImageRGBD(): 10.9764ms
Frame 1022 end
Average processing time of GrabImageRGBD(): 10.9941ms
Frame 1023 end
Average processing time of GrabImageRGBD(): 10.9928ms
Frame 1024 end
Average processing time of GrabImageRGBD(): 10.9854ms
Frame 1025 end
Average processing time of GrabImageRGBD(): 10.9817ms
Frame 1026 end
Average processing time of GrabImageRGBD(): 10.9767ms
Frame 1027 end
Average processing time of GrabImageRGBD(): 10.9702ms
Frame 1028 end
Average processing time of GrabImageRGBD(): 10.9664ms
Frame 1029 end
Average processing time of GrabImageRGBD(): 10.9596ms
Frame 1030 end
Average processing time of GrabImageRGBD(): 10.9529ms
Frame 1031 end
Average processing time of GrabImageRGBD(): 10.9462ms
Frame 1032 end
Average processing time of GrabImageRGBD(): 10.9661ms
Frame 1033 end
Average processing time of GrabImageRGBD(): 10.9648ms
Frame 1034 end
Average processing time of GrabImageRGBD(): 10.9621ms
Frame 1035 end
Average processing time of GrabImageRGBD(): 10.9565ms
Frame 1036 end
Average processing time of GrabImageRGBD(): 10.9543ms
Frame 1037 end
Average processing time of GrabImageRGBD(): 10.9471ms
Frame 1038 end
Average processing time of GrabImageRGBD(): 10.9399ms
Frame 1039 end
Average processing time of GrabImageRGBD(): 10.9336ms
Frame 1040 end
Average processing time of GrabImageRGBD(): 10.9262ms
Frame 1041 end
Average processing time of GrabImageRGBD(): 10.9228ms
Frame 1042 end
Average processing time of GrabImageRGBD(): 10.9421ms
Frame 1043 end
Average processing time of GrabImageRGBD(): 10.9402ms
Frame 1044 end
Average processing time of GrabImageRGBD(): 10.9368ms
Frame 1045 end
Average processing time of GrabImageRGBD(): 10.9298ms
Frame 1046 end
Average processing time of GrabImageRGBD(): 10.9263ms
Frame 1047 end
Average processing time of GrabImageRGBD(): 10.9207ms
Frame 1048 end
Average processing time of GrabImageRGBD(): 10.9176ms
Frame 1049 end
Average processing time of GrabImageRGBD(): 10.9101ms
Frame 1050 end
Average processing time of GrabImageRGBD(): 10.9028ms
Frame 1051 end
Average processing time of GrabImageRGBD(): 10.9218ms
Frame 1052 end
Average processing time of GrabImageRGBD(): 10.9187ms
Frame 1053 end
Average processing time of GrabImageRGBD(): 10.9126ms
Frame 1054 end
Average processing time of GrabImageRGBD(): 10.9117ms
Frame 1055 end
Average processing time of GrabImageRGBD(): 10.9041ms
Frame 1056 end
Average processing time of GrabImageRGBD(): 10.9013ms
Frame 1057 end
Average processing time of GrabImageRGBD(): 10.8984ms
Frame 1058 end
Average processing time of GrabImageRGBD(): 10.8925ms
Frame 1059 end
Average processing time of GrabImageRGBD(): 10.8884ms
Frame 1060 end
Average processing time of GrabImageRGBD(): 10.8812ms
Frame 1061 end
Average processing time of GrabImageRGBD(): 10.8994ms
Frame 1062 end
Average processing time of GrabImageRGBD(): 10.898ms
Frame 1063 end
Average processing time of GrabImageRGBD(): 10.8953ms
Frame 1064 end
Average processing time of GrabImageRGBD(): 10.8919ms
Frame 1065 end
Average processing time of GrabImageRGBD(): 10.8849ms
Frame 1066 end
Average processing time of GrabImageRGBD(): 10.8817ms
Frame 1067 end
Average processing time of GrabImageRGBD(): 10.8777ms
Frame 1068 end
Average processing time of GrabImageRGBD(): 10.8705ms
Frame 1069 end
Average processing time of GrabImageRGBD(): 10.8665ms
Frame 1070 end
Average processing time of GrabImageRGBD(): 10.8862ms
Frame 1071 end
Average processing time of GrabImageRGBD(): 10.8864ms
Frame 1072 end
Average processing time of GrabImageRGBD(): 10.884ms
Frame 1073 end
Average processing time of GrabImageRGBD(): 10.8784ms
Frame 1074 end
Average processing time of GrabImageRGBD(): 10.8763ms
Frame 1075 end
Average processing time of GrabImageRGBD(): 10.8695ms
Frame 1076 end
Average processing time of GrabImageRGBD(): 10.8632ms
Frame 1077 end
Average processing time of GrabImageRGBD(): 10.86ms
Frame 1078 end
Average processing time of GrabImageRGBD(): 10.8535ms
Frame 1079 end
Average processing time of GrabImageRGBD(): 10.8505ms
Frame 1080 end
Average processing time of GrabImageRGBD(): 10.8781ms
Frame 1081 end
Average processing time of GrabImageRGBD(): 10.8776ms
Frame 1082 end
Average processing time of GrabImageRGBD(): 10.8748ms
Frame 1083 end
Average processing time of GrabImageRGBD(): 10.8719ms
Frame 1084 end
Average processing time of GrabImageRGBD(): 10.8683ms
Frame 1085 end
Average processing time of GrabImageRGBD(): 10.8614ms
Frame 1086 end
Average processing time of GrabImageRGBD(): 10.8544ms
Frame 1087 end
Average processing time of GrabImageRGBD(): 10.8505ms
Frame 1088 end
Average processing time of GrabImageRGBD(): 10.8463ms
Frame 1089 end
Average processing time of GrabImageRGBD(): 10.8394ms
Frame 1090 end
Average processing time of GrabImageRGBD(): 10.8637ms
Frame 1091 end
Average processing time of GrabImageRGBD(): 10.8596ms
Frame 1092 end
Average processing time of GrabImageRGBD(): 10.8525ms
Frame 1093 end
Average processing time of GrabImageRGBD(): 10.849ms
Frame 1094 end
Average processing time of GrabImageRGBD(): 10.8424ms
Frame 1095 end
Average processing time of GrabImageRGBD(): 10.8353ms
Frame 1096 end
Average processing time of GrabImageRGBD(): 10.8288ms
Frame 1097 end
Average processing time of GrabImageRGBD(): 10.8244ms
Frame 1098 end
Average processing time of GrabImageRGBD(): 10.8175ms
Frame 1099 end
Average processing time of GrabImageRGBD(): 10.8122ms
Frame 1100 end
Average processing time of GrabImageRGBD(): 10.8071ms
Frame 1101 end
Average processing time of GrabImageRGBD(): 10.8253ms
Frame 1102 end
Average processing time of GrabImageRGBD(): 10.824ms
Frame 1103 end
Average processing time of GrabImageRGBD(): 10.8205ms
Frame 1104 end
Average processing time of GrabImageRGBD(): 10.8175ms
Frame 1105 end
Average processing time of GrabImageRGBD(): 10.8106ms
Frame 1106 end
Average processing time of GrabImageRGBD(): 10.8034ms
Frame 1107 end
Average processing time of GrabImageRGBD(): 10.7983ms
Frame 1108 end
Average processing time of GrabImageRGBD(): 10.7921ms
Frame 1109 end
Average processing time of GrabImageRGBD(): 10.7853ms
Frame 1110 end
Average processing time of GrabImageRGBD(): 10.8024ms
Frame 1111 end
Average processing time of GrabImageRGBD(): 10.8015ms
Frame 1112 end
Average processing time of GrabImageRGBD(): 10.795ms
Frame 1113 end
Average processing time of GrabImageRGBD(): 10.7916ms
Frame 1114 end
Average processing time of GrabImageRGBD(): 10.7881ms
Frame 1115 end
Average processing time of GrabImageRGBD(): 10.7811ms
Frame 1116 end
Average processing time of GrabImageRGBD(): 10.7779ms
Frame 1117 end
Average processing time of GrabImageRGBD(): 10.7711ms
Frame 1118 end
Average processing time of GrabImageRGBD(): 10.7881ms
Frame 1119 end
Average processing time of GrabImageRGBD(): 10.7876ms
Frame 1120 end
Average processing time of GrabImageRGBD(): 10.7824ms
Frame 1121 end
Average processing time of GrabImageRGBD(): 10.7809ms
Frame 1122 end
Average processing time of GrabImageRGBD(): 10.7783ms
Frame 1123 end
Average processing time of GrabImageRGBD(): 10.7753ms
Frame 1124 end
Average processing time of GrabImageRGBD(): 10.7922ms
Frame 1125 end
Average processing time of GrabImageRGBD(): 10.7906ms
Frame 1126 end
Average processing time of GrabImageRGBD(): 10.7885ms
Frame 1127 end
Average processing time of GrabImageRGBD(): 10.7842ms
Frame 1128 end
Average processing time of GrabImageRGBD(): 10.7795ms
Frame 1129 end
Average processing time of GrabImageRGBD(): 10.7733ms
Frame 1130 end
Average processing time of GrabImageRGBD(): 10.7703ms
Frame 1131 end
Average processing time of GrabImageRGBD(): 10.766ms
Frame 1132 end
Average processing time of GrabImageRGBD(): 10.7608ms
Frame 1133 end
Average processing time of GrabImageRGBD(): 10.7794ms
Frame 1134 end
Average processing time of GrabImageRGBD(): 10.7778ms
Frame 1135 end
Average processing time of GrabImageRGBD(): 10.7749ms
Frame 1136 end
Average processing time of GrabImageRGBD(): 10.77ms
Frame 1137 end
Average processing time of GrabImageRGBD(): 10.7673ms
Frame 1138 end
Average processing time of GrabImageRGBD(): 10.7643ms
Frame 1139 end
Average processing time of GrabImageRGBD(): 10.7578ms
Frame 1140 end
Average processing time of GrabImageRGBD(): 10.7523ms
Frame 1141 end
Average processing time of GrabImageRGBD(): 10.7703ms
Frame 1142 end
Average processing time of GrabImageRGBD(): 10.7643ms
Frame 1143 end
Average processing time of GrabImageRGBD(): 10.7609ms
Frame 1144 end
Average processing time of GrabImageRGBD(): 10.7544ms
Frame 1145 end
Average processing time of GrabImageRGBD(): 10.7492ms
Frame 1146 end
Average processing time of GrabImageRGBD(): 10.7454ms
Frame 1147 end
Average processing time of GrabImageRGBD(): 10.7395ms
Frame 1148 end
Average processing time of GrabImageRGBD(): 10.735ms
Frame 1149 end
Average processing time of GrabImageRGBD(): 10.7523ms
Frame 1150 end
Average processing time of GrabImageRGBD(): 10.7509ms
Frame 1151 end
Average processing time of GrabImageRGBD(): 10.7446ms
Frame 1152 end
Average processing time of GrabImageRGBD(): 10.7381ms
Frame 1153 end
Average processing time of GrabImageRGBD(): 10.735ms
Frame 1154 end
Average processing time of GrabImageRGBD(): 10.7296ms
Frame 1155 end
Average processing time of GrabImageRGBD(): 10.7263ms
Frame 1156 end
Average processing time of GrabImageRGBD(): 10.7196ms
Frame 1157 end
Average processing time of GrabImageRGBD(): 10.7131ms
Frame 1158 end
Average processing time of GrabImageRGBD(): 10.7309ms
Frame 1159 end
Average processing time of GrabImageRGBD(): 10.7256ms
Frame 1160 end
Average processing time of GrabImageRGBD(): 10.7193ms
Frame 1161 end
Average processing time of GrabImageRGBD(): 10.7156ms
Frame 1162 end
Average processing time of GrabImageRGBD(): 10.7101ms
Frame 1163 end
Average processing time of GrabImageRGBD(): 10.7075ms
Frame 1164 end
Average processing time of GrabImageRGBD(): 10.7047ms
Frame 1165 end
Average processing time of GrabImageRGBD(): 10.7003ms
Frame 1166 end
Average processing time of GrabImageRGBD(): 10.6938ms
Frame 1167 end
Average processing time of GrabImageRGBD(): 10.71ms
Frame 1168 end
Average processing time of GrabImageRGBD(): 10.7091ms
Frame 1169 end
Average processing time of GrabImageRGBD(): 10.7069ms
Frame 1170 end
Average processing time of GrabImageRGBD(): 10.7005ms
Frame 1171 end
Average processing time of GrabImageRGBD(): 10.6947ms
Frame 1172 end
Average processing time of GrabImageRGBD(): 10.6883ms
Frame 1173 end
Average processing time of GrabImageRGBD(): 10.6854ms
Frame 1174 end
Average processing time of GrabImageRGBD(): 10.6816ms
Frame 1175 end
Average processing time of GrabImageRGBD(): 10.678ms
Frame 1176 end
Average processing time of GrabImageRGBD(): 10.6746ms
Frame 1177 end
Average processing time of GrabImageRGBD(): 10.6926ms
Frame 1178 end
Average processing time of GrabImageRGBD(): 10.6915ms
Frame 1179 end
Average processing time of GrabImageRGBD(): 10.6855ms
Frame 1180 end
Average processing time of GrabImageRGBD(): 10.6794ms
Frame 1181 end
Average processing time of GrabImageRGBD(): 10.677ms
Frame 1182 end
Average processing time of GrabImageRGBD(): 10.6743ms
Frame 1183 end
Average processing time of GrabImageRGBD(): 10.6714ms
Frame 1184 end
Average processing time of GrabImageRGBD(): 10.6661ms
Frame 1185 end
Average processing time of GrabImageRGBD(): 10.6617ms
Frame 1186 end
Average processing time of GrabImageRGBD(): 10.6588ms
Frame 1187 end
Average processing time of GrabImageRGBD(): 10.6742ms
Frame 1188 end
Average processing time of GrabImageRGBD(): 10.6731ms
Frame 1189 end
Average processing time of GrabImageRGBD(): 10.6706ms
Frame 1190 end
Average processing time of GrabImageRGBD(): 10.6646ms
Frame 1191 end
Average processing time of GrabImageRGBD(): 10.6601ms
Frame 1192 end
Average processing time of GrabImageRGBD(): 10.6539ms
Frame 1193 end
Average processing time of GrabImageRGBD(): 10.6508ms
Frame 1194 end
Average processing time of GrabImageRGBD(): 10.6478ms
Frame 1195 end
Average processing time of GrabImageRGBD(): 10.6447ms
Frame 1196 end
Average processing time of GrabImageRGBD(): 10.661ms
Frame 1197 end
Average processing time of GrabImageRGBD(): 10.6599ms
Frame 1198 end
Average processing time of GrabImageRGBD(): 10.6567ms
Frame 1199 end
Average processing time of GrabImageRGBD(): 10.651ms
Frame 1200 end
Average processing time of GrabImageRGBD(): 10.6449ms
Frame 1201 end
Average processing time of GrabImageRGBD(): 10.6425ms
Frame 1202 end
Average processing time of GrabImageRGBD(): 10.6397ms
Frame 1203 end
Average processing time of GrabImageRGBD(): 10.6373ms
Frame 1204 end
Average processing time of GrabImageRGBD(): 10.6344ms
Frame 1205 end
Average processing time of GrabImageRGBD(): 10.6527ms
Frame 1206 end
Average processing time of GrabImageRGBD(): 10.6516ms
Frame 1207 end
Average processing time of GrabImageRGBD(): 10.6467ms
Frame 1208 end
Average processing time of GrabImageRGBD(): 10.6415ms
Frame 1209 end
Average processing time of GrabImageRGBD(): 10.6391ms
Frame 1210 end
Average processing time of GrabImageRGBD(): 10.6364ms
Frame 1211 end
Average processing time of GrabImageRGBD(): 10.6301ms
Frame 1212 end
Average processing time of GrabImageRGBD(): 10.6274ms
Frame 1213 end
Average processing time of GrabImageRGBD(): 10.6212ms
Frame 1214 end
Average processing time of GrabImageRGBD(): 10.6176ms
Frame 1215 end
Average processing time of GrabImageRGBD(): 10.613ms
Frame 1216 end
Average processing time of GrabImageRGBD(): 10.631ms
Frame 1217 end
Average processing time of GrabImageRGBD(): 10.6303ms
Frame 1218 end
Average processing time of GrabImageRGBD(): 10.6283ms
Frame 1219 end
Average processing time of GrabImageRGBD(): 10.6243ms
Frame 1220 end
Average processing time of GrabImageRGBD(): 10.6182ms
Frame 1221 end
Average processing time of GrabImageRGBD(): 10.6161ms
Frame 1222 end
Average processing time of GrabImageRGBD(): 10.61ms
Frame 1223 end
Average processing time of GrabImageRGBD(): 10.6041ms
Frame 1224 end
Average processing time of GrabImageRGBD(): 10.5979ms
Frame 1225 end
Average processing time of GrabImageRGBD(): 10.5941ms
Frame 1226 end
Average processing time of GrabImageRGBD(): 10.6118ms
Frame 1227 end
Average processing time of GrabImageRGBD(): 10.6097ms
Frame 1228 end
Average processing time of GrabImageRGBD(): 10.6067ms
Frame 1229 end
Average processing time of GrabImageRGBD(): 10.601ms
Frame 1230 end
Average processing time of GrabImageRGBD(): 10.5986ms
Frame 1231 end
Average processing time of GrabImageRGBD(): 10.5949ms
Frame 1232 end
Average processing time of GrabImageRGBD(): 10.5898ms
Frame 1233 end
Average processing time of GrabImageRGBD(): 10.5864ms
Frame 1234 end
Average processing time of GrabImageRGBD(): 10.5826ms
Frame 1235 end
Average processing time of GrabImageRGBD(): 10.5991ms
Frame 1236 end
Average processing time of GrabImageRGBD(): 10.5989ms
Frame 1237 end
Average processing time of GrabImageRGBD(): 10.5963ms
Frame 1238 end
Average processing time of GrabImageRGBD(): 10.5905ms
Frame 1239 end
Average processing time of GrabImageRGBD(): 10.5888ms
Frame 1240 end
Average processing time of GrabImageRGBD(): 10.5833ms
Frame 1241 end
Average processing time of GrabImageRGBD(): 10.5811ms
Frame 1242 end
Average processing time of GrabImageRGBD(): 10.5759ms
Frame 1243 end
Average processing time of GrabImageRGBD(): 10.5733ms
Frame 1244 end
Average processing time of GrabImageRGBD(): 10.5703ms
Frame 1245 end
Average processing time of GrabImageRGBD(): 10.5688ms
Frame 1246 end
Average processing time of GrabImageRGBD(): 10.5862ms
Frame 1247 end
Average processing time of GrabImageRGBD(): 10.6061ms
Frame 1248 end
Average processing time of GrabImageRGBD(): 10.6042ms
Frame 1249 end
Average processing time of GrabImageRGBD(): 10.6282ms
Frame 1250 end
Average processing time of GrabImageRGBD(): 10.6277ms
Frame 1251 end
Average processing time of GrabImageRGBD(): 10.622ms
Frame 1252 end
Average processing time of GrabImageRGBD(): 10.6193ms
Frame 1253 end
Average processing time of GrabImageRGBD(): 10.6134ms
Frame 1254 end
Average processing time of GrabImageRGBD(): 10.6101ms
Frame 1255 end
Average processing time of GrabImageRGBD(): 10.6268ms
Frame 1256 end
Average processing time of GrabImageRGBD(): 10.6219ms
Frame 1257 end
Average processing time of GrabImageRGBD(): 10.6192ms
Frame 1258 end
Average processing time of GrabImageRGBD(): 10.6135ms
Frame 1259 end
Average processing time of GrabImageRGBD(): 10.6097ms
Frame 1260 end
Average processing time of GrabImageRGBD(): 10.6072ms
Frame 1261 end
Average processing time of GrabImageRGBD(): 10.6255ms
Frame 1262 end
Average processing time of GrabImageRGBD(): 10.6245ms
Frame 1263 end
Average processing time of GrabImageRGBD(): 10.6219ms
Frame 1264 end
Average processing time of GrabImageRGBD(): 10.6161ms
Frame 1265 end
Average processing time of GrabImageRGBD(): 10.6135ms
Frame 1266 end
Average processing time of GrabImageRGBD(): 10.6092ms
Frame 1267 end
Average processing time of GrabImageRGBD(): 10.6239ms
Frame 1268 end
Average processing time of GrabImageRGBD(): 10.624ms
Frame 1269 end
Average processing time of GrabImageRGBD(): 10.6183ms
Frame 1270 end
Average processing time of GrabImageRGBD(): 10.6125ms
Frame 1271 end
Average processing time of GrabImageRGBD(): 10.6109ms
Frame 1272 end
Average processing time of GrabImageRGBD(): 10.6266ms
Frame 1273 end
Average processing time of GrabImageRGBD(): 10.6257ms
Frame 1274 end
Average processing time of GrabImageRGBD(): 10.6241ms
Frame 1275 end
Average processing time of GrabImageRGBD(): 10.6205ms
Frame 1276 end
Average processing time of GrabImageRGBD(): 10.6163ms
Frame 1277 end
Average processing time of GrabImageRGBD(): 10.6105ms
Frame 1278 end
Average processing time of GrabImageRGBD(): 10.6253ms
Frame 1279 end
Average processing time of GrabImageRGBD(): 10.6206ms
Frame 1280 end
Average processing time of GrabImageRGBD(): 10.6165ms
Frame 1281 end
Average processing time of GrabImageRGBD(): 10.611ms
Frame 1282 end
Average processing time of GrabImageRGBD(): 10.6098ms
Frame 1283 end
Average processing time of GrabImageRGBD(): 10.6082ms
Frame 1284 end
Average processing time of GrabImageRGBD(): 10.6023ms
Frame 1285 end
Average processing time of GrabImageRGBD(): 10.6004ms
Frame 1286 end
Average processing time of GrabImageRGBD(): 10.6163ms
Frame 1287 end
Average processing time of GrabImageRGBD(): 10.6161ms
Frame 1288 end
Average processing time of GrabImageRGBD(): 10.6128ms
Frame 1289 end
Average processing time of GrabImageRGBD(): 10.6118ms
Frame 1290 end
Average processing time of GrabImageRGBD(): 10.6107ms
Frame 1291 end
Average processing time of GrabImageRGBD(): 10.6071ms
Frame 1292 end
Average processing time of GrabImageRGBD(): 10.6059ms
Frame 1293 end
Average processing time of GrabImageRGBD(): 10.6046ms
Frame 1294 end
Average processing time of GrabImageRGBD(): 10.6036ms
Frame 1295 end
Average processing time of GrabImageRGBD(): 10.5979ms
Frame 1296 end
Average processing time of GrabImageRGBD(): 10.5962ms
Frame 1297 end
Average processing time of GrabImageRGBD(): 10.5945ms
Frame 1298 end
Average processing time of GrabImageRGBD(): 10.6112ms
Frame 1299 end
Average processing time of GrabImageRGBD(): 10.6107ms
Frame 1300 end
Average processing time of GrabImageRGBD(): 10.6088ms
Frame 1301 end
Average processing time of GrabImageRGBD(): 10.6069ms
Frame 1302 end
Average processing time of GrabImageRGBD(): 10.6017ms
Frame 1303 end
Average processing time of GrabImageRGBD(): 10.5995ms
Frame 1304 end
Average processing time of GrabImageRGBD(): 10.5946ms
Frame 1305 end
Average processing time of GrabImageRGBD(): 10.6108ms
Frame 1306 end
Average processing time of GrabImageRGBD(): 10.6064ms
Frame 1307 end
Average processing time of GrabImageRGBD(): 10.6042ms
Frame 1308 end
Average processing time of GrabImageRGBD(): 10.6001ms
Frame 1309 end
Average processing time of GrabImageRGBD(): 10.5958ms
Frame 1310 end
Average processing time of GrabImageRGBD(): 10.595ms
Frame 1311 end
Average processing time of GrabImageRGBD(): 10.591ms
Frame 1312 end
Average processing time of GrabImageRGBD(): 10.6071ms
Frame 1313 end
Average processing time of GrabImageRGBD(): 10.6056ms
Frame 1314 end
Average processing time of GrabImageRGBD(): 10.6011ms
Frame 1315 end
Average processing time of GrabImageRGBD(): 10.5953ms
Frame 1316 end
Average processing time of GrabImageRGBD(): 10.6095ms
Frame 1317 end
Average processing time of GrabImageRGBD(): 10.6092ms
Frame 1318 end
Average processing time of GrabImageRGBD(): 10.6077ms
Frame 1319 end
Average processing time of GrabImageRGBD(): 10.6064ms
Frame 1320 end
Average processing time of GrabImageRGBD(): 10.6015ms
Frame 1321 end
Average processing time of GrabImageRGBD(): 10.5965ms
Frame 1322 end
Average processing time of GrabImageRGBD(): 10.6127ms
Frame 1323 end
Average processing time of GrabImageRGBD(): 10.6083ms
Frame 1324 end
Average processing time of GrabImageRGBD(): 10.603ms
Frame 1325 end
Average processing time of GrabImageRGBD(): 10.6014ms
Frame 1326 end
Average processing time of GrabImageRGBD(): 10.5994ms
Frame 1327 end
Average processing time of GrabImageRGBD(): 10.5962ms
Frame 1328 end
Average processing time of GrabImageRGBD(): 10.6107ms
Frame 1329 end
Average processing time of GrabImageRGBD(): 10.6073ms
Frame 1330 end
Average processing time of GrabImageRGBD(): 10.6032ms
Frame 1331 end
Average processing time of GrabImageRGBD(): 10.6012ms
Frame 1332 end
Average processing time of GrabImageRGBD(): 10.6008ms
Frame 1333 end
Average processing time of GrabImageRGBD(): 10.6159ms
Frame 1334 end
Average processing time of GrabImageRGBD(): 10.6149ms
Frame 1335 end
Average processing time of GrabImageRGBD(): 10.613ms
Frame 1336 end
Average processing time of GrabImageRGBD(): 10.6095ms
Frame 1337 end
Average processing time of GrabImageRGBD(): 10.6061ms
Frame 1338 end
Average processing time of GrabImageRGBD(): 10.6208ms
Frame 1339 end
Average processing time of GrabImageRGBD(): 10.6169ms
Frame 1340 end
Average processing time of GrabImageRGBD(): 10.6135ms
Frame 1341 end
Average processing time of GrabImageRGBD(): 10.6112ms
Frame 1342 end
Average processing time of GrabImageRGBD(): 10.6087ms
Frame 1343 end
Average processing time of GrabImageRGBD(): 10.6059ms
Frame 1344 end
Average processing time of GrabImageRGBD(): 10.6203ms
Frame 1345 end
Average processing time of GrabImageRGBD(): 10.6159ms
Frame 1346 end
Average processing time of GrabImageRGBD(): 10.6135ms
Frame 1347 end
Average processing time of GrabImageRGBD(): 10.6086ms
Frame 1348 end
Average processing time of GrabImageRGBD(): 10.6036ms
Frame 1349 end
Average processing time of GrabImageRGBD(): 10.603ms
Frame 1350 end
Average processing time of GrabImageRGBD(): 10.5976ms
Frame 1351 end
Average processing time of GrabImageRGBD(): 10.6123ms
Frame 1352 end
Average processing time of GrabImageRGBD(): 10.6078ms
Frame 1353 end
Average processing time of GrabImageRGBD(): 10.6032ms
Frame 1354 end
Average processing time of GrabImageRGBD(): 10.5985ms
Frame 1355 end
Average processing time of GrabImageRGBD(): 10.5973ms
Frame 1356 end
Average processing time of GrabImageRGBD(): 10.6128ms
Frame 1357 end
Average processing time of GrabImageRGBD(): 10.6103ms
Frame 1358 end
Average processing time of GrabImageRGBD(): 10.6055ms
Frame 1359 end
Average processing time of GrabImageRGBD(): 10.6005ms
Frame 1360 end
Average processing time of GrabImageRGBD(): 10.5951ms
Frame 1361 end
Average processing time of GrabImageRGBD(): 10.6109ms
Frame 1362 end
Average processing time of GrabImageRGBD(): 10.6103ms
Frame 1363 end
Average processing time of GrabImageRGBD(): 10.61ms
Frame 1364 end
Average processing time of GrabImageRGBD(): 10.6049ms
Frame 1365 end
Average processing time of GrabImageRGBD(): 10.6037ms
Frame 1366 end
Average processing time of GrabImageRGBD(): 10.5984ms
Frame 1367 end
Average processing time of GrabImageRGBD(): 10.6128ms
Frame 1368 end
Average processing time of GrabImageRGBD(): 10.6104ms
Frame 1369 end
Average processing time of GrabImageRGBD(): 10.6083ms
Frame 1370 end
Average processing time of GrabImageRGBD(): 10.6032ms
Frame 1371 end
Average processing time of GrabImageRGBD(): 10.601ms
Frame 1372 end
Average processing time of GrabImageRGBD(): 10.5972ms
Frame 1373 end
Average processing time of GrabImageRGBD(): 10.6105ms
Frame 1374 end
Average processing time of GrabImageRGBD(): 10.6059ms
Frame 1375 end
Average processing time of GrabImageRGBD(): 10.6033ms
Frame 1376 end
Average processing time of GrabImageRGBD(): 10.6007ms
Frame 1377 end
Average processing time of GrabImageRGBD(): 10.5977ms
Frame 1378 end
Average processing time of GrabImageRGBD(): 10.5923ms
Frame 1379 end
Average processing time of GrabImageRGBD(): 10.6059ms
Frame 1380 end
Average processing time of GrabImageRGBD(): 10.6035ms
Frame 1381 end
Average processing time of GrabImageRGBD(): 10.6006ms
Frame 1382 end
Average processing time of GrabImageRGBD(): 10.5975ms
Frame 1383 end
Average processing time of GrabImageRGBD(): 10.5943ms
Frame 1384 end
Average processing time of GrabImageRGBD(): 10.591ms
Frame 1385 end
Average processing time of GrabImageRGBD(): 10.6046ms
Frame 1386 end
Average processing time of GrabImageRGBD(): 10.6032ms
Frame 1387 end
Average processing time of GrabImageRGBD(): 10.6023ms
Frame 1388 end
Average processing time of GrabImageRGBD(): 10.6002ms
Frame 1389 end
Average processing time of GrabImageRGBD(): 10.5978ms
Frame 1390 end
Average processing time of GrabImageRGBD(): 10.5965ms
Frame 1391 end
Average processing time of GrabImageRGBD(): 10.6094ms
Frame 1392 end
Average processing time of GrabImageRGBD(): 10.6093ms
Frame 1393 end
Average processing time of GrabImageRGBD(): 10.6059ms
Frame 1394 end
Average processing time of GrabImageRGBD(): 10.602ms
Frame 1395 end
Average processing time of GrabImageRGBD(): 10.5981ms
Frame 1396 end
Average processing time of GrabImageRGBD(): 10.596ms
Frame 1397 end
Average processing time of GrabImageRGBD(): 10.6095ms
Frame 1398 end
Average processing time of GrabImageRGBD(): 10.6052ms
Frame 1399 end
Average processing time of GrabImageRGBD(): 10.6045ms
Frame 1400 end
Average processing time of GrabImageRGBD(): 10.6032ms
Frame 1401 end
Average processing time of GrabImageRGBD(): 10.603ms
Frame 1402 end
Average processing time of GrabImageRGBD(): 10.5982ms
Frame 1403 end
Average processing time of GrabImageRGBD(): 10.598ms
Frame 1404 end
Average processing time of GrabImageRGBD(): 10.5974ms
Frame 1405 end
Average processing time of GrabImageRGBD(): 10.597ms
Frame 1406 end
Average processing time of GrabImageRGBD(): 10.613ms
Frame 1407 end
Average processing time of GrabImageRGBD(): 10.6123ms
Frame 1408 end
Average processing time of GrabImageRGBD(): 10.6091ms
Frame 1409 end
Average processing time of GrabImageRGBD(): 10.6104ms
Frame 1410 end
Average processing time of GrabImageRGBD(): 10.6079ms
Frame 1411 end
Average processing time of GrabImageRGBD(): 10.6029ms
Frame 1412 end
Average processing time of GrabImageRGBD(): 10.6157ms
Frame 1413 end
Average processing time of GrabImageRGBD(): 10.6137ms
Frame 1414 end
Average processing time of GrabImageRGBD(): 10.6128ms
Frame 1415 end
Average processing time of GrabImageRGBD(): 10.6109ms
Frame 1416 end
Average processing time of GrabImageRGBD(): 10.606ms
Frame 1417 end
Average processing time of GrabImageRGBD(): 10.6186ms
Frame 1418 end
Average processing time of GrabImageRGBD(): 10.6184ms
Frame 1419 end
Average processing time of GrabImageRGBD(): 10.6134ms
Frame 1420 end
Average processing time of GrabImageRGBD(): 10.6125ms
Frame 1421 end
Average processing time of GrabImageRGBD(): 10.6116ms
Frame 1422 end
Average processing time of GrabImageRGBD(): 10.6267ms
Frame 1423 end
Average processing time of GrabImageRGBD(): 10.6261ms
Frame 1424 end
Average processing time of GrabImageRGBD(): 10.6223ms
Frame 1425 end
Average processing time of GrabImageRGBD(): 10.6184ms
Frame 1426 end
Average processing time of GrabImageRGBD(): 10.6171ms
Frame 1427 end
Average processing time of GrabImageRGBD(): 10.6155ms
Frame 1428 end
Average processing time of GrabImageRGBD(): 10.6349ms
Frame 1429 end
Average processing time of GrabImageRGBD(): 10.6351ms
Frame 1430 end
Average processing time of GrabImageRGBD(): 10.6345ms
Frame 1431 end
Average processing time of GrabImageRGBD(): 10.6339ms
Frame 1432 end
Average processing time of GrabImageRGBD(): 10.629ms
Frame 1433 end
Average processing time of GrabImageRGBD(): 10.6251ms
Frame 1434 end
Average processing time of GrabImageRGBD(): 10.624ms
Frame 1435 end
Average processing time of GrabImageRGBD(): 10.619ms
Frame 1436 end
Average processing time of GrabImageRGBD(): 10.6141ms
Frame 1437 end
Average processing time of GrabImageRGBD(): 10.6267ms
Frame 1438 end
Average processing time of GrabImageRGBD(): 10.6268ms
Frame 1439 end
Average processing time of GrabImageRGBD(): 10.6221ms
Frame 1440 end
Average processing time of GrabImageRGBD(): 10.6203ms
Frame 1441 end
Average processing time of GrabImageRGBD(): 10.6194ms
Frame 1442 end
Average processing time of GrabImageRGBD(): 10.6182ms
Frame 1443 end
Average processing time of GrabImageRGBD(): 10.6146ms
Frame 1444 end
Average processing time of GrabImageRGBD(): 10.6312ms
Frame 1445 end
Average processing time of GrabImageRGBD(): 10.6273ms
Frame 1446 end
Average processing time of GrabImageRGBD(): 10.6259ms
Frame 1447 end
Average processing time of GrabImageRGBD(): 10.6226ms
Frame 1448 end
Average processing time of GrabImageRGBD(): 10.6186ms
Frame 1449 end
Average processing time of GrabImageRGBD(): 10.6171ms
Frame 1450 end
Average processing time of GrabImageRGBD(): 10.63ms
Frame 1451 end
Average processing time of GrabImageRGBD(): 10.6285ms
Frame 1452 end
Average processing time of GrabImageRGBD(): 10.6275ms
Frame 1453 end
Average processing time of GrabImageRGBD(): 10.6226ms
Frame 1454 end
Average processing time of GrabImageRGBD(): 10.6205ms
Frame 1455 end
Average processing time of GrabImageRGBD(): 10.6186ms
Frame 1456 end
Average processing time of GrabImageRGBD(): 10.6322ms
Frame 1457 end
Average processing time of GrabImageRGBD(): 10.632ms
Frame 1458 end
Average processing time of GrabImageRGBD(): 10.6298ms
Frame 1459 end
Average processing time of GrabImageRGBD(): 10.6257ms
Frame 1460 end
Average processing time of GrabImageRGBD(): 10.6228ms
Frame 1461 end
Average processing time of GrabImageRGBD(): 10.6196ms
Frame 1462 end
Average processing time of GrabImageRGBD(): 10.6317ms
Frame 1463 end
Average processing time of GrabImageRGBD(): 10.6309ms
Frame 1464 end
Average processing time of GrabImageRGBD(): 10.6262ms
Frame 1465 end
Average processing time of GrabImageRGBD(): 10.6241ms
Frame 1466 end
Average processing time of GrabImageRGBD(): 10.6191ms
Frame 1467 end
Average processing time of GrabImageRGBD(): 10.617ms
Frame 1468 end
Average processing time of GrabImageRGBD(): 10.6147ms
Frame 1469 end
Average processing time of GrabImageRGBD(): 10.6311ms
Frame 1470 end
Average processing time of GrabImageRGBD(): 10.6266ms
Frame 1471 end
Average processing time of GrabImageRGBD(): 10.6229ms
Frame 1472 end
Average processing time of GrabImageRGBD(): 10.6181ms
Frame 1473 end
Average processing time of GrabImageRGBD(): 10.632ms
Frame 1474 end
Average processing time of GrabImageRGBD(): 10.628ms
Frame 1475 end
Average processing time of GrabImageRGBD(): 10.6262ms
Frame 1476 end
Average processing time of GrabImageRGBD(): 10.6214ms
Frame 1477 end
Average processing time of GrabImageRGBD(): 10.6182ms
Frame 1478 end
Average processing time of GrabImageRGBD(): 10.613ms
Frame 1479 end
Average processing time of GrabImageRGBD(): 10.6103ms
Frame 1480 end
Average processing time of GrabImageRGBD(): 10.6236ms
Frame 1481 end
Average processing time of GrabImageRGBD(): 10.6235ms
Frame 1482 end
Average processing time of GrabImageRGBD(): 10.6191ms
Frame 1483 end
Average processing time of GrabImageRGBD(): 10.6145ms
Frame 1484 end
Average processing time of GrabImageRGBD(): 10.6102ms
Frame 1485 end
Average processing time of GrabImageRGBD(): 10.6081ms
Frame 1486 end
Average processing time of GrabImageRGBD(): 10.6038ms
Frame 1487 end
Average processing time of GrabImageRGBD(): 10.6173ms
Frame 1488 end
Average processing time of GrabImageRGBD(): 10.6177ms
Frame 1489 end
Average processing time of GrabImageRGBD(): 10.6129ms
Frame 1490 end
Average processing time of GrabImageRGBD(): 10.6109ms
Frame 1491 end
Average processing time of GrabImageRGBD(): 10.6062ms
Frame 1492 end
Average processing time of GrabImageRGBD(): 10.6028ms
Frame 1493 end
Average processing time of GrabImageRGBD(): 10.5979ms
Frame 1494 end
Average processing time of GrabImageRGBD(): 10.6102ms
Frame 1495 end
Average processing time of GrabImageRGBD(): 10.6105ms
Frame 1496 end
Average processing time of GrabImageRGBD(): 10.6072ms
Frame 1497 end
Average processing time of GrabImageRGBD(): 10.6064ms
Frame 1498 end
Average processing time of GrabImageRGBD(): 10.605ms
Frame 1499 end
Average processing time of GrabImageRGBD(): 10.6032ms
Frame 1500 end
Average processing time of GrabImageRGBD(): 10.6182ms
Frame 1501 end
Average processing time of GrabImageRGBD(): 10.6152ms
Frame 1502 end
Average processing time of GrabImageRGBD(): 10.6103ms
Frame 1503 end
Average processing time of GrabImageRGBD(): 10.6055ms
Frame 1504 end
Average processing time of GrabImageRGBD(): 10.6035ms
Frame 1505 end
Average processing time of GrabImageRGBD(): 10.6008ms
Frame 1506 end
Average processing time of GrabImageRGBD(): 10.614ms
Frame 1507 end
Average processing time of GrabImageRGBD(): 10.6126ms
Frame 1508 end
Average processing time of GrabImageRGBD(): 10.6079ms
Frame 1509 end
Average processing time of GrabImageRGBD(): 10.6033ms
Frame 1510 end
Average processing time of GrabImageRGBD(): 10.6017ms
Frame 1511 end
Average processing time of GrabImageRGBD(): 10.5998ms
Frame 1512 end
Average processing time of GrabImageRGBD(): 10.6129ms
Frame 1513 end
Average processing time of GrabImageRGBD(): 10.6088ms
Frame 1514 end
Average processing time of GrabImageRGBD(): 10.6073ms
Frame 1515 end
Average processing time of GrabImageRGBD(): 10.6069ms
Frame 1516 end
Average processing time of GrabImageRGBD(): 10.6202ms
Frame 1517 end
Average processing time of GrabImageRGBD(): 10.6202ms
Frame 1518 end
Average processing time of GrabImageRGBD(): 10.6199ms
Frame 1519 end
Average processing time of GrabImageRGBD(): 10.6196ms
Frame 1520 end
Average processing time of GrabImageRGBD(): 10.6172ms
Frame 1521 end
Average processing time of GrabImageRGBD(): 10.6171ms
Frame 1522 end
Average processing time of GrabImageRGBD(): 10.629ms
Frame 1523 end
Average processing time of GrabImageRGBD(): 10.6251ms
Frame 1524 end
Average processing time of GrabImageRGBD(): 10.6252ms
Frame 1525 end
Average processing time of GrabImageRGBD(): 10.6209ms
Frame 1526 end
Average processing time of GrabImageRGBD(): 10.6206ms
Frame 1527 end
Average processing time of GrabImageRGBD(): 10.6171ms
Frame 1528 end
Average processing time of GrabImageRGBD(): 10.6312ms
Frame 1529 end
Average processing time of GrabImageRGBD(): 10.6314ms
Frame 1530 end
Average processing time of GrabImageRGBD(): 10.6273ms
Frame 1531 end
Average processing time of GrabImageRGBD(): 10.6278ms
Frame 1532 end
Average processing time of GrabImageRGBD(): 10.6229ms
Frame 1533 end
Average processing time of GrabImageRGBD(): 10.6208ms
Frame 1534 end
Average processing time of GrabImageRGBD(): 10.6195ms
Frame 1535 end
Average processing time of GrabImageRGBD(): 10.6311ms
Frame 1536 end
Average processing time of GrabImageRGBD(): 10.6309ms
Frame 1537 end
Average processing time of GrabImageRGBD(): 10.6283ms
Frame 1538 end
Average processing time of GrabImageRGBD(): 10.6247ms
Frame 1539 end
