
ORB-SLAM3 Copyright (C) 2017-2020 Carlos Campos, Richard Elvira, Juan J. Gómez, José M.M. Montiel and Juan D. Tardós, University of Zaragoza.
ORB-SLAM2 Copyright (C) 2014-2016 Raúl Mur-Artal, José M.M. Montiel and Juan D. Tardós, University of Zaragoza.
This program comes with ABSOLUTELY NO WARRANTY;
This is free software, and you are welcome to redistribute it
under certain conditions. See LICENSE.txt.

Input sensor was set to: RGB-D
Loading settings from /home/bingxin/Downloads/NGD-SLAM/Examples/RGB-D/Bonn.yaml
Camera1.k3 optional parameter does not exist...
	-Loaded camera 1
Camera.newHeight optional parameter does not exist...
Camera.newWidth optional parameter does not exist...
	-Loaded image info
	-Loaded RGB-D calibration
	-Loaded ORB settings
Viewer.imageViewScale optional parameter does not exist...
	-Loaded viewer settings
System.LoadAtlasFromFile optional parameter does not exist...
System.SaveAtlasToFile optional parameter does not exist...
	-Loaded Atlas settings
System.thFarPoints optional parameter does not exist...
	-Loaded misc parameters
----------------------------------
SLAM settings: 
	-Camera 1 parameters (Pinhole): [ 542.823 542.577 315.594 237.756 ]
	-Camera 1 distortion parameters: [  0.039903 -0.099343 -0.00073 -0.000144 ]
	-Original image size: [ 640 , 480 ]
	-Current image size: [ 640 , 480 ]
	-Sequence FPS: 30
	-RGB-D depth map factor: 5000
	-Features per image: 1000
	-ORB scale factor: 1.2
	-ORB number of scales: 8
	-Initial FAST threshold: 20
	-Min FAST threshold: 7


Loading ORB Vocabulary. This could take a while...
Vocabulary loaded!

Initialization of Atlas from scratch 
Creation of new map with id: 0
Creation of new map with last KF id: 0
Seq. Name: 
There are 1 cameras in the atlas
Camera 0 is pinhole
Net use yolo-fastest

-------
Start processing sequence ...
Images in the sequence: 10857

First KF:0; Map init KF:0
New Map created with 919 points
Average processing time of GrabImageRGBD(): 49.4675ms
Frame 0 end
Average processing time of GrabImageRGBD(): 40.3574ms
Frame 1 end
Average processing time of GrabImageRGBD(): 38.6003ms
Frame 2 end
Average processing time of GrabImageRGBD(): 32.1235ms
Frame 3 end
Average processing time of GrabImageRGBD(): 26.5365ms
Frame 4 end
Average processing time of GrabImageRGBD(): 24.0063ms
Frame 5 end
Starting the Viewer
Average processing time of GrabImageRGBD(): 21.5601ms
Frame 6 end
Average processing time of GrabImageRGBD(): 19.3385ms
Frame 7 end
Average processing time of GrabImageRGBD(): 18.4519ms
Frame 8 end
Average processing time of GrabImageRGBD(): 17.3814ms
Frame 9 end
Average processing time of GrabImageRGBD(): 16.1076ms
Frame 10 end
Average processing time of GrabImageRGBD(): 15.087ms
Frame 11 end
Average processing time of GrabImageRGBD(): 14.233ms
Frame 12 end
Average processing time of GrabImageRGBD(): 13.9786ms
Frame 13 end
Average processing time of GrabImageRGBD(): 13.8063ms
Frame 14 end
Average processing time of GrabImageRGBD(): 13.2102ms
Frame 15 end
Average processing time of GrabImageRGBD(): 12.6791ms
Frame 16 end
Average processing time of GrabImageRGBD(): 13.7439ms
Frame 17 end
Average processing time of GrabImageRGBD(): 13.5989ms
Frame 18 end
Average processing time of GrabImageRGBD(): 14.3096ms
Frame 19 end
Average processing time of GrabImageRGBD(): 14.1803ms
Frame 20 end
Average processing time of GrabImageRGBD(): 14.0511ms
Frame 21 end
Average processing time of GrabImageRGBD(): 14.9897ms
Frame 22 end
Average processing time of GrabImageRGBD(): 14.8356ms
Frame 23 end
Average processing time of GrabImageRGBD(): 14.3922ms
Frame 24 end
Average processing time of GrabImageRGBD(): 13.9746ms
Frame 25 end
Average processing time of GrabImageRGBD(): 14.712ms
Frame 26 end
Average processing time of GrabImageRGBD(): 14.6743ms
Frame 27 end
Average processing time of GrabImageRGBD(): 14.2886ms
Frame 28 end
Average processing time of GrabImageRGBD(): 14.0921ms
Frame 29 end
Average processing time of GrabImageRGBD(): 13.9579ms
Frame 30 end
Average processing time of GrabImageRGBD(): 13.6893ms
Frame 31 end
Average processing time of GrabImageRGBD(): 13.3698ms
Frame 32 end
Average processing time of GrabImageRGBD(): 13.1719ms
Frame 33 end
Average processing time of GrabImageRGBD(): 13.0605ms
Frame 34 end
Average processing time of GrabImageRGBD(): 12.8718ms
Frame 35 end
Average processing time of GrabImageRGBD(): 12.621ms
Frame 36 end
Average processing time of GrabImageRGBD(): 12.3859ms
Frame 37 end
Average processing time of GrabImageRGBD(): 12.2071ms
Frame 38 end
Average processing time of GrabImageRGBD(): 12.1509ms
Frame 39 end
Average processing time of GrabImageRGBD(): 11.9515ms
Frame 40 end
Average processing time of GrabImageRGBD(): 12.3913ms
Frame 41 end
Average processing time of GrabImageRGBD(): 12.2925ms
Frame 42 end
Average processing time of GrabImageRGBD(): 12.0914ms
Frame 43 end
Average processing time of GrabImageRGBD(): 12.01ms
Frame 44 end
Average processing time of GrabImageRGBD(): 11.9498ms
Frame 45 end
Average processing time of GrabImageRGBD(): 12.2594ms
Frame 46 end
Average processing time of GrabImageRGBD(): 12.1361ms
Frame 47 end
Average processing time of GrabImageRGBD(): 12.4708ms
Frame 48 end
Average processing time of GrabImageRGBD(): 12.4622ms
Frame 49 end
Average processing time of GrabImageRGBD(): 12.2836ms
Frame 50 end
Average processing time of GrabImageRGBD(): 12.1181ms
Frame 51 end
Average processing time of GrabImageRGBD(): 12.0642ms
Frame 52 end
Average processing time of GrabImageRGBD(): 12.0002ms
Frame 53 end
Average processing time of GrabImageRGBD(): 11.8496ms
Frame 54 end
Average processing time of GrabImageRGBD(): 11.7074ms
Frame 55 end
Average processing time of GrabImageRGBD(): 12.0919ms
Frame 56 end
Average processing time of GrabImageRGBD(): 12.0863ms
Frame 57 end
Average processing time of GrabImageRGBD(): 11.936ms
Frame 58 end
Average processing time of GrabImageRGBD(): 11.9114ms
Frame 59 end
Average processing time of GrabImageRGBD(): 11.8921ms
Frame 60 end
Average processing time of GrabImageRGBD(): 11.8662ms
Frame 61 end
Average processing time of GrabImageRGBD(): 11.8695ms
Frame 62 end
Average processing time of GrabImageRGBD(): 11.7716ms
Frame 63 end
Average processing time of GrabImageRGBD(): 11.6408ms
Frame 64 end
Average processing time of GrabImageRGBD(): 11.6087ms
Frame 65 end
Average processing time of GrabImageRGBD(): 11.4959ms
Frame 66 end
Average processing time of GrabImageRGBD(): 11.4098ms
Frame 67 end
Average processing time of GrabImageRGBD(): 11.2984ms
Frame 68 end
Average processing time of GrabImageRGBD(): 11.5785ms
Frame 69 end
Average processing time of GrabImageRGBD(): 11.5828ms
Frame 70 end
Average processing time of GrabImageRGBD(): 11.4715ms
Frame 71 end
Average processing time of GrabImageRGBD(): 11.3667ms
Frame 72 end
Average processing time of GrabImageRGBD(): 11.2671ms
Frame 73 end
Average processing time of GrabImageRGBD(): 11.5389ms
Frame 74 end
Average processing time of GrabImageRGBD(): 11.4459ms
Frame 75 end
Average processing time of GrabImageRGBD(): 11.3387ms
Frame 76 end
Average processing time of GrabImageRGBD(): 11.2698ms
Frame 77 end
Average processing time of GrabImageRGBD(): 11.2278ms
Frame 78 end
Average processing time of GrabImageRGBD(): 11.1329ms
Frame 79 end
Average processing time of GrabImageRGBD(): 11.1414ms
Frame 80 end
Average processing time of GrabImageRGBD(): 11.1269ms
Frame 81 end
Average processing time of GrabImageRGBD(): 11.028ms
Frame 82 end
Average processing time of GrabImageRGBD(): 11.2374ms
Frame 83 end
Average processing time of GrabImageRGBD(): 11.1589ms
Frame 84 end
Average processing time of GrabImageRGBD(): 11.3604ms
Frame 85 end
Average processing time of GrabImageRGBD(): 11.3872ms
Frame 86 end
Average processing time of GrabImageRGBD(): 11.296ms
Frame 87 end
Average processing time of GrabImageRGBD(): 11.4787ms
Frame 88 end
Average processing time of GrabImageRGBD(): 11.4883ms
Frame 89 end
Average processing time of GrabImageRGBD(): 11.4012ms
Frame 90 end
Average processing time of GrabImageRGBD(): 11.6314ms
Frame 91 end
Average processing time of GrabImageRGBD(): 11.6127ms
Frame 92 end
Average processing time of GrabImageRGBD(): 11.5247ms
Frame 93 end
Average processing time of GrabImageRGBD(): 11.705ms
Frame 94 end
Average processing time of GrabImageRGBD(): 11.6314ms
Frame 95 end
Average processing time of GrabImageRGBD(): 11.5488ms
Frame 96 end
Average processing time of GrabImageRGBD(): 11.7402ms
Frame 97 end
Average processing time of GrabImageRGBD(): 11.7776ms
Frame 98 end
Average processing time of GrabImageRGBD(): 11.6964ms
Frame 99 end
Average processing time of GrabImageRGBD(): 11.6189ms
Frame 100 end
Average processing time of GrabImageRGBD(): 11.8197ms
Frame 101 end
Average processing time of GrabImageRGBD(): 11.8398ms
Frame 102 end
Average processing time of GrabImageRGBD(): 11.7607ms
Frame 103 end
Average processing time of GrabImageRGBD(): 11.7025ms
Frame 104 end
Average processing time of GrabImageRGBD(): 11.8964ms
Frame 105 end
Average processing time of GrabImageRGBD(): 11.9011ms
Frame 106 end
Average processing time of GrabImageRGBD(): 11.8234ms
Frame 107 end
Average processing time of GrabImageRGBD(): 11.8135ms
Frame 108 end
Average processing time of GrabImageRGBD(): 11.796ms
Frame 109 end
Average processing time of GrabImageRGBD(): 11.7174ms
Frame 110 end
Average processing time of GrabImageRGBD(): 11.6449ms
Frame 111 end
Average processing time of GrabImageRGBD(): 11.5731ms
Frame 112 end
Average processing time of GrabImageRGBD(): 11.5048ms
Frame 113 end
Average processing time of GrabImageRGBD(): 11.6483ms
Frame 114 end
Average processing time of GrabImageRGBD(): 11.6488ms
Frame 115 end
Average processing time of GrabImageRGBD(): 11.5792ms
Frame 116 end
Average processing time of GrabImageRGBD(): 11.5149ms
Frame 117 end
Average processing time of GrabImageRGBD(): 11.5004ms
Frame 118 end
Average processing time of GrabImageRGBD(): 11.6746ms
Frame 119 end
Average processing time of GrabImageRGBD(): 11.6994ms
Frame 120 end
Average processing time of GrabImageRGBD(): 11.6997ms
Frame 121 end
Average processing time of GrabImageRGBD(): 11.7021ms
Frame 122 end
Average processing time of GrabImageRGBD(): 11.8618ms
Frame 123 end
Average processing time of GrabImageRGBD(): 11.838ms
Frame 124 end
Average processing time of GrabImageRGBD(): 11.8481ms
Frame 125 end
Average processing time of GrabImageRGBD(): 11.8271ms
Frame 126 end
Average processing time of GrabImageRGBD(): 11.9543ms
Frame 127 end
Average processing time of GrabImageRGBD(): 11.9427ms
Frame 128 end
Average processing time of GrabImageRGBD(): 11.876ms
Frame 129 end
Average processing time of GrabImageRGBD(): 11.8518ms
Frame 130 end
Average processing time of GrabImageRGBD(): 11.9853ms
Frame 131 end
Average processing time of GrabImageRGBD(): 11.951ms
Frame 132 end
Average processing time of GrabImageRGBD(): 11.8899ms
Frame 133 end
Average processing time of GrabImageRGBD(): 11.8398ms
Frame 134 end
Average processing time of GrabImageRGBD(): 11.9898ms
Frame 135 end
Average processing time of GrabImageRGBD(): 11.9768ms
Frame 136 end
Average processing time of GrabImageRGBD(): 11.9138ms
Frame 137 end
Average processing time of GrabImageRGBD(): 11.8618ms
Frame 138 end
Average processing time of GrabImageRGBD(): 11.9915ms
Frame 139 end
Average processing time of GrabImageRGBD(): 11.9396ms
Frame 140 end
Average processing time of GrabImageRGBD(): 11.8801ms
Frame 141 end
Average processing time of GrabImageRGBD(): 11.8658ms
Frame 142 end
Average processing time of GrabImageRGBD(): 11.8075ms
Frame 143 end
Average processing time of GrabImageRGBD(): 11.7899ms
Frame 144 end
Average processing time of GrabImageRGBD(): 11.8997ms
Frame 145 end
Average processing time of GrabImageRGBD(): 11.8971ms
Frame 146 end
Average processing time of GrabImageRGBD(): 11.8419ms
Frame 147 end
Average processing time of GrabImageRGBD(): 11.8263ms
Frame 148 end
Average processing time of GrabImageRGBD(): 11.9482ms
Frame 149 end
Average processing time of GrabImageRGBD(): 11.9004ms
Frame 150 end
Average processing time of GrabImageRGBD(): 11.842ms
Frame 151 end
Average processing time of GrabImageRGBD(): 11.8303ms
Frame 152 end
Average processing time of GrabImageRGBD(): 12.0113ms
Frame 153 end
Average processing time of GrabImageRGBD(): 12.0026ms
Frame 154 end
Average processing time of GrabImageRGBD(): 11.9674ms
Frame 155 end
Average processing time of GrabImageRGBD(): 11.941ms
Frame 156 end
Average processing time of GrabImageRGBD(): 11.915ms
Frame 157 end
Average processing time of GrabImageRGBD(): 12.0324ms
Frame 158 end
Average processing time of GrabImageRGBD(): 12.0096ms
Frame 159 end
Average processing time of GrabImageRGBD(): 11.954ms
Frame 160 end
Average processing time of GrabImageRGBD(): 11.907ms
Frame 161 end
Average processing time of GrabImageRGBD(): 12.0179ms
Frame 162 end
Average processing time of GrabImageRGBD(): 12.0057ms
Frame 163 end
Average processing time of GrabImageRGBD(): 11.9537ms
Frame 164 end
Average processing time of GrabImageRGBD(): 11.9077ms
Frame 165 end
Average processing time of GrabImageRGBD(): 11.8803ms
Frame 166 end
Average processing time of GrabImageRGBD(): 12.0216ms
Frame 167 end
Average processing time of GrabImageRGBD(): 12.0193ms
Frame 168 end
Average processing time of GrabImageRGBD(): 11.9672ms
Frame 169 end
Average processing time of GrabImageRGBD(): 11.9168ms
Frame 170 end
Average processing time of GrabImageRGBD(): 11.8963ms
Frame 171 end
Average processing time of GrabImageRGBD(): 12.0091ms
Frame 172 end
Average processing time of GrabImageRGBD(): 11.9659ms
Frame 173 end
Average processing time of GrabImageRGBD(): 11.9155ms
Frame 174 end
Average processing time of GrabImageRGBD(): 11.8997ms
Frame 175 end
Average processing time of GrabImageRGBD(): 11.8823ms
Frame 176 end
Average processing time of GrabImageRGBD(): 11.8631ms
Frame 177 end
Average processing time of GrabImageRGBD(): 11.8379ms
Frame 178 end
Average processing time of GrabImageRGBD(): 11.7933ms
Frame 179 end
Average processing time of GrabImageRGBD(): 11.8984ms
Frame 180 end
Average processing time of GrabImageRGBD(): 11.8576ms
Frame 181 end
Average processing time of GrabImageRGBD(): 11.8199ms
Frame 182 end
Average processing time of GrabImageRGBD(): 11.7755ms
Frame 183 end
Average processing time of GrabImageRGBD(): 11.7492ms
Frame 184 end
Average processing time of GrabImageRGBD(): 11.8444ms
Frame 185 end
Average processing time of GrabImageRGBD(): 11.8047ms
Frame 186 end
Average processing time of GrabImageRGBD(): 11.7654ms
Frame 187 end
Average processing time of GrabImageRGBD(): 11.7594ms
Frame 188 end
Average processing time of GrabImageRGBD(): 11.7478ms
Frame 189 end
Average processing time of GrabImageRGBD(): 11.7028ms
Frame 190 end
Average processing time of GrabImageRGBD(): 11.6801ms
Frame 191 end
Average processing time of GrabImageRGBD(): 11.6615ms
Frame 192 end
Average processing time of GrabImageRGBD(): 11.6455ms
Frame 193 end
Average processing time of GrabImageRGBD(): 11.6048ms
Frame 194 end
Average processing time of GrabImageRGBD(): 11.5689ms
Frame 195 end
Average processing time of GrabImageRGBD(): 11.5573ms
Frame 196 end
Average processing time of GrabImageRGBD(): 11.5152ms
Frame 197 end
Average processing time of GrabImageRGBD(): 11.5035ms
Frame 198 end
Average processing time of GrabImageRGBD(): 11.4657ms
Frame 199 end
Average processing time of GrabImageRGBD(): 11.424ms
Frame 200 end
Average processing time of GrabImageRGBD(): 11.3909ms
Frame 201 end
Average processing time of GrabImageRGBD(): 11.4883ms
Frame 202 end
Average processing time of GrabImageRGBD(): 11.4871ms
Frame 203 end
Average processing time of GrabImageRGBD(): 11.4485ms
Frame 204 end
Average processing time of GrabImageRGBD(): 11.4362ms
Frame 205 end
Average processing time of GrabImageRGBD(): 11.3974ms
Frame 206 end
Average processing time of GrabImageRGBD(): 11.4895ms
Frame 207 end
Average processing time of GrabImageRGBD(): 11.4881ms
Frame 208 end
Average processing time of GrabImageRGBD(): 11.4495ms
Frame 209 end
Average processing time of GrabImageRGBD(): 11.4427ms
Frame 210 end
Average processing time of GrabImageRGBD(): 11.4089ms
Frame 211 end
Average processing time of GrabImageRGBD(): 11.3683ms
Frame 212 end
Average processing time of GrabImageRGBD(): 11.3596ms
Frame 213 end
Average processing time of GrabImageRGBD(): 11.3301ms
Frame 214 end
Average processing time of GrabImageRGBD(): 11.2905ms
Frame 215 end
Average processing time of GrabImageRGBD(): 11.3806ms
Frame 216 end
Average processing time of GrabImageRGBD(): 11.3555ms
Frame 217 end
Average processing time of GrabImageRGBD(): 11.3179ms
Frame 218 end
Average processing time of GrabImageRGBD(): 11.3044ms
Frame 219 end
Average processing time of GrabImageRGBD(): 11.2695ms
Frame 220 end
Average processing time of GrabImageRGBD(): 11.3527ms
Frame 221 end
Average processing time of GrabImageRGBD(): 11.3216ms
Frame 222 end
Average processing time of GrabImageRGBD(): 11.2859ms
Frame 223 end
Average processing time of GrabImageRGBD(): 11.2569ms
Frame 224 end
Average processing time of GrabImageRGBD(): 11.2404ms
Frame 225 end
Average processing time of GrabImageRGBD(): 11.2263ms
Frame 226 end
Average processing time of GrabImageRGBD(): 11.2941ms
Frame 227 end
Average processing time of GrabImageRGBD(): 11.2812ms
Frame 228 end
Average processing time of GrabImageRGBD(): 11.2504ms
Frame 229 end
Average processing time of GrabImageRGBD(): 11.2145ms
Frame 230 end
Average processing time of GrabImageRGBD(): 11.1795ms
Frame 231 end
Average processing time of GrabImageRGBD(): 11.2487ms
Frame 232 end
Average processing time of GrabImageRGBD(): 11.221ms
Frame 233 end
Average processing time of GrabImageRGBD(): 11.1858ms
Frame 234 end
Average processing time of GrabImageRGBD(): 11.1643ms
Frame 235 end
Average processing time of GrabImageRGBD(): 11.1434ms
Frame 236 end
Average processing time of GrabImageRGBD(): 11.2149ms
Frame 237 end
Average processing time of GrabImageRGBD(): 11.1863ms
Frame 238 end
Average processing time of GrabImageRGBD(): 11.1522ms
Frame 239 end
Average processing time of GrabImageRGBD(): 11.1377ms
Frame 240 end
Average processing time of GrabImageRGBD(): 11.1135ms
Frame 241 end
Average processing time of GrabImageRGBD(): 11.1765ms
Frame 242 end
Average processing time of GrabImageRGBD(): 11.1608ms
Frame 243 end
Average processing time of GrabImageRGBD(): 11.1276ms
Frame 244 end
Average processing time of GrabImageRGBD(): 11.1061ms
Frame 245 end
Average processing time of GrabImageRGBD(): 11.0814ms
Frame 246 end
Average processing time of GrabImageRGBD(): 11.1495ms
Frame 247 end
Average processing time of GrabImageRGBD(): 11.1329ms
Frame 248 end
Average processing time of GrabImageRGBD(): 11.0981ms
Frame 249 end
Average processing time of GrabImageRGBD(): 11.081ms
Frame 250 end
Average processing time of GrabImageRGBD(): 11.0597ms
Frame 251 end
Average processing time of GrabImageRGBD(): 11.1304ms
Frame 252 end
Average processing time of GrabImageRGBD(): 11.219ms
Frame 253 end
Average processing time of GrabImageRGBD(): 11.3414ms
Frame 254 end
Average processing time of GrabImageRGBD(): 11.3473ms
Frame 255 end
Average processing time of GrabImageRGBD(): 11.3161ms
Frame 256 end
Average processing time of GrabImageRGBD(): 11.308ms
Frame 257 end
Average processing time of GrabImageRGBD(): 11.3751ms
Frame 258 end
Average processing time of GrabImageRGBD(): 11.3829ms
Frame 259 end
Average processing time of GrabImageRGBD(): 11.3579ms
Frame 260 end
Average processing time of GrabImageRGBD(): 11.3275ms
Frame 261 end
Average processing time of GrabImageRGBD(): 11.3061ms
Frame 262 end
Average processing time of GrabImageRGBD(): 11.404ms
Frame 263 end
Average processing time of GrabImageRGBD(): 11.4089ms
Frame 264 end
Average processing time of GrabImageRGBD(): 11.3849ms
Frame 265 end
Average processing time of GrabImageRGBD(): 11.3576ms
Frame 266 end
Average processing time of GrabImageRGBD(): 11.4292ms
Frame 267 end
Average processing time of GrabImageRGBD(): 11.4037ms
Frame 268 end
Average processing time of GrabImageRGBD(): 11.3734ms
Frame 269 end
Average processing time of GrabImageRGBD(): 11.3507ms
Frame 270 end
Average processing time of GrabImageRGBD(): 11.4191ms
Frame 271 end
Average processing time of GrabImageRGBD(): 11.4179ms
Frame 272 end
Average processing time of GrabImageRGBD(): 11.418ms
Frame 273 end
Average processing time of GrabImageRGBD(): 11.4088ms
Frame 274 end
Average processing time of GrabImageRGBD(): 11.3933ms
Frame 275 end
Average processing time of GrabImageRGBD(): 11.4601ms
Frame 276 end
Average processing time of GrabImageRGBD(): 11.4358ms
Frame 277 end
Average processing time of GrabImageRGBD(): 11.4066ms
Frame 278 end
Average processing time of GrabImageRGBD(): 11.3968ms
Frame 279 end
Average processing time of GrabImageRGBD(): 11.4646ms
Frame 280 end
Average processing time of GrabImageRGBD(): 11.4558ms
Frame 281 end
Average processing time of GrabImageRGBD(): 11.4277ms
Frame 282 end
Average processing time of GrabImageRGBD(): 11.4161ms
Frame 283 end
Average processing time of GrabImageRGBD(): 11.3922ms
Frame 284 end
Average processing time of GrabImageRGBD(): 11.4513ms
Frame 285 end
Average processing time of GrabImageRGBD(): 11.4433ms
Frame 286 end
Average processing time of GrabImageRGBD(): 11.4137ms
Frame 287 end
Average processing time of GrabImageRGBD(): 11.3891ms
Frame 288 end
Average processing time of GrabImageRGBD(): 11.3792ms
Frame 289 end
Average processing time of GrabImageRGBD(): 11.4373ms
Frame 290 end
Average processing time of GrabImageRGBD(): 11.4115ms
Frame 291 end
Average processing time of GrabImageRGBD(): 11.3929ms
Frame 292 end
Average processing time of GrabImageRGBD(): 11.3671ms
Frame 293 end
Average processing time of GrabImageRGBD(): 11.3371ms
Frame 294 end
Average processing time of GrabImageRGBD(): 11.3907ms
Frame 295 end
Average processing time of GrabImageRGBD(): 11.378ms
Frame 296 end
Average processing time of GrabImageRGBD(): 11.3505ms
Frame 297 end
Average processing time of GrabImageRGBD(): 11.3354ms
Frame 298 end
Average processing time of GrabImageRGBD(): 11.3186ms
Frame 299 end
Average processing time of GrabImageRGBD(): 11.374ms
Frame 300 end
Average processing time of GrabImageRGBD(): 11.362ms
Frame 301 end
Average processing time of GrabImageRGBD(): 11.3344ms
Frame 302 end
Average processing time of GrabImageRGBD(): 11.3098ms
Frame 303 end
Average processing time of GrabImageRGBD(): 11.2924ms
Frame 304 end
Average processing time of GrabImageRGBD(): 11.3443ms
Frame 305 end
Average processing time of GrabImageRGBD(): 11.3332ms
Frame 306 end
Average processing time of GrabImageRGBD(): 11.3061ms
Frame 307 end
Average processing time of GrabImageRGBD(): 11.2798ms
Frame 308 end
Average processing time of GrabImageRGBD(): 11.2597ms
Frame 309 end
Average processing time of GrabImageRGBD(): 11.2438ms
Frame 310 end
Average processing time of GrabImageRGBD(): 11.2968ms
Frame 311 end
Average processing time of GrabImageRGBD(): 11.2784ms
Frame 312 end
Average processing time of GrabImageRGBD(): 11.2605ms
Frame 313 end
Average processing time of GrabImageRGBD(): 11.236ms
Frame 314 end
Average processing time of GrabImageRGBD(): 11.2139ms
Frame 315 end
Average processing time of GrabImageRGBD(): 11.2723ms
Frame 316 end
Average processing time of GrabImageRGBD(): 11.2602ms
Frame 317 end
Average processing time of GrabImageRGBD(): 11.2517ms
Frame 318 end
Average processing time of GrabImageRGBD(): 11.2442ms
Frame 319 end
Average processing time of GrabImageRGBD(): 11.2312ms
Frame 320 end
Average processing time of GrabImageRGBD(): 11.293ms
Frame 321 end
Average processing time of GrabImageRGBD(): 11.2898ms
Frame 322 end
Average processing time of GrabImageRGBD(): 11.2645ms
Frame 323 end
Average processing time of GrabImageRGBD(): 11.2511ms
Frame 324 end
Average processing time of GrabImageRGBD(): 11.2415ms
Frame 325 end
Average processing time of GrabImageRGBD(): 11.3029ms
Frame 326 end
Average processing time of GrabImageRGBD(): 11.3038ms
Frame 327 end
Average processing time of GrabImageRGBD(): 11.2792ms
Frame 328 end
Average processing time of GrabImageRGBD(): 11.2719ms
Frame 329 end
Average processing time of GrabImageRGBD(): 11.2645ms
Frame 330 end
Average processing time of GrabImageRGBD(): 11.3288ms
Frame 331 end
Average processing time of GrabImageRGBD(): 11.3095ms
Frame 332 end
Average processing time of GrabImageRGBD(): 11.2848ms
Frame 333 end
Average processing time of GrabImageRGBD(): 11.2741ms
Frame 334 end
Average processing time of GrabImageRGBD(): 11.3302ms
Frame 335 end
Average processing time of GrabImageRGBD(): 11.309ms
Frame 336 end
Average processing time of GrabImageRGBD(): 11.2835ms
Frame 337 end
Average processing time of GrabImageRGBD(): 11.334ms
Frame 338 end
Average processing time of GrabImageRGBD(): 11.3133ms
Frame 339 end
Average processing time of GrabImageRGBD(): 11.29ms
Frame 340 end
Average processing time of GrabImageRGBD(): 11.3519ms
Frame 341 end
Average processing time of GrabImageRGBD(): 11.3485ms
Frame 342 end
Average processing time of GrabImageRGBD(): 11.3271ms
Frame 343 end
Average processing time of GrabImageRGBD(): 11.3125ms
Frame 344 end
Average processing time of GrabImageRGBD(): 11.3676ms
Frame 345 end
Average processing time of GrabImageRGBD(): 11.3699ms
Frame 346 end
Average processing time of GrabImageRGBD(): 11.3459ms
Frame 347 end
Average processing time of GrabImageRGBD(): 11.4056ms
Frame 348 end
Average processing time of GrabImageRGBD(): 11.4067ms
Frame 349 end
Average processing time of GrabImageRGBD(): 11.3842ms
Frame 350 end
Average processing time of GrabImageRGBD(): 11.368ms
Frame 351 end
Average processing time of GrabImageRGBD(): 11.4264ms
Frame 352 end
Average processing time of GrabImageRGBD(): 11.4225ms
Frame 353 end
Average processing time of GrabImageRGBD(): 11.3992ms
Frame 354 end
Average processing time of GrabImageRGBD(): 11.3828ms
Frame 355 end
Average processing time of GrabImageRGBD(): 11.437ms
Frame 356 end
Average processing time of GrabImageRGBD(): 11.432ms
Frame 357 end
Average processing time of GrabImageRGBD(): 11.4116ms
Frame 358 end
Average processing time of GrabImageRGBD(): 11.401ms
Frame 359 end
Average processing time of GrabImageRGBD(): 11.4487ms
Frame 360 end
Average processing time of GrabImageRGBD(): 11.4434ms
Frame 361 end
Average processing time of GrabImageRGBD(): 11.4389ms
Frame 362 end
Average processing time of GrabImageRGBD(): 11.4258ms
Frame 363 end
Average processing time of GrabImageRGBD(): 11.4817ms
Frame 364 end
Average processing time of GrabImageRGBD(): 11.4867ms
Frame 365 end
Average processing time of GrabImageRGBD(): 11.4736ms
Frame 366 end
Average processing time of GrabImageRGBD(): 11.455ms
Frame 367 end
Average processing time of GrabImageRGBD(): 11.506ms
Frame 368 end
Average processing time of GrabImageRGBD(): 11.5051ms
Frame 369 end
Average processing time of GrabImageRGBD(): 11.4886ms
Frame 370 end
Average processing time of GrabImageRGBD(): 11.4712ms
Frame 371 end
Average processing time of GrabImageRGBD(): 11.5227ms
Frame 372 end
Average processing time of GrabImageRGBD(): 11.5248ms
Frame 373 end
Average processing time of GrabImageRGBD(): 11.5181ms
Frame 374 end
Average processing time of GrabImageRGBD(): 11.5106ms
Frame 375 end
Average processing time of GrabImageRGBD(): 11.5573ms
Frame 376 end
Average processing time of GrabImageRGBD(): 11.5537ms
Frame 377 end
Average processing time of GrabImageRGBD(): 11.5516ms
Frame 378 end
Average processing time of GrabImageRGBD(): 11.5472ms
Frame 379 end
Average processing time of GrabImageRGBD(): 11.6021ms
Frame 380 end
Average processing time of GrabImageRGBD(): 11.6051ms
Frame 381 end
Average processing time of GrabImageRGBD(): 11.5946ms
Frame 382 end
Average processing time of GrabImageRGBD(): 11.5873ms
Frame 383 end
Average processing time of GrabImageRGBD(): 11.6419ms
Frame 384 end
Average processing time of GrabImageRGBD(): 11.6429ms
Frame 385 end
Average processing time of GrabImageRGBD(): 11.638ms
Frame 386 end
Average processing time of GrabImageRGBD(): 11.633ms
Frame 387 end
Average processing time of GrabImageRGBD(): 11.6119ms
Frame 388 end
Average processing time of GrabImageRGBD(): 11.6639ms
Frame 389 end
Average processing time of GrabImageRGBD(): 11.6637ms
Frame 390 end
Average processing time of GrabImageRGBD(): 11.6594ms
Frame 391 end
Average processing time of GrabImageRGBD(): 11.6396ms
Frame 392 end
Average processing time of GrabImageRGBD(): 11.6359ms
Frame 393 end
Average processing time of GrabImageRGBD(): 11.6871ms
Frame 394 end
Average processing time of GrabImageRGBD(): 11.6887ms
Frame 395 end
Average processing time of GrabImageRGBD(): 11.6715ms
Frame 396 end
Average processing time of GrabImageRGBD(): 11.6575ms
Frame 397 end
Average processing time of GrabImageRGBD(): 11.6443ms
Frame 398 end
Average processing time of GrabImageRGBD(): 11.6849ms
Frame 399 end
Average processing time of GrabImageRGBD(): 11.6808ms
Frame 400 end
Average processing time of GrabImageRGBD(): 11.6735ms
Frame 401 end
Average processing time of GrabImageRGBD(): 11.6645ms
Frame 402 end
Average processing time of GrabImageRGBD(): 11.6553ms
Frame 403 end
Average processing time of GrabImageRGBD(): 11.705ms
Frame 404 end
Average processing time of GrabImageRGBD(): 11.7036ms
Frame 405 end
Average processing time of GrabImageRGBD(): 11.6969ms
Frame 406 end
Average processing time of GrabImageRGBD(): 11.6882ms
Frame 407 end
Average processing time of GrabImageRGBD(): 11.6735ms
Frame 408 end
Average processing time of GrabImageRGBD(): 11.7123ms
Frame 409 end
Average processing time of GrabImageRGBD(): 11.7098ms
Frame 410 end
Average processing time of GrabImageRGBD(): 11.7037ms
Frame 411 end
Average processing time of GrabImageRGBD(): 11.6925ms
Frame 412 end
Average processing time of GrabImageRGBD(): 11.7396ms
Frame 413 end
Average processing time of GrabImageRGBD(): 11.7368ms
Frame 414 end
Average processing time of GrabImageRGBD(): 11.7174ms
Frame 415 end
Average processing time of GrabImageRGBD(): 11.7144ms
Frame 416 end
Average processing time of GrabImageRGBD(): 11.7061ms
Frame 417 end
Average processing time of GrabImageRGBD(): 11.6866ms
Frame 418 end
Average processing time of GrabImageRGBD(): 11.6668ms
Frame 419 end
Average processing time of GrabImageRGBD(): 11.7103ms
Frame 420 end
Average processing time of GrabImageRGBD(): 11.7098ms
Frame 421 end
Average processing time of GrabImageRGBD(): 11.7017ms
Frame 422 end
Average processing time of GrabImageRGBD(): 11.6812ms
Frame 423 end
Average processing time of GrabImageRGBD(): 11.7221ms
Frame 424 end
Average processing time of GrabImageRGBD(): 11.7203ms
Frame 425 end
Average processing time of GrabImageRGBD(): 11.7127ms
Frame 426 end
Average processing time of GrabImageRGBD(): 11.7025ms
Frame 427 end
Average processing time of GrabImageRGBD(): 11.7485ms
Frame 428 end
Average processing time of GrabImageRGBD(): 11.7474ms
Frame 429 end
Average processing time of GrabImageRGBD(): 11.7287ms
Frame 430 end
Average processing time of GrabImageRGBD(): 11.7189ms
Frame 431 end
Average processing time of GrabImageRGBD(): 11.7013ms
Frame 432 end
Average processing time of GrabImageRGBD(): 11.7404ms
Frame 433 end
Average processing time of GrabImageRGBD(): 11.7373ms
Frame 434 end
Average processing time of GrabImageRGBD(): 11.7303ms
Frame 435 end
Average processing time of GrabImageRGBD(): 11.72ms
Frame 436 end
Average processing time of GrabImageRGBD(): 11.702ms
Frame 437 end
Average processing time of GrabImageRGBD(): 11.7426ms
Frame 438 end
Average processing time of GrabImageRGBD(): 11.7374ms
Frame 439 end
Average processing time of GrabImageRGBD(): 11.7274ms
Frame 440 end
Average processing time of GrabImageRGBD(): 11.7079ms
Frame 441 end
Average processing time of GrabImageRGBD(): 11.6977ms
Frame 442 end
Average processing time of GrabImageRGBD(): 11.7363ms
Frame 443 end
Average processing time of GrabImageRGBD(): 11.735ms
Frame 444 end
Average processing time of GrabImageRGBD(): 11.7183ms
Frame 445 end
Average processing time of GrabImageRGBD(): 11.7126ms
Frame 446 end
Average processing time of GrabImageRGBD(): 11.7521ms
Frame 447 end
Average processing time of GrabImageRGBD(): 11.7531ms
Frame 448 end
Average processing time of GrabImageRGBD(): 11.7345ms
Frame 449 end
Average processing time of GrabImageRGBD(): 11.7259ms
Frame 450 end
Average processing time of GrabImageRGBD(): 11.7632ms
Frame 451 end
Average processing time of GrabImageRGBD(): 11.7476ms
Frame 452 end
Average processing time of GrabImageRGBD(): 11.7302ms
Frame 453 end
Average processing time of GrabImageRGBD(): 11.7271ms
Frame 454 end
Average processing time of GrabImageRGBD(): 11.7125ms
Frame 455 end
Average processing time of GrabImageRGBD(): 11.7484ms
Frame 456 end
Average processing time of GrabImageRGBD(): 11.7504ms
Frame 457 end
Average processing time of GrabImageRGBD(): 11.7448ms
Frame 458 end
Average processing time of GrabImageRGBD(): 11.7418ms
Frame 459 end
Average processing time of GrabImageRGBD(): 11.7846ms
Frame 460 end
Average processing time of GrabImageRGBD(): 11.775ms
Frame 461 end
Average processing time of GrabImageRGBD(): 11.7574ms
Frame 462 end
Average processing time of GrabImageRGBD(): 11.7451ms
Frame 463 end
Average processing time of GrabImageRGBD(): 11.791ms
Frame 464 end
Average processing time of GrabImageRGBD(): 11.7792ms
Frame 465 end
Average processing time of GrabImageRGBD(): 11.7664ms
Frame 466 end
Average processing time of GrabImageRGBD(): 11.7493ms
Frame 467 end
Average processing time of GrabImageRGBD(): 11.733ms
Frame 468 end
Average processing time of GrabImageRGBD(): 11.7717ms
Frame 469 end
Average processing time of GrabImageRGBD(): 11.7581ms
Frame 470 end
Average processing time of GrabImageRGBD(): 11.7551ms
Frame 471 end
Average processing time of GrabImageRGBD(): 11.7464ms
Frame 472 end
Average processing time of GrabImageRGBD(): 11.7945ms
Frame 473 end
Average processing time of GrabImageRGBD(): 11.7917ms
Frame 474 end
Average processing time of GrabImageRGBD(): 11.7876ms
Frame 475 end
Average processing time of GrabImageRGBD(): 11.7849ms
Frame 476 end
Average processing time of GrabImageRGBD(): 11.7783ms
Frame 477 end
Average processing time of GrabImageRGBD(): 11.8216ms
Frame 478 end
Average processing time of GrabImageRGBD(): 11.8218ms
Frame 479 end
Average processing time of GrabImageRGBD(): 11.8192ms
Frame 480 end
Average processing time of GrabImageRGBD(): 11.8079ms
Frame 481 end
Average processing time of GrabImageRGBD(): 11.7904ms
Frame 482 end
Average processing time of GrabImageRGBD(): 11.8311ms
Frame 483 end
Average processing time of GrabImageRGBD(): 11.8324ms
Frame 484 end
Average processing time of GrabImageRGBD(): 11.8158ms
Frame 485 end
Average processing time of GrabImageRGBD(): 11.8119ms
Frame 486 end
Average processing time of GrabImageRGBD(): 11.795ms
Frame 487 end
Average processing time of GrabImageRGBD(): 11.8294ms
Frame 488 end
Average processing time of GrabImageRGBD(): 11.8276ms
Frame 489 end
Average processing time of GrabImageRGBD(): 11.8247ms
Frame 490 end
Average processing time of GrabImageRGBD(): 11.8198ms
Frame 491 end
Average processing time of GrabImageRGBD(): 11.8033ms
Frame 492 end
Average processing time of GrabImageRGBD(): 11.8368ms
Frame 493 end
Average processing time of GrabImageRGBD(): 11.8313ms
Frame 494 end
Average processing time of GrabImageRGBD(): 11.8268ms
Frame 495 end
Average processing time of GrabImageRGBD(): 11.8212ms
Frame 496 end
Average processing time of GrabImageRGBD(): 11.8155ms
Frame 497 end
Average processing time of GrabImageRGBD(): 11.8095ms
Frame 498 end
Average processing time of GrabImageRGBD(): 11.802ms
Frame 499 end
Average processing time of GrabImageRGBD(): 11.8341ms
Frame 500 end
Average processing time of GrabImageRGBD(): 11.8247ms
Frame 501 end
Average processing time of GrabImageRGBD(): 11.82ms
Frame 502 end
Average processing time of GrabImageRGBD(): 11.8148ms
Frame 503 end
Average processing time of GrabImageRGBD(): 11.8095ms
Frame 504 end
Average processing time of GrabImageRGBD(): 11.8001ms
Frame 505 end
Average processing time of GrabImageRGBD(): 11.7838ms
Frame 506 end
Average processing time of GrabImageRGBD(): 11.7783ms
Frame 507 end
Average processing time of GrabImageRGBD(): 11.7679ms
Frame 508 end
Average processing time of GrabImageRGBD(): 11.8063ms
Frame 509 end
Average processing time of GrabImageRGBD(): 11.805ms
Frame 510 end
Average processing time of GrabImageRGBD(): 11.7914ms
Frame 511 end
Average processing time of GrabImageRGBD(): 11.7753ms
Frame 512 end
Average processing time of GrabImageRGBD(): 11.7683ms
Frame 513 end
Average processing time of GrabImageRGBD(): 11.8055ms
Frame 514 end
Average processing time of GrabImageRGBD(): 11.7971ms
Frame 515 end
Average processing time of GrabImageRGBD(): 11.7941ms
Frame 516 end
Average processing time of GrabImageRGBD(): 11.7836ms
Frame 517 end
Average processing time of GrabImageRGBD(): 11.7775ms
Frame 518 end
Average processing time of GrabImageRGBD(): 11.7708ms
Frame 519 end
Average processing time of GrabImageRGBD(): 11.8174ms
Frame 520 end
Average processing time of GrabImageRGBD(): 11.818ms
Frame 521 end
Average processing time of GrabImageRGBD(): 11.8075ms
Frame 522 end
Average processing time of GrabImageRGBD(): 11.8003ms
Frame 523 end
Average processing time of GrabImageRGBD(): 11.7953ms
Frame 524 end
Average processing time of GrabImageRGBD(): 11.7856ms
Frame 525 end
Average processing time of GrabImageRGBD(): 11.8452ms
Frame 526 end
Average processing time of GrabImageRGBD(): 11.8314ms
Frame 527 end
Average processing time of GrabImageRGBD(): 11.8218ms
Frame 528 end
Average processing time of GrabImageRGBD(): 11.8173ms
Frame 529 end
Average processing time of GrabImageRGBD(): 11.8138ms
Frame 530 end
Average processing time of GrabImageRGBD(): 11.7984ms
Frame 531 end
Average processing time of GrabImageRGBD(): 11.7833ms
Frame 532 end
Average processing time of GrabImageRGBD(): 11.7672ms
Frame 533 end
Average processing time of GrabImageRGBD(): 11.8039ms
Frame 534 end
Average processing time of GrabImageRGBD(): 11.8015ms
Frame 535 end
Average processing time of GrabImageRGBD(): 11.7861ms
Frame 536 end
Average processing time of GrabImageRGBD(): 11.7875ms
Frame 537 end
Average processing time of GrabImageRGBD(): 11.7717ms
Frame 538 end
Average processing time of GrabImageRGBD(): 11.7637ms
Frame 539 end
Average processing time of GrabImageRGBD(): 11.7995ms
Frame 540 end
Average processing time of GrabImageRGBD(): 11.7864ms
Frame 541 end
Average processing time of GrabImageRGBD(): 11.782ms
Frame 542 end
Average processing time of GrabImageRGBD(): 11.772ms
Frame 543 end
Average processing time of GrabImageRGBD(): 11.7661ms
Frame 544 end
Average processing time of GrabImageRGBD(): 11.7548ms
Frame 545 end
Average processing time of GrabImageRGBD(): 11.8069ms
Frame 546 end
Average processing time of GrabImageRGBD(): 11.8047ms
Frame 547 end
Average processing time of GrabImageRGBD(): 11.8018ms
Frame 548 end
Average processing time of GrabImageRGBD(): 11.7979ms
Frame 549 end
Average processing time of GrabImageRGBD(): 11.7885ms
Frame 550 end
Average processing time of GrabImageRGBD(): 11.7842ms
Frame 551 end
Average processing time of GrabImageRGBD(): 11.8204ms
Frame 552 end
Average processing time of GrabImageRGBD(): 11.8072ms
Frame 553 end
Average processing time of GrabImageRGBD(): 11.799ms
Frame 554 end
Average processing time of GrabImageRGBD(): 11.7949ms
Frame 555 end
Average processing time of GrabImageRGBD(): 11.7902ms
Frame 556 end
Average processing time of GrabImageRGBD(): 11.7857ms
Frame 557 end
Average processing time of GrabImageRGBD(): 11.7732ms
Frame 558 end
Average processing time of GrabImageRGBD(): 11.8034ms
Frame 559 end
Average processing time of GrabImageRGBD(): 11.8006ms
Frame 560 end
Average processing time of GrabImageRGBD(): 11.7859ms
Frame 561 end
Average processing time of GrabImageRGBD(): 11.7811ms
Frame 562 end
Average processing time of GrabImageRGBD(): 11.7757ms
Frame 563 end
Average processing time of GrabImageRGBD(): 11.7658ms
Frame 564 end
Average processing time of GrabImageRGBD(): 11.7608ms
Frame 565 end
Average processing time of GrabImageRGBD(): 11.798ms
Frame 566 end
Average processing time of GrabImageRGBD(): 11.7949ms
Frame 567 end
Average processing time of GrabImageRGBD(): 11.7803ms
Frame 568 end
Average processing time of GrabImageRGBD(): 11.7755ms
Frame 569 end
Average processing time of GrabImageRGBD(): 11.7693ms
Frame 570 end
Average processing time of GrabImageRGBD(): 11.7633ms
Frame 571 end
Average processing time of GrabImageRGBD(): 11.7978ms
Frame 572 end
Average processing time of GrabImageRGBD(): 11.7965ms
Frame 573 end
Average processing time of GrabImageRGBD(): 11.7943ms
Frame 574 end
Average processing time of GrabImageRGBD(): 11.7867ms
Frame 575 end
Average processing time of GrabImageRGBD(): 11.7755ms
Frame 576 end
Average processing time of GrabImageRGBD(): 11.7619ms
Frame 577 end
Average processing time of GrabImageRGBD(): 11.7489ms
Frame 578 end
Average processing time of GrabImageRGBD(): 11.7392ms
Frame 579 end
Average processing time of GrabImageRGBD(): 11.7246ms
Frame 580 end
Average processing time of GrabImageRGBD(): 11.71ms
Frame 581 end
Average processing time of GrabImageRGBD(): 11.7058ms
Frame 582 end
Average processing time of GrabImageRGBD(): 11.6923ms
Frame 583 end
Average processing time of GrabImageRGBD(): 11.7288ms
Frame 584 end
Average processing time of GrabImageRGBD(): 11.728ms
Frame 585 end
Average processing time of GrabImageRGBD(): 11.7206ms
Frame 586 end
Average processing time of GrabImageRGBD(): 11.7185ms
Frame 587 end
Average processing time of GrabImageRGBD(): 11.7148ms
Frame 588 end
Average processing time of GrabImageRGBD(): 11.7093ms
Frame 589 end
Average processing time of GrabImageRGBD(): 11.7035ms
Frame 590 end
Average processing time of GrabImageRGBD(): 11.7365ms
Frame 591 end
Average processing time of GrabImageRGBD(): 11.7327ms
Frame 592 end
Average processing time of GrabImageRGBD(): 11.7227ms
Frame 593 end
Average processing time of GrabImageRGBD(): 11.7147ms
Frame 594 end
Average processing time of GrabImageRGBD(): 11.7094ms
Frame 595 end
Average processing time of GrabImageRGBD(): 11.7036ms
Frame 596 end
Average processing time of GrabImageRGBD(): 11.6924ms
Frame 597 end
Average processing time of GrabImageRGBD(): 11.738ms
Frame 598 end
Average processing time of GrabImageRGBD(): 11.7265ms
Frame 599 end
Average processing time of GrabImageRGBD(): 11.7247ms
Frame 600 end
Average processing time of GrabImageRGBD(): 11.7221ms
Frame 601 end
Average processing time of GrabImageRGBD(): 11.7089ms
Frame 602 end
Average processing time of GrabImageRGBD(): 11.6968ms
Frame 603 end
Average processing time of GrabImageRGBD(): 11.6963ms
Frame 604 end
Average processing time of GrabImageRGBD(): 11.6826ms
Frame 605 end
Average processing time of GrabImageRGBD(): 11.6735ms
Frame 606 end
Average processing time of GrabImageRGBD(): 11.661ms
Frame 607 end
Average processing time of GrabImageRGBD(): 11.6568ms
Frame 608 end
Average processing time of GrabImageRGBD(): 11.6552ms
Frame 609 end
Average processing time of GrabImageRGBD(): 11.6423ms
Frame 610 end
Average processing time of GrabImageRGBD(): 11.6373ms
Frame 611 end
Average processing time of GrabImageRGBD(): 11.6696ms
Frame 612 end
Average processing time of GrabImageRGBD(): 11.6573ms
Frame 613 end
Average processing time of GrabImageRGBD(): 11.6522ms
Frame 614 end
Average processing time of GrabImageRGBD(): 11.6447ms
Frame 615 end
Average processing time of GrabImageRGBD(): 11.6335ms
Frame 616 end
Average processing time of GrabImageRGBD(): 11.6284ms
Frame 617 end
Average processing time of GrabImageRGBD(): 11.621ms
Frame 618 end
Average processing time of GrabImageRGBD(): 11.6502ms
Frame 619 end
Average processing time of GrabImageRGBD(): 11.6382ms
Frame 620 end
Average processing time of GrabImageRGBD(): 11.6345ms
Frame 621 end
Average processing time of GrabImageRGBD(): 11.6221ms
Frame 622 end
Average processing time of GrabImageRGBD(): 11.6155ms
Frame 623 end
Average processing time of GrabImageRGBD(): 11.6069ms
Frame 624 end
Average processing time of GrabImageRGBD(): 11.5994ms
Frame 625 end
Average processing time of GrabImageRGBD(): 11.5857ms
Frame 626 end
Average processing time of GrabImageRGBD(): 11.6161ms
Frame 627 end
Average processing time of GrabImageRGBD(): 11.6142ms
Frame 628 end
Average processing time of GrabImageRGBD(): 11.602ms
Frame 629 end
Average processing time of GrabImageRGBD(): 11.597ms
Frame 630 end
Average processing time of GrabImageRGBD(): 11.5926ms
Frame 631 end
Average processing time of GrabImageRGBD(): 11.5837ms
Frame 632 end
Average processing time of GrabImageRGBD(): 11.5727ms
Frame 633 end
Average processing time of GrabImageRGBD(): 11.6022ms
Frame 634 end
Average processing time of GrabImageRGBD(): 11.5956ms
Frame 635 end
Average processing time of GrabImageRGBD(): 11.5915ms
Frame 636 end
Average processing time of GrabImageRGBD(): 11.5856ms
Frame 637 end
Average processing time of GrabImageRGBD(): 11.573ms
Frame 638 end
Average processing time of GrabImageRGBD(): 11.5692ms
Frame 639 end
Average processing time of GrabImageRGBD(): 11.5676ms
Frame 640 end
Average processing time of GrabImageRGBD(): 11.5943ms
Frame 641 end
Average processing time of GrabImageRGBD(): 11.583ms
Frame 642 end
Average processing time of GrabImageRGBD(): 11.5744ms
Frame 643 end
Average processing time of GrabImageRGBD(): 11.571ms
Frame 644 end
Average processing time of GrabImageRGBD(): 11.5677ms
Frame 645 end
Average processing time of GrabImageRGBD(): 11.5553ms
Frame 646 end
Average processing time of GrabImageRGBD(): 11.5432ms
Frame 647 end
Average processing time of GrabImageRGBD(): 11.5339ms
Frame 648 end
Average processing time of GrabImageRGBD(): 11.525ms
Frame 649 end
Average processing time of GrabImageRGBD(): 11.5559ms
Frame 650 end
Average processing time of GrabImageRGBD(): 11.5542ms
Frame 651 end
Average processing time of GrabImageRGBD(): 11.5424ms
Frame 652 end
Average processing time of GrabImageRGBD(): 11.5412ms
Frame 653 end
Average processing time of GrabImageRGBD(): 11.5347ms
Frame 654 end
Average processing time of GrabImageRGBD(): 11.5306ms
Frame 655 end
Average processing time of GrabImageRGBD(): 11.5258ms
Frame 656 end
Average processing time of GrabImageRGBD(): 11.5132ms
Frame 657 end
Average processing time of GrabImageRGBD(): 11.5388ms
Frame 658 end
Average processing time of GrabImageRGBD(): 11.5388ms
Frame 659 end
Average processing time of GrabImageRGBD(): 11.5333ms
Frame 660 end
Average processing time of GrabImageRGBD(): 11.5219ms
Frame 661 end
Average processing time of GrabImageRGBD(): 11.5214ms
Frame 662 end
Average processing time of GrabImageRGBD(): 11.513ms
Frame 663 end
Average processing time of GrabImageRGBD(): 11.5047ms
Frame 664 end
Average processing time of GrabImageRGBD(): 11.5041ms
Frame 665 end
Average processing time of GrabImageRGBD(): 11.5013ms
Frame 666 end
Average processing time of GrabImageRGBD(): 11.4931ms
Frame 667 end
Average processing time of GrabImageRGBD(): 11.5229ms
Frame 668 end
Average processing time of GrabImageRGBD(): 11.5225ms
Frame 669 end
Average processing time of GrabImageRGBD(): 11.52ms
Frame 670 end
Average processing time of GrabImageRGBD(): 11.5116ms
Frame 671 end
Average processing time of GrabImageRGBD(): 11.5001ms
Frame 672 end
Average processing time of GrabImageRGBD(): 11.4957ms
Frame 673 end
Average processing time of GrabImageRGBD(): 11.4907ms
Frame 674 end
Average processing time of GrabImageRGBD(): 11.486ms
Frame 675 end
Average processing time of GrabImageRGBD(): 11.5162ms
Frame 676 end
Average processing time of GrabImageRGBD(): 11.5143ms
Frame 677 end
Average processing time of GrabImageRGBD(): 11.5106ms
Frame 678 end
Average processing time of GrabImageRGBD(): 11.5067ms
Frame 679 end
Average processing time of GrabImageRGBD(): 11.4972ms
Frame 680 end
Average processing time of GrabImageRGBD(): 11.4942ms
Frame 681 end
Average processing time of GrabImageRGBD(): 11.4908ms
Frame 682 end
Average processing time of GrabImageRGBD(): 11.4791ms
Frame 683 end
Average processing time of GrabImageRGBD(): 11.5079ms
Frame 684 end
Average processing time of GrabImageRGBD(): 11.497ms
Frame 685 end
Average processing time of GrabImageRGBD(): 11.4897ms
Frame 686 end
Average processing time of GrabImageRGBD(): 11.4866ms
Frame 687 end
Average processing time of GrabImageRGBD(): 11.4852ms
Frame 688 end
Average processing time of GrabImageRGBD(): 11.4769ms
Frame 689 end
Average processing time of GrabImageRGBD(): 11.4737ms
Frame 690 end
Average processing time of GrabImageRGBD(): 11.464ms
Frame 691 end
Average processing time of GrabImageRGBD(): 11.4868ms
Frame 692 end
Average processing time of GrabImageRGBD(): 11.4771ms
Frame 693 end
Average processing time of GrabImageRGBD(): 11.4681ms
Frame 694 end
Average processing time of GrabImageRGBD(): 11.4667ms
Frame 695 end
Average processing time of GrabImageRGBD(): 11.4556ms
Frame 696 end
Average processing time of GrabImageRGBD(): 11.4504ms
Frame 697 end
Average processing time of GrabImageRGBD(): 11.4399ms
Frame 698 end
Average processing time of GrabImageRGBD(): 11.4397ms
Frame 699 end
Average processing time of GrabImageRGBD(): 11.4669ms
Frame 700 end
Average processing time of GrabImageRGBD(): 11.4627ms
Frame 701 end
Average processing time of GrabImageRGBD(): 11.4515ms
Frame 702 end
Average processing time of GrabImageRGBD(): 11.4425ms
Frame 703 end
Average processing time of GrabImageRGBD(): 11.4358ms
Frame 704 end
Average processing time of GrabImageRGBD(): 11.4245ms
Frame 705 end
Average processing time of GrabImageRGBD(): 11.4171ms
Frame 706 end
Average processing time of GrabImageRGBD(): 11.4101ms
Frame 707 end
Average processing time of GrabImageRGBD(): 11.4338ms
Frame 708 end
Average processing time of GrabImageRGBD(): 11.4347ms
Frame 709 end
Average processing time of GrabImageRGBD(): 11.4344ms
Frame 710 end
Average processing time of GrabImageRGBD(): 11.4299ms
Frame 711 end
Average processing time of GrabImageRGBD(): 11.4231ms
Frame 712 end
Average processing time of GrabImageRGBD(): 11.4128ms
Frame 713 end
Average processing time of GrabImageRGBD(): 11.4046ms
Frame 714 end
Average processing time of GrabImageRGBD(): 11.4292ms
Frame 715 end
Average processing time of GrabImageRGBD(): 11.4271ms
Frame 716 end
Average processing time of GrabImageRGBD(): 11.4235ms
Frame 717 end
Average processing time of GrabImageRGBD(): 11.4129ms
Frame 718 end
Average processing time of GrabImageRGBD(): 11.4077ms
Frame 719 end
Average processing time of GrabImageRGBD(): 11.3967ms
Frame 720 end
Average processing time of GrabImageRGBD(): 11.3911ms
Frame 721 end
Average processing time of GrabImageRGBD(): 11.4175ms
Frame 722 end
Average processing time of GrabImageRGBD(): 11.408ms
Frame 723 end
Average processing time of GrabImageRGBD(): 11.4042ms
Frame 724 end
Average processing time of GrabImageRGBD(): 11.3979ms
Frame 725 end
Average processing time of GrabImageRGBD(): 11.3979ms
Frame 726 end
Average processing time of GrabImageRGBD(): 11.3915ms
Frame 727 end
Average processing time of GrabImageRGBD(): 11.39ms
Frame 728 end
Average processing time of GrabImageRGBD(): 11.4227ms
Frame 729 end
Average processing time of GrabImageRGBD(): 11.4211ms
Frame 730 end
Average processing time of GrabImageRGBD(): 11.4107ms
Frame 731 end
Average processing time of GrabImageRGBD(): 11.4003ms
Frame 732 end
Average processing time of GrabImageRGBD(): 11.3896ms
Frame 733 end
Average processing time of GrabImageRGBD(): 11.3837ms
Frame 734 end
Average processing time of GrabImageRGBD(): 11.4097ms
Frame 735 end
Average processing time of GrabImageRGBD(): 11.4003ms
Frame 736 end
Average processing time of GrabImageRGBD(): 11.3988ms
Frame 737 end
Average processing time of GrabImageRGBD(): 11.389ms
Frame 738 end
Average processing time of GrabImageRGBD(): 11.3789ms
Frame 739 end
Average processing time of GrabImageRGBD(): 11.3701ms
Frame 740 end
Average processing time of GrabImageRGBD(): 11.3668ms
Frame 741 end
Average processing time of GrabImageRGBD(): 11.3895ms
Frame 742 end
Average processing time of GrabImageRGBD(): 11.3891ms
Frame 743 end
Average processing time of GrabImageRGBD(): 11.3901ms
Frame 744 end
Average processing time of GrabImageRGBD(): 11.3885ms
Frame 745 end
Average processing time of GrabImageRGBD(): 11.3858ms
Frame 746 end
Average processing time of GrabImageRGBD(): 11.381ms
Frame 747 end
Average processing time of GrabImageRGBD(): 11.3756ms
Frame 748 end
Average processing time of GrabImageRGBD(): 11.3739ms
Frame 749 end
Average processing time of GrabImageRGBD(): 11.3711ms
Frame 750 end
Average processing time of GrabImageRGBD(): 11.3958ms
Frame 751 end
Average processing time of GrabImageRGBD(): 11.3869ms
Frame 752 end
Average processing time of GrabImageRGBD(): 11.3856ms
Frame 753 end
Average processing time of GrabImageRGBD(): 11.3821ms
Frame 754 end
Average processing time of GrabImageRGBD(): 11.3748ms
Frame 755 end
Average processing time of GrabImageRGBD(): 11.3731ms
Frame 756 end
Average processing time of GrabImageRGBD(): 11.3708ms
Frame 757 end
Average processing time of GrabImageRGBD(): 11.3683ms
Frame 758 end
Average processing time of GrabImageRGBD(): 11.4051ms
Frame 759 end
Average processing time of GrabImageRGBD(): 11.3983ms
Frame 760 end
Average processing time of GrabImageRGBD(): 11.3878ms
Frame 761 end
Average processing time of GrabImageRGBD(): 11.3781ms
Frame 762 end
Average processing time of GrabImageRGBD(): 11.3682ms
Frame 763 end
Average processing time of GrabImageRGBD(): 11.3581ms
Frame 764 end
Average processing time of GrabImageRGBD(): 11.3515ms
Frame 765 end
Average processing time of GrabImageRGBD(): 11.3773ms
Frame 766 end
Average processing time of GrabImageRGBD(): 11.369ms
Frame 767 end
Average processing time of GrabImageRGBD(): 11.3669ms
Frame 768 end
Average processing time of GrabImageRGBD(): 11.3649ms
Frame 769 end
Average processing time of GrabImageRGBD(): 11.3612ms
Frame 770 end
Average processing time of GrabImageRGBD(): 11.3581ms
Frame 771 end
Average processing time of GrabImageRGBD(): 11.3495ms
Frame 772 end
Average processing time of GrabImageRGBD(): 11.3468ms
Frame 773 end
Average processing time of GrabImageRGBD(): 11.3742ms
Frame 774 end
Average processing time of GrabImageRGBD(): 11.3709ms
Frame 775 end
Average processing time of GrabImageRGBD(): 11.366ms
Frame 776 end
Average processing time of GrabImageRGBD(): 11.3564ms
Frame 777 end
Average processing time of GrabImageRGBD(): 11.3469ms
Frame 778 end
Average processing time of GrabImageRGBD(): 11.3401ms
Frame 779 end
Average processing time of GrabImageRGBD(): 11.3311ms
Frame 780 end
Average processing time of GrabImageRGBD(): 11.3206ms
Frame 781 end
Average processing time of GrabImageRGBD(): 11.3402ms
Frame 782 end
Average processing time of GrabImageRGBD(): 11.3395ms
Frame 783 end
Average processing time of GrabImageRGBD(): 11.3355ms
Frame 784 end
Average processing time of GrabImageRGBD(): 11.3287ms
Frame 785 end
Average processing time of GrabImageRGBD(): 11.3186ms
Frame 786 end
Average processing time of GrabImageRGBD(): 11.3164ms
Frame 787 end
Average processing time of GrabImageRGBD(): 11.3133ms
Frame 788 end
Average processing time of GrabImageRGBD(): 11.3373ms
Frame 789 end
Average processing time of GrabImageRGBD(): 11.3342ms
Frame 790 end
Average processing time of GrabImageRGBD(): 11.3303ms
Frame 791 end
Average processing time of GrabImageRGBD(): 11.3276ms
Frame 792 end
Average processing time of GrabImageRGBD(): 11.3186ms
Frame 793 end
Average processing time of GrabImageRGBD(): 11.343ms
Frame 794 end
Average processing time of GrabImageRGBD(): 11.3384ms
Frame 795 end
Average processing time of GrabImageRGBD(): 11.3648ms
Frame 796 end
Average processing time of GrabImageRGBD(): 11.406ms
Frame 797 end
Average processing time of GrabImageRGBD(): 11.4338ms
Frame 798 end
Average processing time of GrabImageRGBD(): 11.4265ms
Frame 799 end
Average processing time of GrabImageRGBD(): 11.4508ms
Frame 800 end
Average processing time of GrabImageRGBD(): 11.4478ms
Frame 801 end
Average processing time of GrabImageRGBD(): 11.4706ms
Frame 802 end
Average processing time of GrabImageRGBD(): 11.4671ms
Frame 803 end
Average processing time of GrabImageRGBD(): 11.4567ms
Frame 804 end
Average processing time of GrabImageRGBD(): 11.4496ms
Frame 805 end
Average processing time of GrabImageRGBD(): 11.4404ms
Frame 806 end
Average processing time of GrabImageRGBD(): 11.4335ms
Frame 807 end
Average processing time of GrabImageRGBD(): 11.424ms
Frame 808 end
Average processing time of GrabImageRGBD(): 11.4679ms
Frame 809 end
Average processing time of GrabImageRGBD(): 11.4607ms
Frame 810 end
Average processing time of GrabImageRGBD(): 11.456ms
Frame 811 end
Average processing time of GrabImageRGBD(): 11.4515ms
Frame 812 end
Average processing time of GrabImageRGBD(): 11.4465ms
Frame 813 end
Average processing time of GrabImageRGBD(): 11.438ms
Frame 814 end
Average processing time of GrabImageRGBD(): 11.4318ms
Frame 815 end
Average processing time of GrabImageRGBD(): 11.4253ms
Frame 816 end
Average processing time of GrabImageRGBD(): 11.4183ms
Frame 817 end
Average processing time of GrabImageRGBD(): 11.4093ms
Frame 818 end
Average processing time of GrabImageRGBD(): 11.3995ms
Frame 819 end
Average processing time of GrabImageRGBD(): 11.4206ms
Frame 820 end
Average processing time of GrabImageRGBD(): 11.4138ms
Frame 821 end
Average processing time of GrabImageRGBD(): 11.4088ms
Frame 822 end
Average processing time of GrabImageRGBD(): 11.4037ms
Frame 823 end
Average processing time of GrabImageRGBD(): 11.3985ms
Frame 824 end
Average processing time of GrabImageRGBD(): 11.3909ms
Frame 825 end
Average processing time of GrabImageRGBD(): 11.3849ms
Frame 826 end
Average processing time of GrabImageRGBD(): 11.3767ms
Frame 827 end
Average processing time of GrabImageRGBD(): 11.3705ms
Frame 828 end
Average processing time of GrabImageRGBD(): 11.3648ms
Frame 829 end
Average processing time of GrabImageRGBD(): 11.3577ms
Frame 830 end
Average processing time of GrabImageRGBD(): 11.3489ms
Frame 831 end
Average processing time of GrabImageRGBD(): 11.3389ms
Frame 832 end
Average processing time of GrabImageRGBD(): 11.363ms
Frame 833 end
Average processing time of GrabImageRGBD(): 11.3559ms
Frame 834 end
Average processing time of GrabImageRGBD(): 11.3469ms
Frame 835 end
Average processing time of GrabImageRGBD(): 11.3437ms
Frame 836 end
Average processing time of GrabImageRGBD(): 11.3385ms
Frame 837 end
Average processing time of GrabImageRGBD(): 11.3316ms
Frame 838 end
Average processing time of GrabImageRGBD(): 11.3226ms
Frame 839 end
Average processing time of GrabImageRGBD(): 11.3131ms
Frame 840 end
Average processing time of GrabImageRGBD(): 11.309ms
Frame 841 end
Average processing time of GrabImageRGBD(): 11.3055ms
Frame 842 end
Average processing time of GrabImageRGBD(): 11.302ms
Frame 843 end
Average processing time of GrabImageRGBD(): 11.3381ms
Frame 844 end
Average processing time of GrabImageRGBD(): 11.3382ms
Frame 845 end
Average processing time of GrabImageRGBD(): 11.3311ms
Frame 846 end
Average processing time of GrabImageRGBD(): 11.3217ms
Frame 847 end
Average processing time of GrabImageRGBD(): 11.3128ms
Frame 848 end
Average processing time of GrabImageRGBD(): 11.3058ms
Frame 849 end
Average processing time of GrabImageRGBD(): 11.2974ms
Frame 850 end
Average processing time of GrabImageRGBD(): 11.289ms
Frame 851 end
Average processing time of GrabImageRGBD(): 11.2794ms
Frame 852 end
Average processing time of GrabImageRGBD(): 11.2704ms
Frame 853 end
Average processing time of GrabImageRGBD(): 11.2656ms
Frame 854 end
Average processing time of GrabImageRGBD(): 11.2577ms
Frame 855 end
Average processing time of GrabImageRGBD(): 11.2943ms
Frame 856 end
Average processing time of GrabImageRGBD(): 11.2941ms
Frame 857 end
Average processing time of GrabImageRGBD(): 11.2905ms
Frame 858 end
Average processing time of GrabImageRGBD(): 11.2868ms
Frame 859 end
Average processing time of GrabImageRGBD(): 11.2839ms
Frame 860 end
Average processing time of GrabImageRGBD(): 11.2782ms
Frame 861 end
Average processing time of GrabImageRGBD(): 11.2757ms
Frame 862 end
Average processing time of GrabImageRGBD(): 11.2667ms
Frame 863 end
Average processing time of GrabImageRGBD(): 11.2634ms
Frame 864 end
Average processing time of GrabImageRGBD(): 11.2563ms
Frame 865 end
Average processing time of GrabImageRGBD(): 11.2504ms
Frame 866 end
Average processing time of GrabImageRGBD(): 11.2765ms
Frame 867 end
Average processing time of GrabImageRGBD(): 11.2765ms
Frame 868 end
Average processing time of GrabImageRGBD(): 11.2712ms
Frame 869 end
Average processing time of GrabImageRGBD(): 11.2672ms
Frame 870 end
Average processing time of GrabImageRGBD(): 11.2582ms
Frame 871 end
Average processing time of GrabImageRGBD(): 11.2493ms
Frame 872 end
Average processing time of GrabImageRGBD(): 11.2468ms
Frame 873 end
Average processing time of GrabImageRGBD(): 11.2379ms
Frame 874 end
Average processing time of GrabImageRGBD(): 11.2323ms
Frame 875 end
Average processing time of GrabImageRGBD(): 11.2271ms
Frame 876 end
Average processing time of GrabImageRGBD(): 11.2184ms
Frame 877 end
Average processing time of GrabImageRGBD(): 11.2093ms
Frame 878 end
Average processing time of GrabImageRGBD(): 11.2337ms
Frame 879 end
Average processing time of GrabImageRGBD(): 11.2265ms
Frame 880 end
Average processing time of GrabImageRGBD(): 11.2548ms
Frame 881 end
Average processing time of GrabImageRGBD(): 11.2543ms
Frame 882 end
Average processing time of GrabImageRGBD(): 11.2483ms
Frame 883 end
Average processing time of GrabImageRGBD(): 11.2786ms
Frame 884 end
Average processing time of GrabImageRGBD(): 11.2754ms
Frame 885 end
Average processing time of GrabImageRGBD(): 11.2714ms
Frame 886 end
Average processing time of GrabImageRGBD(): 11.2656ms
Frame 887 end
Average processing time of GrabImageRGBD(): 11.2582ms
Frame 888 end
Average processing time of GrabImageRGBD(): 11.2488ms
Frame 889 end
Average processing time of GrabImageRGBD(): 11.2757ms
Frame 890 end
Average processing time of GrabImageRGBD(): 11.2732ms
Frame 891 end
Average processing time of GrabImageRGBD(): 11.269ms
Frame 892 end
Average processing time of GrabImageRGBD(): 11.2621ms
Frame 893 end
Average processing time of GrabImageRGBD(): 11.2554ms
Frame 894 end
Average processing time of GrabImageRGBD(): 11.2492ms
Frame 895 end
Average processing time of GrabImageRGBD(): 11.2411ms
Frame 896 end
Average processing time of GrabImageRGBD(): 11.2624ms
Frame 897 end
Average processing time of GrabImageRGBD(): 11.2568ms
Frame 898 end
Average processing time of GrabImageRGBD(): 11.2783ms
Frame 899 end
Average processing time of GrabImageRGBD(): 11.2732ms
Frame 900 end
Average processing time of GrabImageRGBD(): 11.295ms
Frame 901 end
Average processing time of GrabImageRGBD(): 11.2881ms
Frame 902 end
Average processing time of GrabImageRGBD(): 11.2795ms
Frame 903 end
Average processing time of GrabImageRGBD(): 11.272ms
Frame 904 end
Average processing time of GrabImageRGBD(): 11.2643ms
Frame 905 end
Average processing time of GrabImageRGBD(): 11.2845ms
Frame 906 end
Average processing time of GrabImageRGBD(): 11.2804ms
Frame 907 end
Average processing time of GrabImageRGBD(): 11.2723ms
Frame 908 end
Average processing time of GrabImageRGBD(): 11.2637ms
Frame 909 end
Average processing time of GrabImageRGBD(): 11.2575ms
Frame 910 end
Average processing time of GrabImageRGBD(): 11.2507ms
Frame 911 end
Average processing time of GrabImageRGBD(): 11.2706ms
Frame 912 end
Average processing time of GrabImageRGBD(): 11.263ms
Frame 913 end
Average processing time of GrabImageRGBD(): 11.2578ms
Frame 914 end
Average processing time of GrabImageRGBD(): 11.2508ms
Frame 915 end
Average processing time of GrabImageRGBD(): 11.2443ms
Frame 916 end
Average processing time of GrabImageRGBD(): 11.2385ms
Frame 917 end
Average processing time of GrabImageRGBD(): 11.2319ms
Frame 918 end
Average processing time of GrabImageRGBD(): 11.2228ms
Frame 919 end
Average processing time of GrabImageRGBD(): 11.2144ms
Frame 920 end
Average processing time of GrabImageRGBD(): 11.2346ms
Frame 921 end
Average processing time of GrabImageRGBD(): 11.2329ms
Frame 922 end
Average processing time of GrabImageRGBD(): 11.2292ms
Frame 923 end
Average processing time of GrabImageRGBD(): 11.2208ms
Frame 924 end
Average processing time of GrabImageRGBD(): 11.2169ms
Frame 925 end
Average processing time of GrabImageRGBD(): 11.2128ms
Frame 926 end
Average processing time of GrabImageRGBD(): 11.2088ms
Frame 927 end
Average processing time of GrabImageRGBD(): 11.2045ms
Frame 928 end
Average processing time of GrabImageRGBD(): 11.1963ms
Frame 929 end
Average processing time of GrabImageRGBD(): 11.224ms
Frame 930 end
Average processing time of GrabImageRGBD(): 11.2243ms
Frame 931 end
Average processing time of GrabImageRGBD(): 11.2228ms
Frame 932 end
Average processing time of GrabImageRGBD(): 11.2151ms
Frame 933 end
Average processing time of GrabImageRGBD(): 11.2075ms
Frame 934 end
Average processing time of GrabImageRGBD(): 11.2001ms
Frame 935 end
Average processing time of GrabImageRGBD(): 11.1956ms
Frame 936 end
Average processing time of GrabImageRGBD(): 11.1907ms
Frame 937 end
Average processing time of GrabImageRGBD(): 11.1822ms
Frame 938 end
Average processing time of GrabImageRGBD(): 11.1768ms
Frame 939 end
Average processing time of GrabImageRGBD(): 11.1986ms
Frame 940 end
Average processing time of GrabImageRGBD(): 11.1917ms
Frame 941 end
Average processing time of GrabImageRGBD(): 11.1886ms
Frame 942 end
Average processing time of GrabImageRGBD(): 11.1858ms
Frame 943 end
Average processing time of GrabImageRGBD(): 11.1776ms
Frame 944 end
Average processing time of GrabImageRGBD(): 11.1705ms
Frame 945 end
Average processing time of GrabImageRGBD(): 11.1651ms
Frame 946 end
Average processing time of GrabImageRGBD(): 11.1588ms
Frame 947 end
Average processing time of GrabImageRGBD(): 11.1539ms
Frame 948 end
Average processing time of GrabImageRGBD(): 11.1466ms
Frame 949 end
Average processing time of GrabImageRGBD(): 11.1687ms
Frame 950 end
Average processing time of GrabImageRGBD(): 11.1676ms
Frame 951 end
Average processing time of GrabImageRGBD(): 11.1661ms
Frame 952 end
Average processing time of GrabImageRGBD(): 11.1644ms
Frame 953 end
Average processing time of GrabImageRGBD(): 11.1587ms
Frame 954 end
Average processing time of GrabImageRGBD(): 11.157ms
Frame 955 end
Average processing time of GrabImageRGBD(): 11.1549ms
Frame 956 end
Average processing time of GrabImageRGBD(): 11.1473ms
Frame 957 end
Average processing time of GrabImageRGBD(): 11.1446ms
Frame 958 end
Average processing time of GrabImageRGBD(): 11.1415ms
Frame 959 end
Average processing time of GrabImageRGBD(): 11.1388ms
Frame 960 end
Average processing time of GrabImageRGBD(): 11.1309ms
Frame 961 end
Average processing time of GrabImageRGBD(): 11.1531ms
Frame 962 end
Average processing time of GrabImageRGBD(): 11.1504ms
Frame 963 end
Average processing time of GrabImageRGBD(): 11.148ms
Frame 964 end
Average processing time of GrabImageRGBD(): 11.1405ms
Frame 965 end
Average processing time of GrabImageRGBD(): 11.133ms
Frame 966 end
Average processing time of GrabImageRGBD(): 11.1273ms
Frame 967 end
Average processing time of GrabImageRGBD(): 11.1266ms
Frame 968 end
Average processing time of GrabImageRGBD(): 11.1241ms
Frame 969 end
Average processing time of GrabImageRGBD(): 11.1217ms
Frame 970 end
Average processing time of GrabImageRGBD(): 11.1148ms
Frame 971 end
Average processing time of GrabImageRGBD(): 11.1365ms
Frame 972 end
Average processing time of GrabImageRGBD(): 11.1363ms
Frame 973 end
Average processing time of GrabImageRGBD(): 11.1288ms
Frame 974 end
Average processing time of GrabImageRGBD(): 11.1254ms
Frame 975 end
Average processing time of GrabImageRGBD(): 11.1236ms
Frame 976 end
Average processing time of GrabImageRGBD(): 11.1219ms
Frame 977 end
Average processing time of GrabImageRGBD(): 11.1186ms
Frame 978 end
Average processing time of GrabImageRGBD(): 11.1108ms
Frame 979 end
Average processing time of GrabImageRGBD(): 11.1095ms
Frame 980 end
Average processing time of GrabImageRGBD(): 11.1076ms
Frame 981 end
Average processing time of GrabImageRGBD(): 11.1299ms
Frame 982 end
Average processing time of GrabImageRGBD(): 11.1288ms
Frame 983 end
Average processing time of GrabImageRGBD(): 11.1269ms
Frame 984 end
Average processing time of GrabImageRGBD(): 11.1197ms
Frame 985 end
Average processing time of GrabImageRGBD(): 11.1122ms
Frame 986 end
Average processing time of GrabImageRGBD(): 11.1043ms
Frame 987 end
Average processing time of GrabImageRGBD(): 11.1013ms
Frame 988 end
Average processing time of GrabImageRGBD(): 11.0936ms
Frame 989 end
Average processing time of GrabImageRGBD(): 11.0856ms
Frame 990 end
Average processing time of GrabImageRGBD(): 11.0819ms
Frame 991 end
Average processing time of GrabImageRGBD(): 11.0784ms
Frame 992 end
Average processing time of GrabImageRGBD(): 11.0959ms
Frame 993 end
Average processing time of GrabImageRGBD(): 11.097ms
Frame 994 end
Average processing time of GrabImageRGBD(): 11.0945ms
Frame 995 end
Average processing time of GrabImageRGBD(): 11.0885ms
Frame 996 end
Average processing time of GrabImageRGBD(): 11.0849ms
Frame 997 end
Average processing time of GrabImageRGBD(): 11.0815ms
Frame 998 end
Average processing time of GrabImageRGBD(): 11.0788ms
Frame 999 end
Average processing time of GrabImageRGBD(): 11.0726ms
Frame 1000 end
Average processing time of GrabImageRGBD(): 11.0692ms
Frame 1001 end
Average processing time of GrabImageRGBD(): 11.0657ms
Frame 1002 end
Average processing time of GrabImageRGBD(): 11.0866ms
Frame 1003 end
Average processing time of GrabImageRGBD(): 11.0862ms
Frame 1004 end
Average processing time of GrabImageRGBD(): 11.0786ms
Frame 1005 end
Average processing time of GrabImageRGBD(): 11.0744ms
Frame 1006 end
Average processing time of GrabImageRGBD(): 11.0699ms
Frame 1007 end
Average processing time of GrabImageRGBD(): 11.0646ms
Frame 1008 end
Average processing time of GrabImageRGBD(): 11.0594ms
Frame 1009 end
Average processing time of GrabImageRGBD(): 11.052ms
Frame 1010 end
Average processing time of GrabImageRGBD(): 11.0442ms
Frame 1011 end
Average processing time of GrabImageRGBD(): 11.0384ms
Frame 1012 end
Average processing time of GrabImageRGBD(): 11.0322ms
Frame 1013 end
Average processing time of GrabImageRGBD(): 11.0524ms
Frame 1014 end
Average processing time of GrabImageRGBD(): 11.0504ms
Frame 1015 end
Average processing time of GrabImageRGBD(): 11.0458ms
Frame 1016 end
Average processing time of GrabImageRGBD(): 11.0423ms
Frame 1017 end
Average processing time of GrabImageRGBD(): 11.0349ms
Frame 1018 end
Average processing time of GrabImageRGBD(): 11.0345ms
Frame 1019 end
Average processing time of GrabImageRGBD(): 11.0294ms
Frame 1020 end
Average processing time of GrabImageRGBD(): 11.0217ms
Frame 1021 end
Average processing time of GrabImageRGBD(): 11.0141ms
Frame 1022 end
Average processing time of GrabImageRGBD(): 11.0064ms
Frame 1023 end
Average processing time of GrabImageRGBD(): 11.0007ms
Frame 1024 end
Average processing time of GrabImageRGBD(): 11.0183ms
Frame 1025 end
Average processing time of GrabImageRGBD(): 11.0118ms
Frame 1026 end
Average processing time of GrabImageRGBD(): 11.0058ms
Frame 1027 end
Average processing time of GrabImageRGBD(): 10.9989ms
Frame 1028 end
Average processing time of GrabImageRGBD(): 10.9925ms
Frame 1029 end
Average processing time of GrabImageRGBD(): 10.9852ms
Frame 1030 end
Average processing time of GrabImageRGBD(): 10.9775ms
Frame 1031 end
Average processing time of GrabImageRGBD(): 10.9707ms
Frame 1032 end
Average processing time of GrabImageRGBD(): 10.9657ms
Frame 1033 end
Average processing time of GrabImageRGBD(): 10.9607ms
Frame 1034 end
Average processing time of GrabImageRGBD(): 10.9855ms
Frame 1035 end
Average processing time of GrabImageRGBD(): 10.9797ms
Frame 1036 end
Average processing time of GrabImageRGBD(): 10.9729ms
Frame 1037 end
Average processing time of GrabImageRGBD(): 10.966ms
Frame 1038 end
Average processing time of GrabImageRGBD(): 10.9588ms
Frame 1039 end
Average processing time of GrabImageRGBD(): 10.9549ms
Frame 1040 end
Average processing time of GrabImageRGBD(): 10.9476ms
Frame 1041 end
Average processing time of GrabImageRGBD(): 10.9449ms
Frame 1042 end
Average processing time of GrabImageRGBD(): 10.9374ms
Frame 1043 end
Average processing time of GrabImageRGBD(): 10.933ms
Frame 1044 end
Average processing time of GrabImageRGBD(): 10.9514ms
Frame 1045 end
Average processing time of GrabImageRGBD(): 10.9499ms
Frame 1046 end
Average processing time of GrabImageRGBD(): 10.9476ms
Frame 1047 end
Average processing time of GrabImageRGBD(): 10.9428ms
Frame 1048 end
Average processing time of GrabImageRGBD(): 10.9409ms
Frame 1049 end
Average processing time of GrabImageRGBD(): 10.936ms
Frame 1050 end
Average processing time of GrabImageRGBD(): 10.9295ms
Frame 1051 end
Average processing time of GrabImageRGBD(): 10.9264ms
Frame 1052 end
Average processing time of GrabImageRGBD(): 10.9223ms
Frame 1053 end
Average processing time of GrabImageRGBD(): 10.9182ms
Frame 1054 end
Average processing time of GrabImageRGBD(): 10.935ms
Frame 1055 end
Average processing time of GrabImageRGBD(): 10.9325ms
Frame 1056 end
Average processing time of GrabImageRGBD(): 10.9291ms
Frame 1057 end
Average processing time of GrabImageRGBD(): 10.9251ms
Frame 1058 end
Average processing time of GrabImageRGBD(): 10.9177ms
Frame 1059 end
Average processing time of GrabImageRGBD(): 10.9133ms
Frame 1060 end
Average processing time of GrabImageRGBD(): 10.9079ms
Frame 1061 end
Average processing time of GrabImageRGBD(): 10.9003ms
Frame 1062 end
Average processing time of GrabImageRGBD(): 10.8929ms
Frame 1063 end
Average processing time of GrabImageRGBD(): 10.8882ms
Frame 1064 end
Average processing time of GrabImageRGBD(): 10.9076ms
Frame 1065 end
Average processing time of GrabImageRGBD(): 10.9033ms
Frame 1066 end
Average processing time of GrabImageRGBD(): 10.8984ms
Frame 1067 end
Average processing time of GrabImageRGBD(): 10.8931ms
Frame 1068 end
Average processing time of GrabImageRGBD(): 10.8866ms
Frame 1069 end
Average processing time of GrabImageRGBD(): 10.8822ms
Frame 1070 end
Average processing time of GrabImageRGBD(): 10.8784ms
Frame 1071 end
Average processing time of GrabImageRGBD(): 10.8723ms
Frame 1072 end
Average processing time of GrabImageRGBD(): 10.8679ms
Frame 1073 end
Average processing time of GrabImageRGBD(): 10.8636ms
Frame 1074 end
Average processing time of GrabImageRGBD(): 10.8803ms
Frame 1075 end
Average processing time of GrabImageRGBD(): 10.8795ms
Frame 1076 end
Average processing time of GrabImageRGBD(): 10.8722ms
Frame 1077 end
Average processing time of GrabImageRGBD(): 10.8648ms
Frame 1078 end
Average processing time of GrabImageRGBD(): 10.8579ms
Frame 1079 end
Average processing time of GrabImageRGBD(): 10.852ms
Frame 1080 end
Average processing time of GrabImageRGBD(): 10.849ms
Frame 1081 end
Average processing time of GrabImageRGBD(): 10.8458ms
Frame 1082 end
Average processing time of GrabImageRGBD(): 10.8388ms
Frame 1083 end
Average processing time of GrabImageRGBD(): 10.8351ms
Frame 1084 end
Average processing time of GrabImageRGBD(): 10.8304ms
Frame 1085 end
Average processing time of GrabImageRGBD(): 10.849ms
Frame 1086 end
Average processing time of GrabImageRGBD(): 10.848ms
Frame 1087 end
Average processing time of GrabImageRGBD(): 10.8423ms
Frame 1088 end
Average processing time of GrabImageRGBD(): 10.8389ms
Frame 1089 end
Average processing time of GrabImageRGBD(): 10.8323ms
Frame 1090 end
Average processing time of GrabImageRGBD(): 10.8283ms
Frame 1091 end
Average processing time of GrabImageRGBD(): 10.8223ms
Frame 1092 end
Average processing time of GrabImageRGBD(): 10.8185ms
Frame 1093 end
Average processing time of GrabImageRGBD(): 10.812ms
Frame 1094 end
Average processing time of GrabImageRGBD(): 10.8056ms
Frame 1095 end
Average processing time of GrabImageRGBD(): 10.7985ms
Frame 1096 end
Average processing time of GrabImageRGBD(): 10.7941ms
Frame 1097 end
Average processing time of GrabImageRGBD(): 10.8107ms
Frame 1098 end
Average processing time of GrabImageRGBD(): 10.8062ms
Frame 1099 end
Average processing time of GrabImageRGBD(): 10.8035ms
Frame 1100 end
Average processing time of GrabImageRGBD(): 10.798ms
Frame 1101 end
Average processing time of GrabImageRGBD(): 10.7915ms
Frame 1102 end
Average processing time of GrabImageRGBD(): 10.7844ms
Frame 1103 end
Average processing time of GrabImageRGBD(): 10.7801ms
Frame 1104 end
Average processing time of GrabImageRGBD(): 10.7732ms
Frame 1105 end
Average processing time of GrabImageRGBD(): 10.7659ms
Frame 1106 end
Average processing time of GrabImageRGBD(): 10.7614ms
Frame 1107 end
Average processing time of GrabImageRGBD(): 10.754ms
Frame 1108 end
Average processing time of GrabImageRGBD(): 10.7712ms
Frame 1109 end
Average processing time of GrabImageRGBD(): 10.7677ms
Frame 1110 end
Average processing time of GrabImageRGBD(): 10.7618ms
Frame 1111 end
Average processing time of GrabImageRGBD(): 10.755ms
Frame 1112 end
Average processing time of GrabImageRGBD(): 10.7505ms
Frame 1113 end
Average processing time of GrabImageRGBD(): 10.7454ms
Frame 1114 end
Average processing time of GrabImageRGBD(): 10.7391ms
Frame 1115 end
Average processing time of GrabImageRGBD(): 10.7324ms
Frame 1116 end
Average processing time of GrabImageRGBD(): 10.7287ms
Frame 1117 end
Average processing time of GrabImageRGBD(): 10.7464ms
Frame 1118 end
Average processing time of GrabImageRGBD(): 10.7435ms
Frame 1119 end
Average processing time of GrabImageRGBD(): 10.7406ms
Frame 1120 end
Average processing time of GrabImageRGBD(): 10.7357ms
Frame 1121 end
Average processing time of GrabImageRGBD(): 10.7291ms
Frame 1122 end
Average processing time of GrabImageRGBD(): 10.7233ms
Frame 1123 end
Average processing time of GrabImageRGBD(): 10.7191ms
Frame 1124 end
Average processing time of GrabImageRGBD(): 10.7146ms
Frame 1125 end
Average processing time of GrabImageRGBD(): 10.7104ms
Frame 1126 end
Average processing time of GrabImageRGBD(): 10.7272ms
Frame 1127 end
Average processing time of GrabImageRGBD(): 10.7252ms
Frame 1128 end
Average processing time of GrabImageRGBD(): 10.7223ms
Frame 1129 end
Average processing time of GrabImageRGBD(): 10.7185ms
Frame 1130 end
Average processing time of GrabImageRGBD(): 10.715ms
Frame 1131 end
Average processing time of GrabImageRGBD(): 10.7087ms
Frame 1132 end
Average processing time of GrabImageRGBD(): 10.7048ms
Frame 1133 end
Average processing time of GrabImageRGBD(): 10.6981ms
Frame 1134 end
Average processing time of GrabImageRGBD(): 10.7162ms
Frame 1135 end
Average processing time of GrabImageRGBD(): 10.7136ms
Frame 1136 end
Average processing time of GrabImageRGBD(): 10.7105ms
Frame 1137 end
Average processing time of GrabImageRGBD(): 10.7076ms
Frame 1138 end
Average processing time of GrabImageRGBD(): 10.7011ms
Frame 1139 end
Average processing time of GrabImageRGBD(): 10.6976ms
Frame 1140 end
Average processing time of GrabImageRGBD(): 10.6931ms
Frame 1141 end
Average processing time of GrabImageRGBD(): 10.6873ms
Frame 1142 end
Average processing time of GrabImageRGBD(): 10.6835ms
Frame 1143 end
Average processing time of GrabImageRGBD(): 10.6988ms
Frame 1144 end
Average processing time of GrabImageRGBD(): 10.6952ms
Frame 1145 end
Average processing time of GrabImageRGBD(): 10.6887ms
Frame 1146 end
Average processing time of GrabImageRGBD(): 10.6836ms
Frame 1147 end
Average processing time of GrabImageRGBD(): 10.6804ms
Frame 1148 end
Average processing time of GrabImageRGBD(): 10.6762ms
Frame 1149 end
Average processing time of GrabImageRGBD(): 10.6707ms
Frame 1150 end
Average processing time of GrabImageRGBD(): 10.6679ms
Frame 1151 end
Average processing time of GrabImageRGBD(): 10.6643ms
Frame 1152 end
Average processing time of GrabImageRGBD(): 10.682ms
Frame 1153 end
Average processing time of GrabImageRGBD(): 10.6796ms
Frame 1154 end
Average processing time of GrabImageRGBD(): 10.675ms
Frame 1155 end
Average processing time of GrabImageRGBD(): 10.6709ms
Frame 1156 end
Average processing time of GrabImageRGBD(): 10.668ms
Frame 1157 end
Average processing time of GrabImageRGBD(): 10.6618ms
Frame 1158 end
Average processing time of GrabImageRGBD(): 10.6587ms
Frame 1159 end
Average processing time of GrabImageRGBD(): 10.6549ms
Frame 1160 end
Average processing time of GrabImageRGBD(): 10.6506ms
Frame 1161 end
Average processing time of GrabImageRGBD(): 10.6477ms
Frame 1162 end
Average processing time of GrabImageRGBD(): 10.6654ms
Frame 1163 end
Average processing time of GrabImageRGBD(): 10.6603ms
Frame 1164 end
Average processing time of GrabImageRGBD(): 10.655ms
Frame 1165 end
Average processing time of GrabImageRGBD(): 10.649ms
Frame 1166 end
Average processing time of GrabImageRGBD(): 10.6428ms
Frame 1167 end
Average processing time of GrabImageRGBD(): 10.6397ms
Frame 1168 end
Average processing time of GrabImageRGBD(): 10.6367ms
Frame 1169 end
Average processing time of GrabImageRGBD(): 10.6316ms
Frame 1170 end
Average processing time of GrabImageRGBD(): 10.628ms
Frame 1171 end
Average processing time of GrabImageRGBD(): 10.6455ms
Frame 1172 end
Average processing time of GrabImageRGBD(): 10.6433ms
Frame 1173 end
Average processing time of GrabImageRGBD(): 10.6413ms
Frame 1174 end
Average processing time of GrabImageRGBD(): 10.6383ms
Frame 1175 end
Average processing time of GrabImageRGBD(): 10.6359ms
Frame 1176 end
Average processing time of GrabImageRGBD(): 10.6336ms
Frame 1177 end
Average processing time of GrabImageRGBD(): 10.6291ms
Frame 1178 end
Average processing time of GrabImageRGBD(): 10.624ms
Frame 1179 end
Average processing time of GrabImageRGBD(): 10.6195ms
Frame 1180 end
Average processing time of GrabImageRGBD(): 10.6135ms
Frame 1181 end
Average processing time of GrabImageRGBD(): 10.6085ms
Frame 1182 end
Average processing time of GrabImageRGBD(): 10.605ms
Frame 1183 end
Average processing time of GrabImageRGBD(): 10.6225ms
Frame 1184 end
Average processing time of GrabImageRGBD(): 10.6175ms
Frame 1185 end
Average processing time of GrabImageRGBD(): 10.612ms
Frame 1186 end
Average processing time of GrabImageRGBD(): 10.6069ms
Frame 1187 end
Average processing time of GrabImageRGBD(): 10.6009ms
Frame 1188 end
Average processing time of GrabImageRGBD(): 10.5975ms
Frame 1189 end
Average processing time of GrabImageRGBD(): 10.5934ms
Frame 1190 end
Average processing time of GrabImageRGBD(): 10.59ms
Frame 1191 end
Average processing time of GrabImageRGBD(): 10.5842ms
Frame 1192 end
Average processing time of GrabImageRGBD(): 10.58ms
Frame 1193 end
Average processing time of GrabImageRGBD(): 10.5981ms
Frame 1194 end
Average processing time of GrabImageRGBD(): 10.5971ms
Frame 1195 end
Average processing time of GrabImageRGBD(): 10.5911ms
Frame 1196 end
Average processing time of GrabImageRGBD(): 10.5884ms
Frame 1197 end
Average processing time of GrabImageRGBD(): 10.5839ms
Frame 1198 end
Average processing time of GrabImageRGBD(): 10.5812ms
Frame 1199 end
Average processing time of GrabImageRGBD(): 10.5799ms
Frame 1200 end
Average processing time of GrabImageRGBD(): 10.5739ms
Frame 1201 end
Average processing time of GrabImageRGBD(): 10.5678ms
Frame 1202 end
Average processing time of GrabImageRGBD(): 10.5616ms
Frame 1203 end
Average processing time of GrabImageRGBD(): 10.5857ms
Frame 1204 end
Average processing time of GrabImageRGBD(): 10.5854ms
Frame 1205 end
Average processing time of GrabImageRGBD(): 10.5823ms
Frame 1206 end
Average processing time of GrabImageRGBD(): 10.581ms
Frame 1207 end
Average processing time of GrabImageRGBD(): 10.579ms
Frame 1208 end
Average processing time of GrabImageRGBD(): 10.5731ms
Frame 1209 end
Average processing time of GrabImageRGBD(): 10.5672ms
Frame 1210 end
Average processing time of GrabImageRGBD(): 10.565ms
Frame 1211 end
Average processing time of GrabImageRGBD(): 10.5631ms
Frame 1212 end
Average processing time of GrabImageRGBD(): 10.557ms
Frame 1213 end
Average processing time of GrabImageRGBD(): 10.5507ms
Frame 1214 end
Average processing time of GrabImageRGBD(): 10.5685ms
Frame 1215 end
Average processing time of GrabImageRGBD(): 10.5673ms
Frame 1216 end
Average processing time of GrabImageRGBD(): 10.5646ms
Frame 1217 end
Average processing time of GrabImageRGBD(): 10.5594ms
Frame 1218 end
Average processing time of GrabImageRGBD(): 10.5573ms
Frame 1219 end
Average processing time of GrabImageRGBD(): 10.5514ms
Frame 1220 end
Average processing time of GrabImageRGBD(): 10.5487ms
Frame 1221 end
Average processing time of GrabImageRGBD(): 10.545ms
Frame 1222 end
Average processing time of GrabImageRGBD(): 10.5409ms
Frame 1223 end
Average processing time of GrabImageRGBD(): 10.537ms
Frame 1224 end
Average processing time of GrabImageRGBD(): 10.5339ms
Frame 1225 end
Average processing time of GrabImageRGBD(): 10.5509ms
Frame 1226 end
Average processing time of GrabImageRGBD(): 10.55ms
Frame 1227 end
Average processing time of GrabImageRGBD(): 10.5484ms
Frame 1228 end
Average processing time of GrabImageRGBD(): 10.5472ms
Frame 1229 end
Average processing time of GrabImageRGBD(): 10.5453ms
Frame 1230 end
Average processing time of GrabImageRGBD(): 10.5396ms
Frame 1231 end
Average processing time of GrabImageRGBD(): 10.5337ms
Frame 1232 end
Average processing time of GrabImageRGBD(): 10.5293ms
Frame 1233 end
Average processing time of GrabImageRGBD(): 10.5264ms
Frame 1234 end
Average processing time of GrabImageRGBD(): 10.5445ms
Frame 1235 end
Average processing time of GrabImageRGBD(): 10.5397ms
Frame 1236 end
Average processing time of GrabImageRGBD(): 10.5358ms
Frame 1237 end
Average processing time of GrabImageRGBD(): 10.5346ms
Frame 1238 end
Average processing time of GrabImageRGBD(): 10.5302ms
Frame 1239 end
Average processing time of GrabImageRGBD(): 10.5244ms
Frame 1240 end
Average processing time of GrabImageRGBD(): 10.5198ms
Frame 1241 end
Average processing time of GrabImageRGBD(): 10.5182ms
Frame 1242 end
Average processing time of GrabImageRGBD(): 10.5164ms
Frame 1243 end
Average processing time of GrabImageRGBD(): 10.5137ms
Frame 1244 end
Average processing time of GrabImageRGBD(): 10.5294ms
Frame 1245 end
Average processing time of GrabImageRGBD(): 10.5321ms
Frame 1246 end
Average processing time of GrabImageRGBD(): 10.527ms
Frame 1247 end
Average processing time of GrabImageRGBD(): 10.5229ms
Frame 1248 end
Average processing time of GrabImageRGBD(): 10.5174ms
Frame 1249 end
Average processing time of GrabImageRGBD(): 10.5152ms
Frame 1250 end
Average processing time of GrabImageRGBD(): 10.5384ms
Frame 1251 end
Average processing time of GrabImageRGBD(): 10.536ms
Frame 1252 end
Average processing time of GrabImageRGBD(): 10.5323ms
Frame 1253 end
Average processing time of GrabImageRGBD(): 10.5282ms
Frame 1254 end
Average processing time of GrabImageRGBD(): 10.5222ms
Frame 1255 end
Average processing time of GrabImageRGBD(): 10.5176ms
Frame 1256 end
Average processing time of GrabImageRGBD(): 10.5312ms
Frame 1257 end
Average processing time of GrabImageRGBD(): 10.5284ms
Frame 1258 end
Average processing time of GrabImageRGBD(): 10.5231ms
Frame 1259 end
Average processing time of GrabImageRGBD(): 10.5177ms
Frame 1260 end
Average processing time of GrabImageRGBD(): 10.5155ms
Frame 1261 end
Average processing time of GrabImageRGBD(): 10.5379ms
Frame 1262 end
Average processing time of GrabImageRGBD(): 10.5371ms
Frame 1263 end
Average processing time of GrabImageRGBD(): 10.5346ms
Frame 1264 end
Average processing time of GrabImageRGBD(): 10.5296ms
Frame 1265 end
Average processing time of GrabImageRGBD(): 10.5268ms
Frame 1266 end
Average processing time of GrabImageRGBD(): 10.5211ms
Frame 1267 end
Average processing time of GrabImageRGBD(): 10.5371ms
Frame 1268 end
Average processing time of GrabImageRGBD(): 10.5357ms
Frame 1269 end
Average processing time of GrabImageRGBD(): 10.5303ms
Frame 1270 end
Average processing time of GrabImageRGBD(): 10.5254ms
Frame 1271 end
Average processing time of GrabImageRGBD(): 10.5213ms
Frame 1272 end
Average processing time of GrabImageRGBD(): 10.5176ms
Frame 1273 end
Average processing time of GrabImageRGBD(): 10.5346ms
Frame 1274 end
Average processing time of GrabImageRGBD(): 10.53ms
Frame 1275 end
Average processing time of GrabImageRGBD(): 10.5275ms
Frame 1276 end
Average processing time of GrabImageRGBD(): 10.5229ms
Frame 1277 end
Average processing time of GrabImageRGBD(): 10.5196ms
Frame 1278 end
Average processing time of GrabImageRGBD(): 10.5162ms
Frame 1279 end
Average processing time of GrabImageRGBD(): 10.5305ms
Frame 1280 end
Average processing time of GrabImageRGBD(): 10.5254ms
Frame 1281 end
Average processing time of GrabImageRGBD(): 10.524ms
Frame 1282 end
Average processing time of GrabImageRGBD(): 10.5221ms
Frame 1283 end
Average processing time of GrabImageRGBD(): 10.5164ms
Frame 1284 end
Average processing time of GrabImageRGBD(): 10.5108ms
Frame 1285 end
Average processing time of GrabImageRGBD(): 10.5313ms
Frame 1286 end
Average processing time of GrabImageRGBD(): 10.5304ms
Frame 1287 end
Average processing time of GrabImageRGBD(): 10.5251ms
Frame 1288 end
Average processing time of GrabImageRGBD(): 10.5203ms
Frame 1289 end
Average processing time of GrabImageRGBD(): 10.5191ms
Frame 1290 end
Average processing time of GrabImageRGBD(): 10.5177ms
Frame 1291 end
Average processing time of GrabImageRGBD(): 10.5429ms
Frame 1292 end
Average processing time of GrabImageRGBD(): 10.543ms
Frame 1293 end
Average processing time of GrabImageRGBD(): 10.5427ms
Frame 1294 end
Average processing time of GrabImageRGBD(): 10.542ms
Frame 1295 end
Average processing time of GrabImageRGBD(): 10.5369ms
Frame 1296 end
Average processing time of GrabImageRGBD(): 10.5352ms
Frame 1297 end
Average processing time of GrabImageRGBD(): 10.5299ms
Frame 1298 end
Average processing time of GrabImageRGBD(): 10.5285ms
Frame 1299 end
Average processing time of GrabImageRGBD(): 10.523ms
Frame 1300 end
Average processing time of GrabImageRGBD(): 10.5217ms
Frame 1301 end
Average processing time of GrabImageRGBD(): 10.5388ms
Frame 1302 end
Average processing time of GrabImageRGBD(): 10.5343ms
Frame 1303 end
Average processing time of GrabImageRGBD(): 10.5296ms
Frame 1304 end
Average processing time of GrabImageRGBD(): 10.5245ms
Frame 1305 end
Average processing time of GrabImageRGBD(): 10.521ms
Frame 1306 end
Average processing time of GrabImageRGBD(): 10.519ms
Frame 1307 end
Average processing time of GrabImageRGBD(): 10.5335ms
Frame 1308 end
Average processing time of GrabImageRGBD(): 10.5293ms
Frame 1309 end
Average processing time of GrabImageRGBD(): 10.5289ms
Frame 1310 end
Average processing time of GrabImageRGBD(): 10.5284ms
Frame 1311 end
Average processing time of GrabImageRGBD(): 10.5256ms
Frame 1312 end
Average processing time of GrabImageRGBD(): 10.5235ms
Frame 1313 end
Average processing time of GrabImageRGBD(): 10.5395ms
Frame 1314 end
Average processing time of GrabImageRGBD(): 10.5546ms
Frame 1315 end
Average processing time of GrabImageRGBD(): 10.5534ms
Frame 1316 end
Average processing time of GrabImageRGBD(): 10.551ms
Frame 1317 end
Average processing time of GrabImageRGBD(): 10.5487ms
Frame 1318 end
Average processing time of GrabImageRGBD(): 10.5458ms
Frame 1319 end
Average processing time of GrabImageRGBD(): 10.5622ms
Frame 1320 end
Average processing time of GrabImageRGBD(): 10.5575ms
Frame 1321 end
Average processing time of GrabImageRGBD(): 10.5561ms
Frame 1322 end
Average processing time of GrabImageRGBD(): 10.5512ms
Frame 1323 end
Average processing time of GrabImageRGBD(): 10.5487ms
Frame 1324 end
Average processing time of GrabImageRGBD(): 10.5452ms
Frame 1325 end
Average processing time of GrabImageRGBD(): 10.5598ms
Frame 1326 end
Average processing time of GrabImageRGBD(): 10.5601ms
Frame 1327 end
Average processing time of GrabImageRGBD(): 10.5595ms
Frame 1328 end
Average processing time of GrabImageRGBD(): 10.5604ms
Frame 1329 end
Average processing time of GrabImageRGBD(): 10.5601ms
Frame 1330 end
Average processing time of GrabImageRGBD(): 10.5744ms
Frame 1331 end
Average processing time of GrabImageRGBD(): 10.5744ms
Frame 1332 end
Average processing time of GrabImageRGBD(): 10.5708ms
Frame 1333 end
Average processing time of GrabImageRGBD(): 10.5655ms
Frame 1334 end
Average processing time of GrabImageRGBD(): 10.5815ms
Frame 1335 end
Average processing time of GrabImageRGBD(): 10.5822ms
Frame 1336 end
Average processing time of GrabImageRGBD(): 10.58ms
Frame 1337 end
Average processing time of GrabImageRGBD(): 10.5788ms
Frame 1338 end
Average processing time of GrabImageRGBD(): 10.576ms
Frame 1339 end
Average processing time of GrabImageRGBD(): 10.5908ms
Frame 1340 end
Average processing time of GrabImageRGBD(): 10.5914ms
Frame 1341 end
Average processing time of GrabImageRGBD(): 10.5881ms
Frame 1342 end
Average processing time of GrabImageRGBD(): 10.5865ms
Frame 1343 end
Average processing time of GrabImageRGBD(): 10.5835ms
Frame 1344 end
Average processing time of GrabImageRGBD(): 10.6005ms
Frame 1345 end
Average processing time of GrabImageRGBD(): 10.5962ms
Frame 1346 end
Average processing time of GrabImageRGBD(): 10.5922ms
Frame 1347 end
Average processing time of GrabImageRGBD(): 10.5912ms
Frame 1348 end
Average processing time of GrabImageRGBD(): 10.5899ms
Frame 1349 end
Average processing time of GrabImageRGBD(): 10.5845ms
Frame 1350 end
Average processing time of GrabImageRGBD(): 10.5821ms
Frame 1351 end
Average processing time of GrabImageRGBD(): 10.5973ms
Frame 1352 end
Average processing time of GrabImageRGBD(): 10.5967ms
Frame 1353 end
Average processing time of GrabImageRGBD(): 10.5924ms
Frame 1354 end
Average processing time of GrabImageRGBD(): 10.5922ms
Frame 1355 end
Average processing time of GrabImageRGBD(): 10.5906ms
Frame 1356 end
Average processing time of GrabImageRGBD(): 10.6033ms
Frame 1357 end
Average processing time of GrabImageRGBD(): 10.6034ms
Frame 1358 end
Average processing time of GrabImageRGBD(): 10.5992ms
Frame 1359 end
Average processing time of GrabImageRGBD(): 10.5941ms
Frame 1360 end
Average processing time of GrabImageRGBD(): 10.5923ms
Frame 1361 end
Average processing time of GrabImageRGBD(): 10.6048ms
Frame 1362 end
Average processing time of GrabImageRGBD(): 10.6004ms
Frame 1363 end
Average processing time of GrabImageRGBD(): 10.5975ms
Frame 1364 end
Average processing time of GrabImageRGBD(): 10.5966ms
Frame 1365 end
Average processing time of GrabImageRGBD(): 10.592ms
Frame 1366 end
Average processing time of GrabImageRGBD(): 10.59ms
Frame 1367 end
Average processing time of GrabImageRGBD(): 10.6025ms
Frame 1368 end
Average processing time of GrabImageRGBD(): 10.598ms
Frame 1369 end
Average processing time of GrabImageRGBD(): 10.5962ms
Frame 1370 end
Average processing time of GrabImageRGBD(): 10.591ms
Frame 1371 end
Average processing time of GrabImageRGBD(): 10.5887ms
Frame 1372 end
Average processing time of GrabImageRGBD(): 10.6025ms
Frame 1373 end
Average processing time of GrabImageRGBD(): 10.6009ms
Frame 1374 end
Average processing time of GrabImageRGBD(): 10.5988ms
Frame 1375 end
Average processing time of GrabImageRGBD(): 10.5939ms
Frame 1376 end
Average processing time of GrabImageRGBD(): 10.5887ms
Frame 1377 end
Average processing time of GrabImageRGBD(): 10.5862ms
Frame 1378 end
Average processing time of GrabImageRGBD(): 10.6059ms
Frame 1379 end
Average processing time of GrabImageRGBD(): 10.6061ms
Frame 1380 end
Average processing time of GrabImageRGBD(): 10.6035ms
Frame 1381 end
Average processing time of GrabImageRGBD(): 10.6006ms
Frame 1382 end
Average processing time of GrabImageRGBD(): 10.5973ms
Frame 1383 end
Average processing time of GrabImageRGBD(): 10.5919ms
Frame 1384 end
Average processing time of GrabImageRGBD(): 10.6043ms
Frame 1385 end
Average processing time of GrabImageRGBD(): 10.6045ms
Frame 1386 end
Average processing time of GrabImageRGBD(): 10.6038ms
Frame 1387 end
Average processing time of GrabImageRGBD(): 10.6045ms
Frame 1388 end
Average processing time of GrabImageRGBD(): 10.6022ms
Frame 1389 end
Average processing time of GrabImageRGBD(): 10.6031ms
Frame 1390 end
Average processing time of GrabImageRGBD(): 10.6197ms
Frame 1391 end
Average processing time of GrabImageRGBD(): 10.6193ms
Frame 1392 end
Average processing time of GrabImageRGBD(): 10.6193ms
Frame 1393 end
Average processing time of GrabImageRGBD(): 10.6141ms
Frame 1394 end
Average processing time of GrabImageRGBD(): 10.6112ms
Frame 1395 end
Average processing time of GrabImageRGBD(): 10.6241ms
Frame 1396 end
Average processing time of GrabImageRGBD(): 10.621ms
Frame 1397 end
Average processing time of GrabImageRGBD(): 10.6196ms
Frame 1398 end
Average processing time of GrabImageRGBD(): 10.6146ms
Frame 1399 end
Average processing time of GrabImageRGBD(): 10.6127ms
Frame 1400 end
Average processing time of GrabImageRGBD(): 10.6102ms
Frame 1401 end
Average processing time of GrabImageRGBD(): 10.6286ms
Frame 1402 end
Average processing time of GrabImageRGBD(): 10.6286ms
Frame 1403 end
Average processing time of GrabImageRGBD(): 10.629ms
Frame 1404 end
Average processing time of GrabImageRGBD(): 10.6252ms
Frame 1405 end
Average processing time of GrabImageRGBD(): 10.6221ms
Frame 1406 end
Average processing time of GrabImageRGBD(): 10.6355ms
Frame 1407 end
Average processing time of GrabImageRGBD(): 10.6355ms
Frame 1408 end
Average processing time of GrabImageRGBD(): 10.634ms
Frame 1409 end
Average processing time of GrabImageRGBD(): 10.6307ms
Frame 1410 end
Average processing time of GrabImageRGBD(): 10.6309ms
Frame 1411 end
Average processing time of GrabImageRGBD(): 10.6456ms
Frame 1412 end
Average processing time of GrabImageRGBD(): 10.6443ms
Frame 1413 end
Average processing time of GrabImageRGBD(): 10.6393ms
Frame 1414 end
Average processing time of GrabImageRGBD(): 10.6373ms
Frame 1415 end
Average processing time of GrabImageRGBD(): 10.6325ms
Frame 1416 end
Average processing time of GrabImageRGBD(): 10.6274ms
Frame 1417 end
Average processing time of GrabImageRGBD(): 10.6419ms
Frame 1418 end
Average processing time of GrabImageRGBD(): 10.6407ms
Frame 1419 end
Average processing time of GrabImageRGBD(): 10.6369ms
Frame 1420 end
Average processing time of GrabImageRGBD(): 10.6332ms
Frame 1421 end
Average processing time of GrabImageRGBD(): 10.6321ms
Frame 1422 end
Average processing time of GrabImageRGBD(): 10.6527ms
Frame 1423 end
Average processing time of GrabImageRGBD(): 10.6487ms
Frame 1424 end
Average processing time of GrabImageRGBD(): 10.648ms
Frame 1425 end
Average processing time of GrabImageRGBD(): 10.6471ms
Frame 1426 end
Average processing time of GrabImageRGBD(): 10.6423ms
Frame 1427 end
Average processing time of GrabImageRGBD(): 10.6576ms
Frame 1428 end
Average processing time of GrabImageRGBD(): 10.6574ms
Frame 1429 end
Average processing time of GrabImageRGBD(): 10.6567ms
Frame 1430 end
Average processing time of GrabImageRGBD(): 10.6537ms
Frame 1431 end
Average processing time of GrabImageRGBD(): 10.6486ms
Frame 1432 end
Average processing time of GrabImageRGBD(): 10.6473ms
Frame 1433 end
Average processing time of GrabImageRGBD(): 10.6623ms
Frame 1434 end
Average processing time of GrabImageRGBD(): 10.6625ms
Frame 1435 end
Average processing time of GrabImageRGBD(): 10.6617ms
Frame 1436 end
Average processing time of GrabImageRGBD(): 10.6606ms
Frame 1437 end
Average processing time of GrabImageRGBD(): 10.656ms
Frame 1438 end
Average processing time of GrabImageRGBD(): 10.6548ms
Frame 1439 end
Average processing time of GrabImageRGBD(): 10.6683ms
Frame 1440 end
Average processing time of GrabImageRGBD(): 10.6674ms
Frame 1441 end
Average processing time of GrabImageRGBD(): 10.6632ms
Frame 1442 end
Average processing time of GrabImageRGBD(): 10.6607ms
Frame 1443 end
Average processing time of GrabImageRGBD(): 10.6595ms
Frame 1444 end
Average processing time of GrabImageRGBD(): 10.6546ms
Frame 1445 end
Average processing time of GrabImageRGBD(): 10.6693ms
Frame 1446 end
Average processing time of GrabImageRGBD(): 10.6691ms
Frame 1447 end
Average processing time of GrabImageRGBD(): 10.6681ms
Frame 1448 end
Average processing time of GrabImageRGBD(): 10.6633ms
Frame 1449 end
Average processing time of GrabImageRGBD(): 10.6621ms
Frame 1450 end
Average processing time of GrabImageRGBD(): 10.6592ms
Frame 1451 end
Average processing time of GrabImageRGBD(): 10.6737ms
Frame 1452 end
Average processing time of GrabImageRGBD(): 10.6706ms
Frame 1453 end
Average processing time of GrabImageRGBD(): 10.6689ms
Frame 1454 end
Average processing time of GrabImageRGBD(): 10.6654ms
Frame 1455 end
Average processing time of GrabImageRGBD(): 10.6613ms
Frame 1456 end
Average processing time of GrabImageRGBD(): 10.6587ms
Frame 1457 end
Average processing time of GrabImageRGBD(): 10.6721ms
Frame 1458 end
Average processing time of GrabImageRGBD(): 10.6716ms
Frame 1459 end
Average processing time of GrabImageRGBD(): 10.6696ms
Frame 1460 end
Average processing time of GrabImageRGBD(): 10.6669ms
Frame 1461 end
Average processing time of GrabImageRGBD(): 10.6618ms
Frame 1462 end
Average processing time of GrabImageRGBD(): 10.6586ms
Frame 1463 end
Average processing time of GrabImageRGBD(): 10.6717ms
Frame 1464 end
Average processing time of GrabImageRGBD(): 10.6704ms
Frame 1465 end
Average processing time of GrabImageRGBD(): 10.6678ms
Frame 1466 end
Average processing time of GrabImageRGBD(): 10.6656ms
Frame 1467 end
Average processing time of GrabImageRGBD(): 10.6632ms
Frame 1468 end
Average processing time of GrabImageRGBD(): 10.6608ms
Frame 1469 end
Average processing time of GrabImageRGBD(): 10.674ms
Frame 1470 end
Average processing time of GrabImageRGBD(): 10.6715ms
Frame 1471 end
Average processing time of GrabImageRGBD(): 10.6678ms
Frame 1472 end
Average processing time of GrabImageRGBD(): 10.663ms
Frame 1473 end
Average processing time of GrabImageRGBD(): 10.6769ms
Frame 1474 end
Average processing time of GrabImageRGBD(): 10.6728ms
Frame 1475 end
Average processing time of GrabImageRGBD(): 10.6878ms
Frame 1476 end
Average processing time of GrabImageRGBD(): 10.6875ms
Frame 1477 end
Average processing time of GrabImageRGBD(): 10.684ms
Frame 1478 end
Average processing time of GrabImageRGBD(): 10.6791ms
Frame 1479 end
Average processing time of GrabImageRGBD(): 10.6751ms
Frame 1480 end
Average processing time of GrabImageRGBD(): 10.6723ms
Frame 1481 end
Average processing time of GrabImageRGBD(): 10.6678ms
Frame 1482 end
Average processing time of GrabImageRGBD(): 10.6629ms
Frame 1483 end
Average processing time of GrabImageRGBD(): 10.6758ms
Frame 1484 end
Average processing time of GrabImageRGBD(): 10.6729ms
Frame 1485 end
Average processing time of GrabImageRGBD(): 10.6759ms
Frame 1486 end
Average processing time of GrabImageRGBD(): 10.6739ms
Frame 1487 end
Average processing time of GrabImageRGBD(): 10.6733ms
Frame 1488 end
Average processing time of GrabImageRGBD(): 10.6873ms
Frame 1489 end
Average processing time of GrabImageRGBD(): 10.6867ms
Frame 1490 end
Average processing time of GrabImageRGBD(): 10.6837ms
Frame 1491 end
Average processing time of GrabImageRGBD(): 10.6814ms
Frame 1492 end
Average processing time of GrabImageRGBD(): 10.679ms
Frame 1493 end
Average processing time of GrabImageRGBD(): 10.6928ms
Frame 1494 end
Average processing time of GrabImageRGBD(): 10.6938ms
Frame 1495 end
Average processing time of GrabImageRGBD(): 10.6915ms
Frame 1496 end
Average processing time of GrabImageRGBD(): 10.6884ms
Frame 1497 end
Average processing time of GrabImageRGBD(): 10.6865ms
Frame 1498 end
Average processing time of GrabImageRGBD(): 10.6842ms
Frame 1499 end
Average processing time of GrabImageRGBD(): 10.6815ms
Frame 1500 end
Average processing time of GrabImageRGBD(): 10.6764ms
Frame 1501 end
Average processing time of GrabImageRGBD(): 10.6894ms
Frame 1502 end
Average processing time of GrabImageRGBD(): 10.6887ms
Frame 1503 end
Average processing time of GrabImageRGBD(): 10.6853ms
Frame 1504 end
Average processing time of GrabImageRGBD(): 10.6804ms
Frame 1505 end
Average processing time of GrabImageRGBD(): 10.6755ms
Frame 1506 end
Average processing time of GrabImageRGBD(): 10.675ms
Frame 1507 end
Average processing time of GrabImageRGBD(): 10.6728ms
Frame 1508 end
Average processing time of GrabImageRGBD(): 10.6836ms
Frame 1509 end
Average processing time of GrabImageRGBD(): 10.6832ms
Frame 1510 end
Average processing time of GrabImageRGBD(): 10.6823ms
Frame 1511 end
Average processing time of GrabImageRGBD(): 10.6801ms
Frame 1512 end
Average processing time of GrabImageRGBD(): 10.6761ms
Frame 1513 end
Average processing time of GrabImageRGBD(): 10.691ms
Frame 1514 end
Average processing time of GrabImageRGBD(): 10.6907ms
Frame 1515 end
Average processing time of GrabImageRGBD(): 10.6881ms
Frame 1516 end
Average processing time of GrabImageRGBD(): 10.6864ms
Frame 1517 end
Average processing time of GrabImageRGBD(): 10.6847ms
Frame 1518 end
Average processing time of GrabImageRGBD(): 10.6964ms
Frame 1519 end
Average processing time of GrabImageRGBD(): 10.6963ms
Frame 1520 end
Average processing time of GrabImageRGBD(): 10.6957ms
Frame 1521 end
Average processing time of GrabImageRGBD(): 10.6915ms
Frame 1522 end
Average processing time of GrabImageRGBD(): 10.6899ms
Frame 1523 end
Average processing time of GrabImageRGBD(): 10.704ms
Frame 1524 end
Average processing time of GrabImageRGBD(): 10.7042ms
Frame 1525 end
Average processing time of GrabImageRGBD(): 10.7038ms
Frame 1526 end
Average processing time of GrabImageRGBD(): 10.7024ms
Frame 1527 end
Average processing time of GrabImageRGBD(): 10.7015ms
Frame 1528 end
Average processing time of GrabImageRGBD(): 10.7006ms
Frame 1529 end
Average processing time of GrabImageRGBD(): 10.7139ms
Frame 1530 end
Average processing time of GrabImageRGBD(): 10.7117ms
Frame 1531 end
Average processing time of GrabImageRGBD(): 10.7124ms
Frame 1532 end
Average processing time of GrabImageRGBD(): 10.7075ms
Frame 1533 end
Average processing time of GrabImageRGBD(): 10.7049ms
Frame 1534 end
Average processing time of GrabImageRGBD(): 10.7165ms
Frame 1535 end
Average processing time of GrabImageRGBD(): 10.7162ms
Frame 1536 end
Average processing time of GrabImageRGBD(): 10.7154ms
Frame 1537 end
Average processing time of GrabImageRGBD(): 10.7111ms
Frame 1538 end
Average processing time of GrabImageRGBD(): 10.7078ms
Frame 1539 end
Average processing time of GrabImageRGBD(): 10.7063ms
Frame 1540 end
Average processing time of GrabImageRGBD(): 10.7045ms
Frame 1541 end
Average processing time of GrabImageRGBD(): 10.7006ms
Frame 1542 end
Average processing time of GrabImageRGBD(): 10.699ms
Frame 1543 end
Average processing time of GrabImageRGBD(): 10.6974ms
Frame 1544 end
Average processing time of GrabImageRGBD(): 10.6946ms
Frame 1545 end
Average processing time of GrabImageRGBD(): 10.6928ms
Frame 1546 end
Average processing time of GrabImageRGBD(): 10.6908ms
Frame 1547 end
Average processing time of GrabImageRGBD(): 10.6878ms
Frame 1548 end
Average processing time of GrabImageRGBD(): 10.6999ms
Frame 1549 end
Average processing time of GrabImageRGBD(): 10.6995ms
Frame 1550 end
Average processing time of GrabImageRGBD(): 10.7004ms
Frame 1551 end
Average processing time of GrabImageRGBD(): 10.7003ms
Frame 1552 end
Average processing time of GrabImageRGBD(): 10.6977ms
Frame 1553 end
Average processing time of GrabImageRGBD(): 10.6933ms
Frame 1554 end
Average processing time of GrabImageRGBD(): 10.7055ms
Frame 1555 end
Average processing time of GrabImageRGBD(): 10.7012ms
Frame 1556 end
Average processing time of GrabImageRGBD(): 10.6997ms
Frame 1557 end
Average processing time of GrabImageRGBD(): 10.7004ms
Frame 1558 end
Average processing time of GrabImageRGBD(): 10.698ms
Frame 1559 end
Average processing time of GrabImageRGBD(): 10.7107ms
Frame 1560 end
Average processing time of GrabImageRGBD(): 10.7098ms
Frame 1561 end
Average processing time of GrabImageRGBD(): 10.7084ms
Frame 1562 end
Average processing time of GrabImageRGBD(): 10.7043ms
Frame 1563 end
Average processing time of GrabImageRGBD(): 10.6999ms
Frame 1564 end
Average processing time of GrabImageRGBD(): 10.7127ms
Frame 1565 end
Average processing time of GrabImageRGBD(): 10.7125ms
Frame 1566 end
Average processing time of GrabImageRGBD(): 10.7088ms
Frame 1567 end
Average processing time of GrabImageRGBD(): 10.7044ms
Frame 1568 end
Average processing time of GrabImageRGBD(): 10.6997ms
Frame 1569 end
Average processing time of GrabImageRGBD(): 10.7118ms
Frame 1570 end
Average processing time of GrabImageRGBD(): 10.7078ms
Frame 1571 end
Average processing time of GrabImageRGBD(): 10.7072ms
Frame 1572 end
Average processing time of GrabImageRGBD(): 10.7066ms
Frame 1573 end
Average processing time of GrabImageRGBD(): 10.721ms
Frame 1574 end
Average processing time of GrabImageRGBD(): 10.7208ms
Frame 1575 end
Average processing time of GrabImageRGBD(): 10.7178ms
Frame 1576 end
Average processing time of GrabImageRGBD(): 10.7151ms
Frame 1577 end
Average processing time of GrabImageRGBD(): 10.7142ms
Frame 1578 end
Average processing time of GrabImageRGBD(): 10.7134ms
Frame 1579 end
Average processing time of GrabImageRGBD(): 10.7241ms
Frame 1580 end
Average processing time of GrabImageRGBD(): 10.7203ms
Frame 1581 end
Average processing time of GrabImageRGBD(): 10.7197ms
Frame 1582 end
Average processing time of GrabImageRGBD(): 10.7154ms
Frame 1583 end
Average processing time of GrabImageRGBD(): 10.7262ms
Frame 1584 end
Average processing time of GrabImageRGBD(): 10.7221ms
Frame 1585 end
Average processing time of GrabImageRGBD(): 10.7181ms
Frame 1586 end
Average processing time of GrabImageRGBD(): 10.7173ms
Frame 1587 end
Average processing time of GrabImageRGBD(): 10.7143ms
Frame 1588 end
Average processing time of GrabImageRGBD(): 10.7132ms
Frame 1589 end
Average processing time of GrabImageRGBD(): 10.7247ms
Frame 1590 end
Average processing time of GrabImageRGBD(): 10.7238ms
Frame 1591 end
Average processing time of GrabImageRGBD(): 10.7214ms
Frame 1592 end
Average processing time of GrabImageRGBD(): 10.7172ms
Frame 1593 end
Average processing time of GrabImageRGBD(): 10.7169ms
Frame 1594 end
Average processing time of GrabImageRGBD(): 10.7123ms
Frame 1595 end
Average processing time of GrabImageRGBD(): 10.7089ms
Frame 1596 end
Average processing time of GrabImageRGBD(): 10.7042ms
Frame 1597 end
Average processing time of GrabImageRGBD(): 10.7036ms
Frame 1598 end
Average processing time of GrabImageRGBD(): 10.7026ms
Frame 1599 end
Average processing time of GrabImageRGBD(): 10.7155ms
Frame 1600 end
Average processing time of GrabImageRGBD(): 10.7149ms
Frame 1601 end
Average processing time of GrabImageRGBD(): 10.7135ms
Frame 1602 end
Average processing time of GrabImageRGBD(): 10.7118ms
Frame 1603 end
Average processing time of GrabImageRGBD(): 10.71ms
Frame 1604 end
Average processing time of GrabImageRGBD(): 10.729ms
Frame 1605 end
Average processing time of GrabImageRGBD(): 10.7252ms
Frame 1606 end
Average processing time of GrabImageRGBD(): 10.7247ms
Frame 1607 end
Average processing time of GrabImageRGBD(): 10.7204ms
Frame 1608 end
Average processing time of GrabImageRGBD(): 10.7167ms
Frame 1609 end
Average processing time of GrabImageRGBD(): 10.7276ms
Frame 1610 end
Average processing time of GrabImageRGBD(): 10.7269ms
Frame 1611 end
Average processing time of GrabImageRGBD(): 10.7253ms
Frame 1612 end
Average processing time of GrabImageRGBD(): 10.7217ms
Frame 1613 end
Average processing time of GrabImageRGBD(): 10.7207ms
Frame 1614 end
Average processing time of GrabImageRGBD(): 10.732ms
Frame 1615 end
Average processing time of GrabImageRGBD(): 10.7317ms
Frame 1616 end
Average processing time of GrabImageRGBD(): 10.7276ms
Frame 1617 end
Average processing time of GrabImageRGBD(): 10.7263ms
Frame 1618 end
Average processing time of GrabImageRGBD(): 10.7218ms
Frame 1619 end
Average processing time of GrabImageRGBD(): 10.735ms
Frame 1620 end
Average processing time of GrabImageRGBD(): 10.7349ms
Frame 1621 end
Average processing time of GrabImageRGBD(): 10.7343ms
Frame 1622 end
Average processing time of GrabImageRGBD(): 10.7335ms
Frame 1623 end
Average processing time of GrabImageRGBD(): 10.7309ms
Frame 1624 end
Average processing time of GrabImageRGBD(): 10.7296ms
Frame 1625 end
Average processing time of GrabImageRGBD(): 10.7265ms
Frame 1626 end
Average processing time of GrabImageRGBD(): 10.725ms
Frame 1627 end
Average processing time of GrabImageRGBD(): 10.7225ms
Frame 1628 end
Average processing time of GrabImageRGBD(): 10.7339ms
Frame 1629 end
Average processing time of GrabImageRGBD(): 10.734ms
Frame 1630 end
Average processing time of GrabImageRGBD(): 10.7298ms
Frame 1631 end
Average processing time of GrabImageRGBD(): 10.7285ms
Frame 1632 end
Average processing time of GrabImageRGBD(): 10.7245ms
Frame 1633 end
Average processing time of GrabImageRGBD(): 10.7362ms
Frame 1634 end
Average processing time of GrabImageRGBD(): 10.7323ms
Frame 1635 end
Average processing time of GrabImageRGBD(): 10.7304ms
Frame 1636 end
Average processing time of GrabImageRGBD(): 10.7259ms
Frame 1637 end
Average processing time of GrabImageRGBD(): 10.7212ms
Frame 1638 end
Average processing time of GrabImageRGBD(): 10.7325ms
Frame 1639 end
Average processing time of GrabImageRGBD(): 10.7321ms
Frame 1640 end
Average processing time of GrabImageRGBD(): 10.7299ms
Frame 1641 end
Average processing time of GrabImageRGBD(): 10.7256ms
Frame 1642 end
Average processing time of GrabImageRGBD(): 10.724ms
Frame 1643 end
Average processing time of GrabImageRGBD(): 10.7355ms
Frame 1644 end
Average processing time of GrabImageRGBD(): 10.7347ms
Frame 1645 end
Average processing time of GrabImageRGBD(): 10.7333ms
Frame 1646 end
Average processing time of GrabImageRGBD(): 10.7317ms
Frame 1647 end
Average processing time of GrabImageRGBD(): 10.73ms
Frame 1648 end
Average processing time of GrabImageRGBD(): 10.7266ms
Frame 1649 end
Average processing time of GrabImageRGBD(): 10.7375ms
Frame 1650 end
Average processing time of GrabImageRGBD(): 10.7337ms
Frame 1651 end
Average processing time of GrabImageRGBD(): 10.7327ms
Frame 1652 end
Average processing time of GrabImageRGBD(): 10.7287ms
Frame 1653 end
Average processing time of GrabImageRGBD(): 10.7429ms
Frame 1654 end
Average processing time of GrabImageRGBD(): 10.7389ms
Frame 1655 end
Average processing time of GrabImageRGBD(): 10.7374ms
Frame 1656 end
Average processing time of GrabImageRGBD(): 10.7358ms
Frame 1657 end
Average processing time of GrabImageRGBD(): 10.734ms
Frame 1658 end
Average processing time of GrabImageRGBD(): 10.7458ms
Frame 1659 end
Average processing time of GrabImageRGBD(): 10.7469ms
Frame 1660 end
Average processing time of GrabImageRGBD(): 10.7426ms
Frame 1661 end
Average processing time of GrabImageRGBD(): 10.7405ms
Frame 1662 end
Average processing time of GrabImageRGBD(): 10.7532ms
Frame 1663 end
Average processing time of GrabImageRGBD(): 10.7498ms
Frame 1664 end
Average processing time of GrabImageRGBD(): 10.7493ms
Frame 1665 end
Average processing time of GrabImageRGBD(): 10.7478ms
Frame 1666 end
Average processing time of GrabImageRGBD(): 10.7471ms
Frame 1667 end
Average processing time of GrabImageRGBD(): 10.7429ms
Frame 1668 end
Average processing time of GrabImageRGBD(): 10.7393ms
Frame 1669 end
Average processing time of GrabImageRGBD(): 10.7382ms
Frame 1670 end
Average processing time of GrabImageRGBD(): 10.7373ms
Frame 1671 end
Average processing time of GrabImageRGBD(): 10.736ms
Frame 1672 end
Average processing time of GrabImageRGBD(): 10.7493ms
Frame 1673 end
Average processing time of GrabImageRGBD(): 10.7496ms
Frame 1674 end
Average processing time of GrabImageRGBD(): 10.7483ms
Frame 1675 end
Average processing time of GrabImageRGBD(): 10.7444ms
Frame 1676 end
Average processing time of GrabImageRGBD(): 10.7402ms
Frame 1677 end
Average processing time of GrabImageRGBD(): 10.7387ms
Frame 1678 end
Average processing time of GrabImageRGBD(): 10.7379ms
Frame 1679 end
Average processing time of GrabImageRGBD(): 10.7336ms
Frame 1680 end
Average processing time of GrabImageRGBD(): 10.7452ms
Frame 1681 end
Average processing time of GrabImageRGBD(): 10.7467ms
Frame 1682 end
Average processing time of GrabImageRGBD(): 10.7456ms
Frame 1683 end
Average processing time of GrabImageRGBD(): 10.7445ms
Frame 1684 end
Average processing time of GrabImageRGBD(): 10.7405ms
Frame 1685 end
Average processing time of GrabImageRGBD(): 10.7394ms
Frame 1686 end
Average processing time of GrabImageRGBD(): 10.7373ms
Frame 1687 end
Average processing time of GrabImageRGBD(): 10.736ms
Frame 1688 end
Average processing time of GrabImageRGBD(): 10.7463ms
Frame 1689 end
Average processing time of GrabImageRGBD(): 10.7426ms
Frame 1690 end
Average processing time of GrabImageRGBD(): 10.7421ms
Frame 1691 end
Average processing time of GrabImageRGBD(): 10.7419ms
Frame 1692 end
Average processing time of GrabImageRGBD(): 10.7413ms
Frame 1693 end
Average processing time of GrabImageRGBD(): 10.7377ms
Frame 1694 end
Average processing time of GrabImageRGBD(): 10.7492ms
Frame 1695 end
Average processing time of GrabImageRGBD(): 10.7487ms
Frame 1696 end
Average processing time of GrabImageRGBD(): 10.7446ms
Frame 1697 end
Average processing time of GrabImageRGBD(): 10.744ms
Frame 1698 end
Average processing time of GrabImageRGBD(): 10.743ms
Frame 1699 end
Average processing time of GrabImageRGBD(): 10.7419ms
Frame 1700 end
Average processing time of GrabImageRGBD(): 10.7593ms
Frame 1701 end
Average processing time of GrabImageRGBD(): 10.7591ms
Frame 1702 end
Average processing time of GrabImageRGBD(): 10.7586ms
Frame 1703 end
Average processing time of GrabImageRGBD(): 10.758ms
Frame 1704 end
Average processing time of GrabImageRGBD(): 10.7534ms
Frame 1705 end
Average processing time of GrabImageRGBD(): 10.7636ms
Frame 1706 end
Average processing time of GrabImageRGBD(): 10.7635ms
Frame 1707 end
Average processing time of GrabImageRGBD(): 10.7618ms
Frame 1708 end
Average processing time of GrabImageRGBD(): 10.7614ms
Frame 1709 end
Average processing time of GrabImageRGBD(): 10.7605ms
Frame 1710 end
Average processing time of GrabImageRGBD(): 10.7586ms
Frame 1711 end
Average processing time of GrabImageRGBD(): 10.7557ms
Frame 1712 end
Average processing time of GrabImageRGBD(): 10.7542ms
Frame 1713 end
Average processing time of GrabImageRGBD(): 10.7528ms
Frame 1714 end
Average processing time of GrabImageRGBD(): 10.75ms
Frame 1715 end
Average processing time of GrabImageRGBD(): 10.7459ms
Frame 1716 end
Average processing time of GrabImageRGBD(): 10.7449ms
Frame 1717 end
Average processing time of GrabImageRGBD(): 10.7406ms
Frame 1718 end
Average processing time of GrabImageRGBD(): 10.7523ms
Frame 1719 end
Average processing time of GrabImageRGBD(): 10.7515ms
Frame 1720 end
Average processing time of GrabImageRGBD(): 10.7482ms
Frame 1721 end
Average processing time of GrabImageRGBD(): 10.7466ms
Frame 1722 end
Average processing time of GrabImageRGBD(): 10.7423ms
Frame 1723 end
Average processing time of GrabImageRGBD(): 10.7528ms
Frame 1724 end
Average processing time of GrabImageRGBD(): 10.75ms
Frame 1725 end
Average processing time of GrabImageRGBD(): 10.7483ms
Frame 1726 end
Average processing time of GrabImageRGBD(): 10.7461ms
Frame 1727 end
Average processing time of GrabImageRGBD(): 10.7417ms
Frame 1728 end
Average processing time of GrabImageRGBD(): 10.7373ms
Frame 1729 end
Average processing time of GrabImageRGBD(): 10.7493ms
Frame 1730 end
Average processing time of GrabImageRGBD(): 10.7493ms
Frame 1731 end
Average processing time of GrabImageRGBD(): 10.7478ms
Frame 1732 end
Average processing time of GrabImageRGBD(): 10.7444ms
Frame 1733 end
Average processing time of GrabImageRGBD(): 10.7422ms
Frame 1734 end
Average processing time of GrabImageRGBD(): 10.753ms
Frame 1735 end
Average processing time of GrabImageRGBD(): 10.7513ms
Frame 1736 end
Average processing time of GrabImageRGBD(): 10.7505ms
Frame 1737 end
Average processing time of GrabImageRGBD(): 10.7497ms
Frame 1738 end
Average processing time of GrabImageRGBD(): 10.7482ms
Frame 1739 end
Average processing time of GrabImageRGBD(): 10.7471ms
Frame 1740 end
Average processing time of GrabImageRGBD(): 10.7428ms
Frame 1741 end
Average processing time of GrabImageRGBD(): 10.7417ms
Frame 1742 end
Average processing time of GrabImageRGBD(): 10.7375ms
Frame 1743 end
Average processing time of GrabImageRGBD(): 10.7492ms
Frame 1744 end
Average processing time of GrabImageRGBD(): 10.7489ms
Frame 1745 end
Average processing time of GrabImageRGBD(): 10.7482ms
Frame 1746 end
Average processing time of GrabImageRGBD(): 10.7471ms
Frame 1747 end
Average processing time of GrabImageRGBD(): 10.7444ms
Frame 1748 end
Average processing time of GrabImageRGBD(): 10.7402ms
Frame 1749 end
Average processing time of GrabImageRGBD(): 10.7387ms
Frame 1750 end
Average processing time of GrabImageRGBD(): 10.7374ms
Frame 1751 end
Average processing time of GrabImageRGBD(): 10.7493ms
Frame 1752 end
Average processing time of GrabImageRGBD(): 10.7466ms
Frame 1753 end
Average processing time of GrabImageRGBD(): 10.7459ms
Frame 1754 end
Average processing time of GrabImageRGBD(): 10.7451ms
Frame 1755 end
Average processing time of GrabImageRGBD(): 10.7418ms
Frame 1756 end
Average processing time of GrabImageRGBD(): 10.74ms
Frame 1757 end
Average processing time of GrabImageRGBD(): 10.7512ms
Frame 1758 end
Average processing time of GrabImageRGBD(): 10.7508ms
Frame 1759 end
Average processing time of GrabImageRGBD(): 10.749ms
Frame 1760 end
Average processing time of GrabImageRGBD(): 10.7479ms
Frame 1761 end
Average processing time of GrabImageRGBD(): 10.7461ms
Frame 1762 end
Average processing time of GrabImageRGBD(): 10.7575ms
Frame 1763 end
Average processing time of GrabImageRGBD(): 10.7567ms
Frame 1764 end
Average processing time of GrabImageRGBD(): 10.756ms
Frame 1765 end
Average processing time of GrabImageRGBD(): 10.7547ms
Frame 1766 end
Average processing time of GrabImageRGBD(): 10.7533ms
Frame 1767 end
Average processing time of GrabImageRGBD(): 10.7634ms
Frame 1768 end
Average processing time of GrabImageRGBD(): 10.7626ms
Frame 1769 end
Average processing time of GrabImageRGBD(): 10.7595ms
Frame 1770 end
Average processing time of GrabImageRGBD(): 10.7554ms
Frame 1771 end
Average processing time of GrabImageRGBD(): 10.7521ms
Frame 1772 end
Average processing time of GrabImageRGBD(): 10.7629ms
Frame 1773 end
Average processing time of GrabImageRGBD(): 10.7623ms
Frame 1774 end
Average processing time of GrabImageRGBD(): 10.7582ms
Frame 1775 end
Average processing time of GrabImageRGBD(): 10.7568ms
Frame 1776 end
Average processing time of GrabImageRGBD(): 10.7527ms
Frame 1777 end
Average processing time of GrabImageRGBD(): 10.7499ms
Frame 1778 end
Average processing time of GrabImageRGBD(): 10.7613ms
Frame 1779 end
Average processing time of GrabImageRGBD(): 10.7598ms
Frame 1780 end
Average processing time of GrabImageRGBD(): 10.7567ms
Frame 1781 end
Average processing time of GrabImageRGBD(): 10.7526ms
Frame 1782 end
Average processing time of GrabImageRGBD(): 10.7503ms
Frame 1783 end
Average processing time of GrabImageRGBD(): 10.7618ms
Frame 1784 end
Average processing time of GrabImageRGBD(): 10.7601ms
Frame 1785 end
Average processing time of GrabImageRGBD(): 10.7584ms
Frame 1786 end
Average processing time of GrabImageRGBD(): 10.7567ms
Frame 1787 end
Average processing time of GrabImageRGBD(): 10.753ms
Frame 1788 end
Average processing time of GrabImageRGBD(): 10.7634ms
Frame 1789 end
Average processing time of GrabImageRGBD(): 10.7625ms
Frame 1790 end
Average processing time of GrabImageRGBD(): 10.7611ms
Frame 1791 end
Average processing time of GrabImageRGBD(): 10.7573ms
Frame 1792 end
Average processing time of GrabImageRGBD(): 10.7531ms
Frame 1793 end
Average processing time of GrabImageRGBD(): 10.7495ms
Frame 1794 end
Average processing time of GrabImageRGBD(): 10.7597ms
Frame 1795 end
Average processing time of GrabImageRGBD(): 10.7592ms
Frame 1796 end
Average processing time of GrabImageRGBD(): 10.7579ms
Frame 1797 end
Average processing time of GrabImageRGBD(): 10.7564ms
Frame 1798 end
Average processing time of GrabImageRGBD(): 10.7546ms
Frame 1799 end
Average processing time of GrabImageRGBD(): 10.7659ms
Frame 1800 end
Average processing time of GrabImageRGBD(): 10.765ms
Frame 1801 end
Average processing time of GrabImageRGBD(): 10.7611ms
Frame 1802 end
Average processing time of GrabImageRGBD(): 10.7593ms
Frame 1803 end
Average processing time of GrabImageRGBD(): 10.7573ms
Frame 1804 end
Average processing time of GrabImageRGBD(): 10.7532ms
Frame 1805 end
Average processing time of GrabImageRGBD(): 10.7641ms
Frame 1806 end
Average processing time of GrabImageRGBD(): 10.7633ms
Frame 1807 end
Average processing time of GrabImageRGBD(): 10.7611ms
Frame 1808 end
Average processing time of GrabImageRGBD(): 10.7597ms
Frame 1809 end
Average processing time of GrabImageRGBD(): 10.757ms
Frame 1810 end
Average processing time of GrabImageRGBD(): 10.7529ms
Frame 1811 end
Average processing time of GrabImageRGBD(): 10.7487ms
Frame 1812 end
Average processing time of GrabImageRGBD(): 10.7468ms
Frame 1813 end
Average processing time of GrabImageRGBD(): 10.7426ms
Frame 1814 end
Average processing time of GrabImageRGBD(): 10.7533ms
Frame 1815 end
Average processing time of GrabImageRGBD(): 10.7523ms
Frame 1816 end
Average processing time of GrabImageRGBD(): 10.7513ms
Frame 1817 end
Average processing time of GrabImageRGBD(): 10.7508ms
Frame 1818 end
Average processing time of GrabImageRGBD(): 10.7473ms
Frame 1819 end
Average processing time of GrabImageRGBD(): 10.7578ms
Frame 1820 end
Average processing time of GrabImageRGBD(): 10.7568ms
Frame 1821 end
Average processing time of GrabImageRGBD(): 10.7552ms
Frame 1822 end
Average processing time of GrabImageRGBD(): 10.7528ms
Frame 1823 end
Average processing time of GrabImageRGBD(): 10.749ms
Frame 1824 end
Average processing time of GrabImageRGBD(): 10.7471ms
Frame 1825 end
Average processing time of GrabImageRGBD(): 10.7582ms
Frame 1826 end
Average processing time of GrabImageRGBD(): 10.7582ms
Frame 1827 end
Average processing time of GrabImageRGBD(): 10.7576ms
Frame 1828 end
Average processing time of GrabImageRGBD(): 10.7549ms
Frame 1829 end
Average processing time of GrabImageRGBD(): 10.7541ms
Frame 1830 end
Average processing time of GrabImageRGBD(): 10.7512ms
Frame 1831 end
Average processing time of GrabImageRGBD(): 10.7473ms
Frame 1832 end
Average processing time of GrabImageRGBD(): 10.7464ms
Frame 1833 end
Average processing time of GrabImageRGBD(): 10.7454ms
Frame 1834 end
Average processing time of GrabImageRGBD(): 10.7443ms
Frame 1835 end
Average processing time of GrabImageRGBD(): 10.7554ms
Frame 1836 end
Average processing time of GrabImageRGBD(): 10.7537ms
Frame 1837 end
Average processing time of GrabImageRGBD(): 10.7517ms
Frame 1838 end
Average processing time of GrabImageRGBD(): 10.7498ms
Frame 1839 end
Average processing time of GrabImageRGBD(): 10.748ms
Frame 1840 end
Average processing time of GrabImageRGBD(): 10.7632ms
Frame 1841 end
Average processing time of GrabImageRGBD(): 10.7626ms
Frame 1842 end
Average processing time of GrabImageRGBD(): 10.7595ms
Frame 1843 end
Average processing time of GrabImageRGBD(): 10.7569ms
Frame 1844 end
Average processing time of GrabImageRGBD(): 10.7668ms
Frame 1845 end
Average processing time of GrabImageRGBD(): 10.7665ms
Frame 1846 end
Average processing time of GrabImageRGBD(): 10.763ms
Frame 1847 end
Average processing time of GrabImageRGBD(): 10.7607ms
Frame 1848 end
Average processing time of GrabImageRGBD(): 10.7602ms
Frame 1849 end
Average processing time of GrabImageRGBD(): 10.7564ms
Frame 1850 end
Average processing time of GrabImageRGBD(): 10.7658ms
Frame 1851 end
Average processing time of GrabImageRGBD(): 10.7659ms
Frame 1852 end
Average processing time of GrabImageRGBD(): 10.7656ms
Frame 1853 end
Average processing time of GrabImageRGBD(): 10.7619ms
Frame 1854 end
Average processing time of GrabImageRGBD(): 10.7617ms
Frame 1855 end
Average processing time of GrabImageRGBD(): 10.7613ms
Frame 1856 end
Average processing time of GrabImageRGBD(): 10.7579ms
Frame 1857 end
Average processing time of GrabImageRGBD(): 10.7551ms
Frame 1858 end
Average processing time of GrabImageRGBD(): 10.7546ms
Frame 1859 end
Average processing time of GrabImageRGBD(): 10.754ms
Frame 1860 end
Average processing time of GrabImageRGBD(): 10.7533ms
Frame 1861 end
Average processing time of GrabImageRGBD(): 10.7526ms
Frame 1862 end
Average processing time of GrabImageRGBD(): 10.7529ms
Frame 1863 end
Average processing time of GrabImageRGBD(): 10.7512ms
Frame 1864 end
Average processing time of GrabImageRGBD(): 10.7619ms
Frame 1865 end
Average processing time of GrabImageRGBD(): 10.7602ms
Frame 1866 end
Average processing time of GrabImageRGBD(): 10.7587ms
Frame 1867 end
Average processing time of GrabImageRGBD(): 10.7548ms
Frame 1868 end
Average processing time of GrabImageRGBD(): 10.7521ms
Frame 1869 end
Average processing time of GrabImageRGBD(): 10.7493ms
Frame 1870 end
Average processing time of GrabImageRGBD(): 10.7474ms
Frame 1871 end
Average processing time of GrabImageRGBD(): 10.7435ms
Frame 1872 end
Average processing time of GrabImageRGBD(): 10.7394ms
Frame 1873 end
Average processing time of GrabImageRGBD(): 10.7495ms
Frame 1874 end
Average processing time of GrabImageRGBD(): 10.7492ms
Frame 1875 end
Average processing time of GrabImageRGBD(): 10.7457ms
Frame 1876 end
Average processing time of GrabImageRGBD(): 10.7565ms
Frame 1877 end
Average processing time of GrabImageRGBD(): 10.7544ms
Frame 1878 end
Average processing time of GrabImageRGBD(): 10.7538ms
Frame 1879 end
Average processing time of GrabImageRGBD(): 10.7502ms
Frame 1880 end
Average processing time of GrabImageRGBD(): 10.7609ms
Frame 1881 end
Average processing time of GrabImageRGBD(): 10.7586ms
Frame 1882 end
Average processing time of GrabImageRGBD(): 10.7583ms
Frame 1883 end
Average processing time of GrabImageRGBD(): 10.7551ms
Frame 1884 end
Average processing time of GrabImageRGBD(): 10.7646ms
Frame 1885 end
Average processing time of GrabImageRGBD(): 10.7629ms
Frame 1886 end
Average processing time of GrabImageRGBD(): 10.7597ms
Frame 1887 end
Average processing time of GrabImageRGBD(): 10.7588ms
Frame 1888 end
Average processing time of GrabImageRGBD(): 10.7733ms
Frame 1889 end
Average processing time of GrabImageRGBD(): 10.7733ms
Frame 1890 end
Average processing time of GrabImageRGBD(): 10.7696ms
Frame 1891 end
Average processing time of GrabImageRGBD(): 10.7681ms
Frame 1892 end
Average processing time of GrabImageRGBD(): 10.7781ms
Frame 1893 end
Average processing time of GrabImageRGBD(): 10.7783ms
Frame 1894 end
Average processing time of GrabImageRGBD(): 10.7768ms
Frame 1895 end
Average processing time of GrabImageRGBD(): 10.7741ms
Frame 1896 end
Average processing time of GrabImageRGBD(): 10.7845ms
Frame 1897 end
Average processing time of GrabImageRGBD(): 10.7843ms
Frame 1898 end
Average processing time of GrabImageRGBD(): 10.7831ms
Frame 1899 end
Average processing time of GrabImageRGBD(): 10.7798ms
Frame 1900 end
Average processing time of GrabImageRGBD(): 10.7932ms
Frame 1901 end
Average processing time of GrabImageRGBD(): 10.7896ms
Frame 1902 end
Average processing time of GrabImageRGBD(): 10.7884ms
Frame 1903 end
Average processing time of GrabImageRGBD(): 10.7846ms
Frame 1904 end
Average processing time of GrabImageRGBD(): 10.7806ms
Frame 1905 end
Average processing time of GrabImageRGBD(): 10.7904ms
Frame 1906 end
Average processing time of GrabImageRGBD(): 10.7898ms
Frame 1907 end
Average processing time of GrabImageRGBD(): 10.7859ms
Frame 1908 end
Average processing time of GrabImageRGBD(): 10.7834ms
Frame 1909 end
Average processing time of GrabImageRGBD(): 10.7812ms
Frame 1910 end
Average processing time of GrabImageRGBD(): 10.7902ms
Frame 1911 end
Average processing time of GrabImageRGBD(): 10.7904ms
Frame 1912 end
Average processing time of GrabImageRGBD(): 10.7893ms
Frame 1913 end
Average processing time of GrabImageRGBD(): 10.7875ms
Frame 1914 end
Average processing time of GrabImageRGBD(): 10.7854ms
Frame 1915 end
Average processing time of GrabImageRGBD(): 10.7831ms
Frame 1916 end
Average processing time of GrabImageRGBD(): 10.7956ms
Frame 1917 end
Average processing time of GrabImageRGBD(): 10.7949ms
Frame 1918 end
Average processing time of GrabImageRGBD(): 10.7934ms
Frame 1919 end
Average processing time of GrabImageRGBD(): 10.7896ms
Frame 1920 end
Average processing time of GrabImageRGBD(): 10.7874ms
Frame 1921 end
Average processing time of GrabImageRGBD(): 10.7849ms
Frame 1922 end
Average processing time of GrabImageRGBD(): 10.795ms
Frame 1923 end
Average processing time of GrabImageRGBD(): 10.7945ms
Frame 1924 end
Average processing time of GrabImageRGBD(): 10.793ms
Frame 1925 end
Average processing time of GrabImageRGBD(): 10.7913ms
Frame 1926 end
Average processing time of GrabImageRGBD(): 10.7893ms
Frame 1927 end
Average processing time of GrabImageRGBD(): 10.8006ms
Frame 1928 end
Average processing time of GrabImageRGBD(): 10.8001ms
Frame 1929 end
Average processing time of GrabImageRGBD(): 10.7973ms
Frame 1930 end
Average processing time of GrabImageRGBD(): 10.796ms
Frame 1931 end
Average processing time of GrabImageRGBD(): 10.8081ms
Frame 1932 end
Average processing time of GrabImageRGBD(): 10.8048ms
Frame 1933 end
Average processing time of GrabImageRGBD(): 10.8037ms
Frame 1934 end
Average processing time of GrabImageRGBD(): 10.8017ms
Frame 1935 end
Average processing time of GrabImageRGBD(): 10.8004ms
Frame 1936 end
Average processing time of GrabImageRGBD(): 10.8097ms
Frame 1937 end
Average processing time of GrabImageRGBD(): 10.8071ms
Frame 1938 end
Average processing time of GrabImageRGBD(): 10.8061ms
Frame 1939 end
Average processing time of GrabImageRGBD(): 10.8048ms
Frame 1940 end
Average processing time of GrabImageRGBD(): 10.801ms
Frame 1941 end
Average processing time of GrabImageRGBD(): 10.8115ms
Frame 1942 end
Average processing time of GrabImageRGBD(): 10.8111ms
Frame 1943 end
Average processing time of GrabImageRGBD(): 10.8084ms
Frame 1944 end
Average processing time of GrabImageRGBD(): 10.8045ms
Frame 1945 end
Average processing time of GrabImageRGBD(): 10.8021ms
Frame 1946 end
Average processing time of GrabImageRGBD(): 10.8123ms
Frame 1947 end
Average processing time of GrabImageRGBD(): 10.8095ms
Frame 1948 end
Average processing time of GrabImageRGBD(): 10.8074ms
Frame 1949 end
Average processing time of GrabImageRGBD(): 10.8061ms
Frame 1950 end
Average processing time of GrabImageRGBD(): 10.8043ms
Frame 1951 end
Average processing time of GrabImageRGBD(): 10.8016ms
Frame 1952 end
Average processing time of GrabImageRGBD(): 10.8116ms
Frame 1953 end
Average processing time of GrabImageRGBD(): 10.8111ms
Frame 1954 end
Average processing time of GrabImageRGBD(): 10.8095ms
Frame 1955 end
Average processing time of GrabImageRGBD(): 10.8077ms
Frame 1956 end
Average processing time of GrabImageRGBD(): 10.804ms
Frame 1957 end
Average processing time of GrabImageRGBD(): 10.8003ms
Frame 1958 end
Average processing time of GrabImageRGBD(): 10.8148ms
Frame 1959 end
Average processing time of GrabImageRGBD(): 10.8122ms
Frame 1960 end
Average processing time of GrabImageRGBD(): 10.8085ms
Frame 1961 end
Average processing time of GrabImageRGBD(): 10.8048ms
Frame 1962 end
Average processing time of GrabImageRGBD(): 10.8017ms
Frame 1963 end
Average processing time of GrabImageRGBD(): 10.799ms
Frame 1964 end
Average processing time of GrabImageRGBD(): 10.8099ms
Frame 1965 end
Average processing time of GrabImageRGBD(): 10.8101ms
Frame 1966 end
Average processing time of GrabImageRGBD(): 10.8086ms
Frame 1967 end
Average processing time of GrabImageRGBD(): 10.8049ms
Frame 1968 end
Average processing time of GrabImageRGBD(): 10.8031ms
Frame 1969 end
Average processing time of GrabImageRGBD(): 10.8012ms
Frame 1970 end
Average processing time of GrabImageRGBD(): 10.8122ms
Frame 1971 end
Average processing time of GrabImageRGBD(): 10.8127ms
Frame 1972 end
Average processing time of GrabImageRGBD(): 10.81ms
Frame 1973 end
Average processing time of GrabImageRGBD(): 10.8086ms
Frame 1974 end
Average processing time of GrabImageRGBD(): 10.8058ms
Frame 1975 end
Average processing time of GrabImageRGBD(): 10.8038ms
Frame 1976 end
Average processing time of GrabImageRGBD(): 10.8132ms
Frame 1977 end
Average processing time of GrabImageRGBD(): 10.8137ms
Frame 1978 end
Average processing time of GrabImageRGBD(): 10.8131ms
Frame 1979 end
Average processing time of GrabImageRGBD(): 10.8124ms
Frame 1980 end
Average processing time of GrabImageRGBD(): 10.8118ms
Frame 1981 end
Average processing time of GrabImageRGBD(): 10.8108ms
Frame 1982 end
Average processing time of GrabImageRGBD(): 10.8098ms
Frame 1983 end
Average processing time of GrabImageRGBD(): 10.8088ms
Frame 1984 end
Average processing time of GrabImageRGBD(): 10.8077ms
Frame 1985 end
Average processing time of GrabImageRGBD(): 10.8187ms
Frame 1986 end
Average processing time of GrabImageRGBD(): 10.8186ms
Frame 1987 end
Average processing time of GrabImageRGBD(): 10.817ms
Frame 1988 end
Average processing time of GrabImageRGBD(): 10.8163ms
Frame 1989 end
Average processing time of GrabImageRGBD(): 10.815ms
Frame 1990 end
Average processing time of GrabImageRGBD(): 10.826ms
Frame 1991 end
Average processing time of GrabImageRGBD(): 10.8275ms
Frame 1992 end
Average processing time of GrabImageRGBD(): 10.8261ms
Frame 1993 end
Average processing time of GrabImageRGBD(): 10.8261ms
Frame 1994 end
Average processing time of GrabImageRGBD(): 10.8263ms
Frame 1995 end
Average processing time of GrabImageRGBD(): 10.8257ms
Frame 1996 end
Average processing time of GrabImageRGBD(): 10.8219ms
Frame 1997 end
Average processing time of GrabImageRGBD(): 10.8183ms
Frame 1998 end
Average processing time of GrabImageRGBD(): 10.8285ms
Frame 1999 end
Average processing time of GrabImageRGBD(): 10.8278ms
Frame 2000 end
Average processing time of GrabImageRGBD(): 10.8243ms
Frame 2001 end
Average processing time of GrabImageRGBD(): 10.8228ms
Frame 2002 end
Average processing time of GrabImageRGBD(): 10.8223ms
Frame 2003 end
Average processing time of GrabImageRGBD(): 10.8334ms
Frame 2004 end
Average processing time of GrabImageRGBD(): 10.8304ms
Frame 2005 end
Average processing time of GrabImageRGBD(): 10.8301ms
Frame 2006 end
Average processing time of GrabImageRGBD(): 10.8267ms
Frame 2007 end
Average processing time of GrabImageRGBD(): 10.8255ms
Frame 2008 end
Average processing time of GrabImageRGBD(): 10.8367ms
Frame 2009 end
Average processing time of GrabImageRGBD(): 10.8367ms
Frame 2010 end
Average processing time of GrabImageRGBD(): 10.8364ms
Frame 2011 end
Average processing time of GrabImageRGBD(): 10.8358ms
Frame 2012 end
Average processing time of GrabImageRGBD(): 10.8323ms
Frame 2013 end
Average processing time of GrabImageRGBD(): 10.8329ms
Frame 2014 end
Average processing time of GrabImageRGBD(): 10.8438ms
Frame 2015 end
Average processing time of GrabImageRGBD(): 10.844ms
Frame 2016 end
Average processing time of GrabImageRGBD(): 10.8423ms
Frame 2017 end
Average processing time of GrabImageRGBD(): 10.8421ms
Frame 2018 end
Average processing time of GrabImageRGBD(): 10.8394ms
Frame 2019 end
Average processing time of GrabImageRGBD(): 10.838ms
Frame 2020 end
Average processing time of GrabImageRGBD(): 10.8372ms
Frame 2021 end
Average processing time of GrabImageRGBD(): 10.8356ms
Frame 2022 end
Average processing time of GrabImageRGBD(): 10.835ms
Frame 2023 end
Average processing time of GrabImageRGBD(): 10.8344ms
Frame 2024 end
Average processing time of GrabImageRGBD(): 10.8336ms
Frame 2025 end
Average processing time of GrabImageRGBD(): 10.8328ms
Frame 2026 end
Average processing time of GrabImageRGBD(): 10.8436ms
Frame 2027 end
Average processing time of GrabImageRGBD(): 10.843ms
Frame 2028 end
Average processing time of GrabImageRGBD(): 10.8428ms
Frame 2029 end
Average processing time of GrabImageRGBD(): 10.8417ms
Frame 2030 end
Average processing time of GrabImageRGBD(): 10.8384ms
Frame 2031 end
Average processing time of GrabImageRGBD(): 10.8498ms
Frame 2032 end
Average processing time of GrabImageRGBD(): 10.8494ms
Frame 2033 end
Average processing time of GrabImageRGBD(): 10.8484ms
Frame 2034 end
Average processing time of GrabImageRGBD(): 10.8454ms
Frame 2035 end
Average processing time of GrabImageRGBD(): 10.8435ms
Frame 2036 end
Average processing time of GrabImageRGBD(): 10.8552ms
Frame 2037 end
Average processing time of GrabImageRGBD(): 10.855ms
Frame 2038 end
Average processing time of GrabImageRGBD(): 10.8522ms
Frame 2039 end
Average processing time of GrabImageRGBD(): 10.8499ms
Frame 2040 end
Average processing time of GrabImageRGBD(): 10.8462ms
Frame 2041 end
Average processing time of GrabImageRGBD(): 10.8426ms
Frame 2042 end
Average processing time of GrabImageRGBD(): 10.8518ms
Frame 2043 end
Average processing time of GrabImageRGBD(): 10.8521ms
Frame 2044 end
Average processing time of GrabImageRGBD(): 10.8485ms
Frame 2045 end
Average processing time of GrabImageRGBD(): 10.848ms
Frame 2046 end
Average processing time of GrabImageRGBD(): 10.8475ms
Frame 2047 end
Average processing time of GrabImageRGBD(): 10.8469ms
Frame 2048 end
Average processing time of GrabImageRGBD(): 10.8433ms
Frame 2049 end
Average processing time of GrabImageRGBD(): 10.8407ms
Frame 2050 end
Average processing time of GrabImageRGBD(): 10.84ms
Frame 2051 end
Average processing time of GrabImageRGBD(): 10.8385ms
Frame 2052 end
Average processing time of GrabImageRGBD(): 10.8378ms
Frame 2053 end
Average processing time of GrabImageRGBD(): 10.8372ms
Frame 2054 end
Average processing time of GrabImageRGBD(): 10.8364ms
Frame 2055 end
Average processing time of GrabImageRGBD(): 10.8347ms
Frame 2056 end
Average processing time of GrabImageRGBD(): 10.8338ms
Frame 2057 end
Average processing time of GrabImageRGBD(): 10.8328ms
Frame 2058 end
Average processing time of GrabImageRGBD(): 10.8414ms
Frame 2059 end
Average processing time of GrabImageRGBD(): 10.8395ms
Frame 2060 end
Average processing time of GrabImageRGBD(): 10.8378ms
Frame 2061 end
Average processing time of GrabImageRGBD(): 10.8367ms
Frame 2062 end
Average processing time of GrabImageRGBD(): 10.836ms
Frame 2063 end
Average processing time of GrabImageRGBD(): 10.8344ms
Frame 2064 end
Average processing time of GrabImageRGBD(): 10.8333ms
Frame 2065 end
Average processing time of GrabImageRGBD(): 10.8434ms
Frame 2066 end
Average processing time of GrabImageRGBD(): 10.8409ms
Frame 2067 end
Average processing time of GrabImageRGBD(): 10.8397ms
Frame 2068 end
Average processing time of GrabImageRGBD(): 10.8366ms
Frame 2069 end
Average processing time of GrabImageRGBD(): 10.8351ms
Frame 2070 end
Average processing time of GrabImageRGBD(): 10.8314ms
Frame 2071 end
Average processing time of GrabImageRGBD(): 10.8304ms
Frame 2072 end
Average processing time of GrabImageRGBD(): 10.84ms
Frame 2073 end
Average processing time of GrabImageRGBD(): 10.8386ms
Frame 2074 end
Average processing time of GrabImageRGBD(): 10.835ms
Frame 2075 end
Average processing time of GrabImageRGBD(): 10.8339ms
Frame 2076 end
Average processing time of GrabImageRGBD(): 10.8327ms
Frame 2077 end
Average processing time of GrabImageRGBD(): 10.8316ms
Frame 2078 end
Average processing time of GrabImageRGBD(): 10.8301ms
Frame 2079 end
Average processing time of GrabImageRGBD(): 10.8413ms
Frame 2080 end
Average processing time of GrabImageRGBD(): 10.843ms
Frame 2081 end
Average processing time of GrabImageRGBD(): 10.8405ms
Frame 2082 end
Average processing time of GrabImageRGBD(): 10.8365ms
Frame 2083 end
Average processing time of GrabImageRGBD(): 10.8337ms
Frame 2084 end
Average processing time of GrabImageRGBD(): 10.8299ms
Frame 2085 end
Average processing time of GrabImageRGBD(): 10.8428ms
Frame 2086 end
Average processing time of GrabImageRGBD(): 10.8406ms
Frame 2087 end
Average processing time of GrabImageRGBD(): 10.8375ms
Frame 2088 end
Average processing time of GrabImageRGBD(): 10.8361ms
Frame 2089 end
Average processing time of GrabImageRGBD(): 10.8353ms
Frame 2090 end
Average processing time of GrabImageRGBD(): 10.8317ms
Frame 2091 end
Average processing time of GrabImageRGBD(): 10.8413ms
Frame 2092 end
Average processing time of GrabImageRGBD(): 10.8391ms
Frame 2093 end
Average processing time of GrabImageRGBD(): 10.8367ms
Frame 2094 end
Average processing time of GrabImageRGBD(): 10.8333ms
Frame 2095 end
Average processing time of GrabImageRGBD(): 10.8318ms
Frame 2096 end
Average processing time of GrabImageRGBD(): 10.8285ms
Frame 2097 end
Average processing time of GrabImageRGBD(): 10.8396ms
Frame 2098 end
Average processing time of GrabImageRGBD(): 10.8373ms
Frame 2099 end
Average processing time of GrabImageRGBD(): 10.836ms
Frame 2100 end
Average processing time of GrabImageRGBD(): 10.8339ms
Frame 2101 end
Average processing time of GrabImageRGBD(): 10.8305ms
Frame 2102 end
Average processing time of GrabImageRGBD(): 10.8268ms
Frame 2103 end
Average processing time of GrabImageRGBD(): 10.8361ms
Frame 2104 end
Average processing time of GrabImageRGBD(): 10.8344ms
Frame 2105 end
Average processing time of GrabImageRGBD(): 10.8327ms
Frame 2106 end
Average processing time of GrabImageRGBD(): 10.8308ms
Frame 2107 end
Average processing time of GrabImageRGBD(): 10.8295ms
Frame 2108 end
Average processing time of GrabImageRGBD(): 10.8383ms
Frame 2109 end
Average processing time of GrabImageRGBD(): 10.8374ms
Frame 2110 end
Average processing time of GrabImageRGBD(): 10.834ms
Frame 2111 end
Average processing time of GrabImageRGBD(): 10.833ms
Frame 2112 end
Average processing time of GrabImageRGBD(): 10.832ms
Frame 2113 end
Average processing time of GrabImageRGBD(): 10.8424ms
Frame 2114 end
Average processing time of GrabImageRGBD(): 10.8401ms
Frame 2115 end
Average processing time of GrabImageRGBD(): 10.8368ms
Frame 2116 end
Average processing time of GrabImageRGBD(): 10.8362ms
Frame 2117 end
Average processing time of GrabImageRGBD(): 10.8355ms
Frame 2118 end
Average processing time of GrabImageRGBD(): 10.845ms
Frame 2119 end
Average processing time of GrabImageRGBD(): 10.8451ms
Frame 2120 end
Average processing time of GrabImageRGBD(): 10.8431ms
Frame 2121 end
Average processing time of GrabImageRGBD(): 10.8417ms
Frame 2122 end
Average processing time of GrabImageRGBD(): 10.8399ms
Frame 2123 end
Average processing time of GrabImageRGBD(): 10.8367ms
Frame 2124 end
Average processing time of GrabImageRGBD(): 10.8456ms
Frame 2125 end
Average processing time of GrabImageRGBD(): 10.8458ms
Frame 2126 end
Average processing time of GrabImageRGBD(): 10.8425ms
Frame 2127 end
Average processing time of GrabImageRGBD(): 10.841ms
Frame 2128 end
Average processing time of GrabImageRGBD(): 10.8381ms
Frame 2129 end
Average processing time of GrabImageRGBD(): 10.8348ms
Frame 2130 end
Average processing time of GrabImageRGBD(): 10.8451ms
Frame 2131 end
Average processing time of GrabImageRGBD(): 10.845ms
Frame 2132 end
Average processing time of GrabImageRGBD(): 10.8444ms
Frame 2133 end
Average processing time of GrabImageRGBD(): 10.8454ms
Frame 2134 end
Average processing time of GrabImageRGBD(): 10.8446ms
Frame 2135 end
Average processing time of GrabImageRGBD(): 10.8422ms
Frame 2136 end
Average processing time of GrabImageRGBD(): 10.8526ms
Frame 2137 end
Average processing time of GrabImageRGBD(): 10.8517ms
Frame 2138 end
Average processing time of GrabImageRGBD(): 10.85ms
Frame 2139 end
Average processing time of GrabImageRGBD(): 10.8488ms
Frame 2140 end
Average processing time of GrabImageRGBD(): 10.8453ms
Frame 2141 end
Average processing time of GrabImageRGBD(): 10.8432ms
Frame 2142 end
Average processing time of GrabImageRGBD(): 10.8396ms
Frame 2143 end
Average processing time of GrabImageRGBD(): 10.8491ms
Frame 2144 end
Average processing time of GrabImageRGBD(): 10.8461ms
Frame 2145 end
Average processing time of GrabImageRGBD(): 10.8454ms
Frame 2146 end
Average processing time of GrabImageRGBD(): 10.8446ms
Frame 2147 end
Average processing time of GrabImageRGBD(): 10.8436ms
Frame 2148 end
Average processing time of GrabImageRGBD(): 10.8411ms
Frame 2149 end
Average processing time of GrabImageRGBD(): 10.8408ms
Frame 2150 end
Average processing time of GrabImageRGBD(): 10.8398ms
Frame 2151 end
Average processing time of GrabImageRGBD(): 10.8363ms
Frame 2152 end
Average processing time of GrabImageRGBD(): 10.8353ms
Frame 2153 end
Average processing time of GrabImageRGBD(): 10.8338ms
Frame 2154 end
Average processing time of GrabImageRGBD(): 10.8437ms
Frame 2155 end
Average processing time of GrabImageRGBD(): 10.8413ms
Frame 2156 end
Average processing time of GrabImageRGBD(): 10.838ms
Frame 2157 end
Average processing time of GrabImageRGBD(): 10.8346ms
Frame 2158 end
Average processing time of GrabImageRGBD(): 10.8329ms
Frame 2159 end
Average processing time of GrabImageRGBD(): 10.8311ms
Frame 2160 end
Average processing time of GrabImageRGBD(): 10.8413ms
Frame 2161 end
Average processing time of GrabImageRGBD(): 10.842ms
Frame 2162 end
Average processing time of GrabImageRGBD(): 10.8416ms
Frame 2163 end
Average processing time of GrabImageRGBD(): 10.8417ms
Frame 2164 end
Average processing time of GrabImageRGBD(): 10.8413ms
Frame 2165 end
Average processing time of GrabImageRGBD(): 10.8407ms
Frame 2166 end
Average processing time of GrabImageRGBD(): 10.8404ms
Frame 2167 end
Average processing time of GrabImageRGBD(): 10.8399ms
Frame 2168 end
Average processing time of GrabImageRGBD(): 10.8365ms
Frame 2169 end
Average processing time of GrabImageRGBD(): 10.8361ms
Frame 2170 end
Average processing time of GrabImageRGBD(): 10.8356ms
Frame 2171 end
Average processing time of GrabImageRGBD(): 10.8335ms
Frame 2172 end
Average processing time of GrabImageRGBD(): 10.8309ms
Frame 2173 end
Average processing time of GrabImageRGBD(): 10.8277ms
Frame 2174 end
Average processing time of GrabImageRGBD(): 10.8268ms
Frame 2175 end
Average processing time of GrabImageRGBD(): 10.8261ms
Frame 2176 end
Average processing time of GrabImageRGBD(): 10.8227ms
Frame 2177 end
Average processing time of GrabImageRGBD(): 10.82ms
Frame 2178 end
Average processing time of GrabImageRGBD(): 10.8194ms
Frame 2179 end
Average processing time of GrabImageRGBD(): 10.817ms
Frame 2180 end
Average processing time of GrabImageRGBD(): 10.8163ms
Frame 2181 end
Average processing time of GrabImageRGBD(): 10.8138ms
Frame 2182 end
Average processing time of GrabImageRGBD(): 10.8115ms
Frame 2183 end
Average processing time of GrabImageRGBD(): 10.8082ms
Frame 2184 end
Average processing time of GrabImageRGBD(): 10.8181ms
Frame 2185 end
Average processing time of GrabImageRGBD(): 10.8162ms
Frame 2186 end
Average processing time of GrabImageRGBD(): 10.8146ms
Frame 2187 end
Average processing time of GrabImageRGBD(): 10.814ms
Frame 2188 end
Average processing time of GrabImageRGBD(): 10.8124ms
Frame 2189 end
Average processing time of GrabImageRGBD(): 10.8219ms
Frame 2190 end
Average processing time of GrabImageRGBD(): 10.8205ms
Frame 2191 end
Average processing time of GrabImageRGBD(): 10.8173ms
Frame 2192 end
Average processing time of GrabImageRGBD(): 10.8168ms
Frame 2193 end
Average processing time of GrabImageRGBD(): 10.8136ms
Frame 2194 end
Average processing time of GrabImageRGBD(): 10.8119ms
Frame 2195 end
Average processing time of GrabImageRGBD(): 10.8112ms
Frame 2196 end
Average processing time of GrabImageRGBD(): 10.8201ms
Frame 2197 end
Average processing time of GrabImageRGBD(): 10.8206ms
Frame 2198 end
Average processing time of GrabImageRGBD(): 10.8192ms
Frame 2199 end
Average processing time of GrabImageRGBD(): 10.817ms
Frame 2200 end
Average processing time of GrabImageRGBD(): 10.8153ms
Frame 2201 end
Average processing time of GrabImageRGBD(): 10.8156ms
Frame 2202 end
Average processing time of GrabImageRGBD(): 10.8138ms
Frame 2203 end
Average processing time of GrabImageRGBD(): 10.8126ms
Frame 2204 end
Average processing time of GrabImageRGBD(): 10.8093ms
Frame 2205 end
Average processing time of GrabImageRGBD(): 10.8089ms
Frame 2206 end
Average processing time of GrabImageRGBD(): 10.8067ms
Frame 2207 end
Average processing time of GrabImageRGBD(): 10.817ms
Frame 2208 end
Average processing time of GrabImageRGBD(): 10.8171ms
Frame 2209 end
Average processing time of GrabImageRGBD(): 10.8138ms
Frame 2210 end
Average processing time of GrabImageRGBD(): 10.8142ms
Frame 2211 end
Average processing time of GrabImageRGBD(): 10.8133ms
Frame 2212 end
Average processing time of GrabImageRGBD(): 10.8124ms
Frame 2213 end
Average processing time of GrabImageRGBD(): 10.8246ms
Frame 2214 end
Average processing time of GrabImageRGBD(): 10.8242ms
Frame 2215 end
Average processing time of GrabImageRGBD(): 10.8231ms
Frame 2216 end
Average processing time of GrabImageRGBD(): 10.8227ms
Frame 2217 end
Average processing time of GrabImageRGBD(): 10.8219ms
Frame 2218 end
Average processing time of GrabImageRGBD(): 10.8212ms
Frame 2219 end
Average processing time of GrabImageRGBD(): 10.8309ms
Frame 2220 end
Average processing time of GrabImageRGBD(): 10.8327ms
Frame 2221 end
Average processing time of GrabImageRGBD(): 10.8325ms
Frame 2222 end
Average processing time of GrabImageRGBD(): 10.8323ms
Frame 2223 end
Average processing time of GrabImageRGBD(): 10.8295ms
Frame 2224 end
Average processing time of GrabImageRGBD(): 10.8264ms
Frame 2225 end
Average processing time of GrabImageRGBD(): 10.8454ms
Frame 2226 end
Average processing time of GrabImageRGBD(): 10.8433ms
Frame 2227 end
Average processing time of GrabImageRGBD(): 10.8427ms
Frame 2228 end
Average processing time of GrabImageRGBD(): 10.8413ms
Frame 2229 end
Average processing time of GrabImageRGBD(): 10.8392ms
Frame 2230 end
Average processing time of GrabImageRGBD(): 10.8384ms
Frame 2231 end
Average processing time of GrabImageRGBD(): 10.8371ms
Frame 2232 end
Average processing time of GrabImageRGBD(): 10.8459ms
Frame 2233 end
Average processing time of GrabImageRGBD(): 10.8432ms
Frame 2234 end
Average processing time of GrabImageRGBD(): 10.8401ms
Frame 2235 end
Average processing time of GrabImageRGBD(): 10.8368ms
Frame 2236 end
Average processing time of GrabImageRGBD(): 10.8336ms
Frame 2237 end
Average processing time of GrabImageRGBD(): 10.8304ms
Frame 2238 end
Average processing time of GrabImageRGBD(): 10.8287ms
Frame 2239 end
Average processing time of GrabImageRGBD(): 10.8403ms
Frame 2240 end
Average processing time of GrabImageRGBD(): 10.8404ms
Frame 2241 end
Average processing time of GrabImageRGBD(): 10.8383ms
Frame 2242 end
Average processing time of GrabImageRGBD(): 10.8352ms
Frame 2243 end
Average processing time of GrabImageRGBD(): 10.8321ms
Frame 2244 end
Average processing time of GrabImageRGBD(): 10.8311ms
Frame 2245 end
Average processing time of GrabImageRGBD(): 10.8284ms
Frame 2246 end
Average processing time of GrabImageRGBD(): 10.8257ms
Frame 2247 end
Average processing time of GrabImageRGBD(): 10.8341ms
Frame 2248 end
Average processing time of GrabImageRGBD(): 10.8336ms
Frame 2249 end
Average processing time of GrabImageRGBD(): 10.834ms
Frame 2250 end
Average processing time of GrabImageRGBD(): 10.8323ms
Frame 2251 end
Average processing time of GrabImageRGBD(): 10.8289ms
Frame 2252 end
Average processing time of GrabImageRGBD(): 10.8264ms
Frame 2253 end
Average processing time of GrabImageRGBD(): 10.8359ms
Frame 2254 end
Average processing time of GrabImageRGBD(): 10.8361ms
Frame 2255 end
Average processing time of GrabImageRGBD(): 10.8476ms
Frame 2256 end
Average processing time of GrabImageRGBD(): 10.8475ms
Frame 2257 end
Average processing time of GrabImageRGBD(): 10.8461ms
Frame 2258 end
Average processing time of GrabImageRGBD(): 10.8448ms
Frame 2259 end
Average processing time of GrabImageRGBD(): 10.8443ms
Frame 2260 end
Average processing time of GrabImageRGBD(): 10.843ms
Frame 2261 end
Average processing time of GrabImageRGBD(): 10.8413ms
Frame 2262 end
Average processing time of GrabImageRGBD(): 10.8395ms
Frame 2263 end
Average processing time of GrabImageRGBD(): 10.8374ms
Frame 2264 end
Average processing time of GrabImageRGBD(): 10.8342ms
Frame 2265 end
Average processing time of GrabImageRGBD(): 10.8452ms
Frame 2266 end
Average processing time of GrabImageRGBD(): 10.8442ms
Frame 2267 end
Average processing time of GrabImageRGBD(): 10.8569ms
Frame 2268 end
Average processing time of GrabImageRGBD(): 10.8581ms
Frame 2269 end
Average processing time of GrabImageRGBD(): 10.8669ms
Frame 2270 end
Average processing time of GrabImageRGBD(): 10.8656ms
Frame 2271 end
Average processing time of GrabImageRGBD(): 10.8636ms
Frame 2272 end
Average processing time of GrabImageRGBD(): 10.8604ms
Frame 2273 end
Average processing time of GrabImageRGBD(): 10.8587ms
Frame 2274 end
Average processing time of GrabImageRGBD(): 10.8572ms
Frame 2275 end
Average processing time of GrabImageRGBD(): 10.8562ms
Frame 2276 end
Average processing time of GrabImageRGBD(): 10.8543ms
Frame 2277 end
Average processing time of GrabImageRGBD(): 10.8526ms
Frame 2278 end
Average processing time of GrabImageRGBD(): 10.8611ms
Frame 2279 end
Average processing time of GrabImageRGBD(): 10.8752ms
Frame 2280 end
Average processing time of GrabImageRGBD(): 10.8851ms
Frame 2281 end
Average processing time of GrabImageRGBD(): 10.8831ms
Frame 2282 end
Average processing time of GrabImageRGBD(): 10.8815ms
Frame 2283 end
Average processing time of GrabImageRGBD(): 10.8785ms
Frame 2284 end
Average processing time of GrabImageRGBD(): 10.8883ms
Frame 2285 end
Average processing time of GrabImageRGBD(): 10.8867ms
Frame 2286 end
Average processing time of GrabImageRGBD(): 10.8953ms
Frame 2287 end
Average processing time of GrabImageRGBD(): 10.9092ms
Frame 2288 end
Average processing time of GrabImageRGBD(): 10.9078ms
Frame 2289 end
Average processing time of GrabImageRGBD(): 10.9167ms
Frame 2290 end
Average processing time of GrabImageRGBD(): 10.9155ms
Frame 2291 end
Average processing time of GrabImageRGBD(): 10.9264ms
Frame 2292 end
Average processing time of GrabImageRGBD(): 10.94ms
Frame 2293 end
Average processing time of GrabImageRGBD(): 10.939ms
Frame 2294 end
Average processing time of GrabImageRGBD(): 10.9357ms
Frame 2295 end
Average processing time of GrabImageRGBD(): 10.934ms
Frame 2296 end
Average processing time of GrabImageRGBD(): 10.9316ms
Frame 2297 end
Average processing time of GrabImageRGBD(): 10.9287ms
Frame 2298 end
Average processing time of GrabImageRGBD(): 10.9386ms
Frame 2299 end
Average processing time of GrabImageRGBD(): 10.9377ms
Frame 2300 end
Average processing time of GrabImageRGBD(): 10.9359ms
Frame 2301 end
Average processing time of GrabImageRGBD(): 10.9339ms
Frame 2302 end
Average processing time of GrabImageRGBD(): 10.9319ms
Frame 2303 end
Average processing time of GrabImageRGBD(): 10.9292ms
Frame 2304 end
Average processing time of GrabImageRGBD(): 10.9378ms
Frame 2305 end
Average processing time of GrabImageRGBD(): 10.9378ms
Frame 2306 end
Average processing time of GrabImageRGBD(): 10.9371ms
Frame 2307 end
Average processing time of GrabImageRGBD(): 10.934ms
Frame 2308 end
Average processing time of GrabImageRGBD(): 10.9308ms
Frame 2309 end
Average processing time of GrabImageRGBD(): 10.9298ms
Frame 2310 end
Average processing time of GrabImageRGBD(): 10.9386ms
Frame 2311 end
Average processing time of GrabImageRGBD(): 10.9365ms
Frame 2312 end
Average processing time of GrabImageRGBD(): 10.9369ms
Frame 2313 end
Average processing time of GrabImageRGBD(): 10.9337ms
Frame 2314 end
Average processing time of GrabImageRGBD(): 10.9325ms
Frame 2315 end
Average processing time of GrabImageRGBD(): 10.9309ms
Frame 2316 end
Average processing time of GrabImageRGBD(): 10.9388ms
Frame 2317 end
Average processing time of GrabImageRGBD(): 10.9373ms
Frame 2318 end
Average processing time of GrabImageRGBD(): 10.9361ms
Frame 2319 end
Average processing time of GrabImageRGBD(): 10.9347ms
Frame 2320 end
Average processing time of GrabImageRGBD(): 10.9334ms
Frame 2321 end
Average processing time of GrabImageRGBD(): 10.9314ms
Frame 2322 end
Average processing time of GrabImageRGBD(): 10.9406ms
Frame 2323 end
Average processing time of GrabImageRGBD(): 10.9379ms
Frame 2324 end
Average processing time of GrabImageRGBD(): 10.937ms
Frame 2325 end
Average processing time of GrabImageRGBD(): 10.9345ms
Frame 2326 end
Average processing time of GrabImageRGBD(): 10.9328ms
Frame 2327 end
Average processing time of GrabImageRGBD(): 10.9295ms
Frame 2328 end
Average processing time of GrabImageRGBD(): 10.939ms
Frame 2329 end
Average processing time of GrabImageRGBD(): 10.9364ms
Frame 2330 end
Average processing time of GrabImageRGBD(): 10.9354ms
Frame 2331 end
Average processing time of GrabImageRGBD(): 10.9344ms
Frame 2332 end
Average processing time of GrabImageRGBD(): 10.9334ms
Frame 2333 end
Average processing time of GrabImageRGBD(): 10.9303ms
Frame 2334 end
Average processing time of GrabImageRGBD(): 10.9289ms
Frame 2335 end
Average processing time of GrabImageRGBD(): 10.9376ms
Frame 2336 end
Average processing time of GrabImageRGBD(): 10.9354ms
Frame 2337 end
Average processing time of GrabImageRGBD(): 10.9346ms
Frame 2338 end
Average processing time of GrabImageRGBD(): 10.9315ms
Frame 2339 end
Average processing time of GrabImageRGBD(): 10.9295ms
Frame 2340 end
Average processing time of GrabImageRGBD(): 10.9381ms
Frame 2341 end
Average processing time of GrabImageRGBD(): 10.9352ms
Frame 2342 end
Average processing time of GrabImageRGBD(): 10.9337ms
Frame 2343 end
Average processing time of GrabImageRGBD(): 10.9306ms
Frame 2344 end
Average processing time of GrabImageRGBD(): 10.929ms
Frame 2345 end
Average processing time of GrabImageRGBD(): 10.9256ms
Frame 2346 end
Average processing time of GrabImageRGBD(): 10.9327ms
Frame 2347 end
Average processing time of GrabImageRGBD(): 10.93ms
Frame 2348 end
Average processing time of GrabImageRGBD(): 10.9299ms
Frame 2349 end
Average processing time of GrabImageRGBD(): 10.9269ms
Frame 2350 end
Average processing time of GrabImageRGBD(): 10.9242ms
Frame 2351 end
Average processing time of GrabImageRGBD(): 10.9218ms
Frame 2352 end
Average processing time of GrabImageRGBD(): 10.9302ms
Frame 2353 end
Average processing time of GrabImageRGBD(): 10.9275ms
Frame 2354 end
Average processing time of GrabImageRGBD(): 10.9256ms
Frame 2355 end
Average processing time of GrabImageRGBD(): 10.9225ms
Frame 2356 end
Average processing time of GrabImageRGBD(): 10.9217ms
Frame 2357 end
Average processing time of GrabImageRGBD(): 10.9203ms
Frame 2358 end
Average processing time of GrabImageRGBD(): 10.928ms
Frame 2359 end
Average processing time of GrabImageRGBD(): 10.9283ms
Frame 2360 end
Average processing time of GrabImageRGBD(): 10.9268ms
Frame 2361 end
Average processing time of GrabImageRGBD(): 10.9239ms
Frame 2362 end
Average processing time of GrabImageRGBD(): 10.9214ms
Frame 2363 end
Average processing time of GrabImageRGBD(): 10.9183ms
Frame 2364 end
Average processing time of GrabImageRGBD(): 10.9152ms
Frame 2365 end
Average processing time of GrabImageRGBD(): 10.914ms
Frame 2366 end
Average processing time of GrabImageRGBD(): 10.9231ms
Frame 2367 end
Average processing time of GrabImageRGBD(): 10.9205ms
Frame 2368 end
Average processing time of GrabImageRGBD(): 10.92ms
Frame 2369 end
Average processing time of GrabImageRGBD(): 10.9169ms
Frame 2370 end
Average processing time of GrabImageRGBD(): 10.9143ms
Frame 2371 end
Average processing time of GrabImageRGBD(): 10.9145ms
Frame 2372 end
Average processing time of GrabImageRGBD(): 10.9114ms
Frame 2373 end
Average processing time of GrabImageRGBD(): 10.9203ms
Frame 2374 end
Average processing time of GrabImageRGBD(): 10.9176ms
Frame 2375 end
Average processing time of GrabImageRGBD(): 10.9175ms
Frame 2376 end
Average processing time of GrabImageRGBD(): 10.9159ms
Frame 2377 end
Average processing time of GrabImageRGBD(): 10.9145ms
Frame 2378 end
Average processing time of GrabImageRGBD(): 10.9115ms
Frame 2379 end
Average processing time of GrabImageRGBD(): 10.9105ms
Frame 2380 end
Average processing time of GrabImageRGBD(): 10.9096ms
Frame 2381 end
Average processing time of GrabImageRGBD(): 10.9091ms
Frame 2382 end
Average processing time of GrabImageRGBD(): 10.917ms
Frame 2383 end
Average processing time of GrabImageRGBD(): 10.9145ms
Frame 2384 end
Average processing time of GrabImageRGBD(): 10.9133ms
Frame 2385 end
Average processing time of GrabImageRGBD(): 10.9131ms
Frame 2386 end
Average processing time of GrabImageRGBD(): 10.9119ms
Frame 2387 end
Average processing time of GrabImageRGBD(): 10.9112ms
Frame 2388 end
Average processing time of GrabImageRGBD(): 10.9081ms
Frame 2389 end
Average processing time of GrabImageRGBD(): 10.9056ms
Frame 2390 end
Average processing time of GrabImageRGBD(): 10.9024ms
Frame 2391 end
Average processing time of GrabImageRGBD(): 10.912ms
Frame 2392 end
Average processing time of GrabImageRGBD(): 10.911ms
Frame 2393 end
Average processing time of GrabImageRGBD(): 10.9098ms
Frame 2394 end
Average processing time of GrabImageRGBD(): 10.9066ms
Frame 2395 end
Average processing time of GrabImageRGBD(): 10.9057ms
Frame 2396 end
Average processing time of GrabImageRGBD(): 10.914ms
Frame 2397 end
Average processing time of GrabImageRGBD(): 10.9132ms
Frame 2398 end
Average processing time of GrabImageRGBD(): 10.91ms
Frame 2399 end
Average processing time of GrabImageRGBD(): 10.9068ms
Frame 2400 end
Average processing time of GrabImageRGBD(): 10.9048ms
Frame 2401 end
Average processing time of GrabImageRGBD(): 10.9043ms
Frame 2402 end
Average processing time of GrabImageRGBD(): 10.9134ms
Frame 2403 end
Average processing time of GrabImageRGBD(): 10.9129ms
Frame 2404 end
Average processing time of GrabImageRGBD(): 10.91ms
Frame 2405 end
Average processing time of GrabImageRGBD(): 10.9098ms
Frame 2406 end
Average processing time of GrabImageRGBD(): 10.9067ms
Frame 2407 end
Average processing time of GrabImageRGBD(): 10.9039ms
Frame 2408 end
Average processing time of GrabImageRGBD(): 10.9006ms
Frame 2409 end
Average processing time of GrabImageRGBD(): 10.9088ms
Frame 2410 end
Average processing time of GrabImageRGBD(): 10.9072ms
Frame 2411 end
Average processing time of GrabImageRGBD(): 10.9046ms
Frame 2412 end
Average processing time of GrabImageRGBD(): 10.9027ms
Frame 2413 end
Average processing time of GrabImageRGBD(): 10.8997ms
Frame 2414 end
Average processing time of GrabImageRGBD(): 10.8966ms
Frame 2415 end
Average processing time of GrabImageRGBD(): 10.8952ms
Frame 2416 end
Average processing time of GrabImageRGBD(): 10.9036ms
Frame 2417 end
Average processing time of GrabImageRGBD(): 10.9025ms
Frame 2418 end
Average processing time of GrabImageRGBD(): 10.8995ms
Frame 2419 end
Average processing time of GrabImageRGBD(): 10.8997ms
Frame 2420 end
Average processing time of GrabImageRGBD(): 10.8966ms
Frame 2421 end
Average processing time of GrabImageRGBD(): 10.895ms
Frame 2422 end
Average processing time of GrabImageRGBD(): 10.9036ms
Frame 2423 end
Average processing time of GrabImageRGBD(): 10.9037ms
Frame 2424 end
Average processing time of GrabImageRGBD(): 10.9006ms
Frame 2425 end
Average processing time of GrabImageRGBD(): 10.8996ms
Frame 2426 end
Average processing time of GrabImageRGBD(): 10.8967ms
Frame 2427 end
Average processing time of GrabImageRGBD(): 10.8964ms
Frame 2428 end
Average processing time of GrabImageRGBD(): 10.8953ms
Frame 2429 end
Average processing time of GrabImageRGBD(): 10.9045ms
Frame 2430 end
Average processing time of GrabImageRGBD(): 10.9044ms
Frame 2431 end
Average processing time of GrabImageRGBD(): 10.9032ms
Frame 2432 end
Average processing time of GrabImageRGBD(): 10.9013ms
Frame 2433 end
Average processing time of GrabImageRGBD(): 10.9008ms
Frame 2434 end
Average processing time of GrabImageRGBD(): 10.899ms
Frame 2435 end
Average processing time of GrabImageRGBD(): 10.8957ms
Frame 2436 end
Average processing time of GrabImageRGBD(): 10.903ms
Frame 2437 end
Average processing time of GrabImageRGBD(): 10.9038ms
Frame 2438 end
Average processing time of GrabImageRGBD(): 10.9009ms
Frame 2439 end
Average processing time of GrabImageRGBD(): 10.9015ms
Frame 2440 end
Average processing time of GrabImageRGBD(): 10.8986ms
Frame 2441 end
Average processing time of GrabImageRGBD(): 10.8956ms
Frame 2442 end
Average processing time of GrabImageRGBD(): 10.8925ms
Frame 2443 end
Average processing time of GrabImageRGBD(): 10.8998ms
Frame 2444 end
Average processing time of GrabImageRGBD(): 10.8988ms
Frame 2445 end
Average processing time of GrabImageRGBD(): 10.8958ms
Frame 2446 end
Average processing time of GrabImageRGBD(): 10.8948ms
Frame 2447 end
Average processing time of GrabImageRGBD(): 10.8951ms
Frame 2448 end
Average processing time of GrabImageRGBD(): 10.8939ms
Frame 2449 end
Average processing time of GrabImageRGBD(): 10.8915ms
Frame 2450 end
Average processing time of GrabImageRGBD(): 10.8988ms
Frame 2451 end
Average processing time of GrabImageRGBD(): 10.8961ms
Frame 2452 end
Average processing time of GrabImageRGBD(): 10.8952ms
Frame 2453 end
Average processing time of GrabImageRGBD(): 10.8957ms
Frame 2454 end
Average processing time of GrabImageRGBD(): 10.8927ms
Frame 2455 end
Average processing time of GrabImageRGBD(): 10.8898ms
Frame 2456 end
Average processing time of GrabImageRGBD(): 10.8972ms
Frame 2457 end
Average processing time of GrabImageRGBD(): 10.896ms
Frame 2458 end
Average processing time of GrabImageRGBD(): 10.8941ms
Frame 2459 end
Average processing time of GrabImageRGBD(): 10.8915ms
Frame 2460 end
Average processing time of GrabImageRGBD(): 10.8901ms
Frame 2461 end
Average processing time of GrabImageRGBD(): 10.8883ms
Frame 2462 end
Average processing time of GrabImageRGBD(): 10.8962ms
Frame 2463 end
Average processing time of GrabImageRGBD(): 10.8959ms
Frame 2464 end
Average processing time of GrabImageRGBD(): 10.8934ms
Frame 2465 end
Average processing time of GrabImageRGBD(): 10.8936ms
Frame 2466 end
Average processing time of GrabImageRGBD(): 10.893ms
Frame 2467 end
Average processing time of GrabImageRGBD(): 10.8923ms
Frame 2468 end
Average processing time of GrabImageRGBD(): 10.8999ms
Frame 2469 end
Average processing time of GrabImageRGBD(): 10.901ms
Frame 2470 end
Average processing time of GrabImageRGBD(): 10.8997ms
Frame 2471 end
Average processing time of GrabImageRGBD(): 10.8989ms
Frame 2472 end
Average processing time of GrabImageRGBD(): 10.8967ms
Frame 2473 end
Average processing time of GrabImageRGBD(): 10.8936ms
Frame 2474 end
Average processing time of GrabImageRGBD(): 10.901ms
Frame 2475 end
Average processing time of GrabImageRGBD(): 10.8994ms
Frame 2476 end
Average processing time of GrabImageRGBD(): 10.8964ms
Frame 2477 end
Average processing time of GrabImageRGBD(): 10.8962ms
Frame 2478 end
Average processing time of GrabImageRGBD(): 10.8953ms
Frame 2479 end
Average processing time of GrabImageRGBD(): 10.8924ms
Frame 2480 end
Average processing time of GrabImageRGBD(): 10.9003ms
Frame 2481 end
Average processing time of GrabImageRGBD(): 10.9006ms
Frame 2482 end
Average processing time of GrabImageRGBD(): 10.8977ms
Frame 2483 end
Average processing time of GrabImageRGBD(): 10.8966ms
Frame 2484 end
Average processing time of GrabImageRGBD(): 10.8941ms
Frame 2485 end
Average processing time of GrabImageRGBD(): 10.8928ms
Frame 2486 end
Average processing time of GrabImageRGBD(): 10.9012ms
Frame 2487 end
Average processing time of GrabImageRGBD(): 10.9012ms
Frame 2488 end
Average processing time of GrabImageRGBD(): 10.9003ms
Frame 2489 end
Average processing time of GrabImageRGBD(): 10.8974ms
Frame 2490 end
Average processing time of GrabImageRGBD(): 10.8964ms
Frame 2491 end
Average processing time of GrabImageRGBD(): 10.8969ms
Frame 2492 end
Average processing time of GrabImageRGBD(): 10.8939ms
Frame 2493 end
Average processing time of GrabImageRGBD(): 10.9011ms
Frame 2494 end
Average processing time of GrabImageRGBD(): 10.9008ms
Frame 2495 end
Average processing time of GrabImageRGBD(): 10.8979ms
Frame 2496 end
Average processing time of GrabImageRGBD(): 10.8961ms
Frame 2497 end
Average processing time of GrabImageRGBD(): 10.8971ms
Frame 2498 end
Average processing time of GrabImageRGBD(): 10.8958ms
Frame 2499 end
Average processing time of GrabImageRGBD(): 10.8929ms
Frame 2500 end
Average processing time of GrabImageRGBD(): 10.8918ms
Frame 2501 end
Average processing time of GrabImageRGBD(): 10.8888ms
Frame 2502 end
Average processing time of GrabImageRGBD(): 10.8958ms
Frame 2503 end
Average processing time of GrabImageRGBD(): 10.8956ms
Frame 2504 end
Average processing time of GrabImageRGBD(): 10.8926ms
Frame 2505 end
Average processing time of GrabImageRGBD(): 10.8897ms
Frame 2506 end
Average processing time of GrabImageRGBD(): 10.8889ms
Frame 2507 end
Average processing time of GrabImageRGBD(): 10.8898ms
Frame 2508 end
Average processing time of GrabImageRGBD(): 10.8867ms
Frame 2509 end
Average processing time of GrabImageRGBD(): 10.8857ms
Frame 2510 end
Average processing time of GrabImageRGBD(): 10.8942ms
Frame 2511 end
Average processing time of GrabImageRGBD(): 10.8938ms
Frame 2512 end
Average processing time of GrabImageRGBD(): 10.893ms
Frame 2513 end
Average processing time of GrabImageRGBD(): 10.8921ms
Frame 2514 end
Average processing time of GrabImageRGBD(): 10.8893ms
Frame 2515 end
Average processing time of GrabImageRGBD(): 10.8863ms
Frame 2516 end
Average processing time of GrabImageRGBD(): 10.8849ms
Frame 2517 end
Average processing time of GrabImageRGBD(): 10.893ms
Frame 2518 end
Average processing time of GrabImageRGBD(): 10.8926ms
Frame 2519 end
Average processing time of GrabImageRGBD(): 10.8901ms
Frame 2520 end
Average processing time of GrabImageRGBD(): 10.889ms
Frame 2521 end
Average processing time of GrabImageRGBD(): 10.8862ms
Frame 2522 end
Average processing time of GrabImageRGBD(): 10.884ms
Frame 2523 end
Average processing time of GrabImageRGBD(): 10.8827ms
Frame 2524 end
Average processing time of GrabImageRGBD(): 10.8911ms
Frame 2525 end
Average processing time of GrabImageRGBD(): 10.891ms
Frame 2526 end
Average processing time of GrabImageRGBD(): 10.8897ms
Frame 2527 end
Average processing time of GrabImageRGBD(): 10.887ms
Frame 2528 end
Average processing time of GrabImageRGBD(): 10.8841ms
Frame 2529 end
Average processing time of GrabImageRGBD(): 10.8809ms
Frame 2530 end
Average processing time of GrabImageRGBD(): 10.8794ms
Frame 2531 end
Average processing time of GrabImageRGBD(): 10.8767ms
Frame 2532 end
Average processing time of GrabImageRGBD(): 10.8837ms
Frame 2533 end
Average processing time of GrabImageRGBD(): 10.884ms
Frame 2534 end
Average processing time of GrabImageRGBD(): 10.8835ms
Frame 2535 end
Average processing time of GrabImageRGBD(): 10.8829ms
Frame 2536 end
Average processing time of GrabImageRGBD(): 10.8825ms
Frame 2537 end
Average processing time of GrabImageRGBD(): 10.8817ms
Frame 2538 end
Average processing time of GrabImageRGBD(): 10.8806ms
Frame 2539 end
Average processing time of GrabImageRGBD(): 10.8796ms
Frame 2540 end
Average processing time of GrabImageRGBD(): 10.8783ms
Frame 2541 end
Average processing time of GrabImageRGBD(): 10.8865ms
Frame 2542 end
Average processing time of GrabImageRGBD(): 10.8859ms
Frame 2543 end
Average processing time of GrabImageRGBD(): 10.8845ms
Frame 2544 end
Average processing time of GrabImageRGBD(): 10.8825ms
Frame 2545 end
Average processing time of GrabImageRGBD(): 10.8823ms
Frame 2546 end
Average processing time of GrabImageRGBD(): 10.8794ms
Frame 2547 end
Average processing time of GrabImageRGBD(): 10.8777ms
Frame 2548 end
Average processing time of GrabImageRGBD(): 10.876ms
Frame 2549 end
Average processing time of GrabImageRGBD(): 10.8742ms
Frame 2550 end
Average processing time of GrabImageRGBD(): 10.8711ms
Frame 2551 end
Average processing time of GrabImageRGBD(): 10.8789ms
Frame 2552 end
Average processing time of GrabImageRGBD(): 10.877ms
Frame 2553 end
Average processing time of GrabImageRGBD(): 10.8751ms
Frame 2554 end
Average processing time of GrabImageRGBD(): 10.8731ms
Frame 2555 end
Average processing time of GrabImageRGBD(): 10.8701ms
Frame 2556 end
Average processing time of GrabImageRGBD(): 10.8672ms
Frame 2557 end
Average processing time of GrabImageRGBD(): 10.8656ms
Frame 2558 end
Average processing time of GrabImageRGBD(): 10.8654ms
Frame 2559 end
Average processing time of GrabImageRGBD(): 10.8638ms
Frame 2560 end
Average processing time of GrabImageRGBD(): 10.862ms
Frame 2561 end
Average processing time of GrabImageRGBD(): 10.859ms
Frame 2562 end
Average processing time of GrabImageRGBD(): 10.8666ms
Frame 2563 end
Average processing time of GrabImageRGBD(): 10.8662ms
Frame 2564 end
Average processing time of GrabImageRGBD(): 10.8646ms
Frame 2565 end
Average processing time of GrabImageRGBD(): 10.8632ms
Frame 2566 end
Average processing time of GrabImageRGBD(): 10.8621ms
Frame 2567 end
Average processing time of GrabImageRGBD(): 10.8604ms
Frame 2568 end
Average processing time of GrabImageRGBD(): 10.858ms
Frame 2569 end
Average processing time of GrabImageRGBD(): 10.8561ms
Frame 2570 end
Average processing time of GrabImageRGBD(): 10.8551ms
Frame 2571 end
Average processing time of GrabImageRGBD(): 10.8524ms
Frame 2572 end
Average processing time of GrabImageRGBD(): 10.8493ms
Frame 2573 end
Average processing time of GrabImageRGBD(): 10.8472ms
Frame 2574 end
Average processing time of GrabImageRGBD(): 10.8543ms
Frame 2575 end
Average processing time of GrabImageRGBD(): 10.8522ms
Frame 2576 end
Average processing time of GrabImageRGBD(): 10.85ms
Frame 2577 end
Average processing time of GrabImageRGBD(): 10.848ms
Frame 2578 end
Average processing time of GrabImageRGBD(): 10.8482ms
Frame 2579 end
Average processing time of GrabImageRGBD(): 10.8456ms
Frame 2580 end
Average processing time of GrabImageRGBD(): 10.8448ms
Frame 2581 end
Average processing time of GrabImageRGBD(): 10.8436ms
Frame 2582 end
Average processing time of GrabImageRGBD(): 10.8422ms
Frame 2583 end
Average processing time of GrabImageRGBD(): 10.8392ms
Frame 2584 end
Average processing time of GrabImageRGBD(): 10.8366ms
Frame 2585 end
Average processing time of GrabImageRGBD(): 10.844ms
Frame 2586 end
Average processing time of GrabImageRGBD(): 10.8436ms
Frame 2587 end
Average processing time of GrabImageRGBD(): 10.8417ms
Frame 2588 end
Average processing time of GrabImageRGBD(): 10.8389ms
Frame 2589 end
Average processing time of GrabImageRGBD(): 10.8376ms
Frame 2590 end
Average processing time of GrabImageRGBD(): 10.8347ms
Frame 2591 end
Average processing time of GrabImageRGBD(): 10.8317ms
Frame 2592 end
Average processing time of GrabImageRGBD(): 10.8287ms
Frame 2593 end
Average processing time of GrabImageRGBD(): 10.827ms
Frame 2594 end
Average processing time of GrabImageRGBD(): 10.8356ms
Frame 2595 end
Average processing time of GrabImageRGBD(): 10.8351ms
Frame 2596 end
Average processing time of GrabImageRGBD(): 10.8349ms
Frame 2597 end
Average processing time of GrabImageRGBD(): 10.8324ms
Frame 2598 end
Average processing time of GrabImageRGBD(): 10.8299ms
Frame 2599 end
Average processing time of GrabImageRGBD(): 10.827ms
Frame 2600 end
Average processing time of GrabImageRGBD(): 10.8247ms
Frame 2601 end
Average processing time of GrabImageRGBD(): 10.8234ms
Frame 2602 end
Average processing time of GrabImageRGBD(): 10.822ms
Frame 2603 end
Average processing time of GrabImageRGBD(): 10.832ms
Frame 2604 end
Average processing time of GrabImageRGBD(): 10.8319ms
Frame 2605 end
Average processing time of GrabImageRGBD(): 10.8291ms
Frame 2606 end
Average processing time of GrabImageRGBD(): 10.8284ms
Frame 2607 end
Average processing time of GrabImageRGBD(): 10.8258ms
Frame 2608 end
Average processing time of GrabImageRGBD(): 10.8254ms
Frame 2609 end
Average processing time of GrabImageRGBD(): 10.8232ms
Frame 2610 end
Average processing time of GrabImageRGBD(): 10.8223ms
Frame 2611 end
Average processing time of GrabImageRGBD(): 10.83ms
Frame 2612 end
Average processing time of GrabImageRGBD(): 10.8295ms
Frame 2613 end
Average processing time of GrabImageRGBD(): 10.8275ms
Frame 2614 end
Average processing time of GrabImageRGBD(): 10.8262ms
Frame 2615 end
Average processing time of GrabImageRGBD(): 10.8233ms
Frame 2616 end
Average processing time of GrabImageRGBD(): 10.8207ms
Frame 2617 end
Average processing time of GrabImageRGBD(): 10.8177ms
Frame 2618 end
Average processing time of GrabImageRGBD(): 10.8149ms
Frame 2619 end
Average processing time of GrabImageRGBD(): 10.8233ms
Frame 2620 end
Average processing time of GrabImageRGBD(): 10.8241ms
Frame 2621 end
Average processing time of GrabImageRGBD(): 10.8214ms
Frame 2622 end
Average processing time of GrabImageRGBD(): 10.819ms
Frame 2623 end
Average processing time of GrabImageRGBD(): 10.8176ms
Frame 2624 end
Average processing time of GrabImageRGBD(): 10.8148ms
Frame 2625 end
Average processing time of GrabImageRGBD(): 10.8123ms
Frame 2626 end
Average processing time of GrabImageRGBD(): 10.8106ms
Frame 2627 end
Average processing time of GrabImageRGBD(): 10.8178ms
Frame 2628 end
Average processing time of GrabImageRGBD(): 10.819ms
Frame 2629 end
Average processing time of GrabImageRGBD(): 10.8288ms
Frame 2630 end
Average processing time of GrabImageRGBD(): 10.8415ms
Frame 2631 end
Average processing time of GrabImageRGBD(): 10.8426ms
Frame 2632 end
Average processing time of GrabImageRGBD(): 10.8525ms
Frame 2633 end
Average processing time of GrabImageRGBD(): 10.8667ms
Frame 2634 end
Average processing time of GrabImageRGBD(): 10.8668ms
Frame 2635 end
Average processing time of GrabImageRGBD(): 10.8665ms
Frame 2636 end
Average processing time of GrabImageRGBD(): 10.8759ms
Frame 2637 end
Average processing time of GrabImageRGBD(): 10.8764ms
Frame 2638 end
Average processing time of GrabImageRGBD(): 10.886ms
Frame 2639 end
Average processing time of GrabImageRGBD(): 10.8868ms
Frame 2640 end
Average processing time of GrabImageRGBD(): 10.8963ms
Frame 2641 end
Average processing time of GrabImageRGBD(): 10.8967ms
Frame 2642 end
Average processing time of GrabImageRGBD(): 10.8964ms
Frame 2643 end
Average processing time of GrabImageRGBD(): 10.8958ms
Frame 2644 end
Average processing time of GrabImageRGBD(): 10.896ms
Frame 2645 end
Average processing time of GrabImageRGBD(): 10.9047ms
Frame 2646 end
Average processing time of GrabImageRGBD(): 10.9054ms
Frame 2647 end
Average processing time of GrabImageRGBD(): 10.914ms
Frame 2648 end
Average processing time of GrabImageRGBD(): 10.9147ms
Frame 2649 end
Average processing time of GrabImageRGBD(): 10.9239ms
Frame 2650 end
Average processing time of GrabImageRGBD(): 10.9243ms
Frame 2651 end
Average processing time of GrabImageRGBD(): 10.9233ms
Frame 2652 end
Average processing time of GrabImageRGBD(): 10.923ms
Frame 2653 end
Average processing time of GrabImageRGBD(): 10.9319ms
Frame 2654 end
Average processing time of GrabImageRGBD(): 10.942ms
Frame 2655 end
Average processing time of GrabImageRGBD(): 10.9425ms
Frame 2656 end
Average processing time of GrabImageRGBD(): 10.9411ms
Frame 2657 end
Average processing time of GrabImageRGBD(): 10.9384ms
Frame 2658 end
Average processing time of GrabImageRGBD(): 10.9357ms
Frame 2659 end
Average processing time of GrabImageRGBD(): 10.934ms
Frame 2660 end
Average processing time of GrabImageRGBD(): 10.9323ms
Frame 2661 end
Average processing time of GrabImageRGBD(): 10.9294ms
Frame 2662 end
Average processing time of GrabImageRGBD(): 10.9266ms
Frame 2663 end
Average processing time of GrabImageRGBD(): 10.9236ms
Frame 2664 end
Average processing time of GrabImageRGBD(): 10.9207ms
Frame 2665 end
Average processing time of GrabImageRGBD(): 10.928ms
Frame 2666 end
Average processing time of GrabImageRGBD(): 10.9275ms
Frame 2667 end
Average processing time of GrabImageRGBD(): 10.9264ms
Frame 2668 end
Average processing time of GrabImageRGBD(): 10.9253ms
Frame 2669 end
Average processing time of GrabImageRGBD(): 10.9233ms
Frame 2670 end
Average processing time of GrabImageRGBD(): 10.9224ms
Frame 2671 end
Average processing time of GrabImageRGBD(): 10.9231ms
Frame 2672 end
Average processing time of GrabImageRGBD(): 10.9218ms
Frame 2673 end
Average processing time of GrabImageRGBD(): 10.9204ms
Frame 2674 end
Average processing time of GrabImageRGBD(): 10.9283ms
Frame 2675 end
Average processing time of GrabImageRGBD(): 10.9285ms
Frame 2676 end
Average processing time of GrabImageRGBD(): 10.9266ms
Frame 2677 end
Average processing time of GrabImageRGBD(): 10.9238ms
Frame 2678 end
Average processing time of GrabImageRGBD(): 10.9217ms
Frame 2679 end
Average processing time of GrabImageRGBD(): 10.9194ms
Frame 2680 end
Average processing time of GrabImageRGBD(): 10.9172ms
Frame 2681 end
Average processing time of GrabImageRGBD(): 10.925ms
Frame 2682 end
Average processing time of GrabImageRGBD(): 10.9236ms
Frame 2683 end
Average processing time of GrabImageRGBD(): 10.9221ms
Frame 2684 end
Average processing time of GrabImageRGBD(): 10.9202ms
Frame 2685 end
Average processing time of GrabImageRGBD(): 10.9184ms
Frame 2686 end
Average processing time of GrabImageRGBD(): 10.9163ms
Frame 2687 end
Average processing time of GrabImageRGBD(): 10.9134ms
Frame 2688 end
Average processing time of GrabImageRGBD(): 10.911ms
Frame 2689 end
Average processing time of GrabImageRGBD(): 10.9187ms
Frame 2690 end
Average processing time of GrabImageRGBD(): 10.9167ms
Frame 2691 end
Average processing time of GrabImageRGBD(): 10.9144ms
Frame 2692 end
Average processing time of GrabImageRGBD(): 10.9126ms
Frame 2693 end
Average processing time of GrabImageRGBD(): 10.9107ms
Frame 2694 end
Average processing time of GrabImageRGBD(): 10.9084ms
Frame 2695 end
Average processing time of GrabImageRGBD(): 10.9208ms
Frame 2696 end
Average processing time of GrabImageRGBD(): 10.9195ms
Frame 2697 end
Average processing time of GrabImageRGBD(): 10.9277ms
Frame 2698 end
Average processing time of GrabImageRGBD(): 10.9274ms
Frame 2699 end
Average processing time of GrabImageRGBD(): 10.9251ms
Frame 2700 end
Average processing time of GrabImageRGBD(): 10.923ms
Frame 2701 end
Average processing time of GrabImageRGBD(): 10.9204ms
Frame 2702 end
Average processing time of GrabImageRGBD(): 10.9189ms
Frame 2703 end
Average processing time of GrabImageRGBD(): 10.917ms
Frame 2704 end
Average processing time of GrabImageRGBD(): 10.9155ms
Frame 2705 end
Average processing time of GrabImageRGBD(): 10.9236ms
Frame 2706 end
Average processing time of GrabImageRGBD(): 10.9231ms
Frame 2707 end
Average processing time of GrabImageRGBD(): 10.9203ms
Frame 2708 end
Average processing time of GrabImageRGBD(): 10.9175ms
Frame 2709 end
Average processing time of GrabImageRGBD(): 10.9157ms
Frame 2710 end
Average processing time of GrabImageRGBD(): 10.9127ms
Frame 2711 end
Average processing time of GrabImageRGBD(): 10.9098ms
Frame 2712 end
Average processing time of GrabImageRGBD(): 10.9174ms
Frame 2713 end
Average processing time of GrabImageRGBD(): 10.9156ms
Frame 2714 end
Average processing time of GrabImageRGBD(): 10.914ms
Frame 2715 end
Average processing time of GrabImageRGBD(): 10.9122ms
Frame 2716 end
Average processing time of GrabImageRGBD(): 10.9094ms
Frame 2717 end
Average processing time of GrabImageRGBD(): 10.9067ms
Frame 2718 end
Average processing time of GrabImageRGBD(): 10.9047ms
Frame 2719 end
Average processing time of GrabImageRGBD(): 10.9119ms
Frame 2720 end
Average processing time of GrabImageRGBD(): 10.9197ms
Frame 2721 end
Average processing time of GrabImageRGBD(): 10.9183ms
Frame 2722 end
Average processing time of GrabImageRGBD(): 10.9157ms
Frame 2723 end
Average processing time of GrabImageRGBD(): 10.913ms
Frame 2724 end
Average processing time of GrabImageRGBD(): 10.9122ms
Frame 2725 end
Average processing time of GrabImageRGBD(): 10.9094ms
Frame 2726 end
Average processing time of GrabImageRGBD(): 10.9169ms
Frame 2727 end
Average processing time of GrabImageRGBD(): 10.9257ms
Frame 2728 end
Average processing time of GrabImageRGBD(): 10.9347ms
Frame 2729 end
Average processing time of GrabImageRGBD(): 10.9354ms
Frame 2730 end
Average processing time of GrabImageRGBD(): 10.9497ms
Frame 2731 end
Average processing time of GrabImageRGBD(): 10.9598ms
Frame 2732 end
Average processing time of GrabImageRGBD(): 10.9713ms
Frame 2733 end
Average processing time of GrabImageRGBD(): 10.9825ms
Frame 2734 end
Average processing time of GrabImageRGBD(): 10.9943ms
Frame 2735 end
Average processing time of GrabImageRGBD(): 11.0046ms
Frame 2736 end
Average processing time of GrabImageRGBD(): 11.0054ms
Frame 2737 end
Average processing time of GrabImageRGBD(): 11.006ms
Frame 2738 end
Average processing time of GrabImageRGBD(): 11.0164ms
Frame 2739 end
Average processing time of GrabImageRGBD(): 11.0254ms
Frame 2740 end
Average processing time of GrabImageRGBD(): 11.0265ms
Frame 2741 end
Average processing time of GrabImageRGBD(): 11.0362ms
Frame 2742 end
Average processing time of GrabImageRGBD(): 11.0459ms
Frame 2743 end
Average processing time of GrabImageRGBD(): 11.0477ms
Frame 2744 end
Average processing time of GrabImageRGBD(): 11.048ms
Frame 2745 end
Average processing time of GrabImageRGBD(): 11.0573ms
Frame 2746 end
Average processing time of GrabImageRGBD(): 11.0585ms
Frame 2747 end
Average processing time of GrabImageRGBD(): 11.0676ms
Frame 2748 end
Average processing time of GrabImageRGBD(): 11.0684ms
Frame 2749 end
Average processing time of GrabImageRGBD(): 11.0792ms
Frame 2750 end
Average processing time of GrabImageRGBD(): 11.0811ms
Frame 2751 end
Average processing time of GrabImageRGBD(): 11.0828ms
Frame 2752 end
Average processing time of GrabImageRGBD(): 11.0912ms
Frame 2753 end
Average processing time of GrabImageRGBD(): 11.0936ms
Frame 2754 end
Average processing time of GrabImageRGBD(): 11.1018ms
Frame 2755 end
Average processing time of GrabImageRGBD(): 11.103ms
Frame 2756 end
Average processing time of GrabImageRGBD(): 11.1112ms
Frame 2757 end
Average processing time of GrabImageRGBD(): 11.1134ms
Frame 2758 end
Average processing time of GrabImageRGBD(): 11.1225ms
Frame 2759 end
Average processing time of GrabImageRGBD(): 11.1247ms
Frame 2760 end
Average processing time of GrabImageRGBD(): 11.1361ms
Frame 2761 end
Average processing time of GrabImageRGBD(): 11.1386ms
Frame 2762 end
Average processing time of GrabImageRGBD(): 11.1473ms
Frame 2763 end
Average processing time of GrabImageRGBD(): 11.1494ms
Frame 2764 end
Average processing time of GrabImageRGBD(): 11.1571ms
Frame 2765 end
Average processing time of GrabImageRGBD(): 11.1585ms
Frame 2766 end
Average processing time of GrabImageRGBD(): 11.1598ms
Frame 2767 end
Average processing time of GrabImageRGBD(): 11.1682ms
Frame 2768 end
Average processing time of GrabImageRGBD(): 11.1707ms
Frame 2769 end
Average processing time of GrabImageRGBD(): 11.1797ms
Frame 2770 end
Average processing time of GrabImageRGBD(): 11.1817ms
Frame 2771 end
Average processing time of GrabImageRGBD(): 11.1871ms
Frame 2772 end
Average processing time of GrabImageRGBD(): 11.1953ms
Frame 2773 end
Average processing time of GrabImageRGBD(): 11.1983ms
Frame 2774 end
Average processing time of GrabImageRGBD(): 11.2099ms
Frame 2775 end
Average processing time of GrabImageRGBD(): 11.2123ms
Frame 2776 end
Average processing time of GrabImageRGBD(): 11.2217ms
Frame 2777 end
Average processing time of GrabImageRGBD(): 11.2231ms
Frame 2778 end
Average processing time of GrabImageRGBD(): 11.231ms
Frame 2779 end
Average processing time of GrabImageRGBD(): 11.2339ms
Frame 2780 end
Average processing time of GrabImageRGBD(): 11.2419ms
Frame 2781 end
Average processing time of GrabImageRGBD(): 11.2445ms
Frame 2782 end
Average processing time of GrabImageRGBD(): 11.2519ms
Frame 2783 end
Average processing time of GrabImageRGBD(): 11.2548ms
Frame 2784 end
Average processing time of GrabImageRGBD(): 11.2572ms
Frame 2785 end
Average processing time of GrabImageRGBD(): 11.2644ms
Frame 2786 end
Average processing time of GrabImageRGBD(): 11.2661ms
Frame 2787 end
Average processing time of GrabImageRGBD(): 11.2669ms
Frame 2788 end
Average processing time of GrabImageRGBD(): 11.2755ms
Frame 2789 end
Average processing time of GrabImageRGBD(): 11.2776ms
Frame 2790 end
Average processing time of GrabImageRGBD(): 11.2905ms
Frame 2791 end
Average processing time of GrabImageRGBD(): 11.3008ms
Frame 2792 end
Average processing time of GrabImageRGBD(): 11.3113ms
Frame 2793 end
Average processing time of GrabImageRGBD(): 11.3132ms
Frame 2794 end
Average processing time of GrabImageRGBD(): 11.3204ms
Frame 2795 end
Average processing time of GrabImageRGBD(): 11.3227ms
Frame 2796 end
Average processing time of GrabImageRGBD(): 11.3234ms
Frame 2797 end
Average processing time of GrabImageRGBD(): 11.3326ms
Frame 2798 end
Average processing time of GrabImageRGBD(): 11.3344ms
Frame 2799 end
Average processing time of GrabImageRGBD(): 11.337ms
Frame 2800 end
Average processing time of GrabImageRGBD(): 11.3444ms
Frame 2801 end
Average processing time of GrabImageRGBD(): 11.3532ms
Frame 2802 end
Average processing time of GrabImageRGBD(): 11.3549ms
Frame 2803 end
Average processing time of GrabImageRGBD(): 11.3559ms
Frame 2804 end
Average processing time of GrabImageRGBD(): 11.3648ms
Frame 2805 end
Average processing time of GrabImageRGBD(): 11.3653ms
Frame 2806 end
Average processing time of GrabImageRGBD(): 11.3656ms
Frame 2807 end
Average processing time of GrabImageRGBD(): 11.3663ms
Frame 2808 end
Average processing time of GrabImageRGBD(): 11.375ms
Frame 2809 end
Average processing time of GrabImageRGBD(): 11.3763ms
Frame 2810 end
Average processing time of GrabImageRGBD(): 11.3854ms
Frame 2811 end
Average processing time of GrabImageRGBD(): 11.3869ms
Frame 2812 end
Average processing time of GrabImageRGBD(): 11.3879ms
Frame 2813 end
Average processing time of GrabImageRGBD(): 11.3969ms
Frame 2814 end
Average processing time of GrabImageRGBD(): 11.3992ms
Frame 2815 end
Average processing time of GrabImageRGBD(): 11.4003ms
Frame 2816 end
Average processing time of GrabImageRGBD(): 11.4092ms
Frame 2817 end
Average processing time of GrabImageRGBD(): 11.4122ms
Frame 2818 end
Average processing time of GrabImageRGBD(): 11.414ms
Frame 2819 end
Average processing time of GrabImageRGBD(): 11.4227ms
Frame 2820 end
Average processing time of GrabImageRGBD(): 11.4245ms
Frame 2821 end
Average processing time of GrabImageRGBD(): 11.4344ms
Frame 2822 end
Average processing time of GrabImageRGBD(): 11.4362ms
Frame 2823 end
Average processing time of GrabImageRGBD(): 11.4378ms
Frame 2824 end
Average processing time of GrabImageRGBD(): 11.4479ms
Frame 2825 end
Average processing time of GrabImageRGBD(): 11.4503ms
Frame 2826 end
Average processing time of GrabImageRGBD(): 11.4593ms
Frame 2827 end
Average processing time of GrabImageRGBD(): 11.4607ms
Frame 2828 end
Average processing time of GrabImageRGBD(): 11.4695ms
Frame 2829 end
Average processing time of GrabImageRGBD(): 11.4715ms
Frame 2830 end
Average processing time of GrabImageRGBD(): 11.4738ms
Frame 2831 end
Average processing time of GrabImageRGBD(): 11.4828ms
Frame 2832 end
Average processing time of GrabImageRGBD(): 11.4866ms
Frame 2833 end
Average processing time of GrabImageRGBD(): 11.4899ms
Frame 2834 end
Average processing time of GrabImageRGBD(): 11.4974ms
Frame 2835 end
Average processing time of GrabImageRGBD(): 11.5009ms
Frame 2836 end
Average processing time of GrabImageRGBD(): 11.5019ms
Frame 2837 end
Average processing time of GrabImageRGBD(): 11.5128ms
Frame 2838 end
Average processing time of GrabImageRGBD(): 11.514ms
Frame 2839 end
Average processing time of GrabImageRGBD(): 11.5166ms
Frame 2840 end
Average processing time of GrabImageRGBD(): 11.5262ms
Frame 2841 end
Average processing time of GrabImageRGBD(): 11.5273ms
Frame 2842 end
Average processing time of GrabImageRGBD(): 11.5286ms
Frame 2843 end
Average processing time of GrabImageRGBD(): 11.5366ms
Frame 2844 end
Average processing time of GrabImageRGBD(): 11.5377ms
Frame 2845 end
Average processing time of GrabImageRGBD(): 11.5383ms
Frame 2846 end
Average processing time of GrabImageRGBD(): 11.5461ms
Frame 2847 end
Average processing time of GrabImageRGBD(): 11.5478ms
Frame 2848 end
Average processing time of GrabImageRGBD(): 11.5487ms
Frame 2849 end
Average processing time of GrabImageRGBD(): 11.56ms
Frame 2850 end
Average processing time of GrabImageRGBD(): 11.5631ms
Frame 2851 end
Average processing time of GrabImageRGBD(): 11.5709ms
Frame 2852 end
Average processing time of GrabImageRGBD(): 11.5726ms
Frame 2853 end
Average processing time of GrabImageRGBD(): 11.5802ms
Frame 2854 end
Average processing time of GrabImageRGBD(): 11.5811ms
Frame 2855 end
Average processing time of GrabImageRGBD(): 11.5885ms
Frame 2856 end
Average processing time of GrabImageRGBD(): 11.5897ms
Frame 2857 end
Average processing time of GrabImageRGBD(): 11.5866ms
Frame 2858 end
Average processing time of GrabImageRGBD(): 11.5918ms
Frame 2859 end
Average processing time of GrabImageRGBD(): 11.5901ms
Frame 2860 end
Average processing time of GrabImageRGBD(): 11.5883ms
Frame 2861 end
Average processing time of GrabImageRGBD(): 11.5863ms
Frame 2862 end
Average processing time of GrabImageRGBD(): 11.5846ms
Frame 2863 end
Average processing time of GrabImageRGBD(): 11.5904ms
Frame 2864 end
Average processing time of GrabImageRGBD(): 11.5898ms
Frame 2865 end
Average processing time of GrabImageRGBD(): 11.5874ms
Frame 2866 end
Average processing time of GrabImageRGBD(): 11.5851ms
Frame 2867 end
Average processing time of GrabImageRGBD(): 11.5842ms
Frame 2868 end
Average processing time of GrabImageRGBD(): 11.5813ms
Frame 2869 end
Average processing time of GrabImageRGBD(): 11.5801ms
Frame 2870 end
Average processing time of GrabImageRGBD(): 11.587ms
Frame 2871 end
Average processing time of GrabImageRGBD(): 11.5855ms
Frame 2872 end
Average processing time of GrabImageRGBD(): 11.5843ms
Frame 2873 end
Average processing time of GrabImageRGBD(): 11.5832ms
Frame 2874 end
Average processing time of GrabImageRGBD(): 11.5819ms
Frame 2875 end
Average processing time of GrabImageRGBD(): 11.579ms
Frame 2876 end
Average processing time of GrabImageRGBD(): 11.5856ms
Frame 2877 end
Average processing time of GrabImageRGBD(): 11.5845ms
Frame 2878 end
Average processing time of GrabImageRGBD(): 11.5817ms
Frame 2879 end
Average processing time of GrabImageRGBD(): 11.5789ms
Frame 2880 end
Average processing time of GrabImageRGBD(): 11.576ms
Frame 2881 end
Average processing time of GrabImageRGBD(): 11.573ms
Frame 2882 end
Average processing time of GrabImageRGBD(): 11.5787ms
Frame 2883 end
Average processing time of GrabImageRGBD(): 11.5774ms
Frame 2884 end
Average processing time of GrabImageRGBD(): 11.5758ms
Frame 2885 end
Average processing time of GrabImageRGBD(): 11.5741ms
Frame 2886 end
Average processing time of GrabImageRGBD(): 11.5722ms
Frame 2887 end
Average processing time of GrabImageRGBD(): 11.581ms
Frame 2888 end
Average processing time of GrabImageRGBD(): 11.5799ms
Frame 2889 end
Average processing time of GrabImageRGBD(): 11.5778ms
Frame 2890 end
Average processing time of GrabImageRGBD(): 11.5774ms
Frame 2891 end
Average processing time of GrabImageRGBD(): 11.5834ms
Frame 2892 end
Average processing time of GrabImageRGBD(): 11.5813ms
Frame 2893 end
Average processing time of GrabImageRGBD(): 11.5788ms
Frame 2894 end
Average processing time of GrabImageRGBD(): 11.5783ms
Frame 2895 end
Average processing time of GrabImageRGBD(): 11.5763ms
Frame 2896 end
Average processing time of GrabImageRGBD(): 11.5733ms
Frame 2897 end
Average processing time of GrabImageRGBD(): 11.5817ms
Frame 2898 end
Average processing time of GrabImageRGBD(): 11.581ms
Frame 2899 end
Average processing time of GrabImageRGBD(): 11.5782ms
Frame 2900 end
Average processing time of GrabImageRGBD(): 11.5761ms
Frame 2901 end
Average processing time of GrabImageRGBD(): 11.5735ms
Frame 2902 end
Average processing time of GrabImageRGBD(): 11.5704ms
Frame 2903 end
Average processing time of GrabImageRGBD(): 11.5764ms
Frame 2904 end
Average processing time of GrabImageRGBD(): 11.5749ms
Frame 2905 end
Average processing time of GrabImageRGBD(): 11.5726ms
Frame 2906 end
Average processing time of GrabImageRGBD(): 11.5706ms
Frame 2907 end
Average processing time of GrabImageRGBD(): 11.5677ms
Frame 2908 end
Average processing time of GrabImageRGBD(): 11.5739ms
Frame 2909 end
Average processing time of GrabImageRGBD(): 11.5733ms
Frame 2910 end
Average processing time of GrabImageRGBD(): 11.5705ms
Frame 2911 end
Average processing time of GrabImageRGBD(): 11.5676ms
Frame 2912 end
Average processing time of GrabImageRGBD(): 11.5662ms
Frame 2913 end
Average processing time of GrabImageRGBD(): 11.5729ms
Frame 2914 end
Average processing time of GrabImageRGBD(): 11.5724ms
Frame 2915 end
Average processing time of GrabImageRGBD(): 11.5701ms
Frame 2916 end
Average processing time of GrabImageRGBD(): 11.5673ms
Frame 2917 end
Average processing time of GrabImageRGBD(): 11.5649ms
Frame 2918 end
Average processing time of GrabImageRGBD(): 11.571ms
Frame 2919 end
Average processing time of GrabImageRGBD(): 11.5703ms
Frame 2920 end
Average processing time of GrabImageRGBD(): 11.5685ms
Frame 2921 end
Average processing time of GrabImageRGBD(): 11.5662ms
Frame 2922 end
Average processing time of GrabImageRGBD(): 11.5731ms
Frame 2923 end
Average processing time of GrabImageRGBD(): 11.5711ms
Frame 2924 end
Average processing time of GrabImageRGBD(): 11.5683ms
Frame 2925 end
Average processing time of GrabImageRGBD(): 11.5666ms
Frame 2926 end
Average processing time of GrabImageRGBD(): 11.5649ms
Frame 2927 end
Average processing time of GrabImageRGBD(): 11.5636ms
Frame 2928 end
Average processing time of GrabImageRGBD(): 11.5707ms
Frame 2929 end
Average processing time of GrabImageRGBD(): 11.5781ms
Frame 2930 end
Average processing time of GrabImageRGBD(): 11.5761ms
Frame 2931 end
Average processing time of GrabImageRGBD(): 11.5836ms
Frame 2932 end
Average processing time of GrabImageRGBD(): 11.5906ms
Frame 2933 end
Average processing time of GrabImageRGBD(): 11.5884ms
Frame 2934 end
Average processing time of GrabImageRGBD(): 11.5961ms
Frame 2935 end
Average processing time of GrabImageRGBD(): 11.6033ms
Frame 2936 end
Average processing time of GrabImageRGBD(): 11.6131ms
Frame 2937 end
Average processing time of GrabImageRGBD(): 11.6203ms
Frame 2938 end
Average processing time of GrabImageRGBD(): 11.6281ms
Frame 2939 end
Average processing time of GrabImageRGBD(): 11.6352ms
Frame 2940 end
Average processing time of GrabImageRGBD(): 11.642ms
Frame 2941 end
Average processing time of GrabImageRGBD(): 11.6499ms
Frame 2942 end
Average processing time of GrabImageRGBD(): 11.6608ms
Frame 2943 end
Average processing time of GrabImageRGBD(): 11.6715ms
Frame 2944 end
Average processing time of GrabImageRGBD(): 11.6785ms
Frame 2945 end
Average processing time of GrabImageRGBD(): 11.6879ms
Frame 2946 end
Average processing time of GrabImageRGBD(): 11.687ms
Frame 2947 end
Average processing time of GrabImageRGBD(): 11.6933ms
Frame 2948 end
Average processing time of GrabImageRGBD(): 11.7001ms
Frame 2949 end
Average processing time of GrabImageRGBD(): 11.7066ms
Frame 2950 end
Average processing time of GrabImageRGBD(): 11.7147ms
Frame 2951 end
Average processing time of GrabImageRGBD(): 11.7213ms
Frame 2952 end
Average processing time of GrabImageRGBD(): 11.7211ms
Frame 2953 end
Average processing time of GrabImageRGBD(): 11.7183ms
Frame 2954 end
Average processing time of GrabImageRGBD(): 11.7277ms
Frame 2955 end
Average processing time of GrabImageRGBD(): 11.7341ms
Frame 2956 end
Average processing time of GrabImageRGBD(): 11.7412ms
Frame 2957 end
Average processing time of GrabImageRGBD(): 11.7475ms
Frame 2958 end
Average processing time of GrabImageRGBD(): 11.7543ms
Frame 2959 end
Average processing time of GrabImageRGBD(): 11.7604ms
Frame 2960 end
Average processing time of GrabImageRGBD(): 11.7675ms
Frame 2961 end
Average processing time of GrabImageRGBD(): 11.7742ms
Frame 2962 end
Average processing time of GrabImageRGBD(): 11.7729ms
Frame 2963 end
Average processing time of GrabImageRGBD(): 11.7788ms
Frame 2964 end
Average processing time of GrabImageRGBD(): 11.7866ms
Frame 2965 end
Average processing time of GrabImageRGBD(): 11.7853ms
Frame 2966 end
Average processing time of GrabImageRGBD(): 11.7824ms
Frame 2967 end
Average processing time of GrabImageRGBD(): 11.7806ms
Frame 2968 end
Average processing time of GrabImageRGBD(): 11.789ms
Frame 2969 end
Average processing time of GrabImageRGBD(): 11.7878ms
Frame 2970 end
Average processing time of GrabImageRGBD(): 11.7944ms
Frame 2971 end
Average processing time of GrabImageRGBD(): 11.7926ms
Frame 2972 end
Average processing time of GrabImageRGBD(): 11.7992ms
Frame 2973 end
Average processing time of GrabImageRGBD(): 11.7975ms
Frame 2974 end
Average processing time of GrabImageRGBD(): 11.7963ms
Frame 2975 end
Average processing time of GrabImageRGBD(): 11.7941ms
Frame 2976 end
Average processing time of GrabImageRGBD(): 11.7923ms
Frame 2977 end
Average processing time of GrabImageRGBD(): 11.7896ms
Frame 2978 end
Average processing time of GrabImageRGBD(): 11.7869ms
Frame 2979 end
Average processing time of GrabImageRGBD(): 11.7943ms
Frame 2980 end
Average processing time of GrabImageRGBD(): 11.792ms
Frame 2981 end
Average processing time of GrabImageRGBD(): 11.789ms
Frame 2982 end
Average processing time of GrabImageRGBD(): 11.7862ms
Frame 2983 end
Average processing time of GrabImageRGBD(): 11.7839ms
Frame 2984 end
Average processing time of GrabImageRGBD(): 11.7812ms
Frame 2985 end
Average processing time of GrabImageRGBD(): 11.7789ms
Frame 2986 end
Average processing time of GrabImageRGBD(): 11.7871ms
Frame 2987 end
Average processing time of GrabImageRGBD(): 11.7865ms
Frame 2988 end
Average processing time of GrabImageRGBD(): 11.7835ms
Frame 2989 end
Average processing time of GrabImageRGBD(): 11.7817ms
Frame 2990 end
Average processing time of GrabImageRGBD(): 11.7788ms
Frame 2991 end
Average processing time of GrabImageRGBD(): 11.777ms
Frame 2992 end
Average processing time of GrabImageRGBD(): 11.7751ms
Frame 2993 end
Average processing time of GrabImageRGBD(): 11.7722ms
Frame 2994 end
Average processing time of GrabImageRGBD(): 11.7784ms
Frame 2995 end
Average processing time of GrabImageRGBD(): 11.7761ms
Frame 2996 end
Average processing time of GrabImageRGBD(): 11.7744ms
Frame 2997 end
Average processing time of GrabImageRGBD(): 11.7724ms
Frame 2998 end
Average processing time of GrabImageRGBD(): 11.7698ms
Frame 2999 end
Average processing time of GrabImageRGBD(): 11.768ms
Frame 3000 end
Average processing time of GrabImageRGBD(): 11.7657ms
Frame 3001 end
Average processing time of GrabImageRGBD(): 11.7628ms
Frame 3002 end
Average processing time of GrabImageRGBD(): 11.7687ms
Frame 3003 end
Average processing time of GrabImageRGBD(): 11.7667ms
Frame 3004 end
Average processing time of GrabImageRGBD(): 11.7645ms
Frame 3005 end
Average processing time of GrabImageRGBD(): 11.7624ms
Frame 3006 end
Average processing time of GrabImageRGBD(): 11.7595ms
Frame 3007 end
Average processing time of GrabImageRGBD(): 11.7571ms
Frame 3008 end
Average processing time of GrabImageRGBD(): 11.7637ms
Frame 3009 end
Average processing time of GrabImageRGBD(): 11.7626ms
Frame 3010 end
Average processing time of GrabImageRGBD(): 11.7609ms
Frame 3011 end
Average processing time of GrabImageRGBD(): 11.7581ms
Frame 3012 end
Average processing time of GrabImageRGBD(): 11.7561ms
Frame 3013 end
Average processing time of GrabImageRGBD(): 11.761ms
Frame 3014 end
Average processing time of GrabImageRGBD(): 11.7589ms
Frame 3015 end
Average processing time of GrabImageRGBD(): 11.7573ms
Frame 3016 end
Average processing time of GrabImageRGBD(): 11.7546ms
Frame 3017 end
Average processing time of GrabImageRGBD(): 11.7522ms
Frame 3018 end
Average processing time of GrabImageRGBD(): 11.7494ms
Frame 3019 end
Average processing time of GrabImageRGBD(): 11.7554ms
Frame 3020 end
Average processing time of GrabImageRGBD(): 11.7534ms
Frame 3021 end
Average processing time of GrabImageRGBD(): 11.7512ms
Frame 3022 end
Average processing time of GrabImageRGBD(): 11.7484ms
Frame 3023 end
Average processing time of GrabImageRGBD(): 11.7456ms
Frame 3024 end
Average processing time of GrabImageRGBD(): 11.7439ms
Frame 3025 end
Average processing time of GrabImageRGBD(): 11.75ms
Frame 3026 end
Average processing time of GrabImageRGBD(): 11.7477ms
Frame 3027 end
Average processing time of GrabImageRGBD(): 11.7466ms
Frame 3028 end
Average processing time of GrabImageRGBD(): 11.7453ms
Frame 3029 end
Average processing time of GrabImageRGBD(): 11.7444ms
Frame 3030 end
Average processing time of GrabImageRGBD(): 11.7414ms
Frame 3031 end
Average processing time of GrabImageRGBD(): 11.748ms
Frame 3032 end
Average processing time of GrabImageRGBD(): 11.7465ms
Frame 3033 end
Average processing time of GrabImageRGBD(): 11.7449ms
Frame 3034 end
Average processing time of GrabImageRGBD(): 11.7434ms
Frame 3035 end
Average processing time of GrabImageRGBD(): 11.7417ms
Frame 3036 end
Average processing time of GrabImageRGBD(): 11.74ms
Frame 3037 end
Average processing time of GrabImageRGBD(): 11.7459ms
Frame 3038 end
Average processing time of GrabImageRGBD(): 11.7438ms
Frame 3039 end
Average processing time of GrabImageRGBD(): 11.7416ms
Frame 3040 end
Average processing time of GrabImageRGBD(): 11.7389ms
Frame 3041 end
Average processing time of GrabImageRGBD(): 11.7363ms
Frame 3042 end
Average processing time of GrabImageRGBD(): 11.734ms
Frame 3043 end
Average processing time of GrabImageRGBD(): 11.7328ms
Frame 3044 end
Average processing time of GrabImageRGBD(): 11.7312ms
Frame 3045 end
Average processing time of GrabImageRGBD(): 11.7376ms
Frame 3046 end
Average processing time of GrabImageRGBD(): 11.7354ms
Frame 3047 end
Average processing time of GrabImageRGBD(): 11.7336ms
Frame 3048 end
Average processing time of GrabImageRGBD(): 11.732ms
Frame 3049 end
Average processing time of GrabImageRGBD(): 11.7305ms
Frame 3050 end
Average processing time of GrabImageRGBD(): 11.7289ms
Frame 3051 end
Average processing time of GrabImageRGBD(): 11.7272ms
Frame 3052 end
Average processing time of GrabImageRGBD(): 11.7257ms
Frame 3053 end
Average processing time of GrabImageRGBD(): 11.7238ms
Frame 3054 end
Average processing time of GrabImageRGBD(): 11.7305ms
Frame 3055 end
Average processing time of GrabImageRGBD(): 11.729ms
Frame 3056 end
Average processing time of GrabImageRGBD(): 11.7278ms
Frame 3057 end
Average processing time of GrabImageRGBD(): 11.7268ms
Frame 3058 end
Average processing time of GrabImageRGBD(): 11.7254ms
Frame 3059 end
Average processing time of GrabImageRGBD(): 11.7228ms
Frame 3060 end
Average processing time of GrabImageRGBD(): 11.7214ms
Frame 3061 end
Average processing time of GrabImageRGBD(): 11.7212ms
Frame 3062 end
Average processing time of GrabImageRGBD(): 11.7194ms
Frame 3063 end
Average processing time of GrabImageRGBD(): 11.7261ms
Frame 3064 end
Average processing time of GrabImageRGBD(): 11.7254ms
Frame 3065 end
Average processing time of GrabImageRGBD(): 11.7238ms
Frame 3066 end
Average processing time of GrabImageRGBD(): 11.7224ms
Frame 3067 end
Average processing time of GrabImageRGBD(): 11.7201ms
Frame 3068 end
Average processing time of GrabImageRGBD(): 11.7173ms
Frame 3069 end
Average processing time of GrabImageRGBD(): 11.7146ms
Frame 3070 end
Average processing time of GrabImageRGBD(): 11.7208ms
Frame 3071 end
Average processing time of GrabImageRGBD(): 11.7198ms
Frame 3072 end
Average processing time of GrabImageRGBD(): 11.7179ms
Frame 3073 end
Average processing time of GrabImageRGBD(): 11.7154ms
Frame 3074 end
Average processing time of GrabImageRGBD(): 11.7136ms
Frame 3075 end
Average processing time of GrabImageRGBD(): 11.7117ms
Frame 3076 end
Average processing time of GrabImageRGBD(): 11.7098ms
Frame 3077 end
Average processing time of GrabImageRGBD(): 11.719ms
Frame 3078 end
Average processing time of GrabImageRGBD(): 11.7259ms
Frame 3079 end
Average processing time of GrabImageRGBD(): 11.7269ms
Frame 3080 end
Average processing time of GrabImageRGBD(): 11.7258ms
Frame 3081 end
Average processing time of GrabImageRGBD(): 11.7232ms
Frame 3082 end
Average processing time of GrabImageRGBD(): 11.7208ms
Frame 3083 end
Average processing time of GrabImageRGBD(): 11.7181ms
Frame 3084 end
Average processing time of GrabImageRGBD(): 11.7154ms
Frame 3085 end
Average processing time of GrabImageRGBD(): 11.7126ms
Frame 3086 end
Average processing time of GrabImageRGBD(): 11.7108ms
Frame 3087 end
Average processing time of GrabImageRGBD(): 11.7205ms
Frame 3088 end
Average processing time of GrabImageRGBD(): 11.7276ms
Frame 3089 end
Average processing time of GrabImageRGBD(): 11.7267ms
Frame 3090 end
Average processing time of GrabImageRGBD(): 11.725ms
Frame 3091 end
Average processing time of GrabImageRGBD(): 11.7313ms
Frame 3092 end
Average processing time of GrabImageRGBD(): 11.7293ms
Frame 3093 end
Average processing time of GrabImageRGBD(): 11.7371ms
Frame 3094 end
Average processing time of GrabImageRGBD(): 11.7441ms
Frame 3095 end
Average processing time of GrabImageRGBD(): 11.751ms
Frame 3096 end
Average processing time of GrabImageRGBD(): 11.7604ms
Frame 3097 end
Average processing time of GrabImageRGBD(): 11.7605ms
Frame 3098 end
Average processing time of GrabImageRGBD(): 11.7577ms
Frame 3099 end
Average processing time of GrabImageRGBD(): 11.7642ms
Frame 3100 end
Average processing time of GrabImageRGBD(): 11.7716ms
Frame 3101 end
Average processing time of GrabImageRGBD(): 11.7802ms
Frame 3102 end
Average processing time of GrabImageRGBD(): 11.787ms
Frame 3103 end
Average processing time of GrabImageRGBD(): 11.7943ms
Frame 3104 end
Average processing time of GrabImageRGBD(): 11.8017ms
Frame 3105 end
Average processing time of GrabImageRGBD(): 11.8085ms
Frame 3106 end
Average processing time of GrabImageRGBD(): 11.8159ms
Frame 3107 end
Average processing time of GrabImageRGBD(): 11.823ms
Frame 3108 end
Average processing time of GrabImageRGBD(): 11.8301ms
Frame 3109 end
Average processing time of GrabImageRGBD(): 11.8375ms
Frame 3110 end
Average processing time of GrabImageRGBD(): 11.8465ms
Frame 3111 end
Average processing time of GrabImageRGBD(): 11.8532ms
Frame 3112 end
Average processing time of GrabImageRGBD(): 11.8604ms
Frame 3113 end
Average processing time of GrabImageRGBD(): 11.8671ms
Frame 3114 end
Average processing time of GrabImageRGBD(): 11.875ms
Frame 3115 end
Average processing time of GrabImageRGBD(): 11.8817ms
Frame 3116 end
Average processing time of GrabImageRGBD(): 11.8905ms
Frame 3117 end
Average processing time of GrabImageRGBD(): 11.8974ms
Frame 3118 end
Average processing time of GrabImageRGBD(): 11.9052ms
Frame 3119 end
Average processing time of GrabImageRGBD(): 11.9123ms
Frame 3120 end
Average processing time of GrabImageRGBD(): 11.9196ms
Frame 3121 end
Average processing time of GrabImageRGBD(): 11.9281ms
Frame 3122 end
Average processing time of GrabImageRGBD(): 11.9354ms
Frame 3123 end
Average processing time of GrabImageRGBD(): 11.9427ms
Frame 3124 end
Average processing time of GrabImageRGBD(): 11.9503ms
Frame 3125 end
Average processing time of GrabImageRGBD(): 11.9569ms
Frame 3126 end
Average processing time of GrabImageRGBD(): 11.9634ms
Frame 3127 end
Average processing time of GrabImageRGBD(): 11.97ms
Frame 3128 end
Average processing time of GrabImageRGBD(): 11.977ms
Frame 3129 end
Average processing time of GrabImageRGBD(): 11.9864ms
Frame 3130 end
Average processing time of GrabImageRGBD(): 11.9944ms
Frame 3131 end
Average processing time of GrabImageRGBD(): 12.0015ms
Frame 3132 end
Average processing time of GrabImageRGBD(): 12.0087ms
Frame 3133 end
Average processing time of GrabImageRGBD(): 12.0158ms
Frame 3134 end
Average processing time of GrabImageRGBD(): 12.0234ms
Frame 3135 end
Average processing time of GrabImageRGBD(): 12.0304ms
Frame 3136 end
Average processing time of GrabImageRGBD(): 12.0381ms
Frame 3137 end
Average processing time of GrabImageRGBD(): 12.0449ms
Frame 3138 end
Average processing time of GrabImageRGBD(): 12.0564ms
Frame 3139 end
Average processing time of GrabImageRGBD(): 12.064ms
Frame 3140 end
Average processing time of GrabImageRGBD(): 12.0715ms
Frame 3141 end
Average processing time of GrabImageRGBD(): 12.0804ms
Frame 3142 end
Average processing time of GrabImageRGBD(): 12.0872ms
Frame 3143 end
Average processing time of GrabImageRGBD(): 12.0944ms
Frame 3144 end
Average processing time of GrabImageRGBD(): 12.1015ms
Frame 3145 end
Average processing time of GrabImageRGBD(): 12.1086ms
Frame 3146 end
Average processing time of GrabImageRGBD(): 12.1157ms
Frame 3147 end
Average processing time of GrabImageRGBD(): 12.1227ms
Frame 3148 end
Average processing time of GrabImageRGBD(): 12.1299ms
Frame 3149 end
Average processing time of GrabImageRGBD(): 12.1373ms
Frame 3150 end
Average processing time of GrabImageRGBD(): 12.1445ms
Frame 3151 end
Average processing time of GrabImageRGBD(): 12.1516ms
Frame 3152 end
Average processing time of GrabImageRGBD(): 12.1593ms
Frame 3153 end
Average processing time of GrabImageRGBD(): 12.1672ms
Frame 3154 end
Average processing time of GrabImageRGBD(): 12.1741ms
Frame 3155 end
Average processing time of GrabImageRGBD(): 12.1811ms
Frame 3156 end
Average processing time of GrabImageRGBD(): 12.1896ms
Frame 3157 end
Average processing time of GrabImageRGBD(): 12.1969ms
Frame 3158 end
Average processing time of GrabImageRGBD(): 12.2038ms
Frame 3159 end
Average processing time of GrabImageRGBD(): 12.213ms
Frame 3160 end
Average processing time of GrabImageRGBD(): 12.2205ms
Frame 3161 end
Average processing time of GrabImageRGBD(): 12.2284ms
Frame 3162 end
Average processing time of GrabImageRGBD(): 12.2372ms
Frame 3163 end
Average processing time of GrabImageRGBD(): 12.2351ms
Frame 3164 end
Average processing time of GrabImageRGBD(): 12.2427ms
Frame 3165 end
Average processing time of GrabImageRGBD(): 12.2496ms
Frame 3166 end
Average processing time of GrabImageRGBD(): 12.2586ms
Frame 3167 end
Average processing time of GrabImageRGBD(): 12.2576ms
Frame 3168 end
Average processing time of GrabImageRGBD(): 12.2547ms
Frame 3169 end
Average processing time of GrabImageRGBD(): 12.2523ms
Frame 3170 end
Average processing time of GrabImageRGBD(): 12.2598ms
Frame 3171 end
Average processing time of GrabImageRGBD(): 12.2674ms
Frame 3172 end
Average processing time of GrabImageRGBD(): 12.2758ms
Frame 3173 end
Average processing time of GrabImageRGBD(): 12.2834ms
Frame 3174 end
Average processing time of GrabImageRGBD(): 12.2911ms
Frame 3175 end
Average processing time of GrabImageRGBD(): 12.2892ms
Frame 3176 end
Average processing time of GrabImageRGBD(): 12.2961ms
Frame 3177 end
Average processing time of GrabImageRGBD(): 12.3039ms
Frame 3178 end
Average processing time of GrabImageRGBD(): 12.3109ms
Frame 3179 end
Average processing time of GrabImageRGBD(): 12.3088ms
Frame 3180 end
Average processing time of GrabImageRGBD(): 12.3151ms
Frame 3181 end
Average processing time of GrabImageRGBD(): 12.3227ms
Frame 3182 end
Average processing time of GrabImageRGBD(): 12.3324ms
Frame 3183 end
Average processing time of GrabImageRGBD(): 12.3421ms
Frame 3184 end
Average processing time of GrabImageRGBD(): 12.3492ms
Frame 3185 end
Average processing time of GrabImageRGBD(): 12.3561ms
Frame 3186 end
Average processing time of GrabImageRGBD(): 12.3633ms
Frame 3187 end
Average processing time of GrabImageRGBD(): 12.3707ms
Frame 3188 end
Average processing time of GrabImageRGBD(): 12.3786ms
Frame 3189 end
Average processing time of GrabImageRGBD(): 12.386ms
Frame 3190 end
Average processing time of GrabImageRGBD(): 12.3928ms
Frame 3191 end
Average processing time of GrabImageRGBD(): 12.4025ms
Frame 3192 end
Average processing time of GrabImageRGBD(): 12.4109ms
Frame 3193 end
Average processing time of GrabImageRGBD(): 12.4097ms
Frame 3194 end
Average processing time of GrabImageRGBD(): 12.4159ms
Frame 3195 end
Average processing time of GrabImageRGBD(): 12.4223ms
Frame 3196 end
Average processing time of GrabImageRGBD(): 12.429ms
Frame 3197 end
Average processing time of GrabImageRGBD(): 12.4276ms
Frame 3198 end
Average processing time of GrabImageRGBD(): 12.4245ms
Frame 3199 end
Average processing time of GrabImageRGBD(): 12.4218ms
Frame 3200 end
Average processing time of GrabImageRGBD(): 12.4274ms
Frame 3201 end
Average processing time of GrabImageRGBD(): 12.426ms
Frame 3202 end
Average processing time of GrabImageRGBD(): 12.4239ms
Frame 3203 end
Average processing time of GrabImageRGBD(): 12.4301ms
Frame 3204 end
Average processing time of GrabImageRGBD(): 12.437ms
Frame 3205 end
Average processing time of GrabImageRGBD(): 12.4443ms
Frame 3206 end
Average processing time of GrabImageRGBD(): 12.4511ms
Frame 3207 end
Average processing time of GrabImageRGBD(): 12.4607ms
Frame 3208 end
Average processing time of GrabImageRGBD(): 12.4678ms
Frame 3209 end
Average processing time of GrabImageRGBD(): 12.4743ms
Frame 3210 end
Average processing time of GrabImageRGBD(): 12.4812ms
Frame 3211 end
Average processing time of GrabImageRGBD(): 12.4891ms
Frame 3212 end
Average processing time of GrabImageRGBD(): 12.4977ms
Frame 3213 end
Average processing time of GrabImageRGBD(): 12.505ms
Frame 3214 end
Average processing time of GrabImageRGBD(): 12.5115ms
Frame 3215 end
Average processing time of GrabImageRGBD(): 12.5209ms
Frame 3216 end
Average processing time of GrabImageRGBD(): 12.5282ms
Frame 3217 end
Average processing time of GrabImageRGBD(): 12.5367ms
Frame 3218 end
Average processing time of GrabImageRGBD(): 12.5501ms
Frame 3219 end
Average processing time of GrabImageRGBD(): 12.557ms
Frame 3220 end
Average processing time of GrabImageRGBD(): 12.5648ms
Frame 3221 end
Average processing time of GrabImageRGBD(): 12.5722ms
Frame 3222 end
Average processing time of GrabImageRGBD(): 12.5802ms
Frame 3223 end
Average processing time of GrabImageRGBD(): 12.5879ms
Frame 3224 end
Average processing time of GrabImageRGBD(): 12.595ms
Frame 3225 end
Average processing time of GrabImageRGBD(): 12.6022ms
Frame 3226 end
Average processing time of GrabImageRGBD(): 12.6131ms
Frame 3227 end
Average processing time of GrabImageRGBD(): 12.6113ms
Frame 3228 end
Average processing time of GrabImageRGBD(): 12.6181ms
Frame 3229 end
Average processing time of GrabImageRGBD(): 12.6269ms
Frame 3230 end
Average processing time of GrabImageRGBD(): 12.6344ms
Frame 3231 end
Average processing time of GrabImageRGBD(): 12.6333ms
Frame 3232 end
Average processing time of GrabImageRGBD(): 12.6307ms
Frame 3233 end
Average processing time of GrabImageRGBD(): 12.6276ms
Frame 3234 end
Average processing time of GrabImageRGBD(): 12.625ms
Frame 3235 end
Average processing time of GrabImageRGBD(): 12.6329ms
Frame 3236 end
Average processing time of GrabImageRGBD(): 12.6402ms
Frame 3237 end
Average processing time of GrabImageRGBD(): 12.6476ms
Frame 3238 end
Average processing time of GrabImageRGBD(): 12.6549ms
Frame 3239 end
Average processing time of GrabImageRGBD(): 12.6622ms
Frame 3240 end
Average processing time of GrabImageRGBD(): 12.6735ms
Frame 3241 end
Average processing time of GrabImageRGBD(): 12.6819ms
Frame 3242 end
Average processing time of GrabImageRGBD(): 12.69ms
Frame 3243 end
Average processing time of GrabImageRGBD(): 12.6978ms
Frame 3244 end
Average processing time of GrabImageRGBD(): 12.7064ms
Frame 3245 end
Average processing time of GrabImageRGBD(): 12.7143ms
Frame 3246 end
Average processing time of GrabImageRGBD(): 12.7219ms
Frame 3247 end
Average processing time of GrabImageRGBD(): 12.7294ms
Frame 3248 end
Average processing time of GrabImageRGBD(): 12.7384ms
Frame 3249 end
Average processing time of GrabImageRGBD(): 12.7472ms
Frame 3250 end
Average processing time of GrabImageRGBD(): 12.7548ms
Frame 3251 end
Average processing time of GrabImageRGBD(): 12.7624ms
Frame 3252 end
Average processing time of GrabImageRGBD(): 12.7697ms
Frame 3253 end
Average processing time of GrabImageRGBD(): 12.7772ms
Frame 3254 end
Average processing time of GrabImageRGBD(): 12.7854ms
Frame 3255 end
Average processing time of GrabImageRGBD(): 12.793ms
Frame 3256 end
Average processing time of GrabImageRGBD(): 12.8007ms
Frame 3257 end
Average processing time of GrabImageRGBD(): 12.8099ms
Frame 3258 end
Average processing time of GrabImageRGBD(): 12.818ms
Frame 3259 end
Average processing time of GrabImageRGBD(): 12.8252ms
Frame 3260 end
Average processing time of GrabImageRGBD(): 12.8322ms
Frame 3261 end
Average processing time of GrabImageRGBD(): 12.8406ms
Frame 3262 end
Average processing time of GrabImageRGBD(): 12.8486ms
Frame 3263 end
Average processing time of GrabImageRGBD(): 12.8567ms
Frame 3264 end
Average processing time of GrabImageRGBD(): 12.864ms
Frame 3265 end
Average processing time of GrabImageRGBD(): 12.8717ms
Frame 3266 end
Average processing time of GrabImageRGBD(): 12.8793ms
Frame 3267 end
Average processing time of GrabImageRGBD(): 12.8894ms
Frame 3268 end
Average processing time of GrabImageRGBD(): 12.8985ms
Frame 3269 end
Average processing time of GrabImageRGBD(): 12.9059ms
Frame 3270 end
Average processing time of GrabImageRGBD(): 12.9144ms
Frame 3271 end
Average processing time of GrabImageRGBD(): 12.9235ms
Frame 3272 end
Average processing time of GrabImageRGBD(): 12.9324ms
Frame 3273 end
Average processing time of GrabImageRGBD(): 12.9394ms
Frame 3274 end
Average processing time of GrabImageRGBD(): 12.9468ms
Frame 3275 end
Average processing time of GrabImageRGBD(): 12.954ms
Frame 3276 end
Average processing time of GrabImageRGBD(): 12.9618ms
Frame 3277 end
Average processing time of GrabImageRGBD(): 12.9704ms
Frame 3278 end
Average processing time of GrabImageRGBD(): 12.9781ms
Frame 3279 end
Average processing time of GrabImageRGBD(): 12.9853ms
Frame 3280 end
Average processing time of GrabImageRGBD(): 12.9934ms
Frame 3281 end
Average processing time of GrabImageRGBD(): 13.0053ms
Frame 3282 end
Average processing time of GrabImageRGBD(): 13.0128ms
Frame 3283 end
Average processing time of GrabImageRGBD(): 13.023ms
Frame 3284 end
Average processing time of GrabImageRGBD(): 13.031ms
Frame 3285 end
Average processing time of GrabImageRGBD(): 13.038ms
Frame 3286 end
Average processing time of GrabImageRGBD(): 13.0478ms
Frame 3287 end
Average processing time of GrabImageRGBD(): 13.0559ms
Frame 3288 end
Average processing time of GrabImageRGBD(): 13.0648ms
Frame 3289 end
Average processing time of GrabImageRGBD(): 13.0729ms
Frame 3290 end
Average processing time of GrabImageRGBD(): 13.083ms
Frame 3291 end
Average processing time of GrabImageRGBD(): 13.093ms
Frame 3292 end
Average processing time of GrabImageRGBD(): 13.1006ms
Frame 3293 end
Average processing time of GrabImageRGBD(): 13.1096ms
Frame 3294 end
Average processing time of GrabImageRGBD(): 13.1173ms
Frame 3295 end
Average processing time of GrabImageRGBD(): 13.1262ms
Frame 3296 end
Average processing time of GrabImageRGBD(): 13.1344ms
Frame 3297 end
Average processing time of GrabImageRGBD(): 13.1452ms
Frame 3298 end
Average processing time of GrabImageRGBD(): 13.1586ms
Frame 3299 end
Average processing time of GrabImageRGBD(): 13.168ms
Frame 3300 end
Average processing time of GrabImageRGBD(): 13.1789ms
Frame 3301 end
Average processing time of GrabImageRGBD(): 13.1886ms
Frame 3302 end
Average processing time of GrabImageRGBD(): 13.1965ms
Frame 3303 end
Average processing time of GrabImageRGBD(): 13.2066ms
Frame 3304 end
Average processing time of GrabImageRGBD(): 13.2147ms
Frame 3305 end
Average processing time of GrabImageRGBD(): 13.2242ms
Frame 3306 end
Average processing time of GrabImageRGBD(): 13.2334ms
Frame 3307 end
Average processing time of GrabImageRGBD(): 13.2421ms
Frame 3308 end
Average processing time of GrabImageRGBD(): 13.2504ms
Frame 3309 end
Average processing time of GrabImageRGBD(): 13.258ms
Frame 3310 end
Average processing time of GrabImageRGBD(): 13.2657ms
Frame 3311 end
Average processing time of GrabImageRGBD(): 13.274ms
Frame 3312 end
Average processing time of GrabImageRGBD(): 13.2836ms
Frame 3313 end
Average processing time of GrabImageRGBD(): 13.2917ms
Frame 3314 end
Average processing time of GrabImageRGBD(): 13.3006ms
Frame 3315 end
Average processing time of GrabImageRGBD(): 13.3106ms
Frame 3316 end
Average processing time of GrabImageRGBD(): 13.3187ms
Frame 3317 end
Average processing time of GrabImageRGBD(): 13.3284ms
Frame 3318 end
Average processing time of GrabImageRGBD(): 13.3372ms
Frame 3319 end
Average processing time of GrabImageRGBD(): 13.3468ms
Frame 3320 end
Average processing time of GrabImageRGBD(): 13.358ms
Frame 3321 end
Average processing time of GrabImageRGBD(): 13.3698ms
Frame 3322 end
Average processing time of GrabImageRGBD(): 13.3796ms
Frame 3323 end
Average processing time of GrabImageRGBD(): 13.3897ms
Frame 3324 end
Average processing time of GrabImageRGBD(): 13.3985ms
Frame 3325 end
Average processing time of GrabImageRGBD(): 13.4067ms
Frame 3326 end
Average processing time of GrabImageRGBD(): 13.4159ms
Frame 3327 end
Average processing time of GrabImageRGBD(): 13.4257ms
Frame 3328 end
Average processing time of GrabImageRGBD(): 13.4344ms
Frame 3329 end
Average processing time of GrabImageRGBD(): 13.4328ms
Frame 3330 end
Average processing time of GrabImageRGBD(): 13.4397ms
Frame 3331 end
Average processing time of GrabImageRGBD(): 13.4495ms
Frame 3332 end
Average processing time of GrabImageRGBD(): 13.4578ms
Frame 3333 end
Average processing time of GrabImageRGBD(): 13.4569ms
Frame 3334 end
Average processing time of GrabImageRGBD(): 13.4638ms
Frame 3335 end
Average processing time of GrabImageRGBD(): 13.4727ms
Frame 3336 end
Average processing time of GrabImageRGBD(): 13.4718ms
Frame 3337 end
Average processing time of GrabImageRGBD(): 13.4828ms
Frame 3338 end
Average processing time of GrabImageRGBD(): 13.4931ms
Frame 3339 end
Average processing time of GrabImageRGBD(): 13.5033ms
Frame 3340 end
Average processing time of GrabImageRGBD(): 13.5115ms
Frame 3341 end
Average processing time of GrabImageRGBD(): 13.5204ms
Frame 3342 end
Average processing time of GrabImageRGBD(): 13.5195ms
Frame 3343 end
Average processing time of GrabImageRGBD(): 13.5328ms
Frame 3344 end
Average processing time of GrabImageRGBD(): 13.5437ms
Frame 3345 end
Average processing time of GrabImageRGBD(): 13.5553ms
Frame 3346 end
Average processing time of GrabImageRGBD(): 13.5652ms
Frame 3347 end
Average processing time of GrabImageRGBD(): 13.5743ms
Frame 3348 end
Average processing time of GrabImageRGBD(): 13.5842ms
Frame 3349 end
Average processing time of GrabImageRGBD(): 13.5926ms
Frame 3350 end
Average processing time of GrabImageRGBD(): 13.5913ms
Frame 3351 end
Average processing time of GrabImageRGBD(): 13.5987ms
Frame 3352 end
Average processing time of GrabImageRGBD(): 13.6069ms
Frame 3353 end
Average processing time of GrabImageRGBD(): 13.6147ms
Frame 3354 end
Average processing time of GrabImageRGBD(): 13.6131ms
Frame 3355 end
Average processing time of GrabImageRGBD(): 13.6202ms
Frame 3356 end
Average processing time of GrabImageRGBD(): 13.6292ms
Frame 3357 end
Average processing time of GrabImageRGBD(): 13.638ms
Frame 3358 end
Average processing time of GrabImageRGBD(): 13.6365ms
Frame 3359 end
Average processing time of GrabImageRGBD(): 13.6434ms
Frame 3360 end
Average processing time of GrabImageRGBD(): 13.6511ms
Frame 3361 end
Average processing time of GrabImageRGBD(): 13.6604ms
Frame 3362 end
Average processing time of GrabImageRGBD(): 13.6714ms
Frame 3363 end
Average processing time of GrabImageRGBD(): 13.6806ms
Frame 3364 end
Average processing time of GrabImageRGBD(): 13.6795ms
Frame 3365 end
Average processing time of GrabImageRGBD(): 13.6869ms
Frame 3366 end
Average processing time of GrabImageRGBD(): 13.6859ms
Frame 3367 end
Average processing time of GrabImageRGBD(): 13.6836ms
Frame 3368 end
Average processing time of GrabImageRGBD(): 13.6907ms
Frame 3369 end
Average processing time of GrabImageRGBD(): 13.6895ms
Frame 3370 end
Average processing time of GrabImageRGBD(): 13.6872ms
Frame 3371 end
Average processing time of GrabImageRGBD(): 13.686ms
Frame 3372 end
Average processing time of GrabImageRGBD(): 13.6837ms
Frame 3373 end
Average processing time of GrabImageRGBD(): 13.6813ms
Frame 3374 end
Average processing time of GrabImageRGBD(): 13.6883ms
Frame 3375 end
Average processing time of GrabImageRGBD(): 13.6956ms
Frame 3376 end
Average processing time of GrabImageRGBD(): 13.7028ms
Frame 3377 end
Average processing time of GrabImageRGBD(): 13.7023ms
Frame 3378 end
Average processing time of GrabImageRGBD(): 13.6994ms
Frame 3379 end
Average processing time of GrabImageRGBD(): 13.6961ms
Frame 3380 end
Average processing time of GrabImageRGBD(): 13.6931ms
Frame 3381 end
Average processing time of GrabImageRGBD(): 13.6899ms
Frame 3382 end
Average processing time of GrabImageRGBD(): 13.6868ms
Frame 3383 end
Average processing time of GrabImageRGBD(): 13.6835ms
Frame 3384 end
Average processing time of GrabImageRGBD(): 13.6804ms
Frame 3385 end
Average processing time of GrabImageRGBD(): 13.6771ms
Frame 3386 end
Average processing time of GrabImageRGBD(): 13.6739ms
Frame 3387 end
Average processing time of GrabImageRGBD(): 13.6709ms
Frame 3388 end
Average processing time of GrabImageRGBD(): 13.6678ms
Frame 3389 end
Average processing time of GrabImageRGBD(): 13.6645ms
Frame 3390 end
Average processing time of GrabImageRGBD(): 13.6614ms
Frame 3391 end
Average processing time of GrabImageRGBD(): 13.6669ms
Frame 3392 end
Average processing time of GrabImageRGBD(): 13.6732ms
Frame 3393 end
Average processing time of GrabImageRGBD(): 13.6815ms
Frame 3394 end
Average processing time of GrabImageRGBD(): 13.6884ms
Frame 3395 end
Average processing time of GrabImageRGBD(): 13.696ms
Frame 3396 end
Average processing time of GrabImageRGBD(): 13.7032ms
Frame 3397 end
Average processing time of GrabImageRGBD(): 13.71ms
Frame 3398 end
Average processing time of GrabImageRGBD(): 13.7189ms
Frame 3399 end
Average processing time of GrabImageRGBD(): 13.7291ms
Frame 3400 end
Average processing time of GrabImageRGBD(): 13.7393ms
Frame 3401 end
Average processing time of GrabImageRGBD(): 13.7461ms
Frame 3402 end
Average processing time of GrabImageRGBD(): 13.7527ms
Frame 3403 end
Average processing time of GrabImageRGBD(): 13.7601ms
Frame 3404 end
Average processing time of GrabImageRGBD(): 13.768ms
Frame 3405 end
Average processing time of GrabImageRGBD(): 13.7749ms
Frame 3406 end
Average processing time of GrabImageRGBD(): 13.7824ms
Frame 3407 end
Average processing time of GrabImageRGBD(): 13.7896ms
Frame 3408 end
Average processing time of GrabImageRGBD(): 13.7983ms
Frame 3409 end
Average processing time of GrabImageRGBD(): 13.8054ms
Frame 3410 end
Average processing time of GrabImageRGBD(): 13.814ms
Frame 3411 end
Average processing time of GrabImageRGBD(): 13.821ms
Frame 3412 end
Average processing time of GrabImageRGBD(): 13.8284ms
Frame 3413 end
Average processing time of GrabImageRGBD(): 13.8374ms
Frame 3414 end
Average processing time of GrabImageRGBD(): 13.8452ms
Frame 3415 end
Average processing time of GrabImageRGBD(): 13.8512ms
Frame 3416 end
Average processing time of GrabImageRGBD(): 13.8603ms
Frame 3417 end
Average processing time of GrabImageRGBD(): 13.867ms
Frame 3418 end
Average processing time of GrabImageRGBD(): 13.8752ms
Frame 3419 end
Average processing time of GrabImageRGBD(): 13.8823ms
Frame 3420 end
Average processing time of GrabImageRGBD(): 13.8905ms
Frame 3421 end
Average processing time of GrabImageRGBD(): 13.8977ms
Frame 3422 end
Average processing time of GrabImageRGBD(): 13.9064ms
Frame 3423 end
Average processing time of GrabImageRGBD(): 13.9137ms
Frame 3424 end
Average processing time of GrabImageRGBD(): 13.9221ms
Frame 3425 end
Average processing time of GrabImageRGBD(): 13.9291ms
Frame 3426 end
Average processing time of GrabImageRGBD(): 13.9366ms
Frame 3427 end
Average processing time of GrabImageRGBD(): 13.9437ms
Frame 3428 end
Average processing time of GrabImageRGBD(): 13.9519ms
Frame 3429 end
Average processing time of GrabImageRGBD(): 13.9602ms
Frame 3430 end
Average processing time of GrabImageRGBD(): 13.9662ms
Frame 3431 end
Average processing time of GrabImageRGBD(): 13.9727ms
Frame 3432 end
Average processing time of GrabImageRGBD(): 13.9819ms
Frame 3433 end
Average processing time of GrabImageRGBD(): 13.9886ms
Frame 3434 end
Average processing time of GrabImageRGBD(): 13.9949ms
Frame 3435 end
Average processing time of GrabImageRGBD(): 14.0017ms
Frame 3436 end
Average processing time of GrabImageRGBD(): 14.0083ms
Frame 3437 end
Average processing time of GrabImageRGBD(): 14.0145ms
Frame 3438 end
Average processing time of GrabImageRGBD(): 14.0209ms
Frame 3439 end
Average processing time of GrabImageRGBD(): 14.0286ms
Frame 3440 end
Average processing time of GrabImageRGBD(): 14.0374ms
Frame 3441 end
Average processing time of GrabImageRGBD(): 14.0444ms
Frame 3442 end
Average processing time of GrabImageRGBD(): 14.0506ms
Frame 3443 end
Average processing time of GrabImageRGBD(): 14.0483ms
Frame 3444 end
Average processing time of GrabImageRGBD(): 14.0539ms
Frame 3445 end
Average processing time of GrabImageRGBD(): 14.0603ms
Frame 3446 end
Average processing time of GrabImageRGBD(): 14.0665ms
Frame 3447 end
Average processing time of GrabImageRGBD(): 14.0642ms
Frame 3448 end
Average processing time of GrabImageRGBD(): 14.0617ms
Frame 3449 end
Average processing time of GrabImageRGBD(): 14.0587ms
Frame 3450 end
Average processing time of GrabImageRGBD(): 14.0554ms
Frame 3451 end
Average processing time of GrabImageRGBD(): 14.0527ms
Frame 3452 end
Average processing time of GrabImageRGBD(): 14.0494ms
Frame 3453 end
Average processing time of GrabImageRGBD(): 14.0464ms
Frame 3454 end
Not enough matches for SearchByOpticalFlow() !!
Average processing time of GrabImageRGBD(): 14.0428ms
Frame 3455 end
Not enough matches for SearchByOpticalFlow() !!
Average processing time of GrabImageRGBD(): 14.0395ms
Frame 3456 end
Not enough matches for SearchByOpticalFlow() !!
Average processing time of GrabImageRGBD(): 14.0361ms
Frame 3457 end
Not enough matches for SearchByOpticalFlow() !!
Average processing time of GrabImageRGBD(): 14.0326ms
Frame 3458 end
Not enough matches for SearchByOpticalFlow() !!
Average processing time of GrabImageRGBD(): 14.0292ms
Frame 3459 end
Not enough matches for SearchByOpticalFlow() !!
Average processing time of GrabImageRGBD(): 14.0256ms
Frame 3460 end
Not enough matches for SearchByOpticalFlow() !!
TRACK_REF_KF: Less than 15 matches!!
Fail to track local map!!!!!!!!!!!!!!!
Average processing time of GrabImageRGBD(): 14.03ms
Frame 3461 end
Not enough matches for SearchByOpticalFlow() !!
Fail to track local map!!!!!!!!!!!!!!!
Average processing time of GrabImageRGBD(): 14.0334ms
Frame 3462 end
Not enough matches for SearchByOpticalFlow() !!
Fail to track local map!!!!!!!!!!!!!!!
Average processing time of GrabImageRGBD(): 14.0371ms
Frame 3463 end
Not enough matches for SearchByOpticalFlow() !!
Fail to track local map!!!!!!!!!!!!!!!
Average processing time of GrabImageRGBD(): 14.0408ms
Frame 3464 end
Not enough matches for SearchByOpticalFlow() !!
Fail to track local map!!!!!!!!!!!!!!!
Average processing time of GrabImageRGBD(): 14.0441ms
Frame 3465 end
Not enough matches for SearchByOpticalFlow() !!
Fail to track local map!!!!!!!!!!!!!!!
Average processing time of GrabImageRGBD(): 14.0475ms
Frame 3466 end
Not enough matches for SearchByOpticalFlow() !!
Fail to track local map!!!!!!!!!!!!!!!
Average processing time of GrabImageRGBD(): 14.0508ms
Frame 3467 end
Not enough matches for SearchByOpticalFlow() !!
Fail to track local map!!!!!!!!!!!!!!!
Average processing time of GrabImageRGBD(): 14.0544ms
Frame 3468 end
Not enough matches for SearchByOpticalFlow() !!
Fail to track local map!!!!!!!!!!!!!!!
Average processing time of GrabImageRGBD(): 14.0581ms
Frame 3469 end
Not enough matches for SearchByOpticalFlow() !!
Fail to track local map!!!!!!!!!!!!!!!
Average processing time of GrabImageRGBD(): 14.0616ms
Frame 3470 end
Not enough matches for SearchByOpticalFlow() !!
Fail to track local map!!!!!!!!!!!!!!!
Average processing time of GrabImageRGBD(): 14.0664ms
Frame 3471 end
Not enough matches for SearchByOpticalFlow() !!
Fail to track local map!!!!!!!!!!!!!!!
Average processing time of GrabImageRGBD(): 14.0696ms
Frame 3472 end
Not enough matches for SearchByOpticalFlow() !!
Fail to track local map!!!!!!!!!!!!!!!
Average processing time of GrabImageRGBD(): 14.0728ms
Frame 3473 end
Not enough matches for SearchByOpticalFlow() !!
Fail to track local map!!!!!!!!!!!!!!!
Average processing time of GrabImageRGBD(): 14.0762ms
Frame 3474 end
Not enough matches for SearchByOpticalFlow() !!
Fail to track local map!!!!!!!!!!!!!!!
Average processing time of GrabImageRGBD(): 14.0796ms
Frame 3475 end
Not enough matches for SearchByOpticalFlow() !!
Fail to track local map!!!!!!!!!!!!!!!
Average processing time of GrabImageRGBD(): 14.0828ms
Frame 3476 end
Not enough matches for SearchByOpticalFlow() !!
Fail to track local map!!!!!!!!!!!!!!!
Average processing time of GrabImageRGBD(): 14.0859ms
Frame 3477 end
Not enough matches for SearchByOpticalFlow() !!
Fail to track local map!!!!!!!!!!!!!!!
Average processing time of GrabImageRGBD(): 14.0894ms
Frame 3478 end
Not enough matches for SearchByOpticalFlow() !!
Fail to track local map!!!!!!!!!!!!!!!
Average processing time of GrabImageRGBD(): 14.0946ms
Frame 3479 end
Not enough matches for SearchByOpticalFlow() !!
Fail to track local map!!!!!!!!!!!!!!!
Average processing time of GrabImageRGBD(): 14.0979ms
Frame 3480 end
Not enough matches for SearchByOpticalFlow() !!
Fail to track local map!!!!!!!!!!!!!!!
Average processing time of GrabImageRGBD(): 14.1012ms
Frame 3481 end
Not enough matches for SearchByOpticalFlow() !!
Fail to track local map!!!!!!!!!!!!!!!
Average processing time of GrabImageRGBD(): 14.105ms
Frame 3482 end
Not enough matches for SearchByOpticalFlow() !!
Fail to track local map!!!!!!!!!!!!!!!
Average processing time of GrabImageRGBD(): 14.1081ms
Frame 3483 end
Not enough matches for SearchByOpticalFlow() !!
Fail to track local map!!!!!!!!!!!!!!!
Average processing time of GrabImageRGBD(): 14.1114ms
Frame 3484 end
Not enough matches for SearchByOpticalFlow() !!
Fail to track local map!!!!!!!!!!!!!!!
Average processing time of GrabImageRGBD(): 14.1147ms
Frame 3485 end
Not enough matches for SearchByOpticalFlow() !!
Fail to track local map!!!!!!!!!!!!!!!
Average processing time of GrabImageRGBD(): 14.1179ms
Frame 3486 end
Not enough matches for SearchByOpticalFlow() !!
Fail to track local map!!!!!!!!!!!!!!!
Average processing time of GrabImageRGBD(): 14.1212ms
Frame 3487 end
Not enough matches for SearchByOpticalFlow() !!
Fail to track local map!!!!!!!!!!!!!!!
Average processing time of GrabImageRGBD(): 14.125ms
Frame 3488 end
Not enough matches for SearchByOpticalFlow() !!
Fail to track local map!!!!!!!!!!!!!!!
Average processing time of GrabImageRGBD(): 14.1293ms
Frame 3489 end
Not enough matches for SearchByOpticalFlow() !!
Fail to track local map!!!!!!!!!!!!!!!
Average processing time of GrabImageRGBD(): 14.1322ms
Frame 3490 end
Not enough matches for SearchByOpticalFlow() !!
Fail to track local map!!!!!!!!!!!!!!!
Average processing time of GrabImageRGBD(): 14.1352ms
Frame 3491 end
Not enough matches for SearchByOpticalFlow() !!
Fail to track local map!!!!!!!!!!!!!!!
Average processing time of GrabImageRGBD(): 14.1386ms
Frame 3492 end
Not enough matches for SearchByOpticalFlow() !!
Fail to track local map!!!!!!!!!!!!!!!
Average processing time of GrabImageRGBD(): 14.142ms
Frame 3493 end
Not enough matches for SearchByOpticalFlow() !!
Fail to track local map!!!!!!!!!!!!!!!
Average processing time of GrabImageRGBD(): 14.1464ms
Frame 3494 end
Not enough matches for SearchByOpticalFlow() !!
Fail to track local map!!!!!!!!!!!!!!!
Average processing time of GrabImageRGBD(): 14.1495ms
Frame 3495 end
Not enough matches for SearchByOpticalFlow() !!
Fail to track local map!!!!!!!!!!!!!!!
Average processing time of GrabImageRGBD(): 14.1543ms
Frame 3496 end
Not enough matches for SearchByOpticalFlow() !!
Fail to track local map!!!!!!!!!!!!!!!
Average processing time of GrabImageRGBD(): 14.1574ms
Frame 3497 end
Not enough matches for SearchByOpticalFlow() !!
Fail to track local map!!!!!!!!!!!!!!!
Average processing time of GrabImageRGBD(): 14.1622ms
Frame 3498 end
Not enough matches for SearchByOpticalFlow() !!
Fail to track local map!!!!!!!!!!!!!!!
Average processing time of GrabImageRGBD(): 14.1654ms
Frame 3499 end
Not enough matches for SearchByOpticalFlow() !!
Fail to track local map!!!!!!!!!!!!!!!
Average processing time of GrabImageRGBD(): 14.1689ms
Frame 3500 end
Not enough matches for SearchByOpticalFlow() !!
Fail to track local map!!!!!!!!!!!!!!!
Average processing time of GrabImageRGBD(): 14.1718ms
Frame 3501 end
Not enough matches for SearchByOpticalFlow() !!
Fail to track local map!!!!!!!!!!!!!!!
Average processing time of GrabImageRGBD(): 14.1749ms
Frame 3502 end
Not enough matches for SearchByOpticalFlow() !!
Fail to track local map!!!!!!!!!!!!!!!
Average processing time of GrabImageRGBD(): 14.1786ms
Frame 3503 end
Not enough matches for SearchByOpticalFlow() !!
Fail to track local map!!!!!!!!!!!!!!!
Average processing time of GrabImageRGBD(): 14.1816ms
Frame 3504 end
Not enough matches for SearchByOpticalFlow() !!
Fail to track local map!!!!!!!!!!!!!!!
Average processing time of GrabImageRGBD(): 14.1848ms
Frame 3505 end
Not enough matches for SearchByOpticalFlow() !!
Fail to track local map!!!!!!!!!!!!!!!
Average processing time of GrabImageRGBD(): 14.1878ms
Frame 3506 end
Not enough matches for SearchByOpticalFlow() !!
Fail to track local map!!!!!!!!!!!!!!!
Average processing time of GrabImageRGBD(): 14.1906ms
Frame 3507 end
Not enough matches for SearchByOpticalFlow() !!
Fail to track local map!!!!!!!!!!!!!!!
Average processing time of GrabImageRGBD(): 14.1932ms
Frame 3508 end
Not enough matches for SearchByOpticalFlow() !!
Fail to track local map!!!!!!!!!!!!!!!
Average processing time of GrabImageRGBD(): 14.1971ms
Frame 3509 end
Not enough matches for SearchByOpticalFlow() !!
Fail to track local map!!!!!!!!!!!!!!!
Average processing time of GrabImageRGBD(): 14.2003ms
Frame 3510 end
Not enough matches for SearchByOpticalFlow() !!
Fail to track local map!!!!!!!!!!!!!!!
Average processing time of GrabImageRGBD(): 14.2031ms
Frame 3511 end
Not enough matches for SearchByOpticalFlow() !!
Fail to track local map!!!!!!!!!!!!!!!
Average processing time of GrabImageRGBD(): 14.206ms
Frame 3512 end
Not enough matches for SearchByOpticalFlow() !!
Fail to track local map!!!!!!!!!!!!!!!
Average processing time of GrabImageRGBD(): 14.2086ms
Frame 3513 end
Not enough matches for SearchByOpticalFlow() !!
Fail to track local map!!!!!!!!!!!!!!!
Average processing time of GrabImageRGBD(): 14.2125ms
Frame 3514 end
Not enough matches for SearchByOpticalFlow() !!
Fail to track local map!!!!!!!!!!!!!!!
Average processing time of GrabImageRGBD(): 14.2153ms
Frame 3515 end
Not enough matches for SearchByOpticalFlow() !!
Fail to track local map!!!!!!!!!!!!!!!
Average processing time of GrabImageRGBD(): 14.2181ms
Frame 3516 end
Not enough matches for SearchByOpticalFlow() !!
Fail to track local map!!!!!!!!!!!!!!!
Average processing time of GrabImageRGBD(): 14.2211ms
Frame 3517 end
Not enough matches for SearchByOpticalFlow() !!
Fail to track local map!!!!!!!!!!!!!!!
Average processing time of GrabImageRGBD(): 14.2249ms
Frame 3518 end
Not enough matches for SearchByOpticalFlow() !!
Fail to track local map!!!!!!!!!!!!!!!
Average processing time of GrabImageRGBD(): 14.228ms
Frame 3519 end
Not enough matches for SearchByOpticalFlow() !!
Fail to track local map!!!!!!!!!!!!!!!
Average processing time of GrabImageRGBD(): 14.231ms
Frame 3520 end
Not enough matches for SearchByOpticalFlow() !!
Fail to track local map!!!!!!!!!!!!!!!
Average processing time of GrabImageRGBD(): 14.2342ms
Frame 3521 end
Not enough matches for SearchByOpticalFlow() !!
Fail to track local map!!!!!!!!!!!!!!!
Average processing time of GrabImageRGBD(): 14.2374ms
Frame 3522 end
Not enough matches for SearchByOpticalFlow() !!
Fail to track local map!!!!!!!!!!!!!!!
Average processing time of GrabImageRGBD(): 14.2408ms
Frame 3523 end
Not enough matches for SearchByOpticalFlow() !!
Fail to track local map!!!!!!!!!!!!!!!
Average processing time of GrabImageRGBD(): 14.2444ms
Frame 3524 end
Not enough matches for SearchByOpticalFlow() !!
Fail to track local map!!!!!!!!!!!!!!!
Average processing time of GrabImageRGBD(): 14.2479ms
Frame 3525 end
Not enough matches for SearchByOpticalFlow() !!
Fail to track local map!!!!!!!!!!!!!!!
Average processing time of GrabImageRGBD(): 14.2512ms
Frame 3526 end
Not enough matches for SearchByOpticalFlow() !!
Fail to track local map!!!!!!!!!!!!!!!
Average processing time of GrabImageRGBD(): 14.2541ms
Frame 3527 end
Not enough matches for SearchByOpticalFlow() !!
Fail to track local map!!!!!!!!!!!!!!!
Average processing time of GrabImageRGBD(): 14.257ms
Frame 3528 end
Not enough matches for SearchByOpticalFlow() !!
Fail to track local map!!!!!!!!!!!!!!!
Average processing time of GrabImageRGBD(): 14.2624ms
Frame 3529 end
Not enough matches for SearchByOpticalFlow() !!
Fail to track local map!!!!!!!!!!!!!!!
Average processing time of GrabImageRGBD(): 14.2651ms
Frame 3530 end
Not enough matches for SearchByOpticalFlow() !!
Fail to track local map!!!!!!!!!!!!!!!
Average processing time of GrabImageRGBD(): 14.2683ms
Frame 3531 end
Not enough matches for SearchByOpticalFlow() !!
Fail to track local map!!!!!!!!!!!!!!!
Average processing time of GrabImageRGBD(): 14.271ms
Frame 3532 end
Not enough matches for SearchByOpticalFlow() !!
Fail to track local map!!!!!!!!!!!!!!!
Average processing time of GrabImageRGBD(): 14.274ms
Frame 3533 end
Not enough matches for SearchByOpticalFlow() !!
Fail to track local map!!!!!!!!!!!!!!!
Average processing time of GrabImageRGBD(): 14.2772ms
Frame 3534 end
Not enough matches for SearchByOpticalFlow() !!
Fail to track local map!!!!!!!!!!!!!!!
Average processing time of GrabImageRGBD(): 14.2801ms
Frame 3535 end
Not enough matches for SearchByOpticalFlow() !!
Fail to track local map!!!!!!!!!!!!!!!
Average processing time of GrabImageRGBD(): 14.2849ms
Frame 3536 end
Not enough matches for SearchByOpticalFlow() !!
Fail to track local map!!!!!!!!!!!!!!!
Average processing time of GrabImageRGBD(): 14.2881ms
Frame 3537 end
Not enough matches for SearchByOpticalFlow() !!
Fail to track local map!!!!!!!!!!!!!!!
Average processing time of GrabImageRGBD(): 14.2913ms
Frame 3538 end
Not enough matches for SearchByOpticalFlow() !!
Fail to track local map!!!!!!!!!!!!!!!
Average processing time of GrabImageRGBD(): 14.2963ms
Frame 3539 end
Not enough matches for SearchByOpticalFlow() !!
Fail to track local map!!!!!!!!!!!!!!!
Average processing time of GrabImageRGBD(): 14.2996ms
Frame 3540 end
Not enough matches for SearchByOpticalFlow() !!
Fail to track local map!!!!!!!!!!!!!!!
Average processing time of GrabImageRGBD(): 14.3027ms
Frame 3541 end
Not enough matches for SearchByOpticalFlow() !!
Fail to track local map!!!!!!!!!!!!!!!
Average processing time of GrabImageRGBD(): 14.306ms
Frame 3542 end
Not enough matches for SearchByOpticalFlow() !!
Fail to track local map!!!!!!!!!!!!!!!
Average processing time of GrabImageRGBD(): 14.3091ms
Frame 3543 end
Not enough matches for SearchByOpticalFlow() !!
Fail to track local map!!!!!!!!!!!!!!!
Average processing time of GrabImageRGBD(): 14.3116ms
Frame 3544 end
Not enough matches for SearchByOpticalFlow() !!
Fail to track local map!!!!!!!!!!!!!!!
Average processing time of GrabImageRGBD(): 14.3148ms
Frame 3545 end
Not enough matches for SearchByOpticalFlow() !!
Fail to track local map!!!!!!!!!!!!!!!
Average processing time of GrabImageRGBD(): 14.3173ms
Frame 3546 end
Not enough matches for SearchByOpticalFlow() !!
Fail to track local map!!!!!!!!!!!!!!!
Average processing time of GrabImageRGBD(): 14.3198ms
Frame 3547 end
Not enough matches for SearchByOpticalFlow() !!
Fail to track local map!!!!!!!!!!!!!!!
Average processing time of GrabImageRGBD(): 14.3226ms
Frame 3548 end
Not enough matches for SearchByOpticalFlow() !!
Fail to track local map!!!!!!!!!!!!!!!
Average processing time of GrabImageRGBD(): 14.3256ms
Frame 3549 end
Not enough matches for SearchByOpticalFlow() !!
Fail to track local map!!!!!!!!!!!!!!!
Creation of new map with id: 1
Stored map with ID: 0
Creation of new map with last KF id: 871
