1.000000000 -0.000000000 -0.000000000 -0.000000000 -0.000000000 1.000000000 -0.000000000 0.000000060 -0.000000000 -0.000000000 1.000000000 -0.000000000
0.999991536 -0.002391656 -0.003354606 -0.003416186 0.002384258 0.999994695 -0.002207378 -0.005252138 0.003359867 0.002199361 0.999991953 0.664791048
0.999971271 -0.001078285 -0.007505239 -0.012695630 0.001051324 0.999992967 -0.003595303 -0.010496543 0.007509064 0.003587309 0.999965370 1.358666539
0.999937713 -0.001486112 -0.011064689 -0.027800126 0.001430697 0.999986470 -0.005014472 -0.012714172 0.011071990 0.004998329 0.999926269 2.071624279
0.999875426 0.000072762 -0.015784191 -0.047052201 -0.000165926 0.999982595 -0.005901129 -0.013727745 0.015783487 0.005903013 0.999858081 2.793534279
0.999793828 -0.000605344 -0.020294487 -0.060706235 0.000479185 0.999980569 -0.006220710 -0.021334842 0.020297859 0.006209702 0.999774754 3.532437563
0.999699712 0.000618058 -0.024497014 -0.087592438 -0.000795160 0.999973655 -0.007220454 -0.030303167 0.024491910 0.007237766 0.999673843 4.292206287
0.999571204 0.003186218 -0.029109560 -0.122923292 -0.003423496 0.999961376 -0.008104994 -0.033712123 0.029082613 0.008201174 0.999543369 5.056011677
0.999415338 0.003609993 -0.033999007 -0.149141803 -0.003822555 0.999973714 -0.006189068 -0.048476011 0.033975765 0.006315413 0.999402702 5.853800774
0.999255180 0.002864108 -0.038482454 -0.184470713 -0.003002629 0.999989212 -0.003542291 -0.055128295 0.038471892 0.003655200 0.999253035 6.649304867
0.999125421 0.002746835 -0.041722964 -0.226353794 -0.002783208 0.999995828 -0.000813704 -0.064031102 0.041720558 0.000929116 0.999128938 7.461877823
0.999013543 0.003903627 -0.044235170 -0.265778095 -0.003988807 0.999990404 -0.001837521 -0.071452834 0.044227570 0.002012154 0.999019444 8.262563705
0.998920262 0.003452666 -0.046330836 -0.311658621 -0.003550762 0.999991715 -0.002035145 -0.077603675 0.046323422 0.002197457 0.998924077 9.082025528
0.998864353 0.000957814 -0.047635902 -0.360157996 -0.001094089 0.999995410 -0.002834759 -0.083208337 0.047632970 0.002883658 0.998860717 9.906196594
0.998739719 0.000529855 -0.050186787 -0.394606203 -0.000618946 0.999998391 -0.001759668 -0.094508871 0.050185759 0.001788513 0.998738289 10.736676216
0.998662829 -0.000858114 -0.051689304 -0.441334158 0.000746227 0.999997377 -0.002183869 -0.101446331 0.051691037 0.002142377 0.998660862 11.589131355
0.998568118 0.001374002 -0.053477224 -0.493481100 -0.001603577 0.999989688 -0.004250267 -0.113273330 0.053470835 0.004329936 0.998560011 12.441068649
0.998497069 0.002102890 -0.054764450 -0.548228025 -0.002482713 0.999973357 -0.006868466 -0.124596506 0.054748546 0.006994109 0.998475671 13.310086250
0.998388946 0.005877247 -0.056436770 -0.606690288 -0.006365335 0.999943912 -0.008472544 -0.136759266 0.056383800 0.008818132 0.998370230 14.188345909
0.998319626 0.007267678 -0.057488948 -0.661715031 -0.007747055 0.999937057 -0.008120145 -0.149381429 0.057426319 0.008551870 0.998313129 15.081313133
0.998252451 0.005811183 -0.058807943 -0.715824962 -0.006193181 0.999960959 -0.006315517 -0.166176513 0.058768947 0.006668690 0.998249352 15.956396103
0.998183906 0.006629751 -0.059874635 -0.779370070 -0.006946288 0.999962986 -0.005080058 -0.175723150 0.059838735 0.005486739 0.998193026 16.853332520
0.998130083 0.006060659 -0.060825814 -0.839029312 -0.006364000 0.999968171 -0.004794551 -0.193291366 0.060794823 0.005172680 0.998136878 17.758304596
0.997993171 0.006025668 -0.063033670 -0.888142347 -0.006397304 0.999963343 -0.005695686 -0.207504809 0.062997028 0.006087502 0.997995138 18.660303116
0.997947812 0.004560640 -0.063869551 -0.953481793 -0.004960571 0.999969125 -0.006104498 -0.222976118 0.063839734 0.006408801 0.997939587 19.575605392
0.997892499 0.003902594 -0.064771809 -1.006651282 -0.004210448 0.999980509 -0.004617070 -0.232399195 0.064752519 0.004880058 0.997889459 20.495779037
0.997887731 0.006220400 -0.064663418 -1.071671247 -0.006329345 0.999978900 -0.001480070 -0.242392749 0.064652823 0.001886221 0.997906089 21.418151855
0.997937500 0.007109340 -0.063796960 -1.134627342 -0.006987450 0.999973297 0.002133511 -0.249622986 0.063810408 -0.001683333 0.997960687 22.350816727
0.998057365 0.006414532 -0.061971243 -1.200190067 -0.006096987 0.999967337 0.005311816 -0.260579258 0.062003285 -0.004923660 0.998063862 23.280294418
0.998143315 0.005984571 -0.060614433 -1.254974246 -0.005625083 0.999965608 0.006099644 -0.266417205 0.060648855 -0.005747356 0.998142600 24.231636047
0.998219132 0.006408101 -0.059307978 -1.308455825 -0.006229094 0.999975502 0.003202651 -0.272972077 0.059327051 -0.002827512 0.998234570 25.171684265
0.998272359 0.007068969 -0.058329601 -1.371193290 -0.007169522 0.999973178 -0.001514788 -0.278438956 0.058317337 0.001930367 0.998296261 26.111394882
0.998344660 0.006852720 -0.057104889 -1.423788786 -0.007115934 0.999964893 -0.004407232 -0.289486021 0.057072684 0.004806291 0.998358428 27.063322067
0.998392940 0.004258648 -0.056510467 -1.474929333 -0.004467699 0.999983668 -0.003573487 -0.298134297 0.056494322 0.003820217 0.998395622 28.020013809
0.998410881 0.002531101 -0.056298878 -1.540131092 -0.002452211 0.999995887 0.001470327 -0.307905048 0.056302372 -0.001329934 0.998412907 28.998933792
0.998361111 -0.000913672 -0.057221822 -1.592466474 0.001203550 0.999986649 0.005031601 -0.322290480 0.057216469 -0.005092226 0.998348832 29.955266953
0.998253167 -0.008065949 -0.058528721 -1.638265848 0.008326940 0.999956489 0.004216676 -0.328635007 0.058492161 -0.004696676 0.998276889 30.930194855
0.998156250 -0.010794849 -0.059728723 -1.693150878 0.010849009 0.999940991 0.000582521 -0.335664839 0.059718914 -0.001229445 0.998214483 31.897853851
0.998073816 -0.010489278 -0.061144315 -1.755732656 0.010300627 0.999941170 -0.003399743 -0.342774183 0.061176378 0.002763371 0.998123169 32.876735687
0.997957110 -0.009533651 -0.063171454 -1.825458884 0.009294264 0.999948442 -0.004082293 -0.351666391 0.063207120 0.003486822 0.997994363 33.862689972
0.997899950 -0.009883316 -0.064016014 -1.888482213 0.009735717 0.999949217 -0.002617219 -0.364055693 0.064038642 0.001988481 0.997945487 34.856681824
0.997844934 -0.006433787 -0.065298729 -1.959565997 0.006463999 0.999979138 0.000251402 -0.380482376 0.065295734 -0.000672950 0.997865736 35.856513977
0.997774899 -0.005994158 -0.066401616 -2.027137756 0.006111462 0.999980092 0.001563581 -0.394275099 0.066390917 -0.001965913 0.997791767 36.849414825
0.997698724 -0.005165383 -0.067605913 -2.093614817 0.005442900 0.999977529 0.003921346 -0.397950262 0.067584135 -0.004280294 0.997704387 37.847808838
0.997717738 -0.004642771 -0.067362942 -2.160246134 0.005136431 0.999961197 0.007157001 -0.411828756 0.067327105 -0.007486672 0.997702837 38.836654663
0.997700214 0.000633099 -0.067777425 -2.240097523 0.000004230 0.999955773 0.009402706 -0.413800687 0.067780375 -0.009381367 0.997656167 39.832759857
0.997686088 0.000978125 -0.067982875 -2.311666489 -0.000391504 0.999962568 0.008641746 -0.417707056 0.067988783 -0.008595131 0.997649074 40.824409485
0.997685671 0.000961260 -0.067988597 -2.379765034 -0.000507220 0.999977469 0.006695125 -0.417044789 0.067993499 -0.006645143 0.997663617 41.810722351
0.997680306 0.003380811 -0.067989513 -2.452949047 -0.003065328 0.999984086 0.004743954 -0.429634959 0.068004452 -0.004524539 0.997674763 42.814224243
0.997614384 0.002702050 -0.068981528 -2.521668673 -0.002355820 0.999984324 0.005100017 -0.438840806 0.068994217 -0.004925343 0.997604847 43.811801910
0.997521996 0.000727511 -0.070352316 -2.593693733 -0.000298861 0.999981403 0.006103237 -0.444382995 0.070355430 -0.006067087 0.997503579 44.804920197
0.997471452 0.001277915 -0.071056515 -2.665060759 -0.000760852 0.999973059 0.007303377 -0.454280525 0.071063943 -0.007230847 0.997445583 45.791751862
0.997443557 0.003789980 -0.071358129 -2.738306999 -0.003546082 0.999987423 0.003544313 -0.463739991 0.071370669 -0.003282211 0.997444510 46.763294220
0.997381687 0.004205436 -0.072195068 -2.820280075 -0.004248938 0.999990821 -0.000448999 -0.475181252 0.072192527 0.000754576 0.997390449 47.734127045
0.997335196 0.005098613 -0.072776690 -2.890756845 -0.005246615 0.999984562 -0.001842617 -0.479159266 0.072766185 0.002219539 0.997346580 48.701698303
0.997351766 0.003945027 -0.072621316 -2.967170954 -0.003813373 0.999990821 0.001951443 -0.494679034 0.072628342 -0.001669343 0.997357726 49.683410645
0.997330904 0.002045323 -0.072985061 -3.039231300 -0.001692213 0.999986529 0.004899627 -0.504246175 0.072994106 -0.004763043 0.997321010 50.648067474
0.997335196 -0.000064288 -0.072956011 -3.108057976 0.000475599 0.999984145 0.005620439 -0.513639271 0.072954483 -0.005640160 0.997319341 51.602310181
0.997324228 -0.003429962 -0.073025703 -3.181098700 0.003765383 0.999983072 0.004456011 -0.523174644 0.073009171 -0.004719058 0.997320175 52.559040070
0.997265637 -0.006405294 -0.073622234 -3.246653080 0.006660438 0.999972582 0.003220590 -0.532043993 0.073599577 -0.003702140 0.997281015 53.511592865
0.997172356 -0.007933707 -0.074729085 -3.318061113 0.008270548 0.999957025 0.004199119 -0.540822744 0.074692547 -0.004805296 0.997195065 54.467971802
0.997066259 -0.010857563 -0.075770043 -3.388609171 0.011521207 0.999898911 0.008327037 -0.547289371 0.075671978 -0.009175570 0.997090578 55.409873962
0.997008383 -0.011823443 -0.076383822 -3.459588528 0.012902751 0.999823570 0.013652019 -0.555589080 0.076208927 -0.014596738 0.996985078 56.361888885
0.997014821 -0.009941195 -0.076567546 -3.543989897 0.011184220 0.999812245 0.015822694 -0.555092931 0.076395869 -0.016631808 0.996938884 57.308757782
0.996902287 -0.008714601 -0.078166001 -3.620366335 0.009637143 0.999888122 0.011432896 -0.551708043 0.078057632 -0.012150777 0.996874869 58.245197296
0.996800542 -0.007226286 -0.079601832 -3.693681717 0.007568492 0.999963403 0.003998119 -0.561433256 0.079570040 -0.004587793 0.996818721 59.159671783
0.996789217 -0.005131438 -0.079905637 -3.782376289 0.005073304 0.999986708 -0.000930529 -0.568488777 0.079909354 0.000522156 0.996801972 60.071258545
0.996733427 -0.000061915 -0.080761686 -3.867937326 0.000044577 1.000000000 -0.000216488 -0.578301787 0.080761701 0.000212181 0.996733427 60.973945618
0.996591568 0.001904818 -0.082472757 -3.942752123 -0.001708570 0.999995589 0.002450063 -0.595339477 0.082477055 -0.002300802 0.996590316 61.879653931
0.996497214 0.004505605 -0.083505899 -4.021362782 -0.004195299 0.999983728 0.003891076 -0.606746376 0.083522066 -0.003527114 0.996499717 62.766407013
0.996397614 0.005602050 -0.084618896 -4.100422382 -0.005310973 0.999979258 0.003664575 -0.619074047 0.084637672 -0.003201965 0.996406674 63.633277893
0.996283948 0.006795751 -0.085861050 -4.182927132 -0.006420412 0.999968708 0.004646871 -0.626874149 0.085889943 -0.004078339 0.996296346 64.486763000
0.996138275 0.008156570 -0.087418310 -4.257861614 -0.007738833 0.999956965 0.005116426 -0.639585078 0.087456293 -0.004420152 0.996158600 65.323875427
0.996018350 0.007927690 -0.088795736 -4.331912994 -0.007463564 0.999956727 0.005557686 -0.646716714 0.088835955 -0.004872825 0.996034384 66.150596619
0.995916009 0.007693578 -0.089955866 -4.413599014 -0.007116265 0.999951959 0.006736703 -0.658006072 0.090003364 -0.006069040 0.995922983 66.960830688
0.995787740 0.010211083 -0.091117702 -4.497753143 -0.009384651 0.999910891 0.009493795 -0.663810790 0.091206528 -0.008598698 0.995794892 67.755523682
0.995632231 0.011945498 -0.092594780 -4.572686672 -0.010726837 0.999849379 0.013647796 -0.671033502 0.092743851 -0.012594935 0.995610356 68.545906067
0.995460391 0.015095512 -0.093972281 -4.653532028 -0.013696756 0.999785841 0.015512045 -0.674954534 0.094186313 -0.014154508 0.995454013 69.312545776
0.995275319 0.018097000 -0.095391922 -4.735391617 -0.017101014 0.999790490 0.011248218 -0.683134198 0.095575489 -0.009563778 0.995376229 70.063880920
0.995134115 0.017934002 -0.096883878 -4.807799816 -0.017635338 0.999836683 0.003938197 -0.688012421 0.096938692 -0.002210455 0.995287895 70.786743164
0.994994104 0.017003549 -0.098476827 -4.879242420 -0.017276719 0.999848902 -0.001921763 -0.695567191 0.098429270 0.003613499 0.995137513 71.502059937
0.994932055 0.017427331 -0.099027708 -4.949339867 -0.017827097 0.999836147 -0.003153399 -0.699004948 0.098956525 0.004902794 0.995079696 72.191589355
0.994826734 0.020442639 -0.099508047 -5.033354759 -0.020499000 0.999789834 0.000456102 -0.712166846 0.099496447 0.001586073 0.995036602 72.873069763
0.994683862 0.020873578 -0.100838482 -5.106450558 -0.020685568 0.999781787 0.002909867 -0.731042564 0.100877218 -0.000808497 0.994898558 73.529891968
0.994660616 0.017572904 -0.101693451 -5.170480728 -0.017698556 0.999843359 -0.000333399 -0.742469966 0.101671651 0.002131446 0.994815707 74.153564453
0.994764447 0.009385289 -0.101763092 -5.219667912 -0.009994288 0.999935091 -0.005476282 -0.756914198 0.101705089 0.006464660 0.994793594 74.767448425
0.994882107 0.005544849 -0.100891173 -5.272492409 -0.006638727 0.999922812 -0.010509643 -0.763384283 0.100825116 0.011125644 0.994841933 75.361244202
0.995159090 0.007510628 -0.097990066 -5.329142094 -0.008611341 0.999904513 -0.010814834 -0.774311364 0.097899474 0.011606306 0.995128632 75.947334290
0.995547414 0.012850591 -0.093383104 -5.398697376 -0.013620714 0.999878228 -0.007614229 -0.788958907 0.093273893 0.008852270 0.995601118 76.510391235
0.995973229 0.011407793 -0.088922419 -5.445418358 -0.011842786 0.999920309 -0.004365765 -0.803984046 0.088865533 0.005401275 0.996029019 77.073822021
0.996506095 0.007865197 -0.083148934 -5.480872154 -0.007945105 0.999968290 -0.000630186 -0.810976863 0.083141334 0.001288612 0.996536970 77.617568970
0.997185528 0.003283583 -0.074902497 -5.511475086 -0.003049869 0.999990165 0.003234420 -0.828067362 0.074912369 -0.002996875 0.997185707 78.148880005
0.997887790 0.006920145 -0.064592175 -5.539627552 -0.006725525 0.999972224 0.003230039 -0.840445697 0.064612724 -0.002788800 0.997906566 78.664482117
0.998712361 0.011852921 -0.049326830 -5.565043449 -0.011736795 0.999927640 0.002643184 -0.845231533 0.049354594 -0.002060842 0.998779178 79.163612366
0.999370396 0.016998673 -0.031143483 -5.581832409 -0.016912431 0.999852300 0.003030617 -0.848370850 0.031190401 -0.002501997 0.999510407 79.656898499
0.999837577 0.015643112 -0.008955910 -5.573017120 -0.015610747 0.999871433 0.003672456 -0.854898155 0.009012206 -0.003532052 0.999953210 80.141921997
0.999772191 0.012225824 0.017491551 -5.545341015 -0.012305581 0.999914348 0.004459276 -0.860623062 -0.017435543 -0.004673506 0.999837160 80.603164673
0.998835742 0.011184286 0.046925619 -5.502989769 -0.011482596 0.999915540 0.006092309 -0.869746268 -0.046853531 -0.006624046 0.998879850 81.048133850
0.996757746 0.010091656 0.079824626 -5.444318771 -0.010751768 0.999911427 0.007844032 -0.883910477 -0.079738386 -0.008676857 0.996778071 81.481002808
0.993009388 0.010236563 0.117590211 -5.369665623 -0.011272068 0.999903321 0.008144352 -0.886652827 -0.117495462 -0.009412902 0.993028879 81.924339294
0.987183630 0.010230491 0.159259975 -5.276702404 -0.011688750 0.999897897 0.008222387 -0.893386662 -0.159159586 -0.009978556 0.987202466 82.351211548
0.978896201 0.009830165 0.204121724 -5.158920765 -0.011640140 0.999902964 0.007668350 -0.894717813 -0.204026520 -0.009882524 0.978915572 82.763496399
0.967368186 0.011884458 0.253095716 -5.032326698 -0.013810230 0.999887645 0.005833582 -0.906092048 -0.252997994 -0.009138532 0.967423677 83.155372620
0.951809049 0.013305789 0.306402236 -4.879081249 -0.014830876 0.999886513 0.002649733 -0.910909832 -0.306332201 -0.007066253 0.951898456 83.539642334
0.932036519 0.013219553 0.362123042 -4.710973740 -0.014624557 0.999892414 0.001139084 -0.923307300 -0.362069011 -0.006357556 0.932129622 83.875923157
0.907760859 0.013698027 0.419264078 -4.508610725 -0.014773701 0.999890625 -0.000681052 -0.930046737 -0.419227540 -0.005575850 0.907864153 84.224662781
0.878656507 0.014129008 0.477245212 -4.292953491 -0.014466708 0.999890924 -0.002967445 -0.933443010 -0.477235079 -0.004296801 0.878765225 84.549453735
0.845052540 0.012753001 0.534531116 -4.051853657 -0.011968295 0.999916196 -0.004935341 -0.942753017 -0.534549236 -0.002226803 0.845134437 84.855552673
0.807854176 0.013392172 0.589230180 -3.793214798 -0.011034612 0.999910295 -0.007597392 -0.939461231 -0.589279115 -0.000364341 0.807929456 85.147056580
0.768100500 0.010963541 0.640235364 -3.505412102 -0.009379230 0.999938786 -0.005870775 -0.956807375 -0.640260518 -0.001495569 0.768156350 85.423324585
0.725379527 0.011156344 0.688258588 -3.213679075 -0.011839954 0.999922931 -0.003729738 -0.964899778 -0.688247204 -0.005443474 0.725455821 85.673294067
0.680951893 0.009739252 0.732263267 -2.917087793 -0.010767203 0.999936581 -0.003286640 -0.977360070 -0.732248962 -0.005646382 0.681013763 85.872367859
0.634193838 0.008400005 0.773128510 -2.597350359 -0.007738952 0.999959826 -0.004516289 -0.985800803 -0.773135424 -0.003119000 0.634233356 86.078353882
0.587273419 0.005717500 0.809368491 -2.262615919 -0.002023356 0.999982297 -0.005595888 -0.992946982 -0.809386194 0.001648677 0.587274551 86.262382507
0.541019917 0.007791377 0.840973794 -1.925341845 -0.004148793 0.999969661 -0.006595402 -1.004334331 -0.840999663 0.000079219 0.541035712 86.424774170
0.493220240 0.011049644 0.869834423 -1.593575120 -0.007755099 0.999935448 -0.008304981 -1.010347366 -0.869870007 -0.002649467 0.493274063 86.587005615
0.447985440 0.013211325 0.893943310 -1.252036691 -0.008180703 0.999909520 -0.010677738 -1.015447497 -0.894003451 -0.002529613 0.448052883 86.718238831
0.404990017 0.011946452 0.914243162 -0.890019774 -0.001422017 0.999921679 -0.012436093 -1.011489391 -0.914319992 0.003736426 0.404975176 86.842041016
0.364725977 0.003252278 0.931109250 -0.532704234 0.012952269 0.999879301 -0.008566035 -1.033271551 -0.931024849 0.015184233 0.364639908 86.931556702
0.329105467 -0.000127216 0.944293201 -0.167704031 0.016918788 0.999840140 -0.005761842 -1.036528468 -0.944141686 0.017872548 0.329055071 87.022293091
0.296418935 0.003639324 0.955051064 0.201824412 0.014547687 0.999859452 -0.008325233 -1.045168877 -0.954947233 0.016361542 0.296324372 87.112686157
0.265188426 0.011213940 0.964131415 0.570566237 0.004081647 0.999910414 -0.012752764 -1.060321450 -0.964188099 0.007317130 0.265118927 87.213066101
0.236186504 0.015777629 0.971579671 0.951539338 -0.000919791 0.999871254 -0.016013466 -1.076053381 -0.971707344 0.002888515 0.236170679 87.302711487
0.210401475 0.017127918 0.977465034 1.340734482 -0.001001316 0.999849856 -0.017304622 -1.098943472 -0.977614582 0.002662167 0.210387006 87.373878479
0.186654180 0.019089559 0.982240260 1.755510092 0.006752827 0.999762774 -0.020713340 -1.102438927 -0.982402444 0.010499128 0.186480984 87.434303284
0.167252362 0.024505101 0.985609591 2.156484842 0.013338626 0.999543488 -0.027115026 -1.111176372 -0.985823929 0.017681729 0.166849121 87.462692261
0.147397652 0.031809609 0.988565683 2.581598282 0.015957253 0.999276280 -0.034533516 -1.106124759 -0.988948584 0.020864950 0.146783367 87.515014648
0.129685491 0.032497246 0.991022587 3.020549059 0.013398506 0.999314249 -0.034522470 -1.121441841 -0.991464674 0.017755285 0.129161134 87.567558289
0.114329733 0.027900042 0.993050992 3.464998007 0.011495750 0.999501467 -0.029404771 -1.145458221 -0.993376374 0.014777705 0.113952011 87.612640381
0.099777333 0.024734221 0.994702220 3.935311079 0.011222968 0.999599397 -0.025981750 -1.167102218 -0.994946539 0.013755903 0.099459775 87.651435852
0.086612456 0.022351148 0.995991230 4.421172142 0.014086677 0.999620914 -0.023657590 -1.182963133 -0.996142507 0.016079249 0.086264759 87.683654785
0.075006716 0.021496559 0.996951282 4.912314892 0.018095821 0.999573588 -0.022914568 -1.195195794 -0.997018874 0.019759400 0.074585736 87.707374573
0.064846635 0.022172488 0.997648895 5.423892975 0.021244792 0.999495745 -0.023594439 -1.210094094 -0.997669101 0.022724867 0.064342894 87.731765747
0.056939974 0.022783287 0.998117507 5.953269958 0.023212994 0.999439001 -0.024137698 -1.225750923 -0.998107731 0.024543699 0.056379169 87.756118774
0.051245090 0.022951830 0.998422325 6.502450466 0.024766566 0.999399245 -0.024245458 -1.244115949 -0.998378992 0.025969956 0.050645865 87.780380249
0.045872483 0.024167871 0.998654902 7.071165085 0.026398985 0.999328971 -0.025396796 -1.253070354 -0.998598456 0.027528496 0.045203682 87.797943115
0.040311396 0.024953274 0.998875499 7.645416737 0.027025979 0.999295115 -0.026054440 -1.268527865 -0.998821676 0.028045876 0.039608590 87.811302185
0.035787538 0.024669448 0.999054909 8.250693321 0.029580481 0.999231160 -0.025733417 -1.289166331 -0.998921514 0.030473460 0.035030290 87.829010010
0.032673653 0.024861496 0.999156833 8.872123718 0.030947458 0.999186099 -0.025874244 -1.305925369 -0.998986900 0.031766769 0.031877659 87.848045349
0.029483251 0.024291482 0.999270141 9.510641098 0.031647973 0.999180794 -0.025223078 -1.324474812 -0.999064207 0.032368526 0.028690327 87.865936279
0.027274327 0.023574686 0.999349892 10.161170006 0.034167394 0.999115884 -0.024501657 -1.347085476 -0.999043941 0.034813456 0.026444724 87.878067017
0.026581859 0.023171436 0.999378026 10.836576462 0.039052241 0.998944044 -0.024200104 -1.366903305 -0.998883545 0.039671239 0.025648896 87.889366150
0.027775491 0.022790696 0.999354303 11.530377388 0.042393312 0.998813868 -0.023956623 -1.387985468 -0.998714864 0.043031354 0.026776366 87.902603149
0.029956961 0.022795042 0.999291241 12.231808662 0.043510642 0.998762667 -0.024087356 -1.406209946 -0.998603761 0.044201393 0.028928062 87.924201965
0.033594362 0.022986086 0.999171197 12.954868317 0.046072893 0.998637021 -0.024522875 -1.424781919 -0.998373091 0.046858538 0.032489538 87.951187134
0.038228512 0.022246644 0.999021351 13.691634178 0.046466939 0.998631001 -0.024016060 -1.448654294 -0.998188078 0.047339562 0.037142444 87.977210999
0.042120472 0.020690901 0.998898268 14.451143265 0.047861025 0.998595893 -0.022702793 -1.468525052 -0.997965574 0.048764549 0.041071046 88.013267517
0.046356294 0.019039774 0.998743474 15.218876839 0.047807623 0.998630404 -0.021256588 -1.489170551 -0.997780323 0.048732921 0.045382559 88.039253235
0.050537296 0.016913032 0.998578966 15.997878075 0.044660825 0.998818040 -0.019177334 -1.510965109 -0.997723103 0.045566518 0.049722224 88.086112976
0.054425582 0.015806424 0.998392701 16.787900925 0.043682598 0.998879731 -0.018195417 -1.530910015 -0.997561932 0.044602681 0.053674143 88.140373230
0.058424264 0.017066732 0.998145998 17.593484879 0.041048560 0.998967171 -0.019483462 -1.552358389 -0.997447550 0.042110756 0.057663362 88.195503235
0.061218683 0.021338716 0.997896314 18.396289825 0.038830377 0.998963714 -0.023743698 -1.577658057 -0.997368813 0.040202245 0.060326651 88.255645752
0.062543944 0.026488392 0.997690737 19.198583603 0.033139482 0.999041438 -0.028601723 -1.605800986 -0.997491837 0.034851812 0.061606169 88.320022583
0.062394474 0.029247737 0.997622848 20.005765915 0.030258490 0.999055684 -0.031182202 -1.638393641 -0.997592807 0.032132164 0.061450556 88.373695374
0.062387221 0.029097280 0.997627676 20.821914673 0.028016375 0.999129891 -0.030893117 -1.665988445 -0.997658789 0.029877247 0.061517734 88.436103821
0.062168516 0.027309554 0.997691989 21.628978729 0.025069308 0.999267399 -0.028914806 -1.701962590 -0.997750819 0.026809035 0.061438344 88.496704102
0.062535793 0.025944255 0.997705400 22.459936142 0.025849491 0.999284625 -0.027605558 -1.735510826 -0.997707963 0.027516512 0.061820414 88.542922974
0.062846571 0.024814602 0.997714639 23.275199890 0.023674140 0.999372542 -0.026347078 -1.774761558 -0.997742355 0.025275856 0.062219668 88.601799011
0.062804610 0.025253652 0.997706294 24.091464996 0.021762604 0.999407470 -0.026666645 -1.805791378 -0.997788548 0.023387473 0.062217809 88.662734985
0.063067555 0.026086695 0.997668207 24.904415131 0.018437669 0.999457300 -0.027299011 -1.838847756 -0.997838974 0.020116361 0.062552355 88.717781067
0.062001549 0.027496111 0.997697234 25.716300964 0.015926894 0.999465942 -0.028534628 -1.869117856 -0.997949004 0.017659413 0.061530516 88.772239685
0.058837984 0.026955243 0.997903585 26.533372879 0.012457145 0.999537766 -0.027733883 -1.905127406 -0.998189807 0.014062840 0.058474999 88.832977295
0.055001907 0.025949180 0.998149157 27.335687637 0.010443012 0.999592662 -0.026562165 -1.935395718 -0.998431563 0.011884653 0.054708511 88.882308960
0.050277837 0.023666991 0.998454928 28.149904251 0.008678088 0.999671161 -0.024132814 -1.964060068 -0.998697460 0.009878025 0.050055910 88.927566528
0.044073518 0.021181187 0.998803854 28.957159042 0.006721566 0.999746382 -0.021497773 -1.996222019 -0.999005616 0.007661009 0.043919973 88.967453003
0.036493879 0.021713881 0.999097884 29.767738342 0.006240545 0.999739468 -0.021955773 -2.025972128 -0.999314427 0.007036167 0.036348864 89.000961304
0.027837923 0.022476237 0.999359727 30.568380356 0.006103298 0.999724746 -0.022654457 -2.055479527 -0.999593854 0.006730043 0.027693076 89.024375916
0.018030813 0.023047123 0.999571741 31.370681763 0.006917907 0.999707520 -0.023175040 -2.080843210 -0.999813497 0.007332810 0.017866099 89.038665771
0.007554044 0.022081042 0.999727607 32.161724091 0.008059307 0.999722362 -0.022141824 -2.109403849 -0.999938965 0.008224373 0.007373989 89.045097351
-0.003389102 0.021195237 0.999769568 32.956439972 0.006981947 0.999751508 -0.021171186 -2.139303923 -0.999969840 0.006908588 -0.003536246 89.045883179
-0.014556076 0.020384798 0.999686182 33.742519379 0.008306156 0.999760032 -0.020265365 -2.167498827 -0.999859512 0.008008566 -0.014721904 89.031761169
-0.025383381 0.020861359 0.999460042 34.524536133 0.008760883 0.999748528 -0.020644881 -2.192036867 -0.999639332 0.008232117 -0.025559759 89.009735107
-0.036480002 0.021488365 0.999103189 35.301712036 0.008800141 0.999736965 -0.021180676 -2.217839718 -0.999295652 0.008019579 -0.036659501 88.980888367
-0.046823990 0.022283623 0.998654485 36.073856354 0.008635126 0.999722838 -0.021902584 -2.250368118 -0.998865783 0.007597941 -0.047003441 88.936347961
-0.057206254 0.023330381 0.998089671 36.837688446 0.009183083 0.999696970 -0.022841614 -2.274627209 -0.998320162 0.007858858 -0.057403166 88.892402649
-0.066591665 0.024088575 0.997489393 37.591457367 0.010600957 0.999669254 -0.023433499 -2.304594517 -0.997723997 0.009013867 -0.066824995 88.837936401
-0.076569207 0.024535665 0.996762335 38.362503052 0.010744924 0.999659419 -0.023781575 -2.334238291 -0.997006416 0.008889198 -0.076806769 88.784675598
-0.086147256 0.024850816 0.995972455 39.102775574 0.011309535 0.999648750 -0.023964321 -2.364448786 -0.996218204 0.009199522 -0.086398058 88.723800659
-0.094413824 0.024370585 0.995234728 39.837795258 0.012684943 0.999648571 -0.023275301 -2.389108419 -0.995452285 0.010426984 -0.094689801 88.647270203
-0.101874225 0.023390440 0.994522214 40.558750153 0.014161858 0.999656320 -0.022060512 -2.417849779 -0.994696498 0.011836884 -0.102170482 88.569145203
-0.106719755 0.021715172 0.994051993 41.296245575 0.017703515 0.999644518 -0.019936722 -2.447072268 -0.994131505 0.015470570 -0.107066259 88.473785400
-0.110217400 0.020071367 0.993704855 42.001888275 0.021084392 0.999618351 -0.017852226 -2.471618652 -0.993683815 0.018984038 -0.110598534 88.384902954
-0.113201432 0.018977012 0.993390858 42.710403442 0.022171892 0.999616802 -0.016569365 -2.495630503 -0.993324637 0.020149676 -0.113578811 88.306976318
-0.115059845 0.018014155 0.993195295 43.395263672 0.021976968 0.999636889 -0.015584999 -2.520476580 -0.993115425 0.020034209 -0.115413964 88.231498718
-0.115850382 0.018488877 0.993094623 44.056098938 0.023177052 0.999604821 -0.015906338 -2.540786743 -0.992996275 0.021174248 -0.116233125 88.154457092
-0.114661478 0.019420445 0.993214846 44.708389282 0.023755325 0.999576569 -0.016802412 -2.561796427 -0.993120670 0.021667551 -0.115074262 88.078315735
-0.111712083 0.021184588 0.993514836 45.328083038 0.025014691 0.999515951 -0.018499864 -2.583477974 -0.993425786 0.022785803 -0.112187937 88.012374878
-0.106608823 0.021461114 0.994069397 45.955596924 0.024653776 0.999516726 -0.018934727 -2.610946655 -0.993995368 0.022488959 -0.107086398 87.944381714
-0.098695777 0.022207575 0.994869888 46.546714783 0.024181761 0.999509275 -0.019912191 -2.631396294 -0.994823813 0.022092458 -0.099184364 87.892173767
-0.087403588 0.022167822 0.995926380 47.129596710 0.023055196 0.999529719 -0.020224677 -2.654251575 -0.995906234 0.021193568 -0.087873563 87.849586487
-0.073884286 0.022247521 0.997018695 47.681480408 0.022128511 0.999541581 -0.020663979 -2.680041313 -0.997021317 0.020535799 -0.074342728 87.819290161
-0.056980565 0.023244042 0.998104692 48.218421936 0.020925160 0.999537170 -0.022082809 -2.710830212 -0.998155951 0.019627210 -0.057440583 87.807464600
-0.035683360 0.026123963 0.999021649 48.759994507 0.019185042 0.999491930 -0.025451005 -2.728216410 -0.999179006 0.018258095 -0.036166418 87.801681519
-0.010887616 0.029157180 0.999515533 49.286300659 0.017179925 0.999432743 -0.028967625 -2.751759529 -0.999793172 0.016856218 -0.011382357 87.813858032
0.016951211 0.030646468 0.999386549 49.808227539 0.015428280 0.999403059 -0.030908661 -2.776030302 -0.999737263 0.015942756 0.016468273 87.852363586
0.050487719 0.030128723 0.998270154 50.318431854 0.012313503 0.999450088 -0.030787092 -2.797572374 -0.998648822 0.013846571 0.050088961 87.892517090
0.089218363 0.027107136 0.995643198 50.774028778 0.011054185 0.999540985 -0.028203808 -2.827732086 -0.995950758 0.013522321 0.088877760 87.937309265
0.131189302 0.024067348 0.991065264 51.314147949 0.009754049 0.999625504 -0.025566395 -2.839774370 -0.991309285 0.013020935 0.130905420 88.037788391
0.176944241 0.020092987 0.984015822 51.802169800 0.006987728 0.999740779 -0.021670602 -2.857201815 -0.984196007 0.010710524 0.176757991 88.146118164
0.225167334 0.017070092 0.974170506 52.288513184 0.002714529 0.999831676 -0.018147169 -2.870718479 -0.974316299 0.006730565 0.225083098 88.291351318
0.276588917 0.015445678 0.960864186 52.759513855 -0.001011506 0.999875009 -0.015781600 -2.890098333 -0.960987806 0.003393096 0.276569963 88.463256836
0.331331849 0.014720545 0.943399429 53.200046539 -0.002645591 0.999888957 -0.014672828 -2.910541773 -0.943510592 0.002365728 0.331333965 88.653770447
0.386314660 0.015951080 0.922229111 53.619583130 -0.000054584 0.999850810 -0.017270781 -2.918889523 -0.922367036 0.006621616 0.386257946 88.895851135
0.447148174 0.018433986 0.894269943 54.037712097 0.001063295 0.999776006 -0.021140490 -2.942265272 -0.894459248 0.010403806 0.447028458 89.130363464
0.507320404 0.021977823 0.861477196 54.436367035 0.001814509 0.999645233 -0.026571294 -2.957642555 -0.861755610 0.015043316 0.507100523 89.395294189
0.566591382 0.027013937 0.823556006 54.797695160 -0.001617170 0.999496996 -0.031672496 -2.956523418 -0.823997319 0.016613534 0.566350043 89.677772522
0.619853795 0.029153937 0.784175515 55.114379883 -0.005391349 0.999444306 -0.032895561 -2.980162382 -0.784698725 0.016162671 0.619666696 90.017639160
0.673642635 0.029268347 0.738477528 55.444568634 -0.006644970 0.999415100 -0.033548608 -3.003420353 -0.739027441 0.017692611 0.673443139 90.358116150
0.722740710 0.027253753 0.690581679 55.733493805 -0.006666950 0.999450684 -0.032465823 -3.019412518 -0.691087008 0.018860305 0.722525477 90.710166931
0.766869485 0.025112268 0.641311586 55.976963043 -0.009683015 0.999573231 -0.027562169 -3.027661800 -0.641730011 0.014926755 0.766785443 91.100631714
0.809052229 0.021658612 0.587337434 56.239463806 -0.011226075 0.999707937 -0.021401333 -3.027250290 -0.587629497 0.010721304 0.809059203 91.504653931
0.846067727 0.019780567 0.532708406 56.459129333 -0.013806125 0.999789238 -0.015196842 -3.033995152 -0.532896638 0.005502920 0.846162498 91.926750183
0.877339959 0.016086008 0.479599744 56.639865875 -0.014293146 0.999870539 -0.007389454 -3.045350313 -0.479656488 -0.000371924 0.877456307 92.353691101
0.903242171 0.017328171 0.428781271 56.805858612 -0.018357594 0.999829948 -0.001734860 -3.056437016 -0.428738356 -0.006304392 0.903406739 92.788467407
0.923042715 0.019770304 0.384189248 56.911701202 -0.022378189 0.999746859 0.002318444 -3.074903011 -0.384046108 -0.010737479 0.923251510 93.187652588
0.938387156 0.025318179 0.344657123 57.041275024 -0.028822711 0.999571979 0.005047118 -3.076452732 -0.344381809 -0.014670106 0.938715100 93.637840271
0.950347662 0.029734192 0.309766561 57.151016235 -0.032702722 0.999455512 0.004393473 -3.078775406 -0.309467286 -0.014305538 0.950802505 94.099388123
0.959734023 0.032081347 0.279072404 57.260463715 -0.034749113 0.999385357 0.004616272 -3.077335358 -0.278752834 -0.014127914 0.960259020 94.561332703
0.965908408 0.026983066 0.257474095 57.370544434 -0.029236535 0.999560356 0.004927142 -3.082768202 -0.257227927 -0.012286819 0.966272712 95.030845642
0.970051527 0.023556702 0.241754532 57.483795166 -0.025809361 0.999647975 0.006154995 -3.092728376 -0.241524428 -0.012210194 0.970318019 95.506149292
0.972985923 0.027354965 0.229238048 57.577400208 -0.029378759 0.999553740 0.005419540 -3.086565971 -0.228987455 -0.012007869 0.973355353 96.009124756
0.975075185 0.031820878 0.219581172 57.672153473 -0.033934984 0.999406874 0.005861845 -3.076093435 -0.219264433 -0.013167226 0.975576639 96.504493713
0.976186574 0.040213708 0.213172674 57.778495789 -0.042188257 0.999098539 0.004719899 -3.082407475 -0.212790698 -0.013600887 0.977003157 96.986572266
0.976501644 0.046112355 0.210519135 57.872928619 -0.047432799 0.998873770 0.001224539 -3.086143970 -0.210225597 -0.011181279 0.977588952 97.504699707
0.976633728 0.047992080 0.209483683 57.984722137 -0.048760824 0.998809397 -0.001496429 -3.091940641 -0.209306106 -0.008753134 0.977811038 98.041999817
0.976031065 0.046893552 0.212519407 58.095909119 -0.046835862 0.998888552 -0.005308577 -3.098767757 -0.212532148 -0.004772195 0.977142453 98.578956604
0.975315988 0.045724627 0.216027811 58.228061676 -0.044307292 0.998952925 -0.011401970 -3.109024525 -0.216322988 0.001548916 0.976320624 99.125991821
0.974604964 0.044825464 0.219398901 58.368930817 -0.042283181 0.998973310 -0.016271913 -3.107030153 -0.219902992 0.006581804 0.975499511 99.671592712
0.973302722 0.049524426 0.224118814 58.489097595 -0.047126912 0.998760104 -0.016037386 -3.114914656 -0.224635184 0.005047204 0.974429846 100.256141663
0.971865356 0.052525926 0.229606003 58.622867584 -0.051077135 0.998619556 -0.012252850 -3.124282598 -0.229932621 0.000180504 0.973206520 100.845794678
0.970933199 0.049180482 0.234243467 58.773384094 -0.048731644 0.998782158 -0.007707450 -3.133360624 -0.234337240 -0.003931650 0.972147405 101.439178467
0.970132768 0.045327526 0.238301978 58.924434662 -0.046219580 0.998929620 -0.001845901 -3.148372412 -0.238130584 -0.009223446 0.971189320 102.063613892
0.969369531 0.042855315 0.241839245 59.088001251 -0.044927724 0.998985529 0.003058705 -3.158328533 -0.241462797 -0.013830299 0.970311522 102.677757263
0.968806684 0.038062587 0.244877443 59.250228882 -0.040177926 0.999185860 0.003646853 -3.163961649 -0.244539276 -0.013371761 0.969547153 103.315002441
0.968847454 0.034453340 0.245250225 59.414562225 -0.035639253 0.999364674 0.000397722 -3.168419838 -0.245080665 -0.009125863 0.969459713 103.959053040
0.968985498 0.033782296 0.244797885 59.581317902 -0.033205133 0.999427497 -0.006485662 -3.176395416 -0.244876832 -0.001844032 0.969552398 104.602745056
0.969138145 0.036513519 0.243799105 59.739315033 -0.034332205 0.999323547 -0.013191862 -3.181592941 -0.244115844 0.004414577 0.969735980 105.236618042
0.969789267 0.039315697 0.240755081 59.903938293 -0.036234036 0.999195039 -0.017215300 -3.185678005 -0.241238117 0.007971685 0.970433176 105.911689758
0.970397055 0.037921619 0.238519490 60.072555542 -0.035830054 0.999272048 -0.013100142 -3.191398621 -0.238842636 0.004166172 0.971049368 106.614006042
0.970753253 0.033915371 0.237671748 60.237167358 -0.033617862 0.999420643 -0.005305974 -3.208359480 -0.237713993 -0.002839223 0.971331060 107.318031311
0.971361279 0.034083366 0.235149726 60.406810760 -0.035283282 0.999376953 0.000895968 -3.221779823 -0.234972700 -0.009167165 0.971958756 108.026916504
0.971604466 0.037675288 0.233591989 60.569232941 -0.038740527 0.999249339 -0.000027949 -3.228275537 -0.233417690 -0.009022323 0.972334743 108.756607056
0.971956134 0.043021396 0.231193587 60.729080200 -0.043159995 0.999058187 -0.004460587 -3.237530470 -0.231167763 -0.005642817 0.972897530 109.483726501
0.972810566 0.044217162 0.227342039 60.898033142 -0.043137748 0.999021828 -0.009716867 -3.243821859 -0.227549329 -0.000354353 0.973766506 110.217658997
0.973802865 0.042620767 0.223364249 61.070087433 -0.040804528 0.999085963 -0.012742587 -3.253170252 -0.223703176 0.003294495 0.974651754 110.974121094
0.974758387 0.040867675 0.219490185 61.239624023 -0.039432812 0.999162555 -0.010916172 -3.267026424 -0.219752520 0.001985515 0.975553632 111.743400574
0.975646198 0.036990013 0.216208994 61.413967133 -0.035923198 0.999315262 -0.008863421 -3.280359268 -0.216388792 0.000880645 0.976306856 112.535148621
0.976060688 0.035773892 0.214536339 61.583763123 -0.035312738 0.999358356 -0.005982967 -3.293569326 -0.214612707 -0.001736128 0.976697624 113.327590942
0.976410627 0.032804206 0.213415444 61.755569458 -0.032767009 0.999456108 -0.003712509 -3.302323818 -0.213421151 -0.003368053 0.976954460 114.129219055
0.976665854 0.027490975 0.212997958 61.932525635 -0.027559552 0.999616742 -0.002647768 -3.309924841 -0.212989077 -0.003284143 0.977049112 114.916076660
0.976752937 0.028406249 0.212477982 62.100990295 -0.028841695 0.999583483 -0.001050503 -3.319806337 -0.212419286 -0.005102143 0.977165401 115.718376160
0.976507127 0.033998426 0.212786257 62.269973755 -0.034142822 0.999412477 -0.002997112 -3.331070900 -0.212763101 -0.004338421 0.977094233 116.538650513
0.976237118 0.039237589 0.213122964 62.441455841 -0.038771525 0.999227881 -0.006367635 -3.339353800 -0.213208273 -0.002046782 0.977004647 117.357223511
0.975641012 0.048035908 0.214049101 62.606853485 -0.047451988 0.998842716 -0.007868277 -3.348849773 -0.214179292 -0.002480442 0.976791263 118.188125610
0.974663615 0.053867206 0.217092827 62.773914337 -0.053502727 0.998539150 -0.007560611 -3.357844591 -0.217182979 -0.004246006 0.976121664 119.014106750
0.973855317 0.056495816 0.220032185 62.951850891 -0.056675836 0.998377502 -0.005499635 -3.378813505 -0.219985902 -0.007114660 0.975477159 119.847473145
0.973273695 0.056856193 0.222498864 63.139381409 -0.056925047 0.998359740 -0.006109202 -3.399088144 -0.222481266 -0.006719832 0.974913836 120.690803528
0.972894013 0.055241991 0.224556208 63.324890137 -0.054578137 0.998467386 -0.009167360 -3.407223940 -0.224718481 -0.003336990 0.974418044 121.523353577
0.972888887 0.049215995 0.225975648 63.522964478 -0.048726365 0.998782098 -0.007747403 -3.423199177 -0.226081729 -0.003473610 0.974102199 122.367660522
0.973199725 0.042826749 0.225938946 63.726898193 -0.041824602 0.999082327 -0.009222755 -3.445533276 -0.226126611 -0.000474222 0.974097848 123.190307617
0.973011911 0.041565754 0.226980552 63.925998688 -0.040556762 0.999135733 -0.009109220 -3.464448929 -0.227163047 -0.000342219 0.973856688 124.026443481
0.972440779 0.044066120 0.228948236 64.117752075 -0.043784875 0.999021053 -0.006310530 -3.478630543 -0.229002208 -0.003887855 0.973418176 124.873435974
0.972031236 0.046047594 0.230292931 64.305786133 -0.047208916 0.998884976 -0.000467694 -3.492555618 -0.230057672 -0.010417267 0.973121285 125.715812683
0.971602499 0.049919784 0.231293470 64.493377686 -0.052167717 0.998631835 0.003609259 -3.508596182 -0.230796859 -0.015572820 0.972877324 126.552040100
0.971400499 0.048968218 0.232342869 64.684394836 -0.049707144 0.998760223 -0.002676921 -3.525243044 -0.232185915 -0.008948740 0.972630262 127.354522705
0.971708357 0.045092970 0.231839284 64.883148193 -0.042259049 0.998959005 -0.017178098 -3.542319298 -0.232372582 0.006894794 0.972602427 128.164962769
0.971979499 0.042419385 0.231206730 65.082229614 -0.037408184 0.998961389 -0.026017105 -3.561448097 -0.232070237 0.016639067 0.972556710 128.978515625
0.972253203 0.039631069 0.230549499 65.278266907 -0.036706872 0.999182165 -0.016960707 -3.577991009 -0.231033146 0.008027351 0.972912788 129.811874390
0.972711682 0.032737318 0.229696020 65.477661133 -0.034534514 0.999396324 0.003807508 -3.597831488 -0.229432702 -0.011636047 0.973254979 130.653945923
0.972914517 0.029537072 0.229270235 65.661987305 -0.034826860 0.999211609 0.019059477 -3.614141941 -0.228526518 -0.026528006 0.973176241 131.476760864
0.972964227 0.033929970 0.228449538 65.844459534 -0.037948098 0.999192238 0.013217683 -3.619988203 -0.227816537 -0.021529565 0.973466039 132.292388916
0.973158062 0.042322889 0.226212680 66.019958496 -0.042832259 0.999078691 -0.002658295 -3.623845577 -0.226116791 -0.007102260 0.974074364 133.084213257
0.973441601 0.042326991 0.224988326 66.198875427 -0.040987439 0.999103129 -0.010623430 -3.627615213 -0.225236207 0.001119597 0.974303603 133.877883911
0.974057794 0.038295534 0.223035514 66.377204895 -0.036691152 0.999262393 -0.011334452 -3.646486998 -0.223305032 0.002856984 0.974744439 134.676651001
0.974724531 0.038280383 0.220105678 66.566848755 -0.037123092 0.999266505 -0.009393306 -3.676681757 -0.220303789 0.000984883 0.975430846 135.499359131
0.975521088 0.037870653 0.216620088 66.737716675 -0.036408182 0.999279261 -0.010739593 -3.690148592 -0.216870666 0.002589957 0.976196945 136.308776855
0.976640105 0.038838331 0.211342409 66.913002014 -0.037029952 0.999235928 -0.012509181 -3.704396725 -0.211666733 0.004390971 0.977331996 137.111633301
0.976926208 0.044053461 0.208984271 67.064819336 -0.042439766 0.999024570 -0.012201763 -3.730624914 -0.209317982 0.003050981 0.977842927 137.913177490
0.977098882 0.049810410 0.206873596 67.218208313 -0.048301157 0.998756647 -0.012343159 -3.746516466 -0.207231194 0.002068254 0.978289902 138.713745117
0.977432966 0.051550359 0.204859018 67.378234863 -0.050473556 0.998670518 -0.010481830 -3.766626358 -0.205126986 -0.000094676 0.978735447 139.512039185
0.977709532 0.049393535 0.204069719 67.538627625 -0.049293265 0.998768806 -0.005577666 -3.782517672 -0.204093963 -0.004605924 0.978940487 140.312973022
0.978113353 0.048165996 0.202421606 67.697303772 -0.048011422 0.998830616 -0.005676615 -3.800191879 -0.202458322 -0.004166176 0.979282081 141.103729248
0.978756547 0.046025753 0.199793026 67.858444214 -0.045282595 0.998939753 -0.008290189 -3.819596052 -0.199962795 -0.000933069 0.979802966 141.886062622
0.979926407 0.041255739 0.195044383 68.017715454 -0.039641079 0.999139786 -0.012176257 -3.836636066 -0.195378974 0.004200065 0.980718791 142.674697876
0.981281936 0.038564555 0.188675776 68.169326782 -0.036692616 0.999236703 -0.013405640 -3.843468904 -0.189048767 0.006231705 0.981947899 143.461624146
0.982501984 0.037090167 0.182521656 68.312957764 -0.036189429 0.999310851 -0.008264326 -3.854550362 -0.182702392 0.001514364 0.983167112 144.257339478
0.983683407 0.034456149 0.176577508 68.446876526 -0.035011914 0.999386907 0.000031803 -3.864510775 -0.176468149 -0.006213599 0.984286726 145.061981201
0.984426260 0.031283446 0.172992125 68.591972351 -0.033540871 0.999385834 0.010140768 -3.887391329 -0.172568679 -0.015785147 0.984870970 145.860946655
0.984856546 0.038071640 0.169139385 68.707794189 -0.040798102 0.999086976 0.012672299 -3.889357805 -0.168502524 -0.019380961 0.985510647 146.655593872
0.985541403 0.041271206 0.164332002 68.828674316 -0.043194789 0.999033451 0.008147737 -3.895953894 -0.163836911 -0.015128218 0.986371338 147.435150146
0.986749113 0.042010702 0.156720296 68.944717407 -0.042232897 0.999105990 -0.001913390 -3.902358294 -0.156660572 -0.004730716 0.987641156 148.208419800
0.987891614 0.038703818 0.150240481 69.071365356 -0.038021233 0.999249458 -0.007414165 -3.902610540 -0.150414675 0.001612063 0.988621652 149.002960205
0.988902569 0.037938371 0.143639639 69.180114746 -0.037427675 0.999279797 -0.006256797 -3.912897110 -0.143773541 0.000811266 0.989610314 149.802017212
0.989697754 0.044548497 0.136064947 69.272674561 -0.044573843 0.999001980 -0.002861848 -3.925763130 -0.136056632 -0.003232572 0.990695775 150.615203857
0.990485728 0.050291602 0.128096983 69.359680176 -0.050224703 0.998730958 -0.003754318 -3.944555521 -0.128123239 -0.002715036 0.991754532 151.412780762
0.991601646 0.052842762 0.118041888 69.451423645 -0.052053403 0.998596489 -0.009762284 -3.952865601 -0.118392102 0.003535814 0.992960691 152.221618652
0.992586136 0.051708892 0.109995171 69.530509949 -0.050656103 0.998639703 -0.012346089 -3.961867332 -0.110483982 0.006682630 0.993855476 153.033355713
0.993443429 0.051687285 0.101974227 69.603752136 -0.050979368 0.998654187 -0.009537787 -3.972646713 -0.102329984 0.004276670 0.994741380 153.854995728
0.994010389 0.054414921 0.094776541 69.657699585 -0.054461055 0.998513758 -0.002101713 -3.991470337 -0.094750054 -0.003072507 0.995496392 154.676803589
0.994635344 0.057442665 0.086028025 69.734245300 -0.057985142 0.998310149 0.003818299 -4.001149654 -0.085663311 -0.008786161 0.996285439 155.518005371
0.995290220 0.056661621 0.078656219 69.789611816 -0.057376619 0.998329103 0.006858435 -4.003679752 -0.078136176 -0.011339161 0.996878266 156.337814331
0.995733082 0.057034995 0.072544150 69.840141296 -0.057861350 0.998280883 0.009339271 -4.005947590 -0.071886778 -0.013496925 0.997321546 157.155258179
0.995959222 0.057617132 0.068886660 69.879394531 -0.058276914 0.998271406 0.007605193 -4.017180920 -0.068329394 -0.011588964 0.997595549 157.977828979
0.996081948 0.061484136 0.063564368 69.937408447 -0.061762005 0.998088002 0.002413881 -4.022691250 -0.063294411 -0.006330285 0.997974813 158.784652710
0.995946229 0.067371659 0.059599601 69.968902588 -0.067245044 0.997727931 -0.004129850 -4.032818794 -0.059742417 0.000105331 0.998213768 159.597656250
0.995986223 0.069300100 0.056646701 69.999114990 -0.069047973 0.997592866 -0.006398200 -4.038217068 -0.056953739 0.002461179 0.998373806 160.417068481
0.995991170 0.070970364 0.054450542 70.017570496 -0.071049884 0.997472644 -0.000476451 -4.048125267 -0.054346733 -0.003394162 0.998516381 161.240066528
0.996037126 0.072097413 0.052076109 70.069015503 -0.072718203 0.997301161 0.010123910 -4.053329468 -0.051205665 -0.013870670 0.998591840 162.061355591
0.996102273 0.073403962 0.048908014 70.101936340 -0.074331127 0.997081518 0.017413873 -4.056594372 -0.047487035 -0.020981390 0.998651505 162.889175415
0.996570706 0.070105635 0.043952275 70.132263184 -0.070793487 0.997388542 0.014292441 -4.058405876 -0.042835515 -0.017354967 0.998931468 163.703125000
0.997585833 0.058222588 0.037848677 70.177330017 -0.058434315 0.998281062 0.004511595 -4.061682224 -0.037520941 -0.006712366 0.999273360 164.513854980
0.997975886 0.055886198 0.030346354 70.209030151 -0.055911969 0.998435676 0.000000513 -4.062247753 -0.030298859 -0.001697236 0.999539435 165.311676025
0.997954071 0.059443634 0.023540081 70.217056274 -0.059494738 0.998227537 0.001475920 -4.065463543 -0.023410624 -0.002873412 0.999721885 166.137695312
0.998197436 0.057707969 0.016484000 70.219573975 -0.057842202 0.998295426 0.007785321 -4.071766376 -0.016006628 -0.008724758 0.999833882 166.976623535
0.998602748 0.052049197 0.009139156 70.227050781 -0.052152306 0.998573780 0.011431362 -4.073292732 -0.008531127 -0.011892017 0.999892950 167.804885864
0.999042749 0.043614969 0.003382012 70.238433838 -0.043663356 0.998920262 0.015871780 -4.072546482 -0.002686113 -0.016004255 0.999868333 168.641052246
0.999211192 0.039608851 -0.002868351 70.237792969 -0.039558239 0.999089897 0.015956677 -4.075562477 0.003497766 -0.015830623 0.999868572 169.470031738
0.999290228 0.036427837 -0.009596979 70.232841492 -0.036339190 0.999296725 0.009255029 -4.079065323 0.009927369 -0.008899714 0.999911070 170.287765503
0.999478221 0.027386166 -0.017129807 70.219703674 -0.027402021 0.999624252 -0.000691244 -4.082936287 0.017104439 0.001160273 0.999853015 171.124877930
0.999581873 0.016428225 -0.023796113 70.210800171 -0.016549295 0.999851048 -0.004899607 -4.080979347 0.023712076 0.005291366 0.999704838 171.961547852
0.999343514 0.020482805 -0.029887175 70.185829163 -0.020405088 0.999787509 0.002903224 -4.090448380 0.029940296 -0.002291466 0.999549031 172.789413452
0.998905361 0.031270962 -0.034788866 70.137092590 -0.030719135 0.999395430 0.016285334 -4.093327045 0.035277087 -0.015198823 0.999261916 173.634582520
0.998547792 0.036811091 -0.039335392 70.086746216 -0.035896253 0.999074042 0.023715984 -4.090034008 0.040171977 -0.022269547 0.998944581 174.485351562
0.998423517 0.036006581 -0.043059211 70.044975281 -0.035123739 0.999160409 0.021086898 -4.089318752 0.043782327 -0.019541254 0.998849928 175.314971924
0.998262048 0.037653331 -0.045333382 70.001480103 -0.037227251 0.999254704 0.010206807 -4.085253716 0.045683917 -0.008501431 0.998919785 176.146194458
0.997685194 0.047869347 -0.048299726 69.938003540 -0.047879092 0.998852730 0.000955690 -4.082175732 0.048290063 0.001359071 0.998832464 176.981079102
0.997640550 0.046445891 -0.050558630 69.890075684 -0.046609893 0.998911142 -0.002069216 -4.095812321 0.050407462 0.004420866 0.998718977 177.817474365
0.997740746 0.041228641 -0.053043056 69.855987549 -0.041148756 0.999149680 0.002597661 -4.097381592 0.053105049 -0.000409136 0.998588860 178.671768188
0.997752249 0.041107420 -0.052920800 69.813339233 -0.040566459 0.999113441 0.011256308 -4.097633839 0.053336605 -0.009084197 0.998535335 179.525878906
0.997694850 0.043207720 -0.052325416 69.757553101 -0.042382214 0.998960435 0.016785078 -4.100068569 0.052996259 -0.014528721 0.998489022 180.385482788
0.997599840 0.043124240 -0.054173324 69.707496643 -0.042334285 0.998980939 0.015646370 -4.098268032 0.054792859 -0.013315430 0.998408914 181.244201660
0.997585654 0.039915804 -0.056830164 69.661598206 -0.039607398 0.999193907 0.006543297 -4.100024700 0.057045531 -0.004276607 0.998362362 182.087432861
0.997777224 0.029032886 -0.059980355 69.627571106 -0.029376764 0.999556601 -0.004859136 -4.107371330 0.059812676 0.006610362 0.998187661 182.941680908
0.997936845 0.018447904 -0.061494119 69.579841614 -0.019003741 0.999783576 -0.008466292 -4.120021820 0.061324615 0.009617440 0.998071492 183.796249390
0.997849822 0.021447696 -0.061932273 69.517608643 -0.021746010 0.999755025 -0.004146742 -4.127377033 0.061828159 0.005484603 0.998071671 184.659011841
0.997667074 0.026694680 -0.062834166 69.459930420 -0.026303334 0.999629080 0.007047384 -4.142053604 0.062999018 -0.005378194 0.997999072 185.488815308
0.997534513 0.027787888 -0.064443178 69.400871277 -0.027148806 0.999573350 0.010771749 -4.152555466 0.064715013 -0.008995634 0.997863233 186.336929321
0.997488022 0.026259305 -0.065788768 69.349121094 -0.025859971 0.999641657 0.006914336 -4.158212662 0.065946758 -0.005195671 0.997809589 187.177154541
0.997498274 0.026765177 -0.065428950 69.289855957 -0.026775308 0.999641240 0.000722157 -4.164216518 0.065424800 0.001031530 0.997856975 188.008728027
0.997302353 0.033026952 -0.065551855 69.218841553 -0.033061877 0.999453187 0.000552278 -4.171629429 0.065534234 0.001616479 0.997848928 188.851196289
0.997170150 0.035673462 -0.066174023 69.156143188 -0.035506696 0.999362648 0.003694869 -4.180865288 0.066263638 -0.001334792 0.997801244 189.688369751
0.997003317 0.039170548 -0.066708013 69.089942932 -0.038802207 0.999223650 0.006808956 -4.188519478 0.066922933 -0.004200133 0.997749269 190.522964478
0.996838391 0.043257724 -0.066646822 69.024879456 -0.042697974 0.999039948 0.009800962 -4.193115234 0.067006797 -0.006924291 0.997728467 191.347808838
0.996656477 0.046599217 -0.067113675 68.960632324 -0.046074212 0.998894393 0.009350215 -4.197099686 0.067475192 -0.006226743 0.997701526 192.166732788
0.996716678 0.044446569 -0.067677639 68.901741028 -0.044159412 0.999008060 0.005733962 -4.206981659 0.067865364 -0.002726530 0.997690737 192.984222412
0.996565282 0.046176385 -0.068740457 68.837203979 -0.046258811 0.998929441 0.000393117 -4.212719917 0.068685018 0.002788086 0.997634530 193.791885376
0.996441483 0.047157504 -0.069860972 68.777908325 -0.047243375 0.998883367 0.000423530 -4.208535194 0.069802932 0.002878445 0.997556686 194.593673706
0.996291399 0.047511373 -0.071736313 68.713447571 -0.046913758 0.998849034 0.009993790 -4.210315704 0.072128557 -0.006591307 0.997373581 195.408889771
0.996334970 0.046233252 -0.071967326 68.638816833 -0.044924431 0.998796165 0.019700786 -4.223670006 0.072791517 -0.016395489 0.997212410 196.188049316
0.996498227 0.040534005 -0.073131718 68.585639954 -0.039083712 0.999012113 0.021155069 -4.225735664 0.073916972 -0.018222727 0.997097909 196.981323242
0.996480048 0.038364906 -0.074536823 68.546005249 -0.037399255 0.999197900 0.014308647 -4.221036911 0.075025998 -0.011470660 0.997115612 197.725372314
0.996434689 0.040154386 -0.074199669 68.488349915 -0.039575584 0.999173701 0.009254972 -4.220296383 0.074509986 -0.006285482 0.997200489 198.462173462
0.996555328 0.038725600 -0.073334590 68.428070068 -0.038604431 0.999249816 0.003069357 -4.220271111 0.073398449 -0.000227744 0.997302651 199.177017212
0.996687114 0.035885446 -0.072986677 68.374732971 -0.035993822 0.999351978 -0.000169684 -4.237493038 0.072933286 0.002796190 0.997332931 199.870391846
0.996973336 0.032439526 -0.070653416 68.332710266 -0.032857213 0.999448717 -0.004757300 -4.249595165 0.070460141 0.007064375 0.997489572 200.546478271
0.997359753 0.030204149 -0.066039540 68.292564392 -0.030680817 0.999509931 -0.006215436 -4.253193855 0.065819435 0.008225173 0.997797668 201.221694946
0.997622550 0.032099392 -0.060985021 68.248733521 -0.032258261 0.999478221 -0.001621858 -4.263726234 0.060901135 0.003585272 0.998137414 201.896148682
0.997851014 0.036479328 -0.054429758 68.206329346 -0.036127415 0.999319434 0.007435945 -4.272353649 0.054663975 -0.005453561 0.998489976 202.567428589
0.997893155 0.043199543 -0.048404437 68.163299561 -0.042668402 0.999017835 0.011953585 -4.286405087 0.048873272 -0.009863061 0.998756409 203.239349365
0.998140156 0.043894794 -0.042303570 68.129882812 -0.043515019 0.999004185 0.009857235 -4.283843994 0.042694122 -0.007998062 0.999056220 203.906646729
0.998452365 0.042346194 -0.036049433 68.120193481 -0.042303067 0.999102890 0.001958745 -4.297774792 0.036100034 -0.000430713 0.999348104 204.552749634
0.998675764 0.042597152 -0.028847147 68.103736877 -0.042824671 0.999055803 -0.007315101 -4.301568031 0.028508307 0.008540783 0.999557137 205.199386597
0.998712718 0.045906071 -0.021570254 68.078521729 -0.046181899 0.998855233 -0.012468101 -4.313062668 0.020973202 0.013448209 0.999689579 205.847061157
0.998872817 0.045235395 -0.014378242 68.072647095 -0.045403235 0.998901725 -0.011569271 -4.323895931 0.013839114 0.012209051 0.999829710 206.493392944
0.999102354 0.041561693 -0.008205096 68.071365356 -0.041612566 0.999114990 -0.006129086 -4.341290951 0.007943099 0.006465019 0.999947548 207.147857666
0.999420941 0.033985101 -0.001697552 68.079429626 -0.033985917 0.999422252 -0.000451175 -4.357735157 0.001681238 0.000508606 0.999998450 207.794586182
0.999588311 0.028457548 0.003656940 68.093887329 -0.028461799 0.999594212 0.001114143 -4.372477531 -0.003623750 -0.001217768 0.999992669 208.435913086
0.999512255 0.030121004 0.008244495 68.079536438 -0.030137923 0.999543905 0.001935147 -4.380823135 -0.008182445 -0.002182675 0.999964118 209.087982178
0.999398172 0.033535130 0.008869728 68.089355469 -0.033567838 0.999430299 0.003563697 -4.387187481 -0.008745163 -0.003859290 0.999954343 209.728652954
0.999389470 0.033878680 0.008544249 68.095214844 -0.033923849 0.999411047 0.005197571 -4.385704517 -0.008363131 -0.005484251 0.999949992 210.377838135
0.999407768 0.033582650 0.007497163 68.102539062 -0.033643357 0.999400973 0.008123874 -4.392948627 -0.007219851 -0.008371292 0.999938965 211.033920288
0.999354362 0.035070516 0.007804754 68.101341248 -0.035147268 0.999332964 0.009923409 -4.397626877 -0.007451529 -0.010191315 0.999920309 211.690444946
0.999013364 0.043809269 0.007281488 68.092430115 -0.043847837 0.999024689 0.005222822 -4.403612137 -0.007045578 -0.005536945 0.999959886 212.346801758
0.998803020 0.048414234 0.006966569 68.074981689 -0.048390575 0.998822212 -0.003524659 -4.410211086 -0.007129008 0.003183324 0.999969542 212.989135742
0.998909771 0.046435449 0.004802088 68.070281982 -0.046373941 0.998849571 -0.012211874 -4.417767525 -0.005363627 0.011975869 0.999913931 213.639709473
0.999172986 0.040651251 0.000953218 68.075340271 -0.040630098 0.999038875 -0.016447382 -4.424846172 -0.001620909 0.016395051 0.999864340 214.293655396
0.999093890 0.042447381 -0.003101018 68.068664551 -0.042478092 0.999041021 -0.010619337 -4.430626392 0.002647281 0.010741439 0.999938846 214.964355469
0.998784244 0.048890542 -0.006312981 68.050498962 -0.048879921 0.998802960 0.001825393 -4.436720371 0.006394669 -0.001514596 0.999978423 215.647949219
0.998994529 0.043653026 -0.010226113 68.043556213 -0.043479655 0.998916328 0.016603494 -4.445460796 0.010939823 -0.016142169 0.999809921 216.329498291
0.999191701 0.037562560 -0.014319887 68.041717529 -0.037178755 0.998965383 0.026187630 -4.450063229 0.015288747 -0.025634069 0.999554515 217.010986328
0.999210417 0.035931341 -0.016960226 68.026733398 -0.035513550 0.999073148 0.024323517 -4.444444656 0.017818481 -0.023701992 0.999560237 217.686706543
0.998986661 0.040606614 -0.019410374 67.995223999 -0.040245753 0.999016047 0.018633818 -4.446562290 0.020147929 -0.017833753 0.999637902 218.364608765
0.998978078 0.038488567 -0.023697585 67.979667664 -0.038269788 0.999221265 0.009617710 -4.440623283 0.024049299 -0.008700981 0.999672830 219.066390991
0.999211729 0.030027889 -0.025968315 67.969909668 -0.029917860 0.999541759 0.004615294 -4.429664135 0.026095001 -0.003834742 0.999652028 219.756439209
0.999388814 0.022616280 -0.026657162 67.955696106 -0.022376865 0.999706924 0.009245609 -4.423775196 0.026858449 -0.008643455 0.999601841 220.459304810
0.999464929 0.015652943 -0.028723055 67.947395325 -0.015269248 0.999791920 0.013529581 -4.424938679 0.028928855 -0.013083762 0.999495864 221.163467407
0.999478698 0.012481042 -0.029778063 67.923767090 -0.011983584 0.999786615 0.016825944 -4.432560921 0.029981714 -0.016460322 0.999414861 221.862823486
0.999458969 0.010848272 -0.031052213 67.904663086 -0.010438224 0.999856532 0.013337017 -4.427316189 0.031192437 -0.013005673 0.999428689 222.578567505
0.999478102 0.003843618 -0.032074396 67.895408630 -0.003563837 0.999955058 0.008775510 -4.431044102 0.032106690 -0.008656622 0.999446988 223.259353638
0.999438465 -0.005129386 -0.033113644 67.884414673 0.005390236 0.999955058 0.007792977 -4.432360649 0.033072181 -0.007967091 0.999421239 223.954467773
0.999390304 -0.006384950 -0.034325495 67.864791870 0.006754141 0.999920428 0.010650397 -4.429062843 0.034254767 -0.010875744 0.999354005 224.662490845
0.999371767 -0.007299633 -0.034680784 67.833961487 0.007827404 0.999855220 0.015106635 -4.432036400 0.034565493 -0.015368606 0.999284267 225.366806030
0.999341488 -0.008217066 -0.035343602 67.811553955 0.008862462 0.999796152 0.018142885 -4.434669018 0.035187315 -0.018444171 0.999210477 226.049087524
0.999316454 -0.009481522 -0.035732884 67.784629822 0.010051583 0.999824524 0.015807653 -4.436670780 0.035576727 -0.016156022 0.999236345 226.740753174
0.999287546 -0.012834359 -0.035492513 67.762069702 0.013145613 0.999876976 0.008550180 -4.438127995 0.035378415 -0.009010657 0.999333382 227.417678833
0.999253750 -0.014544760 -0.035781674 67.738403320 0.014522572 0.999894083 -0.000879883 -4.441629887 0.035790686 0.000359584 0.999359310 228.089370728
0.999275386 -0.013039285 -0.035757754 67.715545654 0.012819829 0.999897659 -0.006359742 -4.444268227 0.035837017 0.005896724 0.999340296 228.763107300
0.999317586 -0.009696051 -0.035642911 67.683471680 0.009517184 0.999941349 -0.005184507 -4.449412346 0.035691079 0.004841748 0.999351144 229.425827026
0.999292195 -0.011536003 -0.035809796 67.668540955 0.011582538 0.999932408 0.001092245 -4.457911015 0.035794776 -0.001506239 0.999358058 230.087707520
0.999236584 -0.013810649 -0.036545452 67.647018433 0.014144554 0.999860466 0.008893939 -4.465714455 0.036417518 -0.009404067 0.999292493 230.733932495
0.999232352 -0.013693387 -0.036706749 67.624694824 0.014205019 0.999805093 0.013713956 -4.472962856 0.036511809 -0.014224847 0.999231994 231.360046387
0.999225080 -0.012441725 -0.037340630 67.591400146 0.013091200 0.999766409 0.017199449 -4.483148098 0.037117921 -0.017674960 0.999154568 231.987396240
0.999092162 -0.014674385 -0.039994344 67.567893982 0.015476764 0.999683678 0.019827073 -4.479696274 0.039690748 -0.020428058 0.999003172 232.579345703
0.998768687 -0.020982377 -0.044954348 67.543441772 0.021871280 0.999573112 0.019373633 -4.483565331 0.044528656 -0.020332985 0.998801172 233.157028198
0.998258829 -0.025520468 -0.053177956 67.516296387 0.026467565 0.999501944 0.017182361 -4.482185364 0.052712973 -0.018559938 0.998437226 233.709671021
0.997592986 -0.027877668 -0.063491479 67.472175598 0.028774243 0.999498069 0.013250678 -4.488368034 0.063090220 -0.015045702 0.997894466 234.233947754
0.996548593 -0.029110352 -0.077738412 67.420433044 0.029962001 0.999502897 0.009811314 -4.494424820 0.077414155 -0.012106649 0.996925473 234.768295288
0.994825244 -0.030300248 -0.096977986 67.370704651 0.031131588 0.999490321 0.007070494 -4.493588448 0.096714295 -0.010052986 0.995261431 235.254516602
0.992340684 -0.033856753 -0.118800871 67.295799255 0.035016600 0.999357283 0.007688556 -4.493888855 0.118464179 -0.011789671 0.992888391 235.759063721
0.989129364 -0.031528026 -0.143628180 67.206817627 0.033335816 0.999392211 0.010196934 -4.499763012 0.143219382 -0.014874051 0.989579201 236.247375488
0.984634280 -0.031582396 -0.171750188 67.104011536 0.034260899 0.999332905 0.012652817 -4.502691269 0.171235994 -0.018342711 0.985059321 236.739868164
0.978498399 -0.032935750 -0.203608394 66.987579346 0.036178820 0.999270618 0.012225351 -4.514316082 0.203057200 -0.019328795 0.978976071 237.195632935
0.970519304 -0.030903425 -0.239034221 66.841766357 0.033925612 0.999387980 0.008538299 -4.520421505 0.238624051 -0.016395967 0.970973670 237.652648926
0.959940195 -0.027835641 -0.278818846 66.707321167 0.030064514 0.999541044 0.003720228 -4.513026714 0.278587341 -0.011953748 0.960336506 238.059616089
0.946674943 -0.023863148 -0.321305215 66.523628235 0.025290318 0.999680161 0.000268263 -4.518858433 0.321196049 -0.008379868 0.946975648 238.476394653
0.930560410 -0.018620409 -0.365664542 66.319305420 0.019536195 0.999808490 -0.001195726 -4.518916130 0.365616739 -0.006030999 0.930745959 238.881530762
0.911126733 -0.009039327 -0.412027150 66.108451843 0.008692610 0.999958515 -0.002715562 -4.521867275 0.412034661 -0.001107369 0.911167443 239.250656128
0.888323307 0.004143774 -0.459199756 65.871376038 -0.006286554 0.999975383 -0.003137676 -4.526477337 0.459175467 0.005674053 0.888327420 239.592880249
0.861440957 0.016307693 -0.507595658 65.621864319 -0.019413602 0.999811172 -0.000825574 -4.536128521 0.507486343 0.010565443 0.861594975 239.923919678
0.830244362 0.024916191 -0.556842387 65.339515686 -0.028931562 0.999580145 0.001590155 -4.533111095 0.556648254 0.014790102 0.830616653 240.283370972
0.795397162 0.031806849 -0.605253518 65.055213928 -0.035429645 0.999354362 0.005957312 -4.534218311 0.605052292 0.016705487 0.796010554 240.592224121
0.758064032 0.039428785 -0.650987029 64.748855591 -0.039761189 0.999108195 0.014212404 -4.521302223 0.650966942 0.015110106 0.758955717 240.888580322
0.719165564 0.052046079 -0.692886829 64.420394897 -0.044385113 0.998595357 0.028940843 -4.524573803 0.693419755 0.009940602 0.720465362 241.160369873
0.678215683 0.063309751 -0.732130647 64.074974060 -0.048711278 0.997963965 0.041173119 -4.506200314 0.733246684 0.007738763 0.679918766 241.428161621
0.636334062 0.071664162 -0.768077612 63.700325012 -0.052818909 0.997386396 0.049300205 -4.485437870 0.769603252 0.009197614 0.638456106 241.671234131
0.591843009 0.075602338 -0.802499890 63.340354919 -0.051975612 0.997099161 0.055603266 -4.474151611 0.804375768 0.008802013 0.594055712 241.889511108
0.545798540 0.077867955 -0.834290445 62.973949432 -0.051206663 0.996911287 0.059546296 -4.449228287 0.836350381 0.010220950 0.548100054 242.070007324
0.497610062 0.075590052 -0.864100933 62.610542297 -0.044446789 0.997108817 0.061629772 -4.431817055 0.866261423 0.007738915 0.499531120 242.229385376
0.449089617 0.069972657 -0.890742600 62.218521118 -0.036977068 0.997530103 0.059718505 -4.405568600 0.892721236 0.006118092 0.450567782 242.360137939
0.395622998 0.062592916 -0.916277587 61.850067139 -0.028247533 0.998032093 0.055981249 -4.379877567 0.917978525 0.003735117 0.396612465 242.498016357
0.339697868 0.056600917 -0.938829958 61.473224640 -0.022367820 0.998391449 0.052098427 -4.354699135 0.940268576 0.003301855 0.340417445 242.628845215
0.288223594 0.054291256 -0.956022859 61.045829773 -0.020899968 0.998510242 0.050403103 -4.327959061 0.957335055 0.005453485 0.288928926 242.717910767
0.238561660 0.054647114 -0.969588578 60.604831696 -0.021411929 0.998468757 0.051006556 -4.302038670 0.970891356 0.008592555 0.239366442 242.788909912
0.192087233 0.055679467 -0.979797065 60.138065338 -0.018749651 0.998415232 0.053061660 -4.283006668 0.981198788 0.008178388 0.192826778 242.850997925
0.149232656 0.055035666 -0.987269282 59.691287994 -0.016225198 0.998451769 0.053206485 -4.264204025 0.988669038 0.008078496 0.149894550 242.883529663
0.108304113 0.054153867 -0.992641747 59.207386017 -0.014970555 0.998490810 0.052839577 -4.243789673 0.994005144 0.009137655 0.108951367 242.916564941
0.072859555 0.052999225 -0.995932996 58.711959839 -0.013543963 0.998547614 0.052147523 -4.223274708 0.997250319 0.009689435 0.073471531 242.929397583
0.045095883 0.050228134 -0.997719169 58.266891479 -0.014361347 0.998664558 0.049626615 -4.203605175 0.998879433 0.012090635 0.045757003 242.905410767
0.018885532 0.048472535 -0.998646021 57.750846863 -0.013960819 0.998739481 0.048213061 -4.189085960 0.999724209 0.013031384 0.019538438 242.912185669
-0.002824862 0.047390640 -0.998872459 57.245147705 -0.015960276 0.998747051 0.047429826 -4.172258854 0.999868691 0.016076261 -0.002064958 242.879531860
-0.021400433 0.044865284 -0.998763800 56.696414948 -0.017051591 0.998830855 0.045233663 -4.127019405 0.999625623 0.017998533 -0.020610385 242.846008301
-0.036198553 0.044166412 -0.998368204 56.167575836 -0.020023972 0.998790264 0.044911109 -4.112599373 0.999144018 0.021617012 -0.035270378 242.811172485
-0.046489082 0.042016972 -0.998034716 55.598255157 -0.021716442 0.998836279 0.043062277 -4.088702202 0.998682797 0.023675686 -0.045522533 242.772796631
-0.052686770 0.040401701 -0.997793436 55.015098572 -0.022169869 0.998887599 0.041616645 -4.064802647 0.998364985 0.024313593 -0.051732473 242.733795166
-0.056197297 0.039739553 -0.997628510 54.409770966 -0.022118635 0.998912752 0.041036669 -4.038516998 0.998174667 0.024372328 -0.055257220 242.694473267
-0.058244865 0.039957121 -0.997502387 53.791660309 -0.021812730 0.998909175 0.041287128 -4.012778282 0.998064101 0.024163011 -0.057309762 242.659591675
-0.059105523 0.040669784 -0.997422874 53.194450378 -0.021540603 0.998885095 0.042005852 -3.996636868 0.998019278 0.023967871 -0.058163580 242.615570068
-0.059454866 0.041385680 -0.997372687 52.532356262 -0.021485541 0.998855650 0.042728003 -3.972192049 0.997999787 0.023969477 -0.058497638 242.581497192
-0.058462527 0.041588381 -0.997422814 51.849800110 -0.021052869 0.998858273 0.042882215 -3.947336435 0.998067617 0.023505617 -0.057520222 242.539428711
-0.057724625 0.039298482 -0.997558653 51.156528473 -0.018904891 0.999002755 0.040449318 -3.916382313 0.998153627 0.021193659 -0.056924123 242.498367310
-0.056753337 0.036836959 -0.997708380 50.463829041 -0.016361436 0.999150574 0.037820905 -3.892766953 0.998254120 0.018470405 -0.056102429 242.458251953
-0.055341668 0.035693180 -0.997829318 49.723468781 -0.015776912 0.999204814 0.036617406 -3.866184950 0.998342872 0.017769134 -0.054734539 242.416580200
-0.054238241 0.034661781 -0.997926235 48.952777863 -0.016743205 0.999225199 0.035616912 -3.832565546 0.998387694 0.018640280 -0.053615872 242.370498657
-0.052896030 0.034515336 -0.998003304 48.175113678 -0.016670335 0.999232709 0.035441410 -3.808452368 0.998460889 0.018511757 -0.052280061 242.327087402
-0.051188126 0.035381060 -0.998062074 47.396289825 -0.014872918 0.999234438 0.036185417 -3.782974720 0.998578250 0.016696364 -0.050622724 242.279922485
-0.049973268 0.035629176 -0.998114765 46.571659088 -0.012075663 0.999268889 0.036274970 -3.753266096 0.998677552 0.013865680 -0.049506489 242.242019653
-0.048086550 0.035448354 -0.998213947 45.726142883 -0.009003734 0.999314189 0.035921160 -3.726701260 0.998802543 0.010714978 -0.047734410 242.205017090
-0.046765659 0.035701454 -0.998267651 44.877628326 -0.008481251 0.999310911 0.036136091 -3.697569132 0.998869896 0.010156488 -0.046430640 242.160797119
-0.045479760 0.038651381 -0.998217225 44.013515472 -0.007147411 0.999213040 0.039015580 -3.673449516 0.998939693 0.008909086 -0.045167722 242.119934082
-0.044999313 0.043104380 -0.998056650 43.132049561 -0.005542581 0.999042511 0.043396860 -3.639764786 0.998971701 0.007484637 -0.044717323 242.085983276
-0.043806229 0.047932696 -0.997889519 42.239212036 -0.004452085 0.998829067 0.048173267 -3.613650560 0.999030113 0.006552976 -0.043541543 242.035705566
-0.043717902 0.048399165 -0.997870922 41.357315063 -0.003504577 0.998812318 0.048598368 -3.576201677 0.999037802 0.005621732 -0.043496359 242.003570557
-0.044039253 0.045471955 -0.997994423 40.484817505 -0.004551631 0.998944163 0.045716077 -3.550121069 0.999019384 0.006555805 -0.043785777 241.957855225
-0.045621004 0.041003708 -0.998116910 39.608085632 -0.003059045 0.999146819 0.041185837 -3.521950006 0.998954117 0.004932224 -0.045456652 241.920730591
-0.047311496 0.040100936 -0.998074949 38.718013763 -0.000894345 0.999191701 0.040188193 -3.489489555 0.998879850 0.002793987 -0.047237393 241.873504639
-0.049605701 0.044773195 -0.997764826 37.832454681 0.001721372 0.998997152 0.044742901 -3.455134153 0.998767376 0.000501980 -0.049633026 241.828674316
-0.052771624 0.051435128 -0.997281075 36.961544037 0.003631016 0.998675883 0.051314931 -3.438519239 0.998600006 -0.000913171 -0.052888516 241.775970459
-0.055818547 0.055415090 -0.996901929 36.077529907 0.005727235 0.998459935 0.055181012 -3.402314901 0.998424470 -0.002629367 -0.056049962 241.729354858
-0.058493204 0.055271585 -0.996756554 35.195011139 0.007374419 0.998462737 0.054933440 -3.366040468 0.998260677 -0.004137268 -0.058810882 241.671173096
-0.061163448 0.053596925 -0.996687651 34.313121796 0.008325444 0.998549938 0.053186156 -3.328818083 0.998093128 -0.005044818 -0.061520971 241.611267090
-0.063909106 0.050942570 -0.996654570 33.449985504 0.006808237 0.998695195 0.050610311 -3.300688744 0.997932434 -0.003551002 -0.064172566 241.553466797
-0.066794336 0.048828486 -0.996571243 32.576442719 0.005734012 0.998804092 0.048553571 -3.263117790 0.997750282 -0.002471249 -0.066994444 241.497665405
-0.067949891 0.048298150 -0.996519029 31.711097717 0.005218600 0.998831093 0.048054371 -3.234122992 0.997675121 -0.001935146 -0.068122521 241.423309326
-0.069730327 0.046977036 -0.996459186 30.833705902 0.001231445 0.998893857 0.047005646 -3.205390453 0.997565150 0.002050634 -0.069711044 241.355987549
-0.070249751 0.043860860 -0.996564806 29.980457306 -0.003185465 0.999017954 0.044193380 -3.183355570 0.997524381 0.006279096 -0.070041046 241.276824951
-0.070904166 0.040333528 -0.996667325 29.116182327 -0.005721885 0.999149323 0.040841024 -3.152493477 0.997466743 0.008598614 -0.070613056 241.209030151
-0.069877714 0.039468717 -0.996774614 28.269477844 -0.007099348 0.999172032 0.040061340 -3.127758980 0.997530282 0.009875843 -0.069539659 241.140960693
-0.068469033 0.039571170 -0.996868193 27.418128967 -0.007802391 0.999161243 0.040198095 -3.105315685 0.997622728 0.010530279 -0.068102852 241.081253052
-0.066498242 0.039446082 -0.997006476 26.561601639 -0.006574830 0.999179244 0.039970562 -3.084348440 0.997764885 0.009213120 -0.066184312 241.020019531
-0.064158157 0.040617719 -0.997112811 25.713436127 -0.005952968 0.999137998 0.041083258 -3.060891867 0.997922003 0.008571606 -0.063861057 240.959625244
-0.062306654 0.041804407 -0.997181177 24.870021820 -0.003687793 0.999105990 0.042115524 -3.037853241 0.998050272 0.006301475 -0.062096786 240.909698486
-0.060674857 0.043857452 -0.997193515 24.024290085 0.001666275 0.999037266 0.043837160 -3.013971806 0.998156190 0.000998215 -0.060689524 240.864624023
-0.058620166 0.044012640 -0.997309625 23.191177368 0.007068429 0.999020875 0.043672688 -2.988253355 0.998255312 -0.004489313 -0.058873877 240.822586060
-0.056766655 0.042319618 -0.997490168 22.359027863 0.006248599 0.999096751 0.042032171 -2.964123964 0.998367906 -0.003846893 -0.056979816 240.774719238
-0.055049308 0.041523818 -0.997619808 21.523773193 0.006056188 0.999130428 0.041252505 -2.938171148 0.998465300 -0.003770852 -0.055252910 240.724288940
-0.054277174 0.042104643 -0.997637808 20.697353363 0.009199166 0.999089301 0.041665409 -2.915404558 0.998483539 -0.006915955 -0.054615073 240.682723999
-0.054629661 0.045873228 -0.997452378 19.870389938 0.011767518 0.998904228 0.045295499 -2.888924122 0.998437345 -0.009263059 -0.055109616 240.648056030
-0.054770116 0.049662992 -0.997263134 19.042797089 0.009697336 0.998741686 0.049204033 -2.859097719 0.998451948 -0.006975887 -0.055182789 240.583267212
-0.056436416 0.052052882 -0.997048259 18.217391968 0.007917595 0.998631954 0.051687378 -2.834077835 0.998374879 -0.004977175 -0.056771338 240.529708862
-0.059116408 0.050489563 -0.996973336 17.408166885 0.007291437 0.998715341 0.050145425 -2.808839083 0.998224556 -0.004304951 -0.059408601 240.478469849
-0.061885238 0.047388922 -0.996957541 16.596689224 0.006183462 0.998871326 0.047096040 -2.776348829 0.998064220 -0.003250099 -0.062108416 240.420562744
-0.065111265 0.043872021 -0.996913075 15.805554390 0.004998905 0.999034762 0.043638911 -2.752483606 0.997865498 -0.002142087 -0.065267742 240.359725952
-0.069347024 0.042114031 -0.996703267 15.005037308 0.004032270 0.999112129 0.041935273 -2.724318027 0.997584462 -0.001110891 -0.069455281 240.293151855
-0.073974296 0.041485291 -0.996396840 14.210516930 0.002683831 0.999138951 0.041400217 -2.707099915 0.997256577 0.000388391 -0.074021958 240.215942383
-0.079395004 0.041922253 -0.995961308 13.411777496 0.000702102 0.999117434 0.041999128 -2.683124781 0.996843040 0.002635255 -0.079354353 240.158813477
-0.083831862 0.043356720 -0.995536268 12.626832962 -0.001274849 0.999047518 0.043616999 -2.657529593 0.996479154 0.004925652 -0.083696745 240.078933716
-0.088278480 0.046028890 -0.995031774 11.832804680 -0.003624592 0.998910308 0.046529885 -2.634915352 0.996089160 0.007714171 -0.088015452 240.003814697
-0.092402995 0.046797421 -0.994621396 11.048487663 -0.008152346 0.998825908 0.047752623 -2.608576775 0.995688260 0.012520982 -0.091913000 239.916366577
-0.095449962 0.046622321 -0.994341791 10.271842003 -0.012349467 0.998770297 0.048015419 -2.585120678 0.995357573 0.016862661 -0.094756819 239.825576782
-0.097669587 0.044962365 -0.994202733 9.506976128 -0.016444886 0.998769641 0.046784442 -2.558538198 0.995083094 0.020918967 -0.096810006 239.741943359
-0.099292569 0.043843627 -0.994091928 8.745706558 -0.021592157 0.998698652 0.046203494 -2.529654503 0.994824052 0.026052251 -0.098216683 239.655258179
-0.099750400 0.044208288 -0.994029999 8.006527901 -0.025674338 0.998565495 0.046986416 -2.510235310 0.994681239 0.030207973 -0.098472290 239.562759399
-0.100506052 0.044667896 -0.993933260 7.254456520 -0.027764816 0.998476744 0.047679648 -2.485718250 0.994549036 0.032388467 -0.099112757 239.483139038
-0.100923024 0.044206068 -0.993911684 6.534117222 -0.030424409 0.998408079 0.047495391 -2.463449240 0.994428992 0.035032552 -0.099417426 239.406463623
-0.100199163 0.044174891 -0.993986309 5.831165791 -0.034344062 0.998265088 0.047827113 -2.440874100 0.994374573 0.038929764 -0.098508164 239.318054199
-0.099813215 0.044326335 -0.994018376 5.128109932 -0.035699856 0.998204410 0.048097771 -2.421592951 0.994365573 0.040287107 -0.098051555 239.246704102
-0.098553002 0.045063298 -0.994110942 4.447480202 -0.037240915 0.998107374 0.048936397 -2.398158550 0.994434834 0.041844431 -0.096688271 239.171875000
-0.095833972 0.046602491 -0.994305789 3.780359745 -0.037930407 0.998006940 0.050431799 -2.381264448 0.994674444 0.042547502 -0.093875311 239.101516724
-0.092954077 0.046791304 -0.994570315 3.128929377 -0.039031673 0.997956097 0.050598558 -2.361126423 0.994905114 0.043523081 -0.090937734 239.038772583
-0.090098202 0.045557406 -0.994890332 2.479321241 -0.040794037 0.997946084 0.049391665 -2.339818478 0.995097041 0.045035698 -0.088054679 238.976913452
-0.086989760 0.044487145 -0.995215416 1.858304143 -0.040564787 0.998015761 0.048158001 -2.320639372 0.995382965 0.044559959 -0.085012540 238.916213989
-0.084188126 0.043713812 -0.995490491 1.242103696 -0.038805358 0.998135626 0.047111716 -2.301120281 0.995693922 0.042596620 -0.082334839 238.870361328
-0.081211641 0.043172482 -0.995761454 0.642666638 -0.036781229 0.998251140 0.046280209 -2.281163454 0.996017992 0.040383819 -0.079481669 238.826599121
-0.078021199 0.043779656 -0.995989978 0.057971597 -0.037277531 0.998208642 0.046797324 -2.262156963 0.996254504 0.040779229 -0.076249413 238.780349731
-0.074267261 0.044982824 -0.996223330 -0.509247601 -0.037806962 0.998136938 0.047887694 -2.245731831 0.996521413 0.041220661 -0.072428234 238.738037109
-0.070363246 0.045001548 -0.996505857 -1.062082171 -0.039061978 0.998091280 0.047831312 -2.229547262 0.996756315 0.042291060 -0.068471096 238.701248169
-0.065745667 0.044592671 -0.996839523 -1.592286468 -0.038428303 0.998146653 0.047185641 -2.212829828 0.997096181 0.041409098 -0.063910201 238.667892456
-0.061180808 0.045176048 -0.997103810 -2.105068445 -0.037635408 0.998160362 0.047533177 -2.198432684 0.997416914 0.040434528 -0.059368040 238.640304565
-0.056961652 0.045720566 -0.997328937 -2.599457502 -0.037183385 0.998160601 0.047882397 -2.181230545 0.997683704 0.039811525 -0.055156842 238.615554810
-0.052610360 0.046524588 -0.997530878 -3.075267553 -0.035078716 0.998211503 0.048406422 -2.165910482 0.997998834 0.037538778 -0.050884254 238.591156006
-0.048101973 0.047596168 -0.997707844 -3.541224957 -0.035205040 0.998162687 0.049315192 -2.147838831 0.998221755 0.037496507 -0.046337966 238.569778442
-0.043310475 0.049381159 -0.997840583 -3.991780996 -0.035563149 0.998068571 0.050936036 -2.137276411 0.998428583 0.037692413 -0.041470673 238.558990479
-0.038347524 0.050455015 -0.997989953 -4.420864105 -0.036056641 0.998004198 0.051841211 -2.122851610 0.998613715 0.037972149 -0.036451753 238.538497925
-0.032602448 0.051360693 -0.998147845 -4.839329720 -0.035148278 0.998002231 0.052501220 -2.115415335 0.998850107 0.036794849 -0.030732067 238.524459839
-0.026726210 0.052108273 -0.998283744 -5.237879276 -0.034425944 0.998000145 0.053015120 -2.100513220 0.999049783 0.035783757 -0.024878887 238.519256592
-0.020730786 0.051417518 -0.998462021 -5.616489410 -0.032779522 0.998104870 0.052079711 -2.087208986 0.999247551 0.033808760 -0.019006057 238.520141602
-0.014546243 0.050301716 -0.998628139 -5.973443985 -0.030937096 0.998232901 0.050732449 -2.076338530 0.999415457 0.031632621 -0.012964354 238.518005371
-0.008718381 0.049399786 -0.998740971 -6.312768936 -0.030003311 0.998316348 0.049640685 -2.061941147 0.999511778 0.030398326 -0.007221546 238.522567749
-0.003435532 0.048527729 -0.998815894 -6.633330822 -0.029216116 0.998390496 0.048607554 -2.051170588 0.999567091 0.029348515 -0.002012213 238.530746460
0.001833514 0.048568938 -0.998818099 -6.934654236 -0.029304555 0.998393476 0.048494492 -2.045235395 0.999568760 0.029181007 0.003253857 238.527984619
0.006659863 0.049032070 -0.998775125 -7.208539009 -0.029216863 0.998380423 0.048817873 -2.034134388 0.999550819 0.028855953 0.008081640 238.531692505
0.010775733 0.048673026 -0.998756647 -7.457018852 -0.029100711 0.998407006 0.048342004 -2.022445440 0.999518275 0.028543608 0.012174985 238.538284302
0.014606967 0.046717409 -0.998801351 -7.685718536 -0.027128313 0.998558700 0.046309326 -2.018288374 0.999525189 0.026419355 0.015853278 238.546493530
0.017954696 0.041815981 -0.998963952 -7.884278297 -0.025517145 0.998818755 0.041351274 -2.016023636 0.999513090 0.024748256 0.019000512 238.553436279
0.020590184 0.038176894 -0.999058843 -8.052746773 -0.024141837 0.998998284 0.037677031 -2.014104843 0.999496460 0.023343340 0.021491218 238.563964844
0.022695396 0.038615707 -0.998996317 -8.196427345 -0.024013178 0.998986602 0.038069792 -2.011552572 0.999454021 0.023125067 0.023599682 238.567321777
0.024116304 0.040609799 -0.998884022 -8.316928864 -0.024383307 0.998901248 0.040021811 -2.013558865 0.999411762 0.023390913 0.025080005 238.570968628
0.025279684 0.039293554 -0.998907924 -8.404590607 -0.024388798 0.998954117 0.038678158 -2.005365133 0.999382854 0.023384390 0.026211565 238.569763184
0.025866540 0.036804650 -0.998987556 -8.487166405 -0.023876645 0.999059737 0.036189068 -2.002068520 0.999380171 0.022916384 0.026720989 238.579132080
0.026796957 0.035571445 -0.999007821 -8.543358803 -0.023581434 0.999111056 0.034942590 -2.007227659 0.999362707 0.022621682 0.027611967 238.570663452
0.026634399 0.034783617 -0.999039888 -8.598619461 -0.023373285 0.999142945 0.034164079 -2.003598213 0.999371946 0.022440903 0.027424576 238.578140259
0.026643660 0.034908053 -0.999035358 -8.636030197 -0.023485841 0.999136090 0.034285225 -1.999238729 0.999369025 0.022549698 0.027440490 238.579895020
0.027238827 0.034886066 -0.999019980 -8.669568062 -0.023840465 0.999129295 0.034239855 -2.000277281 0.999344647 0.022884451 0.028046809 238.573287964
0.027285349 0.034573298 -0.999029636 -8.686319351 -0.024003265 0.999136269 0.033921409 -1.998008966 0.999339402 0.023054415 0.028091652 238.574645996
0.026917495 0.034640986 -0.999037266 -8.699183464 -0.023826212 0.999137759 0.034002502 -1.999006987 0.999353647 0.022888016 0.027719649 238.581222534
0.027146239 0.034450579 -0.999037623 -8.692068100 -0.023869304 0.999143362 0.033805635 -2.000417471 0.999346435 0.022928637 0.027945297 238.577590942
0.027208051 0.033283208 -0.999075592 -8.682377815 -0.024123784 0.999176383 0.032629598 -2.002891779 0.999338627 0.023213694 0.027988557 238.575485229
0.027285898 0.031543359 -0.999129891 -8.684169769 -0.024461072 0.999223828 0.030878305 -2.009186983 0.999328315 0.023597240 0.028036304 238.574203491
0.026898757 0.031112660 -0.999153852 -8.687242508 -0.024560405 0.999234438 0.030453967 -2.009389400 0.999336421 0.023720449 0.027642304 238.580032349
0.027071401 0.031704042 -0.999130666 -8.679545403 -0.024106210 0.999226987 0.031053953 -2.007866383 0.999342740 0.023244577 0.027814740 238.576721191
0.026972018 0.031264760 -0.999147117 -8.683135033 -0.023909047 0.999245048 0.030622400 -2.005650043 0.999350131 0.023062708 0.027699167 238.580413818
0.027014323 0.031090640 -0.999151409 -8.683029175 -0.024304196 0.999241292 0.030436311 -2.008628845 0.999339521 0.023461359 0.027749458 238.578872681
0.027061967 0.030608742 -0.999164999 -8.691587448 -0.024211280 0.999258041 0.029955838 -2.004233837 0.999340475 0.023380401 0.027782962 238.577087402
0.027406350 0.029989062 -0.999174476 -8.698490143 -0.024110302 0.999278963 0.029330879 -2.001320601 0.999333501 0.023286546 0.028109634 238.574737549
0.027415369 0.029856617 -0.999178171 -8.704608917 -0.024173774 0.999281347 0.029196424 -2.000867128 0.999331772 0.023353478 0.028117415 238.573913574
0.027109258 0.030104596 -0.999179125 -8.724807739 -0.024009889 0.999277711 0.029456144 -2.003793716 0.999344110 0.023191638 0.027812485 238.580703735
0.027515424 0.029898873 -0.999174118 -8.752968788 -0.023976052 0.999284744 0.029241923 -2.001726627 0.999333799 0.023151644 0.028212599 238.574523926
0.027275655 0.029684609 -0.999187052 -8.771379471 -0.023856351 0.999293685 0.029036544 -2.002737999 0.999343157 0.023044968 0.027964555 238.579360962
0.027581571 0.028704057 -0.999207318 -8.804383278 -0.023855181 0.999321878 0.028048865 -1.999512076 0.999334872 0.023062637 0.028247606 238.580032349
0.027963215 0.026390264 -0.999260545 -8.845373154 -0.023698980 0.999387980 0.025730442 -1.997296214 0.999327898 0.022961950 0.028571520 238.583511353
0.028680004 0.024021707 -0.999299943 -8.904751778 -0.023650900 0.999447703 0.023346474 -1.999787807 0.999308825 0.022964766 0.029232297 238.586669922
0.030131273 0.021578938 -0.999312997 -8.981517792 -0.023715125 0.999500990 0.020867938 -1.993661404 0.999264598 0.023070050 0.030627985 238.586456299
0.032333989 0.020692158 -0.999262869 -9.081278801 -0.023222208 0.999531329 0.019946298 -1.995338559 0.999207258 0.022560146 0.032799352 238.593887329
0.036019843 0.019578217 -0.999159276 -9.197607994 -0.022783732 0.999564409 0.018764796 -1.996876359 0.999091268 0.022088673 0.036450215 238.598571777
0.041319415 0.017645832 -0.998990178 -9.330188751 -0.022508260 0.999606729 0.016725753 -1.993310094 0.998892426 0.021794431 0.041700337 238.619262695
0.048827197 0.016396392 -0.998672724 -9.489011765 -0.022545202 0.999628663 0.015309802 -1.992563128 0.998552740 0.021767741 0.049178720 238.635665894
0.058897048 0.015917415 -0.998137176 -9.663298607 -0.023261020 0.999623299 0.014568548 -1.988731027 0.997993112 0.022359641 0.059245110 238.646347046
0.070715658 0.015710432 -0.997372806 -9.853984833 -0.024341976 0.999605358 0.014019703 -1.983115554 0.997199535 0.023286613 0.071070164 238.669097900
0.084737532 0.014954500 -0.996291101 -10.063538551 -0.025838204 0.999584138 0.012806309 -1.980709791 0.996068239 0.024657197 0.085088685 238.699035645
0.101169221 0.015922166 -0.994741797 -10.288440704 -0.026569678 0.999558508 0.013297018 -1.977470517 0.994514406 0.025084719 0.101547606 238.734405518
0.120270543 0.020536065 -0.992528737 -10.528171539 -0.025560794 0.999518514 0.017583335 -1.975627542 0.992412090 0.023255063 0.120737560 238.786132812
0.143355221 0.025290273 -0.989348114 -10.780617714 -0.025933288 0.999426126 0.021790188 -1.978886962 0.989331484 0.022533311 0.143928841 238.832412720
0.167201385 0.026063345 -0.985578179 -11.031670570 -0.027445586 0.999386191 0.021772401 -1.976191878 0.985540688 0.023409396 0.167814091 238.893295288
0.193832457 0.025202854 -0.980710804 -11.286132812 -0.025163552 0.999468803 0.020711454 -1.976521134 0.980711937 0.020663617 0.194363698 238.971099854
0.224159032 0.024902226 -0.974234343 -11.513122559 -0.023513243 0.999520659 0.020138469 -1.969467044 0.974268913 0.018393191 0.224637091 239.051284790
0.257659525 0.024574367 -0.965923190 -11.786170959 -0.019984938 0.999598205 0.020100133 -1.962318540 0.966029108 0.014124927 0.258047104 239.152969360
0.293610603 0.025266025 -0.955591083 -12.053992271 -0.015803885 0.999642313 0.021574916 -1.963409543 0.955794394 0.008767430 0.293904871 239.270324707
0.333802849 0.029146619 -0.942192137 -12.333237648 -0.014402048 0.999562919 0.025818972 -1.962974548 0.942532897 0.004951048 0.334076732 239.401062012
0.375758618 0.034470595 -0.926076293 -12.604572296 -0.016240083 0.999399483 0.030610375 -1.962096810 0.926575303 0.003537444 0.376092762 239.546463013
0.420849502 0.039111529 -0.906286895 -12.902125359 -0.021647681 0.999218583 0.033069603 -1.957640052 0.906872153 0.005701683 0.421367317 239.702957153
0.467321336 0.041822296 -0.883097768 -13.196167946 -0.026550947 0.999093771 0.033265375 -1.947905302 0.883688807 0.007901462 0.468008250 239.891326904
0.514690459 0.043629359 -0.856265247 -13.456635475 -0.027188882 0.999032676 0.034560900 -1.942934036 0.856944859 0.005492733 0.515378833 240.088150024
0.562498391 0.043255515 -0.825666189 -13.734035492 -0.025369383 0.999063253 0.035056256 -1.940381050 0.826409161 0.001227557 0.563068807 240.327346802
0.609900713 0.039941180 -0.791470647 -13.985945702 -0.023041604 0.999200702 0.032668497 -1.934372663 0.792142868 -0.001687790 0.610333443 240.591247559
0.656671822 0.036272116 -0.753303707 -14.241442680 -0.023032513 0.999341428 0.028041054 -1.929421186 0.753824651 -0.001063292 0.657074690 240.876403809
0.703371525 0.031770192 -0.710112154 -14.495464325 -0.024377568 0.999491274 0.020570748 -1.918321967 0.710404277 0.002841926 0.703788102 241.174255371
0.748349845 0.030880971 -0.662584960 -14.722784996 -0.027988199 0.999496162 0.014972334 -1.909214258 0.662713468 0.007340020 0.748837113 241.477447510
0.790910602 0.031413414 -0.611124933 -14.946702957 -0.030503383 0.999463856 0.011897935 -1.903040409 0.611171007 0.009231176 0.791444778 241.828353882
0.829101980 0.031244371 -0.558223724 -15.149748802 -0.029353268 0.999492884 0.012345726 -1.900466323 0.558326364 0.006149826 0.829598606 242.219055176
0.862929165 0.027911758 -0.504553437 -15.350788116 -0.025394460 0.999607086 0.011866284 -1.897929788 0.504686415 0.002573100 0.863298953 242.636535645
0.892066538 0.024078244 -0.451262265 -15.511086464 -0.021109980 0.999709725 0.011611330 -1.896336555 0.451410860 -0.000831943 0.892315865 243.058868408
0.916989207 0.021239260 -0.398346335 -15.659746170 -0.018645206 0.999772251 0.010385362 -1.898221135 0.398476183 -0.002096013 0.917176306 243.515274048
0.937456906 0.018111834 -0.347629845 -15.795620918 -0.016586110 0.999835312 0.007364421 -1.899550557 0.347706020 -0.001138001 0.937602937 243.991439819
0.953803182 0.016437529 -0.299982280 -15.914478302 -0.016550869 0.999860704 0.002163354 -1.889707208 0.299975991 0.002901553 0.953942358 244.481903076
0.966982484 0.016312625 -0.254320413 -16.018703461 -0.017087668 0.999853551 -0.000838443 -1.888697147 0.254269481 0.005156502 0.967119634 245.003829956
0.977112830 0.015932728 -0.212124333 -16.117881775 -0.016463485 0.999864221 -0.000735966 -1.894926548 0.212083787 0.004211428 0.977242470 245.550003052
0.984324694 0.016334040 -0.175608099 -16.186431885 -0.016624566 0.999861836 -0.000183288 -1.904627085 0.175580829 0.003099823 0.984460175 246.108291626
0.989515424 0.015579863 -0.143585011 -16.251415253 -0.015692703 0.999876797 0.000346648 -1.907986283 0.143572733 0.001910223 0.989637911 246.685546875
0.993115127 0.013288246 -0.116387166 -16.311443329 -0.013327106 0.999911129 0.000444336 -1.909230828 0.116382718 0.001109828 0.993203878 247.278274536
0.995354652 0.010393972 -0.095713973 -16.352703094 -0.010399704 0.999945819 0.000438983 -1.915200830 0.095713332 0.000558453 0.995408773 247.895019531
0.996835470 0.008765443 -0.079008467 -16.395769119 -0.008750128 0.999961555 0.000540094 -1.916030407 0.079010166 0.000152948 0.996873796 248.525192261
0.997763991 0.008047713 -0.066349074 -16.433160782 -0.008009041 0.999967515 0.000848880 -1.922410846 0.066353738 -0.000315590 0.997796059 249.178497314
0.998354375 0.007938347 -0.056793842 -16.468185425 -0.007965138 0.999968290 -0.000245372 -1.922204137 0.056790080 0.000697339 0.998385906 249.842498779
0.998767734 0.007484932 -0.049059752 -16.488153458 -0.007540486 0.999971151 -0.000947376 -1.929892540 0.049051244 0.001316143 0.998795331 250.509689331
0.999077022 0.006501849 -0.042457402 -16.515073776 -0.006589251 0.999976516 -0.001918926 -1.937498093 0.042443924 0.002196918 0.999096394 251.202438354
0.999244809 0.006162811 -0.038363591 -16.543497086 -0.006289281 0.999975204 -0.003176777 -1.935556769 0.038343061 0.003415657 0.999258757 251.917892456
0.999343455 0.005778564 -0.035768449 -16.567617416 -0.005872204 0.999979615 -0.002513458 -1.948119879 0.035753191 0.002721848 0.999356925 252.636138916
0.999410689 0.005568267 -0.033870824 -16.590461731 -0.005618775 0.999983251 -0.001396212 -1.953822851 0.033862475 0.001585702 0.999425292 253.377258301
0.999451458 0.006317914 -0.032506701 -16.621404648 -0.006300990 0.999979973 0.000623061 -1.956257701 0.032509990 -0.000417895 0.999471307 254.132324219
0.999479771 0.005756105 -0.031732291 -16.646747589 -0.005659809 0.999979079 0.003123653 -1.959384322 0.031749610 -0.002942430 0.999491453 254.898986816
0.999469399 0.005068206 -0.032173928 -16.671756744 -0.004943285 0.999979973 0.003961003 -1.967895746 0.032193355 -0.003799858 0.999474466 255.685501099
0.999413192 0.004544275 -0.033952061 -16.701370239 -0.004467676 0.999987364 0.002331604 -1.966623187 0.033962227 -0.002178550 0.999420762 256.482727051
0.999356985 0.002408217 -0.035773732 -16.735925674 -0.002433839 0.999996901 -0.000672696 -1.978681564 0.035772000 0.000759330 0.999359727 257.296783447
0.999288917 0.004929864 -0.037380643 -16.766910553 -0.005194168 0.999962151 -0.006976800 -1.977331161 0.037344832 0.007166001 0.999276817 258.110626221
0.999249756 0.006851112 -0.038118068 -16.802747726 -0.007268577 0.999915004 -0.010824117 -1.985560775 0.038040675 0.011093062 0.999214649 258.954254150
0.999231040 0.008827417 -0.038201794 -16.851663589 -0.009227266 0.999904335 -0.010303115 -1.996457100 0.038107190 0.010647692 0.999217033 259.807952881
0.999228299 0.008836874 -0.038270053 -16.878656387 -0.008989251 0.999952316 -0.003811400 -2.005257368 0.038234536 0.004152478 0.999260187 260.679870605
0.999267697 0.008446111 -0.037318438 -16.922693253 -0.008231207 0.999948680 0.005908547 -2.011930466 0.037366424 -0.005597045 0.999285996 261.555877686
0.999284208 0.005871769 -0.037370369 -16.959299088 -0.005453066 0.999921262 0.011296221 -2.020853519 0.037433755 -0.011084354 0.999237657 262.463653564
0.999277830 0.002641926 -0.037904050 -16.987308502 -0.002314395 0.999959648 0.008682321 -2.022508383 0.037925456 -0.008588327 0.999243617 263.359405518
0.999222577 -0.000200747 -0.039423563 -17.020689011 0.000245427 0.999999344 0.001128471 -2.016130209 0.039423306 -0.001137269 0.999221981 264.271392822
0.999161899 -0.002472226 -0.040857058 -17.057149887 0.002223580 0.999978781 -0.006130082 -2.018483877 0.040871345 0.006034093 0.999146223 265.191406250
0.999109685 -0.002369252 -0.042120911 -17.100736618 0.001932906 0.999944150 -0.010397075 -2.034648180 0.042143188 0.010306404 0.999058425 266.128875732
0.999089122 -0.002827220 -0.042578299 -17.141288757 0.002362431 0.999937117 -0.010962466 -2.054350376 0.042606607 0.010851891 0.999032974 267.056579590
0.999054134 -0.000506913 -0.043480631 -17.188240051 0.000111854 0.999958754 -0.009087810 -2.069044113 0.043483436 0.009074350 0.999012947 268.025390625
0.999063969 0.001674594 -0.043225132 -17.240770340 -0.001796576 0.999994516 -0.002783343 -2.080970764 0.043220229 0.002858395 0.999061584 268.992370605
0.999069035 0.002357181 -0.043074530 -17.287086487 -0.002164413 0.999987423 0.004521317 -2.094362497 0.043084644 -0.004423875 0.999061644 269.990478516
0.999111593 0.001910263 -0.042099655 -17.336160660 -0.001569779 0.999965847 0.008119132 -2.096219778 0.042113721 -0.008045831 0.999080479 270.984466553
0.999107897 0.000338535 -0.042228553 -17.380323410 -0.000063137 0.999978840 0.006522776 -2.102599382 0.042229865 -0.006514290 0.999086738 271.994079590
0.999084532 -0.001285629 -0.042757656 -17.412778854 0.001366413 0.999997377 0.001860174 -2.095082760 0.042755153 -0.001916896 0.999083757 273.005126953
0.999062002 -0.002087043 -0.043251652 -17.459100723 0.001999389 0.999995947 -0.002069785 -2.099268913 0.043255799 0.001981367 0.999062121 274.019470215
0.999034047 -0.003443417 -0.043806039 -17.505924225 0.003301374 0.999989152 -0.003314471 -2.112788916 0.043816973 0.003166649 0.999034584 275.043701172
0.999000371 -0.003743315 -0.044544715 -17.556707382 0.003615558 0.999989092 -0.002948284 -2.123068094 0.044555265 0.002784283 0.999003053 276.094604492
0.998921990 -0.005128563 -0.046136733 -17.605043411 0.005123897 0.999986768 -0.000219414 -2.130368233 0.046137255 -0.000017223 0.998935163 277.132843018
0.998869181 -0.004656765 -0.047312569 -17.663747787 0.004811865 0.999983370 0.003164820 -2.141836643 0.047297042 -0.003388903 0.998875201 278.162445068
0.998727143 -0.006619888 -0.050002273 -17.706439972 0.006707864 0.999976277 0.001591830 -2.155685425 0.049990550 -0.001925212 0.998747826 279.199798584
0.998600066 -0.008971962 -0.052128050 -17.757808685 0.008763243 0.999952734 -0.004231168 -2.164871216 0.052163549 0.003768434 0.998631418 280.249633789
0.998557568 -0.008417840 -0.053026583 -17.825845718 0.007989985 0.999933898 -0.008275513 -2.184446573 0.053092740 0.007839893 0.998558819 281.281372070
0.998454273 -0.007696703 -0.055043459 -17.879720688 0.007158413 0.999924660 -0.009969843 -2.194699764 0.055116039 0.009560406 0.998434186 282.335388184
0.998383760 -0.005842214 -0.056530338 -17.946142197 0.005393170 0.999952734 -0.008092712 -2.215547323 0.056574944 0.007774754 0.998368084 283.384674072
0.998293161 -0.004494409 -0.058227398 -18.008575439 0.004241290 0.999981046 -0.004469915 -2.235562801 0.058246374 0.004215326 0.998293340 284.432739258
0.998232543 -0.002417004 -0.059378553 -18.083189011 0.002430513 0.999997020 0.000155278 -2.245367765 0.059377998 -0.000299324 0.998235524 285.484680176
0.998131156 -0.000450223 -0.061105113 -18.145711899 0.000708354 0.999990940 0.004202785 -2.262366056 0.061102659 -0.004238214 0.998122394 286.538787842
0.998092711 0.001942653 -0.061700314 -18.220798492 -0.001638869 0.999986351 0.004973775 -2.273955345 0.061709121 -0.004863169 0.998082280 287.585571289
0.998064458 0.001743191 -0.062162951 -18.287086487 -0.001489847 0.999990463 0.004121596 -2.284586430 0.062169544 -0.004021008 0.998057544 288.633728027
0.998054206 0.000478258 -0.062352005 -18.349817276 -0.000340567 0.999997616 0.002218882 -2.298901558 0.062352907 -0.002193330 0.998051822 289.682678223
0.998050153 0.001064123 -0.062407989 -18.427215576 -0.001133598 0.999998868 -0.001077842 -2.312040329 0.062406771 0.001146485 0.998050213 290.714050293
0.998055756 -0.000424708 -0.062325373 -18.487768173 0.000097681 0.999986231 -0.005250053 -2.323266029 0.062326744 0.005233758 0.998042107 291.729736328
0.998036802 -0.000082374 -0.062628493 -18.553047180 -0.000344893 0.999976814 -0.006811407 -2.340289831 0.062627591 0.006819636 0.998013735 292.754272461
0.998059869 0.000792763 -0.062255092 -18.619909286 -0.001099418 0.999987543 -0.004891680 -2.361764669 0.062250432 0.004950635 0.998048306 293.779357910
0.998088717 0.003398857 -0.061703902 -18.694383621 -0.003525025 0.999991894 -0.001935991 -2.378488302 0.061696831 0.002149798 0.998092651 294.821624756
0.998122752 0.004943633 -0.061044220 -18.764469147 -0.004989906 0.999987364 -0.000605594 -2.391494989 0.061040454 0.000909061 0.998134911 295.852325439
0.998149335 0.006588993 -0.060453102 -18.838176727 -0.006566607 0.999978304 0.000568959 -2.407327414 0.060455535 -0.000170934 0.998170912 296.876007080
0.998133123 0.009242984 -0.060371984 -18.903951645 -0.009010079 0.999950886 0.004128938 -2.414048910 0.060407180 -0.003577275 0.998167455 297.897521973
0.998172700 0.011280113 -0.059364311 -18.978395462 -0.010751831 0.999899745 0.009210913 -2.425517559 0.059462264 -0.008555806 0.998193920 298.916320801
0.998151124 0.013386174 -0.059287321 -19.046453476 -0.012847045 0.999872684 0.009465396 -2.434923887 0.059406485 -0.008686230 0.998196065 299.915588379
0.998132646 0.015997460 -0.058951892 -19.113817215 -0.015778268 0.999866843 0.004181793 -2.438626766 0.059010945 -0.003243826 0.998252034 300.926055908
0.998113751 0.018160667 -0.058644414 -19.185640335 -0.018225212 0.999833763 -0.000565820 -2.441240788 0.058624391 0.001633560 0.998278797 301.932159424
0.998113990 0.020522939 -0.057855897 -19.259233475 -0.020760866 0.999778330 -0.003514207 -2.444914818 0.057770949 0.004708717 0.998318791 302.947998047
0.998036623 0.023952508 -0.057871096 -19.317296982 -0.024219120 0.999698997 -0.003909886 -2.470213413 0.057760019 0.005303796 0.998316407 303.942810059
0.998003602 0.026220050 -0.057455722 -19.385129929 -0.026548170 0.999635220 -0.004954864 -2.485675573 0.057304841 0.006470317 0.998335779 304.949218750
0.997983813 0.026832078 -0.057517737 -19.452379227 -0.027093491 0.999625862 -0.003769763 -2.504750013 0.057395067 0.005320519 0.998337328 305.964996338
0.997987032 0.027053952 -0.057357278 -19.518323898 -0.027172718 0.999629974 -0.001291591 -2.517520189 0.057301100 0.002847544 0.998352885 306.973571777
0.997990668 0.026231447 -0.057677016 -19.574123383 -0.026249530 0.999655366 0.000444256 -2.531681299 0.057668794 0.001070630 0.998335183 307.995483398
0.997979641 0.026596954 -0.057698786 -19.632572174 -0.026578877 0.999646246 0.001080842 -2.545580387 0.057707127 0.000454912 0.998333454 309.005493164
0.997972250 0.027648278 -0.057330426 -19.700832367 -0.027664356 0.999617100 0.000513345 -2.553144693 0.057322666 0.001073706 0.998355091 310.033264160
0.998030126 0.027453652 -0.056410931 -19.765933990 -0.027439421 0.999622941 0.001026939 -2.566364527 0.056417856 0.000522968 0.998407066 311.061462402
0.998088300 0.027241295 -0.055477072 -19.827459335 -0.027240274 0.999628603 0.000774789 -2.572083235 0.055477567 0.000737902 0.998459697 312.090393066
0.998143613 0.026585687 -0.054796834 -19.890251160 -0.026626740 0.999645412 -0.000019077 -2.577305079 0.054776892 0.001478102 0.998497546 313.127807617
0.998134494 0.027462892 -0.054528311 -19.950174332 -0.027515041 0.999621332 -0.000205648 -2.588550091 0.054502022 0.001705612 0.998512208 314.175201416
0.998191535 0.026957773 -0.053729549 -20.013174057 -0.026889205 0.999636412 0.001998792 -2.605075598 0.053763907 -0.000550432 0.998553514 315.225280762
0.998264849 0.025613487 -0.053020693 -20.075735092 -0.025606884 0.999671757 0.000803979 -2.619715929 0.053023890 0.000555112 0.998593092 316.289031982
0.998225152 0.026632404 -0.053267863 -20.135198593 -0.026870875 0.999631822 -0.003765543 -2.629727602 0.053147975 0.005190213 0.998573184 317.341583252
0.998222291 0.026355123 -0.053456459 -20.196592331 -0.026777228 0.999615490 -0.007195307 -2.639828444 0.053246278 0.008613932 0.998544276 318.406158447
0.998276651 0.024339477 -0.053398181 -20.257854462 -0.024605963 0.999687791 -0.004338760 -2.653475523 0.053275913 0.005645197 0.998563886 319.471130371
0.998261869 0.025145784 -0.053301081 -20.320030212 -0.025152491 0.999683440 0.000545132 -2.667703629 0.053297918 0.000796470 0.998578429 320.554290771
0.998274565 0.025430556 -0.052926034 -20.383785248 -0.025281876 0.999674261 0.003476975 -2.681878090 0.052997209 -0.002132908 0.998592436 321.636291504
0.998324454 0.024506981 -0.052418943 -20.447061539 -0.024246598 0.999690294 0.005597666 -2.690291166 0.052539892 -0.004317306 0.998609543 322.708648682
0.998315394 0.024869479 -0.052420128 -20.506320953 -0.024502467 0.999670684 0.007632496 -2.700488806 0.052592684 -0.006335217 0.998596013 323.792449951
0.998383224 0.023360778 -0.051819466 -20.573577881 -0.022992976 0.999706149 0.007682557 -2.707894802 0.051983707 -0.006478651 0.998626947 324.851226807
0.998406351 0.021006666 -0.052378409 -20.627702713 -0.020745615 0.999769568 0.005522663 -2.712546349 0.052482340 -0.004427238 0.998612106 325.916870117
0.998417556 0.019637911 -0.052694101 -20.685314178 -0.019510403 0.999805331 0.002933099 -2.724835396 0.052741442 -0.001900374 0.998606384 326.979644775
0.998450041 0.017279629 -0.052906573 -20.744136810 -0.017216261 0.999850452 0.001653180 -2.736156940 0.052927233 -0.000739764 0.998598099 328.041259766
0.998446763 0.015443634 -0.053530250 -20.806360245 -0.015315694 0.999878764 0.002799465 -2.745117426 0.053566992 -0.001975264 0.998562336 329.109527588
0.998481274 0.013061506 -0.053519379 -20.868331909 -0.012771337 0.999901831 0.005760182 -2.752794266 0.053589363 -0.005067920 0.998550177 330.161010742
0.998480797 0.010531008 -0.054087013 -20.921390533 -0.010047506 0.999907196 0.009203533 -2.760295153 0.054178927 -0.008646111 0.998493791 331.234497070
0.998481631 0.007490581 -0.054573968 -20.973798752 -0.006919334 0.999919355 0.010648830 -2.766213655 0.054649342 -0.010255047 0.998452902 332.279571533
0.998475373 0.004719937 -0.054996330 -21.037223816 -0.004301295 0.999960959 0.007728065 -2.774442434 0.055030659 -0.007479726 0.998456657 333.323303223
0.998477817 0.001151612 -0.055142514 -21.097217560 -0.000979822 0.999994576 0.003142323 -2.775377989 0.055145837 -0.003083510 0.998473525 334.350921631
0.998450637 -0.000143676 -0.055645298 -21.159137726 0.000248949 0.999998212 0.001884926 -2.787249088 0.055644926 -0.001895858 0.998448849 335.381225586
0.998415828 -0.001433644 -0.056247756 -21.214952469 0.001604220 0.999994278 0.002987557 -2.798283577 0.056243144 -0.003073058 0.998412371 336.411895752
0.998343527 -0.003657074 -0.057418417 -21.269853592 0.003945704 0.999980092 0.004914197 -2.804240704 0.057399303 -0.005132613 0.998338103 337.434051514
0.998291850 -0.005161473 -0.058196895 -21.342636108 0.005620210 0.999954343 0.007721604 -2.814634800 0.058154389 -0.008035492 0.998275280 338.443725586
0.998213589 -0.007333679 -0.059295524 -21.386320114 0.007998884 0.999907553 0.010988891 -2.833255053 0.059209462 -0.011443558 0.998179972 339.459625244
0.998128772 -0.009127099 -0.060462903 -21.447156906 0.009889200 0.999875188 0.012317224 -2.839308023 0.060342945 -0.012892106 0.998094440 340.455871582
0.998043478 -0.011303249 -0.061494924 -21.521707535 0.011998114 0.999868155 0.010942047 -2.841666460 0.061363142 -0.011658460 0.998047411 341.451873779
0.997940600 -0.013058601 -0.062801816 -21.567646027 0.013692939 0.999859393 0.009680863 -2.852300167 0.062666565 -0.010520868 0.997979105 342.420989990
0.997876227 -0.012532938 -0.063922122 -21.633277893 0.013073688 0.999882162 0.008048256 -2.857536316 0.063813724 -0.008866861 0.997922540 343.388427734
0.997822344 -0.011938459 -0.064870663 -21.697427750 0.012441061 0.999895513 0.007349324 -2.861958742 0.064776152 -0.008140380 0.997866690 344.346466064
0.997768819 -0.011384876 -0.065786533 -21.762960434 0.011894055 0.999902308 0.007353384 -2.868531227 0.065696388 -0.008119444 0.997806668 345.298675537
0.997745395 -0.010639341 -0.066264816 -21.830688477 0.011185412 0.999906480 0.007875197 -2.872417212 0.066174835 -0.008598641 0.997770965 346.228607178
0.997755826 -0.008797424 -0.066377290 -21.906419754 0.009447489 0.999910414 0.009485930 -2.884703398 0.066287890 -0.010091740 0.997749567 347.148071289
0.997720778 -0.006520045 -0.067161202 -21.960372925 0.007085533 0.999941409 0.008185123 -2.890335798 0.067103900 -0.008642340 0.997708559 348.061828613
0.997711658 -0.005970835 -0.067348026 -22.024147034 0.006405668 0.999960005 0.006242434 -2.900670528 0.067308061 -0.006659557 0.997709990 348.957611084
0.997737586 -0.006919432 -0.066870563 -22.084058762 0.007254523 0.999962330 0.004769519 -2.905973673 0.066835046 -0.005243842 0.997750223 349.841369629
0.997843802 -0.006117316 -0.065348595 -22.147718430 0.006501887 0.999962747 0.005673861 -2.916727304 0.065311439 -0.006086517 0.997846365 350.707427979
0.997954369 -0.005450191 -0.063697785 -22.204242706 0.005855409 0.999963760 0.006176628 -2.929055452 0.063661806 -0.006536969 0.997950137 351.560882568
0.998069823 -0.007118153 -0.061692797 -22.261817932 0.007590915 0.999943554 0.007432177 -2.936305046 0.061636414 -0.007886136 0.998067558 352.382843018
0.998153031 -0.008815786 -0.060106158 -22.307258606 0.009280682 0.999929070 0.007459794 -2.940888166 0.060036138 -0.008003844 0.998164177 353.177185059
0.998243034 -0.009358031 -0.058508880 -22.354701996 0.009903735 0.999910057 0.009043830 -2.958717346 0.058418993 -0.009607395 0.998245955 353.986450195
0.998312950 -0.012216079 -0.056762956 -22.392784119 0.012854208 0.999858081 0.010890481 -2.962827921 0.056621864 -0.011601752 0.998328209 354.758453369
0.998387635 -0.012934254 -0.055270765 -22.431499481 0.013648727 0.999827921 0.012568897 -2.966659069 0.055098679 -0.013303006 0.998392284 355.501770020
0.998505354 -0.010746534 -0.053586666 -22.471981049 0.011514728 0.999835014 0.014047507 -2.972784758 0.053426862 -0.014643544 0.998464406 356.224456787
0.998578966 -0.010983787 -0.052148148 -22.508214951 0.011740515 0.999829888 0.014227045 -2.979201794 0.051983003 -0.014819072 0.998538017 356.917541504
0.998648107 -0.011489529 -0.050695200 -22.543964386 0.012052339 0.999868810 0.010810125 -2.987692356 0.050564356 -0.011406507 0.998655677 357.591064453
0.998709023 -0.011623764 -0.049448639 -22.576358795 0.011904926 0.999914587 0.005395209 -2.995691776 0.049381703 -0.005976927 0.998762131 358.241210938
0.998775423 -0.011237302 -0.048181739 -22.609909058 0.011394527 0.999930561 0.002989711 -3.001520395 0.048144795 -0.003535057 0.998834133 358.871826172
0.998823881 -0.011026570 -0.047213916 -22.640394211 0.011211689 0.999930382 0.003657834 -3.006033182 0.047170304 -0.004182879 0.998878121 359.482849121
0.998834610 -0.010945440 -0.047005575 -22.667858124 0.011266728 0.999914825 0.006575596 -3.007035017 0.046929605 -0.007097531 0.998872995 360.073211670
0.998830020 -0.011043878 -0.047080528 -22.697273254 0.011521342 0.999884844 0.009882193 -3.021507978 0.046965972 -0.010413065 0.998842239 360.643524170
0.998714745 -0.011200763 -0.049428847 -22.725349426 0.011770298 0.999867499 0.011246300 -3.031201124 0.049296323 -0.011813640 0.998714328 361.179840088
0.998544514 -0.009456551 -0.053098120 -22.761945724 0.009931940 0.999912858 0.008696297 -3.037926197 0.053011253 -0.009211008 0.998551548 361.695373535
0.998229325 -0.008637985 -0.058852244 -22.797039032 0.008964457 0.999945879 0.005285542 -3.046694994 0.058803398 -0.005803763 0.998252749 362.185424805
0.997706473 -0.007535615 -0.067268409 -22.830661774 0.007722131 0.999967039 0.002513117 -3.048112631 0.067247249 -0.003026809 0.997731745 362.666412354
0.996822000 -0.007664572 -0.079292946 -22.880907059 0.007798055 0.999968648 0.001373887 -3.050089359 0.079279922 -0.001987851 0.996850431 363.124237061
0.995444298 -0.007362429 -0.095061056 -22.933971405 0.007472506 0.999971807 0.000802037 -3.062687397 0.095052481 -0.001508727 0.995471120 363.571716309
0.993511915 -0.005469972 -0.113597199 -23.007198334 0.005470482 0.999984980 -0.000307240 -3.065757036 0.113597177 -0.000316185 0.993526816 364.016326904
0.990820289 -0.002511814 -0.135162741 -23.083518982 0.002601568 0.999996424 0.000487422 -3.074116945 0.135161072 -0.000834584 0.990823328 364.436889648
0.987035930 0.000134283 -0.160499558 -23.182546616 0.000289266 0.999996543 0.002615574 -3.076026917 0.160499364 -0.002628093 0.987032473 364.867828369
0.981849909 0.000020234 -0.189660087 -23.296270370 0.001281046 0.999976456 0.006738518 -3.084891558 0.189655781 -0.006859176 0.981826782 365.282562256
0.974701583 -0.000590130 -0.223509446 -23.424095154 0.002508475 0.999962449 0.008299005 -3.087741613 0.223496169 -0.008649723 0.974666476 365.689880371
0.964996338 -0.000670355 -0.262262523 -23.549127579 0.003073904 0.999956846 0.008754515 -3.091540098 0.262245387 -0.009254245 0.964956760 366.070587158
0.952704072 0.002968836 -0.303884983 -23.714052200 0.000254592 0.999944091 0.010567226 -3.092253208 0.303899407 -0.010144806 0.952650070 366.458404541
0.938101768 0.007346845 -0.346281826 -23.904712677 -0.002688485 0.999899209 0.013930942 -3.091598272 0.346349359 -0.012137668 0.938027024 366.829589844
0.920752347 0.010827540 -0.389997303 -24.103609085 -0.004005741 0.999824405 0.018301008 -3.085179090 0.390127003 -0.015288468 0.920634091 367.191040039
0.900346220 0.011966218 -0.435009778 -24.279241562 -0.002214792 0.999734819 0.022916654 -3.085317612 0.435168713 -0.019669466 0.900134087 367.514465332
0.877133429 0.015738886 -0.479988635 -24.507843018 -0.002931514 0.999619544 0.027420593 -3.084691525 0.480237633 -0.022644427 0.876846075 367.839111328
0.849222481 0.023461370 -0.527513802 -24.719188690 -0.008254322 0.999480128 0.031163964 -3.092323542 0.527970672 -0.022110872 0.848974824 368.136444092
0.817616642 0.030194094 -0.574970841 -24.996471405 -0.012264824 0.999310732 0.035037186 -3.077452421 0.575632393 -0.021595070 0.817423463 368.452758789
0.782319486 0.034755845 -0.621907115 -25.280353546 -0.011891237 0.999093354 0.040876839 -3.067621946 0.622763932 -0.024583504 0.782023549 368.763946533
0.743505120 0.035765812 -0.667773247 -25.598419189 -0.007089884 0.998934209 0.045608800 -3.049691916 0.668692708 -0.029175930 0.742966354 369.077392578
0.700948596 0.033567883 -0.712421477 -25.938629150 0.000650595 0.998861253 0.047704477 -3.030629635 0.713211596 -0.033901878 0.700128555 369.373413086
0.654865742 0.033646822 -0.754995883 -26.304193497 0.008219008 0.998632312 0.051633593 -3.017131567 0.755700707 -0.040018387 0.653693557 369.653472900
0.605192184 0.034295212 -0.795340300 -26.676881790 0.015276285 0.998387277 0.054674704 -3.013489485 0.795932889 -0.045238543 0.603692412 369.906951904
0.550988972 0.030368837 -0.833959699 -27.081752777 0.024289368 0.998330653 0.052402191 -2.983307600 0.834159017 -0.049129378 0.549331546 370.147277832
0.493147939 0.025612853 -0.869568288 -27.513109207 0.032731298 0.998312473 0.047967482 -2.948943138 0.869329572 -0.052117165 0.491477400 370.370574951
0.432149380 0.023630867 -0.901492417 -28.008724213 0.033739336 0.998533070 0.042348254 -2.922999620 0.901170611 -0.048716526 0.430718184 370.584716797
0.369181573 0.022693979 -0.929080248 -28.503120422 0.033956110 0.998704970 0.037887529 -2.909242153 0.928736746 -0.045535322 0.367932856 370.724670410
0.303681523 0.018731879 -0.952589512 -29.012767792 0.038593717 0.998744249 0.031942990 -2.895199060 0.951991618 -0.046464462 0.302577287 370.854492188
0.238822758 0.014869515 -0.970949352 -29.540224075 0.051483523 0.998282552 0.027951423 -2.877054214 0.969697475 -0.056663323 0.237647086 370.952850342
0.173842803 0.019677753 -0.984576821 -30.087570190 0.052680690 0.998182833 0.029251309 -2.850738525 0.983363330 -0.056953315 0.172490284 371.040466309
0.113925606 0.029308163 -0.993056893 -30.636693954 0.046054333 0.998334408 0.034747370 -2.838627577 0.992421269 -0.049693193 0.112386093 371.049926758
0.060040597 0.037839513 -0.997478545 -31.206199646 0.035488106 0.998568654 0.040016983 -2.827620029 0.997564852 -0.037801277 0.058611810 371.029724121
0.012254196 0.041043911 -0.999082208 -31.761941910 0.025132673 0.998828888 0.041341763 -2.807917356 0.999608994 -0.025616216 0.011208304 370.996551514
-0.027586553 0.042874258 -0.998699546 -32.340679169 0.020400196 0.998895824 0.042319167 -2.785130024 0.999411225 -0.019206228 -0.028430738 370.944763184
-0.057578113 0.049220711 -0.997126937 -32.932594299 0.017735967 0.998676658 0.048273057 -2.765769482 0.998183489 -0.014905540 -0.058374897 370.883911133
-0.079034425 0.054924600 -0.995357633 -33.538108826 0.016531028 0.998416007 0.053780731 -2.738642693 0.996734858 -0.012203757 -0.079817191 370.814605713
-0.094579794 0.057006400 -0.993883789 -34.147262573 0.014634622 0.998330832 0.055868827 -2.719187975 0.995409727 -0.009261051 -0.095256202 370.735565186
-0.104571126 0.051582392 -0.993178785 -34.758308411 0.010158881 0.998657346 0.050797302 -2.697118998 0.994465590 -0.004777650 -0.104954742 370.653594971
-0.109425217 0.040087759 -0.993186355 -35.371646881 0.006225218 0.999194503 0.039644398 -2.673201799 0.993975580 -0.001844704 -0.109586634 370.562866211
-0.112217449 0.028115796 -0.993285835 -35.998649597 0.006016507 0.999600530 0.027614819 -2.644558430 0.993665457 -0.002877247 -0.112341791 370.488708496
-0.112065256 0.023275714 -0.993428290 -36.639011383 0.008299646 0.999712706 0.022486700 -2.617449999 0.993666172 -0.005725126 -0.112226225 370.425018311
-0.110769555 0.026729431 -0.993486643 -37.301368713 0.011438766 0.999606311 0.025618704 -2.600584745 0.993780255 -0.008526489 -0.111031696 370.356170654
-0.109515801 0.032163646 -0.993464649 -37.982135773 0.014095256 0.999426067 0.030802846 -2.589243174 0.993885159 -0.010629740 -0.109906301 370.281677246
-0.108698599 0.034478653 -0.993476748 -38.670352936 0.012750952 0.999364436 0.033287879 -2.576946020 0.993992984 -0.009049428 -0.109069161 370.200836182
-0.107911460 0.033611137 -0.993592203 -39.361984253 0.009837314 0.999415457 0.032739718 -2.557896137 0.994111836 -0.006241290 -0.108179018 370.127563477
-0.106505364 0.032580938 -0.993778229 -40.066360474 0.005880018 0.999466181 0.032137245 -2.538153410 0.994294763 -0.002420645 -0.106640078 370.044586182
-0.102872886 0.030726489 -0.994219840 -40.784927368 0.000989002 0.999525487 0.030788129 -2.522178888 0.994693995 0.002183975 -0.102854475 369.957977295
-0.098715052 0.029262971 -0.994685352 -41.516582489 -0.002052858 0.999559343 0.029610094 -2.504331350 0.995113671 0.004964910 -0.098611504 369.889587402
-0.094284140 0.029609127 -0.995104849 -42.269424438 -0.004901579 0.999531806 0.030205259 -2.486290932 0.995533347 0.007725461 -0.094094858 369.816223145
-0.089780174 0.032319672 -0.995436966 -43.037345886 -0.006212669 0.999435663 0.033009831 -2.459769249 0.995942175 0.009147950 -0.089528739 369.738647461
-0.085377015 0.035997041 -0.995698214 -43.817634583 -0.009046263 0.999278009 0.036902133 -2.439135075 0.996307671 0.012157943 -0.084989741 369.665100098
-0.082009889 0.037658840 -0.995919824 -44.627479553 -0.010546396 0.999197066 0.038651224 -2.417811871 0.996575713 0.013673146 -0.081546865 369.593444824
-0.079174906 0.035903092 -0.996214032 -45.445266724 -0.011263364 0.999255300 0.036907859 -2.390627384 0.996797085 0.014142897 -0.078711540 369.526092529
-0.075705662 0.033258241 -0.996575415 -46.275020599 -0.009409756 0.999375284 0.034066498 -2.361250401 0.997085869 0.011956558 -0.075345397 369.460479736
-0.072228737 0.034330640 -0.996797085 -47.126720428 -0.007412196 0.999361336 0.034956064 -2.333688259 0.997360587 0.009913286 -0.071928144 369.402770996
-0.069549948 0.038542971 -0.996833622 -47.998428345 -0.007552544 0.999204338 0.039161596 -2.301804543 0.997549891 0.010252315 -0.069203511 369.344390869
-0.066097997 0.044335641 -0.996827662 -48.876304626 -0.006744190 0.998969793 0.044878114 -2.276617765 0.997790456 0.009689148 -0.065730885 369.278717041
-0.062926568 0.049339987 -0.996797919 -49.762962341 -0.005475251 0.998745084 0.049782023 -2.244989634 0.998003125 0.008590329 -0.062577464 369.221008301
-0.060106423 0.050672930 -0.996904969 -50.655136108 -0.004627935 0.998685718 0.051042471 -2.204401016 0.998181224 0.007681591 -0.059792913 369.166595459
-0.057424646 0.049481452 -0.997122884 -51.555362701 -0.006631595 0.998730063 0.049943119 -2.171396255 0.998327851 0.009480481 -0.057023581 369.105895996
-0.055781055 0.045233369 -0.997417808 -52.466808319 -0.009363394 0.998905599 0.045824487 -2.140367031 0.998399138 0.011895356 -0.055296473 369.051849365
-0.055051360 0.041889977 -0.997604370 -53.378585815 -0.007942521 0.999069512 0.042389799 -2.106419086 0.998452008 0.010257110 -0.054667424 369.002349854
-0.054581471 0.041452751 -0.997648537 -54.294029236 -0.007611767 0.999091625 0.041929156 -2.074712753 0.998480320 0.009882425 -0.054216359 368.950103760
-0.054639265 0.041965324 -0.997623920 -55.219985962 -0.007268518 0.999073148 0.042424377 -2.039787531 0.998479724 0.009569285 -0.054283600 368.894470215
-0.055381946 0.043428037 -0.997520387 -56.148605347 -0.006554431 0.999016345 0.043857072 -2.018749475 0.998443723 0.008967069 -0.055042822 368.838500977
-0.056450434 0.044367403 -0.997419178 -57.071815491 -0.006387219 0.998975635 0.044798136 -1.989273787 0.998385012 0.008899608 -0.056109220 368.781707764
-0.057577115 0.045051370 -0.997324049 -57.992576599 -0.008758451 0.998920023 0.045629106 -1.959837198 0.998302698 0.011362205 -0.057120349 368.717529297
-0.058946516 0.045523200 -0.997222602 -58.912002563 -0.011527083 0.998862028 0.046279412 -1.926878333 0.998194575 0.014223077 -0.058354683 368.661956787
-0.059712574 0.045583535 -0.997174323 -59.827342987 -0.012582030 0.998843074 0.046413254 -1.896848917 0.998136342 0.015317932 -0.059069961 368.598297119
-0.060975827 0.046195082 -0.997069716 -60.740562439 -0.012157240 0.998820007 0.047019653 -1.867018461 0.998065233 0.014988679 -0.060342267 368.543304443
-0.062415328 0.045307439 -0.997021317 -61.649696350 -0.013887327 0.998832941 0.046259131 -1.837607503 0.997953653 0.016733240 -0.061713275 368.479461670
-0.063855633 0.043244693 -0.997021675 -62.551654816 -0.014076431 0.998922288 0.044228662 -1.807358265 0.997859836 0.016858758 -0.063178085 368.409118652
-0.066631034 0.041939311 -0.996895850 -63.464164734 -0.012596135 0.999001265 0.042869784 -1.776058793 0.997698188 0.015413494 -0.066036209 368.349212646
-0.070610397 0.044322114 -0.996518731 -64.372413635 -0.013142268 0.998884380 0.045358550 -1.746530533 0.997417450 0.016299302 -0.069949120 368.275329590
-0.074612491 0.048554726 -0.996029854 -65.286186218 -0.013911286 0.998665988 0.049725331 -1.717697620 0.997115612 0.017566185 -0.073837489 368.202636719
-0.078532957 0.050941385 -0.995609164 -66.193954468 -0.015735155 0.998505771 0.052330784 -1.686631441 0.996787369 0.019775754 -0.077614039 368.123962402
-0.081637144 0.048878562 -0.995462775 -67.103744507 -0.020596327 0.998500705 0.050716821 -1.653887391 0.996449292 0.024643254 -0.080508046 368.035156250
-0.084119946 0.047363058 -0.995329320 -68.000671387 -0.023540990 0.998496592 0.049503334 -1.619967461 0.996177554 0.027595257 -0.082878500 367.948760986
-0.086816303 0.042366363 -0.995323062 -68.900520325 -0.023036564 0.998742819 0.044521261 -1.585862517 0.995957971 0.026793994 -0.085731171 367.866821289
-0.088382185 0.040064074 -0.995280623 -69.798736572 -0.020979026 0.998894274 0.042072505 -1.557566404 0.995865643 0.024598477 -0.087443948 367.788330078
-0.089272112 0.042006459 -0.995121062 -70.690536499 -0.020798717 0.998813748 0.044028182 -1.523153424 0.995790064 0.024627728 -0.088292517 367.702148438
-0.089649104 0.044213250 -0.994991541 -71.595130920 -0.022040319 0.998681486 0.046363048 -1.493869543 0.995729446 0.026086340 -0.088556416 367.616607666
-0.088910587 0.045701463 -0.994990587 -72.481765747 -0.020919841 0.998640716 0.047738481 -1.463387251 0.995819926 0.025059501 -0.087833673 367.523406982
-0.087920420 0.041797254 -0.995250285 -73.374870300 -0.022247590 0.998787642 0.043911170 -1.440814257 0.995879054 0.026002608 -0.086883925 367.451171875
-0.084337510 0.039902855 -0.995638013 -74.262420654 -0.024348151 0.998816907 0.042092722 -1.406274199 0.996139765 0.027791938 -0.083266169 367.365631104
-0.081533648 0.040396698 -0.995851696 -75.148086548 -0.026952267 0.998723388 0.042719867 -1.381850243 0.996306121 0.030323569 -0.080340780 367.292083740
-0.077304363 0.042661648 -0.996094406 -76.043785095 -0.027978852 0.998597801 0.044940241 -1.353562713 0.996614933 0.031343654 -0.076002330 367.215026855
-0.072316885 0.044181090 -0.996402740 -76.934074402 -0.029585706 0.998483658 0.046420645 -1.323250532 0.996942878 0.032836270 -0.070900105 367.140197754
-0.067198142 0.045712169 -0.996691942 -77.816825867 -0.030053398 0.998403966 0.047816928 -1.297252774 0.997286975 0.033167187 -0.065717079 367.076416016
-0.062169388 0.046510819 -0.996981263 -78.708084106 -0.029700197 0.998385012 0.048428345 -1.266503930 0.997623742 0.032621302 -0.060687590 367.022705078
-0.057341021 0.046959840 -0.997249603 -79.593994141 -0.028885052 0.998396993 0.048674732 -1.233317614 0.997936666 0.031596664 -0.055892661 366.981018066
-0.051750664 0.045552719 -0.997620642 -80.470092773 -0.028409744 0.998487711 0.047066040 -1.200021148 0.998255908 0.030777844 -0.050378267 366.930114746
-0.046602190 0.044007309 -0.997943699 -81.344398499 -0.028766109 0.998555720 0.045377623 -1.174869061 0.998499274 0.030821651 -0.045268964 366.881561279
-0.041151125 0.042051446 -0.998267591 -82.224243164 -0.029580003 0.998624682 0.043285854 -1.142121792 0.998714983 0.031310014 -0.039850656 366.835632324
-0.036927380 0.041188724 -0.998468697 -83.095001221 -0.029855812 0.998658717 0.042300757 -1.114989161 0.998871863 0.031372149 -0.035648126 366.816162109
-0.031954706 0.041792486 -0.998615086 -83.967605591 -0.029733712 0.998643517 0.042745117 -1.087952018 0.999046922 0.031058442 -0.030668708 366.786804199
-0.026893923 0.043292232 -0.998700321 -84.828506470 -0.030090930 0.998573959 0.044097070 -1.065571070 0.999185324 0.031237768 -0.025552865 366.756439209
-0.022181362 0.044776455 -0.998750627 -85.716056824 -0.030744756 0.998493552 0.045447733 -1.034651518 0.999281108 0.031714443 -0.020771300 366.731353760
-0.018182164 0.047367945 -0.998712063 -86.584777832 -0.030499190 0.998386025 0.047907732 -1.002073884 0.999369383 0.031330977 -0.016708132 366.725158691
-0.014744671 0.048429091 -0.998717844 -87.445266724 -0.028098352 0.998411834 0.048829079 -0.972858667 0.999496460 0.028782293 -0.013360472 366.713409424
-0.011585071 0.049043857 -0.998729527 -88.287513733 -0.026040286 0.998442948 0.049331848 -0.949784517 0.999593735 0.026578715 -0.010289911 366.697998047
-0.009513622 0.047306865 -0.998835146 -89.156364441 -0.023905842 0.998584092 0.047522675 -0.915861905 0.999669015 0.024330106 -0.008369237 366.706176758
-0.007778438 0.044996824 -0.998956859 -89.936195374 -0.021438491 0.998749971 0.045154437 -0.888122618 0.999739885 0.021767363 -0.006804051 366.696594238
-0.006798394 0.044953201 -0.998965979 -90.727554321 -0.018658474 0.998809457 0.045073140 -0.863801837 0.999802828 0.018945608 -0.005951541 366.692260742
-0.006442751 0.044497453 -0.998988688 -91.499534607 -0.017245462 0.998855948 0.044602755 -0.840551913 0.999830544 0.017515391 -0.005668000 366.684539795
-0.006639851 0.042396728 -0.999078751 -92.256713867 -0.013541611 0.999005377 0.042483617 -0.825291216 0.999886334 0.013811220 -0.006059127 366.691314697
-0.007636253 0.041643210 -0.999103367 -92.986038208 -0.010936637 0.999069273 0.041725375 -0.808010995 0.999911129 0.011245456 -0.007173709 366.686035156
-0.009493874 0.041398499 -0.999097586 -93.692855835 -0.008778315 0.999100626 0.041482039 -0.787536681 0.999916375 0.009164219 -0.009121928 366.675109863
-0.013130030 0.043513514 -0.998966515 -94.375946045 -0.006384721 0.999028683 0.043600135 -0.772526145 0.999893486 0.006950593 -0.012839456 366.665863037
-0.017171752 0.045831840 -0.998801529 -95.030166626 -0.004058451 0.998937428 0.045907844 -0.758989275 0.999844372 0.004841905 -0.016967500 366.648742676
-0.022224970 0.046849318 -0.998654723 -95.669990540 -0.002719754 0.998894930 0.046921104 -0.740793526 0.999749243 0.003758915 -0.022072993 366.631591797
-0.028172797 0.046713158 -0.998511016 -96.279800415 -0.000847777 0.998906016 0.046755556 -0.723466516 0.999602675 0.002163749 -0.028102376 366.613647461
-0.034644648 0.044399004 -0.998413026 -96.879402161 0.000312502 0.999013066 0.044414841 -0.704774857 0.999399602 0.001226731 -0.034624338 366.587829590
-0.041758116 0.042181440 -0.998237073 -97.479202271 0.001054310 0.999109685 0.042174209 -0.686362982 0.999127209 0.000708665 -0.041765414 366.565307617
-0.049846314 0.042477984 -0.997853220 -98.075027466 0.000584931 0.999096215 0.042501673 -0.671879232 0.998756707 0.001534876 -0.049826112 366.524719238
-0.056895815 0.043444160 -0.997434437 -98.673934937 0.002286687 0.999055922 0.043384336 -0.655710578 0.998377562 0.000187566 -0.056941438 366.481323242
-0.064341374 0.043545924 -0.996977389 -99.263183594 0.001404374 0.999050379 0.043545838 -0.635466158 0.997927010 0.001401670 -0.064341433 366.437316895
-0.071284547 0.041306417 -0.996600330 -99.845825195 0.001182967 0.999144912 0.041327264 -0.622183442 0.997455359 0.001767050 -0.071272455 366.384094238
-0.078021772 0.037464216 -0.996247470 -100.430191040 -0.000858012 0.999290645 0.037645862 -0.609498739 0.996951342 0.003791990 -0.077934295 366.319549561
-0.084158294 0.034246780 -0.995863736 -101.009948730 0.000090241 0.999409437 0.034361091 -0.590079010 0.996452391 0.002801903 -0.084111683 366.270843506
-0.090614930 0.031122165 -0.995399654 -101.590209961 0.000528315 0.999512911 0.031202678 -0.569496214 0.995885789 0.002301544 -0.090587243 366.215087891
-0.095758311 0.028803123 -0.994987845 -102.166381836 0.000130975 0.999581516 0.028923502 -0.560871899 0.995404601 0.002639347 -0.095722020 366.140594482
-0.101529852 0.027624244 -0.994449019 -102.748069763 -0.002030962 0.999606609 0.027974872 -0.548494041 0.994830430 0.004859971 -0.101433806 366.075195312
-0.106358185 0.026966125 -0.993962288 -103.333297729 -0.003932276 0.999612927 0.027540201 -0.539879084 0.994320154 0.006837659 -0.106210977 366.007781982
-0.110547729 0.026710616 -0.993511796 -103.918296814 -0.003217776 0.999623954 0.027232982 -0.533265054 0.993865669 0.006207443 -0.110420190 365.934783936
-0.114709675 0.026662974 -0.993041217 -104.521347046 -0.002163255 0.999630749 0.027089788 -0.523497343 0.993396819 0.005255661 -0.114609629 365.859100342
-0.118731558 0.025437649 -0.992600441 -105.127220154 -0.003158238 0.999657094 0.025996268 -0.507881582 0.992921412 0.006221445 -0.118610494 365.780548096
-0.121793024 0.023475008 -0.992277861 -105.732612610 -0.008344012 0.999660730 0.024673820 -0.502432406 0.992520511 0.011284677 -0.121555828 365.686645508
-0.124427781 0.022079365 -0.991982996 -106.357597351 -0.011564782 0.999652207 0.023700675 -0.492801398 0.992161334 0.014421090 -0.124129161 365.608032227
-0.125891566 0.021330241 -0.991814733 -106.987838745 -0.011826035 0.999665558 0.023000166 -0.482035905 0.991973519 0.014624762 -0.125597209 365.524139404
-0.126597732 0.020866293 -0.991734743 -107.628440857 -0.009994161 0.999701142 0.022309696 -0.470939696 0.991903841 0.012735914 -0.126351371 365.441741943
-0.126530051 0.022638282 -0.991704464 -108.275329590 -0.011345185 0.999641120 0.024266973 -0.462518036 0.991897881 0.014321572 -0.126227811 365.349487305
-0.125839204 0.026636386 -0.991692960 -108.942985535 -0.011301900 0.999536157 0.028281186 -0.448062152 0.991986275 0.014766896 -0.125479788 365.262542725
-0.125870019 0.032012459 -0.991530061 -109.621040344 -0.014496537 0.999313116 0.034104012 -0.431627870 0.991940796 0.018666422 -0.125319496 365.168609619
-0.125022888 0.044280466 -0.991165221 -110.320762634 -0.016106907 0.998781383 0.046652403 -0.406886727 0.992023051 0.021797223 -0.124157302 365.076751709
-0.123119064 0.054351483 -0.990902364 -111.028671265 -0.019832859 0.998164952 0.057214063 -0.381087154 0.992193758 0.026696566 -0.121815190 364.982604980
-0.120299764 0.056853041 -0.991108239 -111.747512817 -0.021274760 0.997981906 0.059829634 -0.351592988 0.992509544 0.028283084 -0.118847452 364.890228271
-0.117492415 0.048095837 -0.991908431 -112.465003967 -0.025908010 0.998338103 0.051476423 -0.327703118 0.992735744 0.031746462 -0.116051085 364.803314209
-0.112755649 0.031995744 -0.993107498 -113.196083069 -0.028238637 0.998974502 0.035390928 -0.295533687 0.993221402 0.032034524 -0.111736514 364.708496094
-0.109442540 0.028051194 -0.993597209 -113.949958801 -0.030190757 0.999046743 0.031530488 -0.254363000 0.993534505 0.033448230 -0.108491316 364.623992920
-0.104970038 0.038154069 -0.993743241 -114.749099731 -0.028479887 0.998738647 0.041354224 -0.215520576 0.994067550 0.032642651 -0.103750996 364.543304443
-0.100743920 0.057131384 -0.993270636 -115.552452087 -0.029041838 0.997755766 0.060334947 -0.192077249 0.994488418 0.034924790 -0.098858610 364.457611084
-0.096764863 0.061782125 -0.993387878 -116.360710144 -0.027268128 0.997532427 0.064696044 -0.162263632 0.994933665 0.033348132 -0.094841413 364.379150391
-0.093605198 0.051858738 -0.994257927 -117.177665710 -0.026726546 0.998151720 0.054578036 -0.119586624 0.995250642 0.031681865 -0.092046186 364.307342529
-0.089830734 0.034039009 -0.995375276 -118.001564026 -0.027762340 0.998941839 0.036666483 -0.082315601 0.995570064 0.030927723 -0.088790670 364.234039307
-0.085752942 0.024358463 -0.996018648 -118.840545654 -0.030708533 0.999161482 0.027079199 -0.045381755 0.995843053 0.032908387 -0.084933020 364.150573730
-0.081632264 0.027821193 -0.996274173 -119.705284119 -0.036535557 0.998854876 0.030886900 -0.015629616 0.995992601 0.038920797 -0.080522321 364.067199707
-0.076222248 0.038278770 -0.996355832 -120.596351624 -0.042572748 0.998226583 0.041607507 0.010092785 0.996181548 0.045589015 -0.074457444 363.985198975
-0.069828518 0.041768350 -0.996684194 -121.501541138 -0.046005618 0.997925043 0.045043543 0.035164941 0.996497631 0.048998389 -0.067762047 363.910552979
-0.062878028 0.032331523 -0.997497380 -122.401023865 -0.048484154 0.998196065 0.035410397 0.063970961 0.996842802 0.050589353 -0.061197020 363.849151611
-0.055300374 0.018064948 -0.998306334 -123.307907104 -0.045981415 0.998729467 0.020619703 0.092218608 0.997410417 0.047043819 -0.054399453 363.800018311
-0.048131045 0.010280774 -0.998788178 -124.244445801 -0.038927585 0.999167919 0.012160581 0.111336313 0.998082161 0.039465714 -0.047690794 363.761169434
-0.041279450 0.015181587 -0.999032319 -125.204521179 -0.034684375 0.999260128 0.016618185 0.127567858 0.998545468 0.035336796 -0.040722344 363.728271484
-0.033843305 0.027935311 -0.999036610 -126.156417847 -0.031389810 0.999086320 0.029000062 0.135846138 0.998934031 0.032341026 -0.032935500 363.696960449
-0.027309947 0.037729945 -0.998914719 -127.145797729 -0.028790565 0.998843193 0.038514368 0.161201969 0.999212265 0.029811148 -0.026192088 363.672180176
-0.022189053 0.038790606 -0.999000967 -128.132461548 -0.026727760 0.998866737 0.039379053 0.185984984 0.999396384 0.027574839 -0.021127116 363.655303955
-0.018191488 0.034623522 -0.999234855 -129.108535767 -0.026092814 0.999043405 0.035091914 0.221441448 0.999494016 0.026711224 -0.017270662 363.635925293
-0.016104879 0.031216338 -0.999382913 -130.084106445 -0.024485236 0.999200523 0.031605218 0.248519301 0.999570429 0.024979128 -0.015327664 363.614959717
-0.015305069 0.031757202 -0.999378443 -131.078979492 -0.022456799 0.999232471 0.032096483 0.272201210 0.999630690 0.022934075 -0.014580159 363.596923828
-0.015196268 0.033026956 -0.999338865 -132.075683594 -0.020444620 0.999235153 0.033334401 0.294940948 0.999675512 0.020937664 -0.014509421 363.585113525
-0.015897160 0.033839822 -0.999300778 -133.076416016 -0.020689767 0.999202073 0.034165602 0.324436873 0.999659598 0.021218438 -0.015184337 363.566925049
-0.017229449 0.037135515 -0.999161661 -134.073165894 -0.021944070 0.999055326 0.037509955 0.345972389 0.999610782 0.022571951 -0.016398268 363.527130127
-0.020277664 0.041783035 -0.998920977 -135.073120117 -0.021695660 0.998872638 0.042221423 0.371649861 0.999558985 0.022528401 -0.019348290 363.512451172
-0.023421118 0.041473012 -0.998865187 -136.070007324 -0.021261511 0.998892486 0.041972678 0.399005413 0.999499559 0.022220431 -0.022513399 363.479034424
-0.027134964 0.033972394 -0.999054432 -137.053802490 -0.018324682 0.999237537 0.034476329 0.427475482 0.999463856 0.019242872 -0.026491737 363.456634521
-0.029957118 0.026760492 -0.999192834 -138.041641235 -0.013677431 0.999537051 0.027179778 0.442584544 0.999457598 0.014480621 -0.029577231 363.422637939
-0.033400502 0.025352962 -0.999120414 -139.024536133 -0.008821432 0.999631822 0.025660839 0.462628752 0.999403119 0.009670757 -0.033164557 363.389678955
-0.037428927 0.031361353 -0.998806953 -140.017700195 -0.005414725 0.999486387 0.031585593 0.477725863 0.999284625 0.006590480 -0.037239887 363.356872559
-0.039907005 0.037159096 -0.998512268 -141.007873535 -0.005510371 0.999284863 0.037408080 0.500590980 0.999188244 0.006995016 -0.039673705 363.317138672
-0.042575184 0.038841836 -0.998338044 -141.987777710 -0.007197164 0.999206185 0.039182551 0.523101091 0.999067366 0.008853406 -0.042261839 363.270568848
-0.045360103 0.035641201 -0.998334706 -142.960174561 -0.011074935 0.999283969 0.036178291 0.545077741 0.998909354 0.012697542 -0.044932898 363.218078613
-0.047213502 0.031641982 -0.998383582 -143.920974731 -0.015697433 0.999351382 0.032414980 0.569316804 0.998761415 0.017202483 -0.046686169 363.152374268
-0.050063301 0.029082861 -0.998322666 -144.908203125 -0.016753281 0.999410808 0.029954705 0.589664996 0.998605490 0.018224809 -0.049546577 363.108642578
-0.052219756 0.028529750 -0.998228073 -145.883453369 -0.015726637 0.999444425 0.029387213 0.605423868 0.998511732 0.017233364 -0.051742062 363.055816650
-0.053692639 0.030773155 -0.998083174 -146.849761963 -0.014259389 0.999399364 0.031580832 0.628256202 0.998455703 0.015927713 -0.053221587 362.996124268
-0.056276772 0.035827149 -0.997772157 -147.823852539 -0.010264393 0.999282420 0.036460303 0.650217175 0.998362482 0.012293394 -0.055868652 362.951873779
-0.059713457 0.043126423 -0.997283459 -148.793151855 -0.008872781 0.999003887 0.043732084 0.675343573 0.998176157 0.011460072 -0.059271328 362.897003174
-0.062428955 0.047044165 -0.996940017 -149.767807007 -0.007581951 0.998837352 0.047608469 0.703396916 0.998020649 0.010530897 -0.061999679 362.824981689
-0.066113211 0.044995222 -0.996797085 -150.722869873 -0.009150487 0.998913527 0.045697656 0.733954191 0.997770190 0.012142398 -0.065629654 362.757751465
-0.069719732 0.037581176 -0.996858418 -151.675674438 -0.011452899 0.999194145 0.038470231 0.762490153 0.997500896 0.014099054 -0.069233134 362.682037354
-0.072397120 0.031489167 -0.996878684 -152.630661011 -0.013322213 0.999381840 0.032535736 0.791284740 0.997286975 0.015636122 -0.071932852 362.609069824
-0.074097447 0.032802381 -0.996711314 -153.585281372 -0.010746212 0.999374568 0.033688921 0.809253335 0.997193158 0.013207133 -0.073698588 362.536407471
-0.075648755 0.038005579 -0.996410012 -154.539718628 -0.009507202 0.999200463 0.038833812 0.833114207 0.997089267 0.012410799 -0.075226940 362.461547852
-0.076953769 0.042957012 -0.996108770 -155.488540649 -0.008338474 0.999008775 0.043726254 0.855014682 0.996999800 0.011670928 -0.076519281 362.382843018
-0.078385770 0.045328222 -0.995892048 -156.435943604 -0.005560998 0.998930395 0.045904219 0.882958293 0.996907592 0.009136393 -0.078049861 362.309997559
-0.078917503 0.047114611 -0.995767117 -157.378707886 -0.005030520 0.998851001 0.047659211 0.915169477 0.996868491 0.008770373 -0.078589827 362.230560303
-0.078980207 0.048385661 -0.995701253 -158.321792603 -0.006493558 0.998775184 0.049050115 0.944231570 0.996855080 0.010339631 -0.078569263 362.153656006
-0.078288883 0.047671691 -0.995790303 -159.252334595 -0.008873140 0.998783052 0.048512578 0.976318598 0.996891260 0.012633780 -0.077770606 362.070251465
-0.078004941 0.045541696 -0.995912373 -160.184387207 -0.012360057 0.998835146 0.046643458 1.011018753 0.996876419 0.015947951 -0.077351190 361.990844727
-0.076883242 0.043025542 -0.996111333 -161.107940674 -0.015760373 0.998891175 0.044362053 1.041279316 0.996915460 0.019109786 -0.076119907 361.914581299
-0.075612538 0.040197685 -0.996326745 -162.027359009 -0.014780680 0.999032199 0.041428559 1.065230966 0.997027695 0.017858906 -0.074945211 361.843933105
-0.074288882 0.037158608 -0.996544182 -162.947189331 -0.013557937 0.999175549 0.038267422 1.092491627 0.997144639 0.016353929 -0.073723845 361.776000977
-0.072488546 0.036834378 -0.996688783 -163.868942261 -0.013115562 0.999196112 0.037880927 1.120959163 0.997283041 0.015818069 -0.071947172 361.703582764
-0.071199812 0.041273236 -0.996607780 -164.784866333 -0.011439401 0.999044061 0.042191379 1.147772193 0.997396529 0.014404615 -0.070659615 361.633758545
-0.070378549 0.048300609 -0.996350288 -165.693817139 -0.009627531 0.998747706 0.049096867 1.161315560 0.997473836 0.013047761 -0.069825411 361.572296143
-0.069453716 0.051264580 -0.996267140 -166.594085693 -0.008272120 0.998614848 0.051962066 1.194251537 0.997550845 0.011850200 -0.068933442 361.510986328
-0.067761913 0.050862912 -0.996404231 -167.487411499 -0.009446224 0.998622239 0.051618539 1.226090431 0.997656822 0.012910026 -0.067188084 361.440063477
-0.066633150 0.048756212 -0.996585608 -168.375122070 -0.008048418 0.998746753 0.049400069 1.257051706 0.997745097 0.011312618 -0.066157229 361.381134033
-0.065945074 0.046718556 -0.996728957 -169.224060059 -0.009004329 0.998834848 0.047412995 1.279093146 0.997782588 0.012101530 -0.065447561 361.333496094
-0.064812519 0.047310017 -0.996775389 -170.077072144 -0.010725045 0.998784840 0.048102759 1.309718966 0.997839808 0.013808120 -0.064226344 361.268157959
-0.064270191 0.050806150 -0.996638417 -170.911743164 -0.011844277 0.998594105 0.051669642 1.341737509 0.997862220 0.015125278 -0.063578054 361.203918457
-0.063740999 0.053063933 -0.996554732 -171.738449097 -0.010921566 0.998488605 0.053865463 1.367903113 0.997906744 0.014317376 -0.063065097 361.145599365
-0.063231647 0.049135510 -0.996788561 -172.531723022 -0.005745183 0.998752832 0.049596786 1.391456127 0.997982383 0.008862819 -0.062870495 361.107604980
-0.062954113 0.042180520 -0.997124672 -173.310775757 -0.003095135 0.999093473 0.042459216 1.416149855 0.998011708 0.005759217 -0.062766492 361.062927246
-0.063065968 0.038891684 -0.997251272 -174.071899414 -0.002237993 0.999232411 0.039110474 1.440290213 0.998006821 0.004698381 -0.062930524 361.009399414
-0.063332930 0.043492593 -0.997044325 -174.811111450 0.001808035 0.999053299 0.043465380 1.467236996 0.997990847 0.000950100 -0.063351616 360.969665527
-0.064129747 0.050989274 -0.996638119 -175.538208008 0.007647255 0.998689651 0.050602164 1.488101006 0.997912288 -0.004376440 -0.064435653 360.926879883
-0.066132225 0.054429431 -0.996325195 -176.239654541 0.006944332 0.998511970 0.054087959 1.504433632 0.997786701 -0.003341857 -0.066411801 360.876525879
-0.067743570 0.050794795 -0.996408939 -176.910247803 0.006865377 0.998703241 0.050444994 1.515832782 0.997679114 -0.003423395 -0.068004444 360.829254150
-0.071053058 0.042000853 -0.996587932 -177.560409546 0.003819726 0.999117136 0.041835114 1.537452817 0.997465193 -0.000834180 -0.071150757 360.777862549
-0.073546201 0.035648875 -0.996654510 -178.197448730 0.003514301 0.999364018 0.035486460 1.555895686 0.997285724 -0.000892650 -0.073624700 360.725555420
-0.075950921 0.034482241 -0.996515155 -178.803848267 -0.001782557 0.999395609 0.034717783 1.570615172 0.997109950 0.004413191 -0.075843573 360.665496826
-0.080905907 0.036938228 -0.996037066 -179.417190552 -0.003929985 0.999293566 0.037378222 1.592074275 0.996714056 0.006938530 -0.080703586 360.617797852
-0.085679561 0.041440349 -0.995460629 -180.012939453 -0.004915251 0.999104917 0.042015120 1.599751949 0.996310651 0.008492774 -0.085399196 360.552001953
-0.091719188 0.044066079 -0.994809389 -180.592681885 -0.004180269 0.998994410 0.044636883 1.604849696 0.995776176 0.008252629 -0.091442764 360.494506836
-0.100170337 0.045223445 -0.993942022 -181.157196045 -0.003634512 0.998943150 0.045817286 1.618295312 0.994963765 0.008202027 -0.099900119 360.428527832
-0.112236910 0.045053765 -0.992659569 -181.705764771 -0.001093051 0.998965442 0.045463562 1.630168915 0.993680954 0.006187717 -0.112071551 360.354339600
-0.128863782 0.043785576 -0.990695059 -182.260589600 0.001912385 0.999033868 0.043905370 1.647843242 0.991660535 0.003763221 -0.128823027 360.276519775
-0.149268761 0.041968673 -0.987905562 -182.787948608 0.003475111 0.999114990 0.041919798 1.666893363 0.988790572 0.002824233 -0.149282530 360.180969238
-0.174923301 0.041355226 -0.983713090 -183.316436768 0.005460681 0.999142945 0.041032873 1.682095766 0.984566927 0.001805861 -0.174999207 360.069396973
-0.205396459 0.040484399 -0.977841139 -183.831176758 0.006255949 0.999178052 0.040053714 1.699782610 0.978658855 0.002109566 -0.205480903 359.938507080
-0.238895699 0.040843245 -0.970185876 -184.319274902 0.006746089 0.999160767 0.040401898 1.716162920 0.971021771 0.003106878 -0.238970757 359.771911621
-0.278658450 0.041533671 -0.959491789 -184.818923950 0.008946312 0.999133348 0.040651437 1.725509048 0.960348666 0.002743951 -0.278788596 359.606170654
-0.323214173 0.042187564 -0.945384920 -185.246368408 0.012285545 0.999108791 0.040384717 1.736261487 0.946246088 0.001438345 -0.323444396 359.462921143
-0.370704919 0.042730652 -0.927767158 -185.709594727 0.016016066 0.999086618 0.039615966 1.748059630 0.928612530 -0.000173343 -0.371050745 359.249176025
-0.420136809 0.044224765 -0.906382442 -186.151702881 0.018889522 0.999021471 0.039988983 1.759763122 0.907264113 -0.000320289 -0.420561105 359.011199951
-0.470324814 0.045763824 -0.881305993 -186.545639038 0.021506555 0.998952270 0.040395521 1.767855048 0.882231295 0.000045161 -0.470816255 358.770568848
-0.521030426 0.046635073 -0.852263093 -186.950500488 0.022550996 0.998909891 0.040872920 1.778369427 0.853240192 0.002076651 -0.521514058 358.493103027
-0.571321309 0.046911601 -0.819384575 -187.335815430 0.022435710 0.998884678 0.041544933 1.791689515 0.820419788 0.005352030 -0.571736634 358.181060791
-0.623318732 0.046893392 -0.780560553 -187.745437622 0.021802040 0.998854399 0.042597670 1.812874436 0.781663835 0.009534112 -0.623627126 357.833679199
-0.673998594 0.047370400 -0.737212300 -188.089233398 0.022184962 0.998789787 0.043895688 1.824093938 0.738399446 0.013230604 -0.674233913 357.472412109
-0.722588956 0.046201330 -0.689732432 -188.412582397 0.023235818 0.998823643 0.042562932 1.842282653 0.690887332 0.014729012 -0.722812474 357.075592041
-0.768429160 0.045619562 -0.638306856 -188.721862793 0.024829973 0.998830140 0.041494351 1.866416216 0.639452994 0.016036328 -0.768662989 356.646789551
-0.809937000 0.044725165 -0.584809303 -188.984863281 0.024726344 0.998805702 0.042141903 1.889949322 0.585995495 0.019672094 -0.810075462 356.179046631
-0.848589242 0.040420070 -0.527505994 -189.211013794 0.021398172 0.998883545 0.042116459 1.909278512 0.528619409 0.024451908 -0.848506749 355.728607178
-0.883122802 0.038027264 -0.467598200 -189.428298950 0.020784728 0.998902202 0.041980602 1.935231686 0.468681276 0.027355127 -0.882943690 355.224517822
-0.913559139 0.038240321 -0.404904336 -189.620071411 0.022825487 0.998821497 0.042831909 1.949832797 0.406065047 0.029887341 -0.913355350 354.708709717
-0.938910246 0.042993322 -0.341466248 -189.784820557 0.029364027 0.998555958 0.044985566 1.960482597 0.342907190 0.032210581 -0.938816845 354.183441162
-0.958981276 0.045528583 -0.279789120 -189.929977417 0.034203757 0.998391092 0.045228895 1.982760310 0.281398177 0.033803824 -0.958995521 353.625915527
-0.973968625 0.045900632 -0.221987039 -190.035385132 0.037020165 0.998345196 0.044003416 2.007143974 0.223639503 0.034639947 -0.974056244 353.048919678
-0.984674871 0.043242093 -0.168954253 -190.110626221 0.036681864 0.998454094 0.041760016 2.026107788 0.170498833 0.034922477 -0.984738886 352.463439941
-0.991456270 0.038309071 -0.124686524 -190.145889282 0.033551026 0.998634696 0.040039517 2.044470310 0.126050174 0.035514072 -0.991388023 351.873443604
-0.995615304 0.033149991 -0.087470919 -190.166778564 0.029926505 0.998832941 0.037909959 2.061113834 0.088625528 0.035126042 -0.995445490 351.261810303
-0.997879028 0.029326862 -0.058115005 -190.177795410 0.027070081 0.998862863 0.039247133 2.087505817 0.059199877 0.037590716 -0.997538149 350.638458252
-0.998914003 0.028904691 -0.036540486 -190.183761597 0.027430646 0.998814285 0.040217370 2.113809109 0.037659630 0.039171364 -0.998522580 350.010101318
-0.999369323 0.029740484 -0.019397581 -190.183639526 0.028970983 0.998826504 0.038812455 2.131008863 0.020529119 0.038226020 -0.999058187 349.368713379
-0.999498487 0.031376515 -0.004251923 -190.173553467 0.031217767 0.998956919 0.033321403 2.142546177 0.005292994 0.033171963 -0.999435663 348.720123291
-0.999292076 0.036167435 0.010349918 -190.167602539 0.036421165 0.999011636 0.025477152 2.157282352 -0.009418245 0.025836075 -0.999621809 348.060302734
-0.998902321 0.039762501 0.024761729 -190.151824951 0.040177904 0.999056160 0.016510617 2.180934191 -0.024081856 0.017487368 -0.999557078 347.387329102
-0.998474956 0.037799705 0.040236786 -190.111755371 0.038377840 0.999169528 0.013693913 2.190891504 -0.039685749 0.015217228 -0.999096394 346.707214355
-0.997929811 0.035968114 0.053312644 -190.049850464 0.036718726 0.999238968 0.013167188 2.195196629 -0.052798476 0.015097503 -0.998491108 346.022705078
-0.997302830 0.034594025 0.064732313 -190.006240845 0.035584636 0.999265611 0.014212926 2.203119516 -0.064193085 0.016478067 -0.997801483 345.314788818
-0.996647954 0.035463188 0.073723875 -189.947250366 0.036501776 0.999251783 0.012787890 2.213119984 -0.073215201 0.015436076 -0.997196734 344.597595215
-0.996288121 0.033651318 0.079231761 -189.880783081 0.034731645 0.999321103 0.012296230 2.221928358 -0.078764185 0.015002438 -0.996780396 343.869079590
-0.996126533 0.028773699 0.083090611 -189.800994873 0.029919172 0.999473214 0.012573443 2.222945690 -0.082685061 0.015010742 -0.996462703 343.108459473
-0.995811880 0.027485732 0.087196551 -189.733703613 0.028618937 0.999521017 0.011772391 2.230459213 -0.086831212 0.014218559 -0.996121585 342.339172363
-0.995433629 0.027335741 0.091458812 -189.658004761 0.028626386 0.999507844 0.012829590 2.236950397 -0.091063105 0.015389139 -0.995726228 341.570068359
-0.994923770 0.028420648 0.096535012 -189.575180054 0.029906034 0.999455094 0.013974912 2.246071815 -0.096085235 0.016790953 -0.995231509 340.779479980
-0.994468987 0.027047191 0.101487882 -189.487518311 0.028941192 0.999432445 0.017236309 2.257020712 -0.100964092 0.020078156 -0.994687438 339.985290527
-0.994017541 0.023049906 0.106760971 -189.391143799 0.025191844 0.999506652 0.018757828 2.256178617 -0.106275938 0.021335114 -0.994107723 339.162994385
-0.993570268 0.021225380 0.111210331 -189.279922485 0.023591209 0.999521673 0.020000802 2.267815590 -0.110732600 0.022495784 -0.993595600 338.330200195
-0.993081272 0.020708889 0.115589134 -189.180725098 0.022954542 0.999572098 0.018130591 2.283954144 -0.115164213 0.020658445 -0.993131578 337.497863770
-0.992950380 0.018314937 0.117107257 -189.061798096 0.020141959 0.999692917 0.014436834 2.287773609 -0.116806880 0.016693830 -0.993014276 336.646423340
-0.992873490 0.015223840 0.118196413 -188.963653564 0.016658515 0.999799073 0.011159578 2.291903734 -0.118002743 0.013049029 -0.992927551 335.792694092
-0.992922783 0.014149082 0.117915161 -188.853332520 0.015223552 0.999850392 0.008216481 2.302335024 -0.117781252 0.009953421 -0.992989659 334.922210693
-0.993105531 0.015017779 0.116258331 -188.744827271 0.016251203 0.999821305 0.009668636 2.306389570 -0.116092347 0.011491314 -0.993171930 334.031677246
-0.993324995 0.013174473 0.114595063 -188.637939453 0.014708887 0.999812961 0.012554579 2.308109522 -0.114408217 0.014156342 -0.993332982 333.134765625
-0.993625820 0.010182817 0.112268306 -188.525497437 0.011852255 0.999828696 0.014212649 2.310037136 -0.112104334 0.015452687 -0.993576288 332.225708008
-0.993923306 0.009085697 0.109699041 -188.418594360 0.010680972 0.999845505 0.013963433 2.316830397 -0.109555215 0.015050276 -0.993866742 331.315307617
-0.994224489 0.007168759 0.107080713 -188.314498901 0.008830208 0.999847770 0.015049782 2.326987028 -0.106956534 0.015908405 -0.994136453 330.397857666
-0.994538546 0.005009661 0.104249388 -188.210540771 0.006789654 0.999837041 0.016726511 2.327186823 -0.104148597 0.017342977 -0.994410515 329.471862793
-0.994784176 0.004805326 0.101888910 -188.110565186 0.006878831 0.999776006 0.020009061 2.336446047 -0.101769947 0.020605573 -0.994594574 328.546112061
-0.995034516 0.004435824 0.099431977 -188.011566162 0.006931062 0.999669313 0.024763534 2.349548817 -0.099289246 0.025329739 -0.994736195 327.612518311
-0.995272636 0.003241522 0.097067177 -187.916534424 0.006379958 0.999466240 0.032039721 2.364077568 -0.096911505 0.032507543 -0.994762003 326.674072266
-0.995489717 0.002604387 0.094833784 -187.822982788 0.006001001 0.999349892 0.035548948 2.380729675 -0.094679542 0.035957709 -0.994858265 325.757446289
-0.995692253 0.000395194 0.092719361 -187.728973389 0.003586310 0.999406755 0.034252834 2.394437790 -0.092650823 0.034437802 -0.995102882 324.823089600
-0.995912790 -0.001662413 0.090305634 -187.634506226 0.001068776 0.999543667 0.030187059 2.417769670 -0.090314604 0.030160194 -0.995456457 323.897766113
-0.996084332 -0.000353325 0.088407196 -187.549591064 0.002197703 0.999584079 0.028756440 2.431782722 -0.088380583 0.028838126 -0.995669246 322.964630127
-0.996239543 -0.001517757 0.086628534 -187.461502075 0.001061499 0.999557734 0.029719923 2.452645779 -0.086635321 0.029700115 -0.995797336 322.034729004
-0.996432364 0.001137671 0.084387124 -187.379882812 0.003640110 0.999557972 0.029506335 2.467275381 -0.084316269 0.029708246 -0.995996058 321.100280762
-0.996527076 0.002599427 0.083228871 -187.308456421 0.004942796 0.999596834 0.027962053 2.478343487 -0.083122626 0.028276334 -0.996138096 320.174957275
-0.996666670 0.001963471 0.081557855 -187.232223511 0.004162137 0.999632239 0.026797121 2.492042542 -0.081475250 0.027047252 -0.996308327 319.255157471
-0.996854067 -0.001847610 0.079236992 -187.140319824 0.000250868 0.999649644 0.026465436 2.508644581 -0.079258129 0.026402056 -0.996504426 318.325897217
-0.996998191 -0.005947782 0.077196479 -187.051452637 -0.004093712 0.999699891 0.024153613 2.526849270 -0.077316970 0.023765089 -0.996723235 317.403289795
-0.997124076 -0.009875985 0.075140789 -186.975646973 -0.008078207 0.999674737 0.024191905 2.536503077 -0.075355269 0.023515325 -0.996879458 316.457580566
-0.997278929 -0.013387703 0.072495483 -186.893341064 -0.011546488 0.999601543 0.025757497 2.551595926 -0.072811432 0.024850335 -0.997036159 315.520690918
-0.997388065 -0.017951772 0.069963150 -186.812088013 -0.016028464 0.999480724 0.027955463 2.567062378 -0.070428655 0.026761040 -0.997157812 314.572265625
-0.997530818 -0.017808868 0.067936324 -186.744033813 -0.015798274 0.999424517 0.030018650 2.584399939 -0.068431854 0.028871246 -0.997237980 313.605926514
-0.997750640 -0.010906474 0.066141322 -186.688995361 -0.008950306 0.999515831 0.029800121 2.602025986 -0.066434324 0.029141102 -0.997365177 312.644866943
-0.997967780 -0.003616326 0.063618489 -186.624389648 -0.001945781 0.999652207 0.026301209 2.621946096 -0.063691489 0.026123965 -0.997627735 311.691955566
-0.998082519 -0.003482983 0.061799057 -186.552536011 -0.002007084 0.999711692 0.023928247 2.634481430 -0.061864588 0.023758328 -0.997801781 310.732360840
-0.998083651 -0.005320398 0.061649494 -186.507980347 -0.003583398 0.999594390 0.028251804 2.656675816 -0.061774805 0.027976749 -0.997697949 309.722869873
-0.998125196 -0.003456185 0.061108138 -186.447158813 -0.001246126 0.999345005 0.036167562 2.681341410 -0.061193116 0.036023606 -0.997475624 308.756439209
-0.998112142 -0.002131706 0.061381508 -186.385910034 0.000178784 0.999292433 0.037611399 2.703459024 -0.061418258 0.037551370 -0.997405529 307.798187256
-0.998035789 -0.008886088 0.062011916 -186.314056396 -0.006817680 0.999415994 0.033487260 2.716436625 -0.062273275 0.032998711 -0.997513473 306.834625244
-0.997945726 -0.012858325 0.062761113 -186.236236572 -0.011268792 0.999608397 0.025615307 2.739357471 -0.063065901 0.024855440 -0.997699857 305.907623291
-0.997832417 -0.008725096 0.065225579 -186.180114746 -0.007341907 0.999743760 0.021415927 2.751111507 -0.065395728 0.020890625 -0.997640729 304.962005615
-0.997811675 -0.008684582 0.065547109 -186.104354858 -0.007365991 0.999766231 0.020331614 2.753422737 -0.065708369 0.019804304 -0.997642398 304.039001465
-0.997758269 -0.008780596 0.066342510 -186.038055420 -0.007378952 0.999745011 0.021342974 2.771623135 -0.066513002 0.020805592 -0.997568667 303.069519043
-0.997756839 -0.007415923 0.066529863 -185.968658447 -0.005906743 0.999721467 0.022852356 2.779487610 -0.066680811 0.022408122 -0.997522712 302.126373291
-0.997840703 -0.008027158 0.065188468 -185.899383545 -0.006532527 0.999711573 0.023108723 2.787166834 -0.065355167 0.022632979 -0.997605324 301.185699463
-0.997995675 -0.008635027 0.062690161 -185.832489014 -0.007284927 0.999737263 0.021732798 2.798559904 -0.062861346 0.021232544 -0.997796357 300.244354248
-0.998150229 -0.008768694 0.060159586 -185.776351929 -0.007489539 0.999741733 0.021455348 2.803825140 -0.060332190 0.020965090 -0.997958183 299.322296143
-0.998305440 -0.007772923 0.057668231 -185.721038818 -0.006385255 0.999686599 0.024208296 2.816800117 -0.057838328 0.023799051 -0.998042226 298.393768311
-0.998484492 -0.008640337 0.054350693 -185.660766602 -0.007372029 0.999696851 0.023492984 2.820316315 -0.054537199 0.023056706 -0.998245537 297.463226318
-0.998608351 -0.009125679 0.051943250 -185.610214233 -0.008104718 0.999770522 0.019832138 2.824905872 -0.052112319 0.019383553 -0.998453081 296.539916992
-0.998722851 -0.006335071 0.050125338 -185.563583374 -0.005503529 0.999845266 0.016709898 2.838358164 -0.050223436 0.016412688 -0.998603225 295.609924316
-0.998755932 -0.006638791 0.049421705 -185.511962891 -0.005655686 0.999783993 0.020005487 2.849789858 -0.049543839 0.019701086 -0.998577654 294.687835693
-0.998819053 -0.006964765 0.048083391 -185.452621460 -0.005766609 0.999670565 0.025012193 2.856620789 -0.048241753 0.024705378 -0.998530090 293.761413574
-0.998806417 -0.004681057 0.048619613 -185.414382935 -0.003451118 0.999672651 0.025350409 2.867033243 -0.048722371 0.025152357 -0.998495579 292.825439453
-0.998799860 -0.003893375 0.048823033 -185.363555908 -0.002839731 0.999761999 0.021631708 2.878302336 -0.048895635 0.021467103 -0.998573184 291.899688721
-0.998738587 -0.002125709 0.050168037 -185.309661865 -0.001224762 0.999837518 0.017982520 2.890133619 -0.050198119 0.017898392 -0.998578906 290.968994141
-0.998585939 0.002904825 0.053081349 -185.257202148 0.003848456 0.999836147 0.017683536 2.899131060 -0.053021289 0.017862808 -0.998433650 290.048278809
-0.998309374 0.007178713 0.057680000 -185.217117310 0.008314785 0.999775589 0.019480307 2.906323910 -0.057527214 0.019926965 -0.998145044 289.130767822
-0.997971654 0.010886597 0.062723435 -185.163055420 0.012128808 0.999737024 0.019457972 2.913197041 -0.062495120 0.020179259 -0.997841239 288.202758789
-0.997763693 0.005944110 0.066575557 -185.087371826 0.007124934 0.999821246 0.017513245 2.917139769 -0.066459551 0.017948424 -0.997627676 287.277526855
-0.997557402 0.001993443 0.069823019 -185.007186890 0.003036119 0.999885440 0.014830172 2.922394514 -0.069785446 0.015005940 -0.997449100 286.348358154
-0.997394919 0.001394498 0.072120830 -184.934341431 0.002784711 0.999812186 0.019179212 2.930583477 -0.072080538 0.019330084 -0.997211456 285.411376953
-0.997360587 0.000384090 0.072606377 -184.860198975 0.002160875 0.999700069 0.024394494 2.938933372 -0.072575226 0.024487000 -0.997062325 284.479766846
-0.997345090 -0.000678328 0.072816476 -184.784469604 0.001378162 0.999601722 0.028188143 2.952829838 -0.072806589 0.028213654 -0.996946990 283.516204834
-0.997267365 0.001813872 0.073854953 -184.712554932 0.003404148 0.999765038 0.021412252 2.967862129 -0.073798753 0.021605149 -0.997039199 282.556182861
-0.997165501 0.008163019 0.074796684 -184.644668579 0.009226199 0.999861121 0.013879800 2.975162745 -0.074673004 0.014530541 -0.997102201 281.633361816
-0.997087121 0.011244472 0.075437330 -184.571594238 0.012051508 0.999874830 0.010251386 2.984640837 -0.075312607 0.011130659 -0.997097850 280.683746338
-0.997180104 0.008607139 0.074549988 -184.489913940 0.009836041 0.999821424 0.016132841 2.987839699 -0.074397817 0.016820623 -0.997086823 279.733367920
-0.997150838 0.006862033 0.075120524 -184.417678833 0.008649764 0.999686360 0.023498747 2.988512993 -0.074935719 0.024081571 -0.996897638 278.775085449
-0.997243106 0.004715876 0.074053101 -184.330993652 0.006731958 0.999612808 0.026998878 3.006473780 -0.073897116 0.027422974 -0.996888757 277.790039062
-0.997346282 0.006992721 0.072467320 -184.262588501 0.008940951 0.999606371 0.026594842 3.027750969 -0.072252825 0.027172195 -0.997016191 276.831939697
-0.997577429 0.008247374 0.069075018 -184.186050415 0.009829906 0.999696195 0.022601854 3.040424585 -0.068867639 0.023226095 -0.997355461 275.865173340
-0.997756064 0.009741650 0.066241793 -184.128128052 0.011198482 0.999702811 0.021657009 3.044745922 -0.066011131 0.022350214 -0.997568548 274.915802002
-0.997875988 0.010619076 0.064270757 -184.065078735 0.012098318 0.999669909 0.022670541 3.062490940 -0.064008795 0.023399957 -0.997675002 273.948669434
-0.998015165 0.014232078 0.061344184 -184.001602173 0.016041880 0.999447465 0.029111605 3.072320938 -0.060895976 0.030037897 -0.997692049 272.971496582
-0.998164952 0.014390660 0.058816601 -183.940231323 0.016253792 0.999377191 0.031322282 3.087765694 -0.058329232 0.032220803 -0.997777283 271.994628906
-0.998284221 0.013065828 0.057076845 -183.880828857 0.014807423 0.999434292 0.030197557 3.112155914 -0.056650009 0.030990910 -0.997913003 271.021759033
-0.998269737 0.010336781 0.057885595 -183.811386108 0.012006836 0.999519408 0.028577888 3.125295877 -0.057562381 0.029223463 -0.997914076 270.021392822
-0.998188555 0.013495575 0.058630247 -183.753570557 0.015173676 0.999485135 0.028271457 3.140711784 -0.058218524 0.029109880 -0.997879446 269.038665771
-0.998034894 0.015337330 0.060754720 -183.687713623 0.017091056 0.999449074 0.028452016 3.156250238 -0.060284868 0.029434461 -0.997747183 268.049316406
-0.997872472 0.013390944 0.063805841 -183.617767334 0.015239434 0.999475598 0.028572476 3.174636364 -0.063389763 0.029484050 -0.997553170 267.062469482
-0.997661173 0.011381429 0.067399807 -183.542633057 0.013598483 0.999378324 0.032527152 3.196584463 -0.066987701 0.033367608 -0.997195721 266.069458008
-0.997458220 0.011007236 0.070398778 -183.462600708 0.013495358 0.999297321 0.034965802 3.219099998 -0.069964439 0.035826981 -0.996905923 265.085418701
-0.997370124 0.011081454 0.071623854 -183.387893677 0.013431928 0.999384105 0.032418989 3.235033751 -0.071220487 0.033295773 -0.996904790 264.100463867
-0.997330666 0.011493572 0.072106846 -183.309204102 0.013372660 0.999581993 0.025631281 3.252703190 -0.071782112 0.026527120 -0.997067511 263.121795654
-0.997231245 0.011453407 0.073475629 -183.231277466 0.012991389 0.999705672 0.020488204 3.268852711 -0.073219359 0.021386029 -0.997086585 262.137390137
-0.997085333 0.010189498 0.075610943 -183.150863647 0.011770434 0.999720693 0.020492714 3.276960611 -0.075380996 0.021322956 -0.996926785 261.156768799
-0.996968687 0.009799787 0.077184357 -183.067642212 0.011798594 0.999605656 0.025483185 3.287927628 -0.076904200 0.026316607 -0.996691108 260.158721924
-0.996841192 0.003701158 0.079334766 -182.975723267 0.006261229 0.999466836 0.032044787 3.301337719 -0.079173855 0.032440297 -0.996332884 259.156921387
-0.996697009 0.001438345 0.081196688 -182.882217407 0.003881554 0.999544144 0.029940212 3.321271420 -0.081116617 0.030156488 -0.996248305 258.161987305
-0.996511817 0.003408173 0.083381437 -182.797286987 0.005443796 0.999692321 0.024198217 3.339989424 -0.083273314 0.024567721 -0.996223867 257.167907715
-0.996365607 0.006890338 0.084900655 -182.704467773 0.007740905 0.999923050 0.009693251 3.347743034 -0.084827341 0.010315230 -0.996342242 256.175811768
-0.996085882 0.011070588 0.087694414 -182.622665405 0.011093074 0.999938488 -0.000230944 3.347136974 -0.087691568 0.000742761 -0.996147394 255.182723999
-0.995886981 0.014461731 0.089442685 -182.535919189 0.014575855 0.999893546 0.000622873 3.342138052 -0.089424171 0.001924016 -0.995991707 254.176956177
-0.995758057 0.014750952 0.090820193 -182.439086914 0.015914692 0.999800086 0.012102841 3.334367990 -0.090623498 0.013496877 -0.995793760 253.161788940
-0.995727420 0.012063888 0.091549881 -182.340393066 0.014307350 0.999612212 0.023888724 3.337807178 -0.091226190 0.025096493 -0.995513856 252.149948120
-0.995806932 0.010469115 0.090878636 -182.236892700 0.013333138 0.999431491 0.030965118 3.354175329 -0.090502784 0.032046977 -0.995380461 251.127792358
-0.995838583 0.009377432 0.090650961 -182.148437500 0.012181817 0.999462545 0.030432450 3.372061253 -0.090316869 0.031410102 -0.995417655 250.130676270
-0.995998383 0.010651391 0.088734388 -182.049179077 0.012903459 0.999608159 0.024845015 3.381824255 -0.088434972 0.025890578 -0.995745361 249.139144897
-0.996066868 0.014791656 0.087361634 -181.968856812 0.016596776 0.999662757 0.019972460 3.403259993 -0.087036744 0.021343825 -0.995976388 248.146194458
-0.996254385 0.016377611 0.084905624 -181.881072998 0.017874883 0.999697328 0.016904386 3.405592918 -0.084603086 0.018358747 -0.996245563 247.170776367
-0.996374071 0.019427896 0.082832724 -181.800308228 0.020690540 0.999682128 0.014412164 3.410778046 -0.082526386 0.016073762 -0.996459246 246.188674927
-0.996495962 0.021758569 0.080760516 -181.708908081 0.022940688 0.999642432 0.013738276 3.415775299 -0.080432706 0.015542838 -0.996638834 245.189117432
-0.996638179 0.021849278 0.078961670 -181.627670288 0.023251489 0.999587119 0.016882431 3.417853355 -0.078560196 0.018661652 -0.996734619 244.211151123
-0.996674061 0.022941194 0.078194417 -181.557678223 0.024621466 0.999484777 0.020592291 3.423154831 -0.077681713 0.022449065 -0.996725440 243.221343994
-0.996786952 0.022717666 0.076808020 -181.479919434 0.024456089 0.999463916 0.021768900 3.431320429 -0.076272294 0.023577383 -0.996808231 242.250976562
-0.997006118 0.020838661 0.074462049 -181.396331787 0.022393722 0.999546945 0.020110315 3.432871580 -0.074009240 0.021717589 -0.997021079 241.288558960
-0.997144997 0.019129500 0.073047027 -181.317947388 0.020586219 0.999602914 0.019241571 3.439462900 -0.072649933 0.020690398 -0.997142911 240.323638916
-0.997174382 0.020939710 0.072143920 -181.250305176 0.022454986 0.999542654 0.020256840 3.443958759 -0.071686767 0.021819592 -0.997188509 239.371688843
-0.997218847 0.021944728 0.071225688 -181.179016113 0.023573842 0.999477506 0.022112994 3.456347704 -0.070703216 0.023730554 -0.997215092 238.412811279
-0.997287512 0.022033971 0.070229143 -181.107620239 0.023813367 0.999413729 0.024601217 3.459584951 -0.069645919 0.026206883 -0.997227430 237.469116211
-0.997170031 0.028305959 0.069647506 -181.055877686 0.030355297 0.999131560 0.028544072 3.471992970 -0.068779036 0.030577464 -0.997163236 236.524612427
-0.997020066 0.031212695 0.070546418 -180.994934082 0.033452049 0.998966098 0.030787477 3.483188629 -0.069512501 0.033055656 -0.997033298 235.604614258
-0.997077882 0.030049199 0.070233144 -180.928863525 0.032134313 0.999070048 0.028749388 3.494583845 -0.069303922 0.030922266 -0.997116208 234.683929443
-0.996762931 0.039111491 0.070241466 -180.877441406 0.040991124 0.998833537 0.025520107 3.509971619 -0.069161415 0.028316777 -0.997203529 233.782913208
-0.996527016 0.043925069 0.070741557 -180.824417114 0.045758568 0.998651743 0.024508806 3.523166895 -0.069569647 0.027660722 -0.997193515 232.897338867
-0.997058630 0.031907804 0.069685355 -180.744781494 0.033476230 0.999209166 0.021456337 3.521117687 -0.068945624 0.023726027 -0.997338235 232.036804199
-0.997469068 0.022909472 0.067311466 -180.667861938 0.024055477 0.999578297 0.016264394 3.519659758 -0.066910475 0.017842436 -0.997599423 231.192291260
-0.997624457 0.023751294 0.064664215 -180.612030029 0.024488758 0.999643564 0.010635769 3.528836727 -0.064388536 0.012194049 -0.997850418 230.348037720
-0.997965872 0.022590717 0.059615158 -180.563278198 0.023425782 0.999636531 0.013346003 3.534216404 -0.059291981 0.014715386 -0.998132229 229.501754761
-0.998312771 0.015949225 0.055832159 -180.508010864 0.017101163 0.999649405 0.020215476 3.531602383 -0.055490170 0.021136163 -0.998235464 228.677490234
-0.998576999 0.012854323 0.051756527 -180.453994751 0.014060167 0.999636531 0.023002064 3.535206795 -0.051442042 0.023697037 -0.998394787 227.859191895
-0.998739660 0.013042686 0.048466656 -180.411636353 0.014255972 0.999591470 0.024772646 3.538524866 -0.048123762 0.025432361 -0.998517573 227.066268921
-0.998851299 0.014936049 0.045528688 -180.378265381 0.016064566 0.999570251 0.024522716 3.549373865 -0.045142848 0.025225947 -0.998661995 226.287628174
-0.998991609 0.015931912 0.041976720 -180.345291138 0.017016331 0.999527276 0.025604485 3.552454948 -0.041548949 0.026292952 -0.998790443 225.527175903
-0.999156058 0.014901055 0.038277678 -180.314132690 0.015891027 0.999543786 0.025690198 3.565704823 -0.037877392 0.026276795 -0.998936832 224.763000488
-0.999287069 0.014671855 0.034788504 -180.288146973 0.015581787 0.999539733 0.026030777 3.571898699 -0.034390569 0.026554285 -0.999055684 224.045578003
-0.999386311 0.014796416 0.031751212 -180.260314941 0.015635790 0.999530435 0.026352566 3.577698231 -0.031346377 0.026832849 -0.999148428 223.342620850
-0.999393284 0.017166806 0.030304698 -180.244812012 0.017966373 0.999492347 0.026312083 3.585428953 -0.029837620 0.026840586 -0.999194324 222.664398193
-0.999371707 0.019659493 0.029489296 -180.226913452 0.020434173 0.999447823 0.026202623 3.591906071 -0.028957879 0.026788751 -0.999221623 222.005203247
-0.999351621 0.021576816 0.028824223 -180.200759888 0.022295009 0.999443054 0.024831697 3.597169638 -0.028272379 0.025458230 -0.999276042 221.374633789
-0.999249876 0.023763811 0.030579282 -180.183731079 0.024518201 0.999398291 0.024536123 3.599144459 -0.029977810 0.025267467 -0.999231219 220.756866455
-0.999073923 0.026531730 0.033873316 -180.173446655 0.027339300 0.999347508 0.023604726 3.603315592 -0.033224940 0.024508940 -0.999147356 220.168365479
-0.998829365 0.029077802 0.038658030 -180.150772095 0.029960401 0.999298930 0.022450998 3.607017040 -0.037978105 0.023582924 -0.999000311 219.598770142
-0.998510480 0.030262768 0.045399956 -180.122360229 0.031295598 0.999263346 0.022213947 3.612070799 -0.044694256 0.023601677 -0.998721898 219.051422119
-0.998097956 0.029780323 0.053979199 -180.082565308 0.031062065 0.999251366 0.023063581 3.610799074 -0.053251948 0.024696417 -0.998275757 218.528244019
-0.997452080 0.029487055 0.064961493 -180.043655396 0.031045178 0.999250889 0.023107784 3.617602110 -0.064231448 0.025065649 -0.997620285 218.016250610
-0.996435583 0.030698262 0.078573234 -179.993133545 0.032568593 0.999213219 0.022633662 3.611801147 -0.077816598 0.025112007 -0.996651411 217.544143677
-0.994750440 0.034505099 0.096338823 -179.957778931 0.036655463 0.999114752 0.020640532 3.614168406 -0.095541336 0.024063518 -0.995134592 217.083923340
-0.992388546 0.035412021 0.117944479 -179.893783569 0.037673626 0.999145448 0.017000558 3.623464584 -0.117241673 0.021314558 -0.992874682 216.647933960
-0.989049375 0.034969158 0.143381625 -179.809341431 0.037536517 0.999179006 0.015239201 3.620901108 -0.142731026 0.020454375 -0.989550114 216.211517334
-0.984003842 0.033864997 0.174898490 -179.705398560 0.036830734 0.999227107 0.013738043 3.623620272 -0.174298078 0.019959930 -0.984490633 215.772994995
-0.976741254 0.033610545 0.211770564 -179.579803467 0.037305225 0.999213040 0.013474242 3.624739170 -0.211151049 0.021060998 -0.977226555 215.350830078
-0.966931641 0.032875597 0.252907753 -179.439697266 0.037387099 0.999215484 0.013051999 3.625757456 -0.252280295 0.022075878 -0.967402399 214.952209473
-0.954583943 0.030014850 0.296426237 -179.290756226 0.035543017 0.999279916 0.013276688 3.614906788 -0.295814276 0.023209598 -0.954963505 214.568801880
-0.939670920 0.024403490 0.341207802 -179.102386475 0.030226143 0.999473929 0.011758175 3.622233391 -0.340741396 0.021362215 -0.939914286 214.191726685
-0.922463536 0.018399410 0.385645628 -178.914749146 0.023894249 0.999669909 0.009460089 3.617533207 -0.385344148 0.017941302 -0.922598541 213.860137939
-0.902729213 0.015123517 0.429943234 -178.697143555 0.020230114 0.999768674 0.007308634 3.614975452 -0.429733217 0.015295519 -0.902826369 213.502761841
-0.880260050 0.014910944 0.474257261 -178.460479736 0.019350993 0.999802768 0.004482590 3.616004229 -0.474096864 0.013123193 -0.880374908 213.157867432
-0.854901791 0.016660452 0.518522263 -178.205398560 0.020866262 0.999779642 0.002279214 3.622594118 -0.518370092 0.012768126 -0.855061114 212.802490234
-0.826839626 0.015963877 0.562211096 -177.950256348 0.021050278 0.999775171 0.002570063 3.620138407 -0.562043667 0.013959732 -0.826989830 212.484268188
-0.795594096 0.013306871 0.605683982 -177.635253906 0.020188663 0.999785900 0.004553458 3.616449356 -0.605493605 0.015850656 -0.795692265 212.132049561
-0.759956300 0.012312943 0.649857521 -177.326751709 0.022549655 0.999718189 0.007428217 3.614606857 -0.649582922 0.020299185 -0.760019779 211.792480469
-0.721875191 0.012398385 0.691912174 -176.950393677 0.026091101 0.999616265 0.009308831 3.621659756 -0.691531301 0.024772566 -0.721921742 211.462661743
-0.680265665 0.013004171 0.732850313 -176.549545288 0.027732758 0.999583423 0.008005578 3.617900372 -0.732440829 0.025769878 -0.680342913 211.139602661
-0.634661794 0.013585463 0.772670567 -176.155639648 0.027074376 0.999622583 0.004662709 3.618444204 -0.772315562 0.023878818 -0.634790123 210.846572876
-0.586466551 0.013422445 0.809862196 -175.715316772 0.025530821 0.999672174 0.001919990 3.614841938 -0.809570968 0.021802457 -0.586617053 210.564147949
-0.536615908 0.013600388 0.843716919 -175.249343872 0.022862570 0.999737382 -0.001574456 3.612521887 -0.843516827 0.018444661 -0.536785960 210.301162720
-0.486553431 0.018755250 0.873449385 -174.754257202 0.024459593 0.999670029 -0.007840361 3.613172770 -0.873308301 0.017549463 -0.486851752 210.064315796
-0.436237752 0.022442130 0.899551451 -174.232009888 0.025342289 0.999598861 -0.012648375 3.598688602 -0.899474502 0.017279001 -0.436631471 209.839721680
-0.385943830 0.022272192 0.922253311 -173.687759399 0.024414631 0.999604940 -0.013923199 3.588593721 -0.922199130 0.017142905 -0.386335105 209.655105591
-0.332771122 0.019052131 0.942815125 -173.116958618 0.022529744 0.999671221 -0.012249078 3.579234600 -0.942738473 0.017165242 -0.333090961 209.465606689
-0.279649645 0.014615378 0.959990859 -172.536834717 0.016861031 0.999804735 -0.010309829 3.562910318 -0.959954083 0.013303293 -0.279841512 209.328353882
-0.227848515 0.011847962 0.973624468 -171.934387207 0.009115122 0.999908149 -0.010034678 3.557863474 -0.973653972 0.006588317 -0.227935642 209.231842041
-0.180417463 0.007237504 0.983563483 -171.316940308 0.003985491 0.999969959 -0.006627163 3.552169323 -0.983582079 0.002724325 -0.180440947 209.157577515
-0.138576388 0.002437982 0.990348697 -170.674865723 0.003272249 0.999992549 -0.002003849 3.539885283 -0.990346372 0.002962981 -0.138583347 209.098724365
-0.103376552 0.002864538 0.994638205 -170.036972046 0.002054895 0.999994338 -0.002666391 3.528911352 -0.994640172 0.001768234 -0.103381865 209.053604126
-0.073748998 0.007414305 0.997249246 -169.388244629 -0.001271106 0.999970853 -0.007528540 3.512383461 -0.997276008 -0.001822832 -0.073737435 209.031219482
-0.050002635 0.014625525 0.998642027 -168.711563110 -0.005443728 0.999873936 -0.014916137 3.509977579 -0.998734176 -0.006182179 -0.049916714 209.018951416
-0.030774910 0.020919278 0.999307513 -168.035537720 -0.008343365 0.999740779 -0.021185296 3.504392385 -0.999491513 -0.008989561 -0.030592393 209.016921997
-0.015424434 0.020988703 0.999660790 -167.332275391 -0.008224078 0.999743164 -0.021117330 3.495257854 -0.999847233 -0.008547013 -0.015247861 209.019958496
-0.005520907 0.014061637 0.999885976 -166.613571167 -0.006946687 0.999876440 -0.014099864 3.476912737 -0.999960542 -0.007023739 -0.005422544 209.023269653
0.000834319 0.008748082 0.999961436 -165.895507812 -0.006237641 0.999942303 -0.008742712 3.459689617 -0.999980152 -0.006230108 0.000888837 209.032531738
0.006116185 0.007419094 0.999953806 -165.160842896 -0.004300486 0.999963403 -0.007392861 3.441256046 -0.999972045 -0.004255075 0.006147868 209.028533936
0.010386095 0.010645092 0.999889433 -164.422271729 -0.001968993 0.999941528 -0.010625198 3.426305771 -0.999944091 -0.001858421 0.010406449 209.039474487
0.014565914 0.019739516 0.999699116 -163.694702148 -0.000348700 0.999805212 -0.019736532 3.409995079 -0.999893904 -0.000061113 0.014569959 209.048782349
0.017272990 0.027523046 0.999472022 -162.947509766 -0.000003102 0.999621034 -0.027527103 3.389290333 -0.999850810 0.000472375 0.017266531 209.071884155
0.019635119 0.029123772 0.999382973 -162.172882080 0.001004035 0.999574602 -0.029149085 3.369577885 -0.999806702 0.001575762 0.019597523 209.088439941
0.022060536 0.023622846 0.999477506 -161.405288696 0.003452755 0.999713063 -0.023704624 3.352202892 -0.999750733 0.003973887 0.021972636 209.098876953
0.024220327 0.014601655 0.999599993 -160.604370117 0.004654923 0.999880850 -0.014718547 3.324117422 -0.999695837 0.005009547 0.024149468 209.123794556
0.026642997 0.011272364 0.999581456 -159.805282593 0.006752201 0.999911547 -0.011456062 3.302733898 -0.999622285 0.007054597 0.026564524 209.147171021
0.028864458 0.012393508 0.999506533 -158.999099731 0.009873885 0.999870718 -0.012683171 3.282970428 -0.999534607 0.010235104 0.028738357 209.171279907
0.031773660 0.014402494 0.999391317 -158.201614380 0.011903441 0.999819815 -0.014787117 3.265793085 -0.999424160 0.012366037 0.031596500 209.183761597
0.034068126 0.016333725 0.999286056 -157.381896973 0.013507010 0.999767601 -0.016802087 3.252211571 -0.999328196 0.014069783 0.033839591 209.214538574
0.035225917 0.016335551 0.999245942 -156.543380737 0.013959114 0.999760866 -0.016836066 3.231656075 -0.999281883 0.014541655 0.034989465 209.256317139
0.037122671 0.017781427 0.999152541 -155.712799072 0.010285338 0.999781966 -0.018174773 3.202361822 -0.999257743 0.010951319 0.036931690 209.291702271
0.037986502 0.018424813 0.999108434 -154.867446899 0.009598932 0.999777198 -0.018802099 3.180024624 -0.999232173 0.010304599 0.037801184 209.334014893
0.039475322 0.018159889 0.999055564 -154.011016846 0.010312524 0.999774277 -0.018580426 3.161417723 -0.999167383 0.011036251 0.039279133 209.375320435
0.040566318 0.013514805 0.999085546 -153.120864868 0.013521182 0.999809623 -0.014073610 3.144706249 -0.999085426 0.014079730 0.040375847 209.403549194
0.041429501 0.009221998 0.999098778 -152.237030029 0.014536342 0.999846101 -0.009831669 3.124175549 -0.999035776 0.014930561 0.041289065 209.450378418
0.043700323 0.008674511 0.999006987 -151.348861694 0.015381968 0.999837935 -0.009354591 3.101302147 -0.998926282 0.015775492 0.043559793 209.486465454
0.047220938 0.011597987 0.998817146 -150.460647583 0.020249892 0.999715984 -0.012565775 3.088833809 -0.998679221 0.020819306 0.046972655 209.522735596
0.051327650 0.012334131 0.998605728 -149.563781738 0.023928899 0.999621570 -0.013576606 3.070162296 -0.998395205 0.024592392 0.051013075 209.572296143
0.055497047 0.009362242 0.998414993 -148.659667969 0.024855876 0.999633312 -0.010755285 3.053356886 -0.998149455 0.025413370 0.055243984 209.621292114
0.060201179 0.006545082 0.998164892 -147.750686646 0.024133949 0.999676704 -0.008010560 3.033834219 -0.997894585 0.024571903 0.060023747 209.683395386
0.065334521 0.005557044 0.997847974 -146.863510132 0.023910837 0.999688566 -0.007132869 3.009611368 -0.997576952 0.024325401 0.065181307 209.745544434
0.070231318 0.005155133 0.997517467 -145.965118408 0.025272593 0.999656558 -0.006945533 2.991477728 -0.997210562 0.025697643 0.070076905 209.819564819
0.076091096 0.000562492 0.997100890 -145.059768677 0.024864875 0.999687850 -0.002461447 2.978962660 -0.996790826 0.024980078 0.076053374 209.876342773
0.080990501 -0.002562502 0.996711612 -144.155456543 0.025285808 0.999680281 0.000515468 2.966938019 -0.996394098 0.025160909 0.081029393 209.959396362
0.086483173 -0.001422802 0.996252418 -143.264663696 0.024245059 0.999705851 -0.000676943 2.945043087 -0.995958269 0.024212742 0.086492226 210.033767700
0.091275908 0.006948041 0.995801449 -142.354064941 0.017993277 0.999800920 -0.008625224 2.933563948 -0.995663106 0.018705005 0.091132723 210.132644653
0.096182585 0.012545515 0.995284677 -141.476287842 0.015103969 0.999786973 -0.014061889 2.919963360 -0.995249212 0.016385255 0.095972620 210.226135254
0.100599773 0.011551523 0.994859993 -140.577117920 0.016311919 0.999779046 -0.013258091 2.902571678 -0.994793236 0.017561836 0.100389130 210.327301025
0.104511492 0.005769184 0.994506955 -139.663787842 0.012919458 0.999890924 -0.007158108 2.881549358 -0.994439781 0.013596595 0.104425579 210.422790527
0.106433831 0.001894142 0.994317949 -138.774368286 0.007139039 0.999971032 -0.002669088 2.859800577 -0.994294226 0.007382557 0.106417224 210.533416748
0.107438073 0.003268179 0.994206429 -137.899642944 0.005699565 0.999976099 -0.003903064 2.840475559 -0.994195521 0.006085881 0.107416891 210.628387451
0.107103862 0.005169537 0.994234443 -137.002593994 0.003895174 0.999976635 -0.005619002 2.830770016 -0.994240224 0.004474535 0.107081242 210.737792969
0.106977597 0.006317555 0.994241357 -136.122406006 0.001336577 0.999977946 -0.006497819 2.813729763 -0.994260550 0.002024003 0.106966801 210.834747314
0.105770014 0.006169906 0.994371533 -135.241378784 -0.003581077 0.999976575 -0.005823771 2.796812534 -0.994384170 -0.002944941 0.105789647 210.946899414
0.104225874 0.009011692 0.994512856 -134.371337891 -0.010528533 0.999912918 -0.007957228 2.775679588 -0.994497895 -0.009641412 0.104311682 211.056533813
0.103002831 0.010224107 0.994628489 -133.498626709 -0.013269202 0.999872267 -0.008903859 2.756565571 -0.994592547 -0.012280804 0.103125349 211.146118164
0.101550899 0.014669312 0.994722247 -132.639694214 -0.015206458 0.999797404 -0.013191733 2.735381126 -0.994714081 -0.013786573 0.101753406 211.240585327
0.098883964 0.016909018 0.994955242 -131.795791626 -0.018533463 0.999713540 -0.015147929 2.709148884 -0.994926333 -0.016942080 0.099169016 211.342224121
0.097967125 0.017507011 0.995035648 -130.953430176 -0.019321635 0.999690235 -0.015686575 2.690228462 -0.995002031 -0.017688949 0.098275043 211.422241211
0.096265361 0.015543260 0.995234311 -130.130249023 -0.017792583 0.999745071 -0.013892694 2.665316582 -0.995196700 -0.016370406 0.096517384 211.498901367
0.093014061 0.013960380 0.995566964 -129.306686401 -0.019109888 0.999742627 -0.012233532 2.639968157 -0.995481431 -0.017887279 0.093256891 211.591613770
0.090725034 0.014222731 0.995774448 -128.516769409 -0.020794172 0.999707222 -0.012384343 2.618521929 -0.995658815 -0.019582741 0.090994202 211.663436890
0.087376900 0.013668674 0.996081531 -127.726692200 -0.026330991 0.999588251 -0.011407022 2.597289324 -0.995827377 -0.025231104 0.087700821 211.749191284
0.083401710 0.013773391 0.996420801 -126.959434509 -0.027586928 0.999553263 -0.011507628 2.580909729 -0.996134102 -0.026528431 0.083744399 211.819305420
0.078217834 0.013676792 0.996842444 -126.210769653 -0.026900485 0.999570906 -0.011603459 2.551835060 -0.996573329 -0.025907950 0.078552186 211.885528564
0.072365873 0.016191419 0.997246683 -125.489273071 -0.027670363 0.999516010 -0.014220346 2.528253317 -0.996994257 -0.026565108 0.072778873 211.938858032
0.065356828 0.018270012 0.997694612 -124.785903931 -0.026920263 0.999500811 -0.016539596 2.507708788 -0.997498751 -0.025777230 0.065816030 211.992034912
0.059885439 0.018975414 0.998024881 -124.099632263 -0.024792099 0.999539256 -0.017516578 2.493225813 -0.997897267 -0.023694154 0.060328282 212.028244019
0.054491695 0.017653024 0.998358190 -123.437080383 -0.022240406 0.999617219 -0.016461374 2.459763527 -0.998266518 -0.021306891 0.054863453 212.062896729
0.048765007 0.018145995 0.998645425 -122.795753479 -0.019133715 0.999668479 -0.017230261 2.436466217 -0.998626947 -0.018267570 0.049096040 212.089797974
0.042712748 0.019612193 0.998894870 -122.191017151 -0.015891662 0.999694169 -0.018948361 2.421730280 -0.998961031 -0.015064762 0.043011356 212.110961914
0.036708605 0.021789234 0.999088466 -121.576423645 -0.016484881 0.999639452 -0.021195563 2.406128168 -0.999190152 -0.015691794 0.037054561 212.139373779
0.030605286 0.024666512 0.999227166 -120.968475342 -0.014144450 0.999606133 -0.024242636 2.378843307 -0.999431551 -0.013391567 0.030942127 212.157272339
0.025024373 0.025809901 0.999353588 -120.355560303 -0.013929205 0.999578714 -0.025466917 2.353426456 -0.999589801 -0.013282911 0.025373343 212.175125122
0.019596431 0.026785817 0.999449134 -119.741889954 -0.014060149 0.999549627 -0.026512828 2.324885130 -0.999709189 -0.013532848 0.019964222 212.197402954
0.014612050 0.026782647 0.999534488 -119.136741638 -0.016499968 0.999511600 -0.026540816 2.305981874 -0.999757111 -0.016104471 0.015046827 212.209838867
0.010850679 0.022997687 0.999676704 -118.532058716 -0.015294370 0.999622345 -0.022830432 2.288136005 -0.999824166 -0.015041699 0.011198318 212.222137451
0.010177043 0.014453802 0.999843776 -117.928482056 -0.012387852 0.999820709 -0.014327376 2.266841650 -0.999871433 -0.012240107 0.010354270 212.219558716
0.008741994 0.009056468 0.999920785 -117.331527710 -0.010864404 0.999900877 -0.008961306 2.243502140 -0.999902725 -0.010785203 0.008839521 212.233047485
0.009423524 0.005987437 0.999937654 -116.741271973 -0.011656000 0.999914825 -0.005877456 2.233165741 -0.999887645 -0.011599887 0.009492511 212.236511230
0.011884833 -0.000325740 0.999929249 -116.110008240 -0.015069988 0.999886334 0.000504842 2.231036186 -0.999815822 -0.015074925 0.011878572 212.257995605
0.014685745 -0.004764551 0.999880731 -115.514320374 -0.015713315 0.999864042 0.004995260 2.224861860 -0.999768734 -0.015784804 0.014608883 212.275741577
0.019995941 -0.003033743 0.999795437 -114.930099487 -0.009985203 0.999944866 0.003233901 2.215553999 -0.999750197 -0.010047825 0.019964548 212.287734985
0.028214714 -0.000590176 0.999601662 -114.350746155 -0.001351865 0.999998868 0.000628569 2.196214914 -0.999601007 -0.001369065 0.028213883 212.301025391
0.041305974 0.004517337 0.999136329 -113.766304016 0.003648796 0.999982417 -0.004672009 2.184126377 -0.999139905 0.003838623 0.041288763 212.311553955
0.056681179 0.013236874 0.998304605 -113.195861816 0.008560965 0.999868870 -0.013743685 2.176362276 -0.998355627 0.009325457 0.056560431 212.360351562
0.077081405 0.015923290 0.996897638 -112.633201599 0.012627565 0.999776661 -0.016945662 2.177915096 -0.996944845 0.013894584 0.076863118 212.415283203
0.100151181 0.013684428 0.994878113 -112.056945801 0.016066894 0.999752760 -0.015368883 2.160008430 -0.994842470 0.017523812 0.099906564 212.477111816
0.123844832 0.013673708 0.992207348 -111.504333496 0.015293200 0.999760091 -0.015686655 2.129510880 -0.992183745 0.017116737 0.123606004 212.557708740
0.149891719 0.018007176 0.988538384 -110.946258545 0.015469233 0.999669075 -0.020555524 2.115650415 -0.988581359 0.018373035 0.149563566 212.656387329
0.180794269 0.017555384 0.983364224 -110.390792847 0.015621996 0.999663353 -0.020718509 2.097124577 -0.983396888 0.019107901 0.180459127 212.761184692
0.214506522 0.015786210 0.976594985 -109.847839355 0.015912995 0.999680161 -0.019654622 2.089659691 -0.976592898 0.019756595 0.214186683 212.893096924
0.250541806 0.012143414 0.968029618 -109.331130981 0.013827111 0.999774516 -0.016120318 2.058651209 -0.968006968 0.017423866 0.250317365 213.042877197
0.288507044 0.008528649 0.957439780 -108.790397644 0.008485212 0.999898314 -0.011463728 2.048186779 -0.957440138 0.011431448 0.288405389 213.243682861
0.331240982 0.004255202 0.943536520 -108.271369934 0.005392526 0.999965012 -0.006402805 2.031766176 -0.943530798 0.007208918 0.331206471 213.447280884
0.375333965 0.004884562 0.926876783 -107.776596069 0.004658131 0.999963582 -0.007156011 2.027667284 -0.926877916 0.007003407 0.375297517 213.678894043
0.420368910 0.004271545 0.907343209 -107.292198181 0.004692163 0.999965370 -0.006881450 2.012471676 -0.907341182 0.007150149 0.420334250 213.931900024
0.467566431 0.004742865 0.883945167 -106.811332703 0.004224238 0.999962151 -0.007599790 2.004930019 -0.883947849 0.007287403 0.467528641 214.208908081
0.513773799 0.006297003 0.857902646 -106.387680054 0.003249385 0.999951601 -0.009285607 1.989711523 -0.857919574 0.007558356 0.513728380 214.503051758
0.559066176 0.010377963 0.829058051 -105.967041016 0.004288431 0.999872148 -0.015408030 1.974171400 -0.829112053 0.012169467 0.558950126 214.829589844
0.603877425 0.014829764 0.796939194 -105.553520203 0.004054196 0.999756813 -0.021675926 1.966863871 -0.797066927 0.016320549 0.603670537 215.185745239
0.647766590 0.018315643 0.761618614 -105.168373108 0.001789306 0.999671638 -0.025562242 1.956280470 -0.761836827 0.017921137 0.647521198 215.547653198
0.689254165 0.017064366 0.724318624 -104.822914124 0.004111738 0.999614358 -0.027462807 1.937811255 -0.724507809 0.021907063 0.688918293 215.908676147
0.727697074 0.010332860 0.685820878 -104.466178894 0.010405324 0.999605060 -0.026101140 1.922025919 -0.685819745 0.026129909 0.727302194 216.316970825
0.763048708 0.003089023 0.646333694 -104.143997192 0.013803595 0.999682605 -0.021074038 1.901779175 -0.646193504 0.025002243 0.762763858 216.733917236
0.795323431 -0.001262269 0.606184125 -103.835876465 0.014348248 0.999756753 -0.016743327 1.878605485 -0.606015563 0.022014035 0.795148134 217.188278198
0.825194180 -0.000929238 0.564848423 -103.601036072 0.012299806 0.999791145 -0.016324172 1.862482071 -0.564715266 0.020418137 0.825033188 217.601623535
0.852494240 -0.002848817 0.522728920 -103.359344482 0.014478705 0.999730229 -0.018164219 1.848677278 -0.522536159 0.023053329 0.852305412 218.061447144
0.877543211 -0.002758723 0.479489595 -103.132095337 0.014258164 0.999691427 -0.020343063 1.836894155 -0.479285419 0.024688557 0.877311885 218.528533936
0.899490893 -0.001653395 0.436936319 -102.937088013 0.011789671 0.999720633 -0.020487584 1.821739078 -0.436780363 0.023579732 0.899259150 219.004837036
0.918919086 0.002198094 0.394439876 -102.767143250 0.006027366 0.999789476 -0.019613363 1.799302340 -0.394399971 0.020400528 0.918712437 219.438552856
0.935824931 0.006817949 0.352399081 -102.612266541 -0.000424866 0.999833941 -0.018215759 1.799010038 -0.352464765 0.016897039 0.935672462 219.940963745
0.949393928 0.010498651 0.313912362 -102.480308533 -0.005659871 0.999850690 -0.016321871 1.790000677 -0.314036876 0.013719182 0.949311674 220.435363770
0.959877133 0.015412685 0.279997140 -102.363357544 -0.012216369 0.999838829 -0.013157236 1.777487040 -0.280154824 0.009208781 0.959910691 220.928283691
0.967280209 0.023256259 0.252642244 -102.264984131 -0.021279633 0.999717891 -0.010553775 1.768990517 -0.252816379 0.004832323 0.967502236 221.436691284
0.972184122 0.035548095 0.231504217 -102.182136536 -0.034317788 0.999367297 -0.009340607 1.758160591 -0.231689826 0.001136075 0.972789049 221.935546875
0.975273788 0.043842442 0.216607600 -102.088188171 -0.043410756 0.999034464 -0.006752921 1.731890321 -0.216694534 -0.002817154 0.976235390 222.480422974
0.977424502 0.045316044 0.206368089 -102.000122070 -0.044884436 0.998969197 -0.006775211 1.723286510 -0.206462398 -0.002640457 0.978451014 222.989471436
0.979014099 0.045989569 0.198535576 -101.901084900 -0.045289833 0.998941302 -0.008066565 1.716326118 -0.198696375 -0.001094364 0.980060458 223.492340088
0.979883313 0.045021702 0.194426849 -101.801414490 -0.044002589 0.998985708 -0.009559585 1.707217813 -0.194660023 0.000811993 0.980870366 223.987106323
0.979703724 0.049070679 0.194352075 -101.714599609 -0.048100810 0.998795211 -0.009709306 1.694942713 -0.194594353 0.000163751 0.980883837 224.495849609
0.979123652 0.052014500 0.196497455 -101.627105713 -0.050844125 0.998646021 -0.010999574 1.686198354 -0.196803540 0.000779203 0.980442584 225.007247925
0.978393018 0.048733056 0.200928137 -101.511978149 -0.047032159 0.998805702 -0.013233216 1.671472907 -0.201333076 0.003497205 0.979516566 225.513610840
0.976442158 0.043946020 0.211256519 -101.395790100 -0.041602280 0.999013543 -0.015528262 1.656402230 -0.211730540 0.006373696 0.977307260 225.999496460
0.972899735 0.039973889 0.227745563 -101.272529602 -0.037353944 0.999177217 -0.015804226 1.645847440 -0.228189915 0.006868732 0.973592341 226.471572876
0.967754841 0.039491609 0.248778790 -101.147033691 -0.037166972 0.999210536 -0.014036180 1.631457806 -0.249136731 0.004337224 0.968458533 226.940414429
0.960284173 0.041681565 0.275892913 -101.003387451 -0.040113669 0.999131024 -0.011326199 1.625367522 -0.276125252 -0.000190707 0.961121678 227.389495850
0.950076520 0.039808974 0.309466928 -100.844940186 -0.040296711 0.999176204 -0.004818683 1.613852143 -0.309403837 -0.007892381 0.950898051 227.828018188
0.937529445 0.032799039 0.346356302 -100.669158936 -0.036222722 0.999337971 0.003414238 1.605035663 -0.346015066 -0.015746919 0.938096881 228.251571655
0.922797740 0.013178576 0.385059208 -100.447959900 -0.016240891 0.999857128 0.004701502 1.586724043 -0.384942234 -0.010592237 0.922879934 228.620285034
0.903985322 0.002587040 0.427555561 -100.228538513 -0.002774198 0.999996185 -0.000185239 1.574436665 -0.427554399 -0.001018671 0.903989136 228.957336426
0.880586028 0.003524489 0.473873079 -100.006645203 0.001070029 0.999954998 -0.009425703 1.555431128 -0.473885059 0.008807204 0.880542696 229.292663574
0.852489173 0.016360288 0.522488713 -99.797737122 -0.007411565 0.999788046 -0.019212948 1.546201110 -0.522692323 0.012506371 0.852429748 229.615158081
0.819553971 0.030303208 0.572200060 -99.578125000 -0.020021336 0.999505281 -0.024256650 1.539931536 -0.572652102 0.008423426 0.819755316 229.937332153
0.783726931 0.033665024 0.620192468 -99.310897827 -0.025231563 0.999431372 -0.022366012 1.533454180 -0.620592892 0.001880424 0.784130752 230.215545654
0.744143844 0.025467530 0.667533755 -99.018768311 -0.019052695 0.999675632 -0.016900005 1.527374983 -0.667747676 -0.000142283 0.744387746 230.488174438
0.703026414 0.012549669 0.711053073 -98.702789307 -0.006655304 0.999916494 -0.011067774 1.515063763 -0.711132646 0.003048661 0.703051329 230.717132568
0.659636259 0.008460527 0.751537442 -98.380012512 -0.001896964 0.999952137 -0.009592104 1.498423934 -0.751582623 0.004901659 0.659620762 230.928787231
0.613629758 0.008310664 0.789550126 -98.056770325 0.002031491 0.999924660 -0.012103894 1.490441918 -0.789591253 0.009031276 0.613566756 231.130249023
0.566671073 0.009858440 0.823885024 -97.749732971 0.005090084 0.999867439 -0.015465185 1.482080698 -0.823928356 0.012957319 0.566545784 231.280364990
0.519963026 0.011775651 0.854107559 -97.415245056 0.006952158 0.999813437 -0.018016843 1.470987439 -0.854160488 0.015305982 0.519784212 231.447189331
0.477324575 0.013610527 0.878621638 -97.080902100 0.006020528 0.999805927 -0.018758509 1.462744951 -0.878706396 0.014243663 0.477150053 231.581649780
0.437397540 0.014102608 0.899157703 -96.741279602 0.002992957 0.999848664 -0.017137803 1.451775789 -0.899263203 0.010187173 0.437289208 231.715316772
0.396144360 0.015674127 0.918054461 -96.392387390 -0.001190323 0.999862254 -0.016557217 1.452756405 -0.918187499 0.005466265 0.396108419 231.854736328
0.355418861 0.014736524 0.934590936 -96.021919250 -0.001383599 0.999882936 -0.015239864 1.446830153 -0.934706151 0.004123436 0.355397642 231.965866089
0.316713244 0.010344000 0.948464930 -95.630386353 0.001919774 0.999931455 -0.011546347 1.431311846 -0.948519409 0.005477720 0.316671669 232.063034058
0.279836088 0.006691517 0.960024476 -95.224205017 0.005465555 0.999948502 -0.008562935 1.418789148 -0.960032344 0.007643285 0.279785037 232.155090332
0.246222183 0.006340054 0.969192684 -94.816032410 0.008188094 0.999929368 -0.008621293 1.406970620 -0.969178855 0.010058594 0.246152893 232.232971191
0.217247590 0.008020799 0.976083577 -94.386390686 0.011280859 0.999878883 -0.010727121 1.397320867 -0.976051390 0.013341501 0.217130780 232.306106567
0.194482937 0.011703518 0.980836093 -93.939880371 0.012926979 0.999811411 -0.014493133 1.391435146 -0.980820715 0.015497914 0.194294974 232.377883911
0.175576746 0.016316837 0.984330535 -93.486068726 0.011591986 0.999759138 -0.018640274 1.384057522 -0.984397531 0.014683144 0.175345317 232.452270508
0.159594297 0.020418553 0.986971557 -93.026321411 0.010156585 0.999699175 -0.022324193 1.372119427 -0.987130463 0.013587073 0.159338892 232.516510010
0.144385502 0.024735924 0.989212334 -92.540237427 0.009016286 0.999613106 -0.026312022 1.361483216 -0.989480436 0.012718096 0.144106627 232.580596924
0.129202917 0.027484484 0.991237283 -92.040412903 0.008558638 0.999547660 -0.028830485 1.345783234 -0.991581261 0.012208625 0.128909260 232.640716553
0.114509158 0.028307017 0.993018925 -91.519584656 0.011634886 0.999487221 -0.029833075 1.327707410 -0.993354023 0.014969822 0.114121102 232.693939209
0.103591904 0.027468812 0.994240463 -90.979133606 0.015748033 0.999448121 -0.029253501 1.312374711 -0.994495213 0.018687759 0.103102133 232.729644775
0.096163072 0.025929442 0.995027781 -90.425910950 0.018883815 0.999433219 -0.027869238 1.296155214 -0.995186388 0.021469912 0.095618919 232.775451660
0.092732869 0.023419037 0.995415509 -89.851959229 0.021322459 0.999447405 -0.025500286 1.279115438 -0.995462656 0.023589421 0.092182256 232.828002930
0.092488609 0.020493969 0.995502710 -89.255966187 0.021717312 0.999508798 -0.022594111 1.261602640 -0.995476842 0.023709342 0.091998100 232.879501343
0.091585338 0.017294733 0.995646954 -88.656318665 0.021366993 0.999584913 -0.019328592 1.241947055 -0.995567977 0.023044201 0.091177762 232.940307617
0.089614771 0.016554518 0.995838881 -88.035812378 0.020720899 0.999614596 -0.018481942 1.225405216 -0.995760977 0.022290936 0.089237198 232.999221802
0.088287309 0.016673945 0.995955408 -87.394027710 0.019969463 0.999629438 -0.018505663 1.212117791 -0.995894909 0.021522513 0.087921605 233.056579590
0.086949334 0.017209418 0.996064007 -86.749641418 0.019038239 0.999639571 -0.018933099 1.196241617 -0.996030867 0.020609528 0.086590350 233.113281250
0.084612362 0.019169200 0.996229470 -86.075126648 0.019331841 0.999595225 -0.020875866 1.181120038 -0.996226490 0.021025309 0.084207542 233.168273926
0.081761569 0.021429177 0.996421456 -85.391014099 0.018766783 0.999558508 -0.023036549 1.158046842 -0.996475279 0.020583129 0.081323318 233.226791382
0.079194769 0.023562631 0.996580601 -84.692855835 0.017991401 0.999523997 -0.025061933 1.141453385 -0.996696830 0.019914653 0.078733146 233.286361694
0.076781936 0.024359485 0.996750295 -83.974586487 0.017478574 0.999515057 -0.025773464 1.114202619 -0.996894717 0.019400708 0.076318935 233.339843750
0.074577019 0.024205834 0.996921420 -83.244354248 0.015569492 0.999555290 -0.025434496 1.094577193 -0.997093797 0.017418388 0.074166976 233.399581909
0.072807655 0.023765584 0.997062802 -82.492958069 0.015560246 0.999567449 -0.024961520 1.073530197 -0.997224689 0.017331930 0.072406352 233.452056885
0.070537858 0.022516692 0.997254908 -81.717010498 0.015763953 0.999595165 -0.023684548 1.054093838 -0.997384548 0.017391337 0.070154354 233.509094238
0.067932211 0.021406431 0.997460246 -80.949554443 0.016105395 0.999615967 -0.022549558 1.032692552 -0.997559905 0.017596334 0.067561373 233.563461304
0.064882793 0.020176070 0.997688830 -80.172431946 0.016617736 0.999635100 -0.021296134 1.006685495 -0.997754514 0.017961085 0.064523824 233.616195679
0.062257286 0.019559745 0.997868419 -79.382095337 0.017702414 0.999629140 -0.020698719 0.983695328 -0.997903109 0.018953329 0.061887931 233.665664673
0.060096793 0.019867321 0.997994840 -78.592033386 0.018490855 0.999608219 -0.021012910 0.958526731 -0.998021245 0.019716585 0.059705883 233.711715698
0.057853218 0.019715993 0.998130441 -77.793128967 0.021273095 0.999553680 -0.020977126 0.936931014 -0.998098373 0.022446917 0.057407975 233.758224487
0.056396037 0.019495077 0.998218179 -76.979362488 0.022513825 0.999530315 -0.020792665 0.912192464 -0.998154521 0.023646329 0.055930641 233.801223755
0.054673154 0.020755759 0.998288572 -76.163406372 0.022731584 0.999499023 -0.022025861 0.889816523 -0.998245537 0.023896901 0.054173954 233.849136353
0.053418551 0.022733230 0.998313427 -75.316406250 0.022040781 0.999470413 -0.023938948 0.861785829 -0.998328924 0.023282388 0.052889202 233.893951416
0.051618636 0.025902975 0.998330891 -74.480712891 0.020786976 0.999419212 -0.027005995 0.832836986 -0.998450577 0.022146292 0.051050209 233.941589355
0.049736820 0.028319258 0.998360813 -73.639892578 0.019961258 0.999370158 -0.029342327 0.811907351 -0.998562872 0.021387929 0.049140200 233.987503052
0.048227064 0.029829776 0.998390913 -72.798591614 0.017347317 0.999378264 -0.030697228 0.771407306 -0.998685718 0.018799840 0.047679599 234.031143188
0.046660714 0.029271545 0.998481810 -71.928909302 0.017656371 0.999390244 -0.030123280 0.739320755 -0.998754799 0.019035138 0.046115443 234.071105957
0.046446230 0.027099155 0.998553097 -71.060249329 0.019213956 0.999422789 -0.028016461 0.706282914 -0.998736024 0.020487413 0.045898739 234.111938477
0.047537703 0.024273703 0.998574436 -70.182174683 0.020376710 0.999473095 -0.025265595 0.677293718 -0.998661637 0.021548729 0.047018044 234.156616211
0.049923245 0.021699147 0.998517215 -69.309158325 0.022820018 0.999478161 -0.022860968 0.641286790 -0.998492360 0.023927478 0.049402025 234.195602417
0.052965589 0.020334657 0.998389304 -68.425231934 0.025865933 0.999429286 -0.021728052 0.612933874 -0.998261273 0.026975112 0.052409384 234.239562988
0.056416389 0.020475864 0.998197377 -67.550941467 0.027113896 0.999389529 -0.022032751 0.588046491 -0.998039067 0.028308026 0.055826765 234.288543701
0.059461273 0.021324057 0.998002887 -66.662208557 0.028209900 0.999336600 -0.023033308 0.555915475 -0.997831881 0.029523153 0.058820277 234.347885132
0.062551737 0.023583625 0.997763097 -65.792015076 0.026800195 0.999320626 -0.025300601 0.519862294 -0.997681797 0.028322838 0.061877191 234.406250000
0.065626793 0.025551010 0.997517049 -64.919471741 0.025907533 0.999291480 -0.027300920 0.484623939 -0.997507870 0.027634878 0.064918339 234.457763672
0.067678146 0.025870513 0.997371793 -64.042167664 0.025528276 0.999291539 -0.027652573 0.452133209 -0.997380614 0.027332654 0.066969782 234.518646240
0.068871766 0.026670719 0.997268975 -63.163742065 0.023054194 0.999333203 -0.028318053 0.411756366 -0.997359157 0.024941549 0.068210974 234.585952759
0.069705866 0.026493669 0.997215807 -62.288726807 0.021452323 0.999376297 -0.028050598 0.377015382 -0.997336924 0.023347883 0.069094054 234.656188965
0.071457796 0.022766562 0.997183800 -61.411727905 0.019824924 0.999509573 -0.024240306 0.344721794 -0.997246563 0.021501254 0.070971414 234.720367432
0.073445849 0.014249306 0.997197449 -60.532764435 0.017515125 0.999725282 -0.015575456 0.314817280 -0.997145414 0.018609993 0.073176101 234.791320801
0.074809805 0.009379251 0.997153699 -59.667625427 0.022969862 0.999674201 -0.011126236 0.287373871 -0.996933281 0.023736835 0.074569993 234.854415894
0.077127717 0.013062123 0.996935666 -58.793987274 0.023698378 0.999607623 -0.014930556 0.260370463 -0.996739507 0.024777319 0.076787934 234.920867920
0.077846587 0.023128640 0.996697068 -57.956977844 0.020490676 0.999482512 -0.024793696 0.231989577 -0.996754766 0.022353100 0.077332400 235.000946045
0.079235822 0.031857539 0.996346712 -57.104404449 0.020513242 0.999225378 -0.033580929 0.199425384 -0.996644855 0.023099113 0.078520961 235.071807861
0.079897031 0.031682804 0.996299446 -56.258632660 0.024488017 0.999130666 -0.033736628 0.163900852 -0.996502280 0.027092855 0.079051733 235.136856079
0.079777762 0.025164019 0.996494949 -55.404590607 0.026721027 0.999268055 -0.027373288 0.132617921 -0.996454477 0.028811147 0.079046957 235.199325562
0.079305209 0.016592689 0.996712267 -54.557003021 0.024851684 0.999517739 -0.018616762 0.101606980 -0.996540606 0.026246382 0.078854613 235.271331787
0.078458168 0.013945583 0.996819913 -53.720447540 0.024048379 0.999584734 -0.015877074 0.065156624 -0.996627331 0.025217589 0.078090213 235.343673706
0.078388125 0.017917525 0.996761918 -52.887413025 0.026354115 0.999451816 -0.020038439 0.037462723 -0.996574521 0.027839551 0.077872962 235.404159546
0.079021461 0.021691015 0.996636868 -52.064071655 0.029294889 0.999280930 -0.024071297 0.009854580 -0.996442378 0.031098513 0.078329206 235.466552734
0.080293737 0.021693351 0.996535182 -51.233245850 0.030974381 0.999225974 -0.024247622 -0.020463184 -0.996289790 0.032813996 0.079559669 235.524063110
0.081133120 0.018240290 0.996536374 -50.411510468 0.029564386 0.999348700 -0.020698745 -0.049170800 -0.996264696 0.031141343 0.080541007 235.603073120
0.082272045 0.016221168 0.996477902 -49.593849182 0.028761834 0.999412537 -0.018643597 -0.081148162 -0.996194780 0.030194378 0.081757151 235.673538208
0.083309196 0.017382452 0.996372104 -48.783988953 0.027751476 0.999419749 -0.019755991 -0.110367239 -0.996137261 0.029296655 0.082778454 235.749908447
0.084597379 0.020273661 0.996208906 -47.990337372 0.027655011 0.999360025 -0.022686234 -0.136271000 -0.996031404 0.029469362 0.083982565 235.815368652
0.085275576 0.022483574 0.996103704 -47.165412903 0.028254168 0.999288797 -0.024974281 -0.166593656 -0.995956719 0.030273778 0.084579661 235.903289795
0.086756818 0.022072803 0.995984912 -46.380989075 0.028666170 0.999285221 -0.024642957 -0.195697203 -0.995816946 0.030689023 0.086062066 235.957687378
0.087923437 0.020214405 0.995922029 -45.578739166 0.029877305 0.999290705 -0.022920452 -0.226778582 -0.995679080 0.031770710 0.087257132 236.032531738
0.088958777 0.018177016 0.995869458 -44.789604187 0.029474942 0.999347568 -0.020873433 -0.255699813 -0.995599091 0.031210074 0.088364966 236.107192993
0.090091735 0.017200826 0.995784879 -44.007106781 0.029553389 0.999364376 -0.019936439 -0.284479737 -0.995494843 0.031224933 0.089526124 236.182891846
0.091627397 0.016686236 0.995653570 -43.237483978 0.030186908 0.999353468 -0.019526266 -0.311727881 -0.995335698 0.031844847 0.091064461 236.252288818
0.092779674 0.016861014 0.995543897 -42.490016937 0.028942676 0.999388456 -0.019623434 -0.344561785 -0.995265901 0.030634366 0.092234939 236.315078735
0.093839638 0.016591020 0.995449066 -41.727348328 0.027129849 0.999447286 -0.019215148 -0.369864732 -0.995217621 0.028809527 0.093337648 236.402328491
0.094578914 0.016792770 0.995375752 -40.998184204 0.024173433 0.999524236 -0.019159675 -0.394166857 -0.995223880 0.025873750 0.094127953 236.482711792
0.095749840 0.017545661 0.995250762 -40.286365509 0.021179413 0.999582410 -0.019659625 -0.420188546 -0.995180070 0.022961237 0.095338233 236.557327271
0.096297115 0.018675072 0.995177448 -39.584690094 0.017368784 0.999640226 -0.020439485 -0.449883759 -0.995201051 0.019253287 0.095938101 236.637664795
0.096129559 0.020556396 0.995156586 -38.893512726 0.014019708 0.999659598 -0.022003679 -0.472155601 -0.995270133 0.016067008 0.095808633 236.711608887
0.095851950 0.021429786 0.995164871 -38.188373566 0.012214126 0.999667645 -0.022703184 -0.500466883 -0.995320678 0.014331213 0.095558360 236.788513184
0.095235713 0.021810517 0.995215774 -37.499023438 0.010709840 0.999679625 -0.022933209 -0.526179552 -0.995397151 0.012842661 0.094971605 236.857788086
0.094428889 0.022165811 0.995284736 -36.819282532 0.007414957 0.999708712 -0.022967836 -0.550649583 -0.995503962 0.009548821 0.094237030 236.929153442
0.093476810 0.020785524 0.995404363 -36.131107330 0.006867662 0.999744773 -0.021521088 -0.570298314 -0.995597780 0.008847823 0.093310200 237.000000000
0.092397012 0.018412268 0.995552063 -35.461406708 0.007703498 0.999785841 -0.019205533 -0.598496675 -0.995692492 0.009443766 0.092235386 237.061096191
0.090828247 0.016431527 0.995730996 -34.793872833 0.009691089 0.999801934 -0.017382707 -0.622204304 -0.995819449 0.011228558 0.090651013 237.119522095
0.088641368 0.016493194 0.995927155 -34.131160736 0.010766462 0.999788582 -0.017515402 -0.646722615 -0.996005535 0.012275199 0.088445053 237.180297852
0.086569682 0.017959358 0.996084034 -33.480281830 0.010818101 0.999761641 -0.018965870 -0.670064628 -0.996187091 0.012417605 0.086354770 237.239547729
0.084597319 0.020431319 0.996205747 -32.856643677 0.010607985 0.999714673 -0.021404112 -0.693183124 -0.996358812 0.012378464 0.084356450 237.292724609
0.081869520 0.022524647 0.996388495 -32.245609283 0.010457700 0.999670267 -0.023458105 -0.712800026 -0.996588171 0.012340440 0.081606954 237.346084595
0.078730151 0.022720642 0.996637106 -31.650455475 0.010813416 0.999661982 -0.023643820 -0.735885680 -0.996837378 0.012638533 0.078457840 237.393142700
0.074578345 0.022151371 0.996969163 -31.076042175 0.009796704 0.999688745 -0.022944642 -0.758702874 -0.997167110 0.011478186 0.074338116 237.439041138
0.069707230 0.021338472 0.997339308 -30.528110504 0.009424055 0.999712467 -0.022047929 -0.782543957 -0.997523010 0.010935878 0.069486082 237.481658936
0.064851187 0.019373292 0.997706950 -29.993394852 0.008327134 0.999766290 -0.019954545 -0.799937367 -0.997860253 0.009602113 0.064674705 237.511352539
0.058103643 0.017686659 0.998153985 -29.479381561 0.007084920 0.999810517 -0.018128436 -0.821829379 -0.998285472 0.008125166 0.057967328 237.548416138
0.050786946 0.018078135 0.998545945 -28.990554810 0.006560181 0.999808550 -0.018434653 -0.842693686 -0.998687983 0.007486880 0.050658632 237.575561523
0.043019291 0.018633796 0.998900592 -28.516460419 0.006231513 0.999801576 -0.018918978 -0.863043547 -0.999054849 0.007038538 0.042894632 237.594924927
0.034496475 0.018255716 0.999238133 -28.050296783 0.007883331 0.999797106 -0.018538084 -0.880107284 -0.999373794 0.008516822 0.034345560 237.608978271
0.025730968 0.017541440 0.999515057 -27.603586197 0.009221287 0.999799311 -0.017783815 -0.893889129 -0.999626338 0.009674409 0.025564048 237.610748291
0.016174247 0.017568624 0.999714792 -27.173835754 0.010254200 0.999790192 -0.017735850 -0.911302030 -0.999816656 0.010538138 0.015990699 237.615997314
0.006750477 0.017832853 0.999818206 -26.760141373 0.010444831 0.999785244 -0.017902786 -0.929686308 -0.999922693 0.010563785 0.006562760 237.616500854
-0.002543678 0.017373351 0.999845803 -26.376552582 0.010800056 0.999791205 -0.017344927 -0.942707002 -0.999938428 0.010754271 -0.002730780 237.605377197
-0.012505149 0.016296584 0.999788940 -25.991794586 0.011198734 0.999806821 -0.016156800 -0.955488980 -0.999859035 0.010994328 -0.012685234 237.591979980
-0.023017090 0.014929133 0.999623537 -25.628843307 0.010328073 0.999838650 -0.014694532 -0.964995563 -0.999681771 0.009985959 -0.023167564 237.579238892
-0.034169011 0.013259951 0.999328077 -25.281436920 0.010885675 0.999857605 -0.012894773 -0.976034105 -0.999356747 0.010437761 -0.034308482 237.560714722
-0.045627099 0.014491592 0.998853385 -24.954301834 0.015673369 0.999782085 -0.013789114 -0.987913251 -0.998835564 0.015026242 -0.045844283 237.531036377
-0.057334371 0.016357984 0.998220980 -24.644760132 0.021826504 0.999647439 -0.015127718 -0.999251306 -0.998116374 0.020920338 -0.057671182 237.498321533
-0.069399975 0.016108327 0.997458816 -24.345628738 0.027831614 0.999511659 -0.014205045 -1.013215780 -0.997200608 0.026775060 -0.069814399 237.456817627
-0.081404381 0.013858886 0.996584773 -24.087263107 0.029417923 0.999501050 -0.011496487 -1.018851399 -0.996246874 0.028381590 -0.081771471 237.427230835
-0.094299905 0.011696489 0.995475113 -23.826429367 0.029141234 0.999534905 -0.008983682 -1.026370049 -0.995117307 0.028162211 -0.094596893 237.398529053
-0.107243709 0.010731011 0.994174898 -23.592454910 0.026143424 0.999626458 -0.007969711 -1.031226397 -0.993888974 0.025136434 -0.107484207 237.367721558
-0.120846279 0.010110519 0.992619812 -23.377172470 0.024330635 0.999677956 -0.007220285 -1.033745646 -0.992372990 0.023278529 -0.121053360 237.336868286
-0.134084061 0.009554775 0.990923941 -23.189664841 0.024169926 0.999687552 -0.006368794 -1.041803241 -0.990675092 0.023096604 -0.134273097 237.298416138
-0.147232771 0.011711631 0.989032567 -23.019409180 0.025477430 0.999643087 -0.008044567 -1.045326352 -0.988773644 0.024013583 -0.147478625 237.258300781
-0.161060065 0.015523251 0.986822546 -22.861776352 0.026518539 0.999583364 -0.011395877 -1.052428126 -0.986588240 0.024333671 -0.161404625 237.220291138
-0.174141675 0.018542083 0.984546065 -22.708656311 0.028582575 0.999496698 -0.013768106 -1.060238600 -0.984305680 0.025743261 -0.174584001 237.182723999
-0.187123388 0.018900720 0.982154548 -22.544958115 0.032931514 0.999373674 -0.012957863 -1.067164063 -0.981784284 0.029919118 -0.187628612 237.128311157
-0.201552540 0.018455988 0.979303777 -22.380701065 0.036315199 0.999275863 -0.011358276 -1.066910386 -0.978804171 0.033274326 -0.202076808 237.072433472
-0.215940014 0.018050224 0.976239860 -22.232929230 0.037607364 0.999240994 -0.010156920 -1.077760816 -0.975682139 0.034520518 -0.216454923 237.026870728
-0.229757786 0.019031730 0.973061740 -22.094837189 0.037378948 0.999243736 -0.010717950 -1.079586625 -0.972529769 0.033909488 -0.230295435 236.981491089
-0.244822010 0.020427702 0.969352782 -21.939178467 0.036568128 0.999261379 -0.011822246 -1.079460382 -0.968878150 0.032553066 -0.245388165 236.929962158
-0.260322630 0.021386433 0.965284824 -21.785064697 0.035777636 0.999281704 -0.012490972 -1.084470034 -0.964858651 0.031283919 -0.260900795 236.875991821
-0.276174396 0.022842504 0.960836053 -21.615964890 0.034375474 0.999312639 -0.013876639 -1.083930016 -0.960492551 0.029196816 -0.276769817 236.813644409
-0.293680519 0.026081087 0.955547690 -21.459003448 0.032348111 0.999326468 -0.017334046 -1.087569714 -0.955356121 0.025819490 -0.294326365 236.757980347
-0.313495368 0.030448059 0.949101448 -21.293256760 0.031952217 0.999258161 -0.021503076 -1.093851089 -0.949051976 0.023584777 -0.314235687 236.696212769
-0.335638791 0.033633500 0.941390216 -21.094171524 0.032355700 0.999184370 -0.024162391 -1.098037839 -0.941434920 0.022349499 -0.336453259 236.611694336
-0.360601574 0.035178602 0.932056367 -20.904596329 0.032274466 0.999160767 -0.025224715 -1.099985003 -0.932161331 0.020985544 -0.361434340 236.520156860
-0.389506578 0.035929766 0.920322537 -20.689022064 0.033598088 0.999128163 -0.024786700 -1.107893467 -0.920410573 0.021266501 -0.390374094 236.408630371
-0.422664672 0.036198057 0.905562937 -20.475931168 0.034905083 0.999110937 -0.023645760 -1.122350097 -0.905613661 0.021614520 -0.423552364 236.288635254
-0.456938803 0.037054148 0.888726115 -20.233928680 0.036144901 0.999080360 -0.023071295 -1.129310250 -0.888763487 0.021580743 -0.457857847 236.122009277
-0.493069559 0.036967989 0.869204164 -19.999517441 0.036158346 0.999104261 -0.021981377 -1.131559730 -0.869238198 0.020590631 -0.493964553 235.968734741
-0.530134797 0.037600536 0.847079337 -19.742870331 0.036534172 0.999101400 -0.021484084 -1.137985349 -0.847126007 0.019557878 -0.531032026 235.774703979
-0.569583833 0.036951546 0.821102262 -19.480970383 0.034055572 0.999192059 -0.021342266 -1.148698807 -0.821227372 0.015806889 -0.570382059 235.568145752
-0.609638095 0.034332607 0.791936040 -19.215068817 0.029818926 0.999347687 -0.020369655 -1.163148642 -0.792118907 0.011196558 -0.610264182 235.332702637
-0.649368048 0.032252192 0.759790182 -18.941806793 0.026688723 0.999451280 -0.019615544 -1.166853547 -0.760005891 0.007540117 -0.649872482 235.068801880
-0.689055383 0.032574497 0.723976254 -18.660331726 0.026941890 0.999450147 -0.019326780 -1.173683643 -0.724207759 0.006188064 -0.689554155 234.782363892
-0.728039205 0.034041110 0.684689820 -18.402645111 0.028648907 0.999404609 -0.019225221 -1.180364490 -0.684936643 0.005618900 -0.728581011 234.461059570
-0.765048265 0.037115678 0.642902493 -18.178194046 0.032333355 0.999292433 -0.019214164 -1.182430983 -0.643160820 0.006087431 -0.765707016 234.109924316
-0.802286208 0.039686494 0.595618844 -17.931135178 0.034307521 0.999203742 -0.020366130 -1.190102339 -0.595952868 0.004094740 -0.803008974 233.746093750
-0.837086022 0.041077666 0.545526803 -17.707918167 0.034735110 0.999155760 -0.021936066 -1.193382978 -0.545967460 0.000586557 -0.837806165 233.349044800
-0.868451536 0.040708449 0.494099945 -17.521453857 0.034506373 0.999169469 -0.021670794 -1.203499556 -0.494571835 -0.001770442 -0.869135022 232.935867310
-0.896657050 0.038922489 0.441011846 -17.322404861 0.034057017 0.999240279 -0.018946124 -1.221051693 -0.441414297 -0.001968631 -0.897301316 232.485336304
-0.920331478 0.041116018 0.388972312 -17.159858704 0.037344750 0.999153495 -0.017254861 -1.226861596 -0.389352500 -0.001354121 -0.921087861 232.007110596
-0.939267874 0.047665451 0.339858711 -17.030063629 0.045187961 0.998862803 -0.015205289 -1.229474783 -0.340196997 0.001075681 -0.940353572 231.503234863
-0.955033123 0.049985986 0.292255282 -16.900777817 0.048573107 0.998746455 -0.012093551 -1.235815406 -0.292493433 0.002645999 -0.956263900 230.970779419
-0.967773855 0.048398618 0.247126192 -16.781946182 0.048034456 0.998817503 -0.007505859 -1.237756491 -0.247197241 0.004606597 -0.968954206 230.425674438
-0.977235079 0.046185832 0.207071200 -16.685512543 0.046583664 0.998909950 -0.002956993 -1.239461899 -0.206982046 0.006756455 -0.978321373 229.843338013
-0.983834267 0.046134811 0.173036963 -16.601987839 0.046970554 0.998896003 0.000736025 -1.241193056 -0.172811985 0.008851766 -0.984915018 229.234741211
-0.988447189 0.047171090 0.144038066 -16.511533737 0.048182435 0.998832285 0.003539256 -1.243148446 -0.143702924 0.010438472 -0.989565849 228.632263184
-0.991436124 0.048964284 0.121065952 -16.447458267 0.049804337 0.998751283 0.003920697 -1.241241455 -0.120722800 0.009916727 -0.992636740 227.988433838
-0.993500292 0.049748607 0.102382876 -16.395408630 0.050429698 0.998719215 0.004073189 -1.232844830 -0.102049105 0.009209850 -0.994736791 227.325653076
-0.995245159 0.048694048 0.084356375 -16.327695847 0.049330700 0.998767495 0.005478063 -1.234782934 -0.083985656 0.009613376 -0.996420562 226.627288818
-0.996604025 0.046785738 0.067760788 -16.280288696 0.047319375 0.998860002 0.006290872 -1.230907559 -0.067389220 0.009475906 -0.997681737 225.916656494
-0.997410297 0.047275659 0.054200482 -16.251279831 0.047796421 0.998822272 0.008351818 -1.225292206 -0.053741805 0.010920781 -0.998495102 225.178146362
-0.997796714 0.050248418 0.043323703 -16.221792221 0.050750904 0.998655379 0.010577051 -1.219917893 -0.042733978 0.012752465 -0.999005020 224.423431396
-0.997924566 0.053184263 0.036302328 -16.206041336 0.053653929 0.998486459 0.012087720 -1.216416836 -0.035604496 0.014010396 -0.999267817 223.646514893
-0.998013675 0.055143841 0.030459648 -16.186553955 0.055544011 0.998378634 0.012450763 -1.206914067 -0.029723680 0.014117884 -0.999458492 222.854507446
-0.998094678 0.055680923 0.026583731 -16.164804459 0.056048147 0.998339832 0.013273790 -1.203799129 -0.025800504 0.014738468 -0.999558508 222.042343140
-0.998071551 0.057084221 0.024386063 -16.142745972 0.057438519 0.998249769 0.014083548 -1.200382710 -0.023539437 0.015457087 -0.999603331 221.209747314
-0.998002112 0.058675617 0.023429316 -16.129854202 0.059020530 0.998154223 0.014311519 -1.188909650 -0.022546336 0.015665738 -0.999623001 220.361694336
-0.997958839 0.059698481 0.022677293 -16.098361969 0.060034163 0.998092234 0.014421367 -1.182635784 -0.021773098 0.015753344 -0.999638796 219.510894775
-0.997916639 0.060178354 0.023254603 -16.081686020 0.060519479 0.998065174 0.014253978 -1.168687224 -0.022351831 0.015631638 -0.999627888 218.603530884
-0.997808993 0.061449669 0.024515623 -16.056701660 0.061795492 0.997996151 0.013606643 -1.161746979 -0.023630377 0.015091787 -0.999606848 217.702880859
-0.997734487 0.062090285 0.025899151 -16.034057617 0.062432826 0.997969210 0.012633065 -1.151394844 -0.025062164 0.014221400 -0.999584794 216.781463623
-0.997554541 0.064585052 0.026716921 -16.003992081 0.064896159 0.997832000 0.010945330 -1.140368342 -0.025952091 0.012652389 -0.999583125 215.844406128
-0.997475863 0.065200858 0.028118957 -15.974279404 0.065479584 0.997812450 0.009107610 -1.138980031 -0.027463619 0.010925840 -0.999563158 214.889739990
-0.997329772 0.066726901 0.029680438 -15.939997673 0.066965379 0.997729897 0.007113633 -1.136062980 -0.029138392 0.009082199 -0.999534130 213.915527344
-0.996985614 0.070564352 0.032254364 -15.917587280 0.070827283 0.997463405 0.007082016 -1.131681919 -0.031672806 0.009345155 -0.999454558 212.951644897
-0.996835768 0.071137041 0.035467695 -15.873314857 0.071428247 0.997421086 0.007010342 -1.131376386 -0.034877524 0.009521555 -0.999346256 211.967132568
-0.996824265 0.069221318 0.039366424 -15.825412750 0.069493085 0.997566879 0.005576255 -1.129235029 -0.038884640 0.008294243 -0.999209285 210.953079224
-0.996705353 0.068374313 0.043628756 -15.783363342 0.068646252 0.997629583 0.004763686 -1.133724689 -0.043199621 0.007742942 -0.999036431 209.924438477
-0.996707737 0.065980330 0.047120031 -15.722919464 0.066329025 0.997780502 0.005873767 -1.131062150 -0.046627894 0.008979854 -0.998871922 208.885055542
-0.996666551 0.063864052 0.050765868 -15.663070679 0.064271085 0.997911811 0.006424941 -1.135882974 -0.050249536 0.009666302 -0.998689830 207.841125488
-0.996579349 0.063027531 0.053450532 -15.600248337 0.063438609 0.997967541 0.006027723 -1.140168548 -0.052961983 0.009397934 -0.998552322 206.773056030
-0.996452391 0.062925451 0.055882804 -15.534442902 0.063369140 0.997970939 0.006201843 -1.143832445 -0.055379163 0.009721088 -0.998418093 205.699981689
-0.996259391 0.063752495 0.058333732 -15.463517189 0.064280011 0.997905850 0.007209803 -1.140487552 -0.057751939 0.010932527 -0.998271167 204.600555420
-0.995931745 0.065926373 0.061429963 -15.410069466 0.066577710 0.997744083 0.008614765 -1.146238327 -0.060723446 0.012669584 -0.998074234 203.511840820
-0.995729327 0.066503525 0.064034320 -15.339071274 0.067162678 0.997708380 0.008194337 -1.144834280 -0.063342631 0.012460056 -0.997914076 202.409072876
-0.995597720 0.066463374 0.066088587 -15.264428139 0.067113154 0.997715950 0.007658510 -1.147715926 -0.065428630 0.012060209 -0.997784376 201.298522949
-0.995501399 0.065584362 0.068379082 -15.185350418 0.066300631 0.997765541 0.008256321 -1.155712128 -0.067684799 0.012752753 -0.997625351 200.185180664
-0.995502055 0.064005241 0.069850460 -15.098300934 0.064733699 0.997868776 0.008213276 -1.153384209 -0.069175877 0.012698011 -0.997523665 199.060775757
-0.995516002 0.063180961 0.070399515 -15.016885757 0.063885175 0.997926772 0.007794701 -1.153513670 -0.069761075 0.012257233 -0.997488439 197.944213867
-0.995487511 0.062759437 0.071175195 -14.933594704 0.063533783 0.997942030 0.008665887 -1.156621218 -0.070484847 0.013148809 -0.997426152 196.813262939
-0.995394051 0.063355215 0.071950145 -14.853662491 0.064106286 0.997909606 0.008175426 -1.155009985 -0.071281783 0.012750226 -0.997374773 195.665664673
-0.995318234 0.063768685 0.072629988 -14.764395714 0.064525656 0.997883022 0.008121460 -1.159462690 -0.071958356 0.012769935 -0.997325897 194.528533936
-0.995273113 0.064384013 0.072704777 -14.681073189 0.065186247 0.997835159 0.008713168 -1.157888770 -0.071986407 0.013411336 -0.997315466 193.376419067
-0.995297194 0.064030662 0.072687954 -14.590984344 0.064899564 0.997845113 0.009653361 -1.166434884 -0.071913227 0.014325378 -0.997308016 192.231903076
-0.995407760 0.062871121 0.072183438 -14.505144119 0.063751601 0.997916162 0.009957251 -1.163169622 -0.071406998 0.014513335 -0.997341752 191.074523926
-0.995550096 0.061321832 0.071552061 -14.416246414 0.062250033 0.998002172 0.010813156 -1.161179662 -0.070746012 0.015219157 -0.997378230 189.914993286
-0.995704055 0.059332069 0.071085989 -14.335813522 0.060238503 0.998127043 0.010674147 -1.156827331 -0.070319511 0.014910404 -0.997413099 188.753860474
-0.995937049 0.058360603 0.068581119 -14.231233597 0.059165090 0.998200417 0.009756621 -1.158443332 -0.067888312 0.013774588 -0.997597873 187.583389282
-0.996097088 0.057272546 0.067159064 -14.149865150 0.057995416 0.998277426 0.008862134 -1.160982370 -0.066535838 0.012722463 -0.997702956 186.414535522
-0.996183634 0.057202432 0.065925501 -14.071524620 0.057990547 0.998265982 0.010102128 -1.163238049 -0.065233335 0.013886630 -0.997773409 185.223526001
-0.996239662 0.058055773 0.064312592 -13.994873047 0.058980182 0.998180032 0.012567796 -1.159499645 -0.063465923 0.016313706 -0.997850657 184.047866821
-0.996322453 0.058149345 0.062929817 -13.914245605 0.059299704 0.998102725 0.016567765 -1.156784296 -0.061847035 0.020238558 -0.997880399 182.853012085
-0.996346533 0.058839101 0.061900761 -13.841356277 0.060096502 0.998018265 0.018649613 -1.151252508 -0.060680784 0.022301495 -0.997908056 181.653900146
-0.996446967 0.059389006 0.059721533 -13.761725426 0.060621202 0.997979403 0.019035136 -1.140736699 -0.058470391 0.022587890 -0.998033583 180.426788330
-0.996527493 0.059474479 0.058273606 -13.690096855 0.060572986 0.998014510 0.017267700 -1.125198126 -0.057130903 0.020737538 -0.998151362 179.218429565
-0.996556342 0.060844045 0.056333173 -13.617497444 0.061824378 0.997961700 0.015824487 -1.115389705 -0.055255525 0.019252753 -0.998286664 178.007247925
-0.996497273 0.062836997 0.055177100 -13.555640221 0.063764311 0.997849226 0.015208086 -1.113159418 -0.054102786 0.018673150 -0.998360753 176.778289795
-0.996426046 0.064973511 0.053977605 -13.494296074 0.065819517 0.997732699 0.014044482 -1.101221800 -0.052942701 0.017547069 -0.998443365 175.544326782
-0.996316850 0.067907944 0.052357379 -13.431871414 0.068661787 0.997558653 0.012734251 -1.100446105 -0.051364794 0.016282298 -0.998547196 174.306411743
-0.996281743 0.069185585 0.051342383 -13.364922523 0.069848537 0.997494459 0.011230231 -1.096562624 -0.050436765 0.014774664 -0.998618007 173.060165405
-0.996334136 0.068968251 0.050612655 -13.300160408 0.069559902 0.997527540 0.010020994 -1.101981163 -0.049796380 0.013504871 -0.998668075 171.812438965
-0.996461570 0.067819037 0.049647555 -13.235435486 0.068415038 0.997602642 0.010403404 -1.094169855 -0.048822984 0.013763231 -0.998712659 170.543533325
-0.996631324 0.065978765 0.048710287 -13.160545349 0.066711426 0.997679889 0.013569755 -1.090856552 -0.047701966 0.016773576 -0.998720706 169.276763916
-0.996839345 0.063360207 0.047923014 -13.092370987 0.064190947 0.997809410 0.015997225 -1.092181206 -0.046804443 0.019022886 -0.998722970 168.021636963
-0.996864557 0.063052587 0.047804918 -13.027112961 0.063791864 0.997863710 0.014098066 -1.086257696 -0.046813872 0.017103428 -0.998757184 166.747451782
-0.996821642 0.063632108 0.047932245 -12.967783928 0.064242221 0.997870386 0.011295647 -1.079467535 -0.047111407 0.014339017 -0.998786807 165.455581665
-0.996734500 0.065236785 0.047587212 -12.901240349 0.065740392 0.997795343 0.009094423 -1.089722991 -0.046889007 0.012193127 -0.998825669 164.180908203
-0.996629477 0.066257991 0.048369169 -12.840855598 0.066722594 0.997739136 0.008053252 -1.085129619 -0.047726218 0.011253425 -0.998797059 162.891769409
-0.996487141 0.067627512 0.049396072 -12.786285400 0.068233050 0.997612238 0.010675240 -1.085196853 -0.048556190 0.014008182 -0.998722196 161.583908081
-0.996513963 0.067447580 0.049099885 -12.714944839 0.068190716 0.997579336 0.013618823 -1.085445046 -0.048062477 0.016919503 -0.998701036 160.310180664
-0.996422946 0.068413727 0.049608521 -12.646387100 0.069166020 0.997512221 0.013607905 -1.083420157 -0.048554149 0.016990451 -0.998676062 159.022857666
-0.996381402 0.068636149 0.050131083 -12.583616257 0.069355920 0.997510433 0.012759975 -1.079892397 -0.049130470 0.016190691 -0.998661160 157.723632812
-0.996335268 0.068676889 0.050984886 -12.518954277 0.069409221 0.997507095 0.012732196 -1.083412290 -0.049983367 0.016224356 -0.998618305 156.426361084
-0.996238112 0.069773525 0.051392894 -12.445500374 0.070466474 0.997444451 0.011794867 -1.079204082 -0.050438583 0.015371973 -0.998608828 155.133468628
-0.996229291 0.069523364 0.051900957 -12.375773430 0.070232928 0.997458816 0.011973092 -1.082289100 -0.050936658 0.015573103 -0.998580456 153.833755493
-0.996191084 0.069032311 0.053271558 -12.312820435 0.069811963 0.997476578 0.012913931 -1.079619288 -0.052245654 0.016583735 -0.998496592 152.519638062
-0.996280253 0.068076268 0.052831315 -12.223463058 0.068871580 0.997535825 0.013379607 -1.080694199 -0.051790293 0.016968416 -0.998513758 151.219558716
-0.996307492 0.067071982 0.053598113 -12.145651817 0.067913055 0.997592688 0.014025733 -1.078851938 -0.052528352 0.017613955 -0.998464048 149.926742554
-0.996245146 0.066964522 0.054876294 -12.079576492 0.067889743 0.997577488 0.015170669 -1.078854442 -0.053727455 0.018839240 -0.998377919 148.633102417
-0.996201515 0.067177467 0.055404615 -11.996046066 0.068158776 0.997545958 0.016014295 -1.078394175 -0.054192852 0.019729776 -0.998335540 147.314147949
-0.996145368 0.067133784 0.056458570 -11.920759201 0.068122491 0.997552335 0.015771266 -1.073322535 -0.055261601 0.019556571 -0.998280346 146.018264771
-0.996100664 0.067173585 0.057194062 -11.846048355 0.068130009 0.997564554 0.014938095 -1.068645835 -0.056051321 0.018776476 -0.998251319 144.736083984
-0.996026397 0.067336753 0.058284987 -11.771404266 0.068255052 0.997570932 0.013908417 -1.062304020 -0.057206869 0.017831394 -0.998203099 143.436203003
-0.995958507 0.067916028 0.058771852 -11.688736916 0.068855271 0.997527003 0.014103881 -1.059827685 -0.057668623 0.018093634 -0.998171806 142.142822266
-0.995836556 0.068799302 0.059801932 -11.614206314 0.069773473 0.997459650 0.014354922 -1.059345365 -0.058662403 0.018467747 -0.998107076 140.853591919
-0.995872378 0.067841724 0.060297646 -11.527471542 0.068779714 0.997538984 0.013616258 -1.059544683 -0.059225503 0.017707311 -0.998087525 139.576614380
-0.995959759 0.066376798 0.060484134 -11.439964294 0.067293316 0.997645438 0.013241894 -1.059097290 -0.059462760 0.017258571 -0.998081386 138.302139282
-0.995953321 0.065448210 0.061591595 -11.355157852 0.066523619 0.997663260 0.015572419 -1.058501840 -0.060428489 0.019606696 -0.997979939 137.018295288
-0.996040821 0.063724823 0.061983690 -11.268601418 0.065149315 0.997649491 0.021236703 -1.048179269 -0.060484696 0.025190817 -0.997851193 135.727706909
-0.995899975 0.064660363 0.063263834 -11.189294815 0.066391893 0.997463644 0.025659390 -1.045678735 -0.061444227 0.029754391 -0.997666955 134.450088501
-0.995775163 0.065325275 0.064532667 -11.104051590 0.067022443 0.997450829 0.024491815 -1.028086305 -0.062768228 0.028713480 -0.997615039 133.183822632
-0.995666862 0.066425398 0.065078013 -11.022610664 0.068042099 0.997418523 0.022947244 -1.019251823 -0.063385725 0.027275858 -0.997616351 131.903717041
-0.995608926 0.066309050 0.066075675 -10.934490204 0.067897081 0.997447968 0.022082722 -1.008087873 -0.064442754 0.026472105 -0.997570276 130.642822266
-0.995515168 0.066917188 0.066868700 -10.847767830 0.068620056 0.997365952 0.023499468 -1.002087235 -0.065120056 0.027982609 -0.997484982 129.375030518
-0.995360374 0.068525791 0.067541815 -10.763612747 0.070285052 0.997237623 0.024021346 -0.985541463 -0.065709174 0.028657077 -0.997427225 128.117599487
-0.995210767 0.069213524 0.069028042 -10.684126854 0.071096942 0.997150779 0.025208687 -0.969807565 -0.067086592 0.029995643 -0.997296214 126.856727600
-0.995102465 0.071369000 0.068391830 -10.585720062 0.073290445 0.996971607 0.026006920 -0.968133211 -0.066328622 0.030892022 -0.997319520 125.609512329
-0.995080292 0.070985697 0.069108419 -10.499483109 0.072938874 0.996993244 0.026158653 -0.954888761 -0.067043744 0.031070651 -0.997266173 124.381134033
-0.995143831 0.070905089 0.068272986 -10.405619621 0.072592631 0.997106433 0.022559235 -0.945445657 -0.066475876 0.027405795 -0.997411609 123.140327454
-0.995233536 0.070412166 0.067470573 -10.320364952 0.071903124 0.997212589 0.019927425 -0.934755504 -0.065879375 0.024683790 -0.997522295 121.935432434
-0.995437920 0.067834467 0.067095011 -10.232188225 0.069324195 0.997391224 0.020127514 -0.932929337 -0.065554626 0.024687003 -0.997543633 120.738769531
-0.995513082 0.067172147 0.066646032 -10.149780273 0.068632826 0.997444093 0.019872500 -0.923888683 -0.065140806 0.024357444 -0.997578800 119.558776855
-0.995624065 0.066987716 0.065155871 -10.071721077 0.068420328 0.997455895 0.020007888 -0.927940905 -0.063649811 0.024378318 -0.997674465 118.405166626
-0.995687544 0.066660680 0.064518832 -9.995811462 0.068059549 0.997486234 0.019729957 -0.930277228 -0.063041419 0.024035996 -0.997721374 117.257087708
-0.995765507 0.066880696 0.063071460 -9.911952019 0.068237685 0.997476339 0.019609768 -0.925873697 -0.061600771 0.023830581 -0.997816324 116.135292053
-0.995866418 0.066373818 0.062004536 -9.853684425 0.067726210 0.997504115 0.019967940 -0.930835843 -0.060524438 0.024084732 -0.997876108 115.030769348
-0.995974541 0.065807097 0.060861472 -9.784255981 0.067108013 0.997553587 0.019581659 -0.929739535 -0.059423972 0.023587126 -0.997954130 113.937614441
-0.996109843 0.064940795 0.059564508 -9.715614319 0.066178106 0.997626185 0.019038629 -0.929734707 -0.058186725 0.022906430 -0.998042941 112.864753723
-0.996172249 0.065221168 0.058198679 -9.648017883 0.066365100 0.997634053 0.017942011 -0.928262293 -0.056890789 0.021735696 -0.998143733 111.814178467
-0.996198475 0.065476179 0.057459150 -9.592215538 0.066595443 0.997621536 0.017783388 -0.923438251 -0.056158099 0.021542301 -0.998189390 110.775199890
-0.996164918 0.067346558 0.055858046 -9.525832176 0.068407580 0.997507334 0.017303126 -0.927203476 -0.054553509 0.021057878 -0.998288751 109.768135071
-0.996165037 0.068193406 0.054819524 -9.474864960 0.069267251 0.997437000 0.017930785 -0.932222366 -0.053456269 0.021659216 -0.998335242 108.760589600
-0.996233165 0.068131961 0.053644117 -9.420774460 0.069222666 0.997425199 0.018741269 -0.930054307 -0.052229118 0.022384061 -0.998384297 107.794067383
-0.996263504 0.068519488 0.052575007 -9.370816231 0.069602452 0.997392833 0.019049890 -0.929514229 -0.051132649 0.022638058 -0.998435318 106.833389282
-0.996343017 0.068238541 0.051420685 -9.320477486 0.069355875 0.997386038 0.020265771 -0.930944443 -0.049903374 0.023757985 -0.998471558 105.910102844
-0.996439278 0.067561828 0.050438926 -9.272208214 0.068688981 0.997418046 0.020956345 -0.935569048 -0.048892848 0.024346324 -0.998507321 105.026893616
-0.996580064 0.066236407 0.049405865 -9.225590706 0.067375898 0.997490346 0.021764707 -0.932347357 -0.047840256 0.025019037 -0.998541713 104.154708862
-0.996624649 0.066421308 0.048243966 -9.184876442 0.067595191 0.997444868 0.023120649 -0.932088137 -0.046584994 0.026303671 -0.998567939 103.319351196
-0.996683121 0.065958291 0.047669962 -9.145757675 0.067194507 0.997431338 0.024811108 -0.927280486 -0.045911014 0.027931970 -0.998555005 102.491432190
-0.996573508 0.068034202 0.047037423 -9.104542732 0.069327749 0.997243702 0.026436752 -0.928086400 -0.045109153 0.029607171 -0.998543262 101.690643311
-0.996367455 0.070514806 0.047745775 -9.063760757 0.071900897 0.997019768 0.027961481 -0.926530004 -0.045631781 0.031292874 -0.998468161 100.922927856
-0.995946527 0.073512442 0.051831115 -9.031838417 0.075004518 0.996805191 0.027453110 -0.917315841 -0.049647395 0.031229395 -0.998278499 100.161239624
-0.995227039 0.077606469 0.059164371 -8.988731384 0.079304472 0.996487141 0.026910184 -0.913518608 -0.056868136 0.031473741 -0.997885585 99.435661316
-0.994074047 0.081745215 0.071654506 -8.939818382 0.083829470 0.996125758 0.026574856 -0.909819424 -0.069204532 0.032424137 -0.997075438 98.736564636
-0.992560387 0.083887205 0.088243105 -8.872137070 0.086453326 0.995925307 0.025665063 -0.903416157 -0.085730568 0.033103038 -0.995768249 98.059761047
-0.990426660 0.084880538 0.108858928 -8.787057877 0.088155277 0.995777190 0.025622496 -0.902815104 -0.106224373 0.034973692 -0.993726969 97.398559570
-0.987168729 0.086364679 0.134309396 -8.702265739 0.090366758 0.995619833 0.023980668 -0.903335690 -0.131650016 0.035810072 -0.990649223 96.768501282
-0.982437968 0.089018121 0.163985997 -8.588382721 0.093689151 0.995380878 0.020958055 -0.899869919 -0.161362886 0.035953701 -0.986240029 96.157348633
-0.976254106 0.088265635 0.197830856 -8.452735901 0.093719572 0.995429397 0.018358655 -0.902500927 -0.195306197 0.036463339 -0.980064332 95.561340332
-0.968577027 0.085618831 0.233512178 -8.281905174 0.091561705 0.995690823 0.014708742 -0.897822678 -0.231246576 0.035627324 -0.972242653 94.989349365
-0.958953798 0.080771968 0.271815211 -8.121825218 0.087312579 0.996108294 0.012034401 -0.910161436 -0.269785285 0.035273328 -0.962274253 94.492149353
-0.947282434 0.075387679 0.311404467 -7.918674469 0.082494587 0.996544421 0.009693222 -0.916765213 -0.309597611 0.034871403 -0.950228035 93.973930359
-0.932801545 0.070304193 0.353466481 -7.697485447 0.078179546 0.996906936 0.008032666 -0.925390661 -0.351808488 0.035126735 -0.935412765 93.470542908
-0.915870786 0.062156122 0.396632493 -7.438952923 0.070643395 0.997478366 0.006809425 -0.933429539 -0.395209074 0.034256022 -0.917952240 92.979850769
-0.895710111 0.052851245 0.441486359 -7.177862644 0.062002048 0.998056054 0.006313566 -0.943337500 -0.440294445 0.033028178 -0.897245765 92.537643433
-0.871926725 0.043868121 0.487667352 -6.878538132 0.053718962 0.998536706 0.006223641 -0.943582714 -0.486680686 0.031623542 -0.873007417 92.090576172
-0.844528377 0.034891434 0.534373105 -6.562534332 0.045554016 0.998938859 0.006769117 -0.953743160 -0.533569813 0.030059539 -0.845221698 91.666755676
-0.814034104 0.028190071 0.580132604 -6.246274948 0.040165249 0.999162495 0.007807560 -0.954999685 -0.579426706 0.029656790 -0.814484656 91.268066406
-0.780456543 0.020957459 0.624858618 -5.917339325 0.034743834 0.999347448 0.009877875 -0.960996091 -0.624243796 0.029419240 -0.780675471 90.890968323
-0.742565155 0.016339982 0.669574499 -5.544099808 0.032363106 0.999410033 0.011501897 -0.970846355 -0.668991506 0.030210419 -0.742655933 90.521957397
-0.701265931 0.013625917 0.712769628 -5.164307594 0.031379320 0.999438286 0.011766752 -0.978730917 -0.712208867 0.030617848 -0.701299608 90.194229126
-0.655994534 0.014092555 0.754634142 -4.776786327 0.033087369 0.999401450 0.010098945 -0.980603993 -0.754040182 0.031593706 -0.656068146 89.870567322
-0.610254347 0.015897961 0.792046070 -4.350938797 0.034389559 0.999387801 0.006436683 -0.976764739 -0.791458845 0.031166129 -0.610427439 89.601387024
-0.565289736 0.015576668 0.824745297 -3.859198332 0.031590633 0.999497116 0.002775439 -0.978227854 -0.824287295 0.027623160 -0.565497577 89.357192993
-0.514191568 0.013352860 0.857571363 -3.400626183 0.030386403 0.999534726 0.002656090 -0.981212854 -0.857136965 0.027424254 -0.514358044 89.114746094
-0.462605089 0.011389425 0.886491299 -2.919294834 0.027700322 0.999614894 0.001612277 -0.983655572 -0.886131644 0.025301943 -0.462742358 88.923141479
-0.409452498 0.009262211 0.912284434 -2.427001476 0.022975702 0.999735951 0.000161893 -0.991701603 -0.912042081 0.021026663 -0.409557194 88.749076843
-0.357478142 0.008069664 0.933886647 -2.027218103 0.022693537 0.999742389 0.000048034 -1.010121346 -0.933645785 0.021210363 -0.357569218 88.641769409
-0.305133343 0.010985206 0.952246249 -1.507611752 0.023565724 0.999714315 -0.003981511 -1.014460087 -0.952018023 0.021225484 -0.305305094 88.492233276
-0.256380945 0.014054918 0.966473639 -1.015043139 0.023602027 0.999687195 -0.008276906 -1.028483391 -0.966287673 0.020688698 -0.256632477 88.390937805
-0.211751610 0.013299091 0.977232993 -0.517552733 0.015673233 0.999825060 -0.010210393 -1.033507466 -0.977197826 0.013154339 -0.211923048 88.330207825
-0.172117919 0.011995447 0.985003293 -0.010581509 0.012399787 0.999872983 -0.010009813 -1.038858533 -0.984998345 0.010490963 -0.172244832 88.277229309
-0.137229756 0.012613989 0.990458906 0.482246250 0.009908722 0.999886394 -0.011361182 -1.052150488 -0.990489721 0.008255091 -0.137339160 88.233238220
-0.108076662 0.015791975 0.994017065 1.021373034 0.012390197 0.999817550 -0.014536973 -1.067304850 -0.994065404 0.010744959 -0.108252622 88.195030212
-0.086099841 0.017434241 0.996133924 1.544184208 0.013148699 0.999779701 -0.016361551 -1.098720312 -0.996199846 0.011689138 -0.086310111 88.193748474
-0.066235699 0.022379471 0.997553051 2.062045097 0.010534542 0.999708414 -0.021728352 -1.115566850 -0.997748435 0.009069571 -0.066452153 88.165290833
-0.050888747 0.029094791 0.998280406 2.593049526 0.008925617 0.999548852 -0.028676761 -1.122820973 -0.998664558 0.007450944 -0.051125478 88.144477844
-0.038384270 0.031462442 0.998767614 3.145334721 0.011531125 0.999451578 -0.031040829 -1.126489520 -0.999196529 0.010325432 -0.038726013 88.110725403
-0.029372852 0.027846007 0.999180615 3.704557180 0.013811912 0.999527812 -0.027449651 -1.154416680 -0.999473155 0.012994320 -0.029743586 88.092300415
-0.022750324 0.023450430 0.999466181 4.285021305 0.014810537 0.999623001 -0.023116989 -1.174470186 -0.999631524 0.014276709 -0.023089059 88.088890076
-0.018624987 0.020607313 0.999614179 4.865125179 0.014059735 0.999694169 -0.020346999 -1.195776224 -0.999727666 0.013675347 -0.018909026 88.085968018
-0.017070958 0.020699015 0.999640048 5.465577602 0.014344675 0.999687850 -0.020455040 -1.212488294 -0.999751389 0.013990322 -0.017362552 88.084358215
-0.016680077 0.021433871 0.999631166 6.077295780 0.016798886 0.999635100 -0.021153647 -1.227519512 -0.999719739 0.016439844 -0.017034054 88.075531006
-0.015572687 0.022051722 0.999635577 6.690180302 0.020370219 0.999556303 -0.021732640 -1.246729493 -0.999671221 0.020024359 -0.016014976 88.060607910
-0.015352447 0.022980319 0.999618053 7.320240974 0.023396349 0.999470413 -0.022617592 -1.266900897 -0.999608338 0.023040175 -0.015881971 88.049873352
-0.015682800 0.023581006 0.999598920 7.964316845 0.025932092 0.999395192 -0.023169344 -1.283655763 -0.999540627 0.025558330 -0.016284818 88.037071228
-0.015767146 0.023785412 0.999592781 8.632742882 0.027257880 0.999355733 -0.023349812 -1.301237941 -0.999504089 0.026878618 -0.016405325 88.023780823
-0.015798103 0.022738615 0.999616623 9.312370300 0.029180882 0.999325991 -0.022270823 -1.327471972 -0.999449313 0.028817859 -0.016450990 88.013374329
-0.015180740 0.022839123 0.999623954 10.001467705 0.032847632 0.999210894 -0.022330847 -1.345764637 -0.999345064 0.032496277 -0.015918974 87.998924255
-0.013676303 0.022565791 0.999651909 10.715088844 0.038807351 0.999004066 -0.022020243 -1.365746379 -0.999153137 0.038492683 -0.014538402 87.978805542
-0.011362794 0.022957465 0.999671936 11.443137169 0.041963656 0.998866618 -0.022461992 -1.384446740 -0.999054611 0.041694663 -0.012313297 87.974143982
-0.006807214 0.022893796 0.999714792 12.183211327 0.045318674 0.998717785 -0.022562386 -1.404669166 -0.998949409 0.045152158 -0.007836001 87.962287903
-0.000095058 0.022797879 0.999740183 12.941829681 0.048850756 0.998546600 -0.022766018 -1.426328897 -0.998806119 0.048835896 -0.001208614 87.956329346
0.008364031 0.022533143 0.999711096 13.717503548 0.051416215 0.998414040 -0.022934077 -1.446401119 -0.998642325 0.051593181 0.007192200 87.958343506
0.017728357 0.020994684 0.999622405 14.506635666 0.054051884 0.998297393 -0.021925472 -1.467937827 -0.998380721 0.054420177 0.016563373 87.974441528
0.027914302 0.019914944 0.999412000 15.304248810 0.054507118 0.998283744 -0.021414885 -1.488566756 -0.998123109 0.055072844 0.026780887 87.996887207
0.038800683 0.017888399 0.999086976 16.121938705 0.051382404 0.998481393 -0.019873053 -1.511746168 -0.997925043 0.052106567 0.037822608 88.039329529
0.049442429 0.018197566 0.998611212 16.963899612 0.049549934 0.998558223 -0.020649873 -1.528464198 -0.997547090 0.050502103 0.048469443 88.086105347
0.059829734 0.019677654 0.998014688 17.799945831 0.046553385 0.998662889 -0.022481252 -1.554971814 -0.997122407 0.047806017 0.058833666 88.156715393
0.070375219 0.024185030 0.997227430 18.651468277 0.042343594 0.998732567 -0.027209757 -1.590269804 -0.996621430 0.044141080 0.069261938 88.227401733
0.079202250 0.028509159 0.996450782 19.513551712 0.038719784 0.998748720 -0.031652518 -1.614339352 -0.996106327 0.041089308 0.077999271 88.306892395
0.086051196 0.029803198 0.995844841 20.379316330 0.032057811 0.998952091 -0.032666314 -1.647052765 -0.995774806 0.034735579 0.085005604 88.393623352
0.089500122 0.027493626 0.995607257 21.243589401 0.026773848 0.999191165 -0.029999435 -1.689659119 -0.995626867 0.029341189 0.088691629 88.474586487
0.089823924 0.025956983 0.995619357 22.120563507 0.021586474 0.999374747 -0.028002404 -1.723345518 -0.995723665 0.024007196 0.089207441 88.574623108
0.087331235 0.024837255 0.995869637 22.984012604 0.016794985 0.999510288 -0.026400866 -1.763377905 -0.996037722 0.019031232 0.086871326 88.663047791
0.083368115 0.024201976 0.996224940 23.847461700 0.013293231 0.999589145 -0.025396137 -1.796708107 -0.996430159 0.015360275 0.083012126 88.738716125
0.076817758 0.025203438 0.996726573 24.712970734 0.010000577 0.999610722 -0.026047114 -1.830954194 -0.996995032 0.011968723 0.076535814 88.815444946
0.068397082 0.026115527 0.997316360 25.566928864 0.007333461 0.999617219 -0.026678717 -1.863895535 -0.997631192 0.009138530 0.068179391 88.879203796
0.058066864 0.026699910 0.997955620 26.427274704 0.004518812 0.999625027 -0.027007505 -1.898660421 -0.998302460 0.006077817 0.057924442 88.937965393
0.046956457 0.025316225 0.998576045 27.286552429 0.003018342 0.999670625 -0.025485909 -1.930479646 -0.998892367 0.004210773 0.046864580 88.983879089
0.035327312 0.022854056 0.999114394 28.141092300 0.002299376 0.999734044 -0.022949530 -1.964344859 -0.999373138 0.003108085 0.035265367 89.017227173
0.023443688 0.021007847 0.999504507 28.997793198 0.001862327 0.999776602 -0.021057250 -1.994824171 -0.999723434 0.002355065 0.023399333 89.038093567
0.011532796 0.021894021 0.999693811 29.840538025 0.003924863 0.999751627 -0.021940567 -2.028800726 -0.999925792 0.004176698 0.011443994 89.045272827
-0.000587925 0.023542015 0.999722660 30.685346603 0.005538264 0.999707639 -0.023538403 -2.055295467 -0.999984562 0.005522889 -0.000718140 89.046134949
-0.012658956 0.024086883 0.999629676 31.526216507 0.007328942 0.999685228 -0.023995416 -2.084803343 -0.999893010 0.007022472 -0.012831505 89.033332825
-0.024942374 0.023106877 0.999421656 32.368789673 0.009274547 0.999695182 -0.022881735 -2.118779182 -0.999645829 0.008698462 -0.025149079 89.011657715
-0.036187835 0.022291094 0.999096394 33.212501526 0.010026144 0.999709010 -0.021941610 -2.147832870 -0.999294698 0.009223063 -0.036400795 88.983612061
-0.046210457 0.022521056 0.998677850 34.053218842 0.012378544 0.999682069 -0.021970928 -2.173287392 -0.998854995 0.011346889 -0.046474535 88.939453125
-0.053837668 0.023054598 0.998283565 34.889858246 0.014805592 0.999642074 -0.022287501 -2.203999043 -0.998439968 0.013580271 -0.054159723 88.891281128
-0.059318341 0.024532687 0.997937620 35.729560852 0.016251601 0.999589264 -0.023607280 -2.234616280 -0.998106837 0.014817739 -0.059692670 88.836647034
-0.062612146 0.026959423 0.997673750 36.562900543 0.016450891 0.999527216 -0.025977084 -2.272231102 -0.997902393 0.014786143 -0.063026048 88.771362305
-0.065225430 0.030242989 0.997412205 37.430534363 0.018223168 0.999409974 -0.029111871 -2.293077469 -0.997704148 0.016277174 -0.065738074 88.723663330
-0.066004425 0.031706665 0.997315466 38.291965485 0.018748194 0.999357998 -0.030530807 -2.333293438 -0.997643232 0.016682694 -0.066556491 88.670928955
-0.065324843 0.032314815 0.997340679 39.145828247 0.019778201 0.999321043 -0.031083530 -2.364166975 -0.997668028 0.017695079 -0.065919615 88.613983154
-0.063146889 0.031676512 0.997501433 40.038429260 0.019341458 0.999347329 -0.030510720 -2.398420811 -0.997816741 0.017366474 -0.063718356 88.558166504
-0.060717281 0.029622385 0.997715354 40.918930054 0.019533508 0.999403417 -0.028483765 -2.431578398 -0.997963846 0.017759426 -0.061259691 88.503578186
-0.058306023 0.027020762 0.997932971 41.823520660 0.019718265 0.999469817 -0.025910297 -2.465522289 -0.998104036 0.018166779 -0.058807917 88.454956055
-0.055817433 0.025489306 0.998115599 42.718757629 0.019993255 0.999502242 -0.024406638 -2.496785402 -0.998240769 0.018593261 -0.056299269 88.405700684
-0.054339331 0.023741798 0.998240173 43.623085022 0.017620370 0.999584436 -0.022814604 -2.530173779 -0.998367071 0.016349627 -0.054735091 88.363327026
-0.054077949 0.023766698 0.998253822 44.526786804 0.015408941 0.999617577 -0.022964424 -2.559984922 -0.998417854 0.014140162 -0.054423481 88.323104858
-0.055721525 0.023942066 0.998159230 45.412601471 0.010870960 0.999667704 -0.023371387 -2.593619108 -0.998387218 0.009548655 -0.055963282 88.279739380
-0.059892785 0.023930762 0.997917950 46.295047760 0.006108418 0.999702632 -0.023606952 -2.633212090 -0.998186111 0.004681814 -0.060021166 88.235412598
-0.066257976 0.024244005 0.997507930 47.190261841 0.000353605 0.999705255 -0.024273925 -2.663596869 -0.997802436 -0.001255617 -0.066247024 88.184814453
-0.076723389 0.024687259 0.996746778 48.089370728 -0.005036865 0.999671042 -0.025147397 -2.696979284 -0.997039735 -0.006949873 -0.076573811 88.134628296
-0.090231113 0.027528938 0.995540321 48.994457245 -0.008379379 0.999561489 -0.028399600 -2.733866930 -0.995885611 -0.010904537 -0.089960873 88.058082581
-0.106774502 0.031443078 0.993785918 49.881561279 -0.012226887 0.999382675 -0.032933846 -2.768818378 -0.994208157 -0.015667403 -0.106324136 87.975868225
-0.125182733 0.032610096 0.991597712 50.769523621 -0.012510091 0.999328256 -0.034443650 -2.802977324 -0.992054820 -0.016716722 -0.124690682 87.870742798
-0.145106435 0.029506117 0.988976002 51.655124664 -0.009727597 0.999464512 -0.031246299 -2.842543364 -0.989368260 -0.014154400 -0.144741684 87.744155884
-0.165456533 0.024672560 0.985908508 52.531871796 -0.006687747 0.999635935 -0.026138443 -2.880668879 -0.986194432 -0.010918282 -0.165231317 87.591300964
-0.187044695 0.023744987 0.982064426 53.409748077 -0.005347399 0.999668419 -0.025189094 -2.911207199 -0.982336879 -0.009962976 -0.186855704 87.426216125
-0.208103850 0.023947561 0.977813542 54.224136353 -0.000556882 0.999697089 -0.024602033 -2.957511902 -0.978106618 -0.005664305 -0.208027482 87.242752075
-0.228411645 0.026344728 0.973208129 55.071811676 0.004998571 0.999652267 -0.025887411 -2.990803957 -0.973551869 -0.001048336 -0.228463903 87.035133362
-0.248343140 0.025250137 0.968343019 55.901664734 0.008988361 0.999677181 -0.023762025 -3.026736259 -0.968630493 0.002802682 -0.248489901 86.810867310
-0.266929418 0.025517609 0.963378131 56.714969635 0.014253466 0.999644518 -0.022528920 -3.054972410 -0.963610649 0.007717845 -0.267198265 86.578376770
-0.283010036 0.027602801 0.958719671 57.540409088 0.019396691 0.999546111 -0.023052424 -3.086591482 -0.958920777 0.012071920 -0.283416957 86.320198059
-0.297681868 0.028919850 0.954226971 58.360347748 0.019681698 0.999514520 -0.024152454 -3.115611315 -0.954462230 0.011591059 -0.298106551 86.055107117
-0.310376048 0.026587510 0.950242043 59.187870026 0.023263317 0.999521911 -0.020367887 -3.139637470 -0.950329185 0.015784077 -0.310846150 85.787658691
-0.320748657 0.017542515 0.947001994 60.026130676 0.025288340 0.999630749 -0.009952287 -3.163267612 -0.946826696 0.020755924 -0.321073800 85.501823425
-0.328278393 0.007180512 0.944553792 60.864654541 0.023712100 0.999718666 0.000641233 -3.178737402 -0.944283366 0.022607857 -0.328356266 85.210227966
-0.333277404 0.003787136 0.942821205 61.685661316 0.024376122 0.999692261 0.004601127 -3.192591906 -0.942513704 0.024515776 -0.333267182 84.928970337
-0.335032076 0.011115299 0.942141235 62.522289276 0.026188355 0.999653935 -0.002481065 -3.204782724 -0.941842794 0.023841888 -0.335207254 84.632095337
-0.335133195 0.023174612 0.941885710 63.343685150 0.028565392 0.999487698 -0.014428003 -3.219324827 -0.941737711 0.022070030 -0.335623562 84.330741882
-0.334350854 0.032502785 0.941887975 64.176902771 0.029656932 0.999273062 -0.023955433 -3.245905161 -0.941981912 0.019923989 -0.335071743 84.036834717
-0.333934397 0.034271773 0.941973031 65.011627197 0.029614551 0.999226868 -0.025856324 -3.263322353 -0.942130983 0.019261796 -0.334691167 83.748390198
-0.334855914 0.031194538 0.941752851 65.865608215 0.029523436 0.999308407 -0.022603458 -3.289440870 -0.941806734 0.020234877 -0.335545272 83.449317932
-0.337138116 0.025876602 0.941099465 66.723335266 0.029523054 0.999421239 -0.016903926 -3.318886757 -0.940992236 0.022085175 -0.337706894 83.141014099
-0.341429055 0.021449013 0.939662695 67.577964783 0.030087061 0.999476671 -0.011882128 -3.349344015 -0.939425886 0.024214784 -0.341895700 82.830223083
-0.347986519 0.018813152 0.937310696 68.439743042 0.030345919 0.999500751 -0.008795154 -3.370615244 -0.937008321 0.025382958 -0.348383695 82.515075684
-0.356236398 0.019617569 0.934189856 69.313194275 0.029317720 0.999522030 -0.009809732 -3.391787291 -0.933935821 0.023893734 -0.356641233 82.181083679
-0.367148876 0.023006450 0.929877579 70.173393250 0.028630679 0.999499917 -0.013424586 -3.408644676 -0.929721475 0.021694208 -0.367623955 81.842224121
-0.380783617 0.025674295 0.924307704 71.039161682 0.031475354 0.999395013 -0.014793193 -3.422867060 -0.924128354 0.023459904 -0.381361336 81.485649109
-0.395005792 0.027696302 0.918261111 71.907356262 0.032292470 0.999346375 -0.016250808 -3.445369005 -0.918110967 0.023233751 -0.395641923 81.109931946
-0.408661395 0.031836014 0.912130713 72.758666992 0.031594317 0.999285936 -0.020722805 -3.472887993 -0.912139058 0.020349534 -0.409375429 80.731544495
-0.420432180 0.041613560 0.906369209 73.619361877 0.034777947 0.998952746 -0.029732049 -3.502163887 -0.906657219 0.019021353 -0.421439052 80.322898865
-0.430963904 0.046189737 0.901186287 74.478294373 0.036907475 0.998755693 -0.033540763 -3.531100750 -0.901614130 0.018805647 -0.432132393 79.911773682
-0.438836396 0.043181889 0.897528827 75.349716187 0.035951458 0.998888433 -0.030480452 -3.569314480 -0.897847474 0.018891538 -0.439901143 79.489463806
-0.443534642 0.038202260 0.895442724 76.225341797 0.037208784 0.999014556 -0.024190534 -3.602905035 -0.895484507 0.022588991 -0.444519103 79.052833557
-0.446054131 0.037123889 0.894235730 77.122291565 0.038021658 0.999023318 -0.022508517 -3.635939598 -0.894198000 0.023960305 -0.447030038 78.608390808
-0.446864396 0.037109409 0.893831670 77.992172241 0.039806001 0.998974502 -0.021573946 -3.663560629 -0.893715680 0.025939239 -0.447883397 78.163101196
-0.447708189 0.038162529 0.893364906 78.876502991 0.040953815 0.998915493 -0.022147484 -3.697963953 -0.893241405 0.026671097 -0.448785603 77.723236084
-0.448263705 0.036329161 0.893162787 79.759895325 0.039954066 0.998989522 -0.020581350 -3.724309683 -0.893008053 0.026459610 -0.449262202 77.277793884
-0.449360579 0.036065888 0.892622173 80.643905640 0.038436953 0.999039948 -0.021015856 -3.757858992 -0.892523229 0.024865972 -0.450315475 76.839736938
-0.450467348 0.033715829 0.892156005 81.524406433 0.035287295 0.999178231 -0.019943088 -3.788694143 -0.892095268 0.022498058 -0.451286972 76.401496887
-0.452600986 0.032451835 0.891122401 82.395744324 0.031830568 0.999288678 -0.020224160 -3.822273731 -0.891144931 0.019211456 -0.453312010 75.966590881
-0.457158327 0.030479047 0.888862967 83.273094177 0.027842905 0.999413252 -0.019949701 -3.857215643 -0.888949394 0.015628351 -0.457738698 75.525451660
-0.464314044 0.028537095 0.885210872 84.141860962 0.023435205 0.999526739 -0.019930050 -3.889596224 -0.885360479 0.011491291 -0.464763045 75.084594727
-0.472670972 0.023293428 0.880931199 85.007614136 0.017422089 0.999702215 -0.017085988 -3.919058084 -0.881066680 0.007271606 -0.472936064 74.625213623
-0.482795149 0.020875866 0.875484407 85.865173340 0.016457606 0.999755561 -0.014763383 -3.953011990 -0.875578642 0.007280688 -0.483020753 74.164138794
-0.493937582 0.018788340 0.869294345 86.709579468 0.016591698 0.999788165 -0.012181257 -3.977898598 -0.869339049 0.008406289 -0.494144678 73.689048767
-0.505278289 0.018205591 0.862764418 87.531265259 0.014648372 0.999814332 -0.012518722 -4.005018234 -0.862832129 0.006312657 -0.505451202 73.206054688
-0.517497063 0.016504237 0.855525792 88.354881287 0.014161675 0.999842167 -0.010722074 -4.029018402 -0.855567813 0.006567039 -0.517648995 72.717750549
-0.529971123 0.016451811 0.847856224 89.160026550 0.013444576 0.999849081 -0.010997261 -4.051366806 -0.847909212 0.005570839 -0.530112207 72.217361450
-0.543250680 0.017389184 0.839390457 89.954124451 0.013767757 0.999835432 -0.011802590 -4.076326847 -0.839457691 0.005144759 -0.543400705 71.709075928
-0.555821300 0.019440081 0.831074417 90.734298706 0.013340866 0.999806583 -0.014464625 -4.109098434 -0.831194639 0.003047504 -0.555973113 71.185531616
-0.568288982 0.019336462 0.822601914 91.510925293 0.012511369 0.999811471 -0.014858637 -4.134937763 -0.822733939 0.001847876 -0.568423629 70.647903442
-0.580706179 0.019135186 0.813888252 92.266815186 0.013077552 0.999814093 -0.014175670 -4.161094666 -0.814008176 0.002411767 -0.580848455 70.109367371
-0.592939794 0.017577473 0.805054784 93.027320862 0.013604258 0.999837756 -0.011810514 -4.183542728 -0.805131793 0.003949248 -0.593082726 69.553855896
-0.604636967 0.018238472 0.796292305 93.767265320 0.015515412 0.999817729 -0.011118979 -4.209547997 -0.796350062 0.005631857 -0.604809761 68.992568970
-0.614748418 0.019808866 0.788474441 94.488723755 0.017967669 0.999776959 -0.011108602 -4.230827332 -0.788518608 0.007338050 -0.614967227 68.425842285
-0.622810960 0.022124102 0.782059431 95.212127686 0.021315563 0.999708891 -0.011306167 -4.254305840 -0.782081962 0.009628433 -0.623101294 67.848419189
-0.628637850 0.024586502 0.777309418 95.915679932 0.026147475 0.999603271 -0.010471322 -4.278361320 -0.777258515 0.013742010 -0.629031360 67.269386292
-0.632474244 0.026344396 0.774133325 96.619850159 0.029167915 0.999522626 -0.010184120 -4.295817375 -0.774032056 0.016138662 -0.632940710 66.688377380
-0.635043383 0.028214293 0.771961093 97.311676025 0.031899493 0.999438167 -0.010286629 -4.318508148 -0.771817565 0.018092711 -0.635586619 66.119857788
-0.635579646 0.029831085 0.771458685 98.000183105 0.034201652 0.999360144 -0.010466047 -4.338296413 -0.771277368 0.019733157 -0.636193216 65.549705505
-0.634775460 0.032202788 0.772025287 98.672622681 0.037718669 0.999231517 -0.010666943 -4.360450745 -0.771775544 0.022348654 -0.635502219 64.992637634
-0.632654071 0.033033445 0.773729682 99.335723877 0.039884470 0.999153793 -0.010045392 -4.382977962 -0.773406863 0.024504546 -0.633436203 64.456718445
-0.629270077 0.033199351 0.776477218 99.988265991 0.040905252 0.999117255 -0.009568320 -4.405557156 -0.776109576 0.025740951 -0.630072594 63.935550690
-0.624354839 0.034475379 0.780379713 100.613800049 0.043490965 0.999010324 -0.009338350 -4.432564735 -0.779929280 0.028109031 -0.625236154 63.432723999
-0.618981421 0.035378687 0.784608424 101.232185364 0.044845581 0.998947263 -0.009664518 -4.451594353 -0.784124374 0.029204065 -0.619916260 62.949081421
-0.613796234 0.034998856 0.788688362 101.844284058 0.045067586 0.998941123 -0.009255222 -4.472699642 -0.788177133 0.029863458 -0.614723563 62.473915100
-0.609217644 0.033829581 0.792281270 102.433868408 0.043690015 0.999004066 -0.009061390 -4.494045258 -0.791798651 0.029094417 -0.610088885 62.036785126
-0.604718685 0.032835636 0.795761883 103.017196655 0.043246210 0.999029458 -0.008359254 -4.516507149 -0.795264184 0.029358687 -0.605551839 61.593734741
-0.601044118 0.032506034 0.798554420 103.576148987 0.043322485 0.999028623 -0.008059229 -4.532109737 -0.798040867 0.029751411 -0.601868570 61.172153473
-0.599044502 0.034007881 0.799993157 104.120117188 0.042972907 0.999023318 -0.010290053 -4.552348614 -0.799561739 0.028213836 -0.599920928 60.776832581
-0.598852813 0.036329940 0.800034642 104.670097351 0.042445749 0.999006271 -0.013593259 -4.573706150 -0.799733520 0.025817713 -0.599799752 60.362850189
-0.600406647 0.041817717 0.798600733 105.212417603 0.044537392 0.998830438 -0.018818235 -4.596508503 -0.798453689 0.024269003 -0.601566970 59.951370239
-0.602874994 0.047416370 0.796425462 105.752761841 0.047414783 0.998597383 -0.023561113 -4.620383263 -0.796425462 0.023557939 -0.604277611 59.540657043
-0.606210291 0.048611209 0.793817341 106.286430359 0.049486320 0.998501718 -0.023354553 -4.640567303 -0.793763280 0.025125332 -0.607707679 59.126510620
-0.610471368 0.044992834 0.790759325 106.808845520 0.049994200 0.998583317 -0.018221807 -4.651888847 -0.790458798 0.028409481 -0.611856043 58.714141846
-0.614492893 0.036457758 0.788079441 107.337707520 0.048497289 0.998788118 -0.008390442 -4.672677517 -0.787430286 0.033063848 -0.615516365 58.304309845
-0.619463384 0.029772397 0.784460843 107.864349365 0.046732049 0.998906970 -0.001008416 -4.691215038 -0.783633351 0.036034781 -0.620177686 57.888103485
-0.624584615 0.028847260 0.780424178 108.384735107 0.044253960 0.999019086 -0.001510243 -4.708911419 -0.779702306 0.033593588 -0.625248671 57.479835510
-0.628369689 0.031431522 0.777279675 108.900314331 0.041837968 0.999102771 -0.006578862 -4.721498013 -0.776789069 0.028385838 -0.629120886 57.064945221
-0.630977094 0.035814423 0.774974346 109.415885925 0.041040398 0.999076009 -0.012756271 -4.723814011 -0.774715185 0.023756335 -0.631864071 56.642593384
-0.633162022 0.036005892 0.773181438 109.936912537 0.038265027 0.999152184 -0.015193593 -4.734377861 -0.773072898 0.019965800 -0.634002864 56.217212677
-0.635249317 0.035591606 0.771486640 110.468780518 0.036619756 0.999202192 -0.015943933 -4.750291348 -0.771438539 0.018123278 -0.636045814 55.800312042
-0.636716306 0.035214499 0.770293653 111.004554749 0.035432484 0.999237597 -0.016392732 -4.777387142 -0.770283699 0.016855901 -0.637478590 55.357341766
-0.637582004 0.035412457 0.769568145 111.546318054 0.034500320 0.999253154 -0.017398378 -4.790879250 -0.769609690 0.015457458 -0.638327599 54.916812897
-0.636686563 0.035464074 0.770306826 112.086456299 0.035664387 0.999227226 -0.016525410 -4.807756424 -0.770297647 0.016951010 -0.637459278 54.459777832
-0.636073768 0.032183032 0.770956814 112.650871277 0.037063301 0.999250829 -0.011134136 -4.820639133 -0.770737648 0.021492070 -0.636790097 54.004058838
-0.632312775 0.025075613 0.774307311 113.219100952 0.035993673 0.999347627 -0.002970385 -4.832915306 -0.773876607 0.025991948 -0.632802844 53.537345886
-0.626999199 0.022500163 0.778694928 113.794906616 0.036903542 0.999318540 0.000839439 -4.845512390 -0.778145313 0.029262925 -0.627402365 53.080707550
-0.620679259 0.022431478 0.783743680 114.387252808 0.036867343 0.999319971 0.000595306 -4.859215736 -0.783197284 0.029264037 -0.621084154 52.626895905
-0.613270998 0.023047294 0.789536357 114.980407715 0.033590104 0.999430895 -0.003083259 -4.867572784 -0.789158106 0.024629733 -0.613696098 52.169872284
-0.606421947 0.020342730 0.794882894 115.592994690 0.030222671 0.999539971 -0.002523244 -4.872355461 -0.794568539 0.022493331 -0.606757700 51.713253021
-0.599964440 0.015158528 0.799883187 116.222572327 0.022321690 0.999748409 -0.002203442 -4.878092289 -0.799715340 0.016532755 -0.600151777 51.263805389
-0.595189691 0.012442166 0.803488910 116.840446472 0.017439708 0.999844611 -0.002564190 -4.892786503 -0.803395987 0.012486433 -0.595314205 50.825927734
-0.591757894 0.011097205 0.806039333 117.488174438 0.006773385 0.999938369 -0.008794010 -4.902964115 -0.806087315 0.000255690 -0.591796637 50.379631042
-0.589763284 0.013290410 0.807466745 118.139343262 -0.000833325 0.999854028 -0.017065635 -4.911493778 -0.807575703 -0.010737566 -0.589666128 49.925422668
-0.587571323 0.010501543 0.809104204 118.806922913 -0.010957770 0.999720812 -0.020933131 -4.932274818 -0.809098065 -0.021165689 -0.587292314 49.474002838
-0.585661530 0.010713215 0.810484946 119.467033386 -0.010695237 0.999723434 -0.020943066 -4.949093342 -0.810485125 -0.020933876 -0.585385025 48.995513916
-0.583765984 0.008397186 0.811878502 120.141563416 -0.009882383 0.999798954 -0.017446568 -4.974462509 -0.811861873 -0.018208008 -0.583565593 48.512390137
-0.582430243 0.005021509 0.812865317 120.831657410 -0.011912807 0.999820828 -0.014712141 -4.995227337 -0.812793314 -0.018252300 -0.582266152 48.031997681
-0.581851363 0.004327286 0.813283741 121.541915894 -0.011918086 0.999833167 -0.013846482 -5.013886929 -0.813207805 -0.017749377 -0.581702650 47.533462524
-0.581835389 0.008430287 0.813262820 122.246940613 -0.007500988 0.999848127 -0.015730886 -5.032367706 -0.813271999 -0.015253059 -0.581683755 47.027378082
-0.583779812 0.011184061 0.811834931 122.965225220 -0.006091367 0.999816656 -0.018153971 -5.053864479 -0.811889112 -0.015543106 -0.583604634 46.514099121
-0.585289121 0.009303176 0.810771227 123.685249329 -0.007791778 0.999823451 -0.017097278 -5.074214935 -0.810787082 -0.016324198 -0.585113406 45.996513367
-0.586205900 0.008055082 0.810122073 124.416038513 -0.006072706 0.999878883 -0.014336065 -5.092719078 -0.810139239 -0.013323518 -0.586085975 45.462486267
-0.587481380 0.006225815 0.809213698 125.149612427 -0.004181101 0.999933660 -0.010728591 -5.116837025 -0.809226811 -0.009686251 -0.587416470 44.921710968
-0.589139044 0.004456773 0.808019459 125.907981873 -0.007498867 0.999911487 -0.010982728 -5.135083675 -0.807996929 -0.012529584 -0.589053571 44.386795044
-0.590847075 0.002408564 0.806779981 126.670486450 -0.011752455 0.999863684 -0.011591936 -5.152361393 -0.806698024 -0.016330708 -0.590738297 43.845111847
-0.592073262 0.002707052 0.805879593 127.438980103 -0.011833185 0.999857306 -0.012052394 -5.171757698 -0.805797338 -0.016672025 -0.591956735 43.284194946
-0.593738019 0.001287991 0.804657340 128.209609985 -0.010693839 0.999897659 -0.009491242 -5.191164494 -0.804587424 -0.014240189 -0.593663514 42.715667725
-0.595318198 -0.006448470 0.803464115 128.997558594 -0.015019251 0.999882281 -0.003103460 -5.199241638 -0.803349674 -0.013914973 -0.595345020 42.151149750
-0.596574783 -0.012385885 0.802461863 129.779342651 -0.015342056 0.999874234 0.004027162 -5.208445549 -0.802410841 -0.009908911 -0.596689761 41.571498871
-0.596534491 -0.016885176 0.802409768 130.567214966 -0.017944941 0.999809384 0.007698290 -5.219683647 -0.802386820 -0.009806897 -0.596723795 40.993427277
-0.597492695 -0.016281594 0.801708996 131.343475342 -0.021777606 0.999754608 0.004073345 -5.228951931 -0.801578581 -0.015025512 -0.597700596 40.432704926
-0.597305357 -0.014918903 0.801875114 132.108413696 -0.026645847 0.999644160 -0.001249712 -5.235259533 -0.801571071 -0.022113096 -0.597490311 39.875476837
-0.596231699 -0.014001294 0.802690268 132.884094238 -0.031340875 0.999491751 -0.005845646 -5.246384621 -0.802200377 -0.028642371 -0.596367419 39.314041138
-0.594641507 -0.015876513 0.803834200 133.667480469 -0.031837024 0.999485791 -0.003810818 -5.264819145 -0.803360403 -0.027857756 -0.594841123 38.747188568
-0.592594028 -0.014477981 0.805371225 134.448242188 -0.028013077 0.999604046 -0.002642424 -5.282810211 -0.805014014 -0.024126807 -0.592764974 38.178501129
-0.590101898 -0.008877888 0.807280004 135.215377808 -0.018553091 0.999824584 -0.002566497 -5.299344540 -0.807115495 -0.016492033 -0.590163112 37.607700348
-0.586081564 -0.005798811 0.810231447 135.999053955 -0.015797051 0.999866128 -0.004270786 -5.314796925 -0.810098052 -0.015302295 -0.586094677 37.040985107
-0.582298458 0.000411715 0.812974989 136.784271240 -0.008160205 0.999946535 -0.006351199 -5.319264412 -0.812934160 -0.010332337 -0.582263947 36.479366302
-0.580137491 0.006698732 0.814491034 137.561676025 0.002544926 0.999976218 -0.006411569 -5.338194370 -0.814514637 -0.001646772 -0.580140769 35.912788391
-0.578818440 0.005056639 0.815440774 138.346633911 -0.001427912 0.999972939 -0.007214508 -5.360528469 -0.815455198 -0.005340269 -0.578795612 35.357112885
-0.579954088 0.001680586 0.814647496 139.124832153 -0.003641824 0.999982536 -0.004655569 -5.374417305 -0.814641058 -0.005666818 -0.579937816 34.814338684
-0.581000090 -0.003646125 0.813895345 139.905578613 -0.006002366 0.999981940 0.000194969 -5.388557434 -0.813881397 -0.004772020 -0.581011534 34.267452240
-0.581795216 -0.009038644 0.813284993 140.695846558 -0.010885562 0.999935210 0.003325884 -5.402332306 -0.813262343 -0.006918080 -0.581856012 33.713520050
-0.584333777 -0.011550085 0.811431229 141.488891602 -0.013125742 0.999902487 0.004780619 -5.411000729 -0.811407208 -0.007857160 -0.584428430 33.160461426
-0.586513817 -0.010406734 0.809872389 142.262527466 -0.016333330 0.999866009 0.001019440 -5.420565128 -0.809774458 -0.012629998 -0.586605251 32.611198425
-0.587455809 -0.017186595 0.809073687 143.042160034 -0.024281416 0.999698639 0.003605553 -5.431852818 -0.808891952 -0.017527353 -0.587696075 32.066078186
-0.589358926 -0.009882007 0.807810843 143.798171997 -0.020276953 0.999791026 -0.002563050 -5.445616245 -0.807616889 -0.017890496 -0.589436114 31.513095856
-0.590622246 -0.006576464 0.806921363 144.568054199 -0.021062883 0.999751687 -0.007268831 -5.460718632 -0.806673348 -0.021289224 -0.590614080 30.954065323
-0.593165159 -0.002584072 0.805076599 145.317214966 -0.023915457 0.999610245 -0.014411988 -5.478511810 -0.804725409 -0.027802471 -0.592995763 30.421474457
-0.594611943 -0.001859387 0.804010570 146.072418213 -0.019731686 0.999729991 -0.012280703 -5.496507645 -0.803770602 -0.023166742 -0.594488084 29.865207672
-0.594568670 -0.004644901 0.804031372 146.820510864 -0.018001692 0.999809563 -0.007536061 -5.515609264 -0.803843260 -0.018954631 -0.594539106 29.306938171
-0.595020831 -0.009752311 0.803651094 147.581771851 -0.018337460 0.999830782 -0.001444048 -5.530385971 -0.803501070 -0.015596158 -0.595099032 28.753307343
-0.594602883 -0.004768619 0.804005325 148.320312500 -0.013185651 0.999905705 -0.003820940 -5.547166824 -0.803911388 -0.012873275 -0.594609737 28.205749512
-0.593948543 -0.003771255 0.804494202 149.064239502 -0.016514393 0.999835432 -0.007505417 -5.565316677 -0.804333568 -0.017743561 -0.593913019 27.668682098
-0.593001187 0.001146769 0.805200756 149.795639038 -0.017047716 0.999756992 -0.013978880 -5.584643841 -0.805021167 -0.022016324 -0.592837453 27.132413864
-0.592531979 -0.000908485 0.805546403 150.509719849 -0.019963484 0.999708831 -0.013556988 -5.602252483 -0.805299580 -0.024114462 -0.592377543 26.602859497
-0.593127429 -0.006172732 0.805085003 151.255767822 -0.022460230 0.999708295 -0.008882101 -5.621355534 -0.804795325 -0.023350609 -0.593093038 26.082881927
-0.593659163 -0.009704555 0.804658055 151.966751099 -0.019489639 0.999807417 -0.002320883 -5.638318062 -0.804480612 -0.017060308 -0.593733966 25.559717178
-0.594380081 -0.008757772 0.804136634 152.663391113 -0.016897080 0.999855995 -0.001600198 -5.661397934 -0.804006815 -0.014538686 -0.594442487 25.049217224
-0.596419573 -0.001306737 0.802671850 153.330368042 -0.015952203 0.999820471 -0.010225475 -5.686061382 -0.802514434 -0.018903056 -0.596333325 24.554096222
-0.599298239 0.009716196 0.800466776 153.988052368 -0.014577214 0.999628186 -0.023047406 -5.700978756 -0.800392985 -0.025480850 -0.598933876 24.076284409
-0.602519095 0.012210416 0.798011005 154.632980347 -0.009950232 0.999690413 -0.022809014 -5.726908207 -0.798042357 -0.021683263 -0.602211118 23.582221985
-0.607090175 0.006857121 0.794603288 155.281387329 -0.006589668 0.999885023 -0.013663245 -5.749466896 -0.794605553 -0.013530996 -0.606975198 23.098663330
-0.612034619 -0.002356737 0.790827334 155.915054321 -0.004763147 0.999988496 -0.000706227 -5.769820213 -0.790816426 -0.004199062 -0.612038910 22.612337112
-0.615510404 -0.007544571 0.788092732 156.499755859 -0.006781652 0.999967813 0.004276338 -5.787129402 -0.788099468 -0.002712439 -0.615541995 22.161190033
-0.619726896 -0.003768361 0.784808457 157.067764282 -0.006222767 0.999980628 -0.000112293 -5.801671982 -0.784792781 -0.004953271 -0.619738460 21.718393326
-0.621701241 0.007067949 0.783222556 157.604537964 -0.001578596 0.999945998 -0.010276751 -5.819741726 -0.783252895 -0.007625461 -0.621656537 21.281150818
-0.624254227 0.014070333 0.781094611 158.133926392 -0.000224188 0.999834597 -0.018189801 -5.836988449 -0.781221330 -0.011530170 -0.624147773 20.863584518
-0.624684393 0.018665314 0.780654311 158.633941650 0.004041852 0.999778152 -0.020670213 -5.850986481 -0.780866921 -0.009757071 -0.624621272 20.439319611
-0.623023033 0.019818183 0.781952560 159.138504028 0.010207395 0.999799907 -0.017206643 -5.875376225 -0.782137096 -0.002738436 -0.623100579 20.066759109
-0.616989672 0.023884632 0.786608756 159.613586426 0.020049695 0.999692082 -0.014628385 -5.900540829 -0.786715925 0.006745704 -0.617278397 19.686208725
-0.605879128 0.025161268 0.795158684 160.089996338 0.024624415 0.999613881 -0.012868046 -5.917929649 -0.795175612 0.011783837 -0.606264770 19.343341827
-0.587342560 0.030812236 0.808751702 160.568054199 0.032951742 0.999356985 -0.014143358 -5.941256046 -0.808667362 0.018342782 -0.587980032 18.988765717
-0.563335299 0.036554128 0.825419366 161.059463501 0.040761769 0.999033988 -0.016423492 -5.953328133 -0.825222313 0.024393626 -0.564281046 18.661706924
-0.533241034 0.040833760 0.844977319 161.552108765 0.046848070 0.998727024 -0.018699287 -5.970145702 -0.844665229 0.029614326 -0.534475148 18.367465973
-0.497473925 0.038886942 0.866606891 162.046859741 0.049403455 0.998643398 -0.016451823 -5.984426022 -0.866070986 0.034629021 -0.498720199 18.069255829
-0.460687041 0.034820717 0.886879385 162.569503784 0.044103511 0.998893857 -0.016309196 -6.001085758 -0.886466205 0.031601053 -0.461713165 17.845087051
-0.420551717 0.032217197 0.906696379 163.081695557 0.038851012 0.999092042 -0.017480049 -6.025450706 -0.906436384 0.027874805 -0.421421587 17.631744385
-0.380259246 0.035558756 0.924196124 163.595825195 0.037906852 0.999020159 -0.022840923 -6.048574924 -0.924102843 0.026347900 -0.381234616 17.430316925
-0.340437293 0.040276848 0.939404190 164.129867554 0.038453322 0.998842657 -0.028889900 -6.068164349 -0.939480662 0.026288016 -0.341592103 17.260517120
-0.298397094 0.045824151 0.953341186 164.663482666 0.036613304 0.998661220 -0.036542539 -6.087475777 -0.953739345 0.024000783 -0.299675375 17.103389740
-0.255228430 0.046560250 0.965759158 165.209609985 0.034893643 0.998632789 -0.038923521 -6.106486320 -0.966251016 0.023764471 -0.256504178 16.964527130
-0.216803685 0.044087067 0.975219250 165.752105713 0.032322910 0.998756170 -0.037965309 -6.129873276 -0.975679994 0.023290904 -0.217959031 16.903835297
-0.176219940 0.038741346 0.983588219 166.340652466 0.029076867 0.998993993 -0.034138739 -6.162461281 -0.983921289 0.022583734 -0.177169159 16.832826614
-0.139672637 0.031603772 0.989693284 166.931304932 0.021978149 0.999343216 -0.028810212 -6.195466518 -0.989953816 0.017727626 -0.140275493 16.785249710
-0.106632799 0.024628902 0.993993461 167.529022217 0.016779117 0.999595404 -0.022967696 -6.216031551 -0.994156957 0.014229220 -0.107002892 16.750846863
-0.076740712 0.023136292 0.996782601 168.119415283 0.012613364 0.999673307 -0.022232303 -6.224251747 -0.996971309 0.010866660 -0.077007465 16.718368530
-0.053236738 0.021168709 0.998357534 168.738189697 0.007031925 0.999758482 -0.020823441 -6.238780499 -0.998557150 0.005911805 -0.053372737 16.719993591
-0.035057519 0.017358653 0.999234557 169.348999023 -0.001683109 0.999846816 -0.017428340 -6.261454582 -0.999383867 -0.002292813 -0.035022933 16.718687057
-0.022294387 0.015898407 0.999625087 169.974243164 -0.014806947 0.999758661 -0.016230768 -6.280566692 -0.999641836 -0.015163247 -0.022053599 16.734817505
-0.014176951 0.018041588 0.999736667 170.605773926 -0.020496195 0.999621928 -0.018330166 -6.299824238 -0.999689460 -0.020750664 -0.013801808 16.746248245
-0.010579324 0.020208146 0.999739766 171.249526978 -0.027208583 0.999419868 -0.020489601 -6.317537785 -0.999573886 -0.027418273 -0.010023351 16.762218475
-0.009401285 0.022483252 0.999702930 171.896179199 -0.027614983 0.999360085 -0.022735234 -6.331862926 -0.999574423 -0.027820526 -0.008774394 16.761583328
-0.010549183 0.020964140 0.999724567 172.535781860 -0.028011195 0.999381721 -0.021252530 -6.345935822 -0.999551952 -0.028227678 -0.009955429 16.751445770
-0.014156822 0.019473536 0.999710202 173.199508667 -0.028099250 0.999407768 -0.019865561 -6.362575054 -0.999504924 -0.028372340 -0.013601244 16.751579285
-0.019054348 0.014419027 0.999714494 173.857238770 -0.029518450 0.999452114 -0.014977857 -6.387430191 -0.999382615 -0.029795419 -0.018618278 16.740625381
-0.024323864 0.015887873 0.999577880 174.521942139 -0.028316388 0.999461651 -0.016575081 -6.408275127 -0.999303043 -0.028707607 -0.023860881 16.718544006
-0.029712517 0.023026839 0.999293208 175.179641724 -0.029279267 0.999285638 -0.023897244 -6.431498528 -0.999129593 -0.029968619 -0.029017080 16.693368912
-0.036351684 0.033257604 0.998785555 175.871780396 -0.029756470 0.998966992 -0.034346662 -6.453831196 -0.998896003 -0.030968893 -0.035324506 16.678501129
-0.043283209 0.038848769 0.998307228 176.581069946 -0.028331239 0.998794019 -0.040096074 -6.474086285 -0.998661101 -0.030018765 -0.042130373 16.654174805
-0.049680602 0.036103029 0.998112440 177.281982422 -0.027818775 0.998908699 -0.037516501 -6.499891758 -0.998377740 -0.029630106 -0.048622046 16.620849609
-0.056968104 0.028349627 0.997973502 177.993331909 -0.029992986 0.999096930 -0.030093659 -6.531399727 -0.997925401 -0.031646580 -0.056066375 16.589733124
-0.064202361 0.022591405 0.997681141 178.707916260 -0.034313213 0.999102652 -0.024831703 -6.564796448 -0.997346878 -0.035827901 -0.063369565 16.554294586
-0.070556656 0.020616166 0.997294724 179.420745850 -0.038158514 0.998998761 -0.023351038 -6.595129967 -0.996777654 -0.039702859 -0.069699340 16.511466980
-0.075044781 0.024418009 0.996881127 180.146911621 -0.040463138 0.998802364 -0.027511114 -6.619050026 -0.996358871 -0.042401511 -0.073966876 16.457693100
-0.078069344 0.026775351 0.996588290 180.868621826 -0.037227537 0.998863816 -0.029752770 -6.645803928 -0.996252596 -0.039423309 -0.076983869 16.399333954
-0.080168702 0.029586585 0.996342123 181.596679688 -0.028929349 0.999069273 -0.031995315 -6.672772884 -0.996361434 -0.031388547 -0.079238169 16.334142685
-0.081404001 0.028426589 0.996275783 182.341735840 -0.026224427 0.999186039 -0.030652383 -6.699560165 -0.996336162 -0.028621987 -0.080592290 16.271312714
-0.081918240 0.026029956 0.996299028 183.081665039 -0.032353699 0.999062538 -0.028762355 -6.727060795 -0.996113718 -0.034590129 -0.080999285 16.222723007
-0.080261856 0.022187324 0.996526837 183.832473755 -0.036669847 0.999009669 -0.025196053 -6.754454136 -0.996099055 -0.038564771 -0.079368770 16.175836563
-0.077709779 0.021780554 0.996738017 184.590637207 -0.033766448 0.999130189 -0.024465403 -6.782264233 -0.996404052 -0.035557505 -0.076906733 16.116653442
-0.076460905 0.022212345 0.996825099 185.340911865 -0.029229976 0.999272168 -0.024508946 -6.810088634 -0.996644080 -0.031011149 -0.075755984 16.053598404
-0.076373160 0.020832717 0.996861637 186.104888916 -0.031880122 0.999219656 -0.023324441 -6.837083340 -0.996569455 -0.033561435 -0.075649403 16.001504898
-0.076035477 0.017946910 0.996943533 186.869613647 -0.035961330 0.999138176 -0.020729136 -6.859769344 -0.996456385 -0.037427563 -0.075324550 15.953458786
-0.074746780 0.014748698 0.997093499 187.646621704 -0.038671561 0.999095619 -0.017677315 -6.883170605 -0.996452451 -0.039880484 -0.074108832 15.908462524
-0.073483229 0.012501699 0.997218132 188.416198730 -0.039347611 0.999106526 -0.015424830 -6.902684689 -0.996519923 -0.040371615 -0.072925672 15.859421730
-0.072554253 0.014467572 0.997259498 189.191070557 -0.037730739 0.999139249 -0.017239889 -6.925820827 -0.996650457 -0.038878169 -0.071945928 15.804998398
-0.071888395 0.019555815 0.997220933 189.958999634 -0.032541271 0.999229610 -0.021941064 -6.950335026 -0.996881723 -0.034028146 -0.071196631 15.745056152
-0.072136752 0.023297304 0.997122645 190.737548828 -0.034124065 0.999084353 -0.025811838 -6.973436356 -0.996810853 -0.035887860 -0.071275689 15.695815086
-0.073295802 0.024696985 0.997004449 191.508041382 -0.039391205 0.998841584 -0.027638379 -6.991658688 -0.996532023 -0.041298985 -0.072238043 15.653988838
-0.074622892 0.021588197 0.996978164 192.302413940 -0.039644092 0.998911083 -0.024597378 -7.016241074 -0.996423423 -0.041359823 -0.073685803 15.603573799
-0.075633891 0.019688664 0.996941388 193.075729370 -0.035799727 0.999106824 -0.022447417 -7.043119907 -0.996492743 -0.037388004 -0.074861512 15.541530609
-0.076914765 0.021365473 0.996808767 193.863784790 -0.038399734 0.998965144 -0.024374656 -7.065897465 -0.996297836 -0.040151957 -0.076014757 15.488360405
-0.079226412 0.025729127 0.996524572 194.647735596 -0.042413101 0.998674631 -0.029156592 -7.102096558 -0.995953977 -0.044575669 -0.078030154 15.438087463
-0.081958234 0.030344252 0.996173799 195.436370850 -0.042453941 0.998522758 -0.033908624 -7.131762505 -0.995731235 -0.045070585 -0.080548927 15.381617546
-0.085038953 0.031337015 0.995884717 196.234924316 -0.043919448 0.998415828 -0.035166960 -7.159122467 -0.995409191 -0.046729267 -0.083527938 15.318522453
-0.087997839 0.031739734 0.995614886 197.045242310 -0.041892674 0.998490036 -0.035534088 -7.199153900 -0.995239377 -0.044835892 -0.086535312 15.246677399
-0.088977493 0.030384541 0.995570004 197.860046387 -0.041423932 0.998556972 -0.034177892 -7.233650208 -0.995171905 -0.044281490 -0.087590434 15.175976753
-0.090804800 0.029940156 0.995418608 198.669967651 -0.036196027 0.998788297 -0.033343412 -7.267544746 -0.995210648 -0.039057940 -0.089611053 15.099423409
-0.090756565 0.026435815 0.995522141 199.508163452 -0.033039056 0.999017358 -0.029540628 -7.299184322 -0.995324850 -0.035572115 -0.089793965 15.028167725
-0.091093890 0.023605276 0.995562494 200.329452515 -0.032605622 0.999112368 -0.026672857 -7.326380253 -0.995308399 -0.034890659 -0.090243362 14.954144478
-0.091531731 0.022428026 0.995549619 201.167922974 -0.028455079 0.999279201 -0.025128242 -7.357323170 -0.995395541 -0.030628471 -0.090827569 14.879601479
-0.090768993 0.023544619 0.995593607 201.991867065 -0.026958903 0.999296069 -0.026090039 -7.386917114 -0.995507061 -0.029208280 -0.090070359 14.802999496
-0.090706281 0.023788247 0.995593548 202.816711426 -0.024260947 0.999365091 -0.026088722 -7.416405201 -0.995582163 -0.026520457 -0.090071574 14.730828285
-0.089537226 0.025436753 0.995658576 203.651016235 -0.017974071 0.999469697 -0.027150484 -7.447254658 -0.995821357 -0.020327019 -0.089032538 14.653852463
-0.087400988 0.026013739 0.995833457 204.496414185 -0.016366528 0.999486506 -0.027545605 -7.481851101 -0.996038795 -0.018705850 -0.086930364 14.580502510
-0.085405931 0.024949258 0.996033788 205.333282471 -0.019718301 0.999448299 -0.026725555 -7.513957500 -0.996151090 -0.021922616 -0.084866874 14.516515732
-0.081563592 0.022114044 0.996422768 206.169616699 -0.024273371 0.999413192 -0.024167344 -7.539595604 -0.996372521 -0.026157718 -0.080978945 14.459445000
-0.079109356 0.020622009 0.996652663 207.004547119 -0.021103777 0.999527335 -0.022356601 -7.577842712 -0.996642530 -0.022801748 -0.078636758 14.395464897
-0.077413507 0.027321514 0.996624708 207.836547852 -0.019936280 0.999382257 -0.028945675 -7.616011620 -0.996799707 -0.022109773 -0.076820992 14.338513374
-0.075772017 0.038438790 0.996383965 208.671875000 -0.022679145 0.998931766 -0.040261757 -7.642291546 -0.996867239 -0.025647845 -0.074819304 14.283252716
-0.074430406 0.038662270 0.996476471 209.499221802 -0.025122585 0.998858392 -0.040631175 -7.673259735 -0.996909738 -0.028058257 -0.073374115 14.231259346
-0.073491551 0.027371351 0.996920228 210.356948853 -0.028844986 0.999146760 -0.029558891 -7.710926056 -0.996878684 -0.030928478 -0.072639316 14.182222366
-0.074099258 0.016039332 0.997121811 211.199249268 -0.028295916 0.999434233 -0.018179288 -7.756362438 -0.996849298 -0.029561546 -0.073603481 14.122083664
-0.075646393 0.015934024 0.997007310 212.046127319 -0.029147372 0.999409676 -0.018183932 -7.786517620 -0.996708572 -0.030435694 -0.075137287 14.066386223
-0.077754937 0.023516629 0.996695101 212.881835938 -0.032508355 0.999130368 -0.026110157 -7.812755585 -0.996442378 -0.034431107 -0.076922819 14.017859459
-0.079152428 0.027972860 0.996469915 213.716964722 -0.040777113 0.998678744 -0.031273905 -7.840286732 -0.996028244 -0.043108571 -0.077907175 13.970128059
-0.079865314 0.027799457 0.996417880 214.552139282 -0.041986763 0.998630106 -0.031226514 -7.872400284 -0.995921135 -0.044330273 -0.078588687 13.897993088
-0.080484822 0.022816427 0.996494651 215.412094116 -0.038397331 0.998924971 -0.025973342 -7.903227329 -0.996016026 -0.040353198 -0.079522215 13.831685066
-0.081058763 0.017111946 0.996562421 216.262481689 -0.037351985 0.999098182 -0.020193636 -7.931423664 -0.996009171 -0.038860451 -0.080346495 13.761755943
-0.081250422 0.014964275 0.996581376 217.123519897 -0.033749875 0.999272585 -0.017756287 -7.963499546 -0.996122122 -0.035077196 -0.080686286 13.692029953
-0.080620497 0.019177595 0.996560335 217.981750488 -0.029736051 0.999323547 -0.021636380 -7.991014004 -0.996301174 -0.031378102 -0.079995707 13.620420456
-0.080069751 0.024568390 0.996486425 218.838455200 -0.027151851 0.999271512 -0.026818762 -8.019913673 -0.996419370 -0.029203815 -0.079344340 13.554137230
-0.078498282 0.028950399 0.996493757 219.699234009 -0.023710188 0.999241412 -0.030897977 -8.043869019 -0.996632278 -0.026052490 -0.077752315 13.481975555
-0.077924311 0.025916573 0.996622324 220.582397461 -0.022599163 0.999359310 -0.027754737 -8.077779770 -0.996703148 -0.024685597 -0.077288702 13.420879364
-0.076949209 0.021457920 0.996803999 221.464965820 -0.018036183 0.999574840 -0.022909883 -8.108255386 -0.996871889 -0.019741442 -0.076529488 13.347831726
-0.076604716 0.020291474 0.996854961 222.354736328 -0.017771179 0.999606311 -0.021713123 -8.133315086 -0.996903181 -0.019378616 -0.076213956 13.282199860
-0.076447628 0.019746987 0.996877968 223.233795166 -0.025480375 0.999438643 -0.021751724 -8.166034698 -0.996748030 -0.027063690 -0.075901560 13.227748871
-0.076647677 0.019765366 0.996862292 224.116867065 -0.028899975 0.999339342 -0.022036571 -8.195843697 -0.996639311 -0.030498344 -0.076025821 13.175779343
-0.077201746 0.018697947 0.996840060 225.000488281 -0.030393329 0.999315321 -0.021098232 -8.223673820 -0.996552110 -0.031926107 -0.076580591 13.115367889
-0.078424528 0.019892203 0.996721566 225.898971558 -0.033767644 0.999174237 -0.022598075 -8.261054993 -0.996347904 -0.035429180 -0.077688053 13.046140671
-0.080711506 0.020708961 0.996522367 226.791259766 -0.036954861 0.999034584 -0.023754258 -8.276700974 -0.996052146 -0.038743589 -0.079868287 12.993252754
-0.082263447 0.018140808 0.996445537 227.684448242 -0.031665787 0.999281883 -0.020806678 -8.305436134 -0.996107399 -0.033264853 -0.081629939 12.912394524
-0.083683155 0.015316953 0.996374786 228.581665039 -0.026397187 0.999496877 -0.017581986 -8.334520340 -0.996142745 -0.027772799 -0.083236724 12.831131935
-0.084798701 0.018495066 0.996226549 229.470855713 -0.028262628 0.999380708 -0.020959344 -8.368025780 -0.995997190 -0.029933294 -0.084223486 12.761540413
-0.086747997 0.025919484 0.995893002 230.359924316 -0.021706898 0.999374986 -0.027900899 -8.402693748 -0.995993733 -0.024038097 -0.086131148 12.686301231
-0.087449908 0.028142402 0.995771348 231.260147095 -0.019437311 0.999362350 -0.029950906 -8.429151535 -0.995979309 -0.021974320 -0.086847134 12.608724594
-0.090002269 0.020804796 0.995724320 232.164276123 -0.025206929 0.999413848 -0.023160312 -8.463114738 -0.995622516 -0.027183633 -0.089425087 12.546723366
-0.091019623 0.012238810 0.995773971 233.062393188 -0.031828023 0.999377847 -0.015192377 -8.494167328 -0.995340466 -0.033076324 -0.090573452 12.474065781
-0.092224419 0.010033037 0.995687783 233.957473755 -0.036185078 0.999254942 -0.013420586 -8.529258728 -0.995080650 -0.037266754 -0.091792673 12.400691032
-0.094942644 0.010556171 0.995426774 234.863845825 -0.037287906 0.999204338 -0.014152707 -8.558299065 -0.994784117 -0.038461082 -0.094473489 12.336196899
-0.095512554 0.017088892 0.995281577 235.754287720 -0.042006478 0.998892784 -0.021182064 -8.583652496 -0.994541466 -0.043831430 -0.094688959 12.266259193
-0.095271222 0.022667468 0.995193183 236.647399902 -0.038290594 0.998917520 -0.026417902 -8.615076065 -0.994714677 -0.040623400 -0.094300114 12.186027527
-0.094507143 0.029157409 0.995097041 237.528686523 -0.033495940 0.998912036 -0.032450389 -8.648468971 -0.994960487 -0.036398511 -0.093427658 12.097995758
-0.093744941 0.025239524 0.995276272 238.421035767 -0.030622417 0.999132574 -0.028221641 -8.683522224 -0.995125175 -0.033123404 -0.092890725 12.013620377
-0.091912039 0.021317406 0.995538950 239.313186646 -0.028937198 0.999291420 -0.024069354 -8.717650414 -0.995346487 -0.031020371 -0.091230042 11.931459427
-0.089201212 0.021299757 0.995785892 240.197967529 -0.031089995 0.999224663 -0.024158308 -8.754026413 -0.995528221 -0.033113927 -0.088469833 11.865365028
-0.086949490 0.028416233 0.995807350 241.066345215 -0.030705554 0.999041736 -0.031189604 -8.792427063 -0.995739460 -0.033288732 -0.085993640 11.788433075
-0.084737793 0.031694222 0.995899022 241.937683105 -0.030466400 0.998944283 -0.034383424 -8.822390556 -0.995937407 -0.033255033 -0.083682716 11.720305443
-0.082808085 0.025381748 0.996242285 242.812484741 -0.030835606 0.999131620 -0.028018432 -8.860842705 -0.996088386 -0.033039883 -0.081953533 11.664999962
-0.080691785 0.018422300 0.996568739 243.712097168 -0.027647026 0.999403179 -0.020713266 -8.903119087 -0.996355593 -0.029223550 -0.080134280 11.584824562
-0.079155564 0.020013455 0.996661365 244.580032349 -0.027726825 0.999367535 -0.022269882 -8.939329147 -0.996476650 -0.029397039 -0.078550570 11.524575233
-0.076837048 0.029328719 0.996612191 245.437835693 -0.029666010 0.999057472 -0.031687874 -8.967513084 -0.996602178 -0.032000311 -0.075894564 11.463491440
-0.074661657 0.032801934 0.996669233 246.296188354 -0.029122861 0.998960853 -0.035058983 -9.003334999 -0.996783555 -0.031643424 -0.073628783 11.397121429
-0.073617041 0.028929565 0.996866822 247.156646729 -0.026927819 0.999157131 -0.030984601 -9.048961639 -0.996922970 -0.029124444 -0.072775982 11.346275330
-0.072763495 0.021270672 0.997122347 248.010055542 -0.029800666 0.999279857 -0.023491351 -9.086103439 -0.996903896 -0.031424217 -0.072077200 11.296156883
-0.071421593 0.018158780 0.997280836 248.843765259 -0.031557489 0.999292731 -0.020455439 -9.119194031 -0.996946812 -0.032932635 -0.070798017 11.251345634
-0.069100074 0.018224139 0.997443259 249.681472778 -0.028679254 0.999383688 -0.020246405 -9.150104523 -0.997197330 -0.030004956 -0.068534821 11.204932213
-0.066035420 0.021301240 0.997589886 250.523773193 -0.021477360 0.999510169 -0.022763936 -9.177034378 -0.997586131 -0.022928827 -0.065545581 11.137179375
-0.064738199 0.023526281 0.997624874 251.335189819 -0.022121901 0.999442518 -0.025004687 -9.206787109 -0.997657001 -0.023688119 -0.064181663 11.092272758
-0.063800260 0.023031441 0.997696877 252.123214722 -0.023375366 0.999424934 -0.024566129 -9.239343643 -0.997688949 -0.024888858 -0.063225210 11.051296234
-0.061694350 0.019689200 0.997900903 252.935485840 -0.024423301 0.999476314 -0.021230234 -9.267081261 -0.997796237 -0.025681820 -0.061181169 11.005650520
-0.061315730 0.012490041 0.998040259 253.727584839 -0.023691982 0.999621749 -0.013965377 -9.294636726 -0.997837186 -0.024501843 -0.060996626 10.960490227
-0.061636835 0.008360197 0.998063624 254.501190186 -0.024661398 0.999646783 -0.009896460 -9.322582245 -0.997793913 -0.025223628 -0.061408900 10.919341087
-0.062170036 0.012124369 0.997991979 255.236419678 -0.024758711 0.999599814 -0.013686251 -9.349246979 -0.997758508 -0.025559865 -0.061844971 10.877856255
-0.063596673 0.017613990 0.997820199 255.968566895 -0.025109999 0.999499619 -0.019244030 -9.373057365 -0.997659743 -0.026279133 -0.063122556 10.849680901
-0.064832762 0.023263849 0.997624993 256.679077148 -0.024080647 0.999400675 -0.024870187 -9.393091202 -0.997605562 -0.025635855 -0.064233691 10.806331635
-0.066328280 0.024388392 0.997499764 257.387634277 -0.025188863 0.999341786 -0.026108343 -9.425259590 -0.997479856 -0.026857607 -0.065670304 10.764549255
-0.069353230 0.023890326 0.997306108 258.081604004 -0.022556460 0.999420166 -0.025509551 -9.453293800 -0.997337162 -0.024264868 -0.068774141 10.713865280
-0.074224979 0.022979010 0.996976793 258.768188477 -0.021546522 0.999464154 -0.024640480 -9.480738640 -0.997008741 -0.023310319 -0.073690109 10.661533356
-0.081229344 0.023140272 0.996426880 259.444122314 -0.021692520 0.999452591 -0.024978928 -9.509533882 -0.996459365 -0.023644032 -0.080682918 10.610436440
-0.089202762 0.024762988 0.995705605 260.107482910 -0.021582592 0.999408007 -0.026788604 -9.537332535 -0.995779634 -0.023879521 -0.088615529 10.550487518
-0.099214189 0.024746317 0.994758368 260.751556396 -0.021318581 0.999408424 -0.026988247 -9.564514160 -0.994837701 -0.023884455 -0.098627940 10.485519409
-0.110602304 0.025762210 0.993530810 261.386901855 -0.019599490 0.999412954 -0.028096598 -9.589958191 -0.993671477 -0.022580247 -0.110032462 10.410346031
-0.122743115 0.022593709 0.992181301 262.013153076 -0.016305337 0.999559939 -0.024778875 -9.614443779 -0.992304564 -0.019219285 -0.122320712 10.327775955
-0.134638712 0.019631516 0.990700305 262.622741699 -0.010928843 0.999713421 -0.021295376 -9.641756058 -0.990834534 -0.013694388 -0.134385586 10.232371330
-0.146410614 0.015339505 0.989105046 263.220550537 -0.006716782 0.999841213 -0.016500251 -9.667364120 -0.989201128 -0.009059414 -0.146284357 10.132391930
-0.158133835 0.010941343 0.987357080 263.807495117 -0.002601526 0.999930501 -0.011497335 -9.683523178 -0.987414300 -0.004386751 -0.158094376 10.028109550
-0.169126391 0.008728616 0.985555828 264.371887207 0.000940892 0.999961734 -0.008694743 -9.703455925 -0.985593975 -0.000543208 -0.169128120 9.922599792
-0.179877385 0.010272148 0.983635426 264.911163330 0.005346345 0.999940872 -0.009464742 -9.719321251 -0.983674467 0.003556362 -0.179921657 9.813591957
-0.189648181 0.012986979 0.981766224 265.425842285 0.010096858 0.999885380 -0.011276251 -9.740676880 -0.981800199 0.007774233 -0.189757556 9.696450233
-0.199799523 0.016988218 0.979689538 265.937164307 0.013959939 0.999797523 -0.014489887 -9.753731728 -0.979737401 0.010781334 -0.199996278 9.583217621
-0.209110081 0.019624341 0.977695167 266.409759521 0.016542666 0.999726534 -0.016528402 -9.768375397 -0.977752209 0.012717430 -0.209377557 9.470822334
-0.217260152 0.020274702 0.975903153 266.869659424 0.020577125 0.999657214 -0.016187228 -9.782246590 -0.975896895 0.016564442 -0.217602879 9.358681679
-0.223790541 0.019186953 0.974448442 267.302429199 0.023014469 0.999631464 -0.014397339 -9.796590805 -0.974365532 0.019204425 -0.224149674 9.253241539
-0.228309900 0.019480221 0.973393619 267.728759766 0.025856145 0.999568462 -0.013939486 -9.807255745 -0.973245203 0.021985684 -0.228715092 9.141531944
-0.230381176 0.021001445 0.972873807 268.128570557 0.028503634 0.999483705 -0.014826078 -9.819952011 -0.972682953 0.024314791 -0.230860859 9.032874107
-0.230858773 0.020489084 0.972771525 268.486633301 0.030492235 0.999439478 -0.013814349 -9.841825485 -0.972509444 0.026472813 -0.231354177 8.945006371
-0.229275152 0.020288127 0.973150134 268.848876953 0.032776143 0.999376714 -0.013112803 -9.852921486 -0.972809672 0.028889671 -0.229797214 8.879540443
-0.224082962 0.020512057 0.974354148 269.175018311 0.033737246 0.999342561 -0.013279183 -9.865013123 -0.973985970 0.029896393 -0.224627659 8.806109428
-0.216588482 0.021449953 0.976027310 269.484863281 0.032342482 0.999367595 -0.014785830 -9.876623154 -0.975727141 0.028364709 -0.217145219 8.750572205
-0.204999253 0.022773575 0.978497148 269.779418945 0.030774808 0.999385059 -0.016812267 -9.888185501 -0.978278220 0.026666557 -0.205574021 8.691864967
-0.191258863 0.025659857 0.981204093 270.056427002 0.027885538 0.999396920 -0.020700097 -9.895734787 -0.981143534 0.023402333 -0.191859037 8.654635429
-0.174470156 0.028509066 0.984249592 270.324920654 0.027536774 0.999331117 -0.024064675 -9.911409378 -0.984277368 0.022904493 -0.175138503 8.615415573
-0.154629394 0.029954627 0.987518311 270.582458496 0.027364455 0.999286711 -0.026026769 -9.920622826 -0.987593532 0.022998398 -0.155338764 8.590175629
-0.131190270 0.028671278 0.990942538 270.840332031 0.028516494 0.999277234 -0.025137151 -9.930992126 -0.990947008 0.024960458 -0.131913051 8.557518005
-0.106792495 0.028118011 0.993883610 271.100646973 0.027771631 0.999294519 -0.025287028 -9.931058884 -0.993893504 0.024901308 -0.107498012 8.572085381
-0.076137125 0.026146285 0.996754408 271.346405029 0.024606375 0.999401093 -0.024336148 -9.951341629 -0.996793747 0.022673629 -0.076734856 8.573097229
-0.044460401 0.025694717 0.998680592 271.603820801 0.021543432 0.999461532 -0.024755711 -9.948746681 -0.998778939 0.020414362 -0.044989992 8.613491058
-0.010260158 0.021805022 0.999709547 271.835937500 0.020215046 0.999562442 -0.021594346 -9.948136330 -0.999742985 0.019987615 -0.010696460 8.644172668
0.026670078 0.017469710 0.999491632 272.094787598 0.018639036 0.999664843 -0.017970094 -9.954545021 -0.999470472 0.019108826 0.026335517 8.677009583
0.065758094 0.014695543 0.997727334 272.336914062 0.013104104 0.999792635 -0.015589627 -9.962494850 -0.997749567 0.014099471 0.065551884 8.733056068
0.107986771 0.013433547 0.994061530 272.579956055 0.007930286 0.999865294 -0.014373465 -9.972376823 -0.994120717 0.009435342 0.107865691 8.796973228
0.153322443 0.014330466 0.988072276 272.817596436 -0.001431739 0.999897003 -0.014279800 -9.979297638 -0.988175213 0.000774755 0.153327167 8.886440277
0.201633424 0.016036084 0.979329765 273.046691895 -0.004711611 0.999870360 -0.015402356 -9.980329514 -0.979449749 -0.001508585 0.201682821 8.970783234
0.250996381 0.017584760 0.967828274 273.286621094 -0.008966894 0.999834239 -0.015840821 -9.997969627 -0.967946470 -0.004702426 0.251112431 9.086123466
0.302401811 0.019102274 0.952989101 273.529113770 -0.010432511 0.999805570 -0.016730258 -10.007010460 -0.953123450 -0.004882808 0.302542329 9.212780952
0.355943441 0.019271160 0.934308767 273.764587402 -0.007237453 0.999814212 -0.017865032 -10.026892662 -0.934479535 -0.000403073 0.356016815 9.354003906
0.412716508 0.019869605 0.910642684 273.985809326 0.002568996 0.999732673 -0.022977794 -10.028838158 -0.910855949 0.011822754 0.412555158 9.471856117
0.468186438 0.017979758 0.883446753 274.247772217 0.008314683 0.999659002 -0.024751294 -10.031534195 -0.883590639 0.018933801 0.467877299 9.641261101
0.522650957 0.017861562 0.852359593 274.490478516 0.003681612 0.999723911 -0.023207139 -10.039628983 -0.852538884 0.015267289 0.522440851 9.846583366
0.576229036 0.022331741 0.816983044 274.731170654 -0.002922014 0.999676466 -0.025264623 -10.043601990 -0.817282975 0.012170973 0.576107860 10.075063705
0.626901567 0.029345090 0.778545558 274.943359375 -0.012915226 0.999544501 -0.027275408 -10.048509598 -0.778991461 0.007043903 0.626995027 10.336571693
0.677071154 0.032436404 0.735202312 275.190002441 -0.020059075 0.999470413 -0.025622612 -10.053385735 -0.735644102 0.002600848 0.677363276 10.625035286
0.725548029 0.029503442 0.687538683 275.416564941 -0.017338149 0.999547064 -0.024595587 -10.063994408 -0.687953055 0.005924631 0.725731015 10.921359062
0.768480837 0.028491018 0.639238179 275.573486328 -0.018050497 0.999575973 -0.022851380 -10.064529419 -0.639618158 0.006022278 0.768669188 11.227724075
0.806701958 0.028619653 0.590265036 275.777038574 -0.023161693 0.999590456 -0.016811674 -10.071399689 -0.590504467 -0.000109528 0.807034433 11.578062057
0.840134859 0.031502515 0.541461945 275.954193115 -0.030826950 0.999471545 -0.010318494 -10.088518143 -0.541500866 -0.008022693 0.840661943 11.930164337
0.868657947 0.037058506 0.494024307 276.118957520 -0.037470635 0.999256611 -0.009072012 -10.092054367 -0.493993312 -0.010630930 0.869400740 12.318755150
0.892779648 0.040464398 0.448672533 276.276733398 -0.040947791 0.999124169 -0.008629006 -10.091152191 -0.448628694 -0.010668347 0.893654585 12.732831955
0.912641644 0.046295047 0.406130672 276.425903320 -0.047116723 0.998857617 -0.007981380 -10.096970558 -0.406036228 -0.011851404 0.913780153 13.171047211
0.927973211 0.055530068 0.368486315 276.562286377 -0.055928770 0.998388708 -0.009607366 -10.097961426 -0.368426055 -0.011693610 0.929583490 13.624265671
0.939897418 0.063225694 0.335552245 276.692657471 -0.063123725 0.997942626 -0.011222685 -10.098715782 -0.335571498 -0.010633137 0.941954732 14.101541519
0.949513078 0.063388586 0.307256699 276.838775635 -0.063510165 0.997934878 -0.009613948 -10.103310585 -0.307231545 -0.010385354 0.951578081 14.615008354
0.957708776 0.058523860 0.281724513 276.983947754 -0.058486145 0.998251557 -0.008550324 -10.105470657 -0.281732410 -0.008288261 0.959457278 15.145146370
0.964217305 0.057340495 0.258837581 277.115692139 -0.057145063 0.998331487 -0.008285331 -10.109836578 -0.258880854 -0.006802431 0.965885401 15.700151443
0.970103681 0.058920044 0.235430077 277.235015869 -0.058720212 0.998243511 -0.007865842 -10.117112160 -0.235480025 -0.006193821 0.971859455 16.275695801
0.975938439 0.057983451 0.210195079 277.350067139 -0.058258183 0.998289526 -0.004890069 -10.117096901 -0.210119113 -0.007473177 0.977647185 16.882583618
0.981328487 0.056652494 0.183806732 277.451080322 -0.057305172 0.998355210 -0.001763291 -10.111028671 -0.183604270 -0.008802709 0.982960820 17.509862900
0.985400856 0.056499377 0.160602331 277.537200928 -0.056727622 0.998384714 -0.003167260 -10.117542267 -0.160521850 -0.005989566 0.987014115 18.146400452
0.988383472 0.059927937 0.139666453 277.617279053 -0.059324939 0.998202741 -0.008480486 -10.133337975 -0.139923647 0.000096268 0.990162313 18.810115814
0.990464926 0.065100618 0.121413633 277.677032471 -0.063724495 0.997851968 -0.015187061 -10.134342194 -0.122141540 0.007305229 0.992485881 19.495141983
0.991855621 0.069639713 0.106643766 277.735046387 -0.067816347 0.997484505 -0.020634223 -10.129374504 -0.107812472 0.013233977 0.994083107 20.186265945
0.993235469 0.070375070 0.092361249 277.790924072 -0.069395334 0.997494042 -0.013780652 -10.131773949 -0.093099609 0.007277993 0.995630145 20.915328979
0.994657278 0.065821007 0.079527125 277.846618652 -0.065890454 0.997825265 -0.001753632 -10.143453598 -0.079469599 -0.003495815 0.996831119 21.664129257
0.995703816 0.061176002 0.069508724 277.896911621 -0.061723042 0.998076737 0.005747836 -10.156355858 -0.069023415 -0.010013432 0.997564793 22.443958282
0.996250570 0.061401907 0.060948066 277.947937012 -0.061756477 0.998083413 0.003949132 -10.152435303 -0.060588777 -0.007698264 0.998133063 23.218595505
0.996294677 0.065986231 0.055161413 277.975372314 -0.066081271 0.997814357 -0.000101160 -10.145946503 -0.055047516 -0.003544352 0.998477399 24.014793396
0.996192515 0.070334226 0.051513240 278.001037598 -0.070249103 0.997523546 -0.003463399 -10.146737099 -0.051629264 -0.000168547 0.998666286 24.837530136
0.996174216 0.072451055 0.048865918 278.040191650 -0.072394878 0.997371733 -0.002921426 -10.144186974 -0.048949145 -0.000627392 0.998801053 25.670019150
0.996013522 0.075134777 0.048083432 278.073181152 -0.075121708 0.997172117 -0.002081890 -10.146547318 -0.048103884 -0.001538519 0.998841107 26.522703171
0.996149123 0.072845832 0.048789162 278.113098145 -0.072737217 0.997343063 -0.004000673 -10.156786919 -0.048950974 0.000436479 0.998801053 27.389516830
0.996377766 0.068369269 0.050567575 278.162231445 -0.068153650 0.997656882 -0.005978114 -10.162971497 -0.050857808 0.002510095 0.998702765 28.273658752
0.996130407 0.070310406 0.052733213 278.204589844 -0.070013866 0.997518182 -0.007451900 -10.169474602 -0.053126276 0.003731008 0.998580873 29.170322418
0.995992899 0.069638588 0.056113701 278.245727539 -0.069532856 0.997572243 -0.003836905 -10.175442696 -0.056244664 -0.000080216 0.998417020 30.087965012
0.996283472 0.062750049 0.059006084 278.310150146 -0.063019849 0.998008490 0.002720743 -10.182324409 -0.058717839 -0.006429186 0.998253942 31.022943497
0.996235669 0.060880393 0.061710361 278.371734619 -0.061395556 0.998092413 0.006484861 -10.189289093 -0.061197832 -0.010249191 0.998073101 31.953109741
0.996095955 0.059428766 0.065276556 278.420349121 -0.059885047 0.998192489 0.005053965 -10.191347122 -0.064858213 -0.008943327 0.997854412 32.905197144
0.996194661 0.055261537 0.067396708 278.489379883 -0.055494662 0.998457670 0.001590252 -10.189701080 -0.067204878 -0.005324360 0.997725010 33.849506378
0.996066034 0.053588618 0.070575111 278.549652100 -0.053419594 0.998562992 -0.004281553 -10.207230568 -0.070703141 0.000494613 0.997497320 34.792549133
0.995878100 0.054327037 0.072632357 278.622283936 -0.053654324 0.998496950 -0.011182693 -10.220129967 -0.073130719 0.007239559 0.997296095 35.750732422
0.995742798 0.054560911 0.074292392 278.691192627 -0.053888377 0.998486161 -0.011028565 -10.230001450 -0.074781641 0.006978118 0.997175515 36.718639374
0.995783865 0.051445160 0.075946555 278.766754150 -0.051322635 0.998675704 -0.003565567 -10.245026588 -0.076029420 -0.000347243 0.997105539 37.688747406
0.995956421 0.046145611 0.077080585 278.842926025 -0.046625968 0.998902619 0.004442845 -10.256155014 -0.076790966 -0.008018835 0.997015059 38.679157257
0.995953858 0.044672258 0.077976428 278.915039062 -0.045392420 0.998941302 0.007486795 -10.256724358 -0.077559426 -0.010996038 0.996927083 39.654533386
0.995808780 0.047839548 0.077952623 278.982543945 -0.048373971 0.998816788 0.004980739 -10.261139870 -0.077622123 -0.008730742 0.996944606 40.642990112
0.995929658 0.045915321 0.077564023 279.056457520 -0.045804694 0.998945236 -0.003205666 -10.270844460 -0.077629395 -0.000360180 0.996982217 41.620861053
0.995830536 0.047779184 0.077710293 279.118041992 -0.047134642 0.998837352 -0.010108326 -10.277704239 -0.078102902 0.006403330 0.996924698 42.624092102
0.995655477 0.051417779 0.077631213 279.190399170 -0.050969619 0.998670220 -0.007744608 -10.297719002 -0.077926174 0.003754127 0.996952057 43.613639832
0.995668232 0.052148163 0.076976843 279.263793945 -0.052264504 0.998633146 -0.000503732 -10.319687843 -0.076897889 -0.003521606 0.997032762 44.634590149
0.995634377 0.053731360 0.076323278 279.332946777 -0.054175641 0.998524308 0.003761066 -10.326418877 -0.076008566 -0.007879510 0.997076035 45.645507812
0.995353401 0.058099948 0.076785862 279.390319824 -0.058552913 0.998277545 0.003659075 -10.334534645 -0.076441005 -0.008138109 0.997040868 46.658699036
0.995262206 0.060599498 0.076031692 279.459716797 -0.061116237 0.998120546 0.004485824 -10.338611603 -0.075616948 -0.009111342 0.997095346 47.661026001
0.994953752 0.066529915 0.075104281 279.519256592 -0.067552678 0.997653246 0.011157929 -10.338913918 -0.074185677 -0.016175117 0.997113347 48.684257507
0.994905949 0.067322336 0.075031973 279.581817627 -0.068769924 0.997489750 0.016876265 -10.341412544 -0.073707476 -0.021950243 0.997038364 49.704338074
0.994879603 0.069497168 0.073380470 279.647521973 -0.070781901 0.997378349 0.015051680 -10.340831757 -0.072142035 -0.020168623 0.997190416 50.705554962
0.995036542 0.069145553 0.071562521 279.711669922 -0.070089079 0.997482717 0.010755425 -10.334136009 -0.070638701 -0.015717795 0.997378111 51.703716278
0.995205343 0.067525305 0.070757039 279.776489258 -0.068432510 0.997600794 0.010473896 -10.326246262 -0.069880024 -0.015265762 0.997438610 52.725105286
0.995160520 0.067968152 0.070964567 279.837890625 -0.068590350 0.997624636 0.006365158 -10.328514099 -0.070363387 -0.011201839 0.997458518 53.733451843
0.995076895 0.069519855 0.070632681 279.902954102 -0.069529980 0.997577131 -0.002318186 -10.332025528 -0.070622712 -0.002604316 0.997499764 54.742156982
0.995379567 0.064334184 0.071277119 279.976837158 -0.064264879 0.997927547 -0.003267345 -10.340186119 -0.071339600 -0.001328367 0.997451246 55.741992950
0.995387673 0.062324069 0.072932504 280.047851562 -0.062628366 0.998035133 0.001890591 -10.352173805 -0.072671369 -0.006449513 0.997335136 56.769546509
0.994832456 0.068348527 0.075079173 280.107849121 -0.069062285 0.997588098 0.006948961 -10.361510277 -0.074423134 -0.012098190 0.997153401 57.773891449
0.994798601 0.067137770 0.076604411 280.187133789 -0.067746505 0.997688234 0.005372700 -10.371761322 -0.076066583 -0.010534436 0.997047126 58.778278351
0.994146347 0.074674234 0.078081943 280.251861572 -0.074937664 0.997188151 0.000444961 -10.374132156 -0.077829167 -0.006293634 0.996946812 59.790359497
0.993716121 0.076197580 0.081989691 280.324615479 -0.076498792 0.997069597 0.000534074 -10.382359505 -0.081708744 -0.006802830 0.996632993 60.797588348
0.993072927 0.080975749 0.085141651 280.396179199 -0.081713490 0.996642232 0.005210067 -10.388456345 -0.084433883 -0.012131199 0.996355176 61.799369812
0.992782414 0.080793053 0.088631280 280.479095459 -0.082223237 0.996534348 0.012599664 -10.396611214 -0.087306157 -0.019796276 0.995984793 62.814113617
0.992864370 0.078353658 0.089894734 280.563629150 -0.080026560 0.996677577 0.015153072 -10.396453857 -0.088408783 -0.022238912 0.995835960 63.834186554
0.993328989 0.072701856 0.089508936 280.659271240 -0.074010983 0.997192442 0.011390122 -10.401037216 -0.088429555 -0.017938785 0.995920897 64.825866699
0.994121969 0.063235722 0.087879084 280.757690430 -0.063783094 0.997957885 0.003431727 -10.403474808 -0.087482609 -0.009016756 0.996125281 65.844955444
0.994296134 0.063778818 0.085483782 280.841308594 -0.064211518 0.997933626 0.002318793 -10.405327797 -0.085159235 -0.007794610 0.996336937 66.855606079
0.994542778 0.063026145 0.083140649 280.918212891 -0.064081289 0.997893751 0.010081666 -10.410563469 -0.082330108 -0.015354408 0.996486902 67.867935181
0.994723201 0.064110845 0.080097407 280.996795654 -0.065492541 0.997744203 0.014741204 -10.415236473 -0.078971654 -0.019909196 0.996678054 68.892822266
0.994739473 0.066942856 0.077537194 281.063781738 -0.068139270 0.997592628 0.012885833 -10.414057732 -0.076487914 -0.018101374 0.996906221 69.904235840
0.994535685 0.072935455 0.074693695 281.116912842 -0.073216304 0.997315645 0.001025216 -10.419339180 -0.074418411 -0.006488410 0.997205973 70.921669006
0.994505107 0.076525532 0.071438752 281.184020996 -0.076153040 0.997064650 -0.007927221 -10.425671577 -0.071835689 0.002443385 0.997413516 71.903823853
0.994709015 0.075358257 0.069822632 281.245788574 -0.075083964 0.997155786 -0.006548372 -10.440502167 -0.070117511 0.001271164 0.997538030 72.917259216
0.994856775 0.074980706 0.068101279 281.312316895 -0.075244129 0.997164369 0.001307794 -10.457335472 -0.067810118 -0.006425289 0.997677565 73.920349121
0.994716942 0.077132247 0.067740776 281.370483398 -0.077683978 0.996962726 0.005544580 -10.471485138 -0.067107350 -0.010777660 0.997687519 74.930091858
0.994532764 0.080715433 0.066254109 281.422882080 -0.081171013 0.996691287 0.004208938 -10.472127914 -0.065695167 -0.009563841 0.997793913 75.949691772
0.994535983 0.080594897 0.066352747 281.485321045 -0.080817729 0.996728599 0.000676472 -10.479168892 -0.066081174 -0.006035255 0.997796059 76.955604553
0.994231462 0.083057880 0.067861721 281.545288086 -0.083136469 0.996536791 -0.001670458 -10.488671303 -0.067765430 -0.003980960 0.997693360 77.952857971
0.994139791 0.083128348 0.069107324 281.607543945 -0.083149008 0.996533811 -0.002582670 -10.502472878 -0.069082469 -0.003178670 0.997605979 78.954010010
0.994316578 0.079822347 0.070447706 281.676971436 -0.080094315 0.996786714 0.001039646 -10.517919540 -0.070138365 -0.006676197 0.997514904 79.979049683
0.994329393 0.078036152 0.072244927 281.745880127 -0.078535892 0.996902823 0.004098426 -10.521170616 -0.071701363 -0.009749005 0.997378469 80.988609314
0.994393051 0.075239077 0.074306615 281.810638428 -0.075764626 0.997116625 0.004275321 -10.536397934 -0.073770680 -0.009881160 0.997226298 81.990318298
0.994583488 0.072783314 0.074204676 281.883605957 -0.072694868 0.997346699 -0.003895573 -10.552252769 -0.074291319 -0.001519828 0.997235417 82.968513489
0.994654417 0.071110763 0.074873313 281.955810547 -0.070627697 0.997461498 -0.009083311 -10.567301750 -0.075329170 0.003746625 0.997151732 83.962394714
0.994553804 0.070071183 0.077154636 282.025299072 -0.070120588 0.997536480 -0.002071950 -10.575952530 -0.077109747 -0.003349463 0.997016966 84.985061646
0.994638324 0.066740274 0.078994446 282.112945557 -0.067837387 0.997632563 0.011284487 -10.591843605 -0.078054316 -0.016582759 0.996811211 85.990501404
0.994658649 0.065026373 0.080160297 282.190521240 -0.066477478 0.997666419 0.015566148 -10.596693993 -0.078961037 -0.020811861 0.996660471 87.000061035
0.994414508 0.067869492 0.080829032 282.263824463 -0.068455860 0.997643948 0.004502549 -10.598361969 -0.080333017 -0.010010622 0.996717870 87.982734680
0.994282782 0.069461383 0.081098057 282.338928223 -0.068844020 0.997573376 -0.010387454 -10.610089302 -0.081622787 0.004744951 0.996652007 88.960456848
0.994085670 0.069343731 0.083577514 282.410308838 -0.068148822 0.997529149 -0.017069649 -10.624882698 -0.084554680 0.011272985 0.996355057 89.948753357
0.993873537 0.068614542 0.086644970 282.491821289 -0.067980677 0.997633994 -0.010248846 -10.651077271 -0.087143205 0.004295874 0.996186495 90.963157654
0.993616343 0.067114145 0.090677105 282.579650879 -0.067482233 0.997720063 0.000996127 -10.667355537 -0.090403520 -0.007108863 0.995879829 91.973480225
0.993450284 0.064997226 0.093978405 282.672790527 -0.066104487 0.997774661 0.008714139 -10.677429199 -0.093202882 -0.014869456 0.995536029 92.981826782
0.993215203 0.062557220 0.098031826 282.764587402 -0.063856438 0.997907221 0.010168845 -10.682639122 -0.097190537 -0.016359812 0.995131254 93.997886658
0.992941380 0.061701346 0.101294518 282.863922119 -0.062487572 0.998035133 0.004604193 -10.686652184 -0.100811392 -0.010901341 0.994845808 94.989173889
0.992515385 0.062533833 0.104893923 282.962890625 -0.062571399 0.998036265 -0.002935776 -10.694446564 -0.104871511 -0.003649560 0.994479060 95.980995178
0.991694808 0.065643057 0.110600509 283.055175781 -0.065537438 0.997839510 -0.004594138 -10.705696106 -0.110663123 -0.002692490 0.993854284 96.988471985
0.991258144 0.061555099 0.116697617 283.169738770 -0.061536040 0.998097777 -0.003769718 -10.720043182 -0.116707668 -0.003444344 0.993160307 97.985847473
0.990542591 0.060580876 0.123107255 283.287780762 -0.061005738 0.998137474 -0.000318867 -10.732411385 -0.122897267 -0.007194397 0.992393374 98.985504150
0.989691556 0.061747894 0.129220605 283.416748047 -0.062276214 0.998058915 0.000048023 -10.749434471 -0.128966823 -0.008094898 0.991615891 99.989334106
0.989410162 0.053013399 0.135119483 283.560943604 -0.054071657 0.998528302 0.004171606 -10.759598732 -0.134699479 -0.011433564 0.990820527 100.984275818
0.988777697 0.050357085 0.140652210 283.692443848 -0.051781345 0.998637378 0.006482441 -10.772237778 -0.140134126 -0.013692855 0.990037858 101.980720520
0.988204896 0.044677056 0.146475434 283.836334229 -0.045918792 0.998932064 0.005105536 -10.779944420 -0.146090925 -0.011771292 0.989201128 102.962242126
0.987782955 0.040902939 0.150372609 283.998413086 -0.041893400 0.999116182 0.003423470 -10.785474777 -0.150099695 -0.009681265 0.988623500 103.932189941
0.987009406 0.048037019 0.153313652 284.143066406 -0.049153190 0.998785079 0.003496066 -10.790766716 -0.152959466 -0.010986505 0.988171399 104.910781860
0.986110866 0.052634813 0.157527715 284.282348633 -0.053347088 0.998575926 0.000293809 -10.797811508 -0.157287925 -0.008693374 0.987514555 105.886985779
0.985691905 0.052641675 0.160125867 284.433746338 -0.052935034 0.998595059 -0.002436095 -10.820839882 -0.160029113 -0.006075029 0.987093627 106.846534729
0.985260367 0.054761939 0.162058949 284.575164795 -0.054916766 0.998484790 -0.003527420 -10.826818466 -0.162006512 -0.005424324 0.986774802 107.802375793
0.985212505 0.054483648 0.162443116 284.723510742 -0.055071417 0.998482108 -0.000885787 -10.843436241 -0.162244782 -0.008073284 0.986717582 108.749832153
0.985637665 0.050020542 0.161295697 284.888183594 -0.050877713 0.998704195 0.001185816 -10.859531403 -0.161027402 -0.009375142 0.986905456 109.717201233
0.986234307 0.043951064 0.159405708 285.039947510 -0.044573527 0.999006093 0.000329749 -10.869971275 -0.159232810 -0.007430486 0.987213135 110.669837952
0.986883402 0.037939627 0.156913757 285.192108154 -0.038786024 0.999244869 0.002334434 -10.882615089 -0.156706691 -0.008389873 0.987609625 111.614982605
0.987588406 0.034952395 0.153125867 285.348266602 -0.036104590 0.999336720 0.004749430 -10.891877174 -0.152858287 -0.010219028 0.988195240 112.569793701
0.988126159 0.036731143 0.149189875 285.483642578 -0.038051993 0.999257684 0.006007713 -10.899267197 -0.148858488 -0.011613348 0.988790333 113.511329651
0.988746345 0.036071423 0.145188019 285.612976074 -0.036899690 0.999314427 0.003014985 -10.908347130 -0.144979745 -0.008338449 0.989399493 114.453178406
0.989338040 0.034839258 0.141409203 285.755157471 -0.034756958 0.999391198 -0.003052616 -10.921349525 -0.141429424 -0.001894885 0.989946544 115.383178711
0.989766121 0.032642026 0.138915926 285.884796143 -0.031838514 0.999461055 -0.008003074 -10.933912277 -0.139102280 0.003498294 0.990271807 116.306587219
0.990173995 0.029162854 0.136766449 286.015533447 -0.028792186 0.999574423 -0.004688085 -10.947526932 -0.136844978 0.000704214 0.990592182 117.234474182
0.990580976 0.022876149 0.135004625 286.145202637 -0.023495415 0.999719441 0.002995254 -10.964413643 -0.134898245 -0.006139032 0.990840435 118.159118652
0.990872800 0.012035890 0.134262756 286.284606934 -0.013762177 0.999834061 0.011936820 -10.971138000 -0.134096831 -0.013675616 0.990873873 119.077301025
0.991075516 0.002164818 0.133283928 286.430572510 -0.004468129 0.999845743 0.016984563 -10.984427452 -0.133226618 -0.017428512 0.990932345 119.957656860
0.991042078 -0.001449573 0.133542329 286.554504395 -0.000755985 0.999864161 0.016463606 -10.986207008 -0.133548081 -0.016417084 0.990906417 120.847122192
0.990979254 -0.000187443 0.134015322 286.676300049 -0.001180489 0.999948084 0.010127748 -10.988434792 -0.134010240 -0.010194591 0.990927458 121.727661133
0.990733087 0.001378295 0.135816231 286.788391113 -0.001810584 0.999993742 0.003059426 -10.984445572 -0.135811165 -0.003276981 0.990729332 122.595657349
0.990403712 0.001781201 0.138193056 286.911682129 -0.002020156 0.999996722 0.001588905 -10.990153313 -0.138189763 -0.001852828 0.990404010 123.442596436
0.989895403 0.002207866 0.141782969 287.028533936 -0.003270106 0.999968410 0.007259452 -10.999338150 -0.141762450 -0.007649742 0.989871144 124.297210693
0.989263237 0.002250455 0.146126866 287.147094727 -0.004061019 0.999918640 0.012093226 -11.007007599 -0.146087781 -0.012556809 0.989191949 125.131591797
0.988393366 0.001096594 0.151912361 287.272216797 -0.003141401 0.999907732 0.013221087 -11.016505241 -0.151883841 -0.013544851 0.988305569 125.955329895
0.987392366 0.000512489 0.158290774 287.401550293 -0.002468800 0.999923050 0.012162585 -11.018307686 -0.158272341 -0.012400035 0.987317681 126.759452820
0.986157060 -0.000898672 0.165811554 287.539367676 -0.000801063 0.999947906 0.010183844 -11.023574829 -0.165812075 -0.010175696 0.986104906 127.546188354
0.984723508 -0.002669971 0.174104780 287.680969238 0.001510320 0.999975681 0.006792804 -11.030476570 -0.174118698 -0.006426079 0.984703720 128.323455811
0.983035624 -0.002019019 0.183403969 287.822082520 0.001073842 0.999985635 0.005252695 -11.037215233 -0.183411926 -0.004966640 0.983023584 129.078338623
0.981113732 0.001306420 0.193427637 287.963317871 -0.002509495 0.999978900 0.005974880 -11.037814140 -0.193415761 -0.006347442 0.981096387 129.815368652
0.978983879 0.003993548 0.203898564 288.098815918 -0.005981633 0.999940336 0.009135002 -11.045850754 -0.203849927 -0.010162667 0.978949487 130.544769287
0.977230191 0.005815201 0.212102368 288.262329102 -0.007600388 0.999942243 0.007602283 -11.063306808 -0.212045893 -0.009041239 0.977217913 131.237319946
0.975257635 0.009653592 0.220860749 288.413635254 -0.009928656 0.999950707 0.000135281 -11.074036598 -0.220848560 -0.002324785 0.975305378 131.894119263
0.973028600 0.015971137 0.230130970 288.558563232 -0.014613674 0.999864399 -0.007601972 -11.088365555 -0.230221167 0.004033878 0.973129928 132.531997681
0.971145630 0.019778736 0.237665534 288.708312988 -0.017908361 0.999789476 -0.010026466 -11.093917847 -0.237813786 0.005480960 0.971295297 133.153152466
0.969330549 0.021947568 0.244778588 288.851531982 -0.021374904 0.999758959 -0.004996088 -11.102025986 -0.244829267 -0.000389258 0.969566166 133.762741089
0.967983902 0.019186130 0.250277668 289.008483887 -0.021416483 0.999751449 0.006190921 -11.114854813 -0.250096679 -0.011352781 0.968154371 134.351074219
0.966967523 0.014292158 0.254498720 289.159027100 -0.018087531 0.999757290 0.012579094 -11.129426956 -0.254257172 -0.016766828 0.966991365 134.916229248
0.966446996 0.006702141 0.256778747 289.315856934 -0.010223764 0.999871075 0.012382045 -11.138415337 -0.256662667 -0.014591837 0.966390848 135.468521118
0.966326714 0.003572600 0.257293314 289.462677002 -0.006510400 0.999922931 0.010567113 -11.146615028 -0.257235765 -0.011886366 0.966275573 136.002822876
0.966655314 0.007004414 0.255985200 289.595581055 -0.008698309 0.999947071 0.005485561 -11.147811890 -0.255933225 -0.007529285 0.966665208 136.530410767
0.967622757 0.012248580 0.252103508 289.725616455 -0.012064367 0.999924600 -0.002276452 -11.153976440 -0.252112389 -0.000838723 0.967697620 137.058776855
0.969346225 0.007330612 0.245589525 289.877380371 -0.006216965 0.999966621 -0.005309566 -11.155000687 -0.245620266 0.003619986 0.969359398 137.596405029
0.971668243 -0.002603794 0.236335114 290.013916016 0.003549923 0.999987304 -0.003577906 -11.159287453 -0.236322805 0.004315509 0.971665084 138.121765137
0.974725842 -0.008072191 0.223258406 290.136413574 0.008001923 0.999967277 0.001219418 -11.161397934 -0.223260924 0.000597897 0.974758565 138.652801514
0.978352785 -0.006097795 0.206854239 290.236022949 0.004875003 0.999967575 0.006420580 -11.168330193 -0.206886649 -0.005273178 0.978350699 139.188232422
0.982460022 -0.002107963 0.186460912 290.314727783 0.000142174 0.999944210 0.010555380 -11.172412872 -0.186472803 -0.010343730 0.982405663 139.729293823
0.987153411 -0.003746876 0.159730762 290.388183594 0.001911715 0.999930382 0.011641206 -11.178212166 -0.159763277 -0.011186299 0.987091959 140.256927490
0.991677821 -0.006306552 0.128589094 290.449859619 0.005257200 0.999950051 0.008498298 -11.183554649 -0.128636301 -0.007751556 0.991661549 140.781005859
0.995504677 -0.006377389 0.094496749 290.477111816 0.006134351 0.999977112 0.002862187 -11.174655914 -0.094512843 -0.002269646 0.995521069 141.304000854
0.998388290 -0.004703405 0.056556366 290.480407715 0.004794751 0.999987423 -0.001479531 -11.182744026 -0.056548692 0.001748321 0.998398304 141.834503174
0.999920189 -0.003718848 0.012070555 290.473571777 0.003775900 0.999981821 -0.004707138 -11.182160378 -0.012052831 0.004752340 0.999916017 142.359008789
0.999406993 -0.005213460 -0.034037057 290.423217773 0.005071808 0.999978065 -0.004246731 -11.192652702 0.034058455 0.004071583 0.999411583 142.889282227
0.996497035 -0.005113436 -0.083471566 290.358917236 0.005086233 0.999986947 -0.000538545 -11.202719688 0.083473235 0.000112103 0.996510029 143.416076660
0.990873814 -0.003765924 -0.134740144 290.265930176 0.004221228 0.999986291 0.003093603 -11.196849823 0.134726644 -0.003634140 0.990876198 143.933670044
0.981889486 -0.002603869 -0.189436689 290.142395020 0.003795061 0.999975264 0.005925599 -11.202219963 0.189416558 -0.006537207 0.981875181 144.461120605
0.969625115 -0.000542583 -0.244595215 289.979400635 0.002356009 0.999971867 0.007121474 -11.200894356 0.244584456 -0.007481430 0.969599247 144.980468750
0.953747094 0.003132243 -0.300593823 289.781677246 -0.000234268 0.999953210 0.009676393 -11.200256348 0.300610065 -0.009158411 0.953703165 145.500488281
0.934116185 0.006647106 -0.356907248 289.561828613 -0.002260463 0.999916732 0.012706427 -11.196657181 0.356962025 -0.011062505 0.934053421 145.981521606
0.910982072 0.007588175 -0.412376225 289.300720215 -0.000966317 0.999867260 0.016263960 -11.194407463 0.412444890 -0.014417690 0.910868526 146.473236084
0.884174883 0.009205680 -0.467065334 289.007293701 0.000274248 0.999795377 0.020224754 -11.188214302 0.467155993 -0.018010309 0.883991480 146.967285156
0.853700757 0.013921957 -0.520577729 288.683532715 -0.000528476 0.999665260 0.025867676 -11.181551933 0.520763636 -0.021808142 0.853422344 147.433380127
0.819855750 0.020617392 -0.572198808 288.324157715 -0.004142333 0.999538898 0.030080048 -11.172168732 0.572555184 -0.022291062 0.819563150 147.882537842
0.782638133 0.026635669 -0.621906817 287.929321289 -0.007897265 0.999428570 0.032866251 -11.158405304 0.622426927 -0.020811018 0.782401323 148.312866211
0.743046880 0.032246262 -0.668462038 287.490356445 -0.011058833 0.999293745 0.035912659 -11.131249428 0.669147968 -0.019292381 0.742878735 148.742263794
0.702612281 0.033946656 -0.710762739 287.052947998 -0.006088770 0.999111593 0.041699510 -11.114086151 0.711546898 -0.024970911 0.702194810 149.133209229
0.661096096 0.038241748 -0.749326169 286.564025879 -0.007917761 0.999000371 0.043998346 -11.094723701 0.750259578 -0.023154141 0.660737872 149.514404297
0.619583547 0.038020823 -0.784009397 286.056549072 -0.006700876 0.999045968 0.043153562 -11.079743385 0.784902275 -0.021483678 0.619247139 149.870208740
0.579600871 0.035978127 -0.814105988 285.519317627 -0.007498743 0.999218166 0.038820151 -11.060112000 0.814866006 -0.016395420 0.579417467 150.206970215
0.541848361 0.029871767 -0.839945316 284.972778320 -0.008075790 0.999507189 0.030336723 -11.031204224 0.840437531 -0.009654680 0.541822493 150.526947021
0.507888675 0.026695644 -0.861009002 284.424804688 -0.013272041 0.999643564 0.023165159 -11.013787270 0.861320496 -0.000337974 0.508061945 150.825698853
0.481424749 0.030213417 -0.875966609 283.814819336 -0.019080816 0.999530137 0.023988640 -10.992310524 0.876279712 0.005165430 0.481774986 151.126693726
0.461983621 0.037629522 -0.886089861 283.181427002 -0.024403935 0.999260604 0.029711979 -10.975484848 0.886552632 0.007897631 0.462560296 151.430419922
0.448659807 0.044234902 -0.892607272 282.536437988 -0.026340706 0.998994946 0.036267266 -10.957014084 0.893314362 0.007240240 0.449374080 151.735519409
0.439980656 0.050051149 -0.896611333 281.870666504 -0.030144354 0.998706043 0.040958047 -10.939293861 0.897501171 0.009007018 0.440920144 152.042236328
0.435578465 0.053648431 -0.898550630 281.204895020 -0.034197982 0.998488009 0.043037534 -10.915563583 0.899500847 0.011982393 0.436754525 152.351806641
0.434570849 0.053671509 -0.899037063 280.541229248 -0.037916105 0.998428166 0.041277394 -10.889836311 0.899839222 0.016150037 0.435922742 152.665618896
0.435397178 0.053697605 -0.898635626 279.850616455 -0.040608265 0.998374879 0.039982408 -10.862361908 0.899322152 0.019083809 0.436870128 152.986953735
0.436201721 0.053036839 -0.898284614 279.172271729 -0.040654331 0.998403847 0.039206598 -10.834596634 0.898930132 0.019417176 0.437661618 153.318038940
0.438350111 0.053097639 -0.897234619 278.463287354 -0.042656295 0.998357654 0.038242001 -10.810425758 0.897791564 0.021509318 0.439895064 153.654953003
0.440885812 0.053705342 -0.895955086 277.750183105 -0.046701062 0.998228729 0.036854964 -10.787945747 0.896347463 0.025593223 0.442612976 153.997650146
0.443906158 0.053153001 -0.894495428 277.025329590 -0.050246917 0.998145103 0.034376353 -10.763510704 0.894663393 0.029685762 0.445753485 154.346221924
0.446557462 0.051635455 -0.893263817 276.304260254 -0.055673189 0.998002470 0.029857965 -10.746131897 0.893021286 0.036397550 0.448540151 154.702285767
0.449764818 0.050830480 -0.891699493 275.567871094 -0.058059487 0.997931421 0.027601480 -10.723764420 0.891258001 0.039357435 0.451785624 155.067291260
0.453623146 0.050873786 -0.889740348 274.803527832 -0.057952575 0.997940063 0.027514057 -10.698596001 0.889307380 0.039081737 0.455637008 155.447341919
0.457037151 0.053201023 -0.887855053 274.037963867 -0.058678795 0.997838378 0.029585492 -10.681576729 0.887509823 0.038576603 0.459171027 155.844223022
0.460466683 0.055172302 -0.885960639 273.252532959 -0.059080727 0.997758329 0.031427935 -10.662188530 0.885708749 0.037871681 0.462694079 156.244918823
0.463065207 0.055178680 -0.884604931 272.465789795 -0.059025466 0.997764409 0.031339046 -10.639694214 0.884356558 0.037702195 0.465286970 156.648117065
0.464375198 0.053198833 -0.884039342 271.674011230 -0.056318127 0.997947812 0.030470278 -10.619945526 0.883846104 0.035637800 0.466418207 157.071731567
0.465016335 0.050622098 -0.883853614 270.863098145 -0.054282796 0.998115778 0.028606918 -10.596764565 0.883636355 0.034675360 0.466888011 157.502548218
0.465904802 0.049000196 -0.883477092 270.036193848 -0.052928258 0.998220921 0.027452314 -10.573071480 0.883250415 0.033970740 0.467669368 157.936370850
0.466386825 0.052704673 -0.883009315 269.204345703 -0.054040093 0.998056531 0.031028733 -10.552089691 0.882928669 0.033246513 0.468328565 158.371383667
0.467555761 0.057785776 -0.882072747 268.362915039 -0.054092843 0.997861266 0.036698520 -10.526451111 0.882306993 0.030555218 0.469681561 158.812255859
0.469812274 0.061432615 -0.880626202 267.516632080 -0.054744985 0.997683048 0.040392179 -10.499930382 0.881067216 0.029233122 0.472086906 159.258605957
0.472504765 0.057372466 -0.879458845 266.681060791 -0.053493798 0.997905970 0.036359016 -10.479214668 0.879703224 0.029865781 0.474584490 159.713806152
0.475948602 0.050853398 -0.878001630 265.835815430 -0.053988222 0.998133481 0.028545341 -10.458138466 0.877814531 0.033815630 0.477805734 160.165557861
0.479824632 0.046632256 -0.876124263 264.975128174 -0.055376537 0.998205125 0.022802167 -10.436947823 0.875615060 0.037575696 0.481545717 160.621215820
0.483504474 0.047920793 -0.874029160 264.155029297 -0.056158267 0.998141527 0.023659347 -10.419936180 0.873538613 0.037644565 0.485296994 161.082839966
0.489603430 0.052506275 -0.870362878 263.297149658 -0.055638764 0.998032331 0.028909817 -10.404610634 0.870168328 0.034271564 0.491561443 161.556732178
0.496981829 0.057286289 -0.865867913 262.444213867 -0.056009743 0.997855544 0.033870768 -10.391550064 0.865951538 0.031663880 0.499124616 162.042617798
0.505713046 0.058632553 -0.860706985 261.611602783 -0.057078943 0.997775674 0.034432828 -10.371930122 0.860811472 0.031715117 0.507934868 162.528244019
0.514789999 0.056083705 -0.855479896 260.793060303 -0.056714710 0.997899950 0.031292103 -10.350968361 0.855438292 0.032409418 0.516889691 163.020111084
0.523613691 0.052348077 -0.850346029 259.971740723 -0.054062873 0.998140454 0.028156398 -10.329596519 0.850238681 0.031229069 0.525470197 163.530014038
0.532913566 0.050918225 -0.844636321 259.152618408 -0.051515002 0.998288631 0.027678242 -10.312686920 0.844600141 0.028761318 0.534624636 164.044845581
0.541462302 0.051333290 -0.839156389 258.334411621 -0.049798861 0.998340011 0.028938431 -10.302316666 0.839248836 0.026119957 0.543119788 164.580078125
0.550126851 0.051300608 -0.833503902 257.546234131 -0.046138577 0.998453915 0.031000728 -10.288965225 0.833805442 0.021402346 0.551643431 165.103256226
0.558289707 0.049533315 -0.828166068 256.754089355 -0.039906908 0.998663962 0.032828599 -10.271342278 0.828685701 0.014721674 0.559520662 165.642990112
0.564436376 0.050857171 -0.823908448 255.961853027 -0.038088910 0.998641908 0.035549261 -10.252426147 0.824597359 0.011316486 0.565606952 166.188308716
0.569157422 0.047560476 -0.820851922 255.178726196 -0.032897327 0.998843551 0.035063215 -10.232157707 0.821570218 0.007047340 0.570063829 166.735305786
0.572031558 0.040356833 -0.819238245 254.399993896 -0.023374183 0.999185324 0.032900296 -10.207756996 0.819898546 0.000329016 0.572508812 167.291366577
0.572626054 0.036047176 -0.819023848 253.611160278 -0.017016083 0.999340296 0.032086428 -10.189473152 0.819640100 -0.004436942 0.572861671 167.850189209
0.571308315 0.035193972 -0.819980562 252.821441650 -0.013103401 0.999343872 0.033762760 -10.168224335 0.820630848 -0.008544412 0.571394742 168.407180786
0.567674994 0.037528269 -0.822396934 252.021408081 -0.011294174 0.999221444 0.037801255 -10.141917229 0.823175311 -0.012170533 0.567656875 168.958831787
0.563203156 0.035822883 -0.825541556 251.210876465 -0.007282009 0.999236166 0.038392104 -10.114493370 0.826286376 -0.015610956 0.563033879 169.502380371
0.557539523 0.032681577 -0.829506934 250.404907227 0.000171754 0.999220252 0.039483529 -10.082860947 0.830150366 -0.022156097 0.557099283 170.069259644
0.550979793 0.034398619 -0.833809316 249.574020386 -0.003127534 0.999228239 0.039156277 -10.056361198 0.834512711 -0.018966550 0.550662220 170.609909058
0.544600725 0.035240706 -0.837954760 248.743347168 -0.004507394 0.999225438 0.039093621 -10.034321785 0.838683307 -0.017513419 0.544337809 171.131774902
0.536936760 0.028345875 -0.843146205 247.914978027 -0.000000368 0.999435365 0.033599958 -10.006842613 0.843622506 -0.018040741 0.536633611 171.663177490
0.530069053 0.022525923 -0.847655296 247.077850342 0.003605930 0.999578178 0.028818106 -9.984153748 0.847946763 -0.018332168 0.529764235 172.185012817
0.524400353 0.019276083 -0.851253688 246.227935791 0.007958976 0.999589026 0.027538039 -9.965589523 0.851434708 -0.021216061 0.524031401 172.700607300
0.517183483 0.023471344 -0.855552733 245.381347656 0.010956450 0.999360442 0.034039784 -9.946966171 0.855804503 -0.026978631 0.516595423 173.223648071
0.510134280 0.025835518 -0.859706700 244.528579712 0.018126439 0.999003887 0.040777512 -9.925040245 0.859903753 -0.036385432 0.509157836 173.737319946
0.503465295 0.024942694 -0.863655388 243.670867920 0.024407255 0.998773694 0.043073110 -9.898566246 0.863670647 -0.042765275 0.502239108 174.246597290
0.496678233 0.023824990 -0.867607772 242.805862427 0.027254526 0.998702109 0.043027285 -9.868142128 0.867506742 -0.045016956 0.495384216 174.739898682
0.490047425 0.021910798 -0.871420324 241.936370850 0.029645806 0.998686850 0.041782223 -9.836526871 0.871191442 -0.046309229 0.488754392 175.233032227
0.482910305 0.016929317 -0.875506163 241.074844360 0.034921866 0.998645484 0.038572557 -9.809012413 0.874973178 -0.049201399 0.481664956 175.712661743
0.476659626 0.012646972 -0.878996909 240.206329346 0.038333513 0.998646498 0.035155851 -9.780229568 0.878251731 -0.050452422 0.475529671 176.188796997
0.471165687 0.011725114 -0.881966710 239.338821411 0.039932422 0.998602808 0.034608465 -9.755671501 0.881140351 -0.051525380 0.470039189 176.651367188
0.466765255 0.012621139 -0.884291232 238.462280273 0.042413257 0.998428106 0.036637638 -9.735676765 0.883363605 -0.054606836 0.465496331 177.113754272
0.462292492 0.016956054 -0.886565387 237.586959839 0.043039035 0.998209655 0.041533675 -9.711189270 0.885682404 -0.057357620 0.460735083 177.571884155
0.458552301 0.021035334 -0.888418436 236.690368652 0.038631823 0.998302817 0.043576706 -9.682246208 0.887827396 -0.054303423 0.456961423 178.021118164
0.456616074 0.022644591 -0.889375627 235.811080933 0.039477181 0.998175561 0.045682821 -9.652476311 0.888787627 -0.055969547 0.454889059 178.466506958
0.455483347 0.024205409 -0.889915168 234.926834106 0.036704320 0.998269677 0.045938909 -9.618037224 0.889487445 -0.053588144 0.453806758 178.910842896
0.455360711 0.023908721 -0.889985979 234.047866821 0.032383908 0.998533070 0.043393955 -9.589944839 0.889717877 -0.048581123 0.453918487 179.347213745
0.455301642 0.017891588 -0.890157521 233.185806274 0.033039570 0.998769939 0.036973864 -9.562565804 0.889724016 -0.046244685 0.454150498 179.784515381
0.455332130 0.014516478 -0.890203357 232.313049316 0.032042064 0.998952150 0.032679111 -9.530891418 0.889744878 -0.043403801 0.454389900 180.221847534
0.455950350 0.013314919 -0.889905751 231.432540894 0.035632540 0.998813331 0.033201035 -9.520675659 0.889291644 -0.046847619 0.454934895 180.674118042
0.458066911 0.013030422 -0.888822258 230.565063477 0.032446817 0.998981059 0.031367298 -9.507132530 0.888325453 -0.043207768 0.457177341 181.111038208
0.460995287 0.011740582 -0.887324989 229.706481934 0.026362116 0.999289989 0.026918050 -9.488285065 0.887010932 -0.035800856 0.460358500 181.540847778
0.463721931 0.010082453 -0.885923445 228.872528076 0.023082983 0.999458373 0.023456968 -9.470192909 0.885680139 -0.031327266 0.463237971 181.985382080
0.465907246 0.014707855 -0.884711385 228.022140503 0.020714268 0.999406517 0.027523166 -9.457868576 0.884591162 -0.031149389 0.465326071 182.433532715
0.468308210 0.020196505 -0.883334398 227.180969238 0.018203953 0.999305904 0.032499075 -9.444876671 0.883377671 -0.031299759 0.467615545 182.870712280
0.470383167 0.022813125 -0.882167339 226.344284058 0.018660987 0.999185205 0.035789527 -9.425347328 0.882264972 -0.033296902 0.469574124 183.309448242
0.470558822 0.023992471 -0.882042468 225.506637573 0.020869896 0.999048114 0.038308986 -9.402883530 0.882121742 -0.036434762 0.469610125 183.758926392
0.470076948 0.024368960 -0.882288933 224.674377441 0.023145745 0.998934627 0.039922614 -9.374852180 0.882321894 -0.039187931 0.469012111 184.199554443
0.468911558 0.024173792 -0.882914186 223.849792480 0.023918992 0.998911321 0.040053006 -9.358985901 0.882921159 -0.039899733 0.467822880 184.637664795
0.468139440 0.021923790 -0.883382618 223.040771484 0.023065014 0.999048412 0.037017450 -9.341654778 0.883353531 -0.037704561 0.467188269 185.066146851
0.467273891 0.019544205 -0.883896589 222.221176147 0.020277724 0.999255717 0.032814827 -9.319771767 0.883880019 -0.033256922 0.466529727 185.488189697
0.466856599 0.020281620 -0.884100497 221.403640747 0.017135967 0.999341786 0.031974092 -9.299474716 0.884167016 -0.030077238 0.466201782 185.904327393
0.465923458 0.024080984 -0.884497285 220.595687866 0.015940340 0.999238849 0.035601731 -9.279356956 0.884681404 -0.030686878 0.465184987 186.313201904
0.464163780 0.026650019 -0.885348380 219.799636841 0.020517975 0.998955548 0.040826742 -9.263678551 0.885511637 -0.037115857 0.463132203 186.744491577
0.462895215 0.027560299 -0.885984421 219.015396118 0.025139745 0.998706281 0.044201359 -9.237189293 0.886056364 -0.042734023 0.461603522 187.160552979
0.461350054 0.029850788 -0.886715829 218.234436035 0.022019431 0.998740792 0.045078546 -9.212677002 0.886944890 -0.040321972 0.460111767 187.565017700
0.460228026 0.024325440 -0.887467444 217.465759277 0.021404110 0.999029994 0.038483229 -9.194581985 0.887542665 -0.036706503 0.459260941 187.950195312
0.458431631 0.013980370 -0.888619721 216.724472046 0.024446456 0.999299645 0.028333383 -9.176024437 0.888393342 -0.034712516 0.457768738 188.333450317
0.457042187 0.009862927 -0.889390290 215.981094360 0.028013283 0.999282837 0.025477119 -9.157711029 0.889003754 -0.036558863 0.456438065 188.715332031
0.455644250 0.016481115 -0.890009522 215.246658325 0.026602980 0.999129891 0.032121308 -9.146841049 0.889764369 -0.038312782 0.454809368 189.090057373
0.453672230 0.027073782 -0.890757322 214.520553589 0.025008639 0.998758018 0.043093532 -9.135143280 0.890817702 -0.041826963 0.452431679 189.452743530
0.451337278 0.028382070 -0.891901910 213.809753418 0.025971416 0.998652875 0.044921644 -9.116585732 0.891975403 -0.043438770 0.449992180 189.808029175
0.449285388 0.024073327 -0.893063903 213.130676270 0.026101006 0.998856604 0.040056035 -9.099931717 0.893006921 -0.041306458 0.448143363 190.148849487
0.448114961 0.020730080 -0.893735588 212.461791992 0.022878287 0.999137819 0.034645934 -9.080847740 0.893683076 -0.035972506 0.447254330 190.477279663
0.447345167 0.021084538 -0.894112825 211.801696777 0.019032240 0.999271274 0.033086605 -9.065483093 0.894158900 -0.031818103 0.446617901 190.795547485
0.446100980 0.023546917 -0.894672811 211.160766602 0.018699657 0.999190450 0.035621721 -9.054696083 0.894787252 -0.032620959 0.445299506 191.108551025
0.444862217 0.025851090 -0.895225823 210.527313232 0.017150400 0.999154329 0.037374675 -9.040383339 0.895434797 -0.031980060 0.444042593 191.419860840
0.443692386 0.030313276 -0.895666301 209.911422729 0.012707844 0.999114513 0.040109586 -9.018537521 0.896089017 -0.029178306 0.442914277 191.714019775
0.442677170 0.035287470 -0.895986438 209.312545776 0.010685819 0.998946786 0.044621967 -9.002020836 0.896617353 -0.029327480 0.441833913 192.000762939
0.441827953 0.036566481 -0.896354258 208.737915039 0.013264598 0.998793423 0.047283806 -8.988002777 0.897001624 -0.032781087 0.440809816 192.282730103
0.440965474 0.033610910 -0.896894515 208.185974121 0.016871722 0.998811543 0.045725346 -8.981350899 0.897365510 -0.035295457 0.439874351 192.561035156
0.441584259 0.029167317 -0.896745563 207.658447266 0.016565245 0.999036074 0.040651608 -8.965913773 0.897066891 -0.032805920 0.440675437 192.818588257
0.442835569 0.026562117 -0.896209419 207.144561768 0.014312372 0.999224246 0.036687344 -8.943904877 0.896488607 -0.029073337 0.442111999 193.064407349
0.444133759 0.027349783 -0.895542920 206.654647827 0.013057317 0.999230206 0.036991999 -8.926383972 0.895865262 -0.028122792 0.443434834 193.301742554
0.447191417 0.028025050 -0.893999100 206.184066772 0.014709689 0.999143422 0.038679104 -8.912196159 0.894317329 -0.030447416 0.446396083 193.539932251
0.451662540 0.030441025 -0.891669273 205.733413696 0.014822197 0.999023795 0.041614011 -8.911591530 0.892065704 -0.032011993 0.450770408 193.765380859
0.456231683 0.030909084 -0.889324009 205.300140381 0.013955834 0.999025106 0.041881293 -8.906190872 0.889751494 -0.031518836 0.455355644 193.991531372
0.461147189 0.028274026 -0.886873066 204.899200439 0.015934924 0.999067128 0.040136520 -8.891803741 0.887180567 -0.032641098 0.460266501 194.205490112
0.467507422 0.026678983 -0.883586526 204.526428223 0.016698103 0.999099612 0.039001785 -8.881470680 0.883831501 -0.032987840 0.466640949 194.406707764
0.474780411 0.027933557 -0.879660904 204.177536011 0.016983999 0.999019265 0.040890574 -8.869101524 0.879940391 -0.034354199 0.473840386 194.601776123
0.481671184 0.033304859 -0.875718892 203.846984863 0.015146102 0.998811960 0.046317071 -8.859989166 0.876221180 -0.035573334 0.480594516 194.792449951
0.489866078 0.038183324 -0.870961070 203.543975830 0.013688929 0.998580456 0.051477447 -8.850969315 0.871690333 -0.037139583 0.488647908 194.967010498
0.498508394 0.040392652 -0.865943313 203.270339966 0.012407676 0.998479068 0.053717781 -8.844187737 0.866796076 -0.037523109 0.497249067 195.134506226
0.507418871 0.040837955 -0.860731304 203.020645142 0.010255345 0.998519480 0.053421136 -8.837038040 0.861638486 -0.035933997 0.506248832 195.284759521
0.516785383 0.040500391 -0.855156481 202.797439575 0.009166094 0.998561382 0.052831296 -8.830193520 0.856065989 -0.035140887 0.515670717 195.432113647
0.525440276 0.039294943 -0.849922657 202.597381592 0.009278090 0.998608947 0.051905148 -8.824286461 0.850779951 -0.035158709 0.524344742 195.569030762
0.533719301 0.036136314 -0.844889283 202.401275635 0.010824837 0.998712778 0.049553502 -8.821555138 0.845592380 -0.035593450 0.532641113 195.706344604
0.542034328 0.032929145 -0.839710951 202.206954956 0.009983233 0.998909175 0.045616254 -8.812335014 0.840297043 -0.033108611 0.541114271 195.837768555
0.550377548 0.031526417 -0.834320486 202.008300781 0.007204609 0.999070227 0.042504478 -8.809256554 0.834884822 -0.029404458 0.549638748 195.973342896
0.558292687 0.030667651 -0.829077125 201.821411133 0.004623845 0.999186039 0.040073648 -8.805536270 0.829631209 -0.026206344 0.557696402 196.118667603
0.566462815 0.028973263 -0.823577762 201.629882812 0.003166397 0.999297857 0.037332930 -8.793826103 0.824081123 -0.023755491 0.565973401 196.245101929
0.573983371 0.025297591 -0.818476021 201.445022583 0.004339167 0.999414742 0.033933058 -8.786214828 0.818855405 -0.023028517 0.573537707 196.387741089
0.581690729 0.022750463 -0.813091815 201.255035400 0.005500102 0.999476016 0.031900331 -8.779757500 0.813391447 -0.023028215 0.581260741 196.531784058
0.589032829 0.022214932 -0.807803750 201.069641113 0.004077278 0.999527752 0.030460486 -8.773140907 0.808098793 -0.021235865 0.588663995 196.676010132
0.596224487 0.024359727 -0.802448094 200.875610352 -0.001154561 0.999564648 0.029485701 -8.766585350 0.802816927 -0.016653623 0.595992982 196.817062378
0.602793932 0.028011736 -0.797405064 200.686965942 -0.006832683 0.999528229 0.029946910 -8.761805534 0.797867656 -0.012603401 0.602700830 196.956054688
0.609106719 0.030686745 -0.792494416 200.485549927 -0.010673755 0.999477983 0.030497719 -8.753077507 0.793016493 -0.010117478 0.609116137 197.107879639
0.615313113 0.026104117 -0.787850559 200.298385620 -0.009466595 0.999624193 0.025727456 -8.752217293 0.788225949 -0.008372179 0.615328908 197.270706177
0.621472776 0.016527379 -0.783261478 200.099243164 -0.005895902 0.999847889 0.016419455 -8.750430107 0.783413589 -0.005586210 0.621475577 197.448532104
0.627197564 0.009174556 -0.778806150 199.869247437 -0.003329856 0.999953091 0.009098090 -8.744941711 0.778853118 -0.003112988 0.627198696 197.642410278
0.632396102 0.007399763 -0.774609923 199.611740112 -0.004296052 0.999972582 0.006045305 -8.743212700 0.774633288 -0.000495263 0.632410526 197.855255127
0.636014342 0.010569820 -0.771604836 199.327789307 -0.007304353 0.999943852 0.007676928 -8.742432594 0.771642745 0.000753438 0.636055827 198.089141846
0.637700796 0.012763847 -0.770178378 199.019149780 -0.008628576 0.999918342 0.009426848 -8.737261772 0.770235837 0.000634033 0.637758970 198.340270996
0.637348175 0.015268539 -0.770424604 198.688003540 -0.013537095 0.999871254 0.008616976 -8.727949142 0.770457029 0.004937298 0.637472808 198.598709106
0.635243475 0.016210319 -0.772141814 198.332138062 -0.017780976 0.999821663 0.006361763 -8.717961311 0.772107363 0.009688166 0.635418415 198.863677979
0.631600380 0.017592523 -0.775094569 197.960418701 -0.018205702 0.999803483 0.007857540 -8.707046509 0.775080323 0.009148315 0.631796420 199.165756226
0.627503395 0.017327830 -0.778421044 197.577743530 -0.013551976 0.999844015 0.011332190 -8.707173347 0.778495848 0.003438155 0.627640367 199.477325439
0.622290671 0.019533541 -0.782542408 197.172683716 -0.011358100 0.999808729 0.015924713 -8.705432892 0.782703817 -0.001021606 0.622393608 199.797409058
0.616029620 0.023980610 -0.787357926 196.734863281 -0.010710912 0.999699175 0.022067672 -8.695158958 0.787650168 -0.005161016 0.616101205 200.124282837
0.608457446 0.031728487 -0.792952001 196.282806396 -0.013153008 0.999466360 0.029899051 -8.675559998 0.793477535 -0.007762596 0.608550072 200.458114624
0.599300802 0.037143108 -0.799661815 195.813690186 -0.014695075 0.999265015 0.035401266 -8.659474373 0.800389111 -0.009464917 0.599406123 200.799560547
0.590220213 0.039588340 -0.806271017 195.335739136 -0.013170225 0.999135971 0.039417036 -8.645251274 0.807134926 -0.012645959 0.590231597 201.137313843
0.581392705 0.038409073 -0.812716126 194.842102051 -0.006104365 0.999062955 0.042848982 -8.629669189 0.813600242 -0.019950969 0.581082404 201.495162964
0.571854234 0.033458903 -0.819672763 194.332992554 -0.001024580 0.999196351 0.040072218 -8.604315758 0.820354760 -0.022075644 0.571428835 201.850830078
0.562281013 0.027014699 -0.826504886 193.806533813 0.002534924 0.999405324 0.034390576 -8.579246521 0.826942325 -0.021432297 0.561878204 202.199966431
0.551772296 0.024013270 -0.833649099 193.254684448 0.004411788 0.999487519 0.031710301 -8.558595657 0.833983302 -0.021174747 0.551383436 202.553695679
0.541464448 0.019303035 -0.840501845 192.699935913 0.008828831 0.999550641 0.028643435 -8.540531158 0.840677202 -0.022930058 0.541050792 202.904891968
0.530733109 0.013742263 -0.847427487 192.121215820 0.015376207 0.999547899 0.025839036 -8.525785446 0.847399473 -0.026743857 0.530281901 203.274093628
0.521123290 0.010501351 -0.853416681 191.526809692 0.023231613 0.999379337 0.026483383 -8.506442070 0.853165150 -0.033627357 0.520555854 203.641021729
0.511969745 0.008734590 -0.858959019 190.928329468 0.027988264 0.999247730 0.026843149 -8.496133804 0.858547330 -0.037783656 0.511340141 203.998672485
0.503875792 0.009065907 -0.863728523 190.303848267 0.029816497 0.999166489 0.027881630 -8.478363037 0.863261402 -0.039802242 0.503185391 204.355255127
0.496523470 0.012120346 -0.867938638 189.652114868 0.030955404 0.999019265 0.031659547 -8.461339951 0.867471099 -0.042587101 0.495661318 204.724670410
0.490533143 0.015149697 -0.871290863 189.012451172 0.037400652 0.998561561 0.038419046 -8.440405846 0.870619595 -0.051432665 0.489260972 205.087387085
0.486197621 0.018168941 -0.873660028 188.348587036 0.042978872 0.998076737 0.044674374 -8.417781830 0.872791469 -0.059269499 0.484481573 205.466033936
0.483527064 0.019820964 -0.875105023 187.677169800 0.043974418 0.997931182 0.046900395 -8.394485474 0.874224186 -0.061159838 0.481655061 205.833923340
0.481780171 0.017482819 -0.876117706 187.001327515 0.044128414 0.998048365 0.044182297 -8.368201256 0.875180304 -0.059947826 0.480068445 206.201950073
0.480383039 0.012749835 -0.876966119 186.320465088 0.045466900 0.998187780 0.039418012 -8.340608597 0.875879467 -0.058808666 0.478932858 206.572113037
0.479281425 0.013386673 -0.877559245 185.621566772 0.043805443 0.998272538 0.039152563 -8.310256004 0.876567423 -0.057206955 0.477867126 206.946807861
0.478861272 0.016892849 -0.877727985 184.913787842 0.041259270 0.998276949 0.041722726 -8.286087990 0.876920521 -0.056193821 0.477339149 207.328018188
0.477951527 0.020151209 -0.878154993 184.199111938 0.037400991 0.998363256 0.043265812 -8.260219574 0.877589643 -0.053522833 0.476415575 207.708145142
0.477221340 0.020255856 -0.878549695 183.470199585 0.032136701 0.998663306 0.040481612 -8.234043121 0.878195345 -0.047552373 0.475932479 208.095397949
0.476896316 0.017453061 -0.878786325 182.745849609 0.030143203 0.998889983 0.036196362 -8.212561607 0.878442585 -0.043751344 0.475840777 208.481918335
0.476347327 0.013107692 -0.879159510 182.004776001 0.028406903 0.999137461 0.030287957 -8.185132980 0.878798187 -0.039401792 0.475564152 208.879104614
0.476665229 0.012306906 -0.878998756 181.257797241 0.027686944 0.999195755 0.029003924 -8.164811134 0.878648758 -0.038161956 0.475941122 209.269805908
0.476792395 0.014024273 -0.878904045 180.494125366 0.028035372 0.999121487 0.031151300 -8.145940781 0.878568769 -0.039493106 0.475980312 209.684982300
0.476772159 0.017882502 -0.878844976 179.728759766 0.030147664 0.998872340 0.036679845 -8.124736786 0.878509879 -0.043983053 0.475695342 210.106094360
0.476785600 0.022178175 -0.878739774 178.957229614 0.032041654 0.998578846 0.042587865 -8.100362778 0.878435493 -0.048461553 0.475397348 210.527420044
0.477336317 0.025763746 -0.878342867 178.195327759 0.031892415 0.998403609 0.046617355 -8.068531036 0.878141761 -0.050264638 0.475752592 210.935653687
0.477946192 0.027154732 -0.877969265 177.408081055 0.027872043 0.998549879 0.046057079 -8.045004845 0.877946794 -0.046483602 0.476496339 211.359207153
0.478612006 0.027214881 -0.877604604 176.630096436 0.023008425 0.998787582 0.043520726 -8.014548302 0.877725065 -0.041021843 0.477405548 211.776901245
0.479294151 0.023762571 -0.877332628 175.857482910 0.023261556 0.998938322 0.039764248 -7.987705231 0.877346039 -0.039466891 0.478232533 212.193145752
0.479480833 0.023892662 -0.877227008 175.095108032 0.023149624 0.998937070 0.039860900 -7.963861465 0.877246916 -0.039420024 0.478418112 212.607711792
0.479012549 0.024011383 -0.877479613 174.325302124 0.023442741 0.998919308 0.040131763 -7.937636375 0.877494991 -0.039794151 0.477932036 213.028884888
0.478710711 0.025522916 -0.877601624 173.555328369 0.024913313 0.998779953 0.042636704 -7.915667057 0.877619207 -0.042274609 0.477490783 213.451477051
0.478096962 0.025184846 -0.877945960 172.783065796 0.025708186 0.998759270 0.042650230 -7.890380383 0.877930760 -0.042961344 0.476856261 213.877273560
0.478249997 0.027829884 -0.877782702 172.007339478 0.022743961 0.998769999 0.044057544 -7.865169525 0.877929270 -0.041034780 0.477028817 214.284576416
0.477995813 0.028902510 -0.877886415 171.239425659 0.024202785 0.998645663 0.046056293 -7.839745998 0.878028631 -0.043262009 0.476648808 214.710922241
0.478028387 0.027138242 -0.877925038 170.477890015 0.028894193 0.998495638 0.046598129 -7.814693928 0.877869010 -0.047642168 0.476525098 215.132476807
0.477459520 0.022863243 -0.878356218 169.717590332 0.029626161 0.998674035 0.042099342 -7.791016579 0.878154159 -0.046123054 0.476149142 215.546051025
0.476889491 0.014675036 -0.878840685 168.964889526 0.029895587 0.999011278 0.032904048 -7.768181801 0.878454685 -0.041965056 0.475979328 215.948883057
0.475220889 0.009754094 -0.879812419 168.204437256 0.032695428 0.999052227 0.028736126 -7.741895676 0.879258811 -0.042421840 0.474451631 216.360702515
0.474284887 0.011443400 -0.880297065 167.461380005 0.036670379 0.998790920 0.032740965 -7.725476265 0.879607379 -0.047809381 0.473291814 216.767959595
0.473837763 0.018569073 -0.880416393 166.710769653 0.034412403 0.998623550 0.039582878 -7.717924118 0.879939556 -0.049053110 0.472546548 217.165298462
0.473124862 0.020315651 -0.880761147 165.975906372 0.030768201 0.998743176 0.039565008 -7.699404240 0.880457938 -0.045818623 0.471905172 217.552383423
0.472466171 0.016883232 -0.881186962 165.250686646 0.032261450 0.998815119 0.036434572 -7.680306435 0.880758166 -0.045642473 0.471361786 217.938354492
0.471176147 0.013655921 -0.881933331 164.549194336 0.037200723 0.998682797 0.035338294 -7.660591602 0.881254315 -0.049459118 0.470047563 218.324676514
0.470340848 0.015959032 -0.882340550 163.858871460 0.036807310 0.998611629 0.037682574 -7.649623394 0.881716967 -0.050200243 0.469100386 218.687423706
0.468909115 0.018636972 -0.883049786 163.185211182 0.037140235 0.998476982 0.040794969 -7.635647774 0.882465184 -0.051925819 0.467502832 219.043807983
0.466183633 0.016691517 -0.884530425 162.530838013 0.039483402 0.998433352 0.039650280 -7.618391991 0.883806407 -0.053408585 0.464794189 219.392745972
0.462789357 0.016343275 -0.886317611 161.898529053 0.040292256 0.998408854 0.039448723 -7.602278709 0.885552108 -0.053968184 0.461394519 219.720932007
0.458416581 0.019202383 -0.888529956 161.282379150 0.037270878 0.998471618 0.040807437 -7.588321686 0.887955487 -0.051823094 0.457000315 220.032852173
0.452706754 0.019686906 -0.891442120 160.680953979 0.035957724 0.998539925 0.040312734 -7.566909313 0.890934110 -0.050304070 0.451337874 220.327163696
0.445096940 0.023748992 -0.895167410 160.099044800 0.032862127 0.998541713 0.042831305 -7.554789543 0.894879222 -0.048481181 0.443667412 220.611129761
0.437526911 0.025898002 -0.898832321 159.537094116 0.031838644 0.998512208 0.044268250 -7.546644688 0.898641467 -0.047986150 0.436051428 220.867721558
0.427958608 0.024574589 -0.903464258 158.988693237 0.029569106 0.998714447 0.041171920 -7.536603928 0.903314412 -0.044334501 0.426681876 221.116790771
0.416357845 0.017930448 -0.909024060 158.451934814 0.032230858 0.998885989 0.034465585 -7.527178764 0.908629298 -0.043648642 0.415316164 221.356216431
0.401221335 0.009790016 -0.915928781 157.923095703 0.037739597 0.998917162 0.027208820 -7.516337395 0.915203393 -0.045483541 0.400417268 221.586486816
0.381390840 0.005972334 -0.924394548 157.384521484 0.040865015 0.998892725 0.023313921 -7.507998466 0.923510194 -0.046667106 0.380724430 221.797668457
0.355813205 0.007722371 -0.934525192 156.838150024 0.039960474 0.998925745 0.023469171 -7.496459961 0.933702469 -0.045694709 0.355122298 221.992156982
0.326176673 0.013842853 -0.945207477 156.279953003 0.037046555 0.998937488 0.027413944 -7.484103203 0.944582641 -0.043958470 0.325317264 222.168319702
0.295239747 0.019994227 -0.955213964 155.714447021 0.033333510 0.998956859 0.031212645 -7.473109245 0.954841495 -0.041055854 0.294265300 222.327148438
0.261735767 0.024424583 -0.964830518 155.158615112 0.030784871 0.998959899 0.033639777 -7.457853794 0.964648545 -0.038506918 0.260711610 222.454696655
0.226861835 0.029796854 -0.973471045 154.614089966 0.026681712 0.998966694 0.036795262 -7.456335545 0.973561466 -0.034321316 0.225832358 222.546844482
0.190698802 0.032646000 -0.981105566 154.064437866 0.025129938 0.998956978 0.038124550 -7.443866730 0.981326938 -0.031925432 0.189679503 222.639877319
0.156694114 0.034917511 -0.987029791 153.533599854 0.021842966 0.999007881 0.038808897 -7.436141491 0.987405539 -0.027640780 0.155775964 222.687545776
0.121812917 0.036553036 -0.991879821 152.984634399 0.020517105 0.999015391 0.039335705 -7.422962189 0.992340982 -0.025142096 0.120943010 222.725646973
0.086897083 0.038315158 -0.995480299 152.429733276 0.017361052 0.999050081 0.039968036 -7.412355900 0.996065974 -0.020755691 0.086149365 222.742797852
0.051924784 0.037017711 -0.997964621 151.869003296 0.013135247 0.999201059 0.037747007 -7.391251087 0.998564661 -0.015068518 0.051397055 222.753112793
0.019985303 0.036876533 -0.999119878 151.293594360 0.006317578 0.999294996 0.037009358 -7.372622013 0.999780416 -0.007051662 0.019738236 222.727981567
-0.007389727 0.038926635 -0.999214709 150.712905884 0.001597359 0.999241233 0.038915854 -7.351107597 0.999971509 -0.001308527 -0.007446306 222.696060181
-0.029514937 0.043416765 -0.998620927 150.119232178 0.001968846 0.999056816 0.043377515 -7.327887535 0.999562383 -0.000685847 -0.029572576 222.664199829
-0.047398794 0.050291974 -0.997609198 149.508773804 0.000665871 0.998733103 0.050316986 -7.301968575 0.998875737 0.001720685 -0.047372229 222.617950439
-0.061023239 0.057301275 -0.996490180 148.884765625 -0.001854917 0.998342574 0.057521380 -7.280327320 0.998134553 0.005358547 -0.060815796 222.562438965
-0.072667375 0.058176324 -0.995658040 148.254608154 -0.007332971 0.998239160 0.058862329 -7.252392292 0.997329235 0.011578503 -0.072112828 222.499938965
-0.082086049 0.058893740 -0.994883597 147.619293213 -0.011428996 0.998131156 0.060028970 -7.217068195 0.996559739 0.016298061 -0.081259571 222.432388306
-0.086768135 0.059067000 -0.994475961 146.957199097 -0.010638217 0.998128891 0.060212154 -7.178648949 0.996171832 0.015803946 -0.085977428 222.363601685
-0.089538038 0.058797773 -0.994246244 146.285949707 -0.006574385 0.998199344 0.059623607 -7.139160633 0.995961785 0.011875140 -0.088990256 222.307418823
-0.091169566 0.059150655 -0.994077146 145.594863892 -0.001653616 0.998224080 0.059549063 -7.109649181 0.995834053 0.007072885 -0.090909816 222.243789673
-0.092546590 0.056644183 -0.994095862 144.889648438 0.000205022 0.998381674 0.056869298 -7.071372509 0.995708406 0.005059248 -0.092408426 222.178924561
-0.092551164 0.052143734 -0.994341671 144.178482056 0.004225779 0.998639464 0.051975779 -7.040359020 0.995699048 0.000608552 -0.092645586 222.108718872
-0.092872232 0.047852654 -0.994527459 143.437088013 0.009124798 0.998843312 0.047208216 -7.005128384 0.995636225 -0.004690527 -0.093201473 222.051696777
-0.092276931 0.045729969 -0.994682729 142.687286377 0.011569181 0.998926640 0.044851799 -6.967809677 0.995666206 -0.007368877 -0.092706956 221.981399536
-0.091608718 0.047890291 -0.994642854 141.914886475 0.011796328 0.998824954 0.047005177 -6.932981968 0.995725274 -0.007427047 -0.092065997 221.907135010
-0.090238340 0.053572997 -0.994478166 141.111755371 0.012381270 0.998535335 0.052668083 -6.895872593 0.995843232 -0.007560224 -0.090769485 221.837677002
-0.088719718 0.056468498 -0.994454682 140.302108765 0.013327189 0.998369694 0.055501826 -6.858614922 0.995967507 -0.008329180 -0.089327648 221.769607544
-0.085953832 0.052012704 -0.994940460 139.491592407 0.010859929 0.998625875 0.051267173 -6.822115421 0.996240020 -0.006398376 -0.086400576 221.692779541
-0.082090400 0.043432657 -0.995678008 138.664489746 0.009106271 0.999041021 0.042828560 -6.783756733 0.996583343 -0.005551100 -0.082407184 221.616958618
-0.078106932 0.037576508 -0.996236622 137.819366455 0.012769918 0.999245286 0.036688786 -6.741868496 0.996863306 -0.009856212 -0.078527831 221.554504395
-0.073423691 0.038477112 -0.996558368 136.958999634 0.018559342 0.999135196 0.037209202 -6.712063789 0.997128129 -0.015763426 -0.074074313 221.493087769
-0.068330228 0.041412059 -0.996802866 136.071258545 0.023591010 0.998925865 0.039883103 -6.687050343 0.997383714 -0.020790366 -0.069233790 221.432983398
-0.064304993 0.044507075 -0.996937335 135.167434692 0.024661068 0.998770714 0.042998224 -6.655059814 0.997625470 -0.021820536 -0.065323547 221.378051758
-0.059849653 0.046707295 -0.997114003 134.257995605 0.026139507 0.998635471 0.045209590 -6.614303589 0.997865081 -0.023358285 -0.060988884 221.322204590
-0.055839274 0.050748680 -0.997149348 133.336639404 0.028603811 0.998378754 0.049209472 -6.582180977 0.998029947 -0.025774444 -0.057200357 221.274642944
-0.052649315 0.051872827 -0.997264922 132.404495239 0.027070023 0.998357177 0.050500497 -6.539178371 0.998246074 -0.024337165 -0.053967021 221.219284058
-0.050436337 0.048053905 -0.997570574 131.465469360 0.034482624 0.998329997 0.046347074 -6.498000622 0.998131812 -0.032061275 -0.052009128 221.184432983
-0.048222478 0.043677155 -0.997881174 130.484634399 0.042595390 0.998224616 0.041633762 -6.458173275 0.997927964 -0.040497448 -0.049997311 221.139251709
-0.047651924 0.035071265 -0.998248100 129.513061523 0.041855570 0.998575687 0.033084773 -6.420881748 0.997986615 -0.040205687 -0.049051989 221.087966919
-0.047850177 0.029925037 -0.998406172 128.531814575 0.045205612 0.998591900 0.027764048 -6.396397591 0.997831047 -0.043805044 -0.049135581 221.040878296
-0.048022125 0.028513582 -0.998439193 127.516014099 0.048082832 0.998499632 0.026202660 -6.370411396 0.997688293 -0.046749488 -0.049321085 221.003524780
-0.047268242 0.035781659 -0.998241127 126.514099121 0.041358542 0.998571396 0.033835109 -6.344034195 0.998025715 -0.039686479 -0.048680581 220.937164307
-0.047235515 0.047955673 -0.997731984 125.483337402 0.038554035 0.998190105 0.046152428 -6.316215038 0.998139501 -0.036286548 -0.048998907 220.874237061
-0.049149416 0.057376914 -0.997142076 124.453063965 0.036667034 0.997779250 0.055606246 -6.275399685 0.998118222 -0.033829223 -0.051144108 220.817504883
-0.051535610 0.057594169 -0.997009039 123.440864563 0.037433676 0.997745454 0.055701759 -6.240684986 0.997969389 -0.034451090 -0.053575382 220.759002686
-0.054143023 0.047636114 -0.997396290 122.431922913 0.041752439 0.998095870 0.045403015 -6.197239399 0.997659922 -0.039185461 -0.056028843 220.708206177
-0.057053491 0.038379483 -0.997633219 121.425773621 0.042990241 0.998428464 0.035951518 -6.162718296 0.997445166 -0.040837336 -0.058613773 220.651107788
-0.059575696 0.035314821 -0.997598827 120.401924133 0.044720456 0.998465061 0.032674823 -6.136939526 0.997221529 -0.042666450 -0.061063547 220.586761475
-0.062378347 0.037541673 -0.997346222 119.376686096 0.045332730 0.998367608 0.034744814 -6.114211559 0.997022510 -0.043045104 -0.063978374 220.520721436
-0.064911306 0.041342627 -0.997034192 118.350303650 0.042924028 0.998332322 0.038601909 -6.089423656 0.996967375 -0.040291026 -0.066577651 220.444717407
-0.066323839 0.048523851 -0.996617556 117.326560974 0.043471761 0.998008907 0.045698594 -6.055540085 0.996850789 -0.040293809 -0.068301201 220.372070312
-0.067639016 0.056384612 -0.996115327 116.298324585 0.042776272 0.997647643 0.053566724 -6.016058445 0.996792436 -0.038986899 -0.069891833 220.298110962
-0.068887308 0.056821287 -0.996004999 115.286956787 0.039845172 0.997736752 0.054164242 -5.977688789 0.996828437 -0.035954759 -0.070995457 220.220062256
-0.069712058 0.050327640 -0.996296823 114.297302246 0.038252346 0.998126864 0.047743522 -5.947790146 0.996833503 -0.034782391 -0.071506642 220.141632080
-0.070779927 0.043005999 -0.996564507 113.300460815 0.040785100 0.998359442 0.040186740 -5.911823750 0.996657908 -0.037800565 -0.072417825 220.071746826
-0.071338326 0.041881129 -0.996572554 112.304573059 0.039906587 0.998437822 0.039102864 -5.882063866 0.996653557 -0.036980268 -0.072898217 219.996093750
-0.070082903 0.046498630 -0.996456802 111.296432495 0.041974988 0.998165786 0.043626178 -5.855025291 0.996657670 -0.038768824 -0.071906134 219.914031982
-0.070003897 0.053543869 -0.996108651 110.294532776 0.041523866 0.997849345 0.050719239 -5.819056511 0.996682167 -0.037811741 -0.072076693 219.840286255
-0.069849268 0.055555560 -0.996009350 109.308670044 0.043052237 0.997685552 0.052629836 -5.788090706 0.996628106 -0.039204270 -0.072079398 219.769348145
-0.068484001 0.052365046 -0.996276975 108.324295044 0.042295810 0.997875988 0.049541682 -5.748408794 0.996755242 -0.038745526 -0.070553370 219.695846558
-0.067147151 0.046958167 -0.996637404 107.357521057 0.042712774 0.998111427 0.044149898 -5.716829777 0.996828437 -0.039604608 -0.069026046 219.627731323
-0.066311322 0.043265529 -0.996860504 106.387374878 0.044957753 0.998174429 0.040331949 -5.688516140 0.996785581 -0.042142149 -0.068135388 219.562347412
-0.065351278 0.035525102 -0.997229755 105.416893005 0.048214097 0.998311341 0.032404024 -5.667720795 0.996696889 -0.045962896 -0.066953726 219.500686646
-0.064592533 0.034313459 -0.997321606 104.437942505 0.049391076 0.998293579 0.031148048 -5.643414974 0.996688724 -0.047246858 -0.066177092 219.439849854
-0.063175134 0.039981641 -0.997201264 103.469421387 0.052452069 0.997949183 0.036688667 -5.620194435 0.996623158 -0.049987461 -0.065142713 219.381271362
-0.062022470 0.047635481 -0.996937275 102.492561340 0.056668982 0.997417152 0.044132859 -5.599054813 0.996464670 -0.053758193 -0.064561732 219.327514648
-0.060419850 0.047632739 -0.997035861 101.529411316 0.055405635 0.997480869 0.044296443 -5.570721626 0.996634185 -0.052565027 -0.062906772 219.260879517
-0.059676148 0.046299450 -0.997143626 100.569763184 0.055227481 0.997546911 0.043012973 -5.535751343 0.996688843 -0.052502863 -0.062086757 219.199340820
-0.059576806 0.044994671 -0.997209191 99.613502502 0.060487989 0.997310638 0.041385479 -5.509676456 0.996389389 -0.057853565 -0.062138211 219.147293091
-0.059964746 0.043435417 -0.997255027 98.661712646 0.063197464 0.997213900 0.039633557 -5.483491898 0.996197879 -0.060647376 -0.062542684 219.093505859
-0.060784113 0.042117041 -0.997261941 97.718338013 0.063501246 0.997248709 0.038246006 -5.458729744 0.996128917 -0.061002631 -0.063291363 219.032058716
-0.061942469 0.046086881 -0.997015059 96.766799927 0.067671463 0.996828496 0.041873969 -5.431569099 0.995782971 -0.064875685 -0.064864784 218.975402832
-0.063623928 0.051703498 -0.996633887 95.813674927 0.070218757 0.996413887 0.047209416 -5.397204876 0.995500565 -0.066978715 -0.067026325 218.918594360
-0.065718696 0.052564833 -0.996452868 94.884223938 0.069084540 0.996455073 0.048008643 -5.367344379 0.995443821 -0.065684400 -0.069117144 218.850067139
-0.067748085 0.051279068 -0.996383905 93.971992493 0.068734027 0.996545374 0.046613894 -5.339527130 0.995332062 -0.065327473 -0.071038656 218.772872925
-0.071965471 0.052614935 -0.996018410 93.031204224 0.068464287 0.996512830 0.047694288 -5.303226471 0.995054603 -0.064759344 -0.075316764 218.723114014
-0.075031914 0.056622665 -0.995572329 92.127563477 0.065348715 0.996519506 0.051751509 -5.277213097 0.995037615 -0.061176348 -0.078470998 218.644424438
-0.078361541 0.057368483 -0.995272994 91.223312378 0.062377747 0.996668816 0.052537709 -5.243925095 0.994971693 -0.057965953 -0.081679024 218.564392090
-0.080853008 0.055250369 -0.995193541 90.343742371 0.061035838 0.996863067 0.050384294 -5.211484432 0.994855404 -0.056668743 -0.083971635 218.479888916
-0.084460504 0.053007964 -0.995015919 89.458740234 0.061839055 0.996937931 0.047861241 -5.173088551 0.994506061 -0.057488464 -0.087479837 218.413604736
-0.085769802 0.052403804 -0.994935811 88.608551025 0.061107609 0.997012436 0.047245312 -5.152318478 0.994439244 -0.056745943 -0.088715844 218.326446533
-0.086924843 0.052196924 -0.994846523 87.770530701 0.058688123 0.997160375 0.047190446 -5.127282143 0.994484723 -0.054283664 -0.089741342 218.247222900
-0.087717734 0.050904248 -0.994843841 86.941864014 0.057590328 0.997282147 0.045951139 -5.103791714 0.994479179 -0.053262658 -0.090410933 218.173751831
-0.087905079 0.051996276 -0.994770885 86.132377625 0.057293970 0.997247458 0.047062814 -5.077923775 0.994479775 -0.052857317 -0.090642184 218.098678589
-0.087736271 0.054179024 -0.994669378 85.349670410 0.054102011 0.997305155 0.049550459 -5.054287910 0.994673491 -0.049466245 -0.090431049 218.027450562
-0.085906953 0.055346854 -0.994764686 84.584625244 0.050588958 0.997410059 0.051125236 -5.031829834 0.995018005 -0.045932095 -0.088484399 217.952713013
-0.083910905 0.056242749 -0.994884789 83.846786499 0.050321989 0.997371197 0.052139033 -5.009464741 0.995201826 -0.045689553 -0.086520553 217.899826050
-0.079146340 0.057428386 -0.995207548 83.129386902 0.051224809 0.997254610 0.053472739 -4.980133057 0.995546043 -0.046747144 -0.081870794 217.842529297
-0.072570264 0.058915913 -0.995621681 82.434036255 0.049721479 0.997226238 0.055386696 -4.958056927 0.996123195 -0.045484353 -0.075298347 217.786499023
-0.065578647 0.058770116 -0.996115208 81.753257751 0.048238743 0.997283638 0.055663284 -4.925484180 0.996680737 -0.044401038 -0.068235509 217.760772705
-0.054768872 0.057922956 -0.996817589 81.093482971 0.046299558 0.997389555 0.055412322 -4.899632454 0.997425079 -0.043117348 -0.057307705 217.722473145
-0.040550075 0.055607464 -0.997628927 80.456268311 0.045783810 0.997504830 0.053739600 -4.877417564 0.998128116 -0.043496113 -0.042994808 217.695983887
-0.023784846 0.053037684 -0.998309255 79.841735840 0.047089271 0.997542799 0.051875066 -4.861131668 0.998607576 -0.045775816 -0.026223900 217.688903809
-0.002742956 0.052648794 -0.998609304 79.244522095 0.049017671 0.997419655 0.052451439 -4.851649284 0.998794138 -0.048805628 -0.005316599 217.686981201
0.019852024 0.051696569 -0.998465478 78.641761780 0.048611362 0.997431278 0.052609544 -4.813194752 0.998620510 -0.049581174 0.017287996 217.713104248
0.043790985 0.053795919 -0.997591257 78.067810059 0.047306202 0.997317433 0.055857733 -4.815670490 0.997920036 -0.049638331 0.041128647 217.777175903
0.072070785 0.055009820 -0.995881379 77.476707458 0.043589834 0.997350097 0.058245495 -4.787128448 0.996446550 -0.047608107 0.069481947 217.828216553
0.102677047 0.055487115 -0.993165970 76.896812439 0.040442396 0.997384489 0.059903886 -4.763917446 0.993892252 -0.046316762 0.100164481 217.906524658
0.138048619 0.054059725 -0.988949001 76.325180054 0.039503213 0.997414231 0.060036775 -4.742657185 0.989637434 -0.047354661 0.135556132 217.987792969
0.175762430 0.050582521 -0.983132184 75.750625610 0.034233082 0.997760952 0.057455301 -4.714576244 0.983837247 -0.043754127 0.173637331 218.095626831
0.217429549 0.047139637 -0.974937081 75.180114746 0.025814421 0.998206019 0.054021839 -4.691526413 0.975734711 -0.036913376 0.215822607 218.195938110
0.260192186 0.043436773 -0.964579344 74.616958618 0.019404782 0.998550653 0.050200935 -4.653437614 0.965361893 -0.031779341 0.258972198 218.337799072
0.304797739 0.043246508 -0.951434731 74.085304260 0.011494230 0.998728752 0.049078461 -4.647577763 0.952347755 -0.025895009 0.303913176 218.516937256
0.347849756 0.043414988 -0.936544538 73.632942200 0.002510752 0.998880565 0.047237214 -4.638466358 0.937546909 -0.018782884 0.347351372 218.768295288
0.398073167 0.043172855 -0.916337252 73.121261597 -0.009519675 0.999032676 0.042933501 -4.611067772 0.917304337 -0.008367441 0.398099095 218.998474121
0.449706763 0.043846224 -0.892099321 72.627418518 -0.009867243 0.998977423 0.044125143 -4.591082096 0.893121719 -0.011040819 0.449679524 219.279708862
0.501635075 0.045969076 -0.863857090 72.142059326 -0.012748265 0.998871565 0.045750882 -4.572168827 0.864985347 -0.011937570 0.501655042 219.595504761
0.554501593 0.049467556 -0.830711067 71.674736023 -0.015999714 0.998680949 0.048790064 -4.542766094 0.832028806 -0.013763030 0.554561734 219.936782837
0.604811370 0.051609427 -0.794694722 71.234924316 -0.017010158 0.998507500 0.051899754 -4.536841869 0.796187103 -0.017871680 0.604786515 220.306640625
0.653561175 0.047301862 -0.755394042 70.838043213 -0.015235945 0.998665154 0.049353175 -4.501561165 0.756720245 -0.020746185 0.653409541 220.673049927
0.696766555 0.042667061 -0.716027856 70.453887939 -0.015376829 0.998888373 0.044559121 -4.486789703 0.717133164 -0.020037070 0.696648121 221.093566895
0.736171186 0.040620331 -0.675575256 70.090126038 -0.021489797 0.999096811 0.036655392 -4.476727486 0.676454067 -0.012466674 0.736379266 221.543746948
0.773063779 0.039273057 -0.633111358 69.741119385 -0.031034365 0.999228001 0.024089281 -4.456523895 0.633568704 0.001025656 0.773685813 221.988845825
0.806530356 0.032548439 -0.590295911 69.431274414 -0.029978808 0.999450445 0.014148370 -4.439293861 0.590432048 0.006285276 0.807062924 222.473342896
0.839293957 0.023774879 -0.543157697 69.113464355 -0.022243138 0.999708474 0.009388465 -4.427968502 0.543222547 0.004201851 0.839578211 222.985885620
0.868387640 0.018188847 -0.495552182 68.846801758 -0.016058939 0.999834478 0.008557022 -4.424154758 0.495625764 0.000527230 0.868536055 223.531570435
0.893611491 0.018101778 -0.448476017 68.604660034 -0.015111950 0.999833345 0.010244799 -4.425459862 0.448586792 -0.002377524 0.893736124 224.098602295
0.915655792 0.018462075 -0.401539057 68.376266479 -0.016043896 0.999827325 0.009384391 -4.430543900 0.401642948 -0.002150621 0.915793777 224.679534912
0.934390545 0.015414744 -0.355916470 68.177513123 -0.012770268 0.999870658 0.009778495 -4.430481911 0.356021225 -0.004591786 0.934466541 225.295440674
0.950806677 0.015657824 -0.309388787 67.960655212 -0.013551060 0.999868095 0.008957395 -4.425324440 0.309488207 -0.004324205 0.950893462 225.930480957
0.964133143 0.019352162 -0.264712721 67.801795959 -0.018081510 0.999810338 0.007236180 -4.428188324 0.264802545 -0.002190235 0.964300156 226.570236206
0.974622428 0.018521480 -0.223087370 67.667671204 -0.018240962 0.999828100 0.003318186 -4.433612347 0.223110467 0.000835350 0.974792838 227.229476929
0.982458651 0.008169814 -0.186301425 67.575599670 -0.009483131 0.999936044 -0.006159332 -4.440687180 0.186239198 0.007818008 0.982473373 227.903091431
0.987777233 0.002077981 -0.155858010 67.497795105 -0.004419985 0.999882460 -0.014681469 -4.450249672 0.155809164 0.015190911 0.987670362 228.565734863
0.991820633 -0.000326696 -0.127639413 67.416175842 -0.002025034 0.999830604 -0.018294593 -4.447844982 0.127623767 0.018403426 0.991651893 229.242584229
0.994439840 0.000483388 -0.105305828 67.352851868 -0.001954991 0.999901891 -0.013871788 -4.454432011 0.105288796 0.014000528 0.994343102 229.952255249
0.996232331 0.000190555 -0.086723909 67.295616150 -0.000484786 0.999994159 -0.003371685 -4.465975285 0.086722769 0.003401024 0.996226668 230.676254272
0.997494817 0.003125999 -0.070670418 67.241233826 -0.002684343 0.999976218 0.006343612 -4.473165035 0.070688568 -0.006138016 0.997479558 231.412414551
0.998295128 -0.000262865 -0.058367506 67.205818176 0.000849079 0.999949396 0.010018918 -4.476099968 0.058361921 -0.010051397 0.998244822 232.151992798
0.998694897 -0.009286190 -0.050222553 67.181816101 0.009774130 0.999907196 0.009478753 -4.476162434 0.050129883 -0.009957266 0.998693049 232.902481079
0.998853683 -0.015403964 -0.045321319 67.162040710 0.015685331 0.999859750 0.005859223 -4.473750114 0.045224711 -0.006563386 0.998955250 233.662231445
0.998970151 -0.018054945 -0.041622471 67.127098083 0.018156704 0.999832988 0.002068016 -4.478835583 0.041578170 -0.002821613 0.999131203 234.412857056
0.998975098 -0.019806225 -0.040698223 67.100616455 0.019772284 0.999803662 -0.001236380 -4.481337547 0.040714718 0.000430417 0.999170721 235.187393188
0.998965442 -0.020727422 -0.040476598 67.066535950 0.020740703 0.999784887 -0.000091834 -4.486503124 0.040469792 -0.000747774 0.999180436 235.967193604
0.998981416 -0.021764565 -0.039525930 67.035850525 0.021923063 0.999753296 0.003580990 -4.495980263 0.039438229 -0.004443871 0.999212086 236.763366699
0.998825192 -0.027196556 -0.040107954 67.017120361 0.027437314 0.999608636 0.005464501 -4.497973919 0.039943650 -0.006558537 0.999180436 237.548965454
0.998713195 -0.029486449 -0.041262593 66.985488892 0.029491561 0.999564946 -0.000484895 -4.504038334 0.041258942 -0.000732627 0.999148250 238.346237183
0.998632133 -0.031872600 -0.041451897 66.954101562 0.031555183 0.999467671 -0.008289524 -4.513656139 0.041694038 0.006970161 0.999106228 239.158752441
0.998185277 -0.042575903 -0.042583860 66.935371399 0.041980963 0.999009252 -0.014769363 -4.516873360 0.043170486 0.012954850 0.998983681 239.954208374
0.997650862 -0.052171726 -0.044394813 66.911888123 0.051436987 0.998522401 -0.017535221 -4.535007000 0.045244049 0.015210492 0.998860180 240.779586792
0.997074366 -0.061280340 -0.045686621 66.880233765 0.060539953 0.998013854 -0.017418101 -4.557384014 0.046663262 0.014601279 0.998803973 241.604385376
0.996670902 -0.065974519 -0.047899336 66.850181580 0.065425098 0.997773468 -0.012950337 -4.568011284 0.048647076 0.009773405 0.998768151 242.450119019
0.996515751 -0.065870546 -0.051161185 66.814758301 0.065681048 0.997826159 -0.005378113 -4.581581593 0.051404219 0.001999053 0.998675942 243.308334351
0.996589839 -0.062478650 -0.053900260 66.764572144 0.062739484 0.998025000 0.003159152 -4.597011566 0.053596430 -0.006530053 0.998541296 244.171478271
0.996898055 -0.055231504 -0.056070466 66.707824707 0.055711675 0.998422146 0.007035706 -4.597749233 0.055593394 -0.010137659 0.998402059 245.044143677
0.997184634 -0.048956834 -0.056799155 66.650794983 0.049661547 0.998704910 0.011061693 -4.600148201 0.056184046 -0.013851282 0.998324335 245.914321899
0.997439861 -0.041921053 -0.057934605 66.584655762 0.042689960 0.999015152 0.012098082 -4.602502346 0.057370387 -0.014540337 0.998247027 246.809417725
0.997490823 -0.040256694 -0.058236565 66.526351929 0.040690634 0.999152064 0.006284141 -4.602158546 0.057934202 -0.008638056 0.998283029 247.707443237
0.997504592 -0.039001033 -0.058852457 66.468238831 0.038879871 0.999238849 -0.003202851 -4.605250835 0.058932573 0.000906681 0.998261571 248.612777710
0.997592092 -0.037314638 -0.058462493 66.409881592 0.036852743 0.999280572 -0.008959465 -4.609428406 0.058754750 0.006783387 0.998249412 249.509368896
0.997633100 -0.036526129 -0.058259081 66.367416382 0.036074918 0.999310553 -0.008778400 -4.622964859 0.058539566 0.006655930 0.998262942 250.406692505
0.997818172 -0.032483835 -0.057478867 66.309082031 0.032380946 0.999471962 -0.002720810 -4.637731075 0.057536900 0.000853654 0.998343050 251.350479126
0.998045802 -0.027587356 -0.056067117 66.250152588 0.027721994 0.999614418 0.001624874 -4.649025440 0.056000676 -0.003175993 0.998425663 252.289703369
0.998210132 -0.024659738 -0.054483868 66.191390991 0.025074799 0.999661446 0.006947519 -4.653307915 0.054294091 -0.008301257 0.998490512 253.258773804
0.998322248 -0.021474030 -0.053774342 66.142875671 0.022101983 0.999693990 0.011110162 -4.649501801 0.053519301 -0.012280040 0.998491347 254.225112915
0.998451829 -0.019944049 -0.051925678 66.078887939 0.020593718 0.999715805 0.012006586 -4.648804665 0.051671457 -0.013057342 0.998578846 255.217834473
0.998510659 -0.019605378 -0.050912518 66.029617310 0.019902376 0.999787807 0.005333005 -4.659668922 0.050797150 -0.006338343 0.998688936 256.193145752
0.998504937 -0.020242363 -0.050774205 65.970596313 0.019973639 0.999783695 -0.005794488 -4.658877850 0.050880522 0.004771679 0.998693347 257.195953369
0.998382628 -0.023136480 -0.051931344 65.924079895 0.022748882 0.999708951 -0.008042537 -4.665922642 0.052102301 0.006848149 0.998618305 258.197143555
0.998341143 -0.020599913 -0.053763710 65.860221863 0.020713696 0.999784291 0.001559944 -4.673628330 0.053719975 -0.002671001 0.998552501 259.242828369
0.998254001 -0.021756588 -0.054913543 65.808189392 0.022444943 0.999676704 0.011949721 -4.681194782 0.054635808 -0.013161391 0.998419642 260.255340576
0.998198628 -0.021037921 -0.056185596 65.749557495 0.021808483 0.999675870 0.013136754 -4.680284977 0.055891018 -0.014338415 0.998333931 261.292205811
0.998142779 -0.021217840 -0.057105843 65.686309814 0.021691376 0.999735177 0.007685171 -4.680904388 0.056927666 -0.008909603 0.998338580 262.323669434
0.998046875 -0.024382822 -0.057514615 65.620498657 0.024574820 0.999694467 0.002633210 -4.681660652 0.057432842 -0.004041479 0.998341262 263.372985840
0.997980058 -0.022821413 -0.059286885 65.562034607 0.022919824 0.999736786 0.000980377 -4.686381340 0.059248909 -0.002337240 0.998240530 264.417633057
0.997937143 -0.023165666 -0.059873290 65.495750427 0.023370581 0.999723196 0.002724366 -4.691941261 0.059793606 -0.004118019 0.998202264 265.471405029
0.997907877 -0.022831539 -0.060487155 65.429595947 0.023188358 0.999717653 0.005203601 -4.700038910 0.060351264 -0.006595312 0.998155475 266.526794434
0.997946978 -0.019339455 -0.061057586 65.353576660 0.019843254 0.999773860 0.007655557 -4.704850197 0.060895719 -0.008851421 0.998104930 267.590667725
0.997934341 -0.018262420 -0.061593357 65.289634705 0.018946420 0.999764979 0.010539346 -4.708699226 0.061386414 -0.011684548 0.998045743 268.656616211
0.997878075 -0.018523388 -0.062419839 65.228958130 0.019381413 0.999725461 0.013168700 -4.707159996 0.062158778 -0.014350542 0.997963190 269.727874756
0.997854054 -0.018491283 -0.062811702 65.154365540 0.019322470 0.999733269 0.012651376 -4.709726810 0.062561005 -0.013837904 0.997945309 270.784698486
0.997803509 -0.022511020 -0.062300846 65.090728760 0.023042722 0.999703765 0.007828978 -4.714952946 0.062106147 -0.009247360 0.998026729 271.840545654
0.997752786 -0.023106748 -0.062893212 65.022575378 0.023328600 0.999723911 0.002795228 -4.712777138 0.062811255 -0.004256158 0.998016417 272.890838623
0.997687221 -0.022983762 -0.063968606 64.953910828 0.023252256 0.999723673 0.003455881 -4.736137390 0.063871495 -0.004935303 0.997945905 273.948669434
0.997528791 -0.025535069 -0.065454096 64.889533997 0.025702521 0.999668181 0.001717373 -4.747974396 0.065388523 -0.003395464 0.997854054 275.004821777
0.997474790 -0.025179813 -0.066408448 64.812675476 0.025042813 0.999682188 -0.002894754 -4.758883476 0.066460229 0.001224390 0.997788310 276.047088623
0.997434318 -0.024707252 -0.067189105 64.732864380 0.024499604 0.999692202 -0.003912849 -4.771491528 0.067265093 0.002256703 0.997732580 277.104858398
0.997392058 -0.023154372 -0.068358302 64.664314270 0.023446312 0.999719083 0.003471453 -4.779877186 0.068258710 -0.005065151 0.997654796 278.131958008
0.997371137 -0.022523778 -0.068873271 64.588333130 0.023413366 0.999652147 0.012136373 -4.786219597 0.068575956 -0.013717023 0.997551620 279.188323975
0.997400224 -0.021111358 -0.068899579 64.508728027 0.022021839 0.999679565 0.012481832 -4.789423466 0.068613984 -0.013966678 0.997545481 280.240081787
0.997497976 -0.019429645 -0.067972541 64.443397522 0.019903196 0.999782085 0.006296410 -4.797395229 0.067835391 -0.007633529 0.997667313 281.259338379
0.997633100 -0.016535308 -0.066744514 64.364212036 0.016735779 0.999856949 0.002445397 -4.802369118 0.066694520 -0.003556628 0.997767150 282.300750732
0.997753203 -0.014520985 -0.065402791 64.287628174 0.014630887 0.999892235 0.001201674 -4.814938545 0.065378293 -0.002155875 0.997858226 283.335540771
0.997849166 -0.012080857 -0.064427115 64.216239929 0.012391698 0.999913454 0.004427252 -4.829309940 0.064368054 -0.005216091 0.997912645 284.371795654
0.997928202 -0.010057598 -0.063546546 64.142417908 0.010447485 0.999928594 0.005806101 -4.833806038 0.063483618 -0.006457974 0.997961998 285.431030273
0.997991502 -0.006416062 -0.063022189 64.076065063 0.006963270 0.999939919 0.008466964 -4.841954708 0.062964089 -0.008888797 0.997976243 286.454772949
0.998015046 -0.006277241 -0.062662199 64.004356384 0.006658209 0.999960601 0.005872725 -4.850610256 0.062622875 -0.006278286 0.998017550 287.481781006
0.998014092 -0.005167824 -0.062777326 63.937381744 0.005325457 0.999983072 0.002343899 -4.858123779 0.062764168 -0.002673563 0.998024821 288.516601562
0.998013496 -0.003777254 -0.062887922 63.867725372 0.003756497 0.999992847 -0.000448304 -4.863327026 0.062889166 0.000211176 0.998020470 289.547149658
0.998037100 -0.001981029 -0.062595315 63.791522980 0.002147716 0.999994278 0.002595753 -4.874751091 0.062589824 -0.002725094 0.998035610 290.571075439
0.998079002 -0.000318649 -0.061954953 63.718101501 0.000683800 0.999982536 0.005872708 -4.884376526 0.061952002 -0.005903791 0.998061657 291.605499268
0.998079538 0.000891772 -0.061938800 63.657058716 -0.000268339 0.999949217 0.010072890 -4.887022972 0.061944637 -0.010036925 0.998029113 292.625549316
0.998058796 0.003124565 -0.062202126 63.591445923 -0.002497117 0.999945223 0.010162443 -4.898904800 0.062230479 -0.009987387 0.998011827 293.654327393
0.998039782 -0.000926401 -0.062577076 63.525890350 0.001536249 0.999951720 0.009698141 -4.901166916 0.062565073 -0.009775263 0.997992992 294.678558350
0.997912407 -0.007718626 -0.064119168 63.463722229 0.008202014 0.999939859 0.007279087 -4.907018185 0.064059116 -0.007789798 0.997915685 295.703521729
0.997768164 -0.007500710 -0.066350810 63.407901764 0.007930354 0.999949276 0.006214330 -4.908553600 0.066300832 -0.006726646 0.997776985 296.697540283
0.997595668 -0.004729033 -0.069141075 63.330303192 0.004936801 0.999983788 0.002834419 -4.919772148 0.069126554 -0.003168941 0.997602880 297.704467773
0.997435927 -0.008837131 -0.071017802 63.262229919 0.009244604 0.999942601 0.005410967 -4.922656059 0.070965916 -0.006053624 0.997460365 298.712158203
0.997223198 -0.004105898 -0.074357808 63.185287476 0.005179891 0.999884963 0.014256493 -4.926576138 0.074290715 -0.014602069 0.997129738 299.714019775
0.997000456 0.000309951 -0.077395946 63.096672058 0.001330466 0.999775648 0.021142665 -4.927618980 0.077385113 -0.021182219 0.996776283 300.723266602
0.996794522 0.001226105 -0.079995066 63.010738373 0.000482336 0.999772310 0.021334002 -4.926465034 0.080003001 -0.021304203 0.996566951 301.729339600
0.996510863 -0.001730555 -0.083445571 62.938655853 0.003142314 0.999854267 0.016789952 -4.918611050 0.083404347 -0.016993579 0.996370912 302.691833496
0.996229887 -0.007020727 -0.086468510 62.857513428 0.007759788 0.999936223 0.008214003 -4.918364048 0.086405329 -0.008854010 0.996220767 303.687347412
0.995923460 -0.009615989 -0.089688458 62.766590118 0.009755014 0.999951899 0.001111867 -4.919711590 0.089673445 -0.001982246 0.995969296 304.676300049
0.995540023 -0.013041847 -0.093435317 62.679969788 0.013331974 0.999908090 0.002481518 -4.934323311 0.093394361 -0.003716126 0.995622218 305.655242920
0.995082915 -0.013995886 -0.098051891 62.580631256 0.014565202 0.999880910 0.005092832 -4.943834782 0.097968943 -0.006495936 0.995168269 306.649291992
0.994553387 -0.013102384 -0.103401303 62.471481323 0.013261755 0.999911726 0.000853919 -4.955128670 0.103380986 -0.002220550 0.994639337 307.634948730
0.994056940 -0.014456577 -0.107897460 62.365375519 0.014082367 0.999891877 -0.004229387 -4.966234207 0.107946947 0.002684800 0.994153023 308.601684570
0.993545532 -0.010894461 -0.112910450 62.245197296 0.010526109 0.999937177 -0.003858012 -4.971711159 0.112945385 0.002644603 0.993597686 309.585632324
0.993041098 -0.009755399 -0.117363602 62.125400543 0.010346828 0.999936640 0.004431053 -4.987250805 0.117312945 -0.005614559 0.993079126 310.565704346
0.992414653 -0.005852260 -0.122795820 62.000801086 0.006776756 0.999951780 0.007112407 -5.001999855 0.122748271 -0.007890615 0.992406428 311.540100098
0.991769254 -0.004517514 -0.127958000 61.869979858 0.005753740 0.999940276 0.009293186 -5.005503654 0.127908394 -0.009952934 0.991735995 312.511627197
0.991319537 -0.001837264 -0.131462082 61.732547760 0.002856780 0.999967337 0.007567035 -5.004673958 0.131443888 -0.007876908 0.991292357 313.481689453
0.990903556 0.009034352 -0.134269819 61.584125519 -0.007867081 0.999926507 0.009221525 -5.010508537 0.134343281 -0.008081331 0.990901947 314.463897705
0.990612745 0.020343667 -0.135175675 61.427772522 -0.019378476 0.999776483 0.008452341 -5.020970821 0.135317445 -0.005753496 0.990785599 315.426391602
0.990295827 0.029545989 -0.135798350 61.272567749 -0.028456369 0.999545515 0.009958399 -5.022590637 0.136030868 -0.005997432 0.990686476 316.394409180
0.990269065 0.034462824 -0.134831160 61.124538422 -0.034040198 0.999405682 0.005439307 -5.029081821 0.134938493 -0.000796698 0.990853727 317.370513916
0.990483284 0.036750723 -0.132636026 60.972171783 -0.036715731 0.999322176 0.002710377 -5.035479069 0.132645741 0.002185246 0.991161108 318.335235596
0.990756392 0.036915649 -0.130533859 60.856895447 -0.037138354 0.999309838 0.000728668 -5.046099186 0.130470663 0.004125879 0.991443634 319.301544189
0.991200924 0.039427001 -0.126358166 60.722290039 -0.039115407 0.999222457 0.004947229 -5.051696777 0.126454964 0.000038852 0.991972387 320.292236328
0.991911232 0.037783831 -0.121179685 60.598217010 -0.037137292 0.999281347 0.007590258 -5.059825420 0.121379368 -0.003028577 0.992601633 321.274353027
0.992598772 0.039476480 -0.114844948 60.477325439 -0.038376309 0.999194026 0.011775722 -5.060441494 0.115217224 -0.007281243 0.993313670 322.272369385
0.993220270 0.042160720 -0.108332083 60.371719360 -0.040625803 0.999040902 0.016337814 -5.061544418 0.108916998 -0.011825972 0.993980527 323.238739014
0.993516803 0.050054528 -0.102072552 60.254020691 -0.048378546 0.998651683 0.018831020 -5.058067322 0.102877498 -0.013770816 0.994598746 324.222290039
0.993848979 0.055115301 -0.096055217 60.135002136 -0.054084610 0.998447835 0.013302889 -5.058802605 0.096639320 -0.008025955 0.995287061 325.217376709
0.994211257 0.057489503 -0.090767860 60.047180176 -0.057250977 0.998346090 0.005231481 -5.060170650 0.090918481 -0.000004649 0.995858371 326.191772461
0.994682133 0.057523992 -0.085430659 59.954727173 -0.057666138 0.998335600 0.000804963 -5.064486027 0.085334755 0.004125774 0.996343851 327.177062988
0.995354712 0.053295027 -0.080178089 59.875591278 -0.053234648 0.998577833 0.002892028 -5.072563648 0.080218166 0.001389658 0.996776402 328.171569824
0.995994925 0.046883162 -0.076132834 59.803810120 -0.046436206 0.998892128 0.007631510 -5.080478668 0.076406270 -0.004065625 0.997068524 329.168090820
0.996606708 0.039610475 -0.072152860 59.734909058 -0.039171509 0.999204457 0.007489201 -5.088730335 0.072392106 -0.004637450 0.997365475 330.172180176
0.996848702 0.037459958 -0.069924444 59.666400909 -0.037309326 0.999297857 0.003459559 -5.088831425 0.070004940 -0.000839824 0.997546315 331.177490234
0.996996105 0.039600912 -0.066562146 59.599281311 -0.039436333 0.999214947 0.003785269 -5.096442699 0.066659793 -0.001148932 0.997775078 332.171173096
0.997232795 0.040502101 -0.062340327 59.527088165 -0.040204138 0.999173343 0.006027083 -5.101272106 0.062532902 -0.003504066 0.998036742 333.184967041
0.997253895 0.044792280 -0.058976080 59.460178375 -0.044625394 0.998995125 0.004144437 -5.120346069 0.059102461 -0.001501225 0.998250842 334.182037354
0.997221172 0.048614971 -0.056448895 59.393169403 -0.048640452 0.998815894 0.000923284 -5.125244141 0.056426942 0.001824981 0.998405099 335.184967041
0.997332633 0.047890626 -0.055083402 59.334156036 -0.047693834 0.998850107 0.004882418 -5.129069328 0.055253878 -0.002242256 0.998469949 336.195068359
0.997482657 0.046110544 -0.053870805 59.279376984 -0.045462832 0.998878956 0.013188306 -5.136558056 0.054418534 -0.010705989 0.998460829 337.220031738
0.997463405 0.047531441 -0.052985888 59.217586517 -0.046776772 0.998786628 0.015394010 -5.136498928 0.053653311 -0.012876453 0.998476565 338.234191895
0.997336328 0.049949769 -0.053153444 59.158870697 -0.049521178 0.998729169 0.009350899 -5.139082909 0.053552981 -0.006693771 0.998542666 339.245605469
0.997352421 0.050470699 -0.052353624 59.096755981 -0.050446704 0.998725116 0.001780486 -5.147605896 0.052376743 0.000865296 0.998627007 340.223602295
0.997450948 0.048286766 -0.052536201 59.045528412 -0.048339844 0.998830914 0.000260638 -5.150372028 0.052487373 0.002279618 0.998619020 341.213470459
0.997597158 0.045655727 -0.052111462 58.995960236 -0.045403417 0.998950601 0.006015912 -5.160727978 0.052331440 -0.003635418 0.998623192 342.221527100
0.997802675 0.042067777 -0.051187795 58.939472198 -0.041630063 0.999087036 0.009588186 -5.172968864 0.051544424 -0.007436167 0.998643041 343.220428467
0.997947335 0.038162991 -0.051427294 58.891563416 -0.037812073 0.999254584 0.007779652 -5.176560879 0.051685859 -0.005819108 0.998646438 344.223968506
0.997960746 0.037634645 -0.051555123 58.838432312 -0.037264414 0.999272406 0.008124079 -5.178196907 0.051823366 -0.006186340 0.998637080 345.211059570
0.998002529 0.037555955 -0.050799865 58.780025482 -0.036975492 0.999240160 0.012318702 -5.181427002 0.051223911 -0.010415744 0.998632908 346.193420410
0.998102188 0.036695544 -0.049451448 58.727363586 -0.035986152 0.999237239 0.015160275 -5.188616753 0.049970038 -0.013351935 0.998661518 347.152862549
0.998216271 0.034129705 -0.048984062 58.682102203 -0.033613414 0.999370694 0.011325776 -5.191040516 0.049339786 -0.009659053 0.998735428 348.105041504
0.998361111 0.030714633 -0.048288029 58.638668060 -0.030340854 0.999503851 0.008454861 -5.196637154 0.048523761 -0.006975903 0.998797774 349.037841797
0.998537123 0.025523810 -0.047666382 58.608028412 -0.025224302 0.999658108 0.006874381 -5.199653149 0.047825549 -0.005661975 0.998839736 349.949127197
0.998661697 0.022861287 -0.046389915 58.562946320 -0.022558838 0.999720812 0.007032955 -5.206672192 0.046537742 -0.005977041 0.998898685 350.877258301
0.998799860 0.022272890 -0.043620102 58.521385193 -0.022038827 0.999740124 0.005839615 -5.215089798 0.043738827 -0.004871271 0.999031186 351.779937744
0.998803198 0.027341558 -0.040554553 58.479537964 -0.027116422 0.999613702 0.006091349 -5.217282295 0.040705431 -0.004984363 0.999158859 352.667327881
0.998861611 0.031851638 -0.035511047 58.436195374 -0.031580511 0.999467790 0.008170246 -5.231581688 0.035752386 -0.007039487 0.999335945 353.530426025
0.998897851 0.035758793 -0.030405613 58.395866394 -0.035552900 0.999341190 0.007285748 -5.233650208 0.030646116 -0.006196707 0.999511123 354.405487061
0.998939693 0.039028790 -0.024422627 58.369468689 -0.038976334 0.999236703 0.002621000 -5.246676922 0.024506284 -0.001666316 0.999698281 355.280242920
0.999064744 0.038966104 -0.018741535 58.347820282 -0.038980659 0.999239922 -0.000411512 -5.256803036 0.018711258 0.001141684 0.999824226 356.116607666
0.999198198 0.037738759 -0.013368789 58.337215424 -0.037716497 0.999286711 0.001914211 -5.262700558 0.013431494 -0.001408452 0.999908745 356.936767578
0.999356747 0.035062864 -0.007526321 58.327114105 -0.034988984 0.999340355 0.009731858 -5.278872013 0.007862581 -0.009462260 0.999924362 357.757049561
0.999541283 0.030179916 -0.002512097 58.327884674 -0.030132364 0.999398053 0.017195472 -5.278545380 0.003029541 -0.017111888 0.999849021 358.549377441
0.999643385 0.026654357 0.001625982 58.331199646 -0.026680678 0.999459803 0.019190982 -5.291769028 -0.001113580 -0.019227520 0.999814510 359.321685791
0.999607503 0.027812971 0.003362311 58.331275940 -0.027860876 0.999496937 0.015156083 -5.296415806 -0.002939084 -0.015243811 0.999879539 360.064208984
0.999619901 0.027225396 0.004325602 58.334079742 -0.027268071 0.999576807 0.010134728 -5.301335335 -0.004047851 -0.010248830 0.999939263 360.777343750
0.999713480 0.023537982 0.004334122 58.341213226 -0.023567814 0.999697983 0.006964991 -5.302319527 -0.004168870 -0.007065143 0.999966323 361.472137451
0.999820948 0.018378641 0.004499019 58.351329803 -0.018393520 0.999825418 0.003288032 -5.309561253 -0.004437804 -0.003370195 0.999984503 362.157379150
0.999831021 0.017858500 0.004343015 58.352920532 -0.017849039 0.999838412 -0.002207064 -5.323293209 -0.004381728 0.002129173 0.999988198 362.837158203
0.999811292 0.019143520 0.003280817 58.347057343 -0.019119697 0.999791741 -0.007144851 -5.334015369 -0.003416911 0.007080775 0.999969244 363.510498047
0.999807358 0.019581847 0.001314313 58.339454651 -0.019569514 0.999769628 -0.008820507 -5.341286182 -0.001486732 0.008793088 0.999960363 364.188537598
0.999889553 0.014775300 -0.001600274 58.345157623 -0.014782563 0.999880075 -0.004624983 -5.348578453 0.001531748 0.004648129 0.999988079 364.868225098
0.999935746 0.009437787 -0.006277824 58.344245911 -0.009415888 0.999949574 0.003508246 -5.361203671 0.006310618 -0.003448909 0.999974191 365.551086426
0.999908388 0.005980549 -0.012138369 58.337173462 -0.005878890 0.999947548 0.008393163 -5.371545315 0.012187927 -0.008321035 0.999891162 366.210144043
0.999767482 0.003698872 -0.021244003 58.321598053 -0.003543665 0.999966860 0.007338879 -5.376536369 0.021270445 -0.007261892 0.999747455 366.873931885
0.999474168 0.004014372 -0.032176297 58.290912628 -0.003855333 0.999980032 0.005003283 -5.382374763 0.032195743 -0.004876602 0.999469697 367.531585693
0.998964608 0.004869106 -0.045233708 58.251018524 -0.004739319 0.999984324 0.002976058 -5.389880180 0.045247491 -0.002758600 0.998971999 368.180572510
0.998228788 0.001460945 -0.059473645 58.201015472 -0.001398526 0.999998450 0.001091130 -5.389843941 0.059475150 -0.001006022 0.998229206 368.835510254
0.997204781 0.001458233 -0.074702732 58.138813019 -0.001295037 0.999996662 0.002232996 -5.394357204 0.074705750 -0.002130011 0.997203350 369.485900879
0.995965064 0.006225242 -0.089525439 58.067100525 -0.005929887 0.999976099 0.003564724 -5.399533272 0.089545503 -0.003019464 0.995978177 370.148986816
0.994455159 0.014458074 -0.104162656 57.974945068 -0.014004899 0.999889076 0.005080760 -5.401530743 0.104224563 -0.003593800 0.994547367 370.828125000
0.992854655 0.018388303 -0.117904603 57.870639801 -0.017906906 0.999826431 0.005141079 -5.407395840 0.117978677 -0.002993038 0.993011653 371.507720947
0.991353869 0.019545009 -0.129751980 57.765823364 -0.019308198 0.999808908 0.003082945 -5.406586170 0.129787430 -0.000551013 0.991541743 372.203521729
0.989947200 0.024949297 -0.139219701 57.657588959 -0.025046097 0.999685764 0.001056922 -5.407207966 0.139202356 0.002440613 0.990260959 372.921875000
0.988949120 0.033027407 -0.144529730 57.525978088 -0.033610191 0.999433815 -0.001591840 -5.412388802 0.144395307 0.006431920 0.989499211 373.638122559
0.988181114 0.039315727 -0.148163468 57.398822784 -0.040379241 0.999175727 -0.004175696 -5.418598652 0.147877187 0.010109073 0.988954127 374.368804932
0.988179266 0.036100619 -0.148991287 57.295253754 -0.037087854 0.999304593 -0.003852176 -5.419348240 0.148748636 0.009332408 0.988831043 375.111511230
0.988341689 0.039763823 -0.146968365 57.172752380 -0.040090967 0.999195874 0.000736697 -5.420727253 0.146879464 0.005163996 0.989140928 375.888854980
0.988724113 0.046471976 -0.142354965 57.042057037 -0.045743614 0.998917997 0.008386623 -5.422379494 0.142590687 -0.001780226 0.989780188 376.677886963
0.989389539 0.049061649 -0.136752710 56.934886932 -0.047736458 0.998776019 0.012955092 -5.423875332 0.137220934 -0.006289543 0.990520477 377.474945068
0.990591586 0.043034859 -0.129909039 56.837486267 -0.042322636 0.999070108 0.008239577 -5.423641205 0.130142838 -0.002663963 0.991491675 378.284118652
0.991903782 0.039822608 -0.120586678 56.748180389 -0.040067062 0.999196947 0.000397712 -5.428295612 0.120505691 0.004437059 0.992702723 379.099914551
0.992933154 0.041933473 -0.111019768 56.648860931 -0.042636868 0.999082863 -0.003968179 -5.421731472 0.110751539 0.008673669 0.993810177 379.940673828
0.993998766 0.043264095 -0.100472987 56.557163239 -0.043634370 0.999046504 -0.001489619 -5.427003384 0.100312732 0.005864755 0.994938672 380.805694580
0.995061338 0.043777619 -0.089087673 56.476474762 -0.043615166 0.999041378 0.003770249 -5.435937405 0.089167319 0.000133945 0.996016681 381.689544678
0.996074021 0.044581849 -0.076480187 56.403240204 -0.044293132 0.999003708 0.005467971 -5.439281940 0.076647766 -0.002058957 0.997056067 382.576538086
0.996827722 0.046652708 -0.064483657 56.338600159 -0.046778426 0.998905241 -0.000440324 -5.443994999 0.064392515 0.003455371 0.997918665 383.472564697
0.997557223 0.043558333 -0.054609187 56.295013428 -0.044113364 0.998986065 -0.008999271 -5.451495647 0.054161821 0.011386283 0.998467267 384.380126953
0.998151481 0.039968941 -0.045780484 56.251335144 -0.040720847 0.999048650 -0.015610660 -5.460908890 0.045112982 0.017446024 0.998829544 385.299896240
0.998503625 0.038311284 -0.039023079 56.216541290 -0.038924824 0.999128282 -0.015085844 -5.479818344 0.038411103 0.016582236 0.999124408 386.249938965
0.998819828 0.035558652 -0.033082645 56.184284210 -0.035888050 0.999311566 -0.009416730 -5.500133514 0.032725021 0.010592888 0.999408305 387.206512451
0.999109447 0.031665988 -0.027885979 56.166637421 -0.031788792 0.999486744 -0.003971377 -5.512496471 0.027745912 0.004854301 0.999603271 388.186248779
0.999314010 0.029231533 -0.022741187 56.149036407 -0.029251436 0.999571919 -0.000543022 -5.520374298 0.022715580 0.001207861 0.999741316 389.172332764
0.999420285 0.028528892 -0.018579438 56.118415833 -0.028557708 0.999591291 -0.001287562 -5.533362389 0.018535113 0.001817402 0.999826550 390.162109375
0.999484181 0.026756531 -0.017762793 56.098484039 -0.026819747 0.999634743 -0.003330199 -5.541033745 0.017667200 0.003804875 0.999836683 391.174438477
0.999583185 0.022115614 -0.018561108 56.081130981 -0.022145698 0.999753773 -0.001416625 -5.547567368 0.018525207 0.001827083 0.999826729 392.190124512
0.999565065 0.021116914 -0.020591184 56.060947418 -0.021078501 0.999775589 0.002080869 -5.555085182 0.020630509 -0.001645933 0.999785841 393.229797363
0.999495447 0.022043610 -0.022865603 56.032238007 -0.021986021 0.999754429 0.002766911 -5.560725212 0.022920977 -0.002262791 0.999734700 394.273223877
0.999384940 0.024217149 -0.025363510 55.985099792 -0.024194116 0.999706566 0.001214645 -5.567245960 0.025385479 -0.000600250 0.999677598 395.334716797
0.999332607 0.021525724 -0.029512102 55.960994720 -0.021474285 0.999767184 0.002058878 -5.567037106 0.029549550 -0.001423752 0.999562263 396.398895264
0.999275327 0.018351851 -0.033347324 55.927959442 -0.018163070 0.999817312 0.005955190 -5.570257187 0.033450529 -0.005345185 0.999426067 397.466705322
0.999202073 0.014820304 -0.037086777 55.887222290 -0.014594023 0.999873281 0.006364643 -5.576543331 0.037176408 -0.005818320 0.999291837 398.536865234
0.999066472 0.011306947 -0.041692179 55.842365265 -0.011278321 0.999935985 0.000921740 -5.588981628 0.041699938 -0.000450662 0.999130070 399.599121094
0.998933136 0.007321919 -0.045597248 55.799224854 -0.007557745 0.999958992 -0.005001687 -5.600779057 0.045558754 0.005340962 0.998947442 400.658477783
0.998777270 0.007303273 -0.048896056 55.740020752 -0.007477604 0.999966443 -0.003383359 -5.615867615 0.048869707 0.003744847 0.998798251 401.724700928
0.998641968 0.010457120 -0.051039733 55.677604675 -0.010284056 0.999940455 0.003652212 -5.627929688 0.051074889 -0.003122357 0.998690009 402.782684326
0.998487651 0.013939087 -0.053180207 55.622043610 -0.013361227 0.999847889 0.011206182 -5.641533852 0.053328320 -0.010478680 0.998522103 403.844635010
0.998387277 0.016063564 -0.054451574 55.550426483 -0.015508530 0.999823630 0.010600466 -5.641293049 0.054612249 -0.009738906 0.998460174 404.914611816
0.998263955 0.016518978 -0.056535818 55.484897614 -0.016109616 0.999840677 0.007688903 -5.643928051 0.056653809 -0.006764782 0.998371065 405.977844238
0.998137116 0.017584518 -0.058422290 55.428180695 -0.017200610 0.999827087 0.007067693 -5.646493435 0.058536466 -0.006049626 0.998266935 407.007568359
0.998025537 0.018003551 -0.060174245 55.354534149 -0.017547600 0.999813318 0.008097081 -5.656516552 0.060308784 -0.007025180 0.998155057 408.067382812
0.997905076 0.019763330 -0.061603915 55.279411316 -0.019504664 0.999798298 0.004797449 -5.666901112 0.061686300 -0.003585835 0.998089194 409.110595703
0.997846723 0.021179736 -0.062075283 55.211338043 -0.021237994 0.999774396 -0.000278802 -5.672439098 0.062055375 0.001596556 0.998071492 410.159301758
0.997839928 0.021154298 -0.062193308 55.142642975 -0.021247089 0.999773979 -0.000830982 -5.683254719 0.062161665 0.002150614 0.998063862 411.210968018
0.997888684 0.021965913 -0.061119962 55.068927765 -0.021794187 0.999756515 0.003474951 -5.700616360 0.061181411 -0.002135555 0.998124421 412.261047363
0.997937024 0.020206494 -0.060938481 55.008804321 -0.019606570 0.999753416 0.010426749 -5.703625679 0.061134141 -0.009210445 0.998087108 413.300140381
0.997927070 0.020346383 -0.061054766 54.944721222 -0.019387141 0.999679863 0.016262650 -5.707447529 0.061366096 -0.015045263 0.998001933 414.348022461
0.997985899 0.018267158 -0.060751345 54.881103516 -0.017320570 0.999720871 0.016071688 -5.699761391 0.061027978 -0.014987067 0.998023570 415.390563965
0.998016536 0.019358357 -0.059902545 54.807491302 -0.018758174 0.999768317 0.010565486 -5.699075222 0.060093191 -0.009420867 0.998148382 416.409027100
0.997957170 0.022880962 -0.059648350 54.753402710 -0.022570549 0.999728024 0.005872687 -5.713946342 0.059766501 -0.004514395 0.998202205 417.432098389
0.997862518 0.026558714 -0.059706852 54.683792114 -0.026490178 0.999647260 0.001939258 -5.717930317 0.059737287 -0.000353467 0.998214066 418.453887939
0.997954190 0.024472332 -0.059063848 54.621284485 -0.024603380 0.999696195 -0.001492415 -5.731056213 0.059009381 0.002942532 0.998253107 419.457092285
0.998046339 0.022805456 -0.058167499 54.547149658 -0.023094902 0.999724030 -0.004308539 -5.745946884 0.058053188 0.005643495 0.998297572 420.481445312
0.998210430 0.018549258 -0.056847628 54.490497589 -0.018668311 0.999824524 -0.001563854 -5.760965824 0.056808639 0.002622303 0.998381615 421.487457275
0.998233378 0.016499067 -0.057080273 54.442394257 -0.016172759 0.999850154 0.006173992 -5.780613422 0.057173595 -0.005239938 0.998350501 422.515747070
0.998301208 0.012945380 -0.056810223 54.388458252 -0.012376142 0.999869764 0.010360467 -5.788090229 0.056936942 -0.009639774 0.998331249 423.516571045
0.998326182 0.013630124 -0.056206089 54.326267242 -0.013158916 0.999875128 0.008745271 -5.802330971 0.056318276 -0.007991021 0.998380899 424.490966797
0.998355329 0.014397283 -0.055492587 54.255847931 -0.014172278 0.999889731 0.004446163 -5.813743591 0.055550486 -0.003652393 0.998449147 425.454437256
0.998160720 0.019951858 -0.057247024 54.205158234 -0.019891607 0.999800861 0.001622237 -5.822811604 0.057267990 -0.000480519 0.998358727 426.403869629
0.997958124 0.020813514 -0.060386933 54.142154694 -0.020732209 0.999783099 0.001972730 -5.834122658 0.060414895 -0.000716748 0.998173177 427.336425781
0.997694910 0.020511094 -0.064685673 54.071670532 -0.020293528 0.999785960 0.004018771 -5.849053860 0.064754255 -0.002696807 0.997897625 428.262969971
0.997333229 0.021657970 -0.069695115 54.006198883 -0.021382371 0.999760330 0.004698000 -5.861023903 0.069780156 -0.003195225 0.997557282 429.164764404
0.996935546 0.019849762 -0.075667247 53.934608459 -0.019462481 0.999793351 0.005852283 -5.871056557 0.075767778 -0.004361675 0.997115970 430.053405762
0.996421993 0.017260490 -0.082736686 53.865348816 -0.016578848 0.999822736 0.008918718 -5.875674248 0.082875952 -0.007515129 0.996531546 430.920745850
0.995836198 0.019189965 -0.089117900 53.772239685 -0.018037712 0.999743223 0.013717008 -5.888998985 0.089358248 -0.012052410 0.995926559 431.785766602
0.995184124 0.020557292 -0.095843755 53.690666199 -0.019100519 0.999688089 0.016092267 -5.887259007 0.096144646 -0.014184102 0.995266259 432.615142822
0.994417906 0.022156246 -0.103161283 53.601833344 -0.020661760 0.999665856 0.015533156 -5.887753487 0.103470959 -0.013314955 0.994543314 433.428741455
0.993669689 0.022872970 -0.109988667 53.512138367 -0.021545907 0.999680221 0.013238988 -5.896636963 0.110256307 -0.010785373 0.993844688 434.225463867
0.992986262 0.024144523 -0.115738161 53.405265808 -0.023120169 0.999680817 0.010185121 -5.909804344 0.115947127 -0.007437797 0.993227541 435.011596680
0.992101848 0.023968736 -0.123123564 53.304626465 -0.023322176 0.999705553 0.006690079 -5.903910160 0.123247661 -0.003765731 0.992368817 435.778991699
0.991030037 0.024303963 -0.131410688 53.195453644 -0.023946444 0.999704003 0.004300463 -5.908981800 0.131476283 -0.001115069 0.991318703 436.563537598
0.989720166 0.025794214 -0.140672505 53.079250336 -0.025543950 0.999667346 0.003584721 -5.916912079 0.140718162 0.000045461 0.990049720 437.305999756
0.988314450 0.025313649 -0.150312617 52.969814301 -0.024742505 0.999677777 0.005668980 -5.928211212 0.150407657 -0.001883624 0.988622248 438.017700195
0.986914217 0.026847072 -0.158995762 52.840122223 -0.025951665 0.999633551 0.007705691 -5.931251526 0.159144327 -0.003478650 0.987249255 438.731872559
0.985446334 0.030770024 -0.167178899 52.714633942 -0.029439403 0.999512196 0.010432322 -5.944668293 0.167418316 -0.005358846 0.985871375 439.414367676
0.984039426 0.035956699 -0.174280614 52.578861237 -0.034267198 0.999332070 0.012694540 -5.950361252 0.174620658 -0.006519817 0.984614134 440.072479248
0.982729971 0.044869073 -0.179523245 52.456031799 -0.042668138 0.998959482 0.016104478 -5.962513447 0.180059075 -0.008166431 0.983621895 440.700805664
0.982378721 0.053838875 -0.178978801 52.323532104 -0.051434577 0.998513281 0.018050134 -5.956364155 0.179684505 -0.008526372 0.983687341 441.317596436
0.983100891 0.061427936 -0.172450766 52.200031281 -0.058834821 0.998064995 0.020113047 -5.955002785 0.173352614 -0.009627045 0.984812796 441.915496826
0.984722495 0.066463284 -0.160948381 52.102893829 -0.063857481 0.997731328 0.021315038 -5.960779667 0.161999941 -0.010711638 0.986732662 442.479949951
0.987131596 0.068516642 -0.144488201 52.021224976 -0.066503488 0.997610509 0.018722834 -5.959914207 0.145425797 -0.008872929 0.989329398 443.036285400
0.989987373 0.072510779 -0.121108375 51.946319580 -0.071256205 0.997350216 0.014663729 -5.962646008 0.121850766 -0.005887183 0.992530942 443.575256348
0.992714226 0.077068947 -0.092622779 51.927837372 -0.076214544 0.997010112 0.012731859 -5.970682621 0.093327083 -0.005579893 0.995619893 444.101806641
0.995278120 0.079535149 -0.055638678 51.917812347 -0.078989960 0.996803880 0.011933550 -5.971284866 0.056409989 -0.007482303 0.998379648 444.620513916
0.996779203 0.079507411 -0.010485798 51.933570862 -0.079401672 0.996791005 0.010143401 -5.974497795 0.011258624 -0.009278142 0.999893606 445.118377686
0.996222913 0.076425970 0.041219916 51.988502502 -0.076795653 0.997018933 0.007458323 -5.993978977 -0.040527023 -0.010595661 0.999122262 445.606201172
0.992178679 0.077918641 0.097520478 52.061962128 -0.078535214 0.996908188 0.002493904 -6.006542683 -0.097024642 -0.010133190 0.995230436 446.069183350
0.984315455 0.080347143 0.157058939 52.181499481 -0.080766365 0.996726155 -0.003721577 -6.005265713 -0.156843767 -0.009021877 0.987582266 446.509307861
0.972308159 0.074920654 0.221368298 52.323181152 -0.074947946 0.997153103 -0.008288745 -6.019248486 -0.221359074 -0.008531889 0.975155115 446.950897217
0.955854058 0.063415557 0.286917448 52.502983093 -0.062393177 0.997970700 -0.012714763 -6.032962799 -0.287141502 -0.005748234 0.957870960 447.354492188
0.933445454 0.055814192 0.354350865 52.700931549 -0.053264990 0.998436570 -0.016952062 -6.046983242 -0.354743004 -0.003050672 0.934958935 447.732696533
0.905156255 0.051566750 0.421939671 52.927307129 -0.046501704 0.998669446 -0.022294248 -6.061488152 -0.422527850 0.000558863 0.906349838 448.103240967
0.872058690 0.050508369 0.486787975 53.176216125 -0.043997463 0.998723626 -0.024806535 -6.083129883 -0.487419605 0.000215318 0.873167932 448.448150635
0.835212708 0.044314217 0.548138499 53.457233429 -0.037775580 0.999016821 -0.023205813 -6.102056503 -0.548627853 -0.001324454 0.836065590 448.778808594
0.794968724 0.037095696 0.605515182 53.758361816 -0.031456504 0.999306560 -0.019921947 -6.123662949 -0.605834305 -0.003210063 0.795584381 449.089019775
0.750327885 0.028980611 0.660430372 54.078544617 -0.023676541 0.999575794 -0.016963409 -6.139526367 -0.660641849 -0.002908585 0.750695646 449.377227783
0.702790856 0.021905093 0.711059213 54.419322968 -0.017083535 0.999757290 -0.013913922 -6.151161194 -0.711191356 -0.002368828 0.702994525 449.644104004
0.654064834 0.017241422 0.756241918 54.773910522 -0.010305959 0.999850571 -0.013881907 -6.165245533 -0.756368279 0.001285868 0.654144764 449.866424561
0.602948427 0.015229882 0.797634661 55.129161835 -0.003692231 0.999860466 -0.016300101 -6.180102825 -0.797771573 0.006883073 0.602920413 450.044616699
0.548375070 0.013136766 0.836129248 55.502407074 0.001338782 0.999861598 -0.016587269 -6.190261841 -0.836231470 0.010215439 0.548281491 450.229034424
0.492192537 0.011057163 0.870416045 55.879302979 0.000635634 0.999914527 -0.013061651 -6.198418617 -0.870486081 0.006982114 0.492143482 450.401580811
0.434679955 0.009738980 0.900532246 56.270874023 -0.003742246 0.999952435 -0.009007824 -6.209680557 -0.900577188 0.000545507 0.434695780 450.556732178
0.377030164 0.013575620 0.926101625 56.658397675 -0.007639623 0.999904037 -0.011547279 -6.215307713 -0.926169515 -0.002721395 0.377097756 450.677307129
0.321258724 0.014567688 0.946879387 57.078498840 0.001208783 0.999874651 -0.015793132 -6.223851204 -0.946990669 0.006218252 0.321200848 450.766754150
0.269523531 0.012898442 0.962907434 57.513099670 0.012836154 0.999773383 -0.016985187 -6.244498253 -0.962908268 0.016937936 0.269296914 450.831970215
0.222808480 0.015053125 0.974745989 57.962276459 0.015318095 0.999703348 -0.018939966 -6.262266159 -0.974741995 0.019151237 0.222511798 450.896179199
0.180707142 0.020164194 0.983330250 58.423023224 0.011139102 0.999683738 -0.022546580 -6.271252155 -0.983473957 0.015027743 0.180425376 450.962768555
0.143427476 0.026213681 0.989313602 58.864143372 0.006387859 0.999603927 -0.027412431 -6.277988911 -0.989640236 0.010251292 0.143203199 451.008270264
0.110590637 0.028483881 0.993457794 59.360015869 0.006662337 0.999545515 -0.029400067 -6.290472031 -0.993843794 0.009870124 0.110350616 451.044982910
0.084424779 0.026718890 0.996071517 59.879131317 0.012168786 0.999538124 -0.027843285 -6.308001518 -0.996355534 0.014471644 0.084060654 451.066345215
0.065295480 0.026025040 0.997526526 60.418586731 0.016939230 0.999486923 -0.027184980 -6.335559368 -0.997722268 0.018672390 0.064821124 451.071350098
0.050723769 0.027648820 0.998329937 60.964656830 0.020827668 0.999370158 -0.028735844 -6.343034744 -0.998495579 0.022250473 0.050115954 451.095184326
0.044221859 0.027889052 0.998632431 61.525619507 0.023126055 0.999313712 -0.028932160 -6.358130455 -0.998754084 0.024373865 0.043546550 451.114288330
0.043665908 0.026182344 0.998703063 62.104400635 0.022913927 0.999367297 -0.027201613 -6.375926971 -0.998783469 0.024071995 0.043038342 451.144531250
0.046177071 0.024021313 0.998644471 62.698028564 0.021561379 0.999454021 -0.025037775 -6.395438194 -0.998700559 0.022688322 0.045633927 451.172729492
0.048979446 0.022331215 0.998550117 63.328781128 0.020213023 0.999523163 -0.023344439 -6.413673401 -0.998595178 0.021327116 0.048504718 451.207519531
0.051329385 0.021992655 0.998439550 63.954734802 0.022000859 0.999489963 -0.023146847 -6.434469223 -0.998439372 0.023154639 0.050819345 451.245330811
0.053929348 0.022572277 0.998289585 64.594421387 0.022067944 0.999473393 -0.023791190 -6.454738140 -0.998300791 0.023313243 0.053402826 451.279113770
0.056490000 0.022552421 0.998148561 65.257171631 0.023128230 0.999446929 -0.023890706 -6.468246460 -0.998135269 0.024434991 0.055937171 451.317871094
0.058893636 0.021635251 0.998029888 65.927307129 0.022978185 0.999470770 -0.023022436 -6.484450817 -0.997999787 0.024288790 0.058365338 451.366882324
0.061981753 0.022875708 0.997815192 66.618881226 0.022991126 0.999439240 -0.024341101 -6.507962227 -0.997812510 0.024449598 0.061421063 451.415344238
0.064792201 0.026559440 0.997545302 67.310432434 0.021644976 0.999373138 -0.028013982 -6.535634995 -0.997663975 0.023406932 0.064176708 451.458160400
0.067313902 0.033015147 0.997185469 68.025077820 0.022316450 0.999152482 -0.034586720 -6.554884911 -0.997482240 0.024581799 0.066520080 451.509399414
0.070104495 0.037216622 0.996845126 68.750450134 0.020875610 0.999030173 -0.038766298 -6.576175213 -0.997321188 0.023527440 0.069259591 451.560974121
0.072075553 0.035003219 0.996784866 69.509490967 0.018464208 0.999165952 -0.036421943 -6.603818417 -0.997228265 0.021029970 0.071369134 451.625061035
0.073752694 0.030291697 0.996816516 70.283821106 0.014759150 0.999395967 -0.031462085 -6.633389473 -0.997167349 0.017032573 0.073261075 451.690307617
0.075176641 0.024219980 0.996876121 71.059051514 0.013836668 0.999583423 -0.025329212 -6.661401749 -0.997074246 0.015697610 0.074810207 451.757873535
0.077113815 0.023842176 0.996737242 71.854225159 0.013785983 0.999593019 -0.024977058 -6.682914257 -0.996926963 0.015667075 0.076753736 451.821868896
0.078745492 0.023808438 0.996610463 72.663940430 0.012879613 0.999607027 -0.024897685 -6.709726334 -0.996811569 0.014796537 0.078407906 451.887878418
0.079936437 0.022219712 0.996552348 73.491134644 0.012967137 0.999643743 -0.023328777 -6.728238583 -0.996715665 0.014787250 0.079619832 451.967407227
0.081363305 0.018646309 0.996510029 74.319984436 0.014996148 0.999688923 -0.019930203 -6.757228374 -0.996571720 0.016565397 0.081058368 452.024902344
0.082178980 0.016744412 0.996476769 75.168548584 0.016615078 0.999696970 -0.018168755 -6.784036636 -0.996479154 0.018049631 0.081875846 452.094818115
0.082347564 0.020191722 0.996399045 76.025001526 0.017446678 0.999612331 -0.021698723 -6.810637474 -0.996450961 0.019170692 0.081963353 452.170288086
0.082516372 0.029746834 0.996145606 76.884910583 0.013645263 0.999427021 -0.030975141 -6.839631557 -0.996496260 0.016148627 0.082063183 452.249908447
0.081716277 0.039580029 0.995869398 77.745132446 0.012701930 0.999088645 -0.040750220 -6.869098663 -0.996574700 0.015979419 0.081139058 452.319671631
0.079896905 0.042543575 0.995894790 78.636474609 0.010705582 0.998994589 -0.043534853 -6.906267643 -0.996745706 0.014139934 0.079361118 452.399078369
0.077223688 0.038472965 0.996271193 79.543060303 0.007107351 0.999208570 -0.039137304 -6.944600582 -0.996988475 0.010103177 0.076889127 452.479461670
0.074503593 0.030517567 0.996753693 80.449501038 0.003626093 0.999516726 -0.030873200 -6.988819599 -0.997214139 0.005914486 0.074356928 452.553192139
0.071552262 0.024583872 0.997133851 81.375984192 0.004471015 0.999678254 -0.024967438 -7.022411346 -0.997426748 0.006244677 0.071419336 452.620788574
0.069083713 0.023154821 0.997342110 82.302146912 0.008034525 0.999685228 -0.023765754 -7.056096554 -0.997578502 0.009654997 0.068875939 452.683502197
0.067003243 0.023067880 0.997486055 83.228820801 0.010054144 0.999666393 -0.023793660 -7.086701393 -0.997702122 0.011623122 0.066748954 452.744781494
0.065337949 0.025621219 0.997534215 84.166709900 0.014691158 0.999537349 -0.026634930 -7.117175102 -0.997755110 0.016395206 0.064931303 452.803680420
0.065796949 0.025896238 0.997496963 85.119369507 0.015422867 0.999517441 -0.026966015 -7.145936012 -0.997713804 0.017158544 0.065365791 452.855712891
0.065507509 0.025147643 0.997535110 86.050895691 0.012643591 0.999581277 -0.026029514 -7.187235355 -0.997771978 0.014317553 0.065162130 452.934661865
0.065885104 0.025143374 0.997510374 87.006591797 0.010208063 0.999613166 -0.025870610 -7.220457077 -0.997775018 0.011887135 0.065602958 453.005615234
0.066688031 0.025069658 0.997458935 87.959121704 0.009689660 0.999620974 -0.025771827 -7.249976158 -0.997726798 0.011383709 0.066419832 453.071838379
0.066999286 0.023529420 0.997475505 88.915748596 0.006611089 0.999689460 -0.024025703 -7.282927036 -0.997731149 0.008204104 0.066822939 453.147247314
0.067567900 0.024643760 0.997410238 89.881523132 0.003697981 0.999681771 -0.024950396 -7.318496227 -0.997707844 0.005374250 0.067455284 453.217926025
0.068476453 0.027875880 0.997263193 90.844161987 0.003502614 0.999596655 -0.028181607 -7.355774879 -0.997646630 0.005422805 0.068351209 453.283050537
0.068781003 0.031696729 0.997128129 91.806495667 0.002701681 0.999485552 -0.031958021 -7.390944481 -0.997628152 0.004892027 0.068659991 453.363555908
0.068734139 0.031729668 0.997130275 92.773857117 0.002148035 0.999487102 -0.031952724 -7.426943779 -0.997632802 0.004338115 0.068630733 453.442016602
0.069756284 0.031347658 0.997071445 93.749114990 0.003726367 0.999490976 -0.031684425 -7.468728065 -0.997557104 0.005925643 0.069603965 453.506927490
0.070381865 0.027304150 0.997146487 94.702438354 0.003877923 0.999610245 -0.027645333 -7.510257244 -0.997512639 0.005812587 0.070248559 453.571807861
0.069551870 0.023303701 0.997306168 95.677719116 0.006560278 0.999694705 -0.023817027 -7.545687199 -0.997556806 0.008199124 0.069377773 453.642272949
0.069739632 0.017342409 0.997414470 96.654617310 0.008342949 0.999803662 -0.017967299 -7.580151558 -0.997530341 0.009574409 0.069581263 453.702789307
0.068099514 0.015658498 0.997555673 97.627288818 0.007199606 0.999843121 -0.016185898 -7.612279892 -0.997652531 0.008284258 0.067976087 453.777008057
0.066902570 0.016613724 0.997621298 98.593490601 0.006405935 0.999833643 -0.017080165 -7.639426231 -0.997738957 0.007533403 0.066785000 453.848480225
0.065212712 0.020843491 0.997653723 99.559638977 0.007729013 0.999741256 -0.021392321 -7.665186405 -0.997841477 0.009105929 0.065034732 453.911956787
0.063190080 0.023155406 0.997732818 100.520233154 0.009642976 0.999669969 -0.023811089 -7.702850819 -0.997954965 0.011125739 0.062945932 453.980804443
0.061494306 0.024084400 0.997816801 101.488746643 0.010344849 0.999639750 -0.024765946 -7.732655525 -0.998053908 0.011845228 0.061223000 454.043579102
0.060653832 0.022418208 0.997907043 102.459068298 0.014148931 0.999628067 -0.023316856 -7.761304855 -0.998058677 0.015533575 0.060314074 454.103851318
0.060969435 0.019683760 0.997945547 103.429649353 0.016976625 0.999640346 -0.020754380 -7.800870895 -0.997995257 0.018207127 0.060613360 454.155181885
0.061757497 0.020723904 0.997876048 104.394554138 0.016903155 0.999619186 -0.021806229 -7.834052086 -0.997948050 0.018213950 0.061383691 454.212219238
0.062112875 0.025749771 0.997736931 105.341773987 0.014832353 0.999532878 -0.026719496 -7.869514942 -0.997958899 0.016458409 0.061701939 454.283996582
0.062970191 0.032016084 0.997501731 106.289718628 0.011534614 0.999395192 -0.032805018 -7.913980007 -0.997948766 0.013571534 0.062562816 454.345825195
0.063966766 0.040299051 0.997138023 107.236328125 0.006797418 0.999143541 -0.040816166 -7.950933456 -0.997928917 0.009388841 0.063638046 454.410675049
0.063940451 0.041837908 0.997076392 108.177917480 0.005553977 0.999090433 -0.042278588 -8.001942635 -0.997938275 0.008241049 0.063649923 454.482482910
0.064354360 0.035472039 0.997296453 109.123764038 0.007821735 0.999319494 -0.036048714 -8.047636986 -0.997896492 0.010120480 0.064033099 454.545318604
0.064953387 0.025418926 0.997564554 110.078865051 0.005514144 0.999651074 -0.025831131 -8.089580536 -0.997873127 0.007178532 0.064790554 454.607971191
0.064893998 0.016880628 0.997749388 111.023986816 0.008823645 0.999808133 -0.017489351 -8.127263069 -0.997853220 0.009938740 0.064732604 454.675903320
0.066522747 0.018601492 0.997611582 111.949203491 0.012243896 0.999735713 -0.019457547 -8.158753395 -0.997709870 0.013509020 0.066277422 454.735595703
0.066463068 0.020763420 0.997572839 112.859420776 0.016216021 0.999629021 -0.021886602 -8.192476273 -0.997657180 0.017631315 0.066101722 454.795410156
0.066757418 0.026898041 0.997406662 113.780357361 0.015161239 0.999493778 -0.027969085 -8.224972725 -0.997654140 0.016989063 0.066315830 454.866882324
0.066799954 0.031611342 0.997265518 114.675621033 0.012600347 0.999391615 -0.032522745 -8.261979103 -0.997686923 0.014738410 0.066361003 454.955047607
0.069109529 0.035979949 0.996960044 115.616340637 0.010246300 0.999271214 -0.036773629 -8.304838181 -0.997556448 0.012756563 0.068690509 454.998260498
0.069619447 0.039382480 0.996795952 116.524375916 0.008279867 0.999163210 -0.040054295 -8.348380089 -0.997539282 0.011041895 0.069235116 455.067321777
0.070374548 0.039581936 0.996734977 117.431808472 0.004636859 0.999188602 -0.040006749 -8.401374817 -0.997509897 0.007437176 0.070133917 455.151214600
0.073451839 0.037150372 0.996606648 118.339424133 0.002073123 0.999298096 -0.037403494 -8.443277359 -0.997296691 0.004813443 0.073323280 455.223022461
0.078329615 0.030546982 0.996459365 119.242523193 0.001938559 0.999523938 -0.030793317 -8.482454300 -0.996925652 0.004343724 0.078233123 455.289215088
0.084068686 0.024419164 0.996160746 120.144828796 0.003582935 0.999685884 -0.024807952 -8.518815041 -0.996453583 0.005654751 0.083954804 455.374328613
0.091925673 0.021494439 0.995533943 121.039848328 0.003594382 0.999753356 -0.021917436 -8.553378105 -0.995759428 0.005593105 0.091825753 455.458740234
0.100655667 0.018130945 0.994756162 121.947853088 0.007922873 0.999787629 -0.019024340 -8.581818581 -0.994889796 0.009796233 0.100490645 455.547546387
0.110811211 0.016748963 0.993700385 122.839889526 0.009455109 0.999794960 -0.017906062 -8.611808777 -0.993796527 0.011379737 0.110630132 455.648132324
0.120907389 0.018933121 0.992483258 123.721488953 0.004994488 0.999793887 -0.019681027 -8.646271706 -0.992651224 0.007336527 0.120787904 455.772918701
0.131880909 0.023270426 0.990992367 124.597145081 0.002742821 0.999712050 -0.023840195 -8.678052902 -0.991261780 0.005862182 0.131779090 455.890930176
0.142124325 0.027846275 0.989457130 125.469360352 0.000891213 0.999600291 -0.028259749 -8.705741882 -0.989848435 0.004898215 0.142042696 456.029449463
0.151685238 0.026852194 0.988063991 126.334068298 -0.002508980 0.999638200 -0.026781561 -8.741031647 -0.988425672 0.001583335 0.151697695 456.172241211
0.161637023 0.021479851 0.986616492 127.214477539 -0.005415198 0.999767363 -0.020878989 -8.772044182 -0.986835420 -0.001967906 0.161715716 456.326751709
0.171092540 0.017949715 0.985091448 128.074401855 -0.005581768 0.999835730 -0.017248923 -8.804337502 -0.985239148 -0.002547389 0.171164632 456.487121582
0.180081651 0.019659769 0.983455181 128.933212280 -0.006638947 0.999801815 -0.018770879 -8.828532219 -0.983629286 -0.003148819 0.180176467 456.647552490
0.187960908 0.027208827 0.981799543 129.787368774 -0.008000338 0.999625504 -0.026171217 -8.857462883 -0.982143939 -0.002935563 0.188108191 456.821075439
0.194686830 0.029766643 0.980413675 130.628372192 -0.008003671 0.999554336 -0.028758438 -8.892285347 -0.980832875 -0.002248022 0.194838300 456.998779297
0.202879727 0.027675299 0.978812516 131.491607666 -0.007097046 0.999615848 -0.026792485 -8.923122406 -0.979178011 -0.001511030 0.202998206 457.168792725
0.209911600 0.020323083 0.977509141 132.353698730 -0.006984870 0.999789655 -0.019286364 -8.951464653 -0.977695525 -0.002779346 0.210009381 457.366699219
0.217716247 0.011570850 0.975943565 133.203720093 -0.004234299 0.999931633 -0.010910656 -8.987070084 -0.976002932 -0.001757011 0.217750356 457.561462402
0.226882726 0.014331009 0.973816752 134.055603027 -0.006193447 0.999892831 -0.013271791 -9.008896828 -0.973902464 -0.003020143 0.226947159 457.778686523
0.237266779 0.021697992 0.971202374 134.877273560 -0.006811307 0.999763131 -0.020672066 -9.035999298 -0.971420646 -0.001710362 0.237358391 457.965820312
0.246961415 0.026810888 0.968654394 135.702880859 -0.005094447 0.999639273 -0.026369657 -9.058796883 -0.969011903 0.001577530 0.247008905 458.182159424
0.256865710 0.022320170 0.966189384 136.533569336 -0.002203281 0.999744236 -0.022509579 -9.085810661 -0.966444552 0.003653152 0.256849170 458.402374268
0.267212451 0.013516854 0.963542998 137.366455078 0.000846289 0.999897957 -0.014261550 -9.118880272 -0.963637292 0.004626299 0.267173737 458.645019531
0.279669762 0.007662861 0.960065663 138.211761475 0.005995502 0.999934673 -0.009727587 -9.147557259 -0.960077465 0.008476587 0.279605567 458.871459961
0.291574746 0.009775952 0.956498086 139.022079468 0.010004784 0.999861836 -0.013268971 -9.170755386 -0.956495702 0.013438452 0.291436672 459.120452881
0.302343637 0.016037993 0.953064084 139.831497192 0.013984875 0.999676168 -0.021258842 -9.195797920 -0.953096390 0.019755954 0.302021354 459.378570557
0.312424153 0.022557152 0.949674845 140.633666992 0.018540265 0.999382854 -0.029837225 -9.217001915 -0.949761689 0.026929097 0.311813176 459.630676270
0.320969939 0.025007050 0.946759224 141.417373657 0.017615303 0.999320805 -0.032367315 -9.250925064 -0.946925521 0.027066384 0.320311427 459.910858154
0.329038024 0.024698848 0.943993688 142.205123901 0.013534040 0.999431849 -0.030866766 -9.292728424 -0.944219649 0.022932388 0.328516811 460.198272705
0.336538523 0.019644914 0.941464782 143.008834839 0.012758705 0.999595463 -0.025418648 -9.322194099 -0.941583216 0.020566229 0.336151779 460.481231689
0.343573600 0.012739417 0.939039350 143.796813965 0.014734533 0.999711752 -0.018953566 -9.349686623 -0.939010203 0.020348251 0.343286872 460.771911621
0.349981159 0.006339567 0.936735272 144.578063965 0.013806767 0.999833524 -0.011925058 -9.382297516 -0.936654985 0.017106833 0.349835396 461.069305420
0.356844574 0.007611764 0.934132755 145.351913452 0.009352813 0.999887586 -0.011720396 -9.410629272 -0.934117019 0.012919129 0.356733233 461.376159668
0.363703400 0.013974651 0.931409955 146.117385864 0.009496817 0.999779880 -0.018708834 -9.434290886 -0.931466520 0.015649898 0.363490582 461.683044434
0.371513069 0.018762520 0.928238213 146.880996704 0.012776635 0.999597847 -0.025318561 -9.456254005 -0.928339839 0.021265935 0.371123910 461.989166260
0.378552854 0.020910822 0.925343573 147.642166138 0.009957347 0.999594927 -0.026662249 -9.484889030 -0.925526142 0.019307036 0.378191322 462.303955078
0.385194451 0.017879907 0.922662199 148.407348633 0.006802735 0.999730170 -0.022213392 -9.511293411 -0.922810376 0.014833105 0.384968847 462.636810303
0.392382950 0.012822852 0.919712603 149.163818359 0.008791696 0.999804914 -0.017690375 -9.547998428 -0.919759989 0.015027237 0.392193645 462.966156006
0.399652153 0.015196643 0.916540921 149.912384033 0.011125959 0.999708533 -0.021427004 -9.580325127 -0.916599452 0.018760746 0.399366587 463.295196533
0.406241328 0.021678345 0.913508654 150.670593262 0.010730928 0.999536455 -0.028491944 -9.612327576 -0.913702846 0.021377403 0.405820370 463.637298584
0.413608193 0.027561003 0.910037756 151.414001465 0.010747873 0.999324322 -0.035149958 -9.639387131 -0.910391569 0.024319284 0.413032442 463.978973389
0.421348631 0.027640175 0.906477451 152.153884888 0.009447434 0.999347389 -0.034863301 -9.673624992 -0.906849563 0.023253493 0.420812547 464.335784912
0.430081755 0.025710285 0.902423799 152.893783569 0.006383968 0.999482810 -0.031518023 -9.717528343 -0.902767360 0.019316375 0.429695219 464.703277588
0.439119011 0.025766304 0.898059487 153.617645264 0.004559971 0.999511898 -0.030906755 -9.751820564 -0.898417294 0.017666867 0.438787222 465.046386719
0.447658628 0.027332800 0.893786728 154.332168579 0.001278796 0.999512255 -0.031206466 -9.787734032 -0.894203544 0.015112816 0.447405308 465.422790527
0.455786526 0.028336497 0.889637887 155.041381836 -0.000219154 0.999496639 -0.031723406 -9.824401855 -0.890089154 0.014264134 0.455563396 465.799987793
0.464128524 0.027541779 0.885339618 155.751296997 -0.001131233 0.999534070 -0.030501187 -9.855458260 -0.885767281 0.013154943 0.463943481 466.180603027
0.472598046 0.026870104 0.880868375 156.454071045 -0.003053035 0.999579012 -0.028853271 -9.890468597 -0.881272852 0.010946676 0.472481102 466.553680420
0.480671585 0.027536195 0.876468241 157.147048950 -0.005042054 0.999577165 -0.028638776 -9.926266670 -0.876886249 0.009346645 0.480607152 466.946502686
0.489064664 0.031519782 0.871677816 157.822784424 -0.006439382 0.999450207 -0.032527126 -9.966828346 -0.872223735 0.010294802 0.488998711 467.335083008
0.497559816 0.036616761 0.866656482 158.501739502 -0.006126894 0.999231935 -0.038700614 -9.996788025 -0.867408037 0.013945960 0.497402042 467.730895996
0.505764902 0.039874323 0.861749291 159.172454834 -0.006504548 0.999079108 -0.042411204 -10.031857491 -0.862646818 0.015844811 0.505558550 468.131896973
0.513276279 0.036794778 0.857434332 159.835418701 -0.008375879 0.999247670 -0.037866402 -10.069547653 -0.858182609 0.012254163 0.513198376 468.538299561
0.521280169 0.028087186 0.852923334 160.506561279 -0.007660304 0.999571979 -0.028234655 -10.101082802 -0.853351295 0.008184512 0.521272123 468.952392578
0.529084146 0.017765138 0.848383427 161.156982422 -0.005515642 0.999831617 -0.017496701 -10.137619972 -0.848551452 0.004577849 0.529093087 469.364074707
0.537168443 0.013316132 0.843369901 161.807556152 -0.003760869 0.999903381 -0.013392254 -10.161273956 -0.843466580 0.004022094 0.537166715 469.777954102
0.545113564 0.013214521 0.838257968 162.431549072 -0.002317349 0.999895751 -0.014255663 -10.192197800 -0.838358998 0.005828417 0.545087337 470.189453125
0.552667975 0.018216914 0.833202302 163.034561157 -0.003821000 0.999805987 -0.019324999 -10.212802887 -0.833392739 0.007496641 0.552630424 470.602508545
0.559625745 0.021319401 0.828471184 163.635284424 -0.005438203 0.999742031 -0.022053324 -10.241828918 -0.828727603 0.007836213 0.559597433 471.031616211
0.566444039 0.024341492 0.823740602 164.216506958 -0.007821932 0.999677420 -0.024161676 -10.266912460 -0.824063122 0.007242992 0.566451788 471.442871094
0.573503137 0.024288464 0.818843305 164.779953003 -0.008622427 0.999683976 -0.023613552 -10.285778046 -0.819158018 0.006482026 0.573531210 471.827056885
0.578348756 0.023896810 0.815439641 165.323730469 -0.010202083 0.999704540 -0.022060975 -10.309174538 -0.815725803 0.004439753 0.578421652 472.225982666
0.582174361 0.024897648 0.812682748 165.854156494 -0.013000115 0.999688268 -0.021314047 -10.341604233 -0.812960088 0.001843520 0.582316577 472.621734619
0.584186018 0.024485111 0.811250389 166.373519897 -0.012778985 0.999698460 -0.020970615 -10.362800598 -0.811519206 0.001883785 0.584322751 473.009765625
0.585420370 0.026000625 0.810312927 166.865982056 -0.014267365 0.999661207 -0.021768641 -10.389069557 -0.810604334 0.001182777 0.585593045 473.371643066
0.584588885 0.029722886 0.810785055 167.341384888 -0.016351990 0.999557376 -0.024853121 -10.415726662 -0.811164916 0.001270910 0.584816217 473.725097656
0.581541181 0.034209397 0.812797368 167.796569824 -0.019605203 0.999414682 -0.028036682 -10.445758820 -0.813280702 0.000369428 0.581871450 474.080718994
0.578027129 0.036397729 0.815205336 168.252624512 -0.020596236 0.999337256 -0.030015044 -10.468283653 -0.815757632 0.000559351 0.578393757 474.388885498
0.572325408 0.037103392 0.819186807 168.688781738 -0.021974744 0.999311090 -0.029909084 -10.485732079 -0.819732130 -0.000883691 0.572746396 474.666473389
0.563310564 0.033747196 0.825555801 169.115417480 -0.022428013 0.999421895 -0.025550976 -10.501487732 -0.825940847 -0.004122446 0.563741744 474.950683594
0.552599251 0.026946295 0.833011448 169.521118164 -0.022154955 0.999598980 -0.017638031 -10.520850182 -0.833152592 -0.008708570 0.552974522 475.214843750
0.540766597 0.020026756 0.840934277 169.905654907 -0.019511290 0.999746263 -0.011262025 -10.544272423 -0.840946376 -0.010317587 0.541020036 475.449340820
0.528325260 0.014800073 0.848913074 170.274536133 -0.015370912 0.999850988 -0.007865385 -10.558298111 -0.848902822 -0.008893087 0.528473973 475.662811279
0.514830053 0.012555223 0.857200325 170.634582520 -0.010079687 0.999912381 -0.008591688 -10.563338280 -0.857233047 -0.004217053 0.514911413 475.863281250
0.499291867 0.013212917 0.866333127 170.975936890 -0.007658589 0.999912024 -0.010836344 -10.580607414 -0.866400003 -0.001224392 0.499349087 476.059661865
0.483027011 0.015619036 0.875466168 171.307678223 -0.002039805 0.999858260 -0.016712861 -10.608598709 -0.875603139 0.006286981 0.482990444 476.207672119
0.463995695 0.022994455 0.885538936 171.650100708 -0.002578091 0.999693811 -0.024607830 -10.622009277 -0.885833740 0.009134928 0.463912904 476.376251221
0.441557914 0.029067378 0.896761835 171.996749878 -0.005037043 0.999539614 -0.029918592 -10.634010315 -0.897218704 0.008693764 0.441501081 476.536529541
0.415235460 0.032116655 0.909146905 172.347518921 -0.008819583 0.999471843 -0.031279311 -10.643569946 -0.909671307 0.004969983 0.415299356 476.684387207
0.385073721 0.031431522 0.922350407 172.702270508 -0.007584546 0.999493897 -0.030893901 -10.647876740 -0.922854722 0.004900820 0.385117173 476.813903809
0.351821810 0.029294524 0.935608566 173.060806274 -0.005847807 0.999559462 -0.029097894 -10.664908409 -0.936048865 0.004766014 0.351838112 476.928955078
0.316131294 0.026829442 0.948336005 173.420700073 -0.001117241 0.999609888 -0.027907602 -10.677634239 -0.948714852 0.007762946 0.316037923 477.019744873
0.280885249 0.022933789 0.959467292 173.763961792 0.005825957 0.999655306 -0.025599940 -10.692586899 -0.959723711 0.012780462 0.280654848 477.066558838
0.242501020 0.021236101 0.969918728 174.122268677 0.009736115 0.999656677 -0.024321448 -10.710223198 -0.970102310 0.015341216 0.242211059 477.127319336
0.202438354 0.023257818 0.979018807 174.475708008 0.009590477 0.999622881 -0.025730381 -10.731284142 -0.979248106 0.014598073 0.202139005 477.171752930
0.159821257 0.027704395 0.986757100 174.833633423 0.004478712 0.999575496 -0.028789682 -10.749698639 -0.987135887 0.009020604 0.159629360 477.210021973
0.114505649 0.032419268 0.992893457 175.188735962 0.000857567 0.999463737 -0.032732695 -10.764309883 -0.993422329 0.004599549 0.114416443 477.230041504
0.067407161 0.035071693 0.997108936 175.555694580 0.002585472 0.999372542 -0.035326097 -10.775057793 -0.997722268 0.004959229 0.067274220 477.222595215
0.018107813 0.038041458 0.999112070 175.943618774 0.003517139 0.999267340 -0.038111113 -10.787074089 -0.999829948 0.004204124 0.017960759 477.204803467
-0.031551238 0.039099909 0.998737037 176.295455933 0.008777378 0.999206781 -0.038841020 -10.813283920 -0.999463618 0.007540809 -0.031869408 477.140502930
-0.083873644 0.037726253 0.995761991 176.688522339 0.010506640 0.999260962 -0.036973838 -10.824673653 -0.996421099 0.007360981 -0.084208034 477.078521729
-0.135993451 0.032746296 0.990168333 177.086929321 0.008793737 0.999454141 -0.031845629 -10.841703415 -0.990670681 0.004376483 -0.136207193 476.989471436
-0.188948154 0.026492292 0.981629550 177.492080688 0.004949313 0.999649048 -0.026025942 -10.862914085 -0.981974602 -0.000059161 -0.189012960 476.888885498
-0.243215382 0.021223225 0.969740033 177.897674561 0.002076962 0.999769747 -0.021359529 -10.889744759 -0.969970107 -0.003180853 -0.243203461 476.770996094
-0.296731293 0.018525394 0.954781353 178.289062500 0.001980248 0.999821544 -0.018783873 -10.896727562 -0.954958975 -0.003683061 -0.296715051 476.605682373
-0.351440787 0.015816322 0.936076581 178.699142456 0.001927450 0.999867380 -0.016170518 -10.914197922 -0.936208189 -0.003878738 -0.351424664 476.411865234
-0.406937301 0.014256729 0.913344860 179.124526978 0.000948618 0.999884248 -0.015184904 -10.923732758 -0.913455606 -0.005312889 -0.406903744 476.196228027
-0.460966468 0.013780984 0.887310565 179.551528931 -0.001290662 0.999867976 -0.016199648 -10.926128387 -0.887416601 -0.008612711 -0.460887820 475.937866211
-0.514444888 0.012724739 0.857428968 179.980422974 -0.003062612 0.999856234 -0.016675966 -10.936398506 -0.857517838 -0.011204839 -0.514332056 475.667083740
-0.562994897 0.011483079 0.826380551 180.414474487 -0.003476169 0.999861717 -0.016261950 -10.942777634 -0.826452971 -0.012028034 -0.562877238 475.340911865
-0.605727017 0.011672359 0.795586944 180.848876953 -0.001405044 0.999875188 -0.015739297 -10.951685905 -0.795671225 -0.010651551 -0.605634987 474.977783203
-0.641322851 0.012457095 0.767170012 181.276733398 0.001987122 0.999891818 -0.014574818 -10.959713936 -0.767268479 -0.007822702 -0.641278267 474.585327148
-0.670092702 0.012800930 0.742167056 181.737808228 0.004055283 0.999899447 -0.013584855 -10.965653419 -0.742266417 -0.006093413 -0.670077205 474.153594971
-0.693092167 0.013337667 0.720725596 182.206634521 0.005779032 0.999899507 -0.012946573 -10.965298653 -0.720825911 -0.004808071 -0.693099558 473.687866211
-0.711337507 0.013393552 0.702723086 182.668655396 0.007142027 0.999904513 -0.011828107 -10.977796555 -0.702814460 -0.003394908 -0.711365163 473.200439453
-0.725977540 0.013661806 0.687582791 183.138534546 0.007486877 0.999900401 -0.011962406 -10.988603592 -0.687677801 -0.003536591 -0.726007581 472.693664551
-0.737766802 0.014304771 0.674904048 183.600860596 0.008439488 0.999892771 -0.011967423 -11.001036644 -0.675002873 -0.003133326 -0.737808466 472.165466309
-0.747812808 0.015272044 0.663733959 184.090026855 0.009549605 0.999879479 -0.012247204 -11.008745193 -0.663841009 -0.002820217 -0.747868419 471.607360840
-0.756454527 0.014945070 0.653875530 184.586364746 0.008873276 0.999881446 -0.012588126 -11.022190094 -0.653986156 -0.003720324 -0.756497383 471.024627686
-0.763749242 0.016071288 0.645312965 185.090988159 0.010856344 0.999868393 -0.012052521 -11.027561188 -0.645421743 -0.002199367 -0.763823211 470.414306641
-0.769430280 0.015795158 0.638535440 185.610656738 0.012061416 0.999875247 -0.010199543 -11.034463882 -0.638616920 -0.000146196 -0.769524753 469.788208008
-0.773249507 0.014895040 0.633926928 186.138839722 0.013453163 0.999884367 -0.007083888 -11.044557571 -0.633959174 0.003050711 -0.773360491 469.143890381
-0.775439382 0.015214966 0.631238759 186.671722412 0.015189011 0.999869883 -0.005441410 -11.051150322 -0.631239355 0.005368409 -0.775569558 468.485504150
-0.777318358 0.016887328 0.628880739 187.253585815 0.015534776 0.999850094 -0.007647443 -11.060935974 -0.628915608 0.003825024 -0.777464151 467.787628174
-0.778357029 0.018995058 0.627534568 187.813110352 0.014601021 0.999819636 -0.012153628 -11.069884300 -0.627652109 -0.000297216 -0.778493822 467.094757080
-0.779770017 0.019419609 0.625764847 188.394912720 0.012864427 0.999804914 -0.014996890 -11.078520775 -0.625933886 -0.003644018 -0.779867589 466.385070801
-0.781242549 0.018381901 0.623956919 188.995834351 0.013423641 0.999830008 -0.012647759 -11.088869095 -0.624083281 -0.001505190 -0.781356394 465.648468018
-0.782829940 0.015047737 0.622053921 189.605789185 0.013348462 0.999883652 -0.007389086 -11.104310036 -0.622092485 0.002519063 -0.782939732 464.888641357
-0.784256876 0.013885000 0.620281160 190.214279175 0.014033606 0.999890864 -0.004639077 -11.113922119 -0.620277762 0.005066549 -0.784365952 464.121337891
-0.785348773 0.014420109 0.618885756 190.839340210 0.014803037 0.999880314 -0.004512683 -11.122504234 -0.618876696 0.005617358 -0.785468042 463.337127686
-0.785679579 0.015457059 0.618440688 191.460327148 0.015981574 0.999861360 -0.004686821 -11.131720543 -0.618427277 0.006201314 -0.785817564 462.551116943
-0.785588861 0.018373666 0.618476033 192.061187744 0.018579001 0.999808788 -0.006103223 -11.141489983 -0.618469954 0.006696044 -0.785779893 461.773712158
-0.785376370 0.021318983 0.618651330 192.684646606 0.021111602 0.999747872 -0.007650603 -11.155641556 -0.618658423 0.007052120 -0.785628378 460.986663818
-0.784868777 0.022048166 0.619269788 193.331924438 0.020911498 0.999740064 -0.009090797 -11.174505234 -0.619309306 0.005814778 -0.785125613 460.196807861
-0.783426821 0.024251709 0.621010721 193.960739136 0.023237554 0.999682724 -0.009724617 -11.192191124 -0.621049583 0.006812246 -0.783741713 459.399597168
-0.781703889 0.025346391 0.623134434 194.570358276 0.025217935 0.999641240 -0.009025883 -11.215350151 -0.623139620 0.008658595 -0.782062650 458.625640869
-0.780417860 0.025300119 0.624746084 195.204803467 0.026404679 0.999623179 -0.007497291 -11.236240387 -0.624700367 0.010645200 -0.780791938 457.833801270
-0.779443264 0.024713224 0.625985086 195.844360352 0.026640447 0.999625325 -0.006292874 -11.254907608 -0.625906050 0.011771583 -0.779809654 457.051330566
-0.777894437 0.025559058 0.627875030 196.477630615 0.028188620 0.999585986 -0.005766608 -11.278054237 -0.627762437 0.013213119 -0.778292835 456.257537842
-0.777093470 0.025096670 0.628884494 197.123428345 0.027515579 0.999604046 -0.005890664 -11.293316841 -0.628783345 0.012726526 -0.777476430 455.484893799
-0.776052535 0.025318272 0.630159736 197.761428833 0.028184313 0.999587893 -0.005451518 -11.310797691 -0.630038083 0.013529954 -0.776446402 454.708923340
-0.774891853 0.025243862 0.631589592 198.406661987 0.028189875 0.999588132 -0.005366401 -11.326761246 -0.631465018 0.013646048 -0.775284290 453.927093506
-0.773902237 0.027544791 0.632705808 199.037002563 0.029391097 0.999539316 -0.007564762 -11.352189064 -0.632622719 0.012741528 -0.774355352 453.157409668
-0.772811174 0.029799106 0.633936107 199.675903320 0.030130764 0.999493480 -0.010251220 -11.373517990 -0.633920372 0.011178724 -0.773317516 452.385955811
-0.772296846 0.029117931 0.634594202 200.323181152 0.028932981 0.999524534 -0.010651277 -11.400608063 -0.634602606 0.010134751 -0.772772193 451.609130859
-0.771623611 0.027575601 0.635481596 200.961013794 0.028340375 0.999558151 -0.008962212 -11.420394897 -0.635448039 0.011094330 -0.772064030 450.840454102
-0.771200895 0.024571974 0.636117518 201.603698730 0.026813369 0.999621809 -0.006106089 -11.438650131 -0.636027098 0.012347430 -0.771568120 450.059082031
-0.771134794 0.023899509 0.636223376 202.245361328 0.026393168 0.999636114 -0.005561138 -11.457344055 -0.636124790 0.012503562 -0.771484911 449.299530029
-0.771427631 0.024022344 0.635863543 202.899826050 0.026447725 0.999633968 -0.005678967 -11.480642319 -0.635767221 0.012436230 -0.771780670 448.518005371
-0.771470249 0.022638377 0.635862529 203.519088745 0.023743866 0.999695063 -0.006784144 -11.504146576 -0.635822058 0.009864065 -0.771772683 447.773529053
-0.771550179 0.022544373 0.635768771 204.160308838 0.022957608 0.999707699 -0.007588973 -11.520995140 -0.635753930 0.008740456 -0.771842241 447.005493164
-0.771731496 0.021829240 0.635573685 204.797256470 0.022384010 0.999723911 -0.007156944 -11.539651871 -0.635554373 0.008703448 -0.772007048 446.229522705
-0.772590458 0.023131935 0.634483278 205.428436279 0.024300488 0.999681234 -0.006856343 -11.567243576 -0.634439588 0.010121107 -0.772906244 445.474578857
-0.773129284 0.023951074 0.633796334 206.063674927 0.025586376 0.999651134 -0.006565431 -11.588721275 -0.633732438 0.011140622 -0.773472190 444.708557129
-0.773640633 0.023527883 0.633187771 206.692153931 0.025250478 0.999661386 -0.006293746 -11.603164673 -0.633121490 0.011119194 -0.773972690 443.949829102
-0.773857296 0.026432710 0.632808208 207.305038452 0.027985642 0.999579966 -0.007529475 -11.632922173 -0.632741332 0.011882802 -0.774272144 443.193817139
-0.773941278 0.026892316 0.632686138 207.931076050 0.027429800 0.999583840 -0.008933448 -11.647866249 -0.632663071 0.010440489 -0.774356842 442.432006836
-0.773772895 0.024521166 0.632988274 208.549804688 0.026291715 0.999632657 -0.006585172 -11.668873787 -0.632917166 0.011546923 -0.774133384 441.682525635
-0.773091614 0.021035651 0.633945465 209.174957275 0.025594935 0.999670506 -0.001958355 -11.686139107 -0.633777857 0.014711807 -0.773375213 440.923645020
-0.772587895 0.017880719 0.634655893 209.794113159 0.023898296 0.999713957 0.000926390 -11.702247620 -0.634457827 0.015882919 -0.772794187 440.190704346
-0.771650910 0.017269632 0.635811806 210.423049927 0.023493815 0.999723077 0.001359175 -11.716085434 -0.635612249 0.015986454 -0.771842897 439.437103271
-0.769910932 0.018211216 0.637891352 211.039779663 0.024503959 0.999699235 0.001034865 -11.732105255 -0.637680769 0.016427619 -0.770125628 438.695770264
-0.767879367 0.018294811 0.640333116 211.671203613 0.022264663 0.999750316 -0.001864138 -11.741509438 -0.640207410 0.012825366 -0.768095076 437.946258545
-0.766050994 0.020436449 0.642454803 212.301971436 0.022489903 0.999734581 -0.004984966 -11.752838135 -0.642386258 0.010630009 -0.766307414 437.200439453
-0.764814913 0.020123770 0.643935621 212.949340820 0.022503249 0.999736547 -0.004515435 -11.770236015 -0.643856823 0.011037173 -0.765066326 436.452514648
-0.763301909 0.021382239 0.645687938 213.593551636 0.024301572 0.999695063 -0.004377168 -11.775881767 -0.645584643 0.012350132 -0.763588786 435.687713623
-0.762091458 0.024042653 0.647022843 214.244232178 0.025357731 0.999651909 -0.007278529 -11.791682243 -0.646972597 0.010860125 -0.762435853 434.931121826
-0.760910511 0.028731462 0.648220420 214.888854980 0.028334685 0.999537468 -0.011042570 -11.800873756 -0.648238003 0.009964713 -0.761372566 434.172088623
-0.760425925 0.028539093 0.648797214 215.557708740 0.028897988 0.999531329 -0.010097060 -11.817639351 -0.648781478 0.011070867 -0.760894239 433.406158447
-0.760435224 0.025414290 0.648916245 216.234008789 0.026398016 0.999617815 -0.008214607 -11.850868225 -0.648877025 0.010883425 -0.760815501 432.622772217
-0.760622680 0.024153985 0.648744702 216.909042358 0.023147689 0.999681234 -0.010080433 -11.869379044 -0.648781478 0.007349535 -0.760939360 431.841827393
-0.761521876 0.021646678 0.647777557 217.599990845 0.018683935 0.999759972 -0.011444144 -11.886954308 -0.647869945 0.003388070 -0.761743546 431.051940918
-0.762444794 0.017651400 0.646812379 218.288208008 0.015156414 0.999840796 -0.009419509 -11.909669876 -0.646875739 0.002621504 -0.762590945 430.254913330
-0.763231218 0.015287630 0.645944595 218.972625732 0.013880954 0.999877274 -0.007262821 -11.923816681 -0.645976245 0.003423116 -0.763349831 429.465881348
-0.763627350 0.015008992 0.645482898 219.661315918 0.015646009 0.999866426 -0.004739501 -11.941851616 -0.645467699 0.006480016 -0.763760149 428.662109375
-0.763918340 0.016247364 0.645108461 220.348358154 0.018671697 0.999821007 -0.003070500 -11.955846786 -0.645042837 0.009699658 -0.764084876 427.851928711
-0.763983250 0.018261408 0.644977629 221.029617310 0.021685779 0.999761403 -0.002619436 -11.973913193 -0.644871533 0.011985640 -0.764197052 427.045013428
-0.763891637 0.019569883 0.645047724 221.712219238 0.023203894 0.999726653 -0.002851379 -11.995455742 -0.644927263 0.012789476 -0.764136851 426.232635498
-0.763685226 0.020157233 0.645273983 222.398849487 0.023120094 0.999725223 -0.003866919 -12.014737129 -0.645174623 0.011965686 -0.763941348 425.427307129
-0.762930214 0.020700356 0.646149337 223.083221436 0.023519987 0.999714255 -0.004256499 -12.031626701 -0.646052837 0.011950015 -0.763199091 424.632751465
-0.761959672 0.021262720 0.647275507 223.780899048 0.023639238 0.999707997 -0.005012347 -12.048170090 -0.647193015 0.011481891 -0.762239695 423.830078125
-0.760777533 0.020960324 0.648674190 224.441925049 0.022756394 0.999725223 -0.005614551 -12.068717003 -0.648613691 0.010490061 -0.761045456 423.047241211
-0.759745955 0.021103734 0.649877548 225.128067017 0.022490213 0.999727964 -0.006172164 -12.091567039 -0.649830997 0.009926606 -0.760013878 422.256195068
-0.758640468 0.021362077 0.651159227 225.813659668 0.022087660 0.999731064 -0.007063926 -12.113069534 -0.651135027 0.009023600 -0.758908272 421.467559814
-0.757708609 0.022899324 0.652191281 226.495544434 0.022815462 0.999702692 -0.008594183 -12.140128136 -0.652194142 0.008368158 -0.758005798 420.687530518
-0.756457150 0.024765519 0.653574049 227.163375854 0.022662399 0.999675274 -0.011650308 -12.159310341 -0.653650403 0.005998597 -0.756772816 419.909698486
-0.755585253 0.024806460 0.654580414 227.840942383 0.021402368 0.999684095 -0.013179907 -12.183315277 -0.654700637 0.004051028 -0.755877495 419.134735107
-0.755299091 0.023123376 0.654972255 228.526000977 0.019831419 0.999726117 -0.012425551 -12.208591461 -0.655080259 0.003604023 -0.755550742 418.368194580
-0.754548252 0.021746425 0.655884027 229.199905396 0.019458491 0.999752879 -0.010762081 -12.233803749 -0.655955970 0.004642008 -0.754784822 417.592315674
-0.754492342 0.019287637 0.656025231 229.870513916 0.017636668 0.999802947 -0.009111092 -12.256937027 -0.656071723 0.004695853 -0.754683852 416.833648682
-0.754291296 0.016710112 0.656327069 230.539413452 0.015560205 0.999850273 -0.007573479 -12.283022881 -0.656355500 0.004499972 -0.754438341 416.065399170
-0.754951239 0.016321322 0.655577958 231.196334839 0.016444201 0.999847114 -0.005955443 -12.314607620 -0.655574799 0.006284385 -0.755104065 415.330017090
-0.755743563 0.015962219 0.654673219 231.840133667 0.017624669 0.999836683 -0.004032363 -12.333337784 -0.654630661 0.008490967 -0.755901337 414.591613770
-0.756703615 0.014075894 0.653606415 232.480010986 0.016860701 0.999855757 -0.002012386 -12.350005150 -0.653540492 0.009497481 -0.756831884 413.864562988
-0.757871151 0.013902715 0.652256012 233.095520020 0.017759686 0.999842048 -0.000676060 -12.369217873 -0.652162492 0.011071499 -0.757998347 413.153167725
-0.759678721 0.014217095 0.650143206 233.705856323 0.018120166 0.999835551 -0.000691009 -12.389667511 -0.650046170 0.011255758 -0.759811342 412.449401855
-0.762242436 0.014642641 0.647126079 234.291229248 0.018303981 0.999831855 -0.001063335 -12.406202316 -0.647032976 0.011034464 -0.762382209 411.766235352
-0.765744567 0.014315193 0.642985642 234.860794067 0.017764548 0.999841630 -0.001103942 -12.427082062 -0.642899573 0.010577010 -0.765877545 411.103515625
-0.769606948 0.014540217 0.638352394 235.385009766 0.017060580 0.999852061 -0.002205878 -12.446053505 -0.638289988 0.009193004 -0.769741058 410.466949463
-0.774532378 0.015838541 0.632335961 235.908279419 0.018170694 0.999831080 -0.002786614 -12.463720322 -0.632273257 0.009331661 -0.774689198 409.828460693
-0.780754924 0.016838400 0.624610424 236.399429321 0.019984581 0.999798357 -0.001972345 -12.481822014 -0.624517679 0.010942659 -0.780933976 409.212097168
-0.788394094 0.017408676 0.614924133 236.867187500 0.020760229 0.999783039 -0.001687456 -12.499741554 -0.614820063 0.011435584 -0.788584471 408.609191895
-0.797638774 0.017436828 0.602883339 237.306472778 0.020243360 0.999792933 -0.002133619 -12.515089035 -0.602795601 0.010502527 -0.797826529 408.022186279
-0.809206665 0.017308215 0.587269068 237.721466064 0.019029357 0.999813735 -0.003246048 -12.529952049 -0.587215781 0.008548629 -0.809385300 407.448852539
-0.822983921 0.019045968 0.567745209 238.099105835 0.019770661 0.999792695 -0.004880847 -12.548091888 -0.567720413 0.007207840 -0.823189914 406.886383057
-0.839136720 0.019650552 0.543565452 238.449630737 0.019540953 0.999791265 -0.005977047 -12.565396309 -0.543569386 0.005606228 -0.839345515 406.330688477
-0.857325613 0.020347150 0.514372230 238.761642456 0.020149944 0.999779165 -0.005963766 -12.587135315 -0.514379978 0.005251682 -0.857546329 405.783996582
-0.876987875 0.020779807 0.480063111 239.040008545 0.020170480 0.999775887 -0.006428083 -12.596297264 -0.480089039 0.004045751 -0.877210438 405.237976074
-0.898443282 0.023033733 0.438485116 239.282760620 0.022404922 0.999727190 -0.006608879 -12.614398003 -0.438517690 0.003886522 -0.898714125 404.683197021
-0.920494497 0.024794342 0.389968246 239.496368408 0.024263738 0.999685824 -0.006287474 -12.623328209 -0.390001595 0.003674502 -0.920806825 404.119049072
-0.941354215 0.024959242 0.336495727 239.665664673 0.025908345 0.999662936 -0.001669849 -12.636372566 -0.336423963 0.007146131 -0.941683531 403.548095703
-0.960433781 0.024254424 0.277450353 239.788421631 0.026611703 0.999634683 0.004733157 -12.652600288 -0.277234256 0.011929311 -0.960728347 403.018066406
-0.977030635 0.024358943 0.211702332 239.878890991 0.027271278 0.999569297 0.010847423 -12.663498878 -0.211346924 0.016371658 -0.977274001 402.444396973
-0.989710569 0.025575200 0.140779480 239.920913696 0.027909271 0.999503434 0.014629995 -12.661987305 -0.140335381 0.018408515 -0.989932895 401.859558105
-0.997389019 0.026915122 0.067013018 239.934570312 0.028083719 0.999468505 0.016557660 -12.666861534 -0.066531740 0.018396404 -0.997614741 401.317657471
-0.999567032 0.028444104 -0.007534068 239.894577026 0.028306970 0.999442220 0.017722249 -12.656712532 0.008033966 0.017501310 -0.999814630 400.754730225
-0.996188700 0.030461451 -0.081732072 239.812698364 0.028903140 0.999378502 0.020182297 -12.656698227 0.082296051 0.017743064 -0.996449947 400.209472656
-0.987352371 0.032545619 -0.155165121 239.693481445 0.029411633 0.999315262 0.022451488 -12.648655891 0.155789569 0.017603870 -0.987633407 399.676605225
-0.973230898 0.036207877 -0.226959392 239.531692505 0.031283982 0.999191403 0.025255891 -12.643904686 0.227690324 0.017479621 -0.973576665 399.188934326
-0.953930497 0.038574491 -0.297537774 239.330932617 0.031500202 0.999096334 0.028536323 -12.635281563 0.298369646 0.017849172 -0.954283535 398.675872803
-0.930119395 0.041141778 -0.364945620 239.087097168 0.031841937 0.998997509 0.031466957 -12.615406990 0.365874380 0.017647451 -0.930496991 398.170989990
-0.902495921 0.045131475 -0.428327203 238.815811157 0.032986194 0.998816669 0.035739403 -12.594030380 0.429433346 0.018125782 -0.902916729 397.671966553
-0.872896314 0.047248483 -0.485612661 238.527435303 0.031144615 0.998666108 0.041183941 -12.586963654 0.486910790 0.020825086 -0.873203456 397.227539062
-0.841785669 0.050496526 -0.537444830 238.192565918 0.029851189 0.998446167 0.047055539 -12.581047058 0.538985908 0.023567310 -0.841985047 396.767974854
-0.809683681 0.051689174 -0.584585726 237.831863403 0.027406972 0.998357356 0.050314747 -12.560906410 0.586226165 0.024717301 -0.809770286 396.314727783
-0.777278900 0.051932357 -0.627009213 237.449066162 0.024468683 0.998328805 0.052354217 -12.532324791 0.628680229 0.025351733 -0.777250588 395.877410889
-0.744895518 0.050994709 -0.665229321 237.073898315 0.019313671 0.998305023 0.054900773 -12.519160271 0.666901529 0.028047316 -0.744617820 395.442687988
-0.715441108 0.052208818 -0.696719646 236.637481689 0.017231956 0.998219311 0.057106759 -12.486921310 0.698460639 0.028850671 -0.715066731 395.031219482
-0.688548148 0.052018721 -0.723322511 236.188232422 0.012352216 0.998120546 0.060022824 -12.462187767 0.725085437 0.032393966 -0.687896669 394.622711182
-0.662473917 0.051023301 -0.747345209 235.701309204 0.006969653 0.998054206 0.061961729 -12.421982765 0.749052644 0.035839289 -0.661540508 394.206207275
-0.633625746 0.049980596 -0.772023499 235.212524414 0.000335995 0.997928619 0.064329870 -12.402101517 0.773639619 0.040501665 -0.632330120 393.808105469
-0.603213787 0.046871427 -0.796201110 234.714553833 -0.007067498 0.997918367 0.064100727 -12.364714622 0.797548294 0.044293586 -0.601626813 393.413757324
-0.573474169 0.044940248 -0.817990005 234.175216675 -0.012291781 0.997909844 0.063442491 -12.328739166 0.819131494 0.046437182 -0.571723044 393.042327881
-0.543742299 0.043802496 -0.838108301 233.612487793 -0.015782658 0.997926831 0.062394526 -12.293395042 0.839103937 0.047154125 -0.541923642 392.697540283
-0.515123248 0.042754754 -0.856049061 233.031845093 -0.018793650 0.997951567 0.061150946 -12.261473656 0.856910169 0.047588561 -0.513264537 392.360992432
-0.486963183 0.041844625 -0.872419536 232.419372559 -0.019425372 0.998085618 0.058714826 -12.218527794 0.873206496 0.045539029 -0.485218167 392.033416748
-0.459885478 0.041874312 -0.886990428 231.779174805 -0.019019209 0.998193800 0.056985211 -12.180041313 0.887774587 0.043076526 -0.458258450 391.725646973
-0.433304250 0.043012787 -0.900220752 231.118209839 -0.017993361 0.998248518 0.056357339 -12.143439293 0.901068091 0.040617868 -0.431771368 391.431549072
-0.407398850 0.043170512 -0.912229419 230.433349609 -0.017435817 0.998332262 0.055032041 -12.106047630 0.913083911 0.038325448 -0.405966729 391.146240234
-0.380967528 0.043367621 -0.923570812 229.739440918 -0.014164566 0.998508394 0.052729223 -12.074978828 0.924479902 0.033170108 -0.379785001 390.855590820
-0.357419759 0.044538029 -0.932881296 229.012680054 -0.009153126 0.998647273 0.051184740 -12.036665916 0.933898985 0.026833218 -0.356528610 390.601501465
-0.334081441 0.047362868 -0.941353500 228.260040283 -0.001890089 0.998701036 0.050919008 -12.000318527 0.942542315 0.018790338 -0.333557993 390.357910156
-0.312886238 0.052000500 -0.948366046 227.492187500 0.002831381 0.998546720 0.053817853 -11.962561607 0.949786365 0.014153678 -0.312578768 390.124542236
-0.292410016 0.056825854 -0.954603195 226.701553345 0.007103424 0.998334348 0.057253204 -11.923930168 0.956266582 0.009960462 -0.292326659 389.886962891
-0.274732441 0.058760110 -0.959723651 225.888717651 0.008037523 0.998236299 0.058817260 -11.879708290 0.961487114 0.008445211 -0.274720222 389.666931152
-0.258425415 0.057271827 -0.964332104 225.058242798 0.006934088 0.998325288 0.057432473 -11.838493347 0.966006339 0.008155248 -0.258389771 389.449127197
-0.242147684 0.052852381 -0.968798876 224.204269409 0.004601768 0.998566568 0.053326152 -11.789575577 0.970228493 0.008454616 -0.242043808 389.239135742
-0.224627629 0.050560486 -0.973132074 223.333404541 0.001602707 0.998670816 0.051517427 -11.744346619 0.974443316 0.010012593 -0.224410072 389.028259277
-0.207439259 0.051438939 -0.976894557 222.444000244 -0.000967670 0.998605371 0.052787606 -11.699063301 0.978247404 0.011895535 -0.207100168 388.842102051
-0.191263244 0.053925488 -0.980056226 221.527084351 0.001104307 0.998500884 0.054724846 -11.655637741 0.981538117 0.009384571 -0.191036046 388.666320801
-0.176755801 0.054347746 -0.982753098 220.596878052 0.004199338 0.998506844 0.054463681 -11.614765167 0.984245777 0.005499860 -0.176720127 388.500671387
-0.165026084 0.050669070 -0.984986782 219.652465820 0.008690721 0.998715460 0.049919236 -11.565793991 0.986250997 -0.000322269 -0.165254459 388.345916748
-0.155612037 0.044839043 -0.986800075 218.693161011 0.010661563 0.998987317 0.043711558 -11.526332855 0.987760663 -0.003718786 -0.155932501 388.203918457
-0.146576107 0.040046215 -0.988388419 217.714828491 0.013024573 0.999171674 0.038551603 -11.484455109 0.989113688 -0.007222595 -0.146976292 388.062530518
-0.139380068 0.038792506 -0.989478767 216.701980591 0.014073983 0.999209046 0.037191484 -11.449708939 0.990138948 -0.008742156 -0.139815792 387.924377441
-0.134958878 0.040924009 -0.990005612 215.700271606 0.012736754 0.999135852 0.039565131 -11.419142723 0.990769327 -0.007269794 -0.135363504 387.777008057
-0.131926566 0.043518461 -0.990303695 214.668869019 0.013040528 0.999025643 0.042164505 -11.379858971 0.991173744 -0.007351466 -0.132365540 387.645690918
-0.127113238 0.044631746 -0.990883470 213.617095947 0.015783161 0.998951614 0.042970441 -11.350682259 0.991762638 -0.010177162 -0.127684414 387.503265381
-0.123886496 0.044487178 -0.991298616 212.571792603 0.013453152 0.998977959 0.043150511 -11.307194710 0.992205143 -0.007990323 -0.124358393 387.373809814
-0.121568248 0.044100415 -0.991602957 211.488647461 0.011843253 0.999005973 0.042977706 -11.268687248 0.992512345 -0.006519081 -0.121969678 387.242584229
-0.118998900 0.044402037 -0.991901100 210.413146973 0.012746906 0.998985589 0.043189924 -11.230612755 0.992812574 -0.007504117 -0.119444169 387.118072510
-0.115566827 0.043348093 -0.992353499 209.326019287 0.013148569 0.999026597 0.042108342 -11.195654869 0.993212700 -0.008181700 -0.116024286 386.987731934
-0.112715028 0.042237081 -0.992729247 208.264419556 0.009308186 0.999097347 0.041451160 -11.161478043 0.993583679 -0.004568338 -0.113006413 386.859069824
-0.110015422 0.042648811 -0.993014455 207.177780151 0.007432119 0.999086380 0.042086195 -11.125439644 0.993902087 -0.002750070 -0.110231891 386.730285645
-0.107799649 0.043523073 -0.993219495 206.084350586 0.005333744 0.999052286 0.043199763 -11.092411995 0.994158328 -0.000640657 -0.107929617 386.601287842
-0.104801409 0.043170094 -0.993555784 204.990081787 0.004568026 0.999067783 0.042927742 -11.056674004 0.994482696 -0.000039700 -0.104900911 386.489135742
-0.101589181 0.042947877 -0.993899047 203.896453857 0.002153252 0.999074876 0.042951446 -11.014331818 0.994824111 0.002223288 -0.101587683 386.364166260
-0.098333694 0.044294104 -0.994167268 202.787170410 0.000258325 0.999010146 0.044484314 -10.982245445 0.995153487 0.004117487 -0.098247796 386.249786377
-0.095532425 0.044059258 -0.994450748 201.679214478 -0.001539280 0.999012232 0.044409219 -10.947450638 0.995425105 0.005773257 -0.095370233 386.136932373
-0.093328409 0.043999858 -0.994662642 200.564300537 -0.001889543 0.999013424 0.044369604 -10.906665802 0.995633602 0.006020402 -0.093153186 386.025390625
-0.091095947 0.044742443 -0.994836450 199.433700562 -0.003060490 0.998972952 0.045208715 -10.865441322 0.995837390 0.007163017 -0.090865426 385.920074463
-0.088863507 0.047552478 -0.994908035 198.322891235 -0.005180521 0.998824120 0.048202362 -10.822552681 0.996030271 0.009437573 -0.088512659 385.808868408
-0.086349212 0.047457740 -0.995133877 197.199447632 -0.006696680 0.998814583 0.048214346 -10.780125618 0.996242404 0.010827363 -0.085929021 385.705688477
-0.083081923 0.045728877 -0.995492935 196.077865601 -0.008863721 0.998873234 0.046623901 -10.740300179 0.996503294 0.012697374 -0.082582980 385.597137451
-0.080464482 0.045324553 -0.995726407 194.939971924 -0.010004400 0.998878658 0.046276495 -10.703167915 0.996707201 0.013685261 -0.079920806 385.496826172
-0.077973254 0.046089884 -0.995889544 193.806579590 -0.012370337 0.998809218 0.047193542 -10.665308952 0.996878684 0.015999325 -0.077310264 385.412109375
-0.075107530 0.045577273 -0.996133387 192.680130005 -0.012456203 0.998834193 0.046640027 -10.623476028 0.997097671 0.015911058 -0.074452251 385.320007324
-0.073040821 0.045660276 -0.996283174 191.563064575 -0.012174756 0.998836219 0.046669848 -10.588895798 0.997254729 0.015538309 -0.072399899 385.234069824
-0.071047835 0.047890127 -0.996322572 190.452758789 -0.012384547 0.998727381 0.048888866 -10.554020882 0.997396052 0.015812449 -0.070364326 385.156585693
-0.069332011 0.049822822 -0.996348679 189.338195801 -0.013860722 0.998607576 0.050900288 -10.516138077 0.997497380 0.017339131 -0.068544894 385.070434570
-0.067573763 0.050477766 -0.996436536 188.231246948 -0.015507853 0.998545468 0.051636282 -10.474677086 0.997593701 0.018941849 -0.066692688 384.989440918
-0.065872543 0.051152885 -0.996516049 187.123016357 -0.016130434 0.998499930 0.052320998 -10.431863785 0.997697592 0.019520752 -0.064948626 384.908599854
-0.064462423 0.052750416 -0.996524930 186.012557983 -0.014897800 0.998439729 0.053815488 -10.384685516 0.997808874 0.018315107 -0.063575983 384.841400146
-0.063272186 0.054883078 -0.996486008 184.902297974 -0.014051670 0.998338759 0.055877339 -10.338348389 0.997897327 0.017537776 -0.062395871 384.771423340
-0.061349846 0.056144059 -0.996535957 183.803497314 -0.013368823 0.998280883 0.057065398 -10.291378975 0.998026788 0.016823465 -0.060493793 384.687652588
-0.060084946 0.057228874 -0.996551335 182.714828491 -0.013177888 0.998222709 0.058119379 -10.247869492 0.998106301 0.016624542 -0.059223995 384.631561279
-0.058703069 0.056212544 -0.996691585 181.620864868 -0.012952585 0.998286426 0.057065375 -10.203278542 0.998191476 0.016259646 -0.057874382 384.565826416
-0.056912031 0.053790674 -0.996929049 180.525680542 -0.013874321 0.998408616 0.054662544 -10.150528908 0.998282850 0.016942671 -0.056075137 384.484680176
-0.056077644 0.052754860 -0.997031748 179.442001343 -0.014344386 0.998457491 0.053637091 -10.113288879 0.998323381 0.017309651 -0.055234406 384.411682129
-0.056301460 0.052702088 -0.997021854 178.356445312 -0.012931298 0.998483539 0.053509593 -10.058657646 0.998330057 0.015905453 -0.055534586 384.365081787
-0.056387208 0.054814827 -0.996903062 177.278030396 -0.011395638 0.998391390 0.055541225 -10.015937805 0.998344004 0.014492163 -0.055671856 384.299743652
-0.056321010 0.056426872 -0.996816874 176.191116333 -0.009468991 0.998326600 0.057047334 -9.974280357 0.998367786 0.012651816 -0.055692457 384.238281250
-0.056048974 0.057417188 -0.996775687 175.116561890 -0.008986759 0.998275578 0.058008928 -9.934303284 0.998387575 0.012209122 -0.055436328 384.167755127
-0.056377366 0.057002045 -0.996780992 174.060256958 -0.009626786 0.998291433 0.057632897 -9.881752968 0.998363137 0.012844989 -0.055732291 384.114410400
-0.056662712 0.056065485 -0.996817946 173.001480103 -0.011091815 0.998325109 0.056780748 -9.829786301 0.998331726 0.014273872 -0.055945944 384.048858643
-0.056370795 0.055891082 -0.996844232 171.942626953 -0.012102622 0.998320282 0.056658231 -9.783194542 0.998336494 0.015258299 -0.055599682 383.978485107
-0.055850275 0.055544768 -0.996892929 170.893249512 -0.013221565 0.998322666 0.056365158 -9.734457016 0.998351634 0.016328493 -0.055022210 383.906005859
-0.056211252 0.055678446 -0.996865153 169.842514038 -0.012310963 0.998329282 0.056454413 -9.696827888 0.998342991 0.015445743 -0.055431880 383.856658936
-0.055537201 0.055653263 -0.996904373 168.800628662 -0.010695121 0.998354912 0.056330062 -9.650739670 0.998399317 0.013790426 -0.054850619 383.793121338
-0.055495124 0.055650644 -0.996906817 167.747589111 -0.009840895 0.998366535 0.056279950 -9.607342720 0.998410523 0.012933718 -0.054856822 383.736846924
-0.054949407 0.055315319 -0.996955752 166.713760376 -0.009920716 0.998384893 0.055941410 -9.564847946 0.998439908 0.012964463 -0.054311883 383.677947998
-0.053574894 0.054975066 -0.997049391 165.676605225 -0.010260606 0.998400331 0.055600885 -9.522348404 0.998511136 0.013209143 -0.052925106 383.615875244
-0.051565029 0.053904574 -0.997213840 164.653442383 -0.010573771 0.998456776 0.054518521 -9.484643936 0.998613775 0.013355559 -0.050915472 383.554077148
-0.049631059 0.050598375 -0.997485101 163.629562378 -0.011043605 0.998627067 0.051205795 -9.443471909 0.998706579 0.013557229 -0.049004126 383.502044678
-0.047040615 0.047331452 -0.997771025 162.618743896 -0.010731606 0.998795152 0.047885992 -9.405419350 0.998835325 0.012960270 -0.046475992 383.449279785
-0.044342149 0.046389867 -0.997938752 161.614929199 -0.008325116 0.998869419 0.046803050 -9.372664452 0.998981714 0.010383302 -0.043905821 383.403717041
-0.042271119 0.047237515 -0.997988880 160.634002686 -0.009119992 0.998821855 0.047663234 -9.338025093 0.999064565 0.011116427 -0.041790515 383.373657227
-0.038903937 0.049055863 -0.998038054 159.639526367 -0.006982952 0.998756528 0.049363371 -9.310004234 0.999218583 0.008889682 -0.038513005 383.321319580
-0.036079068 0.051417969 -0.998025298 158.664260864 -0.005698141 0.998648763 0.051656075 -9.274914742 0.999332726 0.007550593 -0.035737328 383.285583496
-0.032575231 0.051627968 -0.998134971 157.720474243 -0.005448355 0.998641014 0.051831953 -9.246224403 0.999454439 0.007126631 -0.032249674 383.251220703
-0.029136917 0.051755965 -0.998234630 156.785140991 -0.005614597 0.998634338 0.051940579 -9.213347435 0.999559641 0.007118072 -0.028806541 383.219787598
-0.025218247 0.051014401 -0.998379469 155.870849609 -0.005035715 0.998677909 0.051156845 -9.177954674 0.999669313 0.006317640 -0.024928013 383.191802979
-0.021377016 0.050450671 -0.998497784 154.972793579 -0.003965919 0.998713851 0.050546501 -9.149341583 0.999763608 0.005040494 -0.021149442 383.176910400
-0.018528005 0.051592927 -0.998496234 154.108337402 -0.002866741 0.998660922 0.051654629 -9.122827530 0.999824226 0.003819489 -0.018355289 383.160858154
-0.017831549 0.050158627 -0.998582065 153.254043579 0.000229273 0.998741031 0.050162509 -9.094730377 0.999840975 0.000665527 -0.017820600 383.148529053
-0.018570488 0.049150106 -0.998618722 152.419128418 0.003710168 0.998787582 0.049089413 -9.071641922 0.999820709 -0.002793427 -0.018730326 383.132629395
-0.020840654 0.048017979 -0.998629034 151.610824585 0.006039868 0.998833835 0.047901779 -9.039284706 0.999764621 -0.005033290 -0.021106372 383.110107422
-0.024382688 0.049382657 -0.998482227 150.812805176 0.008243361 0.998755217 0.049194850 -9.009041786 0.999668777 -0.007031349 -0.024759416 383.087371826
-0.029706836 0.052888915 -0.998158514 150.032913208 0.011346954 0.998552620 0.052572109 -8.990476608 0.999494314 -0.009764309 -0.030263970 383.053344727
-0.038041290 0.054440882 -0.997792125 149.269790649 0.015016301 0.998433292 0.053903356 -8.967976570 0.999163389 -0.012932599 -0.038799185 383.027770996
-0.049025994 0.054153092 -0.997328401 148.524322510 0.017098831 0.998428345 0.053372275 -8.942574501 0.998651147 -0.014436522 -0.049874887 382.991516113
-0.060794931 0.053087834 -0.996737599 147.803436279 0.018778147 0.998468816 0.052034680 -8.919591904 0.997973621 -0.015553440 -0.061698724 382.929809570
-0.074490979 0.054349318 -0.995739579 147.106170654 0.020665556 0.998383462 0.052947640 -8.901161194 0.997007608 -0.016633393 -0.075493723 382.865081787
-0.090142623 0.055507641 -0.994380891 146.437591553 0.021920580 0.998314321 0.053740069 -8.869590759 0.995687544 -0.016953140 -0.091207437 382.805511475
-0.107859857 0.058190390 -0.992461801 145.792495728 0.023676600 0.998152733 0.055950932 -8.849630356 0.993884087 -0.017463263 -0.109038360 382.715698242
-0.131443158 0.061346229 -0.989423811 145.174102783 0.027574286 0.997923553 0.058210038 -8.827545166 0.990940094 -0.019631345 -0.132861778 382.630249023
-0.162021711 0.063665085 -0.984731436 144.592819214 0.032398414 0.997721791 0.059174314 -8.807927132 0.986255229 -0.022316212 -0.163715214 382.527954102
-0.199054807 0.065759592 -0.977779686 144.039764404 0.037268944 0.997532308 0.059500892 -8.788523674 0.979279459 -0.024596883 -0.201014400 382.394714355
-0.242487326 0.066627726 -0.967863977 143.522460938 0.039352544 0.997493386 0.058808077 -8.775110245 0.969356179 -0.023827694 -0.244501457 382.243194580
-0.291976184 0.067376085 -0.954049468 143.022567749 0.041717015 0.997463405 0.057675011 -8.754826546 0.955515444 -0.022960363 -0.294046313 382.056335449
-0.346443743 0.067393504 -0.935646832 142.545761108 0.042622004 0.997516811 0.056068186 -8.731498718 0.937102020 -0.020454666 -0.348455936 381.839965820
-0.403288662 0.068191625 -0.912528396 142.135772705 0.045396015 0.997482538 0.054477487 -8.719044685 0.913946152 -0.019454999 -0.405369014 381.615600586
-0.462935209 0.069059514 -0.883697808 141.734771729 0.048731785 0.997435510 0.052419215 -8.699683189 0.885051548 -0.018797468 -0.465113401 381.367889404
-0.523954570 0.072352089 -0.848667681 141.324707031 0.054859500 0.997183383 0.051144186 -8.681304932 0.849977732 -0.019760253 -0.526447952 381.083801270
-0.584705234 0.076324873 -0.807647407 140.952697754 0.058837708 0.996932268 0.051616598 -8.671580315 0.809109390 -0.017339626 -0.587402284 380.776763916
-0.643617272 0.077199459 -0.761444032 140.595321655 0.060901556 0.996910870 0.049594827 -8.654199600 0.762920618 -0.014453034 -0.646330655 380.430816650
-0.699021459 0.074096307 -0.711251557 140.276977539 0.058731042 0.997205794 0.046165135 -8.646500587 0.712684870 -0.009502126 -0.701420009 380.056793213
-0.750060380 0.073948644 -0.657222211 139.989379883 0.060475640 0.997235000 0.043187533 -8.625553131 0.658598661 -0.007352676 -0.752458513 379.667053223
-0.795564353 0.075615913 -0.601131916 139.739349365 0.062106013 0.997132719 0.043234725 -8.606567383 0.602677524 -0.002937908 -0.797979414 379.248748779
-0.836284637 0.077019766 -0.542859077 139.532028198 0.062150016 0.997019589 0.045711875 -8.591394424 0.544761837 0.004489440 -0.838578820 378.823486328
-0.872777879 0.074904256 -0.482336074 139.342636108 0.058665194 0.997089624 0.048689246 -8.574560165 0.484579295 0.014198554 -0.874632120 378.358581543
-0.904789686 0.071638495 -0.419789791 139.171020508 0.056043971 0.997206390 0.049382694 -8.567249298 0.422154665 0.021154262 -0.906276882 377.919036865
-0.929823339 0.069336705 -0.361415327 139.033523560 0.055400748 0.997271419 0.048793159 -8.557779312 0.363812238 0.025346335 -0.931127369 377.441467285
-0.949517548 0.066728033 -0.306535155 138.920867920 0.055422384 0.997428179 0.045449551 -8.547681808 0.308779538 0.026166225 -0.950773656 376.955871582
-0.964303374 0.064517535 -0.256819874 138.821990967 0.055971317 0.997612357 0.040456995 -8.532367706 0.258816838 0.024638264 -0.965612173 376.445953369
-0.975533545 0.058473986 -0.211931765 138.745178223 0.052612081 0.998063207 0.033198778 -8.516484261 0.213462532 0.021236354 -0.976720452 375.948394775
-0.983399570 0.051938981 -0.173860550 138.692581177 0.047980640 0.998486042 0.026896292 -8.499330521 0.174994290 0.018107861 -0.984403014 375.415283203
-0.989024162 0.041561797 -0.141788185 138.653289795 0.038435075 0.998955250 0.024721118 -8.484175682 0.142667532 0.019000143 -0.989588320 374.874938965
-0.992684007 0.036831357 -0.114987262 138.616699219 0.034129959 0.999095201 0.025374744 -8.470916748 0.115817808 0.021264588 -0.993042886 374.331634521
-0.995153487 0.037374564 -0.090955228 138.573593140 0.034966920 0.998998284 0.027922448 -8.462547302 0.091907702 0.024606701 -0.995463490 373.761260986
-0.996676266 0.041521676 -0.070087433 138.539642334 0.039467227 0.998756766 0.030447781 -8.455308914 0.071264543 0.027580429 -0.997076094 373.176452637
-0.997756779 0.042035688 -0.052100737 138.516632080 0.040469289 0.998706996 0.030764109 -8.442489624 0.053326551 0.028586619 -0.998167932 372.586029053
-0.998497903 0.039343700 -0.038132057 138.517623901 0.038297150 0.998879671 0.027798144 -8.429241180 0.039183017 0.026296044 -0.998885989 371.984161377
-0.999098957 0.033765122 -0.025715875 138.516403198 0.033134542 0.999149024 0.024564641 -8.413088799 0.026523413 0.023690423 -0.999367356 371.361877441
-0.999207914 0.036181919 -0.016570766 138.521133423 0.035812721 0.999115050 0.022059612 -8.402762413 0.017354263 0.021448690 -0.999619365 370.737396240
-0.999140561 0.040556598 -0.008572917 138.514923096 0.040366285 0.998957634 0.021314995 -8.390879631 0.009428444 0.020950619 -0.999736011 370.091644287
-0.999092221 0.042508569 -0.002794008 138.515792847 0.042442117 0.998886108 0.020623975 -8.377479553 0.003667596 0.020486668 -0.999783397 369.419952393
-0.999080360 0.042874575 0.000467722 138.507385254 0.042875327 0.998879075 0.020056948 -8.368103027 0.000392736 0.020058556 -0.999798715 368.731109619
-0.999049842 0.043511424 0.002459510 138.513381958 0.043549359 0.998882234 0.018376816 -8.359321594 -0.001657160 0.018466465 -0.999828100 368.033782959
-0.998931587 0.045694984 0.006888226 138.521209717 0.045800749 0.998821259 0.016070532 -8.349417686 -0.006145766 0.016368847 -0.999847114 367.319152832
-0.998591423 0.051733311 0.011782405 138.525222778 0.051905029 0.998542845 0.014766247 -8.338796616 -0.011001330 0.015357012 -0.999821544 366.580841064
-0.998262584 0.056407169 0.017031979 138.539794922 0.056631207 0.998310864 0.012971314 -8.333515167 -0.016271535 0.013913319 -0.999770820 365.831634521
-0.998129606 0.056427851 0.023521772 138.559036255 0.056762103 0.998292446 0.013792918 -8.328710556 -0.022703303 0.015102265 -0.999628186 365.063537598
-0.998022676 0.055731606 0.029064091 138.592407227 0.056134004 0.998335779 0.013217335 -8.318792343 -0.028279096 0.014822683 -0.999490201 364.275115967
-0.997786760 0.056116506 0.035672717 138.621154785 0.056577519 0.998325646 0.012047354 -8.309156418 -0.034936927 0.014038966 -0.999290943 363.481353760
-0.997565746 0.056544580 0.040808588 138.643432617 0.057014331 0.998318672 0.010439684 -8.311064720 -0.040149670 0.012740945 -0.999112368 362.655822754
-0.997518003 0.055248108 0.043653093 138.694915771 0.055651955 0.998417437 0.008089798 -8.305865288 -0.043137070 0.010499098 -0.999014020 361.817260742
-0.997231662 0.057652123 0.046959665 138.733810425 0.058028270 0.998292446 0.006685256 -8.294928551 -0.046494059 0.009391735 -0.998874426 360.956329346
-0.996764898 0.063143969 0.049724706 138.777862549 0.063647740 0.997935236 0.008612272 -8.294111252 -0.049078222 0.011749275 -0.998725832 360.085449219
-0.996551216 0.064129278 0.052662332 138.829528809 0.064842395 0.997824013 0.011944428 -8.291218758 -0.051781751 0.015317986 -0.998540938 359.162231445
-0.996250987 0.066366188 0.055493709 138.877929688 0.067260608 0.997631431 0.014406288 -8.278231621 -0.054406177 0.018084817 -0.998355150 358.264984131
-0.995953381 0.067976438 0.058788933 138.930145264 0.068968609 0.997505963 0.015013248 -8.261433601 -0.057621758 0.019007083 -0.998157620 357.334533691
-0.996100485 0.063514754 0.061235562 138.996124268 0.064603053 0.997783482 0.015957577 -8.250659943 -0.060086291 0.019851353 -0.997995794 356.382232666
-0.996478438 0.055674188 0.062698938 139.085342407 0.056989260 0.998186588 0.019383561 -8.238180161 -0.061506078 0.022888463 -0.997844338 355.414489746
-0.996723115 0.048699319 0.064588025 139.148696899 0.050309464 0.998456180 0.023540867 -8.221527100 -0.063341893 0.026713116 -0.997634351 354.449371338
-0.996915460 0.044343423 0.064755172 139.221740723 0.045983527 0.998652339 0.024060259 -8.207402229 -0.063600980 0.026963718 -0.997611105 353.453094482
-0.996950686 0.045431636 0.063444063 139.297714233 0.046695877 0.998736143 0.018587336 -8.193199158 -0.062519424 0.021493236 -0.997812331 352.459350586
-0.996956825 0.045540147 0.063270710 139.362564087 0.046521176 0.998817444 0.014118970 -8.183085442 -0.062552921 0.017019430 -0.997896552 351.451232910
-0.996803224 0.049280301 0.062886827 139.433685303 0.050273843 0.998632908 0.014314704 -8.174217224 -0.062095433 0.017430507 -0.997918069 350.423675537
-0.996712148 0.051282108 0.062730208 139.499343872 0.052450549 0.998476744 0.017122656 -8.174830437 -0.061756577 0.020356594 -0.997883677 349.399444580
-0.996815443 0.049320966 0.062661327 139.555969238 0.050357085 0.998617768 0.015063968 -8.156826019 -0.061831746 0.018171439 -0.997921228 348.387878418
-0.997008681 0.045526493 0.062459268 139.626678467 0.046577506 0.998794794 0.015474886 -8.148577690 -0.061679471 0.018337790 -0.997927487 347.343933105
-0.997037768 0.044493198 0.062738143 139.695999146 0.045594741 0.998828053 0.016236184 -8.139437675 -0.061942220 0.019048616 -0.997897923 346.289947510
-0.996986032 0.044704497 0.063406304 139.762664795 0.045767948 0.998833179 0.015419175 -8.132600784 -0.062642999 0.018274678 -0.997868717 345.233917236
-0.996840596 0.047526531 0.063639350 139.838867188 0.048417151 0.998748660 0.012525658 -8.128809929 -0.062964410 0.015567321 -0.997894406 344.182952881
-0.996548057 0.051170252 0.065371923 139.904830933 0.051954616 0.998595715 0.010354183 -8.121931076 -0.064750299 0.013714815 -0.997807264 343.121215820
-0.996340334 0.052086663 0.067770965 139.970642090 0.052848361 0.998557389 0.009494227 -8.124925613 -0.067178674 0.013041066 -0.997655809 342.061523438
-0.996268749 0.051627558 0.069160372 140.050949097 0.052334059 0.998593986 0.008441620 -8.124734879 -0.068627305 0.012029564 -0.997569799 341.010559082
-0.996346593 0.048493899 0.070297673 140.136291504 0.049508054 0.998692334 0.012755622 -8.127426147 -0.069587171 0.016189322 -0.997444451 339.954315186
-0.996447146 0.046032611 0.070526965 140.216629028 0.047295213 0.998747349 0.016337546 -8.130559921 -0.069686554 0.019615088 -0.997376025 338.900756836
-0.996508181 0.045361590 0.070097990 140.298828125 0.046427995 0.998828232 0.013658550 -8.124424934 -0.069396287 0.016865367 -0.997446537 337.833496094
-0.996542215 0.045393515 0.069591410 140.378356934 0.046199620 0.998881936 0.010017056 -8.121448517 -0.069058903 0.013197516 -0.997525275 336.773162842
-0.996374071 0.049345281 0.069310144 140.451873779 0.050125178 0.998697221 0.009557423 -8.124150276 -0.068748236 0.012996953 -0.997549355 335.719696045
-0.996194243 0.053627178 0.068710931 140.512817383 0.054855343 0.998364270 0.016112775 -8.118538857 -0.067734458 0.019820616 -0.997506499 334.653594971
-0.996156871 0.054982007 0.068179779 140.584548950 0.056571711 0.998164594 0.021607598 -8.111579895 -0.066866621 0.025381604 -0.997439086 333.586547852
-0.996308446 0.053228617 0.067351952 140.660217285 0.054822404 0.998252749 0.022039488 -8.104744911 -0.066061147 0.025650524 -0.997485816 332.531524658
-0.996432722 0.052285757 0.066241540 140.729507446 0.053614102 0.998391509 0.018435454 -8.099399567 -0.065171078 0.021921169 -0.997633219 331.483184814
-0.996759832 0.047666494 0.064790308 140.815444946 0.048701879 0.998708189 0.014495357 -8.094374657 -0.064015664 0.017603798 -0.997793555 330.442474365
-0.996968627 0.044743288 0.063652955 140.891113281 0.045727398 0.998854578 0.014087799 -8.091272354 -0.062949717 0.016955774 -0.997872591 329.390869141
-0.997070551 0.043401346 0.062980965 140.961456299 0.044697218 0.998813868 0.019313894 -8.084141731 -0.062068015 0.022072390 -0.997827768 328.323974609
-0.997223437 0.040429600 0.062538967 141.035232544 0.041933425 0.998857439 0.022923045 -8.076069832 -0.061540741 0.025481869 -0.997779250 327.260284424
-0.997258008 0.040592875 0.061876502 141.109603882 0.041947279 0.998904407 0.020748701 -8.064799309 -0.060966462 0.023287360 -0.997868121 326.202972412
-0.997191191 0.042884737 0.061405055 141.171310425 0.043981768 0.998893976 0.016625896 -8.054009438 -0.060624145 0.019279901 -0.997974455 325.145782471
-0.997123301 0.045702543 0.060468577 141.241226196 0.046722189 0.998786747 0.015556463 -8.047269821 -0.059684247 0.018336935 -0.998048902 324.079040527
-0.997110784 0.046078205 0.060390618 141.307632446 0.047353633 0.998680711 0.019860599 -8.033033371 -0.059395805 0.022662930 -0.997977197 322.996704102
-0.996967196 0.048797227 0.060624622 141.367233276 0.050343238 0.998437703 0.024240304 -8.021066666 -0.059347048 0.027218824 -0.997866273 321.909149170
-0.996886194 0.051136915 0.060026255 141.445526123 0.052703165 0.998302221 0.024805252 -8.011056900 -0.058655869 0.027891584 -0.997888565 320.814178467
-0.996621132 0.056034610 0.060053982 141.494766235 0.057475969 0.998092175 0.022547361 -7.990880489 -0.058675978 0.025922837 -0.997940421 319.721740723
-0.996503234 0.058469340 0.059688918 141.562011719 0.059924401 0.997940600 0.022884244 -7.967279911 -0.058227960 0.026381047 -0.997954726 318.622741699
-0.996444583 0.060015421 0.059130684 141.635467529 0.061553892 0.997801781 0.024547860 -7.952957630 -0.057527460 0.028100306 -0.997948408 317.523559570
-0.996197760 0.063363574 0.059791941 141.690765381 0.064937979 0.997582018 0.024764420 -7.945823669 -0.058078203 0.028553028 -0.997903645 316.403411865
-0.996045887 0.065210626 0.060334917 141.759811401 0.066611901 0.997547150 0.021510478 -7.933821678 -0.058784213 0.025444444 -0.997946441 315.292694092
-0.995884657 0.067550644 0.060421195 141.827148438 0.068634175 0.997512996 0.016038733 -7.912007332 -0.059187502 0.020119682 -0.998044133 314.175628662
-0.995953500 0.066545844 0.060400832 141.905334473 0.067548200 0.997607648 0.014705466 -7.905309677 -0.059277739 0.018725926 -0.998065889 313.049774170
-0.996148646 0.063316323 0.060655724 141.985580444 0.064431988 0.997783780 0.016615452 -7.896055222 -0.059469264 0.020459624 -0.998020470 311.912628174
-0.996123254 0.063434921 0.060946539 142.064315796 0.064775944 0.997693658 0.020283539 -7.882332802 -0.059519287 0.024152773 -0.997934937 310.773773193
-0.996218204 0.061850470 0.061023045 142.137420654 0.063419588 0.997695506 0.024118932 -7.873766899 -0.059390645 0.027897775 -0.997844934 309.633209229
-0.996210635 0.062296044 0.060693648 142.206588745 0.064038888 0.997576535 0.027204456 -7.848517418 -0.058851831 0.030988118 -0.997785747 308.472625732
-0.996237636 0.063320279 0.059170809 142.291412354 0.065142423 0.997443199 0.029388662 -7.832013607 -0.057158615 0.033132620 -0.997815251 307.325561523
-0.996220589 0.064267971 0.058430001 142.347366333 0.065894298 0.997478724 0.026344610 -7.814538956 -0.056589574 0.030095248 -0.997943878 306.173248291
-0.996220708 0.064795412 0.057844285 142.415969849 0.066140749 0.997575343 0.021652425 -7.796378136 -0.056301050 0.025396459 -0.998090863 305.009460449
-0.996212840 0.065475397 0.057210483 142.489349365 0.066831976 0.997518897 0.022127513 -7.781601429 -0.055619728 0.025867203 -0.998116910 303.836547852
-0.996220469 0.065372564 0.057194546 142.553054810 0.066794902 0.997494161 0.023318542 -7.767632008 -0.055526834 0.027050713 -0.998090684 302.655120850
-0.996218979 0.064937912 0.057713956 142.626892090 0.066173345 0.997612476 0.019757325 -7.753889561 -0.056293160 0.023501743 -0.998137653 301.490814209
-0.996143401 0.065460250 0.058422931 142.701721191 0.066465557 0.997669339 0.015431316 -7.739530087 -0.057276633 0.019254917 -0.998172641 300.319152832
-0.995997965 0.066709593 0.059480131 142.764785767 0.067653038 0.997610867 0.013989212 -7.732359886 -0.058404807 0.017957238 -0.998131514 299.139984131
-0.995961428 0.066459276 0.060366224 142.840148926 0.067546874 0.997585297 0.016156141 -7.731186390 -0.059146728 0.020168440 -0.998045564 297.962982178
-0.995956600 0.065408424 0.061580673 142.927474976 0.066744953 0.997571647 0.019900717 -7.724604607 -0.060129456 0.023930451 -0.997903705 296.792877197
-0.995833516 0.065397501 0.063551120 142.996643066 0.067036852 0.997461498 0.024012640 -7.714962959 -0.061819438 0.028172858 -0.997689664 295.588195801
-0.995942235 0.062380448 0.064866945 143.078659058 0.063927583 0.997710824 0.022053277 -7.702408791 -0.063342765 0.026110578 -0.997650206 294.421936035
-0.995986760 0.061815154 0.064723507 143.166641235 0.062804066 0.997936487 0.013355331 -7.701828957 -0.063764401 0.017366633 -0.997813821 293.272552490
-0.996097624 0.058934391 0.065697730 143.242263794 0.059344303 0.998228312 0.004303810 -7.699141502 -0.065327689 0.008185802 -0.997830212 292.092590332
-0.996006429 0.059029352 0.066983305 143.325119019 0.059425928 0.998225033 0.003941719 -7.703956604 -0.066631727 0.007906524 -0.997746229 290.933868408
-0.995883822 0.058834855 0.068948671 143.406356812 0.059642434 0.998172522 0.009711633 -7.715666771 -0.068251297 0.013783923 -0.997572958 289.774475098
-0.995747089 0.060188971 0.069750957 143.482162476 0.061407626 0.997993052 0.015459222 -7.708993435 -0.068680510 0.019676713 -0.997444689 288.604522705
-0.995794535 0.058620598 0.070404693 143.574691772 0.060283974 0.997944593 0.021736512 -7.703448772 -0.068985783 0.025889372 -0.997281671 287.449035645
-0.995799780 0.058916785 0.070083052 143.665222168 0.060748264 0.997857451 0.024293426 -7.693002701 -0.068501621 0.028448811 -0.997245371 286.295257568
-0.995888829 0.058044672 0.069542825 143.753036499 0.059764773 0.997949541 0.022912772 -7.677273273 -0.068070270 0.026974780 -0.997315824 285.147216797
-0.995947480 0.058095355 0.068655618 143.825942993 0.059828226 0.997932971 0.023457615 -7.667608261 -0.067150928 0.027470095 -0.997364640 283.990631104
-0.995976508 0.058387995 0.067983374 143.908294678 0.060112029 0.997912645 0.023594536 -7.653917313 -0.066463836 0.027586220 -0.997407436 282.844421387
-0.996016562 0.058969568 0.066884749 143.994949341 0.060307678 0.998014510 0.018164957 -7.644539833 -0.065680772 0.022126261 -0.997595370 281.705444336
-0.996131718 0.058287498 0.065757804 144.076965332 0.059002887 0.998217344 0.008988549 -7.648290634 -0.065116659 0.012833680 -0.997795045 280.558776855
-0.996219993 0.057355113 0.065237850 144.155624390 0.057882726 0.998304009 0.006224948 -7.648339272 -0.064770162 0.009977562 -0.997850299 279.407531738
-0.996480167 0.053864770 0.064232558 144.250534058 0.054734308 0.998430550 0.011854104 -7.658672333 -0.063493229 0.015328104 -0.997864485 278.280883789
-0.996886969 0.046137162 0.063935488 144.325332642 0.047500458 0.998671591 0.019968830 -7.649504662 -0.062929250 0.022943627 -0.997754216 277.123474121
-0.997096002 0.043236479 0.062692679 144.414459229 0.045155928 0.998543382 0.029529598 -7.638280869 -0.061324608 0.032274779 -0.997595906 275.986328125
-0.997139215 0.044056606 0.061420575 144.488327026 0.046299078 0.998293757 0.035577387 -7.618532658 -0.059748363 0.038319312 -0.997477770 274.850128174
-0.997236252 0.042215850 0.061137132 144.555572510 0.044465076 0.998365462 0.035908382 -7.599587440 -0.059521299 0.038527608 -0.997483253 273.705444336
-0.996931136 0.049772300 0.060424719 144.620239258 0.051429141 0.998333514 0.026180638 -7.583980083 -0.059020944 0.029207885 -0.997829437 272.585876465
-0.996496856 0.058691192 0.059578478 144.674835205 0.059383281 0.998185992 0.009911497 -7.575180054 -0.058888685 0.013414737 -0.998174429 271.488677979
-0.996378243 0.060744766 0.059502289 144.736511230 0.061039157 0.998130441 0.003140825 -7.578507900 -0.059200242 0.006761418 -0.998223305 270.379974365
-0.996281266 0.061545700 0.060297471 144.801330566 0.062278356 0.998005211 0.010345857 -7.580488682 -0.059540443 0.014062610 -0.998126864 269.252502441
-0.996282399 0.060642507 0.061187498 144.874984741 0.062151726 0.997800112 0.023069546 -7.580564976 -0.059653889 0.026786691 -0.997859716 268.124969482
-0.996400416 0.058812123 0.061052032 144.950134277 0.060842082 0.997636259 0.031939428 -7.568846703 -0.059029296 0.035538994 -0.997623444 267.014801025
-0.996549606 0.056215506 0.061063249 145.029968262 0.058648232 0.997524261 0.038804717 -7.543890476 -0.058730643 0.042252079 -0.997379363 265.904754639
-0.996646166 0.053585611 0.061847314 145.101684570 0.056312442 0.997477293 0.043221682 -7.514593124 -0.059375238 0.046559494 -0.997149348 264.794494629
-0.996777713 0.050904442 0.061992917 145.174591064 0.053489648 0.997735500 0.040780853 -7.490070343 -0.059776604 0.043965422 -0.997243106 263.704772949
-0.996907949 0.048539676 0.061791874 145.251998901 0.050636739 0.998177230 0.032835633 -7.463684559 -0.060085405 0.035863046 -0.997548759 262.615203857
-0.996976137 0.048439290 0.060762458 145.324508667 0.050051097 0.998426378 0.025290031 -7.447285175 -0.059441812 0.028254787 -0.997831821 261.526702881
-0.997004569 0.049132578 0.059731387 145.388931274 0.050357029 0.998547316 0.019168815 -7.438280106 -0.058702800 0.022119291 -0.998030424 260.437713623
-0.997148573 0.049202640 0.057217758 145.448379517 0.050042279 0.998658121 0.013334593 -7.432425976 -0.056484878 0.016159877 -0.998272657 259.363647461
-0.997147202 0.051035199 0.055615075 145.504394531 0.051791087 0.998583019 0.012235053 -7.430994034 -0.054911856 0.015080512 -0.998377383 258.294799805
-0.997188985 0.051531419 0.054393683 145.560989380 0.052570760 0.998457611 0.017852267 -7.429596901 -0.053389832 0.020661600 -0.998359978 257.217864990
-0.997321188 0.049977947 0.053409997 145.631607056 0.051515613 0.998284876 0.027811024 -7.424055099 -0.051928449 0.030487971 -0.998185277 256.145416260
-0.997482061 0.046319626 0.053703561 145.690933228 0.048338722 0.998148143 0.036928106 -7.403461933 -0.051893614 0.039431073 -0.997873902 255.074951172
-0.997693241 0.040944699 0.054145705 145.760681152 0.043143913 0.998264194 0.040091220 -7.378040314 -0.052410193 0.042334795 -0.997727931 254.027511597
-0.997886240 0.035232894 0.054604813 145.832183838 0.037296437 0.998610020 0.037243746 -7.362463474 -0.053216711 0.039201584 -0.997813225 252.997726440
-0.997886419 0.033658542 0.055586591 145.892501831 0.035368323 0.998921931 0.030066891 -7.350005150 -0.054514658 0.031969342 -0.998001099 251.992218018
-0.997706056 0.036572699 0.056966648 145.953704834 0.037793908 0.999075055 0.020509100 -7.337764263 -0.056163885 0.022615043 -0.998165429 250.995544434
-0.997456014 0.039659597 0.059234440 146.007064819 0.040641572 0.999054015 0.015465554 -7.335217476 -0.058565058 0.017833589 -0.998124242 250.015441895
-0.997159600 0.044087622 0.061065562 146.063629150 0.045063652 0.998875856 0.014698839 -7.333561420 -0.060348883 0.017408926 -0.998025537 249.041229248
-0.996914566 0.046790134 0.063023299 146.120620728 0.048174821 0.998625934 0.020632975 -7.333403111 -0.061971273 0.023605455 -0.997798800 248.084075928
-0.996648729 0.049334705 0.065248065 146.176681519 0.051080313 0.998372495 0.025360620 -7.335523129 -0.063890710 0.028608523 -0.997546852 247.139831543
-0.996521950 0.051143326 0.065790623 146.243453979 0.052795179 0.998326004 0.023618041 -7.335268974 -0.064472593 0.027009321 -0.997554004 246.236892700
-0.996323228 0.052721124 0.067532562 146.300720215 0.053920027 0.998416185 0.016053516 -7.316123009 -0.066579260 0.019635845 -0.997587860 245.324996948
-0.996236265 0.053916041 0.067869179 146.365707397 0.054858007 0.998421013 0.012091425 -7.312992096 -0.067110091 0.015769085 -0.997621000 244.447692871
-0.996341884 0.049722653 0.069501400 146.431716919 0.050618675 0.998655438 0.011189791 -7.315749645 -0.068851575 0.014666929 -0.997519016 243.568496704
-0.996493936 0.046188477 0.069760159 146.510864258 0.047109533 0.998822212 0.011615292 -7.321383476 -0.069141500 0.014860937 -0.997496188 242.720611572
-0.996319354 0.047152400 0.071585134 146.559783936 0.048077080 0.998780310 0.011248569 -7.321818829 -0.070967421 0.014648772 -0.997371018 241.878646851
-0.996387541 0.042897649 0.073291495 146.626464844 0.043958098 0.998949885 0.012916874 -7.322334290 -0.072660424 0.016091969 -0.997226834 241.069915771
-0.996602476 0.034381181 0.074842483 146.706039429 0.035837453 0.999191821 0.018202223 -7.326595783 -0.074156187 0.020822544 -0.997029305 240.266250610
-0.996480107 0.031901650 0.077522576 146.765243530 0.034019522 0.999078929 0.026153764 -7.325291157 -0.076616824 0.028698981 -0.996647477 239.479843140
-0.996245027 0.031940110 0.080471694 146.826812744 0.034424711 0.998966515 0.029679274 -7.326683521 -0.079440571 0.032338042 -0.996315002 238.724456787
-0.996061563 0.032414667 0.082526632 146.888656616 0.034752727 0.999029756 0.027053470 -7.322164059 -0.081569612 0.029814944 -0.996221662 238.000930786
-0.995925963 0.031426031 0.084521234 146.957199097 0.033427250 0.999190867 0.022366777 -7.315244198 -0.083749942 0.025100963 -0.996170640 237.301727295
-0.995589554 0.033860847 0.087491877 147.011978149 0.035588723 0.999199569 0.018264741 -7.308900833 -0.086803392 0.021297911 -0.995997727 236.624221802
-0.995360136 0.031932808 0.090765931 147.073272705 0.033939496 0.999210477 0.020651143 -7.307040691 -0.090034820 0.023635877 -0.995658100 235.970367432
-0.995342255 0.030180620 0.091559045 147.133621216 0.032787409 0.999094844 0.027101550 -7.311910152 -0.090658210 0.029977305 -0.995430768 235.346588135
-0.995530725 0.023022220 0.091589689 147.201141357 0.025937464 0.999189973 0.030767329 -7.304346561 -0.090807155 0.033005420 -0.995321393 234.728042603
-0.995692968 0.020578021 0.090399534 147.260589600 0.023552289 0.999211669 0.031958696 -7.299823761 -0.089670606 0.033950157 -0.995392680 234.144760132
-0.996026158 0.016926259 0.087439425 147.315399170 0.019911759 0.999244153 0.033384956 -7.302138805 -0.086808257 0.034993351 -0.995610297 233.584320068
-0.996593297 0.015422746 0.081018396 147.363418579 0.018108420 0.999307036 0.032519430 -7.294591427 -0.080460712 0.033875760 -0.996181965 233.033065796
-0.997221529 0.013858850 0.073192619 147.402603149 0.016038384 0.999442756 0.029274773 -7.283833504 -0.072746113 0.030367324 -0.996888041 232.493911743
-0.997985721 0.011232639 0.062436845 147.430984497 0.012894304 0.999571621 0.026274594 -7.279098034 -0.062114973 0.027026745 -0.997703075 231.982009888
-0.998868048 0.008038737 0.046882838 147.454193115 0.009256121 0.999624133 0.025807476 -7.271408558 -0.046657756 0.026212210 -0.998567045 231.480697632
-0.999590456 0.007626618 0.027583404 147.457748413 0.008366620 0.999605596 0.026812630 -7.265197754 -0.027368028 0.027032427 -0.999259889 230.998168945
-0.999923468 0.011962757 0.003161873 147.447006226 0.012048105 0.999520838 0.028513793 -7.255435944 -0.002819250 0.028549697 -0.999588490 230.537231445
-0.999529123 0.018660838 -0.024357334 147.407669067 0.017962812 0.999430537 0.028568566 -7.247629166 0.024876583 0.028117588 -0.999295115 230.088119507
-0.998119950 0.020690745 -0.057691541 147.368331909 0.019149907 0.999448419 0.027134428 -7.245984554 0.058221158 0.025978623 -0.997965753 229.642028809
-0.995219409 0.021122633 -0.095353365 147.311264038 0.018655464 0.999469697 0.026691800 -7.241786003 0.095866606 0.024785331 -0.995085657 229.196578979
-0.990725994 0.023127997 -0.133891582 147.231414795 0.019559983 0.999419212 0.027902998 -7.239401340 0.134459153 0.025025308 -0.990603030 228.805206299
-0.984300315 0.030106490 -0.173915252 147.125122070 0.025657807 0.999284923 0.027771993 -7.225824356 0.174627006 0.022873698 -0.984368920 228.387496948
-0.976021290 0.037093841 -0.214491114 146.997558594 0.031948145 0.999113560 0.027408557 -7.223319054 0.215317681 0.019898742 -0.976341367 227.975631714
-0.965588868 0.043578405 -0.256396413 146.850692749 0.037940495 0.998917818 0.026897129 -7.210138321 0.257291079 0.016243760 -0.966197431 227.586044312
-0.952882051 0.047312852 -0.299628556 146.701202393 0.040602691 0.998766363 0.028585086 -7.206957817 0.300611377 0.015072490 -0.953627646 227.196853638
-0.938598454 0.048949622 -0.341521233 146.538269043 0.040886618 0.998689830 0.030772220 -7.194740295 0.342580080 0.014919112 -0.939370155 226.817321777
-0.922359824 0.053622782 -0.382592320 146.333236694 0.043532670 0.998439133 0.034988407 -7.182432175 0.383871317 0.015616636 -0.923254550 226.438690186
-0.902274370 0.056380644 -0.427460015 146.128662109 0.043837406 0.998271763 0.039137769 -7.169267654 0.428927869 0.016574267 -0.903186679 226.079254150
-0.878221691 0.058690801 -0.474638700 145.890151978 0.044615582 0.998167694 0.040875047 -7.150942802 0.476167977 0.014721073 -0.879231095 225.717758179
-0.851439059 0.061530612 -0.520831406 145.643402100 0.045634542 0.998019218 0.043303266 -7.128859520 0.522464335 0.013102188 -0.852560401 225.401824951
-0.821300805 0.063730605 -0.566924453 145.363433838 0.044594407 0.997871876 0.047571696 -7.114842892 0.568749845 0.013789010 -0.822394967 225.051757812
-0.788050294 0.062944807 -0.612384319 145.058074951 0.040201087 0.997897565 0.050837319 -7.098009109 0.614296794 0.015443841 -0.788923860 224.707260132
-0.751552999 0.063463174 -0.656612754 144.731018066 0.037467420 0.997861505 0.053560771 -7.085002899 0.658607781 0.015652178 -0.752323568 224.382263184
-0.711819947 0.058686376 -0.699905872 144.383850098 0.031611685 0.998170137 0.051545735 -7.051197529 0.701650321 0.014566077 -0.712372601 224.065597534
-0.670382440 0.055001777 -0.739974320 144.003402710 0.027787110 0.998410404 0.049037300 -7.034001350 0.741495192 0.012311997 -0.670845151 223.764587402
-0.627595544 0.050774664 -0.776882112 143.619827271 0.025810149 0.998679459 0.044420231 -7.009403229 0.778111577 0.007826496 -0.628077328 223.494750977
-0.583743453 0.047239851 -0.810562849 143.196746826 0.023173677 0.998868704 0.041525379 -6.990347862 0.811607420 0.005456446 -0.584177792 223.229583740
-0.538861454 0.045415293 -0.841169357 142.752471924 0.020631110 0.998957634 0.040717907 -6.972247601 0.842141807 0.004587051 -0.539236784 222.982650757
-0.493625730 0.045127850 -0.868502855 142.281463623 0.016462980 0.998958707 0.042549454 -6.953165054 0.869518757 0.006705359 -0.493854672 222.745712280
-0.448691726 0.045743629 -0.892515182 141.790313721 0.013012589 0.998917699 0.044655256 -6.920284271 0.893591940 0.008422506 -0.448801279 222.520980835
-0.404748827 0.047837187 -0.913175762 141.279907227 0.012826796 0.998829424 0.046638954 -6.893247604 0.914337993 0.007163941 -0.404888660 222.331512451
-0.361427903 0.050011922 -0.931057811 140.748779297 0.013779797 0.998737931 0.048298188 -6.865045547 0.932298303 0.004626523 -0.361660928 222.161422729
-0.318785161 0.051662739 -0.946417928 140.209564209 0.011746049 0.998652101 0.050557617 -6.846406460 0.947754204 0.005000351 -0.318962365 221.999389648
-0.280475467 0.048496962 -0.958635271 139.652587891 0.006526195 0.998796165 0.048619259 -6.825557709 0.959838927 0.007380268 -0.280454308 221.854843140
-0.246017799 0.043993235 -0.968266428 139.074264526 0.004971458 0.999013603 0.044127084 -6.801883221 0.969252527 0.006042351 -0.245993838 221.730255127
-0.214460537 0.040318888 -0.975900173 138.499359131 0.007407737 0.999186039 0.039653033 -6.775047779 0.976704538 0.001274798 -0.214584619 221.615554810
-0.187101245 0.038553670 -0.981583834 137.886611938 0.012133380 0.999243975 0.036934547 -6.744589806 0.982265711 -0.004999428 -0.187427551 221.521408081
-0.163593829 0.039715350 -0.985728085 137.266174316 0.016862633 0.999155998 0.037457801 -6.725920200 0.986383677 -0.010494106 -0.164125428 221.437225342
-0.142359599 0.041141152 -0.988959670 136.624923706 0.020009402 0.999051332 0.038680639 -6.708156586 0.989612758 -0.014281930 -0.143047735 221.357330322
-0.124428466 0.040644061 -0.991395831 135.978637695 0.018102003 0.999087393 0.038687445 -6.684457302 0.992063522 -0.013132430 -0.125050634 221.275711060
-0.109292313 0.041312963 -0.993150711 135.276458740 0.019820627 0.999027908 0.039376255 -6.660202026 0.993812025 -0.015381348 -0.110004924 221.216217041
-0.097373873 0.043064807 -0.994315684 134.571990967 0.021456216 0.998922110 0.041163098 -6.631633282 0.995016575 -0.017326042 -0.098192930 221.154663086
-0.087874569 0.046339512 -0.995053172 133.845260620 0.026096229 0.998681724 0.044203896 -6.604552269 0.995789707 -0.022082737 -0.088968001 221.104751587
-0.079870358 0.048055962 -0.995646179 133.096191406 0.026255975 0.998592079 0.046091907 -6.573162556 0.996459424 -0.022460282 -0.081019655 221.047302246
-0.072367400 0.047319669 -0.996254861 132.330184937 0.023810629 0.998671234 0.045704845 -6.544659138 0.997093797 -0.020413917 -0.073397949 220.986206055
-0.064642690 0.042934861 -0.996984422 131.551528931 0.025665237 0.998815000 0.041349616 -6.505351067 0.997578442 -0.022914890 -0.065668024 220.935455322
-0.057497576 0.038665663 -0.997596622 130.731002808 0.030783100 0.998843253 0.036939770 -6.475623131 0.997870982 -0.028585166 -0.058621317 220.903121948
-0.050701246 0.031345706 -0.998221755 129.892959595 0.031793825 0.999051392 0.029756896 -6.448777676 0.998207629 -0.030228583 -0.051649760 220.861450195
-0.046175499 0.026576947 -0.998579741 129.046463013 0.035850864 0.999046028 0.024931572 -6.422193050 0.998289824 -0.034648724 -0.047084261 220.822265625
-0.044425387 0.024935661 -0.998701394 128.173812866 0.039725307 0.998941958 0.023174556 -6.398227215 0.998222530 -0.038644180 -0.045368962 220.793014526
-0.042489238 0.028061489 -0.998702765 127.273719788 0.039387632 0.998875499 0.026390614 -6.370802879 0.998320341 -0.038215216 -0.043546733 220.751663208
-0.042220138 0.034592923 -0.998509228 126.338226318 0.035866771 0.998808742 0.033086728 -6.345059395 0.998464346 -0.034416381 -0.043410573 220.713394165
-0.042734075 0.044146527 -0.998110652 125.399513245 0.034173749 0.998503327 0.042700753 -6.311602116 0.998501837 -0.032284409 -0.044178769 220.665222168
-0.043129362 0.050535951 -0.997790515 124.452575684 0.030866643 0.998310626 0.049228080 -6.280024052 0.998592556 -0.028675271 -0.044616371 220.612625122
-0.042495318 0.049074512 -0.997890651 123.480644226 0.030497056 0.998391151 0.047800399 -6.242917061 0.998631060 -0.028401444 -0.043923583 220.566574097
-0.042738441 0.040011939 -0.998284757 122.522834778 0.033624303 0.998689234 0.038588628 -6.205553055 0.998520315 -0.031917423 -0.044027794 220.522720337
-0.043072872 0.034501493 -0.998475969 121.556831360 0.035223674 0.998834670 0.032994375 -6.170162678 0.998450875 -0.033748832 -0.044237945 220.476837158
-0.043033890 0.033605281 -0.998508215 120.547859192 0.038866878 0.998733878 0.031937785 -6.148156166 0.998317301 -0.037434492 -0.044285540 220.446502686
-0.043658223 0.037535097 -0.998341203 119.557922363 0.040775519 0.998528242 0.035758983 -6.123129845 0.998214006 -0.039146699 -0.045124486 220.403808594
-0.044757549 0.039708119 -0.998208463 118.555244446 0.040515628 0.998459756 0.037901480 -6.098115444 0.998175919 -0.038746662 -0.046297412 220.352767944
-0.046520427 0.045486085 -0.997881174 117.564971924 0.041851956 0.998174310 0.043548342 -6.065940380 0.998040199 -0.039737400 -0.048339177 220.296157837
-0.050422996 0.051573440 -0.997395396 116.555656433 0.042774819 0.997860968 0.049435042 -6.028915882 0.997811556 -0.040170737 -0.052521180 220.247055054
-0.053869534 0.054974899 -0.997033477 115.552337646 0.040735818 0.997773051 0.052814730 -5.990609169 0.997716784 -0.037769865 -0.055989020 220.186859131
-0.057019319 0.048913274 -0.997174144 114.557395935 0.040056933 0.998106897 0.046668541 -5.955989838 0.997569203 -0.037282720 -0.058870699 220.123153687
-0.060833115 0.043094657 -0.997217238 113.574661255 0.041353833 0.998318493 0.040619548 -5.920747280 0.997290909 -0.038767736 -0.062512957 220.056243896
-0.063814245 0.040148534 -0.997153938 112.574981689 0.040757146 0.998461664 0.037592873 -5.888398647 0.997129202 -0.038242187 -0.065352418 219.985015869
-0.066242985 0.044600975 -0.996806264 111.570960999 0.043525796 0.998178720 0.041769866 -5.857317448 0.996853828 -0.040619820 -0.068063639 219.918899536
-0.068906777 0.051632978 -0.996286154 110.572334290 0.044195715 0.997837365 0.048656631 -5.829826355 0.996643662 -0.040678799 -0.071039721 219.845611572
-0.071011432 0.055836085 -0.995911479 109.583564758 0.044027686 0.997634530 0.052793376 -5.797414303 0.996503353 -0.040098742 -0.073301777 219.771972656
-0.072100818 0.053142488 -0.995980620 108.599685669 0.043766927 0.997786224 0.050070472 -5.759170532 0.996436656 -0.039980888 -0.074267082 219.693969727
-0.072378717 0.048135016 -0.996215045 107.626914978 0.043770265 0.998025715 0.045042433 -5.728659630 0.996416330 -0.040344488 -0.074342713 219.621414185
-0.072634690 0.042930350 -0.996434271 106.659065247 0.044310987 0.998225510 0.039777495 -5.698021889 0.996373832 -0.041263763 -0.074408092 219.541076660
-0.072700277 0.036801714 -0.996674657 105.685455322 0.045974012 0.998380363 0.033511225 -5.675478458 0.996293664 -0.043384861 -0.074274465 219.465621948
-0.072298512 0.032922331 -0.996839464 104.702796936 0.046381243 0.998484731 0.029612742 -5.652446270 0.996303976 -0.044093702 -0.073715933 219.403244019
-0.071095787 0.038300980 -0.996733904 103.728782654 0.048309971 0.998222053 0.034912273 -5.629213333 0.996298909 -0.045670073 -0.072819702 219.331863403
-0.070015289 0.046286769 -0.996471345 102.746055603 0.052090850 0.997729719 0.042685151 -5.606320381 0.996184945 -0.048918441 -0.072267450 219.270141602
-0.068456978 0.048660878 -0.996466637 101.768959045 0.052054208 0.997623503 0.045141265 -5.582832813 0.996295154 -0.048780043 -0.070827298 219.203308105
-0.067458026 0.046412013 -0.996642053 100.808174133 0.050621342 0.997790158 0.043039158 -5.547707558 0.996437132 -0.047548015 -0.069658399 219.131805420
-0.066416010 0.045422234 -0.996757627 99.850036621 0.054991655 0.997611582 0.041796949 -5.522142887 0.996275425 -0.052037351 -0.068755232 219.068847656
-0.065327175 0.043264311 -0.996925533 98.888885498 0.055823829 0.997653484 0.039637845 -5.490221024 0.996301234 -0.053062763 -0.067589067 219.002273560
-0.064143382 0.041758869 -0.997066617 97.948715210 0.056342788 0.997681916 0.038159989 -5.468565464 0.996348858 -0.053729791 -0.066347502 218.940322876
-0.065162130 0.043743659 -0.996915460 96.975669861 0.059678685 0.997421324 0.039865036 -5.440933228 0.996088505 -0.056896903 -0.067604661 218.888809204
-0.066483431 0.049572255 -0.996555328 96.025375366 0.063689582 0.996939242 0.045342419 -5.408131599 0.995752811 -0.060455665 -0.069437176 218.827743530
-0.067278773 0.051835589 -0.996386766 95.094596863 0.062412266 0.996912420 0.047648691 -5.380010605 0.995780170 -0.058981001 -0.070306212 218.754180908
-0.068219669 0.050741624 -0.996379137 94.160385132 0.061376013 0.997027576 0.046572380 -5.352697849 0.995780587 -0.057976622 -0.071131214 218.680984497
-0.070009030 0.051169176 -0.996233106 93.220916748 0.061169509 0.997024357 0.046911210 -5.316539288 0.995669127 -0.057654869 -0.072930701 218.622039795
-0.070879452 0.055008825 -0.995966971 92.295532227 0.058835320 0.996970356 0.050877150 -5.285068512 0.995748162 -0.054991882 -0.073901184 218.547363281
-0.071972825 0.056842189 -0.995785594 91.380561829 0.056109868 0.997024417 0.052857433 -5.254225731 0.995827138 -0.052069094 -0.074948080 218.476196289
-0.073075533 0.055198651 -0.995797753 90.481216431 0.055503126 0.997144878 0.051200286 -5.222115993 0.995780766 -0.051528394 -0.075930595 218.407775879
-0.073227085 0.053762630 -0.995865047 89.599517822 0.056245204 0.997179389 0.049697801 -5.187664032 0.995727956 -0.052373417 -0.076044418 218.338317871
-0.073836148 0.053524423 -0.995832980 88.734245300 0.056587055 0.997174740 0.049400896 -5.158929348 0.995663702 -0.052703679 -0.076656342 218.274719238
-0.073727310 0.052195504 -0.995911598 87.890930176 0.055504885 0.997296333 0.048159052 -5.129797935 0.995732665 -0.051727314 -0.076425083 218.207550049
-0.074046701 0.051126573 -0.995943248 87.063484192 0.055058748 0.997371435 0.047106359 -5.105628967 0.995733738 -0.051347323 -0.076667018 218.144699097
-0.074951783 0.052215550 -0.995819092 86.255477905 0.056165162 0.997263908 0.048063964 -5.086152077 0.995604277 -0.052327864 -0.077679418 218.090972900
-0.074425280 0.054459512 -0.995738387 85.477401733 0.053772636 0.997274220 0.050524328 -5.058047295 0.995775759 -0.049783193 -0.077150844 218.026611328
-0.073396884 0.056097817 -0.995723844 84.723999023 0.051694624 0.997288585 0.052375451 -5.036462307 0.995962083 -0.047629375 -0.076097831 217.967803955
-0.070999175 0.057324849 -0.995827794 83.987258911 0.050484169 0.997274399 0.053808767 -5.013731480 0.996197999 -0.046453163 -0.073699623 217.915664673
-0.067602649 0.059209760 -0.995953858 83.298507690 0.051817246 0.997098684 0.055760607 -4.988328457 0.996365845 -0.047838017 -0.070474572 217.871368408
-0.064740583 0.061379623 -0.996012688 82.628364563 0.054282174 0.996845365 0.057902616 -4.968404770 0.996424675 -0.050317083 -0.067868181 217.840866089
-0.061988730 0.062831484 -0.996097147 81.992935181 0.053714234 0.996780157 0.059531849 -4.941295147 0.996630490 -0.049814295 -0.065164067 217.810501099
-0.057049289 0.063851066 -0.996327519 81.391731262 0.053614251 0.996708691 0.060805567 -4.928443432 0.996930718 -0.049948435 -0.060284849 217.766998291
-0.052595813 0.062534571 -0.996656001 80.817565918 0.053576332 0.996776640 0.059714809 -4.908155441 0.997177660 -0.050256416 -0.055776652 217.760650635
-0.046795256 0.060424972 -0.997075200 80.279296875 0.054438036 0.996839583 0.057855777 -4.900187492 0.997420073 -0.051571444 -0.049936786 217.749526978
-0.040321562 0.056686401 -0.997577488 79.762519836 0.055428520 0.996978998 0.054411996 -4.869429111 0.997648180 -0.053100269 -0.043341782 217.738281250
-0.032714177 0.054442775 -0.997980893 79.277633667 0.057783999 0.996948242 0.052492257 -4.850506306 0.997792959 -0.055950079 -0.035760254 217.737487793
-0.022971386 0.054226566 -0.998264372 78.793502808 0.056639817 0.996994674 0.052854240 -4.834233284 0.998130381 -0.055327378 -0.025973730 217.735671997
-0.009670716 0.054329682 -0.998476267 78.328155518 0.052195996 0.997189164 0.053754106 -4.814976692 0.998589993 -0.051596619 -0.012479316 217.734466553
0.007298131 0.054543983 -0.998484671 77.863571167 0.047797102 0.997350931 0.054831415 -4.810034275 0.998830438 -0.048124831 0.004671759 217.739685059
0.027514406 0.052854102 -0.998223126 77.402168274 0.044417769 0.997550189 0.054042783 -4.770979881 0.998634100 -0.045825791 0.025099341 217.758209229
0.052331153 0.053264875 -0.997208238 76.940551758 0.043103237 0.997525394 0.055543769 -4.765157700 0.997699201 -0.045889568 0.049905777 217.781723022
0.080278113 0.052745242 -0.995375991 76.485710144 0.043352000 0.997469306 0.056352548 -4.750964642 0.995829344 -0.047675408 0.077788338 217.822113037
0.110450163 0.051027417 -0.992570877 76.043441772 0.042094037 0.997544885 0.055967219 -4.739071846 0.992989898 -0.047962900 0.108031057 217.897171021
0.144436002 0.047511615 -0.988372862 75.595718384 0.038335647 0.997828007 0.053568315 -4.709046364 0.988771260 -0.045627106 0.142300904 217.973419189
0.180560634 0.045032706 -0.982532442 75.156730652 0.032539070 0.998130977 0.051727373 -4.692957401 0.983025491 -0.041310620 0.178757876 218.072448730
0.219646901 0.043921180 -0.974590242 74.730110168 0.026841555 0.998335779 0.051040683 -4.677606106 0.975210130 -0.037370447 0.218102515 218.177291870
0.260622561 0.043238893 -0.964471996 74.315689087 0.020806665 0.998513043 0.050387446 -4.653267860 0.965216577 -0.033199552 0.259335399 218.304214478
0.302800506 0.041987725 -0.952128649 73.908668518 0.016114699 0.998660684 0.049164608 -4.637433529 0.952917635 -0.030230336 0.301718414 218.450912476
0.345025539 0.040465266 -0.937720597 73.509445190 0.010068514 0.998853207 0.046807922 -4.636805058 0.938539207 -0.025591383 0.344222516 218.622543335
0.388851732 0.037553541 -0.920534670 73.109664917 0.000147754 0.999166369 0.040823761 -4.611778259 0.921300292 -0.016010405 0.388522029 218.796905518
0.431992799 0.034406222 -0.901220500 72.723121643 -0.002517570 0.999314129 0.036944404 -4.589343071 0.901873529 -0.013690831 0.431783140 219.011657715
0.475409269 0.035438780 -0.879050612 72.329460144 -0.002199028 0.999233127 0.039094631 -4.579651356 0.879761994 -0.016652897 0.475122631 219.253890991
0.517886698 0.034975063 -0.854734004 71.952026367 0.000575362 0.999149442 0.041233055 -4.562335014 0.855449021 -0.021845829 0.517426074 219.527740479
0.560487866 0.038256582 -0.827278495 71.571578979 -0.002823479 0.999014914 0.044285417 -4.544349670 0.828157783 -0.022485636 0.560043812 219.815444946
0.601695299 0.041272141 -0.797658682 71.211242676 -0.006426496 0.998881936 0.046836082 -4.528770447 0.798699915 -0.023054902 0.601287901 220.126815796
0.642083108 0.042113774 -0.765477419 70.847305298 -0.009898913 0.998862207 0.046650536 -4.510747910 0.766571105 -0.022376131 0.641769469 220.459960938
0.681551099 0.040948983 -0.730623841 70.513282776 -0.012229056 0.998930991 0.044579007 -4.495303631 0.731668293 -0.021448031 0.681323290 220.814758301
0.720383346 0.040319975 -0.692403197 70.182785034 -0.017312320 0.999043047 0.040164303 -4.474659920 0.693360090 -0.016946584 0.720391989 221.188659668
0.756320536 0.037737355 -0.653111815 69.877304077 -0.021811234 0.999234378 0.032478631 -4.462645531 0.653837442 -0.010319083 0.756564677 221.575637817
0.789380550 0.035864260 -0.612855613 69.598114014 -0.027253225 0.999355197 0.023379013 -4.453344822 0.613298893 -0.001752646 0.789848924 221.969146729
0.820563793 0.028772661 -0.570830166 69.333045959 -0.022476999 0.999583960 0.018073469 -4.447205544 0.571112812 -0.001999882 0.820869207 222.395675659
0.848428428 0.017911971 -0.529006839 69.100280762 -0.012037308 0.999821663 0.014547981 -4.436904907 0.529173195 -0.005975103 0.848492801 222.849990845
0.871995926 0.011017867 -0.489389002 68.881965637 -0.005391219 0.999902248 0.012905209 -4.428064823 0.489483386 -0.008614886 0.871970057 223.316772461
0.892760992 0.010697578 -0.450403333 68.671615601 -0.005063579 0.999893188 0.013711849 -4.429323673 0.450501919 -0.009960751 0.892719865 223.783142090
0.910840511 0.014240830 -0.412512600 68.482696533 -0.009060775 0.999853790 0.014510643 -4.428570747 0.412658930 -0.009479197 0.910836220 224.250091553
0.926941454 0.015725018 -0.374876410 68.306274414 -0.011052113 0.999832213 0.014612064 -4.427965641 0.375043303 -0.009401350 0.926959634 224.725677490
0.940951467 0.012549456 -0.338308632 68.157653809 -0.007929159 0.999855578 0.015035650 -4.428285599 0.338448435 -0.011465315 0.940915167 225.218063354
0.952988267 0.007065033 -0.302924931 68.028312683 -0.002772402 0.999889612 0.014598293 -4.426752567 0.302994609 -0.013072174 0.952902615 225.719268799
0.963012040 0.007984672 -0.269339979 67.910942078 -0.004778635 0.999909818 0.012556874 -4.427849770 0.269415945 -0.010805343 0.962963283 226.223007202
0.971373141 0.011401926 -0.237285078 67.801818848 -0.009499167 0.999912918 0.009160704 -4.428339958 0.237368867 -0.006644453 0.971396863 226.715545654
0.978355825 0.009947686 -0.206690222 67.705238342 -0.009206042 0.999947309 0.004549698 -4.432661057 0.206724584 -0.002548427 0.978395879 227.223266602
0.984156311 0.002282204 -0.177288145 67.643058777 -0.002686650 0.999994397 -0.002041265 -4.438513756 0.177282482 0.002485235 0.984156847 227.731948853
0.988660872 -0.001750491 -0.150154963 67.594657898 0.000531075 0.999966621 -0.008160763 -4.439664841 0.150164261 0.007988485 0.988628745 228.251358032
0.992202938 -0.003366345 -0.124587543 67.544975281 0.002115467 0.999946117 -0.010171083 -4.447338104 0.124615066 0.009828215 0.992156565 228.766937256
0.994668722 -0.001974328 -0.103103153 67.499290466 0.001050609 0.999958932 -0.009012706 -4.448658466 0.103116699 0.008856336 0.994629800 229.277832031
0.996181846 -0.005628538 -0.087121010 67.459304810 0.005281046 0.999977112 -0.004218584 -4.453561783 0.087142766 0.003742387 0.996188819 229.831420898
0.997076392 -0.008035989 -0.075987928 67.437080383 0.008218005 0.999964118 0.002082952 -4.458600998 0.075968467 -0.002701330 0.997106552 230.368331909
0.997737765 -0.008630582 -0.066669524 67.400009155 0.009133901 0.999931991 0.007248343 -4.465771198 0.066602431 -0.007840900 0.997748792 230.909591675
0.998204350 -0.004668215 -0.059719760 67.356727600 0.005265743 0.999937475 0.009852089 -4.469212532 0.059670050 -0.010148867 0.998166561 231.441024780
0.998447776 -0.004768009 -0.055492032 67.329765320 0.005355864 0.999931037 0.010449635 -4.476509094 0.055438377 -0.010730622 0.998404443 231.979858398
0.998350978 -0.013034991 -0.055905607 67.308631897 0.013674590 0.999845207 0.011073462 -4.474793911 0.055752613 -0.011819688 0.998374641 232.530212402
0.997881413 -0.022367883 -0.061092801 67.288871765 0.023034532 0.999682248 0.010229514 -4.477675915 0.060844582 -0.011615084 0.998079658 233.046142578
0.997177482 -0.025701165 -0.070544578 67.244522095 0.026354346 0.999617815 0.008343835 -4.476997852 0.070303172 -0.010179440 0.997473776 233.584442139
0.996212602 -0.025300214 -0.083187498 67.196510315 0.026018608 0.999632835 0.007562962 -4.477157116 0.082965605 -0.009698742 0.996505201 234.107055664
0.994797945 -0.026329907 -0.098405421 67.127136230 0.027183799 0.999603450 0.007346327 -4.487102985 0.098172970 -0.009983145 0.995119274 234.635696411
0.992506802 -0.030203214 -0.118397221 67.068695068 0.031040272 0.999504507 0.005231828 -4.485262394 0.118180528 -0.008867709 0.992952526 235.164215088
0.989311337 -0.033016704 -0.142031491 66.984405518 0.034160614 0.999400556 0.005622544 -4.488328934 0.141760722 -0.010414331 0.989846230 235.685653687
0.985205293 -0.029829443 -0.168761835 66.873405457 0.031786609 0.999455094 0.008906965 -4.489716530 0.168404177 -0.014139557 0.985616565 236.202453613
0.979479551 -0.026023204 -0.199856207 66.744697571 0.029049097 0.999503255 0.012222375 -4.491580963 0.199438885 -0.017777210 0.979749024 236.710433960
0.971529543 -0.023699500 -0.235729709 66.599525452 0.027156549 0.999565959 0.011429125 -4.499442577 0.235356525 -0.017505340 0.971751392 237.197601318
0.961122036 -0.020306138 -0.275376379 66.453506470 0.023594700 0.999684334 0.008634196 -4.508408546 0.275114119 -0.014795937 0.961297691 237.655929565
0.947756469 -0.015808830 -0.318602830 66.277389526 0.018759225 0.999804854 0.006194006 -4.511594296 0.318442792 -0.011847151 0.947868049 238.110855103
0.931280017 -0.010623298 -0.364149332 66.065093994 0.013050310 0.999906003 0.004204846 -4.508420944 0.364070445 -0.008668151 0.931331098 238.551040649
0.911058903 -0.000328200 -0.412276208 65.829795837 0.001110786 0.999998033 0.001658569 -4.512328148 0.412274867 -0.001969003 0.911057353 238.970306396
0.886457801 0.012959795 -0.462627947 65.562019348 -0.013544222 0.999906242 0.002058236 -4.518893242 0.462611198 0.004441395 0.886550128 239.366668701
0.857467353 0.026240289 -0.513868749 65.267410278 -0.027329624 0.999611735 0.005440769 -4.515182018 0.513811946 0.009378555 0.857851565 239.758346558
0.824394345 0.036424294 -0.564842522 64.950897217 -0.038028378 0.999236882 0.008933661 -4.515898228 0.564736843 0.014115185 0.825150311 240.137557983
0.787018418 0.043812040 -0.615371883 64.624542236 -0.044610631 0.998905540 0.014064183 -4.514040470 0.615314484 0.016383352 0.788111508 240.481796265
0.745789587 0.049187385 -0.664363205 64.271339417 -0.043655336 0.998735428 0.024937395 -4.507333279 0.664749682 0.010404948 0.746993840 240.825119019
0.700748742 0.056658462 -0.711154699 63.886493683 -0.044163045 0.998374641 0.036024757 -4.485976696 0.712039888 0.006162448 0.702111959 241.158645630
0.654110909 0.063914336 -0.753693521 63.479007721 -0.043446232 0.997953296 0.046922069 -4.464369297 0.755149841 0.002052905 0.655548871 241.448623657
0.603839815 0.072320096 -0.793818176 63.071044922 -0.049259983 0.997357845 0.053392425 -4.440480709 0.795582056 0.006862992 0.605806887 241.700347900
0.550969481 0.074102327 -0.831228971 62.648662567 -0.049430769 0.997198820 0.056133658 -4.420834541 0.833060145 0.010160351 0.553089023 241.915222168
0.493964851 0.067550071 -0.866853952 62.244060516 -0.042418145 0.997662663 0.053572018 -4.401979446 0.868446589 0.010307633 0.495675683 242.109512329
0.435173094 0.057658341 -0.898498774 61.804840088 -0.029359439 0.998325408 0.049844652 -4.367854118 0.899868071 0.004688364 0.436137140 242.295806885
0.374227077 0.051377982 -0.925912797 61.343376160 -0.018818529 0.998679221 0.047809817 -4.338216782 0.927146137 -0.000467417 0.374699712 242.456588745
0.314249903 0.051694751 -0.947931826 60.853157043 -0.014732148 0.998661637 0.049577408 -4.307744503 0.949226022 -0.001614625 0.314590871 242.587829590
0.258368373 0.055337913 -0.964460194 60.356567383 -0.016200032 0.998465776 0.052949246 -4.284971237 0.965910733 0.001943874 0.258868515 242.678283691
0.206767559 0.058481157 -0.976640701 59.873165131 -0.017489653 0.998273313 0.056073733 -4.271461010 0.978233755 0.005486876 0.207433403 242.733947754
0.158623070 0.057929847 -0.985638261 59.371089935 -0.017595699 0.998284519 0.055841368 -4.246701241 0.987182438 0.008485264 0.159370273 242.777359009
0.114753284 0.056519981 -0.991784871 58.875160217 -0.014525427 0.998368740 0.055214547 -4.227469444 0.993287861 0.008070049 0.115387104 242.801345825
0.076506987 0.053734045 -0.995620072 58.383987427 -0.012893974 0.998516560 0.052899551 -4.209398270 0.996985674 0.008790316 0.077086359 242.795867920
0.043593738 0.050070930 -0.997793853 57.863445282 -0.013395240 0.998682857 0.049530309 -4.180298805 0.998959541 0.011206476 0.044207029 242.806030273
0.017324915 0.047757275 -0.998708785 57.336616516 -0.017666101 0.998717368 0.047451235 -4.157850742 0.999693871 0.016821200 0.018146381 242.785400391
-0.002161581 0.045581125 -0.998958349 56.797710419 -0.022041984 0.998715937 0.045617752 -4.134198189 0.999754667 0.022117630 -0.001154100 242.755844116
-0.017177448 0.043593720 -0.998901606 56.263854980 -0.024256261 0.998736978 0.044003643 -4.112782001 0.999558151 0.024985489 -0.016098330 242.745941162
-0.029392617 0.042212058 -0.998676300 55.677661896 -0.023188263 0.998810351 0.042900182 -4.095511913 0.999298990 0.024418516 -0.028378816 242.716217041
-0.038936634 0.040291488 -0.998429000 55.077518463 -0.021019084 0.998932660 0.041131515 -4.066901684 0.999020576 0.022587584 -0.038048193 242.682388306
-0.044461619 0.039051119 -0.998247564 54.467086792 -0.021469476 0.998967528 0.040035535 -4.039565563 0.998780310 0.023211893 -0.043577317 242.646255493
-0.047454283 0.039178625 -0.998104751 53.836597443 -0.023391468 0.998912871 0.040322479 -4.019122601 0.998599470 0.025260605 -0.046486251 242.610397339
-0.048343215 0.039563499 -0.998046875 53.194606781 -0.024356270 0.998871446 0.040775947 -3.995255470 0.998533785 0.026279937 -0.047325041 242.575012207
-0.047417231 0.040543210 -0.998052001 52.530471802 -0.023351785 0.998857856 0.041685387 -3.971057653 0.998602211 0.025282899 -0.046416324 242.544708252
-0.046354536 0.041077636 -0.998080075 51.841262817 -0.022573326 0.998855948 0.042157959 -3.951540709 0.998669982 0.024484200 -0.045374241 242.515182495
-0.045308556 0.039399415 -0.998195827 51.120292664 -0.018981859 0.999007642 0.040293045 -3.919987440 0.998792648 0.020773234 -0.044515718 242.481765747
-0.044010438 0.037291758 -0.998334885 50.386230469 -0.016204746 0.999145031 0.038036387 -3.892872095 0.998899639 0.017851761 -0.043368503 242.447952271
-0.043392915 0.035997871 -0.998409390 49.629665375 -0.014884573 0.999216497 0.036673877 -3.861052036 0.998947203 0.016452283 -0.042823102 242.415832520
-0.042673402 0.035560571 -0.998456061 48.863693237 -0.015097946 0.999229312 0.036233388 -3.833885431 0.998975039 0.016620837 -0.042103622 242.379013062
-0.042406876 0.035771493 -0.998459816 48.067039490 -0.015052476 0.999222577 0.036438134 -3.810910940 0.998987079 0.016574519 -0.041835453 242.346084595
-0.041987620 0.036886729 -0.998436928 47.253761292 -0.013032266 0.999213099 0.037463453 -3.780677319 0.999033213 0.014584895 -0.041473854 242.307983398
-0.041754425 0.036757164 -0.998451471 46.420879364 -0.009712000 0.999260902 0.037193116 -3.751299620 0.999080718 0.011249938 -0.041366573 242.278152466
-0.041779831 0.036225613 -0.998469889 45.572879791 -0.007601781 0.999302089 0.036573891 -3.722962379 0.999098003 0.009118197 -0.041475281 242.241485596
-0.042086404 0.035805520 -0.998472154 44.716102600 -0.005920197 0.999331295 0.036085863 -3.694364071 0.999096513 0.007429875 -0.041846275 242.197021484
-0.044217516 0.037511241 -0.998317420 43.831718445 -0.004100740 0.999279678 0.037729021 -3.666008949 0.999013543 0.005762124 -0.044031832 242.158752441
-0.047021147 0.040322077 -0.998079717 42.928546906 -0.001888903 0.999179602 0.040455494 -3.636643410 0.998892248 0.003787540 -0.046906400 242.115234375
-0.050283775 0.042092010 -0.997847617 42.011653900 -0.000116015 0.999111414 0.042151153 -3.604440928 0.998735011 0.002235285 -0.050234199 242.066482544
-0.053322330 0.039798599 -0.997783959 41.087390900 -0.000702127 0.999203861 0.039892755 -3.575467110 0.998577118 0.002827745 -0.053251933 242.009506226
-0.056626145 0.034932520 -0.997784197 40.128154755 -0.002548717 0.999379396 0.035133015 -3.540358305 0.998392165 0.004532516 -0.056501962 241.947174072
-0.059284661 0.031572498 -0.997741818 39.159687042 -0.001554514 0.999495625 0.031720363 -3.506478786 0.998239934 0.003431535 -0.059205674 241.886917114
-0.061237413 0.034218930 -0.997536540 38.172489166 -0.000714929 0.999410510 0.034327097 -3.474406481 0.998122990 0.002815271 -0.061176844 241.820083618
-0.062826581 0.040702265 -0.997194290 37.169731140 0.000714497 0.999169588 0.040737886 -3.444460630 0.998024166 0.001846930 -0.062803492 241.754821777
-0.064160995 0.045792978 -0.996888459 36.140197754 0.003903547 0.998950601 0.045636468 -3.404756308 0.997931957 -0.000963318 -0.064272411 241.691894531
-0.064983867 0.046618681 -0.996796727 35.115837097 0.006976308 0.998905003 0.046262473 -3.362872839 0.997861981 -0.003947647 -0.065237932 241.623855591
-0.066203795 0.044858295 -0.996797323 34.056781769 0.006318640 0.998987675 0.044537205 -3.324020863 0.997786045 -0.003349870 -0.066420220 241.554306030
-0.066790216 0.042753685 -0.996850610 32.989234924 0.004961713 0.999083459 0.042517006 -3.285421610 0.997754693 -0.002106366 -0.066941127 241.473968506
-0.066845000 0.041250255 -0.996910274 31.925165176 0.004022018 0.999148011 0.041073170 -3.240825653 0.997755229 -0.001264055 -0.066953965 241.389404297
-0.066528574 0.041315105 -0.996928751 30.840734482 0.000294289 0.999143064 0.041387238 -3.204476595 0.997784495 0.002460049 -0.066483721 241.310394287
-0.065977484 0.039357495 -0.997044563 29.754812241 -0.004023402 0.999203205 0.039708942 -3.170766830 0.997812986 0.006631409 -0.065766558 241.226989746
-0.065196596 0.038203247 -0.997140825 28.671468735 -0.006302543 0.999231160 0.038695417 -3.136630774 0.997852564 0.008807332 -0.064905703 241.144424438
-0.064810082 0.037781250 -0.997182131 27.589366913 -0.007763814 0.999233723 0.038363568 -3.105399847 0.997867405 0.010228282 -0.064467087 241.068527222
-0.063447364 0.038452145 -0.997244120 26.512849808 -0.007048041 0.999215245 0.038976565 -3.080654860 0.997960269 0.009501578 -0.063126564 240.988845825
-0.063285992 0.038493954 -0.997252822 25.426607132 -0.005557835 0.999226868 0.038922854 -3.052935362 0.997979939 0.008005839 -0.063023113 240.921096802
-0.063102946 0.040301450 -0.997192919 24.343589783 -0.002198894 0.999176323 0.040520761 -3.024674892 0.998004556 0.004749701 -0.062962338 240.858062744
-0.062676154 0.042231485 -0.997139931 23.263092041 0.006388069 0.999100864 0.041913006 -2.992165089 0.998013496 -0.003742852 -0.062889576 240.795272827
-0.063296080 0.041773956 -0.997120142 22.185480118 0.007898780 0.999113262 0.041356057 -2.956597090 0.997963548 -0.005258356 -0.063569926 240.730545044
-0.064439707 0.041893959 -0.997041821 21.107233047 0.011535276 0.999082983 0.041234184 -2.923051119 0.997854948 -0.008844034 -0.064863868 240.663284302
-0.067418471 0.044380713 -0.996737182 20.027965546 0.014065218 0.998953223 0.043528020 -2.892193794 0.997625709 -0.011084734 -0.067972116 240.594390869
-0.070032656 0.048645880 -0.996357799 18.949430466 0.011200616 0.998785615 0.047977135 -2.858905077 0.997481823 -0.007799855 -0.070492484 240.501678467
-0.072682999 0.050777592 -0.996061683 17.884775162 0.009195433 0.998694897 0.050240822 -2.817729235 0.997312784 -0.005507565 -0.073055051 240.407470703
-0.076017469 0.049594898 -0.995872259 16.823423386 0.005253514 0.998768270 0.049338102 -2.780418158 0.997092605 -0.001481271 -0.076184392 240.323547363
-0.077932693 0.045648389 -0.995913029 15.778116226 0.002048262 0.998956323 0.045627609 -2.748365164 0.996956587 0.001515992 -0.077944875 240.227600098
-0.079759121 0.042123858 -0.995923698 14.732036591 -0.000978143 0.999102950 0.042336665 -2.714853525 0.996813715 0.004350892 -0.079646379 240.142150879
-0.081051826 0.041084010 -0.995862782 13.698732376 -0.002446534 0.999138951 0.041418288 -2.685096502 0.996706843 0.005793441 -0.080881543 240.047607422
-0.082259789 0.042802006 -0.995691299 12.665761948 -0.005597007 0.999041677 0.043408435 -2.655423641 0.996595263 0.009143661 -0.081941403 239.950210571
-0.082920261 0.046741281 -0.995459378 11.644340515 -0.008480988 0.998830140 0.047605999 -2.622563839 0.996520042 0.012389982 -0.082426846 239.849441528
-0.084277026 0.048649609 -0.995254040 10.636085510 -0.013105527 0.998666942 0.049926210 -2.592923403 0.996356189 0.017250959 -0.083527096 239.756698608
-0.085013211 0.048063941 -0.995219886 9.645161629 -0.017152596 0.998617232 0.049693223 -2.557954311 0.996232271 0.021295188 -0.084071226 239.654388428
-0.086365573 0.045921728 -0.995204568 8.666695595 -0.023810368 0.998556674 0.048142713 -2.528593302 0.995978951 0.027854059 -0.085147493 239.560958862
-0.086110689 0.046071764 -0.995219767 7.701932907 -0.026799871 0.998461664 0.048540682 -2.496188402 0.995925128 0.030851630 -0.084743485 239.454925537
-0.086859383 0.045342263 -0.995188117 6.757763863 -0.030372301 0.998378813 0.048138503 -2.468215227 0.995757461 0.034407444 -0.085341409 239.368392944
-0.086580977 0.045200247 -0.995218873 5.824930668 -0.034234565 0.998245299 0.048316002 -2.443184376 0.995656431 0.038254131 -0.084881634 239.277053833
-0.086320460 0.045164566 -0.995243192 4.926440716 -0.036194183 0.998170197 0.048436631 -2.411305189 0.995609701 0.040203087 -0.084527820 239.186172485
-0.085835300 0.047079246 -0.995196402 4.042585373 -0.037053958 0.998041034 0.050409708 -2.386038065 0.995620072 0.041202903 -0.083922677 239.097503662
-0.086072676 0.048995107 -0.995083451 3.169256926 -0.037408788 0.997926831 0.052370895 -2.358407736 0.995586336 0.041732565 -0.084061384 239.025588989
-0.085741594 0.048408039 -0.995140791 2.325514793 -0.038612176 0.997907162 0.051869448 -2.330720901 0.995568871 0.042871926 -0.083693013 238.936935425
-0.085900098 0.047647521 -0.995163739 1.517745376 -0.038217563 0.997963011 0.051080395 -2.308330536 0.995570481 0.042420547 -0.083904155 238.868698120
-0.086342596 0.046632204 -0.995173573 0.720081747 -0.035813622 0.998113096 0.049877193 -2.283267736 0.995621562 0.039947294 -0.084509619 238.803680420
-0.086906508 0.046568859 -0.995127380 -0.045140456 -0.035959590 0.998109221 0.049848821 -2.258257627 0.995567262 0.040116571 -0.085067570 238.736160278
-0.086920083 0.047489155 -0.995082736 -0.785502315 -0.036509655 0.998040438 0.050819397 -2.234290361 0.995546043 0.040747367 -0.085015915 238.670043945
-0.086558640 0.047140714 -0.995130777 -1.493788958 -0.038041290 0.997995019 0.050585307 -2.214405060 0.995520175 0.042234659 -0.084591798 238.601425171
-0.085380577 0.047477935 -0.995216608 -2.185658693 -0.038527042 0.997959614 0.050914072 -2.191606760 0.995603263 0.042689823 -0.083377182 238.541534424
-0.083078943 0.049588513 -0.995308340 -2.845068216 -0.038493976 0.997856081 0.052928559 -2.175482273 0.995799303 0.042710628 -0.080991969 238.483642578
-0.079765968 0.051569987 -0.995478868 -3.479381800 -0.038084853 0.997774005 0.054740570 -2.148708105 0.996085882 0.042279091 -0.077624366 238.436004639
-0.075407535 0.053476594 -0.995717883 -4.076823235 -0.039189495 0.997630537 0.056547213 -2.133219719 0.996382415 0.043285765 -0.073133133 238.385604858
-0.070068911 0.055280179 -0.996009290 -4.634926319 -0.039235923 0.997537971 0.058125261 -2.115097761 0.996770263 0.043152113 -0.067727424 238.347396851
-0.063857675 0.056192935 -0.996375680 -5.167161942 -0.039608579 0.997484028 0.058793947 -2.095260143 0.997172654 0.043219466 -0.061471287 238.316055298
-0.056676101 0.055862702 -0.996828556 -5.661471367 -0.038355093 0.997574568 0.058085237 -2.077108145 0.997655630 0.041525494 -0.054396015 238.291427612
-0.048869852 0.054286044 -0.997328818 -6.115330696 -0.036824834 0.997745097 0.056113154 -2.061756611 0.998126090 0.039468709 -0.046760578 238.277816772
-0.039790131 0.052500676 -0.997827828 -6.542680264 -0.035933666 0.997897565 0.053937264 -2.045198441 0.998561680 0.038001779 -0.037819933 238.264480591
-0.030606212 0.050897226 -0.998234808 -6.939734459 -0.035923414 0.998001456 0.051986758 -2.035125494 0.998885751 0.037451118 -0.028716637 238.259185791
-0.021662433 0.050196651 -0.998504400 -7.299767494 -0.035973988 0.998052895 0.050954409 -2.023441553 0.999117911 0.037023980 -0.019814478 238.261367798
-0.011949920 0.049270544 -0.998713970 -7.646872044 -0.036039099 0.998115182 0.049672227 -2.009920835 0.999278903 0.036586329 -0.010151731 238.257827759
-0.002574763 0.044335146 -0.999013364 -7.951824665 -0.033573661 0.998449743 0.044396665 -2.009363651 0.999432921 0.033654843 -0.001082278 238.265945435
0.007002901 0.038532671 -0.999232829 -8.235513687 -0.031890452 0.998757601 0.038290862 -2.002597570 0.999466836 0.031597834 0.008223024 238.285980225
0.017735742 0.036336720 -0.999182224 -8.502329826 -0.030065443 0.998906791 0.035793044 -2.000936508 0.999390483 0.029406037 0.018808832 238.301406860
0.028222797 0.036556378 -0.998933017 -8.755878448 -0.030052895 0.998910248 0.035706464 -1.994941115 0.999149859 0.029013088 0.029290667 238.320846558
0.039499108 0.034962781 -0.998607874 -8.986845016 -0.029937118 0.998980403 0.033791687 -1.987257957 0.998771071 0.028560694 0.040505521 238.336486816
0.051774833 0.031703517 -0.998155475 -9.214507103 -0.029429797 0.999110281 0.030207304 -1.986580610 0.998225093 0.027811529 0.052661791 238.357986450
0.066024572 0.028237591 -0.997418404 -9.447307587 -0.029602917 0.999214947 0.026328869 -1.984208822 0.997378767 0.027788138 0.066808656 238.384155273
0.082478307 0.025193367 -0.996274412 -9.670620918 -0.029690055 0.999298811 0.022811899 -1.977736712 0.996150553 0.027697952 0.083168469 238.418991089
0.101016603 0.023602497 -0.994604766 -9.891306877 -0.030386511 0.999325335 0.020628320 -1.974806786 0.994420588 0.028138766 0.101665646 238.452514648
0.120754942 0.023171481 -0.992411852 -10.110963821 -0.031346560 0.999317884 0.019518530 -1.974589229 0.992187321 0.028751737 0.121398933 238.485458374
0.140282974 0.024413267 -0.989810467 -10.330315590 -0.029485641 0.999355555 0.020469774 -1.970162392 0.989672363 0.026313633 0.140912414 238.542556763
0.161237657 0.028278442 -0.986510456 -10.543111801 -0.027893461 0.999320626 0.024086673 -1.970794797 0.986521423 0.023633510 0.161916912 238.600601196
0.183656633 0.031732712 -0.982478142 -10.749931335 -0.027668249 0.999249637 0.027102327 -1.972633243 0.982601047 0.022205926 0.184396818 238.655426025
0.206749216 0.031307045 -0.977892935 -10.955750465 -0.029732564 0.999227345 0.025703905 -1.974417090 0.977942050 0.023761006 0.207520321 238.709747314
0.233480528 0.025373921 -0.972030342 -11.166574478 -0.029811895 0.999376297 0.018926978 -1.970502496 0.971904397 0.024558984 0.234091356 238.777954102
0.262501061 0.019606330 -0.964732468 -11.387513161 -0.027574154 0.999537587 0.012810828 -1.972074151 0.964537621 0.023238825 0.262920350 238.865905762
0.293710321 0.017126543 -0.955741048 -11.632766724 -0.023766514 0.999661207 0.010609850 -1.966850281 0.955598950 0.019598411 0.294017881 238.972671509
0.327544212 0.018615013 -0.944652438 -11.882493019 -0.018125301 0.999745667 0.013415982 -1.971408129 0.944661975 0.012727784 0.327798337 239.094055176
0.364438146 0.022440430 -0.930957198 -12.160499573 -0.016853239 0.999704778 0.017500097 -1.967399001 0.931075096 0.009311941 0.364708781 239.238815308
0.404399067 0.028568555 -0.914136350 -12.446187973 -0.018523281 0.999562800 0.023043903 -1.962217450 0.914395034 0.007613872 0.404751480 239.386047363
0.445183545 0.034262925 -0.894783616 -12.731725693 -0.023036756 0.999375224 0.026806403 -1.958747387 0.895142913 0.008679142 0.445694685 239.562271118
0.489100307 0.038446426 -0.871379793 -13.046772957 -0.027581982 0.999210238 0.028604871 -1.949373722 0.871791303 0.010043729 0.489774495 239.755035400
0.533036232 0.041163012 -0.845090449 -13.348411560 -0.028583957 0.999121845 0.030636452 -1.946103692 0.845609426 0.007825688 0.533744693 239.984100342
0.577323675 0.041479122 -0.815461159 -13.635256767 -0.026683189 0.999133945 0.031930838 -1.941466808 0.816079319 0.003324676 0.577930391 240.245132446
0.623175323 0.039560441 -0.781081021 -13.925013542 -0.024946563 0.999217153 0.030705374 -1.938008070 0.781684220 0.000350456 0.623674333 240.528472900
0.669116199 0.037727114 -0.742199481 -14.208947182 -0.025994133 0.999287605 0.027360754 -1.933659077 0.742703021 0.000985309 0.669620216 240.828247070
0.714512587 0.032842979 -0.698851228 -14.469297409 -0.026192319 0.999452949 0.020190667 -1.921050191 0.699132144 0.003878050 0.714981973 241.153778076
0.758734047 0.030989347 -0.650662899 -14.731272697 -0.029079732 0.999483407 0.013693032 -1.907756448 0.650751114 0.008531735 0.759243190 241.507980347
0.800424159 0.031660680 -0.598597288 -14.984026909 -0.032069251 0.999435902 0.009979682 -1.899925947 0.598575532 0.011208591 0.800987959 241.892257690
0.838433683 0.031664222 -0.544082999 -15.219841003 -0.031650409 0.999454916 0.009392312 -1.893390894 0.544083774 0.009345618 0.838978887 242.323898315
0.872121155 0.029566668 -0.488395989 -15.431550980 -0.028577389 0.999546647 0.009480670 -1.894935131 0.488454908 0.005688789 0.872570634 242.787170410
0.901270092 0.025932921 -0.432480961 -15.608876228 -0.024238992 0.999661624 0.009429947 -1.900186539 0.432579219 0.001983974 0.901593745 243.272201538
0.925978363 0.023138994 -0.376866877 -15.777129173 -0.021962723 0.999731302 0.007418456 -1.896333814 0.376937240 0.001407692 0.926237762 243.788391113
0.946369648 0.022181617 -0.322323650 -15.924300194 -0.022669217 0.999740541 0.002241237 -1.889494658 0.322289705 0.005185787 0.946626842 244.327545166
0.962981164 0.022680461 -0.268612862 -16.051376343 -0.024105316 0.999707460 -0.002007125 -1.888695121 0.268488765 0.008407822 0.963246167 244.896179199
0.975787997 0.023997180 -0.217398271 -16.157241821 -0.025256757 0.999676526 -0.003016697 -1.893805861 0.217255533 0.008434433 0.976078391 245.497238159
0.985095322 0.024891326 -0.170198858 -16.238487244 -0.025755359 0.999664128 -0.002870246 -1.901376486 0.170070246 0.007210998 0.985405624 246.116973877
0.991276741 0.021855922 -0.129972458 -16.299957275 -0.022449931 0.999743223 -0.003106705 -1.906129837 0.129871190 0.005997477 0.991512775 246.768173218
0.995111585 0.017779214 -0.097144075 -16.347070694 -0.018215023 0.999827623 -0.003601103 -1.906772375 0.097063310 0.005352980 0.995263815 247.432464600
0.997330487 0.012713439 -0.071905762 -16.382991791 -0.013018217 0.999908209 -0.003771477 -1.910253167 0.071851209 0.004697494 0.997404277 248.140563965
0.998508036 0.008589059 -0.053928211 -16.403062820 -0.008806827 0.999953985 -0.003801719 -1.914884090 0.053893093 0.004270982 0.998537540 248.860214233
0.999080002 0.006345771 -0.042411719 -16.426984787 -0.006513733 0.999971509 -0.003823244 -1.924132705 0.042386245 0.004095985 0.999092817 249.601730347
0.999348104 0.003585922 -0.035921667 -16.445909500 -0.003744386 0.999983609 -0.004345075 -1.930897713 0.035905488 0.004476747 0.999345124 250.364242554
0.999458671 0.002448111 -0.032810722 -16.467624664 -0.002636673 0.999980271 -0.005704905 -1.932943940 0.032796104 0.005788327 0.999445260 251.158294678
0.999521494 0.003021833 -0.030782035 -16.492923737 -0.003221663 0.999974072 -0.006444256 -1.942642689 0.030761765 0.006540343 0.999505341 251.961517334
0.999545515 0.003413413 -0.029952606 -16.520233154 -0.003592357 0.999976039 -0.005922440 -1.948097706 0.029931676 0.006027349 0.999533772 252.785705566
0.999546647 0.003958854 -0.029846199 -16.549776077 -0.004080529 0.999983549 -0.004016893 -1.952417374 0.029829809 0.004136860 0.999546409 253.642730713
0.999538958 0.003121966 -0.030201955 -16.582126617 -0.003149468 0.999994636 -0.000863041 -1.959526420 0.030199096 0.000957763 0.999543428 254.513687134
0.999496698 0.003640285 -0.031515058 -16.617322922 -0.003604477 0.999992788 0.001192937 -1.965996385 0.031519175 -0.001078741 0.999502540 255.405166626
0.999433637 0.002780967 -0.033536218 -16.648185730 -0.002764131 0.999996006 0.000548387 -1.970820069 0.033537611 -0.000455379 0.999437332 256.317382812
0.999318123 0.001492940 -0.036892112 -16.673810959 -0.001609863 0.999993801 -0.003139853 -1.972710609 0.036887195 0.003197103 0.999314308 257.249542236
0.999220133 0.001171886 -0.039470192 -16.717407227 -0.001573633 0.999947250 -0.010148974 -1.972536683 0.039456215 0.010203171 0.999169290 258.183532715
0.999103427 0.003775824 -0.042169299 -16.770511627 -0.004417835 0.999875605 -0.015141808 -1.990256071 0.042106882 0.015314530 0.998995841 259.158569336
0.999002576 0.005896913 -0.044261858 -16.817770004 -0.006534306 0.999876797 -0.014269612 -2.007025242 0.044172253 0.014544600 0.998918056 260.149536133
0.998974144 0.007756220 -0.044614155 -16.878734589 -0.008024291 0.999950767 -0.005832650 -2.014140129 0.044566721 0.006184664 0.998987257 261.178955078
0.998959124 0.006556407 -0.045140460 -16.924478531 -0.006414658 0.999974012 0.003284348 -2.016462326 0.045160819 -0.002991368 0.998975277 262.232818604
0.998960137 0.003467995 -0.045459334 -16.979339600 -0.003232323 0.999981046 0.005256748 -2.022203684 0.045476705 -0.005104342 0.998952329 263.292114258
0.998906076 -0.000514717 -0.046757121 -17.026035309 0.000441076 0.999998689 -0.001585268 -2.017995119 0.046757869 0.001562911 0.998905003 264.372467041
0.998859167 -0.002651222 -0.047675952 -17.077589035 0.002187883 0.999949932 -0.009768064 -2.023957968 0.047699455 0.009652611 0.998815060 265.463073730
0.998823106 -0.003465119 -0.048378162 -17.132242203 0.002751707 0.999886572 -0.014805386 -2.037361383 0.048423976 0.014654837 0.998719394 266.565124512
0.998800933 -0.001539870 -0.048931263 -17.195928574 0.000872662 0.999906421 -0.013654066 -2.060452461 0.048947714 0.013594993 0.998708844 267.690551758
0.998780727 0.000480633 -0.049364910 -17.259101868 -0.000795273 0.999979496 -0.006354316 -2.080151558 0.049360838 0.006385824 0.998760641 268.836181641
0.998743951 0.001664573 -0.050077025 -17.324230194 -0.001505237 0.999993742 0.003219355 -2.092470646 0.050082065 -0.003139938 0.998740196 269.994171143
0.998724997 0.001813122 -0.050449472 -17.391904831 -0.001416403 0.999967813 0.007898336 -2.096179962 0.050462168 -0.007816812 0.998695433 271.167388916
0.998694003 -0.000452563 -0.051088717 -17.450099945 0.000736780 0.999984384 0.005544523 -2.094235897 0.051085405 -0.005574923 0.998678744 272.345550537
0.998638928 -0.001412404 -0.052136455 -17.515966415 0.001412199 0.999999106 -0.000040761 -2.094292164 0.052136466 -0.000032921 0.998640060 273.525848389
0.998562098 -0.003337895 -0.053503450 -17.572965622 0.003096345 0.999984801 -0.004596923 -2.101623535 0.053517979 0.004424649 0.998557031 274.722076416
0.998495102 -0.002741542 -0.054773536 -17.637351990 0.002370646 0.999973893 -0.006835287 -2.111143351 0.054790847 0.006695151 0.998475373 275.926605225
0.998480499 -0.003373961 -0.055003859 -17.709663391 0.003175557 0.999988258 -0.003694103 -2.130768776 0.055015676 0.003513822 0.998479307 277.132476807
0.998416543 -0.002195812 -0.056210149 -17.772281647 0.002260767 0.999996901 0.001092011 -2.150598049 0.056207579 -0.001217360 0.998418391 278.341613770
0.998375356 -0.003885656 -0.056847375 -17.848560333 0.003864781 0.999992371 -0.000477151 -2.155848265 0.056848798 0.000256673 0.998382807 279.559600830
0.998314857 -0.005096103 -0.057807501 -17.922662735 0.004769755 0.999971926 -0.005782015 -2.165162563 0.057835348 0.005496543 0.998311043 280.785095215
0.998261690 -0.005446775 -0.058686357 -17.996929169 0.004945523 0.999950051 -0.008683075 -2.190245628 0.058730729 0.008377747 0.998238683 282.000213623
0.998203218 -0.004375835 -0.059758745 -18.069477081 0.003825960 0.999949276 -0.009312890 -2.209540367 0.059796467 0.009067522 0.998169363 283.217773438
0.998203516 -0.002147899 -0.059876289 -18.153970718 0.001720583 0.999972761 -0.007187278 -2.233369827 0.059890088 0.007071344 0.998179972 284.437957764
0.998197436 0.000443061 -0.060014378 -18.229106903 -0.000611301 0.999995947 -0.002784986 -2.257200241 0.060012899 0.002816652 0.998193681 285.678955078
0.998243392 0.003294869 -0.059155207 -18.311958313 -0.003221272 0.999993980 0.001339455 -2.270896435 0.059159264 -0.001146547 0.998247862 286.918304443
0.998318791 0.004981320 -0.057747327 -18.395833969 -0.004831857 0.999984682 0.002727553 -2.283836365 0.057760026 -0.002443941 0.998327494 288.151123047
0.998387098 0.003349532 -0.056675110 -18.467290878 -0.003279856 0.999993742 0.001322371 -2.290101767 0.056679189 -0.001134353 0.998391807 289.404663086
0.998427510 0.003700290 -0.055935323 -18.533702850 -0.003852246 0.999989212 -0.002609059 -2.307984829 0.055925068 0.002820434 0.998430908 290.644042969
0.998488307 0.002288130 -0.054914851 -18.601179123 -0.002706158 0.999967933 -0.007539145 -2.326157808 0.054895837 0.007676357 0.998462558 291.878784180
0.998538435 0.001746221 -0.054016992 -18.669017792 -0.002281477 0.999948859 -0.009848930 -2.346877098 0.053997036 0.009957775 0.998491406 293.121032715
0.998618901 0.002285522 -0.052487276 -18.747976303 -0.002700304 0.999965787 -0.007832958 -2.370880604 0.052467573 0.007963873 0.998590827 294.368591309
0.998654604 0.004746197 -0.051637586 -18.824779510 -0.004970768 0.999978781 -0.004221394 -2.393258095 0.051616453 0.004472393 0.998656988 295.629180908
0.998666942 0.006694986 -0.051181484 -18.891569138 -0.006794038 0.999975443 -0.001761558 -2.408620119 0.051168434 0.002106939 0.998687863 296.892822266
0.998694122 0.009255844 -0.050242748 -18.977460861 -0.009094551 0.999952734 0.003437959 -2.428115368 0.050272189 -0.002976535 0.998731196 298.149353027
0.998693168 0.011580639 -0.049780115 -19.048490524 -0.011187584 0.999904037 0.008167256 -2.435603857 0.049869936 -0.007599664 0.998726845 299.401489258
0.998647809 0.015018998 -0.049770042 -19.119405746 -0.014716272 0.999870956 0.006443384 -2.441318512 0.049860392 -0.005702243 0.998739958 300.660400391
0.998591363 0.018012792 -0.049909011 -19.188970566 -0.017987939 0.999837697 0.000947116 -2.447706223 0.049917977 -0.000048024 0.998753309 301.916778564
0.998523116 0.020694200 -0.050233945 -19.257167816 -0.020898538 0.999775231 -0.003545773 -2.459535599 0.050149277 0.004590352 0.998731136 303.156188965
0.998440981 0.024470944 -0.050166439 -19.340610504 -0.024826335 0.999670804 -0.006473289 -2.476119518 0.049991515 0.007708647 0.998719871 304.412139893
0.998381853 0.025785619 -0.050682995 -19.409656525 -0.026155634 0.999635816 -0.006650781 -2.493191004 0.050493035 0.007965664 0.998692632 305.674774170
0.998324990 0.026734715 -0.051306572 -19.481334686 -0.026909342 0.999634266 -0.002715755 -2.525598288 0.051215198 0.004091833 0.998679280 306.928649902
0.998355389 0.025142167 -0.051519681 -19.551898956 -0.025153032 0.999683559 0.000437693 -2.539907932 0.051514376 0.000858903 0.998671949 308.194335938
0.998317719 0.026037093 -0.051805168 -19.629934311 -0.025983617 0.999660909 0.001705667 -2.549881697 0.051832020 -0.000356712 0.998655736 309.451049805
0.998297632 0.025151910 -0.052624445 -19.698669434 -0.025066433 0.999683261 0.002283744 -2.560100794 0.052665215 -0.000960749 0.998611748 310.720977783
0.998264492 0.024948094 -0.053345595 -19.767658234 -0.024825728 0.999687493 0.002955371 -2.574437857 0.053402647 -0.001625899 0.998571754 311.983764648
0.998246014 0.024049107 -0.054097913 -19.840396881 -0.023941234 0.999709845 0.002641359 -2.591856480 0.054145738 -0.001341555 0.998532116 313.258422852
0.998164892 0.025560757 -0.054895859 -19.919834137 -0.025414675 0.999671340 0.003357708 -2.598776817 0.054963645 -0.001956386 0.998486400 314.518737793
0.998151004 0.025323682 -0.055257373 -19.998695374 -0.025146635 0.999676228 0.003897053 -2.609414577 0.055338163 -0.002500311 0.998464525 315.788604736
0.998131692 0.024834905 -0.055824239 -20.074466705 -0.024791094 0.999691546 0.001477254 -2.620887518 0.055843703 -0.000090550 0.998439550 317.061035156
0.998072147 0.026424667 -0.056158151 -20.151981354 -0.026641352 0.999640226 -0.003113143 -2.637339592 0.056055687 0.004603271 0.998417079 318.327514648
0.998136222 0.023889620 -0.056154605 -20.222400665 -0.024006685 0.999710739 -0.001410950 -2.661585808 0.056104653 0.002756406 0.998421192 319.586547852
0.998098135 0.026462574 -0.055675805 -20.300580978 -0.026397521 0.999649763 0.001903567 -2.670346737 0.055706680 -0.000430243 0.998447120 320.854003906
0.998183668 0.025171816 -0.054733839 -20.386314392 -0.024927385 0.999676049 0.005143974 -2.689783573 0.054845586 -0.003770262 0.998487771 322.119964600
0.998214185 0.025306450 -0.054111961 -20.461503983 -0.024952929 0.999662757 0.007198932 -2.693463802 0.054275889 -0.005835825 0.998508990 323.394500732
0.998257816 0.024710584 -0.053578246 -20.534082413 -0.024318915 0.999672651 0.007949945 -2.707491159 0.053757150 -0.006633130 0.998532057 324.640106201
0.998327076 0.021293322 -0.053755905 -20.605655670 -0.020996550 0.999761105 0.006079534 -2.712945938 0.053872515 -0.004940676 0.998535573 325.900299072
0.998367786 0.019508215 -0.053676814 -20.675548553 -0.019365339 0.999807417 0.003180665 -2.721148014 0.053728525 -0.002136004 0.998553276 327.149749756
0.998403132 0.016408028 -0.054055408 -20.742784500 -0.016334198 0.999864995 0.001807390 -2.732053041 0.054077763 -0.000921552 0.998536348 328.398742676
0.998406172 0.013704297 -0.054748114 -20.815582275 -0.013545931 0.999902904 0.003262692 -2.747433186 0.054787517 -0.002515878 0.998494923 329.658477783
0.998411000 0.010763504 -0.055313867 -20.884170532 -0.010397676 0.999922156 0.006897226 -2.757501602 0.055383798 -0.006311131 0.998445213 330.903259277
0.998389959 0.007333476 -0.056247596 -20.951358795 -0.006752742 0.999921978 0.010507738 -2.767615318 0.056320265 -0.010110996 0.998361647 332.142883301
0.998357594 0.003968916 -0.057152141 -21.022832870 -0.003474143 0.999955654 0.008753883 -2.771574020 0.057184342 -0.008540952 0.998327196 333.374633789
0.998313189 0.000123624 -0.058058552 -21.098154068 0.000162920 0.999987841 0.004930667 -2.780467749 0.058058459 -0.004931807 0.998301029 334.592193604
0.998274505 -0.001946630 -0.058688313 -21.171977997 0.002147190 0.999992073 0.003354519 -2.785955667 0.058681313 -0.003474746 0.998270690 335.805053711
0.998209894 -0.002990128 -0.059734430 -21.237953186 0.003294315 0.999982119 0.004994482 -2.803367615 0.059718430 -0.005182324 0.998201787 336.981964111
0.998157620 -0.004706891 -0.060491696 -21.304891586 0.005226018 0.999950886 0.008426440 -2.821510315 0.060449064 -0.008727045 0.998133183 338.173461914
0.998103440 -0.007158829 -0.061142944 -21.378574371 0.007927319 0.999892533 0.012335437 -2.833892107 0.061048068 -0.012796741 0.998052835 339.365631104
0.998040736 -0.009696295 -0.061812185 -21.451305389 0.010646949 0.999829829 0.015068940 -2.844932556 0.061655555 -0.015697528 0.997973979 340.535675049
0.997973621 -0.012113679 -0.062466443 -21.521709442 0.013024093 0.999814570 0.014187922 -2.843196630 0.062282994 -0.014972741 0.997946262 341.685974121
0.997916698 -0.013127823 -0.063166097 -21.594846725 0.013923849 0.999829054 0.012178465 -2.848294735 0.062995404 -0.013032611 0.997928679 342.797149658
0.997905254 -0.011667524 -0.063632593 -21.669666290 0.012290407 0.999880314 0.009406107 -2.849939346 0.063515224 -0.010168472 0.997929096 343.896209717
0.997898757 -0.011015645 -0.063848794 -21.744047165 0.011484596 0.999909699 0.006982329 -2.860261440 0.063766107 -0.007700934 0.997935176 344.994354248
0.997940302 -0.009451931 -0.063449360 -21.820032120 0.009888388 0.999929607 0.006568321 -2.870089769 0.063382812 -0.007182205 0.997963428 346.065124512
0.998050630 -0.006913097 -0.062023785 -21.892896652 0.007411228 0.999942064 0.007804847 -2.883264303 0.061966233 -0.008249304 0.998044133 347.121643066
0.998177588 -0.004782721 -0.060156122 -21.959291458 0.005275595 0.999953747 0.008037068 -2.892409325 0.060114913 -0.008339779 0.998156607 348.173156738
0.998307705 -0.004615447 -0.057968102 -22.023006439 0.004975701 0.999969244 0.006071906 -2.897655010 0.057938296 -0.006350063 0.998300016 349.203857422
0.998447180 -0.005802448 -0.055405721 -22.080335617 0.006139771 0.999963582 0.005919951 -2.912927151 0.055369359 -0.006250936 0.998446405 350.216156006
0.998581231 -0.005427937 -0.052971430 -22.137151718 0.005778543 0.999962330 0.006467843 -2.924135447 0.052934330 -0.006764765 0.998575151 351.226562500
0.998706996 -0.007571470 -0.050269194 -22.190793991 0.007949492 0.999941587 0.007324287 -2.932545424 0.050210804 -0.007714432 0.998708844 352.205963135
0.998789310 -0.009225115 -0.048318811 -22.232154846 0.009637253 0.999919116 0.008303508 -2.945784092 0.048238296 -0.008759117 0.998797476 353.170074463
0.998887062 -0.010012869 -0.046088688 -22.277233124 0.010449891 0.999902606 0.009250972 -2.955986977 0.045991570 -0.009722301 0.998894572 354.110778809
0.998950660 -0.013696481 -0.043704659 -22.313318253 0.014214084 0.999832213 0.011554466 -2.964929581 0.043539073 -0.012163562 0.998977602 355.027526855
0.999046147 -0.012849052 -0.041736968 -22.352174759 0.013437753 0.999813735 0.013855174 -2.969560862 0.041551165 -0.014402804 0.999032557 355.920104980
0.999146879 -0.012067983 -0.039496388 -22.385124207 0.012664167 0.999809086 0.014879387 -2.977908373 0.039309282 -0.015366885 0.999108851 356.790985107
0.999229610 -0.011579850 -0.037498869 -22.418859482 0.012052594 0.999850452 0.012405428 -2.985746861 0.037349608 -0.012847829 0.999219656 357.623931885
0.999307275 -0.010892508 -0.035585646 -22.449962616 0.011155541 0.999911845 0.007201333 -2.997626066 0.035504069 -0.007593324 0.999340713 358.434997559
0.999384403 -0.009854455 -0.033672508 -22.479780197 0.009986544 0.999943078 0.003756810 -3.002346039 0.033633571 -0.004090768 0.999425828 359.225952148
0.999441445 -0.009517324 -0.032040622 -22.507532120 0.009679485 0.999941051 0.004909741 -3.009326220 0.031992014 -0.005217133 0.999474525 359.989868164
0.999496579 -0.008923355 -0.030446269 -22.534420013 0.009201512 0.999917150 0.009008184 -3.020306826 0.030363357 -0.009283801 0.999495804 360.734710693
0.999514937 -0.008688886 -0.029908802 -22.554452896 0.009002594 0.999905765 0.010370230 -3.029262543 0.029815875 -0.010634455 0.999498844 361.457183838
0.999475598 -0.007246101 -0.031559039 -22.582662582 0.007491192 0.999942660 0.007654852 -3.041033030 0.031501763 -0.007887252 0.999472558 362.128692627
0.999337733 -0.006095147 -0.035874628 -22.610141754 0.006242648 0.999972582 0.004000999 -3.054311275 0.035849251 -0.004222302 0.999348342 362.770355225
0.999119103 -0.004806263 -0.041688956 -22.639509201 0.004898441 0.999985814 0.002109220 -3.054199219 0.041678224 -0.002311573 0.999128461 363.401031494
0.998837054 -0.000240711 -0.048212338 -22.681383133 0.000359112 0.999996901 0.002447180 -3.069697142 0.048211604 -0.002461646 0.998834133 363.984802246
0.998439908 0.003525619 -0.055725731 -22.731885910 -0.003385591 0.999990821 0.002607014 -3.076533318 0.055734422 -0.002414282 0.998442709 364.564697266
0.997730911 0.006689775 -0.066994019 -22.785379410 -0.006460717 0.999972463 0.003635164 -3.089200020 0.067016505 -0.003194085 0.997746766 365.108764648
0.996522903 0.005331913 -0.083148099 -22.842712402 -0.004913880 0.999974251 0.005231398 -3.097435474 0.083173864 -0.004804627 0.996523499 365.642547607
0.994580626 0.004999340 -0.103847682 -22.909265518 -0.004509991 0.999977529 0.004946449 -3.102833033 0.103870094 -0.004451292 0.994580865 366.153533936
0.991293490 0.002427756 -0.131648466 -22.989858627 -0.001714331 0.999983191 0.005532226 -3.111496449 0.131659701 -0.005258371 0.991281033 366.656982422
0.985705376 0.002498806 -0.168459952 -23.101535797 -0.001348942 0.999974966 0.006939837 -3.114243269 0.168473080 -0.006613391 0.985684037 367.128417969
0.977053821 0.003222280 -0.212968454 -23.237453461 -0.000932521 0.999940634 0.010851208 -3.115305424 0.212990791 -0.010403617 0.976998806 367.608764648
0.964728892 0.003621762 -0.263220489 -23.409988403 0.000227385 0.999893427 0.014591343 -3.114037752 0.263245285 -0.014136543 0.964625359 368.067779541
0.947294891 0.004795932 -0.320327044 -23.595849991 0.001435681 0.999814332 0.019214906 -3.114686251 0.320359707 -0.018662071 0.947112083 368.512634277
0.924526453 0.007198971 -0.381049871 -23.827558517 0.002488727 0.999686241 0.024924837 -3.110117674 0.381109715 -0.023992002 0.924218416 368.935241699
0.896489143 0.012454626 -0.442890704 -24.071958542 0.001634337 0.999504983 0.031415492 -3.105355263 0.443062782 -0.028887479 0.896025062 369.319732666
0.862975538 0.019888833 -0.504854143 -24.311731339 0.000027600 0.999223053 0.039411779 -3.100585699 0.505245745 -0.034025338 0.862304449 369.681274414
0.825115561 0.025855904 -0.564372063 -24.600727081 0.000065677 0.998947799 0.045861393 -3.089576483 0.564964116 -0.037878014 0.824245632 370.027893066
0.782583117 0.029262291 -0.621858001 -24.912851334 0.001418274 0.998808324 0.048784982 -3.074993372 0.622544527 -0.039060272 0.781608999 370.363586426
0.734240413 0.030597541 -0.678199649 -25.282173157 0.007006228 0.998589098 0.052637335 -3.067184448 0.678853452 -0.043400086 0.732990086 370.702453613
0.679199934 0.033904925 -0.733169794 -25.657554626 0.009420074 0.998447418 0.054899145 -3.042866707 0.733892918 -0.044194005 0.677825987 370.997833252
0.620059073 0.038134221 -0.783627808 -26.074298859 0.009566173 0.998376250 0.056154072 -3.015964031 0.784496844 -0.042315159 0.618687391 371.249053955
0.554830492 0.044890020 -0.830751479 -26.488451004 0.008475959 0.998186469 0.059598245 -2.987178087 0.831920266 -0.040108338 0.553443730 371.485351562
0.486265182 0.044893421 -0.872657299 -26.935857773 0.019840121 0.997854650 0.062389519 -2.962781668 0.873586059 -0.047651477 0.484331250 371.690124512
0.413233638 0.039720081 -0.909758329 -27.419662476 0.033004239 0.997738600 0.058552600 -2.940000296 0.910026789 -0.054221783 0.410988241 371.871032715
0.336543143 0.034824647 -0.941023886 -27.916404724 0.039544363 0.997911632 0.051072359 -2.920631886 0.940837443 -0.054400235 0.334463209 372.008605957
0.258322597 0.028893758 -0.965626478 -28.423786163 0.042892464 0.998223960 0.041343644 -2.907455444 0.965106010 -0.052098103 0.256624490 372.099365234
0.180939659 0.024204127 -0.983196318 -28.962194443 0.043290887 0.998532116 0.032548577 -2.872548819 0.982541025 -0.048452768 0.179626286 372.165618896
0.108663894 0.021835972 -0.993838608 -29.505300522 0.046406735 0.998557270 0.027013643 -2.846484900 0.992994785 -0.049056221 0.107493781 372.191162109
0.043433793 0.025696455 -0.998725832 -30.047824860 0.044444654 0.998629749 0.027626850 -2.834724665 0.998067260 -0.045587961 0.042232208 372.170074463
-0.013498720 0.034924075 -0.999298811 -30.607110977 0.041579731 0.998544931 0.034336060 -2.829398870 0.999044001 -0.041087087 -0.014931209 372.126770020
-0.061122950 0.041942630 -0.997248650 -31.173191071 0.037193045 0.998518467 0.039716411 -2.816422939 0.997437119 -0.034663122 -0.062592372 372.055511475
-0.099283434 0.043074142 -0.994126439 -31.744794846 0.035490289 0.998580277 0.039722696 -2.808709145 0.994426131 -0.031338036 -0.100671194 371.974578857
-0.128598630 0.038788009 -0.990937889 -32.318607330 0.030628530 0.998913407 0.035125379 -2.785240889 0.991223633 -0.025833897 -0.129646927 371.859344482
-0.150126353 0.039493147 -0.987877727 -32.900661469 0.025452711 0.999025047 0.036070768 -2.762634039 0.988339186 -0.019728996 -0.150985226 371.742126465
-0.164584860 0.044810012 -0.985344648 -33.512798309 0.022466691 0.998878658 0.041672822 -2.736408710 0.986106992 -0.015278718 -0.165407047 371.627807617
-0.171914384 0.049638286 -0.983860493 -34.129272461 0.021243816 0.998684227 0.046674158 -2.717876196 0.984882772 -0.012876994 -0.172742695 371.502532959
-0.174603254 0.050544851 -0.983340740 -34.764812469 0.020907918 0.998646677 0.047619164 -2.698100567 0.984416842 -0.012245147 -0.175423756 371.382904053
-0.175733522 0.044813436 -0.983417332 -35.409595490 0.019370396 0.998927236 0.042058792 -2.676390171 0.984247208 -0.011658042 -0.176413074 371.263946533
-0.176204830 0.033423711 -0.983785927 -36.060482025 0.020111436 0.999336898 0.030349912 -2.646276236 0.984148085 -0.014437546 -0.176760182 371.146575928
-0.175324246 0.025885174 -0.984170437 -36.730838776 0.023856355 0.999472499 0.022037771 -2.617471218 0.984221697 -0.019614963 -0.175849274 371.025268555
-0.174740314 0.025552161 -0.984283030 -37.442337036 0.027826181 0.999392092 0.021004399 -2.594493628 0.984221280 -0.023718517 -0.175345108 370.906188965
-0.173071861 0.029383177 -0.984470785 -38.164775848 0.030408090 0.999237835 0.024478119 -2.582134724 0.984439731 -0.025699399 -0.173833415 370.786621094
-0.170159176 0.030360378 -0.984948874 -38.915222168 0.027754264 0.999276400 0.026007211 -2.565000772 0.985025644 -0.022911163 -0.170878679 370.646057129
-0.166542038 0.031031193 -0.985545933 -39.686164856 0.024093879 0.999334276 0.027393840 -2.547899008 0.985739946 -0.019183397 -0.167178854 370.516021729
-0.160333827 0.030286241 -0.986598134 -40.471019745 0.018858952 0.999440610 0.027615676 -2.526636124 0.986882687 -0.014178477 -0.160815313 370.379302979
-0.152844578 0.028125234 -0.987850010 -41.274925232 0.011422150 0.999578476 0.026691873 -2.509218216 0.988184154 -0.007203660 -0.153101400 370.244262695
-0.143220186 0.027202645 -0.989316940 -42.092880249 0.007221206 0.999624312 0.026440673 -2.489364147 0.989664435 -0.003357221 -0.143362805 370.118103027
-0.132857472 0.029532041 -0.990695179 -42.930030823 0.003380990 0.999563754 0.029343002 -2.466693401 0.991129398 0.000548908 -0.132899359 369.992736816
-0.123289093 0.033242229 -0.991813838 -43.799247742 -0.002788407 0.999423206 0.033843890 -2.440951347 0.992366850 0.006938165 -0.123125315 369.885833740
-0.112917624 0.036132824 -0.992947102 -44.677223206 -0.006679208 0.999288380 0.037123136 -2.420349836 0.993581891 0.010823958 -0.112595938 369.778533936
-0.103558511 0.034932073 -0.994009733 -45.575069427 -0.009300923 0.999305308 0.036087170 -2.393313885 0.994579792 0.012982342 -0.103161685 369.683532715
-0.094039254 0.033424232 -0.995007217 -46.488395691 -0.006752169 0.999391854 0.034209680 -2.362812996 0.995545506 0.009935509 -0.093756400 369.591827393
-0.087091342 0.035066105 -0.995582938 -47.425285339 -0.004852106 0.999353528 0.035623360 -2.327618837 0.996188581 0.007933159 -0.086864881 369.513336182
-0.082036570 0.038568299 -0.995882809 -48.383327484 -0.002523995 0.999239683 0.038906224 -2.292529583 0.996626079 0.005705336 -0.081876852 369.439117432
-0.078933612 0.043986186 -0.995908916 -49.361537933 -0.001860567 0.999017775 0.044270955 -2.262534380 0.996878147 0.005347422 -0.078774244 369.359497070
-0.077020429 0.047162037 -0.995913506 -50.345180511 0.000690970 0.998882771 0.047249220 -2.226204157 0.997029245 0.002951008 -0.076966979 369.283294678
-0.075570650 0.047084615 -0.996028185 -51.343544006 -0.001110016 0.998879850 0.047303647 -2.190657854 0.997139752 0.004680374 -0.075433746 369.204864502
-0.074303076 0.043991353 -0.996264875 -52.365383148 -0.005577816 0.998992503 0.044527791 -2.150878668 0.997220159 0.008865534 -0.073982835 369.114257812
-0.073372290 0.040013652 -0.996501565 -53.382736206 -0.007801947 0.999141216 0.040694099 -2.110410929 0.997274160 0.010760472 -0.072997093 369.029174805
-0.072293796 0.038387764 -0.996644378 -54.407226562 -0.008429383 0.999199867 0.039097637 -2.074343204 0.997347772 0.011227614 -0.071912348 368.954925537
-0.071029738 0.037703242 -0.996761441 -55.453800201 -0.009797700 0.999210835 0.038494084 -2.038756371 0.997426093 0.012500193 -0.070604272 368.878479004
-0.068979651 0.038861681 -0.996860862 -56.505779266 -0.009635957 0.999168456 0.039618414 -2.006718874 0.997571588 0.012338571 -0.068547808 368.801330566
-0.067244522 0.039029695 -0.996972859 -57.567359924 -0.010757728 0.999148130 0.039840441 -1.973326445 0.997678578 0.013404213 -0.066767372 368.730133057
-0.065042667 0.040897451 -0.997044086 -58.639739990 -0.014390864 0.999017417 0.041917194 -1.941324949 0.997778654 0.017074732 -0.064390212 368.646240234
-0.063215651 0.041627403 -0.997131348 -59.721668243 -0.016271098 0.998953938 0.042735040 -1.898750782 0.997867286 0.018925944 -0.062472183 368.572540283
-0.061316267 0.042929832 -0.997194767 -60.797573090 -0.015258252 0.998917520 0.043942217 -1.863589287 0.998001754 0.017909821 -0.060594864 368.503417969
-0.060723912 0.042662449 -0.997242510 -61.880783081 -0.016807541 0.998900831 0.043756835 -1.831681371 0.998013139 0.019418281 -0.059940111 368.435302734
-0.060546286 0.040582031 -0.997340083 -62.952983856 -0.015972242 0.999005795 0.041619454 -1.795599341 0.998037636 0.018449660 -0.059837919 368.355560303
-0.061061636 0.040070329 -0.997329295 -64.040977478 -0.016200634 0.999022365 0.041130234 -1.760012627 0.998002470 0.018668845 -0.060352776 368.284820557
-0.061416294 0.044005655 -0.997141659 -65.132385254 -0.016588489 0.998844564 0.045102522 -1.726233482 0.997974336 0.019311102 -0.060615346 368.215972900
-0.061697379 0.047616720 -0.996958375 -66.228652954 -0.017567994 0.998654723 0.048784945 -1.692528963 0.997940302 0.020524463 -0.060777847 368.135589600
-0.062834568 0.047508385 -0.996892512 -67.324783325 -0.021277975 0.998575509 0.048929747 -1.654446840 0.997797072 0.024286335 -0.061734170 368.060363770
-0.063711643 0.045701817 -0.996921301 -68.430831909 -0.021184841 0.998663843 0.047135580 -1.605048418 0.997743428 0.024122708 -0.062658340 367.982116699
-0.065614522 0.041678984 -0.996974170 -69.517280579 -0.017384479 0.998927951 0.042904787 -1.569105983 0.997693598 0.020147055 -0.064819619 367.912567139
-0.067863397 0.039997302 -0.996892571 -70.604354858 -0.017060421 0.999003530 0.041243374 -1.537660956 0.997548759 0.019806320 -0.067113400 367.835021973
-0.069596887 0.043579534 -0.996622860 -71.695861816 -0.016212260 0.998863995 0.044809673 -1.502567649 0.997443438 0.019276122 -0.068811305 367.755096436
-0.070513301 0.044984546 -0.996496081 -72.783470154 -0.014553695 0.998829842 0.046119746 -1.463225365 0.997404695 0.017754758 -0.069776103 367.673706055
-0.071785763 0.042893711 -0.996497333 -73.864738464 -0.014458444 0.998925149 0.044039775 -1.426253796 0.997315288 0.017569231 -0.071088433 367.592834473
-0.072748385 0.042158786 -0.996458948 -74.944908142 -0.017366309 0.998901129 0.043529984 -1.397187233 0.997199118 0.020471551 -0.071936294 367.513519287
-0.072664313 0.042289972 -0.996459424 -76.026664734 -0.019751651 0.998843670 0.043831505 -1.357641459 0.997160912 0.022866704 -0.071744993 367.422088623
-0.071153045 0.044871408 -0.996455550 -77.104896545 -0.021555286 0.998685241 0.046510991 -1.326460481 0.997232497 0.024788281 -0.070092268 367.336547852
-0.069184780 0.047015291 -0.996495366 -78.177223206 -0.022429163 0.998563111 0.048670053 -1.289810777 0.997351706 0.025717784 -0.068030864 367.258575439
-0.067038670 0.048277460 -0.996581733 -79.251556396 -0.021633822 0.998523653 0.049826808 -1.252220035 0.997515798 0.024900198 -0.065895267 367.189880371
-0.064021565 0.047548685 -0.996815085 -80.317855835 -0.021394620 0.998569369 0.049006455 -1.217621565 0.997719169 0.024463950 -0.062912688 367.121093750
-0.060171798 0.045049578 -0.997170925 -81.378738403 -0.021977814 0.998679161 0.046443906 -1.175900936 0.997946024 0.024710249 -0.059102222 367.051788330
-0.056102492 0.042620391 -0.997514904 -82.447959900 -0.024442824 0.998730361 0.044047046 -1.137880445 0.998125792 0.026853232 -0.054989502 366.976623535
-0.052893713 0.041646659 -0.997731328 -83.494079590 -0.025425090 0.998749912 0.043037061 -1.106536746 0.998276472 0.027643804 -0.051768720 366.922821045
-0.049102738 0.042906538 -0.997871697 -84.540412903 -0.026859585 0.998658836 0.044262078 -1.073143840 0.998432577 0.028975811 -0.047884427 366.863372803
-0.045172792 0.045719892 -0.997932434 -85.580505371 -0.028059091 0.998499990 0.047016025 -1.040761471 0.998585105 0.030124925 -0.043822169 366.811187744
-0.041190412 0.050003409 -0.997899354 -86.615631104 -0.028995216 0.998266459 0.051218651 -1.002789736 0.998730540 0.031044018 -0.039669141 366.760375977
-0.037409525 0.052130777 -0.997939348 -87.632751465 -0.028098520 0.998188615 0.053197116 -0.968591094 0.998904884 0.030030698 -0.035876963 366.720153809
-0.033790212 0.051190346 -0.998117089 -88.634376526 -0.026968487 0.998277187 0.052111536 -0.936611593 0.999065101 0.028678572 -0.032351468 366.686370850
-0.030758640 0.046894141 -0.998426139 -89.619575500 -0.024900369 0.998552799 0.047667202 -0.898761392 0.999216676 0.026327355 -0.029546445 366.662414551
-0.028289404 0.044741515 -0.998597980 -90.582481384 -0.022211405 0.998722970 0.045376349 -0.864799976 0.999353051 0.023463931 -0.027259506 366.640563965
-0.026249144 0.043739062 -0.998698056 -91.534332275 -0.018886024 0.998842299 0.044241767 -0.839648962 0.999477088 0.020022742 -0.025392698 366.617736816
-0.024591528 0.041995943 -0.998815119 -92.455657959 -0.016153755 0.998970091 0.042400181 -0.817858696 0.999567091 0.017177301 -0.023887811 366.590301514
-0.023677656 0.040516894 -0.998898268 -93.369125366 -0.013657250 0.999072134 0.040847674 -0.796325386 0.999626398 0.014609381 -0.023102334 366.571960449
-0.023007289 0.040778622 -0.998903334 -94.258399963 -0.012058333 0.999083877 0.041063722 -0.770476103 0.999662638 0.012989871 -0.022494484 366.549530029
-0.022940803 0.041450575 -0.998877168 -95.143127441 -0.009083622 0.999090314 0.041668031 -0.752417743 0.999695599 0.010029320 -0.022543408 366.528961182
-0.025147773 0.040121850 -0.998878300 -96.021217346 -0.006153608 0.999169171 0.040288456 -0.732786715 0.999664843 0.007159869 -0.024879983 366.508605957
-0.028883465 0.039735638 -0.998792708 -96.894416809 -0.001130700 0.999207616 0.039784834 -0.708873034 0.999582171 0.002278459 -0.028815653 366.482330322
-0.036219906 0.041177697 -0.998495221 -97.772186279 0.002812061 0.999150991 0.041102730 -0.681970239 0.999339938 -0.001319092 -0.036304954 366.455047607
-0.045760378 0.043777879 -0.997992635 -98.646179199 0.006912668 0.999029160 0.043506388 -0.655994594 0.998928607 -0.004907925 -0.046018571 366.415435791
-0.057343654 0.044385888 -0.997367322 -99.517227173 0.006582745 0.999006271 0.044080358 -0.629559577 0.998332858 -0.004037686 -0.057578854 366.350585938
-0.069981396 0.040920109 -0.996708751 -100.370071411 0.006028865 0.999157369 0.040597346 -0.606616795 0.997530043 -0.003167961 -0.070169128 366.279815674
-0.083358243 0.034744743 -0.995913863 -101.223953247 0.005873470 0.999391794 0.034374479 -0.583690882 0.996502340 -0.002984073 -0.083511613 366.197143555
-0.096461862 0.029467901 -0.994900465 -102.076438904 0.004443325 0.999564409 0.029175241 -0.565802634 0.995326817 -0.001606369 -0.096550785 366.110717773
-0.107120223 0.026270654 -0.993898869 -102.924400330 0.000323547 0.999651730 0.026387844 -0.552407503 0.994246125 0.002505098 -0.107091419 365.998321533
-0.115735121 0.024876220 -0.992968559 -103.787940979 -0.003137129 0.999672234 0.025409810 -0.535842240 0.993275285 0.006055878 -0.115619153 365.882720947
-0.121460237 0.025215825 -0.992275894 -104.664207458 -0.004971618 0.999649346 0.026011754 -0.522648335 0.992583990 0.008092611 -0.121292263 365.770812988
-0.124806024 0.024165992 -0.991886854 -105.543510437 -0.008991177 0.999634743 0.025486091 -0.510226369 0.992140532 0.012099048 -0.124543160 365.648742676
-0.125401884 0.022657763 -0.991847277 -106.427566528 -0.012454834 0.999624491 0.024410121 -0.493635654 0.992027938 0.015414367 -0.125072598 365.527252197
-0.124493070 0.021405704 -0.991989613 -107.323730469 -0.014923667 0.999613762 0.023443120 -0.479302615 0.992108345 0.017722629 -0.124125533 365.402374268
-0.122707084 0.021505283 -0.992209852 -108.225936890 -0.013655130 0.999634027 0.023354929 -0.462282300 0.992348969 0.016414570 -0.122368515 365.291717529
-0.120285630 0.025323093 -0.992416263 -109.144821167 -0.013079514 0.999547482 0.027090356 -0.442269772 0.992653131 0.016238902 -0.119899981 365.174377441
-0.118318021 0.034551702 -0.992374420 -110.087921143 -0.014786481 0.999222279 0.036553081 -0.419253886 0.992865741 0.018998612 -0.117715105 365.056396484
-0.115384012 0.049203265 -0.992101610 -111.051872253 -0.019276842 0.998473465 0.051761225 -0.385980844 0.993133843 0.025097003 -0.114259392 364.929901123
-0.110167287 0.054175735 -0.992435455 -112.027336121 -0.022342252 0.998126030 0.056966517 -0.342687786 0.993661821 0.028449092 -0.108750440 364.812347412
-0.104743809 0.045670826 -0.993449986 -112.994850159 -0.030811200 0.998316526 0.049143098 -0.300138205 0.994021773 0.035756823 -0.103160292 364.701965332
-0.097244360 0.033859458 -0.994684398 -113.983093262 -0.033025563 0.998760998 0.037226934 -0.247245207 0.994712412 0.036470123 -0.096005641 364.596832275
-0.092049308 0.035300508 -0.995128512 -115.006286621 -0.034219071 0.998669088 0.038591355 -0.206597030 0.995166302 0.037604678 -0.090718836 364.497833252
-0.085955039 0.046234582 -0.995225608 -116.056724548 -0.030918445 0.998317719 0.049048577 -0.165765509 0.995819092 0.034986805 -0.084380940 364.411071777
-0.080908321 0.049581550 -0.995487630 -117.116653442 -0.028463032 0.998239756 0.052031960 -0.120899782 0.996315122 0.032544412 -0.079354666 364.327484131
-0.076631315 0.039656624 -0.996270537 -118.168411255 -0.027027624 0.998758912 0.041834593 -0.077375740 0.996693134 0.030132663 -0.075464390 364.243652344
-0.073061809 0.030148251 -0.996871650 -119.241470337 -0.029843539 0.999029279 0.032400776 -0.034163803 0.996880889 0.032117434 -0.072091162 364.158996582
-0.069006070 0.031254295 -0.997126579 -120.343238831 -0.037120700 0.998736441 0.033873696 0.004624906 0.996925414 0.039351523 -0.067758709 364.069580078
-0.064151324 0.037713148 -0.997227371 -121.461006165 -0.042865418 0.998259246 0.040509690 0.031528998 0.997019172 0.045345314 -0.062423069 363.982116699
-0.058791671 0.032556407 -0.997739255 -122.580909729 -0.046430785 0.998297215 0.035310540 0.068795286 0.997189939 0.048401784 -0.057179939 363.907958984
-0.053054560 0.020239195 -0.998386502 -123.704879761 -0.042439476 0.998845637 0.022503741 0.092505857 0.997689426 0.043564931 -0.052134376 363.846740723
-0.047867984 0.013635799 -0.998760581 -124.851264954 -0.035746820 0.999242902 0.015355627 0.118287563 0.998213887 0.036437560 -0.047344308 363.792602539
-0.042403106 0.020295952 -0.998894513 -126.019744873 -0.029833650 0.999322176 0.021571085 0.130951986 0.998655081 0.030715352 -0.041768856 363.747924805
-0.036304560 0.032459121 -0.998813570 -127.206932068 -0.026709711 0.999083698 0.033438742 0.155820757 0.998983741 0.027891999 -0.035404321 363.705993652
-0.030030999 0.038463943 -0.998808682 -128.393859863 -0.026821574 0.998868465 0.039272692 0.192760825 0.999189019 0.027969018 -0.028965356 363.663726807
-0.024781667 0.037482318 -0.998989999 -129.578567505 -0.028109133 0.998875618 0.038175326 0.231953815 0.999297619 0.029026790 -0.023700207 363.622222900
-0.020953342 0.035703551 -0.999142706 -130.764602661 -0.027890537 0.998952270 0.036281649 0.268350184 0.999391377 0.028626848 -0.019935600 363.598449707
-0.017977506 0.034749031 -0.999234378 -131.943756104 -0.024757776 0.999074042 0.035188869 0.288830489 0.999531865 0.025371430 -0.017100550 363.574096680
-0.015836770 0.034503087 -0.999279082 -133.123870850 -0.022575047 0.999137402 0.034855962 0.316521257 0.999619663 0.023110779 -0.015044198 363.551422119
-0.015249522 0.037996110 -0.999161601 -134.306701660 -0.023400016 0.998990536 0.038346738 0.344363093 0.999609947 0.023965165 -0.014345018 363.528381348
-0.015346938 0.042573746 -0.998975456 -135.496780396 -0.023486473 0.998802125 0.042927172 0.372386843 0.999606371 0.024121214 -0.014328646 363.506530762
-0.016341336 0.040041886 -0.999064445 -136.672531128 -0.021444742 0.998953879 0.040388215 0.408666968 0.999636471 0.022084676 -0.015465553 363.483551025
-0.019176012 0.031755541 -0.999311626 -137.832489014 -0.013728172 0.999392986 0.032021556 0.437730044 0.999721825 0.014332769 -0.018728424 363.464965820
-0.025097273 0.026792964 -0.999325871 -138.994445801 -0.005382627 0.999622762 0.026936101 0.460651904 0.999670506 0.006055024 -0.024943586 363.447479248
-0.031898785 0.030133551 -0.999036789 -140.167083740 0.000942844 0.999545991 0.030118801 0.477391273 0.999490678 0.000018820 -0.031912711 363.414031982
-0.038885482 0.036832135 -0.998564720 -141.332336426 0.003071864 0.999320149 0.036740381 0.498394728 0.999239028 -0.001638787 -0.038972188 363.370880127
-0.045924306 0.037439480 -0.998243153 -142.498489380 -0.000561130 0.999296308 0.037504800 0.530580819 0.998944819 0.002282526 -0.045870978 363.314880371
-0.051249292 0.034892522 -0.998076141 -143.651840210 -0.007068862 0.999351799 0.035300087 0.558384001 0.998660922 0.008864367 -0.050969411 363.239349365
-0.055422161 0.030946525 -0.997983277 -144.797592163 -0.012331352 0.999422133 0.031675946 0.583393693 0.998386860 0.014062033 -0.055008516 363.159332275
-0.058085639 0.029046293 -0.997889042 -145.943313599 -0.014346957 0.999449193 0.029926820 0.604742825 0.998208523 0.016054990 -0.057636917 363.083099365
-0.060254809 0.030994836 -0.997701705 -147.101364136 -0.013664424 0.999398530 0.031872801 0.627812207 0.998089552 0.015553509 -0.059795044 363.012695312
-0.062430792 0.037391987 -0.997348547 -148.258148193 -0.010928295 0.999212503 0.038145941 0.660895586 0.997989476 0.013280801 -0.061972991 362.945343018
-0.063799016 0.044910390 -0.996951759 -149.408187866 -0.007643819 0.998935640 0.045488913 0.682481587 0.997933567 0.010522667 -0.063387826 362.863769531
-0.065200113 0.046718188 -0.996778011 -150.560134888 -0.008876703 0.998836815 0.047395311 0.724038899 0.997832716 0.011938282 -0.064709581 362.788848877
-0.065440841 0.041173585 -0.997006655 -151.695175171 -0.012790753 0.999031663 0.042096760 0.762420356 0.997774482 0.015507314 -0.064850837 362.707763672
-0.066061921 0.032997705 -0.997269750 -152.832656860 -0.015266226 0.999302685 0.034076240 0.792663574 0.997698784 0.017475689 -0.065512106 362.628601074
-0.066147611 0.032533552 -0.997279346 -153.972091675 -0.011352750 0.999379158 0.033355054 0.820289135 0.997745395 0.013528219 -0.065737188 362.548736572
-0.067837521 0.037193116 -0.997002840 -155.109588623 -0.008622639 0.999245703 0.037863482 0.841317177 0.997659087 0.011165362 -0.067465648 362.468811035
-0.071009845 0.042718295 -0.996560395 -156.248092651 -0.004407851 0.999059319 0.043139488 0.877397835 0.997465909 0.007456020 -0.070754752 362.392456055
-0.074103750 0.046868186 -0.996148586 -157.393112183 -0.000716208 0.998892188 0.047050558 0.909597337 0.997250259 0.004200072 -0.073988087 362.310424805
-0.076738045 0.049406637 -0.995826542 -158.516601562 -0.001585476 0.998764277 0.049674563 0.947808206 0.997050047 0.005390788 -0.076564886 362.220306396
-0.079325810 0.047939900 -0.995695412 -159.635574341 -0.004230949 0.998817861 0.048427314 0.987771213 0.996839762 0.008054271 -0.079029210 362.126159668
-0.081916399 0.045335770 -0.995607615 -160.753967285 -0.009317971 0.998886347 0.046251725 1.026962042 0.996595681 0.013065817 -0.081402726 362.018402100
-0.084054843 0.040914431 -0.995620847 -161.860336304 -0.012449795 0.999035597 0.042105824 1.062836409 0.996383429 0.015934475 -0.083464399 361.908508301
-0.085796736 0.037526209 -0.995605826 -162.965332031 -0.011266277 0.999190032 0.038632177 1.088997722 0.996248960 0.014531286 -0.085304454 361.812622070
-0.086702205 0.037006751 -0.995546639 -164.075714111 -0.010552794 0.999219716 0.038062338 1.117506266 0.996178389 0.013805886 -0.086244032 361.705383301
-0.088831782 0.042277504 -0.995148957 -165.182495117 -0.008527867 0.999029934 0.043203626 1.151142955 0.996010125 0.012324350 -0.088385075 361.609008789
-0.089463219 0.049660031 -0.994751275 -166.285400391 -0.006567875 0.998705149 0.050448101 1.176641464 0.995968521 0.011046650 -0.089021213 361.502197266
-0.090285338 0.051144026 -0.994601905 -167.388519287 -0.007687399 0.998615086 0.052048229 1.220667124 0.995886266 0.012345092 -0.089767128 361.400634766
-0.090081051 0.049206696 -0.994718134 -168.478591919 -0.007758607 0.998713791 0.050106969 1.253982544 0.995904207 0.012231315 -0.089583404 361.306884766
-0.089973398 0.045740936 -0.994893193 -169.564880371 -0.009420222 0.998861015 0.046775281 1.289546371 0.995899618 0.013580644 -0.089440018 361.199645996
-0.089997075 0.045859855 -0.994885564 -170.645767212 -0.011940898 0.998817861 0.047121283 1.324495554 0.995870411 0.016120605 -0.089343064 361.094299316
-0.090382740 0.047926873 -0.994753182 -171.726379395 -0.011549011 0.998723865 0.049167506 1.362357378 0.995840192 0.015932310 -0.089713886 360.993774414
-0.090126097 0.046030682 -0.994866014 -172.800354004 -0.007002722 0.998877347 0.046850666 1.396913886 0.995905757 0.011189237 -0.089702584 360.894775391
-0.090731479 0.037614904 -0.995164812 -173.858932495 -0.006858592 0.999239147 0.038394209 1.433487773 0.995851815 0.010308992 -0.090404451 360.799713135
-0.090569198 0.034567058 -0.995290101 -174.920761108 -0.002911668 0.999383986 0.034974199 1.461462975 0.995885968 0.006065539 -0.090412758 360.703460693
-0.091559120 0.039534196 -0.995014608 -175.989166260 -0.001310027 0.999205947 0.039821271 1.491077542 0.995798826 0.004949497 -0.091434635 360.603759766
-0.090896077 0.042865474 -0.994937420 -177.043060303 -0.003198410 0.999055505 0.043335091 1.512387991 0.995855272 0.007121208 -0.090673119 360.496704102
-0.089818850 0.038402051 -0.995217502 -178.101181030 -0.006065841 0.999216795 0.039103810 1.546355009 0.995939672 0.009549090 -0.089515544 360.399749756
-0.087617628 0.031462435 -0.995657265 -179.153259277 -0.013833028 0.999366283 0.032796942 1.573103428 0.996058166 0.016646545 -0.087126881 360.285644531
-0.085019477 0.030258333 -0.995919704 -180.230941772 -0.020221390 0.999280512 0.032086696 1.602138162 0.996174097 0.022866877 -0.084346436 360.188476562
-0.081212208 0.033573952 -0.996131182 -181.300338745 -0.024016522 0.999076426 0.035631228 1.621992469 0.996407509 0.026817299 -0.080330871 360.081115723
-0.077228986 0.035805579 -0.996370256 -182.370223999 -0.024007749 0.998998344 0.037760869 1.656263113 0.996724308 0.026836835 -0.076292023 359.999450684
-0.072581694 0.035223085 -0.996740341 -183.444137573 -0.021659164 0.999084771 0.036883142 1.685755253 0.997127295 0.024265599 -0.071752369 359.919097900
-0.067409284 0.034271605 -0.997136652 -184.515258789 -0.018997377 0.999184608 0.035626274 1.710998178 0.997544527 0.021344518 -0.066703245 359.838409424
-0.063284166 0.031868350 -0.997486651 -185.578521729 -0.013888248 0.999365151 0.032809488 1.739472032 0.997898936 0.015929664 -0.062801391 359.777221680
-0.059324056 0.030195350 -0.997782052 -186.660934448 -0.008920712 0.999486446 0.030777320 1.759993672 0.998198926 0.010726761 -0.059024226 359.717864990
-0.055401962 0.028814832 -0.998048365 -187.737503052 -0.004384402 0.999566913 0.029102052 1.783162832 0.998454511 0.005988158 -0.055251632 359.660461426
-0.051990230 0.034126651 -0.998064280 -188.809310913 0.001444014 0.999417484 0.034097701 1.811736584 0.998646557 0.000331528 -0.052009232 359.613525391
-0.049550764 0.040542129 -0.997948408 -189.901962280 0.007352204 0.999163568 0.040226441 1.837183237 0.998744607 -0.005343867 -0.049807392 359.561340332
-0.048500769 0.041814759 -0.997947454 -190.985961914 0.008400111 0.999105036 0.041455008 1.876370668 0.998787820 -0.006372269 -0.048808623 359.513824463
-0.046381239 0.040196367 -0.998114705 -192.088455200 0.010757503 0.999152184 0.039738260 1.914190292 0.998865902 -0.008894114 -0.046774331 359.460327148
-0.045522328 0.040334746 -0.998148739 -193.177185059 0.008630181 0.999163151 0.039982148 1.943310618 0.998926044 -0.006794125 -0.045832328 359.411621094
-0.043111533 0.043061301 -0.998141825 -194.263015747 0.003886976 0.999070346 0.042933468 1.972311378 0.999062717 -0.002028825 -0.043238841 359.355987549
-0.039908137 0.042709526 -0.998290181 -195.361541748 -0.003110049 0.999075949 0.042867467 2.006877661 0.999198616 0.004815492 -0.039738432 359.294403076
-0.035555635 0.040304158 -0.998554647 -196.464553833 -0.009377906 0.999128997 0.040661249 2.039857149 0.999323726 0.010810087 -0.035146698 359.235168457
-0.030992169 0.038286913 -0.998785973 -197.598648071 -0.014475118 0.999144077 0.038749799 2.080276728 0.999414861 0.015658487 -0.030411435 359.195617676
-0.026196737 0.039924733 -0.998859167 -198.722351074 -0.017989697 0.999021530 0.040403031 2.109538317 0.999494910 0.019027604 -0.025452867 359.149810791
-0.021871304 0.041226085 -0.998910367 -199.834594727 -0.018519962 0.998961270 0.041633680 2.143691301 0.999589324 0.019410364 -0.021085076 359.122772217
-0.017696917 0.042334620 -0.998946667 -200.964431763 -0.018574994 0.998916805 0.042662423 2.183608532 0.999670863 0.019310422 -0.016891381 359.099121094
-0.014150678 0.044363864 -0.998915136 -202.102706909 -0.017743414 0.998846710 0.044612180 2.216472387 0.999742448 0.018355459 -0.013347191 359.079864502
-0.011775698 0.046127819 -0.998866141 -203.234710693 -0.015913941 0.998800159 0.046312384 2.254851580 0.999804020 0.016441260 -0.011027494 359.064025879
-0.009921929 0.046226628 -0.998881698 -204.361221313 -0.015113968 0.998809814 0.046373427 2.291771173 0.999836564 0.015557181 -0.009211452 359.052825928
-0.008508492 0.045297347 -0.998937309 -205.500701904 -0.015103702 0.998853564 0.045422208 2.329006910 0.999849796 0.015474125 -0.007814579 359.040618896
-0.007072492 0.046817172 -0.998878419 -206.643325806 -0.014763939 0.998789668 0.046917550 2.370615959 0.999866009 0.015079206 -0.006372725 359.028930664
-0.005674313 0.048884593 -0.998788297 -207.757797241 -0.015503922 0.998680055 0.048967361 2.407536983 0.999863744 0.015762992 -0.004908921 359.018066406
-0.003973841 0.049070314 -0.998787403 -208.895965576 -0.015235079 0.998676538 0.049125466 2.446163416 0.999876082 0.015411822 -0.003220992 359.008544922
-0.002898035 0.046829168 -0.998898685 -210.009063721 -0.013802015 0.998805881 0.046864863 2.486392260 0.999900579 0.013922634 -0.002248237 359.002563477
-0.001785896 0.046578936 -0.998913050 -211.143554688 -0.011418325 0.998848498 0.046596352 2.525499582 0.999933243 0.011489131 -0.001251986 359.003204346
0.000162313 0.046805464 -0.998903990 -212.283615112 -0.011939610 0.998832941 0.046800192 2.560920000 0.999928772 0.011918928 0.000720963 358.991790771
0.002760521 0.044842377 -0.998990178 -213.378936768 -0.010612088 0.998939157 0.044810761 2.593309164 0.999939919 0.010477672 0.003233464 358.997009277
0.004867319 0.042183779 -0.999098003 -214.502975464 -0.008840105 0.999072671 0.042139646 2.632804394 0.999949098 0.008627025 0.005235715 359.009521484
0.008925417 0.043009948 -0.999034762 -215.619949341 -0.009849750 0.999029934 0.042921741 2.662385464 0.999911726 0.009457149 0.009340395 359.002166748
0.012760167 0.046140585 -0.998853385 -216.722625732 -0.009653177 0.998893917 0.046019137 2.694037199 0.999872029 0.009054897 0.013191456 359.019592285
0.017168203 0.049719162 -0.998615623 -217.833404541 -0.009667845 0.998724520 0.049558375 2.725717306 0.999805927 0.008803635 0.017626982 359.032073975
0.022406803 0.051264096 -0.998433650 -218.935989380 -0.011308891 0.998633623 0.051020563 2.764771461 0.999684989 0.010147970 0.022955926 359.053375244
0.028349549 0.051664479 -0.998262048 -220.022109985 -0.015204220 0.998570085 0.051248636 2.805078268 0.999482393 0.013724921 0.029094528 359.076568604
0.034654211 0.050021268 -0.998146772 -221.092773438 -0.016224399 0.998643100 0.049482852 2.842718124 0.999267638 0.014479543 0.035418760 359.114166260
0.041921671 0.048505425 -0.997942686 -222.151824951 -0.017484218 0.998703480 0.047807913 2.873247862 0.998967946 0.015444063 0.042715393 359.149993896
0.048865896 0.047958773 -0.997653246 -223.190872192 -0.017257322 0.998737991 0.047165640 2.907357693 0.998656273 0.014912033 0.049631868 359.196380615
0.053649072 0.048480943 -0.997382224 -224.216995239 -0.015092199 0.998745978 0.047735415 2.933743477 0.998445809 0.012491732 0.054313481 359.252258301
0.057037503 0.047646355 -0.997234464 -225.224655151 -0.012754932 0.998813808 0.046992291 2.962435961 0.998290598 0.010039335 0.057577573 359.317199707
0.059680525 0.046490777 -0.997134328 -226.213607788 -0.010703907 0.998887181 0.045931857 2.994006157 0.998160183 0.007931996 0.060111750 359.379669189
0.062554620 0.048282649 -0.996872962 -227.193496704 -0.009945499 0.998809755 0.047752362 3.020984650 0.997991979 0.006927268 0.062960371 359.436523438
0.064857170 0.053640086 -0.996451914 -228.163314819 -0.006410083 0.998556137 0.053336136 3.054197073 0.997874022 0.002928108 0.065107368 359.502960205
0.066999763 0.056019731 -0.996179044 -229.116592407 -0.004380655 0.998429537 0.055851638 3.076072693 0.997743428 0.000621870 0.067139938 359.558715820
0.068822041 0.047598563 -0.996492803 -230.056320190 -0.003024147 0.998866558 0.047503088 3.110733747 0.997624397 -0.000255718 0.068887971 359.630401611
0.071728319 0.037073482 -0.996734977 -230.958908081 -0.002235099 0.999312460 0.037008505 3.138212204 0.997421682 -0.000426755 0.071761861 359.691101074
0.074581288 0.038950104 -0.996454120 -231.862747192 -0.006585419 0.999234498 0.038565893 3.168247700 0.997193158 0.003685773 0.074780695 359.753265381
0.079508148 0.051023524 -0.995527565 -232.748336792 -0.010060610 0.998679340 0.050381575 3.191263914 0.996783435 0.006009868 0.079916477 359.817687988
0.085169576 0.059852462 -0.994567096 -233.607238770 -0.014962493 0.998158455 0.058787271 3.212339640 0.996254146 0.009874318 0.085908256 359.883697510
0.093598180 0.057468023 -0.993950069 -234.441085815 -0.018635573 0.998258948 0.055962279 3.238897324 0.995435655 0.013284861 0.094506167 359.951812744
0.102478959 0.055088263 -0.993208587 -235.242904663 -0.020803288 0.998365641 0.053227823 3.273846865 0.994517624 0.015207268 0.103457503 360.036224365
0.112693585 0.055337403 -0.992087662 -236.025909424 -0.019049505 0.998384774 0.053524770 3.302337885 0.993447185 0.012866879 0.113565713 360.131439209
0.125155404 0.053618912 -0.990687191 -236.774780273 -0.017877204 0.998498321 0.051783208 3.317330837 0.991976082 0.011229767 0.125926048 360.226776123
0.140295133 0.044542294 -0.989107311 -237.489593506 -0.016801525 0.998950839 0.042602438 3.334475040 0.989967167 0.010641598 0.140896320 360.335754395
0.157143027 0.036114439 -0.986915350 -238.180252075 -0.014862555 0.999304414 0.034201290 3.355783463 0.987464070 0.009293589 0.157570466 360.453033447
0.173242196 0.032949455 -0.984327912 -238.845336914 -0.010128521 0.999446869 0.031672928 3.378802299 0.984827161 0.004482697 0.173480108 360.578155518
0.188566163 0.038184315 -0.981317878 -239.495300293 -0.003680903 0.999264300 0.038175318 3.382875919 0.982053638 -0.003586438 0.188567966 360.721527100
0.203708440 0.042769134 -0.978096962 -240.129943848 0.002501358 0.999019504 0.044204965 3.392251730 0.979028404 -0.011451497 0.203401700 360.864501953
0.216615781 0.043587625 -0.975283444 -240.735610962 0.008927112 0.998872638 0.046624646 3.402013063 0.976216197 -0.018806100 0.215982452 361.017150879
0.226231158 0.042215545 -0.973158479 -241.323440552 0.014988438 0.998791218 0.046811875 3.419229984 0.973958433 -0.025176432 0.225324944 361.169921875
0.232984230 0.039714336 -0.971669257 -241.893722534 0.020040270 0.998757541 0.045626696 3.436117887 0.972274065 -0.030102817 0.231898859 361.317901611
0.236544639 0.036492661 -0.970935106 -242.449096680 0.023786230 0.998777449 0.043334052 3.455305099 0.971329451 -0.033345323 0.235387385 361.460144043
0.238379642 0.035306901 -0.970530033 -242.984573364 0.027340526 0.998698831 0.043046989 3.466350794 0.970787108 -0.036796331 0.237104163 361.594512939
0.238037705 0.035561170 -0.970604658 -243.507720947 0.029654553 0.998597562 0.043859463 3.486757040 0.970803082 -0.039223056 0.236649305 361.729644775
0.234895661 0.036388811 -0.971339226 -244.012207031 0.031491242 0.998489559 0.045021359 3.502443314 0.971510351 -0.041163996 0.233394921 361.851196289
0.229367673 0.037633039 -0.972612083 -244.514938354 0.032611378 0.998394191 0.046321250 3.512578249 0.972793400 -0.042342812 0.227772117 361.973144531
0.222447440 0.039430086 -0.974146962 -244.992019653 0.031190585 0.998382568 0.047533467 3.522076845 0.974445581 -0.040957909 0.220857829 362.073486328
0.214254677 0.040315926 -0.975945413 -245.451583862 0.030601023 0.998380303 0.047960717 3.533711910 0.976298392 -0.040140737 0.212673977 362.163360596
0.204193681 0.038845912 -0.978159487 -245.889770508 0.029907964 0.998498321 0.045897011 3.550730467 0.978473485 -0.038626637 0.202725202 362.249572754
0.192709103 0.037459258 -0.980540752 -246.317565918 0.032127097 0.998494446 0.044459194 3.565296412 0.980729818 -0.040069617 0.191215500 362.328765869
0.177614331 0.036199864 -0.983434200 -246.734375000 0.034599897 0.998475730 0.043002497 3.575817347 0.983491719 -0.041664582 0.176091060 362.398040771
0.158252940 0.034891512 -0.986781955 -247.143936157 0.036102742 0.998502791 0.041095838 3.584509850 0.986738384 -0.042129077 0.156756282 362.452239990
0.136770681 0.035819232 -0.989954948 -247.554412842 0.034956735 0.998549163 0.040959764 3.595801592 0.989985764 -0.040207695 0.135320127 362.485473633
0.115112260 0.037234012 -0.992654502 -247.964752197 0.032316558 0.998627961 0.041205633 3.604820490 0.992826700 -0.036822453 0.113751061 362.512451172
0.094192721 0.039133653 -0.994784534 -248.369216919 0.029834948 0.998667300 0.042111367 3.613719463 0.995106876 -0.033645935 0.092899650 362.529876709
0.073458716 0.040282566 -0.996484339 -248.760467529 0.028556522 0.998689294 0.042476825 3.624498844 0.996889353 -0.031576421 0.072212107 362.545135498
0.053318594 0.041167744 -0.997728586 -249.163619995 0.027297974 0.998716414 0.042667303 3.638510942 0.998204410 -0.029510928 0.052126363 362.547912598
0.034327693 0.041484192 -0.998549223 -249.560043335 0.025982901 0.998763442 0.042386316 3.648741007 0.999072850 -0.027400229 0.033207368 362.540557861
0.016303146 0.041765433 -0.998994410 -249.955139160 0.024086315 0.998820961 0.042151254 3.656433105 0.999576986 -0.024749290 0.015277957 362.530151367
0.000988351 0.041311674 -0.999145865 -250.340698242 0.020747129 0.998930395 0.041323293 3.669059992 0.999784291 -0.020770248 0.000130196 362.515777588
-0.010291439 0.039614372 -0.999162138 -250.736984253 0.016837640 0.999080062 0.039437704 3.681225777 0.999805272 -0.016417658 -0.010948984 362.493133545
-0.017917622 0.038513515 -0.999097407 -251.148117065 0.011611011 0.999198437 0.038309183 3.692957878 0.999772072 -0.010914119 -0.018350439 362.472625732
-0.022232454 0.038865186 -0.998997092 -251.561386108 0.007320135 0.999223590 0.038711097 3.705428123 0.999725997 -0.006452150 -0.022499690 362.448852539
-0.024221405 0.039591666 -0.998922288 -251.989151001 0.004825164 0.999208510 0.039486010 3.717395782 0.999695003 -0.003863556 -0.024393272 362.435119629
-0.023125770 0.040314909 -0.998919427 -252.417663574 0.002487407 0.999185860 0.040268071 3.730014086 0.999729514 -0.001553490 -0.023207221 362.420989990
-0.020008203 0.041025717 -0.998957753 -252.849166870 -0.000777827 0.999156833 0.041049473 3.740529537 0.999799490 0.001598341 -0.019959424 362.408660889
-0.016612787 0.040957320 -0.999022782 -253.280715942 -0.002705979 0.999155045 0.041007750 3.752502918 0.999858379 0.003384587 -0.016487923 362.399749756
-0.012315582 0.041019276 -0.999082446 -253.700103760 -0.006766400 0.999131918 0.041104715 3.762626171 0.999901354 0.007266419 -0.012027339 362.388336182
-0.004717344 0.039731111 -0.999199331 -254.141555786 -0.010826211 0.999149680 0.039780263 3.781131744 0.999930322 0.011005199 -0.004283197 362.391845703
0.005619669 0.039034106 -0.999222040 -254.563018799 -0.014812001 0.999131441 0.038947266 3.799939156 0.999874532 0.014581609 0.006192963 362.390136719
0.016164664 0.038758583 -0.999117851 -255.002639771 -0.017562419 0.999105334 0.038473949 3.825440407 0.999715149 0.016925007 0.016830895 362.410491943
0.027620919 0.040538821 -0.998796165 -255.418411255 -0.018465970 0.999027610 0.040037554 3.825385571 0.999447942 0.017337862 0.028342651 362.413513184
0.038134858 0.042260434 -0.998378634 -255.847290039 -0.018728316 0.998960137 0.041569687 3.834343910 0.999097109 0.017112697 0.038886670 362.438995361
0.049220420 0.045371834 -0.997756779 -256.276245117 -0.022265540 0.998769283 0.044319488 3.832508802 0.998539746 0.020034175 0.050170064 362.451812744
0.060864430 0.049739439 -0.996905923 -256.696899414 -0.025621103 0.998506367 0.048255034 3.846372843 0.997817159 0.022604816 0.062047910 362.478210449
0.071842261 0.051445086 -0.996088386 -257.121856689 -0.027576819 0.998389661 0.049574979 3.861498117 0.997034729 0.023907371 0.073145255 362.519836426
0.083465710 0.049527820 -0.995279074 -257.528198242 -0.025444504 0.998544455 0.047556497 3.873554230 0.996185780 0.021355048 0.084604427 362.558258057
0.093839318 0.047363028 -0.994460106 -257.924438477 -0.022279421 0.998717606 0.045463461 3.883358240 0.995338082 0.017889734 0.094774194 362.616973877
0.104096264 0.046418406 -0.993483365 -258.306488037 -0.022171522 0.998770297 0.044342313 3.890983343 0.994320095 0.017411169 0.104997419 362.665954590
0.113893263 0.045713440 -0.992440701 -258.668060303 -0.025144473 0.998753548 0.043118611 3.892312765 0.993174732 0.020043479 0.114900723 362.699554443
0.122662775 0.043170389 -0.991509080 -259.006561279 -0.027693763 0.998813391 0.040062334 3.914144993 0.992061973 0.022544462 0.123712786 362.727020264
0.128649071 0.039522577 -0.990902305 -259.339691162 -0.027745087 0.998957872 0.036241725 3.923846722 0.991302013 0.022830205 0.129611552 362.777557373
0.133252591 0.035779525 -0.990436137 -259.666839600 -0.023040120 0.999189973 0.032995958 3.929231644 0.990814269 0.018422971 0.133969009 362.834808350
0.135398701 0.034177724 -0.990201592 -259.987731934 -0.016223652 0.999347329 0.032274999 3.936677933 0.990658402 0.011694693 0.135864824 362.898406982
0.134341046 0.034784790 -0.990324438 -260.306884766 -0.012068484 0.999367118 0.033465270 3.939329863 0.990861714 0.007455959 0.134675801 362.952423096
0.129440665 0.034830518 -0.990975320 -260.628204346 -0.011210067 0.999370456 0.033661332 3.947608232 0.991523802 0.006751754 0.129749626 362.996643066
0.119540125 0.034214284 -0.992239714 -260.942687988 -0.010908453 0.999391019 0.033146676 3.963159800 0.992769480 0.006861444 0.119840540 363.029022217
0.103774130 0.033689056 -0.994030178 -261.260833740 -0.013138740 0.999385536 0.032498904 3.985081434 0.994514048 0.009687763 0.104152977 363.063446045
0.084071614 0.034360036 -0.995867193 -261.576477051 -0.013838883 0.999349177 0.033311896 3.979694128 0.996363699 0.010981103 0.084492408 363.085662842
0.061742719 0.032911826 -0.997549355 -261.893524170 -0.013465593 0.999392807 0.032139193 3.991229534 0.998001337 0.011448232 0.062148407 363.081390381
0.034867458 0.029733144 -0.998949528 -262.187988281 -0.011346738 0.999504566 0.029353624 4.001594543 0.999327540 0.010311331 0.035187561 363.076507568
0.004728733 0.027171396 -0.999619603 -262.506439209 -0.010458264 0.999577403 0.027120778 4.001425266 0.999934196 0.010326039 0.005010902 363.064178467
-0.028338088 0.026920814 -0.999235809 -262.835052490 -0.010341965 0.999575734 0.027223274 4.000986576 0.999544919 0.011105517 -0.028047657 363.040832520
-0.065599270 0.028769059 -0.997431338 -263.182708740 -0.012431155 0.999483109 0.029645817 4.003761768 0.997768641 0.014343967 -0.065207720 363.005676270
-0.103810690 0.030384852 -0.994132936 -263.530426025 -0.014512436 0.999380469 0.032060683 4.024285316 0.994491220 0.017755527 -0.103305407 362.923339844
-0.147926405 0.030231817 -0.988536239 -263.901550293 -0.012894032 0.999388695 0.032493204 4.057798862 0.988914311 0.017552819 -0.147446185 362.866638184
-0.192061245 0.033383667 -0.980814993 -264.268035889 -0.008797457 0.999322534 0.035736300 4.033555508 0.981343508 0.015492236 -0.191637442 362.767974854
-0.236130819 0.031684894 -0.971204519 -264.605987549 -0.006452966 0.999395072 0.034173518 4.065410614 0.971699834 0.014336571 -0.235783517 362.629577637
-0.285653055 0.034070652 -0.957727253 -264.992370605 -0.005077828 0.999300003 0.037064105 4.068728924 0.958319664 0.015450649 -0.285280079 362.496246338
-0.335318118 0.032579996 -0.941541493 -265.384033203 -0.005513544 0.999316871 0.036542773 4.092601776 0.942088902 0.017444683 -0.334909409 362.331909180
-0.385680556 0.030537920 -0.922126889 -265.775878906 -0.002390149 0.999415636 0.034097169 4.105773926 0.922629356 0.015354633 -0.385382205 362.144714355
-0.437127680 0.028622262 -0.898943901 -266.175537109 0.001154310 0.999510527 0.031262994 4.116700649 0.899398685 0.012628259 -0.436946750 361.931182861
-0.485141367 0.028622014 -0.873967111 -266.526367188 0.007266761 0.999561548 0.028701387 4.124049664 0.874405563 0.007573320 -0.485136718 361.679321289
-0.538231611 0.031701319 -0.842200577 -266.935546875 0.012168645 0.999480486 0.029844804 4.128739357 0.842709184 0.005814976 -0.538337767 361.417785645
-0.583793879 0.044850219 -0.810662150 -267.286743164 0.022971891 0.998985767 0.038726233 4.071317196 0.811576843 0.003985690 -0.584232092 361.079223633
-0.633668661 0.046313901 -0.772216916 -267.673675537 0.025539909 0.998914599 0.038952526 4.096591473 0.773182869 0.004960643 -0.634163737 360.731628418
-0.681658566 0.047982756 -0.730095267 -268.050476074 0.028128395 0.998828173 0.039381947 4.114556313 0.731129527 0.006308630 -0.682209551 360.343627930
-0.726547599 0.048547450 -0.685398877 -268.406066895 0.031088660 0.998801887 0.037790988 4.148681641 0.686412394 0.006148824 -0.727186441 359.925262451
-0.768510818 0.055487528 -0.637426138 -268.756042480 0.038427386 0.998436868 0.040583432 4.145566940 0.638681710 0.006694191 -0.769441903 359.473327637
-0.804118335 0.059244774 -0.591509819 -269.022094727 0.044288423 0.998226821 0.039773777 4.165874481 0.592817247 0.005785787 -0.805316269 358.988891602
-0.838459671 0.060793702 -0.541562200 -269.332244873 0.047097329 0.998123586 0.039128330 4.185753345 0.542924821 0.007301390 -0.839749575 358.461761475
-0.867384553 0.061292436 -0.493849486 -269.606048584 0.048756246 0.998078406 0.038238872 4.215116024 0.495244265 0.009089560 -0.868706226 357.908111572
-0.891330957 0.060997028 -0.449230880 -269.868469238 0.048534337 0.998051405 0.039218135 4.233435631 0.450747669 0.013153219 -0.892554522 357.309753418
-0.911340117 0.061698876 -0.407004356 -270.104248047 0.050066933 0.997977138 0.039179094 4.253804207 0.408598363 0.015328012 -0.912585557 356.743743896
-0.927364111 0.062010858 -0.368986011 -270.325866699 0.051123668 0.997921944 0.039220307 4.278582573 0.370651364 0.017507577 -0.928606987 356.101104736
-0.941192925 0.063400529 -0.331867933 -270.534210205 0.052904952 0.997774959 0.040575419 4.295986652 0.333702087 0.020631831 -0.942452729 355.436035156
-0.952800155 0.064389773 -0.296691477 -270.739685059 0.055227045 0.997705102 0.039170921 4.324214458 0.298532844 0.020936653 -0.954169691 354.759979248
-0.961869419 0.065966673 -0.265434653 -270.921295166 0.058424681 0.997634590 0.036218781 4.346377373 0.267196029 0.019329796 -0.963448286 354.038696289
-0.969255030 0.068876363 -0.236222044 -271.109222412 0.063781396 0.997538030 0.029152030 4.372906685 0.237648338 0.013189181 -0.971261680 353.289794922
-0.975084841 0.070873685 -0.210205883 -271.264068604 0.067741171 0.997458696 0.022074455 4.394343376 0.211236179 0.007284874 -0.977407932 352.525451660
-0.980106592 0.074474514 -0.183969036 -271.404693604 0.072240435 0.997209489 0.018825911 4.411722183 0.184857756 0.005161393 -0.982751727 351.742858887
-0.984084070 0.080226183 -0.158563375 -271.532470703 0.078113772 0.996753335 0.019520344 4.430986404 0.159614637 0.006823676 -0.987155795 350.925811768
-0.987269759 0.085714884 -0.133982807 -271.644958496 0.083447650 0.996259153 0.022457438 4.437857628 0.135406524 0.010990999 -0.990729153 350.079162598
-0.989996672 0.085308030 -0.112378918 -271.734985352 0.083050072 0.996240854 0.024631443 4.456470966 0.114057735 0.015051966 -0.993360102 349.212677002
-0.991877556 0.084764279 -0.094836935 -271.805969238 0.082953416 0.996290684 0.022883935 4.470276356 0.096424907 0.014831012 -0.995229721 348.329254150
-0.993475139 0.078265846 -0.082955390 -271.856506348 0.076878272 0.996844053 0.019795930 4.487751007 0.084242932 0.013289295 -0.996356547 347.418304443
-0.994570971 0.071840174 -0.075283840 -271.929840088 0.070851021 0.997362792 0.015731938 4.501257896 0.076215498 0.010312591 -0.997038007 346.496337891
-0.995117784 0.068183392 -0.071356311 -271.988525391 0.067316286 0.997626424 0.014489856 4.517712593 0.072174922 0.009615672 -0.997345686 345.542938232
-0.995026052 0.070105352 -0.070770130 -272.046325684 0.069141969 0.997478843 0.015974896 4.526990414 0.071711630 0.011002251 -0.997364759 344.566864014
-0.995069683 0.070931368 -0.069319062 -272.113952637 0.069940552 0.997412682 0.016620617 4.546771049 0.070318632 0.011690458 -0.997456133 343.556427002
-0.994939983 0.074205473 -0.067735225 -272.197479248 0.073175833 0.997164428 0.017561104 4.556678772 0.068846278 0.012515662 -0.997548819 342.551574707
-0.995110691 0.073537976 -0.065932445 -272.267272949 0.072507910 0.997207463 0.017885450 4.574786663 0.067063577 0.013017377 -0.997663856 341.515716553
-0.995216131 0.072866634 -0.065079398 -272.316162109 0.071738407 0.997232616 0.019511091 4.590404510 0.066320993 0.014749058 -0.997689366 340.473236084
-0.995291591 0.073286481 -0.063431457 -272.395690918 0.072106466 0.997182131 0.020699440 4.603146553 0.064769693 0.016028160 -0.997771561 339.387451172
-0.995616317 0.070235483 -0.061767377 -272.459686279 0.069072537 0.997395456 0.020768531 4.631900787 0.063065186 0.016411055 -0.997874498 338.300628662
-0.995755553 0.069359764 -0.060498416 -272.515899658 0.068040356 0.997403383 0.023605432 4.647975445 0.061978582 0.019388909 -0.997889221 337.201965332
-0.995955884 0.067959584 -0.058766082 -272.577758789 0.066585332 0.997466564 0.025037717 4.660009384 0.060318757 0.021023501 -0.997957706 336.086608887
-0.996116042 0.067566395 -0.056461006 -272.638153076 0.066319972 0.997517765 0.023667717 4.678700924 0.057920001 0.019831298 -0.998124242 334.976318359
-0.996231079 0.067757711 -0.054154564 -272.691619873 0.066696182 0.997548580 0.021176698 4.700251102 0.055456694 0.017484976 -0.998308063 333.845672607
-0.996247530 0.069816589 -0.051151514 -272.758666992 0.068839215 0.997414529 0.020628436 4.715809822 0.052459475 0.017029800 -0.998477876 332.685791016
-0.996325552 0.070862576 -0.048103847 -272.814239502 0.069887519 0.997319698 0.021659970 4.733373642 0.049509794 0.018218521 -0.998607516 331.532562256
-0.996428668 0.071588121 -0.044777092 -272.866760254 0.070561804 0.997216284 0.024098027 4.752402306 0.046377573 0.020852419 -0.998706281 330.356018066
-0.996398032 0.073926002 -0.041542649 -272.911682129 0.072756246 0.996928036 0.028999576 4.773204327 0.043558855 0.025872637 -0.998715758 329.176025391
-0.996482134 0.075168096 -0.037056345 -272.961456299 0.073841393 0.996621490 0.035958614 4.797946453 0.039634082 0.033095825 -0.998665988 327.974212646
-0.996379614 0.078238204 -0.033263694 -273.000946045 0.076931655 0.996277452 0.038895566 4.828185558 0.036182985 0.036195714 -0.998689473 326.789306641
-0.996496737 0.078068845 -0.029991407 -273.038238525 0.077097185 0.996500373 0.032294042 4.855539799 0.032407608 0.029868653 -0.999028325 325.597595215
-0.996766150 0.075124033 -0.028523833 -273.068695068 0.074606650 0.997035980 0.018790569 4.871444702 0.029850908 0.016601736 -0.999416471 324.410675049
-0.997091055 0.071046382 -0.027603835 -273.087371826 0.070866302 0.997457981 0.007448925 4.879168510 0.028062887 0.005471074 -0.999591112 323.244201660
-0.997450531 0.066897519 -0.024845922 -273.106323242 0.066720709 0.997740626 0.007879067 4.873490334 0.025316877 0.006201243 -0.999660194 322.064727783
-0.997599900 0.066020355 -0.020882042 -273.129028320 0.065638900 0.997672796 0.018454710 4.874989033 0.022051839 0.017039742 -0.999611557 320.864227295
-0.997753441 0.065064356 -0.015963776 -273.145294189 0.064589709 0.997500956 0.028637247 4.883756638 0.017787149 0.027541816 -0.999462366 319.672180176
-0.997902930 0.063864902 -0.010532222 -273.149047852 0.063512355 0.997500598 0.030963933 4.902798653 0.012483406 0.030230073 -0.999465048 318.500885010
-0.997956574 0.063676208 -0.005288280 -273.156921387 0.063494705 0.997550189 0.029360441 4.929301739 0.007144887 0.028964669 -0.999554873 317.294982910
-0.997939169 0.064165972 -0.000322428 -273.149017334 0.064131655 0.997546554 0.028074656 4.946163177 0.002123075 0.027996123 -0.999605775 316.119842529
-0.997957289 0.063625917 0.005731376 -273.143829346 0.063762791 0.997567832 0.028157406 4.963003159 -0.003925896 0.028465336 -0.999587119 314.932189941
-0.997887671 0.064004041 0.011121819 -273.119232178 0.064296328 0.997529984 0.028283076 4.981036663 -0.009284113 0.028938424 -0.999538004 313.777008057
-0.997777402 0.064429753 0.017001357 -273.095031738 0.064902291 0.997473478 0.028883019 5.000459671 -0.015097476 0.029922251 -0.999438167 312.611846924
-0.997527778 0.066584334 0.022467673 -273.070983887 0.067249745 0.997276306 0.030288575 5.015813828 -0.020389732 0.031724639 -0.999288678 311.431579590
-0.997315526 0.067601942 0.028137377 -273.033813477 0.068461895 0.997177839 0.030811584 5.036475658 -0.025975047 0.032655206 -0.999129117 310.274810791
-0.997103751 0.068019919 0.034018390 -272.989959717 0.069036871 0.997172773 0.029669685 5.055394173 -0.031904086 0.031932279 -0.998980761 309.108093262
-0.996574521 0.072368339 0.040022649 -272.954650879 0.073574536 0.996852279 0.029532352 5.070515633 -0.037759461 0.032375835 -0.998762250 307.960479736
-0.996353626 0.072160646 0.045520276 -272.899932861 0.073528223 0.996867955 0.029118631 5.090711117 -0.043276485 0.032359477 -0.998538911 306.802886963
-0.996036708 0.073169224 0.050568633 -272.842773438 0.074727140 0.996763527 0.029633865 5.102926731 -0.048236690 0.033295263 -0.998280883 305.645751953
-0.995694578 0.074433953 0.055245001 -272.776672363 0.076067954 0.996707022 0.028085748 5.115648270 -0.052972544 0.032167193 -0.998077750 304.506652832
-0.995200455 0.077927604 0.059188385 -272.712188721 0.079505906 0.996526062 0.024792250 5.137860298 -0.057050776 0.029379085 -0.997938871 303.368194580
-0.994775653 0.079551511 0.063976631 -272.638000488 0.081236951 0.996401429 0.024185430 5.154135227 -0.061822422 0.029256346 -0.997658312 302.229949951
-0.994196236 0.082653582 0.068864077 -272.557769775 0.084631205 0.996065021 0.026308097 5.161994457 -0.066418625 0.031983461 -0.997279108 301.093536377
-0.993560612 0.085503936 0.074340381 -272.476287842 0.087575562 0.995842576 0.025062509 5.171905518 -0.071888365 0.031411517 -0.996917903 299.959930420
-0.993069470 0.086881138 0.079149835 -272.388458252 0.088992238 0.995754123 0.023540573 5.188181877 -0.076768532 0.030421145 -0.996584713 298.833282471
-0.992568493 0.088239603 0.083794810 -272.293548584 0.090665877 0.995552361 0.025597831 5.203470707 -0.081163362 0.033004932 -0.996154249 297.697418213
-0.992089868 0.089885041 0.087626174 -272.190979004 0.092561133 0.995341897 0.026962517 5.212376595 -0.084794469 0.034860022 -0.995788395 296.587707520
-0.991658270 0.090505436 0.091774717 -272.089111328 0.093264513 0.995295882 0.026225524 5.222712994 -0.088969454 0.034566082 -0.995434344 295.459899902
-0.991407096 0.089598782 0.095309533 -271.977630615 0.092279457 0.995441735 0.024091607 5.234688282 -0.092716500 0.032679703 -0.995156169 294.319519043
-0.991291761 0.087650232 0.098275937 -271.863372803 0.090191774 0.995687604 0.021715462 5.245835781 -0.095948793 0.030390039 -0.994922221 293.215942383
-0.990950823 0.088121280 0.101248816 -271.745880127 0.090687118 0.995657623 0.021015981 5.257852554 -0.098957218 0.030007767 -0.994639099 292.082611084
-0.990645170 0.088003434 0.104295693 -271.626953125 0.090670824 0.995657206 0.021106942 5.266011238 -0.101985291 0.030366071 -0.994322360 290.941497803
-0.990158319 0.089080699 0.107941285 -271.505004883 0.091799930 0.995566905 0.020480348 5.275787830 -0.105638370 0.030187786 -0.993946373 289.801788330
-0.989628315 0.090960421 0.111184642 -271.380584717 0.093626939 0.995426178 0.018990682 5.284057617 -0.108948700 0.029203594 -0.993618250 288.668518066
-0.989251137 0.090836726 0.114590175 -271.246002197 0.093498088 0.995455682 0.018057087 5.294076920 -0.112429202 0.028576957 -0.993248701 287.538787842
-0.988874555 0.090461046 0.118085131 -271.110778809 0.093270659 0.995469272 0.018476255 5.297349930 -0.115878753 0.029284576 -0.992831588 286.386413574
-0.988586545 0.088143878 0.122177310 -270.971160889 0.091062427 0.995673239 0.018502537 5.306835175 -0.120017789 0.029417124 -0.992335856 285.246765137
-0.988323390 0.087013744 0.125081703 -270.816101074 0.089998230 0.995771885 0.018400082 5.312436104 -0.122951798 0.029442362 -0.991975844 284.106567383
-0.988017023 0.085970588 0.128185377 -270.665252686 0.089007735 0.995865643 0.018145744 5.315187454 -0.126095414 0.029337795 -0.991584241 282.967681885
-0.987569332 0.085856378 0.131665006 -270.510284424 0.088949233 0.995877504 0.017780792 5.322928905 -0.129595608 0.029271264 -0.991134822 281.827819824
-0.987015605 0.086971976 0.135040954 -270.350433350 0.090088069 0.995786488 0.017126728 5.334384441 -0.132982403 0.029069927 -0.990692019 280.663543701
-0.986441731 0.087615147 0.138767228 -270.187561035 0.090906888 0.995704770 0.017551253 5.343452454 -0.136633441 0.029928189 -0.990169525 279.509216309
-0.985958993 0.087188087 0.142418608 -270.020935059 0.090770088 0.995693684 0.018838584 5.344644547 -0.140162796 0.031501427 -0.989627242 278.355957031
-0.985566437 0.086166292 0.145719782 -269.842132568 0.089948408 0.995754421 0.019555848 5.350512028 -0.143416047 0.032380845 -0.989132583 277.209106445
-0.985164225 0.084799811 0.149199754 -269.664886475 0.088696465 0.995864868 0.019647667 5.359158516 -0.146916687 0.032589667 -0.988611877 276.047821045
-0.984852076 0.082458384 0.152536049 -269.479095459 0.086231820 0.996107340 0.018278720 5.372653008 -0.150435075 0.031155296 -0.988128960 274.886505127
-0.984476805 0.080927931 0.155743167 -269.289550781 0.084567137 0.996274948 0.016873404 5.376073360 -0.153797463 0.029782234 -0.987653434 273.730407715
-0.984198809 0.078116260 0.158903942 -269.090423584 0.081524067 0.996558011 0.015031067 5.385658741 -0.157182813 0.027748052 -0.987179637 272.558166504
-0.983857095 0.075058140 0.162454575 -268.893432617 0.078502297 0.996802926 0.014877205 5.389996529 -0.160818547 0.027390098 -0.986603856 271.426910400
-0.983360291 0.072749570 0.166463077 -268.688812256 0.076479301 0.996941209 0.016097661 5.394578457 -0.164782777 0.028560786 -0.985916257 270.260986328
-0.982786298 0.071755670 0.170241818 -268.478790283 0.075820185 0.996968150 0.017486395 5.398651600 -0.168470919 0.030093160 -0.985247195 269.082611084
-0.981960535 0.071929589 0.174870253 -268.272277832 0.076094784 0.996951759 0.017222660 5.402556896 -0.173098385 0.030218683 -0.984440804 267.877258301
-0.981150687 0.071643114 0.179473117 -268.056762695 0.075711086 0.997002780 0.015910983 5.408304691 -0.177795306 0.029199176 -0.983634174 266.697387695
-0.980229318 0.072292000 0.184185341 -267.836486816 0.076259896 0.996981919 0.014541768 5.423884869 -0.182578146 0.028300222 -0.982783914 265.468231201
-0.979452968 0.071639732 0.188519448 -267.599456787 0.075864442 0.997000992 0.015281011 5.428771019 -0.186859354 0.029268950 -0.981950581 264.299316406
-0.978520334 0.070861004 0.193589106 -267.363525391 0.075970151 0.996927321 0.019087091 5.420360565 -0.191641763 0.033384100 -0.980897069 263.159637451
-0.977413833 0.069681168 0.199516490 -267.124877930 0.075475045 0.996914268 0.021573171 5.427238941 -0.197397619 0.036144432 -0.979656994 261.963500977
-0.976470947 0.067291789 0.204880998 -266.877258301 0.073245674 0.997079968 0.021607624 5.443092346 -0.202828690 0.036105867 -0.978548348 260.779541016
-0.975415051 0.066000648 0.210260227 -266.615814209 0.071858905 0.997207522 0.020336265 5.451272964 -0.208330855 0.034945369 -0.977433980 259.594940186
-0.974137425 0.066681191 0.215893120 -266.357177734 0.072196878 0.997232437 0.017754255 5.465152740 -0.214111745 0.032881893 -0.976255596 258.379638672
-0.972955048 0.066389054 0.221248493 -266.084991455 0.071576163 0.997314692 0.015501188 5.474902153 -0.219625250 0.030918075 -0.975094259 257.199584961
-0.971634746 0.066851519 0.226840779 -265.808166504 0.071899131 0.997312844 0.014053116 5.483779907 -0.225291774 0.029964155 -0.973830462 255.985122681
-0.970348239 0.066699594 0.232326314 -265.522155762 0.072145119 0.997281194 0.015011795 5.491490364 -0.230693370 0.031327877 -0.972522080 254.789566040
-0.969318628 0.063994654 0.237330794 -265.226318359 0.070037492 0.997397602 0.017109118 5.490815639 -0.235618293 0.033206243 -0.971278191 253.597412109
-0.968281507 0.061756805 0.242109403 -264.917999268 0.068515271 0.997457743 0.019587258 5.498843670 -0.240284279 0.035554171 -0.970051229 252.392974854
-0.967199445 0.059590384 0.246929467 -264.604736328 0.066864736 0.997537374 0.021171615 5.511113167 -0.245059773 0.036988042 -0.968802154 251.188262939
-0.965932608 0.060092200 0.251720607 -264.287139893 0.067540742 0.997494459 0.021047784 5.520344734 -0.249825135 0.037332136 -0.967571020 249.991073608
-0.964379907 0.062881969 0.256938308 -263.967559814 0.070038646 0.997367322 0.018788360 5.530555248 -0.255080432 0.036114734 -0.966245174 248.781158447
-0.962701321 0.066941887 0.262154430 -263.636383057 0.073955767 0.997117162 0.016968703 5.539436817 -0.260262728 0.035723623 -0.964876771 247.582000732
-0.960919201 0.069627248 0.267930150 -263.304016113 0.076975830 0.996887863 0.017008042 5.538331509 -0.265912116 0.036967490 -0.963288367 246.386932373
-0.959109247 0.071924374 0.273745179 -262.967773438 0.079600438 0.996681511 0.017022420 5.544628620 -0.271612495 0.038116593 -0.961651623 245.188949585
-0.957444072 0.072249308 0.279429764 -262.622009277 0.080425583 0.996600151 0.017891195 5.548142433 -0.277187109 0.039603118 -0.959999502 244.014434814
-0.956074893 0.071291670 0.284320801 -262.266448975 0.080386534 0.996554315 0.020432984 5.552283287 -0.281884402 0.042391025 -0.958511472 242.815872192
-0.954745770 0.071610101 0.288673878 -261.908477783 0.081141345 0.996477783 0.021170914 5.561017513 -0.286141008 0.043636221 -0.957193434 241.631881714
-0.953594029 0.073021702 0.292106599 -261.540252686 0.082093775 0.996445358 0.018904021 5.565966606 -0.289687872 0.042006895 -0.956198931 240.441390991
-0.952355504 0.076096959 0.295344472 -261.171142578 0.084030911 0.996361375 0.014245130 5.572174072 -0.293185830 0.038384490 -0.955284655 239.265991211
-0.951210439 0.076801799 0.298831612 -260.799774170 0.083470166 0.996464133 0.009595520 5.572374821 -0.297038049 0.034070879 -0.954257607 238.076812744
-0.949994147 0.078655288 0.302199483 -260.436553955 0.085521922 0.996290684 0.009536082 5.558039665 -0.300328463 0.034903906 -0.953197002 236.916336060
-0.948808312 0.078028254 0.306062728 -260.057800293 0.086359553 0.996169209 0.013753176 5.556125164 -0.303817093 0.039480571 -0.951912045 235.725082397
-0.947962344 0.076938167 0.308946580 -259.671447754 0.086261749 0.996133983 0.016611798 5.561189175 -0.306474090 0.042397629 -0.950934350 234.565612793
-0.946770132 0.076825745 0.312608778 -259.283233643 0.086495765 0.996104360 0.017162461 5.567203999 -0.310072392 0.043288235 -0.949726999 233.387329102
-0.945669949 0.076387577 0.316027284 -258.888549805 0.085692242 0.996199071 0.015629515 5.575007439 -0.313632190 0.041861448 -0.948621392 232.222213745
-0.944390595 0.076263480 0.319859862 -258.491363525 0.085581839 0.996215761 0.015155939 5.578749657 -0.317493647 0.041687317 -0.947343647 231.049926758
-0.943058074 0.077715956 0.323421717 -258.087280273 0.086805373 0.996130347 0.013750698 5.574911118 -0.321101516 0.041042451 -0.946155012 229.896408081
-0.941216886 0.079172716 0.328393608 -257.677520752 0.087475680 0.996110618 0.010562924 5.578756332 -0.326280057 0.038668457 -0.944481909 228.731430054
-0.939334631 0.081837721 0.333096087 -257.274597168 0.089737609 0.995930254 0.008372926 5.564616203 -0.331055135 0.037756227 -0.942855716 227.583999634
-0.937601507 0.082260653 0.337841064 -256.853973389 0.090315334 0.995879650 0.008163814 5.560506821 -0.335777462 0.038166631 -0.941167831 226.430480957
-0.935886502 0.081296690 0.342793018 -256.423339844 0.090419315 0.995846391 0.010686407 5.562654018 -0.340500414 0.040996380 -0.939350188 225.267135620
-0.934113443 0.080886558 0.347691447 -256.002197266 0.091836758 0.995659590 0.015100991 5.559688568 -0.344960839 0.046036884 -0.937487483 224.106033325
-0.932142973 0.082655460 0.352530211 -255.564910889 0.094910279 0.995330513 0.017588438 5.564236164 -0.349430233 0.049853675 -0.935635149 222.930572510
-0.930458963 0.084114388 0.356610388 -255.130233765 0.096527845 0.995183110 0.017122259 5.568206310 -0.353452355 0.050354391 -0.934096217 221.787826538
-0.928825796 0.086539254 0.360268891 -254.684326172 0.098434128 0.995034039 0.014762977 5.574365616 -0.357202232 0.049174983 -0.932731628 220.632690430
-0.927404583 0.088511504 0.363437116 -254.236633301 0.099271394 0.994999647 0.010994561 5.568333149 -0.360646665 0.046275318 -0.931553841 219.485321045
-0.926127434 0.087913834 0.366823375 -253.784393311 0.097199596 0.995241106 0.006880002 5.573178291 -0.364472836 0.042026836 -0.930265248 218.327316284
-0.925447464 0.085442476 0.369116038 -253.321731567 0.094751835 0.995475411 0.007130447 5.555951595 -0.366836637 0.041573271 -0.929355979 217.203247070
-0.924772739 0.081648372 0.371657163 -252.855545044 0.091694273 0.995742798 0.009405371 5.550291061 -0.369307011 0.042776663 -0.928322375 216.064163208
-0.924091876 0.079231463 0.373867065 -252.396453857 0.090045989 0.995871007 0.011518687 5.543423653 -0.371410757 0.044309560 -0.927410722 214.934249878
-0.923461556 0.078010239 0.375676960 -251.925643921 0.088886172 0.995973408 0.011677139 5.538030624 -0.373253316 0.044175871 -0.926677167 213.794586182
-0.922400117 0.078640975 0.378145099 -251.461090088 0.089060947 0.995974720 0.010116161 5.534957409 -0.375827432 0.043009110 -0.925691068 212.665954590
-0.921621501 0.077985182 0.380173951 -250.988159180 0.087560199 0.996127546 0.007928297 5.535005093 -0.378083497 0.040594988 -0.924881041 211.542205811
-0.920679748 0.078202769 0.382404596 -250.523178101 0.088045016 0.996082127 0.008276225 5.526710987 -0.380259186 0.041288570 -0.923957944 210.418731689
-0.919708788 0.077161185 0.384943843 -250.049789429 0.088429451 0.996014595 0.011626863 5.519879341 -0.382512510 0.044733703 -0.922866821 209.289291382
-0.918851316 0.075928092 0.387229979 -249.570083618 0.088366315 0.995984137 0.014390246 5.520574093 -0.384582281 0.047440588 -0.921870887 208.164077759
-0.917406797 0.076820716 0.390465468 -249.097244263 0.088814013 0.995967031 0.012722467 5.521846294 -0.387913316 0.046350483 -0.920529723 207.037414551
-0.916278839 0.077123836 0.393045753 -248.607421875 0.087806217 0.996094763 0.009241492 5.522249699 -0.390798092 0.042979650 -0.919472456 205.922409058
-0.915216386 0.076958485 0.395545721 -248.118698120 0.087041736 0.996175826 0.007578997 5.517216682 -0.393449754 0.041365404 -0.918415070 204.820480347
-0.913955152 0.076542228 0.398531437 -247.627441406 0.086230285 0.996254623 0.006411207 5.516980648 -0.396548033 0.040225029 -0.917132318 203.706680298
-0.912227333 0.076823674 0.402416974 -247.136947632 0.087426998 0.996138692 0.008017223 5.503048420 -0.400247157 0.042495638 -0.915421426 202.593215942
-0.910441875 0.075551786 0.406678617 -246.652465820 0.087373167 0.996119797 0.010547768 5.500672817 -0.404303730 0.045135919 -0.913510382 201.462829590
-0.908874750 0.073241703 0.410587817 -246.148513794 0.085677713 0.996251285 0.011941845 5.498131752 -0.408174008 0.046031855 -0.911742866 200.351272583
-0.907461643 0.070014097 0.414260209 -245.634582520 0.082199685 0.996547878 0.011636811 5.497650623 -0.412015378 0.044612024 -0.910084069 199.240005493
-0.906055689 0.066542074 0.417893946 -245.120040894 0.077883080 0.996911168 0.010121904 5.493689537 -0.415929556 0.041717872 -0.908439457 198.141372681
-0.904856443 0.064129673 0.420858592 -244.594284058 0.074414462 0.997194946 0.008042203 5.484957218 -0.419162333 0.038595006 -0.907090664 197.039916992
-0.903244257 0.061348055 0.424718767 -244.071777344 0.070599042 0.997486293 0.006061296 5.478612423 -0.423279285 0.035459571 -0.905305147 195.946273804
-0.901449203 0.061458007 0.428500086 -243.554382324 0.070609823 0.997488916 0.005478354 5.472027302 -0.427087456 0.035194770 -0.903525114 194.856719971
-0.899188399 0.061034907 0.433283865 -243.027984619 0.071322016 0.997425079 0.007510506 5.468234539 -0.431709826 0.037656039 -0.901226223 193.767120361
-0.896907508 0.058490112 0.438333035 -242.492034912 0.070393577 0.997459471 0.010939249 5.463508129 -0.436579466 0.040667333 -0.898746073 192.685440063
-0.894415438 0.057599604 0.443512470 -241.953109741 0.070908889 0.997391999 0.013466694 5.461558819 -0.441580027 0.043493800 -0.896166980 191.597686768
-0.891846776 0.056979876 0.448734552 -241.424545288 0.070252769 0.997444868 0.012970731 5.461432934 -0.446848869 0.043092750 -0.893570960 190.539825439
-0.889681101 0.057322469 0.452969819 -240.864944458 0.069992185 0.997484267 0.011242437 5.468037128 -0.451185793 0.041706540 -0.891454995 189.456283569
-0.887883782 0.056682523 0.456562728 -240.307022095 0.069061682 0.997557700 0.010457851 5.463631630 -0.454854846 0.040816341 -0.889629841 188.406097412
-0.885313869 0.056842647 0.461506754 -239.757553101 0.069287859 0.997546136 0.010050394 5.459398746 -0.459803045 0.040874563 -0.887079775 187.331039429
-0.882992268 0.056396212 0.465987325 -239.201965332 0.068575680 0.997603536 0.009207840 5.453984261 -0.464351296 0.040085848 -0.884743512 186.268905640
-0.881522059 0.054710045 0.468962640 -238.627487183 0.066032976 0.997787535 0.007720252 5.447273254 -0.467502743 0.037772570 -0.883184195 185.229171753
-0.879993021 0.053610172 0.471951574 -238.053451538 0.064824484 0.997868180 0.007520269 5.444258690 -0.470542401 0.037211802 -0.881592333 184.190475464
-0.877988994 0.052069470 0.475840449 -237.495925903 0.064394213 0.997878194 0.009621755 5.433472633 -0.474329829 0.039089173 -0.879478931 183.140701294
-0.875828862 0.051746476 0.479839832 -236.928375244 0.065571807 0.997774720 0.012083935 5.429072380 -0.478146732 0.042047430 -0.877272904 182.101867676
-0.873857915 0.053714722 0.483204991 -236.351638794 0.068493605 0.997567177 0.012975116 5.432071209 -0.481332511 0.044434860 -0.875411093 181.065628052
-0.871864140 0.056201730 0.486512482 -235.774673462 0.071391203 0.997367263 0.012722540 5.428901672 -0.484516621 0.045825042 -0.873580992 180.030441284
-0.869668722 0.058423910 0.490166396 -235.196853638 0.074139267 0.997167230 0.012685875 5.424055576 -0.488036752 0.047373086 -0.871536613 179.006530762
-0.867289901 0.060148325 0.494156092 -234.608459473 0.076880924 0.996947706 0.013585448 5.427264214 -0.491830587 0.049773704 -0.869267106 177.960784912
-0.865574121 0.059433237 0.497241557 -234.019714355 0.077119559 0.996907711 0.015089743 5.421786308 -0.494807035 0.051408339 -0.867480934 176.948394775
-0.863579571 0.062169101 0.500365257 -233.427413940 0.079138331 0.996782362 0.012737083 5.418669701 -0.497963369 0.050597556 -0.865720749 175.931335449
-0.861350417 0.063907728 0.503975451 -232.835510254 0.079031728 0.996834457 0.008668249 5.417946339 -0.501826108 0.047296446 -0.863674402 174.912277222
-0.859274209 0.063734986 0.507529080 -232.228790283 0.078390032 0.996894300 0.007529555 5.416945934 -0.505473018 0.046255168 -0.861601710 173.889846802
-0.857422531 0.060917001 0.510995030 -231.617019653 0.077160656 0.996962011 0.010621104 5.407705307 -0.508795857 0.048535489 -0.859518051 172.867477417
-0.855677307 0.058584247 0.514183164 -230.992370605 0.074249819 0.997189999 0.009946374 5.407424450 -0.512155652 0.046688896 -0.857622802 171.847534180
-0.853783071 0.058708359 0.517308235 -230.372222900 0.073431067 0.997268021 0.008014997 5.404652596 -0.515424371 0.044829559 -0.855761588 170.825653076
-0.851459622 0.056816641 0.521333337 -229.742736816 0.070376270 0.997501016 0.006229972 5.403289318 -0.519676507 0.041994061 -0.853330374 169.799530029
-0.849599361 0.058167487 0.524211228 -229.100646973 0.070849568 0.997478545 0.004145148 5.402762413 -0.522648335 0.040661868 -0.851578116 168.780792236
-0.847584546 0.061863843 0.527042091 -228.458480835 0.073153496 0.997320473 0.000579982 5.394869804 -0.525593996 0.039046552 -0.849839032 167.760437012
-0.844931424 0.064236701 0.531003475 -227.826004028 0.075586461 0.997139275 -0.000353212 5.379087925 -0.529506981 0.039838232 -0.847369790 166.741775513
-0.842087388 0.066753790 0.535194278 -227.174621582 0.079509899 0.996833682 0.000769501 5.369416714 -0.533448398 0.043201223 -0.844728708 165.708999634
-0.839002132 0.069029778 0.539731681 -226.522262573 0.082673088 0.996576130 0.001055066 5.353492260 -0.537810981 0.045506489 -0.841836333 164.672363281
-0.836356640 0.070538998 0.543628395 -225.854156494 0.083886504 0.996475279 -0.000241603 5.341466904 -0.541729331 0.045401014 -0.839326024 163.648406982
-0.834021270 0.071337484 0.547100902 -225.189331055 0.083348766 0.996516347 -0.002877541 5.325211048 -0.545400262 0.043200262 -0.837061584 162.634552002
-0.831531227 0.071169704 0.550899863 -224.510665894 0.083473265 0.996506214 -0.002741737 5.307374954 -0.549170256 0.043705579 -0.834566712 161.612289429
-0.829216659 0.067602135 0.554823995 -223.821762085 0.081300601 0.996689618 0.000067542 5.289791584 -0.552982748 0.045163538 -0.831967711 160.592437744
-0.826591015 0.066840805 0.558819771 -223.135421753 0.082332708 0.996601462 0.002580092 5.277962208 -0.556748271 0.048141815 -0.829285085 159.581283569
-0.824306071 0.064659275 0.562439859 -222.430892944 0.079646595 0.996820927 0.002132555 5.260519505 -0.560514033 0.046554301 -0.826835334 158.561599731
-0.822214901 0.062531762 0.565731704 -221.724594116 0.075963780 0.997110486 0.000189953 5.251101017 -0.564085126 0.043131292 -0.824589372 157.552932739
-0.820157051 0.059192423 0.569068134 -221.025253296 0.071281172 0.997455716 -0.001019323 5.231480598 -0.567680538 0.039727837 -0.822289705 156.559295654
-0.818013847 0.055920836 0.572473705 -220.317855835 0.068745404 0.997633874 0.000779403 5.213202477 -0.571075499 0.039992500 -0.819922745 155.560455322
-0.815847874 0.054801803 0.575663924 -219.606857300 0.068417363 0.997654796 0.001988793 5.196689606 -0.574204922 0.041007962 -0.817683995 154.555801392
-0.813444436 0.053481583 0.579178512 -218.901046753 0.066909440 0.997757435 0.001839633 5.182829380 -0.577781260 0.040248960 -0.815198660 153.569961548
-0.811040819 0.054154128 0.582477570 -218.184432983 0.068107575 0.997675836 0.002076952 5.172451019 -0.581011295 0.041355640 -0.812844157 152.577590942
-0.808757365 0.051485442 0.585884631 -217.466049194 0.066257700 0.997795463 0.003779716 5.164172173 -0.584398389 0.041876253 -0.810385704 151.588867188
-0.807109356 0.047892917 0.588456213 -216.739151001 0.062811948 0.998013198 0.004925338 5.145254135 -0.587051213 0.040937368 -0.808514059 150.612609863
-0.805202007 0.045547012 0.591248751 -216.005859375 0.059036314 0.998249769 0.003499152 5.141206264 -0.590054572 0.037722677 -0.806481659 149.629104614
-0.803084671 0.044726688 0.594183922 -215.279235840 0.059136238 0.998238504 0.004785563 5.123369694 -0.592923224 0.038981013 -0.804314971 148.649841309
-0.800534666 0.044594418 0.597624958 -214.551971436 0.059634782 0.998205721 0.005396883 5.110150337 -0.596311927 0.039959621 -0.801757753 147.674453735
-0.798112571 0.048056100 0.600588977 -213.820999146 0.060826205 0.998147845 0.000964148 5.096638680 -0.599430263 0.037301037 -0.799557388 146.705352783
-0.795945585 0.050041709 0.603296340 -213.094589233 0.059796404 0.998203099 -0.003907016 5.079787731 -0.602407753 0.032965191 -0.797507524 145.757827759
-0.794178486 0.048921615 0.605712175 -212.360763550 0.057486989 0.998332441 -0.005258452 5.063981056 -0.604959428 0.030644424 -0.795666397 144.813919067
-0.792165816 0.046547759 0.608528256 -211.616195679 0.057446633 0.998347282 -0.001583444 5.043468952 -0.607596278 0.033703540 -0.793530643 143.844070435
-0.789887607 0.044988062 0.611599267 -210.878753662 0.057624973 0.998337805 0.000987519 5.028466702 -0.610538304 0.036023416 -0.791167080 142.900695801
-0.787092090 0.046414297 0.615086734 -210.136062622 0.059773833 0.998211265 0.001164448 5.007562637 -0.613932490 0.037682619 -0.788458526 141.954666138
-0.783698440 0.047795445 0.619299889 -209.396804810 0.060576241 0.998163581 -0.000378106 4.992657661 -0.618180573 0.037218537 -0.785154462 141.017120361
-0.780335307 0.048208423 0.623500466 -208.649322510 0.061122466 0.998130083 -0.000677247 4.971340179 -0.622367144 0.037581403 -0.781822681 140.084976196
-0.777481556 0.044408690 0.627335966 -207.894851685 0.058333386 0.998295844 0.001626109 4.957213402 -0.626194656 0.037858903 -0.778747022 139.156738281
-0.774992108 0.042994056 0.630506694 -207.137802124 0.059387986 0.998222768 0.004928686 4.946624279 -0.629174292 0.041264214 -0.776168168 138.231689453
-0.771760702 0.042662662 0.634480298 -206.372055054 0.060379066 0.998155475 0.006326796 4.939155102 -0.633040071 0.043192100 -0.772913218 137.300613403
-0.768317759 0.047654800 0.638292134 -205.617568970 0.066079564 0.997801602 0.005044803 4.932564735 -0.636648536 0.046054073 -0.769777656 136.381729126
-0.764762521 0.049557369 0.642403543 -204.852752686 0.067767076 0.997694194 0.003708902 4.926743031 -0.640738547 0.046370234 -0.766357541 135.470474243
-0.761375189 0.048318774 0.646508396 -204.081024170 0.068277039 0.997649252 0.005845635 4.913152695 -0.644706190 0.048592407 -0.762884438 134.554748535
-0.758341849 0.044859949 0.650311649 -203.289916992 0.065765709 0.997804105 0.007859993 4.908256054 -0.648531020 0.048728764 -0.759626865 133.646911621
-0.755329669 0.042530753 0.653963387 -202.499954224 0.062925681 0.997987926 0.007774839 4.902455807 -0.652316928 0.047023669 -0.756486237 132.743804932
-0.752186000 0.045813367 0.657356322 -201.704544067 0.065589070 0.997831464 0.005508668 4.897215366 -0.655678451 0.047258936 -0.753559709 131.832305908
-0.749096990 0.049639285 0.660597920 -200.910873413 0.067438349 0.997722387 0.001501128 4.892518044 -0.659018695 0.045674119 -0.750738442 130.932022095
-0.745958686 0.052719586 0.663902342 -200.112747192 0.069761410 0.997563362 -0.000831468 4.873805523 -0.662328482 0.045694508 -0.747818887 130.027572632
-0.743161261 0.053785969 0.666947067 -199.298736572 0.071619377 0.997431993 -0.000634370 4.859488487 -0.665268362 0.047294896 -0.745104849 129.115646362
-0.740794003 0.052962337 0.669641137 -198.477203369 0.071278669 0.997456551 -0.000037058 4.846185207 -0.667939842 0.047703676 -0.742684841 128.208831787
-0.738083303 0.052312091 0.672678471 -197.657058716 0.071016036 0.997475266 0.000350466 4.834838390 -0.670961678 0.048029643 -0.739934742 127.301513672
-0.735684156 0.051630642 0.675354004 -196.828369141 0.072035760 0.997399688 0.002219862 4.818922997 -0.673483193 0.050282765 -0.737490356 126.402000427
-0.732567608 0.052289411 0.678682864 -195.988662720 0.073800176 0.997269034 0.002824604 4.807953835 -0.676681876 0.052156128 -0.734426022 125.489181519
-0.729624212 0.055380814 0.681602180 -195.148742676 0.076573901 0.997063398 0.000956541 4.796663761 -0.679547787 0.052890852 -0.731722295 124.582618713
-0.726212621 0.058999822 0.684933722 -194.309646606 0.076897271 0.997029543 -0.004351937 4.782109737 -0.683155775 0.049509093 -0.728592575 123.691856384
-0.723452985 0.058766186 0.687867939 -193.448791504 0.074741535 0.997181177 -0.006583455 4.770039558 -0.686315775 0.046649486 -0.725806057 122.788406372
-0.720228016 0.057604000 0.691341698 -192.588607788 0.073211208 0.997293115 -0.006826308 4.744521618 -0.689863563 0.045697466 -0.722495615 121.891960144
-0.717854083 0.054317724 0.694071472 -191.710311890 0.068699494 0.997612715 -0.007019229 4.724463463 -0.692795753 0.042643577 -0.719871879 120.995452881
-0.714994371 0.053661793 0.697067857 -190.846878052 0.066393711 0.997755527 -0.008708213 4.704097271 -0.695970535 0.040054608 -0.716952384 120.117301941
-0.712095737 0.052160215 0.700142145 -189.972656250 0.065128647 0.997844040 -0.008098249 4.681987762 -0.699055016 0.039832581 -0.713957548 119.237983704
-0.708741069 0.051232241 0.703606009 -189.094314575 0.065718800 0.997817278 -0.006456460 4.654799938 -0.702400982 0.041664187 -0.710561037 118.352104187
-0.705793917 0.049503747 0.706685483 -188.202056885 0.065608740 0.997835815 -0.004373053 4.635517597 -0.705372572 0.043278266 -0.707514346 117.467636108
-0.702678382 0.049239665 0.709801793 -187.304473877 0.064629935 0.997895420 -0.005243692 4.612763882 -0.708566189 0.042189814 -0.704382002 116.575645447
-0.699645162 0.049710464 0.712759078 -186.402114868 0.064950094 0.997871399 -0.005840168 4.593940258 -0.711532295 0.042207722 -0.701384604 115.697517395
-0.695891201 0.048084807 0.716535568 -185.508056641 0.063891821 0.997944713 -0.004918430 4.576945782 -0.715299547 0.042358067 -0.697533131 114.814216614
-0.692828953 0.046925034 0.719573438 -184.583862305 0.064371549 0.997921348 -0.003097672 4.549803257 -0.718223035 0.044173907 -0.694409311 113.935585022
-0.689308405 0.048005406 0.722875655 -183.667098999 0.063236274 0.997980654 -0.005974984 4.531312466 -0.721702874 0.041593350 -0.690952301 113.067054749
-0.685705662 0.050514195 0.726123989 -182.757232666 0.064521998 0.997880161 -0.008488923 4.511312485 -0.725013554 0.041030068 -0.687511384 112.197235107
-0.682382524 0.051584076 0.729172826 -181.825744629 0.065731242 0.997796178 -0.009074030 4.476774693 -0.728033960 0.041737478 -0.684269369 111.323371887
-0.679091692 0.050669942 0.732302547 -180.883102417 0.066991985 0.997729719 -0.006911343 4.455016136 -0.730990052 0.044364966 -0.680944443 110.446502686
-0.676525891 0.046471450 0.734951019 -179.915786743 0.063855432 0.997949898 -0.004321808 4.442127705 -0.733645022 0.044006802 -0.678106427 109.578712463
-0.673484981 0.043410081 0.737925172 -178.985549927 0.061539367 0.998101413 -0.002550161 4.415010452 -0.736634851 0.043693949 -0.674877703 108.720909119
-0.670521259 0.041387338 0.740734994 -178.023880005 0.056432709 0.998395264 -0.004700195 4.397055626 -0.739740849 0.038650095 -0.671780884 107.852210999
-0.668641627 0.040081784 0.742503643 -177.066986084 0.052276455 0.998609304 -0.006830703 4.371026993 -0.741744816 0.034248173 -0.669807136 107.004234314
-0.666635871 0.038677841 0.744379282 -176.094009399 0.048971508 0.998767793 -0.008038932 4.347989559 -0.743772984 0.031094339 -0.667708695 106.147453308
-0.664600790 0.037841454 0.746239841 -175.119049072 0.048467379 0.998796701 -0.007483463 4.321616650 -0.745625019 0.031194782 -0.665635228 105.284317017
-0.662624300 0.037905652 0.747992039 -174.142517090 0.048505746 0.998793602 -0.007645584 4.301616192 -0.747379482 0.031215766 -0.663663626 104.422737122
-0.661215663 0.037932128 0.749236226 -173.173095703 0.050233994 0.998718083 -0.006230344 4.273120880 -0.748512149 0.033517528 -0.662273467 103.568489075
-0.659894645 0.037844107 0.750404537 -172.187957764 0.051539563 0.998658240 -0.005040818 4.248762131 -0.749588430 0.035349112 -0.660959661 102.710235596
-0.658627748 0.036755990 0.751570702 -171.207565308 0.050492965 0.998713732 -0.004593910 4.232079029 -0.750772953 0.034923356 -0.659636557 101.857154846
-0.657042027 0.033409033 0.753113270 -170.210525513 0.046128698 0.998927236 -0.004069375 4.212452888 -0.752441406 0.032066386 -0.657878280 100.989974976
-0.656597078 0.032800209 0.753527999 -169.220077515 0.044435248 0.999000907 -0.004766090 4.191374302 -0.752931535 0.030353805 -0.657398403 100.146362305
-0.656130850 0.031580452 0.753986120 -168.228103638 0.039012671 0.999207437 -0.007902008 4.170500755 -0.753638148 0.024230262 -0.656842709 99.299942017
-0.654997766 0.030079603 0.755032063 -167.233474731 0.037858266 0.999258876 -0.006966902 4.145228863 -0.754681885 0.024020897 -0.655650973 98.439384460
-0.654325366 0.025748033 0.755774796 -166.233612061 0.035774879 0.999355137 -0.003073704 4.122357845 -0.755366564 0.025026547 -0.654824495 97.587623596
-0.654318571 0.021332545 0.755918205 -165.228958130 0.033054668 0.999453485 0.000406644 4.105531693 -0.755496383 0.025252696 -0.654666066 96.730140686
-0.654777765 0.016820712 0.755634308 -164.222015381 0.028754458 0.999582946 0.002665419 4.092209816 -0.755274355 0.023473108 -0.654988289 95.874015808
-0.656181395 0.014923448 0.754455626 -163.233093262 0.026546447 0.999642134 0.003315209 4.073732853 -0.754136205 0.022203496 -0.656342626 95.035560608
-0.657718539 0.020365248 0.752988398 -162.242996216 0.032358777 0.999475598 0.001232956 4.058975220 -0.752568364 0.025176719 -0.658032537 94.171890259
-0.658232689 0.027896620 0.752297461 -161.248550415 0.039813820 0.999204636 -0.002216776 4.046784401 -0.751761079 0.028492680 -0.658819914 93.300994873
-0.658545434 0.035692059 0.751694202 -160.262451172 0.051762469 0.998657346 -0.002070259 4.028319836 -0.750758827 0.037546188 -0.659508646 92.419837952
-0.658747733 0.039773218 0.751311898 -159.274230957 0.059145845 0.998248875 -0.000986781 4.011709690 -0.750035524 0.043786928 -0.659946620 91.535087585
-0.659990251 0.042883132 0.750049114 -158.315567017 0.064182296 0.997938097 -0.000579981 3.985861540 -0.748527467 0.047757100 -0.661381781 90.676414490
-0.661428750 0.045333114 0.748636603 -157.336257935 0.066481009 0.997786343 -0.001683468 3.967209101 -0.747055650 0.048656631 -0.662978351 89.810539246
-0.662402630 0.042753220 0.747926950 -156.350509644 0.063584805 0.997976363 -0.000732620 3.949396133 -0.746444643 0.047071505 -0.663780689 88.938964844
-0.663896501 0.039385211 0.746786594 -155.386886597 0.060795389 0.998149395 0.001405399 3.930472851 -0.745349169 0.046334222 -0.665062249 88.095199585
-0.665242374 0.038659915 0.745625913 -154.402481079 0.057295352 0.998357058 -0.000645226 3.913397789 -0.744425893 0.042291667 -0.666364551 87.235748291
-0.666098952 0.038214710 0.744883657 -153.430557251 0.054556817 0.998507738 -0.002439897 3.896637678 -0.743865311 0.039013274 -0.667189896 86.370567322
-0.666664183 0.037995879 0.744389057 -152.450424194 0.051957436 0.998639464 -0.004441255 3.877802849 -0.743544996 0.035715725 -0.667731404 85.508018494
-0.666581333 0.040591855 0.744326174 -151.482116699 0.054249223 0.998510182 -0.005870890 3.852851868 -0.743455708 0.036465693 -0.667790353 84.635086060
-0.666897714 0.043572139 0.743874311 -150.540420532 0.054766636 0.998455226 -0.009384755 3.824215889 -0.743133962 0.034480829 -0.668253660 83.791099548
-0.667098403 0.047240697 0.743470311 -149.581085205 0.058236174 0.998240352 -0.011175038 3.794950247 -0.742689908 0.035842020 -0.668675542 82.937286377
-0.666611195 0.049034629 0.743790984 -148.620010376 0.061770853 0.998035848 -0.010434619 3.758019924 -0.742841840 0.038988769 -0.668330848 82.064521790
-0.665704072 0.050031669 0.744536698 -147.658966064 0.066451162 0.997760475 -0.007632690 3.727917671 -0.743251145 0.044394210 -0.667537928 81.196350098
-0.664937556 0.050471984 0.745191634 -146.699111938 0.070029967 0.997531950 -0.005075025 3.703303576 -0.743608654 0.048811164 -0.666831076 80.332847595
-0.664402187 0.052042656 0.745561063 -145.729507446 0.072015941 0.997388661 -0.005444510 3.678963423 -0.743897498 0.050074928 -0.666415095 79.475730896
-0.663020313 0.054219957 0.746635318 -144.739471436 0.073271722 0.997284830 -0.007355811 3.661545277 -0.745006979 0.049830191 -0.665192962 78.583839417
-0.662323236 0.052725554 0.747360706 -143.804901123 0.071800910 0.997396290 -0.006734170 3.636024237 -0.745769739 0.049200974 -0.664384663 77.758117676
-0.662043095 0.049662177 0.747818589 -142.821472168 0.069023214 0.997601867 -0.005143943 3.616837978 -0.746280611 0.048211325 -0.663883328 76.893493652
-0.661911845 0.045732465 0.748185337 -141.855529785 0.066862240 0.997760534 -0.001835299 3.590890646 -0.746593714 0.048810542 -0.663487315 76.044036865
-0.661581635 0.044351690 0.748560369 -140.885620117 0.065193847 0.997871518 -0.001504524 3.570997238 -0.747033775 0.047806166 -0.663064957 75.192237854
-0.661542773 0.044432681 0.748590052 -139.893981934 0.064279303 0.997929037 -0.002427435 3.551178694 -0.747147560 0.046513002 -0.663028717 74.325172424
-0.661408067 0.046575807 0.748578787 -138.919403076 0.065100998 0.997868180 -0.004566249 3.528307676 -0.747195601 0.045713067 -0.663030267 73.465194702
-0.661523640 0.047825202 0.748397708 -137.947265625 0.065224908 0.997851849 -0.006112591 3.511389017 -0.747082472 0.044770546 -0.663221955 72.607597351
-0.661720872 0.048763655 0.748162806 -136.973678589 0.066068031 0.997793376 -0.006599436 3.490042925 -0.746833682 0.045062661 -0.663482368 71.746139526
-0.661491334 0.047675572 0.748435736 -136.001388550 0.066408493 0.997780681 -0.004864972 3.470905781 -0.747006714 0.046484362 -0.663189352 70.886604309
-0.661390185 0.046182681 0.748618841 -135.024276733 0.065120302 0.997869372 -0.004026535 3.448530197 -0.747209847 0.046087183 -0.662988305 70.025901794
-0.661827266 0.046525422 0.748211205 -134.051956177 0.064846925 0.997884214 -0.004690553 3.420836687 -0.746846437 0.045414861 -0.663444042 69.166336060
-0.662196755 0.047560588 0.747819066 -133.070587158 0.063492469 0.997956038 -0.007246238 3.398311138 -0.746635377 0.042682447 -0.663863003 68.309364319
-0.662348747 0.048719916 0.747609854 -132.097686768 0.061481174 0.998052299 -0.010571085 3.368479252 -0.746668756 0.038962189 -0.664054036 67.454025269
-0.662318707 0.049579076 0.747580051 -131.124969482 0.062548056 0.997983992 -0.010771246 3.331417561 -0.746606886 0.039625689 -0.664084375 66.593925476
-0.662364841 0.049024012 0.747575641 -130.154296875 0.061372664 0.998053551 -0.011072449 3.313087940 -0.746663392 0.038546719 -0.664084256 65.732955933
-0.662340045 0.047674198 0.747684956 -129.179473877 0.061525866 0.998063743 -0.009135982 3.283019543 -0.746672750 0.039950844 -0.663990796 64.874176025
-0.662314057 0.045133974 0.747865558 -128.202316284 0.060257468 0.998159230 -0.006874920 3.258184910 -0.746799171 0.040511131 -0.663814664 64.009101868
-0.662790895 0.042402823 0.747602999 -127.256797791 0.059673842 0.998211026 -0.003712786 3.220466852 -0.746422946 0.042151548 -0.664135516 63.180992126
-0.663133323 0.037848976 0.747543752 -126.278755188 0.056780472 0.998386621 -0.000180439 3.196515560 -0.746344507 0.042326238 -0.664212525 62.324871063
-0.663352549 0.034395192 0.747516155 -125.305427551 0.053313322 0.998576939 0.001363563 3.173212051 -0.746405542 0.040757094 -0.664242208 61.466205597
-0.663697362 0.032831438 0.747280300 -124.336380005 0.048724785 0.998812079 -0.000607437 3.155864239 -0.746412635 0.036007918 -0.664508581 60.623794556
-0.663713932 0.032803405 0.747266769 -123.367797852 0.045476619 0.998959422 -0.003460346 3.144492865 -0.746602774 0.031686489 -0.664515138 59.763301849
-0.663874149 0.032413144 0.747141659 -122.401290894 0.042566817 0.999078333 -0.005520058 3.125819921 -0.746631920 0.028138809 -0.664642096 58.912776947
-0.663517773 0.031437844 0.747499764 -121.432723999 0.039848510 0.999183595 -0.006651484 3.101953506 -0.747098565 0.025373369 -0.664228857 58.061511993
-0.663731039 0.030875986 0.747333765 -120.467422485 0.039028440 0.999216199 -0.006620062 3.074754477 -0.746952415 0.024773337 -0.664415777 57.214771271
-0.663884640 0.029781347 0.747241795 -119.503898621 0.038713291 0.999235570 -0.005429863 3.051523685 -0.746832311 0.025323391 -0.664530039 56.363391876
-0.663640201 0.027073972 0.747561753 -118.541831970 0.037803520 0.999281764 -0.002630672 3.027679205 -0.747096002 0.026514648 -0.664187014 55.511745453
-0.663483799 0.026221409 0.747730970 -117.573432922 0.038183883 0.999270082 -0.001160688 3.004864931 -0.747215629 0.027781174 -0.664000690 54.654705048
-0.663263202 0.027981799 0.747862935 -116.610862732 0.038862173 0.999240220 -0.002921256 2.983858109 -0.747376680 0.027126012 -0.663846731 53.806034088
-0.662367523 0.031639386 0.748510718 -115.658195496 0.041579701 0.999120295 -0.005438155 2.982466459 -0.748024523 0.027520789 -0.663100421 52.932037354
-0.662273586 0.034329705 0.748475134 -114.686996460 0.044296954 0.998996437 -0.006624864 2.939082146 -0.747951448 0.028767701 -0.663129747 52.092823029
-0.662286878 0.037365131 0.748318076 -113.716979980 0.047440860 0.998842895 -0.007887607 2.914571524 -0.747747004 0.030276997 -0.663293183 51.241714478
-0.661326051 0.039807566 0.749041438 -112.751411438 0.048744693 0.998760760 -0.010042301 2.894660473 -0.748512924 0.029870559 -0.662447035 50.378765106
-0.661405087 0.038167022 0.749057174 -111.779388428 0.049645945 0.998741984 -0.007052769 2.863339424 -0.748383999 0.032522913 -0.662467957 49.532032013
-0.660909355 0.033149492 0.749733269 -110.801872253 0.048507627 0.998821855 -0.001402212 2.848743439 -0.748896420 0.035441052 -0.661738694 48.664127350
-0.660840452 0.030569313 0.749903679 -109.821777344 0.048445880 0.998823822 0.001975773 2.834415674 -0.748961270 0.037635416 -0.661544204 47.810146332
-0.660336912 0.031696144 0.750300348 -108.859237671 0.050186068 0.998737931 0.001977296 2.815991879 -0.749290705 0.038960297 -0.661094248 46.961540222
-0.660383224 0.036196172 0.750055969 -107.884803772 0.052790809 0.998604119 -0.001711183 2.802107573 -0.749070823 0.038466025 -0.661372244 46.111389160
-0.659351110 0.038858406 0.750830293 -106.919418335 0.054747302 0.998493731 -0.003598930 2.784794092 -0.749839246 0.038732968 -0.660485387 45.246223450
-0.658866286 0.039164241 0.751239896 -105.947814941 0.056101061 0.998421073 -0.002847702 2.769799471 -0.750165284 0.040269095 -0.660023153 44.393272400
-0.658715248 0.038244314 0.751419723 -104.958068848 0.059031330 0.998255610 0.000941200 2.752476692 -0.750073016 0.044977296 -0.659823895 43.532348633
-0.658183694 0.037518464 0.751921952 -103.986595154 0.061722644 0.998084307 0.004226836 2.735349417 -0.750322938 0.049192652 -0.659238636 42.679164886
-0.657170415 0.040205453 0.752668977 -103.001022339 0.064711384 0.997898996 0.003195866 2.724846840 -0.750959098 0.050806485 -0.658391416 41.811664581
-0.656860411 0.045417570 0.752643108 -102.020141602 0.065315016 0.997859538 -0.003212027 2.714933872 -0.751177967 0.047049038 -0.658420920 40.960571289
-0.656588256 0.049708873 0.752609372 -101.045600891 0.065028615 0.997841239 -0.009174135 2.694421768 -0.751440763 0.042917516 -0.658403337 40.103668213
-0.656810403 0.048200347 0.752513766 -100.057510376 0.061185405 0.998070896 -0.010524937 2.672071934 -0.751569450 0.039129972 -0.658492506 39.249790192
-0.657094717 0.045043632 0.752461016 -99.069900513 0.060510114 0.998143613 -0.006909510 2.642647266 -0.751375437 0.040991295 -0.658600509 38.388435364
-0.657557130 0.042838074 0.752185822 -98.082321167 0.060736362 0.998146713 -0.003750472 2.622454405 -0.750952482 0.043218881 -0.658940434 37.532394409
-0.657319188 0.045939535 0.752210736 -97.111663818 0.063943662 0.997940660 -0.005069757 2.594279766 -0.750894606 0.044766676 -0.658903003 36.671344757
-0.657206416 0.050411761 0.752022862 -96.126815796 0.067075118 0.997713685 -0.008263456 2.568842411 -0.750720084 0.045011230 -0.659085214 35.810829163
-0.656616390 0.053597555 0.752317905 -95.156501770 0.069894485 0.997503638 -0.010062089 2.547710896 -0.750979125 0.045975942 -0.658723414 34.944660187
-0.656746447 0.052579343 0.752276242 -94.166183472 0.068502113 0.997601628 -0.009922844 2.516561508 -0.750993669 0.045015715 -0.658773124 34.079273224
-0.657541513 0.050712384 0.751709640 -93.165267944 0.065955974 0.997776031 -0.009619160 2.491708994 -0.750525832 0.043254748 -0.659424067 33.215827942
-0.657949984 0.046412703 0.751629949 -92.169845581 0.064074732 0.997929752 -0.005532837 2.465369463 -0.750330806 0.044520155 -0.659561753 32.347694397
-0.657978296 0.042936202 0.751811802 -91.161979675 0.063733287 0.997966111 -0.001215412 2.443424940 -0.750334978 0.047115717 -0.659376621 31.466499329
-0.657786548 0.043026183 0.751974463 -90.194175720 0.063820831 0.997960508 -0.001273911 2.427156925 -0.750495732 0.047153682 -0.659190953 30.605861664
-0.657989502 0.045396697 0.751657486 -89.202293396 0.062531322 0.998027563 -0.005537377 2.410830259 -0.750426412 0.043358598 -0.659530342 29.753532410
-0.657701671 0.045767561 0.751886845 -88.210319519 0.061430302 0.998086870 -0.007018579 2.381349087 -0.750769556 0.041572511 -0.659254789 28.881406784
-0.657411575 0.044533938 0.752214611 -87.211318970 0.060194645 0.998165727 -0.006486957 2.361221075 -0.751123667 0.041014694 -0.658886373 28.015466690
-0.657298744 0.043981723 0.752345741 -86.229850769 0.060610328 0.998146951 -0.005397962 2.336471796 -0.751188934 0.042051848 -0.658746302 27.159084320
-0.656722724 0.043744110 0.752862334 -85.234924316 0.061692324 0.998086572 -0.004178261 2.313754797 -0.751604557 0.043701869 -0.658164680 26.291814804
-0.656454980 0.041890766 0.753201187 -84.237380981 0.060748246 0.998149812 -0.002568727 2.283291101 -0.751915216 0.044069394 -0.657785177 25.427984238
-0.656149924 0.041644000 0.753480732 -83.233634949 0.060513936 0.998164237 -0.002470320 2.259941339 -0.752200425 0.043975182 -0.657465398 24.556301117
-0.656069040 0.040921431 0.753590703 -82.257553101 0.058689062 0.998271406 -0.003113933 2.233354092 -0.752415478 0.042184569 -0.657336593 23.706918716
-0.655484259 0.039164361 0.754192710 -81.262344360 0.055805318 0.998436034 -0.003346106 2.208561420 -0.753144205 0.039894637 -0.656644642 22.841293335
-0.655616999 0.038354989 0.754118800 -80.255035400 0.054635659 0.998501003 -0.003285201 2.190578699 -0.753114402 0.039047953 -0.656729639 21.976713181
-0.655418515 0.035485845 0.754431784 -79.266395569 0.052378394 0.998626292 -0.001467775 2.166507483 -0.753447473 0.038553920 -0.656376719 21.122657776
-0.655677378 0.033304263 0.754306197 -78.265243530 0.050850663 0.998706281 0.000106656 2.147619963 -0.753326833 0.038426898 -0.656522751 20.262752533
-0.655496478 0.031442225 0.754543364 -77.279174805 0.050116543 0.998741627 0.001919787 2.131688595 -0.753533483 0.039073519 -0.656247377 19.413667679
-0.655354977 0.029371744 0.754749835 -76.297012329 0.047709879 0.998857975 0.002555412 2.114829063 -0.753812909 0.037683718 -0.656007767 18.570186615
-0.655340910 0.028004494 0.754813910 -75.306732178 0.045381490 0.998966992 0.002338034 2.102769375 -0.753968775 0.035786785 -0.655934811 17.723403931
-0.655770421 0.027008004 0.754477024 -74.322692871 0.044768918 0.998992443 0.003150990 2.084591866 -0.753631711 0.035843454 -0.656318843 16.874193192
-0.656265557 0.026674857 0.754058361 -73.340499878 0.045276590 0.998966157 0.004066246 2.075003147 -0.753170371 0.036809728 -0.656794846 16.025932312
-0.657248974 0.027882133 0.753157616 -72.359909058 0.046833608 0.998895168 0.003890310 2.054964542 -0.752217054 0.037829991 -0.657828629 15.186424255
-0.657444239 0.030857217 0.752871215 -71.396438599 0.049743880 0.998758852 0.002503625 2.045463562 -0.751859486 0.039096724 -0.658163309 14.321691513
-0.658283055 0.034663498 0.751972020 -70.431419373 0.054021429 0.998539031 0.001261404 2.032093287 -0.750829577 0.041452967 -0.659193873 13.474810600
-0.659499645 0.037138116 0.750786960 -69.474342346 0.056465559 0.998404503 0.000213309 2.010461807 -0.749581158 0.042534277 -0.660544455 12.640748024
-0.659933031 0.039842013 0.750267327 -68.517875671 0.059981212 0.998199463 -0.000248835 1.993444324 -0.748926342 0.044837728 -0.661134601 11.782601357
-0.660998583 0.040613178 0.749287307 -67.552085876 0.063300185 0.997993052 0.001747885 1.975865245 -0.747712493 0.048585374 -0.662242889 10.932698250
-0.661895156 0.038309626 0.748616934 -66.595863342 0.063594043 0.997962654 0.005157510 1.954398990 -0.746894181 0.051021311 -0.662982762 10.085211754
-0.663490355 0.038961090 0.747169673 -65.638648987 0.065266237 0.997850299 0.005923920 1.941367149 -0.745332778 0.052695412 -0.664606929 9.249444962
-0.664394855 0.042036042 0.746198654 -64.698104858 0.066548802 0.997778475 0.003044776 1.928952336 -0.744413137 0.051681560 -0.665716231 8.412044525
-0.665356576 0.047521770 0.745011628 -63.745742798 0.067713916 0.997699797 -0.003165811 1.917031169 -0.743448377 0.048341263 -0.667043984 7.571472645
-0.665605783 0.051291339 0.744538903 -62.817985535 0.069675766 0.997548878 -0.006432225 1.893375754 -0.743043959 0.047594987 -0.667548120 6.726853848
-0.665976405 0.051824480 0.744170487 -61.878204346 0.071468458 0.997427583 -0.005502611 1.871590495 -0.742541492 0.049520105 -0.667967141 5.884900093
-0.665986538 0.050519377 0.744251251 -60.955127716 0.073330529 0.997305512 -0.002077403 1.848472953 -0.742350757 0.053192813 -0.667896628 5.038786888
-0.666597128 0.050283335 0.743720412 -60.028797150 0.073567279 0.997289181 -0.001488844 1.831903100 -0.741779089 0.053721029 -0.668489277 4.220143318
-0.666626930 0.049662467 0.743735313 -59.097412109 0.073271483 0.997311532 -0.000919971 1.809441805 -0.741781533 0.053881299 -0.668473661 3.377947807
-0.667109072 0.047923237 0.743417084 -58.173625946 0.072666846 0.997355819 0.000914946 1.792773008 -0.741407514 0.054632135 -0.668827534 2.557526827
-0.667422652 0.045040250 0.743315816 -57.264675140 0.070875064 0.997480154 0.003197669 1.761974216 -0.741298676 0.054816756 -0.668933094 1.746345401
-0.668063700 0.044355541 0.742780924 -56.352993011 0.069232576 0.997596920 0.002696388 1.753597498 -0.740876317 0.053225990 -0.669529259 0.947360694
-0.667477131 0.043822870 0.743339658 -55.451232910 0.068261914 0.997664511 0.002479021 1.731348157 -0.741494834 0.052396491 -0.668909609 0.126595274
-0.667109489 0.042338882 0.743755698 -54.569988251 0.065965950 0.997819126 0.002366312 1.712353706 -0.742033362 0.050641146 -0.668447435 -0.652497232
-0.666071534 0.039817780 0.744824350 -53.695461273 0.064090803 0.997936189 0.003965309 1.693835139 -0.743129253 0.050377578 -0.667248785 -1.432417750
-0.664986849 0.037283268 0.745923877 -52.817176819 0.063252583 0.997976363 0.006507803 1.674526215 -0.744171739 0.051509220 -0.665999413 -2.217355967
-0.664195597 0.034437869 0.746765077 -51.960712433 0.060728222 0.998122454 0.007984061 1.658897877 -0.745088041 0.050652698 -0.665039837 -2.966686726
-0.663233399 0.033583652 0.747658730 -51.113914490 0.057224773 0.998343706 0.005918948 1.641750097 -0.746221662 0.046710245 -0.664056778 -3.707124949
-0.661481917 0.036606431 0.749067307 -50.257213593 0.057228994 0.998359501 0.001748247 1.625561476 -0.747774363 0.044024792 -0.662491620 -4.469923973
-0.660541952 0.037626896 0.749845624 -49.419528961 0.055846311 0.998438954 -0.000905956 1.612405658 -0.748709142 0.041277692 -0.661612153 -5.198060513
-0.659254432 0.038438935 0.750936806 -48.563709259 0.056931168 0.998377442 -0.001124518 1.595174432 -0.749761581 0.042010367 -0.660373151 -5.948786259
-0.657766044 0.039311361 0.752195835 -47.744884491 0.059419062 0.998233080 -0.000210143 1.574180484 -0.750874937 0.044556540 -0.658939660 -6.662290573
-0.655103505 0.042532776 0.754341006 -46.941383362 0.064186811 0.997937858 -0.000525040 1.565369844 -0.752807677 0.048074789 -0.656482637 -7.391428471
-0.653735161 0.045477662 0.755355537 -46.140506744 0.069266759 0.997598112 -0.000114270 1.540849090 -0.753546655 0.052246325 -0.655315220 -8.098288536
-0.652599752 0.046142440 0.756296456 -45.353408813 0.070929721 0.997481167 0.000347091 1.521901369 -0.754375637 0.053870413 -0.654228985 -8.771650314
-0.651683867 0.045180783 0.757143855 -44.576133728 0.070377365 0.997519851 0.001050080 1.494252801 -0.755218685 0.053970106 -0.653247297 -9.426001549
-0.648911417 0.046686240 0.759430289 -43.838611603 0.071196005 0.997462213 -0.000484395 1.472833991 -0.757525682 0.053754073 -0.650588512 -10.081673622
-0.646880269 0.045641392 0.761224568 -43.096305847 0.069852449 0.997557282 -0.000451551 1.461265087 -0.759385705 0.052881300 -0.648488224 -10.704629898
-0.642831206 0.042123523 0.764848709 -42.371295929 0.067850754 0.997693300 0.002079139 1.442245603 -0.762996972 0.053232104 -0.644206583 -11.328907013
-0.639406383 0.038239326 0.767917514 -41.661315918 0.064389199 0.997917235 0.003921236 1.429838538 -0.766168118 0.051952858 -0.640536845 -11.909581184
-0.635201514 0.036375795 0.771489322 -40.958980560 0.063431427 0.997972846 0.005171407 1.406704307 -0.769737303 0.052221563 -0.636221111 -12.478619576
-0.630719602 0.035713702 0.775188506 -40.280910492 0.061557703 0.998095155 0.004102204 1.387554646 -0.773565412 0.050306175 -0.631716609 -13.009451866
-0.623888493 0.037049282 0.780634761 -39.605667114 0.061363723 0.998114109 0.001671344 1.377147913 -0.779100537 0.048945375 -0.624985456 -13.553239822
-0.614997566 0.037642594 0.787629962 -38.940719604 0.060041968 0.998195589 -0.000823994 1.361693263 -0.786239803 0.046784099 -0.616147995 -14.064498901
-0.603953362 0.037796985 0.796122909 -38.282272339 0.059265569 0.998239219 -0.002432790 1.342979431 -0.794813097 0.045713369 -0.605130136 -14.559367180
-0.590466440 0.035993211 0.806259215 -37.613929749 0.057730671 0.998329520 -0.002288426 1.325609565 -0.804994762 0.045194648 -0.591558039 -15.040251732
-0.575450540 0.034278765 0.817117929 -36.960590363 0.057032429 0.998370826 -0.001717722 1.309612751 -0.815845549 0.045613747 -0.576468050 -15.483045578
-0.557532132 0.032138370 0.829532981 -36.305923462 0.054761771 0.998497665 -0.001878939 1.285377622 -0.828347266 0.044379130 -0.558454514 -15.907855034
-0.536253989 0.030655049 0.843499839 -35.648960114 0.051690064 0.998657286 -0.003431992 1.270418406 -0.842472434 0.041760139 -0.537118435 -16.324563980
-0.513460219 0.028637594 0.857635319 -34.985179901 0.049523342 0.998766124 -0.003700857 1.251637459 -0.856683016 0.040572725 -0.514245033 -16.697221756
-0.485645264 0.027025755 0.873738110 -34.317768097 0.047190219 0.998875022 -0.004666891 1.245122910 -0.872881234 0.038965438 -0.486374348 -17.067388535
-0.456564188 0.025047300 0.889337838 -33.655212402 0.044432588 0.998998344 -0.005325170 1.235926747 -0.888580263 0.037084304 -0.457219750 -17.391212463
-0.423513144 0.023319826 0.905589759 -32.971031189 0.039973404 0.999176025 -0.007035578 1.222483039 -0.905007541 0.033219848 -0.424096346 -17.690427780
-0.387093812 0.021168977 0.921797276 -32.290859222 0.034333255 0.999373972 -0.008532821 1.196437001 -0.921400845 0.028345304 -0.387578368 -17.941692352
-0.345603317 0.019713467 0.938173652 -31.601898193 0.032671709 0.999426067 -0.008964968 1.184286833 -0.937811792 0.027553413 -0.346049041 -18.200223923
-0.303444982 0.017031398 0.952696800 -30.913614273 0.026552241 0.999603152 -0.009412749 1.171579957 -0.952479005 0.022439977 -0.303776771 -18.382057190
-0.260065168 0.014458850 0.965482831 -30.217267990 0.019228723 0.999767244 -0.009792780 1.156287670 -0.965399563 0.016018242 -0.260282636 -18.540103912
-0.213661209 0.012497764 0.976827860 -29.520763397 0.016297825 0.999824762 -0.009227170 1.125241518 -0.976771832 0.013948683 -0.213827446 -18.688869476
-0.164904669 0.012945576 0.986224592 -28.796331406 0.015708534 0.999821603 -0.010497461 1.118645668 -0.986184478 0.013761062 -0.165078595 -18.786241531
-0.114204556 0.011398848 0.993391871 -28.105850220 0.014604007 0.999845505 -0.009793960 1.106907845 -0.993349910 0.013388988 -0.114353389 -18.846336365
-0.062405717 0.006530127 0.998029530 -27.454879761 0.013301272 0.999895215 -0.005710620 1.074138641 -0.997962236 0.012918686 -0.062486038 -18.855010986
-0.009289761 0.004307964 0.999947608 -26.754163742 0.012044314 0.999918699 -0.004195945 1.063914418 -0.999884307 0.012004703 -0.009340894 -18.831275940
0.044528458 0.006084582 0.998989582 -26.100118637 0.011433053 0.999912858 -0.006599816 1.042319655 -0.998942733 0.011715381 0.044455010 -18.786268234
0.098277397 0.008163249 0.995125532 -25.422195435 0.009184381 0.999916315 -0.009109588 1.030797243 -0.995116770 0.010034880 0.098194204 -18.695636749
0.150753438 0.010757292 0.988512874 -24.781997681 0.008212095 0.999892712 -0.012133519 1.013507485 -0.988537312 0.009946932 0.150648952 -18.565639496
0.202875003 0.013386310 0.979113162 -24.138998032 0.006040149 0.999870479 -0.014921639 1.001096606 -0.979185939 0.008941218 0.202767894 -18.395683289
0.254663616 0.013063501 0.966941416 -23.495117188 0.003746927 0.999888003 -0.014495441 0.986371338 -0.967022479 0.007314522 0.254586130 -18.197992325
0.305159181 0.012527208 0.952218950 -22.908044815 -0.001301868 0.999918044 -0.012737515 0.970944226 -0.952300489 0.002647305 0.305150479 -17.976913452
0.353336185 0.011325680 0.935427904 -22.300325394 -0.005611506 0.999934375 -0.009987076 0.953742027 -0.935479641 -0.001720365 0.353376538 -17.713312149
0.397498757 0.010286603 0.917545080 -21.722631454 -0.009569408 0.999929309 -0.007064555 0.936617613 -0.917552829 -0.005972209 0.397569031 -17.417331696
0.438888103 0.011265825 0.898471057 -21.136758804 -0.011621772 0.999908984 -0.006860700 0.923121691 -0.898466587 -0.007430749 0.438979119 -17.111764908
0.474555016 0.016314181 0.880074561 -20.588890076 -0.018143272 0.999797165 -0.008750268 0.908804417 -0.880038857 -0.011814949 0.474754751 -16.775747299
0.503058076 0.023745904 0.863926291 -20.057973862 -0.025252827 0.999599576 -0.012770482 0.895384669 -0.863883615 -0.015392289 0.503456295 -16.427381516
0.524682224 0.031302974 0.850722432 -19.522333145 -0.032079406 0.999340892 -0.016986566 0.881657183 -0.850693405 -0.018378118 0.525340736 -16.067092896
0.540347695 0.036284637 0.840659142 -18.988819122 -0.035566118 0.999161780 -0.020265235 0.875181079 -0.840689838 -0.018948708 0.541185319 -15.699091911
0.550980568 0.037147645 0.833690763 -18.460277557 -0.036009651 0.999136627 -0.020721050 0.855670869 -0.833740711 -0.018604022 0.551842630 -15.341964722
0.557588339 0.035845075 0.829343259 -17.927440643 -0.034507528 0.999204576 -0.019986367 0.836109400 -0.829400003 -0.017474422 0.558381915 -14.977004051
0.561438560 0.034545727 0.826797009 -17.404716492 -0.033401541 0.999260008 -0.019070284 0.817059278 -0.826843977 -0.016909502 0.562177122 -14.617607117
0.562524736 0.032747097 0.826131642 -16.882564545 -0.031354029 0.999341428 -0.018263577 0.795529902 -0.826185703 -0.015628835 0.563181102 -14.259558678
0.563035667 0.031441044 0.825834274 -16.364406586 -0.029612316 0.999401867 -0.017860062 0.778761208 -0.825901866 -0.014399007 0.563629985 -13.905931473
0.562857985 0.029210065 0.826037228 -15.852869987 -0.026928030 0.999492884 -0.016995108 0.752928793 -0.826114774 -0.012677723 0.563359261 -13.558003426
0.561007380 0.027444633 0.827355742 -15.334538460 -0.024444800 0.999563634 -0.016581679 0.736439943 -0.827449858 -0.010922102 0.561433375 -13.211788177
0.557091773 0.026540248 0.830026805 -14.827698708 -0.023060866 0.999598265 -0.016484484 0.720168710 -0.830130756 -0.009957767 0.557479918 -12.871653557
0.551489711 0.025042970 0.833805799 -14.335881233 -0.021486200 0.999644101 -0.015812606 0.699674904 -0.833904982 -0.009194827 0.551831484 -12.540587425
0.545518339 0.022571215 0.837794840 -13.830201149 -0.018319340 0.999719560 -0.015005289 0.676313698 -0.837898672 -0.007162188 0.545778930 -12.223708153
0.539646029 0.020426381 0.841644108 -13.338911057 -0.014027486 0.999784946 -0.015270246 0.659115732 -0.841775119 -0.003565626 0.539816618 -11.917108536
0.534242392 0.019562986 0.845104933 -12.852403641 -0.010875938 0.999808431 -0.016268810 0.642030537 -0.845261335 -0.000499822 0.534352899 -11.617204666
0.528364301 0.018845201 0.848808527 -12.380698204 -0.008722832 0.999821305 -0.016768210 0.618370414 -0.848972976 0.001455710 0.528434217 -11.329242706
0.522589386 0.019289328 0.852366269 -11.915721893 -0.007314925 0.999808669 -0.018141184 0.608955324 -0.852553189 0.003245397 0.522630453 -11.049214363
0.516691804 0.019217448 0.855955780 -11.469451904 -0.006467356 0.999807179 -0.018543147 0.589848042 -0.856147110 0.004045322 0.516716421 -10.772520065
0.511737764 0.018536622 0.858941734 -11.015719414 -0.004479279 0.999811172 -0.018908044 0.572001934 -0.859130085 0.005828518 0.511724114 -10.514607430
0.506117821 0.016036512 0.862315297 -10.584927559 -0.000922916 0.999836683 -0.018052317 0.553236783 -0.862463951 0.008340754 0.506049931 -10.270906448
0.500801146 0.013686829 0.865454078 -10.171893120 0.001714987 0.999857247 -0.016804753 0.535045683 -0.865560710 0.009900079 0.500706196 -10.037346840
0.495909125 0.011792258 0.868294358 -9.764636040 0.003234446 0.999875724 -0.015426549 0.516963422 -0.868368447 0.010458616 0.495809376 -9.811690331
0.490956426 0.011627894 0.871106505 -9.384816170 0.001268539 0.999900281 -0.014062040 0.504942179 -0.871183157 0.008008882 0.490892738 -9.592445374
0.485827029 0.010757309 0.873988748 -8.979782104 0.001117494 0.999915779 -0.012928440 0.488767862 -0.874054253 0.007257662 0.485774100 -9.370111465
0.481183439 0.010425929 0.876557946 -8.621613503 0.001596213 0.999917269 -0.012769420 0.475774497 -0.876618445 0.007543607 0.481126994 -9.173228264
0.477502733 0.009443269 0.878579557 -8.271721840 0.003746783 0.999911308 -0.012783737 0.463341773 -0.878622174 0.009396117 0.477425009 -8.992589951
0.473668009 0.008607661 0.880661488 -7.955418110 0.005576434 0.999902844 -0.012772450 0.454627335 -0.880685866 0.010960849 0.473574042 -8.824339867
0.469919235 0.008022714 0.882672966 -7.639928818 0.007025704 0.999893010 -0.012828498 0.441012532 -0.882681429 0.012229756 0.469812632 -8.660389900
0.466599643 0.008871457 0.884424210 -7.361785889 0.007027321 0.999880970 -0.013737013 0.430420041 -0.884440720 0.012624817 0.466481775 -8.514574051
0.464188278 0.010710496 0.885671794 -7.089975834 0.006824018 0.999853969 -0.015667837 0.421861291 -0.885710299 0.013316665 0.464047343 -8.376325607
0.462638140 0.012818032 0.886454582 -6.848567009 0.006392286 0.999821246 -0.017793419 0.412341624 -0.886524141 0.013898385 0.462473541 -8.249839783
0.462024033 0.015700331 0.886728406 -6.620132923 0.006930734 0.999748826 -0.021312673 0.404922783 -0.886840343 0.015992645 0.461799145 -8.132105827
0.462917924 0.017798927 0.886222482 -6.389394760 0.009153474 0.999649048 -0.024858307 0.392867863 -0.886353970 0.019619368 0.462592542 -8.016900063
0.465527475 0.018108414 0.884848118 -6.161879539 0.011672035 0.999578059 -0.026597138 0.380199343 -0.884956419 0.022709675 0.465119660 -7.899922848
0.470238835 0.017680015 0.882362068 -5.932088852 0.012267067 0.999571741 -0.026566075 0.373973846 -0.882454038 0.023316393 0.469820559 -7.774214268
0.477465689 0.016989928 0.878486037 -5.717141628 0.011951962 0.999594927 -0.025828185 0.366894811 -0.878569067 0.022831704 0.477069288 -7.646634579
0.487825423 0.019322012 0.872727275 -5.498263359 0.009563291 0.999576688 -0.027475992 0.349034965 -0.872888863 0.021749632 0.487434119 -7.526141644
0.498368382 0.023642821 0.866642892 -5.306626320 0.008032924 0.999459267 -0.031885553 0.339699179 -0.866928160 0.022852430 0.497908920 -7.395200253
0.511561036 0.026024185 0.858852744 -5.110580921 0.008112056 0.999350429 -0.035113230 0.320358068 -0.859208703 0.024929622 0.511017621 -7.269490719
0.526296198 0.027085863 0.849869847 -4.909041882 0.008320414 0.999280572 -0.037000239 0.307010800 -0.850260615 0.026544349 0.525692284 -7.134392738
0.542811334 0.026586210 0.839433849 -4.716071129 0.007983169 0.999290347 -0.036811367 0.295784116 -0.839816749 0.026682964 0.542213798 -6.999057770
0.559848189 0.027663076 0.828133404 -4.534019947 0.005777969 0.999287903 -0.037286464 0.289161950 -0.828575194 0.025659682 0.559289575 -6.853069782
0.578062475 0.028598886 0.815491319 -4.354048729 0.004845378 0.999247730 -0.038477793 0.278329670 -0.815978169 0.026193928 0.577488959 -6.700707912
0.598732591 0.031277027 0.800338209 -4.156948566 0.004912955 0.999075055 -0.042718999 0.274144292 -0.800934017 0.029509276 0.598025024 -6.541843891
0.619177639 0.031272046 0.784628153 -3.964425325 0.007177114 0.998939574 -0.045477334 0.258014232 -0.785218239 0.033789910 0.618296444 -6.367035389
0.641092300 0.031186232 0.766830027 -3.744938612 0.006569288 0.998914421 -0.046117000 0.249607652 -0.767435670 0.034602776 0.640191376 -6.182154179
0.662255049 0.031959537 0.748596609 -3.546225309 0.002660566 0.998983264 -0.045002904 0.245690420 -0.749273837 0.031795088 0.661496699 -5.966986656
0.683931351 0.030323992 0.728915930 -3.352669716 -0.002784288 0.999236941 -0.038957294 0.221341357 -0.729541063 0.024614599 0.683493912 -5.755614281
0.705653667 0.026660893 0.708055258 -3.139932156 -0.005444378 0.999466300 -0.032207683 0.202602446 -0.708536029 0.018872546 0.705422163 -5.508070946
0.727462530 0.020963678 0.685827076 -2.905624628 -0.002611925 0.999610484 -0.027784605 0.189313471 -0.686142445 0.018420931 0.727233946 -5.251533985
0.748719215 0.018303385 0.662634611 -2.687793255 -0.001908536 0.999674141 -0.025456652 0.175539926 -0.662884653 0.017795222 0.748510063 -4.972759724
0.770492792 0.017948536 0.637196064 -2.463532686 -0.002613247 0.999683976 -0.024999186 0.173389763 -0.637443364 0.017596541 0.770296276 -4.683396339
0.791790903 0.018126870 0.610523164 -2.257969618 -0.006134702 0.999745131 -0.021727016 0.152515978 -0.610761404 0.013457877 0.791700244 -4.371264458
0.809952199 0.017457195 0.586236119 -2.086003065 -0.007148648 0.999776542 -0.019895112 0.150452688 -0.586452365 0.011923295 0.809895933 -4.040383339
0.829404116 0.015622856 0.558430672 -1.886815906 -0.005319666 0.999784470 -0.020069346 0.141975820 -0.558623791 0.013674934 0.829308331 -3.694128990
0.849615216 0.012060036 0.527265370 -1.672355175 -0.000535247 0.999757826 -0.022004789 0.136663929 -0.527402997 0.018413384 0.849415660 -3.337963343
0.868729711 0.009387295 0.495197594 -1.470107198 0.001923262 0.999748945 -0.022325901 0.133799389 -0.495282799 0.020347567 0.868493497 -2.953335047
0.886660576 0.006312503 0.462377876 -1.280565858 0.002693923 0.999819338 -0.018815691 0.119550616 -0.462413132 0.017928740 0.886483312 -2.537322283
0.902823567 0.007607479 0.429943949 -1.119053721 -0.000739783 0.999869525 -0.016138365 0.112581104 -0.430010587 0.014252032 0.902711332 -2.104470253
0.918792784 0.007504122 0.394668937 -0.950271308 -0.002303153 0.999904156 -0.013650137 0.101579756 -0.394733489 0.011632662 0.918722093 -1.643236518
0.933285832 0.002146194 0.359128028 -0.778322399 0.001535684 0.999949217 -0.009966690 0.096691020 -0.359131128 0.009853276 0.933235168 -1.145395041
0.946401238 -0.005644832 0.322944015 -0.618713081 0.008153090 0.999946237 -0.006414627 0.085946381 -0.322890401 0.008703803 0.946396410 -0.624372005
0.958644271 -0.015159726 0.284203053 -0.462768883 0.017070740 0.999845326 -0.004248333 0.075512223 -0.284094691 0.008924198 0.958754659 -0.109058142
0.969228566 -0.020894771 0.245274305 -0.335482776 0.022569742 0.999737203 -0.004019805 0.069679707 -0.245125815 0.009431886 0.969445407 0.456279099
0.978309155 -0.021996863 0.205978513 -0.234047934 0.023603430 0.999707222 -0.005345380 0.067176014 -0.205800593 0.010091237 0.978541970 1.045170903
0.985669732 -0.022116346 0.167230546 -0.148737982 0.023349594 0.999712646 -0.005411694 0.052699894 -0.167062819 0.009238909 0.985903025 1.605935097
0.990887225 -0.021971826 0.132890224 -0.088464215 0.023159754 0.999704361 -0.007399892 0.051079065 -0.132688373 0.010410163 0.991103232 2.242163658
0.994578779 -0.022849597 0.101444341 -0.037572194 0.023824399 0.999680817 -0.008407945 0.041094709 -0.101219840 0.010779214 0.994805694 2.904545307
0.996960640 -0.024975870 0.073793881 -0.000783115 0.025736822 0.999624789 -0.009378819 0.047504630 -0.073531941 0.011249535 0.997229397 3.492926598
0.998499215 -0.026104284 0.048144989 0.023152739 0.026592530 0.999600947 -0.009528502 0.035063360 -0.047877051 0.010794499 0.998794854 4.194259167
0.999360919 -0.025765220 0.024777493 0.028698711 0.026042869 0.999600828 -0.010949009 0.028290397 -0.024485504 0.011587289 0.999633014 4.901970387
0.999725223 -0.023164863 0.003601677 0.016136771 0.023202932 0.999671221 -0.010912880 0.028175037 -0.003347698 0.010993453 0.999933958 5.673411369
0.999665499 -0.021485025 -0.014401038 -0.010315353 0.021363825 0.999735594 -0.008517612 0.018506043 0.014580227 0.008207103 0.999859989 6.425619602
0.999373138 -0.021205597 -0.028349089 -0.043100685 0.021104163 0.999769747 -0.003872435 -0.014636191 0.028424678 0.003271724 0.999590576 7.204441547
0.999164104 -0.015683398 -0.037753757 -0.077826932 0.015618939 0.999876022 -0.002001759 -0.033170495 0.037780467 0.001410411 0.999285102 8.011152267
0.999036014 -0.011546815 -0.042354394 -0.117820628 0.011415756 0.999929309 -0.003334948 -0.054768406 0.042389903 0.002848225 0.999097049 8.807341576
0.998971164 -0.011679848 -0.043818604 -0.151408687 0.011500657 0.999924541 -0.004339187 -0.057586156 0.043865975 0.003830781 0.999030113 9.610142708
0.999016583 -0.012592139 -0.042512432 -0.338269264 0.012218075 0.999884427 -0.009047312 -0.010951405 0.042621449 0.008518995 0.999054968 10.641791344
0.998985410 -0.011830521 -0.043450788 -0.279111832 0.011559708 0.999912143 -0.006478606 -0.057316244 0.043523613 0.005969754 0.999034643 11.279034615
0.998964012 -0.010137940 -0.044360984 -0.319604993 0.009850590 0.999929011 -0.006691355 -0.074252710 0.044425670 0.006247441 0.998993278 12.138678551
0.998965323 -0.008435572 -0.044690061 -0.371260941 0.008022576 0.999923468 -0.009412678 -0.088193990 0.044766046 0.009044409 0.998956621 13.024886131
0.998984218 -0.004560001 -0.044830535 -0.430167764 0.004037346 0.999922872 -0.011742082 -0.097086117 0.044880621 0.011549160 0.998925626 13.916674614
0.998973370 -0.001001186 -0.045290712 -0.471717238 0.000452006 0.999926150 -0.012134301 -0.111985080 0.045299511 0.012101372 0.998900235 14.835954666
0.998933375 -0.000167525 -0.046176426 -0.519996285 -0.000311765 0.999946117 -0.010372167 -0.123311117 0.046175670 0.010375498 0.998879492 15.782080650
0.998858213 -0.002523067 -0.047707506 -0.561231792 0.002147957 0.999966323 -0.007912336 -0.143129155 0.047725856 0.007800827 0.998830080 16.738563538
0.998721302 -0.002157474 -0.050508417 -0.605515420 0.001833813 0.999977410 -0.006453513 -0.158554673 0.050521191 0.006352638 0.998702884 17.686983109
0.998535216 -0.003308487 -0.054004829 -0.659980714 0.002900606 0.999966562 -0.007629314 -0.172606573 0.054028261 0.007461492 0.998511672 18.650194168
0.998284578 -0.005606086 -0.058278807 -0.709096670 0.005106309 0.999948859 -0.008721024 -0.189937070 0.058324728 0.008408474 0.998262405 19.621192932
0.998025298 -0.006977625 -0.062423497 -0.771652579 0.006453118 0.999942183 -0.008600055 -0.202053830 0.062479898 0.008180247 0.998012841 20.607778549
0.997787297 -0.006294916 -0.066187650 -0.846554041 0.005911609 0.999964535 -0.005985474 -0.211155698 0.066222996 0.005580955 0.997789443 21.580440521
0.997498870 -0.007608816 -0.070270821 -0.911377668 0.007467027 0.999969423 -0.002280247 -0.222196862 0.070286036 0.001749828 0.997525513 22.615884781
0.997245908 -0.006915564 -0.073842116 -0.991416812 0.007060268 0.999973536 0.001698768 -0.230256915 0.073828422 -0.002215438 0.997268677 23.635036469
0.997001708 -0.005772822 -0.077162564 -1.074973583 0.006062105 0.999975324 0.003515286 -0.236594602 0.077140383 -0.003972518 0.997012436 24.683900833
0.996796906 -0.004509980 -0.079846710 -1.150355697 0.004497521 0.999989748 -0.000335900 -0.242255032 0.079847418 -0.000024291 0.996807218 25.705780029
0.996666312 -0.003371991 -0.081517547 -1.220200777 0.002966050 0.999982476 -0.005100387 -0.260933727 0.081533320 0.004841598 0.996659040 26.664176941
0.996558368 -0.004516461 -0.082771897 -1.309059620 0.003927676 0.999965727 -0.007274815 -0.272449762 0.082801916 0.006924675 0.996542156 27.708892822
0.996414781 -0.004532089 -0.084482491 -1.398562312 0.004384147 0.999988437 -0.001936617 -0.291909337 0.084490299 0.001559287 0.996423304 28.777942657
0.996279240 -0.004711630 -0.086056009 -1.495647073 0.005100064 0.999977529 0.004294424 -0.306306928 0.086033843 -0.004717342 0.996281266 29.841104507
0.996090889 -0.010941529 -0.087656438 -1.585151672 0.011440417 0.999920845 0.005191044 -0.315755308 0.087592721 -0.006173584 0.996137500 30.923974991
0.995965600 -0.013991314 -0.088639237 -1.669618726 0.014277969 0.999894321 0.002600663 -0.327166259 0.088593520 -0.003855764 0.996060610 31.969686508
0.995932281 -0.012456627 -0.089241840 -1.784084439 0.012283855 0.999921262 -0.002484938 -0.336378992 0.089265779 0.001378593 0.996007144 33.057453156
0.995923936 -0.011117010 -0.089511275 -1.866400480 0.010823031 0.999934018 -0.003769012 -0.349076033 0.089547299 0.002784863 0.995978892 34.092243195
0.996086061 -0.007014550 -0.088111915 -1.976567864 0.006834222 0.999973476 -0.002348145 -0.364596039 0.088126086 0.001736776 0.996107996 35.170394897
0.996133566 -0.002772111 -0.087808035 -2.048731565 0.002725716 0.999996006 -0.000648265 -0.382190317 0.087809488 0.000406419 0.996137142 36.293361664
0.996237814 -0.001982102 -0.086638987 -2.144882441 0.002111261 0.999996722 0.001399172 -0.393863708 0.086635940 -0.001576826 0.996238768 37.374290466
0.996323466 -0.001314351 -0.085660957 -2.214154005 0.001685858 0.999989390 0.004264759 -0.412650645 0.085654452 -0.004393493 0.996315181 38.450260162
0.996407866 0.004574470 -0.084559686 -2.324284315 -0.003957923 0.999964356 0.007457471 -0.408671826 0.084590778 -0.007096001 0.996390522 39.605270386
0.996582329 0.007681230 -0.082248293 -2.421163797 -0.007074643 0.999945700 0.007663974 -0.417741358 0.082302682 -0.007055902 0.996582389 40.705722809
0.996736467 0.009281239 -0.080189116 -2.512978315 -0.008889177 0.999946773 0.005244855 -0.422953039 0.080233514 -0.004514922 0.996765852 41.812614441
0.996878564 0.012565352 -0.077942744 -2.604559183 -0.012455394 0.999920666 0.001896716 -0.428360492 0.077960402 -0.000919988 0.996956050 42.940818787
0.997018993 0.011878363 -0.076236039 -2.694992542 -0.011777376 0.999929070 0.001774099 -0.435222328 0.076251708 -0.000870950 0.997088253 44.065563202
0.997176230 0.011005112 -0.074285112 -2.779345036 -0.010759598 0.999935269 0.003704410 -0.445703387 0.074321069 -0.002894671 0.997230172 45.189506531
0.997330844 0.011178200 -0.072153762 -2.865257502 -0.010971427 0.999934554 0.003261425 -0.456003696 0.072185501 -0.002461090 0.997388244 46.310546875
0.997396410 0.012495412 -0.071023703 -2.950622797 -0.012605142 0.999919951 -0.001096966 -0.468515724 0.071004309 0.001989373 0.997474074 47.443424225
0.997444987 0.012058962 -0.070412636 -3.034179926 -0.012453588 0.999909163 -0.005168119 -0.475941181 0.070343927 0.006031804 0.997504532 48.579467773
0.997424304 0.010476037 -0.070957989 -3.113318205 -0.010770283 0.999934971 -0.003765402 -0.490855515 0.070913926 0.004519941 0.997472227 49.715515137
0.997475922 0.007598780 -0.070598327 -3.200058460 -0.007680139 0.999970198 -0.000881057 -0.500915945 0.070589520 0.001421037 0.997504413 50.867492676
0.997504652 0.004165650 -0.070478216 -3.276905060 -0.004131087 0.999991357 0.000636160 -0.517672122 0.070480235 -0.000343422 0.997513175 52.002666473
0.997553766 -0.001168941 -0.069893502 -3.352263212 0.001158484 0.999999225 -0.000190151 -0.525789857 0.069893688 0.000108715 0.997554421 53.150699615
0.997550726 -0.002150560 -0.069914527 -3.432246208 0.002138047 0.999997675 -0.000253804 -0.536774814 0.069914907 0.000103702 0.997552931 54.305603027
0.997599781 -0.006589889 -0.068930499 -3.512285709 0.006815390 0.999972165 0.003036771 -0.547284603 0.068908565 -0.003499270 0.997616827 55.460414886
0.997631848 -0.006562259 -0.068467885 -3.593548536 0.007222015 0.999929845 0.009392917 -0.553580701 0.068401441 -0.009865148 0.997609079 56.625881195
0.997678339 -0.007407664 -0.067698121 -3.670961142 0.008150896 0.999909461 0.010709020 -0.559660852 0.067612648 -0.011235958 0.997648418 57.803325653
0.997677684 -0.006128247 -0.067835882 -3.753128052 0.006447806 0.999969244 0.004492820 -0.563583732 0.067806259 -0.004919779 0.997686446 58.966941833
0.997717321 -0.003230110 -0.067451544 -3.843251467 0.002997919 0.999989331 -0.003543257 -0.575235486 0.067462273 0.003332954 0.997716248 60.131729126
0.997731984 0.001707707 -0.067289166 -3.934594393 -0.002206290 0.999970675 -0.007335936 -0.585120916 0.067274660 0.007467757 0.997706592 61.320552826
0.997749746 0.003780150 -0.066942222 -4.019786835 -0.004173077 0.999974906 -0.005730787 -0.603909016 0.066918880 0.005997246 0.997740507 62.507755280
0.997727990 0.006232190 -0.067081146 -4.111997604 -0.006535261 0.999969423 -0.004299493 -0.618361592 0.067052297 0.004728117 0.997738361 63.709842682
0.997703612 0.006086451 -0.067457244 -4.199443340 -0.006143321 0.999980927 -0.000635615 -0.634571612 0.067452081 0.001048566 0.997721970 64.900505066
0.997665346 0.005355300 -0.068082616 -4.283142567 -0.005297005 0.999985397 0.001036750 -0.648578107 0.068087175 -0.000673696 0.997679114 66.089065552
0.997655749 0.004828968 -0.068262935 -4.359257698 -0.004647232 0.999985278 0.002820852 -0.665719032 0.068275541 -0.002497005 0.997663379 67.269966125
0.997630358 0.006548074 -0.068488792 -4.446083069 -0.006116717 0.999960124 0.006506050 -0.676491678 0.068528660 -0.006071706 0.997630656 68.469230652
0.997629762 0.008528216 -0.068279050 -4.541710377 -0.007900147 0.999924004 0.009463333 -0.679938555 0.068354584 -0.008901487 0.997621357 69.662956238
0.997603714 0.009465188 -0.068536863 -4.624875069 -0.009175291 0.999947548 0.004543350 -0.693959177 0.068576269 -0.003903616 0.997638226 70.844085693
0.997590065 0.009098846 -0.068785191 -4.708933830 -0.009479613 0.999941468 -0.005211196 -0.704971313 0.068733737 0.005850695 0.997617900 72.015983582
0.997589707 0.009347041 -0.068755843 -4.798427105 -0.010001711 0.999907792 -0.009183556 -0.720315218 0.068663687 0.009849093 0.997591257 73.197357178
0.997583926 0.005289257 -0.069269560 -4.873353004 -0.005946469 0.999939203 -0.009284995 -0.750737846 0.069216251 0.009674468 0.997554779 74.368621826
0.997609198 -0.001971132 -0.069079146 -4.950419903 0.001118805 0.999922812 -0.012374935 -0.780640721 0.069098212 0.012268061 0.997534454 75.547683716
0.997634232 -0.001186145 -0.068734460 -5.036125660 0.000250829 0.999907315 -0.013614698 -0.799699545 0.068744250 0.013565247 0.997542143 76.721977234
0.997662604 -0.006522519 -0.068021506 -5.118980885 0.005986545 0.999949455 -0.008080315 -0.825990438 0.068070754 0.007654214 0.997651100 77.897789001
0.997653186 -0.007782351 -0.068027183 -5.187681675 0.007759981 0.999969780 -0.000593086 -0.857923985 0.068029746 0.000063804 0.997683346 79.077072144
0.997741640 -0.004985626 -0.066983670 -5.276210785 0.005220358 0.999980867 0.003329758 -0.865094185 0.066965789 -0.003671916 0.997748494 80.236175537
0.997764766 -0.002756625 -0.066767819 -5.358745575 0.003223074 0.999971211 0.006879427 -0.880779743 0.066746928 -0.007079246 0.997744799 81.396476746
0.997786701 0.001282973 -0.066484295 -5.439408779 -0.000702915 0.999961495 0.008747410 -0.886841357 0.066492967 -0.008681314 0.997749150 82.558837891
0.997882247 0.004789632 -0.064868972 -5.532947540 -0.004319916 0.999963462 0.007379342 -0.897407353 0.064901963 -0.007083485 0.997866511 83.694244385
0.997920513 0.008480120 -0.063894592 -5.619478226 -0.008417210 0.999963820 0.001253724 -0.910553873 0.063902922 -0.000713303 0.997955918 84.831199646
0.997912347 0.011019158 -0.063634552 -5.705448151 -0.011305170 0.999927580 -0.004136274 -0.922431409 0.063584372 0.004847039 0.997964740 85.960456848
0.997954547 0.007607699 -0.063471906 -5.776235580 -0.007862048 0.999962032 -0.003758456 -0.940618992 0.063440904 0.004249788 0.997976601 87.099830627
0.997999549 0.007143551 -0.062816232 -5.843303204 -0.007080558 0.999974191 0.001225377 -0.958539844 0.062823370 -0.000778152 0.998024344 88.214118958
0.998100996 0.002924417 -0.061529614 -5.915591717 -0.002500207 0.999972582 0.006970270 -0.965857685 0.061548311 -0.006803196 0.998080909 89.342704773
0.998135328 -0.002371317 -0.060994055 -5.983924389 0.003027191 0.999938607 0.010662923 -0.976188302 0.060965024 -0.010827681 0.998081207 90.470344543
0.998148799 -0.007107021 -0.060402334 -6.041432858 0.007682462 0.999927342 0.009299908 -0.977949023 0.060331840 -0.009746731 0.998130858 91.596580505
0.998180568 -0.010243460 -0.059417635 -6.111733913 0.010646678 0.999922395 0.006473560 -0.980515301 0.059346706 -0.007094383 0.998212218 92.731758118
0.998185873 -0.012707766 -0.058850754 -6.179783344 0.012844955 0.999915659 0.001953377 -0.989174545 0.058820967 -0.002705769 0.998264909 93.844833374
0.998217523 -0.014500877 -0.057892792 -6.242627144 0.014416881 0.999894321 -0.001868336 -1.003504515 0.057913769 0.001030372 0.998321056 94.952598572
