1311870427.199132 0.000000000 0.000000000 0.000000000 0.000000000 0.000000000 0.000000000 1.000000000
1311870427.231132 -0.000026381 0.000309451 -0.001756464 0.002037616 -0.000175403 0.000087337 0.999997914
1311870427.263210 0.000160495 0.000533334 -0.003365458 0.002487862 -0.000478554 0.000777651 0.999996483
1311870427.299143 0.000139265 -0.001558854 -0.003182445 0.002464357 -0.001092253 0.001529447 0.999995172
1311870427.331187 -0.001046830 0.000410296 -0.004934700 0.002555386 -0.001403853 0.002020803 0.999993682
1311870427.363116 -0.000046321 -0.000195219 -0.003684134 0.001963854 -0.001831651 0.002486658 0.999993324
1311870427.399237 0.000890814 -0.002336464 -0.003074190 0.001725177 -0.001605184 0.002525707 0.999994040
1311870427.431127 -0.000184723 -0.002444853 -0.004261961 0.002040242 -0.000952725 0.002409019 0.999994576
1311870427.463385 0.000310532 -0.001750324 -0.004861715 0.001982536 -0.001591275 0.003085472 0.999992013
1311870427.499447 -0.000870906 -0.000854046 -0.006513953 0.001651756 -0.002139725 0.002973947 0.999991953
1311870427.531159 -0.002174268 -0.000534530 -0.004341435 0.001464869 -0.002526526 0.002896379 0.999991536
1311870427.563190 -0.001025811 -0.000856198 -0.007354836 0.001046782 -0.003174072 0.001721801 0.999992907
1311870427.599086 -0.001441469 -0.000884977 -0.006873869 0.001112120 -0.003334645 0.002597238 0.999990463
1311870427.631114 -0.001149288 -0.003243866 -0.007277489 0.000713161 -0.003756559 0.002386590 0.999989808
1311870427.663429 -0.001206729 -0.003211567 -0.008455693 0.001069191 -0.003564909 0.001519415 0.999991894
1311870427.699151 -0.000603114 -0.002938180 -0.007780410 0.001485631 -0.003661232 0.001659813 0.999990821
1311870427.731118 -0.001136147 -0.005158925 -0.008695214 0.001367707 -0.003940645 0.002249647 0.999988735
1311870427.763327 -0.001048299 -0.002497333 -0.009625958 0.002325716 -0.004672349 0.001914584 0.999984562
1311870427.799196 0.000108343 -0.004031963 -0.010013039 0.002097970 -0.004989874 0.001899814 0.999983549
1311870427.831457 0.001217670 -0.003724779 -0.009058736 0.003130656 -0.004970471 0.001992568 0.999980748
1311870427.863134 0.001229326 -0.003082538 -0.012136163 0.002869447 -0.005587474 0.001621455 0.999978960
1311870427.899231 0.000747004 -0.004147652 -0.012012865 0.001640933 -0.006366686 0.001297235 0.999977529
1311870427.931111 -0.000515813 -0.002126439 -0.011216301 0.001210193 -0.007564133 0.000101586 0.999970675
1311870427.963137 0.001511638 -0.004155071 -0.010124058 0.000256673 -0.008825345 -0.001854720 0.999959290
1311870427.999083 0.000557284 -0.003388869 -0.011819688 0.001187369 -0.007834392 -0.002553107 0.999965370
1311870428.031250 0.001194311 -0.003939041 -0.012393980 0.001433831 -0.007078502 -0.002039396 0.999971807
1311870428.063193 0.000732785 -0.004036117 -0.012107006 0.001624939 -0.006652777 -0.001844632 0.999974847
1311870428.099167 0.000287020 -0.003499594 -0.012027233 0.002069779 -0.006467868 -0.001779068 0.999975383
1311870428.131267 0.001429032 -0.003275560 -0.012229582 0.002592793 -0.006609215 -0.001377525 0.999973834
1311870428.163279 0.001796978 -0.004045823 -0.012112058 0.002572251 -0.006904149 -0.001799587 0.999971211
1311870428.199270 0.002639350 -0.005435723 -0.012383914 0.002321986 -0.007428697 -0.002015488 0.999967694
1311870428.231191 0.002803469 -0.004355839 -0.012652456 0.002625341 -0.007613370 -0.001478609 0.999966502
1311870428.263420 0.001210556 -0.004110341 -0.012472089 0.002899850 -0.007559044 -0.001891361 0.999965429
1311870428.299170 0.001560871 -0.002742088 -0.012555116 0.003162225 -0.007645775 -0.001669541 0.999964356
1311870428.331174 0.002507940 -0.005534523 -0.012757676 0.002425035 -0.007661248 -0.001350618 0.999966800
1311870428.363160 0.001175177 -0.004812591 -0.013084330 0.003270962 -0.007342339 -0.002093634 0.999965489
1311870428.399340 0.002206255 -0.002725741 -0.012633727 0.003652165 -0.007550093 -0.003524916 0.999958634
1311870428.431153 0.000572927 -0.004655920 -0.012335435 0.003115764 -0.006989538 -0.003592607 0.999964237
1311870428.463176 0.001197456 -0.003304917 -0.013047727 0.003543335 -0.007572216 -0.003069487 0.999960363
1311870428.499303 0.002023528 -0.004606580 -0.013338486 0.002470965 -0.008280708 -0.003587393 0.999956191
1311870428.531230 0.001240532 -0.005361915 -0.013048209 0.002654561 -0.007952283 -0.003611414 0.999958336
1311870428.563181 0.002178791 -0.002926592 -0.014038794 0.003676489 -0.008140435 -0.003310853 0.999954641
1311870428.599270 0.000158088 -0.005359442 -0.013777588 0.003023447 -0.007965330 -0.002923201 0.999959409
1311870428.631378 0.002297508 -0.002445275 -0.012630114 0.004008397 -0.009437121 -0.002545583 0.999944210
1311870428.663196 0.000407540 -0.003409969 -0.012767448 0.003909534 -0.009031614 -0.003371255 0.999945879
1311870428.699275 0.001176310 -0.004890418 -0.012885107 0.003768706 -0.009164492 -0.003710539 0.999944031
1311870428.731171 -0.000270701 -0.003171885 -0.013299134 0.004196330 -0.008969980 -0.003514844 0.999944806
1311870428.763173 0.000382244 -0.005124692 -0.012929100 0.003387310 -0.009569882 -0.003487034 0.999942362
1311870428.799280 -0.000498180 -0.003869865 -0.014237613 0.003902022 -0.009868734 -0.003891792 0.999936104
1311870428.831376 0.001284292 -0.005214151 -0.014112747 0.003592029 -0.010306071 -0.003827118 0.999933124
1311870428.863232 0.000112585 -0.004626723 -0.014169632 0.004035241 -0.010077424 -0.003687536 0.999934256
1311870428.899406 0.000956974 -0.004541807 -0.012877024 0.003962078 -0.010518842 -0.003720317 0.999929905
1311870428.931143 0.000920355 -0.006010768 -0.012601052 0.003199539 -0.010719855 -0.004338725 0.999927998
1311870428.963255 0.000552714 -0.003847081 -0.011799206 0.004097644 -0.010697928 -0.004391555 0.999924719
1311870428.999316 0.000859822 -0.005362898 -0.012577850 0.003412684 -0.010989171 -0.004898166 0.999921799
1311870429.031368 0.000262475 -0.006772610 -0.012886428 0.002937910 -0.011360262 -0.004665310 0.999920249
1311870429.063298 0.000107190 -0.006731535 -0.013242680 0.003292153 -0.011394086 -0.004585465 0.999919176
1311870429.099362 0.000953866 -0.006095185 -0.012299195 0.003446582 -0.011492572 -0.004069116 0.999919772
1311870429.131434 0.000851883 -0.007600534 -0.012712209 0.003471127 -0.011755137 -0.004395789 0.999915242
1311870429.163291 -0.000121523 -0.006990112 -0.012503508 0.003723460 -0.011631883 -0.005406730 0.999910772
1311870429.199396 -0.000059482 -0.007067869 -0.013907871 0.003883190 -0.011605278 -0.005688779 0.999908924
1311870429.231437 0.001689631 -0.006901412 -0.012526403 0.004686172 -0.011906325 -0.004915535 0.999906063
1311870429.263266 0.002596217 -0.004940007 -0.012704503 0.005097993 -0.011829882 -0.005177875 0.999903619
1311870429.299443 0.001278035 -0.007270720 -0.011584834 0.004157391 -0.011121555 -0.005433403 0.999914765
1311870429.331255 0.002271076 -0.006033393 -0.012531737 0.004694284 -0.010724488 -0.005380921 0.999916971
1311870429.363267 0.001856856 -0.006950516 -0.011926041 0.003884153 -0.010183726 -0.005000120 0.999928117
1311870429.399320 0.003911802 -0.006006974 -0.011791349 0.003814392 -0.010511224 -0.005471340 0.999922514
1311870429.431354 0.002975296 -0.006739447 -0.011218715 0.003549151 -0.009961394 -0.005382666 0.999929607
1311870429.499243 0.005086113 -0.007369890 -0.013576518 0.003761598 -0.009850140 -0.005775676 0.999927759
1311870429.531208 0.002763826 -0.003531556 -0.011925516 0.005094205 -0.008897823 -0.005186642 0.999934018
1311870429.563312 0.004371429 -0.004978696 -0.012441489 0.004769483 -0.008722261 -0.005825370 0.999933600
1311870429.599449 0.003887566 -0.006012954 -0.012256085 0.005088263 -0.007722887 -0.005750738 0.999940693
1311870429.663354 0.005666722 -0.006091883 -0.012854405 0.004719671 -0.007998075 -0.005089008 0.999943912
1311870429.699491 0.003974020 -0.006045166 -0.012175082 0.004860152 -0.007584883 -0.005532488 0.999944091
1311870429.731303 0.004726325 -0.004399837 -0.012052563 0.005353529 -0.007586465 -0.005457045 0.999942005
1311870429.763313 0.004791929 -0.007613149 -0.013128364 0.004566572 -0.007249277 -0.005225817 0.999949634
1311870429.799489 0.005813099 -0.006430325 -0.012694647 0.004704653 -0.007734595 -0.004831405 0.999947369
1311870429.863196 0.005448088 -0.008043909 -0.012737635 0.004667976 -0.007311981 -0.007022117 0.999937713
1311870429.899470 0.005522129 -0.005829207 -0.012915265 0.004958478 -0.007454656 -0.007793952 0.999929547
1311870429.931446 0.004428857 -0.003436758 -0.011028127 0.004685292 -0.007698976 -0.008703270 0.999921501
1311870429.963465 0.006055105 -0.005843686 -0.013288199 0.002502791 -0.008763598 -0.009705095 0.999911368
1311870429.999478 0.006986137 -0.006593044 -0.012079281 0.001115980 -0.008911795 -0.009663866 0.999912977
1311870430.063451 0.007469302 -0.007243447 -0.012585410 0.000311053 -0.007850419 -0.009149852 0.999927282
1311870430.099355 0.006016788 -0.004040292 -0.010433991 0.001723726 -0.006552055 -0.008521849 0.999940753
1311870430.163315 0.006793429 -0.006529012 -0.011914576 0.001456652 -0.006565309 -0.008535490 0.999940932
1311870430.199392 0.006834121 -0.005537235 -0.010045552 0.002006416 -0.006257946 -0.007872318 0.999947429
1311870430.263346 0.008639801 -0.008094063 -0.010351135 0.001516645 -0.007068772 -0.008617617 0.999936759
1311870430.299384 0.009913187 -0.007204416 -0.010365609 0.002901554 -0.006708694 -0.007985157 0.999941409
1311870430.331664 0.011943182 -0.008889240 -0.012474117 0.002578501 -0.006174334 -0.008256427 0.999943554
1311870430.363389 0.013322199 -0.007708620 -0.011473044 0.003285601 -0.005202855 -0.006890397 0.999957323
1311870430.399281 0.013633215 -0.008256058 -0.011613525 0.003322290 -0.004367639 -0.006382423 0.999964595
1311870430.431391 0.014066773 -0.005906160 -0.012073981 0.003015397 -0.004037828 -0.006973000 0.999962986
1311870430.463459 0.013874413 -0.008769393 -0.010820257 0.001920887 -0.003225085 -0.006881380 0.999969244
1311870430.499344 0.015093404 -0.007798254 -0.010170924 0.003198145 -0.002427673 -0.006360999 0.999971688
1311870430.563500 0.018671384 -0.007892175 -0.011639832 0.003675584 -0.001907238 -0.006196212 0.999972224
1311870430.599385 0.018665170 -0.006820717 -0.011891917 0.004199577 -0.001130037 -0.006065561 0.999972165
1311870430.663444 0.020843057 -0.007786322 -0.011500634 0.003123470 -0.000270507 -0.006694545 0.999972701
1311870430.699258 0.023464404 -0.007903866 -0.011929931 0.002973554 -0.000044419 -0.007219106 0.999969542
1311870430.763500 0.025660140 -0.008442895 -0.013591857 0.004150319 0.002289492 -0.006465989 0.999967873
1311870430.799409 0.028759995 -0.006702233 -0.014220805 0.004403058 0.002225363 -0.006754362 0.999965012
1311870430.863574 0.033287287 -0.007637065 -0.013966550 0.003621076 0.002173665 -0.005959734 0.999973297
1311870430.899451 0.034320395 -0.008487443 -0.015279816 0.002995788 0.002639673 -0.006779063 0.999969065
1311870430.963601 0.039338280 -0.007603487 -0.016160427 0.003146524 0.003692735 -0.007485310 0.999960184
1311870430.999454 0.041552402 -0.009449103 -0.015887721 0.002868072 0.005559083 -0.007290031 0.999953866
1311870431.063647 0.051027413 -0.010044564 -0.015958417 0.003034474 0.010173189 -0.005875518 0.999926388
1311870431.099270 0.053528938 -0.010810939 -0.015256585 0.003816887 0.013280870 -0.003674007 0.999897778
1311870431.131475 0.058170360 -0.010372836 -0.014853704 0.004210208 0.015105838 -0.002339622 0.999874294
1311870431.163490 0.062854357 -0.010109713 -0.015853107 0.003672783 0.017006481 -0.001657132 0.999847293
1311870431.231528 0.073044755 -0.010034217 -0.017448206 0.003035540 0.021098126 0.000701620 0.999772549
1311870431.263518 0.080240734 -0.008895235 -0.016972398 0.003407530 0.022605214 0.001148378 0.999737978
1311870431.299516 0.084241472 -0.010440946 -0.015669012 0.002598664 0.025242139 0.000617546 0.999677777
1311870431.331676 0.088223800 -0.008750355 -0.014582348 0.002778202 0.028278070 0.001404917 0.999595225
1311870431.363631 0.094680637 -0.009688859 -0.016719919 0.002547183 0.029878123 0.002260688 0.999547780
1311870431.399293 0.097826965 -0.008800618 -0.016910248 0.001949824 0.031299882 0.002342436 0.999505401
1311870431.431480 0.102032699 -0.008151853 -0.016882822 0.001529807 0.031939793 0.002793343 0.999484718
1311870431.463503 0.108938158 -0.008662213 -0.018866602 0.001292308 0.032310136 0.003521910 0.999470890
1311870431.499459 0.115190446 -0.008088180 -0.017039547 0.001911156 0.033384949 0.003746405 0.999433696
1311870431.531388 0.118700363 -0.009135252 -0.019619009 0.002407578 0.034803018 0.004313998 0.999381959
1311870431.563325 0.120495744 -0.009332478 -0.020752115 0.003288199 0.035843592 0.004369648 0.999342442
1311870431.599430 0.124977939 -0.011149599 -0.022872558 0.003898809 0.036710907 0.004096812 0.999309897
1311870431.631542 0.128524825 -0.011130881 -0.023276959 0.006253033 0.038292918 0.005199553 0.999233484
1311870431.663486 0.131664649 -0.009216105 -0.024566993 0.007856495 0.038504280 0.005767249 0.999210894
1311870431.699385 0.134914264 -0.011294751 -0.026592160 0.007993137 0.037339222 0.006604489 0.999248862
1311870431.731529 0.139308900 -0.012704409 -0.029433221 0.008528928 0.035908829 0.007865670 0.999287724
1311870431.763721 0.141032651 -0.013703370 -0.029798102 0.009190626 0.035792466 0.008201811 0.999283314
1311870431.799486 0.143215269 -0.015554452 -0.033585347 0.010206771 0.035420313 0.008073400 0.999287724
1311870431.831541 0.146734729 -0.015453372 -0.037920531 0.011181075 0.034093503 0.008122385 0.999323070
1311870431.863694 0.148846194 -0.012999208 -0.035750758 0.012839241 0.033278435 0.007655628 0.999334335
1311870431.899573 0.150026709 -0.015984237 -0.039048139 0.012579755 0.033197965 0.006813902 0.999346375
1311870431.931488 0.154006168 -0.015784502 -0.041156437 0.014220977 0.032597173 0.006039312 0.999349117
1311870431.963564 0.158675447 -0.017202027 -0.042520925 0.015353097 0.032204792 0.005129149 0.999350190
1311870431.999553 0.157311708 -0.017020704 -0.042663332 0.016704867 0.034240108 0.004499867 0.999263883
1311870432.031509 0.161762968 -0.017749052 -0.044651303 0.018577142 0.034618620 0.005426503 0.999213219
1311870432.063526 0.165279016 -0.019899320 -0.047864519 0.019875830 0.035256557 0.004846741 0.999168873
1311870432.099459 0.170604751 -0.021719469 -0.048372664 0.021162488 0.036812253 0.004782155 0.999086678
1311870432.131603 0.173515052 -0.017281063 -0.048666701 0.025054483 0.040191509 0.004246154 0.998868823
1311870432.163607 0.176550657 -0.016685577 -0.049368840 0.023705773 0.040914375 0.003223259 0.998876214
1311870432.199461 0.180283308 -0.016695714 -0.051314536 0.022478346 0.039611738 0.001514082 0.998961151
1311870432.231754 0.183182701 -0.019193184 -0.050016735 0.020538749 0.038798142 0.003127465 0.999031067
1311870432.263643 0.188629553 -0.021656882 -0.050906755 0.020672578 0.038414773 0.004076732 0.999039710
1311870432.299615 0.193282962 -0.022686712 -0.048659153 0.021882324 0.039916158 0.003983962 0.998955429
1311870432.331460 0.198333159 -0.022708232 -0.050039850 0.023848964 0.042328760 0.003483120 0.998812973
1311870432.363365 0.200316653 -0.020282026 -0.049842555 0.025628539 0.045151539 0.001263632 0.998650551
1311870432.399630 0.200927198 -0.015760651 -0.049079373 0.025736516 0.046717696 -0.000835284 0.998576164
1311870432.431690 0.200853899 -0.015415058 -0.048647292 0.023684900 0.044933502 -0.002429508 0.998706222
1311870432.463520 0.204787135 -0.018024793 -0.047143281 0.021436172 0.041790795 -0.003067023 0.998891711
1311870432.499674 0.210776836 -0.019440444 -0.047906771 0.020944171 0.040578328 -0.003293266 0.998951375
1311870432.531554 0.216833144 -0.022924885 -0.045962006 0.021165244 0.041797701 -0.003319987 0.998896360
1311870432.563517 0.218259513 -0.024865616 -0.044973236 0.022794235 0.043816049 -0.003515565 0.998773396
1311870432.599522 0.221447557 -0.021738319 -0.046631105 0.024614567 0.043565005 -0.004363304 0.998737812
1311870432.631484 0.225479588 -0.018053092 -0.044388819 0.025136890 0.042612202 -0.003015808 0.998770893
1311870432.663494 0.227810621 -0.017894736 -0.047412626 0.023545651 0.041609474 -0.001668879 0.998855114
1311870432.699551 0.230961084 -0.018813135 -0.047060989 0.022345738 0.039978571 -0.000962125 0.998950183
1311870432.731507 0.236182153 -0.019226927 -0.048003856 0.021779554 0.039047748 0.000296439 0.998999894
1311870432.763511 0.241352335 -0.019259945 -0.044889007 0.021838231 0.038980220 0.002621284 0.998997867
1311870432.799641 0.245338172 -0.017541157 -0.044403050 0.022755818 0.039961550 0.004354618 0.998932540
1311870432.831541 0.250844330 -0.015492585 -0.043938864 0.021939117 0.040387906 0.005052935 0.998930395
1311870432.863631 0.254754066 -0.018588265 -0.043983132 0.020627156 0.040628947 0.005862268 0.998944163
1311870432.899615 0.254374653 -0.017318262 -0.041012742 0.021061314 0.041032854 0.006478240 0.998914778
1311870432.931572 0.261223793 -0.014574219 -0.042291123 0.020816086 0.039133500 0.006411092 0.998996615
1311870432.963562 0.263847440 -0.017114431 -0.042593654 0.019525731 0.038871411 0.005718946 0.999037087
1311870432.999630 0.269387484 -0.017078312 -0.043274906 0.019909570 0.037670542 0.006178122 0.999072790
1311870433.031584 0.272753060 -0.018285260 -0.043392245 0.020260274 0.037213232 0.007393707 0.999074578
1311870433.063635 0.277807325 -0.016731329 -0.042227071 0.021041915 0.036874942 0.008280309 0.999064028
1311870433.099562 0.281719327 -0.018076269 -0.042962763 0.021283902 0.037036858 0.008025107 0.999055028
1311870433.131626 0.285288662 -0.015761832 -0.043608248 0.022833072 0.036868095 0.006189163 0.999040127
1311870433.163663 0.286491007 -0.015567242 -0.044191830 0.023197796 0.036396511 0.003901053 0.999060512
1311870433.199558 0.291697800 -0.011460287 -0.045248039 0.023380503 0.034345504 0.002646849 0.999132991
1311870433.231636 0.294386864 -0.008042010 -0.045339502 0.021543588 0.031935532 0.000466611 0.999257624
1311870433.263519 0.297675997 -0.009155697 -0.044008300 0.018443225 0.029111419 -0.000991537 0.999405503
1311870433.299576 0.303604484 -0.009044304 -0.045031019 0.016522774 0.026514476 -0.001482722 0.999510825
1311870433.331596 0.310493916 -0.009475170 -0.044677563 0.014538405 0.024992317 -0.001857151 0.999580204
1311870433.363571 0.317430675 -0.008024921 -0.043666430 0.013024383 0.024058746 -0.000924033 0.999625266
1311870433.399625 0.323148280 -0.008208647 -0.044119164 0.011087356 0.023346458 -0.001020811 0.999665439
1311870433.431583 0.330927759 -0.007918907 -0.042554740 0.009639807 0.022041850 -0.001855980 0.999708891
1311870433.463559 0.338943928 -0.006745724 -0.042059880 0.008171227 0.021779601 -0.002076992 0.999727249
1311870433.499504 0.345993191 -0.009039939 -0.041019753 0.007050378 0.022663204 -0.001976287 0.999716341
1311870433.563651 0.359023213 -0.005586372 -0.042190891 0.006948820 0.023949014 -0.000880391 0.999688625
1311870433.599748 0.365235925 -0.007762257 -0.041434817 0.005382024 0.024118017 -0.001264510 0.999693811
1311870433.633359 0.370698482 -0.005376115 -0.040440690 0.004857399 0.024158698 -0.001857892 0.999694586
1311870433.663567 0.377316892 -0.007335060 -0.040123507 0.003529155 0.024242405 -0.002883190 0.999695718
1311870433.699816 0.381687731 -0.007761891 -0.040250320 0.003324891 0.025532272 -0.002730802 0.999664724
1311870433.731536 0.387986571 -0.006595338 -0.037333988 0.003826454 0.026394660 -0.001190175 0.999643564
1311870433.763545 0.392283648 -0.004706940 -0.039848864 0.004024554 0.027512260 -0.000686236 0.999613106
1311870433.799626 0.396970510 -0.005730978 -0.038517538 0.003273486 0.028532850 -0.000118657 0.999587476
1311870433.831859 0.400819838 -0.004205387 -0.035953794 0.003473932 0.030176133 0.000516794 0.999538422
1311870433.863545 0.407321185 -0.003216400 -0.037597705 0.002885443 0.031207124 0.001491275 0.999507666
1311870433.899585 0.409634709 -0.003764182 -0.034398403 0.001762623 0.033349521 0.001387866 0.999441206
1311870433.931709 0.414110839 -0.005412988 -0.034076296 0.001521325 0.035683457 0.002804857 0.999358058
1311870433.963703 0.417433202 -0.003882325 -0.032832280 0.002144110 0.037158586 0.004913746 0.999294996
1311870433.999523 0.420150071 -0.001377909 -0.031053511 0.001704001 0.038359363 0.004362990 0.999253035
1311870434.031599 0.424663037 -0.004329605 -0.029549960 0.000457924 0.039281256 0.004615662 0.999217391
1311870434.063605 0.426730990 -0.002955184 -0.030416671 0.000540318 0.040792342 0.004622110 0.999156773
1311870434.099832 0.428500533 -0.003674235 -0.028422510 -0.000042774 0.042176284 0.004890216 0.999098241
1311870434.131804 0.431401402 -0.005364127 -0.026921066 0.000026436 0.043707542 0.005238874 0.999030590
1311870434.163544 0.435000807 -0.005659234 -0.026266767 0.000862694 0.045160200 0.005749531 0.998962820
1311870434.199633 0.436512470 -0.005959625 -0.026163938 0.001285965 0.046630569 0.006598009 0.998889565
1311870434.231542 0.437344074 -0.004729135 -0.023038795 0.001278599 0.047065895 0.007528789 0.998862565
1311870434.263545 0.440589130 -0.004479997 -0.023009805 0.000699544 0.046125114 0.008085577 0.998902678
1311870434.299615 0.440836638 -0.003256158 -0.023541560 -0.000124130 0.045743637 0.009528519 0.998907745
1311870434.331839 0.442617446 -0.004348498 -0.024704114 -0.001718264 0.043965254 0.010809302 0.998973072
1311870434.363534 0.444261461 -0.003151527 -0.021298565 -0.003028499 0.041945014 0.011492180 0.999049246
1311870434.399678 0.448360443 -0.003141603 -0.020644328 -0.005088319 0.041449320 0.010329556 0.999074280
1311870434.431695 0.453102440 -0.003922536 -0.021819863 -0.006924421 0.042492963 0.008818783 0.999033868
1311870434.463583 0.457304358 -0.003022623 -0.019588603 -0.008385835 0.044997584 0.007207908 0.998925865
1311870434.499762 0.459917217 -0.002105017 -0.016636141 -0.009940185 0.048179053 0.005062291 0.998776436
1311870434.531561 0.462834984 -0.001501722 -0.014068275 -0.011084076 0.049828079 0.003126023 0.998691380
1311870434.563553 0.464423895 -0.001175870 -0.013829555 -0.012255636 0.050713483 0.001269134 0.998637199
1311870434.599830 0.467684567 0.000004666 -0.011475541 -0.013806421 0.050303813 0.001048196 0.998637974
1311870434.631527 0.472477466 -0.000135013 -0.010162916 -0.015555870 0.049871396 0.000993184 0.998633981
1311870434.663662 0.476040840 -0.000432507 -0.008844505 -0.017543757 0.050882909 -0.000491435 0.998550415
1311870434.699666 0.479669183 -0.000936743 -0.004754466 -0.018884374 0.052025847 -0.002163135 0.998464823
1311870434.731536 0.484474689 0.001212457 -0.005486369 -0.019762382 0.052907433 -0.003576078 0.998397470
1311870434.767663 0.486293107 0.004968964 -0.003415309 -0.021938024 0.053323686 -0.004917419 0.998324156
1311870434.799566 0.490770817 0.008756576 -0.003308316 -0.025523214 0.052406147 -0.005641950 0.998283684
1311870434.831779 0.494364709 0.011070622 0.001156281 -0.031346232 0.051754490 -0.006013895 0.998149633
1311870434.867798 0.496520311 0.013192850 0.004025581 -0.037209418 0.050816800 -0.006632115 0.997992575
1311870434.899553 0.499188989 0.015721429 0.009195497 -0.044464644 0.049355589 -0.007521961 0.997762680
1311870434.931645 0.501688838 0.018134994 0.011148983 -0.051461861 0.046559855 -0.008505329 0.997552812
1311870434.967535 0.506192207 0.019559791 0.012087016 -0.058642961 0.042118452 -0.008008591 0.997357965
1311870434.999589 0.511340261 0.020516759 0.015386940 -0.064806670 0.037461907 -0.009526510 0.997148931
1311870435.031785 0.511470616 0.021780048 0.015969265 -0.069745101 0.035589837 -0.010705873 0.996872306
1311870435.067626 0.515111685 0.024193738 0.020575907 -0.073541544 0.033207595 -0.011781959 0.996669471
1311870435.099699 0.519398212 0.022446152 0.021494472 -0.077500001 0.031110244 -0.013272181 0.996418476
1311870435.131763 0.524448991 0.026306432 0.026240062 -0.081399851 0.029661307 -0.014398424 0.996136010
1311870435.167540 0.527011275 0.027283790 0.028485585 -0.085280895 0.029140983 -0.015976483 0.995802522
1311870435.199566 0.527938902 0.027986053 0.030916519 -0.089033835 0.029696649 -0.017542079 0.995431244
1311870435.231679 0.533557236 0.030247103 0.033294562 -0.092400618 0.028529041 -0.017851043 0.995153010
1311870435.267867 0.535938084 0.034523960 0.034248568 -0.096112885 0.026729550 -0.018250691 0.994844079
1311870435.299742 0.540092885 0.030087017 0.033338651 -0.101767585 0.024845865 -0.020953042 0.994277120
1311870435.331634 0.541869402 0.028764125 0.035275273 -0.105151154 0.025688924 -0.024583206 0.993820429
1311870435.367691 0.543029785 0.029339300 0.037690215 -0.107176431 0.028284296 -0.027971879 0.993443906
1311870435.399734 0.548797429 0.031875540 0.037884545 -0.107954413 0.029155228 -0.031155443 0.993239760
1311870435.431784 0.548873723 0.030817538 0.039386570 -0.109668002 0.031043323 -0.034291595 0.992891371
1311870435.467618 0.551743507 0.034599259 0.045823526 -0.110663906 0.031085143 -0.035724293 0.992729068
1311870435.499650 0.555215180 0.035334621 0.047145355 -0.112892702 0.030666672 -0.036397710 0.992466629
1311870435.531794 0.559331656 0.035625193 0.048525833 -0.114894159 0.030027607 -0.036434274 0.992255092
1311870435.567656 0.562685549 0.034976903 0.052073218 -0.117054984 0.029478231 -0.036241669 0.992026031
1311870435.599673 0.568613172 0.033774815 0.052661717 -0.118195780 0.029120855 -0.037712898 0.991846502
1311870435.631832 0.571553826 0.033869307 0.054904763 -0.118658140 0.030541014 -0.039263371 0.991688371
1311870435.667902 0.577037573 0.035242848 0.056796052 -0.119477175 0.031805113 -0.039241873 0.991551161
1311870435.699715 0.581094027 0.035809547 0.059611417 -0.120676659 0.032252990 -0.038915329 0.991404295
1311870435.731639 0.584001720 0.037372228 0.060944427 -0.122034550 0.032205429 -0.038982250 0.991236985
1311870435.767597 0.588501692 0.036287606 0.065002799 -0.124305189 0.032356396 -0.038954794 0.990950942
1311870435.799955 0.592162251 0.035463851 0.067395620 -0.125449657 0.032709770 -0.039162464 0.990786910
1311870435.831633 0.596620083 0.035467084 0.067951389 -0.126318082 0.031703845 -0.039584547 0.990692556
1311870435.867717 0.598788142 0.035529226 0.070592783 -0.127028108 0.031272240 -0.040234443 0.990589261
1311870435.899972 0.603988469 0.035583913 0.073923707 -0.127511203 0.030157501 -0.040218901 0.990562379
1311870435.931792 0.605236590 0.035580654 0.078190394 -0.127754942 0.030889971 -0.039787769 0.990525842
1311870435.967666 0.609060645 0.032776460 0.079569153 -0.128751770 0.030364372 -0.039529324 0.990423381
1311870435.999894 0.612260759 0.032305818 0.081599854 -0.129500672 0.029739708 -0.039244357 0.990356028
1311870436.031755 0.616127133 0.034441598 0.084103271 -0.129485652 0.029681087 -0.038900662 0.990373313
1311870436.067746 0.620428562 0.033182804 0.087217689 -0.130428076 0.029643640 -0.040023431 0.990206003
1311870436.099813 0.622985125 0.030048195 0.090286389 -0.131443039 0.029945401 -0.040810265 0.990030587
1311870436.131762 0.628978014 0.031542048 0.091488063 -0.130285859 0.029576039 -0.041444030 0.990168273
1311870436.167891 0.629106939 0.028769359 0.092679881 -0.130187795 0.030297911 -0.040567458 0.990195692
1311870436.200035 0.632686615 0.026818080 0.098137215 -0.129811212 0.029997656 -0.040725730 0.990247726
1311870436.231775 0.635444701 0.024587052 0.101136133 -0.128205001 0.030533718 -0.039715867 0.990481615
1311870436.267655 0.638863504 0.022023113 0.102143973 -0.126159891 0.030735483 -0.040199328 0.990718424
1311870436.299786 0.643966854 0.023973349 0.102316052 -0.123247206 0.029192643 -0.037575468 0.991234601
1311870436.331958 0.645784736 0.020962417 0.103457294 -0.122414865 0.027946012 -0.035126206 0.991463423
1311870436.367789 0.647686422 0.020845203 0.104404740 -0.121583357 0.027096920 -0.034338955 0.991616905
1311870436.399748 0.649366438 0.018788939 0.106004946 -0.122104570 0.027167240 -0.033756219 0.991570950
1311870436.431853 0.650188029 0.013953758 0.105692126 -0.122130230 0.027895175 -0.033442911 0.991558194
1311870436.467708 0.653238356 0.012751277 0.108247325 -0.120562240 0.027637765 -0.034089230 0.991735280
1311870436.499724 0.654964089 0.008968040 0.109530628 -0.118849233 0.026823204 -0.034653626 0.991944790
1311870436.531686 0.652828872 0.006168912 0.109410502 -0.115864746 0.026891120 -0.034575481 0.992298722
1311870436.567649 0.650616169 0.003766351 0.112040974 -0.112915136 0.026138419 -0.035839278 0.992613971
1311870436.600076 0.651948631 0.005178194 0.113348208 -0.109243535 0.022634720 -0.034584280 0.993155301
1311870436.633915 0.653675318 0.001577793 0.109524123 -0.107045069 0.017868876 -0.033127449 0.993541479
1311870436.667799 0.657748759 0.001349579 0.106540866 -0.105399057 0.012339908 -0.028610636 0.993941724
1311870436.699713 0.660141408 -0.001555746 0.106472842 -0.106510267 0.007757823 -0.023311043 0.994008064
1311870436.731758 0.664192975 -0.008249901 0.106409416 -0.107111193 0.003911226 -0.021585606 0.994005024
1311870436.768050 0.666375518 -0.011601743 0.107043594 -0.104737170 0.002524466 -0.022970412 0.994231403
1311870436.799700 0.669234276 -0.016073072 0.106209710 -0.101867765 0.003346059 -0.026037788 0.994451523
1311870436.831852 0.672833025 -0.019505396 0.108156160 -0.098099239 0.004273650 -0.027563043 0.994785666
1311870436.867905 0.674604177 -0.020050865 0.108696423 -0.094778925 0.003790286 -0.026795218 0.995130420
1311870436.899855 0.680581987 -0.019710116 0.109542780 -0.092373848 0.001826520 -0.024838829 0.995412827
1311870436.931933 0.682340920 -0.021294422 0.108468980 -0.090535268 -0.000018076 -0.021688776 0.995657027
1311870436.968236 0.684292674 -0.026118191 0.108615324 -0.090137824 -0.003723943 -0.020205483 0.995717347
1311870436.999889 0.691902459 -0.031636324 0.107152283 -0.089514382 -0.007471876 -0.021115862 0.995733619
1311870437.031944 0.698386848 -0.033419900 0.105144106 -0.087314583 -0.008997835 -0.019981459 0.995939732
1311870437.067654 0.701827943 -0.034396082 0.106354013 -0.085032269 -0.009214135 -0.019052219 0.996153414
1311870437.100178 0.706635177 -0.036374170 0.104500063 -0.083867207 -0.010793054 -0.017652782 0.996262074
1311870437.131969 0.712191224 -0.036050450 0.104741983 -0.083278850 -0.014011175 -0.016000086 0.996299326
1311870437.167667 0.717881739 -0.038582318 0.105327107 -0.082762480 -0.016952369 -0.016587265 0.996287048
1311870437.199925 0.726811945 -0.041975833 0.104950458 -0.082157306 -0.019801343 -0.017857296 0.996262610
1311870437.231936 0.732847512 -0.046570115 0.105627835 -0.081171162 -0.021314425 -0.018080277 0.996308208
1311870437.267827 0.739611089 -0.050522283 0.107697420 -0.080166675 -0.022522027 -0.017946076 0.996365428
1311870437.300070 0.745301783 -0.051179226 0.109453797 -0.078165613 -0.024580989 -0.017948847 0.996475697
1311870437.331827 0.755015492 -0.053530540 0.109255649 -0.076179437 -0.028065262 -0.019139726 0.996515274
1311870437.367959 0.760903001 -0.053947229 0.111873783 -0.073783487 -0.030364132 -0.020254660 0.996606171
1311870437.399868 0.769205213 -0.053815190 0.111985810 -0.071525022 -0.032964155 -0.020570720 0.996681690
1311870437.431930 0.777007520 -0.057984184 0.113534473 -0.071111143 -0.035996836 -0.021276029 0.996591568
1311870437.467917 0.784565806 -0.059019241 0.114857629 -0.069964670 -0.038971558 -0.020949362 0.996567726
1311870437.499944 0.793758273 -0.063434280 0.115933478 -0.069671877 -0.041955739 -0.022749431 0.996427655
1311870437.531864 0.801402390 -0.065314770 0.118577883 -0.068682991 -0.043959688 -0.024772836 0.996361613
1311870437.567872 0.807592154 -0.070041880 0.121382073 -0.068229876 -0.045110766 -0.026852952 0.996287465
1311870437.599941 0.815903962 -0.074789688 0.121592380 -0.067257345 -0.046943810 -0.028864242 0.996212602
1311870437.631901 0.824297309 -0.075583443 0.124109447 -0.065140754 -0.048408270 -0.029000573 0.996279240
1311870437.667940 0.831703961 -0.077208288 0.126366317 -0.063797429 -0.050164830 -0.029257145 0.996271729
1311870437.699777 0.836964965 -0.080783114 0.125023097 -0.063265853 -0.052131370 -0.030559555 0.996165574
1311870437.731943 0.844379544 -0.083065890 0.126350820 -0.062391359 -0.054601502 -0.032294374 0.996033669
1311870437.767795 0.853624701 -0.085638985 0.129636779 -0.061564270 -0.057323739 -0.034499578 0.995858192
1311870437.799747 0.861617267 -0.086885035 0.130855709 -0.059947301 -0.059243988 -0.035556134 0.995807350
1311870437.831896 0.869956076 -0.087834984 0.129981831 -0.058311518 -0.061247565 -0.036708359 0.995741427
1311870437.868123 0.877601862 -0.089660540 0.132001981 -0.057110675 -0.063423425 -0.037547611 0.995643556
1311870437.900069 0.885971963 -0.092359245 0.133920595 -0.056020379 -0.065877162 -0.038161620 0.995522797
1311870437.932604 0.891457379 -0.090476215 0.137632415 -0.054382421 -0.067829899 -0.035915796 0.995566010
1311870437.967868 0.901206613 -0.094299436 0.137024388 -0.054604936 -0.070827745 -0.034101419 0.995408893
1311870437.999873 0.907443643 -0.097315803 0.138099059 -0.054571807 -0.072726510 -0.034797251 0.995249689
1311870438.032040 0.916484475 -0.097683862 0.137241796 -0.053535886 -0.074570112 -0.036393218 0.995112419
1311870438.067992 0.923701465 -0.098791353 0.137789547 -0.052560575 -0.075441889 -0.037232317 0.995067656
1311870438.100054 0.933183670 -0.099765055 0.138309002 -0.051442936 -0.076527528 -0.037860125 0.995019495
1311870438.131845 0.941141069 -0.101506263 0.138614476 -0.050403431 -0.077493645 -0.038651936 0.994967461
1311870438.167952 0.947163761 -0.104756683 0.138922408 -0.049157467 -0.078527518 -0.039661027 0.994909048
1311870438.200093 0.955879748 -0.106593460 0.136866584 -0.047269821 -0.080122314 -0.040421862 0.994842768
1311870438.231870 0.965333641 -0.107234456 0.135290295 -0.045966756 -0.081105508 -0.040911630 0.994804084
1311870438.267979 0.972261012 -0.108583100 0.134538814 -0.045156259 -0.081377007 -0.041619655 0.994789660
1311870438.299797 0.979044616 -0.108289249 0.135096639 -0.044653118 -0.081758343 -0.041577496 0.994782865
1311870438.331819 0.985650301 -0.108953513 0.135104463 -0.044858564 -0.082672305 -0.042109989 0.994675696
1311870438.367780 0.992112339 -0.109788261 0.135945722 -0.045064129 -0.083712503 -0.043052979 0.994539022
1311870438.399835 0.999483049 -0.110300429 0.136308268 -0.044784956 -0.084784843 -0.043008029 0.994462729
1311870438.432856 1.004110813 -0.110042997 0.135349467 -0.044294991 -0.085685611 -0.042513944 0.994428754
1311870438.467869 1.008712530 -0.110326961 0.134263054 -0.044322431 -0.087764777 -0.042544447 0.994244874
1311870438.500036 1.013851166 -0.109790407 0.135444000 -0.044440091 -0.090375833 -0.044343051 0.993927062
1311870438.531921 1.020377398 -0.111156523 0.132965222 -0.044786405 -0.092802517 -0.046924077 0.993569314
1311870438.568013 1.023327827 -0.110465720 0.133809507 -0.045246247 -0.093906268 -0.048535958 0.993367314
1311870438.600021 1.028648973 -0.110550672 0.135387212 -0.045552749 -0.095204800 -0.050108567 0.993151605
1311870438.631835 1.032039165 -0.111376680 0.136555061 -0.045326263 -0.096616901 -0.051545870 0.992952049
1311870438.667869 1.038134575 -0.111403748 0.136426106 -0.044902887 -0.098615855 -0.051637173 0.992770016
1311870438.699970 1.041061759 -0.111393601 0.137494475 -0.044877682 -0.099752538 -0.051197447 0.992680311
1311870438.732000 1.045022488 -0.112314947 0.137444153 -0.045203179 -0.101225518 -0.049513653 0.992601871
1311870438.768162 1.049082756 -0.112540528 0.138840482 -0.045043647 -0.102975823 -0.048780356 0.992465377
1311870438.799815 1.052568555 -0.114256926 0.139762133 -0.045530416 -0.104390442 -0.049437296 0.992262840
1311870438.832114 1.054218411 -0.113717869 0.140678987 -0.045595519 -0.105959296 -0.050312262 0.992049575
1311870438.867827 1.057428241 -0.116637334 0.143007979 -0.046306379 -0.108146422 -0.051734950 0.991707385
1311870438.900416 1.060848951 -0.117906675 0.143329129 -0.045607232 -0.109848067 -0.053977121 0.991433263
1311870438.932530 1.064573407 -0.117434733 0.144001290 -0.044703938 -0.110865533 -0.053866625 0.991367102
1311870438.967952 1.068777561 -0.118310571 0.145563170 -0.044307068 -0.111538760 -0.054307878 0.991285384
1311870439.000222 1.071138620 -0.117406532 0.146614760 -0.044475362 -0.110965997 -0.054604169 0.991325796
1311870439.031959 1.075327039 -0.119332813 0.147377312 -0.045538012 -0.110032059 -0.055664632 0.991322696
1311870439.067798 1.076314569 -0.118645184 0.152400538 -0.046193779 -0.108740307 -0.055149753 0.991463661
1311870439.100209 1.078959227 -0.118546940 0.155521944 -0.047322471 -0.109312534 -0.055314790 0.991338313
1311870439.131876 1.082441330 -0.120643735 0.158992678 -0.048642244 -0.111034170 -0.057433717 0.990962505
1311870439.167836 1.086327910 -0.121997923 0.162016347 -0.049136065 -0.112464271 -0.059595738 0.990649164
1311870439.199794 1.091721892 -0.122877605 0.167050511 -0.049349576 -0.113296539 -0.060993642 0.990458608
1311870439.231835 1.097185373 -0.123642072 0.171759248 -0.049751543 -0.112988845 -0.062256783 0.990395069
1311870439.267817 1.100316882 -0.123961680 0.178397149 -0.050703753 -0.112167336 -0.063442543 0.990364909
1311870439.299813 1.105696678 -0.122916251 0.184379801 -0.051715996 -0.112646557 -0.062398117 0.990324557
1311870439.331860 1.108523726 -0.125133321 0.189278811 -0.053601071 -0.113593727 -0.063290961 0.990059435
1311870439.367859 1.114183664 -0.128860354 0.194250286 -0.055206582 -0.115114987 -0.066549562 0.989581704
1311870439.399807 1.119908810 -0.132099718 0.199936152 -0.055554315 -0.115631633 -0.069826171 0.989276171
1311870439.431917 1.124568224 -0.135736138 0.206830457 -0.054926373 -0.115552634 -0.072927907 0.989096701
1311870439.467853 1.126371861 -0.136595786 0.213373408 -0.054033041 -0.115631461 -0.074018933 0.989055634
1311870439.499862 1.129219413 -0.136995316 0.217957467 -0.053748321 -0.117539138 -0.074759714 0.988790512
1311870439.531912 1.133661509 -0.142758772 0.223234653 -0.054608084 -0.120963894 -0.076789767 0.988174617
1311870439.567862 1.136566043 -0.148381025 0.228232563 -0.054065932 -0.124338843 -0.077120513 0.987759650
1311870439.599826 1.141318202 -0.150473505 0.233345821 -0.052264750 -0.128189668 -0.077186130 0.987359166
1311870439.631904 1.145388722 -0.152336821 0.235476926 -0.051105116 -0.131590769 -0.077558599 0.986943185
1311870439.667868 1.150433779 -0.155621976 0.239456549 -0.050947808 -0.135195464 -0.077076688 0.986501753
1311870439.699827 1.154303670 -0.156912431 0.243623853 -0.051496319 -0.137462556 -0.077934243 0.986092508
1311870439.731911 1.159141183 -0.159980163 0.250317693 -0.052082650 -0.139329106 -0.080104351 0.985625744
1311870439.767878 1.162434697 -0.161147654 0.253248304 -0.051841017 -0.140261918 -0.082733810 0.985288918
1311870439.799818 1.162925720 -0.164020792 0.258555174 -0.052431218 -0.141706780 -0.085280754 0.984833658
1311870439.831973 1.166616678 -0.165011659 0.265254468 -0.051606514 -0.144889876 -0.085223690 0.984418869
1311870439.867821 1.169225931 -0.165314451 0.269459337 -0.050608363 -0.148954123 -0.084969535 0.983886003
1311870439.900184 1.175553203 -0.164639950 0.271222860 -0.050019868 -0.153617337 -0.085304193 0.983169794
1311870439.932173 1.182155132 -0.164944202 0.274540752 -0.051737566 -0.156142414 -0.084366463 0.982764006
1311870439.967891 1.187258720 -0.167859495 0.276539087 -0.053550567 -0.156041801 -0.081977978 0.982884943
1311870439.999959 1.190240860 -0.166771755 0.279810458 -0.054594561 -0.155027404 -0.079570673 0.983185887
1311870440.032069 1.191282511 -0.166045025 0.280745655 -0.055944949 -0.154329047 -0.079751119 0.983205199
1311870440.067993 1.197737455 -0.164583325 0.283291280 -0.056919944 -0.156207159 -0.080477312 0.982793391
1311870440.100001 1.199783444 -0.164728135 0.286920965 -0.058637608 -0.157330036 -0.082307063 0.982361674
1311870440.132116 1.200508237 -0.166567117 0.288367927 -0.060120571 -0.158356652 -0.084676601 0.981905580
1311870440.168088 1.200861096 -0.165503591 0.293572634 -0.060732711 -0.160341650 -0.086230986 0.981410384
1311870440.199932 1.205621719 -0.167001501 0.293585092 -0.061386548 -0.163496852 -0.088334188 0.980661809
1311870440.232151 1.209785104 -0.168403283 0.294008344 -0.062188827 -0.166870862 -0.090584584 0.979837298
1311870440.268000 1.212062120 -0.169313863 0.297881156 -0.062203549 -0.169869944 -0.091739319 0.979213357
1311870440.300046 1.217418671 -0.168672338 0.300932765 -0.062576078 -0.172536969 -0.091266647 0.978767395
1311870440.332046 1.219185352 -0.169972733 0.303373724 -0.063100360 -0.173391819 -0.092588037 0.978458524
1311870440.368148 1.221683979 -0.171667054 0.306558996 -0.063319378 -0.174169585 -0.093580596 0.978211820
1311870440.400131 1.226182461 -0.171408355 0.310539067 -0.063832782 -0.176612556 -0.094513223 0.977650583
1311870440.432012 1.229742169 -0.169780776 0.313603282 -0.064505987 -0.179212689 -0.093807749 0.977201045
1311870440.468251 1.234186888 -0.170250803 0.315336406 -0.066085152 -0.182718620 -0.093793303 0.976447344
1311870440.500265 1.238896012 -0.171989828 0.320737690 -0.067567341 -0.186678827 -0.094978027 0.975481868
1311870440.532310 1.245563865 -0.172413424 0.322553217 -0.068342276 -0.189360917 -0.096575774 0.974753737
1311870440.568327 1.251069307 -0.171674728 0.326353937 -0.069393456 -0.191805318 -0.098969437 0.973961174
1311870440.601112 1.254411697 -0.171948224 0.330712438 -0.071122251 -0.194764346 -0.101960443 0.972940147
1311870440.632152 1.262010336 -0.173306957 0.333403796 -0.072192609 -0.199440941 -0.106190890 0.971460283
1311870440.667912 1.265107632 -0.173125252 0.335562974 -0.073949277 -0.203127474 -0.111327752 0.969988048
1311870440.700052 1.270493507 -0.175142929 0.340440452 -0.075691618 -0.207639232 -0.116607875 0.968276501
1311870440.732289 1.281050682 -0.175803944 0.341898888 -0.075886406 -0.212532684 -0.121156581 0.966639638
1311870440.768161 1.288570762 -0.177057385 0.346016735 -0.076871499 -0.216664493 -0.125765353 0.965054572
1311870440.800074 1.295508385 -0.175449744 0.346789122 -0.077931479 -0.219773337 -0.129118517 0.963823020
1311870440.831930 1.303973317 -0.177002728 0.349456966 -0.080324806 -0.222910896 -0.133480236 0.962310553
1311870440.868097 1.311671495 -0.176250696 0.354062945 -0.082214378 -0.225356460 -0.137978479 0.960945964
1311870440.900702 1.318863034 -0.177786469 0.352554142 -0.084165446 -0.226744339 -0.143264323 0.959676266
1311870440.932236 1.325910568 -0.175969213 0.358560234 -0.085916907 -0.228710026 -0.148007229 0.958333910
1311870440.968265 1.331661940 -0.176454917 0.359313339 -0.087915741 -0.229544923 -0.152207091 0.957294583
1311870440.999991 1.339888453 -0.172283769 0.368435949 -0.089276269 -0.232630581 -0.155695587 0.955861747
1311870441.032175 1.346196532 -0.170870021 0.371653110 -0.091106631 -0.234475270 -0.158729658 0.954738617
1311870441.068154 1.354983091 -0.170326665 0.373584867 -0.093529783 -0.236901656 -0.160831884 0.953552783
1311870441.100200 1.361538172 -0.168884948 0.378747344 -0.095633097 -0.239241183 -0.163227826 0.952352166
1311870441.132291 1.367851496 -0.167455584 0.381385058 -0.098713890 -0.240953863 -0.164461583 0.951393306
1311870441.168090 1.374122620 -0.168230504 0.383999228 -0.101673618 -0.242436290 -0.166938588 0.950272918
1311870441.200181 1.380361676 -0.167880133 0.385127962 -0.104175635 -0.243115529 -0.169403836 0.949391723
1311870441.232068 1.387845993 -0.167171076 0.388225108 -0.107318655 -0.243737072 -0.171475351 0.948509991
1311870441.268233 1.393476486 -0.164993778 0.392994374 -0.109136410 -0.243875638 -0.174400136 0.947733343
1311870441.300230 1.399325967 -0.161696449 0.393830717 -0.110112898 -0.243843153 -0.177008599 0.947144985
1311870441.334609 1.406506658 -0.160796776 0.394499391 -0.112937830 -0.243969426 -0.178424403 0.946514010
1311870441.367979 1.411962867 -0.157150984 0.397610515 -0.115589321 -0.244420066 -0.178302228 0.946100533
1311870441.400106 1.421887398 -0.155352578 0.402297646 -0.119020879 -0.246061593 -0.178222016 0.945264339
1311870441.432295 1.428841233 -0.152540609 0.403896123 -0.122804061 -0.247324035 -0.178870589 0.944327950
1311870441.468277 1.430544734 -0.152532086 0.407640278 -0.127647012 -0.247193858 -0.180423871 0.943423927
1311870441.500170 1.439434171 -0.152648136 0.408624232 -0.130695999 -0.248065472 -0.182114497 0.942452312
1311870441.532130 1.445921779 -0.148836449 0.412524998 -0.132569760 -0.249193400 -0.183155224 0.941691041
1311870441.568914 1.449864745 -0.148038045 0.414109319 -0.135026991 -0.248982012 -0.184214428 0.941191077
1311870441.600118 1.456910491 -0.145655990 0.414680421 -0.136463642 -0.248099431 -0.184390739 0.941182435
1311870441.632942 1.460126400 -0.148404270 0.419951200 -0.139612690 -0.246811256 -0.184824556 0.940974176
1311870441.668118 1.466195345 -0.146409437 0.421647817 -0.141647846 -0.244931623 -0.184966043 0.941133320
1311870441.700172 1.469426632 -0.141210660 0.426149189 -0.142954826 -0.242060170 -0.184331894 0.941802800
1311870441.732030 1.471404314 -0.141854361 0.431339115 -0.145421579 -0.239017442 -0.183020189 0.942457855
1311870441.768221 1.477734089 -0.142839000 0.435417950 -0.147523344 -0.237486601 -0.181839734 0.942746639
1311870441.800208 1.481104374 -0.142803907 0.437839270 -0.148454040 -0.235610217 -0.180286244 0.943369508
1311870441.832186 1.483662367 -0.143540770 0.440558016 -0.149407104 -0.233960390 -0.177962661 0.944070637
1311870441.868242 1.487911463 -0.142268002 0.444232225 -0.149011612 -0.233761176 -0.176558658 0.944446027
1311870441.900199 1.488959074 -0.144523874 0.445527881 -0.148667306 -0.232202604 -0.174234882 0.945315897
1311870441.932347 1.493320346 -0.144961938 0.449370027 -0.147459581 -0.231752723 -0.171513930 0.946112752
1311870441.968225 1.492903352 -0.143928498 0.451053470 -0.146175265 -0.230917871 -0.167941675 0.947156429
1311870442.000519 1.495645642 -0.149745226 0.455100030 -0.146642491 -0.232541323 -0.163138777 0.947526395
1311870442.032101 1.498714209 -0.153076455 0.454901665 -0.146099970 -0.234508932 -0.160303265 0.947609186
1311870442.068163 1.500689268 -0.155196771 0.457531929 -0.145475209 -0.235613063 -0.158180967 0.947788060
1311870442.103605 1.496226192 -0.160297468 0.459872633 -0.144202873 -0.234321818 -0.158494875 0.948250055
1311870442.132295 1.499753475 -0.161428854 0.460209936 -0.139982328 -0.234712258 -0.159395337 0.948634923
1311870442.168086 1.497531891 -0.164821282 0.461868078 -0.136707857 -0.233254656 -0.161153674 0.949174762
1311870442.201178 1.496927500 -0.171446249 0.466139048 -0.133974522 -0.233260497 -0.161213055 0.949552894
1311870442.232210 1.492674232 -0.168749571 0.466553509 -0.129824668 -0.233371183 -0.160509467 0.950221121
1311870442.268206 1.496350527 -0.176932186 0.467366606 -0.128683925 -0.236426562 -0.159507692 0.949789584
1311870442.300086 1.496268034 -0.180326387 0.469283611 -0.127023712 -0.238123789 -0.159583598 0.949576259
1311870442.332140 1.495213151 -0.183940783 0.470747560 -0.125871733 -0.238979056 -0.160981879 0.949278772
1311870442.368246 1.492894650 -0.186822951 0.470839322 -0.123584934 -0.240027517 -0.161243528 0.949270308
1311870442.400030 1.490008235 -0.189153567 0.474707335 -0.121672645 -0.242463872 -0.161989689 0.948771000
1311870442.432189 1.487889409 -0.194779858 0.479303837 -0.120393783 -0.245469496 -0.160697520 0.948380947
1311870442.468023 1.488879442 -0.200372651 0.481253922 -0.118227385 -0.247745365 -0.158953488 0.948355556
1311870442.500198 1.487135291 -0.206344366 0.485388577 -0.116157517 -0.248066813 -0.156603545 0.948918164
1311870442.532181 1.485799670 -0.209697053 0.486883700 -0.113148801 -0.247369707 -0.152557895 0.950121939
1311870442.568220 1.484525681 -0.215350553 0.488962620 -0.111414656 -0.247804374 -0.149053439 0.950769603
1311870442.600265 1.484583735 -0.218901858 0.492570937 -0.109410807 -0.249152198 -0.146916389 0.950982690
1311870442.635674 1.479284525 -0.224273220 0.495858341 -0.108178325 -0.249840185 -0.146524876 0.951003551
1311870442.668160 1.477733374 -0.228645161 0.498317748 -0.106190696 -0.250744909 -0.147696495 0.950808227
1311870442.700211 1.474197984 -0.232477710 0.500417233 -0.104137823 -0.250730336 -0.148715079 0.950880349
1311870442.732224 1.473910213 -0.233582079 0.503858149 -0.101150863 -0.250843495 -0.148858473 0.951150477
1311870442.768169 1.470781446 -0.236940756 0.505651534 -0.099655226 -0.250307113 -0.149544612 0.951341987
1311870442.803175 1.468921423 -0.239504978 0.510005891 -0.097798310 -0.250365555 -0.148398668 0.951698720
1311870442.832847 1.467814207 -0.243563950 0.511103451 -0.095860012 -0.250277102 -0.148548394 0.951895773
1311870442.868218 1.464730024 -0.242796496 0.512555957 -0.093346089 -0.250382781 -0.147382453 0.952298999
1311870442.900140 1.463347673 -0.246397808 0.516661704 -0.092149116 -0.251906455 -0.147721440 0.951961160
1311870442.932118 1.462004900 -0.248162031 0.519741356 -0.090969220 -0.253141433 -0.146722317 0.951901555
1311870442.968874 1.461265206 -0.249504656 0.521816552 -0.090459853 -0.254027396 -0.144409165 0.952067792
1311870443.000647 1.459871054 -0.249219745 0.522752404 -0.089955613 -0.254368573 -0.142153025 0.952363968
1311870443.032544 1.458730102 -0.252128661 0.524664223 -0.089687645 -0.255438566 -0.141724944 0.952166677
1311870443.068224 1.455354095 -0.253387958 0.528103530 -0.089201204 -0.255890191 -0.142484561 0.951977670
1311870443.100206 1.456011176 -0.255729288 0.528964937 -0.088739909 -0.256693006 -0.141541243 0.951945364
1311870443.132186 1.454288840 -0.254562259 0.527967811 -0.087206297 -0.256547004 -0.140149072 0.952332377
1311870443.168697 1.453745365 -0.255234987 0.533026993 -0.087623037 -0.258738607 -0.138547346 0.951935470
1311870443.200234 1.453799129 -0.259810776 0.534575701 -0.088444084 -0.259999901 -0.138163343 0.951571643
1311870443.232146 1.451665998 -0.260374248 0.536511719 -0.088125356 -0.260526568 -0.136060968 0.951760054
1311870443.268148 1.452273011 -0.259431839 0.537164211 -0.087890267 -0.262194574 -0.132890999 0.951771677
1311870443.300216 1.453880191 -0.259962201 0.537126958 -0.088292971 -0.264595777 -0.132563472 0.951115310
1311870443.332286 1.453374505 -0.263656557 0.541129112 -0.088354193 -0.265859365 -0.133290440 0.950655580
1311870443.368387 1.455628514 -0.263509840 0.541658580 -0.086537004 -0.266418785 -0.132683769 0.950750947
1311870443.400129 1.457276940 -0.264373124 0.543189347 -0.086099707 -0.267667830 -0.131490737 0.950605571
1311870443.433543 1.457156181 -0.266539097 0.546091080 -0.086535104 -0.269223660 -0.130270988 0.950294554
1311870443.468216 1.458784938 -0.268324703 0.549449146 -0.086224437 -0.272079170 -0.129197598 0.949655831
1311870443.500190 1.462073445 -0.270860523 0.551865935 -0.085587010 -0.275020957 -0.129694849 0.948797941
1311870443.532274 1.461868048 -0.272532344 0.554219902 -0.083960801 -0.276502818 -0.130729929 0.948370397
1311870443.568228 1.465018630 -0.274364829 0.556147158 -0.083002426 -0.279083312 -0.129620567 0.947851062
1311870443.600188 1.468974471 -0.275221854 0.558954000 -0.082599409 -0.282464981 -0.129601926 0.946886599
1311870443.633824 1.472345233 -0.278702468 0.559737623 -0.082175240 -0.284682304 -0.131146476 0.946046412
1311870443.669450 1.476461053 -0.279621542 0.562562823 -0.081434444 -0.286891192 -0.131562561 0.945385218
1311870443.700456 1.479311466 -0.279593349 0.568124950 -0.080712140 -0.289523125 -0.132969037 0.944447517
1311870443.732224 1.482738137 -0.281851977 0.572835743 -0.079843573 -0.292707890 -0.135835275 0.943130910
1311870443.768189 1.488617301 -0.283378154 0.575161695 -0.078526944 -0.295807391 -0.138821498 0.941838682
1311870443.800762 1.494413972 -0.286823869 0.576347172 -0.078423902 -0.299303770 -0.141658351 0.940319002
1311870443.832760 1.500479221 -0.286680579 0.580916107 -0.077629253 -0.303320646 -0.144721344 0.938629866
1311870443.868379 1.506688476 -0.288987964 0.585489750 -0.077241138 -0.306811541 -0.150637314 0.936594307
1311870443.900223 1.513751984 -0.291103661 0.587382376 -0.076808520 -0.308985114 -0.155302301 0.935152352
1311870443.936095 1.520823717 -0.294520587 0.592385292 -0.077803738 -0.311085433 -0.159531921 0.933660567
1311870443.968820 1.525958657 -0.295377910 0.596947849 -0.077881984 -0.313356817 -0.165151179 0.931915760
1311870444.000310 1.532974124 -0.299894750 0.599607229 -0.078518413 -0.316282839 -0.172279090 0.929580510
1311870444.036121 1.539042354 -0.301469535 0.604651093 -0.079174690 -0.319469094 -0.177494213 0.927451670
1311870444.068450 1.547540188 -0.303091526 0.606429100 -0.079645447 -0.322883666 -0.180640414 0.925619662
1311870444.100313 1.553705812 -0.303069472 0.610484898 -0.080668710 -0.327255130 -0.183130145 0.923504174
1311870444.136376 1.564231634 -0.305516988 0.617341816 -0.081781827 -0.332714438 -0.185354009 0.921008527
1311870444.168597 1.572583079 -0.303194702 0.621088743 -0.082355306 -0.336491525 -0.184763506 0.919702947
1311870444.200428 1.580367446 -0.305746287 0.622718871 -0.083807908 -0.339844435 -0.185834140 0.918121815
1311870444.236334 1.586649656 -0.305794328 0.626229584 -0.085229293 -0.342666209 -0.186757371 0.916753829
1311870444.268377 1.591645360 -0.307339817 0.629581749 -0.086227559 -0.344843596 -0.186843693 0.915825903
1311870444.300356 1.597306609 -0.307146877 0.629228592 -0.085850194 -0.347913504 -0.187778428 0.914508164
1311870444.336251 1.606953382 -0.305146754 0.632372499 -0.084970638 -0.353245795 -0.190605074 0.911957860
1311870444.368372 1.615673423 -0.307253450 0.633630097 -0.085443191 -0.357203245 -0.194403723 0.909567177
1311870444.400227 1.622891665 -0.307477415 0.634063363 -0.086302452 -0.359056324 -0.196041256 0.908404231
1311870444.436312 1.628921866 -0.306615353 0.636388063 -0.088077359 -0.360390633 -0.196920782 0.907514811
1311870444.468622 1.636389494 -0.303615957 0.639548481 -0.088943854 -0.362604678 -0.198490456 0.906205475
1311870444.500194 1.645230651 -0.301811934 0.644848704 -0.090361603 -0.365613073 -0.199057832 0.904730797
1311870444.536787 1.653266311 -0.302001178 0.648336947 -0.092936665 -0.368101329 -0.199384421 0.903388083
1311870444.568395 1.659788847 -0.301374406 0.652447939 -0.094768092 -0.369943708 -0.199909493 0.902328610
1311870444.602292 1.665802240 -0.298805505 0.653902829 -0.095975935 -0.370744079 -0.200725883 0.901690960
1311870444.636266 1.673541665 -0.294040829 0.658668518 -0.097632043 -0.371378630 -0.201301858 0.901123464
1311870444.668446 1.677389026 -0.293011397 0.660351217 -0.102203667 -0.370417356 -0.199985072 0.901305377
1311870444.701032 1.681106925 -0.289122671 0.663789332 -0.106843412 -0.369668096 -0.200113028 0.901046515
1311870444.736354 1.687379599 -0.284784645 0.669134378 -0.110459454 -0.369554818 -0.203151122 0.899976432
1311870444.768245 1.692129016 -0.282264858 0.674091458 -0.114941120 -0.367708355 -0.206082597 0.899504900
1311870444.800418 1.696789622 -0.277485013 0.675419271 -0.118067794 -0.364922285 -0.209341973 0.899481893
1311870444.836377 1.696310401 -0.272838205 0.678688049 -0.121263012 -0.363375366 -0.212680355 0.898899734
1311870444.868299 1.700470567 -0.270230234 0.684091508 -0.124147110 -0.363798320 -0.214828029 0.897823572
1311870444.900329 1.705365300 -0.269799531 0.690359056 -0.127605200 -0.364962667 -0.215791211 0.896634459
1311870444.936351 1.708571672 -0.268584251 0.693827450 -0.130504310 -0.365309685 -0.214489266 0.896388233
1311870444.968539 1.713587999 -0.265287727 0.697735131 -0.132358655 -0.365470529 -0.212962836 0.896414697
1311870445.000303 1.718595386 -0.264719009 0.701555133 -0.134328619 -0.364637166 -0.212006912 0.896687567
1311870445.036238 1.722643495 -0.263891399 0.706995487 -0.135820448 -0.364315867 -0.210715950 0.896897733
1311870445.068452 1.727244973 -0.265300632 0.708409846 -0.137488216 -0.363887399 -0.212667391 0.896356821
1311870445.100300 1.728894472 -0.267911494 0.714359105 -0.139895648 -0.362931192 -0.215040118 0.895805717
1311870445.136199 1.735471725 -0.263535827 0.720650017 -0.140258193 -0.362151057 -0.216252938 0.895772815
1311870445.168341 1.737438798 -0.261709124 0.724522114 -0.141855329 -0.361810565 -0.218491808 0.895115376
1311870445.200264 1.738897920 -0.261710674 0.728008866 -0.142938927 -0.363863647 -0.220717251 0.893563449
1311870445.236342 1.744672418 -0.259379715 0.734914422 -0.142987266 -0.368791372 -0.221315816 0.891384840
1311870445.268384 1.749131203 -0.257970124 0.740169406 -0.144095570 -0.373420954 -0.220987141 0.889358163
1311870445.300289 1.751621246 -0.259206146 0.745412707 -0.146008179 -0.377762139 -0.220679268 0.887286901
1311870445.336313 1.756142378 -0.264312983 0.751661420 -0.148297071 -0.381748676 -0.222447261 0.884755969
1311870445.368329 1.759295702 -0.264700323 0.757095873 -0.148182720 -0.383170724 -0.224951744 0.883526385
1311870445.400309 1.760644436 -0.269345969 0.762110054 -0.149274349 -0.383015782 -0.227523461 0.882750928
1311870445.436350 1.764327168 -0.268198371 0.769041181 -0.150917292 -0.383157343 -0.227845728 0.882326901
1311870445.468401 1.767951131 -0.267048389 0.777140021 -0.152185991 -0.384483725 -0.228273615 0.881420970
1311870445.500377 1.769491792 -0.273386925 0.783866405 -0.155105978 -0.386319429 -0.233098671 0.878842711
1311870445.540077 1.769600153 -0.273180574 0.790916681 -0.154985756 -0.386402935 -0.237190440 0.877731681
1311870445.568331 1.773526311 -0.271412879 0.797261357 -0.150934547 -0.386534184 -0.239066109 0.877870977
1311870445.600389 1.774011135 -0.276735604 0.800395548 -0.149379492 -0.386163294 -0.243168682 0.877173126
1311870445.636324 1.778775930 -0.276594996 0.806257308 -0.147992119 -0.387233019 -0.246165738 0.876100063
1311870445.668335 1.780116558 -0.278124213 0.814684689 -0.146955177 -0.388177216 -0.247481629 0.875485897
1311870445.700236 1.781246781 -0.276671171 0.816429853 -0.146730870 -0.389289975 -0.246982887 0.875170171
1311870445.736362 1.784013867 -0.276097476 0.822650611 -0.148394138 -0.393481642 -0.247455060 0.872878790
1311870445.768584 1.783504605 -0.278530508 0.826515079 -0.151418090 -0.396755904 -0.248744875 0.870507538
1311870445.800369 1.784679294 -0.278352976 0.829931259 -0.152671114 -0.400441855 -0.249529824 0.868373632
1311870445.836299 1.786594272 -0.280252099 0.834882975 -0.154247969 -0.404095232 -0.249901891 0.866293073
1311870445.868337 1.788856864 -0.278667927 0.836723208 -0.155095309 -0.406632960 -0.248470023 0.865365624
1311870445.900306 1.788131952 -0.280897945 0.838751376 -0.157777399 -0.408294588 -0.247643352 0.864334762
1311870445.936551 1.790560484 -0.281853020 0.842668414 -0.159752905 -0.411008418 -0.246713355 0.862950504
1311870445.968392 1.794236422 -0.283539653 0.849312842 -0.161698163 -0.414410025 -0.246776536 0.860940993
1311870446.000304 1.794181108 -0.288430721 0.852620542 -0.163149372 -0.414565504 -0.248180717 0.860188425
1311870446.036758 1.799094677 -0.287525088 0.855798364 -0.161180124 -0.414462030 -0.248364836 0.860556304
1311870446.068635 1.796469331 -0.289787382 0.858490646 -0.160233736 -0.413764268 -0.250889570 0.860336363
1311870446.100357 1.799170494 -0.289893210 0.860749424 -0.157969579 -0.414963633 -0.253001958 0.859558523
1311870446.136276 1.798121572 -0.293114513 0.866387069 -0.158175111 -0.416752368 -0.253861636 0.858401060
1311870446.168735 1.802783370 -0.293098569 0.869456649 -0.157919139 -0.418798298 -0.253237396 0.857636511
1311870446.200427 1.806704998 -0.295575172 0.873310387 -0.157759577 -0.420907438 -0.253117979 0.856668055
1311870446.236315 1.806542397 -0.297590375 0.878194809 -0.156879216 -0.421759069 -0.253654510 0.856252074
1311870446.268306 1.809565902 -0.298676163 0.882438183 -0.156654790 -0.423326284 -0.252251357 0.855934203
1311870446.301025 1.812578797 -0.302959293 0.888331473 -0.158085078 -0.426066607 -0.251108974 0.854646504
1311870446.336338 1.816242933 -0.301243186 0.895042777 -0.157765120 -0.429418117 -0.249904901 0.853380263
1311870446.368954 1.818872213 -0.303193063 0.900406420 -0.158498436 -0.431984216 -0.249783859 0.851983547
1311870446.400492 1.821471930 -0.303626120 0.906234443 -0.158410341 -0.433542281 -0.249954537 0.851158023
1311870446.436540 1.822615385 -0.307839155 0.913388908 -0.158898607 -0.433633357 -0.249734506 0.851085186
1311870446.468367 1.827589154 -0.308553725 0.917902172 -0.157330975 -0.433493644 -0.249219090 0.851598561
1311870446.500355 1.828967452 -0.310339332 0.922518909 -0.156152308 -0.434603095 -0.250472695 0.850881934
1311870446.536436 1.829918981 -0.312078893 0.927117586 -0.154045537 -0.437603384 -0.252548456 0.849112809
1311870446.568393 1.834959865 -0.314119846 0.931989312 -0.152465388 -0.442285866 -0.253655374 0.846638322
1311870446.601101 1.835726380 -0.320260912 0.937273562 -0.152026117 -0.446064860 -0.256036460 0.844013929
1311870446.637765 1.840190887 -0.322562546 0.941646755 -0.149460241 -0.449904561 -0.258561760 0.841661036
1311870446.668422 1.844040394 -0.324730128 0.948512793 -0.147220850 -0.454324961 -0.261889964 0.838646829
1311870446.700430 1.849153519 -0.327280343 0.953111291 -0.144767374 -0.459040254 -0.266504914 0.835044682
1311870446.736562 1.853438973 -0.330136269 0.960418224 -0.142699018 -0.464159429 -0.271838039 0.830841184
1311870446.768561 1.860224366 -0.333386183 0.966545939 -0.141620964 -0.468685120 -0.276346356 0.826988757
1311870446.800611 1.862935781 -0.334981233 0.972666085 -0.140285254 -0.472687781 -0.280572295 0.823508024
1311870446.839890 1.869684219 -0.338039309 0.980590761 -0.139478385 -0.477285802 -0.284648567 0.819584787
1311870446.868281 1.873991966 -0.342323273 0.984497249 -0.139444828 -0.479787618 -0.287891328 0.816992998
1311870446.900517 1.879705429 -0.347183079 0.990177274 -0.139738113 -0.482603908 -0.290321320 0.814420164
1311870446.938961 1.887022018 -0.349265873 0.998154819 -0.140269116 -0.485420793 -0.293465048 0.811522961
1311870446.968287 1.890769362 -0.352513254 1.004126191 -0.140704811 -0.487007737 -0.296765447 0.809293449
1311870447.000608 1.894176602 -0.356418520 1.009533405 -0.140655860 -0.488955200 -0.300235927 0.806843936
1311870447.036348 1.900141358 -0.361685216 1.016045690 -0.140777469 -0.491775602 -0.304656506 0.803444326
1311870447.069357 1.904131770 -0.364136517 1.021154165 -0.141382664 -0.493462652 -0.308255434 0.800927043
1311870447.100489 1.906713843 -0.365415037 1.026339769 -0.141772896 -0.494753122 -0.310536891 0.799178720
1311870447.136384 1.910115719 -0.367826432 1.028578520 -0.141812161 -0.496107489 -0.313862771 0.797030032
1311870447.168779 1.912878871 -0.370053589 1.034435153 -0.141812980 -0.498077929 -0.316629857 0.794703066
1311870447.200406 1.915806770 -0.373505294 1.038356066 -0.140972897 -0.500237167 -0.318514884 0.792740643
1311870447.236496 1.918094754 -0.377567887 1.041373253 -0.140415937 -0.502748370 -0.321132421 0.790190756
1311870447.268702 1.919801354 -0.377443999 1.045333743 -0.139009610 -0.505084813 -0.323974937 0.787785470
1311870447.300746 1.921442628 -0.378280312 1.051198125 -0.137614742 -0.507343531 -0.325296879 0.786032259
1311870447.337758 1.923350334 -0.382033348 1.053820372 -0.136778146 -0.508321464 -0.326840729 0.784905195
1311870447.368631 1.922866344 -0.383036613 1.057333589 -0.136064485 -0.508817315 -0.328027189 0.784212708
1311870447.402784 1.923447251 -0.386366755 1.059015155 -0.136798978 -0.509083867 -0.326976448 0.784350753
1311870447.436290 1.924618602 -0.386435658 1.061849475 -0.138045594 -0.510439336 -0.325548291 0.783845246
1311870447.468472 1.923792362 -0.388974130 1.064467192 -0.139815703 -0.512203813 -0.327056259 0.781750023
1311870447.505391 1.922703505 -0.389904171 1.066503048 -0.140440539 -0.514443874 -0.328471392 0.779570699
1311870447.538012 1.920022011 -0.391471803 1.070080876 -0.139678404 -0.516741216 -0.330462158 0.777343690
1311870447.568454 1.919301510 -0.394500822 1.071837068 -0.139439464 -0.517715752 -0.332828075 0.775727093
1311870447.600701 1.915384293 -0.393503815 1.074529052 -0.137929276 -0.516666532 -0.335101962 0.775717616
1311870447.636328 1.909779787 -0.396000177 1.076102853 -0.136320591 -0.514771283 -0.336930484 0.776469588
1311870447.668541 1.908044219 -0.401232362 1.078509092 -0.136691898 -0.512967825 -0.338416845 0.776951313
1311870447.702983 1.903650403 -0.401737809 1.080222607 -0.137389690 -0.510641754 -0.338732779 0.778221786
1311870447.736460 1.897830009 -0.401521802 1.081875801 -0.137453467 -0.509421706 -0.338120192 0.779275835
1311870447.768501 1.896209598 -0.406869322 1.082543969 -0.138134077 -0.509493053 -0.339281529 0.778603733
1311870447.803252 1.889085770 -0.408145398 1.083621621 -0.138739288 -0.508920252 -0.341109186 0.778072059
1311870447.836560 1.883100033 -0.409298956 1.085848451 -0.138494402 -0.508752048 -0.342452854 0.777635336
1311870447.868373 1.877973080 -0.415393859 1.085888863 -0.138874993 -0.508121490 -0.344031274 0.777282953
1311870447.903970 1.874455452 -0.417312384 1.085036159 -0.141538814 -0.506708145 -0.346030951 0.776837349
1311870447.936552 1.867696524 -0.418162495 1.086287141 -0.144508794 -0.505438387 -0.349154115 0.775719464
1311870447.968677 1.858604908 -0.419283956 1.088048339 -0.145609349 -0.504822969 -0.351113260 0.775029778
1311870448.003362 1.853321075 -0.419789732 1.088519573 -0.146280780 -0.503966630 -0.352103442 0.775011420
1311870448.036711 1.842156529 -0.421567947 1.091984749 -0.146547601 -0.502258837 -0.354140967 0.775141299
1311870448.068615 1.835213304 -0.424277306 1.092515826 -0.145200044 -0.499909788 -0.354115158 0.776923120
1311870448.101910 1.830529690 -0.428368926 1.093235850 -0.145725355 -0.496699244 -0.353907287 0.778975964
1311870448.136537 1.823273897 -0.430016130 1.096473575 -0.146759376 -0.494269162 -0.353088886 0.780697107
1311870448.168500 1.815938473 -0.434069037 1.095913053 -0.148315325 -0.492632449 -0.354384392 0.780850530
1311870448.203656 1.808618546 -0.436137855 1.099941492 -0.149031386 -0.490537941 -0.354634196 0.781918645
1311870448.236492 1.799952626 -0.435574770 1.101987600 -0.149239659 -0.487421304 -0.353741318 0.784228981
1311870448.268590 1.792930007 -0.438583910 1.102374792 -0.151049972 -0.486241013 -0.353587896 0.784684181
1311870448.302001 1.784727097 -0.439625055 1.105459690 -0.153930649 -0.485802561 -0.353964746 0.784225881
1311870448.336426 1.777488589 -0.440426320 1.106717348 -0.155244708 -0.485091895 -0.354046971 0.784369648
1311870448.368626 1.768220186 -0.441049755 1.108731747 -0.156209782 -0.484506726 -0.354864389 0.784170270
1311870448.404180 1.759248734 -0.442549050 1.111549020 -0.157769889 -0.484595895 -0.355203390 0.783649206
1311870448.436494 1.750897527 -0.443089277 1.112238050 -0.157488376 -0.484306186 -0.354579061 0.784167469
1311870448.469255 1.742840290 -0.442947298 1.112063885 -0.156687215 -0.483272791 -0.354741275 0.784891844
1311870448.501350 1.735424280 -0.446108133 1.113960862 -0.157727003 -0.483130455 -0.354142368 0.785041630
1311870448.536588 1.729938626 -0.444236249 1.113202095 -0.157851875 -0.483416051 -0.354322225 0.784759521
1311870448.570594 1.722377777 -0.445211440 1.115052104 -0.158651322 -0.484693617 -0.354085594 0.783916652
1311870448.600762 1.715732694 -0.445141971 1.114105940 -0.159040153 -0.484872371 -0.354116559 0.783713281
1311870448.636419 1.709339142 -0.445771694 1.115057588 -0.159862787 -0.485213727 -0.354365617 0.783221900
1311870448.669818 1.704290032 -0.445465714 1.115666986 -0.160614118 -0.484725863 -0.354425669 0.783343077
1311870448.700656 1.698196173 -0.448200494 1.116302013 -0.162573367 -0.483330518 -0.354491353 0.783771276
1311870448.736438 1.694092989 -0.445989639 1.118932962 -0.163907140 -0.482420534 -0.354381353 0.784103811
1311870448.771225 1.687343836 -0.447139978 1.120494723 -0.167504951 -0.481946588 -0.353875250 0.783863425
1311870448.801564 1.681492090 -0.447484314 1.121301770 -0.170442954 -0.481878102 -0.353164226 0.783592820
1311870448.836537 1.676197886 -0.447552085 1.123020411 -0.172072247 -0.483020902 -0.353343755 0.782451391
1311870448.869700 1.671298981 -0.447023511 1.122408390 -0.171885863 -0.484040052 -0.354589254 0.781298220
1311870448.900887 1.667900801 -0.447814405 1.125382662 -0.171603918 -0.485741526 -0.355504483 0.779887021
1311870448.936448 1.662913322 -0.448826730 1.124559402 -0.170122936 -0.486187726 -0.356340080 0.779552102
1311870448.969668 1.657994866 -0.449104786 1.125318289 -0.169734761 -0.488125175 -0.355702341 0.778716743
1311870449.001510 1.653333187 -0.451231927 1.125885367 -0.169969633 -0.490849108 -0.355187863 0.777186632
1311870449.036575 1.649415016 -0.453504086 1.127128839 -0.168923944 -0.494314224 -0.356066138 0.774812937
1311870449.071321 1.645104527 -0.455764145 1.130609751 -0.167188615 -0.497992218 -0.356985152 0.772407472
1311870449.100827 1.640936613 -0.456048131 1.130343318 -0.165742949 -0.500998795 -0.355992794 0.771231949
1311870449.136566 1.636783481 -0.458161891 1.129902720 -0.165772289 -0.506131053 -0.355443358 0.768121719
1311870449.171406 1.631407619 -0.459706515 1.133119226 -0.165677160 -0.512301505 -0.356581777 0.763510048
1311870449.200685 1.628508329 -0.458906710 1.135676503 -0.162720606 -0.518043578 -0.357537091 0.759815812
1311870449.236497 1.623617530 -0.459786355 1.138217330 -0.160005063 -0.522590756 -0.359020531 0.756572247
1311870449.273412 1.620991230 -0.461853862 1.143257141 -0.156191096 -0.527635932 -0.360767931 0.753027976
1311870449.300841 1.617142797 -0.464055926 1.146803975 -0.152334288 -0.531940281 -0.363013685 0.749703169
1311870449.338081 1.615909696 -0.465439826 1.148367524 -0.148296714 -0.536633968 -0.365279466 0.746058345
1311870449.371881 1.612146258 -0.467055112 1.153777122 -0.146148816 -0.542710423 -0.366926402 0.741263032
1311870449.402787 1.612009764 -0.466888309 1.157993913 -0.142988443 -0.549280584 -0.368246704 0.736369133
1311870449.436669 1.609469533 -0.471410394 1.161963344 -0.141220063 -0.555484951 -0.370419055 0.730946720
1311870449.469614 1.607728601 -0.473809868 1.167116880 -0.138015345 -0.561912715 -0.372645736 0.725493670
1311870449.501614 1.606526494 -0.475821972 1.171847701 -0.135041595 -0.568730593 -0.374405414 0.719812334
1311870449.536434 1.604793191 -0.478859693 1.178970456 -0.132177919 -0.575955093 -0.377971113 0.712700844
1311870449.569845 1.602749825 -0.483751148 1.182295561 -0.129617497 -0.581913114 -0.381300539 0.706531167
1311870449.601760 1.603825212 -0.486785054 1.193013072 -0.127948552 -0.589479864 -0.383126378 0.699540496
1311870449.639118 1.602393746 -0.488454729 1.200262666 -0.125635117 -0.595513403 -0.385893553 0.693300664
1311870449.668836 1.601486206 -0.489188552 1.209812999 -0.123704769 -0.601564825 -0.387717694 0.687380493
1311870449.701069 1.599550605 -0.495887250 1.215975761 -0.124451838 -0.607009828 -0.389837325 0.681232452
1311870449.736551 1.600779176 -0.496462792 1.224589467 -0.122552648 -0.613204777 -0.392670333 0.674366951
1311870449.770083 1.596236348 -0.498715639 1.232840419 -0.122764863 -0.617704332 -0.395614862 0.668475091
1311870449.803170 1.594492912 -0.503006339 1.238994360 -0.122061759 -0.621967375 -0.397819459 0.663322866
1311870449.837832 1.594595671 -0.504404783 1.245998859 -0.120314866 -0.626389921 -0.399933428 0.658189356
1311870449.870218 1.594538808 -0.502068818 1.255384445 -0.118463732 -0.630634427 -0.401032925 0.653788269
1311870449.901187 1.593858719 -0.502442539 1.262223244 -0.117502823 -0.634148300 -0.402921200 0.649387002
1311870449.936773 1.596806169 -0.501243114 1.268825531 -0.117845230 -0.636852503 -0.404669613 0.645580292
1311870449.970274 1.593870401 -0.498663932 1.275109172 -0.118483208 -0.638705194 -0.407251745 0.641999543
1311870450.000712 1.592722774 -0.496438444 1.282911777 -0.118251912 -0.640368223 -0.408736169 0.639437079
1311870450.039055 1.591121078 -0.496502846 1.288731694 -0.118203305 -0.641165972 -0.410100341 0.637771010
1311870450.069346 1.594496608 -0.493762702 1.294751763 -0.115864418 -0.641902268 -0.411298990 0.636686802
1311870450.100915 1.594392419 -0.493780524 1.300110459 -0.117356695 -0.641992807 -0.410964876 0.636537910
1311870450.136869 1.596916556 -0.493898004 1.299632907 -0.119389765 -0.641760886 -0.411018193 0.636359274
1311870450.170909 1.598230124 -0.492562503 1.305143118 -0.122333534 -0.642948925 -0.410973728 0.634627283
1311870450.202283 1.600055695 -0.490972728 1.312286973 -0.123462573 -0.644326806 -0.410521835 0.633302271
1311870450.236763 1.602291942 -0.490725219 1.313559294 -0.123797499 -0.644290686 -0.411280632 0.632781148
1311870450.269090 1.608026266 -0.488515049 1.315293550 -0.123192109 -0.645282447 -0.411892831 0.631489217
1311870450.301059 1.611228466 -0.487574458 1.319162130 -0.124568708 -0.646307468 -0.412034333 0.630077004
1311870450.336876 1.613945246 -0.486778080 1.321630359 -0.126116470 -0.646851420 -0.411746919 0.629398406
1311870450.369008 1.618448973 -0.487382323 1.324703455 -0.127131090 -0.647800207 -0.411578834 0.628327549
1311870450.401010 1.621694446 -0.486854136 1.326839566 -0.128483668 -0.648350000 -0.411477566 0.627551138
1311870450.437316 1.627598286 -0.486794293 1.325078964 -0.129815817 -0.649163842 -0.410903335 0.626811564
1311870450.469143 1.631897807 -0.485772640 1.328868866 -0.131463066 -0.651667893 -0.411299407 0.623601794
1311870450.501134 1.638831973 -0.485500991 1.328491330 -0.132098049 -0.652074158 -0.412791967 0.622054815
1311870450.538645 1.643137097 -0.483538866 1.329082847 -0.133199587 -0.652789176 -0.414043218 0.620235682
1311870450.569084 1.650886536 -0.481290072 1.329344630 -0.132714733 -0.654305577 -0.415350229 0.617863357
1311870450.601120 1.656660318 -0.479797482 1.332821250 -0.132835239 -0.656119823 -0.416102767 0.615402341
1311870450.637751 1.662933707 -0.481080711 1.328602314 -0.134068951 -0.656216741 -0.416229188 0.614945769
1311870450.670066 1.671204567 -0.482769489 1.330785632 -0.136776254 -0.659084618 -0.414908260 0.612168968
1311870450.701290 1.679014444 -0.485154510 1.328414798 -0.141770497 -0.661569774 -0.412880063 0.609718442
1311870450.737892 1.686695814 -0.483404726 1.331320047 -0.144547537 -0.665204644 -0.411889166 0.605768979
1311870450.769954 1.696583271 -0.477228045 1.338091135 -0.145907909 -0.668318927 -0.410549343 0.602917850
1311870450.804254 1.704642653 -0.476564646 1.339319468 -0.147752732 -0.668484032 -0.410641104 0.602222621
1311870450.840324 1.715031028 -0.474716276 1.341139674 -0.145180300 -0.669637620 -0.411761701 0.600799799
1311870450.869862 1.723971486 -0.473851204 1.344130754 -0.142032757 -0.670451522 -0.414014816 0.599093616
1311870450.901836 1.731366634 -0.474898487 1.347923756 -0.140300333 -0.670886815 -0.414274007 0.598835349
1311870450.937709 1.742950320 -0.478234112 1.346279860 -0.139163449 -0.670793355 -0.414253503 0.599219382
1311870450.972680 1.753002286 -0.479547292 1.348603129 -0.140173614 -0.672139168 -0.413381189 0.598077178
1311870451.001936 1.762060761 -0.480388582 1.350863338 -0.141621813 -0.673163056 -0.413237721 0.596681952
1311870451.039322 1.771452546 -0.479522139 1.355454326 -0.141973004 -0.674283385 -0.413115799 0.595416665
1311870451.069587 1.780057907 -0.479854643 1.357153535 -0.141454339 -0.673689902 -0.413966835 0.595620751
1311870451.100674 1.790182233 -0.480339468 1.360395789 -0.140782908 -0.673586905 -0.414282918 0.595676482
1311870451.139173 1.798095942 -0.483005047 1.363085747 -0.140080541 -0.673999190 -0.415873051 0.594266057
1311870451.170707 1.805798531 -0.483561695 1.365074873 -0.138644993 -0.675212204 -0.416645080 0.592682779
1311870451.200766 1.814977646 -0.486638784 1.366444588 -0.139097616 -0.675991118 -0.416863918 0.591533840
1311870451.241411 1.823252916 -0.489080101 1.369121790 -0.141532660 -0.676338851 -0.416450232 0.590849817
1311870451.269610 1.833385468 -0.488679886 1.368654728 -0.143856555 -0.675799787 -0.416296929 0.591013372
1311870451.300668 1.840102077 -0.488170207 1.375638247 -0.144805983 -0.677533984 -0.416523188 0.588631809
1311870451.337433 1.845220447 -0.487049818 1.379402399 -0.144442484 -0.678126752 -0.418146640 0.586884916
1311870451.373855 1.851131678 -0.488631278 1.386358380 -0.143545151 -0.678991914 -0.419115335 0.585411906
1311870451.400678 1.858294725 -0.489408493 1.387378931 -0.141689762 -0.679002464 -0.420143664 0.585114419
1311870451.440446 1.864067197 -0.491445094 1.391338110 -0.139969796 -0.680258453 -0.420825750 0.583577394
1311870451.470627 1.871646762 -0.493322194 1.395447493 -0.139221787 -0.681199312 -0.421463758 0.582196832
1311870451.500738 1.875785470 -0.495949090 1.401741147 -0.139785498 -0.682404280 -0.421471924 0.580642641
1311870451.537387 1.880108237 -0.497574300 1.408548117 -0.139422998 -0.683889925 -0.421300024 0.579104483
1311870451.569243 1.885553956 -0.499414951 1.414133310 -0.137995824 -0.685181618 -0.421625942 0.577680588
1311870451.600842 1.894052863 -0.501782417 1.420559287 -0.136784792 -0.686757743 -0.420641303 0.576814234
1311870451.640948 1.897431850 -0.507294714 1.426841021 -0.138602525 -0.688261032 -0.420333236 0.574809611
1311870451.669907 1.905118346 -0.506677449 1.434716702 -0.136651352 -0.690769792 -0.421164334 0.571650326
1311870451.700785 1.907458067 -0.508850992 1.441900253 -0.136403039 -0.692186534 -0.421748757 0.569561243
1311870451.738569 1.911340833 -0.511209667 1.451295614 -0.134983569 -0.694000661 -0.422118962 0.567413509
1311870451.770092 1.916575909 -0.514501572 1.459725976 -0.133233294 -0.695692778 -0.422849149 0.565207124
1311870451.800957 1.919979692 -0.517637670 1.469412565 -0.131716967 -0.697272301 -0.424504727 0.562367976
1311870451.843498 1.924470663 -0.521719396 1.477239132 -0.129786476 -0.698595285 -0.426432729 0.559709966
1311870451.871994 1.931449890 -0.524634659 1.488409638 -0.127941027 -0.700306535 -0.428853184 0.556135595
1311870451.900931 1.935595036 -0.527234197 1.499107957 -0.127576545 -0.701304018 -0.431414127 0.552972615
1311870451.938315 1.937966466 -0.532006800 1.506989121 -0.128493488 -0.701276660 -0.434186071 0.550620437
1311870451.973008 1.941656470 -0.533668935 1.518321991 -0.128413722 -0.702311754 -0.437201679 0.546921194
1311870452.000747 1.945133328 -0.534808457 1.529833555 -0.128028452 -0.702979505 -0.440772057 0.543275714
1311870452.038266 1.947699547 -0.537736714 1.539841533 -0.128188208 -0.703993261 -0.443424046 0.539755821
1311870452.072962 1.951236248 -0.539884508 1.550134778 -0.127759174 -0.705216169 -0.446527302 0.535687506
1311870452.100648 1.952586055 -0.542189837 1.556945443 -0.127276331 -0.706462085 -0.448902607 0.532164037
1311870452.137766 1.956447959 -0.545525491 1.568639994 -0.127140179 -0.708995402 -0.449893564 0.527974069
1311870452.171327 1.960975885 -0.549100459 1.575077891 -0.127204537 -0.710985959 -0.451079965 0.524256408
1311870452.200712 1.964094639 -0.552594721 1.582457304 -0.127162069 -0.712995350 -0.452462405 0.520331740
1311870452.238414 1.966244936 -0.552604914 1.594138384 -0.124664411 -0.716015160 -0.453859210 0.515551090
1311870452.270154 1.970049262 -0.556150079 1.599799991 -0.121800371 -0.717313349 -0.455982268 0.512548804
1311870452.300724 1.975199699 -0.558972478 1.607589960 -0.120361209 -0.718579113 -0.456988841 0.510214031
1311870452.338323 1.978965282 -0.563166201 1.612883449 -0.120427288 -0.719658196 -0.457981020 0.507782042
1311870452.368878 1.980731010 -0.564247608 1.621050954 -0.119729005 -0.722066641 -0.458698392 0.503865540
1311870452.400892 1.985454321 -0.566993475 1.629897952 0.118471719 0.724581003 0.459846884 -0.499487460
1311870452.437917 1.988104105 -0.571797550 1.633943677 0.119773239 0.725714624 0.460685819 -0.496750683
1311870452.468917 1.994640708 -0.576370776 1.637966275 0.121374898 0.727976322 0.460717469 -0.493009120
1311870452.500934 1.997126818 -0.578273952 1.643603683 0.122851431 0.731613159 0.462211549 -0.485808820
1311870452.540934 2.001781464 -0.578054130 1.649469852 0.122591607 0.734953642 0.463167787 -0.479885429
1311870452.569316 2.003906012 -0.575645506 1.658570647 0.119499676 0.737433851 0.464166462 -0.475878745
1311870452.600992 2.004893780 -0.576946676 1.662216306 0.114849702 0.738377929 0.465663821 -0.474093676
1311870452.645017 2.004074097 -0.581478179 1.666864276 0.112691648 0.739015460 0.466468662 -0.472825229
1311870452.669288 2.010991335 -0.585615039 1.669193506 0.112010419 0.739470243 0.466235429 -0.472505987
1311870452.700871 2.013667822 -0.588436842 1.670639038 0.112983271 0.740815043 0.465581417 -0.470809668
1311870452.739677 2.012880325 -0.589736819 1.676409483 0.113344021 0.743224919 0.465221912 -0.467266917
1311870452.768944 2.016404629 -0.591111600 1.682157636 0.112094939 0.744983077 0.464790285 -0.465193480
1311870452.800752 2.016847610 -0.588921428 1.686987162 0.111144014 0.745647132 0.463941932 -0.465204537
1311870452.837778 2.018762350 -0.593172908 1.689322233 0.110447355 0.745507002 0.463508219 -0.466026694
1311870452.868888 2.016850948 -0.593570471 1.693986058 0.111147828 0.746059418 0.463509560 -0.464973480
1311870452.900726 2.016128540 -0.595292985 1.697332978 0.111019075 0.747222424 0.463088632 -0.463554054
1311870452.938955 2.015078306 -0.598772109 1.700797319 0.111780815 0.748132944 0.464037448 -0.460946172
1311870452.968792 2.018188953 -0.597202301 1.706150174 0.110530786 0.748816848 0.465266645 -0.458893538
1311870453.000758 2.014936209 -0.596939385 1.712760091 0.109121047 0.749268055 0.467150182 -0.456574976
1311870453.040203 2.008692026 -0.597854316 1.717694402 0.108177684 0.749496222 0.467999995 -0.455553502
1311870453.068897 2.009681702 -0.601198196 1.720382094 0.107103013 0.749250293 0.469052404 -0.455129385
1311870453.106076 2.004472256 -0.602491438 1.726207137 0.106963433 0.750465751 0.469660550 -0.452525139
1311870453.137902 2.002406836 -0.602881134 1.730255842 0.106573902 0.751976907 0.469134092 -0.450650662
1311870453.169012 1.999967337 -0.606435955 1.731315017 0.108242720 0.752212763 0.468957990 -0.450042129
1311870453.208665 1.997927666 -0.604647517 1.740754128 0.108273000 0.753969848 0.467948228 -0.448141515
1311870453.239419 1.998573065 -0.610140860 1.743528485 0.108205758 0.754197896 0.469498068 -0.446148634
1311870453.269017 1.992394567 -0.606381714 1.750274062 0.106366023 0.754922509 0.471667796 -0.443066299
1311870453.305742 1.989199162 -0.610533476 1.750737667 0.106429271 0.754216373 0.473468244 -0.442332745
1311870453.340444 1.984806657 -0.611383080 1.760298848 0.107128695 0.754884541 0.475072116 -0.439294130
1311870453.368891 1.981413007 -0.612490356 1.763835788 0.107728526 0.753747404 0.477085590 -0.438917726
1311870453.408070 1.969305038 -0.614030659 1.770652890 0.113003932 0.752643943 0.477308512 -0.439242214
1311870453.437362 1.962826252 -0.620407224 1.775794983 0.116205454 0.752792001 0.478031248 -0.437363297
1311870453.468964 1.957414508 -0.620331764 1.780339122 0.114845395 0.754219353 0.480208516 -0.432855070
1311870453.508312 1.940388799 -0.620789349 1.782976627 0.114790313 0.755795598 0.480641812 -0.429627329
1311870453.536921 1.935043573 -0.626528382 1.786255479 0.112087399 0.757746756 0.478892833 -0.428856552
1311870453.568988 1.937668204 -0.632566094 1.789348722 0.108671322 0.760538101 0.476910293 -0.426999867
1311870453.609964 1.935422421 -0.635128915 1.794573069 0.106398679 0.764094114 0.474937290 -0.423407733
1311870453.636987 1.931223273 -0.635938525 1.800044656 0.105382673 0.766860843 0.472940743 -0.420887142
1311870453.668811 1.933454752 -0.638870597 1.803262472 0.104366377 0.768112957 0.471974790 -0.419940472
1311870453.708805 1.929997802 -0.639599741 1.807772756 0.104662634 0.768406451 0.472461283 -0.418781012
1311870453.736779 1.926872611 -0.638357759 1.812379599 0.104549773 0.768993437 0.471650004 -0.418646216
1311870453.768933 1.925510049 -0.640232265 1.817115307 0.103140742 0.770106077 0.471605301 -0.416997701
1311870453.808528 1.921550751 -0.641228080 1.820468307 0.101836756 0.771206081 0.472412795 -0.414362937
1311870453.836897 1.921069026 -0.642731845 1.821451306 0.100774854 0.772320151 0.472191006 -0.412797362
1311870453.905295 1.925269365 -0.647432566 1.825821042 0.104478024 0.774183214 0.471743107 -0.408880293
1311870453.936942 1.924874067 -0.646109879 1.826781273 0.106455602 0.775028825 0.473252863 -0.405005217
1311870453.969060 1.924955964 -0.640212953 1.832400918 0.106715240 0.776832163 0.473698407 -0.400940716
1311870454.006743 1.918597341 -0.640395939 1.832352042 0.108914845 0.777519524 0.474089980 -0.398546904
1311870454.036868 1.917106390 -0.641143858 1.833597779 0.110077068 0.779002011 0.473824352 -0.395637959
1311870454.069029 1.917356133 -0.641195476 1.836661220 0.111133538 0.781348765 0.472949713 -0.391742289
1311870454.108394 1.912343264 -0.640321136 1.837704182 0.112937175 0.783582032 0.473017842 -0.386650413
1311870454.137000 1.912592649 -0.641121268 1.842649698 0.114594221 0.785627007 0.471928090 -0.383330435
1311870454.168921 1.914856195 -0.641467690 1.847237110 0.113560878 0.787828922 0.471569270 -0.379541755
1311870454.208507 1.915804505 -0.644143343 1.850377798 0.112457938 0.789551139 0.472619563 -0.374957263
1311870454.236797 1.908466816 -0.642438173 1.853964567 0.112700030 0.790606976 0.474077880 -0.370795727
1311870454.269033 1.914461732 -0.644971073 1.856205344 0.111662559 0.791468322 0.473880380 -0.369522274
1311870454.308639 1.914022923 -0.646883428 1.859490037 0.111607760 0.792457998 0.475569010 -0.365223408
1311870454.336806 1.908019662 -0.645544350 1.863327026 0.112806827 0.793991327 0.476457268 -0.360334337
1311870454.369037 1.913819790 -0.646271586 1.866040230 0.113513298 0.795118451 0.476416320 -0.357671469
1311870454.408393 1.909832120 -0.646708190 1.869667768 0.115282923 0.795867682 0.478236288 -0.352979481
1311870454.436702 1.909859180 -0.647638202 1.874735594 0.114459909 0.796953321 0.479192406 -0.349483848
1311870454.468984 1.908650398 -0.649010897 1.878420472 0.114828445 0.797435403 0.479946524 -0.347221226
1311870454.506976 1.910219431 -0.649841070 1.883933425 0.114722237 0.798444033 0.480613798 -0.344000489
1311870454.536960 1.907507300 -0.649766684 1.886129260 0.114183798 0.798923790 0.482687384 -0.340140760
1311870454.605779 1.913864255 -0.649586797 1.900472760 0.109791994 0.800755858 0.483638018 -0.335901886
1311870454.636712 1.913918495 -0.651131868 1.905386448 0.108079009 0.800988853 0.485237956 -0.333586454
1311870454.669109 1.913286209 -0.650496066 1.912930608 0.105328210 0.801869154 0.486033142 -0.331185132
1311870454.708377 1.908072472 -0.652864039 1.916658759 0.104799591 0.801313281 0.487762570 -0.330154121
1311870454.736893 1.912143111 -0.653115273 1.923357844 0.101914354 0.801530302 0.488673389 -0.329182297
1311870454.769151 1.909443259 -0.655125380 1.926977754 0.100429259 0.801209569 0.490733027 -0.327350348
1311870454.804834 1.906791091 -0.658039987 1.929890156 0.100083187 0.800834954 0.492115468 -0.326296091
1311870454.837145 1.906333566 -0.662493169 1.932396770 0.099875242 0.800681531 0.493572235 -0.324531078
1311870454.869278 1.904673576 -0.661946535 1.938640118 0.099107444 0.801828027 0.493864626 -0.321476698
1311870454.904955 1.902391195 -0.662820518 1.942855120 0.098483555 0.802465498 0.494410872 -0.319230378
1311870454.936946 1.899908066 -0.662613809 1.950265646 0.096866943 0.803547621 0.494430065 -0.316965133
1311870454.969055 1.899453402 -0.665214658 1.953544021 0.095191836 0.803774774 0.495097667 -0.315852702
1311870455.004911 1.898576856 -0.669281423 1.953546762 0.094549522 0.803770185 0.495730549 -0.315063655
1311870455.036876 1.895843029 -0.671058536 1.958167911 0.093562759 0.804788649 0.495819718 -0.312608540
1311870455.068919 1.896021366 -0.672038794 1.962042928 0.092714444 0.805632472 0.495782942 -0.310740441
1311870455.105009 1.899039149 -0.672786415 1.965815187 0.091398165 0.806602359 0.495215207 -0.309517264
1311870455.136862 1.894916654 -0.675153971 1.969478846 0.091227531 0.807386935 0.495549291 -0.306976885
1311870455.169130 1.898041368 -0.676078022 1.971711278 0.089683287 0.808270156 0.494703412 -0.306471497
1311870455.205004 1.897184253 -0.677747726 1.975389838 0.089038230 0.808860540 0.494312882 -0.305731267
1311870455.236848 1.896948814 -0.681424379 1.975742936 0.089288287 0.808859468 0.494695961 -0.305040866
1311870455.269148 1.893190622 -0.679096997 1.983107686 0.088947393 0.810221910 0.493888676 -0.302824765
1311870455.304835 1.893479109 -0.681233108 1.982337356 0.089185767 0.810006976 0.493520468 -0.303927839
1311870455.336789 1.893096566 -0.681876898 1.984525561 0.089090765 0.810288250 0.493113190 -0.303867072
1311870455.369197 1.892138243 -0.682855487 1.987083197 0.089561135 0.810498595 0.493066192 -0.303243339
1311870455.404805 1.894417286 -0.683981776 1.989360452 0.089062810 0.810905755 0.493045151 -0.302334607
1311870455.436831 1.892992139 -0.683318257 1.990560889 0.087920353 0.811219335 0.493657321 -0.300824940
1311870455.469223 1.885972261 -0.682052672 1.994995356 0.088081300 0.812039554 0.493012846 -0.299619406
1311870455.504874 1.884759665 -0.687120259 1.998098373 0.088697486 0.812847614 0.491882563 -0.299103677
1311870455.537012 1.887895823 -0.688188195 1.997516155 0.089476794 0.813460588 0.490725547 -0.299105585
1311870455.569182 1.885816813 -0.688996792 1.997237325 0.090402216 0.814088762 0.490150392 -0.298059553
1311870455.604923 1.888221622 -0.687963367 2.001781225 0.089861743 0.814989209 0.489192188 -0.297335684
1311870455.637032 1.889114738 -0.689906359 2.004235029 0.089357942 0.815078020 0.489047468 -0.297482073
1311870455.669070 1.887069106 -0.691128254 2.005062580 0.089932032 0.815195143 0.488795102 -0.297402889
1311870455.704988 1.886229634 -0.690012991 2.006982088 0.089835890 0.815656662 0.488808483 -0.296141803
1311870455.736754 1.888371825 -0.691564977 2.006735086 0.089534990 0.815775931 0.488905907 -0.295743316
1311870455.769158 1.889770150 -0.692000926 2.008765697 0.090224221 0.816175759 0.488141179 -0.295693964
1311870455.804909 1.885464072 -0.692024708 2.013339281 0.091759220 0.817122936 0.487273991 -0.294031322
1311870455.836915 1.886644006 -0.690875590 2.015405893 0.091158800 0.817870021 0.486893475 -0.292768568
1311870455.869194 1.879367709 -0.692765713 2.016817331 0.092023060 0.818266869 0.487072736 -0.291086316
1311870455.905161 1.880680203 -0.691294193 2.018654346 0.091355912 0.818660796 0.486479759 -0.291180372
1311870455.937044 1.878803015 -0.692867637 2.019882679 0.091087028 0.819181204 0.486186534 -0.290289611
1311870455.969114 1.879441977 -0.693583786 2.019755363 0.090800643 0.819430768 0.485891908 -0.290168136
1311870456.005174 1.880157471 -0.693421483 2.020956039 0.090613469 0.819682717 0.485490590 -0.290186614
1311870456.036923 1.876904249 -0.697012901 2.025338888 0.091630638 0.820314944 0.484749675 -0.289318144
1311870456.069304 1.877833724 -0.697841942 2.021360397 0.091380395 0.819884062 0.485683054 -0.289053082
1311870456.105038 1.877259493 -0.696077824 2.025528431 0.090219416 0.820947230 0.484494954 -0.288393408
1311870456.136872 1.876601100 -0.695005298 2.026117802 0.091058522 0.821194232 0.483796269 -0.288599372
1311870456.169124 1.874161720 -0.694431841 2.029024363 0.090603732 0.821921229 0.483733833 -0.286771685
1311870456.204948 1.876326203 -0.698729455 2.028076172 0.090422057 0.821740091 0.484301001 -0.286390722
1311870456.236913 1.873572111 -0.697773457 2.030298948 0.090786964 0.821820021 0.484451115 -0.285791218
1311870456.269026 1.872354150 -0.697406411 2.031110287 0.090784065 0.821796060 0.484540194 -0.285710126
1311870456.304952 1.874174953 -0.696875095 2.034550667 0.089794993 0.822245896 0.484342098 -0.285063714
1311870456.336938 1.872051001 -0.697420835 2.033001184 0.090275757 0.821951568 0.484862208 -0.284876376
1311870456.369108 1.875679851 -0.699795783 2.035103559 0.090026923 0.821815073 0.485137492 -0.284880191
1311870456.405081 1.872899413 -0.696554959 2.040595055 0.090414457 0.822540045 0.484915763 -0.283036739
1311870456.436979 1.870973349 -0.696042061 2.038852930 0.090497918 0.822228253 0.485656768 -0.282645285
1311870456.469056 1.870261550 -0.696700215 2.042090893 0.090256333 0.822444141 0.485397875 -0.282539010
1311870456.504950 1.871594906 -0.699221909 2.039041519 0.090676397 0.821379006 0.486536711 -0.283542514
1311870456.536960 1.873413920 -0.698277593 2.041352749 0.090355642 0.821988583 0.485495359 -0.283663332
1311870456.568976 1.873260856 -0.697766125 2.047310352 0.090427890 0.822598934 0.484972328 -0.282764316
1311870456.605010 1.871093392 -0.698027194 2.050855637 0.090227425 0.822903514 0.485245198 -0.281470984
1311870456.636926 1.876335263 -0.701481640 2.048796654 0.089579411 0.821994007 0.486653477 -0.281903833
1311870456.669162 1.869422197 -0.698639214 2.053214073 0.089835778 0.822294712 0.487278044 -0.279858947
1311870456.704923 1.865793705 -0.699375570 2.054837465 0.088777892 0.822465479 0.487812072 -0.278762221
1311870456.737510 1.869649649 -0.699115157 2.053722382 0.086886555 0.821734071 0.488589108 -0.280151010
1311870456.769343 1.869201183 -0.700448453 2.060115099 0.086439013 0.822132528 0.487701446 -0.280666620
1311870456.805084 1.872387290 -0.702485442 2.058571815 0.086320914 0.821203530 0.488650262 -0.281769991
1311870456.837267 1.869423270 -0.704275548 2.058961391 0.086574838 0.820009947 0.490588695 -0.281800002
1311870456.869185 1.871007562 -0.700942695 2.062569618 0.087036744 0.819500029 0.490647614 -0.283035576
1311870456.904967 1.871190906 -0.704776645 2.058355093 0.087937593 0.817088425 0.493459076 -0.284836054
1311870456.937137 1.869735599 -0.700917661 2.065007448 0.087724432 0.816907883 0.494277209 -0.284000039
1311870456.969162 1.868678451 -0.700617373 2.063301802 0.088724531 0.815888464 0.495526612 -0.284442157
1311870457.005002 1.872701764 -0.700439513 2.065536976 0.087833159 0.815478146 0.496662915 -0.283913076
1311870457.037005 1.876671076 -0.699438989 2.064454794 0.086680293 0.814484298 0.498888075 -0.283218205
1311870457.069172 1.869280696 -0.699295938 2.062369347 0.088817798 0.813616872 0.500445724 -0.282299668
1311870457.105194 1.874649644 -0.698809922 2.061575651 0.087648965 0.813324690 0.501034439 -0.282462537
1311870457.137059 1.874739766 -0.698265493 2.061680555 0.087602139 0.813472211 0.501403272 -0.281395763
1311870457.169181 1.874068737 -0.697753668 2.060195446 0.087472029 0.813878119 0.501567185 -0.279966831
1311870457.205041 1.869850397 -0.694865584 2.060572624 0.087622114 0.814766347 0.500945032 -0.278446048
1311870457.237018 1.870118141 -0.698561728 2.059261799 0.088840120 0.815217733 0.500356257 -0.277796835
1311870457.269408 1.871633649 -0.697974443 2.056391954 0.090010367 0.815796673 0.499832451 -0.276661336
1311870457.305147 1.872838497 -0.696486652 2.059484720 0.090592422 0.817274034 0.498553783 -0.274408996
1311870457.337020 1.875176191 -0.696500003 2.061259508 0.091519326 0.817890823 0.497832507 -0.273571968
1311870457.369144 1.878059745 -0.695996165 2.058995962 0.091933571 0.817648411 0.497930676 -0.273978740
1311870457.405048 1.878362179 -0.694128931 2.061795235 0.092007779 0.818071842 0.497693956 -0.273118466
1311870457.437052 1.873809338 -0.692385018 2.056662321 0.092725515 0.817611873 0.498694897 -0.272426426
1311870457.469227 1.874498248 -0.693377972 2.055363655 0.092612557 0.817681611 0.499000967 -0.271694213
1311870457.505022 1.878470421 -0.696098626 2.051443577 0.093176834 0.817617238 0.499495178 -0.270785332
1311870457.536973 1.878220558 -0.692846119 2.049918175 0.093834385 0.818805397 0.498662323 -0.268493444
1311870457.569203 1.874009967 -0.694104493 2.051442385 0.095556729 0.820189953 0.498079956 -0.264714450
1311870457.605160 1.883028984 -0.693669200 2.051572084 0.093382470 0.821253896 0.497265905 -0.263720214
1311870457.637004 1.881344676 -0.692182660 2.050419807 0.094699636 0.821811438 0.496706784 -0.262564957
1311870457.669307 1.881123900 -0.689293563 2.051711321 0.094172612 0.822630823 0.496059805 -0.261409104
1311870457.705035 1.880239725 -0.690628052 2.052388668 0.094067536 0.823178470 0.496027708 -0.259778738
1311870457.737023 1.888804913 -0.687648296 2.053659201 0.092414126 0.823635578 0.495480895 -0.259966731
1311870457.769309 1.887352347 -0.687232792 2.050839901 0.092755869 0.823504925 0.495921820 -0.259417713
1311870457.805115 1.888345599 -0.687944353 2.048672199 0.092410311 0.823074102 0.496484339 -0.259832054
1311870457.837035 1.887323260 -0.685993254 2.051144123 0.092107467 0.823428333 0.496050537 -0.259645671
1311870457.869208 1.888305902 -0.687760711 2.045530081 0.092473641 0.822816968 0.496604174 -0.260394335
1311870457.905144 1.888198137 -0.690466404 2.043755293 0.093447611 0.822798014 0.496397167 -0.260501146
1311870457.937152 1.887489438 -0.688767314 2.045005083 0.094046459 0.823555291 0.495434314 -0.259724528
1311870457.969070 1.890135884 -0.686179996 2.046424627 0.092527807 0.824297428 0.494675130 -0.259362459
1311870458.005126 1.893767238 -0.688970089 2.045965910 0.091759905 0.824037850 0.495112807 -0.259624749
1311870458.037059 1.894985795 -0.689345837 2.046216726 0.091627598 0.823522449 0.496154696 -0.259317756
1311870458.069169 1.894711256 -0.690100491 2.044539690 0.092600651 0.822742224 0.497841626 -0.258213252
1311870458.105369 1.892566562 -0.687057912 2.044706106 0.093462221 0.822628200 0.498536825 -0.256921440
1311870458.137028 1.890522718 -0.684598982 2.045212746 0.094702102 0.822647274 0.497951537 -0.257540703
1311870458.169307 1.890517116 -0.684427381 2.046273470 0.095485993 0.823103607 0.496386498 -0.258811414
1311870458.205364 1.892574668 -0.687058091 2.047268867 0.097047046 0.823101819 0.495133162 -0.260630757
1311870458.237139 1.896410227 -0.689192653 2.048138380 0.099308379 0.822585046 0.494804680 -0.262030452
1311870458.269045 1.896734834 -0.687258899 2.049226999 0.101364672 0.822111785 0.495046616 -0.262271345
1311870458.305231 1.896065950 -0.682508707 2.053519487 0.101348013 0.822132051 0.495102108 -0.262109578
1311870458.337016 1.894597292 -0.679226220 2.055193663 0.099796720 0.821550846 0.496034324 -0.262763649
1311870458.369238 1.889481425 -0.682257175 2.051549673 0.100266859 0.819863141 0.497407407 -0.265248746
1311870458.405178 1.890831232 -0.683551490 2.051098108 0.101390041 0.818975210 0.496924341 -0.268450856
1311870458.437065 1.893497586 -0.685122013 2.051866055 0.101888359 0.818296015 0.496986896 -0.270211756
1311870458.469429 1.889487028 -0.686620772 2.052220345 0.102710478 0.817982316 0.497161061 -0.270529896
1311870458.505153 1.891589761 -0.685869813 2.055103779 0.100936957 0.818411946 0.496342659 -0.271399230
1311870458.537298 1.890895963 -0.689638972 2.053937197 0.100169510 0.818520427 0.496154517 -0.271700293
1311870458.569254 1.893269539 -0.692451954 2.054416418 0.097853720 0.819054902 0.496438086 -0.270412534
1311870458.605078 1.893311858 -0.693411171 2.054965973 0.097296439 0.819220483 0.496602058 -0.269810319
1311870458.637272 1.896537066 -0.691659629 2.057451725 0.096265644 0.819190681 0.496189117 -0.271027595
1311870458.670175 1.893377542 -0.691496313 2.059573412 0.096514687 0.818385482 0.497020394 -0.271847129
1311870458.705071 1.892477989 -0.690007746 2.061781168 0.095980868 0.817278683 0.497881234 -0.273783773
1311870458.737205 1.894215226 -0.689784288 2.061232328 0.096907221 0.815542996 0.498527974 -0.277431935
1311870458.769244 1.892281175 -0.692201257 2.061306953 0.098280042 0.814176142 0.499448210 -0.279302269
1311870458.805282 1.887600780 -0.692951381 2.061547995 0.099542767 0.813662589 0.500030756 -0.279309243
1311870458.837112 1.888212681 -0.694282472 2.062023163 0.099315025 0.813368499 0.500036001 -0.280235916
1311870458.869226 1.889322758 -0.691554904 2.064870119 0.099763192 0.812830627 0.499456227 -0.282660842
1311870458.905369 1.883428454 -0.690876544 2.064117193 0.102219641 0.811362207 0.500098705 -0.284857422
1311870458.937109 1.881653428 -0.691680789 2.061574221 0.103556260 0.809897602 0.500685513 -0.287499428
1311870458.969299 1.878866792 -0.690247059 2.062100887 0.104509972 0.809330285 0.500466704 -0.289128482
1311870459.005085 1.871990442 -0.688947380 2.061311960 0.105728604 0.808700562 0.500490308 -0.290403664
1311870459.037242 1.872461438 -0.690358341 2.060331821 0.106768437 0.808021843 0.500098050 -0.292580098
1311870459.069262 1.868990302 -0.690243542 2.060690165 0.107241467 0.807619095 0.500248075 -0.293261886
1311870459.105056 1.866369009 -0.688030839 2.057146549 0.107227162 0.806712449 0.500541031 -0.295255899
1311870459.137142 1.861407399 -0.687882483 2.056555748 0.108785249 0.806407750 0.499808580 -0.296755195
1311870459.169293 1.857071400 -0.686967731 2.054914713 0.109251879 0.806493044 0.499290764 -0.297223419
1311870459.205333 1.851994872 -0.687325358 2.051336050 0.109225474 0.806100249 0.499060631 -0.298681498
1311870459.237139 1.846397281 -0.688488781 2.047445297 0.109089464 0.805868030 0.498493791 -0.300300032
1311870459.269319 1.845398426 -0.688467860 2.045217752 0.106600709 0.805912793 0.498122454 -0.301686764
1311870459.305123 1.838555217 -0.689249992 2.042705059 0.105413392 0.805791020 0.497663051 -0.303183705
1311870459.337124 1.831965327 -0.690198839 2.038564920 0.105124615 0.805418253 0.496221304 -0.306618154
1311870459.369409 1.824371099 -0.695898414 2.033478975 0.105778761 0.805066586 0.495530099 -0.308429182
1311870459.405110 1.819179177 -0.696865261 2.031751633 0.103594869 0.806047738 0.494156331 -0.308811635
1311870459.437201 1.807710528 -0.695939660 2.026339054 0.102628157 0.806858361 0.491671473 -0.310976297
1311870459.469335 1.805446863 -0.700439334 2.026093483 0.100901857 0.808777928 0.486560762 -0.314572364
1311870459.505212 1.812496781 -0.707714915 2.022369862 0.098152116 0.809574723 0.484143555 -0.317111939
1311870459.537121 1.802924514 -0.709132671 2.020734072 0.098166160 0.810953200 0.481080681 -0.318244636
1311870459.569420 1.795704961 -0.710398972 2.020855904 0.097891919 0.812156379 0.477248222 -0.321019292
1311870459.605201 1.795585394 -0.716437042 2.018013000 0.096020944 0.812283516 0.475002021 -0.324574381
1311870459.637206 1.792753935 -0.721319079 2.017181158 0.094880201 0.812894464 0.472706050 -0.326725155
1311870459.669438 1.790928245 -0.726271212 2.017213345 0.095064521 0.813777566 0.469874740 -0.328552097
1311870459.705266 1.792371988 -0.731230199 2.017357349 0.095507577 0.814283609 0.467926055 -0.329947948
1311870459.737262 1.789203763 -0.734716117 2.017366886 0.096515819 0.814729691 0.466680944 -0.330316663
1311870459.769384 1.789328694 -0.738626182 2.018808126 0.095989540 0.816202044 0.463769674 -0.330935001
1311870459.805269 1.790898681 -0.742279291 2.023286104 0.094096139 0.817880034 0.461903960 -0.329943806
1311870459.837287 1.787616491 -0.744848907 2.027459621 0.093790047 0.819151461 0.459043741 -0.330867320
1311870459.869302 1.784502029 -0.752690971 2.028092623 0.094648652 0.820213556 0.456235170 -0.331874728
1311870459.905336 1.792504549 -0.761449099 2.034606934 0.093199126 0.821893394 0.454549730 -0.330438673
1311870459.937243 1.792439103 -0.762483358 2.042500257 0.091721155 0.823624074 0.453985244 -0.327304095
1311870459.969296 1.793442249 -0.764148891 2.050296783 0.087918393 0.825074375 0.453497529 -0.325365305
1311870460.005159 1.795675874 -0.767383099 2.058604240 0.083472401 0.825570822 0.453523099 -0.325241297
1311870460.037231 1.795272946 -0.773350120 2.067153692 0.080448963 0.825353563 0.454344451 -0.325408369
1311870460.069303 1.800313950 -0.778841138 2.075708151 0.078339443 0.824898064 0.455779523 -0.325070858
1311870460.105227 1.807142377 -0.784782410 2.086000919 0.078535192 0.824444473 0.457131535 -0.324275076
1311870460.137155 1.806626916 -0.787750542 2.094760418 0.079067282 0.824170947 0.459474474 -0.321518093
1311870460.169374 1.802157879 -0.788915932 2.104553699 0.078766204 0.823894322 0.462051064 -0.318595111
1311870460.205176 1.801893234 -0.790936112 2.116367579 0.078063183 0.823855400 0.462556690 -0.318134665
1311870460.237205 1.800908923 -0.794034898 2.126910686 0.078497075 0.823019505 0.463979512 -0.318119615
1311870460.269407 1.803752065 -0.794607639 2.140387774 0.077877142 0.822268784 0.465283573 -0.318308562
1311870460.305117 1.808863640 -0.797420800 2.152437210 0.077768914 0.820865631 0.467545450 -0.318642110
1311870460.337274 1.807316184 -0.797123015 2.164561272 0.076619126 0.819115937 0.471060365 -0.318246275
1311870460.369486 1.807992578 -0.798025310 2.178579330 0.074628361 0.817479014 0.473831803 -0.318813503
1311870460.405219 1.809224486 -0.799015522 2.189615488 0.071233235 0.815084338 0.477293581 -0.320552945
1311870460.437268 1.808075070 -0.800360024 2.203704834 0.067561351 0.813251019 0.479684740 -0.322429478
1311870460.469173 1.809902549 -0.803928375 2.214274168 0.064119145 0.810435951 0.483105451 -0.325102180
1311870460.505208 1.816214561 -0.808567762 2.220842123 0.062009122 0.806043148 0.488114923 -0.328927249
1311870460.537203 1.817916751 -0.815419436 2.226147175 0.065117992 0.800724387 0.494192213 -0.332226157
1311870460.569377 1.823220611 -0.812192202 2.238443375 0.067557350 0.798166215 0.495989591 -0.335202932
1311870460.605217 1.825600982 -0.814395428 2.245788097 0.071404248 0.794878662 0.498598516 -0.338332504
1311870460.637439 1.825037956 -0.814477623 2.253413439 0.074161232 0.792214870 0.500584483 -0.341043860
1311870460.669312 1.827355266 -0.813942492 2.258667231 0.076157890 0.789846957 0.502285004 -0.343586236
1311870460.705390 1.830323339 -0.816313744 2.265151262 0.078790106 0.787310064 0.504156053 -0.346065968
1311870460.737177 1.834259987 -0.815564096 2.269004345 0.082360148 0.784642577 0.505723059 -0.348994344
1311870460.769399 1.837621212 -0.811956227 2.275338650 0.085457742 0.781266570 0.508843720 -0.351279914
1311870460.805511 1.842817187 -0.812291205 2.275724649 0.089250088 0.776971996 0.512857080 -0.354014844
1311870460.837324 1.845942855 -0.809946239 2.283079863 0.091888085 0.774512708 0.515949905 -0.354234904
1311870460.869379 1.848614335 -0.809828222 2.286497593 0.094898671 0.771775544 0.519345641 -0.354452968
1311870460.905261 1.847911239 -0.809933722 2.290631294 0.100237079 0.769818366 0.520860612 -0.355016053
1311870460.937427 1.846045971 -0.809063673 2.293721676 0.105625860 0.769550920 0.519958258 -0.355356216
1311870460.969418 1.857110262 -0.807767212 2.299136877 0.104631923 0.771040976 0.517000616 -0.356732786
1311870461.005311 1.856469512 -0.806902111 2.305145502 0.104364224 0.771601617 0.514518261 -0.359179676
1311870461.037474 1.856814861 -0.806157351 2.309019804 0.101863421 0.771583378 0.511089325 -0.364788443
1311870461.069223 1.867763519 -0.809803545 2.315526485 0.095748492 0.771890044 0.506058395 -0.372723669
1311870461.105213 1.869166851 -0.814622402 2.315161228 0.093325660 0.770627379 0.501080334 -0.382547170
1311870461.137183 1.876083493 -0.818178117 2.314002037 0.091143750 0.768598676 0.495775908 -0.393897384
1311870461.169554 1.874187231 -0.827066839 2.312869310 0.091597177 0.766488671 0.492468745 -0.401969641
1311870461.205320 1.881038427 -0.830044925 2.311975718 0.089066721 0.765204668 0.488196671 -0.410113335
1311870461.237198 1.885073185 -0.836145103 2.310848236 0.087755069 0.763811231 0.484438717 -0.417385459
1311870461.269420 1.890301943 -0.841539264 2.306997061 0.087236330 0.761618495 0.481577218 -0.424747556
1311870461.305245 1.895456791 -0.844958842 2.309452295 0.086584009 0.760502100 0.477998108 -0.430880040
1311870461.337484 1.904283881 -0.849399328 2.308876514 0.087255955 0.758564115 0.474330217 -0.438152611
1311870461.369527 1.910113573 -0.851541758 2.307875395 0.086883925 0.756897032 0.471531689 -0.444090068
1311870461.405326 1.917864084 -0.854347050 2.306961536 0.086719207 0.755646646 0.468000859 -0.449947864
1311870461.437231 1.922551513 -0.863130689 2.302084684 0.088317081 0.753451407 0.467706561 -0.453609526
1311870461.469524 1.927386642 -0.865978956 2.303873777 0.089768164 0.752593935 0.466079175 -0.456414610
1311870461.505256 1.935745716 -0.869069099 2.302289724 0.091292158 0.751408756 0.465093523 -0.459062785
1311870461.537210 1.943272829 -0.872951448 2.297582626 0.092121407 0.750275254 0.464572430 -0.461273372
1311870461.569367 1.951509476 -0.870465815 2.300462961 0.090944394 0.750855803 0.463000774 -0.462141752
1311870461.605303 1.958064198 -0.871674001 2.297875166 0.090978839 0.750367880 0.462452322 -0.463474631
1311870461.637227 1.966924548 -0.875126004 2.297587633 0.088732578 0.750588655 0.461960018 -0.464043319
1311870461.669539 1.975556970 -0.875985503 2.298922539 0.085998669 0.750903010 0.460902363 -0.465099931
1311870461.705448 1.985627413 -0.878665447 2.298077583 0.084191144 0.750942647 0.458961844 -0.467280447
1311870461.737497 1.992004633 -0.879586935 2.299006939 0.083047912 0.750877440 0.456849068 -0.469654143
1311870461.769473 1.993289232 -0.885368943 2.294479132 0.083962925 0.749871433 0.455851823 -0.472061634
1311870461.805342 2.001338720 -0.888807714 2.298213243 0.084355451 0.750438392 0.452937067 -0.473892778
1311870461.837421 2.003524542 -0.889991641 2.298292875 0.085520074 0.750605643 0.451152384 -0.475120008
1311870461.869391 2.009849548 -0.891144216 2.298821926 0.083835520 0.750694215 0.449961871 -0.476407439
1311870461.905500 2.016665459 -0.891542494 2.297941446 0.080359451 0.750409007 0.448888600 -0.478463829
1311870461.937506 2.019082069 -0.892320037 2.301194429 0.078090429 0.751098216 0.446635187 -0.479865015
1311870461.969475 2.017608404 -0.899860442 2.301615715 0.077619232 0.752225101 0.445369333 -0.479352534
1311870462.005294 2.017273188 -0.907677829 2.297253847 0.076119237 0.753305852 0.445288718 -0.477968723
1311870462.037457 2.012381554 -0.910246253 2.302150488 0.075342253 0.756210208 0.443855226 -0.474828631
1311870462.069279 2.012500525 -0.914669275 2.302159071 0.074619025 0.758405268 0.440810233 -0.474278212
1311870462.105410 2.010872841 -0.920265555 2.306753635 0.073308051 0.761472106 0.437727809 -0.472419828
1311870462.137337 2.008679152 -0.925953090 2.307563782 0.071823761 0.764311731 0.434260100 -0.471261144
1311870462.169559 2.011856556 -0.929079413 2.308505297 0.068794884 0.766939580 0.430368096 -0.471014172
1311870462.205313 2.010530472 -0.934172690 2.311650991 0.067275740 0.769708931 0.426215261 -0.470492005
1311870462.237343 2.008344889 -0.941404700 2.313778400 0.065700442 0.772662222 0.422181010 -0.469510108
1311870462.273364 2.009792089 -0.945575476 2.316148996 0.062525213 0.776429594 0.417458057 -0.467949182
1311870462.305341 2.008543968 -0.951015711 2.321908236 0.060459394 0.780146837 0.413510472 -0.465537012
1311870462.337274 2.008456469 -0.954535425 2.323511600 0.058031671 0.782959521 0.410342276 -0.463924497
1311870462.373322 2.006482840 -0.962428153 2.325105667 0.056095317 0.785279334 0.408778071 -0.461616993
1311870462.405402 2.005188704 -0.967073917 2.328967571 0.052227531 0.788001716 0.406806678 -0.459166586
1311870462.437353 2.001735926 -0.971989334 2.335720778 0.048721392 0.791426957 0.403825730 -0.456283242
1311870462.473328 1.999956369 -0.978243053 2.336969376 0.045081202 0.793975532 0.401630014 -0.454162806
1311870462.505502 1.999526858 -0.983079791 2.342634678 0.041363571 0.797427893 0.398395032 -0.451308370
1311870462.537628 1.998677015 -0.988757610 2.345062256 0.038275227 0.800453961 0.396034002 -0.448291808
1311870462.573482 1.997141957 -0.992805183 2.348909855 0.036299076 0.803435445 0.394626081 -0.444346786
1311870462.605454 1.998955369 -0.997770309 2.350617886 0.034261759 0.806166470 0.394306540 -0.439822853
1311870462.637336 1.998448014 -1.000862479 2.354028463 0.031979319 0.809455931 0.393479317 -0.434663624
1311870462.673488 1.995152473 -1.004188538 2.358330011 0.029210255 0.812960684 0.392795324 -0.428898066
1311870462.705300 1.996427655 -1.008563519 2.363825321 0.027474314 0.816708386 0.390487432 -0.423971772
1311870462.737400 1.999439597 -1.012555361 2.359813690 0.027073024 0.819421411 0.389809877 -0.419361293
1311870462.773480 1.999646783 -1.015192986 2.366087437 0.027957479 0.823686123 0.388406426 -0.412189305
1311870462.805607 1.997159719 -1.017933965 2.368786573 0.028279485 0.827341974 0.388438076 -0.404748559
1311870462.837434 1.996419668 -1.019425869 2.367550850 0.028111642 0.830289900 0.387990505 -0.399113744
1311870462.873367 1.998857260 -1.017643571 2.368955135 0.026728744 0.833500743 0.387104452 -0.393334746
1311870462.937692 1.999823570 -1.020673633 2.371873379 0.026994824 0.839566529 0.386726797 -0.380580723
1311870462.973378 2.005259514 -1.020283461 2.368382931 0.026295720 0.842270553 0.386556387 -0.374783963
1311870463.005372 2.003666162 -1.021032929 2.370369434 0.026080489 0.845623195 0.387093335 -0.366606086
1311870463.037653 2.005545855 -1.024205685 2.369812727 0.026788842 0.848535895 0.387337327 -0.359498292
1311870463.073557 2.009971380 -1.024251223 2.364573240 0.026270241 0.851256788 0.387243837 -0.353148639
1311870463.137561 2.011048794 -1.023402691 2.363744020 0.027240075 0.856471956 0.388408542 -0.338899076
1311870463.173458 2.011178970 -1.021511078 2.362560749 0.027751619 0.859208286 0.388945580 -0.331228584
1311870463.205609 2.015589952 -1.019234300 2.356317997 0.026312558 0.861153245 0.390458554 -0.324445516
1311870463.237420 2.015692949 -1.018330932 2.351727962 0.027055074 0.863377035 0.391297311 -0.317387104
1311870463.273543 2.022749424 -1.012542844 2.350404978 0.025619360 0.865660906 0.391425133 -0.311064631
1311870463.305619 2.029991865 -1.013238549 2.345316410 0.025899790 0.866808772 0.392666698 -0.306242824
1311870463.337571 2.041181564 -1.010023594 2.348650455 0.025398925 0.868895888 0.392494738 -0.300537467
1311870463.373561 2.042505980 -1.010315776 2.345198393 0.026588783 0.870225191 0.394655049 -0.293680996
1311870463.405637 2.044321299 -1.004770279 2.343231916 0.023752041 0.871804714 0.396925509 -0.286081284
1311870463.437442 2.052849770 -1.000845075 2.338437080 0.020272220 0.872235894 0.398747951 -0.282477707
1311870463.473511 2.054153442 -0.998087227 2.335468769 0.018324260 0.872985363 0.398787975 -0.280230165
1311870463.505376 2.064615726 -0.998491883 2.326017141 0.016705913 0.872700930 0.400001377 -0.279486835
1311870463.537573 2.070394278 -0.997124374 2.320615292 0.015777223 0.873009622 0.401504755 -0.276404053
1311870463.573593 2.077843904 -0.994289577 2.316351414 0.016532747 0.873849571 0.401640207 -0.273493648
1311870463.605460 2.095816135 -0.992182255 2.313316107 0.017007116 0.874789298 0.401330978 -0.270902097
1311870463.637467 2.099273443 -0.985647321 2.310277224 0.018849989 0.875783861 0.401929796 -0.266645402
1311870463.705442 2.106313467 -0.978637576 2.304818869 0.019624043 0.876738191 0.403863907 -0.260459185
1311870463.737499 2.108388424 -0.971967459 2.297143936 0.019867651 0.876685083 0.404462397 -0.259689629
1311870463.805393 2.129900217 -0.970186949 2.286549568 0.020924255 0.875737488 0.407496423 -0.258055598
1311870463.837576 2.133715391 -0.967483401 2.286249876 0.021971798 0.876143217 0.408380985 -0.255176872
1311870463.873465 2.134618044 -0.961380959 2.285398006 0.021932963 0.876130700 0.409443140 -0.253515631
1311870463.905382 2.136204004 -0.958128333 2.282532692 0.022186043 0.875311911 0.410655707 -0.254359454
1311870463.937586 2.139181137 -0.952915847 2.284349680 0.022439562 0.875004888 0.410324633 -0.255923063
1311870463.973412 2.142244816 -0.953155398 2.279491186 0.023582820 0.873426676 0.412173659 -0.258229733
1311870464.005440 2.145919085 -0.949965894 2.281200886 0.024526000 0.872795880 0.412396580 -0.259913057
1311870464.037653 2.144785643 -0.946141839 2.279730558 0.025451127 0.871629238 0.413651198 -0.261739135
1311870464.105417 2.152975559 -0.942681372 2.279923916 0.025618646 0.868868113 0.415684372 -0.267616212
1311870464.137620 2.154238939 -0.940080225 2.276898146 0.026224678 0.867329478 0.416886210 -0.270661622
1311870464.205526 2.159448862 -0.939512312 2.274279833 0.028404266 0.864426494 0.419264913 -0.276001781
1311870464.237403 2.162756443 -0.939426243 2.273364782 0.028877281 0.863246918 0.420205206 -0.278205812
1311870464.273633 2.165524006 -0.937918603 2.274355173 0.028795762 0.862514973 0.420920789 -0.279400200
1311870464.305449 2.165680885 -0.934150875 2.275252819 0.028390853 0.861464739 0.422301859 -0.280594915
1311870464.337856 2.172451973 -0.929455101 2.274424076 0.026823334 0.860451162 0.423372209 -0.282241464
1311870464.373516 2.180344820 -0.928455532 2.275211096 0.026495030 0.859050691 0.425751537 -0.282958448
1311870464.405534 2.180018425 -0.925963998 2.272720814 0.027980400 0.857993484 0.427996516 -0.282636315
1311870464.437721 2.180174351 -0.926850617 2.269530773 0.030459942 0.857759714 0.428723097 -0.281987399
1311870464.473642 2.187113285 -0.920786858 2.275635481 0.030003646 0.858587086 0.428367823 -0.280051827
1311870464.505457 2.188976288 -0.916855037 2.274798632 0.029939439 0.857467890 0.431219518 -0.279109508
1311870464.537663 2.183365583 -0.911248922 2.274785757 0.029909519 0.856192589 0.433438838 -0.279589772
1311870464.605511 2.184952259 -0.911676466 2.270738602 0.027153187 0.851788998 0.438712180 -0.285043538
1311870464.637486 2.178495407 -0.907288194 2.273215055 0.028499521 0.850678205 0.439357102 -0.287227750
1311870464.673648 2.189040422 -0.910785973 2.268900633 0.029161584 0.847916484 0.441608518 -0.291837454
1311870464.737546 2.193987846 -0.907337725 2.267239571 0.031835217 0.845633328 0.443345517 -0.295525819
1311870464.773647 2.190856218 -0.907700360 2.269221544 0.034995634 0.845308721 0.443726927 -0.295524746
1311870464.837646 2.201094151 -0.897935390 2.274628162 0.037610486 0.845236540 0.444099516 -0.294849545
1311870464.873634 2.194925785 -0.896096468 2.280623913 0.039962430 0.844721735 0.445480406 -0.293930858
1311870464.905420 2.193088293 -0.892854869 2.278943539 0.041659120 0.843409717 0.447075844 -0.295038491
1311870464.937591 2.198623419 -0.889316738 2.285443068 0.040875956 0.842831790 0.447382569 -0.296331912
1311870464.973700 2.195606709 -0.885826588 2.287903786 0.042328194 0.841690779 0.448620647 -0.297496974
1311870465.005480 2.197616577 -0.887794971 2.285977364 0.044562414 0.839957297 0.450590342 -0.299088925
1311870465.037669 2.197123289 -0.888618946 2.282779455 0.047688078 0.838578045 0.453008771 -0.298824012
1311870465.073642 2.194375992 -0.887470245 2.285218954 0.050798748 0.838748097 0.453536659 -0.297028005
1311870465.105525 2.194871902 -0.888576210 2.287336349 0.051875841 0.838473022 0.454708070 -0.295825034
1311870465.137686 2.194914818 -0.884175241 2.291277885 0.052924678 0.838530779 0.454777032 -0.295369267
1311870465.173751 2.197221279 -0.886125624 2.292048216 0.054708257 0.837580860 0.456068337 -0.295748264
1311870465.205513 2.197100163 -0.884701908 2.293427229 0.056277037 0.837063789 0.457067013 -0.295375735
1311870465.237546 2.200347185 -0.880839884 2.299662352 0.055521619 0.836711347 0.458567917 -0.294188678
1311870465.305695 2.195439577 -0.872486591 2.308186531 0.058410693 0.834177613 0.462319165 -0.294952422
1311870465.337585 2.197457790 -0.872930527 2.308130503 0.059465747 0.831960440 0.465613306 -0.295820743
1311870465.373730 2.191724777 -0.871134341 2.309253454 0.060859915 0.829655766 0.469241858 -0.296275973
1311870465.405623 2.190540075 -0.866300821 2.313067913 0.062552035 0.828088820 0.470461011 -0.298366547
1311870465.437662 2.194581509 -0.863149047 2.313001871 0.063913122 0.825713456 0.473230988 -0.300274640
1311870465.473801 2.198241234 -0.861339569 2.317545176 0.066075459 0.823985159 0.475519955 -0.300937295
1311870465.537650 2.201089382 -0.856009960 2.318444490 0.071610853 0.820155978 0.481447279 -0.300706804
1311870465.573630 2.197921515 -0.850520909 2.324414968 0.075077511 0.819279552 0.483238071 -0.299374938
1311870465.605756 2.200343847 -0.846397698 2.325009584 0.077973492 0.817650974 0.485450298 -0.299507856
1311870465.637540 2.203571796 -0.843297541 2.328732252 0.078491829 0.816318095 0.488525003 -0.298005223
1311870465.673759 2.202955723 -0.837430656 2.330904007 0.079679377 0.814850569 0.490821511 -0.297932833
1311870465.705660 2.199847698 -0.836075902 2.331661463 0.082182519 0.813115001 0.493447334 -0.297657132
1311870465.737703 2.199290276 -0.831715465 2.334393978 0.083632663 0.811960399 0.495352864 -0.297239631
1311870465.773760 2.195528746 -0.833002865 2.329992294 0.086738437 0.809744954 0.497869134 -0.298187554
1311870465.837767 2.195504427 -0.829765916 2.332005978 0.089870080 0.807562768 0.499926388 -0.299732089
1311870465.873479 2.191742897 -0.826202750 2.333187342 0.090194866 0.806971550 0.500518560 -0.300238192
1311870465.905564 2.194452524 -0.826123774 2.333281279 0.090248786 0.805817127 0.501240253 -0.302112788
1311870465.937618 2.193445206 -0.823454320 2.333556652 0.091154538 0.804905832 0.501594067 -0.303678840
1311870465.973641 2.191816807 -0.824755132 2.330986023 0.092647441 0.803889573 0.502175868 -0.304954767
1311870466.005626 2.193353176 -0.822237968 2.335067511 0.092405766 0.804216921 0.501881897 -0.304648846
1311870466.037751 2.186518431 -0.825797141 2.331124067 0.093864866 0.803150833 0.503266811 -0.304730296
1311870466.073766 2.191953182 -0.822207570 2.332895279 0.091836847 0.803772330 0.501532376 -0.306563616
1311870466.105774 2.190148592 -0.824934006 2.331851244 0.091729127 0.804103136 0.500553608 -0.307327151
1311870466.137755 2.184875488 -0.826731265 2.327461720 0.092804298 0.803872108 0.500155449 -0.308255613
1311870466.173850 2.185551405 -0.825988472 2.330935478 0.092143968 0.805386305 0.497708023 -0.308462322
1311870466.205688 2.182403803 -0.829113781 2.328448534 0.091254532 0.806085229 0.497082353 -0.307909638
1311870466.237789 2.181076765 -0.829908371 2.328295231 0.089367464 0.807325780 0.495510817 -0.307745814
1311870466.273741 2.181139469 -0.831871808 2.326412439 0.087362237 0.808273017 0.493935674 -0.308366835
1311870466.305774 2.181671858 -0.835385680 2.322257042 0.085847966 0.809058189 0.492594749 -0.308877558
1311870466.337732 2.183994532 -0.837137818 2.319850683 0.084428184 0.810207546 0.490760446 -0.309175968
1311870466.373759 2.183188438 -0.838405013 2.320446730 0.083730109 0.811705053 0.488653839 -0.308774412
1311870466.405686 2.182530403 -0.841174126 2.318957329 0.083001971 0.812759697 0.487237990 -0.308433831
1311870466.437684 2.182071209 -0.841917753 2.316282511 0.082029648 0.813304067 0.486239105 -0.308835149
1311870466.473768 2.177942514 -0.844693899 2.314652443 0.081698932 0.814194083 0.484690011 -0.309012711
1311870466.537708 2.181245327 -0.846837342 2.315333128 0.078348942 0.816522956 0.480991989 -0.309513092
1311870466.573767 2.182719231 -0.847706318 2.312138796 0.077325381 0.817207277 0.479406655 -0.310422719
1311870466.605669 2.178815603 -0.851744413 2.309415817 0.077621147 0.817983150 0.477868319 -0.310677379
1311870466.638080 2.175098181 -0.856704056 2.303814173 0.077424616 0.818388879 0.476913691 -0.311124444
1311870466.673856 2.176951647 -0.855702221 2.306265354 0.075788192 0.819869459 0.474013388 -0.312060118
1311870466.705750 2.171040535 -0.861091793 2.303105354 0.076824903 0.820309043 0.472245336 -0.313329488
1311870466.737750 2.167860031 -0.862903237 2.299905062 0.076856457 0.821225822 0.469915181 -0.314421505
1311870466.773742 2.170655012 -0.866207719 2.299387932 0.074897379 0.822510302 0.467370152 -0.315328866
1311870466.805714 2.166498661 -0.871880352 2.291960955 0.074429460 0.822344840 0.467116266 -0.316246212
1311870466.837615 2.166859388 -0.874263942 2.291672945 0.072885513 0.823433816 0.464130312 -0.318162769
1311870466.873851 2.172541380 -0.872693896 2.298012733 0.069674298 0.825597465 0.459658325 -0.319763333
1311870466.905802 2.171592236 -0.879337668 2.295613527 0.068880059 0.826747358 0.456865162 -0.320964992
1311870466.937840 2.169980049 -0.879172266 2.295315266 0.066800840 0.828396499 0.453930378 -0.321316272
1311870466.973674 2.167350292 -0.884100080 2.293624401 0.065557301 0.829847693 0.451237231 -0.321620852
1311870467.005618 2.165772676 -0.887130201 2.292285204 0.062875532 0.831158280 0.448579162 -0.322489232
1311870467.037827 2.165882349 -0.890612423 2.290181160 0.060592424 0.832351923 0.445446819 -0.324184984
1311870467.073579 2.165539026 -0.898475647 2.288775206 0.060503151 0.833187699 0.442925602 -0.325506568
1311870467.105863 2.162218809 -0.899803877 2.290672302 0.059971768 0.834739983 0.439773351 -0.325901806
1311870467.137745 2.160866976 -0.903426051 2.292401075 0.059847552 0.835900962 0.436794907 -0.326952696
1311870467.173666 2.160881281 -0.903863192 2.290751457 0.059646744 0.836443305 0.433832407 -0.329536498
1311870467.206011 2.161458731 -0.907399416 2.291763306 0.059602384 0.837057650 0.431147337 -0.331502676
1311870467.237767 2.161832571 -0.911531448 2.288743496 0.060292605 0.836952031 0.429341584 -0.333978921
1311870467.273716 2.161074162 -0.913728714 2.289942265 0.059917230 0.837665081 0.427317351 -0.334853649
1311870467.305577 2.160094261 -0.917611063 2.289988995 0.060184371 0.838361561 0.425045550 -0.335952461
1311870467.337760 2.161817789 -0.919021666 2.286523342 0.060354702 0.838809252 0.422779560 -0.337659240
1311870467.373747 2.163748980 -0.921182871 2.285616159 0.060864959 0.839426279 0.420888424 -0.338396043
1311870467.406028 2.167593479 -0.920239866 2.285417795 0.059809409 0.840081930 0.419331133 -0.338890225
1311870467.438051 2.163807869 -0.921888769 2.286728859 0.060263630 0.840689480 0.417589873 -0.339452863
1311870467.473799 2.165752172 -0.921796083 2.287162542 0.058586959 0.841330588 0.415414810 -0.340823889
1311870467.505738 2.165298939 -0.925553918 2.285176992 0.057641357 0.841509759 0.414593190 -0.341542542
1311870467.537874 2.161102772 -0.926850259 2.286114454 0.057707038 0.842451215 0.412234396 -0.342065275
1311870467.573878 2.165113926 -0.928526759 2.284911633 0.056934476 0.842485785 0.411083341 -0.343491852
1311870467.605580 2.162751675 -0.930761278 2.285981417 0.057549220 0.842972577 0.409457237 -0.344136745
1311870467.637908 2.162039042 -0.932893634 2.286444902 0.057593040 0.843408704 0.407557398 -0.345313966
1311870467.673677 2.162184000 -0.935258806 2.282165766 0.057834972 0.843274832 0.406536639 -0.346800506
1311870467.705961 2.162041664 -0.935392439 2.282826900 0.057296079 0.843460441 0.405792832 -0.347309321
1311870467.737745 2.158484936 -0.935765326 2.281930923 0.058005761 0.843480885 0.404812187 -0.348284960
1311870467.773820 2.158900499 -0.937428772 2.279338837 0.057935447 0.843489647 0.403663188 -0.349606633
1311870467.805775 2.160282373 -0.938533962 2.280039787 0.057265040 0.844252884 0.402223885 -0.349533558
1311870467.837700 2.160867929 -0.942050517 2.276988268 0.056798026 0.844255984 0.402365595 -0.349439174
1311870467.873894 2.163067341 -0.940084994 2.279546976 0.056291860 0.844948530 0.400851250 -0.349587560
1311870467.905737 2.158999681 -0.939716458 2.277745485 0.056968123 0.845190287 0.399956912 -0.349917829
1311870467.937817 2.156947374 -0.941553175 2.278502226 0.055842154 0.845666111 0.399617970 -0.349336386
1311870467.973800 2.157271385 -0.941193938 2.278089285 0.054372866 0.845530510 0.399157107 -0.350421757
1311870468.005850 2.159534693 -0.941994131 2.276521444 0.053601615 0.845249414 0.398476958 -0.351989210
1311870468.037862 2.161523104 -0.943993390 2.274427891 0.054391731 0.845151186 0.397610486 -0.353082061
1311870468.073908 2.163187742 -0.946833313 2.274638653 0.054546811 0.845596910 0.397285938 -0.352355510
1311870468.105641 2.157598972 -0.945376575 2.272767305 0.055324040 0.846041381 0.396896392 -0.351605564
1311870468.137855 2.157484293 -0.945509851 2.273627758 0.054803714 0.846799910 0.395063162 -0.351925492
1311870468.173648 2.157658577 -0.948047936 2.275061131 0.054634746 0.847219765 0.393692672 -0.352476597
1311870468.205790 2.160509825 -0.947368503 2.273042202 0.053819247 0.847502649 0.392359108 -0.353407800
1311870468.237732 2.161671877 -0.951653898 2.270117521 0.053331185 0.847286403 0.392956525 -0.353336483
1311870468.305723 2.158618450 -0.951528728 2.271217823 0.053276271 0.848786652 0.390835762 -0.352094084
1311870468.337724 2.158722162 -0.953129709 2.269889355 0.051701631 0.849243104 0.390921205 -0.351132065
1311870468.373701 2.159007788 -0.951767802 2.269093513 0.050087962 0.849653244 0.390330762 -0.351030648
1311870468.405642 2.156987190 -0.953484416 2.269046068 0.050297245 0.850237727 0.388870597 -0.351206005
1311870468.437918 2.160832644 -0.955032289 2.267620802 0.049917877 0.850369096 0.388058752 -0.351839542
1311870468.473795 2.159683466 -0.955132961 2.267774582 0.050131511 0.850424230 0.387947410 -0.351798564
1311870468.505768 2.159450531 -0.955346823 2.268238783 0.049874380 0.850505710 0.387919754 -0.351668626
1311870468.537953 2.160218954 -0.954573393 2.270663023 0.049104393 0.851098299 0.386908919 -0.351456821
1311870468.573925 2.159726858 -0.957141459 2.268536806 0.048311181 0.851300657 0.386941731 -0.351040393
1311870468.605719 2.162338972 -0.957481921 2.269050598 0.047410991 0.851482332 0.387172461 -0.350467622
1311870468.637766 2.161518574 -0.957909524 2.269203186 0.047249015 0.851643562 0.387620360 -0.349601567
1311870468.673952 2.163346529 -0.955250144 2.267741680 0.046968725 0.851575375 0.387917072 -0.349476188
1311870468.705990 2.159995794 -0.955499709 2.267588139 0.047719449 0.852129877 0.387985498 -0.347943574
1311870468.737744 2.158476591 -0.957467020 2.267162323 0.048047531 0.852456570 0.387830079 -0.347270846
1311870468.773870 2.157850266 -0.957220256 2.266437292 0.047318596 0.852919698 0.387030065 -0.347126245
1311870468.805834 2.157968521 -0.956521809 2.268722296 0.046244238 0.853825629 0.385721952 -0.346499294
1311870468.837762 2.162398815 -0.955258012 2.266701698 0.044958368 0.854251802 0.384615391 -0.346848071
1311870468.874037 2.164637327 -0.957010567 2.266420841 0.044523615 0.854367733 0.384959966 -0.346235842
1311870468.905802 2.160286665 -0.957671642 2.265990734 0.044941582 0.854590952 0.385119528 -0.345452696
1311870468.937803 2.160896063 -0.956380308 2.268481493 0.044985831 0.854965270 0.384005994 -0.345760077
1311870468.973989 2.159190178 -0.955183089 2.273588657 0.044560000 0.855497837 0.383314759 -0.345264614
1311870469.005857 2.160212040 -0.959690094 2.267367840 0.045542274 0.854543507 0.384195983 -0.346518040
1311870469.037788 2.163587570 -0.960176706 2.269998789 0.045565192 0.854881823 0.383537650 -0.346409738
1311870469.073878 2.161453009 -0.957929015 2.267844200 0.045502670 0.854856491 0.383682430 -0.346320212
1311870469.105791 2.161483526 -0.956860602 2.269082785 0.045634914 0.854966402 0.383723110 -0.345986277
1311870469.137885 2.159108639 -0.958063781 2.268471479 0.045988142 0.854960382 0.383854061 -0.345809072
1311870469.173755 2.156060457 -0.958523691 2.269002914 0.046055522 0.855307579 0.383459300 -0.345379144
1311870469.205815 2.159617424 -0.958970308 2.268563986 0.045347732 0.855531156 0.382758707 -0.345695972
1311870469.237980 2.160011530 -0.959822357 2.268033743 0.045225274 0.855677664 0.382463813 -0.345675826
1311870469.273915 2.161688566 -0.960623085 2.266570091 0.045169223 0.855774820 0.381840765 -0.346131116
1311870469.305865 2.159379244 -0.961799741 2.268588305 0.045286443 0.856103837 0.381341696 -0.345852345
1311870469.337882 2.161964178 -0.960885048 2.266299009 0.044815365 0.856033862 0.380951434 -0.346516430
1311870469.373779 2.163455248 -0.961238861 2.267658472 0.044128761 0.856437922 0.381005645 -0.345545083
1311870469.405771 2.166519165 -0.964524925 2.265565395 0.043790668 0.856222630 0.382039726 -0.344979435
1311870469.437777 2.166222095 -0.962082386 2.267588854 0.044169486 0.856522143 0.382342309 -0.343850642
1311870469.473956 2.168948889 -0.958139479 2.269621372 0.043616489 0.857000768 0.381747067 -0.343389720
1311870469.505924 2.173164129 -0.957706094 2.270793200 0.041789573 0.857205570 0.381921470 -0.342911422
1311870469.538028 2.173224926 -0.953416228 2.270962000 0.041114539 0.857027352 0.382047683 -0.343297601
1311870469.573828 2.173110247 -0.954753578 2.270436049 0.042294167 0.856620073 0.382236719 -0.343959868
1311870469.605806 2.171731710 -0.954474390 2.270580292 0.042874411 0.856365740 0.382795364 -0.343899965
1311870469.637782 2.170356035 -0.953141153 2.271296740 0.042429421 0.856463134 0.383139431 -0.343329012
1311870469.673780 2.168614388 -0.952990532 2.270865202 0.042035475 0.856305480 0.383584738 -0.343273431
1311870469.706012 2.166759253 -0.954525054 2.272234201 0.042425986 0.856302321 0.383662850 -0.343145996
1311870469.737843 2.167035580 -0.954027057 2.271253109 0.041854732 0.856032610 0.384186894 -0.343302757
1311870469.773750 2.167548895 -0.953333497 2.271656990 0.042009164 0.855921865 0.384174436 -0.343573749
1311870469.805778 2.168581963 -0.953466654 2.270960331 0.042044222 0.855743587 0.384318650 -0.343852192
1311870469.837821 2.166778326 -0.954172611 2.271486998 0.042330481 0.855764687 0.384383321 -0.343692333
1311870469.873871 2.169036150 -0.955955327 2.271497250 0.042146780 0.855623364 0.384798348 -0.343602300
1311870469.905750 2.167548895 -0.953238845 2.270386934 0.041528348 0.855540991 0.385084003 -0.343562603
1311870469.937943 2.167392492 -0.953654110 2.271073341 0.041102368 0.855493128 0.385360628 -0.343423039
1311870469.973965 2.168937922 -0.952037573 2.272638559 0.040651157 0.855488181 0.385099798 -0.343781352
1311870470.005752 2.170114040 -0.953255832 2.272463560 0.041245557 0.855132878 0.385327995 -0.344338447
1311870470.037917 2.172243118 -0.953926444 2.271770239 0.041099813 0.854957759 0.385750711 -0.344317347
1311870470.073731 2.172801256 -0.951023936 2.272798061 0.039974969 0.855054796 0.385825723 -0.344124675
1311870470.105880 2.168697119 -0.951896966 2.273074865 0.040383894 0.854867220 0.386215091 -0.344106138
1311870470.137925 2.169908524 -0.952410758 2.273319960 0.039989192 0.854443491 0.386863410 -0.344476193
1311870470.174381 2.169907808 -0.951286077 2.271666527 0.040487740 0.854070663 0.387263626 -0.344892651
1311870470.205867 2.172640324 -0.952401936 2.272157907 0.040527984 0.853879929 0.387938857 -0.344601154
1311870470.237895 2.169728994 -0.951143861 2.272577047 0.041164629 0.853754282 0.388580352 -0.344113827
1311870470.273994 2.168774128 -0.950329006 2.272322655 0.041094135 0.853580952 0.388608843 -0.344520003
1311870470.305986 2.168534040 -0.950408161 2.273291826 0.040797956 0.853497982 0.388626695 -0.344740421
1311870470.337728 2.170993090 -0.949541926 2.273768663 0.040520903 0.853410125 0.388375908 -0.345272928
1311870470.373945 2.171848536 -0.950498462 2.273127317 0.041130733 0.853397787 0.388232082 -0.345393062
1311870470.405805 2.171272278 -0.950222671 2.273922443 0.041549165 0.853574336 0.388304949 -0.344824225
1311870470.437840 2.171002626 -0.950548828 2.272760153 0.041406445 0.853566110 0.388893515 -0.344197899
1311870470.474179 2.168886423 -0.948745430 2.274354935 0.040721469 0.853828013 0.389016598 -0.343490362
1311870470.505829 2.168480396 -0.949307024 2.273637772 0.041119494 0.853635192 0.388846517 -0.344114095
1311870470.538218 2.174633980 -0.949619293 2.272941351 0.040332582 0.853296578 0.389344543 -0.344483703
1311870470.573867 2.172286987 -0.947988689 2.272114515 0.040973768 0.853281438 0.389597714 -0.344159216
1311870470.605821 2.173122406 -0.948850334 2.272952318 0.041111656 0.853497028 0.389512718 -0.343704045
1311870470.638024 2.173213482 -0.948781431 2.272199154 0.041478563 0.853597522 0.389372379 -0.343569338
1311870470.673873 2.172398329 -0.948942542 2.271458864 0.041486997 0.853706598 0.389367193 -0.343303084
1311870470.705826 2.172103405 -0.948856592 2.272918940 0.041465830 0.853918672 0.389169723 -0.343002021
1311870470.738011 2.173674345 -0.948044300 2.271869183 0.041264534 0.853564024 0.389376402 -0.343673795
1311870470.773871 2.171866894 -0.949718356 2.272563696 0.041737389 0.853509903 0.389701545 -0.343382448
1311870470.805957 2.170849323 -0.950611234 2.271633387 0.042051598 0.853240371 0.390045375 -0.343623579
1311870470.838079 2.171678782 -0.946394503 2.274387836 0.041068435 0.853564203 0.389440805 -0.343623906
1311870470.873905 2.170812368 -0.948817253 2.273949862 0.041293733 0.853298664 0.389902622 -0.343732625
1311870470.905869 2.171220541 -0.947081089 2.275074959 0.041317314 0.853465497 0.389319867 -0.343976200
1311870470.937927 2.171730995 -0.948462248 2.274468422 0.042090911 0.853264093 0.389405400 -0.344284952
1311870470.973873 2.169490337 -0.947636425 2.273450136 0.042411234 0.853092670 0.389549226 -0.344507724
1311870471.005925 2.172361612 -0.947589517 2.273900747 0.042510659 0.852836311 0.389457017 -0.345233679
1311870471.037976 2.171539545 -0.947522283 2.274797916 0.043025572 0.852946818 0.389147848 -0.345245540
1311870471.073810 2.172439814 -0.947953820 2.274969816 0.042584989 0.852786958 0.389622688 -0.345159531
1311870471.106003 2.170215130 -0.946580112 2.273831129 0.042468004 0.852603793 0.389953583 -0.345252752
1311870471.138021 2.171595097 -0.948128700 2.274323225 0.042345073 0.852798343 0.389567405 -0.345223308
1311870471.174023 2.170763969 -0.947319329 2.274603605 0.041962113 0.853012145 0.389403492 -0.344926655
1311870471.205874 2.172226191 -0.948615789 2.276852608 0.041673098 0.853401363 0.388929129 -0.344533890
1311870471.238040 2.173360348 -0.948317111 2.274574757 0.041777413 0.853168488 0.388720483 -0.345332533
1311870471.273910 2.171006203 -0.947119415 2.275768280 0.042003725 0.853421569 0.388192117 -0.345274091
1311870471.305871 2.171661377 -0.949122310 2.275350571 0.041659195 0.853341758 0.388072580 -0.345647275
1311870471.337865 2.167907953 -0.949060142 2.274980545 0.042249233 0.853236139 0.387943894 -0.345980734
1311870471.373855 2.170856953 -0.949316263 2.276203394 0.041673750 0.853486776 0.387305319 -0.346147686
1311870471.405985 2.170108795 -0.949703097 2.274815559 0.041787852 0.853207052 0.387978166 -0.346069902
1311870471.441920 2.169642925 -0.948401809 2.275093317 0.041406028 0.853088737 0.388399035 -0.345935404
1311870471.473870 2.173693657 -0.947828352 2.277742863 0.041041847 0.853067219 0.388267815 -0.346179157
1311870471.505831 2.169993877 -0.949929416 2.275493860 0.042374805 0.852579653 0.388699144 -0.346735209
1311870471.542028 2.170107841 -0.949235916 2.276119947 0.042704530 0.852450550 0.388562113 -0.347165525
1311870471.574014 2.168354750 -0.950873435 2.274272680 0.043615732 0.852204382 0.388660073 -0.347546756
1311870471.605987 2.169705629 -0.948100865 2.276204109 0.042244047 0.852642775 0.387888461 -0.347502947
1311870471.641978 2.169675589 -0.947464347 2.276474476 0.041664194 0.852676570 0.387568653 -0.347846687
1311870471.674011 2.168365717 -0.947351336 2.276207447 0.041699529 0.852512479 0.387055248 -0.348814905
1311870471.706195 2.168391943 -0.949957848 2.275277376 0.042507160 0.852303624 0.386399359 -0.349953175
1311870471.742044 2.167375565 -0.951099873 2.274086237 0.042792417 0.852254868 0.385761499 -0.350739956
1311870471.773909 2.166430712 -0.948072374 2.277024508 0.042754550 0.852760315 0.384306192 -0.351113468
1311870471.805901 2.168242455 -0.949229717 2.274226427 0.042275794 0.852302730 0.384003907 -0.352609962
1311870471.841988 2.163284540 -0.949768543 2.273329496 0.042590287 0.852137029 0.383574396 -0.353439182
1311870471.874024 2.167695045 -0.950397432 2.272342443 0.041762441 0.852083683 0.382840216 -0.354461104
1311870471.905983 2.173166513 -0.950793028 2.272318840 0.040779851 0.852147937 0.382498264 -0.354790062
1311870471.942156 2.171538591 -0.950882256 2.270528793 0.040958211 0.852165341 0.382917374 -0.354275197
1311870471.973865 2.175513506 -0.948037326 2.270200491 0.039621778 0.852262676 0.382986456 -0.354118347
1311870472.006101 2.171134710 -0.947128117 2.268860340 0.039083533 0.852159500 0.383598745 -0.353763551
1311870472.042094 2.171421051 -0.946827233 2.269376278 0.038240816 0.851927757 0.383938223 -0.354045421
1311870472.074034 2.169636250 -0.948008358 2.267044783 0.039633818 0.851338685 0.383874685 -0.355375707
1311870472.105974 2.172703028 -0.945713699 2.266759396 0.040636498 0.851147592 0.382692188 -0.356991708
1311870472.142241 2.174863338 -0.946394503 2.266495466 0.041274197 0.850657105 0.383342654 -0.357389539
1311870472.174085 2.173373222 -0.944253206 2.263875961 0.041971531 0.850026548 0.383760840 -0.358358562
1311870472.205977 2.173445225 -0.945406675 2.261711597 0.042211208 0.849787652 0.383799732 -0.358854979
1311870472.241992 2.177095652 -0.944176912 2.261101484 0.041107513 0.850005031 0.383681506 -0.358594596
1311870472.274142 2.175767183 -0.944319010 2.260888815 0.041096073 0.850251496 0.383812428 -0.357870817
1311870472.305946 2.177704811 -0.942668736 2.259025097 0.040729646 0.850215852 0.383562416 -0.358265251
1311870472.341965 2.180188894 -0.941008508 2.259708643 0.041090000 0.850324750 0.382691354 -0.358896643
1311870472.373998 2.182793140 -0.939531744 2.255637646 0.040786244 0.849782228 0.383162022 -0.359713018
1311870472.406004 2.181301594 -0.938975573 2.253598213 0.040869899 0.849648178 0.382849634 -0.360352278
1311870472.442046 2.184018612 -0.939601243 2.252738237 0.039744928 0.849708855 0.382280141 -0.360939205
1311870472.473942 2.185245275 -0.941473186 2.247216463 0.040016528 0.849364400 0.382466763 -0.361521721
1311870472.506007 2.190069914 -0.941435993 2.246958256 0.039058272 0.849561930 0.381990522 -0.361665964
1311870472.542128 2.189365387 -0.938721538 2.246481657 0.039308280 0.849527895 0.381826490 -0.361891925
1311870472.573975 2.190470934 -0.934928000 2.242829561 0.039220981 0.849422336 0.380839646 -0.363186568
1311870472.605983 2.194401503 -0.933919668 2.240689993 0.038624492 0.849159300 0.380888462 -0.363813996
1311870472.642166 2.190660715 -0.935263813 2.238859177 0.040194526 0.849055707 0.380472690 -0.364320338
1311870472.673968 2.195500612 -0.931245387 2.235129833 0.039292518 0.849014580 0.379008710 -0.366036534
1311870472.705964 2.200848103 -0.931061804 2.234138250 0.038044401 0.848916709 0.378429592 -0.366993248
1311870472.742010 2.196794510 -0.930714130 2.232241869 0.037731323 0.848402977 0.378654093 -0.367980689
1311870472.774092 2.201105833 -0.929368734 2.229247570 0.037954386 0.847637832 0.377362669 -0.371034920
1311870472.805994 2.207297564 -0.929173470 2.224783659 0.038147565 0.846775651 0.377799839 -0.372535944
1311870472.841981 2.212101936 -0.931077182 2.217279673 0.039631862 0.845975935 0.379058003 -0.372919679
1311870472.874143 2.214241028 -0.926603854 2.218589306 0.040519286 0.846397638 0.378825426 -0.372102767
1311870472.905960 2.212383747 -0.921853840 2.214684963 0.040721312 0.846541762 0.378503591 -0.372080445
1311870472.941944 2.215466976 -0.921214700 2.210836172 0.038828090 0.846637487 0.378757149 -0.371806890
1311870472.974144 2.225363255 -0.923201740 2.209661245 0.037888642 0.846848488 0.378500253 -0.371684819
1311870473.006149 2.227572203 -0.923680365 2.203982353 0.040505134 0.846722424 0.378452033 -0.371745229
1311870473.042100 2.230147123 -0.919011533 2.201972961 0.041504882 0.847192109 0.378170490 -0.370850354
1311870473.073930 2.231140852 -0.916186750 2.199678421 0.041348360 0.847341001 0.378633112 -0.370054662
1311870473.106027 2.231815577 -0.912109137 2.199595213 0.040897753 0.847199619 0.378943205 -0.370111018
1311870473.142260 2.230587006 -0.911746800 2.195055723 0.041109141 0.846573889 0.379478723 -0.370969802
1311870473.174040 2.235858679 -0.912917316 2.190166712 0.039797891 0.846314073 0.380001873 -0.371170133
1311870473.206150 2.238964796 -0.908555627 2.190507650 0.037727650 0.846585274 0.380426615 -0.370331705
1311870473.242252 2.236802101 -0.907768905 2.188560724 0.036358815 0.846374393 0.381662190 -0.369678736
1311870473.274500 2.238955259 -0.903751254 2.185899973 0.034925479 0.845826089 0.382435620 -0.370272160
1311870473.306261 2.236805677 -0.905183256 2.183549881 0.035687324 0.844986737 0.383283347 -0.371237963
1311870473.342424 2.236671209 -0.903292298 2.180340290 0.037408661 0.844375789 0.383109719 -0.372635305
1311870473.374112 2.235233784 -0.899192810 2.180994749 0.037995759 0.844194591 0.382793665 -0.373310626
1311870473.406080 2.230681419 -0.898649156 2.179426670 0.039921302 0.843660295 0.383286506 -0.373811424
1311870473.442154 2.226358652 -0.895902336 2.178310633 0.039772820 0.843279243 0.384071946 -0.373880982
1311870473.474610 2.219729424 -0.893148661 2.174911261 0.039281420 0.842786312 0.384902000 -0.374190599
1311870473.506409 2.218418598 -0.893658578 2.171187401 0.037718013 0.842240751 0.385629058 -0.374830872
1311870473.542189 2.212698460 -0.891156197 2.169793129 0.038386732 0.842539787 0.385161072 -0.374571979
1311870473.574202 2.208465815 -0.889835775 2.165268660 0.039787136 0.842619479 0.384806812 -0.374610633
1311870473.606498 2.205815792 -0.888057530 2.163178921 0.040524598 0.843478024 0.384196728 -0.373223037
1311870473.642118 2.199528217 -0.888667047 2.159411430 0.042089764 0.843940735 0.384345263 -0.371848404
1311870473.674176 2.191700935 -0.884525895 2.158741713 0.043077007 0.844746232 0.383759826 -0.370508552
1311870473.706403 2.180662394 -0.882723272 2.155907631 0.044975538 0.845619082 0.381481349 -0.370644748
1311870473.742268 2.163131714 -0.881078124 2.151314259 0.044333644 0.846504271 0.379253685 -0.370987475
1311870473.774145 2.160632372 -0.881137252 2.149252415 0.041603498 0.846906543 0.375957847 -0.373730004
1311870473.806031 2.155460119 -0.881160676 2.147140265 0.040920530 0.847508430 0.371901393 -0.376489520
1311870473.842130 2.150659800 -0.882368803 2.144587517 0.039233148 0.848118305 0.369032919 -0.378114730
1311870473.874175 2.142411709 -0.878857791 2.145133495 0.035698615 0.848753631 0.367727220 -0.378311485
1311870473.906399 2.135847569 -0.881094038 2.140390158 0.033763472 0.848361194 0.366882682 -0.380184799
1311870473.942125 2.132642269 -0.881780982 2.136723757 0.032141279 0.848278165 0.365717351 -0.381630540
1311870473.974168 2.131474257 -0.880307078 2.136310816 0.030083906 0.848354042 0.365467399 -0.381869048
1311870474.006237 2.126012325 -0.880730569 2.131568432 0.030033551 0.847527981 0.366563171 -0.382656187
1311870474.042518 2.119200230 -0.880999625 2.129166365 0.030666389 0.847187161 0.366962552 -0.382977754
1311870474.074151 2.114525318 -0.881517172 2.126528025 0.029550249 0.847124279 0.367796600 -0.382404119
1311870474.106170 2.109210491 -0.880459368 2.126561880 0.028393853 0.847484171 0.367757410 -0.381731331
1311870474.142204 2.100370169 -0.878894508 2.125011206 0.028214319 0.847381890 0.367571115 -0.382150948
1311870474.174263 2.096102715 -0.879393756 2.123458862 0.028417803 0.847099066 0.367128193 -0.383187205
1311870474.206256 2.094992638 -0.877382815 2.122394085 0.027385093 0.846492469 0.368342459 -0.383437663
1311870474.242280 2.085181236 -0.876328230 2.119555235 0.028977327 0.845927000 0.369534671 -0.383421272
1311870474.274712 2.080840111 -0.872535229 2.117848635 0.027333580 0.845918596 0.369566649 -0.383529812
1311870474.306126 2.081001997 -0.869305551 2.117575169 0.024340658 0.845800042 0.369269043 -0.384278774
1311870474.342193 2.077189445 -0.868206382 2.115958452 0.023231240 0.845029414 0.370264173 -0.385084480
1311870474.374090 2.075690746 -0.868043125 2.114303112 0.021969099 0.843906999 0.370762497 -0.387134969
1311870474.406066 2.078911066 -0.866888404 2.113014221 0.020239774 0.843105137 0.370269954 -0.389440924
1311870474.442146 2.082663536 -0.866153479 2.112148762 0.019468382 0.842080116 0.371016622 -0.390984237
1311870474.474133 2.082117796 -0.865516186 2.109388113 0.020032169 0.841145694 0.371524394 -0.392482132
1311870474.506142 2.078558207 -0.864215493 2.107074976 0.019934237 0.840380311 0.371000975 -0.394616097
1311870474.542326 2.079267263 -0.864112258 2.106036425 0.019365387 0.839322567 0.370258749 -0.397581547
1311870474.574197 2.078618765 -0.864631772 2.102903843 0.019579040 0.838322401 0.370083719 -0.399837822
1311870474.606219 2.081369638 -0.865517020 2.100340366 0.020299951 0.837392211 0.369799674 -0.402007937
1311870474.642126 2.084750414 -0.863445759 2.098500252 0.020838529 0.836720288 0.368756473 -0.404330969
1311870474.674124 2.088441849 -0.861003041 2.096295834 0.021525273 0.835651994 0.368508130 -0.406723619
1311870474.706175 2.088942528 -0.860006392 2.092720270 0.023610769 0.834652781 0.367725044 -0.409359992
1311870474.742243 2.100174904 -0.857086003 2.086272717 0.023909733 0.833229125 0.367224276 -0.412678897
1311870474.774339 2.103471756 -0.854705453 2.082879543 0.025944186 0.832046151 0.367366701 -0.414810568
1311870474.806161 2.103811264 -0.853781343 2.077772617 0.028706839 0.830715179 0.366671443 -0.417899787
1311870474.842137 2.105259180 -0.853165567 2.073854923 0.029516993 0.829762459 0.365670681 -0.420604259
1311870474.874165 2.108911753 -0.851965845 2.069323301 0.028436199 0.828550577 0.364098817 -0.424414098
1311870474.906314 2.115366936 -0.851899266 2.063795090 0.027096972 0.827008963 0.362382829 -0.428952932
1311870474.942309 2.123172045 -0.853822649 2.058256626 0.027611621 0.825504780 0.360637516 -0.433266729
1311870474.974405 2.132829905 -0.853383839 2.054765940 0.028781205 0.824332356 0.359308571 -0.436514795
1311870475.006531 2.135849953 -0.851723790 2.048791409 0.030419609 0.823186576 0.359362751 -0.438516676
1311870475.042643 2.140743017 -0.851916254 2.042808294 0.031357277 0.821949244 0.359520018 -0.440637678
1311870475.074124 2.145323992 -0.848205924 2.038401842 0.031166231 0.820727050 0.359249651 -0.443142712
1311870475.106487 2.148547888 -0.846714199 2.035063028 0.030450311 0.819690585 0.359620541 -0.444806933
1311870475.142238 2.151277781 -0.844432056 2.030682325 0.029460287 0.818595886 0.359279782 -0.447158694
1311870475.174253 2.160947084 -0.845061600 2.025679350 0.027780050 0.817647994 0.358846694 -0.449342966
1311870475.206435 2.161822796 -0.844458401 2.021963358 0.029429263 0.816793203 0.358465552 -0.451093376
1311870475.242461 2.167734146 -0.842164218 2.018129587 0.029334567 0.816193879 0.357810378 -0.452701658
1311870475.274175 2.175770760 -0.837385952 2.017663002 0.027884390 0.815568566 0.357491285 -0.454169959
1311870475.306297 2.181322575 -0.836164773 2.014347792 0.026652833 0.814403653 0.356957436 -0.456746876
1311870475.342286 2.189342499 -0.835904479 2.012466431 0.025974408 0.813055396 0.356717080 -0.459368140
1311870475.374384 2.192041636 -0.835679293 2.010028362 0.026071845 0.811651468 0.357014745 -0.461608768
1311870475.406177 2.199614286 -0.833622515 2.004150867 0.026019603 0.810053706 0.356987119 -0.464431018
1311870475.442349 2.204043388 -0.832387686 2.002084255 0.026981277 0.809029281 0.356940895 -0.466193914
1311870475.474159 2.206317902 -0.828580081 1.996485949 0.027261410 0.807814896 0.357308775 -0.467998236
1311870475.506409 2.210042715 -0.828063250 1.992971063 0.027199518 0.806848645 0.357309639 -0.469665080
1311870475.542368 2.216076374 -0.823892176 1.991187572 0.025622211 0.806116104 0.357034475 -0.471218318
1311870475.574183 2.220110416 -0.823601127 1.989558101 0.026213728 0.805194020 0.357179612 -0.472650111
1311870475.606225 2.226032019 -0.825947285 1.987842917 0.026808035 0.804366231 0.357883155 -0.473493338
1311870475.642242 2.229720354 -0.823361814 1.985097885 0.028005555 0.803435743 0.358997971 -0.474159390
1311870475.674412 2.233839750 -0.821322501 1.984264970 0.029079575 0.802345216 0.360140532 -0.475074023
1311870475.706519 2.233178616 -0.818525791 1.984962225 0.029151253 0.801150620 0.360955626 -0.476465017
1311870475.742323 2.237952232 -0.819226205 1.985558867 0.028373398 0.799476802 0.362012655 -0.478517115
1311870475.774113 2.241836071 -0.816876352 1.985521317 0.028389944 0.797530472 0.362765431 -0.481186479
1311870475.806584 2.244836807 -0.815896332 1.983489275 0.030182054 0.795374632 0.363826901 -0.483837038
1311870475.842399 2.247259855 -0.814474583 1.981827974 0.031909529 0.793785214 0.364539564 -0.485795975
1311870475.874665 2.248106480 -0.812900305 1.984298825 0.031473346 0.792474926 0.366335303 -0.486612141
1311870475.907306 2.250428915 -0.811213076 1.987830400 0.030998215 0.791116714 0.367341429 -0.488091886
1311870475.942231 2.255230665 -0.813011527 1.993204117 0.031533062 0.789900303 0.367614180 -0.489819348
1311870475.974354 2.256011009 -0.815882206 1.990149856 0.032973044 0.788289905 0.368706852 -0.491494685
1311870476.006524 2.259298563 -0.818766773 1.994570732 0.032117609 0.788517535 0.369736105 -0.490411848
1311870476.042481 2.260657310 -0.820851624 1.997643948 0.030266033 0.788407743 0.370963156 -0.489779085
1311870476.074341 2.261148214 -0.821694553 2.004544735 0.029065305 0.788529217 0.370064706 -0.490335613
1311870476.106461 2.268301010 -0.822031319 2.006301165 0.027284481 0.788084090 0.368641138 -0.492222250
1311870476.142192 2.269784927 -0.827366590 2.011260986 0.025669977 0.788137794 0.368988633 -0.491962671
1311870476.175104 2.272366285 -0.829129457 2.015023708 0.024859255 0.788223445 0.368452996 -0.492268443
1311870476.206393 2.274971247 -0.832325101 2.019225121 0.024662964 0.788451254 0.367754519 -0.492435694
1311870476.242328 2.277518034 -0.834312201 2.022607088 0.023600452 0.789060414 0.367498040 -0.491702974
1311870476.274227 2.282345057 -0.838116407 2.032487392 0.022419097 0.790077806 0.367461592 -0.490149319
1311870476.306297 2.287421703 -0.837446988 2.037289619 0.023144608 0.789665461 0.367792577 -0.490531802
1311870476.342260 2.287106514 -0.836735010 2.044483185 0.025577923 0.789244533 0.368828803 -0.490310222
1311870476.374475 2.286935091 -0.835997999 2.054677486 0.026240010 0.789181113 0.370403349 -0.489189059
1311870476.406491 2.285571575 -0.837673068 2.057864428 0.026356796 0.787616730 0.372954607 -0.489765286
1311870476.442421 2.283078432 -0.841776431 2.061764002 0.028547376 0.786497116 0.372916281 -0.491467953
1311870476.474627 2.287408113 -0.846389949 2.069048166 0.029578215 0.786192000 0.372391164 -0.492292702
1311870476.506504 2.293971777 -0.849814594 2.070331335 0.029171646 0.785457134 0.374000400 -0.492270023
1311870476.542440 2.297373295 -0.849191487 2.072057724 0.029778527 0.784893930 0.374885738 -0.492458552
1311870476.574569 2.299840689 -0.850166976 2.076642752 0.029320044 0.784849644 0.376469105 -0.491347522
1311870476.606570 2.299297571 -0.849688530 2.084409475 0.028344713 0.785110176 0.378177732 -0.489673585
1311870476.642434 2.299316406 -0.850133121 2.084527493 0.028374022 0.784351707 0.380039096 -0.489446193
1311870476.674440 2.302085876 -0.849819422 2.088694096 0.029407721 0.784853458 0.379524469 -0.488979876
1311870476.706389 2.302581787 -0.850908101 2.091799498 0.031369913 0.785255313 0.379862458 -0.487949193
1311870476.742209 2.302894592 -0.852652669 2.094677687 0.032365043 0.785739303 0.381006241 -0.486210316
1311870476.774360 2.299703121 -0.852807581 2.096923351 0.033115156 0.785774589 0.381625891 -0.485616505
1311870476.806891 2.300513506 -0.852648139 2.100219250 0.033716246 0.786059499 0.380530834 -0.485973239
1311870476.842211 2.300361395 -0.853846431 2.098520517 0.033994853 0.785796046 0.380435735 -0.486454070
1311870476.874304 2.300899029 -0.850600839 2.103047609 0.032650199 0.786788821 0.379905730 -0.485354483
1311870476.906567 2.300448656 -0.853706419 2.104378939 0.033224501 0.787068307 0.379839987 -0.484913647
1311870476.942253 2.300387383 -0.855321467 2.099907637 0.033941045 0.786557317 0.379760236 -0.485754848
1311870476.974379 2.298387766 -0.853866458 2.100754261 0.032775439 0.786658466 0.378924817 -0.486323148
1311870477.006502 2.296777010 -0.854868948 2.099891424 0.031630401 0.786286294 0.377973109 -0.487739325
1311870477.042467 2.300063610 -0.857298255 2.093696117 0.031517930 0.785537302 0.376841545 -0.489824682
1311870477.074608 2.299828768 -0.856291711 2.093903065 0.030927418 0.786453366 0.375506848 -0.489417166
1311870477.106391 2.301535130 -0.856874049 2.092894316 0.029656764 0.787331402 0.375358641 -0.488196254
1311870477.142624 2.304172277 -0.855187714 2.087283611 0.028897680 0.787304938 0.375322163 -0.488312513
1311870477.174420 2.302496672 -0.856122434 2.085271120 0.029385818 0.787796438 0.374799281 -0.487892121
1311870477.206651 2.306505919 -0.853151143 2.081231833 0.028188281 0.787731349 0.374836892 -0.488038957
1311870477.242472 2.306243181 -0.852053404 2.073125124 0.028571766 0.787267506 0.375320464 -0.488393337
1311870477.274614 2.308988810 -0.848416209 2.067433834 0.028036479 0.787284076 0.374882847 -0.488733619
1311870477.306562 2.310351133 -0.845702529 2.063144922 0.028184863 0.787563145 0.374342799 -0.488689452
1311870477.342447 2.313496351 -0.843502760 2.056511879 0.027612811 0.787401676 0.373839945 -0.489366710
1311870477.375546 2.314039707 -0.843524158 2.050452709 0.027776346 0.787397444 0.372776717 -0.490174711
1311870477.406303 2.319900036 -0.838254392 2.043831110 0.028144890 0.787208200 0.370706201 -0.492024451
1311870477.442535 2.320257187 -0.837960064 2.034805536 0.029661389 0.786727667 0.369643331 -0.493501395
1311870477.474589 2.323943615 -0.836799979 2.026225805 0.030657407 0.786496937 0.367917746 -0.495095104
1311870477.506439 2.326110363 -0.833259523 2.020744085 0.030618481 0.786858797 0.365591824 -0.496244282
1311870477.542454 2.330347300 -0.834625065 2.011460304 0.030466637 0.786415994 0.364282191 -0.497915804
1311870477.576952 2.336720467 -0.829858720 1.999123573 -0.029389761 -0.785709739 -0.362897217 0.500102043
1311870477.606371 2.340634346 -0.827272177 1.992531300 -0.029205410 -0.786001265 -0.361693472 0.500526547
1311870477.642455 2.346923590 -0.825700939 1.983076811 -0.028403172 -0.785732150 -0.361288965 0.501286745
1311870477.674401 2.351588488 -0.820063353 1.974599957 -0.026982997 -0.785235167 -0.360634893 0.502613127
1311870477.706293 2.356011629 -0.818670511 1.966965795 -0.027078429 -0.784559488 -0.359546691 0.504439652
1311870477.742492 2.359939098 -0.817072332 1.954967499 -0.028005090 -0.783524990 -0.358115077 0.507008731
1311870477.774408 2.365161180 -0.811442494 1.946556926 -0.028025091 -0.783263445 -0.356292039 0.508693397
1311870477.806631 2.368601561 -0.808246970 1.942444682 -0.028473502 -0.783479929 -0.354699403 0.509447634
1311870477.842377 2.368123770 -0.805143952 1.936524391 -0.030320728 -0.783036768 -0.353107214 0.511125565
1311870477.874752 2.372914076 -0.803223431 1.926897764 -0.030721655 -0.782233953 -0.351731956 0.513274670
1311870477.906459 2.375940800 -0.797379434 1.920403600 -0.029571768 -0.781365156 -0.351405382 0.514886737
1311870477.942470 2.377498865 -0.795218170 1.913092136 -0.029191786 -0.780059636 -0.351062834 0.517116785
1311870477.974821 2.377211571 -0.793494999 1.905121088 -0.029272858 -0.778982341 -0.349907488 0.519513607
1311870478.006764 2.382696867 -0.788598001 1.896928668 -0.027418643 -0.778281331 -0.349036455 0.521248519
1311870478.042396 2.387475252 -0.784368515 1.894073963 -0.025886966 -0.778081119 -0.348652661 0.521882117
1311870478.074531 2.386578321 -0.782926381 1.888075471 -0.024487754 -0.777337313 -0.349512756 0.522482395
1311870478.106703 2.385852098 -0.783037901 1.882899880 -0.023784699 -0.777051687 -0.349079669 0.523228765
1311870478.142484 2.391142607 -0.780255616 1.874843478 -0.022489659 -0.776421666 -0.347703218 0.525134444
1311870478.174891 2.387036800 -0.782396555 1.868057489 -0.023406396 -0.776463807 -0.347195983 0.525367498
1311870478.206694 2.387771606 -0.780063272 1.864362836 -0.022828881 -0.777645230 -0.345166564 0.524982631
1311870478.243551 2.392040014 -0.775606394 1.859541774 -0.020688727 -0.778417706 -0.344505757 0.524360061
1311870478.274632 2.389085531 -0.777747810 1.857885003 -0.020257205 -0.779320657 -0.344622403 0.522957265
1311870478.307070 2.388476849 -0.773900151 1.848685145 -0.018583314 -0.779082060 -0.345141143 0.523032904
1311870478.342699 2.384603977 -0.771689057 1.848979950 -0.017446660 -0.779822826 -0.344748557 0.522226393
1311870478.377314 2.381482601 -0.772086263 1.841304183 -0.016660761 -0.779156268 -0.344877988 0.523160696
1311870478.407403 2.378904819 -0.773630738 1.834857583 -0.016191551 -0.779012024 -0.343738347 0.524139285
1311870478.442461 2.377479553 -0.771240950 1.828585625 -0.014924807 -0.779863060 -0.342614502 0.523647070
1311870478.474469 2.374939919 -0.774961770 1.825517654 -0.014755264 -0.781078994 -0.342437595 0.521952450
1311870478.506459 2.367671251 -0.773016632 1.822623491 -0.013811443 -0.782243311 -0.341339111 0.520953178
1311870478.542834 2.363880396 -0.773272514 1.818080783 -0.012377321 -0.783155322 -0.339827061 0.520607352
1311870478.574568 2.359277248 -0.774469316 1.813228846 -0.011493761 -0.784054458 -0.338319182 0.520256341
1311870478.606731 2.355793953 -0.775388002 1.809329391 -0.009884572 -0.785656333 -0.335977733 0.519389391
1311870478.642464 2.350036860 -0.772425532 1.806566715 -0.007007526 -0.787323415 -0.333844095 0.518286347
1311870478.674530 2.346312046 -0.772542000 1.802632451 -0.005775319 -0.788614154 -0.331924081 0.517571926
1311870478.706522 2.339136362 -0.771840930 1.800248265 -0.005366787 -0.789578557 -0.330887765 0.516768992
1311870478.742334 2.331127882 -0.774299026 1.793190718 -0.005843467 -0.790918648 -0.328150183 0.516460061
1311870478.774702 2.324013710 -0.774768472 1.789811134 -0.005162087 -0.792953193 -0.324928641 0.515383244
1311870478.806869 2.315414667 -0.775073171 1.786475301 -0.004621986 -0.794433415 -0.321490526 0.515265107
1311870478.842335 2.312374592 -0.776396275 1.782464743 -0.003560843 -0.795548558 -0.318862110 0.515186131
1311870478.874346 2.305955172 -0.778775156 1.779520512 -0.003063936 -0.796473205 -0.317397445 0.514664888
1311870478.906787 2.298746347 -0.779981017 1.774350286 -0.000351311 -0.797244549 -0.316971600 0.513741255
1311870478.942379 2.290853024 -0.782693446 1.771019697 0.003236440 -0.797944129 -0.316800714 0.512749493
1311870478.974461 2.283335209 -0.782665908 1.769051671 0.006415751 -0.798537493 -0.314755023 0.513055563
1311870479.006717 2.278081656 -0.782891035 1.767121792 0.009896067 -0.798709929 -0.313144505 0.513716877
1311870479.042444 2.276254416 -0.784331977 1.766199708 0.011560593 -0.798740745 -0.310782999 0.515066504
1311870479.074537 2.268455029 -0.783074737 1.761990309 0.011961066 -0.798392534 -0.309390664 0.516433656
1311870479.106848 2.261892557 -0.783962250 1.759355068 0.011567217 -0.798419118 -0.308999687 0.516635597
1311870479.142524 2.258086205 -0.781346440 1.756791472 0.011955400 -0.798540890 -0.309268266 0.516277730
1311870479.174444 2.256697893 -0.783683836 1.755777597 0.013513494 -0.798646986 -0.310094327 0.515579164
1311870479.207679 2.254855871 -0.781187713 1.753651857 0.016795887 -0.798446417 -0.310733825 0.515408337
1311870479.242400 2.252414227 -0.780986607 1.751999497 0.016820883 -0.797936857 -0.310690999 0.516221941
1311870479.274426 2.249994278 -0.779253423 1.749798417 0.015951756 -0.797338188 -0.310677081 0.517181933
1311870479.306571 2.246595860 -0.779237807 1.747310877 0.014410696 -0.796798289 -0.310843140 0.517958879
1311870479.342418 2.243219852 -0.776641011 1.746821642 0.014682680 -0.796550453 -0.311214298 0.518109500
1311870479.374488 2.240541697 -0.774945855 1.743535280 0.015716696 -0.795252025 -0.311669230 0.519797623
1311870479.406395 2.239073277 -0.774423778 1.744583726 0.016368000 -0.794197679 -0.310922176 0.521832883
1311870479.442501 2.239861012 -0.771902859 1.741075754 0.016900348 -0.792418301 -0.310671449 0.524662614
1311870479.474631 2.239596605 -0.769688070 1.739412308 0.015662422 -0.791146576 -0.309961796 0.527034700
1311870479.506430 2.242359400 -0.765052617 1.736466527 0.015423880 -0.789937377 -0.310219526 0.528701186
1311870479.542670 2.241856575 -0.763999045 1.731614113 0.014730943 -0.788748741 -0.311008722 0.530030131
1311870479.574634 2.241712570 -0.762461126 1.729099631 0.014199691 -0.786862493 -0.311851174 0.532348216
1311870479.606576 2.245955467 -0.760033965 1.723432541 0.014000968 -0.784555912 -0.311875910 0.535732627
1311870479.642434 2.246246815 -0.756707609 1.717628121 0.014372923 -0.782951117 -0.312664747 0.537607372
1311870479.674552 2.249768019 -0.753546894 1.711435437 0.015557113 -0.781526566 -0.314099371 0.538809478
1311870479.706653 2.253837824 -0.748516023 1.705191016 0.015657080 -0.780546427 -0.313850552 0.540370166
1311870479.742393 2.258555174 -0.748200119 1.701283693 0.013177084 -0.779661238 -0.312891036 0.542267323
1311870479.774537 2.260674000 -0.745912552 1.693778396 0.010598195 -0.778132677 -0.312427640 0.544780850
1311870479.806444 2.264198780 -0.745005608 1.687631249 0.008809748 -0.777150095 -0.312082946 0.546410441
1311870479.842582 2.266494036 -0.741814435 1.681475520 0.008201743 -0.775873780 -0.311980367 0.548288882
1311870479.874489 2.273339033 -0.740343273 1.674057603 0.008100897 -0.774083018 -0.312266320 0.550653696
1311870479.906588 2.274248600 -0.737258732 1.668767333 0.006745882 -0.772758842 -0.311355680 0.553042412
1311870479.942576 2.277619123 -0.732888043 1.661944389 0.005252745 -0.771405458 -0.309817225 0.555805087
1311870479.974540 2.284977913 -0.730546117 1.653150201 0.003079096 -0.770117998 -0.309418678 0.557825089
1311870480.006807 2.291266203 -0.729058743 1.649751902 0.000782348 -0.769688129 -0.309427947 0.558420837
1311870480.042660 2.294885159 -0.727901340 1.645980120 -0.000714440 -0.768978894 -0.309368789 0.559429884
1311870480.074647 2.296604395 -0.725733638 1.644263864 -0.000003400 -0.767536700 -0.310022265 0.561046779
1311870480.106439 2.301114082 -0.723132849 1.640726805 0.001342417 -0.765197158 -0.309579104 0.564475179
1311870480.142639 2.307643175 -0.719437122 1.633529663 0.001881546 -0.762628376 -0.308899432 0.568309307
1311870480.174537 2.315562248 -0.714636385 1.627539635 0.001262435 -0.760978580 -0.308564037 0.570699811
1311870480.206595 2.322067022 -0.710462928 1.622889519 -0.000773001 -0.759709656 -0.308788478 0.572267652
1311870480.242572 2.326514006 -0.708187521 1.620165706 -0.004442409 -0.759067416 -0.308886319 0.573049903
1311870480.274543 2.328157902 -0.705649376 1.617724538 -0.009054323 -0.758193374 -0.308394969 0.574415624
1311870480.306678 2.334195852 -0.701666772 1.615752578 -0.010050764 -0.756946683 -0.307937443 0.576285601
1311870480.342480 2.336768389 -0.698506832 1.613384962 -0.010914030 -0.754740953 -0.308310866 0.578957140
1311870480.374646 2.344395638 -0.695203781 1.608371973 -0.011704679 -0.751825154 -0.308433324 0.582658410
1311870480.406616 2.350570202 -0.692237496 1.604428530 -0.014117965 -0.749652565 -0.309215486 0.584985018
1311870480.442773 2.353193283 -0.690622628 1.603616834 -0.015958890 -0.748008549 -0.310941756 0.586126029
1311870480.474488 2.354162693 -0.687531352 1.603583574 -0.016525863 -0.746286273 -0.311756372 0.587870419
1311870480.506517 2.359856129 -0.689386964 1.602511764 -0.016880652 -0.744368196 -0.311436445 0.590456069
1311870480.542681 2.365787506 -0.685693026 1.599753499 -0.017190266 -0.741908908 -0.311093718 0.593714118
1311870480.575128 2.367116928 -0.682299197 1.597645640 -0.018973220 -0.740558505 -0.311600089 0.595078588
1311870480.610475 2.372157097 -0.682565272 1.596508384 -0.019394331 -0.740162611 -0.314314455 0.594129264
1311870480.642709 2.373530149 -0.680823386 1.598755002 -0.017017158 -0.739996076 -0.317097157 0.592929721
1311870480.674530 2.373605967 -0.681853950 1.601667047 -0.015272317 -0.738959074 -0.318829894 0.593341112
1311870480.710587 2.374727726 -0.685360432 1.600056887 -0.015648860 -0.737243474 -0.318976313 0.595383286
1311870480.742508 2.380391359 -0.684470356 1.599785566 -0.014806910 -0.736709476 -0.317653865 0.596771121
1311870480.775804 2.381412745 -0.684675634 1.601429343 -0.015450032 -0.736634493 -0.316869318 0.597264290
1311870480.810605 2.383436680 -0.686141789 1.604616046 -0.014918123 -0.736840308 -0.315843612 0.597567260
1311870480.842855 2.385108709 -0.687437236 1.606382847 -0.012042633 -0.736589074 -0.315980583 0.597869277
1311870480.874824 2.387756109 -0.691026270 1.610119343 -0.009384734 -0.736408710 -0.316006958 0.598125100
1311870480.910467 2.390432358 -0.692080379 1.611407757 -0.007524032 -0.735839546 -0.315999776 0.598855197
1311870480.942993 2.394787550 -0.694227099 1.616314292 -0.005907915 -0.735952318 -0.316705942 0.598361611
1311870480.974607 2.397499084 -0.695600867 1.623348594 -0.004772706 -0.736362398 -0.318232805 0.597055614
1311870481.010488 2.396051407 -0.699384153 1.626970053 -0.004138671 -0.736221433 -0.319736689 0.596430421
1311870481.042482 2.399378777 -0.700538218 1.627436996 -0.002256696 -0.736222982 -0.319875240 0.596364379
1311870481.075001 2.405081034 -0.701797545 1.632506609 -0.001074756 -0.736931562 -0.320615411 0.595093608
1311870481.110534 2.409107447 -0.700530052 1.638418674 -0.002817523 -0.737129331 -0.321647227 0.594285667
1311870481.142707 2.409819126 -0.703972816 1.645942211 -0.006350752 -0.736983120 -0.323461086 0.593454719
1311870481.174606 2.408957005 -0.706723392 1.647539735 -0.007622873 -0.736237824 -0.325531453 0.593232632
1311870481.210715 2.409030914 -0.709580243 1.654822230 -0.005664785 -0.736399353 -0.326816380 0.592346907
1311870481.242633 2.412049532 -0.711303532 1.655913234 -0.004882515 -0.735787213 -0.326629549 0.593217015
1311870481.274974 2.418364286 -0.713023305 1.659002423 -0.006408920 -0.736183345 -0.325484246 0.593340516
1311870481.310580 2.422372580 -0.710033596 1.661947370 -0.008655320 -0.737377346 -0.326088369 0.591494799
1311870481.344908 2.426152945 -0.712007999 1.664493322 -0.011001309 -0.739094436 -0.327949107 0.588275194
1311870481.374502 2.425941944 -0.712965965 1.669711113 -0.012685508 -0.740566194 -0.329700887 0.585404217
1311870481.410685 2.424285173 -0.712225139 1.676203609 -0.012600923 -0.741623104 -0.331156284 0.583242536
1311870481.442703 2.426994085 -0.708320320 1.681979656 -0.012359441 -0.741684139 -0.332069933 0.582650304
1311870481.474602 2.429418325 -0.708025098 1.687294006 -0.014389725 -0.740975738 -0.332905561 0.583028078
1311870481.510706 2.428718090 -0.706650913 1.691960454 -0.016492577 -0.739955664 -0.333483130 0.583937109
1311870481.542967 2.431367159 -0.703391552 1.695154190 -0.017511874 -0.738045216 -0.334910780 0.585506141
1311870481.574920 2.430994511 -0.704108357 1.695732832 -0.019959601 -0.735933661 -0.336722046 0.587044716
1311870481.610928 2.432349443 -0.705485225 1.693713784 -0.020608006 -0.734412372 -0.338582754 0.587856710
1311870481.642653 2.431871653 -0.704485416 1.692025542 -0.021234652 -0.733788788 -0.339586675 0.588033915
1311870481.674734 2.433488846 -0.708273172 1.691609502 -0.022238329 -0.733911455 -0.339893341 0.587666512
1311870481.710880 2.436503172 -0.704284072 1.691716433 -0.022265948 -0.734198332 -0.338929385 0.587863743
1311870481.742677 2.438784361 -0.705273986 1.689669132 -0.022700004 -0.733645260 -0.339251250 0.588351905
1311870481.774863 2.442142725 -0.703522146 1.688616991 -0.022611449 -0.733444393 -0.339051723 0.588720620
1311870481.810567 2.442791700 -0.703049183 1.685750127 -0.023234066 -0.732965887 -0.338722706 0.589481175
1311870481.842653 2.448528290 -0.702559710 1.683926702 -0.022618391 -0.732763648 -0.338736683 0.589748502
1311870481.876661 2.451888561 -0.700500190 1.680976033 -0.022403143 -0.732330084 -0.339131832 0.590068042
1311870481.910893 2.451945543 -0.698665559 1.680317044 -0.022002105 -0.732054830 -0.338456154 0.590812087
1311870481.942739 2.456550360 -0.695770800 1.677851796 -0.020817732 -0.731326878 -0.337230176 0.592455447
1311870481.974685 2.460435152 -0.690580308 1.671550751 -0.020741085 -0.729611993 -0.335332721 0.595640957
1311870482.010687 2.465505600 -0.693842590 1.666182160 -0.022480519 -0.728388131 -0.333426505 0.598140538
1311870482.042664 2.470528841 -0.693759859 1.661034703 -0.024264012 -0.727429748 -0.331990272 0.600033104
1311870482.074642 2.476553202 -0.688062489 1.655885458 -0.025706440 -0.726323009 -0.330556154 0.602101862
1311870482.111255 2.483803988 -0.687928140 1.649386883 -0.028983863 -0.725267589 -0.330050737 0.603500903
1311870482.142728 2.487267733 -0.684150338 1.641049981 -0.030785823 -0.724402666 -0.329845101 0.604561925
1311870482.174667 2.491380215 -0.684243381 1.633067846 -0.031111754 -0.724090934 -0.330350369 0.604642928
1311870482.210670 2.492919683 -0.680330932 1.627751112 -0.030562477 -0.723982930 -0.329971254 0.605007112
1311870482.242571 2.497159481 -0.676698327 1.618342996 -0.029081011 -0.723443568 -0.329151988 0.606170535
1311870482.274596 2.506131887 -0.672612190 1.612663507 -0.028252782 -0.723050117 -0.328232169 0.607177019
1311870482.310930 2.506813765 -0.674421430 1.604570866 -0.030502824 -0.722006500 -0.327609897 0.608644366
1311870482.342857 2.514351368 -0.668977618 1.597216606 -0.030729773 -0.721316755 -0.326111436 0.610253394
1311870482.374573 2.517444134 -0.662968993 1.590844393 -0.030821381 -0.720880151 -0.325120538 0.611292541
1311870482.410597 2.521591663 -0.663877308 1.583706379 -0.031446423 -0.720114529 -0.325369358 0.612030268
1311870482.442701 2.525205135 -0.660986960 1.576181412 -0.031117637 -0.719406188 -0.325029761 0.613059580
1311870482.474935 2.530039549 -0.656689465 1.567530036 -0.030168645 -0.718855858 -0.324956119 0.613791168
1311870482.510814 2.534651995 -0.654033363 1.560766339 -0.030424066 -0.718642473 -0.324769080 0.614127457
1311870482.542650 2.541678429 -0.648396790 1.554209709 -0.030351434 -0.718136191 -0.324496746 0.614866734
1311870482.574689 2.545410633 -0.643307149 1.550361276 -0.031346634 -0.717672110 -0.324386597 0.615416586
1311870482.610775 2.546797514 -0.640685797 1.547113657 -0.032415930 -0.717314899 -0.325138271 0.615381002
1311870482.642615 2.553056717 -0.637019694 1.540454984 -0.032606859 -0.716088593 -0.326905996 0.615862310
1311870482.675223 2.554900408 -0.632083714 1.536315799 -0.032806892 -0.715171278 -0.327680975 0.616505444
1311870482.710891 2.560398340 -0.628447533 1.531260371 -0.033247594 -0.714018106 -0.328475833 0.617394865
1311870482.742773 2.562126398 -0.624812126 1.524450302 -0.034159735 -0.712948143 -0.329499573 0.618035734
1311870482.774768 2.565586805 -0.623003423 1.520797372 -0.035152588 -0.712229311 -0.330520719 0.618263483
1311870482.810806 2.565191269 -0.621094346 1.514735818 -0.037293602 -0.710996389 -0.330672771 0.619474649
1311870482.842664 2.567873716 -0.618717372 1.512241483 -0.038474366 -0.710643530 -0.330425620 0.619938970
1311870482.875230 2.566806316 -0.619329393 1.509030461 -0.039881393 -0.710614920 -0.330671489 0.619751751
1311870482.910591 2.569432735 -0.616736233 1.505605698 -0.040729091 -0.710888565 -0.330109775 0.619682252
1311870482.942680 2.571099997 -0.612660468 1.498586297 -0.040917628 -0.710745811 -0.330477089 0.619637847
1311870482.975970 2.571914673 -0.614228368 1.496506333 -0.041603811 -0.711411595 -0.330767363 0.618672490
1311870483.011189 2.573106766 -0.610942304 1.493192554 -0.040845506 -0.711539567 -0.332297772 0.617755055
1311870483.042516 2.570396662 -0.613448083 1.491656303 -0.041674268 -0.711735785 -0.334080368 0.616510928
1311870483.076199 2.570432663 -0.606779695 1.492686152 -0.040780038 -0.712357104 -0.334104747 0.615839601
1311870483.110765 2.566451311 -0.608272851 1.490959525 -0.040831786 -0.712033629 -0.335689604 0.615348160
1311870483.143020 2.563642025 -0.609477878 1.488648534 -0.040562313 -0.711426675 -0.335982710 0.615907848
1311870483.174838 2.562874556 -0.607559264 1.485262871 -0.039863981 -0.710960865 -0.335584402 0.616707981
1311870483.210814 2.561976910 -0.607588112 1.483312726 -0.039616831 -0.710965812 -0.335094810 0.616984367
1311870483.242695 2.558020353 -0.606741011 1.482313395 -0.038617209 -0.711143255 -0.335498571 0.616623700
1311870483.276143 2.558540344 -0.607213736 1.479158044 -0.037535381 -0.710813522 -0.336509973 0.616519511
1311870483.311159 2.552667379 -0.604713559 1.476785898 -0.037485790 -0.710642636 -0.336323470 0.616821170
1311870483.342800 2.549251556 -0.606035829 1.477342844 -0.037286468 -0.711211622 -0.336053848 0.616324246
1311870483.375178 2.545004129 -0.603913844 1.474979281 -0.037274774 -0.711429179 -0.335829377 0.616196215
1311870483.410669 2.538217068 -0.605107188 1.471988678 -0.038138971 -0.712110102 -0.334305972 0.616185129
1311870483.442901 2.535536289 -0.605979562 1.469201684 -0.039107945 -0.713490963 -0.332487315 0.615510702
1311870483.476563 2.531080246 -0.603890300 1.469258547 -0.039402828 -0.715484381 -0.331645787 0.613629103
1311870483.511030 2.525563002 -0.604626954 1.468353987 -0.039816774 -0.716998637 -0.331449419 0.611938715
1311870483.542892 2.516911983 -0.603975117 1.467889309 -0.038978908 -0.718608797 -0.330342889 0.610700965
1311870483.576899 2.509776831 -0.606784523 1.464454412 -0.038195904 -0.719897568 -0.328980923 0.609967411
1311870483.610711 2.503369093 -0.606977701 1.463758826 -0.038500912 -0.721428692 -0.325580597 0.609963596
1311870483.642925 2.501824379 -0.607927024 1.459919810 -0.038495380 -0.722912014 -0.323004633 0.609577298
1311870483.675720 2.495354891 -0.609422326 1.460625887 -0.037398621 -0.724857867 -0.322085232 0.607818663
1311870483.711260 2.490017414 -0.612925887 1.458854675 -0.034686703 -0.725952327 -0.322173059 0.606625557
1311870483.742805 2.481050491 -0.612101972 1.455448151 -0.031837225 -0.726706624 -0.321103096 0.606445909
1311870483.774912 2.476241350 -0.613836706 1.453347802 -0.029374322 -0.728215694 -0.319390446 0.605663896
1311870483.810771 2.471200466 -0.617719293 1.452944279 -0.028799705 -0.729737222 -0.318574548 0.604288399
1311870483.842891 2.465576172 -0.616334081 1.450353861 -0.027804544 -0.730866313 -0.316862345 0.603870571
1311870483.877085 2.460385084 -0.618315578 1.450704455 -0.026963620 -0.732232630 -0.315660328 0.602882147
1311870483.911351 2.458333731 -0.618064523 1.449344516 -0.025047122 -0.732872427 -0.314809233 0.602632344
1311870483.943198 2.454401970 -0.618736565 1.448842406 -0.024685526 -0.733517766 -0.314390659 0.602080405
1311870483.975520 2.451833487 -0.617599308 1.443929195 -0.023197338 -0.734244585 -0.315280259 0.600787103
1311870484.011069 2.445662260 -0.616854668 1.442212820 -0.021725649 -0.735251486 -0.317067951 0.598666191
1311870484.042973 2.437925816 -0.616293490 1.439242363 -0.021110736 -0.735692918 -0.318078309 0.597608924
1311870484.075058 2.432591677 -0.614608526 1.437822461 -0.018203832 -0.736042500 -0.319241256 0.596653163
1311870484.110742 2.430871248 -0.613126516 1.438189149 -0.016586658 -0.736173570 -0.319696099 0.596295059
1311870484.142706 2.428180933 -0.614190340 1.434739709 -0.015928740 -0.735998154 -0.319982111 0.596376121
1311870484.176178 2.425303936 -0.611652553 1.434324384 -0.015920378 -0.736090839 -0.319553226 0.596491814
1311870484.210812 2.423364401 -0.610290349 1.432524562 -0.015926020 -0.735395849 -0.319779158 0.597227395
1311870484.242949 2.420185328 -0.609604478 1.430454612 -0.016713053 -0.734672785 -0.319347769 0.598325670
1311870484.276681 2.418479919 -0.608431816 1.427050829 -0.016991692 -0.733873427 -0.318611652 0.599689662
1311870484.310757 2.419134855 -0.604169548 1.423184156 -0.016009139 -0.732774138 -0.318674386 0.601026177
1311870484.342826 2.418245554 -0.601766467 1.419181347 -0.015478860 -0.731221557 -0.319471210 0.602506161
1311870484.375427 2.416366339 -0.597999334 1.416277409 -0.014303988 -0.729678035 -0.320662916 0.603772044
1311870484.410852 2.415585756 -0.596049070 1.412136674 -0.013699383 -0.727875590 -0.321758509 0.605376601
1311870484.442843 2.415320396 -0.593418598 1.406585932 -0.012598357 -0.725819886 -0.322759360 0.607332826
1311870484.477407 2.417526722 -0.591380656 1.401029229 -0.013323980 -0.723905861 -0.322976917 0.609482348
1311870484.510960 2.420693636 -0.588167131 1.394475222 -0.014992504 -0.721991539 -0.322492659 0.611965656
1311870484.543117 2.422686577 -0.584116817 1.388080597 -0.015346129 -0.720324159 -0.323497504 0.613389850
1311870484.574757 2.423181295 -0.581777036 1.384287596 -0.015691055 -0.718631506 -0.324074924 0.615059376
1311870484.611024 2.424402952 -0.578195095 1.376284480 -0.016364904 -0.716355860 -0.322908908 0.618301153
1311870484.642843 2.429546595 -0.576684594 1.368486404 -0.019063432 -0.714477658 -0.320942551 0.621413112
1311870484.674789 2.429667711 -0.571362853 1.359221578 -0.021685703 -0.712540865 -0.319639117 0.624216437
1311870484.710829 2.432181835 -0.566436172 1.352416873 -0.022743795 -0.711170316 -0.318777263 0.626179338
1311870484.745698 2.436076403 -0.566167474 1.348818779 -0.024010975 -0.709579468 -0.317919075 0.628369331
1311870484.776248 2.439120293 -0.563492715 1.338029027 -0.024257898 -0.707038343 -0.317449778 0.631453931
1311870484.810786 2.444042206 -0.558103144 1.328872204 -0.023734996 -0.704846084 -0.316899687 0.634195030
1311870484.842884 2.445652723 -0.556653261 1.321793437 -0.025761833 -0.703066707 -0.315214008 0.636925220
1311870484.875769 2.449747324 -0.554464936 1.314843774 -0.027525518 -0.701389909 -0.313219458 0.639678180
1311870484.910716 2.453193426 -0.550575435 1.304369807 -0.028473482 -0.699505329 -0.312400103 0.642096341
1311870484.944216 2.458147049 -0.544538319 1.296959400 -0.027927319 -0.698317468 -0.311692208 0.643755138
1311870484.975102 2.461835623 -0.542568028 1.289908648 -0.028562495 -0.697064400 -0.310807258 0.645510852
1311870485.010871 2.465905190 -0.540999293 1.281529188 -0.029750321 -0.695810497 -0.309985816 0.647202790
1311870485.043233 2.473049164 -0.535911083 1.272279501 -0.029995969 -0.694618583 -0.309572190 0.648668170
1311870485.074769 2.476879597 -0.530624151 1.266828179 -0.030950712 -0.693805814 -0.309618920 0.649470329
1311870485.110743 2.478788137 -0.525844216 1.258631587 -0.031931903 -0.692478895 -0.309423327 0.650930524
1311870485.142899 2.482861757 -0.522295415 1.253163576 -0.033306461 -0.691627085 -0.309297562 0.651826382
1311870485.178176 2.488271713 -0.517061293 1.245847583 -0.033789277 -0.690752745 -0.310318857 0.652243137
1311870485.210890 2.487555027 -0.517025292 1.243766546 -0.036104612 -0.689866781 -0.310109198 0.653155804
1311870485.249643 2.489800930 -0.514014602 1.236525536 -0.036120813 -0.688220382 -0.310772657 0.654574871
1311870485.275402 2.492390394 -0.512135506 1.228939414 -0.034408655 -0.686581075 -0.312799424 0.655422688
1311870485.310982 2.495548487 -0.510697663 1.224434376 -0.032596435 -0.685163319 -0.314146370 0.656354070
1311870485.345369 2.494826078 -0.511172771 1.219735622 -0.032759301 -0.683807313 -0.313796550 0.657925546
1311870485.375407 2.495266676 -0.506179154 1.215403080 -0.031938057 -0.683131039 -0.313725829 0.658701718
1311870485.411025 2.497918367 -0.506843865 1.213758111 -0.031807952 -0.683032632 -0.314515084 0.658433676
1311870485.445002 2.493285418 -0.502346337 1.211636782 -0.030869970 -0.682187319 -0.315507680 0.658879638
1311870485.476895 2.493038654 -0.501979053 1.209066391 -0.029989576 -0.680798948 -0.316549808 0.659855783
1311870485.510894 2.492426395 -0.501417994 1.205798030 -0.029965486 -0.679145992 -0.317382276 0.661158979
1311870485.546561 2.486622095 -0.500168264 1.202012897 -0.030463394 -0.677783489 -0.318096071 0.662190616
1311870485.575341 2.479267359 -0.499268562 1.201211810 -0.030985458 -0.678091586 -0.318029374 0.661882877
1311870485.612777 2.476840973 -0.497952700 1.198192596 -0.030919021 -0.678567886 -0.318469763 0.661185741
1311870485.643456 2.472921610 -0.497879595 1.194217920 -0.030769292 -0.679297507 -0.318642735 0.660359621
1311870485.676367 2.469731808 -0.494923860 1.190733552 -0.029908586 -0.680665910 -0.318370432 0.659120321
1311870485.714523 2.461303234 -0.496602595 1.190415263 -0.030528061 -0.682529211 -0.317653030 0.657509267
1311870485.744269 2.459268808 -0.494420677 1.185384750 -0.030145776 -0.683862686 -0.316713899 0.656593680
1311870485.776038 2.455955267 -0.493818820 1.185988426 -0.031360045 -0.685554206 -0.315551072 0.655331552
1311870485.814596 2.447075844 -0.489505261 1.180925488 -0.032370660 -0.686271906 -0.315222561 0.654689014
1311870485.844633 2.438966990 -0.491276234 1.179764152 -0.032657720 -0.688262105 -0.314188212 0.653080761
1311870485.875826 2.429466486 -0.493598580 1.177583098 -0.033018835 -0.689873695 -0.312156975 0.652335823
1311870485.914049 2.425846815 -0.496121824 1.174650550 -0.033128317 -0.691620409 -0.308289051 0.652320147
1311870485.946463 2.420767784 -0.495262206 1.174050689 -0.032812815 -0.693463266 -0.305591583 0.651648521
1311870485.976519 2.415124893 -0.495698482 1.170220256 -0.031835921 -0.694609880 -0.305000335 0.650752127
1311870486.014211 2.410411596 -0.497388363 1.171319127 -0.030578375 -0.695741832 -0.304796964 0.649697661
1311870486.043924 2.402449608 -0.497506827 1.170278907 -0.029912483 -0.695993483 -0.304116756 0.649777949
1311870486.077096 2.398546696 -0.499082685 1.167187333 -0.029763322 -0.696405590 -0.302673280 0.650017142
1311870486.114309 2.392148018 -0.498343706 1.165313482 -0.029438382 -0.696618557 -0.302088320 0.650075853
1311870486.146847 2.386290312 -0.499874622 1.166483641 -0.029747190 -0.696891665 -0.301771283 0.649916291
1311870486.176394 2.379905701 -0.501695871 1.161129951 -0.029659098 -0.696078897 -0.301461488 0.650934279
1311870486.215167 2.377723694 -0.499978900 1.159883022 -0.027591106 -0.695819795 -0.302051455 0.651028812
1311870486.247416 2.369628906 -0.503043711 1.158704162 -0.025187498 -0.695217550 -0.303724229 0.650991321
1311870486.277315 2.366416454 -0.503219426 1.154800653 -0.021790341 -0.694610000 -0.303695977 0.651775122
1311870486.314593 2.363102674 -0.501005113 1.154167175 -0.020175137 -0.693984866 -0.303385913 0.652636886
1311870486.344442 2.358272076 -0.499210209 1.151236296 -0.019261397 -0.693039358 -0.302833736 0.653924406
1311870486.374888 2.356522799 -0.501800656 1.147301912 -0.019120200 -0.692267358 -0.302408189 0.654942453
1311870486.410964 2.355120659 -0.501123309 1.143404245 -0.018402066 -0.691540241 -0.301960349 0.655937016
1311870486.446126 2.352238178 -0.498748630 1.140731215 -0.017892731 -0.690847933 -0.301216394 0.657021701
1311870486.475142 2.347225904 -0.496443987 1.137101769 -0.016633427 -0.689760447 -0.300537109 0.658506870
1311870486.513695 2.346042871 -0.498351514 1.129971623 -0.016650397 -0.688410044 -0.299243301 0.660505712
1311870486.544595 2.344329834 -0.495264381 1.126462102 -0.016001374 -0.687748373 -0.298939496 0.661348045
1311870486.577795 2.342132092 -0.499417126 1.121422172 -0.016820308 -0.686819553 -0.298304945 0.662578344
1311870486.614111 2.341578245 -0.499281943 1.117466092 -0.015624937 -0.685263038 -0.296645164 0.664960206
1311870486.644716 2.341788530 -0.499200642 1.114443183 -0.015134022 -0.682898879 -0.293957233 0.668587446
1311870486.677991 2.340234995 -0.500670969 1.106163621 -0.015749041 -0.679047585 -0.290933460 0.673798263
1311870486.713699 2.338752270 -0.500701427 1.093860269 -0.014023535 -0.676179290 -0.288333118 0.677826583
1311870486.747476 2.341324091 -0.498928577 1.086996555 -0.009325951 -0.675081432 -0.286496878 0.679777563
1311870486.775603 2.341803312 -0.504079700 1.081966639 -0.008148535 -0.673303783 -0.283504993 0.682803452
1311870486.814059 2.343712568 -0.505988538 1.070994377 -0.008240693 -0.669854164 -0.278842896 0.688094556
1311870486.843922 2.343510866 -0.504722595 1.060746312 -0.007296286 -0.667279720 -0.274664640 0.692274392
1311870486.876884 2.345258713 -0.505902648 1.053820729 -0.006739385 -0.665246427 -0.271242142 0.695578516
1311870486.910964 2.348658323 -0.508732378 1.041282177 -0.005900287 -0.662906229 -0.266868502 0.699501038
1311870486.944171 2.348605871 -0.508388340 1.033509135 -0.002542088 -0.661927819 -0.263067394 0.701883674
1311870486.974944 2.353563070 -0.507302105 1.025615454 0.000967056 -0.660938621 -0.260692000 0.703703701
1311870487.013483 2.357552767 -0.507874906 1.015883565 0.001979426 -0.659228623 -0.257161170 0.706598759
1311870487.045716 2.357694149 -0.506081045 1.004435301 0.003706731 -0.657700479 -0.253155619 0.709456503
1311870487.074835 2.363428116 -0.503774285 0.997289658 0.004920888 -0.657750905 -0.249409020 0.710728228
1311870487.113212 2.363092184 -0.507311344 0.995457172 0.005233264 -0.657623827 -0.246440366 0.711878240
1311870487.144542 2.368149519 -0.507792711 0.989430428 0.006524625 -0.656096160 -0.243197814 0.714387894
1311870487.174917 2.370775700 -0.506580889 0.979413033 0.008252373 -0.653895080 -0.239947572 0.717480481
1311870487.212424 2.373731136 -0.504798472 0.972520232 0.009538670 -0.651686132 -0.236173719 0.720719218
1311870487.250248 2.376481295 -0.502809584 0.965891838 0.009716908 -0.650118291 -0.232992485 0.723164022
1311870487.274881 2.380365849 -0.502979934 0.958228111 0.010001959 -0.648617804 -0.230739236 0.725227058
1311870487.314494 2.383131027 -0.503788292 0.951104760 0.010323579 -0.647190392 -0.228250384 0.727282465
1311870487.343317 2.384349346 -0.500405431 0.946498930 0.013153746 -0.645609558 -0.226946101 0.729047775
1311870487.375022 2.387200356 -0.499070674 0.941432416 0.016333131 -0.643386543 -0.226934910 0.730949759
1311870487.412400 2.393777132 -0.494016975 0.933239996 0.018114198 -0.640820801 -0.226004824 0.733445585
1311870487.443194 2.395751715 -0.488852769 0.924619496 0.018981721 -0.638728976 -0.226585448 0.735067368
1311870487.475038 2.401632071 -0.484373152 0.916030884 0.019119216 -0.637539446 -0.228062674 0.735639393
1311870487.514023 2.402358294 -0.482868850 0.916663289 0.017397691 -0.637411594 -0.229203612 0.735438228
1311870487.544312 2.398313046 -0.476946682 0.913859606 0.016125597 -0.636406004 -0.230090186 0.736060977
1311870487.575002 2.406504393 -0.479528397 0.907017887 0.013028011 -0.635365725 -0.230548769 0.736877143
1311870487.611318 2.400492430 -0.475463182 0.908075809 0.011019938 -0.634526849 -0.231594309 0.737304747
1311870487.643614 2.405053377 -0.472350657 0.904704332 0.010083532 -0.633509755 -0.232951298 0.737765133
1311870487.674996 2.403637648 -0.466788352 0.898278832 0.008839845 -0.631496012 -0.234509498 0.739012837
1311870487.710972 2.404979229 -0.464574754 0.897105455 0.007019686 -0.631148219 -0.235338420 0.739065945
1311870487.743421 2.404634476 -0.467023790 0.897618413 0.005176938 -0.630796611 -0.236588940 0.738982081
1311870487.775194 2.404636860 -0.464299977 0.894748688 0.006161719 -0.629534841 -0.238032296 0.739586711
1311870487.811083 2.408177614 -0.463095754 0.895772338 0.006467013 -0.628976226 -0.239450857 0.739601433
1311870487.844713 2.404613733 -0.461620808 0.896140456 0.005311414 -0.628203928 -0.240677893 0.739868760
1311870487.875006 2.405524015 -0.458650261 0.891123176 0.004541767 -0.627734482 -0.241726294 0.739930511
1311870487.912913 2.400830507 -0.455307603 0.896294653 0.003301938 -0.628708243 -0.241910800 0.739049554
1311870487.944520 2.400702477 -0.456398904 0.896158576 0.002474968 -0.628327191 -0.242989615 0.739022911
1311870487.975028 2.399183750 -0.453240156 0.893980861 0.003240705 -0.627734125 -0.243061751 0.739500046
1311870488.013400 2.396992922 -0.447549045 0.893900692 0.005590115 -0.627350152 -0.245085910 0.739143670
1311870488.045647 2.393574476 -0.444998145 0.894297719 0.004824955 -0.627386570 -0.245838389 0.738868296
1311870488.075044 2.396957636 -0.436733365 0.888327062 0.004358377 -0.628230333 -0.247841060 0.737483859
1311870488.114438 2.395810366 -0.432998508 0.888764501 0.001070798 -0.630216420 -0.251103938 0.734692335
1311870488.143525 2.389883995 -0.428248912 0.890187085 -0.002425767 -0.631538570 -0.255826205 0.731919467
1311870488.175287 2.380891562 -0.430118501 0.895092010 -0.007074040 -0.632495105 -0.256100148 0.730966926
1311870488.215548 2.380970240 -0.426697969 0.890680611 -0.007902958 -0.632210612 -0.257024437 0.730880082
1311870488.243035 2.376946926 -0.421861917 0.894879878 -0.009020248 -0.632948935 -0.259099454 0.729494214
1311870488.275181 2.376803875 -0.421405643 0.889625251 -0.012130252 -0.632623792 -0.260237426 0.729326010
1311870488.314277 2.371852160 -0.417115748 0.888414860 -0.015825093 -0.633415461 -0.261014581 0.728289664
1311870488.343231 2.365018845 -0.413905978 0.891557693 -0.017771244 -0.634727418 -0.263056606 0.726365268
1311870488.375053 2.363171101 -0.414753288 0.895584285 -0.018070271 -0.635428786 -0.265973985 0.724680364
1311870488.413716 2.362131596 -0.417151541 0.897953510 -0.018782320 -0.634494603 -0.268043309 0.724718273
1311870488.443189 2.361588955 -0.414450884 0.895284712 -0.019455552 -0.632757068 -0.268459886 0.726064205
1311870488.475126 2.355597496 -0.411372483 0.902065158 -0.020213708 -0.632140577 -0.269637138 0.726144254
1311870488.513911 2.348878384 -0.404499948 0.903753698 -0.020283496 -0.630407095 -0.270964324 0.727154553
1311870488.543135 2.345289946 -0.404792160 0.904225647 -0.023737900 -0.629330039 -0.271108150 0.727928996
1311870488.575150 2.344046116 -0.403323203 0.904726207 -0.026722044 -0.628833473 -0.271606058 0.728069067
1311870488.614782 2.340139627 -0.402456939 0.906943738 -0.028916040 -0.628324866 -0.272807121 0.727975249
1311870488.642988 2.337035894 -0.403206557 0.910738826 -0.030232269 -0.627694309 -0.274604559 0.727789938
1311870488.675182 2.336217880 -0.402654231 0.914472640 -0.030839209 -0.626883030 -0.275583655 0.728093565
1311870488.714949 2.333970070 -0.401649266 0.911660671 -0.029851660 -0.624232709 -0.277503073 0.729681015
1311870488.742973 2.331418276 -0.401010662 0.910870790 -0.028676644 -0.622243226 -0.279311955 0.730736494
1311870488.774991 2.331242085 -0.393882453 0.908601999 -0.028452029 -0.620127022 -0.279511660 0.732465804
1311870488.813158 2.330539703 -0.395455092 0.910080731 -0.030452590 -0.618762076 -0.280178577 0.733284414
1311870488.843027 2.333871603 -0.392917454 0.909185410 -0.031385589 -0.616908729 -0.281285584 0.734382033
1311870488.875180 2.332284451 -0.387867123 0.908229172 -0.031412862 -0.614124596 -0.283155262 0.735994101
1311870488.914190 2.333620310 -0.383562297 0.906439900 -0.031019134 -0.611499310 -0.284756780 0.737577140
1311870488.943145 2.333477020 -0.378571421 0.903151631 -0.030874504 -0.609129786 -0.286780506 0.738758862
1311870488.975055 2.335860014 -0.375376016 0.900822461 -0.031306885 -0.607156873 -0.288770050 0.739589274
1311870489.015230 2.338527441 -0.376512557 0.899625003 -0.034441393 -0.604573369 -0.289654583 0.741218626
1311870489.042989 2.338896513 -0.373028845 0.893854082 -0.036207609 -0.601199031 -0.289985716 0.743745267
1311870489.075006 2.343091488 -0.368634522 0.891321898 -0.038401995 -0.598641217 -0.289837897 0.745753288
1311870489.114834 2.344607592 -0.370200068 0.888374507 -0.042347454 -0.595343232 -0.290837914 0.747787714
1311870489.143430 2.349746466 -0.365003765 0.882140338 -0.044903271 -0.593320012 -0.288765311 0.750046432
1311870489.175392 2.351547480 -0.359742820 0.878406405 -0.047183208 -0.591810346 -0.288738042 0.751108944
1311870489.214801 2.356455088 -0.355520993 0.878940940 -0.048033070 -0.591313958 -0.288593084 0.751501620
1311870489.243220 2.357802153 -0.349688202 0.871636212 -0.049520630 -0.588010550 -0.288686275 0.753957272
1311870489.275166 2.363132238 -0.351458281 0.863376856 -0.053615686 -0.584761977 -0.287394702 0.756692171
1311870489.315177 2.368456841 -0.347071886 0.856143117 -0.057494368 -0.582592607 -0.286970764 0.758240104
1311870489.343021 2.368395329 -0.339243889 0.859173000 -0.058622416 -0.582581103 -0.288338810 0.757643342
1311870489.375409 2.371467113 -0.337780386 0.858646512 -0.061537389 -0.582157433 -0.288956523 0.757502496
1311870489.411268 2.372133970 -0.333857208 0.852893114 -0.063289471 -0.580666304 -0.289222866 0.758400440
1311870489.443337 2.378394842 -0.330817610 0.847115636 -0.063732438 -0.579882324 -0.290709436 0.758394837
1311870489.475262 2.378010988 -0.326903552 0.843185186 -0.064348757 -0.578415096 -0.291071385 0.759323776
1311870489.511309 2.377737284 -0.324670255 0.838232994 -0.065282196 -0.577031791 -0.290164858 0.760642409
1311870489.543278 2.381383181 -0.322838157 0.830740273 -0.065696567 -0.576151907 -0.290204287 0.761258483
1311870489.575205 2.387243509 -0.319373101 0.830103099 -0.065211870 -0.577233315 -0.289812207 0.760630012
1311870489.611206 2.388676167 -0.317779332 0.820726752 -0.064881504 -0.576433122 -0.291186869 0.760740042
1311870489.642879 2.391880512 -0.317544162 0.817458987 -0.065555215 -0.576199174 -0.290280610 0.761205792
1311870489.675215 2.394509077 -0.314437449 0.812361836 -0.065543689 -0.575485110 -0.290212214 0.761772811
1311870489.711229 2.396494389 -0.309165448 0.808308959 -0.064907975 -0.575234473 -0.289532304 0.762275100
1311870489.743078 2.400613070 -0.310612947 0.805417895 -0.066131264 -0.575435817 -0.289244711 0.762127101
1311870489.775225 2.404247999 -0.304092795 0.801759601 -0.066236489 -0.575369060 -0.288247913 0.762545943
1311870489.811281 2.408195972 -0.303118318 0.801024258 -0.066807188 -0.575702548 -0.288319945 0.762217164
1311870489.843240 2.405913830 -0.301043451 0.791303813 -0.067752361 -0.573518574 -0.289849222 0.763199508
1311870489.881222 2.405633926 -0.305533022 0.790321171 -0.070090123 -0.572648168 -0.289818048 0.763653696
1311870489.911377 2.414060831 -0.301030159 0.789294124 -0.070292495 -0.572628021 -0.289173931 0.763894320
1311870489.943081 2.413684607 -0.290244132 0.784741580 -0.069825903 -0.571217000 -0.289497703 0.764870346
1311870489.979557 2.414161444 -0.289541245 0.781760514 -0.070653930 -0.570082247 -0.291047037 0.765052855
1311870490.011168 2.415961981 -0.290812850 0.779657185 -0.072693907 -0.569041789 -0.291148812 0.765597403
1311870490.043138 2.422532082 -0.287448049 0.782074153 -0.073113799 -0.569097459 -0.291087478 0.765539348
1311870490.081807 2.422257662 -0.282937974 0.773901939 -0.074429184 -0.566693723 -0.292522848 0.766647816
1311870490.111060 2.425967455 -0.281130373 0.771752775 -0.076809905 -0.566023707 -0.292792290 0.766805112
1311870490.143196 2.424085855 -0.279281080 0.766876876 -0.079375826 -0.564853847 -0.294239581 0.766852438
1311870490.181076 2.418844223 -0.281282127 0.765287936 -0.081308760 -0.564064443 -0.296800584 0.766243815
1311870490.211190 2.419899702 -0.277080685 0.761606455 -0.081268959 -0.563139319 -0.297675610 0.766588986
1311870490.243373 2.422840595 -0.273981184 0.759548128 -0.081787094 -0.562817872 -0.297782391 0.766728461
1311870490.281109 2.423706293 -0.272120833 0.760661840 -0.082141079 -0.563536644 -0.297781199 0.766162932
1311870490.311195 2.427518129 -0.268499911 0.755577266 -0.082155645 -0.563522696 -0.298218817 0.766001403
1311870490.343089 2.423854589 -0.274731159 0.749694467 -0.083685823 -0.562442839 -0.299850672 0.765992343
1311870490.382586 2.430310011 -0.271455377 0.753538907 -0.082540460 -0.563737810 -0.298966676 0.765510023
1311870490.411084 2.430331707 -0.270105898 0.748659313 -0.081769802 -0.562959552 -0.299280912 0.766042531
1311870490.443151 2.434228897 -0.271280557 0.745999634 -0.081568874 -0.563348413 -0.299085170 0.765854478
1311870490.483897 2.432796001 -0.271294713 0.743372738 -0.081424430 -0.563264370 -0.299310744 0.765843630
1311870490.511192 2.438365698 -0.271525949 0.746848166 -0.080926500 -0.564148307 -0.298348308 0.765621245
1311870490.543237 2.440680504 -0.271780133 0.741726279 -0.079752505 -0.562859535 -0.298420697 0.766664028
1311870490.581310 2.445042610 -0.271756947 0.740726590 -0.078618199 -0.562173188 -0.298184872 0.767376244
1311870490.611259 2.446618080 -0.268712252 0.738376677 -0.078463197 -0.560725093 -0.296788275 0.768991292
1311870490.643214 2.445082188 -0.275214344 0.735129058 -0.079157196 -0.559430420 -0.297456533 0.769604683
1311870490.679239 2.446254969 -0.274719715 0.734798670 -0.077615790 -0.559246182 -0.297132730 0.770020545
1311870490.711269 2.447306156 -0.280372024 0.734129608 -0.076769836 -0.559032619 -0.295658320 0.770827532
1311870490.743220 2.447499275 -0.280597448 0.731126547 -0.074851796 -0.558714747 -0.293831915 0.771944165
1311870490.779308 2.452652216 -0.280779183 0.732282758 -0.072836839 -0.559665322 -0.291847974 0.772200942
1311870490.811202 2.453450918 -0.283638030 0.733615756 -0.071576931 -0.560396314 -0.290539861 0.772281885
1311870490.843222 2.455484390 -0.283789575 0.731908977 -0.070707038 -0.560549736 -0.289862335 0.772505224
1311870490.879217 2.460150242 -0.286440760 0.736592591 -0.070613191 -0.562383294 -0.288533807 0.771678030
1311870490.911255 2.466070652 -0.285425693 0.738543987 -0.069277763 -0.564252377 -0.287067056 0.770981431
1311870490.943228 2.462999821 -0.291744560 0.741616249 -0.069667526 -0.565889657 -0.287402719 0.769620061
1311870490.979347 2.458326817 -0.298157722 0.741480947 -0.068218164 -0.566439688 -0.287839264 0.769181967
1311870491.011290 2.459775925 -0.303761095 0.745015204 -0.066266157 -0.567924857 -0.286569208 0.768731594
1311870491.043154 2.462643147 -0.305673778 0.748144448 -0.063731201 -0.569760144 -0.284965307 0.768183887
1311870491.079292 2.465114594 -0.307003736 0.747517645 -0.062210534 -0.571284473 -0.282914460 0.767934442
1311870491.111326 2.471305847 -0.309749067 0.746661067 -0.062027138 -0.574370146 -0.281083673 0.766318142
1311870491.143213 2.474695921 -0.312241584 0.749827445 -0.062968493 -0.579170763 -0.279947549 0.763037086
1311870491.179327 2.469846010 -0.317355484 0.757425845 -0.063590959 -0.583033264 -0.280804545 0.759721816
1311870491.211416 2.468229055 -0.324276388 0.762761533 -0.062782101 -0.584462464 -0.280987412 0.758622527
1311870491.243379 2.468526363 -0.327187479 0.773810446 -0.060558509 -0.585860550 -0.279731333 0.758188963
1311870491.279099 2.465222359 -0.330437183 0.774410069 -0.057314072 -0.585834265 -0.279672682 0.758482993
1311870491.311156 2.471781492 -0.336168319 0.779150009 -0.054912735 -0.587803721 -0.278333515 0.757629037
1311870491.343197 2.471680403 -0.337437421 0.785228789 -0.053353921 -0.589888573 -0.277840137 0.756299973
1311870491.379175 2.470967293 -0.340878695 0.788950920 -0.052771464 -0.591138899 -0.277564198 0.755465508
1311870491.411130 2.470791101 -0.344699115 0.795399547 -0.051937003 -0.592598379 -0.277509660 0.754399180
1311870491.443276 2.470406055 -0.347660482 0.798669100 -0.051137619 -0.593629897 -0.277404696 0.753681004
1311870491.479155 2.469934702 -0.351757616 0.800127089 -0.050066784 -0.594134450 -0.276807308 0.753575027
1311870491.511162 2.465656757 -0.361534894 0.812074840 -0.049476922 -0.595433950 -0.277182758 0.752449453
1311870491.543186 2.473075390 -0.363419890 0.815341830 -0.048545010 -0.595593512 -0.276086330 0.752786875
1311870491.579136 2.469170570 -0.362916291 0.825220764 -0.049583517 -0.596323788 -0.274516791 0.752715051
1311870491.611216 2.472912788 -0.368964285 0.826352060 -0.050243262 -0.596375465 -0.275095582 0.752418995
1311870491.643223 2.471166849 -0.372142166 0.833053112 -0.049017716 -0.596745610 -0.276465535 0.751703858
1311870491.679240 2.471138716 -0.373893797 0.837868929 -0.046892665 -0.596137643 -0.277207285 0.752048612
1311870491.711210 2.472181082 -0.379221678 0.844618261 -0.045529325 -0.596054077 -0.276994646 0.752276957
1311870491.743109 2.474030018 -0.379824698 0.850702226 -0.043937746 -0.595835328 -0.276772350 0.752626598
1311870491.779329 2.476350069 -0.382087976 0.857980490 -0.043645531 -0.595978081 -0.276323587 0.752695501
1311870491.811155 2.475991249 -0.386496484 0.867900372 -0.045315120 -0.596299648 -0.275049299 0.752808809
1311870491.843188 2.478055000 -0.387530237 0.875344753 -0.045840580 -0.596408367 -0.274436563 0.752914548
1311870491.879325 2.478734493 -0.394016534 0.878934741 -0.047217410 -0.595591128 -0.276125401 0.752858877
1311870491.911296 2.479946613 -0.396491051 0.889418542 -0.047271170 -0.595972955 -0.276601374 0.752378464
1311870491.943254 2.479806423 -0.395321906 0.895138741 -0.047280658 -0.596013963 -0.276634097 0.752333343
1311870491.979292 2.482040405 -0.397612035 0.900657415 -0.047273789 -0.596260846 -0.277432621 0.751843929
1311870492.011230 2.482077122 -0.399781913 0.907427847 -0.047234952 -0.596421063 -0.278305471 0.751396596
1311870492.043219 2.482865572 -0.403695583 0.914205313 -0.046966225 -0.596313059 -0.278540581 0.751412034
1311870492.079221 2.486360550 -0.403594643 0.921622276 -0.046205878 -0.596370637 -0.277983546 0.751619756
1311870492.111294 2.488445997 -0.408298045 0.928710341 -0.046730142 -0.596475124 -0.278235048 0.751411319
1311870492.143334 2.488828421 -0.409965634 0.934909701 -0.047769967 -0.596469641 -0.277832925 0.751499116
1311870492.179310 2.488205910 -0.411061525 0.940453172 -0.048074272 -0.596458733 -0.277630031 0.751563370
1311870492.211322 2.486915350 -0.414239585 0.943134606 -0.048303977 -0.595963478 -0.278613538 0.751577497
1311870492.243271 2.486791849 -0.416761607 0.950166941 -0.048053954 -0.596462667 -0.278749526 0.751146972
1311870492.279278 2.491037607 -0.416743129 0.958120763 -0.045956776 -0.597620547 -0.277989239 0.750639498
1311870492.311357 2.491079569 -0.417541504 0.960639298 -0.045308139 -0.597255528 -0.279204965 0.750518203
1311870492.343260 2.494122982 -0.418196708 0.970395446 -0.045100883 -0.598112464 -0.279523402 0.749729335
1311870492.379293 2.494888783 -0.419808716 0.969474196 -0.045473572 -0.597556293 -0.279623687 0.750112772
1311870492.411353 2.496080637 -0.423101813 0.975946784 -0.046225265 -0.598923266 -0.280123234 0.748789132
1311870492.443309 2.495486975 -0.423627675 0.983212471 -0.046836901 -0.600250840 -0.280869454 0.747407258
1311870492.479330 2.497432709 -0.426106304 0.989662290 -0.046647161 -0.601383090 -0.281621277 0.746225119
1311870492.511312 2.502345085 -0.425936311 0.997862041 -0.045674860 -0.602959692 -0.281339705 0.745118380
1311870492.543335 2.502107143 -0.428683817 0.997085333 -0.046208847 -0.602402747 -0.282760143 0.744998276
1311870492.579262 2.503900528 -0.428360283 1.005053282 -0.046700377 -0.603289664 -0.283104569 0.744118571
1311870492.611395 2.505038738 -0.427454382 1.009900451 -0.046440464 -0.603675723 -0.283732742 0.743582308
1311870492.643303 2.506326675 -0.432655871 1.014406681 -0.046022035 -0.603863418 -0.286552042 0.742373824
1311870492.679416 2.505771399 -0.435873657 1.021123528 -0.046516277 -0.603808403 -0.287490189 0.742024958
1311870492.711364 2.508780003 -0.435855240 1.032908916 -0.046567708 -0.604908466 -0.286191612 0.741627634
1311870492.743283 2.507041454 -0.437953562 1.031194806 -0.046652574 -0.603659272 -0.287431836 0.742160320
1311870492.779457 2.509639978 -0.438199192 1.040630460 -0.046199299 -0.604592681 -0.287191629 0.741521597
1311870492.811340 2.509190798 -0.445817679 1.045406461 -0.047029447 -0.604573727 -0.286891133 0.741601110
1311870492.843308 2.511615276 -0.445217460 1.046217561 -0.045261141 -0.604363978 -0.286494792 0.742035270
1311870492.879362 2.510550976 -0.445003986 1.055719376 -0.044479717 -0.605085671 -0.285511971 0.741873145
1311870492.911641 2.511721611 -0.447113484 1.056005478 -0.045729022 -0.604259491 -0.284232855 0.742960930
1311870492.943380 2.512048244 -0.446911126 1.056591630 -0.046599533 -0.604987919 -0.282341033 0.743035436
1311870492.979305 2.515634537 -0.443742573 1.058988333 -0.047855716 -0.606843293 -0.281664431 0.741698205
1311870493.011429 2.514086008 -0.444967926 1.062216997 -0.051677153 -0.607724965 -0.282552093 0.740381062
1311870493.043316 2.510801077 -0.444826901 1.061383486 -0.054694988 -0.607585669 -0.281834006 0.740552306
1311870493.079222 2.510408401 -0.443657845 1.067349315 -0.056024730 -0.608033240 -0.282654107 0.739772558
1311870493.111251 2.506051064 -0.446133673 1.071833849 -0.057046067 -0.607093573 -0.284071535 0.739923298
1311870493.143285 2.503632307 -0.449251920 1.073753834 -0.057835035 -0.605394304 -0.284349978 0.741146326
1311870493.179267 2.501241207 -0.446894884 1.067617178 -0.057478227 -0.603498399 -0.284282297 0.742744565
1311870493.211286 2.502437353 -0.443166077 1.069689155 -0.057926450 -0.603573203 -0.283827245 0.742823005
1311870493.243266 2.492293596 -0.447156519 1.075958848 -0.059913002 -0.603702366 -0.284412414 0.742336452
1311870493.279326 2.492128611 -0.450039089 1.076539516 -0.060478345 -0.604013562 -0.281957060 0.742973924
1311870493.311344 2.495138407 -0.446335435 1.075672746 -0.060536951 -0.605120182 -0.279640377 0.742944241
1311870493.343296 2.491069555 -0.447454989 1.072891951 -0.062066410 -0.605888724 -0.278711319 0.742540658
1311870493.379352 2.489798069 -0.449351251 1.073230743 -0.062876321 -0.607648492 -0.277074158 0.741646707
1311870493.411505 2.490717411 -0.446521074 1.076923728 -0.061496895 -0.608821809 -0.276934266 0.740851939
1311870493.443388 2.485378027 -0.451271981 1.079535365 -0.062228259 -0.608287156 -0.278087825 0.740797937
1311870493.479434 2.481415749 -0.451385349 1.076319575 -0.061535101 -0.606711805 -0.277948767 0.742198527
1311870493.511475 2.480570793 -0.451617330 1.077522039 -0.061309442 -0.606888950 -0.276715040 0.742533326
1311870493.543377 2.476526260 -0.451219857 1.075797915 -0.061425027 -0.606542945 -0.275855392 0.743126154
1311870493.579523 2.471892118 -0.448401272 1.071920991 -0.061048776 -0.605731487 -0.274851918 0.744190097
1311870493.611605 2.470048666 -0.451284558 1.079669833 -0.060753074 -0.606413007 -0.273617953 0.744113863
1311870493.643420 2.469088554 -0.452081710 1.078014731 -0.059000105 -0.605024755 -0.273955405 0.745260000
1311870493.679357 2.464086771 -0.453156859 1.076581717 -0.056655742 -0.602195442 -0.275365055 0.747211397
1311870493.711375 2.463935137 -0.453436375 1.077803969 -0.054455176 -0.600019693 -0.274395436 0.749478579
1311870493.743403 2.466040850 -0.449998945 1.075241208 -0.052843995 -0.598221004 -0.273952246 0.751191914
1311870493.779356 2.464241505 -0.450179219 1.071215749 -0.052225128 -0.596974134 -0.274514377 0.752021432
1311870493.811365 2.464433908 -0.449056268 1.070674896 -0.052512351 -0.597017646 -0.273409247 0.752369463
1311870493.843390 2.460077763 -0.449298531 1.074534655 -0.054280344 -0.597067714 -0.273619652 0.752127707
1311870493.879323 2.456963301 -0.449653476 1.077572942 -0.054344598 -0.597260475 -0.274282515 0.751728415
1311870493.911477 2.452287436 -0.449019283 1.072646618 -0.052809160 -0.595682502 -0.275968999 0.752472341
1311870493.943368 2.451098919 -0.451551288 1.075703382 -0.051368073 -0.595539391 -0.278015763 0.751931787
1311870493.979508 2.450337172 -0.447303534 1.080789685 -0.049054820 -0.595688760 -0.278989106 0.751607358
1311870494.011888 2.444902897 -0.452878654 1.079387426 -0.048761118 -0.595025003 -0.279782027 0.751857460
1311870494.043210 2.449523449 -0.449649394 1.078102946 -0.047445312 -0.596199632 -0.279079676 0.751271904
1311870494.079376 2.443142653 -0.453703105 1.081648946 -0.049752146 -0.598015785 -0.278060883 0.750055969
1311870494.111398 2.443718433 -0.452246130 1.084666133 -0.050181419 -0.600281179 -0.277003467 0.748607635
1311870494.143313 2.439647675 -0.456010878 1.089365959 -0.050991382 -0.602226138 -0.277660012 0.746745229
1311870494.179353 2.436567545 -0.460957766 1.093496799 -0.051321518 -0.603404582 -0.278176636 0.745578110
1311870494.211397 2.436113596 -0.461461604 1.099932790 -0.050200202 -0.605349243 -0.277913153 0.744175076
1311870494.243321 2.433978796 -0.464311242 1.103452325 -0.048565615 -0.607195795 -0.279154480 0.742312193
1311870494.279553 2.430788040 -0.464050174 1.107263207 -0.045606643 -0.608744442 -0.281097263 0.740496218
1311870494.311381 2.429461718 -0.470084816 1.112019777 -0.044103693 -0.610042930 -0.282365829 0.739034534
1311870494.343373 2.430406570 -0.469729751 1.116706014 -0.042191114 -0.610906363 -0.282420129 0.738411963
1311870494.379546 2.431818724 -0.477866322 1.120431304 -0.042169079 -0.611652315 -0.283030659 0.737561405
1311870494.411300 2.429316998 -0.473692745 1.126391053 -0.042185288 -0.612740397 -0.281698316 0.737167239
1311870494.443357 2.433091879 -0.475660741 1.131113887 -0.043060221 -0.614529312 -0.282333642 0.735382378
1311870494.479365 2.428732634 -0.478046656 1.137545705 -0.043993607 -0.615830779 -0.284268975 0.733490407
1311870494.511516 2.427395105 -0.478624642 1.140552163 -0.042449087 -0.616472185 -0.286405981 0.732210159
1311870494.543527 2.427153587 -0.482569665 1.148052692 -0.041423220 -0.617594063 -0.288517803 0.730492413
1311870494.579608 2.424596786 -0.484377593 1.153139949 -0.040099505 -0.618380487 -0.289666265 0.729445696
1311870494.611451 2.424402952 -0.487515897 1.159218192 -0.039670058 -0.620170772 -0.289673924 0.727944732
1311870494.643379 2.428332567 -0.489252120 1.161056161 -0.039861485 -0.622153580 -0.290232927 0.726017058
1311870494.679420 2.426760435 -0.488395393 1.164280534 -0.039942794 -0.624004424 -0.291076779 0.724083841
1311870494.711486 2.424521208 -0.490973711 1.169707417 -0.040265426 -0.625879586 -0.292074353 0.722042918
1311870494.743354 2.425835609 -0.491076320 1.172207236 -0.039491139 -0.627250016 -0.293496102 0.720317900
1311870494.779566 2.427203417 -0.489723474 1.178573251 -0.038674671 -0.629098535 -0.294620544 0.718288302
1311870494.811428 2.426307678 -0.490068316 1.182282925 -0.039688189 -0.629812241 -0.295339704 0.717311502
1311870494.843396 2.423856258 -0.493923903 1.186396837 -0.041472226 -0.630843639 -0.296593755 0.715785205
1311870494.879540 2.421570778 -0.493502378 1.188832045 -0.041653067 -0.631750524 -0.297594219 0.714558601
1311870494.911510 2.422129154 -0.496278435 1.192633271 -0.042485729 -0.633621812 -0.298204124 0.712595761
1311870494.943602 2.423807144 -0.496605605 1.198367476 -0.042242151 -0.635578632 -0.298433125 0.710769355
1311870494.979390 2.422143221 -0.498546541 1.199912429 -0.042464577 -0.636961818 -0.298678339 0.709413588
1311870495.011491 2.424514055 -0.497552633 1.201944351 -0.041112069 -0.638404608 -0.299786448 0.707726955
1311870495.043432 2.423042297 -0.499057800 1.206810474 -0.040670253 -0.639921010 -0.301065356 0.705837607
1311870495.079467 2.424758673 -0.502041221 1.211411476 -0.040641662 -0.641638041 -0.301045924 0.704287052
1311870495.111297 2.424672604 -0.503135264 1.213783622 -0.039794050 -0.642741561 -0.302497119 0.702705681
1311870495.143348 2.424619913 -0.506232560 1.216376185 -0.039250299 -0.644172251 -0.303455353 0.701010942
1311870495.179441 2.425524950 -0.507502675 1.217865467 -0.037870333 -0.645253956 -0.304598808 0.699594676
1311870495.211492 2.426171780 -0.506165862 1.222110748 -0.037190758 -0.646382749 -0.304522485 0.698621631
1311870495.243412 2.427869797 -0.505603433 1.222426653 -0.036351062 -0.646852911 -0.305243194 0.697915792
1311870495.279615 2.427052021 -0.509574592 1.223685145 -0.036505178 -0.647695899 -0.307044089 0.696334183
1311870495.311423 2.431170464 -0.512925625 1.226347685 -0.035395522 -0.648912728 -0.308543801 0.694593549
1311870495.343427 2.428906918 -0.513001978 1.230251312 -0.034991886 -0.649951994 -0.310133159 0.692932427
1311870495.379434 2.431087494 -0.511296988 1.231926680 -0.033770546 -0.651059270 -0.311323971 0.691417933
1311870495.411446 2.434099913 -0.512946486 1.236373186 -0.033855096 -0.652916312 -0.312774688 0.689003646
1311870495.443388 2.434850454 -0.510856450 1.236885667 -0.033189744 -0.654014230 -0.314835429 0.687053442
1311870495.479588 2.436761618 -0.513398707 1.239499331 -0.033378817 -0.655598700 -0.316657215 0.684692919
1311870495.511384 2.435361385 -0.511858642 1.240032077 -0.033120561 -0.657051265 -0.319105685 0.682171643
1311870495.543386 2.433439970 -0.510282099 1.240150809 -0.032980852 -0.658095479 -0.321373582 0.680104077
1311870495.579444 2.436232090 -0.509617209 1.241156697 -0.033440735 -0.659576297 -0.323253810 0.677751958
1311870495.611710 2.436695814 -0.507784843 1.243446231 -0.034203209 -0.662017405 -0.324516952 0.674723566
1311870495.643449 2.436696053 -0.507986069 1.247017145 -0.035657261 -0.664951563 -0.325791389 0.671139300
1311870495.679371 2.437437296 -0.506327748 1.243730783 -0.036546011 -0.666740716 -0.326805502 0.668819368
1311870495.711761 2.438038588 -0.509001553 1.245126367 -0.037756614 -0.668985844 -0.327821434 0.666007102
1311870495.743600 2.439729214 -0.508655488 1.243806124 -0.038064323 -0.669927299 -0.327943116 0.664982557
1311870495.779388 2.440125942 -0.507942200 1.244477987 -0.037563328 -0.670871794 -0.328010052 0.664025187
1311870495.811625 2.440638304 -0.510704160 1.243664384 -0.036899216 -0.671732605 -0.327716678 0.663336635
1311870495.843576 2.446411610 -0.509116530 1.240197420 -0.035558201 -0.672327042 -0.327729195 0.662801266
1311870495.879595 2.448896646 -0.507497370 1.237508655 -0.036354501 -0.672637045 -0.327265501 0.662672639
1311870495.911554 2.451855659 -0.508301735 1.235867023 -0.037846506 -0.672775984 -0.325883865 0.663128853
1311870495.943537 2.458043337 -0.507406831 1.234288096 -0.037659012 -0.672542155 -0.325012863 0.663803816
1311870495.979656 2.460091829 -0.507933974 1.232399821 -0.037266318 -0.671872914 -0.325242162 0.664391160
1311870496.011625 2.461495876 -0.506745696 1.230060816 -0.036023356 -0.670799077 -0.324274123 0.666015923
1311870496.043556 2.466434479 -0.507841587 1.223785996 -0.034699466 -0.668869019 -0.324392945 0.667966604
1311870496.079440 2.471955776 -0.508965135 1.220768690 -0.034684278 -0.668078482 -0.323740184 0.669074297
1311870496.111791 2.476916790 -0.507145524 1.216325879 -0.035261482 -0.667412281 -0.322525382 0.670294642
1311870496.143401 2.479494572 -0.506794035 1.213221431 -0.036017470 -0.667094290 -0.320988208 0.671308041
1311870496.179563 2.482916355 -0.505575120 1.206255674 -0.036020309 -0.666575253 -0.319765776 0.672406018
1311870496.211581 2.486708403 -0.505764425 1.203664541 -0.035245463 -0.666810751 -0.319579273 0.672302186
1311870496.243641 2.492806196 -0.504352272 1.198873520 -0.033367883 -0.666775346 -0.319637060 0.672405660
1311870496.279839 2.500419378 -0.500810981 1.191160917 -0.032599531 -0.665819466 -0.319680244 0.673369348
1311870496.311445 2.506678343 -0.501896858 1.185664296 -0.034429930 -0.665307224 -0.319285750 0.673971415
1311870496.343426 2.511036158 -0.496891350 1.180897832 -0.035075340 -0.665139019 -0.319752783 0.673882782
1311870496.379559 2.516591549 -0.497583658 1.178406000 -0.035885006 -0.665569603 -0.321205318 0.672723234
1311870496.411605 2.517843962 -0.494026721 1.175219893 -0.034412581 -0.664836586 -0.323071390 0.672631323
1311870496.443469 2.521819353 -0.493565738 1.174602628 -0.033733133 -0.663962424 -0.323591024 0.673279107
1311870496.479565 2.527499914 -0.494439155 1.171692133 -0.033850394 -0.662658393 -0.323695898 0.674506485
1311870496.511618 2.532544851 -0.491695344 1.168722630 -0.033513062 -0.661720157 -0.323844671 0.675372422
1311870496.543663 2.536039352 -0.493560374 1.166545749 -0.033806685 -0.660869062 -0.324767441 0.675747991
1311870496.579536 2.539699793 -0.492633820 1.166191816 -0.033382606 -0.659951389 -0.324676692 0.676708817
1311870496.611486 2.544497967 -0.492165864 1.167041540 -0.033050820 -0.658869147 -0.324463934 0.677880704
1311870496.643485 2.542862892 -0.490610749 1.166367054 -0.033196818 -0.657475650 -0.324938029 0.678998530
1311870496.679506 2.550225258 -0.489877433 1.163783669 -0.033322133 -0.656969726 -0.323953032 0.679952145
1311870496.711627 2.550513744 -0.491264313 1.161603093 -0.034213323 -0.656440377 -0.324258119 0.680273592
1311870496.743548 2.551775694 -0.491243303 1.164646745 -0.034247451 -0.656267881 -0.322719097 0.681169510
1311870496.779658 2.554335833 -0.496578544 1.166409850 -0.033797622 -0.656440139 -0.321213365 0.681737483
1311870496.811666 2.558847904 -0.495381445 1.165791273 -0.031980202 -0.656640112 -0.320603788 0.681919515
1311870496.843618 2.560507536 -0.493064314 1.164409757 -0.032170527 -0.656965613 -0.318901956 0.682394862
1311870496.879599 2.562546968 -0.495625019 1.161159277 -0.031575929 -0.657617331 -0.318559468 0.681954741
1311870496.911711 2.563728571 -0.498482853 1.164083600 -0.031125002 -0.658681810 -0.317879170 0.681265235
1311870496.943683 2.566835165 -0.498958021 1.166876435 -0.029921237 -0.659374058 -0.316269726 0.681398630
1311870496.979493 2.567398787 -0.501805067 1.168081164 -0.028834535 -0.660035014 -0.315678060 0.681079805
1311870497.011669 2.568273067 -0.504190326 1.172752738 -0.028016092 -0.661159098 -0.314678997 0.680485785
1311870497.043473 2.571187019 -0.506185770 1.174014688 -0.025342507 -0.661327660 -0.314924270 0.680313289
1311870497.079687 2.573559046 -0.508231580 1.178973794 -0.023031171 -0.662010431 -0.315497160 0.679465473
1311870497.111612 2.574616432 -0.510761559 1.183041334 -0.021211015 -0.662532568 -0.316141814 0.678715706
1311870497.143721 2.575562954 -0.511127174 1.185397506 -0.019458670 -0.662950337 -0.316450030 0.678216457
1311870497.179611 2.576460361 -0.513285100 1.188223243 -0.018418508 -0.663424492 -0.317693532 0.677199781
1311870497.211751 2.575237036 -0.516101301 1.195059180 -0.016773533 -0.664687276 -0.318561494 0.675594687
1311870497.243694 2.576493740 -0.517575443 1.200130463 -0.015223705 -0.665910363 -0.319568217 0.673949480
1311870497.311714 2.577295303 -0.526609898 1.212176323 -0.014787623 -0.668671489 -0.319885284 0.671068668
1311870497.343508 2.576416254 -0.528739452 1.218929172 -0.015101521 -0.669989347 -0.319820821 0.669776738
1311870497.379599 2.577370405 -0.530506909 1.224230766 -0.015350808 -0.671065211 -0.319792777 0.668706596
1311870497.411557 2.579755306 -0.532961249 1.229509830 -0.016009472 -0.672155857 -0.320254445 0.667373419
1311870497.443690 2.577946901 -0.535493135 1.236440897 -0.016645236 -0.673329175 -0.320955485 0.665836573
1311870497.479735 2.577666283 -0.537199914 1.242766380 -0.016818777 -0.674819350 -0.321643770 0.663988888
1311870497.511707 2.581098795 -0.540053904 1.247897267 -0.017371861 -0.676002502 -0.323026180 0.662097394
1311870497.543641 2.579913855 -0.542496443 1.254948616 -0.019718526 -0.677801132 -0.322658271 0.660369933
1311870497.579833 2.579572916 -0.543574929 1.259313464 -0.020517949 -0.679483712 -0.323641062 0.658131778
1311870497.611790 2.578524828 -0.545108020 1.267103672 -0.019727750 -0.681030691 -0.325577229 0.655597091
1311870497.643755 2.577799320 -0.548387229 1.275952697 -0.019397236 -0.681847453 -0.326759577 0.654168129
1311870497.679782 2.578677177 -0.552017629 1.283533216 -0.020705977 -0.682755768 -0.325768918 0.653674543
1311870497.711783 2.579061270 -0.551558793 1.287191153 -0.022197207 -0.683631659 -0.325172067 0.653007030
1311870497.743625 2.577517271 -0.551997602 1.293311000 -0.023577781 -0.684868157 -0.325448453 0.651523590
1311870497.779826 2.577791214 -0.555361569 1.300188661 -0.024493508 -0.686075091 -0.325681031 0.650102258
1311870497.811723 2.576245546 -0.558754385 1.307147026 -0.025434196 -0.686555326 -0.325626254 0.649586380
1311870497.843750 2.576677084 -0.559639394 1.313667536 -0.024469800 -0.686977029 -0.326772392 0.648601294
1311870497.879674 2.579231501 -0.560568392 1.317806959 -0.023702893 -0.687191725 -0.327406317 0.648082376
1311870497.943701 2.581130505 -0.561936319 1.324886799 -0.023259323 -0.687901437 -0.328316569 0.646883965
1311870497.979692 2.578016043 -0.562607884 1.331097007 -0.023865297 -0.688405693 -0.329149336 0.645901561
1311870498.011908 2.579566479 -0.562318027 1.332102656 -0.021973670 -0.688355744 -0.331117034 0.645015538
1311870498.043847 2.578991175 -0.562792182 1.334401369 -0.021445740 -0.688359916 -0.332159966 0.644492388
1311870498.079623 2.579650402 -0.564447284 1.338294268 -0.021476410 -0.688553512 -0.333328098 0.643680930
1311870498.143624 2.577471018 -0.565827906 1.338724256 -0.021405468 -0.688760638 -0.334999293 0.642593265
1311870498.179863 2.578527689 -0.563407481 1.339124560 -0.020642545 -0.689113021 -0.336013794 0.641710043
1311870498.211623 2.575997353 -0.565032005 1.338485360 -0.021138897 -0.689332247 -0.336981803 0.640950382
1311870498.243773 2.575133562 -0.565340579 1.340204120 -0.021202451 -0.689718306 -0.337487578 0.640266478
1311870498.279753 2.573702574 -0.563556314 1.340695977 -0.020841243 -0.689528167 -0.337956995 0.640235543
1311870498.343830 2.569797277 -0.554939628 1.341303110 -0.017343726 -0.685564578 -0.337017119 0.645073533
1311870498.379719 2.567999363 -0.558394372 1.339651465 -0.017506696 -0.683398247 -0.335175008 0.648319423
1311870498.411770 2.572914600 -0.555947483 1.330552101 -0.017523382 -0.681302309 -0.333791167 0.651232362
1311870498.443588 2.577671051 -0.548048079 1.325958133 -0.018816380 -0.680259943 -0.333610445 0.652377486
1311870498.479824 2.573997021 -0.549421728 1.321566582 -0.022122677 -0.679206848 -0.334208935 0.653064370
1311870498.511760 2.572421789 -0.546222150 1.317791343 -0.023461865 -0.678310812 -0.333458483 0.654331267
1311870498.543664 2.567364216 -0.543633282 1.311554313 -0.023408553 -0.676580191 -0.333681107 0.656009316
1311870498.612284 2.567087173 -0.541764557 1.295847535 -0.025551319 -0.673531592 -0.330249786 0.660785437
1311870498.643972 2.565282106 -0.541502118 1.286810160 -0.027837418 -0.671967924 -0.326343060 0.664217174
1311870498.679748 2.568734169 -0.535151064 1.277048469 -0.027400436 -0.670880735 -0.323185384 0.666872919
1311870498.711836 2.569442034 -0.529939115 1.270178556 -0.028390655 -0.669389367 -0.320817977 0.669468164
1311870498.743611 2.567172766 -0.529627502 1.258494377 -0.031791616 -0.666704059 -0.317553937 0.673538744
1311870498.811828 2.563523054 -0.519963682 1.236212850 -0.034893900 -0.664508700 -0.311337113 0.678439260
1311870498.843754 2.562180519 -0.515573740 1.223454118 -0.035122294 -0.663623989 -0.309246927 0.680247009
1311870498.879682 2.560033321 -0.513159752 1.213414907 -0.035316005 -0.662451148 -0.306371778 0.682676733
1311870498.911793 2.563421249 -0.508126199 1.204066992 -0.034073975 -0.661024034 -0.303756654 0.685286820
1311870498.943959 2.564435720 -0.502706945 1.192928314 -0.033674512 -0.658669472 -0.303163052 0.687831879
1311870498.979675 2.560813189 -0.499592334 1.185633898 -0.034055199 -0.656798244 -0.301892042 0.690157592
1311870499.011674 2.561748266 -0.495267808 1.171530366 -0.033719901 -0.655334294 -0.299543977 0.692584515
1311870499.047750 2.564862251 -0.486871123 1.160762668 -0.032869548 -0.654877126 -0.299617767 0.693025768
1311870499.079561 2.562479496 -0.482951999 1.156226277 -0.033154801 -0.654538095 -0.300039649 0.693149984
1311870499.111876 2.559577942 -0.480007619 1.146154284 -0.032847255 -0.652741790 -0.300112754 0.694824815
1311870499.147720 2.560226440 -0.476759940 1.139685631 -0.032175589 -0.651551366 -0.299201280 0.696364939
1311870499.179917 2.559515953 -0.472986996 1.132409573 -0.031034090 -0.649822056 -0.299635351 0.697844446
1311870499.211843 2.556491375 -0.470171183 1.124075174 -0.029160956 -0.647778571 -0.300007820 0.699662685
1311870499.247640 2.555335522 -0.467676044 1.116860271 -0.027542036 -0.646480560 -0.299485952 0.701150894
1311870499.279843 2.555762053 -0.463983804 1.108349323 -0.027081341 -0.645135224 -0.298437536 0.702852905
1311870499.311852 2.552959919 -0.457948625 1.098788023 -0.027525632 -0.643879890 -0.297874898 0.704224110
1311870499.347761 2.552372932 -0.459478945 1.092701554 -0.029498985 -0.644346237 -0.297370791 0.703930616
1311870499.379654 2.550310135 -0.455749005 1.081977487 -0.030290628 -0.644222796 -0.297050446 0.704145193
1311870499.411904 2.545214891 -0.453579605 1.080957413 -0.031563923 -0.644339919 -0.296835423 0.704072833
1311870499.447712 2.540343285 -0.454669416 1.078477979 -0.032440655 -0.643736660 -0.295842081 0.705002248
1311870499.479701 2.534046888 -0.454719663 1.069354892 -0.031170705 -0.642267048 -0.295445800 0.706564367
1311870499.511929 2.529542446 -0.453636497 1.064178586 -0.028224526 -0.641532242 -0.295707852 0.707245827
1311870499.547724 2.526727200 -0.450954914 1.056496024 -0.024605723 -0.640139103 -0.296298593 0.708395064
1311870499.580101 2.521855831 -0.450715989 1.054036140 -0.022390177 -0.638659298 -0.295966238 0.709941566
1311870499.611806 2.519621134 -0.451662362 1.048147440 -0.019883581 -0.637360871 -0.295295209 0.711460769
1311870499.647772 2.514865637 -0.448058188 1.040508986 -0.017520243 -0.635869980 -0.295908868 0.712601125
1311870499.679669 2.512177706 -0.445352644 1.035615325 -0.016741265 -0.634967029 -0.294896930 0.713843405
1311870499.711830 2.507417917 -0.438350111 1.029784918 -0.016298216 -0.633867443 -0.293923140 0.715231180
1311870499.747903 2.504271746 -0.435875207 1.024202585 -0.016511206 -0.633319736 -0.295330465 0.715131760
1311870499.779757 2.496149302 -0.429839939 1.020517826 -0.017518053 -0.632329762 -0.296005756 0.715704381
1311870499.811836 2.486135006 -0.432435721 1.016321182 -0.018458813 -0.631223738 -0.296570271 0.716423035
1311870499.847770 2.479992390 -0.427070469 1.008767128 -0.015474173 -0.630145490 -0.297797978 0.716933429
1311870499.879787 2.473437786 -0.424744397 1.000745654 -0.013502914 -0.628876448 -0.299048722 0.717566729
1311870499.911800 2.463822842 -0.422943652 0.995766044 -0.013221149 -0.628759027 -0.296938419 0.718550563
1311870499.979829 2.453571320 -0.417864501 0.979920030 -0.011818887 -0.630772531 -0.292194545 0.718755007
1311870500.011682 2.445950985 -0.416985124 0.971725345 -0.010287614 -0.631768286 -0.291661501 0.718120158
1311870500.079955 2.432126760 -0.415046394 0.963330448 -0.009534561 -0.631407499 -0.287607282 0.720080376
1311870500.111923 2.425280094 -0.415223837 0.957129180 -0.007189643 -0.630928159 -0.286962479 0.720784664
1311870500.147807 2.416172981 -0.412262410 0.951750517 -0.004528505 -0.630142808 -0.286326826 0.721745431
1311870500.179782 2.410402536 -0.409310520 0.945443451 -0.003198113 -0.629313469 -0.284539104 0.723181725
1311870500.211909 2.402895212 -0.406269789 0.940459192 -0.002162274 -0.628629982 -0.283714831 0.724103272
1311870500.247783 2.397839069 -0.402576536 0.937553704 -0.001055034 -0.627740681 -0.284789324 0.724455416
1311870500.279624 2.391350508 -0.401746273 0.931295097 -0.001437040 -0.626433372 -0.284752488 0.725599885
1311870500.311946 2.386867762 -0.395888448 0.926447988 -0.001678146 -0.625477970 -0.284052998 0.726696908
1311870500.347791 2.381971121 -0.397160739 0.921425164 -0.002544575 -0.624787688 -0.285044312 0.726900041
1311870500.379875 2.380721569 -0.392357916 0.916276038 -0.003753845 -0.623859882 -0.286234915 0.727223694
1311870500.411721 2.373358011 -0.392113000 0.911131740 -0.007033756 -0.622451782 -0.287531495 0.727894187
1311870500.447890 2.364591122 -0.390740186 0.904841840 -0.008683482 -0.621450484 -0.288492978 0.728351414
1311870500.479808 2.358278036 -0.389973879 0.899921179 -0.006323836 -0.621068299 -0.290407240 0.727940857
1311870500.511934 2.354691744 -0.389949888 0.895263493 -0.003169030 -0.619711637 -0.291599840 0.728640497
1311870500.547775 2.349036932 -0.388215899 0.888753712 -0.000945212 -0.617405891 -0.291505635 0.730639160
1311870500.579706 2.348833561 -0.382571071 0.881037951 0.001105759 -0.616030693 -0.290829301 0.732067823
1311870500.611853 2.347109079 -0.384561539 0.874517143 0.000582592 -0.614750266 -0.290588677 0.733239412
1311870500.647928 2.342344284 -0.380168468 0.867570698 0.001204231 -0.612893403 -0.289156765 0.735356092
1311870500.679732 2.339938879 -0.377803087 0.861367941 0.001635551 -0.610607207 -0.287888527 0.737750828
1311870500.711786 2.336904049 -0.374014109 0.854246855 0.002731861 -0.607952356 -0.287168026 0.740216851
1311870500.747952 2.338217020 -0.373127967 0.849630237 0.002190118 -0.605463743 -0.285951823 0.742725015
1311870500.779943 2.334812880 -0.370554596 0.838183165 0.000609122 -0.602000535 -0.284043223 0.746267021
1311870500.811954 2.333586454 -0.366249263 0.828552246 -0.000120165 -0.599367678 -0.281265616 0.749431789
1311870500.848004 2.332317829 -0.365638465 0.818368912 -0.001148131 -0.596879423 -0.280251205 0.751793146
1311870500.911759 2.337399960 -0.360105962 0.793287337 0.000308366 -0.592014968 -0.275924623 0.757221103
1311870500.947879 2.341326475 -0.357989371 0.782949507 0.000943499 -0.589352250 -0.274196267 0.759920657
1311870500.979878 2.341784000 -0.355524570 0.771587133 0.000297601 -0.586640000 -0.271218538 0.763081849
1311870501.011943 2.346747160 -0.348789752 0.759221911 0.000357553 -0.584152997 -0.268364847 0.765993059
1311870501.047804 2.350332737 -0.342636853 0.744722188 -0.000849554 -0.581173241 -0.266639382 0.768856525
1311870501.079842 2.351979017 -0.336114258 0.732031286 -0.002407298 -0.578679025 -0.265151650 0.771245360
1311870501.111897 2.353856564 -0.331540495 0.720003724 -0.004357705 -0.576051116 -0.263184667 0.773873329
1311870501.147952 2.356338501 -0.328316033 0.704880118 -0.007988418 -0.572652161 -0.260513276 0.777263463
1311870501.211743 2.358795643 -0.322468221 0.674478114 -0.012825695 -0.567695439 -0.254523635 0.782799542
1311870501.248040 2.359197855 -0.318377644 0.662715554 -0.012920794 -0.566289902 -0.252914935 0.784335911
1311870501.279931 2.361039162 -0.313743502 0.652698576 -0.012852919 -0.564121187 -0.252017885 0.786186397
1311870501.311750 2.366640091 -0.309140861 0.640290797 -0.012529763 -0.561699927 -0.250082880 0.788539648
1311870501.348003 2.372051477 -0.301391661 0.622078598 -0.013289957 -0.558780432 -0.248788550 0.791006982
1311870501.379857 2.370639563 -0.295068413 0.612880647 -0.014348354 -0.557387412 -0.248963639 0.791915715
1311870501.447890 2.374577284 -0.288536727 0.594536185 -0.015664998 -0.554472506 -0.251118392 0.793255508
1311870501.479909 2.376348734 -0.280926675 0.584476352 -0.016540933 -0.554522634 -0.250777721 0.793310523
1311870501.511909 2.380074263 -0.274754643 0.573680818 -0.020643905 -0.555397272 -0.250247598 0.792769730
1311870501.548011 2.376873255 -0.270180762 0.563285291 -0.022252010 -0.556604266 -0.253113300 0.790967882
1311870501.579810 2.373230457 -0.268827528 0.561558187 -0.022303056 -0.558145940 -0.257112145 0.788586676
1311870501.612018 2.370141029 -0.267234683 0.559280634 -0.020797115 -0.557806194 -0.259148329 0.788201690
1311870501.647864 2.370997190 -0.268082619 0.548933446 -0.019587360 -0.555216372 -0.259265721 0.790020525
1311870501.679989 2.368699789 -0.263059169 0.538008690 -0.017520765 -0.552779019 -0.259026527 0.791854620
1311870501.747900 2.369098663 -0.257095039 0.530477703 -0.018322527 -0.553559303 -0.256313354 0.792174101
1311870501.780039 2.368337631 -0.254516602 0.523458779 -0.019284546 -0.553171694 -0.256319553 0.792420030
1311870501.812193 2.363903046 -0.250231564 0.517821729 -0.018994551 -0.552478015 -0.257223278 0.792618096
1311870501.848089 2.359193325 -0.247607827 0.513311625 -0.018112564 -0.551445544 -0.258443743 0.792960644
1311870501.879841 2.359196901 -0.243392393 0.512438953 -0.017768841 -0.550863743 -0.258132637 0.793473959
1311870501.911796 2.354755640 -0.241007581 0.504490733 -0.018468382 -0.549457610 -0.259178758 0.794091761
1311870501.947888 2.349012375 -0.235214844 0.497157693 -0.018290350 -0.549313307 -0.260118604 0.793888330
1311870501.980072 2.346162081 -0.234907046 0.499886930 -0.019410381 -0.550898254 -0.260129213 0.792759180
1311870502.011986 2.340759754 -0.232488304 0.494982272 -0.019265888 -0.549935937 -0.260010719 0.793469429
1311870502.047757 2.331471920 -0.230833113 0.491268963 -0.018521482 -0.547383964 -0.258552283 0.795725107
1311870502.111939 2.321891785 -0.227347970 0.476777434 -0.017372338 -0.543278337 -0.254363090 0.799903929
1311870502.148086 2.315541267 -0.224498212 0.476817220 -0.015966645 -0.543237269 -0.252297908 0.800614834
1311870502.180123 2.308639765 -0.224876955 0.470373750 -0.014470775 -0.542535603 -0.250416338 0.801709056
1311870502.211942 2.304311991 -0.220138356 0.463965386 -0.011949793 -0.542715251 -0.248827726 0.802123487
1311870502.247902 2.300005913 -0.217298910 0.452317148 -0.010637048 -0.543588340 -0.247254178 0.802037358
1311870502.279943 2.299682140 -0.210548535 0.441295654 -0.012033914 -0.546332955 -0.245242327 0.800769448
1311870502.312128 2.288205385 -0.204864174 0.442317247 -0.015240124 -0.548505962 -0.245663360 0.799098551
1311870502.348085 2.279729605 -0.199050456 0.445199817 -0.017347574 -0.548255146 -0.246944085 0.798832834
1311870502.379971 2.267563105 -0.202210203 0.449664682 -0.019201504 -0.545654535 -0.247173011 0.800498545
1311870502.411996 2.262526274 -0.199379012 0.444187492 -0.019225845 -0.541499078 -0.246246785 0.803599179
1311870502.447989 2.254386425 -0.197697073 0.439216763 -0.019785047 -0.538023889 -0.243307799 0.806808591
1311870502.511998 2.242099524 -0.194723800 0.428947836 -0.018700426 -0.533464670 -0.239798814 0.810902119
1311870502.547785 2.234875917 -0.195336789 0.425600678 -0.018724784 -0.531154990 -0.238540396 0.812786698
1311870502.611956 2.223056316 -0.190555602 0.413613975 -0.014821891 -0.527088225 -0.237508774 0.815811157
1311870502.647923 2.220601797 -0.185320467 0.409930646 -0.012702394 -0.525955081 -0.239061460 0.816124678
1311870502.712040 2.210160971 -0.179032102 0.394884378 -0.016936347 -0.520917952 -0.239754915 0.819069743
1311870502.748009 2.209102392 -0.173461437 0.384345949 -0.019666985 -0.519939959 -0.241908729 0.818996787
1311870502.812215 2.188508034 -0.176908582 0.381544679 -0.022705838 -0.519009829 -0.247286692 0.817901313
1311870502.848251 2.184670210 -0.176560998 0.378648341 -0.018368905 -0.517774761 -0.249817193 0.818023980
1311870502.911868 2.177448988 -0.175228983 0.364681154 -0.013608123 -0.511803806 -0.251923293 0.821222484
1311870502.947918 2.177014112 -0.174351200 0.353659123 -0.013207289 -0.510456920 -0.249647573 0.822760880
1311870502.979904 2.173951387 -0.170721814 0.346196830 -0.013642103 -0.509857535 -0.249982998 0.823023498
1311870503.012049 2.169919014 -0.170623392 0.341089517 -0.012882359 -0.508482456 -0.251284331 0.823490024
1311870503.047853 2.167147160 -0.169504508 0.339106172 -0.010191737 -0.506111383 -0.252164394 0.824718416
1311870503.080047 2.164727688 -0.167481676 0.330729485 -0.007525011 -0.501472890 -0.253095210 0.827291429
1311870503.112061 2.161178589 -0.163764998 0.324764162 -0.006541695 -0.497453570 -0.251403600 0.830236971
1311870503.148129 2.157129765 -0.161113441 0.316915810 -0.006933289 -0.492796063 -0.251028687 0.833119810
1311870503.179945 2.157266617 -0.163602039 0.308528632 -0.008497950 -0.488894761 -0.248139545 0.836263418
1311870503.212212 2.155090094 -0.156528249 0.301510453 -0.008126205 -0.484013170 -0.246837705 0.839485765
1311870503.247900 2.154375076 -0.155736268 0.294369191 -0.009373032 -0.478982776 -0.244515866 0.843030035
1311870503.280065 2.151990652 -0.149815366 0.283840388 -0.009892117 -0.474080712 -0.242452040 0.846384406
1311870503.312120 2.144849777 -0.146529183 0.267505646 -0.011182704 -0.470283836 -0.240109622 0.849149823
1311870503.347883 2.143702507 -0.142153576 0.254858136 -0.010630744 -0.468971103 -0.239310935 0.850107849
1311870503.379934 2.140480042 -0.141068801 0.243065059 -0.011015688 -0.467044324 -0.239388183 0.851141334
1311870503.412119 2.142182112 -0.139181182 0.233014941 -0.010760083 -0.465189159 -0.237723604 0.852625787
1311870503.448175 2.143160820 -0.138071164 0.215143785 -0.010959171 -0.462908953 -0.236012444 0.854337931
1311870503.512104 2.140766621 -0.130653262 0.193881929 -0.012162815 -0.460167050 -0.232683256 0.856712818
1311870503.548220 2.142569304 -0.124562323 0.182097524 -0.011230064 -0.458980948 -0.231279179 0.857741416
1311870503.580038 2.141930580 -0.117985010 0.171278939 -0.011890127 -0.457294762 -0.231143132 0.858669341
1311870503.612142 2.141815186 -0.112544894 0.159463540 -0.013992247 -0.455021411 -0.230517432 0.860012472
1311870503.648065 2.137200356 -0.111200288 0.147822529 -0.017483890 -0.453851193 -0.229326099 0.860884964
1311870503.680293 2.134737492 -0.107269295 0.139396429 -0.019343611 -0.453189015 -0.228976741 0.861286938
1311870503.711937 2.134024143 -0.105176374 0.133423567 -0.021531075 -0.451816380 -0.228047937 0.862202108
1311870503.748145 2.131984949 -0.102357633 0.126255944 -0.022408079 -0.449236065 -0.227525815 0.863664806
1311870503.780083 2.128751755 -0.102637596 0.115892507 -0.022794330 -0.447340697 -0.225384235 0.865198672
1311870503.811910 2.130429506 -0.097320333 0.107863106 -0.021582102 -0.447446287 -0.224537030 0.865395367
1311870503.848056 2.127506733 -0.096562877 0.100256987 -0.021649124 -0.447212070 -0.223932758 0.865671337
1311870503.880025 2.125309467 -0.092603736 0.092470273 -0.021189699 -0.446905494 -0.222304717 0.866260409
1311870503.912091 2.124736071 -0.087708004 0.085500404 -0.020915672 -0.447111636 -0.221205547 0.866442025
1311870503.948251 2.124000549 -0.083636291 0.081930481 -0.020694261 -0.447263449 -0.223021179 0.865903378
1311870503.980018 2.119968414 -0.085530832 0.079704881 -0.021032937 -0.446458131 -0.224055171 0.866043925
1311870504.011998 2.117154360 -0.083678037 0.075319245 -0.019185876 -0.444933236 -0.224738628 0.866694212
1311870504.048156 2.116122961 -0.082171649 0.071631327 -0.018003492 -0.443451345 -0.225032181 0.867402613
1311870504.079934 2.112277985 -0.079312779 0.069650672 -0.017413324 -0.442241341 -0.224649295 0.868131340
1311870504.111962 2.110623360 -0.080203116 0.065658189 -0.017502217 -0.441484213 -0.224124521 0.868650436
1311870504.148039 2.107788563 -0.080837801 0.065497257 -0.018012635 -0.441007972 -0.222811684 0.869219482
1311870504.179932 2.103593349 -0.080636546 0.062973291 -0.017713992 -0.439880818 -0.222127557 0.869971514
1311870504.212116 2.101343632 -0.079931386 0.064457566 -0.016741814 -0.439094424 -0.221311823 0.870595694
1311870504.247918 2.098759890 -0.078723341 0.063707173 -0.016489204 -0.437820077 -0.220347539 0.871486485
1311870504.280084 2.093366861 -0.077174172 0.064429030 -0.017125322 -0.437097520 -0.218967453 0.872184455
1311870504.312060 2.090669632 -0.075748317 0.062063266 -0.018272279 -0.437033176 -0.217837647 0.872476280
1311870504.348035 2.087684393 -0.077352054 0.065067157 -0.020596843 -0.437496096 -0.216049179 0.872637212
1311870504.379984 2.082039833 -0.079173073 0.063046165 -0.021694098 -0.437268466 -0.215814620 0.872782767
1311870504.412305 2.077280998 -0.081628010 0.067019723 -0.022251170 -0.437468618 -0.215224862 0.872814059
1311870504.448107 2.071514368 -0.080941267 0.071505070 -0.022057978 -0.436414391 -0.214814126 0.873447657
1311870504.480201 2.067684174 -0.082546018 0.076165855 -0.022793608 -0.433874607 -0.212687805 0.875212669
1311870504.512082 2.059688091 -0.085038260 0.079062909 -0.023605419 -0.430950999 -0.209511578 0.877398968
1311870504.548048 2.057442427 -0.082600102 0.075914435 -0.022930941 -0.428963095 -0.207492292 0.878869593
1311870504.580075 2.052955389 -0.084822506 0.080362141 -0.024857156 -0.428155184 -0.205427125 0.879695892
1311870504.611994 2.044826984 -0.088191465 0.083232872 -0.025967106 -0.427264303 -0.202893093 0.880684555
1311870504.647976 2.039947748 -0.089630663 0.084623098 -0.025119394 -0.427107364 -0.201832771 0.881028831
1311870504.680079 2.037848234 -0.091989547 0.088601366 -0.024162749 -0.426836759 -0.202416286 0.881052911
1311870504.712331 2.033729792 -0.097892582 0.093104944 -0.023167025 -0.425614148 -0.202481970 0.881655812
1311870504.748338 2.029439211 -0.099958621 0.097568326 -0.021310186 -0.423810422 -0.201056793 0.882896781
1311870504.780163 2.027341604 -0.106745861 0.102357127 -0.020852927 -0.421580881 -0.199752375 0.884270132
1311870504.812036 2.022686005 -0.112182885 0.111004636 -0.019992448 -0.418623149 -0.196347088 0.886455178
1311870504.847987 2.016307831 -0.115532413 0.112378046 -0.017809359 -0.414765865 -0.194412306 0.888738394
1311870504.880042 2.013649464 -0.115822114 0.120677166 -0.015076773 -0.413231075 -0.192266524 0.889969826
1311870504.912228 2.011091709 -0.116288096 0.122274972 -0.014493149 -0.411212921 -0.190692350 0.891252100
1311870504.948276 2.008207798 -0.118919514 0.122169971 -0.014352030 -0.408353060 -0.189937815 0.892729163
1311870505.012129 1.999179006 -0.130405605 0.124155961 -0.015485721 -0.404107630 -0.188511357 0.894941747
1311870505.048023 1.997189522 -0.133577660 0.130223960 -0.016084285 -0.401464432 -0.187327057 0.896368325
1311870505.079992 1.991340876 -0.136477649 0.134720892 -0.016621813 -0.397502780 -0.185158506 0.898571968
1311870505.112129 1.990457058 -0.140224054 0.130346850 -0.017563552 -0.393852234 -0.181800559 0.900844336
1311870505.148203 1.983900189 -0.140497088 0.131243110 -0.018761558 -0.391112208 -0.179164559 0.902540445
1311870505.180166 1.978220224 -0.138661534 0.129435644 -0.020117458 -0.388960540 -0.178740576 0.903524637
1311870505.212050 1.974553585 -0.142029941 0.127444342 -0.023863554 -0.388371855 -0.177815825 0.903869092
1311870505.248098 1.969910741 -0.144710332 0.126412600 -0.026754966 -0.387985080 -0.177327365 0.904050171
1311870505.280043 1.970186830 -0.148539692 0.122226067 -0.030038536 -0.387876242 -0.177709758 0.903918684
1311870505.348172 1.965488911 -0.148800671 0.118335560 -0.036553636 -0.384960622 -0.183473080 0.903773606
1311870505.380043 1.964579225 -0.155976310 0.111837991 -0.039877340 -0.381787747 -0.183920354 0.904887378
1311870505.412169 1.964491367 -0.154418781 0.106857464 -0.041019902 -0.378120095 -0.183279693 0.906504869
1311870505.448014 1.964883089 -0.155775085 0.099275388 -0.043582659 -0.373849720 -0.183168888 0.908177316
1311870505.480019 1.952784777 -0.154036969 0.093387164 -0.049951896 -0.370940655 -0.179340288 0.909804881
1311870505.512232 1.946737170 -0.146379307 0.092119604 -0.057420097 -0.375134438 -0.174201265 0.908642411
1311870505.548014 1.947114110 -0.154608130 0.089037433 -0.062451888 -0.378662765 -0.181659788 0.905380607
1311870505.580109 1.936277270 -0.167123392 0.085428402 -0.062745772 -0.375857174 -0.186518699 0.905541360
1311870505.612208 1.937589645 -0.168962076 0.073059633 -0.058830500 -0.372492582 -0.188449785 0.906793773
1311870505.648216 1.933173537 -0.172566697 0.069483042 -0.056310128 -0.367404491 -0.188897386 0.908933938
1311870505.679928 1.927453279 -0.176062092 0.054639682 -0.051442660 -0.360334605 -0.183933526 0.913061380
1311870505.712188 1.928304434 -0.170288339 0.040072154 -0.048274592 -0.357693076 -0.178920642 0.915266395
1311870505.748044 1.919661522 -0.166881099 0.034225520 -0.050065514 -0.358793139 -0.177174658 0.915079236
1311870505.780026 1.913862944 -0.170549065 0.020253757 -0.053592745 -0.361300081 -0.174134597 0.914476454
1311870505.812150 1.917090416 -0.173306599 0.017850786 -0.056217968 -0.364861190 -0.169788256 0.913721979
1311870505.848080 1.913395882 -0.174202263 0.013004103 -0.058130138 -0.364002377 -0.168433815 0.914195418
1311870505.880081 1.911420703 -0.184680507 0.000670844 -0.058951277 -0.360363156 -0.165270746 0.916159749
1311870505.912493 1.906267643 -0.183220267 -0.010336620 -0.054524656 -0.354829788 -0.163417861 0.918921947
1311870505.948256 1.899144173 -0.182299390 -0.017566653 -0.051127009 -0.350561529 -0.162933245 0.920839548
1311870505.980101 1.894811869 -0.183364779 -0.027407447 -0.049300831 -0.348274350 -0.162443295 0.921892941
1311870506.012380 1.892218351 -0.181493536 -0.037691791 -0.048489250 -0.346632600 -0.161862940 0.922656536
1311870506.048206 1.883949041 -0.183684736 -0.043199155 -0.050165650 -0.346428037 -0.161247849 0.922751427
1311870506.080230 1.879437804 -0.189297497 -0.052786678 -0.049761180 -0.346003920 -0.162093326 0.922784328
1311870506.112131 1.875007391 -0.192068011 -0.055342034 -0.047274403 -0.344192266 -0.163575009 0.923330963
1311870506.148026 1.867098451 -0.192913651 -0.058493208 -0.044666961 -0.340971202 -0.163332716 0.924697757
1311870506.180306 1.862319112 -0.196514979 -0.066034064 -0.043009646 -0.338449955 -0.162011474 0.925934136
1311870506.212158 1.858772159 -0.199399084 -0.063533582 -0.041388873 -0.337681413 -0.160308018 0.926584899
1311870506.248184 1.849528790 -0.198069394 -0.069425732 -0.038879525 -0.336009771 -0.159586266 0.927425504
1311870506.280374 1.844945192 -0.195770249 -0.076639600 -0.037815683 -0.334710211 -0.159402043 0.927970946
1311870506.311921 1.838619947 -0.198880985 -0.077631310 -0.038411539 -0.334440082 -0.157683209 0.928337455
1311870506.348187 1.830490589 -0.196110964 -0.080034435 -0.039092235 -0.334891409 -0.155433923 0.928525627
1311870506.380127 1.827724218 -0.197320357 -0.087401487 -0.041086592 -0.336691618 -0.155058667 0.927850962
1311870506.412264 1.820230961 -0.199215457 -0.088049740 -0.041988898 -0.336647481 -0.156589776 0.927569449
1311870506.448069 1.818565011 -0.205559850 -0.094340242 -0.041629903 -0.334910184 -0.155779019 0.928350687
1311870506.480103 1.810250163 -0.205932185 -0.095135354 -0.039124746 -0.332276165 -0.154375196 0.929639757
1311870506.512268 1.796931267 -0.202603966 -0.094614603 -0.037115812 -0.330700547 -0.153191984 0.930479348
1311870506.548161 1.791718960 -0.204480767 -0.098592207 -0.036980528 -0.330822438 -0.152290493 0.930589378
1311870506.580315 1.783550382 -0.203649551 -0.097700141 -0.035794210 -0.330569029 -0.150930077 0.930947363
1311870506.612421 1.776680946 -0.203264311 -0.096650690 -0.033912323 -0.329408884 -0.150206432 0.931545913
1311870506.648075 1.765180111 -0.202489987 -0.092969514 -0.032107491 -0.327135682 -0.149735764 0.932486236
1311870506.680223 1.761612773 -0.206534803 -0.102364294 -0.031295624 -0.326581389 -0.146436006 0.933231831
1311870506.712116 1.753697515 -0.206582367 -0.103494339 -0.031273726 -0.326973170 -0.142814726 0.933656514
1311870506.748348 1.744071603 -0.204500809 -0.102710456 -0.030147415 -0.327973843 -0.141172215 0.933592379
1311870506.780407 1.734830141 -0.207765892 -0.102541432 -0.028697321 -0.327360660 -0.143872142 0.933441103
1311870506.812568 1.728013754 -0.208741039 -0.101538137 -0.027382426 -0.327070951 -0.144638449 0.933463693
1311870506.848233 1.714901924 -0.207911089 -0.099805921 -0.028163888 -0.326965064 -0.143144920 0.933707774
1311870506.880285 1.703171253 -0.209282055 -0.098453201 -0.029228739 -0.326843053 -0.142794594 0.933771431
1311870506.912274 1.691950798 -0.212483510 -0.095483214 -0.029436467 -0.325839251 -0.142940119 0.934093356
1311870506.948074 1.682565212 -0.218766242 -0.099508703 -0.026891775 -0.323705077 -0.143961683 0.934755027
1311870506.980175 1.668825507 -0.220485419 -0.093535177 -0.023825277 -0.322259009 -0.141380429 0.935731292
1311870507.012290 1.664600253 -0.224554211 -0.099474669 -0.020984357 -0.322383881 -0.138386667 0.936203718
1311870507.048124 1.650134206 -0.224192962 -0.100708649 -0.019661542 -0.321765304 -0.137147620 0.936627507
1311870507.080403 1.638583779 -0.230904639 -0.100709774 -0.019890023 -0.323026121 -0.132739067 0.936823785
1311870507.112226 1.629425287 -0.230641559 -0.105300680 -0.018986594 -0.324443460 -0.130652428 0.936646044
1311870507.148230 1.622687936 -0.232110009 -0.105031334 -0.019433202 -0.326225966 -0.129475877 0.936181068
1311870507.180282 1.611134291 -0.234153390 -0.104774944 -0.018856267 -0.325839490 -0.128936037 0.936401904
1311870507.212880 1.604372382 -0.233064398 -0.106093340 -0.017711539 -0.324990839 -0.130281910 0.936532915
1311870507.248294 1.594572544 -0.233029246 -0.106357582 -0.018180791 -0.324037433 -0.131169200 0.936730385
1311870507.280550 1.586318970 -0.234636098 -0.107155479 -0.019021172 -0.323154747 -0.131834701 0.936925173
1311870507.312261 1.570430875 -0.236671090 -0.110142127 -0.018743873 -0.321755737 -0.134863779 0.936981142
1311870507.348220 1.557246327 -0.237223044 -0.104349643 -0.018424716 -0.321127087 -0.137949586 0.936753869
1311870507.380398 1.555180907 -0.243117422 -0.109460637 -0.018732961 -0.319942385 -0.138537750 0.937066317
1311870507.412372 1.549299955 -0.247381955 -0.112249501 -0.018264020 -0.316513121 -0.139875114 0.938040972
1311870507.448147 1.539690495 -0.246658444 -0.114583477 -0.017032735 -0.311962813 -0.139853507 0.939590394
1311870507.480449 1.526849627 -0.244906172 -0.116320632 -0.017164685 -0.308148772 -0.139883637 0.940841258
1311870507.512338 1.514083266 -0.242346182 -0.118801661 -0.018015811 -0.305393994 -0.140240893 0.941670001
1311870507.548409 1.505989790 -0.244979531 -0.119870357 -0.020067053 -0.303527296 -0.139992580 0.942268848
1311870507.580256 1.498183727 -0.244545311 -0.121130638 -0.021042202 -0.300875098 -0.138568908 0.943308055
1311870507.612370 1.492384911 -0.247629598 -0.127632692 -0.020688282 -0.297315747 -0.137905553 0.944540858
1311870507.648289 1.486805797 -0.248917609 -0.135463759 -0.019691888 -0.292908341 -0.137956187 0.945930779
1311870507.680356 1.473606467 -0.245221555 -0.136782140 -0.018469714 -0.288324118 -0.135808468 0.947673023
1311870507.712294 1.462810636 -0.244535908 -0.141895056 -0.018199852 -0.285737306 -0.134073570 0.948708177
1311870507.748317 1.455341816 -0.240448326 -0.147906691 -0.019483784 -0.285173416 -0.131554157 0.949204922
1311870507.780969 1.447173119 -0.241250321 -0.149995759 -0.022757670 -0.284249216 -0.129347906 0.949712336
1311870507.812477 1.437963843 -0.240827784 -0.158321619 -0.023791209 -0.283674538 -0.127336308 0.950130582
1311870507.848660 1.431798816 -0.241874412 -0.161384761 -0.025091633 -0.282973677 -0.125422791 0.950560570
1311870507.881029 1.428975463 -0.246208057 -0.168797523 -0.026540773 -0.281456798 -0.122329526 0.951374352
1311870507.912585 1.416207671 -0.242815852 -0.173270106 -0.027348667 -0.278762996 -0.118081182 0.952680469
1311870507.948307 1.412944555 -0.245178774 -0.178866714 -0.027838435 -0.276841521 -0.117422298 0.953307807
1311870507.980465 1.408109069 -0.247822881 -0.183615819 -0.027586257 -0.273259729 -0.117453299 0.954344213
1311870508.012439 1.396803617 -0.247077450 -0.187012106 -0.028313810 -0.269382745 -0.114968322 0.955726683
1311870508.048355 1.396074414 -0.251936734 -0.189619794 -0.028703799 -0.266199142 -0.114715375 0.956637084
1311870508.080440 1.390800476 -0.257450283 -0.197522506 -0.028708607 -0.259369880 -0.114986472 0.958478570
1311870508.112310 1.379230857 -0.257319748 -0.201967180 -0.029076943 -0.252257347 -0.112716541 0.960632980
1311870508.148533 1.368992209 -0.258318543 -0.205552429 -0.030533353 -0.248064503 -0.110791542 0.961902797
1311870508.180363 1.358431458 -0.260791421 -0.210173592 -0.031625234 -0.244995818 -0.110546596 0.962681830
1311870508.216310 1.348048568 -0.263158232 -0.210279837 -0.033032041 -0.242135346 -0.107410699 0.963712752
1311870508.248163 1.350369573 -0.269035965 -0.216962531 -0.032774150 -0.240236729 -0.105928093 0.964360595
1311870508.280508 1.347503901 -0.269010246 -0.219348311 -0.031700958 -0.236336425 -0.104213849 0.965546250
1311870508.316252 1.345390081 -0.273848802 -0.226369068 -0.030965660 -0.231165767 -0.103908733 0.966853917
1311870508.348284 1.336489558 -0.275786221 -0.228692174 -0.028890846 -0.224810064 -0.104713596 0.968328893
1311870508.380490 1.328954577 -0.276238203 -0.229412392 -0.027285239 -0.219902202 -0.103666656 0.969614208
1311870508.416350 1.323742628 -0.275883943 -0.233363092 -0.026275577 -0.217549071 -0.102429822 0.970304132
1311870508.448193 1.319828153 -0.276822925 -0.238683015 -0.026276702 -0.215810686 -0.101758607 0.970762849
1311870508.480243 1.317327142 -0.280178607 -0.243370771 -0.027266331 -0.214249894 -0.101544261 0.971103668
1311870508.516262 1.313764691 -0.280780762 -0.244859219 -0.027794052 -0.211602882 -0.102387629 0.971580386
1311870508.548342 1.307787299 -0.281484872 -0.238648295 -0.028063273 -0.207839727 -0.103918120 0.972222269
1311870508.580613 1.304670453 -0.282192916 -0.238878757 -0.028327759 -0.203680813 -0.103926763 0.973093450
1311870508.616329 1.297512889 -0.284758896 -0.238362551 -0.029188655 -0.199229091 -0.102643244 0.974125326
1311870508.648331 1.287099004 -0.280919492 -0.234132677 -0.029189743 -0.195571259 -0.103357263 0.974790812
1311870508.680410 1.282637715 -0.282601804 -0.231914043 -0.030875634 -0.193133101 -0.105065405 0.975042343
1311870508.716325 1.274706602 -0.283090532 -0.231143028 -0.031966321 -0.190941438 -0.105685093 0.975371838
1311870508.748532 1.268854856 -0.285795808 -0.233299688 -0.033209801 -0.188771635 -0.106252141 0.975690961
1311870508.780358 1.262357593 -0.289838254 -0.231832206 -0.034801483 -0.186114669 -0.105734780 0.976202011
1311870508.816297 1.255722880 -0.288021207 -0.221914425 -0.035250317 -0.184612796 -0.103242390 0.976737738
1311870508.848360 1.244867086 -0.291348726 -0.222635955 -0.036164954 -0.184577823 -0.101300113 0.976914227
1311870508.880221 1.240960836 -0.292113304 -0.216775894 -0.036989041 -0.185832396 -0.099131674 0.976867974
1311870508.916285 1.236659765 -0.299071878 -0.220984936 -0.038323980 -0.186019361 -0.096362308 0.977058053
1311870508.948861 1.228606820 -0.299303651 -0.218393713 -0.038424894 -0.185714364 -0.095425829 0.977203965
1311870508.980480 1.224506736 -0.299530536 -0.214225337 -0.038672794 -0.185724035 -0.094130807 0.977317989
1311870509.016227 1.221999407 -0.303344965 -0.213524207 -0.039251681 -0.186095163 -0.093000107 0.977332532
1311870509.049529 1.218762994 -0.307100594 -0.217077255 -0.040197838 -0.185287207 -0.092915729 0.977455616
1311870509.081271 1.213018179 -0.314345032 -0.212570265 -0.041372243 -0.182336688 -0.093756087 0.977881134
1311870509.116238 1.202420950 -0.317774653 -0.206550971 -0.040590227 -0.178636909 -0.094313785 0.978542924
1311870509.148336 1.196964502 -0.321510136 -0.207265079 -0.039010186 -0.175641134 -0.093688272 0.979209363
1311870509.180552 1.188321948 -0.318342239 -0.205889106 -0.037235528 -0.174149767 -0.092719078 0.979636967
1311870509.216279 1.183858395 -0.321932226 -0.204159454 -0.036887269 -0.174839750 -0.092948727 0.979505479
1311870509.248341 1.174803257 -0.326020032 -0.200234219 -0.036205266 -0.173795193 -0.093047276 0.979707420
1311870509.280562 1.171059966 -0.328284413 -0.199669331 -0.035616405 -0.172773317 -0.092225537 0.979987442
1311870509.316445 1.160634875 -0.329791307 -0.197210968 -0.035073124 -0.171341136 -0.090588741 0.980410993
1311870509.348401 1.149684191 -0.331317246 -0.194564715 -0.035013333 -0.171430916 -0.089901708 0.980460703
1311870509.380502 1.149127126 -0.335503250 -0.195470542 -0.035181139 -0.172450528 -0.090109892 0.980256736
1311870509.417033 1.145978332 -0.339552790 -0.196634576 -0.034914833 -0.170575857 -0.089977503 0.980606377
1311870509.448306 1.138246775 -0.335561037 -0.193274692 -0.033341553 -0.167866930 -0.089690126 0.981154799
1311870509.480826 1.131460667 -0.335280180 -0.193705097 -0.033875216 -0.166064143 -0.090999536 0.981322706
1311870509.516377 1.121527553 -0.337868989 -0.192259997 -0.035040997 -0.163849279 -0.092543572 0.981509686
1311870509.548536 1.118689179 -0.343503356 -0.191961288 -0.035230014 -0.161777586 -0.093320817 0.981772900
1311870509.580402 1.109217167 -0.344131678 -0.191643983 -0.034049328 -0.158071965 -0.094612963 0.982294381
1311870509.616459 1.103553653 -0.344102740 -0.193354160 -0.032844946 -0.154540285 -0.093215548 0.983030736
1311870509.648358 1.096049190 -0.343751699 -0.193204165 -0.031815056 -0.151137367 -0.091420680 0.983761966
1311870509.680313 1.089615464 -0.340452939 -0.194651678 -0.031620920 -0.148834988 -0.090015501 0.984248698
1311870509.716502 1.085709691 -0.342273802 -0.198248699 -0.032886188 -0.146648720 -0.089508310 0.984581590
1311870509.748527 1.078665018 -0.340220034 -0.199438572 -0.032996856 -0.143334150 -0.089561671 0.985061049
1311870509.780511 1.069819212 -0.341357350 -0.199861690 -0.033612847 -0.139278322 -0.088896774 0.985682011
1311870509.816617 1.065908432 -0.340283632 -0.202962518 -0.033243228 -0.135287017 -0.089165084 0.986226082
1311870509.848435 1.056187510 -0.337438464 -0.207099587 -0.033563916 -0.130150348 -0.089238189 0.986899614
1311870509.880414 1.051070809 -0.336604983 -0.211454108 -0.034021541 -0.126143813 -0.088540182 0.987466931
1311870509.916377 1.038175941 -0.331647635 -0.216017410 -0.034215458 -0.121653974 -0.088092506 0.988063455
1311870509.948447 1.031162262 -0.326461464 -0.218090996 -0.035078682 -0.119813837 -0.087055579 0.988349855
1311870509.980798 1.022928834 -0.326616287 -0.225992367 -0.036445361 -0.117112271 -0.084477179 0.988847852
1311870510.016412 1.013314486 -0.322282434 -0.232230604 -0.036704879 -0.115498528 -0.079499610 0.989440560
1311870510.048898 1.006693006 -0.320662051 -0.237659603 -0.037888922 -0.114891052 -0.076048464 0.989737868
1311870510.080560 0.997067928 -0.317574203 -0.241688892 -0.039756428 -0.112555139 -0.073237918 0.990144908
1311870510.116341 0.991155505 -0.318427086 -0.248297602 -0.041721128 -0.110088736 -0.068709217 0.990665853
1311870510.148444 0.979879320 -0.314328402 -0.251609385 -0.042587109 -0.108001217 -0.064097390 0.991167784
1311870510.180473 0.973570108 -0.311793029 -0.258125842 -0.044419266 -0.108429320 -0.061102238 0.991229832
1311870510.216558 0.968209863 -0.313639939 -0.264011085 -0.047082875 -0.107504331 -0.059894878 0.991281331
1311870510.248324 0.963287234 -0.314555585 -0.265687048 -0.048004709 -0.103914164 -0.058969785 0.991675317
1311870510.280622 0.955155551 -0.312377959 -0.273239434 -0.048109904 -0.099006385 -0.057967044 0.992231309
1311870510.316572 0.943355441 -0.311309040 -0.278818518 -0.048104081 -0.095128231 -0.057659004 0.992628872
1311870510.348425 0.930226564 -0.306643337 -0.283759058 -0.048344526 -0.093674511 -0.057894386 0.992741704
1311870510.380363 0.923386872 -0.304633200 -0.288726896 -0.049282178 -0.094556838 -0.057968691 0.992607653
1311870510.416479 0.916987479 -0.303781927 -0.290333867 -0.050246157 -0.093912117 -0.058985177 0.992560625
1311870510.448483 0.908685923 -0.304065198 -0.293920457 -0.050383240 -0.091822833 -0.060169730 0.992678046
1311870510.480414 0.900432706 -0.302515417 -0.296956718 -0.049230639 -0.089645848 -0.061331324 0.992863774
1311870510.516466 0.892286420 -0.299872547 -0.299775124 -0.048015662 -0.088310421 -0.062514573 0.992969096
1311870510.548480 0.883229434 -0.298313648 -0.303768247 -0.047643129 -0.087402277 -0.064048052 0.992969692
1311870510.580413 0.876957238 -0.297657937 -0.301463574 -0.047085784 -0.086920448 -0.064836569 0.992987394
1311870510.616534 0.869821668 -0.297513276 -0.305142254 -0.046337206 -0.085990697 -0.065270416 0.993075132
1311870510.648602 0.860689938 -0.294117987 -0.306739479 -0.045847856 -0.085565321 -0.066526249 0.993051231
1311870510.680582 0.856799901 -0.293257743 -0.308690429 -0.045986474 -0.085834719 -0.067666508 0.992944539
1311870510.716517 0.849952996 -0.293099016 -0.309758544 -0.045673098 -0.084878750 -0.068660386 0.992972970
1311870510.748610 0.841175079 -0.288812280 -0.310250401 -0.044908267 -0.084433444 -0.069693536 0.992973864
1311870510.780777 0.835143745 -0.285146326 -0.310216278 -0.045398884 -0.085308723 -0.070575371 0.992814422
1311870510.816493 0.826755643 -0.286534637 -0.307265967 -0.047209170 -0.085075997 -0.071227618 0.992703378
1311870510.848414 0.819115818 -0.284116119 -0.304927707 -0.047713708 -0.084992908 -0.071571529 0.992661655
1311870510.880533 0.811024845 -0.285417587 -0.303331107 -0.048829798 -0.084934197 -0.072173759 0.992568791
1311870510.916516 0.801318169 -0.283475757 -0.298764199 -0.049625527 -0.085563898 -0.072187968 0.992474198
1311870510.948628 0.795770228 -0.284552753 -0.300398439 -0.050250914 -0.086863875 -0.070341758 0.992462337
1311870510.980593 0.785352170 -0.282512903 -0.298426062 -0.050389197 -0.088557094 -0.068576925 0.992429197
1311870511.016518 0.778264940 -0.281517118 -0.296904355 -0.051178467 -0.091059834 -0.068210214 0.992187619
1311870511.048272 0.771118283 -0.279794544 -0.293655843 -0.051776424 -0.092326909 -0.068307489 0.992032766
1311870511.080594 0.766243935 -0.279238224 -0.288930386 -0.052169189 -0.092658654 -0.069065996 0.991928756
1311870511.116574 0.755695462 -0.280141264 -0.288132250 -0.052024294 -0.091337904 -0.071663275 0.991874635
1311870511.148539 0.745118082 -0.281620800 -0.283883780 -0.051371567 -0.091304496 -0.073970914 0.991742253
1311870511.180618 0.735556364 -0.284240663 -0.281463474 -0.050437458 -0.091951557 -0.075076707 0.991647363
1311870511.216596 0.725116313 -0.284673542 -0.277674079 -0.049653552 -0.092524745 -0.074668027 0.991664410
1311870511.248758 0.714928031 -0.286270529 -0.273894787 -0.048963673 -0.093439236 -0.072729699 0.991757035
1311870511.280598 0.704890847 -0.285267115 -0.274170697 -0.048397738 -0.094328240 -0.070440397 0.991865933
1311870511.316555 0.696538210 -0.289735973 -0.270458132 -0.049330454 -0.095757127 -0.069250569 0.991766810
1311870511.348626 0.686646461 -0.295123070 -0.266915143 -0.049272306 -0.095476329 -0.070473716 0.991710603
1311870511.380430 0.679388583 -0.300468326 -0.262851655 -0.047584400 -0.094907664 -0.072512113 0.991700709
1311870511.416519 0.669220746 -0.302247643 -0.258878350 -0.044784240 -0.093369469 -0.074003056 0.991866946
1311870511.448601 0.659494996 -0.305515051 -0.255463153 -0.041501116 -0.092009783 -0.074258968 0.992117643
1311870511.481030 0.650685072 -0.305370659 -0.253337175 -0.038243093 -0.091906503 -0.073973097 0.992279530
1311870511.516401 0.639611900 -0.302609175 -0.250575095 -0.036305007 -0.092945531 -0.073964410 0.992256165
1311870511.548648 0.631151378 -0.304389834 -0.245802552 -0.035588391 -0.094468199 -0.074307114 0.992112756
1311870511.580577 0.625471890 -0.307674795 -0.245137304 -0.033262927 -0.095586382 -0.075042941 0.992030919
1311870511.616618 0.618230343 -0.306593925 -0.238296807 -0.030705245 -0.094941482 -0.075081050 0.992172420
1311870511.648634 0.611729801 -0.304202437 -0.237172335 -0.029408081 -0.093496002 -0.073211946 0.992488623
1311870511.680528 0.603036821 -0.302089214 -0.235413611 -0.029757032 -0.092884071 -0.071103662 0.992688954
1311870511.716482 0.595366836 -0.301479310 -0.230065092 -0.030825708 -0.093404822 -0.071195662 0.992600858
1311870511.749418 0.590127170 -0.302039057 -0.223417044 -0.033125330 -0.093204521 -0.071763903 0.992504716
1311870511.780714 0.589449883 -0.302476048 -0.221562251 -0.034455974 -0.091418296 -0.072063223 0.992603838
1311870511.816641 0.581266940 -0.302893132 -0.215040967 -0.035146218 -0.087305710 -0.073560745 0.992839992
1311870511.848452 0.572818518 -0.300468534 -0.211953074 -0.035392314 -0.083386242 -0.074809380 0.993074834
1311870511.880710 0.564709485 -0.297736555 -0.212804362 -0.035686288 -0.080639645 -0.075911775 0.993207514
1311870511.916572 0.557869315 -0.293060660 -0.208843634 -0.037525125 -0.078839205 -0.076572768 0.993233562
1311870511.948849 0.552209973 -0.295416236 -0.208620980 -0.039616607 -0.076416232 -0.076624759 0.993337691
1311870511.980637 0.548367381 -0.295233488 -0.207615703 -0.039928325 -0.073327236 -0.077376857 0.993499696
1311870512.016557 0.539636791 -0.292687684 -0.203016356 -0.039585568 -0.068934940 -0.077668227 0.993805110
1311870512.049201 0.531698525 -0.288078219 -0.200678989 -0.039265130 -0.064859495 -0.076634064 0.994172394
1311870512.080554 0.525221229 -0.282217294 -0.201774761 -0.039688755 -0.061085053 -0.074657865 0.994544923
1311870512.116670 0.518621445 -0.279246867 -0.200260788 -0.041306283 -0.057820000 -0.072771750 0.994814038
1311870512.148844 0.510608435 -0.276697725 -0.203095779 -0.042764213 -0.054274511 -0.072582543 0.994965971
1311870512.180555 0.504012227 -0.273991346 -0.204971761 -0.043832202 -0.050845154 -0.070981301 0.995216131
1311870512.216636 0.492838174 -0.271829724 -0.207076639 -0.044724178 -0.046560287 -0.070385009 0.995428443
1311870512.248891 0.480653673 -0.269483417 -0.210756540 -0.045758333 -0.043019067 -0.068768442 0.995653749
1311870512.280825 0.473870575 -0.267472237 -0.213351831 -0.046812739 -0.041255839 -0.066674344 0.995821774
1311870512.316616 0.469904721 -0.265105724 -0.217627943 -0.047235820 -0.039294071 -0.063725300 0.996074200
1311870512.348749 0.458787024 -0.262997389 -0.220583037 -0.047801957 -0.036128633 -0.061536748 0.996304631
1311870512.380530 0.449097186 -0.261426598 -0.225893915 -0.048164375 -0.034291539 -0.058201816 0.996552467
1311870512.416611 0.441446692 -0.256062239 -0.229004666 -0.048336040 -0.033692222 -0.054693881 0.996763289
1311870512.448649 0.433242202 -0.254844189 -0.234537810 -0.049094476 -0.032216739 -0.051781505 0.996930540
1311870512.480873 0.425005645 -0.251525581 -0.236698672 -0.049236663 -0.030690705 -0.049447354 0.997090161
1311870512.516478 0.415754646 -0.246291414 -0.240901068 -0.048495874 -0.029447040 -0.047130276 0.997276187
1311870512.549111 0.406977803 -0.242842749 -0.247387111 -0.048225641 -0.028378181 -0.045203183 0.997409463
1311870512.580550 0.402224302 -0.239108905 -0.254745871 -0.047721881 -0.027982915 -0.043530550 0.997519255
1311870512.616585 0.394664377 -0.233898148 -0.257679492 -0.046974085 -0.026180422 -0.043679535 0.997597158
1311870512.648878 0.386874557 -0.227542862 -0.260971695 -0.045746360 -0.024197023 -0.043904159 0.997694433
1311870512.680697 0.381916910 -0.224325672 -0.264884382 -0.045533966 -0.022586837 -0.043581393 0.997756064
1311870512.716466 0.376749903 -0.219299763 -0.267262459 -0.044867571 -0.020804048 -0.042966444 0.997851670
1311870512.748564 0.369718790 -0.214551881 -0.270528853 -0.044466082 -0.018439613 -0.043305155 0.997901499
1311870512.780680 0.363922358 -0.213389769 -0.274951041 -0.043968622 -0.016575154 -0.043208770 0.997960448
1311870512.816492 0.360408962 -0.208468676 -0.278328031 -0.042613316 -0.015516804 -0.042771492 0.998055041
1311870512.848544 0.354429811 -0.208091065 -0.279481798 -0.042111073 -0.013492290 -0.043519508 0.998073459
1311870512.880656 0.350967497 -0.204322964 -0.283997923 -0.040317196 -0.011326566 -0.044087559 0.998149574
1311870512.916597 0.345163256 -0.199491158 -0.284734994 -0.038528983 -0.009405933 -0.044674080 0.998214006
1311870512.948751 0.339139670 -0.196686253 -0.287401497 -0.037604418 -0.008427891 -0.044998780 0.998243451
1311870512.980644 0.333639503 -0.192134812 -0.284734458 -0.036554672 -0.008465304 -0.044400748 0.998308897
1311870513.017021 0.328937560 -0.188145220 -0.287683517 -0.035621032 -0.009032713 -0.043198876 0.998390436
1311870513.048599 0.324165970 -0.185128570 -0.288428456 -0.034685675 -0.009211458 -0.043354731 0.998414934
1311870513.080592 0.322044134 -0.182123944 -0.288011879 -0.033250224 -0.008719623 -0.044745270 0.998406827
1311870513.116693 0.315535367 -0.178677619 -0.282662392 -0.031069716 -0.006384681 -0.048058521 0.998340786
1311870513.148876 0.310566247 -0.172886252 -0.281051546 -0.028631115 -0.004638935 -0.051467247 0.998253405
1311870513.180660 0.305016220 -0.166688457 -0.279483855 -0.026855251 -0.003447369 -0.053745057 0.998187542
1311870513.217798 0.296557516 -0.161296248 -0.281270057 -0.025424991 -0.002502379 -0.055556841 0.998128653
1311870513.248768 0.290657520 -0.153247848 -0.276972324 -0.024792384 -0.003270081 -0.056047611 0.998114884
1311870513.280795 0.281110704 -0.147951320 -0.268647432 -0.025600776 -0.004982149 -0.055888623 0.998096287
1311870513.316689 0.276510149 -0.144736826 -0.270335555 -0.026090486 -0.007935338 -0.053874519 0.998175263
1311870513.348727 0.272294730 -0.139539704 -0.267272204 -0.027409025 -0.011172253 -0.052185792 0.998198688
1311870513.380578 0.266200542 -0.135861158 -0.263585299 -0.028372573 -0.014148722 -0.051487327 0.998170257
1311870513.416927 0.257504404 -0.131721377 -0.254426718 -0.029063169 -0.017434757 -0.050623994 0.998142600
1311870513.448685 0.253531128 -0.126845658 -0.249296263 -0.028934570 -0.020699836 -0.049355820 0.998147428
1311870513.480618 0.251989156 -0.121594213 -0.241731539 -0.029658869 -0.022351621 -0.047596231 0.998176038
1311870513.516695 0.247291163 -0.120669745 -0.234874755 -0.031293198 -0.022222269 -0.046046991 0.998201668
1311870513.549145 0.244578630 -0.120042995 -0.225261584 -0.031903870 -0.020423669 -0.046135023 0.998216689
1311870513.580726 0.242746517 -0.119910903 -0.216596588 -0.031879857 -0.016805055 -0.046305284 0.998277068
1311870513.616593 0.237961993 -0.118890099 -0.204767168 -0.031436075 -0.011904870 -0.044367656 0.998449564
1311870513.648886 0.236213312 -0.117033578 -0.206812412 -0.030956443 -0.006816970 -0.041879322 0.998619735
1311870513.680668 0.226722926 -0.116038963 -0.199544013 -0.030921847 -0.002765503 -0.042166069 0.998628199
1311870513.716551 0.221535355 -0.112740450 -0.193233371 -0.030155092 -0.001461579 -0.043065056 0.998616040
1311870513.748940 0.216676995 -0.111683905 -0.188192889 -0.029657422 -0.000482822 -0.042191125 0.998669207
1311870513.780628 0.212779447 -0.110229596 -0.183452025 -0.029472264 0.000069397 -0.041124452 0.998719275
1311870513.817448 0.208816141 -0.108298659 -0.181305036 -0.028858794 0.000297978 -0.040247306 0.998772860
1311870513.848769 0.206696182 -0.108073004 -0.175573811 -0.028532272 0.000849895 -0.038777150 0.998840094
1311870513.880831 0.204091892 -0.105535798 -0.169772133 -0.027786054 0.003077222 -0.037467569 0.998906732
1311870513.916620 0.199780151 -0.103694290 -0.168717653 -0.027831925 0.006564861 -0.037816249 0.998875499
1311870513.948819 0.196481630 -0.100950241 -0.167300537 -0.027959421 0.009285128 -0.039198119 0.998797059
1311870513.981164 0.188409448 -0.096622542 -0.161815166 -0.029128663 0.011288319 -0.039577678 0.998728037
1311870514.016691 0.184222668 -0.094024636 -0.159708634 -0.030220304 0.010481820 -0.039782584 0.998696268
1311870514.048717 0.181258798 -0.092203155 -0.158659384 -0.030684121 0.010309678 -0.040976226 0.998635650
1311870514.080776 0.178108916 -0.091431282 -0.154781044 -0.032017462 0.011591099 -0.040389288 0.998603642
1311870514.116775 0.175805897 -0.087671913 -0.154263243 -0.032976940 0.013623562 -0.039882835 0.998567104
1311870514.148748 0.169863746 -0.084494255 -0.150790945 -0.033816002 0.016163535 -0.041391917 0.998439729
1311870514.181035 0.165788829 -0.081438690 -0.152432799 -0.035008959 0.018244514 -0.042453788 0.998318195
1311870514.216614 0.160743222 -0.078046858 -0.151245862 -0.036744025 0.020173894 -0.042966429 0.998196781
1311870514.248703 0.155500248 -0.074626312 -0.150839716 -0.038723741 0.021395074 -0.043164521 0.998087943
1311870514.280757 0.150114819 -0.072977863 -0.147677526 -0.039880984 0.022219051 -0.042559791 0.998050332
1311870514.316734 0.146021098 -0.068930939 -0.148842007 -0.039688796 0.022568859 -0.042900547 0.998035550
1311870514.348655 0.137198031 -0.062270030 -0.150565162 -0.040465575 0.023276567 -0.042583317 0.998001695
1311870514.380725 0.131854057 -0.055815540 -0.150912091 -0.042386711 0.021875717 -0.040841334 0.998026490
1311870514.416768 0.126891062 -0.049909573 -0.151906952 -0.045579217 0.021090195 -0.039111424 0.997971952
1311870514.449389 0.120332755 -0.046067055 -0.152140081 -0.049448188 0.021984441 -0.036930233 0.997851551
1311870514.480759 0.113920912 -0.041507404 -0.150370076 -0.052623048 0.023728082 -0.032943930 0.997788787
1311870514.516662 0.107437797 -0.039580658 -0.154397935 -0.054298818 0.025239432 -0.029919967 0.997757196
1311870514.548705 0.099990703 -0.037474543 -0.157779172 -0.055070832 0.027743282 -0.028225075 0.997697771
1311870514.580866 0.088680029 -0.033048268 -0.158580333 -0.054836333 0.029860698 -0.027032098 0.997682571
1311870514.616608 0.079737276 -0.031597566 -0.162531316 -0.053956106 0.030725390 -0.025334125 0.997748911
1311870514.649213 0.071645513 -0.028494965 -0.164978817 -0.053085729 0.031212261 -0.023914099 0.997815490
1311870514.680698 0.065882027 -0.026579738 -0.168060884 -0.051998876 0.031994849 -0.021514153 0.997902572
1311870514.716874 0.059500165 -0.023432981 -0.172426179 -0.050493471 0.033777643 -0.018850116 0.997974992
1311870514.748716 0.052108232 -0.019538520 -0.175959140 -0.049709529 0.036863290 -0.016912263 0.997939885
1311870514.780725 0.049055673 -0.015883477 -0.176679850 -0.049420018 0.039746393 -0.015009728 0.997874022
1311870514.816669 0.043884140 -0.013223944 -0.185361162 -0.048789699 0.044181515 -0.012972208 0.997747123
1311870514.848851 0.038138192 -0.008389194 -0.191689342 -0.048865948 0.048321992 -0.012174743 0.997561455
1311870514.880752 0.031562179 -0.005988808 -0.193741098 -0.049486797 0.052380100 -0.010887461 0.997340858
1311870514.917136 0.026047947 -0.002948095 -0.195114568 -0.049268413 0.056747902 -0.010024240 0.997121751
1311870514.948944 0.017860720 0.004228279 -0.199967265 -0.048994314 0.060145665 -0.009943994 0.996936858
1311870514.980839 0.012691114 0.007158600 -0.201892197 -0.050296232 0.061959099 -0.009097780 0.996769071
1311870515.016762 0.008612371 0.010972375 -0.204442322 -0.051575057 0.063513078 -0.007378238 0.996620119
1311870515.049229 0.001864825 0.012208564 -0.209002301 -0.053561267 0.065161467 -0.007970098 0.996404350
1311870515.080871 -0.002867790 0.014871183 -0.207662553 -0.055106401 0.066393130 -0.008666393 0.996232986
1311870515.116742 -0.008402490 0.015484667 -0.205085874 -0.056152780 0.068520762 -0.008003095 0.996035993
1311870515.149061 -0.012510124 0.018864783 -0.208432943 -0.055822577 0.070663042 -0.007285773 0.995910347
1311870515.180825 -0.015967939 0.020895649 -0.208586887 -0.055563454 0.072343268 -0.007107322 0.995805562
1311870515.217051 -0.021868119 0.023010137 -0.208536580 -0.055069014 0.074480504 -0.006233790 0.995681286
1311870515.249086 -0.022969654 0.026558600 -0.214478195 -0.054798719 0.074836902 -0.004064754 0.995680690
1311870515.280873 -0.026726503 0.026865853 -0.213264629 -0.055071022 0.075447962 -0.002879676 0.995623648
1311870515.316924 -0.028692473 0.029761618 -0.214819700 -0.054200161 0.075671241 -0.003231687 0.995653450
1311870515.348984 -0.030776791 0.032877628 -0.213224605 -0.054134123 0.076485746 -0.003195455 0.995594919
1311870515.380828 -0.033925053 0.033012386 -0.212285697 -0.054486580 0.078282714 -0.002282263 0.995438516
1311870515.416977 -0.037440088 0.035664693 -0.210000038 -0.053917035 0.079930805 -0.001049643 0.995340586
1311870515.448730 -0.039707534 0.036917228 -0.209626332 -0.054048069 0.081722930 -0.002297189 0.995185852
1311870515.480677 -0.045259185 0.039584275 -0.204618961 -0.053450342 0.084298842 -0.001100551 0.995005250
1311870515.516884 -0.043777779 0.043506633 -0.201802611 -0.053302940 0.084737860 0.002472526 0.994973421
1311870515.548761 -0.042409267 0.044454385 -0.196369439 -0.053853437 0.086951703 0.007366946 0.994728565
1311870515.580786 -0.046622477 0.048200477 -0.189241156 -0.054010019 0.091181971 0.010943989 0.994308293
1311870515.616782 -0.049570043 0.051446341 -0.181263402 -0.054494377 0.093814656 0.013202856 0.994009495
1311870515.648822 -0.049581222 0.053700708 -0.176230922 -0.055241667 0.095389687 0.016454516 0.993769765
1311870515.681287 -0.049632553 0.058387954 -0.173665270 -0.056530572 0.096365228 0.019359348 0.993550837
1311870515.717139 -0.046914071 0.059321120 -0.165986851 -0.059197806 0.098588780 0.020932343 0.993145347
1311870515.748708 -0.048202932 0.059117492 -0.156580865 -0.059458990 0.103157587 0.021946583 0.992643654
1311870515.780993 -0.049938861 0.060485493 -0.153426051 -0.058195956 0.107794546 0.023252772 0.992195964
1311870515.816887 -0.051100403 0.064367086 -0.149360597 -0.056619264 0.111689873 0.023870464 0.991841614
1311870515.848866 -0.051829595 0.064289317 -0.144095540 -0.056197289 0.115105540 0.023724210 0.991478562
1311870515.881091 -0.054601982 0.069029301 -0.138906628 -0.054370932 0.118874200 0.023192937 0.991148233
1311870515.916993 -0.057821378 0.073975436 -0.134177700 -0.054286387 0.121331446 0.020073766 0.990923166
1311870515.949225 -0.061056592 0.074537121 -0.130310476 -0.055888522 0.122104168 0.014566166 0.990835428
1311870515.980823 -0.064240545 0.079388767 -0.124705464 -0.056093454 0.122300267 0.009829858 0.990858018
1311870516.017108 -0.068043835 0.080656253 -0.121003188 -0.056734245 0.122893721 0.006893910 0.990772843
1311870516.048597 -0.071210444 0.083438314 -0.113938272 -0.056210928 0.122730739 0.003759901 0.990839720
1311870516.080984 -0.072891884 0.084727399 -0.110219628 -0.056636568 0.122698158 0.000451808 0.990826547
1311870516.117447 -0.071968168 0.084719867 -0.104902908 -0.056840334 0.124667011 0.000683467 0.990568936
1311870516.148896 -0.072520025 0.086375810 -0.100731723 -0.054261394 0.128171563 0.003129587 0.990261555
1311870516.180811 -0.075509913 0.091154888 -0.101614490 -0.052994948 0.131299481 0.002720515 0.989921510
1311870516.217019 -0.075578935 0.093101546 -0.101944029 -0.052209757 0.133451164 0.004224475 0.989670157
1311870516.249677 -0.076886326 0.093829557 -0.100120723 -0.051076859 0.135826632 0.006096224 0.989396334
1311870516.280715 -0.079076901 0.097672611 -0.101278447 -0.050910305 0.137999579 0.006721821 0.989100099
1311870516.317211 -0.081272677 0.098593116 -0.100185037 -0.051323254 0.139227092 0.006133568 0.988910556
1311870516.348809 -0.084327973 0.099970289 -0.096257329 -0.050136179 0.141257584 0.005403585 0.988687754
1311870516.380720 -0.088112742 0.102869526 -0.094882131 -0.049589325 0.143281981 0.002978831 0.988434315
1311870516.416952 -0.089655228 0.104672320 -0.094650492 -0.050729372 0.145489216 0.000357049 0.988058329
1311870516.448748 -0.094717592 0.107498296 -0.097304054 -0.051638037 0.148987010 -0.000787277 0.987489641
1311870516.480805 -0.096297450 0.114418834 -0.097734064 -0.053150531 0.150598779 -0.000208480 0.987165093
1311870516.516852 -0.101299703 0.119193524 -0.094682969 -0.056444537 0.152190387 0.000993739 0.986737609
1311870516.549071 -0.105019800 0.122879438 -0.096498959 -0.060786691 0.152920455 0.001979547 0.986365259
1311870516.581144 -0.107355371 0.125800043 -0.096736692 -0.064480573 0.154915780 0.001725299 0.985819638
1311870516.616924 -0.113254212 0.131893620 -0.099476121 -0.066967763 0.157696769 0.002875627 0.985210001
1311870516.648987 -0.121209599 0.128874794 -0.097117290 -0.071712062 0.159513295 0.001528594 0.984586477
1311870516.680804 -0.125365019 0.135105580 -0.098493353 -0.072053216 0.159515455 0.003347115 0.984556735
1311870516.716713 -0.132295623 0.134802148 -0.100495145 -0.074123196 0.160655752 0.003735709 0.984216213
1311870516.748807 -0.135413036 0.136264712 -0.102869086 -0.075266898 0.161685467 0.005944950 0.983949900
1311870516.780766 -0.144280583 0.135881826 -0.105948366 -0.075802550 0.164221019 0.007580544 0.983477473
1311870516.817369 -0.149586856 0.136291459 -0.108357251 -0.076200135 0.165390924 0.011322079 0.983214736
1311870516.848747 -0.155311853 0.137843922 -0.113170289 -0.075748004 0.166462541 0.014481324 0.983027339
1311870516.880949 -0.163423717 0.135972872 -0.117225073 -0.075257681 0.167831689 0.015905984 0.982810140
1311870516.916808 -0.171340093 0.135801926 -0.120616682 -0.074178085 0.169059426 0.016979927 0.982663810
1311870516.949269 -0.178797841 0.137828261 -0.126083896 -0.072949715 0.169675589 0.019265905 0.982607424
1311870516.980822 -0.187374264 0.138225853 -0.130502820 -0.071594857 0.170770124 0.018928617 0.982524037
1311870517.016940 -0.194775894 0.141626105 -0.133441463 -0.071381390 0.171154737 0.021897411 0.982410908
1311870517.048730 -0.203366861 0.142319098 -0.135864228 -0.072632231 0.170155585 0.026826143 0.982370615
1311870517.080915 -0.210493147 0.144700512 -0.143123358 -0.072633870 0.168650910 0.030811936 0.982513011
1311870517.117578 -0.218853518 0.143911004 -0.149082124 -0.072842814 0.168245718 0.032419387 0.982515275
1311870517.148913 -0.226713642 0.142406687 -0.154241413 -0.073360696 0.168781862 0.031939905 0.982400477
1311870517.180897 -0.234409556 0.144194335 -0.156394899 -0.072911561 0.169710681 0.032380190 0.982259452
1311870517.216791 -0.239980623 0.148845062 -0.160037100 -0.072011217 0.169570342 0.032462444 0.982347429
1311870517.248937 -0.247159183 0.149839804 -0.165303439 -0.072448663 0.170400754 0.030587781 0.982231736
1311870517.280881 -0.254314333 0.150199607 -0.170236215 -0.073867425 0.172311783 0.029282821 0.981832325
1311870517.316941 -0.259760857 0.151899517 -0.166597977 -0.074491188 0.173780516 0.028340604 0.981553972
1311870517.349257 -0.263027161 0.155689940 -0.172500983 -0.074110463 0.173253298 0.028449723 0.981672823
1311870517.385883 -0.268182576 0.154673040 -0.176226825 -0.074770316 0.173798829 0.027123358 0.981563926
1311870517.417034 -0.273619711 0.156473145 -0.174302608 -0.074462272 0.175792977 0.026644919 0.981245279
1311870517.448895 -0.278008342 0.159246460 -0.176694706 -0.073385224 0.176711634 0.027711274 0.981131852
1311870517.484795 -0.281408817 0.158150896 -0.178895548 -0.073455229 0.177023545 0.027166326 0.981085598
1311870517.523738 -0.283546358 0.157451227 -0.180800751 -0.074121341 0.177164137 0.025742456 0.981048524
1311870517.549778 -0.285412461 0.159036383 -0.179516003 -0.073516890 0.178104952 0.023415811 0.980981946
1311870517.584888 -0.287682742 0.160616457 -0.180751562 -0.073098220 0.179860190 0.021546034 0.980735779
1311870517.618659 -0.288748890 0.160663441 -0.179555744 -0.073118180 0.181610554 0.020563051 0.980432808
1311870517.648922 -0.292664498 0.160528541 -0.175465614 -0.073908031 0.183719859 0.021409238 0.979962349
1311870517.684853 -0.293083251 0.160084307 -0.174234718 -0.074547775 0.184426799 0.022218548 0.979763091
1311870517.716957 -0.295959353 0.161663398 -0.176144749 -0.075163193 0.185598150 0.023246767 0.979470968
1311870517.749021 -0.297881216 0.162099108 -0.172847867 -0.076421216 0.186635464 0.024211869 0.979153097
1311870517.786038 -0.301633775 0.160484090 -0.168395042 -0.077789083 0.188023001 0.023838291 0.978789032
1311870517.816955 -0.300665051 0.160167888 -0.163911656 -0.078263134 0.187556416 0.023480400 0.978849411
1311870517.848849 -0.301216513 0.159741536 -0.159371063 -0.078765884 0.187510103 0.024364227 0.978796303
1311870517.884894 -0.304064333 0.160558134 -0.151510462 -0.078536935 0.187593356 0.025083166 0.978780627
1311870517.916815 -0.303433329 0.157943636 -0.147630408 -0.080616795 0.186268806 0.025472157 0.978854477
1311870517.948937 -0.304898620 0.157555401 -0.140421405 -0.081683889 0.186128259 0.026728854 0.978759229
1311870517.984866 -0.305478573 0.153025702 -0.135750636 -0.082549036 0.186166793 0.028126990 0.978640079
1311870518.016692 -0.306921661 0.149923205 -0.129394665 -0.083033286 0.186362073 0.029939787 0.978508174
1311870518.048901 -0.308297306 0.150599986 -0.120159790 -0.082126819 0.185573831 0.032557677 0.978650868
1311870518.084929 -0.307064354 0.147461802 -0.115451500 -0.081915222 0.184292048 0.034306064 0.978851080
1311870518.116926 -0.307129562 0.145227164 -0.110707223 -0.081791855 0.184918299 0.034709159 0.978729069
1311870518.148942 -0.307499051 0.140971005 -0.108738981 -0.082372792 0.186318114 0.034571007 0.978419721
1311870518.184855 -0.306986719 0.138212636 -0.102652282 -0.082608603 0.187275127 0.033618681 0.978250265
1311870518.216804 -0.306311041 0.133926988 -0.097102888 -0.082655564 0.188622534 0.032972500 0.978009403
1311870518.248863 -0.303573877 0.136096001 -0.091042429 -0.081372216 0.190353960 0.032468516 0.977798402
1311870518.284884 -0.302144140 0.131286561 -0.085547395 -0.081004359 0.192952663 0.033392854 0.977288306
1311870518.317116 -0.301227063 0.131891996 -0.079062060 -0.079209857 0.195365235 0.035524998 0.976880848
1311870518.348887 -0.303196043 0.129834577 -0.076712042 -0.079244144 0.197525129 0.036712110 0.976399720
1311870518.385605 -0.304019690 0.126660585 -0.072414570 -0.080338724 0.198571756 0.036633715 0.976100862
1311870518.417149 -0.304979086 0.123301335 -0.067582831 -0.080810569 0.198581859 0.035481844 0.976102412
1311870518.448787 -0.304788828 0.125288531 -0.064287417 -0.078611329 0.198994383 0.031723354 0.976327360
1311870518.484955 -0.304478526 0.125378251 -0.063538030 -0.077442102 0.200790972 0.028518651 0.976151824
1311870518.516903 -0.305139333 0.127254292 -0.061886869 -0.077803083 0.203613937 0.027932405 0.975555122
1311870518.549524 -0.306915849 0.129354268 -0.058755290 -0.079203762 0.205095187 0.030010849 0.975070298
1311870518.586884 -0.310200632 0.126647428 -0.055135194 -0.081565782 0.206246436 0.031197684 0.974595368
1311870518.616963 -0.309554189 0.125119731 -0.056227531 -0.082411557 0.206707612 0.033450969 0.974351764
1311870518.649051 -0.312891513 0.125767976 -0.054661468 -0.082972869 0.208546817 0.036147915 0.973815739
1311870518.684945 -0.313186556 0.126284897 -0.051807880 -0.083364792 0.209798858 0.038272005 0.973432064
1311870518.717002 -0.317389369 0.128738776 -0.050540816 -0.083055601 0.212698027 0.038678646 0.972813070
1311870518.748852 -0.318508297 0.128582612 -0.049167361 -0.083816551 0.214978203 0.039943725 0.972195268
1311870518.791123 -0.323479384 0.128152460 -0.048006557 -0.083597146 0.217029229 0.041136730 0.971708596
1311870518.816898 -0.330455780 0.125417545 -0.053893883 -0.083958402 0.218560860 0.042552080 0.971273124
1311870518.848913 -0.332406223 0.128451422 -0.053513885 -0.083012983 0.219923228 0.043855283 0.970988810
1311870518.884981 -0.342511654 0.126256570 -0.053388581 -0.082443520 0.224432319 0.044962525 0.969954431
1311870518.916862 -0.348184675 0.125928149 -0.056183647 -0.081150807 0.227006674 0.046269048 0.969402730
1311870518.949027 -0.355341285 0.127105013 -0.058930647 -0.080034368 0.229814768 0.048092037 0.968744993
1311870518.984982 -0.361595124 0.127929226 -0.060744505 -0.078933604 0.232295752 0.051609788 0.968062282
1311870519.017077 -0.369229734 0.130552039 -0.066135824 -0.077879727 0.234371871 0.054188631 0.967506170
1311870519.049840 -0.377662152 0.131177500 -0.068849482 -0.079418324 0.237430245 0.056847598 0.966482282
1311870519.084921 -0.384720057 0.132205829 -0.069764055 -0.080747321 0.240108535 0.060304165 0.965500474
1311870519.117024 -0.395340472 0.134479225 -0.072045900 -0.081075959 0.242998183 0.062127881 0.964634001
1311870519.149934 -0.401423246 0.137477085 -0.074740529 -0.080530107 0.244901344 0.063282654 0.964123189
1311870519.184993 -0.409374863 0.140201911 -0.077683613 -0.080749437 0.246365637 0.066060312 0.963545263
1311870519.216985 -0.418938786 0.139143139 -0.078492664 -0.081896342 0.247473225 0.066983268 0.963100851
1311870519.251968 -0.427131414 0.140453026 -0.083776377 -0.082190335 0.248636857 0.068894856 0.962641120
1311870519.285449 -0.432899177 0.140075549 -0.083241202 -0.082590349 0.250470817 0.071207412 0.961962938
1311870519.317000 -0.443092853 0.141313821 -0.085288711 -0.082474031 0.252439976 0.072314374 0.961375415
1311870519.352072 -0.450563669 0.143958077 -0.085385889 -0.082746036 0.253152817 0.072984733 0.961113930
1311870519.385668 -0.456934392 0.142100364 -0.088556536 -0.083156273 0.254491806 0.074987985 0.960570514
1311870519.417023 -0.470062107 0.142933980 -0.090731099 -0.082996242 0.257590830 0.075559363 0.959713161
1311870519.452771 -0.474666268 0.141885504 -0.091984227 -0.083009593 0.259116650 0.075949043 0.959270418
1311870519.485733 -0.482991219 0.144637391 -0.092575535 -0.082571447 0.262141943 0.077143736 0.958390534
1311870519.517127 -0.489146233 0.146461144 -0.094841711 -0.083081663 0.263456553 0.079991601 0.957752287
1311870519.551772 -0.495243788 0.149255648 -0.098475866 -0.083504558 0.263718516 0.081414245 0.957523525
1311870519.585163 -0.500142217 0.150963753 -0.099301808 -0.085835129 0.264386058 0.081949726 0.957087576
1311870519.616985 -0.504732490 0.155385822 -0.097800210 -0.087174669 0.265391827 0.083928645 0.956516504
1311870519.653136 -0.511727512 0.155887902 -0.096957050 -0.089222185 0.265906483 0.083125688 0.956254840
1311870519.684937 -0.516484439 0.156789050 -0.097506754 -0.091797195 0.266096741 0.081892051 0.956064582
1311870519.716946 -0.522594452 0.157985657 -0.094273522 -0.093476981 0.267793864 0.080913499 0.955511153
1311870519.750489 -0.527797341 0.158916146 -0.092481092 -0.094081119 0.268790781 0.079701424 0.955273747
1311870519.784901 -0.528148293 0.159524783 -0.094612524 -0.094036393 0.268376887 0.078046374 0.955531180
1311870519.817010 -0.533587098 0.158519909 -0.094849251 -0.094061770 0.270849824 0.076126382 0.954985619
1311870519.851306 -0.536247849 0.158002049 -0.103936374 -0.095727719 0.274802476 0.074135475 0.953846812
1311870519.884968 -0.537929654 0.154696405 -0.096070275 -0.096738204 0.282619208 0.074044488 0.951464891
1311870519.917266 -0.540054619 0.161200240 -0.092071436 -0.093495235 0.286520362 0.079062141 0.950217783
1311870519.952668 -0.545335412 0.163200915 -0.090568908 -0.093901634 0.286807150 0.083210841 0.949736834
1311870519.985059 -0.544124901 0.164281219 -0.089571118 -0.096103929 0.284348428 0.086070821 0.950000942
1311870520.016963 -0.545524120 0.161473736 -0.089077227 -0.099046111 0.283782303 0.086345524 0.949843109
1311870520.053141 -0.546448529 0.164139211 -0.080678254 -0.099482507 0.284478039 0.087547749 0.949479282
1311870520.084858 -0.547482431 0.162587672 -0.077523082 -0.101222135 0.284880847 0.087883882 0.949143529
1311870520.116996 -0.549689472 0.161217198 -0.073326513 -0.102426209 0.286001325 0.088458635 0.948623836
1311870520.150022 -0.551700175 0.163927868 -0.070804439 -0.102768585 0.286446601 0.088578396 0.948441267
1311870520.185705 -0.552217305 0.160369933 -0.068518057 -0.104131863 0.286044002 0.088270001 0.948442817
1311870520.217057 -0.553205788 0.163470805 -0.062334757 -0.104007177 0.286372244 0.088426888 0.948342800
1311870520.250180 -0.554721951 0.164669394 -0.053332500 -0.103934579 0.287103981 0.089317039 0.948046088
1311870520.285839 -0.554620743 0.165303454 -0.047320586 -0.103549279 0.286120474 0.090590149 0.948264778
1311870520.317888 -0.555019021 0.162506640 -0.044379152 -0.104656003 0.285552651 0.091542721 0.948222935
1311870520.354406 -0.554671407 0.160915211 -0.040850688 -0.105407029 0.285068005 0.093035690 0.948140264
1311870520.384950 -0.559797764 0.160249576 -0.036743429 -0.106359094 0.286886007 0.093912020 0.947398901
1311870520.421786 -0.558207810 0.157891050 -0.029855192 -0.108623587 0.287494302 0.095659651 0.946782529
1311870520.451179 -0.557997286 0.157887429 -0.021138068 -0.108665429 0.288085163 0.097837634 0.946375489
1311870520.485176 -0.553998232 0.158270746 -0.017176351 -0.107369497 0.287328750 0.100975022 0.946423829
1311870520.517498 -0.553351760 0.155209377 -0.014196885 -0.108388193 0.289163530 0.103553198 0.945469797
1311870520.552145 -0.550364316 0.159591734 -0.003216017 -0.108133376 0.291517526 0.105548896 0.944554985
1311870520.584912 -0.548908293 0.158026248 0.003388397 -0.107459866 0.293362528 0.104732662 0.944151402
1311870520.617214 -0.546715558 0.152459994 0.005078864 -0.107246935 0.295421153 0.104078345 0.943605900
1311870520.650283 -0.545979083 0.147522807 0.013024587 -0.106088616 0.299620986 0.102702245 0.942562819
1311870520.685030 -0.547226906 0.145246133 0.017493529 -0.104787186 0.302593857 0.102865756 0.941740572
1311870520.720361 -0.548979342 0.145528018 0.022678869 -0.103743836 0.303562045 0.103450269 0.941480398
1311870520.749570 -0.548225522 0.146018684 0.029327789 -0.103530459 0.303163350 0.104375251 0.941530287
1311870520.785066 -0.547087193 0.144938052 0.034883499 -0.103769794 0.302523583 0.105146348 0.941623926
1311870520.817755 -0.549425364 0.144068152 0.038738541 -0.104006402 0.302094817 0.105131909 0.941737056
1311870520.850972 -0.549082279 0.145465434 0.046177704 -0.104354113 0.301031470 0.104254723 0.942136526
1311870520.884996 -0.549193680 0.141079873 0.048625108 -0.106005475 0.299596190 0.104506329 0.942381799
1311870520.918471 -0.549719334 0.138777062 0.052848957 -0.107122734 0.299691737 0.103846505 0.942297995
1311870520.949392 -0.550170600 0.135341197 0.056933198 -0.108364828 0.300603956 0.104507729 0.941792190
1311870520.985090 -0.551590025 0.133561283 0.063170835 -0.108493246 0.301410943 0.105032057 0.941461086
1311870521.017445 -0.554197013 0.132806689 0.065843530 -0.107284553 0.301537097 0.106446899 0.941400290
1311870521.051337 -0.552903593 0.128720388 0.067934155 -0.107509494 0.301426202 0.106160104 0.941442490
1311870521.085046 -0.552887738 0.126893550 0.069386348 -0.106162876 0.302749425 0.107147187 0.941058815
1311870521.118649 -0.554954410 0.125315666 0.075089596 -0.105285063 0.305065066 0.108527936 0.940251052
1311870521.152391 -0.556655705 0.123793505 0.075721987 -0.104485027 0.306714803 0.110179469 0.939611316
1311870521.185010 -0.559095144 0.123398677 0.078101747 -0.104193605 0.308830470 0.111620307 0.938780248
1311870521.220198 -0.559684455 0.122140758 0.077600807 -0.104533978 0.310814112 0.113723487 0.937834859
1311870521.250068 -0.561114550 0.118901588 0.085380726 -0.105307274 0.315477759 0.114151709 0.936137557
1311870521.285069 -0.562591255 0.115900733 0.088719562 -0.104228392 0.322657287 0.113561250 0.933880389
1311870521.321107 -0.565398335 0.117997952 0.090007253 -0.101130962 0.330129892 0.114751540 0.931460619
1311870521.349914 -0.570290506 0.119381674 0.093534656 -0.099296063 0.334409505 0.117733754 0.929757655
1311870521.385056 -0.575711071 0.118069679 0.093301229 -0.099561468 0.335723698 0.120575115 0.928891182
1311870521.418191 -0.578843713 0.115244076 0.098424457 -0.100627318 0.337553412 0.122753508 0.927827239
1311870521.451020 -0.586422563 0.113305598 0.099571638 -0.101038747 0.341572464 0.125346795 0.925963104
1311870521.485101 -0.592664838 0.110266387 0.105907716 -0.101392888 0.346151441 0.128379673 0.923805892
1311870521.518793 -0.600929797 0.109457374 0.112299249 -0.099652119 0.349792361 0.131370619 0.922201991
1311870521.550328 -0.605741799 0.107468367 0.114882179 -0.096513346 0.351950824 0.133436650 0.921417654
1311870521.589723 -0.612134933 0.104205035 0.115154386 -0.093320787 0.354902506 0.135073215 0.920375288
1311870521.618815 -0.620853305 0.102379687 0.114974141 -0.091270685 0.360216856 0.138801962 0.917958319
1311870521.653703 -0.627681434 0.101679347 0.118550189 -0.090409026 0.364952385 0.144382581 0.915308475
1311870521.686096 -0.632824242 0.102048114 0.119919240 -0.088397928 0.368324578 0.151252031 0.913042009
1311870521.720829 -0.639461577 0.100514695 0.123043470 -0.087052010 0.371896923 0.156556383 0.910826385
1311870521.751009 -0.646609306 0.098800495 0.126033023 -0.086372308 0.374993414 0.160061657 0.909010470
1311870521.786592 -0.653174460 0.097766250 0.128040224 -0.086330660 0.377749443 0.161682516 0.907585323
1311870521.822012 -0.660923123 0.097096324 0.130359873 -0.086328298 0.380401969 0.164161131 0.906031370
1311870521.851559 -0.668672085 0.095379233 0.132724464 -0.086787380 0.383302003 0.165137649 0.904586673
1311870521.885620 -0.676831305 0.089884348 0.137502417 -0.088351525 0.386796087 0.166416049 0.902711749
1311870521.917848 -0.682088256 0.087184004 0.142611980 -0.088740781 0.389853328 0.168160751 0.901033521
1311870521.950099 -0.688264012 0.086811282 0.143120795 -0.087827124 0.392537147 0.170084953 0.899595499
1311870521.986235 -0.696282089 0.088143103 0.146280780 -0.087376818 0.396126688 0.171804518 0.897737265
1311870522.018390 -0.700453997 0.088061079 0.150895193 -0.087903820 0.398674488 0.174218982 0.896091163
1311870522.050693 -0.705236018 0.088060617 0.152084023 -0.088053346 0.400509059 0.175927907 0.894923747
1311870522.086425 -0.710902929 0.089485563 0.154808909 -0.087868422 0.403295517 0.177841902 0.893310785
1311870522.118618 -0.714776814 0.087941132 0.158161327 -0.087826937 0.405826867 0.179484531 0.891838729
1311870522.150721 -0.719614506 0.087977372 0.158629924 -0.088003516 0.407423228 0.180255115 0.890937626
1311870522.189104 -0.721190691 0.089531302 0.162809759 -0.088788696 0.409033954 0.181444153 0.889879644
1311870522.218590 -0.726341605 0.086982802 0.167117745 -0.090915032 0.411277652 0.180780083 0.888765275
1311870522.250422 -0.728726566 0.087047562 0.170808300 -0.091175683 0.412196815 0.180529863 0.888363540
1311870522.285838 -0.733369529 0.085821152 0.177308366 -0.091569968 0.414161921 0.180071354 0.887501657
1311870522.318002 -0.733249187 0.085081473 0.182495013 -0.091470405 0.415030003 0.180596933 0.886999488
1311870522.351073 -0.736114025 0.081883848 0.186546266 -0.091183506 0.415877700 0.181997925 0.886345327
1311870522.387638 -0.737617314 0.081057385 0.192824617 -0.091748454 0.416170031 0.181697741 0.886211395
1311870522.417416 -0.738579690 0.079621799 0.199271560 -0.092424788 0.417306036 0.181370750 0.885673761
1311870522.450329 -0.740704656 0.077385053 0.205651343 -0.092349894 0.418726444 0.181465983 0.884991407
1311870522.487260 -0.739654183 0.076358572 0.214415237 -0.092046805 0.419611543 0.180790439 0.884741962
1311870522.517400 -0.741752744 0.072716914 0.219127640 -0.091134347 0.420086771 0.182010084 0.884360790
1311870522.550252 -0.742534816 0.072674498 0.225630790 -0.089751333 0.419782162 0.183477908 0.884343565
1311870522.587317 -0.742858768 0.070233464 0.234699368 -0.089035079 0.419479191 0.184508145 0.884345353
1311870522.619163 -0.739797115 0.069115698 0.242450461 -0.087191619 0.418726563 0.185681388 0.884640098
1311870522.649388 -0.740210712 0.064754531 0.250467271 -0.085907415 0.419583976 0.186578855 0.884170532
1311870522.687298 -0.741244018 0.064171851 0.257766098 -0.086009704 0.419986367 0.187338889 0.883808792
1311870522.718394 -0.740382075 0.060381640 0.265452892 -0.087004066 0.419589460 0.189746469 0.883386254
1311870522.749406 -0.738512158 0.055464897 0.273734808 -0.087304518 0.419223428 0.190420941 0.883385241
1311870522.788502 -0.737497270 0.051125534 0.282603085 -0.087334454 0.420222044 0.190547496 0.882880390
1311870522.817483 -0.736592472 0.047268722 0.289545208 -0.086216673 0.421510786 0.190425828 0.882402003
1311870522.849243 -0.736367047 0.043799024 0.295966715 -0.085670747 0.422955453 0.190191463 0.881814241
1311870522.886229 -0.735792518 0.040270619 0.302575976 -0.085311450 0.424014211 0.190932766 0.881180227
1311870522.918267 -0.735072613 0.037465405 0.311976165 -0.084368162 0.424601674 0.192327663 0.880684674
1311870522.949363 -0.733175635 0.034129381 0.319298446 -0.084180012 0.423997700 0.192327738 0.880993605
1311870522.988539 -0.731447816 0.029272044 0.323243052 -0.084499441 0.423680544 0.194097310 0.880727470
1311870523.018171 -0.728783786 0.027730573 0.333881855 -0.083376832 0.423860431 0.196174219 0.880287647
1311870523.049325 -0.728264093 0.024970101 0.342451930 -0.082952447 0.423825204 0.196214244 0.880335748
1311870523.086359 -0.729021847 0.021782646 0.345978767 -0.083787613 0.424258500 0.194407225 0.880448878
1311870523.118084 -0.728006244 0.018942233 0.353479415 -0.085011959 0.425447375 0.193713039 0.879910648
1311870523.149386 -0.729172826 0.018311035 0.359144956 -0.085245922 0.426796168 0.193635613 0.879251659
1311870523.187203 -0.730015874 0.018644333 0.366027474 -0.086134203 0.427676439 0.194589272 0.878526449
1311870523.219284 -0.731464505 0.015741272 0.374077886 -0.088330857 0.428935766 0.195274860 0.877541721
1311870523.249223 -0.732727587 0.013706074 0.377923489 -0.088921681 0.428506702 0.195766896 0.877582073
1311870523.285851 -0.734497130 0.011806308 0.383870691 -0.088541321 0.428154528 0.195508882 0.877849877
1311870523.317780 -0.738038182 0.008405783 0.388011217 -0.088485613 0.428468466 0.194962323 0.877823889
1311870523.349133 -0.738922238 0.004590981 0.392215103 -0.088529065 0.428940028 0.194764674 0.877633095
1311870523.385396 -0.744486868 0.001225377 0.394749880 -0.087893553 0.430543929 0.193954200 0.877090871
1311870523.418510 -0.748708725 0.000105409 0.399664670 -0.086745001 0.432878286 0.195397541 0.875734806
1311870523.449206 -0.753744602 -0.001399797 0.400285184 -0.085322917 0.435312957 0.197622865 0.874166906
1311870523.485699 -0.760095596 -0.001297771 0.402097672 -0.084802449 0.437950611 0.200433090 0.872258186
1311870523.518696 -0.764598489 -0.002919137 0.404937685 -0.086429596 0.440634996 0.202304274 0.870312393
1311870523.549243 -0.770098150 -0.004486085 0.408443183 -0.087274879 0.443578631 0.204220682 0.868282795
1311870523.585986 -0.773939729 -0.007203079 0.412618011 -0.087973729 0.446211040 0.205459192 0.866569579
1311870523.618533 -0.780902028 -0.008475741 0.414235234 -0.087038182 0.449238807 0.206662029 0.864811897
1311870523.649474 -0.789144397 -0.009567070 0.415130168 -0.085480206 0.452427685 0.209054902 0.862727284
1311870523.686718 -0.796194434 -0.012634152 0.418389589 -0.084640935 0.455667615 0.211614892 0.860477805
1311870523.718226 -0.802933395 -0.011779064 0.422093809 -0.083235867 0.458345950 0.214912489 0.858372569
1311870523.749498 -0.810945868 -0.013317736 0.426070809 -0.082725018 0.460575730 0.217942178 0.856462359
1311870523.787662 -0.816324532 -0.014566693 0.428133994 -0.082511321 0.462169141 0.220649689 0.854930043
1311870523.818614 -0.825753033 -0.015093329 0.430542707 -0.081577070 0.464791179 0.222870842 0.853019893
1311870523.849265 -0.833008766 -0.017032010 0.434318930 -0.081275493 0.466813982 0.224665582 0.851471901
1311870523.886463 -0.841649294 -0.018128140 0.434167355 -0.080540210 0.468164593 0.226364970 0.850349367
1311870523.918332 -0.850270510 -0.019381562 0.438460469 -0.080423824 0.470245868 0.227055773 0.849026799
1311870523.949283 -0.857966065 -0.021654561 0.440774351 -0.081432693 0.471326023 0.227130130 0.848311484
1311870523.986069 -0.865565360 -0.022057461 0.445840240 -0.082664467 0.473421484 0.226017401 0.847322166
1311870524.017326 -0.873357415 -0.020746624 0.447604030 -0.083016559 0.475310355 0.226568714 0.846082091
1311870524.049414 -0.879549980 -0.022048244 0.450211555 -0.083334908 0.476996273 0.227799535 0.844770491
1311870524.086354 -0.887533367 -0.021960098 0.451795578 -0.082868077 0.478483021 0.229229942 0.843587875
1311870524.117218 -0.894381464 -0.022964524 0.450641513 -0.082462467 0.479535222 0.230686024 0.842632711
1311870524.149472 -0.899903119 -0.024026886 0.455273926 -0.082817629 0.481729954 0.230798423 0.841314197
1311870524.187907 -0.907088101 -0.023456721 0.457667887 -0.082231544 0.483703107 0.231296003 0.840102017
1311870524.217310 -0.914300263 -0.025180012 0.460125536 -0.082555324 0.484961152 0.231510907 0.839285433
1311870524.249450 -0.921745062 -0.026398163 0.462220788 -0.083689310 0.485969365 0.230794340 0.838787138
1311870524.286853 -0.927347481 -0.025741532 0.467285126 -0.084387079 0.487566352 0.229285657 0.838204026
1311870524.317431 -0.931024969 -0.027483527 0.470536917 -0.085297808 0.488581687 0.228582069 0.837712646
1311870524.349372 -0.936915994 -0.026803501 0.469781309 -0.085305884 0.489171684 0.227996901 0.837526917
1311870524.385411 -0.941394448 -0.027598038 0.473982185 -0.084932886 0.490646482 0.227438241 0.836853802
1311870524.417294 -0.945412755 -0.029420553 0.475345314 -0.084268600 0.491293848 0.226754352 0.836726725
1311870524.449394 -0.949872792 -0.030173110 0.476440221 -0.083886459 0.491672963 0.224642619 0.837111950
1311870524.488312 -0.953468740 -0.031233951 0.475485802 -0.083309218 0.491773963 0.224171162 0.837236643
1311870524.517401 -0.957423925 -0.031660296 0.477014989 -0.082528211 0.492393315 0.223565891 0.837111831
1311870524.549410 -0.959858537 -0.031336792 0.478935003 -0.081808157 0.492948472 0.222152084 0.837232172
1311870524.587095 -0.962516725 -0.032708988 0.481226057 -0.082496017 0.493654966 0.221876353 0.836821377
1311870524.617332 -0.964880466 -0.034867994 0.485372186 -0.083536811 0.494316816 0.223573551 0.835875213
1311870524.649477 -0.962530196 -0.035963848 0.490811348 -0.084029734 0.494454414 0.224895477 0.835389614
1311870524.686391 -0.963893712 -0.038199797 0.495157838 -0.084489390 0.495253623 0.224740967 0.834911287
1311870524.717336 -0.963279963 -0.039101891 0.499094576 -0.083733261 0.495591253 0.225178599 0.834669173
1311870524.749436 -0.964479864 -0.042335305 0.505131006 -0.082881823 0.495704710 0.225438744 0.834616542
1311870524.785717 -0.963921905 -0.042775091 0.511376858 -0.081178300 0.494281411 0.225555018 0.835596144
1311870524.817299 -0.964187026 -0.044710420 0.519174337 -0.081149206 0.493196338 0.224817812 0.836438358
1311870524.849324 -0.964000285 -0.045621358 0.523324907 -0.079991356 0.491183072 0.225371763 0.837584674
1311870524.887434 -0.963582158 -0.045974176 0.528705895 -0.079330102 0.488993466 0.225709960 0.838836730
1311870524.917322 -0.963149846 -0.048649810 0.535363972 -0.079392679 0.487215936 0.225911230 0.839810431
1311870524.949450 -0.965872765 -0.048262503 0.536132395 -0.080282167 0.484822989 0.227009788 0.840813875
1311870524.986189 -0.962163091 -0.047314558 0.543818295 -0.083831981 0.483676940 0.228941768 0.840603650
1311870525.017647 -0.958022654 -0.048753619 0.551616788 -0.086051218 0.482502908 0.230961919 0.840501487
1311870525.049303 -0.956222534 -0.052612890 0.557344437 -0.087418161 0.482012272 0.232081711 0.840333462
1311870525.088620 -0.950887680 -0.053446509 0.561540842 -0.088035978 0.480688125 0.234211192 0.840436637
1311870525.117394 -0.947953999 -0.056210086 0.570086956 -0.088485233 0.479734272 0.236910582 0.840177834
1311870525.149339 -0.944498360 -0.057596307 0.576201499 -0.088598527 0.478185475 0.237797111 0.840798140
1311870525.185688 -0.941917837 -0.064155340 0.578248084 -0.089092210 0.477910161 0.236988455 0.841130733
1311870525.217352 -0.936976492 -0.070325658 0.583609641 -0.088497117 0.478950202 0.235918999 0.840902567
1311870525.249330 -0.934168398 -0.069207214 0.584613979 -0.084365204 0.479592443 0.236524060 0.840791225
1311870525.285313 -0.932899058 -0.071913779 0.590560555 -0.082534768 0.480006099 0.238679051 0.840127647
1311870525.317479 -0.929725826 -0.075816631 0.594452441 -0.082074322 0.479040265 0.239779338 0.840410650
1311870525.349313 -0.926095665 -0.078265533 0.597985446 -0.081443071 0.478775620 0.241042823 0.840261400
1311870525.385471 -0.923816383 -0.079491928 0.601242959 -0.080389284 0.479273051 0.242899358 0.839544415
1311870525.417354 -0.921324492 -0.079136364 0.604847848 -0.079838388 0.479271144 0.243936762 0.839297235
1311870525.449789 -0.918642998 -0.078712210 0.605593741 -0.080076665 0.477934092 0.244444430 0.839889050
1311870525.485285 -0.917015135 -0.080260880 0.609641492 -0.081674933 0.478121936 0.244284615 0.839674711
1311870525.517329 -0.914771020 -0.081655636 0.614437997 -0.083037138 0.479037702 0.244076714 0.839079440
1311870525.549437 -0.913192034 -0.081331618 0.616451263 -0.083253264 0.479327232 0.243683532 0.839006901
1311870525.585463 -0.911457062 -0.080864049 0.617524147 -0.084536664 0.479732931 0.243236333 0.838776469
1311870525.617355 -0.911557615 -0.080876365 0.621985912 -0.087292284 0.481031418 0.243430078 0.837693632
1311870525.649427 -0.909524202 -0.079839565 0.624400914 -0.088000387 0.481072962 0.244061068 0.837412000
1311870525.685312 -0.909022987 -0.083049305 0.626375377 -0.089715332 0.481695622 0.244391531 0.836775482
1311870525.717436 -0.906862020 -0.084805749 0.627875447 -0.090757817 0.482965648 0.244111344 0.836012423
1311870525.749470 -0.907586455 -0.083791964 0.627894461 -0.089922532 0.484455258 0.244934186 0.834999561
1311870525.785560 -0.908577979 -0.082420290 0.631968975 -0.090013534 0.486029565 0.245262370 0.833977938
1311870525.817423 -0.909889400 -0.083181098 0.633018434 -0.090604141 0.486724198 0.246259958 0.833214521
1311870525.849626 -0.910100937 -0.084797353 0.634784341 -0.091556497 0.488068700 0.246532634 0.832242727
1311870525.885457 -0.912177563 -0.086909711 0.635256290 -0.091941983 0.490283072 0.246870071 0.830797434
1311870525.917424 -0.916088462 -0.086461090 0.637065887 -0.091797046 0.493116856 0.248259470 0.828719676
1311870525.949556 -0.918246150 -0.085780524 0.636486411 -0.092066891 0.494988441 0.250629157 0.826858580
1311870525.985467 -0.921796918 -0.087037720 0.637946844 -0.092148222 0.497665405 0.252770841 0.824587643
1311870526.017460 -0.927281559 -0.088238165 0.644144952 -0.092323408 0.501273632 0.253389418 0.822189093
1311870526.049541 -0.932767510 -0.090626359 0.643816948 -0.092594363 0.503505468 0.254432976 0.820470810
1311870526.085403 -0.939189196 -0.090971790 0.644145250 -0.091896921 0.506298363 0.256573796 0.818160594
1311870526.117461 -0.944602013 -0.092763521 0.649305105 -0.091470525 0.509742796 0.259259552 0.815217733
1311870526.149364 -0.950074553 -0.093278602 0.649313450 -0.089716136 0.512178123 0.261726230 0.813095331
1311870526.185388 -0.954785526 -0.097174615 0.651697934 -0.089462534 0.514953911 0.262213916 0.811210692
1311870526.217318 -0.961216927 -0.097660713 0.652659833 -0.087836415 0.517262340 0.263060480 0.809644103
1311870526.249551 -0.968698561 -0.099248476 0.655383825 -0.086532623 0.519822717 0.264716268 0.807602465
1311870526.285570 -0.975917339 -0.100276709 0.658143580 -0.085942872 0.521955132 0.265893877 0.805901468
1311870526.317484 -0.981962144 -0.102265805 0.660643995 -0.085637599 0.523777664 0.267494589 0.804219961
1311870526.349558 -0.990339637 -0.104916893 0.661990583 -0.085492536 0.526179254 0.268949509 0.802179873
1311870526.385396 -0.997389495 -0.104798272 0.665511012 -0.085220024 0.529254198 0.269704878 0.799929261
1311870526.417624 -1.004252911 -0.105349988 0.668414235 -0.084056035 0.532413304 0.270786911 0.797587037
1311870526.449431 -1.012524128 -0.106790215 0.671073616 -0.083225854 0.534436882 0.272553116 0.795716941
1311870526.485363 -1.020620704 -0.107345007 0.674830079 -0.083903335 0.535591483 0.273451567 0.794560432
1311870526.517648 -1.027212143 -0.108932845 0.678127587 -0.084988788 0.536050975 0.273860961 0.793993950
1311870526.553464 -1.033154130 -0.110365964 0.679455042 -0.085162096 0.536228478 0.273453891 0.793995857
1311870526.585409 -1.042302728 -0.111938424 0.682888448 -0.085554495 0.538082540 0.271996677 0.793199480
1311870526.617493 -1.049520731 -0.111186258 0.684228241 -0.085425735 0.539513290 0.271772683 0.792317808
1311870526.653466 -1.055485249 -0.112594299 0.684269428 -0.085878581 0.540332615 0.272943318 0.791307449
1311870526.685417 -1.061738849 -0.110360451 0.687812269 -0.085197307 0.542278051 0.273367107 0.789902747
1311870526.717629 -1.069384694 -0.111544728 0.690686166 -0.085302047 0.543836713 0.274661452 0.788369358
1311870526.753642 -1.074570298 -0.114147462 0.692730248 -0.085905254 0.544098616 0.276270866 0.787560403
1311870526.785325 -1.080646038 -0.112920843 0.693919659 -0.085919477 0.544111371 0.276641518 0.787419915
1311870526.817661 -1.085984707 -0.113577381 0.702019989 -0.085652709 0.545710146 0.277669400 0.785979509
1311870526.853590 -1.090495706 -0.115251541 0.704648733 -0.085208274 0.546091795 0.277059555 0.785977900
1311870526.885581 -1.097881079 -0.116248399 0.706261218 -0.084184669 0.546568692 0.276119262 0.786087632
1311870526.917599 -1.103193045 -0.117773011 0.708631516 -0.084575206 0.547090411 0.275209367 0.786001861
1311870526.953584 -1.108497143 -0.118576095 0.708758593 -0.084657907 0.547412694 0.274986535 0.785846531
1311870526.985372 -1.112641692 -0.119737342 0.710918427 -0.084123552 0.548054814 0.275093883 0.785418689
1311870527.017688 -1.116340995 -0.119106233 0.712265074 -0.084054209 0.548794270 0.274805754 0.785010517
1311870527.053583 -1.119182348 -0.122036651 0.713236749 -0.084016860 0.550170183 0.274403661 0.784191668
1311870527.085526 -1.122849941 -0.122481138 0.714504898 -0.083356835 0.551817358 0.273385078 0.783460140
1311870527.117691 -1.125177622 -0.122398272 0.713825226 -0.082699969 0.552827001 0.272691965 0.783059418
1311870527.153611 -1.126328349 -0.123870574 0.714145303 -0.083391570 0.554316401 0.271396726 0.782382905
1311870527.185439 -1.126937747 -0.122693874 0.714454055 -0.083843157 0.556113064 0.269215971 0.781812847
1311870527.217746 -1.126286387 -0.124792501 0.713222325 -0.083576083 0.557832658 0.269271642 0.780596256
1311870527.253641 -1.126434565 -0.124112539 0.715915263 -0.082798541 0.560126603 0.269311190 0.779021204
1311870527.285561 -1.125276089 -0.123919412 0.718733549 -0.082060009 0.561925530 0.269521087 0.777730167
1311870527.317499 -1.124277830 -0.122199908 0.720318198 -0.080867551 0.562454879 0.270872831 0.777002454
1311870527.353673 -1.122658372 -0.122225374 0.723373234 -0.079966992 0.562368691 0.272355020 0.776639819
1311870527.385442 -1.120594740 -0.123996288 0.726345718 -0.079343691 0.561775088 0.273569137 0.776706696
1311870527.417505 -1.118874431 -0.124364056 0.727046371 -0.078322135 0.560967863 0.273405343 0.777451098
1311870527.453537 -1.114527702 -0.125873834 0.728967369 -0.077519588 0.559829593 0.273096949 0.778459787
1311870527.485444 -1.113737464 -0.128178671 0.733099043 -0.077240892 0.559654355 0.272285789 0.778897524
1311870527.517495 -1.110919952 -0.127094626 0.734622240 -0.077723898 0.558719575 0.272310585 0.779511631
1311870527.553541 -1.107347965 -0.128823578 0.739765644 -0.077206820 0.557738960 0.273309648 0.779915512
1311870527.585396 -1.102988124 -0.132360786 0.741436005 -0.075959921 0.556227446 0.273500085 0.781049848
1311870527.617786 -1.101604104 -0.134346664 0.743808448 -0.074316204 0.555775285 0.275106341 0.780965745
1311870527.653556 -1.098237395 -0.134425402 0.748049200 -0.072993033 0.554925621 0.276963055 0.781038404
1311870527.685683 -1.095423341 -0.136222035 0.747622848 -0.072496101 0.552533031 0.278985173 0.782060683
1311870527.717743 -1.089486122 -0.139110729 0.748977005 -0.073559411 0.550852478 0.279058635 0.783119977
1311870527.753560 -1.085370302 -0.140344203 0.749175072 -0.072631933 0.550775051 0.277536213 0.783801734
1311870527.785611 -1.081885219 -0.142726034 0.747184455 -0.072180957 0.551062703 0.275595874 0.784325659
1311870527.817660 -1.078070045 -0.143387854 0.748076439 -0.071706131 0.552653670 0.275596589 0.783248782
1311870527.853602 -1.074281931 -0.142085791 0.749411345 -0.070978455 0.553177536 0.276973665 0.782459140
1311870527.885426 -1.072174191 -0.143130973 0.748855710 -0.071208507 0.553141832 0.278799921 0.781814635
1311870527.917615 -1.067200065 -0.141737387 0.750389397 -0.072663710 0.552748501 0.280846000 0.781226337
1311870527.953613 -1.061890483 -0.140405446 0.752207756 -0.074065514 0.552390099 0.282121032 0.780888736
1311870527.985521 -1.057436824 -0.141435593 0.750742733 -0.074617788 0.552515507 0.282311946 0.780678391
1311870528.017688 -1.055684805 -0.140103623 0.753247678 -0.075451985 0.553599358 0.283163786 0.779521048
1311870528.053545 -1.050465703 -0.137248397 0.754323781 -0.077036634 0.552923322 0.284416556 0.779389739
1311870528.085603 -1.046677351 -0.139317021 0.755279839 -0.079110511 0.553289771 0.284298807 0.778964818
1311870528.117562 -1.044688821 -0.137439281 0.753285885 -0.079883508 0.554895461 0.284092695 0.777818084
1311870528.153637 -1.043115854 -0.136931285 0.755241275 -0.081027403 0.557909369 0.285728306 0.774939358
1311870528.185455 -1.041169167 -0.134770036 0.754066288 -0.081666455 0.559105575 0.286771834 0.773623586
1311870528.217554 -1.040742517 -0.133400902 0.754240870 -0.081923798 0.560141087 0.288293183 0.772280693
1311870528.253557 -1.039986968 -0.132778317 0.757378817 -0.081944928 0.561824799 0.289242655 0.770698845
1311870528.285502 -1.041197896 -0.133095413 0.758433998 -0.081697956 0.563309550 0.289576620 0.769514918
1311870528.317676 -1.039970279 -0.133853555 0.757045746 -0.081749536 0.564271986 0.290251642 0.768549383
1311870528.353572 -1.043280602 -0.131889224 0.758267343 -0.079350919 0.566404045 0.293053985 0.766165316
1311870528.385617 -1.046061516 -0.132453665 0.756560802 -0.077708989 0.567323267 0.297325850 0.764004529
1311870528.417630 -1.048257589 -0.131530687 0.758440256 -0.078774855 0.568003416 0.300841957 0.762010992
1311870528.453581 -1.049406171 -0.133544371 0.761475146 -0.081298910 0.569127083 0.301739126 0.760551333
1311870528.485584 -1.054548383 -0.134892792 0.765607178 -0.082283795 0.571598768 0.301234961 0.758789659
1311870528.517605 -1.060600042 -0.136366516 0.767851651 -0.081624992 0.573822677 0.300057888 0.757647753
1311870528.553734 -1.064245582 -0.139104083 0.770054638 -0.081474625 0.575889409 0.297577977 0.757073700
1311870528.585482 -1.072727203 -0.142261714 0.775028706 -0.079893030 0.578782618 0.296116501 0.755607605
1311870528.617711 -1.081755161 -0.143654749 0.774993360 -0.078072399 0.580210626 0.296370238 0.754602551
1311870528.653807 -1.090247273 -0.144704401 0.778737605 -0.077041432 0.582287312 0.297093302 0.752822459
1311870528.685658 -1.096238613 -0.145557716 0.779695392 -0.076904185 0.583011508 0.298066556 0.751890779
1311870528.717725 -1.103601217 -0.146976367 0.783460975 -0.077168994 0.584450066 0.299037397 0.750359714
1311870528.753754 -1.112897396 -0.148286641 0.785809517 -0.076999716 0.585657179 0.300499171 0.748850405
1311870528.785670 -1.121192098 -0.148678213 0.787803888 -0.076694906 0.586543441 0.301431119 0.747812808
1311870528.817695 -1.129558682 -0.150326237 0.793025911 -0.077165075 0.587596595 0.302636892 0.746449411
1311870528.853709 -1.137786031 -0.151823372 0.797664285 -0.076671742 0.588282287 0.304456860 0.745219052
1311870528.885613 -1.144610882 -0.151868016 0.801685810 -0.076592483 0.589020848 0.304412156 0.744661808
1311870528.917710 -1.153400302 -0.153219581 0.809465826 -0.076342888 0.590269804 0.304717153 0.743573010
1311870528.953635 -1.160352588 -0.155833200 0.810232997 -0.077744953 0.589772046 0.304915756 0.743741274
1311870528.985528 -1.169242620 -0.156872287 0.814587593 -0.077408113 0.590764642 0.305593759 0.742709637
1311870529.017633 -1.176771045 -0.158017114 0.819093466 -0.077094503 0.591548860 0.306829274 0.741607904
1311870529.053960 -1.185003519 -0.157603472 0.820030272 -0.076881766 0.591273427 0.307840526 0.741430461
1311870529.085558 -1.193141580 -0.158862159 0.826171398 -0.077085607 0.591546178 0.308297664 0.741001666
1311870529.117636 -1.200530291 -0.160816863 0.827520013 -0.077279001 0.591736019 0.309332252 0.740398586
1311870529.153562 -1.207466125 -0.160691336 0.830835700 -0.077199757 0.593099773 0.310135305 0.738978326
1311870529.185613 -1.215533853 -0.160679877 0.833707631 -0.076263741 0.593778372 0.311096400 0.738126099
1311870529.217784 -1.223339319 -0.160480127 0.834393561 -0.076748885 0.593199253 0.311991245 0.738163710
1311870529.253670 -1.226295829 -0.161961108 0.840393603 -0.078510918 0.593489528 0.312547117 0.737509668
1311870529.285539 -1.231534958 -0.164265886 0.841176987 -0.079315349 0.593594491 0.312110096 0.737524211
1311870529.317748 -1.234696865 -0.165341735 0.844508231 -0.080585599 0.594653249 0.310727775 0.737117171
1311870529.353620 -1.239826679 -0.165103853 0.847197771 -0.079164252 0.596122503 0.309995234 0.736392558
1311870529.385706 -1.243236303 -0.165343449 0.849218786 -0.079319924 0.596890509 0.308993578 0.736174583
1311870529.417814 -1.246949434 -0.164530769 0.850848973 -0.079330109 0.596872509 0.308084697 0.736568928
1311870529.453577 -1.247104406 -0.166665643 0.853158057 -0.080785014 0.597136438 0.306631267 0.736803353
1311870529.485560 -1.247511864 -0.168183640 0.852582991 -0.080686942 0.597793579 0.304714769 0.737076223
1311870529.517835 -1.246083140 -0.170351520 0.854367077 -0.079994701 0.598962486 0.302758366 0.737008989
1311870529.553733 -1.246258378 -0.169650748 0.856616557 -0.076952778 0.599930763 0.301305860 0.737140536
1311870529.585764 -1.247046947 -0.170161694 0.857310355 -0.074559271 0.599762022 0.300152481 0.737993836
1311870529.617609 -1.248740673 -0.171090633 0.854748607 -0.074489102 0.598769963 0.299430162 0.739099145
1311870529.653670 -1.245766401 -0.170256689 0.856058359 -0.076263808 0.598511636 0.299396664 0.739140928
1311870529.685645 -1.241962671 -0.172891557 0.858081877 -0.075882971 0.598700762 0.298968464 0.739200234
1311870529.717693 -1.240348458 -0.174133778 0.857783914 -0.074029967 0.598795593 0.298353195 0.739559829
1311870529.753737 -1.239756107 -0.173915341 0.858288169 -0.071909584 0.599100947 0.299459010 0.739074707
1311870529.785572 -1.239972711 -0.173339352 0.857739985 -0.069547199 0.597163439 0.303241700 0.739326417
1311870529.817686 -1.237523675 -0.172595143 0.856492043 -0.070380874 0.593696296 0.306790352 0.740574718
1311870529.853727 -1.231240630 -0.177096009 0.858799338 -0.073466949 0.591773152 0.308088571 0.741274953
1311870529.885616 -1.224512577 -0.180540353 0.856718302 -0.073858701 0.591841578 0.304310739 0.742740512
1311870529.917708 -1.223136663 -0.182983413 0.856213093 -0.072818153 0.595063925 0.300170630 0.741952837
1311870529.953714 -1.220689774 -0.182943717 0.856979728 -0.071385555 0.597463727 0.299631119 0.740379930
1311870529.985592 -1.220345616 -0.181101441 0.858227134 -0.068786964 0.597794592 0.301131696 0.739749789
1311870530.017922 -1.218193293 -0.180985078 0.856906414 -0.068996660 0.595704675 0.302424967 0.740887702
1311870530.053808 -1.215425491 -0.184003472 0.854671478 -0.070637569 0.594544411 0.301820636 0.741910756
1311870530.085624 -1.214655280 -0.182831421 0.855448246 -0.071330138 0.595836341 0.300269544 0.741437256
1311870530.117774 -1.212488651 -0.182979837 0.856946945 -0.072887734 0.596948326 0.298111051 0.741262317
1311870530.153765 -1.212910771 -0.182516441 0.856626153 -0.074020676 0.596719444 0.296184182 0.742106318
1311870530.185634 -1.211166501 -0.180789784 0.858755052 -0.074372761 0.596580088 0.295260847 0.742550969
1311870530.217786 -1.210580349 -0.182653636 0.861811101 -0.076164089 0.596584141 0.293876261 0.742915332
1311870530.253929 -1.213090897 -0.182664186 0.859887600 -0.076455794 0.596415281 0.293412566 0.743204117
1311870530.286029 -1.214421630 -0.183307230 0.858707905 -0.078497149 0.596422493 0.293088049 0.743113577
1311870530.317935 -1.216501236 -0.182842597 0.859700322 -0.079387985 0.597167253 0.294013828 0.742054403
1311870530.353722 -1.216311336 -0.181731209 0.862133980 -0.080093831 0.598006129 0.294001400 0.741307497
1311870530.385850 -1.219542980 -0.183237866 0.862569630 -0.080650523 0.598845124 0.293668896 0.740701437
1311870530.417758 -1.221056938 -0.185215339 0.864737988 -0.081581771 0.600699663 0.291600555 0.739914536
1311870530.453862 -1.223361492 -0.186916471 0.866892517 -0.081425801 0.603321671 0.291008800 0.738028944
1311870530.485681 -1.227848649 -0.186669260 0.868182659 -0.079070233 0.605813861 0.292102158 0.735808313
1311870530.517600 -1.233210564 -0.187124997 0.869817197 -0.076945633 0.607397914 0.294320613 0.733840942
1311870530.553887 -1.237518907 -0.188826263 0.871844351 -0.076105528 0.608314097 0.296629310 0.732238293
1311870530.585894 -1.244421244 -0.189615265 0.877187967 -0.074620754 0.609515786 0.297857642 0.730892003
1311870530.617876 -1.250153661 -0.191497445 0.879894853 -0.074486956 0.609133065 0.298522919 0.730953276
1311870530.653848 -1.257317305 -0.194548890 0.882578015 -0.075013213 0.609854639 0.299198717 0.730020881
1311870530.685747 -1.264405608 -0.196383566 0.887224197 -0.075242311 0.611023366 0.301923901 0.727894962
1311870530.717879 -1.268521309 -0.194335237 0.895096183 -0.074258476 0.611438215 0.303995550 0.726784468
1311870530.753813 -1.276210546 -0.197612241 0.897903144 -0.074384749 0.610537410 0.305059135 0.727083147
1311870530.785751 -1.284099698 -0.200638905 0.901360512 -0.074919894 0.610439956 0.304946005 0.727157474
1311870530.817694 -1.290939808 -0.204469234 0.904732823 -0.076468289 0.611544490 0.303333282 0.726742625
1311870530.853579 -1.299173355 -0.204185337 0.909286737 -0.075891957 0.613091826 0.302390754 0.725891590
1311870530.885594 -1.306414247 -0.206504628 0.915630460 -0.075247064 0.614095747 0.303003520 0.724853933
1311870530.917651 -1.314287186 -0.207442388 0.918094635 -0.073621348 0.614195168 0.303387851 0.724775851
1311870530.953721 -1.318833113 -0.209663421 0.922324061 -0.073698685 0.614907444 0.303419381 0.724150538
1311870530.985770 -1.326141834 -0.211893588 0.926281989 -0.071933523 0.616240144 0.304788530 0.722618580
1311870531.017632 -1.331026554 -0.210306451 0.930370748 -0.069433481 0.617110074 0.305359900 0.721879125
1311870531.053817 -1.340437293 -0.216116279 0.934852719 -0.069158986 0.617553592 0.305946738 0.721277475
1311870531.085728 -1.347118258 -0.217381611 0.936517656 -0.069167309 0.617509305 0.305488646 0.721508682
1311870531.117833 -1.349101901 -0.218206912 0.944190204 -0.068837114 0.618906796 0.305845141 0.720190704
1311870531.153808 -1.354432106 -0.220011935 0.948292196 -0.067709260 0.619363666 0.306615323 0.719577074
1311870531.185806 -1.360837698 -0.221461624 0.950803757 -0.067062743 0.619129181 0.306812108 0.719755530
1311870531.217648 -1.366978407 -0.221950546 0.954177320 -0.066947110 0.619293451 0.305974960 0.719981313
1311870531.253950 -1.373593926 -0.221895635 0.960440993 -0.066391528 0.619940341 0.305946529 0.719487906
1311870531.285639 -1.378861904 -0.223033831 0.964341342 -0.066548862 0.619804323 0.305835068 0.719637990
1311870531.317741 -1.384789348 -0.224413708 0.969141662 -0.066876225 0.619501829 0.306816995 0.719450057
1311870531.353899 -1.388112187 -0.222931162 0.974442661 -0.066920556 0.618496120 0.307685137 0.719940305
1311870531.385755 -1.393649340 -0.224534795 0.978017449 -0.068184316 0.617715955 0.307238758 0.720681787
1311870531.417753 -1.398164511 -0.225960419 0.980172455 -0.068674020 0.617471695 0.306970537 0.720958829
1311870531.453962 -1.403066278 -0.227078035 0.981533587 -0.069305710 0.617165923 0.307257533 0.721037984
1311870531.485663 -1.405908227 -0.227142602 0.984529674 -0.069446377 0.616688609 0.307489574 0.721333802
1311870531.517943 -1.408298969 -0.228871599 0.986580431 -0.070349261 0.616384625 0.308099538 0.721245885
1311870531.553875 -1.410953283 -0.229704469 0.988428533 -0.070062585 0.616315424 0.308878779 0.720999599
1311870531.585802 -1.413917661 -0.230062932 0.991470635 -0.069643296 0.616481662 0.309097767 0.720804214
1311870531.617744 -1.416389227 -0.230490580 0.994262159 -0.069594398 0.616953969 0.308019400 0.720866442
1311870531.653887 -1.419239283 -0.231888682 0.995760560 -0.069833748 0.617101789 0.307778299 0.720819771
1311870531.685863 -1.421311617 -0.231400758 0.998124123 -0.069521859 0.617209077 0.306683809 0.721224427
1311870531.717776 -1.424985051 -0.231727824 0.998753428 -0.069157504 0.617275834 0.305875540 0.721545517
1311870531.753721 -1.428241730 -0.234122664 0.998458266 -0.069474265 0.617596149 0.305868834 0.721243799
1311870531.785779 -1.429914474 -0.233604297 0.999743521 -0.069522433 0.617616355 0.306030989 0.721153080
1311870531.817896 -1.433060646 -0.232518330 1.003806829 -0.069334500 0.617981136 0.306954861 0.720465660
1311870531.853864 -1.433590174 -0.233057693 1.004397035 -0.069867738 0.617606759 0.307266921 0.720602095
1311870531.885692 -1.433958054 -0.234661937 1.004261971 -0.071802832 0.617821276 0.306228429 0.720670104
1311870531.917945 -1.439769745 -0.235943317 1.000445247 -0.072427817 0.618711233 0.305789679 0.720030010
1311870531.953725 -1.438110590 -0.233278975 1.003790736 -0.072628468 0.620104611 0.305978626 0.718729794
1311870531.985707 -1.441372871 -0.232529923 1.000752568 -0.073152639 0.619790435 0.305839807 0.719006598
1311870532.017814 -1.440437436 -0.232176751 1.002026200 -0.074589364 0.620109379 0.305253834 0.718832970
1311870532.053802 -1.439494848 -0.231564403 1.002767801 -0.075965770 0.621240556 0.303834438 0.718313277
1311870532.085794 -1.439081907 -0.231438980 1.000436902 -0.076649606 0.622065961 0.302775532 0.717973351
1311870532.117752 -1.440959096 -0.230656505 1.000192881 -0.076196268 0.622835040 0.301953524 0.717701018
1311870532.153955 -1.438637972 -0.230477780 0.999647975 -0.076609403 0.622983098 0.302591115 0.717259824
1311870532.185767 -1.438530207 -0.230056912 0.998615265 -0.076714240 0.623024642 0.303262204 0.716929078
1311870532.217912 -1.436085105 -0.230417505 0.996470451 -0.077463746 0.623003364 0.304451853 0.716362536
1311870532.253887 -1.431584477 -0.229208127 0.997354388 -0.077674523 0.623500884 0.305299520 0.715545654
1311870532.285764 -1.427441716 -0.228995681 0.997807980 -0.077828504 0.624285579 0.304312050 0.715265274
1311870532.317766 -1.422422528 -0.230621412 0.998170435 -0.078501366 0.625043929 0.302386671 0.715345979
1311870532.353921 -1.419379354 -0.231016219 0.995909393 -0.077800483 0.625827730 0.300355703 0.715592921
1311870532.385803 -1.414618731 -0.231267974 0.995408297 -0.075411990 0.626480818 0.298204511 0.716176569
1311870532.417808 -1.411292434 -0.232340261 0.994071543 -0.072934695 0.626665413 0.295997709 0.717186391
1311870532.454013 -1.409249783 -0.235633716 0.991503239 -0.071366318 0.626683593 0.295286983 0.717621148
1311870532.485809 -1.405282259 -0.233789071 0.989962041 -0.070976675 0.625521243 0.296904802 0.718006313
1311870532.518264 -1.398603082 -0.234915778 0.991384029 -0.071148932 0.624219418 0.298404813 0.718500197
1311870532.553703 -1.391300201 -0.237255841 0.992865980 -0.069123477 0.623433352 0.298279703 0.719431758
1311870532.585765 -1.388957024 -0.238488004 0.989985228 -0.066167071 0.623016179 0.298620343 0.719929636
1311870532.617834 -1.384762645 -0.239403754 0.987362325 -0.063111290 0.622266471 0.300694913 0.719988883
1311870532.653874 -1.380298734 -0.240566149 0.990849853 -0.061222233 0.621435523 0.302638084 0.720055521
1311870532.685884 -1.375367165 -0.242854595 0.989952445 -0.061981685 0.619640231 0.302402973 0.721634746
1311870532.717871 -1.370748281 -0.244266942 0.988031387 -0.062051799 0.619309366 0.299361438 0.723179221
1311870532.753718 -1.367428660 -0.244912401 0.987713873 -0.060612269 0.620721519 0.297123253 0.723013639
1311870532.785894 -1.365068793 -0.246887580 0.983585179 -0.059689991 0.620590329 0.296897382 0.723295689
1311870532.817873 -1.358732104 -0.246423706 0.986762583 -0.058737427 0.620424867 0.296980321 0.723481536
1311870532.853993 -1.356338859 -0.245892435 0.985097945 -0.058112867 0.619285166 0.296723694 0.724612892
1311870532.885775 -1.351953864 -0.247741684 0.986139596 -0.058464743 0.618438900 0.296505123 0.725396395
1311870532.917754 -1.348606706 -0.247331038 0.986169696 -0.057796475 0.617701113 0.296348900 0.726142049
1311870532.953790 -1.347862601 -0.246857896 0.983354330 -0.058808237 0.615951180 0.296706766 0.727400005
1311870532.985935 -1.343319654 -0.246214688 0.986632407 -0.060606219 0.614966452 0.296697021 0.728089333
1311870533.017890 -1.340284705 -0.246242300 0.986175597 -0.061125711 0.613743067 0.295974374 0.729371130
1311870533.053880 -1.339444876 -0.245365173 0.985398889 -0.062163558 0.612911046 0.294281721 0.730666816
1311870533.085764 -1.337818742 -0.245449498 0.987932861 -0.063369542 0.613177359 0.293346912 0.730715692
1311870533.117910 -1.333873272 -0.246108189 0.990671575 -0.064101443 0.613859475 0.293399394 0.730057776
1311870533.153906 -1.334746361 -0.244311810 0.990011871 -0.064410262 0.613928497 0.293816358 0.729804814
1311870533.185897 -1.333784819 -0.243470758 0.991789997 -0.065110035 0.614556909 0.295418739 0.728565872
1311870533.217947 -1.330848098 -0.244422942 0.993687809 -0.066334315 0.614935875 0.297320604 0.727361083
1311870533.253938 -1.330769300 -0.243999794 0.995941103 -0.066625968 0.615549028 0.298075289 0.726506352
1311870533.285776 -1.330982208 -0.244899303 0.998696089 -0.067868032 0.616665184 0.296934456 0.725911796
1311870533.317840 -1.331390738 -0.245712131 0.998332262 -0.068732694 0.617822468 0.295734346 0.725336075
1311870533.353961 -1.332299948 -0.247332230 0.999572277 -0.068148799 0.619493425 0.295670211 0.723990858
1311870533.385784 -1.334308386 -0.249631613 1.001749992 -0.066864133 0.621301115 0.296073526 0.722395003
1311870533.418074 -1.335559726 -0.249360099 1.002718329 -0.065813594 0.622509837 0.296616048 0.721227407
1311870533.453809 -1.339597344 -0.252151102 1.002545118 -0.065020852 0.624372005 0.298077017 0.719084144
1311870533.485930 -1.341640830 -0.252607703 1.005498767 -0.063311249 0.626465917 0.300210774 0.716523290
1311870533.517844 -1.346559167 -0.255659223 1.006404161 -0.062558725 0.627901614 0.301605433 0.714744866
1311870533.553791 -1.349221349 -0.256239980 1.009615302 -0.061861418 0.630094171 0.302132368 0.712650359
1311870533.585802 -1.353542924 -0.257891923 1.014242768 -0.061166324 0.631923795 0.303813308 0.710372090
1311870533.617883 -1.357993364 -0.258159816 1.016638398 -0.060030926 0.632735908 0.305509895 0.709017158
1311870533.653986 -1.361772180 -0.260322839 1.019708991 -0.059081685 0.633436322 0.307753593 0.707499444
1311870533.685836 -1.366234422 -0.262472749 1.024470210 -0.059144218 0.634631991 0.309009045 0.705873668
1311870533.717851 -1.370458603 -0.262047172 1.028631330 -0.058695514 0.634996891 0.309037119 0.705570579
1311870533.754009 -1.375726819 -0.265601099 1.034666061 -0.058427490 0.635458410 0.308718443 0.705316842
1311870533.786580 -1.380667806 -0.270173043 1.038407803 -0.058814000 0.635282755 0.308426023 0.705570757
1311870533.817830 -1.384466529 -0.273489654 1.044246435 -0.058867309 0.636130571 0.307534218 0.705191672
1311870533.854024 -1.390122652 -0.274601728 1.047247291 -0.058133606 0.636232615 0.307079017 0.705358803
1311870533.885885 -1.395541906 -0.276493996 1.051990628 -0.057260256 0.636146724 0.307558239 0.705298901
1311870533.918070 -1.400050163 -0.279373556 1.056045055 -0.057053264 0.635167837 0.307659984 0.706153035
1311870533.953885 -1.405639648 -0.281993181 1.058092952 -0.056748249 0.634620011 0.307282478 0.706834137
1311870533.986039 -1.408154845 -0.284159243 1.062259674 -0.056250263 0.635462880 0.306672394 0.706381559
1311870534.017845 -1.411876082 -0.285169810 1.066767931 -0.055576559 0.636374474 0.305933565 0.705934465
1311870534.053805 -1.415168762 -0.287864208 1.069775462 -0.055142213 0.636501133 0.305847168 0.705891788
1311870534.085843 -1.420929432 -0.289887428 1.070883393 -0.054500401 0.635994732 0.305664241 0.706476986
1311870534.117829 -1.421522260 -0.292497873 1.073892117 -0.054163419 0.636493742 0.305495501 0.706126451
1311870534.153817 -1.427753091 -0.293725699 1.078857064 -0.052479610 0.637288153 0.305069715 0.705721021
1311870534.185866 -1.434206605 -0.295187116 1.078789949 -0.051913597 0.636259556 0.304110706 0.707103491
1311870534.217924 -1.434433341 -0.298346370 1.082433462 -0.052073900 0.635941982 0.304007471 0.707421780
1311870534.254180 -1.437951207 -0.299794704 1.083452821 -0.052139841 0.635071993 0.303843856 0.708268285
1311870534.285889 -1.441174626 -0.302605301 1.084100842 -0.052888684 0.634970069 0.302520275 0.708870471
1311870534.318155 -1.444571257 -0.303801566 1.087710857 -0.052330814 0.635877550 0.302553922 0.708083630
1311870534.353864 -1.448898792 -0.305651665 1.088605642 -0.052372638 0.636021256 0.301814854 0.708266854
1311870534.386175 -1.453632593 -0.304976374 1.088672161 -0.051618334 0.635899127 0.301643521 0.708504856
1311870534.417874 -1.456105113 -0.305300087 1.093237519 -0.051233813 0.636782110 0.302051395 0.707565308
1311870534.453764 -1.460109353 -0.306455493 1.092440724 -0.050888143 0.636288226 0.302437663 0.707869470
1311870534.486051 -1.461890697 -0.307697415 1.094107389 -0.051108453 0.636361063 0.302817076 0.707625866
1311870534.518420 -1.464378357 -0.307522535 1.095923424 -0.051116716 0.636654913 0.303074390 0.707250714
1311870534.553916 -1.467318654 -0.308994293 1.097889662 -0.051214326 0.636782348 0.303415805 0.706982493
1311870534.585910 -1.470384240 -0.308309346 1.100413918 -0.049417295 0.636859477 0.303308308 0.707087040
1311870534.617855 -1.471566319 -0.309715033 1.104133010 -0.048995219 0.636768043 0.303078800 0.707297146
1311870534.654074 -1.476609111 -0.312686175 1.106121898 -0.047422420 0.636621833 0.303553253 0.707332432
1311870534.685957 -1.480111122 -0.311871618 1.107271075 -0.045307413 0.635722816 0.303800195 0.708173156
1311870534.718130 -1.482347846 -0.314616621 1.110384941 -0.045131467 0.635065973 0.303710788 0.708811820
1311870534.754156 -1.487440705 -0.315215141 1.110649705 -0.044655379 0.634530842 0.303058594 0.709599912
1311870534.785847 -1.490486741 -0.316711873 1.111806750 -0.044135354 0.635034442 0.302915454 0.709242940
1311870534.817908 -1.493010998 -0.316509753 1.112424374 -0.043652970 0.635139227 0.303006768 0.709140003
1311870534.853941 -1.495177269 -0.317346454 1.113820553 -0.043479558 0.634911120 0.303017408 0.709350288
1311870534.885905 -1.496416807 -0.315122277 1.114424348 -0.042683151 0.634821892 0.303379983 0.709323585
1311870534.918048 -1.499502778 -0.316398114 1.117390990 -0.043019153 0.635458648 0.303003043 0.708894134
1311870534.954068 -1.502325177 -0.316592127 1.118166208 -0.043457195 0.635596156 0.303114980 0.708696246
1311870534.985871 -1.503032207 -0.318560421 1.117939115 -0.044162221 0.636153698 0.302804083 0.708285153
1311870535.018049 -1.506344676 -0.318531722 1.117122412 -0.042827856 0.637493908 0.303240091 0.706974387
1311870535.054164 -1.508027911 -0.317438275 1.116179347 -0.042264920 0.638428211 0.304546803 0.705602109
1311870535.085918 -1.508468151 -0.316264272 1.117456913 -0.042405691 0.638816535 0.305825591 0.704688489
1311870535.117922 -1.510084748 -0.317182720 1.117794752 -0.042859361 0.639196455 0.305842251 0.704309225
1311870535.154191 -1.511378407 -0.317455679 1.117606521 -0.043092977 0.639278173 0.306423694 0.703967929
1311870535.185891 -1.513769388 -0.316272885 1.117140770 -0.043265224 0.639406800 0.306286603 0.703900278
1311870535.217963 -1.515502453 -0.314741880 1.119726896 -0.043526053 0.639507353 0.306580156 0.703664958
1311870535.254036 -1.518297195 -0.314462811 1.116212130 -0.044790946 0.637441695 0.307662576 0.704986215
1311870535.285911 -1.517930150 -0.313661635 1.117273688 -0.047352567 0.637109995 0.308502704 0.704751492
1311870535.317996 -1.517563939 -0.313551337 1.117100000 -0.049093578 0.637687802 0.309526294 0.703660071
1311870535.354185 -1.517086983 -0.313412935 1.118747473 -0.049730059 0.639039040 0.309954852 0.702199399
1311870535.386102 -1.518415928 -0.312699676 1.117051363 -0.050121080 0.639369011 0.310258836 0.701736808
1311870535.418054 -1.519003868 -0.312734962 1.117835999 -0.051124148 0.639769673 0.310318172 0.701272845
1311870535.454154 -1.519030690 -0.312962532 1.116582274 -0.052341044 0.639851511 0.309803516 0.701336026
1311870535.486006 -1.520563483 -0.312033564 1.116578698 -0.053721610 0.640159786 0.308950007 0.701326847
1311870535.517985 -1.521556854 -0.308947325 1.118523836 -0.054123558 0.640148938 0.308790147 0.701376259
1311870535.554126 -1.523611546 -0.309354424 1.115830421 -0.056109041 0.638994932 0.308688641 0.702316523
1311870535.586026 -1.523123026 -0.308526278 1.113244414 -0.057584591 0.637991667 0.308423012 0.703225315
1311870535.618203 -1.521550775 -0.308719128 1.113144875 -0.058922354 0.638825178 0.307360798 0.702822804
1311870535.653954 -1.522884488 -0.307476610 1.109842300 -0.058101527 0.639971256 0.305832237 0.702515244
1311870535.685919 -1.523765445 -0.306572318 1.107253075 -0.057994839 0.640439332 0.304636627 0.702616990
1311870535.722020 -1.524651885 -0.306423694 1.100680470 -0.057168629 0.640448689 0.303844035 0.703019202
1311870535.753972 -1.526333928 -0.305326521 1.094650030 -0.055720683 0.640165150 0.303439170 0.703568339
1311870535.785923 -1.525225401 -0.303050816 1.091174006 -0.055149246 0.640541136 0.302272528 0.703773320
1311870535.822043 -1.525597453 -0.301906377 1.086316109 -0.054924212 0.641174912 0.301657736 0.703477561
1311870535.854132 -1.523075461 -0.301733106 1.080519199 -0.054552678 0.641855717 0.301026851 0.703155816
1311870535.886083 -1.521870494 -0.300061166 1.077008486 -0.053275600 0.642933011 0.300559580 0.702469051
1311870535.922048 -1.523657084 -0.294187158 1.070529938 -0.051616210 0.642562270 0.301101834 0.702699900
1311870535.954065 -1.521236062 -0.291734755 1.068782210 -0.053528469 0.641505957 0.300774962 0.703661323
1311870535.985940 -1.519956350 -0.289674878 1.062058330 -0.053499974 0.639355242 0.299891531 0.705994129
1311870536.022118 -1.520383000 -0.290476114 1.054845214 -0.054429065 0.638174713 0.298602819 0.707535744
1311870536.053971 -1.518123150 -0.285749108 1.048725247 -0.054820713 0.637745202 0.297725916 0.708261967
1311870536.086162 -1.517566919 -0.283944130 1.042276978 -0.054749109 0.637208700 0.297308713 0.708925366
1311870536.122071 -1.516147971 -0.281802714 1.037354469 -0.053795304 0.636268020 0.296909750 0.710009634
1311870536.154212 -1.516006112 -0.278427303 1.028903961 -0.054706391 0.634647846 0.294679999 0.712315261
1311870536.185964 -1.512330174 -0.276342422 1.021456122 -0.056247290 0.633992195 0.292437404 0.713701963
1311870536.222145 -1.513913274 -0.272704512 1.011389971 -0.056333560 0.633507848 0.290418535 0.714948535
1311870536.285958 -1.509831786 -0.267443717 0.999185920 -0.058884598 0.630951047 0.288372159 0.717826486
1311870536.354191 -1.506759763 -0.259284288 0.984786391 -0.062733412 0.626375556 0.286213815 0.722357094
1311870536.386255 -1.503700137 -0.255237609 0.979378402 -0.063374773 0.624552667 0.285150707 0.724297404
1311870536.422203 -1.505417705 -0.253790140 0.969356239 -0.063863970 0.622457683 0.283712566 0.726618886
1311870536.453990 -1.505073905 -0.250299722 0.960599542 -0.065438695 0.620294392 0.281677604 0.729116142
1311870536.486155 -1.502332211 -0.244175106 0.955610573 -0.065598376 0.618505716 0.280896664 0.730920374
1311870536.522243 -1.499979496 -0.240868255 0.949288249 -0.066558219 0.615569532 0.280607522 0.733419061
1311870536.586020 -1.495468020 -0.237216964 0.935454309 -0.071624994 0.608336687 0.277609766 0.740087211
1311870536.622194 -1.492641091 -0.235761136 0.930287480 -0.072442718 0.607384861 0.274811864 0.741831601
1311870536.654414 -1.493180156 -0.234923363 0.920531094 -0.072616257 0.605847061 0.272735298 0.743835807
1311870536.686043 -1.492595434 -0.229822159 0.912067235 -0.071182817 0.604033470 0.270555645 0.746241391
1311870536.722157 -1.490892172 -0.227430835 0.904865444 -0.069577657 0.600926280 0.269861519 0.749147058
1311870536.754257 -1.493300796 -0.223488957 0.896405339 -0.067518651 0.596683025 0.270953178 0.752326429
1311870536.822151 -1.491334200 -0.220832616 0.882118285 -0.071605615 0.588652611 0.268110752 0.759261072
1311870536.854015 -1.490723729 -0.217944458 0.876809359 -0.073682994 0.587626040 0.265915096 0.760628462
1311870536.922146 -1.489305496 -0.210807145 0.864192486 -0.075824216 0.582206011 0.262149274 0.765875041
1311870536.986393 -1.485753298 -0.208883271 0.852767169 -0.078228705 0.579264939 0.257205099 0.769530952
1311870537.022074 -1.486420274 -0.206428111 0.849229455 -0.078376018 0.578718245 0.255284607 0.770566106
1311870537.054071 -1.484798908 -0.206081644 0.845808148 -0.080513075 0.578489304 0.252160877 0.771545649
1311870537.122159 -1.483213544 -0.202390701 0.839797795 -0.080823965 0.577110589 0.252987027 0.772274852
1311870537.154044 -1.482452869 -0.199650615 0.837704241 -0.078894705 0.575664520 0.255677640 0.772667408
1311870537.186006 -1.480592251 -0.200139761 0.832651198 -0.079010583 0.574736357 0.258023858 0.772566617
1311870537.222178 -1.477715731 -0.200063497 0.831705034 -0.078455329 0.576597571 0.260230124 0.770493567
1311870537.254088 -1.476841688 -0.199024677 0.828688622 -0.076730087 0.578738034 0.262685984 0.768225789
1311870537.286093 -1.477871060 -0.196210131 0.828112721 -0.075056486 0.580410361 0.264563352 0.766483247
1311870537.322226 -1.476485372 -0.194699556 0.826719046 -0.074156813 0.580887318 0.265251189 0.765971601
1311870537.354088 -1.477066636 -0.196310550 0.823646545 -0.073669419 0.581941307 0.264733136 0.765397608
1311870537.422153 -1.479194880 -0.192120120 0.822059870 -0.076471634 0.583323002 0.267618030 0.763064206
1311870537.454193 -1.474885106 -0.195233211 0.827944279 -0.079146929 0.584817886 0.268689990 0.761268377
1311870537.486083 -1.473203182 -0.197475478 0.826634109 -0.079433739 0.585967779 0.266806632 0.761016607
1311870537.522105 -1.472300768 -0.199111044 0.828639328 -0.077963188 0.588245809 0.265239745 0.759958267
1311870537.554064 -1.478633881 -0.196201906 0.824972749 -0.073418707 0.587885261 0.266657680 0.760193586
1311870537.586084 -1.477673054 -0.200201094 0.826646626 -0.073290445 0.586824000 0.269603878 0.759986758
1311870537.654062 -1.477218747 -0.200273573 0.832550406 -0.069251291 0.585658491 0.275124967 0.759285629
1311870537.686040 -1.476861835 -0.203986317 0.832529545 -0.069276445 0.585365891 0.275156409 0.759497523
1311870537.722168 -1.479014277 -0.205266684 0.830335677 -0.069602199 0.586200356 0.274194479 0.759171963
1311870537.754254 -1.478188872 -0.205302581 0.831520617 -0.069611333 0.587501407 0.273097456 0.758560598
1311870537.786249 -1.479986191 -0.204732269 0.832472742 -0.068277456 0.588022947 0.272571385 0.758466899
1311870537.822222 -1.480375528 -0.206362531 0.833087802 -0.068907388 0.586536288 0.272482276 0.759592235
1311870537.854262 -1.477112412 -0.207626715 0.833795190 -0.069742814 0.586600363 0.271301061 0.759889305
1311870537.886381 -1.476919770 -0.206864238 0.832812965 -0.068209209 0.587342858 0.270844787 0.759617627
1311870537.922171 -1.475894570 -0.205938727 0.830579281 -0.067210160 0.586722195 0.271113217 0.760090411
1311870537.954347 -1.475281835 -0.206733465 0.827382386 -0.067145087 0.585262477 0.272175103 0.760841668
1311870537.986107 -1.473052144 -0.205438793 0.826727331 -0.065962024 0.584497392 0.273299009 0.761130333
1311870538.022288 -1.472055674 -0.205455795 0.826751292 -0.065812126 0.584085584 0.272608429 0.761706948
1311870538.054071 -1.470018506 -0.206787795 0.821467280 -0.066117771 0.583051085 0.272779018 0.762411654
1311870538.086140 -1.467110157 -0.206027240 0.820472896 -0.064976022 0.582640290 0.273143858 0.762693167
1311870538.122594 -1.467339754 -0.204287961 0.817304909 -0.062988609 0.581521094 0.273329854 0.763646781
1311870538.186414 -1.463300705 -0.202175215 0.811751544 -0.063412227 0.577340305 0.272132725 0.767203271
1311870538.222265 -1.461746931 -0.201190785 0.805096090 -0.064281985 0.575601220 0.270855099 0.768887877
1311870538.254167 -1.459787130 -0.197883576 0.801263809 -0.066452645 0.573811054 0.267380089 0.771254003
1311870538.286215 -1.454667568 -0.200125813 0.795430243 -0.068822607 0.572313070 0.266168475 0.772577167
1311870538.322310 -1.453061700 -0.197147638 0.788282752 -0.068761721 0.571032166 0.263822109 0.774333239
1311870538.386094 -1.444852352 -0.193682462 0.774537623 -0.069398001 0.567993820 0.257202297 0.778725803
1311870538.422217 -1.442971587 -0.192549631 0.765954256 -0.069385245 0.566372871 0.254840374 0.780681610
1311870538.454159 -1.439317346 -0.189319447 0.758295059 -0.068620011 0.564901352 0.253704399 0.782184005
1311870538.486125 -1.436691046 -0.186849445 0.750371754 -0.069014199 0.562870383 0.252565712 0.783979893
1311870538.522200 -1.431712627 -0.184455425 0.745247722 -0.070135608 0.560795605 0.251612842 0.785671830
1311870538.554259 -1.427823663 -0.182857290 0.734992445 -0.069836929 0.558658540 0.250108451 0.787698627
1311870538.586143 -1.425920010 -0.179711565 0.726426065 -0.069838218 0.557027280 0.247858852 0.789562643
1311870538.622362 -1.423030376 -0.177916840 0.719909906 -0.070046425 0.555789232 0.245564982 0.791131914
1311870538.654294 -1.420554996 -0.173841804 0.709496737 -0.069364503 0.554203689 0.243969753 0.792796016
1311870538.686207 -1.419394732 -0.169559538 0.701495588 -0.069143377 0.552708805 0.243304044 0.794062555
1311870538.722309 -1.417159915 -0.165295228 0.694441140 -0.069807298 0.550832033 0.242826551 0.795453489
1311870538.754182 -1.414096475 -0.163038254 0.685916126 -0.071181372 0.548989415 0.242205158 0.796793878
1311870538.786218 -1.412681580 -0.159558833 0.676078081 -0.073198169 0.547243178 0.241681844 0.797970474
1311870538.822228 -1.407870770 -0.154016316 0.671203256 -0.073717989 0.546531796 0.242179528 0.798259199
1311870538.854281 -1.403030872 -0.153596669 0.665442288 -0.075581439 0.545534372 0.241647497 0.798928142
1311870538.886222 -1.401011705 -0.146838859 0.657795250 -0.075498380 0.544301689 0.241388083 0.799854636
1311870538.922182 -1.398694754 -0.144665837 0.651795566 -0.076692000 0.542585611 0.240372017 0.801211894
1311870538.954344 -1.398538470 -0.139262050 0.645106196 -0.076462604 0.539908707 0.240424961 0.803024232
1311870538.986328 -1.396093369 -0.136300251 0.640583873 -0.076924600 0.536697984 0.241895109 0.804689169
1311870539.022372 -1.394874573 -0.135432273 0.634618759 -0.077667169 0.534047842 0.241978794 0.806354105
1311870539.054236 -1.394271255 -0.132940710 0.627480805 -0.079042740 0.532329559 0.239993498 0.807948411
1311870539.086179 -1.392887592 -0.130769357 0.621348441 -0.080244571 0.530712306 0.238545120 0.809321582
1311870539.122393 -1.390721560 -0.130235076 0.619069695 -0.081072718 0.529688060 0.236809149 0.810419142
1311870539.154145 -1.391183138 -0.128093526 0.610678315 -0.080453821 0.526876152 0.235641062 0.812651217
1311870539.186213 -1.389697433 -0.124095634 0.606884539 -0.080303676 0.524498940 0.234830052 0.814436615
1311870539.222410 -1.386191487 -0.122249730 0.601917565 -0.080249585 0.522334754 0.235479116 0.815644562
1311870539.254251 -1.387510180 -0.121401191 0.597031236 -0.080488786 0.520858288 0.235827789 0.816464007
1311870539.286197 -1.389223218 -0.115923449 0.594220817 -0.081013776 0.519820154 0.235107586 0.817280948
1311870539.322337 -1.386625290 -0.115068324 0.591920078 -0.082298182 0.519006133 0.235857502 0.817453861
1311870539.354172 -1.384464383 -0.113352761 0.589083135 -0.082471795 0.518361628 0.236047193 0.817790508
1311870539.386179 -1.385560393 -0.109719731 0.583187521 -0.082580715 0.517576158 0.236611322 0.818113923
1311870539.422287 -1.384218335 -0.107251443 0.579796374 -0.083055943 0.516531706 0.237965465 0.818333149
1311870539.454836 -1.382266402 -0.105319321 0.579653621 -0.083185136 0.516010880 0.240383744 0.817941725
1311870539.487455 -1.380791187 -0.101838127 0.576837182 -0.082631104 0.514307320 0.243607432 0.818117023
1311870539.522354 -1.378651142 -0.101472005 0.577613235 -0.083980560 0.513112962 0.245197073 0.818254709
1311870539.554154 -1.376612663 -0.100630239 0.572360873 -0.084899172 0.512417674 0.246186182 0.818298638
1311870539.586271 -1.374269605 -0.099079758 0.573509037 -0.085235238 0.512749612 0.248072967 0.817485511
1311870539.622380 -1.373664737 -0.097461201 0.575142503 -0.085755169 0.512620986 0.250320137 0.816826582
1311870539.654246 -1.371044755 -0.094180241 0.570039630 -0.086907335 0.510461092 0.253309846 0.817135692
1311870539.686345 -1.367053747 -0.093024224 0.573279083 -0.088948429 0.510528147 0.255852222 0.816081345
1311870539.722235 -1.363110900 -0.094331585 0.574317694 -0.089432582 0.510365188 0.257718712 0.815542936
1311870539.754311 -1.362841725 -0.092981249 0.571721137 -0.088608950 0.509744644 0.257707864 0.816024244
1311870539.786602 -1.359630227 -0.093855381 0.571483910 -0.088680364 0.509383559 0.257391006 0.816341877
1311870539.822291 -1.358832717 -0.096233733 0.573060811 -0.088444792 0.511080742 0.256206274 0.815679073
1311870539.854254 -1.358403802 -0.097551472 0.571810484 -0.088280424 0.513630152 0.254576206 0.814605176
1311870539.886326 -1.356210828 -0.098116100 0.565520942 -0.088967562 0.516118109 0.251406074 0.813942194
1311870539.922326 -1.353513122 -0.098651804 0.566563189 -0.088678196 0.519717574 0.249519527 0.812262177
1311870539.954396 -1.352170229 -0.099396147 0.565177262 -0.087008841 0.521345913 0.249302611 0.811465442
1311870539.986265 -1.352037072 -0.098733664 0.563040912 -0.085173324 0.521465182 0.249737486 0.811449826
1311870540.022451 -1.349255085 -0.101272434 0.562609494 -0.085021250 0.521879017 0.249894962 0.811151147
1311870540.054248 -1.345393538 -0.104344420 0.562719822 -0.085066497 0.523485899 0.249696165 0.810171604
1311870540.086327 -1.345327377 -0.105165631 0.559508264 -0.084433407 0.526074886 0.250215769 0.808398604
1311870540.122405 -1.343260765 -0.103937238 0.562248290 -0.083239496 0.528296173 0.253643215 0.806002140
1311870540.154212 -1.339346409 -0.102050945 0.561770916 -0.081537336 0.527494848 0.256381631 0.805834532
1311870540.186183 -1.337184548 -0.103676431 0.560272455 -0.081215769 0.526735902 0.257052541 0.806149662
1311870540.222385 -1.336088061 -0.102370091 0.556961119 -0.080627598 0.526660323 0.257652700 0.806066453
1311870540.254274 -1.333370209 -0.101360738 0.555821478 -0.079694085 0.526429713 0.259577096 0.805692434
1311870540.286328 -1.331152678 -0.098048702 0.550887883 -0.078342415 0.523966670 0.262255043 0.806562901
1311870540.322198 -1.326300859 -0.099339128 0.549893737 -0.079121366 0.522019744 0.263724804 0.807269752
1311870540.354334 -1.319908857 -0.101515196 0.551125348 -0.079834148 0.522569239 0.263320535 0.806975961
1311870540.386386 -1.317080140 -0.100404002 0.550567508 -0.078123063 0.523969829 0.262796581 0.806405842
1311870540.422311 -1.315230727 -0.096695267 0.545723677 -0.076313414 0.523441195 0.262951910 0.806871653
1311870540.454309 -1.311424971 -0.095621675 0.542650938 -0.074887298 0.522235036 0.264017880 0.807438552
1311870540.486221 -1.306553841 -0.094212674 0.542648852 -0.073876560 0.521035135 0.264004111 0.808310866
1311870540.522337 -1.301667690 -0.093402140 0.539582014 -0.072928138 0.518822074 0.263332784 0.810037673
1311870540.554375 -1.296966195 -0.092922688 0.533391058 -0.073245242 0.516676903 0.261185169 0.812072933
1311870540.586464 -1.291164279 -0.091974124 0.529298544 -0.073613331 0.515344799 0.258526325 0.813735187
1311870540.622414 -1.285792828 -0.090275489 0.525290072 -0.074135825 0.512851059 0.255623162 0.816176713
1311870540.654269 -1.280775309 -0.089220516 0.519975960 -0.074820876 0.508988023 0.252540559 0.819485366
1311870540.686268 -1.278095841 -0.086605713 0.512084603 -0.073994868 0.504979908 0.250701427 0.822598815
1311870540.722364 -1.273346901 -0.086171135 0.506586850 -0.074164599 0.500737131 0.249616235 0.825502098
1311870540.754251 -1.267487645 -0.087229952 0.499011666 -0.075325340 0.496542543 0.247860789 0.828454375
1311870540.786246 -1.261045933 -0.085440569 0.494077861 -0.075718582 0.493560016 0.244304821 0.831252337
1311870540.822468 -1.254826546 -0.083286069 0.485364884 -0.075849779 0.490824789 0.239140332 0.834355891
1311870540.854236 -1.251693964 -0.083149493 0.476414382 -0.076515600 0.488374412 0.235732988 0.836699367
1311870540.886320 -1.244198680 -0.082017325 0.469139516 -0.078268185 0.485945284 0.232420087 0.838875532
1311870540.922347 -1.238402009 -0.080578409 0.462824941 -0.078897081 0.484262317 0.229507551 0.840590000
1311870540.954328 -1.233650208 -0.078271657 0.455267280 -0.079745002 0.482848465 0.225915566 0.842294633
1311870540.986261 -1.226234198 -0.077569358 0.446595669 -0.080937378 0.481613100 0.223289147 0.843587518
1311870541.022351 -1.222258091 -0.073933460 0.440065086 -0.079927869 0.480955541 0.221868128 0.844433427
1311870541.054387 -1.218494773 -0.071375668 0.435798079 -0.079507336 0.478700817 0.222130075 0.845684528
1311870541.086340 -1.214249969 -0.069845103 0.429525763 -0.080083460 0.475176632 0.222235397 0.847587883
1311870541.122437 -1.207982779 -0.068271518 0.421345383 -0.080338754 0.471391529 0.220538914 0.850116670
1311870541.154508 -1.205335021 -0.068039082 0.413480133 -0.081207857 0.468806595 0.218030229 0.852108240
1311870541.186431 -1.200448394 -0.068202093 0.409118295 -0.082752556 0.467195481 0.215597555 0.853462398
1311870541.222493 -1.198269963 -0.064367898 0.402708143 -0.083007991 0.464811623 0.214148656 0.855102420
1311870541.254588 -1.193521738 -0.060247086 0.393871218 -0.083953395 0.461374313 0.212989613 0.857158661
1311870541.286332 -1.191206574 -0.061226431 0.388296276 -0.085906819 0.459231347 0.212618679 0.858207345
1311870541.322625 -1.185666561 -0.058602016 0.384528309 -0.088197798 0.457915992 0.211751267 0.858892024
1311870541.354428 -1.182253957 -0.058035489 0.378095835 -0.089159369 0.456996232 0.211749673 0.859282911
1311870541.386374 -1.180316687 -0.054160807 0.374197215 -0.088993803 0.455984563 0.211565018 0.859882772
1311870541.422454 -1.179802537 -0.051039513 0.368183702 -0.089109518 0.454355031 0.211370885 0.860780656
1311870541.454513 -1.178068519 -0.047051951 0.360541135 -0.089724660 0.452546686 0.210924461 0.861778319
1311870541.486795 -1.176439643 -0.046328586 0.356611222 -0.091310754 0.451736808 0.211088508 0.861996412
1311870541.522439 -1.173740745 -0.043713350 0.351845920 -0.092393488 0.451026350 0.211113706 0.862246871
1311870541.555173 -1.175534844 -0.040396661 0.345098436 -0.093426012 0.450448036 0.210985497 0.862469256
1311870541.586667 -1.171672106 -0.040914591 0.342439085 -0.095450282 0.450331539 0.210131839 0.862516880
1311870541.622463 -1.169363022 -0.037734315 0.340346366 -0.094788201 0.451012701 0.208590955 0.862607956
1311870541.654490 -1.167646646 -0.039187551 0.335146219 -0.094450764 0.451810479 0.207454041 0.862501681
1311870541.686496 -1.168311000 -0.037826248 0.331412494 -0.092949182 0.453073740 0.206216887 0.862298787
1311870541.722353 -1.168150306 -0.037172630 0.328521281 -0.091378354 0.454477072 0.206585675 0.861639678
1311870541.754325 -1.165369511 -0.035355661 0.326966822 -0.088670328 0.455801636 0.208646625 0.860725880
1311870541.786545 -1.166298151 -0.034663204 0.325105667 -0.086089186 0.456847399 0.210099772 0.860079765
1311870541.822399 -1.166203737 -0.036262896 0.323552668 -0.085157178 0.456413418 0.211765364 0.859994471
1311870541.854332 -1.164108038 -0.037359461 0.325482756 -0.083792679 0.455329031 0.213600487 0.860249460
1311870541.886498 -1.165525913 -0.036944009 0.325455546 -0.081763089 0.453775108 0.213381127 0.861319602
1311870541.922427 -1.163832664 -0.039420776 0.326660097 -0.082431361 0.453067511 0.211517766 0.862087667
1311870541.954548 -1.163954020 -0.041086242 0.325438440 -0.081574850 0.453306913 0.210118726 0.862385392
1311870541.986569 -1.163002968 -0.039194129 0.327325284 -0.079924971 0.453570992 0.209878698 0.862459421
1311870542.022417 -1.162964940 -0.040041585 0.326652080 -0.078791477 0.452866405 0.210721552 0.862728417
1311870542.054327 -1.163261414 -0.039585322 0.325798392 -0.077562965 0.452435791 0.210344493 0.863157630
1311870542.086535 -1.164184451 -0.041611705 0.324390769 -0.077511474 0.453168988 0.211257741 0.862554371
1311870542.122433 -1.164214134 -0.040698040 0.327739030 -0.078035489 0.454660535 0.213648677 0.861132085
1311870542.154468 -1.163885355 -0.044761378 0.333472371 -0.079227872 0.455447644 0.213934317 0.860536158
1311870542.186374 -1.162112236 -0.047014739 0.337875605 -0.079757743 0.454287231 0.212151617 0.861541390
1311870542.222469 -1.161009073 -0.046689216 0.338173598 -0.079406306 0.451997995 0.209191188 0.863499582
1311870542.254367 -1.161043763 -0.049222872 0.339352816 -0.078777172 0.450626522 0.208210468 0.864510417
1311870542.286569 -1.160299540 -0.054282855 0.340012640 -0.078095049 0.450667560 0.210189849 0.864071846
1311870542.322368 -1.160778403 -0.054492008 0.340980351 -0.075542159 0.450852513 0.214448050 0.863155544
1311870542.354466 -1.159406900 -0.053800367 0.346006244 -0.074543521 0.449328005 0.217663482 0.863232434
1311870542.386344 -1.158092976 -0.059025187 0.349939942 -0.076190665 0.448269993 0.216918066 0.863826156
1311870542.422546 -1.159422159 -0.062572300 0.348039746 -0.076964132 0.448005795 0.214333892 0.864539385
1311870542.454398 -1.157736540 -0.062396586 0.347775459 -0.076097801 0.448429942 0.214032978 0.864470720
1311870542.486607 -1.159131050 -0.062167592 0.350194991 -0.074907355 0.449158847 0.216262981 0.863640845
1311870542.522398 -1.156652093 -0.062194429 0.351191401 -0.074528560 0.448073179 0.219118699 0.863517761
1311870542.554522 -1.155960441 -0.064498059 0.352049351 -0.074680232 0.447244108 0.220624909 0.863550901
1311870542.586430 -1.155261397 -0.067266770 0.352755994 -0.076467045 0.447288245 0.219439030 0.863673866
1311870542.622435 -1.153192401 -0.068139464 0.351433516 -0.077728435 0.448707074 0.218786120 0.862990677
1311870542.654545 -1.152139068 -0.067996532 0.354248017 -0.078395084 0.450785458 0.219323501 0.861709893
1311870542.686551 -1.151421428 -0.065859638 0.353766203 -0.079508007 0.450523287 0.218989760 0.861829877
1311870542.722485 -1.151373386 -0.065549992 0.357030183 -0.081016712 0.448567539 0.219265506 0.862639010
1311870542.754612 -1.148819327 -0.062915996 0.356650501 -0.081356972 0.443791479 0.220417440 0.864781082
1311870542.786515 -1.145584106 -0.065107241 0.355235845 -0.083319880 0.440078467 0.219571874 0.866704643
1311870542.822618 -1.140193701 -0.067619100 0.351192743 -0.083733991 0.439040899 0.219948411 0.867095411
1311870542.854518 -1.135504961 -0.066597089 0.346198589 -0.082370609 0.438940287 0.221341178 0.866922498
1311870542.886471 -1.134861350 -0.065267459 0.347967803 -0.081340179 0.439342380 0.221280113 0.866831660
1311870542.922511 -1.133181334 -0.065265656 0.343017340 -0.081999391 0.437143415 0.219768256 0.868264735
1311870542.954692 -1.127650738 -0.061865903 0.339889288 -0.081102811 0.433596224 0.218309283 0.870492756
1311870542.986531 -1.123684287 -0.064721927 0.335611165 -0.080971465 0.430285245 0.217002675 0.872472405
1311870543.022361 -1.121506810 -0.062547013 0.326620847 -0.080041967 0.427275985 0.215417117 0.874427795
1311870543.054503 -1.115386486 -0.063198626 0.321869761 -0.079954043 0.425044656 0.214462534 0.875756979
1311870543.086501 -1.113348365 -0.061102852 0.316825479 -0.078545451 0.423370808 0.213852972 0.876843631
1311870543.122447 -1.107868910 -0.058588054 0.309027612 -0.078220837 0.419802368 0.213625893 0.878641844
1311870543.154423 -1.105158925 -0.058068331 0.303404182 -0.079046160 0.416781574 0.211677745 0.880475640
1311870543.186537 -1.101146102 -0.056106512 0.291941643 -0.080088235 0.413356483 0.208950326 0.882644892
1311870543.222444 -1.096068144 -0.054818310 0.286786407 -0.081717357 0.411577463 0.205901608 0.884042323
1311870543.254396 -1.091768384 -0.052627549 0.279334068 -0.082560621 0.409449518 0.202142268 0.885817885
1311870543.286693 -1.087493777 -0.049615599 0.271657586 -0.083965980 0.406872779 0.199075639 0.887565851
1311870543.322559 -1.080954909 -0.048297722 0.263195217 -0.085056424 0.404020280 0.195926115 0.889463902
1311870543.354735 -1.077223659 -0.048047397 0.257079631 -0.086129867 0.402168602 0.192436710 0.890960217
1311870543.386750 -1.071812868 -0.043525863 0.249418631 -0.085944124 0.399309337 0.189199507 0.892955303
1311870543.422566 -1.068022132 -0.041567266 0.241183639 -0.086575635 0.396508634 0.185933083 0.894826472
1311870543.454309 -1.064528704 -0.040026814 0.233077079 -0.086979561 0.394100815 0.182922348 0.896470010
1311870543.486520 -1.061248183 -0.036427222 0.222419232 -0.085959591 0.391473830 0.182040066 0.897897899
1311870543.522582 -1.058060169 -0.032090120 0.215222210 -0.085701689 0.389365762 0.181035399 0.899041533
1311870543.554798 -1.057072878 -0.029859584 0.204994187 -0.085810266 0.387100488 0.180704758 0.900075316
1311870543.586450 -1.050642729 -0.025869731 0.198427498 -0.086030811 0.383935750 0.181060702 0.901337385
1311870543.622532 -1.051020741 -0.024643023 0.191028714 -0.087048300 0.380519032 0.182173282 0.902463675
1311870543.654514 -1.048700929 -0.020909067 0.187265337 -0.087874100 0.375835240 0.182787076 0.904220581
1311870543.686479 -1.045100570 -0.018349394 0.176712558 -0.089577131 0.370155215 0.183212996 0.906307936
1311870543.722474 -1.038205028 -0.020645030 0.174400166 -0.093394347 0.368150711 0.181587324 0.907065928
1311870543.754435 -1.034255147 -0.022827247 0.165466294 -0.095617369 0.368027568 0.179465845 0.907306492
1311870543.786567 -1.026029587 -0.015383129 0.166072503 -0.094066732 0.370834082 0.178299561 0.906555474
1311870543.822562 -1.025033355 -0.013503390 0.158426881 -0.092779323 0.373184890 0.176514119 0.906072736
1311870543.854650 -1.021998048 -0.008604556 0.154872105 -0.091461726 0.374287903 0.176318258 0.905789793
1311870543.886603 -1.019860148 -0.005123402 0.149560317 -0.088943161 0.374208212 0.178845912 0.905578017
1311870543.922562 -1.018286467 -0.003726203 0.147264972 -0.087931544 0.373398185 0.181194961 0.905544162
1311870543.954493 -1.017021060 -0.003312575 0.144913897 -0.087697133 0.372692555 0.181219548 0.905852616
1311870543.986550 -1.013007045 -0.004538286 0.140321195 -0.088326164 0.372850627 0.180712447 0.905827761
1311870544.022508 -1.010342360 -0.003768391 0.137708679 -0.087498575 0.374394357 0.181546494 0.905104280
1311870544.054454 -1.007017016 0.000199939 0.135831013 -0.086893648 0.375363797 0.182291463 0.904611170
1311870544.086527 -1.006968379 0.000334970 0.136701062 -0.088010043 0.377289504 0.183991119 0.903357148
1311870544.122512 -1.002935410 0.003367611 0.132855043 -0.088756576 0.377551883 0.185593382 0.902846575
1311870544.154676 -1.001640201 0.005504717 0.133742586 -0.090729684 0.378669977 0.185332596 0.902235568
1311870544.186896 -0.996836722 0.006437549 0.132235795 -0.093709968 0.379779935 0.185659394 0.901396811
1311870544.222602 -0.993561625 0.008126453 0.132243216 -0.095337123 0.382148385 0.186899439 0.899967790
1311870544.254540 -0.989153385 0.007927014 0.134247899 -0.097177126 0.384220898 0.188361973 0.898582578
1311870544.286587 -0.984373033 0.009637766 0.134681970 -0.098368764 0.386127979 0.189668536 0.897359788
1311870544.322554 -0.983000815 0.008345935 0.134418949 -0.099954642 0.388983786 0.192225814 0.895404875
1311870544.354609 -0.977037311 0.009650158 0.135791436 -0.100624435 0.391367167 0.194905818 0.893710375
1311870544.386694 -0.972984791 0.009783865 0.137561381 -0.100702375 0.393214971 0.195412040 0.892779469
1311870544.422518 -0.969511330 0.009162035 0.137404561 -0.100607939 0.394487679 0.195348918 0.892242312
1311870544.454952 -0.965963960 0.007345706 0.138721973 -0.099098757 0.396278739 0.194947317 0.891705155
1311870544.486493 -0.962276757 0.008513701 0.136451602 -0.097526513 0.397806317 0.195136532 0.891156793
1311870544.522511 -0.958683789 0.006857964 0.135293037 -0.096108019 0.399935573 0.196832478 0.889984131
1311870544.554697 -0.954151869 0.008714410 0.133971125 -0.093961328 0.401636362 0.199481830 0.888856828
1311870544.586533 -0.951737106 0.010712166 0.132415771 -0.092575394 0.403238654 0.202449068 0.887605011
1311870544.622497 -0.951312244 0.010511378 0.135560498 -0.092645980 0.405164331 0.204876900 0.886162519
1311870544.654693 -0.945451140 0.012084669 0.135309011 -0.091973089 0.404930770 0.207246915 0.885788202
1311870544.686484 -0.941962183 0.011911471 0.134872586 -0.092100121 0.404817402 0.208418936 0.885551810
1311870544.722542 -0.937870502 0.013385183 0.133721873 -0.092328228 0.404443800 0.209832042 0.885365009
1311870544.754551 -0.933659077 0.013846122 0.132805824 -0.092223063 0.403616279 0.212268323 0.885172844
1311870544.786501 -0.929222703 0.014833117 0.131917268 -0.092743896 0.402192742 0.213890702 0.885375798
1311870544.822618 -0.922417641 0.016887804 0.129088670 -0.092526324 0.399935752 0.214598402 0.886249304
1311870544.855021 -0.918217540 0.016239312 0.129303813 -0.093131274 0.399305999 0.214785486 0.886424541
1311870544.890655 -0.914890349 0.017535727 0.128590941 -0.092443965 0.398862153 0.214541510 0.886755347
1311870544.922592 -0.908148468 0.016558975 0.126123846 -0.092458010 0.396831572 0.214595556 0.887651384
1311870544.954606 -0.903107047 0.018274587 0.121946953 -0.091442093 0.394362241 0.213540852 0.889110267
1311870544.990496 -0.898310661 0.019764885 0.123536840 -0.090771466 0.392678201 0.211249769 0.890470624
1311870545.022553 -0.895274043 0.020173162 0.115257099 -0.090271406 0.389882088 0.209152788 0.892243326
1311870545.054668 -0.892289639 0.020493446 0.112886228 -0.090422608 0.387866735 0.206127107 0.893809140
1311870545.090638 -0.885814488 0.023370672 0.102191649 -0.090219408 0.383456945 0.202871665 0.896473289
1311870545.122537 -0.883907616 0.024921350 0.097043045 -0.091705054 0.380021185 0.198889062 0.898675263
1311870545.154758 -0.878518641 0.028857928 0.090056144 -0.092825420 0.375635237 0.195140630 0.901222408
1311870545.190523 -0.876312077 0.033291616 0.084123701 -0.094246276 0.371364713 0.191588461 0.903603792
1311870545.222656 -0.871390402 0.036297232 0.076593257 -0.096549794 0.366469383 0.188207015 0.906066477
1311870545.254684 -0.868684173 0.038912661 0.068160623 -0.099438637 0.361891329 0.185304329 0.908189952
1311870545.290663 -0.860264242 0.044133849 0.059983820 -0.101783864 0.356284738 0.182454675 0.910720348
1311870545.322603 -0.855975986 0.050106414 0.049422234 -0.102885492 0.351546407 0.179338306 0.913053930
1311870545.354649 -0.849390566 0.053055368 0.038484178 -0.105126515 0.346987814 0.178071752 0.914788663
1311870545.390609 -0.843412876 0.054577500 0.027829288 -0.107666269 0.343150020 0.177551195 0.916041255
1311870545.422677 -0.839668572 0.060155842 0.021920955 -0.108600207 0.340197921 0.176935300 0.917150617
1311870545.454786 -0.835667789 0.063781753 0.013995172 -0.109292462 0.336355686 0.177214518 0.918430746
1311870545.490531 -0.834015071 0.068310283 0.007931755 -0.109974541 0.333106041 0.174929231 0.919970512
1311870545.522543 -0.830195427 0.066682026 -0.000468712 -0.111589156 0.330217987 0.172005981 0.921367407
1311870545.554599 -0.825648189 0.070828833 -0.012825347 -0.111145563 0.326512456 0.170632854 0.922995508
1311870545.590637 -0.826303065 0.075565025 -0.020368753 -0.110360682 0.324036807 0.169618264 0.924148440
1311870545.622567 -0.820393980 0.078453772 -0.028138125 -0.111374348 0.319777846 0.168473318 0.925718427
1311870545.654573 -0.816861629 0.081483565 -0.038305588 -0.111655049 0.316098243 0.167888269 0.927053690
1311870545.690650 -0.816221118 0.082722455 -0.046289042 -0.112731874 0.313677728 0.167811841 0.927759111
1311870545.722708 -0.813835025 0.088504411 -0.054884296 -0.112932511 0.310380042 0.169010773 0.928625762
1311870545.754829 -0.810357094 0.090387143 -0.061977468 -0.114682086 0.306251347 0.170571238 0.929496408
1311870545.790659 -0.809166253 0.095834859 -0.066920131 -0.115558542 0.303133786 0.171516404 0.930235624
1311870545.822700 -0.802176595 0.098146521 -0.073896267 -0.117398717 0.299412340 0.170571387 0.931383491
1311870545.854783 -0.802479506 0.104525216 -0.078566983 -0.117513970 0.297659397 0.168129370 0.932374299
1311870545.890801 -0.798163056 0.106325336 -0.087206542 -0.118389025 0.295929581 0.165840372 0.933223844
1311870545.922584 -0.799619257 0.112525761 -0.090542547 -0.117758214 0.297972977 0.163635656 0.933042586
1311870545.954811 -0.792798162 0.110311292 -0.097526200 -0.118247829 0.298353046 0.164548010 0.932698667
1311870545.990635 -0.790083766 0.111445673 -0.100481391 -0.117536850 0.298729330 0.166243941 0.932367325
1311870546.022658 -0.786504328 0.115495242 -0.106351577 -0.116589613 0.297560990 0.167719975 0.932595491
1311870546.054892 -0.784152329 0.117011271 -0.110468067 -0.115497589 0.298037469 0.169328108 0.932288587
1311870546.090934 -0.778944314 0.118216224 -0.117253251 -0.114942305 0.298912317 0.169032350 0.932130754
1311870546.122708 -0.776730895 0.120573111 -0.118477024 -0.114192270 0.301117539 0.168049410 0.931690812
1311870546.154630 -0.771228552 0.121529102 -0.123043545 -0.112785399 0.302507639 0.170124888 0.931034982
1311870546.190742 -0.766558230 0.127083749 -0.127025008 -0.111235932 0.303056300 0.171395853 0.930809796
1311870546.222659 -0.762360394 0.126404956 -0.130086169 -0.112152323 0.303295314 0.172370389 0.930441976
1311870546.254715 -0.759726882 0.129544303 -0.129350483 -0.111984208 0.303978801 0.174293920 0.929880679
1311870546.290727 -0.756407857 0.130860910 -0.130662844 -0.111925803 0.304455429 0.176602095 0.929296076
1311870546.322664 -0.750852704 0.129970387 -0.133994520 -0.113103323 0.303201675 0.177990764 0.929298460
1311870546.354807 -0.745697558 0.128803790 -0.137450278 -0.114870518 0.301477075 0.177228212 0.929788411
1311870546.390689 -0.740722239 0.131617799 -0.139009371 -0.115282498 0.300323546 0.176713645 0.930208564
1311870546.422785 -0.737183928 0.133879736 -0.137000591 -0.116262048 0.299881428 0.174626008 0.930623472
1311870546.454649 -0.727079868 0.133357182 -0.141218975 -0.117565073 0.297841817 0.171549633 0.931686342
1311870546.490793 -0.723616421 0.131806836 -0.139254972 -0.119010508 0.298709929 0.168541089 0.931773961
1311870546.522750 -0.721523106 0.134753034 -0.138605833 -0.117878422 0.299421072 0.167446136 0.931887031
1311870546.554861 -0.713651538 0.133845404 -0.139026105 -0.118550733 0.298359215 0.166577458 0.932297945
1311870546.590781 -0.704108119 0.136932135 -0.142299443 -0.118246630 0.296234131 0.164895579 0.933312654
1311870546.622718 -0.695875943 0.132014111 -0.139457494 -0.119656160 0.295241475 0.163166001 0.933751404
1311870546.654864 -0.689114869 0.134214684 -0.142076895 -0.119007699 0.293716013 0.161167786 0.934661984
1311870546.690819 -0.682866573 0.131684899 -0.141351163 -0.120021276 0.292403519 0.158806115 0.935347915
1311870546.722746 -0.675646424 0.132029504 -0.143958360 -0.119236492 0.289550066 0.157226622 0.936601937
1311870546.754758 -0.665977538 0.128352121 -0.141237617 -0.120974161 0.286233813 0.156035468 0.937597096
1311870546.790674 -0.660219252 0.124467313 -0.140505299 -0.121373445 0.283806354 0.153969139 0.938624501
1311870546.822614 -0.653775513 0.126545742 -0.140767559 -0.120700374 0.281656533 0.149031579 0.940154552
1311870546.855436 -0.650264442 0.120999664 -0.141498297 -0.120375320 0.281246364 0.146269634 0.940752566
1311870546.890755 -0.642432809 0.121659994 -0.140246987 -0.118774161 0.279988378 0.144722328 0.941570342
1311870546.922740 -0.636289477 0.116162747 -0.142760888 -0.117872119 0.278672040 0.143789113 0.942216933
1311870546.954680 -0.632957458 0.118707530 -0.141394794 -0.115493394 0.278625727 0.141472399 0.942875683
1311870546.990973 -0.627040863 0.116745323 -0.143413752 -0.114523314 0.278009713 0.139167622 0.943518639
1311870547.022663 -0.617774010 0.111221477 -0.146081656 -0.114131495 0.276850760 0.137939796 0.944086969
1311870547.054663 -0.615620136 0.111607961 -0.144899026 -0.112100989 0.276007354 0.137493446 0.944642186
1311870547.090644 -0.611689925 0.113131709 -0.144575864 -0.110372789 0.272954732 0.137002751 0.945803285
1311870547.122659 -0.609412551 0.115825057 -0.144473910 -0.109273717 0.269285023 0.137382343 0.946927130
1311870547.154863 -0.604212642 0.111084856 -0.146845937 -0.110969432 0.264905840 0.138546363 0.947795093
1311870547.190789 -0.598206937 0.114920482 -0.148616850 -0.111557119 0.261209100 0.138503566 0.948757887
1311870547.222724 -0.594650328 0.114409439 -0.148590431 -0.112642638 0.259051710 0.138531387 0.949217021
1311870547.254843 -0.589853942 0.116118655 -0.144768864 -0.112790763 0.257405430 0.137262031 0.949831486
1311870547.290729 -0.584644258 0.114745095 -0.146106347 -0.112724118 0.254619569 0.137340218 0.950578690
1311870547.322669 -0.583162665 0.117345251 -0.145547867 -0.111189619 0.252946883 0.136404395 0.951340437
1311870547.355067 -0.581373930 0.118000224 -0.145300701 -0.110293739 0.252058119 0.135986388 0.951740384
1311870547.390896 -0.578411043 0.117864653 -0.147676259 -0.109044053 0.250321209 0.137182117 0.952171087
1311870547.423247 -0.576152861 0.115036719 -0.147782192 -0.109085970 0.248852104 0.138777524 0.952320158
1311870547.454876 -0.573282599 0.117693514 -0.148839772 -0.108305015 0.246453777 0.138921782 0.953011692
1311870547.490882 -0.570130765 0.115462363 -0.149856657 -0.108492725 0.244204566 0.138958886 0.953563809
1311870547.522831 -0.567442715 0.115629904 -0.152009428 -0.108324185 0.241836831 0.137326136 0.954422534
1311870547.554861 -0.565463424 0.119699106 -0.153331876 -0.107282653 0.239684671 0.134870410 0.955432713
1311870547.590703 -0.561196804 0.116728529 -0.157486007 -0.107578434 0.236345023 0.132939294 0.956501484
1311870547.624176 -0.557375610 0.118181303 -0.160324752 -0.107262686 0.233165205 0.131320745 0.957540393
1311870547.654989 -0.556232214 0.117085703 -0.164040670 -0.108073525 0.230221123 0.130518466 0.958270967
1311870547.690803 -0.551772714 0.118695341 -0.166660115 -0.108130753 0.226127014 0.129323021 0.959400833
1311870547.723212 -0.551164448 0.118963987 -0.170389637 -0.108268209 0.223185688 0.127531886 0.960313380
1311870547.755090 -0.548241556 0.118930116 -0.174954847 -0.107937217 0.220519364 0.126398310 0.961116135
1311870547.790887 -0.544846296 0.119441621 -0.180303246 -0.107444204 0.217827991 0.124008760 0.962095916
1311870547.822833 -0.538341999 0.122206040 -0.183412477 -0.105931208 0.215105280 0.123204879 0.962979138
1311870547.855177 -0.535147786 0.119874962 -0.191700950 -0.105492651 0.212980106 0.122690827 0.963565111
1311870547.890824 -0.533983231 0.124572769 -0.197962955 -0.104656026 0.211270690 0.121570848 0.964174449
1311870547.922822 -0.528223336 0.125582874 -0.204756126 -0.104644582 0.208605245 0.121448413 0.964771271
1311870547.954984 -0.528876781 0.126113132 -0.209145412 -0.105252661 0.208177060 0.120006017 0.964978099
1311870547.990874 -0.525709212 0.128629625 -0.214372188 -0.105299145 0.207546398 0.117984824 0.965358078
1311870548.022941 -0.523341119 0.133083060 -0.220749632 -0.105087467 0.207603559 0.116383843 0.965563118
1311870548.054917 -0.516987145 0.134565681 -0.223757282 -0.105408415 0.206908301 0.115944311 0.965730250
1311870548.090697 -0.516907573 0.138547361 -0.230580747 -0.104953788 0.206866220 0.115381747 0.965856135
1311870548.122924 -0.511110604 0.141942695 -0.237432122 -0.105447449 0.205982059 0.114990495 0.966037989
1311870548.154835 -0.511846423 0.143475339 -0.239078611 -0.106532976 0.207078964 0.114215955 0.965776205
1311870548.191024 -0.505287290 0.144419983 -0.244322538 -0.108260669 0.205887660 0.115514457 0.965684354
1311870548.222826 -0.501516402 0.148364589 -0.248628080 -0.108905166 0.204705313 0.115642071 0.965847969
1311870548.254853 -0.500681400 0.148041457 -0.252841026 -0.110543862 0.204131275 0.114494815 0.965920031
1311870548.290832 -0.496341199 0.150134817 -0.256771863 -0.111888833 0.202871099 0.113447495 0.966154158
1311870548.323014 -0.492543608 0.150978163 -0.259100735 -0.112782240 0.202102557 0.112947561 0.966269910
1311870548.355018 -0.488337070 0.151457176 -0.265490919 -0.113568045 0.200691104 0.111760013 0.966610134
1311870548.390790 -0.487848788 0.152836666 -0.269356251 -0.114620209 0.200361222 0.111007579 0.966641068
1311870548.423124 -0.483336568 0.156435251 -0.273588270 -0.114842281 0.199671388 0.110216685 0.966847897
1311870548.454948 -0.481623501 0.163746387 -0.278298557 -0.113759249 0.199864715 0.108768471 0.967099965
1311870548.490974 -0.475627601 0.165945530 -0.283850729 -0.114212371 0.199197367 0.108677454 0.967194498
1311870548.522930 -0.474061370 0.166086614 -0.288463533 -0.114826992 0.198864594 0.109312855 0.967118621
1311870548.554992 -0.473197818 0.167526022 -0.288219303 -0.115303665 0.198481485 0.109293625 0.967142761
1311870548.590937 -0.470356643 0.168766484 -0.291255653 -0.115574576 0.197379559 0.108875789 0.967383027
1311870548.622907 -0.469489574 0.172584340 -0.294788361 -0.115796246 0.197870716 0.107926361 0.967362583
1311870548.654863 -0.469705611 0.172776043 -0.294065118 -0.116451055 0.199912637 0.106435560 0.967029274
1311870548.690823 -0.465220124 0.175487265 -0.297418267 -0.116046004 0.199745789 0.106046543 0.967155159
1311870548.723045 -0.467474669 0.178025365 -0.297342718 -0.116005786 0.199572638 0.106261954 0.967172086
1311870548.755029 -0.468660146 0.178012833 -0.294314474 -0.116154417 0.198555499 0.106291153 0.967360318
1311870548.790849 -0.469688028 0.173574716 -0.294989467 -0.116564326 0.196700305 0.107699044 0.967534304
1311870548.823040 -0.469480902 0.176121190 -0.295156389 -0.116059974 0.193451703 0.108579524 0.968151331
1311870548.854973 -0.471351206 0.176534534 -0.295765907 -0.115809336 0.190593511 0.108603828 0.968745351
1311870548.890795 -0.472059369 0.176850110 -0.295565873 -0.115918398 0.187594086 0.110252202 0.969131470
1311870548.922923 -0.471379131 0.179679930 -0.296253026 -0.115716480 0.184091642 0.109713569 0.969888091
1311870548.954848 -0.473452091 0.178047881 -0.293393016 -0.116392963 0.182088703 0.110533975 0.970092058
1311870548.991138 -0.475815624 0.177599117 -0.293795943 -0.116253994 0.179915965 0.110821135 0.970481277
1311870549.023006 -0.479343057 0.176889256 -0.291115761 -0.116263486 0.178462893 0.111431420 0.970678568
1311870549.054757 -0.481385887 0.181734502 -0.291505963 -0.115099110 0.176294938 0.111129858 0.971247852
1311870549.090938 -0.484598637 0.181477457 -0.290151596 -0.115296677 0.175957784 0.110491537 0.971358418
1311870549.122900 -0.489104837 0.179602265 -0.287961513 -0.114755765 0.177125081 0.111037560 0.971148014
1311870549.154892 -0.493679404 0.177757949 -0.287712425 -0.114537358 0.178109109 0.110212244 0.971087813
1311870549.190886 -0.495211720 0.173919767 -0.286078960 -0.116003171 0.178600177 0.109512992 0.970902741
1311870549.222929 -0.498525679 0.171661332 -0.282140255 -0.115784258 0.180688530 0.108236529 0.970685601
1311870549.255420 -0.500938892 0.170834258 -0.281645060 -0.114575692 0.182368517 0.107649475 0.970580101
1311870549.291238 -0.505663157 0.169635668 -0.277193427 -0.114511453 0.184455991 0.108240515 0.970127344
1311870549.322870 -0.508589923 0.167359695 -0.273622900 -0.114729330 0.185898855 0.110468037 0.969574988
1311870549.354935 -0.512763500 0.168125704 -0.271636069 -0.114679329 0.186610669 0.112734430 0.969183207
1311870549.390878 -0.517482698 0.165519908 -0.266288519 -0.116526395 0.187493235 0.114887908 0.968539417
1311870549.422995 -0.521852493 0.160722136 -0.259958833 -0.117466509 0.188643649 0.115443334 0.968136370
1311870549.454798 -0.523709238 0.156876042 -0.255532831 -0.117515981 0.189537019 0.114567198 0.968059957
1311870549.490948 -0.530555904 0.155479982 -0.251471877 -0.116478927 0.192084759 0.112961113 0.967871845
1311870549.522845 -0.536579311 0.153518960 -0.246773288 -0.115400821 0.195257977 0.114493333 0.967185736
1311870549.554992 -0.539855719 0.150618762 -0.244658053 -0.113824867 0.196829692 0.118645296 0.966553271
1311870549.590903 -0.544412196 0.150632605 -0.241997838 -0.113686226 0.196429715 0.120819323 0.966381669
1311870549.622816 -0.546086848 0.149720028 -0.237821147 -0.114886343 0.195519298 0.122175105 0.966253877
1311870549.655066 -0.550178349 0.146361515 -0.233050346 -0.115102544 0.195995301 0.122343339 0.966110408
1311870549.691035 -0.555155814 0.142713621 -0.231360078 -0.115404069 0.197261542 0.121150322 0.965967059
1311870549.722894 -0.559204996 0.139564127 -0.226705611 -0.115975752 0.198747292 0.119803816 0.965761960
1311870549.755228 -0.566611528 0.140561506 -0.224485561 -0.114475518 0.201639086 0.120388746 0.965268672
1311870549.791268 -0.568206966 0.142039344 -0.225802556 -0.113778062 0.202360973 0.121476784 0.965063691
1311870549.823422 -0.566546559 0.137918174 -0.223450318 -0.115381636 0.201472744 0.123610958 0.964788079
1311870549.854982 -0.570663333 0.136893362 -0.222422719 -0.116679996 0.201052666 0.125972569 0.964414060
1311870549.891018 -0.572784364 0.135966927 -0.219343469 -0.118495196 0.199768856 0.126103103 0.964442492
1311870549.923205 -0.572079241 0.135255307 -0.218356162 -0.120153546 0.198772043 0.125564560 0.964513540
1311870549.954941 -0.576918602 0.136690021 -0.214642838 -0.120420069 0.200747162 0.125216007 0.964116454
1311870549.990979 -0.579066277 0.134655163 -0.210546523 -0.120597124 0.202202961 0.125844300 0.963708222
1311870550.023489 -0.585022211 0.134187862 -0.210213423 -0.120196655 0.203421608 0.125302941 0.963572323
1311870550.054924 -0.585538805 0.133576140 -0.208432540 -0.119861446 0.203136280 0.124856450 0.963732183
1311870550.090979 -0.588374376 0.134843379 -0.208287731 -0.118657365 0.204004064 0.124188118 0.963784218
1311870550.123038 -0.590195119 0.131024241 -0.206942394 -0.119393468 0.205052465 0.123213112 0.963595986
1311870550.154996 -0.595408618 0.132293075 -0.205856040 -0.119078308 0.207179219 0.123069577 0.963198304
1311870550.190993 -0.599111438 0.130255699 -0.204626873 -0.119491458 0.208569691 0.123114139 0.962841272
1311870550.223075 -0.598586440 0.130593628 -0.202508435 -0.120206222 0.207664266 0.122640379 0.963008523
1311870550.254889 -0.599597394 0.129244804 -0.201163754 -0.120952718 0.207057193 0.121614553 0.963175833
1311870550.290958 -0.602876425 0.131913245 -0.200954705 -0.120129958 0.207283244 0.120538041 0.963365495
1311870550.323124 -0.603985667 0.130408302 -0.198961154 -0.120331056 0.207365319 0.119349726 0.963470638
1311870550.355127 -0.607672572 0.130143449 -0.200441480 -0.120426916 0.207769215 0.118468806 0.963480413
1311870550.391181 -0.607739985 0.127501890 -0.196897224 -0.121275052 0.207643911 0.119475402 0.963276684
1311870550.422917 -0.614836276 0.132362157 -0.199678496 -0.119679295 0.207714736 0.119637363 0.963440895
1311870550.454866 -0.617092431 0.129177257 -0.195527092 -0.122051097 0.207433954 0.118666232 0.963323951
1311870550.492495 -0.619026601 0.129740149 -0.193328679 -0.122209221 0.208143294 0.117454559 0.963299394
1311870550.523326 -0.619045913 0.128345817 -0.193025142 -0.122383192 0.208807573 0.117634863 0.963111520
1311870550.554989 -0.620334566 0.127183154 -0.190079987 -0.122777835 0.208594218 0.117810383 0.963086069
1311870550.591150 -0.625773668 0.128267884 -0.190116316 -0.122699842 0.207636207 0.116933964 0.963409781
1311870550.622970 -0.625850916 0.133311659 -0.192246079 -0.122053489 0.205482453 0.116198160 0.964042485
1311870550.654870 -0.627946317 0.131076962 -0.191033766 -0.123526417 0.205575839 0.116220616 0.963832200
1311870550.690953 -0.628034592 0.128948346 -0.189453021 -0.124103114 0.206090897 0.117094420 0.963542342
1311870550.723132 -0.631227374 0.129480854 -0.188566506 -0.124736413 0.206819937 0.116941504 0.963322937
1311870550.755207 -0.629027545 0.130007952 -0.188156754 -0.125095278 0.206610009 0.117514163 0.963251710
1311870550.790930 -0.630853832 0.129289746 -0.186416671 -0.125131682 0.208007246 0.117595382 0.962936342
1311870550.823148 -0.631563306 0.130521744 -0.185664609 -0.124687403 0.209359109 0.118096828 0.962639570
1311870550.854892 -0.630952179 0.128313497 -0.187148571 -0.125288427 0.210591912 0.118196636 0.962280333
1311870550.890890 -0.631759405 0.128910169 -0.186092213 -0.125025183 0.212475955 0.118664190 0.961842775
1311870550.922959 -0.633691132 0.128823504 -0.184761569 -0.123852007 0.214594737 0.119116709 0.961468160
1311870550.955055 -0.634035289 0.128156021 -0.186292186 -0.123667754 0.214947939 0.120339923 0.961260617
1311870550.990978 -0.636617124 0.128554627 -0.184776843 -0.123547152 0.215192139 0.120358720 0.961219132
1311870551.023157 -0.635708094 0.127151877 -0.183504254 -0.123140015 0.213474393 0.120229542 0.961670458
1311870551.055074 -0.638382137 0.125943854 -0.183621377 -0.122870304 0.212424561 0.119514212 0.962026536
1311870551.091058 -0.638109505 0.126847520 -0.185575724 -0.122452140 0.211641252 0.118561566 0.962370276
1311870551.123105 -0.638401270 0.127564400 -0.183106571 -0.121640198 0.212033659 0.118662260 0.962374508
1311870551.155407 -0.637845755 0.127282426 -0.185071707 -0.121227868 0.211213067 0.118189350 0.962665081
1311870551.190967 -0.642000318 0.128398269 -0.185049787 -0.121056497 0.212105408 0.117816120 0.962536216
1311870551.222839 -0.640493751 0.127890036 -0.183960199 -0.121392176 0.212066948 0.116533279 0.962658584
1311870551.254952 -0.642716587 0.127575874 -0.184035927 -0.121679820 0.213190421 0.116137072 0.962421954
1311870551.291052 -0.644552469 0.127005935 -0.183316544 -0.121829271 0.214248732 0.115782693 0.962210715
1311870551.322945 -0.645682037 0.128205463 -0.183631748 -0.122090057 0.214851066 0.115301944 0.962101102
1311870551.356465 -0.641426563 0.125528276 -0.182066172 -0.122382335 0.214605078 0.115252540 0.962124765
1311870551.391116 -0.640712798 0.125015348 -0.182537675 -0.121619970 0.214355871 0.115706943 0.962222457
1311870551.422998 -0.641130030 0.123418689 -0.182397768 -0.121023469 0.214031860 0.114708558 0.962489307
1311870551.455289 -0.645026684 0.123883091 -0.179978490 -0.120125532 0.214866132 0.113356836 0.962576032
1311870551.491038 -0.643092752 0.119942084 -0.181839228 -0.119718201 0.214086160 0.113218591 0.962816775
1311870551.522967 -0.646334887 0.123911954 -0.182337135 -0.117780223 0.213829577 0.112587608 0.963186741
1311870551.555084 -0.646561325 0.122957788 -0.182900801 -0.118185028 0.212397471 0.111842051 0.963540852
1311870551.591350 -0.647414029 0.120109700 -0.181116253 -0.119032852 0.211776957 0.111520074 0.963610351
1311870551.623031 -0.649820626 0.122501992 -0.181106269 -0.118575074 0.211945474 0.109468460 0.963864982
1311870551.655008 -0.647781849 0.122173227 -0.182961315 -0.119000047 0.211253300 0.108098470 0.964119136
1311870551.693173 -0.647318006 0.120595716 -0.180383638 -0.119794995 0.211861074 0.108214535 0.963874280
1311870551.723056 -0.646980643 0.121873870 -0.181862906 -0.119079314 0.211621821 0.107530169 0.964092076
1311870551.754947 -0.649521828 0.118204355 -0.182119459 -0.119547896 0.211541831 0.106598556 0.964155138
1311870551.791252 -0.648918152 0.122937180 -0.181038067 -0.118312247 0.210809201 0.107069470 0.964415789
1311870551.823042 -0.649955511 0.122419856 -0.182363927 -0.118669957 0.210479289 0.106812276 0.964472413
1311870551.855921 -0.650422454 0.121569514 -0.180716679 -0.118509151 0.210982740 0.106955260 0.964366317
1311870551.891133 -0.651364386 0.118602224 -0.181693271 -0.118702359 0.211146846 0.106094025 0.964401782
1311870551.923134 -0.649777114 0.121530302 -0.182003677 -0.118120596 0.210539863 0.106490493 0.964562237
1311870551.955109 -0.650535882 0.122017428 -0.182011127 -0.117930032 0.210221067 0.106314585 0.964674473
1311870551.991222 -0.648321807 0.122284718 -0.183776960 -0.118082814 0.209105641 0.105627343 0.964973629
1311870552.023035 -0.649558663 0.123058751 -0.182128370 -0.118101068 0.209689409 0.105258420 0.964885056
1311870552.055106 -0.649810076 0.122227252 -0.185422778 -0.118344717 0.210179821 0.105378181 0.964735389
1311870552.091138 -0.651062727 0.121509284 -0.184133559 -0.118602298 0.210757643 0.105676189 0.964545071
1311870552.123025 -0.650920331 0.123693928 -0.183987767 -0.117922969 0.210709065 0.106633954 0.964533567
1311870552.155057 -0.654092431 0.122376367 -0.184137225 -0.118324369 0.211262777 0.106738165 0.964351773
1311870552.191099 -0.650400460 0.122958981 -0.184995443 -0.118910357 0.210290402 0.105952874 0.964578807
1311870552.223069 -0.651492119 0.123130336 -0.184350535 -0.119012937 0.210758567 0.105573528 0.964505553
1311870552.255003 -0.650434136 0.123179510 -0.185131222 -0.119603492 0.210576877 0.107049718 0.964309454
1311870552.291108 -0.651536763 0.122158244 -0.186566874 -0.120528229 0.210869923 0.107248709 0.964108169
1311870552.323058 -0.650343120 0.121710651 -0.184676498 -0.121486500 0.211014658 0.108205788 0.963849247
1311870552.355142 -0.651017189 0.123457335 -0.183897108 -0.121313907 0.211414620 0.107972562 0.963809490
1311870552.391147 -0.651131868 0.124108367 -0.184837043 -0.121321648 0.211407453 0.107723378 0.963837981
1311870552.422923 -0.648458064 0.124354750 -0.186357737 -0.121155813 0.210912615 0.108125836 0.963922203
1311870552.455187 -0.650199354 0.120957896 -0.185455427 -0.122057728 0.212223068 0.107430317 0.963598490
1311870552.491593 -0.650181055 0.123606972 -0.185071811 -0.121400058 0.213409349 0.107144900 0.963451326
1311870552.523105 -0.650909185 0.125614420 -0.187168494 -0.120028168 0.214395821 0.107633121 0.963349760
1311870552.555087 -0.647198141 0.129134864 -0.188795447 -0.119380742 0.213543728 0.108446077 0.963528275
1311870552.591109 -0.644688845 0.126401588 -0.190430164 -0.120232746 0.213011995 0.108616129 0.963520885
1311870552.623006 -0.646504521 0.126455039 -0.188832223 -0.120043799 0.213818684 0.108363412 0.963394225
1311870552.655129 -0.646336734 0.127902791 -0.190910026 -0.119607799 0.214311302 0.108567841 0.963315964
1311870552.691009 -0.647289693 0.125329852 -0.190316767 -0.119971409 0.214426994 0.109369650 0.963154316
1311870552.723159 -0.647557378 0.124672651 -0.190319166 -0.120223403 0.214104712 0.109434411 0.963187218
1311870552.755159 -0.645190179 0.125073254 -0.190627977 -0.120123655 0.213347033 0.109314084 0.963381410
1311870552.791694 -0.645645380 0.127440035 -0.191410989 -0.119521633 0.213908270 0.109060034 0.963360667
1311870552.823129 -0.645319104 0.124641970 -0.190270975 -0.119895518 0.214478493 0.109431416 0.963145316
1311870552.855106 -0.646115005 0.123726279 -0.189117923 -0.119990312 0.214799553 0.109685831 0.963033020
1311870552.891135 -0.643618464 0.123609111 -0.190031901 -0.119799271 0.214060456 0.109918572 0.963194788
1311870552.923053 -0.644550502 0.123120956 -0.190710232 -0.119069897 0.214322358 0.109865956 0.963232994
1311870552.955086 -0.645587146 0.120367445 -0.190502211 -0.119139098 0.215132952 0.109900691 0.963039756
1311870552.991509 -0.642790616 0.124030806 -0.193588987 -0.117875509 0.214266658 0.110575952 0.963311017
1311870553.023056 -0.642286837 0.125765219 -0.194115996 -0.117430143 0.213922516 0.111001253 0.963392973
1311870553.055187 -0.643677533 0.124252103 -0.193746567 -0.117670536 0.214436263 0.110969894 0.963253081
1311870553.091104 -0.643071353 0.122635633 -0.194493622 -0.117942862 0.214702398 0.110573106 0.963206112
1311870553.123234 -0.641361773 0.123524308 -0.194433153 -0.117848784 0.214511111 0.111043118 0.963206172
1311870553.155044 -0.643173695 0.124033973 -0.194059253 -0.117860861 0.214400113 0.111210056 0.963210166
1311870553.191099 -0.642500341 0.127528295 -0.195331931 -0.117238566 0.213741243 0.110707112 0.963490427
1311870553.222942 -0.642575800 0.125223428 -0.194729522 -0.118005618 0.213987336 0.110800467 0.963331401
1311870553.255409 -0.642718852 0.125564873 -0.194846421 -0.117953002 0.214645773 0.111166105 0.963149190
1311870553.291041 -0.641518891 0.127598092 -0.197538510 -0.117522955 0.214381203 0.111521862 0.963219583
1311870553.323277 -0.639772415 0.124584898 -0.197098851 -0.118557431 0.213993996 0.112146072 0.963106394
1311870553.355140 -0.641428947 0.124881066 -0.198128894 -0.118154876 0.214679256 0.111879863 0.963034332
1311870553.391243 -0.641425848 0.127685368 -0.197133407 -0.117551811 0.215120256 0.112055667 0.962989271
1311870553.423106 -0.640799522 0.126454711 -0.198956057 -0.117714271 0.214638472 0.112206742 0.963059366
1311870553.455151 -0.640103042 0.125318319 -0.199105665 -0.118028909 0.214041933 0.111356713 0.963252246
1311870553.491155 -0.641200006 0.125270069 -0.198891863 -0.118053101 0.214143559 0.111044161 0.963262796
1311870553.523226 -0.642860830 0.123872466 -0.199381769 -0.118477643 0.214590132 0.110958353 0.963121176
1311870553.555238 -0.640631139 0.123901255 -0.199743137 -0.118632413 0.213980913 0.111065105 0.963225365
1311870553.597045 -0.640177965 0.126562774 -0.200190246 -0.117828324 0.213418022 0.111463092 0.963402927
1311870553.623237 -0.640095294 0.124331221 -0.201343164 -0.118281834 0.213298991 0.111329943 0.963389099
1311870553.655202 -0.642855763 0.125866503 -0.201868147 -0.117919810 0.214212388 0.110820226 0.963289618
1311870553.691133 -0.640750408 0.124812350 -0.202094048 -0.118049465 0.213873118 0.111289248 0.963295043
1311870553.723044 -0.642207086 0.127229542 -0.202364311 -0.117173068 0.214035794 0.110648684 0.963439703
1311870553.757175 -0.644409895 0.125337452 -0.204069570 -0.118096463 0.214282081 0.110229515 0.963320255
1311870553.792103 -0.642911792 0.126378492 -0.203551456 -0.118748307 0.214157134 0.109997503 0.963294387
1311870553.824352 -0.640807986 0.128149390 -0.202593416 -0.118788451 0.214015648 0.110310093 0.963285148
1311870553.859890 -0.641861498 0.126288146 -0.203221083 -0.119685233 0.214571238 0.110948272 0.962977231
1311870553.891715 -0.641840637 0.128162831 -0.202847227 -0.119291998 0.214966193 0.111221813 0.962906361
1311870553.924394 -0.639021337 0.127315760 -0.203383401 -0.119572870 0.215117887 0.111243144 0.962835193
1311870553.955671 -0.641166389 0.127624363 -0.202567965 -0.119137987 0.216483459 0.111000076 0.962611020
1311870553.991142 -0.640866518 0.126734942 -0.203481987 -0.118691675 0.217438668 0.111212678 0.962426364
1311870554.023227 -0.638391376 0.131093428 -0.204731807 -0.117698185 0.217590123 0.111571051 0.962472618
1311870554.059131 -0.639160275 0.131268695 -0.206618056 -0.117650479 0.218474358 0.111385331 0.962299645
1311870554.091067 -0.637760818 0.129818782 -0.204583853 -0.118232623 0.219219685 0.111802526 0.962010384
1311870554.123172 -0.638591886 0.127826080 -0.205195934 -0.118410259 0.220009953 0.112269372 0.961753726
1311870554.159427 -0.638675749 0.126798913 -0.203534752 -0.118215725 0.220687896 0.112312302 0.961617291
1311870554.194530 -0.636288702 0.129143670 -0.204608247 -0.117287010 0.220184177 0.111909002 0.961893499
1311870554.223628 -0.635034144 0.128521025 -0.204552233 -0.116592959 0.220385835 0.111850336 0.961938500
1311870554.259452 -0.635563135 0.126595557 -0.204858184 -0.116178669 0.220844671 0.111643329 0.961907446
1311870554.291215 -0.635661960 0.127289161 -0.206035838 -0.115459062 0.221265554 0.110708259 0.962005436
1311870554.323100 -0.635282815 0.126267433 -0.205929428 -0.115039393 0.222508535 0.110600285 0.961781383
1311870554.359316 -0.635069430 0.127392292 -0.205070615 -0.113756225 0.224146441 0.110805899 0.961530030
1311870554.391135 -0.634910464 0.127799839 -0.207304969 -0.112451538 0.224779308 0.111308448 0.961477697
1311870554.423274 -0.633931935 0.129442438 -0.206814319 -0.111639000 0.224569172 0.111524113 0.961596489
1311870554.459365 -0.635380924 0.126334816 -0.205078661 -0.111531362 0.225016743 0.111853234 0.961466134
1311870554.491233 -0.633144379 0.125481337 -0.204702735 -0.109713338 0.224685624 0.111592688 0.961782932
1311870554.523195 -0.635332823 0.124721237 -0.206190199 -0.107623681 0.225406885 0.110649668 0.961959243
1311870554.559252 -0.636654615 0.125851125 -0.206312627 -0.105826661 0.227083638 0.109519400 0.961893559
1311870554.591135 -0.636796474 0.125813827 -0.206201360 -0.104285456 0.229130849 0.108860493 0.961651206
1311870554.623261 -0.635981381 0.123410963 -0.205537349 -0.102157854 0.231006399 0.109075837 0.961406410
1311870554.660149 -0.636304796 0.122878335 -0.204502389 -0.099208601 0.233200416 0.108796470 0.961217225
1311870554.692618 -0.633733511 0.126434758 -0.206310213 -0.095700912 0.234663844 0.108337000 0.961268604
1311870554.723357 -0.633571804 0.126857534 -0.208134815 -0.091290347 0.237500221 0.108002372 0.961038589
1311870554.759191 -0.638189256 0.122528359 -0.205790192 -0.088641010 0.240642801 0.107272431 0.960586548
1311870554.791470 -0.635193110 0.124623671 -0.207762867 -0.085993320 0.241485626 0.106747106 0.960674226
1311870554.823586 -0.634656906 0.122642457 -0.206804812 -0.082613558 0.243283436 0.105892323 0.960611761
1311870554.859491 -0.634136081 0.123015791 -0.208093777 -0.079235405 0.245259166 0.104923308 0.960500300
1311870554.891334 -0.634384036 0.122480743 -0.207369775 -0.076422207 0.247400582 0.103987515 0.960280776
1311870554.923272 -0.633688867 0.120782033 -0.207358599 -0.073677316 0.248439521 0.103503719 0.960279346
1311870554.959174 -0.635278642 0.120347880 -0.208094731 -0.070607528 0.249094263 0.103098832 0.960383892
1311870554.991385 -0.638479710 0.121323213 -0.209309220 -0.068516888 0.249143451 0.103069015 0.960525751
1311870555.026905 -0.638257027 0.121182889 -0.207363904 -0.067044817 0.247517198 0.102709748 0.961088419
1311870555.059273 -0.639514029 0.121834546 -0.209806576 -0.065009609 0.245633692 0.101073138 0.961884618
1311870555.091165 -0.638300359 0.121154629 -0.210510254 -0.063174374 0.245285273 0.099178061 0.962293029
1311870555.126212 -0.639350295 0.121517099 -0.209727764 -0.060470577 0.247023955 0.097670592 0.962176144
1311870555.159123 -0.639152825 0.121207975 -0.212524012 -0.058583640 0.248421609 0.097014636 0.961999357
1311870555.191299 -0.638776720 0.120459490 -0.214286283 -0.057500415 0.248893857 0.097346924 0.961909115
1311870555.226157 -0.639266074 0.122552827 -0.215882421 -0.055146180 0.248290837 0.098204501 0.962115586
1311870555.259282 -0.640660346 0.122100398 -0.216352612 -0.054867595 0.247792870 0.098078743 0.962272704
1311870555.291227 -0.639081419 0.121352844 -0.217692196 -0.054443803 0.247726321 0.098309070 0.962290406
1311870555.326190 -0.643137813 0.121604003 -0.214243382 -0.053089287 0.248921260 0.098410197 0.962047398
1311870555.359267 -0.643096268 0.122841179 -0.214384884 -0.051530015 0.248228982 0.098900132 0.962260783
1311870555.391327 -0.643759251 0.123797916 -0.212212190 -0.049832683 0.247431397 0.098536544 0.962592840
1311870555.423263 -0.641804993 0.125944883 -0.215119556 -0.048772119 0.245941088 0.098535873 0.963029027
1311870555.465388 -0.642194688 0.123571239 -0.214447737 -0.048326146 0.246222273 0.099185668 0.962912977
1311870555.493443 -0.645697534 0.124681816 -0.211778164 -0.047257703 0.246858597 0.099114269 0.962810397
1311870555.527900 -0.645278096 0.124626987 -0.213396668 -0.046939559 0.246695265 0.098342583 0.962946951
1311870555.560098 -0.641543210 0.122162461 -0.214062244 -0.046660151 0.246585071 0.097027421 0.963122189
1311870555.591211 -0.641063213 0.123027749 -0.211326838 -0.044982191 0.247664705 0.096881859 0.962939620
1311870555.624804 -0.643667042 0.122186497 -0.212470755 -0.043840401 0.248323128 0.096929274 0.962817907
1311870555.660116 -0.643021464 0.123692386 -0.212018505 -0.043072507 0.247958332 0.097013511 0.962938130
1311870555.691414 -0.642336845 0.122643158 -0.211994424 -0.042350087 0.247790158 0.097366147 0.962977827
1311870555.726456 -0.643852592 0.124133468 -0.214012161 -0.041113574 0.248259336 0.097464159 0.962900698
1311870555.759372 -0.643639863 0.124093987 -0.212854534 -0.040732432 0.248682186 0.097416431 0.962812603
1311870555.791162 -0.643677056 0.122749582 -0.211749077 -0.040147234 0.248715892 0.097825296 0.962787032
1311870555.825897 -0.643186271 0.122188851 -0.212490633 -0.039908096 0.248471648 0.097534500 0.962889493
1311870555.859347 -0.643454492 0.121122628 -0.212167159 -0.039195742 0.248784408 0.097651869 0.962826133
1311870555.891306 -0.641714633 0.122887708 -0.213096768 -0.037832525 0.248797610 0.097457044 0.962896943
1311870555.926220 -0.641666949 0.121486694 -0.212125972 -0.037411775 0.248732626 0.096965469 0.962979794
1311870555.959431 -0.641193271 0.122514002 -0.214663342 -0.036214199 0.248496309 0.096717559 0.963111579
1311870555.991367 -0.641029179 0.122611307 -0.213236734 -0.035416283 0.248481110 0.096002817 0.963216662
1311870556.025722 -0.641391754 0.121608019 -0.215551496 -0.035246462 0.248310685 0.095958613 0.963271260
1311870556.059292 -0.641644359 0.121875055 -0.215649545 -0.034460153 0.248556137 0.095100291 0.963321507
1311870556.091457 -0.641791999 0.121754132 -0.218206480 -0.033846267 0.248397052 0.095310338 0.963363528
1311870556.124878 -0.640479088 0.120307863 -0.218388140 -0.033931121 0.248123080 0.095391735 0.963423073
1311870556.159233 -0.640582800 0.120596126 -0.214931399 -0.033530213 0.248031199 0.095239028 0.963475883
1311870556.191390 -0.641462922 0.121408209 -0.213165477 -0.033265192 0.248365983 0.095309518 0.963391840
1311870556.223200 -0.641172051 0.120618783 -0.211806640 -0.033020895 0.248575732 0.095502950 0.963326991
1311870556.259965 -0.640285909 0.121823177 -0.214202389 -0.032749593 0.248282969 0.095884278 0.963373899
1311870556.295605 -0.638706207 0.122770883 -0.215279832 -0.032674767 0.248467654 0.095678695 0.963349283
1311870556.324589 -0.638798118 0.122573525 -0.215088710 -0.032836683 0.248696387 0.095142320 0.963337839
1311870556.359340 -0.638066292 0.122824565 -0.213965923 -0.033407543 0.248625278 0.094860770 0.963364363
1311870556.391507 -0.638813496 0.122842163 -0.211303547 -0.033910446 0.249108002 0.095269129 0.963181734
1311870556.423779 -0.638281226 0.121548779 -0.210986942 -0.034198172 0.249017209 0.095463634 0.963175774
1311870556.459405 -0.638593793 0.122207664 -0.210243031 -0.034217045 0.248959020 0.095143817 0.963221788
1311870556.495280 -0.638630748 0.121035174 -0.211010203 -0.034613896 0.248729646 0.095361665 0.963245332
1311870556.527200 -0.637794375 0.119960025 -0.209252790 -0.034812942 0.248990715 0.095633417 0.963143766
1311870556.559413 -0.637582541 0.122280702 -0.210250288 -0.034611542 0.249067754 0.095182411 0.963175774
1311870556.594832 -0.638488889 0.121123411 -0.207391694 -0.035700794 0.249188095 0.094813108 0.963141322
1311870556.624698 -0.638245463 0.120723926 -0.206624493 -0.036230881 0.248788670 0.094923303 0.963213921
1311870556.659280 -0.637615860 0.121166974 -0.207233563 -0.036642171 0.248696819 0.094764203 0.963237762
1311870556.695113 -0.635926366 0.121675514 -0.209597528 -0.037130337 0.248136386 0.094860598 0.963354111
1311870556.731925 -0.634815156 0.122664139 -0.209035054 -0.038474817 0.247694567 0.094661042 0.963434696
1311870556.759291 -0.635316372 0.120749675 -0.206645891 -0.039865885 0.248219430 0.094551072 0.963253796
1311870556.794439 -0.634791911 0.122285210 -0.208038270 -0.039976157 0.248354495 0.095212571 0.963149250
1311870556.823188 -0.634300888 0.121590048 -0.207059830 -0.040535260 0.248535380 0.095877267 0.963013291
1311870556.859318 -0.632408202 0.122449480 -0.208592221 -0.040697824 0.247237638 0.096300684 0.963298202
1311870556.891802 -0.634595454 0.122776464 -0.207464114 -0.040563259 0.247228161 0.095583051 0.963377774
1311870556.925468 -0.631258667 0.121936269 -0.207965955 -0.040405333 0.246533990 0.095929131 0.963527918
1311870556.959298 -0.632826030 0.120887704 -0.207894444 -0.040258560 0.247187808 0.095606484 0.963398576
1311870556.994694 -0.632806003 0.121547826 -0.208444282 -0.039657839 0.246619776 0.095658153 0.963563919
1311870557.025411 -0.631605089 0.120979957 -0.208942145 -0.039963033 0.245695949 0.095760591 0.963777125
1311870557.059416 -0.631209731 0.120414205 -0.208651319 -0.039922018 0.245652810 0.095324874 0.963833034
1311870557.092050 -0.630817294 0.121111326 -0.208236024 -0.039671011 0.245867938 0.095978372 0.963723660
1311870557.123857 -0.631129086 0.121086389 -0.207829863 -0.039685298 0.245738745 0.095717259 0.963782012
1311870557.159497 -0.631561577 0.121558301 -0.208264217 -0.039669104 0.245582789 0.095412828 0.963852644
1311870557.193333 -0.629418373 0.120926000 -0.208532110 -0.039554615 0.245154276 0.095608376 0.963946998
1311870557.224989 -0.629393041 0.121447712 -0.209411919 -0.039076872 0.244946599 0.095933311 0.963986993
1311870557.259366 -0.630647242 0.122524731 -0.207811520 -0.038936462 0.244934842 0.095959798 0.963993073
1311870557.294693 -0.630517423 0.120553233 -0.210100338 -0.039185211 0.244738072 0.095816143 0.964047253
1311870557.327523 -0.629942596 0.120577641 -0.209579170 -0.039386801 0.244954720 0.095860064 0.963979602
1311870557.359424 -0.629192889 0.121499941 -0.211767241 -0.039122857 0.244533554 0.096573927 0.964026034
1311870557.391546 -0.628812909 0.120369680 -0.212189421 -0.039334510 0.244549185 0.096576549 0.964013219
1311870557.428674 -0.631268561 0.120376222 -0.212470621 -0.039010126 0.244611949 0.096329257 0.964035213
1311870557.459894 -0.630245507 0.121095918 -0.213012442 -0.038613278 0.243885040 0.096401080 0.964228153
1311870557.493549 -0.628687322 0.119960211 -0.216122523 -0.038803604 0.243251279 0.096180193 0.964402676
1311870557.523830 -0.628067017 0.120031647 -0.214604914 -0.039305992 0.243297204 0.094662100 0.964520931
1311870557.561270 -0.626743257 0.120032050 -0.214323789 -0.039301816 0.244024023 0.092689037 0.964529097
1311870557.592617 -0.625681937 0.119970813 -0.215341255 -0.039065298 0.244922787 0.093473785 0.964235127
1311870557.623903 -0.627468228 0.120201893 -0.215334624 -0.038904902 0.246079132 0.094891414 0.963808656
1311870557.662509 -0.625780284 0.121282257 -0.216407910 -0.039694179 0.245689958 0.095885962 0.963777304
1311870557.695104 -0.626834869 0.118231796 -0.215930611 -0.040710725 0.245704502 0.095393144 0.963780105
1311870557.723860 -0.627547145 0.119786598 -0.215299830 -0.040425994 0.245837674 0.093359545 0.963957250
1311870557.759892 -0.628512740 0.119443849 -0.215591386 -0.040105153 0.246048376 0.090758964 0.964165211
1311870557.791472 -0.628884971 0.120122731 -0.216282159 -0.039543740 0.245694607 0.090028286 0.964347124
1311870557.823593 -0.627948940 0.121905461 -0.215723678 -0.039299216 0.244351000 0.091350794 0.964574099
1311870557.860252 -0.627411366 0.122384630 -0.216036201 -0.040442556 0.243462026 0.092496425 0.964642465
1311870557.892852 -0.625405729 0.120528772 -0.215341985 -0.041300986 0.243344814 0.092772327 0.964609146
1311870557.925915 -0.624878824 0.120195135 -0.215685755 -0.040633589 0.244549602 0.093111388 0.964300096
1311870557.963591 -0.624610424 0.117465906 -0.215345427 -0.040055733 0.245568156 0.093294062 0.964047790
1311870557.991608 -0.627083600 0.117817171 -0.215717107 -0.038190566 0.244998157 0.093128748 0.964284420
1311870558.025204 -0.627769411 0.119072631 -0.217092365 -0.037159257 0.243006617 0.092612863 0.964878142
1311870558.060552 -0.626640856 0.119638145 -0.219902575 -0.037559200 0.241781414 0.091806486 0.965247452
1311870558.093485 -0.626296937 0.117416374 -0.219437599 -0.037277963 0.242550611 0.091753662 0.965070367
1311870558.123666 -0.625856459 0.117230527 -0.218170196 -0.035894021 0.243418604 0.091871522 0.964893043
1311870558.161355 -0.625823319 0.117279738 -0.219422370 -0.034183346 0.244377494 0.092621885 0.964641035
1311870558.191808 -0.625664115 0.119771726 -0.221296176 -0.032709077 0.244147077 0.093858853 0.964630902
1311870558.223361 -0.626422644 0.119955689 -0.221695676 -0.032818735 0.243747979 0.095323995 0.964584470
1311870558.259368 -0.627436399 0.120660365 -0.223973900 -0.033352468 0.243109748 0.095513761 0.964708447
1311870558.293938 -0.626998007 0.122702897 -0.223618999 -0.034496475 0.242573217 0.094850011 0.964868724
1311870558.323308 -0.625164092 0.120097570 -0.220819682 -0.035958186 0.242747068 0.093862519 0.964868248
1311870558.361109 -0.627476394 0.119541705 -0.222119719 -0.035643071 0.243532211 0.093527772 0.964714587
1311870558.391543 -0.626695752 0.119763985 -0.220950052 -0.035040464 0.243556768 0.093433976 0.964739501
1311870558.423430 -0.627710760 0.120854869 -0.221296996 -0.034715496 0.243173331 0.093039952 0.964886069
1311870558.459503 -0.625086844 0.120595142 -0.225089490 -0.034554131 0.242204309 0.094068393 0.965035856
1311870558.491390 -0.626152575 0.120096803 -0.224673614 -0.035222150 0.242323071 0.095412701 0.964849889
1311870561.081717 -0.626514971 0.120840460 -0.223606050 -0.036247354 0.242297292 0.094666116 0.964891970
1311870561.198313 -0.580653667 0.170284554 -0.237786204 -0.086880639 0.231827393 0.106695615 0.962976575
1311870561.361909 -0.579156101 0.165057465 -0.237710059 -0.081720337 0.232205927 0.104518682 0.963575661
1311870561.431339 -0.580202997 0.161939934 -0.238909170 -0.078968711 0.231231108 0.104064636 0.964088500
1311870561.499130 -0.582209587 0.162759960 -0.238830730 -0.075329237 0.231347039 0.102324292 0.964538097
1311870561.563772 -0.584495485 0.160747916 -0.241176561 -0.072740577 0.229405046 0.102030762 0.965231478
1311870561.631953 -0.584801495 0.158218458 -0.239221811 -0.072601520 0.229514182 0.101322904 0.965290606
1311870561.697054 -0.586423278 0.158578470 -0.238023728 -0.071145363 0.228184849 0.101046152 0.965743065
1311870561.799438 -0.591668129 0.157253906 -0.235378504 -0.070821449 0.226886123 0.100258544 0.966154873
1311870561.829471 -0.598345697 0.156134143 -0.233371451 -0.071537130 0.225219637 0.100276671 0.966490090
1311870561.898860 -0.597473264 0.152781501 -0.233237401 -0.072026819 0.223889425 0.100047864 0.966786444
1311870561.962090 -0.600124061 0.152107060 -0.231527448 -0.071409866 0.224409446 0.100094214 0.966706872
1311870562.031321 -0.602410138 0.152169213 -0.231289253 -0.070569508 0.224714100 0.101357624 0.966566145
1311870562.098947 -0.604579687 0.151481822 -0.230039015 -0.070538312 0.225770250 0.104164988 0.966023684
1311870562.128860 -0.607088685 0.150979951 -0.228925109 -0.070632145 0.227014318 0.108972438 0.965194583
1311870562.196699 -0.607409120 0.148750708 -0.230433643 -0.070432626 0.227916762 0.110667109 0.964803576
1311870562.231536 -0.607916236 0.148416847 -0.227271423 -0.068960518 0.230287194 0.109645084 0.964463711
1311870562.300032 -0.610826731 0.141730607 -0.227753177 -0.067565881 0.231689543 0.108260714 0.964382887
1311870562.364858 -0.609606028 0.144714728 -0.227214754 -0.065326393 0.232399389 0.109143719 0.964266896
1311870562.432335 -0.609837055 0.143962860 -0.227522716 -0.062862493 0.234042168 0.110921733 0.963830352
1311870562.597000 -0.616826057 0.139311463 -0.222995296 -0.060441136 0.238485426 0.109664507 0.963039577
1311870562.667669 -0.618798375 0.142127723 -0.223541752 -0.060523745 0.240357876 0.110778823 0.962441146
1311870562.696764 -0.620260239 0.146057039 -0.220576167 -0.060847137 0.240764499 0.112512514 0.962117970
1311870562.767985 -0.620478451 0.142572269 -0.218010426 -0.061953116 0.240846500 0.114500999 0.961792231
1311870562.898088 -0.623130202 0.142831847 -0.213243514 -0.060579304 0.243387386 0.114681341 0.961218417
1311870562.999413 -0.622885466 0.140320212 -0.212932006 -0.061711840 0.244017333 0.113967307 0.961071610
1311870563.068108 -0.626802206 0.138794780 -0.209989980 -0.060783844 0.245800152 0.114438280 0.960620344
1311870563.131640 -0.627795339 0.140396222 -0.207159266 -0.059812378 0.246897280 0.115179531 0.960311294
1311870563.197720 -0.628539622 0.137592226 -0.204090267 -0.059811551 0.247700587 0.115658544 0.960046947
1311870563.334146 -0.633465230 0.139307439 -0.200433671 -0.061788395 0.248870775 0.114734031 0.959729970
1311870563.398492 -0.634975970 0.141488224 -0.198718667 -0.062700771 0.248314694 0.114860646 0.959799707
1311870563.464704 -0.637141764 0.140689149 -0.198053986 -0.064792573 0.247724816 0.114142641 0.959898829
1311870563.535746 -0.641490638 0.140024528 -0.192652404 -0.065278143 0.248773053 0.114305615 0.959575415
1311870563.597199 -0.643090546 0.138566956 -0.189277098 -0.065733097 0.247201219 0.113640808 0.960029423
1311870563.665851 -0.643819571 0.136995748 -0.189978510 -0.066281095 0.246046543 0.111781403 0.960506558
1311870563.735366 -0.650863767 0.138562217 -0.185368314 -0.066599682 0.244329125 0.109700680 0.961162567
1311870563.798425 -0.652083814 0.138084754 -0.185153455 -0.066868804 0.243865088 0.108828761 0.961360872
1311870563.933834 -0.659598172 0.135534570 -0.183096752 -0.066525742 0.243150353 0.106749564 0.961798728
1311870563.999300 -0.657988667 0.134342372 -0.184837878 -0.066524319 0.242642015 0.106796607 0.961921990
1311870564.067079 -0.660046041 0.135617539 -0.183328211 -0.066590913 0.241473615 0.107378766 0.962146521
1311870564.134885 -0.660507321 0.134242445 -0.183216676 -0.067748025 0.240222663 0.106501676 0.962476313
1311870564.199265 -0.664517522 0.135988504 -0.183232501 -0.068136796 0.240013719 0.105855666 0.962572217
1311870564.264917 -0.664374053 0.135079429 -0.182609990 -0.069146059 0.239864975 0.105606273 0.962564766
1311870564.335238 -0.666097939 0.139067620 -0.182690829 -0.068849474 0.240277186 0.103816286 0.962677896
1311870564.399530 -0.663769245 0.136781126 -0.181883812 -0.069573477 0.239621803 0.104587331 0.962705731
1311870564.465945 -0.663505316 0.140291438 -0.183605850 -0.069281019 0.239818111 0.104881205 0.962646008
1311870564.533196 -0.664762020 0.138166144 -0.183761537 -0.069948964 0.241096616 0.104819186 0.962285042
1311870564.601109 -0.665243745 0.136286110 -0.184184119 -0.070421770 0.241710737 0.105583198 0.962012947
1311870564.667669 -0.664394557 0.139594138 -0.184446767 -0.069991805 0.242746264 0.105522275 0.961790204
1311870564.735751 -0.662321031 0.139798224 -0.185963780 -0.069899611 0.242897436 0.105999552 0.961706281
1311870564.803439 -0.665550649 0.137932301 -0.186865851 -0.069607452 0.244113550 0.107035480 0.961304724
1311870564.835756 -0.660750389 0.138038173 -0.189478800 -0.069388039 0.243217617 0.107322641 0.961515605
1311870564.903714 -0.661558509 0.139357343 -0.188642472 -0.068515211 0.244282395 0.107229918 0.961318612
1311870564.965822 -0.660666347 0.139098421 -0.189816490 -0.068151191 0.244894430 0.108094282 0.961091936
1311870565.033600 -0.658217311 0.140354916 -0.190499261 -0.068015531 0.245187879 0.108677179 0.960960984
1311870565.103730 -0.659177840 0.140086606 -0.189953670 -0.068411626 0.245805830 0.108276382 0.960820258
1311870565.164984 -0.659311891 0.139871612 -0.191096604 -0.068029054 0.245676041 0.108080745 0.960902631
1311870565.235724 -0.659381807 0.139577448 -0.192627057 -0.067386523 0.245550245 0.107752591 0.961016893
1311870565.265740 -0.657671809 0.141266853 -0.193921015 -0.067029342 0.245463490 0.108274654 0.961005330
1311870565.335501 -0.657096744 0.141060174 -0.193397239 -0.067424521 0.245715097 0.108696625 0.960865796
1311870565.400919 -0.658999622 0.138555735 -0.194154456 -0.067595579 0.245562062 0.108741157 0.960887849
1311870565.464919 -0.657626271 0.140630782 -0.192680553 -0.066461645 0.245015129 0.108581409 0.961124599
1311870565.532754 -0.658357382 0.140010253 -0.192973331 -0.066318095 0.243627399 0.108215347 0.961528480
1311870565.664873 -0.657584131 0.140285119 -0.194102213 -0.066478252 0.242206320 0.108391121 0.961856604
1311870565.736099 -0.657340169 0.140570253 -0.195522159 -0.066583306 0.241633028 0.107056528 0.962142944
1311870565.803859 -0.659331560 0.139889270 -0.196287602 -0.066811472 0.241919845 0.106566742 0.962109447
1311870565.869644 -0.656803071 0.140199974 -0.196758747 -0.066770583 0.241616532 0.107077874 0.962131739
1311870565.933144 -0.656681538 0.142724395 -0.197842136 -0.066554897 0.241890952 0.108387567 0.961931050
1311870566.002704 -0.656725109 0.142154127 -0.196188003 -0.067352958 0.241856709 0.108222656 0.961902678
1311870566.071625 -0.658179522 0.139834344 -0.194991127 -0.068063840 0.241741002 0.108325116 0.961870193
1311870566.101903 -0.657998800 0.141094446 -0.198715642 -0.067766860 0.240741506 0.108151428 0.962161303
1311870566.133243 -0.657107949 0.142565399 -0.197900578 -0.067853421 0.240590155 0.108814411 0.962118328
1311870566.201045 -0.658127248 0.143206999 -0.196074352 -0.068663664 0.241043627 0.109036334 0.961922169
1311870566.270321 -0.657844961 0.143894598 -0.196224838 -0.068432562 0.240814909 0.108967692 0.962003708
1311870566.343851 -0.658824503 0.140293747 -0.197337791 -0.068400279 0.240845233 0.107903674 0.962118328
1311870566.401248 -0.658023953 0.140775979 -0.198466778 -0.067872807 0.240814507 0.107559346 0.962201953
1311870566.472310 -0.658665121 0.142852753 -0.198900998 -0.066857137 0.240615502 0.108234830 0.962247074
1311870566.502143 -0.658944547 0.140262499 -0.195931494 -0.067839496 0.240566596 0.108264230 0.962187290
1311870566.570302 -0.659729898 0.139747992 -0.197081402 -0.067850336 0.240097195 0.108149610 0.962316632
1311870566.635198 -0.660424829 0.138588458 -0.197678447 -0.067800179 0.240212560 0.106844507 0.962437153
1311870566.703464 -0.660925508 0.141047984 -0.197391659 -0.066907994 0.239541531 0.107096918 0.962638795
1311870566.777550 -0.660478354 0.138940439 -0.199367180 -0.066310219 0.239208207 0.107578881 0.962709308
1311870566.870075 -0.661652684 0.140834227 -0.198865011 -0.066624671 0.240379214 0.106590286 0.962505817
1311870566.936872 -0.658756137 0.141919717 -0.199453190 -0.066776291 0.239765376 0.106475152 0.962661147
1311870567.004483 -0.661940336 0.141234264 -0.199141130 -0.067105353 0.242009610 0.106599152 0.962062776
1311870567.036902 -0.662351429 0.142214075 -0.197228625 -0.067305192 0.242359951 0.106870651 0.961930513
1311870567.101332 -0.661297500 0.141969949 -0.198777422 -0.067577608 0.242300436 0.106943309 0.961918294
1311870567.473584 -0.660102367 0.140488893 -0.202073172 -0.065993145 0.243270710 0.108436801 0.961616218
1311870567.540209 -0.659449220 0.143894479 -0.204118267 -0.065116845 0.243486494 0.108593248 0.961603642
1311870567.604153 -0.660518944 0.141248688 -0.202006564 -0.066368662 0.243353292 0.108707227 0.961538911
1311870567.739514 -0.660591841 0.143035755 -0.200842410 -0.065705664 0.243679151 0.107604615 0.961625934
1311870567.804034 -0.660331845 0.144025549 -0.201844081 -0.065105140 0.243669316 0.108044989 0.961619914
1311870567.871833 -0.662351727 0.142133296 -0.202104405 -0.065622799 0.244602829 0.108005896 0.961352050
1311870568.003648 -0.660020411 0.143093884 -0.203664258 -0.065458156 0.243717909 0.106569834 0.961748242
1311870568.037029 -0.659133136 0.143079609 -0.205108523 -0.065191045 0.243844092 0.106387287 0.961754620
1311870568.103740 -0.660904169 0.142688140 -0.204131320 -0.065303952 0.244174108 0.106290862 0.961673856
1311870568.173341 -0.661196947 0.141322821 -0.204234898 -0.065602697 0.244575992 0.106085762 0.961574018
1311870568.240977 -0.657632709 0.139601856 -0.206795469 -0.065968424 0.243712023 0.105980933 0.961779952
1311870568.274175 -0.658167481 0.141323149 -0.204765856 -0.065287925 0.244054139 0.105658360 0.961775124
1311870568.337150 -0.658402443 0.142851740 -0.204634339 -0.064719014 0.244240955 0.105968729 0.961731970
1311870568.408980 -0.659144819 0.142826855 -0.204598680 -0.064896300 0.244263291 0.106394291 0.961667418
1311870568.472372 -0.657330692 0.143008158 -0.204890206 -0.064700991 0.244483188 0.106487498 0.961614311
1311870568.505016 -0.657364190 0.142218411 -0.205131441 -0.064911187 0.245451748 0.107680932 0.961220443
1311870568.669323 -0.655767441 0.143050596 -0.206510857 -0.064263999 0.245076641 0.108273312 0.961293101
1311870568.708062 -0.657453835 0.142405927 -0.205274343 -0.063685276 0.245658472 0.107820556 0.961234033
1311870568.838136 -0.654474497 0.143551290 -0.206451133 -0.063135967 0.245586097 0.108133011 0.961253643
