
Panoptic-SLAM Copyright (C) 2024 Gabriel Fischer and João Soares, Istituto Italiano di Tecnologia.
This program comes with ABSOLUTELY NO WARRANTY;
This is free software, and you are welcome to redistribute it
under certain conditions. See LICENSE.txt.

Input sensor was set to: RGB-D
Loading settings from /home/panoptic_slam/Dataset/TUM2.yaml
	-Loaded camera 1
Camera.newHeight optional parameter does not exist...
Camera.newWidth optional parameter does not exist...
	-Loaded image info
	-Loaded RGB-D calibration
	-Loaded ORB settings
Viewer.imageViewScale optional parameter does not exist...
	-Loaded viewer settings
System.LoadAtlasFromFile optional parameter does not exist...
System.SaveAtlasToFile optional parameter does not exist...
	-Loaded Atlas settings
System.thFarPoints optional parameter does not exist...
	-Loaded misc parameters
----------------------------------
SLAM settings: 
	-Camera 1 parameters (Pinhole): [ 520.909 521.007 325.141 249.702 ]
	-Camera 1 distortion parameters: [  0.231222 -0.784899 -0.003257 -0.000105 0.917205 ]
	-Original image size: [ 640 , 480 ]
	-Current image size: [ 640 , 480 ]
	-Sequence FPS: 30
	-RGB-D depth map factor: 5208
	-Features per image: 1000
	-ORB scale factor: 1.2
	-ORB number of scales: 8
	-Initial FAST threshold: 20
	-Min FAST threshold: 7


Loading ORB Vocabulary. This could take a while...
Vocabulary loaded!

Initialization of Atlas from scratch 
Creation of new map with id: 0
Creation of new map with last KF id: 0
Seq. Name: 
There are 1 cameras in the atlas
Camera 0 is pinhole
The checkpoint state_dict contains keys that are not used by the model:
  proposal_generator.anchor_generator.cell_anchors.{0, 1, 2, 3, 4}
Importing Panoptic Segmentation Settings... 
PYTHONPATH=/home/panoptic_slam/src/python/
Python Thread support Initialized 
Panoptic Loaded 

-------
Start processing sequence ...
Images in the sequence: 3983

error: XDG_RUNTIME_DIR not set in the environment.

(Current Frame:680): dbind-WARNING **: 11:51:58.562: Couldn't connect to accessibility bus: Failed to connect to socket /run/user/1000/at-spi/bus_1: No such file or directory
Gtk-Message: 11:51:58.580: Failed to load module "canberra-gtk-module"
Gtk-Message: 11:51:58.581: Failed to load module "canberra-gtk-module"
Starting the Viewer
---------------------------------------------------------
Frame ID: 0
First KF:0; Map init KF:0
New Map created with 571 points
---------------------------------------------------------
Frame ID: 1
---------------------------------------------------------
Frame ID: 2
---------------------------------------------------------
Frame ID: 3
---------------------------------------------------------
Frame ID: 4
---------------------------------------------------------
Frame ID: 5
---------------------------------------------------------
Frame ID: 6
---------------------------------------------------------
Frame ID: 7
---------------------------------------------------------
Frame ID: 8
---------------------------------------------------------
Frame ID: 9
---------------------------------------------------------
Frame ID: 10
---------------------------------------------------------
Frame ID: 11
---------------------------------------------------------
Frame ID: 12
---------------------------------------------------------
Frame ID: 13
---------------------------------------------------------
Frame ID: 14
---------------------------------------------------------
Frame ID: 15
---------------------------------------------------------
Frame ID: 16
---------------------------------------------------------
Frame ID: 17
---------------------------------------------------------
Frame ID: 18
---------------------------------------------------------
Frame ID: 19
---------------------------------------------------------
Frame ID: 20
---------------------------------------------------------
Frame ID: 21
---------------------------------------------------------
Frame ID: 22
---------------------------------------------------------
Frame ID: 23
---------------------------------------------------------
Frame ID: 24
---------------------------------------------------------
Frame ID: 25
---------------------------------------------------------
Frame ID: 26
---------------------------------------------------------
Frame ID: 27
---------------------------------------------------------
Frame ID: 28
---------------------------------------------------------
Frame ID: 29
---------------------------------------------------------
Frame ID: 30
---------------------------------------------------------
Frame ID: 31
---------------------------------------------------------
Frame ID: 32
---------------------------------------------------------
Frame ID: 33
---------------------------------------------------------
Frame ID: 34
---------------------------------------------------------
Frame ID: 35
---------------------------------------------------------
Frame ID: 36
---------------------------------------------------------
Frame ID: 37
---------------------------------------------------------
Frame ID: 38
---------------------------------------------------------
Frame ID: 39
---------------------------------------------------------
Frame ID: 40
---------------------------------------------------------
Frame ID: 41
---------------------------------------------------------
Frame ID: 42
---------------------------------------------------------
Frame ID: 43
---------------------------------------------------------
Frame ID: 44
---------------------------------------------------------
Frame ID: 45
---------------------------------------------------------
Frame ID: 46
---------------------------------------------------------
Frame ID: 47
---------------------------------------------------------
Frame ID: 48
---------------------------------------------------------
Frame ID: 49
---------------------------------------------------------
Frame ID: 50
---------------------------------------------------------
Frame ID: 51
---------------------------------------------------------
Frame ID: 52
---------------------------------------------------------
Frame ID: 53
---------------------------------------------------------
Frame ID: 54
---------------------------------------------------------
Frame ID: 55
---------------------------------------------------------
Frame ID: 56
---------------------------------------------------------
Frame ID: 57
---------------------------------------------------------
Frame ID: 58
---------------------------------------------------------
Frame ID: 59
---------------------------------------------------------
Frame ID: 60
---------------------------------------------------------
Frame ID: 61
---------------------------------------------------------
Frame ID: 62
---------------------------------------------------------
Frame ID: 63
---------------------------------------------------------
Frame ID: 64
---------------------------------------------------------
Frame ID: 65
---------------------------------------------------------
Frame ID: 66
---------------------------------------------------------
Frame ID: 67
---------------------------------------------------------
Frame ID: 68
---------------------------------------------------------
Frame ID: 69
---------------------------------------------------------
Frame ID: 70
---------------------------------------------------------
Frame ID: 71
---------------------------------------------------------
Frame ID: 72
---------------------------------------------------------
Frame ID: 73
---------------------------------------------------------
Frame ID: 74
---------------------------------------------------------
Frame ID: 75
---------------------------------------------------------
Frame ID: 76
---------------------------------------------------------
Frame ID: 77
---------------------------------------------------------
Frame ID: 78
---------------------------------------------------------
Frame ID: 79
---------------------------------------------------------
Frame ID: 80
---------------------------------------------------------
Frame ID: 81
---------------------------------------------------------
Frame ID: 82
---------------------------------------------------------
Frame ID: 83
---------------------------------------------------------
Frame ID: 84
---------------------------------------------------------
Frame ID: 85
---------------------------------------------------------
Frame ID: 86
---------------------------------------------------------
Frame ID: 87
---------------------------------------------------------
Frame ID: 88
---------------------------------------------------------
Frame ID: 89
---------------------------------------------------------
Frame ID: 90
---------------------------------------------------------
Frame ID: 91
---------------------------------------------------------
Frame ID: 92
---------------------------------------------------------
Frame ID: 93
---------------------------------------------------------
Frame ID: 94
---------------------------------------------------------
Frame ID: 95
---------------------------------------------------------
Frame ID: 96
---------------------------------------------------------
Frame ID: 97
---------------------------------------------------------
Frame ID: 98
---------------------------------------------------------
Frame ID: 99
---------------------------------------------------------
Frame ID: 100
---------------------------------------------------------
Frame ID: 101
---------------------------------------------------------
Frame ID: 102
---------------------------------------------------------
Frame ID: 103
---------------------------------------------------------
Frame ID: 104
---------------------------------------------------------
Frame ID: 105
---------------------------------------------------------
Frame ID: 106
---------------------------------------------------------
Frame ID: 107
---------------------------------------------------------
Frame ID: 108
---------------------------------------------------------
Frame ID: 109
---------------------------------------------------------
Frame ID: 110
---------------------------------------------------------
Frame ID: 111
---------------------------------------------------------
Frame ID: 112
---------------------------------------------------------
Frame ID: 113
---------------------------------------------------------
Frame ID: 114
---------------------------------------------------------
Frame ID: 115
---------------------------------------------------------
Frame ID: 116
---------------------------------------------------------
Frame ID: 117
---------------------------------------------------------
Frame ID: 118
---------------------------------------------------------
Frame ID: 119
---------------------------------------------------------
Frame ID: 120
---------------------------------------------------------
Frame ID: 121
---------------------------------------------------------
Frame ID: 122
---------------------------------------------------------
Frame ID: 123
---------------------------------------------------------
Frame ID: 124
---------------------------------------------------------
Frame ID: 125
---------------------------------------------------------
Frame ID: 126
---------------------------------------------------------
Frame ID: 127
---------------------------------------------------------
Frame ID: 128
---------------------------------------------------------
Frame ID: 129
---------------------------------------------------------
Frame ID: 130
---------------------------------------------------------
Frame ID: 131
---------------------------------------------------------
Frame ID: 132
---------------------------------------------------------
Frame ID: 133
---------------------------------------------------------
Frame ID: 134
---------------------------------------------------------
Frame ID: 135
---------------------------------------------------------
Frame ID: 136
---------------------------------------------------------
Frame ID: 137
---------------------------------------------------------
Frame ID: 138
---------------------------------------------------------
Frame ID: 139
---------------------------------------------------------
Frame ID: 140
---------------------------------------------------------
Frame ID: 141
---------------------------------------------------------
Frame ID: 142
---------------------------------------------------------
Frame ID: 143
---------------------------------------------------------
Frame ID: 144
---------------------------------------------------------
Frame ID: 145
---------------------------------------------------------
Frame ID: 146
---------------------------------------------------------
Frame ID: 147
---------------------------------------------------------
Frame ID: 148
---------------------------------------------------------
Frame ID: 149
---------------------------------------------------------
Frame ID: 150
---------------------------------------------------------
Frame ID: 151
---------------------------------------------------------
Frame ID: 152
---------------------------------------------------------
Frame ID: 153
---------------------------------------------------------
Frame ID: 154
---------------------------------------------------------
Frame ID: 155
---------------------------------------------------------
Frame ID: 156
---------------------------------------------------------
Frame ID: 157
---------------------------------------------------------
Frame ID: 158
---------------------------------------------------------
Frame ID: 159
---------------------------------------------------------
Frame ID: 160
---------------------------------------------------------
Frame ID: 161
---------------------------------------------------------
Frame ID: 162
---------------------------------------------------------
Frame ID: 163
---------------------------------------------------------
Frame ID: 164
---------------------------------------------------------
Frame ID: 165
---------------------------------------------------------
Frame ID: 166
---------------------------------------------------------
Frame ID: 167
---------------------------------------------------------
Frame ID: 168
---------------------------------------------------------
Frame ID: 169
---------------------------------------------------------
Frame ID: 170
---------------------------------------------------------
Frame ID: 171
---------------------------------------------------------
Frame ID: 172
---------------------------------------------------------
Frame ID: 173
---------------------------------------------------------
Frame ID: 174
---------------------------------------------------------
Frame ID: 175
---------------------------------------------------------
Frame ID: 176
---------------------------------------------------------
Frame ID: 177
---------------------------------------------------------
Frame ID: 178
---------------------------------------------------------
Frame ID: 179
---------------------------------------------------------
Frame ID: 180
---------------------------------------------------------
Frame ID: 181
---------------------------------------------------------
Frame ID: 182
---------------------------------------------------------
Frame ID: 183
---------------------------------------------------------
Frame ID: 184
---------------------------------------------------------
Frame ID: 185
---------------------------------------------------------
Frame ID: 186
---------------------------------------------------------
Frame ID: 187
---------------------------------------------------------
Frame ID: 188
---------------------------------------------------------
Frame ID: 189
---------------------------------------------------------
Frame ID: 190
---------------------------------------------------------
Frame ID: 191
---------------------------------------------------------
Frame ID: 192
---------------------------------------------------------
Frame ID: 193
---------------------------------------------------------
Frame ID: 194
---------------------------------------------------------
Frame ID: 195
---------------------------------------------------------
Frame ID: 196
---------------------------------------------------------
Frame ID: 197
---------------------------------------------------------
Frame ID: 198
---------------------------------------------------------
Frame ID: 199
---------------------------------------------------------
Frame ID: 200
---------------------------------------------------------
Frame ID: 201
---------------------------------------------------------
Frame ID: 202
---------------------------------------------------------
Frame ID: 203
---------------------------------------------------------
Frame ID: 204
---------------------------------------------------------
Frame ID: 205
---------------------------------------------------------
Frame ID: 206
---------------------------------------------------------
Frame ID: 207
---------------------------------------------------------
Frame ID: 208
---------------------------------------------------------
Frame ID: 209
---------------------------------------------------------
Frame ID: 210
---------------------------------------------------------
Frame ID: 211
---------------------------------------------------------
Frame ID: 212
---------------------------------------------------------
Frame ID: 213
---------------------------------------------------------
Frame ID: 214
---------------------------------------------------------
Frame ID: 215
---------------------------------------------------------
Frame ID: 216
---------------------------------------------------------
Frame ID: 217
---------------------------------------------------------
Frame ID: 218
---------------------------------------------------------
Frame ID: 219
---------------------------------------------------------
Frame ID: 220
---------------------------------------------------------
Frame ID: 221
---------------------------------------------------------
Frame ID: 222
---------------------------------------------------------
Frame ID: 223
---------------------------------------------------------
Frame ID: 224
---------------------------------------------------------
Frame ID: 225
---------------------------------------------------------
Frame ID: 226
---------------------------------------------------------
Frame ID: 227
---------------------------------------------------------
Frame ID: 228
---------------------------------------------------------
Frame ID: 229
---------------------------------------------------------
Frame ID: 230
---------------------------------------------------------
Frame ID: 231
---------------------------------------------------------
Frame ID: 232
---------------------------------------------------------
Frame ID: 233
---------------------------------------------------------
Frame ID: 234
---------------------------------------------------------
Frame ID: 235
---------------------------------------------------------
Frame ID: 236
---------------------------------------------------------
Frame ID: 237
---------------------------------------------------------
Frame ID: 238
---------------------------------------------------------
Frame ID: 239
---------------------------------------------------------
Frame ID: 240
---------------------------------------------------------
Frame ID: 241
---------------------------------------------------------
Frame ID: 242
---------------------------------------------------------
Frame ID: 243
---------------------------------------------------------
Frame ID: 244
---------------------------------------------------------
Frame ID: 245
---------------------------------------------------------
Frame ID: 246
---------------------------------------------------------
Frame ID: 247
---------------------------------------------------------
Frame ID: 248
---------------------------------------------------------
Frame ID: 249
---------------------------------------------------------
Frame ID: 250
---------------------------------------------------------
Frame ID: 251
---------------------------------------------------------
Frame ID: 252
---------------------------------------------------------
Frame ID: 253
---------------------------------------------------------
Frame ID: 254
---------------------------------------------------------
Frame ID: 255
---------------------------------------------------------
Frame ID: 256
---------------------------------------------------------
Frame ID: 257
---------------------------------------------------------
Frame ID: 258
---------------------------------------------------------
Frame ID: 259
---------------------------------------------------------
Frame ID: 260
---------------------------------------------------------
Frame ID: 261
---------------------------------------------------------
Frame ID: 262
---------------------------------------------------------
Frame ID: 263
---------------------------------------------------------
Frame ID: 264
---------------------------------------------------------
Frame ID: 265
---------------------------------------------------------
Frame ID: 266
---------------------------------------------------------
Frame ID: 267
---------------------------------------------------------
Frame ID: 268
---------------------------------------------------------
Frame ID: 269
---------------------------------------------------------
Frame ID: 270
---------------------------------------------------------
Frame ID: 271
---------------------------------------------------------
Frame ID: 272
---------------------------------------------------------
Frame ID: 273
---------------------------------------------------------
Frame ID: 274
---------------------------------------------------------
Frame ID: 275
---------------------------------------------------------
Frame ID: 276
---------------------------------------------------------
Frame ID: 277
---------------------------------------------------------
Frame ID: 278
---------------------------------------------------------
Frame ID: 279
---------------------------------------------------------
Frame ID: 280
---------------------------------------------------------
Frame ID: 281
---------------------------------------------------------
Frame ID: 282
---------------------------------------------------------
Frame ID: 283
---------------------------------------------------------
Frame ID: 284
---------------------------------------------------------
Frame ID: 285
---------------------------------------------------------
Frame ID: 286
---------------------------------------------------------
Frame ID: 287
---------------------------------------------------------
Frame ID: 288
---------------------------------------------------------
Frame ID: 289
---------------------------------------------------------
Frame ID: 290
---------------------------------------------------------
Frame ID: 291
---------------------------------------------------------
Frame ID: 292
---------------------------------------------------------
Frame ID: 293
---------------------------------------------------------
Frame ID: 294
---------------------------------------------------------
Frame ID: 295
---------------------------------------------------------
Frame ID: 296
---------------------------------------------------------
Frame ID: 297
---------------------------------------------------------
Frame ID: 298
---------------------------------------------------------
Frame ID: 299
---------------------------------------------------------
Frame ID: 300
---------------------------------------------------------
Frame ID: 301
---------------------------------------------------------
Frame ID: 302
---------------------------------------------------------
Frame ID: 303
---------------------------------------------------------
Frame ID: 304
---------------------------------------------------------
Frame ID: 305
---------------------------------------------------------
Frame ID: 306
---------------------------------------------------------
Frame ID: 307
---------------------------------------------------------
Frame ID: 308
---------------------------------------------------------
Frame ID: 309
---------------------------------------------------------
Frame ID: 310
---------------------------------------------------------
Frame ID: 311
---------------------------------------------------------
Frame ID: 312
---------------------------------------------------------
Frame ID: 313
---------------------------------------------------------
Frame ID: 314
---------------------------------------------------------
Frame ID: 315
---------------------------------------------------------
Frame ID: 316
---------------------------------------------------------
Frame ID: 317
---------------------------------------------------------
Frame ID: 318
---------------------------------------------------------
Frame ID: 319
---------------------------------------------------------
Frame ID: 320
---------------------------------------------------------
Frame ID: 321
---------------------------------------------------------
Frame ID: 322
---------------------------------------------------------
Frame ID: 323
---------------------------------------------------------
Frame ID: 324
---------------------------------------------------------
Frame ID: 325
---------------------------------------------------------
Frame ID: 326
---------------------------------------------------------
Frame ID: 327
---------------------------------------------------------
Frame ID: 328
---------------------------------------------------------
Frame ID: 329
---------------------------------------------------------
Frame ID: 330
---------------------------------------------------------
Frame ID: 331
---------------------------------------------------------
Frame ID: 332
---------------------------------------------------------
Frame ID: 333
---------------------------------------------------------
Frame ID: 334
---------------------------------------------------------
Frame ID: 335
---------------------------------------------------------
Frame ID: 336
---------------------------------------------------------
Frame ID: 337
---------------------------------------------------------
Frame ID: 338
---------------------------------------------------------
Frame ID: 339
---------------------------------------------------------
Frame ID: 340
---------------------------------------------------------
Frame ID: 341
---------------------------------------------------------
Frame ID: 342
---------------------------------------------------------
Frame ID: 343
---------------------------------------------------------
Frame ID: 344
---------------------------------------------------------
Frame ID: 345
---------------------------------------------------------
Frame ID: 346
---------------------------------------------------------
Frame ID: 347
---------------------------------------------------------
Frame ID: 348
---------------------------------------------------------
Frame ID: 349
---------------------------------------------------------
Frame ID: 350
---------------------------------------------------------
Frame ID: 351
---------------------------------------------------------
Frame ID: 352
---------------------------------------------------------
Frame ID: 353
---------------------------------------------------------
Frame ID: 354
---------------------------------------------------------
Frame ID: 355
---------------------------------------------------------
Frame ID: 356
---------------------------------------------------------
Frame ID: 357
---------------------------------------------------------
Frame ID: 358
---------------------------------------------------------
Frame ID: 359
---------------------------------------------------------
Frame ID: 360
---------------------------------------------------------
Frame ID: 361
---------------------------------------------------------
Frame ID: 362
---------------------------------------------------------
Frame ID: 363
---------------------------------------------------------
Frame ID: 364
---------------------------------------------------------
Frame ID: 365
---------------------------------------------------------
Frame ID: 366
---------------------------------------------------------
Frame ID: 367
---------------------------------------------------------
Frame ID: 368
---------------------------------------------------------
Frame ID: 369
---------------------------------------------------------
Frame ID: 370
---------------------------------------------------------
Frame ID: 371
---------------------------------------------------------
Frame ID: 372
---------------------------------------------------------
Frame ID: 373
---------------------------------------------------------
Frame ID: 374
---------------------------------------------------------
Frame ID: 375
---------------------------------------------------------
Frame ID: 376
---------------------------------------------------------
Frame ID: 377
---------------------------------------------------------
Frame ID: 378
---------------------------------------------------------
Frame ID: 379
---------------------------------------------------------
Frame ID: 380
---------------------------------------------------------
Frame ID: 381
---------------------------------------------------------
Frame ID: 382
---------------------------------------------------------
Frame ID: 383
---------------------------------------------------------
Frame ID: 384
---------------------------------------------------------
Frame ID: 385
---------------------------------------------------------
Frame ID: 386
---------------------------------------------------------
Frame ID: 387
---------------------------------------------------------
Frame ID: 388
---------------------------------------------------------
Frame ID: 389
---------------------------------------------------------
Frame ID: 390
---------------------------------------------------------
Frame ID: 391
---------------------------------------------------------
Frame ID: 392
---------------------------------------------------------
Frame ID: 393
---------------------------------------------------------
Frame ID: 394
---------------------------------------------------------
Frame ID: 395
---------------------------------------------------------
Frame ID: 396
---------------------------------------------------------
Frame ID: 397
---------------------------------------------------------
Frame ID: 398
---------------------------------------------------------
Frame ID: 399
---------------------------------------------------------
Frame ID: 400
---------------------------------------------------------
Frame ID: 401
---------------------------------------------------------
Frame ID: 402
---------------------------------------------------------
Frame ID: 403
---------------------------------------------------------
Frame ID: 404
---------------------------------------------------------
Frame ID: 405
---------------------------------------------------------
Frame ID: 406
---------------------------------------------------------
Frame ID: 407
---------------------------------------------------------
Frame ID: 408
---------------------------------------------------------
Frame ID: 409
---------------------------------------------------------
Frame ID: 410
---------------------------------------------------------
Frame ID: 411
---------------------------------------------------------
Frame ID: 412
---------------------------------------------------------
Frame ID: 413
---------------------------------------------------------
Frame ID: 414
---------------------------------------------------------
Frame ID: 415
---------------------------------------------------------
Frame ID: 416
---------------------------------------------------------
Frame ID: 417
---------------------------------------------------------
Frame ID: 418
---------------------------------------------------------
Frame ID: 419
---------------------------------------------------------
Frame ID: 420
---------------------------------------------------------
Frame ID: 421
---------------------------------------------------------
Frame ID: 422
---------------------------------------------------------
Frame ID: 423
---------------------------------------------------------
Frame ID: 424
---------------------------------------------------------
Frame ID: 425
---------------------------------------------------------
Frame ID: 426
---------------------------------------------------------
Frame ID: 427
---------------------------------------------------------
Frame ID: 428
---------------------------------------------------------
Frame ID: 429
---------------------------------------------------------
Frame ID: 430
---------------------------------------------------------
Frame ID: 431
---------------------------------------------------------
Frame ID: 432
---------------------------------------------------------
Frame ID: 433
---------------------------------------------------------
Frame ID: 434
---------------------------------------------------------
Frame ID: 435
---------------------------------------------------------
Frame ID: 436
---------------------------------------------------------
Frame ID: 437
---------------------------------------------------------
Frame ID: 438
---------------------------------------------------------
Frame ID: 439
---------------------------------------------------------
Frame ID: 440
---------------------------------------------------------
Frame ID: 441
---------------------------------------------------------
Frame ID: 442
---------------------------------------------------------
Frame ID: 443
---------------------------------------------------------
Frame ID: 444
---------------------------------------------------------
Frame ID: 445
---------------------------------------------------------
Frame ID: 446
---------------------------------------------------------
Frame ID: 447
---------------------------------------------------------
Frame ID: 448
---------------------------------------------------------
Frame ID: 449
---------------------------------------------------------
Frame ID: 450
---------------------------------------------------------
Frame ID: 451
---------------------------------------------------------
Frame ID: 452
---------------------------------------------------------
Frame ID: 453
---------------------------------------------------------
Frame ID: 454
---------------------------------------------------------
Frame ID: 455
---------------------------------------------------------
Frame ID: 456
---------------------------------------------------------
Frame ID: 457
---------------------------------------------------------
Frame ID: 458
---------------------------------------------------------
Frame ID: 459
---------------------------------------------------------
Frame ID: 460
---------------------------------------------------------
Frame ID: 461
---------------------------------------------------------
Frame ID: 462
---------------------------------------------------------
Frame ID: 463
---------------------------------------------------------
Frame ID: 464
---------------------------------------------------------
Frame ID: 465
---------------------------------------------------------
Frame ID: 466
---------------------------------------------------------
Frame ID: 467
---------------------------------------------------------
Frame ID: 468
---------------------------------------------------------
Frame ID: 469
---------------------------------------------------------
Frame ID: 470
---------------------------------------------------------
Frame ID: 471
---------------------------------------------------------
Frame ID: 472
---------------------------------------------------------
Frame ID: 473
---------------------------------------------------------
Frame ID: 474
---------------------------------------------------------
Frame ID: 475
---------------------------------------------------------
Frame ID: 476
---------------------------------------------------------
Frame ID: 477
---------------------------------------------------------
Frame ID: 478
---------------------------------------------------------
Frame ID: 479
---------------------------------------------------------
Frame ID: 480
---------------------------------------------------------
Frame ID: 481
---------------------------------------------------------
Frame ID: 482
---------------------------------------------------------
Frame ID: 483
---------------------------------------------------------
Frame ID: 484
---------------------------------------------------------
Frame ID: 485
---------------------------------------------------------
Frame ID: 486
---------------------------------------------------------
Frame ID: 487
---------------------------------------------------------
Frame ID: 488
---------------------------------------------------------
Frame ID: 489
---------------------------------------------------------
Frame ID: 490
---------------------------------------------------------
Frame ID: 491
---------------------------------------------------------
Frame ID: 492
---------------------------------------------------------
Frame ID: 493
---------------------------------------------------------
Frame ID: 494
---------------------------------------------------------
Frame ID: 495
---------------------------------------------------------
Frame ID: 496
---------------------------------------------------------
Frame ID: 497
---------------------------------------------------------
Frame ID: 498
---------------------------------------------------------
Frame ID: 499
---------------------------------------------------------
Frame ID: 500
---------------------------------------------------------
Frame ID: 501
---------------------------------------------------------
Frame ID: 502
---------------------------------------------------------
Frame ID: 503
---------------------------------------------------------
Frame ID: 504
---------------------------------------------------------
Frame ID: 505
---------------------------------------------------------
Frame ID: 506
---------------------------------------------------------
Frame ID: 507
---------------------------------------------------------
Frame ID: 508
---------------------------------------------------------
Frame ID: 509
---------------------------------------------------------
Frame ID: 510
---------------------------------------------------------
Frame ID: 511
---------------------------------------------------------
Frame ID: 512
---------------------------------------------------------
Frame ID: 513
---------------------------------------------------------
Frame ID: 514
---------------------------------------------------------
Frame ID: 515
---------------------------------------------------------
Frame ID: 516
---------------------------------------------------------
Frame ID: 517
---------------------------------------------------------
Frame ID: 518
---------------------------------------------------------
Frame ID: 519
---------------------------------------------------------
Frame ID: 520
---------------------------------------------------------
Frame ID: 521
---------------------------------------------------------
Frame ID: 522
---------------------------------------------------------
Frame ID: 523
---------------------------------------------------------
Frame ID: 524
---------------------------------------------------------
Frame ID: 525
---------------------------------------------------------
Frame ID: 526
---------------------------------------------------------
Frame ID: 527
---------------------------------------------------------
Frame ID: 528
---------------------------------------------------------
Frame ID: 529
---------------------------------------------------------
Frame ID: 530
---------------------------------------------------------
Frame ID: 531
---------------------------------------------------------
Frame ID: 532
---------------------------------------------------------
Frame ID: 533
---------------------------------------------------------
Frame ID: 534
---------------------------------------------------------
Frame ID: 535
---------------------------------------------------------
Frame ID: 536
---------------------------------------------------------
Frame ID: 537
---------------------------------------------------------
Frame ID: 538
---------------------------------------------------------
Frame ID: 539
---------------------------------------------------------
Frame ID: 540
---------------------------------------------------------
Frame ID: 541
---------------------------------------------------------
Frame ID: 542
---------------------------------------------------------
Frame ID: 543
---------------------------------------------------------
Frame ID: 544
---------------------------------------------------------
Frame ID: 545
---------------------------------------------------------
Frame ID: 546
---------------------------------------------------------
Frame ID: 547
---------------------------------------------------------
Frame ID: 548
---------------------------------------------------------
Frame ID: 549
---------------------------------------------------------
Frame ID: 550
---------------------------------------------------------
Frame ID: 551
---------------------------------------------------------
Frame ID: 552
---------------------------------------------------------
Frame ID: 553
---------------------------------------------------------
Frame ID: 554
---------------------------------------------------------
Frame ID: 555
---------------------------------------------------------
Frame ID: 556
---------------------------------------------------------
Frame ID: 557
---------------------------------------------------------
Frame ID: 558
---------------------------------------------------------
Frame ID: 559
---------------------------------------------------------
Frame ID: 560
---------------------------------------------------------
Frame ID: 561
---------------------------------------------------------
Frame ID: 562
---------------------------------------------------------
Frame ID: 563
---------------------------------------------------------
Frame ID: 564
---------------------------------------------------------
Frame ID: 565
---------------------------------------------------------
Frame ID: 566
---------------------------------------------------------
Frame ID: 567
---------------------------------------------------------
Frame ID: 568
---------------------------------------------------------
Frame ID: 569
---------------------------------------------------------
Frame ID: 570
---------------------------------------------------------
Frame ID: 571
---------------------------------------------------------
Frame ID: 572
---------------------------------------------------------
Frame ID: 573
---------------------------------------------------------
Frame ID: 574
---------------------------------------------------------
Frame ID: 575
---------------------------------------------------------
Frame ID: 576
---------------------------------------------------------
Frame ID: 577
---------------------------------------------------------
Frame ID: 578
---------------------------------------------------------
Frame ID: 579
---------------------------------------------------------
Frame ID: 580
---------------------------------------------------------
Frame ID: 581
---------------------------------------------------------
Frame ID: 582
---------------------------------------------------------
Frame ID: 583
---------------------------------------------------------
Frame ID: 584
---------------------------------------------------------
Frame ID: 585
---------------------------------------------------------
Frame ID: 586
---------------------------------------------------------
Frame ID: 587
---------------------------------------------------------
Frame ID: 588
---------------------------------------------------------
Frame ID: 589
---------------------------------------------------------
Frame ID: 590
---------------------------------------------------------
Frame ID: 591
---------------------------------------------------------
Frame ID: 592
---------------------------------------------------------
Frame ID: 593
---------------------------------------------------------
Frame ID: 594
---------------------------------------------------------
Frame ID: 595
---------------------------------------------------------
Frame ID: 596
---------------------------------------------------------
Frame ID: 597
---------------------------------------------------------
Frame ID: 598
---------------------------------------------------------
Frame ID: 599
---------------------------------------------------------
Frame ID: 600
---------------------------------------------------------
Frame ID: 601
---------------------------------------------------------
Frame ID: 602
---------------------------------------------------------
Frame ID: 603
---------------------------------------------------------
Frame ID: 604
---------------------------------------------------------
Frame ID: 605
---------------------------------------------------------
Frame ID: 606
---------------------------------------------------------
Frame ID: 607
---------------------------------------------------------
Frame ID: 608
---------------------------------------------------------
Frame ID: 609
---------------------------------------------------------
Frame ID: 610
---------------------------------------------------------
Frame ID: 611
---------------------------------------------------------
Frame ID: 612
---------------------------------------------------------
Frame ID: 613
---------------------------------------------------------
Frame ID: 614
---------------------------------------------------------
Frame ID: 615
---------------------------------------------------------
Frame ID: 616
---------------------------------------------------------
Frame ID: 617
---------------------------------------------------------
Frame ID: 618
---------------------------------------------------------
Frame ID: 619
---------------------------------------------------------
Frame ID: 620
---------------------------------------------------------
Frame ID: 621
---------------------------------------------------------
Frame ID: 622
---------------------------------------------------------
Frame ID: 623
---------------------------------------------------------
Frame ID: 624
---------------------------------------------------------
Frame ID: 625
---------------------------------------------------------
Frame ID: 626
---------------------------------------------------------
Frame ID: 627
---------------------------------------------------------
Frame ID: 628
---------------------------------------------------------
Frame ID: 629
---------------------------------------------------------
Frame ID: 630
---------------------------------------------------------
Frame ID: 631
---------------------------------------------------------
Frame ID: 632
---------------------------------------------------------
Frame ID: 633
---------------------------------------------------------
Frame ID: 634
---------------------------------------------------------
Frame ID: 635
---------------------------------------------------------
Frame ID: 636
---------------------------------------------------------
Frame ID: 637
---------------------------------------------------------
Frame ID: 638
---------------------------------------------------------
Frame ID: 639
---------------------------------------------------------
Frame ID: 640
---------------------------------------------------------
Frame ID: 641
---------------------------------------------------------
Frame ID: 642
---------------------------------------------------------
Frame ID: 643
---------------------------------------------------------
Frame ID: 644
---------------------------------------------------------
Frame ID: 645
---------------------------------------------------------
Frame ID: 646
---------------------------------------------------------
Frame ID: 647
---------------------------------------------------------
Frame ID: 648
---------------------------------------------------------
Frame ID: 649
---------------------------------------------------------
Frame ID: 650
---------------------------------------------------------
Frame ID: 651
---------------------------------------------------------
Frame ID: 652
---------------------------------------------------------
Frame ID: 653
---------------------------------------------------------
Frame ID: 654
---------------------------------------------------------
Frame ID: 655
---------------------------------------------------------
Frame ID: 656
---------------------------------------------------------
Frame ID: 657
---------------------------------------------------------
Frame ID: 658
---------------------------------------------------------
Frame ID: 659
---------------------------------------------------------
Frame ID: 660
---------------------------------------------------------
Frame ID: 661
---------------------------------------------------------
Frame ID: 662
---------------------------------------------------------
Frame ID: 663
---------------------------------------------------------
Frame ID: 664
---------------------------------------------------------
Frame ID: 665
---------------------------------------------------------
Frame ID: 666
---------------------------------------------------------
Frame ID: 667
---------------------------------------------------------
Frame ID: 668
---------------------------------------------------------
Frame ID: 669
---------------------------------------------------------
Frame ID: 670
---------------------------------------------------------
Frame ID: 671
---------------------------------------------------------
Frame ID: 672
---------------------------------------------------------
Frame ID: 673
---------------------------------------------------------
Frame ID: 674
---------------------------------------------------------
Frame ID: 675
---------------------------------------------------------
Frame ID: 676
---------------------------------------------------------
Frame ID: 677
---------------------------------------------------------
Frame ID: 678
---------------------------------------------------------
Frame ID: 679
---------------------------------------------------------
Frame ID: 680
---------------------------------------------------------
Frame ID: 681
---------------------------------------------------------
Frame ID: 682
---------------------------------------------------------
Frame ID: 683
---------------------------------------------------------
Frame ID: 684
---------------------------------------------------------
Frame ID: 685
---------------------------------------------------------
Frame ID: 686
---------------------------------------------------------
Frame ID: 687
---------------------------------------------------------
Frame ID: 688
---------------------------------------------------------
Frame ID: 689
---------------------------------------------------------
Frame ID: 690
---------------------------------------------------------
Frame ID: 691
---------------------------------------------------------
Frame ID: 692
---------------------------------------------------------
Frame ID: 693
---------------------------------------------------------
Frame ID: 694
---------------------------------------------------------
Frame ID: 695
---------------------------------------------------------
Frame ID: 696
---------------------------------------------------------
Frame ID: 697
---------------------------------------------------------
Frame ID: 698
---------------------------------------------------------
Frame ID: 699
---------------------------------------------------------
Frame ID: 700
---------------------------------------------------------
Frame ID: 701
---------------------------------------------------------
Frame ID: 702
---------------------------------------------------------
Frame ID: 703
---------------------------------------------------------
Frame ID: 704
---------------------------------------------------------
Frame ID: 705
---------------------------------------------------------
Frame ID: 706
---------------------------------------------------------
Frame ID: 707
---------------------------------------------------------
Frame ID: 708
---------------------------------------------------------
Frame ID: 709
---------------------------------------------------------
Frame ID: 710
---------------------------------------------------------
Frame ID: 711
---------------------------------------------------------
Frame ID: 712
---------------------------------------------------------
Frame ID: 713
---------------------------------------------------------
Frame ID: 714
---------------------------------------------------------
Frame ID: 715
---------------------------------------------------------
Frame ID: 716
---------------------------------------------------------
Frame ID: 717
---------------------------------------------------------
Frame ID: 718
---------------------------------------------------------
Frame ID: 719
---------------------------------------------------------
Frame ID: 720
---------------------------------------------------------
Frame ID: 721
---------------------------------------------------------
Frame ID: 722
---------------------------------------------------------
Frame ID: 723
---------------------------------------------------------
Frame ID: 724
---------------------------------------------------------
Frame ID: 725
---------------------------------------------------------
Frame ID: 726
---------------------------------------------------------
Frame ID: 727
---------------------------------------------------------
Frame ID: 728
---------------------------------------------------------
Frame ID: 729
---------------------------------------------------------
Frame ID: 730
---------------------------------------------------------
Frame ID: 731
---------------------------------------------------------
Frame ID: 732
---------------------------------------------------------
Frame ID: 733
---------------------------------------------------------
Frame ID: 734
---------------------------------------------------------
Frame ID: 735
---------------------------------------------------------
Frame ID: 736
---------------------------------------------------------
Frame ID: 737
---------------------------------------------------------
Frame ID: 738
---------------------------------------------------------
Frame ID: 739
---------------------------------------------------------
Frame ID: 740
---------------------------------------------------------
Frame ID: 741
---------------------------------------------------------
Frame ID: 742
---------------------------------------------------------
Frame ID: 743
---------------------------------------------------------
Frame ID: 744
---------------------------------------------------------
Frame ID: 745
---------------------------------------------------------
Frame ID: 746
---------------------------------------------------------
Frame ID: 747
---------------------------------------------------------
Frame ID: 748
---------------------------------------------------------
Frame ID: 749
---------------------------------------------------------
Frame ID: 750
---------------------------------------------------------
Frame ID: 751
---------------------------------------------------------
Frame ID: 752
---------------------------------------------------------
Frame ID: 753
---------------------------------------------------------
Frame ID: 754
---------------------------------------------------------
Frame ID: 755
---------------------------------------------------------
Frame ID: 756
---------------------------------------------------------
Frame ID: 757
---------------------------------------------------------
Frame ID: 758
---------------------------------------------------------
Frame ID: 759
---------------------------------------------------------
Frame ID: 760
---------------------------------------------------------
Frame ID: 761
---------------------------------------------------------
Frame ID: 762
---------------------------------------------------------
Frame ID: 763
---------------------------------------------------------
Frame ID: 764
---------------------------------------------------------
Frame ID: 765
---------------------------------------------------------
Frame ID: 766
---------------------------------------------------------
Frame ID: 767
---------------------------------------------------------
Frame ID: 768
---------------------------------------------------------
Frame ID: 769
---------------------------------------------------------
Frame ID: 770
---------------------------------------------------------
Frame ID: 771
---------------------------------------------------------
Frame ID: 772
---------------------------------------------------------
Frame ID: 773
---------------------------------------------------------
Frame ID: 774
---------------------------------------------------------
Frame ID: 775
---------------------------------------------------------
Frame ID: 776
---------------------------------------------------------
Frame ID: 777
---------------------------------------------------------
Frame ID: 778
---------------------------------------------------------
Frame ID: 779
---------------------------------------------------------
Frame ID: 780
---------------------------------------------------------
Frame ID: 781
---------------------------------------------------------
Frame ID: 782
---------------------------------------------------------
Frame ID: 783
---------------------------------------------------------
Frame ID: 784
---------------------------------------------------------
Frame ID: 785
---------------------------------------------------------
Frame ID: 786
---------------------------------------------------------
Frame ID: 787
---------------------------------------------------------
Frame ID: 788
---------------------------------------------------------
Frame ID: 789
---------------------------------------------------------
Frame ID: 790
---------------------------------------------------------
Frame ID: 791
---------------------------------------------------------
Frame ID: 792
---------------------------------------------------------
Frame ID: 793
---------------------------------------------------------
Frame ID: 794
---------------------------------------------------------
Frame ID: 795
---------------------------------------------------------
Frame ID: 796
---------------------------------------------------------
Frame ID: 797
---------------------------------------------------------
Frame ID: 798
---------------------------------------------------------
Frame ID: 799
---------------------------------------------------------
Frame ID: 800
---------------------------------------------------------
Frame ID: 801
---------------------------------------------------------
Frame ID: 802
---------------------------------------------------------
Frame ID: 803
---------------------------------------------------------
Frame ID: 804
---------------------------------------------------------
Frame ID: 805
---------------------------------------------------------
Frame ID: 806
---------------------------------------------------------
Frame ID: 807
---------------------------------------------------------
Frame ID: 808
---------------------------------------------------------
Frame ID: 809
---------------------------------------------------------
Frame ID: 810
---------------------------------------------------------
Frame ID: 811
---------------------------------------------------------
Frame ID: 812
---------------------------------------------------------
Frame ID: 813
---------------------------------------------------------
Frame ID: 814
---------------------------------------------------------
Frame ID: 815
---------------------------------------------------------
Frame ID: 816
---------------------------------------------------------
Frame ID: 817
---------------------------------------------------------
Frame ID: 818
---------------------------------------------------------
Frame ID: 819
---------------------------------------------------------
Frame ID: 820
---------------------------------------------------------
Frame ID: 821
---------------------------------------------------------
Frame ID: 822
---------------------------------------------------------
Frame ID: 823
---------------------------------------------------------
Frame ID: 824
---------------------------------------------------------
Frame ID: 825
---------------------------------------------------------
Frame ID: 826
---------------------------------------------------------
Frame ID: 827
---------------------------------------------------------
Frame ID: 828
---------------------------------------------------------
Frame ID: 829
---------------------------------------------------------
Frame ID: 830
---------------------------------------------------------
Frame ID: 831
---------------------------------------------------------
Frame ID: 832
---------------------------------------------------------
Frame ID: 833
---------------------------------------------------------
Frame ID: 834
---------------------------------------------------------
Frame ID: 835
---------------------------------------------------------
Frame ID: 836
---------------------------------------------------------
Frame ID: 837
---------------------------------------------------------
Frame ID: 838
---------------------------------------------------------
Frame ID: 839
---------------------------------------------------------
Frame ID: 840
---------------------------------------------------------
Frame ID: 841
---------------------------------------------------------
Frame ID: 842
---------------------------------------------------------
Frame ID: 843
---------------------------------------------------------
Frame ID: 844
---------------------------------------------------------
Frame ID: 845
---------------------------------------------------------
Frame ID: 846
---------------------------------------------------------
Frame ID: 847
---------------------------------------------------------
Frame ID: 848
---------------------------------------------------------
Frame ID: 849
---------------------------------------------------------
Frame ID: 850
---------------------------------------------------------
Frame ID: 851
---------------------------------------------------------
Frame ID: 852
---------------------------------------------------------
Frame ID: 853
---------------------------------------------------------
Frame ID: 854
---------------------------------------------------------
Frame ID: 855
---------------------------------------------------------
Frame ID: 856
---------------------------------------------------------
Frame ID: 857
---------------------------------------------------------
Frame ID: 858
---------------------------------------------------------
Frame ID: 859
---------------------------------------------------------
Frame ID: 860
---------------------------------------------------------
Frame ID: 861
---------------------------------------------------------
Frame ID: 862
---------------------------------------------------------
Frame ID: 863
---------------------------------------------------------
Frame ID: 864
---------------------------------------------------------
Frame ID: 865
---------------------------------------------------------
Frame ID: 866
---------------------------------------------------------
Frame ID: 867
---------------------------------------------------------
Frame ID: 868
---------------------------------------------------------
Frame ID: 869
---------------------------------------------------------
Frame ID: 870
---------------------------------------------------------
Frame ID: 871
---------------------------------------------------------
Frame ID: 872
---------------------------------------------------------
Frame ID: 873
---------------------------------------------------------
Frame ID: 874
---------------------------------------------------------
Frame ID: 875
---------------------------------------------------------
Frame ID: 876
---------------------------------------------------------
Frame ID: 877
---------------------------------------------------------
Frame ID: 878
---------------------------------------------------------
Frame ID: 879
---------------------------------------------------------
Frame ID: 880
---------------------------------------------------------
Frame ID: 881
---------------------------------------------------------
Frame ID: 882
---------------------------------------------------------
Frame ID: 883
---------------------------------------------------------
Frame ID: 884
---------------------------------------------------------
Frame ID: 885
---------------------------------------------------------
Frame ID: 886
---------------------------------------------------------
Frame ID: 887
---------------------------------------------------------
Frame ID: 888
---------------------------------------------------------
Frame ID: 889
---------------------------------------------------------
Frame ID: 890
---------------------------------------------------------
Frame ID: 891
---------------------------------------------------------
Frame ID: 892
---------------------------------------------------------
Frame ID: 893
---------------------------------------------------------
Frame ID: 894
---------------------------------------------------------
Frame ID: 895
---------------------------------------------------------
Frame ID: 896
---------------------------------------------------------
Frame ID: 897
---------------------------------------------------------
Frame ID: 898
---------------------------------------------------------
Frame ID: 899
---------------------------------------------------------
Frame ID: 900
---------------------------------------------------------
Frame ID: 901
---------------------------------------------------------
Frame ID: 902
---------------------------------------------------------
Frame ID: 903
---------------------------------------------------------
Frame ID: 904
---------------------------------------------------------
Frame ID: 905
---------------------------------------------------------
Frame ID: 906
---------------------------------------------------------
Frame ID: 907
---------------------------------------------------------
Frame ID: 908
---------------------------------------------------------
Frame ID: 909
---------------------------------------------------------
Frame ID: 910
---------------------------------------------------------
Frame ID: 911
---------------------------------------------------------
Frame ID: 912
---------------------------------------------------------
Frame ID: 913
---------------------------------------------------------
Frame ID: 914
---------------------------------------------------------
Frame ID: 915
---------------------------------------------------------
Frame ID: 916
---------------------------------------------------------
Frame ID: 917
---------------------------------------------------------
Frame ID: 918
---------------------------------------------------------
Frame ID: 919
---------------------------------------------------------
Frame ID: 920
---------------------------------------------------------
Frame ID: 921
---------------------------------------------------------
Frame ID: 922
---------------------------------------------------------
Frame ID: 923
---------------------------------------------------------
Frame ID: 924
---------------------------------------------------------
Frame ID: 925
---------------------------------------------------------
Frame ID: 926
---------------------------------------------------------
Frame ID: 927
---------------------------------------------------------
Frame ID: 928
---------------------------------------------------------
Frame ID: 929
---------------------------------------------------------
Frame ID: 930
---------------------------------------------------------
Frame ID: 931
---------------------------------------------------------
Frame ID: 932
---------------------------------------------------------
Frame ID: 933
---------------------------------------------------------
Frame ID: 934
---------------------------------------------------------
Frame ID: 935
---------------------------------------------------------
Frame ID: 936
---------------------------------------------------------
Frame ID: 937
---------------------------------------------------------
Frame ID: 938
---------------------------------------------------------
Frame ID: 939
---------------------------------------------------------
Frame ID: 940
---------------------------------------------------------
Frame ID: 941
---------------------------------------------------------
Frame ID: 942
---------------------------------------------------------
Frame ID: 943
---------------------------------------------------------
Frame ID: 944
---------------------------------------------------------
Frame ID: 945
---------------------------------------------------------
Frame ID: 946
---------------------------------------------------------
Frame ID: 947
---------------------------------------------------------
Frame ID: 948
---------------------------------------------------------
Frame ID: 949
---------------------------------------------------------
Frame ID: 950
---------------------------------------------------------
Frame ID: 951
---------------------------------------------------------
Frame ID: 952
---------------------------------------------------------
Frame ID: 953
---------------------------------------------------------
Frame ID: 954
---------------------------------------------------------
Frame ID: 955
---------------------------------------------------------
Frame ID: 956
---------------------------------------------------------
Frame ID: 957
---------------------------------------------------------
Frame ID: 958
---------------------------------------------------------
Frame ID: 959
---------------------------------------------------------
Frame ID: 960
---------------------------------------------------------
Frame ID: 961
---------------------------------------------------------
Frame ID: 962
---------------------------------------------------------
Frame ID: 963
---------------------------------------------------------
Frame ID: 964
---------------------------------------------------------
Frame ID: 965
---------------------------------------------------------
Frame ID: 966
---------------------------------------------------------
Frame ID: 967
---------------------------------------------------------
Frame ID: 968
---------------------------------------------------------
Frame ID: 969
---------------------------------------------------------
Frame ID: 970
---------------------------------------------------------
Frame ID: 971
---------------------------------------------------------
Frame ID: 972
---------------------------------------------------------
Frame ID: 973
---------------------------------------------------------
Frame ID: 974
---------------------------------------------------------
Frame ID: 975
---------------------------------------------------------
Frame ID: 976
---------------------------------------------------------
Frame ID: 977
---------------------------------------------------------
Frame ID: 978
---------------------------------------------------------
Frame ID: 979
---------------------------------------------------------
Frame ID: 980
---------------------------------------------------------
Frame ID: 981
---------------------------------------------------------
Frame ID: 982
---------------------------------------------------------
Frame ID: 983
---------------------------------------------------------
Frame ID: 984
---------------------------------------------------------
Frame ID: 985
---------------------------------------------------------
Frame ID: 986
---------------------------------------------------------
Frame ID: 987
---------------------------------------------------------
Frame ID: 988
---------------------------------------------------------
Frame ID: 989
---------------------------------------------------------
Frame ID: 990
---------------------------------------------------------
Frame ID: 991
---------------------------------------------------------
Frame ID: 992
---------------------------------------------------------
Frame ID: 993
---------------------------------------------------------
Frame ID: 994
---------------------------------------------------------
Frame ID: 995
---------------------------------------------------------
Frame ID: 996
---------------------------------------------------------
Frame ID: 997
---------------------------------------------------------
Frame ID: 998
---------------------------------------------------------
Frame ID: 999
---------------------------------------------------------
Frame ID: 1000
---------------------------------------------------------
Frame ID: 1001
---------------------------------------------------------
Frame ID: 1002
---------------------------------------------------------
Frame ID: 1003
---------------------------------------------------------
Frame ID: 1004
---------------------------------------------------------
Frame ID: 1005
---------------------------------------------------------
Frame ID: 1006
---------------------------------------------------------
Frame ID: 1007
---------------------------------------------------------
Frame ID: 1008
---------------------------------------------------------
Frame ID: 1009
---------------------------------------------------------
Frame ID: 1010
---------------------------------------------------------
Frame ID: 1011
---------------------------------------------------------
Frame ID: 1012
---------------------------------------------------------
Frame ID: 1013
---------------------------------------------------------
Frame ID: 1014
---------------------------------------------------------
Frame ID: 1015
---------------------------------------------------------
Frame ID: 1016
---------------------------------------------------------
Frame ID: 1017
---------------------------------------------------------
Frame ID: 1018
---------------------------------------------------------
Frame ID: 1019
---------------------------------------------------------
Frame ID: 1020
---------------------------------------------------------
Frame ID: 1021
---------------------------------------------------------
Frame ID: 1022
---------------------------------------------------------
Frame ID: 1023
---------------------------------------------------------
Frame ID: 1024
---------------------------------------------------------
Frame ID: 1025
---------------------------------------------------------
Frame ID: 1026
---------------------------------------------------------
Frame ID: 1027
---------------------------------------------------------
Frame ID: 1028
---------------------------------------------------------
Frame ID: 1029
---------------------------------------------------------
Frame ID: 1030
---------------------------------------------------------
Frame ID: 1031
---------------------------------------------------------
Frame ID: 1032
---------------------------------------------------------
Frame ID: 1033
---------------------------------------------------------
Frame ID: 1034
---------------------------------------------------------
Frame ID: 1035
---------------------------------------------------------
Frame ID: 1036
---------------------------------------------------------
Frame ID: 1037
---------------------------------------------------------
Frame ID: 1038
---------------------------------------------------------
Frame ID: 1039
---------------------------------------------------------
Frame ID: 1040
---------------------------------------------------------
Frame ID: 1041
---------------------------------------------------------
Frame ID: 1042
---------------------------------------------------------
Frame ID: 1043
---------------------------------------------------------
Frame ID: 1044
---------------------------------------------------------
Frame ID: 1045
---------------------------------------------------------
Frame ID: 1046
---------------------------------------------------------
Frame ID: 1047
---------------------------------------------------------
Frame ID: 1048
---------------------------------------------------------
Frame ID: 1049
---------------------------------------------------------
Frame ID: 1050
---------------------------------------------------------
Frame ID: 1051
---------------------------------------------------------
Frame ID: 1052
---------------------------------------------------------
Frame ID: 1053
---------------------------------------------------------
Frame ID: 1054
---------------------------------------------------------
Frame ID: 1055
---------------------------------------------------------
Frame ID: 1056
---------------------------------------------------------
Frame ID: 1057
---------------------------------------------------------
Frame ID: 1058
---------------------------------------------------------
Frame ID: 1059
---------------------------------------------------------
Frame ID: 1060
---------------------------------------------------------
Frame ID: 1061
---------------------------------------------------------
Frame ID: 1062
---------------------------------------------------------
Frame ID: 1063
---------------------------------------------------------
Frame ID: 1064
---------------------------------------------------------
Frame ID: 1065
---------------------------------------------------------
Frame ID: 1066
---------------------------------------------------------
Frame ID: 1067
---------------------------------------------------------
Frame ID: 1068
---------------------------------------------------------
Frame ID: 1069
---------------------------------------------------------
Frame ID: 1070
---------------------------------------------------------
Frame ID: 1071
---------------------------------------------------------
Frame ID: 1072
---------------------------------------------------------
Frame ID: 1073
---------------------------------------------------------
Frame ID: 1074
---------------------------------------------------------
Frame ID: 1075
---------------------------------------------------------
Frame ID: 1076
---------------------------------------------------------
Frame ID: 1077
---------------------------------------------------------
Frame ID: 1078
---------------------------------------------------------
Frame ID: 1079
---------------------------------------------------------
Frame ID: 1080
---------------------------------------------------------
Frame ID: 1081
---------------------------------------------------------
Frame ID: 1082
---------------------------------------------------------
Frame ID: 1083
---------------------------------------------------------
Frame ID: 1084
---------------------------------------------------------
Frame ID: 1085
---------------------------------------------------------
Frame ID: 1086
---------------------------------------------------------
Frame ID: 1087
---------------------------------------------------------
Frame ID: 1088
---------------------------------------------------------
Frame ID: 1089
---------------------------------------------------------
Frame ID: 1090
---------------------------------------------------------
Frame ID: 1091
---------------------------------------------------------
Frame ID: 1092
---------------------------------------------------------
Frame ID: 1093
---------------------------------------------------------
Frame ID: 1094
---------------------------------------------------------
Frame ID: 1095
---------------------------------------------------------
Frame ID: 1096
---------------------------------------------------------
Frame ID: 1097
---------------------------------------------------------
Frame ID: 1098
---------------------------------------------------------
Frame ID: 1099
---------------------------------------------------------
Frame ID: 1100
---------------------------------------------------------
Frame ID: 1101
---------------------------------------------------------
Frame ID: 1102
---------------------------------------------------------
Frame ID: 1103
---------------------------------------------------------
Frame ID: 1104
---------------------------------------------------------
Frame ID: 1105
---------------------------------------------------------
Frame ID: 1106
---------------------------------------------------------
Frame ID: 1107
---------------------------------------------------------
Frame ID: 1108
---------------------------------------------------------
Frame ID: 1109
---------------------------------------------------------
Frame ID: 1110
---------------------------------------------------------
Frame ID: 1111
---------------------------------------------------------
Frame ID: 1112
---------------------------------------------------------
Frame ID: 1113
---------------------------------------------------------
Frame ID: 1114
---------------------------------------------------------
Frame ID: 1115
---------------------------------------------------------
Frame ID: 1116
---------------------------------------------------------
Frame ID: 1117
---------------------------------------------------------
Frame ID: 1118
---------------------------------------------------------
Frame ID: 1119
---------------------------------------------------------
Frame ID: 1120
---------------------------------------------------------
Frame ID: 1121
---------------------------------------------------------
Frame ID: 1122
---------------------------------------------------------
Frame ID: 1123
---------------------------------------------------------
Frame ID: 1124
---------------------------------------------------------
Frame ID: 1125
---------------------------------------------------------
Frame ID: 1126
---------------------------------------------------------
Frame ID: 1127
---------------------------------------------------------
Frame ID: 1128
---------------------------------------------------------
Frame ID: 1129
---------------------------------------------------------
Frame ID: 1130
---------------------------------------------------------
Frame ID: 1131
---------------------------------------------------------
Frame ID: 1132
---------------------------------------------------------
Frame ID: 1133
---------------------------------------------------------
Frame ID: 1134
---------------------------------------------------------
Frame ID: 1135
---------------------------------------------------------
Frame ID: 1136
---------------------------------------------------------
Frame ID: 1137
---------------------------------------------------------
Frame ID: 1138
---------------------------------------------------------
Frame ID: 1139
---------------------------------------------------------
Frame ID: 1140
---------------------------------------------------------
Frame ID: 1141
---------------------------------------------------------
Frame ID: 1142
---------------------------------------------------------
Frame ID: 1143
---------------------------------------------------------
Frame ID: 1144
---------------------------------------------------------
Frame ID: 1145
---------------------------------------------------------
Frame ID: 1146
---------------------------------------------------------
Frame ID: 1147
---------------------------------------------------------
Frame ID: 1148
---------------------------------------------------------
Frame ID: 1149
---------------------------------------------------------
Frame ID: 1150
---------------------------------------------------------
Frame ID: 1151
---------------------------------------------------------
Frame ID: 1152
---------------------------------------------------------
Frame ID: 1153
---------------------------------------------------------
Frame ID: 1154
---------------------------------------------------------
Frame ID: 1155
---------------------------------------------------------
Frame ID: 1156
---------------------------------------------------------
Frame ID: 1157
---------------------------------------------------------
Frame ID: 1158
---------------------------------------------------------
Frame ID: 1159
---------------------------------------------------------
Frame ID: 1160
---------------------------------------------------------
Frame ID: 1161
---------------------------------------------------------
Frame ID: 1162
---------------------------------------------------------
Frame ID: 1163
---------------------------------------------------------
Frame ID: 1164
---------------------------------------------------------
Frame ID: 1165
---------------------------------------------------------
Frame ID: 1166
---------------------------------------------------------
Frame ID: 1167
---------------------------------------------------------
Frame ID: 1168
---------------------------------------------------------
Frame ID: 1169
---------------------------------------------------------
Frame ID: 1170
---------------------------------------------------------
Frame ID: 1171
---------------------------------------------------------
Frame ID: 1172
---------------------------------------------------------
Frame ID: 1173
---------------------------------------------------------
Frame ID: 1174
---------------------------------------------------------
Frame ID: 1175
---------------------------------------------------------
Frame ID: 1176
---------------------------------------------------------
Frame ID: 1177
---------------------------------------------------------
Frame ID: 1178
---------------------------------------------------------
Frame ID: 1179
---------------------------------------------------------
Frame ID: 1180
---------------------------------------------------------
Frame ID: 1181
---------------------------------------------------------
Frame ID: 1182
---------------------------------------------------------
Frame ID: 1183
---------------------------------------------------------
Frame ID: 1184
---------------------------------------------------------
Frame ID: 1185
---------------------------------------------------------
Frame ID: 1186
---------------------------------------------------------
Frame ID: 1187
---------------------------------------------------------
Frame ID: 1188
---------------------------------------------------------
Frame ID: 1189
---------------------------------------------------------
Frame ID: 1190
---------------------------------------------------------
Frame ID: 1191
---------------------------------------------------------
Frame ID: 1192
---------------------------------------------------------
Frame ID: 1193
---------------------------------------------------------
Frame ID: 1194
---------------------------------------------------------
Frame ID: 1195
---------------------------------------------------------
Frame ID: 1196
---------------------------------------------------------
Frame ID: 1197
---------------------------------------------------------
Frame ID: 1198
---------------------------------------------------------
Frame ID: 1199
---------------------------------------------------------
Frame ID: 1200
---------------------------------------------------------
Frame ID: 1201
---------------------------------------------------------
Frame ID: 1202
---------------------------------------------------------
Frame ID: 1203
---------------------------------------------------------
Frame ID: 1204
---------------------------------------------------------
Frame ID: 1205
---------------------------------------------------------
Frame ID: 1206
---------------------------------------------------------
Frame ID: 1207
---------------------------------------------------------
Frame ID: 1208
---------------------------------------------------------
Frame ID: 1209
---------------------------------------------------------
Frame ID: 1210
---------------------------------------------------------
Frame ID: 1211
---------------------------------------------------------
Frame ID: 1212
---------------------------------------------------------
Frame ID: 1213
---------------------------------------------------------
Frame ID: 1214
---------------------------------------------------------
Frame ID: 1215
---------------------------------------------------------
Frame ID: 1216
---------------------------------------------------------
Frame ID: 1217
---------------------------------------------------------
Frame ID: 1218
---------------------------------------------------------
Frame ID: 1219
---------------------------------------------------------
Frame ID: 1220
---------------------------------------------------------
Frame ID: 1221
---------------------------------------------------------
Frame ID: 1222
---------------------------------------------------------
Frame ID: 1223
---------------------------------------------------------
Frame ID: 1224
---------------------------------------------------------
Frame ID: 1225
---------------------------------------------------------
Frame ID: 1226
---------------------------------------------------------
Frame ID: 1227
---------------------------------------------------------
Frame ID: 1228
---------------------------------------------------------
Frame ID: 1229
---------------------------------------------------------
Frame ID: 1230
---------------------------------------------------------
Frame ID: 1231
---------------------------------------------------------
Frame ID: 1232
---------------------------------------------------------
Frame ID: 1233
---------------------------------------------------------
Frame ID: 1234
---------------------------------------------------------
Frame ID: 1235
---------------------------------------------------------
Frame ID: 1236
---------------------------------------------------------
Frame ID: 1237
---------------------------------------------------------
Frame ID: 1238
---------------------------------------------------------
Frame ID: 1239
---------------------------------------------------------
Frame ID: 1240
---------------------------------------------------------
Frame ID: 1241
---------------------------------------------------------
Frame ID: 1242
---------------------------------------------------------
Frame ID: 1243
---------------------------------------------------------
Frame ID: 1244
---------------------------------------------------------
Frame ID: 1245
---------------------------------------------------------
Frame ID: 1246
---------------------------------------------------------
Frame ID: 1247
---------------------------------------------------------
Frame ID: 1248
---------------------------------------------------------
Frame ID: 1249
---------------------------------------------------------
Frame ID: 1250
---------------------------------------------------------
Frame ID: 1251
---------------------------------------------------------
Frame ID: 1252
---------------------------------------------------------
Frame ID: 1253
---------------------------------------------------------
Frame ID: 1254
---------------------------------------------------------
Frame ID: 1255
---------------------------------------------------------
Frame ID: 1256
---------------------------------------------------------
Frame ID: 1257
---------------------------------------------------------
Frame ID: 1258
---------------------------------------------------------
Frame ID: 1259
---------------------------------------------------------
Frame ID: 1260
---------------------------------------------------------
Frame ID: 1261
---------------------------------------------------------
Frame ID: 1262
---------------------------------------------------------
Frame ID: 1263
---------------------------------------------------------
Frame ID: 1264
---------------------------------------------------------
Frame ID: 1265
---------------------------------------------------------
Frame ID: 1266
---------------------------------------------------------
Frame ID: 1267
---------------------------------------------------------
Frame ID: 1268
---------------------------------------------------------
Frame ID: 1269
---------------------------------------------------------
Frame ID: 1270
---------------------------------------------------------
Frame ID: 1271
---------------------------------------------------------
Frame ID: 1272
---------------------------------------------------------
Frame ID: 1273
---------------------------------------------------------
Frame ID: 1274
---------------------------------------------------------
Frame ID: 1275
---------------------------------------------------------
Frame ID: 1276
---------------------------------------------------------
Frame ID: 1277
---------------------------------------------------------
Frame ID: 1278
---------------------------------------------------------
Frame ID: 1279
---------------------------------------------------------
Frame ID: 1280
---------------------------------------------------------
Frame ID: 1281
---------------------------------------------------------
Frame ID: 1282
---------------------------------------------------------
Frame ID: 1283
---------------------------------------------------------
Frame ID: 1284
---------------------------------------------------------
Frame ID: 1285
---------------------------------------------------------
Frame ID: 1286
---------------------------------------------------------
Frame ID: 1287
---------------------------------------------------------
Frame ID: 1288
---------------------------------------------------------
Frame ID: 1289
---------------------------------------------------------
Frame ID: 1290
---------------------------------------------------------
Frame ID: 1291
---------------------------------------------------------
Frame ID: 1292
---------------------------------------------------------
Frame ID: 1293
---------------------------------------------------------
Frame ID: 1294
---------------------------------------------------------
Frame ID: 1295
---------------------------------------------------------
Frame ID: 1296
---------------------------------------------------------
Frame ID: 1297
---------------------------------------------------------
Frame ID: 1298
---------------------------------------------------------
Frame ID: 1299
---------------------------------------------------------
Frame ID: 1300
---------------------------------------------------------
Frame ID: 1301
---------------------------------------------------------
Frame ID: 1302
---------------------------------------------------------
Frame ID: 1303
---------------------------------------------------------
Frame ID: 1304
---------------------------------------------------------
Frame ID: 1305
---------------------------------------------------------
Frame ID: 1306
---------------------------------------------------------
Frame ID: 1307
---------------------------------------------------------
Frame ID: 1308
---------------------------------------------------------
Frame ID: 1309
---------------------------------------------------------
Frame ID: 1310
---------------------------------------------------------
Frame ID: 1311
---------------------------------------------------------
Frame ID: 1312
---------------------------------------------------------
Frame ID: 1313
---------------------------------------------------------
Frame ID: 1314
---------------------------------------------------------
Frame ID: 1315
---------------------------------------------------------
Frame ID: 1316
---------------------------------------------------------
Frame ID: 1317
---------------------------------------------------------
Frame ID: 1318
---------------------------------------------------------
Frame ID: 1319
---------------------------------------------------------
Frame ID: 1320
---------------------------------------------------------
Frame ID: 1321
---------------------------------------------------------
Frame ID: 1322
---------------------------------------------------------
Frame ID: 1323
---------------------------------------------------------
Frame ID: 1324
---------------------------------------------------------
Frame ID: 1325
---------------------------------------------------------
Frame ID: 1326
---------------------------------------------------------
Frame ID: 1327
---------------------------------------------------------
Frame ID: 1328
---------------------------------------------------------
Frame ID: 1329
---------------------------------------------------------
Frame ID: 1330
---------------------------------------------------------
Frame ID: 1331
---------------------------------------------------------
Frame ID: 1332
---------------------------------------------------------
Frame ID: 1333
---------------------------------------------------------
Frame ID: 1334
---------------------------------------------------------
Frame ID: 1335
---------------------------------------------------------
Frame ID: 1336
---------------------------------------------------------
Frame ID: 1337
---------------------------------------------------------
Frame ID: 1338
---------------------------------------------------------
Frame ID: 1339
---------------------------------------------------------
Frame ID: 1340
---------------------------------------------------------
Frame ID: 1341
---------------------------------------------------------
Frame ID: 1342
---------------------------------------------------------
Frame ID: 1343
---------------------------------------------------------
Frame ID: 1344
---------------------------------------------------------
Frame ID: 1345
---------------------------------------------------------
Frame ID: 1346
---------------------------------------------------------
Frame ID: 1347
---------------------------------------------------------
Frame ID: 1348
---------------------------------------------------------
Frame ID: 1349
---------------------------------------------------------
Frame ID: 1350
---------------------------------------------------------
Frame ID: 1351
---------------------------------------------------------
Frame ID: 1352
---------------------------------------------------------
Frame ID: 1353
---------------------------------------------------------
Frame ID: 1354
---------------------------------------------------------
Frame ID: 1355
---------------------------------------------------------
Frame ID: 1356
---------------------------------------------------------
Frame ID: 1357
---------------------------------------------------------
Frame ID: 1358
---------------------------------------------------------
Frame ID: 1359
---------------------------------------------------------
Frame ID: 1360
---------------------------------------------------------
Frame ID: 1361
---------------------------------------------------------
Frame ID: 1362
---------------------------------------------------------
Frame ID: 1363
---------------------------------------------------------
Frame ID: 1364
---------------------------------------------------------
Frame ID: 1365
---------------------------------------------------------
Frame ID: 1366
---------------------------------------------------------
Frame ID: 1367
---------------------------------------------------------
Frame ID: 1368
---------------------------------------------------------
Frame ID: 1369
---------------------------------------------------------
Frame ID: 1370
---------------------------------------------------------
Frame ID: 1371
---------------------------------------------------------
Frame ID: 1372
---------------------------------------------------------
Frame ID: 1373
---------------------------------------------------------
Frame ID: 1374
---------------------------------------------------------
Frame ID: 1375
---------------------------------------------------------
Frame ID: 1376
---------------------------------------------------------
Frame ID: 1377
---------------------------------------------------------
Frame ID: 1378
---------------------------------------------------------
Frame ID: 1379
---------------------------------------------------------
Frame ID: 1380
---------------------------------------------------------
Frame ID: 1381
---------------------------------------------------------
Frame ID: 1382
---------------------------------------------------------
Frame ID: 1383
---------------------------------------------------------
Frame ID: 1384
---------------------------------------------------------
Frame ID: 1385
---------------------------------------------------------
Frame ID: 1386
---------------------------------------------------------
Frame ID: 1387
---------------------------------------------------------
Frame ID: 1388
---------------------------------------------------------
Frame ID: 1389
---------------------------------------------------------
Frame ID: 1390
---------------------------------------------------------
Frame ID: 1391
---------------------------------------------------------
Frame ID: 1392
---------------------------------------------------------
Frame ID: 1393
---------------------------------------------------------
Frame ID: 1394
---------------------------------------------------------
Frame ID: 1395
---------------------------------------------------------
Frame ID: 1396
---------------------------------------------------------
Frame ID: 1397
---------------------------------------------------------
Frame ID: 1398
---------------------------------------------------------
Frame ID: 1399
---------------------------------------------------------
Frame ID: 1400
---------------------------------------------------------
Frame ID: 1401
---------------------------------------------------------
Frame ID: 1402
---------------------------------------------------------
Frame ID: 1403
---------------------------------------------------------
Frame ID: 1404
---------------------------------------------------------
Frame ID: 1405
---------------------------------------------------------
Frame ID: 1406
---------------------------------------------------------
Frame ID: 1407
---------------------------------------------------------
Frame ID: 1408
---------------------------------------------------------
Frame ID: 1409
---------------------------------------------------------
Frame ID: 1410
---------------------------------------------------------
Frame ID: 1411
---------------------------------------------------------
Frame ID: 1412
---------------------------------------------------------
Frame ID: 1413
---------------------------------------------------------
Frame ID: 1414
---------------------------------------------------------
Frame ID: 1415
---------------------------------------------------------
Frame ID: 1416
---------------------------------------------------------
Frame ID: 1417
---------------------------------------------------------
Frame ID: 1418
---------------------------------------------------------
Frame ID: 1419
---------------------------------------------------------
Frame ID: 1420
---------------------------------------------------------
Frame ID: 1421
---------------------------------------------------------
Frame ID: 1422
---------------------------------------------------------
Frame ID: 1423
---------------------------------------------------------
Frame ID: 1424
---------------------------------------------------------
Frame ID: 1425
---------------------------------------------------------
Frame ID: 1426
---------------------------------------------------------
Frame ID: 1427
---------------------------------------------------------
Frame ID: 1428
---------------------------------------------------------
Frame ID: 1429
---------------------------------------------------------
Frame ID: 1430
---------------------------------------------------------
Frame ID: 1431
---------------------------------------------------------
Frame ID: 1432
---------------------------------------------------------
Frame ID: 1433
---------------------------------------------------------
Frame ID: 1434
---------------------------------------------------------
Frame ID: 1435
---------------------------------------------------------
Frame ID: 1436
---------------------------------------------------------
Frame ID: 1437
---------------------------------------------------------
Frame ID: 1438
---------------------------------------------------------
Frame ID: 1439
---------------------------------------------------------
Frame ID: 1440
---------------------------------------------------------
Frame ID: 1441
---------------------------------------------------------
Frame ID: 1442
---------------------------------------------------------
Frame ID: 1443
---------------------------------------------------------
Frame ID: 1444
---------------------------------------------------------
Frame ID: 1445
---------------------------------------------------------
Frame ID: 1446
---------------------------------------------------------
Frame ID: 1447
---------------------------------------------------------
Frame ID: 1448
---------------------------------------------------------
Frame ID: 1449
---------------------------------------------------------
Frame ID: 1450
---------------------------------------------------------
Frame ID: 1451
---------------------------------------------------------
Frame ID: 1452
---------------------------------------------------------
Frame ID: 1453
---------------------------------------------------------
Frame ID: 1454
---------------------------------------------------------
Frame ID: 1455
---------------------------------------------------------
Frame ID: 1456
---------------------------------------------------------
Frame ID: 1457
---------------------------------------------------------
Frame ID: 1458
---------------------------------------------------------
Frame ID: 1459
---------------------------------------------------------
Frame ID: 1460
---------------------------------------------------------
Frame ID: 1461
---------------------------------------------------------
Frame ID: 1462
---------------------------------------------------------
Frame ID: 1463
---------------------------------------------------------
Frame ID: 1464
---------------------------------------------------------
Frame ID: 1465
---------------------------------------------------------
Frame ID: 1466
---------------------------------------------------------
Frame ID: 1467
---------------------------------------------------------
Frame ID: 1468
---------------------------------------------------------
Frame ID: 1469
---------------------------------------------------------
Frame ID: 1470
---------------------------------------------------------
Frame ID: 1471
---------------------------------------------------------
Frame ID: 1472
---------------------------------------------------------
Frame ID: 1473
---------------------------------------------------------
Frame ID: 1474
---------------------------------------------------------
Frame ID: 1475
---------------------------------------------------------
Frame ID: 1476
---------------------------------------------------------
Frame ID: 1477
---------------------------------------------------------
Frame ID: 1478
---------------------------------------------------------
Frame ID: 1479
---------------------------------------------------------
Frame ID: 1480
---------------------------------------------------------
Frame ID: 1481
---------------------------------------------------------
Frame ID: 1482
---------------------------------------------------------
Frame ID: 1483
---------------------------------------------------------
Frame ID: 1484
---------------------------------------------------------
Frame ID: 1485
---------------------------------------------------------
Frame ID: 1486
---------------------------------------------------------
Frame ID: 1487
---------------------------------------------------------
Frame ID: 1488
---------------------------------------------------------
Frame ID: 1489
---------------------------------------------------------
Frame ID: 1490
---------------------------------------------------------
Frame ID: 1491
---------------------------------------------------------
Frame ID: 1492
---------------------------------------------------------
Frame ID: 1493
---------------------------------------------------------
Frame ID: 1494
---------------------------------------------------------
Frame ID: 1495
---------------------------------------------------------
Frame ID: 1496
---------------------------------------------------------
Frame ID: 1497
---------------------------------------------------------
Frame ID: 1498
---------------------------------------------------------
Frame ID: 1499
---------------------------------------------------------
Frame ID: 1500
---------------------------------------------------------
Frame ID: 1501
---------------------------------------------------------
Frame ID: 1502
---------------------------------------------------------
Frame ID: 1503
---------------------------------------------------------
Frame ID: 1504
---------------------------------------------------------
Frame ID: 1505
---------------------------------------------------------
Frame ID: 1506
---------------------------------------------------------
Frame ID: 1507
---------------------------------------------------------
Frame ID: 1508
---------------------------------------------------------
Frame ID: 1509
---------------------------------------------------------
Frame ID: 1510
---------------------------------------------------------
Frame ID: 1511
---------------------------------------------------------
Frame ID: 1512
---------------------------------------------------------
Frame ID: 1513
---------------------------------------------------------
Frame ID: 1514
---------------------------------------------------------
Frame ID: 1515
---------------------------------------------------------
Frame ID: 1516
---------------------------------------------------------
Frame ID: 1517
---------------------------------------------------------
Frame ID: 1518
---------------------------------------------------------
Frame ID: 1519
---------------------------------------------------------
Frame ID: 1520
---------------------------------------------------------
Frame ID: 1521
---------------------------------------------------------
Frame ID: 1522
---------------------------------------------------------
Frame ID: 1523
---------------------------------------------------------
Frame ID: 1524
---------------------------------------------------------
Frame ID: 1525
---------------------------------------------------------
Frame ID: 1526
---------------------------------------------------------
Frame ID: 1527
---------------------------------------------------------
Frame ID: 1528
---------------------------------------------------------
Frame ID: 1529
---------------------------------------------------------
Frame ID: 1530
---------------------------------------------------------
Frame ID: 1531
---------------------------------------------------------
Frame ID: 1532
---------------------------------------------------------
Frame ID: 1533
---------------------------------------------------------
Frame ID: 1534
---------------------------------------------------------
Frame ID: 1535
---------------------------------------------------------
Frame ID: 1536
---------------------------------------------------------
Frame ID: 1537
---------------------------------------------------------
Frame ID: 1538
---------------------------------------------------------
Frame ID: 1539
---------------------------------------------------------
Frame ID: 1540
---------------------------------------------------------
Frame ID: 1541
---------------------------------------------------------
Frame ID: 1542
---------------------------------------------------------
Frame ID: 1543
---------------------------------------------------------
Frame ID: 1544
---------------------------------------------------------
Frame ID: 1545
---------------------------------------------------------
Frame ID: 1546
---------------------------------------------------------
Frame ID: 1547
---------------------------------------------------------
Frame ID: 1548
---------------------------------------------------------
Frame ID: 1549
---------------------------------------------------------
Frame ID: 1550
---------------------------------------------------------
Frame ID: 1551
---------------------------------------------------------
Frame ID: 1552
---------------------------------------------------------
Frame ID: 1553
---------------------------------------------------------
Frame ID: 1554
---------------------------------------------------------
Frame ID: 1555
---------------------------------------------------------
Frame ID: 1556
---------------------------------------------------------
Frame ID: 1557
---------------------------------------------------------
Frame ID: 1558
---------------------------------------------------------
Frame ID: 1559
---------------------------------------------------------
Frame ID: 1560
---------------------------------------------------------
Frame ID: 1561
---------------------------------------------------------
Frame ID: 1562
---------------------------------------------------------
Frame ID: 1563
---------------------------------------------------------
Frame ID: 1564
---------------------------------------------------------
Frame ID: 1565
---------------------------------------------------------
Frame ID: 1566
---------------------------------------------------------
Frame ID: 1567
---------------------------------------------------------
Frame ID: 1568
---------------------------------------------------------
Frame ID: 1569
---------------------------------------------------------
Frame ID: 1570
---------------------------------------------------------
Frame ID: 1571
---------------------------------------------------------
Frame ID: 1572
---------------------------------------------------------
Frame ID: 1573
---------------------------------------------------------
Frame ID: 1574
---------------------------------------------------------
Frame ID: 1575
---------------------------------------------------------
Frame ID: 1576
---------------------------------------------------------
Frame ID: 1577
---------------------------------------------------------
Frame ID: 1578
---------------------------------------------------------
Frame ID: 1579
---------------------------------------------------------
Frame ID: 1580
---------------------------------------------------------
Frame ID: 1581
---------------------------------------------------------
Frame ID: 1582
---------------------------------------------------------
Frame ID: 1583
---------------------------------------------------------
Frame ID: 1584
---------------------------------------------------------
Frame ID: 1585
---------------------------------------------------------
Frame ID: 1586
---------------------------------------------------------
Frame ID: 1587
---------------------------------------------------------
Frame ID: 1588
---------------------------------------------------------
Frame ID: 1589
---------------------------------------------------------
Frame ID: 1590
---------------------------------------------------------
Frame ID: 1591
---------------------------------------------------------
Frame ID: 1592
---------------------------------------------------------
Frame ID: 1593
---------------------------------------------------------
Frame ID: 1594
---------------------------------------------------------
Frame ID: 1595
---------------------------------------------------------
Frame ID: 1596
---------------------------------------------------------
Frame ID: 1597
---------------------------------------------------------
Frame ID: 1598
---------------------------------------------------------
Frame ID: 1599
---------------------------------------------------------
Frame ID: 1600
---------------------------------------------------------
Frame ID: 1601
---------------------------------------------------------
Frame ID: 1602
---------------------------------------------------------
Frame ID: 1603
---------------------------------------------------------
Frame ID: 1604
---------------------------------------------------------
Frame ID: 1605
---------------------------------------------------------
Frame ID: 1606
---------------------------------------------------------
Frame ID: 1607
---------------------------------------------------------
Frame ID: 1608
---------------------------------------------------------
Frame ID: 1609
---------------------------------------------------------
Frame ID: 1610
---------------------------------------------------------
Frame ID: 1611
---------------------------------------------------------
Frame ID: 1612
---------------------------------------------------------
Frame ID: 1613
---------------------------------------------------------
Frame ID: 1614
---------------------------------------------------------
Frame ID: 1615
---------------------------------------------------------
Frame ID: 1616
---------------------------------------------------------
Frame ID: 1617
---------------------------------------------------------
Frame ID: 1618
---------------------------------------------------------
Frame ID: 1619
---------------------------------------------------------
Frame ID: 1620
---------------------------------------------------------
Frame ID: 1621
---------------------------------------------------------
Frame ID: 1622
---------------------------------------------------------
Frame ID: 1623
---------------------------------------------------------
Frame ID: 1624
---------------------------------------------------------
Frame ID: 1625
---------------------------------------------------------
Frame ID: 1626
---------------------------------------------------------
Frame ID: 1627
---------------------------------------------------------
Frame ID: 1628
---------------------------------------------------------
Frame ID: 1629
---------------------------------------------------------
Frame ID: 1630
---------------------------------------------------------
Frame ID: 1631
---------------------------------------------------------
Frame ID: 1632
---------------------------------------------------------
Frame ID: 1633
---------------------------------------------------------
Frame ID: 1634
---------------------------------------------------------
Frame ID: 1635
---------------------------------------------------------
Frame ID: 1636
---------------------------------------------------------
Frame ID: 1637
---------------------------------------------------------
Frame ID: 1638
---------------------------------------------------------
Frame ID: 1639
---------------------------------------------------------
Frame ID: 1640
---------------------------------------------------------
Frame ID: 1641
---------------------------------------------------------
Frame ID: 1642
---------------------------------------------------------
Frame ID: 1643
---------------------------------------------------------
Frame ID: 1644
---------------------------------------------------------
Frame ID: 1645
---------------------------------------------------------
Frame ID: 1646
---------------------------------------------------------
Frame ID: 1647
---------------------------------------------------------
Frame ID: 1648
---------------------------------------------------------
Frame ID: 1649
---------------------------------------------------------
Frame ID: 1650
---------------------------------------------------------
Frame ID: 1651
---------------------------------------------------------
Frame ID: 1652
---------------------------------------------------------
Frame ID: 1653
---------------------------------------------------------
Frame ID: 1654
---------------------------------------------------------
Frame ID: 1655
---------------------------------------------------------
Frame ID: 1656
---------------------------------------------------------
Frame ID: 1657
---------------------------------------------------------
Frame ID: 1658
---------------------------------------------------------
Frame ID: 1659
---------------------------------------------------------
Frame ID: 1660
---------------------------------------------------------
Frame ID: 1661
---------------------------------------------------------
Frame ID: 1662
---------------------------------------------------------
Frame ID: 1663
---------------------------------------------------------
Frame ID: 1664
---------------------------------------------------------
Frame ID: 1665
---------------------------------------------------------
Frame ID: 1666
---------------------------------------------------------
Frame ID: 1667
---------------------------------------------------------
Frame ID: 1668
---------------------------------------------------------
Frame ID: 1669
---------------------------------------------------------
Frame ID: 1670
---------------------------------------------------------
Frame ID: 1671
---------------------------------------------------------
Frame ID: 1672
---------------------------------------------------------
Frame ID: 1673
---------------------------------------------------------
Frame ID: 1674
---------------------------------------------------------
Frame ID: 1675
---------------------------------------------------------
Frame ID: 1676
---------------------------------------------------------
Frame ID: 1677
---------------------------------------------------------
Frame ID: 1678
---------------------------------------------------------
Frame ID: 1679
---------------------------------------------------------
Frame ID: 1680
---------------------------------------------------------
Frame ID: 1681
---------------------------------------------------------
Frame ID: 1682
---------------------------------------------------------
Frame ID: 1683
---------------------------------------------------------
Frame ID: 1684
---------------------------------------------------------
Frame ID: 1685
---------------------------------------------------------
Frame ID: 1686
---------------------------------------------------------
Frame ID: 1687
---------------------------------------------------------
Frame ID: 1688
---------------------------------------------------------
Frame ID: 1689
---------------------------------------------------------
Frame ID: 1690
---------------------------------------------------------
Frame ID: 1691
---------------------------------------------------------
Frame ID: 1692
---------------------------------------------------------
Frame ID: 1693
---------------------------------------------------------
Frame ID: 1694
---------------------------------------------------------
Frame ID: 1695
---------------------------------------------------------
Frame ID: 1696
---------------------------------------------------------
Frame ID: 1697
---------------------------------------------------------
Frame ID: 1698
---------------------------------------------------------
Frame ID: 1699
---------------------------------------------------------
Frame ID: 1700
---------------------------------------------------------
Frame ID: 1701
---------------------------------------------------------
Frame ID: 1702
---------------------------------------------------------
Frame ID: 1703
---------------------------------------------------------
Frame ID: 1704
---------------------------------------------------------
Frame ID: 1705
---------------------------------------------------------
Frame ID: 1706
---------------------------------------------------------
Frame ID: 1707
---------------------------------------------------------
Frame ID: 1708
---------------------------------------------------------
Frame ID: 1709
---------------------------------------------------------
Frame ID: 1710
---------------------------------------------------------
Frame ID: 1711
---------------------------------------------------------
Frame ID: 1712
---------------------------------------------------------
Frame ID: 1713
---------------------------------------------------------
Frame ID: 1714
---------------------------------------------------------
Frame ID: 1715
---------------------------------------------------------
Frame ID: 1716
---------------------------------------------------------
Frame ID: 1717
---------------------------------------------------------
Frame ID: 1718
---------------------------------------------------------
Frame ID: 1719
---------------------------------------------------------
Frame ID: 1720
---------------------------------------------------------
Frame ID: 1721
---------------------------------------------------------
Frame ID: 1722
---------------------------------------------------------
Frame ID: 1723
---------------------------------------------------------
Frame ID: 1724
---------------------------------------------------------
Frame ID: 1725
---------------------------------------------------------
Frame ID: 1726
---------------------------------------------------------
Frame ID: 1727
---------------------------------------------------------
Frame ID: 1728
---------------------------------------------------------
Frame ID: 1729
---------------------------------------------------------
Frame ID: 1730
---------------------------------------------------------
Frame ID: 1731
---------------------------------------------------------
Frame ID: 1732
---------------------------------------------------------
Frame ID: 1733
---------------------------------------------------------
Frame ID: 1734
---------------------------------------------------------
Frame ID: 1735
---------------------------------------------------------
Frame ID: 1736
---------------------------------------------------------
Frame ID: 1737
---------------------------------------------------------
Frame ID: 1738
---------------------------------------------------------
Frame ID: 1739
---------------------------------------------------------
Frame ID: 1740
---------------------------------------------------------
Frame ID: 1741
---------------------------------------------------------
Frame ID: 1742
---------------------------------------------------------
Frame ID: 1743
---------------------------------------------------------
Frame ID: 1744
---------------------------------------------------------
Frame ID: 1745
---------------------------------------------------------
Frame ID: 1746
---------------------------------------------------------
Frame ID: 1747
---------------------------------------------------------
Frame ID: 1748
---------------------------------------------------------
Frame ID: 1749
---------------------------------------------------------
Frame ID: 1750
---------------------------------------------------------
Frame ID: 1751
---------------------------------------------------------
Frame ID: 1752
---------------------------------------------------------
Frame ID: 1753
---------------------------------------------------------
Frame ID: 1754
---------------------------------------------------------
Frame ID: 1755
---------------------------------------------------------
Frame ID: 1756
---------------------------------------------------------
Frame ID: 1757
---------------------------------------------------------
Frame ID: 1758
---------------------------------------------------------
Frame ID: 1759
---------------------------------------------------------
Frame ID: 1760
---------------------------------------------------------
Frame ID: 1761
---------------------------------------------------------
Frame ID: 1762
---------------------------------------------------------
Frame ID: 1763
---------------------------------------------------------
Frame ID: 1764
---------------------------------------------------------
Frame ID: 1765
---------------------------------------------------------
Frame ID: 1766
---------------------------------------------------------
Frame ID: 1767
---------------------------------------------------------
Frame ID: 1768
---------------------------------------------------------
Frame ID: 1769
---------------------------------------------------------
Frame ID: 1770
---------------------------------------------------------
Frame ID: 1771
---------------------------------------------------------
Frame ID: 1772
---------------------------------------------------------
Frame ID: 1773
---------------------------------------------------------
Frame ID: 1774
---------------------------------------------------------
Frame ID: 1775
---------------------------------------------------------
Frame ID: 1776
---------------------------------------------------------
Frame ID: 1777
---------------------------------------------------------
Frame ID: 1778
---------------------------------------------------------
Frame ID: 1779
---------------------------------------------------------
Frame ID: 1780
---------------------------------------------------------
Frame ID: 1781
---------------------------------------------------------
Frame ID: 1782
---------------------------------------------------------
Frame ID: 1783
---------------------------------------------------------
Frame ID: 1784
---------------------------------------------------------
Frame ID: 1785
---------------------------------------------------------
Frame ID: 1786
---------------------------------------------------------
Frame ID: 1787
---------------------------------------------------------
Frame ID: 1788
---------------------------------------------------------
Frame ID: 1789
---------------------------------------------------------
Frame ID: 1790
---------------------------------------------------------
Frame ID: 1791
---------------------------------------------------------
Frame ID: 1792
---------------------------------------------------------
Frame ID: 1793
---------------------------------------------------------
Frame ID: 1794
---------------------------------------------------------
Frame ID: 1795
---------------------------------------------------------
Frame ID: 1796
---------------------------------------------------------
Frame ID: 1797
---------------------------------------------------------
Frame ID: 1798
---------------------------------------------------------
Frame ID: 1799
---------------------------------------------------------
Frame ID: 1800
---------------------------------------------------------
Frame ID: 1801
---------------------------------------------------------
Frame ID: 1802
---------------------------------------------------------
Frame ID: 1803
---------------------------------------------------------
Frame ID: 1804
---------------------------------------------------------
Frame ID: 1805
---------------------------------------------------------
Frame ID: 1806
---------------------------------------------------------
Frame ID: 1807
---------------------------------------------------------
Frame ID: 1808
---------------------------------------------------------
Frame ID: 1809
---------------------------------------------------------
Frame ID: 1810
---------------------------------------------------------
Frame ID: 1811
---------------------------------------------------------
Frame ID: 1812
---------------------------------------------------------
Frame ID: 1813
---------------------------------------------------------
Frame ID: 1814
---------------------------------------------------------
Frame ID: 1815
---------------------------------------------------------
Frame ID: 1816
---------------------------------------------------------
Frame ID: 1817
---------------------------------------------------------
Frame ID: 1818
---------------------------------------------------------
Frame ID: 1819
---------------------------------------------------------
Frame ID: 1820
---------------------------------------------------------
Frame ID: 1821
---------------------------------------------------------
Frame ID: 1822
---------------------------------------------------------
Frame ID: 1823
---------------------------------------------------------
Frame ID: 1824
---------------------------------------------------------
Frame ID: 1825
---------------------------------------------------------
Frame ID: 1826
---------------------------------------------------------
Frame ID: 1827
---------------------------------------------------------
Frame ID: 1828
---------------------------------------------------------
Frame ID: 1829
---------------------------------------------------------
Frame ID: 1830
---------------------------------------------------------
Frame ID: 1831
---------------------------------------------------------
Frame ID: 1832
---------------------------------------------------------
Frame ID: 1833
---------------------------------------------------------
Frame ID: 1834
---------------------------------------------------------
Frame ID: 1835
---------------------------------------------------------
Frame ID: 1836
---------------------------------------------------------
Frame ID: 1837
---------------------------------------------------------
Frame ID: 1838
---------------------------------------------------------
Frame ID: 1839
---------------------------------------------------------
Frame ID: 1840
---------------------------------------------------------
Frame ID: 1841
---------------------------------------------------------
Frame ID: 1842
---------------------------------------------------------
Frame ID: 1843
---------------------------------------------------------
Frame ID: 1844
---------------------------------------------------------
Frame ID: 1845
---------------------------------------------------------
Frame ID: 1846
---------------------------------------------------------
Frame ID: 1847
---------------------------------------------------------
Frame ID: 1848
---------------------------------------------------------
Frame ID: 1849
---------------------------------------------------------
Frame ID: 1850
---------------------------------------------------------
Frame ID: 1851
---------------------------------------------------------
Frame ID: 1852
---------------------------------------------------------
Frame ID: 1853
---------------------------------------------------------
Frame ID: 1854
---------------------------------------------------------
Frame ID: 1855
---------------------------------------------------------
Frame ID: 1856
---------------------------------------------------------
Frame ID: 1857
---------------------------------------------------------
Frame ID: 1858
---------------------------------------------------------
Frame ID: 1859
---------------------------------------------------------
Frame ID: 1860
---------------------------------------------------------
Frame ID: 1861
---------------------------------------------------------
Frame ID: 1862
---------------------------------------------------------
Frame ID: 1863
---------------------------------------------------------
Frame ID: 1864
---------------------------------------------------------
Frame ID: 1865
---------------------------------------------------------
Frame ID: 1866
---------------------------------------------------------
Frame ID: 1867
---------------------------------------------------------
Frame ID: 1868
---------------------------------------------------------
Frame ID: 1869
---------------------------------------------------------
Frame ID: 1870
---------------------------------------------------------
Frame ID: 1871
---------------------------------------------------------
Frame ID: 1872
---------------------------------------------------------
Frame ID: 1873
---------------------------------------------------------
Frame ID: 1874
---------------------------------------------------------
Frame ID: 1875
---------------------------------------------------------
Frame ID: 1876
---------------------------------------------------------
Frame ID: 1877
---------------------------------------------------------
Frame ID: 1878
---------------------------------------------------------
Frame ID: 1879
---------------------------------------------------------
Frame ID: 1880
---------------------------------------------------------
Frame ID: 1881
---------------------------------------------------------
Frame ID: 1882
---------------------------------------------------------
Frame ID: 1883
---------------------------------------------------------
Frame ID: 1884
---------------------------------------------------------
Frame ID: 1885
---------------------------------------------------------
Frame ID: 1886
---------------------------------------------------------
Frame ID: 1887
---------------------------------------------------------
Frame ID: 1888
---------------------------------------------------------
Frame ID: 1889
---------------------------------------------------------
Frame ID: 1890
---------------------------------------------------------
Frame ID: 1891
---------------------------------------------------------
Frame ID: 1892
---------------------------------------------------------
Frame ID: 1893
---------------------------------------------------------
Frame ID: 1894
---------------------------------------------------------
Frame ID: 1895
---------------------------------------------------------
Frame ID: 1896
---------------------------------------------------------
Frame ID: 1897
---------------------------------------------------------
Frame ID: 1898
---------------------------------------------------------
Frame ID: 1899
---------------------------------------------------------
Frame ID: 1900
---------------------------------------------------------
Frame ID: 1901
---------------------------------------------------------
Frame ID: 1902
---------------------------------------------------------
Frame ID: 1903
---------------------------------------------------------
Frame ID: 1904
---------------------------------------------------------
Frame ID: 1905
---------------------------------------------------------
Frame ID: 1906
---------------------------------------------------------
Frame ID: 1907
---------------------------------------------------------
Frame ID: 1908
---------------------------------------------------------
Frame ID: 1909
---------------------------------------------------------
Frame ID: 1910
---------------------------------------------------------
Frame ID: 1911
---------------------------------------------------------
Frame ID: 1912
---------------------------------------------------------
Frame ID: 1913
---------------------------------------------------------
Frame ID: 1914
---------------------------------------------------------
Frame ID: 1915
---------------------------------------------------------
Frame ID: 1916
---------------------------------------------------------
Frame ID: 1917
---------------------------------------------------------
Frame ID: 1918
---------------------------------------------------------
Frame ID: 1919
---------------------------------------------------------
Frame ID: 1920
---------------------------------------------------------
Frame ID: 1921
---------------------------------------------------------
Frame ID: 1922
---------------------------------------------------------
Frame ID: 1923
---------------------------------------------------------
Frame ID: 1924
---------------------------------------------------------
Frame ID: 1925
---------------------------------------------------------
Frame ID: 1926
---------------------------------------------------------
Frame ID: 1927
---------------------------------------------------------
Frame ID: 1928
---------------------------------------------------------
Frame ID: 1929
---------------------------------------------------------
Frame ID: 1930
---------------------------------------------------------
Frame ID: 1931
---------------------------------------------------------
Frame ID: 1932
---------------------------------------------------------
Frame ID: 1933
---------------------------------------------------------
Frame ID: 1934
---------------------------------------------------------
Frame ID: 1935
---------------------------------------------------------
Frame ID: 1936
---------------------------------------------------------
Frame ID: 1937
---------------------------------------------------------
Frame ID: 1938
---------------------------------------------------------
Frame ID: 1939
---------------------------------------------------------
Frame ID: 1940
---------------------------------------------------------
Frame ID: 1941
---------------------------------------------------------
Frame ID: 1942
---------------------------------------------------------
Frame ID: 1943
---------------------------------------------------------
Frame ID: 1944
---------------------------------------------------------
Frame ID: 1945
---------------------------------------------------------
Frame ID: 1946
---------------------------------------------------------
Frame ID: 1947
---------------------------------------------------------
Frame ID: 1948
---------------------------------------------------------
Frame ID: 1949
---------------------------------------------------------
Frame ID: 1950
---------------------------------------------------------
Frame ID: 1951
---------------------------------------------------------
Frame ID: 1952
---------------------------------------------------------
Frame ID: 1953
---------------------------------------------------------
Frame ID: 1954
---------------------------------------------------------
Frame ID: 1955
---------------------------------------------------------
Frame ID: 1956
---------------------------------------------------------
Frame ID: 1957
---------------------------------------------------------
Frame ID: 1958
---------------------------------------------------------
Frame ID: 1959
---------------------------------------------------------
Frame ID: 1960
---------------------------------------------------------
Frame ID: 1961
---------------------------------------------------------
Frame ID: 1962
---------------------------------------------------------
Frame ID: 1963
---------------------------------------------------------
Frame ID: 1964
---------------------------------------------------------
Frame ID: 1965
---------------------------------------------------------
Frame ID: 1966
---------------------------------------------------------
Frame ID: 1967
---------------------------------------------------------
Frame ID: 1968
---------------------------------------------------------
Frame ID: 1969
---------------------------------------------------------
Frame ID: 1970
---------------------------------------------------------
Frame ID: 1971
---------------------------------------------------------
Frame ID: 1972
---------------------------------------------------------
Frame ID: 1973
---------------------------------------------------------
Frame ID: 1974
---------------------------------------------------------
Frame ID: 1975
---------------------------------------------------------
Frame ID: 1976
---------------------------------------------------------
Frame ID: 1977
---------------------------------------------------------
Frame ID: 1978
---------------------------------------------------------
Frame ID: 1979
---------------------------------------------------------
Frame ID: 1980
---------------------------------------------------------
Frame ID: 1981
---------------------------------------------------------
Frame ID: 1982
---------------------------------------------------------
Frame ID: 1983
---------------------------------------------------------
Frame ID: 1984
---------------------------------------------------------
Frame ID: 1985
---------------------------------------------------------
Frame ID: 1986
---------------------------------------------------------
Frame ID: 1987
---------------------------------------------------------
Frame ID: 1988
---------------------------------------------------------
Frame ID: 1989
---------------------------------------------------------
Frame ID: 1990
---------------------------------------------------------
Frame ID: 1991
---------------------------------------------------------
Frame ID: 1992
---------------------------------------------------------
Frame ID: 1993
---------------------------------------------------------
Frame ID: 1994
---------------------------------------------------------
Frame ID: 1995
---------------------------------------------------------
Frame ID: 1996
---------------------------------------------------------
Frame ID: 1997
---------------------------------------------------------
Frame ID: 1998
---------------------------------------------------------
Frame ID: 1999
---------------------------------------------------------
Frame ID: 2000
---------------------------------------------------------
Frame ID: 2001
---------------------------------------------------------
Frame ID: 2002
---------------------------------------------------------
Frame ID: 2003
---------------------------------------------------------
Frame ID: 2004
---------------------------------------------------------
Frame ID: 2005
---------------------------------------------------------
Frame ID: 2006
---------------------------------------------------------
Frame ID: 2007
---------------------------------------------------------
Frame ID: 2008
---------------------------------------------------------
Frame ID: 2009
---------------------------------------------------------
Frame ID: 2010
---------------------------------------------------------
Frame ID: 2011
---------------------------------------------------------
Frame ID: 2012
---------------------------------------------------------
Frame ID: 2013
---------------------------------------------------------
Frame ID: 2014
---------------------------------------------------------
Frame ID: 2015
---------------------------------------------------------
Frame ID: 2016
---------------------------------------------------------
Frame ID: 2017
---------------------------------------------------------
Frame ID: 2018
---------------------------------------------------------
Frame ID: 2019
---------------------------------------------------------
Frame ID: 2020
---------------------------------------------------------
Frame ID: 2021
---------------------------------------------------------
Frame ID: 2022
---------------------------------------------------------
Frame ID: 2023
---------------------------------------------------------
Frame ID: 2024
---------------------------------------------------------
Frame ID: 2025
---------------------------------------------------------
Frame ID: 2026
---------------------------------------------------------
Frame ID: 2027
---------------------------------------------------------
Frame ID: 2028
---------------------------------------------------------
Frame ID: 2029
---------------------------------------------------------
Frame ID: 2030
---------------------------------------------------------
Frame ID: 2031
---------------------------------------------------------
Frame ID: 2032
---------------------------------------------------------
Frame ID: 2033
---------------------------------------------------------
Frame ID: 2034
---------------------------------------------------------
Frame ID: 2035
---------------------------------------------------------
Frame ID: 2036
---------------------------------------------------------
Frame ID: 2037
---------------------------------------------------------
Frame ID: 2038
---------------------------------------------------------
Frame ID: 2039
---------------------------------------------------------
Frame ID: 2040
---------------------------------------------------------
Frame ID: 2041
---------------------------------------------------------
Frame ID: 2042
---------------------------------------------------------
Frame ID: 2043
---------------------------------------------------------
Frame ID: 2044
---------------------------------------------------------
Frame ID: 2045
---------------------------------------------------------
Frame ID: 2046
---------------------------------------------------------
Frame ID: 2047
---------------------------------------------------------
Frame ID: 2048
---------------------------------------------------------
Frame ID: 2049
---------------------------------------------------------
Frame ID: 2050
---------------------------------------------------------
Frame ID: 2051
---------------------------------------------------------
Frame ID: 2052
---------------------------------------------------------
Frame ID: 2053
---------------------------------------------------------
Frame ID: 2054
---------------------------------------------------------
Frame ID: 2055
---------------------------------------------------------
Frame ID: 2056
---------------------------------------------------------
Frame ID: 2057
---------------------------------------------------------
Frame ID: 2058
---------------------------------------------------------
Frame ID: 2059
---------------------------------------------------------
Frame ID: 2060
---------------------------------------------------------
Frame ID: 2061
---------------------------------------------------------
Frame ID: 2062
---------------------------------------------------------
Frame ID: 2063
---------------------------------------------------------
Frame ID: 2064
---------------------------------------------------------
Frame ID: 2065
---------------------------------------------------------
Frame ID: 2066
---------------------------------------------------------
Frame ID: 2067
---------------------------------------------------------
Frame ID: 2068
---------------------------------------------------------
Frame ID: 2069
---------------------------------------------------------
Frame ID: 2070
---------------------------------------------------------
Frame ID: 2071
---------------------------------------------------------
Frame ID: 2072
---------------------------------------------------------
Frame ID: 2073
---------------------------------------------------------
Frame ID: 2074
---------------------------------------------------------
Frame ID: 2075
---------------------------------------------------------
Frame ID: 2076
---------------------------------------------------------
Frame ID: 2077
---------------------------------------------------------
Frame ID: 2078
---------------------------------------------------------
Frame ID: 2079
---------------------------------------------------------
Frame ID: 2080
---------------------------------------------------------
Frame ID: 2081
---------------------------------------------------------
Frame ID: 2082
---------------------------------------------------------
Frame ID: 2083
---------------------------------------------------------
Frame ID: 2084
---------------------------------------------------------
Frame ID: 2085
---------------------------------------------------------
Frame ID: 2086
---------------------------------------------------------
Frame ID: 2087
---------------------------------------------------------
Frame ID: 2088
---------------------------------------------------------
Frame ID: 2089
---------------------------------------------------------
Frame ID: 2090
---------------------------------------------------------
Frame ID: 2091
---------------------------------------------------------
Frame ID: 2092
---------------------------------------------------------
Frame ID: 2093
---------------------------------------------------------
Frame ID: 2094
---------------------------------------------------------
Frame ID: 2095
---------------------------------------------------------
Frame ID: 2096
---------------------------------------------------------
Frame ID: 2097
---------------------------------------------------------
Frame ID: 2098
---------------------------------------------------------
Frame ID: 2099
---------------------------------------------------------
Frame ID: 2100
---------------------------------------------------------
Frame ID: 2101
---------------------------------------------------------
Frame ID: 2102
---------------------------------------------------------
Frame ID: 2103
---------------------------------------------------------
Frame ID: 2104
---------------------------------------------------------
Frame ID: 2105
---------------------------------------------------------
Frame ID: 2106
---------------------------------------------------------
Frame ID: 2107
---------------------------------------------------------
Frame ID: 2108
---------------------------------------------------------
Frame ID: 2109
---------------------------------------------------------
Frame ID: 2110
---------------------------------------------------------
Frame ID: 2111
---------------------------------------------------------
Frame ID: 2112
---------------------------------------------------------
Frame ID: 2113
---------------------------------------------------------
Frame ID: 2114
---------------------------------------------------------
Frame ID: 2115
---------------------------------------------------------
Frame ID: 2116
---------------------------------------------------------
Frame ID: 2117
---------------------------------------------------------
Frame ID: 2118
---------------------------------------------------------
Frame ID: 2119
---------------------------------------------------------
Frame ID: 2120
---------------------------------------------------------
Frame ID: 2121
---------------------------------------------------------
Frame ID: 2122
---------------------------------------------------------
Frame ID: 2123
---------------------------------------------------------
Frame ID: 2124
---------------------------------------------------------
Frame ID: 2125
---------------------------------------------------------
Frame ID: 2126
---------------------------------------------------------
Frame ID: 2127
---------------------------------------------------------
Frame ID: 2128
---------------------------------------------------------
Frame ID: 2129
---------------------------------------------------------
Frame ID: 2130
---------------------------------------------------------
Frame ID: 2131
---------------------------------------------------------
Frame ID: 2132
---------------------------------------------------------
Frame ID: 2133
---------------------------------------------------------
Frame ID: 2134
---------------------------------------------------------
Frame ID: 2135
---------------------------------------------------------
Frame ID: 2136
---------------------------------------------------------
Frame ID: 2137
---------------------------------------------------------
Frame ID: 2138
---------------------------------------------------------
Frame ID: 2139
---------------------------------------------------------
Frame ID: 2140
---------------------------------------------------------
Frame ID: 2141
---------------------------------------------------------
Frame ID: 2142
---------------------------------------------------------
Frame ID: 2143
---------------------------------------------------------
Frame ID: 2144
---------------------------------------------------------
Frame ID: 2145
---------------------------------------------------------
Frame ID: 2146
---------------------------------------------------------
Frame ID: 2147
---------------------------------------------------------
Frame ID: 2148
---------------------------------------------------------
Frame ID: 2149
---------------------------------------------------------
Frame ID: 2150
---------------------------------------------------------
Frame ID: 2151
---------------------------------------------------------
Frame ID: 2152
---------------------------------------------------------
Frame ID: 2153
---------------------------------------------------------
Frame ID: 2154
---------------------------------------------------------
Frame ID: 2155
---------------------------------------------------------
Frame ID: 2156
---------------------------------------------------------
Frame ID: 2157
---------------------------------------------------------
Frame ID: 2158
---------------------------------------------------------
Frame ID: 2159
---------------------------------------------------------
Frame ID: 2160
---------------------------------------------------------
Frame ID: 2161
---------------------------------------------------------
Frame ID: 2162
---------------------------------------------------------
Frame ID: 2163
---------------------------------------------------------
Frame ID: 2164
---------------------------------------------------------
Frame ID: 2165
---------------------------------------------------------
Frame ID: 2166
---------------------------------------------------------
Frame ID: 2167
---------------------------------------------------------
Frame ID: 2168
---------------------------------------------------------
Frame ID: 2169
---------------------------------------------------------
Frame ID: 2170
---------------------------------------------------------
Frame ID: 2171
---------------------------------------------------------
Frame ID: 2172
---------------------------------------------------------
Frame ID: 2173
---------------------------------------------------------
Frame ID: 2174
---------------------------------------------------------
Frame ID: 2175
---------------------------------------------------------
Frame ID: 2176
---------------------------------------------------------
Frame ID: 2177
---------------------------------------------------------
Frame ID: 2178
---------------------------------------------------------
Frame ID: 2179
---------------------------------------------------------
Frame ID: 2180
---------------------------------------------------------
Frame ID: 2181
---------------------------------------------------------
Frame ID: 2182
---------------------------------------------------------
Frame ID: 2183
---------------------------------------------------------
Frame ID: 2184
---------------------------------------------------------
Frame ID: 2185
---------------------------------------------------------
Frame ID: 2186
---------------------------------------------------------
Frame ID: 2187
---------------------------------------------------------
Frame ID: 2188
---------------------------------------------------------
Frame ID: 2189
---------------------------------------------------------
Frame ID: 2190
---------------------------------------------------------
Frame ID: 2191
---------------------------------------------------------
Frame ID: 2192
---------------------------------------------------------
Frame ID: 2193
---------------------------------------------------------
Frame ID: 2194
---------------------------------------------------------
Frame ID: 2195
---------------------------------------------------------
Frame ID: 2196
---------------------------------------------------------
Frame ID: 2197
---------------------------------------------------------
Frame ID: 2198
---------------------------------------------------------
Frame ID: 2199
---------------------------------------------------------
Frame ID: 2200
---------------------------------------------------------
Frame ID: 2201
---------------------------------------------------------
Frame ID: 2202
---------------------------------------------------------
Frame ID: 2203
---------------------------------------------------------
Frame ID: 2204
---------------------------------------------------------
Frame ID: 2205
---------------------------------------------------------
Frame ID: 2206
---------------------------------------------------------
Frame ID: 2207
---------------------------------------------------------
Frame ID: 2208
---------------------------------------------------------
Frame ID: 2209
---------------------------------------------------------
Frame ID: 2210
---------------------------------------------------------
Frame ID: 2211
---------------------------------------------------------
Frame ID: 2212
---------------------------------------------------------
Frame ID: 2213
---------------------------------------------------------
Frame ID: 2214
---------------------------------------------------------
Frame ID: 2215
---------------------------------------------------------
Frame ID: 2216
---------------------------------------------------------
Frame ID: 2217
---------------------------------------------------------
Frame ID: 2218
---------------------------------------------------------
Frame ID: 2219
---------------------------------------------------------
Frame ID: 2220
---------------------------------------------------------
Frame ID: 2221
---------------------------------------------------------
Frame ID: 2222
---------------------------------------------------------
Frame ID: 2223
---------------------------------------------------------
Frame ID: 2224
---------------------------------------------------------
Frame ID: 2225
---------------------------------------------------------
Frame ID: 2226
---------------------------------------------------------
Frame ID: 2227
---------------------------------------------------------
Frame ID: 2228
---------------------------------------------------------
Frame ID: 2229
---------------------------------------------------------
Frame ID: 2230
---------------------------------------------------------
Frame ID: 2231
---------------------------------------------------------
Frame ID: 2232
---------------------------------------------------------
Frame ID: 2233
---------------------------------------------------------
Frame ID: 2234
---------------------------------------------------------
Frame ID: 2235
---------------------------------------------------------
Frame ID: 2236
---------------------------------------------------------
Frame ID: 2237
---------------------------------------------------------
Frame ID: 2238
---------------------------------------------------------
Frame ID: 2239
---------------------------------------------------------
Frame ID: 2240
---------------------------------------------------------
Frame ID: 2241
---------------------------------------------------------
Frame ID: 2242
---------------------------------------------------------
Frame ID: 2243
---------------------------------------------------------
Frame ID: 2244
---------------------------------------------------------
Frame ID: 2245
---------------------------------------------------------
Frame ID: 2246
---------------------------------------------------------
Frame ID: 2247
---------------------------------------------------------
Frame ID: 2248
---------------------------------------------------------
Frame ID: 2249
---------------------------------------------------------
Frame ID: 2250
---------------------------------------------------------
Frame ID: 2251
---------------------------------------------------------
Frame ID: 2252
---------------------------------------------------------
Frame ID: 2253
---------------------------------------------------------
Frame ID: 2254
---------------------------------------------------------
Frame ID: 2255
---------------------------------------------------------
Frame ID: 2256
---------------------------------------------------------
Frame ID: 2257
---------------------------------------------------------
Frame ID: 2258
---------------------------------------------------------
Frame ID: 2259
---------------------------------------------------------
Frame ID: 2260
---------------------------------------------------------
Frame ID: 2261
---------------------------------------------------------
Frame ID: 2262
---------------------------------------------------------
Frame ID: 2263
---------------------------------------------------------
Frame ID: 2264
---------------------------------------------------------
Frame ID: 2265
---------------------------------------------------------
Frame ID: 2266
---------------------------------------------------------
Frame ID: 2267
---------------------------------------------------------
Frame ID: 2268
---------------------------------------------------------
Frame ID: 2269
---------------------------------------------------------
Frame ID: 2270
---------------------------------------------------------
Frame ID: 2271
---------------------------------------------------------
Frame ID: 2272
---------------------------------------------------------
Frame ID: 2273
---------------------------------------------------------
Frame ID: 2274
---------------------------------------------------------
Frame ID: 2275
---------------------------------------------------------
Frame ID: 2276
---------------------------------------------------------
Frame ID: 2277
---------------------------------------------------------
Frame ID: 2278
---------------------------------------------------------
Frame ID: 2279
---------------------------------------------------------
Frame ID: 2280
---------------------------------------------------------
Frame ID: 2281
---------------------------------------------------------
Frame ID: 2282
---------------------------------------------------------
Frame ID: 2283
---------------------------------------------------------
Frame ID: 2284
---------------------------------------------------------
Frame ID: 2285
---------------------------------------------------------
Frame ID: 2286
---------------------------------------------------------
Frame ID: 2287
---------------------------------------------------------
Frame ID: 2288
---------------------------------------------------------
Frame ID: 2289
---------------------------------------------------------
Frame ID: 2290
---------------------------------------------------------
Frame ID: 2291
---------------------------------------------------------
Frame ID: 2292
---------------------------------------------------------
Frame ID: 2293
---------------------------------------------------------
Frame ID: 2294
---------------------------------------------------------
Frame ID: 2295
---------------------------------------------------------
Frame ID: 2296
---------------------------------------------------------
Frame ID: 2297
---------------------------------------------------------
Frame ID: 2298
---------------------------------------------------------
Frame ID: 2299
---------------------------------------------------------
Frame ID: 2300
---------------------------------------------------------
Frame ID: 2301
---------------------------------------------------------
Frame ID: 2302
---------------------------------------------------------
Frame ID: 2303
---------------------------------------------------------
Frame ID: 2304
---------------------------------------------------------
Frame ID: 2305
---------------------------------------------------------
Frame ID: 2306
---------------------------------------------------------
Frame ID: 2307
---------------------------------------------------------
Frame ID: 2308
---------------------------------------------------------
Frame ID: 2309
---------------------------------------------------------
Frame ID: 2310
---------------------------------------------------------
Frame ID: 2311
---------------------------------------------------------
Frame ID: 2312
---------------------------------------------------------
Frame ID: 2313
---------------------------------------------------------
Frame ID: 2314
---------------------------------------------------------
Frame ID: 2315
---------------------------------------------------------
Frame ID: 2316
---------------------------------------------------------
Frame ID: 2317
---------------------------------------------------------
Frame ID: 2318
---------------------------------------------------------
Frame ID: 2319
---------------------------------------------------------
Frame ID: 2320
---------------------------------------------------------
Frame ID: 2321
---------------------------------------------------------
Frame ID: 2322
---------------------------------------------------------
Frame ID: 2323
---------------------------------------------------------
Frame ID: 2324
---------------------------------------------------------
Frame ID: 2325
---------------------------------------------------------
Frame ID: 2326
---------------------------------------------------------
Frame ID: 2327
---------------------------------------------------------
Frame ID: 2328
---------------------------------------------------------
Frame ID: 2329
---------------------------------------------------------
Frame ID: 2330
---------------------------------------------------------
Frame ID: 2331
---------------------------------------------------------
Frame ID: 2332
---------------------------------------------------------
Frame ID: 2333
---------------------------------------------------------
Frame ID: 2334
---------------------------------------------------------
Frame ID: 2335
---------------------------------------------------------
Frame ID: 2336
---------------------------------------------------------
Frame ID: 2337
---------------------------------------------------------
Frame ID: 2338
---------------------------------------------------------
Frame ID: 2339
---------------------------------------------------------
Frame ID: 2340
---------------------------------------------------------
Frame ID: 2341
---------------------------------------------------------
Frame ID: 2342
---------------------------------------------------------
Frame ID: 2343
---------------------------------------------------------
Frame ID: 2344
---------------------------------------------------------
Frame ID: 2345
---------------------------------------------------------
Frame ID: 2346
---------------------------------------------------------
Frame ID: 2347
---------------------------------------------------------
Frame ID: 2348
---------------------------------------------------------
Frame ID: 2349
---------------------------------------------------------
Frame ID: 2350
---------------------------------------------------------
Frame ID: 2351
---------------------------------------------------------
Frame ID: 2352
---------------------------------------------------------
Frame ID: 2353
---------------------------------------------------------
Frame ID: 2354
---------------------------------------------------------
Frame ID: 2355
---------------------------------------------------------
Frame ID: 2356
---------------------------------------------------------
Frame ID: 2357
---------------------------------------------------------
Frame ID: 2358
---------------------------------------------------------
Frame ID: 2359
---------------------------------------------------------
Frame ID: 2360
---------------------------------------------------------
Frame ID: 2361
---------------------------------------------------------
Frame ID: 2362
---------------------------------------------------------
Frame ID: 2363
---------------------------------------------------------
Frame ID: 2364
---------------------------------------------------------
Frame ID: 2365
---------------------------------------------------------
Frame ID: 2366
---------------------------------------------------------
Frame ID: 2367
---------------------------------------------------------
Frame ID: 2368
---------------------------------------------------------
Frame ID: 2369
---------------------------------------------------------
Frame ID: 2370
---------------------------------------------------------
Frame ID: 2371
---------------------------------------------------------
Frame ID: 2372
---------------------------------------------------------
Frame ID: 2373
---------------------------------------------------------
Frame ID: 2374
---------------------------------------------------------
Frame ID: 2375
---------------------------------------------------------
Frame ID: 2376
---------------------------------------------------------
Frame ID: 2377
---------------------------------------------------------
Frame ID: 2378
---------------------------------------------------------
Frame ID: 2379
---------------------------------------------------------
Frame ID: 2380
---------------------------------------------------------
Frame ID: 2381
---------------------------------------------------------
Frame ID: 2382
---------------------------------------------------------
Frame ID: 2383
---------------------------------------------------------
Frame ID: 2384
---------------------------------------------------------
Frame ID: 2385
---------------------------------------------------------
Frame ID: 2386
---------------------------------------------------------
Frame ID: 2387
---------------------------------------------------------
Frame ID: 2388
---------------------------------------------------------
Frame ID: 2389
---------------------------------------------------------
Frame ID: 2390
---------------------------------------------------------
Frame ID: 2391
---------------------------------------------------------
Frame ID: 2392
---------------------------------------------------------
Frame ID: 2393
---------------------------------------------------------
Frame ID: 2394
---------------------------------------------------------
Frame ID: 2395
---------------------------------------------------------
Frame ID: 2396
---------------------------------------------------------
Frame ID: 2397
---------------------------------------------------------
Frame ID: 2398
---------------------------------------------------------
Frame ID: 2399
---------------------------------------------------------
Frame ID: 2400
---------------------------------------------------------
Frame ID: 2401
---------------------------------------------------------
Frame ID: 2402
---------------------------------------------------------
Frame ID: 2403
---------------------------------------------------------
Frame ID: 2404
---------------------------------------------------------
Frame ID: 2405
---------------------------------------------------------
Frame ID: 2406
---------------------------------------------------------
Frame ID: 2407
---------------------------------------------------------
Frame ID: 2408
---------------------------------------------------------
Frame ID: 2409
---------------------------------------------------------
Frame ID: 2410
---------------------------------------------------------
Frame ID: 2411
---------------------------------------------------------
Frame ID: 2412
---------------------------------------------------------
Frame ID: 2413
---------------------------------------------------------
Frame ID: 2414
---------------------------------------------------------
Frame ID: 2415
---------------------------------------------------------
Frame ID: 2416
---------------------------------------------------------
Frame ID: 2417
---------------------------------------------------------
Frame ID: 2418
---------------------------------------------------------
Frame ID: 2419
---------------------------------------------------------
Frame ID: 2420
---------------------------------------------------------
Frame ID: 2421
---------------------------------------------------------
Frame ID: 2422
---------------------------------------------------------
Frame ID: 2423
---------------------------------------------------------
Frame ID: 2424
---------------------------------------------------------
Frame ID: 2425
---------------------------------------------------------
Frame ID: 2426
---------------------------------------------------------
Frame ID: 2427
---------------------------------------------------------
Frame ID: 2428
---------------------------------------------------------
Frame ID: 2429
---------------------------------------------------------
Frame ID: 2430
---------------------------------------------------------
Frame ID: 2431
---------------------------------------------------------
Frame ID: 2432
---------------------------------------------------------
Frame ID: 2433
---------------------------------------------------------
Frame ID: 2434
---------------------------------------------------------
Frame ID: 2435
---------------------------------------------------------
Frame ID: 2436
---------------------------------------------------------
Frame ID: 2437
---------------------------------------------------------
Frame ID: 2438
---------------------------------------------------------
Frame ID: 2439
---------------------------------------------------------
Frame ID: 2440
---------------------------------------------------------
Frame ID: 2441
---------------------------------------------------------
Frame ID: 2442
---------------------------------------------------------
Frame ID: 2443
---------------------------------------------------------
Frame ID: 2444
---------------------------------------------------------
Frame ID: 2445
---------------------------------------------------------
Frame ID: 2446
---------------------------------------------------------
Frame ID: 2447
---------------------------------------------------------
Frame ID: 2448
---------------------------------------------------------
Frame ID: 2449
---------------------------------------------------------
Frame ID: 2450
---------------------------------------------------------
Frame ID: 2451
---------------------------------------------------------
Frame ID: 2452
---------------------------------------------------------
Frame ID: 2453
---------------------------------------------------------
Frame ID: 2454
---------------------------------------------------------
Frame ID: 2455
---------------------------------------------------------
Frame ID: 2456
---------------------------------------------------------
Frame ID: 2457
---------------------------------------------------------
Frame ID: 2458
---------------------------------------------------------
Frame ID: 2459
---------------------------------------------------------
Frame ID: 2460
---------------------------------------------------------
Frame ID: 2461
---------------------------------------------------------
Frame ID: 2462
---------------------------------------------------------
Frame ID: 2463
---------------------------------------------------------
Frame ID: 2464
---------------------------------------------------------
Frame ID: 2465
---------------------------------------------------------
Frame ID: 2466
---------------------------------------------------------
Frame ID: 2467
---------------------------------------------------------
Frame ID: 2468
---------------------------------------------------------
Frame ID: 2469
---------------------------------------------------------
Frame ID: 2470
---------------------------------------------------------
Frame ID: 2471
---------------------------------------------------------
Frame ID: 2472
---------------------------------------------------------
Frame ID: 2473
---------------------------------------------------------
Frame ID: 2474
---------------------------------------------------------
Frame ID: 2475
---------------------------------------------------------
Frame ID: 2476
---------------------------------------------------------
Frame ID: 2477
---------------------------------------------------------
Frame ID: 2478
---------------------------------------------------------
Frame ID: 2479
---------------------------------------------------------
Frame ID: 2480
---------------------------------------------------------
Frame ID: 2481
---------------------------------------------------------
Frame ID: 2482
---------------------------------------------------------
Frame ID: 2483
---------------------------------------------------------
Frame ID: 2484
---------------------------------------------------------
Frame ID: 2485
---------------------------------------------------------
Frame ID: 2486
---------------------------------------------------------
Frame ID: 2487
---------------------------------------------------------
Frame ID: 2488
---------------------------------------------------------
Frame ID: 2489
---------------------------------------------------------
Frame ID: 2490
---------------------------------------------------------
Frame ID: 2491
---------------------------------------------------------
Frame ID: 2492
---------------------------------------------------------
Frame ID: 2493
---------------------------------------------------------
Frame ID: 2494
---------------------------------------------------------
Frame ID: 2495
---------------------------------------------------------
Frame ID: 2496
---------------------------------------------------------
Frame ID: 2497
---------------------------------------------------------
Frame ID: 2498
---------------------------------------------------------
Frame ID: 2499
---------------------------------------------------------
Frame ID: 2500
---------------------------------------------------------
Frame ID: 2501
---------------------------------------------------------
Frame ID: 2502
---------------------------------------------------------
Frame ID: 2503
---------------------------------------------------------
Frame ID: 2504
---------------------------------------------------------
Frame ID: 2505
---------------------------------------------------------
Frame ID: 2506
---------------------------------------------------------
Frame ID: 2507
---------------------------------------------------------
Frame ID: 2508
---------------------------------------------------------
Frame ID: 2509
---------------------------------------------------------
Frame ID: 2510
---------------------------------------------------------
Frame ID: 2511
---------------------------------------------------------
Frame ID: 2512
---------------------------------------------------------
Frame ID: 2513
---------------------------------------------------------
Frame ID: 2514
---------------------------------------------------------
Frame ID: 2515
---------------------------------------------------------
Frame ID: 2516
---------------------------------------------------------
Frame ID: 2517
---------------------------------------------------------
Frame ID: 2518
---------------------------------------------------------
Frame ID: 2519
---------------------------------------------------------
Frame ID: 2520
---------------------------------------------------------
Frame ID: 2521
---------------------------------------------------------
Frame ID: 2522
---------------------------------------------------------
Frame ID: 2523
---------------------------------------------------------
Frame ID: 2524
---------------------------------------------------------
Frame ID: 2525
---------------------------------------------------------
Frame ID: 2526
---------------------------------------------------------
Frame ID: 2527
---------------------------------------------------------
Frame ID: 2528
---------------------------------------------------------
Frame ID: 2529
---------------------------------------------------------
Frame ID: 2530
---------------------------------------------------------
Frame ID: 2531
---------------------------------------------------------
Frame ID: 2532
---------------------------------------------------------
Frame ID: 2533
---------------------------------------------------------
Frame ID: 2534
---------------------------------------------------------
Frame ID: 2535
---------------------------------------------------------
Frame ID: 2536
---------------------------------------------------------
Frame ID: 2537
---------------------------------------------------------
Frame ID: 2538
---------------------------------------------------------
Frame ID: 2539
---------------------------------------------------------
Frame ID: 2540
---------------------------------------------------------
Frame ID: 2541
---------------------------------------------------------
Frame ID: 2542
---------------------------------------------------------
Frame ID: 2543
---------------------------------------------------------
Frame ID: 2544
---------------------------------------------------------
Frame ID: 2545
---------------------------------------------------------
Frame ID: 2546
---------------------------------------------------------
Frame ID: 2547
---------------------------------------------------------
Frame ID: 2548
---------------------------------------------------------
Frame ID: 2549
---------------------------------------------------------
Frame ID: 2550
---------------------------------------------------------
Frame ID: 2551
---------------------------------------------------------
Frame ID: 2552
---------------------------------------------------------
Frame ID: 2553
---------------------------------------------------------
Frame ID: 2554
---------------------------------------------------------
Frame ID: 2555
---------------------------------------------------------
Frame ID: 2556
---------------------------------------------------------
Frame ID: 2557
---------------------------------------------------------
Frame ID: 2558
---------------------------------------------------------
Frame ID: 2559
---------------------------------------------------------
Frame ID: 2560
---------------------------------------------------------
Frame ID: 2561
---------------------------------------------------------
Frame ID: 2562
---------------------------------------------------------
Frame ID: 2563
---------------------------------------------------------
Frame ID: 2564
---------------------------------------------------------
Frame ID: 2565
---------------------------------------------------------
Frame ID: 2566
---------------------------------------------------------
Frame ID: 2567
---------------------------------------------------------
Frame ID: 2568
---------------------------------------------------------
Frame ID: 2569
---------------------------------------------------------
Frame ID: 2570
---------------------------------------------------------
Frame ID: 2571
---------------------------------------------------------
Frame ID: 2572
---------------------------------------------------------
Frame ID: 2573
---------------------------------------------------------
Frame ID: 2574
---------------------------------------------------------
Frame ID: 2575
---------------------------------------------------------
Frame ID: 2576
---------------------------------------------------------
Frame ID: 2577
---------------------------------------------------------
Frame ID: 2578
---------------------------------------------------------
Frame ID: 2579
---------------------------------------------------------
Frame ID: 2580
---------------------------------------------------------
Frame ID: 2581
---------------------------------------------------------
Frame ID: 2582
---------------------------------------------------------
Frame ID: 2583
---------------------------------------------------------
Frame ID: 2584
---------------------------------------------------------
Frame ID: 2585
---------------------------------------------------------
Frame ID: 2586
---------------------------------------------------------
Frame ID: 2587
---------------------------------------------------------
Frame ID: 2588
---------------------------------------------------------
Frame ID: 2589
---------------------------------------------------------
Frame ID: 2590
---------------------------------------------------------
Frame ID: 2591
---------------------------------------------------------
Frame ID: 2592
---------------------------------------------------------
Frame ID: 2593
---------------------------------------------------------
Frame ID: 2594
---------------------------------------------------------
Frame ID: 2595
---------------------------------------------------------
Frame ID: 2596
---------------------------------------------------------
Frame ID: 2597
---------------------------------------------------------
Frame ID: 2598
---------------------------------------------------------
Frame ID: 2599
---------------------------------------------------------
Frame ID: 2600
---------------------------------------------------------
Frame ID: 2601
---------------------------------------------------------
Frame ID: 2602
---------------------------------------------------------
Frame ID: 2603
---------------------------------------------------------
Frame ID: 2604
---------------------------------------------------------
Frame ID: 2605
---------------------------------------------------------
Frame ID: 2606
---------------------------------------------------------
Frame ID: 2607
---------------------------------------------------------
Frame ID: 2608
---------------------------------------------------------
Frame ID: 2609
---------------------------------------------------------
Frame ID: 2610
---------------------------------------------------------
Frame ID: 2611
---------------------------------------------------------
Frame ID: 2612
---------------------------------------------------------
Frame ID: 2613
---------------------------------------------------------
Frame ID: 2614
---------------------------------------------------------
Frame ID: 2615
---------------------------------------------------------
Frame ID: 2616
---------------------------------------------------------
Frame ID: 2617
---------------------------------------------------------
Frame ID: 2618
---------------------------------------------------------
Frame ID: 2619
---------------------------------------------------------
Frame ID: 2620
---------------------------------------------------------
Frame ID: 2621
---------------------------------------------------------
Frame ID: 2622
---------------------------------------------------------
Frame ID: 2623
---------------------------------------------------------
Frame ID: 2624
---------------------------------------------------------
Frame ID: 2625
---------------------------------------------------------
Frame ID: 2626
---------------------------------------------------------
Frame ID: 2627
---------------------------------------------------------
Frame ID: 2628
---------------------------------------------------------
Frame ID: 2629
---------------------------------------------------------
Frame ID: 2630
---------------------------------------------------------
Frame ID: 2631
---------------------------------------------------------
Frame ID: 2632
---------------------------------------------------------
Frame ID: 2633
---------------------------------------------------------
Frame ID: 2634
---------------------------------------------------------
Frame ID: 2635
---------------------------------------------------------
Frame ID: 2636
---------------------------------------------------------
Frame ID: 2637
---------------------------------------------------------
Frame ID: 2638
---------------------------------------------------------
Frame ID: 2639
---------------------------------------------------------
Frame ID: 2640
---------------------------------------------------------
Frame ID: 2641
---------------------------------------------------------
Frame ID: 2642
---------------------------------------------------------
Frame ID: 2643
---------------------------------------------------------
Frame ID: 2644
---------------------------------------------------------
Frame ID: 2645
---------------------------------------------------------
Frame ID: 2646
---------------------------------------------------------
Frame ID: 2647
---------------------------------------------------------
Frame ID: 2648
---------------------------------------------------------
Frame ID: 2649
---------------------------------------------------------
Frame ID: 2650
---------------------------------------------------------
Frame ID: 2651
---------------------------------------------------------
Frame ID: 2652
---------------------------------------------------------
Frame ID: 2653
---------------------------------------------------------
Frame ID: 2654
---------------------------------------------------------
Frame ID: 2655
---------------------------------------------------------
Frame ID: 2656
---------------------------------------------------------
Frame ID: 2657
---------------------------------------------------------
Frame ID: 2658
---------------------------------------------------------
Frame ID: 2659
---------------------------------------------------------
Frame ID: 2660
---------------------------------------------------------
Frame ID: 2661
---------------------------------------------------------
Frame ID: 2662
---------------------------------------------------------
Frame ID: 2663
---------------------------------------------------------
Frame ID: 2664
---------------------------------------------------------
Frame ID: 2665
---------------------------------------------------------
Frame ID: 2666
---------------------------------------------------------
Frame ID: 2667
---------------------------------------------------------
Frame ID: 2668
---------------------------------------------------------
Frame ID: 2669
---------------------------------------------------------
Frame ID: 2670
---------------------------------------------------------
Frame ID: 2671
---------------------------------------------------------
Frame ID: 2672
---------------------------------------------------------
Frame ID: 2673
---------------------------------------------------------
Frame ID: 2674
---------------------------------------------------------
Frame ID: 2675
---------------------------------------------------------
Frame ID: 2676
---------------------------------------------------------
Frame ID: 2677
---------------------------------------------------------
Frame ID: 2678
---------------------------------------------------------
Frame ID: 2679
---------------------------------------------------------
Frame ID: 2680
---------------------------------------------------------
Frame ID: 2681
---------------------------------------------------------
Frame ID: 2682
---------------------------------------------------------
Frame ID: 2683
---------------------------------------------------------
Frame ID: 2684
---------------------------------------------------------
Frame ID: 2685
---------------------------------------------------------
Frame ID: 2686
---------------------------------------------------------
Frame ID: 2687
---------------------------------------------------------
Frame ID: 2688
---------------------------------------------------------
Frame ID: 2689
---------------------------------------------------------
Frame ID: 2690
---------------------------------------------------------
Frame ID: 2691
---------------------------------------------------------
Frame ID: 2692
---------------------------------------------------------
Frame ID: 2693
---------------------------------------------------------
Frame ID: 2694
---------------------------------------------------------
Frame ID: 2695
---------------------------------------------------------
Frame ID: 2696
---------------------------------------------------------
Frame ID: 2697
---------------------------------------------------------
Frame ID: 2698
---------------------------------------------------------
Frame ID: 2699
---------------------------------------------------------
Frame ID: 2700
---------------------------------------------------------
Frame ID: 2701
---------------------------------------------------------
Frame ID: 2702
---------------------------------------------------------
Frame ID: 2703
---------------------------------------------------------
Frame ID: 2704
---------------------------------------------------------
Frame ID: 2705
---------------------------------------------------------
Frame ID: 2706
---------------------------------------------------------
Frame ID: 2707
---------------------------------------------------------
Frame ID: 2708
---------------------------------------------------------
Frame ID: 2709
---------------------------------------------------------
Frame ID: 2710
---------------------------------------------------------
Frame ID: 2711
---------------------------------------------------------
Frame ID: 2712
---------------------------------------------------------
Frame ID: 2713
---------------------------------------------------------
Frame ID: 2714
---------------------------------------------------------
Frame ID: 2715
---------------------------------------------------------
Frame ID: 2716
---------------------------------------------------------
Frame ID: 2717
---------------------------------------------------------
Frame ID: 2718
---------------------------------------------------------
Frame ID: 2719
---------------------------------------------------------
Frame ID: 2720
---------------------------------------------------------
Frame ID: 2721
---------------------------------------------------------
Frame ID: 2722
---------------------------------------------------------
Frame ID: 2723
---------------------------------------------------------
Frame ID: 2724
---------------------------------------------------------
Frame ID: 2725
---------------------------------------------------------
Frame ID: 2726
---------------------------------------------------------
Frame ID: 2727
---------------------------------------------------------
Frame ID: 2728
---------------------------------------------------------
Frame ID: 2729
---------------------------------------------------------
Frame ID: 2730
---------------------------------------------------------
Frame ID: 2731
---------------------------------------------------------
Frame ID: 2732
---------------------------------------------------------
Frame ID: 2733
---------------------------------------------------------
Frame ID: 2734
---------------------------------------------------------
Frame ID: 2735
---------------------------------------------------------
Frame ID: 2736
---------------------------------------------------------
Frame ID: 2737
---------------------------------------------------------
Frame ID: 2738
---------------------------------------------------------
Frame ID: 2739
---------------------------------------------------------
Frame ID: 2740
---------------------------------------------------------
Frame ID: 2741
---------------------------------------------------------
Frame ID: 2742
---------------------------------------------------------
Frame ID: 2743
---------------------------------------------------------
Frame ID: 2744
---------------------------------------------------------
Frame ID: 2745
---------------------------------------------------------
Frame ID: 2746
---------------------------------------------------------
Frame ID: 2747
---------------------------------------------------------
Frame ID: 2748
---------------------------------------------------------
Frame ID: 2749
---------------------------------------------------------
Frame ID: 2750
---------------------------------------------------------
Frame ID: 2751
---------------------------------------------------------
Frame ID: 2752
---------------------------------------------------------
Frame ID: 2753
---------------------------------------------------------
Frame ID: 2754
---------------------------------------------------------
Frame ID: 2755
---------------------------------------------------------
Frame ID: 2756
---------------------------------------------------------
Frame ID: 2757
---------------------------------------------------------
Frame ID: 2758
---------------------------------------------------------
Frame ID: 2759
---------------------------------------------------------
Frame ID: 2760
---------------------------------------------------------
Frame ID: 2761
---------------------------------------------------------
Frame ID: 2762
---------------------------------------------------------
Frame ID: 2763
---------------------------------------------------------
Frame ID: 2764
---------------------------------------------------------
Frame ID: 2765
---------------------------------------------------------
Frame ID: 2766
---------------------------------------------------------
Frame ID: 2767
---------------------------------------------------------
Frame ID: 2768
---------------------------------------------------------
Frame ID: 2769
---------------------------------------------------------
Frame ID: 2770
---------------------------------------------------------
Frame ID: 2771
---------------------------------------------------------
Frame ID: 2772
---------------------------------------------------------
Frame ID: 2773
---------------------------------------------------------
Frame ID: 2774
---------------------------------------------------------
Frame ID: 2775
---------------------------------------------------------
Frame ID: 2776
---------------------------------------------------------
Frame ID: 2777
---------------------------------------------------------
Frame ID: 2778
---------------------------------------------------------
Frame ID: 2779
---------------------------------------------------------
Frame ID: 2780
---------------------------------------------------------
Frame ID: 2781
---------------------------------------------------------
Frame ID: 2782
---------------------------------------------------------
Frame ID: 2783
---------------------------------------------------------
Frame ID: 2784
---------------------------------------------------------
Frame ID: 2785
---------------------------------------------------------
Frame ID: 2786
---------------------------------------------------------
Frame ID: 2787
---------------------------------------------------------
Frame ID: 2788
---------------------------------------------------------
Frame ID: 2789
---------------------------------------------------------
Frame ID: 2790
---------------------------------------------------------
Frame ID: 2791
---------------------------------------------------------
Frame ID: 2792
---------------------------------------------------------
Frame ID: 2793
---------------------------------------------------------
Frame ID: 2794
---------------------------------------------------------
Frame ID: 2795
---------------------------------------------------------
Frame ID: 2796
---------------------------------------------------------
Frame ID: 2797
---------------------------------------------------------
Frame ID: 2798
---------------------------------------------------------
Frame ID: 2799
---------------------------------------------------------
Frame ID: 2800
---------------------------------------------------------
Frame ID: 2801
---------------------------------------------------------
Frame ID: 2802
---------------------------------------------------------
Frame ID: 2803
---------------------------------------------------------
Frame ID: 2804
---------------------------------------------------------
Frame ID: 2805
---------------------------------------------------------
Frame ID: 2806
---------------------------------------------------------
Frame ID: 2807
---------------------------------------------------------
Frame ID: 2808
---------------------------------------------------------
Frame ID: 2809
---------------------------------------------------------
Frame ID: 2810
---------------------------------------------------------
Frame ID: 2811
---------------------------------------------------------
Frame ID: 2812
---------------------------------------------------------
Frame ID: 2813
---------------------------------------------------------
Frame ID: 2814
---------------------------------------------------------
Frame ID: 2815
---------------------------------------------------------
Frame ID: 2816
---------------------------------------------------------
Frame ID: 2817
---------------------------------------------------------
Frame ID: 2818
---------------------------------------------------------
Frame ID: 2819
---------------------------------------------------------
Frame ID: 2820
---------------------------------------------------------
Frame ID: 2821
---------------------------------------------------------
Frame ID: 2822
---------------------------------------------------------
Frame ID: 2823
---------------------------------------------------------
Frame ID: 2824
---------------------------------------------------------
Frame ID: 2825
---------------------------------------------------------
Frame ID: 2826
---------------------------------------------------------
Frame ID: 2827
---------------------------------------------------------
Frame ID: 2828
---------------------------------------------------------
Frame ID: 2829
---------------------------------------------------------
Frame ID: 2830
---------------------------------------------------------
Frame ID: 2831
---------------------------------------------------------
Frame ID: 2832
---------------------------------------------------------
Frame ID: 2833
---------------------------------------------------------
Frame ID: 2834
---------------------------------------------------------
Frame ID: 2835
---------------------------------------------------------
Frame ID: 2836
---------------------------------------------------------
Frame ID: 2837
---------------------------------------------------------
Frame ID: 2838
---------------------------------------------------------
Frame ID: 2839
---------------------------------------------------------
Frame ID: 2840
---------------------------------------------------------
Frame ID: 2841
---------------------------------------------------------
Frame ID: 2842
---------------------------------------------------------
Frame ID: 2843
---------------------------------------------------------
Frame ID: 2844
---------------------------------------------------------
Frame ID: 2845
---------------------------------------------------------
Frame ID: 2846
---------------------------------------------------------
Frame ID: 2847
---------------------------------------------------------
Frame ID: 2848
---------------------------------------------------------
Frame ID: 2849
---------------------------------------------------------
Frame ID: 2850
---------------------------------------------------------
Frame ID: 2851
---------------------------------------------------------
Frame ID: 2852
---------------------------------------------------------
Frame ID: 2853
---------------------------------------------------------
Frame ID: 2854
---------------------------------------------------------
Frame ID: 2855
---------------------------------------------------------
Frame ID: 2856
---------------------------------------------------------
Frame ID: 2857
---------------------------------------------------------
Frame ID: 2858
---------------------------------------------------------
Frame ID: 2859
---------------------------------------------------------
Frame ID: 2860
---------------------------------------------------------
Frame ID: 2861
---------------------------------------------------------
Frame ID: 2862
---------------------------------------------------------
Frame ID: 2863
---------------------------------------------------------
Frame ID: 2864
---------------------------------------------------------
Frame ID: 2865
---------------------------------------------------------
Frame ID: 2866
---------------------------------------------------------
Frame ID: 2867
---------------------------------------------------------
Frame ID: 2868
---------------------------------------------------------
Frame ID: 2869
---------------------------------------------------------
Frame ID: 2870
---------------------------------------------------------
Frame ID: 2871
---------------------------------------------------------
Frame ID: 2872
---------------------------------------------------------
Frame ID: 2873
---------------------------------------------------------
Frame ID: 2874
---------------------------------------------------------
Frame ID: 2875
---------------------------------------------------------
Frame ID: 2876
---------------------------------------------------------
Frame ID: 2877
---------------------------------------------------------
Frame ID: 2878
---------------------------------------------------------
Frame ID: 2879
---------------------------------------------------------
Frame ID: 2880
---------------------------------------------------------
Frame ID: 2881
---------------------------------------------------------
Frame ID: 2882
---------------------------------------------------------
Frame ID: 2883
---------------------------------------------------------
Frame ID: 2884
---------------------------------------------------------
Frame ID: 2885
---------------------------------------------------------
Frame ID: 2886
---------------------------------------------------------
Frame ID: 2887
---------------------------------------------------------
Frame ID: 2888
---------------------------------------------------------
Frame ID: 2889
---------------------------------------------------------
Frame ID: 2890
---------------------------------------------------------
Frame ID: 2891
---------------------------------------------------------
Frame ID: 2892
---------------------------------------------------------
Frame ID: 2893
---------------------------------------------------------
Frame ID: 2894
---------------------------------------------------------
Frame ID: 2895
---------------------------------------------------------
Frame ID: 2896
---------------------------------------------------------
Frame ID: 2897
---------------------------------------------------------
Frame ID: 2898
---------------------------------------------------------
Frame ID: 2899
---------------------------------------------------------
Frame ID: 2900
---------------------------------------------------------
Frame ID: 2901
---------------------------------------------------------
Frame ID: 2902
---------------------------------------------------------
Frame ID: 2903
---------------------------------------------------------
Frame ID: 2904
---------------------------------------------------------
Frame ID: 2905
---------------------------------------------------------
Frame ID: 2906
---------------------------------------------------------
Frame ID: 2907
---------------------------------------------------------
Frame ID: 2908
---------------------------------------------------------
Frame ID: 2909
---------------------------------------------------------
Frame ID: 2910
---------------------------------------------------------
Frame ID: 2911
---------------------------------------------------------
Frame ID: 2912
---------------------------------------------------------
Frame ID: 2913
---------------------------------------------------------
Frame ID: 2914
---------------------------------------------------------
Frame ID: 2915
---------------------------------------------------------
Frame ID: 2916
---------------------------------------------------------
Frame ID: 2917
---------------------------------------------------------
Frame ID: 2918
---------------------------------------------------------
Frame ID: 2919
---------------------------------------------------------
Frame ID: 2920
---------------------------------------------------------
Frame ID: 2921
---------------------------------------------------------
Frame ID: 2922
---------------------------------------------------------
Frame ID: 2923
---------------------------------------------------------
Frame ID: 2924
---------------------------------------------------------
Frame ID: 2925
---------------------------------------------------------
Frame ID: 2926
---------------------------------------------------------
Frame ID: 2927
---------------------------------------------------------
Frame ID: 2928
---------------------------------------------------------
Frame ID: 2929
---------------------------------------------------------
Frame ID: 2930
---------------------------------------------------------
Frame ID: 2931
---------------------------------------------------------
Frame ID: 2932
---------------------------------------------------------
Frame ID: 2933
---------------------------------------------------------
Frame ID: 2934
---------------------------------------------------------
Frame ID: 2935
---------------------------------------------------------
Frame ID: 2936
---------------------------------------------------------
Frame ID: 2937
---------------------------------------------------------
Frame ID: 2938
---------------------------------------------------------
Frame ID: 2939
---------------------------------------------------------
Frame ID: 2940
---------------------------------------------------------
Frame ID: 2941
---------------------------------------------------------
Frame ID: 2942
---------------------------------------------------------
Frame ID: 2943
---------------------------------------------------------
Frame ID: 2944
---------------------------------------------------------
Frame ID: 2945
---------------------------------------------------------
Frame ID: 2946
---------------------------------------------------------
Frame ID: 2947
---------------------------------------------------------
Frame ID: 2948
---------------------------------------------------------
Frame ID: 2949
---------------------------------------------------------
Frame ID: 2950
---------------------------------------------------------
Frame ID: 2951
---------------------------------------------------------
Frame ID: 2952
---------------------------------------------------------
Frame ID: 2953
---------------------------------------------------------
Frame ID: 2954
---------------------------------------------------------
Frame ID: 2955
---------------------------------------------------------
Frame ID: 2956
---------------------------------------------------------
Frame ID: 2957
---------------------------------------------------------
Frame ID: 2958
---------------------------------------------------------
Frame ID: 2959
---------------------------------------------------------
Frame ID: 2960
---------------------------------------------------------
Frame ID: 2961
---------------------------------------------------------
Frame ID: 2962
---------------------------------------------------------
Frame ID: 2963
---------------------------------------------------------
Frame ID: 2964
---------------------------------------------------------
Frame ID: 2965
---------------------------------------------------------
Frame ID: 2966
---------------------------------------------------------
Frame ID: 2967
---------------------------------------------------------
Frame ID: 2968
---------------------------------------------------------
Frame ID: 2969
---------------------------------------------------------
Frame ID: 2970
---------------------------------------------------------
Frame ID: 2971
---------------------------------------------------------
Frame ID: 2972
---------------------------------------------------------
Frame ID: 2973
---------------------------------------------------------
Frame ID: 2974
---------------------------------------------------------
Frame ID: 2975
---------------------------------------------------------
Frame ID: 2976
---------------------------------------------------------
Frame ID: 2977
---------------------------------------------------------
Frame ID: 2978
---------------------------------------------------------
Frame ID: 2979
---------------------------------------------------------
Frame ID: 2980
---------------------------------------------------------
Frame ID: 2981
---------------------------------------------------------
Frame ID: 2982
---------------------------------------------------------
Frame ID: 2983
---------------------------------------------------------
Frame ID: 2984
---------------------------------------------------------
Frame ID: 2985
---------------------------------------------------------
Frame ID: 2986
---------------------------------------------------------
Frame ID: 2987
---------------------------------------------------------
Frame ID: 2988
---------------------------------------------------------
Frame ID: 2989
---------------------------------------------------------
Frame ID: 2990
---------------------------------------------------------
Frame ID: 2991
---------------------------------------------------------
Frame ID: 2992
---------------------------------------------------------
Frame ID: 2993
---------------------------------------------------------
Frame ID: 2994
---------------------------------------------------------
Frame ID: 2995
---------------------------------------------------------
Frame ID: 2996
---------------------------------------------------------
Frame ID: 2997
---------------------------------------------------------
Frame ID: 2998
---------------------------------------------------------
Frame ID: 2999
---------------------------------------------------------
Frame ID: 3000
---------------------------------------------------------
Frame ID: 3001
---------------------------------------------------------
Frame ID: 3002
---------------------------------------------------------
Frame ID: 3003
---------------------------------------------------------
Frame ID: 3004
---------------------------------------------------------
Frame ID: 3005
---------------------------------------------------------
Frame ID: 3006
---------------------------------------------------------
Frame ID: 3007
---------------------------------------------------------
Frame ID: 3008
---------------------------------------------------------
Frame ID: 3009
---------------------------------------------------------
Frame ID: 3010
---------------------------------------------------------
Frame ID: 3011
---------------------------------------------------------
Frame ID: 3012
---------------------------------------------------------
Frame ID: 3013
---------------------------------------------------------
Frame ID: 3014
---------------------------------------------------------
Frame ID: 3015
---------------------------------------------------------
Frame ID: 3016
---------------------------------------------------------
Frame ID: 3017
---------------------------------------------------------
Frame ID: 3018
---------------------------------------------------------
Frame ID: 3019
---------------------------------------------------------
Frame ID: 3020
---------------------------------------------------------
Frame ID: 3021
---------------------------------------------------------
Frame ID: 3022
---------------------------------------------------------
Frame ID: 3023
---------------------------------------------------------
Frame ID: 3024
---------------------------------------------------------
Frame ID: 3025
---------------------------------------------------------
Frame ID: 3026
---------------------------------------------------------
Frame ID: 3027
---------------------------------------------------------
Frame ID: 3028
---------------------------------------------------------
Frame ID: 3029
---------------------------------------------------------
Frame ID: 3030
---------------------------------------------------------
Frame ID: 3031
---------------------------------------------------------
Frame ID: 3032
---------------------------------------------------------
Frame ID: 3033
---------------------------------------------------------
Frame ID: 3034
---------------------------------------------------------
Frame ID: 3035
---------------------------------------------------------
Frame ID: 3036
---------------------------------------------------------
Frame ID: 3037
---------------------------------------------------------
Frame ID: 3038
---------------------------------------------------------
Frame ID: 3039
---------------------------------------------------------
Frame ID: 3040
---------------------------------------------------------
Frame ID: 3041
---------------------------------------------------------
Frame ID: 3042
---------------------------------------------------------
Frame ID: 3043
---------------------------------------------------------
Frame ID: 3044
---------------------------------------------------------
Frame ID: 3045
---------------------------------------------------------
Frame ID: 3046
---------------------------------------------------------
Frame ID: 3047
---------------------------------------------------------
Frame ID: 3048
---------------------------------------------------------
Frame ID: 3049
---------------------------------------------------------
Frame ID: 3050
---------------------------------------------------------
Frame ID: 3051
---------------------------------------------------------
Frame ID: 3052
---------------------------------------------------------
Frame ID: 3053
---------------------------------------------------------
Frame ID: 3054
---------------------------------------------------------
Frame ID: 3055
---------------------------------------------------------
Frame ID: 3056
---------------------------------------------------------
Frame ID: 3057
---------------------------------------------------------
Frame ID: 3058
---------------------------------------------------------
Frame ID: 3059
---------------------------------------------------------
Frame ID: 3060
---------------------------------------------------------
Frame ID: 3061
---------------------------------------------------------
Frame ID: 3062
---------------------------------------------------------
Frame ID: 3063
---------------------------------------------------------
Frame ID: 3064
---------------------------------------------------------
Frame ID: 3065
---------------------------------------------------------
Frame ID: 3066
---------------------------------------------------------
Frame ID: 3067
---------------------------------------------------------
Frame ID: 3068
---------------------------------------------------------
Frame ID: 3069
---------------------------------------------------------
Frame ID: 3070
---------------------------------------------------------
Frame ID: 3071
---------------------------------------------------------
Frame ID: 3072
---------------------------------------------------------
Frame ID: 3073
---------------------------------------------------------
Frame ID: 3074
---------------------------------------------------------
Frame ID: 3075
---------------------------------------------------------
Frame ID: 3076
---------------------------------------------------------
Frame ID: 3077
---------------------------------------------------------
Frame ID: 3078
---------------------------------------------------------
Frame ID: 3079
---------------------------------------------------------
Frame ID: 3080
---------------------------------------------------------
Frame ID: 3081
---------------------------------------------------------
Frame ID: 3082
---------------------------------------------------------
Frame ID: 3083
---------------------------------------------------------
Frame ID: 3084
---------------------------------------------------------
Frame ID: 3085
---------------------------------------------------------
Frame ID: 3086
---------------------------------------------------------
Frame ID: 3087
---------------------------------------------------------
Frame ID: 3088
---------------------------------------------------------
Frame ID: 3089
---------------------------------------------------------
Frame ID: 3090
---------------------------------------------------------
Frame ID: 3091
---------------------------------------------------------
Frame ID: 3092
---------------------------------------------------------
Frame ID: 3093
---------------------------------------------------------
Frame ID: 3094
---------------------------------------------------------
Frame ID: 3095
---------------------------------------------------------
Frame ID: 3096
---------------------------------------------------------
Frame ID: 3097
---------------------------------------------------------
Frame ID: 3098
---------------------------------------------------------
Frame ID: 3099
---------------------------------------------------------
Frame ID: 3100
---------------------------------------------------------
Frame ID: 3101
---------------------------------------------------------
Frame ID: 3102
---------------------------------------------------------
Frame ID: 3103
---------------------------------------------------------
Frame ID: 3104
---------------------------------------------------------
Frame ID: 3105
---------------------------------------------------------
Frame ID: 3106
---------------------------------------------------------
Frame ID: 3107
---------------------------------------------------------
Frame ID: 3108
---------------------------------------------------------
Frame ID: 3109
---------------------------------------------------------
Frame ID: 3110
---------------------------------------------------------
Frame ID: 3111
---------------------------------------------------------
Frame ID: 3112
---------------------------------------------------------
Frame ID: 3113
---------------------------------------------------------
Frame ID: 3114
---------------------------------------------------------
Frame ID: 3115
---------------------------------------------------------
Frame ID: 3116
---------------------------------------------------------
Frame ID: 3117
---------------------------------------------------------
Frame ID: 3118
---------------------------------------------------------
Frame ID: 3119
---------------------------------------------------------
Frame ID: 3120
---------------------------------------------------------
Frame ID: 3121
---------------------------------------------------------
Frame ID: 3122
---------------------------------------------------------
Frame ID: 3123
---------------------------------------------------------
Frame ID: 3124
---------------------------------------------------------
Frame ID: 3125
---------------------------------------------------------
Frame ID: 3126
---------------------------------------------------------
Frame ID: 3127
---------------------------------------------------------
Frame ID: 3128
---------------------------------------------------------
Frame ID: 3129
---------------------------------------------------------
Frame ID: 3130
---------------------------------------------------------
Frame ID: 3131
---------------------------------------------------------
Frame ID: 3132
---------------------------------------------------------
Frame ID: 3133
---------------------------------------------------------
Frame ID: 3134
---------------------------------------------------------
Frame ID: 3135
---------------------------------------------------------
Frame ID: 3136
---------------------------------------------------------
Frame ID: 3137
---------------------------------------------------------
Frame ID: 3138
---------------------------------------------------------
Frame ID: 3139
---------------------------------------------------------
Frame ID: 3140
---------------------------------------------------------
Frame ID: 3141
---------------------------------------------------------
Frame ID: 3142
---------------------------------------------------------
Frame ID: 3143
---------------------------------------------------------
Frame ID: 3144
---------------------------------------------------------
Frame ID: 3145
---------------------------------------------------------
Frame ID: 3146
---------------------------------------------------------
Frame ID: 3147
---------------------------------------------------------
Frame ID: 3148
---------------------------------------------------------
Frame ID: 3149
---------------------------------------------------------
Frame ID: 3150
---------------------------------------------------------
Frame ID: 3151
---------------------------------------------------------
Frame ID: 3152
---------------------------------------------------------
Frame ID: 3153
---------------------------------------------------------
Frame ID: 3154
---------------------------------------------------------
Frame ID: 3155
---------------------------------------------------------
Frame ID: 3156
---------------------------------------------------------
Frame ID: 3157
---------------------------------------------------------
Frame ID: 3158
---------------------------------------------------------
Frame ID: 3159
---------------------------------------------------------
Frame ID: 3160
---------------------------------------------------------
Frame ID: 3161
---------------------------------------------------------
Frame ID: 3162
---------------------------------------------------------
Frame ID: 3163
---------------------------------------------------------
Frame ID: 3164
---------------------------------------------------------
Frame ID: 3165
---------------------------------------------------------
Frame ID: 3166
---------------------------------------------------------
Frame ID: 3167
---------------------------------------------------------
Frame ID: 3168
---------------------------------------------------------
Frame ID: 3169
---------------------------------------------------------
Frame ID: 3170
---------------------------------------------------------
Frame ID: 3171
---------------------------------------------------------
Frame ID: 3172
---------------------------------------------------------
Frame ID: 3173
---------------------------------------------------------
Frame ID: 3174
---------------------------------------------------------
Frame ID: 3175
---------------------------------------------------------
Frame ID: 3176
---------------------------------------------------------
Frame ID: 3177
---------------------------------------------------------
Frame ID: 3178
---------------------------------------------------------
Frame ID: 3179
---------------------------------------------------------
Frame ID: 3180
---------------------------------------------------------
Frame ID: 3181
---------------------------------------------------------
Frame ID: 3182
---------------------------------------------------------
Frame ID: 3183
---------------------------------------------------------
Frame ID: 3184
---------------------------------------------------------
Frame ID: 3185
---------------------------------------------------------
Frame ID: 3186
---------------------------------------------------------
Frame ID: 3187
---------------------------------------------------------
Frame ID: 3188
---------------------------------------------------------
Frame ID: 3189
---------------------------------------------------------
Frame ID: 3190
---------------------------------------------------------
Frame ID: 3191
---------------------------------------------------------
Frame ID: 3192
---------------------------------------------------------
Frame ID: 3193
---------------------------------------------------------
Frame ID: 3194
---------------------------------------------------------
Frame ID: 3195
---------------------------------------------------------
Frame ID: 3196
---------------------------------------------------------
Frame ID: 3197
---------------------------------------------------------
Frame ID: 3198
---------------------------------------------------------
Frame ID: 3199
---------------------------------------------------------
Frame ID: 3200
---------------------------------------------------------
Frame ID: 3201
---------------------------------------------------------
Frame ID: 3202
---------------------------------------------------------
Frame ID: 3203
---------------------------------------------------------
Frame ID: 3204
---------------------------------------------------------
Frame ID: 3205
---------------------------------------------------------
Frame ID: 3206
---------------------------------------------------------
Frame ID: 3207
---------------------------------------------------------
Frame ID: 3208
---------------------------------------------------------
Frame ID: 3209
---------------------------------------------------------
Frame ID: 3210
---------------------------------------------------------
Frame ID: 3211
---------------------------------------------------------
Frame ID: 3212
---------------------------------------------------------
Frame ID: 3213
---------------------------------------------------------
Frame ID: 3214
---------------------------------------------------------
Frame ID: 3215
---------------------------------------------------------
Frame ID: 3216
---------------------------------------------------------
Frame ID: 3217
---------------------------------------------------------
Frame ID: 3218
---------------------------------------------------------
Frame ID: 3219
---------------------------------------------------------
Frame ID: 3220
---------------------------------------------------------
Frame ID: 3221
---------------------------------------------------------
Frame ID: 3222
---------------------------------------------------------
Frame ID: 3223
---------------------------------------------------------
Frame ID: 3224
---------------------------------------------------------
Frame ID: 3225
---------------------------------------------------------
Frame ID: 3226
---------------------------------------------------------
Frame ID: 3227
---------------------------------------------------------
Frame ID: 3228
---------------------------------------------------------
Frame ID: 3229
---------------------------------------------------------
Frame ID: 3230
---------------------------------------------------------
Frame ID: 3231
---------------------------------------------------------
Frame ID: 3232
---------------------------------------------------------
Frame ID: 3233
---------------------------------------------------------
Frame ID: 3234
---------------------------------------------------------
Frame ID: 3235
---------------------------------------------------------
Frame ID: 3236
---------------------------------------------------------
Frame ID: 3237
---------------------------------------------------------
Frame ID: 3238
---------------------------------------------------------
Frame ID: 3239
---------------------------------------------------------
Frame ID: 3240
---------------------------------------------------------
Frame ID: 3241
---------------------------------------------------------
Frame ID: 3242
---------------------------------------------------------
Frame ID: 3243
---------------------------------------------------------
Frame ID: 3244
---------------------------------------------------------
Frame ID: 3245
---------------------------------------------------------
Frame ID: 3246
---------------------------------------------------------
Frame ID: 3247
---------------------------------------------------------
Frame ID: 3248
---------------------------------------------------------
Frame ID: 3249
---------------------------------------------------------
Frame ID: 3250
---------------------------------------------------------
Frame ID: 3251
---------------------------------------------------------
Frame ID: 3252
---------------------------------------------------------
Frame ID: 3253
---------------------------------------------------------
Frame ID: 3254
---------------------------------------------------------
Frame ID: 3255
---------------------------------------------------------
Frame ID: 3256
---------------------------------------------------------
Frame ID: 3257
---------------------------------------------------------
Frame ID: 3258
---------------------------------------------------------
Frame ID: 3259
---------------------------------------------------------
Frame ID: 3260
---------------------------------------------------------
Frame ID: 3261
---------------------------------------------------------
Frame ID: 3262
---------------------------------------------------------
Frame ID: 3263
---------------------------------------------------------
Frame ID: 3264
---------------------------------------------------------
Frame ID: 3265
---------------------------------------------------------
Frame ID: 3266
---------------------------------------------------------
Frame ID: 3267
---------------------------------------------------------
Frame ID: 3268
---------------------------------------------------------
Frame ID: 3269
---------------------------------------------------------
Frame ID: 3270
---------------------------------------------------------
Frame ID: 3271
---------------------------------------------------------
Frame ID: 3272
---------------------------------------------------------
Frame ID: 3273
---------------------------------------------------------
Frame ID: 3274
---------------------------------------------------------
Frame ID: 3275
---------------------------------------------------------
Frame ID: 3276
---------------------------------------------------------
Frame ID: 3277
---------------------------------------------------------
Frame ID: 3278
---------------------------------------------------------
Frame ID: 3279
---------------------------------------------------------
Frame ID: 3280
---------------------------------------------------------
Frame ID: 3281
---------------------------------------------------------
Frame ID: 3282
---------------------------------------------------------
Frame ID: 3283
---------------------------------------------------------
Frame ID: 3284
---------------------------------------------------------
Frame ID: 3285
---------------------------------------------------------
Frame ID: 3286
---------------------------------------------------------
Frame ID: 3287
---------------------------------------------------------
Frame ID: 3288
---------------------------------------------------------
Frame ID: 3289
---------------------------------------------------------
Frame ID: 3290
---------------------------------------------------------
Frame ID: 3291
---------------------------------------------------------
Frame ID: 3292
---------------------------------------------------------
Frame ID: 3293
---------------------------------------------------------
Frame ID: 3294
---------------------------------------------------------
Frame ID: 3295
---------------------------------------------------------
Frame ID: 3296
---------------------------------------------------------
Frame ID: 3297
---------------------------------------------------------
Frame ID: 3298
---------------------------------------------------------
Frame ID: 3299
---------------------------------------------------------
Frame ID: 3300
---------------------------------------------------------
Frame ID: 3301
---------------------------------------------------------
Frame ID: 3302
---------------------------------------------------------
Frame ID: 3303
---------------------------------------------------------
Frame ID: 3304
---------------------------------------------------------
Frame ID: 3305
---------------------------------------------------------
Frame ID: 3306
---------------------------------------------------------
Frame ID: 3307
---------------------------------------------------------
Frame ID: 3308
---------------------------------------------------------
Frame ID: 3309
---------------------------------------------------------
Frame ID: 3310
---------------------------------------------------------
Frame ID: 3311
---------------------------------------------------------
Frame ID: 3312
---------------------------------------------------------
Frame ID: 3313
---------------------------------------------------------
Frame ID: 3314
---------------------------------------------------------
Frame ID: 3315
---------------------------------------------------------
Frame ID: 3316
---------------------------------------------------------
Frame ID: 3317
---------------------------------------------------------
Frame ID: 3318
---------------------------------------------------------
Frame ID: 3319
---------------------------------------------------------
Frame ID: 3320
---------------------------------------------------------
Frame ID: 3321
---------------------------------------------------------
Frame ID: 3322
---------------------------------------------------------
Frame ID: 3323
---------------------------------------------------------
Frame ID: 3324
---------------------------------------------------------
Frame ID: 3325
---------------------------------------------------------
Frame ID: 3326
---------------------------------------------------------
Frame ID: 3327
---------------------------------------------------------
Frame ID: 3328
---------------------------------------------------------
Frame ID: 3329
---------------------------------------------------------
Frame ID: 3330
---------------------------------------------------------
Frame ID: 3331
---------------------------------------------------------
Frame ID: 3332
---------------------------------------------------------
Frame ID: 3333
---------------------------------------------------------
Frame ID: 3334
---------------------------------------------------------
Frame ID: 3335
---------------------------------------------------------
Frame ID: 3336
---------------------------------------------------------
Frame ID: 3337
---------------------------------------------------------
Frame ID: 3338
---------------------------------------------------------
Frame ID: 3339
---------------------------------------------------------
Frame ID: 3340
---------------------------------------------------------
Frame ID: 3341
---------------------------------------------------------
Frame ID: 3342
---------------------------------------------------------
Frame ID: 3343
---------------------------------------------------------
Frame ID: 3344
---------------------------------------------------------
Frame ID: 3345
---------------------------------------------------------
Frame ID: 3346
---------------------------------------------------------
Frame ID: 3347
---------------------------------------------------------
Frame ID: 3348
---------------------------------------------------------
Frame ID: 3349
---------------------------------------------------------
Frame ID: 3350
---------------------------------------------------------
Frame ID: 3351
---------------------------------------------------------
Frame ID: 3352
---------------------------------------------------------
Frame ID: 3353
---------------------------------------------------------
Frame ID: 3354
---------------------------------------------------------
Frame ID: 3355
---------------------------------------------------------
Frame ID: 3356
---------------------------------------------------------
Frame ID: 3357
---------------------------------------------------------
Frame ID: 3358
---------------------------------------------------------
Frame ID: 3359
---------------------------------------------------------
Frame ID: 3360
---------------------------------------------------------
Frame ID: 3361
---------------------------------------------------------
Frame ID: 3362
---------------------------------------------------------
Frame ID: 3363
---------------------------------------------------------
Frame ID: 3364
---------------------------------------------------------
Frame ID: 3365
---------------------------------------------------------
Frame ID: 3366
---------------------------------------------------------
Frame ID: 3367
---------------------------------------------------------
Frame ID: 3368
---------------------------------------------------------
Frame ID: 3369
---------------------------------------------------------
Frame ID: 3370
---------------------------------------------------------
Frame ID: 3371
---------------------------------------------------------
Frame ID: 3372
---------------------------------------------------------
Frame ID: 3373
---------------------------------------------------------
Frame ID: 3374
---------------------------------------------------------
Frame ID: 3375
---------------------------------------------------------
Frame ID: 3376
---------------------------------------------------------
Frame ID: 3377
---------------------------------------------------------
Frame ID: 3378
---------------------------------------------------------
Frame ID: 3379
---------------------------------------------------------
Frame ID: 3380
---------------------------------------------------------
Frame ID: 3381
---------------------------------------------------------
Frame ID: 3382
---------------------------------------------------------
Frame ID: 3383
---------------------------------------------------------
Frame ID: 3384
---------------------------------------------------------
Frame ID: 3385
---------------------------------------------------------
Frame ID: 3386
---------------------------------------------------------
Frame ID: 3387
---------------------------------------------------------
Frame ID: 3388
---------------------------------------------------------
Frame ID: 3389
---------------------------------------------------------
Frame ID: 3390
---------------------------------------------------------
Frame ID: 3391
---------------------------------------------------------
Frame ID: 3392
---------------------------------------------------------
Frame ID: 3393
---------------------------------------------------------
Frame ID: 3394
---------------------------------------------------------
Frame ID: 3395
---------------------------------------------------------
Frame ID: 3396
---------------------------------------------------------
Frame ID: 3397
---------------------------------------------------------
Frame ID: 3398
---------------------------------------------------------
Frame ID: 3399
---------------------------------------------------------
Frame ID: 3400
---------------------------------------------------------
Frame ID: 3401
---------------------------------------------------------
Frame ID: 3402
---------------------------------------------------------
Frame ID: 3403
---------------------------------------------------------
Frame ID: 3404
---------------------------------------------------------
Frame ID: 3405
---------------------------------------------------------
Frame ID: 3406
---------------------------------------------------------
Frame ID: 3407
---------------------------------------------------------
Frame ID: 3408
---------------------------------------------------------
Frame ID: 3409
---------------------------------------------------------
Frame ID: 3410
---------------------------------------------------------
Frame ID: 3411
---------------------------------------------------------
Frame ID: 3412
---------------------------------------------------------
Frame ID: 3413
---------------------------------------------------------
Frame ID: 3414
---------------------------------------------------------
Frame ID: 3415
---------------------------------------------------------
Frame ID: 3416
---------------------------------------------------------
Frame ID: 3417
---------------------------------------------------------
Frame ID: 3418
---------------------------------------------------------
Frame ID: 3419
---------------------------------------------------------
Frame ID: 3420
---------------------------------------------------------
Frame ID: 3421
---------------------------------------------------------
Frame ID: 3422
---------------------------------------------------------
Frame ID: 3423
---------------------------------------------------------
Frame ID: 3424
---------------------------------------------------------
Frame ID: 3425
---------------------------------------------------------
Frame ID: 3426
---------------------------------------------------------
Frame ID: 3427
---------------------------------------------------------
Frame ID: 3428
---------------------------------------------------------
Frame ID: 3429
---------------------------------------------------------
Frame ID: 3430
---------------------------------------------------------
Frame ID: 3431
---------------------------------------------------------
Frame ID: 3432
---------------------------------------------------------
Frame ID: 3433
---------------------------------------------------------
Frame ID: 3434
---------------------------------------------------------
Frame ID: 3435
---------------------------------------------------------
Frame ID: 3436
---------------------------------------------------------
Frame ID: 3437
---------------------------------------------------------
Frame ID: 3438
---------------------------------------------------------
Frame ID: 3439
---------------------------------------------------------
Frame ID: 3440
---------------------------------------------------------
Frame ID: 3441
---------------------------------------------------------
Frame ID: 3442
---------------------------------------------------------
Frame ID: 3443
---------------------------------------------------------
Frame ID: 3444
---------------------------------------------------------
Frame ID: 3445
---------------------------------------------------------
Frame ID: 3446
---------------------------------------------------------
Frame ID: 3447
---------------------------------------------------------
Frame ID: 3448
---------------------------------------------------------
Frame ID: 3449
---------------------------------------------------------
Frame ID: 3450
---------------------------------------------------------
Frame ID: 3451
---------------------------------------------------------
Frame ID: 3452
---------------------------------------------------------
Frame ID: 3453
---------------------------------------------------------
Frame ID: 3454
---------------------------------------------------------
Frame ID: 3455
---------------------------------------------------------
Frame ID: 3456
---------------------------------------------------------
Frame ID: 3457
---------------------------------------------------------
Frame ID: 3458
---------------------------------------------------------
Frame ID: 3459
---------------------------------------------------------
Frame ID: 3460
---------------------------------------------------------
Frame ID: 3461
---------------------------------------------------------
Frame ID: 3462
---------------------------------------------------------
Frame ID: 3463
---------------------------------------------------------
Frame ID: 3464
---------------------------------------------------------
Frame ID: 3465
---------------------------------------------------------
Frame ID: 3466
---------------------------------------------------------
Frame ID: 3467
---------------------------------------------------------
Frame ID: 3468
---------------------------------------------------------
Frame ID: 3469
---------------------------------------------------------
Frame ID: 3470
---------------------------------------------------------
Frame ID: 3471
---------------------------------------------------------
Frame ID: 3472
---------------------------------------------------------
Frame ID: 3473
---------------------------------------------------------
Frame ID: 3474
---------------------------------------------------------
Frame ID: 3475
---------------------------------------------------------
Frame ID: 3476
---------------------------------------------------------
Frame ID: 3477
---------------------------------------------------------
Frame ID: 3478
---------------------------------------------------------
Frame ID: 3479
---------------------------------------------------------
Frame ID: 3480
---------------------------------------------------------
Frame ID: 3481
---------------------------------------------------------
Frame ID: 3482
---------------------------------------------------------
Frame ID: 3483
---------------------------------------------------------
Frame ID: 3484
---------------------------------------------------------
Frame ID: 3485
---------------------------------------------------------
Frame ID: 3486
---------------------------------------------------------
Frame ID: 3487
---------------------------------------------------------
Frame ID: 3488
---------------------------------------------------------
Frame ID: 3489
---------------------------------------------------------
Frame ID: 3490
---------------------------------------------------------
Frame ID: 3491
---------------------------------------------------------
Frame ID: 3492
---------------------------------------------------------
Frame ID: 3493
---------------------------------------------------------
Frame ID: 3494
---------------------------------------------------------
Frame ID: 3495
---------------------------------------------------------
Frame ID: 3496
---------------------------------------------------------
Frame ID: 3497
---------------------------------------------------------
Frame ID: 3498
---------------------------------------------------------
Frame ID: 3499
---------------------------------------------------------
Frame ID: 3500
---------------------------------------------------------
Frame ID: 3501
---------------------------------------------------------
Frame ID: 3502
---------------------------------------------------------
Frame ID: 3503
---------------------------------------------------------
Frame ID: 3504
---------------------------------------------------------
Frame ID: 3505
---------------------------------------------------------
Frame ID: 3506
---------------------------------------------------------
Frame ID: 3507
---------------------------------------------------------
Frame ID: 3508
---------------------------------------------------------
Frame ID: 3509
---------------------------------------------------------
Frame ID: 3510
---------------------------------------------------------
Frame ID: 3511
---------------------------------------------------------
Frame ID: 3512
---------------------------------------------------------
Frame ID: 3513
---------------------------------------------------------
Frame ID: 3514
---------------------------------------------------------
Frame ID: 3515
---------------------------------------------------------
Frame ID: 3516
---------------------------------------------------------
Frame ID: 3517
---------------------------------------------------------
Frame ID: 3518
---------------------------------------------------------
Frame ID: 3519
---------------------------------------------------------
Frame ID: 3520
---------------------------------------------------------
Frame ID: 3521
---------------------------------------------------------
Frame ID: 3522
---------------------------------------------------------
Frame ID: 3523
---------------------------------------------------------
Frame ID: 3524
---------------------------------------------------------
Frame ID: 3525
---------------------------------------------------------
Frame ID: 3526
---------------------------------------------------------
Frame ID: 3527
---------------------------------------------------------
Frame ID: 3528
---------------------------------------------------------
Frame ID: 3529
---------------------------------------------------------
Frame ID: 3530
---------------------------------------------------------
Frame ID: 3531
---------------------------------------------------------
Frame ID: 3532
---------------------------------------------------------
Frame ID: 3533
---------------------------------------------------------
Frame ID: 3534
---------------------------------------------------------
Frame ID: 3535
---------------------------------------------------------
Frame ID: 3536
---------------------------------------------------------
Frame ID: 3537
---------------------------------------------------------
Frame ID: 3538
---------------------------------------------------------
Frame ID: 3539
---------------------------------------------------------
Frame ID: 3540
---------------------------------------------------------
Frame ID: 3541
---------------------------------------------------------
Frame ID: 3542
---------------------------------------------------------
Frame ID: 3543
---------------------------------------------------------
Frame ID: 3544
---------------------------------------------------------
Frame ID: 3545
---------------------------------------------------------
Frame ID: 3546
---------------------------------------------------------
Frame ID: 3547
---------------------------------------------------------
Frame ID: 3548
---------------------------------------------------------
Frame ID: 3549
---------------------------------------------------------
Frame ID: 3550
---------------------------------------------------------
Frame ID: 3551
---------------------------------------------------------
Frame ID: 3552
---------------------------------------------------------
Frame ID: 3553
---------------------------------------------------------
Frame ID: 3554
---------------------------------------------------------
Frame ID: 3555
---------------------------------------------------------
Frame ID: 3556
---------------------------------------------------------
Frame ID: 3557
---------------------------------------------------------
Frame ID: 3558
---------------------------------------------------------
Frame ID: 3559
---------------------------------------------------------
Frame ID: 3560
---------------------------------------------------------
Frame ID: 3561
---------------------------------------------------------
Frame ID: 3562
---------------------------------------------------------
Frame ID: 3563
---------------------------------------------------------
Frame ID: 3564
---------------------------------------------------------
Frame ID: 3565
---------------------------------------------------------
Frame ID: 3566
---------------------------------------------------------
Frame ID: 3567
---------------------------------------------------------
Frame ID: 3568
---------------------------------------------------------
Frame ID: 3569
---------------------------------------------------------
Frame ID: 3570
---------------------------------------------------------
Frame ID: 3571
---------------------------------------------------------
Frame ID: 3572
---------------------------------------------------------
Frame ID: 3573
---------------------------------------------------------
Frame ID: 3574
---------------------------------------------------------
Frame ID: 3575
---------------------------------------------------------
Frame ID: 3576
---------------------------------------------------------
Frame ID: 3577
---------------------------------------------------------
Frame ID: 3578
---------------------------------------------------------
Frame ID: 3579
---------------------------------------------------------
Frame ID: 3580
---------------------------------------------------------
Frame ID: 3581
---------------------------------------------------------
Frame ID: 3582
---------------------------------------------------------
Frame ID: 3583
---------------------------------------------------------
Frame ID: 3584
---------------------------------------------------------
Frame ID: 3585
---------------------------------------------------------
Frame ID: 3586
---------------------------------------------------------
Frame ID: 3587
---------------------------------------------------------
Frame ID: 3588
---------------------------------------------------------
Frame ID: 3589
---------------------------------------------------------
Frame ID: 3590
---------------------------------------------------------
Frame ID: 3591
---------------------------------------------------------
Frame ID: 3592
---------------------------------------------------------
Frame ID: 3593
---------------------------------------------------------
Frame ID: 3594
---------------------------------------------------------
Frame ID: 3595
---------------------------------------------------------
Frame ID: 3596
---------------------------------------------------------
Frame ID: 3597
---------------------------------------------------------
Frame ID: 3598
---------------------------------------------------------
Frame ID: 3599
---------------------------------------------------------
Frame ID: 3600
---------------------------------------------------------
Frame ID: 3601
---------------------------------------------------------
Frame ID: 3602
---------------------------------------------------------
Frame ID: 3603
---------------------------------------------------------
Frame ID: 3604
---------------------------------------------------------
Frame ID: 3605
---------------------------------------------------------
Frame ID: 3606
---------------------------------------------------------
Frame ID: 3607
---------------------------------------------------------
Frame ID: 3608
---------------------------------------------------------
Frame ID: 3609
---------------------------------------------------------
Frame ID: 3610
---------------------------------------------------------
Frame ID: 3611
---------------------------------------------------------
Frame ID: 3612
---------------------------------------------------------
Frame ID: 3613
---------------------------------------------------------
Frame ID: 3614
---------------------------------------------------------
Frame ID: 3615
---------------------------------------------------------
Frame ID: 3616
---------------------------------------------------------
Frame ID: 3617
---------------------------------------------------------
Frame ID: 3618
---------------------------------------------------------
Frame ID: 3619
---------------------------------------------------------
Frame ID: 3620
---------------------------------------------------------
Frame ID: 3621
---------------------------------------------------------
Frame ID: 3622
---------------------------------------------------------
Frame ID: 3623
---------------------------------------------------------
Frame ID: 3624
---------------------------------------------------------
Frame ID: 3625
---------------------------------------------------------
Frame ID: 3626
---------------------------------------------------------
Frame ID: 3627
---------------------------------------------------------
Frame ID: 3628
---------------------------------------------------------
Frame ID: 3629
---------------------------------------------------------
Frame ID: 3630
---------------------------------------------------------
Frame ID: 3631
---------------------------------------------------------
Frame ID: 3632
---------------------------------------------------------
Frame ID: 3633
---------------------------------------------------------
Frame ID: 3634
---------------------------------------------------------
Frame ID: 3635
---------------------------------------------------------
Frame ID: 3636
---------------------------------------------------------
Frame ID: 3637
---------------------------------------------------------
Frame ID: 3638
---------------------------------------------------------
Frame ID: 3639
---------------------------------------------------------
Frame ID: 3640
---------------------------------------------------------
Frame ID: 3641
---------------------------------------------------------
Frame ID: 3642
---------------------------------------------------------
Frame ID: 3643
---------------------------------------------------------
Frame ID: 3644
---------------------------------------------------------
Frame ID: 3645
---------------------------------------------------------
Frame ID: 3646
---------------------------------------------------------
Frame ID: 3647
---------------------------------------------------------
Frame ID: 3648
---------------------------------------------------------
Frame ID: 3649
---------------------------------------------------------
Frame ID: 3650
---------------------------------------------------------
Frame ID: 3651
---------------------------------------------------------
Frame ID: 3652
---------------------------------------------------------
Frame ID: 3653
---------------------------------------------------------
Frame ID: 3654
---------------------------------------------------------
Frame ID: 3655
---------------------------------------------------------
Frame ID: 3656
---------------------------------------------------------
Frame ID: 3657
---------------------------------------------------------
Frame ID: 3658
---------------------------------------------------------
Frame ID: 3659
---------------------------------------------------------
Frame ID: 3660
---------------------------------------------------------
Frame ID: 3661
---------------------------------------------------------
Frame ID: 3662
---------------------------------------------------------
Frame ID: 3663
---------------------------------------------------------
Frame ID: 3664
---------------------------------------------------------
Frame ID: 3665
---------------------------------------------------------
Frame ID: 3666
---------------------------------------------------------
Frame ID: 3667
---------------------------------------------------------
Frame ID: 3668
---------------------------------------------------------
Frame ID: 3669
---------------------------------------------------------
Frame ID: 3670
---------------------------------------------------------
Frame ID: 3671
---------------------------------------------------------
Frame ID: 3672
---------------------------------------------------------
Frame ID: 3673
---------------------------------------------------------
Frame ID: 3674
---------------------------------------------------------
Frame ID: 3675
---------------------------------------------------------
Frame ID: 3676
---------------------------------------------------------
Frame ID: 3677
---------------------------------------------------------
Frame ID: 3678
---------------------------------------------------------
Frame ID: 3679
---------------------------------------------------------
Frame ID: 3680
---------------------------------------------------------
Frame ID: 3681
---------------------------------------------------------
Frame ID: 3682
---------------------------------------------------------
Frame ID: 3683
---------------------------------------------------------
Frame ID: 3684
---------------------------------------------------------
Frame ID: 3685
---------------------------------------------------------
Frame ID: 3686
---------------------------------------------------------
Frame ID: 3687
---------------------------------------------------------
Frame ID: 3688
---------------------------------------------------------
Frame ID: 3689
---------------------------------------------------------
Frame ID: 3690
---------------------------------------------------------
Frame ID: 3691
---------------------------------------------------------
Frame ID: 3692
---------------------------------------------------------
Frame ID: 3693
---------------------------------------------------------
Frame ID: 3694
---------------------------------------------------------
Frame ID: 3695
---------------------------------------------------------
Frame ID: 3696
---------------------------------------------------------
Frame ID: 3697
---------------------------------------------------------
Frame ID: 3698
---------------------------------------------------------
Frame ID: 3699
---------------------------------------------------------
Frame ID: 3700
---------------------------------------------------------
Frame ID: 3701
---------------------------------------------------------
Frame ID: 3702
---------------------------------------------------------
Frame ID: 3703
---------------------------------------------------------
Frame ID: 3704
---------------------------------------------------------
Frame ID: 3705
---------------------------------------------------------
Frame ID: 3706
---------------------------------------------------------
Frame ID: 3707
---------------------------------------------------------
Frame ID: 3708
---------------------------------------------------------
Frame ID: 3709
---------------------------------------------------------
Frame ID: 3710
---------------------------------------------------------
Frame ID: 3711
---------------------------------------------------------
Frame ID: 3712
---------------------------------------------------------
Frame ID: 3713
---------------------------------------------------------
Frame ID: 3714
---------------------------------------------------------
Frame ID: 3715
---------------------------------------------------------
Frame ID: 3716
---------------------------------------------------------
Frame ID: 3717
---------------------------------------------------------
Frame ID: 3718
---------------------------------------------------------
Frame ID: 3719
---------------------------------------------------------
Frame ID: 3720
---------------------------------------------------------
Frame ID: 3721
---------------------------------------------------------
Frame ID: 3722
---------------------------------------------------------
Frame ID: 3723
---------------------------------------------------------
Frame ID: 3724
---------------------------------------------------------
Frame ID: 3725
---------------------------------------------------------
Frame ID: 3726
---------------------------------------------------------
Frame ID: 3727
---------------------------------------------------------
Frame ID: 3728
---------------------------------------------------------
Frame ID: 3729
---------------------------------------------------------
Frame ID: 3730
---------------------------------------------------------
Frame ID: 3731
---------------------------------------------------------
Frame ID: 3732
---------------------------------------------------------
Frame ID: 3733
---------------------------------------------------------
Frame ID: 3734
---------------------------------------------------------
Frame ID: 3735
---------------------------------------------------------
Frame ID: 3736
---------------------------------------------------------
Frame ID: 3737
---------------------------------------------------------
Frame ID: 3738
---------------------------------------------------------
Frame ID: 3739
---------------------------------------------------------
Frame ID: 3740
---------------------------------------------------------
Frame ID: 3741
---------------------------------------------------------
Frame ID: 3742
---------------------------------------------------------
Frame ID: 3743
---------------------------------------------------------
Frame ID: 3744
---------------------------------------------------------
Frame ID: 3745
---------------------------------------------------------
Frame ID: 3746
---------------------------------------------------------
Frame ID: 3747
---------------------------------------------------------
Frame ID: 3748
---------------------------------------------------------
Frame ID: 3749
---------------------------------------------------------
Frame ID: 3750
---------------------------------------------------------
Frame ID: 3751
---------------------------------------------------------
Frame ID: 3752
---------------------------------------------------------
Frame ID: 3753
---------------------------------------------------------
Frame ID: 3754
---------------------------------------------------------
Frame ID: 3755
---------------------------------------------------------
Frame ID: 3756
---------------------------------------------------------
Frame ID: 3757
---------------------------------------------------------
Frame ID: 3758
---------------------------------------------------------
Frame ID: 3759
---------------------------------------------------------
Frame ID: 3760
---------------------------------------------------------
Frame ID: 3761
---------------------------------------------------------
Frame ID: 3762
---------------------------------------------------------
Frame ID: 3763
---------------------------------------------------------
Frame ID: 3764
---------------------------------------------------------
Frame ID: 3765
---------------------------------------------------------
Frame ID: 3766
---------------------------------------------------------
Frame ID: 3767
---------------------------------------------------------
Frame ID: 3768
---------------------------------------------------------
Frame ID: 3769
---------------------------------------------------------
Frame ID: 3770
---------------------------------------------------------
Frame ID: 3771
---------------------------------------------------------
Frame ID: 3772
---------------------------------------------------------
Frame ID: 3773
---------------------------------------------------------
Frame ID: 3774
---------------------------------------------------------
Frame ID: 3775
---------------------------------------------------------
Frame ID: 3776
---------------------------------------------------------
Frame ID: 3777
---------------------------------------------------------
Frame ID: 3778
---------------------------------------------------------
Frame ID: 3779
---------------------------------------------------------
Frame ID: 3780
---------------------------------------------------------
Frame ID: 3781
---------------------------------------------------------
Frame ID: 3782
---------------------------------------------------------
Frame ID: 3783
---------------------------------------------------------
Frame ID: 3784
---------------------------------------------------------
Frame ID: 3785
---------------------------------------------------------
Frame ID: 3786
---------------------------------------------------------
Frame ID: 3787
---------------------------------------------------------
Frame ID: 3788
---------------------------------------------------------
Frame ID: 3789
---------------------------------------------------------
Frame ID: 3790
---------------------------------------------------------
Frame ID: 3791
---------------------------------------------------------
Frame ID: 3792
---------------------------------------------------------
Frame ID: 3793
---------------------------------------------------------
Frame ID: 3794
---------------------------------------------------------
Frame ID: 3795
---------------------------------------------------------
Frame ID: 3796
---------------------------------------------------------
Frame ID: 3797
---------------------------------------------------------
Frame ID: 3798
---------------------------------------------------------
Frame ID: 3799
---------------------------------------------------------
Frame ID: 3800
---------------------------------------------------------
Frame ID: 3801
---------------------------------------------------------
Frame ID: 3802
---------------------------------------------------------
Frame ID: 3803
---------------------------------------------------------
Frame ID: 3804
---------------------------------------------------------
Frame ID: 3805
---------------------------------------------------------
Frame ID: 3806
---------------------------------------------------------
Frame ID: 3807
---------------------------------------------------------
Frame ID: 3808
---------------------------------------------------------
Frame ID: 3809
---------------------------------------------------------
Frame ID: 3810
---------------------------------------------------------
Frame ID: 3811
---------------------------------------------------------
Frame ID: 3812
---------------------------------------------------------
Frame ID: 3813
---------------------------------------------------------
Frame ID: 3814
---------------------------------------------------------
Frame ID: 3815
---------------------------------------------------------
Frame ID: 3816
---------------------------------------------------------
Frame ID: 3817
---------------------------------------------------------
Frame ID: 3818
---------------------------------------------------------
Frame ID: 3819
---------------------------------------------------------
Frame ID: 3820
---------------------------------------------------------
Frame ID: 3821
---------------------------------------------------------
Frame ID: 3822
---------------------------------------------------------
Frame ID: 3823
---------------------------------------------------------
Frame ID: 3824
---------------------------------------------------------
Frame ID: 3825
---------------------------------------------------------
Frame ID: 3826
---------------------------------------------------------
Frame ID: 3827
---------------------------------------------------------
Frame ID: 3828
---------------------------------------------------------
Frame ID: 3829
---------------------------------------------------------
Frame ID: 3830
---------------------------------------------------------
Frame ID: 3831
---------------------------------------------------------
Frame ID: 3832
---------------------------------------------------------
Frame ID: 3833
---------------------------------------------------------
Frame ID: 3834
---------------------------------------------------------
Frame ID: 3835
---------------------------------------------------------
Frame ID: 3836
---------------------------------------------------------
Frame ID: 3837
---------------------------------------------------------
Frame ID: 3838
---------------------------------------------------------
Frame ID: 3839
---------------------------------------------------------
Frame ID: 3840
---------------------------------------------------------
Frame ID: 3841
---------------------------------------------------------
Frame ID: 3842
---------------------------------------------------------
Frame ID: 3843
---------------------------------------------------------
Frame ID: 3844
---------------------------------------------------------
Frame ID: 3845
---------------------------------------------------------
Frame ID: 3846
---------------------------------------------------------
Frame ID: 3847
---------------------------------------------------------
Frame ID: 3848
---------------------------------------------------------
Frame ID: 3849
---------------------------------------------------------
Frame ID: 3850
---------------------------------------------------------
Frame ID: 3851
---------------------------------------------------------
Frame ID: 3852
---------------------------------------------------------
Frame ID: 3853
---------------------------------------------------------
Frame ID: 3854
---------------------------------------------------------
Frame ID: 3855
---------------------------------------------------------
Frame ID: 3856
---------------------------------------------------------
Frame ID: 3857
---------------------------------------------------------
Frame ID: 3858
---------------------------------------------------------
Frame ID: 3859
---------------------------------------------------------
Frame ID: 3860
---------------------------------------------------------
Frame ID: 3861
---------------------------------------------------------
Frame ID: 3862
---------------------------------------------------------
Frame ID: 3863
---------------------------------------------------------
Frame ID: 3864
---------------------------------------------------------
Frame ID: 3865
---------------------------------------------------------
Frame ID: 3866
---------------------------------------------------------
Frame ID: 3867
---------------------------------------------------------
Frame ID: 3868
---------------------------------------------------------
Frame ID: 3869
---------------------------------------------------------
Frame ID: 3870
---------------------------------------------------------
Frame ID: 3871
---------------------------------------------------------
Frame ID: 3872
---------------------------------------------------------
Frame ID: 3873
---------------------------------------------------------
Frame ID: 3874
---------------------------------------------------------
Frame ID: 3875
---------------------------------------------------------
Frame ID: 3876
---------------------------------------------------------
Frame ID: 3877
---------------------------------------------------------
Frame ID: 3878
---------------------------------------------------------
Frame ID: 3879
virtual int g2o::SparseOptimizer::optimize(int, bool): 0 vertices to optimize, maybe forgot to call initializeOptimization()
virtual int g2o::SparseOptimizer::optimize(int, bool): 0 vertices to optimize, maybe forgot to call initializeOptimization()
virtual int g2o::SparseOptimizer::optimize(int, bool): 0 vertices to optimize, maybe forgot to call initializeOptimization()
---------------------------------------------------------
Frame ID: 3880
---------------------------------------------------------
Frame ID: 3881
---------------------------------------------------------
Frame ID: 3882
---------------------------------------------------------
Frame ID: 3883
---------------------------------------------------------
Frame ID: 3884
---------------------------------------------------------
Frame ID: 3885
---------------------------------------------------------
Frame ID: 3886
---------------------------------------------------------
Frame ID: 3887
---------------------------------------------------------
Frame ID: 3888
---------------------------------------------------------
Frame ID: 3889
---------------------------------------------------------
Frame ID: 3890
---------------------------------------------------------
Frame ID: 3891
---------------------------------------------------------
Frame ID: 3892
---------------------------------------------------------
Frame ID: 3893
---------------------------------------------------------
Frame ID: 3894
---------------------------------------------------------
Frame ID: 3895
---------------------------------------------------------
Frame ID: 3896
---------------------------------------------------------
Frame ID: 3897
---------------------------------------------------------
Frame ID: 3898
---------------------------------------------------------
Frame ID: 3899
---------------------------------------------------------
Frame ID: 3900
---------------------------------------------------------
Frame ID: 3901
---------------------------------------------------------
Frame ID: 3902
---------------------------------------------------------
Frame ID: 3903
---------------------------------------------------------
Frame ID: 3904
---------------------------------------------------------
Frame ID: 3905
---------------------------------------------------------
Frame ID: 3906
---------------------------------------------------------
Frame ID: 3907
---------------------------------------------------------
Frame ID: 3908
---------------------------------------------------------
Frame ID: 3909
---------------------------------------------------------
Frame ID: 3910
---------------------------------------------------------
Frame ID: 3911
---------------------------------------------------------
Frame ID: 3912
---------------------------------------------------------
Frame ID: 3913
---------------------------------------------------------
Frame ID: 3914
---------------------------------------------------------
Frame ID: 3915
---------------------------------------------------------
Frame ID: 3916
---------------------------------------------------------
Frame ID: 3917
---------------------------------------------------------
Frame ID: 3918
---------------------------------------------------------
Frame ID: 3919
---------------------------------------------------------
Frame ID: 3920
---------------------------------------------------------
Frame ID: 3921
---------------------------------------------------------
Frame ID: 3922
---------------------------------------------------------
Frame ID: 3923
---------------------------------------------------------
Frame ID: 3924
---------------------------------------------------------
Frame ID: 3925
---------------------------------------------------------
Frame ID: 3926
---------------------------------------------------------
Frame ID: 3927
---------------------------------------------------------
Frame ID: 3928
---------------------------------------------------------
Frame ID: 3929
---------------------------------------------------------
Frame ID: 3930
---------------------------------------------------------
Frame ID: 3931
---------------------------------------------------------
Frame ID: 3932
---------------------------------------------------------
Frame ID: 3933
---------------------------------------------------------
Frame ID: 3934
---------------------------------------------------------
Frame ID: 3935
---------------------------------------------------------
Frame ID: 3936
---------------------------------------------------------
Frame ID: 3937
---------------------------------------------------------
Frame ID: 3938
---------------------------------------------------------
Frame ID: 3939
---------------------------------------------------------
Frame ID: 3940
---------------------------------------------------------
Frame ID: 3941
---------------------------------------------------------
Frame ID: 3942
---------------------------------------------------------
Frame ID: 3943
---------------------------------------------------------
Frame ID: 3944
---------------------------------------------------------
Frame ID: 3945
---------------------------------------------------------
Frame ID: 3946
---------------------------------------------------------
Frame ID: 3947
---------------------------------------------------------
Frame ID: 3948
---------------------------------------------------------
Frame ID: 3949
---------------------------------------------------------
Frame ID: 3950
---------------------------------------------------------
Frame ID: 3951
---------------------------------------------------------
Frame ID: 3952
---------------------------------------------------------
Frame ID: 3953
---------------------------------------------------------
Frame ID: 3954
---------------------------------------------------------
Frame ID: 3955
---------------------------------------------------------
Frame ID: 3956
---------------------------------------------------------
Frame ID: 3957
---------------------------------------------------------
Frame ID: 3958
---------------------------------------------------------
Frame ID: 3959
---------------------------------------------------------
Frame ID: 3960
---------------------------------------------------------
Frame ID: 3961
---------------------------------------------------------
Frame ID: 3962
---------------------------------------------------------
Frame ID: 3963
---------------------------------------------------------
Frame ID: 3964
---------------------------------------------------------
Frame ID: 3965
---------------------------------------------------------
Frame ID: 3966
---------------------------------------------------------
Frame ID: 3967
---------------------------------------------------------
Frame ID: 3968
---------------------------------------------------------
Frame ID: 3969
---------------------------------------------------------
Frame ID: 3970
---------------------------------------------------------
Frame ID: 3971
---------------------------------------------------------
Frame ID: 3972
---------------------------------------------------------
Frame ID: 3973
---------------------------------------------------------
Frame ID: 3974
---------------------------------------------------------
Frame ID: 3975
---------------------------------------------------------
Frame ID: 3976
---------------------------------------------------------
Frame ID: 3977
---------------------------------------------------------
Frame ID: 3978
---------------------------------------------------------
Frame ID: 3979
---------------------------------------------------------
Frame ID: 3980
---------------------------------------------------------
Frame ID: 3981
---------------------------------------------------------
Frame ID: 3982
Shutdown
/home/panoptic_slam/.venv/lib/python3.8/site-packages/torch/functional.py:504: UserWarning: torch.meshgrid: in an upcoming release, it will be required to pass the indexing argument. (Triggered internally at ../aten/src/ATen/native/TensorShape.cpp:3190.)
  return _VF.meshgrid(tensors, **kwargs)  # type: ignore[attr-defined]
/home/panoptic_slam/.venv/lib/python3.8/site-packages/numpy/core/getlimits.py:500: UserWarning: The value of the smallest subnormal for <class 'numpy.float64'> type is zero.
  setattr(self, word, getattr(machar, word).flat[0])
/home/panoptic_slam/.venv/lib/python3.8/site-packages/numpy/core/getlimits.py:89: UserWarning: The value of the smallest subnormal for <class 'numpy.float64'> type is zero.
  return self._float_to_str(self.smallest_subnormal)
-------

median tracking time: 0.441437
mean tracking time: 0.443624

Saving camera trajectory to ./Output/CameraTrajectory.txt ...

Saving keyframe trajectory to ./Output/KeyFrameTrajectory.txt ...

====================
Exit code: 139
====================
