1341846434.710184 0.000000000 0.000000000 0.000000000 0.000000000 0.000000000 0.000000000 1.000000000
1341846434.746225 0.003630451 -0.003072055 -0.007906572 0.002881604 0.001778176 0.002775959 0.999990404
1341846434.778203 0.014232323 -0.003151325 -0.016696105 0.004697721 0.002498487 0.004155736 0.999977171
1341846434.810024 0.018091004 -0.000030875 -0.018045740 0.004966279 0.004210644 0.002398171 0.999975920
1341846434.846345 0.023704404 -0.004487904 -0.019330306 0.002708022 0.003469998 -0.000720663 0.999990046
1341846434.878202 0.031325661 -0.007228347 -0.028856473 0.001608595 0.000784211 -0.007907470 0.999967098
1341846434.914148 0.027175318 0.014434370 -0.034387153 0.004529847 -0.003963029 -0.019395256 0.999793768
1341846434.946443 0.044592939 -0.016571451 -0.048680097 -0.001795086 -0.021379113 -0.028188629 0.999372363
1341846434.978088 0.052752662 -0.028953407 -0.048378475 -0.002813664 -0.028016623 -0.029066427 0.999180794
1341846435.014019 0.062853411 -0.029245766 -0.043658353 -0.001133131 -0.034243293 -0.028788760 0.998998165
1341846435.045942 0.070980452 -0.029052509 -0.040863127 0.000634775 -0.036764409 -0.028886126 0.998906195
1341846435.077985 0.094126366 -0.032547336 -0.042362072 0.002664217 -0.037066277 -0.028363310 0.998906672
1341846435.113961 0.098932132 -0.025013192 -0.048888635 0.007620337 -0.035890605 -0.029058168 0.998904109
1341846435.146181 0.090822950 -0.034783661 -0.058546156 0.009450486 -0.035128001 -0.029510420 0.998902321
1341846435.182052 0.103763431 -0.045062032 -0.051000424 0.010309187 -0.040404230 -0.025065176 0.998815775
1341846435.213955 0.119864978 -0.047492865 -0.058088850 0.012500854 -0.047366384 -0.019401189 0.998610914
1341846435.246495 0.121020041 -0.052155446 -0.059476968 0.015417807 -0.052694835 -0.013946603 0.998394191
1341846435.281968 0.126701146 -0.034425855 -0.054441430 0.018585932 -0.061045870 -0.014253307 0.997860134
1341846435.319946 0.151498616 -0.040109903 -0.043935917 0.016397024 -0.072598197 -0.013029735 0.997141361
1341846435.382078 0.168099359 -0.056899093 -0.051145911 0.011286347 -0.081799112 -0.009362173 0.996540964
1341846435.414309 0.176075011 -0.063176610 -0.051920399 0.013818301 -0.085015029 -0.006168095 0.996264756
1341846435.450323 0.185417116 -0.052114204 -0.044456407 0.017539609 -0.090514302 -0.006440676 0.995719850
1341846435.482273 0.203669742 -0.056802429 -0.047631878 0.017594047 -0.092234589 -0.007253235 0.995555460
1341846435.513983 0.218992561 -0.057961922 -0.072434455 0.017840812 -0.090469226 -0.009238089 0.995696604
1341846435.550153 0.222817108 -0.054650553 -0.067875355 0.016004698 -0.089111447 -0.011380134 0.995828032
1341846435.582003 0.228893429 -0.064232193 -0.049357302 0.013929785 -0.092340685 -0.012898070 0.995546460
1341846435.618180 0.230141163 -0.060529485 -0.042821791 0.018098101 -0.098245651 -0.012972990 0.994913042
1341846435.650183 0.254389584 -0.066499576 -0.043937158 0.020463804 -0.106756620 -0.015170189 0.993958831
1341846435.681920 0.273893416 -0.068590209 -0.047875252 0.022669228 -0.108193479 -0.015536664 0.993749917
1341846435.717877 0.273940831 -0.059625600 -0.053697180 0.024646038 -0.108123772 -0.015942082 0.993704021
1341846435.750187 0.281045943 -0.066979967 -0.052535433 0.023546463 -0.110506743 -0.017632797 0.993439972
1341846435.782022 0.295578539 -0.062545158 -0.054849830 0.025631346 -0.115180835 -0.018115643 0.992848516
1341846435.818082 0.320246607 -0.065011241 -0.054228880 0.025667449 -0.119509317 -0.018427052 0.992330134
1341846435.849992 0.323131710 -0.070024274 -0.054909486 0.026387492 -0.121664315 -0.018444609 0.992049038
1341846435.886101 0.333050877 -0.065439515 -0.055897273 0.027528288 -0.125983298 -0.019031843 0.991467714
1341846435.918077 0.346421450 -0.066104151 -0.054934293 0.027270090 -0.129842952 -0.017782757 0.990999937
1341846435.950077 0.354300946 -0.071834370 -0.051926807 0.026303502 -0.133360893 -0.015596545 0.990595639
1341846435.986080 0.363713145 -0.080759510 -0.061009701 0.027317911 -0.137636393 -0.014341542 0.990002155
1341846436.018119 0.378484607 -0.076620288 -0.064174443 0.028690698 -0.143853724 -0.012415310 0.989105046
1341846436.050565 0.394721717 -0.070619978 -0.059547011 0.028421277 -0.149144500 -0.009892410 0.988357365
1341846436.085970 0.398047328 -0.074986674 -0.059381302 0.026100356 -0.152514741 -0.006947132 0.987932086
1341846436.118116 0.411558986 -0.075850427 -0.054490078 0.024803314 -0.157683283 -0.006277151 0.987158239
1341846436.153952 0.437203676 -0.075052060 -0.034669962 0.025096055 -0.161981970 -0.003407985 0.986468613
1341846436.185994 0.430959910 -0.082527161 -0.054306056 0.025771385 -0.161515191 -0.003302660 0.986528158
1341846436.218096 0.471413493 -0.073246717 -0.007937092 0.027361875 -0.169191897 0.003035818 0.985198557
1341846436.253965 0.406243414 -0.082371868 -0.051871479 0.023989681 -0.156764716 -0.003655965 0.987337828
1341846436.286007 0.406357378 -0.098141946 -0.057626259 0.019284440 -0.155505821 -0.004415489 0.987636864
1341846436.318164 0.404467314 -0.103333682 -0.042278092 0.019681809 -0.157400563 -0.004446084 0.987328649
1341846436.354084 0.414090961 -0.092576221 -0.054065529 0.020543648 -0.159677714 -0.005509890 0.986940026
1341846436.385958 0.483007938 -0.080110490 -0.039500132 0.022540122 -0.172042400 -0.002157619 0.984829247
1341846436.422052 0.482536137 -0.087763235 -0.032008413 0.022398394 -0.174373433 -0.000905640 0.984424412
1341846436.453972 0.484253198 -0.089572176 -0.034935392 0.023561765 -0.178577989 -0.002213694 0.983641088
1341846436.485966 0.502157569 -0.082891546 -0.028413735 0.024774799 -0.182015166 0.000211481 0.982983530
1341846436.522075 0.521541417 -0.079776406 0.012881730 0.022488441 -0.188333452 0.002427427 0.981844604
1341846436.553975 0.490848750 -0.085386135 -0.016084401 0.021278989 -0.188808247 -0.002093611 0.981781185
1341846436.590103 0.503909528 -0.081691593 -0.011060582 0.021166775 -0.196957558 -0.001824556 0.980181813
1341846436.622042 0.512137532 -0.081901535 -0.020061480 0.018611036 -0.201423064 -0.005115031 0.979314148
1341846436.654125 0.519248009 -0.094587922 -0.003958080 0.016006123 -0.205089420 -0.007590916 0.978582919
1341846436.690078 0.512191713 -0.085039429 0.024850287 0.018010790 -0.210485607 -0.007931095 0.977398813
1341846436.722015 0.524026871 -0.082664758 0.016429236 0.017665032 -0.218024254 -0.009289883 0.975739181
1341846436.754167 0.530791283 -0.092526175 0.024984160 0.016037485 -0.224512696 -0.012202896 0.974262714
1341846436.790021 0.530644834 -0.104874343 0.035585895 0.018090833 -0.232273400 -0.008485130 0.972445250
1341846436.822079 0.549996138 -0.078799792 0.044552673 0.022329513 -0.241416126 -0.012408179 0.970085382
1341846436.858129 0.564522922 -0.072378576 0.040785078 0.019506423 -0.245549440 -0.013867108 0.969088614
1341846436.889894 0.568087101 -0.082707927 0.076552600 0.015573348 -0.248774871 -0.010076647 0.968383729
1341846436.922139 0.568000495 -0.085220851 0.081146426 0.016468192 -0.253139555 -0.005603311 0.967273355
1341846436.958108 0.580278695 -0.073725171 0.081755087 0.016827855 -0.258103997 -0.002232169 0.965968013
1341846436.990096 0.599028349 -0.079575725 0.083508708 0.014318384 -0.263068467 -0.000372634 0.964670837
1341846437.058136 0.626118541 -0.086989515 0.088789456 0.011228670 -0.272386014 0.003669459 0.962115586
1341846437.096585 0.628134668 -0.085460924 0.089183897 0.009709059 -0.276024342 0.004917320 0.961089015
1341846437.126102 0.630134225 -0.079183236 0.069789581 0.007711659 -0.278420389 0.003213355 0.960422993
1341846437.158050 0.644884586 -0.070427924 0.071161680 0.003339652 -0.280783772 0.002983230 0.959760606
1341846437.226114 0.660682380 -0.049424876 0.093955800 -0.008728141 -0.288240492 0.002382317 0.957515299
1341846437.258123 0.668336868 -0.076041058 0.095109999 -0.024685126 -0.290022612 0.002815746 0.956697226
1341846437.290095 0.666426361 -0.068558156 0.103043415 -0.029118666 -0.293289870 0.004326978 0.955570221
1341846437.326061 0.678980350 -0.071282029 0.104088590 -0.036622051 -0.298026711 0.006806863 0.953830481
1341846437.364153 0.690597415 -0.081947334 0.108195692 -0.042918596 -0.303301185 0.004515800 0.951916993
1341846437.396140 0.690397263 -0.076894931 0.125828803 -0.045908749 -0.308087647 0.003845919 0.950241864
1341846437.431962 0.682146847 -0.064051472 0.116158471 -0.048274774 -0.311992794 0.002560727 0.948853731
1341846437.464061 0.705992937 -0.062406451 0.119121067 -0.053588796 -0.319289058 -0.001039330 0.946140409
1341846437.500080 0.711081207 -0.077589773 0.144810930 -0.060825001 -0.322292566 0.000661101 0.944683731
1341846437.536428 0.707291663 -0.094270892 0.154757559 -0.063322015 -0.326007545 0.001148091 0.943243384
1341846437.568842 0.678619683 -0.072969854 0.152050138 -0.053693186 -0.325831592 -0.003017178 0.943897069
1341846437.600736 0.659245849 -0.065116897 0.170847595 -0.045089874 -0.328568816 -0.011416814 0.943334043
1341846437.632742 0.740093470 -0.085380562 0.177689537 -0.050669976 -0.334410727 0.003010873 0.941059470
1341846437.669713 0.747612059 -0.085663244 0.180923462 -0.048778649 -0.334589899 0.001800334 0.941098809
1341846437.700232 0.755243301 -0.079992108 0.198746964 -0.046672773 -0.334108323 -0.001664461 0.941376925
1341846437.739652 0.765567720 -0.068519562 0.236733407 -0.043690767 -0.329255432 -0.006345342 0.943208218
1341846437.795294 0.790756404 -0.088947728 0.220358461 -0.042597938 -0.317755461 -0.016667988 0.947068691
1341846437.830422 0.780056596 -0.094509959 0.205661863 -0.039154831 -0.313952029 -0.016850041 0.948481441
1341846437.863213 0.753024817 -0.083266228 0.219620779 -0.034841832 -0.311231345 -0.018117251 0.949522436
1341846437.930096 0.785269260 -0.091239683 0.212511063 -0.035991963 -0.304451644 -0.012189422 0.951769471
1341846437.961942 0.797033846 -0.097033590 0.222707778 -0.038068015 -0.307271361 -0.006558035 0.950837612
1341846437.994103 0.809468448 -0.092533216 0.208465353 -0.037769150 -0.309320122 -0.005767485 0.950190127
1341846438.030032 0.836801887 -0.074908428 0.207276314 -0.041791495 -0.309638917 -0.004972566 0.949922323
1341846438.068074 0.830186009 -0.099660337 0.235016853 -0.049838133 -0.311106086 -0.003377285 0.949061513
1341846438.130017 0.841050267 -0.107944906 0.249054685 -0.042668331 -0.316148013 -0.002450282 0.947746754
1341846438.164374 0.843500376 -0.091673270 0.255767167 -0.040019304 -0.315764546 -0.004524555 0.947982490
1341846438.198015 0.813309371 -0.097767331 0.255806953 -0.042212948 -0.310899138 -0.008417447 0.949467719
1341846438.229906 0.806123853 -0.107121155 0.261217713 -0.041464671 -0.310623169 -0.008459450 0.949590623
1341846438.262251 0.798480988 -0.086426392 0.304915935 -0.037945472 -0.310781062 -0.009316595 0.949678123
1341846438.298333 0.803005457 -0.083131470 0.325713247 -0.038549319 -0.305301487 -0.011142937 0.951409876
1341846438.329987 0.782763362 -0.093318425 0.310668051 -0.036984716 -0.296078950 -0.014793989 0.954332530
1341846438.366126 0.772877157 -0.071918845 0.313701868 -0.035136417 -0.292309016 -0.013181173 0.955587327
1341846438.398154 0.793415010 -0.083372593 0.282722384 -0.040935181 -0.286356330 -0.013635431 0.957151175
1341846438.430136 0.764665246 -0.084615305 0.310076475 -0.041937761 -0.276925147 -0.017052170 0.959824443
1341846438.465965 0.766537666 -0.099829927 0.266752124 -0.042219624 -0.270268172 -0.012351637 0.961779594
1341846438.530106 0.749965847 -0.088398509 0.264452934 -0.045066815 -0.264815450 -0.007010466 0.963219881
1341846438.566686 0.735845864 -0.097931877 0.266395390 -0.046681043 -0.262877405 -0.004222386 0.963690042
1341846438.598145 0.725268066 -0.091260307 0.270722985 -0.044391565 -0.263906866 -0.000839621 0.963525712
1341846438.634113 0.727782011 -0.077877961 0.270979077 -0.043020811 -0.262458056 0.000320770 0.963983834
1341846438.665920 0.723050833 -0.070104472 0.278955549 -0.046497356 -0.252871156 0.000624929 0.966381788
1341846438.697986 0.710620522 -0.081205629 0.298441291 -0.047745027 -0.245061621 0.000322554 0.968331099
1341846438.734146 0.710968196 -0.080738977 0.296282709 -0.043901138 -0.237612516 0.006278135 0.970347106
1341846438.766996 0.698392093 -0.056032963 0.279009998 -0.043093607 -0.225844741 0.008197920 0.973175108
1341846438.801972 0.689519882 -0.061749756 0.268182218 -0.048684902 -0.213616475 0.007051297 0.975678265
1341846438.834118 0.672680736 -0.064307697 0.285054386 -0.050950605 -0.206910804 0.007772856 0.977001309
1341846438.865936 0.666675687 -0.078984678 0.294732749 -0.050578929 -0.202301010 0.012198617 0.977940321
1341846438.902045 0.652419925 -0.063005187 0.284680486 -0.044028070 -0.195900440 0.012422644 0.979556143
1341846438.934115 0.639240324 -0.058516316 0.278844684 -0.044366747 -0.190165311 0.008235618 0.980714500
1341846438.966314 0.626171589 -0.061899368 0.285581619 -0.045465451 -0.185125545 0.002613515 0.981659114
1341846439.001871 0.621211231 -0.065373473 0.290867835 -0.044682603 -0.179830730 0.001654795 0.982680857
1341846439.034612 0.606119275 -0.068379313 0.281134248 -0.042861618 -0.171534181 0.000056351 0.984245300
1341846439.070117 0.602997065 -0.070965655 0.288687885 -0.040676787 -0.166493848 0.001099997 0.985202491
1341846439.101969 0.600149512 -0.074445337 0.289718240 -0.037359782 -0.158319220 0.002098521 0.986678660
1341846439.134146 0.573014200 -0.072007671 0.281837285 -0.031729002 -0.148113206 0.001427110 0.988460243
1341846439.170111 0.564137340 -0.075819679 0.278831899 -0.027452547 -0.140241504 0.003613231 0.989730060
1341846439.202174 0.542542338 -0.068386540 0.271279275 -0.023176087 -0.130849794 0.002171834 0.991128862
1341846439.234198 0.534028709 -0.067819811 0.276418179 -0.021967871 -0.124018371 0.001827436 0.992035031
1341846439.269869 0.522058845 -0.074700125 0.274385124 -0.019863952 -0.114559762 0.003152933 0.993212759
1341846439.302022 0.495361179 -0.074950278 0.268041819 -0.014029159 -0.105022259 0.002576136 0.994367540
1341846439.338209 0.478834599 -0.062351629 0.261535287 -0.009983415 -0.098850019 0.000414439 0.995052159
1341846439.369920 0.467797130 -0.068046160 0.257502466 -0.010934508 -0.092771746 -0.002637318 0.995623827
1341846439.402179 0.441256583 -0.083448276 0.257498920 -0.008255211 -0.085370786 -0.004858372 0.996303201
1341846439.437979 0.425632894 -0.075746909 0.255600005 -0.002363079 -0.082677633 -0.003505170 0.996567369
1341846439.470001 0.416121691 -0.068136834 0.249949798 0.000432594 -0.078642607 -0.002201016 0.996900320
1341846439.502101 0.398587048 -0.074705929 0.248238564 0.001159170 -0.072844744 -0.004722551 0.997331440
1341846439.538102 0.398655534 -0.082908668 0.245175242 0.003601113 -0.072296701 -0.006547407 0.997355163
1341846439.570087 0.383782148 -0.076753467 0.242476299 0.008422268 -0.070593737 -0.006305674 0.997449636
1341846439.605986 0.382007927 -0.075524576 0.254680395 0.010364374 -0.069423907 -0.005797175 0.997516572
1341846439.638201 0.363924563 -0.072716445 0.249480292 0.012246004 -0.063705228 -0.005242249 0.997879863
1341846439.670177 0.350662380 -0.074878588 0.248039648 0.013390333 -0.060067564 -0.005432929 0.998089671
1341846439.706034 0.337065399 -0.074301831 0.245066047 0.014534092 -0.056483530 -0.005694168 0.998281479
1341846439.737939 0.329371095 -0.078375429 0.248094663 0.015851935 -0.053565580 -0.004029796 0.998430371
1341846439.774173 0.323136806 -0.074140921 0.253765106 0.018195158 -0.047453556 -0.003228133 0.998702466
1341846439.806288 0.307133228 -0.070315860 0.248185262 0.019696578 -0.039739892 -0.002294096 0.999013245
1341846439.846398 0.299579442 -0.066191234 0.241389364 0.018845862 -0.033950951 -0.003067941 0.999241054
1341846439.906194 0.273495317 -0.076999336 0.247039452 0.015974585 -0.015854768 -0.008090499 0.999713898
1341846439.938149 0.250399739 -0.072642095 0.246035710 0.018363116 -0.008040469 -0.007481923 0.999771059
1341846439.974174 0.267644346 -0.064639598 0.221151397 0.016056702 -0.005098924 -0.006413380 0.999837518
1341846440.006174 0.250909060 -0.068253517 0.229963452 0.009064554 0.005562730 -0.008732216 0.999905348
1341846440.042214 0.214488089 -0.077827565 0.248694748 0.005913387 0.016176086 -0.008043598 0.999819338
1341846440.073971 0.210041776 -0.075483494 0.248845294 0.008049238 0.020205738 -0.003303553 0.999758005
1341846440.106449 0.203996673 -0.071107253 0.238860473 0.007000627 0.028227556 -0.002485823 0.999573946
1341846440.142076 0.172307834 -0.079772092 0.250746727 0.006062133 0.037783403 -0.004289725 0.999258339
1341846440.173898 0.159372285 -0.082902692 0.253377944 0.009759753 0.042459004 0.001088085 0.999049962
1341846440.206048 0.136394531 -0.067261018 0.252851278 0.012958934 0.048460830 0.004863581 0.998729169
1341846440.242218 0.117401138 -0.077029429 0.254076540 0.012564806 0.051453587 0.005947118 0.998578668
1341846440.274220 0.108469121 -0.079801537 0.258236498 0.017326014 0.052608103 0.004351357 0.998455465
1341846440.310040 0.103978351 -0.068090215 0.250794202 0.021329785 0.057051416 0.006226727 0.998123944
1341846440.341908 0.088785842 -0.064463265 0.256267488 0.021746807 0.063335396 0.007426298 0.997727692
1341846440.374065 0.073244683 -0.073457338 0.257545680 0.022402335 0.067949980 0.008193812 0.997403562
1341846440.410065 0.061441567 -0.071972959 0.260892808 0.025326360 0.071762703 0.006452873 0.997079253
1341846440.442063 0.052209880 -0.071609810 0.258194476 0.027580639 0.077511512 0.004397784 0.996600151
1341846440.474055 0.029246613 -0.067922026 0.260962397 0.029365038 0.083308280 0.000633376 0.996090889
1341846440.510034 0.019608798 -0.066822879 0.261654615 0.029902400 0.085533656 -0.001168679 0.995885789
1341846440.542081 0.003230339 -0.057703439 0.247237235 0.029352920 0.091255970 -0.003635831 0.995388091
1341846440.578060 -0.013366766 -0.064465865 0.258639842 0.026636187 0.097118087 -0.007209304 0.994890213
1341846440.610154 -0.029418921 -0.071509421 0.258175075 0.026688615 0.102750383 -0.009356691 0.994305015
1341846440.642042 -0.051661395 -0.063889675 0.255577058 0.027958881 0.107191548 -0.008820335 0.993806064
1341846440.678071 -0.065180674 -0.061209254 0.253562003 0.026513424 0.109385327 -0.007544127 0.993617117
1341846440.710213 -0.074898653 -0.057226017 0.253949881 0.024274830 0.114057422 -0.007199483 0.993151426
1341846440.742033 -0.094841346 -0.054211818 0.255706698 0.021431232 0.120578147 -0.007254781 0.992445946
1341846440.778145 -0.112634018 -0.058795799 0.257734656 0.018095832 0.124183722 -0.005471135 0.992079139
1341846440.810360 -0.126250222 -0.060173135 0.257481486 0.016272033 0.127476975 -0.004902233 0.991695881
1341846440.846329 -0.133825362 -0.068234064 0.260598719 0.015182421 0.132578880 -0.003902329 0.991048455
1341846440.878141 -0.167619333 -0.065272763 0.262012869 0.017812349 0.138491139 -0.002893242 0.990199268
1341846440.920960 -0.180810288 -0.052248180 0.256623805 0.017935412 0.139185041 0.000760428 0.990103662
1341846440.952308 -0.189464986 -0.053010546 0.259048343 0.012249424 0.141744688 0.002842466 0.989823341
1341846440.986714 -0.213507354 -0.055089947 0.278622597 0.010313618 0.147540748 0.002769402 0.988998294
1341846441.052118 -0.249370083 -0.060950913 0.279781193 0.015941221 0.143827036 0.012540557 0.989394963
1341846441.114116 -0.272737414 -0.050906092 0.279491752 0.018801900 0.148827121 0.013469729 0.988592744
1341846441.146132 -0.294627309 -0.051688686 0.279353350 0.018513517 0.148145169 0.013674756 0.988697767
1341846441.178054 -0.279092282 -0.046473183 0.272836506 0.017642708 0.145413309 0.014929665 0.989100993
1341846441.214136 -0.284144163 -0.049401894 0.272547454 0.015283123 0.151547790 0.011907727 0.988260031
1341846441.246039 -0.307057440 -0.064812377 0.274901837 0.014423323 0.157346457 0.009910751 0.987388372
1341846441.282130 -0.314962924 -0.057643987 0.269542933 0.016663246 0.159237936 0.009767296 0.987051249
1341846441.314084 -0.320023984 -0.051378425 0.260597795 0.015951006 0.163534284 0.006786163 0.986385345
1341846441.346088 -0.341708362 -0.063740030 0.272938251 0.013639324 0.170171782 0.004025971 0.985311806
1341846441.382129 -0.356191933 -0.070674419 0.270774484 0.015573969 0.172052860 0.003297025 0.984959066
1341846441.414517 -0.368691206 -0.068159662 0.271508723 0.017861631 0.171983689 0.002584601 0.984934449
1341846441.445996 -0.371949255 -0.065581188 0.268126845 0.018353596 0.172013208 0.002090391 0.984921455
1341846441.482023 -0.387927711 -0.064316027 0.272361279 0.017109709 0.175156698 0.000108666 0.984391868
1341846441.514114 -0.411338359 -0.074432753 0.282475591 0.016349440 0.175256729 -0.000322123 0.984386981
1341846441.582260 -0.425244361 -0.065760456 0.278150141 0.020322856 0.172590002 0.003244847 0.984778702
1341846441.614425 -0.438901275 -0.076178245 0.280902237 0.018497251 0.175766438 0.001488839 0.984256983
1341846441.650563 -0.456294596 -0.089566603 0.281254798 0.020473596 0.176270455 0.001794411 0.984127223
1341846441.681977 -0.460281879 -0.073690422 0.278021812 0.025039358 0.176257983 0.004048537 0.984017134
1341846441.714170 -0.467621356 -0.061737679 0.270731896 0.022756234 0.180596918 0.002330601 0.983291149
1341846441.750023 -0.484553576 -0.066529311 0.279243559 0.017713455 0.185631514 0.001785290 0.982458115
1341846441.781910 -0.498396516 -0.071411610 0.281229615 0.014288442 0.188340247 0.004022381 0.981991649
1341846441.818076 -0.504671812 -0.068479024 0.288268358 0.011770737 0.190700114 0.003365583 0.981571972
1341846441.850011 -0.512721419 -0.067673430 0.290814638 0.008424157 0.194060147 0.002346682 0.980950654
1341846441.882149 -0.532310545 -0.065143384 0.300988942 0.004645028 0.198045537 0.002279314 0.980179191
1341846441.918074 -0.541756272 -0.063194543 0.305526733 -0.000154062 0.198770091 0.001946462 0.980044186
1341846441.950113 -0.554376245 -0.067421287 0.315231651 -0.005780031 0.201268479 0.001765937 0.979517460
1341846441.986157 -0.572880924 -0.075654007 0.329628974 -0.010300116 0.203199431 0.003096364 0.979078293
1341846442.018070 -0.578558743 -0.078890271 0.340443522 -0.011486977 0.202210769 0.008291226 0.979239583
1341846442.050044 -0.583826244 -0.078456171 0.341867805 -0.012952722 0.203587681 0.011380970 0.978904903
1341846442.086050 -0.597040951 -0.077850439 0.346588850 -0.015784720 0.207775146 0.014515985 0.977941513
1341846442.118273 -0.616782248 -0.097014681 0.365255803 -0.020660074 0.211575225 0.015297061 0.977023602
1341846442.150914 -0.619126678 -0.101608127 0.367007941 -0.017082909 0.210154712 0.017776316 0.977357209
1341846442.186309 -0.633869350 -0.105006598 0.373138756 -0.014275421 0.214023590 0.017816026 0.976561666
1341846442.254276 -0.647544742 -0.107851624 0.373081446 -0.013520328 0.220376924 0.016470958 0.975181997
1341846442.286112 -0.645351231 -0.099505834 0.342139810 -0.016712332 0.225160673 0.014291802 0.974073470
1341846442.318240 -0.659169316 -0.100531466 0.341184586 -0.023008922 0.236887619 0.017094132 0.971114099
1341846442.359932 -0.689427614 -0.117420301 0.376862615 -0.031311989 0.250097305 0.017056331 0.967563927
1341846442.417971 -0.678082407 -0.107525155 0.408097923 -0.038034368 0.263278306 0.015368760 0.963847339
1341846442.455016 -0.675190926 -0.102921925 0.404819161 -0.039542925 0.266834825 0.020316156 0.962716341
1341846442.486191 -0.670352638 -0.103102118 0.407875240 -0.040242668 0.268995762 0.025910385 0.961951375
1341846442.522074 -0.682667553 -0.105516158 0.406582177 -0.043605935 0.281098843 0.030855196 0.958190978
1341846442.553917 -0.675664306 -0.120179079 0.416629583 -0.053976592 0.290697545 0.040601380 0.954428077
1341846442.585989 -0.717810810 -0.108777940 0.432560772 -0.056305859 0.305825680 0.029910179 0.949950337
1341846442.627895 -0.748429537 -0.114621475 0.480606735 -0.061509650 0.323952228 0.030479616 0.943579614
1341846442.686166 -0.777303934 -0.095500544 0.498717517 -0.053712904 0.347807288 0.025032669 0.935691357
1341846442.721990 -0.794279158 -0.121105671 0.510696769 -0.056019925 0.357522547 0.021920005 0.931965053
1341846442.754276 -0.771937966 -0.122746214 0.491544217 -0.054072674 0.355304152 0.022679392 0.932909846
1341846442.790054 -0.779142261 -0.122201294 0.485272348 -0.053338561 0.357237935 0.022947764 0.932206750
1341846442.822072 -0.771645248 -0.126276106 0.484133303 -0.057624530 0.357671082 0.021646041 0.931816638
1341846442.854093 -0.774722159 -0.128659323 0.482895076 -0.057902809 0.358770519 0.028594222 0.931189239
1341846442.889944 -0.812980652 -0.116256125 0.542048097 -0.054827776 0.366694510 0.020902617 0.928489149
1341846442.922114 -0.837242484 -0.107978225 0.564582109 -0.054844994 0.373193800 0.017515054 0.925965250
1341846442.954040 -0.813987017 -0.120680235 0.558137119 -0.056061354 0.373366237 0.024553100 0.925662935
1341846442.989997 -0.829384148 -0.121114954 0.577161491 -0.050736479 0.374608636 0.028110107 0.925366938
1341846443.022264 -0.905830383 -0.108731836 0.641960323 -0.048483863 0.384131819 0.025033833 0.921664417
1341846443.058071 -0.834181607 -0.125665218 0.591866612 -0.050135203 0.370143473 0.031881191 0.927072704
1341846443.090123 -0.847504437 -0.127221555 0.611780882 -0.048631251 0.376262486 0.032894675 0.924650967
1341846443.122143 -0.864954889 -0.128336206 0.617403865 -0.045254283 0.374474525 0.040363997 0.925252199
1341846443.158076 -0.855796337 -0.123262316 0.626413405 -0.043058902 0.371304899 0.042782180 0.926524878
1341846443.190201 -0.863584757 -0.123828955 0.632297158 -0.041378595 0.374041766 0.043752119 0.925454617
1341846443.226121 -0.879539609 -0.114971817 0.644480824 -0.039382845 0.374939889 0.046978399 0.925020039
1341846443.257975 -0.880929589 -0.122207485 0.652389646 -0.040704679 0.372584045 0.047764219 0.925874054
1341846443.289997 -0.880175412 -0.123267248 0.658620715 -0.039278947 0.373088479 0.049555231 0.925638378
1341846443.326118 -0.887946784 -0.127571434 0.663254261 -0.038701020 0.374936402 0.049828652 0.924901068
1341846443.358067 -0.898817301 -0.129381835 0.677583456 -0.038009647 0.376728505 0.049385644 0.924225092
1341846443.390137 -0.893091619 -0.115702406 0.674840868 -0.034469191 0.375961065 0.051814958 0.924543321
1341846443.426198 -0.898671687 -0.117892809 0.672645211 -0.037787858 0.380218357 0.050737020 0.922730625
1341846443.458405 -0.909680128 -0.117220432 0.692376077 -0.038986590 0.385546833 0.052000377 0.920396447
1341846443.494173 -0.915720165 -0.119046263 0.700229168 -0.038441252 0.388875484 0.051660128 0.919037163
1341846443.558139 -0.929754078 -0.102206700 0.691338420 -0.044129502 0.399307460 0.053143900 0.914211035
1341846443.594027 -0.932863653 -0.107100464 0.723070621 -0.049137555 0.406781703 0.056223176 0.910468638
1341846443.626290 -0.935404360 -0.101203576 0.703841448 -0.050349362 0.411155432 0.061841384 0.908070385
1341846443.658166 -0.933583677 -0.089685500 0.698701382 -0.055197336 0.416657001 0.064980000 0.905056775
1341846443.694065 -0.945800066 -0.100295193 0.745982468 -0.062181231 0.428179979 0.062903084 0.899354577
1341846443.726282 -0.958263338 -0.099637389 0.764406919 -0.062860087 0.434147388 0.064146616 0.896353662
1341846443.770837 -0.967448354 -0.097622685 0.777385950 -0.062388968 0.437121034 0.067043945 0.894727826
1341846443.800403 -0.982805908 -0.087003283 0.783166528 -0.063000940 0.438181549 0.067018740 0.894167960
1341846443.831984 -0.986529112 -0.078427896 0.801449895 -0.068607219 0.437604010 0.067237027 0.894021809
1341846443.868057 -0.981488228 -0.086530760 0.821331203 -0.074763201 0.437729239 0.067061707 0.893479884
1341846443.900439 -1.000691295 -0.095696926 0.826266766 -0.076579534 0.436877489 0.066567644 0.893779814
1341846443.932086 -1.003429174 -0.095724866 0.845878482 -0.076067843 0.435145795 0.069479734 0.894446433
1341846443.993912 -1.007840872 -0.088462569 0.847554326 -0.071551658 0.434033811 0.067935526 0.895477414
1341846444.029924 -1.026312947 -0.085632622 0.868872285 -0.074848339 0.437603414 0.066481993 0.893577754
1341846444.061948 -1.026627183 -0.082985811 0.879961789 -0.077542417 0.435996950 0.066260047 0.894149542
1341846444.093984 -1.031436801 -0.087833770 0.883760512 -0.081015952 0.436150253 0.064407401 0.893902123
1341846444.129916 -1.029625773 -0.089421533 0.889647543 -0.082475886 0.435756862 0.064473644 0.893955708
1341846444.162326 -1.031217098 -0.095857501 0.892881870 -0.084580585 0.437200636 0.063952260 0.893091142
1341846444.198431 -1.041880131 -0.078433007 0.901231647 -0.083904848 0.437834829 0.065562360 0.892727375
1341846444.229953 -1.043067098 -0.083246700 0.909724414 -0.088626504 0.435442030 0.068327196 0.893234015
1341846444.261919 -1.040062428 -0.086408280 0.922160745 -0.087461844 0.433629185 0.071779586 0.893959641
1341846444.298029 -1.041725516 -0.077049978 0.911342800 -0.085559264 0.429680586 0.074353285 0.895838022
1341846444.335959 -1.041201234 -0.077784456 0.915983915 -0.093721241 0.425315648 0.073743410 0.897153735
1341846444.398189 -1.048022032 -0.082406610 0.924116552 -0.092372008 0.418619961 0.075887911 0.900258720
1341846444.429979 -1.044766545 -0.081897981 0.911760807 -0.093782805 0.413274437 0.076404437 0.902536035
1341846444.466022 -1.042212844 -0.083353490 0.919975042 -0.096729524 0.412091225 0.074235260 0.902947009
1341846444.498181 -1.040972829 -0.076695822 0.925022185 -0.094414987 0.409191042 0.075409338 0.904412448
1341846444.530364 -1.043788314 -0.085630082 0.912242532 -0.095117748 0.402200311 0.076286040 0.907396257
1341846444.566040 -1.038392305 -0.084646456 0.905571818 -0.095684260 0.398866475 0.073260993 0.909056067
1341846444.598132 -1.035248637 -0.082093939 0.900916040 -0.095024124 0.396159023 0.071366794 0.910458803
1341846444.630024 -1.036041975 -0.085736439 0.899433792 -0.094313651 0.392558724 0.070874639 0.912129045
1341846444.666108 -1.027181268 -0.091567144 0.879193544 -0.092531465 0.387822360 0.071372278 0.914296269
1341846444.697995 -1.023736715 -0.095818557 0.867190421 -0.090909444 0.388935477 0.069568224 0.914125204
1341846444.734205 -1.023545384 -0.101692274 0.861211479 -0.089034937 0.389288574 0.068815909 0.914216340
1341846444.766262 -1.014210820 -0.107126527 0.842022359 -0.084084645 0.386745900 0.069929399 0.915678561
1341846444.798037 -1.008839250 -0.102214850 0.823684692 -0.079620175 0.386202991 0.071175352 0.916210651
1341846444.833972 -1.003055811 -0.102628902 0.816684484 -0.079551406 0.385804147 0.069744527 0.916494608
1341846444.866116 -0.997644722 -0.106281333 0.806804419 -0.078720003 0.383752584 0.068912558 0.917490125
1341846444.898025 -0.989257038 -0.106135078 0.788327157 -0.076158211 0.380180478 0.070407286 0.919078648
1341846444.934155 -0.984850466 -0.097167961 0.770081699 -0.075168319 0.376995087 0.071831517 0.920361161
1341846444.972057 -0.973436594 -0.108682662 0.759363174 -0.078814104 0.372929841 0.071400218 0.921744883
1341846445.034071 -0.964549661 -0.104016691 0.737165451 -0.076888412 0.368072361 0.070787273 0.923904777
1341846445.065987 -0.959117115 -0.105517231 0.719400942 -0.078847609 0.363981277 0.070928425 0.925348520
1341846445.102399 -0.948513448 -0.114024840 0.705498099 -0.079303347 0.359621108 0.069986761 0.927084386
1341846445.134054 -0.940013885 -0.103781119 0.696186364 -0.075495847 0.354403734 0.070396036 0.929377615
1341846445.170198 -0.932736039 -0.108942881 0.673917055 -0.077200338 0.343650967 0.067740403 0.933464170
1341846445.202068 -0.916101933 -0.120320693 0.663704097 -0.077073127 0.337563902 0.061951164 0.936094224
1341846445.234202 -0.908529103 -0.106319927 0.650713444 -0.072373465 0.331857204 0.058299150 0.938740671
1341846445.270262 -0.899638176 -0.108884968 0.630726457 -0.073408395 0.321490794 0.052074768 0.942625642
1341846445.334212 -0.876088798 -0.104464531 0.615416050 -0.071525127 0.311220348 0.043320566 0.946651638
1341846445.370095 -0.865170598 -0.094067812 0.608756185 -0.069575593 0.304527909 0.042365164 0.949013770
1341846445.401934 -0.852170408 -0.097810134 0.586404026 -0.072019175 0.296364754 0.040202543 0.951506674
1341846445.437937 -0.837602139 -0.107082017 0.576906204 -0.073040873 0.293308944 0.039373204 0.952409923
1341846445.469984 -0.828857839 -0.108831614 0.566237926 -0.066586621 0.286860287 0.038943391 0.954861641
1341846445.502004 -0.810848832 -0.103045158 0.542479157 -0.060356110 0.275394917 0.036593378 0.958736539
1341846445.537946 -0.799913347 -0.102185853 0.534409821 -0.059954911 0.272800714 0.033458415 0.959617496
1341846445.570063 -0.791892052 -0.098849699 0.527305961 -0.059873153 0.269213140 0.029323846 0.960770309
1341846445.602021 -0.770041049 -0.101406150 0.506091237 -0.061202858 0.263083607 0.024968216 0.962505996
1341846445.638006 -0.758739650 -0.102268994 0.505312443 -0.059769832 0.261935085 0.025095932 0.962905884
1341846445.670085 -0.744130731 -0.088925771 0.515941978 -0.050676830 0.251335800 0.027022889 0.966194570
1341846445.706037 -0.737640560 -0.093771063 0.488834769 -0.045722783 0.235691711 0.028363552 0.970337212
1341846445.738075 -0.721088111 -0.087577976 0.478976935 -0.043421090 0.227417499 0.030757204 0.972342432
1341846445.770102 -0.705912948 -0.083819464 0.459273368 -0.045195494 0.215639338 0.027511315 0.975038528
1341846445.806006 -0.692954302 -0.083252721 0.461827487 -0.047718383 0.209714293 0.026373997 0.976241410
1341846445.838049 -0.691317320 -0.095965125 0.467870921 -0.048223335 0.207458064 0.024541544 0.976746321
1341846445.870081 -0.662306368 -0.089722671 0.453143328 -0.041824099 0.193078339 0.020473978 0.980077684
1341846445.906156 -0.650942028 -0.082279183 0.438987345 -0.040372770 0.185705453 0.017406918 0.981621385
1341846445.938036 -0.633258939 -0.075935826 0.426202565 -0.043140091 0.178155765 0.011238799 0.982991934
1341846445.974028 -0.627383530 -0.076903127 0.433226258 -0.049493123 0.175601885 0.003682655 0.983209491
1341846446.006089 -0.610331357 -0.088999659 0.429384112 -0.053573716 0.172371373 -0.001670523 0.983572662
1341846446.038148 -0.594614983 -0.098939694 0.414595187 -0.047431774 0.166028395 0.002478467 0.984976470
1341846446.073973 -0.574357688 -0.092257351 0.414708048 -0.035570018 0.155409053 0.006397059 0.987188876
1341846446.106021 -0.573910773 -0.082016580 0.415693969 -0.031222697 0.151470646 0.005303391 0.987954319
1341846446.138290 -0.557459354 -0.076275751 0.403904051 -0.033220425 0.146456018 0.004012094 0.988651097
1341846446.174003 -0.550028622 -0.090541266 0.408028930 -0.035240192 0.141835183 0.004228273 0.989253759
1341846446.206154 -0.526355147 -0.087421559 0.396565378 -0.029164301 0.133285135 0.008315560 0.990613639
1341846446.242005 -0.501878381 -0.063514255 0.372406453 -0.027409567 0.130969539 0.011681655 0.990938544
1341846446.273991 -0.514788866 -0.071720123 0.378867477 -0.034474891 0.131531641 0.011994448 0.990639746
1341846446.306170 -0.493358344 -0.073046334 0.384344906 -0.035245661 0.122243725 0.016351188 0.991739333
1341846446.342032 -0.469193041 -0.061314303 0.367599994 -0.034444746 0.117087014 0.023716575 0.992240787
1341846446.373966 -0.469923168 -0.056752093 0.361728400 -0.037625134 0.113923974 0.026070911 0.992434382
1341846446.410081 -0.458193004 -0.060053553 0.366034746 -0.041344624 0.106735550 0.026742799 0.993067503
1341846446.441987 -0.442639798 -0.055063952 0.357369214 -0.043168083 0.103326321 0.028812684 0.993292511
1341846446.474066 -0.451805115 -0.062979124 0.348468304 -0.048023060 0.100430593 0.027047267 0.993416309
1341846446.510038 -0.424937427 -0.060535986 0.343437761 -0.050515585 0.089255080 0.024112467 0.994434655
1341846446.542120 -0.398344070 -0.055293906 0.338092387 -0.050787188 0.085039228 0.022268808 0.994833171
1341846446.574035 -0.400323838 -0.060756080 0.341141969 -0.051265337 0.085521109 0.019200416 0.994831324
1341846446.610113 -0.388950348 -0.054628987 0.321151823 -0.050824832 0.079182871 0.015244198 0.995446920
1341846446.642107 -0.369808704 -0.043476276 0.309894145 -0.053260546 0.076932557 0.012516154 0.995534062
1341846446.678096 -0.370364964 -0.049976796 0.310116768 -0.057837129 0.075181670 0.008188886 0.995457470
1341846446.710293 -0.360507458 -0.041062411 0.301643074 -0.059698302 0.067311294 0.008177963 0.995910883
1341846446.742013 -0.335804135 -0.039621729 0.286685020 -0.065672286 0.062097684 0.010922667 0.995847225
1341846446.778116 -0.337389857 -0.042834498 0.287577987 -0.070716314 0.060229238 0.009828229 0.995627940
1341846446.810247 -0.317993313 -0.039110892 0.286566466 -0.072358742 0.049415573 0.008903641 0.996114016
1341846446.842072 -0.299063027 -0.037380170 0.274652779 -0.075405255 0.043358225 0.011648234 0.996141791
1341846446.877989 -0.291408271 -0.033834193 0.269748390 -0.079102442 0.041316293 0.012556379 0.995930791
1341846446.910210 -0.273073673 -0.035686884 0.270011187 -0.082538240 0.036830802 0.012225742 0.995832026
1341846446.979416 -0.251773715 -0.035497636 0.257903248 -0.088007405 0.033459686 0.013178450 0.995470464
1341846447.048442 -0.215411529 -0.034146629 0.248147056 -0.084753782 0.027656518 0.014589408 0.995911181
1341846447.110128 -0.192661598 -0.021113228 0.234460443 -0.088293500 0.026856184 0.012438389 0.995654702
1341846447.146292 -0.176688507 -0.028621856 0.231230497 -0.091773137 0.028755395 0.011107692 0.995302677
1341846447.179789 -0.172927424 -0.027517714 0.232706070 -0.091610380 0.032451354 0.009774833 0.995217979
1341846447.216160 -0.166781202 -0.023641255 0.231791720 -0.091746569 0.033162817 0.008801329 0.995191097
1341846447.252104 -0.144271821 -0.016357934 0.223003373 -0.093695417 0.033241186 0.008737118 0.995007455
1341846447.284847 -0.157829151 -0.017728040 0.226556674 -0.096289590 0.040054392 0.006058817 0.994528651
1341846447.320107 -0.155315980 -0.017905470 0.225506559 -0.097505562 0.039901044 0.007279289 0.994408131
1341846447.352050 -0.140101224 -0.015056758 0.218653306 -0.099431679 0.038858149 0.008648830 0.994247735
1341846447.383924 -0.127615169 -0.010610543 0.219511375 -0.102417544 0.041419782 0.007526008 0.993850291
1341846447.420069 -0.143044278 -0.018433480 0.218293026 -0.106367782 0.046022642 0.007069642 0.993236065
1341846447.452015 -0.144063190 -0.023485865 0.216523200 -0.108875632 0.045018148 0.011436411 0.992969632
1341846447.488160 -0.130697772 -0.008809518 0.213256747 -0.108095974 0.043886986 0.011049247 0.993109822
1341846447.520057 -0.140141338 -0.018662391 0.217958227 -0.112586223 0.046433430 0.010488442 0.992501020
1341846447.551976 -0.149385795 -0.015602414 0.216973588 -0.112682760 0.044062570 0.011958727 0.992581546
1341846447.588058 -0.144048810 -0.006699501 0.209535912 -0.111785643 0.040239129 0.014991818 0.992804110
1341846447.620036 -0.143558234 -0.002043868 0.203773454 -0.115426421 0.038481712 0.014124019 0.992469847
1341846447.656059 -0.141388193 -0.005911329 0.204710484 -0.122072250 0.037175138 0.013009719 0.991739452
1341846447.688035 -0.149312049 -0.017433137 0.210436702 -0.126300201 0.037628066 0.015430555 0.991158068
1341846447.719948 -0.154398382 -0.017577711 0.205385014 -0.125879601 0.034978364 0.019809598 0.991230786
1341846447.756116 -0.145778567 -0.014568031 0.199379697 -0.126754254 0.031642750 0.022476362 0.991174519
1341846447.787990 -0.143793851 -0.009586066 0.190768436 -0.128478378 0.032822497 0.023591639 0.990888178
1341846447.823997 -0.144934654 -0.022500113 0.195105180 -0.133508369 0.034356032 0.024844490 0.990140378
1341846447.856048 -0.142587274 -0.026308270 0.194207489 -0.134124964 0.034507234 0.025615433 0.990032136
1341846447.888261 -0.136710122 -0.030098744 0.186856166 -0.134035990 0.036310829 0.025564060 0.989980996
1341846447.924141 -0.139990166 -0.033476379 0.189645782 -0.134753600 0.040062461 0.024633439 0.989762425
1341846447.956316 -0.147484288 -0.038476583 0.191332489 -0.135123715 0.041734487 0.024701266 0.989641190
1341846447.992036 -0.144711465 -0.043583408 0.186394557 -0.134903803 0.040243722 0.025145730 0.989721715
1341846448.024057 -0.125958875 -0.022684937 0.175640285 -0.133221924 0.037439194 0.024259387 0.990081668
1341846448.092100 -0.145515189 -0.043432023 0.179126441 -0.145314172 0.040825829 0.015664913 0.988418758
1341846448.150222 -0.148319721 -0.054399066 0.178093284 -0.153867885 0.041892674 0.014020190 0.987103403
1341846448.186133 -0.145235732 -0.086384811 0.183218151 -0.158985630 0.041076910 0.013131820 0.986338556
1341846448.218203 -0.143446073 -0.089924119 0.183164716 -0.153272226 0.039045420 0.013805214 0.987315834
1341846448.250175 -0.149357751 -0.081158049 0.177096814 -0.146280482 0.037906237 0.012854829 0.988433003
1341846448.286053 -0.144262895 -0.079485595 0.169421598 -0.144141495 0.037695896 0.011951932 0.988766611
1341846448.318080 -0.150243253 -0.082746260 0.169078395 -0.144477278 0.039619006 0.012777319 0.988632083
1341846448.350345 -0.157135457 -0.083428539 0.169491366 -0.143720537 0.038444754 0.014484834 0.988765180
1341846448.385982 -0.146796361 -0.074834920 0.160355672 -0.143092394 0.035020061 0.014711430 0.988980174
1341846448.417971 -0.144029066 -0.068642907 0.155753300 -0.146955743 0.034919988 0.014947823 0.988413453
1341846448.454017 -0.155217469 -0.080028348 0.159506142 -0.154493541 0.036317088 0.014842947 0.987214506
1341846448.486068 -0.151461422 -0.092544049 0.164602146 -0.159175172 0.033155985 0.013335217 0.986603320
1341846448.518032 -0.152291402 -0.090314135 0.159397766 -0.159422964 0.033441093 0.011662536 0.986574888
1341846448.553970 -0.155536816 -0.093832031 0.159298986 -0.162504464 0.034874398 0.012691603 0.986009598
1341846448.586105 -0.152100816 -0.120612092 0.169945985 -0.167914182 0.030940846 0.012581963 0.985235572
1341846448.621936 -0.141515821 -0.112620220 0.164542541 -0.163074508 0.027754797 0.011828676 0.986152351
1341846448.653943 -0.143896788 -0.107089832 0.157463357 -0.160831556 0.029500220 0.009272961 0.986497343
1341846448.686150 -0.155294716 -0.103663497 0.148627743 -0.162722260 0.031879626 0.008215957 0.986122549
1341846448.722086 -0.145260394 -0.104556225 0.149021193 -0.167607516 0.029754750 0.008200777 0.985370517
1341846448.753983 -0.142670259 -0.101270512 0.146209970 -0.172914684 0.032290168 0.007782676 0.984376609
1341846448.786053 -0.149703503 -0.124894217 0.149033517 -0.186031550 0.036668546 0.005559952 0.981843591
1341846448.822019 -0.155567735 -0.137552634 0.156083927 -0.190227643 0.035148337 0.006685973 0.981087863
1341846448.854125 -0.133690059 -0.139401466 0.162561238 -0.185873404 0.027864426 0.008253230 0.982143879
1341846448.890063 -0.130917355 -0.119864151 0.152202964 -0.180646479 0.027934706 0.007965109 0.983119071
1341846448.922419 -0.154939294 -0.112014331 0.144993007 -0.184751093 0.033211529 0.002875749 0.982219815
1341846448.954059 -0.161774486 -0.116734840 0.140100881 -0.197188199 0.035757095 -0.000477713 0.979713202
1341846448.990056 -0.154922158 -0.109483592 0.143015787 -0.207659334 0.037710503 -0.001801866 0.977472365
1341846449.022043 -0.147045255 -0.126576617 0.150109679 -0.218743011 0.038481444 -0.001857488 0.975021660
1341846449.054021 -0.146923110 -0.141013399 0.155292675 -0.223507062 0.039416924 -0.002699876 0.973901212
1341846449.090060 -0.138919324 -0.191913217 0.168866679 -0.230552420 0.038110461 -0.002921632 0.972308934
1341846449.121998 -0.144916743 -0.203991249 0.166670561 -0.226839423 0.038620379 -0.002709954 0.973162353
1341846449.158114 -0.136891156 -0.208674967 0.163585931 -0.223143816 0.036791489 -0.004194431 0.974081933
1341846449.190066 -0.146165743 -0.202110589 0.157170340 -0.221420929 0.040807199 -0.007057382 0.974298596
1341846449.222044 -0.156051606 -0.193115696 0.166333064 -0.221975714 0.046291284 -0.006825469 0.973928809
1341846449.258032 -0.167562306 -0.198272318 0.172758028 -0.224019349 0.048434906 -0.003799689 0.973372936
1341846449.290278 -0.145079434 -0.220572069 0.174447656 -0.227052107 0.043762907 0.001077392 0.972898245
1341846449.321912 -0.142791152 -0.226993546 0.173864082 -0.227579609 0.045198392 0.004465995 0.972699702
1341846449.357984 -0.147969708 -0.215725020 0.171956971 -0.228407517 0.048556317 0.006305259 0.972333550
1341846449.390027 -0.134001955 -0.252366066 0.192594811 -0.236550555 0.048991792 0.009465693 0.970337033
1341846449.426101 -0.112911694 -0.247645736 0.191848025 -0.227265477 0.047984209 0.015487966 0.972526610
1341846449.458035 -0.129758283 -0.253528535 0.196729004 -0.224842191 0.051972058 0.016435044 0.972869337
1341846449.490185 -0.136994734 -0.260355413 0.201256171 -0.228044420 0.054675948 0.015007387 0.971998513
1341846449.525989 -0.134640858 -0.260503352 0.206838384 -0.229453027 0.057078894 0.016696276 0.971501172
1341846449.558288 -0.168512657 -0.292293489 0.219848633 -0.233945966 0.062498026 0.015185030 0.970119953
1341846449.594265 -0.120232575 -0.296824634 0.235159665 -0.228588119 0.051662352 0.015874770 0.972021818
1341846449.626133 -0.117074452 -0.294159234 0.235815451 -0.221389994 0.051584519 0.015951175 0.973689377
1341846449.658161 -0.138230264 -0.287499189 0.238350034 -0.221006408 0.055521891 0.013236674 0.973600686
1341846449.694129 -0.122803539 -0.271994233 0.245625913 -0.222621650 0.054570548 0.010252170 0.973322451
1341846449.725937 -0.126275703 -0.268378437 0.254983455 -0.223875195 0.057386216 0.009853174 0.972876966
1341846449.757969 -0.160893336 -0.320030421 0.275365710 -0.237921357 0.062986448 0.013474992 0.969146311
1341846449.794073 -0.146306559 -0.321305841 0.286195308 -0.243886873 0.059325974 0.013014158 0.967899919
1341846449.826150 -0.133924887 -0.342053920 0.304392308 -0.247452945 0.059028510 0.011885146 0.967027068
1341846449.861992 -0.158081070 -0.375711083 0.330666006 -0.251330525 0.061080322 0.010775254 0.965912044
1341846449.894052 -0.151715860 -0.383869141 0.337867916 -0.250845522 0.056805927 0.009950669 0.966307700
1341846449.925963 -0.125121996 -0.367386907 0.340605080 -0.242249623 0.054112758 0.009872665 0.968653440
1341846449.962133 -0.130134448 -0.347575098 0.335132569 -0.235749945 0.059327770 0.006905191 0.969976544
1341846449.994047 -0.137776703 -0.357557237 0.354009420 -0.237789795 0.062768936 0.004530115 0.969275773
1341846450.026443 -0.148060307 -0.369076818 0.372841567 -0.239506319 0.064758636 0.003474321 0.968726456
1341846450.062040 -0.121328615 -0.369911969 0.377947956 -0.237084195 0.060256597 0.001388833 0.969617605
1341846450.094160 -0.140265390 -0.366312832 0.382490903 -0.236489177 0.064593203 -0.000850741 0.969484329
1341846450.130133 -0.149511099 -0.370742559 0.392858207 -0.239424258 0.066757448 -0.003906799 0.968609393
1341846450.161911 -0.145689234 -0.379943788 0.405823112 -0.242742404 0.066487558 -0.003443550 0.967803538
1341846450.194126 -0.149341777 -0.384691268 0.414807886 -0.245651275 0.067831345 -0.003403240 0.966976106
1341846450.230042 -0.153718829 -0.397686362 0.427344918 -0.252416760 0.068245374 -0.003302075 0.965203285
1341846450.262009 -0.163488075 -0.413924426 0.445495039 -0.258060455 0.067266934 -0.004941883 0.963771522
1341846450.294220 -0.168923184 -0.420948863 0.463437378 -0.257721812 0.064677157 -0.005714767 0.964035094
1341846450.330052 -0.146684408 -0.424996495 0.468178093 -0.256711304 0.056119502 -0.007185232 0.964830697
1341846450.361929 -0.150313452 -0.422696114 0.472383171 -0.255286425 0.055516180 -0.013217952 0.965179801
1341846450.398035 -0.167649910 -0.434371978 0.485708952 -0.257690489 0.059801675 -0.013344423 0.964282811
1341846450.429941 -0.160879970 -0.447759897 0.499760747 -0.260947227 0.056426700 -0.010669750 0.963643491
1341846450.461928 -0.142987952 -0.441055655 0.508938730 -0.259502143 0.048759922 -0.014603048 0.964400232
1341846450.498062 -0.151777759 -0.450347185 0.519431889 -0.260827661 0.048681132 -0.022475239 0.963895202
1341846450.529969 -0.157968149 -0.463091940 0.529966116 -0.264263958 0.048063945 -0.026461273 0.962888479
1341846450.561983 -0.153258517 -0.464786917 0.539892554 -0.266207039 0.044729121 -0.027862193 0.962474287
1341846450.598097 -0.163554251 -0.473122030 0.550367415 -0.268864453 0.045053832 -0.028446242 0.961703122
1341846450.630436 -0.150186926 -0.493137121 0.565317214 -0.273959905 0.039814584 -0.025754919 0.960571408
1341846450.666178 -0.152074799 -0.528874397 0.584491134 -0.283168703 0.034437712 -0.024044154 0.958150029
1341846450.698174 -0.152996302 -0.527498364 0.591932476 -0.284301072 0.029298076 -0.017119350 0.958134353
1341846450.730214 -0.153691888 -0.500862241 0.578434587 -0.279680312 0.023429135 -0.012578553 0.959724844
1341846450.765977 -0.139205664 -0.493601829 0.585460126 -0.280478477 0.014062769 -0.017457796 0.959598482
1341846450.798042 -0.161009699 -0.488947660 0.590710819 -0.280083120 0.014524593 -0.025869345 0.959517181
1341846450.834020 -0.160817772 -0.495482415 0.596403301 -0.281472057 0.013397736 -0.030642437 0.958986461
1341846450.866022 -0.150864840 -0.484722644 0.594027221 -0.281937748 0.011641933 -0.035791118 0.958694220
1341846450.898067 -0.145790935 -0.520545483 0.611367047 -0.295181453 0.010511870 -0.040035021 0.954544187
1341846450.934091 -0.147974789 -0.528381944 0.629553676 -0.299322963 0.008100810 -0.036284719 0.953427255
1341846450.966100 -0.141176000 -0.524869204 0.635186434 -0.297367513 0.001746488 -0.035871476 0.954087377
1341846450.998096 -0.142649055 -0.540129900 0.644265115 -0.301829666 -0.002646164 -0.042903002 0.952392340
1341846451.034057 -0.138520300 -0.530071557 0.641790807 -0.304263860 -0.004817476 -0.048886906 0.951320350
1341846451.068370 -0.159433082 -0.503527284 0.642218828 -0.303104043 0.000402100 -0.052971486 0.951483965
1341846451.102153 -0.156899750 -0.551196039 0.674834490 -0.315406889 -0.003626338 -0.053829618 0.947421610
1341846451.133979 -0.153184861 -0.548928261 0.674044192 -0.316350192 -0.006609251 -0.055888370 0.946971655
1341846451.165987 -0.171836913 -0.550717533 0.680417359 -0.318972886 -0.003226635 -0.058716904 0.945937693
1341846451.202275 -0.164011970 -0.550711989 0.680798590 -0.319213092 -0.005988582 -0.056753870 0.945963085
1341846451.234790 -0.170088813 -0.539010942 0.670478106 -0.319227874 -0.005302141 -0.054553412 0.946091592
1341846451.302134 -0.148626953 -0.556534946 0.688733816 -0.317463785 -0.015006958 -0.051827081 0.946734130
1341846451.334095 -0.146844834 -0.535875916 0.675425470 -0.310102880 -0.012955686 -0.054908983 0.949027598
1341846451.370064 -0.153192416 -0.541830301 0.683798075 -0.313010812 -0.009646962 -0.055736616 0.948063612
1341846451.402007 -0.158557966 -0.554201424 0.691850305 -0.313411236 -0.008262577 -0.053994138 0.948045254
1341846451.434004 -0.164055228 -0.546899259 0.675932348 -0.304800510 -0.003888643 -0.053604297 0.950898588
1341846451.470107 -0.163557246 -0.537199914 0.663177788 -0.298492461 -0.000676530 -0.053642794 0.952903032
1341846451.502266 -0.148663849 -0.519046485 0.659086883 -0.292929769 0.000745475 -0.051616035 0.954739451
1341846451.534027 -0.138299078 -0.530748487 0.653359234 -0.292744100 0.004207565 -0.051563926 0.954790175
1341846451.570038 -0.133669749 -0.536088407 0.647551417 -0.292435765 0.007344160 -0.052531969 0.954812944
1341846451.601887 -0.131319880 -0.549813986 0.636903524 -0.294016868 0.010833175 -0.053613693 0.954233885
1341846451.637996 -0.143688351 -0.528901219 0.623781681 -0.290549278 0.017106753 -0.053288322 0.955221832
1341846451.669951 -0.154451787 -0.521039665 0.617871165 -0.287180364 0.022875203 -0.052382745 0.956169546
1341846451.702077 -0.153735220 -0.518328071 0.597117901 -0.282927185 0.026507933 -0.051519189 0.957389832
1341846451.737995 -0.149317250 -0.524169862 0.593582213 -0.282774419 0.026085233 -0.053423144 0.957342207
1341846451.770041 -0.156360686 -0.507778704 0.571409941 -0.277775139 0.029755935 -0.055414312 0.958584785
1341846451.806071 -0.155983523 -0.510407746 0.557981789 -0.277923852 0.033862118 -0.056552108 0.958338916
1341846451.838004 -0.164198458 -0.523057342 0.547443211 -0.282354712 0.036193635 -0.056908794 0.956936359
1341846451.870027 -0.162162825 -0.505594194 0.536430061 -0.282961130 0.034466527 -0.058396023 0.956731379
1341846451.905961 -0.153969303 -0.485183358 0.527298748 -0.279430181 0.034753166 -0.056691039 0.957860649
1341846451.937970 -0.168970525 -0.496529520 0.520080924 -0.280577868 0.038652025 -0.055457324 0.957447946
1341846451.970138 -0.156271026 -0.521442056 0.512096584 -0.281529456 0.033124920 -0.056596499 0.957309127
1341846452.006080 -0.182402968 -0.489165485 0.497032762 -0.267693579 0.034391358 -0.060284462 0.961001098
1341846452.037935 -0.188754350 -0.495740265 0.488705903 -0.263616294 0.031368587 -0.058765694 0.962324798
1341846452.073949 -0.189554572 -0.468261331 0.465069324 -0.253927529 0.026541805 -0.054437373 0.965325296
1341846452.105977 -0.175867572 -0.446371377 0.448945820 -0.247009471 0.020861592 -0.052990895 0.967338145
1341846452.138008 -0.170462400 -0.457546264 0.446992308 -0.248034820 0.019017182 -0.051847924 0.967175722
1341846452.174074 -0.179358289 -0.503469467 0.443791777 -0.253336042 0.019037062 -0.048891809 0.965954483
1341846452.206235 -0.179800630 -0.471475691 0.434427887 -0.237830132 0.014334134 -0.043642245 0.970219910
1341846452.238073 -0.171579003 -0.446325898 0.417332947 -0.225792259 0.010741847 -0.042888269 0.973171651
1341846452.274106 -0.171746001 -0.429067284 0.397402227 -0.217793658 0.011209782 -0.043086771 0.974978864
1341846452.306097 -0.178842798 -0.452614278 0.392722517 -0.216513723 0.013497660 -0.039488479 0.975387275
1341846452.342082 -0.182311669 -0.418911964 0.370814085 -0.203928635 0.013949124 -0.036016971 0.978223562
1341846452.374034 -0.175540581 -0.378598899 0.351056665 -0.196303859 0.014586065 -0.035461526 0.979793072
1341846452.406041 -0.182993740 -0.382012486 0.349417716 -0.197466061 0.019518331 -0.033996318 0.979525626
1341846452.442053 -0.173206598 -0.421025664 0.346186370 -0.202197120 0.016795639 -0.024281191 0.978899717
1341846452.474108 -0.187579080 -0.379844993 0.328973562 -0.189735323 0.013672441 -0.018501047 0.981565714
1341846452.506073 -0.183549568 -0.344096690 0.318951100 -0.182571605 0.012200301 -0.019424599 0.982924938
1341846452.542118 -0.181725398 -0.347709060 0.310686111 -0.185048521 0.013843395 -0.018192986 0.982463419
1341846452.574108 -0.182964176 -0.345036060 0.309879482 -0.182295963 0.012144821 -0.014688022 0.983058989
1341846452.610038 -0.188601404 -0.326142877 0.301080048 -0.173108026 0.010183304 -0.012509085 0.984770775
1341846452.642126 -0.191987216 -0.317894101 0.288225114 -0.168448135 0.010889338 -0.013794513 0.985553861
1341846452.674053 -0.193360627 -0.308460534 0.276532710 -0.166970968 0.012863697 -0.012309693 0.985801041
1341846452.709891 -0.198085532 -0.294586569 0.273521006 -0.166304260 0.014671028 -0.011578514 0.985897362
1341846452.742117 -0.195932150 -0.294081569 0.273605049 -0.166440606 0.015783576 -0.011521447 0.985857844
1341846452.774020 -0.198323160 -0.302286714 0.265838325 -0.166802526 0.019482115 -0.012152879 0.985722959
1341846452.810050 -0.197298110 -0.281360894 0.265275836 -0.162834823 0.021229021 -0.010869246 0.986365080
1341846452.842060 -0.198648036 -0.268283427 0.247665599 -0.158696637 0.023039777 -0.010376967 0.987003982
1341846452.910212 -0.217368394 -0.265922189 0.250686109 -0.157715902 0.029873718 -0.011140320 0.986969709
1341846452.942284 -0.230622903 -0.271579832 0.246497482 -0.156030685 0.031483486 -0.011668847 0.987181365
1341846452.978269 -0.232408613 -0.247181088 0.241474733 -0.147836119 0.031283177 -0.012035960 0.988443732
1341846453.010078 -0.221013859 -0.243200555 0.229452774 -0.147992820 0.031982746 -0.014840517 0.988359749
1341846453.046005 -0.225228220 -0.230290532 0.225857943 -0.149882168 0.035331529 -0.016658021 0.987931967
1341846453.078276 -0.268122971 -0.230694950 0.232281640 -0.150648519 0.041786067 -0.017389806 0.987550795
1341846453.111410 -0.260928214 -0.211893484 0.235489696 -0.143938452 0.039432373 -0.018554954 0.988626599
1341846453.152099 -0.251769185 -0.220754102 0.230527326 -0.142144725 0.039662849 -0.021136964 0.988825083
1341846453.210744 -0.243414298 -0.254739940 0.243214801 -0.141871914 0.038055543 -0.026959639 0.988785803
1341846453.246368 -0.264648318 -0.221878052 0.233154163 -0.129098549 0.040228207 -0.032238342 0.990290821
1341846453.281016 -0.256258518 -0.201878577 0.228400767 -0.120604910 0.039531335 -0.034526583 0.991312087
1341846453.346478 -0.268679440 -0.218797132 0.237105712 -0.112500109 0.040486373 -0.040407892 0.992003918
1341846453.413993 -0.297784984 -0.179332882 0.234281808 -0.091913484 0.047698785 -0.053686328 0.993173957
1341846453.447282 -0.329615206 -0.244427487 0.233687177 -0.091685839 0.052073807 -0.067228697 0.992150366
1341846453.489022 -0.345063090 -0.180229783 0.273639262 -0.073779806 0.050347988 -0.058620725 0.994276226
1341846453.520074 -0.348034680 -0.176789001 0.254867017 -0.059420198 0.050673082 -0.055659819 0.995391130
1341846453.552202 -0.303603619 -0.141746372 0.226224706 -0.042846847 0.044869151 -0.048513964 0.996893823
1341846453.588242 -0.286381841 -0.150899708 0.226619422 -0.039924715 0.040790670 -0.040364295 0.997553468
1341846453.619879 -0.289783955 -0.133500054 0.219376624 -0.036800738 0.041875206 -0.041053228 0.997600496
1341846453.656024 -0.292130142 -0.126875684 0.222909555 -0.034916200 0.042995617 -0.044760592 0.997461140
1341846453.687999 -0.287554085 -0.115939140 0.230738863 -0.029063459 0.044465654 -0.045561738 0.997548103
1341846453.720025 -0.292141378 -0.103234589 0.235106379 -0.022837600 0.046169844 -0.046729285 0.997578621
1341846453.756055 -0.298586607 -0.093354695 0.231566355 -0.016735720 0.047257200 -0.046492040 0.997659862
1341846453.787935 -0.299806416 -0.069457524 0.234548032 -0.008958566 0.046654236 -0.045615148 0.997828841
1341846453.824011 -0.299333423 -0.057102587 0.227993265 -0.006635476 0.047033709 -0.042588465 0.997962952
1341846453.855942 -0.299360722 -0.043238543 0.228236482 -0.006490992 0.047902603 -0.041382343 0.997973323
1341846453.888038 -0.303385615 -0.041943353 0.231735125 -0.006392018 0.048632797 -0.040289309 0.997983336
1341846453.924065 -0.306201905 -0.032486774 0.232279897 -0.003217292 0.048600011 -0.041101724 0.997967064
1341846453.955921 -0.307472110 -0.029352840 0.232252583 -0.000121540 0.048738249 -0.042058855 0.997925639
1341846453.987940 -0.311491668 -0.034086153 0.230155870 0.006100733 0.047550168 -0.043320298 0.997910380
1341846454.024255 -0.305631012 -0.015925506 0.226276517 0.015500084 0.046163522 -0.044890627 0.997804344
1341846454.056313 -0.316220790 0.003576265 0.222893149 0.019515691 0.047284272 -0.048648823 0.997505188
1341846454.088076 -0.314194143 0.013368163 0.226126984 0.019272245 0.045328755 -0.049180917 0.997574627
1341846454.124105 -0.315505713 0.021200480 0.233089998 0.019132242 0.044470698 -0.048949402 0.997627318
1341846454.156054 -0.321734458 0.036958516 0.226030961 0.019397600 0.043986909 -0.050478730 0.997567415
1341846454.191955 -0.320730954 0.041219819 0.219898492 0.016954456 0.043560952 -0.049814209 0.997664034
1341846454.224008 -0.321560681 0.043433577 0.234808743 0.015527079 0.042923518 -0.051198035 0.997644842
1341846454.256124 -0.317561239 0.048232820 0.226093248 0.015769035 0.042112354 -0.049950212 0.997738838
1341846454.291937 -0.318747908 0.055562630 0.233142227 0.016531970 0.043497648 -0.051661085 0.997579932
1341846454.323981 -0.323878169 0.065256380 0.230516791 0.017137907 0.044103526 -0.051969342 0.997527122
1341846454.355934 -0.324779719 0.075068355 0.236996844 0.017293733 0.042625930 -0.048960745 0.997740865
1341846454.392062 -0.314425796 0.080528080 0.235206783 0.017266013 0.041153349 -0.046179127 0.997935772
1341846454.423951 -0.319947869 0.080720000 0.244798958 0.017754501 0.043265563 -0.046429664 0.997826219
1341846454.456041 -0.328177005 0.082444765 0.242662355 0.020295184 0.042457145 -0.043846481 0.997929335
1341846454.492065 -0.318490028 0.089267522 0.234474003 0.023817796 0.040586334 -0.041210659 0.998041630
1341846454.524037 -0.327285588 0.098829456 0.238898829 0.027444202 0.043307498 -0.043550782 0.997734725
1341846454.555946 -0.333309054 0.103444897 0.250407040 0.030294443 0.042630285 -0.041405544 0.997772753
1341846454.591893 -0.329350322 0.110612638 0.248889729 0.034706190 0.039029244 -0.038250562 0.997902334
1341846454.624115 -0.330333948 0.122414820 0.255094498 0.038764767 0.038099624 -0.038075864 0.997795522
1341846454.659990 -0.333565116 0.125768736 0.258670360 0.042328641 0.037215069 -0.036719620 0.997734904
1341846454.691970 -0.331100643 0.129815340 0.261476159 0.048864920 0.033578817 -0.032867223 0.997699559
1341846454.723925 -0.327178270 0.145537779 0.263860613 0.054473106 0.031923883 -0.031484354 0.997508049
1341846454.759924 -0.328177035 0.158827856 0.271984965 0.058251560 0.032318804 -0.034616336 0.997178018
1341846454.792135 -0.326716721 0.158243507 0.269398004 0.060368720 0.032312430 -0.034620244 0.997052133
1341846454.823976 -0.321554363 0.151114896 0.269787192 0.065206923 0.031671427 -0.030055048 0.996916115
1341846454.859970 -0.323835075 0.173878372 0.275260299 0.076615959 0.032026969 -0.025333429 0.996224105
1341846454.892266 -0.326598406 0.197106019 0.280204356 0.082633950 0.032385182 -0.024601154 0.995749772
1341846454.959988 -0.322968096 0.213260144 0.282543153 0.086154811 0.035933454 -0.021368619 0.995404184
1341846455.022227 -0.318401068 0.243066385 0.274177909 0.095170937 0.037796445 -0.016643232 0.994603872
1341846455.054099 -0.316733271 0.260103911 0.275029093 0.096042313 0.042157132 -0.015821878 0.994358242
1341846455.090050 -0.319888771 0.263720423 0.283748776 0.096540533 0.044173744 -0.011287470 0.994284213
1341846455.122055 -0.317971736 0.273578435 0.289877862 0.100104108 0.043104824 -0.006062786 0.994024336
1341846455.153946 -0.310426444 0.289022952 0.277440876 0.104735754 0.043981519 -0.003851031 0.993519604
1341846455.190190 -0.317575634 0.300904930 0.287206203 0.108124137 0.046855707 -0.002689343 0.993028939
1341846455.222061 -0.314934373 0.311848223 0.287397116 0.110833295 0.043841943 0.003022441 0.992866933
1341846455.258176 -0.314675868 0.328310072 0.288221836 0.112259507 0.042365409 0.002405431 0.992772460
1341846455.289996 -0.314924687 0.335986495 0.288782448 0.111087494 0.042532865 0.001076258 0.992899477
1341846455.322654 -0.311238438 0.336688638 0.292328805 0.109167896 0.039685797 0.004726872 0.993219554
1341846455.358098 -0.320325255 0.348824471 0.306086570 0.111512683 0.036133040 0.007404716 0.993078291
1341846455.390002 -0.318887174 0.370670080 0.286783844 0.113309778 0.031498719 0.005002879 0.993047655
1341846455.422100 -0.313409537 0.381588042 0.283785641 0.110242762 0.032167625 0.002164192 0.993381619
1341846455.458125 -0.312210351 0.376929015 0.295881391 0.106778845 0.031050144 0.004095648 0.993789434
1341846455.490042 -0.311746150 0.383383811 0.311416388 0.110075846 0.026082728 0.010376211 0.993526697
1341846455.525978 -0.309111953 0.411203921 0.316290826 0.114934832 0.023839628 0.008922976 0.993046820
1341846455.558173 -0.316542029 0.425092041 0.312408209 0.114209041 0.026274288 0.006378161 0.993088722
1341846455.590092 -0.315554500 0.426920176 0.321808308 0.114354342 0.023802385 0.008911869 0.993114829
1341846455.625973 -0.321487397 0.439890832 0.313273519 0.116820723 0.021676192 0.008467223 0.992880344
1341846455.658077 -0.314768195 0.454284161 0.336070925 0.119192503 0.020228557 0.006150215 0.992646039
1341846455.690122 -0.311724216 0.460777044 0.345311970 0.120156556 0.019362252 0.003582152 0.992559671
1341846455.726004 -0.310247153 0.466371566 0.360385895 0.125083745 0.017158406 0.003978445 0.991989851
1341846455.758157 -0.316480190 0.476503789 0.343553990 0.131320253 0.017212879 0.001984709 0.991188586
1341846455.826431 -0.306345552 0.488984793 0.369648933 0.141439810 0.014410226 0.001575628 0.989840686
1341846455.858084 -0.312096804 0.510502994 0.377761632 0.153947473 0.014825709 -0.000844170 0.987967432
1341846455.893948 -0.308218777 0.510210693 0.347632140 0.160826877 0.015371274 0.002231607 0.986860394
1341846455.926012 -0.299255311 0.525841355 0.384709358 0.167887360 0.017221585 -0.000723033 0.985655487
1341846455.958115 -0.301858276 0.533175647 0.394532353 0.175758317 0.016036170 0.002205318 0.984300256
1341846455.994972 -0.292265624 0.539330244 0.401606888 0.181029022 0.015322200 0.000852945 0.983358026
1341846456.026027 -0.292293668 0.544832170 0.405530959 0.184668779 0.016501145 -0.000302341 0.982662261
1341846456.061926 -0.300683647 0.559750855 0.404793471 0.190645635 0.017119143 -0.004211762 0.981500626
1341846456.093945 -0.291669160 0.569310129 0.406657428 0.195599020 0.015750708 -0.007997932 0.980524838
1341846456.126153 -0.299566656 0.585516036 0.397938520 0.198820561 0.017177412 -0.010177003 0.979832530
1341846456.162325 -0.295475185 0.586750865 0.410804331 0.199937850 0.017976308 -0.015597211 0.979519486
1341846456.194021 -0.292329282 0.590714872 0.422481984 0.206987306 0.018285865 -0.016192250 0.978038669
1341846456.229852 -0.293560892 0.602268338 0.397155851 0.212152228 0.019201256 -0.016235311 0.976913095
1341846456.262012 -0.299434572 0.618182659 0.394448072 0.215807155 0.021700086 -0.018803420 0.976013720
1341846456.293900 -0.289537698 0.624058962 0.420116395 0.217174977 0.021881094 -0.022821641 0.975620568
1341846456.330221 -0.292100519 0.626649678 0.420971036 0.220675588 0.022923011 -0.022181941 0.974825501
1341846456.362093 -0.296066225 0.641320407 0.427087396 0.225611299 0.022399547 -0.022236774 0.973705947
1341846456.394095 -0.301284254 0.659726083 0.414273798 0.224193797 0.021867240 -0.022876168 0.974030614
1341846456.429930 -0.304889649 0.670316696 0.397072852 0.224146485 0.022109648 -0.030170340 0.973837435
1341846456.462149 -0.295437187 0.669480562 0.421833873 0.223555416 0.020167910 -0.029285330 0.974042416
1341846456.498080 -0.301215887 0.677287281 0.417028397 0.223480180 0.018269146 -0.027868096 0.974138677
1341846456.529977 -0.300478727 0.690367818 0.407408744 0.224922583 0.017452938 -0.027569734 0.973830163
1341846456.562074 -0.310034066 0.701876700 0.419681013 0.226073667 0.019190878 -0.026921123 0.973549008
1341846456.598113 -0.321192801 0.705670476 0.426455081 0.226601899 0.016849367 -0.022196211 0.973588705
1341846456.629868 -0.307206661 0.721102953 0.420038700 0.228392437 0.010355723 -0.018119274 0.973345459
1341846456.662113 -0.317114830 0.739513397 0.409469575 0.227919713 0.012237471 -0.022318110 0.973347187
1341846456.697989 -0.322521120 0.743675709 0.401968449 0.226108283 0.012336958 -0.023565399 0.973738968
1341846456.730098 -0.323315442 0.752541304 0.410453171 0.227227390 0.009319583 -0.023295896 0.973518431
1341846456.766110 -0.322136283 0.761332273 0.411672235 0.227337867 0.008704063 -0.025202591 0.973450840
1341846456.798062 -0.322611481 0.770120502 0.410578042 0.226901948 0.010067089 -0.027890515 0.973466158
1341846456.830204 -0.323888332 0.774604917 0.411769629 0.228149995 0.009367204 -0.028341623 0.973168314
1341846456.866247 -0.322299182 0.786844254 0.407629043 0.230163038 0.007453531 -0.027487369 0.972735226
1341846456.898128 -0.323556215 0.793435097 0.413258284 0.231312677 0.007677773 -0.027751839 0.972453237
1341846456.929870 -0.319882482 0.807123542 0.407424629 0.231515408 0.009373439 -0.029393302 0.972341955
1341846456.966238 -0.331129789 0.805854917 0.418554783 0.231178984 0.010148078 -0.028296921 0.972446680
1341846456.997966 -0.325286984 0.810808659 0.415811092 0.234198868 0.008091215 -0.024863763 0.971837044
1341846457.034139 -0.321233928 0.826784670 0.431603879 0.236479178 0.009133522 -0.025316725 0.971263766
1341846457.066343 -0.335435688 0.830811203 0.418065131 0.234352723 0.010500410 -0.025990361 0.971747398
1341846457.098123 -0.335589319 0.832814455 0.421741039 0.236596301 0.010710898 -0.026899369 0.971176565
1341846457.133984 -0.337932646 0.842146039 0.419082314 0.238391012 0.010418323 -0.026328862 0.970756412
1341846457.165966 -0.338431299 0.843123913 0.417704701 0.239806712 0.008524754 -0.025404835 0.970450759
1341846457.198024 -0.329582691 0.848224401 0.416412264 0.243966728 0.009302042 -0.026956586 0.969364226
1341846457.234155 -0.341515809 0.857899904 0.405727535 0.246458188 0.011539804 -0.026185637 0.968730867
1341846457.266029 -0.343394220 0.863151670 0.402644575 0.247479230 0.011633883 -0.025552221 0.968486309
1341846457.302162 -0.332841516 0.870560944 0.401494920 0.247140080 0.012330580 -0.026239526 0.968545914
1341846457.334093 -0.339425206 0.872287035 0.401826292 0.245955661 0.015162882 -0.026961735 0.968787372
1341846457.365992 -0.337107718 0.872947991 0.401359081 0.245309472 0.015718553 -0.025268076 0.968988001
1341846457.401999 -0.334455311 0.874833584 0.400324196 0.244900197 0.018296555 -0.025434459 0.969041884
1341846457.434165 -0.338917345 0.877675891 0.397690415 0.242843971 0.021863423 -0.027748285 0.969421923
1341846457.470028 -0.343435973 0.874586523 0.396713346 0.239567608 0.021842049 -0.028046783 0.970228672
1341846457.502234 -0.333270550 0.872088373 0.393931568 0.237211302 0.020757113 -0.027792841 0.970838547
1341846457.534037 -0.324705541 0.878040135 0.404360801 0.234528929 0.023653500 -0.030968545 0.971327782
1341846457.570088 -0.341134667 0.871610165 0.387415171 0.226239905 0.028386746 -0.035375096 0.973015070
1341846457.601985 -0.336563617 0.859005272 0.389285594 0.221121892 0.028131746 -0.033705018 0.974257469
1341846457.634100 -0.333415121 0.849261105 0.376112521 0.217271179 0.031549629 -0.031017829 0.975108087
1341846457.670084 -0.330360442 0.840186536 0.382055104 0.214395538 0.035148695 -0.026471587 0.975755274
1341846457.701992 -0.329315543 0.825159967 0.377895683 0.211042866 0.038732599 -0.022275062 0.976455092
1341846457.738024 -0.317682654 0.805643976 0.386109531 0.211383596 0.040257331 -0.017032184 0.976425231
1341846457.770266 -0.319730431 0.790899813 0.381392658 0.212839603 0.043796949 -0.014494372 0.975997448
1341846457.802137 -0.299525946 0.772854805 0.412647516 0.214958876 0.045273118 -0.014046303 0.975472033
1341846457.838017 -0.283625096 0.750743032 0.434427112 0.216479391 0.049035456 -0.015398074 0.974933386
1341846457.870077 -0.281326681 0.749408782 0.443528414 0.217985988 0.051472299 -0.014045862 0.974492371
1341846457.902124 -0.267702788 0.719282866 0.456217408 0.217469767 0.049947854 -0.011883216 0.974715829
1341846457.937994 -0.264353693 0.723518252 0.442428768 0.218953967 0.054408040 -0.013533572 0.974123061
1341846457.970119 -0.274555385 0.711068749 0.422647387 0.215694994 0.056604747 -0.012648884 0.974736691
1341846458.006046 -0.294883490 0.698680043 0.379418701 0.211716786 0.057998206 -0.014788605 0.975496531
1341846458.038014 -0.285966963 0.686385751 0.373940229 0.209138453 0.061598822 -0.017311629 0.975790441
1341846458.070131 -0.292498857 0.672689259 0.383211195 0.206078127 0.065314792 -0.016943945 0.976206303
1341846458.106139 -0.284931332 0.653857052 0.380721539 0.203743607 0.064226486 -0.011598729 0.976846457
1341846458.138044 -0.279468924 0.641430795 0.368517190 0.201966107 0.065062657 -0.008593957 0.977191210
1341846458.169976 -0.275532573 0.635911584 0.375734240 0.198491648 0.067644045 -0.009127613 0.977722883
1341846458.205943 -0.283012271 0.617028296 0.376183242 0.193104476 0.069571093 -0.010382988 0.978653550
1341846458.238247 -0.278311372 0.593676805 0.370699435 0.188868776 0.067228794 -0.008879594 0.979658127
1341846458.273991 -0.272474855 0.585734785 0.364904433 0.185077235 0.067071557 -0.010306300 0.980378270
1341846458.306111 -0.279882282 0.564871907 0.362760842 0.178612843 0.068368927 -0.012091755 0.981466711
1341846458.344939 -0.273291141 0.541995645 0.360164940 0.175041258 0.065809384 -0.009699385 0.982311368
1341846458.406267 -0.255924612 0.502482295 0.383011043 0.170060351 0.063832693 -0.006121956 0.983344972
1341846458.442040 -0.259837240 0.494388700 0.364509493 0.165710390 0.064173229 -0.005802572 0.984067202
1341846458.473980 -0.259651512 0.474212945 0.361963183 0.162215814 0.063949652 -0.004245389 0.984671712
1341846458.506295 -0.257947683 0.462607533 0.363958180 0.159296528 0.062884018 -0.002816655 0.985221922
1341846458.541965 -0.248843938 0.451984555 0.355855018 0.154146969 0.060813386 -0.001950070 0.986172736
1341846458.573927 -0.251421243 0.424285591 0.357845575 0.147830233 0.060743336 -0.000450271 0.987145543
1341846458.606148 -0.248790026 0.410460800 0.343030423 0.145618916 0.059747957 0.002348052 0.987532198
1341846458.642017 -0.254192084 0.402858675 0.340862364 0.139718592 0.059910502 0.003867780 0.988369584
1341846458.673954 -0.253175288 0.387608379 0.357779413 0.133450970 0.056353156 0.004768118 0.989440441
1341846458.710158 -0.248916894 0.391379714 0.349421471 0.126040250 0.054377679 0.001413199 0.990532637
1341846458.741981 -0.255035132 0.354262650 0.374313563 0.109942786 0.052696612 -0.002744942 0.992536187
1341846458.773965 -0.253994942 0.354874492 0.328552336 0.099169314 0.044534616 -0.005358428 0.994059086
1341846458.810261 -0.251496762 0.340448141 0.332501262 0.089734942 0.042702459 -0.009934483 0.995000243
1341846458.845355 -0.263467014 0.328132480 0.305889100 0.085509859 0.043031689 -0.012813502 0.995325148
1341846458.910230 -0.256248087 0.305840999 0.305157721 0.081925035 0.039828010 -0.007510495 0.995814085
1341846458.942341 -0.249904782 0.295375615 0.309191644 0.078356989 0.040079243 -0.008458011 0.996083498
1341846458.979658 -0.254776329 0.289383173 0.302980661 0.074686103 0.040344749 -0.009546760 0.996344864
1341846459.010325 -0.258721858 0.283229321 0.305621803 0.070121691 0.038366575 -0.010596717 0.996744037
1341846459.052625 -0.259707272 0.284403294 0.294300795 0.063459106 0.037226617 -0.014125059 0.997189879
1341846459.078195 -0.256571501 0.267896831 0.295886576 0.053377856 0.036064483 -0.016549237 0.997785687
1341846459.110297 -0.253294259 0.260473400 0.287762880 0.046559960 0.035451695 -0.018422153 0.998116195
1341846459.156583 -0.259719163 0.237540945 0.292194963 0.038400281 0.036239840 -0.019342309 0.998417735
1341846459.209921 -0.236941949 0.214801162 0.285761893 0.033108868 0.033604253 -0.016292488 0.998753786
1341846459.246034 -0.239862010 0.214417532 0.282088369 0.029271362 0.035441533 -0.018326299 0.998774827
1341846459.278165 -0.251256049 0.228097484 0.267549336 0.023205128 0.036827214 -0.022331867 0.998802543
1341846459.310125 -0.247209489 0.213317111 0.264626980 0.012578364 0.037825026 -0.027532246 0.998825848
1341846459.346071 -0.249969155 0.208019271 0.270063668 0.003409697 0.041372020 -0.034631748 0.998537600
1341846459.378112 -0.244320884 0.177299827 0.267174512 -0.005452756 0.041990485 -0.035174828 0.998483777
1341846459.409983 -0.237502322 0.160861611 0.259520054 -0.006371748 0.044353075 -0.035578396 0.998361826
1341846459.446124 -0.239271238 0.160180047 0.262136310 -0.004177790 0.049167011 -0.038936533 0.998022616
1341846459.478285 -0.248540774 0.155276000 0.264595240 -0.004582607 0.051781900 -0.043078780 0.997718334
1341846459.514102 -0.243113577 0.162981570 0.244437054 -0.006019788 0.050912399 -0.050118566 0.997426629
1341846459.546042 -0.244061589 0.142012969 0.234116957 -0.015750801 0.052989997 -0.071217537 0.995927751
1341846459.578086 -0.254146904 0.143153861 0.258917838 -0.020051217 0.055161372 -0.091228843 0.994098842
1341846459.614088 -0.250893712 0.128173992 0.256508440 -0.021366518 0.051549200 -0.107404508 0.992648184
1341846459.646471 -0.251212507 0.134760961 0.245119214 -0.020229978 0.049205072 -0.124798581 0.990754724
1341846459.682060 -0.258685797 0.143535763 0.251994520 -0.023158571 0.050663207 -0.146761909 0.987602055
1341846459.713908 -0.260327190 0.135444105 0.254792899 -0.027284183 0.048417840 -0.165475234 0.984646738
1341846459.746062 -0.271457642 0.128410608 0.250682712 -0.030472269 0.046759281 -0.184860811 0.981178641
1341846459.782130 -0.264055043 0.132084206 0.250695527 -0.032673087 0.042608552 -0.199558750 0.978413641
1341846459.814161 -0.259915262 0.125623569 0.256801486 -0.033554394 0.038537975 -0.213694692 0.975563169
1341846459.845917 -0.269095093 0.116457321 0.267948151 -0.033226117 0.034472294 -0.229372680 0.972160399
1341846459.881966 -0.267445207 0.145475268 0.259546310 -0.027025735 0.026990868 -0.248740301 0.967816830
1341846459.914201 -0.270508498 0.161522001 0.241794288 -0.029800694 0.023791926 -0.270149231 0.962063015
1341846459.950366 -0.278965533 0.128936216 0.242710695 -0.045343954 0.020100411 -0.291616350 0.955248594
1341846459.982150 -0.299692065 0.133217707 0.257725626 -0.053483892 0.018366767 -0.310461372 0.948902488
1341846460.014318 -0.297561705 0.123226821 0.249983311 -0.060642313 0.010905337 -0.325852990 0.943410516
1341846460.050064 -0.299585879 0.126458406 0.238242298 -0.065029360 0.008070560 -0.343225926 0.936964273
1341846460.082470 -0.299848646 0.134102985 0.244191423 -0.068242155 0.006262545 -0.354474872 0.932551026
1341846460.113981 -0.303485215 0.140859261 0.247536287 -0.071629182 0.001488303 -0.360854268 0.929866254
1341846460.150105 -0.297262549 0.136720181 0.241394743 -0.075217307 -0.004538574 -0.370783240 0.925657392
1341846460.181998 -0.301277190 0.133503765 0.224830478 -0.078252032 -0.005820326 -0.383056849 0.920385897
1341846460.218224 -0.305662274 0.144419193 0.236677259 -0.079212107 -0.005368678 -0.391442448 0.916771233
1341846460.250207 -0.316000342 0.146874562 0.233172387 -0.079814672 -0.006463807 -0.397050083 0.914297044
1341846460.282079 -0.309170336 0.151164412 0.210580662 -0.079476662 -0.008455183 -0.405130386 0.910758674
1341846460.318118 -0.307821602 0.162716374 0.209813774 -0.082334086 -0.009167328 -0.413271934 0.906831503
1341846460.350039 -0.312910616 0.164888039 0.208442971 -0.088960692 -0.010932869 -0.422161311 0.902078867
1341846460.382034 -0.306071013 0.167904660 0.204619199 -0.093828492 -0.014658936 -0.429739475 0.897945046
1341846460.417986 -0.314809561 0.165541664 0.206552029 -0.100724995 -0.015344386 -0.437264204 0.893542945
1341846460.450206 -0.317402512 0.173539013 0.202718899 -0.106217839 -0.017123947 -0.446813554 0.888134122
1341846460.486901 -0.318643957 0.175048009 0.205667481 -0.111853607 -0.020418322 -0.456482202 0.882437468
1341846460.550003 -0.331885606 0.176035807 0.197239250 -0.122642033 -0.024760975 -0.480273545 0.868149281
1341846460.585983 -0.328875810 0.175435811 0.198855877 -0.127965271 -0.027996080 -0.493270040 0.859956861
1341846460.618376 -0.332588643 0.184030354 0.203846097 -0.132486820 -0.031399507 -0.504081488 0.852855861
1341846460.654440 -0.332628131 0.173134640 0.196671501 -0.138218299 -0.036320187 -0.514818311 0.845303893
1341846460.685981 -0.332851321 0.185562387 0.192473277 -0.140315920 -0.036703553 -0.526429892 0.837756455
1341846460.719720 -0.327158481 0.198936224 0.202561438 -0.141618744 -0.039426409 -0.534389496 0.832356572
1341846460.754596 -0.335063100 0.186907575 0.194239199 -0.149869174 -0.043093394 -0.542401850 0.825519502
1341846460.818048 -0.329142034 0.182978794 0.194049120 -0.164773509 -0.045827959 -0.560693800 0.810167909
1341846460.854135 -0.324491918 0.199397817 0.192892089 -0.166963086 -0.046150576 -0.565624416 0.806264520
1341846460.886066 -0.336753398 0.192464009 0.189520359 -0.173541009 -0.045120712 -0.569297791 0.802338839
1341846460.922118 -0.344609350 0.183427528 0.189641863 -0.180356890 -0.042237762 -0.576422930 0.795879364
1341846460.953981 -0.326550096 0.190162838 0.195369139 -0.180451751 -0.041856542 -0.578524530 0.794351697
1341846460.986060 -0.334765077 0.195951656 0.195178032 -0.181583792 -0.039228868 -0.580049276 0.793114901
1341846461.022018 -0.340931475 0.191559404 0.195028171 -0.185290590 -0.036479492 -0.583199203 0.790073037
1341846461.053987 -0.342392564 0.194411248 0.197658911 -0.187922195 -0.033140495 -0.585271120 0.788063884
1341846461.086024 -0.339171052 0.204688564 0.198417887 -0.188064292 -0.030416384 -0.585085630 0.788277566
1341846461.122172 -0.336144388 0.204001874 0.197503909 -0.187848449 -0.029107226 -0.579586565 0.792429924
1341846461.153999 -0.336819410 0.187772274 0.179646775 -0.187006488 -0.025560364 -0.575298429 0.795868695
1341846461.190395 -0.333827287 0.189395532 0.199146524 -0.183081225 -0.018042075 -0.566945970 0.802949548
1341846461.222053 -0.318884432 0.191342160 0.201271936 -0.177584529 -0.017442169 -0.558121145 0.810345769
1341846461.254158 -0.325647146 0.185866654 0.194182917 -0.175257921 -0.013923270 -0.553859413 0.813836932
1341846461.289936 -0.338517338 0.182274446 0.204178199 -0.172584265 -0.009200039 -0.552167177 0.815623343
1341846461.322044 -0.323454082 0.192005947 0.205737367 -0.166076809 -0.010623130 -0.549354970 0.818849683
1341846461.354118 -0.326863050 0.189542174 0.207716301 -0.166294545 -0.012014615 -0.548652530 0.819257140
1341846461.390065 -0.330603898 0.187531859 0.204329833 -0.165431619 -0.010159212 -0.552009106 0.817199588
1341846461.422073 -0.329620570 0.187480345 0.210257694 -0.163262561 -0.007907371 -0.550628722 0.818590760
1341846461.458072 -0.328395307 0.185943425 0.213613242 -0.160730779 -0.007211486 -0.544319212 0.823304474
1341846461.490119 -0.327348232 0.175130159 0.202359661 -0.156967059 -0.004875246 -0.536260903 0.829314053
1341846461.522406 -0.328283340 0.180824876 0.206640869 -0.151326120 0.002884537 -0.526526272 0.836577654
1341846461.558036 -0.316540420 0.173374757 0.216828421 -0.145664424 0.004292544 -0.508957565 0.848366499
1341846461.622229 -0.322433889 0.169570282 0.216050789 -0.137283877 0.009012638 -0.490095913 0.860742629
1341846461.657948 -0.318038911 0.165600985 0.222255275 -0.133625150 0.009758333 -0.478763372 0.867660522
1341846461.726030 -0.323664129 0.156143785 0.226759493 -0.120511062 0.012044691 -0.450752825 0.884394646
1341846461.758483 -0.322663099 0.147103652 0.226080671 -0.115017474 0.013241118 -0.436820775 0.892066896
1341846461.789933 -0.319736809 0.148970783 0.227575004 -0.107549235 0.015460531 -0.421857476 0.900127947
1341846461.826110 -0.316188037 0.141845137 0.228155226 -0.100698814 0.017327135 -0.407285690 0.907567024
1341846461.858118 -0.325569808 0.141377628 0.233594626 -0.091601521 0.022310086 -0.393354118 0.914540291
1341846461.894127 -0.321270049 0.137577817 0.226952970 -0.084306806 0.024498643 -0.378724992 0.921335697
1341846461.926026 -0.314620167 0.135945186 0.233380184 -0.078491360 0.026866952 -0.364444017 0.927522421
1341846461.958215 -0.320402116 0.128184691 0.235809118 -0.073155321 0.029634966 -0.349270046 0.933691859
1341846461.994132 -0.327440172 0.125216216 0.238727003 -0.066911653 0.031603675 -0.333100051 0.939983189
1341846462.026102 -0.317685992 0.125504091 0.238087207 -0.060070716 0.029632496 -0.315600246 0.946525216
1341846462.058066 -0.323908210 0.130849719 0.238660753 -0.055621069 0.029657366 -0.299691349 0.951951563
1341846462.094057 -0.327790082 0.126191318 0.240839794 -0.052484371 0.027531050 -0.279974848 0.958176136
1341846462.126029 -0.330209464 0.123342089 0.240087971 -0.048669498 0.025880558 -0.262738943 0.963291109
1341846462.162124 -0.325877368 0.123320393 0.242896110 -0.043113958 0.022827309 -0.245483994 0.968172371
1341846462.194292 -0.331707627 0.117127270 0.242686912 -0.039096523 0.020775709 -0.228435323 0.972551882
1341846462.226092 -0.336657852 0.118854575 0.246111482 -0.034501288 0.019965310 -0.214276925 0.975959241
1341846462.262203 -0.340126872 0.113884069 0.245553777 -0.029001497 0.017083166 -0.195908800 0.980044305
1341846462.293934 -0.336298406 0.109017536 0.237436116 -0.025736036 0.014232293 -0.182500392 0.982765853
1341846462.325983 -0.334417582 0.108318217 0.230687246 -0.023204077 0.014132267 -0.172568664 0.984622717
1341846462.362050 -0.335401624 0.113059245 0.230561927 -0.019259349 0.013710640 -0.159252971 0.986954689
1341846462.400267 -0.330603123 0.090666816 0.232807204 -0.015832640 0.012301793 -0.139241621 0.990055442
1341846462.431940 -0.324817091 0.094271488 0.223378852 -0.006397310 0.011919182 -0.120417073 0.992631197
1341846462.468003 -0.326644212 0.092931814 0.224522755 0.000350274 0.012540792 -0.102398999 0.994664252
1341846462.500020 -0.320297152 0.094000116 0.221680447 0.005999973 0.012136424 -0.084829472 0.996303499
1341846462.535930 -0.319426894 0.083867215 0.220804781 0.010370290 0.015015561 -0.068202592 0.997504592
1341846462.567947 -0.318664134 0.080176264 0.213474393 0.018063670 0.017571092 -0.051709324 0.998344183
1341846462.599970 -0.322637469 0.085789435 0.219165266 0.026974767 0.020147152 -0.035388146 0.998806357
1341846462.635989 -0.326177895 0.085995212 0.217528015 0.033295028 0.022427220 -0.018019089 0.999031425
1341846462.668003 -0.322760403 0.083404101 0.213578299 0.036089931 0.021813093 -0.003075756 0.999105752
1341846462.704029 -0.321678281 0.083548635 0.208732605 0.038059440 0.021981899 0.011025254 0.998972833
1341846462.735984 -0.321697056 0.081026785 0.203116626 0.038077213 0.020960649 0.028317126 0.998653591
1341846462.768046 -0.322268963 0.075467303 0.202834293 0.037580255 0.018464727 0.051221684 0.997809172
1341846462.803937 -0.322072953 0.075697936 0.205858767 0.039770927 0.017729342 0.068210803 0.996720254
1341846462.835950 -0.318590671 0.071215548 0.207039714 0.041521493 0.017473392 0.085670874 0.995304585
1341846462.871842 -0.316332161 0.072324693 0.206667528 0.045404378 0.017359812 0.103794940 0.993410110
1341846462.904097 -0.309185833 0.068078302 0.205095947 0.048557539 0.018982945 0.115693972 0.991915703
1341846462.966029 -0.312182277 0.051930755 0.201918125 0.055246841 0.024820544 0.129032880 0.989789009
1341846462.998172 -0.311505377 0.050114755 0.200972170 0.062322550 0.024777355 0.138288349 0.988118529
1341846463.029970 -0.315159529 0.055647045 0.202382341 0.068565503 0.026330877 0.144774899 0.986734867
1341846463.066067 -0.316342473 0.057033330 0.206684023 0.070092447 0.026241500 0.154670343 0.985127151
1341846463.098088 -0.312024087 0.056089167 0.201910958 0.070952587 0.024734661 0.168673038 0.982803822
1341846463.134111 -0.310790062 0.049988490 0.195510373 0.070870794 0.025368128 0.184600547 0.979926765
1341846463.165917 -0.311244786 0.055740517 0.195762038 0.073135540 0.027093422 0.202125251 0.976249218
1341846463.198310 -0.309501648 0.055681035 0.196264222 0.074341655 0.029472547 0.222290069 0.971695304
1341846463.234037 -0.311620206 0.059490975 0.197278172 0.073299870 0.031990204 0.237186804 0.968166411
1341846463.265874 -0.308301151 0.052624594 0.190637663 0.071194030 0.033151254 0.249394402 0.965212345
1341846463.298219 -0.302940130 0.043272242 0.190815523 0.073072419 0.032708652 0.260488212 0.962152004
1341846463.334210 -0.300697565 0.042972934 0.187624350 0.077553086 0.033409368 0.269257903 0.959358931
1341846463.365995 -0.296638757 0.037182063 0.192949653 0.084180474 0.033566900 0.279550105 0.955844462
1341846463.402065 -0.298391223 0.037477396 0.191452041 0.091113605 0.034881823 0.287543803 0.952785432
1341846463.434179 -0.297016621 0.036022462 0.191193953 0.094079383 0.036448244 0.294210851 0.950400174
1341846463.466070 -0.297820598 0.037408307 0.193645045 0.099624194 0.039646272 0.301855236 0.947304904
1341846463.501955 -0.301382035 0.036114749 0.187298372 0.104297496 0.042335879 0.309242845 0.944297910
1341846463.534089 -0.302138507 0.036571745 0.186362654 0.107523888 0.044402514 0.319021523 0.940580845
1341846463.566060 -0.301406920 0.035648014 0.186447069 0.108767569 0.046138141 0.327225089 0.937531114
1341846463.601907 -0.296542913 0.036035176 0.191444874 0.109934084 0.047358345 0.336172342 0.934162617
1341846463.634009 -0.296731681 0.035487473 0.188994974 0.111365974 0.046848129 0.342589736 0.931684017
1341846463.670261 -0.296645969 0.036922000 0.189051688 0.111865342 0.046992350 0.349811286 0.928929448
1341846463.702198 -0.295346528 0.034407917 0.192680761 0.111543618 0.050492324 0.356855392 0.926100850
1341846463.734494 -0.294359416 0.034682833 0.192719832 0.114011206 0.052418523 0.366792977 0.921800733
1341846463.770159 -0.295947224 0.037063900 0.187689960 0.116957061 0.051520288 0.376683474 0.917483628
1341846463.804734 -0.294675648 0.038938787 0.186236203 0.116683044 0.052498318 0.387768179 0.912833393
1341846463.836811 -0.295099109 0.037747148 0.184060767 0.116165325 0.055645596 0.397354335 0.908580542
1341846463.902572 -0.295503348 0.037768636 0.183548599 0.115449816 0.062068272 0.419179767 0.898391426
1341846463.938656 -0.296003282 0.038097363 0.184268042 0.118459478 0.065197423 0.433168262 0.891112685
1341846464.006721 -0.297369361 0.042010367 0.178486601 0.120097868 0.067967117 0.458486617 0.877921999
1341846464.070293 -0.299063176 0.042256624 0.178068638 0.118736498 0.074118540 0.483074546 0.864318848
1341846464.106086 -0.295860946 0.041617993 0.179960847 0.117301531 0.075727090 0.497247338 0.856300652
1341846464.138960 -0.299382538 0.049679399 0.170883372 0.116129167 0.077503569 0.509853244 0.848856211
1341846464.170247 -0.286815226 0.058632806 0.178201020 0.117036380 0.081502482 0.527052641 0.837779999
1341846464.206089 -0.285268933 0.054397255 0.185420617 0.121247776 0.087765627 0.544894040 0.825037301
1341846464.238124 -0.303370357 0.067645207 0.191081136 0.126259968 0.094267271 0.560113490 0.813292623
1341846464.270037 -0.303833485 0.071948141 0.193376482 0.123356715 0.098134302 0.572215378 0.804812014
1341846464.306089 -0.292074472 0.070503287 0.193257257 0.121517256 0.102683440 0.586231649 0.794368982
1341846464.337963 -0.277776182 0.071409181 0.210096821 0.129188359 0.106591634 0.598847985 0.783153653
1341846464.374148 -0.274953514 0.070202470 0.213573396 0.142810315 0.110702828 0.610537589 0.771099150
1341846464.406125 -0.285823166 0.081849888 0.203185514 0.153121039 0.116256066 0.617564738 0.762661278
1341846464.438109 -0.296297312 0.082887135 0.214981005 0.158936769 0.127146110 0.622411788 0.755762160
1341846464.474154 -0.296153605 0.082260936 0.202224955 0.159785196 0.133294925 0.633002698 0.745659888
1341846464.506083 -0.300979167 0.088475347 0.193645060 0.158115059 0.136886716 0.637063980 0.741896987
1341846464.538050 -0.310405672 0.094423853 0.185478613 0.154632449 0.141644701 0.641239941 0.738130689
1341846464.573969 -0.315691531 0.100892425 0.199419677 0.149184167 0.147224233 0.644956410 0.734915197
1341846464.606003 -0.308921963 0.100410447 0.200098947 0.144310609 0.150389895 0.653339922 0.727807820
1341846464.642006 -0.312899083 0.101229705 0.204116359 0.140195459 0.153576374 0.657589853 0.724109828
1341846464.674030 -0.307885081 0.107987076 0.200274765 0.133174062 0.155754209 0.663678706 0.719399631
1341846464.706178 -0.322592705 0.100155078 0.184933156 0.125422925 0.161595181 0.666193664 0.717176437
1341846464.741977 -0.315252692 0.101320207 0.186708361 0.117330469 0.161724597 0.672561347 0.712558687
1341846464.774027 -0.299228489 0.107628055 0.206182525 0.113854356 0.160916314 0.677585185 0.708534658
1341846464.806072 -0.318002492 0.111476384 0.187463850 0.111101799 0.163563892 0.677178800 0.708753884
1341846464.842191 -0.315229684 0.113695927 0.188277468 0.104750663 0.163520440 0.681232095 0.705840826
1341846464.873987 -0.305755943 0.112716287 0.196990445 0.102425739 0.161655709 0.683231831 0.704677701
1341846464.910024 -0.328674376 0.111121275 0.184001371 0.099899724 0.163503349 0.681616843 0.706176400
1341846464.941952 -0.336282074 0.118484162 0.186036900 0.091513328 0.162376091 0.684912145 0.704382479
1341846464.974022 -0.326911896 0.117971852 0.191735998 0.084495507 0.160995439 0.690559864 0.700048566
1341846465.010148 -0.328383744 0.119600415 0.193129107 0.080960318 0.157754257 0.696609020 0.695194125
1341846465.042073 -0.332747906 0.119029008 0.189254478 0.077385388 0.155796662 0.700699449 0.691924274
1341846465.078033 -0.334792167 0.119856089 0.183466733 0.073436350 0.153299272 0.704214513 0.689339101
1341846465.110007 -0.332817495 0.120524727 0.187081590 0.069121063 0.148433104 0.704470873 0.690587163
1341846465.142010 -0.335572511 0.120662026 0.192713618 0.068282008 0.146315485 0.703580022 0.692029238
1341846465.177973 -0.339729249 0.118731543 0.182478905 0.066296943 0.143529385 0.703472912 0.692914069
1341846465.210092 -0.343656361 0.120837077 0.179521248 0.062088899 0.139447480 0.701052129 0.696581125
1341846465.241909 -0.342058182 0.120049782 0.186989173 0.058815390 0.136859730 0.699628711 0.698805928
1341846465.278006 -0.340128720 0.120112449 0.181981191 0.056190893 0.134757698 0.697981238 0.701074243
1341846465.310248 -0.338857085 0.123858720 0.188997701 0.055993207 0.132802501 0.695571482 0.703852654
1341846465.346076 -0.340833992 0.122252963 0.190248176 0.055274732 0.131496131 0.690417945 0.709208369
1341846465.377895 -0.340778291 0.125897944 0.191716909 0.053749368 0.129343510 0.683242083 0.716632068
1341846465.409986 -0.336350650 0.119367108 0.180711105 0.050788354 0.128364787 0.675078452 0.724715233
1341846465.446399 -0.341844499 0.119976558 0.181694478 0.047854014 0.128705740 0.664908111 0.734194756
1341846465.478000 -0.343838155 0.126920253 0.197227627 0.049397737 0.129768029 0.654946208 0.742809176
1341846465.510268 -0.337308288 0.129738316 0.196601838 0.051410925 0.130393878 0.646132588 0.750244617
1341846465.545952 -0.337036848 0.120599307 0.178868949 0.049784910 0.129954010 0.636839211 0.758333206
1341846465.578109 -0.338303566 0.119437858 0.180724382 0.048649970 0.129070222 0.627644062 0.766183376
1341846465.614033 -0.337097049 0.123270333 0.183916092 0.049416024 0.126493275 0.617463350 0.774788022
1341846465.646071 -0.345154345 0.120151252 0.175186142 0.048573881 0.124762125 0.607127845 0.783243716
1341846465.678057 -0.332254291 0.117808059 0.177515492 0.045049883 0.118493766 0.601738811 0.788568437
1341846465.713982 -0.341807276 0.126038149 0.195516899 0.047404647 0.118750796 0.592300653 0.795506716
1341846465.745991 -0.339232773 0.125191197 0.188820496 0.048058309 0.116904266 0.585275769 0.800921977
1341846465.778260 -0.337017566 0.120541982 0.178651944 0.047062483 0.112364791 0.575978696 0.808336437
1341846465.814116 -0.333543062 0.123838365 0.183861881 0.046664163 0.110632956 0.565261483 0.816126406
1341846465.845994 -0.331835717 0.123783045 0.181366831 0.048952039 0.109539002 0.554708362 0.823348999
1341846465.882074 -0.335961670 0.119361654 0.170593217 0.048572484 0.106350608 0.542186558 0.832084179
1341846465.913915 -0.335551858 0.123229794 0.174242258 0.046775237 0.101266064 0.528904915 0.841318548
1341846465.946253 -0.338940591 0.120832354 0.171235234 0.043127652 0.098681755 0.512691557 0.851791859
1341846465.982097 -0.345929295 0.107279956 0.151383057 0.034904093 0.094033524 0.498943716 0.860810459
1341846466.014088 -0.346053243 0.120924950 0.171840563 0.030355481 0.088739723 0.483795494 0.870141208
1341846466.046055 -0.341551423 0.120240800 0.177306861 0.029198332 0.087683782 0.474076003 0.875620365
1341846466.082006 -0.343671948 0.122028485 0.173383266 0.030571038 0.085799925 0.463907987 0.881188512
1341846466.114092 -0.347360432 0.125371248 0.174006388 0.029895352 0.083994254 0.453116328 0.886981845
1341846466.149988 -0.349583745 0.125236899 0.180840924 0.029241588 0.085035570 0.441029042 0.892976642
1341846466.182235 -0.347688168 0.121727481 0.170316651 0.029412422 0.083392777 0.432497144 0.897288561
1341846466.227775 -0.359003663 0.121048599 0.165503055 0.026156189 0.079149105 0.419196278 0.904060721
1341846466.282054 -0.361094207 0.129856855 0.171997517 0.015939085 0.078304723 0.379618257 0.921685576
1341846466.318013 -0.354228109 0.126385316 0.171937928 0.015528966 0.074147470 0.363060921 0.928680658
1341846466.350104 -0.350686789 0.128509000 0.180496246 0.015820326 0.073211096 0.350004524 0.933748722
1341846466.418103 -0.339993238 0.120122723 0.182291761 0.015721252 0.073755607 0.333428830 0.939754307
1341846466.450241 -0.330163002 0.119251989 0.184878320 0.025039140 0.073668011 0.332197875 0.939995050
1341846466.482241 -0.331541747 0.122089863 0.187659651 0.035384241 0.075993605 0.325178981 0.941929698
1341846466.518064 -0.344055533 0.132579565 0.179820538 0.039435729 0.078113765 0.314683735 0.945154607
1341846466.550013 -0.343475670 0.134966746 0.181019142 0.037666339 0.079394430 0.302084118 0.949222267
1341846466.586129 -0.338531435 0.131062746 0.189402401 0.035297979 0.080368139 0.288723707 0.953380108
1341846466.617891 -0.340980411 0.129501492 0.190534547 0.034676127 0.080397494 0.272453517 0.958176851
1341846466.650067 -0.335252762 0.129624158 0.187747091 0.032506004 0.076549448 0.257656604 0.962650836
1341846466.686119 -0.342040539 0.138769612 0.196406603 0.028210750 0.078104511 0.241475299 0.966847241
1341846466.718096 -0.334624439 0.122716554 0.197011232 0.022827402 0.078641184 0.233068138 0.969006538
1341846466.750165 -0.330869406 0.126417309 0.202032804 0.022921704 0.075979277 0.225345820 0.971041203
1341846466.786075 -0.324971974 0.131943762 0.210675761 0.020388642 0.076621510 0.213730842 0.973669648
1341846466.817996 -0.328339368 0.130595669 0.211203724 0.016382692 0.080124535 0.201312959 0.976106942
1341846466.854152 -0.331328869 0.127301604 0.206154406 0.014002790 0.079395860 0.195197582 0.977444708
1341846466.886138 -0.326820821 0.132588193 0.214209571 0.012125461 0.076839834 0.188589811 0.978970110
1341846466.918000 -0.326368779 0.132511169 0.214394763 0.003998113 0.078368656 0.175965160 0.981263816
1341846466.954116 -0.335140616 0.134202853 0.221001700 -0.003170871 0.078470387 0.161422715 0.983755589
1341846466.986117 -0.329726011 0.144172624 0.221519485 -0.008663808 0.074757680 0.149883658 0.985835254
1341846467.018002 -0.316837817 0.143178359 0.223424986 -0.017704805 0.075039551 0.133920729 0.987988293
1341846467.054121 -0.312366843 0.142845079 0.227756873 -0.023219746 0.074791938 0.121694028 0.989473403
1341846467.086519 -0.312595546 0.137497082 0.226737753 -0.025119582 0.071330011 0.110506676 0.990994096
1341846467.122117 -0.304953486 0.139300153 0.228131890 -0.026797667 0.067960620 0.095931306 0.992703617
1341846467.154292 -0.302936763 0.129276186 0.228567243 -0.026727460 0.069140345 0.083742976 0.993726492
1341846467.221944 -0.292212725 0.139210463 0.226913095 -0.014575297 0.059088752 0.066838495 0.995905995
1341846467.254128 -0.296852320 0.153630570 0.219302490 -0.016432669 0.057191152 0.055134721 0.996704221
1341846467.290073 -0.294448167 0.145630404 0.222252980 -0.022267854 0.053861320 0.043081570 0.997370064
1341846467.322189 -0.287295818 0.145676970 0.228204548 -0.024828935 0.047400974 0.036475942 0.997900903
1341846467.354092 -0.273342282 0.150242925 0.224971101 -0.027013164 0.037612710 0.026664156 0.998571277
1341846467.390082 -0.275350899 0.139864057 0.211386159 -0.029431457 0.032217398 0.017112995 0.998900890
1341846467.422206 -0.275390595 0.140659764 0.206745818 -0.028298156 0.026349360 0.009803751 0.999204099
1341846467.454073 -0.267984033 0.133456588 0.201813564 -0.025711035 0.019116806 0.007160452 0.999460995
1341846467.490150 -0.262717068 0.128327906 0.195169151 -0.018185223 0.011345886 0.003710347 0.999763370
1341846467.522115 -0.257445991 0.131119147 0.186188370 -0.010396736 0.006116636 0.001210822 0.999926507
1341846467.558053 -0.249117285 0.127164453 0.183715194 -0.002170528 0.000903908 -0.001293628 0.999996424
1341846467.589949 -0.241810977 0.127174065 0.177578658 0.006609056 -0.004889930 -0.000423209 0.999966145
1341846467.622077 -0.232654512 0.125938341 0.170463175 0.017305808 -0.012304199 0.002154365 0.999772191
1341846467.658139 -0.217378482 0.122417621 0.158853829 0.029749414 -0.018621489 0.008074364 0.999351323
1341846467.690047 -0.228939429 0.126691923 0.148258150 0.042566497 -0.022421503 0.013350970 0.998752773
1341846467.721985 -0.202239126 0.134239748 0.153230429 0.053994309 -0.035075080 0.022151001 0.997679174
1341846467.758049 -0.206568152 0.137923613 0.125199899 0.057708506 -0.041633941 0.025647312 0.997135162
1341846467.789943 -0.186641946 0.159267068 0.123462737 0.059219476 -0.048492879 0.026905145 0.996703386
1341846467.826009 -0.185896829 0.162418842 0.113752641 0.054649957 -0.053907659 0.026649768 0.996693134
1341846467.858121 -0.181165904 0.157887578 0.113714010 0.051434983 -0.061187353 0.027970687 0.996407628
1341846467.890215 -0.166626841 0.158240661 0.105197035 0.052600265 -0.067384362 0.029031286 0.995916545
1341846467.926038 -0.146261320 0.163526729 0.095954925 0.052649565 -0.071822055 0.029218435 0.995598257
1341846467.957994 -0.143367320 0.163875729 0.081730083 0.051478274 -0.072915517 0.027392481 0.995631933
1341846467.990124 -0.138160810 0.166956037 0.066362873 0.050346695 -0.075658239 0.026611345 0.995506346
1341846468.026228 -0.132025138 0.188801706 0.054096367 0.047191419 -0.076946102 0.026202599 0.995573044
1341846468.058002 -0.113912538 0.176524699 0.053821802 0.037476126 -0.077781036 0.023578996 0.995986760
1341846468.094305 -0.105257593 0.181651950 0.041387636 0.032504156 -0.076503679 0.023525089 0.996261656
1341846468.126042 -0.105501637 0.188260257 0.035754208 0.025483966 -0.076660149 0.026007876 0.996392190
1341846468.158486 -0.079353593 0.184566408 0.021345118 0.015227747 -0.077905096 0.030132240 0.996388972
1341846468.194517 -0.086833000 0.209408686 0.029239399 0.007175897 -0.071641468 0.022294126 0.997155428
1341846468.226561 -0.076421633 0.206914455 0.031547617 -0.007543342 -0.066447802 0.017414315 0.997609437
1341846468.258171 -0.066360287 0.197157130 0.025736069 -0.021428082 -0.061448410 0.012626847 0.997800350
1341846468.309995 -0.053105019 0.203040555 -0.000241960 -0.026996354 -0.057077155 0.008251424 0.997970581
1341846468.335863 -0.038148656 0.205692038 0.012196384 -0.034670167 -0.048276927 0.001802788 0.998230457
1341846468.400413 -0.049695965 0.203888789 0.017212775 -0.042701799 -0.037695862 0.003079691 0.998371720
1341846468.462095 -0.033337016 0.206231967 -0.000368263 -0.048600055 -0.031555373 0.003528263 0.998313487
1341846468.494284 -0.027409479 0.197945759 0.008987277 -0.052062880 -0.029658830 0.005880192 0.998185992
1341846468.529997 -0.022204878 0.199208081 0.004008747 -0.051042873 -0.028703140 0.007707522 0.998254120
1341846468.562003 -0.015983323 0.203626573 -0.007821034 -0.051274888 -0.026391739 0.006708804 0.998313308
1341846468.594314 -0.016689628 0.201608330 -0.009095873 -0.052753419 -0.022926956 0.005195029 0.998330832
1341846468.630018 -0.014757108 0.200285286 -0.007836701 -0.052155022 -0.021634694 0.006039307 0.998386383
1341846468.662064 -0.009996635 0.201736584 -0.014519855 -0.050786659 -0.021282073 0.006515030 0.998461485
1341846468.694446 -0.003861428 0.202523127 -0.012609531 -0.051585581 -0.018625125 0.004024922 0.998486817
1341846468.730126 -0.006948248 0.193907589 -0.015030092 -0.049626607 -0.015694682 0.001913182 0.998642683
1341846468.762147 -0.004044203 0.194738731 -0.013404324 -0.044847440 -0.016485540 0.005202365 0.998844266
1341846468.797962 -0.000464319 0.194783986 -0.017578838 -0.043192901 -0.016067455 0.005963435 0.998919725
1341846468.830113 0.003934668 0.196314618 -0.015179806 -0.042680878 -0.013461266 0.001137472 0.998997450
1341846468.862077 -0.000587266 0.187514529 -0.017595667 -0.041874699 -0.011681342 0.002060978 0.999052465
1341846468.897982 0.005422214 0.191148803 -0.016320862 -0.037149291 -0.012264227 0.004750529 0.999223173
1341846468.930161 0.010864655 0.190641716 -0.017745633 -0.035166636 -0.010730245 0.005108979 0.999310791
1341846468.962214 0.010281130 0.192268327 -0.014568680 -0.034528419 -0.007333450 0.003799714 0.999369621
1341846468.998002 0.007081150 0.187330291 -0.016492484 -0.033357158 -0.006847908 0.006761463 0.999397159
1341846469.030028 0.011336841 0.182430401 -0.010122754 -0.029961318 -0.008504284 0.011702686 0.999446392
1341846469.066173 0.009619026 0.190459907 -0.015597629 -0.026021350 -0.007091099 0.009966967 0.999586582
1341846469.098358 0.005542730 0.195416361 -0.016121192 -0.026489640 -0.006918348 0.010338879 0.999571681
1341846469.131076 0.012245224 0.190303221 -0.018482378 -0.027599866 -0.008607814 0.011448883 0.999516428
1341846469.166463 0.017103154 0.191013068 -0.014435814 -0.025871217 -0.007645134 0.009453864 0.999591351
1341846469.198284 0.015444770 0.188369036 -0.015847640 -0.024452090 -0.006362793 0.010628532 0.999624252
1341846469.242554 0.016377456 0.187996671 -0.012149312 -0.022692062 -0.006275163 0.011683936 0.999654531
1341846469.272447 0.018908437 0.192930996 -0.020113941 -0.020950653 -0.006161660 0.011656548 0.999693573
1341846469.339987 0.020634172 0.186091021 -0.021809731 -0.021816596 -0.003737894 0.011445696 0.999689460
1341846469.398298 0.022397798 0.191520080 -0.023007069 -0.022365779 -0.001150595 0.011602610 0.999681890
1341846469.434042 0.027338967 0.189613640 -0.019447068 -0.023893677 0.001146996 0.009648593 0.999667287
1341846469.466076 0.025049886 0.191727906 -0.020079978 -0.024332248 0.002854712 0.010774986 0.999641776
1341846469.502529 0.025817836 0.193855479 -0.024370514 -0.025947606 0.002723856 0.011550615 0.999592841
1341846469.534729 0.029402219 0.193252966 -0.023719119 -0.028590111 0.004012373 0.008852022 0.999543965
1341846469.566597 0.024975212 0.191401064 -0.023077913 -0.030610453 0.006822786 0.007936380 0.999476552
1341846469.602391 0.022506725 0.190628991 -0.025123088 -0.031519506 0.007086120 0.009081017 0.999436736
1341846469.634717 0.025727697 0.191782936 -0.026287623 -0.032522585 0.007436213 0.008689747 0.999405563
1341846469.667242 0.028646998 0.192431614 -0.024561301 -0.033556290 0.009613416 0.006842491 0.999367177
1341846469.702595 0.024061853 0.188645095 -0.026005926 -0.035072517 0.010731531 0.007453222 0.999299347
1341846469.734373 0.032578066 0.190959603 -0.021498766 -0.034727432 0.010468133 0.007673329 0.999312520
1341846469.771003 0.032131247 0.187077790 -0.024520876 -0.034337536 0.012890350 0.007337175 0.999300241
1341846469.803099 0.027713399 0.190121457 -0.026956048 -0.033563070 0.014379041 0.007744828 0.999303162
1341846469.834283 0.032465361 0.190635756 -0.022228302 -0.034081135 0.014694853 0.008260998 0.999276876
1341846469.871263 0.035640538 0.189981073 -0.023060581 -0.034097660 0.016272860 0.007022964 0.999261320
1341846469.902171 0.036690328 0.189613640 -0.022462795 -0.033721786 0.017890738 0.007126520 0.999245703
1341846469.934183 0.037501946 0.186158031 -0.022433929 -0.033238716 0.017817536 0.008881355 0.999249160
1341846469.969991 0.037823252 0.184281349 -0.022713663 -0.031331286 0.018760322 0.008871449 0.999293566
1341846470.002102 0.042799283 0.187175244 -0.020288939 -0.028938318 0.020545708 0.008967492 0.999329805
1341846470.038184 0.041481398 0.183840483 -0.021216821 -0.028317163 0.021215674 0.011960253 0.999302268
1341846470.070096 0.045605324 0.187671572 -0.023294987 -0.026490288 0.021611650 0.013271167 0.999327302
1341846470.107943 0.049799252 0.179765046 -0.020519627 -0.024760272 0.023521638 0.015792610 0.999291897
1341846470.170125 0.050718337 0.181108534 -0.030808123 -0.015090059 0.025489783 0.022099588 0.999316871
1341846470.202144 0.053969733 0.179141283 -0.031102069 -0.013397708 0.027435942 0.022086013 0.999289751
1341846470.238185 0.052633595 0.175840691 -0.028667748 -0.010769654 0.029450359 0.023261409 0.999237478
1341846470.269875 0.051739752 0.173510969 -0.025904736 -0.007270447 0.029019415 0.026150007 0.999210298
1341846470.306072 0.055950183 0.175253913 -0.030034663 -0.004378384 0.028398667 0.028484859 0.999181151
1341846470.337953 0.056209639 0.173153743 -0.031684678 -0.002104960 0.029979635 0.027684428 0.999164820
1341846470.370014 0.053637948 0.169837832 -0.031206029 -0.000365376 0.029979529 0.029414317 0.999117553
1341846470.405987 0.057812698 0.168644533 -0.032829877 0.002004579 0.027915416 0.031985413 0.999096394
1341846470.438051 0.057390984 0.170663521 -0.033672504 0.004071729 0.028412484 0.030727142 0.999115586
1341846470.470041 0.053913686 0.169574112 -0.031934991 0.004826529 0.028414613 0.031662330 0.999082983
1341846470.506110 0.056373090 0.165295094 -0.032090489 0.005804447 0.026254598 0.033096544 0.999090374
1341846470.538167 0.060507245 0.166407213 -0.035751276 0.007785617 0.025781417 0.032411445 0.999111712
1341846470.573973 0.056417018 0.167360052 -0.033638436 0.008245259 0.025950087 0.032360777 0.999105275
1341846470.606133 0.058204237 0.165364116 -0.036172371 0.008454132 0.024682140 0.033644207 0.999093294
