1.000000000 0.000000000 0.000000000 0.000000000 0.000000000 1.000000000 0.000000000 0.000000000 0.000000000 0.000000000 1.000000000 0.000000000
0.999040484 -0.000504941 0.043793164 0.044850674 0.000609032 0.999997020 -0.002363559 -0.021130893 -0.043791831 0.002387962 0.999037802 1.023583055
0.996035039 -0.004625952 0.088842474 0.139674127 0.005286890 0.999960065 -0.007205552 -0.042288408 -0.088805586 0.007646682 0.996019542 2.046968222
0.990912378 -0.003829250 0.134454444 0.273083806 0.005361338 0.999924660 -0.011034631 -0.069080308 -0.134402096 0.011655209 0.990858316 3.056766987
0.983551800 -0.001194135 0.180622220 0.452157885 0.003687617 0.999902427 -0.013469794 -0.094525501 -0.180588514 0.013914305 0.983460307 4.075717449
0.974018097 -0.003722959 0.226439968 0.688681901 0.006922041 0.999887109 -0.013335333 -0.126661971 -0.226364776 0.014556282 0.973933756 5.079357624
0.962337077 -0.004206032 0.271826476 0.961223543 0.008503431 0.999856651 -0.014633375 -0.156013727 -0.271725953 0.016393693 0.962235034 6.089815140
0.948775828 -0.006791519 0.315877050 1.286889911 0.012894294 0.999768317 -0.017234081 -0.188876450 -0.315686822 0.020424291 0.948643625 7.077785015
0.933568239 -0.008443588 0.358300269 1.659183621 0.016386244 0.999682605 -0.019136945 -0.218282714 -0.358024955 0.023736840 0.933410227 8.038487434
0.916302264 -0.008444286 0.400398254 2.069191933 0.017883332 0.999643147 -0.019843407 -0.253011346 -0.400087804 0.025343014 0.916126311 8.965240479
0.896686673 -0.008740013 0.442579508 2.515232563 0.018794291 0.999655187 -0.018337028 -0.289696217 -0.442266673 0.024760537 0.896541715 9.871630669
0.874839723 -0.008660279 0.484335124 3.013086557 0.019495383 0.999659598 -0.017339244 -0.328405172 -0.484020084 0.024611356 0.874710858 10.775656700
0.850747883 -0.008946734 0.525497913 3.548726320 0.020476470 0.999660194 -0.016130641 -0.363501132 -0.525174975 0.024483450 0.850641966 11.644125938
0.825323582 -0.009259186 0.564584136 4.128085613 0.022237888 0.999622941 -0.016114093 -0.403332204 -0.564221978 0.025854504 0.825218201 12.486333847
0.797984242 -0.011042093 0.602577209 4.740381718 0.025539149 0.999553561 -0.015504530 -0.437917739 -0.602136970 0.027761677 0.797910035 13.289358139
0.769116402 -0.009772641 0.639034152 5.405495644 0.026092401 0.999529719 -0.016118146 -0.470064342 -0.638576090 0.029070662 0.769009471 14.103795052
0.738592207 -0.012931413 0.674028397 6.084741592 0.030880135 0.999415576 -0.014664028 -0.501356423 -0.673444867 0.031644825 0.738559842 14.843361855
0.706432939 -0.012164457 0.707675457 6.820886612 0.031482603 0.999402761 -0.014248274 -0.532478213 -0.707079470 0.032344911 0.706393957 15.571627617
0.672446787 -0.010922610 0.740064919 7.571429253 0.032526180 0.999361277 -0.014804771 -0.566989422 -0.739430487 0.034026902 0.672372520 16.246324539
0.636859417 -0.012116525 0.770884693 8.369244576 0.037158366 0.999196827 -0.014992977 -0.594606459 -0.770083964 0.038193233 0.636798143 16.906080246
0.599948943 -0.010433953 0.799970210 9.159624100 0.037473693 0.999183953 -0.015071641 -0.622020483 -0.799160123 0.039020054 0.599850357 17.501003265
0.562189221 -0.009285834 0.826956570 10.008262634 0.040460031 0.999048412 -0.016287673 -0.654919744 -0.826018214 0.042615440 0.562030077 18.076425552
0.523256361 -0.007384646 0.852143347 10.855502129 0.045141421 0.998798668 -0.019063413 -0.679863870 -0.850978851 0.048442017 0.522961080 18.596307755
0.484307677 -0.006502819 0.874873579 11.759559631 0.046530101 0.998748541 -0.018334307 -0.708600938 -0.873659551 0.049587399 0.484004200 19.094417572
0.445855498 -0.008292935 0.895066500 12.667362213 0.051555455 0.998534977 -0.016429501 -0.738326967 -0.893618941 0.053470738 0.445629895 19.538810730
0.409085125 -0.008799663 0.912453771 13.586894035 0.055267904 0.998356581 -0.015150439 -0.762887478 -0.910820961 0.056627218 0.408899188 19.934072495
0.373795271 -0.006633576 0.927487493 14.537909508 0.057083018 0.998243272 -0.015865920 -0.799542546 -0.925752997 0.058874395 0.373517305 20.301246643
0.340432584 -0.007469128 0.940239191 15.501686096 0.057746235 0.998246908 -0.012978259 -0.823303819 -0.938494027 0.058713499 0.340267122 20.648904800
0.307014465 -0.009065553 0.951661587 16.486263275 0.060044382 0.998147011 -0.009862478 -0.848724782 -0.949808836 0.060169857 0.306989908 20.960472107
0.274262697 -0.009062421 0.961612105 17.489234924 0.060781073 0.998119652 -0.007928980 -0.869272888 -0.959732056 0.060622439 0.274297804 21.240772247
0.241901726 -0.006259165 0.970280588 18.501718521 0.058148410 0.998275399 -0.008057291 -0.894703150 -0.968556821 0.058369346 0.241848513 21.494146347
0.211022466 -0.004630859 0.977470219 19.538909912 0.058120649 0.998278916 -0.007818015 -0.909712017 -0.975751758 0.058460988 0.210928455 21.716438293
0.180258811 -0.004506446 0.983608842 20.573982239 0.059875324 0.998185337 -0.006399685 -0.930353820 -0.981795073 0.060047504 0.180201530 21.908729553
0.149778858 -0.004696740 0.988708377 21.650848389 0.061605513 0.998090029 -0.004591276 -0.943831146 -0.986798406 0.061597563 0.149782121 22.063566208
0.119309880 -0.005479775 0.992842078 22.746738434 0.060161911 0.998187065 -0.001720384 -0.958068848 -0.991032660 0.059936523 0.119423278 22.193796158
0.090170123 -0.005947290 0.995908618 23.841073990 0.060779322 0.998151124 0.000457688 -0.972885489 -0.994070053 0.060489379 0.090364881 22.288156509
0.063016646 -0.005666937 0.997996390 24.968011856 0.063478664 0.997981787 0.001658612 -0.978251934 -0.995991647 0.063246951 0.063249193 22.351268768
0.037909146 -0.005076870 0.999268234 26.105075836 0.067591377 0.997709930 0.002504746 -0.985153377 -0.996992648 0.067446969 0.038165484 22.386981964
0.015310174 -0.004513378 0.999872744 27.276779175 0.072020881 0.997397184 0.003399414 -0.987209022 -0.997285604 0.071959652 0.015595382 22.392446518
-0.004696440 -0.004517479 0.999978781 28.438982010 0.077851653 0.996953070 0.004869444 -0.984603465 -0.996953905 0.077872872 -0.004330437 22.377849579
-0.022387410 -0.005290169 0.999735296 29.637084961 0.082059346 0.996602058 0.007111172 -0.989450693 -0.996375978 0.082196832 -0.021877229 22.337245941
-0.037963584 -0.004994555 0.999266624 30.852079391 0.085481621 0.996305764 0.008227327 -0.984919429 -0.995616198 0.085731290 -0.037396394 22.278219223
-0.052508444 -0.005725546 0.998604059 32.064670563 0.087482922 0.996112645 0.010311273 -0.984414697 -0.994781137 0.087902226 -0.051803432 22.216014862
-0.065665059 -0.006827365 0.997818291 33.288154602 0.087640285 0.996072710 0.012582906 -0.982615590 -0.993985474 0.088275343 -0.064808808 22.129140854
-0.077876650 -0.006830728 0.996939600 34.509338379 0.087361649 0.996083140 0.013649177 -0.983344853 -0.993127882 0.088157244 -0.076974884 22.034032822
-0.089067407 -0.004056170 0.996017337 35.746948242 0.087312870 0.996110260 0.011864377 -0.979587913 -0.992191255 0.088021860 -0.088366807 21.921932220
-0.099229828 -0.000545085 0.995064318 36.999622345 0.087901674 0.996085584 0.009311375 -0.971061707 -0.991174400 0.088391781 -0.098793484 21.798795700
-0.108505748 0.002101479 0.994093537 38.276828766 0.089100733 0.995993495 0.007619888 -0.962986648 -0.990094662 0.089401245 -0.108258270 21.655397415
-0.116020069 0.003062683 0.993242145 39.574279785 0.088898540 0.996013820 0.007312960 -0.955777884 -0.989260554 0.089146227 -0.115829863 21.507579803
-0.121844940 0.003549502 0.992542803 40.885303497 0.088493623 0.996050000 0.007301470 -0.956664860 -0.988596320 0.088723354 -0.121677779 21.355096817
-0.126772001 0.005324678 0.991917551 42.219844818 0.089945652 0.995927691 0.006149294 -0.950565994 -0.987845480 0.089998215 -0.126734674 21.184085846
-0.131343275 0.006784556 0.991313756 43.566551208 0.088855088 0.996032238 0.004955931 -0.947188199 -0.987346828 0.088734187 -0.131425008 21.006870270
-0.135510728 0.007313056 0.990748942 44.935520172 0.089529015 0.995972216 0.004893810 -0.945586264 -0.986722529 0.089363933 -0.135619625 20.826475143
-0.138240904 0.006574775 0.990376830 46.326992035 0.089487500 0.995970607 0.005879124 -0.944960535 -0.986347556 0.089439079 -0.138272196 20.633022308
-0.142221600 0.004031882 0.989826620 47.767494202 0.090618916 0.995845258 0.008964026 -0.958434820 -0.985678136 0.090971880 -0.141996041 20.452980042
-0.143263698 0.003021659 0.989679933 49.122661591 0.090042807 0.995887756 0.009993766 -0.947360575 -0.985579908 0.090545289 -0.142946646 20.243930817
-0.145317137 0.003703609 0.989378214 50.547782898 0.093231030 0.995594621 0.009966640 -0.943877578 -0.984982610 0.093689092 -0.145022273 20.040435791
-0.146623299 0.003962816 0.989184439 52.000873566 0.092693441 0.995646894 0.009750915 -0.926336586 -0.984839797 0.093120635 -0.146352366 19.835727692
-0.147163153 0.005137084 0.989098847 53.456039429 0.094886340 0.995447874 0.008947612 -0.920925677 -0.984550476 0.095168747 -0.146980688 19.607515335
-0.146980405 0.004748463 0.989127994 54.938354492 0.094301619 0.995500982 0.009233784 -0.916735709 -0.984633923 0.094633572 -0.146766931 19.385065079
-0.146647498 0.006354056 0.989168406 56.449535370 0.094485208 0.995497167 0.007613038 -0.910750151 -0.984665930 0.094578214 -0.146587566 19.168233871
-0.145166948 0.005951917 0.989389241 57.984523773 0.095175512 0.995428562 0.007976264 -0.905013382 -0.984818816 0.095323503 -0.145069808 18.941579819
-0.143744841 0.004682285 0.989603698 59.546066284 0.094548173 0.995479405 0.009023507 -0.906935215 -0.985087872 0.094862305 -0.143537730 18.722747803
-0.142544240 0.005366099 0.989773870 61.125450134 0.095470697 0.995397210 0.008352814 -0.900858462 -0.985173345 0.095685035 -0.142400429 18.495990753
-0.141636163 0.005962358 0.989900768 62.720760345 0.095124677 0.995436251 0.007614850 -0.892793834 -0.985337734 0.095242538 -0.141556919 18.275684357
-0.140532106 0.006575600 0.990054250 64.321449280 0.096142896 0.995342672 0.007036173 -0.887117147 -0.985396981 0.096175514 -0.140509814 18.050128937
-0.139756143 0.006172752 0.990166724 65.944175720 0.095692255 0.995384157 0.007301119 -0.882268786 -0.985551238 0.095771685 -0.139701739 17.821123123
-0.138696551 0.004885656 0.990322888 67.600891113 0.097702987 0.995176971 0.008773883 -0.869186997 -0.985503674 0.097974427 -0.138504967 17.583726883
-0.137815461 0.002820430 0.990453899 69.258323669 0.100606345 0.994863629 0.011165756 -0.876217604 -0.985335052 0.101184763 -0.137391329 17.342098236
-0.136606544 0.003983052 0.990617394 70.944320679 0.102463216 0.994685233 0.010130314 -0.868606210 -0.985312045 0.102885723 -0.136288628 17.103042603
-0.136115924 0.005975597 0.990674853 72.620658875 0.104331233 0.994507670 0.008336102 -0.857053339 -0.985183954 0.104493007 -0.135991767 16.873266220
-0.134884521 0.005751933 0.990844607 74.321884155 0.103513703 0.994593203 0.008317715 -0.849894047 -0.985439539 0.103687927 -0.134750649 16.636085510
-0.135377914 0.005411882 0.990779281 76.047729492 0.103958964 0.994542897 0.008772284 -0.849496901 -0.985324919 0.104187943 -0.135201767 16.416740417
-0.134861901 0.004388390 0.990854621 77.787277222 0.103680007 0.994563341 0.009706724 -0.835334003 -0.985425174 0.104040906 -0.134583652 16.173570633
-0.135007232 0.004621837 0.990833759 79.512145996 0.104898751 0.994435966 0.009654468 -0.831209779 -0.985276282 0.105240680 -0.134740904 15.951555252
-0.135287330 0.004262085 0.990797222 81.283851624 0.105815925 0.994333684 0.010171224 -0.820912898 -0.985139728 0.106218174 -0.134971753 15.720853806
-0.135326743 0.005458173 0.990786016 83.053260803 0.106376372 0.994284689 0.009051995 -0.807769537 -0.985073984 0.106621191 -0.135133937 15.473702431
-0.135989264 0.006431421 0.990689456 84.851196289 0.105982997 0.994334936 0.008092916 -0.797978520 -0.985025167 0.106096797 -0.135900512 15.230257988
-0.137088552 0.007201326 0.990532637 86.630805969 0.105363049 0.994406581 0.007352635 -0.796074688 -0.984939218 0.105373487 -0.137080565 14.995129585
-0.138577297 0.007586749 0.990322590 88.426330566 0.104367301 0.994514287 0.006985409 -0.793880165 -0.984836936 0.104325309 -0.138608918 14.761195183
-0.139747739 0.006533001 0.990165591 90.236373901 0.103211187 0.994627237 0.008004351 -0.795704842 -0.984793365 0.103314772 -0.139671221 14.514768600
-0.140714049 0.006448093 0.990029216 92.066307068 0.103381030 0.994607985 0.008215757 -0.788980961 -0.984637976 0.103506334 -0.140621915 14.262907982
-0.141156778 0.005314995 0.989973009 93.909706116 0.100919724 0.994853377 0.009048594 -0.785757720 -0.984829903 0.101185061 -0.140966728 14.002980232
-0.143061057 0.006123888 0.989694893 95.744819641 0.100580767 0.994893670 0.008382964 -0.781127036 -0.984589696 0.100743569 -0.142946467 13.747705460
-0.145318493 0.006898232 0.989360869 97.624168396 0.099883273 0.994969070 0.007733640 -0.774710000 -0.984330118 0.099944435 -0.145276457 13.464043617
-0.149259254 0.008031979 0.988765478 99.501960754 0.100316130 0.994930565 0.007061180 -0.763382792 -0.983696282 0.100243062 -0.149308369 13.176720619
-0.153731942 0.007089803 0.988087177 101.382278442 0.098569922 0.995096505 0.008195947 -0.761901438 -0.983183861 0.098655663 -0.153676972 12.892200470
-0.158614531 0.006322633 0.987320364 103.284500122 0.097172730 0.995224655 0.009237700 -0.759819627 -0.982547164 0.097405843 -0.158471510 12.595086098
-0.163259909 0.006884261 0.986559093 105.185592651 0.095619991 0.995378315 0.008877792 -0.759720087 -0.981938422 0.095784158 -0.163163647 12.294071198
-0.167507082 0.008941850 0.985830307 107.117790222 0.096317813 0.995323718 0.007337854 -0.748621583 -0.981154501 0.096182168 -0.167585015 11.952536583
-0.172123969 0.010533013 0.985018969 109.046394348 0.096229851 0.995339990 0.006171992 -0.754220426 -0.980363786 0.095850565 -0.172335461 11.620428085
-0.176862061 0.010559733 0.984179020 110.963981628 0.095206179 0.995436788 0.006428526 -0.761840522 -0.979620099 0.094836898 -0.177060395 11.288364410
-0.181810871 0.010440364 0.983278096 112.916526794 0.093193382 0.995625854 0.006660250 -0.758884788 -0.978907406 0.092845932 -0.181988567 10.936984062
-0.186224520 0.009648643 0.982459843 114.884025574 0.091798902 0.995748341 0.007621263 -0.761165202 -0.978209257 0.091607988 -0.186318487 10.557200432
-0.192134723 0.009311901 0.981324375 116.843429565 0.090531856 0.995859146 0.008275518 -0.750312328 -0.977183819 0.090431124 -0.192182153 10.185435295
-0.196898147 0.009322441 0.980379641 118.818412781 0.091464177 0.995768607 0.008900771 -0.745784938 -0.976148188 0.091422163 -0.196917683 9.781881332
-0.202803358 0.010058767 0.979167819 120.766548157 0.091215320 0.995793521 0.008662786 -0.753194213 -0.974961817 0.091071963 -0.202867776 9.389905930
-0.208666056 0.011382530 0.977920711 122.727668762 0.091232710 0.995798469 0.007876368 -0.750300586 -0.973722279 0.090861887 -0.208827764 8.984117508
-0.214292541 0.011706656 0.976699293 124.717132568 0.091873512 0.995736718 0.008222654 -0.737501681 -0.972439110 0.091494866 -0.214454487 8.561574936
-0.219909504 0.011392216 0.975453734 126.699699402 0.090491369 0.995858550 0.008770147 -0.734022379 -0.971314073 0.090198785 -0.220029652 8.125300407
-0.225213394 0.012506221 0.974229217 128.678283691 0.089636222 0.995942950 0.007936325 -0.721449077 -0.970177412 0.089113608 -0.225420743 7.676129818
-0.230771706 0.013072560 0.972920120 130.677749634 0.088997968 0.996001840 0.007727168 -0.721933365 -0.968929172 0.088371113 -0.231012478 7.220522404
-0.235359669 0.012331504 0.971830130 132.669631958 0.090020813 0.995897710 0.009164517 -0.717353940 -0.967730284 0.089641899 -0.235504270 6.743385792
-0.238823339 0.012450484 0.970983207 134.663024902 0.092377923 0.995674372 0.009954217 -0.705461323 -0.966659069 0.092074722 -0.238940373 6.250355244
-0.241902545 0.013185037 0.970210969 136.658248901 0.093711160 0.995550871 0.009835589 -0.700963080 -0.965764642 0.093298845 -0.242061898 5.748449326
-0.244992092 0.013838813 0.969426274 138.654327393 0.094281636 0.995499134 0.009615717 -0.698572099 -0.964929998 0.093754873 -0.245194167 5.250837326
-0.248554721 0.014080374 0.968515515 140.690002441 0.093589641 0.995565116 0.009544729 -0.686982095 -0.964085937 0.093015403 -0.248770192 4.732871532
-0.252327800 0.014420206 0.967534363 142.707244873 0.092134461 0.995704174 0.009188126 -0.688017547 -0.963245511 0.091461681 -0.252572447 4.216365337
-0.257068038 0.015029138 0.966276467 144.730987549 0.091498904 0.995765805 0.008854548 -0.691100478 -0.962051928 0.090689473 -0.257354677 3.691090822
-0.261187315 0.014172769 0.965184033 146.750778198 0.089052118 0.995981932 0.009473279 -0.685205221 -0.961171627 0.088425972 -0.261399984 3.155772209
-0.265893847 0.014545413 0.963892579 148.781082153 0.089266911 0.995961487 0.009595315 -0.683622956 -0.959860265 0.088595033 -0.266118467 2.603947639
-0.270460576 0.014865709 0.962616205 150.827407837 0.088577114 0.996023893 0.009505369 -0.680591404 -0.958647490 0.087836616 -0.270701975 2.041640759
-0.275382727 0.015046413 0.961216927 152.877700806 0.088067174 0.996068001 0.009638758 -0.673439324 -0.957292199 0.087306023 -0.275625020 1.474887967
-0.279817283 0.014481151 0.959944069 154.915847778 0.087975577 0.996065974 0.010618227 -0.671528637 -0.956013858 0.087422788 -0.279990494 0.892378569
-0.284464270 0.014490498 0.958577096 156.975524902 0.088254027 0.996035755 0.011133234 -0.665459573 -0.954615772 0.087765299 -0.284615427 0.299627721
-0.288865060 0.015287107 0.957247794 159.052612305 0.089075603 0.995964408 0.010974606 -0.657332838 -0.953216851 0.088437609 -0.289060980 -0.310156435
-0.292486995 0.016538421 0.956126392 161.116714478 0.089518525 0.995933354 0.010157490 -0.649201870 -0.952070236 0.088561967 -0.292778045 -0.933985114
-0.296019137 0.018145474 0.955009580 163.174606323 0.089746058 0.995924950 0.008895216 -0.646075547 -0.950956523 0.088341504 -0.296441317 -1.565821767
-0.299656093 0.019701898 0.953843832 165.259674072 0.090642571 0.995852232 0.007906361 -0.636128962 -0.949731529 0.088828042 -0.300199032 -2.209711313
-0.303126037 0.020163404 0.952737153 167.340469360 0.089843534 0.995927572 0.007507454 -0.635689378 -0.948705852 0.087872975 -0.303703129 -2.857451677
-0.307109356 0.019616833 0.951472044 169.438385010 0.089550681 0.995947003 0.008370737 -0.641166687 -0.947451591 0.087775692 -0.307621360 -3.515846014
-0.310964704 0.019985963 0.950211227 171.513442993 0.089441545 0.995957315 0.008322356 -0.637121022 -0.946203530 0.087576330 -0.311495125 -4.178572178
-0.315134704 0.020882089 0.948817194 173.621307373 0.091616444 0.995757997 0.008513777 -0.636277437 -0.944614470 0.089610241 -0.315711021 -4.871808052
-0.318046957 0.021483064 0.947831511 175.715423584 0.094106831 0.995521307 0.009013776 -0.631607175 -0.943392813 0.092064209 -0.318644226 -5.573549271
-0.320628464 0.021151133 0.946968794 177.794845581 0.095073409 0.995420456 0.009957009 -0.632370293 -0.942421556 0.093224071 -0.321171016 -6.267300129
-0.323386014 0.020513326 0.946044743 179.894454956 0.094401322 0.995476902 0.010683976 -0.625585794 -0.941546559 0.092762910 -0.323859781 -6.977583408
-0.326046616 0.021569677 0.945107579 182.008590698 0.093776919 0.995546639 0.009630681 -0.612911940 -0.940690994 0.091769330 -0.326617330 -7.693545818
-0.328763783 0.023453597 0.944120944 184.120468140 0.093370982 0.995600939 0.007781385 -0.611439228 -0.939785182 0.090711713 -0.329507411 -8.425337791
-0.332241446 0.025211122 0.942857385 186.247650146 0.092892513 0.995657325 0.006110257 -0.612231970 -0.938608885 0.089614443 -0.333140641 -9.159747124
-0.335070938 0.026439769 0.941821814 188.369247437 0.092389219 0.995710850 0.004916621 -0.618735790 -0.937652230 0.088661604 -0.336076528 -9.908165932
-0.338367790 0.027067086 0.940624535 190.510574341 0.090575106 0.995881915 0.003925130 -0.624331295 -0.936644733 0.086525291 -0.339425981 -10.661264420
-0.342133015 0.027768632 0.939241111 192.648269653 0.091704451 0.995778382 0.003964611 -0.629003644 -0.935165942 0.087489039 -0.343235165 -11.423947334
-0.346218467 0.026707107 0.937773824 194.832366943 0.090989351 0.995838106 0.005231799 -0.631928086 -0.933731079 0.087138765 -0.347207695 -12.211653709
-0.349449366 0.026170105 0.936589658 196.983413696 0.091066293 0.995825827 0.006152311 -0.642684579 -0.932519197 0.087441675 -0.350373924 -13.013211250
-0.353161454 0.026300490 0.935192585 199.138641357 0.091343328 0.995798230 0.006489523 -0.647994876 -0.931092560 0.087715454 -0.354079902 -13.822786331
-0.357222229 0.026540903 0.933642268 201.315872192 0.090304449 0.995894670 0.006240941 -0.644908905 -0.929643691 0.086541437 -0.358152390 -14.634665489
-0.360518813 0.027064472 0.932359219 203.459716797 0.089873448 0.995936036 0.005841732 -0.655014813 -0.928411961 0.085900404 -0.361486107 -15.464452744
-0.363617003 0.027868820 0.931131482 205.627288818 0.090005323 0.995926976 0.005339906 -0.659070790 -0.927190185 0.085748464 -0.364644349 -16.302240372
-0.366083264 0.028498136 0.930145562 207.741683960 0.091076486 0.995829582 0.005334955 -0.671610713 -0.926114559 0.086667433 -0.367152005 -17.138982773
-0.368539453 0.028404118 0.929178059 209.894165039 0.092091754 0.995731890 0.006087706 -0.671896696 -0.925039351 0.087813206 -0.369582295 -17.994989395
-0.371051371 0.028117878 0.928186536 212.054611206 0.093795836 0.995564401 0.007336791 -0.679154634 -0.923863232 0.089782357 -0.372042805 -18.860256195
-0.373499572 0.028847266 0.927181721 214.201538086 0.095003113 0.995450199 0.007299103 -0.685134113 -0.922752678 0.090811357 -0.374540746 -19.727291107
-0.376416296 0.029668933 0.925975442 216.383941650 0.094765753 0.995477557 0.006627200 -0.691167712 -0.921591103 0.090245351 -0.377525568 -20.607454300
-0.379060566 0.029954156 0.924886942 218.556671143 0.094220884 0.995530903 0.006373897 -0.695756912 -0.920562625 0.089559756 -0.380188823 -21.490455627
-0.381888360 0.031337872 0.923677027 220.720703125 0.094177738 0.995542049 0.005161124 -0.707501709 -0.919397533 0.088960789 -0.383137226 -22.379829407
-0.384622872 0.032645781 0.922496319 222.880645752 0.093966290 0.995567501 0.003946355 -0.712817371 -0.918278575 0.088201396 -0.385985672 -23.274105072
-0.387218505 0.032520160 0.921414256 225.046981812 0.091851138 0.995766699 0.003455519 -0.727481782 -0.917401314 0.085970983 -0.388566345 -24.172937393
-0.390452117 0.033489991 0.920013845 227.212570190 0.092634566 0.995695472 0.003069016 -0.742613256 -0.915950835 0.086423390 -0.391873747 -25.082279205
-0.393193334 0.033321325 0.918851972 229.386276245 0.094080321 0.995555937 0.004155760 -0.755091727 -0.914629936 0.088079907 -0.394580871 -26.004714966
-0.396469831 0.032028951 0.917488873 231.575927734 0.094167389 0.995538771 0.005938452 -0.776292503 -0.913205564 0.088751949 -0.397717059 -26.937992096
-0.399645537 0.031574756 0.916125774 233.708312988 0.092940748 0.995652258 0.006228277 -0.782997429 -0.911945999 0.087634526 -0.400842518 -27.858406067
-0.402790129 0.031824067 0.914738953 235.850479126 0.091720246 0.995768249 0.005744388 -0.792276621 -0.910685182 0.086213864 -0.404004544 -28.790910721
-0.406668127 0.031043665 0.913048387 238.032150269 0.089959688 0.995926023 0.006206175 -0.800059795 -0.909135997 0.084661394 -0.407804072 -29.746606827
-0.410479039 0.030447362 0.911361575 240.190551758 0.088894106 0.996018112 0.006762462 -0.805930555 -0.907526731 0.083790541 -0.411551148 -30.705322266
-0.414176702 0.030550228 0.909683645 242.339904785 0.088466562 0.996055603 0.006827713 -0.818604767 -0.905887008 0.083304472 -0.415245771 -31.672422409
-0.418173254 0.030428324 0.907857418 244.487976074 0.087849893 0.996108592 0.007078824 -0.824602008 -0.904109240 0.082715355 -0.419219077 -32.652397156
-0.422348291 0.029629098 0.905949295 246.642700195 0.086358033 0.996234596 0.007677723 -0.830093801 -0.902310491 0.081478670 -0.423316628 -33.630405426
-0.426500112 0.029675981 0.904000521 248.752395630 0.085394926 0.996318340 0.007582102 -0.834638655 -0.900447309 0.080430828 -0.427464068 -34.612350464
-0.430572480 0.030593779 0.902037382 250.890289307 0.085698768 0.996295691 0.007116202 -0.842489302 -0.898478210 0.080367535 -0.431599289 -35.612667084
-0.434048802 0.030761557 0.900364041 252.975784302 0.085774034 0.996287763 0.007311224 -0.856101453 -0.896796763 0.080401294 -0.435076058 -36.619953156
-0.437917471 0.030924601 0.898483098 255.118469238 0.085600905 0.996301770 0.007430190 -0.858590961 -0.894930601 0.080164790 -0.438945115 -37.639984131
-0.441527009 0.031202111 0.896705270 257.205444336 0.084363565 0.996411383 0.006868099 -0.873359382 -0.893272996 0.078681715 -0.442574888 -38.667583466
-0.445495605 0.031568423 0.894727409 259.327301025 0.084861942 0.996367395 0.007099236 -0.876404285 -0.891253114 0.079091005 -0.446556211 -39.707031250
-0.449185878 0.032213870 0.892857373 261.435363770 0.085236691 0.996336579 0.006934207 -0.875245690 -0.889363110 0.079218961 -0.450286120 -40.754436493
-0.452531874 0.033605635 0.891114771 263.541290283 0.086835846 0.996201158 0.006528917 -0.883838117 -0.887510240 0.080335259 -0.453731000 -41.809673309
-0.456124634 0.035826024 0.889194489 265.674407959 0.088949971 0.996020913 0.005498018 -0.885159492 -0.885459363 0.081601605 -0.457496345 -42.901866913
-0.459263593 0.036359228 0.887555599 267.808441162 0.089713991 0.995951712 0.005622557 -0.891185045 -0.883758068 0.082208395 -0.460666239 -43.995204926
-0.461905152 0.038695272 0.886084735 269.928924561 0.091822416 0.995765686 0.004380865 -0.892759502 -0.882163405 0.083385974 -0.463502437 -45.103561401
-0.464843035 0.041024428 0.884442151 272.039978027 0.093438022 0.995620906 0.002927542 -0.905242562 -0.880448878 0.084001385 -0.466640681 -46.188671112
-0.467461467 0.041583162 0.883034885 274.161132812 0.094421290 0.995527446 0.003104219 -0.913417220 -0.878956437 0.084828407 -0.469297022 -47.304542542
-0.470822811 0.042893842 0.881184459 276.312408447 0.094924815 0.995481849 0.002261408 -0.919382930 -0.877106130 0.084710978 -0.472767264 -48.436172485
-0.474351257 0.042949609 0.879287243 278.484741211 0.093890280 0.995580494 0.002021157 -0.919238567 -0.875314534 0.083515272 -0.476287395 -49.596195221
-0.477726460 0.044213213 0.877395511 280.633941650 0.095096506 0.995466769 0.001615388 -0.932538450 -0.873346508 0.084208950 -0.479765385 -50.752677917
-0.481103688 0.044448957 0.875536144 282.795104980 0.094128199 0.995559394 0.001180815 -0.940079451 -0.871595740 0.082980745 -0.483151197 -51.916118622
-0.483618021 0.044276599 0.874158561 284.937896729 0.092405833 0.995721161 0.000688638 -0.945184231 -0.870387733 0.081110388 -0.485640109 -53.094486237
-0.485991836 0.045072503 0.872800291 287.087921143 0.094230764 0.995549738 0.001058038 -0.957903504 -0.868868530 0.082758829 -0.488076270 -54.279949188
-0.488071948 0.045037962 0.871640623 289.271972656 0.095893279 0.995388985 0.002262999 -0.966438174 -0.867519617 0.084688976 -0.490140289 -55.492038727
-0.490331262 0.045403108 0.870352626 291.443756104 0.096788824 0.995301545 0.002606764 -0.965904713 -0.866144955 0.085518584 -0.492421955 -56.704795837
-0.491766423 0.044989325 0.869564116 293.607086182 0.096605688 0.995317757 0.003138065 -0.973368406 -0.865351439 0.085548036 -0.493810087 -57.929149628
-0.493973374 0.044597741 0.868332505 295.811126709 0.096590810 0.995316803 0.003828492 -0.975623310 -0.864095211 0.085764103 -0.495967746 -59.182540894
-0.496776968 0.045066763 0.866707265 298.030731201 0.097773120 0.995199442 0.004293275 -0.968171656 -0.862353206 0.086873479 -0.498798490 -60.443042755
-0.499003083 0.044393610 0.865462363 300.223388672 0.097718745 0.995199978 0.005293633 -0.977073371 -0.861073136 0.087213434 -0.500945985 -61.692554474
-0.501310170 0.045194246 0.864086628 302.447357178 0.097273752 0.995248020 0.004380135 -0.983910084 -0.859782636 0.086248748 -0.503324091 -62.963973999
-0.503927886 0.047420867 0.862442970 304.642761230 0.096511863 0.995330453 0.001664561 -0.982577026 -0.858336806 0.084074803 -0.506151497 -64.232009888
-0.507074296 0.046754941 0.860633254 306.842559814 0.095012806 0.995474219 0.001900009 -0.990604103 -0.856649339 0.082734615 -0.509221733 -65.524436951
-0.511472464 0.044735763 0.858134329 309.046539307 0.092413224 0.995715678 0.003172842 -0.998234808 -0.854315817 0.080925800 -0.513415396 -66.821166992
-0.516671538 0.042186730 0.855143726 311.249053955 0.090037808 0.995924413 0.005268327 -1.005527377 -0.851436257 0.079717249 -0.518364191 -68.119140625
-0.521315992 0.040772256 0.852389157 313.467224121 0.088437952 0.996060789 0.006443619 -1.001350284 -0.848768771 0.078742720 -0.522868276 -69.461441040
-0.525638759 0.041328702 0.849703431 315.708984375 0.089449070 0.995967567 0.006891621 -0.999561787 -0.845992208 0.079627685 -0.527215838 -70.834022522
-0.529976726 0.042566661 0.846943200 317.937988281 0.091714814 0.995758235 0.007344777 -0.999110401 -0.843038023 0.081569798 -0.531632662 -72.208686829
-0.533682346 0.043748178 0.844552696 320.162048340 0.092953578 0.995644689 0.007163606 -0.993685246 -0.840560973 0.082327284 -0.535424531 -73.603675842
-0.537429214 0.043874577 0.842166722 322.372558594 0.093804158 0.995558560 0.007995307 -0.992984891 -0.838075459 0.083295651 -0.539157927 -75.006523132
-0.541450143 0.042251218 0.839670539 324.600769043 0.093643405 0.995552540 0.010289647 -0.992074072 -0.835501432 0.084200926 -0.542998672 -76.432594299
-0.545418143 0.040723659 0.837174177 326.833099365 0.091890410 0.995703459 0.011431313 -0.977975488 -0.833111763 0.083163120 -0.546816885 -77.880332947
-0.549302816 0.040208261 0.834655404 329.031799316 0.091019630 0.995777607 0.011931685 -0.976548016 -0.830651462 0.082524143 -0.550643146 -79.311973572
-0.553353190 0.039949633 0.831988215 331.246948242 0.091079250 0.995761871 0.012762993 -0.973479986 -0.827952206 0.082839303 -0.554646432 -80.774993896
-0.557301402 0.039943144 0.829348922 333.461578369 0.091994353 0.995663106 0.013864703 -0.964125216 -0.825198293 0.084022239 -0.558558941 -82.238204956
-0.561866999 0.039689399 0.826274872 335.680541992 0.092379026 0.995611012 0.014994440 -0.945436597 -0.822053134 0.084755346 -0.563067496 -83.719512939
-0.565345168 0.038631223 0.823949277 337.893768311 0.091065139 0.995719612 0.015798755 -0.934513509 -0.819812059 0.083964795 -0.566443324 -85.217788696
-0.568908691 0.037686218 0.821536720 340.106170654 0.090765283 0.995724082 0.017177653 -0.915871143 -0.817376614 0.084339529 -0.569896758 -86.728729248
-0.571443677 0.036952302 0.819808781 342.295104980 0.091297671 0.995646894 0.018760532 -0.899995565 -0.815546870 0.085567221 -0.572329938 -88.243659973
-0.574546218 0.036171343 0.817672491 344.499206543 0.088765115 0.995884120 0.018316846 -0.877241850 -0.813644528 0.083104663 -0.575392246 -89.780769348
-0.577593863 0.035246734 0.815562963 346.657806396 0.084632553 0.996269226 0.016881598 -0.850718141 -0.811925292 0.078773879 -0.578422010 -91.282821655
-0.581020594 0.034490723 0.813157737 348.817016602 0.081473574 0.996547937 0.015945440 -0.832167268 -0.809800684 0.075515479 -0.581824958 -92.789535522
-0.583542943 0.031712841 0.811462820 350.987060547 0.079282023 0.996688604 0.018061992 -0.815608442 -0.808202922 0.074874364 -0.584124863 -94.342239380
-0.587156534 0.031106699 0.808875501 353.165802002 0.079834327 0.996614933 0.019624585 -0.790119350 -0.805526972 0.076098748 -0.587652385 -95.887840271
-0.590363324 0.031516764 0.806522071 355.333160400 0.079079457 0.996688426 0.018937135 -0.758978903 -0.803254366 0.074959122 -0.590900660 -97.438606262
-0.593766510 0.030247143 0.804068685 357.516876221 0.076967716 0.996846020 0.019338043 -0.735940576 -0.800947785 0.073369615 -0.594221830 -99.009193420
-0.596889913 0.026347278 0.801890492 359.684234619 0.074629076 0.996950805 0.022794122 -0.716852963 -0.798844934 0.073449917 -0.597036123 -100.595024109
-0.600415528 0.024038075 0.799326837 361.842285156 0.072071835 0.997106969 0.024150971 -0.680308580 -0.796433866 0.072109580 -0.600410879 -102.171791077
-0.604105949 0.022874298 0.796575665 364.024536133 0.070036463 0.997244060 0.024477504 -0.639957607 -0.793820500 0.070576347 -0.604043067 -103.766891479
-0.606641233 0.023301074 0.794634163 366.151641846 0.070432849 0.997214913 0.024528645 -0.606768787 -0.791849494 0.070848450 -0.606592834 -105.381637573
-0.609489560 0.022932515 0.792462289 368.294189453 0.070568860 0.997183025 0.025418332 -0.575837851 -0.789647102 0.071415372 -0.609390914 -107.001068115
-0.612114906 0.022140643 0.790458798 370.393371582 0.070203245 0.997182369 0.026432998 -0.546749949 -0.787646413 0.071672805 -0.611944616 -108.597801208
-0.615006149 0.020618370 0.788252592 372.539611816 0.066860810 0.997421622 0.026076170 -0.509965599 -0.785682559 0.068740226 -0.614799023 -110.236701965
-0.617933810 0.017001132 0.786046207 374.672424316 0.056867413 0.998114049 0.023117261 -0.476675421 -0.784170687 0.058985360 -0.617735326 -111.872375488
-0.621486843 0.019733729 0.783176124 376.795745850 0.049655698 0.998664975 0.014240700 -0.457348824 -0.781849325 0.047739562 -0.621636868 -113.505317688
-0.624091148 0.029993983 0.780775607 378.911010742 0.059721574 0.998170853 0.009391412 -0.449633360 -0.779065728 0.052490238 -0.624740958 -115.174057007
-0.624992609 0.031260569 0.780004501 381.002685547 0.067392811 0.997628033 0.014017327 -0.446116686 -0.777716160 0.061327413 -0.625616908 -116.841217041
-0.627149165 0.022164499 0.778583765 383.119689941 0.066335857 0.997483134 0.025037466 -0.417195976 -0.776069164 0.067350246 -0.627040982 -118.529579163
-0.630805433 0.011115883 0.775861442 385.247924805 0.059717614 0.997627199 0.034259573 -0.366220087 -0.773639679 0.067943715 -0.629972458 -120.202857971
-0.634112835 0.004922058 0.773224831 387.339965820 0.053828426 0.997834802 0.037792243 -0.302902341 -0.771364570 0.065586030 -0.633004844 -121.872055054
-0.636955619 0.004661270 0.770886421 389.419891357 0.052655503 0.997909367 0.037473343 -0.231238976 -0.769100130 0.064460278 -0.635869443 -123.557807922
-0.639426470 0.009789836 0.768790007 391.494384766 0.058105379 0.997674644 0.035623558 -0.177048549 -0.766653657 0.067449473 -0.638508320 -125.255386353
-0.641468585 0.016480589 0.766972244 393.547637939 0.062784187 0.997543216 0.031075422 -0.115396656 -0.764575839 0.068087637 -0.640927374 -126.955955505
-0.644192100 0.019473532 0.764615715 395.617858887 0.063862994 0.997554600 0.028398758 -0.068685114 -0.762192905 0.067124911 -0.643860459 -128.674087524
-0.647369981 0.019454513 0.761927426 397.640960693 0.063605905 0.997565985 0.028571479 -0.019160567 -0.759517074 0.066959403 -0.647031724 -130.355743408
-0.650101662 0.018796172 0.759614766 399.670257568 0.064467765 0.997453809 0.030492146 0.031746253 -0.757107496 0.068793662 -0.649658144 -132.071029663
-0.652286232 0.018530941 0.757746220 401.695251465 0.065488756 0.997340620 0.031984005 0.086896420 -0.755138338 0.070486583 -0.651765108 -133.807479858
-0.654167712 0.018974489 0.756111383 403.758178711 0.066130981 0.997291744 0.032187913 0.139920190 -0.753452837 0.071058691 -0.653650880 -135.557632446
-0.655726373 0.018891562 0.754762232 405.794769287 0.066301212 0.997265637 0.032640144 0.193696618 -0.752081752 0.071444653 -0.655185938 -137.305191040
-0.656791091 0.019727344 0.753814518 407.816680908 0.067304492 0.997201562 0.032544944 0.250749558 -0.751063108 0.072110325 -0.656280816 -139.063873291
-0.657897413 0.018730106 0.752874672 409.846649170 0.068004131 0.997084200 0.034619652 0.309908539 -0.750030994 0.073974781 -0.657252848 -140.826904297
-0.658620596 0.018281804 0.752253056 411.869750977 0.070082486 0.996849835 0.037133183 0.370898426 -0.749204457 0.077176444 -0.657827079 -142.595886230
-0.659761429 0.018038850 0.751258492 413.896850586 0.071593508 0.996673405 0.038942389 0.441597551 -0.748057008 0.079477921 -0.658858240 -144.361389160
-0.660809934 0.018527241 0.750324547 415.904541016 0.070631631 0.996793866 0.037592053 0.515701711 -0.747222424 0.077837840 -0.659999907 -146.120971680
-0.662144661 0.018273024 0.749153256 417.910705566 0.066337496 0.997207224 0.034309428 0.578907728 -0.746434093 0.072414756 -0.661507607 -147.876647949
-0.663534582 0.017821936 0.747933209 419.906677246 0.063776411 0.997424603 0.032812849 0.638103187 -0.745422184 0.069472954 -0.662962377 -149.625442505
-0.664560139 0.016885931 0.747043967 421.908081055 0.063024998 0.997448862 0.033520188 0.695762157 -0.744572103 0.069358617 -0.663929045 -151.378677368
-0.664946079 0.016179273 0.746716142 423.874481201 0.061630234 0.997544467 0.033267308 0.752762437 -0.744344294 0.068141252 -0.664310396 -153.146896362
-0.665837884 0.015165430 0.745942295 425.895233154 0.058588553 0.997768819 0.032011714 0.812848687 -0.743792474 0.065018296 -0.665240824 -154.923110962
-0.666808486 0.014067139 0.745096385 427.891967773 0.057267092 0.997832656 0.032411288 0.864429116 -0.743025482 0.064281620 -0.666168869 -156.681259155
-0.667572558 0.012462856 0.744440317 429.883300781 0.057713542 0.997717679 0.035051249 0.920358837 -0.742304564 0.066363551 -0.666768134 -158.442565918
-0.667313576 0.011457625 0.744688749 431.852203369 0.060351495 0.997425318 0.038734633 0.991472423 -0.742327631 0.070791215 -0.666286945 -160.202835083
-0.666336536 0.010494906 0.745577216 433.843658447 0.064995803 0.996912599 0.044055246 1.071205020 -0.742812872 0.077815019 -0.664961457 -161.980407715
-0.665364325 0.009977578 0.746452034 435.847473145 0.068549447 0.996502757 0.047782943 1.162844419 -0.743364751 0.082961939 -0.663721383 -163.737243652
-0.664138079 0.007223468 0.747575104 437.833526611 0.062785238 0.996959686 0.046144620 1.251602292 -0.744968832 0.077583067 -0.662572563 -165.476837158
-0.663868606 0.006111651 0.747824311 439.831268311 0.054888826 0.997667789 0.040573131 1.335266113 -0.745832205 0.067982428 -0.662655950 -167.189514160
-0.661812425 0.003909094 0.749659240 441.821166992 0.050376408 0.997957885 0.039269336 1.402417421 -0.747974992 0.063754082 -0.660657883 -168.941726685
-0.659054995 0.004510907 0.752081215 443.832275391 0.049266834 0.998093128 0.037186466 1.481560826 -0.750479400 0.061560579 -0.658020496 -170.681625366
-0.656226873 0.004884906 0.754547715 445.836944580 0.050704181 0.998004317 0.037636172 1.551460147 -0.752858162 0.062956594 -0.655165017 -172.420761108
-0.653871834 0.004863543 0.756589711 447.842926025 0.051417168 0.997953236 0.038021453 1.624358535 -0.754856169 0.063762851 -0.652783573 -174.127777100
-0.651386917 0.006006971 0.758722007 449.842742920 0.049498379 0.998174965 0.034593161 1.689244628 -0.757129610 0.060089033 -0.650495410 -175.827346802
-0.649997830 0.000942505 0.759935379 451.878967285 0.042747758 0.998461127 0.035325233 1.746073365 -0.758732796 0.055446867 -0.649037898 -177.546203613
-0.648826182 -0.005405373 0.760917366 453.892700195 0.033750504 0.998786211 0.035873834 1.808305860 -0.760187805 0.048957229 -0.647856236 -179.233688354
-0.648549139 -0.008786644 0.761121988 455.934692383 0.026875855 0.999045491 0.034434132 1.868446827 -0.760698199 0.042788036 -0.647694111 -180.940078735
-0.648195088 -0.009602203 0.761413753 457.968383789 0.024809232 0.999123335 0.033720169 1.924834490 -0.761070073 0.040747341 -0.647388637 -182.628799438
-0.647428513 -0.009463774 0.762067378 460.010101318 0.026997900 0.999010503 0.035342831 1.989277005 -0.761647999 0.043456174 -0.646532297 -184.341781616
-0.646671355 -0.010250349 0.762699723 462.051696777 0.028916579 0.998861492 0.037941795 2.049894571 -0.762220323 0.046590544 -0.645638764 -186.032028198
-0.645466983 -0.012283054 0.763689339 464.066284180 0.027368102 0.998856664 0.039196853 2.121971130 -0.763297677 0.046201013 -0.644392729 -187.717071533
-0.644267559 -0.012755168 0.764693737 466.116180420 0.025301076 0.998958111 0.037979312 2.192306757 -0.764381409 0.043816421 -0.643273711 -189.432373047
-0.643423259 -0.012143244 0.765414119 468.152191162 0.023498192 0.999089658 0.035603568 2.264660835 -0.765149713 0.040894013 -0.642552316 -191.107788086
-0.642482042 -0.010394193 0.766230166 470.201507568 0.024639552 0.999110699 0.034213509 2.328842640 -0.765904486 0.040861126 -0.641654611 -192.793334961
-0.641202688 -0.009699273 0.767310321 472.211730957 0.027033823 0.999013841 0.035218958 2.384941578 -0.766895413 0.043325819 -0.640308142 -194.469909668
-0.640071392 -0.009950996 0.768251002 474.229614258 0.028687693 0.998909295 0.036839921 2.443522453 -0.767779708 0.045619536 -0.639087796 -196.146820068
-0.639008701 -0.009921260 0.769135475 476.255187988 0.028909050 0.998900592 0.036903113 2.506943941 -0.768655956 0.045816381 -0.638019383 -197.817321777
-0.637922645 -0.010964714 0.770022333 478.281005859 0.027824389 0.998917580 0.037275091 2.571218967 -0.769597650 0.045204021 -0.636927009 -199.474899292
-0.637255192 -0.011530826 0.770566642 480.290466309 0.028536282 0.998849213 0.038546253 2.637011528 -0.770124376 0.046552908 -0.636192739 -201.114028931
-0.636646628 -0.012639906 0.771052122 482.345794678 0.027685415 0.998846471 0.039233606 2.709734440 -0.770658553 0.046324838 -0.635562420 -202.775543213
-0.635949075 -0.012088517 0.771636307 484.356384277 0.026725529 0.998932600 0.037675377 2.779019833 -0.771268129 0.044582006 -0.634947300 -204.408767700
-0.635560334 -0.011047230 0.771972060 486.373077393 0.026880724 0.998974741 0.036426488 2.844973326 -0.771583080 0.043902401 -0.634611905 -206.047973633
-0.635009587 -0.010640773 0.772430956 488.416870117 0.028069109 0.998926997 0.036836307 2.919934273 -0.771994174 0.045072846 -0.634029567 -207.722122192
-0.634964108 -0.012291899 0.772443771 490.499420166 0.027306020 0.998891532 0.038341455 2.985005617 -0.772058785 0.045437817 -0.633924723 -209.395828247
-0.635098279 -0.013876946 0.772306621 492.575439453 0.025769414 0.998901427 0.039139651 3.046903133 -0.772001266 0.044759415 -0.634043038 -211.071884155
-0.635399818 -0.014438146 0.772048473 494.638214111 0.025072461 0.998912215 0.039315511 3.118495464 -0.771776319 0.044338211 -0.634346664 -212.738082886
-0.635906160 -0.013589355 0.771646678 496.670501709 0.025882352 0.998907030 0.038920976 3.186577797 -0.771332264 0.044722121 -0.634859383 -214.379608154
-0.636114895 -0.013303608 0.771479607 498.729187012 0.026139051 0.998905897 0.038778074 3.253668547 -0.771151483 0.044833049 -0.635071158 -216.040649414
-0.636615753 -0.014769593 0.771039724 500.762603760 0.025634585 0.998858750 0.040298987 3.327597380 -0.770754993 0.045420252 -0.635510623 -217.669357300
-0.636867344 -0.016535226 0.770796120 502.798919678 0.024742853 0.998816550 0.041870445 3.406845093 -0.770576298 0.045737609 -0.635704458 -219.333221436
-0.636913359 -0.017143238 0.770744741 504.810882568 0.023967246 0.998829186 0.042021982 3.483704329 -0.770562708 0.045236997 -0.635756791 -220.969024658
-0.637372017 -0.017461421 0.770358324 506.832214355 0.023002613 0.998866439 0.041672617 3.565845013 -0.770212829 0.044281211 -0.636247814 -222.596618652
-0.637459636 -0.016786721 0.770300806 508.851776123 0.022998516 0.998902500 0.040800851 3.644362211 -0.770140290 0.043724671 -0.636374056 -224.236480713
-0.636996388 -0.015915364 0.770702541 510.844299316 0.024431607 0.998867750 0.040820148 3.728620768 -0.770479560 0.044831786 -0.635886192 -225.910583496
-0.636723459 -0.016212476 0.770921767 512.894836426 0.024198351 0.998866379 0.040992163 3.805409670 -0.770712435 0.044755712 -0.635609388 -227.582077026
-0.636864662 -0.015860504 0.770812452 514.895629883 0.024165619 0.998886406 0.040519673 3.876880407 -0.770596921 0.044432700 -0.635772109 -229.221725464
-0.637112617 -0.015947981 0.770605683 516.948730469 0.023189133 0.998936713 0.039845429 3.949826717 -0.770421803 0.043255698 -0.636065304 -230.875915527
-0.637080431 -0.016636675 0.770617664 518.940307617 0.022979684 0.998912632 0.040562913 4.022785664 -0.770454586 0.043550387 -0.636005402 -232.491043091
-0.636876166 -0.017932173 0.770757556 520.856323242 0.022856280 0.998850882 0.042125039 4.082929611 -0.770627201 0.044445079 -0.635734439 -234.087509155
-0.636883259 -0.019025093 0.770725429 522.831237793 0.022698969 0.998799324 0.043412145 4.161368370 -0.770625949 0.045143146 -0.635686815 -235.712615967
-0.636926711 -0.018031036 0.770713449 524.861755371 0.023202751 0.998825192 0.042542797 4.245276451 -0.770575106 0.044979315 -0.635760069 -237.348098755
-0.636608481 -0.017099377 0.770997584 526.873046875 0.024186676 0.998819590 0.042122874 4.322443962 -0.770807803 0.045463644 -0.635443449 -238.990966797
-0.636043429 -0.017291481 0.771459520 528.911193848 0.024919616 0.998767197 0.042931769 4.403936386 -0.771250784 0.046530947 -0.634828389 -240.657775879
-0.636560559 -0.018355673 0.771008253 530.955627441 0.024030421 0.998759389 0.043617837 4.480415344 -0.770852268 0.046293050 -0.635329664 -242.290786743
-0.636540353 -0.018818708 0.771013796 533.009948730 0.023158066 0.998785257 0.043497138 4.563850403 -0.770895660 0.045542881 -0.635331213 -243.956848145
-0.637023985 -0.018957539 0.770610809 535.066650391 0.022445597 0.998817384 0.043126188 4.644998074 -0.770516992 0.044769228 -0.635845244 -245.613494873
-0.636937916 -0.020224471 0.770649791 537.066284180 0.021812595 0.998782814 0.044239454 4.725012302 -0.770606458 0.044987656 -0.635721445 -247.240875244
-0.637266815 -0.021840779 0.770333827 539.102844238 0.021314783 0.998716354 0.045948856 4.813314915 -0.770348430 0.045701176 -0.635983109 -248.895431519
-0.637732625 -0.023038127 0.769913077 541.164855957 0.020144576 0.998712003 0.046570573 4.905570030 -0.769994378 0.045209147 -0.636447191 -250.571853638
-0.638681889 -0.021998117 0.769156277 543.191711426 0.019864567 0.998786747 0.045060497 4.985830784 -0.769214451 0.044058282 -0.637470007 -252.202865601
-0.638993859 -0.019474637 0.768965244 545.215698242 0.020242522 0.998907506 0.042119212 5.071706772 -0.768945456 0.042479720 -0.637901545 -253.864624023
-0.638807356 -0.018969338 0.769132853 547.212402344 0.020328701 0.998930812 0.041521020 5.148511410 -0.769098103 0.042159405 -0.637738705 -255.507553101
-0.638491392 -0.020698663 0.769350588 549.251647949 0.020992603 0.998797894 0.044293694 5.230013371 -0.769342601 0.044431821 -0.637289405 -257.176025391
-0.638461232 -0.021905763 0.769342184 551.302429199 0.020975897 0.998728335 0.045844622 5.326715946 -0.769368112 0.045407668 -0.637189806 -258.808502197
-0.638103902 -0.021275828 0.769656241 553.338867188 0.021580210 0.998731136 0.045499869 5.417676449 -0.769647777 0.045642991 -0.636835158 -260.476165771
-0.638142169 -0.020297470 0.769650877 555.375732422 0.022295345 0.998746037 0.044825021 5.505166054 -0.769595683 0.045764364 -0.636889338 -262.157043457
-0.638191044 -0.019400313 0.769633472 557.424072266 0.022866694 0.998763740 0.044137437 5.592285156 -0.769538224 0.045767095 -0.636958539 -263.827911377
-0.637957692 -0.019449959 0.769825757 559.467834473 0.023574444 0.998719156 0.044769283 5.680921555 -0.769710481 0.046709124 -0.636682034 -265.496734619
-0.637957513 -0.019562827 0.769823194 561.506774902 0.025108542 0.998617232 0.046184592 5.767982483 -0.769662142 0.048792936 -0.636584282 -267.174316406
-0.637499452 -0.020893060 0.770167470 563.567626953 0.024022983 0.998607278 0.046974976 5.862312317 -0.770076215 0.048448250 -0.636109591 -268.859191895
-0.637571752 -0.020782305 0.770110607 565.614074707 0.024176506 0.998603880 0.046964098 5.950420856 -0.770011544 0.048561562 -0.636179209 -270.520721436
-0.637646437 -0.020626141 0.770052910 567.683166504 0.024775550 0.998575330 0.047262713 6.043040276 -0.769930661 0.049215395 -0.636226714 -272.192535400
-0.637533247 -0.021309849 0.770128071 569.728088379 0.025435733 0.998490274 0.048685160 6.134468555 -0.770002842 0.050627172 -0.636028707 -273.858551025
-0.637229562 -0.022756174 0.770337999 571.777282715 0.023922889 0.998498201 0.049285334 6.231843472 -0.770302653 0.049834784 -0.635728061 -275.518707275
-0.636865497 -0.024403626 0.770588458 573.807312012 0.022470575 0.998486698 0.050192080 6.326819420 -0.770647407 0.049281169 -0.635353565 -277.179077148
-0.635848999 -0.023479950 0.771456182 575.841552734 0.022473007 0.998550057 0.048914436 6.425416946 -0.771486104 0.048439145 -0.634399474 -278.842651367
-0.636118352 -0.022131437 0.771273911 577.885864258 0.023874413 0.998545349 0.048343651 6.515971184 -0.771222055 0.049165998 -0.634664834 -280.483184814
-0.635313094 -0.021485213 0.771955729 579.956359863 0.024467431 0.998551071 0.047928341 6.603893757 -0.771866977 0.049337275 -0.633866906 -282.153686523
-0.634457707 -0.022000788 0.772644281 581.993041992 0.024545142 0.998517275 0.048587710 6.701060772 -0.772567630 0.049791522 -0.632976949 -283.805389404
-0.634390652 -0.023227448 0.772663713 584.050170898 0.024260100 0.998457849 0.049933765 6.797200680 -0.772631824 0.050422400 -0.632848680 -285.455718994
-0.633995056 -0.022428313 0.773011804 586.104675293 0.024703924 0.998481870 0.049231373 6.885663986 -0.772942424 0.050308872 -0.632478476 -287.110961914
-0.633451402 -0.022709161 0.773449242 588.147521973 0.023875127 0.998519719 0.048871066 6.980789185 -0.773414075 0.049423635 -0.631971598 -288.750030518
-0.632843792 -0.022745486 0.773945332 590.187438965 0.023511499 0.998542964 0.048571210 7.076021194 -0.773922443 0.048934598 -0.631386936 -290.391174316
-0.631732881 -0.023507217 0.774829566 592.250427246 0.023104820 0.998524964 0.049131591 7.173316002 -0.774841785 0.048940338 -0.630257964 -292.064178467
-0.631267846 -0.023858121 0.775197983 594.300720215 0.022489348 0.998543441 0.049045768 7.270629883 -0.775238752 0.048394714 -0.629811823 -293.733795166
-0.630857229 -0.024947144 0.775497854 596.362365723 0.021353478 0.998546183 0.049493209 7.366602421 -0.775604904 0.047782727 -0.629407287 -295.385772705
-0.630614817 -0.025963316 0.775661588 598.407287598 0.019384634 0.998601556 0.049185421 7.462684155 -0.775853872 0.046052970 -0.629229605 -297.005218506
-0.630863905 -0.025400806 0.775477648 600.459838867 0.018634522 0.998679698 0.047871288 7.554965973 -0.775669694 0.044650923 -0.629557610 -298.643829346
-0.631302595 -0.025268981 0.775124848 602.496154785 0.019287910 0.998648465 0.048264913 7.649878025 -0.775296748 0.045420311 -0.629961848 -300.267761230
-0.631057322 -0.026431816 0.775285780 604.530578613 0.019497868 0.998563170 0.049914654 7.750270367 -0.775490999 0.046615425 -0.629635453 -301.916809082
-0.631266892 -0.027829621 0.775066197 606.565124512 0.018531548 0.998529434 0.050946698 7.848748207 -0.775344253 0.046524141 -0.629822850 -303.556060791
-0.631618083 -0.027072478 0.774806857 608.627441406 0.017812321 0.998619497 0.049413200 7.952392578 -0.775075257 0.045011375 -0.630263805 -305.200378418
-0.631315053 -0.025804304 0.775097072 610.661193848 0.017407643 0.998722911 0.047427684 8.046778679 -0.775331080 0.043434426 -0.630059659 -306.847778320
-0.630984366 -0.023839327 0.775429189 612.711975098 0.018375760 0.998788059 0.045658909 8.145041466 -0.775577903 0.043059159 -0.629781485 -308.500488281
-0.630959332 -0.023704438 0.775453687 614.784118652 0.019215470 0.998749018 0.046165187 8.234486580 -0.775577903 0.044029064 -0.629714489 -310.174835205
-0.630956531 -0.024457935 0.775432587 616.855041504 0.019414147 0.998692214 0.047296733 8.328501701 -0.775575280 0.044896550 -0.629656494 -311.837097168
-0.630931795 -0.024859466 0.775439918 618.907897949 0.020231580 0.998619378 0.048475567 8.422348976 -0.775574446 0.046273157 -0.629557848 -313.487121582
-0.630770743 -0.025500268 0.775550127 620.974670410 0.019856459 0.998602152 0.048983935 8.520712852 -0.775715172 0.046297312 -0.629382670 -315.142303467
-0.630484819 -0.024888396 0.775802493 623.033081055 0.019935995 0.998636782 0.048238844 8.617186546 -0.775945544 0.045880266 -0.629129171 -316.789001465
-0.630193055 -0.024253119 0.776059687 625.086425781 0.019906769 0.998678684 0.047375467 8.716992378 -0.776183248 0.045304526 -0.628877699 -318.424224854
-0.630149901 -0.024794361 0.776077449 627.146057129 0.019985257 0.998641014 0.048132274 8.805270195 -0.776216269 0.045840658 -0.628797948 -320.060852051
-0.629974723 -0.025179639 0.776207209 629.201965332 0.019928517 0.998620927 0.048568711 8.900255203 -0.776359737 0.046065722 -0.628604412 -321.694305420
-0.629149377 -0.025568165 0.776863813 631.260559082 0.019584130 0.998620033 0.048726976 9.003773689 -0.777037680 0.045870747 -0.627780497 -323.350555420
-0.628782928 -0.026018498 0.777145386 633.324401855 0.019000558 0.998627484 0.048806835 9.094654083 -0.777348697 0.045455106 -0.627425551 -324.992004395
-0.628509760 -0.025155446 0.777394652 635.389038086 0.018920274 0.998686671 0.047612865 9.188961029 -0.777571559 0.044633672 -0.627208531 -326.645263672
-0.628007352 -0.025585214 0.777786613 637.454345703 0.018810306 0.998668253 0.048039068 9.279813766 -0.777980030 0.044799291 -0.626689792 -328.285034180
-0.627527952 -0.026217638 0.778152466 639.520629883 0.018659972 0.998639405 0.048694335 9.376915932 -0.778370380 0.045077361 -0.626184940 -329.908721924
-0.627299845 -0.026201833 0.778336883 641.579223633 0.019526549 0.998590469 0.049353827 9.469929695 -0.778532863 0.046157885 -0.625904083 -331.531066895
-0.626303434 -0.025362020 0.779166758 643.636962891 0.019141426 0.998669028 0.047892958 9.567146301 -0.779344380 0.044909887 -0.624984384 -333.164886475
-0.625692785 -0.023580233 0.779713213 645.722778320 0.020202031 0.998718083 0.046414845 9.664041519 -0.779807925 0.044793211 -0.624414086 -334.820617676
-0.625618160 -0.023888094 0.779763460 647.778991699 0.020321108 0.998693049 0.046898991 9.751988411 -0.779864728 0.045186535 -0.624315143 -336.428680420
-0.625524700 -0.024046209 0.779833674 649.836669922 0.021364545 0.998622119 0.047929619 9.851108551 -0.779911637 0.046641957 -0.624149203 -338.055847168
-0.624991894 -0.024541928 0.780245364 651.928405762 0.021377603 0.998592675 0.048533730 9.941780090 -0.780338466 0.047012955 -0.623587728 -339.697418213
-0.624707520 -0.025365731 0.780446649 653.990905762 0.020786913 0.998577833 0.049094182 10.033035278 -0.780582130 0.046892587 -0.623291790 -341.313110352
-0.624771595 -0.025948133 0.780376434 656.043640137 0.020347895 0.998567164 0.049493734 10.125658989 -0.780542374 0.046801295 -0.623348236 -342.911956787
-0.624309361 -0.025337508 0.780766189 658.127868652 0.020557959 0.998594701 0.048844881 10.221372604 -0.780906677 0.046545271 -0.622911155 -344.566253662
-0.624074399 -0.024351912 0.780985296 660.195800781 0.020489056 0.998660445 0.047511749 10.322449684 -0.781096101 0.045652527 -0.622739613 -346.201171875
-0.624198914 -0.023888091 0.780900240 662.266296387 0.020417538 0.998692274 0.046870839 10.414747238 -0.780998826 0.045200784 -0.622894824 -347.824005127
-0.624137163 -0.024417315 0.780933142 664.325012207 0.019546615 0.998710752 0.046848577 10.507921219 -0.781070232 0.044504542 -0.622855127 -349.428833008
-0.624373853 -0.024625272 0.780737281 666.378845215 0.019508289 0.998699605 0.047101259 10.598645210 -0.780881882 0.044639651 -0.623081505 -351.052032471
-0.625058234 -0.025270568 0.780168891 668.463806152 0.018589318 0.998710454 0.047242820 10.686769485 -0.780356765 0.044032324 -0.623782337 -352.675415039
-0.624965191 -0.026016211 0.780218899 670.523315430 0.017756198 0.998712361 0.047524754 10.781462669 -0.780450642 0.043555040 -0.623698354 -354.303283691
-0.625656128 -0.025570953 0.779679716 672.575439453 0.017340260 0.998759806 0.046670821 10.874902725 -0.779906094 0.042719733 -0.624436855 -355.918334961
-0.625844419 -0.025035614 0.779546022 674.635009766 0.017247688 0.998796046 0.045923959 10.974698067 -0.779757202 0.042186622 -0.624659121 -357.542602539
-0.626489699 -0.025686843 0.779006243 676.706542969 0.017323943 0.998750925 0.046864867 11.060595512 -0.779237151 0.042855814 -0.625262141 -359.159698486
-0.626715541 -0.025998531 0.778814316 678.755310059 0.017899174 0.998699307 0.047742333 11.149512291 -0.779042542 0.043860994 -0.625434995 -360.775329590
-0.627281427 -0.025586622 0.778372169 680.812927246 0.018925281 0.998664200 0.048079729 11.248621941 -0.778562665 0.044890434 -0.625959396 -362.406829834
-0.627712846 -0.026128771 0.778006196 682.875366211 0.018397432 0.998659432 0.048382699 11.345920563 -0.778227568 0.044683762 -0.626390815 -364.036468506
-0.627532661 -0.025440423 0.778174520 684.937133789 0.018227536 0.998712003 0.047349326 11.439634323 -0.778376877 0.043897450 -0.626260698 -365.685821533
-0.627903640 -0.024455614 0.777906716 686.981750488 0.018712185 0.998743057 0.046502125 11.535910606 -0.778065979 0.043755189 -0.626656771 -367.282958984
-0.627434373 -0.023501281 0.778314710 689.021362305 0.019941265 0.998731673 0.046232346 11.626999855 -0.778414071 0.044528343 -0.626169920 -368.890075684
-0.627021790 -0.022288512 0.778682649 691.065246582 0.021296650 0.998726547 0.045735702 11.720149994 -0.778710425 0.045260623 -0.625748634 -370.494140625
-0.626890957 -0.021846591 0.778800666 693.090942383 0.022802807 0.998664081 0.046369091 11.806468010 -0.778773248 0.046827201 -0.625555217 -372.093597412
-0.626795650 -0.021925272 0.778875291 695.157104492 0.023003370 0.998647630 0.046623688 11.889582634 -0.778844059 0.047140274 -0.625443459 -373.721435547
-0.626330674 -0.022108020 0.779243946 697.200744629 0.022031553 0.998696506 0.046042372 11.975483894 -0.779246092 0.046005704 -0.625027180 -375.340728760
-0.626260996 -0.022163186 0.779298365 699.257934570 0.021307556 0.998735845 0.045527186 12.060309410 -0.779322267 0.045116846 -0.624997079 -376.954956055
-0.626032889 -0.021662287 0.779495716 701.291992188 0.020987161 0.998783946 0.044611659 12.146886826 -0.779514194 0.044287767 -0.624816954 -378.560241699
-0.625970960 -0.022429837 0.779523790 703.340942383 0.020721408 0.998754978 0.045377582 12.230223656 -0.779571235 0.044557873 -0.624726772 -380.172729492
-0.625383615 -0.023145676 0.779974103 705.392333984 0.021591786 0.998663962 0.046947584 12.316694260 -0.780018687 0.046201281 -0.624048352 -381.791717529
-0.625071824 -0.023538301 0.780212283 707.469665527 0.022459345 0.998589039 0.048119973 12.406651497 -0.780244052 0.047601495 -0.623661220 -383.416534424
-0.624577105 -0.022970106 0.780625284 709.534851074 0.023185404 0.998581290 0.047934134 12.500461578 -0.780618906 0.048037674 -0.623158455 -385.049224854
-0.624227941 -0.021444280 0.780947745 711.601257324 0.024151064 0.998615682 0.046725746 12.593276024 -0.780868888 0.048028242 -0.622846127 -386.670867920
-0.623719633 -0.020741750 0.781372905 713.667724609 0.024089398 0.998662949 0.045738783 12.684986115 -0.781276882 0.047350977 -0.622386038 -388.298828125
-0.622946680 -0.020089544 0.782006323 715.728332520 0.023865798 0.998716772 0.044668291 12.768769264 -0.781900167 0.046489168 -0.621667802 -389.917877197
-0.622512877 -0.019365616 0.782369971 717.802551270 0.024550958 0.998718679 0.044255383 12.856575966 -0.782224417 0.046757478 -0.621239543 -391.548492432
-0.621922791 -0.018456217 0.782860994 719.883544922 0.024932388 0.998748600 0.043352708 12.939281464 -0.782681584 0.046480630 -0.620684326 -393.184906006
-0.621471941 -0.018271662 0.783223271 721.951354980 0.025068717 0.998752177 0.043191217 13.017646790 -0.783035100 0.046476532 -0.620238543 -394.800659180
-0.620964527 -0.020111144 0.783580601 724.024536133 0.023417208 0.998748600 0.044191029 13.093461037 -0.783488810 0.045790337 -0.619716525 -396.413482666
-0.620481253 -0.020920109 0.783942223 726.073852539 0.021689439 0.998803914 0.043820798 13.180432320 -0.783921301 0.044193260 -0.619285345 -398.000274658
-0.619704008 -0.020905374 0.784557104 728.177001953 0.021383448 0.998824358 0.043505058 13.259845734 -0.784544110 0.043736801 -0.618528485 -399.645904541
-0.619821906 -0.019180693 0.784507990 730.254577637 0.022815432 0.998838186 0.042446874 13.345687866 -0.784410775 0.044208393 -0.618664086 -401.251281738
-0.619062841 -0.017808277 0.785139680 732.317443848 0.023867609 0.998854578 0.041474696 13.421270370 -0.784978688 0.044414844 -0.617928684 -402.850067139
-0.619071662 -0.017711008 0.785134852 734.399658203 0.023959663 0.998854339 0.041424051 13.504853249 -0.784968972 0.044456005 -0.617937922 -404.477111816
-0.618791342 -0.019942282 0.785302162 736.463806152 0.023037096 0.998787105 0.043516051 13.579954147 -0.785217464 0.045018438 -0.617581546 -406.069000244
-0.619092941 -0.021967251 0.785010457 738.533325195 0.021279532 0.998772323 0.044730991 13.659461021 -0.785029352 0.044397291 -0.617865503 -407.680908203
-0.619553685 -0.021363834 0.784663498 740.618835449 0.019817526 0.998885214 0.042843889 13.748082161 -0.784704089 0.042094178 -0.618439615 -409.293518066
-0.619617820 -0.020260591 0.784641981 742.706481934 0.019358203 0.998968244 0.041081630 13.827695847 -0.784664929 0.040644173 -0.618586481 -410.910705566
-0.619690418 -0.020004250 0.784591198 744.777038574 0.021419430 0.998871624 0.042385247 13.906619072 -0.784554005 0.043071229 -0.618562698 -412.531982422
-0.619427085 -0.020373207 0.784789801 746.849243164 0.023051959 0.998760104 0.044122588 13.988782883 -0.784715652 0.045421667 -0.618189454 -414.154449463
-0.618848026 -0.019759357 0.785262167 748.906677246 0.025491271 0.998651803 0.045217939 14.076957703 -0.785097003 0.048000365 -0.617510080 -415.763916016
-0.618320704 -0.017523322 0.785730541 750.980957031 0.026667742 0.998707891 0.043258976 14.167304993 -0.785473347 0.047701579 -0.617054462 -417.386993408
-0.617582023 -0.015610628 0.786351562 753.047424316 0.027032970 0.998790979 0.041059036 14.249841690 -0.786041796 0.046614729 -0.616413355 -419.003051758
-0.616318703 -0.014222167 0.787368476 755.098876953 0.026739592 0.998882413 0.038973350 14.326380730 -0.787042737 0.045073912 -0.615249693 -420.593658447
-0.615423799 -0.013311610 0.788083911 757.177856445 0.028044149 0.998854399 0.038771760 14.394857407 -0.787697315 0.045962207 -0.614345431 -422.195007324
-0.615287304 -0.014453481 0.788170457 759.260681152 0.028473536 0.998771906 0.040543437 14.462662697 -0.787788570 0.047387857 -0.614120185 -423.789276123
-0.614932835 -0.015782226 0.788421452 761.353027344 0.027638689 0.998754084 0.041549470 14.536813736 -0.788094997 0.047341075 -0.613730490 -425.379913330
-0.614047229 -0.015497804 0.789117038 763.450378418 0.026804633 0.998820901 0.040474154 14.615273476 -0.788814008 0.046005033 -0.612907827 -426.994445801
-0.613521457 -0.016182693 0.789512157 765.555053711 0.026065098 0.998830378 0.040728014 14.688552856 -0.789247632 0.045566231 -0.612382054 -428.600250244
-0.613014221 -0.016119780 0.789907277 767.667358398 0.025949074 0.998841643 0.040521529 14.768122673 -0.789645493 0.045337636 -0.611885846 -430.209899902
-0.612425447 -0.016062953 0.790365040 769.746032715 0.025738789 0.998858452 0.040244311 14.839955330 -0.790109217 0.044989683 -0.611312807 -431.791748047
-0.611285806 -0.016073821 0.791246593 771.836730957 0.024665961 0.998921037 0.039348569 14.916560173 -0.791025460 0.043570083 -0.610229790 -433.389648438
-0.611294985 -0.014268988 0.791274130 773.934875488 0.026432559 0.998911500 0.038433645 14.991883278 -0.790961325 0.044409696 -0.610252321 -434.982025146
-0.610469759 -0.014988852 0.791897655 776.027221680 0.026491383 0.998875022 0.039328530 15.066604614 -0.791596413 0.044987343 -0.609385908 -436.581634521
-0.610628366 -0.016845040 0.791738033 778.147216797 0.025378719 0.998843968 0.040824771 15.134560585 -0.791510522 0.045022063 -0.609494865 -438.182922363
-0.610601306 -0.017794963 0.791738212 780.241699219 0.024183640 0.998862267 0.041101053 15.209199905 -0.791568816 0.044243477 -0.609476268 -439.774841309
-0.611908615 -0.017807655 0.790728033 782.339172363 0.022915013 0.998927593 0.040229339 15.282456398 -0.790596426 0.042736217 -0.610844493 -441.338623047
-0.611737192 -0.017329639 0.790871203 784.431213379 0.022101713 0.998995245 0.038985696 15.354601860 -0.790752232 0.041328598 -0.610739589 -442.946990967
-0.612579644 -0.017252941 0.790220559 786.518676758 0.021975670 0.999003410 0.038846865 15.431183815 -0.790103316 0.041162428 -0.611590087 -444.530944824
-0.613046527 -0.016884789 0.789866328 788.607482910 0.022887897 0.998972416 0.039118990 15.495540619 -0.789715409 0.042060141 -0.612030029 -446.125762939
-0.614038706 -0.016149087 0.789110601 790.674011230 0.024107143 0.998940468 0.039201967 15.564885139 -0.788907528 0.043094732 -0.612998903 -447.713287354
-0.614045322 -0.015888082 0.789110839 792.726806641 0.025167720 0.998894811 0.039696123 15.638869286 -0.788869381 0.044235338 -0.612966835 -449.304443359
-0.614405513 -0.016694726 0.788813710 794.806640625 0.025036579 0.998860002 0.040641166 15.710906982 -0.788592935 0.044719368 -0.613287270 -450.890136719
-0.614861071 -0.017078359 0.788450360 796.883605957 0.024141837 0.998889327 0.040463243 15.784842491 -0.788265705 0.043913919 -0.613765955 -452.484161377
-0.614916742 -0.016383344 0.788421690 798.954956055 0.023082746 0.998981774 0.038761787 15.855145454 -0.788254082 0.042034220 -0.613912582 -454.071899414
-0.615227103 -0.014649285 0.788213789 801.029418945 0.022881381 0.999074221 0.036427900 15.924153328 -0.788017809 0.040446855 -0.614322424 -455.662658691
-0.614553213 -0.013291825 0.788763404 803.091430664 0.023311585 0.999115407 0.034999438 15.991222382 -0.788530886 0.039896350 -0.613699734 -457.263244629
-0.614613235 -0.013637557 0.788710713 805.162109375 0.023448301 0.999092877 0.035547659 16.048534393 -0.788480043 0.040341988 -0.613735914 -458.835235596
-0.614344001 -0.014099169 0.788912356 807.241149902 0.023712823 0.999058843 0.036320556 16.108289719 -0.788681924 0.041020654 -0.613431454 -460.429626465
-0.614261210 -0.014003995 0.788978636 809.308837891 0.024290925 0.999033034 0.036644116 16.176671982 -0.788728774 0.041674074 -0.613326967 -462.020599365
-0.613571763 -0.013954094 0.789515734 811.397888184 0.025430404 0.998975992 0.037419364 16.240795135 -0.789229572 0.043037172 -0.612588525 -463.612060547
-0.612814724 -0.013542976 0.790110588 813.464111328 0.026350938 0.998946846 0.037560504 16.304092407 -0.789787173 0.043837786 -0.611812472 -465.193603516
-0.611684024 -0.013654596 0.790984333 815.550354004 0.026562946 0.998932660 0.037786022 16.372827530 -0.790656090 0.044123974 -0.610668480 -466.791900635
-0.610934019 -0.013776620 0.791561663 817.623657227 0.026553132 0.998929381 0.037879650 16.443052292 -0.791236103 0.044160411 -0.609914184 -468.361450195
-0.609943688 -0.013435025 0.792330801 819.693237305 0.027368402 0.998902559 0.038006179 16.508975983 -0.791971862 0.044866461 -0.608906746 -469.944396973
-0.608487606 -0.013709364 0.793444932 821.785217285 0.027803723 0.998868525 0.038581233 16.581308365 -0.793076158 0.045536924 -0.607418001 -471.542724609
-0.607376516 -0.014952752 0.794273257 823.888000488 0.027158754 0.998847485 0.039572164 16.649023056 -0.793949604 0.045606676 -0.606270432 -473.126586914
-0.606831014 -0.016097056 0.794667840 825.983276367 0.026458807 0.998831689 0.040437363 16.725234985 -0.794390380 0.045564607 -0.605696142 -474.699554443
-0.606115043 -0.016405521 0.795207798 828.074096680 0.024909291 0.998905241 0.039594002 16.796493530 -0.794986844 0.043806579 -0.605042875 -476.270690918
-0.605316758 -0.016068380 0.795822501 830.188659668 0.025370855 0.998898685 0.039466202 16.865623474 -0.795580268 0.044080257 -0.604242504 -477.858398438
-0.604858518 -0.015165888 0.796188533 832.295715332 0.026655877 0.998872757 0.039276902 16.940433502 -0.795886695 0.044980071 -0.603772461 -479.439300537
-0.604469419 -0.016018592 0.796467304 834.386779785 0.026466800 0.998842061 0.040175419 17.016136169 -0.796188593 0.045364760 -0.603345513 -480.997436523
-0.604721248 -0.016053285 0.796275377 836.497741699 0.026090456 0.998861074 0.039951570 17.096155167 -0.796009719 0.044934753 -0.603613615 -482.572967529
-0.604735672 -0.018305130 0.796215773 838.608215332 0.025439108 0.998781741 0.042283464 17.175214767 -0.796019852 0.045825344 -0.603533208 -484.163635254
-0.605121374 -0.019923192 0.795883834 840.697387695 0.023455376 0.998806655 0.042836353 17.256816864 -0.795787632 0.044588950 -0.603931904 -485.710327148
-0.605915308 -0.019800832 0.795282662 842.813415527 0.022376811 0.998870432 0.041918319 17.339931488 -0.795214415 0.043194849 -0.604787707 -487.287475586
-0.606070518 -0.019556899 0.795170426 844.965637207 0.021459987 0.998931766 0.040924899 17.407983780 -0.795121372 0.041867722 -0.605003417 -488.889221191
-0.605436623 -0.020128192 0.795638978 847.081481934 0.021030270 0.998926461 0.041273866 17.491718292 -0.795615494 0.041721206 -0.604363561 -490.472167969
-0.604718506 -0.021882543 0.796138525 849.205932617 0.020003224 0.998889983 0.042649068 17.571010590 -0.796188056 0.041716024 -0.603609443 -492.065979004
-0.604243577 -0.021030640 0.796522021 851.314636230 0.019619668 0.998955846 0.041259039 17.653047562 -0.796558082 0.040557999 -0.603199959 -493.638793945
-0.604065239 -0.019149814 0.796704769 853.432128906 0.020739388 0.998994946 0.039736815 17.734565735 -0.796664953 0.040526796 -0.603060961 -495.212951660
-0.603291154 -0.018870387 0.797297776 855.475769043 0.022346547 0.998927534 0.040551510 17.804729462 -0.797207892 0.042281222 -0.602222443 -496.757385254
-0.603180349 -0.020270254 0.797347248 857.627929688 0.022990106 0.998819828 0.042783756 17.883995056 -0.797273457 0.044137418 -0.602002442 -498.379394531
-0.603473902 -0.021244297 0.797099710 859.804748535 0.023903506 0.998713791 0.044714753 17.972749710 -0.797024429 0.046037670 -0.602189898 -500.002655029
-0.603278279 -0.022720248 0.797207177 861.932983398 0.023130015 0.998675227 0.045965452 18.054164886 -0.797195256 0.046169370 -0.601953387 -501.586700439
-0.602801621 -0.023015954 0.797559083 864.085632324 0.023167277 0.998657465 0.046329260 18.148061752 -0.797554731 0.046404611 -0.601459146 -503.196411133
-0.601943612 -0.022607030 0.798218489 866.208068848 0.022863192 0.998701394 0.045526415 18.235752106 -0.798211217 0.045654155 -0.600645125 -504.781616211
-0.601255715 -0.020564070 0.798792005 868.349304199 0.025323981 0.998676240 0.044771399 18.321556091 -0.798655272 0.047147643 -0.599939048 -506.365173340
-0.599840462 -0.019181371 0.799889624 870.456298828 0.027781976 0.998610497 0.044780519 18.406234741 -0.799637020 0.049083687 -0.598474145 -507.939544678
-0.598472238 -0.018982455 0.800918519 872.594421387 0.028868977 0.998558998 0.045238543 18.492624283 -0.800623059 0.050195716 -0.597062051 -509.534637451
-0.597223878 -0.020195045 0.801820278 874.716979980 0.028825931 0.998496652 0.046619203 18.579116821 -0.801556289 0.050955322 -0.595744014 -511.103851318
-0.596151948 -0.020546762 0.802608669 876.831909180 0.029620763 0.998429060 0.047561113 18.657356262 -0.802325189 0.052127525 -0.594606876 -512.653991699
-0.594575107 -0.021735359 0.803746223 878.952819824 0.029480426 0.998373091 0.048806846 18.750833511 -0.803499639 0.052714113 -0.592966855 -514.211975098
-0.594169080 -0.022740854 0.804018617 881.078735352 0.028146168 0.998400211 0.049038745 18.846263885 -0.803847432 0.051767353 -0.592578530 -515.759582520
-0.593345344 -0.022276722 0.804639697 883.223449707 0.027786773 0.998454392 0.048132654 18.942983627 -0.804468274 0.050917629 -0.591809273 -517.322387695
-0.592223287 -0.023255799 0.805438161 885.383056641 0.026538802 0.998478174 0.048343010 19.045524597 -0.805336773 0.050005224 -0.590704739 -518.894226074
-0.591339409 -0.023166690 0.806089818 887.542297363 0.027057264 0.998454511 0.048544105 19.132986069 -0.805968702 0.050516628 -0.589798748 -520.454284668
-0.590364277 -0.022572346 0.806821167 889.687561035 0.027686857 0.998454273 0.048192583 19.224773407 -0.806661785 0.050789520 -0.588826835 -522.013366699
-0.589402318 -0.022409048 0.807528734 891.800415039 0.028024415 0.998446345 0.048161607 19.316036224 -0.807353437 0.051017076 -0.587858498 -523.544433594
-0.588751256 -0.022252055 0.808007956 893.928955078 0.029228760 0.998381197 0.048792221 19.407680511 -0.807785630 0.052343544 -0.587147772 -525.076110840
-0.587840855 -0.022885334 0.808652818 896.035583496 0.029290235 0.998342276 0.049545851 19.500398636 -0.808446169 0.052810706 -0.586196065 -526.596923828
-0.587208033 -0.023661714 0.809090137 898.127563477 0.029092912 0.998309851 0.050309997 19.593469620 -0.808913052 0.053081226 -0.585527182 -528.091918945
-0.586608827 -0.023635615 0.809525371 900.235290527 0.028939074 0.998323798 0.050118148 19.686555862 -0.809353232 0.052826658 -0.584941566 -529.598205566
-0.586011529 -0.023515943 0.809961379 902.361511230 0.028227976 0.998379648 0.049409475 19.783683777 -0.809810758 0.051818084 -0.584398210 -531.118591309
-0.585505366 -0.023545943 0.810326457 904.460571289 0.027850505 0.998403728 0.049134500 19.880685806 -0.810189843 0.051336516 -0.583915114 -532.620910645
-0.585138202 -0.023695396 0.810587347 906.570739746 0.027247826 0.998434126 0.048855979 19.968170166 -0.810475707 0.050674241 -0.583576262 -534.116394043
-0.584854424 -0.022928488 0.810814142 908.648620605 0.027918369 0.998439133 0.048372217 20.056798935 -0.810657680 0.050927319 -0.583301425 -535.586608887
-0.584550440 -0.021239214 0.811079264 910.735717773 0.028961519 0.998474061 0.047019161 20.140985489 -0.810840309 0.050975163 -0.583043218 -537.057128906
-0.584140241 -0.021421663 0.811369896 912.841796875 0.029835898 0.998409331 0.047839999 20.230308533 -0.811104059 0.052153215 -0.582571924 -538.547302246
-0.584482610 -0.024063969 0.811049342 914.977478027 0.030077633 0.998230755 0.051293112 20.321573257 -0.810848594 0.054374371 -0.582724631 -540.047973633
-0.583880305 -0.024812648 0.811460495 917.093139648 0.028021559 0.998321295 0.050689131 20.426937103 -0.811356008 0.052334767 -0.582204878 -541.553588867
-0.583948612 -0.020832557 0.811523259 919.177246094 0.025370458 0.998714030 0.043893769 20.515405655 -0.811394095 0.046220418 -0.582669139 -543.028442383
-0.584258854 -0.018486997 0.811356783 921.263244629 0.023592286 0.998931110 0.039749756 20.588962555 -0.811224401 0.042365909 -0.583198190 -544.482177734
-0.584171116 -0.022579379 0.811316431 923.369079590 0.023047740 0.998748362 0.044390734 20.664739609 -0.811303258 0.044630788 -0.582919359 -545.977355957
-0.583586931 -0.026811976 0.811607897 925.450805664 0.023079367 0.998503387 0.049581412 20.759124756 -0.811722636 0.047666468 -0.582094729 -547.457824707
-0.583605409 -0.028513459 0.811536551 927.554443359 0.023769949 0.998355150 0.052171197 20.861448288 -0.811689377 0.049737573 -0.581967890 -548.934448242
-0.583592057 -0.028216710 0.811556578 929.673828125 0.024599388 0.998323143 0.052399807 20.964988708 -0.811674178 0.050543908 -0.581919432 -550.405700684
-0.583309054 -0.027107524 0.811797857 931.792602539 0.025844224 0.998317540 0.051905882 21.066568375 -0.811839044 0.051257454 -0.581627071 -551.903869629
-0.583120167 -0.027763397 0.811911404 933.885437012 0.026161809 0.998255670 0.052925047 21.174968719 -0.811964512 0.052102722 -0.581376672 -553.362487793
-0.582838774 -0.029299755 0.812059402 936.020629883 0.024871010 0.998238206 0.053867895 21.275564194 -0.812207103 0.051593039 -0.581083298 -554.844299316
-0.581859052 -0.029167442 0.812766433 938.117431641 0.025419708 0.998216152 0.054020554 21.386919022 -0.812892318 0.052092630 -0.580079734 -556.334411621
-0.581169605 -0.027663773 0.813312113 940.223510742 0.025375897 0.998319983 0.052089468 21.491178513 -0.813386738 0.050911341 -0.579491198 -557.803039551
-0.580075085 -0.027213234 0.814108312 942.320678711 0.025911750 0.998319507 0.051833715 21.588211060 -0.814150751 0.051162422 -0.578395128 -559.270874023
-0.579520464 -0.027667981 0.814487815 944.437377930 0.026465053 0.998257399 0.052740891 21.687740326 -0.814527869 0.052119888 -0.577778339 -560.720397949
-0.578951836 -0.027492374 0.814898074 946.569702148 0.026841063 0.998247087 0.052747536 21.798351288 -0.814919710 0.052411024 -0.577199161 -562.201171875
-0.578336239 -0.026416983 0.815370619 948.702270508 0.027382839 0.998283803 0.051765583 21.903760910 -0.815338790 0.052265078 -0.576620460 -563.688842773
-0.577368140 -0.026989426 0.816037774 950.841735840 0.026665233 0.998297215 0.051883779 22.001594543 -0.816048324 0.051715873 -0.575665176 -565.181335449
-0.576600850 -0.028365621 0.816533506 952.953369141 0.026461374 0.998224497 0.053363282 22.108741760 -0.816597402 0.052375901 -0.574826360 -566.638732910
-0.575850308 -0.028162675 0.817069948 955.085449219 0.027642211 0.998164535 0.053886149 22.212438583 -0.817087710 0.053615984 -0.574014783 -568.126220703
-0.575387299 -0.029706981 0.817341506 957.218750000 0.027356410 0.998081923 0.055534355 22.321737289 -0.817423642 0.054313291 -0.573471010 -569.577758789
-0.574923933 -0.034055065 0.817497790 959.345581055 0.026344096 0.997844994 0.060094997 22.437397003 -0.817782521 0.056086294 -0.572787881 -571.028625488
-0.574491739 -0.036944278 0.817676127 961.475341797 0.025251549 0.997705400 0.062819868 22.564546585 -0.818120778 0.056737073 -0.572240591 -572.500000000
-0.573940456 -0.037515242 0.818037271 963.573242188 0.023662101 0.997773230 0.062359437 22.689773560 -0.818555117 0.055147085 -0.571774721 -573.944274902
-0.573859453 -0.034560397 0.818224311 965.640930176 0.025193896 0.997891247 0.059818905 22.810495377 -0.818566203 0.054941896 -0.571778774 -575.376037598
-0.573671103 -0.032129481 0.818455279 967.733276367 0.027736848 0.997895181 0.058614906 22.930135727 -0.818615973 0.056327045 -0.571572423 -576.821472168
-0.573507249 -0.031177720 0.818607032 969.865722656 0.028900450 0.997883439 0.058253039 23.039125443 -0.818690598 0.057066645 -0.571392179 -578.282897949
-0.573766589 -0.031828012 0.818400204 971.966918945 0.027900426 0.997905076 0.058369569 23.161146164 -0.818543494 0.056324217 -0.571676612 -579.728515625
-0.574038565 -0.033459820 0.818144262 974.112548828 0.024693593 0.998002827 0.058141425 23.280006409 -0.818455696 0.053578336 -0.572066009 -581.188781738
-0.573959827 -0.032968868 0.818219423 976.262329102 0.023645701 0.998105228 0.056803931 23.394535065 -0.818542004 0.051950548 -0.572092772 -582.669494629
-0.573922455 -0.032146636 0.818278313 978.395263672 0.024658697 0.998097837 0.056506034 23.503124237 -0.818538189 0.052607775 -0.572038054 -584.123657227
-0.573815942 -0.031178938 0.818390608 980.539062500 0.027693056 0.997964978 0.057437379 23.623058319 -0.818515956 0.055622220 -0.571784735 -585.599243164
-0.573162973 -0.029703807 0.818902910 982.678222656 0.030312996 0.997890234 0.057412699 23.740337372 -0.818880737 0.057730235 -0.571053207 -587.086730957
-0.573227227 -0.028423499 0.818903387 984.794616699 0.031422086 0.997900546 0.056631621 23.854269028 -0.818793774 0.058194429 -0.571130514 -588.549499512
-0.572864950 -0.028409302 0.819157362 986.928710938 0.031515669 0.997896671 0.056648172 23.967281342 -0.819043696 0.058268033 -0.570764542 -590.018615723
-0.572155654 -0.028866500 0.819636762 989.062500000 0.031777125 0.997849703 0.057325255 24.076137543 -0.819529235 0.058844674 -0.570008218 -591.493774414
-0.571767926 -0.028904632 0.819906056 991.224731445 0.031351201 0.997879446 0.057041839 24.193243027 -0.819816172 0.058319721 -0.569649220 -592.976562500
-0.571366012 -0.027857117 0.820222378 993.332031250 0.030737842 0.997996092 0.055306766 24.299476624 -0.820119560 0.056812271 -0.569364727 -594.409179688
-0.570817888 -0.028105639 0.820595443 995.443298340 0.030361567 0.998007953 0.055302002 24.403169632 -0.820515156 0.056481928 -0.568827391 -595.845092773
-0.570074081 -0.027862642 0.821120560 997.548889160 0.031330597 0.997960746 0.055614948 24.511695862 -0.820995569 0.057430856 -0.568038583 -597.279113770
-0.569462597 -0.029360814 0.821492732 999.640380859 0.031747017 0.997830689 0.057670463 24.616588593 -0.821403980 0.058921121 -0.567295194 -598.711914062
-0.568649352 -0.031951070 0.821959198 1001.718627930 0.030158533 0.997763634 0.059649251 24.721271515 -0.822027028 0.058708601 -0.566413999 -600.138305664
-0.568118155 -0.032604132 0.822300851 1003.761596680 0.029507032 0.997765303 0.059947334 24.842151642 -0.822417855 0.058320832 -0.565886557 -601.536437988
-0.568088770 -0.032207347 0.822336853 1005.838867188 0.027452258 0.997936130 0.058049440 24.946807861 -0.822509289 0.055552237 -0.566032171 -602.919494629
-0.567815721 -0.031516563 0.822552204 1007.978149414 0.026524745 0.998047292 0.056551050 25.047588348 -0.822728217 0.053928558 -0.565871060 -604.363037109
-0.567658424 -0.031435046 0.822663844 1010.069091797 0.027120091 0.998014390 0.056848954 25.150781631 -0.822817385 0.054581508 -0.565678716 -605.777465820
-0.567847252 -0.031347789 0.822536826 1012.198120117 0.027636370 0.997985125 0.057113394 25.263673782 -0.822669804 0.055163614 -0.565836668 -607.211853027
-0.567650199 -0.030152485 0.822717488 1014.314758301 0.028411062 0.998016357 0.056179933 25.373565674 -0.822779477 0.055264834 -0.565667510 -608.644348145
-0.567561924 -0.029469285 0.822803020 1016.421508789 0.030357497 0.997930646 0.056681924 25.474302292 -0.822770894 0.057148743 -0.565492988 -610.073303223
-0.567691147 -0.029001271 0.822730660 1018.515991211 0.031731363 0.997865736 0.057069693 25.573713303 -0.822629869 0.058504321 -0.565559328 -611.458618164
-0.566910088 -0.026999742 0.823337138 1020.621032715 0.034343194 0.997819185 0.056368593 25.682132721 -0.823063672 0.060231946 -0.564746439 -612.904602051
-0.566143453 -0.026541825 0.823879302 1022.729431152 0.035373960 0.997778475 0.056451965 25.787822723 -0.823547244 0.061103780 -0.563946903 -614.338256836
-0.565837324 -0.027794035 0.824048340 1024.831054688 0.034477364 0.997759938 0.057327162 25.893022537 -0.823795795 0.060848869 -0.563611388 -615.752258301
-0.565417767 -0.030195169 0.824251652 1026.936279297 0.029470300 0.997951984 0.056774359 25.997194290 -0.824277997 0.056392178 -0.563369989 -617.154907227
-0.565092683 -0.032516867 0.824386418 1029.048461914 0.025710952 0.998043597 0.056990646 26.109111786 -0.824626744 0.053400755 -0.563150942 -618.567749023
-0.564706147 -0.033010222 0.824631631 1031.142822266 0.022439446 0.998216212 0.055325340 26.216058731 -0.824986935 0.049746830 -0.562958062 -619.966064453
-0.563598812 -0.032211658 0.825420320 1033.224853516 0.020825157 0.998367727 0.053180311 26.322978973 -0.825786114 0.047161873 -0.562007964 -621.368957520
-0.562857211 -0.031371392 0.825958669 1035.306640625 0.021597527 0.998380065 0.052638091 26.423601151 -0.826272130 0.047466394 -0.561267793 -622.762756348
-0.562083960 -0.031135997 0.826493919 1037.388427734 0.024112070 0.998249531 0.054004624 26.527688980 -0.826728642 0.050283603 -0.560349286 -624.155944824
-0.560847878 -0.030582847 0.827353716 1039.412353516 0.026510211 0.998141706 0.054866754 26.630523682 -0.827494204 0.052705232 -0.558994889 -625.529052734
-0.559721649 -0.030981788 0.828101337 1041.524414062 0.027107973 0.998081505 0.055663817 26.730686188 -0.828237176 0.053604398 -0.557807982 -626.930358887
-0.558982432 -0.029575288 0.828651845 1043.606933594 0.026481293 0.998217165 0.053490680 26.828588486 -0.828756392 0.051844127 -0.557202756 -628.309936523
-0.557609677 -0.027691705 0.829641283 1045.690185547 0.026739325 0.998325586 0.051293787 26.926292419 -0.829672515 0.050785959 -0.555935502 -629.695434570
-0.556744576 -0.026885251 0.830248475 1047.766113281 0.027359750 0.998340368 0.050675206 27.018863678 -0.830233037 0.050928544 -0.555084944 -631.071838379
-0.556259513 -0.028559560 0.830517769 1049.841308594 0.028900273 0.998139799 0.053680357 27.109569550 -0.830505967 0.053862397 -0.554399431 -632.434204102
-0.555748165 -0.029675407 0.830820858 1051.920654297 0.031129053 0.997919083 0.056466524 27.225658417 -0.830767691 0.057243843 -0.553667963 -633.798583984
-0.555193901 -0.032440323 0.831087947 1053.984985352 0.029026400 0.997874618 0.058341194 27.334806442 -0.831214130 0.056514174 -0.553072512 -635.142089844
-0.554717481 -0.034888480 0.831306994 1056.071166992 0.024546644 0.997999310 0.058263842 27.454805374 -0.831676602 0.052725766 -0.552751303 -636.513610840
-0.554373264 -0.035535250 0.831509113 1058.151000977 0.021065904 0.998168886 0.056702383 27.559497833 -0.832001507 0.048950776 -0.552609563 -637.861999512
-0.553691208 -0.035571925 0.831961811 1060.237548828 0.019884262 0.998237550 0.055914793 27.668819427 -0.832484603 0.047502480 -0.552008092 -639.223693848
-0.553683817 -0.034513835 0.832011461 1062.321899414 0.020076623 0.998297036 0.054772288 27.771837234 -0.832484901 0.047030505 -0.552048206 -640.572998047
-0.553757787 -0.032593999 0.832039595 1064.394042969 0.020908147 0.998374283 0.053025194 27.878736496 -0.832415462 0.046759509 -0.552175879 -641.923339844
-0.553947449 -0.030693918 0.831985712 1066.490844727 0.023494219 0.998345792 0.052474122 27.982366562 -0.832220078 0.048614755 -0.552310169 -643.299133301
-0.553322494 -0.028520029 0.832478642 1068.570922852 0.027017588 0.998273253 0.052157767 28.082403183 -0.832528830 0.051351637 -0.551596463 -644.682128906
-0.553368270 -0.027878501 0.832470059 1070.650878906 0.029425114 0.998161495 0.052987102 28.185836792 -0.832416832 0.053816903 -0.551530600 -646.039489746
-0.552389920 -0.029885447 0.833049893 1072.728271484 0.028892644 0.998070240 0.054964032 28.291603088 -0.833085001 0.054430589 -0.550460458 -647.394042969
-0.551786959 -0.030279070 0.833435237 1074.836059570 0.027992783 0.998105168 0.054794595 28.395404816 -0.833515167 0.053565111 -0.549893856 -648.777038574
-0.551412344 -0.028371364 0.833750308 1076.928955078 0.028399214 0.998203874 0.052749693 28.486871719 -0.833749354 0.052764684 -0.549616039 -650.124755859
-0.549907744 -0.022579575 0.834920049 1079.024536133 0.033369947 0.998242319 0.048975084 28.588191986 -0.834558487 0.054793023 -0.548187673 -651.501708984
-0.548559785 -0.021246355 0.835841358 1081.128295898 0.034673311 0.998239040 0.048130330 28.676828384 -0.835392118 0.055383749 -0.546857119 -652.870788574
-0.547539592 -0.021298556 0.836508632 1083.213867188 0.036529031 0.998114645 0.049323447 28.765954971 -0.835981965 0.057563398 -0.545729339 -654.233154297
-0.546997309 -0.021049568 0.836869597 1085.298950195 0.035826232 0.998179436 0.048523799 28.854969025 -0.836367369 0.056524273 -0.545247316 -655.568481445
-0.545829892 -0.026552983 0.837475121 1087.382812500 0.032958157 0.998043776 0.053124674 28.949674606 -0.837247431 0.056598675 -0.543887079 -656.900024414
-0.545554459 -0.030148966 0.837532878 1089.464599609 0.032954689 0.997808099 0.057384569 29.059482574 -0.837427199 0.058907043 -0.543365121 -658.243286133
-0.544268608 -0.031089025 0.838334680 1091.584472656 0.033320952 0.997723401 0.058632657 29.173845291 -0.838248968 0.059846032 -0.541993558 -659.592651367
-0.543458283 -0.028894734 0.838938713 1093.645874023 0.033947188 0.997833312 0.056358121 29.283159256 -0.838749468 0.059107907 -0.541299880 -660.890319824
-0.542272985 -0.026512485 0.839783967 1095.731445312 0.033879422 0.997999132 0.053384364 29.385768890 -0.839519024 0.057400297 -0.540289760 -662.227661133
-0.540917933 -0.026138837 0.840669096 1097.856567383 0.033813804 0.998032987 0.052788805 29.486976624 -0.840395391 0.056980629 -0.538970113 -663.597961426
-0.540411711 -0.026854504 0.840972006 1099.956298828 0.034029253 0.997975171 0.053735364 29.589218140 -0.840712249 0.057656877 -0.538403630 -664.923400879
-0.539310753 -0.027398432 0.841661096 1102.072387695 0.034226663 0.997931480 0.054416887 29.696355820 -0.841410935 0.058154862 -0.537257314 -666.271484375
-0.538429618 -0.028444745 0.842190266 1104.191772461 0.034111988 0.997875094 0.055511456 29.799617767 -0.841979742 0.058617782 -0.536315203 -667.600097656
-0.537797332 -0.029063089 0.842572987 1106.285522461 0.034690354 0.997796357 0.056559395 29.908332825 -0.842360139 0.059646651 -0.535604000 -668.919189453
-0.537146628 -0.029097259 0.842986882 1108.380615234 0.034194499 0.997832060 0.056230564 30.012393951 -0.842795491 0.059029568 -0.534987152 -670.217773438
-0.536076725 -0.027465723 0.843722343 1110.529052734 0.034605291 0.997915566 0.054472379 30.123901367 -0.843459666 0.058398630 -0.534008741 -671.566162109
-0.535721362 -0.027393149 0.843950272 1112.680419922 0.033953011 0.997966647 0.053944875 30.223630905 -0.843711913 0.057554096 -0.533701837 -672.896728516
-0.534891784 -0.028362740 0.844444335 1114.786987305 0.033474863 0.997940361 0.054722086 30.328887939 -0.844257176 0.057538062 -0.532840610 -674.211853027
-0.534714460 -0.027818702 0.844574690 1116.929321289 0.034249175 0.997923315 0.054553442 30.438682556 -0.844338357 0.058096506 -0.532651246 -675.534973145
-0.534084976 -0.025879558 0.845034599 1119.055908203 0.034794625 0.998011649 0.052555699 30.544603348 -0.844714522 0.057471879 -0.532122552 -676.853698730
-0.533456564 -0.025256414 0.845450222 1121.214111328 0.034055691 0.998102129 0.051304877 30.645940781 -0.845141530 0.056161318 -0.531584144 -678.190124512
-0.532744169 -0.025516611 0.845891476 1123.340209961 0.033096913 0.998152435 0.050954115 30.739284515 -0.845628917 0.055141915 -0.530915380 -679.475097656
-0.531905055 -0.024478290 0.846450090 1125.469482422 0.033457235 0.998194098 0.049890898 30.828273773 -0.846142709 0.054857109 -0.530125558 -680.797546387
-0.531035483 -0.023401253 0.847026348 1127.578735352 0.034259964 0.998208225 0.049057018 30.920400620 -0.846656561 0.055070117 -0.529282391 -682.102294922
-0.530507565 -0.023651514 0.847350180 1129.712402344 0.034557749 0.998176217 0.049497273 31.009332657 -0.846975505 0.055541184 -0.528722644 -683.397460938
-0.530455530 -0.024033334 0.847371995 1131.742309570 0.034585427 0.998152196 0.049960297 31.073284149 -0.847006857 0.055808436 -0.528644204 -684.617431641
-0.528602242 -0.024609927 0.848512828 1134.044799805 0.033962827 0.998166144 0.050108399 31.198385239 -0.848190129 0.055305310 -0.526796877 -686.068481445
-0.528795600 -0.025696542 0.848360062 1136.192016602 0.033147790 0.998153746 0.050895259 31.292629242 -0.848101676 0.055034451 -0.526967525 -687.360961914
-0.528906643 -0.026027385 0.848280787 1138.314941406 0.031886436 0.998214364 0.050509054 31.381834030 -0.848080754 0.053763226 -0.527132332 -688.644226074
-0.528786302 -0.026069295 0.848354518 1140.433349609 0.031071547 0.998263597 0.050043046 31.481954575 -0.848185956 0.052821774 -0.527058184 -689.955688477
-0.529566288 -0.026725365 0.847847462 1142.624755859 0.030828377 0.998236954 0.050721299 31.581935883 -0.847708106 0.052998055 -0.527808905 -691.286865234
-0.529674768 -0.026382281 0.847790420 1144.801269531 0.031496447 0.998215020 0.050741397 31.679826736 -0.847615838 0.053578828 -0.527898371 -692.622009277
-0.530216813 -0.025360640 0.847482622 1146.986938477 0.031931158 0.998246133 0.049849514 31.774728775 -0.847260594 0.053492162 -0.528477252 -693.966186523
-0.530501246 -0.026147436 0.847280681 1149.133422852 0.032405235 0.998167992 0.051093515 31.868679047 -0.847064435 0.054561514 -0.528682113 -695.283996582
-0.530327618 -0.025421327 0.847411633 1151.290771484 0.033388015 0.998148620 0.050838158 31.966793060 -0.847135127 0.055254258 -0.528496921 -696.629943848
-0.530488491 -0.023114206 0.847376943 1153.472290039 0.034102466 0.998237014 0.048578639 32.061588287 -0.847006083 0.054668043 -0.528764844 -697.959777832
-0.530188918 -0.023099791 0.847564816 1155.646606445 0.034255702 0.998229027 0.048634481 32.163055420 -0.847187281 0.054819386 -0.528458655 -699.304504395
-0.531032681 -0.025390899 0.846970737 1157.827392578 0.034133397 0.998098671 0.051322404 32.252925873 -0.846663475 0.056163866 -0.529156327 -700.619750977
-0.530470490 -0.024989340 0.847334921 1159.976928711 0.034017939 0.998132765 0.050733402 32.358493805 -0.847020566 0.055737164 -0.528629899 -701.940490723
-0.530061662 -0.023514450 0.847633004 1162.137207031 0.034298506 0.998202801 0.049139783 32.455856323 -0.847265184 0.055119660 -0.528302431 -703.280212402
-0.529732645 -0.020845711 0.847908497 1164.320678711 0.035635542 0.998268306 0.046805657 32.550319672 -0.847415745 0.055010166 -0.528072298 -704.609680176
-0.528652430 -0.021327484 0.848570406 1166.483642578 0.036300279 0.998201668 0.047703013 32.629108429 -0.848061740 0.056021661 -0.526927590 -705.939636230
-0.528098464 -0.023333238 0.848862529 1168.703491211 0.036330480 0.998086452 0.050037146 32.734260559 -0.848405600 0.057264127 -0.526240170 -707.302307129
-0.528077006 -0.025521953 0.848812819 1170.910034180 0.036415949 0.997948170 0.052661806 32.850257874 -0.848415196 0.058719818 -0.526064157 -708.659484863
-0.528053105 -0.027181013 0.848776221 1173.099731445 0.036032509 0.997870386 0.054372646 32.957828522 -0.848446548 0.059295181 -0.525949180 -709.991638184
-0.527714074 -0.027282581 0.848983824 1175.288940430 0.035098840 0.997930050 0.053885903 33.069602966 -0.848696649 0.058234703 -0.525664091 -711.332214355
-0.527411163 -0.026627123 0.849192798 1177.484130859 0.034179073 0.998034716 0.052521896 33.183158875 -0.848922491 0.056725256 -0.525464475 -712.664855957
-0.527039826 -0.025927173 0.849444985 1179.666748047 0.034175646 0.998079360 0.051668223 33.280113220 -0.849153042 0.056261543 -0.525141537 -714.004394531
-0.526667535 -0.025933694 0.849675775 1181.901000977 0.034754857 0.998041809 0.052004740 33.380237579 -0.849360585 0.056919564 -0.524735034 -715.366088867
-0.525551438 -0.025298644 0.850385606 1184.122436523 0.034427166 0.998106599 0.050969813 33.491077423 -0.850064933 0.056063622 -0.523685455 -716.716369629
-0.524947882 -0.023814445 0.850801170 1186.351806641 0.035513133 0.998125076 0.049849890 33.591735840 -0.850393176 0.056383211 -0.523117959 -718.075073242
-0.524112761 -0.022504225 0.851351619 1188.548950195 0.035796113 0.998185217 0.048422527 33.688659668 -0.850896239 0.055853933 -0.522356153 -719.402587891
-0.522899389 -0.022235613 0.852104366 1190.750976562 0.036096912 0.998185217 0.048198689 33.791950226 -0.851629734 0.055961397 -0.521147847 -720.740783691
-0.522415817 -0.023025507 0.852379918 1192.989990234 0.036322590 0.998127043 0.049224392 33.884571075 -0.851916909 0.056676246 -0.520601034 -722.082946777
-0.521560133 -0.022930786 0.852906287 1195.228637695 0.036713883 0.998109698 0.049285538 33.985946655 -0.852424145 0.057018880 -0.519732475 -723.438171387
-0.521141708 -0.023409488 0.853149056 1197.468750000 0.036811326 0.998076975 0.049872156 34.082584381 -0.852675974 0.057396002 -0.519277811 -724.788574219
-0.520388007 -0.024592513 0.853575706 1199.678466797 0.036390219 0.998038530 0.050940186 34.179031372 -0.853154182 0.057570465 -0.518472373 -726.112854004
-0.519727051 -0.024667596 0.853976190 1201.918701172 0.036239304 0.998046756 0.050884288 34.274295807 -0.853563428 0.057393439 -0.517818034 -727.452209473
-0.518890560 -0.024182029 0.854498506 1204.146972656 0.037108086 0.998020291 0.050777387 34.373943329 -0.854034781 0.058056708 -0.516966105 -728.785583496
-0.517522395 -0.022972042 0.855361223 1206.373168945 0.037940960 0.998040318 0.049759481 34.478099823 -0.854828000 0.058204878 -0.515636742 -730.116760254
-0.515570402 -0.021844033 0.856568754 1208.629150391 0.037675627 0.998130202 0.048131134 34.574573517 -0.856018484 0.057086755 -0.513783455 -731.464477539
-0.514122128 -0.020384427 0.857474744 1210.846191406 0.037726209 0.998212576 0.046349917 34.665664673 -0.856886923 0.056178790 -0.512434125 -732.778686523
-0.512320697 -0.018788261 0.858588696 1213.107055664 0.037934348 0.998289764 0.044480756 34.747062683 -0.857955992 0.055358417 -0.510731757 -734.114196777
-0.510951340 -0.018039757 0.859420240 1215.371826172 0.038501170 0.998296142 0.043844949 34.832141876 -0.858746946 0.055491317 -0.509386301 -735.441772461
-0.509499192 -0.018515356 0.860271811 1217.634887695 0.038553592 0.998273253 0.044319022 34.918529510 -0.859606922 0.055747081 -0.507905662 -736.763488770
-0.508514106 -0.020071523 0.860819638 1219.919677734 0.037623741 0.998255432 0.045501646 34.994865417 -0.860231161 0.055525493 -0.506871879 -738.111511230
-0.507660925 -0.019449756 0.861337304 1222.171997070 0.035897166 0.998399496 0.043702058 35.079105377 -0.860808671 0.053105410 -0.506150246 -739.413635254
-0.506818593 -0.018812083 0.861847460 1224.424804688 0.035125334 0.998480916 0.042450290 35.161998749 -0.861336827 0.051787276 -0.505387962 -740.688720703
-0.506484807 -0.017524883 0.862070799 1226.702758789 0.035172727 0.998541355 0.040963892 35.239845276 -0.861531198 0.051068969 -0.505129576 -742.010192871
-0.505914032 -0.016622799 0.862423718 1228.961791992 0.035755951 0.998550773 0.040221702 35.315689087 -0.861842513 0.051185500 -0.504586518 -743.304260254
-0.505002379 -0.016636005 0.862957597 1231.267944336 0.036606006 0.998501837 0.040670834 35.392101288 -0.862341285 0.052128304 -0.503636956 -744.636657715
-0.504872739 -0.016640957 0.863033473 1233.645874023 0.036857996 0.998486817 0.040814605 35.476852417 -0.862406492 0.052415870 -0.503495455 -746.010375977
-0.503757477 -0.017175773 0.863674343 1235.880249023 0.036780164 0.998469174 0.041309286 35.552947998 -0.863061666 0.052575946 -0.502354681 -747.302490234
-0.502912760 -0.018420953 0.864140809 1238.113159180 0.036248259 0.998443723 0.042379670 35.622932434 -0.863576651 0.052636873 -0.501462460 -748.576477051
-0.502111852 -0.019432435 0.864584327 1240.400024414 0.035645314 0.998432875 0.043142017 35.705924988 -0.864067793 0.052480489 -0.500632286 -749.897338867
-0.501521707 -0.020261761 0.864907742 1242.676391602 0.035830706 0.998381495 0.044165224 35.788635254 -0.864402652 0.053140074 -0.499984026 -751.196960449
-0.500886500 -0.021000439 0.865258157 1244.967773438 0.036611054 0.998296678 0.045423031 35.878131866 -0.864738286 0.054429796 -0.499264449 -752.484619141
-0.500472248 -0.020334763 0.865513742 1247.290161133 0.037098963 0.998302042 0.044906564 35.969848633 -0.864957333 0.054584157 -0.498868078 -753.790832520
-0.499379545 -0.018014906 0.866195977 1249.618774414 0.036258753 0.998473287 0.041669872 36.056850433 -0.865624428 0.052216262 -0.497963846 -755.111938477
-0.498884410 -0.013771361 0.866559088 1251.942504883 0.035345126 0.998718619 0.036220085 36.134155273 -0.865947425 0.048698273 -0.497758478 -756.424560547
-0.498289526 -0.008290090 0.866971076 1254.312255859 0.035449766 0.998923302 0.029926499 36.198013306 -0.866285682 0.045645982 -0.497459114 -757.761047363
-0.497934192 -0.006728490 0.867188692 1256.653320312 0.036330886 0.998930156 0.028611630 36.250473022 -0.866453469 0.045752443 -0.497157097 -759.083557129
-0.496753275 -0.008599496 0.867849171 1258.980346680 0.036851160 0.998840094 0.030990936 36.302791595 -0.867109060 0.047376096 -0.495860249 -760.404724121
-0.496346086 -0.010217438 0.868064582 1261.292480469 0.036566690 0.998797178 0.032664478 36.357498169 -0.867354274 0.047955137 -0.495375544 -761.702514648
-0.495989591 -0.012685036 0.868235767 1263.582275391 0.035975751 0.998734534 0.035143200 36.420360565 -0.867582858 0.048666097 -0.494905651 -763.002929688
-0.495232135 -0.014279831 0.868643224 1265.900268555 0.035421479 0.998701572 0.036612432 36.495624542 -0.868038237 0.048900291 -0.494083315 -764.309570312
-0.494903147 -0.014608660 0.868825316 1268.152587891 0.036080986 0.998650968 0.037344147 36.550132751 -0.868198752 0.049829818 -0.493708372 -765.567871094
-0.494693130 -0.014773676 0.868942142 1270.500244141 0.035661228 0.998668313 0.037281379 36.622138977 -0.868335783 0.049430378 -0.493507445 -766.882263184
-0.494649827 -0.013739116 0.868983686 1272.861083984 0.035658099 0.998712242 0.036087781 36.687412262 -0.868360519 0.048837118 -0.493522972 -768.200744629
-0.494240463 -0.012879272 0.869229853 1275.219360352 0.035115432 0.998778403 0.034765262 36.755950928 -0.868615746 0.047705773 -0.493184447 -769.514465332
-0.494105160 -0.011554828 0.869325340 1277.576904297 0.034979466 0.998837769 0.033157818 36.813674927 -0.868698180 0.046791989 -0.493126810 -770.826782227
-0.493365735 -0.010310692 0.869760811 1279.959716797 0.035536740 0.998855948 0.031999033 36.877971649 -0.869095743 0.046695691 -0.492434859 -772.176574707
-0.493107766 -0.011214329 0.869895935 1282.315063477 0.035567489 0.998821020 0.033038102 36.926124573 -0.869240820 0.047231365 -0.492127508 -773.478515625
-0.492226511 -0.012018306 0.870384216 1284.655029297 0.034893420 0.998828530 0.033525072 36.982997894 -0.869767547 0.046872608 -0.491230547 -774.787231445
-0.490961552 -0.011821575 0.871101022 1286.989746094 0.035004325 0.998832762 0.033283807 37.041320801 -0.870477736 0.046833381 -0.489974678 -776.088806152
-0.490747452 -0.012103669 0.871217787 1289.359741211 0.034601592 0.998844028 0.033367451 37.095699310 -0.870614707 0.046520509 -0.489761263 -777.394531250
-0.489849538 -0.010528448 0.871743441 1291.733520508 0.035692707 0.998846531 0.032119960 37.157058716 -0.871076047 0.046848837 -0.488908708 -778.714660645
-0.489176810 -0.008948821 0.872138679 1294.118652344 0.035739407 0.998901844 0.030295508 37.209861755 -0.871452034 0.045989577 -0.488319784 -780.035827637
-0.488563687 -0.007530259 0.872495770 1296.469238281 0.036531944 0.998909354 0.029077766 37.251293182 -0.871763051 0.046080306 -0.487755716 -781.321228027
-0.488176346 -0.007001588 0.872716844 1298.842895508 0.036428727 0.998932779 0.028391520 37.291660309 -0.871984363 0.045652032 -0.487400353 -782.612609863
-0.487420171 -0.007627548 0.873134255 1301.209106445 0.035911188 0.998940587 0.028773699 37.330600739 -0.872428775 0.045380168 -0.486629844 -783.918640137
-0.487517297 -0.009154470 0.873065293 1303.584960938 0.035711102 0.998899221 0.030414874 37.370990753 -0.872382700 0.046005905 -0.486653686 -785.208068848
-0.486868054 -0.008261987 0.873436451 1305.979736328 0.037145428 0.998854756 0.030153824 37.417156219 -0.872685313 0.047125109 -0.486003667 -786.524841309
-0.486052036 -0.006761295 0.873903692 1308.329711914 0.038349055 0.998841822 0.029057099 37.464466095 -0.873088062 0.047636654 -0.485229820 -787.811096191
-0.485630512 -0.006989060 0.874136150 1310.736083984 0.037737601 0.998868108 0.028951647 37.506690979 -0.873349190 0.047047611 -0.484817147 -789.114196777
-0.485186189 -0.007299582 0.874380410 1313.161010742 0.036780819 0.998909771 0.028748546 37.562812805 -0.873636961 0.046108816 -0.484388739 -790.447692871
-0.484656334 -0.006560324 0.874679983 1315.558593750 0.035592269 0.998995781 0.027214242 37.608253479 -0.873980224 0.044321410 -0.483936101 -791.745361328
-0.484750241 -0.004646119 0.874640226 1317.924804688 0.034705792 0.999096334 0.024542162 37.643432617 -0.873963773 0.042251907 -0.484150857 -793.015808105
-0.484062374 -0.003200282 0.875027657 1320.278442383 0.034522001 0.999144852 0.022751678 37.672588348 -0.874352276 0.041220941 -0.483537972 -794.301452637
-0.483290523 -0.003821768 0.875451684 1322.679687500 0.035139862 0.999099910 0.023760408 37.707527161 -0.874754488 0.042246424 -0.482721299 -795.603271484
-0.482762098 -0.004586611 0.875739515 1325.037231445 0.036318865 0.999021113 0.025253503 37.737346649 -0.874998093 0.043997303 -0.482122958 -796.896179199
-0.481823564 -0.005095555 0.876253426 1327.404785156 0.036227081 0.999012232 0.025729524 37.777187347 -0.875519037 0.044141188 -0.481163114 -798.181518555
-0.481632739 -0.004596843 0.876361251 1329.758178711 0.034636423 0.999105096 0.024276255 37.811122894 -0.875688434 0.042046249 -0.481042564 -799.452087402
-0.480869532 -0.003245316 0.876786113 1332.109497070 0.033750877 0.999183595 0.022208882 37.847427368 -0.876142323 0.040271882 -0.480367392 -800.729736328
-0.480720460 -0.002056467 0.876871526 1334.450195312 0.034212809 0.999191821 0.021099558 37.869995117 -0.876206219 0.040143225 -0.480261534 -801.987609863
-0.480409980 -0.001211321 0.877043307 1336.818115234 0.034365050 0.999205172 0.020203872 37.886611938 -0.876370549 0.039845772 -0.479986459 -803.260192871
-0.479661584 -0.000897571 0.877453029 1339.161499023 0.035708092 0.999151111 0.020541960 37.903335571 -0.876726687 0.041185368 -0.479222387 -804.541870117
-0.478724897 -0.001468761 0.877963722 1341.519775391 0.035927363 0.999128163 0.021261476 37.920040131 -0.877229571 0.041721318 -0.478254825 -805.819946289
-0.478080213 -0.002511919 0.878312588 1343.904663086 0.035422787 0.999127150 0.022138657 37.943603516 -0.877601564 0.041696336 -0.477573961 -807.068054199
-0.477506161 -0.002608301 0.878624439 1346.276000977 0.034872174 0.999151409 0.021918086 37.960819244 -0.877936065 0.041105572 -0.477009982 -808.344360352
-0.477286130 -0.002788508 0.878743529 1348.644042969 0.034580965 0.999160767 0.021953145 37.987712860 -0.878067255 0.040865730 -0.476789147 -809.604858398
-0.476689458 -0.002172504 0.879069090 1351.016845703 0.034274712 0.999190629 0.021055389 38.010742188 -0.878403366 0.040166728 -0.476229131 -810.879943848
-0.476169378 -0.002061910 0.879351079 1353.384765625 0.033985794 0.999206960 0.020746281 38.030784607 -0.878696561 0.039764192 -0.475721717 -812.140747070
-0.475301594 -0.002128013 0.879820347 1355.800537109 0.034065261 0.999202669 0.020819696 38.054405212 -0.879163206 0.039866947 -0.474850148 -813.439758301
-0.474608600 -0.001668934 0.880195379 1358.162353516 0.034293059 0.999203861 0.020385686 38.076301575 -0.879528642 0.039859820 -0.474173516 -814.706115723
-0.474212915 -0.000859225 0.880409777 1360.514526367 0.034669913 0.999205649 0.019649329 38.088409424 -0.879727244 0.039841697 -0.473806411 -815.944458008
-0.473453134 0.000726142 0.880818725 1362.898315430 0.035250988 0.999214053 0.018124184 38.112262726 -0.880113363 0.039630678 -0.473106712 -817.222534180
-0.472538561 0.001624868 0.881308436 1365.241699219 0.035823796 0.999207258 0.017365707 38.126037598 -0.880581617 0.039777786 -0.472222120 -818.458374023
-0.471571296 0.002208721 0.881825149 1367.617309570 0.035491548 0.999234080 0.016476922 38.136035919 -0.881113410 0.039067373 -0.471288532 -819.710083008
-0.470845431 0.003430729 0.882209182 1369.995483398 0.035309773 0.999264479 0.014959314 38.143337250 -0.881508827 0.038194124 -0.470620275 -820.956115723
-0.470045239 0.005025029 0.882627964 1372.371704102 0.034689568 0.999316335 0.012784632 38.150074005 -0.881960392 0.036627345 -0.469898224 -822.207519531
-0.469312966 0.004346742 0.883021235 1374.766845703 0.033579785 0.999352455 0.012927775 38.153778076 -0.882393181 0.035718832 -0.469154954 -823.454589844
-0.468895823 0.003819764 0.883245230 1377.143066406 0.032609928 0.999383748 0.012989879 38.151699066 -0.882651269 0.034893464 -0.468731433 -824.694702148
-0.467925161 0.003013396 0.883762956 1379.512695312 0.032117385 0.999391615 0.013597507 38.156646729 -0.883184314 0.034746770 -0.467737257 -825.929382324
-0.467132568 0.003117117 0.884181798 1381.880004883 0.032002859 0.999398112 0.013384503 38.159568787 -0.883607924 0.034548678 -0.466951191 -827.159545898
-0.465728581 0.002724199 0.884923398 1384.228393555 0.032421693 0.999376416 0.013986762 38.158409119 -0.884333491 0.035204750 -0.465526491 -828.386474609
-0.465215087 0.002559864 0.885194004 1386.584350586 0.032560829 0.999368489 0.014222354 38.164764404 -0.884598553 0.035439104 -0.465004653 -829.607360840
-0.464460701 0.003672856 0.885586023 1388.983398438 0.033532120 0.999347270 0.013441828 38.169490814 -0.884958625 0.035938781 -0.464280725 -830.844299316
-0.463329136 0.003774374 0.886178255 1391.313964844 0.033978097 0.999331236 0.013508786 38.166847229 -0.885534644 0.036369663 -0.463147551 -832.041992188
-0.462534279 0.004394381 0.886590481 1393.640502930 0.034850109 0.999305010 0.013228247 38.164207458 -0.885916173 0.037016287 -0.462365955 -833.233276367
-0.461510777 0.005676478 0.887116432 1395.968505859 0.035125267 0.999312341 0.011879066 38.161174774 -0.886438906 0.036642522 -0.461392820 -834.429626465
-0.460304320 0.006341135 0.887738466 1398.325683594 0.035208434 0.999318123 0.011117892 38.156455994 -0.887062728 0.036373500 -0.460213721 -835.640747070
-0.459785104 0.007470784 0.887998760 1400.642578125 0.035476126 0.999320984 0.009961374 38.154407501 -0.887321293 0.036082853 -0.459737957 -836.821594238
-0.458543539 0.008991533 0.888626456 1402.982788086 0.036015604 0.999315321 0.008473018 38.146911621 -0.887941778 0.035889670 -0.458553433 -838.021972656
-0.458193988 0.009615890 0.888800144 1405.345214844 0.036421686 0.999304771 0.007964660 38.144660950 -0.888105690 0.036020964 -0.458225638 -839.214111328
-0.457588673 0.009177812 0.889116645 1407.667846680 0.036096327 0.999314189 0.008261853 38.125026703 -0.888431013 0.035874378 -0.457606077 -840.396728516
-0.457398772 0.008680240 0.889219284 1410.006591797 0.035366870 0.999338806 0.008436910 38.118759155 -0.888558030 0.035307936 -0.457403362 -841.568969727
-0.456518859 0.009339250 0.889664650 1412.375366211 0.035064384 0.999356866 0.007502048 38.111751556 -0.889022529 0.034620371 -0.456552714 -842.772949219
-0.456627995 0.010641626 0.889594018 1414.745483398 0.034674481 0.999381602 0.005843444 38.096382141 -0.888981760 0.033514492 -0.456714571 -843.950134277
-0.456243306 0.011653244 0.889778733 1417.085205078 0.034273233 0.999402463 0.004484996 38.076164246 -0.889194787 0.032541852 -0.456370085 -845.111633301
-0.455724895 0.012159330 0.890037596 1419.428466797 0.034846697 0.999383867 0.004189341 38.054851532 -0.889438272 0.032924064 -0.455867916 -846.288146973
-0.455390096 0.011918359 0.890212178 1421.767333984 0.034416020 0.999398589 0.004225424 38.026756287 -0.889626443 0.032561775 -0.455526441 -847.442077637
-0.455497175 0.010821927 0.890171409 1424.098632812 0.033797383 0.999415576 0.005143967 38.012050629 -0.889595449 0.032428533 -0.455596656 -848.599975586
-0.455275059 0.010905410 0.890284061 1426.472534180 0.033029769 0.999443531 0.004648275 37.988929749 -0.889737964 0.031522114 -0.455381989 -849.780517578
-0.454640478 0.011211353 0.890604496 1428.723876953 0.033292852 0.999435902 0.004414136 37.961986542 -0.890052557 0.031657606 -0.454757214 -850.924560547
-0.454318523 0.010733941 0.890774548 1431.060424805 0.032728478 0.999453485 0.004648855 37.933265686 -0.890237808 0.031265762 -0.454421520 -852.089843750
-0.454355717 0.011261210 0.890749276 1433.373291016 0.033086151 0.999443531 0.004241306 37.914672852 -0.890205681 0.031398524 -0.454475522 -853.239257812
-0.453862578 0.010748422 0.891007006 1435.703002930 0.032219712 0.999471307 0.004355276 37.893115997 -0.890488982 0.030684680 -0.453968972 -854.408386230
-0.453309536 0.010407842 0.891292512 1438.042846680 0.032209478 0.999470055 0.004710621 37.877021790 -0.890771031 0.030843435 -0.453404605 -855.582458496
-0.452995121 0.009834964 0.891458750 1440.399536133 0.032314587 0.999463201 0.005394153 37.850620270 -0.890927136 0.031250644 -0.453069717 -856.758605957
-0.452471912 0.009389334 0.891729236 1442.756469727 0.032922391 0.999438703 0.006181689 37.835639954 -0.891170740 0.032154895 -0.452527165 -857.939025879
-0.452436328 0.008866612 0.891752541 1445.087524414 0.033324111 0.999420285 0.006970060 37.805675507 -0.891173840 0.032870375 -0.452469498 -859.083312988
-0.451745093 0.009414611 0.892097294 1447.397338867 0.033957869 0.999401152 0.006648742 37.793727875 -0.891500473 0.033297263 -0.451794267 -860.240356445
-0.451227397 0.009157631 0.892361939 1449.730224609 0.033233903 0.999426067 0.006548541 37.767501831 -0.891789973 0.032611549 -0.451272786 -861.391174316
-0.450907558 0.009804264 0.892516792 1452.053588867 0.033370689 0.999425709 0.005880517 37.761482239 -0.891946614 0.032435458 -0.450975865 -862.536987305
-0.450554788 0.009821970 0.892694771 1454.353027344 0.032798234 0.999446511 0.005557186 37.739677429 -0.892146111 0.031782627 -0.450627565 -863.660339355
-0.450087935 0.010260436 0.892925262 1456.624755859 0.033100259 0.999438524 0.005200157 37.719593048 -0.892370582 0.031896587 -0.450174838 -864.783752441
-0.449597567 0.009997619 0.893175304 1458.949218750 0.032706700 0.999450982 0.005276368 37.689411163 -0.892632246 0.031585060 -0.449677765 -865.924804688
-0.449371845 0.009688635 0.893292248 1461.302246094 0.032155599 0.999468565 0.005335695 37.668739319 -0.892765880 0.031122057 -0.449444681 -867.078247070
-0.449307889 0.009071645 0.893330872 1463.594116211 0.031913321 0.999473214 0.005901559 37.642559052 -0.892806768 0.031160779 -0.449360758 -868.202026367
-0.448663354 0.008768303 0.893657744 1465.895019531 0.031600405 0.999482214 0.006058442 37.624034882 -0.893141985 0.030958142 -0.448708147 -869.346618652
-0.448533982 0.007785666 0.893731833 1468.187866211 0.031560194 0.999476373 0.007132152 37.611080170 -0.893208325 0.031405367 -0.448544860 -870.488220215
-0.448944181 0.007031150 0.893532157 1470.473632812 0.031751242 0.999463081 0.008088304 37.590469360 -0.892995477 0.032001950 -0.448926389 -871.607788086
-0.448957354 0.006289036 0.893531024 1472.799194336 0.032002162 0.999446869 0.009045067 37.568248749 -0.892979920 0.032655776 -0.448910296 -872.752868652
-0.448767573 0.006046368 0.893628061 1475.084838867 0.031418983 0.999465644 0.009015701 37.556816101 -0.893096030 0.032122839 -0.448717743 -873.878845215
-0.449348629 0.006178289 0.893335164 1477.354248047 0.030022169 0.999515712 0.008188552 37.544059753 -0.892851830 0.030499376 -0.449316472 -874.975402832
-0.449607402 0.005812626 0.893207371 1479.660644531 0.029957306 0.999514401 0.008574963 37.522762299 -0.892723799 0.030613450 -0.449563205 -876.084350586
-0.449416012 0.004622678 0.893310606 1481.935302734 0.029673282 0.999512017 0.009756098 37.510326385 -0.892829657 0.030892005 -0.449333876 -877.204711914
-0.449162364 0.005882184 0.893430769 1484.178466797 0.030632975 0.999491692 0.008819918 37.500900269 -0.892924845 0.031330016 -0.449114352 -878.308227539
-0.448788226 0.007232140 0.893608809 1486.417968750 0.030321445 0.999514699 0.007138780 37.484985352 -0.893123567 0.030299308 -0.448789746 -879.402526855
-0.448783427 0.007497615 0.893609107 1488.643310547 0.030943379 0.999495506 0.007154183 37.471031189 -0.893104672 0.030861963 -0.448789030 -880.495300293
-0.448284388 0.006143152 0.893869877 1490.963989258 0.031914089 0.999448776 0.009136477 37.460056305 -0.893321097 0.032622788 -0.448233306 -881.608825684
-0.448427469 0.004755310 0.893806577 1493.221069336 0.032580975 0.999408185 0.011028904 37.446052551 -0.893225253 0.034066752 -0.448317051 -882.703491211
-0.447730422 0.006040637 0.894148171 1495.452270508 0.033524375 0.999387443 0.010035189 37.439388275 -0.893539906 0.034468815 -0.447658688 -883.793640137
-0.447835654 0.007182533 0.894087017 1497.669677734 0.033618014 0.999395907 0.008810272 37.430694580 -0.893483639 0.034002986 -0.447806597 -884.879943848
-0.447724283 0.007834592 0.894137323 1499.912475586 0.033277065 0.999415040 0.007905879 37.420513153 -0.893552184 0.033293922 -0.447723061 -885.965576172
-0.447692335 0.006958759 0.894160509 1502.168823242 0.032787621 0.999424934 0.008638281 37.409362793 -0.893586338 0.033184692 -0.447663039 -887.065429688
-0.447553337 0.005078075 0.894242823 1504.390747070 0.032690730 0.999408364 0.010685882 37.395496368 -0.893659532 0.034015954 -0.447454542 -888.145263672
-0.447532654 0.003894894 0.894259155 1506.605346680 0.032138787 0.999414563 0.011730989 37.388954163 -0.893689930 0.033990413 -0.447395772 -889.216491699
-0.446984887 0.002891939 0.894536853 1508.811035156 0.031690333 0.999418259 0.012604113 37.378707886 -0.893979967 0.033982024 -0.446816474 -890.305358887
-0.446915627 0.003327185 0.894569933 1511.034423828 0.031838749 0.999418676 0.012189075 37.372390747 -0.894009352 0.033929475 -0.446761757 -891.382080078
-0.446467906 0.006409457 0.894776642 1513.275268555 0.032514453 0.999430180 0.009064669 37.368381500 -0.894208670 0.033140250 -0.446421951 -892.484802246
-0.445616364 0.008350370 0.895185053 1515.481323242 0.032226361 0.999458015 0.006719003 37.351829529 -0.894643784 0.031842656 -0.445643961 -893.551147461
-0.445161104 0.007410937 0.895419776 1517.676757812 0.031946760 0.999460518 0.007610414 37.337535858 -0.894880414 0.031993616 -0.445157707 -894.611999512
-0.445159465 0.004563448 0.895439684 1519.905395508 0.031447157 0.999449849 0.010540145 37.324882507 -0.894898951 0.032851078 -0.445058078 -895.685058594
-0.444851816 0.001491072 0.895603001 1522.114624023 0.031348877 0.999411643 0.013907287 37.319431305 -0.895055413 0.034262825 -0.444636822 -896.754333496
-0.444182605 0.001116883 0.895935595 1524.347534180 0.031679586 0.999393463 0.014460104 37.312557220 -0.895376027 0.034805801 -0.443948627 -897.819763184
-0.443865418 0.002707802 0.896089375 1526.572143555 0.031350851 0.999430180 0.012509130 37.319095612 -0.895544827 0.033645533 -0.443697393 -898.898376465
-0.443209589 0.003563748 0.896410942 1528.763427734 0.030566223 0.999470651 0.011139291 37.311851501 -0.895896733 0.032336935 -0.443083942 -899.949462891
-0.442176133 0.004578991 0.896916568 1530.922241211 0.031528864 0.999448299 0.010441158 37.301460266 -0.896373928 0.032895591 -0.442076564 -900.995849609
-0.441311985 0.004396799 0.897342980 1533.115600586 0.032250248 0.999419689 0.010963673 37.298721313 -0.896774054 0.033777941 -0.441197604 -902.068298340
-0.440453470 0.002853786 0.897770882 1535.279418945 0.031111572 0.999442756 0.012086608 37.290931702 -0.897236228 0.033254649 -0.440296859 -903.122863770
-0.440240681 0.001482328 0.897878528 1537.447631836 0.030219495 0.999456704 0.013166959 37.283390045 -0.897371113 0.032930072 -0.440046251 -904.178039551
-0.441074342 0.000005208 0.897470534 1539.626953125 0.028979383 0.999478638 0.014236520 37.277698517 -0.897002518 0.032287505 -0.440844566 -905.219970703
-0.441657931 -0.001513708 0.897182226 1541.817871094 0.028172640 0.999482036 0.015554917 37.278083801 -0.896741092 0.032145943 -0.441386580 -906.269531250
-0.442921788 -0.002066893 0.896557868 1544.008544922 0.028576348 0.999456704 0.016421536 37.278659821 -0.896104634 0.032893799 -0.442622125 -907.329406738
-0.443802476 -0.001133384 0.896123886 1546.174438477 0.028549330 0.999473691 0.015403064 37.284809113 -0.895669699 0.032419655 -0.443536609 -908.373901367
-0.444649667 -0.000346308 0.895704508 1548.344238281 0.027593292 0.999520004 0.014084435 37.295833588 -0.895279408 0.030978078 -0.444426656 -909.418518066
-0.445208848 -0.000561360 0.895426512 1550.517700195 0.027528070 0.999518573 0.014313660 37.298309326 -0.895003438 0.031021932 -0.444979072 -910.466308594
-0.446138322 -0.000735378 0.894963622 1552.681884766 0.026636688 0.999545753 0.014099670 37.298465729 -0.894567549 0.030129272 -0.445916116 -911.496582031
-0.446541876 -0.001640488 0.894761205 1554.813232422 0.027236175 0.999509931 0.015425096 37.295593262 -0.894348085 0.031257831 -0.446278393 -912.537841797
-0.447550684 -0.001026393 0.894257963 1556.950561523 0.027993936 0.999493182 0.015157346 37.300491333 -0.893820286 0.031817481 -0.447295189 -913.586242676
-0.448329568 -0.000428303 0.893868208 1559.093872070 0.027872203 0.999506950 0.014458539 37.303432465 -0.893433690 0.031396270 -0.448096633 -914.620971680
-0.448845655 0.000247570 0.893609226 1561.248413086 0.028262550 0.999503553 0.013918921 37.310306549 -0.893162251 0.031503119 -0.448629916 -915.679565430
-0.449790508 0.000536337 0.893133938 1563.383911133 0.028660925 0.999493480 0.013833700 37.317790985 -0.892674088 0.031820312 -0.449578047 -916.726989746
-0.450793594 0.000368574 0.892628074 1565.545898438 0.028603634 0.999492347 0.014032660 37.313419342 -0.892169833 0.031858243 -0.450575292 -917.797851562
-0.452748537 -0.000864150 0.891637862 1567.679077148 0.027513584 0.999509931 0.014939314 37.312213898 -0.891213655 0.031295907 -0.452502757 -918.839965820
-0.454953879 -0.002344902 0.890511930 1569.781982422 0.026726265 0.999510109 0.016286105 37.311363220 -0.890113771 0.031209482 -0.454668313 -919.880493164
-0.457421094 -0.003527685 0.889243186 1571.920288086 0.025811071 0.999518275 0.017242204 37.321647644 -0.888875544 0.030839272 -0.457109660 -920.948608398
-0.459601164 -0.004149557 0.888115704 1574.031250000 0.025365392 0.999519825 0.017796697 37.332542419 -0.887763143 0.030706786 -0.459275216 -922.018432617
-0.462573856 -0.004342961 0.886570096 1576.118164062 0.025774334 0.999499381 0.018344082 37.335979462 -0.886206031 0.031336240 -0.462230384 -923.056396484
-0.464898080 -0.004269317 0.885353923 1578.200561523 0.025154108 0.999521017 0.018028233 37.347312927 -0.885006726 0.030651579 -0.464567989 -924.109252930
-0.467873871 -0.005067304 0.883780658 1580.274536133 0.023862580 0.999546587 0.018363927 37.351062775 -0.883472979 0.029681290 -0.467540801 -925.158874512
-0.470841914 -0.004367034 0.882206798 1582.327636719 0.023871517 0.999558568 0.017688388 37.354766846 -0.881894588 0.029388048 -0.470529765 -926.214599609
-0.473496526 -0.004679790 0.880783260 1584.395507812 0.022998765 0.999579251 0.017674787 37.365276337 -0.880495310 0.028625876 -0.473189712 -927.303466797
-0.476438344 -0.004876656 0.879194379 1586.438354492 0.023442777 0.999558628 0.018248007 37.366542816 -0.878895223 0.029304802 -0.476113826 -928.377929688
-0.478700370 -0.005976573 0.877957940 1588.472656250 0.024448844 0.999498308 0.020134497 37.366287231 -0.877637863 0.031103447 -0.478314042 -929.482055664
-0.481548935 -0.007369196 0.876388252 1590.495117188 0.024209848 0.999471128 0.021706728 37.372489929 -0.876084685 0.031670075 -0.481115848 -930.564453125
-0.483401626 -0.007329945 0.875367999 1592.536865234 0.024373781 0.999464571 0.021828927 37.388549805 -0.875059307 0.031888161 -0.482964128 -931.667541504
-0.485522240 -0.006786886 0.874197960 1594.587524414 0.023905050 0.999492884 0.021036286 37.409103394 -0.873897314 0.031111334 -0.485113829 -932.776428223
-0.487049460 -0.007580810 0.873341441 1596.635620117 0.023175748 0.999497950 0.021600647 37.420352936 -0.873066843 0.030760923 -0.486629188 -933.903503418
-0.489011407 -0.007661643 0.872243702 1598.672119141 0.023784671 0.999472499 0.022113750 37.433891296 -0.871953070 0.031559907 -0.488571286 -935.012695312
-0.490363002 -0.006446225 0.871494353 1600.697509766 0.024897620 0.999460876 0.021401880 37.451000214 -0.871162474 0.032192830 -0.489938140 -936.129760742
-0.490558982 -0.005898289 0.871387959 1602.669067383 0.026923990 0.999397099 0.021921961 37.463649750 -0.870991945 0.034215257 -0.490104377 -937.236083984
-0.491171181 -0.004443905 0.871051729 1604.662109375 0.027805924 0.999397397 0.020777987 37.478530884 -0.870619059 0.034425948 -0.490751654 -938.332519531
-0.492088944 -0.002819717 0.870540380 1606.663940430 0.027431870 0.999447942 0.018743619 37.492256165 -0.870112598 0.033104077 -0.491739929 -939.436035156
-0.492940068 -0.003060241 0.870057940 1608.662963867 0.025816515 0.999502122 0.018142140 37.498504639 -0.869680107 0.031404853 -0.492615640 -940.542724609
-0.493851930 -0.002875349 0.869541287 1610.621704102 0.025639091 0.999511600 0.017866725 37.501224518 -0.869167924 0.031117765 -0.493537009 -941.646423340
-0.493674278 -0.002093269 0.869644344 1612.606445312 0.026357777 0.999501824 0.017368460 37.506015778 -0.869247377 0.031496260 -0.493373096 -942.768066406
-0.493949652 -0.000930354 0.869490027 1614.558837891 0.026445687 0.999520838 0.016093049 37.512405396 -0.869088233 0.030943420 -0.493688315 -943.858825684
-0.493780911 -0.001471788 0.869585097 1616.537231445 0.027244093 0.999481499 0.017161794 37.518081665 -0.869159460 0.032165222 -0.493484795 -944.976135254
-0.493152201 -0.002502120 0.869939446 1618.498046875 0.026516143 0.999487996 0.017906228 37.523891449 -0.869538844 0.031897932 -0.492833376 -946.081787109
-0.493306428 -0.001395589 0.869854450 1620.468383789 0.027177436 0.999485791 0.017016269 37.534358978 -0.869430840 0.032034654 -0.493014872 -947.179199219
-0.492447466 -0.002400100 0.870338857 1622.437988281 0.026376320 0.999495745 0.017680293 37.540721893 -0.869942307 0.031662952 -0.492135882 -948.287902832
-0.492139161 -0.003656168 0.870508790 1624.372802734 0.025222946 0.999511361 0.018457685 37.550880432 -0.870151043 0.031040547 -0.491806477 -949.353942871
-0.491008192 -0.005178692 0.871139705 1626.345214844 0.026623627 0.999426007 0.020947438 37.558635712 -0.870748043 0.033478253 -0.490588546 -950.458679199
-0.489325494 -0.007983300 0.872064590 1628.286987305 0.027874004 0.999304056 0.024788536 37.576061249 -0.871655643 0.036437601 -0.488762468 -951.537719727
-0.488054127 -0.010061768 0.872755349 1630.253051758 0.028528683 0.999215364 0.027473237 37.599365234 -0.872346997 0.038306989 -0.487384200 -952.618530273
-0.486283720 -0.010705050 0.873735547 1632.194702148 0.027152024 0.999256968 0.027354602 37.628822327 -0.873378932 0.037025772 -0.485631764 -953.688964844
-0.484128475 -0.006763410 0.874970794 1634.132690430 0.026804440 0.999386191 0.022556238 37.649478912 -0.874586165 0.034373220 -0.483650059 -954.753479004
-0.481950581 -0.001006914 0.876197815 1636.040893555 0.028187720 0.999463916 0.016653163 37.656837463 -0.875744879 0.032724027 -0.481663913 -955.787841797
-0.479633391 0.002020611 0.877466559 1637.952148438 0.029897463 0.999454379 0.014040776 37.662372589 -0.876959503 0.032968443 -0.479432106 -956.801025391
-0.476920336 0.000115640 0.878946543 1639.878051758 0.032713491 0.999309480 0.017619004 37.669048309 -0.878337443 0.037156273 -0.476594776 -957.846130371
-0.474092871 -0.001500812 0.880473554 1641.839477539 0.032816049 0.999273777 0.019373180 37.684650421 -0.879863083 0.038078357 -0.473699242 -958.893676758
-0.471615523 -0.004212711 0.881794214 1643.777709961 0.031954773 0.999250054 0.021864425 37.704448700 -0.881225109 0.038489141 -0.471127272 -959.928588867
-0.469693631 -0.006675404 0.882804215 1645.724975586 0.030731870 0.999241710 0.023906667 37.728813171 -0.882294416 0.038359031 -0.469132394 -960.952514648
-0.467572212 -0.005239625 0.883939385 1647.652832031 0.031444870 0.999250948 0.022556350 37.750064850 -0.883395433 0.038342081 -0.467057139 -961.964355469
-0.465414435 -0.004512152 0.885081291 1649.587646484 0.033249389 0.999192178 0.022577869 37.767353058 -0.884468138 0.039936487 -0.464888334 -962.980895996
-0.463511139 -0.005559769 0.886073649 1651.504882812 0.034233484 0.999121368 0.024176870 37.788021088 -0.885429561 0.041539636 -0.462913573 -963.987731934
-0.461989611 -0.006753508 0.886859596 1653.433349609 0.032615311 0.999165237 0.024598936 37.815574646 -0.886285305 0.040289648 -0.461383730 -964.995178223
-0.461513072 -0.008227256 0.887095273 1655.372558594 0.029855743 0.999246657 0.024799904 37.835227966 -0.886630893 0.037930381 -0.460919708 -965.976013184
-0.461467236 -0.007705228 0.887123764 1657.326904297 0.028251339 0.999327481 0.023375671 37.863723755 -0.886707306 0.035849541 -0.460939229 -966.973205566
-0.460603178 -0.008967073 0.887560904 1659.247558594 0.025964815 0.999384940 0.023571381 37.877677917 -0.887226343 0.033902407 -0.460087031 -967.950744629
-0.460624009 -0.009546447 0.887543917 1661.190551758 0.025339317 0.999393165 0.023900280 37.901950836 -0.887233496 0.033498805 -0.460102588 -968.942321777
-0.460222185 -0.010471139 0.887742043 1663.128784180 0.025150076 0.999375343 0.024826152 37.923385620 -0.887447476 0.033752322 -0.459671378 -969.942443848
-0.459807068 -0.010146010 0.887960851 1665.054565430 0.025933934 0.999354720 0.024848027 37.947143555 -0.887640059 0.034453616 -0.459247351 -970.930541992
-0.459446371 -0.009360223 0.888156116 1666.982910156 0.026282895 0.999363303 0.024128463 37.973247528 -0.887816548 0.034429055 -0.458907813 -971.924011230
-0.459293395 -0.009856628 0.888229907 1668.914672852 0.025771085 0.999369800 0.024415866 37.989532471 -0.887910604 0.034104701 -0.458749890 -972.914733887
-0.459644467 -0.008915426 0.888058245 1670.823730469 0.025831664 0.999392331 0.023403184 38.011882782 -0.887727261 0.033697169 -0.459134936 -973.887390137
-0.459154159 -0.008795330 0.888313055 1672.749389648 0.026940733 0.999353111 0.023819977 38.032413483 -0.887948036 0.034868848 -0.458620220 -974.883544922
-0.458218068 -0.009468766 0.888789356 1674.667114258 0.027877530 0.999298215 0.025018424 38.050559998 -0.888402522 0.036241148 -0.457632601 -975.877990723
-0.457082778 -0.010473949 0.889362395 1676.568481445 0.028859461 0.999229491 0.026600000 38.074935913 -0.888955832 0.037824921 -0.456428349 -976.850158691
-0.456148237 -0.010721995 0.889839232 1678.495605469 0.028442595 0.999240875 0.026620423 38.099647522 -0.889449179 0.037452199 -0.455496997 -977.843322754
-0.456211895 -0.011151725 0.889801323 1680.375976562 0.028793121 0.999212861 0.027285544 38.121425629 -0.889405251 0.038068142 -0.455531657 -978.785339355
-0.454613775 -0.012103958 0.890606582 1682.262817383 0.027371002 0.999245584 0.027552083 38.143341064 -0.890268028 0.036902338 -0.453939527 -979.747619629
-0.453540444 -0.012498504 0.891148031 1684.166015625 0.027895425 0.999212682 0.028211212 38.175781250 -0.890798926 0.037653882 -0.452834755 -980.712402344
-0.452361971 -0.012808401 0.891742408 1686.076904297 0.028968194 0.999158144 0.029046200 38.209060669 -0.891363740 0.038971562 -0.451610178 -981.683898926
-0.450625628 -0.010822325 0.892647445 1687.982177734 0.030117020 0.999173045 0.027317477 38.239547729 -0.892204881 0.039193835 -0.449927032 -982.633850098
-0.449053049 -0.007708974 0.893471837 1689.859252930 0.031329889 0.999212027 0.024367509 38.262172699 -0.892955661 0.038934682 -0.448457688 -983.566772461
-0.447386086 -0.007579497 0.894308805 1691.762207031 0.030828547 0.999239266 0.023891073 38.283069611 -0.893809438 0.038258776 -0.446812004 -984.517761230
-0.446083575 -0.010882602 0.894925177 1693.649780273 0.030435748 0.999163270 0.027321147 38.305438995 -0.894473672 0.039425232 -0.445379019 -985.444091797
-0.444317698 -0.013317468 0.895770311 1695.534301758 0.028722629 0.999163687 0.029101552 38.338706970 -0.895408750 0.038659211 -0.443563610 -986.364013672
-0.443569213 -0.014891559 0.896116376 1697.406860352 0.027109465 0.999181449 0.030023221 38.364990234 -0.895829916 0.037610609 -0.442802489 -987.259948730
-0.442433745 -0.017513389 0.896630168 1699.301025391 0.026204001 0.999129951 0.032445580 38.399620056 -0.896418273 0.037850317 -0.441589952 -988.170776367
-0.440792680 -0.017252093 0.897443056 1701.189697266 0.026577286 0.999126077 0.032260641 38.437122345 -0.897215426 0.038071860 -0.439948887 -989.089660645
-0.439233840 -0.016581170 0.898219764 1703.065063477 0.025309725 0.999204397 0.030821932 38.477123260 -0.898016095 0.036271732 -0.438464701 -989.987060547
-0.437985420 -0.016919529 0.898822844 1704.938964844 0.025534969 0.999185324 0.031251632 38.514190674 -0.898619354 0.036639173 -0.437196553 -990.884338379
-0.436469555 -0.018011244 0.899538755 1706.822631836 0.026177472 0.999122262 0.032706883 38.550765991 -0.899338126 0.037823211 -0.435614884 -991.793457031
-0.435718000 -0.015936259 0.899942160 1708.672119141 0.026508395 0.999182343 0.030527981 38.581539154 -0.899692714 0.037157618 -0.434939265 -992.687683105
-0.434809268 -0.015079347 0.900396287 1710.534667969 0.028205156 0.999141216 0.030353589 38.613765717 -0.900080740 0.038593832 -0.434010535 -993.586181641
-0.434123904 -0.014521902 0.900736034 1712.378173828 0.030377148 0.999065459 0.030747939 38.645298004 -0.900340855 0.040710207 -0.433277011 -994.472534180
-0.433607608 -0.013028181 0.901007593 1714.217407227 0.033190154 0.998986065 0.030417584 38.668903351 -0.900490344 0.043093875 -0.432735562 -995.365417480
-0.433624536 -0.013874128 0.900986850 1716.013549805 0.035943668 0.998819292 0.032679513 38.698131561 -0.900376499 0.046555404 -0.432613879 -996.228576660
-0.433583319 -0.014490558 0.900996983 1717.777954102 0.037130605 0.998734355 0.033930663 38.727390289 -0.900348186 0.048166338 -0.432496369 -997.081542969
-0.433523357 -0.015452936 0.901009798 1719.577758789 0.035818737 0.998767257 0.034363829 38.765724182 -0.900430083 0.047170553 -0.432435483 -997.938293457
-0.434716702 -0.015823510 0.900428176 1721.395263672 0.033482842 0.998870254 0.033718605 38.799720764 -0.899944603 0.044806939 -0.433695734 -998.783386230
-0.435033321 -0.016321762 0.900266409 1723.141235352 0.030341862 0.999002039 0.032773852 38.825008392 -0.899902880 0.041573476 -0.434104025 -999.613769531
-0.435401827 -0.016382471 0.900087118 1724.895019531 0.028737616 0.999071836 0.032085422 38.858989716 -0.899777412 0.039836399 -0.434526950 -1000.458862305
-0.435758680 -0.017604483 0.899891376 1726.679687500 0.027817849 0.999067783 0.033015024 38.895950317 -0.899633586 0.039419621 -0.434862673 -1001.320922852
-0.435923636 -0.018527597 0.899792850 1728.446411133 0.027930759 0.999027967 0.034102593 38.932102203 -0.899550140 0.039998025 -0.434982389 -1002.173461914
-0.436431468 -0.020122640 0.899512351 1730.192993164 0.026481545 0.999029458 0.035197381 38.969268799 -0.899347603 0.039181724 -0.435475022 -1002.999816895
-0.437756896 -0.021427825 0.898837984 1731.968383789 0.025518559 0.999017119 0.036244225 39.011234283 -0.898731172 0.038803220 -0.436779827 -1003.831176758
-0.438880563 -0.023395099 0.898240805 1733.706909180 0.024370564 0.998983324 0.037926435 39.053512573 -0.898214877 0.038535811 -0.437864214 -1004.665893555
-0.440099180 -0.024127930 0.897624850 1735.454833984 0.024684606 0.998936057 0.038953833 39.096900940 -0.897609711 0.039301071 -0.439035356 -1005.509765625
-0.440946966 -0.023828674 0.897216797 1737.195800781 0.026490618 0.998866498 0.039547432 39.140018463 -0.897142172 0.041206148 -0.439815909 -1006.350219727
-0.441483378 -0.023349205 0.896965504 1738.940307617 0.029951127 0.998720706 0.040739879 39.186431885 -0.896769404 0.044851113 -0.440219253 -1007.211059570
-0.442192078 -0.023013115 0.896625102 1740.653442383 0.033778131 0.998534262 0.042287249 39.228847504 -0.896284103 0.048985403 -0.440766633 -1008.053710938
-0.442841709 -0.021433581 0.896343589 1742.354736328 0.036878746 0.998432696 0.042094838 39.277225494 -0.895841062 0.051697373 -0.441357225 -1008.884277344
-0.443734765 -0.018863928 0.895959616 1744.045166016 0.040492665 0.998335183 0.041073874 39.322181702 -0.895242870 0.054505695 -0.442232192 -1009.714599609
-0.444435775 -0.017493483 0.895639896 1745.710449219 0.043128625 0.998232067 0.040898647 39.363414764 -0.894771814 0.056804538 -0.442895532 -1010.535095215
-0.445536941 -0.015705211 0.895125806 1747.317749023 0.047009945 0.998056352 0.040909730 39.405094147 -0.894028485 0.060306594 -0.443932593 -1011.349914551
-0.446473777 -0.013935468 0.894688129 1748.917114258 0.049564980 0.997958422 0.040278252 39.440643311 -0.893422902 0.062328387 -0.444871515 -1012.136474609
-0.448252946 -0.011844549 0.893828213 1750.575195312 0.052687019 0.997823834 0.039645065 39.487453461 -0.892352641 0.064864174 -0.446653336 -1012.956298828
-0.449817121 -0.010506815 0.893058896 1752.187500000 0.055544261 0.997666001 0.039714124 39.529201508 -0.891391814 0.067468375 -0.448183715 -1013.765502930
-0.451823771 -0.009840665 0.892052889 1753.758911133 0.057658747 0.997526467 0.040208284 39.567951202 -0.890241861 0.069601722 -0.450138748 -1014.548217773
-0.453892708 -0.008476043 0.891015947 1755.365722656 0.061097302 0.997305334 0.040610731 39.615016937 -0.888959229 0.072871573 -0.452151716 -1015.359741211
-0.455879480 -0.007079501 0.890013278 1756.897583008 0.064367890 0.997087598 0.040901497 39.648391724 -0.887710929 0.075934425 -0.454096109 -1016.150024414
-0.458140463 -0.005934613 0.888859987 1758.421630859 0.067318834 0.996874154 0.041353583 39.684055328 -0.886326969 0.078782760 -0.456308872 -1016.929382324
-0.461367428 -0.004398537 0.887198269 1759.965698242 0.069290124 0.996754706 0.040974461 39.728469849 -0.884499311 0.080378361 -0.459565371 -1017.727539062
-0.465628743 -0.004149562 0.884970427 1761.476562500 0.069513038 0.996728063 0.041247990 39.769901276 -0.882245898 0.080723241 -0.463816732 -1018.510925293
-0.471184880 -0.004732839 0.882021785 1762.979736328 0.070629574 0.996571898 0.043078534 39.809520721 -0.879202068 0.082594767 -0.469235361 -1019.298400879
-0.477161735 -0.004235989 0.878805220 1764.443969727 0.071638472 0.996472895 0.043700438 39.850269318 -0.875890732 0.083808452 -0.475175232 -1020.084655762
-0.483824730 -0.004111975 0.875155151 1765.878540039 0.071777806 0.996433556 0.044363789 39.889308929 -0.872216463 0.084281035 -0.481804073 -1020.867492676
-0.492225230 -0.004312035 0.870457232 1767.280029297 0.070196696 0.996534228 0.044631340 39.925830841 -0.867632866 0.083071887 -0.490216523 -1021.625549316
-0.501960278 -0.003193669 0.864884734 1768.690185547 0.069243290 0.996634841 0.043867465 39.970939636 -0.862114310 0.081907183 -0.500050068 -1022.443115234
-0.513517201 -0.002396568 0.858076036 1770.063964844 0.068565212 0.996683896 0.043816660 40.014633179 -0.855335534 0.081334762 -0.511649907 -1023.252624512
-0.526243508 -0.001082671 0.850333214 1771.432617188 0.069419235 0.996606529 0.044230219 40.056858063 -0.847495556 0.082305335 -0.524382591 -1024.086914062
-0.539517164 0.000448623 0.841974437 1772.773071289 0.071449764 0.996417165 0.045252394 40.099925995 -0.838937521 0.084573321 -0.537616134 -1024.928466797
-0.553064585 0.002180623 0.833135486 1774.088378906 0.074128084 0.996159315 0.046601504 40.141613007 -0.829833984 0.087532386 -0.551102161 -1025.787963867
-0.566906154 0.003194481 0.823776126 1775.396484375 0.075088903 0.996030092 0.047812209 40.191993713 -0.820353031 0.088961482 -0.564895391 -1026.669799805
-0.581904531 0.005317040 0.813239694 1776.661621094 0.077355564 0.995806575 0.048840217 40.242988586 -0.809569776 0.091328964 -0.579875588 -1027.550659180
-0.596700132 0.005778977 0.802443504 1777.906494141 0.077426888 0.995723069 0.050404012 40.292873383 -0.798720241 0.092206776 -0.594595551 -1028.462646484
-0.612176836 0.008638557 0.790673733 1779.130859375 0.078362182 0.995680690 0.049793307 40.341815948 -0.786828399 0.092441231 -0.610209525 -1029.381347656
-0.628031850 0.010012503 0.778123200 1780.327270508 0.078108080 0.995678663 0.050229978 40.396583557 -0.774257779 0.092323720 -0.626100004 -1030.330078125
-0.644368470 0.010227254 0.764646769 1781.512573242 0.079369761 0.995404661 0.053571276 40.453594208 -0.760585129 0.095209464 -0.642219126 -1031.299804688
-0.661240518 0.010414172 0.750101626 1782.666992188 0.079620175 0.995230138 0.056370497 40.513339996 -0.745936692 0.096997701 -0.658915699 -1032.299926758
-0.678176165 0.011451226 0.734810114 1783.795776367 0.079489149 0.995155454 0.057854265 40.575611115 -0.730587721 0.097644821 -0.675800979 -1033.314453125
-0.695070505 0.011699311 0.718846381 1784.906616211 0.078164913 0.995170236 0.059383087 40.642318726 -0.714679837 0.097463988 -0.692627966 -1034.353271484
-0.712238133 0.012432899 0.701827705 1785.986816406 0.076476179 0.995265722 0.059979424 40.705886841 -0.697759449 0.096392743 -0.709817171 -1035.399780273
-0.729211390 0.013861044 0.684148014 1787.042358398 0.075153828 0.995369077 0.059937578 40.781028748 -0.680148840 0.095123507 -0.726876199 -1036.492065430
-0.746373117 0.014052478 0.665379226 1788.076538086 0.074243926 0.995294631 0.062261201 40.840351105 -0.661373556 0.095870458 -0.743904591 -1037.610717773
-0.763607502 0.015446278 0.645495892 1789.074096680 0.074866131 0.995088995 0.064753205 40.918987274 -0.641325593 0.097771816 -0.761013865 -1038.749145508
-0.780540407 0.013716835 0.624954760 1790.053466797 0.073217683 0.994883776 0.069609351 40.997360229 -0.620802462 0.100090660 -0.777551353 -1039.919433594
-0.796669841 0.013380278 0.604266584 1790.991943359 0.072353147 0.994677007 0.073365852 41.079330444 -0.600068450 0.102168955 -0.793397367 -1041.105102539
-0.812561154 0.016336778 0.582647145 1791.885498047 0.072873838 0.994611204 0.073742203 41.172775269 -0.578302741 0.102379762 -0.809372842 -1042.308105469
-0.827749312 0.019382011 0.560763419 1792.759033203 0.072086118 0.994794548 0.072023444 41.263130188 -0.556448281 0.100040622 -0.824837565 -1043.542602539
-0.842224121 0.021633593 0.538693488 1793.587158203 0.071493976 0.994851649 0.071825102 41.349380493 -0.534366131 0.099006176 -0.839434624 -1044.796508789
-0.856180966 0.023301279 0.516150594 1794.378906250 0.070818342 0.994846582 0.072560430 41.438312531 -0.511799932 0.098677769 -0.853418767 -1046.076293945
-0.870122194 0.024903305 0.492206454 1795.144165039 0.070054226 0.994831145 0.073508099 41.529186249 -0.487831712 0.098442182 -0.867369235 -1047.372924805
-0.883423626 0.025610285 0.467874825 1795.856201172 0.069256008 0.994675219 0.076320589 41.620895386 -0.463428825 0.099826574 -0.880493224 -1048.678466797
-0.896456122 0.026655799 0.442330092 1796.540649414 0.068075828 0.994624138 0.078028828 41.708316803 -0.437872261 0.100061394 -0.893451512 -1050.002807617
-0.908725142 0.028286647 0.416435421 1797.163818359 0.066819087 0.994692445 0.078244217 41.799839020 -0.412011892 0.098928317 -0.905792117 -1051.327880859
-0.920453131 0.031134021 0.389610946 1797.780151367 0.066650942 0.994724989 0.077973381 41.892456055 -0.385128140 0.097738773 -0.917672753 -1052.708129883
-0.931110859 0.032458730 0.363289058 1798.340209961 0.065480366 0.994725585 0.078950755 41.983730316 -0.358810276 0.097300217 -0.928325295 -1054.092651367
-0.941063523 0.033278797 0.336588532 1798.862915039 0.064393394 0.994574428 0.081702240 42.082118988 -0.332043409 0.098561078 -0.938100696 -1055.487426758
-0.950467944 0.032522507 0.309116542 1799.346679688 0.061427902 0.994550228 0.084240027 42.179199219 -0.304692239 0.099055819 -0.947285831 -1056.889038086
-0.958961129 0.032498594 0.281668723 1799.793334961 0.058763370 0.994620383 0.085305989 42.282188416 -0.277381092 0.098356955 -0.955712080 -1058.328125000
-0.966510653 0.033164594 0.254474431 1800.196044922 0.056510113 0.994778574 0.084983788 42.376861572 -0.250327259 0.096518114 -0.963338196 -1059.756591797
-0.973165572 0.034086365 0.227567121 1800.550903320 0.054875106 0.994812191 0.085658349 42.486751556 -0.223466754 0.095847525 -0.969987571 -1061.188354492
-0.978934586 0.036034901 0.200969130 1800.868408203 0.054606073 0.994654179 0.087642856 42.591140747 -0.196736574 0.096770756 -0.975669086 -1062.654418945
-0.984071136 0.036519114 0.173983857 1801.161376953 0.052547857 0.994695306 0.088430226 42.701889038 -0.169831544 0.096164115 -0.980769932 -1064.148193359
-0.988331318 0.039066162 0.147224426 1801.396118164 0.052615441 0.994614959 0.089290209 42.814090729 -0.142943412 0.095994584 -0.985064507 -1065.609619141
-0.991936386 0.040001355 0.120258704 1801.595336914 0.051090125 0.994577289 0.090585664 42.930130005 -0.115983032 0.095999263 -0.988601089 -1067.084960938
-0.994801402 0.040803675 0.093301930 1801.753784180 0.049290575 0.994671762 0.090545453 43.038616180 -0.089110203 0.094673671 -0.991512060 -1068.575073242
-0.996887505 0.042672116 0.066289879 1801.864135742 0.048587393 0.994724274 0.090348288 43.151947021 -0.062084801 0.093287945 -0.993701577 -1070.055541992
-0.998266757 0.043283600 0.039873213 1801.947143555 0.046753995 0.994783223 0.090666689 43.265457153 -0.035740815 0.092373796 -0.995082676 -1071.557373047
-0.998875082 0.045271814 0.014109368 1801.984619141 0.046365786 0.994820416 0.090457201 43.383338928 -0.009941128 0.091009632 -0.995800376 -1073.059204102
-0.998847961 0.046690613 -0.011088206 1801.982910156 0.045490328 0.994802952 0.091092117 43.497509003 0.015283727 0.090482749 -0.995780706 -1074.551879883
-0.998187363 0.048066407 -0.036216795 1801.941650391 0.044530768 0.994688153 0.092803292 43.613845825 0.040485147 0.091022290 -0.995025575 -1076.048461914
-0.996900141 0.048831996 -0.061688546 1801.868896484 0.042971704 0.994738996 0.092992842 43.733749390 0.065905020 0.090053715 -0.993753850 -1077.556152344
-0.994946778 0.049582668 -0.087305829 1801.756958008 0.041449469 0.994837880 0.092624895 43.856166840 0.091447756 0.088538066 -0.991865993 -1079.077880859
-0.992317438 0.049962923 -0.113180585 1801.604248047 0.039720085 0.995057106 0.091014132 43.971958160 0.117168479 0.085819371 -0.989397109 -1080.573852539
-0.988908947 0.050714254 -0.139596507 1801.407958984 0.038629357 0.995374739 0.087959014 44.090324402 0.143411607 0.081590936 -0.986294091 -1082.071411133
-0.984786808 0.050510924 -0.166264489 1801.178833008 0.036326453 0.995521605 0.087276116 44.205268860 0.169928282 0.079908542 -0.982211292 -1083.575195312
-0.979942083 0.049583904 -0.193015441 1800.907348633 0.033153344 0.995617449 0.087445080 44.315990448 0.196505412 0.079291999 -0.977291346 -1085.066894531
-0.974119604 0.050100930 -0.220410779 1800.598022461 0.031100674 0.995559692 0.088846326 44.429588318 0.223883361 0.079692021 -0.971352339 -1086.560791016
-0.967617869 0.051061049 -0.247201264 1800.244262695 0.029111482 0.995365798 0.091648512 44.542362213 0.250735313 0.081484333 -0.964620113 -1088.042480469
-0.960272312 0.051877867 -0.274200171 1799.845336914 0.027486131 0.995373905 0.092062987 44.659561157 0.277707756 0.080868840 -0.957255781 -1089.504638672
-0.952069938 0.052114341 -0.301408052 1799.400512695 0.026020063 0.995606065 0.089952618 44.778583527 0.304771483 0.077798516 -0.949242830 -1090.970336914
-0.943206012 0.052331951 -0.328060746 1798.918823242 0.024219085 0.995719016 0.089203969 44.895641327 0.331324428 0.076192394 -0.940435469 -1092.416137695
-0.933595896 0.053387992 -0.354327887 1798.397827148 0.022903105 0.995707095 0.089681208 45.010456085 0.357594699 0.075610816 -0.930810928 -1093.850830078
-0.923100829 0.054446954 -0.380683959 1797.833862305 0.021502031 0.995685339 0.090267770 45.123912811 0.383956283 0.075140767 -0.920288801 -1095.268920898
-0.911907792 0.054936782 -0.406701416 1797.225708008 0.019575082 0.995694399 0.090605967 45.240085602 0.409927905 0.074663073 -0.909056962 -1096.671875000
-0.899619401 0.055147391 -0.433178902 1796.577880859 0.017673263 0.995778859 0.090067640 45.353015900 0.436317444 0.073370896 -0.896796465 -1098.060668945
-0.886450410 0.055223100 -0.459517270 1795.888061523 0.015961349 0.995913148 0.088894293 45.467098236 0.462548316 0.071465865 -0.883709073 -1099.426025391
-0.872319639 0.054795370 -0.485855848 1795.159667969 0.013148426 0.995969832 0.088719524 45.581680298 0.488759279 0.071003541 -0.869524479 -1100.776245117
-0.857397616 0.055394117 -0.511664689 1794.389892578 0.011691768 0.996030569 0.088240877 45.693271637 0.514521599 0.069675259 -0.854641914 -1102.107299805
-0.841699719 0.054791231 -0.537158787 1793.583129883 0.008746359 0.996091008 0.087898128 45.803436279 0.539875090 0.069285639 -0.838888764 -1103.406738281
-0.825191081 0.056301378 -0.562040687 1792.728637695 0.008089893 0.996096075 0.087904438 45.915077209 0.564795792 0.067991108 -0.822425067 -1104.692871094
-0.808139205 0.056698300 -0.586256146 1791.842651367 0.005827760 0.996076822 0.088299677 46.028594971 0.588962734 0.067941867 -0.805299163 -1105.953735352
-0.790355742 0.057599224 -0.609934568 1790.911499023 0.004459642 0.996085107 0.088286571 46.143440247 0.612631977 0.067057706 -0.787518442 -1107.189575195
-0.771589458 0.057855431 -0.633484483 1789.947509766 0.003187248 0.996194541 0.087099232 46.257740021 0.636113048 0.065185763 -0.768837512 -1108.395507812
-0.752397656 0.057822101 -0.656166375 1788.949951172 0.001390489 0.996276975 0.086198598 46.370609283 0.658707559 0.063943252 -0.749676943 -1109.572753906
-0.732314646 0.057149861 -0.678564131 1787.927001953 -0.000389757 0.996436775 0.084342286 46.478050232 0.680966318 0.062029570 -0.729683042 -1110.713500977
-0.711511433 0.058669563 -0.700220764 1786.872924805 -0.000739154 0.996445179 0.084240451 46.582637787 0.702673972 0.060455624 -0.708938837 -1111.811523438
-0.690722167 0.059542902 -0.720664740 1785.789306641 -0.002557868 0.996396661 0.084776074 46.688003540 0.723115742 0.060400080 -0.688080847 -1112.864013672
-0.668426514 0.059484426 -0.741395712 1784.644775391 -0.004253828 0.996474683 0.083785355 46.798099518 0.743766010 0.059158120 -0.665817082 -1113.938476562
-0.645554543 0.059090450 -0.761424780 1783.466918945 -0.005377170 0.996625781 0.081902161 46.903446198 0.763695240 0.056966618 -0.643058598 -1114.966796875
-0.622479856 0.057668217 -0.780508220 1782.270996094 -0.006925558 0.996836662 0.079175085 47.005466461 0.782605171 0.054690357 -0.620111287 -1115.956176758
-0.599172592 0.056822594 -0.798600912 1781.039062500 -0.008308015 0.996983230 0.077171348 47.108932495 0.800576806 0.052873742 -0.596892953 -1116.912109375
-0.575766504 0.056744605 -0.815642655 1779.776000977 -0.009330463 0.997067750 0.075952858 47.207939148 0.817560911 0.051341441 -0.573548794 -1117.828735352
-0.552334309 0.057474948 -0.831638932 1778.487548828 -0.010870229 0.997039020 0.076125294 47.304767609 0.833551824 0.051086720 -0.550074100 -1118.715209961
-0.528579950 0.058585227 -0.846859455 1777.177124023 -0.012120465 0.996993124 0.076536566 47.399604797 0.848796964 0.050720025 -0.526280642 -1119.544555664
-0.504265845 0.057738990 -0.861615896 1775.835571289 -0.013545916 0.997110546 0.074746639 47.501106262 0.863442183 0.049363557 -0.502026737 -1120.355712891
-0.480226487 0.056469608 -0.875324965 1774.475708008 -0.015950967 0.997198284 0.073083110 47.594890594 0.876999497 0.049058724 -0.477980226 -1121.129272461
-0.456928015 0.057200260 -0.887662649 1773.081176758 -0.015806690 0.997250497 0.072398581 47.688495636 0.889363229 0.047111951 -0.454767555 -1121.851440430
-0.433423132 0.057513550 -0.899353325 1771.655517578 -0.016570637 0.997284114 0.071762040 47.781875610 0.901038170 0.046006192 -0.431293011 -1122.566040039
-0.410646975 0.057319965 -0.909990847 1770.188232422 -0.016566988 0.997388244 0.070301197 47.880527496 0.911643803 0.043944787 -0.408624828 -1123.248901367
-0.387822777 0.057036616 -0.919967473 1768.716918945 -0.016097760 0.997512281 0.068630472 47.968765259 0.921593368 0.041425873 -0.385939777 -1123.892333984
-0.365309656 0.055978160 -0.929201424 1767.221679688 -0.017860135 0.997584999 0.067119412 48.062076569 0.930714726 0.041115027 -0.363427609 -1124.501953125
-0.342881083 0.058251549 -0.937570989 1765.726074219 -0.018283080 0.997472525 0.068659596 48.151313782 0.939200878 0.040683758 -0.340949446 -1125.066650391
-0.320450902 0.057876512 -0.945495546 1764.189208984 -0.021575866 0.997426867 0.068367951 48.242904663 0.947019398 0.042308457 -0.318377584 -1125.610839844
-0.298539132 0.056339175 -0.952732980 1762.646606445 -0.021836931 0.997591734 0.065834463 48.330684662 0.954147518 0.040458929 -0.296589851 -1126.116088867
-0.278088808 0.055914648 -0.958926558 1761.092163086 -0.022920888 0.997633696 0.064818718 48.419128418 0.960281849 0.040004808 -0.276149184 -1126.582275391
-0.258482695 0.056337092 -0.964371741 1759.508178711 -0.022507165 0.997675776 0.064315312 48.509502411 0.965753675 0.038329668 -0.256613880 -1127.019897461
-0.239804953 0.056966506 -0.969148278 1757.888793945 -0.021989003 0.997702122 0.064085834 48.596412659 0.970572054 0.036678709 -0.238001302 -1127.446533203
-0.222885326 0.057072803 -0.973172545 1756.267211914 -0.021358496 0.997759223 0.063406445 48.686241150 0.974610686 0.034917865 -0.221166894 -1127.824096680
-0.206715018 0.055913083 -0.976802230 1754.650512695 -0.020466112 0.997900188 0.061451882 48.774921417 0.978187084 0.032694370 -0.205136701 -1128.176879883
-0.192122996 0.054866198 -0.979835927 1753.023071289 -0.018676482 0.998050630 0.059548166 48.857257843 0.981193125 0.029740458 -0.190723792 -1128.494628906
-0.178188771 0.053269014 -0.982553422 1751.382080078 -0.018354528 0.998180091 0.057444841 48.940898895 0.983825147 0.028270332 -0.176886737 -1128.807006836
-0.164916858 0.053253252 -0.984868765 1749.729248047 -0.017531777 0.998225451 0.056911167 49.020923615 0.986151636 0.026652113 -0.163690552 -1129.090942383
-0.152620718 0.052532952 -0.986887634 1748.052856445 -0.017305065 0.998291016 0.055816177 49.105400085 0.988133311 0.025596855 -0.151450813 -1129.355468750
-0.141452953 0.052642211 -0.988544226 1746.379150391 -0.017002370 0.998308539 0.055595089 49.179313660 0.989798963 0.024671685 -0.140318677 -1129.591796875
-0.130335256 0.051859539 -0.990112782 1744.700561523 -0.018890046 0.998319983 0.054776028 49.255153656 0.991290033 0.025842523 -0.129136652 -1129.818237305
-0.119911149 0.051851064 -0.991429687 1743.004882812 -0.019502522 0.998319387 0.054570176 49.332496643 0.992593050 0.025878949 -0.118698388 -1130.035156250
-0.111770742 0.053246293 -0.992306471 1741.295043945 -0.019100452 0.998263776 0.055717390 49.413967133 0.993550360 0.025181072 -0.110559672 -1130.233520508
-0.105262093 0.054368727 -0.992957175 1739.561401367 -0.018454721 0.998225570 0.056613557 49.494979858 0.994273245 0.024284009 -0.104071952 -1130.427001953
-0.100003675 0.054060400 -0.993517339 1737.836914062 -0.017139718 0.998281121 0.056044828 49.578357697 0.994839430 0.022633296 -0.098905198 -1130.600219727
-0.094413362 0.054282296 -0.994052112 1736.115478516 -0.017538350 0.998266697 0.056178205 49.659873962 0.995378554 0.022738013 -0.093297690 -1130.770996094
-0.088458806 0.054756105 -0.994573772 1734.388916016 -0.018421570 0.998227239 0.056595698 49.735095978 0.995909452 0.023327995 -0.087293297 -1130.938598633
-0.083823100 0.054787807 -0.994973302 1732.666625977 -0.019012846 0.998217702 0.056568220 49.810836792 0.996299267 0.023659002 -0.082632013 -1131.081298828
-0.079629511 0.055373512 -0.995285332 1730.943969727 -0.019798014 0.998171031 0.057118036 49.882053375 0.996627927 0.024252953 -0.078387588 -1131.223266602
-0.076350033 0.056184866 -0.995496809 1729.229248047 -0.020124871 0.998120904 0.057876449 49.950744629 0.996877968 0.024453111 -0.075075850 -1131.349243164
-0.073453724 0.055728674 -0.995740354 1727.504516602 -0.020548761 0.998140991 0.057378870 50.034366608 0.997086883 0.024675919 -0.072172016 -1131.478393555
-0.070688263 0.054862361 -0.995988548 1725.794677734 -0.019909207 0.998209834 0.056397736 50.110160828 0.997299731 0.023816001 -0.069469459 -1131.598632812
-0.068645447 0.054648682 -0.996143222 1724.077270508 -0.019953253 0.998223603 0.056137819 50.182468414 0.997441590 0.023729911 -0.067433089 -1131.710693359
-0.067027196 0.054239638 -0.996275783 1722.354492188 -0.019081006 0.998269022 0.055631872 50.258575439 0.997568607 0.022738792 -0.065876223 -1131.815673828
-0.065306634 0.054260127 -0.996388912 1720.623046875 -0.019193733 0.998267412 0.055620443 50.332241058 0.997680604 0.022756806 -0.064152047 -1131.933593750
-0.063951626 0.054004565 -0.996490717 1718.898315430 -0.019797893 0.998269498 0.055371534 50.401885986 0.997756541 0.023269515 -0.062771812 -1132.054687500
-0.062459838 0.054212667 -0.996573985 1717.189086914 -0.019827092 0.998259187 0.055547003 50.474086761 0.997850537 0.023228621 -0.061276227 -1132.166748047
-0.061227605 0.055192679 -0.996596634 1715.444702148 -0.019425949 0.998214960 0.056475770 50.544612885 0.997934699 0.022817710 -0.060046140 -1132.275146484
-0.060123920 0.056118369 -0.996612191 1713.712158203 -0.019910581 0.998152256 0.057406269 50.619377136 0.997992277 0.023294618 -0.058895487 -1132.386718750
-0.058364972 0.056859154 -0.996674776 1711.980102539 -0.020580363 0.998095989 0.058145411 50.694801331 0.998083174 0.023905586 -0.057083655 -1132.497070312
-0.056752920 0.056614928 -0.996781707 1710.259033203 -0.020647349 0.998110771 0.057865996 50.777141571 0.998174727 0.023864962 -0.055476759 -1132.603027344
-0.055404074 0.056060106 -0.996888995 1708.538940430 -0.021323336 0.998128414 0.057314891 50.848327637 0.998236299 0.024432475 -0.054104991 -1132.702026367
-0.054163206 0.055551384 -0.996985614 1706.815795898 -0.021263858 0.998160720 0.056772057 50.924079895 0.998305678 0.024274722 -0.052882344 -1132.800170898
-0.052823275 0.056620695 -0.996997356 1705.093994141 -0.021512350 0.998094976 0.057822809 51.000041962 0.998372138 0.024502141 -0.051504608 -1132.897583008
-0.051590256 0.057463348 -0.997013748 1703.371215820 -0.021983482 0.998036087 0.058659784 51.069259644 0.998426318 0.024944112 -0.050225686 -1132.985229492
-0.050227508 0.057446443 -0.997084320 1701.676635742 -0.022090016 0.998036206 0.058614064 51.140533447 0.998493493 0.024969645 -0.048859891 -1133.068115234
-0.049040012 0.055344414 -0.997262299 1699.977661133 -0.023242235 0.998130023 0.056535505 51.212265015 0.998526335 0.025951102 -0.047661982 -1133.157348633
-0.047631029 0.053307012 -0.997441530 1698.307006836 -0.023933616 0.998227358 0.054491919 51.279052734 0.998578250 0.026467893 -0.046270773 -1133.236450195
-0.045841627 0.051467042 -0.997622013 1696.633422852 -0.024060871 0.998325408 0.052608933 51.341823578 0.998658895 0.026415337 -0.044526514 -1133.318115234
-0.043489818 0.050714169 -0.997765779 1694.947753906 -0.023637364 0.998378992 0.051775623 51.409202576 0.998774230 0.025836267 -0.042220566 -1133.405273438
-0.040591076 0.050223239 -0.997912824 1693.283447266 -0.023558397 0.998410165 0.051206529 51.468227386 0.998898029 0.025587756 -0.039343368 -1133.479248047
-0.036841184 0.051384058 -0.997999191 1691.635009766 -0.023540614 0.998355389 0.052271403 51.526123047 0.999043822 0.025419254 -0.035570983 -1133.546752930
-0.031784419 0.051640876 -0.998159707 1689.984375000 -0.024547687 0.998322725 0.052430980 51.583518982 0.999193251 0.026169000 -0.030463450 -1133.607421875
-0.025341708 0.051463064 -0.998353302 1688.350463867 -0.025545457 0.998314559 0.052109499 51.641803741 0.999352396 0.026823938 -0.023984350 -1133.652832031
-0.017102795 0.051135778 -0.998545229 1686.714111328 -0.026771089 0.998309851 0.051582243 51.701274872 0.999495268 0.027614346 -0.015704924 -1133.695068359
-0.007569775 0.050400350 -0.998700380 1685.106079102 -0.028215848 0.998320520 0.050595053 51.760494232 0.999573171 0.028562170 -0.006134974 -1133.721191406
0.002592094 0.049970962 -0.998747289 1683.487060547 -0.027879072 0.998365998 0.049879529 51.816036224 0.999607921 0.027714854 0.003981004 -1133.725830078
0.014495712 0.050995648 -0.998593688 1681.889648438 -0.029029399 0.998299003 0.050559215 51.867145538 0.999473453 0.028255681 0.015951429 -1133.719970703
0.028281946 0.051248074 -0.998285413 1680.314941406 -0.030893968 0.998252571 0.050371144 51.916965485 0.999122441 0.029416407 0.029815784 -1133.692993164
0.043861803 0.050914418 -0.997739375 1678.743286133 -0.032272309 0.998251438 0.049521826 51.964221954 0.998516202 0.030027233 0.045428239 -1133.638671875
0.060203377 0.050305877 -0.996917665 1677.192993164 -0.033324402 0.998273730 0.048361860 52.005222321 0.997629702 0.030310141 0.061775867 -1133.555786133
0.078502454 0.047934465 -0.995760858 1675.624023438 -0.034280259 0.998382449 0.045358121 52.053356171 0.996324360 0.030574217 0.080018677 -1133.459228516
0.097935431 0.046270754 -0.994116545 1674.103393555 -0.034132656 0.998486996 0.043111600 52.093868256 0.994607210 0.029709686 0.099366598 -1133.322021484
0.118613213 0.044594437 -0.991938591 1672.584228516 -0.034246918 0.998580277 0.040797878 52.128761292 0.992349744 0.029131670 0.119972043 -1133.160644531
0.140077189 0.043331750 -0.989191949 1671.075927734 -0.034050938 0.998661876 0.038924698 52.164676666 0.989554882 0.028230457 0.141365230 -1132.965942383
0.162583545 0.043956649 -0.985715270 1669.607299805 -0.033541381 0.998676002 0.039002314 52.191638947 0.986124516 0.026721114 0.163842678 -1132.728881836
0.187317073 0.042820968 -0.981365740 1668.132934570 -0.033868305 0.998736918 0.037114363 52.225624084 0.981715441 0.026285037 0.188530773 -1132.468383789
0.213644370 0.041672211 -0.976022303 1666.681884766 -0.035058592 0.998773217 0.034969516 52.243694305 0.976282239 0.026746927 0.214843214 -1132.174438477
0.241084412 0.040105004 -0.969675183 1665.238525391 -0.034671288 0.998863935 0.032692119 52.269557953 0.969884634 0.025738332 0.242200986 -1131.837768555
0.268695623 0.037417173 -0.962498069 1663.808227539 -0.033398814 0.999006212 0.029512655 52.291744232 0.962645948 0.024216374 0.269678324 -1131.457885742
0.296776652 0.034331571 -0.954329491 1662.387451172 -0.030069107 0.999193966 0.026594678 52.309741974 0.954473317 0.020803155 0.297569782 -1131.031738281
0.324900508 0.032350786 -0.945194721 1661.001342773 -0.028692208 0.999291897 0.024339708 52.319911957 0.945312858 0.019211741 0.325598657 -1130.576293945
0.353776515 0.030228848 -0.934841335 1659.620117188 -0.025816884 0.999412417 0.022546800 52.330024719 0.934973598 0.016158160 0.354349077 -1130.073486328
0.383145988 0.029936787 -0.923202574 1658.251342773 -0.024962060 0.999445200 0.022049403 52.338081360 0.923350453 0.014596900 0.383680701 -1129.530639648
0.413067549 0.030369958 -0.910193861 1656.903442383 -0.024488749 0.999452829 0.022234641 52.344200134 0.910371006 0.013105100 0.413585216 -1128.938476562
0.443819821 0.029058397 -0.895644724 1655.594238281 -0.023693793 0.999505162 0.020687047 52.354293823 0.895802677 0.012039900 0.444288731 -1128.311035156
0.474921465 0.028286852 -0.879573464 1654.292236328 -0.024759473 0.999517083 0.018775448 52.358512878 0.879679739 0.012860914 0.475392520 -1127.637695312
0.506039619 0.025060281 -0.862146139 1653.021972656 -0.024552215 0.999591291 0.014644438 52.353046417 0.862160861 0.013756931 0.506448030 -1126.912353516
0.536555827 0.022486757 -0.843565226 1651.757812500 -0.024278490 0.999642491 0.011204765 52.352031708 0.843515575 0.014468509 0.536909878 -1126.150756836
0.565612853 0.021124803 -0.824400187 1650.513183594 -0.022825589 0.999689817 0.009956094 52.345237732 0.824354887 0.013186128 0.565919638 -1125.331054688
0.594544291 0.019217571 -0.803833187 1649.328369141 -0.020851128 0.999746621 0.008479105 52.337871552 0.803792477 0.011719627 0.594794333 -1124.485107422
0.623082817 0.017151311 -0.781967759 1648.167480469 -0.020159677 0.999779582 0.005865177 52.328140259 0.781895936 0.012109728 0.623291194 -1123.596557617
0.650539517 0.017250158 -0.759276450 1647.061767578 -0.019492442 0.999791920 0.006013570 52.311306000 0.759222090 0.010888086 0.650740445 -1122.676391602
0.677565336 0.017533354 -0.735253572 1645.973632812 -0.020504875 0.999777496 0.004945317 52.293972015 0.735176682 0.011725508 0.677774131 -1121.708984375
0.703747272 0.015204749 -0.710287631 1644.920166016 -0.019432068 0.999808788 0.002149238 52.278728485 0.710184634 0.012289840 0.703908205 -1120.700927734
0.729021490 0.013197704 -0.684363484 1643.897827148 -0.020043649 0.999796987 -0.002070870 52.255340576 0.684197247 0.015226849 0.729138076 -1119.658447266
0.753151119 0.009456183 -0.657779694 1642.900878906 -0.017254569 0.999836564 -0.005382741 52.230266571 0.657621384 0.015403721 0.753191113 -1118.566162109
0.775774896 0.007264586 -0.630967975 1641.977294922 -0.015759612 0.999844849 -0.007864824 52.200771332 0.630812943 0.016045144 0.775769055 -1117.456909180
0.797791600 0.003543361 -0.602922857 1641.075683594 -0.012638280 0.999861240 -0.010846904 52.165626526 0.602800727 0.016273476 0.797725797 -1116.298461914
0.818870783 0.001808792 -0.573975086 1640.219238281 -0.011133982 0.999856949 -0.012733583 52.123950958 0.573869944 0.016817788 0.818773746 -1115.125366211
0.838568270 -0.001797766 -0.544793546 1639.405395508 -0.008069615 0.999843836 -0.015720466 52.083992004 0.544736743 0.017578954 0.838422835 -1113.917602539
0.856977880 -0.004519557 -0.515333295 1638.627197266 -0.006743069 0.999777615 -0.019981658 52.042945862 0.515308976 0.020598769 0.856756866 -1112.682983398
0.873762727 -0.008743435 -0.486273855 1637.903320312 -0.003820623 0.999684274 -0.024839886 51.993007660 0.486337453 0.023562042 0.873453319 -1111.419677734
0.889094412 -0.010576019 -0.457601666 1637.219970703 -0.001767002 0.999646187 -0.026536858 51.938419342 0.457720488 0.024402350 0.888761163 -1110.141601562
0.902704179 -0.012216549 -0.430088252 1636.593872070 0.001219780 0.999665499 -0.025835078 51.880359650 0.430259913 0.022796817 0.902417123 -1108.851562500
0.915002644 -0.014502464 -0.403187126 1636.008056641 0.004288513 0.999646902 -0.026224406 51.821174622 0.403425068 0.022266328 0.914741695 -1107.528076172
0.926388323 -0.016732244 -0.376197636 1635.456787109 0.006749686 0.999589682 -0.027837889 51.761787415 0.376509041 0.023249481 0.926121116 -1106.177490234
0.937265277 -0.020927563 -0.347988307 1634.934448242 0.010728706 0.999455273 -0.031209454 51.701984406 0.348451853 0.025518069 0.936979175 -1104.805419922
0.947233498 -0.024234949 -0.319626987 1634.464111328 0.013610701 0.999279380 -0.035431843 51.632972717 0.320255339 0.029211883 0.946880758 -1103.429931641
0.956771493 -0.022804247 -0.289945692 1634.019287109 0.013113039 0.999290049 -0.035323415 51.564498901 0.290545374 0.029994363 0.956390977 -1102.032470703
0.965674460 -0.021855196 -0.258834273 1633.618652344 0.014037344 0.999388814 -0.032014064 51.501815796 0.259375721 0.027281819 0.965391040 -1100.604858398
0.973998249 -0.017247150 -0.225898191 1633.245117188 0.010830658 0.999502778 -0.029613037 51.433555603 0.226296574 0.026396422 0.973700702 -1099.144775391
0.981369257 -0.017594611 -0.191323936 1632.921020508 0.010605101 0.999240518 -0.037495207 51.361812592 0.191838339 0.034767631 0.980810463 -1097.717773438
0.987424612 -0.017228579 -0.157149196 1632.659667969 0.009574316 0.998736441 -0.049334615 51.283508301 0.157800615 0.047209617 0.986341834 -1096.275878906
0.992043257 -0.016337119 -0.124832995 1632.460449219 0.009754732 0.998538315 -0.053160012 51.192512512 0.125519022 0.051519327 0.990752578 -1094.776123047
0.995597243 -0.017647661 -0.092057303 1632.290283203 0.013197668 0.998724937 -0.048726156 51.102596283 0.092799820 0.047296684 0.994560838 -1093.281494141
0.998030126 -0.020907216 -0.059150301 1632.184448242 0.018408610 0.998927891 -0.042475760 51.019123077 0.059974939 0.041303199 0.997345030 -1091.790893555
0.999409974 -0.022871453 -0.025624601 1632.131835938 0.021814706 0.998929739 -0.040786412 50.942020416 0.026530016 0.040203348 0.998839259 -1090.293212891
0.999686241 -0.023795601 0.007825916 1632.132324219 0.024115210 0.998755455 -0.043657053 50.859634399 -0.006777330 0.043832086 0.999015927 -1088.822265625
0.998883247 -0.023525123 0.040972061 1632.181030273 0.025519492 0.998479843 -0.048853602 50.776374817 -0.039760504 0.049844638 0.997965217 -1087.336791992
0.996942759 -0.022246145 0.074901402 1632.267944336 0.026240975 0.998261333 -0.052779831 50.682704926 -0.073597029 0.054583952 0.995793104 -1085.847900391
0.993935406 -0.021282393 0.107886150 1632.414550781 0.027416710 0.998071074 -0.055698488 50.585998535 -0.106492653 0.058318581 0.992601752 -1084.351806641
0.989781499 -0.019659800 0.141230717 1632.601318359 0.027910093 0.998002470 -0.056675829 50.488872528 -0.139834344 0.060038447 0.988353014 -1082.856933594
0.984488964 -0.017359700 0.174585462 1632.836059570 0.027424503 0.998087347 -0.055403374 50.380428314 -0.173289716 0.059331924 0.983082116 -1081.356323242
0.978074312 -0.014790455 0.207730398 1633.121948242 0.026765563 0.998129964 -0.054955434 50.282672882 -0.206529111 0.059310518 0.976641119 -1079.865356445
0.970959544 -0.011923536 0.238946393 1633.462890625 0.026156904 0.998060882 -0.056484994 50.178581238 -0.237809494 0.061094753 0.969388425 -1078.377197266
0.962984204 -0.010161898 0.269366235 1633.845092773 0.026438398 0.998031616 -0.056866296 50.067462921 -0.268258154 0.061882950 0.961357415 -1076.895751953
0.954742849 -0.008700444 0.297305167 1634.288818359 0.026609732 0.998062313 -0.056244787 49.963668823 -0.296239763 0.061610512 0.953124344 -1075.439819336
0.945736945 -0.009460441 0.324795604 1634.755249023 0.028977843 0.998048902 -0.055306915 49.855144501 -0.323638618 0.061717659 0.944165885 -1073.991455078
0.936657965 -0.009102862 0.350127101 1635.270751953 0.029536890 0.998154044 -0.053066146 49.752273560 -0.348997742 0.060046498 0.935197830 -1072.540893555
0.927576363 -0.010201058 0.373494178 1635.856079102 0.031788331 0.998157442 -0.051684462 49.660587311 -0.372278720 0.059814036 0.926191568 -1071.062988281
0.918423533 -0.010344595 0.395463228 1636.472778320 0.033598982 0.998085916 -0.051922157 49.556629181 -0.394169092 0.060973693 0.917013049 -1069.586059570
0.909566164 -0.009341588 0.415454060 1637.113037109 0.034579299 0.997981489 -0.053265646 49.456928253 -0.414117873 0.062814742 0.908053219 -1068.131347656
0.901437223 -0.011514163 0.432756513 1637.796142578 0.038888559 0.997758448 -0.054458447 49.355731964 -0.431159467 0.065920159 0.899864435 -1066.706420898
0.893798888 -0.012897227 0.448282331 1638.510498047 0.041718308 0.997643173 -0.054476723 49.253459930 -0.446523190 0.067392826 0.892230511 -1065.250366211
0.886581719 -0.015434214 0.462314397 1639.257690430 0.044343535 0.997676075 -0.051730648 49.154933929 -0.460441649 0.066364102 0.885205746 -1063.816528320
0.879194021 -0.015651109 0.476206779 1640.022705078 0.044127736 0.997839510 -0.048675399 49.052837372 -0.474416077 0.063809052 0.877985060 -1062.379882812
0.871924460 -0.016127277 0.489374787 1640.810546875 0.045575690 0.997791529 -0.048320621 48.961975098 -0.487514704 0.064435519 0.870733857 -1060.974975586
0.864980161 -0.014839975 0.501586556 1641.622802734 0.046028029 0.997695208 -0.049856916 48.867202759 -0.499690652 0.066212289 0.863669634 -1059.550537109
0.859270751 -0.016201993 0.511264443 1642.451904297 0.048989292 0.997510433 -0.050724067 48.773254395 -0.509169698 0.068632185 0.857925415 -1058.157836914
0.854948878 -0.017908137 0.518403053 1643.297241211 0.050682299 0.997505844 -0.049126443 48.677059174 -0.516230345 0.068274453 0.853724122 -1056.762817383
0.851948082 -0.017988984 0.523317039 1644.162719727 0.050260238 0.997604549 -0.047529936 48.575183868 -0.521208525 0.066795081 0.850811422 -1055.357666016
0.849558115 -0.017080249 0.527218461 1645.033691406 0.049197078 0.997684717 -0.046954114 48.479251862 -0.525195837 0.065827839 0.848431647 -1053.950195312
0.847829640 -0.015747633 0.530034721 1645.915161133 0.047900863 0.997746766 -0.046977349 48.388599396 -0.528100729 0.065217920 0.846673548 -1052.543334961
0.846436024 -0.016205994 0.532243729 1646.800781250 0.047597483 0.997838318 -0.045312434 48.298316956 -0.530358851 0.063687541 0.845377564 -1051.135864258
0.845468342 -0.018169288 0.533716381 1647.715454102 0.048068136 0.997953415 -0.042172164 48.204521179 -0.531857848 0.061309975 0.844611347 -1049.705200195
0.844526410 -0.018395867 0.535197914 1648.632324219 0.047870856 0.998001933 -0.041235391 48.122097015 -0.533369899 0.060444750 0.843719721 -1048.262939453
0.843543053 -0.018267043 0.536750793 1649.560546875 0.048048522 0.997980475 -0.041547861 48.041469574 -0.534907877 0.060837485 0.842717230 -1046.813720703
0.842521608 -0.018462149 0.538346112 1650.477050781 0.048576895 0.997944415 -0.041800011 47.955421448 -0.536467731 0.061368588 0.841686487 -1045.376220703
0.841438413 -0.017471803 0.540070534 1651.412719727 0.048222128 0.997917175 -0.042847250 47.867111206 -0.538197041 0.062096659 0.840528309 -1043.914062500
0.840581894 -0.014659334 0.541486025 1652.350463867 0.046189725 0.997932673 -0.044686683 47.782928467 -0.539711475 0.062573910 0.839521289 -1042.452148438
0.839492202 -0.014981639 0.543165147 1653.303344727 0.046609532 0.997920930 -0.044512890 47.691749573 -0.541368961 0.062684901 0.838445067 -1040.979492188
0.838292062 -0.018472012 0.544908464 1654.257202148 0.048856556 0.997950256 -0.041331559 47.600498199 -0.543028057 0.061270267 0.837476194 -1039.518432617
