1.000000000 0.000000000 0.000000000 0.000000000 0.000000000 1.000000000 0.000000000 0.000000000 0.000000000 0.000000000 1.000000000 0.000000000
0.999042213 -0.000558619 0.043753438 0.045569479 0.000663972 0.999996901 -0.002393384 -0.019860247 -0.043751966 0.002420143 0.999039471 1.025747657
0.996032655 -0.004761158 0.088862054 0.139370307 0.005425963 0.999959052 -0.007241248 -0.040524784 -0.088823944 0.007694679 0.996017575 2.046894312
0.990858436 -0.004049311 0.134844720 0.269821048 0.005623828 0.999920368 -0.011297659 -0.063810967 -0.134788215 0.011952723 0.990802288 3.052495956
0.983535469 -0.001323371 0.180710465 0.450359523 0.003816278 0.999902248 -0.013448046 -0.095463410 -0.180675030 0.013916271 0.983444333 4.083835125
0.973966002 -0.003788270 0.226662517 0.684620321 0.006991454 0.999886692 -0.013330819 -0.126736909 -0.226586357 0.014568467 0.973882139 5.091628075
0.962308884 -0.004236306 0.271925747 0.959732771 0.008536027 0.999856532 -0.014631190 -0.157022342 -0.271824777 0.016400890 0.962207019 6.092247963
0.948732436 -0.006874254 0.316005439 1.282721996 0.012987691 0.999766946 -0.017243974 -0.190402538 -0.315813273 0.020464100 0.948600590 7.074223995
0.933493435 -0.008525394 0.358493179 1.655422211 0.016444091 0.999683380 -0.019045703 -0.221180007 -0.358217329 0.023674134 0.933337986 8.036793709
0.916241527 -0.008589395 0.400534213 2.067898273 0.018043546 0.999640346 -0.019838352 -0.254294574 -0.400219768 0.025403779 0.916067004 8.969207764
0.896614254 -0.008901296 0.442722946 2.514204741 0.019035948 0.999648511 -0.018453380 -0.289567620 -0.442403108 0.024973216 0.896468461 9.870944023
0.874765635 -0.008792289 0.484466523 3.008806229 0.019686505 0.999654710 -0.017404351 -0.330198914 -0.484146208 0.024762180 0.874636590 10.771670341
0.850794792 -0.008996014 0.525421202 3.544449329 0.020559119 0.999657810 -0.016174935 -0.366659164 -0.525095880 0.024563741 0.850688577 11.636746407
0.825314164 -0.009464304 0.564594507 4.126832485 0.022539763 0.999614835 -0.016191665 -0.405680418 -0.564223826 0.026089037 0.825209558 12.481292725
0.797927797 -0.011242657 0.602648199 4.740520477 0.025861580 0.999543965 -0.015594751 -0.439618587 -0.602198005 0.028028918 0.797854602 13.289700508
0.769183934 -0.010050016 0.638948441 5.403903008 0.026482962 0.999518633 -0.016159507 -0.471880138 -0.638478458 0.029350879 0.769079804 14.097033501
0.738633335 -0.013165457 0.673978925 6.082252502 0.031334084 0.999399126 -0.014817756 -0.500819683 -0.673378825 0.032063399 0.738601983 14.834606171
0.706658483 -0.012263794 0.707448542 6.824928284 0.031597406 0.999399185 -0.014237288 -0.530421853 -0.706849039 0.032414436 0.706621408 15.564221382
0.672532082 -0.010914866 0.739987493 7.576274395 0.032503277 0.999361992 -0.014799697 -0.565460324 -0.739353895 0.034005284 0.672457814 16.246953964
0.636961043 -0.012060745 0.770801663 8.385058403 0.037192233 0.999194026 -0.015099847 -0.589362979 -0.769998312 0.038285855 0.636896253 16.908912659
0.600202024 -0.010446544 0.799780250 9.172646523 0.037571382 0.999179125 -0.015144724 -0.616329432 -0.798965633 0.039138742 0.600101829 17.500381470
0.562495887 -0.009395299 0.826746643 10.030700684 0.040478740 0.999049246 -0.016187252 -0.650883436 -0.825808644 0.042570930 0.562341332 18.076490402
0.523469567 -0.007380131 0.852012455 10.876020432 0.044835493 0.998815656 -0.018894823 -0.674723566 -0.850863934 0.048091266 0.523180485 18.598800659
0.484936297 -0.006674362 0.874524117 11.768612862 0.046520889 0.998752117 -0.018174045 -0.705524683 -0.873311281 0.049496897 0.484641641 19.079236984
0.446493953 -0.008557652 0.894745708 12.674457550 0.051549871 0.998539448 -0.016173925 -0.734077334 -0.893300474 0.053345587 0.446282923 19.526817322
0.409674764 -0.009184659 0.912185431 13.599997520 0.055431940 0.998352110 -0.014842971 -0.759066343 -0.910545945 0.056645002 0.409508795 19.925920486
0.374507427 -0.006547062 0.927200794 14.560337067 0.057010680 0.998245656 -0.015978573 -0.786726594 -0.925469697 0.058844440 0.374223650 20.298057556
0.341189116 -0.007560307 0.939964414 15.515891075 0.057777867 0.998245537 -0.012943188 -0.810954392 -0.938217342 0.058725204 0.341027290 20.641578674
0.307590514 -0.009051948 0.951475799 16.517280579 0.060085796 0.998143852 -0.009928448 -0.834068358 -0.949619830 0.060224079 0.307563424 20.963092804
0.274895906 -0.008992602 0.961431921 17.518072128 0.060417332 0.998141766 -0.007938774 -0.856971323 -0.959573805 0.060269501 0.274928391 21.241975784
0.242690191 -0.006137928 0.970084369 18.531818390 0.058062822 0.998279154 -0.008209503 -0.877658963 -0.968364656 0.058318201 0.242628947 21.493137360
0.211859077 -0.004560203 0.977289617 19.561496735 0.057937898 0.998288929 -0.007901719 -0.893637717 -0.975581348 0.058296155 0.211760744 21.715070724
0.181293741 -0.004393340 0.983419180 20.600933075 0.060137510 0.998168051 -0.006627145 -0.913033307 -0.981588542 0.060341828 0.181225836 21.902671814
0.150610656 -0.004541143 0.988582730 21.678848267 0.061546370 0.998092711 -0.004791768 -0.927226901 -0.986675382 0.061565373 0.150602907 22.062763214
0.119970031 -0.005439505 0.992762744 22.770139694 0.059856314 0.998205423 -0.001763986 -0.944230437 -0.990971446 0.059634726 0.120080329 22.197628021
0.090850011 -0.005698838 0.995848417 23.866573334 0.060585696 0.998162985 0.000184926 -0.955972075 -0.994019926 0.060317352 0.091028400 22.295497894
0.063468255 -0.005514998 0.997968554 24.995355606 0.063192517 0.998000145 0.001496292 -0.962755203 -0.995981157 0.062969171 0.063689820 22.363216400
0.038390100 -0.004954731 0.999250531 26.122648239 0.067211062 0.997735977 0.002365048 -0.971294045 -0.996999919 0.067069896 0.038636196 22.399719238
0.015765892 -0.004444922 0.999865770 27.289619446 0.071603432 0.997427702 0.003305040 -0.974838555 -0.997308493 0.071541704 0.016043611 22.403896332
-0.004332996 -0.004573292 0.999980152 28.450122833 0.077311695 0.996994972 0.004894637 -0.974648118 -0.996997535 0.077331372 -0.003966406 22.392471313
-0.021785608 -0.005196678 0.999749184 29.638246536 0.081853054 0.996620059 0.006964078 -0.977215528 -0.996406198 0.081984229 -0.021286609 22.348560333
-0.037254728 -0.005037704 0.999293089 30.842262268 0.085123613 0.996336699 0.008196301 -0.976443529 -0.995673656 0.085368790 -0.036689423 22.292703629
-0.051497016 -0.005748038 0.998656631 32.034233093 0.087333515 0.996126533 0.010236941 -0.976209700 -0.994847119 0.087743372 -0.050795551 22.231351852
-0.064621001 -0.006871072 0.997886181 33.247997284 0.087344311 0.996099532 0.012515002 -0.974082291 -0.994079947 0.087968417 -0.063768804 22.147500992
-0.076884575 -0.006789630 0.997016907 34.472953796 0.087150432 0.996103644 0.013503983 -0.973123848 -0.993223846 0.087928705 -0.075993285 22.053644180
-0.088240944 -0.004035535 0.996091008 35.708351135 0.087052613 0.996134460 0.011747460 -0.966993988 -0.992287934 0.087748915 -0.087548524 21.951841354
-0.098146565 -0.000672450 0.995171666 36.947868347 0.087574914 0.996114433 0.009309965 -0.962107539 -0.991311133 0.088065818 -0.097706318 21.827806473
-0.107531779 0.001987794 0.994199634 38.219985962 0.088885754 0.996012688 0.007622387 -0.956816494 -0.990220308 0.089189835 -0.107279681 21.692941666
-0.115217328 0.002953934 0.993335903 39.521564484 0.088783741 0.996023893 0.007336123 -0.951222301 -0.989364564 0.089037336 -0.115021467 21.551511765
-0.121041648 0.003480482 0.992641330 40.829849243 0.088367395 0.996061444 0.007282957 -0.948876798 -0.988706291 0.088598691 -0.120872468 21.401548386
-0.125945017 0.005148039 0.992023885 42.164241791 0.089577541 0.995960534 0.006204088 -0.943563342 -0.987984657 0.089644447 -0.125897408 21.234365463
-0.130658180 0.006768507 0.991404295 43.508201599 0.088419333 0.996071517 0.004852503 -0.939753175 -0.987476826 0.088293336 -0.130743369 21.063848495
-0.134601921 0.007424147 0.990871966 44.872104645 0.088975102 0.996023118 0.004623803 -0.935724556 -0.986897051 0.088785321 -0.134727195 20.881475449
-0.136986434 0.006457456 0.990551889 46.244598389 0.088553853 0.996054828 0.005753052 -0.931309998 -0.986606836 0.088505283 -0.137017831 20.688529968
-0.140167922 0.003928556 0.990119934 47.670234680 0.089296766 0.995967150 0.008689682 -0.944073439 -0.986092806 0.089632511 -0.139953434 20.512054443
-0.142964631 0.002959342 0.989723325 49.108570099 0.089197658 0.995964706 0.009906517 -0.935395479 -0.985700190 0.089697294 -0.142651692 20.322307587
-0.145091087 0.003573330 0.989411831 50.534988403 0.092755817 0.995638549 0.010006249 -0.940669298 -0.985060871 0.093225546 -0.144789740 20.133964539
-0.145876169 0.003126845 0.989298046 51.996841431 0.092262708 0.995679796 0.010457514 -0.932634413 -0.984991252 0.092800796 -0.145534486 19.915336609
-0.146015763 0.004674403 0.989271224 53.458385468 0.094633035 0.995469093 0.009264084 -0.917194903 -0.984745622 0.094970442 -0.145796537 19.693176270
-0.145899937 0.004597987 0.989288807 54.943138123 0.093878828 0.995540917 0.009218173 -0.911355317 -0.984834969 0.094218217 -0.145681024 19.475793839
-0.145582914 0.005994997 0.989327908 56.467521667 0.093804710 0.995560229 0.007770913 -0.904199243 -0.984888911 0.093934923 -0.145498902 19.258350372
-0.143944129 0.006058201 0.989567280 58.002979279 0.094574288 0.995488346 0.007662485 -0.892555475 -0.985056162 0.094690576 -0.143867627 19.029470444
-0.143080682 0.004406326 0.989701211 59.563304901 0.093827941 0.995546460 0.009132312 -0.898009658 -0.985253394 0.094168276 -0.142856911 18.824331284
-0.141628191 0.005311326 0.989905655 61.141994476 0.094882600 0.995454431 0.008233984 -0.886513054 -0.985362172 0.095090985 -0.141488373 18.596263885
-0.140825480 0.006152458 0.990015328 62.737724304 0.094483674 0.995499969 0.007253358 -0.873924434 -0.985515594 0.094561726 -0.140773073 18.381948471
-0.139856875 0.006847277 0.990148067 64.344879150 0.095543563 0.995403290 0.006611760 -0.866484404 -0.985551357 0.095526971 -0.139868200 18.157550812
-0.138621762 0.006700073 0.990322649 65.970031738 0.095559619 0.995401561 0.006641651 -0.862615049 -0.985724270 0.095555544 -0.138624564 17.926069260
-0.137451574 0.005147957 0.990495086 67.624984741 0.097563475 0.995194197 0.008366561 -0.853608072 -0.985691845 0.097786143 -0.137293264 17.689687729
-0.136359736 0.002893782 0.990655184 69.297576904 0.100123502 0.994915545 0.010875371 -0.859412193 -0.985586762 0.100670822 -0.135956168 17.453813553
-0.135142371 0.004093293 0.990817785 70.980094910 0.102058716 0.994729996 0.009810824 -0.852920115 -0.985555947 0.102447450 -0.134847954 17.216623306
-0.134090409 0.006158791 0.990949929 72.644577026 0.104920119 0.994448364 0.008016733 -0.845110774 -0.985399127 0.105045564 -0.133992165 16.995244980
-0.133040726 0.006085539 0.991091907 74.348503113 0.104464076 0.994497120 0.007916447 -0.838293791 -0.985589862 0.104586706 -0.132944345 16.764699936
-0.132336304 0.006135282 0.991185904 76.075767517 0.105252504 0.994414151 0.007897323 -0.829144895 -0.985600829 0.105369911 -0.132242814 16.530515671
-0.131370887 0.005135573 0.991320014 77.814743042 0.105486371 0.994381487 0.008827743 -0.819448829 -0.985704958 0.105730459 -0.131174520 16.288606644
-0.131022379 0.005622237 0.991363466 79.555259705 0.107219867 0.994198740 0.008532275 -0.809685230 -0.985564351 0.107411802 -0.130865097 16.060838699
-0.131024823 0.005553017 0.991363525 81.328773499 0.108305238 0.994079232 0.008746072 -0.796711624 -0.985445321 0.108515829 -0.130850479 15.834352493
-0.130840719 0.006660207 0.991381049 83.096191406 0.108855009 0.994027913 0.007688501 -0.789450109 -0.985409200 0.108922765 -0.130784333 15.600313187
-0.131386682 0.007799834 0.991300523 84.892723083 0.108741418 0.994048238 0.006591103 -0.780232728 -0.985349059 0.108661398 -0.131452873 15.370363235
-0.132132456 0.008533698 0.991195261 86.684516907 0.108133458 0.994119108 0.005855986 -0.780319393 -0.985316217 0.107955143 -0.132278204 15.133765221
-0.133589417 0.009042112 0.990995526 88.496337891 0.107222036 0.994220555 0.005382342 -0.778619230 -0.985219419 0.106975593 -0.133786857 14.900143623
-0.134679377 0.007981741 0.990857005 90.316513062 0.106223896 0.994321465 0.006428528 -0.782923996 -0.985179067 0.106118485 -0.134762466 14.660435677
-0.135422915 0.007743921 0.990757644 92.163032532 0.106548645 0.994284213 0.006792248 -0.780035615 -0.985042095 0.106483705 -0.135473996 14.408992767
-0.135682836 0.006741454 0.990729392 94.008941650 0.104035832 0.994545400 0.007480544 -0.775122702 -0.985274971 0.104086332 -0.135644093 14.157911301
-0.137285382 0.007595391 0.990502417 95.846405029 0.104086183 0.994545043 0.006800141 -0.773805976 -0.985047579 0.104031190 -0.137327060 13.907556534
-0.139442205 0.008394193 0.990194619 97.730705261 0.103496984 0.994610727 0.006143129 -0.769913256 -0.984806716 0.103338778 -0.139559492 13.633720398
-0.143418774 0.009403477 0.989617407 99.618209839 0.104026899 0.994558573 0.005625515 -0.764865637 -0.984179497 0.103753649 -0.143616632 13.358770370
-0.147875756 0.008561213 0.988968849 101.505607605 0.102423184 0.994718313 0.006703862 -0.765943170 -0.983688056 0.102284677 -0.147971615 13.082327843
-0.152806491 0.007858205 0.988224804 103.409843445 0.101176776 0.994838417 0.007733896 -0.766151845 -0.983063281 0.101167195 -0.152812839 12.800007820
-0.157231748 0.008393587 0.987526000 105.311775208 0.099793307 0.994980454 0.007431933 -0.769992650 -0.982506752 0.099717028 -0.157280162 12.500810623
-0.161254972 0.010440298 0.986857474 107.233970642 0.100359492 0.994933844 0.005873254 -0.763014019 -0.981796741 0.099987604 -0.161485836 12.173481941
-0.165989548 0.011979101 0.986054659 109.168365479 0.100264415 0.994949162 0.004791059 -0.771119475 -0.981016994 0.099661455 -0.166352272 11.852038383
-0.170795768 0.012062364 0.985232592 111.088966370 0.099132694 0.995061636 0.005002527 -0.778390527 -0.980306804 0.098523177 -0.171148106 11.530597687
-0.175113231 0.011567117 0.984480321 113.026466370 0.097400829 0.995229304 0.005631638 -0.784736812 -0.979718566 0.096875370 -0.175404474 11.179021835
-0.180542842 0.011049632 0.983505070 114.985725403 0.095380291 0.995420754 0.006325536 -0.785813451 -0.978931487 0.094949022 -0.180770040 10.828698158
-0.185750276 0.010238779 0.982543647 116.937561035 0.094150327 0.995530248 0.007425050 -0.787148058 -0.978075981 0.093886018 -0.185884014 10.466747284
-0.191363916 0.010226067 0.981465876 118.914970398 0.094231755 0.995518148 0.008000609 -0.780842364 -0.976985276 0.094016284 -0.191469908 10.086373329
-0.196278259 0.012357719 0.980470359 120.892684937 0.094880335 0.995467901 0.006447145 -0.770407557 -0.975947022 0.094292790 -0.196561188 9.690333366
-0.201915815 0.012758825 0.979319751 122.842620850 0.094163202 0.995535910 0.006444442 -0.778989136 -0.974865794 0.093517102 -0.202215895 9.296663284
-0.208423078 0.012790103 0.977955103 124.820632935 0.094793938 0.995470941 0.007183428 -0.777305245 -0.973434031 0.094201423 -0.208691582 8.901906013
-0.213979140 0.012891575 0.976753175 126.805511475 0.093854062 0.995558321 0.007421014 -0.771597445 -0.972319067 0.093260199 -0.214238644 8.476455688
-0.219524860 0.013508324 0.975513399 128.790618896 0.093031824 0.995637417 0.007148448 -0.771544516 -0.971161067 0.092323065 -0.219823867 8.041034698
-0.224868745 0.014291152 0.974284232 130.788772583 0.092327572 0.995706260 0.006704203 -0.767191291 -0.970004976 0.091460876 -0.225222647 7.596650124
-0.229604036 0.013357866 0.973192453 132.778915405 0.093089357 0.995623171 0.008296706 -0.763928413 -0.968822122 0.092498831 -0.229842573 7.140722752
-0.233459547 0.013436552 0.972273588 134.775650024 0.095442809 0.995392740 0.009161398 -0.755540669 -0.967671096 0.094935343 -0.233666375 6.663214684
-0.237065554 0.014277269 0.971388757 136.788146973 0.096802764 0.995262861 0.008996365 -0.751053154 -0.966658771 0.096165851 -0.237324640 6.178689480
-0.240007520 0.015134054 0.970653057 138.784179688 0.097534478 0.995194912 0.008600056 -0.747520506 -0.965858936 0.096736223 -0.240330309 5.687553406
-0.243589416 0.015120079 0.969760597 140.825103760 0.096740335 0.995270908 0.008781907 -0.743387878 -0.965041697 0.095954150 -0.243900150 5.187179089
-0.247174978 0.015505873 0.968846798 142.825469971 0.095432252 0.995400369 0.008416105 -0.743461013 -0.964259923 0.094539493 -0.247517794 4.677540302
-0.251986027 0.016594434 0.967588603 144.854019165 0.094623968 0.995484352 0.007569762 -0.738057077 -0.963093638 0.093464546 -0.252418369 4.157880783
-0.255942017 0.015864899 0.966561854 146.918823242 0.093804397 0.995554388 0.008498278 -0.743344367 -0.962130129 0.092842825 -0.256292403 3.634366989
-0.260812998 0.016310569 0.965251565 148.968505859 0.094080321 0.995527625 0.008598538 -0.742559791 -0.960794210 0.093053810 -0.261180937 3.092756271
-0.265115112 0.016419573 0.964076936 151.024734497 0.093366198 0.995593667 0.008718773 -0.744860888 -0.959685743 0.092323691 -0.265479922 2.532078028
-0.270059645 0.016611848 0.962700307 153.086532593 0.092810348 0.995644391 0.008855128 -0.737737358 -0.958360076 0.091739967 -0.270425111 1.973463893
-0.274386227 0.016223241 0.961482644 155.128921509 0.093023971 0.995616138 0.009747834 -0.737323642 -0.957109571 0.092115596 -0.274692506 1.398805261
-0.278985083 0.016342979 0.960156322 157.193328857 0.093521059 0.995564699 0.010228003 -0.730106235 -0.955730677 0.092648275 -0.279276192 0.815008879
-0.283137143 0.016996676 0.958928943 159.278442383 0.094236113 0.995497823 0.010179679 -0.725531936 -0.954438448 0.093247972 -0.283464164 0.212434158
-0.286801219 0.018286947 0.957815528 161.353836060 0.094545797 0.995476961 0.009304100 -0.716131926 -0.953313231 0.093225867 -0.287232935 -0.398685247
-0.290509790 0.019753175 0.956668079 163.418441772 0.094601013 0.995481730 0.008172737 -0.718562126 -0.952184200 0.092876032 -0.291065872 -1.015189171
-0.294221461 0.021216385 0.955501676 165.502105713 0.095471054 0.995405614 0.007295361 -0.713298678 -0.950956881 0.093369216 -0.294895172 -1.633993745
-0.297673345 0.021961948 0.954415083 167.590911865 0.094999105 0.995454669 0.006723044 -0.710873544 -0.949929357 0.092669837 -0.298406690 -2.276196957
-0.301590472 0.021829188 0.953187644 169.699066162 0.095245369 0.995426893 0.007339310 -0.715341091 -0.948668182 0.093000174 -0.302290440 -2.927870274
-0.305754066 0.022309428 0.951849222 171.788604736 0.094916292 0.995459497 0.007157556 -0.708281934 -0.947367489 0.092534445 -0.306483388 -3.584433794
-0.309646398 0.023062652 0.950572014 173.886840820 0.097105011 0.995245993 0.007485181 -0.709315717 -0.945880353 0.094623052 -0.310413867 -4.263864040
-0.312580913 0.023404585 0.949602664 175.974349976 0.099407166 0.995013058 0.008198082 -0.713186741 -0.944675267 0.096959896 -0.313348711 -4.950820923
-0.315311819 0.023260877 0.948702931 178.079498291 0.100414917 0.994905114 0.008980310 -0.706669152 -0.943660557 0.098095529 -0.316041082 -5.649043560
-0.317880243 0.022784529 0.947857082 180.178894043 0.100228652 0.994917154 0.009697655 -0.704884291 -0.942818284 0.098085120 -0.318548143 -6.348578930
-0.320826739 0.023506405 0.946846128 182.298812866 0.099247068 0.995022714 0.008926157 -0.696150601 -0.941923618 0.096835449 -0.321562886 -7.056308746
-0.323198795 0.025387689 0.945990503 184.398193359 0.098690830 0.995093465 0.007012365 -0.700034559 -0.941170871 0.095626973 -0.324118525 -7.776607513
-0.326514751 0.027343752 0.944796622 186.522537231 0.098417185 0.995131612 0.005211728 -0.701233447 -0.940054297 0.094685912 -0.327616245 -8.502943039
-0.329554200 0.028492808 0.943706572 188.648559570 0.097656839 0.995211899 0.004055116 -0.703775764 -0.939072490 0.093495786 -0.330758780 -9.236913681
-0.332910746 0.029049808 0.942510784 190.798446655 0.095852613 0.995390415 0.003177112 -0.715545416 -0.938073933 0.091399811 -0.334160686 -9.982702255
-0.336889565 0.029587971 0.941079140 192.943908691 0.096626475 0.995315254 0.003297378 -0.719757140 -0.936572790 0.092044003 -0.338170290 -10.734003067
-0.340626657 0.028508836 0.939766288 195.113082886 0.096030205 0.995367706 0.004611434 -0.728617251 -0.935281515 0.091816731 -0.341786534 -11.501914024
-0.343753427 0.028245702 0.938635051 197.254760742 0.096360847 0.995332122 0.005338092 -0.734501541 -0.934102774 0.092282668 -0.344870627 -12.291707993
-0.347783476 0.028257417 0.937148988 199.434310913 0.096207395 0.995345056 0.005691155 -0.737003386 -0.932625771 0.092139952 -0.348883122 -13.089318275
-0.351406276 0.028615871 0.935785592 201.603454590 0.095554203 0.995409310 0.005443383 -0.737224102 -0.931334019 0.091331095 -0.352527410 -13.894790649
-0.354825914 0.029113499 0.934478998 203.773391724 0.094901219 0.995474041 0.005020644 -0.748944879 -0.930103362 0.090464652 -0.355982929 -14.715663910
-0.358246684 0.029657187 0.933155835 205.963912964 0.094652385 0.995499313 0.004699323 -0.749502301 -0.928816557 0.090008952 -0.359441429 -15.547376633
-0.361263931 0.030458216 0.931965947 208.111755371 0.095787160 0.995391190 0.004599518 -0.766463459 -0.927530706 0.090932004 -0.362516373 -16.371234894
-0.363920152 0.030297596 0.930937290 210.275802612 0.096540995 0.995314658 0.005346844 -0.765082479 -0.926413476 0.091819435 -0.365139991 -17.212802887
-0.366594911 0.029831758 0.929902196 212.445678711 0.098051265 0.995158613 0.006729489 -0.778204918 -0.925199449 0.093645096 -0.367745131 -18.073680878
-0.369241029 0.030530458 0.928832054 214.627456665 0.099154368 0.995049417 0.006710087 -0.784877777 -0.924028933 0.094575398 -0.370440245 -18.941972733
-0.372243464 0.031519827 0.927599728 216.818435669 0.099204451 0.995049000 0.005998743 -0.792394996 -0.922818124 0.094255000 -0.373527378 -19.813800812
-0.375041306 0.031571548 0.926470339 218.990844727 0.098290086 0.995140374 0.005876828 -0.795637310 -0.921782494 0.093266882 -0.376321942 -20.683734894
-0.377955288 0.032750573 0.925244391 221.151718140 0.098099627 0.995164812 0.004847421 -0.814071298 -0.920611858 0.092598222 -0.379340619 -21.567434311
-0.380980164 0.033907302 0.923961282 223.309265137 0.097893059 0.995189548 0.003843369 -0.823186159 -0.919386268 0.091913648 -0.382466763 -22.449941635
-0.383625716 0.034003697 0.922862411 225.496231079 0.095410585 0.995433450 0.002983689 -0.834711969 -0.918546677 0.089195468 -0.385118216 -23.348129272
-0.387371063 0.034885529 0.921263635 227.670196533 0.096101567 0.995367765 0.002716952 -0.852237761 -0.916901350 0.089587338 -0.388929248 -24.247329712
-0.390402734 0.034433410 0.920000017 229.844909668 0.097219467 0.995254934 0.004005140 -0.869694710 -0.915496647 0.091005526 -0.391897857 -25.158771515
-0.393767446 0.033413038 0.918602645 232.040649414 0.097295806 0.995240271 0.005506099 -0.880224347 -0.914046347 0.091544300 -0.395144165 -26.083942413
-0.397681206 0.032843482 0.916935623 234.178314209 0.095581457 0.995404720 0.005800181 -0.887642503 -0.912531555 0.089948669 -0.398992985 -26.989534378
-0.400921553 0.033057202 0.915515780 236.315444946 0.094364248 0.995523155 0.005377793 -0.899588645 -0.911239445 0.088548020 -0.402246147 -27.910461426
-0.405131489 0.032184556 0.913691759 238.507080078 0.092409164 0.995703638 0.005900871 -0.909364820 -0.909576297 0.086824119 -0.406364977 -28.861829758
-0.409288704 0.031616304 0.911857009 240.666946411 0.091426626 0.995790482 0.006510519 -0.917874575 -0.907812715 0.086032681 -0.410456389 -29.804992676
-0.413315773 0.031695418 0.910035968 242.818191528 0.090763852 0.995850980 0.006538451 -0.930244148 -0.906052947 0.085300803 -0.414477766 -30.769197464
-0.417866349 0.031383526 0.907966316 244.984970093 0.089815550 0.995934427 0.006910999 -0.936940551 -0.904058039 0.084437370 -0.418986171 -31.747201920
-0.422650069 0.030705303 0.905772626 247.145706177 0.088517755 0.996046066 0.007538471 -0.944414735 -0.901959836 0.083363116 -0.423696876 -32.723167419
-0.427186936 0.030483628 0.903649330 249.277908325 0.087137856 0.996167302 0.007588518 -0.951288164 -0.899954617 0.081983767 -0.428205967 -33.709033966
-0.431555182 0.031116745 0.901549637 251.430801392 0.087103724 0.996172428 0.007312323 -0.964505613 -0.897871435 0.081684008 -0.432613760 -34.715347290
-0.435158610 0.031617537 0.899798393 253.526748657 0.087517068 0.996136069 0.007322129 -0.972273648 -0.896090269 0.081934005 -0.436244309 -35.720485687
-0.439768255 0.031523194 0.897557855 255.653488159 0.087017357 0.996177554 0.007648290 -0.978664815 -0.893885791 0.081466600 -0.440830261 -36.730632782
-0.443919837 0.031454824 0.895514250 257.786132812 0.085301727 0.996328473 0.007289424 -0.993123829 -0.891996980 0.079624809 -0.444973171 -37.770355225
-0.448335350 0.031760588 0.893301010 259.877075195 0.085630231 0.996298492 0.007554051 -0.999937713 -0.889754415 0.079880320 -0.449395448 -38.786575317
-0.452396512 0.032083489 0.891239643 261.978485107 0.085509308 0.996308804 0.007538985 -1.000629187 -0.887708068 0.079619892 -0.453470081 -39.834827423
-0.456092834 0.033299915 0.889308989 264.095275879 0.086653270 0.996212959 0.007138265 -1.002957344 -0.885703385 0.080317229 -0.457251161 -40.904621124
-0.459756106 0.035580147 0.887332141 266.206695557 0.088761985 0.996034503 0.006051637 -1.002251983 -0.883598030 0.081543632 -0.461091131 -41.992519379
-0.462501198 0.036120262 0.885882497 268.329040527 0.089732960 0.995946288 0.006239831 -1.007323861 -0.882066071 0.082378797 -0.463867545 -43.097171783
-0.465759903 0.038235988 0.884084582 270.449127197 0.091394290 0.995801806 0.005081343 -1.006072879 -0.880178750 0.083166979 -0.467299104 -44.203979492
-0.468259156 0.041076533 0.882635832 272.543182373 0.093522638 0.995611727 0.003281706 -1.013991475 -0.878627837 0.084083118 -0.470045865 -45.303730011
-0.471164018 0.041616354 0.881063223 274.666595459 0.094239809 0.995543838 0.003372643 -1.017709613 -0.876996696 0.084620312 -0.472986341 -46.433555603
-0.474575341 0.042660426 0.879180610 276.800109863 0.094560809 0.995515347 0.002737922 -1.026731849 -0.875120759 0.084435359 -0.476481110 -47.555217743
-0.478152722 0.042720545 0.877237082 278.955383301 0.093591884 0.995607555 0.002528766 -1.024317026 -0.873275697 0.083311424 -0.480050713 -48.717021942
-0.481447488 0.043934304 0.875373125 281.093841553 0.094627164 0.995510578 0.002080195 -1.036069274 -0.871351838 0.083835572 -0.483443439 -49.888874054
-0.484785289 0.044174206 0.873516917 283.247924805 0.093751438 0.995594203 0.001682554 -1.043882370 -0.869594097 0.082709156 -0.486790866 -51.070953369
-0.487308979 0.043932054 0.872123957 285.393218994 0.091961071 0.995761991 0.001224117 -1.047540903 -0.868373990 0.080797963 -0.489283741 -52.256278992
-0.489585072 0.044861268 0.870800734 287.536743164 0.093793489 0.995590568 0.001442847 -1.054073930 -0.866896331 0.082381830 -0.491634011 -53.460426331
-0.491899997 0.044682588 0.869504392 289.722747803 0.095230520 0.995451510 0.002719404 -1.067366004 -0.865427911 0.084141016 -0.493917733 -54.683036804
-0.494165152 0.044941682 0.868205607 291.894561768 0.096101187 0.995366454 0.003174849 -1.068434834 -0.864040077 0.085004508 -0.496194422 -55.908672333
-0.495866567 0.044490051 0.867258310 294.051269531 0.095854439 0.995388448 0.003742986 -1.075852513 -0.863092303 0.084986582 -0.497844338 -57.138374329
-0.498160005 0.044157345 0.865960002 296.230529785 0.095688313 0.995402098 0.004288630 -1.071633816 -0.861788988 0.084998682 -0.500094831 -58.388881683
-0.501035690 0.044745840 0.864269018 298.439514160 0.097145230 0.995258689 0.004789650 -1.066567421 -0.859956920 0.086359404 -0.503007054 -59.656124115
-0.503216982 0.044101112 0.863034010 300.626342773 0.096828260 0.995285332 0.005599360 -1.066274166 -0.858718097 0.086383782 -0.505114794 -60.931064606
-0.505321085 0.044736587 0.861770928 302.821685791 0.096304514 0.995340347 0.004800089 -1.073052645 -0.857540667 0.085418023 -0.507274747 -62.206405640
-0.507992923 0.047336247 0.860059559 305.016418457 0.095849089 0.995394170 0.001828281 -1.068572164 -0.856011808 0.083364680 -0.510190308 -63.495857239
-0.511339188 0.046478447 0.858121157 307.206207275 0.094241917 0.995546758 0.002235256 -1.078629613 -0.854195833 0.082013942 -0.513442457 -64.797401428
-0.515962660 0.044327702 0.855463326 309.396820068 0.091667458 0.995782852 0.003689477 -1.087654233 -0.851692200 0.080321781 -0.517850101 -66.097938538
-0.520963371 0.041641876 0.852562726 311.596588135 0.089090295 0.996006727 0.005790987 -1.093442440 -0.848917067 0.078971960 -0.522592783 -67.409477234
-0.525189579 0.040335953 0.850028753 313.783599854 0.087788522 0.996114731 0.006971969 -1.088515401 -0.846444964 0.078284360 -0.526690125 -68.755325317
-0.529618859 0.041032866 0.847242653 316.016571045 0.088798344 0.996023118 0.007270156 -1.083502769 -0.843574941 0.079084150 -0.531156301 -70.133659363
-0.533885777 0.042385809 0.844493508 318.234588623 0.091341861 0.995789230 0.007766542 -1.084070683 -0.840608358 0.081284054 -0.535509527 -71.523880005
-0.537424386 0.043374822 0.842195630 320.445220947 0.092157155 0.995716035 0.007526161 -1.074175954 -0.838261306 0.081659101 -0.539119363 -72.934906006
-0.541103601 0.043326844 0.839839041 322.653747559 0.093009911 0.995628357 0.008561837 -1.075546622 -0.835796535 0.082746200 -0.542768002 -74.352462769
-0.545206904 0.041969221 0.837250233 324.872711182 0.093072690 0.995601833 0.010700790 -1.070930600 -0.833118796 0.083759263 -0.546715140 -75.783889771
-0.549235404 0.040318411 0.834694505 327.091278076 0.091261685 0.995755136 0.011952751 -1.060472369 -0.830669463 0.082740493 -0.550583541 -77.232269287
-0.553219318 0.039847471 0.832082033 329.291198730 0.090423614 0.995825768 0.012430221 -1.056191087 -0.828113377 0.082116514 -0.554513276 -78.673591614
-0.557472646 0.039407808 0.829259455 331.500274658 0.090121113 0.995842516 0.013260122 -1.049783230 -0.825289309 0.082125939 -0.558706462 -80.140388489
-0.561381161 0.039156634 0.826630473 333.695922852 0.090752214 0.995768428 0.014463093 -1.039166212 -0.822566152 0.083137847 -0.562559247 -81.606742859
-0.565709651 0.039030667 0.823680282 335.897460938 0.091270342 0.995705485 0.015502946 -1.021032453 -0.819537878 0.083947763 -0.566842496 -83.099212646
-0.569427431 0.037862316 0.821169138 338.102600098 0.089723639 0.995833278 0.016301813 -1.008712649 -0.817130387 0.082960986 -0.570451915 -84.601684570
-0.572947919 0.036894687 0.818761051 340.302001953 0.089545302 0.995823920 0.017788082 -0.990687966 -0.814685404 0.083507843 -0.573859036 -86.121688843
-0.575349271 0.036435697 0.817095876 342.478271484 0.090157770 0.995744705 0.019081671 -0.970572054 -0.812923610 0.084646165 -0.576185942 -87.646980286
-0.578451514 0.035558119 0.814941406 344.681030273 0.087534040 0.995986581 0.018674728 -0.945842326 -0.811006546 0.082137533 -0.579242408 -89.195686340
-0.582074165 0.034662861 0.812396526 346.847930908 0.083602861 0.996347368 0.017389078 -0.919376135 -0.808826447 0.078040399 -0.582845986 -90.700332642
-0.585162282 0.034001179 0.810203016 348.998321533 0.080426998 0.996627927 0.016263001 -0.897527397 -0.806917846 0.074678697 -0.585923731 -92.223632812
-0.587631941 0.031250063 0.808524668 351.166534424 0.078317769 0.996758699 0.018395532 -0.881316960 -0.805329263 0.074131645 -0.588174641 -93.790824890
-0.590987504 0.030764993 0.806093872 353.335021973 0.079370365 0.996641457 0.020153005 -0.858112872 -0.802766681 0.075890139 -0.591444433 -95.352981567
-0.594384789 0.031022491 0.803582251 355.507873535 0.078632198 0.996709347 0.019683572 -0.829280376 -0.800327301 0.074887052 -0.594868124 -96.917449951
-0.597687960 0.030001741 0.801167250 357.681884766 0.076864980 0.996840596 0.020013690 -0.805045009 -0.798035622 0.073543653 -0.598105729 -98.496322632
-0.601178408 0.026130833 0.798687518 359.847900391 0.074274659 0.996965826 0.023289168 -0.780630231 -0.795655608 0.073323183 -0.601295173 -100.085884094
-0.604626417 0.023853591 0.796151876 362.011627197 0.072051674 0.997091413 0.024844667 -0.745224833 -0.793243587 0.072385810 -0.604586661 -101.688339233
-0.608312190 0.022711175 0.793372810 364.189117432 0.070029214 0.997227967 0.025147578 -0.701946676 -0.790602386 0.070856854 -0.608216405 -103.296646118
-0.611038923 0.022962762 0.791267455 366.306976318 0.069893695 0.997240424 0.025033735 -0.663756311 -0.788508952 0.070601203 -0.610957563 -104.905700684
-0.614169657 0.022373511 0.788856864 368.446441650 0.069985464 0.997203827 0.026205011 -0.633482575 -0.786064744 0.071302839 -0.614018083 -106.535728455
-0.616928041 0.021939471 0.786713719 370.534515381 0.069712676 0.997205496 0.026857980 -0.601428866 -0.783926129 0.071413368 -0.616733432 -108.125991821
-0.619866729 0.020227335 0.784446359 372.666137695 0.066254154 0.997447193 0.026634121 -0.565276504 -0.781905115 0.068482429 -0.619624496 -109.774299622
-0.623107612 0.016462108 0.781962872 374.792449951 0.056245845 0.998133063 0.023806540 -0.532439828 -0.780111253 0.058816195 -0.622870207 -111.417526245
-0.626889944 0.018987512 0.778876424 376.910308838 0.048860297 0.998693287 0.014979683 -0.512238204 -0.777574182 0.047446739 -0.626998544 -113.059417725
-0.629787803 0.029372929 0.776211679 379.013946533 0.059072290 0.998201966 0.010155581 -0.503581762 -0.774517953 0.052248452 -0.630390584 -114.737861633
-0.630719006 0.030417260 0.775414944 381.100402832 0.066456340 0.997677743 0.014919305 -0.499567181 -0.773160458 0.060941119 -0.631275773 -116.421104431
-0.633044064 0.021288889 0.773823082 383.209014893 0.065426290 0.997516632 0.026080528 -0.469121456 -0.771345973 0.067138493 -0.632864833 -118.120559692
-0.636477232 0.010698283 0.771221280 385.322692871 0.059192792 0.997632325 0.035011869 -0.410861880 -0.769020796 0.067935005 -0.635603547 -119.813911438
-0.639806092 0.004389828 0.768523872 387.397583008 0.053141482 0.997843087 0.038541272 -0.345666945 -0.766696930 0.065499447 -0.638659239 -121.494628906
-0.642633319 0.003814800 0.766164362 389.468597412 0.051995087 0.997899473 0.038643137 -0.275483698 -0.764407575 0.064670160 -0.641481817 -123.197898865
-0.644891262 0.009182153 0.764219105 391.502746582 0.057183292 0.997704744 0.036266990 -0.214233354 -0.762132049 0.067088827 -0.643936276 -124.896118164
-0.647182703 0.015492209 0.762177467 393.534118652 0.061474323 0.997597992 0.031921864 -0.154106215 -0.759852231 0.067513615 -0.646580637 -126.598518372
-0.649347782 0.018557109 0.760265112 395.587677002 0.062871747 0.997589946 0.029349301 -0.105541818 -0.757888198 0.066857107 -0.648949623 -128.339340210
-0.652752817 0.018668914 0.757340908 397.605926514 0.063139565 0.997558773 0.029829631 -0.060137432 -0.754935205 0.067289546 -0.652338088 -130.046127319
-0.655291915 0.018141765 0.755157828 399.625396729 0.063808396 0.997467816 0.031407058 -0.004091777 -0.752675891 0.068766192 -0.654790223 -131.784179688
-0.657559156 0.017564906 0.753198087 401.655151367 0.064495832 0.997370720 0.033047222 0.053093698 -0.750637233 0.070308648 -0.656963050 -133.540344238
-0.659278512 0.017954985 0.751684427 403.690246582 0.065027133 0.997330666 0.033210650 0.112373635 -0.749081671 0.070774943 -0.658686280 -135.307312012
-0.660497606 0.018014584 0.750612020 405.720062256 0.065208331 0.997311056 0.033444431 0.170560062 -0.747991204 0.071036115 -0.659896255 -137.080215454
-0.661903977 0.018876895 0.749350846 407.750976562 0.066126391 0.997255862 0.033287790 0.231753811 -0.746666074 0.071585186 -0.661335945 -138.847167969
-0.663536370 0.018163050 0.747923434 409.763854980 0.066695064 0.997160971 0.034954280 0.296427816 -0.745165110 0.073076233 -0.662863970 -140.600540161
-0.663811326 0.017423844 0.747696996 411.786743164 0.068871282 0.996904850 0.037913229 0.357201487 -0.744722247 0.076662078 -0.662956774 -142.398239136
-0.664748311 0.017350709 0.746865749 413.799499512 0.070644990 0.996710241 0.039722670 0.428180188 -0.743719697 0.079167910 -0.663787246 -144.181106567
-0.665922642 0.017272305 0.745820820 415.818267822 0.068727568 0.996900976 0.038277917 0.513867736 -0.742848277 0.076748587 -0.665045917 -145.955245972
-0.667103350 0.017160343 0.744767427 417.801666260 0.064859971 0.997276247 0.035117954 0.580215096 -0.742136180 0.071732908 -0.666399419 -147.712844849
-0.668456197 0.016589625 0.743566394 419.791595459 0.061932471 0.997520626 0.033420887 0.643387616 -0.741168439 0.068391308 -0.667826295 -149.474044800
-0.669637561 0.015830932 0.742519259 421.786499023 0.061334703 0.997536421 0.034046363 0.701578796 -0.740151107 0.068340920 -0.668958783 -151.240768433
-0.670169473 0.014195655 0.742072344 423.737548828 0.058613945 0.997706652 0.033848695 0.758568585 -0.739890039 0.066180147 -0.669464648 -153.007659912
-0.671105802 0.012924033 0.741248906 425.733612061 0.055714343 0.997899830 0.033043321 0.811984658 -0.739265084 0.063473761 -0.670416415 -154.787979126
-0.671757042 0.012121564 0.740672350 427.714019775 0.054488041 0.997966111 0.033085912 0.869272113 -0.738764822 0.062583476 -0.671051264 -156.562881470
-0.672672272 0.010901714 0.739860177 429.675964355 0.055415090 0.997825682 0.035679970 0.924361110 -0.737862468 0.065000348 -0.671813846 -158.313949585
-0.672523677 0.009965898 0.740008533 431.638275146 0.057819668 0.997560561 0.039112400 0.995099664 -0.737813532 0.069091059 -0.671459317 -160.086380005
-0.671766579 0.008814008 0.740710378 433.612579346 0.062324535 0.997056186 0.044659112 1.071686983 -0.738136351 0.076164931 -0.670338452 -161.866607666
-0.670609653 0.008064939 0.741766512 435.613220215 0.065810993 0.996644855 0.048661690 1.164160252 -0.738885283 0.081449404 -0.668890476 -163.658050537
-0.669346929 0.005562827 0.742929220 437.593383789 0.060045633 0.997105777 0.046632484 1.261158705 -0.740519583 0.075822972 -0.667743623 -165.411346436
-0.668699086 0.004717921 0.743518114 439.579650879 0.052497175 0.997783840 0.040883131 1.350242019 -0.741677463 0.066371113 -0.667464852 -167.151687622
-0.666685760 0.002170320 0.745335758 441.559112549 0.047633436 0.998075545 0.039700747 1.420103312 -0.743815243 0.061970823 -0.665506124 -168.918212891
-0.664394736 0.001684811 0.747379959 443.569152832 0.045232508 0.998255014 0.037959781 1.496014833 -0.746011853 0.059026152 -0.663311601 -170.681564331
-0.661743999 0.003073047 0.749723434 445.556152344 0.047744364 0.998134613 0.038050335 1.570571542 -0.748208106 0.060974643 -0.660656452 -172.422134399
-0.658851981 0.002899763 0.752266943 447.542572021 0.048869021 0.998045325 0.038953394 1.637456656 -0.750683606 0.062427077 -0.657705784 -174.160949707
-0.656058967 0.003431837 0.754701734 449.529418945 0.046170048 0.998299181 0.035595879 1.706495523 -0.753295958 0.058197625 -0.655101538 -175.879119873
-0.655016124 -0.001760878 0.755612791 451.553588867 0.038796429 0.998599946 0.035958514 1.773315310 -0.754618108 0.052868482 -0.654030800 -177.590606689
-0.653770626 -0.007843671 0.756652117 453.561462402 0.030514099 0.998859644 0.036719583 1.833842158 -0.756077290 0.047094729 -0.652785718 -179.296524048
-0.653272510 -0.011166553 0.757040441 455.590209961 0.023540989 0.999108136 0.035051335 1.899207592 -0.756756663 0.040719554 -0.652427137 -181.012420654
-0.652700424 -0.011968153 0.757521570 457.609649658 0.021742551 0.999167621 0.034519896 1.957045197 -0.757304072 0.039001599 -0.651896775 -182.722106934
-0.651748598 -0.011372162 0.758349836 459.629272461 0.024101276 0.999072075 0.035695378 2.022949696 -0.758052051 0.041541606 -0.650869727 -184.435821533
-0.650479138 -0.012526297 0.759420812 461.661376953 0.025786178 0.998923302 0.038563840 2.084857702 -0.759086251 0.044667520 -0.649455845 -186.154632568
-0.649514914 -0.014715344 0.760206401 463.665283203 0.024013763 0.998916924 0.039853260 2.162971973 -0.759969413 0.044140700 -0.648458123 -187.848052979
-0.648687124 -0.015132416 0.760904670 465.716217041 0.021679394 0.999029160 0.038350224 2.233145714 -0.760746360 0.041373257 -0.647729278 -189.566299438
-0.647647798 -0.014486611 0.761802018 467.737976074 0.020437395 0.999129236 0.036374588 2.297953844 -0.761665702 0.039127167 -0.646787763 -191.249298096
-0.646533191 -0.012983248 0.762775362 469.763854980 0.021459227 0.999150038 0.035195567 2.357097149 -0.762583971 0.039123673 -0.645705044 -192.960250854
-0.645768106 -0.012771132 0.763426781 471.773712158 0.023147756 0.999072909 0.036293436 2.414261103 -0.763182640 0.041108761 -0.644873857 -194.632278442
-0.645053208 -0.012373788 0.764037490 473.778045654 0.025802489 0.998946130 0.037962433 2.478672743 -0.763701916 0.044201858 -0.644054055 -196.303039551
-0.643770158 -0.011931394 0.765125811 475.791351318 0.026563559 0.998927295 0.037927654 2.551166534 -0.764757574 0.044741157 -0.642762780 -197.999435425
-0.642772555 -0.012823144 0.765949726 477.801361084 0.025439570 0.998951137 0.038072407 2.617728949 -0.765634537 0.043957330 -0.641772151 -199.663589478
-0.642033041 -0.013700018 0.766554594 479.815093994 0.025706701 0.998893440 0.039383240 2.686110973 -0.766246080 0.044990927 -0.640970349 -201.332824707
-0.641224623 -0.014653159 0.767213285 481.854492188 0.025200857 0.998876214 0.040140200 2.760354042 -0.766939282 0.045073312 -0.640134752 -203.014282227
-0.640999794 -0.014771992 0.767398775 483.888458252 0.023522437 0.998966992 0.038877584 2.825637341 -0.767180562 0.042971611 -0.639990330 -204.652679443
-0.640954494 -0.013211245 0.767465174 485.896362305 0.024254350 0.999004006 0.037453197 2.895177841 -0.767195582 0.042620160 -0.639995694 -206.295455933
-0.640434980 -0.013212143 0.767898738 487.912475586 0.025155243 0.998954713 0.038167324 2.963793755 -0.767600298 0.043760363 -0.639433205 -207.953720093
-0.640252948 -0.014780153 0.768022001 489.980163574 0.024286296 0.998925507 0.039469752 3.040514946 -0.767780125 0.043923028 -0.639205933 -209.651535034
-0.640024185 -0.016256196 0.768182814 492.032928467 0.022797385 0.998934209 0.040133338 3.111479282 -0.768016517 0.043198872 -0.638971448 -211.347686768
-0.640346467 -0.016663194 0.767905354 494.071868896 0.022129489 0.998949289 0.040130232 3.188689709 -0.767767370 0.042690605 -0.639304936 -213.011199951
-0.640258014 -0.016180066 0.767989576 496.064575195 0.022461355 0.998956323 0.039771695 3.261625051 -0.767831683 0.042714227 -0.639226258 -214.670516968
-0.640616357 -0.015481817 0.767705023 498.107666016 0.023276828 0.998945713 0.039568607 3.337518215 -0.767508209 0.043218032 -0.639580607 -216.326553345
-0.641170084 -0.016982766 0.767210841 500.125213623 0.022758881 0.998894513 0.041131198 3.407625914 -0.767061234 0.043832950 -0.640074790 -217.964981079
-0.641216576 -0.018681487 0.767132521 502.156097412 0.022173805 0.998835087 0.042858224 3.487298727 -0.767039537 0.044491652 -0.640055358 -219.647018433
-0.641092658 -0.019776478 0.767208636 504.191894531 0.020432800 0.998873770 0.042822156 3.569674015 -0.767191470 0.043129187 -0.639966547 -221.308975220
-0.641438484 -0.019785922 0.766919315 506.222808838 0.020100936 0.998890698 0.042582687 3.649528503 -0.766911089 0.042729974 -0.640329242 -222.972442627
-0.641197085 -0.019034915 0.767140150 508.246398926 0.020152599 0.998929739 0.041630372 3.728150368 -0.767111599 0.042153139 -0.640127301 -224.643569946
-0.640924513 -0.018613881 0.767378151 510.254852295 0.020976026 0.998907924 0.041749433 3.802586317 -0.767317116 0.042854782 -0.639834166 -226.303833008
-0.640640616 -0.018897520 0.767608285 512.295227051 0.020823862 0.998901725 0.041971117 3.882138014 -0.767558455 0.042872969 -0.639543533 -227.987396240
-0.640459061 -0.018499641 0.767769456 514.296447754 0.020948172 0.998917043 0.041543789 3.957814217 -0.767706573 0.042690460 -0.639377952 -229.646469116
-0.640148282 -0.018530656 0.768027842 516.313171387 0.019776676 0.998980284 0.040586770 4.029759407 -0.767996788 0.041170590 -0.639129043 -231.299560547
-0.640330851 -0.019103127 0.767861664 518.327758789 0.019907204 0.998942137 0.041452918 4.108644009 -0.767841220 0.041829560 -0.639273167 -232.924255371
-0.640181780 -0.020237094 0.767956853 520.328796387 0.019708209 0.998891234 0.042751741 4.179055214 -0.767970622 0.042503934 -0.639073193 -234.560348511
-0.640007615 -0.021479025 0.768068373 522.331726074 0.019332899 0.998842537 0.044042140 4.260494709 -0.768125355 0.043036275 -0.638851464 -236.201675415
-0.640055656 -0.020943912 0.768042982 524.350891113 0.019358320 0.998871505 0.043370847 4.338790894 -0.768084645 0.042627778 -0.638927817 -237.838256836
-0.640020549 -0.020206023 0.768091857 526.338500977 0.020251941 0.998863220 0.043152004 4.410860538 -0.768090725 0.043173537 -0.638884008 -239.440567017
-0.639349341 -0.020019202 0.768655658 528.364135742 0.021418698 0.998809397 0.043828990 4.499500275 -0.768618047 0.044485647 -0.638159275 -241.100479126
-0.639804840 -0.020913582 0.768252850 530.421997070 0.020500911 0.998809516 0.044263117 4.584048271 -0.768263936 0.044069644 -0.638614416 -242.748565674
-0.639417648 -0.021820368 0.768549740 532.465637207 0.019094722 0.998838127 0.044245042 4.665843010 -0.768622458 0.042966310 -0.638258219 -244.420135498
-0.640098691 -0.021494672 0.767991960 534.506225586 0.018786505 0.998871803 0.043614574 4.742133617 -0.768063009 0.042345516 -0.638972700 -246.030487061
-0.639880776 -0.022563247 0.768142879 536.497619629 0.018555555 0.998823822 0.044796426 4.824654102 -0.768250167 0.042917680 -0.638709486 -247.663513184
-0.640764594 -0.024761047 0.767338157 538.540100098 0.017687209 0.998738408 0.046997730 4.909958839 -0.767533660 0.043686546 -0.639518321 -249.313049316
-0.640662909 -0.025428414 0.767401099 540.586914062 0.016949646 0.998739541 0.047244370 5.009192944 -0.767635167 0.043274891 -0.639424384 -251.002944946
-0.640741646 -0.024406517 0.767368615 542.599548340 0.016337104 0.998834848 0.045409650 5.093799114 -0.767582774 0.041632440 -0.639596224 -252.656478882
-0.641037226 -0.021845512 0.767198682 544.636291504 0.016768938 0.998957515 0.042456087 5.182156086 -0.767326593 0.040081039 -0.640002847 -254.338912964
-0.640786171 -0.021431664 0.767420053 546.653808594 0.016986132 0.998969793 0.042081337 5.260139465 -0.767531335 0.040000636 -0.639762044 -256.004089355
-0.640878022 -0.023417775 0.767285466 548.681152344 0.017199220 0.998845577 0.044850770 5.340695858 -0.767450035 0.041940577 -0.639735460 -257.639984131
-0.640630066 -0.024598312 0.767455637 550.728149414 0.017455161 0.998761892 0.046582717 5.434163570 -0.767651260 0.043238349 -0.639407635 -259.291015625
-0.640868664 -0.023853756 0.767279744 552.761657715 0.017935697 0.998778880 0.046031520 5.531800270 -0.767440975 0.043261863 -0.639658332 -260.948486328
-0.640515029 -0.023191441 0.767595291 554.790100098 0.018264685 0.998801112 0.045417726 5.622375488 -0.767728388 0.043110628 -0.639323473 -262.644775391
-0.640527010 -0.022002667 0.767620325 556.824951172 0.019066613 0.998825669 0.044539616 5.718261242 -0.767698765 0.043164745 -0.639355361 -264.322204590
-0.640243828 -0.021927306 0.767858744 558.870666504 0.020346086 0.998757780 0.045485616 5.805247307 -0.767902255 0.044744808 -0.639002383 -266.014282227
-0.640217960 -0.022542939 0.767862320 560.904663086 0.020952800 0.998685002 0.046789184 5.892984390 -0.767907500 0.046044149 -0.638903916 -267.694061279
-0.639963806 -0.023296637 0.768051803 562.977783203 0.020471642 0.998668730 0.047349315 5.991021156 -0.768132508 0.046025127 -0.638634682 -269.388092041
-0.640330195 -0.023117222 0.767751813 565.026306152 0.021126490 0.998638749 0.047689486 6.077871799 -0.767809153 0.046756923 -0.638970196 -271.054443359
-0.639890373 -0.022800086 0.768127918 567.083190918 0.021818014 0.998617768 0.047817171 6.172103882 -0.768156409 0.047356777 -0.638508439 -272.740356445
-0.639905691 -0.023907574 0.768081367 569.128051758 0.021655440 0.998557866 0.049123097 6.263761044 -0.768148243 0.048067287 -0.638465106 -274.414184570
-0.639726758 -0.024905892 0.768198788 571.178283691 0.020918336 0.998540580 0.049793821 6.362554550 -0.768317699 0.047923885 -0.638272047 -276.084930420
-0.640090108 -0.026676375 0.767836750 573.236694336 0.019255519 0.998526037 0.050742995 6.459461689 -0.768058538 0.047265168 -0.638633072 -277.745697021
-0.639798760 -0.025949899 0.768104255 575.277648926 0.018908026 0.998595715 0.049486492 6.557066441 -0.768309832 0.046184734 -0.638409615 -279.414855957
-0.639393330 -0.024456676 0.768490851 577.312011719 0.020292530 0.998609066 0.048663657 6.651778698 -0.768611848 0.046709839 -0.638007820 -281.074798584
-0.639066815 -0.023194410 0.768801391 579.377563477 0.021848666 0.998594344 0.048288893 6.742607594 -0.768840849 0.047657110 -0.637661815 -282.750030518
-0.638534844 -0.023952877 0.769220054 581.410949707 0.021899598 0.998545229 0.049272873 6.836825371 -0.769281268 0.048308067 -0.637081385 -284.411743164
-0.637951493 -0.025126863 0.769666374 583.454101562 0.021775404 0.998479187 0.050645705 6.934279919 -0.769768476 0.049069304 -0.636434197 -286.081542969
-0.637683928 -0.024577066 0.769905865 585.496826172 0.021547973 0.998530507 0.049722642 7.030200958 -0.769996703 0.048297245 -0.636217237 -287.734588623
-0.637124956 -0.024833132 0.770360410 587.527282715 0.021006102 0.998550057 0.049562041 7.126205921 -0.770474255 0.047759484 -0.635679543 -289.374114990
-0.636865139 -0.024865149 0.770574093 589.564147949 0.020651683 0.998570979 0.049290452 7.221368790 -0.770698607 0.047305029 -0.635441422 -291.023345947
-0.636383891 -0.025563696 0.770948648 591.613769531 0.019870307 0.998575687 0.049513586 7.321285248 -0.771116376 0.046828650 -0.634969592 -292.687164307
-0.636025131 -0.025741054 0.771238744 593.652709961 0.019638300 0.998579979 0.049524158 7.417778015 -0.771418273 0.046644427 -0.634616435 -294.359497070
-0.636160076 -0.026758555 0.771092951 595.707214355 0.018484104 0.998583019 0.049902540 7.514986992 -0.771335661 0.045998972 -0.634764075 -296.008636475
-0.636113524 -0.027964016 0.771088541 597.744689941 0.016406940 0.998626888 0.049750827 7.609427929 -0.771421015 0.044298377 -0.634781301 -297.638336182
-0.636847019 -0.027418258 0.770502448 599.789123535 0.015627276 0.998703122 0.048455238 7.704169273 -0.770831645 0.042899426 -0.635592699 -299.286193848
-0.637443662 -0.027351772 0.770011365 601.819702148 0.016215317 0.998672068 0.048897728 7.799660683 -0.770326316 0.043655522 -0.636153698 -300.928070068
-0.637362003 -0.028077153 0.770052731 603.842285156 0.017101714 0.998574376 0.050564203 7.902476311 -0.770374715 0.045396924 -0.635973215 -302.590789795
-0.637521684 -0.029488105 0.769868016 605.857910156 0.016159579 0.998535633 0.051628351 8.003545761 -0.770262897 0.045354929 -0.636111438 -304.242767334
-0.637864113 -0.028730780 0.769612849 607.907287598 0.015422937 0.998626947 0.050062925 8.110012054 -0.769994497 0.043803044 -0.636545181 -305.907409668
-0.637816370 -0.027036330 0.769713640 609.929077148 0.015963446 0.998704910 0.048307650 8.205066681 -0.770022869 0.043098699 -0.636558831 -307.568542480
-0.637436628 -0.025882943 0.770067871 611.966003418 0.015905418 0.998780608 0.046736237 8.300509453 -0.770338595 0.042039644 -0.636247575 -309.235290527
-0.637535214 -0.025611805 0.769995391 614.022888184 0.016882805 0.998742819 0.047198981 8.392979622 -0.770236254 0.043090697 -0.636301279 -310.920410156
-0.637673914 -0.026211498 0.769860268 616.076171875 0.017248761 0.998684585 0.048289407 8.491908073 -0.770113289 0.044072036 -0.636382818 -312.597167969
-0.637345314 -0.026515514 0.770121932 618.116943359 0.018051287 0.998619795 0.049321823 8.590478897 -0.770366728 0.045336731 -0.635987103 -314.274871826
-0.637080908 -0.026876099 0.770328224 620.170593262 0.018207775 0.998588324 0.049898189 8.691022873 -0.770581841 0.045815151 -0.635692120 -315.952270508
-0.636373103 -0.026720053 0.770918489 622.219970703 0.017630979 0.998634994 0.049166620 8.793550491 -0.771179914 0.044880360 -0.635033309 -317.634643555
-0.635981321 -0.026931668 0.771234214 624.274536133 0.016780864 0.998671889 0.048711821 8.887254715 -0.771521926 0.043921798 -0.634684801 -319.294647217
-0.635774970 -0.026795754 0.771409214 626.317993164 0.017425112 0.998644292 0.049050335 8.982254982 -0.771677732 0.044626869 -0.634446144 -320.944763184
-0.635309100 -0.027262928 0.771776438 628.365112305 0.017522009 0.998610437 0.049699530 9.080111504 -0.772059143 0.045097642 -0.633948803 -322.606262207
-0.635063708 -0.028081449 0.771949172 630.423828125 0.016824096 0.998599112 0.050167140 9.181003571 -0.772276521 0.044846680 -0.633701503 -324.273284912
-0.634921670 -0.028288793 0.772058427 632.475341797 0.016241873 0.998619795 0.049947094 9.280451775 -0.772405624 0.044252161 -0.633586109 -325.929809570
-0.634954035 -0.027320439 0.772066712 634.525756836 0.016263552 0.998680234 0.048714697 9.378532410 -0.772378743 0.043488137 -0.633671761 -327.599090576
-0.634320199 -0.027582303 0.772578120 636.574890137 0.016343184 0.998661518 0.049072310 9.472168922 -0.772897661 0.043753944 -0.633020401 -329.261047363
-0.634340763 -0.028076386 0.772543550 638.631408691 0.016539365 0.998618603 0.049873173 9.572714806 -0.772876620 0.044413969 -0.633000135 -330.897705078
-0.634281218 -0.028029319 0.772593975 640.677612305 0.017088328 0.998590112 0.050257456 9.672256470 -0.772913396 0.045079708 -0.632908046 -332.537200928
-0.634132862 -0.027087878 0.772749424 642.727355957 0.016907156 0.998661399 0.048881315 9.771279335 -0.773039103 0.044062249 -0.632826149 -334.176727295
-0.633546412 -0.025742937 0.773276150 644.795104980 0.017787011 0.998697579 0.047820300 9.865375519 -0.773500204 0.044050656 -0.632263482 -335.851135254
-0.633079529 -0.025853388 0.773654819 646.825439453 0.018013010 0.998679459 0.048113078 9.958117485 -0.773877144 0.044395264 -0.631777823 -337.476623535
-0.633136749 -0.026566986 0.773583770 648.866149902 0.018456392 0.998608530 0.049400512 10.055640221 -0.773819745 0.045554843 -0.631765425 -339.123046875
-0.632907808 -0.027523598 0.773737788 650.948486328 0.018279435 0.998558104 0.050473321 10.145031929 -0.774011374 0.046088442 -0.631492078 -340.788208008
-0.632889509 -0.027667869 0.773747623 653.021179199 0.018422436 0.998540223 0.050774761 10.250239372 -0.774022937 0.046389125 -0.631455898 -342.453613281
-0.632799208 -0.028354384 0.773796618 655.059143066 0.017432593 0.998554349 0.050846338 10.347958565 -0.774119675 0.045664806 -0.631390095 -344.079010010
-0.632277131 -0.027767360 0.774244547 657.126281738 0.017767653 0.998574972 0.050322451 10.447023392 -0.774538398 0.045574240 -0.630882919 -345.755554199
-0.632040799 -0.026852531 0.774469733 659.179870605 0.017720738 0.998637319 0.049086716 10.549740791 -0.774732471 0.044748992 -0.630703688 -347.416046143
-0.631983340 -0.026066646 0.774543464 661.230468750 0.017879641 0.998677731 0.048198465 10.649790764 -0.774775684 0.044309191 -0.630681634 -349.063018799
-0.631664515 -0.026467733 0.774789929 663.265136719 0.017461549 0.998677731 0.048351917 10.741788864 -0.775045216 0.044071216 -0.630367100 -350.684692383
-0.631453514 -0.026632374 0.774956167 665.296691895 0.017349327 0.998674572 0.048457406 10.838994980 -0.775219619 0.044043567 -0.630154431 -352.331237793
-0.632101655 -0.027209805 0.774407744 667.365905762 0.016393805 0.998689950 0.048471518 10.933532715 -0.774712026 0.043334406 -0.630827606 -353.970489502
-0.632024825 -0.028091619 0.774438798 669.402221680 0.015258431 0.998697937 0.048678808 11.028540611 -0.774797916 0.042582940 -0.630773246 -355.608856201
-0.632516205 -0.028354235 0.774027884 671.429809570 0.014325215 0.998730540 0.048291765 11.117699623 -0.774414659 0.041633438 -0.631307065 -357.231140137
-0.632800579 -0.027808262 0.773815215 673.476562500 0.014324741 0.998763442 0.047606427 11.220914841 -0.774182320 0.041210078 -0.631619751 -358.870697021
-0.633132935 -0.028055580 0.773534536 675.540100098 0.014505626 0.998737514 0.048096303 11.316610336 -0.773907125 0.041671950 -0.631926715 -360.518615723
-0.633625984 -0.028508067 0.773114026 677.592651367 0.014875570 0.998687148 0.049017575 11.408957481 -0.773496509 0.042559329 -0.632369876 -362.170074463
-0.634390712 -0.028132901 0.772500455 679.638793945 0.016033135 0.998643696 0.049535263 11.511073112 -0.772846282 0.043810327 -0.633079231 -363.820434570
-0.634561956 -0.028589528 0.772342980 681.686462402 0.015631095 0.998636365 0.049808748 11.611507416 -0.772713780 0.043679308 -0.633249879 -365.477600098
-0.634718001 -0.028693164 0.772210956 683.737915039 0.014764231 0.998677671 0.049243469 11.700515747 -0.772602797 0.042656824 -0.633455098 -367.140533447
-0.635103881 -0.027840957 0.771924853 685.765319824 0.015230519 0.998704493 0.048551168 11.798660278 -0.772276580 0.042591847 -0.633857131 -368.754547119
-0.634438515 -0.026234182 0.772527933 687.779357910 0.017275652 0.998692989 0.048102129 11.893756866 -0.772780120 0.043863781 -0.633156180 -370.384826660
-0.634119511 -0.024902692 0.772833943 689.819274902 0.018896477 0.998683691 0.047684930 11.992090225 -0.773004115 0.044841781 -0.632814229 -372.020233154
-0.633952618 -0.025561925 0.772949338 691.838562012 0.019012790 0.998636425 0.048619326 12.078943253 -0.773138165 0.045518272 -0.632602155 -373.638519287
-0.634079933 -0.025134034 0.772858918 693.890625000 0.019541105 0.998631537 0.048508544 12.171820641 -0.773020566 0.045860816 -0.632721126 -375.283630371
-0.633525133 -0.024786299 0.773325026 695.915039062 0.019124378 0.998679757 0.047676384 12.266240120 -0.773485720 0.044993546 -0.632214665 -376.919525146
-0.633602142 -0.025121853 0.773251057 697.958618164 0.018243253 0.998709619 0.047395214 12.354231834 -0.773443937 0.044136308 -0.632326245 -378.549468994
-0.632972777 -0.024601510 0.773783088 699.972167969 0.017991535 0.998757482 0.046471801 12.446205139 -0.773964882 0.043336932 -0.631743670 -380.175323486
-0.633029997 -0.024933154 0.773725569 702.009277344 0.018111028 0.998730600 0.047001574 12.537693977 -0.773915410 0.043766376 -0.631774783 -381.808349609
-0.632338703 -0.025685152 0.774266064 704.048217773 0.018809017 0.998646557 0.048489869 12.628952980 -0.774463534 0.045225210 -0.630999744 -383.453063965
-0.631694257 -0.025768982 0.774789214 706.105407715 0.019801743 0.998584867 0.049356870 12.728939056 -0.774964690 0.046520635 -0.630290091 -385.100158691
-0.631226182 -0.025518633 0.775178850 708.156616211 0.020396417 0.998566628 0.049481239 12.823266029 -0.775330424 0.047044717 -0.629801095 -386.749603271
-0.631003618 -0.024004813 0.775408566 710.208740234 0.021363271 0.998604417 0.048299216 12.921123505 -0.775485694 0.047042232 -0.629610240 -388.386840820
-0.630181491 -0.023467613 0.776093066 712.260498047 0.021271801 0.998646140 0.047469735 13.016705513 -0.776156425 0.046423450 -0.628829122 -390.038848877
-0.630193412 -0.022706047 0.776106119 714.316406250 0.020915890 0.998713255 0.046202283 13.104620934 -0.776156425 0.045349322 -0.628907502 -391.665435791
-0.629855990 -0.022137880 0.776396334 716.375122070 0.021616245 0.998706937 0.046013068 13.195209503 -0.776410937 0.045764383 -0.628563106 -393.308380127
-0.629641235 -0.020804565 0.776607633 718.443908691 0.022479819 0.998734891 0.044980861 13.282448769 -0.776560724 0.045779787 -0.628376961 -394.960998535
-0.629378855 -0.020958569 0.776815951 720.486694336 0.022419257 0.998730421 0.045109998 13.362244606 -0.776775181 0.045806915 -0.628109932 -396.583679199
-0.628500581 -0.022317456 0.777488887 722.540100098 0.021183649 0.998726368 0.045792259 13.446575165 -0.777520597 0.045250509 -0.627227306 -398.223022461
-0.627938688 -0.023732053 0.777900875 724.580017090 0.019022355 0.998768270 0.045825500 13.532138824 -0.778030336 0.043573111 -0.626713812 -399.832641602
-0.627443314 -0.022968158 0.778323472 726.659912109 0.019394806 0.998793781 0.045109265 13.623571396 -0.778420866 0.043398928 -0.626240909 -401.493957520
-0.627321899 -0.021664191 0.778458655 728.721130371 0.020263176 0.998820484 0.044125877 13.715189934 -0.778496385 0.043455176 -0.626142979 -403.123321533
-0.627031863 -0.020204196 0.778731525 730.778198242 0.021296263 0.998845398 0.043062720 13.797889709 -0.778702438 0.043585762 -0.625877619 -404.747894287
-0.627003968 -0.020195330 0.778754175 732.841613770 0.021485949 0.998835444 0.043201786 13.881683350 -0.778719723 0.043819964 -0.625839710 -406.388305664
-0.626772583 -0.022066724 0.778889656 734.891296387 0.021063091 0.998753846 0.045245167 13.963309288 -0.778917372 0.044764262 -0.625526786 -408.011169434
-0.627174854 -0.023789383 0.778515160 736.948364258 0.019514924 0.998739719 0.046240162 14.050889015 -0.778634191 0.044193324 -0.625920117 -409.640075684
-0.626656294 -0.023294827 0.778947532 739.006713867 0.017967818 0.998855531 0.044326242 14.145122528 -0.779088616 0.041773301 -0.625520527 -411.282806396
-0.626458406 -0.022252481 0.779137075 741.082031250 0.017474813 0.998940170 0.042580623 14.228971481 -0.779258966 0.040290266 -0.625405610 -412.930786133
-0.625682890 -0.022070749 0.779765248 743.116333008 0.019380791 0.998851240 0.043822967 14.311354637 -0.779836714 0.042531744 -0.624536395 -414.571594238
-0.625236094 -0.021824582 0.780130446 745.171081543 0.021511439 0.998747110 0.045180872 14.403246880 -0.780139148 0.045030437 -0.623983324 -416.207946777
-0.625263393 -0.021409877 0.780120134 747.218078613 0.023477009 0.998655200 0.046224177 14.493319511 -0.780060589 0.047217168 -0.623919964 -417.820739746
-0.624359608 -0.019445434 0.780894816 749.278381348 0.024847433 0.998689830 0.044735458 14.582711220 -0.780741751 0.047334250 -0.623058498 -419.467559814
-0.623794496 -0.017541530 0.781391501 751.333557129 0.025038177 0.998786509 0.042410139 14.665831566 -0.781187117 0.046019834 -0.622598350 -421.100036621
-0.622718871 -0.016155256 0.782278895 753.378967285 0.024903232 0.998871088 0.040451970 14.745128632 -0.782049239 0.044671480 -0.621613562 -422.705718994
-0.621845663 -0.015594265 0.782984495 755.448547363 0.025719034 0.998855770 0.040319685 14.817488670 -0.782717407 0.045210224 -0.620732963 -424.324707031
-0.620734632 -0.016108692 0.783855259 757.512817383 0.026394030 0.998792827 0.041427206 14.896995544 -0.783576250 0.046404403 -0.619560063 -425.950744629
-0.620414972 -0.017229572 0.784084439 759.591247559 0.026044007 0.998754561 0.042554352 14.971649170 -0.783841193 0.046822060 -0.619193494 -427.554992676
-0.619342685 -0.017447010 0.784926891 761.677185059 0.025000930 0.998807788 0.041927919 15.048911095 -0.784722626 0.045591652 -0.618168116 -429.189910889
-0.619163811 -0.018032566 0.785054624 763.776794434 0.023988286 0.998835504 0.041862365 15.126614571 -0.784895241 0.044751789 -0.618010223 -430.803802490
-0.618103564 -0.017544253 0.785900891 765.876159668 0.024652224 0.998826563 0.041686289 15.209251404 -0.785710037 0.045140646 -0.616945744 -432.438262939
-0.617754757 -0.017331507 0.786179662 767.943481445 0.024221243 0.998863339 0.041052435 15.287412643 -0.785997570 0.044402592 -0.616632819 -434.027252197
-0.617202222 -0.017689852 0.786605537 770.022460938 0.022980504 0.998915315 0.040495891 15.363177299 -0.786468744 0.043070748 -0.616126299 -435.626129150
-0.616992712 -0.016187433 0.786802292 772.108642578 0.024606496 0.998902678 0.039846994 15.436766624 -0.786583960 0.043945752 -0.615917504 -437.241760254
-0.616173565 -0.016869135 0.787429690 774.186950684 0.024736000 0.998862922 0.040754907 15.515279770 -0.787221849 0.044589955 -0.615055680 -438.854156494
-0.616266787 -0.018709429 0.787315130 776.295410156 0.023214966 0.998851657 0.041907687 15.590132713 -0.787195086 0.044103827 -0.615124881 -440.471618652
-0.616245508 -0.019752188 0.787306368 778.380981445 0.022053329 0.998860598 0.042321451 15.665971756 -0.787245274 0.043443132 -0.615107775 -442.085723877
-0.616030276 -0.019633165 0.787477732 780.462158203 0.020797472 0.998935401 0.041174673 15.746524811 -0.787447751 0.041742396 -0.614966273 -443.698364258
-0.616283476 -0.019334706 0.787286937 782.546752930 0.020089712 0.998987257 0.040259890 15.817502975 -0.787268102 0.040627882 -0.615270853 -445.305969238
-0.616652489 -0.019482408 0.786994398 784.631408691 0.019778242 0.998994768 0.040227901 15.893691063 -0.786987007 0.040372010 -0.615647256 -446.909942627
-0.617184460 -0.018771883 0.786594570 786.717834473 0.021183945 0.998956442 0.040461369 15.961745262 -0.786533296 0.041635308 -0.616142750 -448.518554688
-0.617830276 -0.018277993 0.786098957 788.774353027 0.021884739 0.998942792 0.040427130 16.036321640 -0.786006749 0.042180680 -0.616777182 -450.120849609
-0.617983818 -0.017768944 0.785990000 790.843444824 0.023197539 0.998897076 0.040821198 16.113687515 -0.785848498 0.043459870 -0.616890073 -451.731079102
-0.619102597 -0.018788496 0.785085380 792.924438477 0.022709228 0.998867273 0.041812718 16.187427521 -0.784981906 0.043715045 -0.617974639 -453.316711426
-0.619329989 -0.018959668 0.784901977 794.991210938 0.022172425 0.998887300 0.041623816 16.264739990 -0.784817636 0.043182049 -0.618220329 -454.927398682
-0.619186461 -0.018409234 0.785028160 797.052551270 0.020799631 0.998989880 0.039832316 16.337717056 -0.784968495 0.040991928 -0.618178070 -456.529235840
-0.618999898 -0.016117305 0.785225689 799.115356445 0.021459954 0.999069035 0.037423644 16.411596298 -0.785097837 0.040016137 -0.618077755 -458.142303467
-0.618730783 -0.015154532 0.785456896 801.171386719 0.021601211 0.999107718 0.036292691 16.477668762 -0.785306036 0.039422225 -0.617851377 -459.747894287
-0.618540943 -0.015355421 0.785602510 803.234436035 0.021644941 0.999096632 0.036570445 16.542253494 -0.785454392 0.039624643 -0.617649853 -461.339782715
-0.618351519 -0.015894638 0.785740912 805.305175781 0.021900177 0.999058843 0.037444517 16.604530334 -0.785596430 0.040361740 -0.617421389 -462.941680908
-0.617659032 -0.015699595 0.786289215 807.363342285 0.022744739 0.999025941 0.037814077 16.675388336 -0.786117077 0.041240145 -0.616700292 -464.550872803
-0.616888344 -0.015507978 0.786897898 809.439392090 0.023971334 0.998971820 0.038479790 16.744716644 -0.786685526 0.042600725 -0.615882337 -466.170074463
-0.615869701 -0.014638122 0.787712038 811.488647461 0.025121801 0.998954117 0.038205046 16.815736771 -0.787447393 0.043318070 -0.614857852 -467.751617432
-0.615498662 -0.015305672 0.787989438 813.569519043 0.025036654 0.998927116 0.038959008 16.879682541 -0.787740171 0.043707825 -0.614454925 -469.341156006
-0.614291072 -0.015318895 0.788930714 815.638549805 0.025244238 0.998918235 0.039052386 16.954410553 -0.788675606 0.043905493 -0.613239765 -470.933135986
-0.613122404 -0.014947854 0.789846361 817.690490723 0.025910541 0.998902559 0.039017446 17.026798248 -0.789562762 0.044387814 -0.612062216 -472.522125244
-0.612288713 -0.015071086 0.790490746 819.772949219 0.026552334 0.998862326 0.039610375 17.102676392 -0.790188253 0.045242365 -0.611191809 -474.120300293
-0.611116230 -0.016199034 0.791375041 821.865112305 0.025916399 0.998844981 0.040459018 17.174369812 -0.791116357 0.045234758 -0.609990656 -475.715881348
-0.610616624 -0.016736550 0.791749418 823.947814941 0.025830060 0.998823941 0.041034613 17.256198883 -0.791504860 0.045507360 -0.609466195 -477.294647217
-0.609347582 -0.017499192 0.792710245 826.027832031 0.024014877 0.998890460 0.040510621 17.326770782 -0.792539477 0.043721881 -0.608251095 -478.880279541
-0.609154880 -0.017138503 0.792866051 828.140014648 0.024374107 0.998889565 0.040318396 17.399461746 -0.792676628 0.043885555 -0.608060718 -480.472930908
-0.608712375 -0.016318791 0.793223143 830.228210449 0.025416007 0.998874247 0.040053606 17.479026794 -0.792983770 0.044541687 -0.607612371 -482.060394287
-0.608521163 -0.017186113 0.793351471 832.314086914 0.025055967 0.998850822 0.040856361 17.555566788 -0.793141842 0.044740155 -0.607391298 -483.620513916
-0.608963668 -0.017426256 0.793006659 834.428161621 0.024922194 0.998844683 0.041087724 17.632398605 -0.792806506 0.044784389 -0.607825816 -485.207366943
-0.609096467 -0.019846130 0.792847753 836.531066895 0.023828326 0.998777628 0.043306705 17.716806412 -0.792737961 0.045270201 -0.607879102 -486.803222656
-0.609790444 -0.021489577 0.792271316 838.625671387 0.021979989 0.998789310 0.044008605 17.800378799 -0.792257845 0.044250138 -0.608579874 -488.367950439
-0.609775841 -0.021663075 0.792277813 840.721679688 0.020458143 0.998863041 0.043057278 17.887792587 -0.792310059 0.042463813 -0.608639240 -489.963012695
-0.610009134 -0.021086499 0.792113721 842.829345703 0.019769100 0.998929739 0.041816290 17.966714859 -0.792147756 0.041167699 -0.608939290 -491.551879883
-0.608972311 -0.021780813 0.792892575 844.922180176 0.019352311 0.998917341 0.042303674 18.050914764 -0.792955399 0.041106060 -0.607891500 -493.143432617
-0.608558655 -0.023201108 0.793169558 847.039733887 0.018587217 0.998881400 0.043479431 18.132812500 -0.793291152 0.041202601 -0.607446611 -494.736083984
-0.608080864 -0.022400225 0.793559015 849.143981934 0.018239133 0.998943806 0.042173844 18.217151642 -0.793665528 0.040118936 -0.607030034 -496.323303223
-0.607517779 -0.020905778 0.794030845 851.240722656 0.019014003 0.998984516 0.040849645 18.297416687 -0.794078469 0.039914597 -0.606503248 -497.902557373
-0.606684804 -0.020550268 0.794676781 853.279418945 0.020514343 0.998928070 0.041493569 18.373844147 -0.794677615 0.041475784 -0.605612993 -499.456542969
-0.606551349 -0.021721238 0.794747531 855.426025391 0.021649104 0.998804808 0.043820914 18.452589035 -0.794749498 0.043785200 -0.605356157 -501.088714600
-0.606856048 -0.023448680 0.794465661 857.603271484 0.021613795 0.998708189 0.045986697 18.547950745 -0.794517696 0.045078740 -0.605565369 -502.724365234
-0.606831133 -0.024583301 0.794450521 859.744018555 0.021181073 0.998666465 0.047081411 18.633087158 -0.794548512 0.045397781 -0.605501235 -504.335449219
-0.606314003 -0.025364522 0.794820726 861.881286621 0.020907739 0.998637259 0.047817845 18.727567673 -0.794950426 0.045610521 -0.604957402 -505.948486328
-0.605421066 -0.024479732 0.795528769 863.988891602 0.020964390 0.998689592 0.046685856 18.815690994 -0.795629084 0.044942383 -0.604114592 -507.527282715
-0.604421914 -0.022880573 0.796335757 866.121337891 0.022760527 0.998683512 0.045969829 18.906883240 -0.796339214 0.045910191 -0.603105426 -509.128295898
-0.603173435 -0.021545833 0.797318935 868.210144043 0.025200903 0.998621225 0.046050120 18.992753983 -0.797211707 0.047869362 -0.601798892 -510.686737061
-0.601766050 -0.021045802 0.798395097 870.345886230 0.026515644 0.998575151 0.046307936 19.084983826 -0.798232138 0.049036514 -0.600350618 -512.293395996
-0.600236893 -0.022708183 0.799499810 872.455627441 0.026094919 0.998508751 0.047951806 19.171878815 -0.799396336 0.049645327 -0.598749280 -513.865783691
-0.599202275 -0.022441559 0.800283074 874.562255859 0.027675515 0.998428941 0.048719674 19.253330231 -0.800119162 0.051341180 -0.597639859 -515.422790527
-0.598342776 -0.024083827 0.800878227 876.704040527 0.026895404 0.998381078 0.050116867 19.357070923 -0.800788701 0.051527005 -0.596726418 -517.007873535
-0.597351134 -0.024618853 0.801602006 878.803527832 0.026268445 0.998391628 0.050237842 19.454051971 -0.801549494 0.051066458 -0.595743835 -518.559082031
-0.596353352 -0.024525918 0.802347302 880.941101074 0.025499385 0.998449922 0.049473010 19.554107666 -0.802316964 0.049962759 -0.594803512 -520.130493164
-0.595528245 -0.025203586 0.802938879 883.090881348 0.024705989 0.998460233 0.049664933 19.659355164 -0.802954257 0.049414277 -0.593988717 -521.706298828
-0.594526410 -0.024906330 0.803690195 885.238098145 0.025162287 0.998454273 0.049555764 19.758836746 -0.803682148 0.049684893 -0.592980862 -523.275390625
-0.593337297 -0.024719264 0.804574311 887.371582031 0.025400482 0.998455644 0.049407672 19.849754333 -0.804553092 0.049751997 -0.591793120 -524.840698242
-0.592471898 -0.023786539 0.805239856 889.477905273 0.026609311 0.998440862 0.049071986 19.944421768 -0.805151522 0.050500665 -0.590915143 -526.376281738
-0.591600180 -0.024597935 0.805856228 891.617309570 0.026895106 0.998376071 0.050218802 20.038663864 -0.805782795 0.051383037 -0.589977741 -527.929504395
-0.590867579 -0.024849845 0.806385636 893.737792969 0.027447335 0.998327732 0.050876442 20.136907578 -0.806301534 0.052194376 -0.589197576 -529.471740723
-0.590247631 -0.025533527 0.806818306 895.833618164 0.027314926 0.998295426 0.051576141 20.233491898 -0.806759953 0.052480876 -0.588544071 -530.983032227
-0.589305520 -0.026027303 0.807490885 897.936889648 0.026730167 0.998305559 0.051685344 20.330942154 -0.807467818 0.052042827 -0.587611377 -532.498535156
-0.589477003 -0.025673047 0.807377100 900.068359375 0.026207460 0.998360753 0.050880387 20.432231903 -0.807359934 0.051152118 -0.587837934 -534.023071289
-0.588729560 -0.025964653 0.807912886 902.161193848 0.025471237 0.998391747 0.050647248 20.535573959 -0.807928681 0.050396066 -0.587121367 -535.540222168
-0.588026226 -0.025876474 0.808427870 904.263854980 0.025252497 0.998413563 0.050325513 20.624805450 -0.808447778 0.050007537 -0.586439848 -537.040344238
-0.587945998 -0.025052756 0.808512092 906.363464355 0.025932029 0.998422742 0.049795009 20.720422745 -0.808484256 0.050243139 -0.586369097 -538.530639648
-0.587797880 -0.023255624 0.808673382 908.441528320 0.026838684 0.998475969 0.048222065 20.810014725 -0.808562398 0.050048564 -0.586277902 -540.008789062
-0.587252617 -0.023331903 0.809067309 910.541931152 0.027827214 0.998411536 0.048990302 20.903284073 -0.808925092 0.051283773 -0.585670590 -541.510192871
-0.587473452 -0.026047619 0.808824122 912.671997070 0.027803205 0.998242021 0.052341998 20.999332428 -0.808765709 0.053237434 -0.585716486 -543.020141602
-0.587604463 -0.026899865 0.808700979 914.787475586 0.025966153 0.998305619 0.052073777 21.102899551 -0.808731437 0.051597640 -0.585910439 -544.523864746
-0.587138891 -0.022467891 0.809174359 916.862243652 0.023428557 0.998724341 0.044730838 21.200155258 -0.809147120 0.045220993 -0.585863471 -546.015441895
-0.586849391 -0.019786218 0.809454322 918.945312500 0.022101298 0.998937368 0.040441234 21.277267456 -0.809394419 0.041622907 -0.585788548 -547.488952637
-0.586625338 -0.023656219 0.809512734 921.040588379 0.021641372 0.998758435 0.044869244 21.356307983 -0.809569120 0.043840408 -0.585385144 -548.989685059
-0.587429881 -0.028084168 0.808787644 923.142028809 0.021724118 0.998490214 0.050449789 21.446741104 -0.808983445 0.047205914 -0.585932970 -550.462219238
-0.586710274 -0.029874990 0.809245646 925.223693848 0.022342291 0.998341680 0.053054232 21.552911758 -0.809488654 0.049207859 -0.585069835 -551.955200195
-0.586859107 -0.029323265 0.809157968 927.340332031 0.023529714 0.998304248 0.053243212 21.655721664 -0.809347153 0.050285511 -0.585173845 -553.434631348
-0.586381018 -0.028086223 0.809548318 929.452209473 0.024807177 0.998307228 0.052603591 21.763954163 -0.809655428 0.050928351 -0.584691703 -554.944213867
-0.586333334 -0.029079096 0.809547782 931.542968750 0.024712127 0.998248219 0.053755578 21.871173859 -0.809692860 0.051524330 -0.584587634 -556.409240723
-0.585718513 -0.030824233 0.809928298 933.658813477 0.023609681 0.998203695 0.055063516 21.972145081 -0.810170472 0.051373869 -0.583938539 -557.891601562
-0.585383296 -0.030604605 0.810178995 935.754638672 0.024244834 0.998179734 0.055224109 22.086467743 -0.810394108 0.051969931 -0.583575726 -559.379394531
-0.584401071 -0.029590936 0.810925245 937.863525391 0.023502627 0.998298407 0.053365629 22.192602158 -0.811124563 0.050245810 -0.582711220 -560.862670898
-0.583456397 -0.028718220 0.811636627 939.957397461 0.024474915 0.998298943 0.052917052 22.294782639 -0.811775625 0.050739527 -0.581760883 -562.337036133
-0.582718015 -0.028774722 0.812164724 942.072387695 0.025391914 0.998240292 0.053585704 22.406852722 -0.812277496 0.051847775 -0.580962002 -563.826293945
-0.581870794 -0.028951291 0.812765718 944.214172363 0.025664685 0.998214722 0.053930830 22.515541077 -0.812876225 0.052240148 -0.580088913 -565.323181152
-0.581244946 -0.027745258 0.813255489 946.339355469 0.026155602 0.998265028 0.052750871 22.626840591 -0.813308179 0.051932357 -0.579510868 -566.816345215
-0.580229044 -0.027741402 0.813980639 948.470153809 0.026043275 0.998276711 0.052586827 22.730474472 -0.814036727 0.051711138 -0.578506649 -568.318481445
-0.579303145 -0.029735152 0.814569533 950.566223145 0.025353266 0.998193562 0.054468844 22.832086563 -0.814717770 0.052205972 -0.577502787 -569.776489258
-0.578613818 -0.029452326 0.815069675 952.681457520 0.026330609 0.998152256 0.054759920 22.937446594 -0.815176487 0.053146120 -0.576768994 -571.247192383
-0.578010917 -0.031431850 0.815423429 954.791137695 0.025925813 0.998046041 0.056848798 23.038959503 -0.815616965 0.053999748 -0.576066732 -572.703430176
-0.577701628 -0.035675608 0.815468013 956.918762207 0.024525916 0.997834623 0.061028782 23.162296295 -0.815879464 0.055256534 -0.575575709 -574.160400391
-0.577323377 -0.038539954 0.815605462 959.044128418 0.023720024 0.997672379 0.063933313 23.289970398 -0.816170931 0.056256391 -0.575065494 -575.635864258
-0.577006042 -0.039113674 0.815802693 961.135437012 0.022256922 0.997728646 0.063578129 23.416732788 -0.816436589 0.054842226 -0.574824810 -577.082458496
-0.576563179 -0.036307063 0.816245496 963.192077637 0.023469847 0.997864008 0.060963709 23.541334152 -0.816715419 0.054306578 -0.574479520 -578.523193359
-0.576833844 -0.033798866 0.816161931 965.297119141 0.026106821 0.997870326 0.059775151 23.666477203 -0.816444099 0.055787731 -0.574723125 -579.971069336
-0.576923490 -0.032682355 0.816144109 967.431884766 0.027473610 0.997857332 0.059379835 23.777967453 -0.816336036 0.056680042 -0.574789286 -581.450256348
-0.576744556 -0.033715956 0.816228509 969.526977539 0.026499605 0.997850001 0.059942737 23.899297714 -0.816494644 0.056201380 -0.574611127 -582.914245605
-0.576835632 -0.035381619 0.816093624 971.655639648 0.023089133 0.997956097 0.059586238 24.023170471 -0.816533864 0.053214360 -0.574839711 -584.377014160
-0.577258408 -0.034962632 0.815812707 973.807617188 0.021778267 0.998068333 0.058183443 24.144107819 -0.816271067 0.051353876 -0.575381935 -585.857055664
-0.577470362 -0.034121431 0.815698326 975.934326172 0.022562997 0.998077512 0.057723910 24.260070801 -0.816099823 0.051738434 -0.575590312 -587.300659180
-0.576906741 -0.032823820 0.816150248 978.063537598 0.026033740 0.997945666 0.058537535 24.381919861 -0.816395044 0.055018146 -0.574867070 -588.785583496
-0.576851606 -0.031665083 0.816235065 980.201416016 0.028331477 0.997871578 0.058733996 24.501165390 -0.816357553 0.057005927 -0.574726522 -590.273803711
-0.576677740 -0.030228008 0.816412270 982.329284668 0.029542835 0.997890234 0.057815060 24.621793747 -0.816437244 0.057459798 -0.574568033 -591.752685547
-0.576190054 -0.030307196 0.816753626 984.452514648 0.029650867 0.997879326 0.057945821 24.736774445 -0.816777706 0.057605259 -0.574069500 -593.231567383
-0.576031864 -0.030576518 0.816855252 986.585449219 0.029935097 0.997840703 0.058460880 24.850988388 -0.816878796 0.058127981 -0.573872685 -594.707763672
-0.575384259 -0.030356910 0.817319632 988.740295410 0.029825248 0.997867525 0.058059484 24.972013474 -0.817339242 0.057783265 -0.573251843 -596.204833984
-0.575015366 -0.029135605 0.817623734 990.840698242 0.029418606 0.997983098 0.056252021 25.084949493 -0.817613721 0.056399122 -0.572998405 -597.647460938
-0.574588120 -0.029214444 0.817921162 992.946166992 0.029096160 0.998001873 0.056086548 25.192527771 -0.817925394 0.056025028 -0.572589993 -599.089599609
-0.573775291 -0.029311614 0.818488002 995.018554688 0.029786075 0.997951448 0.056619134 25.296663284 -0.818470955 0.056866203 -0.571726799 -600.528869629
-0.573472917 -0.031265698 0.818627656 997.105712891 0.029569026 0.997830272 0.058823928 25.402025223 -0.818690717 0.057939954 -0.571304202 -601.970581055
-0.573084891 -0.033635322 0.818805516 999.182434082 0.028101817 0.997763097 0.060655195 25.510267258 -0.819014013 0.057770498 -0.570857584 -603.402648926
-0.573137283 -0.035192482 0.818703294 1001.242370605 0.026357388 0.997768760 0.061341349 25.629692078 -0.819035232 0.056735899 -0.570930958 -604.806457520
-0.572823226 -0.033985727 0.818974078 1003.313842773 0.025105566 0.997943878 0.058972441 25.744836807 -0.819294393 0.054341592 -0.570792198 -606.209838867
-0.572818696 -0.032812424 0.819025099 1005.427246094 0.024455206 0.998069525 0.057089183 25.859548569 -0.819317222 0.052731182 -0.570910394 -607.658203125
-0.572452664 -0.032418482 0.819296598 1007.493774414 0.025799008 0.998011112 0.057516083 25.963132858 -0.819531739 0.054062277 -0.570477962 -609.080688477
-0.572449625 -0.032541424 0.819293857 1009.614990234 0.025993904 0.997989655 0.057801243 26.074333191 -0.819527626 0.054384943 -0.570452988 -610.527038574
-0.572561145 -0.031521961 0.819255769 1011.728149414 0.026762601 0.998009503 0.057103582 26.182895660 -0.819424987 0.054620713 -0.570577919 -611.971191406
-0.572630823 -0.030529791 0.819244623 1013.826599121 0.028588535 0.997954905 0.057172205 26.291423798 -0.819314718 0.056159575 -0.570586860 -613.408996582
-0.572327912 -0.030574881 0.819454670 1015.904663086 0.029897986 0.997862220 0.058112998 26.387590408 -0.819479644 0.057759728 -0.570190251 -614.817993164
-0.571915150 -0.028490430 0.819817901 1017.991882324 0.032255039 0.997842789 0.057178691 26.498029709 -0.819678426 0.059144616 -0.569762409 -616.251098633
-0.571323812 -0.028083414 0.820244133 1020.094055176 0.032982878 0.997821391 0.057136804 26.607439041 -0.820061743 0.059697635 -0.569152832 -617.699401855
-0.570697546 -0.029343544 0.820635915 1022.175903320 0.032302227 0.997785509 0.058141939 26.708555222 -0.820524752 0.059689824 -0.568485916 -619.119689941
-0.570039690 -0.031629134 0.821008027 1024.264404297 0.027845521 0.997940898 0.057779029 26.813541412 -0.821145058 0.055797737 -0.567985296 -620.536376953
-0.569336832 -0.034043144 0.821399212 1026.362548828 0.023913877 0.998033643 0.057939243 26.928932190 -0.821756482 0.052629787 -0.567403197 -621.964294434
-0.568688393 -0.034543067 0.821827352 1028.457153320 0.020511653 0.998211741 0.056150511 27.040403366 -0.822297275 0.048789185 -0.566962719 -623.379760742
-0.567678869 -0.034196604 0.822539508 1030.532348633 0.018730905 0.998341680 0.054432701 27.146463394 -0.823036849 0.046307210 -0.566097081 -624.791320801
-0.566835046 -0.032594673 0.823186159 1032.604614258 0.020311566 0.998360336 0.053517088 27.255073547 -0.823580801 0.047055565 -0.565243602 -626.197509766
-0.565924108 -0.032926403 0.823799551 1034.682617188 0.022240419 0.998229027 0.055176619 27.355237961 -0.824157178 0.049547441 -0.564189553 -627.600769043
-0.564520240 -0.032906242 0.824763060 1036.693603516 0.024130309 0.998120070 0.056339130 27.454059601 -0.825066447 0.051706359 -0.562664926 -628.983154297
-0.564036846 -0.033135939 0.825084507 1038.791870117 0.024833631 0.998061895 0.057059377 27.558069229 -0.825376093 0.052673433 -0.562120795 -630.373596191
-0.563171685 -0.031709075 0.825731218 1040.865356445 0.024120478 0.998206913 0.054783177 27.659084320 -0.825987816 0.050769370 -0.561397016 -631.769592285
-0.562313259 -0.030364064 0.826366663 1042.943847656 0.023562321 0.998331547 0.052716080 27.756639481 -0.826588452 0.049114063 -0.560659528 -633.158569336
-0.561843872 -0.028792633 0.826742113 1045.017211914 0.025206415 0.998334348 0.051898569 27.857336044 -0.826859236 0.049998105 -0.560182035 -634.541687012
-0.560590386 -0.030198265 0.827542365 1047.085205078 0.027159430 0.998126745 0.054821379 27.956321716 -0.827647686 0.053207915 -0.558720231 -635.928894043
-0.559948146 -0.032018442 0.827908754 1049.168457031 0.028502375 0.997917116 0.057870623 28.069566727 -0.828037262 0.056001913 -0.557869256 -637.326171875
-0.559113979 -0.034575056 0.828369558 1051.219360352 0.026772548 0.997856021 0.059719522 28.182601929 -0.828658342 0.055567585 -0.556989551 -638.678405762
-0.558400989 -0.037262727 0.828733861 1053.290161133 0.022201672 0.997961581 0.059831280 28.303998947 -0.829274058 0.051809132 -0.556435406 -640.059326172
-0.558246613 -0.038139615 0.828798056 1055.369384766 0.018353911 0.998130679 0.058294445 28.412034988 -0.829472065 0.047754359 -0.556502938 -641.415649414
-0.557962358 -0.037739240 0.829007626 1057.449096680 0.017621698 0.998201370 0.057301771 28.526065826 -0.829679072 0.046580750 -0.556293905 -642.781860352
-0.557472825 -0.036373291 0.829397976 1059.538452148 0.018037239 0.998273253 0.055902902 28.636388779 -0.829999208 0.046124399 -0.555854142 -644.160949707
-0.557154119 -0.034624804 0.829686999 1061.596069336 0.018786050 0.998349071 0.054278731 28.743484497 -0.830196619 0.045828160 -0.555583715 -645.518432617
-0.557934344 -0.032895990 0.829232991 1063.695434570 0.021211974 0.998322248 0.053875923 28.849739075 -0.829614103 0.047648892 -0.556300342 -646.897583008
-0.557530403 -0.030491099 0.829596281 1065.769042969 0.024712738 0.998272777 0.053298853 28.958425522 -0.829788506 0.050217323 -0.555813909 -648.287719727
-0.557305038 -0.030477904 0.829748273 1067.857299805 0.026675195 0.998153031 0.054580212 29.057226181 -0.829879224 0.052551519 -0.555462718 -649.675842285
-0.556804597 -0.032651164 0.830001473 1069.937988281 0.025986584 0.998053432 0.056695126 29.168951035 -0.830236912 0.053137019 -0.554872096 -651.043212891
-0.556530833 -0.033000540 0.830171347 1072.034790039 0.025301194 0.998074234 0.056636360 29.273797989 -0.830441654 0.052524198 -0.554624021 -652.428161621
-0.555629849 -0.030191779 0.830881417 1074.107421875 0.026438493 0.998193502 0.053951442 29.376140594 -0.831009328 0.051944293 -0.553827882 -653.790954590
-0.554869950 -0.025356207 0.831550479 1076.212890625 0.030604541 0.998236716 0.050860450 29.475740433 -0.831373870 0.053670168 -0.553115547 -655.175781250
-0.553774536 -0.024222057 0.832314134 1078.305908203 0.031570014 0.998247325 0.050055947 29.566371918 -0.832067847 0.053995889 -0.552039325 -656.547180176
-0.553079665 -0.024518020 0.832767665 1080.387329102 0.033321533 0.998116076 0.051516537 29.657850266 -0.832461774 0.056241836 -0.551220775 -657.917053223
-0.552109599 -0.024257666 0.833418608 1082.471313477 0.032389827 0.998198092 0.050510865 29.752237320 -0.833142161 0.054881815 -0.550329089 -659.277099609
-0.551960647 -0.029944805 0.833332360 1084.541381836 0.029130563 0.998052716 0.055158559 29.849847794 -0.833361208 0.054720800 -0.550013423 -660.600463867
-0.551166594 -0.033504017 0.833722174 1086.585083008 0.029283065 0.997801304 0.059456497 29.960170746 -0.833881140 0.057184383 -0.548973858 -661.966369629
-0.550337613 -0.034333508 0.834236026 1088.611206055 0.029813364 0.997708976 0.060728945 30.066125870 -0.834409773 0.058292806 -0.548053145 -663.291809082
-0.549209952 -0.032276187 0.835060775 1090.642211914 0.030579625 0.997808397 0.058678463 30.176929474 -0.835124791 0.057762649 -0.547019362 -664.606567383
-0.548622727 -0.029767575 0.835539937 1092.669433594 0.030450210 0.997991502 0.055549078 30.282318115 -0.835515320 0.055917852 -0.546614408 -665.907409668
-0.548000991 -0.029519938 0.835956633 1094.745849609 0.030007660 0.998040020 0.054914702 30.378923416 -0.835939288 0.055178415 -0.546041071 -667.248046875
-0.547115147 -0.030355960 0.836506784 1096.841308594 0.030335311 0.997966647 0.056055907 30.482887268 -0.836507499 0.056044724 -0.545081794 -668.604370117
-0.546139956 -0.030895561 0.837123990 1098.950927734 0.030683372 0.997911215 0.056847539 30.587045670 -0.837131798 0.056732494 -0.544051230 -669.967285156
-0.545621634 -0.032307241 0.837408543 1101.059204102 0.029915782 0.997868776 0.057989717 30.699495316 -0.837497473 0.056692176 -0.543492436 -671.321228027
-0.544832945 -0.033019904 0.837894201 1103.160400391 0.030431852 0.997787535 0.059109051 30.809698105 -0.837992132 0.057703238 -0.542622745 -672.667053223
-0.543534815 -0.033178035 0.838730574 1105.229614258 0.030005569 0.997811854 0.058915827 30.916341782 -0.838850141 0.057189390 -0.541350007 -673.998168945
-0.542684734 -0.031803112 0.839334130 1107.354736328 0.029963201 0.997913837 0.057185020 31.033618927 -0.839401841 0.056182574 -0.540599704 -675.345764160
-0.541932225 -0.031228645 0.839841723 1109.467285156 0.030007761 0.997953296 0.056471221 31.138181686 -0.839886308 0.055805355 -0.539885819 -676.664794922
-0.540904820 -0.032529701 0.840454459 1111.617187500 0.028836057 0.997947156 0.057183918 31.259010315 -0.840589345 0.055166442 -0.538856328 -678.030700684
-0.540174127 -0.032305665 0.840933025 1113.763671875 0.029526794 0.997920096 0.057303119 31.362989426 -0.841035306 0.055783711 -0.538096666 -679.383544922
-0.539575517 -0.030450851 0.841386378 1115.921752930 0.030124690 0.998007536 0.055437941 31.476650238 -0.841398120 0.055259455 -0.537583113 -680.737731934
-0.538688660 -0.029503856 0.841988206 1118.057983398 0.029664814 0.998102725 0.053953219 31.590316772 -0.841982663 0.054041404 -0.536791325 -682.077880859
-0.537828922 -0.029349599 0.842542887 1120.176513672 0.029328715 0.998137474 0.053491361 31.697347641 -0.842543602 0.053479906 -0.535966456 -683.390075684
-0.536965430 -0.028194608 0.843132913 1122.309204102 0.029758306 0.998186409 0.052331787 31.798322678 -0.843079150 0.053190582 -0.535152555 -684.730102539
-0.536242962 -0.027821837 0.843605042 1124.451293945 0.029945314 0.998200297 0.051955275 31.892192841 -0.843532324 0.053122666 -0.534444749 -686.067443848
-0.535447776 -0.027788348 0.844110966 1126.593872070 0.030216591 0.998188376 0.052028008 31.991210938 -0.844027638 0.053364445 -0.533638120 -687.402221680
-0.534972668 -0.028252872 0.844396830 1128.701171875 0.030106088 0.998168468 0.052471858 32.088356018 -0.844332755 0.053492494 -0.533142388 -688.694641113
-0.534142792 -0.028884059 0.844900668 1130.828125000 0.029581983 0.998165488 0.052825231 32.185508728 -0.844876528 0.053210050 -0.532308459 -690.030944824
-0.533755004 -0.030048408 0.845105171 1132.989013672 0.028839173 0.998140335 0.053704064 32.285125732 -0.845147252 0.053036943 -0.531895816 -691.373352051
-0.533821583 -0.030201996 0.845057607 1135.127807617 0.027602723 0.998206973 0.053112093 32.389804840 -0.845146477 0.051678281 -0.532030821 -692.699890137
-0.533581316 -0.030232938 0.845208228 1137.280273438 0.026915377 0.998247683 0.052698851 32.498428345 -0.845320344 0.050868221 -0.531832576 -694.045288086
-0.534057677 -0.031175062 0.844873071 1139.457641602 0.026481980 0.998212874 0.053572841 32.601161957 -0.845033109 0.050984908 -0.532277644 -695.389343262
-0.534253955 -0.031044969 0.844753742 1141.642700195 0.027107315 0.998182237 0.053827200 32.707092285 -0.844889283 0.051656403 -0.532441318 -696.750427246
-0.534323633 -0.030165263 0.844741583 1143.815551758 0.027371207 0.998221517 0.052959044 32.810039520 -0.844836712 0.051418860 -0.532547712 -698.112304688
-0.534925997 -0.030741323 0.844339430 1145.978149414 0.028128423 0.998135865 0.054161444 32.916992188 -0.844430447 0.052722301 -0.533064246 -699.453002930
-0.534978211 -0.030002706 0.844332993 1148.138061523 0.028621603 0.998152137 0.053603489 33.028709412 -0.844381034 0.052842859 -0.533130825 -700.799316406
-0.535187483 -0.027653007 0.844280541 1150.297607422 0.029666210 0.998232245 0.051500786 33.126064301 -0.844212234 0.052609172 -0.533421040 -702.133666992
-0.535318792 -0.027922725 0.844188392 1152.477905273 0.029740855 0.998210549 0.051876567 33.231182098 -0.844126344 0.052877389 -0.533530474 -703.487731934
-0.535826147 -0.029930620 0.843797624 1154.647216797 0.029826051 0.998076856 0.054343168 33.336265564 -0.843801260 0.054285649 -0.533903003 -704.834228516
-0.535549402 -0.029672606 0.843982399 1156.791381836 0.029315041 0.998127103 0.053693872 33.450664520 -0.843994856 0.053497106 -0.533676565 -706.161865234
-0.535283566 -0.027332073 0.844230056 1159.001098633 0.030956134 0.998170078 0.051943626 33.561473846 -0.844104886 0.053938668 -0.533458054 -707.539794922
-0.534388006 -0.024683736 0.844878912 1161.165405273 0.032168597 0.998255372 0.049511459 33.664985657 -0.844626904 0.053636886 -0.532661736 -708.890625000
-0.533423960 -0.024692418 0.845487535 1163.318481445 0.033016842 0.998204172 0.049983047 33.760417938 -0.845203400 0.054577488 -0.531650782 -710.232055664
-0.532801569 -0.027012307 0.845808923 1165.512939453 0.032850031 0.998076856 0.052568506 33.864673615 -0.845602274 0.055793438 -0.530889630 -711.597167969
-0.532603264 -0.029510349 0.845850408 1167.719238281 0.033055730 0.997904181 0.055629328 33.977897644 -0.845719278 0.057588562 -0.530511558 -712.967468262
-0.532263458 -0.031602211 0.845988750 1169.917846680 0.032159731 0.997826874 0.057507850 34.096706390 -0.845967710 0.057816099 -0.530090511 -714.322509766
-0.532010078 -0.031751528 0.846142530 1172.096923828 0.031189453 0.997883618 0.057055913 34.216964722 -0.846163452 0.056745037 -0.529893696 -715.663269043
-0.532023370 -0.031187989 0.846155107 1174.296997070 0.030294975 0.997980475 0.055832129 34.337120056 -0.846187651 0.055338245 -0.530004084 -717.012329102
-0.531385362 -0.030707594 0.846573412 1176.510864258 0.029725190 0.998051405 0.054860327 34.449203491 -0.846608400 0.054316536 -0.529437244 -718.346557617
-0.530835390 -0.030008605 0.846943498 1178.744018555 0.030716801 0.998034894 0.054614276 34.573078156 -0.846918106 0.055006586 -0.528870463 -719.723205566
-0.529753268 -0.029455392 0.847640216 1180.974731445 0.030353608 0.998098135 0.053654011 34.691520691 -0.847608626 0.054152317 -0.527851641 -721.091918945
-0.528960288 -0.028019665 0.848183870 1183.192260742 0.031080002 0.998144686 0.052356288 34.802597046 -0.848077297 0.054055955 -0.527108014 -722.451354980
-0.528060257 -0.026562266 0.848791540 1185.398925781 0.031760730 0.998193622 0.050997064 34.903907776 -0.848612905 0.053887747 -0.526262760 -723.797668457
-0.527297139 -0.026742447 0.849260032 1187.602172852 0.031915210 0.998175919 0.051247515 35.006458282 -0.849081337 0.054126978 -0.525481761 -725.137756348
-0.526856601 -0.027342552 0.849514246 1189.831054688 0.032224592 0.998121262 0.052110866 35.109703064 -0.849343002 0.054830208 -0.524985731 -726.485046387
-0.526203573 -0.027129866 0.849925756 1192.068603516 0.032699615 0.998106122 0.052104715 35.220638275 -0.849729717 0.055209931 -0.524319828 -727.855773926
-0.525415361 -0.027395843 0.850404680 1194.297973633 0.033135008 0.998064458 0.052624900 35.327369690 -0.850200415 0.055828094 -0.523490608 -729.223693848
-0.524876177 -0.028780758 0.850691855 1196.501464844 0.032449637 0.998025060 0.053786770 35.429824829 -0.850559711 0.055836041 -0.522905707 -730.557373047
-0.524382710 -0.028844923 0.850993931 1198.727661133 0.032421064 0.998024881 0.053806499 35.532245636 -0.850865245 0.055805333 -0.522411883 -731.899597168
-0.523459792 -0.028403174 0.851576865 1200.941894531 0.033034947 0.998016179 0.053593867 35.642971039 -0.851409733 0.056186024 -0.521483064 -733.238525391
-0.522126079 -0.027447173 0.852426529 1203.166992188 0.033620901 0.998042643 0.052729238 35.752372742 -0.852205336 0.056190658 -0.520181477 -734.575866699
-0.520852804 -0.026018731 0.853249907 1205.429809570 0.033883143 0.998117566 0.051119696 35.858306885 -0.852973819 0.055536631 -0.518990636 -735.933288574
-0.519378960 -0.024602192 0.854189754 1207.654296875 0.034021661 0.998197675 0.049436290 35.956047058 -0.853866518 0.054737128 -0.517605841 -737.267333984
-0.517875314 -0.023041636 0.855145693 1209.916503906 0.034012858 0.998292148 0.047496829 36.047210693 -0.854779601 0.053683385 -0.516207218 -738.618408203
-0.516537666 -0.022524616 0.855968118 1212.172851562 0.034405679 0.998300612 0.047032326 36.140163422 -0.855572879 0.053744134 -0.514884949 -739.960510254
-0.515162468 -0.023126496 0.856780469 1214.442993164 0.034842227 0.998244524 0.047894768 36.230800629 -0.856384099 0.054525737 -0.513452232 -741.305053711
-0.514161944 -0.024449613 0.857344568 1216.707275391 0.033848636 0.998236477 0.048767060 36.318264008 -0.857024968 0.054094113 -0.512427568 -742.641418457
-0.513075829 -0.024147402 0.858003438 1218.910888672 0.032255158 0.998355746 0.047385637 36.418754578 -0.857736945 0.051987473 -0.511453390 -743.947448730
-0.512411118 -0.023439737 0.858420312 1221.176513672 0.030927612 0.998475194 0.045725435 36.513496399 -0.858183146 0.049979113 -0.510904849 -745.276855469
-0.511870503 -0.021734817 0.858787656 1223.434570312 0.031515837 0.998531818 0.044056218 36.601467133 -0.858484328 0.049616486 -0.510433972 -746.614929199
-0.511188447 -0.020814398 0.859216690 1225.724365234 0.032201473 0.998541057 0.043347694 36.693202972 -0.858865201 0.049826883 -0.509772420 -747.969726562
-0.510023057 -0.020718057 0.859911203 1228.016113281 0.033176243 0.998492122 0.043734130 36.779983521 -0.859520674 0.050834034 -0.508566678 -749.318298340
-0.509854972 -0.020612927 0.860013366 1230.305419922 0.033469114 0.998480678 0.043773744 36.860485077 -0.859609067 0.051102147 -0.508390427 -750.646362305
-0.509403586 -0.021420779 0.860261083 1232.556152344 0.033232391 0.998454809 0.044540394 36.943115234 -0.859885812 0.051277570 -0.507904530 -751.956481934
-0.508502424 -0.022421990 0.860768616 1234.800170898 0.033158075 0.998409510 0.045595635 37.024093628 -0.860422075 0.051726922 -0.506950140 -753.264648438
-0.508025110 -0.023568604 0.861019731 1237.099609375 0.032308262 0.998400688 0.046391871 37.117580414 -0.860736132 0.051386286 -0.506451130 -754.602600098
-0.507583916 -0.024597958 0.861251056 1239.394775391 0.032414816 0.998339534 0.047617186 37.206878662 -0.860992372 0.052087005 -0.505943716 -755.932861328
-0.506528795 -0.025119625 0.861857057 1241.677124023 0.033551537 0.998244226 0.048813589 37.306247711 -0.861570001 0.053642113 -0.504796624 -757.250000000
-0.505986750 -0.024955301 0.862180114 1243.993164062 0.033585612 0.998253226 0.048604205 37.402820587 -0.861887097 0.053549930 -0.504264772 -758.574279785
-0.505264699 -0.022532932 0.862670064 1246.330810547 0.032504413 0.998452723 0.045117352 37.504917145 -0.862352073 0.050836790 -0.503750443 -759.915466309
-0.504319549 -0.017908139 0.863331318 1248.639160156 0.032147583 0.998702466 0.039495334 37.594551086 -0.862918496 0.047672287 -0.503089488 -761.248474121
-0.504189014 -0.012450175 0.863503516 1250.989135742 0.032043748 0.998937786 0.033112831 37.666614532 -0.862998664 0.044365011 -0.503254473 -762.585144043
-0.503617406 -0.011007643 0.863856673 1253.305419922 0.033119142 0.998937726 0.032036949 37.721477509 -0.863291740 0.044744559 -0.502717912 -763.916625977
-0.502702296 -0.012852776 0.864364028 1255.630859375 0.033386972 0.998854756 0.034270011 37.785854340 -0.863814592 0.046086110 -0.501697481 -765.254333496
-0.502244234 -0.014456679 0.864604890 1257.921752930 0.032827947 0.998820662 0.035770420 37.851531982 -0.864102423 0.046348691 -0.501177371 -766.564941406
-0.501828313 -0.017444080 0.864791334 1260.213256836 0.032011628 0.998737276 0.038721927 37.915885925 -0.864374638 0.047115136 -0.500636101 -767.880615234
-0.501218796 -0.018730028 0.865117848 1262.519653320 0.031992473 0.998681128 0.040157020 37.996372223 -0.864728928 0.047804713 -0.499958485 -769.196655273
-0.501059830 -0.018977441 0.865204453 1264.829589844 0.032626044 0.998634577 0.040798590 38.063453674 -0.864797354 0.048670731 -0.499756545 -770.470520020
-0.500237167 -0.018756868 0.865685225 1267.181762695 0.032713789 0.998642206 0.040541362 38.145919800 -0.865270257 0.048600141 -0.498944342 -771.809753418
-0.499912053 -0.017491624 0.865899503 1269.543457031 0.033279967 0.998669684 0.039387263 38.217967987 -0.865436494 0.048507277 -0.498664945 -773.147949219
-0.501186430 -0.017665278 0.865158975 1271.989746094 0.032076266 0.998725235 0.038974281 38.297946930 -0.864744604 0.047284450 -0.499980927 -774.511108398
-0.499770492 -0.015776418 0.866014123 1274.308471680 0.032693096 0.998777986 0.037061963 38.370613098 -0.865540564 0.046835162 -0.498644024 -775.849548340
-0.499341488 -0.014662216 0.866281211 1276.705810547 0.033075936 0.998805344 0.035970874 38.445964813 -0.865773678 0.046614818 -0.498259962 -777.219726562
-0.498917580 -0.015497067 0.866510868 1279.033813477 0.033191290 0.998764873 0.036973160 38.502925873 -0.866013646 0.047207173 -0.497786999 -778.527160645
-0.498021126 -0.016140098 0.867014706 1281.372070312 0.032184679 0.998793900 0.037080433 38.576023102 -0.866567492 0.046371426 -0.496901006 -779.850708008
-0.496807188 -0.016521839 0.867703676 1283.696166992 0.031694174 0.998806417 0.037164774 38.634162903 -0.867282033 0.045964882 -0.495690554 -781.158935547
-0.496728539 -0.016569935 0.867747724 1286.034301758 0.031563763 0.998811364 0.037140824 38.700889587 -0.867331803 0.045838296 -0.495615214 -782.471679688
-0.496029317 -0.015028602 0.868175685 1288.403442383 0.032591429 0.998823404 0.035911195 38.772121429 -0.867693901 0.046108093 -0.494955957 -783.804992676
-0.495586514 -0.013938272 0.868446708 1290.783203125 0.032600984 0.998867989 0.034635521 38.830577850 -0.867946506 0.045477122 -0.494571179 -785.139099121
-0.495238155 -0.012050481 0.868673682 1293.151855469 0.033450779 0.998897731 0.032927565 38.898944855 -0.868113041 0.045364793 -0.494289219 -786.477172852
-0.494583517 -0.011719764 0.869051039 1295.509521484 0.033319697 0.998918355 0.032433607 38.948123932 -0.868491173 0.044997647 -0.493658066 -787.784851074
-0.494348586 -0.012633131 0.869171917 1297.871826172 0.031936895 0.998955369 0.032683864 39.000499725 -0.868676841 0.043915879 -0.493428707 -789.101745605
-0.494077504 -0.014136484 0.869302928 1300.237792969 0.032203753 0.998884082 0.034547053 39.048278809 -0.868821204 0.045063742 -0.493070930 -790.415954590
-0.493327528 -0.013090555 0.869745076 1302.597045898 0.033829078 0.998841703 0.034221746 39.102733612 -0.869185507 0.046305206 -0.492313147 -791.725646973
-0.492676288 -0.012097513 0.870128512 1304.940917969 0.034386769 0.998851776 0.033357326 39.160179138 -0.869532943 0.046355270 -0.491694570 -793.034667969
-0.491996258 -0.011922156 0.870515704 1307.337036133 0.033928569 0.998884022 0.032855909 39.217487335 -0.869935930 0.045700345 -0.491042703 -794.367858887
-0.491615951 -0.012569875 0.870721400 1309.750122070 0.032158926 0.998951614 0.032578200 39.286621094 -0.870218158 0.044017430 -0.490696311 -795.711547852
-0.490934253 -0.011793370 0.871116817 1312.135009766 0.031002292 0.999038577 0.030997129 39.344654083 -0.870644808 0.042224165 -0.490096539 -797.028198242
-0.490729898 -0.009863553 0.871255934 1314.492797852 0.030327182 0.999136686 0.028392911 39.388896942 -0.870783806 0.040355988 -0.490007102 -798.323913574
-0.489706784 -0.008294306 0.871847749 1316.835449219 0.029761806 0.999212921 0.026222855 39.433448792 -0.871379077 0.038789272 -0.489074528 -799.628234863
-0.489792883 -0.008673127 0.871795774 1319.227661133 0.030992171 0.999145329 0.027352126 39.475891113 -0.871287763 0.040415715 -0.489105523 -800.935119629
-0.489915878 -0.009332138 0.871719778 1321.594726562 0.032126710 0.999070108 0.028751031 39.515029907 -0.871177554 0.042091072 -0.489160538 -802.236267090
-0.489333451 -0.009797311 0.872041702 1323.972656250 0.032147098 0.999054670 0.029263167 39.566032410 -0.871504068 0.042353064 -0.488555908 -803.554260254
-0.489126474 -0.009217079 0.872164190 1326.301635742 0.030699356 0.999142587 0.027775787 39.605411530 -0.871672451 0.040360749 -0.488424093 -804.834716797
-0.488157451 -0.007690595 0.872721672 1328.646972656 0.031259514 0.999165416 0.026289875 39.639930725 -0.872195601 0.040114451 -0.487509727 -806.137084961
-0.488851219 -0.007064251 0.872338593 1330.975463867 0.030340590 0.999224484 0.025094388 39.678348541 -0.871839523 0.038734674 -0.488257766 -807.399841309
-0.487967014 -0.005870618 0.872842252 1333.349487305 0.031095503 0.999225736 0.024104759 39.707729340 -0.872307956 0.038903799 -0.487406641 -808.713378906
-0.487094730 -0.006686932 0.873323560 1335.601928711 0.030727850 0.999220252 0.024789315 39.723709106 -0.872808397 0.038910095 -0.486509502 -809.979187012
-0.485950470 -0.006821020 0.873959780 1337.944335938 0.031169206 0.999198079 0.025129581 39.755519867 -0.873430371 0.039452359 -0.485348254 -811.275085449
-0.485586971 -0.007824659 0.874153316 1340.312500000 0.030895624 0.999181628 0.026106142 39.787071228 -0.873642206 0.039684314 -0.484947830 -812.538269043
-0.484987736 -0.007946927 0.874484837 1342.681274414 0.030518174 0.999195814 0.026005568 39.816463470 -0.873988271 0.039300058 -0.484355211 -813.840698242
-0.484347016 -0.008291405 0.874836624 1345.038574219 0.029925372 0.999212861 0.026038170 39.854846954 -0.874363959 0.038791329 -0.483717680 -815.121887207
-0.484054863 -0.007410241 0.875006258 1347.390502930 0.029967930 0.999237120 0.025040632 39.888084412 -0.874524295 0.038343165 -0.483463496 -816.411499023
-0.483415544 -0.007281735 0.875360668 1349.741210938 0.029405827 0.999266088 0.024551736 39.922130585 -0.874896944 0.037609402 -0.482846558 -817.687866211
-0.483265758 -0.007399748 0.875442445 1352.161254883 0.029638104 0.999252796 0.024807233 39.954185486 -0.874971867 0.037934948 -0.482685357 -819.007141113
-0.482621133 -0.006846790 0.875802457 1354.521728516 0.029722810 0.999265373 0.024191091 39.990131378 -0.875324726 0.037706446 -0.482063174 -820.293762207
-0.482103020 -0.006081566 0.876093388 1356.863159180 0.029822914 0.999282420 0.023347879 40.013984680 -0.875606716 0.037383746 -0.481575757 -821.554626465
-0.481531858 -0.004315418 0.876417935 1359.231201172 0.030804379 0.999286830 0.021845320 40.046180725 -0.875887036 0.037516732 -0.481055439 -822.847595215
-0.480290115 -0.003625120 0.877102196 1361.574584961 0.031140197 0.999290526 0.021182112 40.070831299 -0.876556695 0.037486695 -0.479836553 -824.120422363
-0.479500979 -0.002787347 0.877536893 1363.927734375 0.030992731 0.999317288 0.020109115 40.091033936 -0.876993895 0.036839608 -0.479087234 -825.383483887
-0.478603840 -0.001507508 0.878029644 1366.290771484 0.030777382 0.999355197 0.018492213 40.111507416 -0.877491355 0.035873894 -0.478248835 -826.648498535
-0.477940440 -0.000196135 0.878392220 1368.654296875 0.030093871 0.999409258 0.016597480 40.125282288 -0.877876520 0.034366831 -0.477652222 -827.913024902
-0.477485687 -0.000902325 0.878639042 1371.016967773 0.028749553 0.999447942 0.016649989 40.134231567 -0.878169000 0.033210613 -0.477196187 -829.167785645
-0.477025270 -0.001232112 0.878888726 1373.388427734 0.027693564 0.999481380 0.016432120 40.148418427 -0.878453135 0.032178096 -0.476743817 -830.431945801
-0.476441920 -0.002416553 0.879202664 1375.750488281 0.027011607 0.999484062 0.017384805 40.158329010 -0.878790915 0.032031529 -0.476130694 -831.685791016
-0.476062685 -0.002104376 0.879408777 1378.108398438 0.027283274 0.999480426 0.017161334 40.170867920 -0.878988028 0.032163024 -0.475757897 -832.933166504
-0.475426912 -0.002765147 0.879750848 1380.455200195 0.027039748 0.999476671 0.017754033 40.181243896 -0.879339576 0.032228988 -0.475103408 -834.174804688
-0.474398226 -0.002890939 0.880305529 1382.784423828 0.027512254 0.999457419 0.018108638 40.194576263 -0.879880309 0.032809898 -0.474061340 -835.422058105
-0.473659456 -0.001469977 0.880706847 1385.125854492 0.028217288 0.999459863 0.016843937 40.210590363 -0.880255878 0.032829452 -0.473362178 -836.649047852
-0.473155022 -0.001477050 0.880977929 1387.470092773 0.028720608 0.999441206 0.017100912 40.216175079 -0.880510926 0.033393607 -0.472848177 -837.874877930
-0.472478896 -0.001105329 0.881341279 1389.804077148 0.029683189 0.999411941 0.017166289 40.218143463 -0.880841970 0.034271728 -0.472168267 -839.103332520
-0.471853793 0.000000718 0.881676793 1392.135131836 0.029746279 0.999430656 0.015918732 40.224529266 -0.881174862 0.033737913 -0.471585184 -840.318542480
-0.471093744 0.001032105 0.882082522 1394.470336914 0.030220423 0.999431074 0.014970408 40.232063293 -0.881565332 0.033709370 -0.470856935 -841.548400879
-0.469962418 0.002492756 0.882682860 1396.806640625 0.030807083 0.999433100 0.013580000 40.240596771 -0.882148623 0.033574976 -0.469772846 -842.774841309
-0.468898714 0.003830004 0.883243620 1399.143066406 0.030947054 0.999447823 0.012095355 40.245426178 -0.882709622 0.033005286 -0.468758315 -843.993652344
-0.468145400 0.003976157 0.883642495 1401.475219727 0.031327523 0.999435842 0.012099833 40.242549896 -0.883095860 0.033346813 -0.468005925 -845.208618164
-0.468042225 0.003521248 0.883699059 1403.782592773 0.030545708 0.999458969 0.012195710 40.237339020 -0.883177936 0.032701317 -0.467896610 -846.403259277
-0.466370374 0.003405221 0.884582996 1406.101562500 0.030459689 0.999461412 0.012211530 40.242858887 -0.884064913 0.032639220 -0.466222882 -847.619628906
-0.465760022 0.004041628 0.884901822 1408.440307617 0.030197792 0.999479711 0.011329390 40.247375488 -0.884395659 0.031998858 -0.465639740 -848.835021973
-0.465439528 0.005827447 0.885060489 1410.796020508 0.030067179 0.999505281 0.009230881 40.248870850 -0.884568810 0.030907691 -0.465384483 -850.039306641
-0.465031862 0.007071482 0.885265827 1413.117675781 0.030050373 0.999518037 0.007801394 40.241836548 -0.884783804 0.030230461 -0.465020269 -851.218017578
-0.465123355 0.007405615 0.885214806 1415.462524414 0.030254532 0.999513805 0.007534977 40.227123260 -0.884728670 0.030286454 -0.465121269 -852.413574219
-0.464752913 0.007053394 0.885412276 1417.783569336 0.029972848 0.999520481 0.007770342 40.205074310 -0.884932995 0.030149618 -0.464741439 -853.585021973
-0.464760035 0.005654348 0.885418653 1420.092529297 0.029001625 0.999540269 0.008839940 40.198291779 -0.884961605 0.029787028 -0.464710355 -854.759155273
-0.464623332 0.005784525 0.885489523 1422.416503906 0.028301299 0.999564826 0.008320185 40.185104370 -0.885056019 0.028926259 -0.464584857 -855.944946289
-0.464487612 0.006367727 0.885556638 1424.704345703 0.029129028 0.999543011 0.008091244 40.165351868 -0.885100424 0.029553689 -0.464460760 -857.122192383
-0.464529961 0.005611510 0.885539591 1427.036376953 0.028175516 0.999567330 0.008446028 40.148178101 -0.885109007 0.028873971 -0.464487106 -858.304077148
-0.464284390 0.005847235 0.885666847 1429.344116211 0.028160807 0.999570072 0.008163227 40.135490417 -0.885238409 0.028731152 -0.464249402 -859.481811523
-0.464149177 0.005865110 0.885737598 1431.636352539 0.028076086 0.999572992 0.008093690 40.136711121 -0.885311961 0.028624726 -0.464115679 -860.663818359
-0.463958502 0.005119295 0.885842085 1433.977416992 0.027735220 0.999576986 0.008749710 40.113403320 -0.885422647 0.028628528 -0.463904291 -861.862487793
-0.463801384 0.004394576 0.885928333 1436.330932617 0.027206641 0.999586821 0.009284858 40.105449677 -0.885521352 0.028409466 -0.463729262 -863.060668945
-0.463623703 0.003777898 0.886024177 1438.637329102 0.027820649 0.999559939 0.010295516 40.092662811 -0.885595322 0.029423011 -0.463524699 -864.241882324
-0.463405997 0.003219563 0.886140168 1440.965087891 0.027876414 0.999551415 0.010946326 40.075996399 -0.885707498 0.029775005 -0.463287920 -865.416381836
-0.463421315 0.003824109 0.886129856 1443.244140625 0.028524270 0.999536872 0.010603882 40.073089600 -0.885678828 0.030190274 -0.463315666 -866.566467285
-0.463427842 0.003125559 0.886129141 1445.563232422 0.027816223 0.999552250 0.011021703 40.054035187 -0.885697961 0.029756527 -0.463307232 -867.737426758
-0.463274807 0.003690707 0.886206925 1447.863647461 0.027945047 0.999554873 0.010445834 40.055397034 -0.885773957 0.029604388 -0.463171750 -868.908447266
-0.462610573 0.003821520 0.886553347 1450.161865234 0.027633781 0.999566972 0.010110854 40.042251587 -0.886130810 0.029176215 -0.462515861 -870.075256348
-0.462299019 0.004040882 0.886714876 1452.467529297 0.027385140 0.999577701 0.009722343 40.030044556 -0.886301100 0.028777435 -0.462214440 -871.236328125
-0.462202698 0.004133360 0.886764646 1454.774169922 0.027239265 0.999583364 0.009538526 40.013660431 -0.886355817 0.028563552 -0.462122768 -872.400695801
-0.461895704 0.003997509 0.886925161 1457.081909180 0.027335636 0.999578953 0.009730685 40.006282806 -0.886512816 0.028739227 -0.461810499 -873.576171875
-0.461655378 0.003258690 0.887053370 1459.364990234 0.026791712 0.999588370 0.010271300 39.992267609 -0.886654675 0.028507482 -0.461552650 -874.744079590
-0.461873949 0.003032459 0.886940420 1461.661987305 0.026520921 0.999594212 0.010393136 39.986755371 -0.886548996 0.028322795 -0.461766899 -875.903686523
-0.461772710 0.002297733 0.886995316 1463.953002930 0.026740575 0.999578118 0.011331856 39.986839294 -0.886595130 0.028951505 -0.461639374 -877.081542969
-0.462401867 0.001250818 0.886669517 1466.265258789 0.026178267 0.999582350 0.012241972 39.979721069 -0.886283934 0.028872183 -0.462241441 -878.250427246
-0.462625802 0.000542171 0.886553586 1468.540161133 0.026142273 0.999573290 0.013030406 39.969596863 -0.886168122 0.029204724 -0.462442607 -879.411560059
-0.462733001 0.000095099 0.886497796 1470.800537109 0.025611071 0.999583960 0.013261209 39.963260651 -0.886127651 0.028840555 -0.462542981 -880.564636230
-0.463107347 0.000359129 0.886302173 1473.057128906 0.024988825 0.999607623 0.012652029 39.960681915 -0.885949910 0.028006898 -0.462934583 -881.702697754
-0.462952644 0.000289471 0.886382997 1475.337158203 0.024612674 0.999618530 0.012528604 39.954109192 -0.886041224 0.027616406 -0.462783158 -882.853942871
-0.462611914 -0.000749135 0.886560559 1477.596069336 0.024845246 0.999595940 0.013809028 39.951763153 -0.886212707 0.028415037 -0.462406367 -884.011657715
-0.462431878 0.000373576 0.886654675 1479.837280273 0.025690019 0.999585748 0.012977388 39.950805664 -0.886282563 0.028779335 -0.462249875 -885.156188965
-0.461933702 0.001873536 0.886912465 1482.066406250 0.025369495 0.999616444 0.011101668 39.948753357 -0.886551559 0.027628751 -0.461804122 -886.284667969
-0.461369216 0.001644696 0.887206733 1484.264282227 0.026090797 0.999590933 0.011714819 39.937072754 -0.886824548 0.028552787 -0.461223394 -887.418518066
-0.461273223 0.000589869 0.887257934 1486.556152344 0.026442515 0.999564707 0.013082567 39.940742493 -0.886864007 0.029495973 -0.461088032 -888.555053711
-0.460963190 -0.000769535 0.887418926 1488.795166016 0.027223578 0.999516726 0.015007829 39.936164856 -0.887001574 0.031076778 -0.460719436 -889.689025879
-0.460350364 -0.000092186 0.887737334 1491.020385742 0.027114650 0.999531984 0.014164530 39.938728333 -0.887323141 0.030591333 -0.460132390 -890.813720703
-0.460173219 0.000691825 0.887828887 1493.219726562 0.026504932 0.999564707 0.012958958 39.939311981 -0.887433410 0.029495209 -0.459991306 -891.935913086
-0.460265249 0.001663296 0.887779891 1495.448974609 0.026626183 0.999574184 0.011931472 39.943546295 -0.887381971 0.029129831 -0.460113615 -893.053894043
-0.459624112 0.000838481 0.888113141 1497.684936523 0.026505202 0.999567211 0.012773499 39.941757202 -0.887717962 0.029410630 -0.459447354 -894.194335938
-0.459148616 -0.000536879 0.888359308 1499.889038086 0.026779722 0.999536991 0.014445172 39.943294525 -0.887955725 0.030422496 -0.458921641 -895.309143066
-0.458831042 -0.001863412 0.888521612 1502.108276367 0.026205346 0.999534428 0.015628627 39.944759369 -0.888137043 0.030454915 -0.458568573 -896.417236328
-0.458144933 -0.002684125 0.888873458 1504.300292969 0.026029423 0.999526083 0.016434401 39.944782257 -0.888496280 0.030666204 -0.457857937 -897.535278320
-0.458006442 -0.002288247 0.888945937 1506.510253906 0.026095396 0.999531090 0.016017888 39.947505951 -0.888565779 0.030533686 -0.457732052 -898.639343262
-0.457651138 0.000435199 0.889131725 1508.740112305 0.026262095 0.999570191 0.013028291 39.953128815 -0.888743818 0.029312877 -0.457465887 -899.768676758
-0.456840158 0.002163579 0.889546216 1510.947998047 0.026377188 0.999590397 0.011115178 39.943134308 -0.889157653 0.028541587 -0.456709981 -900.855712891
-0.456063688 0.001512460 0.889945865 1513.126708984 0.026157882 0.999589205 0.011706130 39.937545776 -0.889562547 0.028617840 -0.455915958 -901.944641113
-0.455865920 -0.001447600 0.890047371 1515.339965820 0.025425218 0.999569416 0.014648063 39.935565948 -0.889685154 0.029307196 -0.455632865 -903.044982910
-0.455708534 -0.004540393 0.890117466 1517.538085938 0.025428196 0.999512494 0.018116733 39.941349030 -0.889765739 0.030890029 -0.455370873 -904.139953613
-0.455056518 -0.005235475 0.890447140 1519.737304688 0.025076505 0.999510765 0.018691886 39.949600220 -0.890109301 0.030835167 -0.454702646 -905.236511230
-0.455110699 -0.003942128 0.890426159 1521.942260742 0.024406631 0.999559283 0.016899899 39.963409424 -0.890100300 0.029423626 -0.454813838 -906.328796387
-0.454552025 -0.002674894 0.890716136 1524.139526367 0.024256673 0.999587357 0.015380561 39.967189789 -0.890389800 0.028597077 -0.454299688 -907.421997070
-0.454309702 -0.001378252 0.890842736 1526.287353516 0.025551945 0.999567211 0.014577380 39.968585968 -0.890477300 0.029385410 -0.454077870 -908.478942871
-0.453788817 -0.001536751 0.891107917 1528.463867188 0.026284140 0.999540329 0.015108712 39.975147247 -0.890721560 0.030278174 -0.453539789 -909.567016602
-0.453645855 -0.003233645 0.891176164 1530.618530273 0.025049340 0.999552071 0.016378047 39.975769043 -0.890829921 0.029753204 -0.453361660 -910.638366699
-0.453994244 -0.004567890 0.890992939 1532.768066406 0.024002146 0.999561191 0.017354483 39.980175018 -0.890681267 0.029264575 -0.453685343 -911.714050293
-0.453537732 -0.006195186 0.891215563 1534.928222656 0.022402888 0.999580622 0.018349256 39.983242035 -0.890955448 0.028287882 -0.453208685 -912.806945801
-0.454364270 -0.007358937 0.890785575 1537.101196289 0.022049725 0.999566615 0.019504528 39.995544434 -0.890543044 0.028503735 -0.454005063 -913.881713867
-0.454982340 -0.007384528 0.890469849 1539.297973633 0.022969069 0.999535739 0.020024955 40.012771606 -0.890204132 0.029564265 -0.454601467 -914.997558594
-0.456154734 -0.006431969 0.889877200 1541.454345703 0.023379823 0.999542236 0.019209217 40.027965546 -0.889593244 0.029567553 -0.455795527 -916.070373535
-0.456696332 -0.006050020 0.889602065 1543.604003906 0.022074087 0.999591947 0.018130248 40.041782379 -0.889348745 0.027917175 -0.456376404 -917.145263672
-0.457729667 -0.006347880 0.889068663 1545.766113281 0.021700438 0.999596834 0.018309332 40.053310394 -0.888826549 0.027673911 -0.457407415 -918.216003418
-0.458672434 -0.006699388 0.888580084 1547.918334961 0.020773442 0.999617457 0.018259501 40.060283661 -0.888362527 0.026834000 -0.458357841 -919.283874512
-0.458963186 -0.007388657 0.888424516 1550.043090820 0.021381918 0.999584079 0.019359099 40.069908142 -0.888197899 0.027881337 -0.458614290 -920.354431152
-0.459712446 -0.006826913 0.888041496 1552.173095703 0.022341782 0.999565065 0.019249931 40.084320068 -0.887786746 0.028689865 -0.459359974 -921.434020996
-0.460825294 -0.005640615 0.887472928 1554.317138672 0.022356650 0.999588668 0.017962018 40.107196808 -0.887209237 0.028118275 -0.460509658 -922.512390137
-0.461602539 -0.005462005 0.887070060 1556.464599609 0.022342283 0.999592245 0.017781049 40.119426727 -0.886805475 0.028026948 -0.461292297 -923.608154297
-0.462502986 -0.005499761 0.886600673 1558.590332031 0.022882435 0.999573648 0.018137375 40.129390717 -0.886322379 0.028676169 -0.462179869 -924.690124512
-0.464293927 -0.005652445 0.885663152 1560.735961914 0.022700310 0.999575198 0.018279703 40.135898590 -0.885390222 0.028591983 -0.463968366 -925.778930664
-0.466824174 -0.006723857 0.884324610 1562.860961914 0.021843201 0.999578357 0.019130934 40.143848419 -0.884080350 0.028247261 -0.466480404 -926.849365234
-0.468977660 -0.008092242 0.883172929 1564.953857422 0.020450840 0.999590397 0.020018628 40.157600403 -0.882973194 0.027449919 -0.468620092 -927.922851562
-0.472115248 -0.009573048 0.881484866 1567.054687500 0.019549945 0.999581397 0.021326365 40.170692444 -0.881319940 0.027301481 -0.471730441 -929.012573242
-0.474773556 -0.009950073 0.880051732 1569.137939453 0.019445617 0.999573410 0.021792011 40.192001343 -0.879893124 0.027459418 -0.474377543 -930.109069824
-0.477241814 -0.010422327 0.878710151 1571.204223633 0.019241786 0.999566019 0.022306314 40.204650879 -0.878561258 0.027553458 -0.476834148 -931.182800293
-0.479883105 -0.010130588 0.877273917 1573.270019531 0.018909924 0.999581516 0.021887008 40.223957062 -0.877128601 0.027092393 -0.479490757 -932.266967773
-0.482459426 -0.011101409 0.875847876 1575.326782227 0.017469378 0.999598980 0.022292932 40.235950470 -0.875744104 0.026055960 -0.482071936 -933.356201172
-0.485033453 -0.010552834 0.874431849 1577.372192383 0.017345317 0.999614239 0.021684734 40.249675751 -0.874323547 0.025685120 -0.484663337 -934.462707520
-0.488360703 -0.011376150 0.872567713 1579.433105469 0.015838420 0.999634683 0.021897277 40.265739441 -0.872498095 0.024513859 -0.488002151 -935.575622559
-0.491122186 -0.011456004 0.871015251 1581.454589844 0.016416674 0.999614120 0.022403941 40.274406433 -0.870935977 0.025302244 -0.490744680 -936.679687500
-0.492944032 -0.012575720 0.869970143 1583.495727539 0.017488567 0.999550283 0.024358252 40.289649963 -0.869885325 0.027221784 -0.492502421 -937.830200195
-0.495413423 -0.012718464 0.868564129 1585.567749023 0.018419188 0.999514103 0.025141951 40.317768097 -0.868462026 0.028453909 -0.494938463 -938.996032715
-0.497501940 -0.013147852 0.867363214 1587.599487305 0.018160366 0.999508142 0.025567379 40.340053558 -0.867272735 0.028471449 -0.497018456 -940.129882812
-0.499487579 -0.012522841 0.866230547 1589.633789062 0.018244332 0.999521732 0.024969874 40.367942810 -0.866128922 0.028275939 -0.499020219 -941.280090332
-0.501393318 -0.013050981 0.865121007 1591.656250000 0.017557217 0.999526858 0.025254125 40.387790680 -0.865041375 0.027851371 -0.500926793 -942.423095703
-0.503445506 -0.013341860 0.863923967 1593.673583984 0.017558590 0.999516308 0.025668005 40.413909912 -0.863848567 0.028091731 -0.502967715 -943.562561035
-0.504386723 -0.012492092 0.863387465 1595.680053711 0.018664509 0.999503911 0.025365243 40.435230255 -0.863276005 0.028908599 -0.503903449 -944.713684082
-0.504931748 -0.011710508 0.863079846 1597.652832031 0.020586437 0.999460161 0.025604730 40.460327148 -0.862913728 0.030696377 -0.504418075 -945.855285645
-0.505371690 -0.010565880 0.862837076 1599.632812500 0.020999383 0.999478281 0.024538657 40.484710693 -0.862646222 0.030520193 -0.504886150 -946.982055664
-0.506002247 -0.008924115 0.862486005 1601.618652344 0.021138906 0.999517739 0.022743730 40.504913330 -0.862273097 0.029740391 -0.505569577 -948.131408691
-0.506271183 -0.008640000 0.862331092 1603.597900391 0.019881548 0.999567151 0.021687398 40.524040222 -0.862145126 0.028124182 -0.505880237 -949.276611328
-0.506754339 -0.008217230 0.862051308 1605.568481445 0.020270679 0.999564528 0.021444093 40.541923523 -0.861852050 0.028341254 -0.506367147 -950.440795898
-0.507891715 -0.007864282 0.861384988 1607.544799805 0.020562403 0.999562740 0.021249870 40.552501678 -0.861175358 0.028504780 -0.507507980 -951.574951172
-0.507727265 -0.006875259 0.861490428 1609.484863281 0.020488283 0.999588966 0.020052329 40.565597534 -0.861274183 0.027831575 -0.507377744 -952.703186035
-0.508192956 -0.007732004 0.861208498 1611.449462891 0.020397345 0.999571085 0.021010565 40.581775665 -0.861001849 0.028243780 -0.507817149 -953.845031738
-0.508525193 -0.008581949 0.861004412 1613.398071289 0.020199852 0.999556243 0.021893349 40.594280243 -0.860810161 0.028525474 -0.508126020 -954.969299316
-0.507946372 -0.007621387 0.861355007 1615.357421875 0.020108050 0.999583602 0.020702289 40.617111206 -0.861153960 0.027835822 -0.507581532 -956.116271973
-0.507796586 -0.008671897 0.861433387 1617.309936523 0.019525852 0.999576569 0.021572636 40.631214142 -0.861255705 0.027774734 -0.507412255 -957.247192383
-0.506649554 -0.009500043 0.862099826 1619.227783203 0.019530887 0.999556124 0.022492919 40.651176453 -0.861930907 0.028233599 -0.506238997 -958.370971680
-0.505735517 -0.011090792 0.862617314 1621.155517578 0.020399408 0.999483943 0.024810279 40.665370941 -0.862447381 0.030144319 -0.505248308 -959.485046387
-0.503611088 -0.013699558 0.863821924 1623.086547852 0.021954350 0.999348402 0.028648367 40.692535400 -0.863651514 0.033392277 -0.502982140 -960.610778809
-0.501902878 -0.016247777 0.864771366 1625.009643555 0.021839259 0.999266624 0.031449996 40.711124420 -0.864648223 0.034670804 -0.501179993 -961.709594727
-0.500591755 -0.016728276 0.865521848 1626.941162109 0.021032214 0.999283135 0.031477936 40.750431061 -0.865427971 0.033961438 -0.499881059 -962.812377930
-0.498436302 -0.012852140 0.866831064 1628.864990234 0.020752169 0.999426723 0.026750779 40.781650543 -0.866677940 0.031322185 -0.497883826 -963.911987305
-0.496226251 -0.006898554 0.868165791 1630.767822266 0.021628603 0.999559879 0.020305103 40.804782867 -0.867923796 0.028853141 -0.495858520 -964.984191895
-0.493405610 -0.003745874 0.869791269 1632.676635742 0.024430813 0.999536514 0.018163480 40.816062927 -0.869456172 0.030211670 -0.493085414 -966.058593750
-0.490815133 -0.005892210 0.871243834 1634.569458008 0.026712650 0.999405265 0.021807536 40.828262329 -0.870854139 0.033976704 -0.490365833 -967.113037109
-0.487900078 -0.007701676 0.872865498 1636.510742188 0.026439441 0.999371886 0.023596587 40.854820251 -0.872498989 0.034590852 -0.487389982 -968.189575195
-0.485690594 -0.010260333 0.874070585 1638.432983398 0.025698483 0.999331295 0.026010463 40.883872986 -0.873752952 0.035095323 -0.485102117 -969.252380371
-0.483663827 -0.012660933 0.875162244 1640.358764648 0.024589023 0.999304175 0.028046165 40.919136047 -0.874908388 0.035084296 -0.483015954 -970.310852051
-0.481899083 -0.011307662 0.876153886 1642.299804688 0.025282050 0.999320984 0.026802814 40.949382782 -0.875861824 0.035067212 -0.481286079 -971.368835449
-0.480311304 -0.010513935 0.877035022 1644.208129883 0.027101889 0.999272764 0.026821770 40.981723785 -0.876679242 0.036652096 -0.479677141 -972.403869629
-0.478263795 -0.011677287 0.878138483 1646.129638672 0.027490929 0.999222517 0.028259922 41.010154724 -0.877785742 0.037656553 -0.477570921 -973.442504883
-0.477122992 -0.013359920 0.878735006 1648.037475586 0.025488926 0.999253452 0.029031849 41.036674500 -0.878466845 0.036249775 -0.476426274 -974.464111328
-0.476668775 -0.014321763 0.878966331 1649.971313477 0.023304846 0.999310017 0.028920989 41.074325562 -0.878773928 0.034269899 -0.476006061 -975.492980957
-0.476518273 -0.013838994 0.879055619 1651.897338867 0.021870077 0.999380112 0.027588589 41.107769012 -0.878892481 0.032371480 -0.475920290 -976.511535645
-0.475646943 -0.014906715 0.879509985 1653.812500000 0.019770386 0.999422669 0.027631106 41.134319305 -0.879414082 0.030530902 -0.475077629 -977.530822754
-0.475324661 -0.015711702 0.879670322 1655.735107422 0.019386327 0.999410748 0.028325669 41.165374756 -0.879596889 0.030517461 -0.474740028 -978.556701660
-0.475234419 -0.016679421 0.879701138 1657.657104492 0.018469471 0.999410808 0.028926782 41.197299957 -0.879665375 0.029994620 -0.474646389 -979.581970215
-0.475190669 -0.016263934 0.879732490 1659.566406250 0.019578204 0.999386191 0.029051255 41.232933044 -0.879665017 0.031028464 -0.474580616 -980.603637695
-0.475021154 -0.015663065 0.879835010 1661.481445312 0.019458389 0.999410152 0.028297318 41.266464233 -0.879759252 0.030561993 -0.474436104 -981.630920410
-0.475407004 -0.015975196 0.879620850 1663.391601562 0.019288817 0.999405503 0.028575649 41.290916443 -0.879554510 0.030551912 -0.474816263 -982.643859863
-0.475311220 -0.015145555 0.879687428 1665.290283203 0.019033585 0.999440670 0.027491534 41.322399139 -0.879611850 0.029810634 -0.474757016 -983.664184570
-0.475264162 -0.015026510 0.879714727 1667.178100586 0.020354088 0.999398708 0.028067097 41.352054596 -0.879607677 0.031245073 -0.474672616 -984.665527344
-0.474491954 -0.015666615 0.880120575 1669.072021484 0.021229533 0.999347031 0.029234225 41.383911133 -0.880003810 0.032555945 -0.473849565 -985.681762695
-0.474047452 -0.017207189 0.880331159 1670.941162109 0.021780521 0.999274075 0.031260625 41.407825470 -0.880229890 0.033993091 -0.473328471 -986.678710938
-0.473783940 -0.016807316 0.880480647 1672.827514648 0.021659128 0.999292970 0.030730005 41.447818756 -0.880374730 0.033629827 -0.473084927 -987.676940918
-0.472832382 -0.017049173 0.880987465 1674.720458984 0.022640537 0.999247551 0.031489123 41.480270386 -0.880861402 0.034835104 -0.472090602 -988.692016602
-0.472064495 -0.018616389 0.881367445 1676.583618164 0.020361327 0.999279976 0.032012578 41.511108398 -0.881328762 0.033057813 -0.471345544 -989.667541504
-0.471479923 -0.019126564 0.881669343 1678.467041016 0.020682817 0.999249876 0.032737616 41.552268982 -0.881634235 0.033670533 -0.470730752 -990.665649414
-0.470341116 -0.019336434 0.882272720 1680.356201172 0.021914130 0.999195695 0.033581447 41.594276428 -0.882212460 0.035128977 -0.469539076 -991.666137695
-0.469040036 -0.017105510 0.883011222 1682.234252930 0.022990059 0.999237120 0.031568933 41.635116577 -0.882877529 0.035107575 -0.468289018 -992.645996094
-0.467259735 -0.014193618 0.884006143 1684.034179688 0.024100253 0.999295115 0.028783385 41.659591675 -0.883791566 0.034754083 -0.466588289 -993.612426758
-0.465750545 -0.013849857 0.884807646 1685.882934570 0.024049280 0.999310017 0.028301369 41.688781738 -0.884589195 0.034460362 -0.465096205 -994.589843750
-0.464543045 -0.017173272 0.885384023 1687.742553711 0.023205863 0.999232531 0.031557169 41.723079681 -0.885246456 0.035205763 -0.463788003 -995.544982910
-0.463231772 -0.019467900 0.886023223 1689.608032227 0.021669647 0.999210894 0.033284232 41.765727997 -0.885972202 0.034618128 -0.462444454 -996.499145508
-0.462797254 -0.021200964 0.886210620 1691.463989258 0.019709516 0.999220669 0.034197230 41.800273895 -0.886245012 0.033293169 -0.462018758 -997.432006836
-0.461643636 -0.023851836 0.886744738 1693.335815430 0.019013284 0.999142647 0.036773544 41.843219757 -0.886861682 0.033836201 -0.460794389 -998.383239746
-0.460427850 -0.023590682 0.887383521 1695.207763672 0.019634960 0.999131739 0.036749244 41.888629913 -0.887479961 0.034344122 -0.459564835 -999.344543457
-0.458747864 -0.022922449 0.888270736 1697.070190430 0.018518342 0.999203444 0.035348959 41.935791016 -0.888373494 0.032665554 -0.457958043 -1000.291198730
-0.457809180 -0.023476040 0.888740480 1698.916992188 0.018686282 0.999176323 0.036018904 41.975223541 -0.888854086 0.033097036 -0.456993461 -1001.218994141
-0.456225902 -0.024373624 0.889530063 1700.778808594 0.018861910 0.999135494 0.037050836 42.026767731 -0.889664054 0.033681784 -0.455371648 -1002.167297363
-0.455720007 -0.022747003 0.889832497 1702.625854492 0.019187855 0.999190092 0.035369433 42.068283081 -0.889916360 0.033192534 -0.454914510 -1003.106628418
-0.454592735 -0.021489644 0.890440166 1704.474853516 0.021036942 0.999171138 0.034853626 42.115280151 -0.890450954 0.034576345 -0.453763783 -1004.057434082
-0.454636008 -0.021019431 0.890429258 1706.296264648 0.023059979 0.999108613 0.035358895 42.154537201 -0.890378773 0.036608715 -0.453746021 -1004.971862793
-0.453967780 -0.019421324 0.890806317 1708.115112305 0.026047971 0.999045849 0.035055567 42.186500549 -0.890637279 0.039117794 -0.453028768 -1005.909240723
-0.453770757 -0.020262251 0.890888035 1709.923095703 0.028482707 0.998900771 0.037226450 42.227294922 -0.890663147 0.042267174 -0.452694952 -1006.826110840
-0.454426557 -0.020871710 0.890539646 1711.700317383 0.029995194 0.998799980 0.038715042 42.265739441 -0.890279055 0.044305056 -0.453255266 -1007.724548340
-0.454804122 -0.022023322 0.890319169 1713.485107422 0.028380757 0.998828053 0.039205257 42.313037872 -0.890139163 0.043098643 -0.453646094 -1008.614746094
-0.455653012 -0.022570588 0.889871299 1715.290893555 0.025741866 0.998926222 0.038517606 42.358341217 -0.889785111 0.040457614 -0.454582721 -1009.510559082
-0.456047982 -0.023153188 0.889653921 1717.032348633 0.022933835 0.999023795 0.037755709 42.394504547 -0.889659643 0.037621591 -0.455071867 -1010.388854980
-0.456267864 -0.023427393 0.889533937 1718.791259766 0.020910896 0.999095023 0.037038673 42.440853119 -0.889596760 0.035500519 -0.455365092 -1011.283508301
-0.457091212 -0.023886841 0.889099002 1720.562377930 0.020847267 0.999076843 0.037559256 42.486747742 -0.889175475 0.035703287 -0.456171304 -1012.175476074
-0.457686067 -0.025676899 0.888743043 1722.314086914 0.019664992 0.999045968 0.038990799 42.527267456 -0.888896286 0.035322666 -0.456744492 -1013.055175781
-0.458190471 -0.026890077 0.888447165 1724.064697266 0.018670108 0.999030530 0.039865591 42.575923920 -0.888657928 0.034853444 -0.457244337 -1013.937011719
-0.458902240 -0.028431254 0.888031781 1725.794677734 0.017436210 0.999007344 0.040994629 42.625087738 -0.888315678 0.034296442 -0.457950920 -1014.809875488
-0.460603148 -0.030329181 0.887087822 1727.512329102 0.016514229 0.998950243 0.042728405 42.679195404 -0.887452543 0.034330413 -0.459618837 -1015.676879883
-0.461453736 -0.030810324 0.886629105 1729.237060547 0.016751340 0.998915911 0.043430667 42.731246948 -0.887006104 0.034893475 -0.460437417 -1016.564208984
-0.462296098 -0.030637810 0.886196077 1730.954833984 0.018547175 0.998850107 0.044207904 42.782928467 -0.886531532 0.036873575 -0.461196303 -1017.450805664
-0.462980568 -0.030418795 0.885846317 1732.673217773 0.021430787 0.998734534 0.045495868 42.836921692 -0.886109233 0.040048089 -0.461742789 -1018.336608887
-0.464244068 -0.029806314 0.885205626 1734.366699219 0.025160925 0.998586416 0.046819624 42.890388489 -0.885349870 0.044008333 -0.462837875 -1019.214965820
-0.464936793 -0.028004557 0.884900808 1736.045776367 0.028454589 0.998510599 0.046550345 42.947696686 -0.884886503 0.046822459 -0.463447541 -1020.085937500
-0.465377510 -0.025246009 0.884752095 1737.711914062 0.032491006 0.998432100 0.045580011 43.003086090 -0.884515762 0.049958397 -0.463827580 -1020.967346191
-0.466604978 -0.023871971 0.884143591 1739.350830078 0.034833301 0.998364151 0.045339141 43.057941437 -0.883779645 0.051953111 -0.465010136 -1021.819885254
-0.467992872 -0.021963809 0.883459270 1740.927490234 0.038657509 0.998225331 0.045294978 43.108039856 -0.882886350 0.055350047 -0.466313303 -1022.659484863
-0.469270796 -0.020152600 0.882824242 1742.516601562 0.041097119 0.998157859 0.044630796 43.148830414 -0.882097483 0.057225466 -0.467578143 -1023.491088867
-0.470451355 -0.017944837 0.882243454 1744.137939453 0.044235952 0.998056591 0.043889057 43.204730988 -0.881316483 0.059674554 -0.468743265 -1024.354125977
-0.472685993 -0.017103499 0.881064951 1745.739868164 0.046634745 0.997925162 0.044391289 43.250766754 -0.879996121 0.062071376 -0.470907629 -1025.193725586
-0.474807441 -0.016335966 0.879938066 1747.295776367 0.048504956 0.997822344 0.044697359 43.300029755 -0.878752053 0.063904002 -0.472981095 -1026.014892578
-0.477044880 -0.014785147 0.878754556 1748.860595703 0.051962383 0.997635067 0.044993870 43.352481842 -0.877341390 0.067126274 -0.475148410 -1026.845703125
-0.478727937 -0.013166565 0.877864540 1750.382324219 0.055204391 0.997457504 0.045065016 43.398715973 -0.876226008 0.070035867 -0.476784021 -1027.677978516
-0.481912106 -0.012403224 0.876131773 1751.885620117 0.057639048 0.997285485 0.045822453 43.435932159 -0.874321640 0.072581805 -0.479888916 -1028.484497070
-0.484521449 -0.010715536 0.874713778 1753.394042969 0.059663083 0.997191787 0.045264512 43.487735748 -0.872742414 0.074119732 -0.482521415 -1029.325805664
-0.488772988 -0.010607999 0.872346520 1754.891967773 0.059977911 0.997151613 0.045731105 43.537792206 -0.870346844 0.074673645 -0.486744523 -1030.152954102
-0.494191468 -0.010939122 0.869284272 1756.378295898 0.061429717 0.996981978 0.047469106 43.583045959 -0.867179930 0.076858699 -0.492027968 -1030.988403320
-0.499810785 -0.010542221 0.866070390 1757.817504883 0.062438875 0.996885896 0.048168149 43.631984711 -0.863881111 0.078151420 -0.497595966 -1031.813842773
-0.506267130 -0.009893208 0.862319827 1759.241455078 0.063003108 0.996837795 0.048425563 43.683738708 -0.860072076 0.078845114 -0.504042983 -1032.638916016
-0.514153957 -0.010033033 0.857639313 1760.631225586 0.061533827 0.996923566 0.048551917 43.726840973 -0.855487764 0.077736981 -0.511954844 -1033.456054688
-0.524125338 -0.009318269 0.851590097 1762.024780273 0.060491126 0.997007132 0.048139721 43.775207520 -0.849490106 0.076744892 -0.521992981 -1034.301635742
-0.535312176 -0.008441756 0.844612122 1763.378173828 0.059751086 0.997066498 0.047835540 43.825279236 -0.842538238 0.076073438 -0.533237398 -1035.150878906
-0.547536314 -0.007079660 0.836751938 1764.721557617 0.060545679 0.997008026 0.048054200 43.873806000 -0.834588528 0.076973140 -0.545469522 -1036.018676758
-0.560526848 -0.005824672 0.828115761 1766.038940430 0.062093109 0.996864736 0.049040560 43.922206879 -0.825805128 0.078908853 -0.558407843 -1036.896484375
-0.573377073 -0.003912413 0.819282293 1767.332397461 0.064715780 0.996647775 0.050050922 43.970920563 -0.816731691 0.081718527 -0.571201682 -1037.795898438
-0.586585522 -0.002609362 0.809883058 1768.587036133 0.066519089 0.996461034 0.051389225 44.017494202 -0.807150900 0.084016867 -0.584335983 -1038.704345703
-0.600746393 -0.000724272 0.799439371 1769.806152344 0.068510160 0.996274114 0.052385218 44.070674896 -0.796498656 0.086239949 -0.598458409 -1039.620239258
-0.615145624 0.000291336 0.788413465 1771.030883789 0.069002606 0.996182501 0.053469934 44.127567291 -0.785388172 0.087294385 -0.612817407 -1040.562988281
-0.629994035 0.002626513 0.776595473 1772.226806641 0.069592826 0.996161997 0.053086370 44.172840118 -0.773475468 0.087489575 -0.627758861 -1041.520385742
-0.645828664 0.004332888 0.763470054 1773.417602539 0.069588557 0.996155679 0.053212374 44.237583160 -0.760304391 0.087494865 -0.643647313 -1042.494995117
-0.661632597 0.004606435 0.749814034 1774.576293945 0.070714101 0.995907664 0.056279518 44.301044464 -0.746486306 0.090258792 -0.659250736 -1043.498901367
-0.678257942 0.005383202 0.734804153 1775.715332031 0.071400516 0.995724201 0.058611237 44.370319366 -0.731346786 0.092218935 -0.675742209 -1044.523315430
-0.694531441 0.006267233 0.719435155 1776.817626953 0.071077161 0.995668054 0.059943199 44.435016632 -0.715942979 0.092767842 -0.691968143 -1045.564941406
-0.711424887 0.006314860 0.702733815 1777.902587891 0.069377936 0.995705962 0.061288439 44.507816315 -0.699329078 0.092356324 -0.708808124 -1046.622680664
-0.727924943 0.007334414 0.685617626 1778.961425781 0.067951299 0.995791852 0.061491843 44.580715179 -0.682281375 0.091350056 -0.725360096 -1047.704711914
-0.744567454 0.008512489 0.667492986 1779.999267578 0.066563129 0.995882094 0.061548669 44.653751373 -0.664220333 0.090257555 -0.742067993 -1048.814697266
-0.761387050 0.009348667 0.648230135 1781.005981445 0.066065088 0.995809495 0.063236199 44.722023010 -0.644922554 0.090972610 -0.758814096 -1049.961181641
-0.778145015 0.009485492 0.628013074 1781.974853516 0.065300480 0.995689034 0.065872245 44.797344208 -0.624680877 0.092267729 -0.775409877 -1051.104492188
-0.794264436 0.008183661 0.607517064 1782.913085938 0.064350627 0.995418072 0.070722684 44.876968384 -0.604154766 0.095266610 -0.791151881 -1052.316406250
-0.810166836 0.007492344 0.586151421 1783.843627930 0.062775001 0.995277226 0.074044459 44.964473724 -0.582828343 0.096784018 -0.806810975 -1053.525512695
-0.825535595 0.010413977 0.564253926 1784.708862305 0.063278243 0.995232880 0.074211448 45.055404663 -0.560791254 0.096969195 -0.822259188 -1054.740966797
-0.839891851 0.013520638 0.542585373 1785.545776367 0.062727399 0.995408833 0.072294012 45.143066406 -0.539116859 0.094754122 -0.836883903 -1056.007812500
-0.853953302 0.015825221 0.520108998 1786.347290039 0.062340885 0.995449603 0.072067589 45.228195190 -0.516601801 0.093966410 -0.851054013 -1057.270874023
-0.867353916 0.017897632 0.497369885 1787.109130859 0.062060084 0.995442569 0.072404854 45.317367554 -0.493807316 0.093667433 -0.864511847 -1058.573974609
-0.880514979 0.019987563 0.473596692 1787.828857422 0.061942294 0.995395184 0.073154211 45.404747009 -0.469953775 0.093749046 -0.877698481 -1059.877197266
-0.893380105 0.020156313 0.448849261 1788.512084961 0.060605265 0.995269299 0.075933255 45.488319397 -0.445195466 0.095039874 -0.890375435 -1061.193847656
-0.905766726 0.021400990 0.423235744 1789.168701172 0.059629712 0.995223880 0.077289879 45.581394196 -0.419560194 0.095244020 -0.902716875 -1062.548950195
-0.917494178 0.023133652 0.397075832 1789.778686523 0.058492120 0.995300889 0.077167213 45.668632507 -0.393424839 0.094026282 -0.914535940 -1063.901977539
-0.928447962 0.025665445 0.370574832 1790.345092773 0.058147114 0.995353639 0.076746650 45.756694794 -0.366883278 0.092803106 -0.925626397 -1065.277954102
-0.938592434 0.027464600 0.343933076 1790.891235352 0.057535518 0.995328188 0.077532828 45.851047516 -0.340196967 0.092560083 -0.935787737 -1066.686035156
-0.947915792 0.028186543 0.317271471 1791.372924805 0.056396004 0.995191753 0.080081761 45.944976807 -0.313488632 0.093803614 -0.944947481 -1068.089111328
-0.956784487 0.027743163 0.289471507 1791.834350586 0.053777404 0.995149553 0.082373522 46.038551331 -0.285782069 0.094380751 -0.953635633 -1069.502807617
-0.964704871 0.027318185 0.261912644 1792.246337891 0.050838191 0.995214403 0.083449230 46.133022308 -0.258379489 0.093819037 -0.961476982 -1070.926147461
-0.971669853 0.028074477 0.234668970 1792.622070312 0.048737295 0.995380402 0.082719803 46.231414795 -0.231262565 0.091813467 -0.968549311 -1072.375488281
-0.977743149 0.028822694 0.207816333 1792.945556641 0.047066271 0.995405436 0.083383530 46.333721161 -0.204458177 0.091308810 -0.974607348 -1073.815429688
-0.982983530 0.031021293 0.181055352 1793.234619141 0.047045551 0.995278895 0.084892079 46.437625885 -0.177567109 0.091965362 -0.979802191 -1075.279174805
-0.987574339 0.031601038 0.153942063 1793.486816406 0.045192152 0.995303750 0.085603483 46.537757874 -0.150513947 0.091496795 -0.984364629 -1076.756225586
-0.991293013 0.034174666 0.127162129 1793.689331055 0.045361847 0.995249391 0.086146489 46.648403168 -0.123613991 0.091164738 -0.988133907 -1078.223999023
-0.994385123 0.034557201 0.100021400 1793.866333008 0.043379374 0.995226860 0.087416686 46.753730774 -0.096523106 0.091264717 -0.991137683 -1079.712890625
-0.996710718 0.035464618 0.072869904 1793.993774414 0.041788928 0.995315492 0.087182581 46.859279633 -0.069436647 0.089940980 -0.993523598 -1081.202636719
-0.998264074 0.037147671 0.045704417 1794.079223633 0.041016821 0.995376110 0.086856194 46.966426849 -0.042266585 0.088580050 -0.995171905 -1082.698486328
-0.999103367 0.037655938 0.019349391 1794.130126953 0.039201580 0.995442510 0.086933784 47.076072693 -0.015987633 0.087614372 -0.996026158 -1084.199340820
-0.999190092 0.039729282 -0.006382146 1794.135498047 0.039028231 0.995475471 0.086633429 47.185379028 0.009795154 0.086314179 -0.996219814 -1085.698730469
-0.998655319 0.041059259 -0.031649590 1794.104370117 0.038168911 0.995470703 0.087069355 47.292201996 0.035081245 0.085744232 -0.995699346 -1087.187133789
-0.997485280 0.042293400 -0.056870915 1794.033813477 0.037159514 0.995384216 0.088483110 47.401718140 0.060350668 0.086147308 -0.994452834 -1088.684936523
-0.995685875 0.042871270 -0.082290113 1793.928955078 0.035531748 0.995427012 0.088671148 47.512718201 0.085715257 0.085364699 -0.992655933 -1090.185058594
-0.993197381 0.043730937 -0.107919261 1793.785888672 0.034265984 0.995526433 0.088051170 47.628700256 0.111287035 0.083754234 -0.990252733 -1091.703979492
-0.990043402 0.043677982 -0.133814007 1793.604370117 0.032267410 0.995747983 0.086284764 47.737121582 0.137013733 0.081107847 -0.987242997 -1093.193115234
-0.986080527 0.044408433 -0.160228103 1793.382202148 0.031353552 0.996047437 0.083105117 47.848026276 0.163285360 0.076924622 -0.983575344 -1094.685424805
-0.981400371 0.044111419 -0.186835453 1793.122558594 0.029103035 0.996180534 0.082324892 47.953987122 0.189753309 0.075356208 -0.978935659 -1096.187622070
-0.975979328 0.043218352 -0.213533446 1792.820556641 0.026162373 0.996283591 0.082065798 48.059074402 0.216286585 0.074507974 -0.973482728 -1097.676513672
-0.969592154 0.043928083 -0.240751803 1792.478027344 0.024459664 0.996227145 0.083266050 48.163436890 0.243501157 0.074845396 -0.967008471 -1099.158081055
-0.962515533 0.044719148 -0.267514884 1792.095703125 0.022384824 0.996046782 0.085963875 48.268180847 0.270301610 0.076753281 -0.959711432 -1100.629516602
-0.954629838 0.045599215 -0.294283241 1791.664306641 0.021019001 0.996059954 0.086155735 48.376556396 0.297052383 0.076061316 -0.951826930 -1102.082153320
-0.945944786 0.045779724 -0.321080267 1791.186035156 0.019797977 0.996292293 0.083724216 48.487098694 0.323722631 0.072841749 -0.943343818 -1103.533203125
-0.936506748 0.046113629 -0.347604096 1790.677368164 0.018245794 0.996380508 0.083023809 48.591667175 0.350174487 0.071410030 -0.933958471 -1104.969238281
-0.926480114 0.047075547 -0.373387843 1790.124877930 0.017099170 0.996386707 0.083193392 48.697811127 0.375955135 0.070692398 -0.923937440 -1106.388671875
-0.915515423 0.048044793 -0.399403393 1789.526489258 0.015798815 0.996370733 0.083640665 48.800113678 0.401972324 0.070264228 -0.912951887 -1107.790039062
-0.903752267 0.048747543 -0.425271034 1788.890991211 0.014293702 0.996377051 0.083835855 48.909202576 0.427817166 0.069688149 -0.901174843 -1109.189941406
-0.890853286 0.048882753 -0.451653510 1788.214477539 0.012558428 0.996463954 0.083077334 49.014080048 0.454117537 0.068337657 -0.888316989 -1110.571166992
-0.877239764 0.048923310 -0.477552980 1787.496826172 0.011032088 0.996585190 0.081830613 49.115631104 0.479925692 0.066516660 -0.874783814 -1111.918701172
-0.862518728 0.048647575 -0.503681302 1786.739501953 0.008521291 0.996623337 0.081665784 49.218101501 0.505953372 0.066146269 -0.860020757 -1113.253662109
-0.847061515 0.048820086 -0.529247940 1785.939086914 0.006857246 0.996693432 0.080964223 49.318984985 0.531450629 0.064952470 -0.844595432 -1114.586914062
-0.830826044 0.048350360 -0.554427922 1785.106201172 0.004408070 0.996759355 0.080319457 49.421211243 0.556514740 0.064287513 -0.828346729 -1115.875488281
-0.813923776 0.050363120 -0.578784585 1784.227416992 0.004573820 0.996760070 0.080301411 49.519969940 0.580953419 0.062711984 -0.811517179 -1117.128295898
-0.796322048 0.050461903 -0.602764487 1783.317138672 0.002237186 0.996753037 0.080490015 49.622760773 0.604869008 0.062747478 -0.793849051 -1118.376098633
-0.778161705 0.051163275 -0.625976682 1782.361694336 0.000920546 0.996768236 0.080325060 49.726078033 0.628063321 0.061929636 -0.775694072 -1119.591918945
-0.758958995 0.051606655 -0.649090052 1781.371337891 0.000072561 0.996860981 0.079171740 49.826396942 0.651138186 0.060041018 -0.756580353 -1120.775878906
-0.739172518 0.051636707 -0.671533704 1780.352539062 -0.001373539 0.996939003 0.078170203 49.924865723 0.673514724 0.058703650 -0.736838996 -1121.933959961
-0.718692005 0.050808806 -0.693469763 1779.307495117 -0.003042422 0.997087359 0.076207198 50.020839691 0.695321918 0.056879330 -0.716444135 -1123.052612305
-0.697533786 0.052294206 -0.714641154 1778.229858398 -0.003291446 0.997089028 0.076175116 50.112133026 0.716544330 0.055486917 -0.695331156 -1124.130126953
-0.676274359 0.053052578 -0.734736979 1777.124145508 -0.004998735 0.997049809 0.076594189 50.207073212 0.736632884 0.055471443 -0.674014032 -1125.164428711
-0.653492391 0.053131148 -0.755066097 1775.958374023 -0.006126627 0.997129500 0.075466692 50.303817749 0.756908298 0.053942923 -0.651291013 -1126.211791992
-0.630006492 0.052326318 -0.774824798 1774.761108398 -0.007531337 0.997268736 0.073472328 50.396938324 0.776553214 0.052123506 -0.627891719 -1127.222656250
-0.606475294 0.051046528 -0.793462038 1773.542846680 -0.008628245 0.997455835 0.070765160 50.485424042 0.795055509 0.049763493 -0.604491770 -1128.190185547
-0.582849503 0.050102487 -0.811033964 1772.292114258 -0.009682032 0.997598231 0.068585709 50.576435089 0.812522411 0.047827601 -0.580964684 -1129.119995117
-0.559207976 0.049955763 -0.827520847 1771.011596680 -0.010670885 0.997666419 0.067438111 50.661045074 0.828958750 0.046542302 -0.557369888 -1130.010498047
-0.535287738 0.050641704 -0.843150318 1769.705810547 -0.011819758 0.997654438 0.067425564 50.746059418 0.844587088 0.046057917 -0.533433557 -1130.871582031
-0.511266410 0.051843271 -0.857857287 1768.377319336 -0.012794972 0.997609079 0.067914516 50.827133179 0.859327018 0.045698676 -0.509380758 -1131.673828125
-0.486703277 0.051027715 -0.872075737 1767.016967773 -0.014128927 0.997702241 0.066263802 50.912960052 0.873453259 0.044572297 -0.484863907 -1132.459594727
-0.462546676 0.049802870 -0.885195017 1765.639892578 -0.015938139 0.997792602 0.064466104 50.994400024 0.886451662 0.043926936 -0.460731894 -1133.201049805
-0.438668638 0.050447527 -0.897231817 1764.241821289 -0.015564855 0.997846782 0.063714534 51.073936462 0.898514092 0.041914858 -0.436938822 -1133.901367188
-0.415366977 0.050718911 -0.908238888 1762.788208008 -0.016226659 0.997872412 0.063145310 51.153194427 0.909509122 0.040966161 -0.413660228 -1134.584350586
-0.391962379 0.050560966 -0.918590844 1761.326293945 -0.015879035 0.997968018 0.061705623 51.235252380 0.919844210 0.038772620 -0.390363067 -1135.235107422
-0.369010895 0.050541978 -0.928049803 1759.837036133 -0.014976861 0.998067260 0.060310248 51.306427002 0.929304421 0.036154408 -0.367540687 -1135.853393555
-0.346350998 0.049498774 -0.936798155 1758.330810547 -0.016432161 0.998133659 0.058814883 51.389225006 0.937961042 0.035764217 -0.344891220 -1136.430053711
-0.323693484 0.051227104 -0.944774210 1756.824096680 -0.017269570 0.998047054 0.060032461 51.468914032 0.946004391 0.035747960 -0.322176725 -1136.966796875
-0.301430106 0.051179942 -0.952113688 1755.275756836 -0.020025989 0.997998297 0.059986461 51.543178558 0.953277946 0.037148744 -0.299801856 -1137.475463867
-0.279354274 0.049560603 -0.958908200 1753.715942383 -0.019933974 0.998152435 0.057396192 51.619865417 0.959981143 0.035148725 -0.277850181 -1137.953002930
-0.258818269 0.049169004 -0.964673758 1752.154907227 -0.021038972 0.998179674 0.056521464 51.693843842 0.965696871 0.034924529 -0.257312626 -1138.387573242
-0.239003479 0.049156457 -0.969773650 1750.557128906 -0.020915793 0.998225451 0.055753395 51.771980286 0.970793426 0.033608846 -0.237551212 -1138.799926758
-0.220249340 0.049793836 -0.974171877 1748.929687500 -0.020103972 0.998252332 0.055569977 51.842807770 0.975236356 0.031823967 -0.218863383 -1139.185058594
-0.203403264 0.050131999 -0.977810740 1747.295166016 -0.019089235 0.998295546 0.055153154 51.917716980 0.978908896 0.029883992 -0.202099547 -1139.531860352
-0.187718853 0.048598748 -0.981019795 1745.663940430 -0.018091878 0.998434603 0.052923363 51.994712830 0.982056081 0.027683197 -0.186545774 -1139.848144531
-0.172752291 0.047446188 -0.983821869 1744.026611328 -0.016800027 0.998551905 0.051106531 52.061454773 0.984822035 0.025357006 -0.171705037 -1140.142822266
-0.158641115 0.046023954 -0.986263156 1742.382934570 -0.016678957 0.998645484 0.049284607 52.126831055 0.987195432 0.024268404 -0.157658622 -1140.424804688
-0.145519078 0.046096005 -0.988280952 1740.726318359 -0.015292317 0.998689890 0.048833210 52.195747375 0.989237189 0.022219272 -0.144623548 -1140.669799805
-0.133511886 0.045644425 -0.989995539 1739.044189453 -0.015123995 0.998728573 0.048086707 52.261405945 0.990931749 0.021392833 -0.132651806 -1140.900146484
-0.122343905 0.045673989 -0.991436243 1737.374511719 -0.014801720 0.998745441 0.047837265 52.323051453 0.992377341 0.020527562 -0.121514365 -1141.100463867
-0.111263290 0.044960298 -0.992773414 1735.692382812 -0.015931806 0.998766959 0.047017265 52.383960724 0.993663251 0.021047967 -0.110409826 -1141.291259766
-0.101078078 0.045039948 -0.993858457 1734.014648438 -0.016526403 0.998760879 0.046942890 52.443580627 0.994741201 0.021169804 -0.100208476 -1141.468994141
-0.092828035 0.046187814 -0.994610310 1732.279541016 -0.016760113 0.998709500 0.047942411 52.514602661 0.995541096 0.021120185 -0.091934130 -1141.641235352
-0.086818591 0.047406327 -0.995095551 1730.545898438 -0.015538421 0.998681128 0.048932824 52.581245422 0.996102929 0.019710490 -0.085967474 -1141.798583984
-0.080929555 0.046869662 -0.995617151 1728.819946289 -0.014345452 0.998735666 0.048182540 52.652992249 0.996616602 0.018181974 -0.080154866 -1141.948120117
-0.075281635 0.047379207 -0.996036053 1727.091918945 -0.014415265 0.998714507 0.048596129 52.716850281 0.997058094 0.018016521 -0.074501887 -1142.088134766
-0.069435418 0.047698997 -0.996445417 1725.368652344 -0.014865926 0.998695850 0.048842635 52.781307220 0.997475684 0.018204495 -0.068635777 -1142.218994141
-0.064628720 0.047514684 -0.996777475 1723.636840820 -0.015495818 0.998697519 0.048610914 52.847282410 0.997789085 0.018587546 -0.063808270 -1142.329711914
-0.060487069 0.048268426 -0.997001231 1721.908081055 -0.016534667 0.998644590 0.049351130 52.902824402 0.998031974 0.019470187 -0.059606981 -1142.442382812
-0.056891419 0.048678432 -0.997192919 1720.190551758 -0.016858872 0.998621345 0.049709991 52.964580536 0.998237967 0.019639619 -0.055992328 -1142.544189453
-0.054066829 0.048599936 -0.997353911 1718.461791992 -0.017041335 0.998624504 0.049585667 53.029830933 0.998391867 0.019677181 -0.053164251 -1142.639648438
-0.051558871 0.047835469 -0.997523665 1716.748779297 -0.016770067 0.998669863 0.048757225 53.088901520 0.998529136 0.019242402 -0.050688088 -1142.725097656
-0.049581394 0.047525499 -0.997638643 1715.013061523 -0.017002525 0.998682261 0.048420221 53.149349213 0.998625338 0.019363115 -0.048707996 -1142.813354492
-0.047760550 0.047249384 -0.997740626 1713.297851562 -0.016226690 0.998712063 0.048072133 53.206623077 0.998727024 0.018485980 -0.046932336 -1142.881469727
-0.046230737 0.047210768 -0.997814476 1711.548828125 -0.016264752 0.998714566 0.048006933 53.269699097 0.998798311 0.018448599 -0.045403447 -1142.966552734
-0.044927642 0.046645377 -0.997900665 1709.818237305 -0.016704556 0.998734593 0.047436431 53.324436188 0.998850584 0.018800693 -0.044091597 -1143.046020508
-0.043282289 0.046955522 -0.997958958 1708.092773438 -0.016949110 0.998716772 0.047726277 53.386886597 0.998919129 0.018980218 -0.042430885 -1143.135742188
-0.042236295 0.048259109 -0.997941434 1706.360107422 -0.016400069 0.998664677 0.048988190 53.440296173 0.998973012 0.018435387 -0.041388437 -1143.209350586
-0.040968195 0.048974726 -0.997959435 1704.624755859 -0.017012237 0.998619020 0.049705479 53.504447937 0.999015629 0.019013865 -0.040078450 -1143.290161133
-0.039735727 0.049716961 -0.997972608 1702.895629883 -0.017292587 0.998577535 0.050435636 53.563594818 0.999060571 0.019261623 -0.038819470 -1143.358520508
-0.038344469 0.049851477 -0.998020291 1701.165161133 -0.017840568 0.998561561 0.050563954 53.628711700 0.999105334 0.019744102 -0.037399936 -1143.429321289
-0.037067309 0.048907809 -0.998115242 1699.440063477 -0.018003512 0.998606861 0.049600501 53.696166992 0.999150574 0.019808132 -0.036135156 -1143.495361328
-0.035807088 0.048380841 -0.998186946 1697.705322266 -0.018045280 0.998633444 0.049049798 53.756221771 0.999195755 0.019768896 -0.034885112 -1143.561889648
-0.034341205 0.049606957 -0.998178244 1695.986206055 -0.018467097 0.998565316 0.050261531 53.815395355 0.999239564 0.020159496 -0.033375848 -1143.629272461
-0.032969475 0.050407749 -0.998184383 1694.259155273 -0.018880313 0.998517632 0.051048197 53.874500275 0.999278009 0.020529067 -0.031968888 -1143.687133789
-0.031304851 0.050342675 -0.998241246 1692.558837891 -0.019472996 0.998510420 0.050966922 53.931133270 0.999320090 0.021034257 -0.030277899 -1143.747070312
-0.030036693 0.048066467 -0.998392403 1690.866333008 -0.020566303 0.998601854 0.048695296 53.989227295 0.999337196 0.021995885 -0.029006150 -1143.802734375
-0.028559811 0.046172388 -0.998525143 1689.198608398 -0.020784568 0.998689353 0.046774458 54.045051575 0.999375999 0.022089785 -0.027562698 -1143.850708008
-0.027079886 0.044151742 -0.998657763 1687.522338867 -0.021232173 0.998773336 0.044732589 54.098339081 0.999407709 0.022415027 -0.026109228 -1143.899536133
-0.025175724 0.043485142 -0.998736799 1685.838867188 -0.020514326 0.998820603 0.044005908 54.150016785 0.999472499 0.021596292 -0.024253961 -1143.947265625
-0.022677150 0.043071531 -0.998814583 1684.174072266 -0.020073624 0.998850465 0.043528832 54.196144104 0.999541223 0.021036936 -0.021786477 -1143.983764648
-0.018836124 0.044157270 -0.998846948 1682.514038086 -0.020005580 0.998807609 0.044532795 54.242115021 0.999622345 0.020821340 -0.017930273 -1144.023315430
-0.013891032 0.044338975 -0.998919964 1680.853637695 -0.021156661 0.998779774 0.044626959 54.289306641 0.999679685 0.021753730 -0.012936017 -1144.059326172
-0.007206056 0.044196025 -0.998996913 1679.231201172 -0.022566026 0.998761356 0.044348367 54.333717346 0.999719381 0.022862965 -0.006199801 -1144.076049805
0.000947888 0.044021767 -0.999030113 1677.592529297 -0.023769032 0.998749316 0.043986835 54.377605438 0.999717057 0.023704285 0.001993058 -1144.085815430
0.010417469 0.043280449 -0.999008656 1675.978027344 -0.024884824 0.998764575 0.043010388 54.424160004 0.999635994 0.024412096 0.011481628 -1144.084838867
0.020970348 0.042982612 -0.998855710 1674.366699219 -0.024809660 0.998790145 0.042458925 54.463916779 0.999472141 0.023890890 0.022011358 -1144.065795898
0.032732081 0.043874092 -0.998500705 1672.762329102 -0.025960289 0.998736322 0.043033432 54.503818512 0.999126971 0.024512792 0.033829704 -1144.028076172
0.046482135 0.044215363 -0.997940004 1671.188232422 -0.027590996 0.998695552 0.042963695 54.542476654 0.998538017 0.025537120 0.047641445 -1143.974121094
0.061871480 0.043813180 -0.997122169 1669.624267578 -0.028873835 0.998696506 0.042090748 54.579231262 0.997666359 0.026186520 0.063055895 -1143.890014648
0.078443892 0.042959016 -0.995992482 1668.074584961 -0.029712891 0.998727977 0.040736828 54.614173889 0.996475637 0.026398268 0.079620555 -1143.782592773
0.096487112 0.040639311 -0.994504213 1666.512084961 -0.030500129 0.998817563 0.037856445 54.649211884 0.994866788 0.026679847 0.097612530 -1143.654174805
0.116246231 0.039188582 -0.992447019 1664.983398438 -0.030205056 0.998898625 0.035905391 54.675411224 0.992761016 0.025803048 0.117301896 -1143.498657227
0.136850804 0.037298307 -0.989889205 1663.464721680 -0.030196505 0.998983502 0.033466350 54.704761505 0.990131259 0.025311297 0.137837991 -1143.306884766
0.158132941 0.036185361 -0.986754537 1661.959350586 -0.029948974 0.999044180 0.031836547 54.727233887 0.986963451 0.024517877 0.159065545 -1143.080688477
0.181266844 0.036772925 -0.982746184 1660.475341797 -0.029559856 0.999052882 0.031930804 54.746486664 0.982989609 0.023261840 0.182182163 -1142.832153320
0.205730379 0.036018144 -0.977945626 1659.009033203 -0.029601080 0.999094188 0.030569879 54.764564514 0.978160918 0.022659093 0.206610218 -1142.541015625
0.231545240 0.034224916 -0.972221851 1657.569702148 -0.029855883 0.999160349 0.028062716 54.778785706 0.972365916 0.022528758 0.232372582 -1142.209594727
0.258853018 0.032782864 -0.965360224 1656.131958008 -0.029578744 0.999224186 0.026001573 54.793861389 0.965463758 0.021823553 0.259621888 -1141.846557617
0.286387295 0.030006461 -0.957643867 1654.704711914 -0.027924541 0.999346197 0.022962201 54.807250977 0.957706869 0.020165684 0.287037969 -1141.440063477
0.314034820 0.026678478 -0.949036539 1653.294799805 -0.024210380 0.999505103 0.020086022 54.817302704 0.949102700 0.016668824 0.314525306 -1140.988281250
0.341932803 0.024790095 -0.939397335 1651.920776367 -0.022913324 0.999574721 0.018037878 54.816852570 0.939445019 0.015356974 0.342355371 -1140.507690430
0.370510846 0.022526564 -0.928554952 1650.548828125 -0.019768616 0.999670684 0.016363764 54.818489075 0.928617656 0.012293295 0.370834172 -1139.976440430
0.399708569 0.022045616 -0.916377127 1649.196777344 -0.018598437 0.999699950 0.015937814 54.819240570 0.916453600 0.010672700 0.399998695 -1139.412109375
0.429429561 0.022299042 -0.902824998 1647.862670898 -0.017715657 0.999710739 0.016265571 54.817409515 0.902926505 0.009009220 0.429700434 -1138.796508789
0.460368842 0.021336351 -0.887471199 1646.562011719 -0.016971918 0.999739945 0.015231437 54.815273285 0.887565494 0.008050009 0.460611254 -1138.150756836
0.491309494 0.020648560 -0.870740294 1645.274291992 -0.017846657 0.999747694 0.013637958 54.810832977 0.870802224 0.008839345 0.491554052 -1137.458496094
0.522181094 0.017267549 -0.852659702 1644.022460938 -0.017212991 0.999804735 0.009705956 54.802894592 0.852660835 0.009608558 0.522376359 -1136.719848633
0.552075088 0.014858346 -0.833661973 1642.770996094 -0.016893767 0.999835253 0.006632511 54.792896271 0.833623230 0.010422043 0.552235246 -1135.935058594
0.580794811 0.013288629 -0.813941538 1641.596191406 -0.015054840 0.999871016 0.005581658 54.776283264 0.813910782 0.009011962 0.580919981 -1135.117919922
0.609238625 0.011755936 -0.792899728 1640.434326172 -0.013326982 0.999900699 0.004585012 54.759418488 0.792874873 0.007773594 0.609334826 -1134.255249023
0.637454808 0.009848041 -0.770424843 1639.294311523 -0.012693924 0.999916792 0.002278509 54.741497040 0.770383179 0.008327267 0.637526751 -1133.350952148
0.664600432 0.009946682 -0.747132659 1638.204467773 -0.011993499 0.999924600 0.002643502 54.721305847 0.747102559 0.007203861 0.664669693 -1132.413818359
0.691283941 0.010144498 -0.722511947 1637.135009766 -0.012754800 0.999916971 0.001835909 54.700538635 0.722470522 0.007946361 0.691356003 -1131.431762695
0.717120409 0.008300378 -0.696899951 1636.098388672 -0.012076654 0.999926925 -0.000517495 54.677040100 0.696844757 0.008787324 0.717168212 -1130.411010742
0.741762817 0.005862999 -0.670636773 1635.108398438 -0.012175098 0.999914706 -0.004724671 54.653396606 0.670551777 0.011669653 0.741770983 -1129.353881836
0.765182018 0.002436636 -0.643809557 1634.140380859 -0.009358573 0.999929309 -0.007338424 54.618179321 0.643746197 0.011640369 0.765150607 -1128.248413086
0.787562430 -0.000251606 -0.616234779 1633.233154297 -0.007361442 0.999924719 -0.009816358 54.588283539 0.616190910 0.012267374 0.787501216 -1127.126464844
0.809004307 -0.004147584 -0.587787986 1632.357666016 -0.003977563 0.999913573 -0.012530185 54.550144196 0.587789059 0.012474939 0.808917999 -1125.962158203
0.829473317 -0.005728466 -0.558516979 1631.522949219 -0.002595748 0.999897063 -0.014110548 54.505435944 0.558540285 0.013154090 0.829373062 -1124.773315430
0.848658800 -0.009059247 -0.528863072 1630.725341797 0.000247414 0.999859929 -0.016730240 54.463928223 0.528940618 0.014067418 0.848542213 -1123.544067383
0.866355538 -0.012129225 -0.499280423 1629.974609375 0.002159751 0.999786675 -0.020540608 54.418193817 0.499423116 0.016717153 0.866196930 -1122.293457031
0.882653713 -0.016315950 -0.469740421 1629.263793945 0.005062615 0.999669373 -0.025209708 54.368305206 0.469996452 0.019873329 0.882444561 -1121.006958008
0.897291541 -0.018243594 -0.441061199 1628.600463867 0.007287432 0.999621689 -0.026521809 54.314331055 0.441378146 0.020583590 0.897085071 -1119.705810547
0.910374165 -0.019726720 -0.413315445 1627.973632812 0.010166811 0.999627769 -0.025316682 54.257083893 0.413661003 0.018845553 0.910235882 -1118.379760742
0.922428250 -0.021953244 -0.385543942 1627.397583008 0.013068011 0.999585450 -0.025651654 54.202758789 0.385947347 0.018623516 0.922332823 -1117.040039062
0.933413148 -0.024407720 -0.357972234 1626.862548828 0.015762178 0.999509752 -0.027049959 54.146808624 0.358456969 0.019606361 0.933340251 -1115.684936523
0.943601310 -0.028695043 -0.329837859 1626.371582031 0.019775938 0.999343216 -0.030365193 54.091392517 0.330492526 0.022129782 0.943549097 -1114.302368164
0.952897787 -0.032132745 -0.301584691 1625.931518555 0.022851402 0.999151886 -0.034253869 54.024562836 0.302429527 0.025748804 0.952823818 -1112.912109375
0.961702108 -0.030728854 -0.272368819 1625.518188477 0.022361871 0.999179423 -0.033771023 53.958347321 0.273183018 0.026386993 0.961600065 -1111.503540039
0.970123649 -0.029981211 -0.240751386 1625.140502930 0.023369186 0.999268591 -0.030273046 53.902023315 0.241482884 0.023742439 0.970114589 -1110.067626953
0.977818072 -0.025989499 -0.207837388 1624.805541992 0.020740088 0.999409437 -0.027396966 53.835838318 0.208426684 0.022478679 0.977779627 -1108.607910156
0.984558344 -0.025841475 -0.173138544 1624.509765625 0.020062136 0.999184251 -0.035047375 53.765804291 0.173902988 0.031032657 0.984273732 -1107.197021484
0.990040958 -0.024902103 -0.138559580 1624.267578125 0.018596094 0.998739541 -0.046621267 53.692932129 0.139545858 0.043580294 0.989256203 -1105.750366211
0.993944883 -0.025024550 -0.106992334 1624.113769531 0.019730246 0.998541296 -0.050258487 53.603874207 0.108093970 0.047843177 0.992988765 -1104.234863281
0.996911228 -0.026132999 -0.074060723 1623.968627930 0.022797817 0.998702943 -0.045526162 53.518890381 0.075154401 0.043697122 0.996213973 -1102.737304688
0.998715997 -0.029256362 -0.041357484 1623.891479492 0.027656013 0.998866081 -0.038752023 53.436183929 0.042444337 0.037558481 0.998392642 -1101.239868164
0.999506176 -0.030666655 -0.006841359 1623.856201172 0.030396562 0.998867691 -0.036597118 53.365219116 0.007955923 0.036371101 0.999306679 -1099.737915039
0.999125957 -0.031743959 0.027196992 1623.876953125 0.032799833 0.998688996 -0.039299000 53.290714264 -0.025913835 0.040156707 0.998857319 -1098.251220703
0.997642636 -0.031431582 0.061001945 1623.946777344 0.034153223 0.998443246 -0.044097945 53.214839935 -0.059520919 0.046077400 0.997163057 -1096.749145508
0.995118618 -0.029719109 0.094104871 1624.070434570 0.034331180 0.998267829 -0.047776110 53.127891541 -0.092522025 0.050773624 0.994415283 -1095.247558594
0.991435647 -0.029128276 0.127307370 1624.241821289 0.035809979 0.998081088 -0.050514746 53.039764404 -0.125591710 0.054640982 0.990576088 -1093.748901367
0.986682653 -0.026606455 0.160466477 1624.456665039 0.035187602 0.998085022 -0.050873492 52.941707611 -0.158805624 0.055842422 0.985729396 -1092.257812500
0.980839252 -0.024429217 0.193280667 1624.724853516 0.034633659 0.998168707 -0.049594056 52.845966339 -0.191715211 0.055337813 0.979889274 -1090.761108398
0.973810256 -0.021660095 0.226328194 1625.043579102 0.033609126 0.998229563 -0.049075492 52.759387970 -0.224864483 0.055396918 0.972814023 -1089.252563477
0.966003120 -0.019443765 0.257797927 1625.406127930 0.033491027 0.998176932 -0.050210338 52.663448334 -0.256351650 0.057137270 0.964893341 -1087.783813477
0.957487047 -0.017564790 0.287941039 1625.816284180 0.033473089 0.998167038 -0.050418157 52.565582275 -0.286527753 0.057913013 0.956319988 -1086.315063477
0.948438942 -0.016121348 0.316549420 1626.274536133 0.033521887 0.998206437 -0.049600583 52.466670990 -0.315182030 0.057654455 0.947278261 -1084.876586914
0.939069331 -0.016714064 0.343321145 1626.785766602 0.035525303 0.998187542 -0.048575357 52.373603821 -0.341886997 0.057812214 0.937961102 -1083.416015625
0.929606020 -0.017429024 0.368142545 1627.345458984 0.036951195 0.998255670 -0.046045829 52.284961700 -0.366697788 0.056407783 0.928628504 -1081.962402344
0.920106351 -0.017899195 0.391259372 1627.960449219 0.038413659 0.998263121 -0.044667415 52.204273224 -0.389780253 0.056128476 0.919195712 -1080.493286133
0.910624802 -0.017915469 0.412845492 1628.602905273 0.040030755 0.998185515 -0.044980578 52.116134644 -0.411290526 0.057486963 0.909689605 -1079.040527344
0.901535928 -0.016805528 0.432377785 1629.267578125 0.040635116 0.998117745 -0.045932338 52.024997711 -0.430791944 0.058979373 0.900521934 -1077.618530273
0.893110514 -0.018869124 0.449441403 1629.975097656 0.044841509 0.997877836 -0.047212705 51.938587189 -0.447596699 0.062319793 0.892061353 -1076.222290039
0.885211468 -0.020446246 0.464739233 1630.705322266 0.047933348 0.997724950 -0.047405992 51.855762482 -0.462712675 0.064240828 0.884177566 -1074.820678711
0.877701759 -0.022682790 0.478670031 1631.478027344 0.050011545 0.997760236 -0.044421490 51.770072937 -0.476590306 0.062927850 0.876870394 -1073.410888672
0.870230854 -0.022953600 0.492109120 1632.258422852 0.049638718 0.997915745 -0.041233495 51.683750153 -0.490137011 0.060310334 0.869556367 -1072.013061523
0.862327158 -0.023194388 0.505820036 1633.062988281 0.050940368 0.997856200 -0.041086964 51.610996246 -0.503782570 0.061197072 0.861660004 -1070.621704102
0.854963362 -0.021928629 0.518224657 1633.901000977 0.051286485 0.997783899 -0.042390946 51.527427673 -0.516146660 0.062820628 0.854193330 -1069.218872070
0.849062502 -0.023598323 0.527765095 1634.748413086 0.054545499 0.997578561 -0.043146759 51.444576263 -0.525469005 0.065421514 0.848293781 -1067.855590820
0.844614744 -0.025383389 0.534772515 1635.634521484 0.056238092 0.997555673 -0.041472152 51.366081238 -0.532412648 0.065102577 0.843977749 -1066.448974609
0.841504455 -0.025266886 0.539659023 1636.517578125 0.055602334 0.997651756 -0.039992027 51.281066895 -0.537381291 0.063659765 0.840933204 -1065.074707031
0.839284182 -0.024381664 0.543145955 1637.422607422 0.054670922 0.997715235 -0.039691873 51.205959320 -0.540937364 0.063007034 0.838699579 -1063.678833008
0.837486446 -0.023209479 0.545964897 1638.336425781 0.053402647 0.997791648 -0.039500300 51.122447968 -0.543842256 0.062236946 0.836876392 -1062.282470703
0.836414039 -0.023662977 0.547587097 1639.271240234 0.052908462 0.997887731 -0.037693329 51.045692444 -0.545538485 0.060499214 0.835899293 -1060.879394531
0.835334837 -0.025609357 0.549144566 1640.197998047 0.053307153 0.997980297 -0.034547701 50.968841553 -0.547150910 0.058132239 0.835012972 -1059.488403320
0.834359646 -0.025613962 0.550625026 1641.138427734 0.052978776 0.998021662 -0.033852544 50.905559540 -0.548668623 0.057416644 0.834065974 -1058.068237305
0.833454072 -0.025843944 0.551983953 1642.086059570 0.053520530 0.997984827 -0.034086216 50.836856842 -0.549990594 0.057951778 0.833157778 -1056.656860352
0.832319915 -0.025967961 0.553686738 1643.028930664 0.054026656 0.997946322 -0.034410868 50.767696381 -0.551656008 0.058554698 0.832013786 -1055.232177734
0.831229270 -0.025305243 0.555353403 1643.983154297 0.054255545 0.997887373 -0.035737649 50.695404053 -0.553275704 0.059837189 0.830846190 -1053.808959961
0.830451429 -0.022224892 0.556647539 1644.948486328 0.051812191 0.997954309 -0.037452921 50.617855072 -0.554676414 0.059943970 0.829904079 -1052.370971680
0.829176724 -0.022375237 0.558538437 1645.905761719 0.051842935 0.997970164 -0.036984257 50.537834167 -0.556577265 0.059622768 0.828653574 -1050.938964844
0.827915847 -0.025413202 0.560276151 1646.879760742 0.053607296 0.997984886 -0.033948150 50.462940216 -0.558284342 0.058141105 0.827609897 -1049.504272461
