1548340549.995450 0.000000000 0.000000000 0.000000000 0.000000000 0.000000000 0.000000000 1.000000000
1548340550.028930 0.000459643 0.001684373 0.000447325 0.000329683 -0.001018316 0.001150448 0.999998748
1548340550.062340 0.001878060 0.001108068 0.002974669 0.000019605 -0.002903790 0.001899748 0.999993980
1548340550.095960 0.003247497 -0.000738113 0.005651682 -0.000714560 -0.004226307 0.002354435 0.999988019
1548340550.129370 0.001154618 0.000985655 0.009051017 -0.000931508 -0.005147414 0.003076065 0.999981582
1548340550.161530 0.003023554 -0.000001952 0.011186589 -0.001622798 -0.007615773 0.003694849 0.999962866
1548340550.195000 0.002631289 -0.002724675 0.015167405 -0.002557027 -0.009080901 0.003785155 0.999948323
1548340550.228510 0.007790863 -0.003193532 0.017655184 -0.003102383 -0.011553088 0.003960792 0.999920607
1548340550.262030 0.009368536 -0.005752831 0.021312218 -0.004048702 -0.012915749 0.004329972 0.999899030
1548340550.295540 0.011675859 -0.007149973 0.026233448 -0.004475679 -0.014932740 0.004852151 0.999866724
1548340550.329060 0.013411892 -0.008029467 0.029707268 -0.004500051 -0.016748348 0.006299074 0.999829769
1548340550.362580 0.018681519 -0.011126860 0.033347629 -0.004760272 -0.019008094 0.007162542 0.999782324
1548340550.396090 0.022614600 -0.011502239 0.038235415 -0.004602765 -0.020504367 0.008687141 0.999741435
1548340550.429590 0.026606470 -0.013183973 0.042548608 -0.004545689 -0.021773098 0.009935357 0.999703228
1548340550.463100 0.026402133 -0.012863825 0.048515961 -0.004309112 -0.023091691 0.011762663 0.999654889
1548340550.496610 0.034607772 -0.014268960 0.053769439 -0.004417325 -0.026229683 0.012952689 0.999562263
1548340550.530080 0.036768276 -0.013462053 0.060467076 -0.004534675 -0.027044700 0.014142738 0.999523878
1548340550.562970 0.041151013 -0.017494466 0.064547792 -0.005718222 -0.029421879 0.015123716 0.999436319
1548340550.596470 0.045277849 -0.016745893 0.070880204 -0.005770640 -0.032910299 0.014587421 0.999335229
1548340550.629970 0.048258614 -0.018625606 0.078256853 -0.006721390 -0.035896692 0.012509161 0.999254584
1548340550.663480 0.051933203 -0.018141139 0.085486919 -0.007719185 -0.037391037 0.011483910 0.999204934
1548340550.696940 0.051195342 -0.017090812 0.092317335 -0.008695601 -0.038907804 0.010941328 0.999145031
1548340550.730460 0.058515634 -0.016612383 0.098287903 -0.010075285 -0.042158086 0.008632899 0.999022841
1548340550.763950 0.061320577 -0.018532995 0.109342925 -0.012286495 -0.042891473 0.007175905 0.998978376
1548340550.797470 0.059308577 -0.021805178 0.118131101 -0.013999174 -0.043549147 0.006453512 0.998932362
1548340550.830960 0.064339541 -0.024288585 0.124960080 -0.014932072 -0.045786485 0.005185375 0.998826146
1548340550.864480 0.066588461 -0.027648592 0.133014202 -0.016334454 -0.046228994 0.004606646 0.998786688
1548340550.898040 0.064293712 -0.027063027 0.141619548 -0.016932864 -0.045954540 0.005053574 0.998787224
1548340550.931550 0.064130448 -0.027172623 0.149776474 -0.017522028 -0.047662526 0.005348010 0.998695493
1548340550.965070 0.067447342 -0.031070078 0.157966301 -0.019001039 -0.049765151 0.005403571 0.998565555
1548340550.998640 0.067028031 -0.030892454 0.167239636 -0.020052688 -0.050051566 0.005935851 0.998527646
1548340551.032190 0.063908562 -0.031848829 0.177440584 -0.021279100 -0.051234405 0.007390443 0.998432577
1548340551.065810 0.064260431 -0.036057245 0.185778663 -0.022649299 -0.052671790 0.007714478 0.998325169
1548340551.099540 0.067052990 -0.038075939 0.195162281 -0.023607748 -0.054011218 0.008060858 0.998228669
1548340551.133080 0.062334485 -0.042165056 0.204095170 -0.024714373 -0.053732384 0.008733956 0.998211265
1548340551.166600 0.057446875 -0.043343108 0.215965256 -0.024539398 -0.055017240 0.008037783 0.998151481
1548340551.200130 0.057256497 -0.046102863 0.226702616 -0.024711749 -0.056457061 0.006502654 0.998077989
1548340551.233640 0.054268178 -0.048245374 0.238134861 -0.024843389 -0.057481118 0.004913239 0.998025358
1548340551.267160 0.048772220 -0.046730325 0.249456674 -0.024577878 -0.059145428 0.003141530 0.997941792
1548340551.300700 0.048043128 -0.050204225 0.260965854 -0.025577117 -0.061938137 -0.000023039 0.997752190
1548340551.334240 0.043457728 -0.051246539 0.274093479 -0.026347995 -0.063165173 -0.002783004 0.997651339
1548340551.367770 0.036773875 -0.055171467 0.288242668 -0.027342711 -0.064912796 -0.006108177 0.997497559
1548340551.401320 0.035742417 -0.058129214 0.298491776 -0.027781354 -0.065674409 -0.009573606 0.997408330
1548340551.434890 0.030718183 -0.061799925 0.312801272 -0.028690929 -0.065868266 -0.010977700 0.997355342
1548340551.468510 0.024067391 -0.064020269 0.329371572 -0.028329784 -0.068283483 -0.013150355 0.997176945
1548340551.502030 0.025617940 -0.067648254 0.343279451 -0.028116792 -0.068439439 -0.015456148 0.997139156
1548340551.535550 0.018999133 -0.069067210 0.356931567 -0.027379632 -0.066942252 -0.016014123 0.997252524
1548340551.569070 0.016696267 -0.075250499 0.366956532 -0.027178919 -0.067242324 -0.017981730 0.997204304
1548340551.602600 0.015809502 -0.075159028 0.380465686 -0.026059477 -0.065675013 -0.019543374 0.997309208
1548340551.636110 0.011599234 -0.077624671 0.393521965 -0.026109753 -0.063076891 -0.020254686 0.997461438
1548340551.669630 0.009912755 -0.081562385 0.407282501 -0.026871329 -0.060684778 -0.021864755 0.997555614
1548340551.703130 0.007075282 -0.086082369 0.423150212 -0.027451383 -0.057015922 -0.021934681 0.997754693
1548340551.736650 0.004174010 -0.087173931 0.435589194 -0.026744032 -0.054302849 -0.020505056 0.997955620
1548340551.770160 0.003091266 -0.091912687 0.450364262 -0.026544329 -0.053278919 -0.019784620 0.998030722
1548340551.803680 0.002526651 -0.094742514 0.462538630 -0.025741460 -0.052664168 -0.017821690 0.998121321
1548340551.837190 -0.000496420 -0.096377112 0.477273852 -0.025073806 -0.052252967 -0.016716151 0.998179078
1548340551.870710 0.001344020 -0.100554362 0.489937991 -0.025267944 -0.052409321 -0.016637156 0.998167276
1548340551.904030 -0.000890625 -0.107463859 0.505347192 -0.026635231 -0.051683050 -0.015950825 0.998180866
1548340551.937540 -0.001559006 -0.106837928 0.519596934 -0.026613064 -0.051344719 -0.014853106 0.998215854
1548340551.971060 -0.001528997 -0.108446278 0.537779391 -0.028026024 -0.051169317 -0.014111751 0.998196959
1548340552.004580 -0.005028155 -0.110639840 0.553312361 -0.029508108 -0.051796898 -0.013288408 0.998133123
1548340552.038060 -0.006616287 -0.114454284 0.568148553 -0.031511765 -0.054323953 -0.013553454 0.997933984
1548340552.071270 -0.005667066 -0.114637785 0.584866107 -0.033010401 -0.057491217 -0.013587498 0.997707605
1548340552.104420 -0.006407091 -0.116139464 0.601791263 -0.035050713 -0.060414948 -0.013822712 0.997461975
1548340552.138300 -0.006982974 -0.122685418 0.617478073 -0.038333092 -0.064105064 -0.014617717 0.997099519
1548340552.171930 -0.007731533 -0.122975014 0.636312425 -0.039490353 -0.067463122 -0.015516533 0.996819198
1548340552.205640 -0.006542831 -0.127241492 0.654408574 -0.041739419 -0.071066827 -0.015546241 0.996476591
1548340552.238960 -0.007524340 -0.129309297 0.673835695 -0.042996947 -0.073802091 -0.015636886 0.996222854
1548340552.272410 -0.005177645 -0.132652938 0.690061748 -0.044641070 -0.076607630 -0.016374733 0.995926857
1548340552.305870 -0.004646759 -0.135507464 0.706826508 -0.046174631 -0.077867001 -0.016848436 0.995751381
1548340552.339440 -0.004990613 -0.139662743 0.722396255 -0.047985446 -0.079528637 -0.017328152 0.995526195
1548340552.372980 -0.003954230 -0.143390566 0.738477945 -0.049430721 -0.082013376 -0.020019339 0.995203316
1548340552.406500 -0.005134164 -0.144923389 0.754047811 -0.050797671 -0.083234631 -0.022655837 0.994976580
1548340552.439990 -0.005511757 -0.150374249 0.768548608 -0.053452380 -0.084511176 -0.025691122 0.994656086
1548340552.473500 -0.005764342 -0.153377235 0.784282148 -0.055372547 -0.085100606 -0.028042303 0.994437218
1548340552.507010 -0.008209938 -0.156650811 0.799647570 -0.057446338 -0.084687240 -0.029684409 0.994307220
1548340552.540530 -0.007586048 -0.160416320 0.812577069 -0.059471294 -0.085490823 -0.030636234 0.994090497
1548340552.574040 -0.008864934 -0.163909927 0.827194095 -0.060940925 -0.085547246 -0.031092150 0.993982494
1548340552.607570 -0.010877362 -0.166265368 0.842741370 -0.061813805 -0.085778207 -0.030515319 0.993926525
1548340552.641080 -0.012085181 -0.170081794 0.857334614 -0.062739640 -0.086030059 -0.031005921 0.993831575
1548340552.674600 -0.013524221 -0.172432885 0.872681797 -0.062657185 -0.085893854 -0.030090526 0.993876696
1548340552.708110 -0.015477358 -0.176554561 0.886334836 -0.062701836 -0.085644826 -0.030114274 0.993894637
1548340552.741620 -0.018683190 -0.179772794 0.898868501 -0.062824458 -0.084432900 -0.030085819 0.993991494
1548340552.775100 -0.020952240 -0.181041881 0.912950039 -0.062835090 -0.084199168 -0.029709833 0.994021893
1548340552.808650 -0.031311478 -0.177993432 0.927030802 -0.062175188 -0.082867242 -0.030960502 0.994137168
1548340552.842170 -0.034248695 -0.179366931 0.939477623 -0.062639311 -0.083623573 -0.031878296 0.994015694
1548340552.875650 -0.037756216 -0.180902004 0.952359915 -0.063588262 -0.084448874 -0.033229154 0.993841410
1548340552.909140 -0.042217772 -0.179278821 0.965983331 -0.064406529 -0.084707677 -0.034684677 0.993716955
1548340552.942660 -0.045011751 -0.180135086 0.979861438 -0.066205300 -0.085166216 -0.037109561 0.993471920
1548340552.976070 -0.050644778 -0.182805762 0.994021118 -0.067953870 -0.083933853 -0.039414309 0.993369937
1548340553.009690 -0.055090576 -0.182204738 1.007638812 -0.068249822 -0.082763493 -0.040776819 0.993392885
1548340553.043200 -0.060852055 -0.185406506 1.020654321 -0.069872171 -0.082571715 -0.042743456 0.993213356
1548340553.076830 -0.061502647 -0.193715692 1.033874035 -0.072584569 -0.082646817 -0.045341134 0.992897332
1548340553.110340 -0.067073122 -0.193492338 1.046275735 -0.073127061 -0.080388054 -0.046420384 0.992993116
1548340553.143860 -0.071952678 -0.193862289 1.060250401 -0.074304171 -0.081252709 -0.049283653 0.992697358
1548340553.177380 -0.079533570 -0.194451585 1.071436286 -0.075300045 -0.078661963 -0.053682029 0.992602885
1548340553.210920 -0.085935779 -0.192954943 1.086589098 -0.075938590 -0.074668095 -0.055245772 0.992776871
1548340553.244460 -0.091355003 -0.191703990 1.101386547 -0.076160580 -0.072849095 -0.056013826 0.992851973
1548340553.277990 -0.094042003 -0.192629308 1.114932656 -0.077204034 -0.072402529 -0.057550844 0.992716134
1548340553.311510 -0.098787799 -0.194463864 1.129448056 -0.078452490 -0.070419833 -0.059593800 0.992640316
1548340553.345010 -0.101120092 -0.193741232 1.142277002 -0.079437084 -0.069269530 -0.060529128 0.992586374
1548340553.378540 -0.104569525 -0.192682043 1.156862617 -0.080642276 -0.067546226 -0.061366513 0.992556512
1548340553.412070 -0.108839743 -0.194211394 1.171480536 -0.082723685 -0.066627175 -0.063432492 0.992317438
1548340553.445630 -0.110522136 -0.193204343 1.184148788 -0.082823180 -0.065410033 -0.064303711 0.992334068
1548340553.479140 -0.113172933 -0.193107620 1.198557496 -0.083105221 -0.064142585 -0.065266348 0.992330372
1548340553.512660 -0.114542536 -0.192334935 1.212907195 -0.083078317 -0.064269245 -0.066326655 0.992254138
1548340553.546190 -0.115466043 -0.191952184 1.226111770 -0.083204553 -0.062610090 -0.067514747 0.992269516
1548340553.579720 -0.116683498 -0.191587687 1.239578366 -0.084098481 -0.059768219 -0.068485722 0.992302835
1548340553.613230 -0.117918275 -0.190677539 1.254615188 -0.085338980 -0.058148798 -0.069135085 0.992248118
1548340553.646720 -0.118687473 -0.188900486 1.267448783 -0.086281136 -0.057844572 -0.069824681 0.992136121
1548340553.680240 -0.119164146 -0.189487070 1.281888008 -0.089010343 -0.057358146 -0.071037687 0.991837144
1548340553.713780 -0.119920678 -0.188837305 1.296213388 -0.091283098 -0.056655519 -0.071183272 0.991660476
1548340553.747300 -0.120434955 -0.187506124 1.310558796 -0.093667284 -0.056278266 -0.070010498 0.991543114
1548340553.780850 -0.120493516 -0.187467188 1.322867990 -0.096050069 -0.057888180 -0.070203796 0.991208792
1548340553.814400 -0.120923616 -0.186809316 1.336586237 -0.098523259 -0.058320835 -0.070425130 0.990924895
1548340553.847960 -0.121794768 -0.186390266 1.351330042 -0.101744182 -0.056683011 -0.071647093 0.990606785
1548340553.881470 -0.122020498 -0.184992284 1.364637494 -0.104636453 -0.056384761 -0.071113929 0.990360916
1548340553.915210 -0.123191416 -0.183003783 1.377704620 -0.107214592 -0.058492448 -0.071341246 0.989946485
1548340553.948740 -0.125613034 -0.182469189 1.390696406 -0.110271543 -0.059450231 -0.074687406 0.989306629
1548340553.982320 -0.127420455 -0.181319878 1.403389692 -0.112860739 -0.059114404 -0.076680757 0.988882184
1548340554.015830 -0.129071102 -0.178541154 1.413014054 -0.112838872 -0.059672460 -0.076896898 0.988834441
1548340554.049350 -0.131189853 -0.177722916 1.423537612 -0.113856733 -0.062103234 -0.078883462 0.988411486
1548340554.082870 -0.133328140 -0.177423775 1.434036970 -0.114593782 -0.063133620 -0.081367686 0.988059580
1548340554.116380 -0.135039106 -0.176183820 1.443907261 -0.114365734 -0.063717797 -0.083242536 0.987892330
1548340554.149900 -0.136618063 -0.176167175 1.452934265 -0.114985399 -0.064425401 -0.085134715 0.987613201
1548340554.183410 -0.138731197 -0.174299300 1.461845040 -0.114227675 -0.064229444 -0.087225467 0.987531424
1548340554.216930 -0.140807718 -0.172926217 1.470460773 -0.114283226 -0.063547969 -0.089077897 0.987403750
1548340554.250430 -0.143145114 -0.171561226 1.478819251 -0.114500456 -0.064116597 -0.091349736 0.987134218
1548340554.283920 -0.145794794 -0.170228720 1.485890985 -0.114312232 -0.064511821 -0.093823738 0.986898184
1548340554.317440 -0.148548678 -0.168877751 1.493506193 -0.114511736 -0.063738972 -0.096631624 0.986654341
1548340554.350950 -0.150431052 -0.167942539 1.501628637 -0.115456887 -0.062824838 -0.098629743 0.986405075
1548340554.384460 -0.152174652 -0.166327298 1.508504510 -0.115692332 -0.061711740 -0.099423297 0.986368060
1548340554.417990 -0.153034285 -0.164292321 1.514341235 -0.115024038 -0.061382469 -0.099353395 0.986473799
1548340554.451500 -0.154463843 -0.164153367 1.521306992 -0.117139123 -0.060710665 -0.100812733 0.986118376
1548340554.485020 -0.155529678 -0.162225202 1.526708722 -0.117374092 -0.059247680 -0.100668609 0.986194134
1548340554.518530 -0.156165466 -0.161171824 1.532095194 -0.118645124 -0.059415977 -0.101498269 0.985946834
1548340554.552050 -0.156959534 -0.159502164 1.537442446 -0.120161436 -0.059313707 -0.101818711 0.985736310
1548340554.585640 -0.157661140 -0.158329815 1.542526484 -0.122466490 -0.058753226 -0.102698505 0.985394835
1548340554.619200 -0.158572689 -0.156830028 1.547365308 -0.124708593 -0.057500467 -0.104023270 0.985048532
1548340554.652830 -0.159337595 -0.154156476 1.552045822 -0.126364529 -0.057195611 -0.104587011 0.984795570
1548340554.687190 -0.160060212 -0.151427627 1.556953669 -0.128410041 -0.057946954 -0.104709901 0.984473944
1548340554.720840 -0.160516664 -0.149019584 1.560118318 -0.129678413 -0.058667906 -0.105661206 0.984163284
1548340554.754470 -0.161399871 -0.147223458 1.565037608 -0.133035839 -0.059559982 -0.107380010 0.983475327
1548340554.788010 -0.162239760 -0.144967571 1.569015622 -0.135387629 -0.060387239 -0.108313516 0.983001411
1548340554.821520 -0.162537873 -0.143191293 1.573886514 -0.137749106 -0.060895506 -0.110632479 0.982383490
1548340554.855040 -0.162789539 -0.141792789 1.577961802 -0.140540481 -0.059785515 -0.111613281 0.981945276
1548340554.888550 -0.162666380 -0.139415711 1.582936645 -0.142710552 -0.060834620 -0.111766510 0.981550336
1548340554.922070 -0.162633702 -0.137001440 1.584852695 -0.141881496 -0.061204530 -0.112594076 0.981552958
1548340554.955600 -0.162080601 -0.135492697 1.588750839 -0.142961800 -0.062426951 -0.112449214 0.981335819
1548340554.989130 -0.161425695 -0.134399489 1.591394186 -0.142788365 -0.063217886 -0.113314852 0.981210828
1548340555.022700 -0.161363780 -0.133013800 1.594543576 -0.143310800 -0.061143436 -0.112415940 0.981369555
1548340555.056220 -0.159224898 -0.131468922 1.596766233 -0.140848354 -0.061974540 -0.113417678 0.981558621
1548340555.089730 -0.158759758 -0.131913587 1.600700736 -0.144195974 -0.060848005 -0.111863375 0.981321394
1548340555.123270 -0.158235207 -0.132336289 1.603778958 -0.146455437 -0.059566349 -0.111230955 0.981137276
1548340555.156780 -0.157190233 -0.131314784 1.605614901 -0.145143986 -0.060331061 -0.112271689 0.981166899
1548340555.190300 -0.156319112 -0.131145820 1.608574986 -0.146195173 -0.061820585 -0.113046743 0.980829060
1548340555.223800 -0.156506047 -0.130410105 1.611373663 -0.145962104 -0.059343565 -0.114933379 0.980797470
1548340555.257330 -0.156368136 -0.130872458 1.614720345 -0.149229854 -0.057286054 -0.113748856 0.980566144
1548340555.290850 -0.155885428 -0.129696116 1.617028236 -0.148551956 -0.058870077 -0.114086375 0.980536044
1548340555.324660 -0.155768603 -0.128674254 1.619579792 -0.148495302 -0.060831390 -0.115171395 0.980298042
1548340555.358340 -0.155419707 -0.127310008 1.620581508 -0.145524740 -0.061799500 -0.116476104 0.980528772
1548340555.392050 -0.155949891 -0.127033949 1.621337056 -0.145266235 -0.060935982 -0.116139598 0.980661035
1548340555.425610 -0.156865224 -0.128804907 1.624668479 -0.152313605 -0.062665850 -0.114316717 0.979696512
1548340555.459130 -0.157681242 -0.127479181 1.625368834 -0.150155023 -0.064259477 -0.116977774 0.979612350
1548340555.492650 -0.158767343 -0.127454296 1.626533866 -0.152329013 -0.063367583 -0.116631515 0.979376078
1548340555.526160 -0.159705326 -0.126411989 1.627962470 -0.152876303 -0.064297102 -0.117260359 0.979155123
1548340555.559710 -0.161508039 -0.126912326 1.629182696 -0.157804891 -0.063786544 -0.115059346 0.978667557
1548340555.593230 -0.162572518 -0.125663504 1.629578233 -0.157743692 -0.066269673 -0.117440701 0.978229523
1548340555.626710 -0.164691061 -0.124943614 1.629011154 -0.158128470 -0.064497650 -0.118245862 0.978188813
1548340555.659980 -0.165454298 -0.124003395 1.629424572 -0.158281714 -0.068253830 -0.120016582 0.977693379
1548340555.693380 -0.166459888 -0.122646719 1.629251361 -0.156380728 -0.070438154 -0.123189412 0.977449656
1548340555.727010 -0.167468518 -0.122091055 1.629720807 -0.157224566 -0.071402930 -0.123619184 0.977190018
1548340555.760410 -0.167743936 -0.120711423 1.628605485 -0.154269606 -0.072724782 -0.125114337 0.977373183
1548340555.793910 -0.167905405 -0.119772851 1.628832817 -0.153007999 -0.073870540 -0.127135605 0.977224767
1548340555.827380 -0.167690992 -0.119282715 1.628987789 -0.152717501 -0.074830271 -0.127640709 0.977131307
1548340555.860880 -0.167635918 -0.119419299 1.628629804 -0.153603420 -0.074814938 -0.127279133 0.977040827
1548340555.893950 -0.167956337 -0.119902171 1.629007101 -0.156324223 -0.076145470 -0.126124412 0.976656139
1548340555.925620 -0.167483404 -0.119315341 1.627910614 -0.155325398 -0.079294898 -0.126947805 0.976458192
1548340555.959080 -0.167154372 -0.118667386 1.627354383 -0.154339254 -0.080615349 -0.127993613 0.976369917
1548340555.992600 -0.165799633 -0.117740899 1.626193643 -0.151794121 -0.082273357 -0.129145607 0.976478934
1548340556.025880 -0.164047539 -0.116141155 1.624217033 -0.146276683 -0.082737558 -0.132046968 0.976893663
1548340556.058500 -0.164107576 -0.116589613 1.623869777 -0.148237690 -0.079102866 -0.130710423 0.977078915
1548340556.091800 -0.162633255 -0.118057847 1.623302102 -0.150655881 -0.079594865 -0.129403457 0.976842999
1548340556.125260 -0.160768852 -0.119840376 1.622596860 -0.153393000 -0.082694829 -0.125764787 0.976634741
1548340556.158770 -0.159313172 -0.119934484 1.619943619 -0.148793072 -0.084574059 -0.127778128 0.976924062
1548340556.192260 -0.157668784 -0.120546669 1.616560340 -0.145400465 -0.082681395 -0.127286941 0.977660716
1548340556.225740 -0.156361684 -0.122651033 1.614173412 -0.146824807 -0.080857933 -0.123643123 0.978067935
1548340556.259250 -0.154912427 -0.123890795 1.611303329 -0.145895958 -0.081919499 -0.122098595 0.978312552
1548340556.292770 -0.152998582 -0.125493675 1.607956886 -0.145123437 -0.082741968 -0.120020323 0.978615403
1548340556.326280 -0.152064666 -0.127349153 1.605178356 -0.146427169 -0.083516568 -0.118266992 0.978568852
1548340556.359770 -0.151460484 -0.127922460 1.601509094 -0.146681502 -0.082903981 -0.115665473 0.978893757
1548340556.393320 -0.149202883 -0.129101843 1.597931623 -0.144691855 -0.084646732 -0.116776243 0.978908837
1548340556.426800 -0.147432104 -0.128850371 1.593119264 -0.141111195 -0.083496734 -0.116402671 0.979574561
1548340556.460350 -0.145869881 -0.130626306 1.589377403 -0.142307609 -0.084806964 -0.114438787 0.979520321
1548340556.493870 -0.144185141 -0.131087661 1.584594369 -0.139941692 -0.085842751 -0.114079222 0.979812860
1548340556.527380 -0.142562926 -0.132508010 1.580646992 -0.138984516 -0.083679855 -0.112809487 0.980283141
1548340556.560900 -0.140560940 -0.133769885 1.576874852 -0.138488159 -0.083512671 -0.110458560 0.980635285
1548340556.594410 -0.138598293 -0.134998426 1.572002053 -0.137559265 -0.084146790 -0.109150626 0.980858266
1548340556.627930 -0.136515081 -0.136089697 1.567584872 -0.136611328 -0.083182983 -0.107318662 0.981275022
1548340556.661530 -0.134480879 -0.136665195 1.563051105 -0.135612488 -0.082761794 -0.104049362 0.981801152
1548340556.695530 -0.132399186 -0.138432190 1.556973219 -0.134843171 -0.083654538 -0.102349602 0.982010067
1548340556.731910 -0.130624056 -0.139600307 1.552104950 -0.134107709 -0.082861222 -0.100774862 0.982340872
1548340556.765570 -0.128300175 -0.140920416 1.545680642 -0.133150712 -0.082833044 -0.098551266 0.982698977
1548340556.799090 -0.126712993 -0.142745450 1.538879752 -0.132041946 -0.084382124 -0.097523473 0.982819319
1548340556.832610 -0.125149101 -0.144572347 1.532154679 -0.130696550 -0.083979607 -0.096597515 0.983124971
1548340556.866120 -0.124187149 -0.146403566 1.524657607 -0.129154623 -0.082824290 -0.096054845 0.983479917
1548340556.899640 -0.122258291 -0.148147509 1.517014980 -0.127367646 -0.080911607 -0.094266877 0.984044969
1548340556.933150 -0.120012075 -0.150568679 1.509612799 -0.126050368 -0.080011889 -0.092782810 0.984429121
1548340556.966670 -0.118144602 -0.151272073 1.500886202 -0.123128153 -0.080179080 -0.090511985 0.984996617
1548340557.000040 -0.116259083 -0.153787255 1.492944360 -0.122770384 -0.079739146 -0.088951461 0.985219121
1548340557.032520 -0.116274968 -0.156049237 1.485250711 -0.121923625 -0.076362900 -0.088464282 0.985635519
1548340557.066040 -0.114434876 -0.157687575 1.476149440 -0.120943770 -0.076592013 -0.087093592 0.985860527
1548340557.099560 -0.112719186 -0.159211397 1.465964317 -0.119746923 -0.076726161 -0.086367399 0.986060023
1548340557.133070 -0.111697242 -0.162024334 1.457298160 -0.119390056 -0.075038679 -0.086503014 0.986221313
1548340557.166590 -0.110785536 -0.161923811 1.446798921 -0.115980059 -0.072865747 -0.084137954 0.986995459
1548340557.200100 -0.109807201 -0.164564267 1.435521126 -0.113625541 -0.072535671 -0.083418354 0.987354636
1548340557.233360 -0.108511791 -0.166311994 1.423549175 -0.109770700 -0.070021801 -0.081702359 0.988115430
1548340557.266790 -0.106608950 -0.168190092 1.412009358 -0.106551789 -0.068473436 -0.079905242 0.988723040
1548340557.300190 -0.105109118 -0.170826331 1.400277495 -0.103931382 -0.067407072 -0.079105169 0.989139497
1548340557.333710 -0.103414826 -0.172859997 1.388232946 -0.101087011 -0.064240657 -0.078830667 0.989666700
1548340557.367220 -0.101456106 -0.174154073 1.377183676 -0.098349683 -0.061407834 -0.077910408 0.990195096
1548340557.400700 -0.099295668 -0.175811037 1.365111113 -0.095849529 -0.057709444 -0.078363881 0.990626872
1548340557.434210 -0.097819246 -0.177482173 1.353756189 -0.093683198 -0.052673172 -0.078774586 0.991082013
1548340557.467730 -0.095070794 -0.177258149 1.339027286 -0.089700386 -0.048340999 -0.077912733 0.991739154
1548340557.501750 -0.092800595 -0.177940905 1.326269031 -0.086251177 -0.046141930 -0.077973723 0.992145002
1548340557.534760 -0.090567350 -0.179123804 1.315738320 -0.084058352 -0.043117687 -0.078040592 0.992463946
1548340557.568120 -0.088873737 -0.178009167 1.297845125 -0.079523869 -0.036735836 -0.075834155 0.993265152
1548340557.601630 -0.086549893 -0.178057864 1.283186316 -0.076538257 -0.036382407 -0.074328676 0.993626416
1548340557.635150 -0.085529350 -0.178793192 1.271273613 -0.074740119 -0.034063872 -0.073697172 0.993892491
1548340557.668620 -0.083295822 -0.177978575 1.257383227 -0.071888261 -0.029942280 -0.071010701 0.994431019
1548340557.702120 -0.081849039 -0.177158743 1.245014429 -0.069304317 -0.028355073 -0.068400338 0.994843841
1548340557.735650 -0.079007715 -0.177594945 1.228587151 -0.067458592 -0.029010907 -0.065223791 0.995165110
1548340557.769170 -0.076931447 -0.177973926 1.214269638 -0.065825328 -0.028789969 -0.063131995 0.995415747
1548340557.802670 -0.073735453 -0.178105503 1.200250983 -0.064835824 -0.027323227 -0.061116669 0.995647788
1548340557.836160 -0.071865402 -0.177251697 1.186423421 -0.063851558 -0.024393123 -0.057490263 0.996003449
1548340557.869670 -0.068690263 -0.174356610 1.170385242 -0.062048636 -0.024338782 -0.053366024 0.996348143
1548340557.903190 -0.067319907 -0.173721418 1.157410145 -0.062101662 -0.025347365 -0.052124735 0.996385455
1548340557.936760 -0.065077879 -0.172592506 1.142724514 -0.061746642 -0.025627887 -0.051157232 0.996450424
1548340557.970220 -0.065301873 -0.164076865 1.128142715 -0.059131015 -0.025705591 -0.049600489 0.996685803
1548340558.003710 -0.063597627 -0.162308037 1.114148617 -0.058801815 -0.027549025 -0.049402755 0.996665835
1548340558.037230 -0.060404770 -0.162272573 1.100484848 -0.058953911 -0.027562674 -0.049820367 0.996635675
1548340558.070740 -0.057181887 -0.160757869 1.085074425 -0.057790481 -0.024456268 -0.048831102 0.996833861
1548340558.104230 -0.055727314 -0.156467274 1.072055817 -0.055750679 -0.022449857 -0.045236859 0.997166753
1548340558.137710 -0.051083758 -0.158438131 1.056275964 -0.054301463 -0.023755776 -0.043840177 0.997278810
1548340558.171090 -0.047170464 -0.158124000 1.040933371 -0.052749261 -0.023407593 -0.044061299 0.997360587
1548340558.204540 -0.044633258 -0.153886542 1.025831342 -0.049736645 -0.022186315 -0.042275492 0.997620583
1548340558.237720 -0.042175803 -0.153361440 1.011141896 -0.047900531 -0.022096239 -0.041605283 0.997740567
1548340558.271140 -0.036804322 -0.151649788 0.992537856 -0.045402080 -0.021713480 -0.040385243 0.997915924
1548340558.304660 -0.034512166 -0.149023905 0.977012217 -0.043878790 -0.020531876 -0.039546657 0.998042643
1548340558.338180 -0.032508355 -0.146597192 0.962056518 -0.042914517 -0.020365564 -0.039135154 0.998104215
1548340558.371690 -0.027283523 -0.144793496 0.949423313 -0.042510856 -0.018470166 -0.038879558 0.998168349
1548340558.405210 -0.025602676 -0.140678987 0.934894621 -0.041365243 -0.014629581 -0.036544107 0.998368382
1548340558.438720 -0.026210675 -0.139052361 0.924469352 -0.040732671 -0.013400738 -0.034615081 0.998480380
1548340558.472330 -0.018383859 -0.136515632 0.906015635 -0.040741906 -0.012978185 -0.034347266 0.998494804
1548340558.505850 -0.018943159 -0.134081900 0.892664373 -0.041797686 -0.008162890 -0.031366467 0.998600245
1548340558.539270 -0.024181036 -0.120244518 0.881565630 -0.040664952 -0.007712154 -0.028936815 0.998723984
1548340558.572800 -0.019985007 -0.121523649 0.865673602 -0.043619260 -0.009844213 -0.029855359 0.998553514
1548340558.606320 -0.017292187 -0.121243648 0.851011693 -0.046383541 -0.007438384 -0.028184261 0.998498321
1548340558.639850 -0.022713944 -0.116079055 0.844356835 -0.047014527 -0.006184233 -0.024683759 0.998570025
1548340558.673370 -0.017767269 -0.114898823 0.826670051 -0.048261281 -0.009027508 -0.022990419 0.998529315
1548340558.706980 -0.017926438 -0.112194844 0.814565897 -0.048165370 -0.008889236 -0.020474475 0.998589933
1548340558.740500 -0.016841298 -0.116614796 0.802634120 -0.048904199 -0.009996244 -0.017091835 0.998607159
1548340558.774020 -0.015633777 -0.118169740 0.788536906 -0.048804097 -0.010002403 -0.017717158 0.998601139
1548340558.807500 -0.018165162 -0.114277884 0.774647892 -0.046664942 -0.006650428 -0.016177652 0.998757422
1548340558.841010 -0.017623041 -0.110516794 0.758099318 -0.044645641 -0.005461833 -0.014951228 0.998876095
1548340558.874520 -0.018759212 -0.109454818 0.743261576 -0.043426234 -0.003394853 -0.015741676 0.998926818
1548340558.908040 -0.023300571 -0.103706546 0.726972044 -0.040510565 0.000066697 -0.014127255 0.999079227
1548340558.941490 -0.022660425 -0.096785337 0.710492551 -0.037191503 -0.000431724 -0.012912295 0.999224663
1548340558.974990 -0.022675261 -0.094402723 0.694330513 -0.034993879 0.001686401 -0.014800091 0.999276519
1548340559.008530 -0.022877431 -0.092752092 0.675171375 -0.032950580 0.006855825 -0.013926560 0.999336421
1548340559.042050 -0.026918430 -0.085799925 0.659467936 -0.030133329 0.011205286 -0.011652946 0.999415159
1548340559.075620 -0.027531516 -0.082060613 0.640162468 -0.027833354 0.014553750 -0.010940108 0.999446750
1548340559.109130 -0.027659044 -0.077939197 0.620991349 -0.026218701 0.018947430 -0.011049011 0.999415576
1548340559.142650 -0.028377052 -0.070902154 0.601129889 -0.025276070 0.022390807 -0.009217924 0.999387205
1548340559.176110 -0.032908171 -0.065830313 0.586633444 -0.025753811 0.024942242 -0.010045162 0.999306619
1548340559.209630 -0.032603059 -0.061573073 0.571811259 -0.026355853 0.027481141 -0.010321452 0.999221504
1548340559.243200 -0.038047545 -0.059213556 0.556559384 -0.027082859 0.030626245 -0.009130076 0.999122202
1548340559.276710 -0.039718371 -0.058489196 0.542935669 -0.027151491 0.031459492 -0.008876490 0.999096751
1548340559.310230 -0.042072441 -0.056417085 0.527798891 -0.025698233 0.034145642 -0.006944675 0.999062300
1548340559.343880 -0.044407021 -0.053654674 0.512694836 -0.023808939 0.035990123 -0.004274518 0.999059379
1548340559.377400 -0.047793150 -0.050872531 0.497945160 -0.021837542 0.036684092 -0.001780695 0.999086738
1548340559.410730 -0.048927233 -0.049060356 0.484094054 -0.020307301 0.036738724 -0.000356734 0.999118507
1548340559.444430 -0.054405447 -0.044625208 0.471207768 -0.018512497 0.036742132 0.001033755 0.999152780
1548340559.478800 -0.069238663 -0.043998085 0.460541934 -0.017817155 0.035674766 -0.000035387 0.999204636
1548340559.512320 -0.072790422 -0.045168933 0.445936292 -0.018013731 0.029525975 -0.003678690 0.999394953
1548340559.544980 -0.080272578 -0.043874104 0.438022524 -0.017250812 0.025107695 -0.006513908 0.999514699
1548340559.578490 -0.078735001 -0.046857748 0.420241922 -0.016909305 0.018224513 -0.011841908 0.999620795
1548340559.612200 -0.090710625 -0.043281570 0.412307262 -0.014309112 0.014881251 -0.014470877 0.999682128
1548340559.645720 -0.098192975 -0.042964015 0.395718217 -0.012188924 0.008256507 -0.019722315 0.999697089
1548340559.679470 -0.099151351 -0.031635154 0.394944698 -0.007559970 -0.001057048 -0.023785912 0.999687910
1548340559.712990 -0.102521688 -0.029862771 0.382492959 -0.005650025 -0.005969517 -0.028653903 0.999555588
1548340559.746260 -0.107936330 -0.027244486 0.366824418 -0.003921331 -0.011725442 -0.032761198 0.999386728
1548340559.779780 -0.103238963 -0.021718057 0.356136650 -0.001977187 -0.019572657 -0.038035151 0.999082744
1548340559.813300 -0.104806483 -0.018193044 0.342344463 -0.001373812 -0.023228630 -0.041982424 0.998847365
1548340559.846810 -0.106705450 -0.011901096 0.331709087 -0.000862636 -0.026435807 -0.045306433 0.998622894
1548340559.880390 -0.105545796 -0.011043173 0.321512878 -0.002073648 -0.029136699 -0.049016945 0.998370707
1548340559.913950 -0.106391869 -0.006748926 0.311783522 -0.003935062 -0.030005103 -0.052417625 0.998166621
1548340559.947420 -0.108788528 -0.003389872 0.301225185 -0.006363677 -0.031005319 -0.055136602 0.997977018
1548340559.980940 -0.116782233 0.002539002 0.293895066 -0.008102046 -0.033069883 -0.057351682 0.997773290
1548340560.014500 -0.113267913 0.001493177 0.285438955 -0.010974138 -0.036915857 -0.059747808 0.997470319
1548340560.048060 -0.115448430 0.002542148 0.277149022 -0.013039509 -0.036969960 -0.060628165 0.997390270
1548340560.081530 -0.116565652 0.005173604 0.268374711 -0.014055576 -0.039117523 -0.060013205 0.997331798
1548340560.115050 -0.115684606 0.003216219 0.260661572 -0.015282350 -0.041354325 -0.060706552 0.997181535
1548340560.148610 -0.114816308 0.002754090 0.250229836 -0.015385331 -0.041524742 -0.059100479 0.997269332
1548340560.182120 -0.118224554 0.004992798 0.242663786 -0.014430334 -0.041575838 -0.056109980 0.997454226
1548340560.215660 -0.119028084 0.006586180 0.233105570 -0.013678144 -0.042996358 -0.054706123 0.997482538
1548340560.249180 -0.119167514 0.006761210 0.224389389 -0.013389033 -0.042806808 -0.053695261 0.997549593
1548340560.282690 -0.120036311 0.012381777 0.221306458 -0.012320254 -0.041944552 -0.051868230 0.997696638
1548340560.316180 -0.123380095 0.015592655 0.213592604 -0.011837684 -0.041598089 -0.051176332 0.997752726
1548340560.349740 -0.125711188 0.015941467 0.206028491 -0.011691206 -0.040693402 -0.050984215 0.997801602
1548340560.383280 -0.129027277 0.015706412 0.197406113 -0.011168777 -0.039651956 -0.051470269 0.997824550
1548340560.416800 -0.136380389 0.017632164 0.190205678 -0.009790226 -0.037960671 -0.051760282 0.997889757
1548340560.450310 -0.140734628 0.020661557 0.181572124 -0.007497330 -0.037045170 -0.052565549 0.997901917
1548340560.483770 -0.146586567 0.022463517 0.173844397 -0.005598658 -0.034453228 -0.054730780 0.997890830
1548340560.517260 -0.150820524 0.027181659 0.165323690 -0.003176674 -0.030899223 -0.055522252 0.997974157
1548340560.550780 -0.157445103 0.030473957 0.154304832 -0.001164804 -0.027358413 -0.057353307 0.997978330
1548340560.584290 -0.159823641 0.033014663 0.146744177 0.000448135 -0.022872573 -0.059886262 0.997943044
1548340560.617810 -0.169042617 0.039017800 0.139573172 0.002834928 -0.015857302 -0.059262041 0.998112500
1548340560.651170 -0.178153753 0.045056760 0.131394789 0.005113084 -0.011740117 -0.058439892 0.998208821
1548340560.684610 -0.183165073 0.047327805 0.120302595 0.006333846 -0.010094273 -0.059463877 0.998159349
1548340560.718110 -0.185826123 0.051456831 0.110836625 0.007254290 -0.005995374 -0.059413351 0.998189092
1548340560.751550 -0.194214836 0.056502517 0.103432335 0.007110341 -0.000484313 -0.056552064 0.998374224
1548340560.785110 -0.199726522 0.063484244 0.096508957 0.006831337 0.002435148 -0.052440066 0.998597741
1548340560.818640 -0.203529447 0.067093953 0.090609215 0.005299023 0.004492385 -0.048588723 0.998794734
1548340560.852160 -0.207820624 0.070562311 0.083732225 0.003400513 0.006224713 -0.042957108 0.999051750
1548340560.885670 -0.216916442 0.072882354 0.078120701 0.000631166 0.007390848 -0.038116563 0.999245763
1548340560.919190 -0.218261927 0.071023166 0.067565136 -0.003430662 0.007118541 -0.035432491 0.999340892
1548340560.952700 -0.220956236 0.072134301 0.064956784 -0.007208680 0.009486463 -0.031786963 0.999423683
1548340560.986200 -0.230035797 0.073544495 0.061693855 -0.010419263 0.011648479 -0.026286239 0.999532342
1548340561.019720 -0.236361369 0.068731807 0.057200260 -0.014150606 0.010714408 -0.023523606 0.999565721
1548340561.053230 -0.238518089 0.066753127 0.054017615 -0.015901618 0.008896783 -0.020078186 0.999632359
1548340561.086770 -0.245035216 0.058414254 0.045895778 -0.018191703 0.008475183 -0.018756974 0.999622643
1548340561.120300 -0.243113771 0.063749164 0.044540823 -0.017380156 0.006431755 -0.016656388 0.999689519
1548340561.153840 -0.245372444 0.063486695 0.037278920 -0.017533241 0.005220755 -0.016223388 0.999701083
1548340561.187330 -0.251850933 0.059998773 0.033688266 -0.018657256 0.005357198 -0.017883066 0.999651670
1548340561.220920 -0.255390882 0.063680068 0.030461384 -0.018488828 0.004610138 -0.019490393 0.999628484
1548340561.254480 -0.259309530 0.066157497 0.025814561 -0.018286087 0.003396629 -0.021046469 0.999605536
1548340561.288000 -0.266582757 0.061963029 0.023985906 -0.018876972 0.001534821 -0.023280244 0.999549627
1548340561.321610 -0.269665569 0.065132506 0.022526834 -0.017484618 -0.000978947 -0.025602803 0.999518812
1548340561.355040 -0.273681819 0.065333992 0.018353490 -0.016060693 -0.002189494 -0.026649704 0.999513447
1548340561.388550 -0.278006822 0.065776065 0.016553549 -0.014104653 -0.004123225 -0.026419953 0.999542952
1548340561.422060 -0.281799495 0.069668919 0.012175305 -0.011041679 -0.008139226 -0.025269082 0.999586582
1548340561.455580 -0.284925759 0.070369922 0.004795545 -0.009130638 -0.013079880 -0.026678870 0.999516785
1548340561.489090 -0.290265799 0.069674253 -0.000764894 -0.008324608 -0.016544538 -0.028514709 0.999421835
1548340561.522570 -0.291400462 0.070358224 -0.011731136 -0.008152205 -0.020878689 -0.030166468 0.999293566
1548340561.556040 -0.296779454 0.071616992 -0.016245719 -0.008663893 -0.024737174 -0.032861218 0.999116182
1548340561.589330 -0.301166385 0.068696961 -0.023027794 -0.010431612 -0.028160609 -0.035972238 0.998901486
1548340561.622840 -0.305822223 0.066390365 -0.031651538 -0.012314718 -0.030059168 -0.038404740 0.998734176
1548340561.656360 -0.314194322 0.066826500 -0.036425468 -0.013952922 -0.031283479 -0.039988548 0.998612881
1548340561.689880 -0.321756065 0.059414100 -0.032491587 -0.016530862 -0.030188361 -0.042860758 0.998488009
1548340561.723390 -0.331118822 0.058007833 -0.035558887 -0.017712828 -0.027270466 -0.046076480 0.998408496
1548340561.756900 -0.340042114 0.056338087 -0.037857018 -0.017776377 -0.023080086 -0.048551276 0.998395741
1548340561.790420 -0.346388429 0.055159792 -0.042937767 -0.016120726 -0.018041631 -0.049619962 0.998475075
1548340561.823930 -0.354487717 0.056002915 -0.049714509 -0.012504688 -0.009942293 -0.047544844 0.998741329
1548340561.857450 -0.365220934 0.057062149 -0.056351747 -0.007945963 -0.003371800 -0.045718826 0.998917043
1548340561.890970 -0.373533249 0.057376903 -0.065931000 -0.002496004 0.003501981 -0.043935299 0.999025106
1548340561.924490 -0.379369915 0.060530126 -0.077471666 0.002057812 0.009608950 -0.039251104 0.999181092
1548340561.958010 -0.387041807 0.063958980 -0.084977224 0.005154506 0.014285015 -0.035321809 0.999260604
1548340561.991690 -0.395298809 0.065434597 -0.094524592 0.006719116 0.016853316 -0.031286694 0.999345779
1548340562.025210 -0.399855942 0.065028079 -0.103338383 0.006606843 0.018925475 -0.027946856 0.999408424
1548340562.058720 -0.404109657 0.069315374 -0.112911940 0.006148960 0.021643477 -0.022840729 0.999485910
1548340562.092300 -0.413814753 0.074614272 -0.118625887 0.004380809 0.021707742 -0.020861216 0.999537110
1548340562.125820 -0.416435838 0.075651735 -0.126617432 0.000725250 0.020295300 -0.020857072 0.999576211
1548340562.159330 -0.419598103 0.076211609 -0.134492025 -0.003754903 0.019399855 -0.020899305 0.999586284
1548340562.192850 -0.428974181 0.076042913 -0.132786632 -0.008044743 0.020101681 -0.019862989 0.999568224
1548340562.226360 -0.434105098 0.076405168 -0.137143329 -0.012388710 0.018534914 -0.018242683 0.999584973
1548340562.259890 -0.440237254 0.076688848 -0.139552876 -0.015578085 0.015716624 -0.015691733 0.999632001
1548340562.293400 -0.441002667 0.074713662 -0.147673532 -0.017442526 0.012552924 -0.014472773 0.999664307
1548340562.326920 -0.445062071 0.071168102 -0.150469318 -0.018665520 0.012954961 -0.013036903 0.999656856
1548340562.360430 -0.449914396 0.069699436 -0.153553814 -0.017996598 0.013966249 -0.011221785 0.999677539
1548340562.393940 -0.451803505 0.063706324 -0.157499865 -0.016498707 0.013852259 -0.008519853 0.999731660
1548340562.427460 -0.451535434 0.060278002 -0.164838180 -0.013848175 0.012562381 -0.005604565 0.999809444
1548340562.460980 -0.456430465 0.062734984 -0.171879560 -0.009422771 0.012101680 -0.006202271 0.999863148
1548340562.494420 -0.451880872 0.052458432 -0.184592530 -0.006716484 0.009185595 -0.002481573 0.999932170
1548340562.527940 -0.453186244 0.062529564 -0.195345715 -0.001940790 0.008611059 -0.004019508 0.999952972
1548340562.561600 -0.449153811 0.063275017 -0.206403509 0.000071820 0.009927208 -0.002611957 0.999947309
1548340562.595120 -0.449948758 0.067823663 -0.213926896 0.001977981 0.010815074 -0.000450022 0.999939442
1548340562.628630 -0.446019262 0.067277662 -0.223812252 0.001826408 0.010142884 0.000479992 0.999946773
1548340562.662150 -0.440894574 0.070878930 -0.234816477 0.001605392 0.010020270 0.001795013 0.999946892
1548340562.695920 -0.440717638 0.074059993 -0.241624191 0.000103909 0.010274552 0.003075986 0.999942482
1548340562.729490 -0.439083099 0.074226186 -0.248426303 -0.001713590 0.010302286 0.004188394 0.999936700
1548340562.763010 -0.438271105 0.073943183 -0.252784759 -0.002785724 0.010750838 0.005541769 0.999922931
1548340562.796530 -0.435011625 0.076654240 -0.262847126 -0.003090876 0.010693444 0.008102065 0.999905229
1548340562.830040 -0.430054635 0.077978969 -0.275029987 -0.004224053 0.010204047 0.009497427 0.999893904
1548340562.863560 -0.425797939 0.080412500 -0.286880940 -0.005839475 0.010690442 0.010813173 0.999867320
1548340562.897100 -0.422353148 0.084488690 -0.295922041 -0.008120979 0.011760411 0.013050433 0.999812663
1548340562.930610 -0.425606161 0.085747808 -0.302923292 -0.010471217 0.013044979 0.013506364 0.999768853
1548340562.964130 -0.423272878 0.087008797 -0.309193015 -0.012436315 0.014137880 0.013308448 0.999734163
1548340562.997650 -0.424412936 0.084983870 -0.318097115 -0.014472003 0.016712004 0.012152692 0.999681711
1548340563.031160 -0.423895687 0.087965585 -0.326829314 -0.014449423 0.019454740 0.012075757 0.999633372
1548340563.064720 -0.422989458 0.090455808 -0.337826908 -0.013309331 0.022085320 0.012104507 0.999594212
1548340563.098190 -0.428520173 0.090657197 -0.343602300 -0.012377097 0.024432339 0.010900317 0.999565423
1548340563.131710 -0.423565656 0.092143379 -0.358374864 -0.011283550 0.024796870 0.010002501 0.999578774
1548340563.165210 -0.424235523 0.094810121 -0.364265025 -0.010581141 0.026626784 0.010778579 0.999531329
1548340563.198720 -0.425488800 0.097652815 -0.367405474 -0.009667513 0.027839331 0.010748742 0.999507844
1548340563.232230 -0.423751891 0.100318760 -0.376808822 -0.008737308 0.027837280 0.010836896 0.999515533
1548340563.265670 -0.423994243 0.101593584 -0.387019426 -0.008111668 0.029002216 0.011360014 0.999481857
1548340563.299180 -0.426488459 0.104322240 -0.394454181 -0.007165999 0.030873962 0.012709161 0.999416769
1548340563.332700 -0.420537025 0.107403234 -0.407815993 -0.006455113 0.031898625 0.015150975 0.999355435
1548340563.366190 -0.426331252 0.114156723 -0.416645229 -0.005745551 0.035665363 0.017998908 0.999185145
1548340563.399700 -0.430533439 0.117607534 -0.424410492 -0.005389254 0.037767086 0.020156680 0.999068677
1548340563.433050 -0.430718362 0.121912353 -0.437305391 -0.005475897 0.038982969 0.020350643 0.999017596
1548340563.466550 -0.435866445 0.129179016 -0.447452188 -0.005794288 0.041662101 0.021489734 0.998883784
1548340563.500040 -0.441718280 0.134935051 -0.457269996 -0.006301367 0.043630522 0.022258688 0.998779833
1548340563.533500 -0.444552749 0.139286190 -0.471180886 -0.007469252 0.045491416 0.021755790 0.998699844
1548340563.567010 -0.449774802 0.148793802 -0.480842412 -0.008139935 0.048228987 0.023266109 0.998532116
1548340563.600560 -0.452275485 0.149663880 -0.495308816 -0.010906793 0.050529402 0.023930218 0.998376250
1548340563.634080 -0.458826154 0.152908802 -0.501882851 -0.013154252 0.055460557 0.025639892 0.998044908
1548340563.667590 -0.462899745 0.156058654 -0.509676039 -0.014678588 0.059495810 0.026734708 0.997762501
1548340563.701130 -0.466647625 0.159970924 -0.518624604 -0.014823576 0.063672364 0.028458176 0.997454882
1548340563.734630 -0.473972440 0.161294892 -0.526022315 -0.014233848 0.068711907 0.030442175 0.997070372
1548340563.768140 -0.479794621 0.165856674 -0.533419073 -0.011811257 0.071741879 0.032494474 0.996823788
1548340563.801660 -0.479657948 0.165616870 -0.544655561 -0.009825802 0.073248267 0.032747183 0.996727526
1548340563.835170 -0.480978966 0.168651193 -0.556786180 -0.007097114 0.076195091 0.033524938 0.996503890
1548340563.868690 -0.485916674 0.170397982 -0.561433494 -0.003834428 0.080004297 0.034678336 0.996183693
1548340563.902210 -0.482750654 0.170922980 -0.577033341 -0.000467975 0.082415901 0.035025399 0.995982230
1548340563.935730 -0.483111024 0.175095960 -0.584279180 0.002803159 0.086266033 0.037481844 0.995562851
1548340563.969240 -0.478566408 0.178334326 -0.588981092 0.005163158 0.088158920 0.040269304 0.995278716
1548340564.002810 -0.473798960 0.178197205 -0.598945320 0.006036651 0.090939008 0.041415904 0.994976580
1548340564.036330 -0.471863806 0.181560278 -0.602527499 0.007250660 0.094566360 0.043909244 0.994523287
1548340564.069840 -0.470018625 0.183737680 -0.611207664 0.007770950 0.098061323 0.045438800 0.994112074
1548340564.103360 -0.467512965 0.185169414 -0.613764644 0.008211500 0.102319971 0.048213564 0.993548453
1548340564.136900 -0.467747927 0.187919393 -0.615866840 0.009352705 0.105723344 0.050752304 0.993055522
1548340564.170420 -0.462275207 0.193529367 -0.624286830 0.010237756 0.107713848 0.052381389 0.992748201
1548340564.203940 -0.462993890 0.197500050 -0.622955620 0.010053825 0.110802405 0.055338293 0.992249668
1548340564.237450 -0.464613259 0.201550260 -0.626388133 0.010325001 0.111549117 0.057131130 0.992061615
1548340564.270970 -0.458380461 0.206013501 -0.634361088 0.009878546 0.110038124 0.057978142 0.992185712
1548340564.304520 -0.455483556 0.214486614 -0.637958348 0.008740331 0.109498091 0.060059287 0.992132306
1548340564.338040 -0.455670029 0.219519138 -0.641392827 0.006397521 0.108235247 0.060943093 0.992234886
1548340564.371560 -0.452022225 0.221436113 -0.645677567 0.003427884 0.106629707 0.061654706 0.992379487
1548340564.405030 -0.451263934 0.226249456 -0.646905065 0.000930870 0.105250366 0.062346626 0.992488980
1548340564.438550 -0.451461434 0.228701338 -0.649530768 -0.001673622 0.104172520 0.062569827 0.992587626
1548340564.472100 -0.451910675 0.231112435 -0.650757134 -0.003355227 0.102222294 0.063081145 0.992753804
1548340564.505620 -0.453035057 0.233368590 -0.654296458 -0.004448359 0.099330321 0.062734134 0.993065000
1548340564.539130 -0.453638613 0.234549940 -0.661814451 -0.005065875 0.095444001 0.061842527 0.993498981
1548340564.572650 -0.453971952 0.235358298 -0.669154167 -0.005420383 0.091622867 0.059030257 0.994027793
1548340564.606130 -0.448600888 0.233857527 -0.680523574 -0.006198017 0.088660017 0.056026135 0.994465709
1548340564.639560 -0.453760266 0.233993694 -0.686490476 -0.006039832 0.088829421 0.053169932 0.994608343
1548340564.672960 -0.457985550 0.233234569 -0.694287062 -0.004794784 0.087477513 0.050456204 0.994876266
1548340564.706290 -0.456329852 0.234700963 -0.707519770 -0.003340968 0.084870785 0.047963813 0.995231211
1548340564.739660 -0.459761083 0.236808091 -0.714325666 -0.002187787 0.082283363 0.046046566 0.995542228
1548340564.773150 -0.464895368 0.236074343 -0.723640442 -0.001805168 0.078559339 0.042963192 0.995981574
1548340564.806640 -0.469273806 0.233968675 -0.733434260 -0.002221644 0.075028457 0.040652197 0.996349931
1548340564.840150 -0.465642631 0.234053046 -0.749067187 -0.002571979 0.070392057 0.039583307 0.996730387
1548340564.873670 -0.466228902 0.232675076 -0.759839356 -0.003110015 0.067581616 0.037078764 0.997019649
1548340564.907210 -0.469994158 0.230936155 -0.769479275 -0.003811492 0.066169560 0.035957556 0.997152984
1548340564.940740 -0.467157781 0.231048122 -0.781706631 -0.004378232 0.064675547 0.035490733 0.997265399
1548340564.974260 -0.468424976 0.234999374 -0.794863641 -0.004300291 0.062788546 0.035835393 0.997373998
1548340565.007780 -0.474726290 0.230134919 -0.807312787 -0.005358532 0.063034765 0.034219377 0.997410059
1548340565.041300 -0.484234184 0.230362967 -0.810637295 -0.004114664 0.063305996 0.036377102 0.997322440
1548340565.074820 -0.476147801 0.233474255 -0.837265253 -0.003119393 0.059327822 0.036001816 0.997584224
1548340565.108340 -0.485842705 0.235982299 -0.840244293 -0.003386001 0.061498821 0.037993267 0.997377992
1548340565.141850 -0.496157587 0.237972185 -0.862622321 -0.002872540 0.058507897 0.037301335 0.997585654
1548340565.175510 -0.490362763 0.243465990 -0.883086205 -0.003246150 0.057356592 0.036681194 0.997674406
1548340565.208880 -0.497176647 0.246058971 -0.891632557 -0.005067056 0.057566158 0.037111856 0.997638762
1548340565.242590 -0.485672474 0.240739346 -0.913308799 -0.007843326 0.057322502 0.035628814 0.997688890
1548340565.276110 -0.504752517 0.243079379 -0.909214973 -0.007442503 0.062520728 0.037373725 0.997315884
1548340565.309910 -0.510317206 0.241503552 -0.920050144 -0.006741759 0.061744753 0.036564209 0.997399211
1548340565.343430 -0.500791609 0.243861273 -0.935232162 -0.005198436 0.060531940 0.033953466 0.997575045
1548340565.376940 -0.494688541 0.243920118 -0.958234370 -0.003476094 0.065870471 0.031247891 0.997332692
1548340565.410460 -0.505064607 0.244636461 -0.962482393 -0.002191683 0.070309281 0.029802812 0.997077525
1548340565.443950 -0.500863016 0.242034763 -0.981803119 -0.001481230 0.072706401 0.027141012 0.996982932
1548340565.477410 -0.503906250 0.246473938 -0.988895118 -0.000620264 0.076767042 0.026850574 0.996687233
1548340565.510820 -0.505412221 0.247503459 -1.000433803 -0.000282966 0.079630978 0.025580032 0.996496081
1548340565.544240 -0.501113832 0.245862827 -1.016484737 -0.000655357 0.083344430 0.024057586 0.996230125
1548340565.577750 -0.507423937 0.252229989 -1.016402364 -0.000236812 0.087438986 0.025863942 0.995833993
1548340565.611270 -0.505097389 0.254591048 -1.028393030 -0.000549905 0.087426089 0.025767406 0.995837510
1548340565.644880 -0.504504919 0.252543569 -1.038812876 -0.001231109 0.088120155 0.025090940 0.995792985
1548340565.678400 -0.505400002 0.259538084 -1.044640899 -0.000146442 0.088367827 0.026264424 0.995741546
1548340565.712020 -0.505448759 0.264733791 -1.053290009 -0.000274203 0.086769558 0.026635023 0.995872259
1548340565.745600 -0.502396762 0.270232350 -1.065042019 -0.001485619 0.084137663 0.026582673 0.996098399
1548340565.779140 -0.499002218 0.272312909 -1.074016452 -0.003486231 0.082795382 0.027688488 0.996175706
1548340565.812660 -0.500988007 0.277904660 -1.077344537 -0.005317350 0.080095969 0.028741933 0.996358454
1548340565.846200 -0.500728488 0.285541356 -1.086472154 -0.007644624 0.075302720 0.029937716 0.996681869
1548340565.879710 -0.495173395 0.287154526 -1.094245791 -0.010791462 0.070235178 0.030523201 0.997004986
1548340565.913180 -0.510497272 0.284111828 -1.098271132 -0.013068913 0.067579404 0.029701507 0.997186065
1548340565.946520 -0.501529813 0.288164526 -1.108790636 -0.013344084 0.058639031 0.028955139 0.997770011
1548340565.979880 -0.481015295 0.285720557 -1.132564783 -0.014754945 0.051319432 0.028693382 0.998160899
1548340566.013330 -0.484808981 0.285128206 -1.141755342 -0.015248594 0.047372341 0.029228900 0.998333097
1548340566.047000 -0.489538282 0.289972335 -1.152798653 -0.015012972 0.041674446 0.029420603 0.998585105
1548340566.080520 -0.462728709 0.290832520 -1.175663948 -0.016241847 0.033473045 0.028611375 0.998897910
1548340566.114030 -0.458499879 0.293175846 -1.186728716 -0.017866451 0.034353226 0.030246589 0.998792112
1548340566.147550 -0.465770215 0.296599537 -1.189657211 -0.018743215 0.034389321 0.032478690 0.998704731
1548340566.180920 -0.456552237 0.289583951 -1.204204440 -0.020777199 0.030533615 0.030241923 0.998860002
1548340566.214440 -0.432757556 0.282327920 -1.230988741 -0.023085071 0.032526352 0.027231572 0.998833060
1548340566.247960 -0.457490057 0.290671885 -1.224551320 -0.021498691 0.040351044 0.028188713 0.998556435
1548340566.281460 -0.458314270 0.288779885 -1.236871600 -0.020569932 0.039941896 0.025811104 0.998656690
1548340566.314980 -0.445346087 0.289927989 -1.259075284 -0.018976560 0.041148942 0.022599364 0.998717129
1548340566.348490 -0.457735926 0.292638093 -1.259073853 -0.017203806 0.047491051 0.022333961 0.998473704
1548340566.382020 -0.465494424 0.295130700 -1.268094540 -0.014857961 0.048649017 0.021226112 0.998479784
1548340566.415540 -0.463837355 0.301789552 -1.281267285 -0.012534163 0.047524039 0.019824415 0.998594642
1548340566.449080 -0.470063269 0.310331643 -1.289393902 -0.010725359 0.046502415 0.019628359 0.998667657
1548340566.482590 -0.473944366 0.313465655 -1.299874187 -0.010309464 0.043479867 0.018808244 0.998824000
1548340566.516120 -0.466382354 0.317690223 -1.315932393 -0.010671034 0.040975425 0.018982081 0.998922825
1548340566.549630 -0.474393278 0.321509689 -1.322501063 -0.011095424 0.040830679 0.019898962 0.998906255
1548340566.583160 -0.487274349 0.330101967 -1.329154611 -0.010754203 0.035579905 0.018840607 0.999131322
1548340566.616680 -0.478113800 0.334075838 -1.344231129 -0.011359315 0.030806882 0.018486826 0.999289751
1548340566.650190 -0.485237211 0.340891540 -1.355880260 -0.012022874 0.029729521 0.019496588 0.999295473
1548340566.683710 -0.490015060 0.346638918 -1.361381888 -0.012787811 0.026016688 0.019715210 0.999385238
1548340566.717220 -0.488110125 0.349817872 -1.377780080 -0.014677052 0.021954296 0.017184053 0.999503493
1548340566.750720 -0.486263841 0.352321297 -1.391452670 -0.016205110 0.020421026 0.016514556 0.999523699
1548340566.784240 -0.483010292 0.349582911 -1.401707530 -0.017246362 0.018944930 0.017006332 0.999527097
1548340566.817730 -0.477728337 0.353062063 -1.416485190 -0.017474957 0.018403016 0.015180125 0.999562621
1548340566.851190 -0.477570415 0.354653239 -1.429620862 -0.018522071 0.020347591 0.012667018 0.999541104
1548340566.884670 -0.473738164 0.363589406 -1.442203045 -0.018813781 0.022510448 0.012174224 0.999495447
1548340566.918220 -0.476832420 0.368911207 -1.452172995 -0.019990306 0.025298152 0.010965496 0.999419868
1548340566.951740 -0.469891071 0.374097794 -1.466964602 -0.021736402 0.026988836 0.011254976 0.999336004
1548340566.985310 -0.469976604 0.380343169 -1.468371868 -0.024265304 0.029836396 0.011993162 0.999188244
1548340567.018770 -0.464790732 0.378005475 -1.478683114 -0.028083965 0.033239640 0.012819570 0.998970509
1548340567.052210 -0.475277930 0.383573025 -1.481108785 -0.028676854 0.037422035 0.014669482 0.998780251
1548340567.085720 -0.474232107 0.381438136 -1.488457441 -0.029307203 0.037519705 0.015181168 0.998750627
1548340567.119230 -0.469262421 0.377889752 -1.496199369 -0.029638685 0.038538594 0.015048717 0.998704076
1548340567.152750 -0.480558425 0.383154213 -1.502326012 -0.026510231 0.040818546 0.017334912 0.998664379
1548340567.186280 -0.473806143 0.386579782 -1.514943361 -0.023595881 0.037681855 0.018275924 0.998843968
1548340567.219890 -0.462341249 0.385721534 -1.526567698 -0.021156630 0.036677029 0.020196218 0.998899043
1548340567.253410 -0.467989177 0.389240682 -1.535736561 -0.017399685 0.037556555 0.023192257 0.998873770
1548340567.286930 -0.457710773 0.395612776 -1.552746058 -0.013434147 0.034023505 0.025558339 0.999003828
1548340567.320520 -0.437433749 0.402769059 -1.572636366 -0.011729009 0.032064501 0.025911583 0.999081016
1548340567.354030 -0.437021494 0.410577536 -1.582126617 -0.012514845 0.034793280 0.027548745 0.998936355
1548340567.387550 -0.449688166 0.415320367 -1.584011316 -0.014191247 0.035664711 0.029543580 0.998826206
1548340567.421070 -0.444914341 0.408612430 -1.593744159 -0.016876711 0.030888632 0.028174788 0.998983085
1548340567.454580 -0.419450849 0.402787745 -1.614013195 -0.020294655 0.027655410 0.026481375 0.999060571
1548340567.488100 -0.432953477 0.402444512 -1.615787268 -0.022929443 0.030869735 0.028903637 0.998842239
1548340567.521620 -0.434539199 0.392943829 -1.623650551 -0.025643609 0.028886991 0.028257633 0.998854041
1548340567.555170 -0.436533600 0.386637747 -1.632349968 -0.027284930 0.026733167 0.028299484 0.998869359
1548340567.588700 -0.428187281 0.382137656 -1.653673053 -0.027646070 0.022084154 0.026866974 0.999012589
1548340567.622210 -0.412053853 0.377468377 -1.669960380 -0.027643930 0.020975266 0.025784915 0.999065042
1548340567.655720 -0.447256118 0.374170154 -1.673747420 -0.027127605 0.024986427 0.027663318 0.998936713
1548340567.689250 -0.431189865 0.366586179 -1.693983197 -0.026231799 0.016241631 0.026423365 0.999174595
1548340567.722770 -0.382270992 0.361129612 -1.709495902 -0.025824254 0.012072143 0.024597531 0.999290884
1548340567.756270 -0.400028557 0.361049354 -1.725617886 -0.025202081 0.023585711 0.026381819 0.999055862
1548340567.789810 -0.428076327 0.354932815 -1.734319687 -0.024711384 0.028411517 0.026848266 0.998930097
1548340567.823320 -0.421135426 0.353847444 -1.750527501 -0.022690767 0.024747713 0.025098033 0.999121010
1548340567.856840 -0.354775488 0.335825026 -1.782229900 -0.023903161 0.021590723 0.022901326 0.999218643
1548340567.890360 -0.405616879 0.345359921 -1.783089280 -0.021596050 0.039810479 0.026030105 0.998634636
1548340567.923850 -0.428394943 0.342088491 -1.789835930 -0.019397791 0.041913666 0.025617525 0.998604357
1548340567.957360 -0.418452740 0.327670783 -1.807062864 -0.016976452 0.039231986 0.020979319 0.998865604
1548340567.990810 -0.416622579 0.324188530 -1.822188139 -0.012022186 0.042749878 0.017384514 0.998862207
1548340568.024330 -0.436588913 0.331756026 -1.835115552 -0.005433924 0.045901708 0.015041314 0.998817921
1548340568.057840 -0.438527733 0.333070070 -1.855047941 0.000916974 0.043784246 0.008746074 0.999002278
1548340568.091340 -0.425098687 0.341190547 -1.880598307 0.004944351 0.043419417 0.004058249 0.999036431
1548340568.124830 -0.450197220 0.353753805 -1.887000561 0.006926965 0.048104849 0.001620359 0.998816967
1548340568.158310 -0.454184532 0.353268325 -1.898871660 0.006824324 0.046917554 -0.001244420 0.998874664
1548340568.191820 -0.449339807 0.352653325 -1.913690329 0.007373409 0.045960870 -0.001458605 0.998914957
1548340568.225260 -0.444248974 0.348741561 -1.927897811 0.007958068 0.047484495 -0.001999239 0.998838246
1548340568.258710 -0.462861151 0.364745706 -1.933845878 0.010620208 0.050756257 0.002214053 0.998652160
1548340568.292230 -0.453245610 0.367326051 -1.951482892 0.010320492 0.047456618 0.003648435 0.998813331
1548340568.325740 -0.454234779 0.376701117 -1.965526342 0.009458442 0.047299515 0.005121477 0.998822808
1548340568.359250 -0.446075052 0.377555460 -1.982474208 0.005687201 0.046641290 0.002391489 0.998892605
1548340568.459800 -0.457133234 0.370069325 -2.004450083 -0.001928041 0.048472282 -0.000665312 0.998822451
1548340568.493320 -0.453889191 0.380689472 -2.021718502 -0.000127355 0.050583459 0.000849519 0.998719454
1548340568.526830 -0.451405823 0.379089504 -2.034911156 -0.000553365 0.052129708 0.001050469 0.998639584
1548340568.560350 -0.462028772 0.379403800 -2.038635731 0.000426862 0.054728892 0.003468118 0.998495162
1548340568.593860 -0.449709266 0.382625341 -2.056070089 0.001868434 0.052196290 0.003366387 0.998629391
1548340568.627380 -0.447348803 0.389344603 -2.071589708 0.002531000 0.054210737 0.004926242 0.998514175
1548340568.660900 -0.455818892 0.390510321 -2.076962709 0.001245203 0.056008313 0.006923233 0.998405516
1548340568.694410 -0.461558014 0.387575299 -2.085301876 0.000128599 0.055440519 0.006830586 0.998438597
1548340568.727960 -0.456064284 0.388048619 -2.097371340 -0.000055195 0.053652175 0.006006315 0.998541594
1548340568.761480 -0.456395715 0.387316704 -2.106637716 0.000076203 0.052922502 0.005273026 0.998584688
1548340568.795000 -0.462765127 0.383615911 -2.114805460 0.000180112 0.052873150 0.005047262 0.998588443
1548340568.828510 -0.464296162 0.388546675 -2.124037743 0.001626896 0.050104525 0.004460797 0.998732686
1548340568.862030 -0.476716369 0.392366678 -2.134021997 0.002780184 0.047037940 0.006037901 0.998870969
1548340568.895520 -0.462799489 0.391165763 -2.146256924 0.002894954 0.040752642 0.004400404 0.999155402
1548340568.929060 -0.458659351 0.384006441 -2.158712149 0.003380150 0.037912488 0.002607447 0.999271929
1548340568.962590 -0.451839536 0.387589186 -2.171934843 0.006346818 0.037781075 0.001987212 0.999263942
1548340568.996110 -0.447451800 0.390664399 -2.188620090 0.008441966 0.038495705 -0.001023896 0.999222577
1548340569.029630 -0.466184914 0.394292086 -2.192920923 0.011149566 0.041173488 -0.002838266 0.999085784
1548340569.063150 -0.455615759 0.401754737 -2.212960243 0.014296249 0.036685694 -0.006229240 0.999205172
1548340569.096670 -0.442142069 0.403436631 -2.233088255 0.015142362 0.036018595 -0.008342198 0.999201596
1548340569.130240 -0.448699862 0.408218712 -2.241711617 0.016367489 0.037419628 -0.008936810 0.999125659
1548340569.163970 -0.444905579 0.412819862 -2.253472090 0.017983496 0.037120290 -0.009114317 0.999107361
1548340569.197510 -0.433617115 0.426589936 -2.269966125 0.019137023 0.036355142 -0.007807648 0.999125183
1548340569.231020 -0.437221766 0.427413374 -2.278217793 0.017224988 0.037555721 -0.006643742 0.999123991
1548340569.264550 -0.434357762 0.430155843 -2.287446737 0.015781160 0.036931098 -0.004852172 0.999181449
1548340569.298080 -0.424832255 0.428270042 -2.298867226 0.013636301 0.036792547 -0.004490275 0.999219775
1548340569.331590 -0.435052752 0.428670734 -2.303221941 0.012200464 0.039195389 -0.003534413 0.999150813
1548340569.365120 -0.448174596 0.427160859 -2.308077335 0.012006426 0.039430257 -0.002079736 0.999148011
1548340569.398640 -0.443939984 0.429095626 -2.322549105 0.012720371 0.035982788 -0.002262599 0.999268889
1548340569.432140 -0.436735749 0.425100774 -2.335247278 0.013268699 0.035099614 -0.001000217 0.999295235
1548340569.465660 -0.443634659 0.424403161 -2.344428062 0.015096301 0.035265405 0.001472637 0.999262869
1548340569.499160 -0.426842421 0.425212651 -2.363877296 0.017196825 0.031590469 0.001896742 0.999351144
1548340569.532680 -0.415200531 0.428225338 -2.381393909 0.018707419 0.033402789 0.002988132 0.999262393
1548340569.566190 -0.432355672 0.431513667 -2.385046005 0.020383872 0.036454473 0.005369849 0.999112964
1548340569.599680 -0.427537531 0.432010949 -2.397371054 0.022065109 0.035819791 0.006706313 0.999092102
1548340569.633190 -0.430084854 0.437230259 -2.412420750 0.023792326 0.036635712 0.008214177 0.999011636
1548340569.666710 -0.432180464 0.440906554 -2.425567150 0.024839867 0.035183832 0.009296833 0.999028862
1548340569.700220 -0.420806557 0.440786779 -2.439676285 0.025220720 0.033562861 0.008376328 0.999083221
1548340569.733650 -0.420158356 0.448634237 -2.454604626 0.025920013 0.034951515 0.008772177 0.999014318
1548340569.767170 -0.421223581 0.459388316 -2.465102673 0.026125854 0.035799917 0.009283686 0.998974264
1548340569.800660 -0.430141568 0.460909426 -2.475482941 0.025214667 0.036314145 0.009308185 0.998978913
1548340569.834160 -0.418336272 0.463877678 -2.494771719 0.023862824 0.034059212 0.008448768 0.999099195
1548340569.867680 -0.414665639 0.467871457 -2.507606745 0.021915348 0.035921391 0.007266753 0.999087870
1548340569.901190 -0.429423362 0.473870128 -2.515697718 0.020268993 0.039936725 0.008104816 0.998963773
1548340569.934710 -0.426297009 0.480332077 -2.529913425 0.018690381 0.040011708 0.008174719 0.998990953
1548340569.968240 -0.429089397 0.480250686 -2.543021679 0.015739337 0.042844046 0.006950487 0.998933613
1548340570.001780 -0.436338842 0.483587950 -2.551755190 0.013940040 0.046882596 0.008735038 0.998764992
1548340570.035270 -0.441671342 0.485072166 -2.562499762 0.012776759 0.047531921 0.008537223 0.998751521
1548340570.068790 -0.436191261 0.488067657 -2.575090647 0.012096874 0.048307493 0.007249876 0.998732984
1548340570.102370 -0.440871179 0.486265510 -2.585155249 0.011018184 0.051619239 0.006180774 0.998586953
1548340570.135890 -0.448230118 0.490500271 -2.596218109 0.011266441 0.054284677 0.006182091 0.998442829
1548340570.169410 -0.446877450 0.495944768 -2.604163885 0.011947695 0.055208519 0.005714941 0.998387039
1548340570.202980 -0.443784833 0.499922305 -2.617980719 0.012730495 0.057392497 0.005937535 0.998252869
1548340570.236490 -0.452543080 0.499668837 -2.627722263 0.012924292 0.060060363 0.006341737 0.998090923
1548340570.269960 -0.455497921 0.505863249 -2.637016773 0.013789664 0.060261197 0.007467486 0.998059511
1548340570.303470 -0.455853552 0.507417738 -2.646446228 0.014179890 0.059584867 0.008011469 0.998090386
1548340570.336990 -0.455128789 0.506405711 -2.659457684 0.014567660 0.058247346 0.008702560 0.998157978
1548340570.370510 -0.447354972 0.509845257 -2.673551559 0.015696278 0.056599639 0.009667294 0.998226702
1548340570.404020 -0.448144466 0.512501419 -2.682220936 0.016463308 0.056314990 0.010699957 0.998220026
1548340570.437990 -0.440891653 0.519334316 -2.694219828 0.017391510 0.054954078 0.011215008 0.998274386
1548340570.471510 -0.432066709 0.518290460 -2.708050728 0.017736731 0.054571021 0.012052582 0.998279572
1548340570.505040 -0.425298810 0.520027399 -2.718744516 0.018074414 0.054598521 0.012425264 0.998267472
1548340570.538590 -0.418285787 0.532232761 -2.729713202 0.019034877 0.055316955 0.012135072 0.998213649
1548340570.572100 -0.414071083 0.541103721 -2.740821123 0.018275088 0.056363285 0.011760814 0.998173773
1548340570.605620 -0.415262491 0.550592303 -2.745450258 0.016324610 0.056774490 0.011100921 0.998191833
1548340570.639110 -0.414406180 0.549428523 -2.753065348 0.012857213 0.056815505 0.009834046 0.998253465
1548340570.672620 -0.410945803 0.553171754 -2.760233402 0.009721269 0.056194749 0.008302948 0.998337984
1548340570.706140 -0.415645301 0.556285322 -2.764417648 0.006034544 0.056474678 0.006647683 0.998363674
1548340570.739660 -0.407212675 0.557763994 -2.769509077 0.002275458 0.054796509 0.006244012 0.998475432
1548340570.773200 -0.413025498 0.553594470 -2.773418188 -0.001526048 0.054778989 0.006175322 0.998478293
1548340570.806740 -0.417312831 0.550268173 -2.776856184 -0.004350045 0.052717794 0.006302161 0.998580098
1548340570.840380 -0.409374923 0.547415495 -2.781919479 -0.006305688 0.049684450 0.006094608 0.998726487
1548340570.873940 -0.409120142 0.543517172 -2.788567066 -0.007508320 0.048755869 0.006860618 0.998758972
1548340570.907460 -0.411209702 0.544540048 -2.796444654 -0.007502532 0.047138404 0.007922756 0.998828769
1548340570.940970 -0.409550905 0.544280946 -2.804932117 -0.007629220 0.045014877 0.007882250 0.998926103
1548340570.974510 -0.404651672 0.546031654 -2.812033892 -0.007389428 0.043198418 0.008088221 0.999006450
1548340571.008030 -0.406254858 0.543478727 -2.819342136 -0.007290998 0.042839069 0.008344222 0.999020517
1548340571.041540 -0.406829298 0.542831719 -2.833269835 -0.006659577 0.042778611 0.008427409 0.999026835
1548340571.075060 -0.405999541 0.545352578 -2.842756748 -0.005185127 0.041942436 0.008865377 0.999067247
1548340571.108550 -0.406717807 0.542656720 -2.849267483 -0.004248572 0.042435873 0.009021117 0.999049425
1548340571.142070 -0.409967870 0.543025672 -2.855839491 -0.002563472 0.043364488 0.010391625 0.999001980
1548340571.175580 -0.408374012 0.544443250 -2.867091417 -0.000627204 0.042918339 0.011201845 0.999015629
1548340571.208940 -0.410209030 0.546279967 -2.878374100 0.001369179 0.043395411 0.012294446 0.998981416
1548340571.242380 -0.412956953 0.549778938 -2.887596607 0.002989854 0.043788496 0.013846222 0.998940408
1548340571.275900 -0.412012607 0.557950079 -2.902119160 0.004679987 0.042819206 0.015798433 0.998946965
1548340571.309410 -0.403050274 0.563496411 -2.913432360 0.005260695 0.041742481 0.016979652 0.998970270
1548340571.342890 -0.403662503 0.566478252 -2.923953295 0.004916198 0.043104522 0.019201839 0.998873949
1548340571.376400 -0.404979706 0.570105791 -2.931744099 0.004716251 0.043538693 0.020961856 0.998820662
1548340571.409920 -0.393432379 0.574625254 -2.937500477 0.004047354 0.043871913 0.021864239 0.998789668
1548340571.443430 -0.402727455 0.574043155 -2.948817015 0.002300041 0.048298564 0.023792159 0.998546898
1548340571.476940 -0.407108784 0.569125831 -2.952382326 0.000907983 0.051130868 0.026165988 0.998348713
1548340571.510370 -0.404869407 0.572895050 -2.961202860 0.001235456 0.052629158 0.027007528 0.998248100
1548340571.543880 -0.395949781 0.577429891 -2.974030733 0.001180988 0.055455085 0.028226135 0.998061419
1548340571.577490 -0.406081438 0.579487503 -2.974783659 0.000253080 0.060805559 0.029460784 0.997714758
1548340571.611000 -0.406599790 0.578618288 -2.983443022 -0.000371925 0.063922398 0.029933408 0.997505784
1548340571.644520 -0.413676381 0.575718284 -2.989295006 -0.000860020 0.068108171 0.030074261 0.997224152
1548340571.677730 -0.421160311 0.575106919 -2.996704578 -0.000497709 0.071336113 0.029464509 0.997016907
1548340571.711250 -0.425461680 0.572010219 -3.006321907 0.000496663 0.072627932 0.029051566 0.996935725
1548340571.745180 -0.419821233 0.581314802 -3.013814211 0.003043592 0.073708847 0.028951894 0.996854842
1548340571.778460 -0.434796095 0.577058852 -3.026699781 0.004253740 0.076097868 0.029165663 0.996664643
1548340571.811980 -0.438026756 0.573928595 -3.033910751 0.006213279 0.075234294 0.028413830 0.996741593
1548340571.845490 -0.437303066 0.578744769 -3.045115232 0.009190125 0.073612206 0.028804509 0.996828496
1548340571.879010 -0.438819349 0.579223812 -3.058453798 0.011742542 0.072319716 0.028859165 0.996894717
1548340571.912520 -0.441225886 0.584937751 -3.063474417 0.015166237 0.070371382 0.028626665 0.996994674
1548340571.946080 -0.432967365 0.588880360 -3.074407339 0.018234655 0.067077577 0.028232569 0.997181535
1548340571.979600 -0.420357794 0.584268451 -3.087226152 0.019924058 0.065452769 0.027003529 0.997291207
1548340572.013110 -0.423356712 0.589391053 -3.091545105 0.022563031 0.066607401 0.026782975 0.997164488
1548340572.046590 -0.432992488 0.588358879 -3.102635384 0.024462322 0.066034690 0.026421979 0.997167408
1548340572.080100 -0.420479387 0.594603300 -3.109773397 0.026883656 0.062241919 0.025228608 0.997379899
1548340572.113620 -0.420111716 0.596513271 -3.113967419 0.028325478 0.061304368 0.023379518 0.997443140
1548340572.147140 -0.423995972 0.603545904 -3.112366199 0.030098448 0.060434297 0.023166580 0.997449279
1548340572.180650 -0.412328571 0.603754580 -3.120900869 0.030994406 0.058044434 0.022838172 0.997571349
1548340572.214170 -0.409495920 0.606400013 -3.125767708 0.031532124 0.057794563 0.022466000 0.997577488
1548340572.247580 -0.411123186 0.609652817 -3.127462149 0.031879045 0.057734791 0.022162927 0.997576654
1548340572.281010 -0.402257234 0.613358557 -3.135667324 0.032116864 0.056040328 0.021874139 0.997672021
1548340572.314170 -0.396144569 0.619614363 -3.138017178 0.031726833 0.055423412 0.021680737 0.997723222
1548340572.347520 -0.390172541 0.627028465 -3.139435291 0.030310091 0.055552766 0.022179598 0.997749090
1548340572.381030 -0.393268257 0.624538243 -3.136440039 0.027397325 0.055995941 0.022350866 0.997804701
1548340572.414550 -0.386029601 0.618070960 -3.134813309 0.024786521 0.055481888 0.021314058 0.997924387
1548340572.448070 -0.389925748 0.616266549 -3.128965378 0.023512583 0.057607654 0.020750657 0.997846663
1548340572.481590 -0.395412624 0.614237845 -3.126702547 0.022924112 0.057580050 0.020357201 0.997870028
1548340572.515110 -0.399044931 0.611629903 -3.123080492 0.022326421 0.056579575 0.019533824 0.997957289
1548340572.548660 -0.400807530 0.608159542 -3.119104385 0.022167530 0.054718688 0.018440288 0.998085380
1548340572.582180 -0.392536402 0.608485997 -3.115993261 0.022859249 0.052792363 0.018632183 0.998169959
1548340572.615700 -0.398756891 0.609008968 -3.115495920 0.023992350 0.051160406 0.018687556 0.998227298
1548340572.649210 -0.396548629 0.610888362 -3.109673023 0.024743430 0.048335712 0.018525302 0.998352766
1548340572.682760 -0.399177760 0.605719090 -3.109927893 0.024794005 0.046440013 0.018535320 0.998441279
1548340572.716290 -0.394973934 0.606314480 -3.105252981 0.025569770 0.043921106 0.018966015 0.998527586
1548340572.749880 -0.398926049 0.600113750 -3.101715565 0.025679201 0.043320563 0.019776503 0.998535335
1548340572.783320 -0.403281897 0.592378676 -3.101390123 0.026464194 0.041448262 0.020176014 0.998586297
1548340572.816840 -0.398072451 0.590346456 -3.098330975 0.028270245 0.039808508 0.020900207 0.998588681
1548340572.851030 -0.404198676 0.588611782 -3.091858387 0.030422309 0.039359365 0.021944091 0.998520792
1548340572.884570 -0.402871609 0.586002588 -3.090381861 0.032827109 0.037485596 0.022465264 0.998505175
1548340572.918120 -0.398343205 0.591639280 -3.090641737 0.035744932 0.036964633 0.023565240 0.998399019
1548340572.951630 -0.402242929 0.591560125 -3.083465815 0.036995135 0.038074575 0.024625156 0.998286188
1548340572.985150 -0.399231821 0.591495633 -3.080243826 0.037957858 0.038213391 0.025416341 0.998224914
1548340573.018670 -0.397076339 0.592223644 -3.075585127 0.038260948 0.039479923 0.026007826 0.998148799
1548340573.052180 -0.404106259 0.591806769 -3.069125891 0.038067531 0.041849304 0.026405815 0.998049200
1548340573.085700 -0.410239398 0.589938819 -3.060842991 0.037865043 0.043220542 0.026636098 0.997992396
1548340573.119280 -0.405338943 0.586485147 -3.058692455 0.037823692 0.043946516 0.025965640 0.997979879
1548340573.152700 -0.411881536 0.583763123 -3.050769567 0.037707217 0.047212072 0.025413584 0.997849345
1548340573.186190 -0.422321409 0.585775256 -3.043944836 0.037809756 0.049293377 0.024738118 0.997761786
1548340573.218480 -0.412964076 0.586516500 -3.042877913 0.037511121 0.049680497 0.023593226 0.997781575
1548340573.251990 -0.419569284 0.585933506 -3.031661034 0.036941435 0.053136460 0.023590274 0.997624815
1548340573.286500 -0.425615758 0.584266841 -3.022629738 0.036440972 0.055397682 0.023814417 0.997514904
1548340573.320020 -0.426471412 0.579212904 -3.014756680 0.036160674 0.056364745 0.024427023 0.997456133
1548340573.353500 -0.433126599 0.578129768 -3.006599188 0.036517978 0.058285590 0.025881626 0.997296035
1548340573.386430 -0.442345917 0.578322947 -2.996999502 0.036772005 0.058314569 0.026480274 0.997269273
1548340573.419860 -0.423306346 0.580950499 -2.994443893 0.036309704 0.055764228 0.027537052 0.997403443
1548340573.453460 -0.408152342 0.582017124 -2.987447977 0.034682397 0.057509780 0.028120989 0.997345924
1548340573.487020 -0.419211388 0.578676224 -2.974900723 0.032305799 0.062362079 0.028559919 0.997121751
1548340573.520540 -0.427612633 0.576885462 -2.960158348 0.030333227 0.064118460 0.027739787 0.997095346
1548340573.554060 -0.410739839 0.573468387 -2.956028700 0.028289920 0.063419625 0.027216496 0.997214615
1548340573.587570 -0.414806724 0.576220155 -2.935091496 0.026573008 0.066411652 0.026518576 0.997085810
1548340573.621040 -0.423294336 0.569649041 -2.926701069 0.024246473 0.068249524 0.025747472 0.997041225
1548340573.654560 -0.418871820 0.572860181 -2.913389444 0.022934377 0.067730457 0.025457913 0.997115076
1548340573.688070 -0.413682133 0.572139323 -2.898585796 0.020873247 0.067405611 0.024537198 0.997205496
1548340573.721590 -0.417142093 0.569311917 -2.883997440 0.018569184 0.067578182 0.024232836 0.997246802
1548340573.755090 -0.415482730 0.561786115 -2.872837543 0.016093079 0.066358685 0.023735579 0.997383654
1548340573.788600 -0.412452489 0.554335594 -2.858031750 0.014531333 0.064788006 0.023055334 0.997526824
1548340573.822110 -0.426290900 0.540967584 -2.842157125 0.013724049 0.063652821 0.021757033 0.997640491
1548340573.855600 -0.434240192 0.536098003 -2.830280066 0.015302974 0.058346432 0.020421157 0.997970164
1548340573.889140 -0.404539913 0.534839392 -2.822867632 0.017315852 0.049792320 0.018204376 0.998443484
1548340573.922660 -0.402574122 0.527577281 -2.813103914 0.018270269 0.048186630 0.015811184 0.998546064
1548340573.956180 -0.417663127 0.523560405 -2.801920414 0.019944757 0.045223698 0.013778856 0.998682678
1548340573.989690 -0.389042318 0.527086437 -2.795758009 0.022052692 0.038075298 0.010340706 0.998977959
1548340574.023200 -0.384555072 0.526762664 -2.787619829 0.021939196 0.037111126 0.007677487 0.999040782
1548340574.056700 -0.400692791 0.522166669 -2.771703243 0.020584961 0.036577616 0.005802564 0.999101937
1548340574.090200 -0.390414625 0.513427317 -2.760242701 0.019249067 0.031213548 0.002053481 0.999325216
1548340574.123710 -0.375744969 0.510032117 -2.754220009 0.018384574 0.029105702 -0.001216657 0.999406517
1548340574.157200 -0.388303220 0.511363626 -2.736767292 0.017871726 0.029540775 -0.004099100 0.999395370
1548340574.190660 -0.385616958 0.513068795 -2.724679947 0.016938588 0.026349595 -0.006672529 0.999486983
1548340574.224180 -0.365412086 0.508026183 -2.715421438 0.015094684 0.023742702 -0.009788794 0.999556184
1548340574.257690 -0.380549014 0.509121239 -2.695054531 0.013871106 0.026632644 -0.010264560 0.999496341
1548340574.291290 -0.399479985 0.505855083 -2.680263519 0.012550090 0.024431111 -0.010799296 0.999564350
1548340574.324810 -0.369049281 0.501531303 -2.674462318 0.011098788 0.016605092 -0.012138782 0.999726832
1548340574.358420 -0.350757897 0.502432704 -2.661608458 0.009380559 0.015623548 -0.011988833 0.999762058
1548340574.392070 -0.367869645 0.498120815 -2.640501499 0.006721954 0.018792912 -0.011392723 0.999735892
1548340574.425470 -0.366550267 0.498574287 -2.622695923 0.005131730 0.016518012 -0.010494430 0.999795318
1548340574.458990 -0.352589667 0.498055637 -2.607950687 0.003517007 0.014084772 -0.009956363 0.999845028
1548340574.492550 -0.352462053 0.496787220 -2.588653326 0.001450984 0.014604424 -0.009270625 0.999849319
1548340574.526070 -0.346624821 0.495602161 -2.571212769 -0.000241687 0.014034233 -0.008550022 0.999864936
1548340574.559650 -0.339281440 0.493271500 -2.552813768 -0.002214612 0.014427644 -0.007549488 0.999864936
1548340574.593330 -0.323890209 0.490239054 -2.536973476 -0.004225028 0.015427615 -0.005967709 0.999854207
1548340574.627340 -0.321501821 0.481884420 -2.517947674 -0.006384046 0.019220147 -0.004010661 0.999786854
1548340574.660870 -0.334202737 0.478590041 -2.492242336 -0.007669790 0.023429811 -0.003213223 0.999690890
1548340574.694390 -0.330036610 0.471003115 -2.469899654 -0.008240664 0.024747435 -0.002377421 0.999656916
1548340574.727900 -0.330237925 0.467838615 -2.451580048 -0.007804874 0.028343534 -0.000525165 0.999567628
1548340574.761410 -0.344159871 0.464239538 -2.432389736 -0.006767400 0.030717108 0.001530454 0.999504030
1548340574.794920 -0.326694161 0.458744377 -2.419892073 -0.006207456 0.029478449 0.001926637 0.999544263
1548340574.827950 -0.326231718 0.457986593 -2.402556896 -0.005290620 0.032250106 0.002832711 0.999461830
1548340574.861450 -0.335053235 0.456933647 -2.385504246 -0.004434234 0.034530189 0.003237669 0.999388576
1548340574.894960 -0.314809203 0.454300821 -2.372345209 -0.004162762 0.034147903 0.002094215 0.999405921
1548340574.928480 -0.330184519 0.443573773 -2.350119114 -0.005995822 0.040217742 0.002307564 0.999170244
1548340574.961990 -0.358043671 0.443926483 -2.336193800 -0.005333094 0.043105654 0.003129926 0.999051392
1548340574.995460 -0.349382162 0.438881129 -2.322214365 -0.004897532 0.037854798 0.002300935 0.999268651
1548340575.028980 -0.330166310 0.437687814 -2.312309742 -0.005558625 0.035110209 0.002103329 0.999365747
1548340575.062170 -0.334326059 0.436252475 -2.293615580 -0.006735635 0.036749203 0.002147060 0.999299526
1548340575.095690 -0.334991813 0.433847934 -2.273748875 -0.008107296 0.036737550 0.001577263 0.999290824
1548340575.129050 -0.326520115 0.430847615 -2.259220600 -0.009441991 0.036248278 0.001025168 0.999297678
1548340575.162570 -0.331889480 0.427151859 -2.241434813 -0.010818830 0.038107663 0.001462544 0.999213994
1548340575.196090 -0.339470714 0.427335471 -2.220307350 -0.011792553 0.038280115 0.002051217 0.999195337
1548340575.229750 -0.335658133 0.421468645 -2.202690125 -0.013264280 0.036537010 0.001208129 0.999243498
1548340575.263270 -0.325955570 0.425493509 -2.179080963 -0.013579783 0.036041837 0.001967656 0.999256074
1548340575.297110 -0.334256470 0.423115075 -2.155477285 -0.014949072 0.036646124 0.002108336 0.999214232
1548340575.330620 -0.328303218 0.422497541 -2.138368607 -0.015770305 0.034477178 0.001622038 0.999279737
1548340575.363810 -0.340715528 0.417083561 -2.114095926 -0.017172974 0.034781601 0.001598057 0.999246120
1548340575.397180 -0.337525427 0.411490202 -2.094275713 -0.017811038 0.029076397 0.000999022 0.999418020
1548340575.430700 -0.320006162 0.408719301 -2.077514410 -0.017753847 0.024838896 -0.000608982 0.999533594
1548340575.464360 -0.332675844 0.406311095 -2.054657698 -0.018297372 0.025978172 -0.001247971 0.999494255
1548340575.498140 -0.330756932 0.399989963 -2.034790039 -0.018517580 0.022184305 -0.003060192 0.999577701
1548340575.531650 -0.313574016 0.395164967 -2.020595789 -0.017997093 0.018934973 -0.003676384 0.999651968
1548340575.565170 -0.316607535 0.390192747 -2.000298977 -0.017553732 0.019483540 -0.003861413 0.999648571
1548340575.598680 -0.314317942 0.387180835 -1.979575276 -0.016327977 0.016863404 -0.003712624 0.999717593
1548340575.632200 -0.303178489 0.384041846 -1.967488408 -0.015687443 0.013931194 -0.004312235 0.999770582
1548340575.665720 -0.298648059 0.382453203 -1.947975874 -0.015749969 0.012891340 -0.002949135 0.999788523
1548340575.699220 -0.303812206 0.376732558 -1.925077796 -0.016670143 0.012052904 -0.002313242 0.999785721
1548340575.732430 -0.292781830 0.371677518 -1.910754204 -0.017323006 0.008643887 -0.000848506 0.999812186
1548340575.765920 -0.290365428 0.370231688 -1.891686559 -0.017855816 0.006283405 0.000860124 0.999820471
1548340575.799430 -0.288822234 0.363252997 -1.876496553 -0.019465817 0.003379445 0.000993745 0.999804318
1548340575.832950 -0.275912374 0.358468026 -1.861405492 -0.020996194 0.000631859 0.001362430 0.999778450
1548340575.866490 -0.281485975 0.351754963 -1.840974450 -0.023398459 0.000994393 0.001425321 0.999724686
1548340575.900110 -0.278223872 0.345761448 -1.826190114 -0.025169550 -0.000687917 0.001446018 0.999681890
1548340575.933520 -0.270032048 0.340827137 -1.807371736 -0.026668036 -0.002035948 0.000789878 0.999641955
1548340575.967020 -0.271757394 0.337171555 -1.788283110 -0.028087983 -0.001090454 0.001303104 0.999603987
1548340576.000530 -0.271378309 0.331172794 -1.768831849 -0.029425234 -0.001016670 0.000508157 0.999566317
1548340576.034070 -0.255464554 0.329595685 -1.754171729 -0.030590110 -0.001420349 0.000393024 0.999530911
1548340576.067690 -0.260059118 0.325931668 -1.733811259 -0.032490131 0.002097272 0.000107956 0.999469817
1548340576.101410 -0.262927294 0.321694642 -1.714517236 -0.033776917 0.003694978 0.001006282 0.999422073
1548340576.134960 -0.260132730 0.316145688 -1.694913149 -0.034651775 0.004570831 0.000505055 0.999388874
1548340576.168480 -0.259093136 0.313486427 -1.676548481 -0.035033684 0.005996995 0.000739953 0.999367833
1548340576.202020 -0.259463638 0.307762325 -1.655099988 -0.036084607 0.008102952 0.000366873 0.999315798
1548340576.235620 -0.257786065 0.299584478 -1.638080835 -0.037209310 0.009719184 0.000597170 0.999260068
1548340576.269130 -0.264838606 0.294868797 -1.616910815 -0.037455499 0.013855970 0.001185201 0.999201536
1548340576.302650 -0.275416583 0.295694560 -1.596227765 -0.036535475 0.015764389 0.002940325 0.999203682
1548340576.336170 -0.268986136 0.290174067 -1.577124119 -0.036925055 0.012871453 0.002122126 0.999232888
1548340576.369680 -0.255914420 0.291328371 -1.565055370 -0.036607228 0.013567863 0.002734027 0.999233902
1548340576.403210 -0.266578376 0.291732043 -1.541762829 -0.037890829 0.018009745 0.005038250 0.999106884
1548340576.436750 -0.273041159 0.286638558 -1.518885016 -0.040045764 0.018549332 0.007166103 0.998999953
1548340576.470270 -0.270609140 0.284831643 -1.499730468 -0.041506965 0.017756442 0.009332816 0.998936832
1548340576.503790 -0.270576179 0.277927577 -1.476213932 -0.043644726 0.017206492 0.011150303 0.998836696
1548340576.537280 -0.273460597 0.269377470 -1.457091093 -0.045254499 0.015614146 0.012800610 0.998771429
1548340576.570790 -0.270303756 0.267915905 -1.438508153 -0.045500852 0.012376210 0.013370983 0.998798132
1548340576.604290 -0.257826537 0.266501218 -1.423885703 -0.046062805 0.011086339 0.013792070 0.998781800
1548340576.637580 -0.266015410 0.263823003 -1.400314689 -0.047480162 0.013753846 0.015002264 0.998664796
1548340576.671100 -0.266424149 0.259397209 -1.382697582 -0.048905909 0.012849607 0.014892655 0.998609662
1548340576.704560 -0.261200845 0.255138725 -1.367649436 -0.050196655 0.012255280 0.014237843 0.998562634
1548340576.738030 -0.260337442 0.255357355 -1.346294165 -0.050816022 0.012357346 0.014653132 0.998524070
1548340576.771540 -0.256293029 0.250931412 -1.328338981 -0.052467648 0.012120323 0.014611488 0.998442173
1548340576.805060 -0.258869827 0.245147228 -1.306492329 -0.053709611 0.012971294 0.015290936 0.998355269
1548340576.838560 -0.264739096 0.244044319 -1.279762864 -0.053052627 0.012237661 0.016377984 0.998382390
1548340576.872070 -0.256310433 0.241160706 -1.264079690 -0.052458219 0.008598167 0.016174654 0.998455107
1548340576.905590 -0.254453808 0.234721348 -1.241977334 -0.052552618 0.008497676 0.017208856 0.998433709
1548340576.939090 -0.255411118 0.231008574 -1.222114921 -0.051308677 0.008463098 0.017521124 0.998493254
1548340576.972570 -0.254182279 0.227561221 -1.202767611 -0.049767099 0.007672316 0.018155985 0.998566329
1548340577.006080 -0.250748158 0.223070934 -1.184752584 -0.048769992 0.005972061 0.019872248 0.998594463
1548340577.039590 -0.245156139 0.217874125 -1.168584108 -0.048071638 0.005577227 0.019985341 0.998628378
1548340577.073080 -0.246297643 0.216617107 -1.150213361 -0.047202110 0.006674750 0.022157308 0.998617291
1548340577.106600 -0.249887228 0.210311487 -1.133162260 -0.047341075 0.005871975 0.023888957 0.998575807
1548340577.140110 -0.254146785 0.203562111 -1.111753345 -0.046774179 0.005508016 0.023809742 0.998606503
1548340577.173620 -0.251940638 0.205186233 -1.098871946 -0.044794794 0.001229272 0.024770377 0.998688281
1548340577.207130 -0.247893229 0.193171367 -1.086596966 -0.045773286 -0.001415212 0.023211140 0.998681128
1548340577.240650 -0.249730214 0.190050304 -1.069867492 -0.045316916 -0.002271370 0.023851063 0.998685300
1548340577.274180 -0.254797727 0.188243985 -1.057420969 -0.044543993 -0.003922977 0.024129195 0.998708248
1548340577.307690 -0.251839578 0.187371150 -1.043657064 -0.044082727 -0.006996566 0.023566667 0.998725355
1548340577.341200 -0.253464013 0.181501687 -1.029549479 -0.044003796 -0.008127712 0.022281181 0.998749793
1548340577.374720 -0.254666388 0.175672635 -1.014355540 -0.043669149 -0.006605857 0.021770872 0.998786986
1548340577.408230 -0.263982624 0.175809681 -0.998554707 -0.041905086 -0.005188034 0.022445817 0.998855948
1548340577.441880 -0.256800264 0.171069071 -0.991294026 -0.041286372 -0.005352300 0.021705946 0.998897195
1548340577.475400 -0.261844516 0.169823661 -0.974067330 -0.039951507 -0.000728067 0.023675693 0.998920798
1548340577.508910 -0.265438735 0.167837784 -0.962740898 -0.038975313 0.002022459 0.024617424 0.998934865
1548340577.542260 -0.261984408 0.163745448 -0.949496329 -0.038463358 0.005152282 0.026106661 0.998905599
1548340577.575710 -0.278475285 0.160937324 -0.929098010 -0.036692247 0.011106708 0.027989041 0.998872817
1548340577.609230 -0.278728098 0.156204388 -0.919389248 -0.034891877 0.012841335 0.028604019 0.998899102
1548340577.642750 -0.287453085 0.154746383 -0.903183460 -0.032249581 0.017198876 0.030290727 0.998872697
1548340577.676570 -0.300103158 0.152358562 -0.886222780 -0.029079797 0.020239413 0.033439007 0.998812556
1548340577.710400 -0.287950218 0.148034006 -0.886897683 -0.026863644 0.020039579 0.033510081 0.998876274
1548340577.744030 -0.294171274 0.148465514 -0.872471511 -0.024661265 0.026220249 0.036393467 0.998689055
1548340577.777580 -0.310718209 0.147834986 -0.854743004 -0.022831770 0.030494260 0.040422760 0.998456240
1548340577.810330 -0.314660460 0.140273109 -0.845622063 -0.022186425 0.030136291 0.042396314 0.998399794
1548340577.843840 -0.314787358 0.131069019 -0.836754858 -0.021215735 0.032714359 0.045669436 0.998195350
1548340577.877360 -0.323719323 0.118719518 -0.819021702 -0.018105496 0.036277588 0.050196137 0.997916043
1548340577.910870 -0.314381987 0.110628359 -0.815380931 -0.014231282 0.037812337 0.054478217 0.997697234
1548340577.944390 -0.322400957 0.109699115 -0.802375615 -0.009125732 0.042976134 0.060497493 0.997200966
1548340577.977910 -0.328961313 0.101969704 -0.793863058 -0.006383267 0.044235744 0.063008845 0.997011662
1548340578.011420 -0.321736515 0.097654335 -0.791242063 -0.003955147 0.045525484 0.062416151 0.997003496
1548340578.045700 -0.330404609 0.093260922 -0.777717412 -0.001135162 0.050134987 0.063021235 0.996751428
1548340578.079370 -0.334144354 0.091276184 -0.770159006 0.001603792 0.050740834 0.062916800 0.996726751
1548340578.113400 -0.328665107 0.087153591 -0.764560461 0.002711099 0.051803399 0.060630720 0.996811390
1548340578.147110 -0.337506831 0.086621813 -0.751578093 0.004101278 0.055399667 0.059517946 0.996680319
1548340578.180620 -0.339852184 0.085043527 -0.742856264 0.004572582 0.056357354 0.057886936 0.996720612
1548340578.214140 -0.337297767 0.085673340 -0.733657062 0.004794594 0.058215808 0.056422666 0.996696711
1548340578.246950 -0.346305072 0.085769176 -0.719197989 0.005072568 0.060423698 0.056558494 0.996556222
1548340578.280470 -0.347997546 0.082066789 -0.707836330 0.004773472 0.060303655 0.056406353 0.996573627
1548340578.313980 -0.354377389 0.079284690 -0.687536061 0.005309766 0.061476998 0.056482095 0.996494889
1548340578.348200 -0.356496364 0.078482434 -0.672934651 0.006225765 0.060905669 0.056236390 0.996538579
1548340578.381720 -0.352934003 0.074251838 -0.661338389 0.006556682 0.059818249 0.055778515 0.996628046
1548340578.414530 -0.355510324 0.071652994 -0.644301534 0.007124034 0.060538806 0.055895038 0.996574163
1548340578.447820 -0.359960079 0.071089923 -0.628070772 0.008161881 0.060412109 0.055593014 0.996590793
1548340578.481340 -0.359239697 0.065312080 -0.611926913 0.008883717 0.059103150 0.053796396 0.996761680
1548340578.514860 -0.354085952 0.062378637 -0.596682847 0.010155297 0.058519199 0.053319205 0.996809602
1548340578.548370 -0.354687095 0.062493574 -0.579300225 0.010964000 0.058624055 0.051713053 0.996879458
1548340578.581890 -0.349744499 0.058044158 -0.564528406 0.010199750 0.057006519 0.048791036 0.997128665
1548340578.615400 -0.330680460 0.052273963 -0.554661393 0.008676435 0.057184450 0.046302099 0.997251570
1548340578.648890 -0.337041050 0.054832857 -0.530448616 0.007932915 0.060818966 0.046159271 0.997049332
1548340578.682410 -0.335160851 0.053074136 -0.508911192 0.005483841 0.060817361 0.044725832 0.997131228
1548340578.715950 -0.326909304 0.048121799 -0.490348428 0.002124112 0.060507767 0.043650642 0.997210562
1548340578.749470 -0.334662020 0.050299782 -0.460905910 0.000366016 0.061921619 0.045190297 0.997057378
1548340578.782980 -0.322615951 0.041417643 -0.448692083 -0.003611474 0.056326017 0.040924009 0.997566819
1548340578.816500 -0.318366468 0.034948263 -0.429866523 -0.007463251 0.056560900 0.039074223 0.997606277
1548340578.849990 -0.322625250 0.032756437 -0.403836876 -0.009603299 0.056231368 0.039164007 0.997603118
1548340578.883500 -0.310747206 0.020798929 -0.392173976 -0.012517495 0.052347988 0.036473863 0.997884095
1548340578.916990 -0.309439480 0.016070705 -0.371548712 -0.014038540 0.054662179 0.038634755 0.997658432
1548340578.950490 -0.311783075 0.013881055 -0.347365260 -0.014008316 0.054574605 0.041739121 0.997538567
1548340578.984020 -0.296689183 0.003008012 -0.340901285 -0.014464251 0.051909953 0.040588759 0.997721732
1548340579.017590 -0.291945577 0.001818897 -0.327700347 -0.013700132 0.053616546 0.041105326 0.997621119
1548340579.050960 -0.295661986 0.004755822 -0.309542626 -0.013527396 0.055509079 0.041737292 0.997493684
1548340579.084470 -0.290326893 -0.000200030 -0.296698689 -0.014150505 0.053852569 0.039154787 0.997680545
1548340579.117990 -0.283292562 -0.003980578 -0.284646928 -0.015359751 0.054599836 0.037401345 0.997689307
1548340579.151500 -0.283943325 -0.004445244 -0.271305621 -0.017090080 0.056192413 0.036845148 0.997593462
1548340579.185020 -0.282689303 -0.012745333 -0.253730327 -0.020011449 0.055950548 0.034161009 0.997648239
1548340579.218470 -0.275363237 -0.017088464 -0.235486895 -0.021405978 0.057869479 0.034279916 0.997505784
1548340579.251820 -0.275268853 -0.017480208 -0.220466390 -0.021343810 0.059844229 0.035563007 0.997345626
1548340579.285230 -0.275278449 -0.020834338 -0.202904835 -0.021885650 0.059259754 0.035253551 0.997379780
1548340579.318850 -0.268436611 -0.026348384 -0.185177550 -0.022022190 0.057850823 0.034776825 0.997476220
1548340579.352370 -0.260937631 -0.032225560 -0.171684101 -0.021953769 0.057567816 0.035418723 0.997471511
1548340579.385890 -0.266764045 -0.031352736 -0.152310759 -0.020553155 0.057396583 0.034648061 0.997538328
1548340579.419400 -0.248155043 -0.046445031 -0.141108781 -0.021784475 0.053805202 0.030779073 0.997839212
1548340579.452870 -0.240613088 -0.051416434 -0.124965727 -0.021196425 0.058407027 0.030288598 0.997608125
1548340579.486350 -0.243303806 -0.050992090 -0.109141909 -0.019693604 0.061566103 0.031031152 0.997426093
1548340579.519870 -0.241225317 -0.059085283 -0.095285304 -0.020621354 0.061221328 0.027800417 0.997523844
1548340579.553380 -0.227940246 -0.059084579 -0.082713418 -0.020919714 0.062620394 0.025981184 0.997479856
1548340579.586880 -0.233860701 -0.062202826 -0.063117608 -0.022546913 0.065957107 0.025624856 0.997238517
1548340579.620360 -0.228281111 -0.069941588 -0.049655031 -0.025367718 0.065044895 0.022411527 0.997308016
1548340579.653880 -0.226342410 -0.077010304 -0.035019953 -0.028238779 0.066178620 0.021218721 0.997182369
1548340579.687400 -0.225795120 -0.080882706 -0.017891452 -0.030008370 0.065645412 0.021047587 0.997169554
1548340579.720910 -0.214174107 -0.089062750 -0.006122783 -0.032055814 0.062964611 0.019380236 0.997312546
1548340579.754420 -0.207072511 -0.089150950 0.005854798 -0.033117495 0.063699730 0.020324076 0.997212350
1548340579.787960 -0.204670668 -0.090595923 0.022555782 -0.034868717 0.063225076 0.020914366 0.997170627
1548340579.821470 -0.197140396 -0.096306421 0.037850704 -0.037175894 0.061131708 0.020031204 0.997235954
1548340579.854990 -0.189662874 -0.099486902 0.051754091 -0.038719449 0.060377862 0.021383213 0.997195125
1548340579.888500 -0.187520772 -0.102413677 0.067767806 -0.040276621 0.059441324 0.022076944 0.997174561
1548340579.922030 -0.177404255 -0.105440751 0.089064598 -0.041224156 0.055506565 0.022852637 0.997345150
1548340579.955580 -0.168703452 -0.110875092 0.105482198 -0.041885983 0.053005502 0.023128267 0.997447252
1548340579.989110 -0.164124712 -0.112693995 0.107501879 -0.042264402 0.049704090 0.023969918 0.997581422
1548340580.022630 -0.152244076 -0.117272943 0.123807229 -0.041556172 0.044193540 0.023503976 0.997881532
1548340580.056240 -0.144334823 -0.122054964 0.141023636 -0.040655266 0.039475802 0.023120590 0.998125374
1548340580.089760 -0.134641930 -0.128883436 0.158732444 -0.039382454 0.034217991 0.021988735 0.998396039
1548340580.123270 -0.129936561 -0.134072304 0.173678800 -0.037322793 0.029459199 0.020655839 0.998655379
1548340580.156790 -0.120280221 -0.137867421 0.190379098 -0.035793688 0.023902811 0.018380409 0.998904228
1548340580.190160 -0.110970087 -0.142649025 0.206478596 -0.035524976 0.019203762 0.017646443 0.999028444
1548340580.223670 -0.105300389 -0.147626609 0.222790018 -0.036263306 0.014469409 0.017115485 0.999090910
1548340580.257190 -0.098283939 -0.156503066 0.236502871 -0.037805654 0.008577539 0.014563343 0.999142170
1548340580.290850 -0.097503774 -0.161709577 0.254140109 -0.038713545 0.003019677 0.010433699 0.999191284
1548340580.324400 -0.096026585 -0.168123439 0.267111957 -0.040050004 -0.002488044 0.007473584 0.999166608
1548340580.357910 -0.088012680 -0.177036121 0.285261810 -0.041846965 -0.009497353 0.002778993 0.999075055
1548340580.391570 -0.084135160 -0.183042869 0.302255094 -0.042777896 -0.012622953 0.001098194 0.999004245
1548340580.425080 -0.082953393 -0.186892882 0.316830158 -0.042838216 -0.016746113 0.000431221 0.998941541
1548340580.458390 -0.091455340 -0.190321475 0.330931127 -0.042058676 -0.022824103 -0.001875086 0.998852611
1548340580.491900 -0.077331334 -0.194135532 0.348252088 -0.040969729 -0.032180276 -0.006169662 0.998622954
1548340580.525350 -0.079615496 -0.195495129 0.364249080 -0.040114164 -0.034880631 -0.007210072 0.998560071
1548340580.558860 -0.083096504 -0.199254036 0.379553556 -0.039450027 -0.038851794 -0.009207772 0.998423517
1548340580.592450 -0.075614534 -0.199432760 0.392019600 -0.037365858 -0.044793084 -0.012826775 0.998214841
1548340580.626000 -0.076257713 -0.198587969 0.408002496 -0.036193717 -0.046635803 -0.015616684 0.998133898
1548340580.659570 -0.074213266 -0.200426489 0.422669113 -0.036433414 -0.049174085 -0.018616924 0.997951865
1548340580.693160 -0.076838456 -0.202834815 0.437386245 -0.036720004 -0.051651776 -0.021439105 0.997759521
1548340580.726680 -0.080264539 -0.206917048 0.449432343 -0.036952313 -0.056255456 -0.023191083 0.997462809
1548340580.760150 -0.077634789 -0.202977255 0.467936605 -0.035333544 -0.064355269 -0.025040628 0.996986926
1548340580.793670 -0.073504500 -0.205975175 0.482707560 -0.036233462 -0.068807513 -0.028429650 0.996566296
1548340580.827150 -0.076470017 -0.207378387 0.496391416 -0.037796091 -0.072071999 -0.029937077 0.996233344
1548340580.860680 -0.072137721 -0.209613577 0.515287340 -0.040096905 -0.076926790 -0.031211693 0.995741069
1548340580.894190 -0.073596850 -0.211973444 0.533143938 -0.042693056 -0.078942612 -0.032233298 0.995442808
1548340580.927710 -0.075587653 -0.214115962 0.552898228 -0.044995591 -0.081710413 -0.032975797 0.995093644
1548340580.961230 -0.074063897 -0.216885820 0.571262896 -0.047522228 -0.084273800 -0.033847257 0.994733095
1548340580.994730 -0.075090013 -0.220706582 0.587956488 -0.049941480 -0.086208262 -0.032859623 0.994481862
1548340581.028260 -0.073437721 -0.225888625 0.606343627 -0.052222032 -0.088121481 -0.034654003 0.994136095
1548340581.061790 -0.073371224 -0.230694517 0.624559999 -0.054040369 -0.085748270 -0.035827272 0.994204819
1548340581.095430 -0.073388889 -0.235939309 0.641264856 -0.055661477 -0.082313895 -0.036706205 0.994373620
1548340581.128830 -0.074805275 -0.239468649 0.657263041 -0.055795886 -0.079576351 -0.037415706 0.994562447
1548340581.162320 -0.072250947 -0.243705109 0.673624456 -0.055626612 -0.076823607 -0.038669303 0.994740427
1548340581.195760 -0.074665152 -0.240721837 0.689648688 -0.053453632 -0.074690640 -0.036735222 0.995095253
1548340581.229230 -0.075055853 -0.240735397 0.704850614 -0.052032221 -0.075284526 -0.039416034 0.995023251
1548340581.262340 -0.073952690 -0.244888991 0.718392313 -0.051929943 -0.074089982 -0.041408785 0.995037317
1548340581.295860 -0.074956320 -0.244089231 0.735638201 -0.050895821 -0.072906971 -0.041750167 0.995163858
1548340581.329380 -0.076049477 -0.245089635 0.751508534 -0.049764816 -0.073329888 -0.043402608 0.995119274
1548340581.362890 -0.074935526 -0.243950650 0.766498864 -0.047766879 -0.073117249 -0.042705007 0.995262980
1548340581.396410 -0.075014032 -0.243544251 0.780444682 -0.046130918 -0.073712483 -0.041265994 0.995356977
1548340581.430530 -0.073616050 -0.242838606 0.795222580 -0.045026634 -0.075008012 -0.040367562 0.995347619
1548340581.464050 -0.074965619 -0.239792526 0.810019493 -0.044360533 -0.075827777 -0.038455069 0.995391130
1548340581.497560 -0.072169445 -0.239236414 0.825252771 -0.045881979 -0.077851117 -0.038201775 0.995175719
1548340581.530930 -0.073917873 -0.235622421 0.842348933 -0.048254456 -0.078959942 -0.036392543 0.995043933
1548340581.564440 -0.074703716 -0.233597323 0.860971451 -0.052406743 -0.082092829 -0.036005326 0.994594336
1548340581.597900 -0.073987991 -0.234098196 0.878811657 -0.058044210 -0.085870810 -0.037080113 0.993922591
1548340581.631420 -0.072242275 -0.228216961 0.898096263 -0.061920129 -0.089350581 -0.037006635 0.993384540
1548340581.664940 -0.078854531 -0.218137652 0.915218949 -0.064776763 -0.090686917 -0.037606351 0.993058741
1548340581.698450 -0.076198079 -0.219931975 0.937665999 -0.070790298 -0.094812073 -0.037883509 0.992252111
1548340581.731970 -0.072916947 -0.221461728 0.956925690 -0.076065108 -0.099670723 -0.039163768 0.991335511
1548340581.765480 -0.075788289 -0.228599012 0.976929486 -0.082947917 -0.102620922 -0.042844519 0.990329742
1548340581.798990 -0.072688758 -0.231964141 0.998427570 -0.087685317 -0.107005246 -0.045182753 0.989353180
1548340581.832500 -0.071703784 -0.226585165 1.017805338 -0.088740714 -0.109273434 -0.047463499 0.988904238
1548340581.866020 -0.071920522 -0.229060054 1.037358046 -0.091500185 -0.110091597 -0.048607610 0.988506377
1548340581.899540 -0.072318047 -0.231025845 1.053606629 -0.093283989 -0.110905394 -0.049678069 0.988195419
1548340581.933050 -0.067122310 -0.232875466 1.069949269 -0.094815485 -0.110776216 -0.050568357 0.988018990
1548340581.966430 -0.066768020 -0.231513605 1.087932467 -0.095391899 -0.107542954 -0.050280038 0.988335371
1548340581.999820 -0.067717366 -0.231773525 1.104947209 -0.097061813 -0.107617505 -0.050990421 0.988128245
1548340582.033300 -0.066774212 -0.231893241 1.119454384 -0.098451748 -0.107272372 -0.053410079 0.987900436
1548340582.066810 -0.068951175 -0.237235218 1.137803674 -0.101824582 -0.104172431 -0.058318365 0.987612665
1548340582.100370 -0.068398185 -0.233442813 1.152976751 -0.101335451 -0.101703174 -0.060962066 0.987760723
1548340582.133890 -0.071962036 -0.231718659 1.169739127 -0.101623639 -0.098910965 -0.064651713 0.987780035
1548340582.167400 -0.074231215 -0.227167010 1.182577372 -0.100285508 -0.097608313 -0.066543475 0.987920761
1548340582.200920 -0.079569183 -0.223039865 1.193085790 -0.098857969 -0.096954443 -0.070357122 0.987864792
1548340582.234440 -0.082443826 -0.219833076 1.204136968 -0.098896243 -0.098380335 -0.072975367 0.987529993
1548340582.268070 -0.086615704 -0.215810433 1.215241432 -0.099350959 -0.100659341 -0.077197514 0.986933470
1548340582.301730 -0.089413047 -0.212931216 1.224908590 -0.100192845 -0.102122203 -0.080432191 0.986439645
1548340582.335240 -0.093647540 -0.208663777 1.234824538 -0.100875765 -0.102421619 -0.084035933 0.986038446
1548340582.368760 -0.097212978 -0.204617098 1.246096969 -0.102127604 -0.101545334 -0.087583639 0.985691428
1548340582.402280 -0.101022840 -0.199824601 1.256232142 -0.102895387 -0.099664658 -0.088115409 0.985756159
1548340582.435790 -0.102319889 -0.196316332 1.266593218 -0.104340367 -0.098857559 -0.088395216 0.985660493
1548340582.469490 -0.096992925 -0.194401205 1.275952101 -0.106227681 -0.097500153 -0.085666239 0.985835016
1548340582.503000 -0.096904404 -0.190838367 1.285846949 -0.106789783 -0.091199592 -0.084586300 0.986470342
1548340582.536520 -0.099022500 -0.186885670 1.296948195 -0.107249223 -0.084455118 -0.082112782 0.987229645
1548340582.570040 -0.100219876 -0.183074981 1.305017471 -0.106949121 -0.080319725 -0.079828262 0.987794578
1548340582.603550 -0.100528955 -0.179421738 1.312403321 -0.106526084 -0.075890899 -0.079235792 0.988238037
1548340582.637070 -0.099920854 -0.175303012 1.325125694 -0.105559893 -0.072068460 -0.076687716 0.988828719
1548340582.670580 -0.101147324 -0.172557265 1.334600568 -0.106368557 -0.071597241 -0.075634830 0.988857388
1548340582.704140 -0.104377061 -0.171171233 1.342652321 -0.107784122 -0.067035832 -0.078130946 0.988829792
1548340582.737690 -0.111701183 -0.167641535 1.353725314 -0.107325926 -0.061642814 -0.079927906 0.989086866
1548340582.771220 -0.113574035 -0.164571375 1.360409737 -0.106705740 -0.061737187 -0.077833705 0.989315093
1548340582.804740 -0.116236895 -0.163639098 1.367786407 -0.107192732 -0.062348891 -0.078750774 0.989151478
1548340582.838250 -0.118059479 -0.161825299 1.373488545 -0.106342629 -0.062005986 -0.077953503 0.989327908
1548340582.871750 -0.119473651 -0.160514906 1.378885746 -0.105647154 -0.063992560 -0.076035544 0.989425182
1548340582.905240 -0.122298360 -0.160591349 1.384410739 -0.105594464 -0.065897726 -0.077108361 0.989222705
1548340582.938760 -0.123725608 -0.159048781 1.388812780 -0.103980944 -0.066741541 -0.075976878 0.989424586
1548340582.972270 -0.125560522 -0.158915743 1.393956542 -0.103930630 -0.068337396 -0.075556040 0.989353180
1548340583.005790 -0.127727717 -0.158699080 1.398621321 -0.104062833 -0.069578320 -0.075782008 0.989235461
1548340583.039350 -0.129240930 -0.158086345 1.404111981 -0.104074739 -0.070684537 -0.076424174 0.989106417
1548340583.072870 -0.130839810 -0.156826660 1.408739567 -0.104006968 -0.070495792 -0.076934390 0.989087462
1548340583.106380 -0.131752908 -0.155555740 1.412630916 -0.104663476 -0.070689611 -0.076587379 0.989031255
1548340583.139920 -0.133099601 -0.153429702 1.417241096 -0.105291590 -0.073753580 -0.077877097 0.988640070
1548340583.173450 -0.134796217 -0.151873901 1.421585083 -0.106067963 -0.073497072 -0.079906546 0.988414228
1548340583.206960 -0.136935607 -0.149896011 1.426067114 -0.106603585 -0.072221592 -0.083319224 0.988168836
1548340583.240480 -0.138156995 -0.148122013 1.430126429 -0.107112169 -0.071619935 -0.085375078 0.987982094
1548340583.274000 -0.139947414 -0.146417677 1.434257627 -0.107156411 -0.070640028 -0.088496968 0.987773120
1548340583.307520 -0.140570372 -0.144469917 1.438076258 -0.106477551 -0.069598772 -0.090595379 0.987730205
1548340583.341030 -0.140745059 -0.142982081 1.443129778 -0.106738500 -0.067841455 -0.092017241 0.987692893
1548340583.374550 -0.140616670 -0.141884461 1.448463559 -0.107834242 -0.065671094 -0.093343616 0.987596095
1548340583.408070 -0.140278280 -0.139867321 1.453875542 -0.109457560 -0.063658603 -0.093287975 0.987554550
1548340583.441580 -0.140411407 -0.138511434 1.459213138 -0.112298042 -0.062400084 -0.094089717 0.987239838
1548340583.475100 -0.140456513 -0.137315646 1.464390039 -0.115440637 -0.062938213 -0.094508223 0.986803174
1548340583.508620 -0.142161474 -0.135557100 1.469666362 -0.118135110 -0.063349843 -0.096422143 0.986272633
1548340583.542140 -0.143761307 -0.134212434 1.475828886 -0.120517664 -0.062184643 -0.098813586 0.985821724
1548340583.575650 -0.145237282 -0.132292643 1.481134772 -0.121086717 -0.059455659 -0.099903740 0.985810459
1548340583.609170 -0.145808324 -0.131810904 1.486357450 -0.121869296 -0.057628065 -0.100386374 0.985773563
1548340583.642690 -0.146452382 -0.130939305 1.491134405 -0.121727504 -0.057829995 -0.101311155 0.985684633
1548340583.676200 -0.147480071 -0.130202189 1.495663643 -0.121243462 -0.057629101 -0.102355868 0.985648096
1548340583.709720 -0.148124143 -0.130116537 1.499151468 -0.121116184 -0.057607096 -0.103584811 0.985536635
1548340583.743250 -0.149752334 -0.129210219 1.503255963 -0.120781392 -0.057480950 -0.106548972 0.985269070
1548340583.776750 -0.151054934 -0.127387360 1.506596446 -0.119999729 -0.057036817 -0.108303986 0.985199034
1548340583.810280 -0.152738482 -0.126011208 1.510400534 -0.120162576 -0.056602117 -0.111807771 0.984812737
1548340583.843810 -0.154576510 -0.124262966 1.514001250 -0.120846413 -0.055721328 -0.115791991 0.984318793
1548340583.877350 -0.156855345 -0.121301889 1.517882347 -0.121249631 -0.053343307 -0.119659677 0.983938336
1548340583.910880 -0.159137666 -0.118310355 1.521715999 -0.122270107 -0.050344799 -0.123797074 0.983458042
1548340583.945240 -0.162709057 -0.114144690 1.526085854 -0.124373674 -0.048602220 -0.129091814 0.982600808
1548340583.978790 -0.164748847 -0.110820159 1.527849197 -0.126338422 -0.047095865 -0.133787468 0.981795013
1548340584.012300 -0.167927638 -0.107059918 1.531163096 -0.129777119 -0.047175858 -0.139198124 0.980589747
1548340584.045820 -0.171421483 -0.101656720 1.533036232 -0.131670997 -0.047237352 -0.142690346 0.979832053
1548340584.079380 -0.175634816 -0.097320579 1.534752846 -0.134404749 -0.047128756 -0.148378849 0.978620410
1548340584.112890 -0.179425031 -0.093097523 1.535324335 -0.136507750 -0.046394870 -0.151782513 0.977842093
1548340584.146400 -0.182264745 -0.088637397 1.534263015 -0.137023419 -0.044231448 -0.155118927 0.977346539
1548340584.179910 -0.184091747 -0.085886613 1.533573866 -0.139380708 -0.045432143 -0.157147154 0.976633847
1548340584.213400 -0.185604259 -0.083151266 1.528947592 -0.139587805 -0.045932032 -0.158446699 0.976370931
1548340584.246940 -0.186740905 -0.079818778 1.525489569 -0.139008969 -0.046533976 -0.159205809 0.976301491
1548340584.280470 -0.187140256 -0.080336615 1.521967769 -0.142157599 -0.048550144 -0.157860979 0.975968242
1548340584.313990 -0.187896788 -0.079723395 1.515643477 -0.140969500 -0.050162416 -0.155891508 0.976375520
1548340584.347490 -0.188336954 -0.080457099 1.510050774 -0.140633851 -0.052561674 -0.153221339 0.976720333
1548340584.381010 -0.188455239 -0.080748618 1.503023863 -0.137493089 -0.054211598 -0.150371462 0.977519929
1548340584.414520 -0.187765077 -0.082994327 1.496868253 -0.136421368 -0.056358509 -0.146458432 0.978142560
1548340584.448040 -0.187522069 -0.084864810 1.489050388 -0.133633912 -0.057778388 -0.143301085 0.978911877
1548340584.481580 -0.187121168 -0.086297229 1.480328321 -0.129529044 -0.058433186 -0.140755981 0.979793608
1548340584.515120 -0.186272204 -0.090457723 1.473085880 -0.128628075 -0.060061071 -0.136970863 0.980350196
1548340584.548640 -0.185555533 -0.093545571 1.463502645 -0.125373185 -0.061532617 -0.133458465 0.981164694
1548340584.582150 -0.184894010 -0.095344990 1.454030871 -0.121082067 -0.061573818 -0.131084099 0.982020736
1548340584.615700 -0.184025124 -0.098825142 1.444779038 -0.118399359 -0.060180340 -0.127683997 0.982881844
1548340584.649220 -0.181696624 -0.101255901 1.434638143 -0.114382565 -0.061002370 -0.123154253 0.983884335
1548340584.682740 -0.180218145 -0.104812853 1.422744751 -0.111503877 -0.063518330 -0.121031716 0.984318852
1548340584.716260 -0.180070847 -0.107447036 1.413505673 -0.109354720 -0.062726669 -0.119131632 0.984842420
1548340584.749770 -0.177820861 -0.111141019 1.402793050 -0.107375145 -0.062648311 -0.116360895 0.985396326
1548340584.783280 -0.175915524 -0.113519505 1.391239405 -0.104232647 -0.062843516 -0.112879038 0.986126065
1548340584.816800 -0.173445165 -0.116245978 1.378189683 -0.101180546 -0.064461291 -0.110574692 0.986600459
1548340584.850320 -0.171270058 -0.119502403 1.365276098 -0.098654188 -0.063368313 -0.108656667 0.987140059
1548340584.883830 -0.168242976 -0.120555654 1.352982402 -0.094899036 -0.063591078 -0.105045058 0.987884521
1548340584.917340 -0.165246859 -0.121930361 1.338331580 -0.090454713 -0.065183058 -0.102915853 0.988421679
1548340584.950830 -0.162523419 -0.125645503 1.323413372 -0.086845219 -0.065630071 -0.101527944 0.988859296
1548340584.984350 -0.160554320 -0.127836347 1.309125066 -0.082595043 -0.064367965 -0.099929713 0.989468992
1548340585.017820 -0.157561302 -0.128344655 1.294053078 -0.077485301 -0.062912218 -0.096993305 0.990267813
1548340585.051290 -0.155029878 -0.129282132 1.277966022 -0.073332891 -0.062958509 -0.095368229 0.990738809
1548340585.083630 -0.152673617 -0.131678402 1.262659192 -0.070799291 -0.061914545 -0.095078617 0.991016686
1548340585.117130 -0.149830893 -0.131233305 1.246691942 -0.066266827 -0.061155543 -0.093585685 0.991519272
1548340585.150580 -0.147529706 -0.131716728 1.229695678 -0.063085690 -0.062256198 -0.091964021 0.991809964
1548340585.184080 -0.145576119 -0.134449318 1.214190722 -0.061430030 -0.063611530 -0.092772752 0.991752565
1548340585.217590 -0.144668415 -0.135050505 1.195938706 -0.057327937 -0.058297478 -0.093632072 0.992243886
1548340585.251100 -0.143304691 -0.136011153 1.179894805 -0.055075958 -0.054649003 -0.092218950 0.992711306
1548340585.284580 -0.140094578 -0.137605682 1.164208293 -0.052266318 -0.053452622 -0.092629544 0.992890120
1548340585.317580 -0.136617601 -0.139988959 1.145524979 -0.048930965 -0.049692053 -0.092339456 0.993282378
1548340585.351080 -0.134108722 -0.141257197 1.128335595 -0.046171624 -0.046768084 -0.089875214 0.993782341
1548340585.384590 -0.130446464 -0.143177122 1.110565662 -0.043553688 -0.046603259 -0.087624483 0.994109213
1548340585.418100 -0.125970080 -0.146779418 1.092276216 -0.041960485 -0.048575681 -0.085233226 0.994291186
1548340585.451620 -0.122841947 -0.149665862 1.075299501 -0.041064337 -0.049027588 -0.083988614 0.994412363
1548340585.485130 -0.120505050 -0.153222367 1.060007930 -0.040788926 -0.048943091 -0.084152237 0.994414032
1548340585.518650 -0.118472770 -0.156584159 1.045187116 -0.040161420 -0.047010571 -0.083890416 0.994554937
1548340585.552170 -0.116201162 -0.157493517 1.030923247 -0.038184382 -0.046818890 -0.082687147 0.994742572
1548340585.585690 -0.115023017 -0.159658313 1.016603708 -0.036597159 -0.048073534 -0.081823476 0.994813800
1548340585.619210 -0.112533003 -0.163234547 1.001363873 -0.034730151 -0.048913453 -0.082087636 0.994817972
1548340585.652740 -0.110569291 -0.165137708 0.987237930 -0.032449361 -0.049159322 -0.080206200 0.995036364
1548340585.686970 -0.110691331 -0.165615261 0.973659396 -0.029601479 -0.051106982 -0.078969739 0.995125890
1548340585.720490 -0.108553864 -0.168512449 0.957751215 -0.027421903 -0.053973492 -0.078659587 0.995061576
1548340585.754000 -0.106204629 -0.172580346 0.940584183 -0.025347169 -0.056323312 -0.079028085 0.994957149
1548340585.787520 -0.102870233 -0.176390380 0.925146699 -0.023557769 -0.057488833 -0.079948336 0.994860947
1548340585.821040 -0.099901423 -0.179394096 0.911766171 -0.021849854 -0.055253889 -0.079767667 0.995041072
1548340585.854550 -0.100471869 -0.177523628 0.896017671 -0.018473422 -0.055424020 -0.075298600 0.995448172
1548340585.888070 -0.095985621 -0.181793720 0.880287647 -0.017052466 -0.059084073 -0.076618083 0.995162249
1548340585.921540 -0.091252536 -0.183546692 0.864496112 -0.014710147 -0.059152253 -0.074728169 0.995339274
1548340585.955050 -0.089647844 -0.183087036 0.847749352 -0.012315471 -0.059389785 -0.072606467 0.995514691
1548340585.988540 -0.087561078 -0.183658779 0.832838655 -0.010628696 -0.061867379 -0.071342573 0.995474577
1548340586.022040 -0.084248923 -0.185536325 0.816231310 -0.009059020 -0.064695537 -0.072059929 0.995258629
1548340586.055510 -0.079175591 -0.188644767 0.798474669 -0.007241322 -0.065888263 -0.072885208 0.995135188
1548340586.088950 -0.077125065 -0.187396571 0.781384170 -0.003682782 -0.065649770 -0.071574084 0.995265663
1548340586.122550 -0.075173676 -0.186502725 0.765414536 0.000536347 -0.067334972 -0.070959449 0.995203733
1548340586.155980 -0.072400406 -0.189337328 0.749402642 0.004155724 -0.068656579 -0.072287135 0.995009303
1548340586.189500 -0.063437745 -0.192086294 0.730129361 0.008527519 -0.066772766 -0.073189877 0.995043695
1548340586.223020 -0.066911183 -0.185504243 0.711267829 0.014324879 -0.060628138 -0.071148612 0.995518386
1548340586.256530 -0.066919535 -0.183993101 0.692512512 0.017206013 -0.060260821 -0.071831830 0.995446026
1548340586.290050 -0.067444831 -0.183513075 0.676364720 0.018855536 -0.059977673 -0.073848948 0.995285630
1548340586.357030 -0.067218028 -0.179194465 0.644132853 0.021558004 -0.055876393 -0.074387096 0.995429337
1548340586.390520 -0.069772646 -0.176380709 0.629348099 0.021850562 -0.055435438 -0.073568344 0.995508492
1548340586.424030 -0.067913733 -0.175099120 0.616515160 0.021270482 -0.055655796 -0.073483117 0.995515049
1548340586.457540 -0.068111062 -0.173261136 0.603036642 0.020808551 -0.054624144 -0.071307644 0.995740116
1548340586.491060 -0.066392399 -0.174407214 0.589084506 0.019723117 -0.053865802 -0.069733217 0.995915055
1548340586.524610 -0.062765665 -0.174957171 0.575039923 0.019226367 -0.052963518 -0.067122683 0.996152461
1548340586.558180 -0.064022660 -0.173658565 0.563150287 0.019614628 -0.049940638 -0.062481619 0.996602833
1548340586.591710 -0.061375849 -0.175608084 0.547979832 0.020367732 -0.048753645 -0.058919940 0.996863425
1548340586.625220 -0.060682639 -0.174988687 0.530962408 0.021820035 -0.045372464 -0.053699311 0.997287095
1548340586.658740 -0.062873058 -0.173015222 0.517836273 0.023311000 -0.043533076 -0.050089858 0.997523189
1548340586.692260 -0.060373113 -0.173399776 0.500739217 0.023604028 -0.041062400 -0.048103567 0.997718811
1548340586.725670 -0.064983845 -0.173278585 0.484167218 0.023570672 -0.036035974 -0.045289427 0.998045444
1548340586.759190 -0.063094176 -0.173930660 0.467795193 0.023538496 -0.032838631 -0.043974020 0.998215318
1548340586.792700 -0.069234416 -0.173985749 0.453538299 0.023642618 -0.025823109 -0.042290565 0.998491704
1548340586.826220 -0.071210794 -0.174697474 0.438191921 0.024262870 -0.019657001 -0.039125215 0.998746276
1548340586.859730 -0.072466619 -0.173555434 0.420564383 0.026200697 -0.014810473 -0.035699766 0.998909235
1548340586.893250 -0.077899031 -0.171066135 0.404611290 0.028613759 -0.009072204 -0.032049406 0.999035418
1548340586.926690 -0.082846195 -0.166450486 0.387766808 0.031633239 -0.005885759 -0.029083822 0.999058962
1548340586.960200 -0.085130520 -0.167502195 0.368408859 0.032812510 -0.004050043 -0.029395301 0.999020934
1548340586.993720 -0.088820077 -0.165875241 0.349477589 0.034263469 -0.000673278 -0.028646715 0.999001980
1548340587.027240 -0.098526992 -0.163840562 0.336929739 0.035919182 0.001834315 -0.029010499 0.998931825
1548340587.060700 -0.099855505 -0.160578400 0.321731627 0.038369816 0.001461582 -0.029972415 0.998812914
1548340587.094210 -0.103312887 -0.162230283 0.306798309 0.040250417 0.003418359 -0.031816609 0.998677075
1548340587.127730 -0.107112467 -0.159053847 0.290544987 0.043204799 0.005793687 -0.031323276 0.998558283
1548340587.161300 -0.114616171 -0.153597847 0.279508322 0.046457779 0.005520471 -0.030490581 0.998439550
1548340587.194820 -0.115822069 -0.154464081 0.263716966 0.047667056 0.003424872 -0.032974184 0.998313010
1548340587.228330 -0.113656312 -0.149623170 0.247745678 0.048746355 0.003953121 -0.033432368 0.998243690
1548340587.261850 -0.124854103 -0.145642146 0.236308485 0.048362300 0.004375805 -0.033222761 0.998267591
1548340587.295310 -0.129518524 -0.138220444 0.229006544 0.048279319 -0.000732160 -0.035074692 0.998217583
1548340587.328830 -0.127096578 -0.139060199 0.216343790 0.046462685 -0.006550553 -0.038192023 0.998168170
1548340587.362400 -0.124360368 -0.139351502 0.208576486 0.044389676 -0.008303314 -0.040852267 0.998144090
1548340587.395860 -0.127564475 -0.134153664 0.198211908 0.043400399 -0.008824449 -0.040582262 0.998194158
1548340587.429360 -0.130804181 -0.133063585 0.188859016 0.041589234 -0.011761125 -0.040975943 0.998224914
1548340587.462850 -0.129561141 -0.132214874 0.178556815 0.039761186 -0.014971069 -0.042047724 0.998211861
1548340587.496370 -0.127188370 -0.125278786 0.168972328 0.038087990 -0.016628448 -0.040875208 0.998299539
1548340587.529870 -0.131556392 -0.122238696 0.158464506 0.034514815 -0.019119676 -0.041250613 0.998369455
1548340587.563380 -0.125100821 -0.124685243 0.148370072 0.030018030 -0.021792792 -0.041993320 0.998429060
1548340587.596900 -0.124656722 -0.125060424 0.138879135 0.026345931 -0.021242129 -0.041082926 0.998582423
1548340587.630410 -0.128943443 -0.123269193 0.130602449 0.023530943 -0.020590883 -0.037492182 0.998807609
1548340587.663910 -0.132593364 -0.125510126 0.120766655 0.021208607 -0.022683254 -0.033732217 0.998948336
1548340587.697440 -0.129907221 -0.127119362 0.108964309 0.019139731 -0.025351156 -0.031090427 0.999011695
1548340587.730940 -0.128753945 -0.129489437 0.094893433 0.016754456 -0.026495492 -0.027729493 0.999123752
1548340587.764460 -0.128350049 -0.131713256 0.082567476 0.014284664 -0.026037339 -0.024139471 0.999267340
1548340587.797970 -0.138872072 -0.130976319 0.070272677 0.012338371 -0.026424581 -0.019816421 0.999378204
1548340587.831490 -0.132577255 -0.137097999 0.057158228 0.009212283 -0.030787526 -0.019437576 0.999294460
1548340587.865000 -0.141813934 -0.136303425 0.047096822 0.007358222 -0.030220652 -0.016430402 0.999381065
1548340587.898520 -0.149254918 -0.140196860 0.037202757 0.005663530 -0.033774748 -0.015058354 0.999299943
1548340587.932040 -0.152373374 -0.146028802 0.022208022 0.004931113 -0.037953485 -0.014593162 0.999160767
1548340587.965550 -0.142660767 -0.157002345 0.005495662 0.004245498 -0.040051579 -0.016245371 0.999056518
1548340587.999080 -0.150711477 -0.156021059 -0.003717862 0.006123580 -0.033795379 -0.012438537 0.999332607
1548340588.032600 -0.158996344 -0.155320704 -0.020319868 0.008726076 -0.031258665 -0.010081724 0.999422371
1548340588.066120 -0.152113646 -0.156613693 -0.030825950 0.011130203 -0.028790509 -0.009390588 0.999479353
1548340588.099630 -0.171428457 -0.150586769 -0.051425301 0.014717532 -0.020514959 -0.005660188 0.999665141
1548340588.133160 -0.181158066 -0.148726299 -0.069046497 0.017128406 -0.018624861 -0.004955840 0.999667525
1548340588.166680 -0.178474844 -0.147843495 -0.080853172 0.018832363 -0.016371060 -0.006097670 0.999670029
1548340588.200190 -0.184518456 -0.146656141 -0.093748689 0.019834099 -0.009136561 -0.005454434 0.999746680
1548340588.233710 -0.195743173 -0.136477470 -0.107135102 0.022370869 -0.001876098 -0.002088309 0.999745786
1548340588.267230 -0.203462601 -0.135535404 -0.122378081 0.022928357 0.003611510 -0.001608311 0.999729276
1548340588.300750 -0.213641882 -0.130320370 -0.137810320 0.024198793 0.009396487 0.001522646 0.999661863
1548340588.334270 -0.218551487 -0.126125723 -0.152444586 0.024381561 0.013326174 0.004167549 0.999605238
1548340588.367780 -0.233201861 -0.119647570 -0.160553247 0.024369940 0.017586540 0.006913963 0.999524415
1548340588.401300 -0.237952605 -0.114299618 -0.173208535 0.023883296 0.018464534 0.008968210 0.999503970
1548340588.434820 -0.237380072 -0.111981794 -0.186677679 0.021852676 0.019095724 0.008381286 0.999543667
1548340588.468330 -0.241585180 -0.117620215 -0.195751190 0.018475164 0.023970535 0.006243650 0.999522448
1548340588.501850 -0.253358662 -0.119156100 -0.199408457 0.017746000 0.029961815 0.006015229 0.999375403
1548340588.535360 -0.260288030 -0.113952398 -0.205527484 0.019807713 0.032669660 0.005760603 0.999253333
1548340588.568880 -0.256598532 -0.118455328 -0.219576061 0.020296482 0.034651671 0.003642967 0.999186695
1548340588.602400 -0.268603802 -0.115329042 -0.228198364 0.021554861 0.039811522 0.004053546 0.998966455
1548340588.635910 -0.272468209 -0.113483876 -0.238036186 0.022736404 0.040515359 0.003746134 0.998913169
1548340588.669430 -0.275102019 -0.108676538 -0.245996773 0.024394521 0.040364031 0.004261291 0.998878121
1548340588.702930 -0.273654848 -0.106399119 -0.256325960 0.024880443 0.038957953 0.003145125 0.998926103
1548340588.736460 -0.269891828 -0.108836830 -0.264701515 0.024525397 0.039536480 0.003631315 0.998910487
1548340588.769980 -0.270066291 -0.109501228 -0.270718783 0.024546994 0.043124497 0.007590205 0.998739243
1548340588.803470 -0.276392579 -0.107693687 -0.270327687 0.026450222 0.046049252 0.010931352 0.998529077
1548340588.836990 -0.276738077 -0.107383922 -0.276557714 0.028377607 0.047536839 0.012456878 0.998388588
1548340588.870440 -0.277639687 -0.103436202 -0.281397015 0.030602213 0.048487641 0.013742661 0.998260260
1548340588.903920 -0.278487682 -0.097340152 -0.286904275 0.032483347 0.048310645 0.014554290 0.998197913
1548340588.937410 -0.281451523 -0.096826188 -0.288901031 0.032491598 0.048602916 0.013151920 0.998202920
1548340588.970860 -0.283646375 -0.098977536 -0.289160699 0.032069292 0.048667178 0.012941366 0.998216212
1548340589.004380 -0.288608938 -0.094823442 -0.290213823 0.032974023 0.048573140 0.014321445 0.998172462
1548340589.037890 -0.290417761 -0.092206314 -0.289586276 0.033359371 0.046177574 0.013313523 0.998287261
1548340589.071410 -0.288261622 -0.092750527 -0.291574031 0.032289494 0.044391081 0.012287679 0.998416662
1548340589.104860 -0.285151213 -0.094038866 -0.291389614 0.029993717 0.042688649 0.011427652 0.998572707
1548340589.138380 -0.288085192 -0.094207525 -0.287896901 0.028005743 0.043026734 0.011073382 0.998619914
1548340589.171890 -0.295936197 -0.088342451 -0.282691747 0.027511427 0.042108711 0.013178186 0.998647213
1548340589.205410 -0.297283113 -0.088879347 -0.277723372 0.026736941 0.036617130 0.013910319 0.998874784
1548340589.238920 -0.278214693 -0.101156220 -0.285084337 0.024701759 0.032986220 0.011889595 0.999079764
1548340589.272440 -0.283211619 -0.092361122 -0.280884832 0.026332695 0.036769953 0.015727423 0.998852968
1548340589.305960 -0.294142902 -0.088650189 -0.276362181 0.026612559 0.036030103 0.016932815 0.998852789
1548340589.339470 -0.280176997 -0.097760603 -0.284265190 0.024320992 0.032401457 0.015404150 0.999060214
1548340589.372990 -0.280593187 -0.097486101 -0.286396652 0.023820583 0.035676617 0.017431598 0.998927355
1548340589.406510 -0.287720144 -0.097578824 -0.283950508 0.024263920 0.037903111 0.017663185 0.998830616
1548340589.440030 -0.284666628 -0.102484412 -0.289318621 0.024974482 0.039335668 0.016420189 0.998778939
1548340589.473550 -0.287127107 -0.101453453 -0.292943090 0.027839508 0.042762972 0.017563390 0.998542845
1548340589.507070 -0.290770471 -0.098336607 -0.298775047 0.030811144 0.044372335 0.018157979 0.998374701
1548340589.540630 -0.275370240 -0.098911725 -0.306692958 0.033161916 0.044114366 0.018121989 0.998311460
1548340589.574170 -0.265312284 -0.103908323 -0.316957235 0.034196336 0.054075859 0.020158386 0.997747481
1548340589.607690 -0.276184380 -0.092394032 -0.318581045 0.036399346 0.062539458 0.024122611 0.997086763
1548340589.641180 -0.272495478 -0.089057706 -0.327204287 0.035942070 0.067646980 0.026146995 0.996718824
1548340589.674650 -0.274797976 -0.087665662 -0.326208174 0.035105936 0.074132860 0.027609952 0.996247768
1548340589.708150 -0.280386567 -0.083976157 -0.326202661 0.035732627 0.080659397 0.029012239 0.995678425
1548340589.741680 -0.282324046 -0.076141968 -0.336222470 0.036520768 0.082578816 0.031258363 0.995424509
1548340589.775240 -0.281153023 -0.072578564 -0.341207713 0.035624836 0.083897524 0.030443754 0.995371938
1548340589.808750 -0.286316127 -0.070694901 -0.341147482 0.034330089 0.084970862 0.030279817 0.995331347
1548340589.842690 -0.284824789 -0.071453825 -0.342772961 0.032389794 0.083874159 0.029573008 0.995510638
1548340589.875780 -0.285945892 -0.075093217 -0.343135267 0.030921359 0.083859950 0.029604705 0.995557606
1548340589.909110 -0.284579247 -0.075725593 -0.345130295 0.031170962 0.083068535 0.031132141 0.995569587
1548340589.942630 -0.281063050 -0.070239812 -0.353176773 0.032960460 0.080533080 0.034382489 0.995613337
1548340589.976220 -0.272985876 -0.073420845 -0.357568681 0.032089330 0.078983404 0.035673331 0.995720506
1548340590.009850 -0.273219675 -0.063390128 -0.363945454 0.032171879 0.078117006 0.039853565 0.995627642
1548340590.043360 -0.275642335 -0.058676794 -0.366936296 0.030132603 0.076267309 0.040328957 0.995815694
1548340590.076880 -0.278955579 -0.058268048 -0.367358297 0.027366865 0.074089795 0.041335739 0.996018648
1548340590.110580 -0.278259248 -0.057705130 -0.374101639 0.024994794 0.070356734 0.042246182 0.996313453
1548340590.144100 -0.274462521 -0.059629109 -0.378141046 0.022503234 0.066619299 0.042470578 0.996620178
1548340590.177610 -0.282715648 -0.054415964 -0.379056662 0.022184344 0.065157421 0.044388451 0.996640384
1548340590.211130 -0.280886352 -0.054232799 -0.388378143 0.021184720 0.061409544 0.044207379 0.996908128
1548340590.244650 -0.279153049 -0.054115657 -0.391935110 0.019659359 0.059826199 0.043423761 0.997070074
1548340590.277920 -0.279220819 -0.056192331 -0.398145139 0.018025354 0.060468528 0.043798048 0.997045815
1548340590.311410 -0.281101882 -0.057310268 -0.403628260 0.017518591 0.061567463 0.043828469 0.996986270
1548340590.344910 -0.281191081 -0.051610753 -0.410451025 0.018309016 0.063213930 0.043307889 0.996891797
1548340590.378420 -0.279377520 -0.051790215 -0.422345668 0.017837312 0.065598279 0.040514819 0.996863663
1548340590.411940 -0.284485430 -0.051489986 -0.429741561 0.018248940 0.069939584 0.037884910 0.996664524
1548340590.445470 -0.295017213 -0.048448246 -0.436232209 0.019843981 0.074239053 0.035767756 0.996401250
1548340590.478990 -0.305771410 -0.050057460 -0.433915138 0.021764521 0.076927632 0.031918999 0.996287882
1548340590.512490 -0.313762486 -0.034958031 -0.452180684 0.023906685 0.078234091 0.030248279 0.996189237
1548340590.546000 -0.325793087 -0.031389199 -0.459114462 0.024232451 0.078774840 0.027649788 0.996214271
1548340590.579510 -0.331708282 -0.029075932 -0.467971385 0.024880303 0.079223141 0.025927590 0.996209025
1548340590.613030 -0.343057811 -0.024307033 -0.478779197 0.026229437 0.079764977 0.023177197 0.996198952
1548340590.646540 -0.354318708 -0.022364564 -0.484981179 0.027108448 0.079769261 0.017860450 0.996284604
1548340590.680060 -0.352985293 -0.034534879 -0.492113203 0.027533339 0.081053354 0.011724005 0.996260405
1548340590.713580 -0.368395686 -0.026510928 -0.500146627 0.032598767 0.085000716 0.010915547 0.995787621
1548340590.747100 -0.381967038 -0.019955637 -0.507454574 0.036772180 0.085547403 0.007465696 0.995627284
1548340590.780620 -0.370060295 -0.023129474 -0.528809309 0.038253013 0.084905885 0.003698477 0.995647490
1548340590.814140 -0.380488545 -0.016255444 -0.533480644 0.040634282 0.090871215 0.003742511 0.995026231
1548340590.847660 -0.397050351 -0.002481508 -0.542620957 0.042867783 0.093195960 0.003895085 0.994716883
1548340590.881180 -0.387673259 -0.010946613 -0.552042961 0.041419920 0.092417814 0.001124235 0.994857788
1548340590.914690 -0.398985744 0.002603778 -0.561820924 0.042380825 0.096085750 0.004161004 0.994461715
1548340590.948210 -0.415035337 0.010851171 -0.553465009 0.042511258 0.095788732 0.006196861 0.994474173
1548340590.981720 -0.406486064 0.006710830 -0.564532757 0.040341582 0.088278696 0.006203625 0.995259225
1548340591.015630 -0.402161747 0.004997616 -0.571544945 0.037525289 0.085153386 0.006977881 0.995636463
1548340591.049150 -0.414117336 0.010274399 -0.564623594 0.036094010 0.083426133 0.009669337 0.995813131
1548340591.082670 -0.409126759 0.013642780 -0.574219882 0.033968911 0.076034278 0.011472368 0.996460378
1548340591.116180 -0.412015438 0.010625997 -0.569076240 0.031536613 0.071864903 0.013286212 0.996827126
1548340591.149700 -0.407098562 0.004280101 -0.575864494 0.030683218 0.066214904 0.013485430 0.997242332
1548340591.182770 -0.406419873 0.003385097 -0.581987560 0.031188823 0.064576626 0.015235895 0.997308850
1548340591.216290 -0.422567427 0.012005309 -0.576271236 0.032799922 0.061884079 0.017644176 0.997388184
1548340591.249810 -0.416307747 0.005825635 -0.585041404 0.033007823 0.054075819 0.016948413 0.997847140
1548340591.283320 -0.414785981 0.008836058 -0.592483282 0.034946274 0.049108773 0.017034436 0.998036504
1548340591.316840 -0.411417931 0.007694967 -0.605073333 0.035792232 0.042479571 0.017022420 0.998310864
1548340591.350380 -0.409523189 0.002416536 -0.612162709 0.035028927 0.039967608 0.015605005 0.998464823
1548340591.384170 -0.414831161 0.007005857 -0.616222382 0.036646515 0.038587242 0.014838086 0.998472750
1548340591.417740 -0.410058707 0.009749650 -0.634067118 0.036114272 0.034716025 0.015158430 0.998629391
1548340591.484770 -0.428822070 0.011603181 -0.636611581 0.036350235 0.026330346 0.013644595 0.998898983
1548340591.518290 -0.428872526 0.005497043 -0.646788418 0.036426343 0.021298783 0.012042651 0.999036729
1548340591.551810 -0.430202425 0.004419218 -0.658996820 0.037968911 0.017492782 0.012284810 0.999050260
1548340591.585320 -0.443294525 -0.008871378 -0.689178109 0.038000416 0.013482909 0.011760109 0.999117553
1548340591.618860 -0.439924479 -0.014339614 -0.703971803 0.039088864 0.005981261 0.006311994 0.999197900
1548340591.652410 -0.433563292 -0.021048542 -0.720277190 0.040104929 0.004531066 0.004785138 0.999173760
1548340591.685930 -0.446120918 -0.015274038 -0.725942373 0.044916760 0.006173834 0.009328339 0.998928070
1548340591.719450 -0.444033533 -0.013621029 -0.744096339 0.049075827 0.003146527 0.010643138 0.998733401
1548340591.752920 -0.438975424 -0.012143232 -0.764424205 0.052138578 0.002182859 0.014316147 0.998534858
1548340591.786480 -0.438311428 -0.008698577 -0.780195057 0.053857572 0.001004047 0.017149445 0.998400867
1548340591.819990 -0.434805930 -0.011467212 -0.794087529 0.054063331 0.001830151 0.017979767 0.998373926
1548340591.853510 -0.443454415 -0.003805097 -0.802360177 0.056303248 0.004674141 0.021105910 0.998179674
1548340591.887040 -0.441968441 0.002438431 -0.815365970 0.057620555 0.002582583 0.022518607 0.998081207
1548340591.920700 -0.434774429 0.001344812 -0.835324764 0.056836933 0.001722477 0.022552777 0.998127222
1548340591.954240 -0.434077710 0.004607941 -0.839930058 0.055878650 0.003662889 0.023838541 0.998146236
1548340591.987790 -0.432131857 0.008339821 -0.852725744 0.054129735 0.004956869 0.025989642 0.998183310
1548340592.021300 -0.423757166 0.024573516 -0.844430268 0.052884612 0.006288388 0.027085099 0.998213470
1548340592.054820 -0.415437549 0.025616242 -0.852073789 0.050332125 0.009378285 0.029525442 0.998251975
1548340592.088330 -0.417857140 0.028464299 -0.853703380 0.048674021 0.014011281 0.032306850 0.998193800
1548340592.121820 -0.417799830 0.028550226 -0.853765309 0.046752408 0.017333960 0.033937301 0.998179376
1548340592.155320 -0.407945484 0.020934662 -0.867533207 0.043838441 0.020631315 0.034789480 0.998219550
1548340592.188840 -0.418243587 0.025072761 -0.859494567 0.043614071 0.027937833 0.038420022 0.997918487
1548340592.222350 -0.417818695 0.031696450 -0.863736033 0.044886079 0.028048944 0.040683154 0.997769237
1548340592.255870 -0.415464520 0.032531139 -0.871559501 0.044287942 0.028103802 0.041091077 0.997777700
1548340592.289390 -0.421621740 0.036698584 -0.875076652 0.044206288 0.027174104 0.042593703 0.997744024
1548340592.322900 -0.404781997 0.031891596 -0.891368628 0.041612424 0.023354473 0.041984349 0.997978091
1548340592.356420 -0.403893143 0.035221528 -0.900914788 0.039987214 0.023449434 0.043706056 0.997968435
1548340592.389880 -0.414822370 0.041691553 -0.898828447 0.039541513 0.022167331 0.045965694 0.997913957
1548340592.423350 -0.402794659 0.041760553 -0.912736118 0.037872717 0.014208269 0.045132592 0.998161733
1548340592.456870 -0.384502083 0.041616675 -0.930253088 0.035052489 0.009194821 0.045459826 0.998308659
1548340592.490390 -0.381638050 0.042683311 -0.935400307 0.032133050 0.008217060 0.045823537 0.998398781
1548340592.523850 -0.389860004 0.048678719 -0.936179280 0.031195823 0.005286414 0.046277471 0.998427391
1548340592.556910 -0.369505405 0.049569335 -0.954951525 0.028927676 -0.001861542 0.044530004 0.998587430
1548340592.590420 -0.365997225 0.051578525 -0.961110830 0.026753366 -0.004372535 0.042911302 0.998711050
1548340592.623940 -0.373110563 0.055042520 -0.957074583 0.025358697 -0.007371632 0.039850198 0.998856604
1548340592.657740 -0.348349452 0.052529346 -0.987108469 0.021252159 -0.013693168 0.037187472 0.998988450
1548340592.691380 -0.329997301 0.054312661 -1.006411791 0.017160600 -0.014358098 0.034698330 0.999147356
1548340592.724900 -0.344851017 0.059921358 -1.002487183 0.014690991 -0.012166184 0.035394616 0.999191344
1548340592.758410 -0.329942375 0.055025052 -1.019407511 0.010757280 -0.016086685 0.032942247 0.999269903
1548340592.791930 -0.322643846 0.051939785 -1.028029680 0.007658449 -0.014576863 0.032332119 0.999341547
1548340592.825440 -0.339872807 0.053285852 -1.028569221 0.007136965 -0.013092301 0.033851638 0.999315679
1548340592.858920 -0.318546951 0.046500787 -1.049992919 0.006240705 -0.018502815 0.031673826 0.999307513
1548340592.892430 -0.310995758 0.042932458 -1.062222004 0.005484209 -0.014977203 0.031231690 0.999384940
1548340592.925950 -0.328964621 0.049286667 -1.057558060 0.007455709 -0.011698834 0.034228045 0.999317765
1548340592.959470 -0.318591446 0.053951543 -1.072301388 0.010119151 -0.016168142 0.035153549 0.999199927
1548340592.992980 -0.303551793 0.053700563 -1.091188073 0.011192007 -0.018847335 0.035774086 0.999119461
1548340593.026540 -0.302854091 0.056175314 -1.102201104 0.012228319 -0.018001415 0.037495814 0.999059796
1548340593.060060 -0.308587551 0.056687865 -1.109073043 0.013332056 -0.017918607 0.038632587 0.999003887
1548340593.093590 -0.290265739 0.054393701 -1.133325934 0.013970601 -0.020061484 0.037693620 0.998990297
1548340593.127110 -0.267808765 0.055733614 -1.156988382 0.013851991 -0.016942512 0.037815545 0.999045074
1548340593.160630 -0.289299905 0.066453926 -1.150953412 0.014376484 -0.008282432 0.041697163 0.998992562
1548340593.194150 -0.299930841 0.072408348 -1.156643033 0.014880522 -0.007735626 0.043521088 0.998911738
1548340593.227670 -0.298546582 0.077370927 -1.170028806 0.015219061 -0.010206127 0.043076377 0.998903751
1548340593.261180 -0.293096960 0.079177856 -1.185316801 0.014567564 -0.012942075 0.043775845 0.998851359
1548340593.294700 -0.293145865 0.085029110 -1.194747925 0.014160557 -0.013287499 0.044372406 0.998826325
1548340593.328100 -0.297213018 0.089788213 -1.208175540 0.013858170 -0.014488889 0.044498101 0.998808265
1548340593.361610 -0.275469869 0.085731223 -1.237776279 0.011585737 -0.016021887 0.042956896 0.998881280
1548340593.395130 -0.284700125 0.082819067 -1.237677932 0.009731109 -0.008471896 0.042893857 0.998996317
1548340593.428760 -0.260163635 0.086483859 -1.279448748 0.007640960 -0.003856435 0.044475686 0.998973846
1548340593.462080 -0.266466379 0.098441519 -1.286090612 0.006685460 0.008701384 0.047352914 0.998817921
1548340593.495580 -0.297151059 0.108454004 -1.268665671 0.005682036 0.020404836 0.050730307 0.998487711
1548340593.529060 -0.299333066 0.110098086 -1.280738711 0.003803314 0.023909915 0.049997937 0.998455822
1548340593.562570 -0.269863337 0.119724803 -1.307514906 0.002927461 0.026847202 0.049448524 0.998411477
1548340593.596050 -0.285110027 0.113507517 -1.313507080 0.000324157 0.038696427 0.049911883 0.998003662
1548340593.629530 -0.299354255 0.119725280 -1.317952514 0.000649306 0.046264343 0.051856950 0.997582078
1548340593.662990 -0.284350544 0.123553291 -1.349888563 0.000883042 0.049149562 0.053262446 0.997369885
1548340593.696500 -0.279170603 0.143854260 -1.355264664 0.002174215 0.054769691 0.057971269 0.996812344
1548340593.730020 -0.314285308 0.134946853 -1.356389761 0.002035766 0.060540933 0.060816817 0.996309161
1548340593.763530 -0.291570872 0.131030530 -1.386451960 0.003228885 0.056518216 0.059638977 0.996613503
1548340593.797110 -0.257702231 0.141197845 -1.414560676 0.004963140 0.059075512 0.060101546 0.996430278
1548340593.830760 -0.291775703 0.141625255 -1.409757018 0.005920711 0.070434466 0.063124806 0.995499492
1548340593.864410 -0.334138811 0.148467511 -1.402571321 0.010443677 0.071999386 0.064753599 0.995245695
1548340593.897970 -0.298273236 0.158158019 -1.439480782 0.015007981 0.060945660 0.064057976 0.995970368
1548340593.931440 -0.291355193 0.161486134 -1.456450582 0.017737059 0.059066001 0.064849213 0.995987535
1548340593.964950 -0.303121686 0.167870566 -1.469142556 0.020338967 0.057261109 0.065457687 0.996003389
1548340593.998470 -0.288235784 0.186860263 -1.488312244 0.022946646 0.050228298 0.065421179 0.996328592
1548340594.031990 -0.274544626 0.190201089 -1.512725472 0.020913731 0.048250273 0.063302420 0.996607900
1548340594.065210 -0.272433043 0.204704165 -1.524325609 0.018528689 0.048116375 0.063554749 0.996645510
1548340594.098730 -0.274960577 0.209778845 -1.537558556 0.014181624 0.046728391 0.061671048 0.996901214
1548340594.132250 -0.265790552 0.210778415 -1.552020431 0.008383728 0.044498250 0.058115788 0.997282386
1548340594.165780 -0.265780240 0.213971809 -1.560709715 0.002889931 0.045449443 0.056340810 0.997372389
1548340594.199300 -0.266715556 0.213236481 -1.572126746 -0.001976489 0.045401610 0.055270705 0.997436702
1548340594.232790 -0.270909637 0.206075877 -1.579805851 -0.006054166 0.046474434 0.054495737 0.997413516
1548340594.266300 -0.273440361 0.206991434 -1.591927409 -0.006660979 0.046772491 0.055733930 0.997327268
1548340594.299800 -0.281063735 0.201928675 -1.602780223 -0.006659075 0.046882652 0.055737019 0.997321904
1548340594.333250 -0.271629691 0.202436432 -1.621441483 -0.005040643 0.044824414 0.055792317 0.997422993
1548340594.366770 -0.271597326 0.206212074 -1.635950446 -0.002194506 0.045653462 0.055759076 0.997397542
1548340594.400290 -0.269616067 0.207554668 -1.656085014 0.000117558 0.046528459 0.055877127 0.997352898
1548340594.433800 -0.278307438 0.214286402 -1.670726418 0.003578997 0.049560726 0.057058800 0.997133493
1548340594.467380 -0.301161408 0.222170085 -1.676613808 0.007247397 0.050729539 0.057718262 0.997016847
1548340594.500840 -0.292625964 0.224202156 -1.698694944 0.009921976 0.045861114 0.058447916 0.997187138
1548340594.534360 -0.275495678 0.234826341 -1.723564982 0.011965076 0.044446677 0.058263067 0.997239590
1548340594.567940 -0.292230099 0.246127591 -1.730852962 0.013326545 0.048607610 0.060798090 0.996876776
1548340594.601490 -0.307919383 0.254576415 -1.745781064 0.014193259 0.048422251 0.060645312 0.996883154
1548340594.635000 -0.291860759 0.269118369 -1.764551044 0.013691977 0.045071315 0.059926368 0.997090697
1548340594.668520 -0.297285765 0.283386260 -1.777685046 0.011446849 0.047585372 0.061509088 0.996905804
1548340594.702030 -0.313283861 0.292274833 -1.785469413 0.008939089 0.049291965 0.062392086 0.996793687
1548340594.735560 -0.310195059 0.300165087 -1.801380873 0.006281035 0.049223617 0.062538713 0.996808171
1548340594.769090 -0.318336815 0.307960123 -1.811243057 0.003115671 0.051244400 0.064387172 0.996603549
1548340594.802830 -0.333305895 0.317336142 -1.821294308 0.000708683 0.053104978 0.065077864 0.996465862
1548340594.836350 -0.331105739 0.321556330 -1.834905505 -0.002132335 0.053090516 0.065595783 0.996430635
1548340594.869860 -0.343796760 0.321194917 -1.842387199 -0.004842221 0.055254515 0.066810258 0.996222794
1548340594.903380 -0.357087374 0.322669059 -1.851999879 -0.005718314 0.055102862 0.066387028 0.996254861
1548340594.936900 -0.358090162 0.323584706 -1.870996952 -0.006100351 0.053833548 0.064570613 0.996441364
1548340594.970410 -0.358156651 0.326824307 -1.886383891 -0.006456864 0.054567780 0.063044570 0.996496916
1548340595.003920 -0.369541436 0.325290829 -1.900472283 -0.006719792 0.055483080 0.062328510 0.996489644
1548340595.037440 -0.370526195 0.327380538 -1.917205215 -0.005913893 0.054509062 0.059943736 0.996694803
1548340595.070610 -0.374045402 0.330518335 -1.935965538 -0.004557683 0.055759884 0.058552429 0.996715426
1548340595.104120 -0.395893186 0.326963395 -1.946861148 -0.002800995 0.058031246 0.056892198 0.996688426
1548340595.137550 -0.391565025 0.329415560 -1.967206955 0.000873924 0.054838993 0.055118103 0.996972382
1548340595.171040 -0.392300040 0.331686646 -1.986021399 0.004587725 0.053612381 0.052405775 0.997175157
1548340595.204560 -0.404244632 0.342816770 -2.001246214 0.009111271 0.054327361 0.050484873 0.997204483
1548340595.238070 -0.415477395 0.348887682 -2.020862579 0.012818581 0.052684404 0.049124047 0.997319818
1548340595.271530 -0.405438453 0.357559502 -2.043470621 0.015792139 0.048036862 0.046195664 0.997651756
1548340595.305010 -0.398694962 0.367728412 -2.064734459 0.018184122 0.046590634 0.044805169 0.997743011
1548340595.338530 -0.413515002 0.376137644 -2.075990915 0.019930558 0.046283524 0.042960975 0.997805059
1548340595.372080 -0.400258631 0.392740041 -2.096997976 0.021574965 0.041329440 0.041487582 0.998050690
1548340595.405650 -0.384848922 0.405503035 -2.117117405 0.020368129 0.039692625 0.040693101 0.998175204
1548340595.439170 -0.387116790 0.413442135 -2.128040075 0.017344918 0.040933579 0.041057214 0.998167276
1548340595.472690 -0.393118590 0.417243123 -2.140192270 0.013782126 0.041306302 0.040400010 0.998234272
1548340595.506140 -0.385596544 0.421242952 -2.153715611 0.009959433 0.040030144 0.038907360 0.998391032
1548340595.539630 -0.385846257 0.422172040 -2.168606043 0.005737167 0.041940361 0.038619839 0.998356938
1548340595.573140 -0.405462414 0.419473648 -2.170887232 0.002282353 0.044205006 0.039390326 0.998243034
1548340595.606660 -0.402724922 0.416080534 -2.185019016 0.000570986 0.041157778 0.040231485 0.998342216
1548340595.640080 -0.409476817 0.414936215 -2.195159197 0.000457898 0.040122319 0.040362317 0.998379111
1548340595.673640 -0.420943528 0.414433330 -2.207411528 0.001682799 0.038303386 0.040030733 0.998462617
1548340595.707080 -0.413335979 0.413229853 -2.226012707 0.003446736 0.034125485 0.039795406 0.998618960
1548340595.740590 -0.414700955 0.416669339 -2.240446568 0.005989099 0.033527318 0.039713409 0.998630524
1548340595.774110 -0.409573615 0.423628837 -2.259494543 0.008445673 0.032793749 0.040098500 0.998621702
1548340595.807710 -0.433687001 0.428427577 -2.269977570 0.009935079 0.034693819 0.041444771 0.998488843
1548340595.841220 -0.444145769 0.433735758 -2.285381317 0.011472819 0.030571017 0.041631173 0.998599350
1548340595.874660 -0.443926215 0.438448310 -2.292263985 0.012982860 0.025912851 0.042291131 0.998684824
1548340595.908170 -0.441274792 0.444342136 -2.310495377 0.014516473 0.020129656 0.041055888 0.998848557
1548340595.941680 -0.449880421 0.452100277 -2.321057320 0.016379282 0.017105477 0.039488669 0.998939335
1548340595.975200 -0.447393835 0.463335633 -2.337978601 0.017356059 0.012686715 0.038026419 0.999045432
1548340596.008720 -0.453304827 0.471109122 -2.348597527 0.016811300 0.011775279 0.036972575 0.999105453
1548340596.042230 -0.467543244 0.481232435 -2.358672142 0.016399514 0.010814097 0.036197692 0.999151587
1548340596.075750 -0.466491193 0.489943683 -2.370926619 0.015022739 0.007906923 0.034491595 0.999260783
1548340596.109260 -0.458347768 0.504922926 -2.385967493 0.012959805 0.007934182 0.034242939 0.999298036
1548340596.142870 -0.484000266 0.506065190 -2.390509844 0.009034763 0.012008557 0.033139501 0.999337733
1548340596.176390 -0.495053262 0.509977639 -2.398428202 0.005743362 0.010955388 0.031496089 0.999427319
1548340596.210240 -0.497467726 0.508349895 -2.408042669 0.002674895 0.009406448 0.029751478 0.999509513
1548340596.243750 -0.495873690 0.505010426 -2.421294928 0.000195118 0.009238612 0.026899934 0.999595404
1548340596.277090 -0.505262613 0.512393117 -2.432518721 -0.000427045 0.010763564 0.025932342 0.999605656
1548340596.310610 -0.505068123 0.513310552 -2.442907333 -0.001926888 0.011799039 0.025169604 0.999611676
1548340596.344120 -0.497602761 0.515501022 -2.455602169 -0.003456359 0.013973474 0.025677079 0.999566615
1548340596.377820 -0.506694257 0.517464042 -2.467947721 -0.004875230 0.019130090 0.028435796 0.999400616
1548340596.411930 -0.525417566 0.515102208 -2.471045017 -0.005392554 0.022330774 0.031032011 0.999254346
1548340596.445470 -0.523000062 0.518631518 -2.482703686 -0.004615243 0.021616476 0.031067656 0.999272823
1548340596.478980 -0.533573627 0.517392457 -2.492985487 -0.004469245 0.022700010 0.030560326 0.999265134
1548340596.512500 -0.540469527 0.520935595 -2.504627228 -0.003026895 0.021514863 0.029530922 0.999327660
1548340596.546010 -0.540712357 0.521150589 -2.520678043 -0.001868265 0.019775461 0.027545501 0.999423206
1548340596.613030 -0.541306674 0.525123775 -2.547295809 0.001603159 0.017490424 0.023226075 0.999575913
1548340596.646500 -0.548692763 0.530531347 -2.559062243 0.003815059 0.018099459 0.023531225 0.999551952
1548340596.679880 -0.557855248 0.544867575 -2.569314003 0.006572702 0.016296001 0.024260012 0.999551237
1548340596.713370 -0.548757255 0.545250595 -2.586110830 0.007076217 0.012434669 0.023981163 0.999610007
1548340596.746880 -0.541034818 0.545247436 -2.603048563 0.007688457 0.010664507 0.024688993 0.999608696
1548340596.780400 -0.526797533 0.556337774 -2.621653795 0.008924756 0.010059037 0.027373932 0.999534786
1548340596.846680 -0.522307038 0.568023264 -2.647688389 0.007315184 0.012102582 0.032478090 0.999372423
1548340596.880200 -0.508400083 0.570213795 -2.664129496 0.005293950 0.011727015 0.033027053 0.999371648
1548340596.913720 -0.495404959 0.572635889 -2.678599596 0.002480817 0.014898912 0.034746826 0.999282002
1548340596.947230 -0.498734921 0.577962995 -2.685134172 0.000290700 0.019537456 0.038298290 0.999075294
1548340596.980750 -0.497799665 0.575629592 -2.696632624 -0.002204663 0.021930693 0.040569134 0.998933613
1548340597.014260 -0.500520289 0.574118495 -2.706623077 -0.004145708 0.024354694 0.042031784 0.998810768
1548340597.047780 -0.497017205 0.572427750 -2.714857101 -0.005016090 0.025431003 0.043393064 0.998721778
1548340597.081360 -0.492014557 0.569040120 -2.729106188 -0.004683579 0.027015949 0.042838570 0.998705685
1548340597.115240 -0.491877705 0.561460972 -2.743108749 -0.003582992 0.030862894 0.043182079 0.998583972
1548340597.148800 -0.497515857 0.554435909 -2.756930590 -0.000774754 0.034543265 0.043257356 0.998466313
1548340597.182320 -0.495326102 0.552834928 -2.773294926 0.004061944 0.037077993 0.042638488 0.998394012
1548340597.215830 -0.495598763 0.553990901 -2.787610292 0.009266741 0.040672027 0.042572100 0.998222172
1548340597.249370 -0.511757612 0.551552892 -2.801089764 0.013975481 0.045243803 0.042207364 0.997986078
1548340597.282930 -0.514441788 0.556261361 -2.817840815 0.019523349 0.045930389 0.042566478 0.997846365
1548340597.316440 -0.520282269 0.560489297 -2.833405018 0.024263220 0.046493765 0.042394083 0.997723579
1548340597.349960 -0.514603794 0.561900675 -2.852509260 0.027868934 0.046101023 0.042461727 0.997644722
1548340597.383470 -0.526619375 0.568852842 -2.868888855 0.031502426 0.047959104 0.043363236 0.997410238
1548340597.416990 -0.537681520 0.576521695 -2.879368067 0.034159150 0.047558092 0.043946661 0.997316420
1548340597.450530 -0.527779162 0.585382819 -2.896427870 0.035804015 0.044796173 0.044573836 0.997358799
1548340597.484020 -0.533739865 0.593498111 -2.907766581 0.036105376 0.045316186 0.044676438 0.997319818
1548340597.517540 -0.539824367 0.604225934 -2.919491053 0.035610341 0.045071039 0.045419648 0.997315228
1548340597.551020 -0.558934748 0.607040226 -2.921721220 0.034152016 0.044463046 0.045472309 0.997391105
1548340597.584480 -0.551528156 0.612665057 -2.940117598 0.032685593 0.039668389 0.044144571 0.997702003
1548340597.618000 -0.536925852 0.614498854 -2.952986002 0.029804546 0.039203446 0.044421341 0.997798324
1548340597.651510 -0.551688671 0.621673405 -2.956979036 0.026785834 0.041330371 0.043078505 0.997856975
1548340597.685030 -0.549322367 0.621491671 -2.967956305 0.022209352 0.041592065 0.042097047 0.998000324
1548340597.718600 -0.555948913 0.623955786 -2.973617315 0.017955488 0.043010537 0.039738361 0.998122513
1548340597.752120 -0.556399763 0.628625572 -2.977376938 0.014118906 0.044177737 0.038952008 0.998164177
1548340597.785640 -0.549137950 0.622961402 -2.988014698 0.009727942 0.046035208 0.037447196 0.998190224
1548340597.819250 -0.554474533 0.627301514 -2.989590883 0.007853531 0.049540468 0.037857264 0.998023510
1548340597.852810 -0.569914281 0.621185064 -2.994568825 0.005351743 0.052849870 0.037444886 0.997885823
1548340597.886330 -0.579531312 0.613933504 -2.997511625 0.004474478 0.054046225 0.037751202 0.997814536
1548340597.919840 -0.584249318 0.605329514 -3.009839296 0.005452730 0.052466359 0.037713252 0.997895420
1548340597.953220 -0.584008217 0.609925091 -3.018527746 0.008755885 0.050328728 0.036671489 0.998020828
1548340597.986730 -0.580510497 0.614626646 -3.030089378 0.012236720 0.048600201 0.035837002 0.998100162
1548340598.020220 -0.581217885 0.624741375 -3.038279533 0.015819058 0.046957858 0.035465576 0.998141706
1548340598.053730 -0.571376085 0.629250169 -3.053084135 0.018003700 0.045272477 0.034194902 0.998226941
1548340598.087410 -0.558341265 0.636322975 -3.067293882 0.019417506 0.045378972 0.032843918 0.998240948
1548340598.120920 -0.558274508 0.641760767 -3.071628332 0.019911513 0.048383262 0.032357611 0.998106003
1548340598.154280 -0.564342439 0.645296574 -3.076847553 0.020272769 0.050150044 0.031518791 0.998038352
1548340598.187800 -0.562515438 0.645891964 -3.083328485 0.020696454 0.050188210 0.029550828 0.998087943
1548340598.221310 -0.552248776 0.647105873 -3.095316887 0.021315325 0.050281003 0.026706209 0.998150408
1548340598.254790 -0.551119447 0.657774389 -3.101865053 0.022473404 0.051888064 0.024856251 0.998090565
1548340598.288300 -0.541318357 0.668017328 -3.107208967 0.022342831 0.053527907 0.022781145 0.998056412
1548340598.321730 -0.534896195 0.671486378 -3.118304729 0.020561645 0.055902131 0.022553278 0.997969747
1548340598.355250 -0.539502859 0.670772195 -3.117114067 0.018026471 0.059688918 0.022036137 0.997810960
1548340598.388780 -0.543826878 0.669860005 -3.119033098 0.015945684 0.061730929 0.022480626 0.997712195
1548340598.422350 -0.542247176 0.671702445 -3.125909567 0.014367286 0.061261524 0.022783156 0.997758269
1548340598.455870 -0.541852117 0.672350287 -3.126800060 0.013193877 0.061052836 0.022444451 0.997794926
1548340598.489330 -0.537630022 0.674804509 -3.133586168 0.012423970 0.059499886 0.022872396 0.997888923
1548340598.522830 -0.538069069 0.679791152 -3.134612560 0.011922064 0.058104526 0.021809140 0.998001039
1548340598.556360 -0.538496673 0.677563846 -3.134976149 0.010565937 0.056642264 0.020246405 0.998133302
1548340598.589880 -0.538749754 0.682112396 -3.138330936 0.011077894 0.054830622 0.019108817 0.998251379
1548340598.623430 -0.535018504 0.683505714 -3.144093513 0.010677153 0.052387539 0.018745255 0.998393774
1548340598.656960 -0.534994602 0.681662023 -3.146445751 0.009854249 0.050848663 0.018580258 0.998484910
1548340598.690480 -0.528226376 0.685841620 -3.147827148 0.009951782 0.048949353 0.018972183 0.998571455
1548340598.723980 -0.527470589 0.686385572 -3.148239851 0.009764111 0.047815323 0.019704182 0.998614073
1548340598.757500 -0.524985015 0.687942624 -3.152956247 0.009534972 0.046489391 0.020653350 0.998659730
1548340598.790990 -0.515261412 0.690611005 -3.155513048 0.009211097 0.045259539 0.021345768 0.998704731
1548340598.824510 -0.511443555 0.688601613 -3.155637026 0.008205171 0.045994394 0.022195037 0.998661399
1548340598.858000 -0.516399741 0.686580658 -3.152681589 0.007501249 0.047842346 0.023100719 0.998559535
1548340598.891540 -0.524217069 0.679567337 -3.150490522 0.007109392 0.047977526 0.024018623 0.998534262
1548340598.925030 -0.514260590 0.681311250 -3.150123596 0.008356801 0.045992158 0.024956295 0.998595059
1548340598.958570 -0.510364830 0.685094714 -3.150330305 0.009736893 0.046492886 0.025619186 0.998542547
1548340598.992090 -0.515928626 0.683186591 -3.149499893 0.010155641 0.047473323 0.026951516 0.998457193
1548340599.025610 -0.511957645 0.689816475 -3.147664070 0.011322420 0.046893626 0.028352588 0.998433232
1548340599.059090 -0.510968268 0.684470415 -3.142472744 0.010804659 0.046808947 0.029039999 0.998423159
1548340599.092590 -0.513826251 0.677231967 -3.132733583 0.010691527 0.047108810 0.028963136 0.998412549
1548340599.126100 -0.516726911 0.679617703 -3.132809877 0.011615017 0.047391746 0.029262390 0.998380065
1548340599.159620 -0.509990871 0.679402590 -3.133234978 0.012800311 0.046798714 0.029596159 0.998383701
1548340599.193130 -0.503512740 0.676953614 -3.130617380 0.013877947 0.048629388 0.029338412 0.998289466
1548340599.226650 -0.526851118 0.673234880 -3.117834330 0.015238362 0.051872604 0.029627014 0.998097837
1548340599.260170 -0.520508647 0.680627525 -3.116884470 0.017496375 0.049335316 0.028256116 0.998229146
1548340599.293700 -0.513863742 0.680481613 -3.115095615 0.017856365 0.050206754 0.027817989 0.998191655
1548340599.327220 -0.521378756 0.679838836 -3.107250929 0.018321674 0.052672710 0.028124498 0.998047590
1548340599.360720 -0.523325920 0.684904814 -3.100577831 0.018757507 0.053689256 0.027241835 0.998009741
1548340599.394230 -0.521605313 0.684222758 -3.095242023 0.017993456 0.054665074 0.026741492 0.997984409
1548340599.427750 -0.516692460 0.683514595 -3.090618134 0.016916288 0.056876659 0.026554771 0.997884631
1548340599.461260 -0.525805891 0.678723574 -3.079847336 0.015964888 0.061015237 0.026594762 0.997654736
1548340599.494780 -0.522532940 0.681964040 -3.072739124 0.016634075 0.062863819 0.026715815 0.997525811
1548340599.528330 -0.525729120 0.679451406 -3.066027164 0.016715666 0.066163756 0.026968447 0.997304201
1548340599.561860 -0.521726727 0.678636670 -3.062231064 0.017435994 0.068683080 0.026974112 0.997121334
1548340599.595420 -0.534051061 0.678798318 -3.053443670 0.018550202 0.072629429 0.026654718 0.996830165
1548340599.628930 -0.527987003 0.678995430 -3.048630953 0.019998396 0.073476382 0.027977131 0.996703863
1548340599.662500 -0.527667880 0.675636649 -3.042239904 0.020949172 0.075520739 0.028300216 0.996522367
1548340599.696030 -0.525715292 0.677858949 -3.035593510 0.022825217 0.077786148 0.028523615 0.996300519
1548340599.729540 -0.531215608 0.675834656 -3.027922869 0.024426566 0.080143400 0.028278874 0.996082664
1548340599.763050 -0.524721324 0.685051560 -3.023522615 0.026603911 0.080786854 0.027935404 0.995984614
1548340599.796570 -0.518263400 0.688110173 -3.017113447 0.026352620 0.082979411 0.027907887 0.995811760
1548340599.830100 -0.518297195 0.691445887 -3.008011580 0.024772707 0.085723065 0.027331769 0.995635867
1548340599.863620 -0.514025211 0.697079480 -2.992193460 0.022680178 0.087862730 0.027601415 0.995491803
1548340599.897130 -0.512670636 0.695555449 -2.985147715 0.019285133 0.089592643 0.027778728 0.995404243
1548340599.930650 -0.519040942 0.689423084 -2.969811201 0.015421334 0.091051660 0.028612629 0.995315552
1548340599.964160 -0.511296093 0.684501469 -2.955015421 0.012630356 0.089378528 0.028006826 0.995523810
1548340599.997660 -0.513214707 0.677012980 -2.940493822 0.010761038 0.089586750 0.028489498 0.995513320
1548340600.031180 -0.519931614 0.672939837 -2.930032969 0.010517019 0.086919017 0.029875036 0.995711803
1548340600.064690 -0.492455572 0.679789424 -2.919498444 0.010978396 0.079854816 0.029325122 0.996314585
1548340600.098210 -0.491799116 0.674252987 -2.903982878 0.009900421 0.079276264 0.029780775 0.996358514
1548340600.131710 -0.511149287 0.663697124 -2.892961502 0.009307342 0.076495551 0.029050227 0.996603131
1548340600.165210 -0.481828302 0.670082510 -2.881080151 0.011297422 0.066179298 0.027950840 0.997352183
1548340600.198690 -0.461068213 0.668116927 -2.873547077 0.010925505 0.063077420 0.027238814 0.997577012
1548340600.232180 -0.451495975 0.666859925 -2.859475851 0.010001733 0.061367020 0.027367696 0.997689843
1548340600.265720 -0.451263547 0.663538218 -2.848040581 0.008202353 0.059388693 0.025248136 0.997881830
1548340600.299210 -0.437500805 0.661709607 -2.838676214 0.005865897 0.058509134 0.023912484 0.997983217
1548340600.332730 -0.433221370 0.658774316 -2.823854923 0.003025104 0.059981715 0.022221984 0.997947514
1548340600.366270 -0.455504656 0.656836927 -2.803708553 0.000255752 0.061580375 0.020787006 0.997885585
1548340600.399790 -0.441080481 0.650966048 -2.793709755 -0.002849102 0.055784665 0.019025419 0.998257518
1548340600.433280 -0.427767277 0.652579904 -2.780861616 -0.005917476 0.052634817 0.017103542 0.998449802
1548340600.466790 -0.418662339 0.653616130 -2.767568827 -0.009252862 0.051414188 0.016573006 0.998497009
1548340600.500310 -0.420439243 0.647229552 -2.750186443 -0.013686422 0.051864248 0.015411193 0.998441398
1548340600.533820 -0.417839378 0.645620108 -2.734747887 -0.016977787 0.050017562 0.015121552 0.998489559
1548340600.567320 -0.403200150 0.639948130 -2.720329762 -0.020410251 0.048347369 0.014333901 0.998519123
1548340600.600840 -0.408999890 0.635273576 -2.701377630 -0.023406450 0.050360654 0.014115020 0.998356998
1548340600.634370 -0.418831974 0.628632188 -2.684229374 -0.025789768 0.049616247 0.013473448 0.998344421
1548340600.667910 -0.398910731 0.629396498 -2.670946598 -0.026975663 0.045584336 0.012148959 0.998522282
1548340600.701430 -0.391320050 0.630525649 -2.656820059 -0.028721675 0.046085808 0.012172043 0.998450279
1548340600.734950 -0.398694366 0.626053512 -2.635197878 -0.031202173 0.047929235 0.011305177 0.998299241
1548340600.768470 -0.407904565 0.620549202 -2.617974043 -0.032764796 0.047966409 0.010906366 0.998251796
1548340600.801990 -0.408424526 0.619126558 -2.600282431 -0.033220172 0.045547567 0.011218270 0.998346627
1548340600.835510 -0.387009591 0.620600998 -2.586257696 -0.033355564 0.042069614 0.010817509 0.998499155
1548340600.869030 -0.386834592 0.619624257 -2.569778681 -0.033852477 0.043458384 0.011306295 0.998417497
1548340600.902670 -0.384038925 0.612199187 -2.551241159 -0.034685671 0.044074431 0.011266106 0.998362362
1548340600.936400 -0.372419357 0.605422378 -2.537009001 -0.035047356 0.044839896 0.009765833 0.998331487
1548340600.969930 -0.369399369 0.600445569 -2.517491817 -0.035233054 0.049147654 0.008461515 0.998134017
1548340601.003460 -0.384526014 0.592008293 -2.496417761 -0.034917548 0.053572938 0.007706291 0.997923493
1548340601.037010 -0.382669747 0.586609900 -2.479709625 -0.033471998 0.054442946 0.006938393 0.997931540
1548340601.070530 -0.389172107 0.580150604 -2.461809158 -0.032329332 0.055581495 0.007009113 0.997906029
1548340601.104040 -0.380612880 0.575376034 -2.449562550 -0.030242652 0.053719576 0.008306579 0.998063385
1548340601.137560 -0.372608453 0.570920765 -2.435854197 -0.028925842 0.054030579 0.008736343 0.998081982
1548340601.171070 -0.388206989 0.560410321 -2.411415100 -0.028047007 0.056601278 0.009975147 0.997952998
1548340601.204560 -0.389382750 0.553594470 -2.396970034 -0.025627965 0.054311201 0.010430319 0.998140633
1548340601.238080 -0.368766576 0.554568291 -2.388967276 -0.022676695 0.050753243 0.011047826 0.998392642
1548340601.271590 -0.369585127 0.554221809 -2.372972965 -0.021209242 0.052393895 0.012350879 0.998324811
1548340601.305090 -0.374175638 0.549760520 -2.356148005 -0.020850234 0.052453261 0.013008722 0.998320937
1548340601.338390 -0.363105059 0.548878789 -2.340697050 -0.020427734 0.051046401 0.013032679 0.998402297
1548340601.371910 -0.371635675 0.545965075 -2.321711540 -0.021516232 0.052418172 0.013622121 0.998300493
1548340601.405420 -0.376677006 0.543153584 -2.300567389 -0.022743918 0.050693363 0.013991022 0.998357236
1548340601.438880 -0.382644206 0.539210737 -2.277034044 -0.024148729 0.047419593 0.013681434 0.998489380
1548340601.472390 -0.371708155 0.534169197 -2.259602308 -0.025560139 0.041059542 0.012611641 0.998750091
1548340601.505910 -0.368251443 0.530558407 -2.240890741 -0.026995180 0.038000219 0.011098211 0.998851359
1548340601.539430 -0.376891911 0.530103147 -2.219737530 -0.028408859 0.035606995 0.011100272 0.998900354
1548340601.572990 -0.377873540 0.524406672 -2.193302393 -0.029991036 0.030209942 0.010817727 0.999034941
1548340601.606460 -0.362034172 0.519017518 -2.174710274 -0.031001916 0.024171945 0.010876833 0.999167800
1548340601.639950 -0.363941252 0.511856198 -2.150793552 -0.031558651 0.021388955 0.010920715 0.999213338
1548340601.673460 -0.367638499 0.506993949 -2.130638361 -0.031171493 0.017760139 0.012032663 0.999283791
1548340601.706980 -0.366770893 0.498558819 -2.107479095 -0.030111626 0.011657501 0.011677972 0.999410331
1548340601.740490 -0.348515481 0.486107320 -2.092698574 -0.028963672 0.006152033 0.010003322 0.999511480
1548340601.774000 -0.347974807 0.480870694 -2.076377153 -0.027149418 0.004834001 0.010870789 0.999560595
1548340601.807520 -0.345966846 0.477346599 -2.055680513 -0.025344918 0.001267599 0.011012841 0.999617279
1548340601.841030 -0.342488199 0.468780547 -2.035296440 -0.024592225 -0.002020336 0.009509942 0.999650300
1548340601.874550 -0.346485287 0.460200518 -2.014950037 -0.023829518 -0.003387786 0.008276666 0.999676049
1548340601.907980 -0.341583967 0.448978275 -1.999982119 -0.023534253 -0.007438630 0.007727717 0.999665499
1548340601.941500 -0.343788683 0.443808287 -1.979146242 -0.022534041 -0.010103218 0.007023118 0.999670327
1548340601.975010 -0.333610237 0.433447719 -1.965690613 -0.022774579 -0.013495353 0.006267875 0.999629855
1548340602.008530 -0.337094486 0.430493027 -1.943395138 -0.022297835 -0.014699083 0.005150415 0.999630034
1548340602.042040 -0.331353784 0.422434449 -1.928586602 -0.022647502 -0.016887454 0.004313617 0.999591529
1548340602.075560 -0.327826977 0.411766678 -1.910072446 -0.023281792 -0.018104238 0.001906008 0.999563158
1548340602.109070 -0.318919152 0.399066925 -1.888244748 -0.023062035 -0.015971135 0.001163839 0.999605775
1548340602.142550 -0.334855050 0.398746997 -1.870680571 -0.020967469 -0.012639009 0.002222441 0.999697745
1548340602.176070 -0.342221618 0.400865525 -1.849795461 -0.018914601 -0.013316481 0.003778448 0.999725282
1548340602.209620 -0.319439918 0.390378982 -1.834493399 -0.019039346 -0.016174667 0.003518917 0.999681711
1548340602.243140 -0.329267710 0.389475763 -1.811568856 -0.018589757 -0.011550964 0.005100607 0.999747455
1548340602.276610 -0.338281721 0.391505092 -1.789884567 -0.018070567 -0.010376691 0.007134188 0.999757409
1548340602.309920 -0.339755386 0.385561049 -1.768983603 -0.018893009 -0.011248803 0.007301167 0.999731600
1548340602.343280 -0.334494501 0.377749771 -1.747866154 -0.020033816 -0.011559414 0.008177380 0.999698997
1548340602.376800 -0.353474379 0.374148637 -1.724150896 -0.019778244 -0.009537306 0.009468772 0.999714077
1548340602.410290 -0.353156447 0.364663094 -1.702034593 -0.019076515 -0.012449484 0.009374025 0.999696553
1548340602.443790 -0.350926578 0.355339378 -1.682240248 -0.017402999 -0.012882406 0.009532109 0.999720097
1548340602.477260 -0.360619754 0.348455578 -1.660745502 -0.014924727 -0.011468682 0.009476063 0.999777913
1548340602.510780 -0.355702043 0.340906709 -1.643401742 -0.011857687 -0.012356877 0.009251938 0.999810517
1548340602.544290 -0.347934067 0.330124080 -1.625895739 -0.009191778 -0.009487043 0.009191583 0.999870479
1548340602.577810 -0.364914834 0.331586361 -1.607376814 -0.005400940 -0.004932271 0.011002110 0.999912739
1548340602.611330 -0.371677220 0.325289935 -1.590533257 -0.003812995 -0.004162576 0.011559343 0.999917269
1548340602.644880 -0.365739852 0.321063012 -1.573215008 -0.002575502 -0.006135039 0.012683915 0.999897420
1548340602.678400 -0.361886591 0.307933778 -1.556632280 -0.002627932 -0.004184174 0.014452212 0.999883354
1548340602.711910 -0.371014506 0.304020584 -1.535476446 -0.001550089 -0.000664164 0.018406427 0.999829173
1548340602.745400 -0.367753983 0.296821743 -1.517010927 -0.001250744 0.000699606 0.021700857 0.999763489
1548340602.778910 -0.368326217 0.290082514 -1.498582840 -0.000955783 0.003162435 0.025436293 0.999670982
1548340602.812480 -0.368811458 0.283527404 -1.480009317 -0.000683580 0.005859385 0.028914146 0.999564469
1548340602.846360 -0.378961623 0.278587312 -1.458638430 -0.000037399 0.008611422 0.033089507 0.999415278
1548340602.879870 -0.381825298 0.273726732 -1.440975189 0.000522976 0.007121410 0.034717917 0.999371648
1548340602.913390 -0.373052657 0.261047155 -1.424904346 -0.000589898 0.006611845 0.033298660 0.999423385
1548340602.946910 -0.383443117 0.257099211 -1.401894450 0.000438877 0.010118586 0.035509188 0.999318004
1548340602.980420 -0.382748067 0.250003368 -1.384602308 0.001419100 0.010116381 0.035890553 0.999303520
1548340603.013940 -0.384962380 0.245739743 -1.363782525 0.003235598 0.010979087 0.036267929 0.999276519
1548340603.047480 -0.379916757 0.242236406 -1.347172618 0.005305951 0.011302456 0.035811696 0.999280572
1548340603.080990 -0.379294962 0.238903463 -1.324849725 0.007167105 0.014398744 0.037445713 0.999169230
1548340603.114510 -0.386740327 0.235880539 -1.301041961 0.009303684 0.015757417 0.037800182 0.999117792
1548340603.147750 -0.382227749 0.235226288 -1.283009648 0.010663107 0.016624967 0.038253434 0.999072850
1548340603.180920 -0.388417631 0.232735455 -1.256208181 0.011701922 0.018165672 0.039031003 0.999004304
1548340603.214440 -0.384516269 0.230837315 -1.235749125 0.012672837 0.016792582 0.039778002 0.998987079
1548340603.248290 -0.380058050 0.229277387 -1.216339827 0.012783258 0.017545793 0.039838854 0.998970270
1548340603.281810 -0.376383662 0.223456338 -1.194086432 0.011677467 0.018965580 0.041819178 0.998876870
1548340603.315330 -0.377851307 0.223857760 -1.169855356 0.011352530 0.020997623 0.042955067 0.998791814
1548340603.348840 -0.381548077 0.213900447 -1.142978787 0.009366381 0.023148831 0.044000510 0.998719335
1548340603.382360 -0.374148309 0.207868382 -1.125861526 0.007760145 0.023913691 0.043854184 0.998721540
1548340603.415890 -0.372436762 0.200870857 -1.105149508 0.005971381 0.027515858 0.044730313 0.998602211
1548340603.449500 -0.377131939 0.193047494 -1.076894879 0.004561717 0.031057077 0.045808621 0.998456955
1548340603.483020 -0.381845534 0.186302185 -1.054652572 0.003995168 0.032306530 0.046395972 0.998392582
1548340603.516550 -0.383687377 0.180182204 -1.036441445 0.003939393 0.032341272 0.046415918 0.998390734
1548340603.550070 -0.374321252 0.170357943 -1.022942662 0.003460488 0.032487273 0.047211528 0.998350441
1548340603.583580 -0.377043694 0.166259065 -1.001804829 0.003930921 0.035523403 0.048631601 0.998177111
1548340603.617100 -0.385154009 0.165190905 -0.975625694 0.005390687 0.037263732 0.050029300 0.998037755
1548340603.650620 -0.379569173 0.157896370 -0.968821406 0.005797772 0.035733435 0.049448613 0.998120427
1548340603.684130 -0.368326187 0.153377846 -0.957243800 0.006091268 0.037714969 0.049832981 0.998026609
1548340603.717630 -0.382979542 0.151268587 -0.927989423 0.007179406 0.042857397 0.051302504 0.997737288
1548340603.751140 -0.390706599 0.148005411 -0.907861531 0.008632173 0.042895120 0.051283602 0.997725189
1548340603.784660 -0.362967521 0.138719425 -0.905691922 0.008335570 0.041974649 0.049784683 0.997842729
1548340603.818170 -0.372351855 0.137618467 -0.874356449 0.009935451 0.051236030 0.052962020 0.997231722
1548340603.851670 -0.386302173 0.135668114 -0.846521437 0.011949143 0.056069940 0.054359935 0.996874332
1548340603.885190 -0.378623694 0.127666250 -0.840234518 0.013092863 0.056639176 0.052671492 0.996918380
1548340603.918630 -0.356258571 0.123620220 -0.840182841 0.014948315 0.063792512 0.054662835 0.996352851
1548340603.952150 -0.358107060 0.122884355 -0.819745839 0.017395759 0.074602745 0.057311337 0.995413065
1548340603.985660 -0.363028228 0.117664739 -0.795595109 0.019352263 0.085337989 0.058727257 0.994431496
1548340604.019180 -0.369170219 0.114909574 -0.778064728 0.021127075 0.093230344 0.059831362 0.993620634
1548340604.052700 -0.373561502 0.108863719 -0.762383640 0.022336466 0.099278815 0.059505310 0.993027627
1548340604.086210 -0.369987220 0.103999935 -0.746123493 0.023892926 0.105102271 0.058560673 0.992448092
1548340604.119730 -0.354400367 0.099941991 -0.737286329 0.024965394 0.111456379 0.058932088 0.991706192
1548340604.153360 -0.369287282 0.097846232 -0.716911077 0.026640061 0.121770158 0.059843995 0.990394413
1548340604.186880 -0.385600835 0.095888816 -0.702020764 0.028498137 0.125800610 0.058594942 0.989913464
1548340604.220470 -0.348590493 0.088534154 -0.706438482 0.028569393 0.125662625 0.056181215 0.990068913
1548340604.287610 -0.372901529 0.084303737 -0.661563277 0.028537525 0.145227790 0.055708490 0.987416387
1548340604.321040 -0.366660148 0.086109377 -0.647075534 0.028487166 0.146029115 0.053457759 0.987424076
1548340604.354640 -0.331705153 0.090835348 -0.642340243 0.027642468 0.148118705 0.052297506 0.987198949
1548340604.388180 -0.351541996 0.092549384 -0.607552648 0.026586285 0.159653828 0.053528860 0.985362113
1548340604.421690 -0.361874282 0.094047919 -0.587970674 0.025460117 0.162823066 0.054752488 0.984805882
1548340604.455210 -0.351430029 0.091321424 -0.567278743 0.023233250 0.161011249 0.053841189 0.985208988
1548340604.488700 -0.335152984 0.088657126 -0.554488420 0.020678887 0.162542105 0.055084683 0.984945774
1548340604.522200 -0.343118787 0.084773622 -0.528517544 0.018451221 0.165136218 0.057621226 0.984413207
1548340604.555710 -0.334856957 0.079950593 -0.508039832 0.016471883 0.163553625 0.060510695 0.984539151
1548340604.589180 -0.332292259 0.073682293 -0.489944845 0.014947581 0.161471725 0.064106293 0.984679580
1548340604.622690 -0.336895913 0.074539475 -0.473070443 0.015772006 0.157839045 0.067895554 0.985001683
1548340604.656210 -0.315368176 0.068452269 -0.460332692 0.015930062 0.149810672 0.069802292 0.986118972
1548340604.689780 -0.286427259 0.057404660 -0.445954770 0.015525908 0.145196646 0.072572581 0.986615479
1548340604.723260 -0.281564713 0.056993049 -0.422639400 0.017103259 0.146389291 0.076353826 0.986127615
1548340604.756760 -0.279452145 0.051283304 -0.405071020 0.017648323 0.145354316 0.078807913 0.986078024
1548340604.790160 -0.266854823 0.048573077 -0.390720844 0.018357405 0.141442955 0.080019519 0.986536264
1548340604.823670 -0.260260493 0.044689924 -0.374594718 0.018235520 0.137931675 0.079098411 0.987109780
1548340604.857110 -0.251775384 0.038607702 -0.358532846 0.017067352 0.133451685 0.077668287 0.987859786
1548340604.890580 -0.236150980 0.034454383 -0.343750060 0.015434233 0.129249483 0.074366614 0.988699138
1548340604.923970 -0.221194893 0.029060621 -0.332012087 0.013345568 0.128347278 0.071536481 0.989055812
1548340604.957490 -0.221808270 0.020615410 -0.312689960 0.011768547 0.130767569 0.069688953 0.988890707
1548340604.991010 -0.229770869 0.009978838 -0.297436208 0.011462521 0.129786059 0.069156989 0.989060879
1548340605.024420 -0.215505183 0.005723937 -0.282377213 0.013197633 0.122317180 0.065564133 0.990235150
1548340605.057870 -0.192445502 0.002112116 -0.270367444 0.014821536 0.119615920 0.063449442 0.990679801
1548340605.091390 -0.199608475 0.000488160 -0.249313906 0.017185315 0.122467741 0.064091742 0.990251780
1548340605.124960 -0.198191851 -0.001037719 -0.237179309 0.019015877 0.120020039 0.063264899 0.990571141
1548340605.158480 -0.196290255 -0.006488758 -0.219619885 0.019993601 0.115681715 0.060629647 0.991232574
1548340605.191940 -0.167215049 -0.011548834 -0.217725098 0.019903086 0.111448795 0.057697795 0.991894126
1548340605.225290 -0.175958395 -0.007718765 -0.193753153 0.020590799 0.116467990 0.057593014 0.991309404
1548340605.258860 -0.174671710 -0.006532252 -0.170883238 0.020167302 0.114620849 0.055714983 0.991640627
1548340605.292380 -0.170077592 -0.008815637 -0.153997585 0.018474400 0.112663925 0.052677754 0.992063820
1548340605.325920 -0.169858307 -0.012492106 -0.133681074 0.016368726 0.110686943 0.051444348 0.992388010
1548340605.359420 -0.174487308 -0.011422112 -0.108757675 0.015595851 0.107108399 0.049556237 0.992889106
1548340605.392940 -0.171059787 -0.014758185 -0.086245202 0.013994933 0.101203278 0.046636183 0.993673563
1548340605.426450 -0.154391557 -0.022152480 -0.069747098 0.011971092 0.095640607 0.043100230 0.994410336
1548340605.459970 -0.144431219 -0.027933517 -0.048647244 0.009933733 0.095267795 0.041683733 0.994528949
1548340605.493490 -0.148570985 -0.027238639 -0.025244813 0.009498986 0.095889010 0.040352963 0.994528353
1548340605.527020 -0.141195089 -0.036220435 -0.007905624 0.007652127 0.092911340 0.037541937 0.994936943
1548340605.561030 -0.135426536 -0.038895674 0.011624526 0.007141758 0.091470182 0.034999553 0.995166957
1548340605.594580 -0.136492833 -0.044867784 0.031793021 0.005925215 0.091031477 0.031462915 0.995333254
1548340605.628060 -0.142880723 -0.049968805 0.048872601 0.004627829 0.089347325 0.027117295 0.995620549
1548340605.661080 -0.136558086 -0.054631095 0.070036963 0.003344604 0.084898353 0.022099935 0.996138871
1548340605.695090 -0.131744951 -0.059804700 0.084342867 0.002119499 0.082309134 0.017588276 0.996449351
1548340605.728660 -0.130764186 -0.062282246 0.105066985 0.001770417 0.079741515 0.013200565 0.996726573
1548340605.762240 -0.127030984 -0.065927133 0.122865260 0.001636044 0.076548524 0.009191297 0.997022152
1548340605.795800 -0.134877071 -0.069116436 0.138149291 0.002019503 0.073702700 0.006930050 0.997254133
1548340605.829340 -0.130211279 -0.072669171 0.157949790 0.002769723 0.064484343 0.002539327 0.997911632
1548340605.862850 -0.113808893 -0.076211609 0.173983559 0.003337631 0.057655565 -0.001176205 0.998330295
1548340605.896350 -0.113261357 -0.073850185 0.191845670 0.004712490 0.055707436 -0.000274756 0.998435974
1548340605.929880 -0.108421601 -0.074604712 0.206078157 0.005412733 0.048018519 -0.001365866 0.998830855
1548340605.963400 -0.101876333 -0.076449610 0.227055624 0.005112737 0.041803055 -0.003353124 0.999107182
1548340605.996920 -0.098441295 -0.075638190 0.244629502 0.004694576 0.036889881 -0.003368489 0.999302626
1548340606.030430 -0.099701099 -0.077028118 0.260173917 0.003445719 0.028985301 -0.004025481 0.999565780
1548340606.063950 -0.082190007 -0.078300126 0.278662980 0.001605680 0.018234858 -0.006129066 0.999813676
1548340606.097190 -0.073426381 -0.082810417 0.294907540 -0.001392663 0.013068378 -0.007788846 0.999883294
1548340606.130800 -0.072934657 -0.086202346 0.309003413 -0.004619020 0.006616771 -0.008513841 0.999931216
1548340606.164310 -0.062783971 -0.090049133 0.330337375 -0.007215543 -0.003494100 -0.011689939 0.999899566
1548340606.197740 -0.053898904 -0.091862403 0.351461917 -0.009180386 -0.009860198 -0.012925252 0.999825716
1548340606.231260 -0.049953654 -0.094128743 0.371831626 -0.010670074 -0.016119789 -0.013366345 0.999723792
1548340606.264720 -0.043691792 -0.097963065 0.392070770 -0.011509636 -0.023969820 -0.015953349 0.999519110
1548340606.298230 -0.030382689 -0.103231475 0.410721868 -0.011995290 -0.029186063 -0.019844601 0.999305010
1548340606.331750 -0.025031080 -0.110459812 0.422118306 -0.012968554 -0.029086109 -0.021284577 0.999266148
1548340606.365280 -0.022353388 -0.111148097 0.441240162 -0.012672810 -0.030944385 -0.022128131 0.999195755
1548340606.398820 -0.019369073 -0.110021010 0.454665810 -0.011856887 -0.035341904 -0.024331754 0.999008656
1548340606.432340 -0.012490019 -0.115670897 0.467686594 -0.013325642 -0.038089085 -0.030043488 0.998733699
1548340606.465850 -0.007260622 -0.118137084 0.481347263 -0.015089994 -0.037889257 -0.033362508 0.998610854
1548340606.499380 -0.008432986 -0.120383002 0.495945275 -0.016793983 -0.039453182 -0.036568981 0.998410821
1548340606.532900 -0.002250011 -0.126336023 0.510597229 -0.018411040 -0.042600751 -0.041984320 0.998039842
1548340606.566430 -0.002327366 -0.129509717 0.523000002 -0.018389901 -0.042368542 -0.045674033 0.997888088
1548340606.599950 -0.001962011 -0.130308464 0.536140025 -0.016581098 -0.043716077 -0.048377771 0.997734249
1548340606.633460 0.002139536 -0.133163378 0.549227655 -0.013644767 -0.045895632 -0.051421672 0.997528553
1548340606.666980 0.009717461 -0.142493814 0.560764253 -0.012161929 -0.046004005 -0.053725552 0.997421324
1548340606.700490 0.010273276 -0.138975412 0.569381773 -0.007296656 -0.044215281 -0.052611254 0.997609079
1548340606.734010 0.014123161 -0.136324465 0.577027917 -0.003313711 -0.046379823 -0.053438056 0.997488022
1548340606.767530 0.018534003 -0.140358895 0.585623980 -0.002134244 -0.048618510 -0.056352686 0.997224212
1548340606.834560 0.021400420 -0.138381794 0.608410299 -0.000313734 -0.047535308 -0.059333302 0.997105718
1548340606.868070 0.023506802 -0.142706260 0.618242323 -0.001335006 -0.048605241 -0.063073494 0.996823668
1548340606.901590 0.026412969 -0.146118790 0.631812930 -0.001936329 -0.047105070 -0.064805351 0.996783614
1548340606.935090 0.025508614 -0.146940485 0.640319765 -0.001927234 -0.045277685 -0.064866297 0.996864378
1548340606.968600 0.026830407 -0.147241235 0.648711860 -0.001376832 -0.048408337 -0.065363698 0.996685684
1548340607.002010 0.026712961 -0.152706578 0.658748329 -0.001564964 -0.050060522 -0.068479799 0.996394515
1548340607.035530 0.029020993 -0.157450259 0.665973127 -0.001908073 -0.050313730 -0.070558608 0.996236086
1548340607.069040 0.029743627 -0.159829408 0.674698889 -0.001840212 -0.048495837 -0.072813690 0.996164143
1548340607.102530 0.031469580 -0.160629347 0.681887627 -0.001846726 -0.046998192 -0.074482076 0.996112525
1548340607.135970 0.032079358 -0.163671076 0.688113749 -0.003258281 -0.044751726 -0.076637276 0.996048868
1548340607.169490 0.028917495 -0.162413597 0.698052526 -0.003761628 -0.042900734 -0.078327991 0.995997071
1548340607.203000 0.030776886 -0.167615235 0.702136934 -0.005201011 -0.042544227 -0.081685595 0.995736122
1548340607.236520 0.032860339 -0.168629035 0.708068311 -0.005345772 -0.040533241 -0.083323851 0.995683432
1548340607.270030 0.031918045 -0.164790019 0.714433432 -0.004633003 -0.039035134 -0.083147451 0.995761633
1548340607.303550 0.033693615 -0.164385438 0.719979346 -0.005083713 -0.039179306 -0.084861457 0.995609164
1548340607.337200 0.035514008 -0.163729087 0.725810289 -0.006416577 -0.037840832 -0.086072646 0.995549262
1548340607.370710 0.039945170 -0.160369352 0.729053915 -0.008442448 -0.037677042 -0.084682249 0.995659590
1548340607.404230 0.039514173 -0.157567739 0.736211538 -0.011537980 -0.038681857 -0.085055985 0.995558143
1548340607.437750 0.041814569 -0.157841623 0.741374016 -0.015975835 -0.040571973 -0.085546777 0.995379508
1548340607.471270 0.042503890 -0.156951219 0.748107970 -0.020056805 -0.041431293 -0.085565642 0.995268643
1548340607.504800 0.044504832 -0.157990366 0.754505277 -0.023852417 -0.043497726 -0.083874695 0.995240688
1548340607.538320 0.045758061 -0.161566108 0.759561539 -0.027463578 -0.044237774 -0.083918355 0.995111287
1548340607.571820 0.048160207 -0.163085565 0.765267849 -0.029589470 -0.043672021 -0.081510000 0.995275497
1548340607.605330 0.049981806 -0.163772017 0.769565642 -0.030748909 -0.044064861 -0.078922771 0.995431542
1548340607.638850 0.054157138 -0.165345728 0.771753073 -0.031758592 -0.045499567 -0.076437488 0.995529234
1548340607.672360 0.056582578 -0.167452484 0.775345087 -0.032599378 -0.046661779 -0.074313842 0.995609045
1548340607.705840 0.058149889 -0.168972701 0.777940214 -0.033397462 -0.048299689 -0.072377585 0.995647132
1548340607.739350 0.058093060 -0.169408306 0.781855881 -0.033692759 -0.049906507 -0.072287947 0.995564461
1548340607.772870 0.060256191 -0.172304779 0.785253108 -0.033988457 -0.050840218 -0.072281905 0.995507598
1548340607.806380 0.061793391 -0.175054759 0.786649168 -0.033670429 -0.050990753 -0.072102420 0.995523751
1548340607.839840 0.063723937 -0.177129820 0.788994312 -0.032534692 -0.051509753 -0.072186425 0.995528698
1548340607.873270 0.064983666 -0.178719014 0.790361345 -0.031037457 -0.051985733 -0.072527513 0.995526969
1548340607.906760 0.066411726 -0.181421906 0.791113436 -0.029209651 -0.052315220 -0.073366404 0.995503545
1548340607.940280 0.066834629 -0.182360500 0.792607725 -0.026853353 -0.052855443 -0.073973447 0.995496452
1548340607.973790 0.068425819 -0.183908030 0.793317378 -0.024463728 -0.053707756 -0.075224064 0.995418668
1548340608.007310 0.068756253 -0.184945479 0.792923510 -0.022279000 -0.054317433 -0.075715132 0.995399654
1548340608.040830 0.070936069 -0.187455565 0.792180240 -0.020389633 -0.055565145 -0.077134095 0.995262325
1548340608.074360 0.071278892 -0.187732160 0.792616785 -0.018674737 -0.056147348 -0.077395394 0.995243013
1548340608.108100 0.073575370 -0.188431010 0.791688919 -0.017449167 -0.056940734 -0.077847548 0.995184958
1548340608.141750 0.074375346 -0.185989425 0.794019103 -0.016207473 -0.057443283 -0.076595739 0.995274186
1548340608.175290 0.079654902 -0.189747438 0.792693257 -0.017063538 -0.059170187 -0.075681351 0.995228648
1548340608.208890 0.081172675 -0.187339142 0.792883217 -0.017207768 -0.059892308 -0.074375913 0.995281398
1548340608.242380 0.082623407 -0.186786294 0.794704974 -0.018275391 -0.060392156 -0.072300479 0.995385110
1548340608.275900 0.085074216 -0.188232303 0.794203818 -0.020393183 -0.061303873 -0.070639208 0.995407462
1548340608.309440 0.086851344 -0.188155144 0.794972777 -0.022040516 -0.061731420 -0.068206370 0.995515645
1548340608.342960 0.086273253 -0.185665578 0.796160340 -0.023179060 -0.061885793 -0.065782189 0.995643318
1548340608.376480 0.089937963 -0.188562527 0.797313929 -0.025477802 -0.062592521 -0.063483171 0.995692194
1548340608.410010 0.091700464 -0.188059360 0.799546540 -0.027095126 -0.062430572 -0.061519556 0.995782912
1548340608.443530 0.093099087 -0.189066559 0.800927281 -0.028891837 -0.061942466 -0.059772212 0.995869339
1548340608.477060 0.095837280 -0.190464988 0.801183403 -0.030604742 -0.061361440 -0.058419943 0.995934367
1548340608.510630 0.096332498 -0.191771209 0.802358031 -0.032095507 -0.060227420 -0.057129983 0.996031463
1548340608.544160 0.099042244 -0.192476526 0.802334368 -0.032691777 -0.060104650 -0.056225497 0.996070981
1548340608.577610 0.099862248 -0.192713439 0.803896189 -0.032897826 -0.059490170 -0.055512030 0.996141076
1548340608.611170 0.099259853 -0.195045039 0.805513382 -0.033543609 -0.058677316 -0.055702619 0.996157110
1548340608.644640 0.101938248 -0.197831765 0.805206835 -0.033691484 -0.058472209 -0.056644339 0.996111095
1548340608.678160 0.103639491 -0.200940773 0.806630492 -0.033757154 -0.056862883 -0.057253264 0.996167243
1548340608.711670 0.104693845 -0.201748952 0.807900250 -0.032578576 -0.055102922 -0.057303678 0.996302485
1548340608.745240 0.106991187 -0.204983965 0.807079017 -0.031853937 -0.054054692 -0.058021452 0.996341765
1548340608.778820 0.107394524 -0.207804739 0.808649361 -0.030625280 -0.052252732 -0.059229817 0.996405303
1548340608.812370 0.108626693 -0.207936138 0.809711576 -0.028391493 -0.050045624 -0.059639484 0.996560335
1548340608.845850 0.108763121 -0.207737416 0.810430706 -0.026061242 -0.048882645 -0.059684668 0.996679008
1548340608.879370 0.109772108 -0.209713668 0.809191048 -0.024262229 -0.047651865 -0.060464025 0.996737063
