1548340549.995450 0.000000000 0.000000000 0.000000000 -0.000000000 -0.000000000 -0.000000000 1.000000000
1548340550.028930 0.000034170 0.001410527 0.000983477 0.000292753 -0.000931376 0.001079681 0.999998927
1548340550.062340 -0.003528824 0.002389200 0.008117561 0.000330567 -0.002184899 0.001340941 0.999996662
1548340550.095960 0.001246939 0.000023875 0.010499267 -0.000677101 -0.004109472 0.001991319 0.999989390
1548340550.129370 -0.001034988 0.001590497 0.014119274 -0.000819873 -0.004898937 0.002649226 0.999984205
1548340550.161530 0.002974989 -0.000117741 0.016780388 -0.001726587 -0.007793755 0.003627676 0.999961615
1548340550.195000 -0.002135439 -0.001712938 0.020048438 -0.002157862 -0.008552051 0.003481410 0.999955118
1548340550.228510 0.011444855 -0.004164707 0.015835963 -0.003221674 -0.012280004 0.004514914 0.999909222
1548340550.262030 0.003615946 -0.004272899 0.026008738 -0.003675067 -0.012115436 0.004029272 0.999911785
1548340550.295540 0.014987463 -0.007001266 0.025276473 -0.004506428 -0.015700009 0.005194648 0.999853134
1548340550.329060 0.015866155 -0.008770839 0.028827978 -0.004594168 -0.017292704 0.006264144 0.999820292
1548340550.362580 0.014616958 -0.009342532 0.037654240 -0.004438784 -0.018433621 0.006875223 0.999796569
1548340550.396090 0.017904967 -0.012830409 0.043867424 -0.004978389 -0.019660238 0.008650370 0.999756932
1548340550.429590 0.022411289 -0.012481649 0.047464836 -0.004485826 -0.021176850 0.010287927 0.999712765
1548340550.463100 0.022681549 -0.015285299 0.054649323 -0.004930560 -0.022617206 0.011740207 0.999663115
1548340550.496610 0.029786337 -0.014935016 0.058098894 -0.004649204 -0.025534505 0.012828943 0.999580801
1548340550.530080 0.033451203 -0.016598864 0.064490341 -0.005261614 -0.026620319 0.013681363 0.999538124
1548340550.562970 0.035682578 -0.017704766 0.070745416 -0.005828459 -0.028842814 0.014384344 0.999463499
1548340550.596470 0.032189462 -0.016940573 0.079031952 -0.005951707 -0.030810595 0.013436991 0.999417245
1548340550.629970 0.043952629 -0.016196219 0.082847834 -0.006304721 -0.035473537 0.011968776 0.999279082
1548340550.663480 0.044408519 -0.015155225 0.094003312 -0.007308411 -0.036404293 0.010793096 0.999252200
1548340550.696940 0.043665312 -0.015600107 0.099918626 -0.008498611 -0.037992578 0.010162679 0.999190211
1548340550.730460 0.054896269 -0.015790280 0.104481354 -0.010012684 -0.041836753 0.007958038 0.999042630
1548340550.763950 0.057525989 -0.017082673 0.113651708 -0.012275740 -0.042495470 0.006666153 0.998999000
1548340550.797470 0.054144181 -0.021173058 0.121174894 -0.014102260 -0.042878106 0.005804277 0.998963952
1548340550.830960 0.061208930 -0.025922043 0.129571363 -0.015568412 -0.045496132 0.004632758 0.998832464
1548340550.864480 0.064912520 -0.027403824 0.137388185 -0.016568990 -0.046255738 0.004122031 0.998783708
1548340550.898040 0.058339749 -0.028009709 0.147210434 -0.017463371 -0.045255069 0.004240406 0.998813868
1548340550.931550 0.057035979 -0.031337250 0.155049205 -0.018713070 -0.046822611 0.004180276 0.998719215
1548340550.965070 0.064630039 -0.030747872 0.163279578 -0.019255912 -0.049765844 0.004670452 0.998564363
1548340550.998640 0.059808202 -0.028388532 0.172088593 -0.019893628 -0.049096677 0.005654927 0.998579919
1548340551.032190 0.050133482 -0.034612492 0.179890975 -0.022167830 -0.049084678 0.005612256 0.998532891
1548340551.065810 0.060630761 -0.037161924 0.190258935 -0.023134498 -0.052301880 0.007258137 0.998336971
1548340551.099540 0.058222611 -0.036698293 0.199714586 -0.023708414 -0.052711152 0.006817968 0.998305082
1548340551.133080 0.049996510 -0.041686542 0.208697990 -0.024832141 -0.051760584 0.007064270 0.998325765
1548340551.166600 0.053487517 -0.044121768 0.220920056 -0.024943640 -0.054645337 0.007517827 0.998165905
1548340551.200130 0.055399030 -0.046019226 0.232964337 -0.025016649 -0.056694508 0.006482396 0.998057067
1548340551.233640 0.049201176 -0.047614072 0.245023623 -0.025057729 -0.057005357 0.004483083 0.998049319
1548340551.267160 0.042971205 -0.045064289 0.255894691 -0.024469912 -0.058624417 0.002297560 0.997977555
1548340551.300700 0.045696769 -0.045973647 0.267137229 -0.024978662 -0.061889987 -0.000094293 0.997770429
1548340551.334240 0.037878547 -0.051203981 0.279365867 -0.026676711 -0.062400866 -0.002876132 0.997690499
1548340551.367770 0.029882187 -0.055539776 0.292764693 -0.027768554 -0.063855685 -0.007009061 0.997548103
1548340551.401320 0.030657951 -0.060555264 0.303891122 -0.028676905 -0.065119989 -0.009941860 0.997415781
1548340551.434890 0.025510160 -0.058971085 0.317978412 -0.028456697 -0.064998589 -0.011245050 0.997416139
1548340551.468510 0.019156529 -0.066120371 0.331318796 -0.029259548 -0.067419067 -0.014510934 0.997190058
1548340551.502030 0.019767350 -0.070729926 0.346575528 -0.029287312 -0.067505814 -0.016406327 0.997153997
1548340551.535550 0.011982976 -0.071655191 0.356868893 -0.028305992 -0.065684088 -0.017624943 0.997283220
1548340551.569070 0.009079101 -0.077007204 0.369361788 -0.028089134 -0.066162005 -0.018960634 0.997233212
1548340551.602600 0.014927679 -0.080431476 0.381392092 -0.027720889 -0.065857552 -0.020289751 0.997237563
1548340551.636110 0.010793855 -0.083413549 0.397097856 -0.027793705 -0.063386977 -0.020813340 0.997384846
1548340551.669630 0.013614089 -0.087307885 0.408745289 -0.028676180 -0.061847180 -0.021877138 0.997433722
1548340551.703130 0.001206428 -0.088093624 0.422822058 -0.028655009 -0.055835664 -0.022325624 0.997779012
1548340551.736650 -0.001482471 -0.089083970 0.437789679 -0.027807554 -0.053572454 -0.021317001 0.997949064
1548340551.770160 -0.002772272 -0.092731886 0.451793551 -0.027262388 -0.052329220 -0.020303575 0.998051167
1548340551.803680 -0.003960153 -0.097124659 0.463997543 -0.026897004 -0.051645007 -0.018864475 0.998125017
1548340551.837190 -0.004307406 -0.097666197 0.478030652 -0.025827503 -0.051932000 -0.017722329 0.998159289
1548340551.870710 -0.004719285 -0.101328656 0.492827356 -0.026067853 -0.051551878 -0.017037107 0.998184741
1548340551.904030 -0.004784870 -0.104541637 0.507180512 -0.026217161 -0.051136952 -0.015764751 0.998223007
1548340551.937540 -0.004707348 -0.105738118 0.521179616 -0.026729533 -0.051034100 -0.015025541 0.998226047
1548340551.971060 -0.003979638 -0.106345281 0.537995875 -0.027916646 -0.050883777 -0.014476557 0.998209357
1548340552.004580 -0.017605461 -0.104955301 0.557380855 -0.028683245 -0.049528796 -0.014352404 0.998257577
1548340552.038060 -0.011044012 -0.109874316 0.572667539 -0.030795066 -0.053857554 -0.013955858 0.997976124
1548340552.071270 -0.010787942 -0.112309977 0.587204754 -0.032808013 -0.056745674 -0.014255254 0.997747660
1548340552.104420 -0.010586728 -0.113487668 0.604112506 -0.034833048 -0.059949435 -0.013946733 0.997496009
1548340552.138300 -0.012784198 -0.116925798 0.621560276 -0.037179966 -0.063248634 -0.014558304 0.997198761
1548340552.171930 -0.011796855 -0.120156303 0.638768971 -0.039240673 -0.066972062 -0.015527036 0.996861994
1548340552.205640 -0.011743220 -0.124540970 0.656866729 -0.041471314 -0.070200048 -0.015695676 0.996546924
1548340552.238960 -0.010035401 -0.128448352 0.673346221 -0.043437723 -0.073509365 -0.015390667 0.996229291
1548340552.272410 -0.008099629 -0.134448528 0.688957214 -0.045735557 -0.076268815 -0.017059544 0.995891750
1548340552.305870 -0.006925088 -0.137286246 0.705232799 -0.047265217 -0.077680379 -0.016954223 0.995712996
1548340552.339440 -0.006124893 -0.139862150 0.720630646 -0.048557632 -0.079820380 -0.017758477 0.995467544
1548340552.372980 -0.006426078 -0.143532813 0.736735821 -0.050152294 -0.081787676 -0.020652689 0.995172918
1548340552.406500 -0.007228578 -0.145671591 0.752279758 -0.051796410 -0.083042279 -0.022876553 0.994936109
1548340552.439990 -0.008116071 -0.150363788 0.768358946 -0.054165035 -0.084316649 -0.026242681 0.994619608
1548340552.473500 -0.007082243 -0.154194549 0.782341242 -0.056144349 -0.085160397 -0.028433219 0.994377792
1548340552.507010 -0.009869114 -0.159027338 0.799040556 -0.058785275 -0.084897429 -0.030842474 0.994175792
1548340552.540530 -0.012814641 -0.162181184 0.813843846 -0.060645927 -0.084585339 -0.031552464 0.994068384
1548340552.574040 -0.013220253 -0.165450871 0.828451395 -0.062042467 -0.085039258 -0.032218210 0.993922055
1548340552.607570 -0.015616189 -0.168962955 0.843727827 -0.063197598 -0.085088216 -0.031477779 0.993868828
1548340552.641080 -0.015860291 -0.171477452 0.857703507 -0.063658573 -0.085398495 -0.031371295 0.993816197
1548340552.674600 -0.017758675 -0.173763871 0.872647226 -0.063633330 -0.085200101 -0.031502362 0.993830621
1548340552.708110 -0.019311186 -0.176335678 0.886832654 -0.063210703 -0.085170098 -0.031428326 0.993862569
1548340552.741620 -0.021680968 -0.178785115 0.899711311 -0.063048951 -0.084217392 -0.031262625 0.993959188
1548340552.775100 -0.024419319 -0.180240229 0.912808001 -0.063009821 -0.083710827 -0.030814614 0.994018495
1548340552.808650 -0.026499184 -0.181482285 0.924797297 -0.063215643 -0.084005535 -0.030737773 0.993982971
1548340552.842170 -0.030200820 -0.182591349 0.938547671 -0.063764043 -0.084679358 -0.031159069 0.993877590
1548340552.875650 -0.032962233 -0.184030980 0.950358152 -0.064582407 -0.085744105 -0.032474320 0.993691385
1548340552.909140 -0.037254758 -0.184904307 0.964002073 -0.066053219 -0.086243607 -0.034374971 0.993487477
1548340552.942660 -0.042101353 -0.187130764 0.977798879 -0.068231449 -0.086019933 -0.037218947 0.993257225
1548340552.976070 -0.047239780 -0.189012930 0.991613925 -0.069815218 -0.084817089 -0.039037202 0.993180752
1548340553.009690 -0.052504268 -0.189744204 1.005686045 -0.070421651 -0.083660804 -0.040713884 0.993168771
1548340553.043200 -0.059126675 -0.191932693 1.019005656 -0.071973071 -0.083193526 -0.042894803 0.993004918
1548340553.076830 -0.064389057 -0.193413556 1.033296704 -0.072590783 -0.082068816 -0.046128053 0.992908597
1548340553.110340 -0.069415577 -0.194305032 1.044775248 -0.073571011 -0.079905905 -0.047239766 0.992960632
1548340553.143860 -0.075723395 -0.195709586 1.058884144 -0.075057037 -0.080421686 -0.050089385 0.992668033
1548340553.177380 -0.079627663 -0.197045177 1.070469141 -0.076102227 -0.078634217 -0.054531254 0.992497623
1548340553.210920 -0.085938007 -0.195946127 1.086184144 -0.076811343 -0.074625790 -0.055973943 0.992672145
1548340553.244460 -0.091300972 -0.194261760 1.100012183 -0.076983370 -0.072906151 -0.055850774 0.992793560
1548340553.277990 -0.096014529 -0.194608822 1.113672853 -0.077907242 -0.072006971 -0.058383618 0.992641330
1548340553.311510 -0.099182777 -0.195496649 1.126658559 -0.079150431 -0.070247427 -0.059710301 0.992590189
1548340553.345010 -0.102173589 -0.193475127 1.140482664 -0.079524860 -0.069026448 -0.060595568 0.992592216
1548340553.378540 -0.105061322 -0.193252966 1.154516101 -0.081093915 -0.067573048 -0.061639920 0.992501020
1548340553.412070 -0.108491659 -0.193261996 1.168477535 -0.082377374 -0.066950455 -0.063482329 0.992321312
1548340553.445630 -0.110518239 -0.193298221 1.182576537 -0.083011076 -0.065802500 -0.064789951 0.992260814
1548340553.479140 -0.113532655 -0.192621589 1.196323872 -0.083189286 -0.064148776 -0.065260902 0.992323279
1548340553.512660 -0.115317881 -0.192795694 1.209939718 -0.083366975 -0.063837148 -0.066430442 0.992250919
1548340553.546190 -0.115823530 -0.192329496 1.222503185 -0.083285704 -0.062304214 -0.067335546 0.992294133
1548340553.579720 -0.117481492 -0.191714242 1.238192320 -0.084212542 -0.059500583 -0.068369724 0.992317259
1548340553.613230 -0.118121527 -0.189725325 1.251440525 -0.084750839 -0.057702731 -0.068230689 0.992387176
1548340553.646720 -0.119062819 -0.188878700 1.265255451 -0.086463995 -0.057427410 -0.069059797 0.992198050
1548340553.680240 -0.119379990 -0.188212052 1.279408336 -0.088376187 -0.056973822 -0.069976732 0.991991460
1548340553.713780 -0.120435916 -0.188681290 1.293645740 -0.091350213 -0.056208201 -0.070872538 0.991702020
1548340553.747300 -0.120197557 -0.186952427 1.308221221 -0.093416646 -0.056227822 -0.069313563 0.991618574
1548340553.780850 -0.120494992 -0.186841100 1.320232153 -0.095741369 -0.057533018 -0.069174215 0.991331697
1548340553.814400 -0.121253788 -0.185492843 1.334283829 -0.097774878 -0.057811905 -0.069781855 0.991074383
1548340553.847960 -0.122211479 -0.184829876 1.348501801 -0.100654922 -0.056347907 -0.071108967 0.990776002
1548340553.881470 -0.122647606 -0.182842284 1.361020684 -0.102890693 -0.055647857 -0.069938168 0.990669250
1548340553.915210 -0.123602517 -0.181692868 1.374316812 -0.106179602 -0.057942145 -0.070685916 0.990137458
1548340553.948740 -0.125763297 -0.180647731 1.386837125 -0.108738169 -0.058988295 -0.073756590 0.989573836
1548340553.982320 -0.127663583 -0.180286601 1.399862409 -0.111863606 -0.058602266 -0.076449111 0.989043891
1548340554.015830 -0.129195854 -0.177563548 1.410271525 -0.112193249 -0.059845194 -0.076801956 0.988904834
1548340554.049350 -0.131260708 -0.177135557 1.420587182 -0.113206640 -0.062371846 -0.079061352 0.988454998
1548340554.082870 -0.133264020 -0.177227408 1.430982351 -0.114100456 -0.063547887 -0.081777200 0.988056362
1548340554.116380 -0.134962201 -0.176047593 1.441243052 -0.114087075 -0.064411893 -0.083796047 0.987832785
1548340554.149900 -0.136356115 -0.175287366 1.449592233 -0.114031225 -0.065006442 -0.085366175 0.987665772
1548340554.183410 -0.138793886 -0.174629539 1.458597779 -0.114227645 -0.064273626 -0.087726019 0.987484276
1548340554.216930 -0.140723914 -0.173114195 1.467545867 -0.114409663 -0.063947767 -0.089442253 0.987330377
1548340554.250430 -0.143119752 -0.170908257 1.475223303 -0.113729008 -0.064147994 -0.091039643 0.987249970
1548340554.283920 -0.146169618 -0.170245498 1.483103752 -0.114243813 -0.064455211 -0.094492085 0.986846089
1548340554.317440 -0.148921356 -0.168897867 1.490597486 -0.114642009 -0.063508451 -0.097287051 0.986589670
1548340554.350950 -0.150881007 -0.167992920 1.498725414 -0.115663633 -0.062411856 -0.099006578 0.986369371
1548340554.384460 -0.152728036 -0.166106641 1.505140066 -0.115450487 -0.061268069 -0.099932306 0.986372590
1548340554.417990 -0.153941199 -0.164615095 1.511875868 -0.115725495 -0.060961567 -0.100204527 0.986331820
1548340554.451500 -0.154882506 -0.163543314 1.517764568 -0.116448618 -0.060379703 -0.101038575 0.986197352
1548340554.485020 -0.156138286 -0.162040621 1.523341060 -0.117060654 -0.058927421 -0.101308048 0.986185133
1548340554.518530 -0.156569749 -0.160999045 1.529129863 -0.118806832 -0.059007384 -0.101490036 0.985952735
1548340554.552050 -0.157277718 -0.159886628 1.534585476 -0.120981194 -0.059151478 -0.102659628 0.985558569
1548340554.585640 -0.158183426 -0.158368617 1.539423466 -0.122707129 -0.058426101 -0.103834197 0.985265374
1548340554.619200 -0.158736110 -0.155804902 1.543865681 -0.123457670 -0.057176664 -0.104067169 0.985220313
1548340554.652830 -0.158858538 -0.154048413 1.549111485 -0.126308337 -0.057767779 -0.104638070 0.984763920
1548340554.687190 -0.159567609 -0.151569396 1.553222179 -0.128102109 -0.058165021 -0.104938410 0.984476864
1548340554.720840 -0.160411358 -0.149316713 1.557866454 -0.130349755 -0.059398793 -0.106975436 0.983888686
1548340554.754470 -0.160986200 -0.146639585 1.561968803 -0.132262766 -0.060232427 -0.108013213 0.983469248
1548340554.788010 -0.162610009 -0.144484058 1.566064119 -0.134857252 -0.060114842 -0.108775482 0.983040035
1548340554.821520 -0.163333505 -0.142527506 1.570319891 -0.137548819 -0.059248049 -0.109675258 0.982619643
1548340554.855040 -0.163438693 -0.140407562 1.575342178 -0.140219390 -0.058577336 -0.110109910 0.982233703
1548340554.888550 -0.163158238 -0.138646737 1.579382062 -0.142346725 -0.059399247 -0.110469058 0.981837988
1548340554.922070 -0.163206369 -0.136810362 1.583036542 -0.143522844 -0.060552068 -0.111064099 0.981529176
1548340554.955600 -0.162296727 -0.134676024 1.585087180 -0.141899988 -0.062006295 -0.112022206 0.981565416
1548340554.989130 -0.160825863 -0.134199083 1.589650512 -0.144173831 -0.064417101 -0.111317232 0.981158972
1548340555.022700 -0.160955399 -0.131957740 1.590876222 -0.140809670 -0.061736662 -0.113877095 0.981525958
1548340555.056220 -0.159295842 -0.131393254 1.594168425 -0.141002536 -0.062082808 -0.113714926 0.981495321
1548340555.089730 -0.158377260 -0.132246375 1.598640323 -0.145299435 -0.061931122 -0.111897700 0.981086910
1548340555.123270 -0.157510832 -0.132165983 1.601807594 -0.146426365 -0.061631653 -0.111789197 0.980950654
1548340555.156780 -0.157118946 -0.130491301 1.602544665 -0.143821463 -0.060757495 -0.112633206 0.981293857
1548340555.190300 -0.155871913 -0.129178837 1.605051279 -0.141923368 -0.062821254 -0.114591725 0.981213570
1548340555.223800 -0.155033633 -0.127538487 1.607041955 -0.138800666 -0.062061861 -0.116928466 0.981432855
1548340555.257330 -0.155510202 -0.128889918 1.610327244 -0.143583044 -0.058905751 -0.116357863 0.981007099
1548340555.290850 -0.155167028 -0.128101841 1.612857223 -0.144254863 -0.060362142 -0.115466632 0.980925322
1548340555.324660 -0.154718280 -0.127301648 1.615861773 -0.144259870 -0.063375331 -0.117247462 0.980523229
1548340555.358340 -0.154857442 -0.126330867 1.617985964 -0.143077835 -0.063943848 -0.118511535 0.980507553
1548340555.392050 -0.155378670 -0.127321959 1.619841576 -0.146618113 -0.063407280 -0.116633870 0.980244458
1548340555.425610 -0.156988591 -0.127459437 1.620420933 -0.148327261 -0.062671199 -0.116138257 0.980093539
1548340555.459130 -0.157213718 -0.126196027 1.621491194 -0.146583289 -0.065124877 -0.117867269 0.979989529
1548340555.492650 -0.158163235 -0.126105994 1.622574806 -0.148306921 -0.064510159 -0.118223131 0.979727924
1548340555.526160 -0.160111696 -0.125372350 1.623042583 -0.148998871 -0.063065335 -0.119185381 0.979600430
1548340555.559710 -0.160813063 -0.125356466 1.624747276 -0.152599156 -0.065114081 -0.117535010 0.979111493
1548340555.593230 -0.161903486 -0.124420844 1.625162244 -0.153122932 -0.067643121 -0.119405776 0.978631794
1548340555.626710 -0.163064942 -0.123092592 1.625939369 -0.153336003 -0.068844333 -0.120364338 0.978397191
1548340555.659980 -0.164414629 -0.122878417 1.626216650 -0.155038774 -0.070888810 -0.121595465 0.977830470
1548340555.693380 -0.165708154 -0.120598219 1.624938488 -0.150739267 -0.071937375 -0.125283659 0.977960467
1548340555.727010 -0.166580111 -0.119692057 1.625258446 -0.150523156 -0.073284172 -0.126060620 0.977793932
1548340555.760410 -0.166592002 -0.119117424 1.625568390 -0.150512859 -0.075888671 -0.126754865 0.977507055
1548340555.793910 -0.167266950 -0.117795937 1.624522805 -0.147585139 -0.075154476 -0.128853008 0.977735877
1548340555.827380 -0.167124569 -0.117420882 1.624904275 -0.147614762 -0.075958826 -0.129559919 0.977575779
1548340555.860880 -0.167087540 -0.117198065 1.624461055 -0.147884116 -0.075714894 -0.128883779 0.977643371
1548340555.893950 -0.166741610 -0.117575586 1.624613762 -0.149902433 -0.078282520 -0.127748966 0.977282703
1548340555.925620 -0.166454226 -0.117861830 1.624554157 -0.151671335 -0.081709772 -0.127809018 0.976721168
1548340555.959080 -0.167067081 -0.117187507 1.622743726 -0.149888292 -0.080720700 -0.129960388 0.976794779
1548340555.992600 -0.164902017 -0.115256377 1.622093439 -0.145429656 -0.084108323 -0.131151080 0.977023780
1548340556.025880 -0.163701385 -0.114374153 1.620763302 -0.143046871 -0.083529055 -0.132080927 0.977299988
1548340556.058500 -0.162691653 -0.115193993 1.620289207 -0.144703120 -0.081908450 -0.131156072 0.977317810
1548340556.091800 -0.161297426 -0.116704747 1.620343208 -0.147694632 -0.082440875 -0.129626870 0.977029562
1548340556.125260 -0.160106316 -0.117815651 1.619234562 -0.148959517 -0.084260449 -0.127233401 0.976996958
1548340556.158770 -0.158938438 -0.117739841 1.615808606 -0.144565493 -0.085397445 -0.128511250 0.977390945
1548340556.192260 -0.157150492 -0.118775710 1.613137960 -0.142312720 -0.084050201 -0.128234148 0.977874577
1548340556.225740 -0.155859098 -0.121297985 1.611698985 -0.145242617 -0.082802013 -0.124106944 0.978082836
1548340556.259250 -0.155216813 -0.123118088 1.608014584 -0.145341009 -0.081272423 -0.121296123 0.978549004
1548340556.292770 -0.153296530 -0.123962536 1.604756594 -0.143610403 -0.082329385 -0.119280174 0.978963852
1548340556.326280 -0.152384907 -0.125934288 1.601128578 -0.144736409 -0.082507558 -0.117320366 0.979019821
1548340556.359770 -0.151571497 -0.126837298 1.597783208 -0.144397214 -0.082653932 -0.116248421 0.979185462
1548340556.393320 -0.149920642 -0.127578095 1.593747258 -0.142671183 -0.083113275 -0.116334066 0.979389429
1548340556.426800 -0.148368850 -0.128056109 1.589292288 -0.140250236 -0.081812926 -0.116335943 0.979848266
1548340556.460350 -0.146575794 -0.129471228 1.585715413 -0.140843794 -0.083676495 -0.114238694 0.979852498
1548340556.493870 -0.145519152 -0.129906729 1.580873847 -0.138637066 -0.083830468 -0.114691421 0.980101049
1548340556.527380 -0.143860400 -0.131975546 1.577144861 -0.138694644 -0.082081690 -0.113580160 0.980370343
1548340556.560900 -0.141652957 -0.132905453 1.572923422 -0.137640432 -0.081806168 -0.110590860 0.980883598
1548340556.594410 -0.139822334 -0.133984774 1.568663836 -0.136848569 -0.082474358 -0.109347217 0.981077790
1548340556.627930 -0.137347803 -0.135173112 1.563951969 -0.135775223 -0.081848770 -0.107202463 0.981516004
1548340556.661530 -0.135140926 -0.136671215 1.559701443 -0.135609537 -0.081867367 -0.104464263 0.981832504
1548340556.695530 -0.133278206 -0.138481438 1.553806543 -0.135114044 -0.082597584 -0.102626659 0.982033432
1548340556.731910 -0.131454214 -0.139884174 1.548366547 -0.134150788 -0.081708066 -0.101550110 0.982351780
1548340556.765570 -0.129158586 -0.141216695 1.542798400 -0.133603826 -0.082243286 -0.099450856 0.982596338
1548340556.799090 -0.127509490 -0.143002734 1.536212802 -0.132395759 -0.084067985 -0.098729461 0.982678175
1548340556.832610 -0.125961512 -0.144481137 1.528602362 -0.130339935 -0.083064161 -0.097684480 0.983142734
1548340556.866120 -0.124212645 -0.145861268 1.521521688 -0.128533438 -0.082965642 -0.096049249 0.983549893
1548340556.899640 -0.122556284 -0.147583663 1.514218330 -0.126689255 -0.081123054 -0.094564065 0.984086633
1548340556.933150 -0.120154865 -0.149517655 1.506106496 -0.124736294 -0.080025300 -0.092819594 0.984591961
1548340556.966670 -0.118349142 -0.151158035 1.497744083 -0.122958429 -0.080087855 -0.090759002 0.985002518
1548340557.000040 -0.116720483 -0.152961940 1.490136862 -0.121867642 -0.079867795 -0.089320779 0.985287428
1548340557.032520 -0.115923688 -0.155376256 1.481501818 -0.121363372 -0.076825112 -0.088445514 0.985670507
1548340557.066040 -0.113513440 -0.156998873 1.472462416 -0.120254450 -0.077507272 -0.086779818 0.985900998
1548340557.099560 -0.113066018 -0.159129858 1.464187622 -0.120222628 -0.076974541 -0.086491853 0.985971928
1548340557.133070 -0.112350479 -0.160153404 1.454547405 -0.117934629 -0.074438989 -0.086216904 0.986466944
1548340557.166590 -0.111123763 -0.161353067 1.443902373 -0.115499221 -0.072963119 -0.084332496 0.987028122
1548340557.200100 -0.110447153 -0.163806230 1.432552099 -0.113053344 -0.072413005 -0.083710417 0.987404585
1548340557.233360 -0.108458072 -0.165287331 1.421352744 -0.109413646 -0.070525654 -0.081735753 0.988116443
1548340557.266790 -0.106892131 -0.168226182 1.410107613 -0.106872037 -0.068926618 -0.080457017 0.988612235
1548340557.300190 -0.105371140 -0.169507682 1.397280216 -0.102995381 -0.067444362 -0.079307772 0.989218712
1548340557.333710 -0.103834644 -0.171894237 1.384801745 -0.100209713 -0.063864261 -0.078881174 0.989776313
1548340557.367220 -0.101785377 -0.173169225 1.373432398 -0.097542472 -0.061092328 -0.078021139 0.990285814
1548340557.400700 -0.099754684 -0.174712867 1.361439228 -0.095014706 -0.057155814 -0.078389853 0.990737319
1548340557.434210 -0.098209836 -0.174999326 1.349734902 -0.091663480 -0.052132126 -0.078702480 0.991305292
1548340557.467730 -0.095805444 -0.175868973 1.336055636 -0.088742353 -0.048023239 -0.077798814 0.991849840
1548340557.501750 -0.093281522 -0.176693067 1.322930336 -0.085426971 -0.045825176 -0.077632554 0.992257774
1548340557.534760 -0.091217175 -0.178097248 1.311313987 -0.082960241 -0.042084653 -0.077896848 0.992612004
1548340557.568120 -0.088967055 -0.177537903 1.296389699 -0.079559714 -0.037259702 -0.075240426 0.993287921
1548340557.601630 -0.086849168 -0.177357808 1.281182885 -0.076455854 -0.036399834 -0.073322721 0.993706942
1548340557.635150 -0.086118318 -0.178823397 1.268890023 -0.075020395 -0.033902075 -0.073311776 0.993905425
1548340557.668620 -0.083076172 -0.177278548 1.255017638 -0.071648993 -0.030351633 -0.070489891 0.994472921
1548340557.702120 -0.081285283 -0.177190810 1.239994049 -0.069385394 -0.028407117 -0.066889271 0.994939506
1548340557.735650 -0.077956952 -0.176652446 1.224163651 -0.066740960 -0.029510882 -0.063895226 0.995285034
1548340557.769170 -0.076367378 -0.177274346 1.211192012 -0.065525897 -0.028978465 -0.062019054 0.995500028
1548340557.802670 -0.074053444 -0.177567646 1.198126674 -0.064977281 -0.027107425 -0.060004860 0.995712161
1548340557.836160 -0.072259933 -0.176780865 1.184782624 -0.063934185 -0.024292419 -0.056846052 0.996037602
1548340557.869670 -0.069750018 -0.173877642 1.169428468 -0.062021375 -0.024061842 -0.053764135 0.996335208
1548340557.903190 -0.066915147 -0.173013642 1.154682636 -0.061885171 -0.025573336 -0.051615261 0.996419728
1548340557.936760 -0.065920196 -0.172101825 1.141562819 -0.061645936 -0.025240622 -0.051454764 0.996451318
1548340557.970220 -0.064877413 -0.167140320 1.127335310 -0.059670325 -0.025985312 -0.048365016 0.996707141
1548340558.003710 -0.062696233 -0.166066617 1.111782312 -0.059584100 -0.027924545 -0.048282605 0.996663809
1548340558.037230 -0.058239590 -0.165864080 1.097567797 -0.059536252 -0.028249720 -0.048583727 0.996642947
1548340558.070740 -0.054789193 -0.164567158 1.082746387 -0.058528326 -0.025266493 -0.047557697 0.996832192
1548340558.104230 -0.054659758 -0.159785628 1.070784450 -0.056203954 -0.022780793 -0.044561319 0.997164190
1548340558.137710 -0.052061856 -0.157187521 1.056709528 -0.054159854 -0.023439035 -0.043516420 0.997308254
1548340558.171090 -0.047710277 -0.157131031 1.040502191 -0.052756138 -0.023290535 -0.043703049 0.997378767
1548340558.204540 -0.046407960 -0.152580380 1.026609659 -0.049651954 -0.021639539 -0.041899931 0.997652709
1548340558.237720 -0.042999312 -0.152159333 1.010882258 -0.047799841 -0.021994350 -0.041544292 0.997750223
1548340558.271140 -0.037442453 -0.150932938 0.993026137 -0.045562807 -0.021618560 -0.040498909 0.997906089
1548340558.304660 -0.035085123 -0.147951454 0.976779521 -0.043842696 -0.020367173 -0.039493013 0.998049736
1548340558.338180 -0.033284150 -0.145282134 0.961935818 -0.042847689 -0.020062402 -0.038679719 0.998130977
1548340558.371690 -0.027832069 -0.144534901 0.947008133 -0.042844370 -0.018243320 -0.038876344 0.998158395
1548340558.405210 -0.027311716 -0.142067775 0.933559358 -0.042208940 -0.014077310 -0.036693204 0.998335540
1548340558.438720 -0.026286747 -0.137510628 0.919529080 -0.041014761 -0.013468907 -0.034335840 0.998477578
1548340558.472330 -0.022407228 -0.138611689 0.906898379 -0.041610375 -0.012045508 -0.035459518 0.998431861
1548340558.505850 -0.022269316 -0.132383794 0.893982708 -0.041374173 -0.007157211 -0.031577576 0.998619020
1548340558.539270 -0.022956889 -0.126255527 0.882273495 -0.041795131 -0.007890963 -0.027709546 0.998710692
1548340558.572800 -0.019277185 -0.127625123 0.865612566 -0.044930272 -0.010032294 -0.029487021 0.998504460
1548340558.606320 -0.015777672 -0.126109079 0.850628018 -0.047184724 -0.007703468 -0.027508870 0.998477638
1548340558.639850 -0.018976510 -0.120737866 0.841076851 -0.047691587 -0.007066293 -0.023021443 0.998571813
1548340558.673370 -0.016839607 -0.121266030 0.826513946 -0.049549632 -0.009407544 -0.022417041 0.998475790
1548340558.706980 -0.016858121 -0.119811252 0.813296616 -0.049888276 -0.009106752 -0.020051593 0.998512030
1548340558.740500 -0.018452514 -0.115191638 0.801929057 -0.048481688 -0.009491539 -0.017282967 0.998629510
1548340558.774020 -0.017742155 -0.118424930 0.786717474 -0.048926990 -0.009313618 -0.018022867 0.998596370
1548340558.807500 -0.019133963 -0.112867638 0.772680461 -0.046258394 -0.006333739 -0.016144669 0.998778999
1548340558.841010 -0.020817740 -0.107951112 0.757738531 -0.043976791 -0.004534664 -0.015003539 0.998909652
1548340558.874520 -0.021337172 -0.105875634 0.743675113 -0.042246655 -0.002611942 -0.015574942 0.998982430
1548340558.908040 -0.023175698 -0.101510867 0.726342678 -0.039993495 0.000027755 -0.014125805 0.999100149
1548340558.941490 -0.025370771 -0.096650697 0.709511042 -0.037210040 0.000296542 -0.013155305 0.999220908
1548340558.974990 -0.023090066 -0.100100584 0.693322897 -0.036994766 0.001751819 -0.016317206 0.999180734
1548340559.008530 -0.025837535 -0.095640920 0.675087750 -0.034171514 0.007815785 -0.015014013 0.999272645
1548340559.042050 -0.027407818 -0.089449905 0.657240987 -0.031295884 0.011530386 -0.012732401 0.999362528
1548340559.075620 -0.028677100 -0.086101755 0.636139810 -0.029207157 0.015153755 -0.012334567 0.999382436
1548340559.109130 -0.030803127 -0.082147911 0.618241668 -0.027753724 0.019823510 -0.012131057 0.999344587
1548340559.142650 -0.033057842 -0.075024597 0.598144710 -0.026659913 0.023896851 -0.010517118 0.999303579
1548340559.176110 -0.035873450 -0.069981374 0.583848238 -0.027073819 0.025827287 -0.010880895 0.999240518
1548340559.209630 -0.036292627 -0.067670003 0.567985594 -0.028315248 0.028757323 -0.011583061 0.999118209
1548340559.243200 -0.042162683 -0.062424771 0.554590821 -0.028201047 0.031868663 -0.009629394 0.999047756
1548340559.276710 -0.045020591 -0.061867155 0.540550530 -0.028241985 0.033135518 -0.009736516 0.999004304
1548340559.310230 -0.044640891 -0.062039845 0.528007567 -0.027307281 0.034913640 -0.007786640 0.998986840
1548340559.343880 -0.047121543 -0.057937719 0.513705373 -0.024986340 0.036766633 -0.004869109 0.998999596
1548340559.377400 -0.048877601 -0.056695972 0.498561382 -0.023308009 0.037038475 -0.002624987 0.999038517
1548340559.410730 -0.050877493 -0.053891111 0.485736519 -0.021503497 0.037166569 -0.001355087 0.999076784
1548340559.444430 -0.056427445 -0.049344998 0.474314749 -0.019587010 0.037274159 -0.000248923 0.999113083
1548340559.478800 -0.070643522 -0.042657059 0.467546821 -0.017550154 0.036148407 -0.000857981 0.999191940
1548340559.512320 -0.075233281 -0.042301707 0.453777909 -0.017376592 0.030445160 -0.004474133 0.999375343
1548340559.544980 -0.082912102 -0.043030147 0.444300026 -0.017100519 0.025812926 -0.007881260 0.999489486
1548340559.578490 -0.081985235 -0.042853795 0.431695819 -0.015993517 0.019201022 -0.011980759 0.999615967
1548340559.612200 -0.090085708 -0.040659603 0.418117642 -0.013593834 0.014944464 -0.014832977 0.999685884
1548340559.645720 -0.096255757 -0.043211106 0.401947916 -0.012231762 0.008080702 -0.019354455 0.999705195
1548340559.679470 -0.095855564 -0.034984790 0.390352726 -0.007920161 -0.001649433 -0.024621909 0.999664128
1548340559.712990 -0.099561602 -0.032236133 0.380380392 -0.005905160 -0.006467243 -0.029275484 0.999532998
1548340559.746260 -0.103142589 -0.027265716 0.367648959 -0.003614125 -0.012895253 -0.033255931 0.999357164
1548340559.779780 -0.101033561 -0.022426141 0.354239672 -0.001777103 -0.019783076 -0.038125671 0.999075592
1548340559.813300 -0.109582648 -0.018632999 0.345438570 -0.001525784 -0.022105984 -0.042431392 0.998853683
1548340559.846810 -0.102770276 -0.010904080 0.333227843 -0.000372189 -0.026745765 -0.045154460 0.998621881
1548340559.880390 -0.106773049 -0.011049665 0.324061781 -0.002415783 -0.029538015 -0.049652226 0.998326778
1548340559.913950 -0.107533865 -0.007859266 0.313406348 -0.004471004 -0.030371945 -0.053343434 0.998104274
1548340559.947420 -0.111801483 -0.002935584 0.304841757 -0.006550803 -0.031118028 -0.055270031 0.997964919
1548340559.980940 -0.115799792 0.003375861 0.297161102 -0.008306307 -0.033866942 -0.057156395 0.997756124
1548340560.014500 -0.113356255 -0.000712470 0.287735492 -0.011794403 -0.037535086 -0.060259651 0.997407019
1548340560.048060 -0.116523989 0.004547411 0.281950504 -0.012997540 -0.037040077 -0.060870349 0.997373521
1548340560.081530 -0.121868037 0.008452884 0.273928642 -0.013848589 -0.038188707 -0.059991844 0.997371972
1548340560.115050 -0.117096201 0.003221091 0.263950944 -0.015648695 -0.041086510 -0.060055360 0.997226417
1548340560.148610 -0.117285833 0.002834835 0.254877567 -0.015797799 -0.041073751 -0.058577176 0.997312486
1548340560.182120 -0.125508085 0.001790951 0.247815087 -0.015618469 -0.040456705 -0.056456245 0.997462809
1548340560.215660 -0.121720873 0.003324674 0.238650590 -0.014688620 -0.042712688 -0.054097567 0.997513592
1548340560.249180 -0.119172134 -0.001120242 0.226493433 -0.015028597 -0.042963609 -0.052602712 0.997577727
1548340560.282690 -0.122821957 0.007133055 0.220595688 -0.013572717 -0.041389510 -0.051710159 0.997711778
1548340560.316180 -0.126244456 0.008781912 0.211706132 -0.013308229 -0.040954232 -0.051002897 0.997769773
1548340560.349740 -0.132862017 0.010888540 0.206440434 -0.013221416 -0.039242711 -0.051811185 0.997798026
1548340560.383280 -0.136433676 0.011407722 0.199365616 -0.012385692 -0.038182277 -0.052248284 0.997827113
1548340560.416800 -0.144885674 0.009287827 0.191386729 -0.011789327 -0.036245212 -0.052604705 0.997887850
1548340560.450310 -0.146364257 0.013708466 0.182650238 -0.009257530 -0.035930209 -0.053191893 0.997894764
1548340560.483770 -0.144471318 0.007365256 0.169946715 -0.008601832 -0.034743354 -0.054849561 0.997852981
1548340560.517260 -0.148323417 0.016418222 0.158367485 -0.005238414 -0.031172363 -0.055862967 0.997937977
1548340560.550780 -0.152993277 0.018383594 0.151662752 -0.003255849 -0.028320493 -0.057257093 0.997952402
1548340560.584290 -0.155231029 0.022210479 0.145470560 -0.001363079 -0.024058128 -0.059139308 0.997958899
1548340560.617810 -0.173880935 0.033156518 0.137093708 0.001772775 -0.014974201 -0.059838340 0.998094201
1548340560.651170 -0.181577533 0.041250631 0.128043085 0.004516029 -0.011181081 -0.059198335 0.998173416
1548340560.684610 -0.190839127 0.037128750 0.116253562 0.004123166 -0.008417246 -0.060580965 0.998119295
1548340560.718110 -0.191853806 0.041236028 0.104261316 0.004896001 -0.004648399 -0.060445815 0.998148680
1548340560.751550 -0.198771641 0.049484376 0.099154353 0.005866304 0.000298623 -0.057058599 0.998353601
1548340560.785110 -0.203589827 0.055878770 0.092305042 0.005266233 0.003018232 -0.052975524 0.998577356
1548340560.818640 -0.212647259 0.055213846 0.085376225 0.003114165 0.006490944 -0.049590543 0.998743713
1548340560.852160 -0.220906243 0.058124743 0.081162088 0.001094109 0.008965885 -0.044752002 0.998957276
1548340560.885670 -0.223134726 0.063637801 0.075813442 -0.001050681 0.008803751 -0.038778983 0.999208510
1548340560.919190 -0.221164227 0.061428372 0.066486366 -0.005480458 0.007748623 -0.035958428 0.999308228
1548340560.952700 -0.231365621 0.060314879 0.066701338 -0.009817365 0.011648687 -0.032584112 0.999352932
1548340560.986200 -0.233934864 0.065452255 0.061422680 -0.012158033 0.012647152 -0.026564982 0.999493122
1548340561.019720 -0.240890011 0.063308097 0.059730362 -0.015313735 0.011820453 -0.023134910 0.999545217
1548340561.053230 -0.245699570 0.062193073 0.058907799 -0.016834233 0.010830000 -0.020126998 0.999597073
1548340561.086770 -0.247265965 0.062780641 0.052562751 -0.017370231 0.009257555 -0.018321648 0.999638438
1548340561.120300 -0.248767152 0.060737599 0.046354186 -0.017818525 0.007904119 -0.016620522 0.999671876
1548340561.153840 -0.253139228 0.058938660 0.040377054 -0.018529732 0.007159333 -0.017057573 0.999657154
1548340561.187330 -0.254830927 0.057564303 0.035895441 -0.019183056 0.006262911 -0.017956320 0.999635160
1548340561.220920 -0.259080261 0.058151476 0.032526638 -0.019477602 0.005634877 -0.019823557 0.999597847
1548340561.254480 -0.267841190 0.059371471 0.030294050 -0.019699326 0.005429753 -0.022018179 0.999548793
1548340561.288000 -0.269710988 0.062050093 0.027747585 -0.019022413 0.002508657 -0.023561284 0.999538302
1548340561.321610 -0.277036428 0.058906458 0.024285387 -0.018691620 0.000802437 -0.026790323 0.999466002
1548340561.355040 -0.279625833 0.057901070 0.019272758 -0.017503224 -0.000773532 -0.027418112 0.999470532
1548340561.388550 -0.283980131 0.057921618 0.016982060 -0.015562437 -0.002668142 -0.027620727 0.999493778
1548340561.422060 -0.290059537 0.063996255 0.014574165 -0.011996148 -0.006259791 -0.026927421 0.999545872
1548340561.455580 -0.288400084 0.064479217 0.004569195 -0.009802405 -0.012228459 -0.027738471 0.999492347
1548340561.489090 -0.293290496 0.064058408 -0.001383447 -0.009101850 -0.015729766 -0.029188175 0.999408722
1548340561.522570 -0.294785559 0.064820670 -0.010221444 -0.009027763 -0.020039586 -0.031284463 0.999268889
1548340561.556040 -0.300592214 0.064343706 -0.016211165 -0.009725339 -0.023740092 -0.033397928 0.999112844
1548340561.589330 -0.305572182 0.062974393 -0.024121279 -0.011117366 -0.027053842 -0.036628045 0.998900890
1548340561.622840 -0.309552789 0.060768176 -0.030289773 -0.013107026 -0.029277282 -0.038793847 0.998732269
1548340561.656360 -0.318110347 0.061598778 -0.035828862 -0.014767800 -0.030492427 -0.040740423 0.998595238
1548340561.689880 -0.329168826 0.057087358 -0.036873057 -0.017789569 -0.028831178 -0.045019973 0.998411536
1548340561.723390 -0.337779701 0.055578891 -0.040568404 -0.018932579 -0.026030034 -0.048068590 0.998325288
1548340561.756900 -0.345912069 0.053234145 -0.044634581 -0.019113686 -0.021919053 -0.050833702 0.998283684
1548340561.790420 -0.354434907 0.052345406 -0.048270550 -0.017339300 -0.016266011 -0.051710315 0.998379171
1548340561.823930 -0.364637405 0.054206919 -0.053893887 -0.013645124 -0.007633469 -0.049691286 0.998642266
1548340561.857450 -0.373227328 0.055709936 -0.061471928 -0.008859907 -0.001559925 -0.047545634 0.998828590
1548340561.890970 -0.375216872 0.054394484 -0.074601285 -0.003974240 0.003704677 -0.045313492 0.998958051
1548340561.924490 -0.386806548 0.057459529 -0.082503766 0.000526930 0.011161924 -0.041701104 0.999067664
1548340561.958010 -0.393709838 0.060793728 -0.091158241 0.003780634 0.015567360 -0.037275307 0.999176621
1548340561.991690 -0.402120590 0.063373059 -0.100760765 0.005717141 0.018275535 -0.033416752 0.999258101
1548340562.025210 -0.407227695 0.062054276 -0.109462239 0.005318331 0.020490153 -0.030178411 0.999320388
1548340562.058720 -0.412730336 0.067865133 -0.116876550 0.005220919 0.023266070 -0.025180817 0.999398530
1548340562.092300 -0.419078112 0.073639005 -0.124010347 0.003735665 0.022877285 -0.023084633 0.999464750
1548340562.125820 -0.425068706 0.070844561 -0.130661190 -0.001004819 0.022160957 -0.024557738 0.999452353
1548340562.159330 -0.426198274 0.073548846 -0.139962658 -0.004935439 0.020603616 -0.023183316 0.999506772
1548340562.192850 -0.434990078 0.073465183 -0.138478413 -0.009341669 0.021388646 -0.022049231 0.999484420
1548340562.226360 -0.440481663 0.075189993 -0.141068429 -0.013238997 0.019404395 -0.019076392 0.999542117
1548340562.259890 -0.446443915 0.075065196 -0.145540833 -0.016388118 0.016459741 -0.016546125 0.999593318
1548340562.293400 -0.449279279 0.071810842 -0.150834903 -0.018722508 0.013739919 -0.015585318 0.999608874
1548340562.326920 -0.449958175 0.068149664 -0.157304332 -0.019842016 0.013425386 -0.013618238 0.999620318
1548340562.360430 -0.454754263 0.067058913 -0.160241678 -0.019073546 0.014569309 -0.011609881 0.999644578
1548340562.393940 -0.460572600 0.063980259 -0.161453709 -0.017298846 0.015110942 -0.010078006 0.999685347
1548340562.427460 -0.463515788 0.061972246 -0.168546632 -0.014412066 0.014471931 -0.008038836 0.999759138
1548340562.460980 -0.463651031 0.063305698 -0.179468468 -0.009934841 0.012894067 -0.006829058 0.999844253
1548340562.494420 -0.462397218 0.065091841 -0.184497967 -0.005203922 0.011034940 -0.004313205 0.999916315
1548340562.527940 -0.456883878 0.059775785 -0.197738513 -0.003327267 0.009277795 -0.005060965 0.999938667
1548340562.561600 -0.451245338 0.061200511 -0.211068228 -0.001042290 0.010310794 -0.003704967 0.999939501
1548340562.595120 -0.451405734 0.065760687 -0.217396930 0.000862954 0.010960285 -0.001316306 0.999938726
1548340562.628630 -0.446550518 0.066645451 -0.228302926 0.001027772 0.010201626 -0.000199982 0.999947429
1548340562.662150 -0.442674994 0.070441738 -0.237472028 0.000921738 0.010287302 0.001481116 0.999945581
1548340562.695920 -0.442411155 0.072933398 -0.243182033 -0.000729613 0.010510451 0.002198603 0.999942124
1548340562.729490 -0.439751118 0.073967732 -0.251831949 -0.002337856 0.010272556 0.003152733 0.999939620
1548340562.763010 -0.438670695 0.074363194 -0.258459687 -0.003160297 0.010735285 0.005500420 0.999922276
1548340562.796530 -0.434339911 0.076367997 -0.268489331 -0.003685122 0.010400214 0.008031355 0.999906898
1548340562.830040 -0.431575269 0.077401526 -0.279622287 -0.004894906 0.010407020 0.008954471 0.999893785
1548340562.863560 -0.426964313 0.079594381 -0.290983975 -0.006547089 0.010705152 0.010488562 0.999866247
1548340562.897100 -0.426444441 0.083472461 -0.297429979 -0.008753455 0.012469714 0.012028247 0.999811649
1548340562.930610 -0.425369918 0.086228482 -0.306899250 -0.010842386 0.012924177 0.013458983 0.999767184
1548340562.964130 -0.423267692 0.085721642 -0.314738512 -0.013267734 0.013954170 0.012708495 0.999733925
1548340562.997650 -0.424448848 0.084289871 -0.322602361 -0.015282528 0.016481984 0.011744984 0.999678373
1548340563.031160 -0.423890293 0.085612960 -0.330592453 -0.015444452 0.019237919 0.011347298 0.999631286
1548340563.064720 -0.424844772 0.088431790 -0.340709180 -0.014323406 0.022264665 0.011141718 0.999587417
1548340563.098190 -0.429793209 0.090576649 -0.344723403 -0.012851522 0.024537010 0.010609849 0.999560058
1548340563.131710 -0.424265623 0.091366768 -0.361275494 -0.012021832 0.024775080 0.009625938 0.999574482
1548340563.165210 -0.426410258 0.093637973 -0.367409527 -0.011318129 0.026918879 0.009845506 0.999525130
1548340563.198720 -0.426948845 0.095382690 -0.376495361 -0.010693688 0.028008528 0.010035885 0.999500155
1548340563.232230 -0.427947462 0.097795621 -0.384284437 -0.009864678 0.028631663 0.009958028 0.999491811
1548340563.265670 -0.427659154 0.100330338 -0.393452048 -0.008939701 0.029685527 0.010899184 0.999459863
1548340563.299180 -0.429874152 0.102196142 -0.400885165 -0.008181028 0.031531710 0.011850512 0.999399066
1548340563.332700 -0.425728470 0.104330532 -0.413464516 -0.007665826 0.032986742 0.013766189 0.999331594
1548340563.366190 -0.429498643 0.108469732 -0.421259701 -0.007379927 0.036341492 0.016018266 0.999183834
1548340563.399700 -0.435300142 0.114463918 -0.428352743 -0.006695144 0.038531076 0.018720612 0.999059618
1548340563.433050 -0.436726421 0.119335897 -0.441660523 -0.006578085 0.040034264 0.019188300 0.998992443
1548340563.466550 -0.441491574 0.126704842 -0.452109635 -0.006761747 0.042771060 0.020142671 0.998858988
1548340563.500040 -0.446935058 0.131793484 -0.462324113 -0.007367761 0.044777736 0.020848777 0.998752236
1548340563.533500 -0.448052794 0.137803674 -0.477839142 -0.008234963 0.046137426 0.021027334 0.998679817
1548340563.567010 -0.452504575 0.144332856 -0.490409911 -0.009625847 0.048797932 0.021979643 0.998520374
1548340563.600560 -0.456568509 0.149177328 -0.500300646 -0.011484962 0.051372718 0.023446744 0.998338282
1548340563.634080 -0.459436834 0.151604801 -0.506341934 -0.013655372 0.055736609 0.025803549 0.998018622
1548340563.667590 -0.463948131 0.153959900 -0.515723288 -0.015333692 0.059841480 0.026791720 0.997730494
1548340563.701130 -0.468098104 0.157303825 -0.523511708 -0.015672546 0.064159065 0.028160593 0.997419178
1548340563.734630 -0.475354701 0.159849331 -0.530169725 -0.014839095 0.069135554 0.029908823 0.997048497
1548340563.768140 -0.482119828 0.163986564 -0.535772800 -0.012426976 0.072407082 0.032049473 0.996782660
1548340563.801660 -0.480146229 0.164621443 -0.550657868 -0.010361920 0.073521063 0.032532454 0.996709049
1548340563.835170 -0.482207954 0.165426850 -0.559867799 -0.008045656 0.076628558 0.032876581 0.996485054
1548340563.868690 -0.485931516 0.168615773 -0.567597330 -0.004461838 0.080179594 0.034421615 0.996176004
1548340563.902210 -0.484247893 0.169124901 -0.580455065 -0.001022760 0.082934715 0.034876816 0.995944023
1548340563.935730 -0.481809109 0.173157305 -0.588903725 0.002254187 0.086249873 0.036841828 0.995589614
1548340563.969240 -0.482798010 0.177205876 -0.596082211 0.004557341 0.088807039 0.038941056 0.995276928
1548340564.002810 -0.476457357 0.176984772 -0.606150568 0.005414788 0.091244377 0.040007070 0.995009899
1548340564.036330 -0.476936728 0.179095596 -0.611242473 0.006424474 0.095295601 0.042586859 0.994516969
1548340564.069840 -0.474030912 0.182458550 -0.619291902 0.007333473 0.098651312 0.044231515 0.994111538
1548340564.103360 -0.474752307 0.183313161 -0.619449973 0.007602241 0.103524551 0.046708092 0.993500471
1548340564.136900 -0.474706858 0.185837641 -0.621577680 0.008708343 0.106923752 0.049356196 0.993003309
1548340564.170420 -0.467283010 0.191942006 -0.630088866 0.009531050 0.108559847 0.051351946 0.992716908
1548340564.203940 -0.469399601 0.196818918 -0.629693866 0.009613324 0.111875214 0.053701803 0.992223561
1548340564.237450 -0.469734997 0.201696560 -0.634046376 0.009912563 0.112447262 0.056089729 0.992023826
1548340564.270970 -0.464667112 0.207445160 -0.639161885 0.009852021 0.111169137 0.056936052 0.992120326
1548340564.304520 -0.464142889 0.216739476 -0.644492090 0.009092165 0.110752143 0.058329388 0.992093265
1548340564.338040 -0.460861951 0.221987307 -0.646576047 0.006766246 0.108994894 0.059538782 0.992234647
1548340564.371560 -0.458038986 0.222416982 -0.650832653 0.003479626 0.107567415 0.060331192 0.992359519
1548340564.405030 -0.457154363 0.223714903 -0.651306212 0.000305818 0.106319450 0.061549708 0.992425203
1548340564.438550 -0.456195712 0.226892814 -0.653797984 -0.002262455 0.105013326 0.061603181 0.992558360
1548340564.472100 -0.459278375 0.229025587 -0.655672610 -0.004047884 0.103524044 0.061740927 0.992700636
1548340564.505620 -0.458090216 0.231759787 -0.662382364 -0.004771518 0.100211784 0.061751686 0.993036509
1548340564.539130 -0.459445059 0.232179448 -0.667886376 -0.005481675 0.096635439 0.060945660 0.993437052
1548340564.572650 -0.456625223 0.233182788 -0.678992391 -0.006310444 0.092157178 0.058318920 0.994015217
1548340564.606130 -0.452683121 0.233030349 -0.689607203 -0.006865672 0.089363016 0.055175856 0.994445920
1548340564.639560 -0.456310391 0.232084155 -0.695832014 -0.006808745 0.089347832 0.052401960 0.994597793
1548340564.672960 -0.460911095 0.230336130 -0.704067588 -0.005797692 0.088065460 0.049194835 0.994882345
1548340564.706290 -0.460740685 0.232477188 -0.716066957 -0.004187161 0.085790247 0.046542689 0.995216727
1548340564.739660 -0.468847781 0.234417632 -0.720221877 -0.003032696 0.083979167 0.043877989 0.995496392
1548340564.773150 -0.468618304 0.233508423 -0.731563091 -0.002419889 0.079267792 0.042114548 0.995960414
1548340564.806640 -0.471847028 0.231277719 -0.740925610 -0.003243102 0.075569756 0.039895814 0.996336877
1548340564.840150 -0.471313387 0.229729354 -0.751952052 -0.003668028 0.071402386 0.038267124 0.996706545
1548340564.873670 -0.471198142 0.229686096 -0.763580263 -0.003918581 0.068471693 0.035904396 0.996999085
1548340564.907210 -0.470550060 0.230055436 -0.775819242 -0.004348401 0.066376105 0.035417318 0.997156441
1548340564.940740 -0.473127753 0.227718353 -0.788623393 -0.005343035 0.065450683 0.034390531 0.997248709
1548340564.974260 -0.478009254 0.231665298 -0.796156228 -0.005224321 0.064459175 0.034402870 0.997313499
1548340565.007780 -0.478373915 0.228465989 -0.809132993 -0.005945375 0.063620523 0.033870805 0.997381568
1548340565.041300 -0.489463359 0.229804143 -0.814727783 -0.004581437 0.063974082 0.035818912 0.997298062
1548340565.074820 -0.480525941 0.231232926 -0.843696892 -0.004066494 0.059870977 0.035269469 0.997574568
1548340565.108340 -0.495486379 0.235041395 -0.842590988 -0.003923449 0.062893681 0.036825977 0.997332931
1548340565.141850 -0.496113181 0.233087167 -0.861559451 -0.004010740 0.058586363 0.036593720 0.997603416
1548340565.175510 -0.489233583 0.237355590 -0.886069179 -0.004844089 0.057126805 0.035761345 0.997714520
1548340565.208880 -0.497226983 0.240286976 -0.893245101 -0.006596911 0.057507709 0.036143411 0.997668862
1548340565.242590 -0.479715019 0.238045320 -0.917776227 -0.008486402 0.056522720 0.035617825 0.997729719
1548340565.276110 -0.498872906 0.237822324 -0.913559616 -0.008509164 0.061530057 0.037139799 0.997377694
1548340565.309910 -0.501461744 0.236278906 -0.925053358 -0.007638276 0.060510654 0.036843192 0.997458160
1548340565.343430 -0.501412272 0.237428725 -0.942508280 -0.006375266 0.060750332 0.032744244 0.997595429
1548340565.376940 -0.492031157 0.234453321 -0.964946032 -0.005207199 0.065320827 0.030525204 0.997383773
1548340565.410460 -0.502898037 0.234844729 -0.968669057 -0.003915467 0.069916263 0.029739734 0.997101784
1548340565.443950 -0.496490240 0.234040931 -0.989068925 -0.002884915 0.071924061 0.027314993 0.997031868
1548340565.477410 -0.498552889 0.238510549 -0.995693028 -0.001997824 0.075867333 0.026990617 0.996750593
1548340565.510820 -0.489436328 0.237826645 -1.009320259 -0.001652793 0.077334382 0.026541417 0.996650577
1548340565.544240 -0.498834878 0.237883210 -1.021237612 -0.002369311 0.083087362 0.023031399 0.996273279
1548340565.577750 -0.501975179 0.245657176 -1.023139834 -0.001208527 0.086527564 0.026353754 0.995900095
1548340565.611270 -0.499212682 0.247724637 -1.033761740 -0.001391717 0.086878523 0.026034195 0.995877802
1548340565.644880 -0.496815771 0.251769751 -1.043018937 -0.001195753 0.087279856 0.025678467 0.995852113
1548340565.678400 -0.504128456 0.256461084 -1.048113108 -0.000574998 0.088519014 0.025669856 0.995743513
1548340565.712020 -0.504615724 0.263483256 -1.057319283 -0.000491242 0.086805731 0.026103552 0.995883107
1548340565.745600 -0.499280274 0.264858127 -1.071672201 -0.002230947 0.083787128 0.026251832 0.996135354
1548340565.779140 -0.499140948 0.268580109 -1.077407241 -0.004124191 0.082924120 0.027262866 0.996174335
1548340565.812660 -0.499764472 0.274095744 -1.084155917 -0.006062984 0.079866670 0.028531672 0.996378720
1548340565.846200 -0.500046194 0.280250281 -1.091312289 -0.008725843 0.075201511 0.029166345 0.996703565
1548340565.879710 -0.493540853 0.280634135 -1.098265767 -0.011861172 0.070187926 0.029457327 0.997028291
1548340565.913180 -0.505230069 0.277785510 -1.103450537 -0.013941717 0.066737197 0.030606830 0.997203588
1548340565.946520 -0.494406760 0.281940907 -1.115541935 -0.014182353 0.057906281 0.029499961 0.997785330
1548340565.979880 -0.491192311 0.279274583 -1.128889441 -0.016026275 0.052962441 0.027732367 0.998082697
1548340566.013330 -0.496920317 0.284105659 -1.136423349 -0.015864668 0.049346842 0.028208017 0.998257279
1548340566.047000 -0.498360395 0.284602225 -1.144670844 -0.015933638 0.043353871 0.028909976 0.998514295
1548340566.080520 -0.470283300 0.287077159 -1.174405694 -0.016989386 0.034365296 0.028699141 0.998852730
1548340566.114030 -0.466508925 0.287214577 -1.186061382 -0.019091370 0.035374854 0.029614190 0.998752773
1548340566.147550 -0.481011033 0.289065123 -1.185003996 -0.020193005 0.036589798 0.031133045 0.998641193
1548340566.180920 -0.462709546 0.284442067 -1.207406282 -0.021840354 0.031282108 0.030023133 0.998820841
1548340566.214440 -0.437521338 0.278889537 -1.225551605 -0.023911430 0.032929026 0.027072068 0.998804808
1548340566.247960 -0.464903653 0.282432914 -1.220718861 -0.023159346 0.041330155 0.027301032 0.998503923
1548340566.281460 -0.462866277 0.280977815 -1.236071467 -0.022279911 0.040695999 0.024819165 0.998614788
1548340566.314980 -0.447543353 0.277474493 -1.256293058 -0.021417828 0.041849498 0.021557853 0.998661697
1548340566.348490 -0.466906816 0.281873465 -1.255719662 -0.019377453 0.048867840 0.021216942 0.998391867
1548340566.382020 -0.474365473 0.288362980 -1.266444802 -0.016003765 0.050018318 0.020800604 0.998403430
1548340566.415540 -0.471834064 0.295705289 -1.275789857 -0.013527420 0.048716579 0.019188117 0.998536706
1548340566.449080 -0.477429420 0.301934242 -1.288012743 -0.012100196 0.047145352 0.018537462 0.998642743
1548340566.482590 -0.480524153 0.311747551 -1.297330379 -0.011047884 0.044273410 0.017204357 0.998810232
1548340566.516120 -0.471385390 0.311599344 -1.317492843 -0.011735216 0.041568685 0.018850099 0.998888910
1548340566.549630 -0.479235113 0.317175269 -1.320077658 -0.011647927 0.041036565 0.020016978 0.998889208
1548340566.583160 -0.490800828 0.323551416 -1.329068422 -0.011658476 0.035883024 0.018928975 0.999108732
1548340566.616680 -0.485445410 0.325341195 -1.343200326 -0.012847424 0.032039121 0.017654736 0.999248147
1548340566.650190 -0.490656734 0.338297516 -1.353321314 -0.012449979 0.030577544 0.019001439 0.999274254
1548340566.683710 -0.497195512 0.343091369 -1.359781742 -0.013675315 0.026921121 0.019167310 0.999360263
1548340566.717220 -0.492542684 0.342025250 -1.373869061 -0.016041219 0.022530425 0.016642584 0.999478936
1548340566.750720 -0.488784552 0.350149184 -1.387322783 -0.016613066 0.020593314 0.016403381 0.999515295
1548340566.784240 -0.495884895 0.351704448 -1.395697832 -0.017316131 0.020690797 0.015500755 0.999515831
1548340566.817730 -0.485501885 0.358065009 -1.410927773 -0.017186964 0.019373205 0.014192654 0.999563873
1548340566.851190 -0.476535141 0.361787885 -1.428382039 -0.017578352 0.020073920 0.013668383 0.999550521
1548340566.884670 -0.482093364 0.367036879 -1.439731836 -0.018621303 0.023595922 0.011812220 0.999478400
1548340566.918220 -0.488103390 0.367204010 -1.453877568 -0.020668890 0.027028816 0.010013688 0.999370754
1548340566.951740 -0.476265877 0.380900383 -1.463826776 -0.021134730 0.027766962 0.011625241 0.999323428
1548340566.985310 -0.476288289 0.382402092 -1.467913389 -0.024615716 0.030612366 0.011713970 0.999159515
1548340567.018770 -0.477203518 0.376716495 -1.482031465 -0.028947322 0.035111401 0.011435872 0.998898685
1548340567.052210 -0.487713456 0.378145456 -1.484283209 -0.030056074 0.039259631 0.012887922 0.998693764
1548340567.085720 -0.484302014 0.380328089 -1.486170769 -0.029821660 0.038991492 0.014309400 0.998691916
1548340567.119230 -0.471260101 0.378281415 -1.495880604 -0.029561628 0.038820375 0.015947537 0.998681545
1548340567.152750 -0.488917649 0.381216735 -1.498597264 -0.026798574 0.042269379 0.016886842 0.998604059
1548340567.186280 -0.486529678 0.382006019 -1.514438629 -0.024771923 0.039646666 0.016789293 0.998765588
1548340567.219890 -0.477054536 0.379664540 -1.527858377 -0.022835393 0.038858797 0.018168764 0.998818576
1548340567.253410 -0.482024521 0.383885711 -1.532397628 -0.018687310 0.039687246 0.021513073 0.998805761
1548340567.286930 -0.469884217 0.392798334 -1.551946044 -0.014122698 0.035796218 0.024633199 0.998955667
1548340567.320520 -0.451540530 0.401929379 -1.573380589 -0.012271818 0.033952404 0.025277855 0.999028385
1548340567.354030 -0.450118452 0.412389159 -1.579026222 -0.012653367 0.036622845 0.026820447 0.998889089
1548340567.387550 -0.462053955 0.411969930 -1.578967929 -0.014848066 0.037512302 0.027835229 0.998798072
1548340567.421070 -0.451442599 0.406321526 -1.593649864 -0.017450785 0.031795431 0.027188564 0.998972118
1548340567.454580 -0.434674174 0.399877787 -1.618258357 -0.021499813 0.029710550 0.024715273 0.999021649
1548340567.488100 -0.443958789 0.397838235 -1.613618851 -0.023813626 0.032421611 0.027935615 0.998799980
1548340567.521620 -0.440892577 0.388552636 -1.624653578 -0.026456298 0.029507577 0.027695101 0.998830497
1548340567.555170 -0.450471699 0.379063994 -1.633154988 -0.028554033 0.028518358 0.026904980 0.998823106
1548340567.588700 -0.438294977 0.370472997 -1.647321105 -0.029248532 0.023559278 0.026209131 0.998950779
1548340567.622210 -0.418890536 0.366129607 -1.664813638 -0.029425209 0.021996276 0.025341120 0.999003589
1548340567.655720 -0.456727713 0.360821903 -1.667781830 -0.029064544 0.026393717 0.027069164 0.998862326
1548340567.689250 -0.438760161 0.357847840 -1.686416745 -0.027289748 0.017431740 0.026518229 0.999123752
1548340567.722770 -0.387113571 0.344893336 -1.712828040 -0.028242005 0.012440978 0.023503773 0.999247313
1548340567.756270 -0.411883771 0.341607660 -1.724954605 -0.028237598 0.024790954 0.024450118 0.998994648
1548340567.789810 -0.430766284 0.343685538 -1.731382251 -0.026118502 0.028798077 0.026583737 0.998890340
1548340567.823320 -0.426294982 0.343873709 -1.745830059 -0.024041297 0.025610536 0.025226118 0.999064505
1548340567.856840 -0.362824231 0.331046909 -1.777499914 -0.024800994 0.022146413 0.022820560 0.999186516
1548340567.890360 -0.421183527 0.336849570 -1.772410750 -0.023031892 0.041511167 0.025116326 0.998556733
1548340567.923850 -0.436188072 0.329503000 -1.782456040 -0.021194719 0.043077804 0.024745615 0.998540342
1548340567.957360 -0.416545600 0.316762239 -1.803727627 -0.018475106 0.039067410 0.021199038 0.998840868
1548340567.990810 -0.414658368 0.313163489 -1.818399429 -0.013392027 0.042581916 0.017718479 0.998846114
1548340568.024330 -0.436360329 0.314087242 -1.833625793 -0.007636456 0.046017218 0.015208971 0.998795688
1548340568.057840 -0.440468431 0.323658109 -1.851216078 -0.000271341 0.044043384 0.009271407 0.998986602
1548340568.091340 -0.421718121 0.327641994 -1.878922462 0.003210290 0.042835221 0.004652984 0.999066174
1548340568.124830 -0.447046846 0.343171149 -1.883744001 0.005457676 0.047501810 0.002022184 0.998854280
1548340568.158310 -0.451292276 0.338753134 -1.897630811 0.005059137 0.046578005 0.000015599 0.998901904
1548340568.191820 -0.449715465 0.337453008 -1.910633087 0.005440393 0.046031211 -0.000871201 0.998924851
1548340568.225260 -0.447445363 0.340272635 -1.923325419 0.006554314 0.048112150 -0.001311031 0.998819649
1548340568.258710 -0.467177540 0.354364634 -1.931401014 0.009188046 0.051147427 0.001787374 0.998647273
1548340568.292230 -0.455189407 0.359418958 -1.952416897 0.009263890 0.047610488 0.003650959 0.998816371
1548340568.325740 -0.456355810 0.374094754 -1.964611769 0.009032329 0.047454771 0.005462341 0.998817682
1548340568.359250 -0.446700096 0.380170673 -1.976023674 0.005775638 0.046718515 0.003151334 0.998886466
1548340568.459800 -0.457827389 0.368030787 -2.000962734 -0.002473636 0.048646484 -0.000324933 0.998812973
1548340568.493320 -0.460108519 0.369916230 -2.012514591 -0.001558197 0.051342532 0.000545121 0.998679817
1548340568.526830 -0.453910768 0.369167864 -2.026661158 -0.001922637 0.052315854 0.001150262 0.998628080
1548340568.560350 -0.469799668 0.364564419 -2.030212641 -0.001576750 0.055823948 0.002618489 0.998435974
1548340568.593860 -0.456576735 0.375132918 -2.048511505 0.000750925 0.053009987 0.003208308 0.998588562
1548340568.627380 -0.452561587 0.379332006 -2.062038183 0.001000755 0.054915100 0.004280794 0.998481393
1548340568.660900 -0.461439610 0.378560722 -2.067856073 -0.000265221 0.056944199 0.006735831 0.998354673
1548340568.694410 -0.466031462 0.375546396 -2.077766418 -0.001404472 0.055976361 0.006993707 0.998406589
1548340568.727960 -0.464978307 0.377007961 -2.084359884 -0.001648008 0.054946586 0.005759527 0.998471320
1548340568.761480 -0.462903202 0.374762446 -2.095165730 -0.001561398 0.053788483 0.005413619 0.998536527
1548340568.795000 -0.465708345 0.372112691 -2.107913733 -0.001108563 0.053251695 0.005438677 0.998565733
1548340568.828510 -0.476204991 0.371503055 -2.119409561 -0.000699636 0.051463079 0.004075733 0.998666346
1548340568.862030 -0.483134866 0.383121848 -2.125018358 0.001764130 0.047817193 0.005811094 0.998837709
1548340568.895520 -0.465425462 0.380761355 -2.139894724 0.001703356 0.041065309 0.004796789 0.999143541
1548340568.929060 -0.458800167 0.374711663 -2.152212381 0.002313371 0.037919469 0.003205071 0.999273002
1548340568.962590 -0.450043768 0.375051022 -2.171850920 0.005042966 0.037342295 0.002895013 0.999285638
1548340568.996110 -0.438825399 0.372745305 -2.189242363 0.006568461 0.037316322 0.001001544 0.999281406
1548340569.029630 -0.469402701 0.378654301 -2.186483622 0.009372500 0.041501775 -0.002641620 0.999090970
1548340569.063150 -0.456861019 0.390447646 -2.209092617 0.013349916 0.036762379 -0.005279500 0.999220967
1548340569.096670 -0.449375719 0.392431736 -2.223123074 0.013569058 0.036702052 -0.008535073 0.999197662
1548340569.130240 -0.457384169 0.398541898 -2.230401754 0.015074272 0.038433544 -0.009353476 0.999103725
1548340569.163970 -0.450129271 0.405387878 -2.244850159 0.017280446 0.037625629 -0.009132722 0.999100745
1548340569.197510 -0.444276333 0.423154771 -2.259480953 0.018665684 0.037406556 -0.008788098 0.999087155
1548340569.231020 -0.451919019 0.420659870 -2.268546820 0.016244922 0.039020058 -0.007951088 0.999074757
1548340569.264550 -0.448826522 0.422870010 -2.282160282 0.014707332 0.038271330 -0.006476000 0.999138236
1548340569.298080 -0.434335560 0.423195809 -2.290982485 0.012956560 0.037801173 -0.004863022 0.999189496
1548340569.331590 -0.442877561 0.420208007 -2.298546553 0.011100705 0.039958898 -0.003950628 0.999131858
1548340569.365120 -0.458317250 0.413974911 -2.304975510 0.010507448 0.040390644 -0.002571480 0.999125421
1548340569.398640 -0.455492347 0.415231049 -2.313880444 0.010854536 0.037402306 -0.002544854 0.999238133
1548340569.432140 -0.441252202 0.415011108 -2.327903748 0.011959194 0.035713933 -0.000690741 0.999290287
1548340569.465660 -0.450200230 0.413855910 -2.339418888 0.013985847 0.035780925 0.001354786 0.999260902
1548340569.499160 -0.432162821 0.414124846 -2.360960484 0.015955862 0.032093689 0.001905449 0.999355674
1548340569.532680 -0.420691878 0.419526696 -2.374944687 0.017774830 0.033894099 0.003024963 0.999262810
1548340569.566190 -0.436048031 0.416874528 -2.378166676 0.018650671 0.036745042 0.005559120 0.999135196
1548340569.599680 -0.436513752 0.416463643 -2.392150402 0.020158704 0.036797013 0.006432617 0.999098718
1548340569.633190 -0.437933356 0.427035570 -2.406927109 0.022635303 0.037523538 0.007686981 0.999009788
1548340569.666710 -0.442127347 0.430849552 -2.417343616 0.023767857 0.036401425 0.008953229 0.999014497
1548340569.700220 -0.426677972 0.431583822 -2.438529730 0.024118420 0.034106895 0.008401492 0.999091864
1548340569.733650 -0.429508626 0.436403722 -2.449167728 0.024348430 0.035939779 0.008596122 0.999020338
1548340569.767170 -0.436967552 0.445765913 -2.460012913 0.024305094 0.037537511 0.008107025 0.998966694
1548340569.800660 -0.447495788 0.448104531 -2.469596148 0.023620425 0.038272057 0.007990587 0.998956203
1548340569.834160 -0.441532165 0.457847357 -2.490274429 0.022756366 0.036517117 0.006345944 0.999053776
1548340569.867680 -0.428287089 0.464292169 -2.504059792 0.021178775 0.037347868 0.006218888 0.999058545
1548340569.901190 -0.443399966 0.463505566 -2.511826754 0.018836895 0.041390408 0.006848904 0.998942018
1548340569.934710 -0.435772479 0.468875140 -2.526649475 0.017430857 0.041046992 0.007776879 0.998974919
1548340569.968240 -0.428223699 0.472744852 -2.540771246 0.015146341 0.042573452 0.007722777 0.998948693
1548340570.001780 -0.443955153 0.471753031 -2.544545650 0.012455964 0.047615737 0.008328202 0.998753369
1548340570.035270 -0.455497801 0.474799067 -2.552446604 0.011462381 0.048977382 0.007947853 0.998702526
1548340570.068790 -0.440772623 0.478968799 -2.571431398 0.011116133 0.048565496 0.007247801 0.998731852
1548340570.102370 -0.443200082 0.478506207 -2.580087185 0.010178454 0.051666178 0.006504459 0.998591363
1548340570.135890 -0.459873408 0.478452802 -2.589524508 0.009824143 0.055502813 0.005618828 0.998394489
1548340570.169410 -0.453445703 0.480884284 -2.602628469 0.010237479 0.055875123 0.005554276 0.998369873
1548340570.202980 -0.458513379 0.480378598 -2.614634037 0.010312330 0.059000332 0.004839213 0.998193026
1548340570.236490 -0.467190087 0.483612716 -2.622315645 0.010892359 0.061640378 0.005621051 0.998023152
1548340570.269960 -0.471700132 0.488493621 -2.631704807 0.011711195 0.061990228 0.006610136 0.997986197
1548340570.303470 -0.473442584 0.489065051 -2.642010927 0.012009767 0.061490372 0.007305949 0.998008728
1548340570.336990 -0.469064325 0.490257561 -2.652195692 0.012577120 0.059736200 0.007896787 0.998103738
1548340570.370510 -0.453024238 0.497967452 -2.668380022 0.014357042 0.057127818 0.009805474 0.998215497
1548340570.404020 -0.454878598 0.504910409 -2.680111170 0.015775863 0.057078164 0.010584155 0.998188972
1548340570.437990 -0.447928458 0.511374831 -2.685565948 0.016463635 0.055940736 0.011028667 0.998237491
1548340570.471510 -0.437653720 0.511565506 -2.705123901 0.017139403 0.055124216 0.012899813 0.998249054
1548340570.505040 -0.430305928 0.517615020 -2.714103699 0.017915398 0.055137087 0.012879593 0.998235047
1548340570.538590 -0.423151255 0.523884773 -2.728407383 0.018106999 0.055798989 0.012661432 0.998197556
1548340570.572100 -0.419551492 0.536005080 -2.737552166 0.017732691 0.056891128 0.012393376 0.998145998
1548340570.605620 -0.423129469 0.542661428 -2.744709969 0.015480624 0.057596769 0.011572826 0.998152792
1548340570.639110 -0.423862338 0.539995611 -2.751647472 0.011676115 0.057683837 0.010286631 0.998213649
1548340570.672620 -0.420974106 0.542980254 -2.757236958 0.008502780 0.057244584 0.008497786 0.998287857
1548340570.706140 -0.422881693 0.551937401 -2.760128260 0.005298023 0.057215914 0.007009795 0.998323202
1548340570.739660 -0.421181291 0.553463995 -2.771423578 0.001629459 0.056109745 0.005597806 0.998407602
1548340570.773200 -0.420765579 0.546476007 -2.767480850 -0.002393702 0.055558152 0.005786227 0.998435855
1548340570.806740 -0.427249372 0.545745730 -2.776294947 -0.004907794 0.053659130 0.006429472 0.998526573
1548340570.840380 -0.418032855 0.541211605 -2.783883572 -0.007018348 0.050624005 0.006916577 0.998669207
1548340570.873940 -0.419125110 0.536675572 -2.787943840 -0.008455670 0.049644846 0.006897047 0.998707414
1548340570.907460 -0.418999672 0.533991098 -2.792660713 -0.008945019 0.048030376 0.007950859 0.998774171
1548340570.940970 -0.417904228 0.538167953 -2.799831867 -0.008336076 0.045838919 0.008205658 0.998880446
1548340570.974510 -0.413408995 0.533375382 -2.808543205 -0.008984493 0.044038836 0.008050966 0.998956978
1548340571.008030 -0.414109677 0.533703029 -2.816899776 -0.008520345 0.043596100 0.008198925 0.998979270
1548340571.041540 -0.416443080 0.531700134 -2.826113701 -0.007986544 0.043696184 0.008545551 0.998976409
1548340571.075060 -0.417503506 0.532655835 -2.834650755 -0.006952441 0.043139353 0.008695401 0.999007046
1548340571.108550 -0.410920113 0.533931255 -2.846814394 -0.005420670 0.042705677 0.009602846 0.999026835
1548340571.142070 -0.411185890 0.536707282 -2.857498169 -0.003554755 0.043232765 0.010949759 0.998998702
1548340571.175580 -0.407498300 0.538149714 -2.871118784 -0.001507670 0.042565338 0.011523264 0.999026120
1548340571.208940 -0.412604451 0.542497396 -2.880140781 0.000830274 0.043450478 0.013114378 0.998969197
1548340571.242380 -0.407130390 0.544511735 -2.893316269 0.002458215 0.042823534 0.015297292 0.998962522
1548340571.275900 -0.411114126 0.549475312 -2.903663874 0.003871646 0.042511903 0.017019436 0.998943508
1548340571.309410 -0.400398582 0.553327203 -2.917363882 0.004330279 0.041173398 0.018333979 0.998974383
1548340571.342890 -0.407860935 0.557270944 -2.920158863 0.003963847 0.043460835 0.019816568 0.998850703
1548340571.376400 -0.412247270 0.559826910 -2.927688599 0.003579318 0.044194143 0.021231608 0.998790920
1548340571.409920 -0.398465008 0.569797933 -2.940025091 0.003744915 0.044376332 0.022360072 0.998757660
1548340571.443430 -0.405079991 0.569667161 -2.944776297 0.001864528 0.048531823 0.024793388 0.998512208
1548340571.476940 -0.407944322 0.569662809 -2.950742722 0.001137924 0.051085372 0.027554708 0.998313487
1548340571.510370 -0.408925831 0.566292346 -2.959378958 0.000497784 0.053071890 0.028106453 0.998194933
1548340571.543880 -0.403779924 0.568787277 -2.970927238 0.000094718 0.056289133 0.028174285 0.998016953
1548340571.577490 -0.414837509 0.568279266 -2.976703644 -0.001074895 0.061730694 0.029909492 0.997644067
1548340571.611000 -0.410763770 0.571547925 -2.982907772 -0.001186516 0.064315289 0.030840082 0.997452319
1548340571.644520 -0.419067860 0.566783845 -2.990934849 -0.002025252 0.068576440 0.030420888 0.997179925
1548340571.677730 -0.430206448 0.560364485 -2.999922991 -0.002421724 0.072204843 0.029381922 0.996954024
1548340571.711250 -0.437299550 0.558381498 -3.006866217 -0.001308490 0.073864527 0.029019684 0.996845186
1548340571.745180 -0.424621075 0.569425046 -3.018397808 0.001756848 0.074074402 0.029559229 0.996812999
1548340571.778460 -0.447389394 0.562946916 -3.021626711 0.002369314 0.077650875 0.028977389 0.996556640
1548340571.811980 -0.452919871 0.561379552 -3.030370474 0.004603053 0.077006444 0.028783049 0.996604502
1548340571.845490 -0.445788443 0.570008218 -3.040320158 0.008209535 0.074448727 0.029251350 0.996761918
1548340571.879010 -0.445312500 0.574196160 -3.051545382 0.011213841 0.072900541 0.029509017 0.996839523
1548340571.912520 -0.446326733 0.564811766 -3.064088583 0.012697825 0.070802920 0.029326880 0.996978343
1548340571.946080 -0.445760369 0.571444631 -3.072865486 0.016110545 0.068375126 0.028182553 0.997131407
1548340571.979600 -0.428940624 0.580838084 -3.083454370 0.019404460 0.066239223 0.027820393 0.997227132
1548340572.013110 -0.432433963 0.580271244 -3.090143681 0.021367047 0.067432173 0.027572036 0.997113883
1548340572.046590 -0.443768591 0.579867005 -3.095464945 0.023439638 0.067026958 0.026829921 0.997114956
1548340572.080100 -0.428564817 0.591837108 -3.102665901 0.026553368 0.062918447 0.026355784 0.997317255
1548340572.113620 -0.429103374 0.590433538 -3.109839678 0.027516732 0.062030993 0.024070133 0.997404516
1548340572.147140 -0.426775724 0.591431201 -3.113911390 0.028934114 0.060605869 0.023599613 0.997463226
1548340572.180650 -0.419328362 0.597829223 -3.120717049 0.030493595 0.058715280 0.023137661 0.997540712
1548340572.214170 -0.416864425 0.598733187 -3.126099348 0.030729324 0.058407236 0.022727754 0.997560918
1548340572.247580 -0.417481989 0.600776136 -3.128876448 0.030913111 0.058238354 0.022450602 0.997571468
1548340572.281010 -0.408474237 0.605491698 -3.132221222 0.031198679 0.056477252 0.022184797 0.997669697
1548340572.314170 -0.402665466 0.610270321 -3.134654760 0.030516550 0.055939186 0.022224775 0.997720242
1548340572.347520 -0.397340506 0.620025992 -3.136468649 0.029537288 0.056148309 0.022703309 0.997727215
1548340572.381030 -0.400725037 0.616721272 -3.131255865 0.026449701 0.056644451 0.023012014 0.997778654
1548340572.414550 -0.390561819 0.613005936 -3.132475615 0.024253767 0.055863928 0.022172637 0.997897506
1548340572.448070 -0.391324610 0.614255607 -3.124986172 0.023531618 0.057748511 0.022005608 0.997811198
1548340572.481590 -0.403746665 0.606564283 -3.121804237 0.022130121 0.058454707 0.020803506 0.997827947
1548340572.515110 -0.400281996 0.612387419 -3.115905046 0.022635607 0.056645188 0.020606773 0.997925043
1548340572.548660 -0.402018428 0.600354195 -3.117950201 0.021381097 0.054703671 0.019381283 0.998085558
1548340572.582180 -0.397339910 0.603523552 -3.118165731 0.022532111 0.053227905 0.019219670 0.998143137
1548340572.615700 -0.409895837 0.598001540 -3.116955042 0.022840872 0.052548386 0.018888725 0.998178422
1548340572.649210 -0.404489607 0.604590356 -3.112598419 0.024090828 0.049037285 0.018783292 0.998329699
1548340572.682760 -0.404891729 0.600164771 -3.109316587 0.024198880 0.046959050 0.019245500 0.998418212
1548340572.716290 -0.404554904 0.597789466 -3.107499361 0.024537530 0.044796046 0.019153195 0.998511076
1548340572.749880 -0.406405181 0.596165359 -3.100662708 0.025247518 0.044007521 0.019943725 0.998513043
1548340572.783320 -0.410970658 0.586271465 -3.097975969 0.025793443 0.042172287 0.020594308 0.998565018
1548340572.816840 -0.399920613 0.588759840 -3.097043514 0.028272061 0.039890539 0.021525145 0.998572111
1548340572.851030 -0.415313363 0.574730098 -3.092022896 0.028957970 0.040504806 0.022195047 0.998512983
1548340572.884570 -0.409740925 0.571742654 -3.093070745 0.031514954 0.038172528 0.022701560 0.998516083
1548340572.918120 -0.406087875 0.579337776 -3.091362238 0.034605756 0.037682902 0.023791349 0.998406947
1548340572.951630 -0.409974903 0.581075191 -3.087134600 0.036114018 0.038876541 0.024973189 0.998278916
1548340572.985150 -0.402821809 0.587875426 -3.080853939 0.037734281 0.038482819 0.026223822 0.998202205
1548340573.018670 -0.393649042 0.588631213 -3.076498985 0.037988167 0.038931254 0.027174959 0.998149693
1548340573.052180 -0.400517732 0.587458789 -3.070596218 0.037844721 0.041365117 0.027952312 0.998035789
1548340573.085700 -0.409106672 0.584063232 -3.060831547 0.037391789 0.042954650 0.027775459 0.997990608
1548340573.119280 -0.405904889 0.582712650 -3.059020281 0.037641335 0.043929648 0.026895938 0.997962952
1548340573.152700 -0.410989732 0.583940506 -3.049973488 0.038056627 0.047031626 0.026687201 0.997811377
1548340573.186190 -0.419871479 0.583058774 -3.045464039 0.037815373 0.048816729 0.025870550 0.997756362
1548340573.218480 -0.414481938 0.580256343 -3.040611982 0.037040509 0.049697995 0.024106167 0.997786105
1548340573.251990 -0.420643657 0.578969240 -3.032283306 0.036413141 0.053047873 0.024283215 0.997632384
1548340573.286500 -0.429038823 0.576482415 -3.022241354 0.035874810 0.055649526 0.024096761 0.997514665
1548340573.320020 -0.428263366 0.573581159 -3.015269041 0.035761077 0.056539025 0.025136260 0.997443080
1548340573.353500 -0.437997341 0.571249664 -3.009221077 0.036062870 0.058783319 0.026340984 0.997271419
1548340573.386430 -0.443988502 0.569917500 -2.998641729 0.035995860 0.058463082 0.027374007 0.997264802
1548340573.419860 -0.426079541 0.574602544 -2.996313334 0.035937972 0.055953484 0.028242106 0.997386634
1548340573.453460 -0.410986781 0.575803936 -2.984447718 0.034191038 0.057745479 0.028828882 0.997329116
1548340573.487020 -0.423614174 0.574799836 -2.971201181 0.031999763 0.062864520 0.029446369 0.997074246
1548340573.520540 -0.428913355 0.571098804 -2.957973480 0.029803144 0.064195789 0.028824229 0.997075677
1548340573.554060 -0.417020768 0.569616318 -2.948281288 0.027719298 0.064135529 0.027442602 0.997178614
1548340573.587570 -0.425263613 0.559253514 -2.934358597 0.024533646 0.067679413 0.026831293 0.997044504
1548340573.621040 -0.420376837 0.565434515 -2.922613144 0.024010459 0.068003327 0.027804453 0.997008562
1548340573.654560 -0.426307291 0.565504074 -2.909319639 0.022047823 0.068647020 0.026135877 0.997054935
1548340573.688070 -0.428132892 0.563217700 -2.896394253 0.019662110 0.069105543 0.024873096 0.997105360
1548340573.721590 -0.428876966 0.560348392 -2.880751610 0.017372973 0.068993174 0.024292817 0.997170031
1548340573.755090 -0.425737739 0.553891718 -2.867738962 0.015124569 0.067639150 0.023979427 0.997307003
1548340573.788600 -0.420384526 0.543840468 -2.855093002 0.013312154 0.065726072 0.023148321 0.997480333
1548340573.822110 -0.429130018 0.539214969 -2.840468884 0.013625093 0.064049147 0.023082772 0.997586727
1548340573.855600 -0.435103625 0.530852914 -2.833153248 0.014783003 0.058271654 0.021070251 0.997968912
1548340573.889140 -0.412549347 0.527343214 -2.820010662 0.016579513 0.050707579 0.018390609 0.998406529
1548340573.922660 -0.412497878 0.520602345 -2.807694912 0.017477933 0.049378455 0.016072875 0.998497844
1548340573.956180 -0.423586577 0.516537547 -2.798368692 0.019296521 0.045816854 0.013904738 0.998666704
1548340573.989690 -0.393364847 0.519209445 -2.790530443 0.021136072 0.038634848 0.010917797 0.998970151
1548340574.023200 -0.395201296 0.518016338 -2.783445597 0.020995904 0.038345546 0.007698813 0.999014318
1548340574.056700 -0.407075286 0.518567085 -2.765302896 0.020370549 0.037408918 0.006289608 0.999072611
1548340574.090200 -0.399792850 0.509657562 -2.753956079 0.018996643 0.032147374 0.002502595 0.999299526
1548340574.123710 -0.389143407 0.503012657 -2.744636059 0.017674329 0.030656252 -0.001444726 0.999372661
1548340574.157200 -0.404086292 0.504516959 -2.728103876 0.017018685 0.031421710 -0.004218366 0.999352396
1548340574.190660 -0.400320381 0.502243519 -2.716439486 0.015789486 0.028052002 -0.007437936 0.999454081
1548340574.224180 -0.374201506 0.501471877 -2.713041067 0.014491240 0.024764022 -0.009683897 0.999541402
1548340574.257690 -0.390637845 0.498735726 -2.693293095 0.012784147 0.027856205 -0.010439883 0.999475718
1548340574.291290 -0.405137956 0.504926801 -2.675217390 0.012573308 0.025107590 -0.010269400 0.999552965
1548340574.324810 -0.380213588 0.498109907 -2.666411161 0.010637324 0.018005572 -0.012571421 0.999702275
1548340574.358420 -0.361924022 0.498485565 -2.654685974 0.008881429 0.017026978 -0.012221653 0.999740958
1548340574.392070 -0.374512285 0.498185575 -2.633515835 0.006837617 0.019501256 -0.011132815 0.999724567
1548340574.425470 -0.379655033 0.497357547 -2.616512775 0.004981359 0.018012144 -0.011038998 0.999764442
1548340574.458990 -0.358921587 0.494013548 -2.604402065 0.002995617 0.014638598 -0.010171628 0.999836683
1548340574.492550 -0.363136053 0.488103956 -2.582966328 0.000434062 0.015821135 -0.009347424 0.999831080
1548340574.526070 -0.355429798 0.486097544 -2.566042185 -0.001355496 0.014938065 -0.008548069 0.999850988
1548340574.559650 -0.343446940 0.488238394 -2.549127102 -0.002816148 0.014817554 -0.007365018 0.999859154
1548340574.593330 -0.334188104 0.482045293 -2.530442476 -0.005142244 0.016752433 -0.005879738 0.999829233
1548340574.627340 -0.331310421 0.479752421 -2.509533644 -0.006777763 0.020327672 -0.004370755 0.999760866
1548340574.660870 -0.340709686 0.474707365 -2.489131212 -0.008058336 0.024230782 -0.002679152 0.999670327
1548340574.694390 -0.331611276 0.469457060 -2.471894264 -0.008190261 0.024880661 -0.001583616 0.999655664
1548340574.727900 -0.330714673 0.466616809 -2.453142643 -0.007740451 0.028225452 0.000314531 0.999571562
1548340574.761410 -0.346571058 0.460293919 -2.434316874 -0.007258727 0.030879669 0.002247115 0.999494255
1548340574.794920 -0.334005862 0.455541372 -2.422118425 -0.006494194 0.030106597 0.002192321 0.999523222
1548340574.827950 -0.334054679 0.454374403 -2.396909952 -0.005593267 0.033218082 0.002956551 0.999428093
1548340574.861450 -0.340527236 0.449385643 -2.382077694 -0.005098913 0.035157688 0.003525113 0.999362528
1548340574.894960 -0.321613461 0.448622435 -2.370567799 -0.004950898 0.034953684 0.002998800 0.999372184
1548340574.928480 -0.334515661 0.444220126 -2.354303122 -0.005911907 0.040783711 0.003332156 0.999145031
1548340574.961990 -0.362973571 0.438121349 -2.330686808 -0.006009988 0.043588612 0.003720075 0.999024570
1548340574.995460 -0.355858862 0.433166236 -2.320462704 -0.005672019 0.038500864 0.002592368 0.999239147
1548340575.028980 -0.335053891 0.435673803 -2.301555634 -0.005678449 0.035542004 0.002208497 0.999349594
1548340575.062170 -0.340123653 0.428683490 -2.286603689 -0.007462922 0.037223350 0.002404567 0.999276221
1548340575.095690 -0.339921385 0.428930640 -2.265754938 -0.008615980 0.037149057 0.001850640 0.999270916
1548340575.129050 -0.330152988 0.428058922 -2.249319792 -0.009454315 0.036478885 0.002535261 0.999286532
1548340575.162570 -0.335363507 0.425312221 -2.230005264 -0.011093221 0.038376011 0.001621554 0.999200463
1548340575.196090 -0.348430485 0.419524282 -2.209195614 -0.012777856 0.039255213 0.002021534 0.999145508
1548340575.229750 -0.337702274 0.420454264 -2.199385166 -0.013532050 0.036564298 0.001923492 0.999237835
1548340575.263270 -0.333383888 0.425449312 -2.166326046 -0.013990310 0.036977336 0.001391471 0.999217272
1548340575.297110 -0.338203043 0.421002001 -2.146795511 -0.015473795 0.037212670 0.001950018 0.999185681
1548340575.330620 -0.335527778 0.412570268 -2.140471935 -0.017238963 0.035226796 0.001980740 0.999228776
1548340575.363810 -0.346906781 0.412422419 -2.117578983 -0.017970843 0.035306573 0.002110216 0.999212742
1548340575.397180 -0.341757387 0.404184401 -2.097733736 -0.018900901 0.029383481 0.001830094 0.999387860
1548340575.430700 -0.324792504 0.402789533 -2.078295708 -0.018667229 0.025349561 -0.000062742 0.999504387
1548340575.464360 -0.336210221 0.398031503 -2.047514200 -0.019333288 0.026106101 -0.001246000 0.999471426
1548340575.498140 -0.337247670 0.393739253 -2.025720835 -0.019415079 0.022856142 -0.002944438 0.999545932
1548340575.531650 -0.320249617 0.388868511 -2.013105154 -0.018825840 0.019653762 -0.003908379 0.999621987
1548340575.565170 -0.321618050 0.380705982 -1.994929075 -0.018672301 0.020030990 -0.004051348 0.999616802
1548340575.598680 -0.322631210 0.380015552 -1.973525405 -0.017315798 0.017921068 -0.004386093 0.999679863
1548340575.632200 -0.312262028 0.376600444 -1.959126949 -0.016721487 0.014912677 -0.004794887 0.999737561
1548340575.665720 -0.305381000 0.375335634 -1.942457318 -0.016800566 0.013461625 -0.003628022 0.999761701
1548340575.699220 -0.306760460 0.369250029 -1.919598937 -0.017793050 0.012295329 -0.001884345 0.999764383
1548340575.732430 -0.303206861 0.363516539 -1.900634050 -0.018523145 0.009908584 -0.001491625 0.999778211
1548340575.765920 -0.300741374 0.358823985 -1.886364698 -0.019480083 0.007627894 -0.000123857 0.999781132
1548340575.799430 -0.298935413 0.354617059 -1.867438555 -0.020596791 0.004570291 0.000671872 0.999777198
1548340575.832950 -0.286264241 0.347485363 -1.853799462 -0.022693936 0.001847533 0.000556694 0.999740660
1548340575.866490 -0.287345111 0.346090794 -1.834527612 -0.024108715 0.001576044 0.001455246 0.999707103
1548340575.900110 -0.290459543 0.335319072 -1.815992117 -0.026664274 0.000700267 0.000348979 0.999644220
1548340575.933520 -0.272643268 0.335808873 -1.801445603 -0.027302677 -0.001823237 0.001195578 0.999624908
1548340575.967020 -0.277721494 0.327984512 -1.779937387 -0.029597878 -0.000310134 0.000824603 0.999561489
1548340576.000530 -0.280227751 0.321225107 -1.763073802 -0.031202583 0.000104294 0.000297486 0.999513030
1548340576.034070 -0.267856240 0.318908542 -1.747320652 -0.032418672 0.000214089 -0.000750524 0.999474108
1548340576.067690 -0.268314540 0.317252874 -1.725893855 -0.034070164 0.003210795 -0.000160160 0.999414325
1548340576.101410 -0.274609506 0.310763866 -1.707781076 -0.035484847 0.005248568 0.000104063 0.999356508
1548340576.134960 -0.269529879 0.306611270 -1.686923027 -0.036222626 0.005909344 0.000161198 0.999326289
1548340576.168480 -0.270736128 0.304235458 -1.669859409 -0.036666993 0.007521342 -0.000053279 0.999299288
1548340576.202020 -0.267079622 0.300899595 -1.646929741 -0.037375733 0.009341754 0.000349223 0.999257624
1548340576.235620 -0.262207597 0.296323210 -1.633992553 -0.037739024 0.010203784 0.001093859 0.999234915
1548340576.269130 -0.268289387 0.292786062 -1.611435294 -0.037816223 0.014355136 0.002061122 0.999179482
1548340576.302650 -0.283215553 0.292455912 -1.587489724 -0.037136972 0.016840028 0.003117532 0.999163449
1548340576.336170 -0.277469248 0.285584003 -1.573449731 -0.037615795 0.014032443 0.002350443 0.999190986
1548340576.369680 -0.260192573 0.287900060 -1.559987068 -0.037247088 0.014205561 0.003311291 0.999199688
1548340576.403210 -0.273193955 0.289868772 -1.535841584 -0.038306121 0.018930290 0.005293854 0.999072790
1548340576.436750 -0.276259154 0.285234362 -1.515553832 -0.040119234 0.018860323 0.007883181 0.998985827
1548340576.470270 -0.274435580 0.280724317 -1.495592475 -0.042219963 0.018114761 0.009518716 0.998898864
1548340576.503790 -0.279542536 0.274241000 -1.472071648 -0.044352684 0.018374404 0.011023991 0.998786151
1548340576.537280 -0.280876666 0.267706752 -1.450600505 -0.045635354 0.016562456 0.013234014 0.998733222
1548340576.570790 -0.278003216 0.261507720 -1.434453368 -0.046562478 0.013353346 0.013424609 0.998735905
1548340576.604290 -0.268132269 0.260188609 -1.419244409 -0.047249682 0.012443981 0.013210730 0.998718202
1548340576.637580 -0.271147490 0.258064151 -1.395766497 -0.048532542 0.014424317 0.015454616 0.998597860
1548340576.671100 -0.272078276 0.254273325 -1.378440261 -0.049899887 0.013521492 0.014953141 0.998550773
1548340576.704560 -0.268425375 0.250537962 -1.359951735 -0.051215049 0.013313317 0.014200092 0.998497963
1548340576.738030 -0.268963993 0.250574410 -1.340633750 -0.051792476 0.013727339 0.014998021 0.998450935
1548340576.771540 -0.266945481 0.246689498 -1.321420431 -0.053389996 0.013679136 0.014253605 0.998378396
1548340576.805060 -0.268945128 0.240126625 -1.298255801 -0.054735612 0.014399166 0.014843607 0.998286784
1548340576.838560 -0.276463538 0.242120430 -1.274663806 -0.053611975 0.013891474 0.016798064 0.998323917
1548340576.872070 -0.265318543 0.236817151 -1.258151293 -0.053403147 0.009945747 0.015900485 0.998396873
1548340576.905590 -0.264443040 0.230710566 -1.236544132 -0.053510506 0.010062087 0.016826812 0.998374820
1548340576.939090 -0.265868753 0.226999953 -1.216639280 -0.052153192 0.010141122 0.017195273 0.998439550
1548340576.972570 -0.261494398 0.221830755 -1.198961496 -0.050924320 0.008798823 0.018284518 0.998496354
1548340577.006080 -0.256446481 0.221937075 -1.182644486 -0.049046818 0.006712720 0.020069435 0.998572290
1548340577.039590 -0.248791441 0.213762015 -1.166527629 -0.049001381 0.006030194 0.019814372 0.998583972
1548340577.073080 -0.252913505 0.215166822 -1.145360589 -0.047574773 0.007790253 0.021943297 0.998596311
1548340577.106600 -0.252675563 0.206620544 -1.129365444 -0.048134994 0.006344450 0.023750836 0.998538315
1548340577.140110 -0.259433597 0.197588086 -1.107851744 -0.048116703 0.006227729 0.023366675 0.998548985
1548340577.173620 -0.262439430 0.199477538 -1.093557477 -0.046074774 0.002892832 0.023859970 0.998648822
1548340577.207130 -0.255317867 0.186906740 -1.078732729 -0.047324646 -0.000395743 0.023004552 0.998614609
1548340577.240650 -0.259077072 0.184884787 -1.063676119 -0.046538830 -0.000876717 0.023212276 0.998646379
1548340577.274180 -0.262252092 0.181909084 -1.050966501 -0.046057910 -0.002962945 0.023378534 0.998660862
1548340577.307690 -0.262452453 0.179472551 -1.034744859 -0.045706648 -0.005405874 0.022818675 0.998679638
1548340577.341200 -0.261557639 0.171322346 -1.024059772 -0.045930650 -0.006873114 0.021720586 0.998684883
1548340577.374720 -0.263990819 0.164743528 -1.009584546 -0.045836665 -0.005318059 0.020664064 0.998721123
1548340577.408230 -0.271948427 0.165219814 -0.993013442 -0.043984625 -0.003944938 0.021792581 0.998786747
1548340577.441880 -0.263871849 0.160113439 -0.987755895 -0.043377433 -0.004380032 0.021457367 0.998818696
1548340577.475400 -0.268932253 0.157935441 -0.968472064 -0.042298727 0.000167068 0.022892868 0.998842716
1548340577.508910 -0.272637308 0.157687381 -0.956231594 -0.040978599 0.003114820 0.024322638 0.998859107
1548340577.542260 -0.272059798 0.151768178 -0.942598820 -0.040857598 0.006688301 0.025709340 0.998811781
1548340577.575710 -0.288535357 0.149559736 -0.923585773 -0.039026260 0.012677042 0.027130257 0.998789370
1548340577.609230 -0.289448857 0.143275186 -0.911889017 -0.037504841 0.014646496 0.027689353 0.998805404
1548340577.642750 -0.296406597 0.142244488 -0.897425532 -0.034824785 0.018517055 0.029615294 0.998782873
1548340577.676570 -0.308380485 0.142058671 -0.880541563 -0.031103943 0.021713341 0.032835063 0.998740733
1548340577.710400 -0.300186932 0.134207621 -0.881437838 -0.029520987 0.022102149 0.032304268 0.998797536
1548340577.744030 -0.302667916 0.138631240 -0.865463078 -0.026713045 0.027796218 0.036001779 0.998607874
1548340577.777580 -0.318457544 0.139556795 -0.850892782 -0.024288328 0.032071009 0.039218023 0.998420477
1548340577.810330 -0.322458267 0.130391583 -0.844878972 -0.023662422 0.031404864 0.042461153 0.998324037
1548340577.843840 -0.325112313 0.121685632 -0.838132858 -0.022791067 0.034237083 0.045660011 0.998109996
1548340577.877360 -0.327400625 0.113584742 -0.818522811 -0.018962646 0.037062731 0.050698869 0.997845888
1548340577.910870 -0.317318171 0.106249958 -0.815667450 -0.014936704 0.038608558 0.054984275 0.997628748
1548340577.944390 -0.328245699 0.104064725 -0.802478850 -0.010232606 0.044040255 0.060242489 0.997159362
1548340577.977910 -0.331242055 0.098389216 -0.797651231 -0.007113148 0.044637609 0.063013889 0.996988595
1548340578.011420 -0.324357182 0.091118954 -0.793996394 -0.005164631 0.046129640 0.062336400 0.996975303
1548340578.045700 -0.334196329 0.090531051 -0.780526400 -0.001834326 0.051101666 0.062267791 0.996748745
1548340578.079370 -0.343858093 0.089923903 -0.770669401 0.001096080 0.052513860 0.062039077 0.996690691
1548340578.113400 -0.335604846 0.086482808 -0.766484201 0.002227027 0.053187303 0.060308911 0.996759295
1548340578.147110 -0.341250926 0.085164435 -0.755325437 0.003618194 0.055997368 0.060023926 0.996618509
1548340578.180620 -0.343329728 0.084522039 -0.742024720 0.004193469 0.057198446 0.058239624 0.996653855
1548340578.214140 -0.339931756 0.087551221 -0.733017802 0.004860580 0.058930740 0.056614194 0.996643603
1548340578.246950 -0.353411525 0.082416244 -0.717110574 0.004472087 0.061853077 0.056568220 0.996470928
1548340578.280470 -0.351693600 0.082904860 -0.702430308 0.004693604 0.061381105 0.056592803 0.996497631
1548340578.313980 -0.352858990 0.077531099 -0.688244939 0.005035231 0.061579604 0.057340302 0.996441066
1548340578.348200 -0.362262517 0.071813464 -0.677326262 0.005174429 0.062119853 0.056616645 0.996448159
1548340578.381720 -0.357103020 0.071424350 -0.664853752 0.005893518 0.060629237 0.055872962 0.996577978
1548340578.414530 -0.360457450 0.068141475 -0.649590135 0.006508735 0.061446987 0.055882256 0.996523499
1548340578.447820 -0.365028709 0.063745156 -0.631682158 0.007051430 0.061426204 0.055695511 0.996531546
1548340578.481340 -0.365264326 0.062442783 -0.615526915 0.008275341 0.060202684 0.053469226 0.996718705
1548340578.514860 -0.357916296 0.057937011 -0.598970592 0.009324675 0.059521876 0.053085163 0.996770859
1548340578.548370 -0.358393282 0.060011789 -0.582169175 0.010474986 0.059457447 0.051568486 0.996842921
1548340578.581890 -0.351426363 0.053664260 -0.568268359 0.009354665 0.057670273 0.048791841 0.997098804
1548340578.615400 -0.337162673 0.048764642 -0.557540953 0.007995855 0.058274586 0.046679739 0.997176647
1548340578.648890 -0.339289516 0.058257937 -0.529418528 0.008405797 0.061618365 0.046382263 0.996986151
1548340578.682410 -0.342125982 0.054819036 -0.508619905 0.005582942 0.062323671 0.044772740 0.997035623
1548340578.715950 -0.334754139 0.051798686 -0.492870659 0.002587962 0.062003449 0.044059783 0.997099638
1548340578.749470 -0.347772479 0.047536954 -0.462912649 -0.000470665 0.064259462 0.043629754 0.996978939
1548340578.782980 -0.333794206 0.038093735 -0.448886126 -0.004539724 0.058337532 0.039957695 0.997486591
1548340578.816500 -0.323900998 0.036380075 -0.430910468 -0.007523277 0.057885431 0.038699958 0.997544527
1548340578.849990 -0.328547478 0.032347649 -0.406429946 -0.010115445 0.057568062 0.038906325 0.997531950
1548340578.883500 -0.313418835 0.021120755 -0.397534788 -0.013186525 0.052949440 0.036320444 0.997849345
1548340578.916990 -0.310523510 0.016918946 -0.377335399 -0.014387560 0.055177443 0.038717601 0.997621894
1548340578.950490 -0.315921396 0.012241541 -0.353665769 -0.014789845 0.055547915 0.041618142 0.997478664
1548340578.984020 -0.297695816 0.004861624 -0.349092185 -0.014822335 0.052111533 0.040765937 0.997698784
1548340579.017590 -0.296473861 0.008741515 -0.333871663 -0.013234742 0.054499302 0.040681548 0.997596979
1548340579.050960 -0.300355196 0.003183772 -0.316112995 -0.014342054 0.056594457 0.040919024 0.997455299
1548340579.084470 -0.291754067 -0.001221066 -0.302751690 -0.014924244 0.054315858 0.039031334 0.997649074
1548340579.117990 -0.284428537 -0.002713787 -0.293837070 -0.015781030 0.054966945 0.037410233 0.997662306
1548340579.151500 -0.286551863 0.001000277 -0.274266988 -0.016794743 0.056817766 0.036542866 0.997574270
1548340579.185020 -0.278950363 -0.007685560 -0.260477811 -0.019654613 0.055430364 0.035491880 0.997637987
1548340579.218470 -0.274143100 -0.008813805 -0.244313270 -0.020544881 0.057733651 0.035046291 0.997505188
1548340579.251820 -0.274098545 -0.019513290 -0.227832705 -0.022286488 0.059753805 0.036246322 0.997305930
1548340579.285230 -0.276669204 -0.024213858 -0.209483027 -0.022926411 0.059431411 0.035877701 0.997323990
1548340579.318850 -0.264931083 -0.031134224 -0.197712213 -0.023391902 0.057294182 0.035732336 0.997443497
1548340579.352370 -0.264850736 -0.037926808 -0.178702950 -0.023435114 0.058330882 0.035751957 0.997381687
1548340579.385890 -0.268483192 -0.039204374 -0.159807339 -0.022370504 0.057815846 0.035037175 0.997461498
1548340579.419400 -0.244853288 -0.046419773 -0.156049386 -0.022449687 0.053166151 0.031855799 0.997824967
1548340579.452870 -0.239440322 -0.050565194 -0.137621388 -0.021711128 0.058483645 0.031594332 0.997552037
1548340579.486350 -0.250192374 -0.055330835 -0.118264981 -0.021148825 0.062727384 0.030527858 0.997339487
1548340579.519870 -0.244850889 -0.060636166 -0.103642799 -0.021600576 0.061870739 0.027988303 0.997457862
1548340579.553380 -0.234173864 -0.072506204 -0.092791364 -0.024486249 0.063675843 0.025961462 0.997332394
1548340579.586880 -0.238843337 -0.067614414 -0.072795019 -0.024729226 0.066898897 0.025174268 0.997135520
1548340579.620360 -0.231927291 -0.073028505 -0.057672560 -0.027103866 0.065909721 0.022759333 0.997197747
1548340579.653880 -0.233750999 -0.079038449 -0.043089099 -0.029895924 0.067412943 0.020983791 0.997056425
1548340579.687400 -0.236911625 -0.087769389 -0.023899652 -0.032373313 0.067586623 0.020613987 0.996974945
1548340579.720910 -0.204784364 -0.085134961 -0.017095007 -0.031924248 0.061554771 0.021143867 0.997368991
1548340579.754420 -0.208572805 -0.084881499 -0.003565408 -0.033098061 0.064161174 0.021178730 0.997165680
1548340579.787960 -0.215352550 -0.099104866 0.016759314 -0.037625168 0.065262154 0.020343298 0.996951103
1548340579.821470 -0.201312065 -0.095034041 0.028544927 -0.037993949 0.062096212 0.020225875 0.997141659
1548340579.854990 -0.195698336 -0.104763769 0.043949515 -0.040945809 0.061588347 0.021740876 0.997024417
1548340579.888500 -0.197628185 -0.110703535 0.061755560 -0.043148618 0.061323721 0.021711675 0.996948481
1548340579.922030 -0.186829686 -0.119870268 0.080165684 -0.045113869 0.057273999 0.021986824 0.997096360
1548340579.955580 -0.174131557 -0.109437950 0.092356041 -0.042619895 0.053858515 0.023357196 0.997365177
1548340579.989110 -0.171275884 -0.115779221 0.112273872 -0.043038636 0.051413946 0.023471262 0.997473538
1548340580.022630 -0.157841593 -0.118746288 0.130089179 -0.042035840 0.045598157 0.023326546 0.997802436
1548340580.056240 -0.149079010 -0.127524868 0.147174150 -0.041976977 0.040660076 0.022665396 0.998033583
1548340580.089760 -0.139101967 -0.132686257 0.163691968 -0.040281191 0.035296787 0.021259878 0.998338461
1548340580.123270 -0.134409025 -0.137358770 0.179152161 -0.038060930 0.030549254 0.020220315 0.998603702
1548340580.156790 -0.121682048 -0.139624938 0.192603588 -0.036209915 0.024255497 0.018430365 0.998879790
1548340580.190160 -0.115809925 -0.144022316 0.208379045 -0.035856705 0.020188637 0.017780047 0.998994827
1548340580.223670 -0.108940341 -0.149762854 0.224144474 -0.036731649 0.015101394 0.017091248 0.999064863
1548340580.257190 -0.104492195 -0.156877160 0.240277067 -0.037831265 0.009451104 0.013848212 0.999143481
1548340580.290850 -0.101333790 -0.165438429 0.256142259 -0.039699752 0.003522204 0.010431762 0.999151051
1548340580.324400 -0.095930725 -0.171631187 0.268895328 -0.041011967 -0.002883948 0.007163940 0.999128819
1548340580.357910 -0.091012940 -0.179086924 0.288498282 -0.042663641 -0.009316160 0.002764830 0.999042273
1548340580.391570 -0.084828988 -0.181419358 0.305187851 -0.042730588 -0.012961554 0.001262482 0.999001741
1548340580.425080 -0.084415570 -0.189536124 0.319430262 -0.043838516 -0.016884262 -0.000182898 0.998895943
1548340580.458390 -0.090380877 -0.195595145 0.332131207 -0.043547019 -0.023128040 -0.001869046 0.998781979
1548340580.491900 -0.079948284 -0.197500929 0.352647692 -0.042298831 -0.032060239 -0.006203970 0.998571217
1548340580.525350 -0.080268323 -0.200581059 0.367065161 -0.041854482 -0.035213035 -0.008026903 0.998470783
1548340580.558860 -0.084778354 -0.204702213 0.383339196 -0.041259341 -0.038839456 -0.009828543 0.998344958
1548340580.592450 -0.077997945 -0.204365179 0.397743493 -0.039062493 -0.044780593 -0.013235001 0.998145163
1548340580.626000 -0.075783111 -0.205225229 0.411009014 -0.038203306 -0.047186010 -0.015867360 0.998029232
1548340580.659570 -0.076157771 -0.205470532 0.425825745 -0.037984718 -0.049067743 -0.019422069 0.997883976
1548340580.693160 -0.077662207 -0.207252979 0.440555185 -0.037937377 -0.051895235 -0.022141529 0.997686088
1548340580.726680 -0.079836570 -0.210207716 0.455515832 -0.038040098 -0.056942791 -0.023720397 0.997370481
1548340580.760150 -0.077912427 -0.212019280 0.470656961 -0.037585929 -0.064973220 -0.026690457 0.996821702
1548340580.793670 -0.073292106 -0.211619079 0.484842598 -0.037683100 -0.069387771 -0.029483823 0.996441722
1548340580.827150 -0.077420138 -0.206262708 0.499967366 -0.037660655 -0.072653666 -0.030322559 0.996184647
1548340580.860680 -0.073573440 -0.215679988 0.518047810 -0.041955657 -0.077204868 -0.032249719 0.995609939
1548340580.894190 -0.074462630 -0.216616780 0.537182987 -0.044249143 -0.079454042 -0.032864667 0.995313525
1548340580.927710 -0.074745394 -0.218481705 0.555442095 -0.046457272 -0.082685821 -0.033765066 0.994919479
1548340580.961230 -0.076083273 -0.218986094 0.570265412 -0.048186995 -0.084460169 -0.035169341 0.994639516
1548340580.994730 -0.077188462 -0.224157974 0.592571318 -0.051484171 -0.086202435 -0.033146109 0.994394243
1548340581.028260 -0.074856088 -0.226597339 0.605686247 -0.052504204 -0.088125810 -0.034822628 0.994114995
1548340581.061790 -0.071297131 -0.237167329 0.618839025 -0.055577572 -0.086749800 -0.035778556 0.994035006
1548340581.095430 -0.073879413 -0.242905810 0.639219761 -0.057454783 -0.082598880 -0.036960572 0.994238555
1548340581.128830 -0.073582985 -0.245043620 0.656008005 -0.057425562 -0.080571838 -0.036993038 0.994405329
1548340581.162320 -0.073887728 -0.244229764 0.675183237 -0.056221787 -0.076936692 -0.038647119 0.994699121
1548340581.195760 -0.076933362 -0.241108418 0.689837039 -0.053725578 -0.074595019 -0.037562884 0.995056927
1548340581.229230 -0.075244963 -0.242448956 0.704440534 -0.052699335 -0.075598307 -0.039307039 0.994968653
1548340581.262340 -0.071925983 -0.252513021 0.716579497 -0.053761851 -0.075062066 -0.040869020 0.994889498
1548340581.295860 -0.074811816 -0.247872010 0.734411418 -0.051653836 -0.073370963 -0.041872323 0.995085597
1548340581.329380 -0.073662348 -0.247147173 0.748387635 -0.050265238 -0.074401505 -0.043251678 0.995021224
1548340581.362890 -0.075697735 -0.248810291 0.764701366 -0.049285486 -0.073204719 -0.042912867 0.995173633
1548340581.396410 -0.075308360 -0.245346159 0.780505419 -0.046663456 -0.073883891 -0.040843099 0.995336890
1548340581.430530 -0.077646285 -0.245868444 0.793478608 -0.045935962 -0.074485749 -0.040921874 0.995322645
1548340581.464050 -0.077239849 -0.239000544 0.812796175 -0.044452455 -0.075450957 -0.038951576 0.995396376
1548340581.497560 -0.065086246 -0.237093315 0.826909125 -0.045544919 -0.079517797 -0.037955567 0.995068848
1548340581.530930 -0.074434191 -0.235805288 0.842259824 -0.048686326 -0.079442829 -0.036591344 0.994977176
1548340581.564440 -0.074859634 -0.235532761 0.859471321 -0.053193167 -0.082478516 -0.036412369 0.994505942
1548340581.597900 -0.075050890 -0.235576645 0.878705442 -0.058669325 -0.086116470 -0.037400179 0.993852675
1548340581.631420 -0.075862393 -0.234109923 0.898745894 -0.063687094 -0.088850684 -0.037660312 0.993293166
1548340581.664940 -0.075103156 -0.235172406 0.917827010 -0.069619685 -0.092273198 -0.038243338 0.992560446
1548340581.698450 -0.076708436 -0.234588042 0.937025070 -0.074827194 -0.095205806 -0.039331287 0.991861820
1548340581.731970 -0.075102307 -0.235431671 0.955757916 -0.079922557 -0.099478021 -0.041035056 0.990975618
1548340581.765480 -0.075023845 -0.237033963 0.975078702 -0.084987625 -0.102844775 -0.043439370 0.990107656
1548340581.798990 -0.074692748 -0.238046497 0.997540891 -0.089362130 -0.106905974 -0.046454638 0.989154994
1548340581.832500 -0.075219721 -0.239116311 1.016102552 -0.092329115 -0.108796753 -0.049312983 0.988537729
1548340581.866020 -0.074872352 -0.239915639 1.035154223 -0.094544634 -0.109752133 -0.050537825 0.988160789
1548340581.899540 -0.073647060 -0.241421789 1.050496459 -0.096228287 -0.110894047 -0.051664006 0.987812459
1548340581.933050 -0.071909003 -0.242663860 1.069386840 -0.097961612 -0.110020831 -0.053301919 0.987652719
1548340581.966430 -0.072340816 -0.241807565 1.086840153 -0.098802552 -0.106514469 -0.053052928 0.987966657
1548340581.999820 -0.072221793 -0.239719391 1.102660656 -0.099709250 -0.106548868 -0.053079382 0.987870514
1548340582.033300 -0.071541704 -0.238986716 1.118285537 -0.100966528 -0.106226310 -0.055890124 0.987622440
1548340582.066810 -0.072985031 -0.238619745 1.135700941 -0.102518529 -0.103257596 -0.059427183 0.987570941
1548340582.100370 -0.073944762 -0.236485407 1.150427222 -0.102750927 -0.100387417 -0.062775686 0.987635493
1548340582.133890 -0.075021632 -0.231151193 1.166247010 -0.101287641 -0.098467350 -0.065488443 0.987803757
1548340582.167400 -0.077398084 -0.227681711 1.179012895 -0.100317881 -0.097050659 -0.067696691 0.987894118
1548340582.200920 -0.080222875 -0.223389179 1.190503001 -0.099069916 -0.096913092 -0.070280045 0.987853110
1548340582.234440 -0.084382437 -0.219711989 1.201902390 -0.098861404 -0.097638048 -0.072932228 0.987610340
1548340582.268070 -0.087646648 -0.216130823 1.212970257 -0.099424303 -0.100218169 -0.076483577 0.987026572
1548340582.301730 -0.090422936 -0.212695479 1.222171426 -0.099933103 -0.102002591 -0.080551825 0.986468613
1548340582.335240 -0.093877412 -0.208403170 1.232826352 -0.100895330 -0.102639690 -0.083859786 0.986028790
1548340582.368760 -0.097241431 -0.203809440 1.243239403 -0.101672210 -0.101560190 -0.086686388 0.985816300
1548340582.402280 -0.100764863 -0.199967146 1.253549099 -0.103077039 -0.099850737 -0.088035956 0.985725462
1548340582.435790 -0.102352150 -0.195458025 1.263715506 -0.103852428 -0.098995470 -0.088294663 0.985707223
1548340582.469490 -0.104658484 -0.193035364 1.275017619 -0.106165990 -0.095727660 -0.088812828 0.985736907
1548340582.503000 -0.104743659 -0.189776510 1.286140919 -0.107125059 -0.089790359 -0.088168964 0.986249626
1548340582.536520 -0.106631026 -0.185856655 1.297044873 -0.107197754 -0.082290821 -0.085085690 0.987166286
1548340582.570040 -0.106808096 -0.182642892 1.306184173 -0.107357927 -0.078955233 -0.083455473 0.987560451
1548340582.603550 -0.107369460 -0.179959610 1.317477703 -0.107745022 -0.073970228 -0.083107099 0.987933517
1548340582.637070 -0.108387336 -0.175750062 1.326444626 -0.107106067 -0.069744639 -0.080602683 0.988517702
1548340582.670580 -0.108709216 -0.172595590 1.334775448 -0.107193083 -0.069814421 -0.079606727 0.988584042
1548340582.704140 -0.111509308 -0.171323210 1.345492125 -0.108822212 -0.064960934 -0.082060292 0.988536239
1548340582.737690 -0.112317868 -0.167951837 1.353000045 -0.108124122 -0.061670002 -0.080393098 0.988960564
1548340582.771220 -0.113688096 -0.164443225 1.359361529 -0.107032992 -0.062002104 -0.078354679 0.989222109
1548340582.804740 -0.116495907 -0.162367269 1.364802837 -0.106222831 -0.062455811 -0.078772850 0.989247680
1548340582.838250 -0.118537113 -0.161821306 1.371005654 -0.106508844 -0.062111463 -0.078350395 0.989272118
1548340582.871750 -0.119759582 -0.159814179 1.375544429 -0.105103776 -0.064208731 -0.076171316 0.989458680
1548340582.905240 -0.122285224 -0.159912214 1.381691694 -0.105246887 -0.066446252 -0.077185690 0.989217043
1548340582.938760 -0.124473989 -0.159873053 1.386410832 -0.104915097 -0.066773646 -0.076362215 0.989294231
1548340582.972270 -0.126303300 -0.159335703 1.391172528 -0.104442485 -0.068219528 -0.075978763 0.989275098
1548340583.005790 -0.127842292 -0.158418804 1.396113634 -0.103941835 -0.069958046 -0.076050080 0.989200890
1548340583.039350 -0.129974887 -0.158188030 1.401246071 -0.104478292 -0.070365824 -0.076697424 0.989065468
1548340583.072870 -0.131555066 -0.156491295 1.405675292 -0.103951946 -0.070041783 -0.076817170 0.989134610
1548340583.106380 -0.132973656 -0.154091105 1.409984589 -0.103593871 -0.069953255 -0.076096103 0.989234149
1548340583.139920 -0.133779973 -0.152265772 1.414987564 -0.104554258 -0.073617771 -0.077661611 0.988745451
1548340583.173450 -0.135865375 -0.152243793 1.419811130 -0.106832087 -0.073306404 -0.080738507 0.988278568
1548340583.206960 -0.137740374 -0.149315551 1.423534751 -0.106470712 -0.071836554 -0.082778268 0.988256693
1548340583.240480 -0.139199093 -0.148304045 1.427785277 -0.107615694 -0.071304493 -0.086007014 0.987895429
1548340583.274000 -0.141083956 -0.145603746 1.431961536 -0.106941544 -0.070129372 -0.089440018 0.987747848
1548340583.307520 -0.141300127 -0.144037068 1.435788870 -0.106579997 -0.069269143 -0.090352543 0.987764597
1548340583.341030 -0.142059758 -0.142541960 1.440876842 -0.107026614 -0.066952653 -0.091286518 0.987790167
1548340583.374550 -0.141546488 -0.141752720 1.446653366 -0.108454466 -0.065311678 -0.092953488 0.987588823
1548340583.408070 -0.141402125 -0.139460459 1.451794028 -0.109818660 -0.063166268 -0.093029030 0.987570524
1548340583.441580 -0.140750185 -0.139048591 1.456707358 -0.113138221 -0.062540218 -0.094406232 0.987104833
1548340583.475100 -0.141251311 -0.137441635 1.461236358 -0.115743563 -0.062350970 -0.094929494 0.986764550
1548340583.508620 -0.142607540 -0.134128764 1.466733932 -0.117332838 -0.063009128 -0.095443837 0.986485362
1548340583.542140 -0.144205943 -0.133639753 1.473517299 -0.120772399 -0.061862264 -0.097828418 0.985909104
1548340583.575650 -0.145421073 -0.132110357 1.479063272 -0.121517897 -0.059563804 -0.099688523 0.985772669
1548340583.609170 -0.145741329 -0.131610170 1.482576132 -0.121506482 -0.057602592 -0.100248165 0.985833943
1548340583.642690 -0.146640122 -0.130315065 1.487410545 -0.121192724 -0.057452045 -0.101054624 0.985798955
1548340583.676200 -0.148391038 -0.130395710 1.493027806 -0.121758707 -0.057068668 -0.103015624 0.985548496
1548340583.709720 -0.149770007 -0.128612772 1.497087717 -0.120507896 -0.056210332 -0.103457861 0.985705197
1548340583.743250 -0.150430605 -0.127988696 1.500046134 -0.119812980 -0.056656919 -0.105872400 0.985507905
1548340583.776750 -0.152161583 -0.126835138 1.504788160 -0.120116800 -0.056416273 -0.109075792 0.985135436
1548340583.810280 -0.153785974 -0.125252217 1.508041382 -0.120052375 -0.055643369 -0.112004213 0.984858572
1548340583.843810 -0.155363381 -0.123408727 1.511410832 -0.120395973 -0.055254593 -0.115931921 0.984383881
1548340583.877350 -0.158157974 -0.120532267 1.515924573 -0.121305771 -0.052278712 -0.120366469 0.983902335
1548340583.910880 -0.159935012 -0.117629603 1.519344926 -0.122109912 -0.049748108 -0.124139979 0.983465135
1548340583.945240 -0.163070694 -0.113491058 1.523211956 -0.123812750 -0.048159335 -0.129003152 0.982705116
1548340583.978790 -0.165672272 -0.110817671 1.525483847 -0.127113402 -0.046363633 -0.133973315 0.981704533
1548340584.012300 -0.169181734 -0.105957016 1.529117346 -0.129748136 -0.045824263 -0.139844462 0.980565667
1548340584.045820 -0.172550231 -0.100585267 1.530365944 -0.131074727 -0.046450961 -0.143566012 0.979821682
1548340584.079380 -0.177107647 -0.095907427 1.533532858 -0.134104937 -0.046554562 -0.148880199 0.978612959
1548340584.112890 -0.180827945 -0.091525294 1.533398390 -0.135582268 -0.045650229 -0.152883008 0.977834523
1548340584.146400 -0.183251128 -0.088080280 1.533149719 -0.137556329 -0.044176511 -0.155602112 0.977197409
1548340584.179910 -0.184701934 -0.084098831 1.530974865 -0.137913883 -0.044935711 -0.156681404 0.976939917
1548340584.213400 -0.186790690 -0.082225233 1.528589964 -0.140367493 -0.046081945 -0.159416765 0.976094127
1548340584.246940 -0.186985895 -0.080072515 1.522352695 -0.139461979 -0.046444837 -0.158881173 0.976294041
1548340584.280470 -0.187532917 -0.079054698 1.517832756 -0.140167192 -0.047937497 -0.158309892 0.976213694
1548340584.313990 -0.188143283 -0.079843260 1.512670875 -0.141695976 -0.050059333 -0.154873952 0.976437569
1548340584.347490 -0.186766371 -0.079454966 1.506626844 -0.138910651 -0.054870907 -0.152930334 0.976885557
1548340584.381010 -0.188589692 -0.080490053 1.499021053 -0.136938930 -0.054010116 -0.149970323 0.977670491
1548340584.414520 -0.187556997 -0.083534315 1.493613124 -0.136888266 -0.056796186 -0.146212041 0.978088856
1548340584.448040 -0.187804058 -0.084249169 1.484866858 -0.132814288 -0.057289153 -0.143033803 0.979091227
1548340584.481580 -0.187718660 -0.087650493 1.477841377 -0.131623730 -0.058052935 -0.139916971 0.979657233
1548340584.515120 -0.186494797 -0.090783603 1.469386220 -0.128968030 -0.059858613 -0.136156484 0.980431378
1548340584.548640 -0.185375094 -0.093574047 1.460104227 -0.125403434 -0.061715491 -0.132867023 0.981229663
1548340584.582150 -0.184651881 -0.095446125 1.450626612 -0.121265396 -0.061768692 -0.129690692 0.982170939
1548340584.615700 -0.183539301 -0.098906346 1.441066265 -0.118053123 -0.060786121 -0.127333894 0.982931674
1548340584.649220 -0.181723446 -0.101973593 1.431255937 -0.114781715 -0.061402492 -0.123277657 0.983797550
1548340584.682740 -0.180869266 -0.105546638 1.419647217 -0.112168260 -0.063430615 -0.120964192 0.984257340
1548340584.716260 -0.179210305 -0.107412398 1.409010291 -0.108534627 -0.063401751 -0.118706636 0.984941185
1548340584.749770 -0.177787021 -0.110580601 1.398280740 -0.106257774 -0.062564552 -0.116248786 0.985536039
1548340584.783280 -0.175625145 -0.112413026 1.386026144 -0.102409124 -0.062764362 -0.112716027 0.986340761
1548340584.816800 -0.172904119 -0.115298122 1.372895718 -0.099451892 -0.064597748 -0.109979846 0.986833811
1548340584.850320 -0.170302898 -0.119413391 1.361771107 -0.098000303 -0.064489059 -0.108647354 0.987133741
1548340584.883830 -0.167774588 -0.120607510 1.349771857 -0.094434842 -0.064413294 -0.105447054 0.987832963
1548340584.917340 -0.164895341 -0.122050136 1.333963990 -0.089877084 -0.065472759 -0.102589123 0.988489270
1548340584.950830 -0.162302732 -0.125894412 1.320014119 -0.086679071 -0.066115573 -0.101718657 0.988821924
1548340584.984350 -0.160555691 -0.127686083 1.306808233 -0.082567856 -0.064862043 -0.100167938 0.989414930
1548340585.017820 -0.157639846 -0.129965544 1.291249394 -0.078327067 -0.063392475 -0.097675197 0.990104020
1548340585.051290 -0.154816642 -0.131401584 1.274683475 -0.074302994 -0.063473865 -0.095807366 0.990591347
1548340585.083630 -0.152814403 -0.131922722 1.259050727 -0.070435382 -0.062036078 -0.095260151 0.991017640
1548340585.117130 -0.150369987 -0.133860692 1.243868947 -0.067832142 -0.061439417 -0.094391383 0.991319537
1548340585.150580 -0.148035228 -0.133527949 1.226238012 -0.063748375 -0.062411658 -0.092387639 0.991718471
1548340585.184080 -0.146103472 -0.135929495 1.211976767 -0.062060840 -0.063777275 -0.093150698 0.991667271
1548340585.217590 -0.143778354 -0.136838317 1.194544435 -0.058253802 -0.059541121 -0.094222672 0.992060184
1548340585.251100 -0.141927943 -0.139295578 1.177964449 -0.056637865 -0.056110766 -0.093098506 0.992459834
1548340585.284580 -0.139301911 -0.141950652 1.161379695 -0.054266773 -0.054355714 -0.093529962 0.992649376
1548340585.317580 -0.135241240 -0.144098863 1.143510342 -0.050809916 -0.051008277 -0.093514189 0.993011415
1548340585.351080 -0.132287279 -0.143179744 1.126348019 -0.047004353 -0.048159327 -0.090339892 0.993634701
1548340585.384590 -0.129279613 -0.144618645 1.109427333 -0.044318143 -0.047766440 -0.087552227 0.994026601
1548340585.418100 -0.126157880 -0.147188440 1.090199828 -0.042071126 -0.048880819 -0.085139588 0.994279623
1548340585.451620 -0.122853525 -0.150381535 1.072921276 -0.041201465 -0.049438801 -0.084093265 0.994377494
1548340585.485130 -0.119651332 -0.153610572 1.058170438 -0.040789258 -0.049772203 -0.083872788 0.994396448
1548340585.518650 -0.117097996 -0.157296494 1.042836547 -0.040152580 -0.048042689 -0.083970733 0.994499207
1548340585.552170 -0.116113454 -0.158803165 1.028288484 -0.038718019 -0.047156226 -0.082079619 0.994756341
1548340585.585690 -0.114644662 -0.160688311 1.013203502 -0.036819719 -0.048350215 -0.081003219 0.994859397
1548340585.619210 -0.112693369 -0.164827019 0.999278009 -0.035423033 -0.049117640 -0.081634820 0.994820833
1548340585.652740 -0.110381961 -0.166420072 0.984519958 -0.032791600 -0.049437989 -0.079676688 0.995053947
1548340585.686970 -0.109123349 -0.167528808 0.968466699 -0.030079504 -0.051803488 -0.077865563 0.995162606
1548340585.720490 -0.108385809 -0.170766801 0.954262435 -0.028207574 -0.054281998 -0.078263223 0.995054185
1548340585.754000 -0.106383927 -0.174310088 0.939515114 -0.026135273 -0.056721557 -0.079061218 0.994911551
1548340585.787520 -0.103069566 -0.176300809 0.924139738 -0.023640104 -0.057725389 -0.078964218 0.994923949
1548340585.821040 -0.099938683 -0.181116536 0.909958243 -0.022480724 -0.055573262 -0.079914816 0.994997442
1548340585.854550 -0.100050457 -0.177916884 0.896721244 -0.018941486 -0.055934079 -0.075187758 0.995419204
1548340585.888070 -0.096929625 -0.184965625 0.881969690 -0.018085094 -0.059066165 -0.077628002 0.995066822
1548340585.921540 -0.093859635 -0.183553219 0.865160346 -0.015178981 -0.058669623 -0.075409159 0.995309472
1548340585.955050 -0.095547386 -0.188014746 0.853629112 -0.013861334 -0.058309205 -0.073981382 0.995457053
1548340585.988540 -0.087956332 -0.183995545 0.832050025 -0.010905863 -0.062043604 -0.071888544 0.995421410
1548340586.022040 -0.084779963 -0.186720595 0.815869629 -0.009614855 -0.065073296 -0.072257072 0.995214522
1548340586.055510 -0.081064031 -0.189178869 0.799171805 -0.007739475 -0.065931812 -0.073124312 0.995111048
1548340586.088950 -0.078525215 -0.187913656 0.782800198 -0.004220829 -0.065729402 -0.071657918 0.995252252
1548340586.122550 -0.076115750 -0.186352521 0.766325831 0.000294281 -0.067616321 -0.070916720 0.995187819
1548340586.155980 -0.071818739 -0.189721987 0.748487234 0.003856743 -0.069192864 -0.072307505 0.994971931
1548340586.189500 -0.066082798 -0.192499071 0.730069578 0.008162358 -0.066304907 -0.072963454 0.995094657
1548340586.223020 -0.068360806 -0.185598224 0.711420238 0.014112837 -0.060562465 -0.071124174 0.995527148
1548340586.256530 -0.069201939 -0.182267830 0.696613193 0.017445555 -0.060091414 -0.071730398 0.995459437
1548340586.290050 -0.067842409 -0.183610827 0.677532673 0.018737823 -0.060273945 -0.073540092 0.995292842
1548340586.357030 -0.067400396 -0.178893372 0.643523991 0.021482345 -0.056206226 -0.073890038 0.995449483
1548340586.390520 -0.069374055 -0.176526934 0.628282845 0.021751909 -0.055825479 -0.073378347 0.995502889
1548340586.424030 -0.069163963 -0.176053822 0.615014017 0.020996248 -0.055693600 -0.073408544 0.995524347
1548340586.457540 -0.068750545 -0.174330398 0.601469159 0.020469738 -0.054824721 -0.071610302 0.995714486
1548340586.491060 -0.067456506 -0.175225064 0.588598430 0.019574707 -0.053813219 -0.069570728 0.995932221
1548340586.524610 -0.065797441 -0.173906237 0.575737476 0.019385297 -0.052458234 -0.066906229 0.996190727
1548340586.558180 -0.065148994 -0.173576891 0.563160896 0.019611372 -0.050075293 -0.062246166 0.996610940
1548340586.591710 -0.064715669 -0.174858287 0.549122572 0.020418558 -0.048217259 -0.058874059 0.996891260
1548340586.625220 -0.063906997 -0.174490631 0.532544672 0.021719642 -0.044884965 -0.053703390 0.997311234
1548340586.658740 -0.063959308 -0.173910901 0.515606642 0.022963975 -0.043524526 -0.049846116 0.997543812
1548340586.692260 -0.061421588 -0.175736457 0.499726325 0.022909496 -0.041209802 -0.048294574 0.997719705
1548340586.725670 -0.066985749 -0.172151729 0.486032665 0.023822820 -0.035865817 -0.044910882 0.998062730
1548340586.759190 -0.065516368 -0.172270760 0.468026251 0.023900904 -0.032542050 -0.043792319 0.998224497
1548340586.792700 -0.070081867 -0.174144417 0.454041660 0.023365509 -0.025954422 -0.041990004 0.998507559
1548340586.826220 -0.073610500 -0.171851411 0.440225750 0.024769489 -0.019401520 -0.038222600 0.998773873
1548340586.859730 -0.074040115 -0.175395548 0.420192212 0.025573473 -0.014819492 -0.036112767 0.998910546
1548340586.893250 -0.079175025 -0.171638295 0.404289275 0.028355721 -0.008969245 -0.031659152 0.999056160
1548340586.926690 -0.084897622 -0.167164952 0.387062073 0.031288698 -0.005624841 -0.028503302 0.999088049
1548340586.960200 -0.086947963 -0.166929156 0.366932869 0.032830950 -0.003628776 -0.029067762 0.999031544
1548340586.993720 -0.089179650 -0.167791441 0.350687116 0.033587534 -0.000711692 -0.028492279 0.999029338
1548340587.027240 -0.100149058 -0.164701730 0.337012619 0.035542399 0.002071221 -0.028864965 0.998949051
1548340587.060700 -0.100419655 -0.165844187 0.319778800 0.037123729 0.001427339 -0.030535256 0.998843074
1548340587.094210 -0.103412002 -0.166651502 0.303618252 0.039280247 0.003222229 -0.032235522 0.998702943
1548340587.127730 -0.107516065 -0.162673905 0.288427711 0.042383570 0.005705538 -0.031309653 0.998594403
1548340587.161300 -0.114108503 -0.157633647 0.274410754 0.045558106 0.005064759 -0.030418715 0.998485684
1548340587.194820 -0.116324402 -0.158120781 0.260077715 0.046829753 0.003321135 -0.033035118 0.998350978
1548340587.228330 -0.114017501 -0.154170156 0.244572237 0.047716122 0.003771181 -0.033814192 0.998281360
1548340587.261850 -0.122426033 -0.147997305 0.234409362 0.047958426 0.003564584 -0.032682978 0.998308182
1548340587.295310 -0.129516900 -0.142498076 0.228481263 0.047498554 -0.001028195 -0.034866937 0.998262048
1548340587.328830 -0.128972054 -0.141137764 0.215691105 0.046049908 -0.006434560 -0.038330585 0.998182774
1548340587.362400 -0.123525269 -0.143576160 0.203934684 0.043374430 -0.008682909 -0.040988863 0.998179913
1548340587.395860 -0.130354837 -0.132979244 0.202379137 0.043521248 -0.008469529 -0.040292021 0.998203754
1548340587.429360 -0.131334260 -0.135058627 0.190015733 0.041337412 -0.011760183 -0.041087504 0.998230875
1548340587.462850 -0.131057814 -0.133746028 0.180616722 0.039286286 -0.014896290 -0.041780636 0.998243034
1548340587.496370 -0.129008770 -0.128811240 0.171231955 0.037203815 -0.016577644 -0.041236382 0.998318970
1548340587.529870 -0.130725846 -0.125551403 0.159699306 0.033820760 -0.019506842 -0.041213311 0.998387277
1548340587.563380 -0.126638263 -0.127063885 0.148340881 0.029346501 -0.021566952 -0.042344578 0.998439133
1548340587.596900 -0.125450209 -0.131142095 0.139046729 0.024777088 -0.021180661 -0.041206963 0.998618841
1548340587.630410 -0.135163814 -0.127305806 0.132690117 0.022362521 -0.019413026 -0.037888002 0.998843133
1548340587.663910 -0.137071356 -0.130918220 0.121375725 0.019811753 -0.021967584 -0.034286827 0.998974204
1548340587.697440 -0.134040013 -0.132993072 0.108057193 0.017721694 -0.024674561 -0.031342201 0.999046981
1548340587.730940 -0.129643634 -0.133938223 0.096818812 0.015519476 -0.026395656 -0.028205981 0.999133110
1548340587.764460 -0.130756348 -0.137018740 0.084760301 0.012914097 -0.025601452 -0.024871718 0.999279380
1548340587.797970 -0.142652899 -0.131847531 0.076714046 0.012000992 -0.025987156 -0.020161128 0.999386966
1548340587.831490 -0.134175569 -0.142575309 0.056925956 0.007757671 -0.030661689 -0.019952239 0.999300539
1548340587.865000 -0.141595185 -0.141009331 0.048666101 0.006204904 -0.030425744 -0.016736725 0.999377728
1548340587.898520 -0.148985863 -0.143055141 0.036816586 0.005005866 -0.034146313 -0.015131960 0.999289751
1548340587.932040 -0.151681185 -0.149744034 0.022796977 0.004090861 -0.038265202 -0.014860002 0.999148726
1548340587.965550 -0.142714083 -0.162275806 0.005235035 0.002815115 -0.040373001 -0.016438913 0.999045551
1548340587.999080 -0.151394218 -0.159505308 -0.008013492 0.005200546 -0.033725485 -0.012994862 0.999333203
1548340588.032600 -0.159598917 -0.159420341 -0.018919114 0.007942064 -0.030993393 -0.010595806 0.999431908
1548340588.066120 -0.157109857 -0.161833316 -0.034557600 0.009884633 -0.027643928 -0.010133223 0.999517679
1548340588.099630 -0.172156513 -0.158290938 -0.053579267 0.012915201 -0.020351423 -0.006471202 0.999688566
1548340588.133160 -0.180136025 -0.152830139 -0.068491973 0.016148271 -0.018858122 -0.005454324 0.999676883
1548340588.166680 -0.182544872 -0.155309528 -0.087454759 0.017185116 -0.015717171 -0.006159309 0.999709904
1548340588.200190 -0.183876485 -0.154410571 -0.103767551 0.018076785 -0.009105665 -0.005683179 0.999778986
1548340588.233710 -0.199367002 -0.145953849 -0.116629869 0.020469066 -0.001113507 -0.003030684 0.999785304
1548340588.267230 -0.206489012 -0.142476782 -0.127377689 0.021257788 0.004211826 -0.002534381 0.999761999
1548340588.300750 -0.219563797 -0.134335712 -0.142322525 0.023332397 0.010402335 0.000564937 0.999673545
1548340588.334270 -0.226036116 -0.132876739 -0.158126473 0.022908047 0.014496421 0.002562395 0.999629259
1548340588.367780 -0.241753891 -0.123649336 -0.165290326 0.023720201 0.019005699 0.005446557 0.999523163
1548340588.401300 -0.248135924 -0.117632464 -0.178971305 0.023272712 0.020193938 0.007319293 0.999498367
1548340588.434820 -0.249189854 -0.116842955 -0.190964639 0.021061394 0.021120384 0.006466581 0.999534130
1548340588.468330 -0.244544715 -0.120357655 -0.203734711 0.017914066 0.024503335 0.005796053 0.999522448
1548340588.501850 -0.258433878 -0.123296455 -0.205541313 0.017029587 0.031041555 0.004904880 0.999360979
1548340588.535360 -0.265646219 -0.123607434 -0.213811442 0.018245988 0.033966213 0.004373170 0.999246895
1548340588.568880 -0.261511892 -0.123231247 -0.229200438 0.019334810 0.035695203 0.003052866 0.999171019
1548340588.602400 -0.269894630 -0.116270065 -0.227687985 0.021234903 0.040220790 0.002795998 0.998961270
1548340588.635910 -0.273943394 -0.113722920 -0.235539883 0.022426348 0.041134518 0.002839999 0.998897910
1548340588.669430 -0.279472083 -0.110324144 -0.241657808 0.023908421 0.041544456 0.003158777 0.998845637
1548340588.702930 -0.275698274 -0.108084165 -0.256624937 0.024578741 0.039607376 0.002069614 0.998910904
1548340588.736460 -0.266953647 -0.105693080 -0.269867092 0.024760703 0.039215554 0.003523152 0.998917758
1548340588.769980 -0.274956733 -0.117391221 -0.275737256 0.023149274 0.044145737 0.007456990 0.998729050
1548340588.803470 -0.280657351 -0.114342660 -0.274786264 0.025068995 0.046979979 0.010402761 0.998527050
1548340588.836990 -0.277553707 -0.106718451 -0.278928161 0.028113285 0.047870941 0.011899015 0.998386919
1548340588.870440 -0.282623678 -0.105479456 -0.282003969 0.029905176 0.049536366 0.012834877 0.998242021
1548340588.903920 -0.282840431 -0.102638468 -0.287093431 0.031344503 0.049263973 0.013150831 0.998207271
1548340588.937410 -0.282839656 -0.097015969 -0.290710151 0.032343745 0.049033169 0.012504992 0.998194993
1548340588.970860 -0.285097033 -0.097651131 -0.290719420 0.032021224 0.049167600 0.012628059 0.998197258
1548340589.004380 -0.293516934 -0.093796685 -0.290123463 0.033054784 0.049571652 0.013756086 0.998128653
1548340589.037890 -0.292060107 -0.096255004 -0.289852202 0.032525536 0.046463117 0.013606451 0.998297691
1548340589.071410 -0.287335008 -0.092514090 -0.293386608 0.031993732 0.044376638 0.012009895 0.998430252
1548340589.104860 -0.286019772 -0.092663184 -0.291407168 0.029991990 0.043154377 0.011302426 0.998554170
1548340589.138380 -0.291811556 -0.093866333 -0.290101081 0.027835375 0.043863729 0.010982541 0.998589337
1548340589.171890 -0.297672808 -0.087413184 -0.276519835 0.027390840 0.042862616 0.012489881 0.998627365
1548340589.205410 -0.301443934 -0.093967937 -0.280389935 0.025565354 0.037506063 0.012913273 0.998885870
1548340589.238920 -0.281050265 -0.103110753 -0.288527846 0.024114531 0.033615630 0.011651606 0.999076009
1548340589.272440 -0.288927972 -0.093212381 -0.282587677 0.025986299 0.037982505 0.015516107 0.998820007
1548340589.305960 -0.298157692 -0.091403328 -0.278017938 0.026093390 0.036827497 0.016639715 0.998842359
1548340589.339470 -0.275028706 -0.098527074 -0.289153278 0.023959128 0.031703442 0.015414055 0.999091268
1548340589.372990 -0.283428878 -0.099831343 -0.287739545 0.023001963 0.036281843 0.016412146 0.998942018
1548340589.406510 -0.287824064 -0.098814167 -0.288564682 0.023857230 0.037967816 0.016969329 0.998850048
1548340589.440030 -0.280616254 -0.103817575 -0.294002950 0.024319654 0.038827896 0.016195055 0.998818696
1548340589.473550 -0.285666645 -0.105335124 -0.294983029 0.026864521 0.042880181 0.017336674 0.998568594
1548340589.507070 -0.289987773 -0.099974781 -0.301583290 0.030190444 0.044630699 0.017845912 0.998387754
1548340589.540630 -0.279759437 -0.103982016 -0.315013766 0.031748265 0.045039628 0.017336871 0.998330057
1548340589.574170 -0.264398336 -0.102887958 -0.331219971 0.034102671 0.054166984 0.020640457 0.997735918
1548340589.607690 -0.276936173 -0.094443895 -0.320778012 0.036055628 0.063047275 0.024707576 0.997052968
1548340589.641180 -0.272153169 -0.084371038 -0.332289875 0.036123805 0.067664206 0.026849970 0.996692359
1548340589.674650 -0.276168853 -0.086547375 -0.333761096 0.035002127 0.074532203 0.028224243 0.996204436
1548340589.708150 -0.285198420 -0.082434632 -0.330011904 0.035659201 0.081686124 0.029827164 0.995573342
1548340589.741680 -0.283985466 -0.077255972 -0.337755382 0.036046796 0.083299182 0.030833906 0.995395005
1548340589.775240 -0.278706521 -0.072461486 -0.342303395 0.035306565 0.083927065 0.030315630 0.995384693
1548340589.808750 -0.287589043 -0.067636579 -0.341488183 0.034663122 0.085502960 0.030825220 0.995257556
1548340589.842690 -0.280364037 -0.070371330 -0.346353143 0.032286629 0.083633482 0.029660944 0.995531678
1548340589.875780 -0.281483382 -0.073823236 -0.348389208 0.031011116 0.083445817 0.029690923 0.995587051
1548340589.909110 -0.289618045 -0.075214490 -0.344845355 0.031165699 0.084242970 0.030755756 0.995482743
1548340589.942630 -0.286167949 -0.072611272 -0.350216806 0.032193683 0.081807777 0.033276692 0.995572090
1548340589.976220 -0.275552154 -0.066315435 -0.360987872 0.032924403 0.079430766 0.035974536 0.995646834
1548340590.009850 -0.279167175 -0.063322030 -0.360424399 0.031835906 0.079414219 0.039118223 0.995564997
1548340590.043360 -0.278016448 -0.063059114 -0.364932597 0.028992221 0.077018566 0.040102065 0.995800912
1548340590.076880 -0.278216898 -0.061643660 -0.366906881 0.026695330 0.074232139 0.041261744 0.996029317
1548340590.110580 -0.281884760 -0.060416825 -0.372628748 0.024355883 0.071125612 0.041750539 0.996295571
1548340590.144100 -0.277875632 -0.058249924 -0.377570301 0.022532156 0.067304455 0.041673288 0.996607125
1548340590.177610 -0.291316390 -0.065097332 -0.377599329 0.020434292 0.066764794 0.042859726 0.996638298
1548340590.211130 -0.288491458 -0.060154576 -0.384590387 0.019913685 0.062899962 0.043102566 0.996889830
1548340590.244650 -0.275332898 -0.054252338 -0.393889725 0.019250400 0.059655722 0.043165307 0.997099519
1548340590.277920 -0.280556053 -0.055014897 -0.396864295 0.017862629 0.061036479 0.043336909 0.997034311
1548340590.311410 -0.276389271 -0.059042398 -0.407667428 0.017024005 0.061033741 0.044261344 0.997008562
1548340590.344910 -0.277059585 -0.053304546 -0.414431930 0.017896634 0.062924057 0.043394793 0.996913850
1548340590.378420 -0.279479802 -0.052645430 -0.424607247 0.017338458 0.065920770 0.039896205 0.996876240
1548340590.411940 -0.278726578 -0.055274032 -0.432224363 0.017631907 0.069492541 0.038599711 0.996679485
1548340590.445470 -0.296550453 -0.053174369 -0.433545858 0.018779263 0.075007066 0.034720015 0.996401429
1548340590.478990 -0.307121515 -0.046854381 -0.438911647 0.021518845 0.077542752 0.031858485 0.996247530
1548340590.512490 -0.316841215 -0.038808122 -0.447935611 0.023254555 0.079127416 0.029784802 0.996148050
1548340590.546000 -0.328056902 -0.034865834 -0.457408339 0.023444731 0.079429694 0.026856393 0.996202767
1548340590.579510 -0.337833166 -0.034329157 -0.463271111 0.023776717 0.080709584 0.024605315 0.996150196
1548340590.613030 -0.347294778 -0.030061360 -0.471780866 0.025154019 0.081011154 0.022234643 0.996147633
1548340590.646540 -0.351814300 -0.030166389 -0.482148468 0.025969209 0.079974771 0.017512338 0.996304750
1548340590.680060 -0.352349460 -0.034159120 -0.500065744 0.026949525 0.081292391 0.011713864 0.996257067
1548340590.713580 -0.375911534 -0.023944270 -0.502511203 0.032539595 0.086584359 0.009967226 0.995663106
1548340590.747100 -0.380313486 -0.020269196 -0.510966182 0.036355671 0.085896291 0.007454376 0.995612681
1548340590.780620 -0.365157545 -0.019236719 -0.539171934 0.038030595 0.084528692 0.003706465 0.995688200
1548340590.814140 -0.384429932 -0.009296764 -0.538689017 0.041212745 0.091887951 0.003405575 0.994910300
1548340590.847660 -0.395825624 -0.001103594 -0.542048872 0.042899851 0.093438812 0.003457648 0.994694352
1548340590.881180 -0.384910673 -0.005075487 -0.563760817 0.041659761 0.092452265 0.001469660 0.994844198
1548340590.914690 -0.402856231 -0.001874612 -0.561338961 0.041361157 0.096909992 0.003522241 0.994427145
1548340590.948210 -0.416222245 0.007228171 -0.551349819 0.041917406 0.096439235 0.006242362 0.994436324
1548340590.981720 -0.414939225 0.009320309 -0.566683233 0.040162768 0.089704007 0.005610943 0.995142579
1548340591.015630 -0.410800517 0.009591501 -0.573544919 0.037784800 0.086693935 0.006359294 0.995497882
1548340591.049150 -0.419573486 0.014876303 -0.568356931 0.036504474 0.084540457 0.009330496 0.995707452
1548340591.082670 -0.414908707 0.011240121 -0.577667236 0.033171304 0.077144116 0.010486881 0.996412814
1548340591.116180 -0.414629310 0.007876989 -0.575779259 0.030771151 0.072500519 0.012981351 0.996809065
1548340591.149700 -0.413272291 -0.000345286 -0.579962909 0.029374985 0.067507617 0.012752682 0.997204721
1548340591.182770 -0.410179317 0.001563426 -0.586295426 0.030298898 0.065485947 0.014895021 0.997282147
1548340591.216290 -0.422767073 0.009116244 -0.581113040 0.031911775 0.062338971 0.018283054 0.997377217
1548340591.249810 -0.419468552 0.003219767 -0.589390576 0.032221936 0.054855004 0.016213626 0.997842610
1548340591.283320 -0.421430081 0.006875662 -0.595355690 0.034239456 0.050387073 0.016082691 0.998013139
1548340591.316840 -0.417544544 0.006698896 -0.605771959 0.035390161 0.043689463 0.016367206 0.998284042
1548340591.350380 -0.415194780 0.002402056 -0.614808023 0.034834865 0.041151587 0.015374407 0.998427153
1548340591.384170 -0.416517049 0.005393312 -0.623799443 0.036130864 0.038940419 0.014808750 0.998478293
1548340591.417740 -0.417987674 0.010677637 -0.629085481 0.036033191 0.036441881 0.014651723 0.998578489
1548340591.484770 -0.435396969 0.009828737 -0.638043284 0.035768781 0.027743671 0.012757029 0.998893499
1548340591.518290 -0.431173384 0.002011077 -0.655338347 0.035569586 0.021618057 0.011270826 0.999069810
1548340591.551810 -0.436092317 0.001499142 -0.662243545 0.037148021 0.018463882 0.011466314 0.999073446
1548340591.585320 -0.447761208 0.007640435 -0.664974809 0.040635370 0.014379092 0.011338412 0.999006212
1548340591.618860 -0.441724122 0.001269799 -0.688083827 0.041530240 0.006530015 0.005587659 0.999100327
1548340591.652410 -0.432236195 -0.005698767 -0.708121300 0.042352702 0.004484524 0.005122346 0.999079585
1548340591.685930 -0.449576169 -0.000313114 -0.708086133 0.046937611 0.007124447 0.008426632 0.998836875
1548340591.719450 -0.448826283 -0.000993770 -0.726198077 0.050697874 0.004133357 0.009799983 0.998657405
1548340591.752920 -0.445020199 0.002416560 -0.743800640 0.054100838 0.003377619 0.013407603 0.998439789
1548340591.786480 -0.441548616 0.001739931 -0.760058641 0.055465568 0.001704835 0.016582197 0.998321474
1548340591.819990 -0.429255605 0.004228632 -0.778930426 0.056238540 0.001356519 0.017362993 0.998265505
1548340591.853510 -0.441194028 0.002637495 -0.783127010 0.057399303 0.004894255 0.020914840 0.998120248
1548340591.887040 -0.441198736 0.008498373 -0.801262081 0.058827069 0.002741740 0.022605831 0.998008430
1548340591.920700 -0.423322469 0.017395208 -0.816177487 0.059353624 0.000657616 0.023276420 0.997965455
1548340591.954240 -0.424442083 0.020348009 -0.828483105 0.058285173 0.002567461 0.024624739 0.997992933
1548340591.987790 -0.428223342 0.032041762 -0.830946445 0.057516981 0.004744883 0.026080953 0.997992575
1548340592.021300 -0.421186775 0.032764923 -0.839639485 0.054183055 0.005849351 0.027629307 0.998131633
1548340592.054820 -0.423866421 0.021052143 -0.845593214 0.049453363 0.010681344 0.028482925 0.998313069
1548340592.088330 -0.422554761 0.027231954 -0.848349869 0.048290666 0.014623570 0.031429198 0.998231649
1548340592.121820 -0.422458261 0.034983423 -0.844128907 0.047691260 0.018233093 0.033565827 0.998131514
1548340592.155320 -0.412734330 0.025039775 -0.856812656 0.044549447 0.021534717 0.034143779 0.998191297
1548340592.188840 -0.427888691 0.026693489 -0.851779878 0.043848623 0.029212145 0.037788022 0.997895837
1548340592.222350 -0.428237885 0.029189825 -0.853857398 0.044698693 0.029732063 0.040181112 0.997749269
1548340592.255870 -0.424592942 0.031400148 -0.861549616 0.044223323 0.029411996 0.040329896 0.997773945
1548340592.289390 -0.432085276 0.030059433 -0.867483675 0.043435115 0.028761631 0.042290434 0.997746348
1548340592.322900 -0.414995730 0.031752393 -0.883593380 0.041551437 0.024902049 0.041282855 0.997972488
1548340592.356420 -0.415960848 0.032891754 -0.888232410 0.039797999 0.025319824 0.042560656 0.997979820
1548340592.389880 -0.424379021 0.041226543 -0.889380753 0.039703336 0.023438415 0.045072008 0.997919202
1548340592.423350 -0.414750159 0.041177113 -0.901602626 0.038011953 0.015948422 0.044640798 0.998152316
1548340592.456870 -0.392430305 0.045323301 -0.916513205 0.035561178 0.010453674 0.044760082 0.998309910
1548340592.490390 -0.401593804 0.037894037 -0.926900566 0.031593334 0.010873679 0.044381537 0.998455763
1548340592.523850 -0.403919190 0.048449837 -0.926704109 0.031275440 0.006931117 0.045167696 0.998465717
1548340592.556910 -0.385459453 0.047370791 -0.938245535 0.028569801 0.000258350 0.042771865 0.998676300
1548340592.590420 -0.379794210 0.045599546 -0.949509799 0.026140127 -0.002562822 0.042028524 0.998771131
1548340592.623940 -0.378287196 0.053143930 -0.960530281 0.024580428 -0.006670263 0.039495800 0.998895168
1548340592.657740 -0.362292707 0.050825875 -0.978273749 0.020983716 -0.011803580 0.036334857 0.999049664
1548340592.691380 -0.345495999 0.053445436 -0.990461230 0.017034285 -0.012275768 0.033582654 0.999215424
1548340592.724900 -0.359267294 0.060517851 -0.987919807 0.014896172 -0.010400672 0.033989098 0.999257088
1548340592.758410 -0.335149705 0.060878575 -1.005197883 0.011786826 -0.015451316 0.032776650 0.999273777
1548340592.791930 -0.335991025 0.051532891 -1.019138336 0.007707777 -0.012875158 0.031578813 0.999388635
1548340592.825440 -0.353302926 0.052054178 -1.012909651 0.007194149 -0.011270591 0.032792885 0.999372721
1548340592.858920 -0.335455745 0.042744283 -1.032170892 0.005606572 -0.016066099 0.029586012 0.999417424
1548340592.892430 -0.324734122 0.040903643 -1.048620224 0.005130057 -0.013250392 0.029503183 0.999463677
1548340592.925950 -0.340435654 0.050456401 -1.045039892 0.007781008 -0.010279619 0.033762116 0.999346733
1548340592.959470 -0.333095908 0.045973074 -1.060544968 0.009190762 -0.014403584 0.034321114 0.999264777
1548340592.992980 -0.316954583 0.040000293 -1.082880259 0.009504671 -0.017081320 0.035986565 0.999161065
1548340593.026540 -0.318804681 0.051057380 -1.088036299 0.011434468 -0.016021252 0.036599167 0.999136150
1548340593.060060 -0.322873622 0.042787790 -1.100753188 0.011581078 -0.016304910 0.038590904 0.999054968
1548340593.093590 -0.304383337 0.051245946 -1.120861769 0.013569356 -0.018455634 0.037468329 0.999035299
1548340593.127110 -0.287756830 0.049633134 -1.146930933 0.013021277 -0.014398340 0.037750814 0.999098599
1548340593.160630 -0.307387888 0.063572221 -1.140809417 0.014007051 -0.006021622 0.041839432 0.999008000
1548340593.194150 -0.321908861 0.055528045 -1.149458289 0.012860580 -0.005080270 0.042794958 0.998988211
1548340593.227670 -0.324007869 0.069362849 -1.160602093 0.014337569 -0.007027702 0.041756995 0.999000192
1548340593.261180 -0.307334691 0.075288042 -1.174163938 0.014252773 -0.011117980 0.043805830 0.998876572
1548340593.294700 -0.310221165 0.080907501 -1.184405804 0.013718186 -0.011105936 0.043475695 0.998898566
1548340593.328100 -0.314603090 0.080932789 -1.198042512 0.012846211 -0.012308110 0.043964688 0.998874664
1548340593.361610 -0.282461345 0.094463892 -1.218576789 0.013050801 -0.015288640 0.043506123 0.998850942
1548340593.395130 -0.285690337 0.083099283 -1.245448232 0.009602984 -0.008649832 0.043421123 0.998973250
1548340593.428760 -0.273563325 0.081597529 -1.273539066 0.007063003 -0.002040551 0.043612171 0.999021530
1548340593.462080 -0.277043432 0.097554654 -1.280312657 0.006545679 0.010303123 0.048563860 0.998745501
1548340593.495580 -0.305246919 0.106867015 -1.275009871 0.005260262 0.021209810 0.050036993 0.998508334
1548340593.529060 -0.302978992 0.108111918 -1.293019891 0.003542046 0.024183363 0.050279628 0.998436153
1548340593.562570 -0.274906576 0.109681658 -1.314702630 0.001379321 0.027495552 0.049192164 0.998409867
1548340593.596050 -0.291139603 0.114353970 -1.315664291 0.000155218 0.039509840 0.050970420 0.997918308
1548340593.629530 -0.301453054 0.116587058 -1.321211219 0.000091744 0.046406984 0.052308887 0.997552097
1548340593.662990 -0.286190987 0.119704984 -1.350197554 0.000084010 0.049698617 0.053660873 0.997321725
1548340593.696500 -0.294192076 0.128862128 -1.355666280 0.000351334 0.057197060 0.057231411 0.996721089
1548340593.730020 -0.318578601 0.129973188 -1.354865789 0.001387743 0.061101206 0.060710244 0.996282578
1548340593.763530 -0.282115161 0.131875321 -1.378681183 0.003248555 0.055505484 0.060360659 0.996626914
1548340593.797110 -0.271960944 0.136131585 -1.410236001 0.004288017 0.061175179 0.059998572 0.996312916
1548340593.830760 -0.299400926 0.141920865 -1.406151772 0.005935854 0.071489096 0.062902689 0.995438278
1548340593.864410 -0.338465810 0.141441867 -1.403535485 0.009407604 0.072858803 0.064492956 0.995210409
1548340593.897970 -0.311723113 0.147537962 -1.433128715 0.014057255 0.062866226 0.062828846 0.995943189
1548340593.931440 -0.295263290 0.152375624 -1.456980467 0.016682988 0.059608329 0.064754382 0.995979607
1548340593.964950 -0.309883535 0.150374845 -1.472822428 0.018276477 0.057956036 0.065967664 0.995969534
1548340593.998470 -0.295032859 0.171331480 -1.491775751 0.021020154 0.051237818 0.064512260 0.996378958
1548340594.031990 -0.281223863 0.188494891 -1.506375074 0.020572742 0.049049214 0.062860064 0.996604025
1548340594.065210 -0.282045186 0.199812472 -1.517549038 0.017831931 0.049401954 0.062279258 0.996675849
1548340594.098730 -0.287797898 0.208947808 -1.527855754 0.013858748 0.048391894 0.059924897 0.996932924
1548340594.132250 -0.276632279 0.211753398 -1.538408995 0.007968936 0.045855347 0.056614779 0.997310698
1548340594.165780 -0.273326725 0.209159374 -1.555434942 0.002102920 0.046456221 0.055726945 0.997362494
1548340594.199300 -0.276084334 0.214921594 -1.562293649 -0.001952559 0.046673130 0.054349612 0.997428656
1548340594.232790 -0.277016193 0.201379403 -1.573776960 -0.006838199 0.047336943 0.054595828 0.997362435
1548340594.266300 -0.278503537 0.196947992 -1.584705353 -0.008040638 0.047594573 0.055608660 0.997285247
1548340594.299800 -0.282662898 0.197009891 -1.596339703 -0.007414245 0.047060680 0.056036688 0.997291446
1548340594.333250 -0.280938566 0.195880547 -1.613790512 -0.006129068 0.046210937 0.055232726 0.997384727
1548340594.366770 -0.275056869 0.200128347 -1.630040765 -0.003081769 0.046243016 0.056072075 0.997350514
1548340594.400290 -0.274310380 0.203232080 -1.650297046 -0.000380346 0.047171075 0.055902109 0.997321308
1548340594.433800 -0.281907111 0.203027338 -1.668343186 0.002136394 0.049887437 0.057581451 0.997091293
1548340594.467380 -0.307365030 0.209571138 -1.679367900 0.005809332 0.051301818 0.058369335 0.996959090
1548340594.500840 -0.297081441 0.219009995 -1.695200086 0.009226120 0.046349782 0.058477368 0.997169554
1548340594.534360 -0.278709531 0.230759501 -1.720517874 0.011347324 0.044878714 0.058592517 0.997208118
1548340594.567940 -0.296126664 0.238047853 -1.727061510 0.012350850 0.049086560 0.060915340 0.996858716
1548340594.601490 -0.307272196 0.252769083 -1.735591650 0.013848571 0.048304405 0.060971800 0.996873796
1548340594.635000 -0.295095712 0.267123938 -1.759846687 0.013294294 0.045454632 0.060218465 0.997061133
1548340594.668520 -0.303350091 0.276942700 -1.774135947 0.010804428 0.048606448 0.061118085 0.996887803
1548340594.702030 -0.316412538 0.285464704 -1.783666849 0.008202480 0.049811631 0.062461622 0.996769845
1548340594.735560 -0.318320006 0.290046543 -1.802210569 0.004902365 0.050034553 0.061986655 0.996810019
1548340594.769090 -0.323638350 0.304837346 -1.806823254 0.002776087 0.052045148 0.064053476 0.996584535
1548340594.802830 -0.338079244 0.316158086 -1.810145020 0.000411511 0.053771526 0.064527355 0.996466100
1548340594.836350 -0.329701692 0.320213228 -1.826010227 -0.002300189 0.052833341 0.066563867 0.996379793
1548340594.869860 -0.353241712 0.315484434 -1.833029151 -0.005773985 0.056595214 0.065832265 0.996207714
1548340594.903380 -0.362450927 0.312333226 -1.844904542 -0.006993542 0.055962779 0.066179499 0.996212602
1548340594.936900 -0.359313935 0.318569869 -1.862646222 -0.006930635 0.053932622 0.064602874 0.996428549
1548340594.970410 -0.359686285 0.323235989 -1.879395247 -0.007015890 0.054750938 0.063291259 0.996467471
1548340595.003920 -0.373176962 0.317764997 -1.892438412 -0.007488177 0.056258056 0.062983766 0.996399581
1548340595.037440 -0.375321656 0.323820204 -1.905461431 -0.006415972 0.055520635 0.060000010 0.996632576
1548340595.070610 -0.376551181 0.323143631 -1.926614285 -0.005506644 0.056266736 0.058617361 0.996678352
1548340595.104120 -0.391017169 0.312391728 -1.943045497 -0.004435604 0.057381183 0.058394570 0.996633232
1548340595.137550 -0.390745282 0.317590296 -1.960851908 -0.000260628 0.054916084 0.056475658 0.996892512
1548340595.171040 -0.395768851 0.326759577 -1.980534911 0.004197790 0.054104794 0.053297512 0.997103035
1548340595.204560 -0.401672363 0.330049574 -1.996712804 0.007714674 0.053980980 0.051654644 0.997175157
1548340595.238070 -0.415237844 0.334916919 -2.013652086 0.011201413 0.052766994 0.049591284 0.997311890
1548340595.271530 -0.406727850 0.349182248 -2.037322760 0.014904746 0.048301790 0.046432987 0.997641623
1548340595.305010 -0.405732960 0.360060722 -2.054432869 0.017304817 0.047489900 0.044410978 0.997733951
1548340595.338530 -0.418359518 0.368585378 -2.065215349 0.019044776 0.047105413 0.042844310 0.997788966
1548340595.372080 -0.407727689 0.385473937 -2.092797041 0.020619584 0.042125765 0.041275479 0.998046398
1548340595.405650 -0.395146042 0.402101398 -2.107248783 0.019712340 0.041005198 0.039456584 0.998184979
1548340595.439170 -0.396420628 0.404494286 -2.123518705 0.016207995 0.042043503 0.040798005 0.998150885
1548340595.472690 -0.405024022 0.413038164 -2.132000446 0.012911201 0.042692672 0.038823113 0.998250246
1548340595.506140 -0.395915776 0.413580686 -2.150238037 0.008782272 0.041076176 0.038240265 0.998385429
1548340595.539630 -0.394667774 0.415446848 -2.164170980 0.004543630 0.042757288 0.037794400 0.998360038
1548340595.573140 -0.413384765 0.413117230 -2.166243792 0.001384903 0.045103177 0.039162286 0.998213470
1548340595.606660 -0.414551556 0.404993296 -2.176960945 -0.000944718 0.042511180 0.039685432 0.998307109
1548340595.640080 -0.415591925 0.403152615 -2.192372084 -0.001077677 0.040695969 0.039987188 0.998370528
1548340595.673640 -0.429485589 0.401086479 -2.204327345 -0.000037030 0.039313398 0.039466340 0.998447239
1548340595.707080 -0.422682256 0.402123809 -2.217296839 0.001945356 0.035304036 0.039137077 0.998608112
1548340595.740590 -0.419770241 0.408751428 -2.237457037 0.005264219 0.033879247 0.039707188 0.998622954
1548340595.774110 -0.415778428 0.413308501 -2.259357452 0.007201954 0.033347826 0.040128976 0.998611927
1548340595.807710 -0.436808348 0.414991617 -2.267022848 0.008554231 0.034910113 0.041908216 0.998474777
1548340595.841220 -0.445898443 0.422268450 -2.280417442 0.010258923 0.030665560 0.042138051 0.998588443
1548340595.874660 -0.454544634 0.427022487 -2.286478996 0.011499418 0.027273543 0.041436203 0.998702705
1548340595.908170 -0.452035427 0.433731347 -2.304672718 0.013158840 0.021376785 0.040395368 0.998868406
1548340595.941680 -0.461766660 0.439978719 -2.316035032 0.014804504 0.018622465 0.039053757 0.998953879
1548340595.975200 -0.455679595 0.456214041 -2.335021973 0.016544923 0.013607935 0.038059741 0.999045849
1548340596.008720 -0.458974779 0.460905552 -2.350088835 0.015586240 0.012268468 0.037131283 0.999113560
1548340596.042230 -0.473357677 0.473947674 -2.356720209 0.015566548 0.011264343 0.036462687 0.999150276
1548340596.075750 -0.472763747 0.482411206 -2.371249676 0.014028343 0.008452754 0.034235332 0.999279559
1548340596.109260 -0.469140708 0.492768466 -2.386898994 0.011308241 0.009002619 0.033606227 0.999330640
1548340596.142870 -0.495674759 0.498453349 -2.386763334 0.008042711 0.013266484 0.032793771 0.999341786
1548340596.176390 -0.506893992 0.500954747 -2.397655964 0.004583389 0.012167268 0.030852824 0.999439418
1548340596.210240 -0.506922543 0.500416219 -2.406876326 0.001609199 0.010250858 0.029268675 0.999517739
1548340596.243750 -0.507175803 0.501538217 -2.416975021 -0.000141352 0.010470663 0.026939658 0.999582231
1548340596.277090 -0.516598344 0.504808664 -2.429311752 -0.001398596 0.012041670 0.025600802 0.999598742
1548340596.310610 -0.511873662 0.506473780 -2.441694975 -0.002858406 0.012311295 0.025326638 0.999599397
1548340596.344120 -0.502697766 0.509661436 -2.452976227 -0.004208792 0.014435386 0.026309676 0.999540806
1548340596.377820 -0.515908718 0.513543367 -2.463366747 -0.005349629 0.020270191 0.028912513 0.999362171
1548340596.411930 -0.537706971 0.512985826 -2.464210749 -0.005602346 0.023742201 0.030948235 0.999223292
1548340596.445470 -0.526888192 0.513104916 -2.478232622 -0.005204745 0.022077788 0.031881712 0.999234259
1548340596.478980 -0.535692513 0.512996674 -2.486186743 -0.004896915 0.023065705 0.031547762 0.999224067
1548340596.512500 -0.542448044 0.517094076 -2.496273756 -0.003381006 0.021773437 0.030351344 0.999296427
1548340596.546010 -0.551619053 0.516265690 -2.513176680 -0.002409481 0.020971110 0.027675590 0.999394059
1548340596.613030 -0.549965739 0.521526515 -2.541949511 0.001264850 0.018448312 0.023659060 0.999549091
1548340596.646500 -0.557486832 0.529968441 -2.554110527 0.003931665 0.019033277 0.024027659 0.999522388
1548340596.679880 -0.563314199 0.539926469 -2.564368486 0.006011912 0.016692292 0.024690980 0.999537647
1548340596.713370 -0.549035788 0.535633147 -2.578136683 0.005871128 0.012452472 0.025423551 0.999581993
1548340596.746880 -0.544654131 0.541139841 -2.599768639 0.007286205 0.010791712 0.025089663 0.999600410
1548340596.780400 -0.531327665 0.549813330 -2.619024038 0.008152746 0.010324577 0.027467526 0.999536157
1548340596.846680 -0.529317319 0.560493648 -2.641708136 0.006311825 0.012701832 0.031987678 0.999387622
1548340596.880200 -0.514300346 0.565354288 -2.658278942 0.004807051 0.012263425 0.033098910 0.999365330
1548340596.913720 -0.500459194 0.570823371 -2.674334049 0.002282736 0.015268468 0.035556946 0.999248505
1548340596.947230 -0.507705748 0.571513474 -2.681106806 -0.000423382 0.020370068 0.038158506 0.999063969
1548340596.980750 -0.503346682 0.570086658 -2.692612886 -0.002907829 0.022198986 0.040790416 0.998916924
1548340597.014260 -0.505635679 0.570164800 -2.702224493 -0.004564980 0.024721453 0.042631727 0.998774529
1548340597.047780 -0.508044302 0.565279126 -2.709554911 -0.005751633 0.026555322 0.043272488 0.998693824
1548340597.081360 -0.500500858 0.562239349 -2.724023819 -0.005588748 0.027951643 0.042870317 0.998673916
1548340597.115240 -0.503840148 0.555398524 -2.739269972 -0.004394229 0.032138787 0.042702366 0.998561144
1548340597.148800 -0.504022062 0.545622766 -2.749798775 -0.002021186 0.034949951 0.043375831 0.998445332
1548340597.182320 -0.504106045 0.545046329 -2.766319036 0.003098546 0.037924286 0.042550452 0.998369455
1548340597.215830 -0.498547226 0.541211247 -2.786006689 0.007611072 0.040993921 0.042959541 0.998206437
1548340597.249370 -0.513187289 0.543450177 -2.802183867 0.013094030 0.045380313 0.043062877 0.997955322
1548340597.282930 -0.523041844 0.546130121 -2.815447092 0.018442998 0.046984773 0.042595129 0.997816622
1548340597.316440 -0.526749611 0.550752342 -2.831255913 0.023125907 0.047187127 0.042927459 0.997695267
1548340597.349960 -0.521319747 0.554946542 -2.849741459 0.027153105 0.046679460 0.043080792 0.997611046
1548340597.383470 -0.533068120 0.562645078 -2.863870144 0.030892989 0.048596069 0.043637972 0.997386515
1548340597.416990 -0.539171875 0.571780860 -2.877421618 0.033709101 0.047506809 0.044871099 0.997293055
1548340597.450530 -0.534866512 0.578591645 -2.893155575 0.035198864 0.045475196 0.045160450 0.997323215
1548340597.484020 -0.534537077 0.588033974 -2.904629230 0.035601549 0.045281671 0.045588978 0.997298300
1548340597.517540 -0.546279311 0.599020839 -2.916363955 0.035159744 0.045482345 0.045989767 0.997286439
1548340597.551020 -0.567646205 0.597589433 -2.920515537 0.032957662 0.045198984 0.045587454 0.997392952
1548340597.584480 -0.553048074 0.604942203 -2.940276623 0.032015774 0.039642867 0.045342706 0.997671068
1548340597.618000 -0.545274556 0.609879851 -2.949463129 0.029382601 0.039916281 0.044899508 0.997761250
1548340597.651510 -0.553976297 0.619385302 -2.956123590 0.026675433 0.041388057 0.044475120 0.997796297
1548340597.685030 -0.556561768 0.620987058 -2.963777542 0.022399556 0.042137057 0.043103948 0.997930288
1548340597.718600 -0.559629023 0.621261954 -2.969144821 0.017662169 0.043104529 0.040757257 0.998082638
1548340597.752120 -0.563663006 0.620884359 -2.976419449 0.013303995 0.044736542 0.039377466 0.998133838
1548340597.785640 -0.558592975 0.617977798 -2.982770681 0.009224987 0.046793696 0.037738103 0.998148859
1548340597.819250 -0.568835378 0.616987467 -2.986890078 0.006514899 0.050840609 0.037784677 0.997970521
1548340597.852810 -0.573100865 0.618980587 -2.991462708 0.005265080 0.052896377 0.038376246 0.997848451
1548340597.886330 -0.587650895 0.609541237 -2.995807648 0.004108331 0.054555234 0.038314737 0.997766972
1548340597.919840 -0.594255388 0.604256332 -3.002103329 0.005199517 0.053344600 0.037584364 0.997855067
1548340597.953220 -0.594361961 0.603289247 -3.009357452 0.007814704 0.051308423 0.036891796 0.997970641
1548340597.986730 -0.588419378 0.608088136 -3.021436214 0.011425841 0.049337301 0.036452267 0.998051345
1548340598.020220 -0.592203617 0.613905370 -3.032907248 0.014673254 0.047986541 0.035611100 0.998105168
1548340598.053730 -0.573732853 0.621524394 -3.047788620 0.017101590 0.045223605 0.034853909 0.998222232
1548340598.087410 -0.564856589 0.626735687 -3.061398983 0.018307637 0.045818314 0.033221696 0.998229325
1548340598.120920 -0.568379402 0.635756373 -3.068233252 0.019368000 0.049205124 0.032482330 0.998072505
1548340598.154280 -0.575992703 0.635727048 -3.071552992 0.019297112 0.051259298 0.031658135 0.997996986
1548340598.187800 -0.570506096 0.636026800 -3.081625700 0.019691532 0.050763216 0.029651940 0.998076260
1548340598.221310 -0.559576929 0.642489791 -3.090891600 0.020768629 0.050940745 0.026975052 0.998121262
1548340598.254790 -0.561875045 0.646855235 -3.098405600 0.021153681 0.052878924 0.024853902 0.998067439
1548340598.288300 -0.549732089 0.655775368 -3.108061552 0.021025432 0.054222565 0.023469344 0.998031676
1548340598.321730 -0.544156492 0.664741158 -3.113842249 0.019827144 0.056735247 0.022790048 0.997932196
1548340598.355250 -0.545378566 0.665086031 -3.118663549 0.017341793 0.060123514 0.022417113 0.997788489
1548340598.388780 -0.553127944 0.665709019 -3.118073463 0.015368431 0.062560707 0.022541683 0.997668207
1548340598.422350 -0.551688910 0.666508555 -3.120468616 0.013759058 0.062141418 0.023047078 0.997706354
1548340598.455870 -0.547680140 0.665738940 -3.124034405 0.012386255 0.061462294 0.023074370 0.997765779
1548340598.489330 -0.549737215 0.668174505 -3.127748251 0.011606216 0.060637288 0.022733120 0.997833490
1548340598.522830 -0.548503637 0.670902669 -3.131945848 0.010719299 0.059088606 0.021808058 0.997956991
1548340598.556360 -0.547169745 0.671763599 -3.132447243 0.009913581 0.057331938 0.020655636 0.998092234
1548340598.589880 -0.546197176 0.672821105 -3.135730028 0.009786902 0.055526502 0.019617815 0.998216510
1548340598.623430 -0.542847753 0.677842259 -3.141265869 0.009990278 0.053091250 0.019137988 0.998356283
1548340598.656960 -0.537327468 0.678546667 -3.141215801 0.009582900 0.050986037 0.019335302 0.998466253
1548340598.690480 -0.533764303 0.683895409 -3.147420883 0.009815447 0.049362905 0.019836737 0.998535693
1548340598.723980 -0.535119653 0.681412220 -3.150095701 0.009086224 0.048402905 0.020121850 0.998583913
1548340598.757500 -0.531451464 0.681837022 -3.149863482 0.008760208 0.047045175 0.021363750 0.998625875
1548340598.790990 -0.519375205 0.687921464 -3.152299166 0.008918944 0.045552950 0.022108233 0.998677433
1548340598.824510 -0.515155196 0.686945975 -3.153074265 0.008023060 0.046191901 0.022949342 0.998636723
1548340598.858000 -0.520562530 0.681820035 -3.151416540 0.006937043 0.048047569 0.023662217 0.998540640
1548340598.891540 -0.529550850 0.679561794 -3.144535303 0.007079125 0.048508100 0.024443673 0.998498559
1548340598.925030 -0.521536291 0.678210258 -3.148416758 0.007840407 0.046559338 0.025132537 0.998568594
1548340598.958570 -0.516044080 0.679989457 -3.147476912 0.009209572 0.047011063 0.026271768 0.998506367
1548340598.992090 -0.519316435 0.681691051 -3.146303654 0.010118205 0.047602288 0.027554343 0.998435020
1548340599.025610 -0.517748594 0.684319735 -3.144374609 0.010605030 0.047394950 0.028577572 0.998411059
1548340599.059090 -0.515908360 0.678360164 -3.142107725 0.009927707 0.047144432 0.029648853 0.998398662
1548340599.092590 -0.516592860 0.675272524 -3.137310266 0.010229983 0.047272358 0.030039364 0.998377919
1548340599.126100 -0.522447765 0.674698293 -3.132476091 0.011266365 0.047720060 0.030035410 0.998345494
1548340599.159620 -0.518177271 0.671688139 -3.131830454 0.012043022 0.047539644 0.030428758 0.998333156
1548340599.193130 -0.513808966 0.669209659 -3.128625870 0.013013809 0.049610052 0.029857963 0.998237491
1548340599.226650 -0.535856128 0.667949677 -3.116971970 0.014639777 0.052674524 0.030093294 0.998050869
1548340599.260170 -0.526911974 0.672251940 -3.115477324 0.016654801 0.049957391 0.029998740 0.998161793
1548340599.293700 -0.519450963 0.676071465 -3.115304470 0.017560108 0.050636455 0.029041305 0.998140395
1548340599.327220 -0.528511882 0.676582634 -3.105407238 0.018067567 0.053284682 0.028655991 0.998004556
1548340599.360720 -0.529039502 0.679022670 -3.099011898 0.018209178 0.054012317 0.028086049 0.997979105
1548340599.394230 -0.528138459 0.679550231 -3.092615128 0.017486211 0.055311028 0.027384011 0.997940421
1548340599.427750 -0.520162702 0.681063414 -3.088770151 0.016669556 0.057061717 0.027180674 0.997861385
1548340599.461260 -0.530706406 0.677226007 -3.078243732 0.015741909 0.061416056 0.027265549 0.997615576
1548340599.494780 -0.530421019 0.674648285 -3.071371317 0.015821844 0.063594989 0.027235474 0.997478664
1548340599.528330 -0.527981400 0.672749639 -3.067277908 0.015991794 0.066225454 0.027661888 0.997292995
1548340599.561860 -0.533201158 0.671940148 -3.059321404 0.016563362 0.069790311 0.027193738 0.997053385
1548340599.595420 -0.540219784 0.672115445 -3.051909447 0.017786525 0.073100075 0.027253445 0.996793509
1548340599.628930 -0.539277732 0.671948075 -3.046079397 0.019036438 0.074616008 0.027823554 0.996642411
1548340599.662500 -0.535695434 0.672806919 -3.039955378 0.020542076 0.076267347 0.028608307 0.996465206
1548340599.696030 -0.530332088 0.670989215 -3.034177065 0.022205627 0.078254625 0.028885126 0.996267498
1548340599.729540 -0.535220444 0.670688629 -3.024823904 0.023849690 0.080506124 0.028724642 0.996054709
1548340599.763050 -0.532305241 0.676458955 -3.020818949 0.025617300 0.081599653 0.028359508 0.995932281
1548340599.796570 -0.520864129 0.685268581 -3.015846491 0.026045697 0.082974412 0.028748469 0.995796382
1548340599.830100 -0.522493839 0.687293708 -3.007165194 0.024260106 0.086082719 0.027951861 0.995600283
1548340599.863620 -0.520091772 0.690863431 -2.994075060 0.021937270 0.088399842 0.028157303 0.995445371
1548340599.897130 -0.519052088 0.690562606 -2.980803967 0.018485080 0.090201870 0.028036118 0.995357156
1548340599.930650 -0.530686975 0.683849335 -2.963699102 0.014624800 0.092289060 0.028244399 0.995224178
1548340599.964160 -0.515074611 0.676492751 -2.952786446 0.011707809 0.089635573 0.028731354 0.995491326
1548340599.997660 -0.519991398 0.668351948 -2.940706253 0.009832729 0.090226099 0.029081423 0.995448053
1548340600.031180 -0.533780575 0.664961100 -2.927777052 0.009553850 0.088417292 0.029378006 0.995604396
1548340600.064690 -0.498277932 0.671360493 -2.917069197 0.009802131 0.080446072 0.029776815 0.996265888
1548340600.098210 -0.501540601 0.667260945 -2.903214693 0.008908872 0.080316521 0.029720679 0.996286452
1548340600.131710 -0.522453606 0.651550949 -2.892705202 0.007884300 0.077781253 0.029299693 0.996508598
1548340600.165210 -0.484843791 0.664363444 -2.881861687 0.010752352 0.066421486 0.029029923 0.997311354
1548340600.198690 -0.464944690 0.662392378 -2.868728638 0.010082872 0.063430034 0.027790608 0.997548342
1548340600.232180 -0.475139052 0.656647801 -2.855797291 0.008635499 0.063876823 0.026923131 0.997557223
1548340600.265720 -0.456831366 0.656645358 -2.845009804 0.007428790 0.059767175 0.025788782 0.997851551
1548340600.299210 -0.446114123 0.653485537 -2.834553719 0.004842749 0.059442680 0.023995319 0.997931600
1548340600.332730 -0.439273626 0.649522066 -2.821372986 0.001893556 0.060633462 0.022828488 0.997897267
1548340600.366270 -0.463600159 0.646415234 -2.800763369 -0.001033416 0.062493283 0.021174835 0.997820258
1548340600.399790 -0.450451374 0.645845115 -2.788701057 -0.003438307 0.056750510 0.019075463 0.998200297
1548340600.433280 -0.433803558 0.647354245 -2.776378870 -0.006606064 0.053298522 0.017679172 0.998400271
1548340600.466790 -0.429276347 0.644765675 -2.763897657 -0.010472894 0.052630652 0.016546309 0.998422027
1548340600.500310 -0.428584695 0.640575707 -2.747755527 -0.014550057 0.052639075 0.015710326 0.998383999
1548340600.533820 -0.428761214 0.637893140 -2.731136560 -0.018000660 0.051165473 0.015238292 0.998411715
1548340600.567320 -0.409722060 0.633377552 -2.717451811 -0.021448592 0.048933439 0.014872721 0.998460948
1548340600.600840 -0.416797966 0.628644586 -2.696666002 -0.024588881 0.051143110 0.014276228 0.998286545
1548340600.634370 -0.425877810 0.621807635 -2.678394556 -0.026826669 0.050318051 0.013953747 0.998275459
1548340600.667910 -0.409034401 0.621826172 -2.668093204 -0.028101021 0.046664909 0.012254829 0.998440087
1548340600.701430 -0.403418839 0.621199012 -2.652926683 -0.030215351 0.047406137 0.012010699 0.998346388
1548340600.734950 -0.409629732 0.619161367 -2.630443335 -0.032362442 0.049106378 0.011490469 0.998203039
1548340600.768470 -0.412582487 0.615427673 -2.610384464 -0.033698902 0.048636202 0.011711354 0.998179257
1548340600.801990 -0.413948357 0.613735795 -2.591457605 -0.034247763 0.046195317 0.011470051 0.998279333
1548340600.835510 -0.391673118 0.613985777 -2.578959942 -0.034587640 0.042721435 0.011576442 0.998421073
1548340600.869030 -0.395593822 0.612556696 -2.558129787 -0.035393547 0.044893220 0.011489557 0.998298466
1548340600.902670 -0.389847219 0.607404172 -2.541500092 -0.035619430 0.044996381 0.011792961 0.998282313
1548340600.936400 -0.378402472 0.600099027 -2.532098770 -0.035940018 0.045479897 0.010190978 0.998266578
1548340600.969930 -0.378913671 0.594379842 -2.513905525 -0.036191922 0.050208639 0.008918604 0.998042941
1548340601.003460 -0.391402960 0.586066008 -2.490043640 -0.035739493 0.054358382 0.007974639 0.997849822
1548340601.037010 -0.390338272 0.581125140 -2.471712112 -0.034407247 0.055332292 0.007274636 0.997848451
1548340601.070530 -0.396407306 0.572698414 -2.454316854 -0.033398598 0.056422625 0.007685283 0.997818649
1548340601.104040 -0.390410691 0.566572011 -2.440503120 -0.031612065 0.054907229 0.008137961 0.997957766
1548340601.137560 -0.377803147 0.566399872 -2.425907612 -0.029497167 0.054812264 0.009652591 0.998014212
1548340601.171070 -0.394689023 0.552088439 -2.406237602 -0.029162098 0.057446327 0.010382105 0.997868598
1548340601.204560 -0.388811678 0.547979414 -2.392143726 -0.026091520 0.054122258 0.011943588 0.998121917
1548340601.238080 -0.376927435 0.548851788 -2.376452923 -0.023525540 0.051757354 0.011080037 0.998321116
1548340601.271590 -0.378991753 0.543228745 -2.365455389 -0.022653632 0.053557344 0.012368210 0.998231173
1548340601.305090 -0.379598647 0.541508317 -2.350717068 -0.021833735 0.052942935 0.013519040 0.998267293
1548340601.338390 -0.368199825 0.539583683 -2.336874485 -0.021678850 0.051523212 0.013360072 0.998347104
1548340601.371910 -0.380817235 0.537376404 -2.316651583 -0.022660758 0.053428914 0.013597393 0.998221934
1548340601.405420 -0.385988802 0.533104718 -2.292501450 -0.024145203 0.051555764 0.013347495 0.998288989
1548340601.438880 -0.387635320 0.528843284 -2.274479151 -0.025344633 0.047973327 0.013921056 0.998430014
1548340601.472390 -0.382012486 0.523513734 -2.253960848 -0.026901834 0.042165566 0.012011236 0.998676181
1548340601.505910 -0.377759516 0.524078310 -2.234081984 -0.027861793 0.039004900 0.011174755 0.998787999
1548340601.539430 -0.378902406 0.521639585 -2.214300871 -0.029443001 0.035619553 0.011659840 0.998863578
1548340601.572990 -0.378787339 0.516496480 -2.190862894 -0.030941157 0.030289896 0.011734146 0.998993278
1548340601.606460 -0.370120317 0.511384666 -2.167580605 -0.032037336 0.024985299 0.011035976 0.999113441
1548340601.639950 -0.368706465 0.505310237 -2.147855997 -0.032464072 0.021873455 0.011316979 0.999169409
1548340601.673460 -0.375836611 0.494867414 -2.125492573 -0.032826375 0.018679697 0.011652868 0.999218583
1548340601.706980 -0.367701530 0.487755090 -2.104315758 -0.031517677 0.011628742 0.012224504 0.999360800
1548340601.740490 -0.348451257 0.483828217 -2.086173773 -0.029100295 0.006015329 0.011385705 0.999493599
1548340601.774000 -0.357347935 0.474267066 -2.064666033 -0.028004041 0.005938551 0.010904764 0.999530733
1548340601.807520 -0.357612371 0.469146162 -2.045762062 -0.026342127 0.002678048 0.010547313 0.999593794
1548340601.841030 -0.342783213 0.460709244 -2.029894590 -0.025547551 -0.002120462 0.009836286 0.999623001
1548340601.874550 -0.349899828 0.451159775 -2.006575823 -0.024917446 -0.003255800 0.009110866 0.999642730
1548340601.907980 -0.347443819 0.439369708 -1.988946915 -0.024691906 -0.006985697 0.008255155 0.999636650
1548340601.941500 -0.347005188 0.433980227 -1.971757650 -0.023930790 -0.009917321 0.007535163 0.999636054
1548340601.975010 -0.344198555 0.424129307 -1.954555988 -0.024019191 -0.012389107 0.005980923 0.999616921
1548340602.008530 -0.344230890 0.419554859 -1.934415817 -0.023826761 -0.013949530 0.004948310 0.999606550
1548340602.042040 -0.340977132 0.412609756 -1.918770552 -0.024027389 -0.015892750 0.003884935 0.999577463
1548340602.075560 -0.334803730 0.401146322 -1.900819659 -0.024671253 -0.017500855 0.002436390 0.999539435
1548340602.109070 -0.327550113 0.387937814 -1.880159020 -0.024577495 -0.014956450 0.001485023 0.999584973
1548340602.142550 -0.342554539 0.391026586 -1.862911940 -0.022095170 -0.011900375 0.002548920 0.999681830
1548340602.176070 -0.348508775 0.391352415 -1.843013644 -0.020103903 -0.012828517 0.004313024 0.999706328
1548340602.209620 -0.322195232 0.383250982 -1.827833652 -0.019987360 -0.016044630 0.004337666 0.999662101
1548340602.243140 -0.332054555 0.381130785 -1.803810596 -0.019760303 -0.011576583 0.005840314 0.999720693
1548340602.276610 -0.342605382 0.383178473 -1.782356024 -0.019303817 -0.010195610 0.007455165 0.999733925
1548340602.309920 -0.340408832 0.378325969 -1.763520122 -0.020122427 -0.011428027 0.008086956 0.999699473
1548340602.343280 -0.334795088 0.370529264 -1.742783904 -0.021057846 -0.011699149 0.009149688 0.999667943
1548340602.376800 -0.361035556 0.366899699 -1.712910295 -0.020915937 -0.008835749 0.009661766 0.999695539
1548340602.410290 -0.360416025 0.356975615 -1.692433119 -0.020254867 -0.011751245 0.009425268 0.999681413
1548340602.443790 -0.355014026 0.346618921 -1.675752640 -0.018703356 -0.012429292 0.009625039 0.999701560
1548340602.477260 -0.367413670 0.341802001 -1.652600169 -0.015716085 -0.010599410 0.009672688 0.999773562
1548340602.510780 -0.357549578 0.334352225 -1.639178634 -0.012652487 -0.012254017 0.009470967 0.999800026
1548340602.544290 -0.348939627 0.324249923 -1.622719884 -0.009978339 -0.009528049 0.009696414 0.999857903
1548340602.577810 -0.371379703 0.322953910 -1.602306366 -0.006498192 -0.004137584 0.010643921 0.999913752
1548340602.611330 -0.379178941 0.321432829 -1.583497286 -0.004231985 -0.003406989 0.011588749 0.999918163
1548340602.644880 -0.370619833 0.311637312 -1.569019318 -0.003797068 -0.005535572 0.012719680 0.999896586
1548340602.678400 -0.369232327 0.302608460 -1.554417849 -0.003499322 -0.003276336 0.014425507 0.999884546
1548340602.711910 -0.376491070 0.300627947 -1.532276034 -0.001934071 0.000090431 0.018746389 0.999822438
1548340602.745400 -0.371775389 0.291772783 -1.517564774 -0.001966315 0.000912543 0.021722350 0.999761760
1548340602.778910 -0.371597052 0.287882060 -1.496927500 -0.001324644 0.003325475 0.025429737 0.999670208
1548340602.812480 -0.375161171 0.278676689 -1.477901816 -0.001507176 0.006686840 0.028487418 0.999570668
1548340602.846360 -0.384651393 0.274729133 -1.454573989 -0.000616497 0.009262995 0.032995246 0.999412417
1548340602.879870 -0.389887154 0.266412765 -1.435402274 -0.000686641 0.008185032 0.033918031 0.999390960
1548340602.913390 -0.376801074 0.255259126 -1.424517870 -0.001583608 0.007010633 0.033355467 0.999417722
1548340602.946910 -0.385800868 0.253266037 -1.398644686 -0.000133510 0.010322141 0.035868932 0.999303162
1548340602.980420 -0.381933093 0.241813242 -1.386786222 0.000347713 0.009869848 0.036629170 0.999280155
1548340603.013940 -0.385530591 0.236703143 -1.364847541 0.002131780 0.010869807 0.036970206 0.999255002
1548340603.047480 -0.378306687 0.235113740 -1.346507668 0.004448352 0.011042831 0.036984902 0.999244928
1548340603.080990 -0.385244101 0.234477237 -1.326322198 0.006462425 0.014885088 0.037013922 0.999182999
1548340603.114510 -0.393029153 0.233676046 -1.300245166 0.008976064 0.016564792 0.037614219 0.999114752
1548340603.147750 -0.385200322 0.230288535 -1.280501604 0.010196296 0.017036406 0.038403597 0.999065042
1548340603.180920 -0.395999759 0.233107597 -1.247378469 0.011809518 0.019339710 0.038444981 0.999003768
1548340603.214440 -0.389304966 0.223560289 -1.235718727 0.011938349 0.017376803 0.040051423 0.998975158
1548340603.248290 -0.384578228 0.222227931 -1.217187762 0.011883410 0.017993847 0.039804406 0.998974800
1548340603.281810 -0.390507519 0.220616341 -1.188990235 0.011221114 0.020975029 0.040866170 0.998881459
1548340603.315330 -0.383758366 0.216467455 -1.167769670 0.010271009 0.021766266 0.042516880 0.998805821
1548340603.348840 -0.386305094 0.203677014 -1.148366332 0.007977417 0.023600020 0.043729249 0.998732805
1548340603.382360 -0.377346158 0.201059595 -1.128636599 0.006684497 0.024230259 0.043820169 0.998723209
1548340603.415890 -0.382913738 0.190571204 -1.106611848 0.004255057 0.028765539 0.043746911 0.998619378
1548340603.449500 -0.381948709 0.187017158 -1.078763962 0.003656002 0.031675011 0.045584641 0.998451531
1548340603.483020 -0.392688066 0.173383504 -1.060166478 0.002178031 0.033737008 0.046080083 0.998365521
1548340603.516550 -0.392463893 0.171309963 -1.037470579 0.002462088 0.033464260 0.045705225 0.998391330
1548340603.550070 -0.382183701 0.166095749 -1.021337509 0.002718970 0.033698391 0.046485372 0.998346746
1548340603.583580 -0.382726908 0.159520179 -1.002075434 0.003020252 0.036323037 0.048596878 0.998153269
1548340603.617100 -0.391151667 0.158592507 -0.977697194 0.004299738 0.038144387 0.049508829 0.998035789
1548340603.650620 -0.385082930 0.152850211 -0.966306388 0.005039591 0.036522608 0.049029589 0.998116612
1548340603.684130 -0.374643028 0.148798183 -0.953684270 0.005413058 0.038634010 0.049478590 0.998013079
1548340603.717630 -0.391613007 0.147791058 -0.922444582 0.006745916 0.044278413 0.050757181 0.997706234
1548340603.751140 -0.396316767 0.140740007 -0.901736438 0.007681289 0.043818761 0.051330782 0.997690380
1548340603.784660 -0.365382135 0.135088772 -0.903946519 0.007528582 0.042311687 0.050221212 0.997813046
1548340603.818170 -0.383972317 0.134748101 -0.873545349 0.009319433 0.052899867 0.052150704 0.997193635
1548340603.851670 -0.394966215 0.133860156 -0.846800148 0.011685382 0.057293080 0.053833582 0.996836483
1548340603.885190 -0.387186736 0.125758097 -0.843946695 0.012684451 0.057647720 0.052872062 0.996855319
1548340603.918630 -0.358630449 0.116379634 -0.837214649 0.013388158 0.063983716 0.054107390 0.996393144
1548340603.952150 -0.363532007 0.119259104 -0.815889478 0.016927779 0.075581260 0.057819210 0.995318055
1548340603.985660 -0.372189015 0.112567633 -0.800779462 0.018353337 0.087025672 0.059100356 0.994282126
1548340604.019180 -0.381397128 0.108522892 -0.776930928 0.020117376 0.095522933 0.059164256 0.993463814
1548340604.052700 -0.388061166 0.102521628 -0.760263979 0.021097444 0.102023467 0.058575474 0.992831886
1548340604.086210 -0.377891958 0.099396154 -0.751289666 0.022846319 0.106625520 0.057956025 0.992345870
1548340604.119730 -0.363545746 0.092666641 -0.738380849 0.023643933 0.112931289 0.057791710 0.991638839
1548340604.153360 -0.382394224 0.091555953 -0.711120844 0.025588723 0.123977706 0.058702171 0.990216613
1548340604.186880 -0.390592694 0.089370884 -0.696802080 0.027639264 0.127006978 0.057939902 0.989822388
1548340604.220470 -0.341474295 0.084438980 -0.709680140 0.027566580 0.124982312 0.056289174 0.990177274
1548340604.287610 -0.376616389 0.083892561 -0.657481313 0.028544098 0.145772979 0.056312244 0.987301648
1548340604.321040 -0.364576727 0.090202346 -0.633701563 0.029069731 0.146063074 0.054019131 0.987371504
1548340604.354640 -0.336380988 0.085851587 -0.639303982 0.026697733 0.149417251 0.052135505 0.987037778
1548340604.388180 -0.354220837 0.094592780 -0.601008654 0.026775075 0.160233378 0.054523274 0.985208392
1548340604.421690 -0.360103399 0.095510513 -0.578333914 0.025620678 0.162674561 0.055320732 0.984794497
1548340604.455210 -0.353146285 0.095578015 -0.559584379 0.023844726 0.161526933 0.053858940 0.985108972
1548340604.488700 -0.343963802 0.092915848 -0.548283875 0.021176966 0.163577527 0.054930024 0.984772444
1548340604.522200 -0.350477368 0.090319782 -0.520012081 0.019134670 0.166205093 0.057513613 0.984226584
1548340604.555710 -0.345539302 0.086875811 -0.501219153 0.017330775 0.165051535 0.060028642 0.984303951
1548340604.589180 -0.345917076 0.077803858 -0.478263289 0.015537870 0.163888678 0.063276783 0.984324694
1548340604.622690 -0.341481984 0.073345952 -0.457672030 0.015395198 0.159132525 0.066606179 0.984887600
1548340604.656210 -0.318218082 0.064544149 -0.448679447 0.015340580 0.150790676 0.069229178 0.986019433
1548340604.689780 -0.290364891 0.065353990 -0.435875833 0.016343426 0.146307141 0.072354443 0.986454308
1548340604.723260 -0.285980403 0.055301972 -0.416143388 0.016519370 0.147525534 0.075502321 0.986033857
1548340604.756760 -0.285398334 0.048908092 -0.395119369 0.017494727 0.146788269 0.078236222 0.985913932
1548340604.790160 -0.270070493 0.047562107 -0.382126451 0.018287862 0.142375633 0.079361312 0.986456573
1548340604.823670 -0.265256107 0.041994877 -0.362537384 0.017897796 0.139134914 0.078506038 0.986994445
1548340604.857110 -0.255768865 0.039552748 -0.348258525 0.017300021 0.134576738 0.077073641 0.987749755
1548340604.890580 -0.234732166 0.030748073 -0.338403046 0.015053712 0.129289910 0.074655376 0.988677919
1548340604.923970 -0.218967527 0.029072294 -0.323848575 0.013380850 0.128113970 0.071559675 0.989083946
1548340604.957490 -0.219112813 0.017885126 -0.305147171 0.011365759 0.130618244 0.070071712 0.988888085
1548340604.991010 -0.229367480 0.013146222 -0.286086947 0.011996300 0.130098864 0.068500392 0.989059210
1548340605.024420 -0.215260133 0.010626815 -0.268535614 0.014150123 0.122511826 0.065326005 0.990213692
1548340605.057870 -0.193875208 0.003596617 -0.261247009 0.014990238 0.120076865 0.063197970 0.990637660
1548340605.091390 -0.201033980 0.001481755 -0.240361363 0.017358180 0.123038471 0.063579187 0.990211070
1548340605.124960 -0.200850114 0.001434521 -0.227565393 0.019509193 0.120939672 0.063585557 0.990429223
1548340605.158480 -0.195081100 -0.002481414 -0.214100674 0.020928968 0.115601026 0.060959809 0.991202474
1548340605.191940 -0.168362722 -0.005121761 -0.208118469 0.020954171 0.112163424 0.058023199 0.991773009
1548340605.225290 -0.178565651 -0.003672027 -0.184802324 0.021451738 0.117235102 0.057352219 0.991214693
1548340605.258860 -0.180705532 -0.000938947 -0.158623025 0.021033667 0.116007276 0.054739621 0.991515756
1548340605.292380 -0.173551410 -0.002680402 -0.143913597 0.019419942 0.113511063 0.052331388 0.991967559
1548340605.325920 -0.176478535 -0.006779191 -0.121204056 0.017532147 0.112201348 0.050764412 0.992233098
1548340605.359420 -0.177463025 -0.008252285 -0.100216545 0.016141122 0.107893504 0.049322300 0.992807031
1548340605.392940 -0.172523156 -0.016861264 -0.081237473 0.013562540 0.101711683 0.046250988 0.993645668
1548340605.426450 -0.155599862 -0.022707239 -0.066580206 0.011698264 0.095933020 0.043298684 0.994376838
1548340605.459970 -0.147405893 -0.024725974 -0.043157980 0.010265079 0.096068762 0.041217420 0.994468033
1548340605.493490 -0.152681872 -0.029356711 -0.020750392 0.008901658 0.096828386 0.039378040 0.994481981
1548340605.527020 -0.147283390 -0.038107965 -0.002267997 0.007196743 0.094272770 0.036475893 0.994851947
1548340605.561030 -0.138217136 -0.040386260 0.016721571 0.007059234 0.092129096 0.034723870 0.995116413
1548340605.594580 -0.139647558 -0.045269053 0.038100842 0.005877667 0.091702059 0.031303193 0.995277047
1548340605.628060 -0.143761039 -0.049245693 0.054850433 0.004826140 0.089247257 0.027136376 0.995628119
1548340605.661080 -0.135917157 -0.056636199 0.072547592 0.002917801 0.084716059 0.021746529 0.996163547
1548340605.695090 -0.136856169 -0.061830554 0.090328753 0.001882887 0.083334357 0.016931027 0.996376038
1548340605.728660 -0.132662833 -0.064018436 0.110739484 0.001540630 0.080394089 0.012818757 0.996679544
1548340605.762240 -0.131370887 -0.064430974 0.129554540 0.001917493 0.077582948 0.008185728 0.996950507
1548340605.795800 -0.141306221 -0.068851329 0.141849101 0.001661646 0.075210631 0.005632192 0.997150362
1548340605.829340 -0.128559113 -0.074430682 0.162474677 0.002222663 0.063677050 0.001857655 0.997966349
1548340605.862850 -0.115838967 -0.075929075 0.176032335 0.003276554 0.058268964 -0.001076869 0.998294950
1548340605.896350 -0.117113613 -0.077104144 0.193622574 0.004067767 0.056668919 -0.001023697 0.998384237
1548340605.929880 -0.110735543 -0.073976144 0.213769943 0.005561968 0.048322875 -0.001923413 0.998814464
1548340605.963400 -0.102672637 -0.075025119 0.229534388 0.005395862 0.041936677 -0.003621251 0.999099195
1548340605.996920 -0.098441586 -0.077938393 0.248173088 0.004251684 0.036897663 -0.003829242 0.999302685
1548340606.030430 -0.099112153 -0.077728324 0.261528611 0.003227120 0.028482981 -0.004456140 0.999579132
1548340606.063950 -0.082044862 -0.077912144 0.281444728 0.001674489 0.017962687 -0.006219532 0.999817967
1548340606.097190 -0.075125560 -0.082456037 0.299723148 -0.001435946 0.013229487 -0.007639567 0.999882281
1548340606.130800 -0.076610878 -0.086544305 0.314752668 -0.004760399 0.007342286 -0.008723509 0.999923706
1548340606.164310 -0.062426444 -0.086611986 0.337704718 -0.006314415 -0.003952932 -0.011028856 0.999911427
1548340606.197740 -0.054183614 -0.092592798 0.356320888 -0.009475742 -0.010065183 -0.012935450 0.999820828
1548340606.231260 -0.051408954 -0.094024606 0.374324620 -0.010456444 -0.016437868 -0.013832793 0.999714553
1548340606.264720 -0.041878015 -0.097955070 0.394209146 -0.011509740 -0.025137585 -0.016179603 0.999486864
1548340606.298230 -0.032069121 -0.108164005 0.411672145 -0.013216996 -0.029247902 -0.020762533 0.999269187
1548340606.331750 -0.027469307 -0.109024771 0.428091943 -0.012827644 -0.029204221 -0.021179955 0.999266803
1548340606.365280 -0.022840174 -0.111033328 0.443765134 -0.012633569 -0.031384416 -0.022308974 0.999178529
1548340606.398820 -0.019685697 -0.111237489 0.456969678 -0.011977774 -0.035824850 -0.024716331 0.998980641
1548340606.432340 -0.012761845 -0.116775706 0.469728231 -0.013654694 -0.038531240 -0.030461801 0.998699665
1548340606.465850 -0.009931521 -0.121259831 0.484393448 -0.015950857 -0.037703101 -0.034081642 0.998580277
1548340606.499380 -0.009969927 -0.119675606 0.498396575 -0.016585378 -0.039756265 -0.037230525 0.998377860
1548340606.532900 -0.005606053 -0.126422301 0.513767660 -0.018528897 -0.042291433 -0.043030839 0.998006225
1548340606.566430 -0.003569956 -0.130099937 0.527036846 -0.018423790 -0.042583503 -0.045698393 0.997877181
1548340606.599950 -0.002802505 -0.132037237 0.539093673 -0.016931763 -0.043954492 -0.048249424 0.997724056
1548340606.633460 0.001216635 -0.138590008 0.548607111 -0.015158654 -0.046146546 -0.052132543 0.997458279
1548340606.666980 0.006227780 -0.143159121 0.560193777 -0.012470186 -0.045270074 -0.054715853 0.997397244
1548340606.700490 0.009266348 -0.141323328 0.568019092 -0.008031635 -0.044125382 -0.052971452 0.997588336
1548340606.734010 0.012888178 -0.139727727 0.577211559 -0.003997121 -0.046358109 -0.053983741 0.997457147
1548340606.767530 0.016229371 -0.140554458 0.587608516 -0.002082632 -0.048539177 -0.057021350 0.997190177
1548340606.834560 0.019299913 -0.141580448 0.606405079 -0.001020525 -0.047140818 -0.059902180 0.997090042
1548340606.868070 0.022861678 -0.145718679 0.617567360 -0.001964763 -0.048518315 -0.063376732 0.996807694
1548340606.901590 0.023832608 -0.149576679 0.630657673 -0.002890142 -0.046654034 -0.065944672 0.996727824
1548340606.935090 0.023665385 -0.149811745 0.638678491 -0.002534059 -0.044991225 -0.065705679 0.996820986
1548340606.968600 0.022255272 -0.150091842 0.648585796 -0.002067015 -0.047361523 -0.066176236 0.996681154
1548340607.002010 0.022467002 -0.155154213 0.658361375 -0.002308660 -0.049283314 -0.069496110 0.996361494
1548340607.035530 0.025447221 -0.159292489 0.665899634 -0.002342642 -0.049814202 -0.071855769 0.996167600
1548340607.069040 0.027251087 -0.163439214 0.673974991 -0.002731023 -0.048158016 -0.073843174 0.996102691
1548340607.102530 0.028546184 -0.165036827 0.679230332 -0.003046446 -0.046353936 -0.075323187 0.996076524
1548340607.135970 0.029290015 -0.167131186 0.687095702 -0.004157701 -0.044169702 -0.077677965 0.995990932
1548340607.169490 0.028631741 -0.167341202 0.693804860 -0.005043976 -0.042916942 -0.078853525 0.995949209
1548340607.203000 0.029800333 -0.169258058 0.701045513 -0.005857013 -0.042390160 -0.082073376 0.995707214
1548340607.236520 0.030689573 -0.169754982 0.707298934 -0.005865452 -0.040156033 -0.083874635 0.995649636
1548340607.270030 0.030628568 -0.167161644 0.713572025 -0.005482912 -0.038803704 -0.083794817 0.995712161
1548340607.303550 0.032049336 -0.166353434 0.719123423 -0.005749276 -0.038805395 -0.085544094 0.995561898
1548340607.337200 0.035596590 -0.165128589 0.724380851 -0.006925261 -0.037959300 -0.086367793 0.995515823
1548340607.370710 0.036105577 -0.161642432 0.730471075 -0.009160690 -0.036925238 -0.085483395 0.995612979
1548340607.404230 0.038814299 -0.157790482 0.734634459 -0.012092407 -0.038492057 -0.084958829 0.995567262
1548340607.437750 0.039936941 -0.159369692 0.740409911 -0.016773652 -0.040131159 -0.086320385 0.995317578
1548340607.471270 0.040566478 -0.159179643 0.746294916 -0.020969383 -0.040957641 -0.085604765 0.995266140
1548340607.504800 0.041636076 -0.158993885 0.753327549 -0.024484171 -0.042752501 -0.084472723 0.995207071
1548340607.538320 0.044744968 -0.162214965 0.758440733 -0.027959976 -0.044119008 -0.084158465 0.995082438
1548340607.571820 0.045802020 -0.163040802 0.765803635 -0.029906958 -0.043237660 -0.082245156 0.995224476
1548340607.605330 0.046985812 -0.163657233 0.769532800 -0.031242594 -0.043506857 -0.079353333 0.995406508
1548340607.638850 0.051453169 -0.165282801 0.771054864 -0.032079570 -0.045012884 -0.076849535 0.995509386
1548340607.672360 0.054145984 -0.167992935 0.773613751 -0.033174861 -0.046140190 -0.074571937 0.995595098
1548340607.705840 0.056916341 -0.170321137 0.776225150 -0.033819750 -0.048179716 -0.073249966 0.995574951
1548340607.739350 0.059832476 -0.172740191 0.778982401 -0.034477815 -0.050389297 -0.072507471 0.995497286
1548340607.772870 0.062780030 -0.177714571 0.781710863 -0.035344388 -0.051513415 -0.072547100 0.995406508
1548340607.806380 0.065228365 -0.179627836 0.784738004 -0.034843657 -0.052041844 -0.072059795 0.995432079
1548340607.839840 0.066753611 -0.182540655 0.785876274 -0.033980437 -0.052349944 -0.072160937 0.995438457
1548340607.873270 0.068376966 -0.184382707 0.786841631 -0.032372780 -0.052964374 -0.072644480 0.995424390
1548340607.906760 0.068993926 -0.186556652 0.788691878 -0.030562449 -0.053146828 -0.073503263 0.995408833
1548340607.940280 0.068774469 -0.187444896 0.790393472 -0.028333860 -0.053436801 -0.074223340 0.995405793
1548340607.973790 0.069511205 -0.189159811 0.791377008 -0.025909407 -0.054150097 -0.075567871 0.995332062
1548340608.007310 0.071069732 -0.190717027 0.790386081 -0.023671428 -0.055052366 -0.076002769 0.995305240
1548340608.040830 0.073205419 -0.191600293 0.789333463 -0.021309350 -0.056180421 -0.077292696 0.995196283
1548340608.074360 0.073539801 -0.192130134 0.791050255 -0.019800602 -0.056977872 -0.077824354 0.995140612
1548340608.108100 0.076361656 -0.193813071 0.788393676 -0.018796660 -0.057853624 -0.078060582 0.995091081
1548340608.141750 0.076727912 -0.191126481 0.790227890 -0.017523233 -0.058143564 -0.077144131 0.995168865
1548340608.175290 0.077347606 -0.190624461 0.790386260 -0.017494682 -0.058828175 -0.076228224 0.995199740
1548340608.208890 0.080326512 -0.191441566 0.791494727 -0.018473769 -0.060156677 -0.075055666 0.995191693
1548340608.242380 0.081617571 -0.191300616 0.792587161 -0.019512022 -0.060517035 -0.073092669 0.995296240
1548340608.275900 0.084073968 -0.191623554 0.791941226 -0.021284277 -0.061413169 -0.071038730 0.995353699
1548340608.309440 0.086434424 -0.192344457 0.792765319 -0.023062427 -0.062039007 -0.069024846 0.995416939
1548340608.342960 0.085815243 -0.191852733 0.795688450 -0.024788462 -0.062036499 -0.066149741 0.995570838
1548340608.376480 0.089209415 -0.192384839 0.796034157 -0.026577903 -0.062965855 -0.064033397 0.995604694
1548340608.410010 0.090505101 -0.193290502 0.798012793 -0.028555648 -0.062685624 -0.062387615 0.995672107
1548340608.443530 0.094619602 -0.193874657 0.798347235 -0.030378865 -0.062743343 -0.059979510 0.995762467
1548340608.477060 0.095292322 -0.195367575 0.799884975 -0.032114048 -0.061794024 -0.058969211 0.995827734
1548340608.510630 0.096741669 -0.196886405 0.800000131 -0.033502620 -0.060834713 -0.057655383 0.995917976
1548340608.544160 0.098356672 -0.196693435 0.801795363 -0.033979367 -0.060443230 -0.056561127 0.995988429
1548340608.577610 0.098278791 -0.197654724 0.802859843 -0.034393363 -0.059434347 -0.055922750 0.996070921
1548340608.611170 0.100361779 -0.199154481 0.803501129 -0.034718659 -0.059354361 -0.055577695 0.996083736
1548340608.644640 0.100931786 -0.201205894 0.804718316 -0.034764387 -0.058624327 -0.056757234 0.996058881
1548340608.678160 0.103284299 -0.205499843 0.805122197 -0.035122707 -0.057084832 -0.057729632 0.996079803
1548340608.711670 0.103876650 -0.204959631 0.806046903 -0.033755645 -0.055004489 -0.057819806 0.996238947
1548340608.745240 0.107096285 -0.207599401 0.805850744 -0.032716211 -0.054239769 -0.058595765 0.996270239
1548340608.778820 0.106770255 -0.208306551 0.808379412 -0.030980237 -0.052415036 -0.059555836 0.996366441
1548340608.812370 0.107832849 -0.208732873 0.809730053 -0.028863439 -0.050193675 -0.059645753 0.996538937
1548340608.845850 0.106711678 -0.209851205 0.810145736 -0.026911238 -0.048572656 -0.060385127 0.996629417
1548340608.879370 0.109649867 -0.212872699 0.809486330 -0.025303997 -0.048060615 -0.061026663 0.996657252
