
Panoptic-SLAM Copyright (C) 2024 Gabriel Fischer and João Soares, Istituto Italiano di Tecnologia.
This program comes with ABSOLUTELY NO WARRANTY;
This is free software, and you are welcome to redistribute it
under certain conditions. See LICENSE.txt.

Input sensor was set to: RGB-D
Loading settings from /home/panoptic_slam/Dataset/Bonn.yaml
Camera1.k3 optional parameter does not exist...
	-Loaded camera 1
Camera.newHeight optional parameter does not exist...
Camera.newWidth optional parameter does not exist...
	-Loaded image info
	-Loaded RGB-D calibration
	-Loaded ORB settings
Viewer.imageViewScale optional parameter does not exist...
	-Loaded viewer settings
System.LoadAtlasFromFile optional parameter does not exist...
System.SaveAtlasToFile optional parameter does not exist...
	-Loaded Atlas settings
System.thFarPoints optional parameter does not exist...
	-Loaded misc parameters
----------------------------------
SLAM settings: 
	-Camera 1 parameters (Pinhole): [ 542.823 542.577 315.594 237.756 ]
	-Camera 1 distortion parameters: [  0.039903 -0.099343 -0.00073 -0.000144 ]
	-Original image size: [ 640 , 480 ]
	-Current image size: [ 640 , 480 ]
	-Sequence FPS: 30
	-RGB-D depth map factor: 5000
	-Features per image: 1000
	-ORB scale factor: 1.2
	-ORB number of scales: 8
	-Initial FAST threshold: 20
	-Min FAST threshold: 7


Loading ORB Vocabulary. This could take a while...
Vocabulary loaded!

Initialization of Atlas from scratch 
Creation of new map with id: 0
Creation of new map with last KF id: 0
Seq. Name: 
There are 1 cameras in the atlas
Camera 0 is pinhole
The checkpoint state_dict contains keys that are not used by the model:
  proposal_generator.anchor_generator.cell_anchors.{0, 1, 2, 3, 4}
Importing Panoptic Segmentation Settings... 
PYTHONPATH=/home/panoptic_slam/src/python/
Python Thread support Initialized 
Panoptic Loaded 

-------
Start processing sequence ...
Images in the sequence: 1750

error: XDG_RUNTIME_DIR not set in the environment.

(Current Frame:22945): dbind-WARNING **: 21:37:52.172: Couldn't connect to accessibility bus: Failed to connect to socket /run/user/1000/at-spi/bus_1: No such file or directory
Gtk-Message: 21:37:52.191: Failed to load module "canberra-gtk-module"
Gtk-Message: 21:37:52.192: Failed to load module "canberra-gtk-module"
Starting the Viewer
---------------------------------------------------------
Frame ID: 0
First KF:0; Map init KF:0
New Map created with 886 points
---------------------------------------------------------
Frame ID: 1
---------------------------------------------------------
Frame ID: 2
---------------------------------------------------------
Frame ID: 3
---------------------------------------------------------
Frame ID: 4
---------------------------------------------------------
Frame ID: 5
---------------------------------------------------------
Frame ID: 6
---------------------------------------------------------
Frame ID: 7
---------------------------------------------------------
Frame ID: 8
---------------------------------------------------------
Frame ID: 9
---------------------------------------------------------
Frame ID: 10
---------------------------------------------------------
Frame ID: 11
---------------------------------------------------------
Frame ID: 12
---------------------------------------------------------
Frame ID: 13
---------------------------------------------------------
Frame ID: 14
---------------------------------------------------------
Frame ID: 15
---------------------------------------------------------
Frame ID: 16
---------------------------------------------------------
Frame ID: 17
---------------------------------------------------------
Frame ID: 18
---------------------------------------------------------
Frame ID: 19
---------------------------------------------------------
Frame ID: 20
---------------------------------------------------------
Frame ID: 21
---------------------------------------------------------
Frame ID: 22
---------------------------------------------------------
Frame ID: 23
---------------------------------------------------------
Frame ID: 24
---------------------------------------------------------
Frame ID: 25
---------------------------------------------------------
Frame ID: 26
---------------------------------------------------------
Frame ID: 27
---------------------------------------------------------
Frame ID: 28
---------------------------------------------------------
Frame ID: 29
---------------------------------------------------------
Frame ID: 30
---------------------------------------------------------
Frame ID: 31
---------------------------------------------------------
Frame ID: 32
---------------------------------------------------------
Frame ID: 33
---------------------------------------------------------
Frame ID: 34
---------------------------------------------------------
Frame ID: 35
---------------------------------------------------------
Frame ID: 36
---------------------------------------------------------
Frame ID: 37
---------------------------------------------------------
Frame ID: 38
---------------------------------------------------------
Frame ID: 39
---------------------------------------------------------
Frame ID: 40
---------------------------------------------------------
Frame ID: 41
---------------------------------------------------------
Frame ID: 42
---------------------------------------------------------
Frame ID: 43
---------------------------------------------------------
Frame ID: 44
---------------------------------------------------------
Frame ID: 45
---------------------------------------------------------
Frame ID: 46
---------------------------------------------------------
Frame ID: 47
---------------------------------------------------------
Frame ID: 48
---------------------------------------------------------
Frame ID: 49
---------------------------------------------------------
Frame ID: 50
---------------------------------------------------------
Frame ID: 51
---------------------------------------------------------
Frame ID: 52
---------------------------------------------------------
Frame ID: 53
---------------------------------------------------------
Frame ID: 54
---------------------------------------------------------
Frame ID: 55
---------------------------------------------------------
Frame ID: 56
---------------------------------------------------------
Frame ID: 57
---------------------------------------------------------
Frame ID: 58
---------------------------------------------------------
Frame ID: 59
---------------------------------------------------------
Frame ID: 60
---------------------------------------------------------
Frame ID: 61
---------------------------------------------------------
Frame ID: 62
---------------------------------------------------------
Frame ID: 63
---------------------------------------------------------
Frame ID: 64
---------------------------------------------------------
Frame ID: 65
---------------------------------------------------------
Frame ID: 66
---------------------------------------------------------
Frame ID: 67
---------------------------------------------------------
Frame ID: 68
---------------------------------------------------------
Frame ID: 69
---------------------------------------------------------
Frame ID: 70
---------------------------------------------------------
Frame ID: 71
---------------------------------------------------------
Frame ID: 72
---------------------------------------------------------
Frame ID: 73
---------------------------------------------------------
Frame ID: 74
---------------------------------------------------------
Frame ID: 75
---------------------------------------------------------
Frame ID: 76
---------------------------------------------------------
Frame ID: 77
---------------------------------------------------------
Frame ID: 78
---------------------------------------------------------
Frame ID: 79
---------------------------------------------------------
Frame ID: 80
---------------------------------------------------------
Frame ID: 81
---------------------------------------------------------
Frame ID: 82
---------------------------------------------------------
Frame ID: 83
---------------------------------------------------------
Frame ID: 84
---------------------------------------------------------
Frame ID: 85
---------------------------------------------------------
Frame ID: 86
---------------------------------------------------------
Frame ID: 87
---------------------------------------------------------
Frame ID: 88
---------------------------------------------------------
Frame ID: 89
---------------------------------------------------------
Frame ID: 90
---------------------------------------------------------
Frame ID: 91
---------------------------------------------------------
Frame ID: 92
---------------------------------------------------------
Frame ID: 93
---------------------------------------------------------
Frame ID: 94
---------------------------------------------------------
Frame ID: 95
---------------------------------------------------------
Frame ID: 96
---------------------------------------------------------
Frame ID: 97
---------------------------------------------------------
Frame ID: 98
---------------------------------------------------------
Frame ID: 99
---------------------------------------------------------
Frame ID: 100
---------------------------------------------------------
Frame ID: 101
---------------------------------------------------------
Frame ID: 102
---------------------------------------------------------
Frame ID: 103
---------------------------------------------------------
Frame ID: 104
---------------------------------------------------------
Frame ID: 105
---------------------------------------------------------
Frame ID: 106
---------------------------------------------------------
Frame ID: 107
---------------------------------------------------------
Frame ID: 108
---------------------------------------------------------
Frame ID: 109
---------------------------------------------------------
Frame ID: 110
---------------------------------------------------------
Frame ID: 111
---------------------------------------------------------
Frame ID: 112
---------------------------------------------------------
Frame ID: 113
---------------------------------------------------------
Frame ID: 114
---------------------------------------------------------
Frame ID: 115
---------------------------------------------------------
Frame ID: 116
---------------------------------------------------------
Frame ID: 117
---------------------------------------------------------
Frame ID: 118
---------------------------------------------------------
Frame ID: 119
---------------------------------------------------------
Frame ID: 120
---------------------------------------------------------
Frame ID: 121
---------------------------------------------------------
Frame ID: 122
---------------------------------------------------------
Frame ID: 123
---------------------------------------------------------
Frame ID: 124
---------------------------------------------------------
Frame ID: 125
---------------------------------------------------------
Frame ID: 126
---------------------------------------------------------
Frame ID: 127
---------------------------------------------------------
Frame ID: 128
---------------------------------------------------------
Frame ID: 129
---------------------------------------------------------
Frame ID: 130
---------------------------------------------------------
Frame ID: 131
---------------------------------------------------------
Frame ID: 132
---------------------------------------------------------
Frame ID: 133
---------------------------------------------------------
Frame ID: 134
---------------------------------------------------------
Frame ID: 135
---------------------------------------------------------
Frame ID: 136
---------------------------------------------------------
Frame ID: 137
---------------------------------------------------------
Frame ID: 138
---------------------------------------------------------
Frame ID: 139
---------------------------------------------------------
Frame ID: 140
---------------------------------------------------------
Frame ID: 141
---------------------------------------------------------
Frame ID: 142
---------------------------------------------------------
Frame ID: 143
---------------------------------------------------------
Frame ID: 144
---------------------------------------------------------
Frame ID: 145
---------------------------------------------------------
Frame ID: 146
---------------------------------------------------------
Frame ID: 147
---------------------------------------------------------
Frame ID: 148
---------------------------------------------------------
Frame ID: 149
---------------------------------------------------------
Frame ID: 150
---------------------------------------------------------
Frame ID: 151
---------------------------------------------------------
Frame ID: 152
---------------------------------------------------------
Frame ID: 153
---------------------------------------------------------
Frame ID: 154
---------------------------------------------------------
Frame ID: 155
---------------------------------------------------------
Frame ID: 156
---------------------------------------------------------
Frame ID: 157
---------------------------------------------------------
Frame ID: 158
---------------------------------------------------------
Frame ID: 159
---------------------------------------------------------
Frame ID: 160
---------------------------------------------------------
Frame ID: 161
---------------------------------------------------------
Frame ID: 162
---------------------------------------------------------
Frame ID: 163
---------------------------------------------------------
Frame ID: 164
---------------------------------------------------------
Frame ID: 165
---------------------------------------------------------
Frame ID: 166
---------------------------------------------------------
Frame ID: 167
---------------------------------------------------------
Frame ID: 168
---------------------------------------------------------
Frame ID: 169
---------------------------------------------------------
Frame ID: 170
---------------------------------------------------------
Frame ID: 171
---------------------------------------------------------
Frame ID: 172
---------------------------------------------------------
Frame ID: 173
---------------------------------------------------------
Frame ID: 174
---------------------------------------------------------
Frame ID: 175
---------------------------------------------------------
Frame ID: 176
---------------------------------------------------------
Frame ID: 177
---------------------------------------------------------
Frame ID: 178
---------------------------------------------------------
Frame ID: 179
---------------------------------------------------------
Frame ID: 180
---------------------------------------------------------
Frame ID: 181
---------------------------------------------------------
Frame ID: 182
---------------------------------------------------------
Frame ID: 183
---------------------------------------------------------
Frame ID: 184
---------------------------------------------------------
Frame ID: 185
---------------------------------------------------------
Frame ID: 186
---------------------------------------------------------
Frame ID: 187
---------------------------------------------------------
Frame ID: 188
---------------------------------------------------------
Frame ID: 189
---------------------------------------------------------
Frame ID: 190
---------------------------------------------------------
Frame ID: 191
---------------------------------------------------------
Frame ID: 192
---------------------------------------------------------
Frame ID: 193
---------------------------------------------------------
Frame ID: 194
---------------------------------------------------------
Frame ID: 195
---------------------------------------------------------
Frame ID: 196
---------------------------------------------------------
Frame ID: 197
---------------------------------------------------------
Frame ID: 198
---------------------------------------------------------
Frame ID: 199
---------------------------------------------------------
Frame ID: 200
---------------------------------------------------------
Frame ID: 201
---------------------------------------------------------
Frame ID: 202
---------------------------------------------------------
Frame ID: 203
---------------------------------------------------------
Frame ID: 204
---------------------------------------------------------
Frame ID: 205
---------------------------------------------------------
Frame ID: 206
---------------------------------------------------------
Frame ID: 207
---------------------------------------------------------
Frame ID: 208
---------------------------------------------------------
Frame ID: 209
---------------------------------------------------------
Frame ID: 210
---------------------------------------------------------
Frame ID: 211
---------------------------------------------------------
Frame ID: 212
---------------------------------------------------------
Frame ID: 213
---------------------------------------------------------
Frame ID: 214
---------------------------------------------------------
Frame ID: 215
---------------------------------------------------------
Frame ID: 216
---------------------------------------------------------
Frame ID: 217
---------------------------------------------------------
Frame ID: 218
---------------------------------------------------------
Frame ID: 219
---------------------------------------------------------
Frame ID: 220
---------------------------------------------------------
Frame ID: 221
---------------------------------------------------------
Frame ID: 222
---------------------------------------------------------
Frame ID: 223
---------------------------------------------------------
Frame ID: 224
---------------------------------------------------------
Frame ID: 225
---------------------------------------------------------
Frame ID: 226
---------------------------------------------------------
Frame ID: 227
---------------------------------------------------------
Frame ID: 228
---------------------------------------------------------
Frame ID: 229
---------------------------------------------------------
Frame ID: 230
---------------------------------------------------------
Frame ID: 231
---------------------------------------------------------
Frame ID: 232
---------------------------------------------------------
Frame ID: 233
---------------------------------------------------------
Frame ID: 234
---------------------------------------------------------
Frame ID: 235
---------------------------------------------------------
Frame ID: 236
---------------------------------------------------------
Frame ID: 237
---------------------------------------------------------
Frame ID: 238
---------------------------------------------------------
Frame ID: 239
---------------------------------------------------------
Frame ID: 240
---------------------------------------------------------
Frame ID: 241
---------------------------------------------------------
Frame ID: 242
---------------------------------------------------------
Frame ID: 243
---------------------------------------------------------
Frame ID: 244
---------------------------------------------------------
Frame ID: 245
---------------------------------------------------------
Frame ID: 246
---------------------------------------------------------
Frame ID: 247
---------------------------------------------------------
Frame ID: 248
---------------------------------------------------------
Frame ID: 249
---------------------------------------------------------
Frame ID: 250
---------------------------------------------------------
Frame ID: 251
---------------------------------------------------------
Frame ID: 252
---------------------------------------------------------
Frame ID: 253
---------------------------------------------------------
Frame ID: 254
---------------------------------------------------------
Frame ID: 255
---------------------------------------------------------
Frame ID: 256
---------------------------------------------------------
Frame ID: 257
---------------------------------------------------------
Frame ID: 258
---------------------------------------------------------
Frame ID: 259
---------------------------------------------------------
Frame ID: 260
---------------------------------------------------------
Frame ID: 261
---------------------------------------------------------
Frame ID: 262
---------------------------------------------------------
Frame ID: 263
---------------------------------------------------------
Frame ID: 264
---------------------------------------------------------
Frame ID: 265
---------------------------------------------------------
Frame ID: 266
---------------------------------------------------------
Frame ID: 267
---------------------------------------------------------
Frame ID: 268
---------------------------------------------------------
Frame ID: 269
---------------------------------------------------------
Frame ID: 270
---------------------------------------------------------
Frame ID: 271
---------------------------------------------------------
Frame ID: 272
---------------------------------------------------------
Frame ID: 273
---------------------------------------------------------
Frame ID: 274
---------------------------------------------------------
Frame ID: 275
---------------------------------------------------------
Frame ID: 276
---------------------------------------------------------
Frame ID: 277
---------------------------------------------------------
Frame ID: 278
---------------------------------------------------------
Frame ID: 279
---------------------------------------------------------
Frame ID: 280
---------------------------------------------------------
Frame ID: 281
---------------------------------------------------------
Frame ID: 282
---------------------------------------------------------
Frame ID: 283
---------------------------------------------------------
Frame ID: 284
---------------------------------------------------------
Frame ID: 285
---------------------------------------------------------
Frame ID: 286
---------------------------------------------------------
Frame ID: 287
---------------------------------------------------------
Frame ID: 288
---------------------------------------------------------
Frame ID: 289
---------------------------------------------------------
Frame ID: 290
---------------------------------------------------------
Frame ID: 291
---------------------------------------------------------
Frame ID: 292
---------------------------------------------------------
Frame ID: 293
---------------------------------------------------------
Frame ID: 294
---------------------------------------------------------
Frame ID: 295
---------------------------------------------------------
Frame ID: 296
---------------------------------------------------------
Frame ID: 297
---------------------------------------------------------
Frame ID: 298
---------------------------------------------------------
Frame ID: 299
---------------------------------------------------------
Frame ID: 300
---------------------------------------------------------
Frame ID: 301
---------------------------------------------------------
Frame ID: 302
---------------------------------------------------------
Frame ID: 303
---------------------------------------------------------
Frame ID: 304
---------------------------------------------------------
Frame ID: 305
---------------------------------------------------------
Frame ID: 306
---------------------------------------------------------
Frame ID: 307
---------------------------------------------------------
Frame ID: 308
---------------------------------------------------------
Frame ID: 309
---------------------------------------------------------
Frame ID: 310
---------------------------------------------------------
Frame ID: 311
---------------------------------------------------------
Frame ID: 312
---------------------------------------------------------
Frame ID: 313
---------------------------------------------------------
Frame ID: 314
---------------------------------------------------------
Frame ID: 315
---------------------------------------------------------
Frame ID: 316
---------------------------------------------------------
Frame ID: 317
---------------------------------------------------------
Frame ID: 318
---------------------------------------------------------
Frame ID: 319
---------------------------------------------------------
Frame ID: 320
---------------------------------------------------------
Frame ID: 321
---------------------------------------------------------
Frame ID: 322
---------------------------------------------------------
Frame ID: 323
---------------------------------------------------------
Frame ID: 324
---------------------------------------------------------
Frame ID: 325
---------------------------------------------------------
Frame ID: 326
---------------------------------------------------------
Frame ID: 327
---------------------------------------------------------
Frame ID: 328
---------------------------------------------------------
Frame ID: 329
---------------------------------------------------------
Frame ID: 330
---------------------------------------------------------
Frame ID: 331
---------------------------------------------------------
Frame ID: 332
---------------------------------------------------------
Frame ID: 333
---------------------------------------------------------
Frame ID: 334
---------------------------------------------------------
Frame ID: 335
---------------------------------------------------------
Frame ID: 336
---------------------------------------------------------
Frame ID: 337
---------------------------------------------------------
Frame ID: 338
---------------------------------------------------------
Frame ID: 339
---------------------------------------------------------
Frame ID: 340
---------------------------------------------------------
Frame ID: 341
---------------------------------------------------------
Frame ID: 342
---------------------------------------------------------
Frame ID: 343
---------------------------------------------------------
Frame ID: 344
---------------------------------------------------------
Frame ID: 345
---------------------------------------------------------
Frame ID: 346
---------------------------------------------------------
Frame ID: 347
---------------------------------------------------------
Frame ID: 348
---------------------------------------------------------
Frame ID: 349
---------------------------------------------------------
Frame ID: 350
---------------------------------------------------------
Frame ID: 351
---------------------------------------------------------
Frame ID: 352
---------------------------------------------------------
Frame ID: 353
---------------------------------------------------------
Frame ID: 354
---------------------------------------------------------
Frame ID: 355
---------------------------------------------------------
Frame ID: 356
---------------------------------------------------------
Frame ID: 357
---------------------------------------------------------
Frame ID: 358
---------------------------------------------------------
Frame ID: 359
---------------------------------------------------------
Frame ID: 360
---------------------------------------------------------
Frame ID: 361
---------------------------------------------------------
Frame ID: 362
---------------------------------------------------------
Frame ID: 363
---------------------------------------------------------
Frame ID: 364
---------------------------------------------------------
Frame ID: 365
---------------------------------------------------------
Frame ID: 366
---------------------------------------------------------
Frame ID: 367
---------------------------------------------------------
Frame ID: 368
---------------------------------------------------------
Frame ID: 369
---------------------------------------------------------
Frame ID: 370
---------------------------------------------------------
Frame ID: 371
---------------------------------------------------------
Frame ID: 372
---------------------------------------------------------
Frame ID: 373
---------------------------------------------------------
Frame ID: 374
---------------------------------------------------------
Frame ID: 375
---------------------------------------------------------
Frame ID: 376
---------------------------------------------------------
Frame ID: 377
---------------------------------------------------------
Frame ID: 378
---------------------------------------------------------
Frame ID: 379
---------------------------------------------------------
Frame ID: 380
---------------------------------------------------------
Frame ID: 381
---------------------------------------------------------
Frame ID: 382
---------------------------------------------------------
Frame ID: 383
---------------------------------------------------------
Frame ID: 384
---------------------------------------------------------
Frame ID: 385
---------------------------------------------------------
Frame ID: 386
---------------------------------------------------------
Frame ID: 387
---------------------------------------------------------
Frame ID: 388
---------------------------------------------------------
Frame ID: 389
---------------------------------------------------------
Frame ID: 390
---------------------------------------------------------
Frame ID: 391
---------------------------------------------------------
Frame ID: 392
---------------------------------------------------------
Frame ID: 393
---------------------------------------------------------
Frame ID: 394
---------------------------------------------------------
Frame ID: 395
---------------------------------------------------------
Frame ID: 396
---------------------------------------------------------
Frame ID: 397
---------------------------------------------------------
Frame ID: 398
---------------------------------------------------------
Frame ID: 399
---------------------------------------------------------
Frame ID: 400
---------------------------------------------------------
Frame ID: 401
---------------------------------------------------------
Frame ID: 402
---------------------------------------------------------
Frame ID: 403
---------------------------------------------------------
Frame ID: 404
---------------------------------------------------------
Frame ID: 405
---------------------------------------------------------
Frame ID: 406
---------------------------------------------------------
Frame ID: 407
---------------------------------------------------------
Frame ID: 408
---------------------------------------------------------
Frame ID: 409
---------------------------------------------------------
Frame ID: 410
---------------------------------------------------------
Frame ID: 411
---------------------------------------------------------
Frame ID: 412
---------------------------------------------------------
Frame ID: 413
---------------------------------------------------------
Frame ID: 414
---------------------------------------------------------
Frame ID: 415
---------------------------------------------------------
Frame ID: 416
---------------------------------------------------------
Frame ID: 417
---------------------------------------------------------
Frame ID: 418
---------------------------------------------------------
Frame ID: 419
---------------------------------------------------------
Frame ID: 420
---------------------------------------------------------
Frame ID: 421
---------------------------------------------------------
Frame ID: 422
---------------------------------------------------------
Frame ID: 423
---------------------------------------------------------
Frame ID: 424
---------------------------------------------------------
Frame ID: 425
---------------------------------------------------------
Frame ID: 426
---------------------------------------------------------
Frame ID: 427
---------------------------------------------------------
Frame ID: 428
---------------------------------------------------------
Frame ID: 429
---------------------------------------------------------
Frame ID: 430
---------------------------------------------------------
Frame ID: 431
---------------------------------------------------------
Frame ID: 432
---------------------------------------------------------
Frame ID: 433
---------------------------------------------------------
Frame ID: 434
---------------------------------------------------------
Frame ID: 435
---------------------------------------------------------
Frame ID: 436
---------------------------------------------------------
Frame ID: 437
---------------------------------------------------------
Frame ID: 438
---------------------------------------------------------
Frame ID: 439
---------------------------------------------------------
Frame ID: 440
---------------------------------------------------------
Frame ID: 441
---------------------------------------------------------
Frame ID: 442
---------------------------------------------------------
Frame ID: 443
---------------------------------------------------------
Frame ID: 444
---------------------------------------------------------
Frame ID: 445
---------------------------------------------------------
Frame ID: 446
---------------------------------------------------------
Frame ID: 447
---------------------------------------------------------
Frame ID: 448
---------------------------------------------------------
Frame ID: 449
---------------------------------------------------------
Frame ID: 450
---------------------------------------------------------
Frame ID: 451
---------------------------------------------------------
Frame ID: 452
---------------------------------------------------------
Frame ID: 453
---------------------------------------------------------
Frame ID: 454
---------------------------------------------------------
Frame ID: 455
---------------------------------------------------------
Frame ID: 456
---------------------------------------------------------
Frame ID: 457
---------------------------------------------------------
Frame ID: 458
---------------------------------------------------------
Frame ID: 459
---------------------------------------------------------
Frame ID: 460
---------------------------------------------------------
Frame ID: 461
---------------------------------------------------------
Frame ID: 462
---------------------------------------------------------
Frame ID: 463
---------------------------------------------------------
Frame ID: 464
---------------------------------------------------------
Frame ID: 465
---------------------------------------------------------
Frame ID: 466
---------------------------------------------------------
Frame ID: 467
---------------------------------------------------------
Frame ID: 468
---------------------------------------------------------
Frame ID: 469
---------------------------------------------------------
Frame ID: 470
---------------------------------------------------------
Frame ID: 471
---------------------------------------------------------
Frame ID: 472
---------------------------------------------------------
Frame ID: 473
---------------------------------------------------------
Frame ID: 474
---------------------------------------------------------
Frame ID: 475
---------------------------------------------------------
Frame ID: 476
---------------------------------------------------------
Frame ID: 477
---------------------------------------------------------
Frame ID: 478
---------------------------------------------------------
Frame ID: 479
---------------------------------------------------------
Frame ID: 480
---------------------------------------------------------
Frame ID: 481
---------------------------------------------------------
Frame ID: 482
---------------------------------------------------------
Frame ID: 483
---------------------------------------------------------
Frame ID: 484
---------------------------------------------------------
Frame ID: 485
---------------------------------------------------------
Frame ID: 486
---------------------------------------------------------
Frame ID: 487
---------------------------------------------------------
Frame ID: 488
---------------------------------------------------------
Frame ID: 489
---------------------------------------------------------
Frame ID: 490
---------------------------------------------------------
Frame ID: 491
---------------------------------------------------------
Frame ID: 492
---------------------------------------------------------
Frame ID: 493
---------------------------------------------------------
Frame ID: 494
---------------------------------------------------------
Frame ID: 495
---------------------------------------------------------
Frame ID: 496
---------------------------------------------------------
Frame ID: 497
---------------------------------------------------------
Frame ID: 498
---------------------------------------------------------
Frame ID: 499
---------------------------------------------------------
Frame ID: 500
---------------------------------------------------------
Frame ID: 501
---------------------------------------------------------
Frame ID: 502
---------------------------------------------------------
Frame ID: 503
---------------------------------------------------------
Frame ID: 504
---------------------------------------------------------
Frame ID: 505
---------------------------------------------------------
Frame ID: 506
---------------------------------------------------------
Frame ID: 507
---------------------------------------------------------
Frame ID: 508
---------------------------------------------------------
Frame ID: 509
---------------------------------------------------------
Frame ID: 510
---------------------------------------------------------
Frame ID: 511
---------------------------------------------------------
Frame ID: 512
---------------------------------------------------------
Frame ID: 513
---------------------------------------------------------
Frame ID: 514
---------------------------------------------------------
Frame ID: 515
---------------------------------------------------------
Frame ID: 516
---------------------------------------------------------
Frame ID: 517
---------------------------------------------------------
Frame ID: 518
---------------------------------------------------------
Frame ID: 519
---------------------------------------------------------
Frame ID: 520
---------------------------------------------------------
Frame ID: 521
---------------------------------------------------------
Frame ID: 522
---------------------------------------------------------
Frame ID: 523
---------------------------------------------------------
Frame ID: 524
---------------------------------------------------------
Frame ID: 525
---------------------------------------------------------
Frame ID: 526
---------------------------------------------------------
Frame ID: 527
---------------------------------------------------------
Frame ID: 528
---------------------------------------------------------
Frame ID: 529
---------------------------------------------------------
Frame ID: 530
---------------------------------------------------------
Frame ID: 531
---------------------------------------------------------
Frame ID: 532
---------------------------------------------------------
Frame ID: 533
---------------------------------------------------------
Frame ID: 534
---------------------------------------------------------
Frame ID: 535
---------------------------------------------------------
Frame ID: 536
---------------------------------------------------------
Frame ID: 537
---------------------------------------------------------
Frame ID: 538
---------------------------------------------------------
Frame ID: 539
---------------------------------------------------------
Frame ID: 540
---------------------------------------------------------
Frame ID: 541
---------------------------------------------------------
Frame ID: 542
---------------------------------------------------------
Frame ID: 543
---------------------------------------------------------
Frame ID: 544
---------------------------------------------------------
Frame ID: 545
---------------------------------------------------------
Frame ID: 546
---------------------------------------------------------
Frame ID: 547
---------------------------------------------------------
Frame ID: 548
---------------------------------------------------------
Frame ID: 549
---------------------------------------------------------
Frame ID: 550
---------------------------------------------------------
Frame ID: 551
---------------------------------------------------------
Frame ID: 552
---------------------------------------------------------
Frame ID: 553
---------------------------------------------------------
Frame ID: 554
---------------------------------------------------------
Frame ID: 555
---------------------------------------------------------
Frame ID: 556
---------------------------------------------------------
Frame ID: 557
---------------------------------------------------------
Frame ID: 558
---------------------------------------------------------
Frame ID: 559
---------------------------------------------------------
Frame ID: 560
---------------------------------------------------------
Frame ID: 561
---------------------------------------------------------
Frame ID: 562
---------------------------------------------------------
Frame ID: 563
---------------------------------------------------------
Frame ID: 564
---------------------------------------------------------
Frame ID: 565
---------------------------------------------------------
Frame ID: 566
---------------------------------------------------------
Frame ID: 567
---------------------------------------------------------
Frame ID: 568
---------------------------------------------------------
Frame ID: 569
---------------------------------------------------------
Frame ID: 570
---------------------------------------------------------
Frame ID: 571
---------------------------------------------------------
Frame ID: 572
---------------------------------------------------------
Frame ID: 573
---------------------------------------------------------
Frame ID: 574
---------------------------------------------------------
Frame ID: 575
---------------------------------------------------------
Frame ID: 576
---------------------------------------------------------
Frame ID: 577
---------------------------------------------------------
Frame ID: 578
---------------------------------------------------------
Frame ID: 579
---------------------------------------------------------
Frame ID: 580
---------------------------------------------------------
Frame ID: 581
---------------------------------------------------------
Frame ID: 582
---------------------------------------------------------
Frame ID: 583
---------------------------------------------------------
Frame ID: 584
---------------------------------------------------------
Frame ID: 585
---------------------------------------------------------
Frame ID: 586
---------------------------------------------------------
Frame ID: 587
---------------------------------------------------------
Frame ID: 588
---------------------------------------------------------
Frame ID: 589
---------------------------------------------------------
Frame ID: 590
---------------------------------------------------------
Frame ID: 591
---------------------------------------------------------
Frame ID: 592
---------------------------------------------------------
Frame ID: 593
---------------------------------------------------------
Frame ID: 594
---------------------------------------------------------
Frame ID: 595
---------------------------------------------------------
Frame ID: 596
---------------------------------------------------------
Frame ID: 597
---------------------------------------------------------
Frame ID: 598
---------------------------------------------------------
Frame ID: 599
---------------------------------------------------------
Frame ID: 600
---------------------------------------------------------
Frame ID: 601
---------------------------------------------------------
Frame ID: 602
---------------------------------------------------------
Frame ID: 603
---------------------------------------------------------
Frame ID: 604
---------------------------------------------------------
Frame ID: 605
---------------------------------------------------------
Frame ID: 606
---------------------------------------------------------
Frame ID: 607
---------------------------------------------------------
Frame ID: 608
---------------------------------------------------------
Frame ID: 609
---------------------------------------------------------
Frame ID: 610
---------------------------------------------------------
Frame ID: 611
---------------------------------------------------------
Frame ID: 612
---------------------------------------------------------
Frame ID: 613
---------------------------------------------------------
Frame ID: 614
---------------------------------------------------------
Frame ID: 615
---------------------------------------------------------
Frame ID: 616
---------------------------------------------------------
Frame ID: 617
---------------------------------------------------------
Frame ID: 618
---------------------------------------------------------
Frame ID: 619
---------------------------------------------------------
Frame ID: 620
---------------------------------------------------------
Frame ID: 621
---------------------------------------------------------
Frame ID: 622
---------------------------------------------------------
Frame ID: 623
---------------------------------------------------------
Frame ID: 624
---------------------------------------------------------
Frame ID: 625
---------------------------------------------------------
Frame ID: 626
---------------------------------------------------------
Frame ID: 627
---------------------------------------------------------
Frame ID: 628
---------------------------------------------------------
Frame ID: 629
---------------------------------------------------------
Frame ID: 630
---------------------------------------------------------
Frame ID: 631
---------------------------------------------------------
Frame ID: 632
---------------------------------------------------------
Frame ID: 633
---------------------------------------------------------
Frame ID: 634
---------------------------------------------------------
Frame ID: 635
---------------------------------------------------------
Frame ID: 636
---------------------------------------------------------
Frame ID: 637
---------------------------------------------------------
Frame ID: 638
---------------------------------------------------------
Frame ID: 639
---------------------------------------------------------
Frame ID: 640
---------------------------------------------------------
Frame ID: 641
---------------------------------------------------------
Frame ID: 642
---------------------------------------------------------
Frame ID: 643
---------------------------------------------------------
Frame ID: 644
---------------------------------------------------------
Frame ID: 645
---------------------------------------------------------
Frame ID: 646
---------------------------------------------------------
Frame ID: 647
---------------------------------------------------------
Frame ID: 648
---------------------------------------------------------
Frame ID: 649
---------------------------------------------------------
Frame ID: 650
---------------------------------------------------------
Frame ID: 651
---------------------------------------------------------
Frame ID: 652
---------------------------------------------------------
Frame ID: 653
---------------------------------------------------------
Frame ID: 654
---------------------------------------------------------
Frame ID: 655
---------------------------------------------------------
Frame ID: 656
---------------------------------------------------------
Frame ID: 657
---------------------------------------------------------
Frame ID: 658
---------------------------------------------------------
Frame ID: 659
---------------------------------------------------------
Frame ID: 660
---------------------------------------------------------
Frame ID: 661
---------------------------------------------------------
Frame ID: 662
---------------------------------------------------------
Frame ID: 663
---------------------------------------------------------
Frame ID: 664
---------------------------------------------------------
Frame ID: 665
---------------------------------------------------------
Frame ID: 666
---------------------------------------------------------
Frame ID: 667
---------------------------------------------------------
Frame ID: 668
---------------------------------------------------------
Frame ID: 669
---------------------------------------------------------
Frame ID: 670
---------------------------------------------------------
Frame ID: 671
---------------------------------------------------------
Frame ID: 672
---------------------------------------------------------
Frame ID: 673
---------------------------------------------------------
Frame ID: 674
---------------------------------------------------------
Frame ID: 675
---------------------------------------------------------
Frame ID: 676
---------------------------------------------------------
Frame ID: 677
---------------------------------------------------------
Frame ID: 678
---------------------------------------------------------
Frame ID: 679
---------------------------------------------------------
Frame ID: 680
---------------------------------------------------------
Frame ID: 681
---------------------------------------------------------
Frame ID: 682
---------------------------------------------------------
Frame ID: 683
---------------------------------------------------------
Frame ID: 684
---------------------------------------------------------
Frame ID: 685
---------------------------------------------------------
Frame ID: 686
---------------------------------------------------------
Frame ID: 687
---------------------------------------------------------
Frame ID: 688
---------------------------------------------------------
Frame ID: 689
---------------------------------------------------------
Frame ID: 690
---------------------------------------------------------
Frame ID: 691
---------------------------------------------------------
Frame ID: 692
---------------------------------------------------------
Frame ID: 693
---------------------------------------------------------
Frame ID: 694
---------------------------------------------------------
Frame ID: 695
---------------------------------------------------------
Frame ID: 696
---------------------------------------------------------
Frame ID: 697
---------------------------------------------------------
Frame ID: 698
---------------------------------------------------------
Frame ID: 699
---------------------------------------------------------
Frame ID: 700
---------------------------------------------------------
Frame ID: 701
---------------------------------------------------------
Frame ID: 702
---------------------------------------------------------
Frame ID: 703
---------------------------------------------------------
Frame ID: 704
---------------------------------------------------------
Frame ID: 705
---------------------------------------------------------
Frame ID: 706
---------------------------------------------------------
Frame ID: 707
---------------------------------------------------------
Frame ID: 708
---------------------------------------------------------
Frame ID: 709
---------------------------------------------------------
Frame ID: 710
---------------------------------------------------------
Frame ID: 711
---------------------------------------------------------
Frame ID: 712
---------------------------------------------------------
Frame ID: 713
---------------------------------------------------------
Frame ID: 714
---------------------------------------------------------
Frame ID: 715
---------------------------------------------------------
Frame ID: 716
---------------------------------------------------------
Frame ID: 717
---------------------------------------------------------
Frame ID: 718
---------------------------------------------------------
Frame ID: 719
---------------------------------------------------------
Frame ID: 720
---------------------------------------------------------
Frame ID: 721
---------------------------------------------------------
Frame ID: 722
---------------------------------------------------------
Frame ID: 723
---------------------------------------------------------
Frame ID: 724
---------------------------------------------------------
Frame ID: 725
---------------------------------------------------------
Frame ID: 726
---------------------------------------------------------
Frame ID: 727
---------------------------------------------------------
Frame ID: 728
---------------------------------------------------------
Frame ID: 729
---------------------------------------------------------
Frame ID: 730
---------------------------------------------------------
Frame ID: 731
---------------------------------------------------------
Frame ID: 732
---------------------------------------------------------
Frame ID: 733
---------------------------------------------------------
Frame ID: 734
---------------------------------------------------------
Frame ID: 735
---------------------------------------------------------
Frame ID: 736
---------------------------------------------------------
Frame ID: 737
---------------------------------------------------------
Frame ID: 738
---------------------------------------------------------
Frame ID: 739
---------------------------------------------------------
Frame ID: 740
---------------------------------------------------------
Frame ID: 741
---------------------------------------------------------
Frame ID: 742
---------------------------------------------------------
Frame ID: 743
---------------------------------------------------------
Frame ID: 744
---------------------------------------------------------
Frame ID: 745
---------------------------------------------------------
Frame ID: 746
---------------------------------------------------------
Frame ID: 747
---------------------------------------------------------
Frame ID: 748
---------------------------------------------------------
Frame ID: 749
---------------------------------------------------------
Frame ID: 750
---------------------------------------------------------
Frame ID: 751
---------------------------------------------------------
Frame ID: 752
---------------------------------------------------------
Frame ID: 753
---------------------------------------------------------
Frame ID: 754
---------------------------------------------------------
Frame ID: 755
---------------------------------------------------------
Frame ID: 756
---------------------------------------------------------
Frame ID: 757
---------------------------------------------------------
Frame ID: 758
---------------------------------------------------------
Frame ID: 759
---------------------------------------------------------
Frame ID: 760
---------------------------------------------------------
Frame ID: 761
---------------------------------------------------------
Frame ID: 762
---------------------------------------------------------
Frame ID: 763
---------------------------------------------------------
Frame ID: 764
---------------------------------------------------------
Frame ID: 765
---------------------------------------------------------
Frame ID: 766
---------------------------------------------------------
Frame ID: 767
---------------------------------------------------------
Frame ID: 768
---------------------------------------------------------
Frame ID: 769
---------------------------------------------------------
Frame ID: 770
---------------------------------------------------------
Frame ID: 771
---------------------------------------------------------
Frame ID: 772
---------------------------------------------------------
Frame ID: 773
---------------------------------------------------------
Frame ID: 774
---------------------------------------------------------
Frame ID: 775
---------------------------------------------------------
Frame ID: 776
---------------------------------------------------------
Frame ID: 777
---------------------------------------------------------
Frame ID: 778
---------------------------------------------------------
Frame ID: 779
---------------------------------------------------------
Frame ID: 780
---------------------------------------------------------
Frame ID: 781
---------------------------------------------------------
Frame ID: 782
---------------------------------------------------------
Frame ID: 783
---------------------------------------------------------
Frame ID: 784
---------------------------------------------------------
Frame ID: 785
---------------------------------------------------------
Frame ID: 786
---------------------------------------------------------
Frame ID: 787
---------------------------------------------------------
Frame ID: 788
---------------------------------------------------------
Frame ID: 789
---------------------------------------------------------
Frame ID: 790
---------------------------------------------------------
Frame ID: 791
---------------------------------------------------------
Frame ID: 792
---------------------------------------------------------
Frame ID: 793
---------------------------------------------------------
Frame ID: 794
---------------------------------------------------------
Frame ID: 795
---------------------------------------------------------
Frame ID: 796
---------------------------------------------------------
Frame ID: 797
---------------------------------------------------------
Frame ID: 798
---------------------------------------------------------
Frame ID: 799
---------------------------------------------------------
Frame ID: 800
---------------------------------------------------------
Frame ID: 801
---------------------------------------------------------
Frame ID: 802
---------------------------------------------------------
Frame ID: 803
---------------------------------------------------------
Frame ID: 804
---------------------------------------------------------
Frame ID: 805
---------------------------------------------------------
Frame ID: 806
---------------------------------------------------------
Frame ID: 807
---------------------------------------------------------
Frame ID: 808
---------------------------------------------------------
Frame ID: 809
---------------------------------------------------------
Frame ID: 810
---------------------------------------------------------
Frame ID: 811
---------------------------------------------------------
Frame ID: 812
---------------------------------------------------------
Frame ID: 813
---------------------------------------------------------
Frame ID: 814
---------------------------------------------------------
Frame ID: 815
---------------------------------------------------------
Frame ID: 816
---------------------------------------------------------
Frame ID: 817
---------------------------------------------------------
Frame ID: 818
---------------------------------------------------------
Frame ID: 819
---------------------------------------------------------
Frame ID: 820
---------------------------------------------------------
Frame ID: 821
---------------------------------------------------------
Frame ID: 822
---------------------------------------------------------
Frame ID: 823
---------------------------------------------------------
Frame ID: 824
---------------------------------------------------------
Frame ID: 825
---------------------------------------------------------
Frame ID: 826
---------------------------------------------------------
Frame ID: 827
---------------------------------------------------------
Frame ID: 828
---------------------------------------------------------
Frame ID: 829
---------------------------------------------------------
Frame ID: 830
---------------------------------------------------------
Frame ID: 831
---------------------------------------------------------
Frame ID: 832
---------------------------------------------------------
Frame ID: 833
---------------------------------------------------------
Frame ID: 834
---------------------------------------------------------
Frame ID: 835
---------------------------------------------------------
Frame ID: 836
---------------------------------------------------------
Frame ID: 837
---------------------------------------------------------
Frame ID: 838
---------------------------------------------------------
Frame ID: 839
---------------------------------------------------------
Frame ID: 840
---------------------------------------------------------
Frame ID: 841
---------------------------------------------------------
Frame ID: 842
---------------------------------------------------------
Frame ID: 843
---------------------------------------------------------
Frame ID: 844
---------------------------------------------------------
Frame ID: 845
---------------------------------------------------------
Frame ID: 846
---------------------------------------------------------
Frame ID: 847
---------------------------------------------------------
Frame ID: 848
---------------------------------------------------------
Frame ID: 849
---------------------------------------------------------
Frame ID: 850
---------------------------------------------------------
Frame ID: 851
---------------------------------------------------------
Frame ID: 852
---------------------------------------------------------
Frame ID: 853
---------------------------------------------------------
Frame ID: 854
---------------------------------------------------------
Frame ID: 855
---------------------------------------------------------
Frame ID: 856
---------------------------------------------------------
Frame ID: 857
---------------------------------------------------------
Frame ID: 858
---------------------------------------------------------
Frame ID: 859
---------------------------------------------------------
Frame ID: 860
---------------------------------------------------------
Frame ID: 861
---------------------------------------------------------
Frame ID: 862
---------------------------------------------------------
Frame ID: 863
---------------------------------------------------------
Frame ID: 864
---------------------------------------------------------
Frame ID: 865
---------------------------------------------------------
Frame ID: 866
---------------------------------------------------------
Frame ID: 867
---------------------------------------------------------
Frame ID: 868
---------------------------------------------------------
Frame ID: 869
---------------------------------------------------------
Frame ID: 870
---------------------------------------------------------
Frame ID: 871
---------------------------------------------------------
Frame ID: 872
---------------------------------------------------------
Frame ID: 873
---------------------------------------------------------
Frame ID: 874
---------------------------------------------------------
Frame ID: 875
---------------------------------------------------------
Frame ID: 876
---------------------------------------------------------
Frame ID: 877
---------------------------------------------------------
Frame ID: 878
---------------------------------------------------------
Frame ID: 879
---------------------------------------------------------
Frame ID: 880
---------------------------------------------------------
Frame ID: 881
---------------------------------------------------------
Frame ID: 882
---------------------------------------------------------
Frame ID: 883
---------------------------------------------------------
Frame ID: 884
---------------------------------------------------------
Frame ID: 885
---------------------------------------------------------
Frame ID: 886
---------------------------------------------------------
Frame ID: 887
---------------------------------------------------------
Frame ID: 888
---------------------------------------------------------
Frame ID: 889
---------------------------------------------------------
Frame ID: 890
---------------------------------------------------------
Frame ID: 891
---------------------------------------------------------
Frame ID: 892
---------------------------------------------------------
Frame ID: 893
---------------------------------------------------------
Frame ID: 894
---------------------------------------------------------
Frame ID: 895
---------------------------------------------------------
Frame ID: 896
---------------------------------------------------------
Frame ID: 897
---------------------------------------------------------
Frame ID: 898
---------------------------------------------------------
Frame ID: 899
---------------------------------------------------------
Frame ID: 900
---------------------------------------------------------
Frame ID: 901
---------------------------------------------------------
Frame ID: 902
---------------------------------------------------------
Frame ID: 903
---------------------------------------------------------
Frame ID: 904
---------------------------------------------------------
Frame ID: 905
---------------------------------------------------------
Frame ID: 906
---------------------------------------------------------
Frame ID: 907
---------------------------------------------------------
Frame ID: 908
---------------------------------------------------------
Frame ID: 909
---------------------------------------------------------
Frame ID: 910
---------------------------------------------------------
Frame ID: 911
---------------------------------------------------------
Frame ID: 912
---------------------------------------------------------
Frame ID: 913
---------------------------------------------------------
Frame ID: 914
---------------------------------------------------------
Frame ID: 915
---------------------------------------------------------
Frame ID: 916
---------------------------------------------------------
Frame ID: 917
---------------------------------------------------------
Frame ID: 918
---------------------------------------------------------
Frame ID: 919
---------------------------------------------------------
Frame ID: 920
---------------------------------------------------------
Frame ID: 921
---------------------------------------------------------
Frame ID: 922
---------------------------------------------------------
Frame ID: 923
---------------------------------------------------------
Frame ID: 924
---------------------------------------------------------
Frame ID: 925
---------------------------------------------------------
Frame ID: 926
---------------------------------------------------------
Frame ID: 927
---------------------------------------------------------
Frame ID: 928
---------------------------------------------------------
Frame ID: 929
---------------------------------------------------------
Frame ID: 930
---------------------------------------------------------
Frame ID: 931
---------------------------------------------------------
Frame ID: 932
---------------------------------------------------------
Frame ID: 933
---------------------------------------------------------
Frame ID: 934
---------------------------------------------------------
Frame ID: 935
---------------------------------------------------------
Frame ID: 936
---------------------------------------------------------
Frame ID: 937
---------------------------------------------------------
Frame ID: 938
---------------------------------------------------------
Frame ID: 939
---------------------------------------------------------
Frame ID: 940
---------------------------------------------------------
Frame ID: 941
---------------------------------------------------------
Frame ID: 942
---------------------------------------------------------
Frame ID: 943
---------------------------------------------------------
Frame ID: 944
---------------------------------------------------------
Frame ID: 945
---------------------------------------------------------
Frame ID: 946
---------------------------------------------------------
Frame ID: 947
---------------------------------------------------------
Frame ID: 948
---------------------------------------------------------
Frame ID: 949
---------------------------------------------------------
Frame ID: 950
---------------------------------------------------------
Frame ID: 951
---------------------------------------------------------
Frame ID: 952
---------------------------------------------------------
Frame ID: 953
---------------------------------------------------------
Frame ID: 954
---------------------------------------------------------
Frame ID: 955
---------------------------------------------------------
Frame ID: 956
---------------------------------------------------------
Frame ID: 957
---------------------------------------------------------
Frame ID: 958
---------------------------------------------------------
Frame ID: 959
---------------------------------------------------------
Frame ID: 960
---------------------------------------------------------
Frame ID: 961
---------------------------------------------------------
Frame ID: 962
---------------------------------------------------------
Frame ID: 963
---------------------------------------------------------
Frame ID: 964
---------------------------------------------------------
Frame ID: 965
---------------------------------------------------------
Frame ID: 966
---------------------------------------------------------
Frame ID: 967
---------------------------------------------------------
Frame ID: 968
---------------------------------------------------------
Frame ID: 969
---------------------------------------------------------
Frame ID: 970
---------------------------------------------------------
Frame ID: 971
---------------------------------------------------------
Frame ID: 972
---------------------------------------------------------
Frame ID: 973
---------------------------------------------------------
Frame ID: 974
---------------------------------------------------------
Frame ID: 975
---------------------------------------------------------
Frame ID: 976
---------------------------------------------------------
Frame ID: 977
---------------------------------------------------------
Frame ID: 978
---------------------------------------------------------
Frame ID: 979
---------------------------------------------------------
Frame ID: 980
---------------------------------------------------------
Frame ID: 981
---------------------------------------------------------
Frame ID: 982
---------------------------------------------------------
Frame ID: 983
---------------------------------------------------------
Frame ID: 984
---------------------------------------------------------
Frame ID: 985
---------------------------------------------------------
Frame ID: 986
---------------------------------------------------------
Frame ID: 987
---------------------------------------------------------
Frame ID: 988
---------------------------------------------------------
Frame ID: 989
---------------------------------------------------------
Frame ID: 990
---------------------------------------------------------
Frame ID: 991
---------------------------------------------------------
Frame ID: 992
---------------------------------------------------------
Frame ID: 993
---------------------------------------------------------
Frame ID: 994
---------------------------------------------------------
Frame ID: 995
---------------------------------------------------------
Frame ID: 996
---------------------------------------------------------
Frame ID: 997
---------------------------------------------------------
Frame ID: 998
---------------------------------------------------------
Frame ID: 999
---------------------------------------------------------
Frame ID: 1000
---------------------------------------------------------
Frame ID: 1001
---------------------------------------------------------
Frame ID: 1002
---------------------------------------------------------
Frame ID: 1003
---------------------------------------------------------
Frame ID: 1004
---------------------------------------------------------
Frame ID: 1005
---------------------------------------------------------
Frame ID: 1006
---------------------------------------------------------
Frame ID: 1007
---------------------------------------------------------
Frame ID: 1008
---------------------------------------------------------
Frame ID: 1009
---------------------------------------------------------
Frame ID: 1010
---------------------------------------------------------
Frame ID: 1011
---------------------------------------------------------
Frame ID: 1012
---------------------------------------------------------
Frame ID: 1013
---------------------------------------------------------
Frame ID: 1014
---------------------------------------------------------
Frame ID: 1015
---------------------------------------------------------
Frame ID: 1016
---------------------------------------------------------
Frame ID: 1017
---------------------------------------------------------
Frame ID: 1018
---------------------------------------------------------
Frame ID: 1019
---------------------------------------------------------
Frame ID: 1020
---------------------------------------------------------
Frame ID: 1021
---------------------------------------------------------
Frame ID: 1022
---------------------------------------------------------
Frame ID: 1023
---------------------------------------------------------
Frame ID: 1024
---------------------------------------------------------
Frame ID: 1025
---------------------------------------------------------
Frame ID: 1026
---------------------------------------------------------
Frame ID: 1027
---------------------------------------------------------
Frame ID: 1028
---------------------------------------------------------
Frame ID: 1029
---------------------------------------------------------
Frame ID: 1030
---------------------------------------------------------
Frame ID: 1031
---------------------------------------------------------
Frame ID: 1032
---------------------------------------------------------
Frame ID: 1033
---------------------------------------------------------
Frame ID: 1034
---------------------------------------------------------
Frame ID: 1035
---------------------------------------------------------
Frame ID: 1036
---------------------------------------------------------
Frame ID: 1037
---------------------------------------------------------
Frame ID: 1038
---------------------------------------------------------
Frame ID: 1039
---------------------------------------------------------
Frame ID: 1040
---------------------------------------------------------
Frame ID: 1041
---------------------------------------------------------
Frame ID: 1042
---------------------------------------------------------
Frame ID: 1043
---------------------------------------------------------
Frame ID: 1044
---------------------------------------------------------
Frame ID: 1045
---------------------------------------------------------
Frame ID: 1046
---------------------------------------------------------
Frame ID: 1047
---------------------------------------------------------
Frame ID: 1048
---------------------------------------------------------
Frame ID: 1049
---------------------------------------------------------
Frame ID: 1050
---------------------------------------------------------
Frame ID: 1051
---------------------------------------------------------
Frame ID: 1052
---------------------------------------------------------
Frame ID: 1053
---------------------------------------------------------
Frame ID: 1054
---------------------------------------------------------
Frame ID: 1055
---------------------------------------------------------
Frame ID: 1056
---------------------------------------------------------
Frame ID: 1057
---------------------------------------------------------
Frame ID: 1058
---------------------------------------------------------
Frame ID: 1059
---------------------------------------------------------
Frame ID: 1060
---------------------------------------------------------
Frame ID: 1061
---------------------------------------------------------
Frame ID: 1062
---------------------------------------------------------
Frame ID: 1063
---------------------------------------------------------
Frame ID: 1064
---------------------------------------------------------
Frame ID: 1065
---------------------------------------------------------
Frame ID: 1066
---------------------------------------------------------
Frame ID: 1067
---------------------------------------------------------
Frame ID: 1068
---------------------------------------------------------
Frame ID: 1069
---------------------------------------------------------
Frame ID: 1070
---------------------------------------------------------
Frame ID: 1071
---------------------------------------------------------
Frame ID: 1072
---------------------------------------------------------
Frame ID: 1073
---------------------------------------------------------
Frame ID: 1074
---------------------------------------------------------
Frame ID: 1075
---------------------------------------------------------
Frame ID: 1076
---------------------------------------------------------
Frame ID: 1077
---------------------------------------------------------
Frame ID: 1078
---------------------------------------------------------
Frame ID: 1079
---------------------------------------------------------
Frame ID: 1080
---------------------------------------------------------
Frame ID: 1081
---------------------------------------------------------
Frame ID: 1082
---------------------------------------------------------
Frame ID: 1083
---------------------------------------------------------
Frame ID: 1084
---------------------------------------------------------
Frame ID: 1085
---------------------------------------------------------
Frame ID: 1086
---------------------------------------------------------
Frame ID: 1087
---------------------------------------------------------
Frame ID: 1088
---------------------------------------------------------
Frame ID: 1089
---------------------------------------------------------
Frame ID: 1090
---------------------------------------------------------
Frame ID: 1091
---------------------------------------------------------
Frame ID: 1092
---------------------------------------------------------
Frame ID: 1093
---------------------------------------------------------
Frame ID: 1094
---------------------------------------------------------
Frame ID: 1095
---------------------------------------------------------
Frame ID: 1096
---------------------------------------------------------
Frame ID: 1097
---------------------------------------------------------
Frame ID: 1098
---------------------------------------------------------
Frame ID: 1099
---------------------------------------------------------
Frame ID: 1100
---------------------------------------------------------
Frame ID: 1101
---------------------------------------------------------
Frame ID: 1102
---------------------------------------------------------
Frame ID: 1103
---------------------------------------------------------
Frame ID: 1104
---------------------------------------------------------
Frame ID: 1105
---------------------------------------------------------
Frame ID: 1106
---------------------------------------------------------
Frame ID: 1107
---------------------------------------------------------
Frame ID: 1108
---------------------------------------------------------
Frame ID: 1109
---------------------------------------------------------
Frame ID: 1110
---------------------------------------------------------
Frame ID: 1111
---------------------------------------------------------
Frame ID: 1112
---------------------------------------------------------
Frame ID: 1113
---------------------------------------------------------
Frame ID: 1114
---------------------------------------------------------
Frame ID: 1115
---------------------------------------------------------
Frame ID: 1116
---------------------------------------------------------
Frame ID: 1117
---------------------------------------------------------
Frame ID: 1118
---------------------------------------------------------
Frame ID: 1119
---------------------------------------------------------
Frame ID: 1120
---------------------------------------------------------
Frame ID: 1121
---------------------------------------------------------
Frame ID: 1122
---------------------------------------------------------
Frame ID: 1123
---------------------------------------------------------
Frame ID: 1124
---------------------------------------------------------
Frame ID: 1125
---------------------------------------------------------
Frame ID: 1126
---------------------------------------------------------
Frame ID: 1127
---------------------------------------------------------
Frame ID: 1128
---------------------------------------------------------
Frame ID: 1129
---------------------------------------------------------
Frame ID: 1130
---------------------------------------------------------
Frame ID: 1131
---------------------------------------------------------
Frame ID: 1132
---------------------------------------------------------
Frame ID: 1133
---------------------------------------------------------
Frame ID: 1134
---------------------------------------------------------
Frame ID: 1135
---------------------------------------------------------
Frame ID: 1136
---------------------------------------------------------
Frame ID: 1137
---------------------------------------------------------
Frame ID: 1138
---------------------------------------------------------
Frame ID: 1139
---------------------------------------------------------
Frame ID: 1140
---------------------------------------------------------
Frame ID: 1141
---------------------------------------------------------
Frame ID: 1142
---------------------------------------------------------
Frame ID: 1143
---------------------------------------------------------
Frame ID: 1144
---------------------------------------------------------
Frame ID: 1145
---------------------------------------------------------
Frame ID: 1146
---------------------------------------------------------
Frame ID: 1147
---------------------------------------------------------
Frame ID: 1148
---------------------------------------------------------
Frame ID: 1149
---------------------------------------------------------
Frame ID: 1150
---------------------------------------------------------
Frame ID: 1151
---------------------------------------------------------
Frame ID: 1152
---------------------------------------------------------
Frame ID: 1153
---------------------------------------------------------
Frame ID: 1154
---------------------------------------------------------
Frame ID: 1155
---------------------------------------------------------
Frame ID: 1156
---------------------------------------------------------
Frame ID: 1157
---------------------------------------------------------
Frame ID: 1158
---------------------------------------------------------
Frame ID: 1159
---------------------------------------------------------
Frame ID: 1160
---------------------------------------------------------
Frame ID: 1161
---------------------------------------------------------
Frame ID: 1162
---------------------------------------------------------
Frame ID: 1163
---------------------------------------------------------
Frame ID: 1164
---------------------------------------------------------
Frame ID: 1165
---------------------------------------------------------
Frame ID: 1166
---------------------------------------------------------
Frame ID: 1167
---------------------------------------------------------
Frame ID: 1168
---------------------------------------------------------
Frame ID: 1169
---------------------------------------------------------
Frame ID: 1170
---------------------------------------------------------
Frame ID: 1171
---------------------------------------------------------
Frame ID: 1172
---------------------------------------------------------
Frame ID: 1173
---------------------------------------------------------
Frame ID: 1174
---------------------------------------------------------
Frame ID: 1175
---------------------------------------------------------
Frame ID: 1176
---------------------------------------------------------
Frame ID: 1177
---------------------------------------------------------
Frame ID: 1178
---------------------------------------------------------
Frame ID: 1179
---------------------------------------------------------
Frame ID: 1180
---------------------------------------------------------
Frame ID: 1181
---------------------------------------------------------
Frame ID: 1182
---------------------------------------------------------
Frame ID: 1183
---------------------------------------------------------
Frame ID: 1184
---------------------------------------------------------
Frame ID: 1185
---------------------------------------------------------
Frame ID: 1186
---------------------------------------------------------
Frame ID: 1187
---------------------------------------------------------
Frame ID: 1188
---------------------------------------------------------
Frame ID: 1189
---------------------------------------------------------
Frame ID: 1190
---------------------------------------------------------
Frame ID: 1191
---------------------------------------------------------
Frame ID: 1192
---------------------------------------------------------
Frame ID: 1193
---------------------------------------------------------
Frame ID: 1194
---------------------------------------------------------
Frame ID: 1195
---------------------------------------------------------
Frame ID: 1196
---------------------------------------------------------
Frame ID: 1197
---------------------------------------------------------
Frame ID: 1198
---------------------------------------------------------
Frame ID: 1199
---------------------------------------------------------
Frame ID: 1200
---------------------------------------------------------
Frame ID: 1201
---------------------------------------------------------
Frame ID: 1202
---------------------------------------------------------
Frame ID: 1203
---------------------------------------------------------
Frame ID: 1204
---------------------------------------------------------
Frame ID: 1205
---------------------------------------------------------
Frame ID: 1206
---------------------------------------------------------
Frame ID: 1207
---------------------------------------------------------
Frame ID: 1208
---------------------------------------------------------
Frame ID: 1209
---------------------------------------------------------
Frame ID: 1210
---------------------------------------------------------
Frame ID: 1211
---------------------------------------------------------
Frame ID: 1212
---------------------------------------------------------
Frame ID: 1213
---------------------------------------------------------
Frame ID: 1214
---------------------------------------------------------
Frame ID: 1215
---------------------------------------------------------
Frame ID: 1216
---------------------------------------------------------
Frame ID: 1217
---------------------------------------------------------
Frame ID: 1218
---------------------------------------------------------
Frame ID: 1219
---------------------------------------------------------
Frame ID: 1220
---------------------------------------------------------
Frame ID: 1221
---------------------------------------------------------
Frame ID: 1222
---------------------------------------------------------
Frame ID: 1223
---------------------------------------------------------
Frame ID: 1224
---------------------------------------------------------
Frame ID: 1225
---------------------------------------------------------
Frame ID: 1226
---------------------------------------------------------
Frame ID: 1227
---------------------------------------------------------
Frame ID: 1228
---------------------------------------------------------
Frame ID: 1229
---------------------------------------------------------
Frame ID: 1230
---------------------------------------------------------
Frame ID: 1231
---------------------------------------------------------
Frame ID: 1232
---------------------------------------------------------
Frame ID: 1233
---------------------------------------------------------
Frame ID: 1234
---------------------------------------------------------
Frame ID: 1235
---------------------------------------------------------
Frame ID: 1236
---------------------------------------------------------
Frame ID: 1237
---------------------------------------------------------
Frame ID: 1238
---------------------------------------------------------
Frame ID: 1239
---------------------------------------------------------
Frame ID: 1240
---------------------------------------------------------
Frame ID: 1241
---------------------------------------------------------
Frame ID: 1242
---------------------------------------------------------
Frame ID: 1243
---------------------------------------------------------
Frame ID: 1244
---------------------------------------------------------
Frame ID: 1245
---------------------------------------------------------
Frame ID: 1246
---------------------------------------------------------
Frame ID: 1247
---------------------------------------------------------
Frame ID: 1248
---------------------------------------------------------
Frame ID: 1249
---------------------------------------------------------
Frame ID: 1250
---------------------------------------------------------
Frame ID: 1251
---------------------------------------------------------
Frame ID: 1252
---------------------------------------------------------
Frame ID: 1253
---------------------------------------------------------
Frame ID: 1254
---------------------------------------------------------
Frame ID: 1255
---------------------------------------------------------
Frame ID: 1256
---------------------------------------------------------
Frame ID: 1257
---------------------------------------------------------
Frame ID: 1258
---------------------------------------------------------
Frame ID: 1259
---------------------------------------------------------
Frame ID: 1260
---------------------------------------------------------
Frame ID: 1261
---------------------------------------------------------
Frame ID: 1262
---------------------------------------------------------
Frame ID: 1263
---------------------------------------------------------
Frame ID: 1264
---------------------------------------------------------
Frame ID: 1265
---------------------------------------------------------
Frame ID: 1266
---------------------------------------------------------
Frame ID: 1267
---------------------------------------------------------
Frame ID: 1268
---------------------------------------------------------
Frame ID: 1269
---------------------------------------------------------
Frame ID: 1270
---------------------------------------------------------
Frame ID: 1271
---------------------------------------------------------
Frame ID: 1272
---------------------------------------------------------
Frame ID: 1273
---------------------------------------------------------
Frame ID: 1274
---------------------------------------------------------
Frame ID: 1275
---------------------------------------------------------
Frame ID: 1276
---------------------------------------------------------
Frame ID: 1277
---------------------------------------------------------
Frame ID: 1278
---------------------------------------------------------
Frame ID: 1279
---------------------------------------------------------
Frame ID: 1280
---------------------------------------------------------
Frame ID: 1281
---------------------------------------------------------
Frame ID: 1282
---------------------------------------------------------
Frame ID: 1283
---------------------------------------------------------
Frame ID: 1284
---------------------------------------------------------
Frame ID: 1285
---------------------------------------------------------
Frame ID: 1286
---------------------------------------------------------
Frame ID: 1287
---------------------------------------------------------
Frame ID: 1288
---------------------------------------------------------
Frame ID: 1289
---------------------------------------------------------
Frame ID: 1290
---------------------------------------------------------
Frame ID: 1291
---------------------------------------------------------
Frame ID: 1292
---------------------------------------------------------
Frame ID: 1293
---------------------------------------------------------
Frame ID: 1294
---------------------------------------------------------
Frame ID: 1295
---------------------------------------------------------
Frame ID: 1296
---------------------------------------------------------
Frame ID: 1297
---------------------------------------------------------
Frame ID: 1298
---------------------------------------------------------
Frame ID: 1299
---------------------------------------------------------
Frame ID: 1300
---------------------------------------------------------
Frame ID: 1301
---------------------------------------------------------
Frame ID: 1302
---------------------------------------------------------
Frame ID: 1303
---------------------------------------------------------
Frame ID: 1304
---------------------------------------------------------
Frame ID: 1305
---------------------------------------------------------
Frame ID: 1306
---------------------------------------------------------
Frame ID: 1307
---------------------------------------------------------
Frame ID: 1308
---------------------------------------------------------
Frame ID: 1309
---------------------------------------------------------
Frame ID: 1310
---------------------------------------------------------
Frame ID: 1311
---------------------------------------------------------
Frame ID: 1312
---------------------------------------------------------
Frame ID: 1313
---------------------------------------------------------
Frame ID: 1314
---------------------------------------------------------
Frame ID: 1315
---------------------------------------------------------
Frame ID: 1316
---------------------------------------------------------
Frame ID: 1317
---------------------------------------------------------
Frame ID: 1318
---------------------------------------------------------
Frame ID: 1319
---------------------------------------------------------
Frame ID: 1320
---------------------------------------------------------
Frame ID: 1321
---------------------------------------------------------
Frame ID: 1322
---------------------------------------------------------
Frame ID: 1323
---------------------------------------------------------
Frame ID: 1324
---------------------------------------------------------
Frame ID: 1325
---------------------------------------------------------
Frame ID: 1326
---------------------------------------------------------
Frame ID: 1327
---------------------------------------------------------
Frame ID: 1328
---------------------------------------------------------
Frame ID: 1329
---------------------------------------------------------
Frame ID: 1330
---------------------------------------------------------
Frame ID: 1331
---------------------------------------------------------
Frame ID: 1332
---------------------------------------------------------
Frame ID: 1333
---------------------------------------------------------
Frame ID: 1334
---------------------------------------------------------
Frame ID: 1335
---------------------------------------------------------
Frame ID: 1336
---------------------------------------------------------
Frame ID: 1337
---------------------------------------------------------
Frame ID: 1338
---------------------------------------------------------
Frame ID: 1339
---------------------------------------------------------
Frame ID: 1340
---------------------------------------------------------
Frame ID: 1341
---------------------------------------------------------
Frame ID: 1342
---------------------------------------------------------
Frame ID: 1343
---------------------------------------------------------
Frame ID: 1344
---------------------------------------------------------
Frame ID: 1345
---------------------------------------------------------
Frame ID: 1346
---------------------------------------------------------
Frame ID: 1347
---------------------------------------------------------
Frame ID: 1348
---------------------------------------------------------
Frame ID: 1349
---------------------------------------------------------
Frame ID: 1350
---------------------------------------------------------
Frame ID: 1351
---------------------------------------------------------
Frame ID: 1352
---------------------------------------------------------
Frame ID: 1353
---------------------------------------------------------
Frame ID: 1354
---------------------------------------------------------
Frame ID: 1355
---------------------------------------------------------
Frame ID: 1356
---------------------------------------------------------
Frame ID: 1357
---------------------------------------------------------
Frame ID: 1358
---------------------------------------------------------
Frame ID: 1359
---------------------------------------------------------
Frame ID: 1360
---------------------------------------------------------
Frame ID: 1361
---------------------------------------------------------
Frame ID: 1362
---------------------------------------------------------
Frame ID: 1363
---------------------------------------------------------
Frame ID: 1364
---------------------------------------------------------
Frame ID: 1365
---------------------------------------------------------
Frame ID: 1366
---------------------------------------------------------
Frame ID: 1367
---------------------------------------------------------
Frame ID: 1368
---------------------------------------------------------
Frame ID: 1369
---------------------------------------------------------
Frame ID: 1370
---------------------------------------------------------
Frame ID: 1371
---------------------------------------------------------
Frame ID: 1372
---------------------------------------------------------
Frame ID: 1373
---------------------------------------------------------
Frame ID: 1374
---------------------------------------------------------
Frame ID: 1375
---------------------------------------------------------
Frame ID: 1376
---------------------------------------------------------
Frame ID: 1377
---------------------------------------------------------
Frame ID: 1378
---------------------------------------------------------
Frame ID: 1379
---------------------------------------------------------
Frame ID: 1380
---------------------------------------------------------
Frame ID: 1381
---------------------------------------------------------
Frame ID: 1382
---------------------------------------------------------
Frame ID: 1383
---------------------------------------------------------
Frame ID: 1384
---------------------------------------------------------
Frame ID: 1385
---------------------------------------------------------
Frame ID: 1386
---------------------------------------------------------
Frame ID: 1387
---------------------------------------------------------
Frame ID: 1388
---------------------------------------------------------
Frame ID: 1389
---------------------------------------------------------
Frame ID: 1390
---------------------------------------------------------
Frame ID: 1391
---------------------------------------------------------
Frame ID: 1392
---------------------------------------------------------
Frame ID: 1393
---------------------------------------------------------
Frame ID: 1394
---------------------------------------------------------
Frame ID: 1395
---------------------------------------------------------
Frame ID: 1396
---------------------------------------------------------
Frame ID: 1397
---------------------------------------------------------
Frame ID: 1398
---------------------------------------------------------
Frame ID: 1399
---------------------------------------------------------
Frame ID: 1400
---------------------------------------------------------
Frame ID: 1401
---------------------------------------------------------
Frame ID: 1402
---------------------------------------------------------
Frame ID: 1403
---------------------------------------------------------
Frame ID: 1404
---------------------------------------------------------
Frame ID: 1405
---------------------------------------------------------
Frame ID: 1406
---------------------------------------------------------
Frame ID: 1407
---------------------------------------------------------
Frame ID: 1408
---------------------------------------------------------
Frame ID: 1409
---------------------------------------------------------
Frame ID: 1410
---------------------------------------------------------
Frame ID: 1411
---------------------------------------------------------
Frame ID: 1412
---------------------------------------------------------
Frame ID: 1413
---------------------------------------------------------
Frame ID: 1414
---------------------------------------------------------
Frame ID: 1415
---------------------------------------------------------
Frame ID: 1416
---------------------------------------------------------
Frame ID: 1417
---------------------------------------------------------
Frame ID: 1418
---------------------------------------------------------
Frame ID: 1419
---------------------------------------------------------
Frame ID: 1420
---------------------------------------------------------
Frame ID: 1421
---------------------------------------------------------
Frame ID: 1422
---------------------------------------------------------
Frame ID: 1423
---------------------------------------------------------
Frame ID: 1424
---------------------------------------------------------
Frame ID: 1425
---------------------------------------------------------
Frame ID: 1426
---------------------------------------------------------
Frame ID: 1427
---------------------------------------------------------
Frame ID: 1428
---------------------------------------------------------
Frame ID: 1429
---------------------------------------------------------
Frame ID: 1430
---------------------------------------------------------
Frame ID: 1431
---------------------------------------------------------
Frame ID: 1432
---------------------------------------------------------
Frame ID: 1433
---------------------------------------------------------
Frame ID: 1434
---------------------------------------------------------
Frame ID: 1435
---------------------------------------------------------
Frame ID: 1436
---------------------------------------------------------
Frame ID: 1437
---------------------------------------------------------
Frame ID: 1438
---------------------------------------------------------
Frame ID: 1439
---------------------------------------------------------
Frame ID: 1440
---------------------------------------------------------
Frame ID: 1441
---------------------------------------------------------
Frame ID: 1442
---------------------------------------------------------
Frame ID: 1443
---------------------------------------------------------
Frame ID: 1444
---------------------------------------------------------
Frame ID: 1445
---------------------------------------------------------
Frame ID: 1446
---------------------------------------------------------
Frame ID: 1447
---------------------------------------------------------
Frame ID: 1448
---------------------------------------------------------
Frame ID: 1449
---------------------------------------------------------
Frame ID: 1450
---------------------------------------------------------
Frame ID: 1451
---------------------------------------------------------
Frame ID: 1452
---------------------------------------------------------
Frame ID: 1453
---------------------------------------------------------
Frame ID: 1454
---------------------------------------------------------
Frame ID: 1455
---------------------------------------------------------
Frame ID: 1456
---------------------------------------------------------
Frame ID: 1457
---------------------------------------------------------
Frame ID: 1458
---------------------------------------------------------
Frame ID: 1459
---------------------------------------------------------
Frame ID: 1460
---------------------------------------------------------
Frame ID: 1461
---------------------------------------------------------
Frame ID: 1462
---------------------------------------------------------
Frame ID: 1463
---------------------------------------------------------
Frame ID: 1464
---------------------------------------------------------
Frame ID: 1465
---------------------------------------------------------
Frame ID: 1466
---------------------------------------------------------
Frame ID: 1467
---------------------------------------------------------
Frame ID: 1468
---------------------------------------------------------
Frame ID: 1469
---------------------------------------------------------
Frame ID: 1470
---------------------------------------------------------
Frame ID: 1471
---------------------------------------------------------
Frame ID: 1472
---------------------------------------------------------
Frame ID: 1473
---------------------------------------------------------
Frame ID: 1474
---------------------------------------------------------
Frame ID: 1475
---------------------------------------------------------
Frame ID: 1476
---------------------------------------------------------
Frame ID: 1477
---------------------------------------------------------
Frame ID: 1478
---------------------------------------------------------
Frame ID: 1479
---------------------------------------------------------
Frame ID: 1480
---------------------------------------------------------
Frame ID: 1481
---------------------------------------------------------
Frame ID: 1482
---------------------------------------------------------
Frame ID: 1483
---------------------------------------------------------
Frame ID: 1484
---------------------------------------------------------
Frame ID: 1485
---------------------------------------------------------
Frame ID: 1486
---------------------------------------------------------
Frame ID: 1487
---------------------------------------------------------
Frame ID: 1488
---------------------------------------------------------
Frame ID: 1489
---------------------------------------------------------
Frame ID: 1490
---------------------------------------------------------
Frame ID: 1491
---------------------------------------------------------
Frame ID: 1492
---------------------------------------------------------
Frame ID: 1493
---------------------------------------------------------
Frame ID: 1494
---------------------------------------------------------
Frame ID: 1495
---------------------------------------------------------
Frame ID: 1496
---------------------------------------------------------
Frame ID: 1497
---------------------------------------------------------
Frame ID: 1498
---------------------------------------------------------
Frame ID: 1499
---------------------------------------------------------
Frame ID: 1500
---------------------------------------------------------
Frame ID: 1501
---------------------------------------------------------
Frame ID: 1502
---------------------------------------------------------
Frame ID: 1503
---------------------------------------------------------
Frame ID: 1504
---------------------------------------------------------
Frame ID: 1505
---------------------------------------------------------
Frame ID: 1506
---------------------------------------------------------
Frame ID: 1507
---------------------------------------------------------
Frame ID: 1508
---------------------------------------------------------
Frame ID: 1509
---------------------------------------------------------
Frame ID: 1510
---------------------------------------------------------
Frame ID: 1511
---------------------------------------------------------
Frame ID: 1512
---------------------------------------------------------
Frame ID: 1513
---------------------------------------------------------
Frame ID: 1514
---------------------------------------------------------
Frame ID: 1515
---------------------------------------------------------
Frame ID: 1516
---------------------------------------------------------
Frame ID: 1517
---------------------------------------------------------
Frame ID: 1518
---------------------------------------------------------
Frame ID: 1519
---------------------------------------------------------
Frame ID: 1520
---------------------------------------------------------
Frame ID: 1521
---------------------------------------------------------
Frame ID: 1522
---------------------------------------------------------
Frame ID: 1523
---------------------------------------------------------
Frame ID: 1524
---------------------------------------------------------
Frame ID: 1525
---------------------------------------------------------
Frame ID: 1526
---------------------------------------------------------
Frame ID: 1527
---------------------------------------------------------
Frame ID: 1528
---------------------------------------------------------
Frame ID: 1529
---------------------------------------------------------
Frame ID: 1530
---------------------------------------------------------
Frame ID: 1531
---------------------------------------------------------
Frame ID: 1532
---------------------------------------------------------
Frame ID: 1533
---------------------------------------------------------
Frame ID: 1534
---------------------------------------------------------
Frame ID: 1535
---------------------------------------------------------
Frame ID: 1536
---------------------------------------------------------
Frame ID: 1537
---------------------------------------------------------
Frame ID: 1538
---------------------------------------------------------
Frame ID: 1539
---------------------------------------------------------
Frame ID: 1540
---------------------------------------------------------
Frame ID: 1541
---------------------------------------------------------
Frame ID: 1542
---------------------------------------------------------
Frame ID: 1543
---------------------------------------------------------
Frame ID: 1544
---------------------------------------------------------
Frame ID: 1545
---------------------------------------------------------
Frame ID: 1546
---------------------------------------------------------
Frame ID: 1547
---------------------------------------------------------
Frame ID: 1548
---------------------------------------------------------
Frame ID: 1549
---------------------------------------------------------
Frame ID: 1550
---------------------------------------------------------
Frame ID: 1551
---------------------------------------------------------
Frame ID: 1552
---------------------------------------------------------
Frame ID: 1553
---------------------------------------------------------
Frame ID: 1554
---------------------------------------------------------
Frame ID: 1555
---------------------------------------------------------
Frame ID: 1556
---------------------------------------------------------
Frame ID: 1557
---------------------------------------------------------
Frame ID: 1558
---------------------------------------------------------
Frame ID: 1559
---------------------------------------------------------
Frame ID: 1560
---------------------------------------------------------
Frame ID: 1561
---------------------------------------------------------
Frame ID: 1562
---------------------------------------------------------
Frame ID: 1563
---------------------------------------------------------
Frame ID: 1564
---------------------------------------------------------
Frame ID: 1565
---------------------------------------------------------
Frame ID: 1566
---------------------------------------------------------
Frame ID: 1567
---------------------------------------------------------
Frame ID: 1568
---------------------------------------------------------
Frame ID: 1569
---------------------------------------------------------
Frame ID: 1570
---------------------------------------------------------
Frame ID: 1571
---------------------------------------------------------
Frame ID: 1572
---------------------------------------------------------
Frame ID: 1573
---------------------------------------------------------
Frame ID: 1574
---------------------------------------------------------
Frame ID: 1575
---------------------------------------------------------
Frame ID: 1576
---------------------------------------------------------
Frame ID: 1577
---------------------------------------------------------
Frame ID: 1578
---------------------------------------------------------
Frame ID: 1579
---------------------------------------------------------
Frame ID: 1580
---------------------------------------------------------
Frame ID: 1581
---------------------------------------------------------
Frame ID: 1582
---------------------------------------------------------
Frame ID: 1583
---------------------------------------------------------
Frame ID: 1584
---------------------------------------------------------
Frame ID: 1585
---------------------------------------------------------
Frame ID: 1586
---------------------------------------------------------
Frame ID: 1587
---------------------------------------------------------
Frame ID: 1588
---------------------------------------------------------
Frame ID: 1589
---------------------------------------------------------
Frame ID: 1590
---------------------------------------------------------
Frame ID: 1591
---------------------------------------------------------
Frame ID: 1592
---------------------------------------------------------
Frame ID: 1593
---------------------------------------------------------
Frame ID: 1594
---------------------------------------------------------
Frame ID: 1595
---------------------------------------------------------
Frame ID: 1596
---------------------------------------------------------
Frame ID: 1597
---------------------------------------------------------
Frame ID: 1598
---------------------------------------------------------
Frame ID: 1599
---------------------------------------------------------
Frame ID: 1600
---------------------------------------------------------
Frame ID: 1601
---------------------------------------------------------
Frame ID: 1602
---------------------------------------------------------
Frame ID: 1603
---------------------------------------------------------
Frame ID: 1604
---------------------------------------------------------
Frame ID: 1605
---------------------------------------------------------
Frame ID: 1606
---------------------------------------------------------
Frame ID: 1607
---------------------------------------------------------
Frame ID: 1608
---------------------------------------------------------
Frame ID: 1609
---------------------------------------------------------
Frame ID: 1610
---------------------------------------------------------
Frame ID: 1611
---------------------------------------------------------
Frame ID: 1612
---------------------------------------------------------
Frame ID: 1613
---------------------------------------------------------
Frame ID: 1614
---------------------------------------------------------
Frame ID: 1615
---------------------------------------------------------
Frame ID: 1616
---------------------------------------------------------
Frame ID: 1617
---------------------------------------------------------
Frame ID: 1618
---------------------------------------------------------
Frame ID: 1619
---------------------------------------------------------
Frame ID: 1620
---------------------------------------------------------
Frame ID: 1621
---------------------------------------------------------
Frame ID: 1622
---------------------------------------------------------
Frame ID: 1623
---------------------------------------------------------
Frame ID: 1624
---------------------------------------------------------
Frame ID: 1625
---------------------------------------------------------
Frame ID: 1626
---------------------------------------------------------
Frame ID: 1627
---------------------------------------------------------
Frame ID: 1628
---------------------------------------------------------
Frame ID: 1629
---------------------------------------------------------
Frame ID: 1630
---------------------------------------------------------
Frame ID: 1631
---------------------------------------------------------
Frame ID: 1632
---------------------------------------------------------
Frame ID: 1633
---------------------------------------------------------
Frame ID: 1634
---------------------------------------------------------
Frame ID: 1635
---------------------------------------------------------
Frame ID: 1636
---------------------------------------------------------
Frame ID: 1637
---------------------------------------------------------
Frame ID: 1638
---------------------------------------------------------
Frame ID: 1639
---------------------------------------------------------
Frame ID: 1640
---------------------------------------------------------
Frame ID: 1641
---------------------------------------------------------
Frame ID: 1642
---------------------------------------------------------
Frame ID: 1643
---------------------------------------------------------
Frame ID: 1644
---------------------------------------------------------
Frame ID: 1645
---------------------------------------------------------
Frame ID: 1646
---------------------------------------------------------
Frame ID: 1647
---------------------------------------------------------
Frame ID: 1648
---------------------------------------------------------
Frame ID: 1649
---------------------------------------------------------
Frame ID: 1650
---------------------------------------------------------
Frame ID: 1651
---------------------------------------------------------
Frame ID: 1652
---------------------------------------------------------
Frame ID: 1653
---------------------------------------------------------
Frame ID: 1654
---------------------------------------------------------
Frame ID: 1655
---------------------------------------------------------
Frame ID: 1656
---------------------------------------------------------
Frame ID: 1657
---------------------------------------------------------
Frame ID: 1658
---------------------------------------------------------
Frame ID: 1659
---------------------------------------------------------
Frame ID: 1660
---------------------------------------------------------
Frame ID: 1661
---------------------------------------------------------
Frame ID: 1662
---------------------------------------------------------
Frame ID: 1663
---------------------------------------------------------
Frame ID: 1664
---------------------------------------------------------
Frame ID: 1665
---------------------------------------------------------
Frame ID: 1666
---------------------------------------------------------
Frame ID: 1667
---------------------------------------------------------
Frame ID: 1668
---------------------------------------------------------
Frame ID: 1669
---------------------------------------------------------
Frame ID: 1670
---------------------------------------------------------
Frame ID: 1671
---------------------------------------------------------
Frame ID: 1672
---------------------------------------------------------
Frame ID: 1673
---------------------------------------------------------
Frame ID: 1674
---------------------------------------------------------
Frame ID: 1675
---------------------------------------------------------
Frame ID: 1676
---------------------------------------------------------
Frame ID: 1677
---------------------------------------------------------
Frame ID: 1678
---------------------------------------------------------
Frame ID: 1679
---------------------------------------------------------
Frame ID: 1680
---------------------------------------------------------
Frame ID: 1681
---------------------------------------------------------
Frame ID: 1682
---------------------------------------------------------
Frame ID: 1683
---------------------------------------------------------
Frame ID: 1684
---------------------------------------------------------
Frame ID: 1685
---------------------------------------------------------
Frame ID: 1686
---------------------------------------------------------
Frame ID: 1687
---------------------------------------------------------
Frame ID: 1688
---------------------------------------------------------
Frame ID: 1689
---------------------------------------------------------
Frame ID: 1690
---------------------------------------------------------
Frame ID: 1691
---------------------------------------------------------
Frame ID: 1692
---------------------------------------------------------
Frame ID: 1693
---------------------------------------------------------
Frame ID: 1694
---------------------------------------------------------
Frame ID: 1695
---------------------------------------------------------
Frame ID: 1696
---------------------------------------------------------
Frame ID: 1697
---------------------------------------------------------
Frame ID: 1698
---------------------------------------------------------
Frame ID: 1699
---------------------------------------------------------
Frame ID: 1700
---------------------------------------------------------
Frame ID: 1701
---------------------------------------------------------
Frame ID: 1702
---------------------------------------------------------
Frame ID: 1703
---------------------------------------------------------
Frame ID: 1704
---------------------------------------------------------
Frame ID: 1705
---------------------------------------------------------
Frame ID: 1706
---------------------------------------------------------
Frame ID: 1707
---------------------------------------------------------
Frame ID: 1708
---------------------------------------------------------
Frame ID: 1709
---------------------------------------------------------
Frame ID: 1710
---------------------------------------------------------
Frame ID: 1711
---------------------------------------------------------
Frame ID: 1712
---------------------------------------------------------
Frame ID: 1713
---------------------------------------------------------
Frame ID: 1714
---------------------------------------------------------
Frame ID: 1715
---------------------------------------------------------
Frame ID: 1716
---------------------------------------------------------
Frame ID: 1717
---------------------------------------------------------
Frame ID: 1718
---------------------------------------------------------
Frame ID: 1719
---------------------------------------------------------
Frame ID: 1720
---------------------------------------------------------
Frame ID: 1721
---------------------------------------------------------
Frame ID: 1722
---------------------------------------------------------
Frame ID: 1723
---------------------------------------------------------
Frame ID: 1724
---------------------------------------------------------
Frame ID: 1725
---------------------------------------------------------
Frame ID: 1726
---------------------------------------------------------
Frame ID: 1727
---------------------------------------------------------
Frame ID: 1728
---------------------------------------------------------
Frame ID: 1729
---------------------------------------------------------
Frame ID: 1730
---------------------------------------------------------
Frame ID: 1731
---------------------------------------------------------
Frame ID: 1732
---------------------------------------------------------
Frame ID: 1733
---------------------------------------------------------
Frame ID: 1734
---------------------------------------------------------
Frame ID: 1735
---------------------------------------------------------
Frame ID: 1736
---------------------------------------------------------
Frame ID: 1737
---------------------------------------------------------
Frame ID: 1738
---------------------------------------------------------
Frame ID: 1739
---------------------------------------------------------
Frame ID: 1740
---------------------------------------------------------
Frame ID: 1741
---------------------------------------------------------
Frame ID: 1742
---------------------------------------------------------
Frame ID: 1743
---------------------------------------------------------
Frame ID: 1744
---------------------------------------------------------
Frame ID: 1745
---------------------------------------------------------
Frame ID: 1746
---------------------------------------------------------
Frame ID: 1747
---------------------------------------------------------
Frame ID: 1748
---------------------------------------------------------
Frame ID: 1749
Shutdown
/home/panoptic_slam/.venv/lib/python3.8/site-packages/torch/functional.py:504: UserWarning: torch.meshgrid: in an upcoming release, it will be required to pass the indexing argument. (Triggered internally at ../aten/src/ATen/native/TensorShape.cpp:3190.)
  return _VF.meshgrid(tensors, **kwargs)  # type: ignore[attr-defined]
/home/panoptic_slam/.venv/lib/python3.8/site-packages/numpy/core/getlimits.py:500: UserWarning: The value of the smallest subnormal for <class 'numpy.float64'> type is zero.
  setattr(self, word, getattr(machar, word).flat[0])
/home/panoptic_slam/.venv/lib/python3.8/site-packages/numpy/core/getlimits.py:89: UserWarning: The value of the smallest subnormal for <class 'numpy.float64'> type is zero.
  return self._float_to_str(self.smallest_subnormal)
-------

median tracking time: 0.387588
mean tracking time: 0.387281

Saving camera trajectory to ./Output/CameraTrajectory.txt ...

Saving keyframe trajectory to ./Output/KeyFrameTrajectory.txt ...

====================
Exit code: 139
====================
