1341846434.710184 0.000000000 0.000000000 0.000000000 0.000000000 0.000000000 0.000000000 1.000000000
1341846434.746225 -0.007414772 -0.005863372 -0.014663599 0.002435311 0.002623160 0.003563799 0.999987245
1341846434.778203 0.003651665 -0.006542862 -0.022411671 0.004255121 0.003327150 0.004631426 0.999974728
1341846434.810024 0.005056076 -0.007328243 -0.033182289 0.004037992 0.005298215 0.003066246 0.999973118
1341846434.846345 0.011123785 -0.005286334 -0.030475613 0.002785720 0.004434298 0.000104961 0.999986291
1341846434.878202 0.016488578 -0.012014154 -0.037523326 0.001071946 0.001835827 -0.007639155 0.999968529
1341846434.914148 0.020384397 -0.009189910 -0.037501644 0.001054604 -0.003859316 -0.017238263 0.999843419
1341846434.946443 0.057879753 -0.019789480 -0.039715912 -0.002221011 -0.021922728 -0.024449078 0.999458194
1341846434.978088 0.042589914 -0.029142013 -0.065573424 -0.002811897 -0.026563397 -0.028366376 0.999240637
1341846435.014019 0.052516881 -0.026943803 -0.049169566 -0.000939854 -0.033096965 -0.027270850 0.999079585
1341846435.045942 0.064935267 -0.029283687 -0.055810239 0.000438969 -0.036196079 -0.027765146 0.998958826
1341846435.077985 0.069802538 -0.023504658 -0.061166257 0.003952623 -0.034001373 -0.029886151 0.998967052
1341846435.113961 0.087866314 -0.037633207 -0.052396718 0.005761609 -0.034750603 -0.028246520 0.998980165
1341846435.146181 0.089465305 -0.031863730 -0.057271264 0.009674771 -0.035267368 -0.027765196 0.998945296
1341846435.182052 0.095406957 -0.039661463 -0.044387173 0.010776112 -0.039936196 -0.024577023 0.998841822
1341846435.213955 0.110316180 -0.050880671 -0.066356950 0.011981602 -0.046929263 -0.018732205 0.998650670
1341846435.246495 0.116439670 -0.049337570 -0.054726258 0.015618422 -0.052722950 -0.013901586 0.998390257
1341846435.281968 0.123729773 -0.053096995 -0.075665407 0.016040836 -0.063063778 -0.012830679 0.997798085
1341846435.319946 0.131692275 -0.041940086 -0.071356371 0.015739962 -0.071296066 -0.014617325 0.997223854
1341846435.382078 0.156366929 -0.058031335 -0.056718618 0.010919446 -0.081266075 -0.009852355 0.996583879
1341846435.414309 0.169206157 -0.072907284 -0.071211927 0.012729671 -0.084616631 -0.006052348 0.996313870
1341846435.450323 0.181992039 -0.054857336 -0.075545773 0.016990725 -0.090503618 -0.005646418 0.995735168
1341846435.482273 0.198449552 -0.063657485 -0.058734074 0.016775921 -0.092085652 -0.006580085 0.995588005
1341846435.513983 0.211525127 -0.060300324 -0.067559294 0.017472280 -0.090303525 -0.008738754 0.995722651
1341846435.550153 0.216172069 -0.055483855 -0.070509627 0.015827125 -0.088968769 -0.010814811 0.995849967
1341846435.582003 0.215337291 -0.067956723 -0.064010516 0.013348508 -0.091013126 -0.012036587 0.995687485
1341846435.618180 0.245350003 -0.057369824 -0.058342576 0.018319178 -0.100707062 -0.009001082 0.994706750
1341846435.650183 0.245848030 -0.070139460 -0.061499350 0.019745152 -0.105717853 -0.013715352 0.994105518
1341846435.681920 0.236997634 -0.086085185 -0.048855156 0.019771980 -0.104338646 -0.019434381 0.994155288
1341846435.717877 0.246210083 -0.080684640 -0.057347361 0.021536916 -0.105160028 -0.020375736 0.994013250
1341846435.750187 0.270998448 -0.073268272 -0.067474052 0.023159916 -0.110216744 -0.017056212 0.993491292
1341846435.782022 0.301545143 -0.066084191 -0.071151346 0.025287008 -0.116495445 -0.016151246 0.992737889
1341846435.818082 0.320927680 -0.066939749 -0.068475947 0.025033832 -0.119681329 -0.017581925 0.992340982
1341846435.849992 0.357744157 -0.067758128 -0.075632773 0.026653837 -0.125644028 -0.014946012 0.991604686
1341846435.886101 0.380452156 -0.068600751 -0.087762795 0.026458098 -0.129289269 -0.015220397 0.991137028
1341846435.918077 0.372440040 -0.075965911 -0.091961704 0.024775373 -0.129996017 -0.016667591 0.991064787
1341846435.950077 0.366965562 -0.091848083 -0.094771117 0.023366475 -0.132417932 -0.017708963 0.990760267
1341846435.986080 0.363945633 -0.085256085 -0.066894427 0.026599895 -0.138191611 -0.013373946 0.989957929
1341846436.018119 0.390493184 -0.075114585 -0.060142055 0.028552763 -0.145554975 -0.012887647 0.988854051
1341846436.050565 0.408566594 -0.064419359 -0.054362509 0.028213261 -0.150625974 -0.010088095 0.988136649
1341846436.085970 0.406862319 -0.074414589 -0.053745631 0.025283614 -0.153538629 -0.005793905 0.987802148
1341846436.118116 0.422006607 -0.076209024 -0.044505365 0.024010925 -0.159453422 -0.004842628 0.986901522
1341846436.153952 0.435611397 -0.077404089 -0.038297392 0.024349930 -0.162723988 -0.002362908 0.986368299
1341846436.185994 0.442169189 -0.077074014 -0.032314174 0.025245870 -0.163916498 -0.001120454 0.986150503
1341846436.218096 0.454344422 -0.077432007 -0.030508487 0.026685182 -0.167842552 0.001729929 0.985451043
1341846436.253965 0.473348498 -0.064882621 -0.032978386 0.027082760 -0.169882953 0.004123416 0.985083401
1341846436.286007 0.470400453 -0.080391757 -0.044727709 0.022593152 -0.168474942 0.003139529 0.985441983
1341846436.318164 0.472019970 -0.085424013 -0.032622010 0.022915861 -0.171163335 0.003581240 0.984969616
1341846436.354084 0.488710403 -0.077022560 -0.029163847 0.023596516 -0.174048632 0.003756371 0.984447122
1341846436.385958 0.490887433 -0.083783336 -0.027879061 0.021395996 -0.173855647 0.001002115 0.984538198
1341846436.422052 0.487791568 -0.091674395 -0.026144600 0.021150006 -0.175651252 0.001393652 0.984224260
1341846436.453972 0.496446729 -0.093067855 -0.023197023 0.022550056 -0.180737674 0.002073579 0.983270586
1341846436.485966 0.503370643 -0.084996007 -0.020970045 0.023942681 -0.183255449 0.001786826 0.982772112
1341846436.522075 0.498345435 -0.084466033 -0.028229088 0.022074072 -0.184827209 0.000420993 0.982523024
1341846436.553975 0.488775551 -0.094807982 -0.033529501 0.020156821 -0.188989848 -0.001442971 0.981771111
1341846436.590103 0.488125652 -0.096720263 -0.050651487 0.019319322 -0.195244730 -0.002670756 0.980560601
1341846436.622042 0.516092837 -0.083105803 -0.011088778 0.018135861 -0.203065097 -0.002752466 0.978993416
1341846436.654125 0.520508111 -0.097138017 0.003375667 0.015376542 -0.206378222 -0.005570233 0.978335619
1341846436.690078 0.510205150 -0.092896067 0.018004589 0.016850205 -0.210913748 -0.007264881 0.977332413
1341846436.722015 0.522379458 -0.087636068 0.014927136 0.016819078 -0.218813464 -0.008500648 0.975584686
1341846436.754167 0.535401285 -0.097950123 0.029882213 0.015252803 -0.226299658 -0.009719220 0.973889828
1341846436.790021 0.534473121 -0.107148334 0.039347500 0.017956881 -0.233568683 -0.009318305 0.972129822
1341846436.822079 0.558633327 -0.087640569 0.041564267 0.020943340 -0.242872983 -0.011529437 0.969763458
1341846436.858129 0.583212912 -0.074590653 0.061001912 0.018553192 -0.247749925 -0.009155760 0.968603075
1341846436.889894 0.576794326 -0.086079203 0.074114345 0.014729939 -0.249519527 -0.008493227 0.968220472
1341846436.922139 0.573382258 -0.091104172 0.065607592 0.015477595 -0.253097147 -0.006193159 0.967297196
1341846436.958108 0.587247610 -0.087274164 0.049538981 0.015154233 -0.257570207 -0.002051929 0.966138542
1341846436.990096 0.612294555 -0.097699411 0.062883265 0.012119650 -0.263953924 0.001920467 0.964457273
1341846437.058136 0.637308121 -0.087231115 0.109089032 0.010661542 -0.274011314 0.006884356 0.961642742
1341846437.096585 0.632591963 -0.092127174 0.083111331 0.008412484 -0.276135147 0.006765596 0.961058140
1341846437.126102 0.636027515 -0.087385826 0.072889991 0.006642639 -0.278827667 0.005604595 0.960301816
1341846437.158050 0.637445450 -0.080412678 0.057223558 0.002523500 -0.280248195 0.004048912 0.959915698
1341846437.226114 0.659049213 -0.037049845 0.124532878 -0.008837325 -0.290795773 0.005554262 0.956728220
1341846437.258123 0.669804215 -0.063021973 0.120202184 -0.023768669 -0.292233706 0.004181374 0.956042349
1341846437.290095 0.673906207 -0.076382443 0.101051487 -0.029652631 -0.293986320 0.004792000 0.955337524
1341846437.326061 0.681683302 -0.068153553 0.119239517 -0.035768576 -0.299306631 0.007252329 0.953458726
1341846437.364153 0.692686915 -0.078882411 0.132379338 -0.042683609 -0.304820865 0.004999421 0.951439619
1341846437.396140 0.696133971 -0.084484719 0.143123537 -0.046584979 -0.309181809 0.004416112 0.949851036
1341846437.431962 0.698826373 -0.080066286 0.143778563 -0.050030109 -0.314758062 0.005229425 0.947838068
1341846437.464061 0.709387600 -0.068871342 0.104935668 -0.053895570 -0.318119764 0.001325776 0.946516395
1341846437.500080 0.715491593 -0.085433118 0.155323073 -0.062897049 -0.323555112 0.003854335 0.944108665
1341846437.536428 0.715059578 -0.090217784 0.166034102 -0.063483968 -0.327881753 0.003136461 0.942578137
1341846437.568842 0.724448860 -0.099456191 0.179208070 -0.058803875 -0.333085805 0.003718810 0.941053689
1341846437.600736 0.741297662 -0.090234339 0.180979326 -0.053187199 -0.335703284 0.004737219 0.940453053
1341846437.632742 0.749543667 -0.087758876 0.182436317 -0.050630759 -0.335561484 0.003408942 0.940650523
1341846437.669713 0.750132918 -0.083152540 0.192070469 -0.048174851 -0.335566133 0.002216153 0.940781415
1341846437.700232 0.748904705 -0.085641511 0.195118934 -0.046457835 -0.333221078 -0.001272948 0.941702545
1341846437.739652 0.717761219 -0.089264020 0.204680473 -0.043648645 -0.324669689 -0.006636247 0.944796443
1341846437.795294 0.771366000 -0.106902987 0.198615670 -0.043085493 -0.314908952 -0.018861810 0.947955787
1341846437.830422 0.777321339 -0.096880138 0.215220436 -0.039200559 -0.314678490 -0.016408661 0.948246539
1341846437.863213 0.794235826 -0.098497882 0.211536765 -0.036646530 -0.314208001 -0.014612801 0.948534012
1341846437.930096 0.820501983 -0.112558924 0.215526745 -0.040135685 -0.307399333 -0.006335868 0.950712681
1341846437.961942 0.794883549 -0.091800608 0.237894386 -0.037914153 -0.308319598 -0.005543607 0.950510800
1341846437.994103 0.813895881 -0.086427435 0.232145041 -0.037867032 -0.311394185 -0.003250155 0.949520528
1341846438.030032 0.831791401 -0.084790312 0.212748110 -0.043279812 -0.310161352 -0.003698532 0.949691057
1341846438.068074 0.814185977 -0.095555827 0.249891222 -0.049282759 -0.311470777 -0.003109199 0.948971808
1341846438.130017 0.808478832 -0.098385990 0.277204901 -0.041811284 -0.316257685 -0.001877172 0.947749615
1341846438.164374 0.818696082 -0.088611662 0.265577406 -0.039527077 -0.314776629 -0.004920196 0.948329628
1341846438.198015 0.811209500 -0.092590526 0.262013555 -0.041637968 -0.311761677 -0.008492363 0.949209571
1341846438.229906 0.808136523 -0.108837590 0.279297054 -0.042614054 -0.312595397 -0.006738015 0.948906064
1341846438.262251 0.807312667 -0.095262140 0.286270648 -0.039626911 -0.311716050 -0.007099270 0.949322104
1341846438.298333 0.812236607 -0.095379248 0.285173714 -0.039696295 -0.304602683 -0.010940232 0.951589048
1341846438.329987 0.794714928 -0.101817392 0.282430440 -0.038270742 -0.296338499 -0.013026061 0.954227030
1341846438.366126 0.787726164 -0.084884286 0.286872000 -0.037200056 -0.292798012 -0.010556098 0.955392122
1341846438.398154 0.785330951 -0.081589364 0.292858928 -0.041234173 -0.286708087 -0.011944496 0.957055688
1341846438.430136 0.772351503 -0.092839338 0.299417794 -0.043676917 -0.277429223 -0.013103143 0.959663332
1341846438.465965 0.766605914 -0.096417107 0.286227077 -0.042534538 -0.272214293 -0.009958324 0.961244524
1341846438.530106 0.750222087 -0.085084766 0.285945266 -0.045419730 -0.267029822 -0.005379410 0.962602317
1341846438.566686 0.735875368 -0.093426935 0.286516309 -0.046819039 -0.265072286 -0.002416173 0.963088155
1341846438.598145 0.728172719 -0.089819282 0.288642675 -0.044894837 -0.266256839 0.000909737 0.962855577
1341846438.634113 0.729619682 -0.070270352 0.292713940 -0.042776283 -0.264789551 0.001761577 0.963355362
1341846438.665920 0.726537287 -0.068023860 0.295531839 -0.046943970 -0.255302608 0.002472797 0.965717733
1341846438.697986 0.716536641 -0.084566750 0.292635351 -0.048429877 -0.246501282 0.000990270 0.967931151
1341846438.734146 0.707336009 -0.067751855 0.300922155 -0.041965466 -0.238360211 0.005826208 0.970252216
1341846438.766996 0.695895553 -0.055478379 0.286602050 -0.043423574 -0.227087095 0.009099640 0.972863317
1341846438.801972 0.685450554 -0.057547409 0.289803326 -0.048962776 -0.215570748 0.007433622 0.975231588
1341846438.834118 0.672185004 -0.062692054 0.293288320 -0.051407855 -0.208263204 0.007875004 0.976689100
1341846438.865936 0.666862071 -0.078753658 0.296604335 -0.050790876 -0.203221351 0.011230360 0.977750123
1341846438.902045 0.655664742 -0.070565805 0.265164405 -0.044825893 -0.196462616 0.011255344 0.979421496
1341846438.934115 0.642951965 -0.061872780 0.282534063 -0.045279745 -0.191484898 0.008272097 0.980415642
1341846438.966314 0.632452011 -0.062141508 0.291980118 -0.045937963 -0.186973140 0.002502951 0.981287181
1341846439.001871 0.623060942 -0.065161578 0.295703441 -0.044895381 -0.181180105 0.001518126 0.982423484
1341846439.034612 0.609324694 -0.067068592 0.291522443 -0.043236326 -0.173619077 -0.000300937 0.983863294
1341846439.070117 0.602383494 -0.070124730 0.290518880 -0.040727817 -0.167731613 -0.000733891 0.984990776
1341846439.101969 0.599150777 -0.071846515 0.292969167 -0.036877856 -0.159186393 0.000177571 0.986559510
1341846439.134146 0.573550820 -0.073565587 0.286222935 -0.032158893 -0.149369076 0.000298825 0.988258362
1341846439.170111 0.558833182 -0.072469428 0.274914980 -0.026848817 -0.140116394 0.001602784 0.989769638
1341846439.202174 0.544589341 -0.067556471 0.277033359 -0.023312079 -0.132765517 0.001023503 0.990872741
1341846439.234198 0.541899204 -0.068280436 0.279356092 -0.022475954 -0.126103491 0.002587377 0.991759062
1341846439.269869 0.531344593 -0.075425230 0.281103909 -0.020252854 -0.117145516 0.003302870 0.992902756
1341846439.302022 0.507412910 -0.079408832 0.267485589 -0.015179236 -0.108044386 0.002136798 0.994027853
1341846439.338209 0.492414325 -0.064898841 0.264261484 -0.011010789 -0.102321655 0.000364366 0.994690359
1341846439.369920 0.480179548 -0.069861643 0.264274001 -0.011599411 -0.096064374 -0.002465690 0.995304465
1341846439.402179 0.449081123 -0.084063850 0.259210944 -0.008627214 -0.087944575 -0.005998492 0.996069968
1341846439.437979 0.438725412 -0.074985825 0.255834818 -0.002794099 -0.085899852 -0.003363031 0.996294200
1341846439.470001 0.429224223 -0.070938855 0.250330806 -0.000499279 -0.081937350 -0.002433566 0.996634364
1341846439.502101 0.410969883 -0.077345751 0.249839082 0.000300930 -0.076063849 -0.004923693 0.997090757
1341846439.538102 0.391691715 -0.084681332 0.250866383 0.003098030 -0.072801165 -0.006183190 0.997322500
1341846439.570087 0.379237443 -0.079063185 0.248005182 0.007801617 -0.071330041 -0.006352166 0.997402012
1341846439.605986 0.370268524 -0.077633142 0.250871658 0.009824038 -0.068369806 -0.005181200 0.997598231
1341846439.638201 0.357604533 -0.075983867 0.245976448 0.011614436 -0.064048260 -0.004430218 0.997869372
1341846439.670177 0.342743695 -0.077354737 0.246023223 0.013072059 -0.060246505 -0.005722665 0.998081565
1341846439.706034 0.332677990 -0.075490631 0.242072865 0.014133462 -0.057153374 -0.004943605 0.998253107
1341846439.737939 0.321641982 -0.080417402 0.246898815 0.015440008 -0.053787995 -0.003920455 0.998425305
1341846439.774173 0.316344589 -0.077016070 0.250912219 0.017761627 -0.047746029 -0.002816946 0.998697639
1341846439.806288 0.299938858 -0.075357385 0.244905725 0.019000115 -0.039948698 -0.002480314 0.999018013
1341846439.846398 0.290559947 -0.069257885 0.235593751 0.018511863 -0.033973988 -0.003280100 0.999245882
1341846439.906194 0.264374077 -0.077605344 0.248423874 0.015687009 -0.015679212 -0.008490861 0.999717951
1341846439.938149 0.243439808 -0.075778574 0.240444049 0.017816262 -0.008312291 -0.007414052 0.999779224
1341846439.974174 0.246384636 -0.058253173 0.232422724 0.016708843 -0.002904334 -0.006552377 0.999834716
1341846440.006174 0.229201078 -0.059003029 0.232731834 0.010516577 0.007573272 -0.009730401 0.999868631
1341846440.042214 0.197734579 -0.078661524 0.241621375 0.005955697 0.017336939 -0.009084158 0.999790668
1341846440.073971 0.186721772 -0.075046845 0.243724525 0.008180372 0.022457553 -0.004282839 0.999705136
1341846440.106449 0.170964137 -0.067884199 0.234619319 0.007533015 0.031898387 -0.003959693 0.999454856
1341846440.142076 0.153113768 -0.078843333 0.251011282 0.005807025 0.039311349 -0.003251956 0.999204814
1341846440.173898 0.137465298 -0.079442106 0.248794973 0.010016019 0.044455457 0.001586620 0.998959899
1341846440.206048 0.116319664 -0.067083232 0.246896356 0.012685920 0.050320666 0.005397680 0.998637974
1341846440.242218 0.093840569 -0.077082388 0.252123594 0.012490788 0.053658828 0.006246193 0.998461664
1341846440.274220 0.087378241 -0.079631478 0.250050992 0.017344020 0.054774690 0.004676245 0.998337150
1341846440.310040 0.086232111 -0.069727667 0.246031240 0.021037845 0.058801234 0.006615009 0.998026073
1341846440.341908 0.069132954 -0.067184508 0.246153772 0.021298338 0.065346509 0.007604789 0.997606337
1341846440.374065 0.053299651 -0.075485766 0.246505871 0.022023370 0.069885887 0.008093998 0.997279048
1341846440.410065 0.041748710 -0.072528772 0.247491196 0.025199939 0.073755436 0.006369083 0.996937573
1341846440.442063 0.034304518 -0.072080255 0.245768204 0.027350096 0.079199754 0.004207786 0.996474624
1341846440.474055 0.008601418 -0.070299849 0.251129031 0.028997937 0.085426576 0.000727494 0.995922148
1341846440.510034 -0.004096836 -0.067302957 0.247044548 0.029936986 0.088063292 -0.001706296 0.995663464
1341846440.542081 -0.016361950 -0.058424041 0.246752381 0.029229609 0.092720918 -0.003186253 0.995257914
1341846440.578060 -0.028390212 -0.066965327 0.248236373 0.026070442 0.098444961 -0.006287552 0.994781077
1341846440.610154 -0.044526272 -0.073139444 0.249418691 0.026297521 0.104020558 -0.008320577 0.994192600
1341846440.642042 -0.068241999 -0.065909117 0.250477642 0.027524456 0.108712532 -0.007763349 0.993661761
1341846440.678071 -0.081749722 -0.063594960 0.243924707 0.026032845 0.110748164 -0.006704183 0.993484914
1341846440.710213 -0.088540055 -0.058873162 0.244691163 0.023828967 0.115089744 -0.005960197 0.993051350
1341846440.742033 -0.112523697 -0.055078100 0.244927824 0.021180721 0.122142710 -0.006479422 0.992265344
1341846440.778145 -0.131972507 -0.058216807 0.251481891 0.017983472 0.126125753 -0.005115823 0.991838038
1341846440.810360 -0.142942652 -0.058301803 0.252201349 0.016236139 0.129460633 -0.004495480 0.991441429
1341846440.846329 -0.155246213 -0.070117533 0.254024237 0.014676234 0.135041714 -0.003973724 0.990723252
1341846440.878141 -0.188633844 -0.068395406 0.256931573 0.017435094 0.140541360 -0.003066971 0.989916563
1341846440.920960 -0.200490803 -0.046882570 0.252781749 0.018723156 0.141331688 -0.000068461 0.989785194
1341846440.952308 -0.212001517 -0.045543171 0.258178562 0.013242641 0.144331679 0.001706597 0.989439309
1341846440.986714 -0.231554002 -0.063063160 0.263670564 0.009441441 0.148889199 0.003602698 0.988802254
1341846441.052118 -0.267895609 -0.067157894 0.271426618 0.015165800 0.145303100 0.013426136 0.989179850
1341846441.114116 -0.290215671 -0.057399005 0.270068616 0.018087873 0.150074616 0.014428495 0.988403916
1341846441.146132 -0.310908198 -0.059370168 0.270460397 0.017688293 0.149292022 0.014538632 0.988528013
1341846441.178054 -0.300104648 -0.056171369 0.258601278 0.016424069 0.147020668 0.016144471 0.988865256
1341846441.214136 -0.307773769 -0.058929123 0.256732017 0.013990602 0.153566718 0.013089168 0.987952530
1341846441.246039 -0.327355564 -0.069906689 0.265123665 0.013612268 0.159299791 0.011089583 0.987074137
1341846441.282130 -0.335871160 -0.063781455 0.260200799 0.015790762 0.161050171 0.010028109 0.986768901
1341846441.314084 -0.339190006 -0.055745188 0.250692278 0.015400217 0.164945185 0.008008162 0.986149967
1341846441.346088 -0.359453440 -0.068170518 0.262286574 0.013045535 0.171615392 0.005681064 0.985061288
1341846441.382129 -0.379798263 -0.074015051 0.262952268 0.015198341 0.174364135 0.004418278 0.984554052
1341846441.414517 -0.396671981 -0.069767594 0.263493061 0.017660458 0.175108701 0.003977508 0.984382689
1341846441.445996 -0.403630406 -0.063418120 0.267701387 0.018691158 0.175646856 0.001572292 0.984274566
1341846441.482023 -0.417473704 -0.065267451 0.267049760 0.017064704 0.178606004 0.000970999 0.983772218
1341846441.514114 -0.431296319 -0.074058242 0.274382681 0.016323743 0.177097470 -0.000215271 0.984057903
1341846441.582260 -0.441216737 -0.062430061 0.271730483 0.020730367 0.173844784 0.003073119 0.984550059
1341846441.614425 -0.457589567 -0.073037408 0.281125188 0.018777378 0.177456960 0.001108183 0.983948767
1341846441.650563 -0.477541059 -0.082831554 0.291500986 0.021239344 0.178503200 0.001460285 0.983708978
1341846441.681977 -0.474941432 -0.069494106 0.279850543 0.025420921 0.177843884 0.004282329 0.983720958
1341846441.714170 -0.487572223 -0.062632233 0.263927579 0.022433091 0.182419211 0.002867006 0.982960701
1341846441.750023 -0.501350462 -0.066260308 0.275135338 0.017711850 0.186617017 0.002600016 0.982269645
1341846441.781910 -0.514386714 -0.069007531 0.277698904 0.014555939 0.189263701 0.005024009 0.981805563
1341846441.818076 -0.520768225 -0.062051535 0.293076634 0.012619074 0.192461967 0.004330064 0.981213748
1341846441.850011 -0.531938612 -0.059763897 0.299161077 0.009369690 0.196430400 0.002765133 0.980469108
1341846441.882149 -0.552977204 -0.062276691 0.297983319 0.004892403 0.199994713 0.003135430 0.979779720
1341846441.918074 -0.562535822 -0.064184435 0.301403314 -0.000498350 0.200951204 0.003145090 0.979596078
1341846441.950113 -0.570193052 -0.064624116 0.312256098 -0.005442782 0.202762991 0.003255312 0.979207277
1341846441.986157 -0.588425279 -0.071197897 0.327836990 -0.009596139 0.204552263 0.005016125 0.978795707
1341846442.018070 -0.597295225 -0.076847389 0.337296784 -0.011239912 0.204000995 0.009580816 0.978859246
1341846442.050044 -0.599998534 -0.075868189 0.338645577 -0.012419944 0.204938248 0.013323140 0.978605390
1341846442.086050 -0.611642540 -0.074173726 0.339076966 -0.015243373 0.208643779 0.016420012 0.977735043
1341846442.118273 -0.634762287 -0.090033315 0.367792070 -0.019417437 0.213241041 0.016911490 0.976660192
1341846442.150914 -0.646117210 -0.101032868 0.376496881 -0.017164148 0.213722914 0.018032365 0.976577044
1341846442.186309 -0.652922869 -0.106309012 0.375266314 -0.014375634 0.215464965 0.018613884 0.976228297
1341846442.254276 -0.676307142 -0.107468754 0.372929305 -0.013928021 0.223681375 0.015591533 0.974438071
1341846442.286112 -0.645364523 -0.112006299 0.355665118 -0.017674934 0.225792944 0.015910594 0.973885000
1341846442.318240 -0.696335137 -0.113913305 0.362744391 -0.026594043 0.242910549 0.014727702 0.969572246
1341846442.359932 -0.741461873 -0.121459089 0.368713558 -0.034754653 0.255116820 0.012469017 0.966204941
1341846442.417971 -0.714803517 -0.131271780 0.383008659 -0.042100735 0.265899956 0.015088039 0.962962627
1341846442.455016 -0.713467062 -0.118754156 0.430128247 -0.042861894 0.273499638 0.016730390 0.960770965
1341846442.486191 -0.710560322 -0.116723806 0.426017672 -0.042950023 0.276034206 0.023301722 0.959904909
1341846442.522074 -0.726914823 -0.114274517 0.409663737 -0.044155523 0.284256369 0.029316219 0.957282186
1341846442.553917 -0.725461543 -0.113990776 0.404655546 -0.052019235 0.296689332 0.038025349 0.952797711
1341846442.585989 -0.712758303 -0.117871702 0.416726202 -0.059471283 0.304309726 0.034437932 0.950090945
1341846442.627895 -0.699766278 -0.122040823 0.425674140 -0.062716141 0.311004728 0.036281012 0.947642565
1341846442.686166 -0.699405491 -0.124195404 0.426829219 -0.060904868 0.329574913 0.041211907 0.941261113
1341846442.721990 -0.679628491 -0.127740785 0.454772890 -0.058828901 0.331699133 0.030857207 0.941043377
1341846442.754276 -0.697551727 -0.132564038 0.471290469 -0.056911618 0.339240581 0.033862747 0.938365698
1341846442.790054 -0.723529875 -0.115588360 0.463344306 -0.052116234 0.344172150 0.030511742 0.936962366
1341846442.822072 -0.788386822 -0.108534306 0.518030941 -0.055961013 0.359305680 0.020532675 0.931314230
1341846442.854093 -0.794236958 -0.116477363 0.521931767 -0.058087740 0.360455990 0.023374023 0.930672288
1341846442.889944 -0.815446556 -0.131778538 0.554229558 -0.059024990 0.364202082 0.020518797 0.929221094
1341846442.922114 -0.829240501 -0.113883317 0.573503494 -0.057277679 0.368110061 0.014830013 0.927897751
1341846442.954040 -0.846926749 -0.134770498 0.589844763 -0.061142225 0.375955433 0.010910630 0.924553990
1341846442.989997 -0.857547164 -0.125056133 0.609325111 -0.053725027 0.377330244 0.021933358 0.924258888
1341846443.022264 -0.886526346 -0.116004698 0.631045341 -0.050226092 0.375480354 0.024561437 0.925142467
1341846443.058071 -0.868142784 -0.119626112 0.627274513 -0.050621893 0.374467194 0.027782109 0.925440371
1341846443.090123 -0.865660191 -0.115409069 0.634985626 -0.047722809 0.376741260 0.030959418 0.924570203
1341846443.122143 -0.908039272 -0.124726720 0.668381691 -0.047281671 0.380642653 0.031883508 0.922962129
1341846443.158076 -0.902003109 -0.121478736 0.685536981 -0.044711161 0.379512399 0.036936905 0.923367202
1341846443.190201 -0.878282309 -0.119295985 0.632361591 -0.040259037 0.373223841 0.047095843 0.925670147
1341846443.226121 -0.892307699 -0.118748225 0.634926558 -0.039064955 0.373104692 0.050716411 0.925577998
1341846443.257975 -0.894792318 -0.115171574 0.655093312 -0.039206382 0.371641159 0.051755119 0.926103175
1341846443.289997 -0.893197179 -0.121092081 0.656313300 -0.038315460 0.372020245 0.053334258 0.925898671
1341846443.326118 -0.905266643 -0.115671501 0.667303264 -0.036181215 0.374737591 0.054773271 0.924804091
1341846443.358067 -0.913056195 -0.117429219 0.677637339 -0.035269249 0.375850290 0.054860163 0.924382508
1341846443.390137 -0.919412494 -0.115845837 0.668474734 -0.034032300 0.376125157 0.054494936 0.924338698
1341846443.426198 -0.919672012 -0.114865385 0.669308484 -0.036692664 0.379764140 0.053619720 0.922798872
1341846443.458405 -0.929272115 -0.117308229 0.694790959 -0.038809884 0.385628194 0.053409930 0.920289099
1341846443.494173 -0.933133423 -0.122727297 0.696033180 -0.038846321 0.387953997 0.053510468 0.919303715
1341846443.558139 -0.928672135 -0.101152264 0.662808716 -0.042001359 0.394540280 0.064726688 0.915633261
1341846443.594027 -0.945187271 -0.106600367 0.710338414 -0.048297312 0.404680967 0.060729239 0.911160052
1341846443.626290 -0.955798030 -0.109412573 0.708692968 -0.052480359 0.410207123 0.059236284 0.908552110
1341846443.658166 -0.966499448 -0.099718630 0.699728608 -0.057641763 0.418382794 0.061533023 0.904348910
1341846443.694065 -0.966963053 -0.112499900 0.740251839 -0.064453833 0.426922411 0.063501008 0.899750292
1341846443.726282 -0.980815589 -0.108903512 0.751020432 -0.063782699 0.432349175 0.066783145 0.896964848
1341846443.770837 -0.984645903 -0.108007282 0.773290217 -0.064414538 0.435228169 0.068126641 0.895425022
1341846443.800403 -0.996841073 -0.101863451 0.776289523 -0.065654561 0.435673058 0.068486005 0.895091116
1341846443.831984 -1.009400249 -0.096663773 0.793037772 -0.072579317 0.436054587 0.066726595 0.894503355
1341846443.868057 -1.005611777 -0.100510664 0.811457634 -0.077358857 0.435891718 0.067258112 0.894142270
1341846443.900439 -1.016377807 -0.101277672 0.825443685 -0.077532373 0.435178638 0.070658199 0.894212306
1341846443.932086 -1.019969821 -0.098404527 0.835418403 -0.075832658 0.432439655 0.072477892 0.895540237
1341846443.993912 -1.032140970 -0.095711015 0.852451503 -0.072989158 0.434108406 0.069287889 0.895221591
1341846444.029924 -1.043027043 -0.092877336 0.859747767 -0.075493433 0.434598267 0.068502255 0.894836605
1341846444.061948 -1.043337584 -0.094752342 0.866428614 -0.079543211 0.432909995 0.066933483 0.895422637
1341846444.093984 -1.046266198 -0.095258929 0.879656315 -0.082516328 0.433726013 0.066064745 0.894823015
1341846444.129916 -1.043140411 -0.095114224 0.889535129 -0.083483137 0.433721364 0.066435598 0.894708157
1341846444.162326 -1.045998693 -0.091516517 0.894741714 -0.083842926 0.435873598 0.065941952 0.893664539
1341846444.198431 -1.057120204 -0.084030308 0.897974789 -0.084783830 0.435829729 0.068343766 0.893416643
1341846444.229953 -1.052090049 -0.082724109 0.912085950 -0.089025982 0.433292061 0.070302144 0.894086123
1341846444.261919 -1.052492380 -0.088317081 0.915619910 -0.087139063 0.431242257 0.075274020 0.894857943
1341846444.298029 -1.056637287 -0.078329511 0.909684181 -0.085614003 0.427774549 0.077287227 0.896496415
1341846444.335959 -1.056645393 -0.076050207 0.922753394 -0.093322128 0.424691796 0.076303385 0.897276759
1341846444.398189 -1.056808352 -0.074544154 0.927227795 -0.090212524 0.417115420 0.080541164 0.900771618
1341846444.429979 -1.059409261 -0.078886822 0.920534492 -0.093261458 0.412681341 0.079428054 0.902600467
1341846444.466022 -1.057923555 -0.083263546 0.924307823 -0.096414670 0.411210001 0.077389456 0.903117597
1341846444.498181 -1.057867289 -0.080392368 0.928214371 -0.095373243 0.408263773 0.077488087 0.904555261
1341846444.530364 -1.058551431 -0.083895817 0.914676845 -0.094940282 0.401284426 0.078624122 0.907620728
1341846444.566040 -1.054982662 -0.086285152 0.911840677 -0.096004270 0.398030818 0.075316325 0.909220576
1341846444.598132 -1.052808523 -0.083759442 0.905662715 -0.095344171 0.395503581 0.073273480 0.910558879
1341846444.630024 -1.048926473 -0.088580541 0.903929174 -0.094975606 0.391118973 0.073052905 0.912506878
1341846444.666108 -1.041645885 -0.091064401 0.885062456 -0.092294447 0.386719555 0.073795237 0.914595008
1341846444.697995 -1.036039829 -0.095776729 0.867159009 -0.090286821 0.387058645 0.072959416 0.914718986
1341846444.734205 -1.033219099 -0.098937683 0.859558523 -0.087823577 0.386737376 0.072042130 0.915167272
1341846444.766262 -1.025268674 -0.102412730 0.847064555 -0.083011597 0.385152429 0.072839223 0.916221142
1341846444.798037 -1.020008683 -0.101275854 0.826275706 -0.079308584 0.384272039 0.073650628 0.916853726
1341846444.833972 -1.013007879 -0.099390127 0.814872980 -0.078544728 0.383316904 0.072886944 0.917380154
1341846444.866116 -1.008479357 -0.103808098 0.805937052 -0.077756532 0.381676108 0.072921067 0.918128431
1341846444.898025 -1.002527714 -0.104465216 0.788925767 -0.075470246 0.378682077 0.073495269 0.919512153
1341846444.934155 -0.994883478 -0.096325450 0.770874918 -0.074819036 0.375117779 0.074841358 0.920916677
1341846444.972057 -0.986930251 -0.105776794 0.764352679 -0.077991486 0.372009724 0.074417800 0.921948016
1341846445.034071 -0.976265907 -0.102682292 0.733760178 -0.076157376 0.366025180 0.073740602 0.924547434
1341846445.065987 -0.971133173 -0.105595782 0.720390141 -0.078326270 0.362355620 0.074059755 0.925785363
1341846445.102399 -0.963844597 -0.110548913 0.686443985 -0.077092446 0.357461065 0.075561062 0.927668512
1341846445.134054 -0.954132080 -0.109195121 0.695829034 -0.076472186 0.353148192 0.070952088 0.929733396
1341846445.170198 -0.952202320 -0.108683385 0.686078429 -0.077436946 0.345037878 0.069060452 0.932835996
1341846445.202068 -0.936331034 -0.124520503 0.663373411 -0.077610247 0.337557882 0.063723795 0.935932994
1341846445.234202 -0.927309394 -0.108415350 0.653040946 -0.072774030 0.331785768 0.058485799 0.938723326
1341846445.270262 -0.920040607 -0.102359258 0.644519150 -0.072276279 0.323018730 0.053280767 0.942123234
1341846445.334212 -0.897867203 -0.109371193 0.613631785 -0.072183684 0.311437547 0.044368975 0.946481705
1341846445.370095 -0.889011443 -0.097342193 0.606163621 -0.069799468 0.304948628 0.043675270 0.948802829
1341846445.401934 -0.872755826 -0.098283149 0.581519783 -0.071560450 0.296498328 0.042360600 0.951406002
1341846445.437937 -0.856103778 -0.112417161 0.569736362 -0.073461868 0.292758733 0.041630182 0.952450871
1341846445.469984 -0.834591866 -0.104106337 0.570625126 -0.066214867 0.285891026 0.040424787 0.955116630
1341846445.502004 -0.835886002 -0.108325593 0.538935781 -0.061564181 0.276472181 0.039122608 0.958249688
1341846445.537946 -0.823268771 -0.103461638 0.527359784 -0.060604349 0.273093432 0.035355534 0.959425390
1341846445.570063 -0.811499238 -0.098855212 0.528031766 -0.060428560 0.269364238 0.031722136 0.960617006
1341846445.602021 -0.787376940 -0.097432382 0.505106270 -0.061082277 0.262798369 0.027697043 0.962516963
1341846445.638006 -0.781136453 -0.102257736 0.501809835 -0.060340684 0.262328893 0.026687084 0.962720335
1341846445.670085 -0.787254810 -0.099700473 0.516856670 -0.054276370 0.253595918 0.024574216 0.965473592
1341846445.706037 -0.754007936 -0.095003039 0.494411349 -0.046624757 0.236097053 0.030168876 0.970141292
1341846445.738075 -0.737948775 -0.090312257 0.479590833 -0.044338945 0.227582127 0.032247540 0.972214222
1341846445.770102 -0.727239430 -0.086352862 0.468164623 -0.045692544 0.217544749 0.029777059 0.974525452
1341846445.806006 -0.708525360 -0.087573484 0.463226467 -0.048795678 0.209985942 0.027527735 0.976097882
1341846445.838049 -0.696160436 -0.097734660 0.459750712 -0.048471093 0.204636991 0.026184238 0.977286339
1341846445.870081 -0.680743456 -0.093488127 0.453708023 -0.042418789 0.194067001 0.023175931 0.979796648
1341846445.906156 -0.665752709 -0.084415160 0.442889631 -0.040817484 0.186106846 0.019735310 0.981482923
1341846445.938036 -0.650574148 -0.079238236 0.430978894 -0.043730199 0.179324985 0.014153934 0.982715547
1341846445.974028 -0.633438110 -0.080641545 0.419526219 -0.049528331 0.173279062 0.006645894 0.983604133
1341846446.006089 -0.616941035 -0.093260452 0.417519778 -0.054252714 0.170097157 0.000282576 0.983932674
1341846446.038148 -0.613146842 -0.107724749 0.416005105 -0.049087595 0.166170374 0.002571249 0.984871149
1341846446.073973 -0.597344100 -0.090652183 0.419809729 -0.035285171 0.157417715 0.008566155 0.986864328
1341846446.106021 -0.577097297 -0.076836333 0.406347573 -0.029909847 0.149240822 0.009115444 0.988306344
1341846446.138290 -0.563578129 -0.071191356 0.390623748 -0.031597871 0.144249320 0.008485718 0.989000320
1341846446.174003 -0.560504556 -0.087775283 0.400251776 -0.034138989 0.139877826 0.007588967 0.989550948
1341846446.206154 -0.537209332 -0.085129820 0.383240223 -0.028023973 0.131655589 0.011953024 0.990827203
1341846446.242005 -0.510441244 -0.060713015 0.359655470 -0.026211800 0.129007429 0.014894499 0.991185248
1341846446.273991 -0.518820584 -0.065999828 0.368426740 -0.032891870 0.129253522 0.016336400 0.990931273
1341846446.306170 -0.500790775 -0.072448790 0.376293808 -0.034809712 0.120325409 0.019343313 0.991935432
1341846446.342032 -0.480229050 -0.062615708 0.355348080 -0.034151781 0.115550235 0.026213082 0.992368221
1341846446.373966 -0.480010808 -0.058434922 0.353297710 -0.037187472 0.112479165 0.030108435 0.992501378
1341846446.410081 -0.464209974 -0.058220666 0.357108593 -0.040635992 0.104564838 0.030022103 0.993233919
1341846446.441987 -0.446657151 -0.055465676 0.345448554 -0.042885490 0.100406237 0.032302495 0.993496835
1341846446.474066 -0.451196313 -0.054853033 0.347062469 -0.045817878 0.097520925 0.031094527 0.993691862
1341846446.510038 -0.433810860 -0.054667592 0.341740459 -0.048607592 0.088265225 0.028137583 0.994512320
1341846446.542120 -0.406124502 -0.055627681 0.331960410 -0.050656736 0.083032899 0.025224771 0.994938731
1341846446.574035 -0.403026074 -0.061217386 0.332325339 -0.050908282 0.082300045 0.021917392 0.995065153
1341846446.610113 -0.388612479 -0.048653848 0.317603618 -0.049043640 0.076566435 0.019245701 0.995671570
1341846446.642107 -0.368392169 -0.037398465 0.306819350 -0.051391236 0.073927112 0.017080514 0.995792150
1341846446.678096 -0.376132816 -0.042609606 0.308082968 -0.055786185 0.073533311 0.012513955 0.995652616
1341846446.710293 -0.367612034 -0.036988314 0.293733776 -0.057900883 0.066088527 0.012394256 0.996055305
1341846446.742013 -0.332281590 -0.038155124 0.280400097 -0.064658836 0.058747329 0.016846394 0.996034205
1341846446.778116 -0.341436297 -0.034866251 0.283806056 -0.068507075 0.058426671 0.013750535 0.995843351
1341846446.810247 -0.336158067 -0.034635246 0.285452783 -0.070877805 0.050239876 0.013074751 0.996133208
1341846446.842072 -0.308265358 -0.025990870 0.278011799 -0.073151089 0.042996306 0.015858214 0.996267438
1341846446.877989 -0.302338809 -0.023762576 0.272132903 -0.076800011 0.040997744 0.015953662 0.996075511
1341846446.910210 -0.285661906 -0.028247183 0.266830862 -0.080673151 0.036716305 0.015459121 0.995944142
1341846446.979416 -0.264507294 -0.027763167 0.257238865 -0.086228974 0.033435330 0.016009141 0.995585442
1341846447.048442 -0.225740150 -0.025052128 0.251660645 -0.082763493 0.026930872 0.017578391 0.996050179
1341846447.110128 -0.201116264 -0.012241703 0.235233039 -0.086473003 0.026099401 0.016418608 0.995776892
1341846447.146292 -0.184752569 -0.015452160 0.233026221 -0.089276217 0.027819652 0.014649250 0.995510578
1341846447.179789 -0.180966586 -0.016766403 0.234829873 -0.089505538 0.031687755 0.013143740 0.995395362
1341846447.216160 -0.181706890 -0.010304146 0.228899002 -0.089129977 0.033517070 0.012283189 0.995380104
1341846447.252104 -0.156086922 -0.008258750 0.223677471 -0.092018977 0.033323105 0.012360159 0.995122790
1341846447.284847 -0.163915321 -0.009609703 0.225936636 -0.094822869 0.038763069 0.009810845 0.994690835
1341846447.320107 -0.163241640 -0.007023572 0.225203812 -0.095437258 0.038870748 0.010888942 0.994616628
1341846447.352050 -0.148824304 -0.005537421 0.218502656 -0.097570077 0.038016662 0.013134625 0.994415581
1341846447.383924 -0.144932479 -0.003834574 0.220133424 -0.101260185 0.042079706 0.011016635 0.993908644
1341846447.420069 -0.148995429 -0.006658916 0.220758200 -0.104331285 0.044637606 0.010735580 0.993482411
1341846447.452015 -0.155579060 -0.007106373 0.220354140 -0.105772406 0.046010014 0.013015254 0.993240118
1341846447.488160 -0.145687729 -0.007386923 0.215504572 -0.107830003 0.045736063 0.013097603 0.993030369
1341846447.520057 -0.157620907 -0.006840527 0.218637452 -0.110144883 0.048424106 0.012369719 0.992658138
1341846447.551976 -0.167154431 -0.013522944 0.220654249 -0.112196937 0.046312898 0.014568092 0.992499232
1341846447.588058 -0.163406506 -0.005251094 0.213206738 -0.111621998 0.042060778 0.015792863 0.992734611
1341846447.620036 -0.163783506 0.001051096 0.206087396 -0.114582755 0.040379591 0.016008401 0.992463589
1341846447.656059 -0.162267059 0.000101752 0.207524285 -0.120914288 0.039246496 0.014045145 0.991787374
1341846447.688035 -0.165756688 -0.017908176 0.210738450 -0.126571536 0.038761228 0.016062152 0.991069734
1341846447.719948 -0.177114412 -0.018267961 0.205577075 -0.126142263 0.037456296 0.020439833 0.991094053
1341846447.756116 -0.167070270 -0.012067306 0.202473581 -0.126381621 0.033833440 0.023259202 0.991131663
1341846447.787990 -0.163366601 -0.013088631 0.195768714 -0.129340708 0.034583416 0.024767531 0.990687430
1341846447.823997 -0.164585590 -0.019887166 0.199054316 -0.133115366 0.036188703 0.025901536 0.990100861
1341846447.856048 -0.162678003 -0.024135953 0.197672263 -0.133837000 0.036326550 0.026448883 0.989984095
1341846447.888261 -0.159567758 -0.024341427 0.192120910 -0.133121148 0.038751490 0.026451448 0.989988565
1341846447.924141 -0.162308931 -0.026213638 0.190005988 -0.133404985 0.042357970 0.025057808 0.989838898
1341846447.956316 -0.168296590 -0.036356483 0.192385375 -0.134735331 0.043742456 0.025669793 0.989582777
1341846447.992036 -0.167061433 -0.036952883 0.187999576 -0.133695409 0.042507768 0.026020003 0.989768445
1341846448.024057 -0.166307062 -0.032467242 0.176529676 -0.134977236 0.043065444 0.024947552 0.989597976
1341846448.092100 -0.169911414 -0.037761517 0.181355536 -0.144279793 0.043791324 0.016760981 0.988425374
1341846448.150222 -0.177372485 -0.051198654 0.177470639 -0.153240442 0.045500252 0.014766813 0.987030387
1341846448.186133 -0.182350695 -0.065120757 0.180567041 -0.154800832 0.046004456 0.013711134 0.986778736
1341846448.218203 -0.163325295 -0.080324873 0.179130077 -0.151836082 0.041220617 0.013969374 0.987446964
1341846448.250175 -0.171771899 -0.080225922 0.177620694 -0.146161288 0.040359113 0.014296650 0.988333762
1341846448.286053 -0.169425949 -0.068078771 0.170668453 -0.142013416 0.040691849 0.012965094 0.988942981
1341846448.318080 -0.174130529 -0.078467242 0.170515671 -0.143613905 0.042327512 0.013400935 0.988637388
1341846448.350345 -0.173368454 -0.085972898 0.169453040 -0.144195423 0.039683763 0.015743444 0.988627851
1341846448.385982 -0.174596205 -0.077174768 0.163218841 -0.143549889 0.038354289 0.015871463 0.988772213
1341846448.417971 -0.185675427 -0.076905847 0.156468406 -0.148429632 0.040748030 0.015199488 0.987966239
1341846448.454017 -0.182452306 -0.076337405 0.159428865 -0.153672114 0.039553840 0.016005799 0.987200141
1341846448.486068 -0.179779306 -0.084376775 0.162317067 -0.157499582 0.036545198 0.014013517 0.986743093
1341846448.518032 -0.170908689 -0.088190682 0.160160705 -0.158944651 0.035184905 0.013198660 0.986572027
1341846448.553970 -0.181080699 -0.089906968 0.160882652 -0.161737233 0.037773795 0.013532049 0.986017823
1341846448.586105 -0.186232328 -0.119139850 0.166072413 -0.167464137 0.035678115 0.013475223 0.985140204
1341846448.621936 -0.168525279 -0.107775025 0.164407462 -0.162054032 0.031027371 0.012437806 0.986215532
1341846448.653943 -0.174432963 -0.097600378 0.156704932 -0.158937633 0.033375930 0.009706297 0.986676574
1341846448.686150 -0.182015926 -0.096586652 0.150750890 -0.161359891 0.035101794 0.009054944 0.986229599
1341846448.722086 -0.177594423 -0.097862072 0.150855705 -0.166208759 0.033925630 0.008820119 0.985467374
1341846448.753983 -0.183551088 -0.096460365 0.141776726 -0.171538010 0.037783105 0.009006723 0.984411478
1341846448.786053 -0.189517751 -0.108141497 0.149947986 -0.182696119 0.042040821 0.005707138 0.982253611
1341846448.822019 -0.195825651 -0.138426676 0.162221774 -0.190182254 0.040925141 0.006304925 0.980875194
1341846448.854125 -0.174806088 -0.121899448 0.154992282 -0.181736350 0.033550493 0.008861659 0.982734799
1341846448.890063 -0.175598651 -0.119494580 0.148734063 -0.180098966 0.034375008 0.008164397 0.983013809
1341846448.922419 -0.178456470 -0.092692710 0.142967924 -0.180712640 0.035853431 0.003581247 0.982875705
1341846448.954059 -0.193719685 -0.130814239 0.148868084 -0.200905368 0.040562246 -0.000974584 0.978770018
1341846448.990056 -0.199597940 -0.133060902 0.153327376 -0.213276282 0.044312656 -0.003734736 0.975979328
1341846449.022043 -0.199984387 -0.140420988 0.155267060 -0.222663641 0.046354525 -0.004644402 0.973781586
1341846449.054021 -0.183091328 -0.149057046 0.155909941 -0.226199076 0.044184569 -0.002432550 0.973075449
1341846449.090060 -0.171385780 -0.168764263 0.164244905 -0.225892171 0.042613849 -0.002893441 0.973215520
1341846449.121998 -0.170304760 -0.173635870 0.167329833 -0.221977264 0.041753329 -0.004020512 0.974149168
1341846449.158114 -0.171090230 -0.182523102 0.159916282 -0.218914062 0.041597322 -0.005385027 0.974842191
1341846449.190066 -0.154129878 -0.215708733 0.159577891 -0.223999396 0.040375058 -0.005954146 0.973734379
1341846449.222044 -0.159673065 -0.213791177 0.160745487 -0.225583002 0.044721402 -0.005980078 0.973178566
1341846449.258032 -0.172309428 -0.224839434 0.170053259 -0.228933632 0.047213037 -0.002621159 0.972292900
1341846449.290278 -0.168727070 -0.230098546 0.174774989 -0.228903830 0.046121027 0.001493844 0.972354710
1341846449.321912 -0.152205124 -0.244060144 0.174654245 -0.230604187 0.044977754 0.005879174 0.971989810
1341846449.357984 -0.161586434 -0.237241685 0.173273683 -0.232648924 0.048881188 0.006941407 0.971306801
1341846449.390027 -0.166602820 -0.263309032 0.192915305 -0.238770336 0.053046100 0.009701787 0.969577610
1341846449.426101 -0.131773144 -0.268396884 0.190313518 -0.231212184 0.049634613 0.018080562 0.971468151
1341846449.458035 -0.152231023 -0.240712509 0.189899683 -0.221883714 0.054019894 0.015471786 0.973452687
1341846449.490185 -0.195466608 -0.239528850 0.200017348 -0.224078327 0.063654453 0.011519382 0.972421885
1341846449.525989 -0.155607507 -0.255318373 0.209969997 -0.228221476 0.059135232 0.015615865 0.971686244
1341846449.558288 -0.156073943 -0.268239737 0.218003064 -0.228882402 0.058767434 0.015948428 0.971547663
1341846449.594265 -0.155335173 -0.314249933 0.233570263 -0.231963828 0.056513228 0.016502481 0.970941126
1341846449.626133 -0.162304595 -0.280767709 0.234216362 -0.218430877 0.057848737 0.014977703 0.974021137
1341846449.658161 -0.153465614 -0.273413807 0.231844380 -0.217945725 0.056375679 0.012684707 0.974248707
1341846449.694129 -0.153980419 -0.276420921 0.243970588 -0.223136738 0.058648609 0.010988102 0.972959161
1341846449.725937 -0.166434050 -0.294456571 0.257125139 -0.228647560 0.062864184 0.011609351 0.971408010
1341846449.757969 -0.175984874 -0.290199250 0.261092067 -0.231920436 0.063805565 0.014568721 0.970530510
1341846449.794073 -0.158022463 -0.306825012 0.281275630 -0.240131661 0.059949838 0.013697300 0.968790591
1341846449.826150 -0.168732285 -0.320814848 0.301426768 -0.242596611 0.063532196 0.012616446 0.967962503
1341846449.861992 -0.197258323 -0.314197659 0.305424869 -0.238060549 0.066272587 0.010240058 0.968932509
1341846449.894052 -0.159658551 -0.349053770 0.328949779 -0.243233055 0.056752764 0.010014440 0.968254328
1341846449.925963 -0.175850913 -0.342848063 0.335787147 -0.237419993 0.062082838 0.011339707 0.969354868
1341846449.962133 -0.198940203 -0.322412372 0.336103886 -0.229858831 0.070785291 0.006003916 0.970627785
1341846449.994047 -0.218055904 -0.305440694 0.345280856 -0.226066411 0.076093718 0.002662344 0.971131623
1341846450.026443 -0.223872676 -0.298515588 0.359887540 -0.224061519 0.077228226 0.003047367 0.971505523
1341846450.062040 -0.231647700 -0.291347027 0.364114136 -0.220428199 0.079186149 0.000604592 0.972183406
1341846450.094160 -0.157083496 -0.364661902 0.375493318 -0.235046655 0.066321798 -0.000440376 0.969718695
1341846450.130133 -0.161578432 -0.367149383 0.380581319 -0.237271145 0.067686006 -0.002769137 0.969078600
1341846450.161911 -0.154696420 -0.368701309 0.393219262 -0.239044547 0.066741049 -0.002664761 0.968708515
1341846450.194126 -0.164339870 -0.380994081 0.403900355 -0.243411422 0.069277339 -0.003016431 0.967441201
1341846450.230042 -0.168573797 -0.394641578 0.418098062 -0.250442654 0.069493204 -0.002881023 0.965629816
1341846450.262009 -0.180560976 -0.417450607 0.440249264 -0.257787079 0.069037169 -0.004481632 0.963721752
1341846450.294220 -0.180974364 -0.431881785 0.454704642 -0.258673757 0.065454163 -0.004956621 0.963731825
1341846450.330052 -0.162579924 -0.426623255 0.463997543 -0.255628407 0.057569314 -0.007151970 0.965033054
1341846450.361929 -0.165774718 -0.416632175 0.469044238 -0.253067195 0.056515109 -0.013004017 0.965709031
1341846450.398035 -0.177436635 -0.438322246 0.483838856 -0.257408619 0.060086496 -0.012802153 0.964347720
1341846450.429941 -0.173109636 -0.447796047 0.495258272 -0.259755731 0.057110343 -0.010026332 0.963931978
1341846450.461928 -0.160403490 -0.441579640 0.504177332 -0.258178592 0.050366886 -0.015149632 0.964664459
1341846450.498062 -0.157888025 -0.462472588 0.522634566 -0.262261182 0.047818314 -0.022349812 0.963552296
1341846450.529969 -0.166554481 -0.462245464 0.528396606 -0.262481987 0.047877319 -0.026758051 0.963376880
1341846450.561983 -0.165507272 -0.464279354 0.536949873 -0.264576614 0.045290895 -0.028420411 0.962881207
1341846450.598097 -0.169313848 -0.478656143 0.553052485 -0.268854499 0.044135384 -0.028697474 0.961741030
1341846450.630436 -0.168801308 -0.480390131 0.561891496 -0.270162135 0.041266523 -0.026206883 0.961573005
1341846450.666178 -0.171792760 -0.492606133 0.575259686 -0.274685234 0.036579106 -0.023867998 0.960541666
1341846450.698174 -0.163344473 -0.499056488 0.585913658 -0.277344525 0.029297672 -0.016805599 0.960176647
1341846450.730214 -0.170450062 -0.511765242 0.581055999 -0.280519694 0.024541220 -0.014670420 0.959422350
1341846450.765977 -0.165150121 -0.513320863 0.593320727 -0.283212721 0.016907854 -0.019562177 0.958708525
1341846450.798042 -0.161642939 -0.502846122 0.598599434 -0.282122195 0.012489635 -0.025414884 0.958960474
1341846450.834020 -0.165991142 -0.506685197 0.602162063 -0.283374697 0.012449280 -0.029627793 0.958470643
1341846450.866022 -0.161321104 -0.515826404 0.610364795 -0.288502038 0.011495253 -0.034182612 0.956799865
1341846450.898067 -0.154747590 -0.554030836 0.637283683 -0.302481800 0.009696092 -0.040280048 0.952254295
1341846450.934091 -0.162262172 -0.583508134 0.656510413 -0.310246259 0.008321192 -0.039542265 0.949797034
1341846450.966100 -0.160980806 -0.571077883 0.657816291 -0.305887282 0.003031407 -0.038713582 0.951275468
1341846450.998096 -0.158692792 -0.560618937 0.650419831 -0.304531187 -0.001284801 -0.043494947 0.951507926
1341846451.034057 -0.148948610 -0.568231881 0.657702506 -0.311304420 -0.004624818 -0.049310967 0.949018776
1341846451.068370 -0.157629654 -0.558089018 0.663605273 -0.313673347 -0.002309559 -0.052510966 0.948075056
1341846451.102153 -0.163456708 -0.564954638 0.673362136 -0.316632777 -0.003851309 -0.052729208 0.947073638
1341846451.133979 -0.159713894 -0.562573493 0.671908855 -0.317397714 -0.007036525 -0.054993536 0.946670413
1341846451.165987 -0.160543114 -0.559007347 0.678002834 -0.318831027 -0.007155962 -0.057229288 0.946055174
1341846451.202275 -0.169210181 -0.561074078 0.678925633 -0.319658607 -0.006845319 -0.056461863 0.945824325
1341846451.234790 -0.168446869 -0.553118646 0.671056926 -0.320495933 -0.007343030 -0.053616699 0.945702732
1341846451.302134 -0.137810007 -0.553482413 0.693882763 -0.316361785 -0.019267492 -0.050414219 0.947102129
1341846451.334095 -0.163325295 -0.560359597 0.682902694 -0.314195454 -0.011989142 -0.056433555 0.947603703
1341846451.370064 -0.171260893 -0.558967888 0.680934250 -0.314514756 -0.007931319 -0.056932718 0.947510540
1341846451.402007 -0.162488297 -0.566865027 0.693066478 -0.314462274 -0.009594006 -0.054165747 0.947674811
1341846451.434004 -0.166619629 -0.558166504 0.681497455 -0.306343615 -0.005952463 -0.053894464 0.950375497
1341846451.470107 -0.167172611 -0.559757531 0.676846087 -0.302877933 -0.002470956 -0.054127615 0.951487780
1341846451.502266 -0.179910198 -0.545594275 0.661751330 -0.296758682 0.005351862 -0.055067278 0.953348458
1341846451.534027 -0.162854001 -0.547267139 0.651799023 -0.294636935 0.007475312 -0.053030752 0.954107404
1341846451.570038 -0.160701498 -0.546489418 0.642985404 -0.292800426 0.011013248 -0.054344270 0.954564452
1341846451.601887 -0.162613332 -0.539403141 0.625790894 -0.290335000 0.015629454 -0.054835442 0.955224752
1341846451.637996 -0.156259030 -0.545259118 0.628402650 -0.292620212 0.017721461 -0.053953126 0.954540968
1341846451.669951 -0.153365955 -0.547320783 0.628323019 -0.291406006 0.020393742 -0.052745737 0.954926431
1341846451.702077 -0.159392431 -0.539001703 0.598858476 -0.285361201 0.025735969 -0.052766547 0.956620276
1341846451.737995 -0.167471021 -0.529951215 0.584084034 -0.281882524 0.028129831 -0.054498892 0.957486749
1341846451.770041 -0.168676555 -0.515055597 0.569594026 -0.277908713 0.030434122 -0.056041185 0.958488345
1341846451.806071 -0.163361624 -0.516703129 0.555428207 -0.277577609 0.033609044 -0.057304740 0.958403528
1341846451.838004 -0.172250465 -0.496470869 0.546303093 -0.275907606 0.035815675 -0.058510818 0.958732843
1341846451.870027 -0.165717766 -0.492477536 0.531373322 -0.279222697 0.033485204 -0.058083732 0.957882941
1341846451.905961 -0.161770344 -0.495516568 0.527601302 -0.280169934 0.034465246 -0.057699170 0.957594752
1341846451.937970 -0.171587691 -0.497336894 0.517612636 -0.279376894 0.037427403 -0.055906475 0.957821608
1341846451.970138 -0.183680236 -0.488723874 0.505792499 -0.274102956 0.036902331 -0.056593876 0.959324181
1341846452.006080 -0.187458366 -0.497008502 0.497533172 -0.268127859 0.033687737 -0.060255915 0.960906744
1341846452.037935 -0.203308731 -0.484327316 0.480889559 -0.260564774 0.032438718 -0.058599871 0.963130176
1341846452.073949 -0.206131518 -0.482406467 0.470296025 -0.256798714 0.027689582 -0.054201961 0.964546442
1341846452.105977 -0.201656908 -0.470426619 0.457636654 -0.252156526 0.023710631 -0.053315375 0.965925634
1341846452.138008 -0.198278800 -0.462338477 0.448310047 -0.249156028 0.022719305 -0.051306035 0.966836512
1341846452.174074 -0.212514654 -0.487029612 0.442965865 -0.250176609 0.023746477 -0.047941625 0.966720939
1341846452.206235 -0.202159896 -0.475300014 0.423141986 -0.237983748 0.017370190 -0.043468684 0.970140457
1341846452.238073 -0.190086827 -0.457860649 0.417047232 -0.227277353 0.012661079 -0.042617261 0.972814679
1341846452.274106 -0.188284710 -0.445668370 0.402721584 -0.221300036 0.012704635 -0.042310122 0.974204659
1341846452.306097 -0.195463538 -0.449461460 0.391482860 -0.215685964 0.015192649 -0.039845966 0.975531161
1341846452.342082 -0.192549452 -0.410921425 0.370352745 -0.202518418 0.014532807 -0.034947947 0.978546739
1341846452.374034 -0.185991928 -0.390910387 0.356229812 -0.199298903 0.014795429 -0.034571279 0.979216993
1341846452.406041 -0.180017680 -0.393878192 0.360015541 -0.200586826 0.017141527 -0.031744566 0.979011416
1341846452.442053 -0.181176051 -0.393340945 0.354089588 -0.196778715 0.016519107 -0.026237400 0.979957581
1341846452.474108 -0.186516345 -0.375772536 0.342692822 -0.189565226 0.011677370 -0.019282732 0.981609344
1341846452.506073 -0.185349450 -0.361003160 0.319568574 -0.185756058 0.010691578 -0.018409586 0.982365251
1341846452.542118 -0.188455194 -0.362598300 0.318805009 -0.188079774 0.013210187 -0.017168459 0.981914818
1341846452.574108 -0.195995346 -0.366015077 0.319953829 -0.186435521 0.012660238 -0.015005424 0.982271016
1341846452.610038 -0.197931305 -0.346939266 0.309083134 -0.177246913 0.010099337 -0.011508120 0.984047294
1341846452.642126 -0.195240766 -0.337194264 0.297347695 -0.172503442 0.009750875 -0.013153332 0.984872818
1341846452.674053 -0.200572923 -0.333458781 0.285988152 -0.172007084 0.012238522 -0.011852088 0.984948397
1341846452.709891 -0.207640305 -0.320829570 0.280315101 -0.171376348 0.014833384 -0.011471199 0.985027194
1341846452.742117 -0.205169901 -0.317850679 0.284299374 -0.170914933 0.015637740 -0.012174936 0.985086441
1341846452.774020 -0.207295030 -0.308206856 0.273939729 -0.168093160 0.019294098 -0.012295534 0.985505581
1341846452.810050 -0.221092179 -0.309030801 0.266146958 -0.167694494 0.024229119 -0.012018504 0.985467911
1341846452.842060 -0.214370787 -0.304570258 0.261298716 -0.165868685 0.023967771 -0.011291991 0.985791862
1341846452.910212 -0.228041410 -0.301045537 0.253774822 -0.164222822 0.030291770 -0.010850905 0.985898376
1341846452.942284 -0.242706075 -0.300985664 0.247125208 -0.161210328 0.031845849 -0.010860829 0.986346364
1341846452.978269 -0.235966429 -0.288865715 0.239823222 -0.155507371 0.030356195 -0.011096894 0.987305820
1341846453.010078 -0.223347738 -0.266131341 0.227835491 -0.151793793 0.030487889 -0.013148235 0.987854362
1341846453.046005 -0.244288266 -0.279693753 0.233661860 -0.159297600 0.036898438 -0.016546495 0.986402035
1341846453.078276 -0.256235123 -0.277299821 0.232775927 -0.158659756 0.038024146 -0.015970603 0.986471593
1341846453.111410 -0.253361434 -0.265803099 0.234039843 -0.153320909 0.036474992 -0.018147390 0.987336278
1341846453.152099 -0.260647595 -0.255491763 0.229169875 -0.148096815 0.039642520 -0.020657293 0.987962067
1341846453.210744 -0.280516684 -0.242098376 0.232423127 -0.138924062 0.042851910 -0.027616916 0.988989949
1341846453.246368 -0.281505287 -0.233900055 0.236657724 -0.131374657 0.041268036 -0.031375572 0.989976346
1341846453.281016 -0.278899997 -0.221490026 0.233905613 -0.124220423 0.040897038 -0.035802614 0.990764797
1341846453.346478 -0.293910176 -0.216611415 0.225564480 -0.111865960 0.043920260 -0.039191041 0.991978347
1341846453.413993 -0.286547899 -0.202325284 0.216554984 -0.096873559 0.044621080 -0.049566519 0.993059695
1341846453.447282 -0.301474363 -0.201275498 0.233368725 -0.088293917 0.046978477 -0.054545168 0.993489802
1341846453.489022 -0.300844342 -0.184625015 0.232020468 -0.074020490 0.043281648 -0.052983843 0.994907200
1341846453.520074 -0.301645905 -0.184325948 0.214466378 -0.059942309 0.042702146 -0.051044099 0.995980918
1341846453.552202 -0.308234781 -0.169649556 0.222865328 -0.048021525 0.043840710 -0.046293955 0.996809304
1341846453.588242 -0.296906024 -0.147272706 0.224178493 -0.039309982 0.041376259 -0.038535181 0.997626066
1341846453.619879 -0.298492134 -0.132102951 0.226218805 -0.036463816 0.042131156 -0.039459229 0.997666419
1341846453.656024 -0.301095605 -0.123593874 0.234159037 -0.034533903 0.043161005 -0.042984154 0.997545421
1341846453.687999 -0.301865190 -0.112966895 0.237229854 -0.028909056 0.044939205 -0.044709880 0.997569919
1341846453.720025 -0.307593733 -0.102785587 0.236288682 -0.022910098 0.047046583 -0.046430796 0.997549951
1341846453.756055 -0.309259295 -0.095320538 0.226557463 -0.017216632 0.047838591 -0.045512874 0.997669101
1341846453.787935 -0.308462501 -0.078033298 0.223503366 -0.010494916 0.046944529 -0.043789241 0.997882009
1341846453.824011 -0.316361010 -0.064870022 0.212000728 -0.007657490 0.048887294 -0.042336103 0.997877240
1341846453.855942 -0.316988319 -0.052374125 0.213994414 -0.007657411 0.049741589 -0.041098990 0.997886777
1341846453.888038 -0.326111674 -0.047235150 0.215676576 -0.006963225 0.051042538 -0.041260269 0.997819483
1341846453.924065 -0.329531521 -0.037942730 0.218002483 -0.003791700 0.051266547 -0.041839130 0.997801006
1341846453.955921 -0.330545068 -0.032975353 0.213989258 -0.000449013 0.051351860 -0.042786784 0.997763515
1341846453.987940 -0.338592917 -0.039192937 0.212488532 0.005242766 0.050674912 -0.044754785 0.997698128
1341846454.024255 -0.334851921 -0.016171897 0.210564867 0.015617044 0.049532242 -0.046680450 0.997558832
1341846454.056313 -0.329834282 -0.002503065 0.211801380 0.018581692 0.048333649 -0.047054183 0.997549236
1341846454.088076 -0.336996704 0.011561695 0.217521459 0.018978046 0.047826152 -0.049562529 0.997444749
1341846454.124105 -0.339145839 0.017144881 0.216112331 0.018636640 0.046944547 -0.049987193 0.997471869
1341846454.156054 -0.338969201 0.029665912 0.210877061 0.018595122 0.045734748 -0.048887402 0.997583389
1341846454.191955 -0.327553064 0.029601192 0.217263088 0.015409334 0.043860402 -0.047621954 0.997783005
1341846454.224008 -0.339332879 0.038905896 0.220792681 0.014818599 0.044719823 -0.050967600 0.997588515
1341846454.256124 -0.327211022 0.037282672 0.219414517 0.014342424 0.042593289 -0.049036972 0.997785270
1341846454.291937 -0.329538792 0.046253331 0.222806230 0.015036750 0.044109356 -0.050735258 0.997624278
1341846454.323981 -0.342115790 0.061517365 0.223581210 0.016522534 0.046169601 -0.052378580 0.997422576
1341846454.355934 -0.343353391 0.069284990 0.230161235 0.016512111 0.044507720 -0.048822246 0.997678697
1341846454.392062 -0.335228801 0.076007336 0.226349026 0.016622867 0.043436814 -0.046678834 0.997826636
1341846454.423951 -0.338836372 0.078987904 0.229624495 0.017425919 0.045080639 -0.046293799 0.997757971
1341846454.456041 -0.345483452 0.085635215 0.238568321 0.020654274 0.044426370 -0.043469097 0.997852802
1341846454.492065 -0.337086171 0.091874205 0.236832753 0.024203749 0.042497646 -0.040141780 0.997996390
1341846454.524037 -0.341144592 0.100626163 0.237205997 0.027578901 0.044655316 -0.042158313 0.997731447
1341846454.555946 -0.347438008 0.104502462 0.244545490 0.030260889 0.044037268 -0.040719539 0.997740924
1341846454.591893 -0.345930248 0.110849202 0.244738370 0.034384806 0.040740080 -0.036639046 0.997905552
1341846454.624115 -0.346089214 0.122805625 0.248051479 0.038623687 0.039612163 -0.036685057 0.997794211
1341846454.659990 -0.347803146 0.124908455 0.256114691 0.042052634 0.038469668 -0.035136040 0.997756064
1341846454.691970 -0.346193403 0.131823510 0.260174751 0.048910882 0.034956161 -0.031353999 0.997698724
1341846454.723925 -0.344520092 0.146026656 0.259650707 0.054422248 0.033600811 -0.031037042 0.997469783
1341846454.759924 -0.344612837 0.159372345 0.262885123 0.058155373 0.033654090 -0.032958031 0.997195661
1341846454.792135 -0.342013836 0.159549892 0.265190959 0.060348015 0.033628128 -0.033229377 0.997057199
1341846454.823976 -0.343986601 0.163969934 0.265532255 0.067040168 0.034221251 -0.029852770 0.996716261
1341846454.859970 -0.343650550 0.177471340 0.267916828 0.077043772 0.034282237 -0.025054418 0.996123135
1341846454.892266 -0.344405711 0.198330969 0.269432157 0.082639821 0.034284756 -0.025018139 0.995675325
1341846454.959988 -0.345772684 0.214499667 0.267694563 0.086267933 0.038521860 -0.023534626 0.995248735
1341846455.022227 -0.335322052 0.246026531 0.267149746 0.095432661 0.039468903 -0.016784690 0.994511485
1341846455.054099 -0.333642691 0.258509636 0.269253910 0.095645279 0.043876756 -0.015922856 0.994320512
1341846455.090050 -0.336331218 0.267429560 0.277810693 0.096964002 0.045718987 -0.012127257 0.994163275
1341846455.122055 -0.334598958 0.278032333 0.279144615 0.100729071 0.044691700 -0.006964871 0.993885159
1341846455.153946 -0.332573652 0.294218898 0.275398672 0.105461858 0.046221342 -0.005600370 0.993332744
1341846455.190190 -0.345920682 0.307157546 0.272733420 0.108980395 0.050081771 -0.004526189 0.992771149
1341846455.222061 -0.342385203 0.322351068 0.282153964 0.112629756 0.047378182 -0.000683621 0.992506623
1341846455.258176 -0.338582456 0.338742137 0.281175584 0.114012204 0.045262851 -0.000034560 0.992447674
1341846455.289996 -0.337490678 0.347007394 0.284871280 0.112945527 0.045136128 -0.001052323 0.992574871
1341846455.322654 -0.337182909 0.348118931 0.279977143 0.111390390 0.042961154 0.001269942 0.992846847
1341846455.358098 -0.341982037 0.359856665 0.311215669 0.113731921 0.038531814 0.004215326 0.992755055
1341846455.390002 -0.329221040 0.376136631 0.285095960 0.114010118 0.032162491 0.005720583 0.992942333
1341846455.422100 -0.328961760 0.387278169 0.279482394 0.110869803 0.033653989 0.002759740 0.993261099
1341846455.458125 -0.327776998 0.391099751 0.310080767 0.109083362 0.032742735 0.001636720 0.993491828
1341846455.490042 -0.327814549 0.400877357 0.318409801 0.112677217 0.027962053 0.007426264 0.993210316
1341846455.525978 -0.324220151 0.417696178 0.322866261 0.116255157 0.025462955 0.008479172 0.992856741
1341846455.558173 -0.336681008 0.427952588 0.306307256 0.114845872 0.028402442 0.005321017 0.992962956
1341846455.590092 -0.327418208 0.431967497 0.334818304 0.115741320 0.025063781 0.007037954 0.992938161
1341846455.625973 -0.329451680 0.444958895 0.332795084 0.117893755 0.022156952 0.008001353 0.992746711
1341846455.658077 -0.336858720 0.460009038 0.324368179 0.119742215 0.022416912 0.005254172 0.992537975
1341846455.690122 -0.330528170 0.462968707 0.323248923 0.120385163 0.021286486 0.002555043 0.992495716
1341846455.726004 -0.331220210 0.472712308 0.340987206 0.125861704 0.018582288 0.003944903 0.991865873
1341846455.758157 -0.338542938 0.484481037 0.346027255 0.133499548 0.019205946 0.000791087 0.990862429
1341846455.826431 -0.321911126 0.504515886 0.374921352 0.144685641 0.015669420 -0.000853779 0.989353240
1341846455.858084 -0.320370078 0.514138103 0.390230715 0.154881060 0.014692221 -0.000080084 0.987823844
1341846455.893948 -0.310513884 0.518862784 0.367159247 0.162626177 0.014883374 0.003512960 0.986569226
1341846455.926012 -0.322669417 0.530277729 0.367315143 0.168992534 0.019194378 0.001599253 0.985429108
1341846455.958115 -0.319204211 0.537047625 0.391050011 0.176739305 0.017204698 0.002650501 0.984103739
1341846455.994972 -0.326867253 0.546777368 0.335237563 0.181657284 0.018225385 0.000854675 0.983192623
1341846456.026027 -0.336949378 0.556332052 0.341007292 0.185801283 0.020772344 -0.001490212 0.982366562
1341846456.061926 -0.347523928 0.562282681 0.351801574 0.190159306 0.019584147 -0.001368325 0.981556952
1341846456.093945 -0.357249945 0.569716573 0.354839474 0.195593879 0.020101819 -0.005153934 0.980465412
1341846456.126153 -0.337935895 0.600023448 0.346714318 0.199810952 0.020162925 -0.011832556 0.979555547
1341846456.162325 -0.344188392 0.601194918 0.363471299 0.200814098 0.020754820 -0.015186280 0.979291737
1341846456.194021 -0.353399843 0.604444921 0.386045188 0.206910387 0.021299973 -0.014789894 0.978016198
1341846456.229852 -0.361218005 0.616919458 0.385903239 0.214343145 0.023070501 -0.017145317 0.976335347
1341846456.262012 -0.368071407 0.629786313 0.377021939 0.217191681 0.025156332 -0.019877989 0.975602210
1341846456.293900 -0.373223066 0.630817235 0.353551954 0.216920406 0.027299304 -0.023280257 0.975529730
1341846456.330221 -0.383157939 0.634863734 0.365732074 0.219855487 0.027998790 -0.022594957 0.974868774
1341846456.362093 -0.388237447 0.652947783 0.349138886 0.225013539 0.028014703 -0.022767672 0.973686635
1341846456.394095 -0.389879197 0.671456397 0.326332778 0.224473983 0.027534556 -0.025195239 0.973765135
1341846456.429930 -0.396921307 0.675384343 0.320097148 0.222596169 0.027869629 -0.029948929 0.974052012
1341846456.462149 -0.407052130 0.679092169 0.339243263 0.223037332 0.027326083 -0.031420588 0.973920107
1341846456.498080 -0.411816120 0.689178526 0.331730813 0.223533735 0.024913706 -0.029873753 0.973919690
1341846456.529977 -0.413690448 0.700613439 0.337742239 0.225075081 0.024672639 -0.029799411 0.973573029
1341846456.562074 -0.419259191 0.714707434 0.336770177 0.225767791 0.026399145 -0.029428657 0.973378658
1341846456.598113 -0.433787733 0.722184062 0.349103689 0.227122232 0.024406064 -0.023945376 0.973265886
1341846456.629868 -0.434628099 0.733561218 0.350948691 0.228950977 0.019550001 -0.022232534 0.972987652
1341846456.662113 -0.438566178 0.745756447 0.346238852 0.227997839 0.020629052 -0.025959132 0.973096907
1341846456.697989 -0.439865917 0.749198377 0.342663348 0.226376474 0.019634819 -0.025455104 0.973509252
1341846456.730098 -0.449178547 0.758374393 0.335459024 0.226644173 0.016988127 -0.024388192 0.973524034
1341846456.766110 -0.446577013 0.768751323 0.342324108 0.227321297 0.016313978 -0.026404859 0.973325074
1341846456.798062 -0.444649845 0.777191639 0.340553582 0.226826906 0.017290251 -0.028989319 0.973349988
1341846456.830204 -0.449725091 0.779635429 0.351591885 0.228006721 0.016934924 -0.029741965 0.973057866
1341846456.866247 -0.448340803 0.790615380 0.351002932 0.230173245 0.014862368 -0.028368529 0.972622573
1341846456.898128 -0.445321500 0.799435973 0.352715254 0.231426522 0.014640777 -0.028356019 0.972328842
1341846456.929870 -0.446625262 0.812074840 0.351938188 0.231768101 0.016890088 -0.030680569 0.972140431
1341846456.966238 -0.452091455 0.811952531 0.351062626 0.231145188 0.017102333 -0.029164044 0.972331643
1341846456.997966 -0.449411362 0.820985198 0.349181384 0.234573200 0.015091283 -0.025858000 0.971637309
1341846457.034139 -0.453702986 0.833170652 0.353672981 0.235892311 0.016677966 -0.026376242 0.971278012
1341846457.066343 -0.459760576 0.833868027 0.356642663 0.234467492 0.017788455 -0.026597036 0.971597254
1341846457.098123 -0.459090531 0.837725639 0.352696270 0.236228302 0.017531885 -0.027220437 0.971158028
1341846457.133984 -0.459523618 0.845539391 0.356123358 0.238309711 0.017060731 -0.026535032 0.970676720
1341846457.165966 -0.458632678 0.845620096 0.351363927 0.239534169 0.015502383 -0.026219241 0.970409989
1341846457.198024 -0.455306709 0.851681530 0.350739747 0.244019315 0.016320216 -0.026955308 0.969258308
1341846457.234155 -0.459849954 0.860442221 0.346848398 0.246725917 0.018302521 -0.026992695 0.968536377
1341846457.266029 -0.456953377 0.866292238 0.344683141 0.247603714 0.017984720 -0.026130211 0.968341947
1341846457.302162 -0.456353396 0.875463367 0.336770535 0.247250319 0.019469652 -0.027005896 0.968379498
1341846457.334093 -0.459914654 0.876252711 0.334463477 0.245647028 0.021877877 -0.027238585 0.968729556
1341846457.365992 -0.458543152 0.874091208 0.334427416 0.244668126 0.022587275 -0.026291892 0.968987167
1341846457.401999 -0.451519966 0.876124024 0.339463472 0.244986460 0.025411136 -0.027390283 0.968806326
1341846457.434165 -0.456261724 0.879539609 0.340970159 0.243140250 0.028607115 -0.028965332 0.969136477
1341846457.470028 -0.458861947 0.877305984 0.339096487 0.240132868 0.028156938 -0.028363395 0.969916999
1341846457.502234 -0.458328336 0.874396205 0.331510097 0.237737387 0.028595151 -0.029607244 0.970456958
1341846457.534037 -0.463247061 0.876480281 0.326233357 0.233005881 0.033000074 -0.033925772 0.971322954
1341846457.570088 -0.468951136 0.873001218 0.323856026 0.226237372 0.035550158 -0.035612326 0.972771645
1341846457.601985 -0.464466482 0.858012855 0.322379112 0.220422655 0.035826635 -0.034897614 0.974121392
1341846457.634100 -0.457700223 0.849013805 0.313512087 0.216954052 0.038742676 -0.031476166 0.974904656
1341846457.670084 -0.456157595 0.840745270 0.317409426 0.214100063 0.042856880 -0.027747108 0.975476563
1341846457.701992 -0.458796024 0.827427626 0.318084061 0.211482421 0.047281992 -0.024309590 0.975934744
1341846457.738024 -0.457048804 0.810151398 0.309933573 0.211090386 0.049514849 -0.020257046 0.976001441
1341846457.770266 -0.452254355 0.798483014 0.314630747 0.212825865 0.052175794 -0.016009305 0.975564718
1341846457.802137 -0.429191053 0.775032759 0.316089153 0.213904262 0.052887611 -0.014462289 0.975314677
1341846457.838017 -0.418930918 0.757679045 0.318138778 0.214958772 0.056561891 -0.016128372 0.974850416
1341846457.870077 -0.426414847 0.750611305 0.309359729 0.215494603 0.059815086 -0.014493738 0.974563539
1341846457.902124 -0.417072117 0.731042266 0.313981563 0.215262622 0.058297195 -0.011877346 0.974742174
1341846457.937994 -0.408663213 0.729801297 0.311203182 0.216919973 0.062149953 -0.014214862 0.974105239
1341846457.970119 -0.418854892 0.716978908 0.303578049 0.214248061 0.065408811 -0.014556845 0.974478066
1341846458.006046 -0.411322743 0.706900775 0.305333287 0.211770445 0.064320303 -0.014757318 0.975088894
1341846458.038014 -0.402396142 0.690539300 0.293594450 0.208512396 0.067995131 -0.017838631 0.975490153
1341846458.070131 -0.406442463 0.678601086 0.306140453 0.205959469 0.071613736 -0.017757088 0.975775003
1341846458.106139 -0.401846379 0.663071811 0.300586641 0.203760982 0.070610829 -0.012962339 0.976384938
1341846458.138044 -0.391804338 0.650004148 0.289783359 0.201589197 0.070783995 -0.009045876 0.976867199
1341846458.169976 -0.385116607 0.641221285 0.290487826 0.198337227 0.073723964 -0.009078272 0.977315068
1341846458.205943 -0.390188128 0.616892159 0.291562885 0.191791862 0.075431049 -0.010669339 0.978474438
1341846458.238247 -0.384382099 0.600802898 0.286576986 0.188238293 0.073158525 -0.009292989 0.979350686
1341846458.273991 -0.376596749 0.592392385 0.283157438 0.184302479 0.073075749 -0.009583251 0.980102420
1341846458.306111 -0.376735657 0.568715096 0.281966031 0.177459419 0.072782353 -0.010232254 0.981379747
1341846458.344939 -0.371340334 0.547417939 0.277843118 0.173892558 0.070893884 -0.008324950 0.982174158
1341846458.406267 -0.366750985 0.520307124 0.274732351 0.168845847 0.069644369 -0.003709198 0.983171880
1341846458.442040 -0.358716011 0.498770535 0.280303001 0.165055335 0.069694787 -0.005910572 0.983801067
1341846458.473980 -0.357515961 0.477686286 0.278751403 0.161075011 0.069257654 -0.004196056 0.984500170
1341846458.506295 -0.355733693 0.468483597 0.276646763 0.158444002 0.068141513 -0.002523717 0.985010564
1341846458.541965 -0.349831700 0.456871390 0.269940019 0.152928784 0.066830240 -0.001805084 0.985973239
1341846458.573927 -0.350278378 0.430366307 0.269707978 0.146746084 0.066354558 0.000385048 0.986946046
1341846458.606148 -0.345849544 0.421821535 0.261858672 0.144832954 0.065506354 0.003327484 0.987279713
1341846458.642017 -0.349038839 0.411265880 0.261241674 0.138986707 0.065413207 0.004453131 0.988121450
1341846458.673954 -0.341692090 0.397516638 0.251001328 0.132154033 0.061760731 0.005542300 0.989287734
1341846458.710158 -0.335563332 0.400911629 0.245599076 0.123845510 0.059635174 0.003477349 0.990501821
1341846458.741981 -0.344526500 0.370107949 0.249868155 0.107780635 0.057906345 0.001847760 0.992485166
1341846458.773965 -0.343572557 0.366482258 0.228639022 0.099107563 0.050576005 -0.002800247 0.993786633
1341846458.810261 -0.339363843 0.339014173 0.241939262 0.088448264 0.047690824 -0.009910370 0.994889081
1341846458.845355 -0.339056373 0.317943603 0.234388486 0.083236024 0.046622802 -0.011066091 0.995377123
1341846458.910230 -0.336199790 0.307705164 0.225395456 0.081371322 0.043924615 -0.008499904 0.995679200
1341846458.942341 -0.338281184 0.296641946 0.226140782 0.077579498 0.045379903 -0.008299837 0.995918274
1341846458.979658 -0.342513323 0.290425837 0.219764501 0.073746897 0.045342337 -0.008959879 0.996205389
1341846459.010325 -0.346141309 0.284094751 0.218265221 0.068709530 0.043296460 -0.009416558 0.996652246
1341846459.052625 -0.346043766 0.287261456 0.210662633 0.062272780 0.042707779 -0.012535896 0.997066200
1341846459.078195 -0.350781828 0.268794775 0.219091296 0.052385401 0.042333405 -0.015504096 0.997608781
1341846459.110297 -0.348776340 0.254368633 0.196754813 0.044551339 0.041452996 -0.017814146 0.997987747
1341846459.156583 -0.353279352 0.234075114 0.199127614 0.037295725 0.042064894 -0.018566484 0.998245895
1341846459.209921 -0.345279545 0.216518298 0.181502625 0.032607630 0.041192450 -0.017607743 0.998463750
1341846459.246034 -0.352449149 0.221051231 0.182075635 0.029397679 0.043705203 -0.020304997 0.998405397
1341846459.278165 -0.347052574 0.227481216 0.178909242 0.022384396 0.043150920 -0.022616580 0.998561680
1341846459.310125 -0.338428229 0.208319530 0.170233995 0.010988296 0.043800250 -0.026291981 0.998633802
1341846459.346071 -0.347030878 0.197479084 0.174294531 0.000213211 0.047308903 -0.033939153 0.998303533
1341846459.378112 -0.341288596 0.179080442 0.170424104 -0.006113342 0.047902413 -0.034143157 0.998249590
1341846459.409983 -0.337396383 0.164415002 0.155600786 -0.006513543 0.050944850 -0.035085339 0.998063743
1341846459.446124 -0.343670726 0.162051275 0.155381098 -0.004466823 0.056671139 -0.038864519 0.997626185
1341846459.478285 -0.349443465 0.161620438 0.156213790 -0.004271111 0.058532529 -0.042934962 0.997352660
1341846459.514102 -0.346622288 0.165912762 0.148812383 -0.005812546 0.058404230 -0.051820982 0.996930182
1341846459.546042 -0.339247614 0.144347861 0.140165672 -0.015305604 0.059407037 -0.068026692 0.995795608
1341846459.578086 -0.351021171 0.143619284 0.151509866 -0.020448059 0.061975054 -0.090799861 0.993728518
1341846459.614088 -0.360413671 0.130277619 0.151118532 -0.021994751 0.060012985 -0.110851526 0.991779506
1341846459.646471 -0.357225001 0.134790316 0.145454600 -0.020484626 0.057701942 -0.125237197 0.990235567
1341846459.682060 -0.351361394 0.134708807 0.151143938 -0.024738310 0.056312244 -0.145763844 0.987405658
1341846459.713908 -0.366933018 0.133984402 0.151542127 -0.028778197 0.056575734 -0.166614488 0.983976960
1341846459.746062 -0.365193427 0.133379206 0.146714032 -0.030773088 0.052203920 -0.183648825 0.981122255
1341846459.782130 -0.363173008 0.135786518 0.147101238 -0.033446174 0.048963133 -0.198695391 0.978265882
1341846459.814161 -0.369521618 0.131445363 0.150868073 -0.034673747 0.046839334 -0.213445857 0.975215197
1341846459.845917 -0.378355026 0.132586777 0.146111712 -0.032816794 0.042083845 -0.230950892 0.971500754
1341846459.881966 -0.362926304 0.134657770 0.142383680 -0.030993721 0.031851597 -0.244783789 0.968558609
1341846459.914201 -0.376909554 0.121945404 0.141635850 -0.040456176 0.028229447 -0.269277811 0.961798251
1341846459.950366 -0.381572217 0.126560405 0.140493348 -0.048349865 0.026421139 -0.290693611 0.955228508
1341846459.982150 -0.391392320 0.133861169 0.142915547 -0.055004358 0.022402104 -0.309851855 0.948928118
1341846460.014318 -0.398687243 0.138060316 0.150026381 -0.060789723 0.017615810 -0.326374382 0.943119347
1341846460.050064 -0.391114712 0.125526235 0.140492663 -0.067404561 0.013179956 -0.340687871 0.937664509
1341846460.082470 -0.390294641 0.136069357 0.126276046 -0.070166066 0.010481651 -0.352129549 0.933258593
1341846460.113981 -0.396178484 0.139754057 0.135655120 -0.073987514 0.005569888 -0.360545695 0.929785788
1341846460.150105 -0.387971133 0.133914858 0.131208047 -0.077349558 -0.000403667 -0.367561609 0.926776886
1341846460.181998 -0.399101079 0.128919974 0.124480605 -0.081915535 -0.000580809 -0.382222503 0.920432210
1341846460.218224 -0.404090613 0.142807692 0.130771592 -0.081719592 0.000018520 -0.390997827 0.916756570
1341846460.250207 -0.409393638 0.143841252 0.130530953 -0.082185186 -0.001989669 -0.396553904 0.914323032
1341846460.282079 -0.410915256 0.146009237 0.124018088 -0.083125360 -0.002117133 -0.405281723 0.910402358
1341846460.318118 -0.406742781 0.151037931 0.122653499 -0.086927027 -0.003777262 -0.412931979 0.906596124
1341846460.350039 -0.404768646 0.156356901 0.119239718 -0.092616819 -0.006532059 -0.420753360 0.902411282
1341846460.382034 -0.408066541 0.159555882 0.118416138 -0.098401740 -0.008730146 -0.428890496 0.897938669
1341846460.417986 -0.406066626 0.157777593 0.120779954 -0.104530908 -0.011198085 -0.436286300 0.893645406
1341846460.450206 -0.410359591 0.157494128 0.119256020 -0.111007638 -0.013261934 -0.444383502 0.888833344
1341846460.486901 -0.413170040 0.163839012 0.119041182 -0.116359279 -0.016173182 -0.454732984 0.882845879
1341846460.550003 -0.422238797 0.163990960 0.109784275 -0.127248585 -0.021345260 -0.478786826 0.868398190
1341846460.585983 -0.421355426 0.171720356 0.114931546 -0.131726041 -0.023936922 -0.492102623 0.860180378
1341846460.618376 -0.416511506 0.166098356 0.118910514 -0.137698337 -0.030235674 -0.502133250 0.853221655
1341846460.654440 -0.427582741 0.175997794 0.111272663 -0.141344324 -0.031318154 -0.513226092 0.845955014
1341846460.685981 -0.419775069 0.172699898 0.108214334 -0.144861877 -0.034386918 -0.524742365 0.838139653
1341846460.719720 -0.408644736 0.169091418 0.110191621 -0.147916824 -0.040272325 -0.532635987 0.832344711
1341846460.754596 -0.416044980 0.162130773 0.105201796 -0.155177444 -0.043416418 -0.540458500 0.825796306
1341846460.818048 -0.424304008 0.168467462 0.105523638 -0.170162693 -0.042619076 -0.559288740 0.810200214
1341846460.854135 -0.418693393 0.173522279 0.107015148 -0.174456134 -0.045013763 -0.563854575 0.805981934
1341846460.886066 -0.430748224 0.173697889 0.108364545 -0.180173963 -0.042891409 -0.568130791 0.801826060
1341846460.922118 -0.441108972 0.186392158 0.107652083 -0.183300301 -0.036886152 -0.573708415 0.797432840
1341846460.953981 -0.428036869 0.187021047 0.112273701 -0.185040638 -0.036784083 -0.576887786 0.794737339
1341846460.986060 -0.425750583 0.186266005 0.113897972 -0.186388105 -0.036806136 -0.577531874 0.793953180
1341846461.022018 -0.436226219 0.181629822 0.105783544 -0.189793512 -0.033477079 -0.579952657 0.791525543
1341846461.053987 -0.434554100 0.198548302 0.111622557 -0.189748183 -0.028814465 -0.583141744 0.789373875
1341846461.086024 -0.426328897 0.199355945 0.113578863 -0.191051662 -0.027850233 -0.582276821 0.789732456
1341846461.122172 -0.428275019 0.195056662 0.108497895 -0.191948831 -0.025625225 -0.577362716 0.793190539
1341846461.153999 -0.431658983 0.203090727 0.097987577 -0.187875435 -0.019111652 -0.573879302 0.796868980
1341846461.190395 -0.423671693 0.192181021 0.106340624 -0.185213193 -0.014024819 -0.566137910 0.803110957
1341846461.222053 -0.421096206 0.189861730 0.112241119 -0.181838766 -0.011768707 -0.557055652 0.810237706
1341846461.254158 -0.429697663 0.184326872 0.110705182 -0.180020764 -0.007868957 -0.551921844 0.814194560
1341846461.289936 -0.415223897 0.186490268 0.113006055 -0.172591105 -0.006774062 -0.550595164 0.816707671
1341846461.322044 -0.418432891 0.176790386 0.116631381 -0.171708912 -0.007296895 -0.547764421 0.818789899
1341846461.354118 -0.419689715 0.171927854 0.113782167 -0.171493798 -0.009318988 -0.547314584 0.819115222
1341846461.390065 -0.422958046 0.170064956 0.112185366 -0.170706853 -0.007590949 -0.550388753 0.817235410
1341846461.422073 -0.420818090 0.170790717 0.118326247 -0.168128923 -0.005533647 -0.549618542 0.818304062
1341846461.458072 -0.418317676 0.173370183 0.118853055 -0.164448231 -0.004288017 -0.542683125 0.823670685
1341846461.490119 -0.419034809 0.169745624 0.116572104 -0.160593808 -0.001602199 -0.536591172 0.828418314
1341846461.522406 -0.422901332 0.174542874 0.111718066 -0.154900551 0.006927108 -0.525871396 0.836311638
1341846461.558036 -0.401967883 0.172312945 0.122613557 -0.147600845 0.007259346 -0.508908749 0.848040760
1341846461.622229 -0.411099136 0.164598912 0.120491877 -0.139394432 0.012665293 -0.488770306 0.861111104
1341846461.657948 -0.403827250 0.153756440 0.124320321 -0.136812016 0.011763056 -0.477907389 0.867610872
1341846461.726030 -0.409259886 0.147814751 0.124190398 -0.122877873 0.015219362 -0.448663861 0.885082006
1341846461.758483 -0.408186674 0.145088762 0.126093537 -0.115848705 0.017407514 -0.434113741 0.893208444
1341846461.789933 -0.410259724 0.146813840 0.124103114 -0.108663112 0.020583825 -0.419120312 0.901169658
1341846461.826110 -0.406495064 0.139370546 0.125058249 -0.101529405 0.022440830 -0.404739082 0.908501208
1341846461.858118 -0.406919390 0.134657383 0.132909074 -0.092739485 0.025537767 -0.390448689 0.915585637
1341846461.894127 -0.409317881 0.123297676 0.129790738 -0.087266810 0.028388819 -0.375371069 0.922320485
1341846461.926026 -0.405815244 0.127808213 0.129364356 -0.079848424 0.031604640 -0.360582978 0.928765476
1341846461.958215 -0.408480585 0.124234088 0.134183720 -0.074087031 0.033923056 -0.347486079 0.934138000
1341846461.994132 -0.408174425 0.124222584 0.136550352 -0.066423424 0.035233468 -0.328617126 0.941465497
1341846462.026102 -0.402604222 0.117187552 0.132908627 -0.061248526 0.033311866 -0.312226832 0.947445691
1341846462.058066 -0.407511443 0.107300229 0.131001189 -0.059196193 0.031796072 -0.297477365 0.952361286
1341846462.094057 -0.402077734 0.107255168 0.130129769 -0.055022389 0.028634166 -0.277990907 0.958579004
1341846462.126029 -0.408743024 0.105204612 0.132492244 -0.051667519 0.027876021 -0.261151046 0.963511050
1341846462.162124 -0.418054402 0.104285456 0.141787156 -0.046726074 0.026660422 -0.243215501 0.968479276
1341846462.194292 -0.414422691 0.104018539 0.140695125 -0.041782178 0.023957478 -0.227505505 0.972584963
1341846462.226092 -0.420526922 0.100170374 0.141305909 -0.037462622 0.023072118 -0.211761907 0.976330400
1341846462.262203 -0.424685031 0.097476818 0.142221883 -0.032404009 0.020608805 -0.195434183 0.979964674
1341846462.293934 -0.421956927 0.100061059 0.142299190 -0.027842918 0.018062847 -0.182370842 0.982669532
1341846462.325983 -0.421759397 0.103130162 0.139299482 -0.024701776 0.018273631 -0.172779962 0.984481096
1341846462.362050 -0.421397507 0.096895121 0.139477491 -0.022932338 0.017509710 -0.159572259 0.986764491
1341846462.400267 -0.422168344 0.089220837 0.139441535 -0.016321624 0.017268598 -0.140630141 0.989777029
1341846462.431940 -0.419152975 0.086096741 0.136590958 -0.008574104 0.017683817 -0.121445455 0.992403507
1341846462.468003 -0.420552075 0.088525958 0.134716958 -0.001240382 0.018304618 -0.103503413 0.994459867
1341846462.500020 -0.418470085 0.082380429 0.133907735 0.003485940 0.018414322 -0.086581923 0.996068418
1341846462.535930 -0.415943384 0.080334879 0.129179403 0.009129709 0.020849599 -0.071142562 0.997206450
1341846462.567947 -0.415730059 0.076317906 0.131981149 0.016839895 0.023888065 -0.055076703 0.998054266
1341846462.599970 -0.415995598 0.073584124 0.124038108 0.024402102 0.026019240 -0.036977854 0.998679221
1341846462.635989 -0.420606375 0.075127266 0.124407344 0.030765587 0.028338833 -0.019615194 0.998932242
1341846462.668003 -0.418345302 0.074273303 0.122492358 0.034628987 0.027756199 -0.005314142 0.999000609
1341846462.704029 -0.416988909 0.073275104 0.122177809 0.036274973 0.028055960 0.009688578 0.998900950
1341846462.735984 -0.419406712 0.073905796 0.120542221 0.037004158 0.027391514 0.026471779 0.998588800
1341846462.768046 -0.417180777 0.074797548 0.124586090 0.037275009 0.024445554 0.049103938 0.997798502
1341846462.803937 -0.413811117 0.065416291 0.117775336 0.038614120 0.023579476 0.066971682 0.996728539
1341846462.835950 -0.413111061 0.062352609 0.117380440 0.040800828 0.023868250 0.082909152 0.995435417
1341846462.871842 -0.407350302 0.053266015 0.109675638 0.043421227 0.023426093 0.102197431 0.993539870
1341846462.904097 -0.407119840 0.058213685 0.120336875 0.047576290 0.025113186 0.114313737 0.991986990
1341846462.966029 -0.398888409 0.032847866 0.119890667 0.053422891 0.030497294 0.128012910 0.989862919
1341846462.998172 -0.399891764 0.041065190 0.124951363 0.061859049 0.029774010 0.141291723 0.987584710
1341846463.029970 -0.405564040 0.047895573 0.116907209 0.067796014 0.032025352 0.145249635 0.986549854
1341846463.066067 -0.409707159 0.046444733 0.107805364 0.069256164 0.032500528 0.154105499 0.985088170
1341846463.098088 -0.410188735 0.046192791 0.109039895 0.070545100 0.031484503 0.167338073 0.982868314
1341846463.134111 -0.406921566 0.043082699 0.108894758 0.070964582 0.031728931 0.183248401 0.979988456
1341846463.165917 -0.402101636 0.041130841 0.107682571 0.072169125 0.032965820 0.202930242 0.975973427
1341846463.198310 -0.403666735 0.047080468 0.112530924 0.074667126 0.035247881 0.221926942 0.971561015
1341846463.234037 -0.402783543 0.050536804 0.113407135 0.073621862 0.037469655 0.238122359 0.967715681
1341846463.265874 -0.400039494 0.043642525 0.117368639 0.071486257 0.038494743 0.249978900 0.964841127
1341846463.298219 -0.391229451 0.032865651 0.112969361 0.072539531 0.037856642 0.261794448 0.961648881
1341846463.334210 -0.396792471 0.037252408 0.124913700 0.078314409 0.039106704 0.270897299 0.958619952
1341846463.365995 -0.389179111 0.024219595 0.106655762 0.083937034 0.039613862 0.279997289 0.955503404
1341846463.402065 -0.390583843 0.024494333 0.102303572 0.090662040 0.040673140 0.287256032 0.952685714
1341846463.434179 -0.389975995 0.023263697 0.103428029 0.093872227 0.042781167 0.294405758 0.950096309
1341846463.466070 -0.388487458 0.023190677 0.106991105 0.098986633 0.045337860 0.302544326 0.946896553
1341846463.501955 -0.388515800 0.023580084 0.106535293 0.103989147 0.047773283 0.309536189 0.943976343
1341846463.534089 -0.387960374 0.021805082 0.105428994 0.106608368 0.049651574 0.319812357 0.940153956
1341846463.566060 -0.387767762 0.022246791 0.103828825 0.108455755 0.051249966 0.327664196 0.937148333
1341846463.601907 -0.386278242 0.022217659 0.104295358 0.109830335 0.052851520 0.335371614 0.934168041
1341846463.634009 -0.386770368 0.021290937 0.103935972 0.111475855 0.052875683 0.341392756 0.931787670
1341846463.670261 -0.386511922 0.022315804 0.102145970 0.111287013 0.052921377 0.348030150 0.929349005
1341846463.702198 -0.385207474 0.021021221 0.105068043 0.111422300 0.056198314 0.355427861 0.926335692
1341846463.734494 -0.386572987 0.023957122 0.105135716 0.114689551 0.058414858 0.364429265 0.922293484
1341846463.770159 -0.387657970 0.023560453 0.100595966 0.117083922 0.057674486 0.376068950 0.917353332
1341846463.804734 -0.386880636 0.024843445 0.097501956 0.117009521 0.058564205 0.386256129 0.913063645
1341846463.836811 -0.385081947 0.023650846 0.099002734 0.116410278 0.061595395 0.395479530 0.908983290
1341846463.902572 -0.385369927 0.025092512 0.097369097 0.116473511 0.067786559 0.418227911 0.898289680
1341846463.938656 -0.385628015 0.024999838 0.099615000 0.119129121 0.071127541 0.431539446 0.891360104
1341846464.006721 -0.387018651 0.028544692 0.089438811 0.120859034 0.073872052 0.455597788 0.878843963
1341846464.070293 -0.387446016 0.029645240 0.086763732 0.120027781 0.080034100 0.480446696 0.865077376
1341846464.106086 -0.388315886 0.030255910 0.085176483 0.118985191 0.081668697 0.494775683 0.856953800
1341846464.138960 -0.388435066 0.044761896 0.103849091 0.118565880 0.083508745 0.507128596 0.849581659
1341846464.170247 -0.375726402 0.031628348 0.083850935 0.116387546 0.087979384 0.523960590 0.839153647
1341846464.206089 -0.381720692 0.038155831 0.103050344 0.122947194 0.094969198 0.542073369 0.825845778
1341846464.238124 -0.390118688 0.050236747 0.096730135 0.126603931 0.099301554 0.556621611 0.815035582
1341846464.270037 -0.398176908 0.059689954 0.113262430 0.125504404 0.104348347 0.569292068 0.805770814
1341846464.306089 -0.379399300 0.064448744 0.121818863 0.123893164 0.107841767 0.582547843 0.796026826
1341846464.337963 -0.351999998 0.053523865 0.128070086 0.127673298 0.111444354 0.596940875 0.784181893
1341846464.374148 -0.351007789 0.052758388 0.127060294 0.141573042 0.115189247 0.608922601 0.771946847
1341846464.406125 -0.351602703 0.069109477 0.134675831 0.153669640 0.119806185 0.617736876 0.761861682
1341846464.438109 -0.385984749 0.078801811 0.139236227 0.162182882 0.132931903 0.620763898 0.755432367
1341846464.474154 -0.401290774 0.068575129 0.128716141 0.162224874 0.141737148 0.627049565 0.748600364
1341846464.506083 -0.389708221 0.074824117 0.121903516 0.160103098 0.143747851 0.637495518 0.739799321
1341846464.538050 -0.404425651 0.077537902 0.107159980 0.156542510 0.148350790 0.640024424 0.737465382
1341846464.573969 -0.404784530 0.077958323 0.095250502 0.150007948 0.152699843 0.645525038 0.733128786
1341846464.606003 -0.398425311 0.081739902 0.105737180 0.145581856 0.156023458 0.652307451 0.727294683
1341846464.642006 -0.402921200 0.087629713 0.105743878 0.141852155 0.158802718 0.656692266 0.723474324
1341846464.674030 -0.402807444 0.091642871 0.111236744 0.134857535 0.162251830 0.660283923 0.720772445
1341846464.706178 -0.406102508 0.091684692 0.105904229 0.127663508 0.166278124 0.665446103 0.716404259
1341846464.741977 -0.404003292 0.091499716 0.099812582 0.119845308 0.166839808 0.671824396 0.711655438
1341846464.774027 -0.392970175 0.096511386 0.107241832 0.116082408 0.166425273 0.677064776 0.707397103
1341846464.806072 -0.406520635 0.096704483 0.099797487 0.113056034 0.168898627 0.676513493 0.707828462
1341846464.842191 -0.403848529 0.104036450 0.103518456 0.106740154 0.167930707 0.680694818 0.705025077
1341846464.873987 -0.396920055 0.105720438 0.104692183 0.104866602 0.166361853 0.682263434 0.704161406
1341846464.910024 -0.416507483 0.087568149 0.086759172 0.099964775 0.169040889 0.680858195 0.705595016
1341846464.941952 -0.419995785 0.095454201 0.087790355 0.091242865 0.167453751 0.684518397 0.703611076
1341846464.974022 -0.413986057 0.093389228 0.096569851 0.085568592 0.166627109 0.690836787 0.698325098
1341846465.010148 -0.424376160 0.095061950 0.097345978 0.082750931 0.164906263 0.695333481 0.694600284
1341846465.042073 -0.428511560 0.097370520 0.099377759 0.079708360 0.162831381 0.700249076 0.690495253
1341846465.078033 -0.428260148 0.099138387 0.097491384 0.075227842 0.159829348 0.702428997 0.689484477
1341846465.110007 -0.434827626 0.099559098 0.095365934 0.072146446 0.155847430 0.702183127 0.690974176
1341846465.142010 -0.427509010 0.102703206 0.101986721 0.070696250 0.151957422 0.703035176 0.691124082
1341846465.177973 -0.422492743 0.100418366 0.091671191 0.066951476 0.147929996 0.702795684 0.692612708
1341846465.210092 -0.420849591 0.100206561 0.085009091 0.062115900 0.143643603 0.702295303 0.694470584
1341846465.241909 -0.435922980 0.107671700 0.102368623 0.061159819 0.142720178 0.698682249 0.698379219
1341846465.278006 -0.431045145 0.110401869 0.096822843 0.058789514 0.140026450 0.697875082 0.699933469
1341846465.310248 -0.431216925 0.112914249 0.094385475 0.058213960 0.137728482 0.695886731 0.702412784
1341846465.346076 -0.428516120 0.109082490 0.089388579 0.056295678 0.135667458 0.690807223 0.707962215
1341846465.377895 -0.422828048 0.104329355 0.093937352 0.054092620 0.134122074 0.684535503 0.714490294
1341846465.409986 -0.430105686 0.104657598 0.091124140 0.052261155 0.134370536 0.675363958 0.723254323
1341846465.446399 -0.438671947 0.106284074 0.093735628 0.050129626 0.134975165 0.663635194 0.734068811
1341846465.478000 -0.437782794 0.105458207 0.100960255 0.050667349 0.135955706 0.654840410 0.741709411
1341846465.510268 -0.432632059 0.109726794 0.096340545 0.052530501 0.136095449 0.646401584 0.748921573
1341846465.545952 -0.432906419 0.110581324 0.092125766 0.051990792 0.135575086 0.636157393 0.757773101
1341846465.578109 -0.434928268 0.108672664 0.091114670 0.051240463 0.134774104 0.626753509 0.765761316
1341846465.614033 -0.430236042 0.108548306 0.085375994 0.050831988 0.131347090 0.617354870 0.773974836
1341846465.646071 -0.435430408 0.105870187 0.082502000 0.050035525 0.129570276 0.608199060 0.781538129
1341846465.678057 -0.432452589 0.107967198 0.090904832 0.047620196 0.124634691 0.601222754 0.787863970
1341846465.713982 -0.434461504 0.111517042 0.097838022 0.048964273 0.123904057 0.592945337 0.794144928
1341846465.745991 -0.432723463 0.109996602 0.092641450 0.049786400 0.122345477 0.586365700 0.799204707
1341846465.778260 -0.435146660 0.113387436 0.091301382 0.050218146 0.118862957 0.575324953 0.807682395
1341846465.814116 -0.427414000 0.112812832 0.096013658 0.048670378 0.116577871 0.565011203 0.815354586
1341846465.845994 -0.422519803 0.116791762 0.098340839 0.051008943 0.115138613 0.553910553 0.822997153
1341846465.882074 -0.424906254 0.116484135 0.098110288 0.050873242 0.111481950 0.541970313 0.831415594
1341846465.913915 -0.433120221 0.111872964 0.087279446 0.048549086 0.107652381 0.527711153 0.841174722
1341846465.946253 -0.436142027 0.106241070 0.077549882 0.044094302 0.105417438 0.512241483 0.851205945
1341846465.982097 -0.430495262 0.106004409 0.073356509 0.036536206 0.098681271 0.499310821 0.860009193
1341846466.014088 -0.434326917 0.106978446 0.084213689 0.031060318 0.094583891 0.484827459 0.868925452
1341846466.046055 -0.429622650 0.108750656 0.091485977 0.030108515 0.093312182 0.474560916 0.874744654
1341846466.082006 -0.433765113 0.106200196 0.083210982 0.030702304 0.091780633 0.464188665 0.880433202
1341846466.114092 -0.443075716 0.112628631 0.087664023 0.030774675 0.090484902 0.451775640 0.886997283
1341846466.149988 -0.433742076 0.111300923 0.094851121 0.029477110 0.090268463 0.442122430 0.891913950
1341846466.182235 -0.432680786 0.107203953 0.082546592 0.029227268 0.088684052 0.433056623 0.896517098
1341846466.227775 -0.449140668 0.099032924 0.059105739 0.024972981 0.084417947 0.420348763 0.903081894
1341846466.282054 -0.441702992 0.115483537 0.088288546 0.015565798 0.083101749 0.381187260 0.920623720
1341846466.318013 -0.445871383 0.112258926 0.084519371 0.015391086 0.080413356 0.363172233 0.928117812
1341846466.350104 -0.448775679 0.117452644 0.088364668 0.015953241 0.079990461 0.347600013 0.934088469
1341846466.418103 -0.430666357 0.102517858 0.090986826 0.015049652 0.079778500 0.333147794 0.939372897
1341846466.450241 -0.429175735 0.109978788 0.090100691 0.026181545 0.080501601 0.331897855 0.939509392
1341846466.482241 -0.427495688 0.107242778 0.090224124 0.034894470 0.082249634 0.325506181 0.941309214
1341846466.518064 -0.434967846 0.115336113 0.090997301 0.038835261 0.084142655 0.314854026 0.944605052
1341846466.550013 -0.428884447 0.116852663 0.094711833 0.036537740 0.084625468 0.303285480 0.948431015
1341846466.586129 -0.424020290 0.115647390 0.102944575 0.034436494 0.085761242 0.289192289 0.952799499
1341846466.617891 -0.418506622 0.107756712 0.102734506 0.032734960 0.085126452 0.274538606 0.957241058
1341846466.650067 -0.422650874 0.111294650 0.105675302 0.031188728 0.082319826 0.257889748 0.962155700
1341846466.686119 -0.423399359 0.114013143 0.109097712 0.025857542 0.082647227 0.243885309 0.965929985
1341846466.718096 -0.416111916 0.106280938 0.113413699 0.021244148 0.083266132 0.234830961 0.968230247
1341846466.750165 -0.418311566 0.109481536 0.114624768 0.021510789 0.081271872 0.226443440 0.970389366
1341846466.786075 -0.414292842 0.120832436 0.126733378 0.019701473 0.082433037 0.213527754 0.973253608
1341846466.817996 -0.405273944 0.116885602 0.125478745 0.014965015 0.084298961 0.203051686 0.975417733
1341846466.854152 -0.413493484 0.114518300 0.128203034 0.013082263 0.084039278 0.196347430 0.976838768
1341846466.886138 -0.416378587 0.122837342 0.125613928 0.011447765 0.082338125 0.189044684 0.978443384
1341846466.918000 -0.415123492 0.120138600 0.130968317 0.002985068 0.084169373 0.175650492 0.980843246
1341846466.954116 -0.423046708 0.118530072 0.125672251 -0.004748257 0.083759710 0.161569163 0.983288944
1341846466.986117 -0.414384425 0.132775918 0.131291747 -0.010013577 0.079374798 0.150259286 0.985404253
1341846467.018002 -0.407129943 0.122982703 0.129354730 -0.020009359 0.080570161 0.135318547 0.987318039
1341846467.054121 -0.405643433 0.125450492 0.130182207 -0.025473688 0.080596358 0.122775130 0.988828361
1341846467.086519 -0.404358566 0.125218004 0.135302112 -0.026364055 0.077119276 0.110942632 0.990479290
1341846467.122117 -0.404636949 0.131069407 0.137120605 -0.027224991 0.075032875 0.095442325 0.992229640
1341846467.154292 -0.396083355 0.122576229 0.139053851 -0.027060308 0.075172506 0.084540516 0.993211806
1341846467.221944 -0.391992122 0.128503695 0.134056062 -0.015764726 0.066098914 0.068079412 0.995363057
1341846467.254128 -0.388353229 0.133570373 0.130276918 -0.019450022 0.063102521 0.054797057 0.996311724
1341846467.290073 -0.381700993 0.129153520 0.130710840 -0.024731932 0.058960155 0.044889871 0.996943772
1341846467.322189 -0.382149607 0.134886444 0.136422262 -0.026485210 0.053983152 0.036682185 0.997516334
1341846467.354092 -0.378538102 0.133493334 0.126629397 -0.029449208 0.045579683 0.028580420 0.998117447
1341846467.390082 -0.372719020 0.134825408 0.124314137 -0.030261666 0.039445687 0.017677652 0.998606920
1341846467.422206 -0.364994586 0.134488299 0.123501219 -0.029305123 0.032442227 0.010249612 0.998991311
1341846467.454073 -0.368087322 0.126777649 0.111469284 -0.026565347 0.026496777 0.005593330 0.999280214
1341846467.490150 -0.342978209 0.115978964 0.111119524 -0.019829499 0.016256893 0.005583335 0.999655604
1341846467.522115 -0.336968750 0.122786596 0.125455305 -0.011427283 0.011278301 0.002207342 0.999868691
1341846467.558053 -0.340234280 0.113153525 0.088423051 -0.004109395 0.006597943 -0.001205060 0.999969065
1341846467.589949 -0.329781801 0.109018996 0.063672118 0.004520131 -0.000178632 0.002147845 0.999987483
1341846467.622077 -0.316119730 0.098735847 0.054838173 0.014357605 -0.007984884 0.006516222 0.999843776
1341846467.658139 -0.298242122 0.094530843 0.055521067 0.026338061 -0.014236316 0.013709352 0.999457717
1341846467.690047 -0.266565412 0.109383598 0.097542755 0.040390167 -0.021277476 0.018543201 0.998785257
1341846467.721985 -0.270812273 0.135147437 0.072425440 0.053297795 -0.030548546 0.021774413 0.997873724
1341846467.758049 -0.286643207 0.133553520 0.020970874 0.056406394 -0.036854971 0.026025955 0.997387886
1341846467.789943 -0.272150725 0.145665795 0.019779036 0.057354383 -0.042804867 0.026776182 0.997076333
1341846467.826009 -0.266740173 0.152448967 0.017586978 0.053276457 -0.048926763 0.026099792 0.997038901
1341846467.858121 -0.253464311 0.147279114 0.021467756 0.049819786 -0.057235524 0.029119022 0.996691585
1341846467.890215 -0.240295142 0.147346750 0.008607659 0.050926991 -0.063045397 0.031592276 0.996209621
1341846467.926038 -0.227223948 0.155609488 0.005382235 0.051443007 -0.066322863 0.029068097 0.996047139
1341846467.957994 -0.218170330 0.155464709 0.000355289 0.050184660 -0.068295754 0.027611220 0.996019483
1341846467.990124 -0.209663033 0.160268039 -0.015957996 0.049324006 -0.070947208 0.026492637 0.995907485
1341846468.026228 -0.206551269 0.179217756 -0.022689566 0.045461729 -0.072302610 0.026262749 0.995999932
1341846468.058002 -0.193188712 0.174445003 -0.033775710 0.036726192 -0.072497897 0.023201266 0.996422052
1341846468.094305 -0.205735967 0.178455889 -0.041689157 0.032163244 -0.069703564 0.021430951 0.996818781
1341846468.126042 -0.202774704 0.176829830 -0.069609769 0.024356093 -0.070047796 0.025293037 0.996925414
1341846468.158486 -0.172074735 0.207569376 -0.052423649 0.016990317 -0.071942434 0.028917812 0.996844709
1341846468.194517 -0.182881624 0.228497624 -0.074704923 0.008816497 -0.064365812 0.016805526 0.997745931
1341846468.226561 -0.167876691 0.244164318 -0.105446152 -0.003995433 -0.058165468 0.014337972 0.998196006
1341846468.258171 -0.089040034 0.207722172 -0.015364644 -0.020342838 -0.059122786 0.011451146 0.997977734
1341846468.309995 -0.077644274 0.235464096 -0.006123257 -0.023864970 -0.055125047 0.006473551 0.998173237
1341846468.335863 -0.050960466 0.238460213 0.019653615 -0.032449823 -0.047762506 0.003017316 0.998326957
1341846468.400413 -0.055746965 0.214201912 0.005298556 -0.041976187 -0.037027821 0.003231439 0.998426974
1341846468.462095 -0.041111901 0.211499155 -0.011289369 -0.048496231 -0.030549498 0.003514695 0.998349905
1341846468.494284 -0.049260702 0.205835208 -0.005093378 -0.051515758 -0.027809389 0.004754943 0.998273551
1341846468.529997 -0.033167396 0.205275372 -0.001866199 -0.050832633 -0.028177157 0.007872550 0.998278558
1341846468.562003 -0.028583357 0.212509662 -0.007578415 -0.050703954 -0.025547886 0.006542185 0.998365462
1341846468.594314 -0.035125371 0.208995759 -0.011734185 -0.052272409 -0.021268357 0.004400508 0.998396635
1341846468.630018 -0.029867563 0.202758938 -0.011716451 -0.052108541 -0.020676810 0.006514966 0.998406112
1341846468.662064 -0.025308717 0.209293216 -0.017035846 -0.050230235 -0.020193804 0.006646153 0.998511374
1341846468.694446 -0.019257605 0.208590791 -0.014041564 -0.051257256 -0.017665019 0.004286366 0.998520017
1341846468.730126 -0.017029263 0.196049601 -0.010594250 -0.049538013 -0.015292048 0.003014038 0.998650610
1341846468.762147 -0.017614866 0.193535373 -0.012520065 -0.045252316 -0.015670540 0.007074446 0.998827636
1341846468.797962 -0.009451997 0.195720717 -0.010206864 -0.043387223 -0.015663117 0.006427138 0.998914838
1341846468.830113 -0.007153404 0.199742347 -0.006410779 -0.042637069 -0.012820167 0.002050916 0.999006271
1341846468.862077 -0.009847709 0.189824298 -0.009326271 -0.041945368 -0.011295668 0.003183158 0.999050975
1341846468.897982 -0.011416475 0.191251665 -0.017564295 -0.037529472 -0.011000871 0.005743716 0.999218464
1341846468.930161 -0.003398711 0.192124680 -0.021254523 -0.035506297 -0.009584596 0.006561492 0.999301970
1341846468.962214 -0.001440916 0.192036539 -0.018274521 -0.035029400 -0.006536418 0.005514126 0.999349713
1341846468.998002 -0.002822206 0.187237695 -0.012132571 -0.033895835 -0.006588824 0.008875304 0.999364257
1341846469.030028 -0.001349710 0.188305750 -0.014871093 -0.029856857 -0.007744599 0.012015098 0.999451935
1341846469.066173 -0.001478951 0.192480773 -0.021841746 -0.026249789 -0.006356220 0.011318387 0.999571145
1341846469.098358 -0.003280891 0.196671695 -0.019283302 -0.026709089 -0.006489435 0.012033595 0.999549747
1341846469.131076 -0.000670083 0.191337422 -0.023992836 -0.027935812 -0.007768957 0.012702222 0.999498844
1341846469.166463 0.005286456 0.187513620 -0.024563707 -0.026735917 -0.006958620 0.011391531 0.999553382
1341846469.198284 0.005653923 0.187355325 -0.018383745 -0.024998846 -0.005899958 0.012462876 0.999592364
1341846469.242554 0.006739226 0.186751217 -0.020098126 -0.023273829 -0.005883140 0.014049117 0.999613106
1341846469.272447 0.006797228 0.196171194 -0.022970725 -0.020988042 -0.005267041 0.013240916 0.999678195
1341846469.339987 0.009370305 0.186731189 -0.026912209 -0.022415647 -0.002952199 0.013130267 0.999658167
1341846469.398298 0.010984500 0.194166973 -0.023116896 -0.022459952 -0.000543993 0.013051584 0.999662399
1341846469.434042 0.017187182 0.189902708 -0.019543443 -0.024148032 0.001496299 0.011379452 0.999642491
1341846469.466076 0.009768203 0.191542357 -0.023095585 -0.024369964 0.004190051 0.011416515 0.999629021
1341846469.502529 0.010088669 0.195555210 -0.029299667 -0.025886675 0.003980534 0.012376714 0.999580324
1341846469.534729 0.016540384 0.193771347 -0.031180041 -0.028791524 0.004890799 0.010859380 0.999514520
1341846469.566597 0.010914708 0.190243915 -0.033350728 -0.031017937 0.007899288 0.009099124 0.999446213
1341846469.602391 0.009560174 0.189162776 -0.033334553 -0.032109417 0.007996174 0.010614526 0.999396026
1341846469.634717 0.012907912 0.189290524 -0.037441101 -0.033166412 0.008249585 0.010292406 0.999362826
1341846469.667242 0.014590532 0.188563526 -0.036810763 -0.034226011 0.010388575 0.008595588 0.999323189
1341846469.702595 0.011891085 0.186588809 -0.037596840 -0.035614744 0.011399053 0.009177298 0.999258459
1341846469.734373 0.017402794 0.185081571 -0.036684617 -0.035824779 0.011507971 0.009500180 0.999246657
1341846469.771003 0.019632244 0.185718521 -0.035741802 -0.034795891 0.013657332 0.008645089 0.999263704
1341846469.803099 0.016213031 0.188210085 -0.036382176 -0.034286778 0.015095500 0.008779594 0.999259472
1341846469.834283 0.019418769 0.187032491 -0.034335155 -0.034897808 0.015497101 0.009594637 0.999224663
1341846469.871263 0.023303520 0.192462340 -0.031534199 -0.034045152 0.017077144 0.007967542 0.999242604
1341846469.902171 0.021189732 0.191685140 -0.030155677 -0.033786405 0.019075446 0.008126002 0.999213994
1341846469.934183 0.021424007 0.188083395 -0.030803597 -0.033390366 0.019086923 0.009822217 0.999211848
1341846469.969991 0.026221799 0.189091668 -0.031079741 -0.031159097 0.019586070 0.009767216 0.999274790
1341846470.002102 0.029660800 0.190502822 -0.030589331 -0.028933525 0.021466019 0.009988940 0.999300897
1341846470.038184 0.024985295 0.189610243 -0.033381086 -0.028013643 0.022456318 0.012677950 0.999274850
1341846470.070096 0.032975085 0.186034679 -0.035787523 -0.027016304 0.022470523 0.015270679 0.999265730
1341846470.107943 0.036214445 0.177519679 -0.032739099 -0.025317108 0.024439724 0.016786147 0.999239743
1341846470.170125 0.037927102 0.179625019 -0.039320521 -0.015664792 0.026336132 0.023480019 0.999254584
1341846470.202144 0.040483523 0.180409983 -0.039068274 -0.013608672 0.028371403 0.023561729 0.999227047
1341846470.238185 0.039158236 0.173116028 -0.041430086 -0.011385903 0.030418439 0.025084533 0.999157548
1341846470.269875 0.039691653 0.171625480 -0.040521752 -0.007731104 0.029607980 0.028794916 0.999116838
1341846470.306072 0.044638593 0.173548281 -0.041762024 -0.004830360 0.028994409 0.030172987 0.999112427
1341846470.337953 0.044736680 0.172401160 -0.041151848 -0.002580262 0.030680636 0.029005866 0.999104977
1341846470.370014 0.039990731 0.168798342 -0.043201134 -0.000707296 0.030930303 0.030924829 0.999042809
1341846470.405987 0.044667076 0.167703152 -0.040556412 0.001341319 0.028766898 0.033847172 0.999012053
1341846470.438051 0.044163819 0.168770045 -0.043367077 0.003377551 0.029264661 0.032338373 0.999042749
1341846470.470041 0.040689528 0.169020370 -0.042980373 0.004142022 0.029152690 0.033153482 0.999016404
1341846470.506110 0.041740146 0.165792257 -0.044134218 0.005457537 0.027278479 0.034029048 0.999033570
1341846470.538167 0.044987697 0.167377844 -0.047299538 0.007463858 0.026950799 0.033796467 0.999037385
1341846470.573973 0.042276595 0.167160004 -0.046640936 0.007745947 0.026919970 0.033869833 0.999033570
1341846470.606133 0.044070963 0.167786270 -0.048286349 0.008405325 0.025670534 0.035153549 0.999016821
