1341839327.392719 0.000000000 0.000000000 0.000000000 0.000000000 0.000000000 0.000000000 1.000000000
1341839327.424732 -0.003315506 -0.002868316 -0.000384236 0.000624078 0.001857088 0.001303497 0.999997199
1341839327.460763 -0.003820222 0.000033917 -0.003854746 0.000617802 0.000775067 0.003550615 0.999993205
1341839327.492724 -0.000304391 -0.000132009 -0.000298336 -0.001499900 -0.000716437 0.000943834 0.999998152
1341839327.524824 -0.004283929 -0.002573460 0.002435565 -0.000237660 0.001957238 0.000554370 0.999997914
1341839327.560867 -0.005226990 0.001071941 -0.002430559 0.002023657 0.002049336 0.003452863 0.999989867
1341839327.592616 -0.001652475 0.004238185 -0.002420887 -0.000066582 0.000190273 0.002133195 0.999997675
1341839327.625438 -0.002162641 -0.001301047 0.001731467 -0.002370790 0.001194075 -0.000869314 0.999996126
1341839327.660773 -0.003810758 -0.000563761 0.000876609 0.000147731 0.002016221 -0.000050459 0.999997973
1341839327.693149 -0.003886128 0.003904245 -0.003222772 0.000490879 0.001689236 0.000327360 0.999998391
1341839327.728770 -0.002454562 0.005446719 -0.001694480 -0.002465538 0.001904641 -0.001547672 0.999993920
1341839327.760693 -0.004270087 0.000374098 0.000599542 -0.004353690 0.003569147 -0.001096704 0.999983549
1341839327.792870 -0.003812169 0.003064096 -0.000901694 -0.002595983 0.003310870 0.000495505 0.999991000
1341839327.828764 -0.002226372 0.004014708 -0.000968544 -0.003697899 0.002783102 -0.000181292 0.999989271
1341839327.861088 -0.002390428 0.001388851 0.001045219 -0.004957442 0.003097488 -0.001115314 0.999982297
1341839327.892736 -0.004403397 0.001913026 0.000623693 -0.003567678 0.003728123 -0.001036874 0.999986172
1341839327.928913 -0.003368633 0.004600611 0.000214446 -0.002686678 0.003705910 -0.001406681 0.999988556
1341839327.960709 -0.002731411 0.002766182 0.001367789 -0.003651142 0.004358829 -0.001395111 0.999982834
1341839327.993314 -0.004246452 0.003234619 0.000990122 -0.002695735 0.005102355 -0.000203691 0.999983311
1341839328.028650 -0.003337756 0.003104631 -0.000308435 -0.003071654 0.004882319 -0.000088196 0.999983370
1341839328.060694 -0.003208987 0.002741121 0.000941143 -0.003533546 0.005323051 -0.000905460 0.999979198
1341839328.096649 -0.004569557 0.001524095 0.000819325 -0.003666994 0.005833238 -0.000803616 0.999975920
1341839328.128874 -0.005466984 0.003809621 -0.000739407 -0.003796031 0.005957036 -0.000239247 0.999975026
1341839328.160854 -0.002926641 0.006542168 0.000254895 -0.004323896 0.005914215 -0.000292886 0.999973118
1341839328.196745 -0.003628094 0.002469067 0.001260669 -0.006114346 0.006748043 -0.000353582 0.999958456
1341839328.229156 -0.003796625 0.001193671 0.000286514 -0.006293936 0.005435672 -0.000287259 0.999965370
1341839328.261208 -0.002852758 0.003659026 0.000611226 -0.005923536 0.004127798 -0.001658735 0.999972582
1341839328.297137 -0.004247555 0.003029922 0.001382933 -0.005868012 0.005200033 -0.003033933 0.999964654
1341839328.328784 -0.006598186 0.002912111 0.000596343 -0.005629771 0.006245324 -0.001786856 0.999963045
1341839328.360665 -0.004405343 0.005384218 0.000594078 -0.005923884 0.005359936 -0.000946049 0.999967635
1341839328.396926 -0.004630703 0.002717548 0.001657107 -0.007279157 0.006169188 -0.001469006 0.999953389
1341839328.429370 -0.004927230 0.001557286 0.001313957 -0.007032724 0.005908499 -0.001072359 0.999957263
1341839328.464846 -0.004287621 0.004264402 0.000858602 -0.005781217 0.005836401 -0.002208055 0.999963820
1341839328.496692 -0.006616667 0.005532905 0.000404211 -0.005685040 0.007521521 -0.001513553 0.999954402
1341839328.528687 -0.005871459 0.002350580 -0.000338356 -0.007993228 0.006534224 -0.000434881 0.999946594
1341839328.564740 -0.004626835 0.004131016 0.000352239 -0.007711638 0.005820512 -0.002079188 0.999951184
1341839328.625940 -0.008079720 0.004720190 -0.001295847 -0.007776174 0.007246976 -0.001350554 0.999942601
1341839328.657766 -0.004629435 0.005094076 -0.000271562 -0.008771550 0.006011340 -0.001457164 0.999942422
1341839328.693593 -0.006017569 0.005532835 0.001093703 -0.007808038 0.007976409 -0.002210809 0.999935269
1341839328.726559 -0.008651563 0.006420941 -0.001321265 -0.007198596 0.009169887 -0.000028204 0.999932051
1341839328.757898 -0.005111415 0.005097511 -0.001028226 -0.009515151 0.007168815 0.000555804 0.999928892
1341839328.793518 -0.002384716 0.005737931 0.002807491 -0.008549670 0.007317980 -0.001808983 0.999935031
1341839328.826770 -0.006823058 0.003948625 0.000334321 -0.007203028 0.010002197 -0.001701717 0.999922574
1341839328.861644 -0.008901778 0.005964228 -0.003243136 -0.007614378 0.010337792 0.000218733 0.999917567
1341839328.893849 -0.003946845 0.005660544 -0.001226620 -0.009598703 0.008756282 -0.000459031 0.999915481
1341839328.925868 -0.005869394 0.002142872 0.002107243 -0.009696003 0.010438383 -0.000594012 0.999898314
1341839328.961613 -0.007057639 0.003273140 -0.000172744 -0.006938355 0.010727583 0.000247557 0.999918342
1341839328.993792 -0.004686497 0.007151616 -0.002313680 -0.006800147 0.009906782 -0.000484729 0.999927700
1341839329.026055 -0.006574078 0.002915984 -0.000228827 -0.008988916 0.011728305 -0.000714881 0.999890566
1341839329.062092 -0.005817498 0.003949061 -0.000406773 -0.007633299 0.011821718 0.000879258 0.999900579
1341839329.093661 -0.006008681 0.006698472 -0.002177891 -0.007310976 0.012040207 0.000316557 0.999900758
1341839329.129714 -0.005833929 0.004007903 -0.000436058 -0.008800107 0.012191479 -0.000367148 0.999886870
1341839329.161805 -0.006986601 0.005712068 -0.000201005 -0.007123152 0.013080303 -0.000335926 0.999889016
1341839329.193646 -0.010749280 0.008291348 -0.001905925 -0.006264098 0.015645290 0.000845067 0.999857605
1341839329.229989 -0.009121438 0.006434924 -0.001901774 -0.008375814 0.015733588 0.002951224 0.999836802
1341839329.261633 -0.007379035 0.003867026 0.000209257 -0.010064641 0.014849408 0.002326269 0.999836385
1341839329.294019 -0.009109515 0.005969908 0.000428130 -0.008120478 0.015801238 0.001993790 0.999840200
1341839329.330182 -0.013014845 0.010814199 -0.002934232 -0.006807898 0.017663065 0.002694562 0.999817193
1341839329.361588 -0.012900579 0.011209045 -0.002844470 -0.009231403 0.017478816 0.004576045 0.999794126
1341839329.397693 -0.011432838 0.010791450 -0.001022008 -0.010519967 0.017126465 0.004085684 0.999789655
1341839329.429824 -0.012031648 0.011262936 -0.000725769 -0.009372585 0.019067546 0.003058956 0.999769568
1341839329.462140 -0.017293241 0.012581923 -0.004994085 -0.008767769 0.021708461 0.005084809 0.999712944
1341839329.497817 -0.013142184 0.016482983 -0.004671478 -0.011171852 0.019542532 0.006248140 0.999727070
1341839329.529623 -0.010393270 0.014364408 -0.001135377 -0.012934266 0.020918390 0.001715291 0.999696076
1341839329.565832 -0.017688986 0.011560479 -0.001977723 -0.011553694 0.025097014 -0.000527515 0.999618113
1341839329.597657 -0.021592993 0.018667892 -0.005745142 -0.008209585 0.026454886 0.000271678 0.999616265
1341839329.629682 -0.017810542 0.017502496 -0.005342877 -0.010499941 0.026958277 -0.001257697 0.999580622
1341839329.665817 -0.024334498 0.013213113 -0.001806170 -0.011054905 0.032456566 -0.001561862 0.999410808
1341839329.697655 -0.033416051 0.006263162 -0.003942207 -0.009658992 0.035797480 0.001145290 0.999311745
1341839329.729794 -0.031278659 0.014578911 -0.005467405 -0.005666639 0.034508836 0.000379838 0.999388278
1341839329.765645 -0.039583165 0.008900411 -0.004988207 -0.006738476 0.039453194 0.000308477 0.999198675
1341839329.797665 -0.045182001 0.003616872 -0.006836402 -0.006206901 0.039779715 0.003447973 0.999183238
1341839329.833742 -0.047839869 0.012416838 -0.009029729 -0.001931244 0.039353590 0.000976004 0.999222994
1341839329.865832 -0.056851111 0.010266660 -0.010144388 -0.002913242 0.043296374 -0.000555832 0.999057889
1341839329.897578 -0.064940423 0.007784814 -0.012038277 -0.003513258 0.045062568 0.002284484 0.998975396
1341839329.933601 -0.068797804 0.012007635 -0.012746631 -0.001796953 0.044784911 0.002379997 0.998992205
1341839329.965721 -0.079397142 0.011135076 -0.014302365 -0.001434854 0.048421521 0.001399370 0.998824954
1341839329.997659 -0.087846644 0.010218396 -0.017999437 -0.001742676 0.049137659 0.002963704 0.998786092
1341839330.033740 -0.095560350 0.015626468 -0.019753745 -0.000762905 0.049784318 0.002698481 0.998756051
1341839330.065737 -0.106413893 0.017942071 -0.020660073 -0.000534299 0.053031571 0.002184981 0.998590291
1341839330.101744 -0.115891419 0.013780297 -0.024165342 -0.002095842 0.053714190 0.003326446 0.998548627
1341839330.133824 -0.123544931 0.019730181 -0.022407996 0.000067723 0.052988987 0.002135139 0.998592794
1341839330.165634 -0.133663595 0.019189209 -0.023955109 -0.000177313 0.055179771 0.002369279 0.998473585
1341839330.201705 -0.146011487 0.015704527 -0.023310671 -0.001304188 0.056979310 0.005609820 0.998358727
1341839330.233722 -0.151361793 0.018889474 -0.022979125 0.000470568 0.055906940 0.006535101 0.998414516
1341839330.266312 -0.162892327 0.019343071 -0.022333406 0.002167630 0.058568027 0.007307507 0.998254299
1341839330.302347 -0.170723915 0.019271195 -0.023733135 0.002436341 0.058408972 0.010371860 0.998235881
1341839330.333775 -0.177941397 0.022629898 -0.022055259 0.003503043 0.058287270 0.010263370 0.998240948
1341839330.369606 -0.187717542 0.023375852 -0.021479797 0.005011123 0.061671183 0.008038010 0.998051584
1341839330.401603 -0.198069543 0.019855006 -0.022843625 0.004384552 0.064320125 0.009261825 0.997876704
1341839330.433788 -0.205627680 0.017820459 -0.021530295 0.002016049 0.062292073 0.011856720 0.997985482
1341839330.469667 -0.207092106 0.018350411 -0.019719787 0.001340095 0.061491612 0.006799127 0.998083532
1341839330.501975 -0.219799250 0.018716188 -0.015513922 0.003653630 0.067970805 0.005308099 0.997666478
1341839330.533857 -0.229620919 0.015034571 -0.016755741 0.003568027 0.068541460 0.012199728 0.997567296
1341839330.569675 -0.235555664 0.018497899 -0.017197680 0.001570075 0.065073200 0.013931022 0.997781992
1341839330.601595 -0.241794258 0.014024551 -0.009194463 0.000660082 0.067380890 0.009864930 0.997678339
1341839330.638143 -0.252323091 0.009558783 -0.010261709 0.002993996 0.068848871 0.011598393 0.997555196
1341839330.669672 -0.256580681 0.013640785 -0.011510925 0.002714704 0.064050078 0.010431996 0.997888446
1341839330.701788 -0.262532860 0.016198481 -0.003869721 0.002765611 0.065425172 0.004463094 0.997843623
1341839330.737650 -0.272199929 0.015419173 -0.001488479 0.003598207 0.068187870 0.004666456 0.997655094
1341839330.769683 -0.277314216 0.017633047 0.000436146 0.002222041 0.066850379 0.005548481 0.997745097
1341839330.805857 -0.277606279 0.004970699 0.006901702 -0.002471471 0.064867392 0.002533083 0.997887611
1341839330.837591 -0.284738392 0.005969786 0.012684042 0.002144946 0.065205969 -0.000636229 0.997869313
1341839330.869625 -0.294829428 0.013425985 0.011181368 0.004447549 0.065123096 -0.001943641 0.997865438
1341839330.905598 -0.296625257 0.008014577 0.018811444 0.000441047 0.062323071 -0.005491475 0.998040795
1341839330.937608 -0.304154545 0.009496825 0.025317855 0.003449700 0.064242713 -0.007359006 0.997901201
1341839330.969732 -0.310988843 0.011275255 0.025905529 0.003964178 0.064606465 -0.005237987 0.997889221
1341839331.005686 -0.310648859 0.008213636 0.028408036 0.000902340 0.063522123 -0.003745931 0.997972965
1341839331.037590 -0.316248864 0.000027470 0.032275945 -0.001885186 0.064669631 -0.003685604 0.997898161
1341839331.073709 -0.319280148 -0.003658477 0.036051504 -0.000344413 0.063641958 -0.006081209 0.997954249
1341839331.105691 -0.325351596 0.004275419 0.034209710 0.004426335 0.064334676 -0.008621531 0.997881293
1341839331.137734 -0.328941435 0.003962293 0.033781525 0.002877164 0.065601133 -0.009253394 0.997798860
1341839331.173665 -0.333994091 0.001081306 0.035127390 0.000711753 0.068013124 -0.007609451 0.997655153
1341839331.206108 -0.335229069 -0.002432138 0.038050089 -0.000867864 0.067603528 -0.009655520 0.997665167
1341839331.237591 -0.339719743 -0.007975615 0.042226627 -0.000444051 0.068251058 -0.013346741 0.997578800
1341839331.273677 -0.346790403 -0.003871828 0.041739300 0.003924063 0.070440367 -0.014065208 0.997409105
1341839331.305666 -0.353027314 -0.000572432 0.041457117 0.003437286 0.072388232 -0.012012492 0.997298300
1341839331.341623 -0.354952157 -0.011375195 0.046640985 -0.002751398 0.071402043 -0.010561464 0.997387886
1341839331.373753 -0.358172119 -0.017022537 0.053359844 -0.001509672 0.070839547 -0.012011614 0.997414291
1341839331.405723 -0.364899248 -0.011099226 0.049831662 0.003091291 0.069968626 -0.014819517 0.997434318
1341839331.473871 -0.376093030 -0.018698078 0.056309346 -0.001123286 0.068680234 -0.018114593 0.997473598
1341839331.505920 -0.380210876 -0.015827836 0.056191318 0.002082149 0.067941509 -0.017752977 0.997529209
1341839331.541699 -0.385443807 -0.015927261 0.056628592 0.001607180 0.068624623 -0.017794518 0.997482538
1341839331.573605 -0.391918004 -0.022983970 0.059744023 -0.000967349 0.068495750 -0.016280046 0.997518063
1341839331.609775 -0.396749586 -0.021730609 0.061668146 0.001849867 0.067291692 -0.016541166 0.997594476
1341839331.641636 -0.402802765 -0.014756101 0.059706472 0.005044933 0.068773262 -0.017760564 0.997461438
1341839331.673645 -0.410955399 -0.014962844 0.060042169 0.002850939 0.070369191 -0.014313858 0.997414231
1341839331.709686 -0.413645029 -0.020923721 0.064084895 -0.000100465 0.069888450 -0.010505644 0.997499466
1341839331.741643 -0.417886019 -0.023483520 0.068290606 0.001852074 0.070505969 -0.010072426 0.997458756
1341839331.777603 -0.425631911 -0.019857574 0.066469111 0.005430907 0.070110857 -0.010942562 0.997464418
1341839331.809647 -0.434157610 -0.011017994 0.064574070 0.005655465 0.070683859 -0.011010266 0.997421980
1341839331.841801 -0.438512266 -0.019622438 0.069088653 0.000200846 0.071272470 -0.007502652 0.997428656
1341839331.878215 -0.442509919 -0.027669964 0.074660927 0.000165809 0.071159914 -0.004457993 0.997454941
1341839331.909748 -0.447672248 -0.030164637 0.072962873 0.002822688 0.068032391 -0.003103694 0.997674286
1341839331.941725 -0.452576339 -0.029498277 0.074019499 0.004623843 0.064833216 -0.006496481 0.997864246
1341839331.977728 -0.459310472 -0.028036084 0.074404322 0.006970289 0.064646952 -0.008983226 0.997843385
1341839332.045816 -0.471095949 -0.025507070 0.071520239 0.006759439 0.062498227 -0.007943470 0.997990608
1341839332.077582 -0.476552069 -0.029991651 0.075298294 0.004161334 0.062342390 -0.009721244 0.997998774
1341839332.116893 -0.482707113 -0.033999376 0.078099757 0.005316855 0.060931016 -0.008664445 0.998090208
1341839332.152616 -0.486478478 -0.029234486 0.074620746 0.007256453 0.057179701 -0.012230610 0.998262584
1341839332.184678 -0.492065907 -0.027111197 0.076826170 0.006653139 0.057116788 -0.016934125 0.998201668
1341839332.216770 -0.497682869 -0.030199867 0.078616932 0.005078536 0.056306269 -0.017426461 0.998248518
1341839332.252784 -0.502152324 -0.028867016 0.079351828 0.005807059 0.054725148 -0.018797137 0.998307586
1341839332.284720 -0.508544743 -0.026715336 0.079986282 0.006112217 0.055696439 -0.020177852 0.998225152
1341839332.320763 -0.512611985 -0.035397951 0.081676461 0.003074497 0.053698320 -0.018021869 0.998389840
1341839332.352725 -0.514803827 -0.032804873 0.084891163 0.006205804 0.051181100 -0.018754538 0.998493969
1341839332.384802 -0.524038136 -0.028074497 0.082747802 0.009198999 0.053595122 -0.019646056 0.998327076
1341839332.420707 -0.529738426 -0.028601557 0.080954224 0.006842167 0.052819956 -0.016799739 0.998439312
1341839332.453040 -0.533112288 -0.030346124 0.084080651 0.004458362 0.051194243 -0.017302897 0.998528838
1341839332.484707 -0.534128249 -0.031785857 0.087664872 0.005332563 0.051244695 -0.018638838 0.998497963
1341839332.520728 -0.544765413 -0.030742325 0.086534679 0.006753675 0.053150054 -0.018399363 0.998394191
1341839332.552694 -0.550742030 -0.029377731 0.086962312 0.006212449 0.053298447 -0.017919971 0.998398483
1341839332.584689 -0.555837154 -0.027554385 0.088586479 0.005270041 0.054728948 -0.017271252 0.998337924
1341839332.620915 -0.559778631 -0.032667514 0.090617292 0.003558145 0.055579338 -0.014806058 0.998338163
1341839332.652728 -0.566060245 -0.034647457 0.092229374 0.004134608 0.055912301 -0.013265582 0.998338997
1341839332.688741 -0.573510945 -0.030756494 0.092033386 0.006677093 0.057976048 -0.012959106 0.998211503
1341839332.720665 -0.582123160 -0.036347304 0.093664296 0.005494555 0.059393369 -0.009938530 0.998170078
1341839332.752666 -0.586126566 -0.035054650 0.097608954 0.007319368 0.058034927 -0.010972792 0.998227417
1341839332.788766 -0.595342934 -0.031764109 0.096397452 0.009277607 0.060434811 -0.012560165 0.998049974
1341839332.820854 -0.605451047 -0.033220321 0.093259908 0.006825428 0.062677301 -0.009339946 0.997966826
1341839332.852703 -0.608652353 -0.038361784 0.099078707 0.003632777 0.061835844 -0.008250072 0.998045623
1341839332.889321 -0.612950027 -0.044729009 0.103422321 0.004033853 0.062596589 -0.007363624 0.998003602
1341839332.921019 -0.624375880 -0.043569170 0.101460494 0.006867497 0.062852144 -0.006690529 0.997976780
1341839332.952691 -0.630216479 -0.045403171 0.102490142 0.007822170 0.062821046 -0.006886813 0.997970402
1341839332.988751 -0.636744440 -0.040717237 0.102366894 0.011351928 0.064870425 -0.007567466 0.997800410
1341839333.020647 -0.648114800 -0.038042624 0.099163748 0.012176267 0.068019934 -0.005926933 0.997592032
1341839333.056724 -0.656085134 -0.037262380 0.098037668 0.009745507 0.068815380 -0.002188776 0.997579396
1341839333.089114 -0.657560110 -0.043432228 0.102957062 0.006134906 0.068620108 -0.001059551 0.997623444
1341839333.120718 -0.664000452 -0.049540535 0.106725290 0.006841938 0.068904631 0.000586215 0.997599602
1341839333.156704 -0.676284492 -0.044337150 0.101375923 0.009913464 0.068181820 -0.000738750 0.997623384
1341839333.188815 -0.683862388 -0.041236021 0.103666894 0.009675082 0.068846598 -0.003650553 0.997573674
1341839333.220628 -0.691939294 -0.046131704 0.104704313 0.008388269 0.070943914 -0.001854584 0.997443318
1341839333.256670 -0.703096688 -0.045063555 0.104965523 0.008820874 0.072748080 0.000516842 0.997311175
1341839333.288740 -0.706789792 -0.047508474 0.108582631 0.008342126 0.071850993 0.002017910 0.997378469
1341839333.320602 -0.711778104 -0.051090036 0.109749250 0.008358023 0.069970399 0.000357456 0.997514009
1341839333.356748 -0.721206784 -0.054720439 0.110691696 0.010326833 0.071865529 -0.000319092 0.997360826
1341839333.388710 -0.735535622 -0.050496049 0.109025545 0.013809412 0.074254185 0.003330333 0.997138143
1341839333.420733 -0.741144121 -0.048123930 0.110840328 0.013111165 0.073062778 0.003397526 0.997235358
1341839333.456800 -0.743047297 -0.054115944 0.113539845 0.012194037 0.073632188 0.002194447 0.997208476
1341839333.489161 -0.753902733 -0.057196859 0.110570975 0.013622713 0.075606957 0.003834035 0.997037232
1341839333.524754 -0.761083305 -0.053601786 0.109846227 0.014786636 0.074863151 0.004584250 0.997073650
1341839333.556641 -0.761436403 -0.055930220 0.114225529 0.014466522 0.074801385 0.002898782 0.997089326
1341839333.588635 -0.768425524 -0.062264618 0.114293620 0.015846543 0.076955773 0.004721018 0.996897399
1341839333.624660 -0.777558744 -0.061559509 0.112587966 0.017716970 0.077096805 0.007123876 0.996840715
1341839333.656582 -0.779712081 -0.058509357 0.114841931 0.018154852 0.076159671 0.003848674 0.996922910
1341839333.692674 -0.783265650 -0.066709369 0.117744453 0.017807303 0.076989643 0.003263253 0.996867537
1341839333.724684 -0.795358539 -0.065034404 0.113593847 0.020691706 0.078065030 0.005056691 0.996720672
1341839333.756705 -0.802033484 -0.059422191 0.113593519 0.020738844 0.078270681 0.004169641 0.996707678
1341839333.792811 -0.801946819 -0.066610068 0.118011028 0.018596677 0.079117648 0.005159296 0.996678472
1341839333.824607 -0.810872793 -0.069100097 0.116623446 0.021350158 0.080619581 0.007878684 0.996485114
1341839333.860727 -0.822718143 -0.057194155 0.112680309 0.024619982 0.081501260 0.006571836 0.996347427
1341839333.892675 -0.825000882 -0.060993548 0.114829786 0.020280616 0.081922583 0.005655892 0.996416271
1341839333.924793 -0.828403950 -0.067211404 0.118727788 0.020138804 0.083864227 0.008585016 0.996236682
1341839333.960816 -0.839173913 -0.060776580 0.115573741 0.023939628 0.085507400 0.011679422 0.995981395
1341839333.992565 -0.848855078 -0.050118424 0.114484370 0.023715725 0.087037511 0.011863383 0.995852053
1341839334.028692 -0.844074428 -0.061889037 0.120060012 0.018183386 0.085985355 0.011746825 0.996061206
1341839334.061278 -0.851360619 -0.063345104 0.119941339 0.021252222 0.088117607 0.011690384 0.995814741
1341839334.092728 -0.868298411 -0.051275916 0.114763178 0.024144415 0.091795877 0.013067528 0.995399296
1341839334.128644 -0.868044615 -0.050865181 0.119296104 0.019096902 0.091632359 0.014876474 0.995498657
1341839334.160704 -0.860124826 -0.068886578 0.126730874 0.014799515 0.090434410 0.018106142 0.995627820
1341839334.197146 -0.874833822 -0.065444879 0.122405231 0.020695725 0.091599941 0.018284209 0.995412886
1341839334.228803 -0.879015505 -0.053874694 0.121746883 0.022641031 0.089864545 0.013811458 0.995600820
1341839334.260959 -0.878343105 -0.058540959 0.127067283 0.019266384 0.093675122 0.012857206 0.995333374
1341839334.328809 -0.896013141 -0.057200331 0.123512067 0.018853424 0.096690759 0.018381378 0.994966149
1341839334.389836 -0.896989644 -0.069066308 0.132204473 0.016338080 0.102296576 0.015726347 0.994495451
1341839334.421774 -0.907044232 -0.063850969 0.130111709 0.020987097 0.104884982 0.020580918 0.994049847
1341839334.458070 -0.901660204 -0.045127548 0.131646156 0.023283064 0.104917705 0.021024248 0.993986011
1341839334.489716 -0.907589912 -0.067383826 0.136527464 0.013072934 0.112923369 0.026128020 0.993174076
1341839334.525791 -0.911251485 -0.076502465 0.139334634 0.015372624 0.114216611 0.033300929 0.992778599
1341839334.557800 -0.920718610 -0.058131628 0.136070043 0.021723125 0.114890181 0.028249880 0.992738783
1341839334.589879 -0.922312140 -0.063018061 0.141313985 0.016818147 0.119299173 0.024145404 0.992422223
1341839334.625795 -0.934016347 -0.072040126 0.140485108 0.014926814 0.124649078 0.030987935 0.991604507
1341839334.657857 -0.934556425 -0.063107900 0.142515600 0.016697243 0.124934949 0.036262397 0.991361439
1341839334.689650 -0.935555577 -0.066333026 0.147502854 0.014577694 0.130140901 0.035472665 0.990753531
1341839334.725913 -0.941510618 -0.078236111 0.146054119 0.013387939 0.132754087 0.038412407 0.990313888
1341839334.758001 -0.947766423 -0.070087671 0.146723837 0.017282275 0.132595479 0.035720248 0.990375578
1341839334.794398 -0.954744220 -0.066498041 0.148276463 0.016598569 0.138430342 0.034035668 0.989647985
1341839334.826176 -0.958274603 -0.078121848 0.149487570 0.012051436 0.142330855 0.038973633 0.988978148
1341839334.858001 -0.959874809 -0.079957254 0.152097344 0.012988623 0.143125847 0.042186864 0.988719642
1341839334.893846 -0.964940310 -0.077706933 0.154794693 0.014396607 0.146028191 0.040313646 0.988353848
1341839334.925663 -0.971685350 -0.083042413 0.156312302 0.013840999 0.150349095 0.040915191 0.987688959
1341839334.958897 -0.982121468 -0.079586029 0.156484023 0.015262471 0.154283836 0.045215994 0.986873388
1341839334.993786 -0.984156251 -0.078512795 0.158836246 0.013064401 0.156742945 0.049142547 0.986329556
1341839335.025736 -0.986302972 -0.089332014 0.162617445 0.010140339 0.159687117 0.051387675 0.985777140
1341839335.062376 -0.990120649 -0.091188192 0.164710000 0.013224352 0.160551608 0.053080466 0.985510409
1341839335.093705 -1.001679063 -0.082684182 0.165476441 0.016891485 0.164446995 0.051627908 0.984889030
1341839335.125749 -1.008455634 -0.088150725 0.166791946 0.013951011 0.168728262 0.054120358 0.984076798
1341839335.161801 -1.010006428 -0.098043449 0.169277415 0.012515041 0.169587910 0.058264200 0.983711660
1341839335.193634 -1.017748475 -0.089738384 0.170906529 0.016609358 0.171995103 0.056784254 0.983319581
1341839335.229637 -1.027998447 -0.089139849 0.175203606 0.017151220 0.178532541 0.056835361 0.982141376
1341839335.261672 -1.036725521 -0.096868552 0.173349693 0.015548195 0.181350723 0.062333148 0.981317878
1341839335.293601 -1.033415556 -0.096536845 0.176810473 0.015041149 0.179314882 0.063343346 0.981635153
1341839335.330337 -1.034861803 -0.096899912 0.183881879 0.016710579 0.184266850 0.062292267 0.980757952
1341839335.361795 -1.049029708 -0.098237172 0.181370988 0.017690282 0.190329909 0.064673543 0.979427874
1341839335.393789 -1.051332831 -0.097532563 0.182446927 0.016595598 0.190675691 0.068953790 0.979087710
1341839335.429852 -1.047379494 -0.100234911 0.185642362 0.014909003 0.192282110 0.070428692 0.978695631
1341839335.461797 -1.056357861 -0.098404318 0.188625038 0.017141327 0.198692083 0.073565811 0.977146685
1341839335.497824 -1.063025713 -0.097466275 0.189235359 0.016720476 0.201828271 0.078282230 0.976144314
1341839335.529703 -1.063188195 -0.098775193 0.192420214 0.014097860 0.203925923 0.081629716 0.975475311
1341839335.561688 -1.061950088 -0.104884356 0.197025567 0.012384839 0.206332207 0.083332770 0.974848330
1341839335.597785 -1.068945527 -0.104165502 0.199623257 0.015236801 0.209774807 0.084168509 0.974001050
1341839335.629720 -1.077233315 -0.097133882 0.199267328 0.016336275 0.212297320 0.084402345 0.973416269
1341839335.661751 -1.076087356 -0.095980272 0.202127799 0.014118535 0.216171414 0.088098250 0.972270191
1341839335.698291 -1.083115697 -0.101988710 0.208980441 0.012647389 0.224083632 0.094535090 0.969891608
1341839335.729860 -1.086627960 -0.106659584 0.210902005 0.012216271 0.227144480 0.100411221 0.968593717
1341839335.765694 -1.087093472 -0.105910614 0.212421507 0.012611136 0.228122458 0.102578804 0.968131542
1341839335.798139 -1.081840754 -0.108951055 0.214079499 0.012487666 0.230065629 0.102161080 0.967717409
1341839335.829611 -1.095344782 -0.110007629 0.218537048 0.015451543 0.237945184 0.105316773 0.965428233
1341839335.865786 -1.098611474 -0.106954731 0.219494879 0.016955759 0.239621878 0.110205442 0.964442134
1341839335.929832 -1.095571280 -0.114591353 0.226195723 0.013532516 0.243919760 0.113474734 0.963038683
1341839335.965832 -1.100219846 -0.117828675 0.227775410 0.014787713 0.245210350 0.116039649 0.962386608
1341839335.997676 -1.102497339 -0.112008594 0.229989588 0.016783588 0.246686742 0.115101524 0.962089181
1341839336.033647 -1.105682611 -0.116819322 0.231772989 0.014451617 0.250171006 0.116264865 0.961086929
1341839336.065734 -1.111543775 -0.127140775 0.234057084 0.012732339 0.252277821 0.121151000 0.959956348
1341839336.097631 -1.107806921 -0.122453429 0.235842764 0.014969931 0.250269532 0.119581394 0.960646331
1341839336.133597 -1.117303610 -0.117667317 0.240172103 0.016303852 0.256130636 0.116262980 0.959486425
1341839336.165702 -1.128189206 -0.124732397 0.244507909 0.014025310 0.260316700 0.122323364 0.957640588
1341839336.202267 -1.121931911 -0.131162703 0.246183872 0.013290981 0.257335782 0.130163580 0.957423151
1341839336.234214 -1.125556350 -0.128246382 0.249905482 0.016199144 0.259006083 0.130165800 0.956927538
1341839336.265756 -1.124713182 -0.135315657 0.251573801 0.016409023 0.259531021 0.130628154 0.956718683
1341839336.301613 -1.135949492 -0.134940699 0.256005853 0.020758979 0.261854887 0.131145597 0.955929875
1341839336.333632 -1.142563105 -0.128926933 0.257540703 0.023396779 0.264096498 0.130064696 0.955399811
1341839336.365718 -1.145477653 -0.128830254 0.257275671 0.021794280 0.267078727 0.130379409 0.954565465
1341839336.401664 -1.154782653 -0.132505491 0.262563705 0.020631755 0.271357387 0.132975310 0.953025222
1341839336.433672 -1.153627634 -0.129335269 0.264484316 0.021420969 0.271856099 0.132716596 0.952901721
1341839336.469794 -1.158798099 -0.131744146 0.267046124 0.021654699 0.277350187 0.133793756 0.951160967
1341839336.501620 -1.174618721 -0.135183305 0.274003804 0.023996586 0.284317583 0.141169891 0.947976112
1341839336.533664 -1.185596466 -0.125491470 0.276553512 0.027954979 0.288086593 0.151527792 0.945126414
1341839336.569844 -1.189229846 -0.124728777 0.277430117 0.025174186 0.293139756 0.158649191 0.942478538
1341839336.633742 -1.196692944 -0.143035501 0.284864664 0.028470760 0.294500947 0.158550590 0.941976786
1341839336.669786 -1.210987687 -0.128084794 0.283729255 0.031985585 0.298209697 0.151594013 0.941842437
1341839336.701630 -1.228377223 -0.133687079 0.288058192 0.027410235 0.304896355 0.158593595 0.938687921
1341839336.737715 -1.232040167 -0.134865895 0.289046764 0.025915263 0.305185795 0.166764244 0.937219143
1341839336.769724 -1.234578013 -0.133169428 0.288376242 0.024506196 0.307456166 0.168947190 0.936123371
1341839336.801932 -1.241065383 -0.142668664 0.289715916 0.020754242 0.309411228 0.170490801 0.935289681
1341839336.837725 -1.250374079 -0.136969760 0.291888118 0.023446707 0.308858603 0.169174045 0.935647786
1341839336.869709 -1.255554199 -0.130808666 0.291419059 0.022744125 0.309574455 0.166250020 0.935952604
1341839336.901683 -1.264759660 -0.137649998 0.295986772 0.019100217 0.313916236 0.168462351 0.934190691
1341839336.937604 -1.275825262 -0.137042835 0.298280358 0.019561308 0.314082026 0.171663865 0.933542371
1341839336.969803 -1.273513198 -0.137789145 0.297617644 0.016753273 0.312210888 0.169844106 0.934556961
1341839337.005683 -1.278648853 -0.142072693 0.301701039 0.016277017 0.316341907 0.169647127 0.933210969
1341839337.037752 -1.294859409 -0.138077721 0.301605880 0.019637955 0.318169475 0.171503648 0.932185054
1341839337.069797 -1.295053363 -0.133391589 0.301995367 0.017807007 0.316794902 0.173043311 0.932405472
1341839337.105718 -1.299234033 -0.138180882 0.305154979 0.015394517 0.321729153 0.176448315 0.930117905
1341839337.137797 -1.308243036 -0.140706167 0.308251351 0.015906602 0.324969321 0.179645121 0.928369284
1341839337.169667 -1.312908292 -0.135943979 0.308506012 0.017227281 0.326176316 0.180192918 0.927816093
1341839337.205734 -1.313486218 -0.134682953 0.309522301 0.016372520 0.329005033 0.180650026 0.926743329
1341839337.237749 -1.317474484 -0.137956619 0.310559273 0.016514838 0.332953930 0.183456793 0.924777031
1341839337.273741 -1.324460864 -0.137694880 0.311184764 0.018147914 0.335234493 0.186104506 0.923392415
1341839337.305704 -1.322093487 -0.134942159 0.309384555 0.017301450 0.336815983 0.185221940 0.923010528
1341839337.337595 -1.329190612 -0.142980054 0.316325158 0.016456783 0.343608201 0.187788785 0.919998884
1341839337.373961 -1.342913032 -0.133266509 0.319630116 0.021557583 0.347021699 0.190018386 0.918152571
1341839337.405787 -1.342270851 -0.129366338 0.314135998 0.018810311 0.347926080 0.192150563 0.917426705
1341839337.442004 -1.341886878 -0.143713221 0.319656134 0.013461617 0.352082998 0.196420714 0.915027440
1341839337.474958 -1.345379353 -0.144622058 0.321966499 0.015862333 0.351894468 0.198335901 0.914648294
1341839337.509733 -1.346352935 -0.136145458 0.318117321 0.017256182 0.351917416 0.193728566 0.915601194
1341839337.544700 -1.355126023 -0.142145723 0.323392153 0.015701642 0.358263463 0.195325181 0.912824631
1341839337.606582 -1.355954051 -0.146790341 0.323437393 0.014916134 0.357662976 0.201591268 0.911710262
1341839337.643191 -1.364448786 -0.146322429 0.328848839 0.016845569 0.364361912 0.201373503 0.909068406
1341839337.675557 -1.373385549 -0.153746367 0.334986478 0.016520238 0.366440117 0.204359800 0.907571375
1341839337.709823 -1.365828753 -0.157375753 0.330836862 0.016779730 0.363256037 0.205400169 0.908611178
1341839337.741931 -1.363116026 -0.163283050 0.332267046 0.016782548 0.366124600 0.202313215 0.908152223
1341839337.775641 -1.381740451 -0.157212913 0.339928389 0.023559246 0.373556197 0.203350991 0.904737055
1341839337.809663 -1.388387442 -0.153971687 0.341551065 0.024183707 0.373352587 0.208873212 0.903545797
1341839337.841607 -1.380867004 -0.164283976 0.341772944 0.019326232 0.374403834 0.211389020 0.902642190
1341839337.873966 -1.382465601 -0.169819266 0.346676230 0.020838821 0.379172325 0.211890996 0.900497794
1341839337.909686 -1.391068816 -0.164472729 0.348365754 0.025690164 0.380444527 0.212782860 0.899625182
1341839337.941649 -1.388672113 -0.167725280 0.349208295 0.023957949 0.379638225 0.213589266 0.899822474
1341839337.978034 -1.385487795 -0.176213875 0.350975066 0.022713071 0.384074897 0.213306397 0.898037314
1341839338.010055 -1.394813657 -0.170606107 0.358414948 0.028294427 0.389554024 0.215050638 0.895097911
1341839338.041796 -1.397078753 -0.168661147 0.358172208 0.029126374 0.387164414 0.217250913 0.895576596
1341839338.077718 -1.386491060 -0.176272884 0.353235066 0.022945639 0.387624234 0.213606164 0.896433711
1341839338.109796 -1.389569402 -0.172422156 0.360781968 0.027491430 0.397110194 0.214550287 0.891916990
1341839338.141788 -1.402781487 -0.166696191 0.364646494 0.031728044 0.402129471 0.220584407 0.888047159
1341839338.177722 -1.401365399 -0.170807257 0.355481625 0.026048865 0.403671831 0.226496592 0.886041641
1341839338.209855 -1.399565220 -0.170869261 0.373967886 0.023322472 0.417728812 0.227691635 0.879269719
1341839338.245667 -1.401161551 -0.174853384 0.375324100 0.025462775 0.423871666 0.234031439 0.874593437
1341839338.277664 -1.403354287 -0.163509369 0.372277558 0.027813582 0.424685687 0.237889603 0.873084784
1341839338.310236 -1.400068879 -0.168176726 0.379905492 0.020928146 0.431498498 0.238746136 0.869696081
1341839338.346061 -1.396875262 -0.185060605 0.393587738 0.017176891 0.439412594 0.240733296 0.865256608
1341839338.377771 -1.405217528 -0.174894810 0.401463598 0.025431525 0.441404253 0.240532041 0.864094794
1341839338.414172 -1.402389526 -0.171705619 0.392927885 0.023691699 0.440892994 0.239083663 0.864806950
1341839338.445621 -1.404644132 -0.182672843 0.407222360 0.020167498 0.451720297 0.239091232 0.859288931
1341839338.477593 -1.408599138 -0.178113699 0.412229687 0.026734294 0.456306279 0.245230883 0.854945421
1341839338.513631 -1.421087503 -0.150121093 0.409573823 0.035505287 0.459846735 0.252634943 0.850562155
1341839338.545729 -1.411692142 -0.182201788 0.422065198 0.021131685 0.468876630 0.265715033 0.842082918
1341839338.578307 -1.404034734 -0.194456801 0.431102067 0.021730434 0.473781615 0.272052437 0.837285042
1341839338.613629 -1.411663175 -0.179173455 0.420895457 0.028477855 0.475112110 0.272143364 0.836298704
1341839338.645705 -1.415457249 -0.182843819 0.432175875 0.022776911 0.482665718 0.273813963 0.831589401
1341839338.681745 -1.411985636 -0.192990467 0.444609791 0.019851716 0.487490594 0.277942538 0.827470064
1341839338.713936 -1.416404843 -0.192027211 0.450356424 0.023760816 0.491446227 0.281957179 0.823660195
1341839338.781731 -1.415089488 -0.202990457 0.459097773 0.021322979 0.493452907 0.286047280 0.821112990
1341839338.813789 -1.414403319 -0.209724888 0.460016727 0.020031057 0.494547248 0.282055020 0.821867824
1341839338.845925 -1.422819972 -0.203619152 0.466019154 0.024637276 0.499443293 0.282876313 0.818492770
1341839338.881852 -1.426057577 -0.206644818 0.472803444 0.023832917 0.500371575 0.288520783 0.815975487
1341839338.913691 -1.420974016 -0.213480651 0.475906461 0.020111676 0.501035869 0.290321201 0.815028965
1341839338.950055 -1.418651342 -0.221142352 0.483178884 0.019015040 0.506066978 0.290140212 0.812005758
1341839338.982022 -1.421175003 -0.221012175 0.490769327 0.022990407 0.508959651 0.291100711 0.809748054
1341839339.013706 -1.422806740 -0.220337898 0.487932652 0.022099920 0.509922385 0.288676023 0.810035110
1341839339.049635 -1.428481698 -0.227546439 0.498020887 0.018354084 0.520664573 0.287215322 0.803790271
1341839339.081747 -1.431015968 -0.231824473 0.513780475 0.021304319 0.529906869 0.294162720 0.795118332
1341839339.113723 -1.433879018 -0.229071349 0.513353825 0.027838210 0.530742824 0.307322860 0.789360285
1341839339.149743 -1.433958769 -0.224080026 0.513365448 0.026188102 0.533853352 0.313987851 0.784682393
1341839339.181663 -1.419676185 -0.251143247 0.524770916 0.016511519 0.539629638 0.317848891 0.779422402
1341839339.217881 -1.427535057 -0.252555609 0.540117741 0.024850585 0.543396652 0.316227555 0.777240396
1341839339.249852 -1.429718137 -0.240376323 0.528616130 0.029014895 0.540815353 0.315718055 0.779101431
1341839339.281688 -1.422714114 -0.253558695 0.539296508 0.024623409 0.545876682 0.317739606 0.774889588
1341839339.317698 -1.424608350 -0.256883204 0.545666218 0.028614208 0.546744823 0.318108857 0.773988426
1341839339.349572 -1.425255179 -0.249405146 0.541813910 0.031824104 0.544480681 0.318352103 0.775357962
1341839339.381744 -1.420663953 -0.254979044 0.547597766 0.029550958 0.546708763 0.318808258 0.773690879
1341839339.417594 -1.419789076 -0.256006688 0.556010425 0.031682983 0.547962546 0.318817258 0.772715211
1341839339.449770 -1.423943877 -0.252885699 0.556777537 0.032803535 0.547129571 0.317963690 0.773609877
1341839339.485862 -1.421926260 -0.261783779 0.562110782 0.028682053 0.549098194 0.317350179 0.772630155
1341839339.517723 -1.423580170 -0.256781220 0.568795323 0.032690659 0.549424946 0.318819791 0.771633029
1341839339.549722 -1.428813696 -0.256020069 0.568111658 0.030873580 0.548479021 0.319488406 0.772104144
1341839339.585708 -1.424821138 -0.261330694 0.574141264 0.026929190 0.551263154 0.320582002 0.769812286
1341839339.617755 -1.427296281 -0.262422234 0.582076073 0.029654358 0.553114533 0.323276341 0.767253101
1341839339.653686 -1.432653904 -0.258866668 0.579711318 0.029469296 0.548749566 0.325595051 0.769411027
1341839339.685607 -1.423728704 -0.272760868 0.580969870 0.020474417 0.549986959 0.326753557 0.768327534
1341839339.717688 -1.424012899 -0.277024984 0.596282423 0.022189321 0.554918945 0.324592710 0.765644908
1341839339.785841 -1.429911971 -0.275867224 0.595827281 0.022505948 0.552666843 0.322140306 0.768295825
1341839339.817673 -1.429135680 -0.276635587 0.601451695 0.023260554 0.555831969 0.321025074 0.766454637
1341839339.853689 -1.437751770 -0.270738304 0.604585230 0.029793350 0.557623804 0.324837893 0.763314068
1341839339.886194 -1.437932014 -0.268510044 0.604781985 0.029576795 0.555423975 0.330706656 0.762405753
1341839339.921810 -1.427497149 -0.286479115 0.605189383 0.021846099 0.555264533 0.332119346 0.762168467
1341839339.953712 -1.425005555 -0.297971666 0.614155412 0.022242513 0.559174716 0.326533645 0.761711717
1341839339.985940 -1.431859970 -0.285923988 0.620857775 0.028820390 0.559643209 0.322081447 0.763041556
1341839340.021944 -1.425454140 -0.290152580 0.617436528 0.027739810 0.558311939 0.321052015 0.764489293
1341839340.053625 -1.428210020 -0.287603199 0.625182509 0.032157902 0.562866926 0.317879856 0.762298524
1341839340.085849 -1.435110569 -0.283492386 0.632544518 0.036082253 0.563301444 0.321752429 0.760174215
1341839340.121790 -1.429037333 -0.286085010 0.631409407 0.033356551 0.557416320 0.329225659 0.761436045
1341839340.153725 -1.414557099 -0.303790867 0.635390401 0.025786176 0.559181392 0.328957468 0.760551214
1341839340.189767 -1.415193558 -0.311877817 0.660761297 0.033085518 0.567232788 0.322871685 0.756905615
1341839340.221740 -1.423189163 -0.304649800 0.660782576 0.040531874 0.560629666 0.320687771 0.762371898
1341839340.253797 -1.413707852 -0.310214996 0.645673037 0.035327736 0.556020975 0.315724432 0.768056452
1341839340.289889 -1.424461007 -0.302977204 0.657611668 0.036612969 0.560154676 0.310214639 0.767237306
1341839340.321596 -1.420749664 -0.306066841 0.670924902 0.038125310 0.557650149 0.315081865 0.767004669
1341839340.353760 -1.411586165 -0.315053344 0.665619493 0.038774289 0.557776868 0.317544371 0.765863597
1341839340.390182 -1.416142225 -0.317835093 0.678365052 0.043755177 0.563476622 0.316444129 0.761867881
1341839340.422046 -1.414320588 -0.314582795 0.678315341 0.044228714 0.558709800 0.311262310 0.767465293
1341839340.457730 -1.405994296 -0.329052329 0.687079430 0.038148191 0.562482178 0.302818030 0.768413782
1341839340.489763 -1.412918210 -0.324978322 0.703560650 0.047929987 0.567673445 0.300327033 0.765018463
1341839340.521641 -1.414544463 -0.319048375 0.701858103 0.052117597 0.560893416 0.294066250 0.772144675
1341839340.557814 -1.408211589 -0.334704936 0.705429137 0.048865233 0.562039852 0.286668122 0.774302721
1341839340.589605 -1.421635389 -0.319110483 0.705906510 0.059283350 0.563353181 0.281891435 0.774374485
1341839340.625790 -1.425086021 -0.319723397 0.708295345 0.062941596 0.562393904 0.286109567 0.773235261
1341839340.657932 -1.416940808 -0.327421367 0.717135489 0.061148100 0.562416255 0.285418361 0.773618281
1341839340.689715 -1.421000957 -0.325910926 0.722787023 0.065482281 0.565187335 0.282462597 0.772327840
1341839340.725751 -1.425590396 -0.326702118 0.728613317 0.069425911 0.563893855 0.283117741 0.772688866
1341839340.757955 -1.422037959 -0.326536238 0.736883998 0.072539873 0.562199473 0.281024486 0.774399698
1341839340.789691 -1.424276352 -0.329899579 0.742719114 0.074583650 0.563536167 0.280481189 0.773430347
1341839340.825704 -1.420891762 -0.333130568 0.753461659 0.078495055 0.563508868 0.281705052 0.772617936
1341839340.857619 -1.420955896 -0.332530349 0.760351121 0.084148288 0.560845554 0.276946574 0.775675118
1341839340.893741 -1.421737313 -0.339413971 0.759484529 0.082653090 0.560823798 0.269888639 0.778334916
1341839340.925744 -1.427977681 -0.333403498 0.763245881 0.087295249 0.562266946 0.266410917 0.777984977
1341839340.957673 -1.430461407 -0.330579996 0.768113434 0.090222873 0.559686661 0.264679551 0.780099630
1341839340.993781 -1.425852060 -0.343798876 0.775032580 0.085748889 0.562090337 0.261926472 0.779805124
1341839341.025719 -1.430542827 -0.332840502 0.778686345 0.095219269 0.564441562 0.262398750 0.776843548
1341839341.057817 -1.433607697 -0.327219337 0.776072145 0.098322295 0.560012162 0.265703648 0.778537512
1341839341.093674 -1.428963900 -0.339263022 0.785997391 0.091759466 0.562928975 0.261766940 0.778568745
1341839341.125757 -1.427893043 -0.337573260 0.795137286 0.096009046 0.566479325 0.257783264 0.776808381
1341839341.161613 -1.435744405 -0.330904841 0.797844410 0.100981049 0.565244198 0.256035268 0.777655303
1341839341.193914 -1.435640931 -0.333333462 0.803112864 0.101959385 0.564219952 0.259523720 0.777114928
1341839341.261807 -1.427515745 -0.344595253 0.813508213 0.104940429 0.563255966 0.262061447 0.776565492
1341839341.294203 -1.430089951 -0.343779504 0.819179714 0.108896270 0.562233627 0.258216888 0.778048158
1341839341.325664 -1.424967051 -0.352148533 0.828589797 0.109309889 0.562751293 0.253195316 0.779265344
1341839341.361807 -1.419463158 -0.356577575 0.842655480 0.116690941 0.566675901 0.247332171 0.777231276
1341839341.394547 -1.426236033 -0.359528214 0.831568241 0.123256482 0.562465906 0.248475209 0.778909504
1341839341.429797 -1.425178289 -0.362960666 0.834852219 0.124802910 0.561007977 0.247481495 0.780030251
1341839341.461658 -1.424987912 -0.367655903 0.839621365 0.128575459 0.561039150 0.245931238 0.779885411
1341839341.494148 -1.424899101 -0.369741678 0.842786729 0.132566512 0.559992790 0.240427226 0.781683385
1341839341.529786 -1.424803615 -0.368962228 0.845621347 0.135012701 0.558836341 0.235317990 0.783644676
1341839341.561773 -1.425919175 -0.369949222 0.847679734 0.137175784 0.556732535 0.234783679 0.784925699
1341839341.593704 -1.421285629 -0.373515099 0.852525055 0.137496680 0.555110216 0.233662531 0.786351740
1341839341.629668 -1.420293212 -0.375629663 0.855935276 0.138528943 0.555035591 0.230411306 0.787182212
1341839341.662204 -1.418002009 -0.377447009 0.858344138 0.138622329 0.554151058 0.227670848 0.788585126
1341839341.697707 -1.418106675 -0.376729637 0.860131443 0.141014352 0.552587926 0.228951633 0.788887024
1341839341.729730 -1.415024161 -0.375009924 0.864031315 0.143436894 0.549179554 0.230219498 0.790459812
1341839341.761718 -1.407390952 -0.382744491 0.870248079 0.141661897 0.548543990 0.227948353 0.791878104
1341839341.797672 -1.407146811 -0.382980824 0.873439491 0.145378709 0.547664762 0.226622343 0.792193592
1341839341.829711 -1.408584952 -0.378345132 0.876830459 0.149823770 0.543028295 0.225300193 0.794929504
1341839341.865698 -1.399046779 -0.390399754 0.883695364 0.145525724 0.541595936 0.218796313 0.798513830
1341839341.897671 -1.396583200 -0.393721282 0.887195051 0.144013390 0.541423142 0.213481516 0.800341666
1341839341.929668 -1.396097898 -0.391927540 0.893004239 0.148235396 0.539576888 0.214154050 0.800637960
1341839341.966161 -1.389886022 -0.395479113 0.898727834 0.147243932 0.535382152 0.214212716 0.803615630
1341839341.997822 -1.381380916 -0.402756989 0.903807998 0.141939208 0.534719348 0.208560482 0.806493044
1341839342.029821 -1.380219698 -0.400092214 0.911219239 0.143677458 0.533110440 0.202051714 0.808903635
1341839342.065778 -1.378823400 -0.400087088 0.916207314 0.144399434 0.526422858 0.205258816 0.812340200
1341839342.097747 -1.374119878 -0.397191077 0.916695714 0.144011095 0.516294658 0.207524315 0.818311870
1341839342.133584 -1.369803786 -0.404997081 0.929546475 0.138444677 0.517638624 0.201141044 0.820015609
1341839342.165747 -1.366578221 -0.406850427 0.933597863 0.138783544 0.517039239 0.197376281 0.821250319
1341839342.197690 -1.365916729 -0.405007243 0.936192393 0.141177863 0.513224244 0.197562933 0.823188066
1341839342.233646 -1.362030387 -0.410609603 0.938407004 0.136623114 0.512942910 0.196353734 0.824420333
1341839342.265874 -1.355476260 -0.408228606 0.943636656 0.138371557 0.512724578 0.196159691 0.824310720
1341839342.297925 -1.351148009 -0.407965243 0.949937940 0.147576094 0.508758962 0.197061732 0.824955881
1341839342.335634 -1.348588705 -0.412803978 0.949000418 0.147645012 0.504438877 0.192090303 0.828760266
1341839342.367875 -1.342240691 -0.413708836 0.954313576 0.147991449 0.503860474 0.185925961 0.830454469
1341839342.401982 -1.341728210 -0.417387277 0.955790043 0.155047163 0.500524759 0.186612502 0.831030130
1341839342.433927 -1.349020720 -0.422449827 0.954494417 0.153632239 0.497699350 0.187640831 0.832756519
1341839342.465742 -1.335688353 -0.422299236 0.961101532 0.152327552 0.495234072 0.185146615 0.835021079
1341839342.501672 -1.334926963 -0.423466653 0.961801827 0.156787410 0.491211474 0.184813023 0.836643994
1341839342.540774 -1.329432011 -0.427135617 0.961490571 0.154253677 0.485594630 0.179863155 0.841458797
1341839342.601781 -1.324902892 -0.428616077 0.969035089 0.153905123 0.482461631 0.173278853 0.844700158
1341839342.669836 -1.320718765 -0.431936264 0.973176837 0.152331620 0.475819975 0.169774339 0.849451065
1341839342.701958 -1.315546274 -0.435394198 0.975836694 0.151668608 0.473018110 0.166407511 0.851797521
1341839342.734327 -1.316294074 -0.437074751 0.975892663 0.151354432 0.469847530 0.164078563 0.854057014
1341839342.769575 -1.315815210 -0.438190132 0.979667187 0.148386151 0.468357712 0.162374794 0.855720162
1341839342.801697 -1.312317014 -0.437310904 0.981870890 0.147755533 0.465631276 0.161897242 0.857406020
1341839342.837599 -1.307670712 -0.442242324 0.983858466 0.146818012 0.460264564 0.161546588 0.860525250
1341839342.869657 -1.304747343 -0.439154953 0.987651646 0.147872850 0.456891268 0.154451579 0.863440037
1341839342.901629 -1.307170033 -0.439409167 0.991188586 0.147243336 0.456227601 0.150325745 0.864625871
1341839342.937752 -1.304581523 -0.441211939 0.990315616 0.144613326 0.452796131 0.148638606 0.867161572
1341839342.969809 -1.304407120 -0.438218564 0.993611574 0.144729525 0.450788081 0.147175670 0.868436992
1341839343.001757 -1.300834656 -0.441958010 0.995860636 0.141754478 0.448160499 0.148026690 0.870141327
1341839343.037598 -1.295992851 -0.441923738 0.997871041 0.141728237 0.443781912 0.145610020 0.872793436
1341839343.069778 -1.299394131 -0.437355161 1.003791332 0.142357603 0.445795685 0.140120521 0.872563362
1341839343.105680 -1.300514102 -0.445451319 1.002841592 0.137277603 0.444522589 0.142948329 0.873567581
1341839343.137599 -1.287713170 -0.451965123 1.000074029 0.136285156 0.434636265 0.147882000 0.877865911
1341839343.169689 -1.295127034 -0.450543880 1.005167365 0.137406498 0.432537287 0.143922582 0.879384577
1341839343.205678 -1.298198223 -0.448856443 1.009561658 0.134542361 0.430066526 0.138862759 0.881849349
1341839343.237627 -1.296086311 -0.454082608 1.012909770 0.132373318 0.425222933 0.139949843 0.884351075
1341839343.305796 -1.291094780 -0.451019585 1.017957449 0.132161915 0.416449428 0.135289028 0.889269352
1341839343.337603 -1.294216514 -0.455773503 1.020525217 0.130487874 0.414057821 0.132656857 0.891028166
1341839343.373816 -1.299879909 -0.460192293 1.022538900 0.128150508 0.410594136 0.134109825 0.892751098
1341839343.405615 -1.295028329 -0.453008533 1.026618004 0.129500315 0.405698478 0.130198747 0.895369589
1341839343.437656 -1.294787526 -0.457788736 1.027392507 0.127815768 0.401842266 0.129707098 0.897419631
1341839343.473926 -1.299816608 -0.456568003 1.033275247 0.125974193 0.399584442 0.126659185 0.899121940
1341839343.505604 -1.298262239 -0.451729834 1.036946654 0.127861038 0.396438509 0.124004692 0.900616944
1341839343.537630 -1.309704185 -0.454511404 1.041957736 0.126854286 0.396819144 0.127105206 0.900159359
1341839343.573940 -1.303719521 -0.458614022 1.040239215 0.120382033 0.388698429 0.129938215 0.904177964
1341839343.605808 -1.294592261 -0.455984563 1.042416334 0.121355034 0.382435799 0.127652526 0.907039523
1341839343.641734 -1.299253583 -0.458921194 1.044661403 0.121568576 0.380287856 0.124966264 0.908287227
1341839343.674008 -1.303443193 -0.461198509 1.047342420 0.119952343 0.378809333 0.123338327 0.909341872
1341839343.706617 -1.304273725 -0.462221473 1.049316406 0.119300507 0.375587374 0.123128161 0.910791397
1341839343.741621 -1.305955052 -0.459482372 1.051188707 0.119439565 0.373033881 0.120834082 0.912128866
1341839343.774086 -1.312534690 -0.459377497 1.056427956 0.119105645 0.374495775 0.121555731 0.911477387
1341839343.805716 -1.314489484 -0.465794116 1.056084752 0.114902951 0.371380925 0.126622662 0.912600815
1341839343.841908 -1.299782753 -0.462276518 1.054571629 0.114499867 0.362857848 0.125030875 0.916292131
1341839343.873728 -1.297850251 -0.464477688 1.056242228 0.116563573 0.359085649 0.122789629 0.917819798
1341839343.909667 -1.301869631 -0.467997611 1.057368636 0.115232006 0.356627434 0.119460277 0.919384420
1341839343.941616 -1.296252847 -0.466218650 1.060478568 0.116674401 0.352885425 0.114696600 0.921251178
1341839343.973980 -1.301715732 -0.470219433 1.061536074 0.118465625 0.350731939 0.113956735 0.921936512
1341839344.009680 -1.306056261 -0.472059429 1.064297557 0.117898807 0.349173337 0.112844974 0.922737122
1341839344.041837 -1.303916931 -0.474697262 1.065241456 0.118555903 0.344547004 0.113761194 0.924278200
1341839344.077657 -1.306810260 -0.478541851 1.066143751 0.118126549 0.340504408 0.114042103 0.925795496
1341839344.109836 -1.304293156 -0.473458976 1.070594192 0.119210228 0.337702334 0.109234989 0.927261412
1341839344.141705 -1.309696674 -0.478972226 1.072117805 0.120115645 0.337349385 0.110779233 0.927089870
1341839344.177702 -1.311900616 -0.482537240 1.070859551 0.118646808 0.332648605 0.112471595 0.928772271
1341839344.209717 -1.310051680 -0.474771649 1.077880025 0.120523624 0.331309050 0.106495000 0.929713488
1341839344.241645 -1.313328028 -0.479997426 1.079018712 0.121047564 0.331072748 0.107621655 0.929599881
1341839344.277671 -1.321270943 -0.486009985 1.079359889 0.119437471 0.328857213 0.112456776 0.930022120
1341839344.309705 -1.310926080 -0.480060786 1.080413818 0.118041225 0.322594255 0.107930668 0.932925582
1341839344.345801 -1.301518202 -0.476959080 1.082512140 0.120711312 0.317832917 0.102804050 0.934795380
1341839344.377710 -1.308262825 -0.486169726 1.079780579 0.119406700 0.315408319 0.103288956 0.935730219
1341839344.409739 -1.322350383 -0.481345236 1.088441849 0.119519837 0.319399387 0.098839425 0.934842169
1341839344.445778 -1.317275643 -0.482041150 1.086213231 0.119186945 0.315803677 0.099080026 0.936079979
1341839344.477610 -1.313591838 -0.481564164 1.086797953 0.120158717 0.312246293 0.098466299 0.937213182
1341839344.510307 -1.316340923 -0.483051211 1.088024855 0.120216973 0.311068684 0.098365374 0.937607825
1341839344.545748 -1.310864091 -0.487309635 1.086425900 0.119230829 0.304273039 0.098649733 0.939930916
1341839344.577848 -1.316663027 -0.484758526 1.091981173 0.120187238 0.304013371 0.093989253 0.940370619
1341839344.613724 -1.323051095 -0.488542914 1.095095277 0.119430915 0.304890007 0.094032489 0.940178871
1341839344.645720 -1.323407173 -0.485915571 1.095880032 0.119268805 0.301204264 0.094186604 0.941371262
1341839344.677623 -1.319872737 -0.486859262 1.100020051 0.118498810 0.298121840 0.092725739 0.942593932
1341839344.713889 -1.322929025 -0.487268955 1.101377487 0.118342787 0.296796829 0.092737928 0.943030417
1341839344.746136 -1.324549556 -0.486206502 1.104604244 0.118470520 0.294852674 0.092934795 0.943604648
1341839344.777806 -1.328124404 -0.488540590 1.107895613 0.117963642 0.294327050 0.092901789 0.943835497
1341839344.813721 -1.321816802 -0.484414220 1.105474472 0.118397713 0.288008213 0.092296012 0.945787847
1341839344.845917 -1.323196888 -0.483305335 1.110679507 0.118153356 0.286344737 0.089482963 0.946593463
1341839344.881716 -1.329204440 -0.485198081 1.114582777 0.117978595 0.287267447 0.089127369 0.946369231
1341839344.914064 -1.328744769 -0.488551646 1.111468673 0.115998507 0.283272356 0.091149107 0.947624922
1341839344.981867 -1.331004977 -0.487277716 1.120864511 0.116406053 0.283046365 0.086822838 0.948048592
1341839345.049773 -1.324343681 -0.484619498 1.120136142 0.118579343 0.273385584 0.084419213 0.950827360
1341839345.081754 -1.329534888 -0.487113655 1.125135183 0.119451888 0.275051624 0.082393594 0.950415254
1341839345.113787 -1.326413393 -0.489761621 1.119438529 0.118826605 0.269009322 0.082875833 0.952179492
1341839345.149765 -1.335165024 -0.491380244 1.125960946 0.117125914 0.269994795 0.081805408 0.952203870
1341839345.181679 -1.332690835 -0.493252099 1.130232930 0.117222510 0.269705385 0.081579141 0.952293396
1341839345.213887 -1.329015255 -0.487137914 1.124945641 0.120914802 0.263565421 0.080282845 0.953660071
1341839345.249641 -1.328898907 -0.486742914 1.122307658 0.118779540 0.258082658 0.079609878 0.955482602
1341839345.281851 -1.336883664 -0.486867815 1.134191632 0.119889304 0.261393011 0.078021787 0.954574704
1341839345.318190 -1.335155487 -0.491546720 1.128758192 0.119398348 0.257137746 0.079000071 0.955710828
1341839345.381825 -1.341157079 -0.494928271 1.136279225 0.119136862 0.251926661 0.076395832 0.957341671
1341839345.417661 -1.342305899 -0.496154130 1.135653734 0.120745204 0.249154255 0.073357388 0.958103061
1341839345.449712 -1.345920920 -0.496040225 1.132354259 0.120606497 0.245504171 0.071835242 0.959177494
1341839345.484398 -1.348255515 -0.496752262 1.137823462 0.119567640 0.245253623 0.070219435 0.959491253
1341839345.517996 -1.351574302 -0.499945432 1.141726494 0.118592940 0.246027872 0.069625765 0.959457278
1341839345.550489 -1.352198005 -0.496973664 1.139352202 0.120673381 0.242555067 0.070747487 0.959999859
1341839345.585734 -1.352571607 -0.496221215 1.141561151 0.120018929 0.240320027 0.069461107 0.960737705
1341839345.620844 -1.356665492 -0.501825273 1.146510959 0.118704602 0.242373034 0.068029307 0.960487664
1341839345.656909 -1.351854801 -0.505253375 1.138913870 0.117803238 0.236670852 0.069832563 0.961890161
1341839345.688622 -1.358143926 -0.501061440 1.144304633 0.117989220 0.236924976 0.070635915 0.961746156
1341839345.720671 -1.354605317 -0.499681950 1.145084977 0.119602047 0.233250141 0.069961831 0.962494195
1341839345.756838 -1.355035424 -0.498461813 1.142038584 0.119803332 0.228693023 0.067052551 0.963768959
1341839345.788625 -1.357975602 -0.499701530 1.147181034 0.119207188 0.228136033 0.064909942 0.964121521
1341839345.824857 -1.362453103 -0.500128627 1.146484375 0.118581802 0.226734966 0.064627506 0.964548051
1341839345.857455 -1.361644745 -0.496767253 1.147805095 0.118473157 0.223049641 0.062924802 0.965532720
1341839345.888708 -1.365995765 -0.500830293 1.154929161 0.118061043 0.223454341 0.061373908 0.965589464
1341839345.924863 -1.365589023 -0.496824652 1.152624488 0.120922059 0.218791276 0.058550861 0.966478169
1341839345.957143 -1.368727326 -0.495828450 1.152242184 0.120726243 0.214710742 0.058183216 0.967439532
1341839345.993158 -1.374168873 -0.498188913 1.161857128 0.120014608 0.215035051 0.055850111 0.967593491
1341839346.024797 -1.373077512 -0.500723600 1.158494234 0.118756294 0.211909190 0.054911155 0.968491733
1341839346.060663 -1.373682737 -0.492506415 1.150689006 0.120649494 0.204085022 0.055553976 0.969900370
1341839346.093046 -1.377721190 -0.500613511 1.155760765 0.115316100 0.202673882 0.054775424 0.970888853
1341839346.125006 -1.378764153 -0.503023088 1.160399437 0.114086539 0.200756520 0.055550802 0.971388280
1341839346.161318 -1.382228613 -0.503256619 1.166355968 0.115594015 0.199864551 0.055003546 0.971425116
1341839346.192773 -1.386538267 -0.502072990 1.166858315 0.117191821 0.198468477 0.052234456 0.971672714
1341839346.228629 -1.381150603 -0.498998135 1.160832882 0.118628465 0.189458579 0.050881911 0.973367214
1341839346.289939 -1.390853524 -0.498967469 1.168684721 0.121250682 0.184985355 0.046740558 0.974111915
1341839346.329312 -1.400864005 -0.498004049 1.181161523 0.123939253 0.185702935 0.043317176 0.973795176
1341839346.360723 -1.400342464 -0.511359751 1.173769355 0.120389819 0.180769682 0.040312443 0.975296617
1341839346.396661 -1.398042917 -0.502773881 1.164152145 0.125116870 0.171825305 0.039704643 0.976342857
1341839346.428667 -1.407875896 -0.490067869 1.178545356 0.134571955 0.168984070 0.037286874 0.975676417
1341839346.460712 -1.411610007 -0.517214477 1.177071095 0.124550119 0.168244436 0.032051343 0.977319717
1341839346.496730 -1.409381986 -0.515908957 1.165348053 0.124299414 0.160660297 0.031926069 0.978631020
1341839346.529245 -1.415204883 -0.513587952 1.174471855 0.124785289 0.158307731 0.034048412 0.978881001
1341839346.564647 -1.424006343 -0.517868280 1.181264639 0.125188097 0.159964085 0.032488424 0.978613257
1341839346.596836 -1.417703271 -0.506390631 1.173189878 0.133184493 0.148627371 0.031836279 0.979366243
1341839346.629205 -1.425603628 -0.506380677 1.175647020 0.132482022 0.143367991 0.027680090 0.980371356
1341839346.664666 -1.434782147 -0.516613305 1.184144258 0.130341381 0.144574776 0.023133852 0.980598807
1341839346.697459 -1.433627129 -0.513332784 1.175670028 0.133053035 0.136793166 0.019824017 0.981423199
1341839346.728784 -1.437078357 -0.505570352 1.169223547 0.133051813 0.127655715 0.017789617 0.982692599
1341839346.764614 -1.447589397 -0.523173928 1.183849931 0.124429993 0.130838141 0.014139293 0.983462572
1341839346.796721 -1.448560953 -0.520288706 1.181289315 0.126665354 0.126454324 0.012546859 0.983772218
1341839346.832754 -1.456127048 -0.518023908 1.182000041 0.122790299 0.123165540 0.009766550 0.984711826
1341839346.864887 -1.459109902 -0.517023087 1.186913252 0.121288471 0.121910654 0.007105601 0.985076845
1341839346.896738 -1.460921884 -0.515917838 1.183703661 0.121971190 0.118308164 0.006569643 0.985435426
1341839346.932720 -1.466621518 -0.514411867 1.182119131 0.116848707 0.114608057 0.006224336 0.986495137
1341839346.964747 -1.473731995 -0.515311539 1.188946605 0.114631109 0.116099216 0.004878457 0.986588538
1341839346.997094 -1.470821738 -0.517386496 1.182868242 0.111989178 0.111708753 0.004276618 0.987401307
1341839347.032687 -1.475055099 -0.513467848 1.182937622 0.109104201 0.108068675 0.004283566 0.988129079
1341839347.064803 -1.479067087 -0.513605356 1.188165784 0.109187335 0.107301921 0.003171626 0.988207638
1341839347.096949 -1.475041866 -0.517140806 1.186194062 0.109457500 0.100300282 0.002497206 0.988914907
1341839347.132674 -1.480274796 -0.517251432 1.183902502 0.108658835 0.095512345 -0.001034791 0.989479423
1341839347.164815 -1.484668255 -0.517914236 1.186339498 0.108547501 0.093044467 -0.003876111 0.989719689
1341839347.201086 -1.487621307 -0.518150091 1.184144378 0.106644817 0.088618323 -0.005652204 0.990324080
1341839347.232888 -1.488694191 -0.524943411 1.189911723 0.105309576 0.084949955 -0.005124426 0.990791142
1341839347.264678 -1.490816832 -0.526290655 1.188530803 0.105965123 0.080226347 -0.006236792 0.991108596
1341839347.300769 -1.497277856 -0.524595857 1.189431787 0.104102008 0.077903077 -0.010716360 0.991452992
1341839347.332810 -1.501037478 -0.525103390 1.190505028 0.106843919 0.076690823 -0.010483190 0.991258264
1341839347.364696 -1.504150510 -0.529973686 1.188345909 0.104536638 0.071358226 -0.006820343 0.991934240
1341839347.400758 -1.509492755 -0.521349072 1.189927816 0.103800908 0.067920074 -0.009772394 0.992228150
1341839347.432768 -1.512086511 -0.527176976 1.194033861 0.105331793 0.066066511 -0.011419544 0.992174387
1341839347.464678 -1.515605807 -0.522573888 1.193039894 0.110225804 0.062403735 -0.010943763 0.991885185
1341839347.500741 -1.520520329 -0.523438156 1.193931341 0.104955025 0.060727350 -0.009179037 0.992578685
1341839347.532902 -1.523904681 -0.524002194 1.196876884 0.105282433 0.061492808 -0.010057750 0.992488325
1341839347.564722 -1.525336981 -0.524038136 1.194813251 0.108663298 0.058226254 -0.009912184 0.992322385
1341839347.600810 -1.532577634 -0.519432247 1.194617629 0.106664561 0.054689609 -0.012602248 0.992709875
1341839347.632816 -1.533288240 -0.523213923 1.197962880 0.105564140 0.053325519 -0.014404997 0.992877185
1341839347.668756 -1.537810802 -0.524991572 1.197904706 0.107244976 0.052813616 -0.014673607 0.992720485
1341839347.700646 -1.544291139 -0.524773955 1.195183039 0.105343163 0.050092865 -0.013673517 0.993079305
1341839347.732763 -1.542252898 -0.524794698 1.200835824 0.105587609 0.046610154 -0.016133778 0.993185997
1341839347.768688 -1.545608282 -0.524647832 1.198651075 0.106716298 0.045277603 -0.018300604 0.993089437
1341839347.800813 -1.551930428 -0.525244772 1.198546886 0.106038764 0.044630781 -0.017422311 0.993207097
1341839347.868719 -1.557621837 -0.525510252 1.201978922 0.101195097 0.037921764 -0.019544851 0.993951499
1341839347.929819 -1.570029736 -0.520616412 1.199897885 0.108104728 0.034236927 -0.022833806 0.993287385
1341839347.961854 -1.570438981 -0.517201185 1.203109026 0.102611795 0.031396970 -0.023451649 0.993949234
1341839347.997747 -1.569746971 -0.528256536 1.207741022 0.101653054 0.030155890 -0.020865435 0.994143844
1341839348.030199 -1.579450965 -0.520952523 1.202073097 0.105660230 0.029022310 -0.021627584 0.993743360
1341839348.065716 -1.582520485 -0.515775323 1.202581048 0.103703976 0.025997100 -0.024686076 0.993961871
1341839348.097839 -1.577956915 -0.527669787 1.210712552 0.101528808 0.022811418 -0.022737812 0.994311094
1341839348.129730 -1.587055802 -0.522815824 1.205853462 0.104454592 0.022119913 -0.024228357 0.993988395
1341839348.168751 -1.585128069 -0.520235360 1.209728479 0.102960117 0.018962199 -0.024929652 0.994192243
1341839348.229846 -1.593136787 -0.521626949 1.207924604 0.103466891 0.019513676 -0.025443275 0.994115889
1341839348.265808 -1.591898918 -0.516720712 1.209459186 0.102031417 0.016969593 -0.022966756 0.994371235
1341839348.297768 -1.596168160 -0.522063196 1.210317850 0.098608539 0.017903080 -0.023849661 0.994679332
1341839348.333745 -1.598223686 -0.525153756 1.211189866 0.099820279 0.014821276 -0.023077294 0.994627416
1341839348.365708 -1.602533221 -0.517523766 1.210129738 0.101515047 0.013299026 -0.025473459 0.994418919
1341839348.398979 -1.602668166 -0.520677745 1.210132837 0.098958299 0.012960661 -0.025459465 0.994681418
1341839348.433976 -1.607425094 -0.525420427 1.211835146 0.098969586 0.011089904 -0.023401583 0.994753420
1341839348.467049 -1.612567782 -0.518988013 1.209504843 0.100499056 0.008969196 -0.023587106 0.994617105
1341839348.502595 -1.610463858 -0.523414075 1.212519288 0.097684994 0.006912638 -0.023852861 0.994907498
1341839348.535836 -1.613771439 -0.525669873 1.212582588 0.099624813 0.005789929 -0.023726938 0.994725287
1341839348.572285 -1.618177295 -0.518162131 1.210373044 0.100284398 0.003834910 -0.024300054 0.994654596
1341839348.603842 -1.614974141 -0.523241758 1.215227962 0.097517282 0.001603174 -0.023872182 0.994946182
1341839348.670608 -1.629051447 -0.516958416 1.207925320 0.100340396 0.002708788 -0.025345506 0.994626582
1341839348.733895 -1.623949647 -0.526038170 1.216869712 0.096949376 -0.001669456 -0.022359472 0.995036721
1341839348.769839 -1.634876013 -0.519402802 1.207979083 0.099847429 -0.001211050 -0.023216626 0.994731128
1341839348.801715 -1.636904359 -0.513456643 1.210467458 0.097390600 -0.004870380 -0.022361528 0.994983077
1341839348.833968 -1.629199862 -0.524205208 1.217730403 0.093871742 -0.007062234 -0.021823525 0.995320022
1341839348.869700 -1.637877941 -0.522226691 1.213413596 0.098000228 -0.005561221 -0.021124531 0.994946599
1341839348.901741 -1.647943139 -0.510589778 1.209909201 0.098782733 -0.006527101 -0.019356335 0.994899333
1341839348.933668 -1.637311339 -0.521470547 1.219180107 0.091307960 -0.012254709 -0.014028500 0.995648503
1341839348.969744 -1.644578934 -0.526030123 1.217240572 0.098681509 -0.008497563 -0.016210251 0.994950771
1341839349.001702 -1.655408621 -0.516497433 1.208469510 0.102231480 -0.007085517 -0.018841229 0.994556963
1341839349.037768 -1.656555295 -0.515056014 1.208149672 0.096190192 -0.009450518 -0.018765267 0.995141208
1341839349.069693 -1.645913959 -0.527679026 1.218083382 0.094279081 -0.011154304 -0.015576274 0.995361447
1341839349.101825 -1.658589721 -0.520581663 1.210560679 0.099080324 -0.006885432 -0.017278440 0.994905591
1341839349.137754 -1.662842751 -0.515009046 1.208791256 0.096962586 -0.009111099 -0.016964756 0.995101690
1341839349.169628 -1.659822464 -0.520181894 1.213127017 0.093639843 -0.010989901 -0.018455116 0.995374382
1341839349.201708 -1.663154840 -0.519989192 1.210107684 0.096808940 -0.008504711 -0.020024655 0.995065212
1341839349.237814 -1.669082046 -0.513693750 1.207331419 0.097461805 -0.008007282 -0.018418057 0.995036602
1341839349.269853 -1.666172862 -0.511357605 1.209975481 0.093720585 -0.009822074 -0.014632775 0.995442510
1341839349.305943 -1.658507228 -0.521539569 1.216056228 0.091077551 -0.009319727 -0.010808120 0.995741546
1341839349.339088 -1.673663497 -0.518478513 1.207696199 0.094170526 -0.004587526 -0.010697832 0.995488048
1341839349.369787 -1.674533248 -0.514188051 1.209456921 0.093688078 -0.006768805 -0.007891209 0.995547295
1341839349.405720 -1.664667010 -0.521831632 1.217045903 0.092290893 -0.007155280 -0.005068719 0.995693505
1341839349.437724 -1.673416018 -0.524049997 1.209776044 0.096120961 -0.003247103 -0.003932461 0.995356560
1341839349.473729 -1.678954363 -0.519307613 1.207242131 0.097560711 -0.005042220 -0.001467242 0.995215714
1341839349.505725 -1.676150322 -0.518927932 1.209417582 0.096211821 -0.005532720 -0.002887517 0.995341301
1341839349.537652 -1.675502181 -0.523443997 1.210447907 0.098081231 -0.002769487 -0.003596890 0.995168030
1341839349.573799 -1.682860613 -0.516178608 1.205023766 0.101354875 -0.000685886 -0.005830491 0.994832993
1341839349.605590 -1.675890326 -0.512305975 1.208378911 0.098303191 -0.001414873 -0.005575616 0.995139897
1341839349.637724 -1.675391793 -0.518636525 1.207866788 0.095983259 0.003663129 -0.002429131 0.995373249
1341839349.673741 -1.681056976 -0.516985595 1.203673244 0.096360907 0.005170278 -0.000735757 0.995332778
1341839349.705934 -1.678083181 -0.515466571 1.205475688 0.095467411 0.004952850 -0.000602222 0.995420039
1341839349.741765 -1.680250883 -0.517439723 1.205197811 0.095139019 0.006565497 -0.001215362 0.995441616
1341839349.773825 -1.681110859 -0.514018536 1.203781247 0.095688589 0.006418610 -0.002567485 0.995387316
1341839349.805826 -1.680280209 -0.514649928 1.205061197 0.094655894 0.007389414 -0.003024674 0.995478034
1341839349.841772 -1.683187604 -0.514636338 1.203575730 0.094899125 0.008463519 -0.001036917 0.995450377
1341839349.873696 -1.679044962 -0.510021985 1.204885244 0.095001243 0.008327259 0.000522671 0.995442212
1341839349.905763 -1.683350682 -0.508287847 1.202267170 0.092280336 0.012765495 0.001392730 0.995650232
1341839349.941796 -1.688715577 -0.509122789 1.200492620 0.090136975 0.013419867 0.000758226 0.995838702
1341839349.973701 -1.686981797 -0.507701695 1.202323914 0.090276800 0.011983258 -0.002662741 0.995841026
1341839350.009736 -1.687158942 -0.506944060 1.201897025 0.090206362 0.013225268 -0.004327880 0.995825887
1341839350.041687 -1.690510511 -0.503705263 1.199438930 0.089664035 0.014724862 -0.002291475 0.995860577
1341839350.073824 -1.690925479 -0.502237320 1.199845433 0.087276548 0.015877817 -0.000105829 0.996057570
1341839350.109678 -1.695799470 -0.506122768 1.198093891 0.084807068 0.017819056 -0.000736422 0.996237755
1341839350.141718 -1.697076917 -0.506549478 1.200323224 0.086208448 0.016279692 -0.003024852 0.996139526
1341839350.173605 -1.697334170 -0.503502667 1.201334715 0.088643953 0.018088846 -0.003827418 0.995891750
1341839350.209551 -1.704279542 -0.497608602 1.196086407 0.087213658 0.023375835 -0.000866229 0.995914936
1341839350.241827 -1.703572869 -0.501022816 1.198346853 0.082656838 0.023846151 0.003032686 0.996288121
1341839350.280678 -1.704913259 -0.502873123 1.199092269 0.083323486 0.026136072 0.002363695 0.996176958
1341839350.341767 -1.711086512 -0.499250114 1.197468877 0.084212109 0.031001415 0.002036374 0.995963395
1341839350.377704 -1.710517764 -0.498355448 1.197221875 0.083816037 0.034239680 0.003304811 0.995887339
1341839350.409792 -1.716153622 -0.499717981 1.195378900 0.083497316 0.040624883 0.004772715 0.995668113
1341839350.441699 -1.719088316 -0.499676406 1.194204211 0.083880961 0.043889306 0.006928702 0.995484650
1341839350.477781 -1.718366623 -0.497406155 1.192731500 0.084850326 0.049139183 0.010432497 0.995126605
1341839350.509715 -1.723444462 -0.491281688 1.187899113 0.083958842 0.055829413 0.010928159 0.994843960
1341839350.545709 -1.725210905 -0.498025686 1.188413143 0.080251649 0.061807204 0.012933820 0.994772494
1341839350.577590 -1.737817883 -0.495139539 1.183424592 0.083505869 0.070456043 0.014761725 0.993903816
1341839350.609760 -1.737175345 -0.492172837 1.182096601 0.081932254 0.072902873 0.016926350 0.993823826
1341839350.645826 -1.724887609 -0.500397921 1.183581710 0.079918168 0.075454183 0.021399839 0.993711114
1341839350.677708 -1.749881864 -0.492120475 1.176526427 0.083518974 0.089855000 0.023367578 0.992171645
1341839350.713888 -1.753657103 -0.487656713 1.176303267 0.080939688 0.091776967 0.027528383 0.992102802
1341839350.746270 -1.750165701 -0.493774831 1.176386237 0.079817660 0.096324973 0.028873822 0.991724253
1341839350.777697 -1.770542026 -0.485970587 1.174609780 0.085616298 0.108837217 0.030883273 0.989884138
1341839350.814726 -1.777395010 -0.478636622 1.170230865 0.083700143 0.111561380 0.035827730 0.989578068
1341839350.845617 -1.771455288 -0.484888166 1.171619177 0.079836681 0.112653747 0.038502924 0.989673078
1341839350.877699 -1.781399131 -0.484691143 1.171091437 0.083180256 0.121888846 0.038635723 0.988297284
1341839350.913778 -1.792531729 -0.477359027 1.165953040 0.083408833 0.125880376 0.039401390 0.987747252
1341839350.945791 -1.791719437 -0.479874372 1.167692184 0.079692043 0.127660453 0.041967344 0.987719953
1341839350.981694 -1.791624904 -0.485741317 1.168571591 0.078999549 0.130070463 0.042197950 0.987451315
1341839351.013686 -1.803108811 -0.484103560 1.164882064 0.082744479 0.135030270 0.043450549 0.986423969
1341839351.089078 -1.811740994 -0.484611303 1.164253831 0.080247499 0.137734070 0.048214279 0.986034989
1341839351.145779 -1.831449389 -0.484222293 1.162996292 0.083998956 0.142575875 0.050550979 0.984916687
1341839351.181935 -1.832921982 -0.486608803 1.166326761 0.084237121 0.142492786 0.050365873 0.984917879
1341839351.214389 -1.839392781 -0.487178832 1.165779591 0.085762389 0.144701526 0.050521933 0.984456062
1341839351.250314 -1.847054362 -0.486670583 1.165786624 0.085797720 0.145906284 0.053815976 0.984100580
1341839351.281815 -1.849722505 -0.484146506 1.169131160 0.084361292 0.145629600 0.056741893 0.984101415
1341839351.313685 -1.853854418 -0.487155944 1.171946645 0.083096318 0.146750495 0.057486404 0.983999312
1341839351.349765 -1.863263011 -0.487465531 1.174710870 0.083452366 0.147687659 0.057659451 0.983818829
1341839351.381679 -1.867096305 -0.484496891 1.177360535 0.083389893 0.146677941 0.057225455 0.984000504
1341839351.413696 -1.871091127 -0.489702135 1.180343151 0.081718564 0.147156760 0.057956610 0.984026432
1341839351.449764 -1.874969006 -0.492324919 1.184573531 0.082322188 0.146707371 0.059971500 0.983922482
1341839351.481719 -1.880089998 -0.489848554 1.188616037 0.083877064 0.146680847 0.059820391 0.983804286
1341839351.517790 -1.881411552 -0.486193240 1.192237377 0.084224463 0.148287833 0.057017699 0.983700156
1341839351.549827 -1.889755011 -0.489773750 1.193576097 0.082019880 0.151571393 0.059974238 0.983210027
1341839351.581725 -1.891605139 -0.483125746 1.198832393 0.081915513 0.152205169 0.062953584 0.982934535
1341839351.617620 -1.891498685 -0.485541105 1.204251766 0.079333976 0.155131102 0.062932990 0.982690156
1341839351.649704 -1.898505926 -0.482229084 1.208534360 0.081077717 0.161568895 0.062242601 0.981553733
1341839351.685834 -1.902957678 -0.474977672 1.210004807 0.079514205 0.164756179 0.065801710 0.980919480
1341839351.717608 -1.896162868 -0.481709212 1.216154814 0.073609062 0.167916313 0.073870681 0.980269790
1341839351.749650 -1.903896213 -0.487881809 1.220496535 0.074614853 0.174422890 0.079238474 0.978637099
1341839351.785635 -1.911224723 -0.486400813 1.223000646 0.077046238 0.174848512 0.083064154 0.978055358
1341839351.817647 -1.911505461 -0.481653333 1.228986144 0.077503078 0.176045895 0.083667763 0.977752924
1341839351.849702 -1.917838454 -0.486362368 1.229684591 0.077315755 0.182021752 0.088181451 0.976275802
1341839351.885705 -1.927148581 -0.478722930 1.230921030 0.078726992 0.185587794 0.091979019 0.975140572
1341839351.917741 -1.925832272 -0.482470423 1.233413696 0.074062988 0.187784344 0.095581606 0.974738896
1341839351.953548 -1.929135442 -0.487079948 1.234930158 0.072478704 0.190768242 0.096390396 0.974198759
1341839351.985669 -1.935794592 -0.485994577 1.237246871 0.072919875 0.194304943 0.096868224 0.973419130
1341839352.017659 -1.942779899 -0.487861842 1.236444116 0.070553228 0.195965141 0.099412620 0.973004162
1341839352.053670 -1.941324472 -0.490949512 1.240862370 0.067389965 0.194893867 0.099205144 0.973464608
1341839352.085784 -1.945862055 -0.495545834 1.244067669 0.067516863 0.198795289 0.098191835 0.972769380
1341839352.117756 -1.951765895 -0.498790085 1.242479563 0.067744471 0.200134516 0.099153891 0.972381294
1341839352.153657 -1.956584334 -0.494287789 1.247536421 0.067542709 0.201347679 0.099832021 0.972075462
1341839352.185690 -1.952093124 -0.499876767 1.251725316 0.065926857 0.203704268 0.100755453 0.971599996
1341839352.221755 -1.962907553 -0.504027903 1.252241373 0.066612728 0.208694845 0.101353087 0.970431209
1341839352.253746 -1.968950987 -0.506858766 1.255113244 0.066076055 0.208756179 0.104419120 0.970129609
1341839352.285780 -1.966134310 -0.508425415 1.260587215 0.066663109 0.208966240 0.102037683 0.970297575
1341839352.321813 -1.975227714 -0.509517908 1.262927890 0.068161823 0.214794114 0.100264885 0.969104946
1341839352.353802 -1.984392881 -0.512066960 1.263188720 0.067049891 0.216295868 0.105885074 0.968250334
1341839352.385821 -1.978239298 -0.510939419 1.268061519 0.065240338 0.214897081 0.108293295 0.968419075
1341839352.421743 -1.977630734 -0.521028399 1.271574140 0.064709105 0.219237819 0.109092906 0.967391431
1341839352.454124 -1.992194891 -0.523579240 1.268991590 0.068187602 0.221402898 0.110928640 0.966450214
1341839352.489884 -1.991459370 -0.518882632 1.273997545 0.068870194 0.218829349 0.108937763 0.967214108
1341839352.521799 -1.986712217 -0.523299217 1.274958611 0.068840571 0.222795367 0.106675170 0.966562808
1341839352.554196 -2.001331329 -0.522279978 1.276846647 0.070305541 0.229606166 0.108154893 0.964697182
1341839352.592733 -2.004055023 -0.524101973 1.279656887 0.067008503 0.229039237 0.113479413 0.964454949
1341839352.653982 -2.005077124 -0.534660935 1.285618782 0.068109795 0.234095886 0.113625295 0.963145614
1341839352.692762 -2.012715340 -0.530826628 1.285831332 0.069992900 0.234085515 0.112951234 0.963092387
1341839352.757652 -2.015233517 -0.537841022 1.290252328 0.067463435 0.242065683 0.117952518 0.960697711
1341839352.792612 -2.020542860 -0.539631605 1.291156530 0.068137653 0.242689326 0.122565344 0.959915042
1341839352.857774 -2.021964550 -0.541307509 1.295944571 0.067214549 0.245845839 0.120786585 0.959402204
1341839352.889975 -2.030725718 -0.543432891 1.297088027 0.067274444 0.250485957 0.120925158 0.958179533
1341839352.925653 -2.036024332 -0.544251502 1.298090696 0.066381924 0.250649989 0.124712788 0.957713306
1341839352.960853 -2.033897638 -0.542338967 1.301095843 0.065401018 0.251018912 0.125057772 0.957639158
1341839353.025694 -2.041262865 -0.549116910 1.306015015 0.064654663 0.255856097 0.124593288 0.956469536
1341839353.057737 -2.042703390 -0.545221508 1.308819294 0.064876653 0.256171882 0.126260728 0.956151247
1341839353.089840 -2.043804169 -0.550013959 1.310257554 0.062711962 0.258579135 0.127298146 0.955509901
1341839353.125824 -2.047361612 -0.551159203 1.312071443 0.063653432 0.259757102 0.127481833 0.955103576
1341839353.157719 -2.054509163 -0.547699869 1.313747764 0.065001324 0.261800349 0.128759071 0.954283237
1341839353.194047 -2.055185795 -0.547690451 1.315174818 0.062568426 0.261903048 0.129534170 0.954312801
1341839353.225693 -2.054477453 -0.549758494 1.318215847 0.062145058 0.264565974 0.130273938 0.953504860
1341839353.257937 -2.061783552 -0.547190249 1.318090558 0.062438492 0.268093348 0.131716013 0.952301562
1341839353.296799 -2.060143709 -0.550633490 1.320781350 0.058035739 0.269370943 0.133062243 0.952032328
1341839353.335584 -2.061790466 -0.553273261 1.324416399 0.059171543 0.275258780 0.133806273 0.950172186
1341839353.364885 -2.072904110 -0.550071120 1.324440360 0.061187889 0.281389564 0.136857316 0.947811186
1341839353.400775 -2.072182894 -0.552123845 1.326157689 0.058008105 0.281499028 0.142444447 0.947155178
1341839353.432737 -2.068869114 -0.561153829 1.328114271 0.056186240 0.285253644 0.143839449 0.945930064
1341839353.464794 -2.087803602 -0.560318708 1.334972024 0.062736273 0.295526803 0.148010999 0.941711664
1341839353.500731 -2.086230516 -0.560777962 1.333557129 0.062130500 0.292439640 0.150811553 0.942271054
1341839353.532694 -2.083607912 -0.570303321 1.335313797 0.060641561 0.295970142 0.147751361 0.941750407
1341839353.568655 -2.104079962 -0.562574327 1.339462519 0.066476882 0.305669397 0.146775544 0.938405037
1341839353.600699 -2.112361670 -0.562504590 1.341921568 0.064723812 0.307088673 0.152348265 0.937175214
1341839353.663133 -2.122201443 -0.568598688 1.346610427 0.067092709 0.311093539 0.160103440 0.934390843
1341839353.694757 -2.129055977 -0.568942487 1.345847964 0.066889383 0.310773611 0.161796406 0.934220254
1341839353.729840 -2.133486032 -0.574131846 1.351070762 0.064917684 0.313224971 0.160915583 0.933692694
1341839353.762769 -2.143059015 -0.575097740 1.353450775 0.066229627 0.317204565 0.159097970 0.932567835
1341839353.794377 -2.149101973 -0.576613367 1.353285670 0.066311188 0.318024248 0.160779163 0.931994379
1341839353.838101 -2.155744791 -0.579832315 1.353582025 0.065885909 0.318317503 0.163200498 0.931503415
1341839353.900821 -2.172229290 -0.585116506 1.359479666 0.065783925 0.325060487 0.164021224 0.929034531
1341839353.961940 -2.181559563 -0.587407649 1.360143542 0.065347053 0.328970671 0.163326040 0.927810669
1341839354.002030 -2.194181442 -0.588232756 1.364687562 0.066725828 0.334840626 0.166599348 0.925026536
1341839354.039276 -2.197092533 -0.592007279 1.365288854 0.065301061 0.333032519 0.170768961 0.925020576
1341839354.069798 -2.196391106 -0.593933940 1.364176869 0.064449660 0.334522694 0.170224801 0.924642801
1341839354.136831 -2.217657804 -0.593151808 1.369555831 0.066809721 0.340867341 0.169688225 0.922253668
1341839354.198709 -2.233160496 -0.596037030 1.375358582 0.067220502 0.352757007 0.172872514 0.917147219
1341839354.229653 -2.242721796 -0.594971299 1.379197478 0.067848630 0.354314089 0.178517774 0.915417671
1341839354.265645 -2.238568783 -0.604796469 1.378051758 0.064062834 0.351897717 0.180563778 0.916220844
1341839354.297874 -2.247398853 -0.608327270 1.384983182 0.068314828 0.357580721 0.177133203 0.914381146
1341839354.329700 -2.264750004 -0.597915053 1.391391993 0.075042062 0.361226261 0.179033548 0.912047863
1341839354.366440 -2.263513327 -0.605612457 1.390733838 0.070556410 0.358000487 0.183523342 0.912785113
1341839354.397631 -2.263257027 -0.613365412 1.391627669 0.070261933 0.362088591 0.182624742 0.911374390
1341839354.433728 -2.275535345 -0.608104825 1.396694660 0.074288577 0.367519438 0.182400584 0.908922791
1341839354.465726 -2.278141975 -0.611333787 1.398353100 0.072745271 0.366647005 0.187745914 0.908311427
1341839354.497590 -2.277333975 -0.616540253 1.400946498 0.071622059 0.367643923 0.188010663 0.907942832
1341839354.533790 -2.282384634 -0.615538657 1.402054667 0.073732734 0.369288057 0.185453668 0.907632470
1341839354.565585 -2.288810968 -0.617724478 1.407822251 0.074396387 0.370671958 0.184373394 0.907234251
1341839354.597739 -2.293489695 -0.616932988 1.410123229 0.075973488 0.371707499 0.185191303 0.906512976
1341839354.633631 -2.293439627 -0.623614013 1.412500143 0.073596254 0.371825844 0.186063960 0.906481862
1341839354.665662 -2.298655748 -0.622775435 1.416501880 0.075387783 0.373065561 0.184109300 0.906224370
1341839354.701725 -2.303823709 -0.618547976 1.419141173 0.075535782 0.374123126 0.183799297 0.905838847
1341839354.733850 -2.307619333 -0.618279755 1.423604965 0.074167654 0.376514554 0.187262699 0.904250324
1341839354.765676 -2.308013916 -0.626385629 1.426353812 0.071280725 0.377030432 0.192158490 0.903239846
1341839354.801718 -2.308445930 -0.632104099 1.430562377 0.070955426 0.375524282 0.193657577 0.903572679
1341839354.833783 -2.312453032 -0.630161941 1.434218168 0.072841071 0.376735091 0.190641493 0.903559983
1341839354.865709 -2.319354773 -0.628697455 1.438955903 0.073090576 0.379382581 0.191234827 0.902305841
1341839354.901667 -2.320411444 -0.628941000 1.442611217 0.072759777 0.379499733 0.194635898 0.901555777
1341839354.934160 -2.322103977 -0.631596565 1.447043538 0.071779355 0.382266939 0.195870042 0.900196970
1341839354.969722 -2.324548483 -0.634242237 1.449282646 0.069700740 0.384530514 0.198149636 0.898896456
1341839355.001769 -2.325691462 -0.635687172 1.454414010 0.069519840 0.386412859 0.199345663 0.897838175
1341839355.033737 -2.326822758 -0.635182858 1.459492445 0.070290141 0.389591426 0.198796064 0.896525502
1341839355.069614 -2.331587315 -0.633514643 1.465421438 0.071594246 0.394186467 0.202028841 0.893686533
1341839355.101644 -2.330058813 -0.636626661 1.469468236 0.068048038 0.394434303 0.204909399 0.893198311
1341839355.137540 -2.326814651 -0.645950675 1.474027038 0.065795742 0.400787145 0.204928219 0.890530765
1341839355.169571 -2.338213205 -0.638651192 1.487260818 0.070866033 0.408650786 0.208566576 0.885710180
1341839355.201782 -2.329097748 -0.648328006 1.493042231 0.065080866 0.407129735 0.215536416 0.885185778
1341839355.237716 -2.323128939 -0.655050457 1.492086649 0.065146185 0.410674512 0.215977252 0.883434355
1341839355.269692 -2.333637714 -0.646947324 1.502669096 0.070284732 0.418954134 0.216813490 0.878936529
1341839355.301664 -2.331764936 -0.650804758 1.509594917 0.066862233 0.418734103 0.223453835 0.877644300
1341839355.337641 -2.326744318 -0.659133852 1.510785818 0.065002851 0.419980168 0.224094793 0.877025008
1341839355.369662 -2.335018635 -0.650482237 1.514613509 0.070400417 0.425812453 0.220405176 0.874728024
1341839355.405658 -2.339493513 -0.645747960 1.519756198 0.069636367 0.430209905 0.221517771 0.872353196
1341839355.437662 -2.338412523 -0.643099129 1.519237280 0.068324447 0.433710933 0.227542728 0.869166791
1341839355.469766 -2.336330175 -0.654710889 1.515324593 0.060777504 0.436940849 0.236689061 0.865659893
1341839355.505709 -2.334423542 -0.662633300 1.519849658 0.058493059 0.440207690 0.239017263 0.863519847
1341839355.537653 -2.335073471 -0.665214121 1.520694852 0.058218542 0.441213071 0.238161862 0.863261580
1341839355.569708 -2.338597059 -0.669662952 1.524679899 0.057351779 0.444404811 0.235678077 0.862363577
1341839355.605674 -2.341998816 -0.665718555 1.527364612 0.058519594 0.446785569 0.233085409 0.861759424
1341839355.637635 -2.345584631 -0.667154670 1.530137062 0.058487412 0.449506462 0.234401286 0.859987915
1341839355.673801 -2.345577002 -0.671544015 1.531498194 0.056464732 0.450985730 0.237470672 0.858505249
1341839355.706928 -2.344321251 -0.673686743 1.535083532 0.055948775 0.452781826 0.238096267 0.857419670
1341839355.739271 -2.347220182 -0.675757349 1.539598584 0.057330690 0.455872566 0.236144900 0.856229484
1341839355.774038 -2.356907129 -0.671330392 1.550587535 0.060216829 0.461504638 0.236650631 0.852868021
1341839355.807663 -2.356186390 -0.678503275 1.553630710 0.057730161 0.461899489 0.238902986 0.852198005
1341839355.840813 -2.357048512 -0.679511428 1.555216789 0.059077919 0.463728935 0.237940788 0.851380885
1341839355.877042 -2.365815163 -0.672073841 1.559232116 0.062202472 0.467400163 0.238677263 0.848941147
1341839355.909353 -2.363515139 -0.682450175 1.563406110 0.056985062 0.467932969 0.243833229 0.847547531
1341839355.942231 -2.363981724 -0.687121749 1.567587495 0.056726407 0.469970763 0.244292542 0.846304178
1341839355.975397 -2.370422602 -0.687431574 1.572100639 0.057616953 0.472707003 0.244351685 0.844701469
1341839356.041875 -2.365978956 -0.704625487 1.579569101 0.053161029 0.470639765 0.242205158 0.846763730
1341839356.073705 -2.378447771 -0.695984185 1.587030649 0.060633164 0.475673974 0.239705518 0.844155848
1341839356.109646 -2.382723808 -0.697898686 1.592999101 0.061223011 0.474982679 0.246171579 0.842640340
1341839356.141613 -2.377424479 -0.708507478 1.592225432 0.058724724 0.473648459 0.251129270 0.842106044
1341839356.173695 -2.382029772 -0.709759116 1.595235705 0.061400682 0.477666944 0.254060775 0.838759422
1341839356.209623 -2.386198759 -0.711620450 1.599316359 0.059717625 0.478750885 0.256437540 0.837538779
1341839356.241797 -2.382944107 -0.719374657 1.601328731 0.057263374 0.478419363 0.258937240 0.837130427
1341839356.273709 -2.385410070 -0.721415222 1.603786111 0.059440251 0.479886532 0.261374682 0.835379541
1341839356.309737 -2.387886286 -0.723050356 1.606616616 0.060319833 0.480918020 0.264575005 0.833714247
1341839356.342107 -2.386844158 -0.729833782 1.609210491 0.057010118 0.480279654 0.264679015 0.834281921
1341839356.377576 -2.384341240 -0.736960590 1.609875560 0.053910717 0.481361717 0.261877030 0.834748447
1341839356.409746 -2.391030550 -0.731787086 1.614213586 0.056861777 0.485105932 0.260247737 0.832892597
1341839356.441728 -2.392344236 -0.732737362 1.616568565 0.055332262 0.485422254 0.262059540 0.832242966
1341839356.477618 -2.392069340 -0.734465778 1.617664814 0.055089436 0.487231404 0.263378024 0.830784380
1341839356.509661 -2.396928072 -0.732226372 1.622224569 0.055998351 0.491262376 0.266157240 0.827457428
1341839356.541721 -2.395197392 -0.736632347 1.624752283 0.052368667 0.492963433 0.269395053 0.825633645
1341839356.577645 -2.396186590 -0.739068687 1.628368855 0.050797723 0.495530546 0.269419044 0.824185908
1341839356.609851 -2.398872852 -0.739080667 1.633892894 0.050158713 0.498587668 0.269446611 0.822370350
1341839356.645767 -2.400204897 -0.739304245 1.635740519 0.049556080 0.500448823 0.272137523 0.820387900
1341839356.678001 -2.399853468 -0.744944692 1.640537024 0.047238704 0.502464533 0.273436457 0.818859220
1341839356.710350 -2.398350954 -0.750393093 1.642430544 0.045605838 0.504868031 0.272283852 0.817856908
1341839356.745869 -2.403732300 -0.748210430 1.648448706 0.049270958 0.509026527 0.272452831 0.815005422
1341839356.777797 -2.406816483 -0.747740626 1.653578997 0.049759138 0.510708869 0.274196237 0.813336909
1341839356.809816 -2.403316975 -0.758754134 1.652786255 0.047048848 0.512567937 0.276312888 0.811610520
1341839356.845743 -2.411911011 -0.757599294 1.662646055 0.053114720 0.518840492 0.278313696 0.806551218
1341839356.877920 -2.417598248 -0.756094992 1.666336417 0.055102408 0.519225240 0.281331122 0.805122137
1341839356.913773 -2.413081169 -0.770418465 1.665091395 0.047756761 0.521142125 0.281028330 0.804458380
1341839356.945674 -2.424019814 -0.767001271 1.677301407 0.054138456 0.530379593 0.279821664 0.798414886
1341839356.978071 -2.433077335 -0.765824080 1.687668204 0.057400245 0.532007098 0.282554895 0.796138406
1341839357.013875 -2.426936626 -0.779956460 1.678745747 0.051879440 0.530034423 0.284683228 0.797074318
1341839357.046119 -2.439771891 -0.773209453 1.689848661 0.060044505 0.539290786 0.284781009 0.790227711
1341839357.077637 -2.452478409 -0.767452955 1.699292421 0.063881978 0.540809333 0.289419800 0.787197888
1341839357.113828 -2.445307016 -0.783834338 1.693066120 0.053156059 0.538823009 0.292361826 0.788269460
1341839357.146265 -2.450299501 -0.792494476 1.702234507 0.054142851 0.548327327 0.291599065 0.781905174
1341839357.181688 -2.466072559 -0.783216298 1.717834711 0.061649825 0.552345037 0.293244928 0.777895629
1341839357.213772 -2.466195107 -0.791546404 1.719511628 0.055988748 0.548632801 0.297602892 0.779294431
1341839357.245874 -2.464613199 -0.801993906 1.722807527 0.053241249 0.550956488 0.297630757 0.777835667
1341839357.281713 -2.475461960 -0.802027404 1.736041427 0.057125784 0.554933608 0.295924097 0.775380075
1341839357.313694 -2.482829094 -0.800702155 1.736866832 0.058873460 0.553679228 0.296821356 0.775803030
1341839357.349699 -2.484084368 -0.808165133 1.738314509 0.055285305 0.555614412 0.296963423 0.774628222
1341839357.381667 -2.491718054 -0.806630135 1.748168349 0.059953015 0.560906708 0.299201071 0.769589543
1341839357.413685 -2.496030092 -0.808569312 1.757981777 0.061039023 0.561783135 0.303813666 0.767053604
1341839357.449934 -2.490703106 -0.822975934 1.756761909 0.055172581 0.560945988 0.304400653 0.767877519
1341839357.481712 -2.500082016 -0.820984781 1.760480046 0.058354665 0.565177500 0.299381346 0.766511559
1341839357.514990 -2.511763811 -0.818812609 1.775281072 0.061491564 0.569521189 0.300998628 0.762406886
1341839357.549742 -2.510323524 -0.827659965 1.780619740 0.058911808 0.568578005 0.305514783 0.761517644
1341839357.581606 -2.505522728 -0.839298069 1.775500059 0.053243827 0.569152236 0.303920776 0.762143672
1341839357.617709 -2.514060736 -0.833794355 1.786707640 0.058121067 0.575346708 0.300529569 0.758472204
1341839357.649699 -2.525325537 -0.829684079 1.802506447 0.061605155 0.577238619 0.303356111 0.755629182
1341839357.681817 -2.515960217 -0.842023909 1.798118114 0.054588836 0.573550880 0.307002187 0.757501900
1341839357.717860 -2.513883114 -0.848420918 1.803130507 0.052957006 0.578214824 0.304088861 0.755243778
1341839357.749666 -2.527226448 -0.846014559 1.823292375 0.057504863 0.582608402 0.302539647 0.752150536
1341839357.781642 -2.521874189 -0.849997222 1.821588874 0.053552840 0.576597035 0.303801358 0.756553173
1341839357.817823 -2.517269373 -0.857935309 1.819496751 0.051999640 0.577757239 0.301930189 0.756525457
1341839357.849808 -2.528250456 -0.851577163 1.836200953 0.057752959 0.582235992 0.300052077 0.753415287
1341839357.885736 -2.529436588 -0.859032571 1.842586517 0.055809174 0.579589963 0.303521305 0.754211903
1341839357.917751 -2.521917582 -0.869949758 1.838543773 0.050926678 0.577191472 0.303852201 0.756260753
1341839357.949690 -2.525624990 -0.865284026 1.847429633 0.054572083 0.580688715 0.299985915 0.754871488
1341839357.985623 -2.532944441 -0.864495695 1.859215617 0.054792754 0.581037104 0.299283981 0.754866004
1341839358.017650 -2.521838903 -0.874149799 1.854344487 0.049313691 0.578287661 0.300033271 0.757054508
1341839358.049655 -2.527012110 -0.870983601 1.860628843 0.051333744 0.581854880 0.295559525 0.755945981
1341839358.085737 -2.531711340 -0.865547657 1.870957255 0.052848689 0.582969844 0.295576125 0.754975438
1341839358.117637 -2.524212122 -0.876164854 1.873609304 0.049316995 0.582740843 0.298323244 0.754310429
1341839358.153715 -2.530133724 -0.869248390 1.877740741 0.052624039 0.583807528 0.297236919 0.753690660
1341839358.185844 -2.528018236 -0.874533296 1.884361148 0.048960537 0.584491551 0.297866195 0.753158867
1341839358.217797 -2.528795004 -0.875025749 1.889503956 0.049174946 0.586496532 0.298521101 0.751324654
1341839358.253652 -2.534483433 -0.869785607 1.897273898 0.051293757 0.587476015 0.300251514 0.749726534
1341839358.285679 -2.529852867 -0.880512714 1.898758411 0.045103140 0.586641312 0.303070068 0.749644101
1341839358.321849 -2.522841454 -0.889391243 1.906440854 0.041452054 0.588912249 0.302021980 0.748496413
1341839358.353846 -2.531010151 -0.882232964 1.916799188 0.045513634 0.590444624 0.298893631 0.748308957
1341839358.385731 -2.527113199 -0.885789156 1.920323849 0.041690357 0.587885499 0.300004393 0.750099957
1341839358.428825 -2.518539906 -0.899576485 1.926496148 0.038458291 0.589964151 0.300444603 0.748462617
1341839358.485748 -2.522839069 -0.903517365 1.940694809 0.040952619 0.589949071 0.298547119 0.749101162
1341839358.521915 -2.522966146 -0.909390688 1.945877552 0.044550408 0.590175450 0.300836980 0.747800291
1341839358.554900 -2.528544188 -0.908975661 1.948228002 0.048184372 0.590467870 0.303462863 0.746281564
1341839358.589775 -2.528270721 -0.915142655 1.952583194 0.044854965 0.591275156 0.305448174 0.745038986
1341839358.621650 -2.529598475 -0.918135047 1.957396269 0.043732200 0.593055069 0.307486445 0.742849350
1341839358.653706 -2.531105042 -0.922104836 1.965345144 0.044257823 0.595157981 0.312031388 0.739232421
1341839358.689824 -2.526350737 -0.935915709 1.971677303 0.040846255 0.595322728 0.315192431 0.737954021
1341839358.721953 -2.519607544 -0.950272024 1.974638343 0.037365764 0.596372962 0.313291311 0.738100052
1341839358.753862 -2.526911974 -0.945647478 1.988050103 0.043296397 0.599542856 0.308936685 0.737042665
1341839358.790019 -2.531287909 -0.940314710 1.993405104 0.047534492 0.596992314 0.309694111 0.738532484
1341839358.822338 -2.526646376 -0.948617518 1.993931293 0.043810777 0.595484018 0.311676532 0.739146233
1341839358.857645 -2.524060249 -0.956206083 2.002669096 0.042620879 0.597890735 0.310988158 0.737561166
1341839358.890250 -2.532141447 -0.949783683 2.010487080 0.048291534 0.598334610 0.309712231 0.737388551
1341839358.921681 -2.530515432 -0.956302524 2.013978958 0.044763356 0.596404135 0.311633408 0.738365054
1341839358.957797 -2.527656078 -0.964071572 2.018802881 0.041764613 0.598104954 0.311789811 0.737097919
1341839358.989760 -2.535010576 -0.958980501 2.029463530 0.045916405 0.600220203 0.311925590 0.735071301
1341839359.021775 -2.534532785 -0.964820385 2.038583279 0.043754742 0.597847223 0.315651506 0.735546291
1341839359.058198 -2.528081894 -0.974049211 2.038312197 0.039077934 0.597004831 0.316428006 0.736159921
1341839359.090576 -2.533238649 -0.972129881 2.046632767 0.041582000 0.599259794 0.315385610 0.734636366
1341839359.125670 -2.534698725 -0.975200772 2.055855274 0.042466618 0.598760128 0.316605985 0.734468222
1341839359.157815 -2.530582905 -0.983389914 2.054349661 0.039341953 0.597145855 0.317859501 0.735414386
1341839359.189878 -2.531499386 -0.987262726 2.059695482 0.039480094 0.599474072 0.317669213 0.733592808
1341839359.225701 -2.537781239 -0.983231425 2.068192482 0.043557368 0.600175202 0.318213969 0.732551932
1341839359.257833 -2.535356998 -0.991805971 2.069365740 0.038735881 0.598801672 0.320129395 0.733111978
1341839359.289696 -2.530690908 -0.999442041 2.073172092 0.035503414 0.600570858 0.319225788 0.732222021
1341839359.325740 -2.538873196 -0.993315339 2.081251621 0.040202558 0.602021277 0.317687929 0.731456459
1341839359.357773 -2.537984610 -0.998380423 2.088716269 0.038346753 0.599384904 0.319352776 0.732994616
1341839359.393816 -2.525516987 -1.016690493 2.089035511 0.028474625 0.599189639 0.317274898 0.734505057
1341839359.425656 -2.535738468 -1.004422545 2.095771313 0.036848839 0.601673245 0.313887149 0.733557343
1341839359.457834 -2.540722847 -1.001687050 2.106192589 0.040309474 0.599247038 0.316447228 0.734261096
1341839359.493854 -2.528332710 -1.018519998 2.106412649 0.031269170 0.597245812 0.317342997 0.735943675
1341839359.525792 -2.533865929 -1.014212608 2.111119986 0.034806158 0.599465728 0.313596398 0.735585928
1341839359.561753 -2.542232990 -1.009705782 2.121728897 0.039085586 0.598708808 0.314182699 0.735737264
1341839359.593701 -2.531678915 -1.024486542 2.123700142 0.032981869 0.595702589 0.316974699 0.737277210
1341839359.625855 -2.530119419 -1.030463099 2.127538443 0.033376504 0.597684979 0.314539254 0.736697853
1341839359.661931 -2.537417889 -1.024915934 2.138147831 0.038758177 0.598705530 0.312312692 0.736553013
1341839359.694317 -2.534346581 -1.032341123 2.141079426 0.037533626 0.596929729 0.314713210 0.737035811
1341839359.725654 -2.533064604 -1.037182331 2.146212578 0.037651356 0.597703338 0.316160977 0.735782146
1341839359.761764 -2.535351276 -1.039790988 2.152769327 0.038385440 0.597810447 0.315485656 0.735947073
1341839359.793778 -2.530212879 -1.047724605 2.156624794 0.034227323 0.597032845 0.314111561 0.737369835
1341839359.829763 -2.532095909 -1.049972653 2.162042379 0.035276182 0.599232852 0.312462568 0.736235499
1341839359.861821 -2.539469957 -1.044072509 2.167824507 0.038647838 0.599308908 0.313270360 0.735660791
1341839359.893806 -2.529625177 -1.058714986 2.173921824 0.033371590 0.599465311 0.316071570 0.734592676
1341839359.929773 -2.532988787 -1.060078859 2.179916859 0.036928281 0.601049125 0.313039571 0.734426618
1341839359.961730 -2.535653353 -1.060536742 2.188255787 0.039184153 0.602472246 0.313584238 0.732909799
1341839359.993743 -2.536498785 -1.066055894 2.197044849 0.039904665 0.601409912 0.315101415 0.733092666
1341839360.029722 -2.527810097 -1.078255892 2.199435234 0.034614343 0.601307511 0.314508319 0.733699977
1341839360.062441 -2.537948370 -1.075793028 2.207728624 0.040383734 0.604377687 0.312173516 0.731877327
1341839360.100910 -2.547628403 -1.070103288 2.216495752 0.044483077 0.603148162 0.316185504 0.730931103
1341839360.138191 -2.536391973 -1.087646484 2.223331928 0.038064755 0.603791535 0.320729226 0.728779495
1341839360.202419 -2.551160097 -1.084423065 2.242170572 0.045706324 0.604575455 0.323039353 0.726667106
1341839360.237476 -2.542961597 -1.096791387 2.243349314 0.040521268 0.602243364 0.326001734 0.727587640
1341839360.270870 -2.546165705 -1.099179149 2.250079632 0.040747572 0.603942454 0.323439807 0.727310002
1341839360.305510 -2.551010132 -1.100961208 2.261513710 0.042594165 0.604545653 0.321323276 0.727641165
1341839360.337571 -2.550856352 -1.106947899 2.266460419 0.042409249 0.603768826 0.322219253 0.727900684
1341839360.373429 -2.552480221 -1.111544132 2.270103693 0.041188829 0.604012191 0.322282314 0.727740884
1341839360.404820 -2.552418947 -1.117614865 2.279693604 0.038757775 0.604244173 0.321236759 0.728144050
1341839360.473319 -2.560486555 -1.118519545 2.295429945 0.043766625 0.607187808 0.319252819 0.726281643
1341839360.533800 -2.555257320 -1.135807157 2.309679031 0.040404081 0.606409192 0.317200720 0.728024125
1341839360.565814 -2.561990738 -1.136388659 2.316137791 0.044184923 0.607284784 0.315185487 0.727949858
1341839360.597672 -2.563590527 -1.143047094 2.319948673 0.044338405 0.606868267 0.318536073 0.726828575
1341839360.633651 -2.563922882 -1.147440910 2.327253342 0.045863993 0.606859505 0.320518047 0.725869298
1341839360.665719 -2.563157797 -1.155676484 2.338087559 0.045928113 0.608746111 0.319584489 0.724696100
1341839360.697813 -2.568695307 -1.157227397 2.341564894 0.049934100 0.607466280 0.318141133 0.726138711
1341839360.733668 -2.569051981 -1.165132165 2.350752592 0.049644861 0.607119083 0.316354156 0.727228820
1341839360.765793 -2.566501856 -1.177951336 2.356625319 0.047100727 0.608461738 0.315750539 0.726537943
1341839360.801703 -2.569640160 -1.188259125 2.363678217 0.048345614 0.610590339 0.318437874 0.723491132
1341839360.833770 -2.580204010 -1.180875301 2.366877794 0.056421455 0.606662154 0.320016950 0.725511372
1341839360.865733 -2.575746536 -1.180827379 2.376306295 0.056473736 0.606735229 0.315288305 0.727513790
1341839360.901705 -2.574032068 -1.200059891 2.386649609 0.053751033 0.610978842 0.313332826 0.725009084
1341839360.965737 -2.577781677 -1.208491921 2.397445917 0.056286797 0.609025002 0.318022907 0.724418223
1341839361.002321 -2.577708244 -1.210534453 2.405642509 0.058408793 0.611550570 0.315172255 0.723367631
1341839361.034750 -2.582151175 -1.216966510 2.406410217 0.060772084 0.610325754 0.316503853 0.723625958
1341839361.103706 -2.580718279 -1.219082117 2.426220655 0.060851697 0.611459792 0.310755134 0.725151837
1341839361.169933 -2.578240395 -1.232417583 2.424249649 0.059775352 0.604012489 0.318238854 0.728230596
1341839361.201826 -2.578322887 -1.237308621 2.448128700 0.058675643 0.612093270 0.313437849 0.723640621
1341839361.233920 -2.575673580 -1.250137448 2.442086697 0.057685211 0.610329390 0.318825573 0.722855926
1341839361.269703 -2.571814537 -1.251790404 2.438431740 0.057655957 0.602586448 0.324019551 0.727032840
1341839361.301843 -2.576500416 -1.239524126 2.461651325 0.061494969 0.607784331 0.313592702 0.726963699
1341839361.337686 -2.575930119 -1.252872348 2.467238665 0.061031196 0.611431181 0.312906235 0.724235296
1341839361.369755 -2.575393915 -1.262386084 2.454661846 0.060328282 0.604148865 0.320421666 0.727113843
1341839361.401618 -2.576855183 -1.252147675 2.467556238 0.064112149 0.603866696 0.316105664 0.728911400
1341839361.437742 -2.572321653 -1.262630939 2.481928587 0.059891149 0.609515548 0.312429935 0.726148307
1341839361.469756 -2.576203585 -1.267244697 2.473541021 0.060295317 0.606176913 0.313128620 0.728604496
1341839361.501612 -2.570516348 -1.275955558 2.470743179 0.057081632 0.600044787 0.320320159 0.730809808
1341839361.537722 -2.572466373 -1.268571615 2.498018503 0.059038550 0.607607782 0.313880295 0.727190733
1341839361.570767 -2.572172403 -1.273755550 2.494271278 0.059711661 0.606596828 0.313275337 0.728239894
1341839361.607329 -2.567967653 -1.283566952 2.490287542 0.054498389 0.602224171 0.316713095 0.730786443
1341839361.637921 -2.570460796 -1.278713822 2.510088682 0.055558871 0.606774449 0.312181294 0.728890121
1341839361.708855 -2.563846588 -1.298732042 2.513567686 0.052585565 0.608393312 0.320863307 0.723974466
1341839361.773844 -2.566658258 -1.281063676 2.532249212 0.061929062 0.612123132 0.315896392 0.722273886
1341839361.805953 -2.567382574 -1.289243221 2.525582552 0.063458622 0.607956290 0.316623390 0.725335658
1341839361.838183 -2.559737682 -1.309172630 2.535438538 0.055754278 0.608156145 0.319132179 0.724701464
1341839361.874230 -2.556275845 -1.319532514 2.550676823 0.051009916 0.615047455 0.318980157 0.719281793
1341839361.905976 -2.561189413 -1.317921638 2.546710491 0.055005107 0.613523722 0.322438210 0.718746603
1341839361.937796 -2.562606096 -1.310520649 2.548886299 0.057994742 0.611183882 0.321194291 0.721058309
1341839361.973701 -2.561551571 -1.303339243 2.557552814 0.059167940 0.614052773 0.312493414 0.722347677
1341839362.041796 -2.558063984 -1.322144508 2.557995558 0.061130226 0.608563244 0.318578482 0.724169612
1341839362.073699 -2.560907364 -1.307965279 2.586292744 0.065377377 0.615954816 0.305311471 0.723263681
1341839362.105993 -2.552811384 -1.335828781 2.568315268 0.059218548 0.610324383 0.310206115 0.726477444
1341839362.141822 -2.559127808 -1.336074233 2.570053339 0.062482610 0.607441366 0.311794668 0.727938890
1341839362.173985 -2.547912359 -1.351948023 2.582794666 0.056643412 0.610117674 0.315806806 0.724440455
1341839362.205875 -2.552662849 -1.348033667 2.585041523 0.059469145 0.609984815 0.314682692 0.724814951
1341839362.244887 -2.559824467 -1.338752985 2.590588331 0.064451344 0.608778358 0.310093373 0.727376819
1341839362.309785 -2.556821108 -1.350387335 2.596398115 0.060132593 0.607319832 0.310364097 0.728848994
1341839362.342269 -2.560378551 -1.350149035 2.603601456 0.061677638 0.606943130 0.308428317 0.729854703
1341839362.376908 -2.558033466 -1.359417558 2.613714933 0.058068115 0.609534979 0.308177024 0.728094816
1341839362.411098 -2.563674927 -1.362704396 2.619538069 0.060448639 0.610210657 0.308727562 0.727101207
1341839362.441894 -2.567350388 -1.360549927 2.621028185 0.063167855 0.606115162 0.309709191 0.729872882
1341839362.473911 -2.560126543 -1.370734572 2.629411221 0.057357274 0.606746614 0.310675234 0.729417264
1341839362.509604 -2.563388348 -1.364745378 2.639569998 0.059501536 0.609958827 0.304925203 0.728992701
1341839362.542263 -2.571012735 -1.366148472 2.632480383 0.062036574 0.604686141 0.304439425 0.733363986
1341839362.577920 -2.565813303 -1.379683018 2.640887260 0.057252757 0.604234874 0.309371293 0.732059956
1341839362.617027 -2.562881231 -1.378734350 2.651529551 0.056935288 0.606641352 0.308320731 0.730536103
1341839362.649381 -2.566888094 -1.386588335 2.651513815 0.059691180 0.604393005 0.311736047 0.730730236
1341839362.680757 -2.568760633 -1.385800838 2.656270266 0.060284097 0.599214673 0.312347025 0.734674692
1341839362.716808 -2.567375660 -1.379182339 2.675375462 0.058848478 0.605242431 0.304667711 0.733073056
1341839362.748683 -2.568416834 -1.391958356 2.670713902 0.062096767 0.605038106 0.310341388 0.730589569
1341839362.784611 -2.571373224 -1.391581178 2.675102472 0.065491058 0.601995945 0.314567208 0.730998755
1341839362.817010 -2.564908028 -1.380756497 2.685170174 0.062682807 0.604837954 0.305616528 0.732693970
1341839362.848690 -2.564610243 -1.392159224 2.685786486 0.064412385 0.607155085 0.306529939 0.730241835
1341839362.884665 -2.575693846 -1.388104916 2.681007147 0.067413308 0.603587747 0.304946303 0.733583689
1341839362.916719 -2.564954281 -1.395386219 2.685437202 0.062137384 0.603400111 0.306552052 0.733534694
1341839362.952744 -2.562547922 -1.396818399 2.686557055 0.061931159 0.604816973 0.303751171 0.733550370
1341839362.984817 -2.569071054 -1.401852846 2.687862158 0.062520780 0.604703784 0.304638892 0.733225465
1341839363.016656 -2.570220470 -1.404900312 2.691624641 0.062152769 0.602852821 0.308237493 0.733276963
1341839363.052768 -2.565764666 -1.404173374 2.696071625 0.058761388 0.602297366 0.307463616 0.734337151
1341839363.084854 -2.564770937 -1.403856516 2.698379755 0.058857620 0.604221642 0.305495739 0.733569562
1341839363.120843 -2.569650173 -1.409436703 2.698886395 0.059534118 0.603212953 0.308162749 0.733229458
1341839363.152798 -2.565552235 -1.407318115 2.701843023 0.058086425 0.601882100 0.308019400 0.734498382
1341839363.184717 -2.566107273 -1.407398701 2.702837944 0.058710132 0.602975428 0.307006508 0.733975947
1341839363.220795 -2.571717262 -1.407600760 2.707131624 0.058883321 0.603343904 0.308301061 0.733116150
1341839363.252661 -2.563327551 -1.405173779 2.707534552 0.056606177 0.602766752 0.308049768 0.733875513
1341839363.289488 -2.564926386 -1.408083081 2.706907272 0.058238652 0.603313923 0.307485878 0.733534575
1341839363.320701 -2.572615623 -1.404888868 2.710344315 0.058118630 0.603781879 0.307203859 0.733277202
1341839363.352737 -2.566929102 -1.406141162 2.709354401 0.055681154 0.603455842 0.311269701 0.732018948
1341839363.388748 -2.559551954 -1.407179236 2.708444118 0.056591962 0.603257954 0.311460167 0.732031226
1341839363.420760 -2.563571215 -1.406067967 2.710023642 0.056981083 0.603489995 0.307277769 0.733575761
1341839363.452907 -2.564535618 -1.406445980 2.711457491 0.054160859 0.603315949 0.304868340 0.734936535
1341839363.488720 -2.563570976 -1.408481240 2.708715200 0.054552268 0.602542400 0.306539595 0.734847069
1341839363.520904 -2.563663244 -1.410622954 2.710577488 0.057582941 0.601903796 0.309105754 0.734063804
1341839363.556678 -2.561645746 -1.408150196 2.714930773 0.055336632 0.602353811 0.305772096 0.735262632
1341839363.588713 -2.561092377 -1.411543965 2.713657856 0.054593295 0.603080451 0.305187672 0.734965324
1341839363.621300 -2.570221901 -1.414449573 2.715430975 0.058046766 0.602668226 0.309885114 0.733070791
1341839363.656723 -2.564077377 -1.411800623 2.719009638 0.057661846 0.600768209 0.314081728 0.732874751
1341839363.713784 -2.565367460 -1.416393161 2.721134424 0.059329513 0.601656437 0.310906202 0.733366787
1341839363.749630 -2.568223715 -1.416433930 2.725311756 0.057576679 0.600018442 0.313294977 0.733831763
1341839363.781815 -2.561298370 -1.415122151 2.725367546 0.056476649 0.599849284 0.313729078 0.733870089
1341839363.818286 -2.563145161 -1.418511033 2.727150917 0.057739429 0.600386441 0.314447135 0.733024716
1341839363.849647 -2.564879656 -1.416397810 2.730963707 0.056846380 0.599498928 0.312966883 0.734453022
1341839363.881834 -2.564233541 -1.416624308 2.731674194 0.055718359 0.599485040 0.312519103 0.734741449
1341839363.917748 -2.568862677 -1.417996287 2.732177734 0.056558378 0.598482668 0.314658284 0.734581411
1341839363.949819 -2.565459728 -1.412173510 2.736124039 0.053654090 0.599041998 0.311389148 0.735735476
1341839363.985653 -2.566901445 -1.414951921 2.735001326 0.051025115 0.600217581 0.310087621 0.735514104
1341839364.017757 -2.571337461 -1.417844057 2.734160900 0.051658615 0.598708510 0.313838631 0.735108733
1341839364.049845 -2.566480875 -1.414573908 2.736262083 0.049904287 0.598107636 0.314670980 0.735363185
1341839364.085748 -2.564147472 -1.415485620 2.736932278 0.050372124 0.598959386 0.315375835 0.734335363
1341839364.117780 -2.565674782 -1.415679336 2.738421440 0.049719043 0.598591447 0.313749135 0.735375941
1341839364.149747 -2.566911459 -1.415156603 2.739432573 0.048845459 0.597625315 0.310512304 0.737590790
1341839364.185688 -2.570225954 -1.414967060 2.738923550 0.046785682 0.597457528 0.309738487 0.738185465
1341839364.217822 -2.569590807 -1.414054632 2.739063740 0.048188321 0.598050475 0.312588781 0.736411452
1341839364.253826 -2.567615986 -1.417664289 2.739077330 0.048827384 0.597454727 0.315832406 0.735468328
1341839364.286246 -2.565822840 -1.413187146 2.740167141 0.048521534 0.597767532 0.314420313 0.735839367
1341839364.317704 -2.565379381 -1.413433671 2.739279985 0.047542274 0.598646224 0.313471466 0.735593677
1341839364.353723 -2.567026138 -1.412832737 2.737281561 0.047781788 0.598197162 0.313946873 0.735740721
1341839364.385804 -2.564926863 -1.412351847 2.736082792 0.047473423 0.597851336 0.314917326 0.735627055
