0.000000 0.000000000 0.000000000 0.000000000 0.000000000 0.000000000 0.000000000 1.000000000
1.000000 -0.002255911 0.006277656 0.003222218 0.002153276 0.000728871 -0.000380170 0.999997318
2.000000 -0.000736250 0.013065806 0.002817555 0.000834325 0.001134964 -0.000561702 0.999998868
3.000000 -0.001270692 0.006790966 0.001954522 -0.002302282 0.000943691 0.000125253 0.999996901
4.000000 -0.001150810 0.004523932 0.001045649 -0.001737807 0.000741374 0.000657809 0.999997973
5.000000 -0.001900428 0.009261780 0.002072301 -0.000932158 0.000923650 0.000796544 0.999998808
6.000000 -0.001457572 0.009400762 0.003088881 -0.002153322 0.000721176 0.001122524 0.999996781
7.000000 0.000342679 0.007848830 0.002356063 -0.002788850 0.000368848 0.001423673 0.999994993
8.000000 -0.002829771 0.009669334 0.002326724 -0.002042732 0.000986112 0.001696857 0.999996006
9.000000 0.000101982 0.010292944 0.002720128 -0.002021693 0.000769001 0.001484143 0.999996543
10.000000 0.004065120 0.008509570 0.002534945 -0.002580601 0.000551461 0.001579104 0.999995291
11.000000 0.004117481 0.009431629 0.001648873 -0.002663237 0.000624010 0.002109943 0.999994040
12.000000 0.002807947 0.006896809 0.001221066 -0.002846768 0.000871756 0.002495263 0.999992430
13.000000 0.000682480 0.006604646 0.000897558 -0.002504920 0.001152914 0.003135283 0.999991298
14.000000 0.001272787 0.006577952 0.000549698 -0.002112081 0.000895952 0.003146512 0.999992430
15.000000 0.003376135 0.004411174 0.000556651 -0.002129212 0.000464807 0.003132574 0.999992728
16.000000 0.003373137 0.005470964 0.000141397 -0.001570304 0.000492168 0.002852388 0.999994576
17.000000 0.003500569 0.006938778 0.000187550 -0.001080253 0.000575975 0.002764099 0.999995410
18.000000 0.003252268 0.004903964 -0.000173201 -0.000961576 0.001168663 0.002023347 0.999996781
19.000000 0.005287959 0.004322096 -0.000778418 -0.000757845 0.001490214 0.002064067 0.999996483
20.000000 0.002831031 0.003668452 -0.001776966 -0.000460787 0.002601204 0.002127791 0.999994218
21.000000 0.004062136 0.003165378 -0.002263623 0.000037526 0.003256581 0.002074058 0.999992549
22.000000 0.000595589 0.003498945 -0.001755164 0.000475750 0.004448407 0.002154622 0.999987662
23.000000 0.003952494 0.006525097 -0.000976831 0.000974402 0.004540697 0.002255703 0.999986649
24.000000 0.004130845 0.003468053 0.000392191 0.000487516 0.005138818 0.001962859 0.999984741
25.000000 0.004965733 0.006277923 -0.000994336 0.000821293 0.005921138 0.002197107 0.999979734
26.000000 0.003799752 0.007431888 0.000180827 0.000989096 0.007073238 0.002331665 0.999971747
27.000000 0.004200588 0.003995654 -0.000303708 0.000318080 0.008098016 0.002833082 0.999963164
28.000000 0.005232363 0.003724928 -0.000011027 0.000181066 0.009138635 0.003632396 0.999951601
29.000000 0.004806386 0.006375045 -0.000039130 0.000363399 0.010687727 0.004388798 0.999933183
30.000000 0.008015460 0.005856028 -0.000014546 -0.000152953 0.011951547 0.005326208 0.999914348
31.000000 0.009171308 0.003130507 0.000651595 -0.000484297 0.013971305 0.006704912 0.999879777
32.000000 0.008104910 0.004847895 0.002234803 -0.000064443 0.016902402 0.008187461 0.999823630
33.000000 0.010983203 0.004124335 0.001163501 -0.000367952 0.019341012 0.009071631 0.999771714
34.000000 0.006718175 0.003993804 0.003990736 -0.000299741 0.023405654 0.010925444 0.999666333
35.000000 0.010883444 0.002486728 0.004280723 -0.000525487 0.026123401 0.012419797 0.999581456
36.000000 0.009029807 0.003884226 0.005027140 -0.000637509 0.029854525 0.014313981 0.999451578
37.000000 0.010427930 0.004616038 0.007841635 -0.000548409 0.037016820 0.018461540 0.999143958
38.000000 0.015242129 0.005624296 0.007903248 -0.000519849 0.040494908 0.020336051 0.998972654
39.000000 0.017253581 0.000865520 0.008777514 -0.001092171 0.044252746 0.022039482 0.998776615
40.000000 0.012888754 0.005939843 0.011439999 -0.000395027 0.049085431 0.023867467 0.998509288
41.000000 0.016837962 0.005007918 0.010721629 -0.001524694 0.052946866 0.025265960 0.998276472
42.000000 0.017892120 0.005820808 0.011122728 -0.002022428 0.057601131 0.027336426 0.997963309
43.000000 0.019899122 0.002898379 0.013051458 -0.002559406 0.062765181 0.029426219 0.997591138
44.000000 0.022836598 0.003285008 0.012180639 -0.002128566 0.067216940 0.031988386 0.997223198
45.000000 0.049657132 0.007730474 0.005958118 -0.002245920 0.066560492 0.036400102 0.997115672
46.000000 0.110900506 0.010525153 -0.003139480 -0.003078151 0.059450362 0.037655991 0.997516036
47.000000 0.113288932 0.011870074 -0.002765314 -0.002818845 0.064360552 0.039401591 0.997144580
48.000000 0.116495132 0.012638415 -0.005040917 -0.002939441 0.069192812 0.041441023 0.996737838
49.000000 0.116541244 0.014896751 -0.002800414 -0.002711031 0.074185759 0.043416739 0.996295214
50.000000 0.119953036 0.009725321 -0.001046905 -0.003500030 0.078939721 0.045168690 0.995849431
51.000000 0.126321763 0.016771313 -0.003940323 -0.002674789 0.083034851 0.046777770 0.995444596
52.000000 0.128306493 0.005767919 -0.001872258 -0.004683772 0.088078201 0.048435144 0.994924307
53.000000 0.129886940 0.008932741 -0.002443802 -0.004559854 0.093295448 0.050159145 0.994363725
54.000000 0.125838429 -0.000036337 0.002467196 -0.005443827 0.099274643 0.051933523 0.993689001
55.000000 0.132406846 0.010582604 -0.003255678 -0.003012976 0.103154212 0.053439200 0.993224204
56.000000 0.136316627 0.014272018 -0.005211471 -0.002409674 0.107600331 0.055089232 0.992663860
57.000000 0.138228014 0.016007135 -0.000169680 -0.001812566 0.112236150 0.056989815 0.992044330
58.000000 0.137951732 0.011228698 0.000131309 -0.002337602 0.117438756 0.059720565 0.991280079
59.000000 0.144296050 0.017523967 -0.003322508 -0.001621815 0.121416882 0.061959267 0.990664601
60.000000 0.145691559 0.013033283 -0.009617412 -0.003197703 0.126280650 0.065637216 0.989815533
61.000000 0.146752402 0.019516431 0.000291768 -0.002174445 0.131056368 0.068110511 0.989030063
62.000000 0.151991159 0.012931615 -0.011195501 -0.003531429 0.135186940 0.071281426 0.988246441
63.000000 0.151706234 0.017630659 -0.002948482 -0.002272682 0.140538886 0.073722795 0.987323940
64.000000 0.159034163 0.016113335 -0.013240326 -0.003351956 0.144460022 0.076326221 0.986556828
65.000000 0.158834815 0.017925959 -0.009370007 -0.002953802 0.149837121 0.078359731 0.985596180
66.000000 0.160073191 0.013539511 -0.009237520 -0.003814977 0.155336156 0.080755830 0.984547913
67.000000 0.166622087 0.016540736 -0.011371411 -0.003468025 0.160043612 0.083475776 0.983567894
68.000000 0.177384496 0.015787955 -0.024270710 -0.004358277 0.163587689 0.085715957 0.982788324
69.000000 0.171129405 0.014997536 -0.023189109 -0.004695695 0.169781715 0.089348800 0.981411695
70.000000 0.177208886 0.023445031 -0.025325648 -0.004297893 0.173390001 0.091731168 0.980562508
71.000000 0.179836050 0.021528374 -0.026121628 -0.004723427 0.178236648 0.094787695 0.979400158
72.000000 0.187435612 0.025365705 -0.028083187 -0.004695985 0.182308003 0.097024567 0.978431404
73.000000 0.189118013 0.023846949 -0.030974936 -0.005084314 0.187145039 0.099694476 0.977247119
74.000000 0.191354260 0.016167574 -0.023360986 -0.005623444 0.192487687 0.101786897 0.975989878
75.000000 0.202393606 0.034238607 -0.030915789 -0.003413744 0.195368901 0.103473596 0.975250006
76.000000 0.200969473 0.027599428 -0.029559080 -0.004615135 0.200771004 0.106083445 0.973866522
77.000000 0.202203885 0.024965214 -0.032030053 -0.005722074 0.205365583 0.108292103 0.972658753
78.000000 0.205240875 0.020486603 -0.032724075 -0.006790394 0.209684342 0.110633887 0.971466184
79.000000 0.212646961 0.023320876 -0.038405474 -0.006871379 0.217205480 0.115444444 0.969250798
80.000000 0.210859418 0.024684425 -0.040477879 -0.006388291 0.221620589 0.117736273 0.967978120
81.000000 0.219466776 0.029465886 -0.043257117 -0.005880916 0.224484280 0.119282320 0.967131793
82.000000 0.223359093 0.025159892 -0.046897110 -0.006740941 0.228053391 0.121798396 0.965976894
83.000000 0.221905455 0.026706606 -0.046484709 -0.006580956 0.232556149 0.123584934 0.964676678
84.000000 0.228020981 0.028951870 -0.049512800 -0.006673625 0.235549495 0.125355542 0.963720858
85.000000 0.230753928 0.031755794 -0.051929865 -0.006404015 0.239298448 0.127797782 0.962477505
86.000000 0.232277632 0.030443676 -0.055012390 -0.006806571 0.242865354 0.130294085 0.961245835
87.000000 0.228943065 0.039612304 -0.055319574 -0.005278236 0.246748611 0.132186517 0.960007250
88.000000 0.239567786 0.033539116 -0.058730651 -0.005748501 0.249254540 0.134154826 0.959083736
89.000000 0.244299933 0.029653307 -0.061008241 -0.005983952 0.252609909 0.135795534 0.957972825
90.000000 0.245815784 0.029609492 -0.059795558 -0.005824682 0.256259650 0.138488993 0.956617892
91.000000 0.244645268 0.031459171 -0.062804155 -0.005417072 0.259711564 0.140331998 0.955420077
92.000000 0.248268083 0.039357670 -0.064315461 -0.003738332 0.262581825 0.141286388 0.954502463
93.000000 0.245301262 0.033783395 -0.064150900 -0.004081389 0.266459793 0.143011659 0.953168511
94.000000 0.251723856 0.026718741 -0.066210434 -0.005045123 0.268773288 0.144254416 0.952326715
95.000000 0.259475142 0.035744082 -0.071712129 -0.003699375 0.270524800 0.145001233 0.951723337
96.000000 0.255236506 0.038051378 -0.071359299 -0.002831803 0.274073303 0.146651909 0.950457275
97.000000 0.260827422 0.035920668 -0.072353110 -0.002831156 0.276286393 0.147042781 0.949755907
98.000000 0.260837704 0.038615052 -0.072386637 -0.002474896 0.278554082 0.148292348 0.948899806
99.000000 0.259325266 0.036922820 -0.073373288 -0.002891295 0.280971408 0.149156064 0.948050201
100.000000 0.260311753 0.034012306 -0.072107621 -0.003197886 0.283020824 0.150097921 0.947290659
101.000000 0.264318109 0.033866197 -0.077937298 -0.002691500 0.284515262 0.151319876 0.946649969
102.000000 0.268365204 0.033769496 -0.078650683 -0.001748095 0.286211103 0.152376860 0.945971131
103.000000 0.271142453 0.031152040 -0.078762814 -0.001431019 0.288113892 0.153151155 0.945268810
104.000000 0.273591399 0.032856684 -0.081101306 -0.000407993 0.289929628 0.153989017 0.944578230
105.000000 0.272995591 0.035139464 -0.083763145 0.001192719 0.292308718 0.154568344 0.943749368
106.000000 0.275415421 0.035166733 -0.083231300 0.002524025 0.294632345 0.154889658 0.942971170
107.000000 0.276533127 0.034092080 -0.085906170 0.004696802 0.298073024 0.154321060 0.941974223
108.000000 0.280009776 0.028301599 -0.087511040 0.005424235 0.299049407 0.153934568 0.941724062
109.000000 0.279436648 0.026288513 -0.086777151 0.006929283 0.300044626 0.154608712 0.941287041
110.000000 0.283322006 0.033230275 -0.091206305 0.009458640 0.299980283 0.154296488 0.941336811
111.000000 0.284406334 0.022183809 -0.092098176 0.011607518 0.301273465 0.154959798 0.940790653
112.000000 0.291176319 0.024372095 -0.096349329 0.013468490 0.300752223 0.154751152 0.940966964
113.000000 0.286422402 0.026136754 -0.095170245 0.016314985 0.302025944 0.154442459 0.940564573
114.000000 0.284183413 0.022157118 -0.096666969 0.018116139 0.303106815 0.153235883 0.940381229
115.000000 0.286656439 0.017793890 -0.094711252 0.019932818 0.303372920 0.152656883 0.940352798
116.000000 0.286159396 0.010091646 -0.094168618 0.020603862 0.303681016 0.151467606 0.940431237
117.000000 0.290616393 0.011350922 -0.097906925 0.023022901 0.303498179 0.149676144 0.940720916
118.000000 0.285699993 0.010296582 -0.094967239 0.025065474 0.304698139 0.148176953 0.940518141
119.000000 0.284803629 0.010822570 -0.096428998 0.027062982 0.304961324 0.146942109 0.940571189
120.000000 0.285936415 0.009588943 -0.099452779 0.027974669 0.304573476 0.145494327 0.940895200
121.000000 0.284897029 0.000703151 -0.096785374 0.030389283 0.302780747 0.143501669 0.941704631
122.000000 0.285417497 0.001772956 -0.098503493 0.032986604 0.300460994 0.142788455 0.942468345
123.000000 0.285011500 -0.004349544 -0.098540619 0.034347277 0.298346728 0.141680658 0.943258226
124.000000 0.279627234 -0.002840221 -0.095539786 0.036599059 0.296720684 0.140881896 0.943805933
125.000000 0.283954829 -0.007599831 -0.099313945 0.037813388 0.293809682 0.139528677 0.944869161
126.000000 0.279809445 -0.012043806 -0.094411567 0.039355285 0.292617083 0.138135761 0.945380807
127.000000 0.283786565 -0.007394238 -0.097931296 0.041856848 0.290145218 0.136497304 0.946272790
128.000000 0.282925904 -0.011766197 -0.097527742 0.043127749 0.288675338 0.134756520 0.946914613
129.000000 0.277938813 -0.012582164 -0.097535864 0.045050934 0.287544608 0.133129671 0.947399080
130.000000 0.276602060 -0.013611723 -0.096764624 0.045731992 0.285496175 0.131447718 0.948220432
131.000000 0.275419384 -0.015772160 -0.094430469 0.045565646 0.282982558 0.130374715 0.949129641
132.000000 0.275085747 -0.012713341 -0.093708485 0.046227433 0.279876262 0.128970698 0.950209916
133.000000 0.269610792 -0.014559581 -0.089571059 0.047148790 0.277710825 0.127990723 0.950932205
134.000000 0.271586299 -0.011253126 -0.090413928 0.048579156 0.273871541 0.127145126 0.952086389
135.000000 0.271294296 -0.016700512 -0.089437842 0.048514057 0.269940257 0.126513124 0.953295887
136.000000 0.271094441 -0.016539706 -0.086523071 0.049920406 0.265942305 0.125792801 0.954441607
137.000000 0.265668154 -0.019289477 -0.082703769 0.051361449 0.258820415 0.122756682 0.956715584
138.000000 0.263285071 -0.016472204 -0.083774447 0.052489828 0.255388916 0.121729895 0.957707226
139.000000 0.257850468 -0.024151856 -0.079353087 0.052385364 0.252347022 0.120735355 0.958644748
140.000000 0.256879210 -0.027587725 -0.076451294 0.052447461 0.248399630 0.119980410 0.959766448
141.000000 0.256397486 -0.026983118 -0.078469150 0.053082600 0.243939325 0.118722208 0.961031139
142.000000 0.255460382 -0.024400650 -0.074576542 0.054477055 0.240039423 0.117267877 0.962113082
143.000000 0.254177272 -0.029224342 -0.073843494 0.053854976 0.236035749 0.116563663 0.963223577
144.000000 0.253881425 -0.030385880 -0.073638789 0.054005962 0.231806219 0.115614526 0.964356005
145.000000 0.247583747 -0.026222823 -0.071777970 0.055431511 0.228646398 0.115136392 0.965086401
146.000000 0.246740416 -0.032700639 -0.066748075 0.054795884 0.225466281 0.113594919 0.966053069
147.000000 0.244303837 -0.028362567 -0.069283180 0.055698268 0.221734360 0.112102680 0.967039049
148.000000 0.244151339 -0.033692464 -0.066284515 0.055516031 0.218417883 0.110888928 0.967943847
149.000000 0.237269908 -0.030707875 -0.062920712 0.056005821 0.215814933 0.109858312 0.968616724
150.000000 0.234701768 -0.028258888 -0.060616754 0.056119379 0.212483525 0.108328052 0.969518661
151.000000 0.236349165 -0.024739793 -0.064379647 0.056603745 0.208350137 0.107529752 0.970475972
152.000000 0.236355573 -0.021861445 -0.061981775 0.056719832 0.204350561 0.106075756 0.971479118
153.000000 0.237247035 -0.025577459 -0.062304121 0.056098051 0.199693263 0.104412250 0.972663164
154.000000 0.225352079 -0.032672230 -0.053795516 0.055761591 0.197476566 0.103148893 0.973269701
155.000000 0.225722969 -0.025449352 -0.055087995 0.056381386 0.193237484 0.101166025 0.974292457
156.000000 0.220649064 -0.027596822 -0.053857427 0.055954259 0.189441636 0.099481799 0.975235522
157.000000 0.219502807 -0.032358691 -0.052207787 0.055436637 0.185202673 0.097342685 0.976294577
158.000000 0.216396794 -0.027847666 -0.050488088 0.056179427 0.181372896 0.095304742 0.977171779
159.000000 0.211018771 -0.028891390 -0.048536051 0.055588532 0.177846730 0.093702808 0.978008330
160.000000 0.206042349 -0.034560017 -0.045123808 0.054535329 0.174775541 0.092020437 0.978780687
161.000000 0.201514050 -0.029071553 -0.042448305 0.055317409 0.171538800 0.090322830 0.979467332
162.000000 0.203042537 -0.030078858 -0.046060733 0.054450102 0.167101115 0.087885357 0.980504215
163.000000 0.196112633 -0.029665001 -0.041898079 0.053992495 0.163220972 0.086828507 0.981276989
164.000000 0.189523429 -0.031942207 -0.038901817 0.053435467 0.158990130 0.085596554 0.982109964
165.000000 0.185603797 -0.029585723 -0.036642484 0.053904068 0.154292211 0.083790265 0.982989013
166.000000 0.181010276 -0.030000534 -0.037170980 0.053099651 0.149632692 0.081506394 0.983944714
167.000000 0.183237076 -0.029741904 -0.037649382 0.053198151 0.144485801 0.079733156 0.984853506
168.000000 0.170592755 -0.032122191 -0.029259438 0.053445850 0.141788661 0.077558711 0.985405564
169.000000 0.176712692 -0.031908106 -0.042269293 0.052611202 0.136019424 0.075615212 0.986414313
170.000000 0.174611256 -0.029694147 -0.039767701 0.052684501 0.131380528 0.073631831 0.987188876
171.000000 0.173088014 -0.035083361 -0.038496740 0.051877372 0.126801789 0.071396075 0.987994254
172.000000 0.166426063 -0.031251501 -0.029758148 0.052850518 0.122396186 0.068780959 0.988683581
173.000000 0.168291092 -0.032820158 -0.035083659 0.052186690 0.117038473 0.067161277 0.989478648
174.000000 0.169815809 -0.028660696 -0.037256923 0.052167095 0.111711264 0.064835794 0.990250230
175.000000 0.163915530 -0.036108077 -0.033899672 0.050607089 0.107141912 0.063021347 0.990953028
176.000000 0.158393666 -0.037295930 -0.023844820 0.050633051 0.103359327 0.060172349 0.991530359
177.000000 0.162752435 -0.033942226 -0.032453179 0.050326493 0.097731888 0.057535227 0.992272854
178.000000 0.161774561 -0.033797510 -0.033659801 0.049931504 0.092171103 0.054566205 0.992992342
179.000000 0.156167164 -0.035395615 -0.032239243 0.049250994 0.087861836 0.052266162 0.993540585
180.000000 0.152038500 -0.043545626 -0.023704903 0.048010301 0.083234288 0.050818257 0.994074702
181.000000 0.152775884 -0.037452478 -0.030926723 0.048469353 0.077961408 0.049573671 0.994542718
182.000000 0.151587874 -0.037470166 -0.033048902 0.048169896 0.073267139 0.047714800 0.995004952
183.000000 0.151073024 -0.040734716 -0.031280912 0.047542952 0.068555050 0.046058703 0.995448887
184.000000 0.149516270 -0.034441710 -0.023539837 0.048960857 0.063873485 0.044175647 0.995776832
185.000000 0.145773679 -0.035401680 -0.022149784 0.048874918 0.059120346 0.042448226 0.996149659
186.000000 0.148286790 -0.037565906 -0.022210816 0.048482958 0.053705387 0.039997078 0.996576846
187.000000 0.145272627 -0.032437231 -0.021730307 0.049465887 0.049553219 0.037669599 0.996834278
188.000000 0.144314572 -0.033057246 -0.021756882 0.049445450 0.044602171 0.035459574 0.997150123
189.000000 0.143634200 -0.033107661 -0.022467397 0.049241289 0.039652746 0.032405630 0.997473240
190.000000 0.139221370 -0.035732489 -0.020295024 0.048481531 0.035897102 0.029785926 0.997734308
191.000000 0.134742185 -0.037522584 -0.019636294 0.048282955 0.032005366 0.027430089 0.997943878
192.000000 0.136963263 -0.033345688 -0.020367321 0.048604436 0.026715649 0.024874931 0.998150826
193.000000 0.137148961 -0.030731393 -0.021020114 0.048416194 0.021481758 0.023076769 0.998329520
194.000000 0.138141587 -0.031042656 -0.020610094 0.048006050 0.016335364 0.021124495 0.998490036
195.000000 0.132267892 -0.030141270 -0.020847999 0.048244741 0.011835777 0.019763334 0.998569846
196.000000 0.137763187 -0.030341305 -0.020726729 0.047672283 0.006530454 0.017780518 0.998683393
197.000000 0.132160813 -0.029000128 -0.020443596 0.047500636 0.002412399 0.016097683 0.998738587
198.000000 0.135331750 -0.031121267 -0.020347685 0.046479873 -0.002476976 0.013811852 0.998820662
199.000000 0.134018034 -0.036286369 -0.019985847 0.045360357 -0.006934769 0.011711659 0.998877943
200.000000 0.137946203 -0.033093385 -0.018273134 0.045653772 -0.011683466 0.009240342 0.998846233
201.000000 0.139831021 -0.037075311 -0.019270811 0.044546980 -0.016615223 0.007544861 0.998840630
202.000000 0.133000076 -0.037720185 -0.018767238 0.043845803 -0.020376902 0.006297909 0.998810589
203.000000 0.128626689 -0.034888249 -0.019178264 0.044033721 -0.024238920 0.005702173 0.998719633
204.000000 0.130738840 -0.038286507 -0.019049760 0.043596745 -0.029571069 0.004739262 0.998600245
205.000000 0.125608534 -0.031707432 -0.016875131 0.044380773 -0.033439420 0.003328033 0.998449326
206.000000 0.128470719 -0.037609510 -0.015401697 0.042938482 -0.038421553 0.001646790 0.998337269
207.000000 0.125641242 -0.032524493 -0.013267698 0.043678958 -0.042781007 -0.000387193 0.998129129
208.000000 0.127596453 -0.033131644 -0.014611091 0.042776722 -0.047798734 -0.002444815 0.997937620
209.000000 0.122951321 -0.036596384 -0.013028372 0.041928239 -0.051815454 -0.004704110 0.997765005
210.000000 0.121106818 -0.037002333 -0.011791850 0.042288225 -0.056529816 -0.007291867 0.997478306
211.000000 0.122951694 -0.037101094 -0.010079522 0.042178579 -0.062210031 -0.009672657 0.997124553
212.000000 0.119731143 -0.041577421 -0.008783674 0.040961973 -0.066598713 -0.012026298 0.996866107
213.000000 0.116463311 -0.035264987 -0.008240952 0.041434038 -0.071357787 -0.013964362 0.996491969
214.000000 0.121158168 -0.038399763 -0.006001578 0.039773114 -0.077603042 -0.016733246 0.996050119
215.000000 0.120819896 -0.036686558 -0.005352382 0.039427765 -0.083337396 -0.018904915 0.995561659
216.000000 0.117380574 -0.039626818 -0.003446760 0.039076239 -0.088468313 -0.020467155 0.995101750
217.000000 0.118939087 -0.034498531 -0.000939123 0.039859463 -0.094737738 -0.022304228 0.994453847
218.000000 0.123257168 -0.035842720 0.004292449 0.039863087 -0.101533063 -0.024824489 0.993723154
219.000000 0.120758206 -0.037103157 0.007290633 0.039582118 -0.107056074 -0.027041864 0.993096650
220.000000 0.122663029 -0.038003411 0.008130690 0.038952012 -0.113224298 -0.029711230 0.992360950
221.000000 0.122566260 -0.038114347 0.010984289 0.038732342 -0.118645690 -0.032238401 0.991657019
222.000000 0.119178973 -0.033801090 0.014193680 0.039654411 -0.123151176 -0.034631681 0.990990400
223.000000 0.114711188 -0.036341812 0.013393426 0.038685646 -0.127175227 -0.037089836 0.990431309
224.000000 0.078528501 -0.031729382 0.000154652 0.038280968 -0.123569489 -0.041434392 0.990731239
225.000000 0.076850787 -0.036852211 -0.003449267 0.036786798 -0.128031731 -0.044038154 0.990108728
226.000000 0.059382137 -0.038489237 -0.004389326 0.036261406 -0.130167067 -0.044025559 0.989850163
227.000000 0.058455449 -0.039047793 -0.003904334 0.035612836 -0.134846509 -0.046181280 0.989148855
228.000000 0.053386990 -0.038734313 -0.004117317 0.035261720 -0.138928711 -0.048091494 0.988505244
229.000000 0.049564220 -0.040029112 -0.004902693 0.034332935 -0.142903879 -0.050408214 0.987855673
230.000000 0.047984790 -0.039349511 -0.005386746 0.033997644 -0.147625938 -0.052324053 0.987072945
231.000000 0.042540997 -0.038167179 -0.004256439 0.034195352 -0.151535317 -0.054309022 0.986366212
232.000000 0.042030193 -0.039161924 -0.006484916 0.033457309 -0.155903369 -0.056573477 0.985583186
233.000000 0.040768310 -0.040130489 -0.008341579 0.033199981 -0.160011739 -0.058707338 0.984808326
234.000000 0.036429036 -0.039258927 -0.006569744 0.033261620 -0.164238662 -0.060721304 0.983987987
235.000000 0.032699022 -0.040648114 -0.007467298 0.032720193 -0.168061063 -0.063522249 0.983183503
236.000000 0.029614041 -0.037403394 -0.007451918 0.033123050 -0.171889424 -0.065790936 0.982358634
237.000000 0.022524428 -0.035142638 -0.007395990 0.033023540 -0.174892187 -0.067967214 0.981683552
238.000000 0.019150095 -0.036141146 -0.007317233 0.032259062 -0.178894445 -0.070089012 0.980838239
239.000000 0.017382439 -0.035146542 -0.005729253 0.031847887 -0.188291237 -0.074660234 0.978753328
240.000000 0.013531916 -0.032474712 -0.007155372 0.031377319 -0.192555591 -0.076325588 0.977809906
241.000000 0.016572105 -0.029483136 -0.008042494 0.031193677 -0.197975576 -0.078271143 0.976578891
242.000000 0.016117550 -0.027342528 -0.008786742 0.030950543 -0.202642962 -0.080551088 0.975443184
243.000000 0.014016056 -0.026979920 -0.007954682 0.030332530 -0.207273871 -0.082621224 0.974315763
244.000000 0.013638802 -0.028134178 -0.008124925 0.029635329 -0.212085351 -0.084887996 0.973106146
245.000000 0.012431574 -0.027665270 -0.008804314 0.028724559 -0.216689348 -0.087239288 0.971910417
246.000000 0.008535708 -0.026580237 -0.008967394 0.028589092 -0.220712960 -0.089001119 0.970848739
247.000000 0.004052482 -0.022658421 -0.009372653 0.028539173 -0.224432066 -0.090044275 0.969900906
248.000000 -0.001052571 -0.019008579 -0.010684264 0.027820090 -0.227529883 -0.091809586 0.969034135
249.000000 -0.002963928 -0.021070456 -0.010817139 0.026280001 -0.231460810 -0.093948700 0.967940509
250.000000 -0.005947103 -0.017933488 -0.012800500 0.025671940 -0.234538153 -0.095559314 0.967058003
251.000000 -0.007024655 -0.016139038 -0.013914809 0.024725134 -0.237910911 -0.097733736 0.966040969
252.000000 -0.012094691 -0.014655729 -0.015083837 0.023175402 -0.240727931 -0.098629966 0.965290189
253.000000 -0.014589995 -0.012937712 -0.015119589 0.022669619 -0.243922919 -0.100626066 0.964293599
254.000000 -0.016670061 -0.012508846 -0.016932536 0.021755651 -0.246919423 -0.102640018 0.963339269
255.000000 -0.018838769 -0.011031762 -0.017355630 0.020868011 -0.250280678 -0.103815734 0.962365031
256.000000 -0.027812973 -0.008361559 -0.017201837 0.020016642 -0.255151331 -0.108006306 0.960641325
257.000000 -0.029418277 -0.007643374 -0.018926527 0.018809019 -0.257954925 -0.109557144 0.959740996
258.000000 -0.028288554 -0.004297402 -0.020026382 0.019018043 -0.261366248 -0.110951245 0.958653152
259.000000 -0.032358635 -0.003079732 -0.019725122 0.018153265 -0.264586478 -0.112099618 0.957652450
260.000000 -0.034734432 -0.001023162 -0.021439930 0.017687680 -0.267668694 -0.113104157 0.956685960
261.000000 -0.033227611 -0.000182703 -0.023451373 0.016881408 -0.272054344 -0.114669353 0.955276072
262.000000 -0.035415094 0.000761478 -0.023099212 0.015803754 -0.276022047 -0.115568995 0.954047084
263.000000 -0.039138973 0.003127028 -0.024179487 0.015544459 -0.279390454 -0.116301402 0.952981293
264.000000 -0.043201212 0.004499036 -0.025888041 0.014687228 -0.282696664 -0.117532410 0.951868176
265.000000 -0.042640623 0.006490122 -0.027639976 0.013987234 -0.286682993 -0.119222738 0.950475216
266.000000 -0.046962135 0.008344720 -0.031657919 0.013490238 -0.289170414 -0.120429777 0.949576318
267.000000 -0.048503958 0.010807451 -0.033492345 0.013466819 -0.292696804 -0.122184552 0.948271155
268.000000 -0.050406948 0.011983214 -0.034792326 0.012789778 -0.296241194 -0.124435678 0.946886122
269.000000 -0.053261597 0.011988260 -0.037213381 0.011585940 -0.299430281 -0.126886606 0.945572317
270.000000 -0.056903370 0.015526950 -0.039007183 0.011113075 -0.302470684 -0.127906829 0.944472253
271.000000 -0.057022076 0.015988626 -0.040537741 0.010136458 -0.306134790 -0.130479112 0.942949593
272.000000 -0.060160294 0.017526267 -0.042948876 0.009365948 -0.308595836 -0.132630512 0.941854596
273.000000 -0.062982708 0.019473407 -0.044635329 0.008987840 -0.311381996 -0.134259984 0.940709710
274.000000 -0.064299263 0.021711078 -0.046406813 0.008422389 -0.314181089 -0.136419654 0.939472735
275.000000 -0.066837758 0.020981818 -0.047797818 0.007144758 -0.317148864 -0.138409853 0.938194156
276.000000 -0.074068107 0.028189376 -0.054445744 0.003936672 -0.329015762 -0.144712076 0.933162153
277.000000 -0.077461019 0.032813508 -0.056655087 0.003402108 -0.331178486 -0.144739777 0.932394564
278.000000 -0.079601392 0.033709224 -0.057569094 0.002505203 -0.333611190 -0.146603838 0.931238234
279.000000 -0.080375090 0.035700969 -0.057889864 0.001941595 -0.336800247 -0.147716120 0.929914951
280.000000 -0.081685342 0.037028838 -0.059087507 0.000671196 -0.339486599 -0.149541244 0.928647280
281.000000 -0.083525799 0.039373420 -0.060938213 0.000141396 -0.341779739 -0.150516078 0.927648365
282.000000 -0.085741900 0.043341123 -0.062179700 0.000297969 -0.343992352 -0.151388690 0.926688015
283.000000 -0.085768111 0.044875864 -0.062650569 -0.000642921 -0.346696526 -0.153228179 0.925376773
284.000000 -0.087182820 0.045895625 -0.064011924 -0.001453190 -0.348484993 -0.155035928 0.924402475
285.000000 -0.087491035 0.047906522 -0.064853050 -0.002420321 -0.350521713 -0.156191677 0.923435330
286.000000 -0.087302372 0.047971837 -0.065478802 -0.003478054 -0.352516145 -0.157858759 0.922388673
287.000000 -0.090145752 0.051132139 -0.066348970 -0.003963050 -0.353998899 -0.158228695 0.921755254
288.000000 -0.089222088 0.054446202 -0.067468226 -0.004770848 -0.355915397 -0.159037814 0.920873761
289.000000 -0.090573035 0.057259768 -0.068484128 -0.005619946 -0.357305974 -0.159416094 0.920264840
290.000000 -0.089402311 0.057918258 -0.069077186 -0.006826223 -0.359021157 -0.160742164 0.919358015
291.000000 -0.090396255 0.060559012 -0.070054561 -0.007921740 -0.360179424 -0.160960630 0.918857813
292.000000 -0.092593029 0.060413878 -0.069888219 -0.009707071 -0.361341119 -0.161589250 0.918274105
293.000000 -0.092816249 0.062775441 -0.070707008 -0.010434162 -0.362478793 -0.161790594 0.917782128
294.000000 -0.091790393 0.067810223 -0.070715621 -0.012224875 -0.365133911 -0.162804633 0.916527390
295.000000 -0.091775924 0.070215762 -0.071582690 -0.013904672 -0.366061091 -0.163400769 0.916027367
296.000000 -0.092325591 0.071196251 -0.072199263 -0.015614451 -0.367248476 -0.164244890 0.915373325
297.000000 -0.093104094 0.073538706 -0.074751876 -0.017796939 -0.369163543 -0.167805657 0.913916230
298.000000 -0.093787625 0.077051327 -0.075670481 -0.018228350 -0.370492965 -0.168302178 0.913278162
299.000000 -0.093416229 0.078757450 -0.076179951 -0.018582238 -0.371809900 -0.170261443 0.912372291
300.000000 -0.096025333 0.079810143 -0.077412046 -0.019941883 -0.372501105 -0.172175124 0.911702216
301.000000 -0.097453147 0.084948912 -0.080672376 -0.021598089 -0.376106977 -0.174159557 0.909805179
302.000000 -0.098700821 0.084504224 -0.083000124 -0.023233907 -0.378496468 -0.176002562 0.908418238
303.000000 -0.099999055 0.087040566 -0.085252136 -0.023294603 -0.381409973 -0.176862031 0.907030106
304.000000 -0.100491650 0.086739570 -0.085821092 -0.024415588 -0.384968281 -0.178490818 0.905176401
305.000000 -0.101664580 0.088864930 -0.088293053 -0.025077416 -0.387711465 -0.179763004 0.903734624
306.000000 -0.100713655 0.089787103 -0.090092920 -0.025971001 -0.391155422 -0.181901976 0.901795208
307.000000 -0.104773864 0.091141686 -0.091786310 -0.026831416 -0.393859208 -0.184311301 0.900102437
308.000000 -0.105312914 0.095005244 -0.096469969 -0.026778480 -0.396898538 -0.185147494 0.898596048
309.000000 -0.106583923 0.092546001 -0.098037094 -0.028037578 -0.400612622 -0.187995374 0.896315336
310.000000 -0.108577609 0.095354773 -0.100956656 -0.027958907 -0.403665662 -0.188925564 0.894751072
311.000000 -0.108360030 0.097132102 -0.104118824 -0.027495103 -0.407259166 -0.190039769 0.892899156
312.000000 -0.108781710 0.099540852 -0.107325315 -0.027008250 -0.410604149 -0.190810606 0.891216040
313.000000 -0.111950383 0.099517256 -0.108861819 -0.027168399 -0.413587421 -0.192274868 0.889515400
314.000000 -0.105959356 0.096046522 -0.109758586 -0.027477423 -0.417870045 -0.196792111 0.886511445
315.000000 -0.108100198 0.097248487 -0.113150954 -0.027128350 -0.420128286 -0.198154062 0.885150373
316.000000 -0.108366951 0.097977236 -0.115405694 -0.026500361 -0.423366755 -0.199095473 0.883413434
317.000000 -0.109852418 0.099229544 -0.118135951 -0.025606045 -0.426479757 -0.199624583 0.881821632
318.000000 -0.113163538 0.100476183 -0.123217881 -0.023897335 -0.432271600 -0.201322854 0.878657639
319.000000 -0.113435075 0.100241370 -0.125504330 -0.023288446 -0.435146689 -0.202473164 0.876989007
320.000000 -0.115451813 0.101520076 -0.127785072 -0.022164339 -0.437818468 -0.203138202 0.875533342
321.000000 -0.116317041 0.102107875 -0.129987851 -0.021133060 -0.440450490 -0.203867078 0.874068081
322.000000 -0.117952310 0.102575019 -0.132148653 -0.020457793 -0.442821294 -0.204726070 0.872684360
323.000000 -0.119273782 0.103673331 -0.134455815 -0.019632554 -0.445050925 -0.205139950 0.871471107
324.000000 -0.119468413 0.102132641 -0.135585159 -0.019463345 -0.447673827 -0.205863252 0.869959593
325.000000 -0.120868690 0.103119709 -0.137732193 -0.018096250 -0.449705005 -0.205368742 0.869057953
326.000000 -0.122005954 0.100836024 -0.138953164 -0.017793171 -0.451909393 -0.205426857 0.867906213
327.000000 -0.123823106 0.099707797 -0.141889438 -0.016768124 -0.452959508 -0.205392957 0.867387056
328.000000 -0.124749206 0.097489759 -0.142622441 -0.015480749 -0.454470158 -0.204829767 0.866753697
329.000000 -0.125540823 0.096495129 -0.143983170 -0.013578160 -0.455315799 -0.203989953 0.866539836
330.000000 -0.127130985 0.093741558 -0.145852968 -0.012153352 -0.455614507 -0.203220353 0.866584778
331.000000 -0.128590211 0.090591729 -0.146901697 -0.010331579 -0.455752254 -0.202720135 0.866653144
332.000000 -0.129227072 0.088727638 -0.147915170 -0.008337537 -0.455819398 -0.201515436 0.866920233
333.000000 -0.132325694 0.083934523 -0.150583968 -0.003483014 -0.455568492 -0.199381143 0.867578506
334.000000 -0.131880417 0.080611326 -0.150349677 -0.000827873 -0.455787420 -0.198564753 0.867657304
335.000000 -0.133407131 0.076496333 -0.151334882 0.001438842 -0.455328554 -0.197776020 0.868077457
336.000000 -0.135483563 0.074780136 -0.152673602 0.003791660 -0.454315364 -0.196551502 0.868879020
337.000000 -0.136310622 0.072183393 -0.152579427 0.006031431 -0.454127342 -0.195313409 0.869243741
338.000000 -0.137952626 0.069345072 -0.153816894 0.008089600 -0.453478754 -0.193640068 0.869939744
339.000000 -0.138088241 0.066376686 -0.152790561 0.009411061 -0.453668922 -0.192115337 0.870165288
340.000000 -0.138625622 0.064112790 -0.153208077 0.011408776 -0.453634650 -0.190900460 0.870426595
341.000000 -0.139134169 0.061962474 -0.152964696 0.013759878 -0.453469366 -0.189465478 0.870792210
342.000000 -0.141249582 0.059338693 -0.153864697 0.015342905 -0.452299833 -0.187884718 0.871716022
343.000000 -0.141818285 0.056572076 -0.154412791 0.017397312 -0.451683789 -0.186071172 0.872385621
344.000000 -0.142045721 0.051026672 -0.152869880 0.021535166 -0.451582879 -0.181553975 0.873296857
345.000000 -0.143321931 0.048285592 -0.153534979 0.023456249 -0.450792849 -0.179969966 0.873983085
346.000000 -0.145279005 0.045563646 -0.154857352 0.025901925 -0.449827373 -0.178637356 0.874684572
347.000000 -0.146779090 0.041834455 -0.154926568 0.027711049 -0.449189603 -0.177904442 0.875106156
348.000000 -0.146619529 0.037414894 -0.153887674 0.029319631 -0.448945045 -0.177824944 0.875195384
349.000000 -0.148067415 0.037069097 -0.154469654 0.032550026 -0.447610497 -0.176564425 0.876019597
350.000000 -0.149036005 0.032093331 -0.154906482 0.034102801 -0.446630478 -0.175619617 0.876650453
351.000000 -0.148893610 0.029957615 -0.154522106 0.036788434 -0.445966333 -0.173839435 0.877234578
352.000000 -0.149758115 0.026767327 -0.154110640 0.039313696 -0.445044637 -0.171975300 0.877960265
353.000000 -0.151064351 0.023719134 -0.153824046 0.040852241 -0.444146365 -0.169673026 0.878792465
354.000000 -0.150644600 0.021490855 -0.152993828 0.042062722 -0.443531871 -0.167343155 0.879492223
355.000000 -0.152793393 0.016349502 -0.153338298 0.042304672 -0.442067266 -0.166179001 0.880438209
356.000000 -0.151983231 0.014591413 -0.152147889 0.043993901 -0.441207588 -0.164355010 0.881128728
357.000000 -0.153047174 0.012015847 -0.151977330 0.045253977 -0.439420253 -0.162422463 0.882315636
358.000000 -0.151973888 0.009221564 -0.151366711 0.047215018 -0.438061446 -0.160819039 0.883181870
359.000000 -0.153954148 0.007106687 -0.150936678 0.048407085 -0.435892165 -0.159021989 0.884515047
360.000000 -0.154338598 0.001928254 -0.151417464 0.048556786 -0.433538586 -0.158459321 0.885763645
361.000000 -0.154168412 -0.002030180 -0.150082678 0.049859166 -0.431824178 -0.157000437 0.886787891
362.000000 -0.155372187 -0.001896228 -0.149676859 0.052496783 -0.429354697 -0.154822260 0.888216555
363.000000 -0.154124469 -0.004795706 -0.148295715 0.054519430 -0.427580863 -0.153201878 0.889230788
364.000000 -0.153313547 -0.006937708 -0.147047564 0.056549143 -0.425582379 -0.151289806 0.890389383
365.000000 -0.152655736 -0.011295056 -0.145259276 0.060364440 -0.420943677 -0.147158384 0.893032432
366.000000 -0.152449772 -0.016409490 -0.144027025 0.061034657 -0.418350071 -0.145686090 0.894445956
367.000000 -0.151357248 -0.015983427 -0.142676100 0.063285090 -0.415293157 -0.142676249 0.896197557
368.000000 -0.151243195 -0.023158472 -0.139720470 0.064979851 -0.407583505 -0.140613332 0.899933994
369.000000 -0.148788765 -0.027659670 -0.136893481 0.065576881 -0.403758645 -0.138800785 0.901894093
370.000000 -0.147314101 -0.028943611 -0.134768844 0.066364639 -0.399227381 -0.136870027 0.904145956
371.000000 -0.147482723 -0.031723462 -0.133050784 0.066222563 -0.394498348 -0.135929480 0.906371236
372.000000 -0.146261051 -0.034804627 -0.129801676 0.066255532 -0.390458733 -0.134218723 0.908370793
373.000000 -0.143540666 -0.037177362 -0.126904681 0.066161402 -0.386199862 -0.132371575 0.910466969
374.000000 -0.142156258 -0.037159335 -0.123982653 0.066984333 -0.381186694 -0.130357787 0.912806988
375.000000 -0.140317664 -0.040642526 -0.121340662 0.067314751 -0.376319289 -0.128678933 0.915037870
376.000000 -0.138236701 -0.043785114 -0.118810654 0.068103649 -0.371845812 -0.126446903 0.917117119
377.000000 -0.135975555 -0.047133539 -0.116409034 0.067951083 -0.367638499 -0.124266267 0.919120491
378.000000 -0.134152323 -0.049049124 -0.114118896 0.068889648 -0.362887293 -0.122833528 0.921129167
379.000000 -0.131431669 -0.051101096 -0.111520693 0.069691598 -0.358413547 -0.120816939 0.923085093
380.000000 -0.130891100 -0.053137723 -0.109930106 0.070365064 -0.353569567 -0.118935317 0.925144136
381.000000 -0.127234221 -0.054070633 -0.107464358 0.070991956 -0.349264145 -0.117415309 0.926924109
382.000000 -0.126024351 -0.054880433 -0.106213354 0.071842223 -0.344096184 -0.115340084 0.929049611
383.000000 -0.122961700 -0.057008337 -0.103259474 0.072297670 -0.340083420 -0.113527991 0.930713534
384.000000 -0.120303161 -0.058273863 -0.101287112 0.072198696 -0.335720450 -0.111986391 0.932490349
385.000000 -0.117716484 -0.059150256 -0.099471986 0.072815150 -0.331103563 -0.109712735 0.934361517
386.000000 -0.115944095 -0.059552342 -0.097099766 0.073863856 -0.325927705 -0.107626386 0.936339557
387.000000 -0.113087311 -0.059640270 -0.094659090 0.074684523 -0.321001023 -0.105056204 0.938266397
388.000000 -0.110652886 -0.061679296 -0.092956901 0.074741460 -0.316084146 -0.103688411 0.940081537
389.000000 -0.108840175 -0.061517082 -0.089384265 0.074867599 -0.311398000 -0.101958059 0.941823065
390.000000 -0.106020659 -0.064452931 -0.087024592 0.074405253 -0.306941807 -0.101129904 0.943410456
391.000000 -0.103382118 -0.062864274 -0.084482156 0.074327044 -0.302042633 -0.099170282 0.945204198
392.000000 -0.100737341 -0.063111283 -0.082272582 0.073664799 -0.297668487 -0.097469881 0.946819186
393.000000 -0.099025451 -0.064849772 -0.080387592 0.072706573 -0.293135703 -0.095372349 0.948519528
394.000000 -0.095431119 -0.064085521 -0.078501955 0.073106699 -0.288715154 -0.093042530 0.950074792
395.000000 -0.091227204 -0.065162607 -0.076741159 0.073127948 -0.284314126 -0.091890395 0.951511383
396.000000 -0.088151127 -0.066567481 -0.074077018 0.072926544 -0.279597402 -0.090519235 0.953054726
397.000000 -0.087815173 -0.066738047 -0.073501162 0.073120832 -0.274093062 -0.088888757 0.954790652
398.000000 -0.084039077 -0.068478711 -0.072542839 0.072219610 -0.269202501 -0.087389104 0.956387758
399.000000 -0.081297994 -0.067162886 -0.071588941 0.072421275 -0.264179140 -0.085865386 0.957910061
400.000000 -0.081207126 -0.068858765 -0.071233101 0.071805976 -0.258451849 -0.085379459 0.959560752
401.000000 -0.079109460 -0.067227028 -0.069144346 0.072015636 -0.253451407 -0.083384961 0.961053133
402.000000 -0.077460863 -0.066552296 -0.068445064 0.071624488 -0.247767448 -0.081771210 0.962701738
403.000000 -0.074106611 -0.066732749 -0.067810372 0.071074672 -0.242920905 -0.079975739 0.964127421
404.000000 -0.074153356 -0.067118436 -0.066696703 0.070595428 -0.237519354 -0.077826180 0.965683162
405.000000 -0.071277022 -0.067703523 -0.064983428 0.070369050 -0.232878491 -0.075978033 0.966976285
406.000000 -0.066798948 -0.067738891 -0.064101070 0.069908902 -0.228394344 -0.074157886 0.968219697
407.000000 -0.066118248 -0.065857552 -0.062496372 0.069264539 -0.223402515 -0.071417898 0.969635606
408.000000 -0.058505900 -0.066311829 -0.062375266 0.068083614 -0.219535738 -0.070323564 0.970681906
409.000000 -0.055987254 -0.065378547 -0.060482331 0.067550831 -0.214926332 -0.068261541 0.971897066
410.000000 -0.053856261 -0.066621721 -0.059577458 0.065634541 -0.210234508 -0.066800177 0.973155320
411.000000 -0.053185109 -0.065404125 -0.058031596 0.064409621 -0.205397576 -0.064471766 0.974426329
412.000000 -0.050031949 -0.063244715 -0.056581333 0.063828222 -0.201146856 -0.062170390 0.975500286
413.000000 -0.049199909 -0.064004406 -0.055320136 0.062301807 -0.196509451 -0.060868900 0.976625562
414.000000 -0.046477348 -0.063542627 -0.054999243 0.061474673 -0.191880420 -0.059527371 0.977680564
415.000000 -0.047341667 -0.064771794 -0.053915944 0.060529090 -0.186680153 -0.058486085 0.978808522
416.000000 -0.042294826 -0.065876111 -0.053006634 0.059764896 -0.182637185 -0.057348933 0.979685128
417.000000 -0.043412201 -0.064396344 -0.052467719 0.059606928 -0.177427992 -0.055949476 0.980732381
418.000000 -0.041088570 -0.063394375 -0.051014125 0.059163738 -0.173314348 -0.054392334 0.981582046
419.000000 -0.041538898 -0.062483668 -0.048756540 0.058112893 -0.168656662 -0.052709501 0.982547462
420.000000 -0.037932757 -0.061007898 -0.047904756 0.056742202 -0.164978817 -0.051126361 0.983335316
421.000000 -0.033225305 -0.059144419 -0.048658922 0.055865340 -0.161264166 -0.049335893 0.984092951
422.000000 -0.034862451 -0.059751373 -0.045245308 0.054778788 -0.156725466 -0.047999367 0.984953046
423.000000 -0.032043777 -0.053580739 -0.044138514 0.054258507 -0.152399793 -0.046131603 0.985749543
424.000000 -0.027019490 -0.053813655 -0.043766990 0.052899972 -0.148624524 -0.044166088 0.986489594
425.000000 -0.028344156 -0.051220827 -0.041165128 0.052024689 -0.144244298 -0.042572834 0.987256110
426.000000 -0.025899805 -0.049218725 -0.039835472 0.050532345 -0.140630081 -0.040722281 0.987932861
427.000000 -0.022418976 -0.049539275 -0.038869828 0.049189489 -0.137226865 -0.039451726 0.988530576
428.000000 -0.020901129 -0.048947077 -0.036889151 0.048489913 -0.133359149 -0.038091727 0.989147663
429.000000 -0.019701391 -0.049846694 -0.035571828 0.048141833 -0.129421994 -0.036650416 0.989741921
430.000000 -0.015370851 -0.049968719 -0.036686890 0.048309918 -0.125560403 -0.035135120 0.990285933
431.000000 -0.012083366 -0.047307108 -0.035500653 0.048580397 -0.121486224 -0.033083592 0.990851402
432.000000 -0.015625078 -0.044262718 -0.032599069 0.047845982 -0.116160266 -0.030809352 0.991598904
433.000000 -0.016102871 -0.042761076 -0.029117774 0.046622500 -0.111992009 -0.029042356 0.992189825
434.000000 -0.013789886 -0.040133011 -0.028569233 0.045583691 -0.107905775 -0.027077770 0.992746353
435.000000 -0.006885323 -0.033237822 -0.028889637 0.045094833 -0.104178004 -0.025623377 0.993205309
436.000000 -0.004829058 -0.037695523 -0.028403465 0.042873196 -0.099514365 -0.024254400 0.993816137
437.000000 -0.006667244 -0.038881049 -0.027008828 0.041631009 -0.094153687 -0.021770289 0.994448602
438.000000 -0.012332294 -0.039302435 -0.025266482 0.040449183 -0.088661902 -0.019328626 0.995052457
439.000000 -0.014608183 -0.038482267 -0.024880320 0.039608315 -0.083333857 -0.016859608 0.995591462
440.000000 -0.015833260 -0.037696134 -0.022848876 0.038570210 -0.077873670 -0.014894101 0.996105492
441.000000 -0.024245067 -0.028345618 -0.023494804 0.037091974 -0.066297479 -0.010259058 0.997057498
442.000000 -0.024238475 -0.027558804 -0.023918325 0.035603322 -0.061530765 -0.008405242 0.997434556
443.000000 -0.029439539 -0.023305070 -0.024039047 0.035344493 -0.056213666 -0.006152424 0.997774005
444.000000 -0.028749302 -0.021851663 -0.025037907 0.034722630 -0.052660812 -0.004243575 0.997999609
445.000000 -0.034386054 -0.020137414 -0.021969704 0.034370054 -0.048068456 -0.001494510 0.998251438
446.000000 -0.028950194 -0.018684093 -0.014628815 0.033347830 -0.045330483 -0.000873514 0.998414874
447.000000 -0.024666579 -0.013797432 -0.014813165 0.032375362 -0.042641774 0.000272909 0.998565674
448.000000 -0.028206348 -0.008152753 -0.011496946 0.031250734 -0.038238253 0.001718449 0.998778343
449.000000 -0.028534038 -0.009051676 -0.010715601 0.028835440 -0.034607388 0.002310656 0.998982251
450.000000 -0.028123790 -0.006092214 -0.006098502 0.027049497 -0.031124702 0.003458435 0.999143422
451.000000 -0.021540496 -0.001336613 -0.007105966 0.025238667 -0.029220229 0.004774636 0.999242902
452.000000 -0.025459113 -0.002190291 -0.000421119 0.022723434 -0.025812414 0.006131865 0.999389648
453.000000 -0.021721927 -0.001360612 0.001863227 0.020428542 -0.023810312 0.006709740 0.999485195
454.000000 -0.018735271 0.001334007 0.004092408 0.018543864 -0.021760177 0.007408304 0.999563754
455.000000 -0.021995250 0.001880728 0.011259799 0.016282789 -0.019208603 0.008599718 0.999645889
456.000000 -0.020772360 -0.001238549 0.017192828 0.013759276 -0.017693274 0.009943776 0.999699295
457.000000 -0.017077209 -0.000934658 0.019576097 0.012539910 -0.017055022 0.010725003 0.999718368
458.000000 -0.016816866 -0.002724087 0.027903687 0.010791318 -0.015711959 0.011392289 0.999753416
459.000000 -0.024057541 -0.007291656 0.028940065 0.009021918 -0.013218709 0.012890901 0.999788821
460.000000 -0.022397066 -0.003003289 0.034674078 0.009075746 -0.012365091 0.013156611 0.999795794
461.000000 -0.006445291 -0.005287739 0.047852322 0.007700869 -0.013428335 0.012603406 0.999800742
462.000000 -0.009674056 -0.008052361 0.055699635 0.006127102 -0.011098310 0.013354113 0.999830484
463.000000 -0.016596699 -0.010986242 0.061212912 0.004849001 -0.008452384 0.015015668 0.999839783
464.000000 -0.013671902 -0.019648610 0.079121836 0.001745366 -0.007345063 0.016271137 0.999839127
465.000000 -0.004353654 -0.017391367 0.094160818 0.002116731 -0.008363137 0.015929138 0.999835908
466.000000 -0.008616281 -0.021548660 0.103449665 0.001066051 -0.007082711 0.017011188 0.999829650
467.000000 0.003898094 -0.026270794 0.117754526 -0.000098834 -0.008191051 0.016727522 0.999826491
468.000000 -0.000502952 -0.027990220 0.131039321 -0.000419195 -0.006506663 0.018125840 0.999814451
469.000000 0.005947302 -0.040173814 0.141372785 -0.002409957 -0.006477187 0.019251477 0.999790788
470.000000 -0.001580596 -0.040561829 0.149499923 -0.002423068 -0.005248301 0.021565804 0.999750733
471.000000 -0.000986694 -0.051648017 0.162412867 -0.004207530 -0.005786474 0.022177432 0.999728441
472.000000 0.001563611 -0.054426659 0.174076006 -0.003982009 -0.006373186 0.022094557 0.999727666
473.000000 0.005479268 -0.062059227 0.182665437 -0.004326801 -0.007314652 0.021001179 0.999743342
474.000000 0.009550767 -0.068054348 0.197276026 -0.004255796 -0.008333052 0.019800290 0.999760151
475.000000 0.012686260 -0.071183927 0.208108380 -0.004498547 -0.008374028 0.018563623 0.999782503
476.000000 0.023140542 -0.080151863 0.225850955 -0.005984092 -0.009555148 0.017064523 0.999790788
477.000000 0.022611845 -0.086903609 0.237751439 -0.006748283 -0.009239786 0.016579160 0.999797106
478.000000 0.027609298 -0.086560450 0.247746855 -0.006034907 -0.010310640 0.015711889 0.999805152
479.000000 0.024208890 -0.092345886 0.255070001 -0.007413051 -0.010374052 0.015395393 0.999800205
480.000000 0.026036987 -0.105140492 0.265439600 -0.009202705 -0.011405533 0.014540768 0.999786854
481.000000 0.026786715 -0.110982552 0.284532011 -0.007778691 -0.012343562 0.012788654 0.999811769
482.000000 0.037614990 -0.108506590 0.293538570 -0.006630276 -0.014594886 0.010359366 0.999817848
483.000000 0.044020262 -0.109432496 0.306129724 -0.007380642 -0.015500407 0.008645226 0.999815226
484.000000 0.037336897 -0.111288637 0.311301857 -0.009335599 -0.014020536 0.008630143 0.999820888
485.000000 0.040457450 -0.121574879 0.321179420 -0.012326119 -0.014094679 0.008607492 0.999787629
486.000000 0.040853687 -0.126468778 0.334048122 -0.013502065 -0.013881765 0.008674259 0.999774873
487.000000 0.039931338 -0.127149582 0.346123606 -0.015017895 -0.013735943 0.009216839 0.999750376
488.000000 0.040146373 -0.129161999 0.355698913 -0.016219558 -0.013825622 0.009465962 0.999728084
489.000000 0.051163815 -0.138056308 0.370066822 -0.017626440 -0.015710011 0.008714831 0.999683201
490.000000 0.048587117 -0.147226468 0.377002954 -0.018566448 -0.014719565 0.009833184 0.999670923
491.000000 0.047495846 -0.149650186 0.385873497 -0.017775506 -0.013511963 0.009789682 0.999702752
492.000000 0.046753868 -0.155371398 0.399243325 -0.017538985 -0.011882341 0.010348984 0.999722004
493.000000 0.050394200 -0.146846786 0.407806605 -0.015948931 -0.011406960 0.010465639 0.999752998
494.000000 0.047863834 -0.161082879 0.420618355 -0.019112153 -0.010246659 0.010905148 0.999705374
495.000000 0.055737682 -0.150578529 0.429377377 -0.017537376 -0.010923583 0.011001047 0.999725997
496.000000 0.056041706 -0.157642901 0.441261292 -0.018052464 -0.010239921 0.011784803 0.999715149
497.000000 0.052948479 -0.164867908 0.452079058 -0.017732818 -0.008451556 0.013010567 0.999722362
498.000000 0.050428722 -0.168927208 0.463001281 -0.016050180 -0.006589541 0.014571812 0.999743283
499.000000 0.047430225 -0.174053341 0.475501806 -0.015655154 -0.004921199 0.015654536 0.999742806
500.000000 0.046872146 -0.176363438 0.486236691 -0.016267220 -0.004291126 0.016803272 0.999717236
501.000000 0.047363572 -0.183984220 0.496731848 -0.018896952 -0.004093697 0.017558204 0.999658883
502.000000 0.045232236 -0.188473940 0.509115338 -0.020562889 -0.003266942 0.018434051 0.999613285
503.000000 0.042532984 -0.192107588 0.517988563 -0.021560121 -0.002210386 0.018605495 0.999591947
504.000000 0.041110914 -0.198340118 0.529002726 -0.023527838 -0.000465337 0.018215327 0.999557137
505.000000 0.041854359 -0.209457025 0.538053155 -0.025489978 0.000669234 0.018822264 0.999497652
506.000000 0.036302991 -0.213876307 0.549400210 -0.024576442 0.002557600 0.020852463 0.999477208
507.000000 0.035376407 -0.221833184 0.559954107 -0.025619492 0.003710380 0.022225345 0.999417782
508.000000 0.029252058 -0.226113632 0.570670545 -0.025434848 0.006140558 0.025310114 0.999337196
509.000000 0.028390169 -0.227533996 0.577992499 -0.024486389 0.008194908 0.027004169 0.999301791
510.000000 0.024499917 -0.232964814 0.586418450 -0.024936251 0.010954414 0.028913014 0.999210835
511.000000 0.025140939 -0.239836007 0.595169008 -0.025532007 0.012617665 0.030791469 0.999119997
512.000000 0.023470931 -0.243538871 0.602473974 -0.024103401 0.015129758 0.033182431 0.999044061
513.000000 0.021291217 -0.244888231 0.611080050 -0.023587324 0.018024690 0.035100784 0.998942792
514.000000 0.023112085 -0.248072326 0.617908418 -0.024665156 0.020873992 0.037108492 0.998788714
515.000000 0.023864854 -0.256567448 0.624184072 -0.026585964 0.023811206 0.040149722 0.998556077
516.000000 0.022727000 -0.255326390 0.631393552 -0.025719786 0.027586645 0.042983603 0.998363614
517.000000 0.022701539 -0.256616682 0.638007522 -0.025684588 0.031420380 0.045770653 0.998127282
518.000000 0.024044016 -0.261628240 0.643003225 -0.026113857 0.035666429 0.048589699 0.997840166
519.000000 0.028938733 -0.265605688 0.647219062 -0.025795085 0.039584294 0.051905192 0.997533739
520.000000 0.027587749 -0.266376972 0.654067338 -0.024781009 0.044867527 0.055315316 0.997152448
521.000000 0.031883191 -0.267812937 0.658495545 -0.025486423 0.049087483 0.058484048 0.996755004
522.000000 0.033026941 -0.267399997 0.662330508 -0.026809573 0.053674802 0.062120091 0.996263683
523.000000 0.038254749 -0.270138741 0.665898860 -0.028638884 0.057430562 0.065558732 0.995782912
524.000000 0.036090471 -0.277183920 0.676385939 -0.030330352 0.062894940 0.068871126 0.995178878
525.000000 0.038525522 -0.271979362 0.675856650 -0.030179692 0.067322083 0.071566477 0.994703531
526.000000 0.041780800 -0.269814074 0.678557336 -0.031191448 0.072109342 0.074600741 0.994113684
527.000000 0.050589103 -0.277960390 0.679376543 -0.033554949 0.075290553 0.076970011 0.993620157
528.000000 0.049320947 -0.274390846 0.684637904 -0.033692371 0.080384888 0.078694932 0.993081152
529.000000 0.055051763 -0.274891913 0.685197294 -0.034483310 0.084658571 0.081125177 0.992503166
530.000000 0.055867054 -0.276400030 0.687343001 -0.035003375 0.090200692 0.083745621 0.991778851
531.000000 0.065238655 -0.269899368 0.685180485 -0.034955028 0.093818091 0.086343415 0.991222024
532.000000 0.065804549 -0.273557246 0.690576792 -0.036213499 0.099138059 0.089410096 0.990386844
533.000000 0.071219072 -0.274665266 0.694354057 -0.037223607 0.103623599 0.092385322 0.989616871
534.000000 0.071860038 -0.279407084 0.698196828 -0.038774516 0.108994804 0.095738627 0.988661110
535.000000 0.078240223 -0.275964141 0.697733819 -0.039002787 0.113047011 0.098498948 0.987925649
536.000000 0.083910070 -0.271904796 0.696577609 -0.038852930 0.117828980 0.101496316 0.987069011
537.000000 0.091110691 -0.275763720 0.700105488 -0.040382344 0.122302391 0.103978589 0.986204743
538.000000 0.091768801 -0.278008163 0.703599811 -0.041082472 0.127769947 0.106628783 0.985199153
539.000000 0.096143641 -0.278560311 0.705842972 -0.040865298 0.132455319 0.108656920 0.984367430
540.000000 0.098621801 -0.276334822 0.709250987 -0.040547568 0.137830690 0.111417517 0.983333468
541.000000 0.103739239 -0.283206463 0.712811172 -0.042343624 0.143095106 0.112916671 0.982334256
542.000000 0.104061805 -0.286373764 0.718414843 -0.042782445 0.149540782 0.116476201 0.980938613
543.000000 0.107568063 -0.288480937 0.718479037 -0.043165617 0.154785141 0.119129837 0.979788959
544.000000 0.116768740 -0.282691747 0.715764165 -0.042052869 0.158503488 0.121768370 0.978918135
545.000000 0.115812816 -0.290382504 0.724470198 -0.041893851 0.169524282 0.127598748 0.976332366
546.000000 0.123367935 -0.289493263 0.727150679 -0.041869011 0.173702717 0.130051970 0.975274742
547.000000 0.133805260 -0.280795217 0.720775306 -0.040460393 0.177097082 0.132117733 0.974445701
548.000000 0.139648020 -0.279685020 0.720996559 -0.039886493 0.181760162 0.135218740 0.973184586
549.000000 0.142602921 -0.282883525 0.726007044 -0.040006250 0.187124267 0.138649315 0.971679151
550.000000 0.147262633 -0.281122386 0.721954763 -0.039347403 0.191662371 0.142211348 0.970305741
551.000000 0.151319802 -0.283030719 0.724186182 -0.037827253 0.196649000 0.144842505 0.968978286
552.000000 0.156939536 -0.286339045 0.725914419 -0.037045863 0.201360032 0.146473140 0.967795134
553.000000 0.159413904 -0.279893637 0.725967050 -0.035908848 0.206667021 0.148148909 0.966463268
554.000000 0.167058006 -0.279890478 0.726349950 -0.037021942 0.211037591 0.148960650 0.965351343
555.000000 0.170845330 -0.287584484 0.729102850 -0.038690038 0.216195628 0.150585189 0.963891387
556.000000 0.175797850 -0.287287444 0.729776323 -0.038486462 0.219749883 0.152403355 0.962809443
557.000000 0.181370527 -0.288793981 0.732078373 -0.038240999 0.222732976 0.154491097 0.961800456
558.000000 0.187308446 -0.293459445 0.733323514 -0.038136140 0.226084128 0.156340435 0.960723281
559.000000 0.189790875 -0.295085937 0.736031711 -0.037493609 0.230596423 0.158017874 0.959400773
560.000000 0.194486246 -0.301696420 0.741097093 -0.038417496 0.234139994 0.159730658 0.958221614
561.000000 0.200503081 -0.306251764 0.740053177 -0.038625002 0.237248793 0.161689684 0.957119405
562.000000 0.207677677 -0.303600520 0.738331795 -0.036463030 0.239111304 0.162619799 0.956583023
563.000000 0.214935929 -0.299380839 0.735426307 -0.033566199 0.241220415 0.163142964 0.956070304
564.000000 0.215278313 -0.308028728 0.741758704 -0.033352744 0.245168284 0.164733380 0.954800010
565.000000 0.220203161 -0.308031291 0.742693424 -0.031804726 0.247913033 0.165779993 0.953962564
566.000000 0.222457439 -0.316053510 0.748056591 -0.031218236 0.251861632 0.166492671 0.952822804
567.000000 0.228658438 -0.315117657 0.749616623 -0.029172217 0.254751027 0.167000800 0.952030301
568.000000 0.236179188 -0.316094548 0.744974911 -0.027933277 0.256943852 0.167603865 0.951371908
569.000000 0.238676712 -0.326365471 0.751822889 -0.028284529 0.260763943 0.168318376 0.950195312
570.000000 0.242312223 -0.324089885 0.751047730 -0.026092051 0.263511062 0.168927059 0.949391782
571.000000 0.250723004 -0.321688324 0.748573482 -0.023847178 0.265613675 0.168699354 0.948905289
572.000000 0.251544714 -0.334639668 0.752150297 -0.023523191 0.269636333 0.168904811 0.947741568
573.000000 0.260043144 -0.333582103 0.747975588 -0.020628529 0.270959169 0.169457942 0.947332859
574.000000 0.260162741 -0.343497574 0.756948829 -0.019429652 0.274316162 0.169550687 0.946375072
575.000000 0.264350235 -0.339742452 0.754274428 -0.016515302 0.275853068 0.169455022 0.946000755
576.000000 0.269104600 -0.341334462 0.752377868 -0.014283760 0.277367651 0.169426829 0.945599139
577.000000 0.268477350 -0.354269087 0.759780884 -0.014313681 0.280686885 0.168933123 0.944707155
578.000000 0.275692403 -0.350883812 0.754121482 -0.012354424 0.281648636 0.169251606 0.944391489
579.000000 0.278208137 -0.353866071 0.752480030 -0.009941912 0.283608675 0.168954521 0.943886459
580.000000 0.285135716 -0.362595886 0.753907084 -0.007632965 0.284449607 0.168551415 0.943727016
581.000000 0.283476532 -0.360600740 0.753357708 -0.003273384 0.286173522 0.168170601 0.943298817
582.000000 0.284979343 -0.361050457 0.752974451 0.000615809 0.287917644 0.167834446 0.942833304
583.000000 0.285158485 -0.362553954 0.752633691 0.004510454 0.290212274 0.166402414 0.942372918
584.000000 0.293073028 -0.372772276 0.752811551 0.005926919 0.291557252 0.165328234 0.942138970
585.000000 0.293358773 -0.377375335 0.753447294 0.008189932 0.293912947 0.164702207 0.941499531
586.000000 0.296478629 -0.376017332 0.751248717 0.011625931 0.295143843 0.163855165 0.941226065
587.000000 0.298554748 -0.379817814 0.752719283 0.014416562 0.296597213 0.163497582 0.940792620
588.000000 0.301406682 -0.386347145 0.753485978 0.016647523 0.297650129 0.162851557 0.940535307
589.000000 0.304274559 -0.385887861 0.752789140 0.019967392 0.298469424 0.162697583 0.940237641
590.000000 0.306436867 -0.391112983 0.755931973 0.022026233 0.299621999 0.161767155 0.939985573
591.000000 0.310167193 -0.394520968 0.753727555 0.024385594 0.299885005 0.161186054 0.939943314
592.000000 0.312036961 -0.397516012 0.755038619 0.030437198 0.302717417 0.159195587 0.939197838
593.000000 0.313220471 -0.396897286 0.755830884 0.033495538 0.304492176 0.158838198 0.938580334
594.000000 0.313152790 -0.396719754 0.754689157 0.035915129 0.306587338 0.158175290 0.937920511
595.000000 0.316089600 -0.403465778 0.756644011 0.037026498 0.308789372 0.157965079 0.937190056
596.000000 0.318001688 -0.403217316 0.755177438 0.039990589 0.310710490 0.156957746 0.936602414
597.000000 0.318525761 -0.406148285 0.757793844 0.042528439 0.312806129 0.155964136 0.935958803
598.000000 0.318423390 -0.401242703 0.755075336 0.046241589 0.314258665 0.154167697 0.935593665
599.000000 0.318348318 -0.404873252 0.758350194 0.048698209 0.316501647 0.152571648 0.934974372
600.000000 0.316070288 -0.405997843 0.762138009 0.054032743 0.320053935 0.151040494 0.933719814
601.000000 0.316956937 -0.405550539 0.761637926 0.056217417 0.321600914 0.149567246 0.933296323
602.000000 0.316998541 -0.407168686 0.762794852 0.057832822 0.324010640 0.148335621 0.932560444
603.000000 0.317315221 -0.413025290 0.764508724 0.058038510 0.326490968 0.148116007 0.931717098
604.000000 0.318190217 -0.415492624 0.765980959 0.060645830 0.329825848 0.147373796 0.930493355
605.000000 0.321603954 -0.417528838 0.764872432 0.061956976 0.330380380 0.147065297 0.930259049
606.000000 0.321708351 -0.419121981 0.765776515 0.063443236 0.330928266 0.147467822 0.929900348
607.000000 0.323345244 -0.419341654 0.764588952 0.064696968 0.331166893 0.146833420 0.929829419
608.000000 0.322857320 -0.421858698 0.767102599 0.066009782 0.332704902 0.146462500 0.929246426
609.000000 0.323587656 -0.421557009 0.766336799 0.067750901 0.333621502 0.146378636 0.928805590
610.000000 0.323382497 -0.424289405 0.766735435 0.068702921 0.334118634 0.146274984 0.928573251
611.000000 0.323846459 -0.428864032 0.768068314 0.069628045 0.334324598 0.146354675 0.928417623
612.000000 0.324983448 -0.431217730 0.768481970 0.070860125 0.333636284 0.146552056 0.928540885
613.000000 0.323521912 -0.433408737 0.769540787 0.072247393 0.332998276 0.146996140 0.928592801
614.000000 0.323022842 -0.434388340 0.770517051 0.074359462 0.331814378 0.147626191 0.928749919
615.000000 0.322829962 -0.434916526 0.772269726 0.076255523 0.330170959 0.148061648 0.929112494
616.000000 0.323224515 -0.435868084 0.771837950 0.077256978 0.328111887 0.147777155 0.929804206
617.000000 0.321689427 -0.437001735 0.774107397 0.078132473 0.326700479 0.146681249 0.930401385
618.000000 0.318520188 -0.442434549 0.776148319 0.079101607 0.325814784 0.145825312 0.930764556
619.000000 0.316534162 -0.443913907 0.778376341 0.080339968 0.323797584 0.144510731 0.931567132
620.000000 0.315676987 -0.446520567 0.780115843 0.080125682 0.321358114 0.142864332 0.932683527
621.000000 0.314907372 -0.445596308 0.780206680 0.080604143 0.318040133 0.141133010 0.934042215
622.000000 0.313545614 -0.448264241 0.782090485 0.080327675 0.314670891 0.139248610 0.935488939
623.000000 0.312512487 -0.450591177 0.784685552 0.080260776 0.310962439 0.138024241 0.936915100
624.000000 0.309273720 -0.453968614 0.786489189 0.079645127 0.307807982 0.136396036 0.938246787
625.000000 0.305060774 -0.462693751 0.790847361 0.078956984 0.304957926 0.135336548 0.939388335
626.000000 0.305764854 -0.462647021 0.789983332 0.080607444 0.300084859 0.132741109 0.941186130
627.000000 0.303598732 -0.464427143 0.791072309 0.081510678 0.296459317 0.130588010 0.942557514
628.000000 0.302839518 -0.466424406 0.791868806 0.081664920 0.292906910 0.127422988 0.944086730
629.000000 0.299028933 -0.464839876 0.793003082 0.082708769 0.290263534 0.125718772 0.945040286
630.000000 0.296580732 -0.470621973 0.797499180 0.082004651 0.287388325 0.123802714 0.946232557
631.000000 0.293720901 -0.471991688 0.800672948 0.082004912 0.284540027 0.122368515 0.947279334
632.000000 0.288642466 -0.468523562 0.803263724 0.082772344 0.281770289 0.121215522 0.948188305
633.000000 0.285554469 -0.473673582 0.805920601 0.082116820 0.278725654 0.119914860 0.949309886
634.000000 0.282293379 -0.477404773 0.808472276 0.081999458 0.275400281 0.118541017 0.950462401
635.000000 0.280170679 -0.480130881 0.809898436 0.082034454 0.271042436 0.116779603 0.951929033
636.000000 0.274636924 -0.478345513 0.811154127 0.082521819 0.267232269 0.115356363 0.953136921
637.000000 0.269468427 -0.480945230 0.817034960 0.082555808 0.263758659 0.114121705 0.954249501
638.000000 0.266322166 -0.478605002 0.816606581 0.083309799 0.259586722 0.112519510 0.955517411
639.000000 0.261029899 -0.480635196 0.822086811 0.083190508 0.256654114 0.111610591 0.956426203
640.000000 0.254804909 -0.482214749 0.827916980 0.083126925 0.254094630 0.110574506 0.957235157
641.000000 0.251170546 -0.483603805 0.829644084 0.083415776 0.250477105 0.108946353 0.958349466
642.000000 0.245698482 -0.485288829 0.833829284 0.083538711 0.247498035 0.106409110 0.959397256
643.000000 0.243083090 -0.483239502 0.835202992 0.084094003 0.243900225 0.104345277 0.960496187
644.000000 0.240196154 -0.487496346 0.838023424 0.083501808 0.240061641 0.102654338 0.961696386
645.000000 0.235266566 -0.490467727 0.840554714 0.083394937 0.235854819 0.101503231 0.962868035
646.000000 0.232549191 -0.491470188 0.841829419 0.082826212 0.230884165 0.099781483 0.964300752
647.000000 0.225672275 -0.491092384 0.846200049 0.082492411 0.226948097 0.098794073 0.965364814
648.000000 0.221793890 -0.495141119 0.849258721 0.081135213 0.222217247 0.097775519 0.966683269
649.000000 0.217729658 -0.502238810 0.851723969 0.079770282 0.217234343 0.096800916 0.968026638
650.000000 0.214318559 -0.504614532 0.853680730 0.079767913 0.211916134 0.094815858 0.969401181
651.000000 0.211646214 -0.501195967 0.855052829 0.080921158 0.206293181 0.092227273 0.970767200
652.000000 0.202186748 -0.510978103 0.861773074 0.079614185 0.202705041 0.090799540 0.971765220
653.000000 0.201866701 -0.507453918 0.861726999 0.079868160 0.196498513 0.087719664 0.973300934
654.000000 0.198101133 -0.509945571 0.862192035 0.078698888 0.191078529 0.086445458 0.974588454
655.000000 0.187292665 -0.512671530 0.865154922 0.078558750 0.186907873 0.084604412 0.975569606
656.000000 0.187343433 -0.517504930 0.867839515 0.077867270 0.180712089 0.082465224 0.976974607
657.000000 0.181251243 -0.512788475 0.869913042 0.078995906 0.175052971 0.082770787 0.977888107
658.000000 0.178908929 -0.515111446 0.871108890 0.078150161 0.168964788 0.081024081 0.979172409
659.000000 0.174811512 -0.516494930 0.872283697 0.077832669 0.163099214 0.079135202 0.980346024
660.000000 0.173021972 -0.518343091 0.871551454 0.077758238 0.157567561 0.076876581 0.981435716
661.000000 0.169713303 -0.524910033 0.873565674 0.077009693 0.153315768 0.075470366 0.982276976
662.000000 0.166629165 -0.523025215 0.874534786 0.077588826 0.148754895 0.073376037 0.983090997
663.000000 0.164002046 -0.526098311 0.875995278 0.076761238 0.144833714 0.071136862 0.983905733
664.000000 0.159718946 -0.526266873 0.877118170 0.076642714 0.141963333 0.069258437 0.984467149
665.000000 0.158340976 -0.530148208 0.879029334 0.075638518 0.138357759 0.067358792 0.985189676
666.000000 0.155200034 -0.531271040 0.878227115 0.075629495 0.134533241 0.065842062 0.985822380
667.000000 0.150964081 -0.533159375 0.878939748 0.075842924 0.130693704 0.063925304 0.986448467
668.000000 0.148556873 -0.537556231 0.881124377 0.074872315 0.126007840 0.061833393 0.987265289
669.000000 0.144104078 -0.534511685 0.880729437 0.075083539 0.121856034 0.060537096 0.987850606
670.000000 0.140908569 -0.533486485 0.881915569 0.074947454 0.117478564 0.058962543 0.988486290
671.000000 0.133416116 -0.533616483 0.886059344 0.074545763 0.113726348 0.058283214 0.988995612
672.000000 0.131005898 -0.531854630 0.887347221 0.074807033 0.108925328 0.057645161 0.989553571
673.000000 0.127290353 -0.533847809 0.887837172 0.074931510 0.104621977 0.055650536 0.990122497
674.000000 0.122069940 -0.529680729 0.888436198 0.076251842 0.100981228 0.053997133 0.990491152
675.000000 0.120848581 -0.534053683 0.889493048 0.075515710 0.096502677 0.052193064 0.991090536
676.000000 0.114429146 -0.534157634 0.891254008 0.076673985 0.092830740 0.051520627 0.991387486
677.000000 0.108156204 -0.533175111 0.893033445 0.077405401 0.089023136 0.050509717 0.991731882
678.000000 0.102448933 -0.530019522 0.893228114 0.078311741 0.084658571 0.049712583 0.992083073
679.000000 0.097764194 -0.530883610 0.894621789 0.078420825 0.080109201 0.048408788 0.992516637
680.000000 0.094295777 -0.530457377 0.896304727 0.078666128 0.075237125 0.047043238 0.992944062
681.000000 0.091686554 -0.528688192 0.896571577 0.079235047 0.070137493 0.045390427 0.993349016
682.000000 0.088826135 -0.527162075 0.895789564 0.079262383 0.065130562 0.043553878 0.993769884
683.000000 0.083847165 -0.529278994 0.897053719 0.078192808 0.060358431 0.042986188 0.994180560
684.000000 0.078938477 -0.533579767 0.901164889 0.077034928 0.055997822 0.041984335 0.994568825
685.000000 0.068821833 -0.533523858 0.905940413 0.076087795 0.053488210 0.040956791 0.994822681
686.000000 0.064161018 -0.533824086 0.907441437 0.075933941 0.049714133 0.039687987 0.995081604
687.000000 0.062207323 -0.534816980 0.908304989 0.075693391 0.045674939 0.037553061 0.995376348
688.000000 0.058544174 -0.535285950 0.908848643 0.074430726 0.042338379 0.035738263 0.995685816
689.000000 0.055955399 -0.540200830 0.912103951 0.072950877 0.038353067 0.034263548 0.996008635
690.000000 0.054032341 -0.540157199 0.911636770 0.073001057 0.033745594 0.032789778 0.996221304
691.000000 0.050251484 -0.542035639 0.913144052 0.072196379 0.029823544 0.031627171 0.996442676
692.000000 0.045118522 -0.540271401 0.913837254 0.072281733 0.026248602 0.030142652 0.996583045
693.000000 0.043130510 -0.541434348 0.915183008 0.071640953 0.022412123 0.029111084 0.996753633
694.000000 0.040134843 -0.542543054 0.916463673 0.070843920 0.018579679 0.027556060 0.996933579
695.000000 0.035244025 -0.538066924 0.918697476 0.071685009 0.015359537 0.026370939 0.996960342
696.000000 0.033805609 -0.540760994 0.918087423 0.070913762 0.011044347 0.024176488 0.997128248
697.000000 0.031255580 -0.540733337 0.919368148 0.071253896 0.007363596 0.022419367 0.997179031
698.000000 0.028315594 -0.543783069 0.920027733 0.071194887 0.003951093 0.021317890 0.997226775
699.000000 0.023429379 -0.542368114 0.921203554 0.072066590 0.001325790 0.019219590 0.997213781
700.000000 0.020538058 -0.543684006 0.921280026 0.071776390 -0.001708559 0.017595416 0.997264087
701.000000 0.018037833 -0.547972143 0.923326075 0.070458539 -0.005102241 0.015975930 0.997373760
702.000000 0.011916620 -0.546043277 0.924552619 0.070806675 -0.007343110 0.014517577 0.997357368
703.000000 0.010704769 -0.545391381 0.925237656 0.070793800 -0.010970300 0.013069299 0.997345030
704.000000 0.009732779 -0.546374083 0.927128017 0.070058942 -0.014826539 0.011243049 0.997369289
705.000000 0.006716102 -0.545759857 0.929213345 0.070043385 -0.017997667 0.009737355 0.997334063
706.000000 -0.002627112 -0.544564307 0.930129349 0.070480995 -0.019236621 0.009076955 0.997286320
707.000000 -0.007386591 -0.541318953 0.931753576 0.071312860 -0.021121323 0.007965873 0.997198522
708.000000 -0.008195054 -0.544147551 0.932353735 0.070226192 -0.024187973 0.006687829 0.997215390
709.000000 -0.012680992 -0.543716788 0.933341503 0.070099600 -0.026849249 0.005446640 0.997163713
710.000000 -0.015040901 -0.542789400 0.934518456 0.069675833 -0.030381290 0.003752133 0.997099876
711.000000 -0.017777231 -0.544517219 0.934492409 0.068191171 -0.033517975 0.002330324 0.997106373
712.000000 -0.021235261 -0.545566320 0.936051130 0.067207173 -0.036453404 0.000896771 0.997072458
713.000000 -0.025908701 -0.546717763 0.936670482 0.066114202 -0.038864356 -0.000428077 0.997054815
714.000000 -0.030799475 -0.543774068 0.937824249 0.066443861 -0.041527256 -0.001140376 0.996924937
715.000000 -0.033411115 -0.545797348 0.939176798 0.065195985 -0.044828240 -0.002592593 0.996861696
716.000000 -0.039964404 -0.545418382 0.940957665 0.064343520 -0.047270399 -0.003595145 0.996801138
717.000000 -0.046929214 -0.544935584 0.941236019 0.063915759 -0.050062574 -0.004684951 0.996687770
718.000000 -0.048314914 -0.545910537 0.942745864 0.062774591 -0.054036390 -0.006418692 0.996543109
719.000000 -0.052609518 -0.547894299 0.943963647 0.061045922 -0.057092227 -0.008393918 0.996465445
720.000000 -0.056344531 -0.544784069 0.945439279 0.060842622 -0.060120061 -0.010114020 0.996283829
721.000000 -0.062531509 -0.545063436 0.946577966 0.059914775 -0.062612869 -0.011415990 0.996172428
722.000000 -0.065852568 -0.542905152 0.947213233 0.059131727 -0.065569900 -0.012671385 0.996013761
723.000000 -0.073558986 -0.542738318 0.947877526 0.058230720 -0.067918576 -0.013523907 0.995898247
724.000000 -0.076843105 -0.541629851 0.947776020 0.057517134 -0.071228765 -0.014353845 0.995696843
725.000000 -0.077436499 -0.541989923 0.951354027 0.055876128 -0.074523486 -0.016149776 0.995521605
726.000000 -0.080702625 -0.541044831 0.951963842 0.054905239 -0.076904856 -0.017650338 0.995369017
727.000000 -0.083235733 -0.540594339 0.952795863 0.053568590 -0.079367295 -0.019192882 0.995220006
728.000000 -0.083684802 -0.540388107 0.953391314 0.052514825 -0.082213245 -0.021530785 0.994997323
729.000000 -0.087501168 -0.540972531 0.953678310 0.050756641 -0.084250793 -0.023354681 0.994876921
730.000000 -0.089975573 -0.539262831 0.954216301 0.049450964 -0.086505018 -0.025227277 0.994703472
731.000000 -0.093993507 -0.539291263 0.954408526 0.048124127 -0.088574424 -0.026890492 0.994542897
732.000000 -0.097109817 -0.538673580 0.955284297 0.046837769 -0.090717435 -0.028123874 0.994377017
733.000000 -0.100252278 -0.537912607 0.955832303 0.045209687 -0.092304677 -0.029137483 0.994277120
734.000000 -0.103639565 -0.536992371 0.956526101 0.044157196 -0.094234265 -0.030190706 0.994111955
735.000000 -0.106823198 -0.536310196 0.956201077 0.042889535 -0.096142426 -0.031600915 0.993940890
736.000000 -0.108011857 -0.533276320 0.955541253 0.041605737 -0.098215275 -0.032805208 0.993753731
737.000000 -0.108830169 -0.532510161 0.956682682 0.040304188 -0.099838048 -0.033981722 0.993606150
738.000000 -0.112201028 -0.530381322 0.957300365 0.039309639 -0.100850813 -0.034943376 0.993510365
739.000000 -0.113795757 -0.527269125 0.956692398 0.037655219 -0.101966910 -0.036142733 0.993417621
740.000000 -0.116499767 -0.525911987 0.955947876 0.036027499 -0.102857217 -0.038460057 0.993299186
741.000000 -0.116845280 -0.525491834 0.958103120 0.034949627 -0.104230493 -0.039902009 0.993137658
742.000000 -0.116749078 -0.525328994 0.958621562 0.033660989 -0.105450533 -0.041666266 0.992980897
743.000000 -0.121456891 -0.520194888 0.958673835 0.031883970 -0.106388859 -0.043414716 0.992864549
744.000000 -0.121084072 -0.518604517 0.959267795 0.029641520 -0.107991144 -0.044569146 0.992709875
745.000000 -0.126133651 -0.517416656 0.961186767 0.027660411 -0.107932448 -0.044542901 0.992774606
746.000000 -0.127343714 -0.516090989 0.962254524 0.025850998 -0.109049231 -0.045061529 0.992677927
747.000000 -0.129869252 -0.514411449 0.963097095 0.023898592 -0.109941639 -0.045108538 0.992626250
748.000000 -0.129838437 -0.514192581 0.963186204 0.021621320 -0.111261085 -0.045126423 0.992530644
749.000000 -0.131167337 -0.513834894 0.962846637 0.019862043 -0.112288259 -0.044997517 0.992457569
750.000000 -0.130553603 -0.511213779 0.963996172 0.017826574 -0.114017956 -0.044911496 0.992302895
751.000000 -0.129995316 -0.509962440 0.964355111 0.014627467 -0.115257174 -0.045636926 0.992178977
752.000000 -0.131476983 -0.507815599 0.965496659 0.012454724 -0.115626335 -0.046407390 0.992129922
753.000000 -0.131610572 -0.505411148 0.966427207 0.010497481 -0.115913771 -0.047229666 0.992080212
754.000000 -0.131008729 -0.504260361 0.967162192 0.008006297 -0.116991915 -0.048451960 0.991917968
755.000000 -0.130311072 -0.504694581 0.968867004 0.005554429 -0.118227132 -0.049010482 0.991760790
756.000000 -0.129554242 -0.503359258 0.969497144 0.003219602 -0.119892135 -0.050319683 0.991505623
757.000000 -0.130807415 -0.503340840 0.971449196 0.002061684 -0.121573046 -0.051469505 0.991245031
758.000000 -0.131866664 -0.502390325 0.972381711 0.001809819 -0.123798311 -0.052399162 0.990921259
759.000000 -0.129514039 -0.499929726 0.972693145 0.000741159 -0.126890615 -0.054633714 0.990410686
760.000000 -0.129138619 -0.499717444 0.975250602 -0.000051325 -0.129285038 -0.055401161 0.990058601
761.000000 -0.129745632 -0.499503106 0.975384057 -0.000473583 -0.131606817 -0.055733148 0.989733934
762.000000 -0.126754254 -0.498687923 0.977239192 -0.001307270 -0.135246292 -0.056120638 0.989220500
763.000000 -0.125261799 -0.495432436 0.978556633 -0.002972384 -0.138630062 -0.056820657 0.988708377
764.000000 -0.123812497 -0.491878688 0.980821431 -0.003878583 -0.142197624 -0.057156041 0.988179088
765.000000 -0.120414972 -0.492106855 0.981734753 -0.005513241 -0.145696804 -0.059179246 0.987542331
766.000000 -0.116802633 -0.488205552 0.984753072 -0.006278171 -0.148252934 -0.061510790 0.987014711
767.000000 -0.113390014 -0.485243320 0.985979795 -0.007715145 -0.150736436 -0.063551761 0.986498952
768.000000 -0.106548995 -0.484278798 0.989944458 -0.008534038 -0.157511905 -0.068840332 0.985077739
769.000000 -0.102514505 -0.480018735 0.992066324 -0.010029497 -0.161318213 -0.072520286 0.984183252
770.000000 -0.099105462 -0.477939487 0.993731320 -0.013112611 -0.164699659 -0.076011755 0.983323097
771.000000 -0.097926781 -0.477415502 0.995100856 -0.015381162 -0.167695895 -0.079178236 0.982533634
772.000000 -0.090585455 -0.473196447 0.995966494 -0.015948640 -0.172095165 -0.083380871 0.981415570
773.000000 -0.091119468 -0.466801077 0.996407628 -0.016210213 -0.173841119 -0.086407706 0.980841577
774.000000 -0.084576070 -0.467326581 0.998131514 -0.017885009 -0.178023666 -0.090454377 0.979696751
775.000000 -0.082200065 -0.463155597 0.999487162 -0.018218769 -0.181520164 -0.093668230 0.978746533
776.000000 -0.078236699 -0.460264385 1.000934362 -0.018134229 -0.185032204 -0.096139498 0.977850437
777.000000 -0.074168980 -0.458895624 1.001281857 -0.018214511 -0.189148098 -0.099288128 0.976746202
778.000000 -0.073094279 -0.455506086 1.003284097 -0.017986745 -0.192464784 -0.100746885 0.975952804
779.000000 -0.070152104 -0.454502225 1.006305218 -0.018245224 -0.196793512 -0.102260932 0.974926710
780.000000 -0.067299992 -0.449984848 1.007986307 -0.017216016 -0.201012790 -0.103535153 0.973949671
781.000000 -0.062785894 -0.445371449 1.009718180 -0.016150676 -0.205652907 -0.105764739 0.972758889
782.000000 -0.061659604 -0.441538930 1.010918498 -0.015401529 -0.209273040 -0.106136344 0.971958160
783.000000 -0.058014363 -0.436446249 1.013309956 -0.014963598 -0.213409171 -0.107754983 0.970886946
784.000000 -0.056780636 -0.431840509 1.014807940 -0.015240400 -0.216356292 -0.108954601 0.970096171
785.000000 -0.055971950 -0.429023832 1.016192198 -0.015429793 -0.218687505 -0.109618202 0.969495535
786.000000 -0.053444356 -0.422020227 1.017833233 -0.014204716 -0.221816659 -0.110776380 0.968671381
787.000000 -0.052075058 -0.418078929 1.019494772 -0.014527315 -0.224616200 -0.111940213 0.967887342
788.000000 -0.050740629 -0.413265020 1.018919468 -0.014406488 -0.226675838 -0.113724560 0.967200696
789.000000 -0.050680190 -0.408324689 1.020713568 -0.014508457 -0.228872910 -0.115361892 0.966487646
790.000000 -0.047804683 -0.400080442 1.023549914 -0.016187001 -0.233535454 -0.119320966 0.964863539
791.000000 -0.046619743 -0.394382596 1.025640130 -0.015104017 -0.235612080 -0.120968096 0.964170933
792.000000 -0.046764702 -0.387936652 1.027264476 -0.014339267 -0.236759618 -0.122315541 0.963731408
793.000000 -0.044989765 -0.387865931 1.029302120 -0.014541215 -0.238871261 -0.123940952 0.962999284
794.000000 -0.045762956 -0.385355949 1.030794024 -0.010816941 -0.240908772 -0.124692567 0.962443590
795.000000 -0.045847923 -0.380113095 1.032976747 -0.004597081 -0.242915437 -0.126021057 0.961815834
796.000000 -0.045186192 -0.374604762 1.035462260 0.000979966 -0.244827330 -0.127587304 0.961134791
797.000000 -0.044140995 -0.355616093 1.041239858 0.007783739 -0.245800525 -0.132556200 0.960182488
798.000000 -0.042935789 -0.346669167 1.045074105 0.005903534 -0.246196166 -0.135167003 0.959730387
799.000000 -0.046416044 -0.345622033 1.046100736 0.002690127 -0.245619863 -0.138327524 0.959442139
800.000000 -0.045486540 -0.339890122 1.048747063 0.001910410 -0.246165395 -0.139474347 0.959138095
801.000000 -0.045959920 -0.333044201 1.051492453 0.001634455 -0.247026414 -0.139454216 0.958920121
802.000000 -0.045686573 -0.321482211 1.055571795 0.001384359 -0.247722834 -0.139806509 0.958689511
803.000000 -0.048771322 -0.305981010 1.061155438 -0.002242432 -0.248463914 -0.140448838 0.958402216
804.000000 -0.049345493 -0.300819337 1.065251589 -0.004351915 -0.249215916 -0.140529066 0.958187878
805.000000 -0.050064683 -0.296840280 1.068297863 -0.004888053 -0.250341386 -0.140921280 0.957834244
806.000000 -0.050394028 -0.288186312 1.072657585 -0.003661700 -0.251888692 -0.140846387 0.957445025
807.000000 -0.051941335 -0.280385256 1.075177431 -0.002185098 -0.253386706 -0.139771387 0.957211792
808.000000 -0.053766400 -0.268566668 1.079821348 -0.000280922 -0.254122674 -0.139713302 0.957027555
809.000000 -0.054375172 -0.253098637 1.084575653 0.000285919 -0.254394591 -0.139639601 0.956966102
810.000000 -0.055680424 -0.248986393 1.087880135 -0.001343848 -0.255683601 -0.138617605 0.956770241
811.000000 -0.055279434 -0.247675687 1.092190027 -0.001062592 -0.258089274 -0.138926610 0.956079602
812.000000 -0.060712218 -0.235276222 1.097759485 0.002813597 -0.258712292 -0.137842581 0.956064522
813.000000 -0.061447322 -0.225672185 1.103376269 0.005475522 -0.259808570 -0.137692958 0.955777287
814.000000 -0.061744153 -0.216138989 1.106843114 0.008112974 -0.259844035 -0.138843715 0.955582380
815.000000 -0.063152879 -0.206522748 1.112494707 0.012149047 -0.259622902 -0.138170049 0.955697298
816.000000 -0.063043535 -0.194363847 1.118650198 0.016665695 -0.259327382 -0.137181893 0.955851853
817.000000 -0.065960020 -0.175475001 1.125493646 0.019147497 -0.257778764 -0.137364343 0.956197977
818.000000 -0.067761481 -0.167418391 1.132977605 0.016373681 -0.257602066 -0.137745053 0.956242323
819.000000 -0.068962991 -0.164690718 1.137362599 0.013666491 -0.258118957 -0.138592049 0.956023097
820.000000 -0.070266902 -0.154137284 1.141474605 0.015443804 -0.258684397 -0.138449550 0.955863774
821.000000 -0.070552677 -0.142113894 1.146762729 0.017414503 -0.259503514 -0.138992682 0.955528975
822.000000 -0.071107686 -0.128889114 1.152023554 0.019065157 -0.259928793 -0.139404014 0.955321968
823.000000 -0.069795221 -0.119985335 1.158516526 0.017978076 -0.260483235 -0.140433997 0.955041170
824.000000 -0.069278896 -0.112874255 1.163767934 0.016216924 -0.260947049 -0.140250191 0.954973102
825.000000 -0.070303112 -0.101114646 1.168795943 0.016632676 -0.261895686 -0.138976336 0.954892457
826.000000 -0.069715768 -0.088899828 1.172356009 0.017579054 -0.262928009 -0.138273135 0.954693913
827.000000 -0.063851893 -0.081492707 1.176905274 0.018205939 -0.265230119 -0.137202293 0.954199672
828.000000 -0.063913673 -0.074626468 1.181005836 0.018867631 -0.265832633 -0.136203721 0.954162240
829.000000 -0.066805333 -0.056935232 1.187477708 0.022124549 -0.265433609 -0.134421244 0.954456091
830.000000 -0.066288978 -0.044529617 1.192147732 0.021988178 -0.265391767 -0.133492902 0.954601169
831.000000 -0.064366549 -0.035980508 1.193143725 0.020969668 -0.265621543 -0.132207483 0.954739034
832.000000 -0.065678596 -0.027594216 1.198056459 0.020738576 -0.266629666 -0.131079808 0.954618573
833.000000 -0.063844800 -0.019203778 1.201277494 0.020514742 -0.267923683 -0.130058244 0.954400837
834.000000 -0.061765492 -0.014314152 1.202533841 0.021144835 -0.268863112 -0.131498456 0.953925431
835.000000 -0.062322080 -0.006179875 1.204683542 0.023316823 -0.269055545 -0.130438909 0.953965962
836.000000 -0.058988631 0.005772145 1.208952427 0.025758186 -0.269872397 -0.128669828 0.953912735
837.000000 -0.061013907 0.014621994 1.211889625 0.025415113 -0.269124627 -0.127592593 0.954277813
838.000000 -0.056782842 0.025039937 1.213238835 0.025677416 -0.269378692 -0.127084389 0.954266906
839.000000 -0.058557898 0.031058904 1.214074850 0.025746981 -0.268972993 -0.126921818 0.954401076
840.000000 -0.053699195 0.042734817 1.218930125 0.028479330 -0.271070182 -0.125753775 0.953884661
841.000000 -0.052117586 0.057103906 1.222961903 0.028109372 -0.270399958 -0.125905603 0.954065800
842.000000 -0.053122818 0.062814660 1.223316193 0.023941783 -0.267499447 -0.126306087 0.954943776
843.000000 -0.052994668 0.068440109 1.223571777 0.022300843 -0.266288847 -0.124979742 0.955496132
844.000000 -0.053854167 0.076427974 1.225773573 0.021057062 -0.265518427 -0.123794772 0.955892980
845.000000 -0.051926851 0.084351331 1.225004435 0.019534074 -0.265190035 -0.122365206 0.956200480
846.000000 -0.052252531 0.091580741 1.226342320 0.020010056 -0.264953345 -0.119855456 0.956574082
847.000000 -0.048351347 0.103515029 1.228759050 0.022033792 -0.264766753 -0.118935958 0.956696033
848.000000 -0.048276365 0.111134917 1.230715275 0.019488063 -0.262256414 -0.118251875 0.957527161
849.000000 -0.050988734 0.116625026 1.229816556 0.017224429 -0.259502500 -0.117615089 0.958398879
850.000000 -0.053920627 0.123698384 1.230952263 0.016500648 -0.257996768 -0.116868727 0.958909273
851.000000 -0.049868703 0.127474248 1.229137540 0.014606506 -0.257126033 -0.116735384 0.959190130
852.000000 -0.049747825 0.129412308 1.228299499 0.013286180 -0.255657464 -0.116121233 0.959676266
853.000000 -0.052258283 0.139089316 1.228999853 0.013082526 -0.254070550 -0.113958210 0.960359573
854.000000 -0.054667830 0.139249489 1.229298353 0.008502464 -0.252309501 -0.114001863 0.960870028
855.000000 -0.049382120 0.145433158 1.228284121 0.006232635 -0.252206624 -0.112762757 0.961060643
856.000000 -0.050513983 0.147169068 1.226988077 0.004024681 -0.250995606 -0.111958869 0.961483359
857.000000 -0.049136817 0.150979400 1.226084352 0.003470216 -0.250215858 -0.110320032 0.961878121
858.000000 -0.047114283 0.153439134 1.223810792 0.002741642 -0.248660997 -0.108021110 0.962544382
859.000000 -0.044386089 0.155019715 1.223520041 0.002981750 -0.247322872 -0.106927894 0.963010311
860.000000 -0.047344387 0.154747978 1.222025990 0.002610509 -0.243588671 -0.105947532 0.964070976
861.000000 -0.050169200 0.158458307 1.220898271 0.003986222 -0.240003213 -0.104069799 0.965169430
862.000000 -0.048984766 0.160580888 1.221292496 0.003300272 -0.237871870 -0.102106661 0.965909064
863.000000 -0.050802618 0.162725180 1.219562531 0.001626426 -0.234730452 -0.099394642 0.966964185
864.000000 -0.048784882 0.162892699 1.217909813 0.001833207 -0.233339533 -0.097552538 0.967487872
865.000000 -0.050297797 0.166103154 1.216378331 0.002427625 -0.230661005 -0.096329875 0.968251050
866.000000 -0.048730910 0.170546666 1.215566158 0.001826419 -0.228145868 -0.095554233 0.968924940
867.000000 -0.051220417 0.171524674 1.213294029 0.000843792 -0.224844486 -0.094959624 0.969756126
868.000000 -0.047920227 0.175928175 1.212733507 0.000962571 -0.223565400 -0.093987696 0.970146358
869.000000 -0.046376914 0.175434276 1.211088300 -0.000603370 -0.222226843 -0.093692891 0.970482588
870.000000 -0.043461710 0.179802150 1.210567951 -0.001054580 -0.221839756 -0.092616066 0.970674098
871.000000 -0.046759725 0.183457106 1.210365772 -0.003077913 -0.220487043 -0.091841631 0.971051514
872.000000 -0.047683865 0.185153022 1.209292173 -0.006160182 -0.219583243 -0.091387138 0.971284509
873.000000 -0.037805259 0.186945945 1.209887028 -0.008324781 -0.221092656 -0.091235489 0.970940173
874.000000 -0.040118426 0.189618319 1.208724380 -0.009678880 -0.219966710 -0.091119565 0.971194208
875.000000 -0.044394344 0.190517128 1.207964301 -0.011870400 -0.218367189 -0.090847529 0.971556246
876.000000 -0.042651623 0.195609555 1.207969189 -0.012946777 -0.218111962 -0.090422377 0.971639514
877.000000 -0.045117050 0.197147593 1.207217216 -0.014201302 -0.216813266 -0.090555094 0.971900225
878.000000 -0.047691017 0.200692028 1.206422448 -0.015669361 -0.215865821 -0.090118080 0.972129166
879.000000 -0.049915731 0.207510918 1.203848839 -0.019260660 -0.214438587 -0.090239786 0.972369254
880.000000 -0.046023816 0.207844257 1.202615261 -0.020416679 -0.214884311 -0.090674929 0.972206712
881.000000 -0.046530396 0.208145678 1.201120853 -0.021220157 -0.214957058 -0.092034444 0.972045660
882.000000 -0.050265938 0.211494818 1.199140429 -0.021512246 -0.213987023 -0.093071356 0.972154558
883.000000 -0.046912819 0.214921832 1.198039770 -0.021965586 -0.215352014 -0.094365805 0.971718073
884.000000 -0.050006390 0.215206414 1.196382999 -0.023107477 -0.216187477 -0.096373975 0.971308947
885.000000 -0.048364818 0.216795057 1.195103645 -0.023740886 -0.218868941 -0.098142035 0.970515788
886.000000 -0.050592601 0.216784924 1.192426562 -0.024464196 -0.220976382 -0.099859536 0.969844818
887.000000 -0.053725958 0.219947621 1.191329718 -0.023782579 -0.223209232 -0.101518840 0.969177961
888.000000 -0.054382294 0.223152041 1.189868569 -0.023870926 -0.225827724 -0.103511296 0.968358099
889.000000 -0.053247392 0.223675057 1.187919617 -0.023795333 -0.229434803 -0.105380401 0.967309892
890.000000 -0.053378224 0.227588296 1.187502384 -0.022831930 -0.232815787 -0.107169546 0.966328204
891.000000 -0.057615548 0.225858629 1.184470773 -0.024382053 -0.235218033 -0.109952696 0.965395451
892.000000 -0.062348187 0.227556705 1.183342695 -0.024338435 -0.238026306 -0.111840852 0.964490891
893.000000 -0.061204374 0.230262846 1.182521820 -0.023495801 -0.242459133 -0.114447296 0.963100851
894.000000 -0.059602737 0.233396649 1.180448771 -0.023514507 -0.246930823 -0.116799481 0.961680889
895.000000 -0.061149269 0.234865114 1.181385756 -0.024372824 -0.251411647 -0.119587019 0.960154712
896.000000 -0.057347119 0.232862219 1.180248976 -0.024642022 -0.257209659 -0.122858286 0.958197176
897.000000 -0.064544290 0.230675846 1.177466512 -0.025422396 -0.260302991 -0.124979883 0.957066417
898.000000 -0.063460827 0.235588387 1.176677465 -0.024049722 -0.265156120 -0.125733420 0.955669940
899.000000 -0.063210338 0.233401313 1.176691532 -0.024612851 -0.270181805 -0.128195837 0.953919172
900.000000 -0.062712997 0.233816594 1.176457047 -0.024209721 -0.275283694 -0.130494341 0.952157557
901.000000 -0.066056490 0.231241360 1.176478028 -0.025132088 -0.279740572 -0.133322075 0.950441360
902.000000 -0.066965818 0.234218121 1.174650431 -0.024025131 -0.284372747 -0.134930864 0.948867023
903.000000 -0.067448109 0.235029534 1.173646450 -0.023719268 -0.289432496 -0.137263775 0.947008371
904.000000 -0.068792045 0.234914660 1.171684027 -0.023753034 -0.293424785 -0.140435874 0.945312321
905.000000 -0.073172301 0.233953103 1.171244144 -0.023589654 -0.297179192 -0.143483609 0.943684518
906.000000 -0.071837187 0.236392200 1.170222521 -0.022661485 -0.301969379 -0.145269021 0.941911817
907.000000 -0.067923546 0.236049414 1.170123816 -0.022523386 -0.306921512 -0.148295924 0.939840496
908.000000 -0.072093487 0.236808732 1.168554425 -0.021901039 -0.309920579 -0.149968386 0.938604832
909.000000 -0.075892806 0.235877812 1.168490887 -0.021470465 -0.312911302 -0.152702004 0.937180698
910.000000 -0.079175353 0.237570718 1.168806195 -0.020768803 -0.316274405 -0.154293016 0.935805976
911.000000 -0.080717206 0.240851477 1.168400764 -0.020301174 -0.319900870 -0.155772343 0.934337378
912.000000 -0.084677339 0.240385234 1.167235613 -0.021716041 -0.327379584 -0.160543263 0.930901110
913.000000 -0.085050642 0.240855649 1.167296648 -0.020893183 -0.331215590 -0.163291097 0.929083288
914.000000 -0.088676214 0.239281803 1.165759325 -0.021019248 -0.333868980 -0.166519463 0.927556455
915.000000 -0.088849366 0.242222205 1.164902449 -0.019648518 -0.337688982 -0.168271407 0.925885975
916.000000 -0.091450930 0.240509987 1.166388631 -0.019760408 -0.341647953 -0.171251312 0.923882663
917.000000 -0.092161179 0.244430855 1.166191578 -0.018415246 -0.345611364 -0.172546804 0.922193706
918.000000 -0.093171418 0.239482835 1.166361094 -0.019921748 -0.349380702 -0.176616177 0.919969022
919.000000 -0.095645368 0.241153434 1.165586472 -0.019215798 -0.352523327 -0.178960830 0.918330610
920.000000 -0.096329391 0.242186353 1.166196346 -0.018106438 -0.356942236 -0.180694252 0.916304529
921.000000 -0.094689369 0.246910721 1.166556120 -0.016213603 -0.361836880 -0.181767434 0.914205551
922.000000 -0.097512782 0.248194978 1.166894913 -0.016520763 -0.366093576 -0.183568820 0.912143111
923.000000 -0.098638892 0.244255289 1.169112563 -0.018531825 -0.371268153 -0.185587406 0.909600914
924.000000 -0.101561189 0.242644906 1.168073654 -0.019769086 -0.375162095 -0.187723294 0.907536507
925.000000 -0.102143586 0.244358465 1.168182254 -0.019319005 -0.379317492 -0.189187884 0.905512512
926.000000 -0.102675498 0.244121954 1.169487476 -0.019725319 -0.383727580 -0.191177726 0.903224826
927.000000 -0.106200159 0.243475035 1.168823481 -0.020393653 -0.387118250 -0.193532988 0.901259422
928.000000 -0.108415246 0.243309930 1.168077707 -0.019968377 -0.391253531 -0.195431769 0.899070859
929.000000 -0.108609676 0.245668098 1.167879581 -0.018158434 -0.395919085 -0.196668655 0.896794200
930.000000 -0.109476268 0.244984031 1.167044401 -0.017255541 -0.400705308 -0.199068487 0.894152761
931.000000 -0.111783862 0.243426323 1.166845560 -0.017256599 -0.405364841 -0.202161506 0.891354203
932.000000 -0.114524424 0.242432058 1.165569305 -0.017408350 -0.410098851 -0.205210462 0.888484418
933.000000 -0.115708947 0.241437539 1.164773345 -0.016671000 -0.415242255 -0.207956314 0.885466039
934.000000 -0.119114459 0.243434757 1.162976742 -0.014680100 -0.419927895 -0.209765732 0.882860899
935.000000 -0.119614363 0.243956536 1.162046909 -0.013470049 -0.425569534 -0.211398423 0.879783928
936.000000 -0.121550143 0.239674091 1.161028504 -0.013067189 -0.431074530 -0.213853583 0.876510501
937.000000 -0.124856889 0.241721153 1.159855127 -0.010860485 -0.436287433 -0.213749662 0.873983026
938.000000 -0.125781596 0.238169745 1.160187721 -0.009599075 -0.441990197 -0.216640368 0.870413363
939.000000 -0.125603318 0.241528422 1.159457684 -0.007217553 -0.447086602 -0.216614097 0.867836297
940.000000 -0.129105210 0.238917977 1.158471823 -0.006634106 -0.452180803 -0.218058243 0.864834726
941.000000 -0.129928350 0.237883791 1.157034636 -0.004631391 -0.457689226 -0.219546795 0.861567378
942.000000 -0.130122125 0.239349529 1.157131195 -0.002085723 -0.463487089 -0.219568431 0.858466685
943.000000 -0.132857919 0.240721375 1.155587912 -0.000060512 -0.467721403 -0.220116004 0.856028974
944.000000 -0.134388983 0.240185320 1.157010555 0.001441504 -0.472230345 -0.221934304 0.853077710
945.000000 -0.134919941 0.238568723 1.157391429 0.002013475 -0.476979047 -0.223534063 0.850011408
946.000000 -0.136316359 0.237658069 1.156769872 0.003228882 -0.481004745 -0.225304052 0.847267449
947.000000 -0.137311459 0.236039802 1.158107162 0.004336091 -0.485098034 -0.226675689 0.844558656
948.000000 -0.138498008 0.231091216 1.167216182 0.005142875 -0.490047216 -0.227529109 0.841461718
949.000000 -0.139702857 0.227943227 1.177126646 0.007480945 -0.494417042 -0.227869421 0.838791549
950.000000 -0.142459720 0.226434708 1.179447651 0.008560487 -0.498029917 -0.229411528 0.836219609
951.000000 -0.142810524 0.226887837 1.180846095 0.009593007 -0.502893150 -0.229548007 0.833255172
952.000000 -0.144743562 0.224870563 1.180201888 0.010025850 -0.506762505 -0.231139332 0.830461264
953.000000 -0.145564139 0.222928658 1.181043863 0.009674859 -0.510823011 -0.232474193 0.827600181
954.000000 -0.144351959 0.223149911 1.181431055 0.009456833 -0.515939593 -0.233237714 0.824206948
955.000000 -0.146471053 0.226562396 1.180648923 0.010638788 -0.519046843 -0.233457074 0.822176993
956.000000 -0.147771835 0.223208040 1.179405689 0.009606534 -0.522728682 -0.235432371 0.819288731
957.000000 -0.149138689 0.225498110 1.175607204 0.010261449 -0.526363969 -0.235789403 0.816847026
958.000000 -0.148764908 0.225079283 1.175877333 0.010442140 -0.530421317 -0.236871079 0.813901842
959.000000 -0.149577796 0.222868174 1.178017497 0.010171197 -0.534232378 -0.238367528 0.810970545
960.000000 -0.154040337 0.224567458 1.173499227 0.010172384 -0.536569595 -0.239047736 0.809225440
961.000000 -0.153497756 0.224821344 1.175027370 0.009996555 -0.541371882 -0.239025936 0.806029260
962.000000 -0.155272484 0.225901455 1.170384169 0.009857830 -0.544538677 -0.239937305 0.803623438
963.000000 -0.157887042 0.223035440 1.170650601 0.009360640 -0.548287332 -0.241405860 0.800635099
964.000000 -0.158217192 0.225535586 1.169275522 0.010808894 -0.552306354 -0.241119042 0.797936440
965.000000 -0.158298165 0.224668875 1.170046687 0.012640289 -0.556945145 -0.242042765 0.794397593
966.000000 -0.160621583 0.223767772 1.170653224 0.014516403 -0.560405672 -0.243001759 0.791634321
967.000000 -0.161446422 0.224080846 1.168825507 0.015479797 -0.564759374 -0.244261086 0.788126767
968.000000 -0.161940128 0.223579898 1.169994354 0.016043903 -0.568877876 -0.245659247 0.784711480
969.000000 -0.163356602 0.223153934 1.167778015 0.016575603 -0.572629094 -0.247218415 0.781475723
970.000000 -0.164963394 0.223200902 1.165373802 0.017069964 -0.577053249 -0.248065069 0.777934372
971.000000 -0.166730195 0.222234875 1.164532185 0.017241595 -0.581235111 -0.249533787 0.774339318
972.000000 -0.166897893 0.224330142 1.163431883 0.017975042 -0.585568190 -0.249451846 0.771077514
973.000000 -0.168006361 0.222285882 1.163900971 0.017703198 -0.589796424 -0.250746369 0.767432749
974.000000 -0.169248164 0.221508056 1.163560152 0.017943956 -0.594353259 -0.251441836 0.763674796
975.000000 -0.169953227 0.221958250 1.161381125 0.018010005 -0.598141968 -0.251698345 0.760624588
976.000000 -0.171279430 0.220646694 1.161587834 0.017681591 -0.602114797 -0.253025502 0.757049024
977.000000 -0.171563476 0.221127093 1.159744740 0.018061617 -0.606244981 -0.252935976 0.753766656
978.000000 -0.172090292 0.221795484 1.157067537 0.018583043 -0.610540867 -0.253245085 0.750174284
979.000000 -0.172531217 0.221617147 1.155711055 0.018918650 -0.614616573 -0.253568858 0.746720374
980.000000 -0.173321307 0.221248686 1.154858947 0.019323552 -0.618374348 -0.254090101 0.743423164
981.000000 -0.174738258 0.220144600 1.152144551 0.018682878 -0.621574163 -0.255256712 0.740365088
982.000000 -0.175456613 0.220080748 1.150575519 0.019221174 -0.625535369 -0.255878478 0.736791849
983.000000 -0.175330043 0.218391985 1.152046919 0.019865310 -0.630305946 -0.256445765 0.732499361
984.000000 -0.175864100 0.219004869 1.145566106 0.020271307 -0.632876694 -0.256871402 0.730118692
985.000000 -0.175555885 0.219988108 1.144014359 0.022050539 -0.637086868 -0.256481588 0.726533771
986.000000 -0.175412714 0.219140798 1.143108249 0.023267007 -0.641371250 -0.256841868 0.722588241
987.000000 -0.175010607 0.219608590 1.145378113 0.024570128 -0.646823764 -0.256366909 0.717837989
988.000000 -0.175913408 0.218949467 1.140503049 0.024450911 -0.650177062 -0.257172972 0.714516640
989.000000 -0.176140398 0.218812943 1.139306307 0.025341298 -0.654331744 -0.257662863 0.710505247
990.000000 -0.176898137 0.216380537 1.136425734 0.025222963 -0.658290088 -0.258508176 0.706534863
991.000000 -0.175958544 0.219600439 1.134377122 0.027177345 -0.661671042 -0.257428348 0.703692734
992.000000 -0.175871938 0.220371500 1.134362102 0.028223101 -0.665492952 -0.257499635 0.700011790
993.000000 -0.175335795 0.221766844 1.130247831 0.028906366 -0.668126941 -0.257787079 0.697364092
994.000000 -0.176234439 0.220382303 1.125993967 0.029335430 -0.670636714 -0.258714318 0.694588125
995.000000 -0.176423341 0.218485937 1.125234246 0.030656394 -0.674484074 -0.258475810 0.690884709
996.000000 -0.177222669 0.215989321 1.124123693 0.031338051 -0.677694142 -0.258466363 0.687709033
997.000000 -0.177630514 0.216474697 1.122637391 0.032899421 -0.680597484 -0.257394910 0.685166121
998.000000 -0.177888721 0.215369850 1.117157340 0.035167474 -0.685909986 -0.255855292 0.680315256
999.000000 -0.177758425 0.215231746 1.116847038 0.037054870 -0.689059913 -0.254861146 0.677398801
1000.000000 -0.178862378 0.212538958 1.112127662 0.037440643 -0.690859914 -0.254840285 0.675549507
1001.000000 -0.178430840 0.213353947 1.110827327 0.039309692 -0.693633139 -0.252902091 0.673326254
1002.000000 -0.180053085 0.210452393 1.109674931 0.040004831 -0.696538508 -0.252366692 0.670480967
1003.000000 -0.179327384 0.210326225 1.107545018 0.041211464 -0.699498951 -0.251055956 0.667812645
1004.000000 -0.179977015 0.210450739 1.104080439 0.041553710 -0.701564252 -0.249760821 0.666108370
1005.000000 -0.179212287 0.211515039 1.101287603 0.042461012 -0.704520226 -0.247538492 0.663756669
1006.000000 -0.180083483 0.209557027 1.098473430 0.043115459 -0.707751632 -0.247452036 0.660300016
1007.000000 -0.179080218 0.211798400 1.095180273 0.044009533 -0.710398376 -0.245829701 0.658000767
1008.000000 -0.179535732 0.210358828 1.092295051 0.043745954 -0.713713169 -0.245602310 0.654506922
1009.000000 -0.179814234 0.209805891 1.090427995 0.045111015 -0.717304230 -0.244724736 0.650806725
1010.000000 -0.179181755 0.209827676 1.086776614 0.046299197 -0.719984293 -0.242522001 0.648584604
1011.000000 -0.178813532 0.209459931 1.083643913 0.047839671 -0.722368836 -0.240794227 0.646461725
1012.000000 -0.180227473 0.206433073 1.080080509 0.047655132 -0.724568248 -0.240262777 0.644207716
1013.000000 -0.179038078 0.206476301 1.077339530 0.048895653 -0.726670325 -0.238315269 0.642468095
1014.000000 -0.180892736 0.202751309 1.077162266 0.048706111 -0.729772270 -0.237073094 0.639418840
1015.000000 -0.180263609 0.202668488 1.071116328 0.050139554 -0.730518639 -0.235174820 0.639156759
1016.000000 -0.180572301 0.201279968 1.069504619 0.051060680 -0.732823730 -0.233808458 0.636942446
1017.000000 -0.181262478 0.199770570 1.068086982 0.052106660 -0.735053599 -0.231905848 0.634980857
1018.000000 -0.181691423 0.198088050 1.064083099 0.054199051 -0.735961735 -0.230531350 0.634253860
1019.000000 -0.180809408 0.197553471 1.065547109 0.056773540 -0.737999737 -0.228391826 0.632432044
1020.000000 -0.180832028 0.195921004 1.066103935 0.058276210 -0.739949882 -0.226233304 0.630790472
1021.000000 -0.181989759 0.193289623 1.062500358 0.059254076 -0.740305007 -0.225589767 0.630513072
1022.000000 -0.182856202 0.191463232 1.062147737 0.060888428 -0.741628885 -0.224017292 0.629361153
1023.000000 -0.183584601 0.188654423 1.059563994 0.063110486 -0.742352366 -0.222558558 0.628806531
1024.000000 -0.183710143 0.187958360 1.058738112 0.065338261 -0.743656278 -0.219754919 0.628023922
1025.000000 -0.184234589 0.185167372 1.056029201 0.067326412 -0.744963825 -0.217574328 0.627022684
1026.000000 -0.183788151 0.184223682 1.054814339 0.070234314 -0.746565044 -0.215055719 0.625666738
1027.000000 -0.184755921 0.180387214 1.053235292 0.071943060 -0.747805834 -0.213572741 0.624497652
1028.000000 -0.184339643 0.178161696 1.050845742 0.074486345 -0.748607457 -0.212161362 0.623719633
1029.000000 -0.184419215 0.177042276 1.048412800 0.076925941 -0.749155760 -0.210741773 0.623246312
1030.000000 -0.184054136 0.175280571 1.046334743 0.079806894 -0.749967813 -0.208772689 0.622569740
1031.000000 -0.184177011 0.173627526 1.044381380 0.081921451 -0.750841618 -0.207682341 0.621605754
1032.000000 -0.184030011 0.171987236 1.043507695 0.084317304 -0.751398623 -0.207033679 0.620828271
1033.000000 -0.184477448 0.166601986 1.040478230 0.089292206 -0.752395451 -0.204965234 0.619610488
1034.000000 -0.183711544 0.166055873 1.040169835 0.091985114 -0.752451360 -0.204089910 0.619437695
1035.000000 -0.185295284 0.161257744 1.037250757 0.093102753 -0.752313554 -0.203622252 0.619591951
1036.000000 -0.185495511 0.158476174 1.036354899 0.095532060 -0.752568245 -0.201909572 0.619473219
1037.000000 -0.185104519 0.157317311 1.034755588 0.097798184 -0.752469957 -0.200190052 0.619797051
1038.000000 -0.185981095 0.154692113 1.033379674 0.099518247 -0.752726257 -0.198150262 0.619867444
1039.000000 -0.186316460 0.151761442 1.032346964 0.101391539 -0.753167450 -0.196424916 0.619577050
1040.000000 -0.185403183 0.150219440 1.030931115 0.104008563 -0.753111660 -0.194313601 0.619876802
1041.000000 -0.186531439 0.145061538 1.030114055 0.105580002 -0.753482938 -0.193371415 0.619454443
1042.000000 -0.186620221 0.141547158 1.027289271 0.107247017 -0.753263354 -0.191679090 0.619960904
1043.000000 -0.186120197 0.140631407 1.027740955 0.110123299 -0.753500938 -0.189610735 0.619803905
1044.000000 -0.186710477 0.138374045 1.028660893 0.111986496 -0.753403485 -0.188092530 0.620051146
1045.000000 -0.187101737 0.136422098 1.026205897 0.114187740 -0.752144158 -0.187251657 0.621431470
1046.000000 -0.186715201 0.136482999 1.026400685 0.116390541 -0.751376152 -0.185914338 0.622352839
1047.000000 -0.185368299 0.135725990 1.025337338 0.118445635 -0.750449836 -0.184705779 0.623441577
1048.000000 -0.185674176 0.134803563 1.025000572 0.120502897 -0.750222266 -0.183101401 0.623794436
1049.000000 -0.185509130 0.132157475 1.022109985 0.121878676 -0.749527752 -0.182341903 0.624583960
1050.000000 -0.186083943 0.129637584 1.021487713 0.123762034 -0.749453366 -0.181936920 0.624420881
1051.000000 -0.185586303 0.128913999 1.020691037 0.126011074 -0.748802960 -0.180760488 0.625092685
1052.000000 -0.186569497 0.126837432 1.020996094 0.128166288 -0.748830080 -0.179761901 0.624910057
1053.000000 -0.185304329 0.127730697 1.020874381 0.130974457 -0.748050392 -0.177934662 0.625783980
1054.000000 -0.186078563 0.123520367 1.019994378 0.132109404 -0.747035503 -0.177915752 0.626762390
1055.000000 -0.186036870 0.121319979 1.018945098 0.134526685 -0.745933533 -0.176700816 0.627903283
1056.000000 -0.186545864 0.120820597 1.019415259 0.136376143 -0.745154738 -0.175119594 0.628871262
1057.000000 -0.187189668 0.116562605 1.020061851 0.137389332 -0.744367242 -0.175259501 0.629543960
1058.000000 -0.186294168 0.120173529 1.021195650 0.140518934 -0.743036211 -0.172687963 0.631134272
1059.000000 -0.188929468 0.113774955 1.019603491 0.140077204 -0.741361797 -0.174426422 0.632721424
1060.000000 -0.188743517 0.113433853 1.020154119 0.142200753 -0.739551246 -0.173612490 0.634587705
1061.000000 -0.188554883 0.113868557 1.023824930 0.145056456 -0.736389995 -0.170141846 0.638545275
1062.000000 -0.188932434 0.112565041 1.024788618 0.145733565 -0.734763980 -0.169627130 0.640398502
1063.000000 -0.189124271 0.111202717 1.026102781 0.146620199 -0.733201563 -0.169287115 0.642074645
1064.000000 -0.188890427 0.111042581 1.027170300 0.147765055 -0.731364131 -0.168310449 0.644161105
1065.000000 -0.189397871 0.108727306 1.029028535 0.149136409 -0.730134308 -0.168101937 0.645293772
1066.000000 -0.189607233 0.107349515 1.031139731 0.151038244 -0.728672385 -0.167302087 0.646710157
1067.000000 -0.188581854 0.105738007 1.030533671 0.152006105 -0.726547122 -0.166502640 0.649076521
1068.000000 -0.188054532 0.106017053 1.030574203 0.153716072 -0.724871516 -0.164635643 0.651020527
1069.000000 -0.188183367 0.103702344 1.032644629 0.154986665 -0.723903060 -0.163854152 0.651993394
1070.000000 -0.188217536 0.102333196 1.034415603 0.156040475 -0.722139835 -0.162878469 0.653938890
1071.000000 -0.188217163 0.102006651 1.035645962 0.157500923 -0.719630778 -0.161933467 0.656584024
1072.000000 -0.187801749 0.100058272 1.034936666 0.158308864 -0.716517508 -0.162235633 0.659712493
1073.000000 -0.188062936 0.099939384 1.034965277 0.159328371 -0.713569343 -0.161483616 0.662839532
1074.000000 -0.188025326 0.098207407 1.036319852 0.159359097 -0.711515307 -0.161199063 0.665105581
1075.000000 -0.188122749 0.096681900 1.038407207 0.159279123 -0.709458888 -0.160905391 0.667388678
1076.000000 -0.187970698 0.097725198 1.041504383 0.160282165 -0.707561612 -0.159583300 0.669476926
1077.000000 -0.187426463 0.095724203 1.042907834 0.160192609 -0.705439150 -0.158942074 0.671886444
1078.000000 -0.187907770 0.092731789 1.046076059 0.159697488 -0.703698635 -0.158852264 0.673847854
1079.000000 -0.187282532 0.092394255 1.049655914 0.159937829 -0.702068865 -0.157600939 0.675781906
1080.000000 -0.187639564 0.092335083 1.051458597 0.159289494 -0.699850500 -0.156244770 0.678545237
1081.000000 -0.187831849 0.089655258 1.054272652 0.159474820 -0.698588133 -0.155790016 0.679905772
1082.000000 -0.186794639 0.091895916 1.054776788 0.160676152 -0.696002901 -0.153282091 0.682837963
1083.000000 -0.186900288 0.088788994 1.057423711 0.160156846 -0.694851875 -0.153327495 0.684120774
1084.000000 -0.186578751 0.088974416 1.058181286 0.161263794 -0.692796290 -0.152711555 0.686080515
1085.000000 -0.186697841 0.088558115 1.059091210 0.161963791 -0.691243529 -0.151689574 0.687706590
1086.000000 -0.186132595 0.087465025 1.061579227 0.161879912 -0.689737737 -0.150882736 0.689413607
1087.000000 -0.186294898 0.086137690 1.063116670 0.162844956 -0.687642813 -0.150533050 0.691352785
1088.000000 -0.185916901 0.083258934 1.065623045 0.162801862 -0.685910046 -0.150438190 0.693102658
1089.000000 -0.185241565 0.083810136 1.066819072 0.163447723 -0.683549345 -0.149010047 0.695586920
1090.000000 -0.184609473 0.084199600 1.069759607 0.164258838 -0.681237996 -0.147797987 0.697917998
1091.000000 -0.183315471 0.081742518 1.071210265 0.163655445 -0.678486824 -0.147544444 0.700787485
1092.000000 -0.183310598 0.082753964 1.074821234 0.164502114 -0.676181197 -0.145718381 0.703195751
1093.000000 -0.182383552 0.079831228 1.075752378 0.163098335 -0.673362195 -0.145534471 0.706259072
1094.000000 -0.181492195 0.082920901 1.079276443 0.164247334 -0.670819521 -0.142982513 0.708928764
1095.000000 -0.181167096 0.078260683 1.082283497 0.163036376 -0.668873906 -0.143743455 0.710890114
1096.000000 -0.180460110 0.076251365 1.083477855 0.162330508 -0.666200936 -0.143943131 0.713516295
1097.000000 -0.180240363 0.077967197 1.087743998 0.163302660 -0.664539158 -0.142211154 0.715189397
1098.000000 -0.179038778 0.076189667 1.088464975 0.163144603 -0.661816776 -0.141964197 0.717794240
1099.000000 -0.178559214 0.076100104 1.091700792 0.163967550 -0.659456372 -0.140514344 0.720060945
1100.000000 -0.178115368 0.071097732 1.094317913 0.163389474 -0.657292187 -0.141030356 0.722067416
1101.000000 -0.177157670 0.070310399 1.095201612 0.162651762 -0.653826058 -0.139684990 0.725633562
1102.000000 -0.176735282 0.071389399 1.097946882 0.162908942 -0.651107490 -0.137666360 0.728400767
1103.000000 -0.175800085 0.070372313 1.101339340 0.163030043 -0.648861527 -0.137301460 0.730443835
1104.000000 -0.175497025 0.069713593 1.103411555 0.163056776 -0.646325707 -0.136367023 0.732857108
1105.000000 -0.174992025 0.068884715 1.104199886 0.163675919 -0.643159389 -0.135885850 0.735589087
1106.000000 -0.174763098 0.067193456 1.106638670 0.163571224 -0.640756249 -0.136181951 0.737651944
1107.000000 -0.173626289 0.069182768 1.109425068 0.164767995 -0.638020337 -0.135107517 0.739951015
1108.000000 -0.173437729 0.067146249 1.112020254 0.164360136 -0.635736167 -0.135430574 0.741945982
1109.000000 -0.172034249 0.069316000 1.111919880 0.164434716 -0.632163227 -0.134067163 0.745222688
1110.000000 -0.172053874 0.067986101 1.114446163 0.163964048 -0.629910767 -0.134253472 0.747197568
1111.000000 -0.171145111 0.065600812 1.116324544 0.163672999 -0.627766430 -0.134455457 0.749027491
1112.000000 -0.170264199 0.066380136 1.118447423 0.164093494 -0.625256360 -0.133401394 0.751220226
1113.000000 -0.169459149 0.061262771 1.122857809 0.163499355 -0.623656332 -0.135018259 0.752390087
1114.000000 -0.168742135 0.064585693 1.123435736 0.164887264 -0.620084822 -0.133478045 0.755308270
1115.000000 -0.167982683 0.062972412 1.125942111 0.164781734 -0.617581308 -0.133729115 0.757335305
1116.000000 -0.167038992 0.059318230 1.127144337 0.163993806 -0.614505649 -0.134640202 0.759842634
1117.000000 -0.166417375 0.060510732 1.131075859 0.164359257 -0.611273944 -0.134089872 0.762463212
1118.000000 -0.165545344 0.059109580 1.132955074 0.163209841 -0.606960833 -0.134861395 0.766011357
1119.000000 -0.164843693 0.059737302 1.135640860 0.162945718 -0.603009820 -0.135221630 0.769118249
1120.000000 -0.164560810 0.058429413 1.137633204 0.160406917 -0.600102067 -0.135510609 0.771870494
1121.000000 -0.163165063 0.058863331 1.141034961 0.160616964 -0.597119570 -0.135384142 0.774158597
1122.000000 -0.162679672 0.059380129 1.144185781 0.159765884 -0.594035566 -0.134656891 0.776829541
1123.000000 -0.161611676 0.059196547 1.146431446 0.158763483 -0.591296077 -0.134458676 0.779155970
1124.000000 -0.160581261 0.055926412 1.148425579 0.157730758 -0.588301122 -0.135150865 0.781509459
1125.000000 -0.159930557 0.054521862 1.150678992 0.157134935 -0.584845424 -0.134782687 0.784281850
1126.000000 -0.158300996 0.054468431 1.154478908 0.158020988 -0.581842661 -0.134473369 0.786387563
1127.000000 -0.157198012 0.052768800 1.156708121 0.156990200 -0.578101337 -0.134724572 0.789304912
1128.000000 -0.156330228 0.049013969 1.160161138 0.156054825 -0.574788868 -0.135667309 0.791744292
1129.000000 -0.154502481 0.050054271 1.162876368 0.156650066 -0.571139812 -0.134200349 0.794512630
1130.000000 -0.153098524 0.049942613 1.166482687 0.156054050 -0.567806602 -0.133099481 0.797199667
1131.000000 -0.152663827 0.044655882 1.167471528 0.154786870 -0.564138234 -0.134905457 0.799743474
1132.000000 -0.151393294 0.044380855 1.169570804 0.153988630 -0.560752630 -0.133200720 0.802559376
1133.000000 -0.150360674 0.042962693 1.172113657 0.154168546 -0.557286680 -0.132414833 0.805065155
1134.000000 -0.149543196 0.038810059 1.174108267 0.154286981 -0.552698731 -0.134405166 0.807870567
1135.000000 -0.147157490 0.042565573 1.178566694 0.155043796 -0.549035430 -0.131116569 0.810758889
1136.000000 -0.146804929 0.035151206 1.178979516 0.155540183 -0.543360829 -0.134749517 0.813885033
1137.000000 -0.145029426 0.038057670 1.179207087 0.155226663 -0.538549662 -0.132804319 0.817454576
1138.000000 -0.142848730 0.040487289 1.181656837 0.155192003 -0.534361184 -0.128428593 0.820901752
1139.000000 -0.142430753 0.043473318 1.183043361 0.158160836 -0.529029071 -0.126182109 0.824130714
1140.000000 -0.137442499 0.035859555 1.188410163 0.157598540 -0.526509821 -0.125166044 0.826004565
1141.000000 -0.136320740 0.029308006 1.187357783 0.156423137 -0.521236658 -0.125746608 0.829476953
1142.000000 -0.134580702 0.021540277 1.187708735 0.154322430 -0.517303407 -0.123782903 0.832622051
1143.000000 -0.132531613 0.024087451 1.191252470 0.156895086 -0.513450623 -0.121011786 0.834930241
1144.000000 -0.130228817 0.025496826 1.194211483 0.157127276 -0.508994699 -0.120912388 0.837624967
1145.000000 -0.137404770 0.036060289 1.186038971 0.161179349 -0.500156164 -0.115656205 0.842904925
1146.000000 -0.138291687 0.037107848 1.186889172 0.163691059 -0.495253891 -0.114271112 0.845500410
1147.000000 -0.138065517 0.044701926 1.189128876 0.167098105 -0.490449160 -0.110206589 0.848169982
1148.000000 -0.133174837 0.047637843 1.194679737 0.169296458 -0.487532794 -0.108175777 0.849675477
1149.000000 -0.131868213 0.048148409 1.195532799 0.169515356 -0.482635826 -0.106538422 0.852629304
1150.000000 -0.130980998 0.048896536 1.195698142 0.169361323 -0.478218257 -0.104496554 0.855397284
1151.000000 -0.129654884 0.048560128 1.198236108 0.169373348 -0.474654675 -0.103754506 0.857467532
1152.000000 -0.128949881 0.050435394 1.201434135 0.170487314 -0.470736235 -0.101131067 0.859717429
1153.000000 -0.127003103 0.049278021 1.204314590 0.170487121 -0.466934234 -0.100176059 0.861899853
1154.000000 -0.128081590 0.050585091 1.205226421 0.170640200 -0.462341338 -0.098738730 0.864507437
1155.000000 -0.125046790 0.052236244 1.209242344 0.171106666 -0.459293902 -0.097888112 0.866134822
1156.000000 -0.122588873 0.049581528 1.210555315 0.170345083 -0.455528617 -0.098440222 0.868208289
1157.000000 -0.119209409 0.049199909 1.213323355 0.169863939 -0.452643037 -0.096810907 0.869993210
1158.000000 -0.117876142 0.045898065 1.214498162 0.169302598 -0.449002564 -0.095922589 0.872084975
1159.000000 -0.114836574 0.043320268 1.216316938 0.168937892 -0.445634365 -0.096099041 0.873862088
1160.000000 -0.111306876 0.041002125 1.219582081 0.169143081 -0.442261189 -0.097429350 0.875387430
1161.000000 -0.108921349 0.041221619 1.220192909 0.168752626 -0.438288718 -0.096209362 0.877592921
1162.000000 -0.107928097 0.040634915 1.221832514 0.168327555 -0.434767574 -0.095488556 0.879502654
1163.000000 -0.106522381 0.040877685 1.223176479 0.168164939 -0.431255817 -0.095053956 0.881307960
1164.000000 -0.103931129 0.041445673 1.225856304 0.168647051 -0.428092778 -0.093690388 0.882902503
1165.000000 -0.102972031 0.039697051 1.226314068 0.168203264 -0.424687415 -0.093124971 0.884689748
1166.000000 -0.099129438 0.042093068 1.228083134 0.168650031 -0.421514958 -0.093608305 0.886069834
1167.000000 -0.094925225 0.042180941 1.230334997 0.168261826 -0.418429703 -0.093817510 0.887582541
1168.000000 -0.099343061 0.048317865 1.229785562 0.169863090 -0.413116723 -0.090563864 0.890100718
1169.000000 -0.097563982 0.045260340 1.230770826 0.169433400 -0.409641862 -0.089804746 0.891863763
1170.000000 -0.096830487 0.047944412 1.231484771 0.169805288 -0.405498713 -0.088611715 0.893803596
1171.000000 -0.094420254 0.051288053 1.234038830 0.170388982 -0.401821345 -0.086988308 0.895511150
1172.000000 -0.093476951 0.051270887 1.233381510 0.170536101 -0.397324651 -0.086103491 0.897572696
1173.000000 -0.091028571 0.052752495 1.235494375 0.171376273 -0.393247247 -0.084986717 0.899313092
1174.000000 -0.089266300 0.052109107 1.235187054 0.170930624 -0.388698459 -0.083759949 0.901487947
1175.000000 -0.088578582 0.055766284 1.237058878 0.171795547 -0.384286195 -0.081798680 0.903393269
1176.000000 -0.087016404 0.055127844 1.238273382 0.171011746 -0.380523413 -0.080537580 0.905246139
1177.000000 -0.088069558 0.052206874 1.238674521 0.169899061 -0.376875609 -0.078700490 0.907141268
1178.000000 -0.083870530 0.055079609 1.239744425 0.171111628 -0.373857737 -0.078453392 0.908182979
1179.000000 -0.082465649 0.056130528 1.241404295 0.171281695 -0.370476305 -0.077276103 0.909636378
1180.000000 -0.082933903 0.052125856 1.241304874 0.170094952 -0.366579652 -0.076670781 0.911487103
1181.000000 -0.080364168 0.053471208 1.242607117 0.170905694 -0.363368303 -0.075674295 0.912703753
1182.000000 -0.079679668 0.054162115 1.244868994 0.171466634 -0.359868079 -0.074458621 0.914084256
1183.000000 -0.077202678 0.054981977 1.245878458 0.171815693 -0.355937272 -0.075102583 0.915504038
1184.000000 -0.077606976 0.053931311 1.247596502 0.170805573 -0.352117062 -0.073481977 0.917300105
1185.000000 -0.077492118 0.050408766 1.247120380 0.169779658 -0.348934382 -0.072179742 0.918808877
1186.000000 -0.072931647 0.053654030 1.248667479 0.170706332 -0.346943706 -0.071587361 0.919437170
1187.000000 -0.073841274 0.052899033 1.247931719 0.170242742 -0.343035907 -0.070791811 0.921049535
1188.000000 -0.074438095 0.056291208 1.249467134 0.170145750 -0.339175731 -0.070656806 0.922506273
1189.000000 -0.074900150 0.052151129 1.249891162 0.168317497 -0.335619003 -0.069515675 0.924227595
1190.000000 -0.075276077 0.053350270 1.248081684 0.167056769 -0.331539243 -0.069292903 0.925943971
1191.000000 -0.074382007 0.054074869 1.248439074 0.166191265 -0.327487528 -0.068364970 0.927609086
1192.000000 -0.075531244 0.051423728 1.248237967 0.164626777 -0.322633982 -0.067500353 0.929649949
1193.000000 -0.074967504 0.050905704 1.250266194 0.164488092 -0.318394125 -0.066522457 0.931205451
1194.000000 -0.074833453 0.049864739 1.254519820 0.165756389 -0.314440221 -0.065451831 0.932399213
1195.000000 -0.075398088 0.049249291 1.255297422 0.166350663 -0.309344828 -0.063501671 0.934131026
1196.000000 -0.074134409 0.050369948 1.253236771 0.165493652 -0.303770810 -0.062563151 0.936173618
1197.000000 -0.074791670 0.049972177 1.255865812 0.163629845 -0.298479378 -0.061992090 0.938238978
1198.000000 -0.075492144 0.050365806 1.256088495 0.161967173 -0.292843759 -0.059929736 0.940434813
1199.000000 -0.073614150 0.051956892 1.255059242 0.161756977 -0.288087696 -0.058889303 0.942004383
1200.000000 -0.074905515 0.051455200 1.258264065 0.160411105 -0.283856601 -0.056705821 0.943651497
1201.000000 -0.072397649 0.054577500 1.258491993 0.159600213 -0.280142128 -0.055981942 0.944941342
1202.000000 -0.072185606 0.052610397 1.257456064 0.157867745 -0.276123554 -0.055055819 0.946468413
1203.000000 -0.071874440 0.051963806 1.258809566 0.157681137 -0.272372752 -0.054373883 0.947625041
1204.000000 -0.071011603 0.053015053 1.258172750 0.157730028 -0.268532366 -0.053042524 0.948787689
1205.000000 -0.072182387 0.054223806 1.258002758 0.157560527 -0.264798135 -0.051050887 0.949973881
1206.000000 -0.069825143 0.053731322 1.260261536 0.156870082 -0.262033284 -0.050351866 0.950891733
1207.000000 -0.063296467 0.054064393 1.262730956 0.156756431 -0.260538250 -0.050471239 0.951314807
1208.000000 -0.064501494 0.052207857 1.264351368 0.156135827 -0.256879389 -0.048058748 0.952536047
1209.000000 -0.063520998 0.054733187 1.263280630 0.157175735 -0.253077626 -0.046754271 0.953447223
1210.000000 -0.056016743 0.034224987 1.269061685 0.151765898 -0.253111005 -0.049568482 0.954172373
1211.000000 -0.054890841 0.035537183 1.271341085 0.152017623 -0.243833810 -0.047162794 0.956666827
1212.000000 -0.051002949 0.037708133 1.270883679 0.152636170 -0.239386111 -0.046948493 0.957701623
1213.000000 -0.049024493 0.036635876 1.270486116 0.152386382 -0.234404549 -0.045244083 0.959054708
1214.000000 -0.050194472 0.038166851 1.269998312 0.153437734 -0.227959991 -0.043655623 0.960513055
1215.000000 -0.043605536 0.041505396 1.270676613 0.154667422 -0.223969534 -0.042055991 0.961325586
1216.000000 -0.040613025 0.041927159 1.270870209 0.154739663 -0.219554827 -0.040152498 0.962413132
1217.000000 -0.036712795 0.037873000 1.272624135 0.153850913 -0.216037601 -0.037714172 0.963449657
1218.000000 -0.035599053 0.038379639 1.276978731 0.155778170 -0.211179078 -0.037184156 0.964237511
1219.000000 -0.031957626 0.036600739 1.269757748 0.153907672 -0.205025360 -0.035871971 0.965914190
1220.000000 -0.026945442 0.042396426 1.275295973 0.155535311 -0.201168254 -0.033791762 0.966539264
1221.000000 -0.021507025 0.035039455 1.274694562 0.152790636 -0.197231144 -0.033222061 0.967807412
1222.000000 -0.023325831 0.043479741 1.275591135 0.154692844 -0.191445053 -0.028243527 0.968824685
1223.000000 -0.021795988 0.034122139 1.276094198 0.152790472 -0.186604604 -0.027587023 0.970089018
1224.000000 -0.017895997 0.030836344 1.285115480 0.153771058 -0.183990434 -0.027060987 0.970448196
1225.000000 -0.015146822 0.031529009 1.283218980 0.153607845 -0.178962827 -0.024051921 0.971492887
1226.000000 -0.007740647 0.029780149 1.284420729 0.153753325 -0.176548749 -0.023333715 0.971929014
1227.000000 0.002923101 0.018369555 1.290337801 0.153312474 -0.174824119 -0.026787873 0.972221315
1228.000000 0.005385488 0.009968758 1.288372755 0.151895076 -0.170178056 -0.025684290 0.973297298
1229.000000 0.010909319 0.008195519 1.288431644 0.152050421 -0.166946054 -0.024170421 0.973871410
1230.000000 0.011294574 0.006510735 1.287482023 0.152786925 -0.162330270 -0.022529326 0.974575520
1231.000000 0.013245076 0.006973416 1.289343476 0.154719397 -0.157923356 -0.020957174 0.975029707
1232.000000 0.014205962 0.006715596 1.288838625 0.156115234 -0.153256148 -0.019580500 0.975580454
1233.000000 0.018313318 0.009642124 1.288445592 0.158777162 -0.149228394 -0.019485323 0.975777149
1234.000000 0.021212548 0.007714003 1.289491534 0.159626782 -0.145119056 -0.017584603 0.976294279
1235.000000 0.022285193 0.009800375 1.289470315 0.160283998 -0.140750185 -0.014651676 0.976874471
1236.000000 0.026606858 0.008479506 1.289040923 0.160251915 -0.137490243 -0.012565221 0.977372944
1237.000000 0.028550059 0.006593555 1.288987041 0.161412314 -0.134264305 -0.009884970 0.977661192
1238.000000 0.031415343 0.004540890 1.288373828 0.162204057 -0.130872294 -0.006729354 0.978016853
1239.000000 0.033687413 0.007840812 1.290477753 0.163141310 -0.127471671 -0.003546685 0.978326797
1240.000000 0.040839404 0.004948527 1.286916375 0.162536338 -0.124114260 -0.002923898 0.978861094
1241.000000 0.041436642 0.005064696 1.287898540 0.163777575 -0.119558387 -0.001006900 0.979225039
1242.000000 0.041695505 0.008550465 1.290554881 0.166728169 -0.114931352 0.000655020 0.979281366
1243.000000 0.048992455 0.003718287 1.289731145 0.166852385 -0.111727811 -0.000993041 0.979630649
1244.000000 0.050118968 0.001191944 1.289777279 0.167630821 -0.107714929 -0.000411640 0.979947567
1245.000000 0.053736553 0.000846714 1.289467096 0.169057056 -0.103967831 -0.001683543 0.980105877
1246.000000 0.053595781 -0.001158476 1.287178278 0.170552015 -0.099785566 -0.002613853 0.980279565
1247.000000 0.056777433 -0.000327885 1.289397717 0.172520041 -0.097378194 -0.002855079 0.980176628
1248.000000 0.057461992 0.002573550 1.290041685 0.174170196 -0.094161011 -0.003700041 0.980196297
1249.000000 0.060334876 -0.004832834 1.287797332 0.172646865 -0.092049144 -0.003214367 0.980667949
1250.000000 0.065207139 -0.011412114 1.284935594 0.173895180 -0.089658760 -0.005537754 0.980658531
1251.000000 0.065002188 -0.005931407 1.284907818 0.177638501 -0.087018490 -0.004043458 0.980232656
1252.000000 0.066736013 -0.006780237 1.288226485 0.179873332 -0.085389614 -0.003412586 0.979970694
1253.000000 0.070070982 -0.010729551 1.281470895 0.180662721 -0.082985528 -0.004220843 0.980028868
1254.000000 0.069122642 -0.009285092 1.281190991 0.182651713 -0.079980865 -0.003502839 0.979912817
1255.000000 0.070284277 -0.007638603 1.281370640 0.184346154 -0.077185564 -0.002164347 0.979823530
1256.000000 0.072524294 -0.005188078 1.283401012 0.185798109 -0.074373685 -0.001499907 0.979768038
1257.000000 0.073840633 -0.009595454 1.281925201 0.186317414 -0.070869595 -0.001315318 0.979929388
1258.000000 0.075002715 -0.002356589 1.280992985 0.190224007 -0.066840984 -0.001657691 0.979461253
1259.000000 0.081548855 -0.017737985 1.275146604 0.188958064 -0.063306667 -0.004837090 0.979930460
1260.000000 0.081926584 -0.019109040 1.280651689 0.189473748 -0.059802521 -0.001289269 0.980062068
1261.000000 0.083079651 -0.022196442 1.278653383 0.190155029 -0.055243310 -0.001018034 0.980198026
1262.000000 0.084832393 -0.022870153 1.278513789 0.191687003 -0.051362231 -0.001037735 0.980110705
1263.000000 0.086761191 -0.029130965 1.277208686 0.192374423 -0.048083764 -0.000726746 0.980142593
1264.000000 0.087560400 -0.023286313 1.278051496 0.195476338 -0.044891093 0.000541351 0.979680300
1265.000000 0.092473030 -0.022547334 1.277860403 0.196905077 -0.042915806 0.000479872 0.979482710
1266.000000 0.095632218 -0.025867373 1.276009083 0.197830006 -0.040612992 0.000643979 0.979394436
1267.000000 0.098929949 -0.024401605 1.275237799 0.202061385 -0.034884438 0.002099663 0.978749156
1268.000000 0.102309085 -0.028585732 1.274811745 0.201119393 -0.032195535 0.002369913 0.979034662
1269.000000 0.102919564 -0.029103100 1.273046970 0.201546669 -0.028507734 0.003114045 0.979058981
1270.000000 0.101991355 -0.028266132 1.268296838 0.203198895 -0.023709737 0.003574976 0.978843868
1271.000000 0.105290964 -0.029425532 1.268749595 0.204552919 -0.020431237 0.004529669 0.978631794
1272.000000 0.103311710 -0.031753212 1.269197226 0.206065819 -0.016150823 0.005241114 0.978390813
1273.000000 0.104664654 -0.032041132 1.266977429 0.208514109 -0.012865597 0.004468048 0.977924526
1274.000000 0.106071204 -0.031991094 1.268054485 0.210961536 -0.009499288 0.005131201 0.977434754
1275.000000 0.110958464 -0.034373641 1.266276717 0.211129576 -0.006527089 0.004314345 0.977426767
1276.000000 0.114669479 -0.032888591 1.265639067 0.212301508 -0.003268222 0.003517029 0.977192402
1277.000000 0.115460724 -0.030880809 1.265913963 0.213436455 0.001062416 0.004042479 0.976948023
1278.000000 0.119012721 -0.034191787 1.266267896 0.212746903 0.004823464 0.003587303 0.977088869
1279.000000 0.118395418 -0.034621328 1.264876485 0.211812839 0.008875497 0.004668578 0.977258801
1280.000000 0.118343890 -0.038760811 1.262868047 0.210666478 0.012330487 0.005796118 0.977463007
1281.000000 0.117209747 -0.037150443 1.263737917 0.210638493 0.016137738 0.006174670 0.977411330
1282.000000 0.120146170 -0.037206501 1.261352777 0.209068492 0.019121723 0.005652735 0.977697670
1283.000000 0.121414639 -0.039392173 1.262199998 0.207111493 0.022703437 0.005668543 0.978037417
1284.000000 0.122937910 -0.038908631 1.261247516 0.206181854 0.026327610 0.005699591 0.978142858
1285.000000 0.120519698 -0.037378371 1.262877226 0.205878124 0.031366754 0.006354920 0.978054166
1286.000000 0.125284329 -0.037963778 1.261748314 0.203579545 0.034597136 0.006219920 0.978427172
1287.000000 0.127451241 -0.034661621 1.262905836 0.202679649 0.038684156 0.007096686 0.978454947
1288.000000 0.126465470 -0.039554000 1.262497187 0.199765027 0.044052165 0.007742363 0.978822470
1289.000000 0.131219029 -0.039315730 1.262304187 0.197682142 0.048236549 0.008636661 0.979040563
1290.000000 0.128983185 -0.041584849 1.260757923 0.195503265 0.053127635 0.011554250 0.979194820
1291.000000 0.128994256 -0.044545621 1.260896802 0.193690300 0.057120655 0.013856048 0.979300380
1292.000000 0.132114008 -0.041444361 1.260979891 0.193087325 0.060079526 0.014890332 0.979227245
1293.000000 0.132975399 -0.042300314 1.261535168 0.191742390 0.064208791 0.015865657 0.979214191
1294.000000 0.136624724 -0.043567687 1.258104444 0.188971087 0.068216853 0.016996263 0.979462862
1295.000000 0.135294974 -0.045666039 1.259518385 0.183146074 0.079515904 0.020722875 0.979645491
1296.000000 0.134384841 -0.041381985 1.259383559 0.180663273 0.085214168 0.023495680 0.979564846
1297.000000 0.135557234 -0.049322307 1.259396434 0.175387487 0.090695813 0.024544705 0.980005622
1298.000000 0.138052180 -0.051652342 1.257668972 0.171927586 0.094710127 0.026725190 0.980181932
1299.000000 0.138152778 -0.053216398 1.257873535 0.168673247 0.098745823 0.029433379 0.980271518
1300.000000 0.137838557 -0.050673008 1.257542610 0.166123554 0.103098996 0.031580616 0.980191946
1301.000000 0.141853347 -0.054960459 1.253773570 0.163417861 0.105880238 0.034207765 0.980262101
1302.000000 0.144523859 -0.059590161 1.253106117 0.162740380 0.108535059 0.036457673 0.980003357
1303.000000 0.142510474 -0.060532182 1.252520561 0.162038565 0.111733288 0.039432447 0.979644954
1304.000000 0.142223880 -0.062324286 1.251946330 0.159502372 0.113741055 0.041864000 0.979729235
1305.000000 0.148668244 -0.064988285 1.247652292 0.157635927 0.113908477 0.042458698 0.979986250
1306.000000 0.147623450 -0.069389760 1.246182323 0.156530127 0.116661906 0.042539954 0.979836047
1307.000000 0.147263050 -0.075400412 1.245625854 0.153962985 0.120046407 0.043054450 0.979811490
1308.000000 0.148588866 -0.074680418 1.244367719 0.150948644 0.122904643 0.043923367 0.979887605
1309.000000 0.150157541 -0.077098697 1.243570685 0.145840928 0.125127092 0.045285191 0.980317771
1310.000000 0.149378523 -0.083858430 1.242306352 0.140733480 0.127230138 0.047748771 0.980676651
1311.000000 0.152377293 -0.087328449 1.240035653 0.137192979 0.128672034 0.048674304 0.980944633
1312.000000 0.151653752 -0.094875932 1.237178206 0.132359654 0.131097615 0.050138894 0.981213748
1313.000000 0.156829432 -0.098465890 1.231433749 0.127383485 0.131787866 0.051046766 0.981733024
1314.000000 0.160539240 -0.100712359 1.228842378 0.122986875 0.133514598 0.051511928 0.982035935
1315.000000 0.156207874 -0.112683550 1.229023457 0.116720408 0.138738647 0.052182313 0.982041240
1316.000000 0.157534778 -0.121763498 1.225066066 0.110952646 0.141324684 0.053163487 0.982288361
1317.000000 0.158302292 -0.126594454 1.221932650 0.106512003 0.143649340 0.054893568 0.982347548
1318.000000 0.157788813 -0.136573404 1.220338106 0.101221457 0.146781862 0.055665664 0.982400417
1319.000000 0.163039759 -0.141375840 1.216753244 0.097312979 0.148622319 0.055996057 0.982499897
1320.000000 0.162733853 -0.154134616 1.212146640 0.092553258 0.150958136 0.058074363 0.982483029
1321.000000 0.162088633 -0.165746927 1.212411523 0.088132881 0.154046461 0.058760226 0.982369304
1322.000000 0.168376103 -0.170170471 1.205224156 0.085235447 0.155328527 0.059325278 0.982389152
1323.000000 0.166081250 -0.186912030 1.202569842 0.079910837 0.159575745 0.061327904 0.982032955
1324.000000 0.168466419 -0.193936735 1.199945331 0.077596411 0.161606148 0.062690213 0.981800497
1325.000000 0.172806010 -0.205803275 1.194472075 0.073522404 0.162262365 0.064203434 0.981907964
1326.000000 0.177948385 -0.212814286 1.191598892 0.070300348 0.162787050 0.064814031 0.982016981
1327.000000 0.174632832 -0.222916663 1.186756849 0.067576617 0.165029794 0.067668349 0.981641293
1328.000000 0.172249511 -0.234517023 1.187643290 0.064095370 0.166828424 0.068838470 0.981489360
1329.000000 0.174870372 -0.240318030 1.183384776 0.059580550 0.167495117 0.069210976 0.981634021
1330.000000 0.168339282 -0.256554365 1.183568001 0.052824385 0.170074642 0.072658211 0.981328189
1331.000000 0.175504223 -0.267835498 1.174968362 0.048995331 0.167394415 0.073470078 0.981927037
1332.000000 0.176478028 -0.279089421 1.171297073 0.046810877 0.166820541 0.073638454 0.982118666
1333.000000 0.176341400 -0.286218375 1.167726994 0.045203727 0.166250989 0.074875899 0.982196927
1334.000000 0.178299859 -0.297778457 1.164528131 0.042782668 0.165223733 0.075569049 0.982425630
1335.000000 0.175418019 -0.309092611 1.163044930 0.040207181 0.165767968 0.075922765 0.982415438
1336.000000 0.174867138 -0.317717969 1.160164475 0.036071278 0.166621283 0.075723849 0.982447028
1337.000000 0.176703587 -0.326562524 1.156699061 0.030919211 0.167522952 0.076411523 0.982416093
1338.000000 0.175445750 -0.338344395 1.153591037 0.027111633 0.169191569 0.079669520 0.981983662
1339.000000 0.174279049 -0.356375903 1.146233439 0.023136579 0.170843616 0.083305471 0.981497526
1340.000000 0.174088508 -0.368040234 1.143833399 0.020960644 0.170363963 0.085309811 0.981457591
1341.000000 0.174185902 -0.382597506 1.145488143 0.020188497 0.169240788 0.085765064 0.981628418
1342.000000 0.172130957 -0.389815122 1.144912601 0.018673168 0.168815404 0.084612161 0.981831670
1343.000000 0.170725912 -0.395762175 1.144358873 0.014803617 0.169350252 0.085598461 0.981720030
1344.000000 0.170035675 -0.403608114 1.144032240 0.010422095 0.169992968 0.086881399 0.981552541
1345.000000 0.170878798 -0.404309183 1.138512969 0.006748894 0.169994101 0.088611126 0.981429875
1346.000000 0.168096095 -0.421210766 1.141963363 -0.004453790 0.170502469 0.095879376 0.980671287
1347.000000 0.168768913 -0.428075641 1.142773867 -0.006633139 0.170318246 0.097661518 0.980515122
1348.000000 0.166191056 -0.436133534 1.144115567 -0.008720237 0.171938285 0.096737355 0.980307639
1349.000000 0.167046219 -0.442382395 1.142816544 -0.011198051 0.173483640 0.096757203 0.980008185
1350.000000 0.165872186 -0.437919945 1.141071916 -0.011250088 0.175434962 0.097336754 0.979602754
1351.000000 0.163720876 -0.447825432 1.141391516 -0.016886143 0.178657219 0.096706010 0.979001701
1352.000000 0.159777790 -0.451134920 1.140119433 -0.019802229 0.181956008 0.100122683 0.977995574
1353.000000 0.160912871 -0.457980126 1.141292214 -0.022437293 0.184196502 0.102029249 0.977321982
1354.000000 0.159439400 -0.461010814 1.139695287 -0.024131715 0.187050879 0.104330167 0.976496220
1355.000000 0.158967614 -0.466590166 1.141177893 -0.025610261 0.189667001 0.106873728 0.975678504
1356.000000 0.157348394 -0.472371578 1.146501184 -0.026312830 0.192376405 0.109298185 0.974860430
1357.000000 0.156079769 -0.473210990 1.146200538 -0.026775459 0.194703266 0.109868579 0.974321604
1358.000000 0.151511282 -0.478609771 1.149596810 -0.029999647 0.198014796 0.111368738 0.973389506
1359.000000 0.151445031 -0.479700208 1.147167325 -0.030535208 0.199532613 0.113375582 0.972831070
1360.000000 0.149937570 -0.485315472 1.149819136 -0.030676719 0.202261269 0.113872759 0.972204864
1361.000000 0.145451993 -0.484307319 1.149050713 -0.030373015 0.205640748 0.114626914 0.971416473
1362.000000 0.142684996 -0.490797639 1.150590301 -0.030723006 0.209358856 0.115646683 0.970489979
1363.000000 0.136995137 -0.491361380 1.153769970 -0.029378908 0.213599846 0.115884960 0.969578564
1364.000000 0.135238230 -0.491468817 1.153377175 -0.030003164 0.216936603 0.116533145 0.968740582
1365.000000 0.127751440 -0.493238926 1.157675624 -0.032356076 0.221824661 0.119188853 0.967233598
1366.000000 0.126949906 -0.499439240 1.160014868 -0.034421358 0.224802166 0.122335903 0.966081321
1367.000000 0.121850938 -0.502181053 1.161547899 -0.034893196 0.228268638 0.124350354 0.964993715
1368.000000 0.115711689 -0.506127656 1.165804744 -0.036856383 0.232235402 0.127005190 0.963627517
1369.000000 0.114627242 -0.510359764 1.163817644 -0.037936669 0.234466776 0.129402369 0.962725878
1370.000000 0.107926667 -0.515384257 1.168754578 -0.038271055 0.238497466 0.130717397 0.961544156
1371.000000 0.103176028 -0.522131741 1.169489861 -0.038927700 0.241997287 0.132737592 0.960365891
1372.000000 0.096707523 -0.528982878 1.173753977 -0.038083065 0.246051341 0.134616911 0.959107220
1373.000000 0.091155738 -0.533198774 1.177703023 -0.037498478 0.249593005 0.136629388 0.957929850
1374.000000 0.082552344 -0.537631989 1.180746913 -0.037782382 0.253123999 0.139104068 0.956635118
1375.000000 0.075160652 -0.540842652 1.181293249 -0.037540603 0.255898863 0.142059535 0.955471337
1376.000000 0.066852570 -0.546890736 1.184073329 -0.037605967 0.259039462 0.145236671 0.954143941
1377.000000 0.057314038 -0.552532613 1.189699650 -0.037695237 0.262270272 0.148513496 0.952752352
1378.000000 0.050321966 -0.554875493 1.192349434 -0.038156003 0.264617831 0.151420653 0.951626658
1379.000000 0.049300700 -0.536270559 1.168039083 -0.033492032 0.263555110 0.155499145 0.951439440
1380.000000 0.043502897 -0.525300622 1.158774495 -0.029623130 0.265412867 0.159670725 0.950359821
1381.000000 0.030357689 -0.539855361 1.175192714 -0.032200236 0.271175176 0.163029864 0.948076189
1382.000000 0.024309009 -0.546224236 1.176645994 -0.032820307 0.274534106 0.167732358 0.946266234
1383.000000 0.016797751 -0.559197545 1.183704138 -0.033994552 0.279269725 0.171214864 0.944213033
1384.000000 0.006784558 -0.563860774 1.189777970 -0.033009350 0.284300566 0.175363883 0.941982508
1385.000000 0.001056641 -0.571152449 1.190720916 -0.032412205 0.288483292 0.178905591 0.940063655
1386.000000 -0.005391747 -0.571929634 1.190725327 -0.030219423 0.293251425 0.183021426 0.937866509
1387.000000 -0.011036813 -0.574611545 1.193435907 -0.029945772 0.298224777 0.186492816 0.935620487
1388.000000 -0.018980533 -0.583409727 1.204776764 -0.032466341 0.304101557 0.189120948 0.933113813
1389.000000 -0.024641633 -0.582913339 1.202876091 -0.032509509 0.308043212 0.193529770 0.930912852
1390.000000 -0.029952317 -0.583888590 1.203562021 -0.032148056 0.312001169 0.197120175 0.928851664
1391.000000 -0.035634696 -0.585986495 1.205635786 -0.031930931 0.316578507 0.199179485 0.926868916
1392.000000 -0.039482057 -0.589101613 1.208932877 -0.032140538 0.321792752 0.200752556 0.924724162
1393.000000 -0.045423120 -0.592022181 1.212619066 -0.032199219 0.328033298 0.202233970 0.922203243
1394.000000 -0.048983037 -0.593880951 1.216903925 -0.032852881 0.334843457 0.204198986 0.919295013
1395.000000 -0.049113333 -0.599235833 1.225039005 -0.034072943 0.341671109 0.207054108 0.916094124
1396.000000 -0.047315836 -0.581058145 1.209503174 -0.028489476 0.345599502 0.212042347 0.913666964
1397.000000 -0.050844580 -0.578236461 1.209938765 -0.026611196 0.350587726 0.215334445 0.911049485
1398.000000 -0.054105788 -0.581911802 1.218517303 -0.026820371 0.355119348 0.218674034 0.908489168
1399.000000 -0.053537756 -0.587808847 1.221639872 -0.026337929 0.357874632 0.221536487 0.906726837
1400.000000 -0.061939567 -0.608412862 1.243647814 -0.028148094 0.364698648 0.221715406 0.903905332
1401.000000 -0.065388978 -0.610492289 1.250072241 -0.027271569 0.369078606 0.223902076 0.901612520
1402.000000 -0.065967292 -0.617464483 1.256676316 -0.028935071 0.373509735 0.226470262 0.899090946
1403.000000 -0.066867441 -0.620643854 1.263380051 -0.029912181 0.378491074 0.229364499 0.896237552
1404.000000 -0.068727612 -0.623218477 1.265843630 -0.029632330 0.384143025 0.232023403 0.893152416
1405.000000 -0.069294989 -0.633114457 1.276382685 -0.031244405 0.395554274 0.239015132 0.886246204
1406.000000 -0.069809467 -0.637523711 1.281210780 -0.029416060 0.400961816 0.241154775 0.883294225
1407.000000 -0.072105229 -0.643244803 1.291875124 -0.028027486 0.407232881 0.243027255 0.879950881
1408.000000 -0.072223246 -0.644240975 1.298732877 -0.028195063 0.412802041 0.245209157 0.876739383
1409.000000 -0.066988021 -0.633222759 1.289265037 -0.024763623 0.414806932 0.252735674 0.873754323
1410.000000 -0.070947796 -0.636071146 1.296352148 -0.021739308 0.419716269 0.256832868 0.870288730
1411.000000 -0.072415382 -0.640496731 1.306801558 -0.020719323 0.423468113 0.260146558 0.867507517
1412.000000 -0.073014319 -0.647496641 1.312827349 -0.021678736 0.425355941 0.263674021 0.865493119
1413.000000 -0.076527387 -0.666322410 1.327449322 -0.024247980 0.428482056 0.265512109 0.863318264
1414.000000 -0.079713881 -0.670608401 1.337092519 -0.023515679 0.430906475 0.268185586 0.861303151
1415.000000 -0.081431061 -0.679526687 1.348667264 -0.023439761 0.434608221 0.270559907 0.858698785
1416.000000 -0.078206897 -0.683220863 1.347451448 -0.021229865 0.437118173 0.272921175 0.856732726
1417.000000 -0.081749171 -0.693058133 1.353756070 -0.018807184 0.441771924 0.275477529 0.853578329
1418.000000 -0.082715422 -0.700915217 1.366996050 -0.016922060 0.446631312 0.278316617 0.850161135
1419.000000 -0.078819245 -0.680910110 1.348268747 -0.009859683 0.446595937 0.284019232 0.848403156
1420.000000 -0.081969976 -0.683307767 1.352580547 -0.007229745 0.450599343 0.286938429 0.845324993
1421.000000 -0.082933873 -0.687735975 1.356699705 -0.006143926 0.454139322 0.290240139 0.842306614
1422.000000 -0.082639843 -0.692671120 1.361690760 -0.005329270 0.457761794 0.293034017 0.839378834
1423.000000 -0.080125242 -0.708735347 1.372176886 -0.006057799 0.462833643 0.293824643 0.836310565
1424.000000 -0.088345319 -0.704527974 1.376479268 -0.002606953 0.467833698 0.295083433 0.833096981
1425.000000 -0.087065130 -0.719316959 1.390122652 -0.005650959 0.473050147 0.295328796 0.830043674
1426.000000 -0.086501211 -0.728728354 1.399201870 -0.006453054 0.477799803 0.297514170 0.826529503
1427.000000 -0.086843044 -0.738504827 1.399731159 -0.006099555 0.481531560 0.299981833 0.823468924
1428.000000 -0.090321571 -0.731880128 1.400949717 -0.002611206 0.484714419 0.302080452 0.820848644
1429.000000 -0.093326569 -0.718414307 1.399218678 0.003676124 0.487105042 0.305829495 0.818036377
1430.000000 -0.097745866 -0.720950007 1.407385945 0.006799976 0.491319567 0.308237761 0.814584732
1431.000000 -0.098526984 -0.725555718 1.412980080 0.007489995 0.495311409 0.310604602 0.811255395
1432.000000 -0.100101769 -0.731161475 1.419764280 0.008102241 0.499996364 0.312781036 0.807530820
1433.000000 -0.098833978 -0.741535366 1.431680918 0.006548196 0.506644189 0.314761937 0.802616775
1434.000000 -0.101742119 -0.745722234 1.439463973 0.006046418 0.512530088 0.317714542 0.797705352
1435.000000 -0.104698479 -0.756408751 1.450584531 0.004736817 0.518530488 0.320899874 0.792544603
1436.000000 -0.112572044 -0.745059669 1.445769787 0.007620006 0.521751702 0.326034576 0.788301051
1437.000000 -0.114901945 -0.750732720 1.453146577 0.006506114 0.526064813 0.330250502 0.783675969
1438.000000 -0.116132632 -0.758761585 1.459869742 0.006443216 0.530931294 0.333878994 0.778842270
1439.000000 -0.115102097 -0.766292453 1.463124275 0.007653150 0.535208702 0.335819244 0.775060296
1440.000000 -0.110885009 -0.779214203 1.478502274 0.006235459 0.540937662 0.337353021 0.770415783
1441.000000 -0.111938953 -0.785878539 1.483525991 0.007164157 0.544917762 0.339746594 0.766541302
1442.000000 -0.111593708 -0.788933516 1.490692496 0.009844452 0.549212933 0.340101987 0.763281643
1443.000000 -0.127069458 -0.775271714 1.483985186 0.017241841 0.551066637 0.343270272 0.760390520
1444.000000 -0.129324511 -0.780177295 1.492786288 0.018248221 0.555352449 0.345503062 0.756226361
1445.000000 -0.131122068 -0.787896037 1.496721506 0.018479202 0.558984816 0.346633941 0.753020108
1446.000000 -0.133143976 -0.786339223 1.499948740 0.021175370 0.562208712 0.346738011 0.750496984
1447.000000 -0.131985724 -0.789200008 1.505962014 0.021401612 0.565384030 0.348081529 0.747477114
1448.000000 -0.122680999 -0.801754892 1.516530395 0.017387798 0.570044935 0.347301364 0.744397879
1449.000000 -0.123800322 -0.803836524 1.519492507 0.018289085 0.574780941 0.348449469 0.740185976
1450.000000 -0.125765309 -0.804417372 1.520566344 0.020443922 0.579499483 0.348413616 0.736457944
1451.000000 -0.121482141 -0.810239553 1.528107524 0.021451570 0.584206283 0.348898768 0.732470095
1452.000000 -0.124691278 -0.812669575 1.531263828 0.024604585 0.588275850 0.349508286 0.728814125
1453.000000 -0.124077916 -0.813787162 1.537067413 0.026854968 0.591690540 0.349627078 0.725907743
1454.000000 -0.123075075 -0.815702081 1.540001750 0.026866140 0.594644785 0.349938899 0.723338485
1455.000000 -0.119051941 -0.817689419 1.543649316 0.025959026 0.597820878 0.350475699 0.720488131
1456.000000 -0.119432181 -0.817732930 1.546420455 0.026094114 0.601071417 0.351537168 0.717254400
1457.000000 -0.127263635 -0.811714590 1.546237469 0.030275401 0.603859246 0.354740411 0.713159680
1458.000000 -0.129050568 -0.815014064 1.551084280 0.032628339 0.607699156 0.355536491 0.709387779
1459.000000 -0.124912061 -0.814533055 1.553974390 0.035014592 0.611165166 0.354438931 0.706840992
1460.000000 -0.123473957 -0.814249873 1.556031704 0.037652787 0.614400744 0.353816956 0.704207003
1461.000000 -0.112591356 -0.818663478 1.557358503 0.037292767 0.617284477 0.351682186 0.702772200
1462.000000 -0.122302309 -0.824023306 1.573232412 0.038521007 0.622219682 0.350999594 0.698683143
1463.000000 -0.118408009 -0.826280892 1.578263640 0.039488003 0.624853611 0.350421548 0.696565449
1464.000000 -0.117173530 -0.827539325 1.580123067 0.040685073 0.627299845 0.349621683 0.694697201
1465.000000 -0.094467357 -0.824288964 1.574251771 0.040400665 0.628339052 0.347587585 0.694795370
1466.000000 -0.083694845 -0.832002223 1.578217030 0.041210610 0.631551266 0.346380025 0.692434490
1467.000000 -0.078525372 -0.831645548 1.582100511 0.043740012 0.634533167 0.345136970 0.690170228
1468.000000 -0.078370526 -0.831613421 1.581748366 0.044850942 0.636943400 0.344512105 0.688188136
1469.000000 -0.072822884 -0.832044363 1.580638409 0.044682559 0.639593422 0.344688118 0.685648441
1470.000000 -0.065506727 -0.835658491 1.585718632 0.046830598 0.643010020 0.345118552 0.682083726
1471.000000 -0.061725371 -0.834530771 1.585992455 0.048822347 0.646012545 0.343161047 0.680091619
1472.000000 -0.056097373 -0.839290261 1.588725328 0.049611382 0.649386466 0.341576934 0.677614331
1473.000000 -0.051069498 -0.840531945 1.587244391 0.050703466 0.652937353 0.339116305 0.675353348
1474.000000 -0.044311449 -0.842313468 1.586411953 0.051532928 0.656578302 0.336677819 0.672976434
1475.000000 -0.037392743 -0.847156465 1.585465074 0.052115012 0.659537792 0.335611492 0.670566082
1476.000000 -0.034036838 -0.849585474 1.588713527 0.055153899 0.662380636 0.334781140 0.667930722
1477.000000 -0.029589698 -0.849776924 1.587340951 0.056958046 0.663865209 0.333427340 0.666981995
1478.000000 -0.018428504 -0.858598530 1.590078235 0.059755914 0.666850209 0.331634939 0.664648950
1479.000000 -0.015686482 -0.859403074 1.592677236 0.060994510 0.668698788 0.330146909 0.663418829
1480.000000 -0.006731272 -0.866840780 1.595816612 0.059618756 0.670784235 0.329521775 0.661747336
1481.000000 -0.005578905 -0.867601037 1.595812798 0.059476037 0.672174335 0.328851461 0.660682142
1482.000000 -0.004416808 -0.867868185 1.592310667 0.060511347 0.673386514 0.327771664 0.659889936
1483.000000 -0.002504945 -0.870644033 1.593178391 0.062454987 0.675313413 0.326350242 0.658442616
1484.000000 0.001040205 -0.871508121 1.595195770 0.065553360 0.677546561 0.325435579 0.656296492
1485.000000 0.001676053 -0.870551884 1.597442031 0.068262599 0.679721653 0.324129105 0.654415011
1486.000000 0.006022751 -0.873703718 1.602475643 0.069659039 0.682313144 0.323247880 0.652002513
1487.000000 0.008465067 -0.877323747 1.598213911 0.069982901 0.684390843 0.322278142 0.650267959
1488.000000 0.005313426 -0.875932515 1.593108177 0.070927776 0.686177790 0.321365386 0.648732305
1489.000000 0.012093946 -0.881814957 1.596982718 0.070646837 0.688342750 0.321892470 0.646203220
1490.000000 0.014073819 -0.882032633 1.598493338 0.070793070 0.689852953 0.322600991 0.644220352
1491.000000 0.015940979 -0.885070801 1.596317530 0.070322663 0.690834284 0.322708577 0.643165588
1492.000000 0.019152880 -0.889363348 1.597759366 0.071210682 0.692107916 0.322413951 0.641844988
1493.000000 0.019868299 -0.891710877 1.600229025 0.072693855 0.693456173 0.322250724 0.640303552
1494.000000 0.021887913 -0.891412795 1.598606706 0.072835498 0.694247127 0.323264688 0.638917804
1495.000000 0.023368701 -0.895884275 1.600486755 0.072101302 0.695679188 0.324734539 0.636694133
1496.000000 0.024909079 -0.895370543 1.603693366 0.073164143 0.696779728 0.326024741 0.634706974
1497.000000 0.026112974 -0.898344457 1.600879312 0.075053819 0.697632611 0.326385111 0.633362830
1498.000000 0.028952658 -0.901580274 1.602598429 0.076874293 0.699007094 0.325751811 0.631953537
1499.000000 0.031359345 -0.899971843 1.603370667 0.078353152 0.700120509 0.325669199 0.630580485
1500.000000 0.030515522 -0.899115384 1.603245854 0.079416752 0.701481402 0.325545043 0.628997087
1501.000000 0.030210882 -0.901905537 1.602483988 0.079679109 0.702852309 0.325860500 0.627267718
1502.000000 0.032488495 -0.903514087 1.605609417 0.079955898 0.704799950 0.326203495 0.624864221
1503.000000 0.034137338 -0.903495431 1.604149580 0.079545587 0.706452906 0.326346368 0.622972608
1504.000000 0.035720319 -0.905251086 1.603921533 0.078268640 0.708892167 0.325881600 0.620602190
1505.000000 0.034424752 -0.903482556 1.604724765 0.077910706 0.711635888 0.325874120 0.617503405
1506.000000 0.040684491 -0.904980779 1.605929494 0.076236591 0.714672446 0.325368226 0.614464700
1507.000000 0.037339032 -0.904498816 1.605859041 0.074300863 0.717259824 0.325149953 0.611796737
1508.000000 0.043288231 -0.905904174 1.607941866 0.072864145 0.719812214 0.324318945 0.609408259
