
ORB-SLAM3 Copyright (C) 2017-2020 Carlos Campos, Richard Elvira, Juan J. Gómez, José M.M. Montiel and Juan D. Tardós, University of Zaragoza.
ORB-SLAM2 Copyright (C) 2014-2016 Raúl Mur-Artal, José M.M. Montiel and Juan D. Tardós, University of Zaragoza.
This program comes with ABSOLUTELY NO WARRANTY;
This is free software, and you are welcome to redistribute it
under certain conditions. See LICENSE.txt.

Input sensor was set to: RGB-D
Loading settings from /home/bingxin/Downloads/NGD-SLAM/Examples/RGB-D/TUM2.yaml
	-Loaded camera 1
Camera.newHeight optional parameter does not exist...
Camera.newWidth optional parameter does not exist...
	-Loaded image info
	-Loaded RGB-D calibration
	-Loaded ORB settings
Viewer.imageViewScale optional parameter does not exist...
	-Loaded viewer settings
System.LoadAtlasFromFile optional parameter does not exist...
System.SaveAtlasToFile optional parameter does not exist...
	-Loaded Atlas settings
System.thFarPoints optional parameter does not exist...
	-Loaded misc parameters
----------------------------------
SLAM settings: 
	-Camera 1 parameters (Pinhole): [ 520.909 521.007 325.141 249.702 ]
	-Camera 1 distortion parameters: [  0.231222 -0.784899 -0.003257 -0.000105 0.917205 ]
	-Original image size: [ 640 , 480 ]
	-Current image size: [ 640 , 480 ]
	-Sequence FPS: 30
	-RGB-D depth map factor: 5208
	-Features per image: 1000
	-ORB scale factor: 1.2
	-ORB number of scales: 8
	-Initial FAST threshold: 20
	-Min FAST threshold: 7


Loading ORB Vocabulary. This could take a while...
Vocabulary loaded!

Initialization of Atlas from scratch 
Creation of new map with id: 0
Creation of new map with last KF id: 0
Seq. Name: 
There are 1 cameras in the atlas
Camera 0 is pinhole
Net use yolo-fastest

-------
Start processing sequence ...
Images in the sequence: 3983

First KF:0; Map init KF:0
New Map created with 571 points
Average processing time of GrabImageRGBD(): 48.1799ms
Frame 0 end
Average processing time of GrabImageRGBD(): 36.2826ms
Frame 1 end
Average processing time of GrabImageRGBD(): 31.8038ms
Frame 2 end
Average processing time of GrabImageRGBD(): 24.693ms
Frame 3 end
Average processing time of GrabImageRGBD(): 21.3268ms
Frame 4 end
Average processing time of GrabImageRGBD(): 18.7472ms
Frame 5 end
Starting the Viewer
Average processing time of GrabImageRGBD(): 17.2423ms
Frame 6 end
Average processing time of GrabImageRGBD(): 15.7164ms
Frame 7 end
Average processing time of GrabImageRGBD(): 14.9109ms
Frame 8 end
Average processing time of GrabImageRGBD(): 14.125ms
Frame 9 end
Average processing time of GrabImageRGBD(): 13.5268ms
Frame 10 end
Average processing time of GrabImageRGBD(): 12.7304ms
Frame 11 end
Average processing time of GrabImageRGBD(): 12.3555ms
Frame 12 end
Average processing time of GrabImageRGBD(): 12.0123ms
Frame 13 end
Average processing time of GrabImageRGBD(): 11.5131ms
Frame 14 end
Average processing time of GrabImageRGBD(): 11.0031ms
Frame 15 end
Average processing time of GrabImageRGBD(): 10.5299ms
Frame 16 end
Average processing time of GrabImageRGBD(): 10.3931ms
Frame 17 end
Average processing time of GrabImageRGBD(): 10.0717ms
Frame 18 end
Average processing time of GrabImageRGBD(): 9.79427ms
Frame 19 end
Average processing time of GrabImageRGBD(): 9.7163ms
Frame 20 end
Average processing time of GrabImageRGBD(): 9.64913ms
Frame 21 end
Average processing time of GrabImageRGBD(): 9.70318ms
Frame 22 end
Average processing time of GrabImageRGBD(): 9.64773ms
Frame 23 end
Average processing time of GrabImageRGBD(): 9.59611ms
Frame 24 end
Average processing time of GrabImageRGBD(): 9.61535ms
Frame 25 end
Average processing time of GrabImageRGBD(): 9.39322ms
Frame 26 end
Average processing time of GrabImageRGBD(): 9.35062ms
Frame 27 end
Average processing time of GrabImageRGBD(): 9.31854ms
Frame 28 end
Average processing time of GrabImageRGBD(): 9.26823ms
Frame 29 end
Average processing time of GrabImageRGBD(): 9.21777ms
Frame 30 end
Average processing time of GrabImageRGBD(): 9.16482ms
Frame 31 end
Average processing time of GrabImageRGBD(): 8.98286ms
Frame 32 end
Average processing time of GrabImageRGBD(): 8.94426ms
Frame 33 end
Average processing time of GrabImageRGBD(): 8.87081ms
Frame 34 end
Average processing time of GrabImageRGBD(): 8.8542ms
Frame 35 end
Average processing time of GrabImageRGBD(): 8.83032ms
Frame 36 end
Average processing time of GrabImageRGBD(): 8.80934ms
Frame 37 end
Average processing time of GrabImageRGBD(): 8.69593ms
Frame 38 end
Average processing time of GrabImageRGBD(): 8.59085ms
Frame 39 end
Average processing time of GrabImageRGBD(): 8.47659ms
Frame 40 end
Average processing time of GrabImageRGBD(): 8.37077ms
Frame 41 end
Average processing time of GrabImageRGBD(): 8.25137ms
Frame 42 end
Average processing time of GrabImageRGBD(): 8.24206ms
Frame 43 end
Average processing time of GrabImageRGBD(): 8.23098ms
Frame 44 end
Average processing time of GrabImageRGBD(): 8.12723ms
Frame 45 end
Average processing time of GrabImageRGBD(): 8.11592ms
Frame 46 end
Average processing time of GrabImageRGBD(): 8.11467ms
Frame 47 end
Average processing time of GrabImageRGBD(): 8.06694ms
Frame 48 end
Average processing time of GrabImageRGBD(): 7.99361ms
Frame 49 end
Average processing time of GrabImageRGBD(): 7.97946ms
Frame 50 end
Average processing time of GrabImageRGBD(): 7.97112ms
Frame 51 end
Average processing time of GrabImageRGBD(): 7.96554ms
Frame 52 end
Average processing time of GrabImageRGBD(): 7.96806ms
Frame 53 end
Average processing time of GrabImageRGBD(): 7.96846ms
Frame 54 end
Average processing time of GrabImageRGBD(): 7.96075ms
Frame 55 end
Average processing time of GrabImageRGBD(): 7.92297ms
Frame 56 end
Average processing time of GrabImageRGBD(): 7.84429ms
Frame 57 end
Average processing time of GrabImageRGBD(): 7.85291ms
Frame 58 end
Average processing time of GrabImageRGBD(): 7.84953ms
Frame 59 end
Average processing time of GrabImageRGBD(): 7.85087ms
Frame 60 end
Average processing time of GrabImageRGBD(): 7.82165ms
Frame 61 end
Average processing time of GrabImageRGBD(): 7.77661ms
Frame 62 end
Average processing time of GrabImageRGBD(): 7.77427ms
Frame 63 end
Average processing time of GrabImageRGBD(): 7.70858ms
Frame 64 end
Average processing time of GrabImageRGBD(): 7.64122ms
Frame 65 end
Average processing time of GrabImageRGBD(): 7.64481ms
Frame 66 end
Average processing time of GrabImageRGBD(): 7.58082ms
Frame 67 end
Average processing time of GrabImageRGBD(): 7.58657ms
Frame 68 end
Average processing time of GrabImageRGBD(): 7.52084ms
Frame 69 end
Average processing time of GrabImageRGBD(): 7.5232ms
Frame 70 end
Average processing time of GrabImageRGBD(): 7.46289ms
Frame 71 end
Average processing time of GrabImageRGBD(): 7.42238ms
Frame 72 end
Average processing time of GrabImageRGBD(): 7.36128ms
Frame 73 end
Average processing time of GrabImageRGBD(): 7.32762ms
Frame 74 end
Average processing time of GrabImageRGBD(): 7.32909ms
Frame 75 end
Average processing time of GrabImageRGBD(): 7.28964ms
Frame 76 end
Average processing time of GrabImageRGBD(): 7.2935ms
Frame 77 end
Average processing time of GrabImageRGBD(): 7.2488ms
Frame 78 end
Average processing time of GrabImageRGBD(): 7.26084ms
Frame 79 end
Average processing time of GrabImageRGBD(): 7.27163ms
Frame 80 end
Average processing time of GrabImageRGBD(): 7.22169ms
Frame 81 end
Average processing time of GrabImageRGBD(): 7.17447ms
Frame 82 end
Average processing time of GrabImageRGBD(): 7.16917ms
Frame 83 end
Average processing time of GrabImageRGBD(): 7.1766ms
Frame 84 end
Average processing time of GrabImageRGBD(): 7.13012ms
Frame 85 end
Average processing time of GrabImageRGBD(): 7.13835ms
Frame 86 end
Average processing time of GrabImageRGBD(): 7.14701ms
Frame 87 end
Average processing time of GrabImageRGBD(): 7.10443ms
Frame 88 end
Average processing time of GrabImageRGBD(): 7.11612ms
Frame 89 end
Average processing time of GrabImageRGBD(): 7.08396ms
Frame 90 end
Average processing time of GrabImageRGBD(): 7.09603ms
Frame 91 end
Average processing time of GrabImageRGBD(): 7.05241ms
Frame 92 end
Average processing time of GrabImageRGBD(): 7.04785ms
Frame 93 end
Average processing time of GrabImageRGBD(): 7.00665ms
Frame 94 end
Average processing time of GrabImageRGBD(): 6.96973ms
Frame 95 end
Average processing time of GrabImageRGBD(): 6.95175ms
Frame 96 end
Average processing time of GrabImageRGBD(): 6.96453ms
Frame 97 end
Average processing time of GrabImageRGBD(): 6.98062ms
Frame 98 end
Average processing time of GrabImageRGBD(): 6.98882ms
Frame 99 end
Average processing time of GrabImageRGBD(): 6.99896ms
Frame 100 end
Average processing time of GrabImageRGBD(): 7.00752ms
Frame 101 end
Average processing time of GrabImageRGBD(): 6.97344ms
Frame 102 end
Average processing time of GrabImageRGBD(): 6.98526ms
Frame 103 end
Average processing time of GrabImageRGBD(): 6.96466ms
Frame 104 end
Average processing time of GrabImageRGBD(): 6.93064ms
Frame 105 end
Average processing time of GrabImageRGBD(): 6.93844ms
Frame 106 end
Average processing time of GrabImageRGBD(): 6.95065ms
Frame 107 end
Average processing time of GrabImageRGBD(): 7.15712ms
Frame 108 end
Average processing time of GrabImageRGBD(): 7.15094ms
Frame 109 end
Average processing time of GrabImageRGBD(): 7.14003ms
Frame 110 end
Average processing time of GrabImageRGBD(): 7.1331ms
Frame 111 end
Average processing time of GrabImageRGBD(): 7.1215ms
Frame 112 end
Average processing time of GrabImageRGBD(): 7.11595ms
Frame 113 end
Average processing time of GrabImageRGBD(): 7.10651ms
Frame 114 end
Average processing time of GrabImageRGBD(): 7.09153ms
Frame 115 end
Average processing time of GrabImageRGBD(): 7.07401ms
Frame 116 end
Average processing time of GrabImageRGBD(): 7.04617ms
Frame 117 end
Average processing time of GrabImageRGBD(): 7.01701ms
Frame 118 end
Average processing time of GrabImageRGBD(): 7.00833ms
Frame 119 end
Average processing time of GrabImageRGBD(): 7.14631ms
Frame 120 end
Average processing time of GrabImageRGBD(): 7.14541ms
Frame 121 end
Average processing time of GrabImageRGBD(): 7.10939ms
Frame 122 end
Average processing time of GrabImageRGBD(): 7.10304ms
Frame 123 end
Average processing time of GrabImageRGBD(): 7.0957ms
Frame 124 end
Average processing time of GrabImageRGBD(): 7.07267ms
Frame 125 end
Average processing time of GrabImageRGBD(): 7.06033ms
Frame 126 end
Average processing time of GrabImageRGBD(): 7.05587ms
Frame 127 end
Average processing time of GrabImageRGBD(): 7.02294ms
Frame 128 end
Average processing time of GrabImageRGBD(): 7.02073ms
Frame 129 end
Average processing time of GrabImageRGBD(): 7.01513ms
Frame 130 end
Average processing time of GrabImageRGBD(): 7.01238ms
Frame 131 end
Average processing time of GrabImageRGBD(): 6.98297ms
Frame 132 end
Average processing time of GrabImageRGBD(): 6.95274ms
Frame 133 end
Average processing time of GrabImageRGBD(): 6.92352ms
Frame 134 end
Average processing time of GrabImageRGBD(): 6.92278ms
Frame 135 end
Average processing time of GrabImageRGBD(): 6.90174ms
Frame 136 end
Average processing time of GrabImageRGBD(): 6.89739ms
Frame 137 end
Average processing time of GrabImageRGBD(): 6.89072ms
Frame 138 end
Average processing time of GrabImageRGBD(): 6.86355ms
Frame 139 end
Average processing time of GrabImageRGBD(): 6.84262ms
Frame 140 end
Average processing time of GrabImageRGBD(): 6.8238ms
Frame 141 end
Average processing time of GrabImageRGBD(): 6.82001ms
Frame 142 end
Average processing time of GrabImageRGBD(): 6.81537ms
Frame 143 end
Average processing time of GrabImageRGBD(): 6.78841ms
Frame 144 end
Average processing time of GrabImageRGBD(): 6.78528ms
Frame 145 end
Average processing time of GrabImageRGBD(): 6.78038ms
Frame 146 end
Average processing time of GrabImageRGBD(): 6.77653ms
Frame 147 end
Average processing time of GrabImageRGBD(): 6.77037ms
Frame 148 end
Average processing time of GrabImageRGBD(): 6.76668ms
Frame 149 end
Average processing time of GrabImageRGBD(): 6.73845ms
Frame 150 end
Average processing time of GrabImageRGBD(): 6.86057ms
Frame 151 end
Average processing time of GrabImageRGBD(): 6.98095ms
Frame 152 end
Average processing time of GrabImageRGBD(): 6.95699ms
Frame 153 end
Average processing time of GrabImageRGBD(): 6.93488ms
Frame 154 end
Average processing time of GrabImageRGBD(): 6.94017ms
Frame 155 end
Average processing time of GrabImageRGBD(): 6.9474ms
Frame 156 end
Average processing time of GrabImageRGBD(): 6.95307ms
Frame 157 end
Average processing time of GrabImageRGBD(): 6.92911ms
Frame 158 end
Average processing time of GrabImageRGBD(): 6.90727ms
Frame 159 end
Average processing time of GrabImageRGBD(): 6.91259ms
Frame 160 end
Average processing time of GrabImageRGBD(): 6.91364ms
Frame 161 end
Average processing time of GrabImageRGBD(): 6.91736ms
Frame 162 end
Average processing time of GrabImageRGBD(): 6.89367ms
Frame 163 end
Average processing time of GrabImageRGBD(): 6.8861ms
Frame 164 end
Average processing time of GrabImageRGBD(): 6.87545ms
Frame 165 end
Average processing time of GrabImageRGBD(): 6.98076ms
Frame 166 end
Average processing time of GrabImageRGBD(): 6.98647ms
Frame 167 end
Average processing time of GrabImageRGBD(): 6.96039ms
Frame 168 end
Average processing time of GrabImageRGBD(): 6.9646ms
Frame 169 end
Average processing time of GrabImageRGBD(): 6.94358ms
Frame 170 end
Average processing time of GrabImageRGBD(): 6.92202ms
Frame 171 end
Average processing time of GrabImageRGBD(): 6.92297ms
Frame 172 end
Average processing time of GrabImageRGBD(): 6.92772ms
Frame 173 end
Average processing time of GrabImageRGBD(): 6.90622ms
Frame 174 end
Average processing time of GrabImageRGBD(): 6.88447ms
Frame 175 end
Average processing time of GrabImageRGBD(): 6.88819ms
Frame 176 end
Average processing time of GrabImageRGBD(): 6.87464ms
Frame 177 end
Average processing time of GrabImageRGBD(): 6.87596ms
Frame 178 end
Average processing time of GrabImageRGBD(): 6.85607ms
Frame 179 end
Average processing time of GrabImageRGBD(): 6.85667ms
Frame 180 end
Average processing time of GrabImageRGBD(): 6.84059ms
Frame 181 end
Average processing time of GrabImageRGBD(): 6.82593ms
Frame 182 end
Average processing time of GrabImageRGBD(): 6.80499ms
Frame 183 end
Average processing time of GrabImageRGBD(): 6.80582ms
Frame 184 end
Average processing time of GrabImageRGBD(): 6.80356ms
Frame 185 end
Average processing time of GrabImageRGBD(): 6.80501ms
Frame 186 end
Average processing time of GrabImageRGBD(): 6.80785ms
Frame 187 end
Average processing time of GrabImageRGBD(): 6.8075ms
Frame 188 end
Average processing time of GrabImageRGBD(): 6.8998ms
Frame 189 end
Average processing time of GrabImageRGBD(): 6.90338ms
Frame 190 end
Average processing time of GrabImageRGBD(): 7.00157ms
Frame 191 end
Average processing time of GrabImageRGBD(): 6.98456ms
Frame 192 end
Average processing time of GrabImageRGBD(): 6.99066ms
Frame 193 end
Average processing time of GrabImageRGBD(): 6.98444ms
Frame 194 end
Average processing time of GrabImageRGBD(): 6.99014ms
Frame 195 end
Average processing time of GrabImageRGBD(): 6.99444ms
Frame 196 end
Average processing time of GrabImageRGBD(): 6.97456ms
Frame 197 end
Average processing time of GrabImageRGBD(): 6.95441ms
Frame 198 end
Average processing time of GrabImageRGBD(): 6.95976ms
Frame 199 end
Average processing time of GrabImageRGBD(): 6.9569ms
Frame 200 end
Average processing time of GrabImageRGBD(): 7.06315ms
Frame 201 end
Average processing time of GrabImageRGBD(): 7.04727ms
Frame 202 end
Average processing time of GrabImageRGBD(): 7.02942ms
Frame 203 end
Average processing time of GrabImageRGBD(): 7.01936ms
Frame 204 end
Average processing time of GrabImageRGBD(): 7.00723ms
Frame 205 end
Average processing time of GrabImageRGBD(): 6.98939ms
Frame 206 end
Average processing time of GrabImageRGBD(): 6.99216ms
Frame 207 end
Average processing time of GrabImageRGBD(): 6.97443ms
Frame 208 end
Average processing time of GrabImageRGBD(): 6.96827ms
Frame 209 end
Average processing time of GrabImageRGBD(): 6.97032ms
Frame 210 end
Average processing time of GrabImageRGBD(): 6.95013ms
Frame 211 end
Average processing time of GrabImageRGBD(): 6.93302ms
Frame 212 end
Average processing time of GrabImageRGBD(): 6.93741ms
Frame 213 end
Average processing time of GrabImageRGBD(): 6.94032ms
Frame 214 end
Average processing time of GrabImageRGBD(): 7.02825ms
Frame 215 end
Average processing time of GrabImageRGBD(): 7.03171ms
Frame 216 end
Average processing time of GrabImageRGBD(): 7.0121ms
Frame 217 end
Average processing time of GrabImageRGBD(): 7.0113ms
Frame 218 end
Average processing time of GrabImageRGBD(): 7.00069ms
Frame 219 end
Average processing time of GrabImageRGBD(): 6.99976ms
Frame 220 end
Average processing time of GrabImageRGBD(): 7.0007ms
Frame 221 end
Average processing time of GrabImageRGBD(): 7.08586ms
Frame 222 end
Average processing time of GrabImageRGBD(): 7.08982ms
Frame 223 end
Average processing time of GrabImageRGBD(): 7.06996ms
Frame 224 end
Average processing time of GrabImageRGBD(): 7.07204ms
Frame 225 end
Average processing time of GrabImageRGBD(): 7.07295ms
Frame 226 end
Average processing time of GrabImageRGBD(): 7.06664ms
Frame 227 end
Average processing time of GrabImageRGBD(): 7.05887ms
Frame 228 end
Average processing time of GrabImageRGBD(): 7.04736ms
Frame 229 end
Average processing time of GrabImageRGBD(): 7.03045ms
Frame 230 end
Average processing time of GrabImageRGBD(): 7.03018ms
Frame 231 end
Average processing time of GrabImageRGBD(): 7.03091ms
Frame 232 end
Average processing time of GrabImageRGBD(): 7.02983ms
Frame 233 end
Average processing time of GrabImageRGBD(): 7.03025ms
Frame 234 end
Average processing time of GrabImageRGBD(): 7.12217ms
Frame 235 end
Average processing time of GrabImageRGBD(): 7.10887ms
Frame 236 end
Average processing time of GrabImageRGBD(): 7.08971ms
Frame 237 end
Average processing time of GrabImageRGBD(): 7.0734ms
Frame 238 end
Average processing time of GrabImageRGBD(): 7.07279ms
Frame 239 end
Average processing time of GrabImageRGBD(): 7.07129ms
Frame 240 end
Average processing time of GrabImageRGBD(): 7.07082ms
Frame 241 end
Average processing time of GrabImageRGBD(): 7.06603ms
Frame 242 end
Average processing time of GrabImageRGBD(): 7.05935ms
Frame 243 end
Average processing time of GrabImageRGBD(): 7.14869ms
Frame 244 end
Average processing time of GrabImageRGBD(): 7.14149ms
Frame 245 end
Average processing time of GrabImageRGBD(): 7.12281ms
Frame 246 end
Average processing time of GrabImageRGBD(): 7.1252ms
Frame 247 end
Average processing time of GrabImageRGBD(): 7.22409ms
Frame 248 end
Average processing time of GrabImageRGBD(): 7.21204ms
Frame 249 end
Average processing time of GrabImageRGBD(): 7.19441ms
Frame 250 end
Average processing time of GrabImageRGBD(): 7.18377ms
Frame 251 end
Average processing time of GrabImageRGBD(): 7.16833ms
Frame 252 end
Average processing time of GrabImageRGBD(): 7.29756ms
Frame 253 end
Average processing time of GrabImageRGBD(): 7.29751ms
Frame 254 end
Average processing time of GrabImageRGBD(): 7.27931ms
Frame 255 end
Average processing time of GrabImageRGBD(): 7.26348ms
Frame 256 end
Average processing time of GrabImageRGBD(): 7.26773ms
Frame 257 end
Average processing time of GrabImageRGBD(): 7.25577ms
Frame 258 end
Average processing time of GrabImageRGBD(): 7.24111ms
Frame 259 end
Average processing time of GrabImageRGBD(): 7.24476ms
Frame 260 end
Average processing time of GrabImageRGBD(): 7.22947ms
Frame 261 end
Average processing time of GrabImageRGBD(): 7.33992ms
Frame 262 end
Average processing time of GrabImageRGBD(): 7.3288ms
Frame 263 end
Average processing time of GrabImageRGBD(): 7.31229ms
Frame 264 end
Average processing time of GrabImageRGBD(): 7.30672ms
Frame 265 end
Average processing time of GrabImageRGBD(): 7.29309ms
Frame 266 end
Average processing time of GrabImageRGBD(): 7.29777ms
Frame 267 end
Average processing time of GrabImageRGBD(): 7.37517ms
Frame 268 end
Average processing time of GrabImageRGBD(): 7.36197ms
Frame 269 end
Average processing time of GrabImageRGBD(): 7.34455ms
Frame 270 end
Average processing time of GrabImageRGBD(): 7.34782ms
Frame 271 end
Average processing time of GrabImageRGBD(): 7.35059ms
Frame 272 end
Average processing time of GrabImageRGBD(): 7.35296ms
Frame 273 end
Average processing time of GrabImageRGBD(): 7.33696ms
Frame 274 end
Average processing time of GrabImageRGBD(): 7.33784ms
Frame 275 end
Average processing time of GrabImageRGBD(): 7.33841ms
Frame 276 end
Average processing time of GrabImageRGBD(): 7.41027ms
Frame 277 end
Average processing time of GrabImageRGBD(): 7.41279ms
Frame 278 end
Average processing time of GrabImageRGBD(): 7.41247ms
Frame 279 end
Average processing time of GrabImageRGBD(): 7.41314ms
Frame 280 end
Average processing time of GrabImageRGBD(): 7.39814ms
Frame 281 end
Average processing time of GrabImageRGBD(): 7.47077ms
Frame 282 end
Average processing time of GrabImageRGBD(): 7.47533ms
Frame 283 end
Average processing time of GrabImageRGBD(): 7.45969ms
Frame 284 end
Average processing time of GrabImageRGBD(): 7.44486ms
Frame 285 end
Average processing time of GrabImageRGBD(): 7.42923ms
Frame 286 end
Average processing time of GrabImageRGBD(): 7.41381ms
Frame 287 end
Average processing time of GrabImageRGBD(): 7.39869ms
Frame 288 end
Average processing time of GrabImageRGBD(): 7.50659ms
Frame 289 end
Average processing time of GrabImageRGBD(): 7.51121ms
Frame 290 end
Average processing time of GrabImageRGBD(): 7.49483ms
Frame 291 end
Average processing time of GrabImageRGBD(): 7.49421ms
Frame 292 end
Average processing time of GrabImageRGBD(): 7.48994ms
Frame 293 end
Average processing time of GrabImageRGBD(): 7.48989ms
Frame 294 end
Average processing time of GrabImageRGBD(): 7.49926ms
Frame 295 end
Average processing time of GrabImageRGBD(): 7.5003ms
Frame 296 end
Average processing time of GrabImageRGBD(): 7.56685ms
Frame 297 end
Average processing time of GrabImageRGBD(): 7.5704ms
Frame 298 end
Average processing time of GrabImageRGBD(): 7.55462ms
Frame 299 end
Average processing time of GrabImageRGBD(): 7.62491ms
Frame 300 end
Average processing time of GrabImageRGBD(): 7.61486ms
Frame 301 end
Average processing time of GrabImageRGBD(): 7.59928ms
Frame 302 end
Average processing time of GrabImageRGBD(): 7.59847ms
Frame 303 end
Average processing time of GrabImageRGBD(): 7.59783ms
Frame 304 end
Average processing time of GrabImageRGBD(): 7.66543ms
Frame 305 end
Average processing time of GrabImageRGBD(): 7.66963ms
Frame 306 end
Average processing time of GrabImageRGBD(): 7.65582ms
Frame 307 end
Average processing time of GrabImageRGBD(): 7.65675ms
Frame 308 end
Average processing time of GrabImageRGBD(): 7.64262ms
Frame 309 end
Average processing time of GrabImageRGBD(): 7.63375ms
Frame 310 end
Average processing time of GrabImageRGBD(): 7.61913ms
Frame 311 end
Average processing time of GrabImageRGBD(): 7.61825ms
Frame 312 end
Average processing time of GrabImageRGBD(): 7.61831ms
Frame 313 end
Average processing time of GrabImageRGBD(): 7.6043ms
Frame 314 end
Average processing time of GrabImageRGBD(): 7.60502ms
Frame 315 end
Average processing time of GrabImageRGBD(): 7.60222ms
Frame 316 end
Average processing time of GrabImageRGBD(): 7.60212ms
Frame 317 end
Average processing time of GrabImageRGBD(): 7.66945ms
Frame 318 end
Average processing time of GrabImageRGBD(): 7.66903ms
Frame 319 end
Average processing time of GrabImageRGBD(): 7.65329ms
Frame 320 end
Average processing time of GrabImageRGBD(): 7.71793ms
Frame 321 end
Average processing time of GrabImageRGBD(): 7.70665ms
Frame 322 end
Average processing time of GrabImageRGBD(): 7.69199ms
Frame 323 end
Average processing time of GrabImageRGBD(): 7.75148ms
Frame 324 end
Average processing time of GrabImageRGBD(): 7.75508ms
Frame 325 end
Average processing time of GrabImageRGBD(): 7.74163ms
Frame 326 end
Average processing time of GrabImageRGBD(): 7.73442ms
Frame 327 end
Average processing time of GrabImageRGBD(): 7.72112ms
Frame 328 end
Average processing time of GrabImageRGBD(): 7.72178ms
Frame 329 end
Average processing time of GrabImageRGBD(): 7.72114ms
Frame 330 end
Average processing time of GrabImageRGBD(): 7.70728ms
Frame 331 end
Average processing time of GrabImageRGBD(): 7.70294ms
Frame 332 end
Average processing time of GrabImageRGBD(): 7.70095ms
Frame 333 end
Average processing time of GrabImageRGBD(): 7.68745ms
Frame 334 end
Average processing time of GrabImageRGBD(): 7.68628ms
Frame 335 end
Average processing time of GrabImageRGBD(): 7.68612ms
Frame 336 end
Average processing time of GrabImageRGBD(): 7.6725ms
Frame 337 end
Average processing time of GrabImageRGBD(): 7.66898ms
Frame 338 end
Average processing time of GrabImageRGBD(): 7.66686ms
Frame 339 end
Average processing time of GrabImageRGBD(): 7.6571ms
Frame 340 end
Average processing time of GrabImageRGBD(): 7.72481ms
Frame 341 end
Average processing time of GrabImageRGBD(): 7.72434ms
Frame 342 end
Average processing time of GrabImageRGBD(): 7.70923ms
Frame 343 end
Average processing time of GrabImageRGBD(): 7.7098ms
Frame 344 end
Average processing time of GrabImageRGBD(): 7.70935ms
Frame 345 end
Average processing time of GrabImageRGBD(): 7.70864ms
Frame 346 end
Average processing time of GrabImageRGBD(): 7.77183ms
Frame 347 end
Average processing time of GrabImageRGBD(): 7.76946ms
Frame 348 end
Average processing time of GrabImageRGBD(): 7.75566ms
Frame 349 end
Average processing time of GrabImageRGBD(): 7.74229ms
Frame 350 end
Average processing time of GrabImageRGBD(): 7.73197ms
Frame 351 end
Average processing time of GrabImageRGBD(): 7.78501ms
Frame 352 end
Average processing time of GrabImageRGBD(): 7.78888ms
Frame 353 end
Average processing time of GrabImageRGBD(): 7.77499ms
Frame 354 end
Average processing time of GrabImageRGBD(): 7.76195ms
Frame 355 end
Average processing time of GrabImageRGBD(): 7.74968ms
Frame 356 end
Average processing time of GrabImageRGBD(): 7.75027ms
Frame 357 end
Average processing time of GrabImageRGBD(): 7.80443ms
Frame 358 end
Average processing time of GrabImageRGBD(): 7.80076ms
Frame 359 end
Average processing time of GrabImageRGBD(): 7.78652ms
Frame 360 end
Average processing time of GrabImageRGBD(): 7.78601ms
Frame 361 end
Average processing time of GrabImageRGBD(): 7.78511ms
Frame 362 end
Average processing time of GrabImageRGBD(): 7.78237ms
Frame 363 end
Average processing time of GrabImageRGBD(): 7.83871ms
Frame 364 end
Average processing time of GrabImageRGBD(): 7.84052ms
Frame 365 end
Average processing time of GrabImageRGBD(): 7.84033ms
Frame 366 end
Average processing time of GrabImageRGBD(): 7.8368ms
Frame 367 end
Average processing time of GrabImageRGBD(): 7.83217ms
Frame 368 end
Average processing time of GrabImageRGBD(): 7.82269ms
Frame 369 end
Average processing time of GrabImageRGBD(): 7.82012ms
Frame 370 end
Average processing time of GrabImageRGBD(): 7.80771ms
Frame 371 end
Average processing time of GrabImageRGBD(): 7.80587ms
Frame 372 end
Average processing time of GrabImageRGBD(): 7.79337ms
Frame 373 end
Average processing time of GrabImageRGBD(): 7.78485ms
Frame 374 end
Average processing time of GrabImageRGBD(): 7.78302ms
Frame 375 end
Average processing time of GrabImageRGBD(): 7.78065ms
Frame 376 end
Average processing time of GrabImageRGBD(): 7.77939ms
Frame 377 end
Average processing time of GrabImageRGBD(): 7.85391ms
Frame 378 end
Average processing time of GrabImageRGBD(): 7.84467ms
Frame 379 end
Average processing time of GrabImageRGBD(): 7.84228ms
Frame 380 end
Average processing time of GrabImageRGBD(): 7.83629ms
Frame 381 end
Average processing time of GrabImageRGBD(): 7.82441ms
Frame 382 end
Average processing time of GrabImageRGBD(): 7.82174ms
Frame 383 end
Average processing time of GrabImageRGBD(): 7.81133ms
Frame 384 end
Average processing time of GrabImageRGBD(): 7.80906ms
Frame 385 end
Average processing time of GrabImageRGBD(): 7.80277ms
Frame 386 end
Average processing time of GrabImageRGBD(): 7.85839ms
Frame 387 end
Average processing time of GrabImageRGBD(): 7.84878ms
Frame 388 end
Average processing time of GrabImageRGBD(): 7.83648ms
Frame 389 end
Average processing time of GrabImageRGBD(): 7.82932ms
Frame 390 end
Average processing time of GrabImageRGBD(): 7.82576ms
Frame 391 end
Average processing time of GrabImageRGBD(): 7.88432ms
Frame 392 end
Average processing time of GrabImageRGBD(): 7.88051ms
Frame 393 end
Average processing time of GrabImageRGBD(): 7.88265ms
Frame 394 end
Average processing time of GrabImageRGBD(): 7.87173ms
Frame 395 end
Average processing time of GrabImageRGBD(): 7.87254ms
Frame 396 end
Average processing time of GrabImageRGBD(): 7.9274ms
Frame 397 end
Average processing time of GrabImageRGBD(): 7.93075ms
Frame 398 end
Average processing time of GrabImageRGBD(): 7.92147ms
Frame 399 end
Average processing time of GrabImageRGBD(): 7.92142ms
Frame 400 end
Average processing time of GrabImageRGBD(): 7.92018ms
Frame 401 end
Average processing time of GrabImageRGBD(): 7.91972ms
Frame 402 end
Average processing time of GrabImageRGBD(): 7.96914ms
Frame 403 end
Average processing time of GrabImageRGBD(): 7.97085ms
Frame 404 end
Average processing time of GrabImageRGBD(): 7.95697ms
Frame 405 end
Average processing time of GrabImageRGBD(): 7.95122ms
Frame 406 end
Average processing time of GrabImageRGBD(): 8.00732ms
Frame 407 end
Average processing time of GrabImageRGBD(): 8.01152ms
Frame 408 end
Average processing time of GrabImageRGBD(): 7.99932ms
Frame 409 end
Average processing time of GrabImageRGBD(): 7.98756ms
Frame 410 end
Average processing time of GrabImageRGBD(): 7.98655ms
Frame 411 end
Average processing time of GrabImageRGBD(): 8.03763ms
Frame 412 end
Average processing time of GrabImageRGBD(): 8.04046ms
Frame 413 end
Average processing time of GrabImageRGBD(): 8.0339ms
Frame 414 end
Average processing time of GrabImageRGBD(): 8.02202ms
Frame 415 end
Average processing time of GrabImageRGBD(): 8.01936ms
Frame 416 end
Average processing time of GrabImageRGBD(): 8.0741ms
Frame 417 end
Average processing time of GrabImageRGBD(): 8.07795ms
Frame 418 end
Average processing time of GrabImageRGBD(): 8.08039ms
Frame 419 end
Average processing time of GrabImageRGBD(): 8.08033ms
Frame 420 end
Average processing time of GrabImageRGBD(): 8.12836ms
Frame 421 end
Average processing time of GrabImageRGBD(): 8.13003ms
Frame 422 end
Average processing time of GrabImageRGBD(): 8.11761ms
Frame 423 end
Average processing time of GrabImageRGBD(): 8.11596ms
Frame 424 end
Average processing time of GrabImageRGBD(): 8.11355ms
Frame 425 end
Average processing time of GrabImageRGBD(): 8.16426ms
Frame 426 end
Average processing time of GrabImageRGBD(): 8.15849ms
Frame 427 end
Average processing time of GrabImageRGBD(): 8.14711ms
Frame 428 end
Average processing time of GrabImageRGBD(): 8.14721ms
Frame 429 end
Average processing time of GrabImageRGBD(): 8.13988ms
Frame 430 end
Average processing time of GrabImageRGBD(): 8.19429ms
Frame 431 end
Average processing time of GrabImageRGBD(): 8.18628ms
Frame 432 end
Average processing time of GrabImageRGBD(): 8.17399ms
Frame 433 end
Average processing time of GrabImageRGBD(): 8.16564ms
Frame 434 end
Average processing time of GrabImageRGBD(): 8.16548ms
Frame 435 end
Average processing time of GrabImageRGBD(): 8.16477ms
Frame 436 end
Average processing time of GrabImageRGBD(): 8.15665ms
Frame 437 end
Average processing time of GrabImageRGBD(): 8.14775ms
Frame 438 end
Average processing time of GrabImageRGBD(): 8.1369ms
Frame 439 end
Average processing time of GrabImageRGBD(): 8.13603ms
Frame 440 end
Average processing time of GrabImageRGBD(): 8.18647ms
Frame 441 end
Average processing time of GrabImageRGBD(): 8.17812ms
Frame 442 end
Average processing time of GrabImageRGBD(): 8.16628ms
Frame 443 end
Average processing time of GrabImageRGBD(): 8.15613ms
Frame 444 end
Average processing time of GrabImageRGBD(): 8.14551ms
Frame 445 end
Average processing time of GrabImageRGBD(): 8.13742ms
Frame 446 end
Average processing time of GrabImageRGBD(): 8.13321ms
Frame 447 end
Average processing time of GrabImageRGBD(): 8.12487ms
Frame 448 end
Average processing time of GrabImageRGBD(): 8.11644ms
Frame 449 end
Average processing time of GrabImageRGBD(): 8.10573ms
Frame 450 end
Average processing time of GrabImageRGBD(): 8.15169ms
Frame 451 end
Average processing time of GrabImageRGBD(): 8.15404ms
Frame 452 end
Average processing time of GrabImageRGBD(): 8.14217ms
Frame 453 end
Average processing time of GrabImageRGBD(): 8.14148ms
Frame 454 end
Average processing time of GrabImageRGBD(): 8.14075ms
Frame 455 end
Average processing time of GrabImageRGBD(): 8.13923ms
Frame 456 end
Average processing time of GrabImageRGBD(): 8.2028ms
Frame 457 end
Average processing time of GrabImageRGBD(): 8.19524ms
Frame 458 end
Average processing time of GrabImageRGBD(): 8.18437ms
Frame 459 end
Average processing time of GrabImageRGBD(): 8.18488ms
Frame 460 end
Average processing time of GrabImageRGBD(): 8.1852ms
Frame 461 end
Average processing time of GrabImageRGBD(): 8.17532ms
Frame 462 end
Average processing time of GrabImageRGBD(): 8.17504ms
Frame 463 end
Average processing time of GrabImageRGBD(): 8.16674ms
Frame 464 end
Average processing time of GrabImageRGBD(): 8.1588ms
Frame 465 end
Average processing time of GrabImageRGBD(): 8.15095ms
Frame 466 end
Average processing time of GrabImageRGBD(): 8.14073ms
Frame 467 end
Average processing time of GrabImageRGBD(): 8.13711ms
Frame 468 end
Average processing time of GrabImageRGBD(): 8.12738ms
Frame 469 end
Average processing time of GrabImageRGBD(): 8.1276ms
Frame 470 end
Average processing time of GrabImageRGBD(): 8.11717ms
Frame 471 end
Average processing time of GrabImageRGBD(): 8.11657ms
Frame 472 end
Average processing time of GrabImageRGBD(): 8.11343ms
Frame 473 end
Average processing time of GrabImageRGBD(): 8.11335ms
Frame 474 end
Average processing time of GrabImageRGBD(): 8.10259ms
Frame 475 end
Average processing time of GrabImageRGBD(): 8.10218ms
Frame 476 end
Average processing time of GrabImageRGBD(): 8.10174ms
Frame 477 end
Average processing time of GrabImageRGBD(): 8.10122ms
Frame 478 end
Average processing time of GrabImageRGBD(): 8.1003ms
Frame 479 end
Average processing time of GrabImageRGBD(): 8.10008ms
Frame 480 end
Average processing time of GrabImageRGBD(): 8.09809ms
Frame 481 end
Average processing time of GrabImageRGBD(): 8.13787ms
Frame 482 end
Average processing time of GrabImageRGBD(): 8.13897ms
Frame 483 end
Average processing time of GrabImageRGBD(): 8.12772ms
Frame 484 end
Average processing time of GrabImageRGBD(): 8.12692ms
Frame 485 end
Average processing time of GrabImageRGBD(): 8.11803ms
Frame 486 end
Average processing time of GrabImageRGBD(): 8.11599ms
Frame 487 end
Average processing time of GrabImageRGBD(): 8.1145ms
Frame 488 end
Average processing time of GrabImageRGBD(): 8.10925ms
Frame 489 end
Average processing time of GrabImageRGBD(): 8.10535ms
Frame 490 end
Average processing time of GrabImageRGBD(): 8.09758ms
Frame 491 end
Average processing time of GrabImageRGBD(): 8.09298ms
Frame 492 end
Average processing time of GrabImageRGBD(): 8.14069ms
Frame 493 end
Average processing time of GrabImageRGBD(): 8.14245ms
Frame 494 end
Average processing time of GrabImageRGBD(): 8.13549ms
Frame 495 end
Average processing time of GrabImageRGBD(): 8.13288ms
Frame 496 end
Average processing time of GrabImageRGBD(): 8.13001ms
Frame 497 end
Average processing time of GrabImageRGBD(): 8.12693ms
Frame 498 end
Average processing time of GrabImageRGBD(): 8.18722ms
Frame 499 end
Average processing time of GrabImageRGBD(): 8.18922ms
Frame 500 end
Average processing time of GrabImageRGBD(): 8.17808ms
Frame 501 end
Average processing time of GrabImageRGBD(): 8.17832ms
Frame 502 end
Average processing time of GrabImageRGBD(): 8.16902ms
Frame 503 end
Average processing time of GrabImageRGBD(): 8.15857ms
Frame 504 end
Average processing time of GrabImageRGBD(): 8.15694ms
Frame 505 end
Average processing time of GrabImageRGBD(): 8.14716ms
Frame 506 end
Average processing time of GrabImageRGBD(): 8.20427ms
Frame 507 end
Average processing time of GrabImageRGBD(): 8.1992ms
Frame 508 end
Average processing time of GrabImageRGBD(): 8.19607ms
Frame 509 end
Average processing time of GrabImageRGBD(): 8.18827ms
Frame 510 end
Average processing time of GrabImageRGBD(): 8.17748ms
Frame 511 end
Average processing time of GrabImageRGBD(): 8.17034ms
Frame 512 end
Average processing time of GrabImageRGBD(): 8.21101ms
Frame 513 end
Average processing time of GrabImageRGBD(): 8.20401ms
Frame 514 end
Average processing time of GrabImageRGBD(): 8.19444ms
Frame 515 end
Average processing time of GrabImageRGBD(): 8.18561ms
Frame 516 end
Average processing time of GrabImageRGBD(): 8.1841ms
Frame 517 end
Average processing time of GrabImageRGBD(): 8.18109ms
Frame 518 end
Average processing time of GrabImageRGBD(): 8.22009ms
Frame 519 end
Average processing time of GrabImageRGBD(): 8.22202ms
Frame 520 end
Average processing time of GrabImageRGBD(): 8.21293ms
Frame 521 end
Average processing time of GrabImageRGBD(): 8.21211ms
Frame 522 end
Average processing time of GrabImageRGBD(): 8.2113ms
Frame 523 end
Average processing time of GrabImageRGBD(): 8.2036ms
Frame 524 end
Average processing time of GrabImageRGBD(): 8.26615ms
Frame 525 end
Average processing time of GrabImageRGBD(): 8.26847ms
Frame 526 end
Average processing time of GrabImageRGBD(): 8.2592ms
Frame 527 end
Average processing time of GrabImageRGBD(): 8.25819ms
Frame 528 end
Average processing time of GrabImageRGBD(): 8.25758ms
Frame 529 end
Average processing time of GrabImageRGBD(): 8.2566ms
Frame 530 end
Average processing time of GrabImageRGBD(): 8.29999ms
Frame 531 end
Average processing time of GrabImageRGBD(): 8.30126ms
Frame 532 end
Average processing time of GrabImageRGBD(): 8.29237ms
Frame 533 end
Average processing time of GrabImageRGBD(): 8.28351ms
Frame 534 end
Average processing time of GrabImageRGBD(): 8.27586ms
Frame 535 end
Average processing time of GrabImageRGBD(): 8.2674ms
Frame 536 end
Average processing time of GrabImageRGBD(): 8.26544ms
Frame 537 end
Average processing time of GrabImageRGBD(): 8.30324ms
Frame 538 end
Average processing time of GrabImageRGBD(): 8.29654ms
Frame 539 end
Average processing time of GrabImageRGBD(): 8.28853ms
Frame 540 end
Average processing time of GrabImageRGBD(): 8.28659ms
Frame 541 end
Average processing time of GrabImageRGBD(): 8.27744ms
Frame 542 end
Average processing time of GrabImageRGBD(): 8.27731ms
Frame 543 end
Average processing time of GrabImageRGBD(): 8.31991ms
Frame 544 end
Average processing time of GrabImageRGBD(): 8.31367ms
Frame 545 end
Average processing time of GrabImageRGBD(): 8.30467ms
Frame 546 end
Average processing time of GrabImageRGBD(): 8.3052ms
Frame 547 end
Average processing time of GrabImageRGBD(): 8.29708ms
Frame 548 end
Average processing time of GrabImageRGBD(): 8.29312ms
Frame 549 end
Average processing time of GrabImageRGBD(): 8.28435ms
Frame 550 end
Average processing time of GrabImageRGBD(): 8.27552ms
Frame 551 end
Average processing time of GrabImageRGBD(): 8.33507ms
Frame 552 end
Average processing time of GrabImageRGBD(): 8.33446ms
Frame 553 end
Average processing time of GrabImageRGBD(): 8.32898ms
Frame 554 end
Average processing time of GrabImageRGBD(): 8.3286ms
Frame 555 end
Average processing time of GrabImageRGBD(): 8.32824ms
Frame 556 end
Average processing time of GrabImageRGBD(): 8.3256ms
Frame 557 end
Average processing time of GrabImageRGBD(): 8.31712ms
Frame 558 end
Average processing time of GrabImageRGBD(): 8.355ms
Frame 559 end
Average processing time of GrabImageRGBD(): 8.36236ms
Frame 560 end
Average processing time of GrabImageRGBD(): 8.36529ms
Frame 561 end
Average processing time of GrabImageRGBD(): 8.36898ms
Frame 562 end
Average processing time of GrabImageRGBD(): 8.37352ms
Frame 563 end
Average processing time of GrabImageRGBD(): 8.37654ms
Frame 564 end
Average processing time of GrabImageRGBD(): 8.37835ms
Frame 565 end
Average processing time of GrabImageRGBD(): 8.41567ms
Frame 566 end
Average processing time of GrabImageRGBD(): 8.41115ms
Frame 567 end
Average processing time of GrabImageRGBD(): 8.41148ms
Frame 568 end
Average processing time of GrabImageRGBD(): 8.40274ms
Frame 569 end
Average processing time of GrabImageRGBD(): 8.40136ms
Frame 570 end
Average processing time of GrabImageRGBD(): 8.3928ms
Frame 571 end
Average processing time of GrabImageRGBD(): 8.39276ms
Frame 572 end
Average processing time of GrabImageRGBD(): 8.39226ms
Frame 573 end
Average processing time of GrabImageRGBD(): 8.43225ms
Frame 574 end
Average processing time of GrabImageRGBD(): 8.43391ms
Frame 575 end
Average processing time of GrabImageRGBD(): 8.42422ms
Frame 576 end
Average processing time of GrabImageRGBD(): 8.42296ms
Frame 577 end
Average processing time of GrabImageRGBD(): 8.42324ms
Frame 578 end
Average processing time of GrabImageRGBD(): 8.41457ms
Frame 579 end
Average processing time of GrabImageRGBD(): 8.40786ms
Frame 580 end
Average processing time of GrabImageRGBD(): 8.40206ms
Frame 581 end
Average processing time of GrabImageRGBD(): 8.39273ms
Frame 582 end
Average processing time of GrabImageRGBD(): 8.39076ms
Frame 583 end
Average processing time of GrabImageRGBD(): 8.42872ms
Frame 584 end
Average processing time of GrabImageRGBD(): 8.43234ms
Frame 585 end
Average processing time of GrabImageRGBD(): 8.42406ms
Frame 586 end
Average processing time of GrabImageRGBD(): 8.42569ms
Frame 587 end
Average processing time of GrabImageRGBD(): 8.4268ms
Frame 588 end
Average processing time of GrabImageRGBD(): 8.42797ms
Frame 589 end
Average processing time of GrabImageRGBD(): 8.42693ms
Frame 590 end
Average processing time of GrabImageRGBD(): 8.46059ms
Frame 591 end
Average processing time of GrabImageRGBD(): 8.466ms
Frame 592 end
Average processing time of GrabImageRGBD(): 8.46902ms
Frame 593 end
Average processing time of GrabImageRGBD(): 8.4614ms
Frame 594 end
Average processing time of GrabImageRGBD(): 8.46389ms
Frame 595 end
Average processing time of GrabImageRGBD(): 8.45581ms
Frame 596 end
Average processing time of GrabImageRGBD(): 8.45437ms
Frame 597 end
Average processing time of GrabImageRGBD(): 8.50127ms
Frame 598 end
Average processing time of GrabImageRGBD(): 8.50078ms
Frame 599 end
Average processing time of GrabImageRGBD(): 8.49177ms
Frame 600 end
Average processing time of GrabImageRGBD(): 8.48614ms
Frame 601 end
Average processing time of GrabImageRGBD(): 8.48523ms
Frame 602 end
Average processing time of GrabImageRGBD(): 8.47717ms
Frame 603 end
Average processing time of GrabImageRGBD(): 8.46941ms
Frame 604 end
Average processing time of GrabImageRGBD(): 8.50706ms
Frame 605 end
Average processing time of GrabImageRGBD(): 8.50092ms
Frame 606 end
Average processing time of GrabImageRGBD(): 8.50105ms
Frame 607 end
Average processing time of GrabImageRGBD(): 8.49278ms
Frame 608 end
Average processing time of GrabImageRGBD(): 8.48801ms
Frame 609 end
Average processing time of GrabImageRGBD(): 8.48249ms
Frame 610 end
Average processing time of GrabImageRGBD(): 8.48135ms
Frame 611 end
Average processing time of GrabImageRGBD(): 8.51875ms
Frame 612 end
Average processing time of GrabImageRGBD(): 8.51936ms
Frame 613 end
Average processing time of GrabImageRGBD(): 8.51138ms
Frame 614 end
Average processing time of GrabImageRGBD(): 8.50364ms
Frame 615 end
Average processing time of GrabImageRGBD(): 8.50298ms
Frame 616 end
Average processing time of GrabImageRGBD(): 8.50286ms
Frame 617 end
Average processing time of GrabImageRGBD(): 8.50213ms
Frame 618 end
Average processing time of GrabImageRGBD(): 8.5348ms
Frame 619 end
Average processing time of GrabImageRGBD(): 8.53668ms
Frame 620 end
Average processing time of GrabImageRGBD(): 8.53635ms
Frame 621 end
Average processing time of GrabImageRGBD(): 8.5283ms
Frame 622 end
Average processing time of GrabImageRGBD(): 8.52804ms
Frame 623 end
Average processing time of GrabImageRGBD(): 8.51985ms
Frame 624 end
Average processing time of GrabImageRGBD(): 8.51637ms
Frame 625 end
Average processing time of GrabImageRGBD(): 8.55234ms
Frame 626 end
Average processing time of GrabImageRGBD(): 8.55332ms
Frame 627 end
Average processing time of GrabImageRGBD(): 8.55167ms
Frame 628 end
Average processing time of GrabImageRGBD(): 8.55ms
Frame 629 end
Average processing time of GrabImageRGBD(): 8.54855ms
Frame 630 end
Average processing time of GrabImageRGBD(): 8.54548ms
Frame 631 end
Average processing time of GrabImageRGBD(): 8.5369ms
Frame 632 end
Average processing time of GrabImageRGBD(): 8.53397ms
Frame 633 end
Average processing time of GrabImageRGBD(): 8.56623ms
Frame 634 end
Average processing time of GrabImageRGBD(): 8.56857ms
Frame 635 end
Average processing time of GrabImageRGBD(): 8.56837ms
Frame 636 end
Average processing time of GrabImageRGBD(): 8.56834ms
Frame 637 end
Average processing time of GrabImageRGBD(): 8.56038ms
Frame 638 end
Average processing time of GrabImageRGBD(): 8.55263ms
Frame 639 end
Average processing time of GrabImageRGBD(): 8.55027ms
Frame 640 end
Average processing time of GrabImageRGBD(): 8.60014ms
Frame 641 end
Average processing time of GrabImageRGBD(): 8.59396ms
Frame 642 end
Average processing time of GrabImageRGBD(): 8.58608ms
Frame 643 end
Average processing time of GrabImageRGBD(): 8.58444ms
Frame 644 end
Average processing time of GrabImageRGBD(): 8.57747ms
Frame 645 end
Average processing time of GrabImageRGBD(): 8.57506ms
Frame 646 end
Average processing time of GrabImageRGBD(): 8.57261ms
Frame 647 end
Average processing time of GrabImageRGBD(): 8.56641ms
Frame 648 end
Average processing time of GrabImageRGBD(): 8.60028ms
Frame 649 end
Average processing time of GrabImageRGBD(): 8.59596ms
Frame 650 end
Average processing time of GrabImageRGBD(): 8.58778ms
Frame 651 end
Average processing time of GrabImageRGBD(): 8.58155ms
Frame 652 end
Average processing time of GrabImageRGBD(): 8.57372ms
Frame 653 end
Average processing time of GrabImageRGBD(): 8.56922ms
Frame 654 end
Average processing time of GrabImageRGBD(): 8.56764ms
Frame 655 end
Average processing time of GrabImageRGBD(): 8.56551ms
Frame 656 end
Average processing time of GrabImageRGBD(): 8.59497ms
Frame 657 end
Average processing time of GrabImageRGBD(): 8.59309ms
Frame 658 end
Average processing time of GrabImageRGBD(): 8.59183ms
Frame 659 end
Average processing time of GrabImageRGBD(): 8.58955ms
Frame 660 end
Average processing time of GrabImageRGBD(): 8.58144ms
Frame 661 end
Average processing time of GrabImageRGBD(): 8.57909ms
Frame 662 end
Average processing time of GrabImageRGBD(): 8.5713ms
Frame 663 end
Average processing time of GrabImageRGBD(): 8.56488ms
Frame 664 end
Average processing time of GrabImageRGBD(): 8.59381ms
Frame 665 end
Average processing time of GrabImageRGBD(): 8.58743ms
Frame 666 end
Average processing time of GrabImageRGBD(): 8.57935ms
Frame 667 end
Average processing time of GrabImageRGBD(): 8.57115ms
Frame 668 end
Average processing time of GrabImageRGBD(): 8.56873ms
Frame 669 end
Average processing time of GrabImageRGBD(): 8.56097ms
Frame 670 end
Average processing time of GrabImageRGBD(): 8.55749ms
Frame 671 end
Average processing time of GrabImageRGBD(): 8.554ms
Frame 672 end
Average processing time of GrabImageRGBD(): 8.54545ms
Frame 673 end
Average processing time of GrabImageRGBD(): 8.57514ms
Frame 674 end
Average processing time of GrabImageRGBD(): 8.56874ms
Frame 675 end
Average processing time of GrabImageRGBD(): 8.56668ms
Frame 676 end
Average processing time of GrabImageRGBD(): 8.56494ms
Frame 677 end
Average processing time of GrabImageRGBD(): 8.5567ms
Frame 678 end
Average processing time of GrabImageRGBD(): 8.55029ms
Frame 679 end
Average processing time of GrabImageRGBD(): 8.54855ms
Frame 680 end
Average processing time of GrabImageRGBD(): 8.54599ms
Frame 681 end
Average processing time of GrabImageRGBD(): 8.54205ms
Frame 682 end
Average processing time of GrabImageRGBD(): 8.57495ms
Frame 683 end
Average processing time of GrabImageRGBD(): 8.57467ms
Frame 684 end
Average processing time of GrabImageRGBD(): 8.5684ms
Frame 685 end
Average processing time of GrabImageRGBD(): 8.56626ms
Frame 686 end
Average processing time of GrabImageRGBD(): 8.56395ms
Frame 687 end
Average processing time of GrabImageRGBD(): 8.55689ms
Frame 688 end
Average processing time of GrabImageRGBD(): 8.55375ms
Frame 689 end
Average processing time of GrabImageRGBD(): 8.55029ms
Frame 690 end
Average processing time of GrabImageRGBD(): 8.58195ms
Frame 691 end
Average processing time of GrabImageRGBD(): 8.57883ms
Frame 692 end
Average processing time of GrabImageRGBD(): 8.57779ms
Frame 693 end
Average processing time of GrabImageRGBD(): 8.57458ms
Frame 694 end
Average processing time of GrabImageRGBD(): 8.57077ms
Frame 695 end
Average processing time of GrabImageRGBD(): 8.56401ms
Frame 696 end
Average processing time of GrabImageRGBD(): 8.5616ms
Frame 697 end
Average processing time of GrabImageRGBD(): 8.55907ms
Frame 698 end
Average processing time of GrabImageRGBD(): 8.58736ms
Frame 699 end
Average processing time of GrabImageRGBD(): 8.58752ms
Frame 700 end
Average processing time of GrabImageRGBD(): 8.57996ms
Frame 701 end
Average processing time of GrabImageRGBD(): 8.57607ms
Frame 702 end
Average processing time of GrabImageRGBD(): 8.56867ms
Frame 703 end
Average processing time of GrabImageRGBD(): 8.56536ms
Frame 704 end
Average processing time of GrabImageRGBD(): 8.55776ms
Frame 705 end
Average processing time of GrabImageRGBD(): 8.54999ms
Frame 706 end
Average processing time of GrabImageRGBD(): 8.57917ms
Frame 707 end
Average processing time of GrabImageRGBD(): 8.57932ms
Frame 708 end
Average processing time of GrabImageRGBD(): 8.57731ms
Frame 709 end
Average processing time of GrabImageRGBD(): 8.57039ms
Frame 710 end
Average processing time of GrabImageRGBD(): 8.56654ms
Frame 711 end
Average processing time of GrabImageRGBD(): 8.56432ms
Frame 712 end
Average processing time of GrabImageRGBD(): 8.558ms
Frame 713 end
Average processing time of GrabImageRGBD(): 8.55018ms
Frame 714 end
Average processing time of GrabImageRGBD(): 8.58155ms
Frame 715 end
Average processing time of GrabImageRGBD(): 8.58328ms
Frame 716 end
Average processing time of GrabImageRGBD(): 8.57996ms
Frame 717 end
Average processing time of GrabImageRGBD(): 8.57962ms
Frame 718 end
Average processing time of GrabImageRGBD(): 8.57855ms
Frame 719 end
Average processing time of GrabImageRGBD(): 8.57789ms
Frame 720 end
Average processing time of GrabImageRGBD(): 8.57065ms
Frame 721 end
Average processing time of GrabImageRGBD(): 8.56951ms
Frame 722 end
Average processing time of GrabImageRGBD(): 8.59821ms
Frame 723 end
Average processing time of GrabImageRGBD(): 8.59847ms
Frame 724 end
Average processing time of GrabImageRGBD(): 8.59219ms
Frame 725 end
Average processing time of GrabImageRGBD(): 8.58682ms
Frame 726 end
Average processing time of GrabImageRGBD(): 8.57919ms
Frame 727 end
Average processing time of GrabImageRGBD(): 8.57774ms
Frame 728 end
Average processing time of GrabImageRGBD(): 8.57554ms
Frame 729 end
Average processing time of GrabImageRGBD(): 8.57752ms
Frame 730 end
Average processing time of GrabImageRGBD(): 8.60731ms
Frame 731 end
Average processing time of GrabImageRGBD(): 8.60551ms
Frame 732 end
Average processing time of GrabImageRGBD(): 8.5997ms
Frame 733 end
Average processing time of GrabImageRGBD(): 8.59733ms
Frame 734 end
Average processing time of GrabImageRGBD(): 8.59571ms
Frame 735 end
Average processing time of GrabImageRGBD(): 8.59358ms
Frame 736 end
Average processing time of GrabImageRGBD(): 8.58618ms
Frame 737 end
Average processing time of GrabImageRGBD(): 8.58199ms
Frame 738 end
Average processing time of GrabImageRGBD(): 8.57451ms
Frame 739 end
Average processing time of GrabImageRGBD(): 8.60447ms
Frame 740 end
Average processing time of GrabImageRGBD(): 8.61048ms
Frame 741 end
Average processing time of GrabImageRGBD(): 8.60623ms
Frame 742 end
Average processing time of GrabImageRGBD(): 8.59967ms
Frame 743 end
Average processing time of GrabImageRGBD(): 8.63044ms
Frame 744 end
Average processing time of GrabImageRGBD(): 8.63065ms
Frame 745 end
Average processing time of GrabImageRGBD(): 8.6298ms
Frame 746 end
Average processing time of GrabImageRGBD(): 8.62779ms
Frame 747 end
Average processing time of GrabImageRGBD(): 8.6206ms
Frame 748 end
Average processing time of GrabImageRGBD(): 8.61866ms
Frame 749 end
Average processing time of GrabImageRGBD(): 8.61106ms
Frame 750 end
Average processing time of GrabImageRGBD(): 8.60589ms
Frame 751 end
Average processing time of GrabImageRGBD(): 8.65887ms
Frame 752 end
Average processing time of GrabImageRGBD(): 8.65637ms
Frame 753 end
Average processing time of GrabImageRGBD(): 8.65036ms
Frame 754 end
Average processing time of GrabImageRGBD(): 8.64329ms
Frame 755 end
Average processing time of GrabImageRGBD(): 8.63649ms
Frame 756 end
Average processing time of GrabImageRGBD(): 8.63534ms
Frame 757 end
Average processing time of GrabImageRGBD(): 8.62811ms
Frame 758 end
Average processing time of GrabImageRGBD(): 8.65907ms
Frame 759 end
Average processing time of GrabImageRGBD(): 8.65387ms
Frame 760 end
Average processing time of GrabImageRGBD(): 8.65171ms
Frame 761 end
Average processing time of GrabImageRGBD(): 8.6508ms
Frame 762 end
Average processing time of GrabImageRGBD(): 8.64931ms
Frame 763 end
Average processing time of GrabImageRGBD(): 8.64351ms
Frame 764 end
Average processing time of GrabImageRGBD(): 8.67519ms
Frame 765 end
Average processing time of GrabImageRGBD(): 8.67055ms
Frame 766 end
Average processing time of GrabImageRGBD(): 8.66375ms
Frame 767 end
Average processing time of GrabImageRGBD(): 8.6583ms
Frame 768 end
Average processing time of GrabImageRGBD(): 8.65743ms
Frame 769 end
Average processing time of GrabImageRGBD(): 8.65199ms
Frame 770 end
Average processing time of GrabImageRGBD(): 8.64721ms
Frame 771 end
Average processing time of GrabImageRGBD(): 8.68773ms
Frame 772 end
Average processing time of GrabImageRGBD(): 8.68455ms
Frame 773 end
Average processing time of GrabImageRGBD(): 8.68467ms
Frame 774 end
Average processing time of GrabImageRGBD(): 8.68411ms
Frame 775 end
Average processing time of GrabImageRGBD(): 8.68321ms
Frame 776 end
Average processing time of GrabImageRGBD(): 8.67656ms
Frame 777 end
Average processing time of GrabImageRGBD(): 8.67515ms
Frame 778 end
Average processing time of GrabImageRGBD(): 8.67194ms
Frame 779 end
Average processing time of GrabImageRGBD(): 8.70281ms
Frame 780 end
Average processing time of GrabImageRGBD(): 8.7043ms
Frame 781 end
Average processing time of GrabImageRGBD(): 8.69782ms
Frame 782 end
Average processing time of GrabImageRGBD(): 8.6913ms
Frame 783 end
Average processing time of GrabImageRGBD(): 8.69026ms
Frame 784 end
Average processing time of GrabImageRGBD(): 8.68905ms
Frame 785 end
Average processing time of GrabImageRGBD(): 8.71631ms
Frame 786 end
Average processing time of GrabImageRGBD(): 8.71302ms
Frame 787 end
Average processing time of GrabImageRGBD(): 8.70684ms
Frame 788 end
Average processing time of GrabImageRGBD(): 8.7066ms
Frame 789 end
Average processing time of GrabImageRGBD(): 8.70491ms
Frame 790 end
Average processing time of GrabImageRGBD(): 8.69882ms
Frame 791 end
Average processing time of GrabImageRGBD(): 8.69773ms
Frame 792 end
Average processing time of GrabImageRGBD(): 8.69691ms
Frame 793 end
Average processing time of GrabImageRGBD(): 8.73007ms
Frame 794 end
Average processing time of GrabImageRGBD(): 8.72988ms
Frame 795 end
Average processing time of GrabImageRGBD(): 8.73271ms
Frame 796 end
Average processing time of GrabImageRGBD(): 8.73027ms
Frame 797 end
Average processing time of GrabImageRGBD(): 8.73344ms
Frame 798 end
Average processing time of GrabImageRGBD(): 8.73724ms
Frame 799 end
Average processing time of GrabImageRGBD(): 8.73617ms
Frame 800 end
Average processing time of GrabImageRGBD(): 8.73954ms
Frame 801 end
Average processing time of GrabImageRGBD(): 8.73869ms
Frame 802 end
Average processing time of GrabImageRGBD(): 8.78772ms
Frame 803 end
Average processing time of GrabImageRGBD(): 8.79044ms
Frame 804 end
Average processing time of GrabImageRGBD(): 8.79415ms
Frame 805 end
Average processing time of GrabImageRGBD(): 8.79778ms
Frame 806 end
Average processing time of GrabImageRGBD(): 8.79817ms
Frame 807 end
Average processing time of GrabImageRGBD(): 8.79607ms
Frame 808 end
Average processing time of GrabImageRGBD(): 8.83182ms
Frame 809 end
Average processing time of GrabImageRGBD(): 8.83629ms
Frame 810 end
Average processing time of GrabImageRGBD(): 8.84041ms
Frame 811 end
Average processing time of GrabImageRGBD(): 8.83658ms
Frame 812 end
Average processing time of GrabImageRGBD(): 8.83367ms
Frame 813 end
Average processing time of GrabImageRGBD(): 8.8363ms
Frame 814 end
Average processing time of GrabImageRGBD(): 8.83412ms
Frame 815 end
Average processing time of GrabImageRGBD(): 8.86955ms
Frame 816 end
Average processing time of GrabImageRGBD(): 8.87246ms
Frame 817 end
Average processing time of GrabImageRGBD(): 8.87238ms
Frame 818 end
Average processing time of GrabImageRGBD(): 8.87531ms
Frame 819 end
Average processing time of GrabImageRGBD(): 8.87566ms
Frame 820 end
Average processing time of GrabImageRGBD(): 8.87729ms
Frame 821 end
Average processing time of GrabImageRGBD(): 8.88017ms
Frame 822 end
Average processing time of GrabImageRGBD(): 8.88317ms
Frame 823 end
Average processing time of GrabImageRGBD(): 8.91995ms
Frame 824 end
Average processing time of GrabImageRGBD(): 8.92388ms
Frame 825 end
Average processing time of GrabImageRGBD(): 8.92166ms
Frame 826 end
Average processing time of GrabImageRGBD(): 8.92477ms
Frame 827 end
Average processing time of GrabImageRGBD(): 8.92714ms
Frame 828 end
Average processing time of GrabImageRGBD(): 8.92853ms
Frame 829 end
Average processing time of GrabImageRGBD(): 8.92731ms
Frame 830 end
Average processing time of GrabImageRGBD(): 8.9282ms
Frame 831 end
Average processing time of GrabImageRGBD(): 8.963ms
Frame 832 end
Average processing time of GrabImageRGBD(): 8.96821ms
Frame 833 end
Average processing time of GrabImageRGBD(): 8.97156ms
Frame 834 end
Average processing time of GrabImageRGBD(): 8.97488ms
Frame 835 end
Average processing time of GrabImageRGBD(): 8.97721ms
Frame 836 end
Average processing time of GrabImageRGBD(): 8.97604ms
Frame 837 end
Average processing time of GrabImageRGBD(): 8.97314ms
Frame 838 end
Average processing time of GrabImageRGBD(): 8.97059ms
Frame 839 end
Average processing time of GrabImageRGBD(): 9.00366ms
Frame 840 end
Average processing time of GrabImageRGBD(): 9.00483ms
Frame 841 end
Average processing time of GrabImageRGBD(): 9.00875ms
Frame 842 end
Average processing time of GrabImageRGBD(): 9.00604ms
Frame 843 end
Average processing time of GrabImageRGBD(): 9.0099ms
Frame 844 end
Average processing time of GrabImageRGBD(): 9.01114ms
Frame 845 end
Average processing time of GrabImageRGBD(): 9.0138ms
Frame 846 end
Average processing time of GrabImageRGBD(): 9.01538ms
Frame 847 end
Average processing time of GrabImageRGBD(): 9.05022ms
Frame 848 end
Average processing time of GrabImageRGBD(): 9.0536ms
Frame 849 end
Average processing time of GrabImageRGBD(): 9.04946ms
Frame 850 end
Average processing time of GrabImageRGBD(): 9.04713ms
Frame 851 end
Average processing time of GrabImageRGBD(): 9.04528ms
Frame 852 end
Average processing time of GrabImageRGBD(): 9.04986ms
Frame 853 end
Average processing time of GrabImageRGBD(): 9.05231ms
Frame 854 end
Average processing time of GrabImageRGBD(): 9.0558ms
Frame 855 end
Average processing time of GrabImageRGBD(): 9.05084ms
Frame 856 end
Average processing time of GrabImageRGBD(): 9.05253ms
Frame 857 end
Average processing time of GrabImageRGBD(): 9.05169ms
Frame 858 end
Average processing time of GrabImageRGBD(): 9.04728ms
Frame 859 end
Average processing time of GrabImageRGBD(): 9.083ms
Frame 860 end
Average processing time of GrabImageRGBD(): 9.08334ms
Frame 861 end
Average processing time of GrabImageRGBD(): 9.08527ms
Frame 862 end
Average processing time of GrabImageRGBD(): 9.08338ms
Frame 863 end
Average processing time of GrabImageRGBD(): 9.07867ms
Frame 864 end
Average processing time of GrabImageRGBD(): 9.07959ms
Frame 865 end
Average processing time of GrabImageRGBD(): 9.08211ms
Frame 866 end
Average processing time of GrabImageRGBD(): 9.08387ms
Frame 867 end
Average processing time of GrabImageRGBD(): 9.11816ms
Frame 868 end
Average processing time of GrabImageRGBD(): 9.12371ms
Frame 869 end
Average processing time of GrabImageRGBD(): 9.12673ms
Frame 870 end
Average processing time of GrabImageRGBD(): 9.12966ms
Frame 871 end
Average processing time of GrabImageRGBD(): 9.13175ms
Frame 872 end
Average processing time of GrabImageRGBD(): 9.1298ms
Frame 873 end
Average processing time of GrabImageRGBD(): 9.12719ms
Frame 874 end
Average processing time of GrabImageRGBD(): 9.12395ms
Frame 875 end
Average processing time of GrabImageRGBD(): 9.15701ms
Frame 876 end
Average processing time of GrabImageRGBD(): 9.15753ms
Frame 877 end
Average processing time of GrabImageRGBD(): 9.15684ms
Frame 878 end
Average processing time of GrabImageRGBD(): 9.15904ms
Frame 879 end
Average processing time of GrabImageRGBD(): 9.16314ms
Frame 880 end
Average processing time of GrabImageRGBD(): 9.1645ms
Frame 881 end
Average processing time of GrabImageRGBD(): 9.16688ms
Frame 882 end
Average processing time of GrabImageRGBD(): 9.17055ms
Frame 883 end
Average processing time of GrabImageRGBD(): 9.20169ms
Frame 884 end
Average processing time of GrabImageRGBD(): 9.2045ms
Frame 885 end
Average processing time of GrabImageRGBD(): 9.20893ms
Frame 886 end
Average processing time of GrabImageRGBD(): 9.20714ms
Frame 887 end
Average processing time of GrabImageRGBD(): 9.20964ms
Frame 888 end
Average processing time of GrabImageRGBD(): 9.20773ms
Frame 889 end
Average processing time of GrabImageRGBD(): 9.21073ms
Frame 890 end
Average processing time of GrabImageRGBD(): 9.21289ms
Frame 891 end
Average processing time of GrabImageRGBD(): 9.24201ms
Frame 892 end
Average processing time of GrabImageRGBD(): 9.24493ms
Frame 893 end
Average processing time of GrabImageRGBD(): 9.24729ms
Frame 894 end
Average processing time of GrabImageRGBD(): 9.24964ms
Frame 895 end
Average processing time of GrabImageRGBD(): 9.25148ms
Frame 896 end
Average processing time of GrabImageRGBD(): 9.25421ms
Frame 897 end
Average processing time of GrabImageRGBD(): 9.25668ms
Frame 898 end
Average processing time of GrabImageRGBD(): 9.25716ms
Frame 899 end
Average processing time of GrabImageRGBD(): 9.28814ms
Frame 900 end
Average processing time of GrabImageRGBD(): 9.29358ms
Frame 901 end
Average processing time of GrabImageRGBD(): 9.29792ms
Frame 902 end
Average processing time of GrabImageRGBD(): 9.30254ms
Frame 903 end
Average processing time of GrabImageRGBD(): 9.30544ms
Frame 904 end
Average processing time of GrabImageRGBD(): 9.30883ms
Frame 905 end
Average processing time of GrabImageRGBD(): 9.31243ms
Frame 906 end
Average processing time of GrabImageRGBD(): 9.34169ms
Frame 907 end
Average processing time of GrabImageRGBD(): 9.34618ms
Frame 908 end
Average processing time of GrabImageRGBD(): 9.35134ms
Frame 909 end
Average processing time of GrabImageRGBD(): 9.35558ms
Frame 910 end
Average processing time of GrabImageRGBD(): 9.35919ms
Frame 911 end
Average processing time of GrabImageRGBD(): 9.36482ms
Frame 912 end
Average processing time of GrabImageRGBD(): 9.36806ms
Frame 913 end
Average processing time of GrabImageRGBD(): 9.36964ms
Frame 914 end
Average processing time of GrabImageRGBD(): 9.37371ms
Frame 915 end
Average processing time of GrabImageRGBD(): 9.37672ms
Frame 916 end
Average processing time of GrabImageRGBD(): 9.40756ms
Frame 917 end
Average processing time of GrabImageRGBD(): 9.41376ms
Frame 918 end
Average processing time of GrabImageRGBD(): 9.4173ms
Frame 919 end
Average processing time of GrabImageRGBD(): 9.4188ms
Frame 920 end
Average processing time of GrabImageRGBD(): 9.42283ms
Frame 921 end
Average processing time of GrabImageRGBD(): 9.42623ms
Frame 922 end
Average processing time of GrabImageRGBD(): 9.42995ms
Frame 923 end
Average processing time of GrabImageRGBD(): 9.43377ms
Frame 924 end
Average processing time of GrabImageRGBD(): 9.43667ms
Frame 925 end
Average processing time of GrabImageRGBD(): 9.4395ms
Frame 926 end
Average processing time of GrabImageRGBD(): 9.44197ms
Frame 927 end
Average processing time of GrabImageRGBD(): 9.47113ms
Frame 928 end
Average processing time of GrabImageRGBD(): 9.476ms
Frame 929 end
Average processing time of GrabImageRGBD(): 9.47893ms
Frame 930 end
Average processing time of GrabImageRGBD(): 9.47979ms
Frame 931 end
Average processing time of GrabImageRGBD(): 9.48319ms
Frame 932 end
Average processing time of GrabImageRGBD(): 9.48629ms
Frame 933 end
Average processing time of GrabImageRGBD(): 9.48996ms
Frame 934 end
Average processing time of GrabImageRGBD(): 9.49307ms
Frame 935 end
Average processing time of GrabImageRGBD(): 9.49542ms
Frame 936 end
Average processing time of GrabImageRGBD(): 9.49887ms
Frame 937 end
Average processing time of GrabImageRGBD(): 9.5019ms
Frame 938 end
Average processing time of GrabImageRGBD(): 9.50395ms
Frame 939 end
Average processing time of GrabImageRGBD(): 9.50737ms
Frame 940 end
Average processing time of GrabImageRGBD(): 9.51315ms
Frame 941 end
Average processing time of GrabImageRGBD(): 9.5147ms
Frame 942 end
Average processing time of GrabImageRGBD(): 9.51658ms
Frame 943 end
Average processing time of GrabImageRGBD(): 9.51953ms
Frame 944 end
Average processing time of GrabImageRGBD(): 9.52124ms
Frame 945 end
Average processing time of GrabImageRGBD(): 9.5224ms
Frame 946 end
Average processing time of GrabImageRGBD(): 9.52603ms
Frame 947 end
Average processing time of GrabImageRGBD(): 9.55993ms
Frame 948 end
Average processing time of GrabImageRGBD(): 9.56741ms
Frame 949 end
Average processing time of GrabImageRGBD(): 9.57186ms
Frame 950 end
Average processing time of GrabImageRGBD(): 9.57398ms
Frame 951 end
Average processing time of GrabImageRGBD(): 9.57634ms
Frame 952 end
Average processing time of GrabImageRGBD(): 9.57287ms
Frame 953 end
Average processing time of GrabImageRGBD(): 9.57229ms
Frame 954 end
Average processing time of GrabImageRGBD(): 9.57346ms
Frame 955 end
Average processing time of GrabImageRGBD(): 9.60315ms
Frame 956 end
Average processing time of GrabImageRGBD(): 9.60621ms
Frame 957 end
Average processing time of GrabImageRGBD(): 9.60793ms
Frame 958 end
Average processing time of GrabImageRGBD(): 9.60629ms
Frame 959 end
Average processing time of GrabImageRGBD(): 9.60693ms
Frame 960 end
Average processing time of GrabImageRGBD(): 9.64808ms
Frame 961 end
Average processing time of GrabImageRGBD(): 9.65081ms
Frame 962 end
Average processing time of GrabImageRGBD(): 9.64777ms
Frame 963 end
Average processing time of GrabImageRGBD(): 9.6498ms
Frame 964 end
Average processing time of GrabImageRGBD(): 9.65051ms
Frame 965 end
Average processing time of GrabImageRGBD(): 9.65002ms
Frame 966 end
Average processing time of GrabImageRGBD(): 9.65151ms
Frame 967 end
Average processing time of GrabImageRGBD(): 9.65173ms
Frame 968 end
Average processing time of GrabImageRGBD(): 9.65299ms
Frame 969 end
Average processing time of GrabImageRGBD(): 9.64782ms
Frame 970 end
Average processing time of GrabImageRGBD(): 9.64877ms
Frame 971 end
Average processing time of GrabImageRGBD(): 9.67841ms
Frame 972 end
Average processing time of GrabImageRGBD(): 9.67583ms
Frame 973 end
Average processing time of GrabImageRGBD(): 9.6776ms
Frame 974 end
Average processing time of GrabImageRGBD(): 9.67882ms
Frame 975 end
Average processing time of GrabImageRGBD(): 9.67358ms
Frame 976 end
Average processing time of GrabImageRGBD(): 9.67473ms
Frame 977 end
Average processing time of GrabImageRGBD(): 9.66983ms
Frame 978 end
Average processing time of GrabImageRGBD(): 9.6669ms
Frame 979 end
Average processing time of GrabImageRGBD(): 9.6684ms
Frame 980 end
Average processing time of GrabImageRGBD(): 9.66796ms
Frame 981 end
Average processing time of GrabImageRGBD(): 9.6688ms
Frame 982 end
Average processing time of GrabImageRGBD(): 9.69446ms
Frame 983 end
Average processing time of GrabImageRGBD(): 9.69095ms
Frame 984 end
Average processing time of GrabImageRGBD(): 9.72432ms
Frame 985 end
Average processing time of GrabImageRGBD(): 9.72773ms
Frame 986 end
Average processing time of GrabImageRGBD(): 9.75494ms
Frame 987 end
Average processing time of GrabImageRGBD(): 9.75813ms
Frame 988 end
Average processing time of GrabImageRGBD(): 9.75601ms
Frame 989 end
Average processing time of GrabImageRGBD(): 9.75668ms
Frame 990 end
Average processing time of GrabImageRGBD(): 9.75773ms
Frame 991 end
Average processing time of GrabImageRGBD(): 9.7891ms
Frame 992 end
Average processing time of GrabImageRGBD(): 9.81973ms
Frame 993 end
Average processing time of GrabImageRGBD(): 9.81917ms
Frame 994 end
Average processing time of GrabImageRGBD(): 9.82096ms
Frame 995 end
Average processing time of GrabImageRGBD(): 9.82111ms
Frame 996 end
Average processing time of GrabImageRGBD(): 9.82304ms
Frame 997 end
Average processing time of GrabImageRGBD(): 9.82388ms
Frame 998 end
Average processing time of GrabImageRGBD(): 9.82118ms
Frame 999 end
Average processing time of GrabImageRGBD(): 9.82002ms
Frame 1000 end
Average processing time of GrabImageRGBD(): 9.82137ms
Frame 1001 end
Average processing time of GrabImageRGBD(): 9.82217ms
Frame 1002 end
Average processing time of GrabImageRGBD(): 9.84939ms
Frame 1003 end
Average processing time of GrabImageRGBD(): 9.85326ms
Frame 1004 end
Average processing time of GrabImageRGBD(): 9.85245ms
Frame 1005 end
Average processing time of GrabImageRGBD(): 9.85368ms
Frame 1006 end
Average processing time of GrabImageRGBD(): 9.85404ms
Frame 1007 end
Average processing time of GrabImageRGBD(): 9.85639ms
Frame 1008 end
Average processing time of GrabImageRGBD(): 9.86054ms
Frame 1009 end
Average processing time of GrabImageRGBD(): 9.86208ms
Frame 1010 end
Average processing time of GrabImageRGBD(): 9.86552ms
Frame 1011 end
Average processing time of GrabImageRGBD(): 9.86657ms
Frame 1012 end
Average processing time of GrabImageRGBD(): 9.89321ms
Frame 1013 end
Average processing time of GrabImageRGBD(): 9.8971ms
Frame 1014 end
Average processing time of GrabImageRGBD(): 9.8988ms
Frame 1015 end
Average processing time of GrabImageRGBD(): 9.90355ms
Frame 1016 end
Average processing time of GrabImageRGBD(): 9.90618ms
Frame 1017 end
Average processing time of GrabImageRGBD(): 9.93756ms
Frame 1018 end
Average processing time of GrabImageRGBD(): 9.94226ms
Frame 1019 end
Average processing time of GrabImageRGBD(): 9.94399ms
Frame 1020 end
Average processing time of GrabImageRGBD(): 9.97569ms
Frame 1021 end
Average processing time of GrabImageRGBD(): 9.97975ms
Frame 1022 end
Average processing time of GrabImageRGBD(): 9.98465ms
Frame 1023 end
Average processing time of GrabImageRGBD(): 10.0118ms
Frame 1024 end
Average processing time of GrabImageRGBD(): 10.0194ms
Frame 1025 end
Average processing time of GrabImageRGBD(): 10.0245ms
Frame 1026 end
Average processing time of GrabImageRGBD(): 10.0287ms
Frame 1027 end
Average processing time of GrabImageRGBD(): 10.0324ms
Frame 1028 end
Average processing time of GrabImageRGBD(): 10.059ms
Frame 1029 end
Average processing time of GrabImageRGBD(): 10.0657ms
Frame 1030 end
Average processing time of GrabImageRGBD(): 10.0729ms
Frame 1031 end
Average processing time of GrabImageRGBD(): 10.0754ms
Frame 1032 end
Average processing time of GrabImageRGBD(): 10.1082ms
Frame 1033 end
Average processing time of GrabImageRGBD(): 10.1153ms
Frame 1034 end
Average processing time of GrabImageRGBD(): 10.1431ms
Frame 1035 end
Average processing time of GrabImageRGBD(): 10.1489ms
Frame 1036 end
Average processing time of GrabImageRGBD(): 10.1556ms
Frame 1037 end
Average processing time of GrabImageRGBD(): 10.1622ms
Frame 1038 end
Average processing time of GrabImageRGBD(): 10.1904ms
Frame 1039 end
Average processing time of GrabImageRGBD(): 10.193ms
Frame 1040 end
Average processing time of GrabImageRGBD(): 10.1938ms
Frame 1041 end
Average processing time of GrabImageRGBD(): 10.1953ms
Frame 1042 end
Average processing time of GrabImageRGBD(): 10.1967ms
Frame 1043 end
Average processing time of GrabImageRGBD(): 10.1989ms
Frame 1044 end
Average processing time of GrabImageRGBD(): 10.2209ms
Frame 1045 end
Average processing time of GrabImageRGBD(): 10.2225ms
Frame 1046 end
Average processing time of GrabImageRGBD(): 10.2243ms
Frame 1047 end
Average processing time of GrabImageRGBD(): 10.2275ms
Frame 1048 end
Average processing time of GrabImageRGBD(): 10.2248ms
Frame 1049 end
Average processing time of GrabImageRGBD(): 10.2248ms
Frame 1050 end
Average processing time of GrabImageRGBD(): 10.2246ms
Frame 1051 end
Average processing time of GrabImageRGBD(): 10.2245ms
Frame 1052 end
Average processing time of GrabImageRGBD(): 10.2488ms
Frame 1053 end
Average processing time of GrabImageRGBD(): 10.25ms
Frame 1054 end
Average processing time of GrabImageRGBD(): 10.2509ms
Frame 1055 end
Average processing time of GrabImageRGBD(): 10.2471ms
Frame 1056 end
Average processing time of GrabImageRGBD(): 10.2453ms
Frame 1057 end
Average processing time of GrabImageRGBD(): 10.2453ms
Frame 1058 end
Average processing time of GrabImageRGBD(): 10.2437ms
Frame 1059 end
Average processing time of GrabImageRGBD(): 10.2418ms
Frame 1060 end
Average processing time of GrabImageRGBD(): 10.264ms
Frame 1061 end
Average processing time of GrabImageRGBD(): 10.2655ms
Frame 1062 end
Average processing time of GrabImageRGBD(): 10.2664ms
Frame 1063 end
Average processing time of GrabImageRGBD(): 10.2647ms
Frame 1064 end
Average processing time of GrabImageRGBD(): 10.2646ms
Frame 1065 end
Average processing time of GrabImageRGBD(): 10.2644ms
Frame 1066 end
Average processing time of GrabImageRGBD(): 10.2642ms
Frame 1067 end
Average processing time of GrabImageRGBD(): 10.2619ms
Frame 1068 end
Average processing time of GrabImageRGBD(): 10.2608ms
Frame 1069 end
Average processing time of GrabImageRGBD(): 10.2573ms
Frame 1070 end
Average processing time of GrabImageRGBD(): 10.2795ms
Frame 1071 end
Average processing time of GrabImageRGBD(): 10.2798ms
Frame 1072 end
Average processing time of GrabImageRGBD(): 10.2797ms
Frame 1073 end
Average processing time of GrabImageRGBD(): 10.2794ms
Frame 1074 end
Average processing time of GrabImageRGBD(): 10.2785ms
Frame 1075 end
Average processing time of GrabImageRGBD(): 10.3045ms
Frame 1076 end
Average processing time of GrabImageRGBD(): 10.3042ms
Frame 1077 end
Average processing time of GrabImageRGBD(): 10.3019ms
Frame 1078 end
Average processing time of GrabImageRGBD(): 10.3013ms
Frame 1079 end
Average processing time of GrabImageRGBD(): 10.3005ms
Frame 1080 end
Average processing time of GrabImageRGBD(): 10.2974ms
Frame 1081 end
Average processing time of GrabImageRGBD(): 10.2966ms
Frame 1082 end
Average processing time of GrabImageRGBD(): 10.2966ms
Frame 1083 end
Average processing time of GrabImageRGBD(): 10.2954ms
Frame 1084 end
Average processing time of GrabImageRGBD(): 10.2943ms
Frame 1085 end
Average processing time of GrabImageRGBD(): 10.3188ms
Frame 1086 end
Average processing time of GrabImageRGBD(): 10.3195ms
Frame 1087 end
Average processing time of GrabImageRGBD(): 10.3175ms
Frame 1088 end
Average processing time of GrabImageRGBD(): 10.3154ms
Frame 1089 end
Average processing time of GrabImageRGBD(): 10.3154ms
Frame 1090 end
Average processing time of GrabImageRGBD(): 10.3136ms
Frame 1091 end
Average processing time of GrabImageRGBD(): 10.3116ms
Frame 1092 end
Average processing time of GrabImageRGBD(): 10.3123ms
Frame 1093 end
Average processing time of GrabImageRGBD(): 10.3435ms
Frame 1094 end
Average processing time of GrabImageRGBD(): 10.3685ms
Frame 1095 end
Average processing time of GrabImageRGBD(): 10.3706ms
Frame 1096 end
Average processing time of GrabImageRGBD(): 10.3703ms
Frame 1097 end
Average processing time of GrabImageRGBD(): 10.3678ms
Frame 1098 end
Average processing time of GrabImageRGBD(): 10.3685ms
Frame 1099 end
Average processing time of GrabImageRGBD(): 10.3687ms
Frame 1100 end
Average processing time of GrabImageRGBD(): 10.3692ms
Frame 1101 end
Average processing time of GrabImageRGBD(): 10.3695ms
Frame 1102 end
Average processing time of GrabImageRGBD(): 10.3697ms
Frame 1103 end
Average processing time of GrabImageRGBD(): 10.395ms
Frame 1104 end
Average processing time of GrabImageRGBD(): 10.3985ms
Frame 1105 end
Average processing time of GrabImageRGBD(): 10.3961ms
Frame 1106 end
Average processing time of GrabImageRGBD(): 10.3973ms
Frame 1107 end
Average processing time of GrabImageRGBD(): 10.3944ms
Frame 1108 end
Average processing time of GrabImageRGBD(): 10.3947ms
Frame 1109 end
Average processing time of GrabImageRGBD(): 10.4039ms
Frame 1110 end
Average processing time of GrabImageRGBD(): 10.4038ms
Frame 1111 end
Average processing time of GrabImageRGBD(): 10.4028ms
Frame 1112 end
Average processing time of GrabImageRGBD(): 10.4023ms
Frame 1113 end
Average processing time of GrabImageRGBD(): 10.4014ms
Frame 1114 end
Average processing time of GrabImageRGBD(): 10.4012ms
Frame 1115 end
Average processing time of GrabImageRGBD(): 10.4254ms
Frame 1116 end
Average processing time of GrabImageRGBD(): 10.4252ms
Frame 1117 end
Average processing time of GrabImageRGBD(): 10.4264ms
Frame 1118 end
Average processing time of GrabImageRGBD(): 10.4247ms
Frame 1119 end
Average processing time of GrabImageRGBD(): 10.4251ms
Frame 1120 end
Average processing time of GrabImageRGBD(): 10.4274ms
Frame 1121 end
Average processing time of GrabImageRGBD(): 10.4272ms
Frame 1122 end
Average processing time of GrabImageRGBD(): 10.4277ms
Frame 1123 end
Average processing time of GrabImageRGBD(): 10.4269ms
Frame 1124 end
Average processing time of GrabImageRGBD(): 10.4247ms
Frame 1125 end
Average processing time of GrabImageRGBD(): 10.4457ms
Frame 1126 end
Average processing time of GrabImageRGBD(): 10.4414ms
Frame 1127 end
Average processing time of GrabImageRGBD(): 10.4414ms
Frame 1128 end
Average processing time of GrabImageRGBD(): 10.4424ms
Frame 1129 end
Average processing time of GrabImageRGBD(): 10.4389ms
Frame 1130 end
Average processing time of GrabImageRGBD(): 10.439ms
Frame 1131 end
Average processing time of GrabImageRGBD(): 10.4383ms
Frame 1132 end
Average processing time of GrabImageRGBD(): 10.4355ms
Frame 1133 end
Average processing time of GrabImageRGBD(): 10.4356ms
Frame 1134 end
Average processing time of GrabImageRGBD(): 10.4358ms
Frame 1135 end
Average processing time of GrabImageRGBD(): 10.4577ms
Frame 1136 end
Average processing time of GrabImageRGBD(): 10.4592ms
Frame 1137 end
Average processing time of GrabImageRGBD(): 10.4599ms
Frame 1138 end
Average processing time of GrabImageRGBD(): 10.46ms
Frame 1139 end
Average processing time of GrabImageRGBD(): 10.457ms
Frame 1140 end
Average processing time of GrabImageRGBD(): 10.4558ms
Frame 1141 end
Average processing time of GrabImageRGBD(): 10.4569ms
Frame 1142 end
Average processing time of GrabImageRGBD(): 10.4578ms
Frame 1143 end
Average processing time of GrabImageRGBD(): 10.4588ms
Frame 1144 end
Average processing time of GrabImageRGBD(): 10.459ms
Frame 1145 end
Average processing time of GrabImageRGBD(): 10.4807ms
Frame 1146 end
Average processing time of GrabImageRGBD(): 10.4821ms
Frame 1147 end
Average processing time of GrabImageRGBD(): 10.483ms
Frame 1148 end
Average processing time of GrabImageRGBD(): 10.4864ms
Frame 1149 end
Average processing time of GrabImageRGBD(): 10.4886ms
Frame 1150 end
Average processing time of GrabImageRGBD(): 10.4912ms
Frame 1151 end
Average processing time of GrabImageRGBD(): 10.4907ms
Frame 1152 end
Average processing time of GrabImageRGBD(): 10.4886ms
Frame 1153 end
Average processing time of GrabImageRGBD(): 10.4873ms
Frame 1154 end
Average processing time of GrabImageRGBD(): 10.5097ms
Frame 1155 end
Average processing time of GrabImageRGBD(): 10.5114ms
Frame 1156 end
Average processing time of GrabImageRGBD(): 10.507ms
Frame 1157 end
Average processing time of GrabImageRGBD(): 10.5082ms
Frame 1158 end
Average processing time of GrabImageRGBD(): 10.5097ms
Frame 1159 end
Average processing time of GrabImageRGBD(): 10.5108ms
Frame 1160 end
Average processing time of GrabImageRGBD(): 10.51ms
Frame 1161 end
Average processing time of GrabImageRGBD(): 10.5125ms
Frame 1162 end
Average processing time of GrabImageRGBD(): 10.5124ms
Frame 1163 end
Average processing time of GrabImageRGBD(): 10.5079ms
Frame 1164 end
Average processing time of GrabImageRGBD(): 10.505ms
Frame 1165 end
Average processing time of GrabImageRGBD(): 10.5038ms
Frame 1166 end
Average processing time of GrabImageRGBD(): 10.5286ms
Frame 1167 end
Average processing time of GrabImageRGBD(): 10.5306ms
Frame 1168 end
Average processing time of GrabImageRGBD(): 10.5287ms
Frame 1169 end
Average processing time of GrabImageRGBD(): 10.5299ms
Frame 1170 end
Average processing time of GrabImageRGBD(): 10.5307ms
Frame 1171 end
Average processing time of GrabImageRGBD(): 10.5321ms
Frame 1172 end
Average processing time of GrabImageRGBD(): 10.5318ms
Frame 1173 end
Average processing time of GrabImageRGBD(): 10.5323ms
Frame 1174 end
Average processing time of GrabImageRGBD(): 10.5301ms
Frame 1175 end
Average processing time of GrabImageRGBD(): 10.5304ms
Frame 1176 end
Average processing time of GrabImageRGBD(): 10.5309ms
Frame 1177 end
Average processing time of GrabImageRGBD(): 10.528ms
Frame 1178 end
Average processing time of GrabImageRGBD(): 10.5273ms
Frame 1179 end
Average processing time of GrabImageRGBD(): 10.5504ms
Frame 1180 end
Average processing time of GrabImageRGBD(): 10.5522ms
Frame 1181 end
Average processing time of GrabImageRGBD(): 10.5527ms
Frame 1182 end
Average processing time of GrabImageRGBD(): 10.5542ms
Frame 1183 end
Average processing time of GrabImageRGBD(): 10.5538ms
Frame 1184 end
Average processing time of GrabImageRGBD(): 10.5525ms
Frame 1185 end
Average processing time of GrabImageRGBD(): 10.5505ms
Frame 1186 end
Average processing time of GrabImageRGBD(): 10.5501ms
Frame 1187 end
Average processing time of GrabImageRGBD(): 10.5484ms
Frame 1188 end
Average processing time of GrabImageRGBD(): 10.5479ms
Frame 1189 end
Average processing time of GrabImageRGBD(): 10.5472ms
Frame 1190 end
Average processing time of GrabImageRGBD(): 10.5466ms
Frame 1191 end
Average processing time of GrabImageRGBD(): 10.5456ms
Frame 1192 end
Average processing time of GrabImageRGBD(): 10.5674ms
Frame 1193 end
Average processing time of GrabImageRGBD(): 10.5705ms
Frame 1194 end
Average processing time of GrabImageRGBD(): 10.5706ms
Frame 1195 end
Average processing time of GrabImageRGBD(): 10.5725ms
Frame 1196 end
Average processing time of GrabImageRGBD(): 10.5712ms
Frame 1197 end
Average processing time of GrabImageRGBD(): 10.5695ms
Frame 1198 end
Average processing time of GrabImageRGBD(): 10.5678ms
Frame 1199 end
Average processing time of GrabImageRGBD(): 10.5667ms
Frame 1200 end
Average processing time of GrabImageRGBD(): 10.5655ms
Frame 1201 end
Average processing time of GrabImageRGBD(): 10.5638ms
Frame 1202 end
Average processing time of GrabImageRGBD(): 10.5639ms
Frame 1203 end
Average processing time of GrabImageRGBD(): 10.5637ms
Frame 1204 end
Average processing time of GrabImageRGBD(): 10.5865ms
Frame 1205 end
Average processing time of GrabImageRGBD(): 10.5881ms
Frame 1206 end
Average processing time of GrabImageRGBD(): 10.5865ms
Frame 1207 end
Average processing time of GrabImageRGBD(): 10.5873ms
Frame 1208 end
Average processing time of GrabImageRGBD(): 10.5882ms
Frame 1209 end
Average processing time of GrabImageRGBD(): 10.5854ms
Frame 1210 end
Average processing time of GrabImageRGBD(): 10.5851ms
Frame 1211 end
Average processing time of GrabImageRGBD(): 10.582ms
Frame 1212 end
Average processing time of GrabImageRGBD(): 10.5832ms
Frame 1213 end
Average processing time of GrabImageRGBD(): 10.5837ms
Frame 1214 end
Average processing time of GrabImageRGBD(): 10.582ms
Frame 1215 end
Average processing time of GrabImageRGBD(): 10.5803ms
Frame 1216 end
Average processing time of GrabImageRGBD(): 10.5785ms
Frame 1217 end
Average processing time of GrabImageRGBD(): 10.5778ms
Frame 1218 end
Average processing time of GrabImageRGBD(): 10.6007ms
Frame 1219 end
Average processing time of GrabImageRGBD(): 10.6013ms
Frame 1220 end
Average processing time of GrabImageRGBD(): 10.6022ms
Frame 1221 end
Average processing time of GrabImageRGBD(): 10.6007ms
Frame 1222 end
Average processing time of GrabImageRGBD(): 10.6006ms
Frame 1223 end
Average processing time of GrabImageRGBD(): 10.5982ms
Frame 1224 end
Average processing time of GrabImageRGBD(): 10.5973ms
Frame 1225 end
Average processing time of GrabImageRGBD(): 10.5981ms
Frame 1226 end
Average processing time of GrabImageRGBD(): 10.5956ms
Frame 1227 end
Average processing time of GrabImageRGBD(): 10.5949ms
Frame 1228 end
Average processing time of GrabImageRGBD(): 10.5941ms
Frame 1229 end
Average processing time of GrabImageRGBD(): 10.5949ms
Frame 1230 end
Average processing time of GrabImageRGBD(): 10.5922ms
Frame 1231 end
Average processing time of GrabImageRGBD(): 10.6142ms
Frame 1232 end
Average processing time of GrabImageRGBD(): 10.6191ms
Frame 1233 end
Average processing time of GrabImageRGBD(): 10.6217ms
Frame 1234 end
Average processing time of GrabImageRGBD(): 10.6234ms
Frame 1235 end
Average processing time of GrabImageRGBD(): 10.6208ms
Frame 1236 end
Average processing time of GrabImageRGBD(): 10.619ms
Frame 1237 end
Average processing time of GrabImageRGBD(): 10.6186ms
Frame 1238 end
Average processing time of GrabImageRGBD(): 10.6187ms
Frame 1239 end
Average processing time of GrabImageRGBD(): 10.6192ms
Frame 1240 end
Average processing time of GrabImageRGBD(): 10.6188ms
Frame 1241 end
Average processing time of GrabImageRGBD(): 10.6168ms
Frame 1242 end
Average processing time of GrabImageRGBD(): 10.6136ms
Frame 1243 end
Average processing time of GrabImageRGBD(): 10.6136ms
Frame 1244 end
Average processing time of GrabImageRGBD(): 10.6126ms
Frame 1245 end
Average processing time of GrabImageRGBD(): 10.6103ms
Frame 1246 end
Average processing time of GrabImageRGBD(): 10.6091ms
Frame 1247 end
Average processing time of GrabImageRGBD(): 10.6082ms
Frame 1248 end
Average processing time of GrabImageRGBD(): 10.6074ms
Frame 1249 end
Average processing time of GrabImageRGBD(): 10.6074ms
Frame 1250 end
Average processing time of GrabImageRGBD(): 10.6063ms
Frame 1251 end
Average processing time of GrabImageRGBD(): 10.6062ms
Frame 1252 end
Average processing time of GrabImageRGBD(): 10.6286ms
Frame 1253 end
Average processing time of GrabImageRGBD(): 10.6303ms
Frame 1254 end
Average processing time of GrabImageRGBD(): 10.6305ms
Frame 1255 end
Average processing time of GrabImageRGBD(): 10.6314ms
Frame 1256 end
Average processing time of GrabImageRGBD(): 10.6302ms
Frame 1257 end
Average processing time of GrabImageRGBD(): 10.6289ms
Frame 1258 end
Average processing time of GrabImageRGBD(): 10.6269ms
Frame 1259 end
Average processing time of GrabImageRGBD(): 10.627ms
Frame 1260 end
Average processing time of GrabImageRGBD(): 10.6272ms
Frame 1261 end
Average processing time of GrabImageRGBD(): 10.6288ms
Frame 1262 end
Average processing time of GrabImageRGBD(): 10.6281ms
Frame 1263 end
Average processing time of GrabImageRGBD(): 10.6257ms
Frame 1264 end
Average processing time of GrabImageRGBD(): 10.6244ms
Frame 1265 end
Average processing time of GrabImageRGBD(): 10.6251ms
Frame 1266 end
Average processing time of GrabImageRGBD(): 10.6209ms
Frame 1267 end
Average processing time of GrabImageRGBD(): 10.6185ms
Frame 1268 end
Average processing time of GrabImageRGBD(): 10.616ms
Frame 1269 end
Average processing time of GrabImageRGBD(): 10.6124ms
Frame 1270 end
Average processing time of GrabImageRGBD(): 10.6108ms
Frame 1271 end
Average processing time of GrabImageRGBD(): 10.6103ms
Frame 1272 end
Average processing time of GrabImageRGBD(): 10.6093ms
Frame 1273 end
Average processing time of GrabImageRGBD(): 10.6084ms
Frame 1274 end
Average processing time of GrabImageRGBD(): 10.6081ms
Frame 1275 end
Average processing time of GrabImageRGBD(): 10.6083ms
Frame 1276 end
Average processing time of GrabImageRGBD(): 10.6074ms
Frame 1277 end
Average processing time of GrabImageRGBD(): 10.6047ms
Frame 1278 end
Average processing time of GrabImageRGBD(): 10.6021ms
Frame 1279 end
Average processing time of GrabImageRGBD(): 10.6ms
Frame 1280 end
Average processing time of GrabImageRGBD(): 10.5972ms
Frame 1281 end
Average processing time of GrabImageRGBD(): 10.5951ms
Frame 1282 end
Average processing time of GrabImageRGBD(): 10.5945ms
Frame 1283 end
Average processing time of GrabImageRGBD(): 10.5927ms
Frame 1284 end
Average processing time of GrabImageRGBD(): 10.5925ms
Frame 1285 end
Average processing time of GrabImageRGBD(): 10.5912ms
Frame 1286 end
Average processing time of GrabImageRGBD(): 10.587ms
Frame 1287 end
Average processing time of GrabImageRGBD(): 10.585ms
Frame 1288 end
Average processing time of GrabImageRGBD(): 10.5846ms
Frame 1289 end
Average processing time of GrabImageRGBD(): 10.5828ms
Frame 1290 end
Average processing time of GrabImageRGBD(): 10.5828ms
Frame 1291 end
Average processing time of GrabImageRGBD(): 10.5808ms
Frame 1292 end
Average processing time of GrabImageRGBD(): 10.602ms
Frame 1293 end
Average processing time of GrabImageRGBD(): 10.6016ms
Frame 1294 end
Average processing time of GrabImageRGBD(): 10.6017ms
Frame 1295 end
Average processing time of GrabImageRGBD(): 10.6023ms
Frame 1296 end
Average processing time of GrabImageRGBD(): 10.6014ms
Frame 1297 end
Average processing time of GrabImageRGBD(): 10.6015ms
Frame 1298 end
Average processing time of GrabImageRGBD(): 10.6029ms
Frame 1299 end
Average processing time of GrabImageRGBD(): 10.6024ms
Frame 1300 end
Average processing time of GrabImageRGBD(): 10.6033ms
Frame 1301 end
Average processing time of GrabImageRGBD(): 10.6001ms
Frame 1302 end
Average processing time of GrabImageRGBD(): 10.5976ms
Frame 1303 end
Average processing time of GrabImageRGBD(): 10.5982ms
Frame 1304 end
Average processing time of GrabImageRGBD(): 10.5937ms
Frame 1305 end
Average processing time of GrabImageRGBD(): 10.593ms
Frame 1306 end
Average processing time of GrabImageRGBD(): 10.5911ms
Frame 1307 end
Average processing time of GrabImageRGBD(): 10.5902ms
Frame 1308 end
Average processing time of GrabImageRGBD(): 10.5884ms
Frame 1309 end
Average processing time of GrabImageRGBD(): 10.5853ms
Frame 1310 end
Average processing time of GrabImageRGBD(): 10.5853ms
Frame 1311 end
Average processing time of GrabImageRGBD(): 10.5842ms
Frame 1312 end
Average processing time of GrabImageRGBD(): 10.6056ms
Frame 1313 end
Average processing time of GrabImageRGBD(): 10.6065ms
Frame 1314 end
Average processing time of GrabImageRGBD(): 10.6039ms
Frame 1315 end
Average processing time of GrabImageRGBD(): 10.6021ms
Frame 1316 end
Average processing time of GrabImageRGBD(): 10.6022ms
Frame 1317 end
Average processing time of GrabImageRGBD(): 10.6026ms
Frame 1318 end
Average processing time of GrabImageRGBD(): 10.6046ms
Frame 1319 end
Average processing time of GrabImageRGBD(): 10.6016ms
Frame 1320 end
Average processing time of GrabImageRGBD(): 10.602ms
Frame 1321 end
Average processing time of GrabImageRGBD(): 10.6024ms
Frame 1322 end
Average processing time of GrabImageRGBD(): 10.6008ms
Frame 1323 end
Average processing time of GrabImageRGBD(): 10.6009ms
Frame 1324 end
Average processing time of GrabImageRGBD(): 10.5994ms
Frame 1325 end
Average processing time of GrabImageRGBD(): 10.5987ms
Frame 1326 end
Average processing time of GrabImageRGBD(): 10.5961ms
Frame 1327 end
Average processing time of GrabImageRGBD(): 10.5944ms
Frame 1328 end
Average processing time of GrabImageRGBD(): 10.5941ms
Frame 1329 end
Average processing time of GrabImageRGBD(): 10.6129ms
Frame 1330 end
Average processing time of GrabImageRGBD(): 10.613ms
Frame 1331 end
Average processing time of GrabImageRGBD(): 10.6132ms
Frame 1332 end
Average processing time of GrabImageRGBD(): 10.6148ms
Frame 1333 end
Average processing time of GrabImageRGBD(): 10.6147ms
Frame 1334 end
Average processing time of GrabImageRGBD(): 10.6161ms
Frame 1335 end
Average processing time of GrabImageRGBD(): 10.6161ms
Frame 1336 end
Average processing time of GrabImageRGBD(): 10.6162ms
Frame 1337 end
Average processing time of GrabImageRGBD(): 10.6145ms
Frame 1338 end
Average processing time of GrabImageRGBD(): 10.614ms
Frame 1339 end
Average processing time of GrabImageRGBD(): 10.6143ms
Frame 1340 end
Average processing time of GrabImageRGBD(): 10.6126ms
Frame 1341 end
Average processing time of GrabImageRGBD(): 10.6095ms
Frame 1342 end
Average processing time of GrabImageRGBD(): 10.609ms
Frame 1343 end
Average processing time of GrabImageRGBD(): 10.6288ms
Frame 1344 end
Average processing time of GrabImageRGBD(): 10.6294ms
Frame 1345 end
Average processing time of GrabImageRGBD(): 10.6287ms
Frame 1346 end
Average processing time of GrabImageRGBD(): 10.6292ms
Frame 1347 end
Average processing time of GrabImageRGBD(): 10.6294ms
Frame 1348 end
Average processing time of GrabImageRGBD(): 10.628ms
Frame 1349 end
Average processing time of GrabImageRGBD(): 10.6274ms
Frame 1350 end
Average processing time of GrabImageRGBD(): 10.6256ms
Frame 1351 end
Average processing time of GrabImageRGBD(): 10.6255ms
Frame 1352 end
Average processing time of GrabImageRGBD(): 10.6237ms
Frame 1353 end
Average processing time of GrabImageRGBD(): 10.6239ms
Frame 1354 end
Average processing time of GrabImageRGBD(): 10.623ms
Frame 1355 end
Average processing time of GrabImageRGBD(): 10.6231ms
Frame 1356 end
Average processing time of GrabImageRGBD(): 10.6219ms
Frame 1357 end
Average processing time of GrabImageRGBD(): 10.6421ms
Frame 1358 end
Average processing time of GrabImageRGBD(): 10.6443ms
Frame 1359 end
Average processing time of GrabImageRGBD(): 10.6418ms
Frame 1360 end
Average processing time of GrabImageRGBD(): 10.6419ms
Frame 1361 end
Average processing time of GrabImageRGBD(): 10.6393ms
Frame 1362 end
Average processing time of GrabImageRGBD(): 10.6389ms
Frame 1363 end
Average processing time of GrabImageRGBD(): 10.639ms
Frame 1364 end
Average processing time of GrabImageRGBD(): 10.6398ms
Frame 1365 end
Average processing time of GrabImageRGBD(): 10.6398ms
Frame 1366 end
Average processing time of GrabImageRGBD(): 10.6398ms
Frame 1367 end
Average processing time of GrabImageRGBD(): 10.6396ms
Frame 1368 end
Average processing time of GrabImageRGBD(): 10.6405ms
Frame 1369 end
Average processing time of GrabImageRGBD(): 10.6392ms
Frame 1370 end
Average processing time of GrabImageRGBD(): 10.6385ms
Frame 1371 end
Average processing time of GrabImageRGBD(): 10.6583ms
Frame 1372 end
Average processing time of GrabImageRGBD(): 10.6576ms
Frame 1373 end
Average processing time of GrabImageRGBD(): 10.6574ms
Frame 1374 end
Average processing time of GrabImageRGBD(): 10.6546ms
Frame 1375 end
Average processing time of GrabImageRGBD(): 10.6539ms
Frame 1376 end
Average processing time of GrabImageRGBD(): 10.6516ms
Frame 1377 end
Average processing time of GrabImageRGBD(): 10.6511ms
Frame 1378 end
Average processing time of GrabImageRGBD(): 10.651ms
Frame 1379 end
Average processing time of GrabImageRGBD(): 10.6494ms
Frame 1380 end
Average processing time of GrabImageRGBD(): 10.648ms
Frame 1381 end
Average processing time of GrabImageRGBD(): 10.6472ms
Frame 1382 end
Average processing time of GrabImageRGBD(): 10.6443ms
Frame 1383 end
Average processing time of GrabImageRGBD(): 10.6436ms
Frame 1384 end
Average processing time of GrabImageRGBD(): 10.6428ms
Frame 1385 end
Average processing time of GrabImageRGBD(): 10.6401ms
Frame 1386 end
Average processing time of GrabImageRGBD(): 10.6682ms
Frame 1387 end
Average processing time of GrabImageRGBD(): 10.6698ms
Frame 1388 end
Average processing time of GrabImageRGBD(): 10.6685ms
Frame 1389 end
Average processing time of GrabImageRGBD(): 10.6683ms
Frame 1390 end
Average processing time of GrabImageRGBD(): 10.6682ms
Frame 1391 end
Average processing time of GrabImageRGBD(): 10.6644ms
Frame 1392 end
Average processing time of GrabImageRGBD(): 10.6645ms
Frame 1393 end
Average processing time of GrabImageRGBD(): 10.6634ms
Frame 1394 end
Average processing time of GrabImageRGBD(): 10.6645ms
Frame 1395 end
Average processing time of GrabImageRGBD(): 10.6646ms
Frame 1396 end
Average processing time of GrabImageRGBD(): 10.6649ms
Frame 1397 end
Average processing time of GrabImageRGBD(): 10.6642ms
Frame 1398 end
Average processing time of GrabImageRGBD(): 10.6641ms
Frame 1399 end
Average processing time of GrabImageRGBD(): 10.6636ms
Frame 1400 end
Average processing time of GrabImageRGBD(): 10.6832ms
Frame 1401 end
Average processing time of GrabImageRGBD(): 10.6835ms
Frame 1402 end
Average processing time of GrabImageRGBD(): 10.6822ms
Frame 1403 end
Average processing time of GrabImageRGBD(): 10.6818ms
Frame 1404 end
Average processing time of GrabImageRGBD(): 10.681ms
Frame 1405 end
Average processing time of GrabImageRGBD(): 10.6789ms
Frame 1406 end
Average processing time of GrabImageRGBD(): 10.6779ms
Frame 1407 end
Average processing time of GrabImageRGBD(): 10.6781ms
Frame 1408 end
Average processing time of GrabImageRGBD(): 10.6769ms
Frame 1409 end
Average processing time of GrabImageRGBD(): 10.677ms
Frame 1410 end
Average processing time of GrabImageRGBD(): 10.6759ms
Frame 1411 end
Average processing time of GrabImageRGBD(): 10.6756ms
Frame 1412 end
Average processing time of GrabImageRGBD(): 10.6744ms
Frame 1413 end
Average processing time of GrabImageRGBD(): 10.6735ms
Frame 1414 end
Average processing time of GrabImageRGBD(): 10.6735ms
Frame 1415 end
Average processing time of GrabImageRGBD(): 10.6731ms
Frame 1416 end
Average processing time of GrabImageRGBD(): 10.6718ms
Frame 1417 end
Average processing time of GrabImageRGBD(): 10.6902ms
Frame 1418 end
Average processing time of GrabImageRGBD(): 10.6909ms
Frame 1419 end
Average processing time of GrabImageRGBD(): 10.6882ms
Frame 1420 end
Average processing time of GrabImageRGBD(): 10.6878ms
Frame 1421 end
Average processing time of GrabImageRGBD(): 10.6873ms
Frame 1422 end
Average processing time of GrabImageRGBD(): 10.6871ms
Frame 1423 end
Average processing time of GrabImageRGBD(): 10.6854ms
Frame 1424 end
Average processing time of GrabImageRGBD(): 10.6853ms
Frame 1425 end
Average processing time of GrabImageRGBD(): 10.6839ms
Frame 1426 end
Average processing time of GrabImageRGBD(): 10.6837ms
Frame 1427 end
Average processing time of GrabImageRGBD(): 10.6833ms
Frame 1428 end
Average processing time of GrabImageRGBD(): 10.6825ms
Frame 1429 end
Average processing time of GrabImageRGBD(): 10.6815ms
Frame 1430 end
Average processing time of GrabImageRGBD(): 10.68ms
Frame 1431 end
Average processing time of GrabImageRGBD(): 10.679ms
Frame 1432 end
Average processing time of GrabImageRGBD(): 10.6785ms
Frame 1433 end
Average processing time of GrabImageRGBD(): 10.6748ms
Frame 1434 end
Average processing time of GrabImageRGBD(): 10.6925ms
Frame 1435 end
Average processing time of GrabImageRGBD(): 10.6928ms
Frame 1436 end
Average processing time of GrabImageRGBD(): 10.6929ms
Frame 1437 end
Average processing time of GrabImageRGBD(): 10.6925ms
Frame 1438 end
Average processing time of GrabImageRGBD(): 10.6939ms
Frame 1439 end
Average processing time of GrabImageRGBD(): 10.6919ms
Frame 1440 end
Average processing time of GrabImageRGBD(): 10.6923ms
Frame 1441 end
Average processing time of GrabImageRGBD(): 10.692ms
Frame 1442 end
Average processing time of GrabImageRGBD(): 10.6921ms
Frame 1443 end
Average processing time of GrabImageRGBD(): 10.6894ms
Frame 1444 end
Average processing time of GrabImageRGBD(): 10.6885ms
Frame 1445 end
Average processing time of GrabImageRGBD(): 10.6877ms
Frame 1446 end
Average processing time of GrabImageRGBD(): 10.6877ms
Frame 1447 end
Average processing time of GrabImageRGBD(): 10.6877ms
Frame 1448 end
Average processing time of GrabImageRGBD(): 10.6875ms
Frame 1449 end
Average processing time of GrabImageRGBD(): 10.6864ms
Frame 1450 end
Average processing time of GrabImageRGBD(): 10.6861ms
Frame 1451 end
Average processing time of GrabImageRGBD(): 10.6841ms
Frame 1452 end
Average processing time of GrabImageRGBD(): 10.7024ms
Frame 1453 end
Average processing time of GrabImageRGBD(): 10.7033ms
Frame 1454 end
Average processing time of GrabImageRGBD(): 10.7032ms
Frame 1455 end
Average processing time of GrabImageRGBD(): 10.7036ms
Frame 1456 end
Average processing time of GrabImageRGBD(): 10.7039ms
Frame 1457 end
Average processing time of GrabImageRGBD(): 10.7034ms
Frame 1458 end
Average processing time of GrabImageRGBD(): 10.7029ms
Frame 1459 end
Average processing time of GrabImageRGBD(): 10.7004ms
Frame 1460 end
Average processing time of GrabImageRGBD(): 10.6998ms
Frame 1461 end
Average processing time of GrabImageRGBD(): 10.7001ms
Frame 1462 end
Average processing time of GrabImageRGBD(): 10.7003ms
Frame 1463 end
Average processing time of GrabImageRGBD(): 10.7005ms
Frame 1464 end
Average processing time of GrabImageRGBD(): 10.6985ms
Frame 1465 end
Average processing time of GrabImageRGBD(): 10.6973ms
Frame 1466 end
Average processing time of GrabImageRGBD(): 10.6973ms
Frame 1467 end
Average processing time of GrabImageRGBD(): 10.6942ms
Frame 1468 end
Average processing time of GrabImageRGBD(): 10.6942ms
Frame 1469 end
Average processing time of GrabImageRGBD(): 10.7194ms
Frame 1470 end
Average processing time of GrabImageRGBD(): 10.7188ms
Frame 1471 end
Average processing time of GrabImageRGBD(): 10.7186ms
Frame 1472 end
Average processing time of GrabImageRGBD(): 10.7188ms
Frame 1473 end
Average processing time of GrabImageRGBD(): 10.718ms
Frame 1474 end
Average processing time of GrabImageRGBD(): 10.7191ms
Frame 1475 end
Average processing time of GrabImageRGBD(): 10.7176ms
Frame 1476 end
Average processing time of GrabImageRGBD(): 10.7181ms
Frame 1477 end
Average processing time of GrabImageRGBD(): 10.7187ms
Frame 1478 end
Average processing time of GrabImageRGBD(): 10.7187ms
Frame 1479 end
Average processing time of GrabImageRGBD(): 10.7188ms
Frame 1480 end
Average processing time of GrabImageRGBD(): 10.717ms
Frame 1481 end
Average processing time of GrabImageRGBD(): 10.7156ms
Frame 1482 end
Average processing time of GrabImageRGBD(): 10.7151ms
Frame 1483 end
Average processing time of GrabImageRGBD(): 10.7154ms
Frame 1484 end
Average processing time of GrabImageRGBD(): 10.7142ms
Frame 1485 end
Average processing time of GrabImageRGBD(): 10.7333ms
Frame 1486 end
Average processing time of GrabImageRGBD(): 10.7344ms
Frame 1487 end
Average processing time of GrabImageRGBD(): 10.7344ms
Frame 1488 end
Average processing time of GrabImageRGBD(): 10.7335ms
Frame 1489 end
Average processing time of GrabImageRGBD(): 10.7326ms
Frame 1490 end
Average processing time of GrabImageRGBD(): 10.7325ms
Frame 1491 end
Average processing time of GrabImageRGBD(): 10.731ms
Frame 1492 end
Average processing time of GrabImageRGBD(): 10.7311ms
Frame 1493 end
Average processing time of GrabImageRGBD(): 10.731ms
Frame 1494 end
Average processing time of GrabImageRGBD(): 10.7306ms
Frame 1495 end
Average processing time of GrabImageRGBD(): 10.7296ms
Frame 1496 end
Average processing time of GrabImageRGBD(): 10.7276ms
Frame 1497 end
Average processing time of GrabImageRGBD(): 10.7261ms
Frame 1498 end
Average processing time of GrabImageRGBD(): 10.7255ms
Frame 1499 end
Average processing time of GrabImageRGBD(): 10.7251ms
Frame 1500 end
Average processing time of GrabImageRGBD(): 10.7248ms
Frame 1501 end
Average processing time of GrabImageRGBD(): 10.7248ms
Frame 1502 end
Average processing time of GrabImageRGBD(): 10.742ms
Frame 1503 end
Average processing time of GrabImageRGBD(): 10.7432ms
Frame 1504 end
Average processing time of GrabImageRGBD(): 10.7434ms
Frame 1505 end
Average processing time of GrabImageRGBD(): 10.7443ms
Frame 1506 end
Average processing time of GrabImageRGBD(): 10.7442ms
Frame 1507 end
Average processing time of GrabImageRGBD(): 10.7433ms
Frame 1508 end
Average processing time of GrabImageRGBD(): 10.7621ms
Frame 1509 end
Average processing time of GrabImageRGBD(): 10.7615ms
Frame 1510 end
Average processing time of GrabImageRGBD(): 10.7612ms
Frame 1511 end
Average processing time of GrabImageRGBD(): 10.7615ms
Frame 1512 end
Average processing time of GrabImageRGBD(): 10.7794ms
Frame 1513 end
Average processing time of GrabImageRGBD(): 10.7812ms
Frame 1514 end
Average processing time of GrabImageRGBD(): 10.7791ms
Frame 1515 end
Average processing time of GrabImageRGBD(): 10.7798ms
Frame 1516 end
Average processing time of GrabImageRGBD(): 10.7807ms
Frame 1517 end
Average processing time of GrabImageRGBD(): 10.7807ms
Frame 1518 end
Average processing time of GrabImageRGBD(): 10.7803ms
Frame 1519 end
Average processing time of GrabImageRGBD(): 10.7807ms
Frame 1520 end
Average processing time of GrabImageRGBD(): 10.7807ms
Frame 1521 end
Average processing time of GrabImageRGBD(): 10.7808ms
Frame 1522 end
Average processing time of GrabImageRGBD(): 10.7792ms
Frame 1523 end
Average processing time of GrabImageRGBD(): 10.7786ms
Frame 1524 end
Average processing time of GrabImageRGBD(): 10.7782ms
Frame 1525 end
Average processing time of GrabImageRGBD(): 10.7788ms
Frame 1526 end
Average processing time of GrabImageRGBD(): 10.7948ms
Frame 1527 end
Average processing time of GrabImageRGBD(): 10.7947ms
Frame 1528 end
Average processing time of GrabImageRGBD(): 10.7944ms
Frame 1529 end
Average processing time of GrabImageRGBD(): 10.7942ms
Frame 1530 end
Average processing time of GrabImageRGBD(): 10.7934ms
Frame 1531 end
Average processing time of GrabImageRGBD(): 10.7934ms
Frame 1532 end
Average processing time of GrabImageRGBD(): 10.793ms
Frame 1533 end
Average processing time of GrabImageRGBD(): 10.7935ms
Frame 1534 end
Average processing time of GrabImageRGBD(): 10.7941ms
Frame 1535 end
Average processing time of GrabImageRGBD(): 10.7948ms
Frame 1536 end
Average processing time of GrabImageRGBD(): 10.7946ms
Frame 1537 end
Average processing time of GrabImageRGBD(): 10.7944ms
Frame 1538 end
Average processing time of GrabImageRGBD(): 10.7938ms
Frame 1539 end
Average processing time of GrabImageRGBD(): 10.793ms
Frame 1540 end
Average processing time of GrabImageRGBD(): 10.7927ms
Frame 1541 end
Average processing time of GrabImageRGBD(): 10.7923ms
Frame 1542 end
Average processing time of GrabImageRGBD(): 10.8078ms
Frame 1543 end
Average processing time of GrabImageRGBD(): 10.8085ms
Frame 1544 end
Average processing time of GrabImageRGBD(): 10.8083ms
Frame 1545 end
Average processing time of GrabImageRGBD(): 10.8086ms
Frame 1546 end
Average processing time of GrabImageRGBD(): 10.8089ms
Frame 1547 end
Average processing time of GrabImageRGBD(): 10.8095ms
Frame 1548 end
Average processing time of GrabImageRGBD(): 10.8095ms
Frame 1549 end
Average processing time of GrabImageRGBD(): 10.8073ms
Frame 1550 end
Average processing time of GrabImageRGBD(): 10.8055ms
Frame 1551 end
Average processing time of GrabImageRGBD(): 10.8054ms
Frame 1552 end
Average processing time of GrabImageRGBD(): 10.8046ms
Frame 1553 end
Average processing time of GrabImageRGBD(): 10.8054ms
Frame 1554 end
Average processing time of GrabImageRGBD(): 10.8062ms
Frame 1555 end
Average processing time of GrabImageRGBD(): 10.8058ms
Frame 1556 end
Average processing time of GrabImageRGBD(): 10.8055ms
Frame 1557 end
Average processing time of GrabImageRGBD(): 10.8218ms
Frame 1558 end
Average processing time of GrabImageRGBD(): 10.8396ms
Frame 1559 end
Average processing time of GrabImageRGBD(): 10.8406ms
Frame 1560 end
Average processing time of GrabImageRGBD(): 10.8403ms
Frame 1561 end
Average processing time of GrabImageRGBD(): 10.8404ms
Frame 1562 end
Average processing time of GrabImageRGBD(): 10.8416ms
Frame 1563 end
Average processing time of GrabImageRGBD(): 10.84ms
Frame 1564 end
Average processing time of GrabImageRGBD(): 10.8397ms
Frame 1565 end
Average processing time of GrabImageRGBD(): 10.84ms
Frame 1566 end
Average processing time of GrabImageRGBD(): 10.8405ms
Frame 1567 end
Average processing time of GrabImageRGBD(): 10.8417ms
Frame 1568 end
Average processing time of GrabImageRGBD(): 10.8421ms
Frame 1569 end
Average processing time of GrabImageRGBD(): 10.8429ms
Frame 1570 end
Average processing time of GrabImageRGBD(): 10.8431ms
Frame 1571 end
Average processing time of GrabImageRGBD(): 10.8605ms
Frame 1572 end
Average processing time of GrabImageRGBD(): 10.8626ms
Frame 1573 end
Average processing time of GrabImageRGBD(): 10.8629ms
Frame 1574 end
Average processing time of GrabImageRGBD(): 10.8641ms
Frame 1575 end
Average processing time of GrabImageRGBD(): 10.8641ms
Frame 1576 end
Average processing time of GrabImageRGBD(): 10.8645ms
Frame 1577 end
Average processing time of GrabImageRGBD(): 10.8652ms
Frame 1578 end
Average processing time of GrabImageRGBD(): 10.8645ms
Frame 1579 end
Average processing time of GrabImageRGBD(): 10.865ms
Frame 1580 end
Average processing time of GrabImageRGBD(): 10.8831ms
Frame 1581 end
Average processing time of GrabImageRGBD(): 10.8845ms
Frame 1582 end
Average processing time of GrabImageRGBD(): 10.8857ms
Frame 1583 end
Average processing time of GrabImageRGBD(): 10.8859ms
Frame 1584 end
Average processing time of GrabImageRGBD(): 10.8861ms
Frame 1585 end
Average processing time of GrabImageRGBD(): 10.8865ms
Frame 1586 end
Average processing time of GrabImageRGBD(): 10.8863ms
Frame 1587 end
Average processing time of GrabImageRGBD(): 10.8866ms
Frame 1588 end
Average processing time of GrabImageRGBD(): 10.8858ms
Frame 1589 end
Average processing time of GrabImageRGBD(): 10.8866ms
Frame 1590 end
Average processing time of GrabImageRGBD(): 10.8855ms
Frame 1591 end
Average processing time of GrabImageRGBD(): 10.8858ms
Frame 1592 end
Average processing time of GrabImageRGBD(): 10.8864ms
Frame 1593 end
Average processing time of GrabImageRGBD(): 10.8868ms
Frame 1594 end
Average processing time of GrabImageRGBD(): 10.8847ms
Frame 1595 end
Average processing time of GrabImageRGBD(): 10.8852ms
Frame 1596 end
Average processing time of GrabImageRGBD(): 10.8849ms
Frame 1597 end
Average processing time of GrabImageRGBD(): 10.8848ms
Frame 1598 end
Average processing time of GrabImageRGBD(): 10.9011ms
Frame 1599 end
Average processing time of GrabImageRGBD(): 10.9032ms
Frame 1600 end
Average processing time of GrabImageRGBD(): 10.9033ms
Frame 1601 end
Average processing time of GrabImageRGBD(): 10.9033ms
Frame 1602 end
Average processing time of GrabImageRGBD(): 10.904ms
Frame 1603 end
Average processing time of GrabImageRGBD(): 10.9021ms
Frame 1604 end
Average processing time of GrabImageRGBD(): 10.9023ms
Frame 1605 end
Average processing time of GrabImageRGBD(): 10.9024ms
Frame 1606 end
Average processing time of GrabImageRGBD(): 10.9023ms
Frame 1607 end
Average processing time of GrabImageRGBD(): 10.9022ms
Frame 1608 end
Average processing time of GrabImageRGBD(): 10.9018ms
Frame 1609 end
Average processing time of GrabImageRGBD(): 10.9023ms
Frame 1610 end
Average processing time of GrabImageRGBD(): 10.9022ms
Frame 1611 end
Average processing time of GrabImageRGBD(): 10.9024ms
Frame 1612 end
Average processing time of GrabImageRGBD(): 10.903ms
Frame 1613 end
Average processing time of GrabImageRGBD(): 10.9032ms
Frame 1614 end
Average processing time of GrabImageRGBD(): 10.9035ms
Frame 1615 end
Average processing time of GrabImageRGBD(): 10.9041ms
Frame 1616 end
Average processing time of GrabImageRGBD(): 10.9218ms
Frame 1617 end
Average processing time of GrabImageRGBD(): 10.9232ms
Frame 1618 end
Average processing time of GrabImageRGBD(): 10.9236ms
Frame 1619 end
Average processing time of GrabImageRGBD(): 10.922ms
Frame 1620 end
Average processing time of GrabImageRGBD(): 10.9222ms
Frame 1621 end
Average processing time of GrabImageRGBD(): 10.9222ms
Frame 1622 end
Average processing time of GrabImageRGBD(): 10.921ms
Frame 1623 end
Average processing time of GrabImageRGBD(): 10.9214ms
Frame 1624 end
Average processing time of GrabImageRGBD(): 10.9211ms
Frame 1625 end
Average processing time of GrabImageRGBD(): 10.9221ms
Frame 1626 end
Average processing time of GrabImageRGBD(): 10.9217ms
Frame 1627 end
Average processing time of GrabImageRGBD(): 10.9214ms
Frame 1628 end
Average processing time of GrabImageRGBD(): 10.9219ms
Frame 1629 end
Average processing time of GrabImageRGBD(): 10.9222ms
Frame 1630 end
Average processing time of GrabImageRGBD(): 10.9227ms
Frame 1631 end
Average processing time of GrabImageRGBD(): 10.9213ms
Frame 1632 end
Average processing time of GrabImageRGBD(): 10.9378ms
Frame 1633 end
Average processing time of GrabImageRGBD(): 10.939ms
Frame 1634 end
Average processing time of GrabImageRGBD(): 10.9567ms
Frame 1635 end
Average processing time of GrabImageRGBD(): 10.9604ms
Frame 1636 end
Average processing time of GrabImageRGBD(): 10.9638ms
Frame 1637 end
Average processing time of GrabImageRGBD(): 10.967ms
Frame 1638 end
Average processing time of GrabImageRGBD(): 10.9683ms
Frame 1639 end
Average processing time of GrabImageRGBD(): 10.9684ms
Frame 1640 end
Average processing time of GrabImageRGBD(): 10.9686ms
Frame 1641 end
Average processing time of GrabImageRGBD(): 10.9692ms
Frame 1642 end
Average processing time of GrabImageRGBD(): 10.969ms
Frame 1643 end
Average processing time of GrabImageRGBD(): 10.97ms
Frame 1644 end
Average processing time of GrabImageRGBD(): 10.9705ms
Frame 1645 end
Average processing time of GrabImageRGBD(): 10.9729ms
Frame 1646 end
Average processing time of GrabImageRGBD(): 10.9738ms
Frame 1647 end
Average processing time of GrabImageRGBD(): 10.974ms
Frame 1648 end
Average processing time of GrabImageRGBD(): 10.9982ms
Frame 1649 end
Average processing time of GrabImageRGBD(): 10.9998ms
Frame 1650 end
Average processing time of GrabImageRGBD(): 10.9994ms
Frame 1651 end
Average processing time of GrabImageRGBD(): 10.9989ms
Frame 1652 end
Average processing time of GrabImageRGBD(): 10.9984ms
Frame 1653 end
Average processing time of GrabImageRGBD(): 10.9984ms
Frame 1654 end
Average processing time of GrabImageRGBD(): 10.9979ms
Frame 1655 end
Average processing time of GrabImageRGBD(): 10.9971ms
Frame 1656 end
Average processing time of GrabImageRGBD(): 10.9965ms
Frame 1657 end
Average processing time of GrabImageRGBD(): 10.9964ms
Frame 1658 end
Average processing time of GrabImageRGBD(): 11.0162ms
Frame 1659 end
Average processing time of GrabImageRGBD(): 11.0174ms
Frame 1660 end
Average processing time of GrabImageRGBD(): 11.0176ms
Frame 1661 end
Average processing time of GrabImageRGBD(): 11.0168ms
Frame 1662 end
Average processing time of GrabImageRGBD(): 11.0169ms
Frame 1663 end
Average processing time of GrabImageRGBD(): 11.0179ms
Frame 1664 end
Average processing time of GrabImageRGBD(): 11.0176ms
Frame 1665 end
Average processing time of GrabImageRGBD(): 11.0156ms
Frame 1666 end
Average processing time of GrabImageRGBD(): 11.015ms
Frame 1667 end
Average processing time of GrabImageRGBD(): 11.0155ms
Frame 1668 end
Average processing time of GrabImageRGBD(): 11.0157ms
Frame 1669 end
Average processing time of GrabImageRGBD(): 11.0148ms
Frame 1670 end
Average processing time of GrabImageRGBD(): 11.0127ms
Frame 1671 end
Average processing time of GrabImageRGBD(): 11.0119ms
Frame 1672 end
Average processing time of GrabImageRGBD(): 11.0127ms
Frame 1673 end
Average processing time of GrabImageRGBD(): 11.0129ms
Frame 1674 end
Average processing time of GrabImageRGBD(): 11.0282ms
Frame 1675 end
Average processing time of GrabImageRGBD(): 11.0293ms
Frame 1676 end
Average processing time of GrabImageRGBD(): 11.0296ms
Frame 1677 end
Average processing time of GrabImageRGBD(): 11.0296ms
Frame 1678 end
Average processing time of GrabImageRGBD(): 11.0295ms
Frame 1679 end
Average processing time of GrabImageRGBD(): 11.0293ms
Frame 1680 end
Average processing time of GrabImageRGBD(): 11.0288ms
Frame 1681 end
Average processing time of GrabImageRGBD(): 11.0263ms
Frame 1682 end
Average processing time of GrabImageRGBD(): 11.0265ms
Frame 1683 end
Average processing time of GrabImageRGBD(): 11.0238ms
Frame 1684 end
Average processing time of GrabImageRGBD(): 11.0245ms
Frame 1685 end
Average processing time of GrabImageRGBD(): 11.0243ms
Frame 1686 end
Average processing time of GrabImageRGBD(): 11.024ms
Frame 1687 end
Average processing time of GrabImageRGBD(): 11.0243ms
Frame 1688 end
Average processing time of GrabImageRGBD(): 11.024ms
Frame 1689 end
Average processing time of GrabImageRGBD(): 11.0248ms
Frame 1690 end
Average processing time of GrabImageRGBD(): 11.0253ms
Frame 1691 end
Average processing time of GrabImageRGBD(): 11.0411ms
Frame 1692 end
Average processing time of GrabImageRGBD(): 11.0425ms
Frame 1693 end
Average processing time of GrabImageRGBD(): 11.0428ms
Frame 1694 end
Average processing time of GrabImageRGBD(): 11.0428ms
Frame 1695 end
Average processing time of GrabImageRGBD(): 11.044ms
Frame 1696 end
Average processing time of GrabImageRGBD(): 11.0441ms
Frame 1697 end
Average processing time of GrabImageRGBD(): 11.0436ms
Frame 1698 end
Average processing time of GrabImageRGBD(): 11.0602ms
Frame 1699 end
Average processing time of GrabImageRGBD(): 11.0617ms
Frame 1700 end
Average processing time of GrabImageRGBD(): 11.0616ms
Frame 1701 end
Average processing time of GrabImageRGBD(): 11.0615ms
Frame 1702 end
Average processing time of GrabImageRGBD(): 11.0615ms
Frame 1703 end
Average processing time of GrabImageRGBD(): 11.0617ms
Frame 1704 end
Average processing time of GrabImageRGBD(): 11.0616ms
Frame 1705 end
Average processing time of GrabImageRGBD(): 11.0618ms
Frame 1706 end
Average processing time of GrabImageRGBD(): 11.0614ms
Frame 1707 end
Average processing time of GrabImageRGBD(): 11.0788ms
Frame 1708 end
Average processing time of GrabImageRGBD(): 11.0804ms
Frame 1709 end
Average processing time of GrabImageRGBD(): 11.0815ms
Frame 1710 end
Average processing time of GrabImageRGBD(): 11.0823ms
Frame 1711 end
Average processing time of GrabImageRGBD(): 11.0833ms
Frame 1712 end
Average processing time of GrabImageRGBD(): 11.0849ms
Frame 1713 end
Average processing time of GrabImageRGBD(): 11.0854ms
Frame 1714 end
Average processing time of GrabImageRGBD(): 11.1008ms
Frame 1715 end
Average processing time of GrabImageRGBD(): 11.1018ms
Frame 1716 end
Average processing time of GrabImageRGBD(): 11.102ms
Frame 1717 end
Average processing time of GrabImageRGBD(): 11.1021ms
Frame 1718 end
Average processing time of GrabImageRGBD(): 11.1005ms
Frame 1719 end
Average processing time of GrabImageRGBD(): 11.1025ms
Frame 1720 end
Average processing time of GrabImageRGBD(): 11.1032ms
Frame 1721 end
Average processing time of GrabImageRGBD(): 11.1035ms
Frame 1722 end
Average processing time of GrabImageRGBD(): 11.1206ms
Frame 1723 end
Average processing time of GrabImageRGBD(): 11.1219ms
Frame 1724 end
Average processing time of GrabImageRGBD(): 11.1236ms
Frame 1725 end
Average processing time of GrabImageRGBD(): 11.1244ms
Frame 1726 end
Average processing time of GrabImageRGBD(): 11.125ms
Frame 1727 end
Average processing time of GrabImageRGBD(): 11.1266ms
Frame 1728 end
Average processing time of GrabImageRGBD(): 11.1284ms
Frame 1729 end
Average processing time of GrabImageRGBD(): 11.1312ms
Frame 1730 end
Average processing time of GrabImageRGBD(): 11.1548ms
Frame 1731 end
Average processing time of GrabImageRGBD(): 11.1554ms
Frame 1732 end
Average processing time of GrabImageRGBD(): 11.1558ms
Frame 1733 end
Average processing time of GrabImageRGBD(): 11.1563ms
Frame 1734 end
Average processing time of GrabImageRGBD(): 11.1549ms
Frame 1735 end
Average processing time of GrabImageRGBD(): 11.1543ms
Frame 1736 end
Average processing time of GrabImageRGBD(): 11.1562ms
Frame 1737 end
Average processing time of GrabImageRGBD(): 11.1571ms
Frame 1738 end
Average processing time of GrabImageRGBD(): 11.1578ms
Frame 1739 end
Average processing time of GrabImageRGBD(): 11.1587ms
Frame 1740 end
Average processing time of GrabImageRGBD(): 11.1598ms
Frame 1741 end
Average processing time of GrabImageRGBD(): 11.1591ms
Frame 1742 end
Average processing time of GrabImageRGBD(): 11.1598ms
Frame 1743 end
Average processing time of GrabImageRGBD(): 11.1608ms
Frame 1744 end
Average processing time of GrabImageRGBD(): 11.1605ms
Frame 1745 end
Average processing time of GrabImageRGBD(): 11.1601ms
Frame 1746 end
Average processing time of GrabImageRGBD(): 11.1757ms
Frame 1747 end
Average processing time of GrabImageRGBD(): 11.1773ms
Frame 1748 end
Average processing time of GrabImageRGBD(): 11.1783ms
Frame 1749 end
Average processing time of GrabImageRGBD(): 11.1791ms
Frame 1750 end
Average processing time of GrabImageRGBD(): 11.1964ms
Frame 1751 end
Average processing time of GrabImageRGBD(): 11.1989ms
Frame 1752 end
Average processing time of GrabImageRGBD(): 11.199ms
Frame 1753 end
Average processing time of GrabImageRGBD(): 11.1998ms
Frame 1754 end
Average processing time of GrabImageRGBD(): 11.1999ms
Frame 1755 end
Average processing time of GrabImageRGBD(): 11.202ms
Frame 1756 end
Average processing time of GrabImageRGBD(): 11.2022ms
Frame 1757 end
Average processing time of GrabImageRGBD(): 11.223ms
Frame 1758 end
Average processing time of GrabImageRGBD(): 11.225ms
Frame 1759 end
Average processing time of GrabImageRGBD(): 11.2251ms
Frame 1760 end
Average processing time of GrabImageRGBD(): 11.2259ms
Frame 1761 end
Average processing time of GrabImageRGBD(): 11.2257ms
Frame 1762 end
Average processing time of GrabImageRGBD(): 11.2239ms
Frame 1763 end
Average processing time of GrabImageRGBD(): 11.2244ms
Frame 1764 end
Average processing time of GrabImageRGBD(): 11.2248ms
Frame 1765 end
Average processing time of GrabImageRGBD(): 11.2421ms
Frame 1766 end
Average processing time of GrabImageRGBD(): 11.2433ms
Frame 1767 end
Average processing time of GrabImageRGBD(): 11.2433ms
Frame 1768 end
Average processing time of GrabImageRGBD(): 11.2428ms
Frame 1769 end
Average processing time of GrabImageRGBD(): 11.2422ms
Frame 1770 end
Average processing time of GrabImageRGBD(): 11.2431ms
Frame 1771 end
Average processing time of GrabImageRGBD(): 11.2427ms
Frame 1772 end
Average processing time of GrabImageRGBD(): 11.2583ms
Frame 1773 end
Average processing time of GrabImageRGBD(): 11.2597ms
Frame 1774 end
Average processing time of GrabImageRGBD(): 11.2582ms
Frame 1775 end
Average processing time of GrabImageRGBD(): 11.2581ms
Frame 1776 end
Average processing time of GrabImageRGBD(): 11.2578ms
Frame 1777 end
Average processing time of GrabImageRGBD(): 11.2574ms
Frame 1778 end
Average processing time of GrabImageRGBD(): 11.2571ms
Frame 1779 end
Average processing time of GrabImageRGBD(): 11.2709ms
Frame 1780 end
Average processing time of GrabImageRGBD(): 11.2716ms
Frame 1781 end
Average processing time of GrabImageRGBD(): 11.2718ms
Frame 1782 end
Average processing time of GrabImageRGBD(): 11.2861ms
Frame 1783 end
Average processing time of GrabImageRGBD(): 11.2879ms
Frame 1784 end
Average processing time of GrabImageRGBD(): 11.2882ms
Frame 1785 end
Average processing time of GrabImageRGBD(): 11.2888ms
Frame 1786 end
Average processing time of GrabImageRGBD(): 11.2888ms
Frame 1787 end
Average processing time of GrabImageRGBD(): 11.2863ms
Frame 1788 end
Average processing time of GrabImageRGBD(): 11.2863ms
Frame 1789 end
Average processing time of GrabImageRGBD(): 11.2863ms
Frame 1790 end
Average processing time of GrabImageRGBD(): 11.3014ms
Frame 1791 end
Average processing time of GrabImageRGBD(): 11.3008ms
Frame 1792 end
Average processing time of GrabImageRGBD(): 11.3005ms
Frame 1793 end
Average processing time of GrabImageRGBD(): 11.2997ms
Frame 1794 end
Average processing time of GrabImageRGBD(): 11.2996ms
Frame 1795 end
Average processing time of GrabImageRGBD(): 11.2996ms
Frame 1796 end
Average processing time of GrabImageRGBD(): 11.2979ms
Frame 1797 end
Average processing time of GrabImageRGBD(): 11.2958ms
Frame 1798 end
Average processing time of GrabImageRGBD(): 11.2951ms
Frame 1799 end
Average processing time of GrabImageRGBD(): 11.2953ms
Frame 1800 end
Average processing time of GrabImageRGBD(): 11.2954ms
Frame 1801 end
Average processing time of GrabImageRGBD(): 11.3106ms
Frame 1802 end
Average processing time of GrabImageRGBD(): 11.3123ms
Frame 1803 end
Average processing time of GrabImageRGBD(): 11.3132ms
Frame 1804 end
Average processing time of GrabImageRGBD(): 11.3133ms
Frame 1805 end
Average processing time of GrabImageRGBD(): 11.3138ms
Frame 1806 end
Average processing time of GrabImageRGBD(): 11.3129ms
Frame 1807 end
Average processing time of GrabImageRGBD(): 11.3133ms
Frame 1808 end
Average processing time of GrabImageRGBD(): 11.313ms
Frame 1809 end
Average processing time of GrabImageRGBD(): 11.3133ms
Frame 1810 end
Average processing time of GrabImageRGBD(): 11.3133ms
Frame 1811 end
Average processing time of GrabImageRGBD(): 11.3134ms
Frame 1812 end
Average processing time of GrabImageRGBD(): 11.3113ms
Frame 1813 end
Average processing time of GrabImageRGBD(): 11.3271ms
Frame 1814 end
Average processing time of GrabImageRGBD(): 11.3293ms
Frame 1815 end
Average processing time of GrabImageRGBD(): 11.3297ms
Frame 1816 end
Average processing time of GrabImageRGBD(): 11.3296ms
Frame 1817 end
Average processing time of GrabImageRGBD(): 11.33ms
Frame 1818 end
Average processing time of GrabImageRGBD(): 11.3301ms
Frame 1819 end
Average processing time of GrabImageRGBD(): 11.3302ms
Frame 1820 end
Average processing time of GrabImageRGBD(): 11.3326ms
Frame 1821 end
Average processing time of GrabImageRGBD(): 11.3332ms
Frame 1822 end
Average processing time of GrabImageRGBD(): 11.3332ms
Frame 1823 end
Average processing time of GrabImageRGBD(): 11.3333ms
Frame 1824 end
Average processing time of GrabImageRGBD(): 11.3337ms
Frame 1825 end
Average processing time of GrabImageRGBD(): 11.3336ms
Frame 1826 end
Average processing time of GrabImageRGBD(): 11.3516ms
Frame 1827 end
Average processing time of GrabImageRGBD(): 11.3522ms
Frame 1828 end
Average processing time of GrabImageRGBD(): 11.3683ms
Frame 1829 end
Average processing time of GrabImageRGBD(): 11.3696ms
Frame 1830 end
Average processing time of GrabImageRGBD(): 11.371ms
Frame 1831 end
Average processing time of GrabImageRGBD(): 11.388ms
Frame 1832 end
Average processing time of GrabImageRGBD(): 11.3899ms
Frame 1833 end
Average processing time of GrabImageRGBD(): 11.3906ms
Frame 1834 end
Average processing time of GrabImageRGBD(): 11.3925ms
Frame 1835 end
Average processing time of GrabImageRGBD(): 11.3933ms
Frame 1836 end
Average processing time of GrabImageRGBD(): 11.3946ms
Frame 1837 end
Average processing time of GrabImageRGBD(): 11.3982ms
Frame 1838 end
Average processing time of GrabImageRGBD(): 11.4157ms
Frame 1839 end
Average processing time of GrabImageRGBD(): 11.4166ms
Frame 1840 end
Average processing time of GrabImageRGBD(): 11.4172ms
Frame 1841 end
Average processing time of GrabImageRGBD(): 11.4174ms
Frame 1842 end
Average processing time of GrabImageRGBD(): 11.4171ms
Frame 1843 end
Average processing time of GrabImageRGBD(): 11.4353ms
Frame 1844 end
Average processing time of GrabImageRGBD(): 11.4381ms
Frame 1845 end
Average processing time of GrabImageRGBD(): 11.4385ms
Frame 1846 end
Average processing time of GrabImageRGBD(): 11.4387ms
Frame 1847 end
Average processing time of GrabImageRGBD(): 11.4392ms
Frame 1848 end
Average processing time of GrabImageRGBD(): 11.4397ms
Frame 1849 end
Average processing time of GrabImageRGBD(): 11.4583ms
Frame 1850 end
Average processing time of GrabImageRGBD(): 11.4605ms
Frame 1851 end
Average processing time of GrabImageRGBD(): 11.4611ms
Frame 1852 end
Average processing time of GrabImageRGBD(): 11.4627ms
Frame 1853 end
Average processing time of GrabImageRGBD(): 11.464ms
Frame 1854 end
Average processing time of GrabImageRGBD(): 11.4661ms
Frame 1855 end
Average processing time of GrabImageRGBD(): 11.4655ms
Frame 1856 end
Average processing time of GrabImageRGBD(): 11.4668ms
Frame 1857 end
Average processing time of GrabImageRGBD(): 11.4825ms
Frame 1858 end
Average processing time of GrabImageRGBD(): 11.4854ms
Frame 1859 end
Average processing time of GrabImageRGBD(): 11.4866ms
Frame 1860 end
Average processing time of GrabImageRGBD(): 11.4881ms
Frame 1861 end
Average processing time of GrabImageRGBD(): 11.4878ms
Frame 1862 end
Average processing time of GrabImageRGBD(): 11.4871ms
Frame 1863 end
Average processing time of GrabImageRGBD(): 11.4883ms
Frame 1864 end
Average processing time of GrabImageRGBD(): 11.4888ms
Frame 1865 end
Average processing time of GrabImageRGBD(): 11.4898ms
Frame 1866 end
Average processing time of GrabImageRGBD(): 11.4884ms
Frame 1867 end
Average processing time of GrabImageRGBD(): 11.5076ms
Frame 1868 end
Average processing time of GrabImageRGBD(): 11.5093ms
Frame 1869 end
Average processing time of GrabImageRGBD(): 11.5089ms
Frame 1870 end
Average processing time of GrabImageRGBD(): 11.5095ms
Frame 1871 end
Average processing time of GrabImageRGBD(): 11.5088ms
Frame 1872 end
Average processing time of GrabImageRGBD(): 11.5097ms
Frame 1873 end
Average processing time of GrabImageRGBD(): 11.5269ms
Frame 1874 end
Average processing time of GrabImageRGBD(): 11.5286ms
Frame 1875 end
Average processing time of GrabImageRGBD(): 11.5296ms
Frame 1876 end
Average processing time of GrabImageRGBD(): 11.5311ms
Frame 1877 end
Average processing time of GrabImageRGBD(): 11.5302ms
Frame 1878 end
Average processing time of GrabImageRGBD(): 11.5291ms
Frame 1879 end
Average processing time of GrabImageRGBD(): 11.528ms
Frame 1880 end
Average processing time of GrabImageRGBD(): 11.5271ms
Frame 1881 end
Average processing time of GrabImageRGBD(): 11.5271ms
Frame 1882 end
Average processing time of GrabImageRGBD(): 11.5278ms
Frame 1883 end
Average processing time of GrabImageRGBD(): 11.5294ms
Frame 1884 end
Average processing time of GrabImageRGBD(): 11.5282ms
Frame 1885 end
Average processing time of GrabImageRGBD(): 11.5289ms
Frame 1886 end
Average processing time of GrabImageRGBD(): 11.5284ms
Frame 1887 end
Average processing time of GrabImageRGBD(): 11.529ms
Frame 1888 end
Average processing time of GrabImageRGBD(): 11.5296ms
Frame 1889 end
Average processing time of GrabImageRGBD(): 11.5309ms
Frame 1890 end
Average processing time of GrabImageRGBD(): 11.531ms
Frame 1891 end
Average processing time of GrabImageRGBD(): 11.5327ms
Frame 1892 end
Average processing time of GrabImageRGBD(): 11.5504ms
Frame 1893 end
Average processing time of GrabImageRGBD(): 11.5529ms
Frame 1894 end
Average processing time of GrabImageRGBD(): 11.5537ms
Frame 1895 end
Average processing time of GrabImageRGBD(): 11.5528ms
Frame 1896 end
Average processing time of GrabImageRGBD(): 11.553ms
Frame 1897 end
Average processing time of GrabImageRGBD(): 11.5511ms
Frame 1898 end
Average processing time of GrabImageRGBD(): 11.5515ms
Frame 1899 end
Average processing time of GrabImageRGBD(): 11.5518ms
Frame 1900 end
Average processing time of GrabImageRGBD(): 11.5522ms
Frame 1901 end
Average processing time of GrabImageRGBD(): 11.5516ms
Frame 1902 end
Average processing time of GrabImageRGBD(): 11.5521ms
Frame 1903 end
Average processing time of GrabImageRGBD(): 11.5515ms
Frame 1904 end
Average processing time of GrabImageRGBD(): 11.5522ms
Frame 1905 end
Average processing time of GrabImageRGBD(): 11.5534ms
Frame 1906 end
Average processing time of GrabImageRGBD(): 11.5547ms
Frame 1907 end
Average processing time of GrabImageRGBD(): 11.5552ms
Frame 1908 end
Average processing time of GrabImageRGBD(): 11.5536ms
Frame 1909 end
Average processing time of GrabImageRGBD(): 11.5519ms
Frame 1910 end
Average processing time of GrabImageRGBD(): 11.5664ms
Frame 1911 end
Average processing time of GrabImageRGBD(): 11.5681ms
Frame 1912 end
Average processing time of GrabImageRGBD(): 11.5694ms
Frame 1913 end
Average processing time of GrabImageRGBD(): 11.5694ms
Frame 1914 end
Average processing time of GrabImageRGBD(): 11.5695ms
Frame 1915 end
Average processing time of GrabImageRGBD(): 11.5701ms
Frame 1916 end
Average processing time of GrabImageRGBD(): 11.5703ms
Frame 1917 end
Average processing time of GrabImageRGBD(): 11.5723ms
Frame 1918 end
Average processing time of GrabImageRGBD(): 11.5724ms
Frame 1919 end
Average processing time of GrabImageRGBD(): 11.5725ms
Frame 1920 end
Average processing time of GrabImageRGBD(): 11.5718ms
Frame 1921 end
Average processing time of GrabImageRGBD(): 11.5738ms
Frame 1922 end
Average processing time of GrabImageRGBD(): 11.5742ms
Frame 1923 end
Average processing time of GrabImageRGBD(): 11.5738ms
Frame 1924 end
Average processing time of GrabImageRGBD(): 11.5749ms
Frame 1925 end
Average processing time of GrabImageRGBD(): 11.5748ms
Frame 1926 end
Average processing time of GrabImageRGBD(): 11.5749ms
Frame 1927 end
Average processing time of GrabImageRGBD(): 11.5759ms
Frame 1928 end
Average processing time of GrabImageRGBD(): 11.5758ms
Frame 1929 end
Average processing time of GrabImageRGBD(): 11.5754ms
Frame 1930 end
Average processing time of GrabImageRGBD(): 11.5906ms
Frame 1931 end
Average processing time of GrabImageRGBD(): 11.5932ms
Frame 1932 end
Average processing time of GrabImageRGBD(): 11.594ms
Frame 1933 end
Average processing time of GrabImageRGBD(): 11.5941ms
Frame 1934 end
Average processing time of GrabImageRGBD(): 11.5938ms
Frame 1935 end
Average processing time of GrabImageRGBD(): 11.5936ms
Frame 1936 end
Average processing time of GrabImageRGBD(): 11.5933ms
Frame 1937 end
Average processing time of GrabImageRGBD(): 11.5934ms
Frame 1938 end
Average processing time of GrabImageRGBD(): 11.5936ms
Frame 1939 end
Average processing time of GrabImageRGBD(): 11.5933ms
Frame 1940 end
Average processing time of GrabImageRGBD(): 11.5921ms
Frame 1941 end
Average processing time of GrabImageRGBD(): 11.5934ms
Frame 1942 end
Average processing time of GrabImageRGBD(): 11.5935ms
Frame 1943 end
Average processing time of GrabImageRGBD(): 11.5931ms
Frame 1944 end
Average processing time of GrabImageRGBD(): 11.5921ms
Frame 1945 end
Average processing time of GrabImageRGBD(): 11.5933ms
Frame 1946 end
Average processing time of GrabImageRGBD(): 11.5933ms
Frame 1947 end
Average processing time of GrabImageRGBD(): 11.5942ms
Frame 1948 end
Average processing time of GrabImageRGBD(): 11.594ms
Frame 1949 end
Average processing time of GrabImageRGBD(): 11.5939ms
Frame 1950 end
Average processing time of GrabImageRGBD(): 11.6093ms
Frame 1951 end
Average processing time of GrabImageRGBD(): 11.6113ms
Frame 1952 end
Average processing time of GrabImageRGBD(): 11.6114ms
Frame 1953 end
Average processing time of GrabImageRGBD(): 11.6126ms
Frame 1954 end
Average processing time of GrabImageRGBD(): 11.6136ms
Frame 1955 end
Average processing time of GrabImageRGBD(): 11.615ms
Frame 1956 end
Average processing time of GrabImageRGBD(): 11.613ms
Frame 1957 end
Average processing time of GrabImageRGBD(): 11.612ms
Frame 1958 end
Average processing time of GrabImageRGBD(): 11.6121ms
Frame 1959 end
Average processing time of GrabImageRGBD(): 11.6119ms
Frame 1960 end
Average processing time of GrabImageRGBD(): 11.6123ms
Frame 1961 end
Average processing time of GrabImageRGBD(): 11.6135ms
Frame 1962 end
Average processing time of GrabImageRGBD(): 11.6141ms
Frame 1963 end
Average processing time of GrabImageRGBD(): 11.6147ms
Frame 1964 end
Average processing time of GrabImageRGBD(): 11.6151ms
Frame 1965 end
Average processing time of GrabImageRGBD(): 11.6155ms
Frame 1966 end
Average processing time of GrabImageRGBD(): 11.6157ms
Frame 1967 end
Average processing time of GrabImageRGBD(): 11.6314ms
Frame 1968 end
Average processing time of GrabImageRGBD(): 11.6336ms
Frame 1969 end
Average processing time of GrabImageRGBD(): 11.6343ms
Frame 1970 end
Average processing time of GrabImageRGBD(): 11.6352ms
Frame 1971 end
Average processing time of GrabImageRGBD(): 11.6362ms
Frame 1972 end
Average processing time of GrabImageRGBD(): 11.6372ms
Frame 1973 end
Average processing time of GrabImageRGBD(): 11.6375ms
Frame 1974 end
Average processing time of GrabImageRGBD(): 11.6528ms
Frame 1975 end
Average processing time of GrabImageRGBD(): 11.6539ms
Frame 1976 end
Average processing time of GrabImageRGBD(): 11.6542ms
Frame 1977 end
Average processing time of GrabImageRGBD(): 11.654ms
Frame 1978 end
Average processing time of GrabImageRGBD(): 11.6542ms
Frame 1979 end
Average processing time of GrabImageRGBD(): 11.6551ms
Frame 1980 end
Average processing time of GrabImageRGBD(): 11.6541ms
Frame 1981 end
Average processing time of GrabImageRGBD(): 11.6528ms
Frame 1982 end
Average processing time of GrabImageRGBD(): 11.6532ms
Frame 1983 end
Average processing time of GrabImageRGBD(): 11.6531ms
Frame 1984 end
Average processing time of GrabImageRGBD(): 11.6528ms
Frame 1985 end
Average processing time of GrabImageRGBD(): 11.6524ms
Frame 1986 end
Average processing time of GrabImageRGBD(): 11.6522ms
Frame 1987 end
Average processing time of GrabImageRGBD(): 11.6533ms
Frame 1988 end
Average processing time of GrabImageRGBD(): 11.6547ms
Frame 1989 end
Average processing time of GrabImageRGBD(): 11.6552ms
Frame 1990 end
Average processing time of GrabImageRGBD(): 11.6556ms
Frame 1991 end
Average processing time of GrabImageRGBD(): 11.6692ms
Frame 1992 end
Average processing time of GrabImageRGBD(): 11.6708ms
Frame 1993 end
Average processing time of GrabImageRGBD(): 11.6709ms
Frame 1994 end
Average processing time of GrabImageRGBD(): 11.6706ms
Frame 1995 end
Average processing time of GrabImageRGBD(): 11.6712ms
Frame 1996 end
Average processing time of GrabImageRGBD(): 11.6709ms
Frame 1997 end
Average processing time of GrabImageRGBD(): 11.6715ms
Frame 1998 end
Average processing time of GrabImageRGBD(): 11.6719ms
Frame 1999 end
Average processing time of GrabImageRGBD(): 11.6724ms
Frame 2000 end
Average processing time of GrabImageRGBD(): 11.6729ms
Frame 2001 end
Average processing time of GrabImageRGBD(): 11.6727ms
Frame 2002 end
Average processing time of GrabImageRGBD(): 11.6727ms
Frame 2003 end
Average processing time of GrabImageRGBD(): 11.6733ms
Frame 2004 end
Average processing time of GrabImageRGBD(): 11.6736ms
Frame 2005 end
Average processing time of GrabImageRGBD(): 11.6742ms
Frame 2006 end
Average processing time of GrabImageRGBD(): 11.6748ms
Frame 2007 end
Average processing time of GrabImageRGBD(): 11.6749ms
Frame 2008 end
Average processing time of GrabImageRGBD(): 11.6753ms
Frame 2009 end
Average processing time of GrabImageRGBD(): 11.6741ms
Frame 2010 end
Average processing time of GrabImageRGBD(): 11.6736ms
Frame 2011 end
Average processing time of GrabImageRGBD(): 11.6735ms
Frame 2012 end
Average processing time of GrabImageRGBD(): 11.6738ms
Frame 2013 end
Average processing time of GrabImageRGBD(): 11.6882ms
Frame 2014 end
Average processing time of GrabImageRGBD(): 11.6891ms
Frame 2015 end
Average processing time of GrabImageRGBD(): 11.6894ms
Frame 2016 end
Average processing time of GrabImageRGBD(): 11.6892ms
Frame 2017 end
Average processing time of GrabImageRGBD(): 11.6897ms
Frame 2018 end
Average processing time of GrabImageRGBD(): 11.6897ms
Frame 2019 end
Average processing time of GrabImageRGBD(): 11.6904ms
Frame 2020 end
Average processing time of GrabImageRGBD(): 11.6907ms
Frame 2021 end
Average processing time of GrabImageRGBD(): 11.6902ms
Frame 2022 end
Average processing time of GrabImageRGBD(): 11.6903ms
Frame 2023 end
Average processing time of GrabImageRGBD(): 11.6911ms
Frame 2024 end
Average processing time of GrabImageRGBD(): 11.6907ms
Frame 2025 end
Average processing time of GrabImageRGBD(): 11.7046ms
Frame 2026 end
Average processing time of GrabImageRGBD(): 11.7059ms
Frame 2027 end
Average processing time of GrabImageRGBD(): 11.706ms
Frame 2028 end
Average processing time of GrabImageRGBD(): 11.7064ms
Frame 2029 end
Average processing time of GrabImageRGBD(): 11.7057ms
Frame 2030 end
Average processing time of GrabImageRGBD(): 11.7054ms
Frame 2031 end
Average processing time of GrabImageRGBD(): 11.7055ms
Frame 2032 end
Average processing time of GrabImageRGBD(): 11.7054ms
Frame 2033 end
Average processing time of GrabImageRGBD(): 11.7057ms
Frame 2034 end
Average processing time of GrabImageRGBD(): 11.705ms
Frame 2035 end
Average processing time of GrabImageRGBD(): 11.7036ms
Frame 2036 end
Average processing time of GrabImageRGBD(): 11.7034ms
Frame 2037 end
Average processing time of GrabImageRGBD(): 11.7036ms
Frame 2038 end
Average processing time of GrabImageRGBD(): 11.7031ms
Frame 2039 end
Average processing time of GrabImageRGBD(): 11.7034ms
Frame 2040 end
Average processing time of GrabImageRGBD(): 11.7039ms
Frame 2041 end
Average processing time of GrabImageRGBD(): 11.7042ms
Frame 2042 end
Average processing time of GrabImageRGBD(): 11.7041ms
Frame 2043 end
Average processing time of GrabImageRGBD(): 11.7036ms
Frame 2044 end
Average processing time of GrabImageRGBD(): 11.7038ms
Frame 2045 end
Average processing time of GrabImageRGBD(): 11.704ms
Frame 2046 end
Average processing time of GrabImageRGBD(): 11.7044ms
Frame 2047 end
Average processing time of GrabImageRGBD(): 11.7048ms
Frame 2048 end
Average processing time of GrabImageRGBD(): 11.7183ms
Frame 2049 end
Average processing time of GrabImageRGBD(): 11.7183ms
Frame 2050 end
Average processing time of GrabImageRGBD(): 11.7186ms
Frame 2051 end
Average processing time of GrabImageRGBD(): 11.7179ms
Frame 2052 end
Average processing time of GrabImageRGBD(): 11.7181ms
Frame 2053 end
Average processing time of GrabImageRGBD(): 11.7183ms
Frame 2054 end
Average processing time of GrabImageRGBD(): 11.7172ms
Frame 2055 end
Average processing time of GrabImageRGBD(): 11.7169ms
Frame 2056 end
Average processing time of GrabImageRGBD(): 11.716ms
Frame 2057 end
Average processing time of GrabImageRGBD(): 11.7164ms
Frame 2058 end
Average processing time of GrabImageRGBD(): 11.7159ms
Frame 2059 end
Average processing time of GrabImageRGBD(): 11.7155ms
Frame 2060 end
Average processing time of GrabImageRGBD(): 11.7143ms
Frame 2061 end
Average processing time of GrabImageRGBD(): 11.7144ms
Frame 2062 end
Average processing time of GrabImageRGBD(): 11.7147ms
Frame 2063 end
Average processing time of GrabImageRGBD(): 11.7146ms
Frame 2064 end
Average processing time of GrabImageRGBD(): 11.7152ms
Frame 2065 end
Average processing time of GrabImageRGBD(): 11.7147ms
Frame 2066 end
Average processing time of GrabImageRGBD(): 11.7288ms
Frame 2067 end
Average processing time of GrabImageRGBD(): 11.73ms
Frame 2068 end
Average processing time of GrabImageRGBD(): 11.7302ms
Frame 2069 end
Average processing time of GrabImageRGBD(): 11.7296ms
Frame 2070 end
Average processing time of GrabImageRGBD(): 11.7296ms
Frame 2071 end
Average processing time of GrabImageRGBD(): 11.7295ms
Frame 2072 end
Average processing time of GrabImageRGBD(): 11.7291ms
Frame 2073 end
Average processing time of GrabImageRGBD(): 11.7289ms
Frame 2074 end
Average processing time of GrabImageRGBD(): 11.7274ms
Frame 2075 end
Average processing time of GrabImageRGBD(): 11.727ms
Frame 2076 end
Average processing time of GrabImageRGBD(): 11.7274ms
Frame 2077 end
Average processing time of GrabImageRGBD(): 11.7258ms
Frame 2078 end
Average processing time of GrabImageRGBD(): 11.7261ms
Frame 2079 end
Average processing time of GrabImageRGBD(): 11.726ms
Frame 2080 end
Average processing time of GrabImageRGBD(): 11.726ms
Frame 2081 end
Average processing time of GrabImageRGBD(): 11.7244ms
Frame 2082 end
Average processing time of GrabImageRGBD(): 11.7379ms
Frame 2083 end
Average processing time of GrabImageRGBD(): 11.7382ms
Frame 2084 end
Average processing time of GrabImageRGBD(): 11.7379ms
Frame 2085 end
Average processing time of GrabImageRGBD(): 11.754ms
Frame 2086 end
Average processing time of GrabImageRGBD(): 11.7544ms
Frame 2087 end
Average processing time of GrabImageRGBD(): 11.7539ms
Frame 2088 end
Average processing time of GrabImageRGBD(): 11.7542ms
Frame 2089 end
Average processing time of GrabImageRGBD(): 11.7687ms
Frame 2090 end
Average processing time of GrabImageRGBD(): 11.769ms
Frame 2091 end
Average processing time of GrabImageRGBD(): 11.7688ms
Frame 2092 end
Average processing time of GrabImageRGBD(): 11.7691ms
Frame 2093 end
Average processing time of GrabImageRGBD(): 11.784ms
Frame 2094 end
Average processing time of GrabImageRGBD(): 11.785ms
Frame 2095 end
Average processing time of GrabImageRGBD(): 11.7996ms
Frame 2096 end
Average processing time of GrabImageRGBD(): 11.8003ms
Frame 2097 end
Average processing time of GrabImageRGBD(): 11.8009ms
Frame 2098 end
Average processing time of GrabImageRGBD(): 11.8003ms
Frame 2099 end
Average processing time of GrabImageRGBD(): 11.8007ms
Frame 2100 end
Average processing time of GrabImageRGBD(): 11.801ms
Frame 2101 end
Average processing time of GrabImageRGBD(): 11.8006ms
Frame 2102 end
Average processing time of GrabImageRGBD(): 11.8003ms
Frame 2103 end
Average processing time of GrabImageRGBD(): 11.7996ms
Frame 2104 end
Average processing time of GrabImageRGBD(): 11.7999ms
Frame 2105 end
Average processing time of GrabImageRGBD(): 11.8002ms
Frame 2106 end
Average processing time of GrabImageRGBD(): 11.8002ms
Frame 2107 end
Average processing time of GrabImageRGBD(): 11.7993ms
Frame 2108 end
Average processing time of GrabImageRGBD(): 11.8002ms
Frame 2109 end
Average processing time of GrabImageRGBD(): 11.7993ms
Frame 2110 end
Average processing time of GrabImageRGBD(): 11.7991ms
Frame 2111 end
Average processing time of GrabImageRGBD(): 11.7994ms
Frame 2112 end
Average processing time of GrabImageRGBD(): 11.7988ms
Frame 2113 end
Average processing time of GrabImageRGBD(): 11.7991ms
Frame 2114 end
Average processing time of GrabImageRGBD(): 11.7994ms
Frame 2115 end
Average processing time of GrabImageRGBD(): 11.8ms
Frame 2116 end
Average processing time of GrabImageRGBD(): 11.8139ms
Frame 2117 end
Average processing time of GrabImageRGBD(): 11.8155ms
Frame 2118 end
Average processing time of GrabImageRGBD(): 11.8301ms
Frame 2119 end
Average processing time of GrabImageRGBD(): 11.8312ms
Frame 2120 end
Average processing time of GrabImageRGBD(): 11.8297ms
Frame 2121 end
Average processing time of GrabImageRGBD(): 11.8443ms
Frame 2122 end
Average processing time of GrabImageRGBD(): 11.8456ms
Frame 2123 end
Average processing time of GrabImageRGBD(): 11.8457ms
Frame 2124 end
Average processing time of GrabImageRGBD(): 11.8469ms
Frame 2125 end
Average processing time of GrabImageRGBD(): 11.8473ms
Frame 2126 end
Average processing time of GrabImageRGBD(): 11.8472ms
Frame 2127 end
Average processing time of GrabImageRGBD(): 11.8473ms
Frame 2128 end
Average processing time of GrabImageRGBD(): 11.847ms
Frame 2129 end
Average processing time of GrabImageRGBD(): 11.8473ms
Frame 2130 end
Average processing time of GrabImageRGBD(): 11.848ms
Frame 2131 end
Average processing time of GrabImageRGBD(): 11.8482ms
Frame 2132 end
Average processing time of GrabImageRGBD(): 11.8483ms
Frame 2133 end
Average processing time of GrabImageRGBD(): 11.8486ms
Frame 2134 end
Average processing time of GrabImageRGBD(): 11.8481ms
Frame 2135 end
Average processing time of GrabImageRGBD(): 11.8484ms
Frame 2136 end
Average processing time of GrabImageRGBD(): 11.8495ms
Frame 2137 end
Average processing time of GrabImageRGBD(): 11.8502ms
Frame 2138 end
Average processing time of GrabImageRGBD(): 11.8482ms
Frame 2139 end
Average processing time of GrabImageRGBD(): 11.8488ms
Frame 2140 end
Average processing time of GrabImageRGBD(): 11.8487ms
Frame 2141 end
Average processing time of GrabImageRGBD(): 11.8476ms
Frame 2142 end
Average processing time of GrabImageRGBD(): 11.848ms
Frame 2143 end
Average processing time of GrabImageRGBD(): 11.8478ms
Frame 2144 end
Average processing time of GrabImageRGBD(): 11.8486ms
Frame 2145 end
Average processing time of GrabImageRGBD(): 11.8628ms
Frame 2146 end
Average processing time of GrabImageRGBD(): 11.8782ms
Frame 2147 end
Average processing time of GrabImageRGBD(): 11.8801ms
Frame 2148 end
Average processing time of GrabImageRGBD(): 11.8945ms
Frame 2149 end
Average processing time of GrabImageRGBD(): 11.8959ms
Frame 2150 end
Average processing time of GrabImageRGBD(): 11.8967ms
Frame 2151 end
Average processing time of GrabImageRGBD(): 11.8972ms
Frame 2152 end
Average processing time of GrabImageRGBD(): 11.8976ms
Frame 2153 end
Average processing time of GrabImageRGBD(): 11.8975ms
Frame 2154 end
Average processing time of GrabImageRGBD(): 11.8977ms
Frame 2155 end
Average processing time of GrabImageRGBD(): 11.898ms
Frame 2156 end
Average processing time of GrabImageRGBD(): 11.897ms
Frame 2157 end
Average processing time of GrabImageRGBD(): 11.8974ms
Frame 2158 end
Average processing time of GrabImageRGBD(): 11.8961ms
Frame 2159 end
Average processing time of GrabImageRGBD(): 11.8967ms
Frame 2160 end
Average processing time of GrabImageRGBD(): 11.8978ms
Frame 2161 end
Average processing time of GrabImageRGBD(): 11.8984ms
Frame 2162 end
Average processing time of GrabImageRGBD(): 11.8985ms
Frame 2163 end
Average processing time of GrabImageRGBD(): 11.8974ms
Frame 2164 end
Average processing time of GrabImageRGBD(): 11.8975ms
Frame 2165 end
Average processing time of GrabImageRGBD(): 11.8979ms
Frame 2166 end
Average processing time of GrabImageRGBD(): 11.8983ms
Frame 2167 end
Average processing time of GrabImageRGBD(): 11.8983ms
Frame 2168 end
Average processing time of GrabImageRGBD(): 11.8989ms
Frame 2169 end
Average processing time of GrabImageRGBD(): 11.8997ms
Frame 2170 end
Average processing time of GrabImageRGBD(): 11.899ms
Frame 2171 end
Average processing time of GrabImageRGBD(): 11.9111ms
Frame 2172 end
Average processing time of GrabImageRGBD(): 11.9109ms
Frame 2173 end
Average processing time of GrabImageRGBD(): 11.9114ms
Frame 2174 end
Average processing time of GrabImageRGBD(): 11.9112ms
Frame 2175 end
Average processing time of GrabImageRGBD(): 11.9113ms
Frame 2176 end
Average processing time of GrabImageRGBD(): 11.9114ms
Frame 2177 end
Average processing time of GrabImageRGBD(): 11.9112ms
Frame 2178 end
Average processing time of GrabImageRGBD(): 11.9113ms
Frame 2179 end
Average processing time of GrabImageRGBD(): 11.91ms
Frame 2180 end
Average processing time of GrabImageRGBD(): 11.9102ms
Frame 2181 end
Average processing time of GrabImageRGBD(): 11.9096ms
Frame 2182 end
Average processing time of GrabImageRGBD(): 11.9087ms
Frame 2183 end
Average processing time of GrabImageRGBD(): 11.9092ms
Frame 2184 end
Average processing time of GrabImageRGBD(): 11.9097ms
Frame 2185 end
Average processing time of GrabImageRGBD(): 11.9093ms
Frame 2186 end
Average processing time of GrabImageRGBD(): 11.9089ms
Frame 2187 end
Average processing time of GrabImageRGBD(): 11.9217ms
Frame 2188 end
Average processing time of GrabImageRGBD(): 11.9228ms
Frame 2189 end
Average processing time of GrabImageRGBD(): 11.9241ms
Frame 2190 end
Average processing time of GrabImageRGBD(): 11.9228ms
Frame 2191 end
Average processing time of GrabImageRGBD(): 11.9361ms
Frame 2192 end
Average processing time of GrabImageRGBD(): 11.9433ms
Frame 2193 end
Average processing time of GrabImageRGBD(): 11.9439ms
Frame 2194 end
Average processing time of GrabImageRGBD(): 11.9577ms
Frame 2195 end
Average processing time of GrabImageRGBD(): 11.9581ms
Frame 2196 end
Average processing time of GrabImageRGBD(): 11.9581ms
Frame 2197 end
Average processing time of GrabImageRGBD(): 11.9587ms
Frame 2198 end
Average processing time of GrabImageRGBD(): 11.9732ms
Frame 2199 end
Average processing time of GrabImageRGBD(): 11.9743ms
Frame 2200 end
Average processing time of GrabImageRGBD(): 11.9754ms
Frame 2201 end
Average processing time of GrabImageRGBD(): 11.9752ms
Frame 2202 end
Average processing time of GrabImageRGBD(): 11.9767ms
Frame 2203 end
Average processing time of GrabImageRGBD(): 11.9906ms
Frame 2204 end
Average processing time of GrabImageRGBD(): 11.9917ms
Frame 2205 end
Average processing time of GrabImageRGBD(): 11.992ms
Frame 2206 end
Average processing time of GrabImageRGBD(): 11.9917ms
Frame 2207 end
Average processing time of GrabImageRGBD(): 11.9931ms
Frame 2208 end
Average processing time of GrabImageRGBD(): 12.0096ms
Frame 2209 end
Average processing time of GrabImageRGBD(): 12.0099ms
Frame 2210 end
Average processing time of GrabImageRGBD(): 12.0422ms
Frame 2211 end
Average processing time of GrabImageRGBD(): 12.0428ms
Frame 2212 end
Average processing time of GrabImageRGBD(): 12.0547ms
Frame 2213 end
Average processing time of GrabImageRGBD(): 12.056ms
Frame 2214 end
Average processing time of GrabImageRGBD(): 12.0743ms
Frame 2215 end
Average processing time of GrabImageRGBD(): 12.0767ms
Frame 2216 end
Average processing time of GrabImageRGBD(): 12.0777ms
Frame 2217 end
Average processing time of GrabImageRGBD(): 12.0777ms
Frame 2218 end
Average processing time of GrabImageRGBD(): 12.0901ms
Frame 2219 end
Average processing time of GrabImageRGBD(): 12.0906ms
Frame 2220 end
Average processing time of GrabImageRGBD(): 12.1097ms
Frame 2221 end
Average processing time of GrabImageRGBD(): 12.1107ms
Frame 2222 end
Average processing time of GrabImageRGBD(): 12.1109ms
Frame 2223 end
Average processing time of GrabImageRGBD(): 12.1118ms
Frame 2224 end
Average processing time of GrabImageRGBD(): 12.1244ms
Frame 2225 end
Average processing time of GrabImageRGBD(): 12.1266ms
Frame 2226 end
Average processing time of GrabImageRGBD(): 12.1263ms
Frame 2227 end
Average processing time of GrabImageRGBD(): 12.1261ms
Frame 2228 end
Average processing time of GrabImageRGBD(): 12.1254ms
Frame 2229 end
Average processing time of GrabImageRGBD(): 12.1264ms
Frame 2230 end
Average processing time of GrabImageRGBD(): 12.1255ms
Frame 2231 end
Average processing time of GrabImageRGBD(): 12.1259ms
Frame 2232 end
Average processing time of GrabImageRGBD(): 12.1371ms
Frame 2233 end
Average processing time of GrabImageRGBD(): 12.1393ms
Frame 2234 end
Average processing time of GrabImageRGBD(): 12.1548ms
Frame 2235 end
Average processing time of GrabImageRGBD(): 12.156ms
Frame 2236 end
Average processing time of GrabImageRGBD(): 12.1558ms
Frame 2237 end
Average processing time of GrabImageRGBD(): 12.1554ms
Frame 2238 end
Average processing time of GrabImageRGBD(): 12.1541ms
Frame 2239 end
Average processing time of GrabImageRGBD(): 12.1533ms
Frame 2240 end
Average processing time of GrabImageRGBD(): 12.1536ms
Frame 2241 end
Average processing time of GrabImageRGBD(): 12.1542ms
Frame 2242 end
Average processing time of GrabImageRGBD(): 12.1539ms
Frame 2243 end
Average processing time of GrabImageRGBD(): 12.1651ms
Frame 2244 end
Average processing time of GrabImageRGBD(): 12.1796ms
Frame 2245 end
Average processing time of GrabImageRGBD(): 12.1936ms
Frame 2246 end
Average processing time of GrabImageRGBD(): 12.1948ms
Frame 2247 end
Average processing time of GrabImageRGBD(): 12.1954ms
Frame 2248 end
Average processing time of GrabImageRGBD(): 12.1951ms
Frame 2249 end
Average processing time of GrabImageRGBD(): 12.1949ms
Frame 2250 end
Average processing time of GrabImageRGBD(): 12.195ms
Frame 2251 end
Average processing time of GrabImageRGBD(): 12.1958ms
Frame 2252 end
Average processing time of GrabImageRGBD(): 12.1967ms
Frame 2253 end
Average processing time of GrabImageRGBD(): 12.1976ms
Frame 2254 end
Average processing time of GrabImageRGBD(): 12.1978ms
Frame 2255 end
Average processing time of GrabImageRGBD(): 12.198ms
Frame 2256 end
Average processing time of GrabImageRGBD(): 12.1985ms
Frame 2257 end
Average processing time of GrabImageRGBD(): 12.1987ms
Frame 2258 end
Average processing time of GrabImageRGBD(): 12.1981ms
Frame 2259 end
Average processing time of GrabImageRGBD(): 12.1986ms
Frame 2260 end
Average processing time of GrabImageRGBD(): 12.2118ms
Frame 2261 end
Average processing time of GrabImageRGBD(): 12.225ms
Frame 2262 end
Average processing time of GrabImageRGBD(): 12.226ms
Frame 2263 end
Average processing time of GrabImageRGBD(): 12.2261ms
Frame 2264 end
Average processing time of GrabImageRGBD(): 12.2267ms
Frame 2265 end
Average processing time of GrabImageRGBD(): 12.227ms
Frame 2266 end
Average processing time of GrabImageRGBD(): 12.2279ms
Frame 2267 end
Average processing time of GrabImageRGBD(): 12.2277ms
Frame 2268 end
Average processing time of GrabImageRGBD(): 12.2281ms
Frame 2269 end
Average processing time of GrabImageRGBD(): 12.2277ms
Frame 2270 end
Average processing time of GrabImageRGBD(): 12.2276ms
Frame 2271 end
Average processing time of GrabImageRGBD(): 12.2272ms
Frame 2272 end
Average processing time of GrabImageRGBD(): 12.228ms
Frame 2273 end
Average processing time of GrabImageRGBD(): 12.2279ms
Frame 2274 end
Average processing time of GrabImageRGBD(): 12.2272ms
Frame 2275 end
Average processing time of GrabImageRGBD(): 12.2394ms
Frame 2276 end
Average processing time of GrabImageRGBD(): 12.2403ms
Frame 2277 end
Average processing time of GrabImageRGBD(): 12.2401ms
Frame 2278 end
Average processing time of GrabImageRGBD(): 12.2403ms
Frame 2279 end
Average processing time of GrabImageRGBD(): 12.2402ms
Frame 2280 end
Average processing time of GrabImageRGBD(): 12.2395ms
Frame 2281 end
Average processing time of GrabImageRGBD(): 12.2394ms
Frame 2282 end
Average processing time of GrabImageRGBD(): 12.2388ms
Frame 2283 end
Average processing time of GrabImageRGBD(): 12.2392ms
Frame 2284 end
Average processing time of GrabImageRGBD(): 12.239ms
Frame 2285 end
Average processing time of GrabImageRGBD(): 12.2383ms
Frame 2286 end
Average processing time of GrabImageRGBD(): 12.2385ms
Frame 2287 end
Average processing time of GrabImageRGBD(): 12.2377ms
Frame 2288 end
Average processing time of GrabImageRGBD(): 12.2364ms
Frame 2289 end
Average processing time of GrabImageRGBD(): 12.2366ms
Frame 2290 end
Average processing time of GrabImageRGBD(): 12.2367ms
Frame 2291 end
Average processing time of GrabImageRGBD(): 12.2478ms
Frame 2292 end
Average processing time of GrabImageRGBD(): 12.2501ms
Frame 2293 end
Average processing time of GrabImageRGBD(): 12.2508ms
Frame 2294 end
Average processing time of GrabImageRGBD(): 12.2495ms
Frame 2295 end
Average processing time of GrabImageRGBD(): 12.2503ms
Frame 2296 end
Average processing time of GrabImageRGBD(): 12.251ms
Frame 2297 end
Average processing time of GrabImageRGBD(): 12.2516ms
Frame 2298 end
Average processing time of GrabImageRGBD(): 12.2523ms
Frame 2299 end
Average processing time of GrabImageRGBD(): 12.2529ms
Frame 2300 end
Average processing time of GrabImageRGBD(): 12.2535ms
Frame 2301 end
Average processing time of GrabImageRGBD(): 12.2527ms
Frame 2302 end
Average processing time of GrabImageRGBD(): 12.253ms
Frame 2303 end
Average processing time of GrabImageRGBD(): 12.2538ms
Frame 2304 end
Average processing time of GrabImageRGBD(): 12.2541ms
Frame 2305 end
Average processing time of GrabImageRGBD(): 12.2536ms
Frame 2306 end
Average processing time of GrabImageRGBD(): 12.2652ms
Frame 2307 end
Average processing time of GrabImageRGBD(): 12.266ms
Frame 2308 end
Average processing time of GrabImageRGBD(): 12.2658ms
Frame 2309 end
Average processing time of GrabImageRGBD(): 12.2652ms
Frame 2310 end
Average processing time of GrabImageRGBD(): 12.2658ms
Frame 2311 end
Average processing time of GrabImageRGBD(): 12.2672ms
Frame 2312 end
Average processing time of GrabImageRGBD(): 12.2791ms
Frame 2313 end
Average processing time of GrabImageRGBD(): 12.2797ms
Frame 2314 end
Average processing time of GrabImageRGBD(): 12.2804ms
Frame 2315 end
Average processing time of GrabImageRGBD(): 12.2956ms
Frame 2316 end
Average processing time of GrabImageRGBD(): 12.2966ms
Frame 2317 end
Average processing time of GrabImageRGBD(): 12.2964ms
Frame 2318 end
Average processing time of GrabImageRGBD(): 12.2957ms
Frame 2319 end
Average processing time of GrabImageRGBD(): 12.2954ms
Frame 2320 end
Average processing time of GrabImageRGBD(): 12.2953ms
Frame 2321 end
Average processing time of GrabImageRGBD(): 12.3069ms
Frame 2322 end
Average processing time of GrabImageRGBD(): 12.3068ms
Frame 2323 end
Average processing time of GrabImageRGBD(): 12.3068ms
Frame 2324 end
Average processing time of GrabImageRGBD(): 12.3048ms
Frame 2325 end
Average processing time of GrabImageRGBD(): 12.3166ms
Frame 2326 end
Average processing time of GrabImageRGBD(): 12.3165ms
Frame 2327 end
Average processing time of GrabImageRGBD(): 12.3162ms
Frame 2328 end
Average processing time of GrabImageRGBD(): 12.3154ms
Frame 2329 end
Average processing time of GrabImageRGBD(): 12.3145ms
Frame 2330 end
Average processing time of GrabImageRGBD(): 12.3138ms
Frame 2331 end
Average processing time of GrabImageRGBD(): 12.3137ms
Frame 2332 end
Average processing time of GrabImageRGBD(): 12.3127ms
Frame 2333 end
Average processing time of GrabImageRGBD(): 12.312ms
Frame 2334 end
Average processing time of GrabImageRGBD(): 12.3113ms
Frame 2335 end
Average processing time of GrabImageRGBD(): 12.3107ms
Frame 2336 end
Average processing time of GrabImageRGBD(): 12.3091ms
Frame 2337 end
Average processing time of GrabImageRGBD(): 12.3064ms
Frame 2338 end
Average processing time of GrabImageRGBD(): 12.3043ms
Frame 2339 end
Average processing time of GrabImageRGBD(): 12.3033ms
Frame 2340 end
Average processing time of GrabImageRGBD(): 12.3026ms
Frame 2341 end
Average processing time of GrabImageRGBD(): 12.3138ms
Frame 2342 end
Average processing time of GrabImageRGBD(): 12.3119ms
Frame 2343 end
Average processing time of GrabImageRGBD(): 12.3105ms
Frame 2344 end
Average processing time of GrabImageRGBD(): 12.3093ms
Frame 2345 end
Average processing time of GrabImageRGBD(): 12.3197ms
Frame 2346 end
Average processing time of GrabImageRGBD(): 12.3192ms
Frame 2347 end
Average processing time of GrabImageRGBD(): 12.3179ms
Frame 2348 end
Average processing time of GrabImageRGBD(): 12.3171ms
Frame 2349 end
Average processing time of GrabImageRGBD(): 12.3322ms
Frame 2350 end
Average processing time of GrabImageRGBD(): 12.332ms
Frame 2351 end
Average processing time of GrabImageRGBD(): 12.3305ms
Frame 2352 end
Average processing time of GrabImageRGBD(): 12.3415ms
Frame 2353 end
Average processing time of GrabImageRGBD(): 12.3403ms
Frame 2354 end
Average processing time of GrabImageRGBD(): 12.3393ms
Frame 2355 end
Average processing time of GrabImageRGBD(): 12.35ms
Frame 2356 end
Average processing time of GrabImageRGBD(): 12.3617ms
Frame 2357 end
Average processing time of GrabImageRGBD(): 12.3615ms
Frame 2358 end
Average processing time of GrabImageRGBD(): 12.3586ms
Frame 2359 end
Average processing time of GrabImageRGBD(): 12.3563ms
Frame 2360 end
Average processing time of GrabImageRGBD(): 12.355ms
Frame 2361 end
Average processing time of GrabImageRGBD(): 12.3541ms
Frame 2362 end
Average processing time of GrabImageRGBD(): 12.3654ms
Frame 2363 end
Average processing time of GrabImageRGBD(): 12.3655ms
Frame 2364 end
Average processing time of GrabImageRGBD(): 12.3632ms
Frame 2365 end
Average processing time of GrabImageRGBD(): 12.3621ms
Frame 2366 end
Average processing time of GrabImageRGBD(): 12.3611ms
Frame 2367 end
Average processing time of GrabImageRGBD(): 12.3602ms
Frame 2368 end
Average processing time of GrabImageRGBD(): 12.3594ms
Frame 2369 end
Average processing time of GrabImageRGBD(): 12.3576ms
Frame 2370 end
Average processing time of GrabImageRGBD(): 12.3565ms
Frame 2371 end
Average processing time of GrabImageRGBD(): 12.3548ms
Frame 2372 end
Average processing time of GrabImageRGBD(): 12.3536ms
Frame 2373 end
Average processing time of GrabImageRGBD(): 12.366ms
Frame 2374 end
Average processing time of GrabImageRGBD(): 12.366ms
Frame 2375 end
Average processing time of GrabImageRGBD(): 12.3651ms
Frame 2376 end
Average processing time of GrabImageRGBD(): 12.3639ms
Frame 2377 end
Average processing time of GrabImageRGBD(): 12.3617ms
Frame 2378 end
Average processing time of GrabImageRGBD(): 12.3607ms
Frame 2379 end
Average processing time of GrabImageRGBD(): 12.3583ms
Frame 2380 end
Average processing time of GrabImageRGBD(): 12.3575ms
Frame 2381 end
Average processing time of GrabImageRGBD(): 12.3557ms
Frame 2382 end
Average processing time of GrabImageRGBD(): 12.3549ms
Frame 2383 end
Average processing time of GrabImageRGBD(): 12.354ms
Frame 2384 end
Average processing time of GrabImageRGBD(): 12.3662ms
Frame 2385 end
Average processing time of GrabImageRGBD(): 12.3659ms
Frame 2386 end
Average processing time of GrabImageRGBD(): 12.3653ms
Frame 2387 end
Average processing time of GrabImageRGBD(): 12.364ms
Frame 2388 end
Average processing time of GrabImageRGBD(): 12.3633ms
Frame 2389 end
Average processing time of GrabImageRGBD(): 12.3623ms
Frame 2390 end
Average processing time of GrabImageRGBD(): 12.3611ms
Frame 2391 end
Average processing time of GrabImageRGBD(): 12.3593ms
Frame 2392 end
Average processing time of GrabImageRGBD(): 12.3582ms
Frame 2393 end
Average processing time of GrabImageRGBD(): 12.3743ms
Frame 2394 end
Average processing time of GrabImageRGBD(): 12.3743ms
Frame 2395 end
Average processing time of GrabImageRGBD(): 12.3719ms
Frame 2396 end
Average processing time of GrabImageRGBD(): 12.3701ms
Frame 2397 end
Average processing time of GrabImageRGBD(): 12.3679ms
Frame 2398 end
Average processing time of GrabImageRGBD(): 12.3672ms
Frame 2399 end
Average processing time of GrabImageRGBD(): 12.3658ms
Frame 2400 end
Average processing time of GrabImageRGBD(): 12.3638ms
Frame 2401 end
Average processing time of GrabImageRGBD(): 12.3627ms
Frame 2402 end
Average processing time of GrabImageRGBD(): 12.3616ms
Frame 2403 end
Average processing time of GrabImageRGBD(): 12.3601ms
Frame 2404 end
Average processing time of GrabImageRGBD(): 12.3581ms
Frame 2405 end
Average processing time of GrabImageRGBD(): 12.3568ms
Frame 2406 end
Average processing time of GrabImageRGBD(): 12.3549ms
Frame 2407 end
Average processing time of GrabImageRGBD(): 12.3657ms
Frame 2408 end
Average processing time of GrabImageRGBD(): 12.3774ms
Frame 2409 end
Average processing time of GrabImageRGBD(): 12.3763ms
Frame 2410 end
Average processing time of GrabImageRGBD(): 12.3742ms
Frame 2411 end
Average processing time of GrabImageRGBD(): 12.3729ms
Frame 2412 end
Average processing time of GrabImageRGBD(): 12.3697ms
Frame 2413 end
Average processing time of GrabImageRGBD(): 12.3671ms
Frame 2414 end
Average processing time of GrabImageRGBD(): 12.366ms
Frame 2415 end
Average processing time of GrabImageRGBD(): 12.3651ms
Frame 2416 end
Average processing time of GrabImageRGBD(): 12.363ms
Frame 2417 end
Average processing time of GrabImageRGBD(): 12.3609ms
Frame 2418 end
Average processing time of GrabImageRGBD(): 12.3589ms
Frame 2419 end
Average processing time of GrabImageRGBD(): 12.3576ms
Frame 2420 end
Average processing time of GrabImageRGBD(): 12.3733ms
Frame 2421 end
Average processing time of GrabImageRGBD(): 12.3733ms
Frame 2422 end
Average processing time of GrabImageRGBD(): 12.3702ms
Frame 2423 end
Average processing time of GrabImageRGBD(): 12.3679ms
Frame 2424 end
Average processing time of GrabImageRGBD(): 12.3653ms
Frame 2425 end
Average processing time of GrabImageRGBD(): 12.3646ms
Frame 2426 end
Average processing time of GrabImageRGBD(): 12.3637ms
Frame 2427 end
Average processing time of GrabImageRGBD(): 12.362ms
Frame 2428 end
Average processing time of GrabImageRGBD(): 12.3608ms
Frame 2429 end
Average processing time of GrabImageRGBD(): 12.359ms
Frame 2430 end
Average processing time of GrabImageRGBD(): 12.3588ms
Frame 2431 end
Average processing time of GrabImageRGBD(): 12.3579ms
Frame 2432 end
Average processing time of GrabImageRGBD(): 12.3571ms
Frame 2433 end
Average processing time of GrabImageRGBD(): 12.3558ms
Frame 2434 end
Average processing time of GrabImageRGBD(): 12.3673ms
Frame 2435 end
Average processing time of GrabImageRGBD(): 12.3672ms
Frame 2436 end
Average processing time of GrabImageRGBD(): 12.3657ms
Frame 2437 end
Average processing time of GrabImageRGBD(): 12.365ms
Frame 2438 end
Average processing time of GrabImageRGBD(): 12.3642ms
Frame 2439 end
Average processing time of GrabImageRGBD(): 12.3632ms
Frame 2440 end
Average processing time of GrabImageRGBD(): 12.362ms
Frame 2441 end
Average processing time of GrabImageRGBD(): 12.361ms
Frame 2442 end
Average processing time of GrabImageRGBD(): 12.36ms
Frame 2443 end
Average processing time of GrabImageRGBD(): 12.359ms
Frame 2444 end
Average processing time of GrabImageRGBD(): 12.3697ms
Frame 2445 end
Average processing time of GrabImageRGBD(): 12.3688ms
Frame 2446 end
Average processing time of GrabImageRGBD(): 12.3678ms
Frame 2447 end
Average processing time of GrabImageRGBD(): 12.3668ms
Frame 2448 end
Average processing time of GrabImageRGBD(): 12.366ms
Frame 2449 end
Average processing time of GrabImageRGBD(): 12.3647ms
Frame 2450 end
Average processing time of GrabImageRGBD(): 12.3637ms
Frame 2451 end
Average processing time of GrabImageRGBD(): 12.3619ms
Frame 2452 end
Average processing time of GrabImageRGBD(): 12.3611ms
Frame 2453 end
Average processing time of GrabImageRGBD(): 12.3712ms
Frame 2454 end
Average processing time of GrabImageRGBD(): 12.371ms
Frame 2455 end
Average processing time of GrabImageRGBD(): 12.3697ms
Frame 2456 end
Average processing time of GrabImageRGBD(): 12.3685ms
Frame 2457 end
Average processing time of GrabImageRGBD(): 12.3681ms
Frame 2458 end
Average processing time of GrabImageRGBD(): 12.3667ms
Frame 2459 end
Average processing time of GrabImageRGBD(): 12.3661ms
Frame 2460 end
Average processing time of GrabImageRGBD(): 12.3651ms
Frame 2461 end
Average processing time of GrabImageRGBD(): 12.3646ms
Frame 2462 end
Average processing time of GrabImageRGBD(): 12.364ms
Frame 2463 end
Average processing time of GrabImageRGBD(): 12.3628ms
Frame 2464 end
Average processing time of GrabImageRGBD(): 12.3615ms
Frame 2465 end
Average processing time of GrabImageRGBD(): 12.3605ms
Frame 2466 end
Average processing time of GrabImageRGBD(): 12.3594ms
Frame 2467 end
Average processing time of GrabImageRGBD(): 12.3582ms
Frame 2468 end
Average processing time of GrabImageRGBD(): 12.3574ms
Frame 2469 end
Average processing time of GrabImageRGBD(): 12.3678ms
Frame 2470 end
Average processing time of GrabImageRGBD(): 12.3795ms
Frame 2471 end
Average processing time of GrabImageRGBD(): 12.3784ms
Frame 2472 end
Average processing time of GrabImageRGBD(): 12.3785ms
Frame 2473 end
Average processing time of GrabImageRGBD(): 12.3778ms
Frame 2474 end
Average processing time of GrabImageRGBD(): 12.3762ms
Frame 2475 end
Average processing time of GrabImageRGBD(): 12.3756ms
Frame 2476 end
Average processing time of GrabImageRGBD(): 12.3751ms
Frame 2477 end
Average processing time of GrabImageRGBD(): 12.3732ms
Frame 2478 end
Average processing time of GrabImageRGBD(): 12.3707ms
Frame 2479 end
Average processing time of GrabImageRGBD(): 12.3688ms
Frame 2480 end
Average processing time of GrabImageRGBD(): 12.3676ms
Frame 2481 end
Average processing time of GrabImageRGBD(): 12.3657ms
Frame 2482 end
Average processing time of GrabImageRGBD(): 12.3641ms
Frame 2483 end
Average processing time of GrabImageRGBD(): 12.3625ms
Frame 2484 end
Average processing time of GrabImageRGBD(): 12.3595ms
Frame 2485 end
Average processing time of GrabImageRGBD(): 12.3583ms
Frame 2486 end
Average processing time of GrabImageRGBD(): 12.3563ms
Frame 2487 end
Average processing time of GrabImageRGBD(): 12.355ms
Frame 2488 end
Average processing time of GrabImageRGBD(): 12.3535ms
Frame 2489 end
Average processing time of GrabImageRGBD(): 12.3525ms
Frame 2490 end
Average processing time of GrabImageRGBD(): 12.3626ms
Frame 2491 end
Average processing time of GrabImageRGBD(): 12.3623ms
Frame 2492 end
Average processing time of GrabImageRGBD(): 12.3604ms
Frame 2493 end
Average processing time of GrabImageRGBD(): 12.3589ms
Frame 2494 end
Average processing time of GrabImageRGBD(): 12.3559ms
Frame 2495 end
Average processing time of GrabImageRGBD(): 12.3547ms
Frame 2496 end
Average processing time of GrabImageRGBD(): 12.3523ms
Frame 2497 end
Average processing time of GrabImageRGBD(): 12.3492ms
Frame 2498 end
Average processing time of GrabImageRGBD(): 12.3471ms
Frame 2499 end
Average processing time of GrabImageRGBD(): 12.3455ms
Frame 2500 end
Average processing time of GrabImageRGBD(): 12.3446ms
Frame 2501 end
Average processing time of GrabImageRGBD(): 12.3442ms
Frame 2502 end
Average processing time of GrabImageRGBD(): 12.3412ms
Frame 2503 end
Average processing time of GrabImageRGBD(): 12.3416ms
Frame 2504 end
Average processing time of GrabImageRGBD(): 12.34ms
Frame 2505 end
Average processing time of GrabImageRGBD(): 12.3376ms
Frame 2506 end
Average processing time of GrabImageRGBD(): 12.3347ms
Frame 2507 end
Average processing time of GrabImageRGBD(): 12.3439ms
Frame 2508 end
Average processing time of GrabImageRGBD(): 12.3437ms
Frame 2509 end
Average processing time of GrabImageRGBD(): 12.343ms
Frame 2510 end
Average processing time of GrabImageRGBD(): 12.3411ms
Frame 2511 end
Average processing time of GrabImageRGBD(): 12.34ms
Frame 2512 end
Average processing time of GrabImageRGBD(): 12.3381ms
Frame 2513 end
Average processing time of GrabImageRGBD(): 12.3374ms
Frame 2514 end
Average processing time of GrabImageRGBD(): 12.3358ms
Frame 2515 end
Average processing time of GrabImageRGBD(): 12.3346ms
Frame 2516 end
Average processing time of GrabImageRGBD(): 12.3337ms
Frame 2517 end
Average processing time of GrabImageRGBD(): 12.3332ms
Frame 2518 end
Average processing time of GrabImageRGBD(): 12.3313ms
Frame 2519 end
Average processing time of GrabImageRGBD(): 12.3305ms
Frame 2520 end
Average processing time of GrabImageRGBD(): 12.3415ms
Frame 2521 end
Average processing time of GrabImageRGBD(): 12.3419ms
Frame 2522 end
Average processing time of GrabImageRGBD(): 12.3413ms
Frame 2523 end
Average processing time of GrabImageRGBD(): 12.3406ms
Frame 2524 end
Average processing time of GrabImageRGBD(): 12.3402ms
Frame 2525 end
Average processing time of GrabImageRGBD(): 12.3393ms
Frame 2526 end
Average processing time of GrabImageRGBD(): 12.3384ms
Frame 2527 end
Average processing time of GrabImageRGBD(): 12.3371ms
Frame 2528 end
Average processing time of GrabImageRGBD(): 12.3363ms
Frame 2529 end
Average processing time of GrabImageRGBD(): 12.3357ms
Frame 2530 end
Average processing time of GrabImageRGBD(): 12.3338ms
Frame 2531 end
Average processing time of GrabImageRGBD(): 12.3331ms
Frame 2532 end
Average processing time of GrabImageRGBD(): 12.3305ms
Frame 2533 end
Average processing time of GrabImageRGBD(): 12.3402ms
Frame 2534 end
Average processing time of GrabImageRGBD(): 12.34ms
Frame 2535 end
Average processing time of GrabImageRGBD(): 12.3398ms
Frame 2536 end
Average processing time of GrabImageRGBD(): 12.3392ms
Frame 2537 end
Average processing time of GrabImageRGBD(): 12.3382ms
Frame 2538 end
Average processing time of GrabImageRGBD(): 12.3383ms
Frame 2539 end
Average processing time of GrabImageRGBD(): 12.338ms
Frame 2540 end
Average processing time of GrabImageRGBD(): 12.3374ms
Frame 2541 end
Average processing time of GrabImageRGBD(): 12.3358ms
Frame 2542 end
Average processing time of GrabImageRGBD(): 12.3353ms
Frame 2543 end
Average processing time of GrabImageRGBD(): 12.3339ms
Frame 2544 end
Average processing time of GrabImageRGBD(): 12.3498ms
Frame 2545 end
Average processing time of GrabImageRGBD(): 12.349ms
Frame 2546 end
Average processing time of GrabImageRGBD(): 12.3484ms
Frame 2547 end
Average processing time of GrabImageRGBD(): 12.3472ms
Frame 2548 end
Average processing time of GrabImageRGBD(): 12.347ms
Frame 2549 end
Average processing time of GrabImageRGBD(): 12.347ms
Frame 2550 end
Average processing time of GrabImageRGBD(): 12.3471ms
Frame 2551 end
Average processing time of GrabImageRGBD(): 12.3472ms
Frame 2552 end
Average processing time of GrabImageRGBD(): 12.3449ms
Frame 2553 end
Average processing time of GrabImageRGBD(): 12.344ms
Frame 2554 end
Average processing time of GrabImageRGBD(): 12.3444ms
Frame 2555 end
Average processing time of GrabImageRGBD(): 12.3442ms
Frame 2556 end
Average processing time of GrabImageRGBD(): 12.342ms
Frame 2557 end
Average processing time of GrabImageRGBD(): 12.3522ms
Frame 2558 end
Average processing time of GrabImageRGBD(): 12.3508ms
Frame 2559 end
Average processing time of GrabImageRGBD(): 12.3502ms
Frame 2560 end
Average processing time of GrabImageRGBD(): 12.35ms
Frame 2561 end
Average processing time of GrabImageRGBD(): 12.3498ms
Frame 2562 end
Average processing time of GrabImageRGBD(): 12.3497ms
Frame 2563 end
Average processing time of GrabImageRGBD(): 12.3496ms
Frame 2564 end
Average processing time of GrabImageRGBD(): 12.3495ms
Frame 2565 end
Average processing time of GrabImageRGBD(): 12.3491ms
Frame 2566 end
Average processing time of GrabImageRGBD(): 12.3489ms
Frame 2567 end
Average processing time of GrabImageRGBD(): 12.3489ms
Frame 2568 end
Average processing time of GrabImageRGBD(): 12.3596ms
Frame 2569 end
Average processing time of GrabImageRGBD(): 12.3597ms
Frame 2570 end
Average processing time of GrabImageRGBD(): 12.3597ms
Frame 2571 end
Average processing time of GrabImageRGBD(): 12.3598ms
Frame 2572 end
Average processing time of GrabImageRGBD(): 12.3595ms
Frame 2573 end
Average processing time of GrabImageRGBD(): 12.3594ms
Frame 2574 end
Average processing time of GrabImageRGBD(): 12.3591ms
Frame 2575 end
Average processing time of GrabImageRGBD(): 12.3593ms
Frame 2576 end
Average processing time of GrabImageRGBD(): 12.3594ms
Frame 2577 end
Average processing time of GrabImageRGBD(): 12.359ms
Frame 2578 end
Average processing time of GrabImageRGBD(): 12.3583ms
Frame 2579 end
Average processing time of GrabImageRGBD(): 12.3583ms
Frame 2580 end
Average processing time of GrabImageRGBD(): 12.3683ms
Frame 2581 end
Average processing time of GrabImageRGBD(): 12.3683ms
Frame 2582 end
Average processing time of GrabImageRGBD(): 12.3679ms
Frame 2583 end
Average processing time of GrabImageRGBD(): 12.3679ms
Frame 2584 end
Average processing time of GrabImageRGBD(): 12.3683ms
Frame 2585 end
Average processing time of GrabImageRGBD(): 12.3673ms
Frame 2586 end
Average processing time of GrabImageRGBD(): 12.3674ms
Frame 2587 end
Average processing time of GrabImageRGBD(): 12.367ms
Frame 2588 end
Average processing time of GrabImageRGBD(): 12.3661ms
Frame 2589 end
Average processing time of GrabImageRGBD(): 12.3663ms
Frame 2590 end
Average processing time of GrabImageRGBD(): 12.3665ms
Frame 2591 end
Average processing time of GrabImageRGBD(): 12.3663ms
Frame 2592 end
Average processing time of GrabImageRGBD(): 12.3764ms
Frame 2593 end
Average processing time of GrabImageRGBD(): 12.3759ms
Frame 2594 end
Average processing time of GrabImageRGBD(): 12.3765ms
Frame 2595 end
Average processing time of GrabImageRGBD(): 12.3768ms
Frame 2596 end
Average processing time of GrabImageRGBD(): 12.3774ms
Frame 2597 end
Average processing time of GrabImageRGBD(): 12.3779ms
Frame 2598 end
Average processing time of GrabImageRGBD(): 12.3777ms
Frame 2599 end
Average processing time of GrabImageRGBD(): 12.378ms
Frame 2600 end
Average processing time of GrabImageRGBD(): 12.3779ms
Frame 2601 end
Average processing time of GrabImageRGBD(): 12.3774ms
Frame 2602 end
Average processing time of GrabImageRGBD(): 12.3781ms
Frame 2603 end
Average processing time of GrabImageRGBD(): 12.3891ms
Frame 2604 end
Average processing time of GrabImageRGBD(): 12.3896ms
Frame 2605 end
Average processing time of GrabImageRGBD(): 12.3894ms
Frame 2606 end
Average processing time of GrabImageRGBD(): 12.3882ms
Frame 2607 end
Average processing time of GrabImageRGBD(): 12.3883ms
Frame 2608 end
Average processing time of GrabImageRGBD(): 12.3888ms
Frame 2609 end
Average processing time of GrabImageRGBD(): 12.3894ms
Frame 2610 end
Average processing time of GrabImageRGBD(): 12.3899ms
Frame 2611 end
Average processing time of GrabImageRGBD(): 12.3903ms
Frame 2612 end
Average processing time of GrabImageRGBD(): 12.3897ms
Frame 2613 end
Average processing time of GrabImageRGBD(): 12.3899ms
Frame 2614 end
Average processing time of GrabImageRGBD(): 12.3901ms
Frame 2615 end
Average processing time of GrabImageRGBD(): 12.3903ms
Frame 2616 end
Average processing time of GrabImageRGBD(): 12.4004ms
Frame 2617 end
Average processing time of GrabImageRGBD(): 12.4012ms
Frame 2618 end
Average processing time of GrabImageRGBD(): 12.4015ms
Frame 2619 end
Average processing time of GrabImageRGBD(): 12.4019ms
Frame 2620 end
Average processing time of GrabImageRGBD(): 12.4023ms
Frame 2621 end
Average processing time of GrabImageRGBD(): 12.4014ms
Frame 2622 end
Average processing time of GrabImageRGBD(): 12.4018ms
Frame 2623 end
Average processing time of GrabImageRGBD(): 12.4016ms
Frame 2624 end
Average processing time of GrabImageRGBD(): 12.4019ms
Frame 2625 end
Average processing time of GrabImageRGBD(): 12.4022ms
Frame 2626 end
Average processing time of GrabImageRGBD(): 12.4019ms
Frame 2627 end
Average processing time of GrabImageRGBD(): 12.4009ms
Frame 2628 end
Average processing time of GrabImageRGBD(): 12.4125ms
Frame 2629 end
Average processing time of GrabImageRGBD(): 12.4127ms
Frame 2630 end
Average processing time of GrabImageRGBD(): 12.4124ms
Frame 2631 end
Average processing time of GrabImageRGBD(): 12.4124ms
Frame 2632 end
Average processing time of GrabImageRGBD(): 12.4121ms
Frame 2633 end
Average processing time of GrabImageRGBD(): 12.4124ms
Frame 2634 end
Average processing time of GrabImageRGBD(): 12.4115ms
Frame 2635 end
Average processing time of GrabImageRGBD(): 12.4121ms
Frame 2636 end
Average processing time of GrabImageRGBD(): 12.4114ms
Frame 2637 end
Average processing time of GrabImageRGBD(): 12.4122ms
Frame 2638 end
Average processing time of GrabImageRGBD(): 12.4222ms
Frame 2639 end
Average processing time of GrabImageRGBD(): 12.4226ms
Frame 2640 end
Average processing time of GrabImageRGBD(): 12.4223ms
Frame 2641 end
Average processing time of GrabImageRGBD(): 12.4223ms
Frame 2642 end
Average processing time of GrabImageRGBD(): 12.4211ms
Frame 2643 end
Average processing time of GrabImageRGBD(): 12.4208ms
Frame 2644 end
Average processing time of GrabImageRGBD(): 12.4204ms
Frame 2645 end
Average processing time of GrabImageRGBD(): 12.4216ms
Frame 2646 end
Average processing time of GrabImageRGBD(): 12.4219ms
Frame 2647 end
Average processing time of GrabImageRGBD(): 12.4222ms
Frame 2648 end
Average processing time of GrabImageRGBD(): 12.4229ms
Frame 2649 end
Average processing time of GrabImageRGBD(): 12.4342ms
Frame 2650 end
Average processing time of GrabImageRGBD(): 12.4352ms
Frame 2651 end
Average processing time of GrabImageRGBD(): 12.4345ms
Frame 2652 end
Average processing time of GrabImageRGBD(): 12.435ms
Frame 2653 end
Average processing time of GrabImageRGBD(): 12.4348ms
Frame 2654 end
Average processing time of GrabImageRGBD(): 12.4351ms
Frame 2655 end
Average processing time of GrabImageRGBD(): 12.4349ms
Frame 2656 end
Average processing time of GrabImageRGBD(): 12.4353ms
Frame 2657 end
Average processing time of GrabImageRGBD(): 12.4354ms
Frame 2658 end
Average processing time of GrabImageRGBD(): 12.4356ms
Frame 2659 end
Average processing time of GrabImageRGBD(): 12.4362ms
Frame 2660 end
Average processing time of GrabImageRGBD(): 12.4465ms
Frame 2661 end
Average processing time of GrabImageRGBD(): 12.4482ms
Frame 2662 end
Average processing time of GrabImageRGBD(): 12.448ms
Frame 2663 end
Average processing time of GrabImageRGBD(): 12.4486ms
Frame 2664 end
Average processing time of GrabImageRGBD(): 12.4482ms
Frame 2665 end
Average processing time of GrabImageRGBD(): 12.4498ms
Frame 2666 end
Average processing time of GrabImageRGBD(): 12.4502ms
Frame 2667 end
Average processing time of GrabImageRGBD(): 12.4507ms
Frame 2668 end
Average processing time of GrabImageRGBD(): 12.4503ms
Frame 2669 end
Average processing time of GrabImageRGBD(): 12.4607ms
Frame 2670 end
Average processing time of GrabImageRGBD(): 12.4609ms
Frame 2671 end
Average processing time of GrabImageRGBD(): 12.4617ms
Frame 2672 end
Average processing time of GrabImageRGBD(): 12.4607ms
Frame 2673 end
Average processing time of GrabImageRGBD(): 12.4613ms
Frame 2674 end
Average processing time of GrabImageRGBD(): 12.4611ms
Frame 2675 end
Average processing time of GrabImageRGBD(): 12.4615ms
Frame 2676 end
Average processing time of GrabImageRGBD(): 12.461ms
Frame 2677 end
Average processing time of GrabImageRGBD(): 12.4606ms
Frame 2678 end
Average processing time of GrabImageRGBD(): 12.4713ms
Frame 2679 end
Average processing time of GrabImageRGBD(): 12.4715ms
Frame 2680 end
Average processing time of GrabImageRGBD(): 12.4713ms
Frame 2681 end
Average processing time of GrabImageRGBD(): 12.4709ms
Frame 2682 end
Average processing time of GrabImageRGBD(): 12.4712ms
Frame 2683 end
Average processing time of GrabImageRGBD(): 12.471ms
Frame 2684 end
Average processing time of GrabImageRGBD(): 12.4713ms
Frame 2685 end
Average processing time of GrabImageRGBD(): 12.4717ms
Frame 2686 end
Average processing time of GrabImageRGBD(): 12.4712ms
Frame 2687 end
Average processing time of GrabImageRGBD(): 12.4815ms
Frame 2688 end
Average processing time of GrabImageRGBD(): 12.4829ms
Frame 2689 end
Average processing time of GrabImageRGBD(): 12.4836ms
Frame 2690 end
Average processing time of GrabImageRGBD(): 12.4835ms
Frame 2691 end
Average processing time of GrabImageRGBD(): 12.4832ms
Frame 2692 end
Average processing time of GrabImageRGBD(): 12.483ms
Frame 2693 end
Average processing time of GrabImageRGBD(): 12.4833ms
Frame 2694 end
Average processing time of GrabImageRGBD(): 12.4836ms
Frame 2695 end
Average processing time of GrabImageRGBD(): 12.4829ms
Frame 2696 end
Average processing time of GrabImageRGBD(): 12.4828ms
Frame 2697 end
Average processing time of GrabImageRGBD(): 12.4929ms
Frame 2698 end
Average processing time of GrabImageRGBD(): 12.4934ms
Frame 2699 end
Average processing time of GrabImageRGBD(): 12.4934ms
Frame 2700 end
Average processing time of GrabImageRGBD(): 12.494ms
Frame 2701 end
Average processing time of GrabImageRGBD(): 12.4946ms
Frame 2702 end
Average processing time of GrabImageRGBD(): 12.4949ms
Frame 2703 end
Average processing time of GrabImageRGBD(): 12.4943ms
Frame 2704 end
Average processing time of GrabImageRGBD(): 12.4933ms
Frame 2705 end
Average processing time of GrabImageRGBD(): 12.4933ms
Frame 2706 end
Average processing time of GrabImageRGBD(): 12.4927ms
Frame 2707 end
Average processing time of GrabImageRGBD(): 12.4923ms
Frame 2708 end
Average processing time of GrabImageRGBD(): 12.502ms
Frame 2709 end
Average processing time of GrabImageRGBD(): 12.502ms
Frame 2710 end
Average processing time of GrabImageRGBD(): 12.5014ms
Frame 2711 end
Average processing time of GrabImageRGBD(): 12.5013ms
Frame 2712 end
Average processing time of GrabImageRGBD(): 12.502ms
Frame 2713 end
Average processing time of GrabImageRGBD(): 12.5007ms
Frame 2714 end
Average processing time of GrabImageRGBD(): 12.5007ms
Frame 2715 end
Average processing time of GrabImageRGBD(): 12.5002ms
Frame 2716 end
Average processing time of GrabImageRGBD(): 12.5002ms
Frame 2717 end
Average processing time of GrabImageRGBD(): 12.5003ms
Frame 2718 end
Average processing time of GrabImageRGBD(): 12.5004ms
Frame 2719 end
Average processing time of GrabImageRGBD(): 12.5098ms
Frame 2720 end
Average processing time of GrabImageRGBD(): 12.5105ms
Frame 2721 end
Average processing time of GrabImageRGBD(): 12.5093ms
Frame 2722 end
Average processing time of GrabImageRGBD(): 12.5079ms
Frame 2723 end
Average processing time of GrabImageRGBD(): 12.5076ms
Frame 2724 end
Average processing time of GrabImageRGBD(): 12.507ms
Frame 2725 end
Average processing time of GrabImageRGBD(): 12.5074ms
Frame 2726 end
Average processing time of GrabImageRGBD(): 12.5064ms
Frame 2727 end
Average processing time of GrabImageRGBD(): 12.5052ms
Frame 2728 end
Average processing time of GrabImageRGBD(): 12.5052ms
Frame 2729 end
Average processing time of GrabImageRGBD(): 12.5154ms
Frame 2730 end
Average processing time of GrabImageRGBD(): 12.5159ms
Frame 2731 end
Average processing time of GrabImageRGBD(): 12.5159ms
Frame 2732 end
Average processing time of GrabImageRGBD(): 12.5155ms
Frame 2733 end
Average processing time of GrabImageRGBD(): 12.5136ms
Frame 2734 end
Average processing time of GrabImageRGBD(): 12.5129ms
Frame 2735 end
Average processing time of GrabImageRGBD(): 12.5133ms
Frame 2736 end
Average processing time of GrabImageRGBD(): 12.5131ms
Frame 2737 end
Average processing time of GrabImageRGBD(): 12.5136ms
Frame 2738 end
Average processing time of GrabImageRGBD(): 12.5128ms
Frame 2739 end
Average processing time of GrabImageRGBD(): 12.5224ms
Frame 2740 end
Average processing time of GrabImageRGBD(): 12.5228ms
Frame 2741 end
Average processing time of GrabImageRGBD(): 12.5218ms
Frame 2742 end
Average processing time of GrabImageRGBD(): 12.5213ms
Frame 2743 end
Average processing time of GrabImageRGBD(): 12.5207ms
Frame 2744 end
Average processing time of GrabImageRGBD(): 12.5199ms
Frame 2745 end
Average processing time of GrabImageRGBD(): 12.5193ms
Frame 2746 end
Average processing time of GrabImageRGBD(): 12.5185ms
Frame 2747 end
Average processing time of GrabImageRGBD(): 12.5185ms
Frame 2748 end
Average processing time of GrabImageRGBD(): 12.5183ms
Frame 2749 end
Average processing time of GrabImageRGBD(): 12.5201ms
Frame 2750 end
Average processing time of GrabImageRGBD(): 12.5289ms
Frame 2751 end
Average processing time of GrabImageRGBD(): 12.5297ms
Frame 2752 end
Average processing time of GrabImageRGBD(): 12.5291ms
Frame 2753 end
Average processing time of GrabImageRGBD(): 12.5287ms
Frame 2754 end
Average processing time of GrabImageRGBD(): 12.5285ms
Frame 2755 end
Average processing time of GrabImageRGBD(): 12.528ms
Frame 2756 end
Average processing time of GrabImageRGBD(): 12.5271ms
Frame 2757 end
Average processing time of GrabImageRGBD(): 12.5262ms
Frame 2758 end
Average processing time of GrabImageRGBD(): 12.5255ms
Frame 2759 end
Average processing time of GrabImageRGBD(): 12.5252ms
Frame 2760 end
Average processing time of GrabImageRGBD(): 12.5342ms
Frame 2761 end
Average processing time of GrabImageRGBD(): 12.5344ms
Frame 2762 end
Average processing time of GrabImageRGBD(): 12.5333ms
Frame 2763 end
Average processing time of GrabImageRGBD(): 12.5325ms
Frame 2764 end
Average processing time of GrabImageRGBD(): 12.5318ms
Frame 2765 end
Average processing time of GrabImageRGBD(): 12.5305ms
Frame 2766 end
Average processing time of GrabImageRGBD(): 12.5299ms
Frame 2767 end
Average processing time of GrabImageRGBD(): 12.5282ms
Frame 2768 end
Average processing time of GrabImageRGBD(): 12.5276ms
Frame 2769 end
Average processing time of GrabImageRGBD(): 12.5269ms
Frame 2770 end
Average processing time of GrabImageRGBD(): 12.5267ms
Frame 2771 end
Average processing time of GrabImageRGBD(): 12.5356ms
Frame 2772 end
Average processing time of GrabImageRGBD(): 12.5352ms
Frame 2773 end
Average processing time of GrabImageRGBD(): 12.5351ms
Frame 2774 end
Average processing time of GrabImageRGBD(): 12.5345ms
Frame 2775 end
Average processing time of GrabImageRGBD(): 12.5341ms
Frame 2776 end
Average processing time of GrabImageRGBD(): 12.5336ms
Frame 2777 end
Average processing time of GrabImageRGBD(): 12.5332ms
Frame 2778 end
Average processing time of GrabImageRGBD(): 12.542ms
Frame 2779 end
Average processing time of GrabImageRGBD(): 12.5415ms
Frame 2780 end
Average processing time of GrabImageRGBD(): 12.5413ms
Frame 2781 end
Average processing time of GrabImageRGBD(): 12.5408ms
Frame 2782 end
Average processing time of GrabImageRGBD(): 12.5407ms
Frame 2783 end
Average processing time of GrabImageRGBD(): 12.5401ms
Frame 2784 end
Average processing time of GrabImageRGBD(): 12.5402ms
Frame 2785 end
Average processing time of GrabImageRGBD(): 12.5397ms
Frame 2786 end
Average processing time of GrabImageRGBD(): 12.5391ms
Frame 2787 end
Average processing time of GrabImageRGBD(): 12.5374ms
Frame 2788 end
Average processing time of GrabImageRGBD(): 12.5455ms
Frame 2789 end
Average processing time of GrabImageRGBD(): 12.5461ms
Frame 2790 end
Average processing time of GrabImageRGBD(): 12.5459ms
Frame 2791 end
Average processing time of GrabImageRGBD(): 12.546ms
Frame 2792 end
Average processing time of GrabImageRGBD(): 12.5458ms
Frame 2793 end
Average processing time of GrabImageRGBD(): 12.5451ms
Frame 2794 end
Average processing time of GrabImageRGBD(): 12.5446ms
Frame 2795 end
Average processing time of GrabImageRGBD(): 12.5441ms
Frame 2796 end
Average processing time of GrabImageRGBD(): 12.5436ms
Frame 2797 end
Average processing time of GrabImageRGBD(): 12.5431ms
Frame 2798 end
Average processing time of GrabImageRGBD(): 12.5424ms
Frame 2799 end
Average processing time of GrabImageRGBD(): 12.5511ms
Frame 2800 end
Average processing time of GrabImageRGBD(): 12.5514ms
Frame 2801 end
Average processing time of GrabImageRGBD(): 12.5509ms
Frame 2802 end
Average processing time of GrabImageRGBD(): 12.5506ms
Frame 2803 end
Average processing time of GrabImageRGBD(): 12.5503ms
Frame 2804 end
Average processing time of GrabImageRGBD(): 12.5496ms
Frame 2805 end
Average processing time of GrabImageRGBD(): 12.549ms
Frame 2806 end
Average processing time of GrabImageRGBD(): 12.5486ms
Frame 2807 end
Average processing time of GrabImageRGBD(): 12.5479ms
Frame 2808 end
Average processing time of GrabImageRGBD(): 12.5475ms
Frame 2809 end
Average processing time of GrabImageRGBD(): 12.5608ms
Frame 2810 end
Average processing time of GrabImageRGBD(): 12.561ms
Frame 2811 end
Average processing time of GrabImageRGBD(): 12.561ms
Frame 2812 end
Average processing time of GrabImageRGBD(): 12.5605ms
Frame 2813 end
Average processing time of GrabImageRGBD(): 12.5604ms
Frame 2814 end
Average processing time of GrabImageRGBD(): 12.559ms
Frame 2815 end
Average processing time of GrabImageRGBD(): 12.5573ms
Frame 2816 end
Average processing time of GrabImageRGBD(): 12.5567ms
Frame 2817 end
Average processing time of GrabImageRGBD(): 12.5653ms
Frame 2818 end
Average processing time of GrabImageRGBD(): 12.5651ms
Frame 2819 end
Average processing time of GrabImageRGBD(): 12.5646ms
Frame 2820 end
Average processing time of GrabImageRGBD(): 12.5639ms
Frame 2821 end
Average processing time of GrabImageRGBD(): 12.5633ms
Frame 2822 end
Average processing time of GrabImageRGBD(): 12.5633ms
Frame 2823 end
Average processing time of GrabImageRGBD(): 12.5628ms
Frame 2824 end
Average processing time of GrabImageRGBD(): 12.562ms
Frame 2825 end
Average processing time of GrabImageRGBD(): 12.5611ms
Frame 2826 end
Average processing time of GrabImageRGBD(): 12.5699ms
Frame 2827 end
Average processing time of GrabImageRGBD(): 12.5703ms
Frame 2828 end
Average processing time of GrabImageRGBD(): 12.57ms
Frame 2829 end
Average processing time of GrabImageRGBD(): 12.5684ms
Frame 2830 end
Average processing time of GrabImageRGBD(): 12.5683ms
Frame 2831 end
Average processing time of GrabImageRGBD(): 12.5681ms
Frame 2832 end
Average processing time of GrabImageRGBD(): 12.5679ms
Frame 2833 end
Average processing time of GrabImageRGBD(): 12.5671ms
Frame 2834 end
Average processing time of GrabImageRGBD(): 12.5666ms
Frame 2835 end
Average processing time of GrabImageRGBD(): 12.5762ms
Frame 2836 end
Average processing time of GrabImageRGBD(): 12.5761ms
Frame 2837 end
Average processing time of GrabImageRGBD(): 12.5763ms
Frame 2838 end
Average processing time of GrabImageRGBD(): 12.5765ms
Frame 2839 end
Average processing time of GrabImageRGBD(): 12.5762ms
Frame 2840 end
Average processing time of GrabImageRGBD(): 12.5767ms
Frame 2841 end
Average processing time of GrabImageRGBD(): 12.5765ms
Frame 2842 end
Average processing time of GrabImageRGBD(): 12.5756ms
Frame 2843 end
Average processing time of GrabImageRGBD(): 12.5763ms
Frame 2844 end
Average processing time of GrabImageRGBD(): 12.5756ms
Frame 2845 end
Average processing time of GrabImageRGBD(): 12.5851ms
Frame 2846 end
Average processing time of GrabImageRGBD(): 12.5857ms
Frame 2847 end
Average processing time of GrabImageRGBD(): 12.5866ms
Frame 2848 end
Average processing time of GrabImageRGBD(): 12.5857ms
Frame 2849 end
Average processing time of GrabImageRGBD(): 12.5851ms
Frame 2850 end
Average processing time of GrabImageRGBD(): 12.5834ms
Frame 2851 end
Average processing time of GrabImageRGBD(): 12.5834ms
Frame 2852 end
Average processing time of GrabImageRGBD(): 12.5829ms
Frame 2853 end
Average processing time of GrabImageRGBD(): 12.5915ms
Frame 2854 end
Average processing time of GrabImageRGBD(): 12.5915ms
Frame 2855 end
Average processing time of GrabImageRGBD(): 12.5913ms
Frame 2856 end
Average processing time of GrabImageRGBD(): 12.5915ms
Frame 2857 end
Average processing time of GrabImageRGBD(): 12.5927ms
Frame 2858 end
Average processing time of GrabImageRGBD(): 12.5924ms
Frame 2859 end
Average processing time of GrabImageRGBD(): 12.5925ms
Frame 2860 end
Average processing time of GrabImageRGBD(): 12.5921ms
Frame 2861 end
Average processing time of GrabImageRGBD(): 12.5916ms
Frame 2862 end
Average processing time of GrabImageRGBD(): 12.5999ms
Frame 2863 end
Average processing time of GrabImageRGBD(): 12.6001ms
Frame 2864 end
Average processing time of GrabImageRGBD(): 12.5996ms
Frame 2865 end
Average processing time of GrabImageRGBD(): 12.5981ms
Frame 2866 end
Average processing time of GrabImageRGBD(): 12.5976ms
Frame 2867 end
Average processing time of GrabImageRGBD(): 12.5977ms
Frame 2868 end
Average processing time of GrabImageRGBD(): 12.5963ms
Frame 2869 end
Average processing time of GrabImageRGBD(): 12.6077ms
Frame 2870 end
Average processing time of GrabImageRGBD(): 12.6081ms
Frame 2871 end
Average processing time of GrabImageRGBD(): 12.6061ms
Frame 2872 end
Average processing time of GrabImageRGBD(): 12.6055ms
Frame 2873 end
Average processing time of GrabImageRGBD(): 12.6052ms
Frame 2874 end
Average processing time of GrabImageRGBD(): 12.6046ms
Frame 2875 end
Average processing time of GrabImageRGBD(): 12.604ms
Frame 2876 end
Average processing time of GrabImageRGBD(): 12.6129ms
Frame 2877 end
Average processing time of GrabImageRGBD(): 12.613ms
Frame 2878 end
Average processing time of GrabImageRGBD(): 12.613ms
Frame 2879 end
Average processing time of GrabImageRGBD(): 12.6126ms
Frame 2880 end
Average processing time of GrabImageRGBD(): 12.6126ms
Frame 2881 end
Average processing time of GrabImageRGBD(): 12.6123ms
Frame 2882 end
Average processing time of GrabImageRGBD(): 12.6113ms
Frame 2883 end
Average processing time of GrabImageRGBD(): 12.6206ms
Frame 2884 end
Average processing time of GrabImageRGBD(): 12.6212ms
Frame 2885 end
Average processing time of GrabImageRGBD(): 12.6214ms
Frame 2886 end
Average processing time of GrabImageRGBD(): 12.6208ms
Frame 2887 end
Average processing time of GrabImageRGBD(): 12.6198ms
Frame 2888 end
Average processing time of GrabImageRGBD(): 12.6194ms
Frame 2889 end
Average processing time of GrabImageRGBD(): 12.6195ms
Frame 2890 end
Average processing time of GrabImageRGBD(): 12.6285ms
Frame 2891 end
Average processing time of GrabImageRGBD(): 12.6287ms
Frame 2892 end
Average processing time of GrabImageRGBD(): 12.6289ms
Frame 2893 end
Average processing time of GrabImageRGBD(): 12.6291ms
Frame 2894 end
Average processing time of GrabImageRGBD(): 12.6285ms
Frame 2895 end
Average processing time of GrabImageRGBD(): 12.6285ms
Frame 2896 end
Average processing time of GrabImageRGBD(): 12.6282ms
Frame 2897 end
Average processing time of GrabImageRGBD(): 12.628ms
Frame 2898 end
Average processing time of GrabImageRGBD(): 12.6363ms
Frame 2899 end
Average processing time of GrabImageRGBD(): 12.6363ms
Frame 2900 end
Average processing time of GrabImageRGBD(): 12.6362ms
Frame 2901 end
Average processing time of GrabImageRGBD(): 12.6349ms
Frame 2902 end
Average processing time of GrabImageRGBD(): 12.6345ms
Frame 2903 end
Average processing time of GrabImageRGBD(): 12.6343ms
Frame 2904 end
Average processing time of GrabImageRGBD(): 12.6342ms
Frame 2905 end
Average processing time of GrabImageRGBD(): 12.6344ms
Frame 2906 end
Average processing time of GrabImageRGBD(): 12.6436ms
Frame 2907 end
Average processing time of GrabImageRGBD(): 12.644ms
Frame 2908 end
Average processing time of GrabImageRGBD(): 12.6445ms
Frame 2909 end
Average processing time of GrabImageRGBD(): 12.6444ms
Frame 2910 end
Average processing time of GrabImageRGBD(): 12.6446ms
Frame 2911 end
Average processing time of GrabImageRGBD(): 12.6486ms
Frame 2912 end
Average processing time of GrabImageRGBD(): 12.6509ms
Frame 2913 end
Average processing time of GrabImageRGBD(): 12.6509ms
Frame 2914 end
Average processing time of GrabImageRGBD(): 12.6599ms
Frame 2915 end
Average processing time of GrabImageRGBD(): 12.662ms
Frame 2916 end
Average processing time of GrabImageRGBD(): 12.6623ms
Frame 2917 end
Average processing time of GrabImageRGBD(): 12.6624ms
Frame 2918 end
Average processing time of GrabImageRGBD(): 12.6626ms
Frame 2919 end
Average processing time of GrabImageRGBD(): 12.6627ms
Frame 2920 end
Average processing time of GrabImageRGBD(): 12.6624ms
Frame 2921 end
Average processing time of GrabImageRGBD(): 12.6714ms
Frame 2922 end
Average processing time of GrabImageRGBD(): 12.6716ms
Frame 2923 end
Average processing time of GrabImageRGBD(): 12.6711ms
Frame 2924 end
Average processing time of GrabImageRGBD(): 12.6697ms
Frame 2925 end
Average processing time of GrabImageRGBD(): 12.6694ms
Frame 2926 end
Average processing time of GrabImageRGBD(): 12.6688ms
Frame 2927 end
Average processing time of GrabImageRGBD(): 12.6685ms
Frame 2928 end
Average processing time of GrabImageRGBD(): 12.6682ms
Frame 2929 end
Average processing time of GrabImageRGBD(): 12.6766ms
Frame 2930 end
Average processing time of GrabImageRGBD(): 12.6765ms
Frame 2931 end
Average processing time of GrabImageRGBD(): 12.6758ms
Frame 2932 end
Average processing time of GrabImageRGBD(): 12.6742ms
Frame 2933 end
Average processing time of GrabImageRGBD(): 12.6737ms
Frame 2934 end
Average processing time of GrabImageRGBD(): 12.6737ms
Frame 2935 end
Average processing time of GrabImageRGBD(): 12.6729ms
Frame 2936 end
Average processing time of GrabImageRGBD(): 12.672ms
Frame 2937 end
Average processing time of GrabImageRGBD(): 12.6802ms
Frame 2938 end
Average processing time of GrabImageRGBD(): 12.6802ms
Frame 2939 end
Average processing time of GrabImageRGBD(): 12.6789ms
Frame 2940 end
Average processing time of GrabImageRGBD(): 12.6785ms
Frame 2941 end
Average processing time of GrabImageRGBD(): 12.6773ms
Frame 2942 end
Average processing time of GrabImageRGBD(): 12.677ms
Frame 2943 end
Average processing time of GrabImageRGBD(): 12.6764ms
Frame 2944 end
Average processing time of GrabImageRGBD(): 12.676ms
Frame 2945 end
Average processing time of GrabImageRGBD(): 12.6837ms
Frame 2946 end
Average processing time of GrabImageRGBD(): 12.6832ms
Frame 2947 end
Average processing time of GrabImageRGBD(): 12.6829ms
Frame 2948 end
Average processing time of GrabImageRGBD(): 12.6818ms
Frame 2949 end
Average processing time of GrabImageRGBD(): 12.6814ms
Frame 2950 end
Average processing time of GrabImageRGBD(): 12.6808ms
Frame 2951 end
Average processing time of GrabImageRGBD(): 12.6799ms
Frame 2952 end
Average processing time of GrabImageRGBD(): 12.6897ms
Frame 2953 end
Average processing time of GrabImageRGBD(): 12.69ms
Frame 2954 end
Average processing time of GrabImageRGBD(): 12.6895ms
Frame 2955 end
Average processing time of GrabImageRGBD(): 12.6891ms
Frame 2956 end
Average processing time of GrabImageRGBD(): 12.6886ms
Frame 2957 end
Average processing time of GrabImageRGBD(): 12.688ms
Frame 2958 end
Average processing time of GrabImageRGBD(): 12.6878ms
Frame 2959 end
Average processing time of GrabImageRGBD(): 12.6874ms
Frame 2960 end
Average processing time of GrabImageRGBD(): 12.6959ms
Frame 2961 end
Average processing time of GrabImageRGBD(): 12.6949ms
Frame 2962 end
Average processing time of GrabImageRGBD(): 12.695ms
Frame 2963 end
Average processing time of GrabImageRGBD(): 12.6943ms
Frame 2964 end
Average processing time of GrabImageRGBD(): 12.6938ms
Frame 2965 end
Average processing time of GrabImageRGBD(): 12.6941ms
Frame 2966 end
Average processing time of GrabImageRGBD(): 12.6924ms
Frame 2967 end
Average processing time of GrabImageRGBD(): 12.6909ms
Frame 2968 end
Average processing time of GrabImageRGBD(): 12.69ms
Frame 2969 end
Average processing time of GrabImageRGBD(): 12.689ms
Frame 2970 end
Average processing time of GrabImageRGBD(): 12.6885ms
Frame 2971 end
Average processing time of GrabImageRGBD(): 12.6869ms
Frame 2972 end
Average processing time of GrabImageRGBD(): 12.6861ms
Frame 2973 end
Average processing time of GrabImageRGBD(): 12.6845ms
Frame 2974 end
Average processing time of GrabImageRGBD(): 12.6838ms
Frame 2975 end
Average processing time of GrabImageRGBD(): 12.6925ms
Frame 2976 end
Average processing time of GrabImageRGBD(): 12.6923ms
Frame 2977 end
Average processing time of GrabImageRGBD(): 12.691ms
Frame 2978 end
Average processing time of GrabImageRGBD(): 12.6908ms
Frame 2979 end
Average processing time of GrabImageRGBD(): 12.6909ms
Frame 2980 end
Average processing time of GrabImageRGBD(): 12.6906ms
Frame 2981 end
Average processing time of GrabImageRGBD(): 12.6902ms
Frame 2982 end
Average processing time of GrabImageRGBD(): 12.6898ms
Frame 2983 end
Average processing time of GrabImageRGBD(): 12.6975ms
Frame 2984 end
Average processing time of GrabImageRGBD(): 12.6971ms
Frame 2985 end
Average processing time of GrabImageRGBD(): 12.6964ms
Frame 2986 end
Average processing time of GrabImageRGBD(): 12.6962ms
Frame 2987 end
Average processing time of GrabImageRGBD(): 12.695ms
Frame 2988 end
Average processing time of GrabImageRGBD(): 12.6933ms
Frame 2989 end
Average processing time of GrabImageRGBD(): 12.6928ms
Frame 2990 end
Average processing time of GrabImageRGBD(): 12.6922ms
Frame 2991 end
Average processing time of GrabImageRGBD(): 12.7ms
Frame 2992 end
Average processing time of GrabImageRGBD(): 12.7ms
Frame 2993 end
Average processing time of GrabImageRGBD(): 12.6995ms
Frame 2994 end
Average processing time of GrabImageRGBD(): 12.6991ms
Frame 2995 end
Average processing time of GrabImageRGBD(): 12.6984ms
Frame 2996 end
Average processing time of GrabImageRGBD(): 12.6978ms
Frame 2997 end
Average processing time of GrabImageRGBD(): 12.6972ms
Frame 2998 end
Average processing time of GrabImageRGBD(): 12.6965ms
Frame 2999 end
Average processing time of GrabImageRGBD(): 12.7047ms
Frame 3000 end
Average processing time of GrabImageRGBD(): 12.7044ms
Frame 3001 end
Average processing time of GrabImageRGBD(): 12.7039ms
Frame 3002 end
Average processing time of GrabImageRGBD(): 12.704ms
Frame 3003 end
Average processing time of GrabImageRGBD(): 12.7038ms
Frame 3004 end
Average processing time of GrabImageRGBD(): 12.7039ms
Frame 3005 end
Average processing time of GrabImageRGBD(): 12.7034ms
Frame 3006 end
Average processing time of GrabImageRGBD(): 12.7165ms
Frame 3007 end
Average processing time of GrabImageRGBD(): 12.7164ms
Frame 3008 end
Average processing time of GrabImageRGBD(): 12.7151ms
Frame 3009 end
Average processing time of GrabImageRGBD(): 12.7135ms
Frame 3010 end
Average processing time of GrabImageRGBD(): 12.7129ms
Frame 3011 end
Average processing time of GrabImageRGBD(): 12.712ms
Frame 3012 end
Average processing time of GrabImageRGBD(): 12.7106ms
Frame 3013 end
Average processing time of GrabImageRGBD(): 12.7096ms
Frame 3014 end
Average processing time of GrabImageRGBD(): 12.7175ms
Frame 3015 end
Average processing time of GrabImageRGBD(): 12.7173ms
Frame 3016 end
Average processing time of GrabImageRGBD(): 12.7168ms
Frame 3017 end
Average processing time of GrabImageRGBD(): 12.7158ms
Frame 3018 end
Average processing time of GrabImageRGBD(): 12.7152ms
Frame 3019 end
Average processing time of GrabImageRGBD(): 12.714ms
Frame 3020 end
Average processing time of GrabImageRGBD(): 12.7134ms
Frame 3021 end
Average processing time of GrabImageRGBD(): 12.7125ms
Frame 3022 end
Average processing time of GrabImageRGBD(): 12.7111ms
Frame 3023 end
Average processing time of GrabImageRGBD(): 12.719ms
Frame 3024 end
Average processing time of GrabImageRGBD(): 12.7189ms
Frame 3025 end
Average processing time of GrabImageRGBD(): 12.7189ms
Frame 3026 end
Average processing time of GrabImageRGBD(): 12.7176ms
Frame 3027 end
Average processing time of GrabImageRGBD(): 12.7162ms
Frame 3028 end
Average processing time of GrabImageRGBD(): 12.7151ms
Frame 3029 end
Average processing time of GrabImageRGBD(): 12.7147ms
Frame 3030 end
Average processing time of GrabImageRGBD(): 12.7142ms
Frame 3031 end
Average processing time of GrabImageRGBD(): 12.7136ms
Frame 3032 end
Average processing time of GrabImageRGBD(): 12.722ms
Frame 3033 end
Average processing time of GrabImageRGBD(): 12.7222ms
Frame 3034 end
Average processing time of GrabImageRGBD(): 12.7216ms
Frame 3035 end
Average processing time of GrabImageRGBD(): 12.721ms
Frame 3036 end
Average processing time of GrabImageRGBD(): 12.7204ms
Frame 3037 end
Average processing time of GrabImageRGBD(): 12.72ms
Frame 3038 end
Average processing time of GrabImageRGBD(): 12.7195ms
Frame 3039 end
Average processing time of GrabImageRGBD(): 12.7181ms
Frame 3040 end
Average processing time of GrabImageRGBD(): 12.7176ms
Frame 3041 end
Average processing time of GrabImageRGBD(): 12.7164ms
Frame 3042 end
Average processing time of GrabImageRGBD(): 12.7156ms
Frame 3043 end
Average processing time of GrabImageRGBD(): 12.7143ms
Frame 3044 end
Average processing time of GrabImageRGBD(): 12.7137ms
Frame 3045 end
Average processing time of GrabImageRGBD(): 12.7124ms
Frame 3046 end
Average processing time of GrabImageRGBD(): 12.712ms
Frame 3047 end
Average processing time of GrabImageRGBD(): 12.72ms
Frame 3048 end
Average processing time of GrabImageRGBD(): 12.7199ms
Frame 3049 end
Average processing time of GrabImageRGBD(): 12.719ms
Frame 3050 end
Average processing time of GrabImageRGBD(): 12.7188ms
Frame 3051 end
Average processing time of GrabImageRGBD(): 12.7187ms
Frame 3052 end
Average processing time of GrabImageRGBD(): 12.7183ms
Frame 3053 end
Average processing time of GrabImageRGBD(): 12.7181ms
Frame 3054 end
Average processing time of GrabImageRGBD(): 12.7177ms
Frame 3055 end
Average processing time of GrabImageRGBD(): 12.717ms
Frame 3056 end
Average processing time of GrabImageRGBD(): 12.7254ms
Frame 3057 end
Average processing time of GrabImageRGBD(): 12.725ms
Frame 3058 end
Average processing time of GrabImageRGBD(): 12.7243ms
Frame 3059 end
Average processing time of GrabImageRGBD(): 12.7225ms
Frame 3060 end
Average processing time of GrabImageRGBD(): 12.7217ms
Frame 3061 end
Average processing time of GrabImageRGBD(): 12.7204ms
Frame 3062 end
Average processing time of GrabImageRGBD(): 12.7198ms
Frame 3063 end
Average processing time of GrabImageRGBD(): 12.7192ms
Frame 3064 end
Average processing time of GrabImageRGBD(): 12.7272ms
Frame 3065 end
Average processing time of GrabImageRGBD(): 12.7265ms
Frame 3066 end
Average processing time of GrabImageRGBD(): 12.7246ms
Frame 3067 end
Average processing time of GrabImageRGBD(): 12.7238ms
Frame 3068 end
Average processing time of GrabImageRGBD(): 12.7235ms
Frame 3069 end
Average processing time of GrabImageRGBD(): 12.7228ms
Frame 3070 end
Average processing time of GrabImageRGBD(): 12.7223ms
Frame 3071 end
Average processing time of GrabImageRGBD(): 12.7305ms
Frame 3072 end
Average processing time of GrabImageRGBD(): 12.7302ms
Frame 3073 end
Average processing time of GrabImageRGBD(): 12.7294ms
Frame 3074 end
Average processing time of GrabImageRGBD(): 12.7286ms
Frame 3075 end
Average processing time of GrabImageRGBD(): 12.7278ms
Frame 3076 end
Average processing time of GrabImageRGBD(): 12.7268ms
Frame 3077 end
Average processing time of GrabImageRGBD(): 12.7356ms
Frame 3078 end
Average processing time of GrabImageRGBD(): 12.7353ms
Frame 3079 end
Average processing time of GrabImageRGBD(): 12.7337ms
Frame 3080 end
Average processing time of GrabImageRGBD(): 12.7323ms
Frame 3081 end
Average processing time of GrabImageRGBD(): 12.7316ms
Frame 3082 end
Average processing time of GrabImageRGBD(): 12.7301ms
Frame 3083 end
Average processing time of GrabImageRGBD(): 12.7291ms
Frame 3084 end
Average processing time of GrabImageRGBD(): 12.728ms
Frame 3085 end
Average processing time of GrabImageRGBD(): 12.7395ms
Frame 3086 end
Average processing time of GrabImageRGBD(): 12.7389ms
Frame 3087 end
Average processing time of GrabImageRGBD(): 12.7383ms
Frame 3088 end
Average processing time of GrabImageRGBD(): 12.7379ms
Frame 3089 end
Average processing time of GrabImageRGBD(): 12.7368ms
Frame 3090 end
Average processing time of GrabImageRGBD(): 12.736ms
Frame 3091 end
Average processing time of GrabImageRGBD(): 12.7348ms
Frame 3092 end
Average processing time of GrabImageRGBD(): 12.7335ms
Frame 3093 end
Average processing time of GrabImageRGBD(): 12.7412ms
Frame 3094 end
Average processing time of GrabImageRGBD(): 12.7412ms
Frame 3095 end
Average processing time of GrabImageRGBD(): 12.7405ms
Frame 3096 end
Average processing time of GrabImageRGBD(): 12.7393ms
Frame 3097 end
Average processing time of GrabImageRGBD(): 12.7377ms
Frame 3098 end
Average processing time of GrabImageRGBD(): 12.7367ms
Frame 3099 end
Average processing time of GrabImageRGBD(): 12.736ms
Frame 3100 end
Average processing time of GrabImageRGBD(): 12.7343ms
Frame 3101 end
Average processing time of GrabImageRGBD(): 12.7434ms
Frame 3102 end
Average processing time of GrabImageRGBD(): 12.7434ms
Frame 3103 end
Average processing time of GrabImageRGBD(): 12.7433ms
Frame 3104 end
Average processing time of GrabImageRGBD(): 12.7432ms
Frame 3105 end
Average processing time of GrabImageRGBD(): 12.7425ms
Frame 3106 end
Average processing time of GrabImageRGBD(): 12.7411ms
Frame 3107 end
Average processing time of GrabImageRGBD(): 12.7416ms
Frame 3108 end
Average processing time of GrabImageRGBD(): 12.7411ms
Frame 3109 end
Average processing time of GrabImageRGBD(): 12.749ms
Frame 3110 end
Average processing time of GrabImageRGBD(): 12.7488ms
Frame 3111 end
Average processing time of GrabImageRGBD(): 12.7482ms
Frame 3112 end
Average processing time of GrabImageRGBD(): 12.7477ms
Frame 3113 end
Average processing time of GrabImageRGBD(): 12.7471ms
Frame 3114 end
Average processing time of GrabImageRGBD(): 12.7462ms
Frame 3115 end
Average processing time of GrabImageRGBD(): 12.7458ms
Frame 3116 end
Average processing time of GrabImageRGBD(): 12.7453ms
Frame 3117 end
Average processing time of GrabImageRGBD(): 12.7534ms
Frame 3118 end
Average processing time of GrabImageRGBD(): 12.7536ms
Frame 3119 end
Average processing time of GrabImageRGBD(): 12.752ms
Frame 3120 end
Average processing time of GrabImageRGBD(): 12.7506ms
Frame 3121 end
Average processing time of GrabImageRGBD(): 12.7505ms
Frame 3122 end
Average processing time of GrabImageRGBD(): 12.7499ms
Frame 3123 end
Average processing time of GrabImageRGBD(): 12.7493ms
Frame 3124 end
Average processing time of GrabImageRGBD(): 12.7486ms
Frame 3125 end
Average processing time of GrabImageRGBD(): 12.7477ms
Frame 3126 end
Average processing time of GrabImageRGBD(): 12.7564ms
Frame 3127 end
Average processing time of GrabImageRGBD(): 12.757ms
Frame 3128 end
Average processing time of GrabImageRGBD(): 12.7555ms
Frame 3129 end
Average processing time of GrabImageRGBD(): 12.7548ms
Frame 3130 end
Average processing time of GrabImageRGBD(): 12.7533ms
Frame 3131 end
Average processing time of GrabImageRGBD(): 12.7527ms
Frame 3132 end
Average processing time of GrabImageRGBD(): 12.7518ms
Frame 3133 end
Average processing time of GrabImageRGBD(): 12.7514ms
Frame 3134 end
Average processing time of GrabImageRGBD(): 12.7507ms
Frame 3135 end
Average processing time of GrabImageRGBD(): 12.7584ms
Frame 3136 end
Average processing time of GrabImageRGBD(): 12.758ms
Frame 3137 end
Average processing time of GrabImageRGBD(): 12.7576ms
Frame 3138 end
Average processing time of GrabImageRGBD(): 12.7572ms
Frame 3139 end
Average processing time of GrabImageRGBD(): 12.7573ms
Frame 3140 end
Average processing time of GrabImageRGBD(): 12.7565ms
Frame 3141 end
Average processing time of GrabImageRGBD(): 12.7555ms
Frame 3142 end
Average processing time of GrabImageRGBD(): 12.7553ms
Frame 3143 end
Average processing time of GrabImageRGBD(): 12.753ms
Frame 3144 end
Average processing time of GrabImageRGBD(): 12.7649ms
Frame 3145 end
Average processing time of GrabImageRGBD(): 12.7644ms
Frame 3146 end
Average processing time of GrabImageRGBD(): 12.7637ms
Frame 3147 end
Average processing time of GrabImageRGBD(): 12.7632ms
Frame 3148 end
Average processing time of GrabImageRGBD(): 12.7632ms
Frame 3149 end
Average processing time of GrabImageRGBD(): 12.7623ms
Frame 3150 end
Average processing time of GrabImageRGBD(): 12.7615ms
Frame 3151 end
Average processing time of GrabImageRGBD(): 12.7608ms
Frame 3152 end
Average processing time of GrabImageRGBD(): 12.7601ms
Frame 3153 end
Average processing time of GrabImageRGBD(): 12.7685ms
Frame 3154 end
Average processing time of GrabImageRGBD(): 12.7685ms
Frame 3155 end
Average processing time of GrabImageRGBD(): 12.7678ms
Frame 3156 end
Average processing time of GrabImageRGBD(): 12.7669ms
Frame 3157 end
Average processing time of GrabImageRGBD(): 12.766ms
Frame 3158 end
Average processing time of GrabImageRGBD(): 12.7652ms
Frame 3159 end
Average processing time of GrabImageRGBD(): 12.7645ms
Frame 3160 end
Average processing time of GrabImageRGBD(): 12.7637ms
Frame 3161 end
Average processing time of GrabImageRGBD(): 12.7631ms
Frame 3162 end
Average processing time of GrabImageRGBD(): 12.7707ms
Frame 3163 end
Average processing time of GrabImageRGBD(): 12.77ms
Frame 3164 end
Average processing time of GrabImageRGBD(): 12.7694ms
Frame 3165 end
Average processing time of GrabImageRGBD(): 12.768ms
Frame 3166 end
Average processing time of GrabImageRGBD(): 12.7672ms
Frame 3167 end
Average processing time of GrabImageRGBD(): 12.7655ms
Frame 3168 end
Average processing time of GrabImageRGBD(): 12.7642ms
Frame 3169 end
Average processing time of GrabImageRGBD(): 12.7632ms
Frame 3170 end
Average processing time of GrabImageRGBD(): 12.7621ms
Frame 3171 end
Average processing time of GrabImageRGBD(): 12.7611ms
Frame 3172 end
Average processing time of GrabImageRGBD(): 12.759ms
Frame 3173 end
Average processing time of GrabImageRGBD(): 12.7698ms
Frame 3174 end
Average processing time of GrabImageRGBD(): 12.7696ms
Frame 3175 end
Average processing time of GrabImageRGBD(): 12.768ms
Frame 3176 end
Average processing time of GrabImageRGBD(): 12.7669ms
Frame 3177 end
Average processing time of GrabImageRGBD(): 12.7662ms
Frame 3178 end
Average processing time of GrabImageRGBD(): 12.765ms
Frame 3179 end
Average processing time of GrabImageRGBD(): 12.7643ms
Frame 3180 end
Average processing time of GrabImageRGBD(): 12.7635ms
Frame 3181 end
Average processing time of GrabImageRGBD(): 12.7624ms
Frame 3182 end
Average processing time of GrabImageRGBD(): 12.7705ms
Frame 3183 end
Average processing time of GrabImageRGBD(): 12.7705ms
Frame 3184 end
Average processing time of GrabImageRGBD(): 12.77ms
Frame 3185 end
Average processing time of GrabImageRGBD(): 12.7691ms
Frame 3186 end
Average processing time of GrabImageRGBD(): 12.7687ms
Frame 3187 end
Average processing time of GrabImageRGBD(): 12.7667ms
Frame 3188 end
Average processing time of GrabImageRGBD(): 12.7648ms
Frame 3189 end
Average processing time of GrabImageRGBD(): 12.7635ms
Frame 3190 end
Average processing time of GrabImageRGBD(): 12.7622ms
Frame 3191 end
Average processing time of GrabImageRGBD(): 12.7619ms
Frame 3192 end
Average processing time of GrabImageRGBD(): 12.7701ms
Frame 3193 end
Average processing time of GrabImageRGBD(): 12.7703ms
Frame 3194 end
Average processing time of GrabImageRGBD(): 12.7697ms
Frame 3195 end
Average processing time of GrabImageRGBD(): 12.7694ms
Frame 3196 end
Average processing time of GrabImageRGBD(): 12.7688ms
Frame 3197 end
Average processing time of GrabImageRGBD(): 12.7676ms
Frame 3198 end
Average processing time of GrabImageRGBD(): 12.7665ms
Frame 3199 end
Average processing time of GrabImageRGBD(): 12.7657ms
Frame 3200 end
Average processing time of GrabImageRGBD(): 12.765ms
Frame 3201 end
Average processing time of GrabImageRGBD(): 12.7649ms
Frame 3202 end
Average processing time of GrabImageRGBD(): 12.7719ms
Frame 3203 end
Average processing time of GrabImageRGBD(): 12.7716ms
Frame 3204 end
Average processing time of GrabImageRGBD(): 12.7706ms
Frame 3205 end
Average processing time of GrabImageRGBD(): 12.7694ms
Frame 3206 end
Average processing time of GrabImageRGBD(): 12.7678ms
Frame 3207 end
Average processing time of GrabImageRGBD(): 12.7666ms
Frame 3208 end
Average processing time of GrabImageRGBD(): 12.766ms
Frame 3209 end
Average processing time of GrabImageRGBD(): 12.7655ms
Frame 3210 end
Average processing time of GrabImageRGBD(): 12.7647ms
Frame 3211 end
Average processing time of GrabImageRGBD(): 12.7638ms
Frame 3212 end
Average processing time of GrabImageRGBD(): 12.7718ms
Frame 3213 end
Average processing time of GrabImageRGBD(): 12.7721ms
Frame 3214 end
Average processing time of GrabImageRGBD(): 12.7715ms
Frame 3215 end
Average processing time of GrabImageRGBD(): 12.771ms
Frame 3216 end
Average processing time of GrabImageRGBD(): 12.7701ms
Frame 3217 end
Average processing time of GrabImageRGBD(): 12.7692ms
Frame 3218 end
Average processing time of GrabImageRGBD(): 12.7684ms
Frame 3219 end
Average processing time of GrabImageRGBD(): 12.7675ms
Frame 3220 end
Average processing time of GrabImageRGBD(): 12.7761ms
Frame 3221 end
Average processing time of GrabImageRGBD(): 12.776ms
Frame 3222 end
Average processing time of GrabImageRGBD(): 12.7756ms
Frame 3223 end
Average processing time of GrabImageRGBD(): 12.7746ms
Frame 3224 end
Average processing time of GrabImageRGBD(): 12.7732ms
Frame 3225 end
Average processing time of GrabImageRGBD(): 12.7727ms
Frame 3226 end
Average processing time of GrabImageRGBD(): 12.7716ms
Frame 3227 end
Average processing time of GrabImageRGBD(): 12.7712ms
Frame 3228 end
Average processing time of GrabImageRGBD(): 12.7709ms
Frame 3229 end
Average processing time of GrabImageRGBD(): 12.7796ms
Frame 3230 end
Average processing time of GrabImageRGBD(): 12.78ms
Frame 3231 end
Average processing time of GrabImageRGBD(): 12.7794ms
Frame 3232 end
Average processing time of GrabImageRGBD(): 12.7795ms
Frame 3233 end
Average processing time of GrabImageRGBD(): 12.7783ms
Frame 3234 end
Average processing time of GrabImageRGBD(): 12.7773ms
Frame 3235 end
Average processing time of GrabImageRGBD(): 12.7765ms
Frame 3236 end
Average processing time of GrabImageRGBD(): 12.7758ms
Frame 3237 end
Average processing time of GrabImageRGBD(): 12.7839ms
Frame 3238 end
Average processing time of GrabImageRGBD(): 12.7838ms
Frame 3239 end
Average processing time of GrabImageRGBD(): 12.7829ms
Frame 3240 end
Average processing time of GrabImageRGBD(): 12.7825ms
Frame 3241 end
Average processing time of GrabImageRGBD(): 12.7823ms
Frame 3242 end
Average processing time of GrabImageRGBD(): 12.7812ms
Frame 3243 end
Average processing time of GrabImageRGBD(): 12.7809ms
Frame 3244 end
Average processing time of GrabImageRGBD(): 12.7797ms
Frame 3245 end
Average processing time of GrabImageRGBD(): 12.779ms
Frame 3246 end
Average processing time of GrabImageRGBD(): 12.7782ms
Frame 3247 end
Average processing time of GrabImageRGBD(): 12.778ms
Frame 3248 end
Average processing time of GrabImageRGBD(): 12.7898ms
Frame 3249 end
Average processing time of GrabImageRGBD(): 12.7898ms
Frame 3250 end
Average processing time of GrabImageRGBD(): 12.7894ms
Frame 3251 end
Average processing time of GrabImageRGBD(): 12.7886ms
Frame 3252 end
Average processing time of GrabImageRGBD(): 12.7868ms
Frame 3253 end
Average processing time of GrabImageRGBD(): 12.7865ms
Frame 3254 end
Average processing time of GrabImageRGBD(): 12.7859ms
Frame 3255 end
Average processing time of GrabImageRGBD(): 12.7855ms
Frame 3256 end
Average processing time of GrabImageRGBD(): 12.7848ms
Frame 3257 end
Average processing time of GrabImageRGBD(): 12.7843ms
Frame 3258 end
Average processing time of GrabImageRGBD(): 12.7927ms
Frame 3259 end
Average processing time of GrabImageRGBD(): 12.7936ms
Frame 3260 end
Average processing time of GrabImageRGBD(): 12.7931ms
Frame 3261 end
Average processing time of GrabImageRGBD(): 12.7928ms
Frame 3262 end
Average processing time of GrabImageRGBD(): 12.792ms
Frame 3263 end
Average processing time of GrabImageRGBD(): 12.7913ms
Frame 3264 end
Average processing time of GrabImageRGBD(): 12.7911ms
Frame 3265 end
Average processing time of GrabImageRGBD(): 12.7906ms
Frame 3266 end
Average processing time of GrabImageRGBD(): 12.7906ms
Frame 3267 end
Average processing time of GrabImageRGBD(): 12.7907ms
Frame 3268 end
Average processing time of GrabImageRGBD(): 12.7907ms
Frame 3269 end
Average processing time of GrabImageRGBD(): 12.7999ms
Frame 3270 end
Average processing time of GrabImageRGBD(): 12.8001ms
Frame 3271 end
Average processing time of GrabImageRGBD(): 12.7989ms
Frame 3272 end
Average processing time of GrabImageRGBD(): 12.7979ms
Frame 3273 end
Average processing time of GrabImageRGBD(): 12.7972ms
Frame 3274 end
Average processing time of GrabImageRGBD(): 12.7963ms
Frame 3275 end
Average processing time of GrabImageRGBD(): 12.7959ms
Frame 3276 end
Average processing time of GrabImageRGBD(): 12.7941ms
Frame 3277 end
Average processing time of GrabImageRGBD(): 12.7935ms
Frame 3278 end
Average processing time of GrabImageRGBD(): 12.7931ms
Frame 3279 end
Average processing time of GrabImageRGBD(): 12.8016ms
Frame 3280 end
Average processing time of GrabImageRGBD(): 12.8016ms
Frame 3281 end
Average processing time of GrabImageRGBD(): 12.8007ms
Frame 3282 end
Average processing time of GrabImageRGBD(): 12.7988ms
Frame 3283 end
Average processing time of GrabImageRGBD(): 12.7982ms
Frame 3284 end
Average processing time of GrabImageRGBD(): 12.7976ms
Frame 3285 end
Average processing time of GrabImageRGBD(): 12.7976ms
Frame 3286 end
Average processing time of GrabImageRGBD(): 12.797ms
Frame 3287 end
Average processing time of GrabImageRGBD(): 12.7956ms
Frame 3288 end
Average processing time of GrabImageRGBD(): 12.7947ms
Frame 3289 end
Average processing time of GrabImageRGBD(): 12.794ms
Frame 3290 end
Average processing time of GrabImageRGBD(): 12.7933ms
Frame 3291 end
Average processing time of GrabImageRGBD(): 12.7926ms
Frame 3292 end
Average processing time of GrabImageRGBD(): 12.8001ms
Frame 3293 end
Average processing time of GrabImageRGBD(): 12.8086ms
Frame 3294 end
Average processing time of GrabImageRGBD(): 12.8081ms
Frame 3295 end
Average processing time of GrabImageRGBD(): 12.8161ms
Frame 3296 end
Average processing time of GrabImageRGBD(): 12.8164ms
Frame 3297 end
Average processing time of GrabImageRGBD(): 12.8153ms
Frame 3298 end
Average processing time of GrabImageRGBD(): 12.8147ms
Frame 3299 end
Average processing time of GrabImageRGBD(): 12.813ms
Frame 3300 end
Average processing time of GrabImageRGBD(): 12.8131ms
Frame 3301 end
Average processing time of GrabImageRGBD(): 12.8123ms
Frame 3302 end
Average processing time of GrabImageRGBD(): 12.8117ms
Frame 3303 end
Average processing time of GrabImageRGBD(): 12.8112ms
Frame 3304 end
Average processing time of GrabImageRGBD(): 12.8107ms
Frame 3305 end
Average processing time of GrabImageRGBD(): 12.8095ms
Frame 3306 end
Average processing time of GrabImageRGBD(): 12.808ms
Frame 3307 end
Average processing time of GrabImageRGBD(): 12.8073ms
Frame 3308 end
Average processing time of GrabImageRGBD(): 12.8064ms
Frame 3309 end
Average processing time of GrabImageRGBD(): 12.8141ms
Frame 3310 end
Average processing time of GrabImageRGBD(): 12.8143ms
Frame 3311 end
Average processing time of GrabImageRGBD(): 12.8133ms
Frame 3312 end
Average processing time of GrabImageRGBD(): 12.8128ms
Frame 3313 end
Average processing time of GrabImageRGBD(): 12.812ms
Frame 3314 end
Average processing time of GrabImageRGBD(): 12.8113ms
Frame 3315 end
Average processing time of GrabImageRGBD(): 12.8101ms
Frame 3316 end
Average processing time of GrabImageRGBD(): 12.8088ms
Frame 3317 end
Average processing time of GrabImageRGBD(): 12.8082ms
Frame 3318 end
Average processing time of GrabImageRGBD(): 12.8076ms
Frame 3319 end
Average processing time of GrabImageRGBD(): 12.807ms
Frame 3320 end
Average processing time of GrabImageRGBD(): 12.8063ms
Frame 3321 end
Average processing time of GrabImageRGBD(): 12.8056ms
Frame 3322 end
Average processing time of GrabImageRGBD(): 12.8048ms
Frame 3323 end
Average processing time of GrabImageRGBD(): 12.8041ms
Frame 3324 end
Average processing time of GrabImageRGBD(): 12.8117ms
Frame 3325 end
Average processing time of GrabImageRGBD(): 12.8122ms
Frame 3326 end
Average processing time of GrabImageRGBD(): 12.812ms
Frame 3327 end
Average processing time of GrabImageRGBD(): 12.8119ms
Frame 3328 end
Average processing time of GrabImageRGBD(): 12.8114ms
Frame 3329 end
Average processing time of GrabImageRGBD(): 12.8115ms
Frame 3330 end
Average processing time of GrabImageRGBD(): 12.811ms
Frame 3331 end
Average processing time of GrabImageRGBD(): 12.8109ms
Frame 3332 end
Average processing time of GrabImageRGBD(): 12.8102ms
Frame 3333 end
Average processing time of GrabImageRGBD(): 12.8099ms
Frame 3334 end
Average processing time of GrabImageRGBD(): 12.8094ms
Frame 3335 end
Average processing time of GrabImageRGBD(): 12.8095ms
Frame 3336 end
Average processing time of GrabImageRGBD(): 12.809ms
Frame 3337 end
Average processing time of GrabImageRGBD(): 12.8085ms
Frame 3338 end
Average processing time of GrabImageRGBD(): 12.8201ms
Frame 3339 end
Average processing time of GrabImageRGBD(): 12.8182ms
Frame 3340 end
Average processing time of GrabImageRGBD(): 12.8177ms
Frame 3341 end
Average processing time of GrabImageRGBD(): 12.8172ms
Frame 3342 end
Average processing time of GrabImageRGBD(): 12.8169ms
Frame 3343 end
Average processing time of GrabImageRGBD(): 12.8169ms
Frame 3344 end
Average processing time of GrabImageRGBD(): 12.8166ms
Frame 3345 end
Average processing time of GrabImageRGBD(): 12.816ms
Frame 3346 end
Average processing time of GrabImageRGBD(): 12.815ms
Frame 3347 end
Average processing time of GrabImageRGBD(): 12.8142ms
Frame 3348 end
Average processing time of GrabImageRGBD(): 12.8138ms
Frame 3349 end
Average processing time of GrabImageRGBD(): 12.8133ms
Frame 3350 end
Average processing time of GrabImageRGBD(): 12.8125ms
Frame 3351 end
Average processing time of GrabImageRGBD(): 12.811ms
Frame 3352 end
Average processing time of GrabImageRGBD(): 12.8188ms
Frame 3353 end
Average processing time of GrabImageRGBD(): 12.8191ms
Frame 3354 end
Average processing time of GrabImageRGBD(): 12.8185ms
Frame 3355 end
Average processing time of GrabImageRGBD(): 12.8179ms
Frame 3356 end
Average processing time of GrabImageRGBD(): 12.8174ms
Frame 3357 end
Average processing time of GrabImageRGBD(): 12.8169ms
Frame 3358 end
Average processing time of GrabImageRGBD(): 12.8163ms
Frame 3359 end
Average processing time of GrabImageRGBD(): 12.8157ms
Frame 3360 end
Average processing time of GrabImageRGBD(): 12.8151ms
Frame 3361 end
Average processing time of GrabImageRGBD(): 12.8144ms
Frame 3362 end
Average processing time of GrabImageRGBD(): 12.8137ms
Frame 3363 end
Average processing time of GrabImageRGBD(): 12.8128ms
Frame 3364 end
Average processing time of GrabImageRGBD(): 12.8118ms
Frame 3365 end
Average processing time of GrabImageRGBD(): 12.8103ms
Frame 3366 end
Average processing time of GrabImageRGBD(): 12.8102ms
Frame 3367 end
Average processing time of GrabImageRGBD(): 12.8189ms
Frame 3368 end
Average processing time of GrabImageRGBD(): 12.8191ms
Frame 3369 end
Average processing time of GrabImageRGBD(): 12.8186ms
Frame 3370 end
Average processing time of GrabImageRGBD(): 12.8183ms
Frame 3371 end
Average processing time of GrabImageRGBD(): 12.8273ms
Frame 3372 end
Average processing time of GrabImageRGBD(): 12.8274ms
Frame 3373 end
Average processing time of GrabImageRGBD(): 12.8274ms
Frame 3374 end
Average processing time of GrabImageRGBD(): 12.8264ms
Frame 3375 end
Average processing time of GrabImageRGBD(): 12.8256ms
Frame 3376 end
Average processing time of GrabImageRGBD(): 12.834ms
Frame 3377 end
Average processing time of GrabImageRGBD(): 12.8339ms
Frame 3378 end
Average processing time of GrabImageRGBD(): 12.8331ms
Frame 3379 end
Average processing time of GrabImageRGBD(): 12.8323ms
Frame 3380 end
Average processing time of GrabImageRGBD(): 12.8316ms
Frame 3381 end
Average processing time of GrabImageRGBD(): 12.8312ms
Frame 3382 end
Average processing time of GrabImageRGBD(): 12.8307ms
Frame 3383 end
Average processing time of GrabImageRGBD(): 12.8395ms
Frame 3384 end
Average processing time of GrabImageRGBD(): 12.84ms
Frame 3385 end
Average processing time of GrabImageRGBD(): 12.8391ms
Frame 3386 end
Average processing time of GrabImageRGBD(): 12.8383ms
Frame 3387 end
Average processing time of GrabImageRGBD(): 12.8377ms
Frame 3388 end
Average processing time of GrabImageRGBD(): 12.837ms
Frame 3389 end
Average processing time of GrabImageRGBD(): 12.8365ms
Frame 3390 end
Average processing time of GrabImageRGBD(): 12.8496ms
Frame 3391 end
Average processing time of GrabImageRGBD(): 12.8503ms
Frame 3392 end
Average processing time of GrabImageRGBD(): 12.8499ms
Frame 3393 end
Average processing time of GrabImageRGBD(): 12.8493ms
Frame 3394 end
Average processing time of GrabImageRGBD(): 12.8485ms
Frame 3395 end
Average processing time of GrabImageRGBD(): 12.8481ms
Frame 3396 end
Average processing time of GrabImageRGBD(): 12.8476ms
Frame 3397 end
Average processing time of GrabImageRGBD(): 12.847ms
Frame 3398 end
Average processing time of GrabImageRGBD(): 12.8464ms
Frame 3399 end
Average processing time of GrabImageRGBD(): 12.8455ms
Frame 3400 end
Average processing time of GrabImageRGBD(): 12.8448ms
Frame 3401 end
Average processing time of GrabImageRGBD(): 12.8436ms
Frame 3402 end
Average processing time of GrabImageRGBD(): 12.8425ms
Frame 3403 end
Average processing time of GrabImageRGBD(): 12.842ms
Frame 3404 end
Average processing time of GrabImageRGBD(): 12.8412ms
Frame 3405 end
Average processing time of GrabImageRGBD(): 12.8503ms
Frame 3406 end
Average processing time of GrabImageRGBD(): 12.8507ms
Frame 3407 end
Average processing time of GrabImageRGBD(): 12.8502ms
Frame 3408 end
Average processing time of GrabImageRGBD(): 12.8497ms
Frame 3409 end
Average processing time of GrabImageRGBD(): 12.8493ms
Frame 3410 end
Average processing time of GrabImageRGBD(): 12.848ms
Frame 3411 end
Average processing time of GrabImageRGBD(): 12.8478ms
Frame 3412 end
Average processing time of GrabImageRGBD(): 12.8476ms
Frame 3413 end
Average processing time of GrabImageRGBD(): 12.8466ms
Frame 3414 end
Average processing time of GrabImageRGBD(): 12.846ms
Frame 3415 end
Average processing time of GrabImageRGBD(): 12.8448ms
Frame 3416 end
Average processing time of GrabImageRGBD(): 12.8443ms
Frame 3417 end
Average processing time of GrabImageRGBD(): 12.8438ms
Frame 3418 end
Average processing time of GrabImageRGBD(): 12.8428ms
Frame 3419 end
Average processing time of GrabImageRGBD(): 12.8419ms
Frame 3420 end
Average processing time of GrabImageRGBD(): 12.8503ms
Frame 3421 end
Average processing time of GrabImageRGBD(): 12.8502ms
Frame 3422 end
Average processing time of GrabImageRGBD(): 12.8495ms
Frame 3423 end
Average processing time of GrabImageRGBD(): 12.849ms
Frame 3424 end
Average processing time of GrabImageRGBD(): 12.8481ms
Frame 3425 end
Average processing time of GrabImageRGBD(): 12.848ms
Frame 3426 end
Average processing time of GrabImageRGBD(): 12.8476ms
Frame 3427 end
Average processing time of GrabImageRGBD(): 12.847ms
Frame 3428 end
Average processing time of GrabImageRGBD(): 12.8468ms
Frame 3429 end
Average processing time of GrabImageRGBD(): 12.8466ms
Frame 3430 end
Average processing time of GrabImageRGBD(): 12.8462ms
Frame 3431 end
Average processing time of GrabImageRGBD(): 12.8457ms
Frame 3432 end
Average processing time of GrabImageRGBD(): 12.8445ms
Frame 3433 end
Average processing time of GrabImageRGBD(): 12.8434ms
Frame 3434 end
Average processing time of GrabImageRGBD(): 12.8427ms
Frame 3435 end
Average processing time of GrabImageRGBD(): 12.8419ms
Frame 3436 end
Average processing time of GrabImageRGBD(): 12.8494ms
Frame 3437 end
Average processing time of GrabImageRGBD(): 12.8497ms
Frame 3438 end
Average processing time of GrabImageRGBD(): 12.8489ms
Frame 3439 end
Average processing time of GrabImageRGBD(): 12.8483ms
Frame 3440 end
Average processing time of GrabImageRGBD(): 12.8479ms
Frame 3441 end
Average processing time of GrabImageRGBD(): 12.8479ms
Frame 3442 end
Average processing time of GrabImageRGBD(): 12.8474ms
Frame 3443 end
Average processing time of GrabImageRGBD(): 12.8471ms
Frame 3444 end
Average processing time of GrabImageRGBD(): 12.8466ms
Frame 3445 end
Average processing time of GrabImageRGBD(): 12.8461ms
Frame 3446 end
Average processing time of GrabImageRGBD(): 12.8455ms
Frame 3447 end
Average processing time of GrabImageRGBD(): 12.8451ms
Frame 3448 end
Average processing time of GrabImageRGBD(): 12.8443ms
Frame 3449 end
Average processing time of GrabImageRGBD(): 12.8428ms
Frame 3450 end
Average processing time of GrabImageRGBD(): 12.8423ms
Frame 3451 end
Average processing time of GrabImageRGBD(): 12.8421ms
Frame 3452 end
Average processing time of GrabImageRGBD(): 12.85ms
Frame 3453 end
Average processing time of GrabImageRGBD(): 12.8499ms
Frame 3454 end
Average processing time of GrabImageRGBD(): 12.8495ms
Frame 3455 end
Average processing time of GrabImageRGBD(): 12.849ms
Frame 3456 end
Average processing time of GrabImageRGBD(): 12.8489ms
Frame 3457 end
Average processing time of GrabImageRGBD(): 12.8485ms
Frame 3458 end
Average processing time of GrabImageRGBD(): 12.8482ms
Frame 3459 end
Average processing time of GrabImageRGBD(): 12.8466ms
Frame 3460 end
Average processing time of GrabImageRGBD(): 12.8464ms
Frame 3461 end
Average processing time of GrabImageRGBD(): 12.8543ms
Frame 3462 end
Average processing time of GrabImageRGBD(): 12.8547ms
Frame 3463 end
Average processing time of GrabImageRGBD(): 12.8542ms
Frame 3464 end
Average processing time of GrabImageRGBD(): 12.8536ms
Frame 3465 end
Average processing time of GrabImageRGBD(): 12.8522ms
Frame 3466 end
Average processing time of GrabImageRGBD(): 12.8605ms
Frame 3467 end
Average processing time of GrabImageRGBD(): 12.8603ms
Frame 3468 end
Average processing time of GrabImageRGBD(): 12.8595ms
Frame 3469 end
Average processing time of GrabImageRGBD(): 12.8591ms
Frame 3470 end
Average processing time of GrabImageRGBD(): 12.8589ms
Frame 3471 end
Average processing time of GrabImageRGBD(): 12.8584ms
Frame 3472 end
Average processing time of GrabImageRGBD(): 12.8576ms
Frame 3473 end
Average processing time of GrabImageRGBD(): 12.8573ms
Frame 3474 end
Average processing time of GrabImageRGBD(): 12.8566ms
Frame 3475 end
Average processing time of GrabImageRGBD(): 12.8563ms
Frame 3476 end
Average processing time of GrabImageRGBD(): 12.8558ms
Frame 3477 end
Average processing time of GrabImageRGBD(): 12.8557ms
Frame 3478 end
Average processing time of GrabImageRGBD(): 12.8554ms
Frame 3479 end
Average processing time of GrabImageRGBD(): 12.8553ms
Frame 3480 end
Average processing time of GrabImageRGBD(): 12.8545ms
Frame 3481 end
Average processing time of GrabImageRGBD(): 12.8543ms
Frame 3482 end
Average processing time of GrabImageRGBD(): 12.8622ms
Frame 3483 end
Average processing time of GrabImageRGBD(): 12.8622ms
Frame 3484 end
Average processing time of GrabImageRGBD(): 12.8706ms
Frame 3485 end
Average processing time of GrabImageRGBD(): 12.8706ms
Frame 3486 end
Average processing time of GrabImageRGBD(): 12.8694ms
Frame 3487 end
Average processing time of GrabImageRGBD(): 12.8775ms
Frame 3488 end
Average processing time of GrabImageRGBD(): 12.8866ms
Frame 3489 end
Average processing time of GrabImageRGBD(): 12.8869ms
Frame 3490 end
Average processing time of GrabImageRGBD(): 12.8861ms
Frame 3491 end
Average processing time of GrabImageRGBD(): 12.8857ms
Frame 3492 end
Average processing time of GrabImageRGBD(): 12.8859ms
Frame 3493 end
Average processing time of GrabImageRGBD(): 12.8854ms
Frame 3494 end
Average processing time of GrabImageRGBD(): 12.8848ms
Frame 3495 end
Average processing time of GrabImageRGBD(): 12.8843ms
Frame 3496 end
Average processing time of GrabImageRGBD(): 12.8841ms
Frame 3497 end
Average processing time of GrabImageRGBD(): 12.8835ms
Frame 3498 end
Average processing time of GrabImageRGBD(): 12.8818ms
Frame 3499 end
Average processing time of GrabImageRGBD(): 12.8813ms
Frame 3500 end
Average processing time of GrabImageRGBD(): 12.8809ms
Frame 3501 end
Average processing time of GrabImageRGBD(): 12.8804ms
Frame 3502 end
Average processing time of GrabImageRGBD(): 12.889ms
Frame 3503 end
Average processing time of GrabImageRGBD(): 12.8883ms
Frame 3504 end
Average processing time of GrabImageRGBD(): 12.8875ms
Frame 3505 end
Average processing time of GrabImageRGBD(): 12.8864ms
Frame 3506 end
Average processing time of GrabImageRGBD(): 12.8859ms
Frame 3507 end
Average processing time of GrabImageRGBD(): 12.8853ms
Frame 3508 end
Average processing time of GrabImageRGBD(): 12.8848ms
Frame 3509 end
Average processing time of GrabImageRGBD(): 12.8842ms
Frame 3510 end
Average processing time of GrabImageRGBD(): 12.8814ms
Frame 3511 end
Average processing time of GrabImageRGBD(): 12.8798ms
Frame 3512 end
Average processing time of GrabImageRGBD(): 12.8771ms
Frame 3513 end
Average processing time of GrabImageRGBD(): 12.8753ms
Frame 3514 end
Average processing time of GrabImageRGBD(): 12.8736ms
Frame 3515 end
Average processing time of GrabImageRGBD(): 12.8818ms
Frame 3516 end
Average processing time of GrabImageRGBD(): 12.8806ms
Frame 3517 end
Average processing time of GrabImageRGBD(): 12.8778ms
Frame 3518 end
Average processing time of GrabImageRGBD(): 12.8751ms
Frame 3519 end
Average processing time of GrabImageRGBD(): 12.8734ms
Frame 3520 end
Average processing time of GrabImageRGBD(): 12.873ms
Frame 3521 end
Average processing time of GrabImageRGBD(): 12.8705ms
Frame 3522 end
Average processing time of GrabImageRGBD(): 12.8767ms
Frame 3523 end
Average processing time of GrabImageRGBD(): 12.8767ms
Frame 3524 end
Average processing time of GrabImageRGBD(): 12.8762ms
Frame 3525 end
Average processing time of GrabImageRGBD(): 12.8759ms
Frame 3526 end
Average processing time of GrabImageRGBD(): 12.8754ms
Frame 3527 end
Average processing time of GrabImageRGBD(): 12.8744ms
Frame 3528 end
Average processing time of GrabImageRGBD(): 12.8741ms
Frame 3529 end
Average processing time of GrabImageRGBD(): 12.8737ms
Frame 3530 end
Average processing time of GrabImageRGBD(): 12.873ms
Frame 3531 end
Average processing time of GrabImageRGBD(): 12.8726ms
Frame 3532 end
Average processing time of GrabImageRGBD(): 12.8719ms
Frame 3533 end
Average processing time of GrabImageRGBD(): 12.8716ms
Frame 3534 end
Average processing time of GrabImageRGBD(): 12.871ms
Frame 3535 end
Average processing time of GrabImageRGBD(): 12.8702ms
Frame 3536 end
Average processing time of GrabImageRGBD(): 12.8698ms
Frame 3537 end
Average processing time of GrabImageRGBD(): 12.869ms
Frame 3538 end
Average processing time of GrabImageRGBD(): 12.8687ms
Frame 3539 end
Average processing time of GrabImageRGBD(): 12.8767ms
Frame 3540 end
Average processing time of GrabImageRGBD(): 12.8765ms
Frame 3541 end
Average processing time of GrabImageRGBD(): 12.8759ms
Frame 3542 end
Average processing time of GrabImageRGBD(): 12.8758ms
Frame 3543 end
Average processing time of GrabImageRGBD(): 12.8751ms
Frame 3544 end
Average processing time of GrabImageRGBD(): 12.8746ms
Frame 3545 end
Average processing time of GrabImageRGBD(): 12.8737ms
Frame 3546 end
Average processing time of GrabImageRGBD(): 12.8837ms
Frame 3547 end
Average processing time of GrabImageRGBD(): 12.8842ms
Frame 3548 end
Average processing time of GrabImageRGBD(): 12.8837ms
Frame 3549 end
Average processing time of GrabImageRGBD(): 12.8833ms
Frame 3550 end
Average processing time of GrabImageRGBD(): 12.8828ms
Frame 3551 end
Average processing time of GrabImageRGBD(): 12.8825ms
Frame 3552 end
Average processing time of GrabImageRGBD(): 12.8813ms
Frame 3553 end
Average processing time of GrabImageRGBD(): 12.8808ms
Frame 3554 end
Average processing time of GrabImageRGBD(): 12.8886ms
Frame 3555 end
Average processing time of GrabImageRGBD(): 12.8886ms
Frame 3556 end
Average processing time of GrabImageRGBD(): 12.8881ms
Frame 3557 end
Average processing time of GrabImageRGBD(): 12.8871ms
Frame 3558 end
Average processing time of GrabImageRGBD(): 12.8867ms
Frame 3559 end
Average processing time of GrabImageRGBD(): 12.8866ms
Frame 3560 end
Average processing time of GrabImageRGBD(): 12.8862ms
Frame 3561 end
Average processing time of GrabImageRGBD(): 12.8858ms
Frame 3562 end
Average processing time of GrabImageRGBD(): 12.8942ms
Frame 3563 end
Average processing time of GrabImageRGBD(): 12.8943ms
Frame 3564 end
Average processing time of GrabImageRGBD(): 12.8941ms
Frame 3565 end
Average processing time of GrabImageRGBD(): 12.8938ms
Frame 3566 end
Average processing time of GrabImageRGBD(): 12.8934ms
Frame 3567 end
Average processing time of GrabImageRGBD(): 12.8929ms
Frame 3568 end
Average processing time of GrabImageRGBD(): 12.8921ms
Frame 3569 end
Average processing time of GrabImageRGBD(): 12.8917ms
Frame 3570 end
Average processing time of GrabImageRGBD(): 12.8911ms
Frame 3571 end
Average processing time of GrabImageRGBD(): 12.89ms
Frame 3572 end
Average processing time of GrabImageRGBD(): 12.8898ms
Frame 3573 end
Average processing time of GrabImageRGBD(): 12.8892ms
Frame 3574 end
Average processing time of GrabImageRGBD(): 12.8892ms
Frame 3575 end
Average processing time of GrabImageRGBD(): 12.8975ms
Frame 3576 end
Average processing time of GrabImageRGBD(): 12.898ms
Frame 3577 end
Average processing time of GrabImageRGBD(): 12.8976ms
Frame 3578 end
Average processing time of GrabImageRGBD(): 12.8971ms
Frame 3579 end
Average processing time of GrabImageRGBD(): 12.8971ms
Frame 3580 end
Average processing time of GrabImageRGBD(): 12.8964ms
Frame 3581 end
Average processing time of GrabImageRGBD(): 12.8963ms
Frame 3582 end
Average processing time of GrabImageRGBD(): 12.8959ms
Frame 3583 end
Average processing time of GrabImageRGBD(): 12.8956ms
Frame 3584 end
Average processing time of GrabImageRGBD(): 12.8954ms
Frame 3585 end
Average processing time of GrabImageRGBD(): 12.8951ms
Frame 3586 end
Average processing time of GrabImageRGBD(): 12.8943ms
Frame 3587 end
Average processing time of GrabImageRGBD(): 12.8939ms
Frame 3588 end
Average processing time of GrabImageRGBD(): 12.8935ms
Frame 3589 end
Average processing time of GrabImageRGBD(): 12.8936ms
Frame 3590 end
Average processing time of GrabImageRGBD(): 12.8925ms
Frame 3591 end
Average processing time of GrabImageRGBD(): 12.8919ms
Frame 3592 end
Average processing time of GrabImageRGBD(): 12.8914ms
Frame 3593 end
Average processing time of GrabImageRGBD(): 12.891ms
Frame 3594 end
Average processing time of GrabImageRGBD(): 12.8907ms
Frame 3595 end
Average processing time of GrabImageRGBD(): 12.8902ms
Frame 3596 end
Average processing time of GrabImageRGBD(): 12.8976ms
Frame 3597 end
Average processing time of GrabImageRGBD(): 12.8981ms
Frame 3598 end
Average processing time of GrabImageRGBD(): 12.898ms
Frame 3599 end
Average processing time of GrabImageRGBD(): 12.8967ms
Frame 3600 end
Average processing time of GrabImageRGBD(): 12.8961ms
Frame 3601 end
Average processing time of GrabImageRGBD(): 12.8954ms
Frame 3602 end
Average processing time of GrabImageRGBD(): 12.8946ms
Frame 3603 end
Average processing time of GrabImageRGBD(): 12.8939ms
Frame 3604 end
Average processing time of GrabImageRGBD(): 12.8936ms
Frame 3605 end
Average processing time of GrabImageRGBD(): 12.8932ms
Frame 3606 end
Average processing time of GrabImageRGBD(): 12.8927ms
Frame 3607 end
Average processing time of GrabImageRGBD(): 12.8924ms
Frame 3608 end
Average processing time of GrabImageRGBD(): 12.8923ms
Frame 3609 end
Average processing time of GrabImageRGBD(): 12.8918ms
Frame 3610 end
Average processing time of GrabImageRGBD(): 12.8914ms
Frame 3611 end
Average processing time of GrabImageRGBD(): 12.8909ms
Frame 3612 end
Average processing time of GrabImageRGBD(): 12.8901ms
Frame 3613 end
Average processing time of GrabImageRGBD(): 12.8896ms
Frame 3614 end
Average processing time of GrabImageRGBD(): 12.8977ms
Frame 3615 end
Average processing time of GrabImageRGBD(): 12.8984ms
Frame 3616 end
Average processing time of GrabImageRGBD(): 12.8979ms
Frame 3617 end
Average processing time of GrabImageRGBD(): 12.8976ms
Frame 3618 end
Average processing time of GrabImageRGBD(): 12.8968ms
Frame 3619 end
Average processing time of GrabImageRGBD(): 12.8953ms
Frame 3620 end
Average processing time of GrabImageRGBD(): 12.8948ms
Frame 3621 end
Average processing time of GrabImageRGBD(): 12.8944ms
Frame 3622 end
Average processing time of GrabImageRGBD(): 12.8941ms
Frame 3623 end
Average processing time of GrabImageRGBD(): 12.8937ms
Frame 3624 end
Average processing time of GrabImageRGBD(): 12.8933ms
Frame 3625 end
Average processing time of GrabImageRGBD(): 12.8932ms
Frame 3626 end
Average processing time of GrabImageRGBD(): 12.8929ms
Frame 3627 end
Average processing time of GrabImageRGBD(): 12.8926ms
Frame 3628 end
Average processing time of GrabImageRGBD(): 12.892ms
Frame 3629 end
Average processing time of GrabImageRGBD(): 12.892ms
Frame 3630 end
Average processing time of GrabImageRGBD(): 12.8923ms
Frame 3631 end
Average processing time of GrabImageRGBD(): 12.8917ms
Frame 3632 end
Average processing time of GrabImageRGBD(): 12.8907ms
Frame 3633 end
Average processing time of GrabImageRGBD(): 12.8903ms
Frame 3634 end
Average processing time of GrabImageRGBD(): 12.8986ms
Frame 3635 end
Average processing time of GrabImageRGBD(): 12.8989ms
Frame 3636 end
Average processing time of GrabImageRGBD(): 12.8985ms
Frame 3637 end
Average processing time of GrabImageRGBD(): 12.8977ms
Frame 3638 end
Average processing time of GrabImageRGBD(): 12.8974ms
Frame 3639 end
Average processing time of GrabImageRGBD(): 12.8964ms
Frame 3640 end
Average processing time of GrabImageRGBD(): 12.896ms
Frame 3641 end
Average processing time of GrabImageRGBD(): 12.8954ms
Frame 3642 end
Average processing time of GrabImageRGBD(): 12.8948ms
Frame 3643 end
Average processing time of GrabImageRGBD(): 12.8943ms
Frame 3644 end
Average processing time of GrabImageRGBD(): 12.894ms
Frame 3645 end
Average processing time of GrabImageRGBD(): 12.8935ms
Frame 3646 end
Average processing time of GrabImageRGBD(): 12.8931ms
Frame 3647 end
Average processing time of GrabImageRGBD(): 12.8927ms
Frame 3648 end
Average processing time of GrabImageRGBD(): 12.892ms
Frame 3649 end
Average processing time of GrabImageRGBD(): 12.8913ms
Frame 3650 end
Average processing time of GrabImageRGBD(): 12.8911ms
Frame 3651 end
Average processing time of GrabImageRGBD(): 12.8904ms
Frame 3652 end
Average processing time of GrabImageRGBD(): 12.8899ms
Frame 3653 end
Average processing time of GrabImageRGBD(): 12.8894ms
Frame 3654 end
Average processing time of GrabImageRGBD(): 12.8982ms
Frame 3655 end
Average processing time of GrabImageRGBD(): 12.8984ms
Frame 3656 end
Average processing time of GrabImageRGBD(): 12.8979ms
Frame 3657 end
Average processing time of GrabImageRGBD(): 12.8975ms
Frame 3658 end
Average processing time of GrabImageRGBD(): 12.8971ms
Frame 3659 end
Average processing time of GrabImageRGBD(): 12.8972ms
Frame 3660 end
Average processing time of GrabImageRGBD(): 12.8968ms
Frame 3661 end
Average processing time of GrabImageRGBD(): 12.8955ms
Frame 3662 end
Average processing time of GrabImageRGBD(): 12.895ms
Frame 3663 end
Average processing time of GrabImageRGBD(): 12.894ms
Frame 3664 end
Average processing time of GrabImageRGBD(): 12.8937ms
Frame 3665 end
Average processing time of GrabImageRGBD(): 12.8924ms
Frame 3666 end
Average processing time of GrabImageRGBD(): 12.8923ms
Frame 3667 end
Average processing time of GrabImageRGBD(): 12.8918ms
Frame 3668 end
Average processing time of GrabImageRGBD(): 12.8919ms
Frame 3669 end
Average processing time of GrabImageRGBD(): 12.8917ms
Frame 3670 end
Average processing time of GrabImageRGBD(): 12.8914ms
Frame 3671 end
Average processing time of GrabImageRGBD(): 12.8912ms
Frame 3672 end
Average processing time of GrabImageRGBD(): 12.8907ms
Frame 3673 end
Average processing time of GrabImageRGBD(): 12.8895ms
Frame 3674 end
Average processing time of GrabImageRGBD(): 12.8976ms
Frame 3675 end
Average processing time of GrabImageRGBD(): 12.8977ms
Frame 3676 end
Average processing time of GrabImageRGBD(): 12.897ms
Frame 3677 end
Average processing time of GrabImageRGBD(): 12.8966ms
Frame 3678 end
Average processing time of GrabImageRGBD(): 12.8963ms
Frame 3679 end
Average processing time of GrabImageRGBD(): 12.8958ms
Frame 3680 end
Average processing time of GrabImageRGBD(): 12.8953ms
Frame 3681 end
Average processing time of GrabImageRGBD(): 12.8948ms
Frame 3682 end
Average processing time of GrabImageRGBD(): 12.8945ms
Frame 3683 end
Average processing time of GrabImageRGBD(): 12.8946ms
Frame 3684 end
Average processing time of GrabImageRGBD(): 12.8944ms
Frame 3685 end
Average processing time of GrabImageRGBD(): 12.8941ms
Frame 3686 end
Average processing time of GrabImageRGBD(): 12.8935ms
Frame 3687 end
Average processing time of GrabImageRGBD(): 12.8919ms
Frame 3688 end
Average processing time of GrabImageRGBD(): 12.8914ms
Frame 3689 end
Average processing time of GrabImageRGBD(): 12.8909ms
Frame 3690 end
Average processing time of GrabImageRGBD(): 12.8904ms
Frame 3691 end
Average processing time of GrabImageRGBD(): 12.8898ms
Frame 3692 end
Average processing time of GrabImageRGBD(): 12.8895ms
Frame 3693 end
Average processing time of GrabImageRGBD(): 12.8889ms
Frame 3694 end
Average processing time of GrabImageRGBD(): 12.8969ms
Frame 3695 end
Average processing time of GrabImageRGBD(): 12.8971ms
Frame 3696 end
Average processing time of GrabImageRGBD(): 12.8966ms
Frame 3697 end
Average processing time of GrabImageRGBD(): 12.8965ms
Frame 3698 end
Average processing time of GrabImageRGBD(): 12.8952ms
Frame 3699 end
Average processing time of GrabImageRGBD(): 12.8947ms
Frame 3700 end
Average processing time of GrabImageRGBD(): 12.8941ms
Frame 3701 end
Average processing time of GrabImageRGBD(): 12.8942ms
Frame 3702 end
Average processing time of GrabImageRGBD(): 12.8938ms
Frame 3703 end
Average processing time of GrabImageRGBD(): 12.8931ms
Frame 3704 end
Average processing time of GrabImageRGBD(): 12.8928ms
Frame 3705 end
Average processing time of GrabImageRGBD(): 12.8926ms
Frame 3706 end
Average processing time of GrabImageRGBD(): 12.8923ms
Frame 3707 end
Average processing time of GrabImageRGBD(): 12.892ms
Frame 3708 end
Average processing time of GrabImageRGBD(): 12.8918ms
Frame 3709 end
Average processing time of GrabImageRGBD(): 12.8917ms
Frame 3710 end
Average processing time of GrabImageRGBD(): 12.8919ms
Frame 3711 end
Average processing time of GrabImageRGBD(): 12.8917ms
Frame 3712 end
Average processing time of GrabImageRGBD(): 12.8915ms
Frame 3713 end
Average processing time of GrabImageRGBD(): 12.8914ms
Frame 3714 end
Average processing time of GrabImageRGBD(): 12.8992ms
Frame 3715 end
Average processing time of GrabImageRGBD(): 12.8996ms
Frame 3716 end
Average processing time of GrabImageRGBD(): 12.899ms
Frame 3717 end
Average processing time of GrabImageRGBD(): 12.8985ms
Frame 3718 end
Average processing time of GrabImageRGBD(): 12.8979ms
Frame 3719 end
Average processing time of GrabImageRGBD(): 12.8975ms
Frame 3720 end
Average processing time of GrabImageRGBD(): 12.897ms
Frame 3721 end
Average processing time of GrabImageRGBD(): 12.8966ms
Frame 3722 end
Average processing time of GrabImageRGBD(): 12.8961ms
Frame 3723 end
Average processing time of GrabImageRGBD(): 12.8953ms
Frame 3724 end
Average processing time of GrabImageRGBD(): 12.8942ms
Frame 3725 end
Average processing time of GrabImageRGBD(): 12.8927ms
Frame 3726 end
Average processing time of GrabImageRGBD(): 12.8923ms
Frame 3727 end
Average processing time of GrabImageRGBD(): 12.8913ms
Frame 3728 end
Average processing time of GrabImageRGBD(): 12.8911ms
Frame 3729 end
Average processing time of GrabImageRGBD(): 12.8905ms
Frame 3730 end
Average processing time of GrabImageRGBD(): 12.89ms
Frame 3731 end
Average processing time of GrabImageRGBD(): 12.8897ms
Frame 3732 end
Average processing time of GrabImageRGBD(): 12.8896ms
Frame 3733 end
Average processing time of GrabImageRGBD(): 12.8891ms
Frame 3734 end
Average processing time of GrabImageRGBD(): 12.8977ms
Frame 3735 end
Average processing time of GrabImageRGBD(): 12.8977ms
Frame 3736 end
Average processing time of GrabImageRGBD(): 12.8969ms
Frame 3737 end
Average processing time of GrabImageRGBD(): 12.8955ms
Frame 3738 end
Average processing time of GrabImageRGBD(): 12.8951ms
Frame 3739 end
Average processing time of GrabImageRGBD(): 12.8946ms
Frame 3740 end
Average processing time of GrabImageRGBD(): 12.8942ms
Frame 3741 end
Average processing time of GrabImageRGBD(): 12.8934ms
Frame 3742 end
Average processing time of GrabImageRGBD(): 12.8924ms
Frame 3743 end
Average processing time of GrabImageRGBD(): 12.8918ms
Frame 3744 end
Average processing time of GrabImageRGBD(): 12.8908ms
Frame 3745 end
Average processing time of GrabImageRGBD(): 12.8909ms
Frame 3746 end
Average processing time of GrabImageRGBD(): 12.8906ms
Frame 3747 end
Average processing time of GrabImageRGBD(): 12.8903ms
Frame 3748 end
Average processing time of GrabImageRGBD(): 12.8898ms
Frame 3749 end
Average processing time of GrabImageRGBD(): 12.8895ms
Frame 3750 end
Average processing time of GrabImageRGBD(): 12.8893ms
Frame 3751 end
Average processing time of GrabImageRGBD(): 12.8888ms
Frame 3752 end
Average processing time of GrabImageRGBD(): 12.8879ms
Frame 3753 end
Average processing time of GrabImageRGBD(): 12.8876ms
Frame 3754 end
Average processing time of GrabImageRGBD(): 12.8872ms
Frame 3755 end
Average processing time of GrabImageRGBD(): 12.8958ms
Frame 3756 end
Average processing time of GrabImageRGBD(): 12.8961ms
Frame 3757 end
Average processing time of GrabImageRGBD(): 12.8957ms
Frame 3758 end
Average processing time of GrabImageRGBD(): 12.8954ms
Frame 3759 end
Average processing time of GrabImageRGBD(): 12.8951ms
Frame 3760 end
Average processing time of GrabImageRGBD(): 12.895ms
Frame 3761 end
Average processing time of GrabImageRGBD(): 12.8938ms
Frame 3762 end
Average processing time of GrabImageRGBD(): 12.8926ms
Frame 3763 end
Average processing time of GrabImageRGBD(): 12.8921ms
Frame 3764 end
Average processing time of GrabImageRGBD(): 12.8916ms
Frame 3765 end
Average processing time of GrabImageRGBD(): 12.8904ms
Frame 3766 end
Average processing time of GrabImageRGBD(): 12.89ms
Frame 3767 end
Average processing time of GrabImageRGBD(): 12.8895ms
Frame 3768 end
Average processing time of GrabImageRGBD(): 12.8894ms
Frame 3769 end
Average processing time of GrabImageRGBD(): 12.8894ms
Frame 3770 end
Average processing time of GrabImageRGBD(): 12.889ms
Frame 3771 end
Average processing time of GrabImageRGBD(): 12.8885ms
Frame 3772 end
Average processing time of GrabImageRGBD(): 12.8887ms
Frame 3773 end
Average processing time of GrabImageRGBD(): 12.8885ms
Frame 3774 end
Average processing time of GrabImageRGBD(): 12.8881ms
Frame 3775 end
Average processing time of GrabImageRGBD(): 12.8957ms
Frame 3776 end
Average processing time of GrabImageRGBD(): 12.896ms
Frame 3777 end
Average processing time of GrabImageRGBD(): 12.8955ms
Frame 3778 end
Average processing time of GrabImageRGBD(): 12.8943ms
Frame 3779 end
Average processing time of GrabImageRGBD(): 12.8939ms
Frame 3780 end
Average processing time of GrabImageRGBD(): 12.8938ms
Frame 3781 end
Average processing time of GrabImageRGBD(): 12.8936ms
Frame 3782 end
Average processing time of GrabImageRGBD(): 12.8933ms
Frame 3783 end
Average processing time of GrabImageRGBD(): 12.8931ms
Frame 3784 end
Average processing time of GrabImageRGBD(): 12.8931ms
Frame 3785 end
Average processing time of GrabImageRGBD(): 12.8929ms
Frame 3786 end
Average processing time of GrabImageRGBD(): 12.8925ms
Frame 3787 end
Average processing time of GrabImageRGBD(): 12.8924ms
Frame 3788 end
Average processing time of GrabImageRGBD(): 12.8922ms
Frame 3789 end
Average processing time of GrabImageRGBD(): 12.8919ms
Frame 3790 end
Average processing time of GrabImageRGBD(): 12.8918ms
Frame 3791 end
Average processing time of GrabImageRGBD(): 12.8917ms
Frame 3792 end
Average processing time of GrabImageRGBD(): 12.8905ms
Frame 3793 end
Average processing time of GrabImageRGBD(): 12.8895ms
Frame 3794 end
Average processing time of GrabImageRGBD(): 12.8886ms
Frame 3795 end
Average processing time of GrabImageRGBD(): 12.8883ms
Frame 3796 end
Average processing time of GrabImageRGBD(): 12.8878ms
Frame 3797 end
Average processing time of GrabImageRGBD(): 12.8875ms
Frame 3798 end
Average processing time of GrabImageRGBD(): 12.8879ms
Frame 3799 end
Average processing time of GrabImageRGBD(): 12.8874ms
Frame 3800 end
Average processing time of GrabImageRGBD(): 12.887ms
Frame 3801 end
Average processing time of GrabImageRGBD(): 12.8948ms
Frame 3802 end
Average processing time of GrabImageRGBD(): 12.8954ms
Frame 3803 end
Average processing time of GrabImageRGBD(): 12.8953ms
Frame 3804 end
Average processing time of GrabImageRGBD(): 12.8952ms
Frame 3805 end
Average processing time of GrabImageRGBD(): 12.8949ms
Frame 3806 end
Average processing time of GrabImageRGBD(): 12.8944ms
Frame 3807 end
Average processing time of GrabImageRGBD(): 12.8945ms
Frame 3808 end
Average processing time of GrabImageRGBD(): 12.8939ms
Frame 3809 end
Average processing time of GrabImageRGBD(): 12.8935ms
Frame 3810 end
Average processing time of GrabImageRGBD(): 12.893ms
Frame 3811 end
Average processing time of GrabImageRGBD(): 12.8929ms
Frame 3812 end
Average processing time of GrabImageRGBD(): 12.8924ms
Frame 3813 end
Average processing time of GrabImageRGBD(): 12.8921ms
Frame 3814 end
Average processing time of GrabImageRGBD(): 12.8919ms
Frame 3815 end
Average processing time of GrabImageRGBD(): 12.8917ms
Frame 3816 end
Average processing time of GrabImageRGBD(): 12.8914ms
Frame 3817 end
Average processing time of GrabImageRGBD(): 12.8909ms
Frame 3818 end
Average processing time of GrabImageRGBD(): 12.8899ms
Frame 3819 end
Average processing time of GrabImageRGBD(): 12.8897ms
Frame 3820 end
Average processing time of GrabImageRGBD(): 12.8895ms
Frame 3821 end
Average processing time of GrabImageRGBD(): 12.889ms
Frame 3822 end
Average processing time of GrabImageRGBD(): 12.8892ms
Frame 3823 end
Average processing time of GrabImageRGBD(): 12.8887ms
Frame 3824 end
Average processing time of GrabImageRGBD(): 12.8884ms
Frame 3825 end
Average processing time of GrabImageRGBD(): 12.8883ms
Frame 3826 end
Average processing time of GrabImageRGBD(): 12.8869ms
Frame 3827 end
Average processing time of GrabImageRGBD(): 12.8865ms
Frame 3828 end
Average processing time of GrabImageRGBD(): 12.8861ms
Frame 3829 end
Average processing time of GrabImageRGBD(): 12.8851ms
Frame 3830 end
Average processing time of GrabImageRGBD(): 12.8927ms
Frame 3831 end
Average processing time of GrabImageRGBD(): 12.8934ms
Frame 3832 end
Average processing time of GrabImageRGBD(): 12.8922ms
Frame 3833 end
Average processing time of GrabImageRGBD(): 12.891ms
Frame 3834 end
Average processing time of GrabImageRGBD(): 12.8905ms
Frame 3835 end
Average processing time of GrabImageRGBD(): 12.8904ms
Frame 3836 end
Average processing time of GrabImageRGBD(): 12.8908ms
Frame 3837 end
Average processing time of GrabImageRGBD(): 12.8909ms
Frame 3838 end
Average processing time of GrabImageRGBD(): 12.8904ms
Frame 3839 end
Average processing time of GrabImageRGBD(): 12.89ms
Frame 3840 end
Average processing time of GrabImageRGBD(): 12.8899ms
Frame 3841 end
Average processing time of GrabImageRGBD(): 12.8899ms
Frame 3842 end
Average processing time of GrabImageRGBD(): 12.8897ms
Frame 3843 end
Average processing time of GrabImageRGBD(): 12.8893ms
Frame 3844 end
Average processing time of GrabImageRGBD(): 12.8883ms
Frame 3845 end
Average processing time of GrabImageRGBD(): 12.8881ms
Frame 3846 end
Average processing time of GrabImageRGBD(): 12.8878ms
Frame 3847 end
Average processing time of GrabImageRGBD(): 12.8874ms
Frame 3848 end
Average processing time of GrabImageRGBD(): 12.8871ms
Frame 3849 end
Average processing time of GrabImageRGBD(): 12.8869ms
Frame 3850 end
Average processing time of GrabImageRGBD(): 12.8857ms
Frame 3851 end
Average processing time of GrabImageRGBD(): 12.8845ms
Frame 3852 end
Average processing time of GrabImageRGBD(): 12.8833ms
Frame 3853 end
Average processing time of GrabImageRGBD(): 12.8833ms
Frame 3854 end
Average processing time of GrabImageRGBD(): 12.8827ms
Frame 3855 end
Average processing time of GrabImageRGBD(): 12.8825ms
Frame 3856 end
Average processing time of GrabImageRGBD(): 12.8818ms
Frame 3857 end
Average processing time of GrabImageRGBD(): 12.8815ms
Frame 3858 end
Average processing time of GrabImageRGBD(): 12.8809ms
Frame 3859 end
Average processing time of GrabImageRGBD(): 12.8889ms
Frame 3860 end
Average processing time of GrabImageRGBD(): 12.8894ms
Frame 3861 end
Average processing time of GrabImageRGBD(): 12.8885ms
Frame 3862 end
Average processing time of GrabImageRGBD(): 12.8881ms
Frame 3863 end
Average processing time of GrabImageRGBD(): 12.8875ms
Frame 3864 end
Average processing time of GrabImageRGBD(): 12.8873ms
Frame 3865 end
Average processing time of GrabImageRGBD(): 12.8869ms
Frame 3866 end
Average processing time of GrabImageRGBD(): 12.8867ms
Frame 3867 end
Average processing time of GrabImageRGBD(): 12.8866ms
Frame 3868 end
Average processing time of GrabImageRGBD(): 12.8863ms
Frame 3869 end
Average processing time of GrabImageRGBD(): 12.8854ms
Frame 3870 end
Average processing time of GrabImageRGBD(): 12.8851ms
Frame 3871 end
Average processing time of GrabImageRGBD(): 12.8841ms
Frame 3872 end
Average processing time of GrabImageRGBD(): 12.8839ms
Frame 3873 end
Average processing time of GrabImageRGBD(): 12.8837ms
Frame 3874 end
Average processing time of GrabImageRGBD(): 12.8832ms
Frame 3875 end
Average processing time of GrabImageRGBD(): 12.8828ms
Frame 3876 end
Average processing time of GrabImageRGBD(): 12.891ms
Frame 3877 end
Average processing time of GrabImageRGBD(): 12.9007ms
Frame 3878 end
Average processing time of GrabImageRGBD(): 12.9011ms
Frame 3879 end
Average processing time of GrabImageRGBD(): 12.9005ms
Frame 3880 end
Average processing time of GrabImageRGBD(): 12.9007ms
Frame 3881 end
Average processing time of GrabImageRGBD(): 12.8997ms
Frame 3882 end
Average processing time of GrabImageRGBD(): 12.8995ms
Frame 3883 end
Average processing time of GrabImageRGBD(): 12.8993ms
Frame 3884 end
Average processing time of GrabImageRGBD(): 12.8988ms
Frame 3885 end
Average processing time of GrabImageRGBD(): 12.8982ms
Frame 3886 end
Average processing time of GrabImageRGBD(): 12.8965ms
Frame 3887 end
Average processing time of GrabImageRGBD(): 12.896ms
Frame 3888 end
Average processing time of GrabImageRGBD(): 12.8956ms
Frame 3889 end
Average processing time of GrabImageRGBD(): 12.8946ms
Frame 3890 end
Average processing time of GrabImageRGBD(): 12.8937ms
Frame 3891 end
Average processing time of GrabImageRGBD(): 12.9016ms
Frame 3892 end
Average processing time of GrabImageRGBD(): 12.9019ms
Frame 3893 end
Average processing time of GrabImageRGBD(): 12.9017ms
Frame 3894 end
Average processing time of GrabImageRGBD(): 12.9014ms
Frame 3895 end
Average processing time of GrabImageRGBD(): 12.9009ms
Frame 3896 end
Average processing time of GrabImageRGBD(): 12.9005ms
Frame 3897 end
Average processing time of GrabImageRGBD(): 12.9002ms
Frame 3898 end
Average processing time of GrabImageRGBD(): 12.8997ms
Frame 3899 end
Average processing time of GrabImageRGBD(): 12.8992ms
Frame 3900 end
Average processing time of GrabImageRGBD(): 12.8989ms
Frame 3901 end
Average processing time of GrabImageRGBD(): 12.8988ms
Frame 3902 end
Average processing time of GrabImageRGBD(): 12.8982ms
Frame 3903 end
Average processing time of GrabImageRGBD(): 12.8981ms
Frame 3904 end
Average processing time of GrabImageRGBD(): 12.8977ms
Frame 3905 end
Average processing time of GrabImageRGBD(): 12.9057ms
Frame 3906 end
Average processing time of GrabImageRGBD(): 12.906ms
Frame 3907 end
Average processing time of GrabImageRGBD(): 12.9056ms
Frame 3908 end
Average processing time of GrabImageRGBD(): 12.9054ms
Frame 3909 end
Average processing time of GrabImageRGBD(): 12.9049ms
Frame 3910 end
Average processing time of GrabImageRGBD(): 12.9047ms
Frame 3911 end
Average processing time of GrabImageRGBD(): 12.9035ms
Frame 3912 end
Average processing time of GrabImageRGBD(): 12.9034ms
Frame 3913 end
Average processing time of GrabImageRGBD(): 12.9029ms
Frame 3914 end
Average processing time of GrabImageRGBD(): 12.9024ms
Frame 3915 end
Average processing time of GrabImageRGBD(): 12.9021ms
Frame 3916 end
Average processing time of GrabImageRGBD(): 12.9006ms
Frame 3917 end
Average processing time of GrabImageRGBD(): 12.9003ms
Frame 3918 end
Average processing time of GrabImageRGBD(): 12.8997ms
Frame 3919 end
Average processing time of GrabImageRGBD(): 12.8988ms
Frame 3920 end
Average processing time of GrabImageRGBD(): 12.8984ms
Frame 3921 end
Average processing time of GrabImageRGBD(): 12.8979ms
Frame 3922 end
Average processing time of GrabImageRGBD(): 12.8974ms
Frame 3923 end
Average processing time of GrabImageRGBD(): 12.8969ms
Frame 3924 end
Average processing time of GrabImageRGBD(): 12.8958ms
Frame 3925 end
Average processing time of GrabImageRGBD(): 12.8953ms
Frame 3926 end
Average processing time of GrabImageRGBD(): 12.8947ms
Frame 3927 end
Average processing time of GrabImageRGBD(): 12.8943ms
Frame 3928 end
Average processing time of GrabImageRGBD(): 12.8937ms
Frame 3929 end
Average processing time of GrabImageRGBD(): 12.8934ms
Frame 3930 end
Average processing time of GrabImageRGBD(): 12.893ms
Frame 3931 end
Average processing time of GrabImageRGBD(): 12.8917ms
Frame 3932 end
Average processing time of GrabImageRGBD(): 12.8911ms
Frame 3933 end
Average processing time of GrabImageRGBD(): 12.8993ms
Frame 3934 end
Average processing time of GrabImageRGBD(): 12.8994ms
Frame 3935 end
Average processing time of GrabImageRGBD(): 12.8987ms
Frame 3936 end
Average processing time of GrabImageRGBD(): 12.8982ms
Frame 3937 end
Average processing time of GrabImageRGBD(): 12.8982ms
Frame 3938 end
Average processing time of GrabImageRGBD(): 12.8981ms
Frame 3939 end
Average processing time of GrabImageRGBD(): 12.8984ms
Frame 3940 end
Average processing time of GrabImageRGBD(): 12.8981ms
Frame 3941 end
Average processing time of GrabImageRGBD(): 12.8979ms
Frame 3942 end
Average processing time of GrabImageRGBD(): 12.8978ms
Frame 3943 end
Average processing time of GrabImageRGBD(): 12.8974ms
Frame 3944 end
Average processing time of GrabImageRGBD(): 12.8969ms
Frame 3945 end
Average processing time of GrabImageRGBD(): 12.8964ms
Frame 3946 end
Average processing time of GrabImageRGBD(): 12.8961ms
Frame 3947 end
Average processing time of GrabImageRGBD(): 12.8955ms
Frame 3948 end
Average processing time of GrabImageRGBD(): 12.9036ms
Frame 3949 end
Average processing time of GrabImageRGBD(): 12.9038ms
Frame 3950 end
Average processing time of GrabImageRGBD(): 12.9035ms
Frame 3951 end
Average processing time of GrabImageRGBD(): 12.9033ms
Frame 3952 end
Average processing time of GrabImageRGBD(): 12.9025ms
Frame 3953 end
Average processing time of GrabImageRGBD(): 12.9022ms
Frame 3954 end
Average processing time of GrabImageRGBD(): 12.9022ms
Frame 3955 end
Average processing time of GrabImageRGBD(): 12.9021ms
Frame 3956 end
Average processing time of GrabImageRGBD(): 12.902ms
Frame 3957 end
Average processing time of GrabImageRGBD(): 12.9009ms
Frame 3958 end
Average processing time of GrabImageRGBD(): 12.9006ms
Frame 3959 end
Average processing time of GrabImageRGBD(): 12.9002ms
Frame 3960 end
Average processing time of GrabImageRGBD(): 12.9ms
Frame 3961 end
Average processing time of GrabImageRGBD(): 12.8994ms
Frame 3962 end
Average processing time of GrabImageRGBD(): 12.8991ms
Frame 3963 end
Average processing time of GrabImageRGBD(): 12.8982ms
Frame 3964 end
Average processing time of GrabImageRGBD(): 12.8976ms
Frame 3965 end
Average processing time of GrabImageRGBD(): 12.897ms
Frame 3966 end
Average processing time of GrabImageRGBD(): 12.8962ms
Frame 3967 end
Average processing time of GrabImageRGBD(): 12.8958ms
Frame 3968 end
Average processing time of GrabImageRGBD(): 12.8952ms
Frame 3969 end
Average processing time of GrabImageRGBD(): 12.8948ms
Frame 3970 end
Average processing time of GrabImageRGBD(): 12.8935ms
Frame 3971 end
Average processing time of GrabImageRGBD(): 12.8931ms
Frame 3972 end
Average processing time of GrabImageRGBD(): 12.8927ms
Frame 3973 end
Average processing time of GrabImageRGBD(): 12.8925ms
Frame 3974 end
Average processing time of GrabImageRGBD(): 12.8919ms
Frame 3975 end
Average processing time of GrabImageRGBD(): 12.8905ms
Frame 3976 end
Average processing time of GrabImageRGBD(): 12.8901ms
Frame 3977 end
Average processing time of GrabImageRGBD(): 12.8894ms
Frame 3978 end
Average processing time of GrabImageRGBD(): 12.8891ms
Frame 3979 end
Average processing time of GrabImageRGBD(): 12.8885ms
Frame 3980 end
Average processing time of GrabImageRGBD(): 12.8882ms
Frame 3981 end
Average processing time of GrabImageRGBD(): 12.8876ms
Frame 3982 end
Shutdown
-------

median tracking time: 0.0115664
mean tracking time: 0.0135245

Saving camera trajectory to CameraTrajectory.txt ...

Saving keyframe trajectory to KeyFrameTrajectory.txt ...
