
ORB-SLAM3 Copyright (C) 2017-2020 Carlos Campos, Richard Elvira, Juan J. Gómez, José M.M. Montiel and Juan D. Tardós, University of Zaragoza.
ORB-SLAM2 Copyright (C) 2014-2016 Raúl Mur-Artal, José M.M. Montiel and Juan D. Tardós, University of Zaragoza.
This program comes with ABSOLUTELY NO WARRANTY;
This is free software, and you are welcome to redistribute it
under certain conditions. See LICENSE.txt.

Input sensor was set to: RGB-D
Loading settings from /home/bingxin/Downloads/NGD-SLAM/Examples/RGB-D/TUM2.yaml
	-Loaded camera 1
Camera.newHeight optional parameter does not exist...
Camera.newWidth optional parameter does not exist...
	-Loaded image info
	-Loaded RGB-D calibration
	-Loaded ORB settings
Viewer.imageViewScale optional parameter does not exist...
	-Loaded viewer settings
System.LoadAtlasFromFile optional parameter does not exist...
System.SaveAtlasToFile optional parameter does not exist...
	-Loaded Atlas settings
System.thFarPoints optional parameter does not exist...
	-Loaded misc parameters
----------------------------------
SLAM settings: 
	-Camera 1 parameters (Pinhole): [ 520.909 521.007 325.141 249.702 ]
	-Camera 1 distortion parameters: [  0.231222 -0.784899 -0.003257 -0.000105 0.917205 ]
	-Original image size: [ 640 , 480 ]
	-Current image size: [ 640 , 480 ]
	-Sequence FPS: 30
	-RGB-D depth map factor: 5208
	-Features per image: 1000
	-ORB scale factor: 1.2
	-ORB number of scales: 8
	-Initial FAST threshold: 20
	-Min FAST threshold: 7


Loading ORB Vocabulary. This could take a while...
Vocabulary loaded!

Initialization of Atlas from scratch 
Creation of new map with id: 0
Creation of new map with last KF id: 0
Seq. Name: 
There are 1 cameras in the atlas
Camera 0 is pinhole
Net use yolo-fastest

-------
Start processing sequence ...
Images in the sequence: 3983

First KF:0; Map init KF:0
New Map created with 571 points
Average processing time of GrabImageRGBD(): 45.9843ms
Frame 0 end
Average processing time of GrabImageRGBD(): 35.0578ms
Frame 1 end
Average processing time of GrabImageRGBD(): 31.0571ms
Frame 2 end
Average processing time of GrabImageRGBD(): 25.4767ms
Frame 3 end
Average processing time of GrabImageRGBD(): 21.0272ms
Frame 4 end
Average processing time of GrabImageRGBD(): 18.9006ms
Frame 5 end
Starting the Viewer
Average processing time of GrabImageRGBD(): 16.6587ms
Frame 6 end
Average processing time of GrabImageRGBD(): 15.5291ms
Frame 7 end
Average processing time of GrabImageRGBD(): 14.5795ms
Frame 8 end
Average processing time of GrabImageRGBD(): 13.9816ms
Frame 9 end
Average processing time of GrabImageRGBD(): 13.1385ms
Frame 10 end
Average processing time of GrabImageRGBD(): 12.6911ms
Frame 11 end
Average processing time of GrabImageRGBD(): 12.2255ms
Frame 12 end
Average processing time of GrabImageRGBD(): 11.9084ms
Frame 13 end
Average processing time of GrabImageRGBD(): 11.6414ms
Frame 14 end
Average processing time of GrabImageRGBD(): 11.1357ms
Frame 15 end
Average processing time of GrabImageRGBD(): 10.973ms
Frame 16 end
Average processing time of GrabImageRGBD(): 10.8208ms
Frame 17 end
Average processing time of GrabImageRGBD(): 10.6404ms
Frame 18 end
Average processing time of GrabImageRGBD(): 10.4604ms
Frame 19 end
Average processing time of GrabImageRGBD(): 10.1778ms
Frame 20 end
Average processing time of GrabImageRGBD(): 9.8462ms
Frame 21 end
Average processing time of GrabImageRGBD(): 9.78494ms
Frame 22 end
Average processing time of GrabImageRGBD(): 9.72684ms
Frame 23 end
Average processing time of GrabImageRGBD(): 9.44794ms
Frame 24 end
Average processing time of GrabImageRGBD(): 9.42076ms
Frame 25 end
Average processing time of GrabImageRGBD(): 9.34928ms
Frame 26 end
Average processing time of GrabImageRGBD(): 9.28346ms
Frame 27 end
Average processing time of GrabImageRGBD(): 9.14236ms
Frame 28 end
Average processing time of GrabImageRGBD(): 8.99263ms
Frame 29 end
Average processing time of GrabImageRGBD(): 8.8012ms
Frame 30 end
Average processing time of GrabImageRGBD(): 8.77222ms
Frame 31 end
Average processing time of GrabImageRGBD(): 8.74253ms
Frame 32 end
Average processing time of GrabImageRGBD(): 8.58846ms
Frame 33 end
Average processing time of GrabImageRGBD(): 8.57272ms
Frame 34 end
Average processing time of GrabImageRGBD(): 8.4235ms
Frame 35 end
Average processing time of GrabImageRGBD(): 8.40027ms
Frame 36 end
Average processing time of GrabImageRGBD(): 8.32633ms
Frame 37 end
Average processing time of GrabImageRGBD(): 8.32081ms
Frame 38 end
Average processing time of GrabImageRGBD(): 8.22102ms
Frame 39 end
Average processing time of GrabImageRGBD(): 8.14384ms
Frame 40 end
Average processing time of GrabImageRGBD(): 8.08897ms
Frame 41 end
Average processing time of GrabImageRGBD(): 8.07791ms
Frame 42 end
Average processing time of GrabImageRGBD(): 8.08171ms
Frame 43 end
Average processing time of GrabImageRGBD(): 8.06492ms
Frame 44 end
Average processing time of GrabImageRGBD(): 7.9595ms
Frame 45 end
Average processing time of GrabImageRGBD(): 7.88546ms
Frame 46 end
Average processing time of GrabImageRGBD(): 7.78627ms
Frame 47 end
Average processing time of GrabImageRGBD(): 7.70553ms
Frame 48 end
Average processing time of GrabImageRGBD(): 7.69787ms
Frame 49 end
Average processing time of GrabImageRGBD(): 7.60701ms
Frame 50 end
Average processing time of GrabImageRGBD(): 7.53978ms
Frame 51 end
Average processing time of GrabImageRGBD(): 7.47103ms
Frame 52 end
Average processing time of GrabImageRGBD(): 7.41865ms
Frame 53 end
Average processing time of GrabImageRGBD(): 7.33881ms
Frame 54 end
Average processing time of GrabImageRGBD(): 7.28998ms
Frame 55 end
Average processing time of GrabImageRGBD(): 7.29099ms
Frame 56 end
Average processing time of GrabImageRGBD(): 7.28941ms
Frame 57 end
Average processing time of GrabImageRGBD(): 7.29767ms
Frame 58 end
Average processing time of GrabImageRGBD(): 7.2287ms
Frame 59 end
Average processing time of GrabImageRGBD(): 7.17736ms
Frame 60 end
Average processing time of GrabImageRGBD(): 7.18917ms
Frame 61 end
Average processing time of GrabImageRGBD(): 7.1911ms
Frame 62 end
Average processing time of GrabImageRGBD(): 7.20223ms
Frame 63 end
Average processing time of GrabImageRGBD(): 7.14181ms
Frame 64 end
Average processing time of GrabImageRGBD(): 7.08494ms
Frame 65 end
Average processing time of GrabImageRGBD(): 7.05075ms
Frame 66 end
Average processing time of GrabImageRGBD(): 6.99424ms
Frame 67 end
Average processing time of GrabImageRGBD(): 6.95522ms
Frame 68 end
Average processing time of GrabImageRGBD(): 6.96422ms
Frame 69 end
Average processing time of GrabImageRGBD(): 6.97162ms
Frame 70 end
Average processing time of GrabImageRGBD(): 6.98137ms
Frame 71 end
Average processing time of GrabImageRGBD(): 6.96133ms
Frame 72 end
Average processing time of GrabImageRGBD(): 6.92592ms
Frame 73 end
Average processing time of GrabImageRGBD(): 6.87754ms
Frame 74 end
Average processing time of GrabImageRGBD(): 6.87985ms
Frame 75 end
Average processing time of GrabImageRGBD(): 6.87919ms
Frame 76 end
Average processing time of GrabImageRGBD(): 6.84764ms
Frame 77 end
Average processing time of GrabImageRGBD(): 6.85186ms
Frame 78 end
Average processing time of GrabImageRGBD(): 6.8555ms
Frame 79 end
Average processing time of GrabImageRGBD(): 6.80925ms
Frame 80 end
Average processing time of GrabImageRGBD(): 6.80742ms
Frame 81 end
Average processing time of GrabImageRGBD(): 6.80037ms
Frame 82 end
Average processing time of GrabImageRGBD(): 6.8105ms
Frame 83 end
Average processing time of GrabImageRGBD(): 6.80213ms
Frame 84 end
Average processing time of GrabImageRGBD(): 6.80776ms
Frame 85 end
Average processing time of GrabImageRGBD(): 6.79789ms
Frame 86 end
Average processing time of GrabImageRGBD(): 6.7557ms
Frame 87 end
Average processing time of GrabImageRGBD(): 6.71684ms
Frame 88 end
Average processing time of GrabImageRGBD(): 6.71612ms
Frame 89 end
Average processing time of GrabImageRGBD(): 6.73055ms
Frame 90 end
Average processing time of GrabImageRGBD(): 6.74666ms
Frame 91 end
Average processing time of GrabImageRGBD(): 6.75768ms
Frame 92 end
Average processing time of GrabImageRGBD(): 6.71874ms
Frame 93 end
Average processing time of GrabImageRGBD(): 6.73235ms
Frame 94 end
Average processing time of GrabImageRGBD(): 6.74323ms
Frame 95 end
Average processing time of GrabImageRGBD(): 6.76074ms
Frame 96 end
Average processing time of GrabImageRGBD(): 6.72369ms
Frame 97 end
Average processing time of GrabImageRGBD(): 6.74073ms
Frame 98 end
Average processing time of GrabImageRGBD(): 6.74134ms
Frame 99 end
Average processing time of GrabImageRGBD(): 6.75882ms
Frame 100 end
Average processing time of GrabImageRGBD(): 6.76936ms
Frame 101 end
Average processing time of GrabImageRGBD(): 6.73605ms
Frame 102 end
Average processing time of GrabImageRGBD(): 6.69988ms
Frame 103 end
Average processing time of GrabImageRGBD(): 6.66901ms
Frame 104 end
Average processing time of GrabImageRGBD(): 6.63535ms
Frame 105 end
Average processing time of GrabImageRGBD(): 6.65089ms
Frame 106 end
Average processing time of GrabImageRGBD(): 6.6644ms
Frame 107 end
Average processing time of GrabImageRGBD(): 6.63438ms
Frame 108 end
Average processing time of GrabImageRGBD(): 6.60286ms
Frame 109 end
Average processing time of GrabImageRGBD(): 6.60892ms
Frame 110 end
Average processing time of GrabImageRGBD(): 6.58296ms
Frame 111 end
Average processing time of GrabImageRGBD(): 6.74999ms
Frame 112 end
Average processing time of GrabImageRGBD(): 6.71472ms
Frame 113 end
Average processing time of GrabImageRGBD(): 6.67648ms
Frame 114 end
Average processing time of GrabImageRGBD(): 6.67148ms
Frame 115 end
Average processing time of GrabImageRGBD(): 6.66218ms
Frame 116 end
Average processing time of GrabImageRGBD(): 6.65169ms
Frame 117 end
Average processing time of GrabImageRGBD(): 6.64283ms
Frame 118 end
Average processing time of GrabImageRGBD(): 6.61178ms
Frame 119 end
Average processing time of GrabImageRGBD(): 6.58108ms
Frame 120 end
Average processing time of GrabImageRGBD(): 6.57505ms
Frame 121 end
Average processing time of GrabImageRGBD(): 6.54339ms
Frame 122 end
Average processing time of GrabImageRGBD(): 6.52131ms
Frame 123 end
Average processing time of GrabImageRGBD(): 6.50077ms
Frame 124 end
Average processing time of GrabImageRGBD(): 6.47535ms
Frame 125 end
Average processing time of GrabImageRGBD(): 6.44513ms
Frame 126 end
Average processing time of GrabImageRGBD(): 6.43428ms
Frame 127 end
Average processing time of GrabImageRGBD(): 6.42777ms
Frame 128 end
Average processing time of GrabImageRGBD(): 6.41884ms
Frame 129 end
Average processing time of GrabImageRGBD(): 6.41281ms
Frame 130 end
Average processing time of GrabImageRGBD(): 6.38702ms
Frame 131 end
Average processing time of GrabImageRGBD(): 6.38133ms
Frame 132 end
Average processing time of GrabImageRGBD(): 6.50386ms
Frame 133 end
Average processing time of GrabImageRGBD(): 6.47949ms
Frame 134 end
Average processing time of GrabImageRGBD(): 6.4485ms
Frame 135 end
Average processing time of GrabImageRGBD(): 6.57093ms
Frame 136 end
Average processing time of GrabImageRGBD(): 6.57597ms
Frame 137 end
Average processing time of GrabImageRGBD(): 6.5848ms
Frame 138 end
Average processing time of GrabImageRGBD(): 6.55874ms
Frame 139 end
Average processing time of GrabImageRGBD(): 6.56146ms
Frame 140 end
Average processing time of GrabImageRGBD(): 6.56929ms
Frame 141 end
Average processing time of GrabImageRGBD(): 6.56857ms
Frame 142 end
Average processing time of GrabImageRGBD(): 6.57216ms
Frame 143 end
Average processing time of GrabImageRGBD(): 6.55719ms
Frame 144 end
Average processing time of GrabImageRGBD(): 6.53645ms
Frame 145 end
Average processing time of GrabImageRGBD(): 6.5268ms
Frame 146 end
Average processing time of GrabImageRGBD(): 6.50021ms
Frame 147 end
Average processing time of GrabImageRGBD(): 6.49434ms
Frame 148 end
Average processing time of GrabImageRGBD(): 6.49825ms
Frame 149 end
Average processing time of GrabImageRGBD(): 6.47477ms
Frame 150 end
Average processing time of GrabImageRGBD(): 6.47696ms
Frame 151 end
Average processing time of GrabImageRGBD(): 6.476ms
Frame 152 end
Average processing time of GrabImageRGBD(): 6.46255ms
Frame 153 end
Average processing time of GrabImageRGBD(): 6.58548ms
Frame 154 end
Average processing time of GrabImageRGBD(): 6.57844ms
Frame 155 end
Average processing time of GrabImageRGBD(): 6.57825ms
Frame 156 end
Average processing time of GrabImageRGBD(): 6.56225ms
Frame 157 end
Average processing time of GrabImageRGBD(): 6.53943ms
Frame 158 end
Average processing time of GrabImageRGBD(): 6.53699ms
Frame 159 end
Average processing time of GrabImageRGBD(): 6.51383ms
Frame 160 end
Average processing time of GrabImageRGBD(): 6.51348ms
Frame 161 end
Average processing time of GrabImageRGBD(): 6.51143ms
Frame 162 end
Average processing time of GrabImageRGBD(): 6.61636ms
Frame 163 end
Average processing time of GrabImageRGBD(): 6.61919ms
Frame 164 end
Average processing time of GrabImageRGBD(): 6.59478ms
Frame 165 end
Average processing time of GrabImageRGBD(): 6.59908ms
Frame 166 end
Average processing time of GrabImageRGBD(): 6.57671ms
Frame 167 end
Average processing time of GrabImageRGBD(): 6.58218ms
Frame 168 end
Average processing time of GrabImageRGBD(): 6.57283ms
Frame 169 end
Average processing time of GrabImageRGBD(): 6.57646ms
Frame 170 end
Average processing time of GrabImageRGBD(): 6.56378ms
Frame 171 end
Average processing time of GrabImageRGBD(): 6.56609ms
Frame 172 end
Average processing time of GrabImageRGBD(): 6.55052ms
Frame 173 end
Average processing time of GrabImageRGBD(): 6.55244ms
Frame 174 end
Average processing time of GrabImageRGBD(): 6.55567ms
Frame 175 end
Average processing time of GrabImageRGBD(): 6.54969ms
Frame 176 end
Average processing time of GrabImageRGBD(): 6.53102ms
Frame 177 end
Average processing time of GrabImageRGBD(): 6.5127ms
Frame 178 end
Average processing time of GrabImageRGBD(): 6.51465ms
Frame 179 end
Average processing time of GrabImageRGBD(): 6.51031ms
Frame 180 end
Average processing time of GrabImageRGBD(): 6.51277ms
Frame 181 end
Average processing time of GrabImageRGBD(): 6.51263ms
Frame 182 end
Average processing time of GrabImageRGBD(): 6.50714ms
Frame 183 end
Average processing time of GrabImageRGBD(): 6.48821ms
Frame 184 end
Average processing time of GrabImageRGBD(): 6.47485ms
Frame 185 end
Average processing time of GrabImageRGBD(): 6.46659ms
Frame 186 end
Average processing time of GrabImageRGBD(): 6.56379ms
Frame 187 end
Average processing time of GrabImageRGBD(): 6.5673ms
Frame 188 end
Average processing time of GrabImageRGBD(): 6.66352ms
Frame 189 end
Average processing time of GrabImageRGBD(): 6.65458ms
Frame 190 end
Average processing time of GrabImageRGBD(): 6.63336ms
Frame 191 end
Average processing time of GrabImageRGBD(): 6.64102ms
Frame 192 end
Average processing time of GrabImageRGBD(): 6.62245ms
Frame 193 end
Average processing time of GrabImageRGBD(): 6.62076ms
Frame 194 end
Average processing time of GrabImageRGBD(): 6.62898ms
Frame 195 end
Average processing time of GrabImageRGBD(): 6.63562ms
Frame 196 end
Average processing time of GrabImageRGBD(): 6.63958ms
Frame 197 end
Average processing time of GrabImageRGBD(): 6.63794ms
Frame 198 end
Average processing time of GrabImageRGBD(): 6.64306ms
Frame 199 end
Average processing time of GrabImageRGBD(): 6.64984ms
Frame 200 end
Average processing time of GrabImageRGBD(): 6.6304ms
Frame 201 end
Average processing time of GrabImageRGBD(): 6.63544ms
Frame 202 end
Average processing time of GrabImageRGBD(): 6.64129ms
Frame 203 end
Average processing time of GrabImageRGBD(): 6.6454ms
Frame 204 end
Average processing time of GrabImageRGBD(): 6.73382ms
Frame 205 end
Average processing time of GrabImageRGBD(): 6.74316ms
Frame 206 end
Average processing time of GrabImageRGBD(): 6.72273ms
Frame 207 end
Average processing time of GrabImageRGBD(): 6.72853ms
Frame 208 end
Average processing time of GrabImageRGBD(): 6.73305ms
Frame 209 end
Average processing time of GrabImageRGBD(): 6.71541ms
Frame 210 end
Average processing time of GrabImageRGBD(): 6.70299ms
Frame 211 end
Average processing time of GrabImageRGBD(): 6.68706ms
Frame 212 end
Average processing time of GrabImageRGBD(): 6.67022ms
Frame 213 end
Average processing time of GrabImageRGBD(): 6.67322ms
Frame 214 end
Average processing time of GrabImageRGBD(): 6.65475ms
Frame 215 end
Average processing time of GrabImageRGBD(): 6.75028ms
Frame 216 end
Average processing time of GrabImageRGBD(): 6.73981ms
Frame 217 end
Average processing time of GrabImageRGBD(): 6.74113ms
Frame 218 end
Average processing time of GrabImageRGBD(): 6.72392ms
Frame 219 end
Average processing time of GrabImageRGBD(): 6.72503ms
Frame 220 end
Average processing time of GrabImageRGBD(): 6.81136ms
Frame 221 end
Average processing time of GrabImageRGBD(): 6.79738ms
Frame 222 end
Average processing time of GrabImageRGBD(): 6.77835ms
Frame 223 end
Average processing time of GrabImageRGBD(): 6.78094ms
Frame 224 end
Average processing time of GrabImageRGBD(): 6.77223ms
Frame 225 end
Average processing time of GrabImageRGBD(): 6.75734ms
Frame 226 end
Average processing time of GrabImageRGBD(): 6.75852ms
Frame 227 end
Average processing time of GrabImageRGBD(): 6.7615ms
Frame 228 end
Average processing time of GrabImageRGBD(): 6.7653ms
Frame 229 end
Average processing time of GrabImageRGBD(): 6.75013ms
Frame 230 end
Average processing time of GrabImageRGBD(): 6.75129ms
Frame 231 end
Average processing time of GrabImageRGBD(): 6.8397ms
Frame 232 end
Average processing time of GrabImageRGBD(): 6.82456ms
Frame 233 end
Average processing time of GrabImageRGBD(): 6.80719ms
Frame 234 end
Average processing time of GrabImageRGBD(): 6.81045ms
Frame 235 end
Average processing time of GrabImageRGBD(): 6.79699ms
Frame 236 end
Average processing time of GrabImageRGBD(): 6.78894ms
Frame 237 end
Average processing time of GrabImageRGBD(): 6.79014ms
Frame 238 end
Average processing time of GrabImageRGBD(): 6.77508ms
Frame 239 end
Average processing time of GrabImageRGBD(): 6.77654ms
Frame 240 end
Average processing time of GrabImageRGBD(): 6.76071ms
Frame 241 end
Average processing time of GrabImageRGBD(): 6.76118ms
Frame 242 end
Average processing time of GrabImageRGBD(): 6.76299ms
Frame 243 end
Average processing time of GrabImageRGBD(): 6.87225ms
Frame 244 end
Average processing time of GrabImageRGBD(): 6.86161ms
Frame 245 end
Average processing time of GrabImageRGBD(): 6.84552ms
Frame 246 end
Average processing time of GrabImageRGBD(): 6.8311ms
Frame 247 end
Average processing time of GrabImageRGBD(): 6.91586ms
Frame 248 end
Average processing time of GrabImageRGBD(): 6.90478ms
Frame 249 end
Average processing time of GrabImageRGBD(): 6.88903ms
Frame 250 end
Average processing time of GrabImageRGBD(): 6.87629ms
Frame 251 end
Average processing time of GrabImageRGBD(): 6.86854ms
Frame 252 end
Average processing time of GrabImageRGBD(): 6.87365ms
Frame 253 end
Average processing time of GrabImageRGBD(): 6.8752ms
Frame 254 end
Average processing time of GrabImageRGBD(): 6.87978ms
Frame 255 end
Average processing time of GrabImageRGBD(): 6.87489ms
Frame 256 end
Average processing time of GrabImageRGBD(): 6.85943ms
Frame 257 end
Average processing time of GrabImageRGBD(): 6.85068ms
Frame 258 end
Average processing time of GrabImageRGBD(): 6.85267ms
Frame 259 end
Average processing time of GrabImageRGBD(): 6.93363ms
Frame 260 end
Average processing time of GrabImageRGBD(): 6.92619ms
Frame 261 end
Average processing time of GrabImageRGBD(): 6.90969ms
Frame 262 end
Average processing time of GrabImageRGBD(): 6.89612ms
Frame 263 end
Average processing time of GrabImageRGBD(): 6.88449ms
Frame 264 end
Average processing time of GrabImageRGBD(): 6.88634ms
Frame 265 end
Average processing time of GrabImageRGBD(): 6.88839ms
Frame 266 end
Average processing time of GrabImageRGBD(): 6.89033ms
Frame 267 end
Average processing time of GrabImageRGBD(): 6.87682ms
Frame 268 end
Average processing time of GrabImageRGBD(): 6.9912ms
Frame 269 end
Average processing time of GrabImageRGBD(): 6.98084ms
Frame 270 end
Average processing time of GrabImageRGBD(): 6.97994ms
Frame 271 end
Average processing time of GrabImageRGBD(): 6.9764ms
Frame 272 end
Average processing time of GrabImageRGBD(): 6.97928ms
Frame 273 end
Average processing time of GrabImageRGBD(): 6.96523ms
Frame 274 end
Average processing time of GrabImageRGBD(): 6.96074ms
Frame 275 end
Average processing time of GrabImageRGBD(): 7.04264ms
Frame 276 end
Average processing time of GrabImageRGBD(): 7.04064ms
Frame 277 end
Average processing time of GrabImageRGBD(): 7.02533ms
Frame 278 end
Average processing time of GrabImageRGBD(): 7.01123ms
Frame 279 end
Average processing time of GrabImageRGBD(): 7.09322ms
Frame 280 end
Average processing time of GrabImageRGBD(): 7.08241ms
Frame 281 end
Average processing time of GrabImageRGBD(): 7.08576ms
Frame 282 end
Average processing time of GrabImageRGBD(): 7.0879ms
Frame 283 end
Average processing time of GrabImageRGBD(): 7.086ms
Frame 284 end
Average processing time of GrabImageRGBD(): 7.16579ms
Frame 285 end
Average processing time of GrabImageRGBD(): 7.15549ms
Frame 286 end
Average processing time of GrabImageRGBD(): 7.16276ms
Frame 287 end
Average processing time of GrabImageRGBD(): 7.16386ms
Frame 288 end
Average processing time of GrabImageRGBD(): 7.15142ms
Frame 289 end
Average processing time of GrabImageRGBD(): 7.15651ms
Frame 290 end
Average processing time of GrabImageRGBD(): 7.15585ms
Frame 291 end
Average processing time of GrabImageRGBD(): 7.1586ms
Frame 292 end
Average processing time of GrabImageRGBD(): 7.16281ms
Frame 293 end
Average processing time of GrabImageRGBD(): 7.15406ms
Frame 294 end
Average processing time of GrabImageRGBD(): 7.24139ms
Frame 295 end
Average processing time of GrabImageRGBD(): 7.23073ms
Frame 296 end
Average processing time of GrabImageRGBD(): 7.21612ms
Frame 297 end
Average processing time of GrabImageRGBD(): 7.2885ms
Frame 298 end
Average processing time of GrabImageRGBD(): 7.28201ms
Frame 299 end
Average processing time of GrabImageRGBD(): 7.28417ms
Frame 300 end
Average processing time of GrabImageRGBD(): 7.28702ms
Frame 301 end
Average processing time of GrabImageRGBD(): 7.28909ms
Frame 302 end
Average processing time of GrabImageRGBD(): 7.37692ms
Frame 303 end
Average processing time of GrabImageRGBD(): 7.37777ms
Frame 304 end
Average processing time of GrabImageRGBD(): 7.37865ms
Frame 305 end
Average processing time of GrabImageRGBD(): 7.44985ms
Frame 306 end
Average processing time of GrabImageRGBD(): 7.45596ms
Frame 307 end
Average processing time of GrabImageRGBD(): 7.44971ms
Frame 308 end
Average processing time of GrabImageRGBD(): 7.43583ms
Frame 309 end
Average processing time of GrabImageRGBD(): 7.43629ms
Frame 310 end
Average processing time of GrabImageRGBD(): 7.43397ms
Frame 311 end
Average processing time of GrabImageRGBD(): 7.42135ms
Frame 312 end
Average processing time of GrabImageRGBD(): 7.42238ms
Frame 313 end
Average processing time of GrabImageRGBD(): 7.48241ms
Frame 314 end
Average processing time of GrabImageRGBD(): 7.48756ms
Frame 315 end
Average processing time of GrabImageRGBD(): 7.50775ms
Frame 316 end
Average processing time of GrabImageRGBD(): 7.51105ms
Frame 317 end
Average processing time of GrabImageRGBD(): 7.51094ms
Frame 318 end
Average processing time of GrabImageRGBD(): 7.51025ms
Frame 319 end
Average processing time of GrabImageRGBD(): 7.50881ms
Frame 320 end
Average processing time of GrabImageRGBD(): 7.6044ms
Frame 321 end
Average processing time of GrabImageRGBD(): 7.60708ms
Frame 322 end
Average processing time of GrabImageRGBD(): 7.59106ms
Frame 323 end
Average processing time of GrabImageRGBD(): 7.58992ms
Frame 324 end
Average processing time of GrabImageRGBD(): 7.57561ms
Frame 325 end
Average processing time of GrabImageRGBD(): 7.64222ms
Frame 326 end
Average processing time of GrabImageRGBD(): 7.65174ms
Frame 327 end
Average processing time of GrabImageRGBD(): 7.65841ms
Frame 328 end
Average processing time of GrabImageRGBD(): 7.64488ms
Frame 329 end
Average processing time of GrabImageRGBD(): 7.645ms
Frame 330 end
Average processing time of GrabImageRGBD(): 7.70639ms
Frame 331 end
Average processing time of GrabImageRGBD(): 7.70217ms
Frame 332 end
Average processing time of GrabImageRGBD(): 7.70625ms
Frame 333 end
Average processing time of GrabImageRGBD(): 7.69659ms
Frame 334 end
Average processing time of GrabImageRGBD(): 7.69882ms
Frame 335 end
Average processing time of GrabImageRGBD(): 7.69398ms
Frame 336 end
Average processing time of GrabImageRGBD(): 7.69665ms
Frame 337 end
Average processing time of GrabImageRGBD(): 7.69826ms
Frame 338 end
Average processing time of GrabImageRGBD(): 7.69965ms
Frame 339 end
Average processing time of GrabImageRGBD(): 7.70117ms
Frame 340 end
Average processing time of GrabImageRGBD(): 7.70551ms
Frame 341 end
Average processing time of GrabImageRGBD(): 7.70831ms
Frame 342 end
Average processing time of GrabImageRGBD(): 7.69381ms
Frame 343 end
Average processing time of GrabImageRGBD(): 7.69572ms
Frame 344 end
Average processing time of GrabImageRGBD(): 7.68268ms
Frame 345 end
Average processing time of GrabImageRGBD(): 7.68368ms
Frame 346 end
Average processing time of GrabImageRGBD(): 7.67587ms
Frame 347 end
Average processing time of GrabImageRGBD(): 7.66316ms
Frame 348 end
Average processing time of GrabImageRGBD(): 7.66612ms
Frame 349 end
Average processing time of GrabImageRGBD(): 7.6673ms
Frame 350 end
Average processing time of GrabImageRGBD(): 7.66828ms
Frame 351 end
Average processing time of GrabImageRGBD(): 7.66857ms
Frame 352 end
Average processing time of GrabImageRGBD(): 7.66435ms
Frame 353 end
Average processing time of GrabImageRGBD(): 7.65247ms
Frame 354 end
Average processing time of GrabImageRGBD(): 7.64258ms
Frame 355 end
Average processing time of GrabImageRGBD(): 7.72638ms
Frame 356 end
Average processing time of GrabImageRGBD(): 7.71883ms
Frame 357 end
Average processing time of GrabImageRGBD(): 7.70419ms
Frame 358 end
Average processing time of GrabImageRGBD(): 7.69297ms
Frame 359 end
Average processing time of GrabImageRGBD(): 7.68935ms
Frame 360 end
Average processing time of GrabImageRGBD(): 7.68259ms
Frame 361 end
Average processing time of GrabImageRGBD(): 7.75843ms
Frame 362 end
Average processing time of GrabImageRGBD(): 7.76087ms
Frame 363 end
Average processing time of GrabImageRGBD(): 7.74787ms
Frame 364 end
Average processing time of GrabImageRGBD(): 7.74506ms
Frame 365 end
Average processing time of GrabImageRGBD(): 7.80221ms
Frame 366 end
Average processing time of GrabImageRGBD(): 7.79226ms
Frame 367 end
Average processing time of GrabImageRGBD(): 7.79334ms
Frame 368 end
Average processing time of GrabImageRGBD(): 7.79307ms
Frame 369 end
Average processing time of GrabImageRGBD(): 7.78115ms
Frame 370 end
Average processing time of GrabImageRGBD(): 7.76968ms
Frame 371 end
Average processing time of GrabImageRGBD(): 7.76884ms
Frame 372 end
Average processing time of GrabImageRGBD(): 7.75697ms
Frame 373 end
Average processing time of GrabImageRGBD(): 7.74951ms
Frame 374 end
Average processing time of GrabImageRGBD(): 7.73998ms
Frame 375 end
Average processing time of GrabImageRGBD(): 7.73844ms
Frame 376 end
Average processing time of GrabImageRGBD(): 7.72587ms
Frame 377 end
Average processing time of GrabImageRGBD(): 7.72496ms
Frame 378 end
Average processing time of GrabImageRGBD(): 7.72549ms
Frame 379 end
Average processing time of GrabImageRGBD(): 7.77743ms
Frame 380 end
Average processing time of GrabImageRGBD(): 7.76774ms
Frame 381 end
Average processing time of GrabImageRGBD(): 7.75463ms
Frame 382 end
Average processing time of GrabImageRGBD(): 7.75487ms
Frame 383 end
Average processing time of GrabImageRGBD(): 7.81307ms
Frame 384 end
Average processing time of GrabImageRGBD(): 7.8027ms
Frame 385 end
Average processing time of GrabImageRGBD(): 7.79059ms
Frame 386 end
Average processing time of GrabImageRGBD(): 7.78198ms
Frame 387 end
Average processing time of GrabImageRGBD(): 7.78354ms
Frame 388 end
Average processing time of GrabImageRGBD(): 7.78411ms
Frame 389 end
Average processing time of GrabImageRGBD(): 7.78492ms
Frame 390 end
Average processing time of GrabImageRGBD(): 7.78562ms
Frame 391 end
Average processing time of GrabImageRGBD(): 7.84219ms
Frame 392 end
Average processing time of GrabImageRGBD(): 7.83319ms
Frame 393 end
Average processing time of GrabImageRGBD(): 7.82045ms
Frame 394 end
Average processing time of GrabImageRGBD(): 7.82096ms
Frame 395 end
Average processing time of GrabImageRGBD(): 7.87729ms
Frame 396 end
Average processing time of GrabImageRGBD(): 7.87651ms
Frame 397 end
Average processing time of GrabImageRGBD(): 7.86322ms
Frame 398 end
Average processing time of GrabImageRGBD(): 7.86371ms
Frame 399 end
Average processing time of GrabImageRGBD(): 7.91987ms
Frame 400 end
Average processing time of GrabImageRGBD(): 7.92404ms
Frame 401 end
Average processing time of GrabImageRGBD(): 7.91918ms
Frame 402 end
Average processing time of GrabImageRGBD(): 7.91983ms
Frame 403 end
Average processing time of GrabImageRGBD(): 7.9158ms
Frame 404 end
Average processing time of GrabImageRGBD(): 7.91496ms
Frame 405 end
Average processing time of GrabImageRGBD(): 7.91013ms
Frame 406 end
Average processing time of GrabImageRGBD(): 7.90168ms
Frame 407 end
Average processing time of GrabImageRGBD(): 7.89071ms
Frame 408 end
Average processing time of GrabImageRGBD(): 7.88994ms
Frame 409 end
Average processing time of GrabImageRGBD(): 7.94484ms
Frame 410 end
Average processing time of GrabImageRGBD(): 7.93684ms
Frame 411 end
Average processing time of GrabImageRGBD(): 7.92762ms
Frame 412 end
Average processing time of GrabImageRGBD(): 7.93138ms
Frame 413 end
Average processing time of GrabImageRGBD(): 7.98017ms
Frame 414 end
Average processing time of GrabImageRGBD(): 7.98403ms
Frame 415 end
Average processing time of GrabImageRGBD(): 7.97182ms
Frame 416 end
Average processing time of GrabImageRGBD(): 7.96362ms
Frame 417 end
Average processing time of GrabImageRGBD(): 7.95607ms
Frame 418 end
Average processing time of GrabImageRGBD(): 7.95293ms
Frame 419 end
Average processing time of GrabImageRGBD(): 7.95194ms
Frame 420 end
Average processing time of GrabImageRGBD(): 7.95077ms
Frame 421 end
Average processing time of GrabImageRGBD(): 8.00506ms
Frame 422 end
Average processing time of GrabImageRGBD(): 8.00292ms
Frame 423 end
Average processing time of GrabImageRGBD(): 7.99049ms
Frame 424 end
Average processing time of GrabImageRGBD(): 7.98904ms
Frame 425 end
Average processing time of GrabImageRGBD(): 8.03653ms
Frame 426 end
Average processing time of GrabImageRGBD(): 8.03258ms
Frame 427 end
Average processing time of GrabImageRGBD(): 8.02028ms
Frame 428 end
Average processing time of GrabImageRGBD(): 8.02194ms
Frame 429 end
Average processing time of GrabImageRGBD(): 8.01823ms
Frame 430 end
Average processing time of GrabImageRGBD(): 8.01806ms
Frame 431 end
Average processing time of GrabImageRGBD(): 8.00693ms
Frame 432 end
Average processing time of GrabImageRGBD(): 7.9999ms
Frame 433 end
Average processing time of GrabImageRGBD(): 8.00003ms
Frame 434 end
Average processing time of GrabImageRGBD(): 8.0542ms
Frame 435 end
Average processing time of GrabImageRGBD(): 8.05623ms
Frame 436 end
Average processing time of GrabImageRGBD(): 8.04556ms
Frame 437 end
Average processing time of GrabImageRGBD(): 8.04272ms
Frame 438 end
Average processing time of GrabImageRGBD(): 8.04057ms
Frame 439 end
Average processing time of GrabImageRGBD(): 8.09373ms
Frame 440 end
Average processing time of GrabImageRGBD(): 8.08983ms
Frame 441 end
Average processing time of GrabImageRGBD(): 8.09155ms
Frame 442 end
Average processing time of GrabImageRGBD(): 8.09228ms
Frame 443 end
Average processing time of GrabImageRGBD(): 8.08981ms
Frame 444 end
Average processing time of GrabImageRGBD(): 8.08909ms
Frame 445 end
Average processing time of GrabImageRGBD(): 8.08129ms
Frame 446 end
Average processing time of GrabImageRGBD(): 8.14568ms
Frame 447 end
Average processing time of GrabImageRGBD(): 8.14179ms
Frame 448 end
Average processing time of GrabImageRGBD(): 8.14202ms
Frame 449 end
Average processing time of GrabImageRGBD(): 8.14264ms
Frame 450 end
Average processing time of GrabImageRGBD(): 8.13455ms
Frame 451 end
Average processing time of GrabImageRGBD(): 8.13337ms
Frame 452 end
Average processing time of GrabImageRGBD(): 8.13306ms
Frame 453 end
Average processing time of GrabImageRGBD(): 8.18395ms
Frame 454 end
Average processing time of GrabImageRGBD(): 8.18548ms
Frame 455 end
Average processing time of GrabImageRGBD(): 8.17497ms
Frame 456 end
Average processing time of GrabImageRGBD(): 8.17538ms
Frame 457 end
Average processing time of GrabImageRGBD(): 8.16556ms
Frame 458 end
Average processing time of GrabImageRGBD(): 8.16538ms
Frame 459 end
Average processing time of GrabImageRGBD(): 8.16457ms
Frame 460 end
Average processing time of GrabImageRGBD(): 8.20985ms
Frame 461 end
Average processing time of GrabImageRGBD(): 8.21381ms
Frame 462 end
Average processing time of GrabImageRGBD(): 8.20271ms
Frame 463 end
Average processing time of GrabImageRGBD(): 8.19367ms
Frame 464 end
Average processing time of GrabImageRGBD(): 8.1856ms
Frame 465 end
Average processing time of GrabImageRGBD(): 8.17551ms
Frame 466 end
Average processing time of GrabImageRGBD(): 8.17422ms
Frame 467 end
Average processing time of GrabImageRGBD(): 8.17029ms
Frame 468 end
Average processing time of GrabImageRGBD(): 8.16576ms
Frame 469 end
Average processing time of GrabImageRGBD(): 8.16141ms
Frame 470 end
Average processing time of GrabImageRGBD(): 8.16053ms
Frame 471 end
Average processing time of GrabImageRGBD(): 8.15219ms
Frame 472 end
Average processing time of GrabImageRGBD(): 8.15073ms
Frame 473 end
Average processing time of GrabImageRGBD(): 8.1504ms
Frame 474 end
Average processing time of GrabImageRGBD(): 8.14824ms
Frame 475 end
Average processing time of GrabImageRGBD(): 8.14756ms
Frame 476 end
Average processing time of GrabImageRGBD(): 8.14672ms
Frame 477 end
Average processing time of GrabImageRGBD(): 8.14697ms
Frame 478 end
Average processing time of GrabImageRGBD(): 8.14183ms
Frame 479 end
Average processing time of GrabImageRGBD(): 8.14091ms
Frame 480 end
Average processing time of GrabImageRGBD(): 8.139ms
Frame 481 end
Average processing time of GrabImageRGBD(): 8.1829ms
Frame 482 end
Average processing time of GrabImageRGBD(): 8.18571ms
Frame 483 end
Average processing time of GrabImageRGBD(): 8.17557ms
Frame 484 end
Average processing time of GrabImageRGBD(): 8.17666ms
Frame 485 end
Average processing time of GrabImageRGBD(): 8.16711ms
Frame 486 end
Average processing time of GrabImageRGBD(): 8.16601ms
Frame 487 end
Average processing time of GrabImageRGBD(): 8.15601ms
Frame 488 end
Average processing time of GrabImageRGBD(): 8.15349ms
Frame 489 end
Average processing time of GrabImageRGBD(): 8.14773ms
Frame 490 end
Average processing time of GrabImageRGBD(): 8.14594ms
Frame 491 end
Average processing time of GrabImageRGBD(): 8.14386ms
Frame 492 end
Average processing time of GrabImageRGBD(): 8.19246ms
Frame 493 end
Average processing time of GrabImageRGBD(): 8.19419ms
Frame 494 end
Average processing time of GrabImageRGBD(): 8.18389ms
Frame 495 end
Average processing time of GrabImageRGBD(): 8.17601ms
Frame 496 end
Average processing time of GrabImageRGBD(): 8.17507ms
Frame 497 end
Average processing time of GrabImageRGBD(): 8.16509ms
Frame 498 end
Average processing time of GrabImageRGBD(): 8.206ms
Frame 499 end
Average processing time of GrabImageRGBD(): 8.20781ms
Frame 500 end
Average processing time of GrabImageRGBD(): 8.20846ms
Frame 501 end
Average processing time of GrabImageRGBD(): 8.19904ms
Frame 502 end
Average processing time of GrabImageRGBD(): 8.19773ms
Frame 503 end
Average processing time of GrabImageRGBD(): 8.18991ms
Frame 504 end
Average processing time of GrabImageRGBD(): 8.18028ms
Frame 505 end
Average processing time of GrabImageRGBD(): 8.17623ms
Frame 506 end
Average processing time of GrabImageRGBD(): 8.17474ms
Frame 507 end
Average processing time of GrabImageRGBD(): 8.17352ms
Frame 508 end
Average processing time of GrabImageRGBD(): 8.21129ms
Frame 509 end
Average processing time of GrabImageRGBD(): 8.21201ms
Frame 510 end
Average processing time of GrabImageRGBD(): 8.20771ms
Frame 511 end
Average processing time of GrabImageRGBD(): 8.20489ms
Frame 512 end
Average processing time of GrabImageRGBD(): 8.19957ms
Frame 513 end
Average processing time of GrabImageRGBD(): 8.19595ms
Frame 514 end
Average processing time of GrabImageRGBD(): 8.23866ms
Frame 515 end
Average processing time of GrabImageRGBD(): 8.23432ms
Frame 516 end
Average processing time of GrabImageRGBD(): 8.2233ms
Frame 517 end
Average processing time of GrabImageRGBD(): 8.21368ms
Frame 518 end
Average processing time of GrabImageRGBD(): 8.21061ms
Frame 519 end
Average processing time of GrabImageRGBD(): 8.20754ms
Frame 520 end
Average processing time of GrabImageRGBD(): 8.24524ms
Frame 521 end
Average processing time of GrabImageRGBD(): 8.24779ms
Frame 522 end
Average processing time of GrabImageRGBD(): 8.23792ms
Frame 523 end
Average processing time of GrabImageRGBD(): 8.23065ms
Frame 524 end
Average processing time of GrabImageRGBD(): 8.22195ms
Frame 525 end
Average processing time of GrabImageRGBD(): 8.22107ms
Frame 526 end
Average processing time of GrabImageRGBD(): 8.26086ms
Frame 527 end
Average processing time of GrabImageRGBD(): 8.26326ms
Frame 528 end
Average processing time of GrabImageRGBD(): 8.2597ms
Frame 529 end
Average processing time of GrabImageRGBD(): 8.25621ms
Frame 530 end
Average processing time of GrabImageRGBD(): 8.247ms
Frame 531 end
Average processing time of GrabImageRGBD(): 8.24629ms
Frame 532 end
Average processing time of GrabImageRGBD(): 8.24559ms
Frame 533 end
Average processing time of GrabImageRGBD(): 8.23908ms
Frame 534 end
Average processing time of GrabImageRGBD(): 8.28005ms
Frame 535 end
Average processing time of GrabImageRGBD(): 8.2798ms
Frame 536 end
Average processing time of GrabImageRGBD(): 8.2798ms
Frame 537 end
Average processing time of GrabImageRGBD(): 8.27923ms
Frame 538 end
Average processing time of GrabImageRGBD(): 8.27768ms
Frame 539 end
Average processing time of GrabImageRGBD(): 8.26834ms
Frame 540 end
Average processing time of GrabImageRGBD(): 8.26613ms
Frame 541 end
Average processing time of GrabImageRGBD(): 8.26422ms
Frame 542 end
Average processing time of GrabImageRGBD(): 8.30731ms
Frame 543 end
Average processing time of GrabImageRGBD(): 8.31016ms
Frame 544 end
Average processing time of GrabImageRGBD(): 8.30065ms
Frame 545 end
Average processing time of GrabImageRGBD(): 8.29926ms
Frame 546 end
Average processing time of GrabImageRGBD(): 8.29818ms
Frame 547 end
Average processing time of GrabImageRGBD(): 8.291ms
Frame 548 end
Average processing time of GrabImageRGBD(): 8.32868ms
Frame 549 end
Average processing time of GrabImageRGBD(): 8.32167ms
Frame 550 end
Average processing time of GrabImageRGBD(): 8.31172ms
Frame 551 end
Average processing time of GrabImageRGBD(): 8.31196ms
Frame 552 end
Average processing time of GrabImageRGBD(): 8.30347ms
Frame 553 end
Average processing time of GrabImageRGBD(): 8.30236ms
Frame 554 end
Average processing time of GrabImageRGBD(): 8.30128ms
Frame 555 end
Average processing time of GrabImageRGBD(): 8.34383ms
Frame 556 end
Average processing time of GrabImageRGBD(): 8.34756ms
Frame 557 end
Average processing time of GrabImageRGBD(): 8.34871ms
Frame 558 end
Average processing time of GrabImageRGBD(): 8.34976ms
Frame 559 end
Average processing time of GrabImageRGBD(): 8.34135ms
Frame 560 end
Average processing time of GrabImageRGBD(): 8.33286ms
Frame 561 end
Average processing time of GrabImageRGBD(): 8.37349ms
Frame 562 end
Average processing time of GrabImageRGBD(): 8.36715ms
Frame 563 end
Average processing time of GrabImageRGBD(): 8.35851ms
Frame 564 end
Average processing time of GrabImageRGBD(): 8.34978ms
Frame 565 end
Average processing time of GrabImageRGBD(): 8.35084ms
Frame 566 end
Average processing time of GrabImageRGBD(): 8.34324ms
Frame 567 end
Average processing time of GrabImageRGBD(): 8.33648ms
Frame 568 end
Average processing time of GrabImageRGBD(): 8.37675ms
Frame 569 end
Average processing time of GrabImageRGBD(): 8.37574ms
Frame 570 end
Average processing time of GrabImageRGBD(): 8.36576ms
Frame 571 end
Average processing time of GrabImageRGBD(): 8.36159ms
Frame 572 end
Average processing time of GrabImageRGBD(): 8.35338ms
Frame 573 end
Average processing time of GrabImageRGBD(): 8.35264ms
Frame 574 end
Average processing time of GrabImageRGBD(): 8.34374ms
Frame 575 end
Average processing time of GrabImageRGBD(): 8.37792ms
Frame 576 end
Average processing time of GrabImageRGBD(): 8.37976ms
Frame 577 end
Average processing time of GrabImageRGBD(): 8.37026ms
Frame 578 end
Average processing time of GrabImageRGBD(): 8.36986ms
Frame 579 end
Average processing time of GrabImageRGBD(): 8.36907ms
Frame 580 end
Average processing time of GrabImageRGBD(): 8.36606ms
Frame 581 end
Average processing time of GrabImageRGBD(): 8.3647ms
Frame 582 end
Average processing time of GrabImageRGBD(): 8.40096ms
Frame 583 end
Average processing time of GrabImageRGBD(): 8.40207ms
Frame 584 end
Average processing time of GrabImageRGBD(): 8.40099ms
Frame 585 end
Average processing time of GrabImageRGBD(): 8.39517ms
Frame 586 end
Average processing time of GrabImageRGBD(): 8.39223ms
Frame 587 end
Average processing time of GrabImageRGBD(): 8.38552ms
Frame 588 end
Average processing time of GrabImageRGBD(): 8.38075ms
Frame 589 end
Average processing time of GrabImageRGBD(): 8.41588ms
Frame 590 end
Average processing time of GrabImageRGBD(): 8.41729ms
Frame 591 end
Average processing time of GrabImageRGBD(): 8.40889ms
Frame 592 end
Average processing time of GrabImageRGBD(): 8.40857ms
Frame 593 end
Average processing time of GrabImageRGBD(): 8.40836ms
Frame 594 end
Average processing time of GrabImageRGBD(): 8.40001ms
Frame 595 end
Average processing time of GrabImageRGBD(): 8.39874ms
Frame 596 end
Average processing time of GrabImageRGBD(): 8.39773ms
Frame 597 end
Average processing time of GrabImageRGBD(): 8.38934ms
Frame 598 end
Average processing time of GrabImageRGBD(): 8.42313ms
Frame 599 end
Average processing time of GrabImageRGBD(): 8.42615ms
Frame 600 end
Average processing time of GrabImageRGBD(): 8.42716ms
Frame 601 end
Average processing time of GrabImageRGBD(): 8.4194ms
Frame 602 end
Average processing time of GrabImageRGBD(): 8.41079ms
Frame 603 end
Average processing time of GrabImageRGBD(): 8.40294ms
Frame 604 end
Average processing time of GrabImageRGBD(): 8.39704ms
Frame 605 end
Average processing time of GrabImageRGBD(): 8.39653ms
Frame 606 end
Average processing time of GrabImageRGBD(): 8.4351ms
Frame 607 end
Average processing time of GrabImageRGBD(): 8.43768ms
Frame 608 end
Average processing time of GrabImageRGBD(): 8.43931ms
Frame 609 end
Average processing time of GrabImageRGBD(): 8.43126ms
Frame 610 end
Average processing time of GrabImageRGBD(): 8.42325ms
Frame 611 end
Average processing time of GrabImageRGBD(): 8.41468ms
Frame 612 end
Average processing time of GrabImageRGBD(): 8.41417ms
Frame 613 end
Average processing time of GrabImageRGBD(): 8.44917ms
Frame 614 end
Average processing time of GrabImageRGBD(): 8.44253ms
Frame 615 end
Average processing time of GrabImageRGBD(): 8.43459ms
Frame 616 end
Average processing time of GrabImageRGBD(): 8.43463ms
Frame 617 end
Average processing time of GrabImageRGBD(): 8.42813ms
Frame 618 end
Average processing time of GrabImageRGBD(): 8.42778ms
Frame 619 end
Average processing time of GrabImageRGBD(): 8.42152ms
Frame 620 end
Average processing time of GrabImageRGBD(): 8.45855ms
Frame 621 end
Average processing time of GrabImageRGBD(): 8.46132ms
Frame 622 end
Average processing time of GrabImageRGBD(): 8.46188ms
Frame 623 end
Average processing time of GrabImageRGBD(): 8.45443ms
Frame 624 end
Average processing time of GrabImageRGBD(): 8.44843ms
Frame 625 end
Average processing time of GrabImageRGBD(): 8.44794ms
Frame 626 end
Average processing time of GrabImageRGBD(): 8.44025ms
Frame 627 end
Average processing time of GrabImageRGBD(): 8.43951ms
Frame 628 end
Average processing time of GrabImageRGBD(): 8.47752ms
Frame 629 end
Average processing time of GrabImageRGBD(): 8.47788ms
Frame 630 end
Average processing time of GrabImageRGBD(): 8.47518ms
Frame 631 end
Average processing time of GrabImageRGBD(): 8.46736ms
Frame 632 end
Average processing time of GrabImageRGBD(): 8.46503ms
Frame 633 end
Average processing time of GrabImageRGBD(): 8.45928ms
Frame 634 end
Average processing time of GrabImageRGBD(): 8.45595ms
Frame 635 end
Average processing time of GrabImageRGBD(): 8.49187ms
Frame 636 end
Average processing time of GrabImageRGBD(): 8.48566ms
Frame 637 end
Average processing time of GrabImageRGBD(): 8.48212ms
Frame 638 end
Average processing time of GrabImageRGBD(): 8.47392ms
Frame 639 end
Average processing time of GrabImageRGBD(): 8.47283ms
Frame 640 end
Average processing time of GrabImageRGBD(): 8.46712ms
Frame 641 end
Average processing time of GrabImageRGBD(): 8.46509ms
Frame 642 end
Average processing time of GrabImageRGBD(): 8.4977ms
Frame 643 end
Average processing time of GrabImageRGBD(): 8.4988ms
Frame 644 end
Average processing time of GrabImageRGBD(): 8.49728ms
Frame 645 end
Average processing time of GrabImageRGBD(): 8.49061ms
Frame 646 end
Average processing time of GrabImageRGBD(): 8.48557ms
Frame 647 end
Average processing time of GrabImageRGBD(): 8.47908ms
Frame 648 end
Average processing time of GrabImageRGBD(): 8.47238ms
Frame 649 end
Average processing time of GrabImageRGBD(): 8.50788ms
Frame 650 end
Average processing time of GrabImageRGBD(): 8.51068ms
Frame 651 end
Average processing time of GrabImageRGBD(): 8.51131ms
Frame 652 end
Average processing time of GrabImageRGBD(): 8.50398ms
Frame 653 end
Average processing time of GrabImageRGBD(): 8.49629ms
Frame 654 end
Average processing time of GrabImageRGBD(): 8.48914ms
Frame 655 end
Average processing time of GrabImageRGBD(): 8.48202ms
Frame 656 end
Average processing time of GrabImageRGBD(): 8.47708ms
Frame 657 end
Average processing time of GrabImageRGBD(): 8.50696ms
Frame 658 end
Average processing time of GrabImageRGBD(): 8.50336ms
Frame 659 end
Average processing time of GrabImageRGBD(): 8.50127ms
Frame 660 end
Average processing time of GrabImageRGBD(): 8.49375ms
Frame 661 end
Average processing time of GrabImageRGBD(): 8.48677ms
Frame 662 end
Average processing time of GrabImageRGBD(): 8.47866ms
Frame 663 end
Average processing time of GrabImageRGBD(): 8.4757ms
Frame 664 end
Average processing time of GrabImageRGBD(): 8.50473ms
Frame 665 end
Average processing time of GrabImageRGBD(): 8.5053ms
Frame 666 end
Average processing time of GrabImageRGBD(): 8.5037ms
Frame 667 end
Average processing time of GrabImageRGBD(): 8.50279ms
Frame 668 end
Average processing time of GrabImageRGBD(): 8.49641ms
Frame 669 end
Average processing time of GrabImageRGBD(): 8.49375ms
Frame 670 end
Average processing time of GrabImageRGBD(): 8.49062ms
Frame 671 end
Average processing time of GrabImageRGBD(): 8.48761ms
Frame 672 end
Average processing time of GrabImageRGBD(): 8.51749ms
Frame 673 end
Average processing time of GrabImageRGBD(): 8.51807ms
Frame 674 end
Average processing time of GrabImageRGBD(): 8.51711ms
Frame 675 end
Average processing time of GrabImageRGBD(): 8.51024ms
Frame 676 end
Average processing time of GrabImageRGBD(): 8.50289ms
Frame 677 end
Average processing time of GrabImageRGBD(): 8.50123ms
Frame 678 end
Average processing time of GrabImageRGBD(): 8.49933ms
Frame 679 end
Average processing time of GrabImageRGBD(): 8.53418ms
Frame 680 end
Average processing time of GrabImageRGBD(): 8.52774ms
Frame 681 end
Average processing time of GrabImageRGBD(): 8.51997ms
Frame 682 end
Average processing time of GrabImageRGBD(): 8.51817ms
Frame 683 end
Average processing time of GrabImageRGBD(): 8.51664ms
Frame 684 end
Average processing time of GrabImageRGBD(): 8.5123ms
Frame 685 end
Average processing time of GrabImageRGBD(): 8.50972ms
Frame 686 end
Average processing time of GrabImageRGBD(): 8.50682ms
Frame 687 end
Average processing time of GrabImageRGBD(): 8.54028ms
Frame 688 end
Average processing time of GrabImageRGBD(): 8.54066ms
Frame 689 end
Average processing time of GrabImageRGBD(): 8.53873ms
Frame 690 end
Average processing time of GrabImageRGBD(): 8.53238ms
Frame 691 end
Average processing time of GrabImageRGBD(): 8.52586ms
Frame 692 end
Average processing time of GrabImageRGBD(): 8.52029ms
Frame 693 end
Average processing time of GrabImageRGBD(): 8.5128ms
Frame 694 end
Average processing time of GrabImageRGBD(): 8.50508ms
Frame 695 end
Average processing time of GrabImageRGBD(): 8.53752ms
Frame 696 end
Average processing time of GrabImageRGBD(): 8.53788ms
Frame 697 end
Average processing time of GrabImageRGBD(): 8.53006ms
Frame 698 end
Average processing time of GrabImageRGBD(): 8.52533ms
Frame 699 end
Average processing time of GrabImageRGBD(): 8.5229ms
Frame 700 end
Average processing time of GrabImageRGBD(): 8.52387ms
Frame 701 end
Average processing time of GrabImageRGBD(): 8.51835ms
Frame 702 end
Average processing time of GrabImageRGBD(): 8.51384ms
Frame 703 end
Average processing time of GrabImageRGBD(): 8.54304ms
Frame 704 end
Average processing time of GrabImageRGBD(): 8.53744ms
Frame 705 end
Average processing time of GrabImageRGBD(): 8.53236ms
Frame 706 end
Average processing time of GrabImageRGBD(): 8.52573ms
Frame 707 end
Average processing time of GrabImageRGBD(): 8.51831ms
Frame 708 end
Average processing time of GrabImageRGBD(): 8.51495ms
Frame 709 end
Average processing time of GrabImageRGBD(): 8.508ms
Frame 710 end
Average processing time of GrabImageRGBD(): 8.50564ms
Frame 711 end
Average processing time of GrabImageRGBD(): 8.5362ms
Frame 712 end
Average processing time of GrabImageRGBD(): 8.5428ms
Frame 713 end
Average processing time of GrabImageRGBD(): 8.53537ms
Frame 714 end
Average processing time of GrabImageRGBD(): 8.53311ms
Frame 715 end
Average processing time of GrabImageRGBD(): 8.52987ms
Frame 716 end
Average processing time of GrabImageRGBD(): 8.52502ms
Frame 717 end
Average processing time of GrabImageRGBD(): 8.51733ms
Frame 718 end
Average processing time of GrabImageRGBD(): 8.56241ms
Frame 719 end
Average processing time of GrabImageRGBD(): 8.56451ms
Frame 720 end
Average processing time of GrabImageRGBD(): 8.56431ms
Frame 721 end
Average processing time of GrabImageRGBD(): 8.56442ms
Frame 722 end
Average processing time of GrabImageRGBD(): 8.56394ms
Frame 723 end
Average processing time of GrabImageRGBD(): 8.55644ms
Frame 724 end
Average processing time of GrabImageRGBD(): 8.54952ms
Frame 725 end
Average processing time of GrabImageRGBD(): 8.54773ms
Frame 726 end
Average processing time of GrabImageRGBD(): 8.58318ms
Frame 727 end
Average processing time of GrabImageRGBD(): 8.58385ms
Frame 728 end
Average processing time of GrabImageRGBD(): 8.57684ms
Frame 729 end
Average processing time of GrabImageRGBD(): 8.58426ms
Frame 730 end
Average processing time of GrabImageRGBD(): 8.57683ms
Frame 731 end
Average processing time of GrabImageRGBD(): 8.56925ms
Frame 732 end
Average processing time of GrabImageRGBD(): 8.56506ms
Frame 733 end
Average processing time of GrabImageRGBD(): 8.55806ms
Frame 734 end
Average processing time of GrabImageRGBD(): 8.55338ms
Frame 735 end
Average processing time of GrabImageRGBD(): 8.59349ms
Frame 736 end
Average processing time of GrabImageRGBD(): 8.59453ms
Frame 737 end
Average processing time of GrabImageRGBD(): 8.59131ms
Frame 738 end
Average processing time of GrabImageRGBD(): 8.58413ms
Frame 739 end
Average processing time of GrabImageRGBD(): 8.57809ms
Frame 740 end
Average processing time of GrabImageRGBD(): 8.58459ms
Frame 741 end
Average processing time of GrabImageRGBD(): 8.57896ms
Frame 742 end
Average processing time of GrabImageRGBD(): 8.6085ms
Frame 743 end
Average processing time of GrabImageRGBD(): 8.60903ms
Frame 744 end
Average processing time of GrabImageRGBD(): 8.60759ms
Frame 745 end
Average processing time of GrabImageRGBD(): 8.60035ms
Frame 746 end
Average processing time of GrabImageRGBD(): 8.59484ms
Frame 747 end
Average processing time of GrabImageRGBD(): 8.59301ms
Frame 748 end
Average processing time of GrabImageRGBD(): 8.58979ms
Frame 749 end
Average processing time of GrabImageRGBD(): 8.62001ms
Frame 750 end
Average processing time of GrabImageRGBD(): 8.61487ms
Frame 751 end
Average processing time of GrabImageRGBD(): 8.61399ms
Frame 752 end
Average processing time of GrabImageRGBD(): 8.61259ms
Frame 753 end
Average processing time of GrabImageRGBD(): 8.61139ms
Frame 754 end
Average processing time of GrabImageRGBD(): 8.60618ms
Frame 755 end
Average processing time of GrabImageRGBD(): 8.64507ms
Frame 756 end
Average processing time of GrabImageRGBD(): 8.64684ms
Frame 757 end
Average processing time of GrabImageRGBD(): 8.64466ms
Frame 758 end
Average processing time of GrabImageRGBD(): 8.63796ms
Frame 759 end
Average processing time of GrabImageRGBD(): 8.6373ms
Frame 760 end
Average processing time of GrabImageRGBD(): 8.63312ms
Frame 761 end
Average processing time of GrabImageRGBD(): 8.6291ms
Frame 762 end
Average processing time of GrabImageRGBD(): 8.65721ms
Frame 763 end
Average processing time of GrabImageRGBD(): 8.65593ms
Frame 764 end
Average processing time of GrabImageRGBD(): 8.65564ms
Frame 765 end
Average processing time of GrabImageRGBD(): 8.64889ms
Frame 766 end
Average processing time of GrabImageRGBD(): 8.64867ms
Frame 767 end
Average processing time of GrabImageRGBD(): 8.64571ms
Frame 768 end
Average processing time of GrabImageRGBD(): 8.63876ms
Frame 769 end
Average processing time of GrabImageRGBD(): 8.67075ms
Frame 770 end
Average processing time of GrabImageRGBD(): 8.6733ms
Frame 771 end
Average processing time of GrabImageRGBD(): 8.67909ms
Frame 772 end
Average processing time of GrabImageRGBD(): 8.67644ms
Frame 773 end
Average processing time of GrabImageRGBD(): 8.67087ms
Frame 774 end
Average processing time of GrabImageRGBD(): 8.66741ms
Frame 775 end
Average processing time of GrabImageRGBD(): 8.65987ms
Frame 776 end
Average processing time of GrabImageRGBD(): 8.68986ms
Frame 777 end
Average processing time of GrabImageRGBD(): 8.69112ms
Frame 778 end
Average processing time of GrabImageRGBD(): 8.69038ms
Frame 779 end
Average processing time of GrabImageRGBD(): 8.68439ms
Frame 780 end
Average processing time of GrabImageRGBD(): 8.68357ms
Frame 781 end
Average processing time of GrabImageRGBD(): 8.68286ms
Frame 782 end
Average processing time of GrabImageRGBD(): 8.67672ms
Frame 783 end
Average processing time of GrabImageRGBD(): 8.70461ms
Frame 784 end
Average processing time of GrabImageRGBD(): 8.70507ms
Frame 785 end
Average processing time of GrabImageRGBD(): 8.69879ms
Frame 786 end
Average processing time of GrabImageRGBD(): 8.69665ms
Frame 787 end
Average processing time of GrabImageRGBD(): 8.69454ms
Frame 788 end
Average processing time of GrabImageRGBD(): 8.68787ms
Frame 789 end
Average processing time of GrabImageRGBD(): 8.71788ms
Frame 790 end
Average processing time of GrabImageRGBD(): 8.71427ms
Frame 791 end
Average processing time of GrabImageRGBD(): 8.70862ms
Frame 792 end
Average processing time of GrabImageRGBD(): 8.70298ms
Frame 793 end
Average processing time of GrabImageRGBD(): 8.70443ms
Frame 794 end
Average processing time of GrabImageRGBD(): 8.70692ms
Frame 795 end
Average processing time of GrabImageRGBD(): 8.70823ms
Frame 796 end
Average processing time of GrabImageRGBD(): 8.74307ms
Frame 797 end
Average processing time of GrabImageRGBD(): 8.74761ms
Frame 798 end
Average processing time of GrabImageRGBD(): 8.74972ms
Frame 799 end
Average processing time of GrabImageRGBD(): 8.7488ms
Frame 800 end
Average processing time of GrabImageRGBD(): 8.7492ms
Frame 801 end
Average processing time of GrabImageRGBD(): 8.75227ms
Frame 802 end
Average processing time of GrabImageRGBD(): 8.75455ms
Frame 803 end
Average processing time of GrabImageRGBD(): 8.75436ms
Frame 804 end
Average processing time of GrabImageRGBD(): 8.78998ms
Frame 805 end
Average processing time of GrabImageRGBD(): 8.79358ms
Frame 806 end
Average processing time of GrabImageRGBD(): 8.79753ms
Frame 807 end
Average processing time of GrabImageRGBD(): 8.79771ms
Frame 808 end
Average processing time of GrabImageRGBD(): 8.79663ms
Frame 809 end
Average processing time of GrabImageRGBD(): 8.80066ms
Frame 810 end
Average processing time of GrabImageRGBD(): 8.79742ms
Frame 811 end
Average processing time of GrabImageRGBD(): 8.79985ms
Frame 812 end
Average processing time of GrabImageRGBD(): 8.8005ms
Frame 813 end
Average processing time of GrabImageRGBD(): 8.80274ms
Frame 814 end
Average processing time of GrabImageRGBD(): 8.80269ms
Frame 815 end
Average processing time of GrabImageRGBD(): 8.83777ms
Frame 816 end
Average processing time of GrabImageRGBD(): 8.84271ms
Frame 817 end
Average processing time of GrabImageRGBD(): 8.84391ms
Frame 818 end
Average processing time of GrabImageRGBD(): 8.84902ms
Frame 819 end
Average processing time of GrabImageRGBD(): 8.85223ms
Frame 820 end
Average processing time of GrabImageRGBD(): 8.85516ms
Frame 821 end
Average processing time of GrabImageRGBD(): 8.85574ms
Frame 822 end
Average processing time of GrabImageRGBD(): 8.85599ms
Frame 823 end
Average processing time of GrabImageRGBD(): 8.88811ms
Frame 824 end
Average processing time of GrabImageRGBD(): 8.89061ms
Frame 825 end
Average processing time of GrabImageRGBD(): 8.89287ms
Frame 826 end
Average processing time of GrabImageRGBD(): 8.89062ms
Frame 827 end
Average processing time of GrabImageRGBD(): 8.88926ms
Frame 828 end
Average processing time of GrabImageRGBD(): 8.89177ms
Frame 829 end
Average processing time of GrabImageRGBD(): 8.89553ms
Frame 830 end
Average processing time of GrabImageRGBD(): 8.89706ms
Frame 831 end
Average processing time of GrabImageRGBD(): 8.9289ms
Frame 832 end
Average processing time of GrabImageRGBD(): 8.93468ms
Frame 833 end
Average processing time of GrabImageRGBD(): 8.93471ms
Frame 834 end
Average processing time of GrabImageRGBD(): 8.93832ms
Frame 835 end
Average processing time of GrabImageRGBD(): 8.94008ms
Frame 836 end
Average processing time of GrabImageRGBD(): 8.93992ms
Frame 837 end
Average processing time of GrabImageRGBD(): 8.94121ms
Frame 838 end
Average processing time of GrabImageRGBD(): 8.94337ms
Frame 839 end
Average processing time of GrabImageRGBD(): 8.97312ms
Frame 840 end
Average processing time of GrabImageRGBD(): 8.97409ms
Frame 841 end
Average processing time of GrabImageRGBD(): 8.97521ms
Frame 842 end
Average processing time of GrabImageRGBD(): 8.9776ms
Frame 843 end
Average processing time of GrabImageRGBD(): 8.97716ms
Frame 844 end
Average processing time of GrabImageRGBD(): 8.97559ms
Frame 845 end
Average processing time of GrabImageRGBD(): 8.97778ms
Frame 846 end
Average processing time of GrabImageRGBD(): 8.9756ms
Frame 847 end
Average processing time of GrabImageRGBD(): 8.97319ms
Frame 848 end
Average processing time of GrabImageRGBD(): 8.97532ms
Frame 849 end
Average processing time of GrabImageRGBD(): 8.97781ms
Frame 850 end
Average processing time of GrabImageRGBD(): 8.97511ms
Frame 851 end
Average processing time of GrabImageRGBD(): 8.97645ms
Frame 852 end
Average processing time of GrabImageRGBD(): 8.97709ms
Frame 853 end
Average processing time of GrabImageRGBD(): 9.02029ms
Frame 854 end
Average processing time of GrabImageRGBD(): 9.02386ms
Frame 855 end
Average processing time of GrabImageRGBD(): 9.02713ms
Frame 856 end
Average processing time of GrabImageRGBD(): 9.03009ms
Frame 857 end
Average processing time of GrabImageRGBD(): 9.0323ms
Frame 858 end
Average processing time of GrabImageRGBD(): 9.03342ms
Frame 859 end
Average processing time of GrabImageRGBD(): 9.03548ms
Frame 860 end
Average processing time of GrabImageRGBD(): 9.03413ms
Frame 861 end
Average processing time of GrabImageRGBD(): 9.08165ms
Frame 862 end
Average processing time of GrabImageRGBD(): 9.08109ms
Frame 863 end
Average processing time of GrabImageRGBD(): 9.07874ms
Frame 864 end
Average processing time of GrabImageRGBD(): 9.07446ms
Frame 865 end
Average processing time of GrabImageRGBD(): 9.07188ms
Frame 866 end
Average processing time of GrabImageRGBD(): 9.07151ms
Frame 867 end
Average processing time of GrabImageRGBD(): 9.07403ms
Frame 868 end
Average processing time of GrabImageRGBD(): 9.07124ms
Frame 869 end
Average processing time of GrabImageRGBD(): 9.06826ms
Frame 870 end
Average processing time of GrabImageRGBD(): 9.06926ms
Frame 871 end
Average processing time of GrabImageRGBD(): 9.0706ms
Frame 872 end
Average processing time of GrabImageRGBD(): 9.07405ms
Frame 873 end
Average processing time of GrabImageRGBD(): 9.07583ms
Frame 874 end
Average processing time of GrabImageRGBD(): 9.10885ms
Frame 875 end
Average processing time of GrabImageRGBD(): 9.10838ms
Frame 876 end
Average processing time of GrabImageRGBD(): 9.11058ms
Frame 877 end
Average processing time of GrabImageRGBD(): 9.11268ms
Frame 878 end
Average processing time of GrabImageRGBD(): 9.11179ms
Frame 879 end
Average processing time of GrabImageRGBD(): 9.11286ms
Frame 880 end
Average processing time of GrabImageRGBD(): 9.11533ms
Frame 881 end
Average processing time of GrabImageRGBD(): 9.11409ms
Frame 882 end
Average processing time of GrabImageRGBD(): 9.15611ms
Frame 883 end
Average processing time of GrabImageRGBD(): 9.16102ms
Frame 884 end
Average processing time of GrabImageRGBD(): 9.15942ms
Frame 885 end
Average processing time of GrabImageRGBD(): 9.16187ms
Frame 886 end
Average processing time of GrabImageRGBD(): 9.16333ms
Frame 887 end
Average processing time of GrabImageRGBD(): 9.16515ms
Frame 888 end
Average processing time of GrabImageRGBD(): 9.16308ms
Frame 889 end
Average processing time of GrabImageRGBD(): 9.16492ms
Frame 890 end
Average processing time of GrabImageRGBD(): 9.19628ms
Frame 891 end
Average processing time of GrabImageRGBD(): 9.1973ms
Frame 892 end
Average processing time of GrabImageRGBD(): 9.19901ms
Frame 893 end
Average processing time of GrabImageRGBD(): 9.20287ms
Frame 894 end
Average processing time of GrabImageRGBD(): 9.20312ms
Frame 895 end
Average processing time of GrabImageRGBD(): 9.20551ms
Frame 896 end
Average processing time of GrabImageRGBD(): 9.20862ms
Frame 897 end
Average processing time of GrabImageRGBD(): 9.2122ms
Frame 898 end
Average processing time of GrabImageRGBD(): 9.21601ms
Frame 899 end
Average processing time of GrabImageRGBD(): 9.24512ms
Frame 900 end
Average processing time of GrabImageRGBD(): 9.2478ms
Frame 901 end
Average processing time of GrabImageRGBD(): 9.25293ms
Frame 902 end
Average processing time of GrabImageRGBD(): 9.2576ms
Frame 903 end
Average processing time of GrabImageRGBD(): 9.26063ms
Frame 904 end
Average processing time of GrabImageRGBD(): 9.26474ms
Frame 905 end
Average processing time of GrabImageRGBD(): 9.26756ms
Frame 906 end
Average processing time of GrabImageRGBD(): 9.27092ms
Frame 907 end
Average processing time of GrabImageRGBD(): 9.27617ms
Frame 908 end
Average processing time of GrabImageRGBD(): 9.30829ms
Frame 909 end
Average processing time of GrabImageRGBD(): 9.31364ms
Frame 910 end
Average processing time of GrabImageRGBD(): 9.31726ms
Frame 911 end
Average processing time of GrabImageRGBD(): 9.31898ms
Frame 912 end
Average processing time of GrabImageRGBD(): 9.32261ms
Frame 913 end
Average processing time of GrabImageRGBD(): 9.32652ms
Frame 914 end
Average processing time of GrabImageRGBD(): 9.32998ms
Frame 915 end
Average processing time of GrabImageRGBD(): 9.33459ms
Frame 916 end
Average processing time of GrabImageRGBD(): 9.3698ms
Frame 917 end
Average processing time of GrabImageRGBD(): 9.37649ms
Frame 918 end
Average processing time of GrabImageRGBD(): 9.37956ms
Frame 919 end
Average processing time of GrabImageRGBD(): 9.38362ms
Frame 920 end
Average processing time of GrabImageRGBD(): 9.3873ms
Frame 921 end
Average processing time of GrabImageRGBD(): 9.38856ms
Frame 922 end
Average processing time of GrabImageRGBD(): 9.39121ms
Frame 923 end
Average processing time of GrabImageRGBD(): 9.3972ms
Frame 924 end
Average processing time of GrabImageRGBD(): 9.39917ms
Frame 925 end
Average processing time of GrabImageRGBD(): 9.40244ms
Frame 926 end
Average processing time of GrabImageRGBD(): 9.43233ms
Frame 927 end
Average processing time of GrabImageRGBD(): 9.43647ms
Frame 928 end
Average processing time of GrabImageRGBD(): 9.4376ms
Frame 929 end
Average processing time of GrabImageRGBD(): 9.44133ms
Frame 930 end
Average processing time of GrabImageRGBD(): 9.4437ms
Frame 931 end
Average processing time of GrabImageRGBD(): 9.44683ms
Frame 932 end
Average processing time of GrabImageRGBD(): 9.45085ms
Frame 933 end
Average processing time of GrabImageRGBD(): 9.45458ms
Frame 934 end
Average processing time of GrabImageRGBD(): 9.45689ms
Frame 935 end
Average processing time of GrabImageRGBD(): 9.46165ms
Frame 936 end
Average processing time of GrabImageRGBD(): 9.46549ms
Frame 937 end
Average processing time of GrabImageRGBD(): 9.4956ms
Frame 938 end
Average processing time of GrabImageRGBD(): 9.50232ms
Frame 939 end
Average processing time of GrabImageRGBD(): 9.5062ms
Frame 940 end
Average processing time of GrabImageRGBD(): 9.50956ms
Frame 941 end
Average processing time of GrabImageRGBD(): 9.51307ms
Frame 942 end
Average processing time of GrabImageRGBD(): 9.51669ms
Frame 943 end
Average processing time of GrabImageRGBD(): 9.52312ms
Frame 944 end
Average processing time of GrabImageRGBD(): 9.52842ms
Frame 945 end
Average processing time of GrabImageRGBD(): 9.53028ms
Frame 946 end
Average processing time of GrabImageRGBD(): 9.53356ms
Frame 947 end
Average processing time of GrabImageRGBD(): 9.53524ms
Frame 948 end
Average processing time of GrabImageRGBD(): 9.56606ms
Frame 949 end
Average processing time of GrabImageRGBD(): 9.57295ms
Frame 950 end
Average processing time of GrabImageRGBD(): 9.57659ms
Frame 951 end
Average processing time of GrabImageRGBD(): 9.58006ms
Frame 952 end
Average processing time of GrabImageRGBD(): 9.5783ms
Frame 953 end
Average processing time of GrabImageRGBD(): 9.57951ms
Frame 954 end
Average processing time of GrabImageRGBD(): 9.57633ms
Frame 955 end
Average processing time of GrabImageRGBD(): 9.57581ms
Frame 956 end
Average processing time of GrabImageRGBD(): 9.57371ms
Frame 957 end
Average processing time of GrabImageRGBD(): 9.61671ms
Frame 958 end
Average processing time of GrabImageRGBD(): 9.61683ms
Frame 959 end
Average processing time of GrabImageRGBD(): 9.61713ms
Frame 960 end
Average processing time of GrabImageRGBD(): 9.62335ms
Frame 961 end
Average processing time of GrabImageRGBD(): 9.62113ms
Frame 962 end
Average processing time of GrabImageRGBD(): 9.65506ms
Frame 963 end
Average processing time of GrabImageRGBD(): 9.68934ms
Frame 964 end
Average processing time of GrabImageRGBD(): 9.68914ms
Frame 965 end
Average processing time of GrabImageRGBD(): 9.68592ms
Frame 966 end
Average processing time of GrabImageRGBD(): 9.68203ms
Frame 967 end
Average processing time of GrabImageRGBD(): 9.68312ms
Frame 968 end
Average processing time of GrabImageRGBD(): 9.68425ms
Frame 969 end
Average processing time of GrabImageRGBD(): 9.68561ms
Frame 970 end
Average processing time of GrabImageRGBD(): 9.68621ms
Frame 971 end
Average processing time of GrabImageRGBD(): 9.68409ms
Frame 972 end
Average processing time of GrabImageRGBD(): 9.68659ms
Frame 973 end
Average processing time of GrabImageRGBD(): 9.71417ms
Frame 974 end
Average processing time of GrabImageRGBD(): 9.71678ms
Frame 975 end
Average processing time of GrabImageRGBD(): 9.7138ms
Frame 976 end
Average processing time of GrabImageRGBD(): 9.71498ms
Frame 977 end
Average processing time of GrabImageRGBD(): 9.7157ms
Frame 978 end
Average processing time of GrabImageRGBD(): 9.71595ms
Frame 979 end
Average processing time of GrabImageRGBD(): 9.71506ms
Frame 980 end
Average processing time of GrabImageRGBD(): 9.71614ms
Frame 981 end
Average processing time of GrabImageRGBD(): 9.71729ms
Frame 982 end
Average processing time of GrabImageRGBD(): 9.71867ms
Frame 983 end
Average processing time of GrabImageRGBD(): 9.74561ms
Frame 984 end
Average processing time of GrabImageRGBD(): 9.74895ms
Frame 985 end
Average processing time of GrabImageRGBD(): 9.77712ms
Frame 986 end
Average processing time of GrabImageRGBD(): 9.77476ms
Frame 987 end
Average processing time of GrabImageRGBD(): 9.77659ms
Frame 988 end
Average processing time of GrabImageRGBD(): 9.77557ms
Frame 989 end
Average processing time of GrabImageRGBD(): 9.77642ms
Frame 990 end
Average processing time of GrabImageRGBD(): 9.77727ms
Frame 991 end
Average processing time of GrabImageRGBD(): 9.81449ms
Frame 992 end
Average processing time of GrabImageRGBD(): 9.81771ms
Frame 993 end
Average processing time of GrabImageRGBD(): 9.84738ms
Frame 994 end
Average processing time of GrabImageRGBD(): 9.85059ms
Frame 995 end
Average processing time of GrabImageRGBD(): 9.85129ms
Frame 996 end
Average processing time of GrabImageRGBD(): 9.85057ms
Frame 997 end
Average processing time of GrabImageRGBD(): 9.8817ms
Frame 998 end
Average processing time of GrabImageRGBD(): 9.88328ms
Frame 999 end
Average processing time of GrabImageRGBD(): 9.88518ms
Frame 1000 end
Average processing time of GrabImageRGBD(): 9.91567ms
Frame 1001 end
Average processing time of GrabImageRGBD(): 9.91833ms
Frame 1002 end
Average processing time of GrabImageRGBD(): 9.92059ms
Frame 1003 end
Average processing time of GrabImageRGBD(): 9.92146ms
Frame 1004 end
Average processing time of GrabImageRGBD(): 9.92268ms
Frame 1005 end
Average processing time of GrabImageRGBD(): 9.92376ms
Frame 1006 end
Average processing time of GrabImageRGBD(): 9.92548ms
Frame 1007 end
Average processing time of GrabImageRGBD(): 9.92587ms
Frame 1008 end
Average processing time of GrabImageRGBD(): 9.96148ms
Frame 1009 end
Average processing time of GrabImageRGBD(): 9.96483ms
Frame 1010 end
Average processing time of GrabImageRGBD(): 9.96618ms
Frame 1011 end
Average processing time of GrabImageRGBD(): 9.96948ms
Frame 1012 end
Average processing time of GrabImageRGBD(): 9.96937ms
Frame 1013 end
Average processing time of GrabImageRGBD(): 9.97296ms
Frame 1014 end
Average processing time of GrabImageRGBD(): 10.0016ms
Frame 1015 end
Average processing time of GrabImageRGBD(): 10.0058ms
Frame 1016 end
Average processing time of GrabImageRGBD(): 10.0344ms
Frame 1017 end
Average processing time of GrabImageRGBD(): 10.064ms
Frame 1018 end
Average processing time of GrabImageRGBD(): 10.0729ms
Frame 1019 end
Average processing time of GrabImageRGBD(): 10.1012ms
Frame 1020 end
Average processing time of GrabImageRGBD(): 10.1063ms
Frame 1021 end
Average processing time of GrabImageRGBD(): 10.1115ms
Frame 1022 end
Average processing time of GrabImageRGBD(): 10.137ms
Frame 1023 end
Average processing time of GrabImageRGBD(): 10.1418ms
Frame 1024 end
Average processing time of GrabImageRGBD(): 10.1453ms
Frame 1025 end
Average processing time of GrabImageRGBD(): 10.1503ms
Frame 1026 end
Average processing time of GrabImageRGBD(): 10.1536ms
Frame 1027 end
Average processing time of GrabImageRGBD(): 10.156ms
Frame 1028 end
Average processing time of GrabImageRGBD(): 10.1835ms
Frame 1029 end
Average processing time of GrabImageRGBD(): 10.191ms
Frame 1030 end
Average processing time of GrabImageRGBD(): 10.1987ms
Frame 1031 end
Average processing time of GrabImageRGBD(): 10.2025ms
Frame 1032 end
Average processing time of GrabImageRGBD(): 10.231ms
Frame 1033 end
Average processing time of GrabImageRGBD(): 10.2388ms
Frame 1034 end
Average processing time of GrabImageRGBD(): 10.2668ms
Frame 1035 end
Average processing time of GrabImageRGBD(): 10.2749ms
Frame 1036 end
Average processing time of GrabImageRGBD(): 10.2814ms
Frame 1037 end
Average processing time of GrabImageRGBD(): 10.2878ms
Frame 1038 end
Average processing time of GrabImageRGBD(): 10.3148ms
Frame 1039 end
Average processing time of GrabImageRGBD(): 10.3176ms
Frame 1040 end
Average processing time of GrabImageRGBD(): 10.3199ms
Frame 1041 end
Average processing time of GrabImageRGBD(): 10.3222ms
Frame 1042 end
Average processing time of GrabImageRGBD(): 10.3227ms
Frame 1043 end
Average processing time of GrabImageRGBD(): 10.3228ms
Frame 1044 end
Average processing time of GrabImageRGBD(): 10.3468ms
Frame 1045 end
Average processing time of GrabImageRGBD(): 10.3481ms
Frame 1046 end
Average processing time of GrabImageRGBD(): 10.3504ms
Frame 1047 end
Average processing time of GrabImageRGBD(): 10.3525ms
Frame 1048 end
Average processing time of GrabImageRGBD(): 10.352ms
Frame 1049 end
Average processing time of GrabImageRGBD(): 10.3464ms
Frame 1050 end
Average processing time of GrabImageRGBD(): 10.3437ms
Frame 1051 end
Average processing time of GrabImageRGBD(): 10.3505ms
Frame 1052 end
Average processing time of GrabImageRGBD(): 10.3483ms
Frame 1053 end
Average processing time of GrabImageRGBD(): 10.3455ms
Frame 1054 end
Average processing time of GrabImageRGBD(): 10.3699ms
Frame 1055 end
Average processing time of GrabImageRGBD(): 10.3718ms
Frame 1056 end
Average processing time of GrabImageRGBD(): 10.3729ms
Frame 1057 end
Average processing time of GrabImageRGBD(): 10.3726ms
Frame 1058 end
Average processing time of GrabImageRGBD(): 10.3721ms
Frame 1059 end
Average processing time of GrabImageRGBD(): 10.3706ms
Frame 1060 end
Average processing time of GrabImageRGBD(): 10.3707ms
Frame 1061 end
Average processing time of GrabImageRGBD(): 10.3675ms
Frame 1062 end
Average processing time of GrabImageRGBD(): 10.3647ms
Frame 1063 end
Average processing time of GrabImageRGBD(): 10.3615ms
Frame 1064 end
Average processing time of GrabImageRGBD(): 10.3613ms
Frame 1065 end
Average processing time of GrabImageRGBD(): 10.3573ms
Frame 1066 end
Average processing time of GrabImageRGBD(): 10.3806ms
Frame 1067 end
Average processing time of GrabImageRGBD(): 10.3802ms
Frame 1068 end
Average processing time of GrabImageRGBD(): 10.3801ms
Frame 1069 end
Average processing time of GrabImageRGBD(): 10.3762ms
Frame 1070 end
Average processing time of GrabImageRGBD(): 10.3743ms
Frame 1071 end
Average processing time of GrabImageRGBD(): 10.3722ms
Frame 1072 end
Average processing time of GrabImageRGBD(): 10.3712ms
Frame 1073 end
Average processing time of GrabImageRGBD(): 10.3675ms
Frame 1074 end
Average processing time of GrabImageRGBD(): 10.3661ms
Frame 1075 end
Average processing time of GrabImageRGBD(): 10.3648ms
Frame 1076 end
Average processing time of GrabImageRGBD(): 10.3876ms
Frame 1077 end
Average processing time of GrabImageRGBD(): 10.3886ms
Frame 1078 end
Average processing time of GrabImageRGBD(): 10.3887ms
Frame 1079 end
Average processing time of GrabImageRGBD(): 10.387ms
Frame 1080 end
Average processing time of GrabImageRGBD(): 10.386ms
Frame 1081 end
Average processing time of GrabImageRGBD(): 10.3833ms
Frame 1082 end
Average processing time of GrabImageRGBD(): 10.3795ms
Frame 1083 end
Average processing time of GrabImageRGBD(): 10.379ms
Frame 1084 end
Average processing time of GrabImageRGBD(): 10.3778ms
Frame 1085 end
Average processing time of GrabImageRGBD(): 10.3788ms
Frame 1086 end
Average processing time of GrabImageRGBD(): 10.4034ms
Frame 1087 end
Average processing time of GrabImageRGBD(): 10.4051ms
Frame 1088 end
Average processing time of GrabImageRGBD(): 10.4036ms
Frame 1089 end
Average processing time of GrabImageRGBD(): 10.4015ms
Frame 1090 end
Average processing time of GrabImageRGBD(): 10.4007ms
Frame 1091 end
Average processing time of GrabImageRGBD(): 10.3992ms
Frame 1092 end
Average processing time of GrabImageRGBD(): 10.3995ms
Frame 1093 end
Average processing time of GrabImageRGBD(): 10.4003ms
Frame 1094 end
Average processing time of GrabImageRGBD(): 10.3997ms
Frame 1095 end
Average processing time of GrabImageRGBD(): 10.3964ms
Frame 1096 end
Average processing time of GrabImageRGBD(): 10.3954ms
Frame 1097 end
Average processing time of GrabImageRGBD(): 10.3935ms
Frame 1098 end
Average processing time of GrabImageRGBD(): 10.4162ms
Frame 1099 end
Average processing time of GrabImageRGBD(): 10.4181ms
Frame 1100 end
Average processing time of GrabImageRGBD(): 10.4181ms
Frame 1101 end
Average processing time of GrabImageRGBD(): 10.4161ms
Frame 1102 end
Average processing time of GrabImageRGBD(): 10.4128ms
Frame 1103 end
Average processing time of GrabImageRGBD(): 10.4098ms
Frame 1104 end
Average processing time of GrabImageRGBD(): 10.4076ms
Frame 1105 end
Average processing time of GrabImageRGBD(): 10.408ms
Frame 1106 end
Average processing time of GrabImageRGBD(): 10.4052ms
Frame 1107 end
Average processing time of GrabImageRGBD(): 10.4048ms
Frame 1108 end
Average processing time of GrabImageRGBD(): 10.4027ms
Frame 1109 end
Average processing time of GrabImageRGBD(): 10.4436ms
Frame 1110 end
Average processing time of GrabImageRGBD(): 10.4473ms
Frame 1111 end
Average processing time of GrabImageRGBD(): 10.4476ms
Frame 1112 end
Average processing time of GrabImageRGBD(): 10.4447ms
Frame 1113 end
Average processing time of GrabImageRGBD(): 10.445ms
Frame 1114 end
Average processing time of GrabImageRGBD(): 10.4446ms
Frame 1115 end
Average processing time of GrabImageRGBD(): 10.4433ms
Frame 1116 end
Average processing time of GrabImageRGBD(): 10.4409ms
Frame 1117 end
Average processing time of GrabImageRGBD(): 10.4396ms
Frame 1118 end
Average processing time of GrabImageRGBD(): 10.439ms
Frame 1119 end
Average processing time of GrabImageRGBD(): 10.4372ms
Frame 1120 end
Average processing time of GrabImageRGBD(): 10.437ms
Frame 1121 end
Average processing time of GrabImageRGBD(): 10.4588ms
Frame 1122 end
Average processing time of GrabImageRGBD(): 10.4578ms
Frame 1123 end
Average processing time of GrabImageRGBD(): 10.4577ms
Frame 1124 end
Average processing time of GrabImageRGBD(): 10.4563ms
Frame 1125 end
Average processing time of GrabImageRGBD(): 10.453ms
Frame 1126 end
Average processing time of GrabImageRGBD(): 10.4508ms
Frame 1127 end
Average processing time of GrabImageRGBD(): 10.4472ms
Frame 1128 end
Average processing time of GrabImageRGBD(): 10.4464ms
Frame 1129 end
Average processing time of GrabImageRGBD(): 10.4465ms
Frame 1130 end
Average processing time of GrabImageRGBD(): 10.4465ms
Frame 1131 end
Average processing time of GrabImageRGBD(): 10.4692ms
Frame 1132 end
Average processing time of GrabImageRGBD(): 10.4691ms
Frame 1133 end
Average processing time of GrabImageRGBD(): 10.4691ms
Frame 1134 end
Average processing time of GrabImageRGBD(): 10.47ms
Frame 1135 end
Average processing time of GrabImageRGBD(): 10.4701ms
Frame 1136 end
Average processing time of GrabImageRGBD(): 10.4703ms
Frame 1137 end
Average processing time of GrabImageRGBD(): 10.4704ms
Frame 1138 end
Average processing time of GrabImageRGBD(): 10.4706ms
Frame 1139 end
Average processing time of GrabImageRGBD(): 10.4683ms
Frame 1140 end
Average processing time of GrabImageRGBD(): 10.4677ms
Frame 1141 end
Average processing time of GrabImageRGBD(): 10.491ms
Frame 1142 end
Average processing time of GrabImageRGBD(): 10.4964ms
Frame 1143 end
Average processing time of GrabImageRGBD(): 10.4974ms
Frame 1144 end
Average processing time of GrabImageRGBD(): 10.4979ms
Frame 1145 end
Average processing time of GrabImageRGBD(): 10.4991ms
Frame 1146 end
Average processing time of GrabImageRGBD(): 10.5009ms
Frame 1147 end
Average processing time of GrabImageRGBD(): 10.5034ms
Frame 1148 end
Average processing time of GrabImageRGBD(): 10.504ms
Frame 1149 end
Average processing time of GrabImageRGBD(): 10.506ms
Frame 1150 end
Average processing time of GrabImageRGBD(): 10.5293ms
Frame 1151 end
Average processing time of GrabImageRGBD(): 10.5302ms
Frame 1152 end
Average processing time of GrabImageRGBD(): 10.5263ms
Frame 1153 end
Average processing time of GrabImageRGBD(): 10.526ms
Frame 1154 end
Average processing time of GrabImageRGBD(): 10.525ms
Frame 1155 end
Average processing time of GrabImageRGBD(): 10.5247ms
Frame 1156 end
Average processing time of GrabImageRGBD(): 10.5243ms
Frame 1157 end
Average processing time of GrabImageRGBD(): 10.5211ms
Frame 1158 end
Average processing time of GrabImageRGBD(): 10.5199ms
Frame 1159 end
Average processing time of GrabImageRGBD(): 10.5153ms
Frame 1160 end
Average processing time of GrabImageRGBD(): 10.5119ms
Frame 1161 end
Average processing time of GrabImageRGBD(): 10.5402ms
Frame 1162 end
Average processing time of GrabImageRGBD(): 10.5421ms
Frame 1163 end
Average processing time of GrabImageRGBD(): 10.5399ms
Frame 1164 end
Average processing time of GrabImageRGBD(): 10.5351ms
Frame 1165 end
Average processing time of GrabImageRGBD(): 10.5359ms
Frame 1166 end
Average processing time of GrabImageRGBD(): 10.5359ms
Frame 1167 end
Average processing time of GrabImageRGBD(): 10.5361ms
Frame 1168 end
Average processing time of GrabImageRGBD(): 10.5352ms
Frame 1169 end
Average processing time of GrabImageRGBD(): 10.5339ms
Frame 1170 end
Average processing time of GrabImageRGBD(): 10.5316ms
Frame 1171 end
Average processing time of GrabImageRGBD(): 10.5293ms
Frame 1172 end
Average processing time of GrabImageRGBD(): 10.5268ms
Frame 1173 end
Average processing time of GrabImageRGBD(): 10.5268ms
Frame 1174 end
Average processing time of GrabImageRGBD(): 10.5512ms
Frame 1175 end
Average processing time of GrabImageRGBD(): 10.5514ms
Frame 1176 end
Average processing time of GrabImageRGBD(): 10.5505ms
Frame 1177 end
Average processing time of GrabImageRGBD(): 10.5481ms
Frame 1178 end
Average processing time of GrabImageRGBD(): 10.5488ms
Frame 1179 end
Average processing time of GrabImageRGBD(): 10.5473ms
Frame 1180 end
Average processing time of GrabImageRGBD(): 10.5478ms
Frame 1181 end
Average processing time of GrabImageRGBD(): 10.5445ms
Frame 1182 end
Average processing time of GrabImageRGBD(): 10.5427ms
Frame 1183 end
Average processing time of GrabImageRGBD(): 10.5454ms
Frame 1184 end
Average processing time of GrabImageRGBD(): 10.545ms
Frame 1185 end
Average processing time of GrabImageRGBD(): 10.5439ms
Frame 1186 end
Average processing time of GrabImageRGBD(): 10.5418ms
Frame 1187 end
Average processing time of GrabImageRGBD(): 10.5656ms
Frame 1188 end
Average processing time of GrabImageRGBD(): 10.5677ms
Frame 1189 end
Average processing time of GrabImageRGBD(): 10.5681ms
Frame 1190 end
Average processing time of GrabImageRGBD(): 10.5666ms
Frame 1191 end
Average processing time of GrabImageRGBD(): 10.5674ms
Frame 1192 end
Average processing time of GrabImageRGBD(): 10.5687ms
Frame 1193 end
Average processing time of GrabImageRGBD(): 10.5644ms
Frame 1194 end
Average processing time of GrabImageRGBD(): 10.563ms
Frame 1195 end
Average processing time of GrabImageRGBD(): 10.5626ms
Frame 1196 end
Average processing time of GrabImageRGBD(): 10.564ms
Frame 1197 end
Average processing time of GrabImageRGBD(): 10.5651ms
Frame 1198 end
Average processing time of GrabImageRGBD(): 10.5638ms
Frame 1199 end
Average processing time of GrabImageRGBD(): 10.5643ms
Frame 1200 end
Average processing time of GrabImageRGBD(): 10.5881ms
Frame 1201 end
Average processing time of GrabImageRGBD(): 10.589ms
Frame 1202 end
Average processing time of GrabImageRGBD(): 10.5882ms
Frame 1203 end
Average processing time of GrabImageRGBD(): 10.5882ms
Frame 1204 end
Average processing time of GrabImageRGBD(): 10.588ms
Frame 1205 end
Average processing time of GrabImageRGBD(): 10.5895ms
Frame 1206 end
Average processing time of GrabImageRGBD(): 10.5851ms
Frame 1207 end
Average processing time of GrabImageRGBD(): 10.5846ms
Frame 1208 end
Average processing time of GrabImageRGBD(): 10.5847ms
Frame 1209 end
Average processing time of GrabImageRGBD(): 10.5849ms
Frame 1210 end
Average processing time of GrabImageRGBD(): 10.5851ms
Frame 1211 end
Average processing time of GrabImageRGBD(): 10.5851ms
Frame 1212 end
Average processing time of GrabImageRGBD(): 10.5823ms
Frame 1213 end
Average processing time of GrabImageRGBD(): 10.6055ms
Frame 1214 end
Average processing time of GrabImageRGBD(): 10.6066ms
Frame 1215 end
Average processing time of GrabImageRGBD(): 10.6079ms
Frame 1216 end
Average processing time of GrabImageRGBD(): 10.6087ms
Frame 1217 end
Average processing time of GrabImageRGBD(): 10.6057ms
Frame 1218 end
Average processing time of GrabImageRGBD(): 10.605ms
Frame 1219 end
Average processing time of GrabImageRGBD(): 10.6047ms
Frame 1220 end
Average processing time of GrabImageRGBD(): 10.6057ms
Frame 1221 end
Average processing time of GrabImageRGBD(): 10.6042ms
Frame 1222 end
Average processing time of GrabImageRGBD(): 10.6052ms
Frame 1223 end
Average processing time of GrabImageRGBD(): 10.6048ms
Frame 1224 end
Average processing time of GrabImageRGBD(): 10.6061ms
Frame 1225 end
Average processing time of GrabImageRGBD(): 10.6079ms
Frame 1226 end
Average processing time of GrabImageRGBD(): 10.6291ms
Frame 1227 end
Average processing time of GrabImageRGBD(): 10.6299ms
Frame 1228 end
Average processing time of GrabImageRGBD(): 10.6278ms
Frame 1229 end
Average processing time of GrabImageRGBD(): 10.6247ms
Frame 1230 end
Average processing time of GrabImageRGBD(): 10.6217ms
Frame 1231 end
Average processing time of GrabImageRGBD(): 10.6207ms
Frame 1232 end
Average processing time of GrabImageRGBD(): 10.6211ms
Frame 1233 end
Average processing time of GrabImageRGBD(): 10.6189ms
Frame 1234 end
Average processing time of GrabImageRGBD(): 10.6157ms
Frame 1235 end
Average processing time of GrabImageRGBD(): 10.6134ms
Frame 1236 end
Average processing time of GrabImageRGBD(): 10.6131ms
Frame 1237 end
Average processing time of GrabImageRGBD(): 10.6132ms
Frame 1238 end
Average processing time of GrabImageRGBD(): 10.6136ms
Frame 1239 end
Average processing time of GrabImageRGBD(): 10.6138ms
Frame 1240 end
Average processing time of GrabImageRGBD(): 10.6138ms
Frame 1241 end
Average processing time of GrabImageRGBD(): 10.6344ms
Frame 1242 end
Average processing time of GrabImageRGBD(): 10.6355ms
Frame 1243 end
Average processing time of GrabImageRGBD(): 10.637ms
Frame 1244 end
Average processing time of GrabImageRGBD(): 10.6375ms
Frame 1245 end
Average processing time of GrabImageRGBD(): 10.638ms
Frame 1246 end
Average processing time of GrabImageRGBD(): 10.6378ms
Frame 1247 end
Average processing time of GrabImageRGBD(): 10.6353ms
Frame 1248 end
Average processing time of GrabImageRGBD(): 10.635ms
Frame 1249 end
Average processing time of GrabImageRGBD(): 10.6318ms
Frame 1250 end
Average processing time of GrabImageRGBD(): 10.6275ms
Frame 1251 end
Average processing time of GrabImageRGBD(): 10.6271ms
Frame 1252 end
Average processing time of GrabImageRGBD(): 10.6252ms
Frame 1253 end
Average processing time of GrabImageRGBD(): 10.6231ms
Frame 1254 end
Average processing time of GrabImageRGBD(): 10.624ms
Frame 1255 end
Average processing time of GrabImageRGBD(): 10.6455ms
Frame 1256 end
Average processing time of GrabImageRGBD(): 10.6477ms
Frame 1257 end
Average processing time of GrabImageRGBD(): 10.6484ms
Frame 1258 end
Average processing time of GrabImageRGBD(): 10.6453ms
Frame 1259 end
Average processing time of GrabImageRGBD(): 10.6454ms
Frame 1260 end
Average processing time of GrabImageRGBD(): 10.6462ms
Frame 1261 end
Average processing time of GrabImageRGBD(): 10.6461ms
Frame 1262 end
Average processing time of GrabImageRGBD(): 10.6454ms
Frame 1263 end
Average processing time of GrabImageRGBD(): 10.6457ms
Frame 1264 end
Average processing time of GrabImageRGBD(): 10.6443ms
Frame 1265 end
Average processing time of GrabImageRGBD(): 10.6446ms
Frame 1266 end
Average processing time of GrabImageRGBD(): 10.6451ms
Frame 1267 end
Average processing time of GrabImageRGBD(): 10.6455ms
Frame 1268 end
Average processing time of GrabImageRGBD(): 10.6453ms
Frame 1269 end
Average processing time of GrabImageRGBD(): 10.645ms
Frame 1270 end
Average processing time of GrabImageRGBD(): 10.6663ms
Frame 1271 end
Average processing time of GrabImageRGBD(): 10.6671ms
Frame 1272 end
Average processing time of GrabImageRGBD(): 10.6687ms
Frame 1273 end
Average processing time of GrabImageRGBD(): 10.6692ms
Frame 1274 end
Average processing time of GrabImageRGBD(): 10.667ms
Frame 1275 end
Average processing time of GrabImageRGBD(): 10.6671ms
Frame 1276 end
Average processing time of GrabImageRGBD(): 10.6625ms
Frame 1277 end
Average processing time of GrabImageRGBD(): 10.6618ms
Frame 1278 end
Average processing time of GrabImageRGBD(): 10.6628ms
Frame 1279 end
Average processing time of GrabImageRGBD(): 10.66ms
Frame 1280 end
Average processing time of GrabImageRGBD(): 10.6558ms
Frame 1281 end
Average processing time of GrabImageRGBD(): 10.6542ms
Frame 1282 end
Average processing time of GrabImageRGBD(): 10.6563ms
Frame 1283 end
Average processing time of GrabImageRGBD(): 10.6552ms
Frame 1284 end
Average processing time of GrabImageRGBD(): 10.6547ms
Frame 1285 end
Average processing time of GrabImageRGBD(): 10.6546ms
Frame 1286 end
Average processing time of GrabImageRGBD(): 10.6522ms
Frame 1287 end
Average processing time of GrabImageRGBD(): 10.6529ms
Frame 1288 end
Average processing time of GrabImageRGBD(): 10.651ms
Frame 1289 end
Average processing time of GrabImageRGBD(): 10.6506ms
Frame 1290 end
Average processing time of GrabImageRGBD(): 10.6707ms
Frame 1291 end
Average processing time of GrabImageRGBD(): 10.6723ms
Frame 1292 end
Average processing time of GrabImageRGBD(): 10.6723ms
Frame 1293 end
Average processing time of GrabImageRGBD(): 10.6719ms
Frame 1294 end
Average processing time of GrabImageRGBD(): 10.6703ms
Frame 1295 end
Average processing time of GrabImageRGBD(): 10.669ms
Frame 1296 end
Average processing time of GrabImageRGBD(): 10.6693ms
Frame 1297 end
Average processing time of GrabImageRGBD(): 10.6675ms
Frame 1298 end
Average processing time of GrabImageRGBD(): 10.6668ms
Frame 1299 end
Average processing time of GrabImageRGBD(): 10.665ms
Frame 1300 end
Average processing time of GrabImageRGBD(): 10.663ms
Frame 1301 end
Average processing time of GrabImageRGBD(): 10.6624ms
Frame 1302 end
Average processing time of GrabImageRGBD(): 10.6607ms
Frame 1303 end
Average processing time of GrabImageRGBD(): 10.6591ms
Frame 1304 end
Average processing time of GrabImageRGBD(): 10.6809ms
Frame 1305 end
Average processing time of GrabImageRGBD(): 10.6807ms
Frame 1306 end
Average processing time of GrabImageRGBD(): 10.6817ms
Frame 1307 end
Average processing time of GrabImageRGBD(): 10.6802ms
Frame 1308 end
Average processing time of GrabImageRGBD(): 10.6803ms
Frame 1309 end
Average processing time of GrabImageRGBD(): 10.6787ms
Frame 1310 end
Average processing time of GrabImageRGBD(): 10.677ms
Frame 1311 end
Average processing time of GrabImageRGBD(): 10.6753ms
Frame 1312 end
Average processing time of GrabImageRGBD(): 10.6756ms
Frame 1313 end
Average processing time of GrabImageRGBD(): 10.676ms
Frame 1314 end
Average processing time of GrabImageRGBD(): 10.6768ms
Frame 1315 end
Average processing time of GrabImageRGBD(): 10.6767ms
Frame 1316 end
Average processing time of GrabImageRGBD(): 10.6777ms
Frame 1317 end
Average processing time of GrabImageRGBD(): 10.6748ms
Frame 1318 end
Average processing time of GrabImageRGBD(): 10.6729ms
Frame 1319 end
Average processing time of GrabImageRGBD(): 10.673ms
Frame 1320 end
Average processing time of GrabImageRGBD(): 10.6722ms
Frame 1321 end
Average processing time of GrabImageRGBD(): 10.6684ms
Frame 1322 end
Average processing time of GrabImageRGBD(): 10.6678ms
Frame 1323 end
Average processing time of GrabImageRGBD(): 10.6675ms
Frame 1324 end
Average processing time of GrabImageRGBD(): 10.6678ms
Frame 1325 end
Average processing time of GrabImageRGBD(): 10.6884ms
Frame 1326 end
Average processing time of GrabImageRGBD(): 10.689ms
Frame 1327 end
Average processing time of GrabImageRGBD(): 10.6864ms
Frame 1328 end
Average processing time of GrabImageRGBD(): 10.6863ms
Frame 1329 end
Average processing time of GrabImageRGBD(): 10.6859ms
Frame 1330 end
Average processing time of GrabImageRGBD(): 10.6833ms
Frame 1331 end
Average processing time of GrabImageRGBD(): 10.683ms
Frame 1332 end
Average processing time of GrabImageRGBD(): 10.6841ms
Frame 1333 end
Average processing time of GrabImageRGBD(): 10.682ms
Frame 1334 end
Average processing time of GrabImageRGBD(): 10.6801ms
Frame 1335 end
Average processing time of GrabImageRGBD(): 10.6783ms
Frame 1336 end
Average processing time of GrabImageRGBD(): 10.679ms
Frame 1337 end
Average processing time of GrabImageRGBD(): 10.6795ms
Frame 1338 end
Average processing time of GrabImageRGBD(): 10.6795ms
Frame 1339 end
Average processing time of GrabImageRGBD(): 10.6794ms
Frame 1340 end
Average processing time of GrabImageRGBD(): 10.6998ms
Frame 1341 end
Average processing time of GrabImageRGBD(): 10.6984ms
Frame 1342 end
Average processing time of GrabImageRGBD(): 10.6983ms
Frame 1343 end
Average processing time of GrabImageRGBD(): 10.6982ms
Frame 1344 end
Average processing time of GrabImageRGBD(): 10.6985ms
Frame 1345 end
Average processing time of GrabImageRGBD(): 10.6968ms
Frame 1346 end
Average processing time of GrabImageRGBD(): 10.6936ms
Frame 1347 end
Average processing time of GrabImageRGBD(): 10.6937ms
Frame 1348 end
Average processing time of GrabImageRGBD(): 10.6942ms
Frame 1349 end
Average processing time of GrabImageRGBD(): 10.6939ms
Frame 1350 end
Average processing time of GrabImageRGBD(): 10.6941ms
Frame 1351 end
Average processing time of GrabImageRGBD(): 10.6899ms
Frame 1352 end
Average processing time of GrabImageRGBD(): 10.6901ms
Frame 1353 end
Average processing time of GrabImageRGBD(): 10.6891ms
Frame 1354 end
Average processing time of GrabImageRGBD(): 10.6885ms
Frame 1355 end
Average processing time of GrabImageRGBD(): 10.7082ms
Frame 1356 end
Average processing time of GrabImageRGBD(): 10.7052ms
Frame 1357 end
Average processing time of GrabImageRGBD(): 10.7052ms
Frame 1358 end
Average processing time of GrabImageRGBD(): 10.7055ms
Frame 1359 end
Average processing time of GrabImageRGBD(): 10.7025ms
Frame 1360 end
Average processing time of GrabImageRGBD(): 10.7025ms
Frame 1361 end
Average processing time of GrabImageRGBD(): 10.7026ms
Frame 1362 end
Average processing time of GrabImageRGBD(): 10.7022ms
Frame 1363 end
Average processing time of GrabImageRGBD(): 10.7003ms
Frame 1364 end
Average processing time of GrabImageRGBD(): 10.6989ms
Frame 1365 end
Average processing time of GrabImageRGBD(): 10.6967ms
Frame 1366 end
Average processing time of GrabImageRGBD(): 10.6959ms
Frame 1367 end
Average processing time of GrabImageRGBD(): 10.6944ms
Frame 1368 end
Average processing time of GrabImageRGBD(): 10.6956ms
Frame 1369 end
Average processing time of GrabImageRGBD(): 10.694ms
Frame 1370 end
Average processing time of GrabImageRGBD(): 10.7134ms
Frame 1371 end
Average processing time of GrabImageRGBD(): 10.7148ms
Frame 1372 end
Average processing time of GrabImageRGBD(): 10.715ms
Frame 1373 end
Average processing time of GrabImageRGBD(): 10.7155ms
Frame 1374 end
Average processing time of GrabImageRGBD(): 10.7127ms
Frame 1375 end
Average processing time of GrabImageRGBD(): 10.7107ms
Frame 1376 end
Average processing time of GrabImageRGBD(): 10.7105ms
Frame 1377 end
Average processing time of GrabImageRGBD(): 10.7089ms
Frame 1378 end
Average processing time of GrabImageRGBD(): 10.7072ms
Frame 1379 end
Average processing time of GrabImageRGBD(): 10.7069ms
Frame 1380 end
Average processing time of GrabImageRGBD(): 10.7061ms
Frame 1381 end
Average processing time of GrabImageRGBD(): 10.7053ms
Frame 1382 end
Average processing time of GrabImageRGBD(): 10.7034ms
Frame 1383 end
Average processing time of GrabImageRGBD(): 10.7025ms
Frame 1384 end
Average processing time of GrabImageRGBD(): 10.7031ms
Frame 1385 end
Average processing time of GrabImageRGBD(): 10.7001ms
Frame 1386 end
Average processing time of GrabImageRGBD(): 10.6997ms
Frame 1387 end
Average processing time of GrabImageRGBD(): 10.6985ms
Frame 1388 end
Average processing time of GrabImageRGBD(): 10.6967ms
Frame 1389 end
Average processing time of GrabImageRGBD(): 10.6962ms
Frame 1390 end
Average processing time of GrabImageRGBD(): 10.7145ms
Frame 1391 end
Average processing time of GrabImageRGBD(): 10.716ms
Frame 1392 end
Average processing time of GrabImageRGBD(): 10.7153ms
Frame 1393 end
Average processing time of GrabImageRGBD(): 10.7153ms
Frame 1394 end
Average processing time of GrabImageRGBD(): 10.7162ms
Frame 1395 end
Average processing time of GrabImageRGBD(): 10.715ms
Frame 1396 end
Average processing time of GrabImageRGBD(): 10.7142ms
Frame 1397 end
Average processing time of GrabImageRGBD(): 10.7126ms
Frame 1398 end
Average processing time of GrabImageRGBD(): 10.7117ms
Frame 1399 end
Average processing time of GrabImageRGBD(): 10.7121ms
Frame 1400 end
Average processing time of GrabImageRGBD(): 10.7123ms
Frame 1401 end
Average processing time of GrabImageRGBD(): 10.7086ms
Frame 1402 end
Average processing time of GrabImageRGBD(): 10.7087ms
Frame 1403 end
Average processing time of GrabImageRGBD(): 10.708ms
Frame 1404 end
Average processing time of GrabImageRGBD(): 10.7083ms
Frame 1405 end
Average processing time of GrabImageRGBD(): 10.7071ms
Frame 1406 end
Average processing time of GrabImageRGBD(): 10.7323ms
Frame 1407 end
Average processing time of GrabImageRGBD(): 10.7374ms
Frame 1408 end
Average processing time of GrabImageRGBD(): 10.7366ms
Frame 1409 end
Average processing time of GrabImageRGBD(): 10.7366ms
Frame 1410 end
Average processing time of GrabImageRGBD(): 10.7348ms
Frame 1411 end
Average processing time of GrabImageRGBD(): 10.7339ms
Frame 1412 end
Average processing time of GrabImageRGBD(): 10.7309ms
Frame 1413 end
Average processing time of GrabImageRGBD(): 10.7272ms
Frame 1414 end
Average processing time of GrabImageRGBD(): 10.7278ms
Frame 1415 end
Average processing time of GrabImageRGBD(): 10.7277ms
Frame 1416 end
Average processing time of GrabImageRGBD(): 10.7274ms
Frame 1417 end
Average processing time of GrabImageRGBD(): 10.7258ms
Frame 1418 end
Average processing time of GrabImageRGBD(): 10.7256ms
Frame 1419 end
Average processing time of GrabImageRGBD(): 10.7233ms
Frame 1420 end
Average processing time of GrabImageRGBD(): 10.7226ms
Frame 1421 end
Average processing time of GrabImageRGBD(): 10.722ms
Frame 1422 end
Average processing time of GrabImageRGBD(): 10.72ms
Frame 1423 end
Average processing time of GrabImageRGBD(): 10.738ms
Frame 1424 end
Average processing time of GrabImageRGBD(): 10.7381ms
Frame 1425 end
Average processing time of GrabImageRGBD(): 10.7382ms
Frame 1426 end
Average processing time of GrabImageRGBD(): 10.7354ms
Frame 1427 end
Average processing time of GrabImageRGBD(): 10.7354ms
Frame 1428 end
Average processing time of GrabImageRGBD(): 10.7353ms
Frame 1429 end
Average processing time of GrabImageRGBD(): 10.7342ms
Frame 1430 end
Average processing time of GrabImageRGBD(): 10.7315ms
Frame 1431 end
Average processing time of GrabImageRGBD(): 10.7305ms
Frame 1432 end
Average processing time of GrabImageRGBD(): 10.7287ms
Frame 1433 end
Average processing time of GrabImageRGBD(): 10.7266ms
Frame 1434 end
Average processing time of GrabImageRGBD(): 10.7253ms
Frame 1435 end
Average processing time of GrabImageRGBD(): 10.7244ms
Frame 1436 end
Average processing time of GrabImageRGBD(): 10.7227ms
Frame 1437 end
Average processing time of GrabImageRGBD(): 10.7222ms
Frame 1438 end
Average processing time of GrabImageRGBD(): 10.722ms
Frame 1439 end
Average processing time of GrabImageRGBD(): 10.7217ms
Frame 1440 end
Average processing time of GrabImageRGBD(): 10.7214ms
Frame 1441 end
Average processing time of GrabImageRGBD(): 10.7408ms
Frame 1442 end
Average processing time of GrabImageRGBD(): 10.7419ms
Frame 1443 end
Average processing time of GrabImageRGBD(): 10.7421ms
Frame 1444 end
Average processing time of GrabImageRGBD(): 10.7421ms
Frame 1445 end
Average processing time of GrabImageRGBD(): 10.7423ms
Frame 1446 end
Average processing time of GrabImageRGBD(): 10.7425ms
Frame 1447 end
Average processing time of GrabImageRGBD(): 10.742ms
Frame 1448 end
Average processing time of GrabImageRGBD(): 10.7409ms
Frame 1449 end
Average processing time of GrabImageRGBD(): 10.7406ms
Frame 1450 end
Average processing time of GrabImageRGBD(): 10.7402ms
Frame 1451 end
Average processing time of GrabImageRGBD(): 10.7399ms
Frame 1452 end
Average processing time of GrabImageRGBD(): 10.7388ms
Frame 1453 end
Average processing time of GrabImageRGBD(): 10.7385ms
Frame 1454 end
Average processing time of GrabImageRGBD(): 10.7386ms
Frame 1455 end
Average processing time of GrabImageRGBD(): 10.7375ms
Frame 1456 end
Average processing time of GrabImageRGBD(): 10.7378ms
Frame 1457 end
Average processing time of GrabImageRGBD(): 10.7367ms
Frame 1458 end
Average processing time of GrabImageRGBD(): 10.7371ms
Frame 1459 end
Average processing time of GrabImageRGBD(): 10.7567ms
Frame 1460 end
Average processing time of GrabImageRGBD(): 10.759ms
Frame 1461 end
Average processing time of GrabImageRGBD(): 10.7603ms
Frame 1462 end
Average processing time of GrabImageRGBD(): 10.7594ms
Frame 1463 end
Average processing time of GrabImageRGBD(): 10.7599ms
Frame 1464 end
Average processing time of GrabImageRGBD(): 10.7577ms
Frame 1465 end
Average processing time of GrabImageRGBD(): 10.7582ms
Frame 1466 end
Average processing time of GrabImageRGBD(): 10.7556ms
Frame 1467 end
Average processing time of GrabImageRGBD(): 10.7549ms
Frame 1468 end
Average processing time of GrabImageRGBD(): 10.7542ms
Frame 1469 end
Average processing time of GrabImageRGBD(): 10.7535ms
Frame 1470 end
Average processing time of GrabImageRGBD(): 10.7535ms
Frame 1471 end
Average processing time of GrabImageRGBD(): 10.7539ms
Frame 1472 end
Average processing time of GrabImageRGBD(): 10.7528ms
Frame 1473 end
Average processing time of GrabImageRGBD(): 10.7528ms
Frame 1474 end
Average processing time of GrabImageRGBD(): 10.751ms
Frame 1475 end
Average processing time of GrabImageRGBD(): 10.7504ms
Frame 1476 end
Average processing time of GrabImageRGBD(): 10.7503ms
Frame 1477 end
Average processing time of GrabImageRGBD(): 10.7702ms
Frame 1478 end
Average processing time of GrabImageRGBD(): 10.7726ms
Frame 1479 end
Average processing time of GrabImageRGBD(): 10.772ms
Frame 1480 end
Average processing time of GrabImageRGBD(): 10.7688ms
Frame 1481 end
Average processing time of GrabImageRGBD(): 10.7679ms
Frame 1482 end
Average processing time of GrabImageRGBD(): 10.7683ms
Frame 1483 end
Average processing time of GrabImageRGBD(): 10.7691ms
Frame 1484 end
Average processing time of GrabImageRGBD(): 10.767ms
Frame 1485 end
Average processing time of GrabImageRGBD(): 10.7674ms
Frame 1486 end
Average processing time of GrabImageRGBD(): 10.7672ms
Frame 1487 end
Average processing time of GrabImageRGBD(): 10.7662ms
Frame 1488 end
Average processing time of GrabImageRGBD(): 10.7656ms
Frame 1489 end
Average processing time of GrabImageRGBD(): 10.7647ms
Frame 1490 end
Average processing time of GrabImageRGBD(): 10.7645ms
Frame 1491 end
Average processing time of GrabImageRGBD(): 10.7637ms
Frame 1492 end
Average processing time of GrabImageRGBD(): 10.7643ms
Frame 1493 end
Average processing time of GrabImageRGBD(): 10.7639ms
Frame 1494 end
Average processing time of GrabImageRGBD(): 10.7639ms
Frame 1495 end
Average processing time of GrabImageRGBD(): 10.7821ms
Frame 1496 end
Average processing time of GrabImageRGBD(): 10.7816ms
Frame 1497 end
Average processing time of GrabImageRGBD(): 10.7808ms
Frame 1498 end
Average processing time of GrabImageRGBD(): 10.7809ms
Frame 1499 end
Average processing time of GrabImageRGBD(): 10.7807ms
Frame 1500 end
Average processing time of GrabImageRGBD(): 10.7806ms
Frame 1501 end
Average processing time of GrabImageRGBD(): 10.7811ms
Frame 1502 end
Average processing time of GrabImageRGBD(): 10.7793ms
Frame 1503 end
Average processing time of GrabImageRGBD(): 10.7794ms
Frame 1504 end
Average processing time of GrabImageRGBD(): 10.7779ms
Frame 1505 end
Average processing time of GrabImageRGBD(): 10.7968ms
Frame 1506 end
Average processing time of GrabImageRGBD(): 10.7974ms
Frame 1507 end
Average processing time of GrabImageRGBD(): 10.8147ms
Frame 1508 end
Average processing time of GrabImageRGBD(): 10.8164ms
Frame 1509 end
Average processing time of GrabImageRGBD(): 10.8163ms
Frame 1510 end
Average processing time of GrabImageRGBD(): 10.817ms
Frame 1511 end
Average processing time of GrabImageRGBD(): 10.8172ms
Frame 1512 end
Average processing time of GrabImageRGBD(): 10.8185ms
Frame 1513 end
Average processing time of GrabImageRGBD(): 10.8185ms
Frame 1514 end
Average processing time of GrabImageRGBD(): 10.8176ms
Frame 1515 end
Average processing time of GrabImageRGBD(): 10.8181ms
Frame 1516 end
Average processing time of GrabImageRGBD(): 10.8182ms
Frame 1517 end
Average processing time of GrabImageRGBD(): 10.8181ms
Frame 1518 end
Average processing time of GrabImageRGBD(): 10.8173ms
Frame 1519 end
Average processing time of GrabImageRGBD(): 10.8171ms
Frame 1520 end
Average processing time of GrabImageRGBD(): 10.8351ms
Frame 1521 end
Average processing time of GrabImageRGBD(): 10.8366ms
Frame 1522 end
Average processing time of GrabImageRGBD(): 10.8367ms
Frame 1523 end
Average processing time of GrabImageRGBD(): 10.8351ms
Frame 1524 end
Average processing time of GrabImageRGBD(): 10.8347ms
Frame 1525 end
Average processing time of GrabImageRGBD(): 10.8349ms
Frame 1526 end
Average processing time of GrabImageRGBD(): 10.8323ms
Frame 1527 end
Average processing time of GrabImageRGBD(): 10.8319ms
Frame 1528 end
Average processing time of GrabImageRGBD(): 10.8299ms
Frame 1529 end
Average processing time of GrabImageRGBD(): 10.8295ms
Frame 1530 end
Average processing time of GrabImageRGBD(): 10.8295ms
Frame 1531 end
Average processing time of GrabImageRGBD(): 10.8308ms
Frame 1532 end
Average processing time of GrabImageRGBD(): 10.8298ms
Frame 1533 end
Average processing time of GrabImageRGBD(): 10.83ms
Frame 1534 end
Average processing time of GrabImageRGBD(): 10.828ms
Frame 1535 end
Average processing time of GrabImageRGBD(): 10.8281ms
Frame 1536 end
Average processing time of GrabImageRGBD(): 10.8446ms
Frame 1537 end
Average processing time of GrabImageRGBD(): 10.8457ms
Frame 1538 end
Average processing time of GrabImageRGBD(): 10.8455ms
Frame 1539 end
Average processing time of GrabImageRGBD(): 10.8444ms
Frame 1540 end
Average processing time of GrabImageRGBD(): 10.8443ms
Frame 1541 end
Average processing time of GrabImageRGBD(): 10.8441ms
Frame 1542 end
Average processing time of GrabImageRGBD(): 10.8441ms
Frame 1543 end
Average processing time of GrabImageRGBD(): 10.8438ms
Frame 1544 end
Average processing time of GrabImageRGBD(): 10.8424ms
Frame 1545 end
Average processing time of GrabImageRGBD(): 10.8399ms
Frame 1546 end
Average processing time of GrabImageRGBD(): 10.8403ms
Frame 1547 end
Average processing time of GrabImageRGBD(): 10.8405ms
Frame 1548 end
Average processing time of GrabImageRGBD(): 10.8404ms
Frame 1549 end
Average processing time of GrabImageRGBD(): 10.8374ms
Frame 1550 end
Average processing time of GrabImageRGBD(): 10.8368ms
Frame 1551 end
Average processing time of GrabImageRGBD(): 10.8366ms
Frame 1552 end
Average processing time of GrabImageRGBD(): 10.8529ms
Frame 1553 end
Average processing time of GrabImageRGBD(): 10.854ms
Frame 1554 end
Average processing time of GrabImageRGBD(): 10.8538ms
Frame 1555 end
Average processing time of GrabImageRGBD(): 10.8541ms
Frame 1556 end
Average processing time of GrabImageRGBD(): 10.8545ms
Frame 1557 end
Average processing time of GrabImageRGBD(): 10.8546ms
Frame 1558 end
Average processing time of GrabImageRGBD(): 10.8546ms
Frame 1559 end
Average processing time of GrabImageRGBD(): 10.8535ms
Frame 1560 end
Average processing time of GrabImageRGBD(): 10.8521ms
Frame 1561 end
Average processing time of GrabImageRGBD(): 10.8521ms
Frame 1562 end
Average processing time of GrabImageRGBD(): 10.87ms
Frame 1563 end
Average processing time of GrabImageRGBD(): 10.8721ms
Frame 1564 end
Average processing time of GrabImageRGBD(): 10.8721ms
Frame 1565 end
Average processing time of GrabImageRGBD(): 10.8727ms
Frame 1566 end
Average processing time of GrabImageRGBD(): 10.8718ms
Frame 1567 end
Average processing time of GrabImageRGBD(): 10.8725ms
Frame 1568 end
Average processing time of GrabImageRGBD(): 10.8892ms
Frame 1569 end
Average processing time of GrabImageRGBD(): 10.8926ms
Frame 1570 end
Average processing time of GrabImageRGBD(): 10.8924ms
Frame 1571 end
Average processing time of GrabImageRGBD(): 10.8936ms
Frame 1572 end
Average processing time of GrabImageRGBD(): 10.8936ms
Frame 1573 end
Average processing time of GrabImageRGBD(): 10.8935ms
Frame 1574 end
Average processing time of GrabImageRGBD(): 10.8932ms
Frame 1575 end
Average processing time of GrabImageRGBD(): 10.8932ms
Frame 1576 end
Average processing time of GrabImageRGBD(): 10.8927ms
Frame 1577 end
Average processing time of GrabImageRGBD(): 10.8928ms
Frame 1578 end
Average processing time of GrabImageRGBD(): 10.8928ms
Frame 1579 end
Average processing time of GrabImageRGBD(): 10.8936ms
Frame 1580 end
Average processing time of GrabImageRGBD(): 10.8937ms
Frame 1581 end
Average processing time of GrabImageRGBD(): 10.8934ms
Frame 1582 end
Average processing time of GrabImageRGBD(): 10.8929ms
Frame 1583 end
Average processing time of GrabImageRGBD(): 10.8939ms
Frame 1584 end
Average processing time of GrabImageRGBD(): 10.8939ms
Frame 1585 end
Average processing time of GrabImageRGBD(): 10.8936ms
Frame 1586 end
Average processing time of GrabImageRGBD(): 10.894ms
Frame 1587 end
Average processing time of GrabImageRGBD(): 10.8941ms
Frame 1588 end
Average processing time of GrabImageRGBD(): 10.894ms
Frame 1589 end
Average processing time of GrabImageRGBD(): 10.8943ms
Frame 1590 end
Average processing time of GrabImageRGBD(): 10.9105ms
Frame 1591 end
Average processing time of GrabImageRGBD(): 10.912ms
Frame 1592 end
Average processing time of GrabImageRGBD(): 10.9125ms
Frame 1593 end
Average processing time of GrabImageRGBD(): 10.9128ms
Frame 1594 end
Average processing time of GrabImageRGBD(): 10.9133ms
Frame 1595 end
Average processing time of GrabImageRGBD(): 10.9322ms
Frame 1596 end
Average processing time of GrabImageRGBD(): 10.9341ms
Frame 1597 end
Average processing time of GrabImageRGBD(): 10.9344ms
Frame 1598 end
Average processing time of GrabImageRGBD(): 10.9329ms
Frame 1599 end
Average processing time of GrabImageRGBD(): 10.9338ms
Frame 1600 end
Average processing time of GrabImageRGBD(): 10.9339ms
Frame 1601 end
Average processing time of GrabImageRGBD(): 10.9327ms
Frame 1602 end
Average processing time of GrabImageRGBD(): 10.9335ms
Frame 1603 end
Average processing time of GrabImageRGBD(): 10.933ms
Frame 1604 end
Average processing time of GrabImageRGBD(): 10.9317ms
Frame 1605 end
Average processing time of GrabImageRGBD(): 10.9314ms
Frame 1606 end
Average processing time of GrabImageRGBD(): 10.9299ms
Frame 1607 end
Average processing time of GrabImageRGBD(): 10.9278ms
Frame 1608 end
Average processing time of GrabImageRGBD(): 10.9274ms
Frame 1609 end
Average processing time of GrabImageRGBD(): 10.9278ms
Frame 1610 end
Average processing time of GrabImageRGBD(): 10.9275ms
Frame 1611 end
Average processing time of GrabImageRGBD(): 10.9272ms
Frame 1612 end
Average processing time of GrabImageRGBD(): 10.9273ms
Frame 1613 end
Average processing time of GrabImageRGBD(): 10.9269ms
Frame 1614 end
Average processing time of GrabImageRGBD(): 10.9262ms
Frame 1615 end
Average processing time of GrabImageRGBD(): 10.9266ms
Frame 1616 end
Average processing time of GrabImageRGBD(): 10.9443ms
Frame 1617 end
Average processing time of GrabImageRGBD(): 10.9461ms
Frame 1618 end
Average processing time of GrabImageRGBD(): 10.9468ms
Frame 1619 end
Average processing time of GrabImageRGBD(): 10.9473ms
Frame 1620 end
Average processing time of GrabImageRGBD(): 10.9479ms
Frame 1621 end
Average processing time of GrabImageRGBD(): 10.9485ms
Frame 1622 end
Average processing time of GrabImageRGBD(): 10.9481ms
Frame 1623 end
Average processing time of GrabImageRGBD(): 10.9462ms
Frame 1624 end
Average processing time of GrabImageRGBD(): 10.9444ms
Frame 1625 end
Average processing time of GrabImageRGBD(): 10.9441ms
Frame 1626 end
Average processing time of GrabImageRGBD(): 10.943ms
Frame 1627 end
Average processing time of GrabImageRGBD(): 10.9436ms
Frame 1628 end
Average processing time of GrabImageRGBD(): 10.9449ms
Frame 1629 end
Average processing time of GrabImageRGBD(): 10.9434ms
Frame 1630 end
Average processing time of GrabImageRGBD(): 10.9432ms
Frame 1631 end
Average processing time of GrabImageRGBD(): 10.9433ms
Frame 1632 end
Average processing time of GrabImageRGBD(): 10.9435ms
Frame 1633 end
Average processing time of GrabImageRGBD(): 10.9436ms
Frame 1634 end
Average processing time of GrabImageRGBD(): 10.9433ms
Frame 1635 end
Average processing time of GrabImageRGBD(): 10.9605ms
Frame 1636 end
Average processing time of GrabImageRGBD(): 10.9798ms
Frame 1637 end
Average processing time of GrabImageRGBD(): 11.0016ms
Frame 1638 end
Average processing time of GrabImageRGBD(): 11.0033ms
Frame 1639 end
Average processing time of GrabImageRGBD(): 11.0029ms
Frame 1640 end
Average processing time of GrabImageRGBD(): 11.0028ms
Frame 1641 end
Average processing time of GrabImageRGBD(): 11.0033ms
Frame 1642 end
Average processing time of GrabImageRGBD(): 11.0031ms
Frame 1643 end
Average processing time of GrabImageRGBD(): 11.0032ms
Frame 1644 end
Average processing time of GrabImageRGBD(): 11.0034ms
Frame 1645 end
Average processing time of GrabImageRGBD(): 11.0028ms
Frame 1646 end
Average processing time of GrabImageRGBD(): 11.0002ms
Frame 1647 end
Average processing time of GrabImageRGBD(): 11.0003ms
Frame 1648 end
Average processing time of GrabImageRGBD(): 10.9998ms
Frame 1649 end
Average processing time of GrabImageRGBD(): 11.021ms
Frame 1650 end
Average processing time of GrabImageRGBD(): 11.022ms
Frame 1651 end
Average processing time of GrabImageRGBD(): 11.0214ms
Frame 1652 end
Average processing time of GrabImageRGBD(): 11.0213ms
Frame 1653 end
Average processing time of GrabImageRGBD(): 11.0207ms
Frame 1654 end
Average processing time of GrabImageRGBD(): 11.0202ms
Frame 1655 end
Average processing time of GrabImageRGBD(): 11.02ms
Frame 1656 end
Average processing time of GrabImageRGBD(): 11.0207ms
Frame 1657 end
Average processing time of GrabImageRGBD(): 11.02ms
Frame 1658 end
Average processing time of GrabImageRGBD(): 11.0205ms
Frame 1659 end
Average processing time of GrabImageRGBD(): 11.0211ms
Frame 1660 end
Average processing time of GrabImageRGBD(): 11.0198ms
Frame 1661 end
Average processing time of GrabImageRGBD(): 11.0197ms
Frame 1662 end
Average processing time of GrabImageRGBD(): 11.0183ms
Frame 1663 end
Average processing time of GrabImageRGBD(): 11.0348ms
Frame 1664 end
Average processing time of GrabImageRGBD(): 11.0362ms
Frame 1665 end
Average processing time of GrabImageRGBD(): 11.0362ms
Frame 1666 end
Average processing time of GrabImageRGBD(): 11.0534ms
Frame 1667 end
Average processing time of GrabImageRGBD(): 11.0557ms
Frame 1668 end
Average processing time of GrabImageRGBD(): 11.0732ms
Frame 1669 end
Average processing time of GrabImageRGBD(): 11.0749ms
Frame 1670 end
Average processing time of GrabImageRGBD(): 11.0745ms
Frame 1671 end
Average processing time of GrabImageRGBD(): 11.0743ms
Frame 1672 end
Average processing time of GrabImageRGBD(): 11.0753ms
Frame 1673 end
Average processing time of GrabImageRGBD(): 11.0747ms
Frame 1674 end
Average processing time of GrabImageRGBD(): 11.0751ms
Frame 1675 end
Average processing time of GrabImageRGBD(): 11.0735ms
Frame 1676 end
Average processing time of GrabImageRGBD(): 11.0737ms
Frame 1677 end
Average processing time of GrabImageRGBD(): 11.0724ms
Frame 1678 end
Average processing time of GrabImageRGBD(): 11.0717ms
Frame 1679 end
Average processing time of GrabImageRGBD(): 11.0719ms
Frame 1680 end
Average processing time of GrabImageRGBD(): 11.0709ms
Frame 1681 end
Average processing time of GrabImageRGBD(): 11.0699ms
Frame 1682 end
Average processing time of GrabImageRGBD(): 11.0689ms
Frame 1683 end
Average processing time of GrabImageRGBD(): 11.069ms
Frame 1684 end
Average processing time of GrabImageRGBD(): 11.0696ms
Frame 1685 end
Average processing time of GrabImageRGBD(): 11.0695ms
Frame 1686 end
Average processing time of GrabImageRGBD(): 11.0697ms
Frame 1687 end
Average processing time of GrabImageRGBD(): 11.0698ms
Frame 1688 end
Average processing time of GrabImageRGBD(): 11.0691ms
Frame 1689 end
Average processing time of GrabImageRGBD(): 11.0859ms
Frame 1690 end
Average processing time of GrabImageRGBD(): 11.1049ms
Frame 1691 end
Average processing time of GrabImageRGBD(): 11.1233ms
Frame 1692 end
Average processing time of GrabImageRGBD(): 11.1244ms
Frame 1693 end
Average processing time of GrabImageRGBD(): 11.1244ms
Frame 1694 end
Average processing time of GrabImageRGBD(): 11.1245ms
Frame 1695 end
Average processing time of GrabImageRGBD(): 11.1265ms
Frame 1696 end
Average processing time of GrabImageRGBD(): 11.1269ms
Frame 1697 end
Average processing time of GrabImageRGBD(): 11.1277ms
Frame 1698 end
Average processing time of GrabImageRGBD(): 11.1439ms
Frame 1699 end
Average processing time of GrabImageRGBD(): 11.1616ms
Frame 1700 end
Average processing time of GrabImageRGBD(): 11.1826ms
Frame 1701 end
Average processing time of GrabImageRGBD(): 11.1861ms
Frame 1702 end
Average processing time of GrabImageRGBD(): 11.1883ms
Frame 1703 end
Average processing time of GrabImageRGBD(): 11.1885ms
Frame 1704 end
Average processing time of GrabImageRGBD(): 11.1862ms
Frame 1705 end
Average processing time of GrabImageRGBD(): 11.1864ms
Frame 1706 end
Average processing time of GrabImageRGBD(): 11.1869ms
Frame 1707 end
Average processing time of GrabImageRGBD(): 11.187ms
Frame 1708 end
Average processing time of GrabImageRGBD(): 11.1861ms
Frame 1709 end
Average processing time of GrabImageRGBD(): 11.1863ms
Frame 1710 end
Average processing time of GrabImageRGBD(): 11.1867ms
Frame 1711 end
Average processing time of GrabImageRGBD(): 11.1871ms
Frame 1712 end
Average processing time of GrabImageRGBD(): 11.1879ms
Frame 1713 end
Average processing time of GrabImageRGBD(): 11.1858ms
Frame 1714 end
Average processing time of GrabImageRGBD(): 11.186ms
Frame 1715 end
Average processing time of GrabImageRGBD(): 11.1868ms
Frame 1716 end
Average processing time of GrabImageRGBD(): 11.1864ms
Frame 1717 end
Average processing time of GrabImageRGBD(): 11.1872ms
Frame 1718 end
Average processing time of GrabImageRGBD(): 11.2043ms
Frame 1719 end
Average processing time of GrabImageRGBD(): 11.2074ms
Frame 1720 end
Average processing time of GrabImageRGBD(): 11.2079ms
Frame 1721 end
Average processing time of GrabImageRGBD(): 11.2084ms
Frame 1722 end
Average processing time of GrabImageRGBD(): 11.2239ms
Frame 1723 end
Average processing time of GrabImageRGBD(): 11.2245ms
Frame 1724 end
Average processing time of GrabImageRGBD(): 11.2244ms
Frame 1725 end
Average processing time of GrabImageRGBD(): 11.2243ms
Frame 1726 end
Average processing time of GrabImageRGBD(): 11.2437ms
Frame 1727 end
Average processing time of GrabImageRGBD(): 11.2461ms
Frame 1728 end
Average processing time of GrabImageRGBD(): 11.2467ms
Frame 1729 end
Average processing time of GrabImageRGBD(): 11.2465ms
Frame 1730 end
Average processing time of GrabImageRGBD(): 11.2466ms
Frame 1731 end
Average processing time of GrabImageRGBD(): 11.2466ms
Frame 1732 end
Average processing time of GrabImageRGBD(): 11.2462ms
Frame 1733 end
Average processing time of GrabImageRGBD(): 11.2477ms
Frame 1734 end
Average processing time of GrabImageRGBD(): 11.2457ms
Frame 1735 end
Average processing time of GrabImageRGBD(): 11.2444ms
Frame 1736 end
Average processing time of GrabImageRGBD(): 11.2606ms
Frame 1737 end
Average processing time of GrabImageRGBD(): 11.2631ms
Frame 1738 end
Average processing time of GrabImageRGBD(): 11.263ms
Frame 1739 end
Average processing time of GrabImageRGBD(): 11.2627ms
Frame 1740 end
Average processing time of GrabImageRGBD(): 11.262ms
Frame 1741 end
Average processing time of GrabImageRGBD(): 11.2623ms
Frame 1742 end
Average processing time of GrabImageRGBD(): 11.2635ms
Frame 1743 end
Average processing time of GrabImageRGBD(): 11.2655ms
Frame 1744 end
Average processing time of GrabImageRGBD(): 11.2662ms
Frame 1745 end
Average processing time of GrabImageRGBD(): 11.2827ms
Frame 1746 end
Average processing time of GrabImageRGBD(): 11.2851ms
Frame 1747 end
Average processing time of GrabImageRGBD(): 11.2888ms
Frame 1748 end
Average processing time of GrabImageRGBD(): 11.2879ms
Frame 1749 end
Average processing time of GrabImageRGBD(): 11.2887ms
Frame 1750 end
Average processing time of GrabImageRGBD(): 11.2885ms
Frame 1751 end
Average processing time of GrabImageRGBD(): 11.2896ms
Frame 1752 end
Average processing time of GrabImageRGBD(): 11.2895ms
Frame 1753 end
Average processing time of GrabImageRGBD(): 11.2907ms
Frame 1754 end
Average processing time of GrabImageRGBD(): 11.3077ms
Frame 1755 end
Average processing time of GrabImageRGBD(): 11.3099ms
Frame 1756 end
Average processing time of GrabImageRGBD(): 11.3089ms
Frame 1757 end
Average processing time of GrabImageRGBD(): 11.3093ms
Frame 1758 end
Average processing time of GrabImageRGBD(): 11.3091ms
Frame 1759 end
Average processing time of GrabImageRGBD(): 11.3262ms
Frame 1760 end
Average processing time of GrabImageRGBD(): 11.328ms
Frame 1761 end
Average processing time of GrabImageRGBD(): 11.3277ms
Frame 1762 end
Average processing time of GrabImageRGBD(): 11.3261ms
Frame 1763 end
Average processing time of GrabImageRGBD(): 11.3255ms
Frame 1764 end
Average processing time of GrabImageRGBD(): 11.3258ms
Frame 1765 end
Average processing time of GrabImageRGBD(): 11.3421ms
Frame 1766 end
Average processing time of GrabImageRGBD(): 11.3429ms
Frame 1767 end
Average processing time of GrabImageRGBD(): 11.3432ms
Frame 1768 end
Average processing time of GrabImageRGBD(): 11.3432ms
Frame 1769 end
Average processing time of GrabImageRGBD(): 11.3425ms
Frame 1770 end
Average processing time of GrabImageRGBD(): 11.3427ms
Frame 1771 end
Average processing time of GrabImageRGBD(): 11.3584ms
Frame 1772 end
Average processing time of GrabImageRGBD(): 11.369ms
Frame 1773 end
Average processing time of GrabImageRGBD(): 11.3694ms
Frame 1774 end
Average processing time of GrabImageRGBD(): 11.3698ms
Frame 1775 end
Average processing time of GrabImageRGBD(): 11.3697ms
Frame 1776 end
Average processing time of GrabImageRGBD(): 11.3694ms
Frame 1777 end
Average processing time of GrabImageRGBD(): 11.3687ms
Frame 1778 end
Average processing time of GrabImageRGBD(): 11.3685ms
Frame 1779 end
Average processing time of GrabImageRGBD(): 11.368ms
Frame 1780 end
Average processing time of GrabImageRGBD(): 11.3684ms
Frame 1781 end
Average processing time of GrabImageRGBD(): 11.3684ms
Frame 1782 end
Average processing time of GrabImageRGBD(): 11.3682ms
Frame 1783 end
Average processing time of GrabImageRGBD(): 11.3679ms
Frame 1784 end
Average processing time of GrabImageRGBD(): 11.3824ms
Frame 1785 end
Average processing time of GrabImageRGBD(): 11.3819ms
Frame 1786 end
Average processing time of GrabImageRGBD(): 11.381ms
Frame 1787 end
Average processing time of GrabImageRGBD(): 11.3799ms
Frame 1788 end
Average processing time of GrabImageRGBD(): 11.3967ms
Frame 1789 end
Average processing time of GrabImageRGBD(): 11.3982ms
Frame 1790 end
Average processing time of GrabImageRGBD(): 11.415ms
Frame 1791 end
Average processing time of GrabImageRGBD(): 11.4159ms
Frame 1792 end
Average processing time of GrabImageRGBD(): 11.4148ms
Frame 1793 end
Average processing time of GrabImageRGBD(): 11.4149ms
Frame 1794 end
Average processing time of GrabImageRGBD(): 11.4151ms
Frame 1795 end
Average processing time of GrabImageRGBD(): 11.415ms
Frame 1796 end
Average processing time of GrabImageRGBD(): 11.4148ms
Frame 1797 end
Average processing time of GrabImageRGBD(): 11.4142ms
Frame 1798 end
Average processing time of GrabImageRGBD(): 11.4139ms
Frame 1799 end
Average processing time of GrabImageRGBD(): 11.413ms
Frame 1800 end
Average processing time of GrabImageRGBD(): 11.4129ms
Frame 1801 end
Average processing time of GrabImageRGBD(): 11.4136ms
Frame 1802 end
Average processing time of GrabImageRGBD(): 11.4142ms
Frame 1803 end
Average processing time of GrabImageRGBD(): 11.4139ms
Frame 1804 end
Average processing time of GrabImageRGBD(): 11.4142ms
Frame 1805 end
Average processing time of GrabImageRGBD(): 11.4143ms
Frame 1806 end
Average processing time of GrabImageRGBD(): 11.4299ms
Frame 1807 end
Average processing time of GrabImageRGBD(): 11.43ms
Frame 1808 end
Average processing time of GrabImageRGBD(): 11.4295ms
Frame 1809 end
Average processing time of GrabImageRGBD(): 11.4297ms
Frame 1810 end
Average processing time of GrabImageRGBD(): 11.4295ms
Frame 1811 end
Average processing time of GrabImageRGBD(): 11.4465ms
Frame 1812 end
Average processing time of GrabImageRGBD(): 11.448ms
Frame 1813 end
Average processing time of GrabImageRGBD(): 11.4478ms
Frame 1814 end
Average processing time of GrabImageRGBD(): 11.4474ms
Frame 1815 end
Average processing time of GrabImageRGBD(): 11.447ms
Frame 1816 end
Average processing time of GrabImageRGBD(): 11.4474ms
Frame 1817 end
Average processing time of GrabImageRGBD(): 11.4479ms
Frame 1818 end
Average processing time of GrabImageRGBD(): 11.4478ms
Frame 1819 end
Average processing time of GrabImageRGBD(): 11.448ms
Frame 1820 end
Average processing time of GrabImageRGBD(): 11.45ms
Frame 1821 end
Average processing time of GrabImageRGBD(): 11.4517ms
Frame 1822 end
Average processing time of GrabImageRGBD(): 11.4697ms
Frame 1823 end
Average processing time of GrabImageRGBD(): 11.4712ms
Frame 1824 end
Average processing time of GrabImageRGBD(): 11.4887ms
Frame 1825 end
Average processing time of GrabImageRGBD(): 11.4905ms
Frame 1826 end
Average processing time of GrabImageRGBD(): 11.4922ms
Frame 1827 end
Average processing time of GrabImageRGBD(): 11.5152ms
Frame 1828 end
Average processing time of GrabImageRGBD(): 11.5177ms
Frame 1829 end
Average processing time of GrabImageRGBD(): 11.5344ms
Frame 1830 end
Average processing time of GrabImageRGBD(): 11.5365ms
Frame 1831 end
Average processing time of GrabImageRGBD(): 11.537ms
Frame 1832 end
Average processing time of GrabImageRGBD(): 11.554ms
Frame 1833 end
Average processing time of GrabImageRGBD(): 11.5737ms
Frame 1834 end
Average processing time of GrabImageRGBD(): 11.5765ms
Frame 1835 end
Average processing time of GrabImageRGBD(): 11.594ms
Frame 1836 end
Average processing time of GrabImageRGBD(): 11.5961ms
Frame 1837 end
Average processing time of GrabImageRGBD(): 11.5969ms
Frame 1838 end
Average processing time of GrabImageRGBD(): 11.6142ms
Frame 1839 end
Average processing time of GrabImageRGBD(): 11.6161ms
Frame 1840 end
Average processing time of GrabImageRGBD(): 11.6165ms
Frame 1841 end
Average processing time of GrabImageRGBD(): 11.6345ms
Frame 1842 end
Average processing time of GrabImageRGBD(): 11.6533ms
Frame 1843 end
Average processing time of GrabImageRGBD(): 11.6551ms
Frame 1844 end
Average processing time of GrabImageRGBD(): 11.6722ms
Frame 1845 end
Average processing time of GrabImageRGBD(): 11.691ms
Frame 1846 end
Average processing time of GrabImageRGBD(): 11.6924ms
Frame 1847 end
Average processing time of GrabImageRGBD(): 11.6935ms
Frame 1848 end
Average processing time of GrabImageRGBD(): 11.6942ms
Frame 1849 end
Average processing time of GrabImageRGBD(): 11.7112ms
Frame 1850 end
Average processing time of GrabImageRGBD(): 11.7317ms
Frame 1851 end
Average processing time of GrabImageRGBD(): 11.7553ms
Frame 1852 end
Average processing time of GrabImageRGBD(): 11.7746ms
Frame 1853 end
Average processing time of GrabImageRGBD(): 11.7931ms
Frame 1854 end
Average processing time of GrabImageRGBD(): 11.8102ms
Frame 1855 end
Average processing time of GrabImageRGBD(): 11.8275ms
Frame 1856 end
Average processing time of GrabImageRGBD(): 11.8284ms
Frame 1857 end
Average processing time of GrabImageRGBD(): 11.8287ms
Frame 1858 end
Average processing time of GrabImageRGBD(): 11.845ms
Frame 1859 end
Average processing time of GrabImageRGBD(): 11.8646ms
Frame 1860 end
Average processing time of GrabImageRGBD(): 11.8887ms
Frame 1861 end
Average processing time of GrabImageRGBD(): 11.9043ms
Frame 1862 end
Average processing time of GrabImageRGBD(): 11.907ms
Frame 1863 end
Average processing time of GrabImageRGBD(): 11.9223ms
Frame 1864 end
Average processing time of GrabImageRGBD(): 11.9468ms
Frame 1865 end
Average processing time of GrabImageRGBD(): 11.9661ms
Frame 1866 end
Average processing time of GrabImageRGBD(): 11.9663ms
Frame 1867 end
Average processing time of GrabImageRGBD(): 11.9814ms
Frame 1868 end
Average processing time of GrabImageRGBD(): 12.006ms
Frame 1869 end
Average processing time of GrabImageRGBD(): 12.0232ms
Frame 1870 end
Average processing time of GrabImageRGBD(): 12.0244ms
Frame 1871 end
Average processing time of GrabImageRGBD(): 12.0243ms
Frame 1872 end
Average processing time of GrabImageRGBD(): 12.0245ms
Frame 1873 end
Average processing time of GrabImageRGBD(): 12.0435ms
Frame 1874 end
Average processing time of GrabImageRGBD(): 12.0595ms
Frame 1875 end
Average processing time of GrabImageRGBD(): 12.0825ms
Frame 1876 end
Average processing time of GrabImageRGBD(): 12.0987ms
Frame 1877 end
Average processing time of GrabImageRGBD(): 12.1165ms
Frame 1878 end
Average processing time of GrabImageRGBD(): 12.1163ms
Frame 1879 end
Average processing time of GrabImageRGBD(): 12.1316ms
Frame 1880 end
Average processing time of GrabImageRGBD(): 12.1351ms
Frame 1881 end
Average processing time of GrabImageRGBD(): 12.1356ms
Frame 1882 end
Average processing time of GrabImageRGBD(): 12.1513ms
Frame 1883 end
Average processing time of GrabImageRGBD(): 12.1698ms
Frame 1884 end
Average processing time of GrabImageRGBD(): 12.1862ms
Frame 1885 end
Average processing time of GrabImageRGBD(): 12.1864ms
Frame 1886 end
Average processing time of GrabImageRGBD(): 12.2117ms
Frame 1887 end
Average processing time of GrabImageRGBD(): 12.2289ms
Frame 1888 end
Average processing time of GrabImageRGBD(): 12.2465ms
Frame 1889 end
Average processing time of GrabImageRGBD(): 12.2468ms
Frame 1890 end
Average processing time of GrabImageRGBD(): 12.246ms
Frame 1891 end
Average processing time of GrabImageRGBD(): 12.2472ms
Frame 1892 end
Average processing time of GrabImageRGBD(): 12.2619ms
Frame 1893 end
Average processing time of GrabImageRGBD(): 12.2628ms
Frame 1894 end
Average processing time of GrabImageRGBD(): 12.2621ms
Frame 1895 end
Average processing time of GrabImageRGBD(): 12.2619ms
Frame 1896 end
Average processing time of GrabImageRGBD(): 12.2626ms
Frame 1897 end
Average processing time of GrabImageRGBD(): 12.2619ms
Frame 1898 end
Average processing time of GrabImageRGBD(): 12.2764ms
Frame 1899 end
Average processing time of GrabImageRGBD(): 12.2774ms
Frame 1900 end
Average processing time of GrabImageRGBD(): 12.2772ms
Frame 1901 end
Average processing time of GrabImageRGBD(): 12.2938ms
Frame 1902 end
Average processing time of GrabImageRGBD(): 12.2953ms
Frame 1903 end
Average processing time of GrabImageRGBD(): 12.2954ms
Frame 1904 end
Average processing time of GrabImageRGBD(): 12.2955ms
Frame 1905 end
Average processing time of GrabImageRGBD(): 12.3113ms
Frame 1906 end
Average processing time of GrabImageRGBD(): 12.3124ms
Frame 1907 end
Average processing time of GrabImageRGBD(): 12.3128ms
Frame 1908 end
Average processing time of GrabImageRGBD(): 12.3284ms
Frame 1909 end
Average processing time of GrabImageRGBD(): 12.3478ms
Frame 1910 end
Average processing time of GrabImageRGBD(): 12.3656ms
Frame 1911 end
Average processing time of GrabImageRGBD(): 12.3829ms
Frame 1912 end
Average processing time of GrabImageRGBD(): 12.4025ms
Frame 1913 end
Average processing time of GrabImageRGBD(): 12.4195ms
Frame 1914 end
Average processing time of GrabImageRGBD(): 12.4357ms
Frame 1915 end
Average processing time of GrabImageRGBD(): 12.4526ms
Frame 1916 end
Average processing time of GrabImageRGBD(): 12.4522ms
Frame 1917 end
Average processing time of GrabImageRGBD(): 12.4515ms
Frame 1918 end
Average processing time of GrabImageRGBD(): 12.4516ms
Frame 1919 end
Average processing time of GrabImageRGBD(): 12.4515ms
Frame 1920 end
Average processing time of GrabImageRGBD(): 12.451ms
Frame 1921 end
Average processing time of GrabImageRGBD(): 12.4506ms
Frame 1922 end
Average processing time of GrabImageRGBD(): 12.4503ms
Frame 1923 end
Average processing time of GrabImageRGBD(): 12.4508ms
Frame 1924 end
Average processing time of GrabImageRGBD(): 12.4513ms
Frame 1925 end
Average processing time of GrabImageRGBD(): 12.4504ms
Frame 1926 end
Average processing time of GrabImageRGBD(): 12.449ms
Frame 1927 end
Average processing time of GrabImageRGBD(): 12.4648ms
Frame 1928 end
Average processing time of GrabImageRGBD(): 12.4652ms
Frame 1929 end
Average processing time of GrabImageRGBD(): 12.4647ms
Frame 1930 end
Average processing time of GrabImageRGBD(): 12.464ms
Frame 1931 end
Average processing time of GrabImageRGBD(): 12.4634ms
Frame 1932 end
Average processing time of GrabImageRGBD(): 12.4637ms
Frame 1933 end
Average processing time of GrabImageRGBD(): 12.4643ms
Frame 1934 end
Average processing time of GrabImageRGBD(): 12.4816ms
Frame 1935 end
Average processing time of GrabImageRGBD(): 12.4828ms
Frame 1936 end
Average processing time of GrabImageRGBD(): 12.482ms
Frame 1937 end
Average processing time of GrabImageRGBD(): 12.4977ms
Frame 1938 end
Average processing time of GrabImageRGBD(): 12.4977ms
Frame 1939 end
Average processing time of GrabImageRGBD(): 12.4994ms
Frame 1940 end
Average processing time of GrabImageRGBD(): 12.4996ms
Frame 1941 end
Average processing time of GrabImageRGBD(): 12.4981ms
Frame 1942 end
Average processing time of GrabImageRGBD(): 12.4989ms
Frame 1943 end
Average processing time of GrabImageRGBD(): 12.4983ms
Frame 1944 end
Average processing time of GrabImageRGBD(): 12.4989ms
Frame 1945 end
Average processing time of GrabImageRGBD(): 12.4981ms
Frame 1946 end
Average processing time of GrabImageRGBD(): 12.4979ms
Frame 1947 end
Average processing time of GrabImageRGBD(): 12.4983ms
Frame 1948 end
Average processing time of GrabImageRGBD(): 12.4974ms
Frame 1949 end
Average processing time of GrabImageRGBD(): 12.4975ms
Frame 1950 end
Average processing time of GrabImageRGBD(): 12.4977ms
Frame 1951 end
Average processing time of GrabImageRGBD(): 12.4972ms
Frame 1952 end
Average processing time of GrabImageRGBD(): 12.4955ms
Frame 1953 end
Average processing time of GrabImageRGBD(): 12.4947ms
Frame 1954 end
Average processing time of GrabImageRGBD(): 12.4933ms
Frame 1955 end
Average processing time of GrabImageRGBD(): 12.4942ms
Frame 1956 end
Average processing time of GrabImageRGBD(): 12.4941ms
Frame 1957 end
Average processing time of GrabImageRGBD(): 12.4938ms
Frame 1958 end
Average processing time of GrabImageRGBD(): 12.4938ms
Frame 1959 end
Average processing time of GrabImageRGBD(): 12.4931ms
Frame 1960 end
Average processing time of GrabImageRGBD(): 12.4928ms
Frame 1961 end
Average processing time of GrabImageRGBD(): 12.4923ms
Frame 1962 end
Average processing time of GrabImageRGBD(): 12.4929ms
Frame 1963 end
Average processing time of GrabImageRGBD(): 12.4938ms
Frame 1964 end
Average processing time of GrabImageRGBD(): 12.493ms
Frame 1965 end
Average processing time of GrabImageRGBD(): 12.4934ms
Frame 1966 end
Average processing time of GrabImageRGBD(): 12.5077ms
Frame 1967 end
Average processing time of GrabImageRGBD(): 12.5091ms
Frame 1968 end
Average processing time of GrabImageRGBD(): 12.5096ms
Frame 1969 end
Average processing time of GrabImageRGBD(): 12.5099ms
Frame 1970 end
Average processing time of GrabImageRGBD(): 12.5105ms
Frame 1971 end
Average processing time of GrabImageRGBD(): 12.5111ms
Frame 1972 end
Average processing time of GrabImageRGBD(): 12.5123ms
Frame 1973 end
Average processing time of GrabImageRGBD(): 12.5265ms
Frame 1974 end
Average processing time of GrabImageRGBD(): 12.5261ms
Frame 1975 end
Average processing time of GrabImageRGBD(): 12.5268ms
Frame 1976 end
Average processing time of GrabImageRGBD(): 12.5274ms
Frame 1977 end
Average processing time of GrabImageRGBD(): 12.542ms
Frame 1978 end
Average processing time of GrabImageRGBD(): 12.5431ms
Frame 1979 end
Average processing time of GrabImageRGBD(): 12.5433ms
Frame 1980 end
Average processing time of GrabImageRGBD(): 12.5431ms
Frame 1981 end
Average processing time of GrabImageRGBD(): 12.543ms
Frame 1982 end
Average processing time of GrabImageRGBD(): 12.5418ms
Frame 1983 end
Average processing time of GrabImageRGBD(): 12.5414ms
Frame 1984 end
Average processing time of GrabImageRGBD(): 12.5405ms
Frame 1985 end
Average processing time of GrabImageRGBD(): 12.5401ms
Frame 1986 end
Average processing time of GrabImageRGBD(): 12.5396ms
Frame 1987 end
Average processing time of GrabImageRGBD(): 12.5375ms
Frame 1988 end
Average processing time of GrabImageRGBD(): 12.537ms
Frame 1989 end
Average processing time of GrabImageRGBD(): 12.5357ms
Frame 1990 end
Average processing time of GrabImageRGBD(): 12.5358ms
Frame 1991 end
Average processing time of GrabImageRGBD(): 12.5354ms
Frame 1992 end
Average processing time of GrabImageRGBD(): 12.5348ms
Frame 1993 end
Average processing time of GrabImageRGBD(): 12.535ms
Frame 1994 end
Average processing time of GrabImageRGBD(): 12.5346ms
Frame 1995 end
Average processing time of GrabImageRGBD(): 12.5332ms
Frame 1996 end
Average processing time of GrabImageRGBD(): 12.5333ms
Frame 1997 end
Average processing time of GrabImageRGBD(): 12.5328ms
Frame 1998 end
Average processing time of GrabImageRGBD(): 12.5328ms
Frame 1999 end
Average processing time of GrabImageRGBD(): 12.5326ms
Frame 2000 end
Average processing time of GrabImageRGBD(): 12.5316ms
Frame 2001 end
Average processing time of GrabImageRGBD(): 12.5314ms
Frame 2002 end
Average processing time of GrabImageRGBD(): 12.5305ms
Frame 2003 end
Average processing time of GrabImageRGBD(): 12.5296ms
Frame 2004 end
Average processing time of GrabImageRGBD(): 12.5283ms
Frame 2005 end
Average processing time of GrabImageRGBD(): 12.5283ms
Frame 2006 end
Average processing time of GrabImageRGBD(): 12.5417ms
Frame 2007 end
Average processing time of GrabImageRGBD(): 12.5573ms
Frame 2008 end
Average processing time of GrabImageRGBD(): 12.5572ms
Frame 2009 end
Average processing time of GrabImageRGBD(): 12.557ms
Frame 2010 end
Average processing time of GrabImageRGBD(): 12.5563ms
Frame 2011 end
Average processing time of GrabImageRGBD(): 12.5558ms
Frame 2012 end
Average processing time of GrabImageRGBD(): 12.5548ms
Frame 2013 end
Average processing time of GrabImageRGBD(): 12.5688ms
Frame 2014 end
Average processing time of GrabImageRGBD(): 12.5688ms
Frame 2015 end
Average processing time of GrabImageRGBD(): 12.5681ms
Frame 2016 end
Average processing time of GrabImageRGBD(): 12.5676ms
Frame 2017 end
Average processing time of GrabImageRGBD(): 12.5679ms
Frame 2018 end
Average processing time of GrabImageRGBD(): 12.5663ms
Frame 2019 end
Average processing time of GrabImageRGBD(): 12.5661ms
Frame 2020 end
Average processing time of GrabImageRGBD(): 12.566ms
Frame 2021 end
Average processing time of GrabImageRGBD(): 12.5656ms
Frame 2022 end
Average processing time of GrabImageRGBD(): 12.565ms
Frame 2023 end
Average processing time of GrabImageRGBD(): 12.5643ms
Frame 2024 end
Average processing time of GrabImageRGBD(): 12.5634ms
Frame 2025 end
Average processing time of GrabImageRGBD(): 12.5615ms
Frame 2026 end
Average processing time of GrabImageRGBD(): 12.5613ms
Frame 2027 end
Average processing time of GrabImageRGBD(): 12.5756ms
Frame 2028 end
Average processing time of GrabImageRGBD(): 12.5764ms
Frame 2029 end
Average processing time of GrabImageRGBD(): 12.5765ms
Frame 2030 end
Average processing time of GrabImageRGBD(): 12.5754ms
Frame 2031 end
Average processing time of GrabImageRGBD(): 12.5736ms
Frame 2032 end
Average processing time of GrabImageRGBD(): 12.5731ms
Frame 2033 end
Average processing time of GrabImageRGBD(): 12.5731ms
Frame 2034 end
Average processing time of GrabImageRGBD(): 12.5723ms
Frame 2035 end
Average processing time of GrabImageRGBD(): 12.5719ms
Frame 2036 end
Average processing time of GrabImageRGBD(): 12.5716ms
Frame 2037 end
Average processing time of GrabImageRGBD(): 12.5714ms
Frame 2038 end
Average processing time of GrabImageRGBD(): 12.571ms
Frame 2039 end
Average processing time of GrabImageRGBD(): 12.5692ms
Frame 2040 end
Average processing time of GrabImageRGBD(): 12.5691ms
Frame 2041 end
Average processing time of GrabImageRGBD(): 12.5688ms
Frame 2042 end
Average processing time of GrabImageRGBD(): 12.5685ms
Frame 2043 end
Average processing time of GrabImageRGBD(): 12.5674ms
Frame 2044 end
Average processing time of GrabImageRGBD(): 12.5672ms
Frame 2045 end
Average processing time of GrabImageRGBD(): 12.5663ms
Frame 2046 end
Average processing time of GrabImageRGBD(): 12.5656ms
Frame 2047 end
Average processing time of GrabImageRGBD(): 12.5654ms
Frame 2048 end
Average processing time of GrabImageRGBD(): 12.5636ms
Frame 2049 end
Average processing time of GrabImageRGBD(): 12.5635ms
Frame 2050 end
Average processing time of GrabImageRGBD(): 12.5634ms
Frame 2051 end
Average processing time of GrabImageRGBD(): 12.5632ms
Frame 2052 end
Average processing time of GrabImageRGBD(): 12.5607ms
Frame 2053 end
Average processing time of GrabImageRGBD(): 12.5596ms
Frame 2054 end
Average processing time of GrabImageRGBD(): 12.5591ms
Frame 2055 end
Average processing time of GrabImageRGBD(): 12.5576ms
Frame 2056 end
Average processing time of GrabImageRGBD(): 12.557ms
Frame 2057 end
Average processing time of GrabImageRGBD(): 12.5701ms
Frame 2058 end
Average processing time of GrabImageRGBD(): 12.5693ms
Frame 2059 end
Average processing time of GrabImageRGBD(): 12.5692ms
Frame 2060 end
Average processing time of GrabImageRGBD(): 12.5691ms
Frame 2061 end
Average processing time of GrabImageRGBD(): 12.5679ms
Frame 2062 end
Average processing time of GrabImageRGBD(): 12.5677ms
Frame 2063 end
Average processing time of GrabImageRGBD(): 12.5667ms
Frame 2064 end
Average processing time of GrabImageRGBD(): 12.5647ms
Frame 2065 end
Average processing time of GrabImageRGBD(): 12.5643ms
Frame 2066 end
Average processing time of GrabImageRGBD(): 12.5638ms
Frame 2067 end
Average processing time of GrabImageRGBD(): 12.5635ms
Frame 2068 end
Average processing time of GrabImageRGBD(): 12.5632ms
Frame 2069 end
Average processing time of GrabImageRGBD(): 12.563ms
Frame 2070 end
Average processing time of GrabImageRGBD(): 12.5625ms
Frame 2071 end
Average processing time of GrabImageRGBD(): 12.5623ms
Frame 2072 end
Average processing time of GrabImageRGBD(): 12.5617ms
Frame 2073 end
Average processing time of GrabImageRGBD(): 12.5614ms
Frame 2074 end
Average processing time of GrabImageRGBD(): 12.5608ms
Frame 2075 end
Average processing time of GrabImageRGBD(): 12.5591ms
Frame 2076 end
Average processing time of GrabImageRGBD(): 12.5589ms
Frame 2077 end
Average processing time of GrabImageRGBD(): 12.5581ms
Frame 2078 end
Average processing time of GrabImageRGBD(): 12.5582ms
Frame 2079 end
Average processing time of GrabImageRGBD(): 12.558ms
Frame 2080 end
Average processing time of GrabImageRGBD(): 12.5557ms
Frame 2081 end
Average processing time of GrabImageRGBD(): 12.5686ms
Frame 2082 end
Average processing time of GrabImageRGBD(): 12.5693ms
Frame 2083 end
Average processing time of GrabImageRGBD(): 12.5685ms
Frame 2084 end
Average processing time of GrabImageRGBD(): 12.5683ms
Frame 2085 end
Average processing time of GrabImageRGBD(): 12.5681ms
Frame 2086 end
Average processing time of GrabImageRGBD(): 12.568ms
Frame 2087 end
Average processing time of GrabImageRGBD(): 12.5677ms
Frame 2088 end
Average processing time of GrabImageRGBD(): 12.5676ms
Frame 2089 end
Average processing time of GrabImageRGBD(): 12.5668ms
Frame 2090 end
Average processing time of GrabImageRGBD(): 12.566ms
Frame 2091 end
Average processing time of GrabImageRGBD(): 12.5655ms
Frame 2092 end
Average processing time of GrabImageRGBD(): 12.5638ms
Frame 2093 end
Average processing time of GrabImageRGBD(): 12.5632ms
Frame 2094 end
Average processing time of GrabImageRGBD(): 12.5613ms
Frame 2095 end
Average processing time of GrabImageRGBD(): 12.5606ms
Frame 2096 end
Average processing time of GrabImageRGBD(): 12.5593ms
Frame 2097 end
Average processing time of GrabImageRGBD(): 12.558ms
Frame 2098 end
Average processing time of GrabImageRGBD(): 12.5569ms
Frame 2099 end
Average processing time of GrabImageRGBD(): 12.5566ms
Frame 2100 end
Average processing time of GrabImageRGBD(): 12.5559ms
Frame 2101 end
Average processing time of GrabImageRGBD(): 12.5696ms
Frame 2102 end
Average processing time of GrabImageRGBD(): 12.5703ms
Frame 2103 end
Average processing time of GrabImageRGBD(): 12.5703ms
Frame 2104 end
Average processing time of GrabImageRGBD(): 12.5695ms
Frame 2105 end
Average processing time of GrabImageRGBD(): 12.5679ms
Frame 2106 end
Average processing time of GrabImageRGBD(): 12.5675ms
Frame 2107 end
Average processing time of GrabImageRGBD(): 12.5675ms
Frame 2108 end
Average processing time of GrabImageRGBD(): 12.5668ms
Frame 2109 end
Average processing time of GrabImageRGBD(): 12.5667ms
Frame 2110 end
Average processing time of GrabImageRGBD(): 12.567ms
Frame 2111 end
Average processing time of GrabImageRGBD(): 12.5663ms
Frame 2112 end
Average processing time of GrabImageRGBD(): 12.5663ms
Frame 2113 end
Average processing time of GrabImageRGBD(): 12.5664ms
Frame 2114 end
Average processing time of GrabImageRGBD(): 12.5658ms
Frame 2115 end
Average processing time of GrabImageRGBD(): 12.5658ms
Frame 2116 end
Average processing time of GrabImageRGBD(): 12.5661ms
Frame 2117 end
Average processing time of GrabImageRGBD(): 12.5678ms
Frame 2118 end
Average processing time of GrabImageRGBD(): 12.5677ms
Frame 2119 end
Average processing time of GrabImageRGBD(): 12.5681ms
Frame 2120 end
Average processing time of GrabImageRGBD(): 12.5671ms
Frame 2121 end
Average processing time of GrabImageRGBD(): 12.5655ms
Frame 2122 end
Average processing time of GrabImageRGBD(): 12.5658ms
Frame 2123 end
Average processing time of GrabImageRGBD(): 12.5657ms
Frame 2124 end
Average processing time of GrabImageRGBD(): 12.5782ms
Frame 2125 end
Average processing time of GrabImageRGBD(): 12.5787ms
Frame 2126 end
Average processing time of GrabImageRGBD(): 12.5777ms
Frame 2127 end
Average processing time of GrabImageRGBD(): 12.5759ms
Frame 2128 end
Average processing time of GrabImageRGBD(): 12.5751ms
Frame 2129 end
Average processing time of GrabImageRGBD(): 12.5753ms
Frame 2130 end
Average processing time of GrabImageRGBD(): 12.5753ms
Frame 2131 end
Average processing time of GrabImageRGBD(): 12.5751ms
Frame 2132 end
Average processing time of GrabImageRGBD(): 12.5752ms
Frame 2133 end
Average processing time of GrabImageRGBD(): 12.5752ms
Frame 2134 end
Average processing time of GrabImageRGBD(): 12.5734ms
Frame 2135 end
Average processing time of GrabImageRGBD(): 12.5729ms
Frame 2136 end
Average processing time of GrabImageRGBD(): 12.5725ms
Frame 2137 end
Average processing time of GrabImageRGBD(): 12.5719ms
Frame 2138 end
Average processing time of GrabImageRGBD(): 12.5723ms
Frame 2139 end
Average processing time of GrabImageRGBD(): 12.5726ms
Frame 2140 end
Average processing time of GrabImageRGBD(): 12.5719ms
Frame 2141 end
Average processing time of GrabImageRGBD(): 12.5713ms
Frame 2142 end
Average processing time of GrabImageRGBD(): 12.5705ms
Frame 2143 end
Average processing time of GrabImageRGBD(): 12.5698ms
Frame 2144 end
Average processing time of GrabImageRGBD(): 12.5692ms
Frame 2145 end
Average processing time of GrabImageRGBD(): 12.5684ms
Frame 2146 end
Average processing time of GrabImageRGBD(): 12.5685ms
Frame 2147 end
Average processing time of GrabImageRGBD(): 12.5825ms
Frame 2148 end
Average processing time of GrabImageRGBD(): 12.5834ms
Frame 2149 end
Average processing time of GrabImageRGBD(): 12.5824ms
Frame 2150 end
Average processing time of GrabImageRGBD(): 12.5839ms
Frame 2151 end
Average processing time of GrabImageRGBD(): 12.5822ms
Frame 2152 end
Average processing time of GrabImageRGBD(): 12.5813ms
Frame 2153 end
Average processing time of GrabImageRGBD(): 12.5816ms
Frame 2154 end
Average processing time of GrabImageRGBD(): 12.5817ms
Frame 2155 end
Average processing time of GrabImageRGBD(): 12.5816ms
Frame 2156 end
Average processing time of GrabImageRGBD(): 12.5817ms
Frame 2157 end
Average processing time of GrabImageRGBD(): 12.5808ms
Frame 2158 end
Average processing time of GrabImageRGBD(): 12.582ms
Frame 2159 end
Average processing time of GrabImageRGBD(): 12.5817ms
Frame 2160 end
Average processing time of GrabImageRGBD(): 12.5803ms
Frame 2161 end
Average processing time of GrabImageRGBD(): 12.5791ms
Frame 2162 end
Average processing time of GrabImageRGBD(): 12.5791ms
Frame 2163 end
Average processing time of GrabImageRGBD(): 12.5784ms
Frame 2164 end
Average processing time of GrabImageRGBD(): 12.5903ms
Frame 2165 end
Average processing time of GrabImageRGBD(): 12.5911ms
Frame 2166 end
Average processing time of GrabImageRGBD(): 12.5911ms
Frame 2167 end
Average processing time of GrabImageRGBD(): 12.5909ms
Frame 2168 end
Average processing time of GrabImageRGBD(): 12.5905ms
Frame 2169 end
Average processing time of GrabImageRGBD(): 12.5903ms
Frame 2170 end
Average processing time of GrabImageRGBD(): 12.5897ms
Frame 2171 end
Average processing time of GrabImageRGBD(): 12.591ms
Frame 2172 end
Average processing time of GrabImageRGBD(): 12.5911ms
Frame 2173 end
Average processing time of GrabImageRGBD(): 12.5911ms
Frame 2174 end
Average processing time of GrabImageRGBD(): 12.5912ms
Frame 2175 end
Average processing time of GrabImageRGBD(): 12.591ms
Frame 2176 end
Average processing time of GrabImageRGBD(): 12.5897ms
Frame 2177 end
Average processing time of GrabImageRGBD(): 12.5888ms
Frame 2178 end
Average processing time of GrabImageRGBD(): 12.601ms
Frame 2179 end
Average processing time of GrabImageRGBD(): 12.6024ms
Frame 2180 end
Average processing time of GrabImageRGBD(): 12.6021ms
Frame 2181 end
Average processing time of GrabImageRGBD(): 12.6007ms
Frame 2182 end
Average processing time of GrabImageRGBD(): 12.614ms
Frame 2183 end
Average processing time of GrabImageRGBD(): 12.6144ms
Frame 2184 end
Average processing time of GrabImageRGBD(): 12.6131ms
Frame 2185 end
Average processing time of GrabImageRGBD(): 12.6134ms
Frame 2186 end
Average processing time of GrabImageRGBD(): 12.613ms
Frame 2187 end
Average processing time of GrabImageRGBD(): 12.6135ms
Frame 2188 end
Average processing time of GrabImageRGBD(): 12.6132ms
Frame 2189 end
Average processing time of GrabImageRGBD(): 12.6135ms
Frame 2190 end
Average processing time of GrabImageRGBD(): 12.6128ms
Frame 2191 end
Average processing time of GrabImageRGBD(): 12.6129ms
Frame 2192 end
Average processing time of GrabImageRGBD(): 12.6125ms
Frame 2193 end
Average processing time of GrabImageRGBD(): 12.6122ms
Frame 2194 end
Average processing time of GrabImageRGBD(): 12.6131ms
Frame 2195 end
Average processing time of GrabImageRGBD(): 12.6133ms
Frame 2196 end
Average processing time of GrabImageRGBD(): 12.6262ms
Frame 2197 end
Average processing time of GrabImageRGBD(): 12.6275ms
Frame 2198 end
Average processing time of GrabImageRGBD(): 12.6282ms
Frame 2199 end
Average processing time of GrabImageRGBD(): 12.6291ms
Frame 2200 end
Average processing time of GrabImageRGBD(): 12.6283ms
Frame 2201 end
Average processing time of GrabImageRGBD(): 12.6291ms
Frame 2202 end
Average processing time of GrabImageRGBD(): 12.6293ms
Frame 2203 end
Average processing time of GrabImageRGBD(): 12.6442ms
Frame 2204 end
Average processing time of GrabImageRGBD(): 12.6452ms
Frame 2205 end
Average processing time of GrabImageRGBD(): 12.6444ms
Frame 2206 end
Average processing time of GrabImageRGBD(): 12.6436ms
Frame 2207 end
Average processing time of GrabImageRGBD(): 12.6446ms
Frame 2208 end
Average processing time of GrabImageRGBD(): 12.6441ms
Frame 2209 end
Average processing time of GrabImageRGBD(): 12.6562ms
Frame 2210 end
Average processing time of GrabImageRGBD(): 12.6696ms
Frame 2211 end
Average processing time of GrabImageRGBD(): 12.6708ms
Frame 2212 end
Average processing time of GrabImageRGBD(): 12.6708ms
Frame 2213 end
Average processing time of GrabImageRGBD(): 12.6705ms
Frame 2214 end
Average processing time of GrabImageRGBD(): 12.6701ms
Frame 2215 end
Average processing time of GrabImageRGBD(): 12.67ms
Frame 2216 end
Average processing time of GrabImageRGBD(): 12.6817ms
Frame 2217 end
Average processing time of GrabImageRGBD(): 12.682ms
Frame 2218 end
Average processing time of GrabImageRGBD(): 12.6827ms
Frame 2219 end
Average processing time of GrabImageRGBD(): 12.6821ms
Frame 2220 end
Average processing time of GrabImageRGBD(): 12.6821ms
Frame 2221 end
Average processing time of GrabImageRGBD(): 12.694ms
Frame 2222 end
Average processing time of GrabImageRGBD(): 12.6947ms
Frame 2223 end
Average processing time of GrabImageRGBD(): 12.7058ms
Frame 2224 end
Average processing time of GrabImageRGBD(): 12.7055ms
Frame 2225 end
Average processing time of GrabImageRGBD(): 12.706ms
Frame 2226 end
Average processing time of GrabImageRGBD(): 12.7225ms
Frame 2227 end
Average processing time of GrabImageRGBD(): 12.7238ms
Frame 2228 end
Average processing time of GrabImageRGBD(): 12.7239ms
Frame 2229 end
Average processing time of GrabImageRGBD(): 12.7246ms
Frame 2230 end
Average processing time of GrabImageRGBD(): 12.7355ms
Frame 2231 end
Average processing time of GrabImageRGBD(): 12.7369ms
Frame 2232 end
Average processing time of GrabImageRGBD(): 12.7374ms
Frame 2233 end
Average processing time of GrabImageRGBD(): 12.737ms
Frame 2234 end
Average processing time of GrabImageRGBD(): 12.7483ms
Frame 2235 end
Average processing time of GrabImageRGBD(): 12.749ms
Frame 2236 end
Average processing time of GrabImageRGBD(): 12.7606ms
Frame 2237 end
Average processing time of GrabImageRGBD(): 12.7611ms
Frame 2238 end
Average processing time of GrabImageRGBD(): 12.7611ms
Frame 2239 end
Average processing time of GrabImageRGBD(): 12.7598ms
Frame 2240 end
Average processing time of GrabImageRGBD(): 12.7597ms
Frame 2241 end
Average processing time of GrabImageRGBD(): 12.7728ms
Frame 2242 end
Average processing time of GrabImageRGBD(): 12.7733ms
Frame 2243 end
Average processing time of GrabImageRGBD(): 12.7733ms
Frame 2244 end
Average processing time of GrabImageRGBD(): 12.7728ms
Frame 2245 end
Average processing time of GrabImageRGBD(): 12.7843ms
Frame 2246 end
Average processing time of GrabImageRGBD(): 12.785ms
Frame 2247 end
Average processing time of GrabImageRGBD(): 12.7845ms
Frame 2248 end
Average processing time of GrabImageRGBD(): 12.7834ms
Frame 2249 end
Average processing time of GrabImageRGBD(): 12.7837ms
Frame 2250 end
Average processing time of GrabImageRGBD(): 12.7829ms
Frame 2251 end
Average processing time of GrabImageRGBD(): 12.7834ms
Frame 2252 end
Average processing time of GrabImageRGBD(): 12.7826ms
Frame 2253 end
Average processing time of GrabImageRGBD(): 12.7943ms
Frame 2254 end
Average processing time of GrabImageRGBD(): 12.795ms
Frame 2255 end
Average processing time of GrabImageRGBD(): 12.7941ms
Frame 2256 end
Average processing time of GrabImageRGBD(): 12.7933ms
Frame 2257 end
Average processing time of GrabImageRGBD(): 12.7935ms
Frame 2258 end
Average processing time of GrabImageRGBD(): 12.7932ms
Frame 2259 end
Average processing time of GrabImageRGBD(): 12.7932ms
Frame 2260 end
Average processing time of GrabImageRGBD(): 12.793ms
Frame 2261 end
Average processing time of GrabImageRGBD(): 12.7928ms
Frame 2262 end
Average processing time of GrabImageRGBD(): 12.7917ms
Frame 2263 end
Average processing time of GrabImageRGBD(): 12.7901ms
Frame 2264 end
Average processing time of GrabImageRGBD(): 12.7914ms
Frame 2265 end
Average processing time of GrabImageRGBD(): 12.791ms
Frame 2266 end
Average processing time of GrabImageRGBD(): 12.7905ms
Frame 2267 end
Average processing time of GrabImageRGBD(): 12.7912ms
Frame 2268 end
Average processing time of GrabImageRGBD(): 12.7914ms
Frame 2269 end
Average processing time of GrabImageRGBD(): 12.7918ms
Frame 2270 end
Average processing time of GrabImageRGBD(): 12.8029ms
Frame 2271 end
Average processing time of GrabImageRGBD(): 12.8042ms
Frame 2272 end
Average processing time of GrabImageRGBD(): 12.805ms
Frame 2273 end
Average processing time of GrabImageRGBD(): 12.8056ms
Frame 2274 end
Average processing time of GrabImageRGBD(): 12.8178ms
Frame 2275 end
Average processing time of GrabImageRGBD(): 12.8189ms
Frame 2276 end
Average processing time of GrabImageRGBD(): 12.8185ms
Frame 2277 end
Average processing time of GrabImageRGBD(): 12.818ms
Frame 2278 end
Average processing time of GrabImageRGBD(): 12.8185ms
Frame 2279 end
Average processing time of GrabImageRGBD(): 12.8175ms
Frame 2280 end
Average processing time of GrabImageRGBD(): 12.8179ms
Frame 2281 end
Average processing time of GrabImageRGBD(): 12.8179ms
Frame 2282 end
Average processing time of GrabImageRGBD(): 12.8176ms
Frame 2283 end
Average processing time of GrabImageRGBD(): 12.8165ms
Frame 2284 end
Average processing time of GrabImageRGBD(): 12.8154ms
Frame 2285 end
Average processing time of GrabImageRGBD(): 12.8154ms
Frame 2286 end
Average processing time of GrabImageRGBD(): 12.8135ms
Frame 2287 end
Average processing time of GrabImageRGBD(): 12.8134ms
Frame 2288 end
Average processing time of GrabImageRGBD(): 12.8147ms
Frame 2289 end
Average processing time of GrabImageRGBD(): 12.8262ms
Frame 2290 end
Average processing time of GrabImageRGBD(): 12.8266ms
Frame 2291 end
Average processing time of GrabImageRGBD(): 12.8264ms
Frame 2292 end
Average processing time of GrabImageRGBD(): 12.8261ms
Frame 2293 end
Average processing time of GrabImageRGBD(): 12.8264ms
Frame 2294 end
Average processing time of GrabImageRGBD(): 12.8379ms
Frame 2295 end
Average processing time of GrabImageRGBD(): 12.8377ms
Frame 2296 end
Average processing time of GrabImageRGBD(): 12.8372ms
Frame 2297 end
Average processing time of GrabImageRGBD(): 12.8496ms
Frame 2298 end
Average processing time of GrabImageRGBD(): 12.862ms
Frame 2299 end
Average processing time of GrabImageRGBD(): 12.864ms
Frame 2300 end
Average processing time of GrabImageRGBD(): 12.8644ms
Frame 2301 end
Average processing time of GrabImageRGBD(): 12.883ms
Frame 2302 end
Average processing time of GrabImageRGBD(): 12.8842ms
Frame 2303 end
Average processing time of GrabImageRGBD(): 12.8959ms
Frame 2304 end
Average processing time of GrabImageRGBD(): 12.8965ms
Frame 2305 end
Average processing time of GrabImageRGBD(): 12.8973ms
Frame 2306 end
Average processing time of GrabImageRGBD(): 12.8966ms
Frame 2307 end
Average processing time of GrabImageRGBD(): 12.8956ms
Frame 2308 end
Average processing time of GrabImageRGBD(): 12.8962ms
Frame 2309 end
Average processing time of GrabImageRGBD(): 12.8953ms
Frame 2310 end
Average processing time of GrabImageRGBD(): 12.8945ms
Frame 2311 end
Average processing time of GrabImageRGBD(): 12.8945ms
Frame 2312 end
Average processing time of GrabImageRGBD(): 12.8936ms
Frame 2313 end
Average processing time of GrabImageRGBD(): 12.8931ms
Frame 2314 end
Average processing time of GrabImageRGBD(): 12.9058ms
Frame 2315 end
Average processing time of GrabImageRGBD(): 12.9063ms
Frame 2316 end
Average processing time of GrabImageRGBD(): 12.9058ms
Frame 2317 end
Average processing time of GrabImageRGBD(): 12.9048ms
Frame 2318 end
Average processing time of GrabImageRGBD(): 12.9041ms
Frame 2319 end
Average processing time of GrabImageRGBD(): 12.9033ms
Frame 2320 end
Average processing time of GrabImageRGBD(): 12.9026ms
Frame 2321 end
Average processing time of GrabImageRGBD(): 12.9019ms
Frame 2322 end
Average processing time of GrabImageRGBD(): 12.901ms
Frame 2323 end
Average processing time of GrabImageRGBD(): 12.9002ms
Frame 2324 end
Average processing time of GrabImageRGBD(): 12.8985ms
Frame 2325 end
Average processing time of GrabImageRGBD(): 12.8977ms
Frame 2326 end
Average processing time of GrabImageRGBD(): 12.8968ms
Frame 2327 end
Average processing time of GrabImageRGBD(): 12.896ms
Frame 2328 end
Average processing time of GrabImageRGBD(): 12.8955ms
Frame 2329 end
Average processing time of GrabImageRGBD(): 12.894ms
Frame 2330 end
Average processing time of GrabImageRGBD(): 12.9054ms
Frame 2331 end
Average processing time of GrabImageRGBD(): 12.9046ms
Frame 2332 end
Average processing time of GrabImageRGBD(): 12.9033ms
Frame 2333 end
Average processing time of GrabImageRGBD(): 12.9143ms
Frame 2334 end
Average processing time of GrabImageRGBD(): 12.9137ms
Frame 2335 end
Average processing time of GrabImageRGBD(): 12.9126ms
Frame 2336 end
Average processing time of GrabImageRGBD(): 12.9114ms
Frame 2337 end
Average processing time of GrabImageRGBD(): 12.9096ms
Frame 2338 end
Average processing time of GrabImageRGBD(): 12.9211ms
Frame 2339 end
Average processing time of GrabImageRGBD(): 12.9206ms
Frame 2340 end
Average processing time of GrabImageRGBD(): 12.918ms
Frame 2341 end
Average processing time of GrabImageRGBD(): 12.9159ms
Frame 2342 end
Average processing time of GrabImageRGBD(): 12.9149ms
Frame 2343 end
Average processing time of GrabImageRGBD(): 12.9136ms
Frame 2344 end
Average processing time of GrabImageRGBD(): 12.9123ms
Frame 2345 end
Average processing time of GrabImageRGBD(): 12.9098ms
Frame 2346 end
Average processing time of GrabImageRGBD(): 12.9202ms
Frame 2347 end
Average processing time of GrabImageRGBD(): 12.9192ms
Frame 2348 end
Average processing time of GrabImageRGBD(): 12.9179ms
Frame 2349 end
Average processing time of GrabImageRGBD(): 12.9144ms
Frame 2350 end
Average processing time of GrabImageRGBD(): 12.9127ms
Frame 2351 end
Average processing time of GrabImageRGBD(): 12.9232ms
Frame 2352 end
Average processing time of GrabImageRGBD(): 12.9224ms
Frame 2353 end
Average processing time of GrabImageRGBD(): 12.9209ms
Frame 2354 end
Average processing time of GrabImageRGBD(): 12.9192ms
Frame 2355 end
Average processing time of GrabImageRGBD(): 12.9157ms
Frame 2356 end
Average processing time of GrabImageRGBD(): 12.9252ms
Frame 2357 end
Average processing time of GrabImageRGBD(): 12.9246ms
Frame 2358 end
Average processing time of GrabImageRGBD(): 12.9225ms
Frame 2359 end
Average processing time of GrabImageRGBD(): 12.919ms
Frame 2360 end
Average processing time of GrabImageRGBD(): 12.9162ms
Frame 2361 end
Average processing time of GrabImageRGBD(): 12.9137ms
Frame 2362 end
Average processing time of GrabImageRGBD(): 12.9237ms
Frame 2363 end
Average processing time of GrabImageRGBD(): 12.9231ms
Frame 2364 end
Average processing time of GrabImageRGBD(): 12.9218ms
Frame 2365 end
Average processing time of GrabImageRGBD(): 12.9196ms
Frame 2366 end
Average processing time of GrabImageRGBD(): 12.9179ms
Frame 2367 end
Average processing time of GrabImageRGBD(): 12.9168ms
Frame 2368 end
Average processing time of GrabImageRGBD(): 12.9156ms
Frame 2369 end
Average processing time of GrabImageRGBD(): 12.9148ms
Frame 2370 end
Average processing time of GrabImageRGBD(): 12.9138ms
Frame 2371 end
Average processing time of GrabImageRGBD(): 12.9126ms
Frame 2372 end
Average processing time of GrabImageRGBD(): 12.9116ms
Frame 2373 end
Average processing time of GrabImageRGBD(): 12.922ms
Frame 2374 end
Average processing time of GrabImageRGBD(): 12.9202ms
Frame 2375 end
Average processing time of GrabImageRGBD(): 12.9185ms
Frame 2376 end
Average processing time of GrabImageRGBD(): 12.9175ms
Frame 2377 end
Average processing time of GrabImageRGBD(): 12.9162ms
Frame 2378 end
Average processing time of GrabImageRGBD(): 12.9149ms
Frame 2379 end
Average processing time of GrabImageRGBD(): 12.9131ms
Frame 2380 end
Average processing time of GrabImageRGBD(): 12.9114ms
Frame 2381 end
Average processing time of GrabImageRGBD(): 12.9101ms
Frame 2382 end
Average processing time of GrabImageRGBD(): 12.909ms
Frame 2383 end
Average processing time of GrabImageRGBD(): 12.9075ms
Frame 2384 end
Average processing time of GrabImageRGBD(): 12.918ms
Frame 2385 end
Average processing time of GrabImageRGBD(): 12.9173ms
Frame 2386 end
Average processing time of GrabImageRGBD(): 12.9151ms
Frame 2387 end
Average processing time of GrabImageRGBD(): 12.9131ms
Frame 2388 end
Average processing time of GrabImageRGBD(): 12.9117ms
Frame 2389 end
Average processing time of GrabImageRGBD(): 12.9091ms
Frame 2390 end
Average processing time of GrabImageRGBD(): 12.9062ms
Frame 2391 end
Average processing time of GrabImageRGBD(): 12.9049ms
Frame 2392 end
Average processing time of GrabImageRGBD(): 12.9039ms
Frame 2393 end
Average processing time of GrabImageRGBD(): 12.9147ms
Frame 2394 end
Average processing time of GrabImageRGBD(): 12.9139ms
Frame 2395 end
Average processing time of GrabImageRGBD(): 12.9126ms
Frame 2396 end
Average processing time of GrabImageRGBD(): 12.9109ms
Frame 2397 end
Average processing time of GrabImageRGBD(): 12.909ms
Frame 2398 end
Average processing time of GrabImageRGBD(): 12.9067ms
Frame 2399 end
Average processing time of GrabImageRGBD(): 12.9045ms
Frame 2400 end
Average processing time of GrabImageRGBD(): 12.9023ms
Frame 2401 end
Average processing time of GrabImageRGBD(): 12.9001ms
Frame 2402 end
Average processing time of GrabImageRGBD(): 12.8987ms
Frame 2403 end
Average processing time of GrabImageRGBD(): 12.8974ms
Frame 2404 end
Average processing time of GrabImageRGBD(): 12.8957ms
Frame 2405 end
Average processing time of GrabImageRGBD(): 12.9051ms
Frame 2406 end
Average processing time of GrabImageRGBD(): 12.9043ms
Frame 2407 end
Average processing time of GrabImageRGBD(): 12.9018ms
Frame 2408 end
Average processing time of GrabImageRGBD(): 12.9003ms
Frame 2409 end
Average processing time of GrabImageRGBD(): 12.8972ms
Frame 2410 end
Average processing time of GrabImageRGBD(): 12.8948ms
Frame 2411 end
Average processing time of GrabImageRGBD(): 12.8932ms
Frame 2412 end
Average processing time of GrabImageRGBD(): 12.892ms
Frame 2413 end
Average processing time of GrabImageRGBD(): 12.8906ms
Frame 2414 end
Average processing time of GrabImageRGBD(): 12.8891ms
Frame 2415 end
Average processing time of GrabImageRGBD(): 12.8876ms
Frame 2416 end
Average processing time of GrabImageRGBD(): 12.8853ms
Frame 2417 end
Average processing time of GrabImageRGBD(): 12.8952ms
Frame 2418 end
Average processing time of GrabImageRGBD(): 12.8943ms
Frame 2419 end
Average processing time of GrabImageRGBD(): 12.8917ms
Frame 2420 end
Average processing time of GrabImageRGBD(): 12.8904ms
Frame 2421 end
Average processing time of GrabImageRGBD(): 12.8893ms
Frame 2422 end
Average processing time of GrabImageRGBD(): 12.8872ms
Frame 2423 end
Average processing time of GrabImageRGBD(): 12.8847ms
Frame 2424 end
Average processing time of GrabImageRGBD(): 12.8824ms
Frame 2425 end
Average processing time of GrabImageRGBD(): 12.8809ms
Frame 2426 end
Average processing time of GrabImageRGBD(): 12.8798ms
Frame 2427 end
Average processing time of GrabImageRGBD(): 12.8784ms
Frame 2428 end
Average processing time of GrabImageRGBD(): 12.8767ms
Frame 2429 end
Average processing time of GrabImageRGBD(): 12.8755ms
Frame 2430 end
Average processing time of GrabImageRGBD(): 12.8864ms
Frame 2431 end
Average processing time of GrabImageRGBD(): 12.8858ms
Frame 2432 end
Average processing time of GrabImageRGBD(): 12.8846ms
Frame 2433 end
Average processing time of GrabImageRGBD(): 12.8828ms
Frame 2434 end
Average processing time of GrabImageRGBD(): 12.8811ms
Frame 2435 end
Average processing time of GrabImageRGBD(): 12.8798ms
Frame 2436 end
Average processing time of GrabImageRGBD(): 12.8789ms
Frame 2437 end
Average processing time of GrabImageRGBD(): 12.8778ms
Frame 2438 end
Average processing time of GrabImageRGBD(): 12.8769ms
Frame 2439 end
Average processing time of GrabImageRGBD(): 12.8757ms
Frame 2440 end
Average processing time of GrabImageRGBD(): 12.8738ms
Frame 2441 end
Average processing time of GrabImageRGBD(): 12.8857ms
Frame 2442 end
Average processing time of GrabImageRGBD(): 12.8964ms
Frame 2443 end
Average processing time of GrabImageRGBD(): 12.9074ms
Frame 2444 end
Average processing time of GrabImageRGBD(): 12.907ms
Frame 2445 end
Average processing time of GrabImageRGBD(): 12.906ms
Frame 2446 end
Average processing time of GrabImageRGBD(): 12.9044ms
Frame 2447 end
Average processing time of GrabImageRGBD(): 12.9036ms
Frame 2448 end
Average processing time of GrabImageRGBD(): 12.902ms
Frame 2449 end
Average processing time of GrabImageRGBD(): 12.9011ms
Frame 2450 end
Average processing time of GrabImageRGBD(): 12.9004ms
Frame 2451 end
Average processing time of GrabImageRGBD(): 12.8998ms
Frame 2452 end
Average processing time of GrabImageRGBD(): 12.8983ms
Frame 2453 end
Average processing time of GrabImageRGBD(): 12.8972ms
Frame 2454 end
Average processing time of GrabImageRGBD(): 12.8956ms
Frame 2455 end
Average processing time of GrabImageRGBD(): 12.8946ms
Frame 2456 end
Average processing time of GrabImageRGBD(): 12.8933ms
Frame 2457 end
Average processing time of GrabImageRGBD(): 12.8909ms
Frame 2458 end
Average processing time of GrabImageRGBD(): 12.9003ms
Frame 2459 end
Average processing time of GrabImageRGBD(): 12.8997ms
Frame 2460 end
Average processing time of GrabImageRGBD(): 12.8988ms
Frame 2461 end
Average processing time of GrabImageRGBD(): 12.898ms
Frame 2462 end
Average processing time of GrabImageRGBD(): 12.8968ms
Frame 2463 end
Average processing time of GrabImageRGBD(): 12.8959ms
Frame 2464 end
Average processing time of GrabImageRGBD(): 12.8939ms
Frame 2465 end
Average processing time of GrabImageRGBD(): 12.8915ms
Frame 2466 end
Average processing time of GrabImageRGBD(): 12.8906ms
Frame 2467 end
Average processing time of GrabImageRGBD(): 12.8889ms
Frame 2468 end
Average processing time of GrabImageRGBD(): 12.8914ms
Frame 2469 end
Average processing time of GrabImageRGBD(): 12.8905ms
Frame 2470 end
Average processing time of GrabImageRGBD(): 12.8879ms
Frame 2471 end
Average processing time of GrabImageRGBD(): 12.8872ms
Frame 2472 end
Average processing time of GrabImageRGBD(): 12.8847ms
Frame 2473 end
Average processing time of GrabImageRGBD(): 12.8833ms
Frame 2474 end
Average processing time of GrabImageRGBD(): 12.8814ms
Frame 2475 end
Average processing time of GrabImageRGBD(): 12.8792ms
Frame 2476 end
Average processing time of GrabImageRGBD(): 12.8777ms
Frame 2477 end
Average processing time of GrabImageRGBD(): 12.8874ms
Frame 2478 end
Average processing time of GrabImageRGBD(): 12.886ms
Frame 2479 end
Average processing time of GrabImageRGBD(): 12.8842ms
Frame 2480 end
Average processing time of GrabImageRGBD(): 12.8835ms
Frame 2481 end
Average processing time of GrabImageRGBD(): 12.8812ms
Frame 2482 end
Average processing time of GrabImageRGBD(): 12.8803ms
Frame 2483 end
Average processing time of GrabImageRGBD(): 12.878ms
Frame 2484 end
Average processing time of GrabImageRGBD(): 12.8764ms
Frame 2485 end
Average processing time of GrabImageRGBD(): 12.875ms
Frame 2486 end
Average processing time of GrabImageRGBD(): 12.8734ms
Frame 2487 end
Average processing time of GrabImageRGBD(): 12.8713ms
Frame 2488 end
Average processing time of GrabImageRGBD(): 12.8812ms
Frame 2489 end
Average processing time of GrabImageRGBD(): 12.8793ms
Frame 2490 end
Average processing time of GrabImageRGBD(): 12.8776ms
Frame 2491 end
Average processing time of GrabImageRGBD(): 12.8753ms
Frame 2492 end
Average processing time of GrabImageRGBD(): 12.873ms
Frame 2493 end
Average processing time of GrabImageRGBD(): 12.8719ms
Frame 2494 end
Average processing time of GrabImageRGBD(): 12.8705ms
Frame 2495 end
Average processing time of GrabImageRGBD(): 12.8683ms
Frame 2496 end
Average processing time of GrabImageRGBD(): 12.8668ms
Frame 2497 end
Average processing time of GrabImageRGBD(): 12.8657ms
Frame 2498 end
Average processing time of GrabImageRGBD(): 12.8764ms
Frame 2499 end
Average processing time of GrabImageRGBD(): 12.876ms
Frame 2500 end
Average processing time of GrabImageRGBD(): 12.8745ms
Frame 2501 end
Average processing time of GrabImageRGBD(): 12.8719ms
Frame 2502 end
Average processing time of GrabImageRGBD(): 12.8707ms
Frame 2503 end
Average processing time of GrabImageRGBD(): 12.8697ms
Frame 2504 end
Average processing time of GrabImageRGBD(): 12.8667ms
Frame 2505 end
Average processing time of GrabImageRGBD(): 12.8655ms
Frame 2506 end
Average processing time of GrabImageRGBD(): 12.8638ms
Frame 2507 end
Average processing time of GrabImageRGBD(): 12.8618ms
Frame 2508 end
Average processing time of GrabImageRGBD(): 12.8723ms
Frame 2509 end
Average processing time of GrabImageRGBD(): 12.8714ms
Frame 2510 end
Average processing time of GrabImageRGBD(): 12.8691ms
Frame 2511 end
Average processing time of GrabImageRGBD(): 12.8683ms
Frame 2512 end
Average processing time of GrabImageRGBD(): 12.8672ms
Frame 2513 end
Average processing time of GrabImageRGBD(): 12.8659ms
Frame 2514 end
Average processing time of GrabImageRGBD(): 12.8649ms
Frame 2515 end
Average processing time of GrabImageRGBD(): 12.8624ms
Frame 2516 end
Average processing time of GrabImageRGBD(): 12.8602ms
Frame 2517 end
Average processing time of GrabImageRGBD(): 12.8588ms
Frame 2518 end
Average processing time of GrabImageRGBD(): 12.8565ms
Frame 2519 end
Average processing time of GrabImageRGBD(): 12.8557ms
Frame 2520 end
Average processing time of GrabImageRGBD(): 12.8539ms
Frame 2521 end
Average processing time of GrabImageRGBD(): 12.8527ms
Frame 2522 end
Average processing time of GrabImageRGBD(): 12.8623ms
Frame 2523 end
Average processing time of GrabImageRGBD(): 12.8617ms
Frame 2524 end
Average processing time of GrabImageRGBD(): 12.86ms
Frame 2525 end
Average processing time of GrabImageRGBD(): 12.8597ms
Frame 2526 end
Average processing time of GrabImageRGBD(): 12.8593ms
Frame 2527 end
Average processing time of GrabImageRGBD(): 12.8572ms
Frame 2528 end
Average processing time of GrabImageRGBD(): 12.8567ms
Frame 2529 end
Average processing time of GrabImageRGBD(): 12.8559ms
Frame 2530 end
Average processing time of GrabImageRGBD(): 12.8535ms
Frame 2531 end
Average processing time of GrabImageRGBD(): 12.8513ms
Frame 2532 end
Average processing time of GrabImageRGBD(): 12.8608ms
Frame 2533 end
Average processing time of GrabImageRGBD(): 12.8592ms
Frame 2534 end
Average processing time of GrabImageRGBD(): 12.8588ms
Frame 2535 end
Average processing time of GrabImageRGBD(): 12.858ms
Frame 2536 end
Average processing time of GrabImageRGBD(): 12.8572ms
Frame 2537 end
Average processing time of GrabImageRGBD(): 12.8563ms
Frame 2538 end
Average processing time of GrabImageRGBD(): 12.8554ms
Frame 2539 end
Average processing time of GrabImageRGBD(): 12.856ms
Frame 2540 end
Average processing time of GrabImageRGBD(): 12.8554ms
Frame 2541 end
Average processing time of GrabImageRGBD(): 12.8548ms
Frame 2542 end
Average processing time of GrabImageRGBD(): 12.8643ms
Frame 2543 end
Average processing time of GrabImageRGBD(): 12.8641ms
Frame 2544 end
Average processing time of GrabImageRGBD(): 12.8633ms
Frame 2545 end
Average processing time of GrabImageRGBD(): 12.8629ms
Frame 2546 end
Average processing time of GrabImageRGBD(): 12.8622ms
Frame 2547 end
Average processing time of GrabImageRGBD(): 12.8603ms
Frame 2548 end
Average processing time of GrabImageRGBD(): 12.8585ms
Frame 2549 end
Average processing time of GrabImageRGBD(): 12.8574ms
Frame 2550 end
Average processing time of GrabImageRGBD(): 12.8566ms
Frame 2551 end
Average processing time of GrabImageRGBD(): 12.8573ms
Frame 2552 end
Average processing time of GrabImageRGBD(): 12.8681ms
Frame 2553 end
Average processing time of GrabImageRGBD(): 12.868ms
Frame 2554 end
Average processing time of GrabImageRGBD(): 12.8656ms
Frame 2555 end
Average processing time of GrabImageRGBD(): 12.8652ms
Frame 2556 end
Average processing time of GrabImageRGBD(): 12.8644ms
Frame 2557 end
Average processing time of GrabImageRGBD(): 12.864ms
Frame 2558 end
Average processing time of GrabImageRGBD(): 12.8635ms
Frame 2559 end
Average processing time of GrabImageRGBD(): 12.8628ms
Frame 2560 end
Average processing time of GrabImageRGBD(): 12.8625ms
Frame 2561 end
Average processing time of GrabImageRGBD(): 12.8624ms
Frame 2562 end
Average processing time of GrabImageRGBD(): 12.8722ms
Frame 2563 end
Average processing time of GrabImageRGBD(): 12.8723ms
Frame 2564 end
Average processing time of GrabImageRGBD(): 12.872ms
Frame 2565 end
Average processing time of GrabImageRGBD(): 12.8716ms
Frame 2566 end
Average processing time of GrabImageRGBD(): 12.8711ms
Frame 2567 end
Average processing time of GrabImageRGBD(): 12.8696ms
Frame 2568 end
Average processing time of GrabImageRGBD(): 12.8692ms
Frame 2569 end
Average processing time of GrabImageRGBD(): 12.8683ms
Frame 2570 end
Average processing time of GrabImageRGBD(): 12.868ms
Frame 2571 end
Average processing time of GrabImageRGBD(): 12.868ms
Frame 2572 end
Average processing time of GrabImageRGBD(): 12.8671ms
Frame 2573 end
Average processing time of GrabImageRGBD(): 12.8665ms
Frame 2574 end
Average processing time of GrabImageRGBD(): 12.8659ms
Frame 2575 end
Average processing time of GrabImageRGBD(): 12.876ms
Frame 2576 end
Average processing time of GrabImageRGBD(): 12.8757ms
Frame 2577 end
Average processing time of GrabImageRGBD(): 12.8752ms
Frame 2578 end
Average processing time of GrabImageRGBD(): 12.8745ms
Frame 2579 end
Average processing time of GrabImageRGBD(): 12.8745ms
Frame 2580 end
Average processing time of GrabImageRGBD(): 12.8737ms
Frame 2581 end
Average processing time of GrabImageRGBD(): 12.8731ms
Frame 2582 end
Average processing time of GrabImageRGBD(): 12.8734ms
Frame 2583 end
Average processing time of GrabImageRGBD(): 12.8731ms
Frame 2584 end
Average processing time of GrabImageRGBD(): 12.8727ms
Frame 2585 end
Average processing time of GrabImageRGBD(): 12.8725ms
Frame 2586 end
Average processing time of GrabImageRGBD(): 12.8829ms
Frame 2587 end
Average processing time of GrabImageRGBD(): 12.8828ms
Frame 2588 end
Average processing time of GrabImageRGBD(): 12.883ms
Frame 2589 end
Average processing time of GrabImageRGBD(): 12.8829ms
Frame 2590 end
Average processing time of GrabImageRGBD(): 12.8828ms
Frame 2591 end
Average processing time of GrabImageRGBD(): 12.8829ms
Frame 2592 end
Average processing time of GrabImageRGBD(): 12.883ms
Frame 2593 end
Average processing time of GrabImageRGBD(): 12.8823ms
Frame 2594 end
Average processing time of GrabImageRGBD(): 12.8817ms
Frame 2595 end
Average processing time of GrabImageRGBD(): 12.8819ms
Frame 2596 end
Average processing time of GrabImageRGBD(): 12.8929ms
Frame 2597 end
Average processing time of GrabImageRGBD(): 12.8945ms
Frame 2598 end
Average processing time of GrabImageRGBD(): 12.8943ms
Frame 2599 end
Average processing time of GrabImageRGBD(): 12.8941ms
Frame 2600 end
Average processing time of GrabImageRGBD(): 12.8936ms
Frame 2601 end
Average processing time of GrabImageRGBD(): 12.8932ms
Frame 2602 end
Average processing time of GrabImageRGBD(): 12.8938ms
Frame 2603 end
Average processing time of GrabImageRGBD(): 12.8944ms
Frame 2604 end
Average processing time of GrabImageRGBD(): 12.8935ms
Frame 2605 end
Average processing time of GrabImageRGBD(): 12.8944ms
Frame 2606 end
Average processing time of GrabImageRGBD(): 12.8937ms
Frame 2607 end
Average processing time of GrabImageRGBD(): 12.8938ms
Frame 2608 end
Average processing time of GrabImageRGBD(): 12.9039ms
Frame 2609 end
Average processing time of GrabImageRGBD(): 12.9034ms
Frame 2610 end
Average processing time of GrabImageRGBD(): 12.9028ms
Frame 2611 end
Average processing time of GrabImageRGBD(): 12.9024ms
Frame 2612 end
Average processing time of GrabImageRGBD(): 12.9014ms
Frame 2613 end
Average processing time of GrabImageRGBD(): 12.9015ms
Frame 2614 end
Average processing time of GrabImageRGBD(): 12.8998ms
Frame 2615 end
Average processing time of GrabImageRGBD(): 12.8998ms
Frame 2616 end
Average processing time of GrabImageRGBD(): 12.8992ms
Frame 2617 end
Average processing time of GrabImageRGBD(): 12.8978ms
Frame 2618 end
Average processing time of GrabImageRGBD(): 12.898ms
Frame 2619 end
Average processing time of GrabImageRGBD(): 12.8979ms
Frame 2620 end
Average processing time of GrabImageRGBD(): 12.9075ms
Frame 2621 end
Average processing time of GrabImageRGBD(): 12.9073ms
Frame 2622 end
Average processing time of GrabImageRGBD(): 12.9076ms
Frame 2623 end
Average processing time of GrabImageRGBD(): 12.907ms
Frame 2624 end
Average processing time of GrabImageRGBD(): 12.9073ms
Frame 2625 end
Average processing time of GrabImageRGBD(): 12.9057ms
Frame 2626 end
Average processing time of GrabImageRGBD(): 12.9062ms
Frame 2627 end
Average processing time of GrabImageRGBD(): 12.9055ms
Frame 2628 end
Average processing time of GrabImageRGBD(): 12.9041ms
Frame 2629 end
Average processing time of GrabImageRGBD(): 12.9038ms
Frame 2630 end
Average processing time of GrabImageRGBD(): 12.9137ms
Frame 2631 end
Average processing time of GrabImageRGBD(): 12.913ms
Frame 2632 end
Average processing time of GrabImageRGBD(): 12.9135ms
Frame 2633 end
Average processing time of GrabImageRGBD(): 12.9132ms
Frame 2634 end
Average processing time of GrabImageRGBD(): 12.9129ms
Frame 2635 end
Average processing time of GrabImageRGBD(): 12.9125ms
Frame 2636 end
Average processing time of GrabImageRGBD(): 12.9132ms
Frame 2637 end
Average processing time of GrabImageRGBD(): 12.9128ms
Frame 2638 end
Average processing time of GrabImageRGBD(): 12.9123ms
Frame 2639 end
Average processing time of GrabImageRGBD(): 12.912ms
Frame 2640 end
Average processing time of GrabImageRGBD(): 12.9118ms
Frame 2641 end
Average processing time of GrabImageRGBD(): 12.9112ms
Frame 2642 end
Average processing time of GrabImageRGBD(): 12.9215ms
Frame 2643 end
Average processing time of GrabImageRGBD(): 12.9215ms
Frame 2644 end
Average processing time of GrabImageRGBD(): 12.9231ms
Frame 2645 end
Average processing time of GrabImageRGBD(): 12.9235ms
Frame 2646 end
Average processing time of GrabImageRGBD(): 12.9236ms
Frame 2647 end
Average processing time of GrabImageRGBD(): 12.9226ms
Frame 2648 end
Average processing time of GrabImageRGBD(): 12.9222ms
Frame 2649 end
Average processing time of GrabImageRGBD(): 12.9214ms
Frame 2650 end
Average processing time of GrabImageRGBD(): 12.9202ms
Frame 2651 end
Average processing time of GrabImageRGBD(): 12.9206ms
Frame 2652 end
Average processing time of GrabImageRGBD(): 12.9302ms
Frame 2653 end
Average processing time of GrabImageRGBD(): 12.93ms
Frame 2654 end
Average processing time of GrabImageRGBD(): 12.9294ms
Frame 2655 end
Average processing time of GrabImageRGBD(): 12.9298ms
Frame 2656 end
Average processing time of GrabImageRGBD(): 12.9289ms
Frame 2657 end
Average processing time of GrabImageRGBD(): 12.9302ms
Frame 2658 end
Average processing time of GrabImageRGBD(): 12.9292ms
Frame 2659 end
Average processing time of GrabImageRGBD(): 12.9287ms
Frame 2660 end
Average processing time of GrabImageRGBD(): 12.9281ms
Frame 2661 end
Average processing time of GrabImageRGBD(): 12.9272ms
Frame 2662 end
Average processing time of GrabImageRGBD(): 12.9375ms
Frame 2663 end
Average processing time of GrabImageRGBD(): 12.938ms
Frame 2664 end
Average processing time of GrabImageRGBD(): 12.9373ms
Frame 2665 end
Average processing time of GrabImageRGBD(): 12.9375ms
Frame 2666 end
Average processing time of GrabImageRGBD(): 12.9366ms
Frame 2667 end
Average processing time of GrabImageRGBD(): 12.9362ms
Frame 2668 end
Average processing time of GrabImageRGBD(): 12.9357ms
Frame 2669 end
Average processing time of GrabImageRGBD(): 12.9382ms
Frame 2670 end
Average processing time of GrabImageRGBD(): 12.9378ms
Frame 2671 end
Average processing time of GrabImageRGBD(): 12.9472ms
Frame 2672 end
Average processing time of GrabImageRGBD(): 12.9473ms
Frame 2673 end
Average processing time of GrabImageRGBD(): 12.9481ms
Frame 2674 end
Average processing time of GrabImageRGBD(): 12.9487ms
Frame 2675 end
Average processing time of GrabImageRGBD(): 12.9491ms
Frame 2676 end
Average processing time of GrabImageRGBD(): 12.9483ms
Frame 2677 end
Average processing time of GrabImageRGBD(): 12.9489ms
Frame 2678 end
Average processing time of GrabImageRGBD(): 12.9493ms
Frame 2679 end
Average processing time of GrabImageRGBD(): 12.9491ms
Frame 2680 end
Average processing time of GrabImageRGBD(): 12.9584ms
Frame 2681 end
Average processing time of GrabImageRGBD(): 12.9593ms
Frame 2682 end
Average processing time of GrabImageRGBD(): 12.9595ms
Frame 2683 end
Average processing time of GrabImageRGBD(): 12.9592ms
Frame 2684 end
Average processing time of GrabImageRGBD(): 12.959ms
Frame 2685 end
Average processing time of GrabImageRGBD(): 12.9586ms
Frame 2686 end
Average processing time of GrabImageRGBD(): 12.959ms
Frame 2687 end
Average processing time of GrabImageRGBD(): 12.9596ms
Frame 2688 end
Average processing time of GrabImageRGBD(): 12.9602ms
Frame 2689 end
Average processing time of GrabImageRGBD(): 12.9706ms
Frame 2690 end
Average processing time of GrabImageRGBD(): 12.9715ms
Frame 2691 end
Average processing time of GrabImageRGBD(): 12.9713ms
Frame 2692 end
Average processing time of GrabImageRGBD(): 12.9711ms
Frame 2693 end
Average processing time of GrabImageRGBD(): 12.9717ms
Frame 2694 end
Average processing time of GrabImageRGBD(): 12.972ms
Frame 2695 end
Average processing time of GrabImageRGBD(): 12.9723ms
Frame 2696 end
Average processing time of GrabImageRGBD(): 12.972ms
Frame 2697 end
Average processing time of GrabImageRGBD(): 12.9712ms
Frame 2698 end
Average processing time of GrabImageRGBD(): 12.9806ms
Frame 2699 end
Average processing time of GrabImageRGBD(): 12.9815ms
Frame 2700 end
Average processing time of GrabImageRGBD(): 12.9819ms
Frame 2701 end
Average processing time of GrabImageRGBD(): 12.9815ms
Frame 2702 end
Average processing time of GrabImageRGBD(): 12.9811ms
Frame 2703 end
Average processing time of GrabImageRGBD(): 12.9813ms
Frame 2704 end
Average processing time of GrabImageRGBD(): 12.9813ms
Frame 2705 end
Average processing time of GrabImageRGBD(): 12.9807ms
Frame 2706 end
Average processing time of GrabImageRGBD(): 12.9804ms
Frame 2707 end
Average processing time of GrabImageRGBD(): 12.9904ms
Frame 2708 end
Average processing time of GrabImageRGBD(): 12.9913ms
Frame 2709 end
Average processing time of GrabImageRGBD(): 12.9917ms
Frame 2710 end
Average processing time of GrabImageRGBD(): 12.9917ms
Frame 2711 end
Average processing time of GrabImageRGBD(): 12.9905ms
Frame 2712 end
Average processing time of GrabImageRGBD(): 12.9899ms
Frame 2713 end
Average processing time of GrabImageRGBD(): 12.9903ms
Frame 2714 end
Average processing time of GrabImageRGBD(): 12.9902ms
Frame 2715 end
Average processing time of GrabImageRGBD(): 12.9901ms
Frame 2716 end
Average processing time of GrabImageRGBD(): 12.99ms
Frame 2717 end
Average processing time of GrabImageRGBD(): 12.9988ms
Frame 2718 end
Average processing time of GrabImageRGBD(): 12.9984ms
Frame 2719 end
Average processing time of GrabImageRGBD(): 12.9963ms
Frame 2720 end
Average processing time of GrabImageRGBD(): 12.9957ms
Frame 2721 end
Average processing time of GrabImageRGBD(): 12.9959ms
Frame 2722 end
Average processing time of GrabImageRGBD(): 12.9941ms
Frame 2723 end
Average processing time of GrabImageRGBD(): 12.9944ms
Frame 2724 end
Average processing time of GrabImageRGBD(): 12.9949ms
Frame 2725 end
Average processing time of GrabImageRGBD(): 13.0041ms
Frame 2726 end
Average processing time of GrabImageRGBD(): 13.0044ms
Frame 2727 end
Average processing time of GrabImageRGBD(): 13.0042ms
Frame 2728 end
Average processing time of GrabImageRGBD(): 13.004ms
Frame 2729 end
Average processing time of GrabImageRGBD(): 13.0045ms
Frame 2730 end
Average processing time of GrabImageRGBD(): 13.0044ms
Frame 2731 end
Average processing time of GrabImageRGBD(): 13.0041ms
Frame 2732 end
Average processing time of GrabImageRGBD(): 13.0037ms
Frame 2733 end
Average processing time of GrabImageRGBD(): 13.0123ms
Frame 2734 end
Average processing time of GrabImageRGBD(): 13.0118ms
Frame 2735 end
Average processing time of GrabImageRGBD(): 13.0115ms
Frame 2736 end
Average processing time of GrabImageRGBD(): 13.01ms
Frame 2737 end
Average processing time of GrabImageRGBD(): 13.0097ms
Frame 2738 end
Average processing time of GrabImageRGBD(): 13.0095ms
Frame 2739 end
Average processing time of GrabImageRGBD(): 13.0085ms
Frame 2740 end
Average processing time of GrabImageRGBD(): 13.0082ms
Frame 2741 end
Average processing time of GrabImageRGBD(): 13.0078ms
Frame 2742 end
Average processing time of GrabImageRGBD(): 13.0067ms
Frame 2743 end
Average processing time of GrabImageRGBD(): 13.0162ms
Frame 2744 end
Average processing time of GrabImageRGBD(): 13.0156ms
Frame 2745 end
Average processing time of GrabImageRGBD(): 13.0159ms
Frame 2746 end
Average processing time of GrabImageRGBD(): 13.0155ms
Frame 2747 end
Average processing time of GrabImageRGBD(): 13.0152ms
Frame 2748 end
Average processing time of GrabImageRGBD(): 13.015ms
Frame 2749 end
Average processing time of GrabImageRGBD(): 13.0143ms
Frame 2750 end
Average processing time of GrabImageRGBD(): 13.0138ms
Frame 2751 end
Average processing time of GrabImageRGBD(): 13.0131ms
Frame 2752 end
Average processing time of GrabImageRGBD(): 13.011ms
Frame 2753 end
Average processing time of GrabImageRGBD(): 13.0198ms
Frame 2754 end
Average processing time of GrabImageRGBD(): 13.0193ms
Frame 2755 end
Average processing time of GrabImageRGBD(): 13.0188ms
Frame 2756 end
Average processing time of GrabImageRGBD(): 13.0181ms
Frame 2757 end
Average processing time of GrabImageRGBD(): 13.0177ms
Frame 2758 end
Average processing time of GrabImageRGBD(): 13.0166ms
Frame 2759 end
Average processing time of GrabImageRGBD(): 13.0157ms
Frame 2760 end
Average processing time of GrabImageRGBD(): 13.0151ms
Frame 2761 end
Average processing time of GrabImageRGBD(): 13.0236ms
Frame 2762 end
Average processing time of GrabImageRGBD(): 13.0231ms
Frame 2763 end
Average processing time of GrabImageRGBD(): 13.0223ms
Frame 2764 end
Average processing time of GrabImageRGBD(): 13.0209ms
Frame 2765 end
Average processing time of GrabImageRGBD(): 13.0194ms
Frame 2766 end
Average processing time of GrabImageRGBD(): 13.0184ms
Frame 2767 end
Average processing time of GrabImageRGBD(): 13.0175ms
Frame 2768 end
Average processing time of GrabImageRGBD(): 13.0262ms
Frame 2769 end
Average processing time of GrabImageRGBD(): 13.0259ms
Frame 2770 end
Average processing time of GrabImageRGBD(): 13.0256ms
Frame 2771 end
Average processing time of GrabImageRGBD(): 13.0254ms
Frame 2772 end
Average processing time of GrabImageRGBD(): 13.025ms
Frame 2773 end
Average processing time of GrabImageRGBD(): 13.0248ms
Frame 2774 end
Average processing time of GrabImageRGBD(): 13.024ms
Frame 2775 end
Average processing time of GrabImageRGBD(): 13.0235ms
Frame 2776 end
Average processing time of GrabImageRGBD(): 13.0363ms
Frame 2777 end
Average processing time of GrabImageRGBD(): 13.036ms
Frame 2778 end
Average processing time of GrabImageRGBD(): 13.0357ms
Frame 2779 end
Average processing time of GrabImageRGBD(): 13.0363ms
Frame 2780 end
Average processing time of GrabImageRGBD(): 13.0357ms
Frame 2781 end
Average processing time of GrabImageRGBD(): 13.0362ms
Frame 2782 end
Average processing time of GrabImageRGBD(): 13.0358ms
Frame 2783 end
Average processing time of GrabImageRGBD(): 13.0353ms
Frame 2784 end
Average processing time of GrabImageRGBD(): 13.0445ms
Frame 2785 end
Average processing time of GrabImageRGBD(): 13.0447ms
Frame 2786 end
Average processing time of GrabImageRGBD(): 13.0442ms
Frame 2787 end
Average processing time of GrabImageRGBD(): 13.0442ms
Frame 2788 end
Average processing time of GrabImageRGBD(): 13.0438ms
Frame 2789 end
Average processing time of GrabImageRGBD(): 13.0443ms
Frame 2790 end
Average processing time of GrabImageRGBD(): 13.0441ms
Frame 2791 end
Average processing time of GrabImageRGBD(): 13.0451ms
Frame 2792 end
Average processing time of GrabImageRGBD(): 13.0462ms
Frame 2793 end
Average processing time of GrabImageRGBD(): 13.0451ms
Frame 2794 end
Average processing time of GrabImageRGBD(): 13.0445ms
Frame 2795 end
Average processing time of GrabImageRGBD(): 13.0531ms
Frame 2796 end
Average processing time of GrabImageRGBD(): 13.053ms
Frame 2797 end
Average processing time of GrabImageRGBD(): 13.0523ms
Frame 2798 end
Average processing time of GrabImageRGBD(): 13.0512ms
Frame 2799 end
Average processing time of GrabImageRGBD(): 13.0508ms
Frame 2800 end
Average processing time of GrabImageRGBD(): 13.0495ms
Frame 2801 end
Average processing time of GrabImageRGBD(): 13.0488ms
Frame 2802 end
Average processing time of GrabImageRGBD(): 13.047ms
Frame 2803 end
Average processing time of GrabImageRGBD(): 13.0463ms
Frame 2804 end
Average processing time of GrabImageRGBD(): 13.0562ms
Frame 2805 end
Average processing time of GrabImageRGBD(): 13.0563ms
Frame 2806 end
Average processing time of GrabImageRGBD(): 13.0558ms
Frame 2807 end
Average processing time of GrabImageRGBD(): 13.0557ms
Frame 2808 end
Average processing time of GrabImageRGBD(): 13.055ms
Frame 2809 end
Average processing time of GrabImageRGBD(): 13.0549ms
Frame 2810 end
Average processing time of GrabImageRGBD(): 13.0541ms
Frame 2811 end
Average processing time of GrabImageRGBD(): 13.0535ms
Frame 2812 end
Average processing time of GrabImageRGBD(): 13.053ms
Frame 2813 end
Average processing time of GrabImageRGBD(): 13.0617ms
Frame 2814 end
Average processing time of GrabImageRGBD(): 13.0612ms
Frame 2815 end
Average processing time of GrabImageRGBD(): 13.0605ms
Frame 2816 end
Average processing time of GrabImageRGBD(): 13.0601ms
Frame 2817 end
Average processing time of GrabImageRGBD(): 13.0593ms
Frame 2818 end
Average processing time of GrabImageRGBD(): 13.0588ms
Frame 2819 end
Average processing time of GrabImageRGBD(): 13.0581ms
Frame 2820 end
Average processing time of GrabImageRGBD(): 13.057ms
Frame 2821 end
Average processing time of GrabImageRGBD(): 13.0655ms
Frame 2822 end
Average processing time of GrabImageRGBD(): 13.0652ms
Frame 2823 end
Average processing time of GrabImageRGBD(): 13.0641ms
Frame 2824 end
Average processing time of GrabImageRGBD(): 13.0636ms
Frame 2825 end
Average processing time of GrabImageRGBD(): 13.0627ms
Frame 2826 end
Average processing time of GrabImageRGBD(): 13.0625ms
Frame 2827 end
Average processing time of GrabImageRGBD(): 13.0616ms
Frame 2828 end
Average processing time of GrabImageRGBD(): 13.0609ms
Frame 2829 end
Average processing time of GrabImageRGBD(): 13.0606ms
Frame 2830 end
Average processing time of GrabImageRGBD(): 13.0591ms
Frame 2831 end
Average processing time of GrabImageRGBD(): 13.0673ms
Frame 2832 end
Average processing time of GrabImageRGBD(): 13.0673ms
Frame 2833 end
Average processing time of GrabImageRGBD(): 13.0696ms
Frame 2834 end
Average processing time of GrabImageRGBD(): 13.0708ms
Frame 2835 end
Average processing time of GrabImageRGBD(): 13.0706ms
Frame 2836 end
Average processing time of GrabImageRGBD(): 13.0717ms
Frame 2837 end
Average processing time of GrabImageRGBD(): 13.073ms
Frame 2838 end
Average processing time of GrabImageRGBD(): 13.0753ms
Frame 2839 end
Average processing time of GrabImageRGBD(): 13.077ms
Frame 2840 end
Average processing time of GrabImageRGBD(): 13.0769ms
Frame 2841 end
Average processing time of GrabImageRGBD(): 13.0773ms
Frame 2842 end
Average processing time of GrabImageRGBD(): 13.0867ms
Frame 2843 end
Average processing time of GrabImageRGBD(): 13.0859ms
Frame 2844 end
Average processing time of GrabImageRGBD(): 13.086ms
Frame 2845 end
Average processing time of GrabImageRGBD(): 13.0865ms
Frame 2846 end
Average processing time of GrabImageRGBD(): 13.0853ms
Frame 2847 end
Average processing time of GrabImageRGBD(): 13.0853ms
Frame 2848 end
Average processing time of GrabImageRGBD(): 13.0853ms
Frame 2849 end
Average processing time of GrabImageRGBD(): 13.0853ms
Frame 2850 end
Average processing time of GrabImageRGBD(): 13.0939ms
Frame 2851 end
Average processing time of GrabImageRGBD(): 13.0944ms
Frame 2852 end
Average processing time of GrabImageRGBD(): 13.0941ms
Frame 2853 end
Average processing time of GrabImageRGBD(): 13.0944ms
Frame 2854 end
Average processing time of GrabImageRGBD(): 13.0936ms
Frame 2855 end
Average processing time of GrabImageRGBD(): 13.0934ms
Frame 2856 end
Average processing time of GrabImageRGBD(): 13.0927ms
Frame 2857 end
Average processing time of GrabImageRGBD(): 13.092ms
Frame 2858 end
Average processing time of GrabImageRGBD(): 13.0913ms
Frame 2859 end
Average processing time of GrabImageRGBD(): 13.1036ms
Frame 2860 end
Average processing time of GrabImageRGBD(): 13.1025ms
Frame 2861 end
Average processing time of GrabImageRGBD(): 13.1019ms
Frame 2862 end
Average processing time of GrabImageRGBD(): 13.1005ms
Frame 2863 end
Average processing time of GrabImageRGBD(): 13.1002ms
Frame 2864 end
Average processing time of GrabImageRGBD(): 13.0995ms
Frame 2865 end
Average processing time of GrabImageRGBD(): 13.0989ms
Frame 2866 end
Average processing time of GrabImageRGBD(): 13.0974ms
Frame 2867 end
Average processing time of GrabImageRGBD(): 13.1053ms
Frame 2868 end
Average processing time of GrabImageRGBD(): 13.1044ms
Frame 2869 end
Average processing time of GrabImageRGBD(): 13.1041ms
Frame 2870 end
Average processing time of GrabImageRGBD(): 13.1037ms
Frame 2871 end
Average processing time of GrabImageRGBD(): 13.1029ms
Frame 2872 end
Average processing time of GrabImageRGBD(): 13.1021ms
Frame 2873 end
Average processing time of GrabImageRGBD(): 13.1018ms
Frame 2874 end
Average processing time of GrabImageRGBD(): 13.1008ms
Frame 2875 end
Average processing time of GrabImageRGBD(): 13.1093ms
Frame 2876 end
Average processing time of GrabImageRGBD(): 13.1086ms
Frame 2877 end
Average processing time of GrabImageRGBD(): 13.1082ms
Frame 2878 end
Average processing time of GrabImageRGBD(): 13.1067ms
Frame 2879 end
Average processing time of GrabImageRGBD(): 13.1052ms
Frame 2880 end
Average processing time of GrabImageRGBD(): 13.1049ms
Frame 2881 end
Average processing time of GrabImageRGBD(): 13.1047ms
Frame 2882 end
Average processing time of GrabImageRGBD(): 13.1043ms
Frame 2883 end
Average processing time of GrabImageRGBD(): 13.1124ms
Frame 2884 end
Average processing time of GrabImageRGBD(): 13.1118ms
Frame 2885 end
Average processing time of GrabImageRGBD(): 13.1122ms
Frame 2886 end
Average processing time of GrabImageRGBD(): 13.1121ms
Frame 2887 end
Average processing time of GrabImageRGBD(): 13.1103ms
Frame 2888 end
Average processing time of GrabImageRGBD(): 13.1101ms
Frame 2889 end
Average processing time of GrabImageRGBD(): 13.1101ms
Frame 2890 end
Average processing time of GrabImageRGBD(): 13.1091ms
Frame 2891 end
Average processing time of GrabImageRGBD(): 13.1206ms
Frame 2892 end
Average processing time of GrabImageRGBD(): 13.12ms
Frame 2893 end
Average processing time of GrabImageRGBD(): 13.1191ms
Frame 2894 end
Average processing time of GrabImageRGBD(): 13.118ms
Frame 2895 end
Average processing time of GrabImageRGBD(): 13.1173ms
Frame 2896 end
Average processing time of GrabImageRGBD(): 13.1164ms
Frame 2897 end
Average processing time of GrabImageRGBD(): 13.1157ms
Frame 2898 end
Average processing time of GrabImageRGBD(): 13.115ms
Frame 2899 end
Average processing time of GrabImageRGBD(): 13.1233ms
Frame 2900 end
Average processing time of GrabImageRGBD(): 13.1229ms
Frame 2901 end
Average processing time of GrabImageRGBD(): 13.1222ms
Frame 2902 end
Average processing time of GrabImageRGBD(): 13.1222ms
Frame 2903 end
Average processing time of GrabImageRGBD(): 13.1219ms
Frame 2904 end
Average processing time of GrabImageRGBD(): 13.1218ms
Frame 2905 end
Average processing time of GrabImageRGBD(): 13.1217ms
Frame 2906 end
Average processing time of GrabImageRGBD(): 13.1212ms
Frame 2907 end
Average processing time of GrabImageRGBD(): 13.1295ms
Frame 2908 end
Average processing time of GrabImageRGBD(): 13.13ms
Frame 2909 end
Average processing time of GrabImageRGBD(): 13.13ms
Frame 2910 end
Average processing time of GrabImageRGBD(): 13.1301ms
Frame 2911 end
Average processing time of GrabImageRGBD(): 13.1302ms
Frame 2912 end
Average processing time of GrabImageRGBD(): 13.1304ms
Frame 2913 end
Average processing time of GrabImageRGBD(): 13.1306ms
Frame 2914 end
Average processing time of GrabImageRGBD(): 13.1314ms
Frame 2915 end
Average processing time of GrabImageRGBD(): 13.1419ms
Frame 2916 end
Average processing time of GrabImageRGBD(): 13.1422ms
Frame 2917 end
Average processing time of GrabImageRGBD(): 13.1422ms
Frame 2918 end
Average processing time of GrabImageRGBD(): 13.1418ms
Frame 2919 end
Average processing time of GrabImageRGBD(): 13.1413ms
Frame 2920 end
Average processing time of GrabImageRGBD(): 13.1406ms
Frame 2921 end
Average processing time of GrabImageRGBD(): 13.1402ms
Frame 2922 end
Average processing time of GrabImageRGBD(): 13.1405ms
Frame 2923 end
Average processing time of GrabImageRGBD(): 13.1494ms
Frame 2924 end
Average processing time of GrabImageRGBD(): 13.1482ms
Frame 2925 end
Average processing time of GrabImageRGBD(): 13.1471ms
Frame 2926 end
Average processing time of GrabImageRGBD(): 13.1463ms
Frame 2927 end
Average processing time of GrabImageRGBD(): 13.1449ms
Frame 2928 end
Average processing time of GrabImageRGBD(): 13.1449ms
Frame 2929 end
Average processing time of GrabImageRGBD(): 13.1442ms
Frame 2930 end
Average processing time of GrabImageRGBD(): 13.1437ms
Frame 2931 end
Average processing time of GrabImageRGBD(): 13.1519ms
Frame 2932 end
Average processing time of GrabImageRGBD(): 13.1519ms
Frame 2933 end
Average processing time of GrabImageRGBD(): 13.1513ms
Frame 2934 end
Average processing time of GrabImageRGBD(): 13.1511ms
Frame 2935 end
Average processing time of GrabImageRGBD(): 13.1503ms
Frame 2936 end
Average processing time of GrabImageRGBD(): 13.1497ms
Frame 2937 end
Average processing time of GrabImageRGBD(): 13.1491ms
Frame 2938 end
Average processing time of GrabImageRGBD(): 13.1473ms
Frame 2939 end
Average processing time of GrabImageRGBD(): 13.1556ms
Frame 2940 end
Average processing time of GrabImageRGBD(): 13.1549ms
Frame 2941 end
Average processing time of GrabImageRGBD(): 13.1538ms
Frame 2942 end
Average processing time of GrabImageRGBD(): 13.1536ms
Frame 2943 end
Average processing time of GrabImageRGBD(): 13.1525ms
Frame 2944 end
Average processing time of GrabImageRGBD(): 13.1509ms
Frame 2945 end
Average processing time of GrabImageRGBD(): 13.15ms
Frame 2946 end
Average processing time of GrabImageRGBD(): 13.1493ms
Frame 2947 end
Average processing time of GrabImageRGBD(): 13.1578ms
Frame 2948 end
Average processing time of GrabImageRGBD(): 13.1564ms
Frame 2949 end
Average processing time of GrabImageRGBD(): 13.1547ms
Frame 2950 end
Average processing time of GrabImageRGBD(): 13.1536ms
Frame 2951 end
Average processing time of GrabImageRGBD(): 13.1527ms
Frame 2952 end
Average processing time of GrabImageRGBD(): 13.152ms
Frame 2953 end
Average processing time of GrabImageRGBD(): 13.1514ms
Frame 2954 end
Average processing time of GrabImageRGBD(): 13.1506ms
Frame 2955 end
Average processing time of GrabImageRGBD(): 13.159ms
Frame 2956 end
Average processing time of GrabImageRGBD(): 13.1595ms
Frame 2957 end
Average processing time of GrabImageRGBD(): 13.1589ms
Frame 2958 end
Average processing time of GrabImageRGBD(): 13.1589ms
Frame 2959 end
Average processing time of GrabImageRGBD(): 13.1586ms
Frame 2960 end
Average processing time of GrabImageRGBD(): 13.1583ms
Frame 2961 end
Average processing time of GrabImageRGBD(): 13.1574ms
Frame 2962 end
Average processing time of GrabImageRGBD(): 13.1662ms
Frame 2963 end
Average processing time of GrabImageRGBD(): 13.1659ms
Frame 2964 end
Average processing time of GrabImageRGBD(): 13.1652ms
Frame 2965 end
Average processing time of GrabImageRGBD(): 13.1643ms
Frame 2966 end
Average processing time of GrabImageRGBD(): 13.1641ms
Frame 2967 end
Average processing time of GrabImageRGBD(): 13.1633ms
Frame 2968 end
Average processing time of GrabImageRGBD(): 13.1626ms
Frame 2969 end
Average processing time of GrabImageRGBD(): 13.1615ms
Frame 2970 end
Average processing time of GrabImageRGBD(): 13.1703ms
Frame 2971 end
Average processing time of GrabImageRGBD(): 13.17ms
Frame 2972 end
Average processing time of GrabImageRGBD(): 13.1692ms
Frame 2973 end
Average processing time of GrabImageRGBD(): 13.1686ms
Frame 2974 end
Average processing time of GrabImageRGBD(): 13.1682ms
Frame 2975 end
Average processing time of GrabImageRGBD(): 13.1676ms
Frame 2976 end
Average processing time of GrabImageRGBD(): 13.1668ms
Frame 2977 end
Average processing time of GrabImageRGBD(): 13.1658ms
Frame 2978 end
Average processing time of GrabImageRGBD(): 13.1774ms
Frame 2979 end
Average processing time of GrabImageRGBD(): 13.1772ms
Frame 2980 end
Average processing time of GrabImageRGBD(): 13.1766ms
Frame 2981 end
Average processing time of GrabImageRGBD(): 13.1755ms
Frame 2982 end
Average processing time of GrabImageRGBD(): 13.1736ms
Frame 2983 end
Average processing time of GrabImageRGBD(): 13.1718ms
Frame 2984 end
Average processing time of GrabImageRGBD(): 13.1713ms
Frame 2985 end
Average processing time of GrabImageRGBD(): 13.1708ms
Frame 2986 end
Average processing time of GrabImageRGBD(): 13.1699ms
Frame 2987 end
Average processing time of GrabImageRGBD(): 13.1694ms
Frame 2988 end
Average processing time of GrabImageRGBD(): 13.178ms
Frame 2989 end
Average processing time of GrabImageRGBD(): 13.1779ms
Frame 2990 end
Average processing time of GrabImageRGBD(): 13.1771ms
Frame 2991 end
Average processing time of GrabImageRGBD(): 13.1761ms
Frame 2992 end
Average processing time of GrabImageRGBD(): 13.1753ms
Frame 2993 end
Average processing time of GrabImageRGBD(): 13.1744ms
Frame 2994 end
Average processing time of GrabImageRGBD(): 13.1737ms
Frame 2995 end
Average processing time of GrabImageRGBD(): 13.172ms
Frame 2996 end
Average processing time of GrabImageRGBD(): 13.1806ms
Frame 2997 end
Average processing time of GrabImageRGBD(): 13.1802ms
Frame 2998 end
Average processing time of GrabImageRGBD(): 13.1788ms
Frame 2999 end
Average processing time of GrabImageRGBD(): 13.178ms
Frame 3000 end
Average processing time of GrabImageRGBD(): 13.1772ms
Frame 3001 end
Average processing time of GrabImageRGBD(): 13.175ms
Frame 3002 end
Average processing time of GrabImageRGBD(): 13.1744ms
Frame 3003 end
Average processing time of GrabImageRGBD(): 13.1737ms
Frame 3004 end
Average processing time of GrabImageRGBD(): 13.1813ms
Frame 3005 end
Average processing time of GrabImageRGBD(): 13.1798ms
Frame 3006 end
Average processing time of GrabImageRGBD(): 13.1789ms
Frame 3007 end
Average processing time of GrabImageRGBD(): 13.1781ms
Frame 3008 end
Average processing time of GrabImageRGBD(): 13.1748ms
Frame 3009 end
Average processing time of GrabImageRGBD(): 13.1727ms
Frame 3010 end
Average processing time of GrabImageRGBD(): 13.1719ms
Frame 3011 end
Average processing time of GrabImageRGBD(): 13.1712ms
Frame 3012 end
Average processing time of GrabImageRGBD(): 13.1696ms
Frame 3013 end
Average processing time of GrabImageRGBD(): 13.1777ms
Frame 3014 end
Average processing time of GrabImageRGBD(): 13.1764ms
Frame 3015 end
Average processing time of GrabImageRGBD(): 13.1756ms
Frame 3016 end
Average processing time of GrabImageRGBD(): 13.1742ms
Frame 3017 end
Average processing time of GrabImageRGBD(): 13.1734ms
Frame 3018 end
Average processing time of GrabImageRGBD(): 13.1731ms
Frame 3019 end
Average processing time of GrabImageRGBD(): 13.1727ms
Frame 3020 end
Average processing time of GrabImageRGBD(): 13.1713ms
Frame 3021 end
Average processing time of GrabImageRGBD(): 13.1696ms
Frame 3022 end
Average processing time of GrabImageRGBD(): 13.178ms
Frame 3023 end
Average processing time of GrabImageRGBD(): 13.1776ms
Frame 3024 end
Average processing time of GrabImageRGBD(): 13.1769ms
Frame 3025 end
Average processing time of GrabImageRGBD(): 13.1759ms
Frame 3026 end
Average processing time of GrabImageRGBD(): 13.1748ms
Frame 3027 end
Average processing time of GrabImageRGBD(): 13.1743ms
Frame 3028 end
Average processing time of GrabImageRGBD(): 13.1723ms
Frame 3029 end
Average processing time of GrabImageRGBD(): 13.1712ms
Frame 3030 end
Average processing time of GrabImageRGBD(): 13.1703ms
Frame 3031 end
Average processing time of GrabImageRGBD(): 13.1792ms
Frame 3032 end
Average processing time of GrabImageRGBD(): 13.1786ms
Frame 3033 end
Average processing time of GrabImageRGBD(): 13.1777ms
Frame 3034 end
Average processing time of GrabImageRGBD(): 13.1771ms
Frame 3035 end
Average processing time of GrabImageRGBD(): 13.1761ms
Frame 3036 end
Average processing time of GrabImageRGBD(): 13.1749ms
Frame 3037 end
Average processing time of GrabImageRGBD(): 13.1738ms
Frame 3038 end
Average processing time of GrabImageRGBD(): 13.1726ms
Frame 3039 end
Average processing time of GrabImageRGBD(): 13.1815ms
Frame 3040 end
Average processing time of GrabImageRGBD(): 13.1806ms
Frame 3041 end
Average processing time of GrabImageRGBD(): 13.1788ms
Frame 3042 end
Average processing time of GrabImageRGBD(): 13.1783ms
Frame 3043 end
Average processing time of GrabImageRGBD(): 13.178ms
Frame 3044 end
Average processing time of GrabImageRGBD(): 13.1767ms
Frame 3045 end
Average processing time of GrabImageRGBD(): 13.176ms
Frame 3046 end
Average processing time of GrabImageRGBD(): 13.1753ms
Frame 3047 end
Average processing time of GrabImageRGBD(): 13.1746ms
Frame 3048 end
Average processing time of GrabImageRGBD(): 13.183ms
Frame 3049 end
Average processing time of GrabImageRGBD(): 13.1827ms
Frame 3050 end
Average processing time of GrabImageRGBD(): 13.1821ms
Frame 3051 end
Average processing time of GrabImageRGBD(): 13.1814ms
Frame 3052 end
Average processing time of GrabImageRGBD(): 13.1806ms
Frame 3053 end
Average processing time of GrabImageRGBD(): 13.1799ms
Frame 3054 end
Average processing time of GrabImageRGBD(): 13.1795ms
Frame 3055 end
Average processing time of GrabImageRGBD(): 13.1786ms
Frame 3056 end
Average processing time of GrabImageRGBD(): 13.1871ms
Frame 3057 end
Average processing time of GrabImageRGBD(): 13.1868ms
Frame 3058 end
Average processing time of GrabImageRGBD(): 13.1849ms
Frame 3059 end
Average processing time of GrabImageRGBD(): 13.1839ms
Frame 3060 end
Average processing time of GrabImageRGBD(): 13.1825ms
Frame 3061 end
Average processing time of GrabImageRGBD(): 13.1818ms
Frame 3062 end
Average processing time of GrabImageRGBD(): 13.1812ms
Frame 3063 end
Average processing time of GrabImageRGBD(): 13.1798ms
Frame 3064 end
Average processing time of GrabImageRGBD(): 13.188ms
Frame 3065 end
Average processing time of GrabImageRGBD(): 13.1875ms
Frame 3066 end
Average processing time of GrabImageRGBD(): 13.1854ms
Frame 3067 end
Average processing time of GrabImageRGBD(): 13.1841ms
Frame 3068 end
Average processing time of GrabImageRGBD(): 13.1832ms
Frame 3069 end
Average processing time of GrabImageRGBD(): 13.1821ms
Frame 3070 end
Average processing time of GrabImageRGBD(): 13.1813ms
Frame 3071 end
Average processing time of GrabImageRGBD(): 13.1802ms
Frame 3072 end
Average processing time of GrabImageRGBD(): 13.1787ms
Frame 3073 end
Average processing time of GrabImageRGBD(): 13.1866ms
Frame 3074 end
Average processing time of GrabImageRGBD(): 13.1862ms
Frame 3075 end
Average processing time of GrabImageRGBD(): 13.1855ms
Frame 3076 end
Average processing time of GrabImageRGBD(): 13.1836ms
Frame 3077 end
Average processing time of GrabImageRGBD(): 13.1826ms
Frame 3078 end
Average processing time of GrabImageRGBD(): 13.1816ms
Frame 3079 end
Average processing time of GrabImageRGBD(): 13.1801ms
Frame 3080 end
Average processing time of GrabImageRGBD(): 13.1787ms
Frame 3081 end
Average processing time of GrabImageRGBD(): 13.1862ms
Frame 3082 end
Average processing time of GrabImageRGBD(): 13.1846ms
Frame 3083 end
Average processing time of GrabImageRGBD(): 13.1835ms
Frame 3084 end
Average processing time of GrabImageRGBD(): 13.1821ms
Frame 3085 end
Average processing time of GrabImageRGBD(): 13.1816ms
Frame 3086 end
Average processing time of GrabImageRGBD(): 13.1802ms
Frame 3087 end
Average processing time of GrabImageRGBD(): 13.179ms
Frame 3088 end
Average processing time of GrabImageRGBD(): 13.1778ms
Frame 3089 end
Average processing time of GrabImageRGBD(): 13.1865ms
Frame 3090 end
Average processing time of GrabImageRGBD(): 13.185ms
Frame 3091 end
Average processing time of GrabImageRGBD(): 13.1834ms
Frame 3092 end
Average processing time of GrabImageRGBD(): 13.182ms
Frame 3093 end
Average processing time of GrabImageRGBD(): 13.1815ms
Frame 3094 end
Average processing time of GrabImageRGBD(): 13.1802ms
Frame 3095 end
Average processing time of GrabImageRGBD(): 13.1793ms
Frame 3096 end
Average processing time of GrabImageRGBD(): 13.1776ms
Frame 3097 end
Average processing time of GrabImageRGBD(): 13.1769ms
Frame 3098 end
Average processing time of GrabImageRGBD(): 13.185ms
Frame 3099 end
Average processing time of GrabImageRGBD(): 13.184ms
Frame 3100 end
Average processing time of GrabImageRGBD(): 13.1824ms
Frame 3101 end
Average processing time of GrabImageRGBD(): 13.1811ms
Frame 3102 end
Average processing time of GrabImageRGBD(): 13.18ms
Frame 3103 end
Average processing time of GrabImageRGBD(): 13.1793ms
Frame 3104 end
Average processing time of GrabImageRGBD(): 13.1775ms
Frame 3105 end
Average processing time of GrabImageRGBD(): 13.177ms
Frame 3106 end
Average processing time of GrabImageRGBD(): 13.1765ms
Frame 3107 end
Average processing time of GrabImageRGBD(): 13.1754ms
Frame 3108 end
Average processing time of GrabImageRGBD(): 13.184ms
Frame 3109 end
Average processing time of GrabImageRGBD(): 13.1837ms
Frame 3110 end
Average processing time of GrabImageRGBD(): 13.1831ms
Frame 3111 end
Average processing time of GrabImageRGBD(): 13.1823ms
Frame 3112 end
Average processing time of GrabImageRGBD(): 13.1809ms
Frame 3113 end
Average processing time of GrabImageRGBD(): 13.1793ms
Frame 3114 end
Average processing time of GrabImageRGBD(): 13.1784ms
Frame 3115 end
Average processing time of GrabImageRGBD(): 13.1774ms
Frame 3116 end
Average processing time of GrabImageRGBD(): 13.1763ms
Frame 3117 end
Average processing time of GrabImageRGBD(): 13.1841ms
Frame 3118 end
Average processing time of GrabImageRGBD(): 13.1836ms
Frame 3119 end
Average processing time of GrabImageRGBD(): 13.1827ms
Frame 3120 end
Average processing time of GrabImageRGBD(): 13.1821ms
Frame 3121 end
Average processing time of GrabImageRGBD(): 13.1817ms
Frame 3122 end
Average processing time of GrabImageRGBD(): 13.1804ms
Frame 3123 end
Average processing time of GrabImageRGBD(): 13.179ms
Frame 3124 end
Average processing time of GrabImageRGBD(): 13.1782ms
Frame 3125 end
Average processing time of GrabImageRGBD(): 13.1776ms
Frame 3126 end
Average processing time of GrabImageRGBD(): 13.1855ms
Frame 3127 end
Average processing time of GrabImageRGBD(): 13.1854ms
Frame 3128 end
Average processing time of GrabImageRGBD(): 13.1846ms
Frame 3129 end
Average processing time of GrabImageRGBD(): 13.1838ms
Frame 3130 end
Average processing time of GrabImageRGBD(): 13.183ms
Frame 3131 end
Average processing time of GrabImageRGBD(): 13.182ms
Frame 3132 end
Average processing time of GrabImageRGBD(): 13.1812ms
Frame 3133 end
Average processing time of GrabImageRGBD(): 13.1805ms
Frame 3134 end
Average processing time of GrabImageRGBD(): 13.1795ms
Frame 3135 end
Average processing time of GrabImageRGBD(): 13.1883ms
Frame 3136 end
Average processing time of GrabImageRGBD(): 13.1877ms
Frame 3137 end
Average processing time of GrabImageRGBD(): 13.1871ms
Frame 3138 end
Average processing time of GrabImageRGBD(): 13.1866ms
Frame 3139 end
Average processing time of GrabImageRGBD(): 13.1859ms
Frame 3140 end
Average processing time of GrabImageRGBD(): 13.1853ms
Frame 3141 end
Average processing time of GrabImageRGBD(): 13.1848ms
Frame 3142 end
Average processing time of GrabImageRGBD(): 13.1846ms
Frame 3143 end
Average processing time of GrabImageRGBD(): 13.1839ms
Frame 3144 end
Average processing time of GrabImageRGBD(): 13.1919ms
Frame 3145 end
Average processing time of GrabImageRGBD(): 13.1918ms
Frame 3146 end
Average processing time of GrabImageRGBD(): 13.1909ms
Frame 3147 end
Average processing time of GrabImageRGBD(): 13.1896ms
Frame 3148 end
Average processing time of GrabImageRGBD(): 13.1888ms
Frame 3149 end
Average processing time of GrabImageRGBD(): 13.188ms
Frame 3150 end
Average processing time of GrabImageRGBD(): 13.1855ms
Frame 3151 end
Average processing time of GrabImageRGBD(): 13.1845ms
Frame 3152 end
Average processing time of GrabImageRGBD(): 13.1826ms
Frame 3153 end
Average processing time of GrabImageRGBD(): 13.1904ms
Frame 3154 end
Average processing time of GrabImageRGBD(): 13.1895ms
Frame 3155 end
Average processing time of GrabImageRGBD(): 13.1883ms
Frame 3156 end
Average processing time of GrabImageRGBD(): 13.1873ms
Frame 3157 end
Average processing time of GrabImageRGBD(): 13.1854ms
Frame 3158 end
Average processing time of GrabImageRGBD(): 13.1846ms
Frame 3159 end
Average processing time of GrabImageRGBD(): 13.1845ms
Frame 3160 end
Average processing time of GrabImageRGBD(): 13.1837ms
Frame 3161 end
Average processing time of GrabImageRGBD(): 13.1827ms
Frame 3162 end
Average processing time of GrabImageRGBD(): 13.1821ms
Frame 3163 end
Average processing time of GrabImageRGBD(): 13.1891ms
Frame 3164 end
Average processing time of GrabImageRGBD(): 13.1879ms
Frame 3165 end
Average processing time of GrabImageRGBD(): 13.1867ms
Frame 3166 end
Average processing time of GrabImageRGBD(): 13.1863ms
Frame 3167 end
Average processing time of GrabImageRGBD(): 13.1845ms
Frame 3168 end
Average processing time of GrabImageRGBD(): 13.1831ms
Frame 3169 end
Average processing time of GrabImageRGBD(): 13.1816ms
Frame 3170 end
Average processing time of GrabImageRGBD(): 13.1805ms
Frame 3171 end
Average processing time of GrabImageRGBD(): 13.1795ms
Frame 3172 end
Average processing time of GrabImageRGBD(): 13.1866ms
Frame 3173 end
Average processing time of GrabImageRGBD(): 13.1862ms
Frame 3174 end
Average processing time of GrabImageRGBD(): 13.1853ms
Frame 3175 end
Average processing time of GrabImageRGBD(): 13.185ms
Frame 3176 end
Average processing time of GrabImageRGBD(): 13.184ms
Frame 3177 end
Average processing time of GrabImageRGBD(): 13.1833ms
Frame 3178 end
Average processing time of GrabImageRGBD(): 13.182ms
Frame 3179 end
Average processing time of GrabImageRGBD(): 13.1815ms
Frame 3180 end
Average processing time of GrabImageRGBD(): 13.1805ms
Frame 3181 end
Average processing time of GrabImageRGBD(): 13.1881ms
Frame 3182 end
Average processing time of GrabImageRGBD(): 13.1867ms
Frame 3183 end
Average processing time of GrabImageRGBD(): 13.1854ms
Frame 3184 end
Average processing time of GrabImageRGBD(): 13.1841ms
Frame 3185 end
Average processing time of GrabImageRGBD(): 13.1826ms
Frame 3186 end
Average processing time of GrabImageRGBD(): 13.1812ms
Frame 3187 end
Average processing time of GrabImageRGBD(): 13.1811ms
Frame 3188 end
Average processing time of GrabImageRGBD(): 13.1803ms
Frame 3189 end
Average processing time of GrabImageRGBD(): 13.18ms
Frame 3190 end
Average processing time of GrabImageRGBD(): 13.1795ms
Frame 3191 end
Average processing time of GrabImageRGBD(): 13.1877ms
Frame 3192 end
Average processing time of GrabImageRGBD(): 13.1882ms
Frame 3193 end
Average processing time of GrabImageRGBD(): 13.1878ms
Frame 3194 end
Average processing time of GrabImageRGBD(): 13.1879ms
Frame 3195 end
Average processing time of GrabImageRGBD(): 13.1873ms
Frame 3196 end
Average processing time of GrabImageRGBD(): 13.1867ms
Frame 3197 end
Average processing time of GrabImageRGBD(): 13.1864ms
Frame 3198 end
Average processing time of GrabImageRGBD(): 13.1863ms
Frame 3199 end
Average processing time of GrabImageRGBD(): 13.1856ms
Frame 3200 end
Average processing time of GrabImageRGBD(): 13.1843ms
Frame 3201 end
Average processing time of GrabImageRGBD(): 13.1922ms
Frame 3202 end
Average processing time of GrabImageRGBD(): 13.1921ms
Frame 3203 end
Average processing time of GrabImageRGBD(): 13.1921ms
Frame 3204 end
Average processing time of GrabImageRGBD(): 13.1914ms
Frame 3205 end
Average processing time of GrabImageRGBD(): 13.1897ms
Frame 3206 end
Average processing time of GrabImageRGBD(): 13.1885ms
Frame 3207 end
Average processing time of GrabImageRGBD(): 13.1877ms
Frame 3208 end
Average processing time of GrabImageRGBD(): 13.1857ms
Frame 3209 end
Average processing time of GrabImageRGBD(): 13.185ms
Frame 3210 end
Average processing time of GrabImageRGBD(): 13.1836ms
Frame 3211 end
Average processing time of GrabImageRGBD(): 13.1915ms
Frame 3212 end
Average processing time of GrabImageRGBD(): 13.1905ms
Frame 3213 end
Average processing time of GrabImageRGBD(): 13.1888ms
Frame 3214 end
Average processing time of GrabImageRGBD(): 13.1871ms
Frame 3215 end
Average processing time of GrabImageRGBD(): 13.1865ms
Frame 3216 end
Average processing time of GrabImageRGBD(): 13.1853ms
Frame 3217 end
Average processing time of GrabImageRGBD(): 13.184ms
Frame 3218 end
Average processing time of GrabImageRGBD(): 13.1832ms
Frame 3219 end
Average processing time of GrabImageRGBD(): 13.1817ms
Frame 3220 end
Average processing time of GrabImageRGBD(): 13.1897ms
Frame 3221 end
Average processing time of GrabImageRGBD(): 13.1892ms
Frame 3222 end
Average processing time of GrabImageRGBD(): 13.1891ms
Frame 3223 end
Average processing time of GrabImageRGBD(): 13.1885ms
Frame 3224 end
Average processing time of GrabImageRGBD(): 13.1874ms
Frame 3225 end
Average processing time of GrabImageRGBD(): 13.1859ms
Frame 3226 end
Average processing time of GrabImageRGBD(): 13.1853ms
Frame 3227 end
Average processing time of GrabImageRGBD(): 13.1846ms
Frame 3228 end
Average processing time of GrabImageRGBD(): 13.1838ms
Frame 3229 end
Average processing time of GrabImageRGBD(): 13.1824ms
Frame 3230 end
Average processing time of GrabImageRGBD(): 13.1902ms
Frame 3231 end
Average processing time of GrabImageRGBD(): 13.19ms
Frame 3232 end
Average processing time of GrabImageRGBD(): 13.1892ms
Frame 3233 end
Average processing time of GrabImageRGBD(): 13.1885ms
Frame 3234 end
Average processing time of GrabImageRGBD(): 13.1881ms
Frame 3235 end
Average processing time of GrabImageRGBD(): 13.1874ms
Frame 3236 end
Average processing time of GrabImageRGBD(): 13.1866ms
Frame 3237 end
Average processing time of GrabImageRGBD(): 13.1848ms
Frame 3238 end
Average processing time of GrabImageRGBD(): 13.1921ms
Frame 3239 end
Average processing time of GrabImageRGBD(): 13.191ms
Frame 3240 end
Average processing time of GrabImageRGBD(): 13.19ms
Frame 3241 end
Average processing time of GrabImageRGBD(): 13.1893ms
Frame 3242 end
Average processing time of GrabImageRGBD(): 13.1887ms
Frame 3243 end
Average processing time of GrabImageRGBD(): 13.1882ms
Frame 3244 end
Average processing time of GrabImageRGBD(): 13.1871ms
Frame 3245 end
Average processing time of GrabImageRGBD(): 13.1861ms
Frame 3246 end
Average processing time of GrabImageRGBD(): 13.1844ms
Frame 3247 end
Average processing time of GrabImageRGBD(): 13.1825ms
Frame 3248 end
Average processing time of GrabImageRGBD(): 13.1903ms
Frame 3249 end
Average processing time of GrabImageRGBD(): 13.1899ms
Frame 3250 end
Average processing time of GrabImageRGBD(): 13.1891ms
Frame 3251 end
Average processing time of GrabImageRGBD(): 13.1882ms
Frame 3252 end
Average processing time of GrabImageRGBD(): 13.1868ms
Frame 3253 end
Average processing time of GrabImageRGBD(): 13.1855ms
Frame 3254 end
Average processing time of GrabImageRGBD(): 13.1845ms
Frame 3255 end
Average processing time of GrabImageRGBD(): 13.1841ms
Frame 3256 end
Average processing time of GrabImageRGBD(): 13.1827ms
Frame 3257 end
Average processing time of GrabImageRGBD(): 13.182ms
Frame 3258 end
Average processing time of GrabImageRGBD(): 13.19ms
Frame 3259 end
Average processing time of GrabImageRGBD(): 13.1896ms
Frame 3260 end
Average processing time of GrabImageRGBD(): 13.1885ms
Frame 3261 end
Average processing time of GrabImageRGBD(): 13.1876ms
Frame 3262 end
Average processing time of GrabImageRGBD(): 13.1869ms
Frame 3263 end
Average processing time of GrabImageRGBD(): 13.1862ms
Frame 3264 end
Average processing time of GrabImageRGBD(): 13.1855ms
Frame 3265 end
Average processing time of GrabImageRGBD(): 13.1847ms
Frame 3266 end
Average processing time of GrabImageRGBD(): 13.1836ms
Frame 3267 end
Average processing time of GrabImageRGBD(): 13.1836ms
Frame 3268 end
Average processing time of GrabImageRGBD(): 13.1833ms
Frame 3269 end
Average processing time of GrabImageRGBD(): 13.1916ms
Frame 3270 end
Average processing time of GrabImageRGBD(): 13.1914ms
Frame 3271 end
Average processing time of GrabImageRGBD(): 13.19ms
Frame 3272 end
Average processing time of GrabImageRGBD(): 13.1895ms
Frame 3273 end
Average processing time of GrabImageRGBD(): 13.1887ms
Frame 3274 end
Average processing time of GrabImageRGBD(): 13.1879ms
Frame 3275 end
Average processing time of GrabImageRGBD(): 13.187ms
Frame 3276 end
Average processing time of GrabImageRGBD(): 13.1863ms
Frame 3277 end
Average processing time of GrabImageRGBD(): 13.1852ms
Frame 3278 end
Average processing time of GrabImageRGBD(): 13.1844ms
Frame 3279 end
Average processing time of GrabImageRGBD(): 13.1836ms
Frame 3280 end
Average processing time of GrabImageRGBD(): 13.1827ms
Frame 3281 end
Average processing time of GrabImageRGBD(): 13.1904ms
Frame 3282 end
Average processing time of GrabImageRGBD(): 13.1889ms
Frame 3283 end
Average processing time of GrabImageRGBD(): 13.1879ms
Frame 3284 end
Average processing time of GrabImageRGBD(): 13.187ms
Frame 3285 end
Average processing time of GrabImageRGBD(): 13.1863ms
Frame 3286 end
Average processing time of GrabImageRGBD(): 13.1854ms
Frame 3287 end
Average processing time of GrabImageRGBD(): 13.1844ms
Frame 3288 end
Average processing time of GrabImageRGBD(): 13.1827ms
Frame 3289 end
Average processing time of GrabImageRGBD(): 13.1818ms
Frame 3290 end
Average processing time of GrabImageRGBD(): 13.1896ms
Frame 3291 end
Average processing time of GrabImageRGBD(): 13.189ms
Frame 3292 end
Average processing time of GrabImageRGBD(): 13.1883ms
Frame 3293 end
Average processing time of GrabImageRGBD(): 13.1873ms
Frame 3294 end
Average processing time of GrabImageRGBD(): 13.1864ms
Frame 3295 end
Average processing time of GrabImageRGBD(): 13.1855ms
Frame 3296 end
Average processing time of GrabImageRGBD(): 13.1839ms
Frame 3297 end
Average processing time of GrabImageRGBD(): 13.1829ms
Frame 3298 end
Average processing time of GrabImageRGBD(): 13.1819ms
Frame 3299 end
Average processing time of GrabImageRGBD(): 13.1806ms
Frame 3300 end
Average processing time of GrabImageRGBD(): 13.1799ms
Frame 3301 end
Average processing time of GrabImageRGBD(): 13.179ms
Frame 3302 end
Average processing time of GrabImageRGBD(): 13.1785ms
Frame 3303 end
Average processing time of GrabImageRGBD(): 13.1857ms
Frame 3304 end
Average processing time of GrabImageRGBD(): 13.1852ms
Frame 3305 end
Average processing time of GrabImageRGBD(): 13.1838ms
Frame 3306 end
Average processing time of GrabImageRGBD(): 13.1818ms
Frame 3307 end
Average processing time of GrabImageRGBD(): 13.1812ms
Frame 3308 end
Average processing time of GrabImageRGBD(): 13.1804ms
Frame 3309 end
Average processing time of GrabImageRGBD(): 13.1796ms
Frame 3310 end
Average processing time of GrabImageRGBD(): 13.1792ms
Frame 3311 end
Average processing time of GrabImageRGBD(): 13.1783ms
Frame 3312 end
Average processing time of GrabImageRGBD(): 13.1779ms
Frame 3313 end
Average processing time of GrabImageRGBD(): 13.1766ms
Frame 3314 end
Average processing time of GrabImageRGBD(): 13.1757ms
Frame 3315 end
Average processing time of GrabImageRGBD(): 13.1868ms
Frame 3316 end
Average processing time of GrabImageRGBD(): 13.1866ms
Frame 3317 end
Average processing time of GrabImageRGBD(): 13.185ms
Frame 3318 end
Average processing time of GrabImageRGBD(): 13.1844ms
Frame 3319 end
Average processing time of GrabImageRGBD(): 13.1837ms
Frame 3320 end
Average processing time of GrabImageRGBD(): 13.1828ms
Frame 3321 end
Average processing time of GrabImageRGBD(): 13.182ms
Frame 3322 end
Average processing time of GrabImageRGBD(): 13.1803ms
Frame 3323 end
Average processing time of GrabImageRGBD(): 13.1796ms
Frame 3324 end
Average processing time of GrabImageRGBD(): 13.1797ms
Frame 3325 end
Average processing time of GrabImageRGBD(): 13.1789ms
Frame 3326 end
Average processing time of GrabImageRGBD(): 13.1789ms
Frame 3327 end
Average processing time of GrabImageRGBD(): 13.1867ms
Frame 3328 end
Average processing time of GrabImageRGBD(): 13.1862ms
Frame 3329 end
Average processing time of GrabImageRGBD(): 13.1855ms
Frame 3330 end
Average processing time of GrabImageRGBD(): 13.1843ms
Frame 3331 end
Average processing time of GrabImageRGBD(): 13.184ms
Frame 3332 end
Average processing time of GrabImageRGBD(): 13.1837ms
Frame 3333 end
Average processing time of GrabImageRGBD(): 13.1826ms
Frame 3334 end
Average processing time of GrabImageRGBD(): 13.1816ms
Frame 3335 end
Average processing time of GrabImageRGBD(): 13.1807ms
Frame 3336 end
Average processing time of GrabImageRGBD(): 13.1794ms
Frame 3337 end
Average processing time of GrabImageRGBD(): 13.1786ms
Frame 3338 end
Average processing time of GrabImageRGBD(): 13.1781ms
Frame 3339 end
Average processing time of GrabImageRGBD(): 13.1762ms
Frame 3340 end
Average processing time of GrabImageRGBD(): 13.1843ms
Frame 3341 end
Average processing time of GrabImageRGBD(): 13.1838ms
Frame 3342 end
Average processing time of GrabImageRGBD(): 13.183ms
Frame 3343 end
Average processing time of GrabImageRGBD(): 13.1823ms
Frame 3344 end
Average processing time of GrabImageRGBD(): 13.1817ms
Frame 3345 end
Average processing time of GrabImageRGBD(): 13.1814ms
Frame 3346 end
Average processing time of GrabImageRGBD(): 13.1807ms
Frame 3347 end
Average processing time of GrabImageRGBD(): 13.1803ms
Frame 3348 end
Average processing time of GrabImageRGBD(): 13.1796ms
Frame 3349 end
Average processing time of GrabImageRGBD(): 13.1787ms
Frame 3350 end
Average processing time of GrabImageRGBD(): 13.1781ms
Frame 3351 end
Average processing time of GrabImageRGBD(): 13.1773ms
Frame 3352 end
Average processing time of GrabImageRGBD(): 13.1765ms
Frame 3353 end
Average processing time of GrabImageRGBD(): 13.1841ms
Frame 3354 end
Average processing time of GrabImageRGBD(): 13.1833ms
Frame 3355 end
Average processing time of GrabImageRGBD(): 13.1821ms
Frame 3356 end
Average processing time of GrabImageRGBD(): 13.1818ms
Frame 3357 end
Average processing time of GrabImageRGBD(): 13.1809ms
Frame 3358 end
Average processing time of GrabImageRGBD(): 13.1799ms
Frame 3359 end
Average processing time of GrabImageRGBD(): 13.1793ms
Frame 3360 end
Average processing time of GrabImageRGBD(): 13.1786ms
Frame 3361 end
Average processing time of GrabImageRGBD(): 13.1778ms
Frame 3362 end
Average processing time of GrabImageRGBD(): 13.1766ms
Frame 3363 end
Average processing time of GrabImageRGBD(): 13.1757ms
Frame 3364 end
Average processing time of GrabImageRGBD(): 13.1749ms
Frame 3365 end
Average processing time of GrabImageRGBD(): 13.1743ms
Frame 3366 end
Average processing time of GrabImageRGBD(): 13.1736ms
Frame 3367 end
Average processing time of GrabImageRGBD(): 13.1725ms
Frame 3368 end
Average processing time of GrabImageRGBD(): 13.1805ms
Frame 3369 end
Average processing time of GrabImageRGBD(): 13.1806ms
Frame 3370 end
Average processing time of GrabImageRGBD(): 13.18ms
Frame 3371 end
Average processing time of GrabImageRGBD(): 13.1794ms
Frame 3372 end
Average processing time of GrabImageRGBD(): 13.1787ms
Frame 3373 end
Average processing time of GrabImageRGBD(): 13.1778ms
Frame 3374 end
Average processing time of GrabImageRGBD(): 13.1764ms
Frame 3375 end
Average processing time of GrabImageRGBD(): 13.1756ms
Frame 3376 end
Average processing time of GrabImageRGBD(): 13.1747ms
Frame 3377 end
Average processing time of GrabImageRGBD(): 13.1732ms
Frame 3378 end
Average processing time of GrabImageRGBD(): 13.1716ms
Frame 3379 end
Average processing time of GrabImageRGBD(): 13.1798ms
Frame 3380 end
Average processing time of GrabImageRGBD(): 13.1796ms
Frame 3381 end
Average processing time of GrabImageRGBD(): 13.1778ms
Frame 3382 end
Average processing time of GrabImageRGBD(): 13.1771ms
Frame 3383 end
Average processing time of GrabImageRGBD(): 13.1855ms
Frame 3384 end
Average processing time of GrabImageRGBD(): 13.1853ms
Frame 3385 end
Average processing time of GrabImageRGBD(): 13.1841ms
Frame 3386 end
Average processing time of GrabImageRGBD(): 13.1836ms
Frame 3387 end
Average processing time of GrabImageRGBD(): 13.1829ms
Frame 3388 end
Average processing time of GrabImageRGBD(): 13.1817ms
Frame 3389 end
Average processing time of GrabImageRGBD(): 13.181ms
Frame 3390 end
Average processing time of GrabImageRGBD(): 13.1808ms
Frame 3391 end
Average processing time of GrabImageRGBD(): 13.1894ms
Frame 3392 end
Average processing time of GrabImageRGBD(): 13.1892ms
Frame 3393 end
Average processing time of GrabImageRGBD(): 13.1887ms
Frame 3394 end
Average processing time of GrabImageRGBD(): 13.1881ms
Frame 3395 end
Average processing time of GrabImageRGBD(): 13.1877ms
Frame 3396 end
Average processing time of GrabImageRGBD(): 13.187ms
Frame 3397 end
Average processing time of GrabImageRGBD(): 13.1862ms
Frame 3398 end
Average processing time of GrabImageRGBD(): 13.1854ms
Frame 3399 end
Average processing time of GrabImageRGBD(): 13.1846ms
Frame 3400 end
Average processing time of GrabImageRGBD(): 13.1842ms
Frame 3401 end
Average processing time of GrabImageRGBD(): 13.1834ms
Frame 3402 end
Average processing time of GrabImageRGBD(): 13.1826ms
Frame 3403 end
Average processing time of GrabImageRGBD(): 13.1819ms
Frame 3404 end
Average processing time of GrabImageRGBD(): 13.1812ms
Frame 3405 end
Average processing time of GrabImageRGBD(): 13.1904ms
Frame 3406 end
Average processing time of GrabImageRGBD(): 13.1899ms
Frame 3407 end
Average processing time of GrabImageRGBD(): 13.1892ms
Frame 3408 end
Average processing time of GrabImageRGBD(): 13.1874ms
Frame 3409 end
Average processing time of GrabImageRGBD(): 13.1866ms
Frame 3410 end
Average processing time of GrabImageRGBD(): 13.1858ms
Frame 3411 end
Average processing time of GrabImageRGBD(): 13.185ms
Frame 3412 end
Average processing time of GrabImageRGBD(): 13.1843ms
Frame 3413 end
Average processing time of GrabImageRGBD(): 13.1837ms
Frame 3414 end
Average processing time of GrabImageRGBD(): 13.1822ms
Frame 3415 end
Average processing time of GrabImageRGBD(): 13.1815ms
Frame 3416 end
Average processing time of GrabImageRGBD(): 13.181ms
Frame 3417 end
Average processing time of GrabImageRGBD(): 13.1794ms
Frame 3418 end
Average processing time of GrabImageRGBD(): 13.1783ms
Frame 3419 end
Average processing time of GrabImageRGBD(): 13.1775ms
Frame 3420 end
Average processing time of GrabImageRGBD(): 13.1764ms
Frame 3421 end
Average processing time of GrabImageRGBD(): 13.1848ms
Frame 3422 end
Average processing time of GrabImageRGBD(): 13.1841ms
Frame 3423 end
Average processing time of GrabImageRGBD(): 13.1834ms
Frame 3424 end
Average processing time of GrabImageRGBD(): 13.1826ms
Frame 3425 end
Average processing time of GrabImageRGBD(): 13.182ms
Frame 3426 end
Average processing time of GrabImageRGBD(): 13.1812ms
Frame 3427 end
Average processing time of GrabImageRGBD(): 13.1804ms
Frame 3428 end
Average processing time of GrabImageRGBD(): 13.1787ms
Frame 3429 end
Average processing time of GrabImageRGBD(): 13.1776ms
Frame 3430 end
Average processing time of GrabImageRGBD(): 13.1853ms
Frame 3431 end
Average processing time of GrabImageRGBD(): 13.1946ms
Frame 3432 end
Average processing time of GrabImageRGBD(): 13.2036ms
Frame 3433 end
Average processing time of GrabImageRGBD(): 13.2032ms
Frame 3434 end
Average processing time of GrabImageRGBD(): 13.202ms
Frame 3435 end
Average processing time of GrabImageRGBD(): 13.2014ms
Frame 3436 end
Average processing time of GrabImageRGBD(): 13.2006ms
Frame 3437 end
Average processing time of GrabImageRGBD(): 13.1999ms
Frame 3438 end
Average processing time of GrabImageRGBD(): 13.1992ms
Frame 3439 end
Average processing time of GrabImageRGBD(): 13.1983ms
Frame 3440 end
Average processing time of GrabImageRGBD(): 13.1976ms
Frame 3441 end
Average processing time of GrabImageRGBD(): 13.197ms
Frame 3442 end
Average processing time of GrabImageRGBD(): 13.1963ms
Frame 3443 end
Average processing time of GrabImageRGBD(): 13.2046ms
Frame 3444 end
Average processing time of GrabImageRGBD(): 13.2141ms
Frame 3445 end
Average processing time of GrabImageRGBD(): 13.2138ms
Frame 3446 end
Average processing time of GrabImageRGBD(): 13.2132ms
Frame 3447 end
Average processing time of GrabImageRGBD(): 13.2126ms
Frame 3448 end
Average processing time of GrabImageRGBD(): 13.2119ms
Frame 3449 end
Average processing time of GrabImageRGBD(): 13.2102ms
Frame 3450 end
Average processing time of GrabImageRGBD(): 13.2097ms
Frame 3451 end
Average processing time of GrabImageRGBD(): 13.2184ms
Frame 3452 end
Average processing time of GrabImageRGBD(): 13.2181ms
Frame 3453 end
Average processing time of GrabImageRGBD(): 13.2176ms
Frame 3454 end
Average processing time of GrabImageRGBD(): 13.217ms
Frame 3455 end
Average processing time of GrabImageRGBD(): 13.2165ms
Frame 3456 end
Average processing time of GrabImageRGBD(): 13.2161ms
Frame 3457 end
Average processing time of GrabImageRGBD(): 13.2153ms
Frame 3458 end
Average processing time of GrabImageRGBD(): 13.2151ms
Frame 3459 end
Average processing time of GrabImageRGBD(): 13.2141ms
Frame 3460 end
Average processing time of GrabImageRGBD(): 13.2133ms
Frame 3461 end
Average processing time of GrabImageRGBD(): 13.2119ms
Frame 3462 end
Average processing time of GrabImageRGBD(): 13.2111ms
Frame 3463 end
Average processing time of GrabImageRGBD(): 13.2105ms
Frame 3464 end
Average processing time of GrabImageRGBD(): 13.2099ms
Frame 3465 end
Average processing time of GrabImageRGBD(): 13.2092ms
Frame 3466 end
Average processing time of GrabImageRGBD(): 13.2084ms
Frame 3467 end
Average processing time of GrabImageRGBD(): 13.2076ms
Frame 3468 end
Average processing time of GrabImageRGBD(): 13.206ms
Frame 3469 end
Average processing time of GrabImageRGBD(): 13.2052ms
Frame 3470 end
Average processing time of GrabImageRGBD(): 13.2043ms
Frame 3471 end
Average processing time of GrabImageRGBD(): 13.2123ms
Frame 3472 end
Average processing time of GrabImageRGBD(): 13.2116ms
Frame 3473 end
Average processing time of GrabImageRGBD(): 13.2111ms
Frame 3474 end
Average processing time of GrabImageRGBD(): 13.2103ms
Frame 3475 end
Average processing time of GrabImageRGBD(): 13.2097ms
Frame 3476 end
Average processing time of GrabImageRGBD(): 13.2094ms
Frame 3477 end
Average processing time of GrabImageRGBD(): 13.2179ms
Frame 3478 end
Average processing time of GrabImageRGBD(): 13.2181ms
Frame 3479 end
Average processing time of GrabImageRGBD(): 13.2178ms
Frame 3480 end
Average processing time of GrabImageRGBD(): 13.2169ms
Frame 3481 end
Average processing time of GrabImageRGBD(): 13.2165ms
Frame 3482 end
Average processing time of GrabImageRGBD(): 13.2258ms
Frame 3483 end
Average processing time of GrabImageRGBD(): 13.226ms
Frame 3484 end
Average processing time of GrabImageRGBD(): 13.2345ms
Frame 3485 end
Average processing time of GrabImageRGBD(): 13.2349ms
Frame 3486 end
Average processing time of GrabImageRGBD(): 13.233ms
Frame 3487 end
Average processing time of GrabImageRGBD(): 13.2316ms
Frame 3488 end
Average processing time of GrabImageRGBD(): 13.2309ms
Frame 3489 end
Average processing time of GrabImageRGBD(): 13.2301ms
Frame 3490 end
Average processing time of GrabImageRGBD(): 13.2292ms
Frame 3491 end
Average processing time of GrabImageRGBD(): 13.2284ms
Frame 3492 end
Average processing time of GrabImageRGBD(): 13.2277ms
Frame 3493 end
Average processing time of GrabImageRGBD(): 13.2272ms
Frame 3494 end
Average processing time of GrabImageRGBD(): 13.227ms
Frame 3495 end
Average processing time of GrabImageRGBD(): 13.2263ms
Frame 3496 end
Average processing time of GrabImageRGBD(): 13.2347ms
Frame 3497 end
Average processing time of GrabImageRGBD(): 13.2347ms
Frame 3498 end
Average processing time of GrabImageRGBD(): 13.2328ms
Frame 3499 end
Average processing time of GrabImageRGBD(): 13.2408ms
Frame 3500 end
Average processing time of GrabImageRGBD(): 13.2406ms
Frame 3501 end
Average processing time of GrabImageRGBD(): 13.2401ms
Frame 3502 end
Average processing time of GrabImageRGBD(): 13.2479ms
Frame 3503 end
Average processing time of GrabImageRGBD(): 13.2479ms
Frame 3504 end
Average processing time of GrabImageRGBD(): 13.2474ms
Frame 3505 end
Average processing time of GrabImageRGBD(): 13.2463ms
Frame 3506 end
Average processing time of GrabImageRGBD(): 13.246ms
Frame 3507 end
Average processing time of GrabImageRGBD(): 13.245ms
Frame 3508 end
Average processing time of GrabImageRGBD(): 13.2444ms
Frame 3509 end
Average processing time of GrabImageRGBD(): 13.2444ms
Frame 3510 end
Average processing time of GrabImageRGBD(): 13.2425ms
Frame 3511 end
Average processing time of GrabImageRGBD(): 13.2406ms
Frame 3512 end
Average processing time of GrabImageRGBD(): 13.2381ms
Frame 3513 end
Average processing time of GrabImageRGBD(): 13.2362ms
Frame 3514 end
Average processing time of GrabImageRGBD(): 13.2343ms
Frame 3515 end
Average processing time of GrabImageRGBD(): 13.2333ms
Frame 3516 end
Average processing time of GrabImageRGBD(): 13.2314ms
Frame 3517 end
Average processing time of GrabImageRGBD(): 13.2289ms
Frame 3518 end
Average processing time of GrabImageRGBD(): 13.2261ms
Frame 3519 end
Average processing time of GrabImageRGBD(): 13.224ms
Frame 3520 end
Average processing time of GrabImageRGBD(): 13.2348ms
Frame 3521 end
Average processing time of GrabImageRGBD(): 13.2327ms
Frame 3522 end
Average processing time of GrabImageRGBD(): 13.2298ms
Frame 3523 end
Average processing time of GrabImageRGBD(): 13.2292ms
Frame 3524 end
Average processing time of GrabImageRGBD(): 13.2284ms
Frame 3525 end
Average processing time of GrabImageRGBD(): 13.2278ms
Frame 3526 end
Average processing time of GrabImageRGBD(): 13.2273ms
Frame 3527 end
Average processing time of GrabImageRGBD(): 13.2271ms
Frame 3528 end
Average processing time of GrabImageRGBD(): 13.2268ms
Frame 3529 end
Average processing time of GrabImageRGBD(): 13.2261ms
Frame 3530 end
Average processing time of GrabImageRGBD(): 13.2258ms
Frame 3531 end
Average processing time of GrabImageRGBD(): 13.2252ms
Frame 3532 end
Average processing time of GrabImageRGBD(): 13.2251ms
Frame 3533 end
Average processing time of GrabImageRGBD(): 13.2246ms
Frame 3534 end
Average processing time of GrabImageRGBD(): 13.2348ms
Frame 3535 end
Average processing time of GrabImageRGBD(): 13.2348ms
Frame 3536 end
Average processing time of GrabImageRGBD(): 13.2334ms
Frame 3537 end
Average processing time of GrabImageRGBD(): 13.2423ms
Frame 3538 end
Average processing time of GrabImageRGBD(): 13.2421ms
Frame 3539 end
Average processing time of GrabImageRGBD(): 13.2514ms
Frame 3540 end
Average processing time of GrabImageRGBD(): 13.2512ms
Frame 3541 end
Average processing time of GrabImageRGBD(): 13.2502ms
Frame 3542 end
Average processing time of GrabImageRGBD(): 13.2495ms
Frame 3543 end
Average processing time of GrabImageRGBD(): 13.2493ms
Frame 3544 end
Average processing time of GrabImageRGBD(): 13.2488ms
Frame 3545 end
Average processing time of GrabImageRGBD(): 13.2484ms
Frame 3546 end
Average processing time of GrabImageRGBD(): 13.2477ms
Frame 3547 end
Average processing time of GrabImageRGBD(): 13.2473ms
Frame 3548 end
Average processing time of GrabImageRGBD(): 13.2465ms
Frame 3549 end
Average processing time of GrabImageRGBD(): 13.2554ms
Frame 3550 end
Average processing time of GrabImageRGBD(): 13.2557ms
Frame 3551 end
Average processing time of GrabImageRGBD(): 13.2569ms
Frame 3552 end
Average processing time of GrabImageRGBD(): 13.2561ms
Frame 3553 end
Average processing time of GrabImageRGBD(): 13.2556ms
Frame 3554 end
Average processing time of GrabImageRGBD(): 13.255ms
Frame 3555 end
Average processing time of GrabImageRGBD(): 13.2537ms
Frame 3556 end
Average processing time of GrabImageRGBD(): 13.2523ms
Frame 3557 end
Average processing time of GrabImageRGBD(): 13.2516ms
Frame 3558 end
Average processing time of GrabImageRGBD(): 13.2513ms
Frame 3559 end
Average processing time of GrabImageRGBD(): 13.2618ms
Frame 3560 end
Average processing time of GrabImageRGBD(): 13.2618ms
Frame 3561 end
Average processing time of GrabImageRGBD(): 13.2609ms
Frame 3562 end
Average processing time of GrabImageRGBD(): 13.2598ms
Frame 3563 end
Average processing time of GrabImageRGBD(): 13.2589ms
Frame 3564 end
Average processing time of GrabImageRGBD(): 13.2585ms
Frame 3565 end
Average processing time of GrabImageRGBD(): 13.2581ms
Frame 3566 end
Average processing time of GrabImageRGBD(): 13.2576ms
Frame 3567 end
Average processing time of GrabImageRGBD(): 13.2572ms
Frame 3568 end
Average processing time of GrabImageRGBD(): 13.2566ms
Frame 3569 end
Average processing time of GrabImageRGBD(): 13.2565ms
Frame 3570 end
Average processing time of GrabImageRGBD(): 13.2653ms
Frame 3571 end
Average processing time of GrabImageRGBD(): 13.2656ms
Frame 3572 end
Average processing time of GrabImageRGBD(): 13.275ms
Frame 3573 end
Average processing time of GrabImageRGBD(): 13.2752ms
Frame 3574 end
Average processing time of GrabImageRGBD(): 13.2748ms
Frame 3575 end
Average processing time of GrabImageRGBD(): 13.2742ms
Frame 3576 end
Average processing time of GrabImageRGBD(): 13.2736ms
Frame 3577 end
Average processing time of GrabImageRGBD(): 13.273ms
Frame 3578 end
Average processing time of GrabImageRGBD(): 13.2728ms
Frame 3579 end
Average processing time of GrabImageRGBD(): 13.2723ms
Frame 3580 end
Average processing time of GrabImageRGBD(): 13.2722ms
Frame 3581 end
Average processing time of GrabImageRGBD(): 13.2716ms
Frame 3582 end
Average processing time of GrabImageRGBD(): 13.2711ms
Frame 3583 end
Average processing time of GrabImageRGBD(): 13.2707ms
Frame 3584 end
Average processing time of GrabImageRGBD(): 13.2704ms
Frame 3585 end
Average processing time of GrabImageRGBD(): 13.2701ms
Frame 3586 end
Average processing time of GrabImageRGBD(): 13.2696ms
Frame 3587 end
Average processing time of GrabImageRGBD(): 13.2695ms
Frame 3588 end
Average processing time of GrabImageRGBD(): 13.2692ms
Frame 3589 end
Average processing time of GrabImageRGBD(): 13.2688ms
Frame 3590 end
Average processing time of GrabImageRGBD(): 13.2687ms
Frame 3591 end
Average processing time of GrabImageRGBD(): 13.2684ms
Frame 3592 end
Average processing time of GrabImageRGBD(): 13.2683ms
Frame 3593 end
Average processing time of GrabImageRGBD(): 13.2679ms
Frame 3594 end
Average processing time of GrabImageRGBD(): 13.2679ms
Frame 3595 end
Average processing time of GrabImageRGBD(): 13.2678ms
Frame 3596 end
Average processing time of GrabImageRGBD(): 13.2677ms
Frame 3597 end
Average processing time of GrabImageRGBD(): 13.2673ms
Frame 3598 end
Average processing time of GrabImageRGBD(): 13.2759ms
Frame 3599 end
Average processing time of GrabImageRGBD(): 13.276ms
Frame 3600 end
Average processing time of GrabImageRGBD(): 13.2754ms
Frame 3601 end
Average processing time of GrabImageRGBD(): 13.2746ms
Frame 3602 end
Average processing time of GrabImageRGBD(): 13.2742ms
Frame 3603 end
Average processing time of GrabImageRGBD(): 13.2728ms
Frame 3604 end
Average processing time of GrabImageRGBD(): 13.2716ms
Frame 3605 end
Average processing time of GrabImageRGBD(): 13.271ms
Frame 3606 end
Average processing time of GrabImageRGBD(): 13.2702ms
Frame 3607 end
Average processing time of GrabImageRGBD(): 13.2695ms
Frame 3608 end
Average processing time of GrabImageRGBD(): 13.2689ms
Frame 3609 end
Average processing time of GrabImageRGBD(): 13.2681ms
Frame 3610 end
Average processing time of GrabImageRGBD(): 13.2668ms
Frame 3611 end
Average processing time of GrabImageRGBD(): 13.2661ms
Frame 3612 end
Average processing time of GrabImageRGBD(): 13.2654ms
Frame 3613 end
Average processing time of GrabImageRGBD(): 13.2648ms
Frame 3614 end
Average processing time of GrabImageRGBD(): 13.2642ms
Frame 3615 end
Average processing time of GrabImageRGBD(): 13.2635ms
Frame 3616 end
Average processing time of GrabImageRGBD(): 13.2631ms
Frame 3617 end
Average processing time of GrabImageRGBD(): 13.2623ms
Frame 3618 end
Average processing time of GrabImageRGBD(): 13.2616ms
Frame 3619 end
Average processing time of GrabImageRGBD(): 13.2602ms
Frame 3620 end
Average processing time of GrabImageRGBD(): 13.2594ms
Frame 3621 end
Average processing time of GrabImageRGBD(): 13.2676ms
Frame 3622 end
Average processing time of GrabImageRGBD(): 13.2675ms
Frame 3623 end
Average processing time of GrabImageRGBD(): 13.2662ms
Frame 3624 end
Average processing time of GrabImageRGBD(): 13.2657ms
Frame 3625 end
Average processing time of GrabImageRGBD(): 13.2641ms
Frame 3626 end
Average processing time of GrabImageRGBD(): 13.2635ms
Frame 3627 end
Average processing time of GrabImageRGBD(): 13.2627ms
Frame 3628 end
Average processing time of GrabImageRGBD(): 13.2611ms
Frame 3629 end
Average processing time of GrabImageRGBD(): 13.2605ms
Frame 3630 end
Average processing time of GrabImageRGBD(): 13.2596ms
Frame 3631 end
Average processing time of GrabImageRGBD(): 13.2592ms
Frame 3632 end
Average processing time of GrabImageRGBD(): 13.2579ms
Frame 3633 end
Average processing time of GrabImageRGBD(): 13.2574ms
Frame 3634 end
Average processing time of GrabImageRGBD(): 13.2569ms
Frame 3635 end
Average processing time of GrabImageRGBD(): 13.2563ms
Frame 3636 end
Average processing time of GrabImageRGBD(): 13.2556ms
Frame 3637 end
Average processing time of GrabImageRGBD(): 13.255ms
Frame 3638 end
Average processing time of GrabImageRGBD(): 13.2545ms
Frame 3639 end
Average processing time of GrabImageRGBD(): 13.2533ms
Frame 3640 end
Average processing time of GrabImageRGBD(): 13.2527ms
Frame 3641 end
Average processing time of GrabImageRGBD(): 13.2519ms
Frame 3642 end
Average processing time of GrabImageRGBD(): 13.2513ms
Frame 3643 end
Average processing time of GrabImageRGBD(): 13.2507ms
Frame 3644 end
Average processing time of GrabImageRGBD(): 13.2507ms
Frame 3645 end
Average processing time of GrabImageRGBD(): 13.2492ms
Frame 3646 end
Average processing time of GrabImageRGBD(): 13.2484ms
Frame 3647 end
Average processing time of GrabImageRGBD(): 13.2566ms
Frame 3648 end
Average processing time of GrabImageRGBD(): 13.2565ms
Frame 3649 end
Average processing time of GrabImageRGBD(): 13.2558ms
Frame 3650 end
Average processing time of GrabImageRGBD(): 13.2551ms
Frame 3651 end
Average processing time of GrabImageRGBD(): 13.2545ms
Frame 3652 end
Average processing time of GrabImageRGBD(): 13.254ms
Frame 3653 end
Average processing time of GrabImageRGBD(): 13.2535ms
Frame 3654 end
Average processing time of GrabImageRGBD(): 13.2527ms
Frame 3655 end
Average processing time of GrabImageRGBD(): 13.2522ms
Frame 3656 end
Average processing time of GrabImageRGBD(): 13.2515ms
Frame 3657 end
Average processing time of GrabImageRGBD(): 13.2509ms
Frame 3658 end
Average processing time of GrabImageRGBD(): 13.2497ms
Frame 3659 end
Average processing time of GrabImageRGBD(): 13.2491ms
Frame 3660 end
Average processing time of GrabImageRGBD(): 13.249ms
Frame 3661 end
Average processing time of GrabImageRGBD(): 13.2486ms
Frame 3662 end
Average processing time of GrabImageRGBD(): 13.2479ms
Frame 3663 end
Average processing time of GrabImageRGBD(): 13.2475ms
Frame 3664 end
Average processing time of GrabImageRGBD(): 13.247ms
Frame 3665 end
Average processing time of GrabImageRGBD(): 13.2468ms
Frame 3666 end
Average processing time of GrabImageRGBD(): 13.2463ms
Frame 3667 end
Average processing time of GrabImageRGBD(): 13.2458ms
Frame 3668 end
Average processing time of GrabImageRGBD(): 13.2453ms
Frame 3669 end
Average processing time of GrabImageRGBD(): 13.2448ms
Frame 3670 end
Average processing time of GrabImageRGBD(): 13.244ms
Frame 3671 end
Average processing time of GrabImageRGBD(): 13.2433ms
Frame 3672 end
Average processing time of GrabImageRGBD(): 13.2519ms
Frame 3673 end
Average processing time of GrabImageRGBD(): 13.2519ms
Frame 3674 end
Average processing time of GrabImageRGBD(): 13.2515ms
Frame 3675 end
Average processing time of GrabImageRGBD(): 13.2511ms
Frame 3676 end
Average processing time of GrabImageRGBD(): 13.2503ms
Frame 3677 end
Average processing time of GrabImageRGBD(): 13.2498ms
Frame 3678 end
Average processing time of GrabImageRGBD(): 13.2484ms
Frame 3679 end
Average processing time of GrabImageRGBD(): 13.2476ms
Frame 3680 end
Average processing time of GrabImageRGBD(): 13.2472ms
Frame 3681 end
Average processing time of GrabImageRGBD(): 13.2466ms
Frame 3682 end
Average processing time of GrabImageRGBD(): 13.2461ms
Frame 3683 end
Average processing time of GrabImageRGBD(): 13.2447ms
Frame 3684 end
Average processing time of GrabImageRGBD(): 13.2447ms
Frame 3685 end
Average processing time of GrabImageRGBD(): 13.2442ms
Frame 3686 end
Average processing time of GrabImageRGBD(): 13.2437ms
Frame 3687 end
Average processing time of GrabImageRGBD(): 13.2429ms
Frame 3688 end
Average processing time of GrabImageRGBD(): 13.2425ms
Frame 3689 end
Average processing time of GrabImageRGBD(): 13.2421ms
Frame 3690 end
Average processing time of GrabImageRGBD(): 13.2414ms
Frame 3691 end
Average processing time of GrabImageRGBD(): 13.2406ms
Frame 3692 end
Average processing time of GrabImageRGBD(): 13.2404ms
Frame 3693 end
Average processing time of GrabImageRGBD(): 13.2398ms
Frame 3694 end
Average processing time of GrabImageRGBD(): 13.2393ms
Frame 3695 end
Average processing time of GrabImageRGBD(): 13.2479ms
Frame 3696 end
Average processing time of GrabImageRGBD(): 13.2476ms
Frame 3697 end
Average processing time of GrabImageRGBD(): 13.2471ms
Frame 3698 end
Average processing time of GrabImageRGBD(): 13.2465ms
Frame 3699 end
Average processing time of GrabImageRGBD(): 13.246ms
Frame 3700 end
Average processing time of GrabImageRGBD(): 13.2454ms
Frame 3701 end
Average processing time of GrabImageRGBD(): 13.2441ms
Frame 3702 end
Average processing time of GrabImageRGBD(): 13.2427ms
Frame 3703 end
Average processing time of GrabImageRGBD(): 13.2426ms
Frame 3704 end
Average processing time of GrabImageRGBD(): 13.2422ms
Frame 3705 end
Average processing time of GrabImageRGBD(): 13.2414ms
Frame 3706 end
Average processing time of GrabImageRGBD(): 13.2412ms
Frame 3707 end
Average processing time of GrabImageRGBD(): 13.2411ms
Frame 3708 end
Average processing time of GrabImageRGBD(): 13.2409ms
Frame 3709 end
Average processing time of GrabImageRGBD(): 13.2408ms
Frame 3710 end
Average processing time of GrabImageRGBD(): 13.2407ms
Frame 3711 end
Average processing time of GrabImageRGBD(): 13.2405ms
Frame 3712 end
Average processing time of GrabImageRGBD(): 13.2397ms
Frame 3713 end
Average processing time of GrabImageRGBD(): 13.2397ms
Frame 3714 end
Average processing time of GrabImageRGBD(): 13.2392ms
Frame 3715 end
Average processing time of GrabImageRGBD(): 13.2384ms
Frame 3716 end
Average processing time of GrabImageRGBD(): 13.2377ms
Frame 3717 end
Average processing time of GrabImageRGBD(): 13.2374ms
Frame 3718 end
Average processing time of GrabImageRGBD(): 13.2456ms
Frame 3719 end
Average processing time of GrabImageRGBD(): 13.2455ms
Frame 3720 end
Average processing time of GrabImageRGBD(): 13.2451ms
Frame 3721 end
Average processing time of GrabImageRGBD(): 13.2447ms
Frame 3722 end
Average processing time of GrabImageRGBD(): 13.243ms
Frame 3723 end
Average processing time of GrabImageRGBD(): 13.2426ms
Frame 3724 end
Average processing time of GrabImageRGBD(): 13.2427ms
Frame 3725 end
Average processing time of GrabImageRGBD(): 13.2424ms
Frame 3726 end
Average processing time of GrabImageRGBD(): 13.2416ms
Frame 3727 end
Average processing time of GrabImageRGBD(): 13.2404ms
Frame 3728 end
Average processing time of GrabImageRGBD(): 13.2401ms
Frame 3729 end
Average processing time of GrabImageRGBD(): 13.2397ms
Frame 3730 end
Average processing time of GrabImageRGBD(): 13.2383ms
Frame 3731 end
Average processing time of GrabImageRGBD(): 13.2379ms
Frame 3732 end
Average processing time of GrabImageRGBD(): 13.2377ms
Frame 3733 end
Average processing time of GrabImageRGBD(): 13.2372ms
Frame 3734 end
Average processing time of GrabImageRGBD(): 13.2369ms
Frame 3735 end
Average processing time of GrabImageRGBD(): 13.2366ms
Frame 3736 end
Average processing time of GrabImageRGBD(): 13.2351ms
Frame 3737 end
Average processing time of GrabImageRGBD(): 13.2344ms
Frame 3738 end
Average processing time of GrabImageRGBD(): 13.2336ms
Frame 3739 end
Average processing time of GrabImageRGBD(): 13.2334ms
Frame 3740 end
Average processing time of GrabImageRGBD(): 13.2327ms
Frame 3741 end
Average processing time of GrabImageRGBD(): 13.2331ms
Frame 3742 end
Average processing time of GrabImageRGBD(): 13.2326ms
Frame 3743 end
Average processing time of GrabImageRGBD(): 13.2409ms
Frame 3744 end
Average processing time of GrabImageRGBD(): 13.2409ms
Frame 3745 end
Average processing time of GrabImageRGBD(): 13.2404ms
Frame 3746 end
Average processing time of GrabImageRGBD(): 13.2398ms
Frame 3747 end
Average processing time of GrabImageRGBD(): 13.2392ms
Frame 3748 end
Average processing time of GrabImageRGBD(): 13.2386ms
Frame 3749 end
Average processing time of GrabImageRGBD(): 13.2381ms
Frame 3750 end
Average processing time of GrabImageRGBD(): 13.2371ms
Frame 3751 end
Average processing time of GrabImageRGBD(): 13.2367ms
Frame 3752 end
Average processing time of GrabImageRGBD(): 13.2361ms
Frame 3753 end
Average processing time of GrabImageRGBD(): 13.2347ms
Frame 3754 end
Average processing time of GrabImageRGBD(): 13.2337ms
Frame 3755 end
Average processing time of GrabImageRGBD(): 13.2328ms
Frame 3756 end
Average processing time of GrabImageRGBD(): 13.2314ms
Frame 3757 end
Average processing time of GrabImageRGBD(): 13.2308ms
Frame 3758 end
Average processing time of GrabImageRGBD(): 13.2297ms
Frame 3759 end
Average processing time of GrabImageRGBD(): 13.2294ms
Frame 3760 end
Average processing time of GrabImageRGBD(): 13.2291ms
Frame 3761 end
Average processing time of GrabImageRGBD(): 13.2291ms
Frame 3762 end
Average processing time of GrabImageRGBD(): 13.2293ms
Frame 3763 end
Average processing time of GrabImageRGBD(): 13.2292ms
Frame 3764 end
Average processing time of GrabImageRGBD(): 13.2278ms
Frame 3765 end
Average processing time of GrabImageRGBD(): 13.2281ms
Frame 3766 end
Average processing time of GrabImageRGBD(): 13.2275ms
Frame 3767 end
Average processing time of GrabImageRGBD(): 13.2272ms
Frame 3768 end
Average processing time of GrabImageRGBD(): 13.2356ms
Frame 3769 end
Average processing time of GrabImageRGBD(): 13.2354ms
Frame 3770 end
Average processing time of GrabImageRGBD(): 13.2341ms
Frame 3771 end
Average processing time of GrabImageRGBD(): 13.234ms
Frame 3772 end
Average processing time of GrabImageRGBD(): 13.2335ms
Frame 3773 end
Average processing time of GrabImageRGBD(): 13.2331ms
Frame 3774 end
Average processing time of GrabImageRGBD(): 13.2328ms
Frame 3775 end
Average processing time of GrabImageRGBD(): 13.2324ms
Frame 3776 end
Average processing time of GrabImageRGBD(): 13.2317ms
Frame 3777 end
Average processing time of GrabImageRGBD(): 13.2312ms
Frame 3778 end
Average processing time of GrabImageRGBD(): 13.2303ms
Frame 3779 end
Average processing time of GrabImageRGBD(): 13.2296ms
Frame 3780 end
Average processing time of GrabImageRGBD(): 13.2284ms
Frame 3781 end
Average processing time of GrabImageRGBD(): 13.228ms
Frame 3782 end
Average processing time of GrabImageRGBD(): 13.2275ms
Frame 3783 end
Average processing time of GrabImageRGBD(): 13.227ms
Frame 3784 end
Average processing time of GrabImageRGBD(): 13.2268ms
Frame 3785 end
Average processing time of GrabImageRGBD(): 13.2264ms
Frame 3786 end
Average processing time of GrabImageRGBD(): 13.226ms
Frame 3787 end
Average processing time of GrabImageRGBD(): 13.226ms
Frame 3788 end
Average processing time of GrabImageRGBD(): 13.2257ms
Frame 3789 end
Average processing time of GrabImageRGBD(): 13.2253ms
Frame 3790 end
Average processing time of GrabImageRGBD(): 13.2251ms
Frame 3791 end
Average processing time of GrabImageRGBD(): 13.2245ms
Frame 3792 end
Average processing time of GrabImageRGBD(): 13.2242ms
Frame 3793 end
Average processing time of GrabImageRGBD(): 13.2325ms
Frame 3794 end
Average processing time of GrabImageRGBD(): 13.2326ms
Frame 3795 end
Average processing time of GrabImageRGBD(): 13.2319ms
Frame 3796 end
Average processing time of GrabImageRGBD(): 13.2309ms
Frame 3797 end
Average processing time of GrabImageRGBD(): 13.2297ms
Frame 3798 end
Average processing time of GrabImageRGBD(): 13.2292ms
Frame 3799 end
Average processing time of GrabImageRGBD(): 13.2295ms
Frame 3800 end
Average processing time of GrabImageRGBD(): 13.2298ms
Frame 3801 end
Average processing time of GrabImageRGBD(): 13.2295ms
Frame 3802 end
Average processing time of GrabImageRGBD(): 13.23ms
Frame 3803 end
Average processing time of GrabImageRGBD(): 13.2308ms
Frame 3804 end
Average processing time of GrabImageRGBD(): 13.2304ms
Frame 3805 end
Average processing time of GrabImageRGBD(): 13.2311ms
Frame 3806 end
Average processing time of GrabImageRGBD(): 13.2308ms
Frame 3807 end
Average processing time of GrabImageRGBD(): 13.2313ms
Frame 3808 end
Average processing time of GrabImageRGBD(): 13.232ms
Frame 3809 end
Average processing time of GrabImageRGBD(): 13.2314ms
Frame 3810 end
Average processing time of GrabImageRGBD(): 13.2319ms
Frame 3811 end
Average processing time of GrabImageRGBD(): 13.2317ms
Frame 3812 end
Average processing time of GrabImageRGBD(): 13.2317ms
Frame 3813 end
Average processing time of GrabImageRGBD(): 13.2324ms
Frame 3814 end
Average processing time of GrabImageRGBD(): 13.233ms
Frame 3815 end
Average processing time of GrabImageRGBD(): 13.2335ms
Frame 3816 end
Average processing time of GrabImageRGBD(): 13.2342ms
Frame 3817 end
Average processing time of GrabImageRGBD(): 13.2338ms
Frame 3818 end
Average processing time of GrabImageRGBD(): 13.233ms
Frame 3819 end
Average processing time of GrabImageRGBD(): 13.2326ms
Frame 3820 end
Average processing time of GrabImageRGBD(): 13.232ms
Frame 3821 end
Average processing time of GrabImageRGBD(): 13.2317ms
Frame 3822 end
Average processing time of GrabImageRGBD(): 13.231ms
Frame 3823 end
Average processing time of GrabImageRGBD(): 13.2408ms
Frame 3824 end
Average processing time of GrabImageRGBD(): 13.241ms
Frame 3825 end
Average processing time of GrabImageRGBD(): 13.2411ms
Frame 3826 end
Average processing time of GrabImageRGBD(): 13.2408ms
Frame 3827 end
Average processing time of GrabImageRGBD(): 13.2403ms
Frame 3828 end
Average processing time of GrabImageRGBD(): 13.2394ms
Frame 3829 end
Average processing time of GrabImageRGBD(): 13.2391ms
Frame 3830 end
Average processing time of GrabImageRGBD(): 13.2386ms
Frame 3831 end
Average processing time of GrabImageRGBD(): 13.2378ms
Frame 3832 end
Average processing time of GrabImageRGBD(): 13.2373ms
Frame 3833 end
Average processing time of GrabImageRGBD(): 13.2368ms
Frame 3834 end
Average processing time of GrabImageRGBD(): 13.2363ms
Frame 3835 end
Average processing time of GrabImageRGBD(): 13.2358ms
Frame 3836 end
Average processing time of GrabImageRGBD(): 13.2354ms
Frame 3837 end
Average processing time of GrabImageRGBD(): 13.2351ms
Frame 3838 end
Average processing time of GrabImageRGBD(): 13.2347ms
Frame 3839 end
Average processing time of GrabImageRGBD(): 13.2344ms
Frame 3840 end
Average processing time of GrabImageRGBD(): 13.2337ms
Frame 3841 end
Average processing time of GrabImageRGBD(): 13.2334ms
Frame 3842 end
Average processing time of GrabImageRGBD(): 13.2329ms
Frame 3843 end
Average processing time of GrabImageRGBD(): 13.2321ms
Frame 3844 end
Average processing time of GrabImageRGBD(): 13.2311ms
Frame 3845 end
Average processing time of GrabImageRGBD(): 13.2306ms
Frame 3846 end
Average processing time of GrabImageRGBD(): 13.2299ms
Frame 3847 end
Average processing time of GrabImageRGBD(): 13.2294ms
Frame 3848 end
Average processing time of GrabImageRGBD(): 13.2288ms
Frame 3849 end
Average processing time of GrabImageRGBD(): 13.2284ms
Frame 3850 end
Average processing time of GrabImageRGBD(): 13.2275ms
Frame 3851 end
Average processing time of GrabImageRGBD(): 13.2271ms
Frame 3852 end
Average processing time of GrabImageRGBD(): 13.2266ms
Frame 3853 end
Average processing time of GrabImageRGBD(): 13.235ms
Frame 3854 end
Average processing time of GrabImageRGBD(): 13.235ms
Frame 3855 end
Average processing time of GrabImageRGBD(): 13.2346ms
Frame 3856 end
Average processing time of GrabImageRGBD(): 13.2344ms
Frame 3857 end
Average processing time of GrabImageRGBD(): 13.234ms
Frame 3858 end
Average processing time of GrabImageRGBD(): 13.234ms
Frame 3859 end
Average processing time of GrabImageRGBD(): 13.2335ms
Frame 3860 end
Average processing time of GrabImageRGBD(): 13.2334ms
Frame 3861 end
Average processing time of GrabImageRGBD(): 13.2331ms
Frame 3862 end
Average processing time of GrabImageRGBD(): 13.2316ms
Frame 3863 end
Average processing time of GrabImageRGBD(): 13.2312ms
Frame 3864 end
Average processing time of GrabImageRGBD(): 13.2308ms
Frame 3865 end
Average processing time of GrabImageRGBD(): 13.2303ms
Frame 3866 end
Average processing time of GrabImageRGBD(): 13.2299ms
Frame 3867 end
Average processing time of GrabImageRGBD(): 13.2294ms
Frame 3868 end
Average processing time of GrabImageRGBD(): 13.2288ms
Frame 3869 end
Average processing time of GrabImageRGBD(): 13.2281ms
Frame 3870 end
Average processing time of GrabImageRGBD(): 13.2265ms
Frame 3871 end
Average processing time of GrabImageRGBD(): 13.2257ms
Frame 3872 end
Average processing time of GrabImageRGBD(): 13.2253ms
Frame 3873 end
Average processing time of GrabImageRGBD(): 13.2249ms
Frame 3874 end
Average processing time of GrabImageRGBD(): 13.2244ms
Frame 3875 end
Average processing time of GrabImageRGBD(): 13.2242ms
Frame 3876 end
Average processing time of GrabImageRGBD(): 13.2323ms
Frame 3877 end
virtual int g2o::SparseOptimizer::optimize(int, bool): 0 vertices to optimize, maybe forgot to call initializeOptimization()
Average processing time of GrabImageRGBD(): 13.2458ms
Frame 3878 end
Average processing time of GrabImageRGBD(): 13.246ms
Frame 3879 end
Average processing time of GrabImageRGBD(): 13.246ms
Frame 3880 end
Average processing time of GrabImageRGBD(): 13.2457ms
Frame 3881 end
Average processing time of GrabImageRGBD(): 13.2454ms
Frame 3882 end
Average processing time of GrabImageRGBD(): 13.2448ms
Frame 3883 end
Average processing time of GrabImageRGBD(): 13.2444ms
Frame 3884 end
Average processing time of GrabImageRGBD(): 13.2438ms
Frame 3885 end
Average processing time of GrabImageRGBD(): 13.2431ms
Frame 3886 end
Average processing time of GrabImageRGBD(): 13.2424ms
Frame 3887 end
Average processing time of GrabImageRGBD(): 13.2419ms
Frame 3888 end
Average processing time of GrabImageRGBD(): 13.2413ms
Frame 3889 end
Average processing time of GrabImageRGBD(): 13.2404ms
Frame 3890 end
Average processing time of GrabImageRGBD(): 13.2398ms
Frame 3891 end
Average processing time of GrabImageRGBD(): 13.2393ms
Frame 3892 end
Average processing time of GrabImageRGBD(): 13.2385ms
Frame 3893 end
Average processing time of GrabImageRGBD(): 13.2378ms
Frame 3894 end
Average processing time of GrabImageRGBD(): 13.2458ms
Frame 3895 end
Average processing time of GrabImageRGBD(): 13.245ms
Frame 3896 end
Average processing time of GrabImageRGBD(): 13.2447ms
Frame 3897 end
Average processing time of GrabImageRGBD(): 13.2442ms
Frame 3898 end
Average processing time of GrabImageRGBD(): 13.2441ms
Frame 3899 end
Average processing time of GrabImageRGBD(): 13.2438ms
Frame 3900 end
Average processing time of GrabImageRGBD(): 13.2436ms
Frame 3901 end
Average processing time of GrabImageRGBD(): 13.2437ms
Frame 3902 end
Average processing time of GrabImageRGBD(): 13.2426ms
Frame 3903 end
Average processing time of GrabImageRGBD(): 13.2423ms
Frame 3904 end
Average processing time of GrabImageRGBD(): 13.2423ms
Frame 3905 end
Average processing time of GrabImageRGBD(): 13.2411ms
Frame 3906 end
Average processing time of GrabImageRGBD(): 13.2406ms
Frame 3907 end
Average processing time of GrabImageRGBD(): 13.24ms
Frame 3908 end
Average processing time of GrabImageRGBD(): 13.2394ms
Frame 3909 end
Average processing time of GrabImageRGBD(): 13.2475ms
Frame 3910 end
Average processing time of GrabImageRGBD(): 13.2472ms
Frame 3911 end
Average processing time of GrabImageRGBD(): 13.2467ms
Frame 3912 end
Average processing time of GrabImageRGBD(): 13.2457ms
Frame 3913 end
Average processing time of GrabImageRGBD(): 13.2453ms
Frame 3914 end
Average processing time of GrabImageRGBD(): 13.2455ms
Frame 3915 end
Average processing time of GrabImageRGBD(): 13.2441ms
Frame 3916 end
Average processing time of GrabImageRGBD(): 13.2434ms
Frame 3917 end
Average processing time of GrabImageRGBD(): 13.243ms
Frame 3918 end
Average processing time of GrabImageRGBD(): 13.2416ms
Frame 3919 end
Average processing time of GrabImageRGBD(): 13.241ms
Frame 3920 end
Average processing time of GrabImageRGBD(): 13.2404ms
Frame 3921 end
Average processing time of GrabImageRGBD(): 13.2402ms
Frame 3922 end
Average processing time of GrabImageRGBD(): 13.2391ms
Frame 3923 end
Average processing time of GrabImageRGBD(): 13.2385ms
Frame 3924 end
Average processing time of GrabImageRGBD(): 13.2381ms
Frame 3925 end
Average processing time of GrabImageRGBD(): 13.2456ms
Frame 3926 end
Average processing time of GrabImageRGBD(): 13.2455ms
Frame 3927 end
Average processing time of GrabImageRGBD(): 13.2451ms
Frame 3928 end
Average processing time of GrabImageRGBD(): 13.2448ms
Frame 3929 end
Average processing time of GrabImageRGBD(): 13.2443ms
Frame 3930 end
Average processing time of GrabImageRGBD(): 13.2441ms
Frame 3931 end
Average processing time of GrabImageRGBD(): 13.2433ms
Frame 3932 end
Average processing time of GrabImageRGBD(): 13.2427ms
Frame 3933 end
Average processing time of GrabImageRGBD(): 13.2421ms
Frame 3934 end
Average processing time of GrabImageRGBD(): 13.2417ms
Frame 3935 end
Average processing time of GrabImageRGBD(): 13.2416ms
Frame 3936 end
Average processing time of GrabImageRGBD(): 13.2411ms
Frame 3937 end
Average processing time of GrabImageRGBD(): 13.2406ms
Frame 3938 end
Average processing time of GrabImageRGBD(): 13.2403ms
Frame 3939 end
Average processing time of GrabImageRGBD(): 13.2397ms
Frame 3940 end
Average processing time of GrabImageRGBD(): 13.2478ms
Frame 3941 end
Average processing time of GrabImageRGBD(): 13.2479ms
Frame 3942 end
Average processing time of GrabImageRGBD(): 13.2473ms
Frame 3943 end
Average processing time of GrabImageRGBD(): 13.2469ms
Frame 3944 end
Average processing time of GrabImageRGBD(): 13.2463ms
Frame 3945 end
Average processing time of GrabImageRGBD(): 13.2458ms
Frame 3946 end
Average processing time of GrabImageRGBD(): 13.2449ms
Frame 3947 end
Average processing time of GrabImageRGBD(): 13.2436ms
Frame 3948 end
Average processing time of GrabImageRGBD(): 13.2433ms
Frame 3949 end
Average processing time of GrabImageRGBD(): 13.2432ms
Frame 3950 end
Average processing time of GrabImageRGBD(): 13.2431ms
Frame 3951 end
Average processing time of GrabImageRGBD(): 13.2425ms
Frame 3952 end
Average processing time of GrabImageRGBD(): 13.2417ms
Frame 3953 end
Average processing time of GrabImageRGBD(): 13.2419ms
Frame 3954 end
Average processing time of GrabImageRGBD(): 13.2415ms
Frame 3955 end
Average processing time of GrabImageRGBD(): 13.2407ms
Frame 3956 end
Average processing time of GrabImageRGBD(): 13.2395ms
Frame 3957 end
Average processing time of GrabImageRGBD(): 13.239ms
Frame 3958 end
Average processing time of GrabImageRGBD(): 13.2471ms
Frame 3959 end
Average processing time of GrabImageRGBD(): 13.247ms
Frame 3960 end
Average processing time of GrabImageRGBD(): 13.2464ms
Frame 3961 end
Average processing time of GrabImageRGBD(): 13.246ms
Frame 3962 end
Average processing time of GrabImageRGBD(): 13.2458ms
Frame 3963 end
Average processing time of GrabImageRGBD(): 13.2455ms
Frame 3964 end
Average processing time of GrabImageRGBD(): 13.2449ms
Frame 3965 end
Average processing time of GrabImageRGBD(): 13.2444ms
Frame 3966 end
Average processing time of GrabImageRGBD(): 13.2442ms
Frame 3967 end
Average processing time of GrabImageRGBD(): 13.244ms
Frame 3968 end
Average processing time of GrabImageRGBD(): 13.2437ms
Frame 3969 end
Average processing time of GrabImageRGBD(): 13.2434ms
Frame 3970 end
Average processing time of GrabImageRGBD(): 13.2426ms
Frame 3971 end
Average processing time of GrabImageRGBD(): 13.242ms
Frame 3972 end
Average processing time of GrabImageRGBD(): 13.2412ms
Frame 3973 end
Average processing time of GrabImageRGBD(): 13.2408ms
Frame 3974 end
Average processing time of GrabImageRGBD(): 13.2404ms
Frame 3975 end
Average processing time of GrabImageRGBD(): 13.2391ms
Frame 3976 end
Average processing time of GrabImageRGBD(): 13.2386ms
Frame 3977 end
Average processing time of GrabImageRGBD(): 13.2373ms
Frame 3978 end
Average processing time of GrabImageRGBD(): 13.237ms
Frame 3979 end
Average processing time of GrabImageRGBD(): 13.2366ms
Frame 3980 end
Average processing time of GrabImageRGBD(): 13.2357ms
Frame 3981 end
Average processing time of GrabImageRGBD(): 13.2351ms
Frame 3982 end
Shutdown
-------

median tracking time: 0.0114863
mean tracking time: 0.0138788

Saving camera trajectory to CameraTrajectory.txt ...

Saving keyframe trajectory to KeyFrameTrajectory.txt ...
