
ORB-SLAM3 Copyright (C) 2017-2020 Carlos Campos, Richard Elvira, Juan J. Gómez, José M.M. Montiel and Juan D. Tardós, University of Zaragoza.
ORB-SLAM2 Copyright (C) 2014-2016 Raúl Mur-Artal, José M.M. Montiel and Juan D. Tardós, University of Zaragoza.
This program comes with ABSOLUTELY NO WARRANTY;
This is free software, and you are welcome to redistribute it
under certain conditions. See LICENSE.txt.

Input sensor was set to: RGB-D
Loading settings from /home/bingxin/Downloads/NGD-SLAM/Examples/RGB-D/TUM2.yaml
	-Loaded camera 1
Camera.newHeight optional parameter does not exist...
Camera.newWidth optional parameter does not exist...
	-Loaded image info
	-Loaded RGB-D calibration
	-Loaded ORB settings
Viewer.imageViewScale optional parameter does not exist...
	-Loaded viewer settings
System.LoadAtlasFromFile optional parameter does not exist...
System.SaveAtlasToFile optional parameter does not exist...
	-Loaded Atlas settings
System.thFarPoints optional parameter does not exist...
	-Loaded misc parameters
----------------------------------
SLAM settings: 
	-Camera 1 parameters (Pinhole): [ 520.909 521.007 325.141 249.702 ]
	-Camera 1 distortion parameters: [  0.231222 -0.784899 -0.003257 -0.000105 0.917205 ]
	-Original image size: [ 640 , 480 ]
	-Current image size: [ 640 , 480 ]
	-Sequence FPS: 30
	-RGB-D depth map factor: 5208
	-Features per image: 1000
	-ORB scale factor: 1.2
	-ORB number of scales: 8
	-Initial FAST threshold: 20
	-Min FAST threshold: 7


Loading ORB Vocabulary. This could take a while...
Vocabulary loaded!

Initialization of Atlas from scratch 
Creation of new map with id: 0
Creation of new map with last KF id: 0
Seq. Name: 
There are 1 cameras in the atlas
Camera 0 is pinhole
Net use yolo-fastest

-------
Start processing sequence ...
Images in the sequence: 3983

First KF:0; Map init KF:0
New Map created with 571 points
Average processing time of GrabImageRGBD(): 44.1166ms
Frame 0 end
Average processing time of GrabImageRGBD(): 35.3668ms
Frame 1 end
Average processing time of GrabImageRGBD(): 31.1776ms
Frame 2 end
Average processing time of GrabImageRGBD(): 24.2031ms
Frame 3 end
Average processing time of GrabImageRGBD(): 20.9138ms
Frame 4 end
Average processing time of GrabImageRGBD(): 18.5434ms
Frame 5 end
Starting the Viewer
Average processing time of GrabImageRGBD(): 16.7144ms
Frame 6 end
Average processing time of GrabImageRGBD(): 15.3357ms
Frame 7 end
Average processing time of GrabImageRGBD(): 14.5253ms
Frame 8 end
Average processing time of GrabImageRGBD(): 13.9059ms
Frame 9 end
Average processing time of GrabImageRGBD(): 12.9292ms
Frame 10 end
Average processing time of GrabImageRGBD(): 12.4957ms
Frame 11 end
Average processing time of GrabImageRGBD(): 12.1626ms
Frame 12 end
Average processing time of GrabImageRGBD(): 11.6025ms
Frame 13 end
Average processing time of GrabImageRGBD(): 11.0465ms
Frame 14 end
Average processing time of GrabImageRGBD(): 10.6697ms
Frame 15 end
Average processing time of GrabImageRGBD(): 10.5304ms
Frame 16 end
Average processing time of GrabImageRGBD(): 10.3938ms
Frame 17 end
Average processing time of GrabImageRGBD(): 10.2461ms
Frame 18 end
Average processing time of GrabImageRGBD(): 10.1373ms
Frame 19 end
Average processing time of GrabImageRGBD(): 9.95295ms
Frame 20 end
Average processing time of GrabImageRGBD(): 9.66888ms
Frame 21 end
Average processing time of GrabImageRGBD(): 9.38216ms
Frame 22 end
Average processing time of GrabImageRGBD(): 9.213ms
Frame 23 end
Average processing time of GrabImageRGBD(): 8.9612ms
Frame 24 end
Average processing time of GrabImageRGBD(): 8.92947ms
Frame 25 end
Average processing time of GrabImageRGBD(): 8.72304ms
Frame 26 end
Average processing time of GrabImageRGBD(): 8.55491ms
Frame 27 end
Average processing time of GrabImageRGBD(): 8.36563ms
Frame 28 end
Average processing time of GrabImageRGBD(): 8.33503ms
Frame 29 end
Average processing time of GrabImageRGBD(): 8.16505ms
Frame 30 end
Average processing time of GrabImageRGBD(): 8.00708ms
Frame 31 end
Average processing time of GrabImageRGBD(): 8.00448ms
Frame 32 end
Average processing time of GrabImageRGBD(): 7.93988ms
Frame 33 end
Average processing time of GrabImageRGBD(): 7.80497ms
Frame 34 end
Average processing time of GrabImageRGBD(): 7.80288ms
Frame 35 end
Average processing time of GrabImageRGBD(): 7.66864ms
Frame 36 end
Average processing time of GrabImageRGBD(): 7.67887ms
Frame 37 end
Average processing time of GrabImageRGBD(): 7.56775ms
Frame 38 end
Average processing time of GrabImageRGBD(): 7.4568ms
Frame 39 end
Average processing time of GrabImageRGBD(): 7.35264ms
Frame 40 end
Average processing time of GrabImageRGBD(): 7.34958ms
Frame 41 end
Average processing time of GrabImageRGBD(): 7.32212ms
Frame 42 end
Average processing time of GrabImageRGBD(): 7.23163ms
Frame 43 end
Average processing time of GrabImageRGBD(): 7.23858ms
Frame 44 end
Average processing time of GrabImageRGBD(): 7.16068ms
Frame 45 end
Average processing time of GrabImageRGBD(): 7.13699ms
Frame 46 end
Average processing time of GrabImageRGBD(): 7.1433ms
Frame 47 end
Average processing time of GrabImageRGBD(): 7.16175ms
Frame 48 end
Average processing time of GrabImageRGBD(): 7.16343ms
Frame 49 end
Average processing time of GrabImageRGBD(): 7.17064ms
Frame 50 end
Average processing time of GrabImageRGBD(): 7.17784ms
Frame 51 end
Average processing time of GrabImageRGBD(): 7.1359ms
Frame 52 end
Average processing time of GrabImageRGBD(): 7.14295ms
Frame 53 end
Average processing time of GrabImageRGBD(): 7.12997ms
Frame 54 end
Average processing time of GrabImageRGBD(): 7.1455ms
Frame 55 end
Average processing time of GrabImageRGBD(): 7.14777ms
Frame 56 end
Average processing time of GrabImageRGBD(): 7.15018ms
Frame 57 end
Average processing time of GrabImageRGBD(): 7.08994ms
Frame 58 end
Average processing time of GrabImageRGBD(): 7.02292ms
Frame 59 end
Average processing time of GrabImageRGBD(): 6.96013ms
Frame 60 end
Average processing time of GrabImageRGBD(): 6.97878ms
Frame 61 end
Average processing time of GrabImageRGBD(): 6.91952ms
Frame 62 end
Average processing time of GrabImageRGBD(): 6.93473ms
Frame 63 end
Average processing time of GrabImageRGBD(): 6.94792ms
Frame 64 end
Average processing time of GrabImageRGBD(): 6.96536ms
Frame 65 end
Average processing time of GrabImageRGBD(): 6.97869ms
Frame 66 end
Average processing time of GrabImageRGBD(): 6.99248ms
Frame 67 end
Average processing time of GrabImageRGBD(): 6.94028ms
Frame 68 end
Average processing time of GrabImageRGBD(): 6.88557ms
Frame 69 end
Average processing time of GrabImageRGBD(): 6.90247ms
Frame 70 end
Average processing time of GrabImageRGBD(): 6.9221ms
Frame 71 end
Average processing time of GrabImageRGBD(): 6.92949ms
Frame 72 end
Average processing time of GrabImageRGBD(): 6.89231ms
Frame 73 end
Average processing time of GrabImageRGBD(): 6.84099ms
Frame 74 end
Average processing time of GrabImageRGBD(): 6.81859ms
Frame 75 end
Average processing time of GrabImageRGBD(): 6.83043ms
Frame 76 end
Average processing time of GrabImageRGBD(): 6.83788ms
Frame 77 end
Average processing time of GrabImageRGBD(): 6.82669ms
Frame 78 end
Average processing time of GrabImageRGBD(): 6.83965ms
Frame 79 end
Average processing time of GrabImageRGBD(): 6.8548ms
Frame 80 end
Average processing time of GrabImageRGBD(): 6.85301ms
Frame 81 end
Average processing time of GrabImageRGBD(): 6.86418ms
Frame 82 end
Average processing time of GrabImageRGBD(): 6.87287ms
Frame 83 end
Average processing time of GrabImageRGBD(): 6.82965ms
Frame 84 end
Average processing time of GrabImageRGBD(): 6.78724ms
Frame 85 end
Average processing time of GrabImageRGBD(): 6.8006ms
Frame 86 end
Average processing time of GrabImageRGBD(): 6.75834ms
Frame 87 end
Average processing time of GrabImageRGBD(): 6.73384ms
Frame 88 end
Average processing time of GrabImageRGBD(): 6.7239ms
Frame 89 end
Average processing time of GrabImageRGBD(): 6.74108ms
Frame 90 end
Average processing time of GrabImageRGBD(): 6.75412ms
Frame 91 end
Average processing time of GrabImageRGBD(): 6.72914ms
Frame 92 end
Average processing time of GrabImageRGBD(): 6.70473ms
Frame 93 end
Average processing time of GrabImageRGBD(): 6.71665ms
Frame 94 end
Average processing time of GrabImageRGBD(): 6.73053ms
Frame 95 end
Average processing time of GrabImageRGBD(): 6.74129ms
Frame 96 end
Average processing time of GrabImageRGBD(): 6.72134ms
Frame 97 end
Average processing time of GrabImageRGBD(): 6.73891ms
Frame 98 end
Average processing time of GrabImageRGBD(): 6.70904ms
Frame 99 end
Average processing time of GrabImageRGBD(): 6.67322ms
Frame 100 end
Average processing time of GrabImageRGBD(): 6.68426ms
Frame 101 end
Average processing time of GrabImageRGBD(): 6.68637ms
Frame 102 end
Average processing time of GrabImageRGBD(): 6.69963ms
Frame 103 end
Average processing time of GrabImageRGBD(): 6.69906ms
Frame 104 end
Average processing time of GrabImageRGBD(): 6.66532ms
Frame 105 end
Average processing time of GrabImageRGBD(): 6.6702ms
Frame 106 end
Average processing time of GrabImageRGBD(): 6.63656ms
Frame 107 end
Average processing time of GrabImageRGBD(): 6.7974ms
Frame 108 end
Average processing time of GrabImageRGBD(): 6.79405ms
Frame 109 end
Average processing time of GrabImageRGBD(): 6.75798ms
Frame 110 end
Average processing time of GrabImageRGBD(): 6.75806ms
Frame 111 end
Average processing time of GrabImageRGBD(): 6.75325ms
Frame 112 end
Average processing time of GrabImageRGBD(): 6.71981ms
Frame 113 end
Average processing time of GrabImageRGBD(): 6.71312ms
Frame 114 end
Average processing time of GrabImageRGBD(): 6.70758ms
Frame 115 end
Average processing time of GrabImageRGBD(): 6.70156ms
Frame 116 end
Average processing time of GrabImageRGBD(): 6.68112ms
Frame 117 end
Average processing time of GrabImageRGBD(): 6.67195ms
Frame 118 end
Average processing time of GrabImageRGBD(): 6.66496ms
Frame 119 end
Average processing time of GrabImageRGBD(): 6.81464ms
Frame 120 end
Average processing time of GrabImageRGBD(): 6.78765ms
Frame 121 end
Average processing time of GrabImageRGBD(): 6.75838ms
Frame 122 end
Average processing time of GrabImageRGBD(): 6.7501ms
Frame 123 end
Average processing time of GrabImageRGBD(): 6.745ms
Frame 124 end
Average processing time of GrabImageRGBD(): 6.73051ms
Frame 125 end
Average processing time of GrabImageRGBD(): 6.7004ms
Frame 126 end
Average processing time of GrabImageRGBD(): 6.67189ms
Frame 127 end
Average processing time of GrabImageRGBD(): 6.6683ms
Frame 128 end
Average processing time of GrabImageRGBD(): 6.66259ms
Frame 129 end
Average processing time of GrabImageRGBD(): 6.66176ms
Frame 130 end
Average processing time of GrabImageRGBD(): 6.63458ms
Frame 131 end
Average processing time of GrabImageRGBD(): 6.63508ms
Frame 132 end
Average processing time of GrabImageRGBD(): 6.62729ms
Frame 133 end
Average processing time of GrabImageRGBD(): 6.62346ms
Frame 134 end
Average processing time of GrabImageRGBD(): 6.6021ms
Frame 135 end
Average processing time of GrabImageRGBD(): 6.60189ms
Frame 136 end
Average processing time of GrabImageRGBD(): 6.5782ms
Frame 137 end
Average processing time of GrabImageRGBD(): 6.57371ms
Frame 138 end
Average processing time of GrabImageRGBD(): 6.569ms
Frame 139 end
Average processing time of GrabImageRGBD(): 6.57002ms
Frame 140 end
Average processing time of GrabImageRGBD(): 6.55046ms
Frame 141 end
Average processing time of GrabImageRGBD(): 6.55002ms
Frame 142 end
Average processing time of GrabImageRGBD(): 6.54916ms
Frame 143 end
Average processing time of GrabImageRGBD(): 6.54561ms
Frame 144 end
Average processing time of GrabImageRGBD(): 6.52464ms
Frame 145 end
Average processing time of GrabImageRGBD(): 6.51834ms
Frame 146 end
Average processing time of GrabImageRGBD(): 6.51542ms
Frame 147 end
Average processing time of GrabImageRGBD(): 6.49716ms
Frame 148 end
Average processing time of GrabImageRGBD(): 6.49445ms
Frame 149 end
Average processing time of GrabImageRGBD(): 6.48609ms
Frame 150 end
Average processing time of GrabImageRGBD(): 6.59919ms
Frame 151 end
Average processing time of GrabImageRGBD(): 6.72643ms
Frame 152 end
Average processing time of GrabImageRGBD(): 6.70145ms
Frame 153 end
Average processing time of GrabImageRGBD(): 6.70982ms
Frame 154 end
Average processing time of GrabImageRGBD(): 6.71868ms
Frame 155 end
Average processing time of GrabImageRGBD(): 6.72746ms
Frame 156 end
Average processing time of GrabImageRGBD(): 6.7357ms
Frame 157 end
Average processing time of GrabImageRGBD(): 6.73122ms
Frame 158 end
Average processing time of GrabImageRGBD(): 6.73691ms
Frame 159 end
Average processing time of GrabImageRGBD(): 6.74278ms
Frame 160 end
Average processing time of GrabImageRGBD(): 6.73651ms
Frame 161 end
Average processing time of GrabImageRGBD(): 6.72852ms
Frame 162 end
Average processing time of GrabImageRGBD(): 6.73184ms
Frame 163 end
Average processing time of GrabImageRGBD(): 6.71781ms
Frame 164 end
Average processing time of GrabImageRGBD(): 6.70528ms
Frame 165 end
Average processing time of GrabImageRGBD(): 6.70739ms
Frame 166 end
Average processing time of GrabImageRGBD(): 6.68315ms
Frame 167 end
Average processing time of GrabImageRGBD(): 6.6899ms
Frame 168 end
Average processing time of GrabImageRGBD(): 6.67107ms
Frame 169 end
Average processing time of GrabImageRGBD(): 6.6779ms
Frame 170 end
Average processing time of GrabImageRGBD(): 6.78357ms
Frame 171 end
Average processing time of GrabImageRGBD(): 6.78792ms
Frame 172 end
Average processing time of GrabImageRGBD(): 6.76269ms
Frame 173 end
Average processing time of GrabImageRGBD(): 6.75782ms
Frame 174 end
Average processing time of GrabImageRGBD(): 6.74063ms
Frame 175 end
Average processing time of GrabImageRGBD(): 6.72062ms
Frame 176 end
Average processing time of GrabImageRGBD(): 6.72431ms
Frame 177 end
Average processing time of GrabImageRGBD(): 6.72458ms
Frame 178 end
Average processing time of GrabImageRGBD(): 6.72112ms
Frame 179 end
Average processing time of GrabImageRGBD(): 6.70426ms
Frame 180 end
Average processing time of GrabImageRGBD(): 6.68695ms
Frame 181 end
Average processing time of GrabImageRGBD(): 6.68584ms
Frame 182 end
Average processing time of GrabImageRGBD(): 6.79203ms
Frame 183 end
Average processing time of GrabImageRGBD(): 6.79631ms
Frame 184 end
Average processing time of GrabImageRGBD(): 6.89401ms
Frame 185 end
Average processing time of GrabImageRGBD(): 6.90569ms
Frame 186 end
Average processing time of GrabImageRGBD(): 6.88443ms
Frame 187 end
Average processing time of GrabImageRGBD(): 6.86486ms
Frame 188 end
Average processing time of GrabImageRGBD(): 6.85529ms
Frame 189 end
Average processing time of GrabImageRGBD(): 6.84407ms
Frame 190 end
Average processing time of GrabImageRGBD(): 6.8526ms
Frame 191 end
Average processing time of GrabImageRGBD(): 6.86097ms
Frame 192 end
Average processing time of GrabImageRGBD(): 6.87118ms
Frame 193 end
Average processing time of GrabImageRGBD(): 6.85992ms
Frame 194 end
Average processing time of GrabImageRGBD(): 6.8476ms
Frame 195 end
Average processing time of GrabImageRGBD(): 6.82721ms
Frame 196 end
Average processing time of GrabImageRGBD(): 6.8092ms
Frame 197 end
Average processing time of GrabImageRGBD(): 6.79486ms
Frame 198 end
Average processing time of GrabImageRGBD(): 6.78541ms
Frame 199 end
Average processing time of GrabImageRGBD(): 6.79098ms
Frame 200 end
Average processing time of GrabImageRGBD(): 6.79164ms
Frame 201 end
Average processing time of GrabImageRGBD(): 6.7722ms
Frame 202 end
Average processing time of GrabImageRGBD(): 6.77836ms
Frame 203 end
Average processing time of GrabImageRGBD(): 6.76237ms
Frame 204 end
Average processing time of GrabImageRGBD(): 6.77108ms
Frame 205 end
Average processing time of GrabImageRGBD(): 6.77211ms
Frame 206 end
Average processing time of GrabImageRGBD(): 6.76217ms
Frame 207 end
Average processing time of GrabImageRGBD(): 6.76628ms
Frame 208 end
Average processing time of GrabImageRGBD(): 6.74805ms
Frame 209 end
Average processing time of GrabImageRGBD(): 6.74731ms
Frame 210 end
Average processing time of GrabImageRGBD(): 6.73519ms
Frame 211 end
Average processing time of GrabImageRGBD(): 6.82712ms
Frame 212 end
Average processing time of GrabImageRGBD(): 6.83379ms
Frame 213 end
Average processing time of GrabImageRGBD(): 6.8155ms
Frame 214 end
Average processing time of GrabImageRGBD(): 6.81266ms
Frame 215 end
Average processing time of GrabImageRGBD(): 6.81186ms
Frame 216 end
Average processing time of GrabImageRGBD(): 6.79506ms
Frame 217 end
Average processing time of GrabImageRGBD(): 6.77856ms
Frame 218 end
Average processing time of GrabImageRGBD(): 6.86745ms
Frame 219 end
Average processing time of GrabImageRGBD(): 6.85653ms
Frame 220 end
Average processing time of GrabImageRGBD(): 6.83515ms
Frame 221 end
Average processing time of GrabImageRGBD(): 6.81858ms
Frame 222 end
Average processing time of GrabImageRGBD(): 6.91405ms
Frame 223 end
Average processing time of GrabImageRGBD(): 6.92056ms
Frame 224 end
Average processing time of GrabImageRGBD(): 6.90232ms
Frame 225 end
Average processing time of GrabImageRGBD(): 6.89207ms
Frame 226 end
Average processing time of GrabImageRGBD(): 6.89693ms
Frame 227 end
Average processing time of GrabImageRGBD(): 6.88661ms
Frame 228 end
Average processing time of GrabImageRGBD(): 6.87501ms
Frame 229 end
Average processing time of GrabImageRGBD(): 6.98956ms
Frame 230 end
Average processing time of GrabImageRGBD(): 6.98241ms
Frame 231 end
Average processing time of GrabImageRGBD(): 6.96487ms
Frame 232 end
Average processing time of GrabImageRGBD(): 6.95707ms
Frame 233 end
Average processing time of GrabImageRGBD(): 6.9469ms
Frame 234 end
Average processing time of GrabImageRGBD(): 6.92935ms
Frame 235 end
Average processing time of GrabImageRGBD(): 6.92734ms
Frame 236 end
Average processing time of GrabImageRGBD(): 6.92874ms
Frame 237 end
Average processing time of GrabImageRGBD(): 7.01279ms
Frame 238 end
Average processing time of GrabImageRGBD(): 7.02648ms
Frame 239 end
Average processing time of GrabImageRGBD(): 7.0228ms
Frame 240 end
Average processing time of GrabImageRGBD(): 7.0063ms
Frame 241 end
Average processing time of GrabImageRGBD(): 7.00676ms
Frame 242 end
Average processing time of GrabImageRGBD(): 7.01535ms
Frame 243 end
Average processing time of GrabImageRGBD(): 7.01983ms
Frame 244 end
Average processing time of GrabImageRGBD(): 7.10423ms
Frame 245 end
Average processing time of GrabImageRGBD(): 7.09828ms
Frame 246 end
Average processing time of GrabImageRGBD(): 7.08194ms
Frame 247 end
Average processing time of GrabImageRGBD(): 7.16879ms
Frame 248 end
Average processing time of GrabImageRGBD(): 7.18345ms
Frame 249 end
Average processing time of GrabImageRGBD(): 7.16855ms
Frame 250 end
Average processing time of GrabImageRGBD(): 7.1536ms
Frame 251 end
Average processing time of GrabImageRGBD(): 7.13959ms
Frame 252 end
Average processing time of GrabImageRGBD(): 7.14378ms
Frame 253 end
Average processing time of GrabImageRGBD(): 7.14761ms
Frame 254 end
Average processing time of GrabImageRGBD(): 7.15392ms
Frame 255 end
Average processing time of GrabImageRGBD(): 7.14577ms
Frame 256 end
Average processing time of GrabImageRGBD(): 7.15057ms
Frame 257 end
Average processing time of GrabImageRGBD(): 7.14791ms
Frame 258 end
Average processing time of GrabImageRGBD(): 7.23719ms
Frame 259 end
Average processing time of GrabImageRGBD(): 7.24335ms
Frame 260 end
Average processing time of GrabImageRGBD(): 7.24713ms
Frame 261 end
Average processing time of GrabImageRGBD(): 7.2342ms
Frame 262 end
Average processing time of GrabImageRGBD(): 7.23927ms
Frame 263 end
Average processing time of GrabImageRGBD(): 7.23902ms
Frame 264 end
Average processing time of GrabImageRGBD(): 7.24162ms
Frame 265 end
Average processing time of GrabImageRGBD(): 7.22687ms
Frame 266 end
Average processing time of GrabImageRGBD(): 7.21826ms
Frame 267 end
Average processing time of GrabImageRGBD(): 7.22135ms
Frame 268 end
Average processing time of GrabImageRGBD(): 7.30528ms
Frame 269 end
Average processing time of GrabImageRGBD(): 7.29263ms
Frame 270 end
Average processing time of GrabImageRGBD(): 7.27723ms
Frame 271 end
Average processing time of GrabImageRGBD(): 7.3572ms
Frame 272 end
Average processing time of GrabImageRGBD(): 7.34687ms
Frame 273 end
Average processing time of GrabImageRGBD(): 7.33272ms
Frame 274 end
Average processing time of GrabImageRGBD(): 7.32646ms
Frame 275 end
Average processing time of GrabImageRGBD(): 7.331ms
Frame 276 end
Average processing time of GrabImageRGBD(): 7.31617ms
Frame 277 end
Average processing time of GrabImageRGBD(): 7.31922ms
Frame 278 end
Average processing time of GrabImageRGBD(): 7.30628ms
Frame 279 end
Average processing time of GrabImageRGBD(): 7.31068ms
Frame 280 end
Average processing time of GrabImageRGBD(): 7.38016ms
Frame 281 end
Average processing time of GrabImageRGBD(): 7.37108ms
Frame 282 end
Average processing time of GrabImageRGBD(): 7.35531ms
Frame 283 end
Average processing time of GrabImageRGBD(): 7.34065ms
Frame 284 end
Average processing time of GrabImageRGBD(): 7.34444ms
Frame 285 end
Average processing time of GrabImageRGBD(): 7.33605ms
Frame 286 end
Average processing time of GrabImageRGBD(): 7.32168ms
Frame 287 end
Average processing time of GrabImageRGBD(): 7.31186ms
Frame 288 end
Average processing time of GrabImageRGBD(): 7.29715ms
Frame 289 end
Average processing time of GrabImageRGBD(): 7.29378ms
Frame 290 end
Average processing time of GrabImageRGBD(): 7.36912ms
Frame 291 end
Average processing time of GrabImageRGBD(): 7.35686ms
Frame 292 end
Average processing time of GrabImageRGBD(): 7.34193ms
Frame 293 end
Average processing time of GrabImageRGBD(): 7.41046ms
Frame 294 end
Average processing time of GrabImageRGBD(): 7.42699ms
Frame 295 end
Average processing time of GrabImageRGBD(): 7.41719ms
Frame 296 end
Average processing time of GrabImageRGBD(): 7.41025ms
Frame 297 end
Average processing time of GrabImageRGBD(): 7.48291ms
Frame 298 end
Average processing time of GrabImageRGBD(): 7.48764ms
Frame 299 end
Average processing time of GrabImageRGBD(): 7.4733ms
Frame 300 end
Average processing time of GrabImageRGBD(): 7.54873ms
Frame 301 end
Average processing time of GrabImageRGBD(): 7.53768ms
Frame 302 end
Average processing time of GrabImageRGBD(): 7.54104ms
Frame 303 end
Average processing time of GrabImageRGBD(): 7.53158ms
Frame 304 end
Average processing time of GrabImageRGBD(): 7.53294ms
Frame 305 end
Average processing time of GrabImageRGBD(): 7.53237ms
Frame 306 end
Average processing time of GrabImageRGBD(): 7.52093ms
Frame 307 end
Average processing time of GrabImageRGBD(): 7.58426ms
Frame 308 end
Average processing time of GrabImageRGBD(): 7.58193ms
Frame 309 end
Average processing time of GrabImageRGBD(): 7.56643ms
Frame 310 end
Average processing time of GrabImageRGBD(): 7.56609ms
Frame 311 end
Average processing time of GrabImageRGBD(): 7.62781ms
Frame 312 end
Average processing time of GrabImageRGBD(): 7.6321ms
Frame 313 end
Average processing time of GrabImageRGBD(): 7.61647ms
Frame 314 end
Average processing time of GrabImageRGBD(): 7.61665ms
Frame 315 end
Average processing time of GrabImageRGBD(): 7.60405ms
Frame 316 end
Average processing time of GrabImageRGBD(): 7.5916ms
Frame 317 end
Average processing time of GrabImageRGBD(): 7.59255ms
Frame 318 end
Average processing time of GrabImageRGBD(): 7.57879ms
Frame 319 end
Average processing time of GrabImageRGBD(): 7.56564ms
Frame 320 end
Average processing time of GrabImageRGBD(): 7.55696ms
Frame 321 end
Average processing time of GrabImageRGBD(): 7.54408ms
Frame 322 end
Average processing time of GrabImageRGBD(): 7.54395ms
Frame 323 end
Average processing time of GrabImageRGBD(): 7.54315ms
Frame 324 end
Average processing time of GrabImageRGBD(): 7.54356ms
Frame 325 end
Average processing time of GrabImageRGBD(): 7.53562ms
Frame 326 end
Average processing time of GrabImageRGBD(): 7.52143ms
Frame 327 end
Average processing time of GrabImageRGBD(): 7.50935ms
Frame 328 end
Average processing time of GrabImageRGBD(): 7.50747ms
Frame 329 end
Average processing time of GrabImageRGBD(): 7.50624ms
Frame 330 end
Average processing time of GrabImageRGBD(): 7.56187ms
Frame 331 end
Average processing time of GrabImageRGBD(): 7.56049ms
Frame 332 end
Average processing time of GrabImageRGBD(): 7.54718ms
Frame 333 end
Average processing time of GrabImageRGBD(): 7.54349ms
Frame 334 end
Average processing time of GrabImageRGBD(): 7.60908ms
Frame 335 end
Average processing time of GrabImageRGBD(): 7.60238ms
Frame 336 end
Average processing time of GrabImageRGBD(): 7.59278ms
Frame 337 end
Average processing time of GrabImageRGBD(): 7.58037ms
Frame 338 end
Average processing time of GrabImageRGBD(): 7.56841ms
Frame 339 end
Average processing time of GrabImageRGBD(): 7.55576ms
Frame 340 end
Average processing time of GrabImageRGBD(): 7.54233ms
Frame 341 end
Average processing time of GrabImageRGBD(): 7.54349ms
Frame 342 end
Average processing time of GrabImageRGBD(): 7.54435ms
Frame 343 end
Average processing time of GrabImageRGBD(): 7.54459ms
Frame 344 end
Average processing time of GrabImageRGBD(): 7.54578ms
Frame 345 end
Average processing time of GrabImageRGBD(): 7.54528ms
Frame 346 end
Average processing time of GrabImageRGBD(): 7.54275ms
Frame 347 end
Average processing time of GrabImageRGBD(): 7.54401ms
Frame 348 end
Average processing time of GrabImageRGBD(): 7.54547ms
Frame 349 end
Average processing time of GrabImageRGBD(): 7.60662ms
Frame 350 end
Average processing time of GrabImageRGBD(): 7.60858ms
Frame 351 end
Average processing time of GrabImageRGBD(): 7.59495ms
Frame 352 end
Average processing time of GrabImageRGBD(): 7.67016ms
Frame 353 end
Average processing time of GrabImageRGBD(): 7.67578ms
Frame 354 end
Average processing time of GrabImageRGBD(): 7.66221ms
Frame 355 end
Average processing time of GrabImageRGBD(): 7.66326ms
Frame 356 end
Average processing time of GrabImageRGBD(): 7.72571ms
Frame 357 end
Average processing time of GrabImageRGBD(): 7.71878ms
Frame 358 end
Average processing time of GrabImageRGBD(): 7.71845ms
Frame 359 end
Average processing time of GrabImageRGBD(): 7.71959ms
Frame 360 end
Average processing time of GrabImageRGBD(): 7.71994ms
Frame 361 end
Average processing time of GrabImageRGBD(): 7.71572ms
Frame 362 end
Average processing time of GrabImageRGBD(): 7.71529ms
Frame 363 end
Average processing time of GrabImageRGBD(): 7.71549ms
Frame 364 end
Average processing time of GrabImageRGBD(): 7.71581ms
Frame 365 end
Average processing time of GrabImageRGBD(): 7.77507ms
Frame 366 end
Average processing time of GrabImageRGBD(): 7.7682ms
Frame 367 end
Average processing time of GrabImageRGBD(): 7.75441ms
Frame 368 end
Average processing time of GrabImageRGBD(): 7.74323ms
Frame 369 end
Average processing time of GrabImageRGBD(): 7.74226ms
Frame 370 end
Average processing time of GrabImageRGBD(): 7.731ms
Frame 371 end
Average processing time of GrabImageRGBD(): 7.73013ms
Frame 372 end
Average processing time of GrabImageRGBD(): 7.72963ms
Frame 373 end
Average processing time of GrabImageRGBD(): 7.72843ms
Frame 374 end
Average processing time of GrabImageRGBD(): 7.72346ms
Frame 375 end
Average processing time of GrabImageRGBD(): 7.71161ms
Frame 376 end
Average processing time of GrabImageRGBD(): 7.71033ms
Frame 377 end
Average processing time of GrabImageRGBD(): 7.76507ms
Frame 378 end
Average processing time of GrabImageRGBD(): 7.75599ms
Frame 379 end
Average processing time of GrabImageRGBD(): 7.74304ms
Frame 380 end
Average processing time of GrabImageRGBD(): 7.73205ms
Frame 381 end
Average processing time of GrabImageRGBD(): 7.79066ms
Frame 382 end
Average processing time of GrabImageRGBD(): 7.79516ms
Frame 383 end
Average processing time of GrabImageRGBD(): 7.78422ms
Frame 384 end
Average processing time of GrabImageRGBD(): 7.78099ms
Frame 385 end
Average processing time of GrabImageRGBD(): 7.83343ms
Frame 386 end
Average processing time of GrabImageRGBD(): 7.83735ms
Frame 387 end
Average processing time of GrabImageRGBD(): 7.82441ms
Frame 388 end
Average processing time of GrabImageRGBD(): 7.82508ms
Frame 389 end
Average processing time of GrabImageRGBD(): 7.81677ms
Frame 390 end
Average processing time of GrabImageRGBD(): 7.81112ms
Frame 391 end
Average processing time of GrabImageRGBD(): 7.86145ms
Frame 392 end
Average processing time of GrabImageRGBD(): 7.86754ms
Frame 393 end
Average processing time of GrabImageRGBD(): 7.85533ms
Frame 394 end
Average processing time of GrabImageRGBD(): 7.85015ms
Frame 395 end
Average processing time of GrabImageRGBD(): 7.90431ms
Frame 396 end
Average processing time of GrabImageRGBD(): 7.89865ms
Frame 397 end
Average processing time of GrabImageRGBD(): 7.89957ms
Frame 398 end
Average processing time of GrabImageRGBD(): 7.88872ms
Frame 399 end
Average processing time of GrabImageRGBD(): 7.9402ms
Frame 400 end
Average processing time of GrabImageRGBD(): 7.93859ms
Frame 401 end
Average processing time of GrabImageRGBD(): 7.92722ms
Frame 402 end
Average processing time of GrabImageRGBD(): 7.92672ms
Frame 403 end
Average processing time of GrabImageRGBD(): 7.91559ms
Frame 404 end
Average processing time of GrabImageRGBD(): 7.97188ms
Frame 405 end
Average processing time of GrabImageRGBD(): 7.9742ms
Frame 406 end
Average processing time of GrabImageRGBD(): 7.97455ms
Frame 407 end
Average processing time of GrabImageRGBD(): 7.97493ms
Frame 408 end
Average processing time of GrabImageRGBD(): 7.97109ms
Frame 409 end
Average processing time of GrabImageRGBD(): 8.02612ms
Frame 410 end
Average processing time of GrabImageRGBD(): 8.03005ms
Frame 411 end
Average processing time of GrabImageRGBD(): 8.02863ms
Frame 412 end
Average processing time of GrabImageRGBD(): 8.01823ms
Frame 413 end
Average processing time of GrabImageRGBD(): 8.01725ms
Frame 414 end
Average processing time of GrabImageRGBD(): 8.07043ms
Frame 415 end
Average processing time of GrabImageRGBD(): 8.06321ms
Frame 416 end
Average processing time of GrabImageRGBD(): 8.05254ms
Frame 417 end
Average processing time of GrabImageRGBD(): 8.04605ms
Frame 418 end
Average processing time of GrabImageRGBD(): 8.04578ms
Frame 419 end
Average processing time of GrabImageRGBD(): 8.10151ms
Frame 420 end
Average processing time of GrabImageRGBD(): 8.10373ms
Frame 421 end
Average processing time of GrabImageRGBD(): 8.09141ms
Frame 422 end
Average processing time of GrabImageRGBD(): 8.08552ms
Frame 423 end
Average processing time of GrabImageRGBD(): 8.07382ms
Frame 424 end
Average processing time of GrabImageRGBD(): 8.12727ms
Frame 425 end
Average processing time of GrabImageRGBD(): 8.12951ms
Frame 426 end
Average processing time of GrabImageRGBD(): 8.11703ms
Frame 427 end
Average processing time of GrabImageRGBD(): 8.11679ms
Frame 428 end
Average processing time of GrabImageRGBD(): 8.11527ms
Frame 429 end
Average processing time of GrabImageRGBD(): 8.16912ms
Frame 430 end
Average processing time of GrabImageRGBD(): 8.17256ms
Frame 431 end
Average processing time of GrabImageRGBD(): 8.16327ms
Frame 432 end
Average processing time of GrabImageRGBD(): 8.153ms
Frame 433 end
Average processing time of GrabImageRGBD(): 8.15344ms
Frame 434 end
Average processing time of GrabImageRGBD(): 8.20736ms
Frame 435 end
Average processing time of GrabImageRGBD(): 8.21154ms
Frame 436 end
Average processing time of GrabImageRGBD(): 8.20917ms
Frame 437 end
Average processing time of GrabImageRGBD(): 8.20865ms
Frame 438 end
Average processing time of GrabImageRGBD(): 8.20923ms
Frame 439 end
Average processing time of GrabImageRGBD(): 8.20927ms
Frame 440 end
Average processing time of GrabImageRGBD(): 8.26107ms
Frame 441 end
Average processing time of GrabImageRGBD(): 8.26335ms
Frame 442 end
Average processing time of GrabImageRGBD(): 8.25725ms
Frame 443 end
Average processing time of GrabImageRGBD(): 8.2484ms
Frame 444 end
Average processing time of GrabImageRGBD(): 8.24605ms
Frame 445 end
Average processing time of GrabImageRGBD(): 8.2435ms
Frame 446 end
Average processing time of GrabImageRGBD(): 8.29133ms
Frame 447 end
Average processing time of GrabImageRGBD(): 8.28451ms
Frame 448 end
Average processing time of GrabImageRGBD(): 8.27295ms
Frame 449 end
Average processing time of GrabImageRGBD(): 8.26534ms
Frame 450 end
Average processing time of GrabImageRGBD(): 8.26579ms
Frame 451 end
Average processing time of GrabImageRGBD(): 8.26531ms
Frame 452 end
Average processing time of GrabImageRGBD(): 8.26484ms
Frame 453 end
Average processing time of GrabImageRGBD(): 8.26117ms
Frame 454 end
Average processing time of GrabImageRGBD(): 8.25035ms
Frame 455 end
Average processing time of GrabImageRGBD(): 8.30129ms
Frame 456 end
Average processing time of GrabImageRGBD(): 8.2984ms
Frame 457 end
Average processing time of GrabImageRGBD(): 8.28707ms
Frame 458 end
Average processing time of GrabImageRGBD(): 8.28838ms
Frame 459 end
Average processing time of GrabImageRGBD(): 8.28871ms
Frame 460 end
Average processing time of GrabImageRGBD(): 8.28919ms
Frame 461 end
Average processing time of GrabImageRGBD(): 8.28083ms
Frame 462 end
Average processing time of GrabImageRGBD(): 8.27012ms
Frame 463 end
Average processing time of GrabImageRGBD(): 8.25912ms
Frame 464 end
Average processing time of GrabImageRGBD(): 8.30799ms
Frame 465 end
Average processing time of GrabImageRGBD(): 8.30947ms
Frame 466 end
Average processing time of GrabImageRGBD(): 8.29716ms
Frame 467 end
Average processing time of GrabImageRGBD(): 8.29638ms
Frame 468 end
Average processing time of GrabImageRGBD(): 8.28595ms
Frame 469 end
Average processing time of GrabImageRGBD(): 8.28412ms
Frame 470 end
Average processing time of GrabImageRGBD(): 8.34177ms
Frame 471 end
Average processing time of GrabImageRGBD(): 8.33446ms
Frame 472 end
Average processing time of GrabImageRGBD(): 8.32367ms
Frame 473 end
Average processing time of GrabImageRGBD(): 8.32356ms
Frame 474 end
Average processing time of GrabImageRGBD(): 8.31697ms
Frame 475 end
Average processing time of GrabImageRGBD(): 8.31626ms
Frame 476 end
Average processing time of GrabImageRGBD(): 8.31534ms
Frame 477 end
Average processing time of GrabImageRGBD(): 8.30344ms
Frame 478 end
Average processing time of GrabImageRGBD(): 8.2925ms
Frame 479 end
Average processing time of GrabImageRGBD(): 8.29173ms
Frame 480 end
Average processing time of GrabImageRGBD(): 8.28722ms
Frame 481 end
Average processing time of GrabImageRGBD(): 8.27895ms
Frame 482 end
Average processing time of GrabImageRGBD(): 8.27741ms
Frame 483 end
Average processing time of GrabImageRGBD(): 8.34227ms
Frame 484 end
Average processing time of GrabImageRGBD(): 8.33783ms
Frame 485 end
Average processing time of GrabImageRGBD(): 8.32831ms
Frame 486 end
Average processing time of GrabImageRGBD(): 8.32305ms
Frame 487 end
Average processing time of GrabImageRGBD(): 8.31623ms
Frame 488 end
Average processing time of GrabImageRGBD(): 8.3064ms
Frame 489 end
Average processing time of GrabImageRGBD(): 8.30514ms
Frame 490 end
Average processing time of GrabImageRGBD(): 8.30027ms
Frame 491 end
Average processing time of GrabImageRGBD(): 8.3424ms
Frame 492 end
Average processing time of GrabImageRGBD(): 8.34009ms
Frame 493 end
Average processing time of GrabImageRGBD(): 8.32913ms
Frame 494 end
Average processing time of GrabImageRGBD(): 8.32709ms
Frame 495 end
Average processing time of GrabImageRGBD(): 8.31776ms
Frame 496 end
Average processing time of GrabImageRGBD(): 8.31196ms
Frame 497 end
Average processing time of GrabImageRGBD(): 8.35257ms
Frame 498 end
Average processing time of GrabImageRGBD(): 8.34515ms
Frame 499 end
Average processing time of GrabImageRGBD(): 8.33376ms
Frame 500 end
Average processing time of GrabImageRGBD(): 8.32406ms
Frame 501 end
Average processing time of GrabImageRGBD(): 8.31787ms
Frame 502 end
Average processing time of GrabImageRGBD(): 8.31671ms
Frame 503 end
Average processing time of GrabImageRGBD(): 8.36119ms
Frame 504 end
Average processing time of GrabImageRGBD(): 8.36232ms
Frame 505 end
Average processing time of GrabImageRGBD(): 8.35182ms
Frame 506 end
Average processing time of GrabImageRGBD(): 8.35049ms
Frame 507 end
Average processing time of GrabImageRGBD(): 8.34864ms
Frame 508 end
Average processing time of GrabImageRGBD(): 8.34472ms
Frame 509 end
Average processing time of GrabImageRGBD(): 8.38476ms
Frame 510 end
Average processing time of GrabImageRGBD(): 8.37996ms
Frame 511 end
Average processing time of GrabImageRGBD(): 8.3757ms
Frame 512 end
Average processing time of GrabImageRGBD(): 8.37465ms
Frame 513 end
Average processing time of GrabImageRGBD(): 8.36464ms
Frame 514 end
Average processing time of GrabImageRGBD(): 8.35543ms
Frame 515 end
Average processing time of GrabImageRGBD(): 8.39647ms
Frame 516 end
Average processing time of GrabImageRGBD(): 8.39528ms
Frame 517 end
Average processing time of GrabImageRGBD(): 8.38463ms
Frame 518 end
Average processing time of GrabImageRGBD(): 8.37676ms
Frame 519 end
Average processing time of GrabImageRGBD(): 8.37515ms
Frame 520 end
Average processing time of GrabImageRGBD(): 8.37385ms
Frame 521 end
Average processing time of GrabImageRGBD(): 8.36588ms
Frame 522 end
Average processing time of GrabImageRGBD(): 8.41011ms
Frame 523 end
Average processing time of GrabImageRGBD(): 8.41207ms
Frame 524 end
Average processing time of GrabImageRGBD(): 8.40125ms
Frame 525 end
Average processing time of GrabImageRGBD(): 8.39224ms
Frame 526 end
Average processing time of GrabImageRGBD(): 8.38255ms
Frame 527 end
Average processing time of GrabImageRGBD(): 8.37386ms
Frame 528 end
Average processing time of GrabImageRGBD(): 8.37216ms
Frame 529 end
Average processing time of GrabImageRGBD(): 8.3703ms
Frame 530 end
Average processing time of GrabImageRGBD(): 8.41439ms
Frame 531 end
Average processing time of GrabImageRGBD(): 8.40955ms
Frame 532 end
Average processing time of GrabImageRGBD(): 8.40423ms
Frame 533 end
Average processing time of GrabImageRGBD(): 8.39861ms
Frame 534 end
Average processing time of GrabImageRGBD(): 8.39018ms
Frame 535 end
Average processing time of GrabImageRGBD(): 8.38525ms
Frame 536 end
Average processing time of GrabImageRGBD(): 8.3826ms
Frame 537 end
Average processing time of GrabImageRGBD(): 8.42519ms
Frame 538 end
Average processing time of GrabImageRGBD(): 8.42249ms
Frame 539 end
Average processing time of GrabImageRGBD(): 8.41155ms
Frame 540 end
Average processing time of GrabImageRGBD(): 8.40719ms
Frame 541 end
Average processing time of GrabImageRGBD(): 8.40607ms
Frame 542 end
Average processing time of GrabImageRGBD(): 8.39713ms
Frame 543 end
Average processing time of GrabImageRGBD(): 8.39689ms
Frame 544 end
Average processing time of GrabImageRGBD(): 8.43453ms
Frame 545 end
Average processing time of GrabImageRGBD(): 8.4364ms
Frame 546 end
Average processing time of GrabImageRGBD(): 8.42731ms
Frame 547 end
Average processing time of GrabImageRGBD(): 8.42759ms
Frame 548 end
Average processing time of GrabImageRGBD(): 8.42632ms
Frame 549 end
Average processing time of GrabImageRGBD(): 8.41981ms
Frame 550 end
Average processing time of GrabImageRGBD(): 8.41039ms
Frame 551 end
Average processing time of GrabImageRGBD(): 8.40926ms
Frame 552 end
Average processing time of GrabImageRGBD(): 8.4483ms
Frame 553 end
Average processing time of GrabImageRGBD(): 8.44359ms
Frame 554 end
Average processing time of GrabImageRGBD(): 8.44378ms
Frame 555 end
Average processing time of GrabImageRGBD(): 8.44426ms
Frame 556 end
Average processing time of GrabImageRGBD(): 8.44052ms
Frame 557 end
Average processing time of GrabImageRGBD(): 8.44016ms
Frame 558 end
Average processing time of GrabImageRGBD(): 8.43116ms
Frame 559 end
Average processing time of GrabImageRGBD(): 8.43155ms
Frame 560 end
Average processing time of GrabImageRGBD(): 8.42226ms
Frame 561 end
Average processing time of GrabImageRGBD(): 8.42199ms
Frame 562 end
Average processing time of GrabImageRGBD(): 8.46382ms
Frame 563 end
Average processing time of GrabImageRGBD(): 8.4591ms
Frame 564 end
Average processing time of GrabImageRGBD(): 8.44965ms
Frame 565 end
Average processing time of GrabImageRGBD(): 8.44081ms
Frame 566 end
Average processing time of GrabImageRGBD(): 8.43902ms
Frame 567 end
Average processing time of GrabImageRGBD(): 8.42956ms
Frame 568 end
Average processing time of GrabImageRGBD(): 8.42715ms
Frame 569 end
Average processing time of GrabImageRGBD(): 8.48061ms
Frame 570 end
Average processing time of GrabImageRGBD(): 8.48326ms
Frame 571 end
Average processing time of GrabImageRGBD(): 8.47716ms
Frame 572 end
Average processing time of GrabImageRGBD(): 8.46913ms
Frame 573 end
Average processing time of GrabImageRGBD(): 8.46195ms
Frame 574 end
Average processing time of GrabImageRGBD(): 8.46089ms
Frame 575 end
Average processing time of GrabImageRGBD(): 8.45891ms
Frame 576 end
Average processing time of GrabImageRGBD(): 8.45583ms
Frame 577 end
Average processing time of GrabImageRGBD(): 8.5024ms
Frame 578 end
Average processing time of GrabImageRGBD(): 8.49558ms
Frame 579 end
Average processing time of GrabImageRGBD(): 8.49106ms
Frame 580 end
Average processing time of GrabImageRGBD(): 8.49053ms
Frame 581 end
Average processing time of GrabImageRGBD(): 8.4825ms
Frame 582 end
Average processing time of GrabImageRGBD(): 8.48106ms
Frame 583 end
Average processing time of GrabImageRGBD(): 8.48043ms
Frame 584 end
Average processing time of GrabImageRGBD(): 8.47155ms
Frame 585 end
Average processing time of GrabImageRGBD(): 8.50574ms
Frame 586 end
Average processing time of GrabImageRGBD(): 8.49901ms
Frame 587 end
Average processing time of GrabImageRGBD(): 8.49081ms
Frame 588 end
Average processing time of GrabImageRGBD(): 8.48699ms
Frame 589 end
Average processing time of GrabImageRGBD(): 8.48146ms
Frame 590 end
Average processing time of GrabImageRGBD(): 8.48047ms
Frame 591 end
Average processing time of GrabImageRGBD(): 8.47968ms
Frame 592 end
Average processing time of GrabImageRGBD(): 8.47092ms
Frame 593 end
Average processing time of GrabImageRGBD(): 8.50887ms
Frame 594 end
Average processing time of GrabImageRGBD(): 8.5052ms
Frame 595 end
Average processing time of GrabImageRGBD(): 8.50111ms
Frame 596 end
Average processing time of GrabImageRGBD(): 8.49576ms
Frame 597 end
Average processing time of GrabImageRGBD(): 8.49564ms
Frame 598 end
Average processing time of GrabImageRGBD(): 8.48995ms
Frame 599 end
Average processing time of GrabImageRGBD(): 8.48952ms
Frame 600 end
Average processing time of GrabImageRGBD(): 8.4893ms
Frame 601 end
Average processing time of GrabImageRGBD(): 8.52424ms
Frame 602 end
Average processing time of GrabImageRGBD(): 8.52763ms
Frame 603 end
Average processing time of GrabImageRGBD(): 8.52737ms
Frame 604 end
Average processing time of GrabImageRGBD(): 8.5279ms
Frame 605 end
Average processing time of GrabImageRGBD(): 8.52004ms
Frame 606 end
Average processing time of GrabImageRGBD(): 8.51279ms
Frame 607 end
Average processing time of GrabImageRGBD(): 8.50968ms
Frame 608 end
Average processing time of GrabImageRGBD(): 8.51189ms
Frame 609 end
Average processing time of GrabImageRGBD(): 8.54488ms
Frame 610 end
Average processing time of GrabImageRGBD(): 8.53904ms
Frame 611 end
Average processing time of GrabImageRGBD(): 8.53086ms
Frame 612 end
Average processing time of GrabImageRGBD(): 8.52681ms
Frame 613 end
Average processing time of GrabImageRGBD(): 8.51886ms
Frame 614 end
Average processing time of GrabImageRGBD(): 8.51873ms
Frame 615 end
Average processing time of GrabImageRGBD(): 8.51292ms
Frame 616 end
Average processing time of GrabImageRGBD(): 8.55246ms
Frame 617 end
Average processing time of GrabImageRGBD(): 8.54598ms
Frame 618 end
Average processing time of GrabImageRGBD(): 8.54255ms
Frame 619 end
Average processing time of GrabImageRGBD(): 8.54086ms
Frame 620 end
Average processing time of GrabImageRGBD(): 8.53781ms
Frame 621 end
Average processing time of GrabImageRGBD(): 8.52938ms
Frame 622 end
Average processing time of GrabImageRGBD(): 8.52628ms
Frame 623 end
Average processing time of GrabImageRGBD(): 8.52365ms
Frame 624 end
Average processing time of GrabImageRGBD(): 8.55725ms
Frame 625 end
Average processing time of GrabImageRGBD(): 8.55495ms
Frame 626 end
Average processing time of GrabImageRGBD(): 8.5523ms
Frame 627 end
Average processing time of GrabImageRGBD(): 8.55182ms
Frame 628 end
Average processing time of GrabImageRGBD(): 8.5468ms
Frame 629 end
Average processing time of GrabImageRGBD(): 8.53984ms
Frame 630 end
Average processing time of GrabImageRGBD(): 8.53762ms
Frame 631 end
Average processing time of GrabImageRGBD(): 8.53572ms
Frame 632 end
Average processing time of GrabImageRGBD(): 8.58709ms
Frame 633 end
Average processing time of GrabImageRGBD(): 8.58918ms
Frame 634 end
Average processing time of GrabImageRGBD(): 8.58815ms
Frame 635 end
Average processing time of GrabImageRGBD(): 8.58671ms
Frame 636 end
Average processing time of GrabImageRGBD(): 8.58618ms
Frame 637 end
Average processing time of GrabImageRGBD(): 8.58586ms
Frame 638 end
Average processing time of GrabImageRGBD(): 8.58491ms
Frame 639 end
Average processing time of GrabImageRGBD(): 8.57808ms
Frame 640 end
Average processing time of GrabImageRGBD(): 8.62898ms
Frame 641 end
Average processing time of GrabImageRGBD(): 8.62799ms
Frame 642 end
Average processing time of GrabImageRGBD(): 8.61978ms
Frame 643 end
Average processing time of GrabImageRGBD(): 8.61397ms
Frame 644 end
Average processing time of GrabImageRGBD(): 8.60914ms
Frame 645 end
Average processing time of GrabImageRGBD(): 8.60645ms
Frame 646 end
Average processing time of GrabImageRGBD(): 8.60416ms
Frame 647 end
Average processing time of GrabImageRGBD(): 8.59849ms
Frame 648 end
Average processing time of GrabImageRGBD(): 8.59473ms
Frame 649 end
Average processing time of GrabImageRGBD(): 8.63327ms
Frame 650 end
Average processing time of GrabImageRGBD(): 8.63287ms
Frame 651 end
Average processing time of GrabImageRGBD(): 8.63021ms
Frame 652 end
Average processing time of GrabImageRGBD(): 8.62944ms
Frame 653 end
Average processing time of GrabImageRGBD(): 8.62393ms
Frame 654 end
Average processing time of GrabImageRGBD(): 8.62016ms
Frame 655 end
Average processing time of GrabImageRGBD(): 8.61248ms
Frame 656 end
Average processing time of GrabImageRGBD(): 8.60387ms
Frame 657 end
Average processing time of GrabImageRGBD(): 8.59965ms
Frame 658 end
Average processing time of GrabImageRGBD(): 8.63295ms
Frame 659 end
Average processing time of GrabImageRGBD(): 8.63176ms
Frame 660 end
Average processing time of GrabImageRGBD(): 8.62341ms
Frame 661 end
Average processing time of GrabImageRGBD(): 8.6151ms
Frame 662 end
Average processing time of GrabImageRGBD(): 8.60681ms
Frame 663 end
Average processing time of GrabImageRGBD(): 8.6028ms
Frame 664 end
Average processing time of GrabImageRGBD(): 8.59942ms
Frame 665 end
Average processing time of GrabImageRGBD(): 8.59549ms
Frame 666 end
Average processing time of GrabImageRGBD(): 8.58679ms
Frame 667 end
Average processing time of GrabImageRGBD(): 8.61822ms
Frame 668 end
Average processing time of GrabImageRGBD(): 8.61842ms
Frame 669 end
Average processing time of GrabImageRGBD(): 8.61241ms
Frame 670 end
Average processing time of GrabImageRGBD(): 8.61008ms
Frame 671 end
Average processing time of GrabImageRGBD(): 8.60449ms
Frame 672 end
Average processing time of GrabImageRGBD(): 8.59629ms
Frame 673 end
Average processing time of GrabImageRGBD(): 8.59354ms
Frame 674 end
Average processing time of GrabImageRGBD(): 8.58698ms
Frame 675 end
Average processing time of GrabImageRGBD(): 8.58382ms
Frame 676 end
Average processing time of GrabImageRGBD(): 8.61367ms
Frame 677 end
Average processing time of GrabImageRGBD(): 8.61408ms
Frame 678 end
Average processing time of GrabImageRGBD(): 8.61227ms
Frame 679 end
Average processing time of GrabImageRGBD(): 8.61046ms
Frame 680 end
Average processing time of GrabImageRGBD(): 8.61081ms
Frame 681 end
Average processing time of GrabImageRGBD(): 8.61105ms
Frame 682 end
Average processing time of GrabImageRGBD(): 8.612ms
Frame 683 end
Average processing time of GrabImageRGBD(): 8.61113ms
Frame 684 end
Average processing time of GrabImageRGBD(): 8.64556ms
Frame 685 end
Average processing time of GrabImageRGBD(): 8.64948ms
Frame 686 end
Average processing time of GrabImageRGBD(): 8.64978ms
Frame 687 end
Average processing time of GrabImageRGBD(): 8.64293ms
Frame 688 end
Average processing time of GrabImageRGBD(): 8.63998ms
Frame 689 end
Average processing time of GrabImageRGBD(): 8.63287ms
Frame 690 end
Average processing time of GrabImageRGBD(): 8.63085ms
Frame 691 end
Average processing time of GrabImageRGBD(): 8.62911ms
Frame 692 end
Average processing time of GrabImageRGBD(): 8.62656ms
Frame 693 end
Average processing time of GrabImageRGBD(): 8.65894ms
Frame 694 end
Average processing time of GrabImageRGBD(): 8.65567ms
Frame 695 end
Average processing time of GrabImageRGBD(): 8.65395ms
Frame 696 end
Average processing time of GrabImageRGBD(): 8.65129ms
Frame 697 end
Average processing time of GrabImageRGBD(): 8.64901ms
Frame 698 end
Average processing time of GrabImageRGBD(): 8.64224ms
Frame 699 end
Average processing time of GrabImageRGBD(): 8.63426ms
Frame 700 end
Average processing time of GrabImageRGBD(): 8.62662ms
Frame 701 end
Average processing time of GrabImageRGBD(): 8.65855ms
Frame 702 end
Average processing time of GrabImageRGBD(): 8.65888ms
Frame 703 end
Average processing time of GrabImageRGBD(): 8.65677ms
Frame 704 end
Average processing time of GrabImageRGBD(): 8.65016ms
Frame 705 end
Average processing time of GrabImageRGBD(): 8.64674ms
Frame 706 end
Average processing time of GrabImageRGBD(): 8.6435ms
Frame 707 end
Average processing time of GrabImageRGBD(): 8.63764ms
Frame 708 end
Average processing time of GrabImageRGBD(): 8.63409ms
Frame 709 end
Average processing time of GrabImageRGBD(): 8.63069ms
Frame 710 end
Average processing time of GrabImageRGBD(): 8.66053ms
Frame 711 end
Average processing time of GrabImageRGBD(): 8.66093ms
Frame 712 end
Average processing time of GrabImageRGBD(): 8.66346ms
Frame 713 end
Average processing time of GrabImageRGBD(): 8.65647ms
Frame 714 end
Average processing time of GrabImageRGBD(): 8.65363ms
Frame 715 end
Average processing time of GrabImageRGBD(): 8.64493ms
Frame 716 end
Average processing time of GrabImageRGBD(): 8.64098ms
Frame 717 end
Average processing time of GrabImageRGBD(): 8.63675ms
Frame 718 end
Average processing time of GrabImageRGBD(): 8.66615ms
Frame 719 end
Average processing time of GrabImageRGBD(): 8.66732ms
Frame 720 end
Average processing time of GrabImageRGBD(): 8.66602ms
Frame 721 end
Average processing time of GrabImageRGBD(): 8.66392ms
Frame 722 end
Average processing time of GrabImageRGBD(): 8.66321ms
Frame 723 end
Average processing time of GrabImageRGBD(): 8.65599ms
Frame 724 end
Average processing time of GrabImageRGBD(): 8.6486ms
Frame 725 end
Average processing time of GrabImageRGBD(): 8.64093ms
Frame 726 end
Average processing time of GrabImageRGBD(): 8.6368ms
Frame 727 end
Average processing time of GrabImageRGBD(): 8.66812ms
Frame 728 end
Average processing time of GrabImageRGBD(): 8.66811ms
Frame 729 end
Average processing time of GrabImageRGBD(): 8.66244ms
Frame 730 end
Average processing time of GrabImageRGBD(): 8.65892ms
Frame 731 end
Average processing time of GrabImageRGBD(): 8.65796ms
Frame 732 end
Average processing time of GrabImageRGBD(): 8.65036ms
Frame 733 end
Average processing time of GrabImageRGBD(): 8.64248ms
Frame 734 end
Average processing time of GrabImageRGBD(): 8.6851ms
Frame 735 end
Average processing time of GrabImageRGBD(): 8.68597ms
Frame 736 end
Average processing time of GrabImageRGBD(): 8.68434ms
Frame 737 end
Average processing time of GrabImageRGBD(): 8.67722ms
Frame 738 end
Average processing time of GrabImageRGBD(): 8.67032ms
Frame 739 end
Average processing time of GrabImageRGBD(): 8.66607ms
Frame 740 end
Average processing time of GrabImageRGBD(): 8.66216ms
Frame 741 end
Average processing time of GrabImageRGBD(): 8.69324ms
Frame 742 end
Average processing time of GrabImageRGBD(): 8.68952ms
Frame 743 end
Average processing time of GrabImageRGBD(): 8.68251ms
Frame 744 end
Average processing time of GrabImageRGBD(): 8.67909ms
Frame 745 end
Average processing time of GrabImageRGBD(): 8.67629ms
Frame 746 end
Average processing time of GrabImageRGBD(): 8.67045ms
Frame 747 end
Average processing time of GrabImageRGBD(): 8.66868ms
Frame 748 end
Average processing time of GrabImageRGBD(): 8.69767ms
Frame 749 end
Average processing time of GrabImageRGBD(): 8.69385ms
Frame 750 end
Average processing time of GrabImageRGBD(): 8.69298ms
Frame 751 end
Average processing time of GrabImageRGBD(): 8.69241ms
Frame 752 end
Average processing time of GrabImageRGBD(): 8.68499ms
Frame 753 end
Average processing time of GrabImageRGBD(): 8.67888ms
Frame 754 end
Average processing time of GrabImageRGBD(): 8.67136ms
Frame 755 end
Average processing time of GrabImageRGBD(): 8.66369ms
Frame 756 end
Average processing time of GrabImageRGBD(): 8.65856ms
Frame 757 end
Average processing time of GrabImageRGBD(): 8.65451ms
Frame 758 end
Average processing time of GrabImageRGBD(): 8.6528ms
Frame 759 end
Average processing time of GrabImageRGBD(): 8.6458ms
Frame 760 end
Average processing time of GrabImageRGBD(): 8.64405ms
Frame 761 end
Average processing time of GrabImageRGBD(): 8.64243ms
Frame 762 end
Average processing time of GrabImageRGBD(): 8.63591ms
Frame 763 end
Average processing time of GrabImageRGBD(): 8.63419ms
Frame 764 end
Average processing time of GrabImageRGBD(): 8.632ms
Frame 765 end
Average processing time of GrabImageRGBD(): 8.62471ms
Frame 766 end
Average processing time of GrabImageRGBD(): 8.65251ms
Frame 767 end
Average processing time of GrabImageRGBD(): 8.64745ms
Frame 768 end
Average processing time of GrabImageRGBD(): 8.64564ms
Frame 769 end
Average processing time of GrabImageRGBD(): 8.64391ms
Frame 770 end
Average processing time of GrabImageRGBD(): 8.63984ms
Frame 771 end
Average processing time of GrabImageRGBD(): 8.63851ms
Frame 772 end
Average processing time of GrabImageRGBD(): 8.67932ms
Frame 773 end
Average processing time of GrabImageRGBD(): 8.68177ms
Frame 774 end
Average processing time of GrabImageRGBD(): 8.68134ms
Frame 775 end
Average processing time of GrabImageRGBD(): 8.68043ms
Frame 776 end
Average processing time of GrabImageRGBD(): 8.67929ms
Frame 777 end
Average processing time of GrabImageRGBD(): 8.67268ms
Frame 778 end
Average processing time of GrabImageRGBD(): 8.6709ms
Frame 779 end
Average processing time of GrabImageRGBD(): 8.70071ms
Frame 780 end
Average processing time of GrabImageRGBD(): 8.70196ms
Frame 781 end
Average processing time of GrabImageRGBD(): 8.69641ms
Frame 782 end
Average processing time of GrabImageRGBD(): 8.69507ms
Frame 783 end
Average processing time of GrabImageRGBD(): 8.68993ms
Frame 784 end
Average processing time of GrabImageRGBD(): 8.68443ms
Frame 785 end
Average processing time of GrabImageRGBD(): 8.68285ms
Frame 786 end
Average processing time of GrabImageRGBD(): 8.70957ms
Frame 787 end
Average processing time of GrabImageRGBD(): 8.70808ms
Frame 788 end
Average processing time of GrabImageRGBD(): 8.70855ms
Frame 789 end
Average processing time of GrabImageRGBD(): 8.70889ms
Frame 790 end
Average processing time of GrabImageRGBD(): 8.70161ms
Frame 791 end
Average processing time of GrabImageRGBD(): 8.69648ms
Frame 792 end
Average processing time of GrabImageRGBD(): 8.69577ms
Frame 793 end
Average processing time of GrabImageRGBD(): 8.72874ms
Frame 794 end
Average processing time of GrabImageRGBD(): 8.73189ms
Frame 795 end
Average processing time of GrabImageRGBD(): 8.73521ms
Frame 796 end
Average processing time of GrabImageRGBD(): 8.73816ms
Frame 797 end
Average processing time of GrabImageRGBD(): 8.74129ms
Frame 798 end
Average processing time of GrabImageRGBD(): 8.74421ms
Frame 799 end
Average processing time of GrabImageRGBD(): 8.73987ms
Frame 800 end
Average processing time of GrabImageRGBD(): 8.73834ms
Frame 801 end
Average processing time of GrabImageRGBD(): 8.73318ms
Frame 802 end
Average processing time of GrabImageRGBD(): 8.7285ms
Frame 803 end
Average processing time of GrabImageRGBD(): 8.72988ms
Frame 804 end
Average processing time of GrabImageRGBD(): 8.7635ms
Frame 805 end
Average processing time of GrabImageRGBD(): 8.76819ms
Frame 806 end
Average processing time of GrabImageRGBD(): 8.77092ms
Frame 807 end
Average processing time of GrabImageRGBD(): 8.7733ms
Frame 808 end
Average processing time of GrabImageRGBD(): 8.77517ms
Frame 809 end
Average processing time of GrabImageRGBD(): 8.77812ms
Frame 810 end
Average processing time of GrabImageRGBD(): 8.77258ms
Frame 811 end
Average processing time of GrabImageRGBD(): 8.80658ms
Frame 812 end
Average processing time of GrabImageRGBD(): 8.80736ms
Frame 813 end
Average processing time of GrabImageRGBD(): 8.80925ms
Frame 814 end
Average processing time of GrabImageRGBD(): 8.81031ms
Frame 815 end
Average processing time of GrabImageRGBD(): 8.81268ms
Frame 816 end
Average processing time of GrabImageRGBD(): 8.81499ms
Frame 817 end
Average processing time of GrabImageRGBD(): 8.81285ms
Frame 818 end
Average processing time of GrabImageRGBD(): 8.8124ms
Frame 819 end
Average processing time of GrabImageRGBD(): 8.84467ms
Frame 820 end
Average processing time of GrabImageRGBD(): 8.84805ms
Frame 821 end
Average processing time of GrabImageRGBD(): 8.85014ms
Frame 822 end
Average processing time of GrabImageRGBD(): 8.85281ms
Frame 823 end
Average processing time of GrabImageRGBD(): 8.85499ms
Frame 824 end
Average processing time of GrabImageRGBD(): 8.85915ms
Frame 825 end
Average processing time of GrabImageRGBD(): 8.86285ms
Frame 826 end
Average processing time of GrabImageRGBD(): 8.89856ms
Frame 827 end
Average processing time of GrabImageRGBD(): 8.90392ms
Frame 828 end
Average processing time of GrabImageRGBD(): 8.90187ms
Frame 829 end
Average processing time of GrabImageRGBD(): 8.90253ms
Frame 830 end
Average processing time of GrabImageRGBD(): 8.90168ms
Frame 831 end
Average processing time of GrabImageRGBD(): 8.90484ms
Frame 832 end
Average processing time of GrabImageRGBD(): 8.91004ms
Frame 833 end
Average processing time of GrabImageRGBD(): 8.9133ms
Frame 834 end
Average processing time of GrabImageRGBD(): 8.94753ms
Frame 835 end
Average processing time of GrabImageRGBD(): 8.94738ms
Frame 836 end
Average processing time of GrabImageRGBD(): 8.94976ms
Frame 837 end
Average processing time of GrabImageRGBD(): 8.94935ms
Frame 838 end
Average processing time of GrabImageRGBD(): 8.95187ms
Frame 839 end
Average processing time of GrabImageRGBD(): 8.9541ms
Frame 840 end
Average processing time of GrabImageRGBD(): 8.95584ms
Frame 841 end
Average processing time of GrabImageRGBD(): 8.95141ms
Frame 842 end
Average processing time of GrabImageRGBD(): 8.95086ms
Frame 843 end
Average processing time of GrabImageRGBD(): 8.99549ms
Frame 844 end
Average processing time of GrabImageRGBD(): 8.99963ms
Frame 845 end
Average processing time of GrabImageRGBD(): 9.00245ms
Frame 846 end
Average processing time of GrabImageRGBD(): 9.00573ms
Frame 847 end
Average processing time of GrabImageRGBD(): 9.00898ms
Frame 848 end
Average processing time of GrabImageRGBD(): 9.01201ms
Frame 849 end
Average processing time of GrabImageRGBD(): 9.01607ms
Frame 850 end
Average processing time of GrabImageRGBD(): 9.01676ms
Frame 851 end
Average processing time of GrabImageRGBD(): 9.01316ms
Frame 852 end
Average processing time of GrabImageRGBD(): 9.01363ms
Frame 853 end
Average processing time of GrabImageRGBD(): 9.01526ms
Frame 854 end
Average processing time of GrabImageRGBD(): 9.01839ms
Frame 855 end
Average processing time of GrabImageRGBD(): 9.01909ms
Frame 856 end
Average processing time of GrabImageRGBD(): 9.01668ms
Frame 857 end
Average processing time of GrabImageRGBD(): 9.01573ms
Frame 858 end
Average processing time of GrabImageRGBD(): 9.01765ms
Frame 859 end
Average processing time of GrabImageRGBD(): 9.01846ms
Frame 860 end
Average processing time of GrabImageRGBD(): 9.01424ms
Frame 861 end
Average processing time of GrabImageRGBD(): 9.01274ms
Frame 862 end
Average processing time of GrabImageRGBD(): 9.01449ms
Frame 863 end
Average processing time of GrabImageRGBD(): 9.01329ms
Frame 864 end
Average processing time of GrabImageRGBD(): 9.01177ms
Frame 865 end
Average processing time of GrabImageRGBD(): 9.01122ms
Frame 866 end
Average processing time of GrabImageRGBD(): 9.00885ms
Frame 867 end
Average processing time of GrabImageRGBD(): 9.00791ms
Frame 868 end
Average processing time of GrabImageRGBD(): 9.01196ms
Frame 869 end
Average processing time of GrabImageRGBD(): 9.01308ms
Frame 870 end
Average processing time of GrabImageRGBD(): 9.04528ms
Frame 871 end
Average processing time of GrabImageRGBD(): 9.04666ms
Frame 872 end
Average processing time of GrabImageRGBD(): 9.04933ms
Frame 873 end
Average processing time of GrabImageRGBD(): 9.0476ms
Frame 874 end
Average processing time of GrabImageRGBD(): 9.0462ms
Frame 875 end
Average processing time of GrabImageRGBD(): 9.04865ms
Frame 876 end
Average processing time of GrabImageRGBD(): 9.0483ms
Frame 877 end
Average processing time of GrabImageRGBD(): 9.05061ms
Frame 878 end
Average processing time of GrabImageRGBD(): 9.05024ms
Frame 879 end
Average processing time of GrabImageRGBD(): 9.0834ms
Frame 880 end
Average processing time of GrabImageRGBD(): 9.08325ms
Frame 881 end
Average processing time of GrabImageRGBD(): 9.08581ms
Frame 882 end
Average processing time of GrabImageRGBD(): 9.08949ms
Frame 883 end
Average processing time of GrabImageRGBD(): 9.08987ms
Frame 884 end
Average processing time of GrabImageRGBD(): 9.08835ms
Frame 885 end
Average processing time of GrabImageRGBD(): 9.09115ms
Frame 886 end
Average processing time of GrabImageRGBD(): 9.09226ms
Frame 887 end
Average processing time of GrabImageRGBD(): 9.12468ms
Frame 888 end
Average processing time of GrabImageRGBD(): 9.1282ms
Frame 889 end
Average processing time of GrabImageRGBD(): 9.13049ms
Frame 890 end
Average processing time of GrabImageRGBD(): 9.13394ms
Frame 891 end
Average processing time of GrabImageRGBD(): 9.13672ms
Frame 892 end
Average processing time of GrabImageRGBD(): 9.1394ms
Frame 893 end
Average processing time of GrabImageRGBD(): 9.1423ms
Frame 894 end
Average processing time of GrabImageRGBD(): 9.14166ms
Frame 895 end
Average processing time of GrabImageRGBD(): 9.17289ms
Frame 896 end
Average processing time of GrabImageRGBD(): 9.17718ms
Frame 897 end
Average processing time of GrabImageRGBD(): 9.18048ms
Frame 898 end
Average processing time of GrabImageRGBD(): 9.1815ms
Frame 899 end
Average processing time of GrabImageRGBD(): 9.18647ms
Frame 900 end
Average processing time of GrabImageRGBD(): 9.18853ms
Frame 901 end
Average processing time of GrabImageRGBD(): 9.19288ms
Frame 902 end
Average processing time of GrabImageRGBD(): 9.22309ms
Frame 903 end
Average processing time of GrabImageRGBD(): 9.22949ms
Frame 904 end
Average processing time of GrabImageRGBD(): 9.23392ms
Frame 905 end
Average processing time of GrabImageRGBD(): 9.23645ms
Frame 906 end
Average processing time of GrabImageRGBD(): 9.23996ms
Frame 907 end
Average processing time of GrabImageRGBD(): 9.24316ms
Frame 908 end
Average processing time of GrabImageRGBD(): 9.24689ms
Frame 909 end
Average processing time of GrabImageRGBD(): 9.24948ms
Frame 910 end
Average processing time of GrabImageRGBD(): 9.25107ms
Frame 911 end
Average processing time of GrabImageRGBD(): 9.25619ms
Frame 912 end
Average processing time of GrabImageRGBD(): 9.26785ms
Frame 913 end
Average processing time of GrabImageRGBD(): 9.27084ms
Frame 914 end
Average processing time of GrabImageRGBD(): 9.27317ms
Frame 915 end
Average processing time of GrabImageRGBD(): 9.27626ms
Frame 916 end
Average processing time of GrabImageRGBD(): 9.30912ms
Frame 917 end
Average processing time of GrabImageRGBD(): 9.31806ms
Frame 918 end
Average processing time of GrabImageRGBD(): 9.32458ms
Frame 919 end
Average processing time of GrabImageRGBD(): 9.32906ms
Frame 920 end
Average processing time of GrabImageRGBD(): 9.33265ms
Frame 921 end
Average processing time of GrabImageRGBD(): 9.33616ms
Frame 922 end
Average processing time of GrabImageRGBD(): 9.33881ms
Frame 923 end
Average processing time of GrabImageRGBD(): 9.34018ms
Frame 924 end
Average processing time of GrabImageRGBD(): 9.34149ms
Frame 925 end
Average processing time of GrabImageRGBD(): 9.34296ms
Frame 926 end
Average processing time of GrabImageRGBD(): 9.37315ms
Frame 927 end
Average processing time of GrabImageRGBD(): 9.37691ms
Frame 928 end
Average processing time of GrabImageRGBD(): 9.38086ms
Frame 929 end
Average processing time of GrabImageRGBD(): 9.38731ms
Frame 930 end
Average processing time of GrabImageRGBD(): 9.39073ms
Frame 931 end
Average processing time of GrabImageRGBD(): 9.39401ms
Frame 932 end
Average processing time of GrabImageRGBD(): 9.39637ms
Frame 933 end
Average processing time of GrabImageRGBD(): 9.39966ms
Frame 934 end
Average processing time of GrabImageRGBD(): 9.40313ms
Frame 935 end
Average processing time of GrabImageRGBD(): 9.40542ms
Frame 936 end
Average processing time of GrabImageRGBD(): 9.4088ms
Frame 937 end
Average processing time of GrabImageRGBD(): 9.41219ms
Frame 938 end
Average processing time of GrabImageRGBD(): 9.41533ms
Frame 939 end
Average processing time of GrabImageRGBD(): 9.42061ms
Frame 940 end
Average processing time of GrabImageRGBD(): 9.42215ms
Frame 941 end
Average processing time of GrabImageRGBD(): 9.42838ms
Frame 942 end
Average processing time of GrabImageRGBD(): 9.45846ms
Frame 943 end
Average processing time of GrabImageRGBD(): 9.4637ms
Frame 944 end
Average processing time of GrabImageRGBD(): 9.46798ms
Frame 945 end
Average processing time of GrabImageRGBD(): 9.47173ms
Frame 946 end
Average processing time of GrabImageRGBD(): 9.47591ms
Frame 947 end
Average processing time of GrabImageRGBD(): 9.47929ms
Frame 948 end
Average processing time of GrabImageRGBD(): 9.48241ms
Frame 949 end
Average processing time of GrabImageRGBD(): 9.48714ms
Frame 950 end
Average processing time of GrabImageRGBD(): 9.51867ms
Frame 951 end
Average processing time of GrabImageRGBD(): 9.52338ms
Frame 952 end
Average processing time of GrabImageRGBD(): 9.5241ms
Frame 953 end
Average processing time of GrabImageRGBD(): 9.52173ms
Frame 954 end
Average processing time of GrabImageRGBD(): 9.52188ms
Frame 955 end
Average processing time of GrabImageRGBD(): 9.52352ms
Frame 956 end
Average processing time of GrabImageRGBD(): 9.5213ms
Frame 957 end
Average processing time of GrabImageRGBD(): 9.51882ms
Frame 958 end
Average processing time of GrabImageRGBD(): 9.51871ms
Frame 959 end
Average processing time of GrabImageRGBD(): 9.51545ms
Frame 960 end
Average processing time of GrabImageRGBD(): 9.54695ms
Frame 961 end
Average processing time of GrabImageRGBD(): 9.54726ms
Frame 962 end
Average processing time of GrabImageRGBD(): 9.54532ms
Frame 963 end
Average processing time of GrabImageRGBD(): 9.54587ms
Frame 964 end
Average processing time of GrabImageRGBD(): 9.54709ms
Frame 965 end
Average processing time of GrabImageRGBD(): 9.54507ms
Frame 966 end
Average processing time of GrabImageRGBD(): 9.54735ms
Frame 967 end
Average processing time of GrabImageRGBD(): 9.5476ms
Frame 968 end
Average processing time of GrabImageRGBD(): 9.54502ms
Frame 969 end
Average processing time of GrabImageRGBD(): 9.54262ms
Frame 970 end
Average processing time of GrabImageRGBD(): 9.54417ms
Frame 971 end
Average processing time of GrabImageRGBD(): 9.57388ms
Frame 972 end
Average processing time of GrabImageRGBD(): 9.57394ms
Frame 973 end
Average processing time of GrabImageRGBD(): 9.56956ms
Frame 974 end
Average processing time of GrabImageRGBD(): 9.56872ms
Frame 975 end
Average processing time of GrabImageRGBD(): 9.56677ms
Frame 976 end
Average processing time of GrabImageRGBD(): 9.56846ms
Frame 977 end
Average processing time of GrabImageRGBD(): 9.56947ms
Frame 978 end
Average processing time of GrabImageRGBD(): 9.56696ms
Frame 979 end
Average processing time of GrabImageRGBD(): 9.56757ms
Frame 980 end
Average processing time of GrabImageRGBD(): 9.56833ms
Frame 981 end
Average processing time of GrabImageRGBD(): 9.56406ms
Frame 982 end
Average processing time of GrabImageRGBD(): 9.59274ms
Frame 983 end
Average processing time of GrabImageRGBD(): 9.59411ms
Frame 984 end
Average processing time of GrabImageRGBD(): 9.62576ms
Frame 985 end
Average processing time of GrabImageRGBD(): 9.66893ms
Frame 986 end
Average processing time of GrabImageRGBD(): 9.67054ms
Frame 987 end
Average processing time of GrabImageRGBD(): 9.67112ms
Frame 988 end
Average processing time of GrabImageRGBD(): 9.67219ms
Frame 989 end
Average processing time of GrabImageRGBD(): 9.66972ms
Frame 990 end
Average processing time of GrabImageRGBD(): 9.66719ms
Frame 991 end
Average processing time of GrabImageRGBD(): 9.69908ms
Frame 992 end
Average processing time of GrabImageRGBD(): 9.73164ms
Frame 993 end
Average processing time of GrabImageRGBD(): 9.73118ms
Frame 994 end
Average processing time of GrabImageRGBD(): 9.73386ms
Frame 995 end
Average processing time of GrabImageRGBD(): 9.73523ms
Frame 996 end
Average processing time of GrabImageRGBD(): 9.73542ms
Frame 997 end
Average processing time of GrabImageRGBD(): 9.73633ms
Frame 998 end
Average processing time of GrabImageRGBD(): 9.73763ms
Frame 999 end
Average processing time of GrabImageRGBD(): 9.73932ms
Frame 1000 end
Average processing time of GrabImageRGBD(): 9.74066ms
Frame 1001 end
Average processing time of GrabImageRGBD(): 9.74196ms
Frame 1002 end
Average processing time of GrabImageRGBD(): 9.76916ms
Frame 1003 end
Average processing time of GrabImageRGBD(): 9.77196ms
Frame 1004 end
Average processing time of GrabImageRGBD(): 9.77235ms
Frame 1005 end
Average processing time of GrabImageRGBD(): 9.77372ms
Frame 1006 end
Average processing time of GrabImageRGBD(): 9.77578ms
Frame 1007 end
Average processing time of GrabImageRGBD(): 9.77678ms
Frame 1008 end
Average processing time of GrabImageRGBD(): 9.78277ms
Frame 1009 end
Average processing time of GrabImageRGBD(): 9.78546ms
Frame 1010 end
Average processing time of GrabImageRGBD(): 9.81328ms
Frame 1011 end
Average processing time of GrabImageRGBD(): 9.8184ms
Frame 1012 end
Average processing time of GrabImageRGBD(): 9.82027ms
Frame 1013 end
Average processing time of GrabImageRGBD(): 9.82149ms
Frame 1014 end
Average processing time of GrabImageRGBD(): 9.82408ms
Frame 1015 end
Average processing time of GrabImageRGBD(): 9.8248ms
Frame 1016 end
Average processing time of GrabImageRGBD(): 9.82751ms
Frame 1017 end
Average processing time of GrabImageRGBD(): 9.86697ms
Frame 1018 end
Average processing time of GrabImageRGBD(): 9.87262ms
Frame 1019 end
Average processing time of GrabImageRGBD(): 9.9003ms
Frame 1020 end
Average processing time of GrabImageRGBD(): 9.90901ms
Frame 1021 end
Average processing time of GrabImageRGBD(): 9.915ms
Frame 1022 end
Average processing time of GrabImageRGBD(): 9.94296ms
Frame 1023 end
Average processing time of GrabImageRGBD(): 9.95114ms
Frame 1024 end
Average processing time of GrabImageRGBD(): 9.95421ms
Frame 1025 end
Average processing time of GrabImageRGBD(): 9.9594ms
Frame 1026 end
Average processing time of GrabImageRGBD(): 9.96537ms
Frame 1027 end
Average processing time of GrabImageRGBD(): 9.96778ms
Frame 1028 end
Average processing time of GrabImageRGBD(): 10.01ms
Frame 1029 end
Average processing time of GrabImageRGBD(): 10.0153ms
Frame 1030 end
Average processing time of GrabImageRGBD(): 10.0214ms
Frame 1031 end
Average processing time of GrabImageRGBD(): 10.0236ms
Frame 1032 end
Average processing time of GrabImageRGBD(): 10.0304ms
Frame 1033 end
Average processing time of GrabImageRGBD(): 10.0574ms
Frame 1034 end
Average processing time of GrabImageRGBD(): 10.071ms
Frame 1035 end
Average processing time of GrabImageRGBD(): 10.0773ms
Frame 1036 end
Average processing time of GrabImageRGBD(): 10.082ms
Frame 1037 end
Average processing time of GrabImageRGBD(): 10.0885ms
Frame 1038 end
Average processing time of GrabImageRGBD(): 10.1138ms
Frame 1039 end
Average processing time of GrabImageRGBD(): 10.1185ms
Frame 1040 end
Average processing time of GrabImageRGBD(): 10.1221ms
Frame 1041 end
Average processing time of GrabImageRGBD(): 10.1231ms
Frame 1042 end
Average processing time of GrabImageRGBD(): 10.1302ms
Frame 1043 end
Average processing time of GrabImageRGBD(): 10.1312ms
Frame 1044 end
Average processing time of GrabImageRGBD(): 10.1555ms
Frame 1045 end
Average processing time of GrabImageRGBD(): 10.1595ms
Frame 1046 end
Average processing time of GrabImageRGBD(): 10.1621ms
Frame 1047 end
Average processing time of GrabImageRGBD(): 10.1652ms
Frame 1048 end
Average processing time of GrabImageRGBD(): 10.1644ms
Frame 1049 end
Average processing time of GrabImageRGBD(): 10.1636ms
Frame 1050 end
Average processing time of GrabImageRGBD(): 10.1624ms
Frame 1051 end
Average processing time of GrabImageRGBD(): 10.1627ms
Frame 1052 end
Average processing time of GrabImageRGBD(): 10.1872ms
Frame 1053 end
Average processing time of GrabImageRGBD(): 10.1881ms
Frame 1054 end
Average processing time of GrabImageRGBD(): 10.188ms
Frame 1055 end
Average processing time of GrabImageRGBD(): 10.1895ms
Frame 1056 end
Average processing time of GrabImageRGBD(): 10.1876ms
Frame 1057 end
Average processing time of GrabImageRGBD(): 10.1878ms
Frame 1058 end
Average processing time of GrabImageRGBD(): 10.1867ms
Frame 1059 end
Average processing time of GrabImageRGBD(): 10.1869ms
Frame 1060 end
Average processing time of GrabImageRGBD(): 10.2105ms
Frame 1061 end
Average processing time of GrabImageRGBD(): 10.2072ms
Frame 1062 end
Average processing time of GrabImageRGBD(): 10.2083ms
Frame 1063 end
Average processing time of GrabImageRGBD(): 10.2063ms
Frame 1064 end
Average processing time of GrabImageRGBD(): 10.2073ms
Frame 1065 end
Average processing time of GrabImageRGBD(): 10.2041ms
Frame 1066 end
Average processing time of GrabImageRGBD(): 10.202ms
Frame 1067 end
Average processing time of GrabImageRGBD(): 10.1986ms
Frame 1068 end
Average processing time of GrabImageRGBD(): 10.1951ms
Frame 1069 end
Average processing time of GrabImageRGBD(): 10.1956ms
Frame 1070 end
Average processing time of GrabImageRGBD(): 10.2198ms
Frame 1071 end
Average processing time of GrabImageRGBD(): 10.2218ms
Frame 1072 end
Average processing time of GrabImageRGBD(): 10.2193ms
Frame 1073 end
Average processing time of GrabImageRGBD(): 10.2168ms
Frame 1074 end
Average processing time of GrabImageRGBD(): 10.2173ms
Frame 1075 end
Average processing time of GrabImageRGBD(): 10.2544ms
Frame 1076 end
Average processing time of GrabImageRGBD(): 10.2563ms
Frame 1077 end
Average processing time of GrabImageRGBD(): 10.2533ms
Frame 1078 end
Average processing time of GrabImageRGBD(): 10.2539ms
Frame 1079 end
Average processing time of GrabImageRGBD(): 10.2538ms
Frame 1080 end
Average processing time of GrabImageRGBD(): 10.2549ms
Frame 1081 end
Average processing time of GrabImageRGBD(): 10.2557ms
Frame 1082 end
Average processing time of GrabImageRGBD(): 10.2546ms
Frame 1083 end
Average processing time of GrabImageRGBD(): 10.2511ms
Frame 1084 end
Average processing time of GrabImageRGBD(): 10.2506ms
Frame 1085 end
Average processing time of GrabImageRGBD(): 10.2761ms
Frame 1086 end
Average processing time of GrabImageRGBD(): 10.2767ms
Frame 1087 end
Average processing time of GrabImageRGBD(): 10.2773ms
Frame 1088 end
Average processing time of GrabImageRGBD(): 10.2779ms
Frame 1089 end
Average processing time of GrabImageRGBD(): 10.2778ms
Frame 1090 end
Average processing time of GrabImageRGBD(): 10.2784ms
Frame 1091 end
Average processing time of GrabImageRGBD(): 10.2777ms
Frame 1092 end
Average processing time of GrabImageRGBD(): 10.2777ms
Frame 1093 end
Average processing time of GrabImageRGBD(): 10.3075ms
Frame 1094 end
Average processing time of GrabImageRGBD(): 10.3094ms
Frame 1095 end
Average processing time of GrabImageRGBD(): 10.3093ms
Frame 1096 end
Average processing time of GrabImageRGBD(): 10.3091ms
Frame 1097 end
Average processing time of GrabImageRGBD(): 10.3063ms
Frame 1098 end
Average processing time of GrabImageRGBD(): 10.3035ms
Frame 1099 end
Average processing time of GrabImageRGBD(): 10.3034ms
Frame 1100 end
Average processing time of GrabImageRGBD(): 10.2999ms
Frame 1101 end
Average processing time of GrabImageRGBD(): 10.2988ms
Frame 1102 end
Average processing time of GrabImageRGBD(): 10.2989ms
Frame 1103 end
Average processing time of GrabImageRGBD(): 10.325ms
Frame 1104 end
Average processing time of GrabImageRGBD(): 10.3283ms
Frame 1105 end
Average processing time of GrabImageRGBD(): 10.3286ms
Frame 1106 end
Average processing time of GrabImageRGBD(): 10.3288ms
Frame 1107 end
Average processing time of GrabImageRGBD(): 10.3292ms
Frame 1108 end
Average processing time of GrabImageRGBD(): 10.3264ms
Frame 1109 end
Average processing time of GrabImageRGBD(): 10.3297ms
Frame 1110 end
Average processing time of GrabImageRGBD(): 10.3246ms
Frame 1111 end
Average processing time of GrabImageRGBD(): 10.3215ms
Frame 1112 end
Average processing time of GrabImageRGBD(): 10.3177ms
Frame 1113 end
Average processing time of GrabImageRGBD(): 10.3145ms
Frame 1114 end
Average processing time of GrabImageRGBD(): 10.3132ms
Frame 1115 end
Average processing time of GrabImageRGBD(): 10.3393ms
Frame 1116 end
Average processing time of GrabImageRGBD(): 10.3412ms
Frame 1117 end
Average processing time of GrabImageRGBD(): 10.3409ms
Frame 1118 end
Average processing time of GrabImageRGBD(): 10.3364ms
Frame 1119 end
Average processing time of GrabImageRGBD(): 10.3344ms
Frame 1120 end
Average processing time of GrabImageRGBD(): 10.3363ms
Frame 1121 end
Average processing time of GrabImageRGBD(): 10.3335ms
Frame 1122 end
Average processing time of GrabImageRGBD(): 10.3332ms
Frame 1123 end
Average processing time of GrabImageRGBD(): 10.333ms
Frame 1124 end
Average processing time of GrabImageRGBD(): 10.3309ms
Frame 1125 end
Average processing time of GrabImageRGBD(): 10.3541ms
Frame 1126 end
Average processing time of GrabImageRGBD(): 10.3547ms
Frame 1127 end
Average processing time of GrabImageRGBD(): 10.3553ms
Frame 1128 end
Average processing time of GrabImageRGBD(): 10.351ms
Frame 1129 end
Average processing time of GrabImageRGBD(): 10.3487ms
Frame 1130 end
Average processing time of GrabImageRGBD(): 10.3481ms
Frame 1131 end
Average processing time of GrabImageRGBD(): 10.3485ms
Frame 1132 end
Average processing time of GrabImageRGBD(): 10.3479ms
Frame 1133 end
Average processing time of GrabImageRGBD(): 10.3478ms
Frame 1134 end
Average processing time of GrabImageRGBD(): 10.3711ms
Frame 1135 end
Average processing time of GrabImageRGBD(): 10.3728ms
Frame 1136 end
Average processing time of GrabImageRGBD(): 10.3732ms
Frame 1137 end
Average processing time of GrabImageRGBD(): 10.3746ms
Frame 1138 end
Average processing time of GrabImageRGBD(): 10.3755ms
Frame 1139 end
Average processing time of GrabImageRGBD(): 10.3759ms
Frame 1140 end
Average processing time of GrabImageRGBD(): 10.3762ms
Frame 1141 end
Average processing time of GrabImageRGBD(): 10.377ms
Frame 1142 end
Average processing time of GrabImageRGBD(): 10.402ms
Frame 1143 end
Average processing time of GrabImageRGBD(): 10.4065ms
Frame 1144 end
Average processing time of GrabImageRGBD(): 10.4077ms
Frame 1145 end
Average processing time of GrabImageRGBD(): 10.4112ms
Frame 1146 end
Average processing time of GrabImageRGBD(): 10.4111ms
Frame 1147 end
Average processing time of GrabImageRGBD(): 10.4132ms
Frame 1148 end
Average processing time of GrabImageRGBD(): 10.4165ms
Frame 1149 end
Average processing time of GrabImageRGBD(): 10.4188ms
Frame 1150 end
Average processing time of GrabImageRGBD(): 10.4213ms
Frame 1151 end
Average processing time of GrabImageRGBD(): 10.4427ms
Frame 1152 end
Average processing time of GrabImageRGBD(): 10.445ms
Frame 1153 end
Average processing time of GrabImageRGBD(): 10.4449ms
Frame 1154 end
Average processing time of GrabImageRGBD(): 10.4469ms
Frame 1155 end
Average processing time of GrabImageRGBD(): 10.4446ms
Frame 1156 end
Average processing time of GrabImageRGBD(): 10.4454ms
Frame 1157 end
Average processing time of GrabImageRGBD(): 10.4458ms
Frame 1158 end
Average processing time of GrabImageRGBD(): 10.4472ms
Frame 1159 end
Average processing time of GrabImageRGBD(): 10.4477ms
Frame 1160 end
Average processing time of GrabImageRGBD(): 10.4473ms
Frame 1161 end
Average processing time of GrabImageRGBD(): 10.451ms
Frame 1162 end
Average processing time of GrabImageRGBD(): 10.4751ms
Frame 1163 end
Average processing time of GrabImageRGBD(): 10.4778ms
Frame 1164 end
Average processing time of GrabImageRGBD(): 10.4789ms
Frame 1165 end
Average processing time of GrabImageRGBD(): 10.4796ms
Frame 1166 end
Average processing time of GrabImageRGBD(): 10.4815ms
Frame 1167 end
Average processing time of GrabImageRGBD(): 10.482ms
Frame 1168 end
Average processing time of GrabImageRGBD(): 10.4822ms
Frame 1169 end
Average processing time of GrabImageRGBD(): 10.4789ms
Frame 1170 end
Average processing time of GrabImageRGBD(): 10.4778ms
Frame 1171 end
Average processing time of GrabImageRGBD(): 10.4777ms
Frame 1172 end
Average processing time of GrabImageRGBD(): 10.4733ms
Frame 1173 end
Average processing time of GrabImageRGBD(): 10.4982ms
Frame 1174 end
Average processing time of GrabImageRGBD(): 10.5007ms
Frame 1175 end
Average processing time of GrabImageRGBD(): 10.5008ms
Frame 1176 end
Average processing time of GrabImageRGBD(): 10.4972ms
Frame 1177 end
Average processing time of GrabImageRGBD(): 10.4975ms
Frame 1178 end
Average processing time of GrabImageRGBD(): 10.4984ms
Frame 1179 end
Average processing time of GrabImageRGBD(): 10.4939ms
Frame 1180 end
Average processing time of GrabImageRGBD(): 10.4908ms
Frame 1181 end
Average processing time of GrabImageRGBD(): 10.489ms
Frame 1182 end
Average processing time of GrabImageRGBD(): 10.4899ms
Frame 1183 end
Average processing time of GrabImageRGBD(): 10.4902ms
Frame 1184 end
Average processing time of GrabImageRGBD(): 10.4901ms
Frame 1185 end
Average processing time of GrabImageRGBD(): 10.4886ms
Frame 1186 end
Average processing time of GrabImageRGBD(): 10.5136ms
Frame 1187 end
Average processing time of GrabImageRGBD(): 10.5148ms
Frame 1188 end
Average processing time of GrabImageRGBD(): 10.5128ms
Frame 1189 end
Average processing time of GrabImageRGBD(): 10.5113ms
Frame 1190 end
Average processing time of GrabImageRGBD(): 10.5121ms
Frame 1191 end
Average processing time of GrabImageRGBD(): 10.5115ms
Frame 1192 end
Average processing time of GrabImageRGBD(): 10.5122ms
Frame 1193 end
Average processing time of GrabImageRGBD(): 10.5125ms
Frame 1194 end
Average processing time of GrabImageRGBD(): 10.5127ms
Frame 1195 end
Average processing time of GrabImageRGBD(): 10.512ms
Frame 1196 end
Average processing time of GrabImageRGBD(): 10.5119ms
Frame 1197 end
Average processing time of GrabImageRGBD(): 10.5102ms
Frame 1198 end
Average processing time of GrabImageRGBD(): 10.5116ms
Frame 1199 end
Average processing time of GrabImageRGBD(): 10.5335ms
Frame 1200 end
Average processing time of GrabImageRGBD(): 10.5338ms
Frame 1201 end
Average processing time of GrabImageRGBD(): 10.5311ms
Frame 1202 end
Average processing time of GrabImageRGBD(): 10.5326ms
Frame 1203 end
Average processing time of GrabImageRGBD(): 10.533ms
Frame 1204 end
Average processing time of GrabImageRGBD(): 10.5311ms
Frame 1205 end
Average processing time of GrabImageRGBD(): 10.5283ms
Frame 1206 end
Average processing time of GrabImageRGBD(): 10.529ms
Frame 1207 end
Average processing time of GrabImageRGBD(): 10.5291ms
Frame 1208 end
Average processing time of GrabImageRGBD(): 10.5285ms
Frame 1209 end
Average processing time of GrabImageRGBD(): 10.5286ms
Frame 1210 end
Average processing time of GrabImageRGBD(): 10.5279ms
Frame 1211 end
Average processing time of GrabImageRGBD(): 10.5506ms
Frame 1212 end
Average processing time of GrabImageRGBD(): 10.5497ms
Frame 1213 end
Average processing time of GrabImageRGBD(): 10.5476ms
Frame 1214 end
Average processing time of GrabImageRGBD(): 10.5482ms
Frame 1215 end
Average processing time of GrabImageRGBD(): 10.5482ms
Frame 1216 end
Average processing time of GrabImageRGBD(): 10.5484ms
Frame 1217 end
Average processing time of GrabImageRGBD(): 10.5458ms
Frame 1218 end
Average processing time of GrabImageRGBD(): 10.5462ms
Frame 1219 end
Average processing time of GrabImageRGBD(): 10.5471ms
Frame 1220 end
Average processing time of GrabImageRGBD(): 10.5445ms
Frame 1221 end
Average processing time of GrabImageRGBD(): 10.5453ms
Frame 1222 end
Average processing time of GrabImageRGBD(): 10.546ms
Frame 1223 end
Average processing time of GrabImageRGBD(): 10.5443ms
Frame 1224 end
Average processing time of GrabImageRGBD(): 10.5769ms
Frame 1225 end
Average processing time of GrabImageRGBD(): 10.5803ms
Frame 1226 end
Average processing time of GrabImageRGBD(): 10.5815ms
Frame 1227 end
Average processing time of GrabImageRGBD(): 10.5821ms
Frame 1228 end
Average processing time of GrabImageRGBD(): 10.5833ms
Frame 1229 end
Average processing time of GrabImageRGBD(): 10.5824ms
Frame 1230 end
Average processing time of GrabImageRGBD(): 10.5805ms
Frame 1231 end
Average processing time of GrabImageRGBD(): 10.5778ms
Frame 1232 end
Average processing time of GrabImageRGBD(): 10.5758ms
Frame 1233 end
Average processing time of GrabImageRGBD(): 10.5767ms
Frame 1234 end
Average processing time of GrabImageRGBD(): 10.5739ms
Frame 1235 end
Average processing time of GrabImageRGBD(): 10.573ms
Frame 1236 end
Average processing time of GrabImageRGBD(): 10.5742ms
Frame 1237 end
Average processing time of GrabImageRGBD(): 10.5974ms
Frame 1238 end
Average processing time of GrabImageRGBD(): 10.5945ms
Frame 1239 end
Average processing time of GrabImageRGBD(): 10.5926ms
Frame 1240 end
Average processing time of GrabImageRGBD(): 10.5918ms
Frame 1241 end
Average processing time of GrabImageRGBD(): 10.5884ms
Frame 1242 end
Average processing time of GrabImageRGBD(): 10.5873ms
Frame 1243 end
Average processing time of GrabImageRGBD(): 10.5867ms
Frame 1244 end
Average processing time of GrabImageRGBD(): 10.5835ms
Frame 1245 end
Average processing time of GrabImageRGBD(): 10.5791ms
Frame 1246 end
Average processing time of GrabImageRGBD(): 10.5766ms
Frame 1247 end
Average processing time of GrabImageRGBD(): 10.573ms
Frame 1248 end
Average processing time of GrabImageRGBD(): 10.5729ms
Frame 1249 end
Average processing time of GrabImageRGBD(): 10.5942ms
Frame 1250 end
Average processing time of GrabImageRGBD(): 10.5945ms
Frame 1251 end
Average processing time of GrabImageRGBD(): 10.5924ms
Frame 1252 end
Average processing time of GrabImageRGBD(): 10.5905ms
Frame 1253 end
Average processing time of GrabImageRGBD(): 10.5912ms
Frame 1254 end
Average processing time of GrabImageRGBD(): 10.5924ms
Frame 1255 end
Average processing time of GrabImageRGBD(): 10.593ms
Frame 1256 end
Average processing time of GrabImageRGBD(): 10.5949ms
Frame 1257 end
Average processing time of GrabImageRGBD(): 10.5954ms
Frame 1258 end
Average processing time of GrabImageRGBD(): 10.5962ms
Frame 1259 end
Average processing time of GrabImageRGBD(): 10.5964ms
Frame 1260 end
Average processing time of GrabImageRGBD(): 10.5961ms
Frame 1261 end
Average processing time of GrabImageRGBD(): 10.617ms
Frame 1262 end
Average processing time of GrabImageRGBD(): 10.6177ms
Frame 1263 end
Average processing time of GrabImageRGBD(): 10.6176ms
Frame 1264 end
Average processing time of GrabImageRGBD(): 10.6169ms
Frame 1265 end
Average processing time of GrabImageRGBD(): 10.6176ms
Frame 1266 end
Average processing time of GrabImageRGBD(): 10.6181ms
Frame 1267 end
Average processing time of GrabImageRGBD(): 10.6141ms
Frame 1268 end
Average processing time of GrabImageRGBD(): 10.6151ms
Frame 1269 end
Average processing time of GrabImageRGBD(): 10.6146ms
Frame 1270 end
Average processing time of GrabImageRGBD(): 10.6132ms
Frame 1271 end
Average processing time of GrabImageRGBD(): 10.6133ms
Frame 1272 end
Average processing time of GrabImageRGBD(): 10.6122ms
Frame 1273 end
Average processing time of GrabImageRGBD(): 10.6123ms
Frame 1274 end
Average processing time of GrabImageRGBD(): 10.6101ms
Frame 1275 end
Average processing time of GrabImageRGBD(): 10.6071ms
Frame 1276 end
Average processing time of GrabImageRGBD(): 10.6062ms
Frame 1277 end
Average processing time of GrabImageRGBD(): 10.6054ms
Frame 1278 end
Average processing time of GrabImageRGBD(): 10.6053ms
Frame 1279 end
Average processing time of GrabImageRGBD(): 10.6058ms
Frame 1280 end
Average processing time of GrabImageRGBD(): 10.6059ms
Frame 1281 end
Average processing time of GrabImageRGBD(): 10.6025ms
Frame 1282 end
Average processing time of GrabImageRGBD(): 10.6019ms
Frame 1283 end
Average processing time of GrabImageRGBD(): 10.6016ms
Frame 1284 end
Average processing time of GrabImageRGBD(): 10.5996ms
Frame 1285 end
Average processing time of GrabImageRGBD(): 10.5982ms
Frame 1286 end
Average processing time of GrabImageRGBD(): 10.5982ms
Frame 1287 end
Average processing time of GrabImageRGBD(): 10.5981ms
Frame 1288 end
Average processing time of GrabImageRGBD(): 10.598ms
Frame 1289 end
Average processing time of GrabImageRGBD(): 10.5996ms
Frame 1290 end
Average processing time of GrabImageRGBD(): 10.5996ms
Frame 1291 end
Average processing time of GrabImageRGBD(): 10.5979ms
Frame 1292 end
Average processing time of GrabImageRGBD(): 10.6193ms
Frame 1293 end
Average processing time of GrabImageRGBD(): 10.619ms
Frame 1294 end
Average processing time of GrabImageRGBD(): 10.6171ms
Frame 1295 end
Average processing time of GrabImageRGBD(): 10.618ms
Frame 1296 end
Average processing time of GrabImageRGBD(): 10.6181ms
Frame 1297 end
Average processing time of GrabImageRGBD(): 10.6184ms
Frame 1298 end
Average processing time of GrabImageRGBD(): 10.619ms
Frame 1299 end
Average processing time of GrabImageRGBD(): 10.6191ms
Frame 1300 end
Average processing time of GrabImageRGBD(): 10.6209ms
Frame 1301 end
Average processing time of GrabImageRGBD(): 10.6184ms
Frame 1302 end
Average processing time of GrabImageRGBD(): 10.6188ms
Frame 1303 end
Average processing time of GrabImageRGBD(): 10.6187ms
Frame 1304 end
Average processing time of GrabImageRGBD(): 10.6168ms
Frame 1305 end
Average processing time of GrabImageRGBD(): 10.6152ms
Frame 1306 end
Average processing time of GrabImageRGBD(): 10.6121ms
Frame 1307 end
Average processing time of GrabImageRGBD(): 10.6123ms
Frame 1308 end
Average processing time of GrabImageRGBD(): 10.6123ms
Frame 1309 end
Average processing time of GrabImageRGBD(): 10.6105ms
Frame 1310 end
Average processing time of GrabImageRGBD(): 10.6098ms
Frame 1311 end
Average processing time of GrabImageRGBD(): 10.6097ms
Frame 1312 end
Average processing time of GrabImageRGBD(): 10.6098ms
Frame 1313 end
Average processing time of GrabImageRGBD(): 10.6096ms
Frame 1314 end
Average processing time of GrabImageRGBD(): 10.6092ms
Frame 1315 end
Average processing time of GrabImageRGBD(): 10.6075ms
Frame 1316 end
Average processing time of GrabImageRGBD(): 10.6072ms
Frame 1317 end
Average processing time of GrabImageRGBD(): 10.6069ms
Frame 1318 end
Average processing time of GrabImageRGBD(): 10.6065ms
Frame 1319 end
Average processing time of GrabImageRGBD(): 10.6061ms
Frame 1320 end
Average processing time of GrabImageRGBD(): 10.6057ms
Frame 1321 end
Average processing time of GrabImageRGBD(): 10.6033ms
Frame 1322 end
Average processing time of GrabImageRGBD(): 10.604ms
Frame 1323 end
Average processing time of GrabImageRGBD(): 10.6045ms
Frame 1324 end
Average processing time of GrabImageRGBD(): 10.6041ms
Frame 1325 end
Average processing time of GrabImageRGBD(): 10.6037ms
Frame 1326 end
Average processing time of GrabImageRGBD(): 10.6033ms
Frame 1327 end
Average processing time of GrabImageRGBD(): 10.6028ms
Frame 1328 end
Average processing time of GrabImageRGBD(): 10.6026ms
Frame 1329 end
Average processing time of GrabImageRGBD(): 10.6045ms
Frame 1330 end
Average processing time of GrabImageRGBD(): 10.605ms
Frame 1331 end
Average processing time of GrabImageRGBD(): 10.6043ms
Frame 1332 end
Average processing time of GrabImageRGBD(): 10.6032ms
Frame 1333 end
Average processing time of GrabImageRGBD(): 10.6025ms
Frame 1334 end
Average processing time of GrabImageRGBD(): 10.6237ms
Frame 1335 end
Average processing time of GrabImageRGBD(): 10.6253ms
Frame 1336 end
Average processing time of GrabImageRGBD(): 10.6226ms
Frame 1337 end
Average processing time of GrabImageRGBD(): 10.6195ms
Frame 1338 end
Average processing time of GrabImageRGBD(): 10.6168ms
Frame 1339 end
Average processing time of GrabImageRGBD(): 10.6175ms
Frame 1340 end
Average processing time of GrabImageRGBD(): 10.6174ms
Frame 1341 end
Average processing time of GrabImageRGBD(): 10.6174ms
Frame 1342 end
Average processing time of GrabImageRGBD(): 10.6176ms
Frame 1343 end
Average processing time of GrabImageRGBD(): 10.6171ms
Frame 1344 end
Average processing time of GrabImageRGBD(): 10.6176ms
Frame 1345 end
Average processing time of GrabImageRGBD(): 10.6167ms
Frame 1346 end
Average processing time of GrabImageRGBD(): 10.6172ms
Frame 1347 end
Average processing time of GrabImageRGBD(): 10.6371ms
Frame 1348 end
Average processing time of GrabImageRGBD(): 10.6356ms
Frame 1349 end
Average processing time of GrabImageRGBD(): 10.6339ms
Frame 1350 end
Average processing time of GrabImageRGBD(): 10.6311ms
Frame 1351 end
Average processing time of GrabImageRGBD(): 10.6294ms
Frame 1352 end
Average processing time of GrabImageRGBD(): 10.6304ms
Frame 1353 end
Average processing time of GrabImageRGBD(): 10.6309ms
Frame 1354 end
Average processing time of GrabImageRGBD(): 10.6304ms
Frame 1355 end
Average processing time of GrabImageRGBD(): 10.6297ms
Frame 1356 end
Average processing time of GrabImageRGBD(): 10.63ms
Frame 1357 end
Average processing time of GrabImageRGBD(): 10.6268ms
Frame 1358 end
Average processing time of GrabImageRGBD(): 10.6262ms
Frame 1359 end
Average processing time of GrabImageRGBD(): 10.6234ms
Frame 1360 end
Average processing time of GrabImageRGBD(): 10.6208ms
Frame 1361 end
Average processing time of GrabImageRGBD(): 10.6205ms
Frame 1362 end
Average processing time of GrabImageRGBD(): 10.6206ms
Frame 1363 end
Average processing time of GrabImageRGBD(): 10.6408ms
Frame 1364 end
Average processing time of GrabImageRGBD(): 10.6426ms
Frame 1365 end
Average processing time of GrabImageRGBD(): 10.6419ms
Frame 1366 end
Average processing time of GrabImageRGBD(): 10.6418ms
Frame 1367 end
Average processing time of GrabImageRGBD(): 10.6416ms
Frame 1368 end
Average processing time of GrabImageRGBD(): 10.6417ms
Frame 1369 end
Average processing time of GrabImageRGBD(): 10.6402ms
Frame 1370 end
Average processing time of GrabImageRGBD(): 10.6393ms
Frame 1371 end
Average processing time of GrabImageRGBD(): 10.636ms
Frame 1372 end
Average processing time of GrabImageRGBD(): 10.6354ms
Frame 1373 end
Average processing time of GrabImageRGBD(): 10.6337ms
Frame 1374 end
Average processing time of GrabImageRGBD(): 10.6309ms
Frame 1375 end
Average processing time of GrabImageRGBD(): 10.6274ms
Frame 1376 end
Average processing time of GrabImageRGBD(): 10.6241ms
Frame 1377 end
Average processing time of GrabImageRGBD(): 10.6231ms
Frame 1378 end
Average processing time of GrabImageRGBD(): 10.6423ms
Frame 1379 end
Average processing time of GrabImageRGBD(): 10.6419ms
Frame 1380 end
Average processing time of GrabImageRGBD(): 10.6418ms
Frame 1381 end
Average processing time of GrabImageRGBD(): 10.6424ms
Frame 1382 end
Average processing time of GrabImageRGBD(): 10.6423ms
Frame 1383 end
Average processing time of GrabImageRGBD(): 10.6407ms
Frame 1384 end
Average processing time of GrabImageRGBD(): 10.6404ms
Frame 1385 end
Average processing time of GrabImageRGBD(): 10.6376ms
Frame 1386 end
Average processing time of GrabImageRGBD(): 10.6386ms
Frame 1387 end
Average processing time of GrabImageRGBD(): 10.6376ms
Frame 1388 end
Average processing time of GrabImageRGBD(): 10.6382ms
Frame 1389 end
Average processing time of GrabImageRGBD(): 10.6374ms
Frame 1390 end
Average processing time of GrabImageRGBD(): 10.635ms
Frame 1391 end
Average processing time of GrabImageRGBD(): 10.6326ms
Frame 1392 end
Average processing time of GrabImageRGBD(): 10.6317ms
Frame 1393 end
Average processing time of GrabImageRGBD(): 10.6508ms
Frame 1394 end
Average processing time of GrabImageRGBD(): 10.6517ms
Frame 1395 end
Average processing time of GrabImageRGBD(): 10.6522ms
Frame 1396 end
Average processing time of GrabImageRGBD(): 10.6521ms
Frame 1397 end
Average processing time of GrabImageRGBD(): 10.6515ms
Frame 1398 end
Average processing time of GrabImageRGBD(): 10.6515ms
Frame 1399 end
Average processing time of GrabImageRGBD(): 10.652ms
Frame 1400 end
Average processing time of GrabImageRGBD(): 10.6529ms
Frame 1401 end
Average processing time of GrabImageRGBD(): 10.6532ms
Frame 1402 end
Average processing time of GrabImageRGBD(): 10.6528ms
Frame 1403 end
Average processing time of GrabImageRGBD(): 10.6513ms
Frame 1404 end
Average processing time of GrabImageRGBD(): 10.6498ms
Frame 1405 end
Average processing time of GrabImageRGBD(): 10.649ms
Frame 1406 end
Average processing time of GrabImageRGBD(): 10.6487ms
Frame 1407 end
Average processing time of GrabImageRGBD(): 10.6474ms
Frame 1408 end
Average processing time of GrabImageRGBD(): 10.6654ms
Frame 1409 end
Average processing time of GrabImageRGBD(): 10.6661ms
Frame 1410 end
Average processing time of GrabImageRGBD(): 10.6662ms
Frame 1411 end
Average processing time of GrabImageRGBD(): 10.6659ms
Frame 1412 end
Average processing time of GrabImageRGBD(): 10.6651ms
Frame 1413 end
Average processing time of GrabImageRGBD(): 10.6643ms
Frame 1414 end
Average processing time of GrabImageRGBD(): 10.6634ms
Frame 1415 end
Average processing time of GrabImageRGBD(): 10.6619ms
Frame 1416 end
Average processing time of GrabImageRGBD(): 10.6617ms
Frame 1417 end
Average processing time of GrabImageRGBD(): 10.6612ms
Frame 1418 end
Average processing time of GrabImageRGBD(): 10.6617ms
Frame 1419 end
Average processing time of GrabImageRGBD(): 10.6597ms
Frame 1420 end
Average processing time of GrabImageRGBD(): 10.6593ms
Frame 1421 end
Average processing time of GrabImageRGBD(): 10.6594ms
Frame 1422 end
Average processing time of GrabImageRGBD(): 10.657ms
Frame 1423 end
Average processing time of GrabImageRGBD(): 10.6545ms
Frame 1424 end
Average processing time of GrabImageRGBD(): 10.6726ms
Frame 1425 end
Average processing time of GrabImageRGBD(): 10.6734ms
Frame 1426 end
Average processing time of GrabImageRGBD(): 10.6717ms
Frame 1427 end
Average processing time of GrabImageRGBD(): 10.6699ms
Frame 1428 end
Average processing time of GrabImageRGBD(): 10.672ms
Frame 1429 end
Average processing time of GrabImageRGBD(): 10.6723ms
Frame 1430 end
Average processing time of GrabImageRGBD(): 10.6724ms
Frame 1431 end
Average processing time of GrabImageRGBD(): 10.6728ms
Frame 1432 end
Average processing time of GrabImageRGBD(): 10.6735ms
Frame 1433 end
Average processing time of GrabImageRGBD(): 10.674ms
Frame 1434 end
Average processing time of GrabImageRGBD(): 10.6743ms
Frame 1435 end
Average processing time of GrabImageRGBD(): 10.6725ms
Frame 1436 end
Average processing time of GrabImageRGBD(): 10.6727ms
Frame 1437 end
Average processing time of GrabImageRGBD(): 10.6733ms
Frame 1438 end
Average processing time of GrabImageRGBD(): 10.6733ms
Frame 1439 end
Average processing time of GrabImageRGBD(): 10.6711ms
Frame 1440 end
Average processing time of GrabImageRGBD(): 10.6701ms
Frame 1441 end
Average processing time of GrabImageRGBD(): 10.6874ms
Frame 1442 end
Average processing time of GrabImageRGBD(): 10.6862ms
Frame 1443 end
Average processing time of GrabImageRGBD(): 10.686ms
Frame 1444 end
Average processing time of GrabImageRGBD(): 10.686ms
Frame 1445 end
Average processing time of GrabImageRGBD(): 10.6852ms
Frame 1446 end
Average processing time of GrabImageRGBD(): 10.686ms
Frame 1447 end
Average processing time of GrabImageRGBD(): 10.6856ms
Frame 1448 end
Average processing time of GrabImageRGBD(): 10.6869ms
Frame 1449 end
Average processing time of GrabImageRGBD(): 10.6848ms
Frame 1450 end
Average processing time of GrabImageRGBD(): 10.6837ms
Frame 1451 end
Average processing time of GrabImageRGBD(): 10.6838ms
Frame 1452 end
Average processing time of GrabImageRGBD(): 10.6836ms
Frame 1453 end
Average processing time of GrabImageRGBD(): 10.6839ms
Frame 1454 end
Average processing time of GrabImageRGBD(): 10.6826ms
Frame 1455 end
Average processing time of GrabImageRGBD(): 10.6818ms
Frame 1456 end
Average processing time of GrabImageRGBD(): 10.681ms
Frame 1457 end
Average processing time of GrabImageRGBD(): 10.6785ms
Frame 1458 end
Average processing time of GrabImageRGBD(): 10.6974ms
Frame 1459 end
Average processing time of GrabImageRGBD(): 10.6992ms
Frame 1460 end
Average processing time of GrabImageRGBD(): 10.6976ms
Frame 1461 end
Average processing time of GrabImageRGBD(): 10.6978ms
Frame 1462 end
Average processing time of GrabImageRGBD(): 10.6978ms
Frame 1463 end
Average processing time of GrabImageRGBD(): 10.6961ms
Frame 1464 end
Average processing time of GrabImageRGBD(): 10.6964ms
Frame 1465 end
Average processing time of GrabImageRGBD(): 10.6939ms
Frame 1466 end
Average processing time of GrabImageRGBD(): 10.694ms
Frame 1467 end
Average processing time of GrabImageRGBD(): 10.6915ms
Frame 1468 end
Average processing time of GrabImageRGBD(): 10.6901ms
Frame 1469 end
Average processing time of GrabImageRGBD(): 10.6897ms
Frame 1470 end
Average processing time of GrabImageRGBD(): 10.6887ms
Frame 1471 end
Average processing time of GrabImageRGBD(): 10.6881ms
Frame 1472 end
Average processing time of GrabImageRGBD(): 10.6888ms
Frame 1473 end
Average processing time of GrabImageRGBD(): 10.6886ms
Frame 1474 end
Average processing time of GrabImageRGBD(): 10.6886ms
Frame 1475 end
Average processing time of GrabImageRGBD(): 10.6875ms
Frame 1476 end
Average processing time of GrabImageRGBD(): 10.707ms
Frame 1477 end
Average processing time of GrabImageRGBD(): 10.7083ms
Frame 1478 end
Average processing time of GrabImageRGBD(): 10.7087ms
Frame 1479 end
Average processing time of GrabImageRGBD(): 10.7097ms
Frame 1480 end
Average processing time of GrabImageRGBD(): 10.7089ms
Frame 1481 end
Average processing time of GrabImageRGBD(): 10.7089ms
Frame 1482 end
Average processing time of GrabImageRGBD(): 10.7104ms
Frame 1483 end
Average processing time of GrabImageRGBD(): 10.71ms
Frame 1484 end
Average processing time of GrabImageRGBD(): 10.7099ms
Frame 1485 end
Average processing time of GrabImageRGBD(): 10.7102ms
Frame 1486 end
Average processing time of GrabImageRGBD(): 10.7098ms
Frame 1487 end
Average processing time of GrabImageRGBD(): 10.7099ms
Frame 1488 end
Average processing time of GrabImageRGBD(): 10.7098ms
Frame 1489 end
Average processing time of GrabImageRGBD(): 10.7091ms
Frame 1490 end
Average processing time of GrabImageRGBD(): 10.7084ms
Frame 1491 end
Average processing time of GrabImageRGBD(): 10.7057ms
Frame 1492 end
Average processing time of GrabImageRGBD(): 10.7039ms
Frame 1493 end
Average processing time of GrabImageRGBD(): 10.7223ms
Frame 1494 end
Average processing time of GrabImageRGBD(): 10.723ms
Frame 1495 end
Average processing time of GrabImageRGBD(): 10.7222ms
Frame 1496 end
Average processing time of GrabImageRGBD(): 10.722ms
Frame 1497 end
Average processing time of GrabImageRGBD(): 10.722ms
Frame 1498 end
Average processing time of GrabImageRGBD(): 10.7203ms
Frame 1499 end
Average processing time of GrabImageRGBD(): 10.7199ms
Frame 1500 end
Average processing time of GrabImageRGBD(): 10.72ms
Frame 1501 end
Average processing time of GrabImageRGBD(): 10.7202ms
Frame 1502 end
Average processing time of GrabImageRGBD(): 10.7196ms
Frame 1503 end
Average processing time of GrabImageRGBD(): 10.7205ms
Frame 1504 end
Average processing time of GrabImageRGBD(): 10.7198ms
Frame 1505 end
Average processing time of GrabImageRGBD(): 10.7214ms
Frame 1506 end
Average processing time of GrabImageRGBD(): 10.7214ms
Frame 1507 end
Average processing time of GrabImageRGBD(): 10.7402ms
Frame 1508 end
Average processing time of GrabImageRGBD(): 10.742ms
Frame 1509 end
Average processing time of GrabImageRGBD(): 10.7601ms
Frame 1510 end
Average processing time of GrabImageRGBD(): 10.7614ms
Frame 1511 end
Average processing time of GrabImageRGBD(): 10.7622ms
Frame 1512 end
Average processing time of GrabImageRGBD(): 10.7632ms
Frame 1513 end
Average processing time of GrabImageRGBD(): 10.763ms
Frame 1514 end
Average processing time of GrabImageRGBD(): 10.7626ms
Frame 1515 end
Average processing time of GrabImageRGBD(): 10.7822ms
Frame 1516 end
Average processing time of GrabImageRGBD(): 10.7832ms
Frame 1517 end
Average processing time of GrabImageRGBD(): 10.7833ms
Frame 1518 end
Average processing time of GrabImageRGBD(): 10.7832ms
Frame 1519 end
Average processing time of GrabImageRGBD(): 10.781ms
Frame 1520 end
Average processing time of GrabImageRGBD(): 10.7811ms
Frame 1521 end
Average processing time of GrabImageRGBD(): 10.7819ms
Frame 1522 end
Average processing time of GrabImageRGBD(): 10.781ms
Frame 1523 end
Average processing time of GrabImageRGBD(): 10.7808ms
Frame 1524 end
Average processing time of GrabImageRGBD(): 10.7813ms
Frame 1525 end
Average processing time of GrabImageRGBD(): 10.7812ms
Frame 1526 end
Average processing time of GrabImageRGBD(): 10.781ms
Frame 1527 end
Average processing time of GrabImageRGBD(): 10.7793ms
Frame 1528 end
Average processing time of GrabImageRGBD(): 10.7789ms
Frame 1529 end
Average processing time of GrabImageRGBD(): 10.7785ms
Frame 1530 end
Average processing time of GrabImageRGBD(): 10.776ms
Frame 1531 end
Average processing time of GrabImageRGBD(): 10.7755ms
Frame 1532 end
Average processing time of GrabImageRGBD(): 10.7744ms
Frame 1533 end
Average processing time of GrabImageRGBD(): 10.7743ms
Frame 1534 end
Average processing time of GrabImageRGBD(): 10.7725ms
Frame 1535 end
Average processing time of GrabImageRGBD(): 10.7719ms
Frame 1536 end
Average processing time of GrabImageRGBD(): 10.789ms
Frame 1537 end
Average processing time of GrabImageRGBD(): 10.7899ms
Frame 1538 end
Average processing time of GrabImageRGBD(): 10.7893ms
Frame 1539 end
Average processing time of GrabImageRGBD(): 10.7889ms
Frame 1540 end
Average processing time of GrabImageRGBD(): 10.7886ms
Frame 1541 end
Average processing time of GrabImageRGBD(): 10.789ms
Frame 1542 end
Average processing time of GrabImageRGBD(): 10.7871ms
Frame 1543 end
Average processing time of GrabImageRGBD(): 10.7873ms
Frame 1544 end
Average processing time of GrabImageRGBD(): 10.7849ms
Frame 1545 end
Average processing time of GrabImageRGBD(): 10.7827ms
Frame 1546 end
Average processing time of GrabImageRGBD(): 10.7833ms
Frame 1547 end
Average processing time of GrabImageRGBD(): 10.7835ms
Frame 1548 end
Average processing time of GrabImageRGBD(): 10.7833ms
Frame 1549 end
Average processing time of GrabImageRGBD(): 10.7831ms
Frame 1550 end
Average processing time of GrabImageRGBD(): 10.7831ms
Frame 1551 end
Average processing time of GrabImageRGBD(): 10.782ms
Frame 1552 end
Average processing time of GrabImageRGBD(): 10.7802ms
Frame 1553 end
Average processing time of GrabImageRGBD(): 10.7973ms
Frame 1554 end
Average processing time of GrabImageRGBD(): 10.798ms
Frame 1555 end
Average processing time of GrabImageRGBD(): 10.7985ms
Frame 1556 end
Average processing time of GrabImageRGBD(): 10.7985ms
Frame 1557 end
Average processing time of GrabImageRGBD(): 10.7989ms
Frame 1558 end
Average processing time of GrabImageRGBD(): 10.7999ms
Frame 1559 end
Average processing time of GrabImageRGBD(): 10.7983ms
Frame 1560 end
Average processing time of GrabImageRGBD(): 10.7979ms
Frame 1561 end
Average processing time of GrabImageRGBD(): 10.797ms
Frame 1562 end
Average processing time of GrabImageRGBD(): 10.7981ms
Frame 1563 end
Average processing time of GrabImageRGBD(): 10.7978ms
Frame 1564 end
Average processing time of GrabImageRGBD(): 10.7982ms
Frame 1565 end
Average processing time of GrabImageRGBD(): 10.8179ms
Frame 1566 end
Average processing time of GrabImageRGBD(): 10.8203ms
Frame 1567 end
Average processing time of GrabImageRGBD(): 10.8214ms
Frame 1568 end
Average processing time of GrabImageRGBD(): 10.8219ms
Frame 1569 end
Average processing time of GrabImageRGBD(): 10.841ms
Frame 1570 end
Average processing time of GrabImageRGBD(): 10.8412ms
Frame 1571 end
Average processing time of GrabImageRGBD(): 10.8413ms
Frame 1572 end
Average processing time of GrabImageRGBD(): 10.8412ms
Frame 1573 end
Average processing time of GrabImageRGBD(): 10.8433ms
Frame 1574 end
Average processing time of GrabImageRGBD(): 10.8441ms
Frame 1575 end
Average processing time of GrabImageRGBD(): 10.8441ms
Frame 1576 end
Average processing time of GrabImageRGBD(): 10.845ms
Frame 1577 end
Average processing time of GrabImageRGBD(): 10.8443ms
Frame 1578 end
Average processing time of GrabImageRGBD(): 10.8442ms
Frame 1579 end
Average processing time of GrabImageRGBD(): 10.845ms
Frame 1580 end
Average processing time of GrabImageRGBD(): 10.8457ms
Frame 1581 end
Average processing time of GrabImageRGBD(): 10.8463ms
Frame 1582 end
Average processing time of GrabImageRGBD(): 10.8471ms
Frame 1583 end
Average processing time of GrabImageRGBD(): 10.848ms
Frame 1584 end
Average processing time of GrabImageRGBD(): 10.8505ms
Frame 1585 end
Average processing time of GrabImageRGBD(): 10.8511ms
Frame 1586 end
Average processing time of GrabImageRGBD(): 10.8535ms
Frame 1587 end
Average processing time of GrabImageRGBD(): 10.8555ms
Frame 1588 end
Average processing time of GrabImageRGBD(): 10.8542ms
Frame 1589 end
Average processing time of GrabImageRGBD(): 10.8534ms
Frame 1590 end
Average processing time of GrabImageRGBD(): 10.8702ms
Frame 1591 end
Average processing time of GrabImageRGBD(): 10.8722ms
Frame 1592 end
Average processing time of GrabImageRGBD(): 10.8725ms
Frame 1593 end
Average processing time of GrabImageRGBD(): 10.8729ms
Frame 1594 end
Average processing time of GrabImageRGBD(): 10.8732ms
Frame 1595 end
Average processing time of GrabImageRGBD(): 10.8739ms
Frame 1596 end
Average processing time of GrabImageRGBD(): 10.8725ms
Frame 1597 end
Average processing time of GrabImageRGBD(): 10.8713ms
Frame 1598 end
Average processing time of GrabImageRGBD(): 10.8888ms
Frame 1599 end
Average processing time of GrabImageRGBD(): 10.8906ms
Frame 1600 end
Average processing time of GrabImageRGBD(): 10.8907ms
Frame 1601 end
Average processing time of GrabImageRGBD(): 10.8912ms
Frame 1602 end
Average processing time of GrabImageRGBD(): 10.8917ms
Frame 1603 end
Average processing time of GrabImageRGBD(): 10.8917ms
Frame 1604 end
Average processing time of GrabImageRGBD(): 10.8902ms
Frame 1605 end
Average processing time of GrabImageRGBD(): 10.89ms
Frame 1606 end
Average processing time of GrabImageRGBD(): 10.889ms
Frame 1607 end
Average processing time of GrabImageRGBD(): 10.8889ms
Frame 1608 end
Average processing time of GrabImageRGBD(): 10.8888ms
Frame 1609 end
Average processing time of GrabImageRGBD(): 10.89ms
Frame 1610 end
Average processing time of GrabImageRGBD(): 10.9081ms
Frame 1611 end
Average processing time of GrabImageRGBD(): 10.9092ms
Frame 1612 end
Average processing time of GrabImageRGBD(): 10.9096ms
Frame 1613 end
Average processing time of GrabImageRGBD(): 10.9097ms
Frame 1614 end
Average processing time of GrabImageRGBD(): 10.91ms
Frame 1615 end
Average processing time of GrabImageRGBD(): 10.9106ms
Frame 1616 end
Average processing time of GrabImageRGBD(): 10.9103ms
Frame 1617 end
Average processing time of GrabImageRGBD(): 10.9099ms
Frame 1618 end
Average processing time of GrabImageRGBD(): 10.9104ms
Frame 1619 end
Average processing time of GrabImageRGBD(): 10.9085ms
Frame 1620 end
Average processing time of GrabImageRGBD(): 10.9088ms
Frame 1621 end
Average processing time of GrabImageRGBD(): 10.9086ms
Frame 1622 end
Average processing time of GrabImageRGBD(): 10.9092ms
Frame 1623 end
Average processing time of GrabImageRGBD(): 10.9096ms
Frame 1624 end
Average processing time of GrabImageRGBD(): 10.9095ms
Frame 1625 end
Average processing time of GrabImageRGBD(): 10.908ms
Frame 1626 end
Average processing time of GrabImageRGBD(): 10.9076ms
Frame 1627 end
Average processing time of GrabImageRGBD(): 10.9075ms
Frame 1628 end
Average processing time of GrabImageRGBD(): 10.908ms
Frame 1629 end
Average processing time of GrabImageRGBD(): 10.9077ms
Frame 1630 end
Average processing time of GrabImageRGBD(): 10.9243ms
Frame 1631 end
Average processing time of GrabImageRGBD(): 10.9506ms
Frame 1632 end
Average processing time of GrabImageRGBD(): 10.9523ms
Frame 1633 end
Average processing time of GrabImageRGBD(): 10.9694ms
Frame 1634 end
Average processing time of GrabImageRGBD(): 10.9711ms
Frame 1635 end
Average processing time of GrabImageRGBD(): 10.9711ms
Frame 1636 end
Average processing time of GrabImageRGBD(): 10.9715ms
Frame 1637 end
Average processing time of GrabImageRGBD(): 10.9713ms
Frame 1638 end
Average processing time of GrabImageRGBD(): 10.9704ms
Frame 1639 end
Average processing time of GrabImageRGBD(): 10.9702ms
Frame 1640 end
Average processing time of GrabImageRGBD(): 10.9703ms
Frame 1641 end
Average processing time of GrabImageRGBD(): 10.9912ms
Frame 1642 end
Average processing time of GrabImageRGBD(): 10.9924ms
Frame 1643 end
Average processing time of GrabImageRGBD(): 11.0098ms
Frame 1644 end
Average processing time of GrabImageRGBD(): 11.0114ms
Frame 1645 end
Average processing time of GrabImageRGBD(): 11.0116ms
Frame 1646 end
Average processing time of GrabImageRGBD(): 11.0116ms
Frame 1647 end
Average processing time of GrabImageRGBD(): 11.01ms
Frame 1648 end
Average processing time of GrabImageRGBD(): 11.0097ms
Frame 1649 end
Average processing time of GrabImageRGBD(): 11.0281ms
Frame 1650 end
Average processing time of GrabImageRGBD(): 11.0297ms
Frame 1651 end
Average processing time of GrabImageRGBD(): 11.0283ms
Frame 1652 end
Average processing time of GrabImageRGBD(): 11.0278ms
Frame 1653 end
Average processing time of GrabImageRGBD(): 11.0279ms
Frame 1654 end
Average processing time of GrabImageRGBD(): 11.0261ms
Frame 1655 end
Average processing time of GrabImageRGBD(): 11.0442ms
Frame 1656 end
Average processing time of GrabImageRGBD(): 11.0463ms
Frame 1657 end
Average processing time of GrabImageRGBD(): 11.0463ms
Frame 1658 end
Average processing time of GrabImageRGBD(): 11.0474ms
Frame 1659 end
Average processing time of GrabImageRGBD(): 11.047ms
Frame 1660 end
Average processing time of GrabImageRGBD(): 11.0468ms
Frame 1661 end
Average processing time of GrabImageRGBD(): 11.0466ms
Frame 1662 end
Average processing time of GrabImageRGBD(): 11.0464ms
Frame 1663 end
Average processing time of GrabImageRGBD(): 11.0469ms
Frame 1664 end
Average processing time of GrabImageRGBD(): 11.0469ms
Frame 1665 end
Average processing time of GrabImageRGBD(): 11.0468ms
Frame 1666 end
Average processing time of GrabImageRGBD(): 11.047ms
Frame 1667 end
Average processing time of GrabImageRGBD(): 11.0462ms
Frame 1668 end
Average processing time of GrabImageRGBD(): 11.0441ms
Frame 1669 end
Average processing time of GrabImageRGBD(): 11.0441ms
Frame 1670 end
Average processing time of GrabImageRGBD(): 11.0436ms
Frame 1671 end
Average processing time of GrabImageRGBD(): 11.044ms
Frame 1672 end
Average processing time of GrabImageRGBD(): 11.0693ms
Frame 1673 end
Average processing time of GrabImageRGBD(): 11.0703ms
Frame 1674 end
Average processing time of GrabImageRGBD(): 11.0712ms
Frame 1675 end
Average processing time of GrabImageRGBD(): 11.0897ms
Frame 1676 end
Average processing time of GrabImageRGBD(): 11.0896ms
Frame 1677 end
Average processing time of GrabImageRGBD(): 11.0896ms
Frame 1678 end
Average processing time of GrabImageRGBD(): 11.0893ms
Frame 1679 end
Average processing time of GrabImageRGBD(): 11.0895ms
Frame 1680 end
Average processing time of GrabImageRGBD(): 11.0876ms
Frame 1681 end
Average processing time of GrabImageRGBD(): 11.088ms
Frame 1682 end
Average processing time of GrabImageRGBD(): 11.0864ms
Frame 1683 end
Average processing time of GrabImageRGBD(): 11.0869ms
Frame 1684 end
Average processing time of GrabImageRGBD(): 11.0874ms
Frame 1685 end
Average processing time of GrabImageRGBD(): 11.0878ms
Frame 1686 end
Average processing time of GrabImageRGBD(): 11.0889ms
Frame 1687 end
Average processing time of GrabImageRGBD(): 11.09ms
Frame 1688 end
Average processing time of GrabImageRGBD(): 11.0882ms
Frame 1689 end
Average processing time of GrabImageRGBD(): 11.0884ms
Frame 1690 end
Average processing time of GrabImageRGBD(): 11.0865ms
Frame 1691 end
Average processing time of GrabImageRGBD(): 11.0872ms
Frame 1692 end
Average processing time of GrabImageRGBD(): 11.0875ms
Frame 1693 end
Average processing time of GrabImageRGBD(): 11.0944ms
Frame 1694 end
Average processing time of GrabImageRGBD(): 11.0974ms
Frame 1695 end
Average processing time of GrabImageRGBD(): 11.1015ms
Frame 1696 end
Average processing time of GrabImageRGBD(): 11.1008ms
Frame 1697 end
Average processing time of GrabImageRGBD(): 11.1231ms
Frame 1698 end
Average processing time of GrabImageRGBD(): 11.1289ms
Frame 1699 end
Average processing time of GrabImageRGBD(): 11.1306ms
Frame 1700 end
Average processing time of GrabImageRGBD(): 11.1308ms
Frame 1701 end
Average processing time of GrabImageRGBD(): 11.131ms
Frame 1702 end
Average processing time of GrabImageRGBD(): 11.1306ms
Frame 1703 end
Average processing time of GrabImageRGBD(): 11.1311ms
Frame 1704 end
Average processing time of GrabImageRGBD(): 11.131ms
Frame 1705 end
Average processing time of GrabImageRGBD(): 11.1482ms
Frame 1706 end
Average processing time of GrabImageRGBD(): 11.1496ms
Frame 1707 end
Average processing time of GrabImageRGBD(): 11.1503ms
Frame 1708 end
Average processing time of GrabImageRGBD(): 11.1498ms
Frame 1709 end
Average processing time of GrabImageRGBD(): 11.1502ms
Frame 1710 end
Average processing time of GrabImageRGBD(): 11.1513ms
Frame 1711 end
Average processing time of GrabImageRGBD(): 11.1765ms
Frame 1712 end
Average processing time of GrabImageRGBD(): 11.1776ms
Frame 1713 end
Average processing time of GrabImageRGBD(): 11.1776ms
Frame 1714 end
Average processing time of GrabImageRGBD(): 11.1775ms
Frame 1715 end
Average processing time of GrabImageRGBD(): 11.193ms
Frame 1716 end
Average processing time of GrabImageRGBD(): 11.194ms
Frame 1717 end
Average processing time of GrabImageRGBD(): 11.1929ms
Frame 1718 end
Average processing time of GrabImageRGBD(): 11.1932ms
Frame 1719 end
Average processing time of GrabImageRGBD(): 11.1933ms
Frame 1720 end
Average processing time of GrabImageRGBD(): 11.1933ms
Frame 1721 end
Average processing time of GrabImageRGBD(): 11.193ms
Frame 1722 end
Average processing time of GrabImageRGBD(): 11.1919ms
Frame 1723 end
Average processing time of GrabImageRGBD(): 11.1896ms
Frame 1724 end
Average processing time of GrabImageRGBD(): 11.1891ms
Frame 1725 end
Average processing time of GrabImageRGBD(): 11.1901ms
Frame 1726 end
Average processing time of GrabImageRGBD(): 11.1912ms
Frame 1727 end
Average processing time of GrabImageRGBD(): 11.1922ms
Frame 1728 end
Average processing time of GrabImageRGBD(): 11.1924ms
Frame 1729 end
Average processing time of GrabImageRGBD(): 11.1924ms
Frame 1730 end
Average processing time of GrabImageRGBD(): 11.2088ms
Frame 1731 end
Average processing time of GrabImageRGBD(): 11.2112ms
Frame 1732 end
Average processing time of GrabImageRGBD(): 11.2114ms
Frame 1733 end
Average processing time of GrabImageRGBD(): 11.2129ms
Frame 1734 end
Average processing time of GrabImageRGBD(): 11.2116ms
Frame 1735 end
Average processing time of GrabImageRGBD(): 11.2115ms
Frame 1736 end
Average processing time of GrabImageRGBD(): 11.2127ms
Frame 1737 end
Average processing time of GrabImageRGBD(): 11.2138ms
Frame 1738 end
Average processing time of GrabImageRGBD(): 11.2139ms
Frame 1739 end
Average processing time of GrabImageRGBD(): 11.2142ms
Frame 1740 end
Average processing time of GrabImageRGBD(): 11.2151ms
Frame 1741 end
Average processing time of GrabImageRGBD(): 11.2166ms
Frame 1742 end
Average processing time of GrabImageRGBD(): 11.2164ms
Frame 1743 end
Average processing time of GrabImageRGBD(): 11.219ms
Frame 1744 end
Average processing time of GrabImageRGBD(): 11.2191ms
Frame 1745 end
Average processing time of GrabImageRGBD(): 11.2188ms
Frame 1746 end
Average processing time of GrabImageRGBD(): 11.2193ms
Frame 1747 end
Average processing time of GrabImageRGBD(): 11.237ms
Frame 1748 end
Average processing time of GrabImageRGBD(): 11.2381ms
Frame 1749 end
Average processing time of GrabImageRGBD(): 11.2392ms
Frame 1750 end
Average processing time of GrabImageRGBD(): 11.2404ms
Frame 1751 end
Average processing time of GrabImageRGBD(): 11.2414ms
Frame 1752 end
Average processing time of GrabImageRGBD(): 11.2413ms
Frame 1753 end
Average processing time of GrabImageRGBD(): 11.2412ms
Frame 1754 end
Average processing time of GrabImageRGBD(): 11.2644ms
Frame 1755 end
Average processing time of GrabImageRGBD(): 11.2673ms
Frame 1756 end
Average processing time of GrabImageRGBD(): 11.2676ms
Frame 1757 end
Average processing time of GrabImageRGBD(): 11.268ms
Frame 1758 end
Average processing time of GrabImageRGBD(): 11.2678ms
Frame 1759 end
Average processing time of GrabImageRGBD(): 11.2662ms
Frame 1760 end
Average processing time of GrabImageRGBD(): 11.2831ms
Frame 1761 end
Average processing time of GrabImageRGBD(): 11.2844ms
Frame 1762 end
Average processing time of GrabImageRGBD(): 11.2826ms
Frame 1763 end
Average processing time of GrabImageRGBD(): 11.2822ms
Frame 1764 end
Average processing time of GrabImageRGBD(): 11.2823ms
Frame 1765 end
Average processing time of GrabImageRGBD(): 11.2821ms
Frame 1766 end
Average processing time of GrabImageRGBD(): 11.2813ms
Frame 1767 end
Average processing time of GrabImageRGBD(): 11.2976ms
Frame 1768 end
Average processing time of GrabImageRGBD(): 11.2987ms
Frame 1769 end
Average processing time of GrabImageRGBD(): 11.2991ms
Frame 1770 end
Average processing time of GrabImageRGBD(): 11.2993ms
Frame 1771 end
Average processing time of GrabImageRGBD(): 11.2993ms
Frame 1772 end
Average processing time of GrabImageRGBD(): 11.2998ms
Frame 1773 end
Average processing time of GrabImageRGBD(): 11.2989ms
Frame 1774 end
Average processing time of GrabImageRGBD(): 11.2983ms
Frame 1775 end
Average processing time of GrabImageRGBD(): 11.313ms
Frame 1776 end
Average processing time of GrabImageRGBD(): 11.3138ms
Frame 1777 end
Average processing time of GrabImageRGBD(): 11.3138ms
Frame 1778 end
Average processing time of GrabImageRGBD(): 11.3134ms
Frame 1779 end
Average processing time of GrabImageRGBD(): 11.3133ms
Frame 1780 end
Average processing time of GrabImageRGBD(): 11.3273ms
Frame 1781 end
Average processing time of GrabImageRGBD(): 11.3281ms
Frame 1782 end
Average processing time of GrabImageRGBD(): 11.3287ms
Frame 1783 end
Average processing time of GrabImageRGBD(): 11.344ms
Frame 1784 end
Average processing time of GrabImageRGBD(): 11.3455ms
Frame 1785 end
Average processing time of GrabImageRGBD(): 11.3455ms
Frame 1786 end
Average processing time of GrabImageRGBD(): 11.346ms
Frame 1787 end
Average processing time of GrabImageRGBD(): 11.3455ms
Frame 1788 end
Average processing time of GrabImageRGBD(): 11.3446ms
Frame 1789 end
Average processing time of GrabImageRGBD(): 11.3624ms
Frame 1790 end
Average processing time of GrabImageRGBD(): 11.3644ms
Frame 1791 end
Average processing time of GrabImageRGBD(): 11.3647ms
Frame 1792 end
Average processing time of GrabImageRGBD(): 11.3644ms
Frame 1793 end
Average processing time of GrabImageRGBD(): 11.364ms
Frame 1794 end
Average processing time of GrabImageRGBD(): 11.3638ms
Frame 1795 end
Average processing time of GrabImageRGBD(): 11.3638ms
Frame 1796 end
Average processing time of GrabImageRGBD(): 11.3631ms
Frame 1797 end
Average processing time of GrabImageRGBD(): 11.3625ms
Frame 1798 end
Average processing time of GrabImageRGBD(): 11.3608ms
Frame 1799 end
Average processing time of GrabImageRGBD(): 11.3771ms
Frame 1800 end
Average processing time of GrabImageRGBD(): 11.3767ms
Frame 1801 end
Average processing time of GrabImageRGBD(): 11.3761ms
Frame 1802 end
Average processing time of GrabImageRGBD(): 11.3774ms
Frame 1803 end
Average processing time of GrabImageRGBD(): 11.3776ms
Frame 1804 end
Average processing time of GrabImageRGBD(): 11.3776ms
Frame 1805 end
Average processing time of GrabImageRGBD(): 11.3778ms
Frame 1806 end
Average processing time of GrabImageRGBD(): 11.3783ms
Frame 1807 end
Average processing time of GrabImageRGBD(): 11.3784ms
Frame 1808 end
Average processing time of GrabImageRGBD(): 11.3787ms
Frame 1809 end
Average processing time of GrabImageRGBD(): 11.3784ms
Frame 1810 end
Average processing time of GrabImageRGBD(): 11.3783ms
Frame 1811 end
Average processing time of GrabImageRGBD(): 11.3787ms
Frame 1812 end
Average processing time of GrabImageRGBD(): 11.3782ms
Frame 1813 end
Average processing time of GrabImageRGBD(): 11.377ms
Frame 1814 end
Average processing time of GrabImageRGBD(): 11.3782ms
Frame 1815 end
Average processing time of GrabImageRGBD(): 11.3775ms
Frame 1816 end
Average processing time of GrabImageRGBD(): 11.3779ms
Frame 1817 end
Average processing time of GrabImageRGBD(): 11.3774ms
Frame 1818 end
Average processing time of GrabImageRGBD(): 11.3936ms
Frame 1819 end
Average processing time of GrabImageRGBD(): 11.3951ms
Frame 1820 end
Average processing time of GrabImageRGBD(): 11.3967ms
Frame 1821 end
Average processing time of GrabImageRGBD(): 11.3985ms
Frame 1822 end
Average processing time of GrabImageRGBD(): 11.4154ms
Frame 1823 end
Average processing time of GrabImageRGBD(): 11.4165ms
Frame 1824 end
Average processing time of GrabImageRGBD(): 11.4168ms
Frame 1825 end
Average processing time of GrabImageRGBD(): 11.4167ms
Frame 1826 end
Average processing time of GrabImageRGBD(): 11.4179ms
Frame 1827 end
Average processing time of GrabImageRGBD(): 11.419ms
Frame 1828 end
Average processing time of GrabImageRGBD(): 11.419ms
Frame 1829 end
Average processing time of GrabImageRGBD(): 11.4198ms
Frame 1830 end
Average processing time of GrabImageRGBD(): 11.4207ms
Frame 1831 end
Average processing time of GrabImageRGBD(): 11.4205ms
Frame 1832 end
Average processing time of GrabImageRGBD(): 11.438ms
Frame 1833 end
Average processing time of GrabImageRGBD(): 11.4608ms
Frame 1834 end
Average processing time of GrabImageRGBD(): 11.4637ms
Frame 1835 end
Average processing time of GrabImageRGBD(): 11.4644ms
Frame 1836 end
Average processing time of GrabImageRGBD(): 11.4814ms
Frame 1837 end
Average processing time of GrabImageRGBD(): 11.4841ms
Frame 1838 end
Average processing time of GrabImageRGBD(): 11.4845ms
Frame 1839 end
Average processing time of GrabImageRGBD(): 11.4852ms
Frame 1840 end
Average processing time of GrabImageRGBD(): 11.4869ms
Frame 1841 end
Average processing time of GrabImageRGBD(): 11.4874ms
Frame 1842 end
Average processing time of GrabImageRGBD(): 11.4879ms
Frame 1843 end
Average processing time of GrabImageRGBD(): 11.4882ms
Frame 1844 end
Average processing time of GrabImageRGBD(): 11.4891ms
Frame 1845 end
Average processing time of GrabImageRGBD(): 11.4899ms
Frame 1846 end
Average processing time of GrabImageRGBD(): 11.4896ms
Frame 1847 end
Average processing time of GrabImageRGBD(): 11.49ms
Frame 1848 end
Average processing time of GrabImageRGBD(): 11.49ms
Frame 1849 end
Average processing time of GrabImageRGBD(): 11.5062ms
Frame 1850 end
Average processing time of GrabImageRGBD(): 11.5082ms
Frame 1851 end
Average processing time of GrabImageRGBD(): 11.5236ms
Frame 1852 end
Average processing time of GrabImageRGBD(): 11.5255ms
Frame 1853 end
Average processing time of GrabImageRGBD(): 11.5257ms
Frame 1854 end
Average processing time of GrabImageRGBD(): 11.5265ms
Frame 1855 end
Average processing time of GrabImageRGBD(): 11.5278ms
Frame 1856 end
Average processing time of GrabImageRGBD(): 11.5447ms
Frame 1857 end
Average processing time of GrabImageRGBD(): 11.5468ms
Frame 1858 end
Average processing time of GrabImageRGBD(): 11.5474ms
Frame 1859 end
Average processing time of GrabImageRGBD(): 11.5487ms
Frame 1860 end
Average processing time of GrabImageRGBD(): 11.5492ms
Frame 1861 end
Average processing time of GrabImageRGBD(): 11.5651ms
Frame 1862 end
Average processing time of GrabImageRGBD(): 11.5663ms
Frame 1863 end
Average processing time of GrabImageRGBD(): 11.5669ms
Frame 1864 end
Average processing time of GrabImageRGBD(): 11.5666ms
Frame 1865 end
Average processing time of GrabImageRGBD(): 11.5663ms
Frame 1866 end
Average processing time of GrabImageRGBD(): 11.566ms
Frame 1867 end
Average processing time of GrabImageRGBD(): 11.568ms
Frame 1868 end
Average processing time of GrabImageRGBD(): 11.5681ms
Frame 1869 end
Average processing time of GrabImageRGBD(): 11.5693ms
Frame 1870 end
Average processing time of GrabImageRGBD(): 11.5703ms
Frame 1871 end
Average processing time of GrabImageRGBD(): 11.5875ms
Frame 1872 end
Average processing time of GrabImageRGBD(): 11.589ms
Frame 1873 end
Average processing time of GrabImageRGBD(): 11.5886ms
Frame 1874 end
Average processing time of GrabImageRGBD(): 11.5895ms
Frame 1875 end
Average processing time of GrabImageRGBD(): 11.5905ms
Frame 1876 end
Average processing time of GrabImageRGBD(): 11.5904ms
Frame 1877 end
Average processing time of GrabImageRGBD(): 11.5916ms
Frame 1878 end
Average processing time of GrabImageRGBD(): 11.5933ms
Frame 1879 end
Average processing time of GrabImageRGBD(): 11.5934ms
Frame 1880 end
Average processing time of GrabImageRGBD(): 11.5936ms
Frame 1881 end
Average processing time of GrabImageRGBD(): 11.5928ms
Frame 1882 end
Average processing time of GrabImageRGBD(): 11.6111ms
Frame 1883 end
Average processing time of GrabImageRGBD(): 11.6129ms
Frame 1884 end
Average processing time of GrabImageRGBD(): 11.6136ms
Frame 1885 end
Average processing time of GrabImageRGBD(): 11.6137ms
Frame 1886 end
Average processing time of GrabImageRGBD(): 11.6126ms
Frame 1887 end
Average processing time of GrabImageRGBD(): 11.6126ms
Frame 1888 end
Average processing time of GrabImageRGBD(): 11.6135ms
Frame 1889 end
Average processing time of GrabImageRGBD(): 11.6148ms
Frame 1890 end
Average processing time of GrabImageRGBD(): 11.615ms
Frame 1891 end
Average processing time of GrabImageRGBD(): 11.616ms
Frame 1892 end
Average processing time of GrabImageRGBD(): 11.6162ms
Frame 1893 end
Average processing time of GrabImageRGBD(): 11.6158ms
Frame 1894 end
Average processing time of GrabImageRGBD(): 11.6154ms
Frame 1895 end
Average processing time of GrabImageRGBD(): 11.6164ms
Frame 1896 end
Average processing time of GrabImageRGBD(): 11.6163ms
Frame 1897 end
Average processing time of GrabImageRGBD(): 11.6161ms
Frame 1898 end
Average processing time of GrabImageRGBD(): 11.6192ms
Frame 1899 end
Average processing time of GrabImageRGBD(): 11.6198ms
Frame 1900 end
Average processing time of GrabImageRGBD(): 11.6202ms
Frame 1901 end
Average processing time of GrabImageRGBD(): 11.6347ms
Frame 1902 end
Average processing time of GrabImageRGBD(): 11.6369ms
Frame 1903 end
Average processing time of GrabImageRGBD(): 11.6369ms
Frame 1904 end
Average processing time of GrabImageRGBD(): 11.6368ms
Frame 1905 end
Average processing time of GrabImageRGBD(): 11.6376ms
Frame 1906 end
Average processing time of GrabImageRGBD(): 11.6389ms
Frame 1907 end
Average processing time of GrabImageRGBD(): 11.6387ms
Frame 1908 end
Average processing time of GrabImageRGBD(): 11.6406ms
Frame 1909 end
Average processing time of GrabImageRGBD(): 11.6412ms
Frame 1910 end
Average processing time of GrabImageRGBD(): 11.6411ms
Frame 1911 end
Average processing time of GrabImageRGBD(): 11.6405ms
Frame 1912 end
Average processing time of GrabImageRGBD(): 11.6416ms
Frame 1913 end
Average processing time of GrabImageRGBD(): 11.6416ms
Frame 1914 end
Average processing time of GrabImageRGBD(): 11.6428ms
Frame 1915 end
Average processing time of GrabImageRGBD(): 11.6434ms
Frame 1916 end
Average processing time of GrabImageRGBD(): 11.6449ms
Frame 1917 end
Average processing time of GrabImageRGBD(): 11.6429ms
Frame 1918 end
Average processing time of GrabImageRGBD(): 11.6654ms
Frame 1919 end
Average processing time of GrabImageRGBD(): 11.667ms
Frame 1920 end
Average processing time of GrabImageRGBD(): 11.6684ms
Frame 1921 end
Average processing time of GrabImageRGBD(): 11.6682ms
Frame 1922 end
Average processing time of GrabImageRGBD(): 11.6692ms
Frame 1923 end
Average processing time of GrabImageRGBD(): 11.6692ms
Frame 1924 end
Average processing time of GrabImageRGBD(): 11.668ms
Frame 1925 end
Average processing time of GrabImageRGBD(): 11.668ms
Frame 1926 end
Average processing time of GrabImageRGBD(): 11.6666ms
Frame 1927 end
Average processing time of GrabImageRGBD(): 11.6674ms
Frame 1928 end
Average processing time of GrabImageRGBD(): 11.6675ms
Frame 1929 end
Average processing time of GrabImageRGBD(): 11.6674ms
Frame 1930 end
Average processing time of GrabImageRGBD(): 11.6684ms
Frame 1931 end
Average processing time of GrabImageRGBD(): 11.6691ms
Frame 1932 end
Average processing time of GrabImageRGBD(): 11.6674ms
Frame 1933 end
Average processing time of GrabImageRGBD(): 11.6683ms
Frame 1934 end
Average processing time of GrabImageRGBD(): 11.6678ms
Frame 1935 end
Average processing time of GrabImageRGBD(): 11.669ms
Frame 1936 end
Average processing time of GrabImageRGBD(): 11.6688ms
Frame 1937 end
Average processing time of GrabImageRGBD(): 11.6696ms
Frame 1938 end
Average processing time of GrabImageRGBD(): 11.6693ms
Frame 1939 end
Average processing time of GrabImageRGBD(): 11.6699ms
Frame 1940 end
Average processing time of GrabImageRGBD(): 11.6696ms
Frame 1941 end
Average processing time of GrabImageRGBD(): 11.6705ms
Frame 1942 end
Average processing time of GrabImageRGBD(): 11.6702ms
Frame 1943 end
Average processing time of GrabImageRGBD(): 11.6699ms
Frame 1944 end
Average processing time of GrabImageRGBD(): 11.6697ms
Frame 1945 end
Average processing time of GrabImageRGBD(): 11.6705ms
Frame 1946 end
Average processing time of GrabImageRGBD(): 11.685ms
Frame 1947 end
Average processing time of GrabImageRGBD(): 11.6862ms
Frame 1948 end
Average processing time of GrabImageRGBD(): 11.6862ms
Frame 1949 end
Average processing time of GrabImageRGBD(): 11.6859ms
Frame 1950 end
Average processing time of GrabImageRGBD(): 11.6867ms
Frame 1951 end
Average processing time of GrabImageRGBD(): 11.6868ms
Frame 1952 end
Average processing time of GrabImageRGBD(): 11.6873ms
Frame 1953 end
Average processing time of GrabImageRGBD(): 11.6881ms
Frame 1954 end
Average processing time of GrabImageRGBD(): 11.6878ms
Frame 1955 end
Average processing time of GrabImageRGBD(): 11.6877ms
Frame 1956 end
Average processing time of GrabImageRGBD(): 11.6877ms
Frame 1957 end
Average processing time of GrabImageRGBD(): 11.6864ms
Frame 1958 end
Average processing time of GrabImageRGBD(): 11.686ms
Frame 1959 end
Average processing time of GrabImageRGBD(): 11.6858ms
Frame 1960 end
Average processing time of GrabImageRGBD(): 11.6862ms
Frame 1961 end
Average processing time of GrabImageRGBD(): 11.6862ms
Frame 1962 end
Average processing time of GrabImageRGBD(): 11.6872ms
Frame 1963 end
Average processing time of GrabImageRGBD(): 11.6885ms
Frame 1964 end
Average processing time of GrabImageRGBD(): 11.6873ms
Frame 1965 end
Average processing time of GrabImageRGBD(): 11.6866ms
Frame 1966 end
Average processing time of GrabImageRGBD(): 11.688ms
Frame 1967 end
Average processing time of GrabImageRGBD(): 11.6891ms
Frame 1968 end
Average processing time of GrabImageRGBD(): 11.6901ms
Frame 1969 end
Average processing time of GrabImageRGBD(): 11.7054ms
Frame 1970 end
Average processing time of GrabImageRGBD(): 11.7069ms
Frame 1971 end
Average processing time of GrabImageRGBD(): 11.7063ms
Frame 1972 end
Average processing time of GrabImageRGBD(): 11.7069ms
Frame 1973 end
Average processing time of GrabImageRGBD(): 11.7083ms
Frame 1974 end
Average processing time of GrabImageRGBD(): 11.7079ms
Frame 1975 end
Average processing time of GrabImageRGBD(): 11.7094ms
Frame 1976 end
Average processing time of GrabImageRGBD(): 11.7094ms
Frame 1977 end
Average processing time of GrabImageRGBD(): 11.7104ms
Frame 1978 end
Average processing time of GrabImageRGBD(): 11.7118ms
Frame 1979 end
Average processing time of GrabImageRGBD(): 11.712ms
Frame 1980 end
Average processing time of GrabImageRGBD(): 11.7132ms
Frame 1981 end
Average processing time of GrabImageRGBD(): 11.7135ms
Frame 1982 end
Average processing time of GrabImageRGBD(): 11.7131ms
Frame 1983 end
Average processing time of GrabImageRGBD(): 11.7128ms
Frame 1984 end
Average processing time of GrabImageRGBD(): 11.7125ms
Frame 1985 end
Average processing time of GrabImageRGBD(): 11.7131ms
Frame 1986 end
Average processing time of GrabImageRGBD(): 11.7118ms
Frame 1987 end
Average processing time of GrabImageRGBD(): 11.7128ms
Frame 1988 end
Average processing time of GrabImageRGBD(): 11.7127ms
Frame 1989 end
Average processing time of GrabImageRGBD(): 11.7276ms
Frame 1990 end
Average processing time of GrabImageRGBD(): 11.7285ms
Frame 1991 end
Average processing time of GrabImageRGBD(): 11.729ms
Frame 1992 end
Average processing time of GrabImageRGBD(): 11.7301ms
Frame 1993 end
Average processing time of GrabImageRGBD(): 11.7305ms
Frame 1994 end
Average processing time of GrabImageRGBD(): 11.7309ms
Frame 1995 end
Average processing time of GrabImageRGBD(): 11.7317ms
Frame 1996 end
Average processing time of GrabImageRGBD(): 11.7324ms
Frame 1997 end
Average processing time of GrabImageRGBD(): 11.7324ms
Frame 1998 end
Average processing time of GrabImageRGBD(): 11.7329ms
Frame 1999 end
Average processing time of GrabImageRGBD(): 11.7309ms
Frame 2000 end
Average processing time of GrabImageRGBD(): 11.7313ms
Frame 2001 end
Average processing time of GrabImageRGBD(): 11.7321ms
Frame 2002 end
Average processing time of GrabImageRGBD(): 11.7309ms
Frame 2003 end
Average processing time of GrabImageRGBD(): 11.7298ms
Frame 2004 end
Average processing time of GrabImageRGBD(): 11.7302ms
Frame 2005 end
Average processing time of GrabImageRGBD(): 11.7307ms
Frame 2006 end
Average processing time of GrabImageRGBD(): 11.7312ms
Frame 2007 end
Average processing time of GrabImageRGBD(): 11.7317ms
Frame 2008 end
Average processing time of GrabImageRGBD(): 11.7319ms
Frame 2009 end
Average processing time of GrabImageRGBD(): 11.7322ms
Frame 2010 end
Average processing time of GrabImageRGBD(): 11.7452ms
Frame 2011 end
Average processing time of GrabImageRGBD(): 11.745ms
Frame 2012 end
Average processing time of GrabImageRGBD(): 11.7461ms
Frame 2013 end
Average processing time of GrabImageRGBD(): 11.746ms
Frame 2014 end
Average processing time of GrabImageRGBD(): 11.7465ms
Frame 2015 end
Average processing time of GrabImageRGBD(): 11.7466ms
Frame 2016 end
Average processing time of GrabImageRGBD(): 11.7468ms
Frame 2017 end
Average processing time of GrabImageRGBD(): 11.7464ms
Frame 2018 end
Average processing time of GrabImageRGBD(): 11.7462ms
Frame 2019 end
Average processing time of GrabImageRGBD(): 11.747ms
Frame 2020 end
Average processing time of GrabImageRGBD(): 11.7463ms
Frame 2021 end
Average processing time of GrabImageRGBD(): 11.7467ms
Frame 2022 end
Average processing time of GrabImageRGBD(): 11.7621ms
Frame 2023 end
Average processing time of GrabImageRGBD(): 11.7627ms
Frame 2024 end
Average processing time of GrabImageRGBD(): 11.7761ms
Frame 2025 end
Average processing time of GrabImageRGBD(): 11.7776ms
Frame 2026 end
Average processing time of GrabImageRGBD(): 11.7768ms
Frame 2027 end
Average processing time of GrabImageRGBD(): 11.7763ms
Frame 2028 end
Average processing time of GrabImageRGBD(): 11.7763ms
Frame 2029 end
Average processing time of GrabImageRGBD(): 11.7766ms
Frame 2030 end
Average processing time of GrabImageRGBD(): 11.7768ms
Frame 2031 end
Average processing time of GrabImageRGBD(): 11.7771ms
Frame 2032 end
Average processing time of GrabImageRGBD(): 11.7765ms
Frame 2033 end
Average processing time of GrabImageRGBD(): 11.777ms
Frame 2034 end
Average processing time of GrabImageRGBD(): 11.7778ms
Frame 2035 end
Average processing time of GrabImageRGBD(): 11.7773ms
Frame 2036 end
Average processing time of GrabImageRGBD(): 11.7775ms
Frame 2037 end
Average processing time of GrabImageRGBD(): 11.7776ms
Frame 2038 end
Average processing time of GrabImageRGBD(): 11.7768ms
Frame 2039 end
Average processing time of GrabImageRGBD(): 11.7772ms
Frame 2040 end
Average processing time of GrabImageRGBD(): 11.7768ms
Frame 2041 end
Average processing time of GrabImageRGBD(): 11.7767ms
Frame 2042 end
Average processing time of GrabImageRGBD(): 11.7764ms
Frame 2043 end
Average processing time of GrabImageRGBD(): 11.795ms
Frame 2044 end
Average processing time of GrabImageRGBD(): 11.7957ms
Frame 2045 end
Average processing time of GrabImageRGBD(): 11.7958ms
Frame 2046 end
Average processing time of GrabImageRGBD(): 11.7949ms
Frame 2047 end
Average processing time of GrabImageRGBD(): 11.7948ms
Frame 2048 end
Average processing time of GrabImageRGBD(): 11.7951ms
Frame 2049 end
Average processing time of GrabImageRGBD(): 11.7952ms
Frame 2050 end
Average processing time of GrabImageRGBD(): 11.7955ms
Frame 2051 end
Average processing time of GrabImageRGBD(): 11.7949ms
Frame 2052 end
Average processing time of GrabImageRGBD(): 11.7948ms
Frame 2053 end
Average processing time of GrabImageRGBD(): 11.7958ms
Frame 2054 end
Average processing time of GrabImageRGBD(): 11.7961ms
Frame 2055 end
Average processing time of GrabImageRGBD(): 11.7971ms
Frame 2056 end
Average processing time of GrabImageRGBD(): 11.8024ms
Frame 2057 end
Average processing time of GrabImageRGBD(): 11.8035ms
Frame 2058 end
Average processing time of GrabImageRGBD(): 11.8039ms
Frame 2059 end
Average processing time of GrabImageRGBD(): 11.8042ms
Frame 2060 end
Average processing time of GrabImageRGBD(): 11.8039ms
Frame 2061 end
Average processing time of GrabImageRGBD(): 11.8045ms
Frame 2062 end
Average processing time of GrabImageRGBD(): 11.8181ms
Frame 2063 end
Average processing time of GrabImageRGBD(): 11.8191ms
Frame 2064 end
Average processing time of GrabImageRGBD(): 11.8191ms
Frame 2065 end
Average processing time of GrabImageRGBD(): 11.8192ms
Frame 2066 end
Average processing time of GrabImageRGBD(): 11.8196ms
Frame 2067 end
Average processing time of GrabImageRGBD(): 11.8199ms
Frame 2068 end
Average processing time of GrabImageRGBD(): 11.8198ms
Frame 2069 end
Average processing time of GrabImageRGBD(): 11.8178ms
Frame 2070 end
Average processing time of GrabImageRGBD(): 11.8179ms
Frame 2071 end
Average processing time of GrabImageRGBD(): 11.8182ms
Frame 2072 end
Average processing time of GrabImageRGBD(): 11.8184ms
Frame 2073 end
Average processing time of GrabImageRGBD(): 11.8171ms
Frame 2074 end
Average processing time of GrabImageRGBD(): 11.8169ms
Frame 2075 end
Average processing time of GrabImageRGBD(): 11.8165ms
Frame 2076 end
Average processing time of GrabImageRGBD(): 11.8163ms
Frame 2077 end
Average processing time of GrabImageRGBD(): 11.8158ms
Frame 2078 end
Average processing time of GrabImageRGBD(): 11.8159ms
Frame 2079 end
Average processing time of GrabImageRGBD(): 11.8157ms
Frame 2080 end
Average processing time of GrabImageRGBD(): 11.814ms
Frame 2081 end
Average processing time of GrabImageRGBD(): 11.8278ms
Frame 2082 end
Average processing time of GrabImageRGBD(): 11.8431ms
Frame 2083 end
Average processing time of GrabImageRGBD(): 11.8439ms
Frame 2084 end
Average processing time of GrabImageRGBD(): 11.8443ms
Frame 2085 end
Average processing time of GrabImageRGBD(): 11.844ms
Frame 2086 end
Average processing time of GrabImageRGBD(): 11.8447ms
Frame 2087 end
Average processing time of GrabImageRGBD(): 11.8431ms
Frame 2088 end
Average processing time of GrabImageRGBD(): 11.8434ms
Frame 2089 end
Average processing time of GrabImageRGBD(): 11.8433ms
Frame 2090 end
Average processing time of GrabImageRGBD(): 11.8434ms
Frame 2091 end
Average processing time of GrabImageRGBD(): 11.843ms
Frame 2092 end
Average processing time of GrabImageRGBD(): 11.842ms
Frame 2093 end
Average processing time of GrabImageRGBD(): 11.8424ms
Frame 2094 end
Average processing time of GrabImageRGBD(): 11.8418ms
Frame 2095 end
Average processing time of GrabImageRGBD(): 11.8422ms
Frame 2096 end
Average processing time of GrabImageRGBD(): 11.8423ms
Frame 2097 end
Average processing time of GrabImageRGBD(): 11.8424ms
Frame 2098 end
Average processing time of GrabImageRGBD(): 11.8423ms
Frame 2099 end
Average processing time of GrabImageRGBD(): 11.842ms
Frame 2100 end
Average processing time of GrabImageRGBD(): 11.8424ms
Frame 2101 end
Average processing time of GrabImageRGBD(): 11.8552ms
Frame 2102 end
Average processing time of GrabImageRGBD(): 11.8559ms
Frame 2103 end
Average processing time of GrabImageRGBD(): 11.8558ms
Frame 2104 end
Average processing time of GrabImageRGBD(): 11.8553ms
Frame 2105 end
Average processing time of GrabImageRGBD(): 11.8558ms
Frame 2106 end
Average processing time of GrabImageRGBD(): 11.8566ms
Frame 2107 end
Average processing time of GrabImageRGBD(): 11.8563ms
Frame 2108 end
Average processing time of GrabImageRGBD(): 11.8558ms
Frame 2109 end
Average processing time of GrabImageRGBD(): 11.8548ms
Frame 2110 end
Average processing time of GrabImageRGBD(): 11.8543ms
Frame 2111 end
Average processing time of GrabImageRGBD(): 11.8547ms
Frame 2112 end
Average processing time of GrabImageRGBD(): 11.8541ms
Frame 2113 end
Average processing time of GrabImageRGBD(): 11.8535ms
Frame 2114 end
Average processing time of GrabImageRGBD(): 11.8527ms
Frame 2115 end
Average processing time of GrabImageRGBD(): 11.8525ms
Frame 2116 end
Average processing time of GrabImageRGBD(): 11.8527ms
Frame 2117 end
Average processing time of GrabImageRGBD(): 11.8645ms
Frame 2118 end
Average processing time of GrabImageRGBD(): 11.8645ms
Frame 2119 end
Average processing time of GrabImageRGBD(): 11.8642ms
Frame 2120 end
Average processing time of GrabImageRGBD(): 11.8645ms
Frame 2121 end
Average processing time of GrabImageRGBD(): 11.8641ms
Frame 2122 end
Average processing time of GrabImageRGBD(): 11.8643ms
Frame 2123 end
Average processing time of GrabImageRGBD(): 11.8639ms
Frame 2124 end
Average processing time of GrabImageRGBD(): 11.8636ms
Frame 2125 end
Average processing time of GrabImageRGBD(): 11.8637ms
Frame 2126 end
Average processing time of GrabImageRGBD(): 11.8638ms
Frame 2127 end
Average processing time of GrabImageRGBD(): 11.8638ms
Frame 2128 end
Average processing time of GrabImageRGBD(): 11.864ms
Frame 2129 end
Average processing time of GrabImageRGBD(): 11.8634ms
Frame 2130 end
Average processing time of GrabImageRGBD(): 11.8632ms
Frame 2131 end
Average processing time of GrabImageRGBD(): 11.8621ms
Frame 2132 end
Average processing time of GrabImageRGBD(): 11.8623ms
Frame 2133 end
Average processing time of GrabImageRGBD(): 11.8625ms
Frame 2134 end
Average processing time of GrabImageRGBD(): 11.8624ms
Frame 2135 end
Average processing time of GrabImageRGBD(): 11.8771ms
Frame 2136 end
Average processing time of GrabImageRGBD(): 11.8781ms
Frame 2137 end
Average processing time of GrabImageRGBD(): 11.8781ms
Frame 2138 end
Average processing time of GrabImageRGBD(): 11.8785ms
Frame 2139 end
Average processing time of GrabImageRGBD(): 11.8774ms
Frame 2140 end
Average processing time of GrabImageRGBD(): 11.877ms
Frame 2141 end
Average processing time of GrabImageRGBD(): 11.876ms
Frame 2142 end
Average processing time of GrabImageRGBD(): 11.8771ms
Frame 2143 end
Average processing time of GrabImageRGBD(): 11.8783ms
Frame 2144 end
Average processing time of GrabImageRGBD(): 11.8784ms
Frame 2145 end
Average processing time of GrabImageRGBD(): 11.8794ms
Frame 2146 end
Average processing time of GrabImageRGBD(): 11.879ms
Frame 2147 end
Average processing time of GrabImageRGBD(): 11.8788ms
Frame 2148 end
Average processing time of GrabImageRGBD(): 11.8801ms
Frame 2149 end
Average processing time of GrabImageRGBD(): 11.8799ms
Frame 2150 end
Average processing time of GrabImageRGBD(): 11.8947ms
Frame 2151 end
Average processing time of GrabImageRGBD(): 11.8958ms
Frame 2152 end
Average processing time of GrabImageRGBD(): 11.8961ms
Frame 2153 end
Average processing time of GrabImageRGBD(): 11.8948ms
Frame 2154 end
Average processing time of GrabImageRGBD(): 11.895ms
Frame 2155 end
Average processing time of GrabImageRGBD(): 11.895ms
Frame 2156 end
Average processing time of GrabImageRGBD(): 11.8955ms
Frame 2157 end
Average processing time of GrabImageRGBD(): 11.896ms
Frame 2158 end
Average processing time of GrabImageRGBD(): 11.8957ms
Frame 2159 end
Average processing time of GrabImageRGBD(): 11.8964ms
Frame 2160 end
Average processing time of GrabImageRGBD(): 11.8965ms
Frame 2161 end
Average processing time of GrabImageRGBD(): 11.8965ms
Frame 2162 end
Average processing time of GrabImageRGBD(): 11.8969ms
Frame 2163 end
Average processing time of GrabImageRGBD(): 11.8955ms
Frame 2164 end
Average processing time of GrabImageRGBD(): 11.8955ms
Frame 2165 end
Average processing time of GrabImageRGBD(): 11.8958ms
Frame 2166 end
Average processing time of GrabImageRGBD(): 11.896ms
Frame 2167 end
Average processing time of GrabImageRGBD(): 11.8952ms
Frame 2168 end
Average processing time of GrabImageRGBD(): 11.8953ms
Frame 2169 end
Average processing time of GrabImageRGBD(): 11.8949ms
Frame 2170 end
Average processing time of GrabImageRGBD(): 11.9078ms
Frame 2171 end
Average processing time of GrabImageRGBD(): 11.9232ms
Frame 2172 end
Average processing time of GrabImageRGBD(): 11.9384ms
Frame 2173 end
Average processing time of GrabImageRGBD(): 11.9387ms
Frame 2174 end
Average processing time of GrabImageRGBD(): 11.952ms
Frame 2175 end
Average processing time of GrabImageRGBD(): 11.9526ms
Frame 2176 end
Average processing time of GrabImageRGBD(): 11.9517ms
Frame 2177 end
Average processing time of GrabImageRGBD(): 11.9514ms
Frame 2178 end
Average processing time of GrabImageRGBD(): 11.9499ms
Frame 2179 end
Average processing time of GrabImageRGBD(): 11.9499ms
Frame 2180 end
Average processing time of GrabImageRGBD(): 11.9488ms
Frame 2181 end
Average processing time of GrabImageRGBD(): 11.9483ms
Frame 2182 end
Average processing time of GrabImageRGBD(): 11.9486ms
Frame 2183 end
Average processing time of GrabImageRGBD(): 11.9487ms
Frame 2184 end
Average processing time of GrabImageRGBD(): 11.9489ms
Frame 2185 end
Average processing time of GrabImageRGBD(): 11.9484ms
Frame 2186 end
Average processing time of GrabImageRGBD(): 11.9496ms
Frame 2187 end
Average processing time of GrabImageRGBD(): 11.9491ms
Frame 2188 end
Average processing time of GrabImageRGBD(): 11.9493ms
Frame 2189 end
Average processing time of GrabImageRGBD(): 11.948ms
Frame 2190 end
Average processing time of GrabImageRGBD(): 11.9486ms
Frame 2191 end
Average processing time of GrabImageRGBD(): 11.9481ms
Frame 2192 end
Average processing time of GrabImageRGBD(): 11.9477ms
Frame 2193 end
Average processing time of GrabImageRGBD(): 11.9606ms
Frame 2194 end
Average processing time of GrabImageRGBD(): 11.9622ms
Frame 2195 end
Average processing time of GrabImageRGBD(): 11.9619ms
Frame 2196 end
Average processing time of GrabImageRGBD(): 11.9621ms
Frame 2197 end
Average processing time of GrabImageRGBD(): 11.9753ms
Frame 2198 end
Average processing time of GrabImageRGBD(): 11.9764ms
Frame 2199 end
Average processing time of GrabImageRGBD(): 11.9774ms
Frame 2200 end
Average processing time of GrabImageRGBD(): 11.9785ms
Frame 2201 end
Average processing time of GrabImageRGBD(): 11.9795ms
Frame 2202 end
Average processing time of GrabImageRGBD(): 11.9943ms
Frame 2203 end
Average processing time of GrabImageRGBD(): 11.9958ms
Frame 2204 end
Average processing time of GrabImageRGBD(): 11.9951ms
Frame 2205 end
Average processing time of GrabImageRGBD(): 11.9945ms
Frame 2206 end
Average processing time of GrabImageRGBD(): 11.9944ms
Frame 2207 end
Average processing time of GrabImageRGBD(): 11.9946ms
Frame 2208 end
Average processing time of GrabImageRGBD(): 12.0089ms
Frame 2209 end
Average processing time of GrabImageRGBD(): 12.0116ms
Frame 2210 end
Average processing time of GrabImageRGBD(): 12.0123ms
Frame 2211 end
Average processing time of GrabImageRGBD(): 12.0122ms
Frame 2212 end
Average processing time of GrabImageRGBD(): 12.0124ms
Frame 2213 end
Average processing time of GrabImageRGBD(): 12.0268ms
Frame 2214 end
Average processing time of GrabImageRGBD(): 12.0283ms
Frame 2215 end
Average processing time of GrabImageRGBD(): 12.0285ms
Frame 2216 end
Average processing time of GrabImageRGBD(): 12.0282ms
Frame 2217 end
Average processing time of GrabImageRGBD(): 12.0307ms
Frame 2218 end
Average processing time of GrabImageRGBD(): 12.0303ms
Frame 2219 end
Average processing time of GrabImageRGBD(): 12.0301ms
Frame 2220 end
Average processing time of GrabImageRGBD(): 12.0304ms
Frame 2221 end
Average processing time of GrabImageRGBD(): 12.0305ms
Frame 2222 end
Average processing time of GrabImageRGBD(): 12.0424ms
Frame 2223 end
Average processing time of GrabImageRGBD(): 12.0443ms
Frame 2224 end
Average processing time of GrabImageRGBD(): 12.0553ms
Frame 2225 end
Average processing time of GrabImageRGBD(): 12.0556ms
Frame 2226 end
Average processing time of GrabImageRGBD(): 12.0556ms
Frame 2227 end
Average processing time of GrabImageRGBD(): 12.0555ms
Frame 2228 end
Average processing time of GrabImageRGBD(): 12.0552ms
Frame 2229 end
Average processing time of GrabImageRGBD(): 12.0547ms
Frame 2230 end
Average processing time of GrabImageRGBD(): 12.0551ms
Frame 2231 end
Average processing time of GrabImageRGBD(): 12.0554ms
Frame 2232 end
Average processing time of GrabImageRGBD(): 12.0541ms
Frame 2233 end
Average processing time of GrabImageRGBD(): 12.055ms
Frame 2234 end
Average processing time of GrabImageRGBD(): 12.0534ms
Frame 2235 end
Average processing time of GrabImageRGBD(): 12.0535ms
Frame 2236 end
Average processing time of GrabImageRGBD(): 12.0539ms
Frame 2237 end
Average processing time of GrabImageRGBD(): 12.0531ms
Frame 2238 end
Average processing time of GrabImageRGBD(): 12.0633ms
Frame 2239 end
Average processing time of GrabImageRGBD(): 12.0648ms
Frame 2240 end
Average processing time of GrabImageRGBD(): 12.0648ms
Frame 2241 end
Average processing time of GrabImageRGBD(): 12.0768ms
Frame 2242 end
Average processing time of GrabImageRGBD(): 12.0779ms
Frame 2243 end
Average processing time of GrabImageRGBD(): 12.0763ms
Frame 2244 end
Average processing time of GrabImageRGBD(): 12.087ms
Frame 2245 end
Average processing time of GrabImageRGBD(): 12.0882ms
Frame 2246 end
Average processing time of GrabImageRGBD(): 12.0872ms
Frame 2247 end
Average processing time of GrabImageRGBD(): 12.0866ms
Frame 2248 end
Average processing time of GrabImageRGBD(): 12.0874ms
Frame 2249 end
Average processing time of GrabImageRGBD(): 12.0873ms
Frame 2250 end
Average processing time of GrabImageRGBD(): 12.087ms
Frame 2251 end
Average processing time of GrabImageRGBD(): 12.0865ms
Frame 2252 end
Average processing time of GrabImageRGBD(): 12.0861ms
Frame 2253 end
Average processing time of GrabImageRGBD(): 12.0976ms
Frame 2254 end
Average processing time of GrabImageRGBD(): 12.099ms
Frame 2255 end
Average processing time of GrabImageRGBD(): 12.0975ms
Frame 2256 end
Average processing time of GrabImageRGBD(): 12.0972ms
Frame 2257 end
Average processing time of GrabImageRGBD(): 12.0972ms
Frame 2258 end
Average processing time of GrabImageRGBD(): 12.0962ms
Frame 2259 end
Average processing time of GrabImageRGBD(): 12.0959ms
Frame 2260 end
Average processing time of GrabImageRGBD(): 12.0959ms
Frame 2261 end
Average processing time of GrabImageRGBD(): 12.0963ms
Frame 2262 end
Average processing time of GrabImageRGBD(): 12.0964ms
Frame 2263 end
Average processing time of GrabImageRGBD(): 12.0965ms
Frame 2264 end
Average processing time of GrabImageRGBD(): 12.0969ms
Frame 2265 end
Average processing time of GrabImageRGBD(): 12.0969ms
Frame 2266 end
Average processing time of GrabImageRGBD(): 12.0966ms
Frame 2267 end
Average processing time of GrabImageRGBD(): 12.0972ms
Frame 2268 end
Average processing time of GrabImageRGBD(): 12.1079ms
Frame 2269 end
Average processing time of GrabImageRGBD(): 12.1084ms
Frame 2270 end
Average processing time of GrabImageRGBD(): 12.1079ms
Frame 2271 end
Average processing time of GrabImageRGBD(): 12.1075ms
Frame 2272 end
Average processing time of GrabImageRGBD(): 12.1086ms
Frame 2273 end
Average processing time of GrabImageRGBD(): 12.1095ms
Frame 2274 end
Average processing time of GrabImageRGBD(): 12.1096ms
Frame 2275 end
Average processing time of GrabImageRGBD(): 12.1099ms
Frame 2276 end
Average processing time of GrabImageRGBD(): 12.1099ms
Frame 2277 end
Average processing time of GrabImageRGBD(): 12.1113ms
Frame 2278 end
Average processing time of GrabImageRGBD(): 12.1121ms
Frame 2279 end
Average processing time of GrabImageRGBD(): 12.1114ms
Frame 2280 end
Average processing time of GrabImageRGBD(): 12.1111ms
Frame 2281 end
Average processing time of GrabImageRGBD(): 12.1107ms
Frame 2282 end
Average processing time of GrabImageRGBD(): 12.1107ms
Frame 2283 end
Average processing time of GrabImageRGBD(): 12.1223ms
Frame 2284 end
Average processing time of GrabImageRGBD(): 12.1233ms
Frame 2285 end
Average processing time of GrabImageRGBD(): 12.1237ms
Frame 2286 end
Average processing time of GrabImageRGBD(): 12.1245ms
Frame 2287 end
Average processing time of GrabImageRGBD(): 12.1236ms
Frame 2288 end
Average processing time of GrabImageRGBD(): 12.1246ms
Frame 2289 end
Average processing time of GrabImageRGBD(): 12.1245ms
Frame 2290 end
Average processing time of GrabImageRGBD(): 12.1248ms
Frame 2291 end
Average processing time of GrabImageRGBD(): 12.1371ms
Frame 2292 end
Average processing time of GrabImageRGBD(): 12.1379ms
Frame 2293 end
Average processing time of GrabImageRGBD(): 12.1388ms
Frame 2294 end
Average processing time of GrabImageRGBD(): 12.1386ms
Frame 2295 end
Average processing time of GrabImageRGBD(): 12.1394ms
Frame 2296 end
Average processing time of GrabImageRGBD(): 12.1406ms
Frame 2297 end
Average processing time of GrabImageRGBD(): 12.1412ms
Frame 2298 end
Average processing time of GrabImageRGBD(): 12.1408ms
Frame 2299 end
Average processing time of GrabImageRGBD(): 12.1413ms
Frame 2300 end
Average processing time of GrabImageRGBD(): 12.141ms
Frame 2301 end
Average processing time of GrabImageRGBD(): 12.1417ms
Frame 2302 end
Average processing time of GrabImageRGBD(): 12.1415ms
Frame 2303 end
Average processing time of GrabImageRGBD(): 12.1528ms
Frame 2304 end
Average processing time of GrabImageRGBD(): 12.1531ms
Frame 2305 end
Average processing time of GrabImageRGBD(): 12.1528ms
Frame 2306 end
Average processing time of GrabImageRGBD(): 12.1532ms
Frame 2307 end
Average processing time of GrabImageRGBD(): 12.1526ms
Frame 2308 end
Average processing time of GrabImageRGBD(): 12.1527ms
Frame 2309 end
Average processing time of GrabImageRGBD(): 12.1642ms
Frame 2310 end
Average processing time of GrabImageRGBD(): 12.1643ms
Frame 2311 end
Average processing time of GrabImageRGBD(): 12.1648ms
Frame 2312 end
Average processing time of GrabImageRGBD(): 12.176ms
Frame 2313 end
Average processing time of GrabImageRGBD(): 12.1769ms
Frame 2314 end
Average processing time of GrabImageRGBD(): 12.1775ms
Frame 2315 end
Average processing time of GrabImageRGBD(): 12.1776ms
Frame 2316 end
Average processing time of GrabImageRGBD(): 12.1787ms
Frame 2317 end
Average processing time of GrabImageRGBD(): 12.1785ms
Frame 2318 end
Average processing time of GrabImageRGBD(): 12.1779ms
Frame 2319 end
Average processing time of GrabImageRGBD(): 12.1776ms
Frame 2320 end
Average processing time of GrabImageRGBD(): 12.1763ms
Frame 2321 end
Average processing time of GrabImageRGBD(): 12.1751ms
Frame 2322 end
Average processing time of GrabImageRGBD(): 12.1888ms
Frame 2323 end
Average processing time of GrabImageRGBD(): 12.1895ms
Frame 2324 end
Average processing time of GrabImageRGBD(): 12.1879ms
Frame 2325 end
Average processing time of GrabImageRGBD(): 12.1884ms
Frame 2326 end
Average processing time of GrabImageRGBD(): 12.1876ms
Frame 2327 end
Average processing time of GrabImageRGBD(): 12.1878ms
Frame 2328 end
Average processing time of GrabImageRGBD(): 12.2ms
Frame 2329 end
Average processing time of GrabImageRGBD(): 12.1997ms
Frame 2330 end
Average processing time of GrabImageRGBD(): 12.1991ms
Frame 2331 end
Average processing time of GrabImageRGBD(): 12.1983ms
Frame 2332 end
Average processing time of GrabImageRGBD(): 12.2093ms
Frame 2333 end
Average processing time of GrabImageRGBD(): 12.2271ms
Frame 2334 end
Average processing time of GrabImageRGBD(): 12.2275ms
Frame 2335 end
Average processing time of GrabImageRGBD(): 12.2274ms
Frame 2336 end
Average processing time of GrabImageRGBD(): 12.2256ms
Frame 2337 end
Average processing time of GrabImageRGBD(): 12.2248ms
Frame 2338 end
Average processing time of GrabImageRGBD(): 12.2233ms
Frame 2339 end
Average processing time of GrabImageRGBD(): 12.2228ms
Frame 2340 end
Average processing time of GrabImageRGBD(): 12.222ms
Frame 2341 end
Average processing time of GrabImageRGBD(): 12.2202ms
Frame 2342 end
Average processing time of GrabImageRGBD(): 12.2181ms
Frame 2343 end
Average processing time of GrabImageRGBD(): 12.2171ms
Frame 2344 end
Average processing time of GrabImageRGBD(): 12.2155ms
Frame 2345 end
Average processing time of GrabImageRGBD(): 12.2263ms
Frame 2346 end
Average processing time of GrabImageRGBD(): 12.2251ms
Frame 2347 end
Average processing time of GrabImageRGBD(): 12.2239ms
Frame 2348 end
Average processing time of GrabImageRGBD(): 12.2227ms
Frame 2349 end
Average processing time of GrabImageRGBD(): 12.2214ms
Frame 2350 end
Average processing time of GrabImageRGBD(): 12.2192ms
Frame 2351 end
Average processing time of GrabImageRGBD(): 12.218ms
Frame 2352 end
Average processing time of GrabImageRGBD(): 12.2162ms
Frame 2353 end
Average processing time of GrabImageRGBD(): 12.2147ms
Frame 2354 end
Average processing time of GrabImageRGBD(): 12.2258ms
Frame 2355 end
Average processing time of GrabImageRGBD(): 12.2246ms
Frame 2356 end
Average processing time of GrabImageRGBD(): 12.2238ms
Frame 2357 end
Average processing time of GrabImageRGBD(): 12.2352ms
Frame 2358 end
Average processing time of GrabImageRGBD(): 12.2347ms
Frame 2359 end
Average processing time of GrabImageRGBD(): 12.2325ms
Frame 2360 end
Average processing time of GrabImageRGBD(): 12.2307ms
Frame 2361 end
Average processing time of GrabImageRGBD(): 12.2279ms
Frame 2362 end
Average processing time of GrabImageRGBD(): 12.2272ms
Frame 2363 end
Average processing time of GrabImageRGBD(): 12.2263ms
Frame 2364 end
Average processing time of GrabImageRGBD(): 12.2372ms
Frame 2365 end
Average processing time of GrabImageRGBD(): 12.2369ms
Frame 2366 end
Average processing time of GrabImageRGBD(): 12.2355ms
Frame 2367 end
Average processing time of GrabImageRGBD(): 12.2343ms
Frame 2368 end
Average processing time of GrabImageRGBD(): 12.232ms
Frame 2369 end
Average processing time of GrabImageRGBD(): 12.2311ms
Frame 2370 end
Average processing time of GrabImageRGBD(): 12.2416ms
Frame 2371 end
Average processing time of GrabImageRGBD(): 12.2404ms
Frame 2372 end
Average processing time of GrabImageRGBD(): 12.2391ms
Frame 2373 end
Average processing time of GrabImageRGBD(): 12.2382ms
Frame 2374 end
Average processing time of GrabImageRGBD(): 12.2368ms
Frame 2375 end
Average processing time of GrabImageRGBD(): 12.2357ms
Frame 2376 end
Average processing time of GrabImageRGBD(): 12.2346ms
Frame 2377 end
Average processing time of GrabImageRGBD(): 12.2327ms
Frame 2378 end
Average processing time of GrabImageRGBD(): 12.2317ms
Frame 2379 end
Average processing time of GrabImageRGBD(): 12.2301ms
Frame 2380 end
Average processing time of GrabImageRGBD(): 12.229ms
Frame 2381 end
Average processing time of GrabImageRGBD(): 12.2277ms
Frame 2382 end
Average processing time of GrabImageRGBD(): 12.2267ms
Frame 2383 end
Average processing time of GrabImageRGBD(): 12.2416ms
Frame 2384 end
Average processing time of GrabImageRGBD(): 12.2416ms
Frame 2385 end
Average processing time of GrabImageRGBD(): 12.2403ms
Frame 2386 end
Average processing time of GrabImageRGBD(): 12.2384ms
Frame 2387 end
Average processing time of GrabImageRGBD(): 12.2491ms
Frame 2388 end
Average processing time of GrabImageRGBD(): 12.2494ms
Frame 2389 end
Average processing time of GrabImageRGBD(): 12.2478ms
Frame 2390 end
Average processing time of GrabImageRGBD(): 12.2461ms
Frame 2391 end
Average processing time of GrabImageRGBD(): 12.2442ms
Frame 2392 end
Average processing time of GrabImageRGBD(): 12.2427ms
Frame 2393 end
Average processing time of GrabImageRGBD(): 12.2539ms
Frame 2394 end
Average processing time of GrabImageRGBD(): 12.2537ms
Frame 2395 end
Average processing time of GrabImageRGBD(): 12.2525ms
Frame 2396 end
Average processing time of GrabImageRGBD(): 12.2509ms
Frame 2397 end
Average processing time of GrabImageRGBD(): 12.25ms
Frame 2398 end
Average processing time of GrabImageRGBD(): 12.2488ms
Frame 2399 end
Average processing time of GrabImageRGBD(): 12.2479ms
Frame 2400 end
Average processing time of GrabImageRGBD(): 12.2458ms
Frame 2401 end
Average processing time of GrabImageRGBD(): 12.2439ms
Frame 2402 end
Average processing time of GrabImageRGBD(): 12.2419ms
Frame 2403 end
Average processing time of GrabImageRGBD(): 12.2395ms
Frame 2404 end
Average processing time of GrabImageRGBD(): 12.2425ms
Frame 2405 end
Average processing time of GrabImageRGBD(): 12.2399ms
Frame 2406 end
Average processing time of GrabImageRGBD(): 12.2381ms
Frame 2407 end
Average processing time of GrabImageRGBD(): 12.2369ms
Frame 2408 end
Average processing time of GrabImageRGBD(): 12.235ms
Frame 2409 end
Average processing time of GrabImageRGBD(): 12.2329ms
Frame 2410 end
Average processing time of GrabImageRGBD(): 12.2318ms
Frame 2411 end
Average processing time of GrabImageRGBD(): 12.2304ms
Frame 2412 end
Average processing time of GrabImageRGBD(): 12.2281ms
Frame 2413 end
Average processing time of GrabImageRGBD(): 12.2385ms
Frame 2414 end
Average processing time of GrabImageRGBD(): 12.2379ms
Frame 2415 end
Average processing time of GrabImageRGBD(): 12.2361ms
Frame 2416 end
Average processing time of GrabImageRGBD(): 12.235ms
Frame 2417 end
Average processing time of GrabImageRGBD(): 12.2317ms
Frame 2418 end
Average processing time of GrabImageRGBD(): 12.2305ms
Frame 2419 end
Average processing time of GrabImageRGBD(): 12.2292ms
Frame 2420 end
Average processing time of GrabImageRGBD(): 12.2259ms
Frame 2421 end
Average processing time of GrabImageRGBD(): 12.2239ms
Frame 2422 end
Average processing time of GrabImageRGBD(): 12.2338ms
Frame 2423 end
Average processing time of GrabImageRGBD(): 12.233ms
Frame 2424 end
Average processing time of GrabImageRGBD(): 12.2324ms
Frame 2425 end
Average processing time of GrabImageRGBD(): 12.2316ms
Frame 2426 end
Average processing time of GrabImageRGBD(): 12.2305ms
Frame 2427 end
Average processing time of GrabImageRGBD(): 12.2295ms
Frame 2428 end
Average processing time of GrabImageRGBD(): 12.2285ms
Frame 2429 end
Average processing time of GrabImageRGBD(): 12.2268ms
Frame 2430 end
Average processing time of GrabImageRGBD(): 12.2389ms
Frame 2431 end
Average processing time of GrabImageRGBD(): 12.2388ms
Frame 2432 end
Average processing time of GrabImageRGBD(): 12.2372ms
Frame 2433 end
Average processing time of GrabImageRGBD(): 12.2362ms
Frame 2434 end
Average processing time of GrabImageRGBD(): 12.2359ms
Frame 2435 end
Average processing time of GrabImageRGBD(): 12.2349ms
Frame 2436 end
Average processing time of GrabImageRGBD(): 12.2332ms
Frame 2437 end
Average processing time of GrabImageRGBD(): 12.2325ms
Frame 2438 end
Average processing time of GrabImageRGBD(): 12.231ms
Frame 2439 end
Average processing time of GrabImageRGBD(): 12.2295ms
Frame 2440 end
Average processing time of GrabImageRGBD(): 12.2398ms
Frame 2441 end
Average processing time of GrabImageRGBD(): 12.2388ms
Frame 2442 end
Average processing time of GrabImageRGBD(): 12.238ms
Frame 2443 end
Average processing time of GrabImageRGBD(): 12.2367ms
Frame 2444 end
Average processing time of GrabImageRGBD(): 12.2355ms
Frame 2445 end
Average processing time of GrabImageRGBD(): 12.2348ms
Frame 2446 end
Average processing time of GrabImageRGBD(): 12.2339ms
Frame 2447 end
Average processing time of GrabImageRGBD(): 12.2328ms
Frame 2448 end
Average processing time of GrabImageRGBD(): 12.2319ms
Frame 2449 end
Average processing time of GrabImageRGBD(): 12.2311ms
Frame 2450 end
Average processing time of GrabImageRGBD(): 12.2416ms
Frame 2451 end
Average processing time of GrabImageRGBD(): 12.2405ms
Frame 2452 end
Average processing time of GrabImageRGBD(): 12.2398ms
Frame 2453 end
Average processing time of GrabImageRGBD(): 12.2385ms
Frame 2454 end
Average processing time of GrabImageRGBD(): 12.2373ms
Frame 2455 end
Average processing time of GrabImageRGBD(): 12.2361ms
Frame 2456 end
Average processing time of GrabImageRGBD(): 12.2354ms
Frame 2457 end
Average processing time of GrabImageRGBD(): 12.2339ms
Frame 2458 end
Average processing time of GrabImageRGBD(): 12.2326ms
Frame 2459 end
Average processing time of GrabImageRGBD(): 12.2315ms
Frame 2460 end
Average processing time of GrabImageRGBD(): 12.2305ms
Frame 2461 end
Average processing time of GrabImageRGBD(): 12.229ms
Frame 2462 end
Average processing time of GrabImageRGBD(): 12.2281ms
Frame 2463 end
Average processing time of GrabImageRGBD(): 12.2272ms
Frame 2464 end
Average processing time of GrabImageRGBD(): 12.2421ms
Frame 2465 end
Average processing time of GrabImageRGBD(): 12.2422ms
Frame 2466 end
Average processing time of GrabImageRGBD(): 12.2414ms
Frame 2467 end
Average processing time of GrabImageRGBD(): 12.2402ms
Frame 2468 end
Average processing time of GrabImageRGBD(): 12.2383ms
Frame 2469 end
Average processing time of GrabImageRGBD(): 12.2372ms
Frame 2470 end
Average processing time of GrabImageRGBD(): 12.2349ms
Frame 2471 end
Average processing time of GrabImageRGBD(): 12.2337ms
Frame 2472 end
Average processing time of GrabImageRGBD(): 12.2328ms
Frame 2473 end
Average processing time of GrabImageRGBD(): 12.2313ms
Frame 2474 end
Average processing time of GrabImageRGBD(): 12.2421ms
Frame 2475 end
Average processing time of GrabImageRGBD(): 12.2415ms
Frame 2476 end
Average processing time of GrabImageRGBD(): 12.2407ms
Frame 2477 end
Average processing time of GrabImageRGBD(): 12.2389ms
Frame 2478 end
Average processing time of GrabImageRGBD(): 12.2372ms
Frame 2479 end
Average processing time of GrabImageRGBD(): 12.2353ms
Frame 2480 end
Average processing time of GrabImageRGBD(): 12.2332ms
Frame 2481 end
Average processing time of GrabImageRGBD(): 12.2301ms
Frame 2482 end
Average processing time of GrabImageRGBD(): 12.2289ms
Frame 2483 end
Average processing time of GrabImageRGBD(): 12.2408ms
Frame 2484 end
Average processing time of GrabImageRGBD(): 12.2404ms
Frame 2485 end
Average processing time of GrabImageRGBD(): 12.2381ms
Frame 2486 end
Average processing time of GrabImageRGBD(): 12.2363ms
Frame 2487 end
Average processing time of GrabImageRGBD(): 12.2352ms
Frame 2488 end
Average processing time of GrabImageRGBD(): 12.2346ms
Frame 2489 end
Average processing time of GrabImageRGBD(): 12.2316ms
Frame 2490 end
Average processing time of GrabImageRGBD(): 12.2296ms
Frame 2491 end
Average processing time of GrabImageRGBD(): 12.2283ms
Frame 2492 end
Average processing time of GrabImageRGBD(): 12.2274ms
Frame 2493 end
Average processing time of GrabImageRGBD(): 12.2265ms
Frame 2494 end
Average processing time of GrabImageRGBD(): 12.2255ms
Frame 2495 end
Average processing time of GrabImageRGBD(): 12.2245ms
Frame 2496 end
Average processing time of GrabImageRGBD(): 12.2228ms
Frame 2497 end
Average processing time of GrabImageRGBD(): 12.2324ms
Frame 2498 end
Average processing time of GrabImageRGBD(): 12.2321ms
Frame 2499 end
Average processing time of GrabImageRGBD(): 12.2314ms
Frame 2500 end
Average processing time of GrabImageRGBD(): 12.23ms
Frame 2501 end
Average processing time of GrabImageRGBD(): 12.2286ms
Frame 2502 end
Average processing time of GrabImageRGBD(): 12.2272ms
Frame 2503 end
Average processing time of GrabImageRGBD(): 12.2262ms
Frame 2504 end
Average processing time of GrabImageRGBD(): 12.2244ms
Frame 2505 end
Average processing time of GrabImageRGBD(): 12.2225ms
Frame 2506 end
Average processing time of GrabImageRGBD(): 12.2212ms
Frame 2507 end
Average processing time of GrabImageRGBD(): 12.2203ms
Frame 2508 end
Average processing time of GrabImageRGBD(): 12.2192ms
Frame 2509 end
Average processing time of GrabImageRGBD(): 12.2183ms
Frame 2510 end
Average processing time of GrabImageRGBD(): 12.228ms
Frame 2511 end
Average processing time of GrabImageRGBD(): 12.2279ms
Frame 2512 end
Average processing time of GrabImageRGBD(): 12.2264ms
Frame 2513 end
Average processing time of GrabImageRGBD(): 12.2253ms
Frame 2514 end
Average processing time of GrabImageRGBD(): 12.2247ms
Frame 2515 end
Average processing time of GrabImageRGBD(): 12.2242ms
Frame 2516 end
Average processing time of GrabImageRGBD(): 12.2348ms
Frame 2517 end
Average processing time of GrabImageRGBD(): 12.2346ms
Frame 2518 end
Average processing time of GrabImageRGBD(): 12.2325ms
Frame 2519 end
Average processing time of GrabImageRGBD(): 12.2316ms
Frame 2520 end
Average processing time of GrabImageRGBD(): 12.2309ms
Frame 2521 end
Average processing time of GrabImageRGBD(): 12.2303ms
Frame 2522 end
Average processing time of GrabImageRGBD(): 12.2293ms
Frame 2523 end
Average processing time of GrabImageRGBD(): 12.2289ms
Frame 2524 end
Average processing time of GrabImageRGBD(): 12.2279ms
Frame 2525 end
Average processing time of GrabImageRGBD(): 12.226ms
Frame 2526 end
Average processing time of GrabImageRGBD(): 12.2255ms
Frame 2527 end
Average processing time of GrabImageRGBD(): 12.2233ms
Frame 2528 end
Average processing time of GrabImageRGBD(): 12.2226ms
Frame 2529 end
Average processing time of GrabImageRGBD(): 12.2321ms
Frame 2530 end
Average processing time of GrabImageRGBD(): 12.2312ms
Frame 2531 end
Average processing time of GrabImageRGBD(): 12.2308ms
Frame 2532 end
Average processing time of GrabImageRGBD(): 12.2302ms
Frame 2533 end
Average processing time of GrabImageRGBD(): 12.2301ms
Frame 2534 end
Average processing time of GrabImageRGBD(): 12.2299ms
Frame 2535 end
Average processing time of GrabImageRGBD(): 12.2295ms
Frame 2536 end
Average processing time of GrabImageRGBD(): 12.228ms
Frame 2537 end
Average processing time of GrabImageRGBD(): 12.2273ms
Frame 2538 end
Average processing time of GrabImageRGBD(): 12.2266ms
Frame 2539 end
Average processing time of GrabImageRGBD(): 12.226ms
Frame 2540 end
Average processing time of GrabImageRGBD(): 12.2255ms
Frame 2541 end
Average processing time of GrabImageRGBD(): 12.2248ms
Frame 2542 end
Average processing time of GrabImageRGBD(): 12.2245ms
Frame 2543 end
Average processing time of GrabImageRGBD(): 12.2228ms
Frame 2544 end
Average processing time of GrabImageRGBD(): 12.2318ms
Frame 2545 end
Average processing time of GrabImageRGBD(): 12.2317ms
Frame 2546 end
Average processing time of GrabImageRGBD(): 12.2316ms
Frame 2547 end
Average processing time of GrabImageRGBD(): 12.2312ms
Frame 2548 end
Average processing time of GrabImageRGBD(): 12.2305ms
Frame 2549 end
Average processing time of GrabImageRGBD(): 12.2302ms
Frame 2550 end
Average processing time of GrabImageRGBD(): 12.2297ms
Frame 2551 end
Average processing time of GrabImageRGBD(): 12.2297ms
Frame 2552 end
Average processing time of GrabImageRGBD(): 12.2296ms
Frame 2553 end
Average processing time of GrabImageRGBD(): 12.2292ms
Frame 2554 end
Average processing time of GrabImageRGBD(): 12.2282ms
Frame 2555 end
Average processing time of GrabImageRGBD(): 12.2264ms
Frame 2556 end
Average processing time of GrabImageRGBD(): 12.2359ms
Frame 2557 end
Average processing time of GrabImageRGBD(): 12.2363ms
Frame 2558 end
Average processing time of GrabImageRGBD(): 12.2351ms
Frame 2559 end
Average processing time of GrabImageRGBD(): 12.2348ms
Frame 2560 end
Average processing time of GrabImageRGBD(): 12.2344ms
Frame 2561 end
Average processing time of GrabImageRGBD(): 12.2339ms
Frame 2562 end
Average processing time of GrabImageRGBD(): 12.2341ms
Frame 2563 end
Average processing time of GrabImageRGBD(): 12.2341ms
Frame 2564 end
Average processing time of GrabImageRGBD(): 12.2359ms
Frame 2565 end
Average processing time of GrabImageRGBD(): 12.2357ms
Frame 2566 end
Average processing time of GrabImageRGBD(): 12.2368ms
Frame 2567 end
Average processing time of GrabImageRGBD(): 12.2378ms
Frame 2568 end
Average processing time of GrabImageRGBD(): 12.2482ms
Frame 2569 end
Average processing time of GrabImageRGBD(): 12.2498ms
Frame 2570 end
Average processing time of GrabImageRGBD(): 12.2508ms
Frame 2571 end
Average processing time of GrabImageRGBD(): 12.2506ms
Frame 2572 end
Average processing time of GrabImageRGBD(): 12.2506ms
Frame 2573 end
Average processing time of GrabImageRGBD(): 12.2507ms
Frame 2574 end
Average processing time of GrabImageRGBD(): 12.2507ms
Frame 2575 end
Average processing time of GrabImageRGBD(): 12.2508ms
Frame 2576 end
Average processing time of GrabImageRGBD(): 12.251ms
Frame 2577 end
Average processing time of GrabImageRGBD(): 12.2506ms
Frame 2578 end
Average processing time of GrabImageRGBD(): 12.2508ms
Frame 2579 end
Average processing time of GrabImageRGBD(): 12.251ms
Frame 2580 end
Average processing time of GrabImageRGBD(): 12.2505ms
Frame 2581 end
Average processing time of GrabImageRGBD(): 12.2616ms
Frame 2582 end
Average processing time of GrabImageRGBD(): 12.2627ms
Frame 2583 end
Average processing time of GrabImageRGBD(): 12.2627ms
Frame 2584 end
Average processing time of GrabImageRGBD(): 12.2632ms
Frame 2585 end
Average processing time of GrabImageRGBD(): 12.2633ms
Frame 2586 end
Average processing time of GrabImageRGBD(): 12.2628ms
Frame 2587 end
Average processing time of GrabImageRGBD(): 12.2618ms
Frame 2588 end
Average processing time of GrabImageRGBD(): 12.2616ms
Frame 2589 end
Average processing time of GrabImageRGBD(): 12.2617ms
Frame 2590 end
Average processing time of GrabImageRGBD(): 12.262ms
Frame 2591 end
Average processing time of GrabImageRGBD(): 12.2614ms
Frame 2592 end
Average processing time of GrabImageRGBD(): 12.2616ms
Frame 2593 end
Average processing time of GrabImageRGBD(): 12.271ms
Frame 2594 end
Average processing time of GrabImageRGBD(): 12.2721ms
Frame 2595 end
Average processing time of GrabImageRGBD(): 12.2708ms
Frame 2596 end
Average processing time of GrabImageRGBD(): 12.2725ms
Frame 2597 end
Average processing time of GrabImageRGBD(): 12.2731ms
Frame 2598 end
Average processing time of GrabImageRGBD(): 12.273ms
Frame 2599 end
Average processing time of GrabImageRGBD(): 12.2732ms
Frame 2600 end
Average processing time of GrabImageRGBD(): 12.2729ms
Frame 2601 end
Average processing time of GrabImageRGBD(): 12.2729ms
Frame 2602 end
Average processing time of GrabImageRGBD(): 12.2735ms
Frame 2603 end
Average processing time of GrabImageRGBD(): 12.2732ms
Frame 2604 end
Average processing time of GrabImageRGBD(): 12.2894ms
Frame 2605 end
Average processing time of GrabImageRGBD(): 12.2894ms
Frame 2606 end
Average processing time of GrabImageRGBD(): 12.2902ms
Frame 2607 end
Average processing time of GrabImageRGBD(): 12.2923ms
Frame 2608 end
Average processing time of GrabImageRGBD(): 12.2934ms
Frame 2609 end
Average processing time of GrabImageRGBD(): 12.2941ms
Frame 2610 end
Average processing time of GrabImageRGBD(): 12.2936ms
Frame 2611 end
Average processing time of GrabImageRGBD(): 12.2942ms
Frame 2612 end
Average processing time of GrabImageRGBD(): 12.2938ms
Frame 2613 end
Average processing time of GrabImageRGBD(): 12.2932ms
Frame 2614 end
Average processing time of GrabImageRGBD(): 12.2923ms
Frame 2615 end
Average processing time of GrabImageRGBD(): 12.3013ms
Frame 2616 end
Average processing time of GrabImageRGBD(): 12.3016ms
Frame 2617 end
Average processing time of GrabImageRGBD(): 12.3011ms
Frame 2618 end
Average processing time of GrabImageRGBD(): 12.3011ms
Frame 2619 end
Average processing time of GrabImageRGBD(): 12.3001ms
Frame 2620 end
Average processing time of GrabImageRGBD(): 12.3008ms
Frame 2621 end
Average processing time of GrabImageRGBD(): 12.3013ms
Frame 2622 end
Average processing time of GrabImageRGBD(): 12.3026ms
Frame 2623 end
Average processing time of GrabImageRGBD(): 12.3021ms
Frame 2624 end
Average processing time of GrabImageRGBD(): 12.3013ms
Frame 2625 end
Average processing time of GrabImageRGBD(): 12.3012ms
Frame 2626 end
Average processing time of GrabImageRGBD(): 12.3111ms
Frame 2627 end
Average processing time of GrabImageRGBD(): 12.3121ms
Frame 2628 end
Average processing time of GrabImageRGBD(): 12.3116ms
Frame 2629 end
Average processing time of GrabImageRGBD(): 12.3104ms
Frame 2630 end
Average processing time of GrabImageRGBD(): 12.3105ms
Frame 2631 end
Average processing time of GrabImageRGBD(): 12.3116ms
Frame 2632 end
Average processing time of GrabImageRGBD(): 12.3116ms
Frame 2633 end
Average processing time of GrabImageRGBD(): 12.3116ms
Frame 2634 end
Average processing time of GrabImageRGBD(): 12.3123ms
Frame 2635 end
Average processing time of GrabImageRGBD(): 12.3126ms
Frame 2636 end
Average processing time of GrabImageRGBD(): 12.3122ms
Frame 2637 end
Average processing time of GrabImageRGBD(): 12.313ms
Frame 2638 end
Average processing time of GrabImageRGBD(): 12.3134ms
Frame 2639 end
Average processing time of GrabImageRGBD(): 12.3238ms
Frame 2640 end
Average processing time of GrabImageRGBD(): 12.3238ms
Frame 2641 end
Average processing time of GrabImageRGBD(): 12.3237ms
Frame 2642 end
Average processing time of GrabImageRGBD(): 12.3228ms
Frame 2643 end
Average processing time of GrabImageRGBD(): 12.3236ms
Frame 2644 end
Average processing time of GrabImageRGBD(): 12.3235ms
Frame 2645 end
Average processing time of GrabImageRGBD(): 12.3231ms
Frame 2646 end
Average processing time of GrabImageRGBD(): 12.3236ms
Frame 2647 end
Average processing time of GrabImageRGBD(): 12.3237ms
Frame 2648 end
Average processing time of GrabImageRGBD(): 12.3235ms
Frame 2649 end
Average processing time of GrabImageRGBD(): 12.3391ms
Frame 2650 end
Average processing time of GrabImageRGBD(): 12.3392ms
Frame 2651 end
Average processing time of GrabImageRGBD(): 12.3394ms
Frame 2652 end
Average processing time of GrabImageRGBD(): 12.3397ms
Frame 2653 end
Average processing time of GrabImageRGBD(): 12.339ms
Frame 2654 end
Average processing time of GrabImageRGBD(): 12.3392ms
Frame 2655 end
Average processing time of GrabImageRGBD(): 12.3389ms
Frame 2656 end
Average processing time of GrabImageRGBD(): 12.3381ms
Frame 2657 end
Average processing time of GrabImageRGBD(): 12.3388ms
Frame 2658 end
Average processing time of GrabImageRGBD(): 12.339ms
Frame 2659 end
Average processing time of GrabImageRGBD(): 12.3392ms
Frame 2660 end
Average processing time of GrabImageRGBD(): 12.3487ms
Frame 2661 end
Average processing time of GrabImageRGBD(): 12.3506ms
Frame 2662 end
Average processing time of GrabImageRGBD(): 12.3525ms
Frame 2663 end
Average processing time of GrabImageRGBD(): 12.3532ms
Frame 2664 end
Average processing time of GrabImageRGBD(): 12.3541ms
Frame 2665 end
Average processing time of GrabImageRGBD(): 12.3548ms
Frame 2666 end
Average processing time of GrabImageRGBD(): 12.355ms
Frame 2667 end
Average processing time of GrabImageRGBD(): 12.3557ms
Frame 2668 end
Average processing time of GrabImageRGBD(): 12.3553ms
Frame 2669 end
Average processing time of GrabImageRGBD(): 12.3551ms
Frame 2670 end
Average processing time of GrabImageRGBD(): 12.3645ms
Frame 2671 end
Average processing time of GrabImageRGBD(): 12.3649ms
Frame 2672 end
Average processing time of GrabImageRGBD(): 12.3654ms
Frame 2673 end
Average processing time of GrabImageRGBD(): 12.3664ms
Frame 2674 end
Average processing time of GrabImageRGBD(): 12.3659ms
Frame 2675 end
Average processing time of GrabImageRGBD(): 12.3659ms
Frame 2676 end
Average processing time of GrabImageRGBD(): 12.3664ms
Frame 2677 end
Average processing time of GrabImageRGBD(): 12.3667ms
Frame 2678 end
Average processing time of GrabImageRGBD(): 12.3666ms
Frame 2679 end
Average processing time of GrabImageRGBD(): 12.376ms
Frame 2680 end
Average processing time of GrabImageRGBD(): 12.3762ms
Frame 2681 end
Average processing time of GrabImageRGBD(): 12.3762ms
Frame 2682 end
Average processing time of GrabImageRGBD(): 12.3758ms
Frame 2683 end
Average processing time of GrabImageRGBD(): 12.3755ms
Frame 2684 end
Average processing time of GrabImageRGBD(): 12.376ms
Frame 2685 end
Average processing time of GrabImageRGBD(): 12.3766ms
Frame 2686 end
Average processing time of GrabImageRGBD(): 12.377ms
Frame 2687 end
Average processing time of GrabImageRGBD(): 12.3775ms
Frame 2688 end
Average processing time of GrabImageRGBD(): 12.377ms
Frame 2689 end
Average processing time of GrabImageRGBD(): 12.3865ms
Frame 2690 end
Average processing time of GrabImageRGBD(): 12.3866ms
Frame 2691 end
Average processing time of GrabImageRGBD(): 12.3862ms
Frame 2692 end
Average processing time of GrabImageRGBD(): 12.3859ms
Frame 2693 end
Average processing time of GrabImageRGBD(): 12.3859ms
Frame 2694 end
Average processing time of GrabImageRGBD(): 12.3864ms
Frame 2695 end
Average processing time of GrabImageRGBD(): 12.387ms
Frame 2696 end
Average processing time of GrabImageRGBD(): 12.387ms
Frame 2697 end
Average processing time of GrabImageRGBD(): 12.3875ms
Frame 2698 end
Average processing time of GrabImageRGBD(): 12.3877ms
Frame 2699 end
Average processing time of GrabImageRGBD(): 12.398ms
Frame 2700 end
Average processing time of GrabImageRGBD(): 12.3976ms
Frame 2701 end
Average processing time of GrabImageRGBD(): 12.3981ms
Frame 2702 end
Average processing time of GrabImageRGBD(): 12.398ms
Frame 2703 end
Average processing time of GrabImageRGBD(): 12.3977ms
Frame 2704 end
Average processing time of GrabImageRGBD(): 12.3979ms
Frame 2705 end
Average processing time of GrabImageRGBD(): 12.3973ms
Frame 2706 end
Average processing time of GrabImageRGBD(): 12.3971ms
Frame 2707 end
Average processing time of GrabImageRGBD(): 12.3966ms
Frame 2708 end
Average processing time of GrabImageRGBD(): 12.3952ms
Frame 2709 end
Average processing time of GrabImageRGBD(): 12.4051ms
Frame 2710 end
Average processing time of GrabImageRGBD(): 12.405ms
Frame 2711 end
Average processing time of GrabImageRGBD(): 12.405ms
Frame 2712 end
Average processing time of GrabImageRGBD(): 12.4041ms
Frame 2713 end
Average processing time of GrabImageRGBD(): 12.4037ms
Frame 2714 end
Average processing time of GrabImageRGBD(): 12.4037ms
Frame 2715 end
Average processing time of GrabImageRGBD(): 12.4031ms
Frame 2716 end
Average processing time of GrabImageRGBD(): 12.4032ms
Frame 2717 end
Average processing time of GrabImageRGBD(): 12.4034ms
Frame 2718 end
Average processing time of GrabImageRGBD(): 12.4129ms
Frame 2719 end
Average processing time of GrabImageRGBD(): 12.4136ms
Frame 2720 end
Average processing time of GrabImageRGBD(): 12.4138ms
Frame 2721 end
Average processing time of GrabImageRGBD(): 12.4133ms
Frame 2722 end
Average processing time of GrabImageRGBD(): 12.4136ms
Frame 2723 end
Average processing time of GrabImageRGBD(): 12.4141ms
Frame 2724 end
Average processing time of GrabImageRGBD(): 12.413ms
Frame 2725 end
Average processing time of GrabImageRGBD(): 12.4136ms
Frame 2726 end
Average processing time of GrabImageRGBD(): 12.4138ms
Frame 2727 end
Average processing time of GrabImageRGBD(): 12.422ms
Frame 2728 end
Average processing time of GrabImageRGBD(): 12.4228ms
Frame 2729 end
Average processing time of GrabImageRGBD(): 12.4219ms
Frame 2730 end
Average processing time of GrabImageRGBD(): 12.4214ms
Frame 2731 end
Average processing time of GrabImageRGBD(): 12.421ms
Frame 2732 end
Average processing time of GrabImageRGBD(): 12.4205ms
Frame 2733 end
Average processing time of GrabImageRGBD(): 12.4208ms
Frame 2734 end
Average processing time of GrabImageRGBD(): 12.4207ms
Frame 2735 end
Average processing time of GrabImageRGBD(): 12.4202ms
Frame 2736 end
Average processing time of GrabImageRGBD(): 12.4293ms
Frame 2737 end
Average processing time of GrabImageRGBD(): 12.4296ms
Frame 2738 end
Average processing time of GrabImageRGBD(): 12.4294ms
Frame 2739 end
Average processing time of GrabImageRGBD(): 12.4279ms
Frame 2740 end
Average processing time of GrabImageRGBD(): 12.4265ms
Frame 2741 end
Average processing time of GrabImageRGBD(): 12.4263ms
Frame 2742 end
Average processing time of GrabImageRGBD(): 12.4257ms
Frame 2743 end
Average processing time of GrabImageRGBD(): 12.4254ms
Frame 2744 end
Average processing time of GrabImageRGBD(): 12.4233ms
Frame 2745 end
Average processing time of GrabImageRGBD(): 12.4326ms
Frame 2746 end
Average processing time of GrabImageRGBD(): 12.4331ms
Frame 2747 end
Average processing time of GrabImageRGBD(): 12.4328ms
Frame 2748 end
Average processing time of GrabImageRGBD(): 12.433ms
Frame 2749 end
Average processing time of GrabImageRGBD(): 12.4327ms
Frame 2750 end
Average processing time of GrabImageRGBD(): 12.4324ms
Frame 2751 end
Average processing time of GrabImageRGBD(): 12.4325ms
Frame 2752 end
Average processing time of GrabImageRGBD(): 12.432ms
Frame 2753 end
Average processing time of GrabImageRGBD(): 12.4419ms
Frame 2754 end
Average processing time of GrabImageRGBD(): 12.4418ms
Frame 2755 end
Average processing time of GrabImageRGBD(): 12.4409ms
Frame 2756 end
Average processing time of GrabImageRGBD(): 12.4405ms
Frame 2757 end
Average processing time of GrabImageRGBD(): 12.4404ms
Frame 2758 end
Average processing time of GrabImageRGBD(): 12.4398ms
Frame 2759 end
Average processing time of GrabImageRGBD(): 12.4395ms
Frame 2760 end
Average processing time of GrabImageRGBD(): 12.4385ms
Frame 2761 end
Average processing time of GrabImageRGBD(): 12.4482ms
Frame 2762 end
Average processing time of GrabImageRGBD(): 12.4481ms
Frame 2763 end
Average processing time of GrabImageRGBD(): 12.4475ms
Frame 2764 end
Average processing time of GrabImageRGBD(): 12.447ms
Frame 2765 end
Average processing time of GrabImageRGBD(): 12.4469ms
Frame 2766 end
Average processing time of GrabImageRGBD(): 12.4457ms
Frame 2767 end
Average processing time of GrabImageRGBD(): 12.4452ms
Frame 2768 end
Average processing time of GrabImageRGBD(): 12.4632ms
Frame 2769 end
Average processing time of GrabImageRGBD(): 12.4632ms
Frame 2770 end
Average processing time of GrabImageRGBD(): 12.463ms
Frame 2771 end
Average processing time of GrabImageRGBD(): 12.4625ms
Frame 2772 end
Average processing time of GrabImageRGBD(): 12.4614ms
Frame 2773 end
Average processing time of GrabImageRGBD(): 12.4614ms
Frame 2774 end
Average processing time of GrabImageRGBD(): 12.4608ms
Frame 2775 end
Average processing time of GrabImageRGBD(): 12.4593ms
Frame 2776 end
Average processing time of GrabImageRGBD(): 12.459ms
Frame 2777 end
Average processing time of GrabImageRGBD(): 12.4681ms
Frame 2778 end
Average processing time of GrabImageRGBD(): 12.4682ms
Frame 2779 end
Average processing time of GrabImageRGBD(): 12.4682ms
Frame 2780 end
Average processing time of GrabImageRGBD(): 12.4684ms
Frame 2781 end
Average processing time of GrabImageRGBD(): 12.4682ms
Frame 2782 end
Average processing time of GrabImageRGBD(): 12.4684ms
Frame 2783 end
Average processing time of GrabImageRGBD(): 12.4682ms
Frame 2784 end
Average processing time of GrabImageRGBD(): 12.4678ms
Frame 2785 end
Average processing time of GrabImageRGBD(): 12.4674ms
Frame 2786 end
Average processing time of GrabImageRGBD(): 12.4757ms
Frame 2787 end
Average processing time of GrabImageRGBD(): 12.476ms
Frame 2788 end
Average processing time of GrabImageRGBD(): 12.4758ms
Frame 2789 end
Average processing time of GrabImageRGBD(): 12.4756ms
Frame 2790 end
Average processing time of GrabImageRGBD(): 12.4753ms
Frame 2791 end
Average processing time of GrabImageRGBD(): 12.4749ms
Frame 2792 end
Average processing time of GrabImageRGBD(): 12.4746ms
Frame 2793 end
Average processing time of GrabImageRGBD(): 12.4742ms
Frame 2794 end
Average processing time of GrabImageRGBD(): 12.4738ms
Frame 2795 end
Average processing time of GrabImageRGBD(): 12.4735ms
Frame 2796 end
Average processing time of GrabImageRGBD(): 12.4824ms
Frame 2797 end
Average processing time of GrabImageRGBD(): 12.4839ms
Frame 2798 end
Average processing time of GrabImageRGBD(): 12.4837ms
Frame 2799 end
Average processing time of GrabImageRGBD(): 12.4826ms
Frame 2800 end
Average processing time of GrabImageRGBD(): 12.4812ms
Frame 2801 end
Average processing time of GrabImageRGBD(): 12.4813ms
Frame 2802 end
Average processing time of GrabImageRGBD(): 12.481ms
Frame 2803 end
Average processing time of GrabImageRGBD(): 12.4808ms
Frame 2804 end
Average processing time of GrabImageRGBD(): 12.4803ms
Frame 2805 end
Average processing time of GrabImageRGBD(): 12.4801ms
Frame 2806 end
Average processing time of GrabImageRGBD(): 12.4917ms
Frame 2807 end
Average processing time of GrabImageRGBD(): 12.4919ms
Frame 2808 end
Average processing time of GrabImageRGBD(): 12.4912ms
Frame 2809 end
Average processing time of GrabImageRGBD(): 12.491ms
Frame 2810 end
Average processing time of GrabImageRGBD(): 12.4907ms
Frame 2811 end
Average processing time of GrabImageRGBD(): 12.4901ms
Frame 2812 end
Average processing time of GrabImageRGBD(): 12.4899ms
Frame 2813 end
Average processing time of GrabImageRGBD(): 12.488ms
Frame 2814 end
Average processing time of GrabImageRGBD(): 12.4962ms
Frame 2815 end
Average processing time of GrabImageRGBD(): 12.496ms
Frame 2816 end
Average processing time of GrabImageRGBD(): 12.4954ms
Frame 2817 end
Average processing time of GrabImageRGBD(): 12.4939ms
Frame 2818 end
Average processing time of GrabImageRGBD(): 12.4927ms
Frame 2819 end
Average processing time of GrabImageRGBD(): 12.4921ms
Frame 2820 end
Average processing time of GrabImageRGBD(): 12.4918ms
Frame 2821 end
Average processing time of GrabImageRGBD(): 12.4902ms
Frame 2822 end
Average processing time of GrabImageRGBD(): 12.4986ms
Frame 2823 end
Average processing time of GrabImageRGBD(): 12.4993ms
Frame 2824 end
Average processing time of GrabImageRGBD(): 12.4985ms
Frame 2825 end
Average processing time of GrabImageRGBD(): 12.4983ms
Frame 2826 end
Average processing time of GrabImageRGBD(): 12.4975ms
Frame 2827 end
Average processing time of GrabImageRGBD(): 12.4965ms
Frame 2828 end
Average processing time of GrabImageRGBD(): 12.4955ms
Frame 2829 end
Average processing time of GrabImageRGBD(): 12.4961ms
Frame 2830 end
Average processing time of GrabImageRGBD(): 12.4967ms
Frame 2831 end
Average processing time of GrabImageRGBD(): 12.4963ms
Frame 2832 end
Average processing time of GrabImageRGBD(): 12.505ms
Frame 2833 end
Average processing time of GrabImageRGBD(): 12.5048ms
Frame 2834 end
Average processing time of GrabImageRGBD(): 12.5046ms
Frame 2835 end
Average processing time of GrabImageRGBD(): 12.5042ms
Frame 2836 end
Average processing time of GrabImageRGBD(): 12.5039ms
Frame 2837 end
Average processing time of GrabImageRGBD(): 12.5033ms
Frame 2838 end
Average processing time of GrabImageRGBD(): 12.5037ms
Frame 2839 end
Average processing time of GrabImageRGBD(): 12.5029ms
Frame 2840 end
Average processing time of GrabImageRGBD(): 12.5035ms
Frame 2841 end
Average processing time of GrabImageRGBD(): 12.5122ms
Frame 2842 end
Average processing time of GrabImageRGBD(): 12.5123ms
Frame 2843 end
Average processing time of GrabImageRGBD(): 12.5112ms
Frame 2844 end
Average processing time of GrabImageRGBD(): 12.5118ms
Frame 2845 end
Average processing time of GrabImageRGBD(): 12.5125ms
Frame 2846 end
Average processing time of GrabImageRGBD(): 12.5116ms
Frame 2847 end
Average processing time of GrabImageRGBD(): 12.5123ms
Frame 2848 end
Average processing time of GrabImageRGBD(): 12.5124ms
Frame 2849 end
Average processing time of GrabImageRGBD(): 12.5113ms
Frame 2850 end
Average processing time of GrabImageRGBD(): 12.5196ms
Frame 2851 end
Average processing time of GrabImageRGBD(): 12.5198ms
Frame 2852 end
Average processing time of GrabImageRGBD(): 12.5195ms
Frame 2853 end
Average processing time of GrabImageRGBD(): 12.5195ms
Frame 2854 end
Average processing time of GrabImageRGBD(): 12.5187ms
Frame 2855 end
Average processing time of GrabImageRGBD(): 12.5187ms
Frame 2856 end
Average processing time of GrabImageRGBD(): 12.5189ms
Frame 2857 end
Average processing time of GrabImageRGBD(): 12.5192ms
Frame 2858 end
Average processing time of GrabImageRGBD(): 12.5181ms
Frame 2859 end
Average processing time of GrabImageRGBD(): 12.5176ms
Frame 2860 end
Average processing time of GrabImageRGBD(): 12.5255ms
Frame 2861 end
Average processing time of GrabImageRGBD(): 12.5256ms
Frame 2862 end
Average processing time of GrabImageRGBD(): 12.5252ms
Frame 2863 end
Average processing time of GrabImageRGBD(): 12.5244ms
Frame 2864 end
Average processing time of GrabImageRGBD(): 12.5239ms
Frame 2865 end
Average processing time of GrabImageRGBD(): 12.5235ms
Frame 2866 end
Average processing time of GrabImageRGBD(): 12.5225ms
Frame 2867 end
Average processing time of GrabImageRGBD(): 12.5218ms
Frame 2868 end
Average processing time of GrabImageRGBD(): 12.5214ms
Frame 2869 end
Average processing time of GrabImageRGBD(): 12.521ms
Frame 2870 end
Average processing time of GrabImageRGBD(): 12.529ms
Frame 2871 end
Average processing time of GrabImageRGBD(): 12.5291ms
Frame 2872 end
Average processing time of GrabImageRGBD(): 12.5287ms
Frame 2873 end
Average processing time of GrabImageRGBD(): 12.5278ms
Frame 2874 end
Average processing time of GrabImageRGBD(): 12.5268ms
Frame 2875 end
Average processing time of GrabImageRGBD(): 12.5262ms
Frame 2876 end
Average processing time of GrabImageRGBD(): 12.5257ms
Frame 2877 end
Average processing time of GrabImageRGBD(): 12.5343ms
Frame 2878 end
Average processing time of GrabImageRGBD(): 12.5344ms
Frame 2879 end
Average processing time of GrabImageRGBD(): 12.5347ms
Frame 2880 end
Average processing time of GrabImageRGBD(): 12.5346ms
Frame 2881 end
Average processing time of GrabImageRGBD(): 12.5342ms
Frame 2882 end
Average processing time of GrabImageRGBD(): 12.5342ms
Frame 2883 end
Average processing time of GrabImageRGBD(): 12.5342ms
Frame 2884 end
Average processing time of GrabImageRGBD(): 12.5334ms
Frame 2885 end
Average processing time of GrabImageRGBD(): 12.5424ms
Frame 2886 end
Average processing time of GrabImageRGBD(): 12.5429ms
Frame 2887 end
Average processing time of GrabImageRGBD(): 12.5424ms
Frame 2888 end
Average processing time of GrabImageRGBD(): 12.5423ms
Frame 2889 end
Average processing time of GrabImageRGBD(): 12.5422ms
Frame 2890 end
Average processing time of GrabImageRGBD(): 12.5415ms
Frame 2891 end
Average processing time of GrabImageRGBD(): 12.5408ms
Frame 2892 end
Average processing time of GrabImageRGBD(): 12.5404ms
Frame 2893 end
Average processing time of GrabImageRGBD(): 12.5482ms
Frame 2894 end
Average processing time of GrabImageRGBD(): 12.5484ms
Frame 2895 end
Average processing time of GrabImageRGBD(): 12.5481ms
Frame 2896 end
Average processing time of GrabImageRGBD(): 12.5465ms
Frame 2897 end
Average processing time of GrabImageRGBD(): 12.5462ms
Frame 2898 end
Average processing time of GrabImageRGBD(): 12.5458ms
Frame 2899 end
Average processing time of GrabImageRGBD(): 12.5456ms
Frame 2900 end
Average processing time of GrabImageRGBD(): 12.5454ms
Frame 2901 end
Average processing time of GrabImageRGBD(): 12.5547ms
Frame 2902 end
Average processing time of GrabImageRGBD(): 12.5547ms
Frame 2903 end
Average processing time of GrabImageRGBD(): 12.5545ms
Frame 2904 end
Average processing time of GrabImageRGBD(): 12.5539ms
Frame 2905 end
Average processing time of GrabImageRGBD(): 12.5541ms
Frame 2906 end
Average processing time of GrabImageRGBD(): 12.5535ms
Frame 2907 end
Average processing time of GrabImageRGBD(): 12.554ms
Frame 2908 end
Average processing time of GrabImageRGBD(): 12.5678ms
Frame 2909 end
Average processing time of GrabImageRGBD(): 12.568ms
Frame 2910 end
Average processing time of GrabImageRGBD(): 12.5681ms
Frame 2911 end
Average processing time of GrabImageRGBD(): 12.5685ms
Frame 2912 end
Average processing time of GrabImageRGBD(): 12.569ms
Frame 2913 end
Average processing time of GrabImageRGBD(): 12.5695ms
Frame 2914 end
Average processing time of GrabImageRGBD(): 12.5696ms
Frame 2915 end
Average processing time of GrabImageRGBD(): 12.5785ms
Frame 2916 end
Average processing time of GrabImageRGBD(): 12.5785ms
Frame 2917 end
Average processing time of GrabImageRGBD(): 12.5788ms
Frame 2918 end
Average processing time of GrabImageRGBD(): 12.5781ms
Frame 2919 end
Average processing time of GrabImageRGBD(): 12.578ms
Frame 2920 end
Average processing time of GrabImageRGBD(): 12.5778ms
Frame 2921 end
Average processing time of GrabImageRGBD(): 12.5775ms
Frame 2922 end
Average processing time of GrabImageRGBD(): 12.5769ms
Frame 2923 end
Average processing time of GrabImageRGBD(): 12.5861ms
Frame 2924 end
Average processing time of GrabImageRGBD(): 12.5864ms
Frame 2925 end
Average processing time of GrabImageRGBD(): 12.586ms
Frame 2926 end
Average processing time of GrabImageRGBD(): 12.5857ms
Frame 2927 end
Average processing time of GrabImageRGBD(): 12.5847ms
Frame 2928 end
Average processing time of GrabImageRGBD(): 12.5844ms
Frame 2929 end
Average processing time of GrabImageRGBD(): 12.5838ms
Frame 2930 end
Average processing time of GrabImageRGBD(): 12.5829ms
Frame 2931 end
Average processing time of GrabImageRGBD(): 12.5909ms
Frame 2932 end
Average processing time of GrabImageRGBD(): 12.5917ms
Frame 2933 end
Average processing time of GrabImageRGBD(): 12.5913ms
Frame 2934 end
Average processing time of GrabImageRGBD(): 12.5906ms
Frame 2935 end
Average processing time of GrabImageRGBD(): 12.5899ms
Frame 2936 end
Average processing time of GrabImageRGBD(): 12.5893ms
Frame 2937 end
Average processing time of GrabImageRGBD(): 12.5885ms
Frame 2938 end
Average processing time of GrabImageRGBD(): 12.5874ms
Frame 2939 end
Average processing time of GrabImageRGBD(): 12.587ms
Frame 2940 end
Average processing time of GrabImageRGBD(): 12.5953ms
Frame 2941 end
Average processing time of GrabImageRGBD(): 12.5952ms
Frame 2942 end
Average processing time of GrabImageRGBD(): 12.5948ms
Frame 2943 end
Average processing time of GrabImageRGBD(): 12.5941ms
Frame 2944 end
Average processing time of GrabImageRGBD(): 12.5926ms
Frame 2945 end
Average processing time of GrabImageRGBD(): 12.5918ms
Frame 2946 end
Average processing time of GrabImageRGBD(): 12.5915ms
Frame 2947 end
Average processing time of GrabImageRGBD(): 12.5905ms
Frame 2948 end
Average processing time of GrabImageRGBD(): 12.5989ms
Frame 2949 end
Average processing time of GrabImageRGBD(): 12.5992ms
Frame 2950 end
Average processing time of GrabImageRGBD(): 12.5986ms
Frame 2951 end
Average processing time of GrabImageRGBD(): 12.5984ms
Frame 2952 end
Average processing time of GrabImageRGBD(): 12.5977ms
Frame 2953 end
Average processing time of GrabImageRGBD(): 12.5974ms
Frame 2954 end
Average processing time of GrabImageRGBD(): 12.5972ms
Frame 2955 end
Average processing time of GrabImageRGBD(): 12.5969ms
Frame 2956 end
Average processing time of GrabImageRGBD(): 12.6052ms
Frame 2957 end
Average processing time of GrabImageRGBD(): 12.6055ms
Frame 2958 end
Average processing time of GrabImageRGBD(): 12.6048ms
Frame 2959 end
Average processing time of GrabImageRGBD(): 12.6047ms
Frame 2960 end
Average processing time of GrabImageRGBD(): 12.6043ms
Frame 2961 end
Average processing time of GrabImageRGBD(): 12.6036ms
Frame 2962 end
Average processing time of GrabImageRGBD(): 12.6023ms
Frame 2963 end
Average processing time of GrabImageRGBD(): 12.6015ms
Frame 2964 end
Average processing time of GrabImageRGBD(): 12.6096ms
Frame 2965 end
Average processing time of GrabImageRGBD(): 12.6093ms
Frame 2966 end
Average processing time of GrabImageRGBD(): 12.6083ms
Frame 2967 end
Average processing time of GrabImageRGBD(): 12.6081ms
Frame 2968 end
Average processing time of GrabImageRGBD(): 12.6076ms
Frame 2969 end
Average processing time of GrabImageRGBD(): 12.6081ms
Frame 2970 end
Average processing time of GrabImageRGBD(): 12.6078ms
Frame 2971 end
Average processing time of GrabImageRGBD(): 12.6069ms
Frame 2972 end
Average processing time of GrabImageRGBD(): 12.6059ms
Frame 2973 end
Average processing time of GrabImageRGBD(): 12.6145ms
Frame 2974 end
Average processing time of GrabImageRGBD(): 12.6134ms
Frame 2975 end
Average processing time of GrabImageRGBD(): 12.613ms
Frame 2976 end
Average processing time of GrabImageRGBD(): 12.6126ms
Frame 2977 end
Average processing time of GrabImageRGBD(): 12.6126ms
Frame 2978 end
Average processing time of GrabImageRGBD(): 12.6122ms
Frame 2979 end
Average processing time of GrabImageRGBD(): 12.6118ms
Frame 2980 end
Average processing time of GrabImageRGBD(): 12.6113ms
Frame 2981 end
Average processing time of GrabImageRGBD(): 12.6105ms
Frame 2982 end
Average processing time of GrabImageRGBD(): 12.6199ms
Frame 2983 end
Average processing time of GrabImageRGBD(): 12.6197ms
Frame 2984 end
Average processing time of GrabImageRGBD(): 12.6194ms
Frame 2985 end
Average processing time of GrabImageRGBD(): 12.6188ms
Frame 2986 end
Average processing time of GrabImageRGBD(): 12.6183ms
Frame 2987 end
Average processing time of GrabImageRGBD(): 12.6167ms
Frame 2988 end
Average processing time of GrabImageRGBD(): 12.6158ms
Frame 2989 end
Average processing time of GrabImageRGBD(): 12.6156ms
Frame 2990 end
Average processing time of GrabImageRGBD(): 12.6156ms
Frame 2991 end
Average processing time of GrabImageRGBD(): 12.6245ms
Frame 2992 end
Average processing time of GrabImageRGBD(): 12.6241ms
Frame 2993 end
Average processing time of GrabImageRGBD(): 12.6237ms
Frame 2994 end
Average processing time of GrabImageRGBD(): 12.6221ms
Frame 2995 end
Average processing time of GrabImageRGBD(): 12.6222ms
Frame 2996 end
Average processing time of GrabImageRGBD(): 12.6218ms
Frame 2997 end
Average processing time of GrabImageRGBD(): 12.6212ms
Frame 2998 end
Average processing time of GrabImageRGBD(): 12.6202ms
Frame 2999 end
Average processing time of GrabImageRGBD(): 12.6199ms
Frame 3000 end
Average processing time of GrabImageRGBD(): 12.6286ms
Frame 3001 end
Average processing time of GrabImageRGBD(): 12.6284ms
Frame 3002 end
Average processing time of GrabImageRGBD(): 12.628ms
Frame 3003 end
Average processing time of GrabImageRGBD(): 12.6269ms
Frame 3004 end
Average processing time of GrabImageRGBD(): 12.626ms
Frame 3005 end
Average processing time of GrabImageRGBD(): 12.625ms
Frame 3006 end
Average processing time of GrabImageRGBD(): 12.6249ms
Frame 3007 end
Average processing time of GrabImageRGBD(): 12.6242ms
Frame 3008 end
Average processing time of GrabImageRGBD(): 12.6223ms
Frame 3009 end
Average processing time of GrabImageRGBD(): 12.6308ms
Frame 3010 end
Average processing time of GrabImageRGBD(): 12.6305ms
Frame 3011 end
Average processing time of GrabImageRGBD(): 12.629ms
Frame 3012 end
Average processing time of GrabImageRGBD(): 12.6282ms
Frame 3013 end
Average processing time of GrabImageRGBD(): 12.6274ms
Frame 3014 end
Average processing time of GrabImageRGBD(): 12.6262ms
Frame 3015 end
Average processing time of GrabImageRGBD(): 12.6253ms
Frame 3016 end
Average processing time of GrabImageRGBD(): 12.6246ms
Frame 3017 end
Average processing time of GrabImageRGBD(): 12.6229ms
Frame 3018 end
Average processing time of GrabImageRGBD(): 12.6355ms
Frame 3019 end
Average processing time of GrabImageRGBD(): 12.6353ms
Frame 3020 end
Average processing time of GrabImageRGBD(): 12.6341ms
Frame 3021 end
Average processing time of GrabImageRGBD(): 12.6333ms
Frame 3022 end
Average processing time of GrabImageRGBD(): 12.6331ms
Frame 3023 end
Average processing time of GrabImageRGBD(): 12.6322ms
Frame 3024 end
Average processing time of GrabImageRGBD(): 12.632ms
Frame 3025 end
Average processing time of GrabImageRGBD(): 12.6314ms
Frame 3026 end
Average processing time of GrabImageRGBD(): 12.6302ms
Frame 3027 end
Average processing time of GrabImageRGBD(): 12.6389ms
Frame 3028 end
Average processing time of GrabImageRGBD(): 12.6382ms
Frame 3029 end
Average processing time of GrabImageRGBD(): 12.6378ms
Frame 3030 end
Average processing time of GrabImageRGBD(): 12.6372ms
Frame 3031 end
Average processing time of GrabImageRGBD(): 12.6368ms
Frame 3032 end
Average processing time of GrabImageRGBD(): 12.6361ms
Frame 3033 end
Average processing time of GrabImageRGBD(): 12.6356ms
Frame 3034 end
Average processing time of GrabImageRGBD(): 12.6352ms
Frame 3035 end
Average processing time of GrabImageRGBD(): 12.6437ms
Frame 3036 end
Average processing time of GrabImageRGBD(): 12.6436ms
Frame 3037 end
Average processing time of GrabImageRGBD(): 12.6426ms
Frame 3038 end
Average processing time of GrabImageRGBD(): 12.6417ms
Frame 3039 end
Average processing time of GrabImageRGBD(): 12.6414ms
Frame 3040 end
Average processing time of GrabImageRGBD(): 12.6412ms
Frame 3041 end
Average processing time of GrabImageRGBD(): 12.6408ms
Frame 3042 end
Average processing time of GrabImageRGBD(): 12.6404ms
Frame 3043 end
Average processing time of GrabImageRGBD(): 12.6494ms
Frame 3044 end
Average processing time of GrabImageRGBD(): 12.6498ms
Frame 3045 end
Average processing time of GrabImageRGBD(): 12.6488ms
Frame 3046 end
Average processing time of GrabImageRGBD(): 12.6473ms
Frame 3047 end
Average processing time of GrabImageRGBD(): 12.6463ms
Frame 3048 end
Average processing time of GrabImageRGBD(): 12.6461ms
Frame 3049 end
Average processing time of GrabImageRGBD(): 12.6455ms
Frame 3050 end
Average processing time of GrabImageRGBD(): 12.645ms
Frame 3051 end
Average processing time of GrabImageRGBD(): 12.6534ms
Frame 3052 end
Average processing time of GrabImageRGBD(): 12.6536ms
Frame 3053 end
Average processing time of GrabImageRGBD(): 12.6527ms
Frame 3054 end
Average processing time of GrabImageRGBD(): 12.6521ms
Frame 3055 end
Average processing time of GrabImageRGBD(): 12.6515ms
Frame 3056 end
Average processing time of GrabImageRGBD(): 12.6506ms
Frame 3057 end
Average processing time of GrabImageRGBD(): 12.6499ms
Frame 3058 end
Average processing time of GrabImageRGBD(): 12.6488ms
Frame 3059 end
Average processing time of GrabImageRGBD(): 12.6475ms
Frame 3060 end
Average processing time of GrabImageRGBD(): 12.6596ms
Frame 3061 end
Average processing time of GrabImageRGBD(): 12.6597ms
Frame 3062 end
Average processing time of GrabImageRGBD(): 12.6595ms
Frame 3063 end
Average processing time of GrabImageRGBD(): 12.6589ms
Frame 3064 end
Average processing time of GrabImageRGBD(): 12.6576ms
Frame 3065 end
Average processing time of GrabImageRGBD(): 12.6567ms
Frame 3066 end
Average processing time of GrabImageRGBD(): 12.656ms
Frame 3067 end
Average processing time of GrabImageRGBD(): 12.6547ms
Frame 3068 end
Average processing time of GrabImageRGBD(): 12.6623ms
Frame 3069 end
Average processing time of GrabImageRGBD(): 12.6617ms
Frame 3070 end
Average processing time of GrabImageRGBD(): 12.6608ms
Frame 3071 end
Average processing time of GrabImageRGBD(): 12.6604ms
Frame 3072 end
Average processing time of GrabImageRGBD(): 12.6588ms
Frame 3073 end
Average processing time of GrabImageRGBD(): 12.6577ms
Frame 3074 end
Average processing time of GrabImageRGBD(): 12.6566ms
Frame 3075 end
Average processing time of GrabImageRGBD(): 12.6558ms
Frame 3076 end
Average processing time of GrabImageRGBD(): 12.664ms
Frame 3077 end
Average processing time of GrabImageRGBD(): 12.6638ms
Frame 3078 end
Average processing time of GrabImageRGBD(): 12.663ms
Frame 3079 end
Average processing time of GrabImageRGBD(): 12.6614ms
Frame 3080 end
Average processing time of GrabImageRGBD(): 12.6606ms
Frame 3081 end
Average processing time of GrabImageRGBD(): 12.6594ms
Frame 3082 end
Average processing time of GrabImageRGBD(): 12.6574ms
Frame 3083 end
Average processing time of GrabImageRGBD(): 12.6555ms
Frame 3084 end
Average processing time of GrabImageRGBD(): 12.6534ms
Frame 3085 end
Average processing time of GrabImageRGBD(): 12.6614ms
Frame 3086 end
Average processing time of GrabImageRGBD(): 12.6615ms
Frame 3087 end
Average processing time of GrabImageRGBD(): 12.6601ms
Frame 3088 end
Average processing time of GrabImageRGBD(): 12.6594ms
Frame 3089 end
Average processing time of GrabImageRGBD(): 12.6582ms
Frame 3090 end
Average processing time of GrabImageRGBD(): 12.6572ms
Frame 3091 end
Average processing time of GrabImageRGBD(): 12.6566ms
Frame 3092 end
Average processing time of GrabImageRGBD(): 12.6555ms
Frame 3093 end
Average processing time of GrabImageRGBD(): 12.6549ms
Frame 3094 end
Average processing time of GrabImageRGBD(): 12.6629ms
Frame 3095 end
Average processing time of GrabImageRGBD(): 12.6625ms
Frame 3096 end
Average processing time of GrabImageRGBD(): 12.661ms
Frame 3097 end
Average processing time of GrabImageRGBD(): 12.6607ms
Frame 3098 end
Average processing time of GrabImageRGBD(): 12.6589ms
Frame 3099 end
Average processing time of GrabImageRGBD(): 12.658ms
Frame 3100 end
Average processing time of GrabImageRGBD(): 12.6574ms
Frame 3101 end
Average processing time of GrabImageRGBD(): 12.6561ms
Frame 3102 end
Average processing time of GrabImageRGBD(): 12.6553ms
Frame 3103 end
Average processing time of GrabImageRGBD(): 12.6637ms
Frame 3104 end
Average processing time of GrabImageRGBD(): 12.6631ms
Frame 3105 end
Average processing time of GrabImageRGBD(): 12.6621ms
Frame 3106 end
Average processing time of GrabImageRGBD(): 12.6616ms
Frame 3107 end
Average processing time of GrabImageRGBD(): 12.6609ms
Frame 3108 end
Average processing time of GrabImageRGBD(): 12.6598ms
Frame 3109 end
Average processing time of GrabImageRGBD(): 12.6588ms
Frame 3110 end
Average processing time of GrabImageRGBD(): 12.6591ms
Frame 3111 end
Average processing time of GrabImageRGBD(): 12.6579ms
Frame 3112 end
Average processing time of GrabImageRGBD(): 12.6657ms
Frame 3113 end
Average processing time of GrabImageRGBD(): 12.6656ms
Frame 3114 end
Average processing time of GrabImageRGBD(): 12.6651ms
Frame 3115 end
Average processing time of GrabImageRGBD(): 12.6649ms
Frame 3116 end
Average processing time of GrabImageRGBD(): 12.6642ms
Frame 3117 end
Average processing time of GrabImageRGBD(): 12.6627ms
Frame 3118 end
Average processing time of GrabImageRGBD(): 12.6622ms
Frame 3119 end
Average processing time of GrabImageRGBD(): 12.6617ms
Frame 3120 end
Average processing time of GrabImageRGBD(): 12.661ms
Frame 3121 end
Average processing time of GrabImageRGBD(): 12.6693ms
Frame 3122 end
Average processing time of GrabImageRGBD(): 12.6695ms
Frame 3123 end
Average processing time of GrabImageRGBD(): 12.668ms
Frame 3124 end
Average processing time of GrabImageRGBD(): 12.6671ms
Frame 3125 end
Average processing time of GrabImageRGBD(): 12.6668ms
Frame 3126 end
Average processing time of GrabImageRGBD(): 12.6676ms
Frame 3127 end
Average processing time of GrabImageRGBD(): 12.6671ms
Frame 3128 end
Average processing time of GrabImageRGBD(): 12.6661ms
Frame 3129 end
Average processing time of GrabImageRGBD(): 12.6744ms
Frame 3130 end
Average processing time of GrabImageRGBD(): 12.6743ms
Frame 3131 end
Average processing time of GrabImageRGBD(): 12.6739ms
Frame 3132 end
Average processing time of GrabImageRGBD(): 12.6723ms
Frame 3133 end
Average processing time of GrabImageRGBD(): 12.676ms
Frame 3134 end
Average processing time of GrabImageRGBD(): 12.6761ms
Frame 3135 end
Average processing time of GrabImageRGBD(): 12.6755ms
Frame 3136 end
Average processing time of GrabImageRGBD(): 12.6748ms
Frame 3137 end
Average processing time of GrabImageRGBD(): 12.6741ms
Frame 3138 end
Average processing time of GrabImageRGBD(): 12.6734ms
Frame 3139 end
Average processing time of GrabImageRGBD(): 12.6811ms
Frame 3140 end
Average processing time of GrabImageRGBD(): 12.6813ms
Frame 3141 end
Average processing time of GrabImageRGBD(): 12.6808ms
Frame 3142 end
Average processing time of GrabImageRGBD(): 12.6805ms
Frame 3143 end
Average processing time of GrabImageRGBD(): 12.68ms
Frame 3144 end
Average processing time of GrabImageRGBD(): 12.6789ms
Frame 3145 end
Average processing time of GrabImageRGBD(): 12.6782ms
Frame 3146 end
Average processing time of GrabImageRGBD(): 12.6778ms
Frame 3147 end
Average processing time of GrabImageRGBD(): 12.6773ms
Frame 3148 end
Average processing time of GrabImageRGBD(): 12.6768ms
Frame 3149 end
Average processing time of GrabImageRGBD(): 12.6845ms
Frame 3150 end
Average processing time of GrabImageRGBD(): 12.6843ms
Frame 3151 end
Average processing time of GrabImageRGBD(): 12.683ms
Frame 3152 end
Average processing time of GrabImageRGBD(): 12.6818ms
Frame 3153 end
Average processing time of GrabImageRGBD(): 12.6814ms
Frame 3154 end
Average processing time of GrabImageRGBD(): 12.6806ms
Frame 3155 end
Average processing time of GrabImageRGBD(): 12.68ms
Frame 3156 end
Average processing time of GrabImageRGBD(): 12.6793ms
Frame 3157 end
Average processing time of GrabImageRGBD(): 12.6785ms
Frame 3158 end
Average processing time of GrabImageRGBD(): 12.6863ms
Frame 3159 end
Average processing time of GrabImageRGBD(): 12.6864ms
Frame 3160 end
Average processing time of GrabImageRGBD(): 12.6858ms
Frame 3161 end
Average processing time of GrabImageRGBD(): 12.6851ms
Frame 3162 end
Average processing time of GrabImageRGBD(): 12.685ms
Frame 3163 end
Average processing time of GrabImageRGBD(): 12.6844ms
Frame 3164 end
Average processing time of GrabImageRGBD(): 12.6835ms
Frame 3165 end
Average processing time of GrabImageRGBD(): 12.6823ms
Frame 3166 end
Average processing time of GrabImageRGBD(): 12.6811ms
Frame 3167 end
Average processing time of GrabImageRGBD(): 12.6892ms
Frame 3168 end
Average processing time of GrabImageRGBD(): 12.689ms
Frame 3169 end
Average processing time of GrabImageRGBD(): 12.6885ms
Frame 3170 end
Average processing time of GrabImageRGBD(): 12.6873ms
Frame 3171 end
Average processing time of GrabImageRGBD(): 12.686ms
Frame 3172 end
Average processing time of GrabImageRGBD(): 12.6855ms
Frame 3173 end
Average processing time of GrabImageRGBD(): 12.6849ms
Frame 3174 end
Average processing time of GrabImageRGBD(): 12.6827ms
Frame 3175 end
Average processing time of GrabImageRGBD(): 12.6818ms
Frame 3176 end
Average processing time of GrabImageRGBD(): 12.6899ms
Frame 3177 end
Average processing time of GrabImageRGBD(): 12.6895ms
Frame 3178 end
Average processing time of GrabImageRGBD(): 12.6888ms
Frame 3179 end
Average processing time of GrabImageRGBD(): 12.6875ms
Frame 3180 end
Average processing time of GrabImageRGBD(): 12.6863ms
Frame 3181 end
Average processing time of GrabImageRGBD(): 12.6857ms
Frame 3182 end
Average processing time of GrabImageRGBD(): 12.685ms
Frame 3183 end
Average processing time of GrabImageRGBD(): 12.6839ms
Frame 3184 end
Average processing time of GrabImageRGBD(): 12.6829ms
Frame 3185 end
Average processing time of GrabImageRGBD(): 12.6908ms
Frame 3186 end
Average processing time of GrabImageRGBD(): 12.6909ms
Frame 3187 end
Average processing time of GrabImageRGBD(): 12.6903ms
Frame 3188 end
Average processing time of GrabImageRGBD(): 12.6882ms
Frame 3189 end
Average processing time of GrabImageRGBD(): 12.687ms
Frame 3190 end
Average processing time of GrabImageRGBD(): 12.6861ms
Frame 3191 end
Average processing time of GrabImageRGBD(): 12.6849ms
Frame 3192 end
Average processing time of GrabImageRGBD(): 12.6845ms
Frame 3193 end
Average processing time of GrabImageRGBD(): 12.6828ms
Frame 3194 end
Average processing time of GrabImageRGBD(): 12.6822ms
Frame 3195 end
Average processing time of GrabImageRGBD(): 12.6902ms
Frame 3196 end
Average processing time of GrabImageRGBD(): 12.6897ms
Frame 3197 end
Average processing time of GrabImageRGBD(): 12.6896ms
Frame 3198 end
Average processing time of GrabImageRGBD(): 12.6893ms
Frame 3199 end
Average processing time of GrabImageRGBD(): 12.6889ms
Frame 3200 end
Average processing time of GrabImageRGBD(): 12.6869ms
Frame 3201 end
Average processing time of GrabImageRGBD(): 12.6864ms
Frame 3202 end
Average processing time of GrabImageRGBD(): 12.6858ms
Frame 3203 end
Average processing time of GrabImageRGBD(): 12.6852ms
Frame 3204 end
Average processing time of GrabImageRGBD(): 12.6837ms
Frame 3205 end
Average processing time of GrabImageRGBD(): 12.6919ms
Frame 3206 end
Average processing time of GrabImageRGBD(): 12.6915ms
Frame 3207 end
Average processing time of GrabImageRGBD(): 12.6897ms
Frame 3208 end
Average processing time of GrabImageRGBD(): 12.6888ms
Frame 3209 end
Average processing time of GrabImageRGBD(): 12.6874ms
Frame 3210 end
Average processing time of GrabImageRGBD(): 12.6869ms
Frame 3211 end
Average processing time of GrabImageRGBD(): 12.6859ms
Frame 3212 end
Average processing time of GrabImageRGBD(): 12.6845ms
Frame 3213 end
Average processing time of GrabImageRGBD(): 12.6841ms
Frame 3214 end
Average processing time of GrabImageRGBD(): 12.6834ms
Frame 3215 end
Average processing time of GrabImageRGBD(): 12.6913ms
Frame 3216 end
Average processing time of GrabImageRGBD(): 12.691ms
Frame 3217 end
Average processing time of GrabImageRGBD(): 12.6904ms
Frame 3218 end
Average processing time of GrabImageRGBD(): 12.6886ms
Frame 3219 end
Average processing time of GrabImageRGBD(): 12.6868ms
Frame 3220 end
Average processing time of GrabImageRGBD(): 12.6855ms
Frame 3221 end
Average processing time of GrabImageRGBD(): 12.6847ms
Frame 3222 end
Average processing time of GrabImageRGBD(): 12.6834ms
Frame 3223 end
Average processing time of GrabImageRGBD(): 12.6908ms
Frame 3224 end
Average processing time of GrabImageRGBD(): 12.6908ms
Frame 3225 end
Average processing time of GrabImageRGBD(): 12.6905ms
Frame 3226 end
Average processing time of GrabImageRGBD(): 12.69ms
Frame 3227 end
Average processing time of GrabImageRGBD(): 12.6889ms
Frame 3228 end
Average processing time of GrabImageRGBD(): 12.6885ms
Frame 3229 end
Average processing time of GrabImageRGBD(): 12.6874ms
Frame 3230 end
Average processing time of GrabImageRGBD(): 12.6871ms
Frame 3231 end
Average processing time of GrabImageRGBD(): 12.6871ms
Frame 3232 end
Average processing time of GrabImageRGBD(): 12.6863ms
Frame 3233 end
Average processing time of GrabImageRGBD(): 12.6946ms
Frame 3234 end
Average processing time of GrabImageRGBD(): 12.6947ms
Frame 3235 end
Average processing time of GrabImageRGBD(): 12.6937ms
Frame 3236 end
Average processing time of GrabImageRGBD(): 12.6928ms
Frame 3237 end
Average processing time of GrabImageRGBD(): 12.6911ms
Frame 3238 end
Average processing time of GrabImageRGBD(): 12.6906ms
Frame 3239 end
Average processing time of GrabImageRGBD(): 12.6898ms
Frame 3240 end
Average processing time of GrabImageRGBD(): 12.6886ms
Frame 3241 end
Average processing time of GrabImageRGBD(): 12.6881ms
Frame 3242 end
Average processing time of GrabImageRGBD(): 12.6878ms
Frame 3243 end
Average processing time of GrabImageRGBD(): 12.699ms
Frame 3244 end
Average processing time of GrabImageRGBD(): 12.6982ms
Frame 3245 end
Average processing time of GrabImageRGBD(): 12.6968ms
Frame 3246 end
Average processing time of GrabImageRGBD(): 12.6965ms
Frame 3247 end
Average processing time of GrabImageRGBD(): 12.6961ms
Frame 3248 end
Average processing time of GrabImageRGBD(): 12.695ms
Frame 3249 end
Average processing time of GrabImageRGBD(): 12.6946ms
Frame 3250 end
Average processing time of GrabImageRGBD(): 12.6932ms
Frame 3251 end
Average processing time of GrabImageRGBD(): 12.6924ms
Frame 3252 end
Average processing time of GrabImageRGBD(): 12.6917ms
Frame 3253 end
Average processing time of GrabImageRGBD(): 12.6911ms
Frame 3254 end
Average processing time of GrabImageRGBD(): 12.6982ms
Frame 3255 end
Average processing time of GrabImageRGBD(): 12.6988ms
Frame 3256 end
Average processing time of GrabImageRGBD(): 12.6985ms
Frame 3257 end
Average processing time of GrabImageRGBD(): 12.6973ms
Frame 3258 end
Average processing time of GrabImageRGBD(): 12.6958ms
Frame 3259 end
Average processing time of GrabImageRGBD(): 12.6939ms
Frame 3260 end
Average processing time of GrabImageRGBD(): 12.6933ms
Frame 3261 end
Average processing time of GrabImageRGBD(): 12.6925ms
Frame 3262 end
Average processing time of GrabImageRGBD(): 12.6918ms
Frame 3263 end
Average processing time of GrabImageRGBD(): 12.69ms
Frame 3264 end
Average processing time of GrabImageRGBD(): 12.6894ms
Frame 3265 end
Average processing time of GrabImageRGBD(): 12.6885ms
Frame 3266 end
Average processing time of GrabImageRGBD(): 12.6881ms
Frame 3267 end
Average processing time of GrabImageRGBD(): 12.6964ms
Frame 3268 end
Average processing time of GrabImageRGBD(): 12.6971ms
Frame 3269 end
Average processing time of GrabImageRGBD(): 12.697ms
Frame 3270 end
Average processing time of GrabImageRGBD(): 12.6962ms
Frame 3271 end
Average processing time of GrabImageRGBD(): 12.6958ms
Frame 3272 end
Average processing time of GrabImageRGBD(): 12.6951ms
Frame 3273 end
Average processing time of GrabImageRGBD(): 12.6943ms
Frame 3274 end
Average processing time of GrabImageRGBD(): 12.6942ms
Frame 3275 end
Average processing time of GrabImageRGBD(): 12.6924ms
Frame 3276 end
Average processing time of GrabImageRGBD(): 12.6907ms
Frame 3277 end
Average processing time of GrabImageRGBD(): 12.6988ms
Frame 3278 end
Average processing time of GrabImageRGBD(): 12.6987ms
Frame 3279 end
Average processing time of GrabImageRGBD(): 12.6977ms
Frame 3280 end
Average processing time of GrabImageRGBD(): 12.6971ms
Frame 3281 end
Average processing time of GrabImageRGBD(): 12.6963ms
Frame 3282 end
Average processing time of GrabImageRGBD(): 12.6961ms
Frame 3283 end
Average processing time of GrabImageRGBD(): 12.6955ms
Frame 3284 end
Average processing time of GrabImageRGBD(): 12.7034ms
Frame 3285 end
Average processing time of GrabImageRGBD(): 12.7036ms
Frame 3286 end
Average processing time of GrabImageRGBD(): 12.7019ms
Frame 3287 end
Average processing time of GrabImageRGBD(): 12.7016ms
Frame 3288 end
Average processing time of GrabImageRGBD(): 12.7009ms
Frame 3289 end
Average processing time of GrabImageRGBD(): 12.6996ms
Frame 3290 end
Average processing time of GrabImageRGBD(): 12.6986ms
Frame 3291 end
Average processing time of GrabImageRGBD(): 12.698ms
Frame 3292 end
Average processing time of GrabImageRGBD(): 12.6973ms
Frame 3293 end
Average processing time of GrabImageRGBD(): 12.697ms
Frame 3294 end
Average processing time of GrabImageRGBD(): 12.6962ms
Frame 3295 end
Average processing time of GrabImageRGBD(): 12.6954ms
Frame 3296 end
Average processing time of GrabImageRGBD(): 12.6941ms
Frame 3297 end
Average processing time of GrabImageRGBD(): 12.7023ms
Frame 3298 end
Average processing time of GrabImageRGBD(): 12.7024ms
Frame 3299 end
Average processing time of GrabImageRGBD(): 12.7017ms
Frame 3300 end
Average processing time of GrabImageRGBD(): 12.7011ms
Frame 3301 end
Average processing time of GrabImageRGBD(): 12.7005ms
Frame 3302 end
Average processing time of GrabImageRGBD(): 12.709ms
Frame 3303 end
Average processing time of GrabImageRGBD(): 12.7088ms
Frame 3304 end
Average processing time of GrabImageRGBD(): 12.7076ms
Frame 3305 end
Average processing time of GrabImageRGBD(): 12.7068ms
Frame 3306 end
Average processing time of GrabImageRGBD(): 12.7149ms
Frame 3307 end
Average processing time of GrabImageRGBD(): 12.7149ms
Frame 3308 end
Average processing time of GrabImageRGBD(): 12.7135ms
Frame 3309 end
Average processing time of GrabImageRGBD(): 12.7127ms
Frame 3310 end
Average processing time of GrabImageRGBD(): 12.7112ms
Frame 3311 end
Average processing time of GrabImageRGBD(): 12.7105ms
Frame 3312 end
Average processing time of GrabImageRGBD(): 12.7098ms
Frame 3313 end
Average processing time of GrabImageRGBD(): 12.7083ms
Frame 3314 end
Average processing time of GrabImageRGBD(): 12.7076ms
Frame 3315 end
Average processing time of GrabImageRGBD(): 12.7073ms
Frame 3316 end
Average processing time of GrabImageRGBD(): 12.7067ms
Frame 3317 end
Average processing time of GrabImageRGBD(): 12.7061ms
Frame 3318 end
Average processing time of GrabImageRGBD(): 12.7054ms
Frame 3319 end
Average processing time of GrabImageRGBD(): 12.7135ms
Frame 3320 end
Average processing time of GrabImageRGBD(): 12.7124ms
Frame 3321 end
Average processing time of GrabImageRGBD(): 12.7117ms
Frame 3322 end
Average processing time of GrabImageRGBD(): 12.7106ms
Frame 3323 end
Average processing time of GrabImageRGBD(): 12.7099ms
Frame 3324 end
Average processing time of GrabImageRGBD(): 12.7091ms
Frame 3325 end
Average processing time of GrabImageRGBD(): 12.7079ms
Frame 3326 end
Average processing time of GrabImageRGBD(): 12.7075ms
Frame 3327 end
Average processing time of GrabImageRGBD(): 12.707ms
Frame 3328 end
Average processing time of GrabImageRGBD(): 12.706ms
Frame 3329 end
Average processing time of GrabImageRGBD(): 12.7053ms
Frame 3330 end
Average processing time of GrabImageRGBD(): 12.7045ms
Frame 3331 end
Average processing time of GrabImageRGBD(): 12.7125ms
Frame 3332 end
Average processing time of GrabImageRGBD(): 12.7125ms
Frame 3333 end
Average processing time of GrabImageRGBD(): 12.7119ms
Frame 3334 end
Average processing time of GrabImageRGBD(): 12.711ms
Frame 3335 end
Average processing time of GrabImageRGBD(): 12.7099ms
Frame 3336 end
Average processing time of GrabImageRGBD(): 12.7092ms
Frame 3337 end
Average processing time of GrabImageRGBD(): 12.7074ms
Frame 3338 end
Average processing time of GrabImageRGBD(): 12.707ms
Frame 3339 end
Average processing time of GrabImageRGBD(): 12.7042ms
Frame 3340 end
Average processing time of GrabImageRGBD(): 12.7043ms
Frame 3341 end
Average processing time of GrabImageRGBD(): 12.7041ms
Frame 3342 end
Average processing time of GrabImageRGBD(): 12.7038ms
Frame 3343 end
Average processing time of GrabImageRGBD(): 12.7024ms
Frame 3344 end
Average processing time of GrabImageRGBD(): 12.7109ms
Frame 3345 end
Average processing time of GrabImageRGBD(): 12.7113ms
Frame 3346 end
Average processing time of GrabImageRGBD(): 12.7107ms
Frame 3347 end
Average processing time of GrabImageRGBD(): 12.7104ms
Frame 3348 end
Average processing time of GrabImageRGBD(): 12.7105ms
Frame 3349 end
Average processing time of GrabImageRGBD(): 12.71ms
Frame 3350 end
Average processing time of GrabImageRGBD(): 12.7094ms
Frame 3351 end
Average processing time of GrabImageRGBD(): 12.7087ms
Frame 3352 end
Average processing time of GrabImageRGBD(): 12.7082ms
Frame 3353 end
Average processing time of GrabImageRGBD(): 12.7077ms
Frame 3354 end
Average processing time of GrabImageRGBD(): 12.7072ms
Frame 3355 end
Average processing time of GrabImageRGBD(): 12.7061ms
Frame 3356 end
Average processing time of GrabImageRGBD(): 12.7056ms
Frame 3357 end
Average processing time of GrabImageRGBD(): 12.7141ms
Frame 3358 end
Average processing time of GrabImageRGBD(): 12.7142ms
Frame 3359 end
Average processing time of GrabImageRGBD(): 12.7223ms
Frame 3360 end
Average processing time of GrabImageRGBD(): 12.7216ms
Frame 3361 end
Average processing time of GrabImageRGBD(): 12.7215ms
Frame 3362 end
Average processing time of GrabImageRGBD(): 12.7208ms
Frame 3363 end
Average processing time of GrabImageRGBD(): 12.7202ms
Frame 3364 end
Average processing time of GrabImageRGBD(): 12.7195ms
Frame 3365 end
Average processing time of GrabImageRGBD(): 12.7275ms
Frame 3366 end
Average processing time of GrabImageRGBD(): 12.7279ms
Frame 3367 end
Average processing time of GrabImageRGBD(): 12.7275ms
Frame 3368 end
Average processing time of GrabImageRGBD(): 12.7273ms
Frame 3369 end
Average processing time of GrabImageRGBD(): 12.7266ms
Frame 3370 end
Average processing time of GrabImageRGBD(): 12.7353ms
Frame 3371 end
Average processing time of GrabImageRGBD(): 12.7357ms
Frame 3372 end
Average processing time of GrabImageRGBD(): 12.7357ms
Frame 3373 end
Average processing time of GrabImageRGBD(): 12.7351ms
Frame 3374 end
Average processing time of GrabImageRGBD(): 12.7343ms
Frame 3375 end
Average processing time of GrabImageRGBD(): 12.7337ms
Frame 3376 end
Average processing time of GrabImageRGBD(): 12.7319ms
Frame 3377 end
Average processing time of GrabImageRGBD(): 12.731ms
Frame 3378 end
Average processing time of GrabImageRGBD(): 12.739ms
Frame 3379 end
Average processing time of GrabImageRGBD(): 12.7391ms
Frame 3380 end
Average processing time of GrabImageRGBD(): 12.7386ms
Frame 3381 end
Average processing time of GrabImageRGBD(): 12.738ms
Frame 3382 end
Average processing time of GrabImageRGBD(): 12.7374ms
Frame 3383 end
Average processing time of GrabImageRGBD(): 12.7371ms
Frame 3384 end
Average processing time of GrabImageRGBD(): 12.737ms
Frame 3385 end
Average processing time of GrabImageRGBD(): 12.7362ms
Frame 3386 end
Average processing time of GrabImageRGBD(): 12.7359ms
Frame 3387 end
Average processing time of GrabImageRGBD(): 12.7458ms
Frame 3388 end
Average processing time of GrabImageRGBD(): 12.746ms
Frame 3389 end
Average processing time of GrabImageRGBD(): 12.7455ms
Frame 3390 end
Average processing time of GrabImageRGBD(): 12.7455ms
Frame 3391 end
Average processing time of GrabImageRGBD(): 12.7452ms
Frame 3392 end
Average processing time of GrabImageRGBD(): 12.7446ms
Frame 3393 end
Average processing time of GrabImageRGBD(): 12.7442ms
Frame 3394 end
Average processing time of GrabImageRGBD(): 12.7434ms
Frame 3395 end
Average processing time of GrabImageRGBD(): 12.7431ms
Frame 3396 end
Average processing time of GrabImageRGBD(): 12.7428ms
Frame 3397 end
Average processing time of GrabImageRGBD(): 12.7422ms
Frame 3398 end
Average processing time of GrabImageRGBD(): 12.7413ms
Frame 3399 end
Average processing time of GrabImageRGBD(): 12.74ms
Frame 3400 end
Average processing time of GrabImageRGBD(): 12.7395ms
Frame 3401 end
Average processing time of GrabImageRGBD(): 12.7387ms
Frame 3402 end
Average processing time of GrabImageRGBD(): 12.7508ms
Frame 3403 end
Average processing time of GrabImageRGBD(): 12.751ms
Frame 3404 end
Average processing time of GrabImageRGBD(): 12.7499ms
Frame 3405 end
Average processing time of GrabImageRGBD(): 12.7494ms
Frame 3406 end
Average processing time of GrabImageRGBD(): 12.7493ms
Frame 3407 end
Average processing time of GrabImageRGBD(): 12.7485ms
Frame 3408 end
Average processing time of GrabImageRGBD(): 12.7481ms
Frame 3409 end
Average processing time of GrabImageRGBD(): 12.7475ms
Frame 3410 end
Average processing time of GrabImageRGBD(): 12.7468ms
Frame 3411 end
Average processing time of GrabImageRGBD(): 12.7456ms
Frame 3412 end
Average processing time of GrabImageRGBD(): 12.7446ms
Frame 3413 end
Average processing time of GrabImageRGBD(): 12.7443ms
Frame 3414 end
Average processing time of GrabImageRGBD(): 12.7436ms
Frame 3415 end
Average processing time of GrabImageRGBD(): 12.7429ms
Frame 3416 end
Average processing time of GrabImageRGBD(): 12.7425ms
Frame 3417 end
Average processing time of GrabImageRGBD(): 12.7416ms
Frame 3418 end
Average processing time of GrabImageRGBD(): 12.7496ms
Frame 3419 end
Average processing time of GrabImageRGBD(): 12.7496ms
Frame 3420 end
Average processing time of GrabImageRGBD(): 12.7491ms
Frame 3421 end
Average processing time of GrabImageRGBD(): 12.7482ms
Frame 3422 end
Average processing time of GrabImageRGBD(): 12.7471ms
Frame 3423 end
Average processing time of GrabImageRGBD(): 12.7461ms
Frame 3424 end
Average processing time of GrabImageRGBD(): 12.7455ms
Frame 3425 end
Average processing time of GrabImageRGBD(): 12.745ms
Frame 3426 end
Average processing time of GrabImageRGBD(): 12.7448ms
Frame 3427 end
Average processing time of GrabImageRGBD(): 12.758ms
Frame 3428 end
Average processing time of GrabImageRGBD(): 12.7578ms
Frame 3429 end
Average processing time of GrabImageRGBD(): 12.7576ms
Frame 3430 end
Average processing time of GrabImageRGBD(): 12.7658ms
Frame 3431 end
Average processing time of GrabImageRGBD(): 12.7659ms
Frame 3432 end
Average processing time of GrabImageRGBD(): 12.7646ms
Frame 3433 end
Average processing time of GrabImageRGBD(): 12.7731ms
Frame 3434 end
Average processing time of GrabImageRGBD(): 12.7735ms
Frame 3435 end
Average processing time of GrabImageRGBD(): 12.7821ms
Frame 3436 end
Average processing time of GrabImageRGBD(): 12.7824ms
Frame 3437 end
Average processing time of GrabImageRGBD(): 12.7818ms
Frame 3438 end
Average processing time of GrabImageRGBD(): 12.7813ms
Frame 3439 end
Average processing time of GrabImageRGBD(): 12.7806ms
Frame 3440 end
Average processing time of GrabImageRGBD(): 12.7802ms
Frame 3441 end
Average processing time of GrabImageRGBD(): 12.7794ms
Frame 3442 end
Average processing time of GrabImageRGBD(): 12.7789ms
Frame 3443 end
Average processing time of GrabImageRGBD(): 12.7776ms
Frame 3444 end
Average processing time of GrabImageRGBD(): 12.7773ms
Frame 3445 end
Average processing time of GrabImageRGBD(): 12.7768ms
Frame 3446 end
Average processing time of GrabImageRGBD(): 12.7768ms
Frame 3447 end
Average processing time of GrabImageRGBD(): 12.7852ms
Frame 3448 end
Average processing time of GrabImageRGBD(): 12.7855ms
Frame 3449 end
Average processing time of GrabImageRGBD(): 12.7848ms
Frame 3450 end
Average processing time of GrabImageRGBD(): 12.7839ms
Frame 3451 end
Average processing time of GrabImageRGBD(): 12.7926ms
Frame 3452 end
Average processing time of GrabImageRGBD(): 12.7926ms
Frame 3453 end
Average processing time of GrabImageRGBD(): 12.7921ms
Frame 3454 end
Average processing time of GrabImageRGBD(): 12.7917ms
Frame 3455 end
Average processing time of GrabImageRGBD(): 12.7913ms
Frame 3456 end
Average processing time of GrabImageRGBD(): 12.7913ms
Frame 3457 end
Average processing time of GrabImageRGBD(): 12.7905ms
Frame 3458 end
Average processing time of GrabImageRGBD(): 12.7899ms
Frame 3459 end
Average processing time of GrabImageRGBD(): 12.7887ms
Frame 3460 end
Average processing time of GrabImageRGBD(): 12.7881ms
Frame 3461 end
Average processing time of GrabImageRGBD(): 12.7877ms
Frame 3462 end
Average processing time of GrabImageRGBD(): 12.7871ms
Frame 3463 end
Average processing time of GrabImageRGBD(): 12.7864ms
Frame 3464 end
Average processing time of GrabImageRGBD(): 12.7962ms
Frame 3465 end
Average processing time of GrabImageRGBD(): 12.7965ms
Frame 3466 end
Average processing time of GrabImageRGBD(): 12.796ms
Frame 3467 end
Average processing time of GrabImageRGBD(): 12.7956ms
Frame 3468 end
Average processing time of GrabImageRGBD(): 12.7949ms
Frame 3469 end
Average processing time of GrabImageRGBD(): 12.7935ms
Frame 3470 end
Average processing time of GrabImageRGBD(): 12.7933ms
Frame 3471 end
Average processing time of GrabImageRGBD(): 12.793ms
Frame 3472 end
Average processing time of GrabImageRGBD(): 12.7923ms
Frame 3473 end
Average processing time of GrabImageRGBD(): 12.7919ms
Frame 3474 end
Average processing time of GrabImageRGBD(): 12.7915ms
Frame 3475 end
Average processing time of GrabImageRGBD(): 12.7909ms
Frame 3476 end
Average processing time of GrabImageRGBD(): 12.791ms
Frame 3477 end
Average processing time of GrabImageRGBD(): 12.8027ms
Frame 3478 end
Average processing time of GrabImageRGBD(): 12.8035ms
Frame 3479 end
Average processing time of GrabImageRGBD(): 12.8031ms
Frame 3480 end
Average processing time of GrabImageRGBD(): 12.8021ms
Frame 3481 end
Average processing time of GrabImageRGBD(): 12.8015ms
Frame 3482 end
Average processing time of GrabImageRGBD(): 12.8009ms
Frame 3483 end
Average processing time of GrabImageRGBD(): 12.8005ms
Frame 3484 end
Average processing time of GrabImageRGBD(): 12.8097ms
Frame 3485 end
Average processing time of GrabImageRGBD(): 12.81ms
Frame 3486 end
Average processing time of GrabImageRGBD(): 12.8096ms
Frame 3487 end
Average processing time of GrabImageRGBD(): 12.8231ms
Frame 3488 end
Average processing time of GrabImageRGBD(): 12.8243ms
Frame 3489 end
Average processing time of GrabImageRGBD(): 12.824ms
Frame 3490 end
Average processing time of GrabImageRGBD(): 12.8359ms
Frame 3491 end
Average processing time of GrabImageRGBD(): 12.8365ms
Frame 3492 end
Average processing time of GrabImageRGBD(): 12.838ms
Frame 3493 end
Average processing time of GrabImageRGBD(): 12.8384ms
Frame 3494 end
Average processing time of GrabImageRGBD(): 12.8379ms
Frame 3495 end
Average processing time of GrabImageRGBD(): 12.8376ms
Frame 3496 end
Average processing time of GrabImageRGBD(): 12.8463ms
Frame 3497 end
Average processing time of GrabImageRGBD(): 12.8467ms
Frame 3498 end
Average processing time of GrabImageRGBD(): 12.844ms
Frame 3499 end
Average processing time of GrabImageRGBD(): 12.8432ms
Frame 3500 end
Average processing time of GrabImageRGBD(): 12.8427ms
Frame 3501 end
Average processing time of GrabImageRGBD(): 12.8426ms
Frame 3502 end
Average processing time of GrabImageRGBD(): 12.8511ms
Frame 3503 end
Average processing time of GrabImageRGBD(): 12.8514ms
Frame 3504 end
Average processing time of GrabImageRGBD(): 12.8509ms
Frame 3505 end
Average processing time of GrabImageRGBD(): 12.8503ms
Frame 3506 end
Average processing time of GrabImageRGBD(): 12.8496ms
Frame 3507 end
Average processing time of GrabImageRGBD(): 12.8498ms
Frame 3508 end
Average processing time of GrabImageRGBD(): 12.8489ms
Frame 3509 end
Average processing time of GrabImageRGBD(): 12.8485ms
Frame 3510 end
Average processing time of GrabImageRGBD(): 12.8546ms
Frame 3511 end
Average processing time of GrabImageRGBD(): 12.8538ms
Frame 3512 end
Average processing time of GrabImageRGBD(): 12.8521ms
Frame 3513 end
Average processing time of GrabImageRGBD(): 12.8493ms
Frame 3514 end
Average processing time of GrabImageRGBD(): 12.8475ms
Frame 3515 end
Average processing time of GrabImageRGBD(): 12.8477ms
Frame 3516 end
Average processing time of GrabImageRGBD(): 12.8449ms
Frame 3517 end
Average processing time of GrabImageRGBD(): 12.8422ms
Frame 3518 end
Average processing time of GrabImageRGBD(): 12.8394ms
Frame 3519 end
Average processing time of GrabImageRGBD(): 12.8367ms
Frame 3520 end
Average processing time of GrabImageRGBD(): 12.8359ms
Frame 3521 end
Average processing time of GrabImageRGBD(): 12.8332ms
Frame 3522 end
Average processing time of GrabImageRGBD(): 12.8304ms
Frame 3523 end
Average processing time of GrabImageRGBD(): 12.83ms
Frame 3524 end
Average processing time of GrabImageRGBD(): 12.829ms
Frame 3525 end
Average processing time of GrabImageRGBD(): 12.829ms
Frame 3526 end
Average processing time of GrabImageRGBD(): 12.8285ms
Frame 3527 end
Average processing time of GrabImageRGBD(): 12.8284ms
Frame 3528 end
Average processing time of GrabImageRGBD(): 12.828ms
Frame 3529 end
Average processing time of GrabImageRGBD(): 12.8271ms
Frame 3530 end
Average processing time of GrabImageRGBD(): 12.835ms
Frame 3531 end
Average processing time of GrabImageRGBD(): 12.835ms
Frame 3532 end
Average processing time of GrabImageRGBD(): 12.8343ms
Frame 3533 end
Average processing time of GrabImageRGBD(): 12.8333ms
Frame 3534 end
Average processing time of GrabImageRGBD(): 12.8329ms
Frame 3535 end
Average processing time of GrabImageRGBD(): 12.8327ms
Frame 3536 end
Average processing time of GrabImageRGBD(): 12.8321ms
Frame 3537 end
Average processing time of GrabImageRGBD(): 12.8313ms
Frame 3538 end
Average processing time of GrabImageRGBD(): 12.831ms
Frame 3539 end
Average processing time of GrabImageRGBD(): 12.8307ms
Frame 3540 end
Average processing time of GrabImageRGBD(): 12.8304ms
Frame 3541 end
Average processing time of GrabImageRGBD(): 12.8398ms
Frame 3542 end
Average processing time of GrabImageRGBD(): 12.8403ms
Frame 3543 end
Average processing time of GrabImageRGBD(): 12.8397ms
Frame 3544 end
Average processing time of GrabImageRGBD(): 12.8394ms
Frame 3545 end
Average processing time of GrabImageRGBD(): 12.8392ms
Frame 3546 end
Average processing time of GrabImageRGBD(): 12.8386ms
Frame 3547 end
Average processing time of GrabImageRGBD(): 12.8375ms
Frame 3548 end
Average processing time of GrabImageRGBD(): 12.837ms
Frame 3549 end
Average processing time of GrabImageRGBD(): 12.8365ms
Frame 3550 end
Average processing time of GrabImageRGBD(): 12.8477ms
Frame 3551 end
Average processing time of GrabImageRGBD(): 12.848ms
Frame 3552 end
Average processing time of GrabImageRGBD(): 12.8475ms
Frame 3553 end
Average processing time of GrabImageRGBD(): 12.8469ms
Frame 3554 end
Average processing time of GrabImageRGBD(): 12.8455ms
Frame 3555 end
Average processing time of GrabImageRGBD(): 12.8448ms
Frame 3556 end
Average processing time of GrabImageRGBD(): 12.8441ms
Frame 3557 end
Average processing time of GrabImageRGBD(): 12.8432ms
Frame 3558 end
Average processing time of GrabImageRGBD(): 12.8428ms
Frame 3559 end
Average processing time of GrabImageRGBD(): 12.8514ms
Frame 3560 end
Average processing time of GrabImageRGBD(): 12.8519ms
Frame 3561 end
Average processing time of GrabImageRGBD(): 12.8516ms
Frame 3562 end
Average processing time of GrabImageRGBD(): 12.8509ms
Frame 3563 end
Average processing time of GrabImageRGBD(): 12.8502ms
Frame 3564 end
Average processing time of GrabImageRGBD(): 12.8502ms
Frame 3565 end
Average processing time of GrabImageRGBD(): 12.8501ms
Frame 3566 end
Average processing time of GrabImageRGBD(): 12.8494ms
Frame 3567 end
Average processing time of GrabImageRGBD(): 12.8491ms
Frame 3568 end
Average processing time of GrabImageRGBD(): 12.8483ms
Frame 3569 end
Average processing time of GrabImageRGBD(): 12.8478ms
Frame 3570 end
Average processing time of GrabImageRGBD(): 12.857ms
Frame 3571 end
Average processing time of GrabImageRGBD(): 12.8573ms
Frame 3572 end
Average processing time of GrabImageRGBD(): 12.8577ms
Frame 3573 end
Average processing time of GrabImageRGBD(): 12.8571ms
Frame 3574 end
Average processing time of GrabImageRGBD(): 12.8566ms
Frame 3575 end
Average processing time of GrabImageRGBD(): 12.8563ms
Frame 3576 end
Average processing time of GrabImageRGBD(): 12.8668ms
Frame 3577 end
Average processing time of GrabImageRGBD(): 12.8668ms
Frame 3578 end
Average processing time of GrabImageRGBD(): 12.866ms
Frame 3579 end
Average processing time of GrabImageRGBD(): 12.8649ms
Frame 3580 end
Average processing time of GrabImageRGBD(): 12.8643ms
Frame 3581 end
Average processing time of GrabImageRGBD(): 12.864ms
Frame 3582 end
Average processing time of GrabImageRGBD(): 12.8638ms
Frame 3583 end
Average processing time of GrabImageRGBD(): 12.8635ms
Frame 3584 end
Average processing time of GrabImageRGBD(): 12.8629ms
Frame 3585 end
Average processing time of GrabImageRGBD(): 12.8626ms
Frame 3586 end
Average processing time of GrabImageRGBD(): 12.8623ms
Frame 3587 end
Average processing time of GrabImageRGBD(): 12.862ms
Frame 3588 end
Average processing time of GrabImageRGBD(): 12.8618ms
Frame 3589 end
Average processing time of GrabImageRGBD(): 12.8615ms
Frame 3590 end
Average processing time of GrabImageRGBD(): 12.8699ms
Frame 3591 end
Average processing time of GrabImageRGBD(): 12.8705ms
Frame 3592 end
Average processing time of GrabImageRGBD(): 12.87ms
Frame 3593 end
Average processing time of GrabImageRGBD(): 12.87ms
Frame 3594 end
Average processing time of GrabImageRGBD(): 12.8697ms
Frame 3595 end
Average processing time of GrabImageRGBD(): 12.8693ms
Frame 3596 end
Average processing time of GrabImageRGBD(): 12.8784ms
Frame 3597 end
Average processing time of GrabImageRGBD(): 12.8874ms
Frame 3598 end
Average processing time of GrabImageRGBD(): 12.888ms
Frame 3599 end
Average processing time of GrabImageRGBD(): 12.8874ms
Frame 3600 end
Average processing time of GrabImageRGBD(): 12.8862ms
Frame 3601 end
Average processing time of GrabImageRGBD(): 12.8855ms
Frame 3602 end
Average processing time of GrabImageRGBD(): 12.885ms
Frame 3603 end
Average processing time of GrabImageRGBD(): 12.8845ms
Frame 3604 end
Average processing time of GrabImageRGBD(): 12.8832ms
Frame 3605 end
Average processing time of GrabImageRGBD(): 12.8828ms
Frame 3606 end
Average processing time of GrabImageRGBD(): 12.8824ms
Frame 3607 end
Average processing time of GrabImageRGBD(): 12.8823ms
Frame 3608 end
Average processing time of GrabImageRGBD(): 12.8816ms
Frame 3609 end
Average processing time of GrabImageRGBD(): 12.8808ms
Frame 3610 end
Average processing time of GrabImageRGBD(): 12.8801ms
Frame 3611 end
Average processing time of GrabImageRGBD(): 12.8803ms
Frame 3612 end
Average processing time of GrabImageRGBD(): 12.8795ms
Frame 3613 end
Average processing time of GrabImageRGBD(): 12.8791ms
Frame 3614 end
Average processing time of GrabImageRGBD(): 12.8787ms
Frame 3615 end
Average processing time of GrabImageRGBD(): 12.8781ms
Frame 3616 end
Average processing time of GrabImageRGBD(): 12.8768ms
Frame 3617 end
Average processing time of GrabImageRGBD(): 12.8851ms
Frame 3618 end
Average processing time of GrabImageRGBD(): 12.8844ms
Frame 3619 end
Average processing time of GrabImageRGBD(): 12.8831ms
Frame 3620 end
Average processing time of GrabImageRGBD(): 12.8829ms
Frame 3621 end
Average processing time of GrabImageRGBD(): 12.8808ms
Frame 3622 end
Average processing time of GrabImageRGBD(): 12.88ms
Frame 3623 end
Average processing time of GrabImageRGBD(): 12.8796ms
Frame 3624 end
Average processing time of GrabImageRGBD(): 12.8789ms
Frame 3625 end
Average processing time of GrabImageRGBD(): 12.8785ms
Frame 3626 end
Average processing time of GrabImageRGBD(): 12.8779ms
Frame 3627 end
Average processing time of GrabImageRGBD(): 12.8773ms
Frame 3628 end
Average processing time of GrabImageRGBD(): 12.8769ms
Frame 3629 end
Average processing time of GrabImageRGBD(): 12.8763ms
Frame 3630 end
Average processing time of GrabImageRGBD(): 12.8759ms
Frame 3631 end
Average processing time of GrabImageRGBD(): 12.875ms
Frame 3632 end
Average processing time of GrabImageRGBD(): 12.8745ms
Frame 3633 end
Average processing time of GrabImageRGBD(): 12.8737ms
Frame 3634 end
Average processing time of GrabImageRGBD(): 12.8731ms
Frame 3635 end
Average processing time of GrabImageRGBD(): 12.8725ms
Frame 3636 end
Average processing time of GrabImageRGBD(): 12.8718ms
Frame 3637 end
Average processing time of GrabImageRGBD(): 12.8712ms
Frame 3638 end
Average processing time of GrabImageRGBD(): 12.8705ms
Frame 3639 end
Average processing time of GrabImageRGBD(): 12.8786ms
Frame 3640 end
Average processing time of GrabImageRGBD(): 12.8785ms
Frame 3641 end
Average processing time of GrabImageRGBD(): 12.878ms
Frame 3642 end
Average processing time of GrabImageRGBD(): 12.8776ms
Frame 3643 end
Average processing time of GrabImageRGBD(): 12.8771ms
Frame 3644 end
Average processing time of GrabImageRGBD(): 12.8766ms
Frame 3645 end
Average processing time of GrabImageRGBD(): 12.8762ms
Frame 3646 end
Average processing time of GrabImageRGBD(): 12.8759ms
Frame 3647 end
Average processing time of GrabImageRGBD(): 12.8754ms
Frame 3648 end
Average processing time of GrabImageRGBD(): 12.875ms
Frame 3649 end
Average processing time of GrabImageRGBD(): 12.8745ms
Frame 3650 end
Average processing time of GrabImageRGBD(): 12.8742ms
Frame 3651 end
Average processing time of GrabImageRGBD(): 12.873ms
Frame 3652 end
Average processing time of GrabImageRGBD(): 12.8726ms
Frame 3653 end
Average processing time of GrabImageRGBD(): 12.8721ms
Frame 3654 end
Average processing time of GrabImageRGBD(): 12.8715ms
Frame 3655 end
Average processing time of GrabImageRGBD(): 12.8707ms
Frame 3656 end
Average processing time of GrabImageRGBD(): 12.8703ms
Frame 3657 end
Average processing time of GrabImageRGBD(): 12.8698ms
Frame 3658 end
Average processing time of GrabImageRGBD(): 12.878ms
Frame 3659 end
Average processing time of GrabImageRGBD(): 12.878ms
Frame 3660 end
Average processing time of GrabImageRGBD(): 12.8777ms
Frame 3661 end
Average processing time of GrabImageRGBD(): 12.8768ms
Frame 3662 end
Average processing time of GrabImageRGBD(): 12.8765ms
Frame 3663 end
Average processing time of GrabImageRGBD(): 12.8752ms
Frame 3664 end
Average processing time of GrabImageRGBD(): 12.8749ms
Frame 3665 end
Average processing time of GrabImageRGBD(): 12.8745ms
Frame 3666 end
Average processing time of GrabImageRGBD(): 12.8741ms
Frame 3667 end
Average processing time of GrabImageRGBD(): 12.8739ms
Frame 3668 end
Average processing time of GrabImageRGBD(): 12.874ms
Frame 3669 end
Average processing time of GrabImageRGBD(): 12.8735ms
Frame 3670 end
Average processing time of GrabImageRGBD(): 12.8733ms
Frame 3671 end
Average processing time of GrabImageRGBD(): 12.8724ms
Frame 3672 end
Average processing time of GrabImageRGBD(): 12.872ms
Frame 3673 end
Average processing time of GrabImageRGBD(): 12.8716ms
Frame 3674 end
Average processing time of GrabImageRGBD(): 12.8698ms
Frame 3675 end
Average processing time of GrabImageRGBD(): 12.8693ms
Frame 3676 end
Average processing time of GrabImageRGBD(): 12.8688ms
Frame 3677 end
Average processing time of GrabImageRGBD(): 12.8681ms
Frame 3678 end
Average processing time of GrabImageRGBD(): 12.8758ms
Frame 3679 end
Average processing time of GrabImageRGBD(): 12.8762ms
Frame 3680 end
Average processing time of GrabImageRGBD(): 12.8751ms
Frame 3681 end
Average processing time of GrabImageRGBD(): 12.8739ms
Frame 3682 end
Average processing time of GrabImageRGBD(): 12.8733ms
Frame 3683 end
Average processing time of GrabImageRGBD(): 12.8728ms
Frame 3684 end
Average processing time of GrabImageRGBD(): 12.8725ms
Frame 3685 end
Average processing time of GrabImageRGBD(): 12.8721ms
Frame 3686 end
Average processing time of GrabImageRGBD(): 12.8718ms
Frame 3687 end
Average processing time of GrabImageRGBD(): 12.8713ms
Frame 3688 end
Average processing time of GrabImageRGBD(): 12.8704ms
Frame 3689 end
Average processing time of GrabImageRGBD(): 12.8702ms
Frame 3690 end
Average processing time of GrabImageRGBD(): 12.8698ms
Frame 3691 end
Average processing time of GrabImageRGBD(): 12.8695ms
Frame 3692 end
Average processing time of GrabImageRGBD(): 12.8692ms
Frame 3693 end
Average processing time of GrabImageRGBD(): 12.8689ms
Frame 3694 end
Average processing time of GrabImageRGBD(): 12.8685ms
Frame 3695 end
Average processing time of GrabImageRGBD(): 12.867ms
Frame 3696 end
Average processing time of GrabImageRGBD(): 12.8667ms
Frame 3697 end
Average processing time of GrabImageRGBD(): 12.8664ms
Frame 3698 end
Average processing time of GrabImageRGBD(): 12.8746ms
Frame 3699 end
Average processing time of GrabImageRGBD(): 12.8742ms
Frame 3700 end
Average processing time of GrabImageRGBD(): 12.8739ms
Frame 3701 end
Average processing time of GrabImageRGBD(): 12.8734ms
Frame 3702 end
Average processing time of GrabImageRGBD(): 12.8738ms
Frame 3703 end
Average processing time of GrabImageRGBD(): 12.8734ms
Frame 3704 end
Average processing time of GrabImageRGBD(): 12.8738ms
Frame 3705 end
Average processing time of GrabImageRGBD(): 12.8732ms
Frame 3706 end
Average processing time of GrabImageRGBD(): 12.873ms
Frame 3707 end
Average processing time of GrabImageRGBD(): 12.8727ms
Frame 3708 end
Average processing time of GrabImageRGBD(): 12.8733ms
Frame 3709 end
Average processing time of GrabImageRGBD(): 12.8727ms
Frame 3710 end
Average processing time of GrabImageRGBD(): 12.8727ms
Frame 3711 end
Average processing time of GrabImageRGBD(): 12.8729ms
Frame 3712 end
Average processing time of GrabImageRGBD(): 12.8725ms
Frame 3713 end
Average processing time of GrabImageRGBD(): 12.8721ms
Frame 3714 end
Average processing time of GrabImageRGBD(): 12.8718ms
Frame 3715 end
Average processing time of GrabImageRGBD(): 12.8718ms
Frame 3716 end
Average processing time of GrabImageRGBD(): 12.8718ms
Frame 3717 end
Average processing time of GrabImageRGBD(): 12.8713ms
Frame 3718 end
Average processing time of GrabImageRGBD(): 12.8707ms
Frame 3719 end
Average processing time of GrabImageRGBD(): 12.8798ms
Frame 3720 end
Average processing time of GrabImageRGBD(): 12.88ms
Frame 3721 end
Average processing time of GrabImageRGBD(): 12.8788ms
Frame 3722 end
Average processing time of GrabImageRGBD(): 12.8782ms
Frame 3723 end
Average processing time of GrabImageRGBD(): 12.8779ms
Frame 3724 end
Average processing time of GrabImageRGBD(): 12.8782ms
Frame 3725 end
Average processing time of GrabImageRGBD(): 12.8774ms
Frame 3726 end
Average processing time of GrabImageRGBD(): 12.8769ms
Frame 3727 end
Average processing time of GrabImageRGBD(): 12.8761ms
Frame 3728 end
Average processing time of GrabImageRGBD(): 12.8753ms
Frame 3729 end
Average processing time of GrabImageRGBD(): 12.8743ms
Frame 3730 end
Average processing time of GrabImageRGBD(): 12.8742ms
Frame 3731 end
Average processing time of GrabImageRGBD(): 12.8734ms
Frame 3732 end
Average processing time of GrabImageRGBD(): 12.8731ms
Frame 3733 end
Average processing time of GrabImageRGBD(): 12.8725ms
Frame 3734 end
Average processing time of GrabImageRGBD(): 12.8723ms
Frame 3735 end
Average processing time of GrabImageRGBD(): 12.8724ms
Frame 3736 end
Average processing time of GrabImageRGBD(): 12.8722ms
Frame 3737 end
Average processing time of GrabImageRGBD(): 12.8714ms
Frame 3738 end
Average processing time of GrabImageRGBD(): 12.8712ms
Frame 3739 end
Average processing time of GrabImageRGBD(): 12.8709ms
Frame 3740 end
Average processing time of GrabImageRGBD(): 12.8791ms
Frame 3741 end
Average processing time of GrabImageRGBD(): 12.8793ms
Frame 3742 end
Average processing time of GrabImageRGBD(): 12.8781ms
Frame 3743 end
Average processing time of GrabImageRGBD(): 12.8776ms
Frame 3744 end
Average processing time of GrabImageRGBD(): 12.8771ms
Frame 3745 end
Average processing time of GrabImageRGBD(): 12.8767ms
Frame 3746 end
Average processing time of GrabImageRGBD(): 12.8767ms
Frame 3747 end
Average processing time of GrabImageRGBD(): 12.8762ms
Frame 3748 end
Average processing time of GrabImageRGBD(): 12.8758ms
Frame 3749 end
Average processing time of GrabImageRGBD(): 12.8754ms
Frame 3750 end
Average processing time of GrabImageRGBD(): 12.8749ms
Frame 3751 end
Average processing time of GrabImageRGBD(): 12.8748ms
Frame 3752 end
Average processing time of GrabImageRGBD(): 12.8744ms
Frame 3753 end
Average processing time of GrabImageRGBD(): 12.8729ms
Frame 3754 end
Average processing time of GrabImageRGBD(): 12.8724ms
Frame 3755 end
Average processing time of GrabImageRGBD(): 12.8722ms
Frame 3756 end
Average processing time of GrabImageRGBD(): 12.8719ms
Frame 3757 end
Average processing time of GrabImageRGBD(): 12.871ms
Frame 3758 end
Average processing time of GrabImageRGBD(): 12.8707ms
Frame 3759 end
Average processing time of GrabImageRGBD(): 12.8705ms
Frame 3760 end
Average processing time of GrabImageRGBD(): 12.8783ms
Frame 3761 end
Average processing time of GrabImageRGBD(): 12.8789ms
Frame 3762 end
Average processing time of GrabImageRGBD(): 12.8777ms
Frame 3763 end
Average processing time of GrabImageRGBD(): 12.8773ms
Frame 3764 end
Average processing time of GrabImageRGBD(): 12.8771ms
Frame 3765 end
Average processing time of GrabImageRGBD(): 12.8769ms
Frame 3766 end
Average processing time of GrabImageRGBD(): 12.8768ms
Frame 3767 end
Average processing time of GrabImageRGBD(): 12.877ms
Frame 3768 end
Average processing time of GrabImageRGBD(): 12.8769ms
Frame 3769 end
Average processing time of GrabImageRGBD(): 12.8766ms
Frame 3770 end
Average processing time of GrabImageRGBD(): 12.8766ms
Frame 3771 end
Average processing time of GrabImageRGBD(): 12.8764ms
Frame 3772 end
Average processing time of GrabImageRGBD(): 12.8761ms
Frame 3773 end
Average processing time of GrabImageRGBD(): 12.8746ms
Frame 3774 end
Average processing time of GrabImageRGBD(): 12.8744ms
Frame 3775 end
Average processing time of GrabImageRGBD(): 12.8744ms
Frame 3776 end
Average processing time of GrabImageRGBD(): 12.8742ms
Frame 3777 end
Average processing time of GrabImageRGBD(): 12.874ms
Frame 3778 end
Average processing time of GrabImageRGBD(): 12.8736ms
Frame 3779 end
Average processing time of GrabImageRGBD(): 12.8733ms
Frame 3780 end
Average processing time of GrabImageRGBD(): 12.8727ms
Frame 3781 end
Average processing time of GrabImageRGBD(): 12.8727ms
Frame 3782 end
Average processing time of GrabImageRGBD(): 12.8724ms
Frame 3783 end
Average processing time of GrabImageRGBD(): 12.8804ms
Frame 3784 end
Average processing time of GrabImageRGBD(): 12.8802ms
Frame 3785 end
Average processing time of GrabImageRGBD(): 12.88ms
Frame 3786 end
Average processing time of GrabImageRGBD(): 12.8797ms
Frame 3787 end
Average processing time of GrabImageRGBD(): 12.8795ms
Frame 3788 end
Average processing time of GrabImageRGBD(): 12.8791ms
Frame 3789 end
Average processing time of GrabImageRGBD(): 12.879ms
Frame 3790 end
Average processing time of GrabImageRGBD(): 12.8782ms
Frame 3791 end
Average processing time of GrabImageRGBD(): 12.8777ms
Frame 3792 end
Average processing time of GrabImageRGBD(): 12.8766ms
Frame 3793 end
Average processing time of GrabImageRGBD(): 12.8758ms
Frame 3794 end
Average processing time of GrabImageRGBD(): 12.8755ms
Frame 3795 end
Average processing time of GrabImageRGBD(): 12.8752ms
Frame 3796 end
Average processing time of GrabImageRGBD(): 12.875ms
Frame 3797 end
Average processing time of GrabImageRGBD(): 12.8744ms
Frame 3798 end
Average processing time of GrabImageRGBD(): 12.8743ms
Frame 3799 end
Average processing time of GrabImageRGBD(): 12.8743ms
Frame 3800 end
Average processing time of GrabImageRGBD(): 12.8738ms
Frame 3801 end
Average processing time of GrabImageRGBD(): 12.8733ms
Frame 3802 end
Average processing time of GrabImageRGBD(): 12.8731ms
Frame 3803 end
Average processing time of GrabImageRGBD(): 12.8728ms
Frame 3804 end
Average processing time of GrabImageRGBD(): 12.8722ms
Frame 3805 end
Average processing time of GrabImageRGBD(): 12.8717ms
Frame 3806 end
Average processing time of GrabImageRGBD(): 12.8714ms
Frame 3807 end
Average processing time of GrabImageRGBD(): 12.871ms
Frame 3808 end
Average processing time of GrabImageRGBD(): 12.8786ms
Frame 3809 end
Average processing time of GrabImageRGBD(): 12.879ms
Frame 3810 end
Average processing time of GrabImageRGBD(): 12.8787ms
Frame 3811 end
Average processing time of GrabImageRGBD(): 12.8783ms
Frame 3812 end
Average processing time of GrabImageRGBD(): 12.8779ms
Frame 3813 end
Average processing time of GrabImageRGBD(): 12.8776ms
Frame 3814 end
Average processing time of GrabImageRGBD(): 12.8777ms
Frame 3815 end
Average processing time of GrabImageRGBD(): 12.8773ms
Frame 3816 end
Average processing time of GrabImageRGBD(): 12.877ms
Frame 3817 end
Average processing time of GrabImageRGBD(): 12.8765ms
Frame 3818 end
Average processing time of GrabImageRGBD(): 12.8765ms
Frame 3819 end
Average processing time of GrabImageRGBD(): 12.8764ms
Frame 3820 end
Average processing time of GrabImageRGBD(): 12.876ms
Frame 3821 end
Average processing time of GrabImageRGBD(): 12.8759ms
Frame 3822 end
Average processing time of GrabImageRGBD(): 12.8759ms
Frame 3823 end
Average processing time of GrabImageRGBD(): 12.8756ms
Frame 3824 end
Average processing time of GrabImageRGBD(): 12.8754ms
Frame 3825 end
Average processing time of GrabImageRGBD(): 12.875ms
Frame 3826 end
Average processing time of GrabImageRGBD(): 12.8746ms
Frame 3827 end
Average processing time of GrabImageRGBD(): 12.8744ms
Frame 3828 end
Average processing time of GrabImageRGBD(): 12.874ms
Frame 3829 end
Average processing time of GrabImageRGBD(): 12.8738ms
Frame 3830 end
Average processing time of GrabImageRGBD(): 12.874ms
Frame 3831 end
Average processing time of GrabImageRGBD(): 12.8738ms
Frame 3832 end
Average processing time of GrabImageRGBD(): 12.8733ms
Frame 3833 end
Average processing time of GrabImageRGBD(): 12.8729ms
Frame 3834 end
Average processing time of GrabImageRGBD(): 12.8806ms
Frame 3835 end
Average processing time of GrabImageRGBD(): 12.8808ms
Frame 3836 end
Average processing time of GrabImageRGBD(): 12.8796ms
Frame 3837 end
Average processing time of GrabImageRGBD(): 12.8793ms
Frame 3838 end
Average processing time of GrabImageRGBD(): 12.8789ms
Frame 3839 end
Average processing time of GrabImageRGBD(): 12.8786ms
Frame 3840 end
Average processing time of GrabImageRGBD(): 12.8784ms
Frame 3841 end
Average processing time of GrabImageRGBD(): 12.878ms
Frame 3842 end
Average processing time of GrabImageRGBD(): 12.8777ms
Frame 3843 end
Average processing time of GrabImageRGBD(): 12.8774ms
Frame 3844 end
Average processing time of GrabImageRGBD(): 12.877ms
Frame 3845 end
Average processing time of GrabImageRGBD(): 12.8769ms
Frame 3846 end
Average processing time of GrabImageRGBD(): 12.8768ms
Frame 3847 end
Average processing time of GrabImageRGBD(): 12.8756ms
Frame 3848 end
Average processing time of GrabImageRGBD(): 12.8754ms
Frame 3849 end
Average processing time of GrabImageRGBD(): 12.8749ms
Frame 3850 end
Average processing time of GrabImageRGBD(): 12.8747ms
Frame 3851 end
Average processing time of GrabImageRGBD(): 12.8742ms
Frame 3852 end
Average processing time of GrabImageRGBD(): 12.8753ms
Frame 3853 end
Average processing time of GrabImageRGBD(): 12.875ms
Frame 3854 end
Average processing time of GrabImageRGBD(): 12.8748ms
Frame 3855 end
Average processing time of GrabImageRGBD(): 12.8745ms
Frame 3856 end
Average processing time of GrabImageRGBD(): 12.8742ms
Frame 3857 end
Average processing time of GrabImageRGBD(): 12.874ms
Frame 3858 end
Average processing time of GrabImageRGBD(): 12.8737ms
Frame 3859 end
Average processing time of GrabImageRGBD(): 12.8734ms
Frame 3860 end
Average processing time of GrabImageRGBD(): 12.8732ms
Frame 3861 end
Average processing time of GrabImageRGBD(): 12.8728ms
Frame 3862 end
Average processing time of GrabImageRGBD(): 12.8723ms
Frame 3863 end
Average processing time of GrabImageRGBD(): 12.8719ms
Frame 3864 end
Average processing time of GrabImageRGBD(): 12.8793ms
Frame 3865 end
Average processing time of GrabImageRGBD(): 12.8797ms
Frame 3866 end
Average processing time of GrabImageRGBD(): 12.8791ms
Frame 3867 end
Average processing time of GrabImageRGBD(): 12.8788ms
Frame 3868 end
Average processing time of GrabImageRGBD(): 12.8786ms
Frame 3869 end
Average processing time of GrabImageRGBD(): 12.8781ms
Frame 3870 end
Average processing time of GrabImageRGBD(): 12.8777ms
Frame 3871 end
Average processing time of GrabImageRGBD(): 12.8771ms
Frame 3872 end
Average processing time of GrabImageRGBD(): 12.8765ms
Frame 3873 end
Average processing time of GrabImageRGBD(): 12.8759ms
Frame 3874 end
Average processing time of GrabImageRGBD(): 12.8755ms
Frame 3875 end
Average processing time of GrabImageRGBD(): 12.8749ms
Frame 3876 end
Average processing time of GrabImageRGBD(): 12.8819ms
Frame 3877 end
Average processing time of GrabImageRGBD(): 12.8916ms
Frame 3878 end
Average processing time of GrabImageRGBD(): 12.8918ms
Frame 3879 end
Average processing time of GrabImageRGBD(): 12.8919ms
Frame 3880 end
Average processing time of GrabImageRGBD(): 12.8916ms
Frame 3881 end
Average processing time of GrabImageRGBD(): 12.8913ms
Frame 3882 end
Average processing time of GrabImageRGBD(): 12.8909ms
Frame 3883 end
Average processing time of GrabImageRGBD(): 12.8909ms
Frame 3884 end
Average processing time of GrabImageRGBD(): 12.8902ms
Frame 3885 end
Average processing time of GrabImageRGBD(): 12.8898ms
Frame 3886 end
Average processing time of GrabImageRGBD(): 12.8897ms
Frame 3887 end
Average processing time of GrabImageRGBD(): 12.8898ms
Frame 3888 end
Average processing time of GrabImageRGBD(): 12.8894ms
Frame 3889 end
Average processing time of GrabImageRGBD(): 12.8884ms
Frame 3890 end
Average processing time of GrabImageRGBD(): 12.8951ms
Frame 3891 end
Average processing time of GrabImageRGBD(): 12.8954ms
Frame 3892 end
Average processing time of GrabImageRGBD(): 12.8952ms
Frame 3893 end
Average processing time of GrabImageRGBD(): 12.8951ms
Frame 3894 end
Average processing time of GrabImageRGBD(): 12.8947ms
Frame 3895 end
Average processing time of GrabImageRGBD(): 12.8943ms
Frame 3896 end
Average processing time of GrabImageRGBD(): 12.8943ms
Frame 3897 end
Average processing time of GrabImageRGBD(): 12.8937ms
Frame 3898 end
Average processing time of GrabImageRGBD(): 12.8936ms
Frame 3899 end
Average processing time of GrabImageRGBD(): 12.8933ms
Frame 3900 end
Average processing time of GrabImageRGBD(): 12.8934ms
Frame 3901 end
Average processing time of GrabImageRGBD(): 12.8932ms
Frame 3902 end
Average processing time of GrabImageRGBD(): 12.8925ms
Frame 3903 end
Average processing time of GrabImageRGBD(): 12.8923ms
Frame 3904 end
Average processing time of GrabImageRGBD(): 12.892ms
Frame 3905 end
Average processing time of GrabImageRGBD(): 12.8999ms
Frame 3906 end
Average processing time of GrabImageRGBD(): 12.9001ms
Frame 3907 end
Average processing time of GrabImageRGBD(): 12.8997ms
Frame 3908 end
Average processing time of GrabImageRGBD(): 12.8995ms
Frame 3909 end
Average processing time of GrabImageRGBD(): 12.8991ms
Frame 3910 end
Average processing time of GrabImageRGBD(): 12.8991ms
Frame 3911 end
Average processing time of GrabImageRGBD(): 12.8987ms
Frame 3912 end
Average processing time of GrabImageRGBD(): 12.8983ms
Frame 3913 end
Average processing time of GrabImageRGBD(): 12.8981ms
Frame 3914 end
Average processing time of GrabImageRGBD(): 12.8985ms
Frame 3915 end
Average processing time of GrabImageRGBD(): 12.898ms
Frame 3916 end
Average processing time of GrabImageRGBD(): 12.8979ms
Frame 3917 end
Average processing time of GrabImageRGBD(): 12.8974ms
Frame 3918 end
Average processing time of GrabImageRGBD(): 12.897ms
Frame 3919 end
Average processing time of GrabImageRGBD(): 12.8962ms
Frame 3920 end
Average processing time of GrabImageRGBD(): 12.8957ms
Frame 3921 end
Average processing time of GrabImageRGBD(): 12.8945ms
Frame 3922 end
Average processing time of GrabImageRGBD(): 12.8942ms
Frame 3923 end
Average processing time of GrabImageRGBD(): 12.8938ms
Frame 3924 end
Average processing time of GrabImageRGBD(): 12.8932ms
Frame 3925 end
Average processing time of GrabImageRGBD(): 12.9009ms
Frame 3926 end
Average processing time of GrabImageRGBD(): 12.9009ms
Frame 3927 end
Average processing time of GrabImageRGBD(): 12.9004ms
Frame 3928 end
Average processing time of GrabImageRGBD(): 12.8997ms
Frame 3929 end
Average processing time of GrabImageRGBD(): 12.8989ms
Frame 3930 end
Average processing time of GrabImageRGBD(): 12.8987ms
Frame 3931 end
Average processing time of GrabImageRGBD(): 12.8982ms
Frame 3932 end
Average processing time of GrabImageRGBD(): 12.8975ms
Frame 3933 end
Average processing time of GrabImageRGBD(): 12.8973ms
Frame 3934 end
Average processing time of GrabImageRGBD(): 12.8968ms
Frame 3935 end
Average processing time of GrabImageRGBD(): 12.8965ms
Frame 3936 end
Average processing time of GrabImageRGBD(): 12.8962ms
Frame 3937 end
Average processing time of GrabImageRGBD(): 12.8965ms
Frame 3938 end
Average processing time of GrabImageRGBD(): 12.8963ms
Frame 3939 end
Average processing time of GrabImageRGBD(): 12.8955ms
Frame 3940 end
Average processing time of GrabImageRGBD(): 12.8943ms
Frame 3941 end
Average processing time of GrabImageRGBD(): 12.8945ms
Frame 3942 end
Average processing time of GrabImageRGBD(): 12.8941ms
Frame 3943 end
Average processing time of GrabImageRGBD(): 12.8935ms
Frame 3944 end
Average processing time of GrabImageRGBD(): 12.8929ms
Frame 3945 end
Average processing time of GrabImageRGBD(): 12.8918ms
Frame 3946 end
Average processing time of GrabImageRGBD(): 12.8913ms
Frame 3947 end
Average processing time of GrabImageRGBD(): 12.8907ms
Frame 3948 end
Average processing time of GrabImageRGBD(): 12.89ms
Frame 3949 end
Average processing time of GrabImageRGBD(): 12.8894ms
Frame 3950 end
Average processing time of GrabImageRGBD(): 12.8892ms
Frame 3951 end
Average processing time of GrabImageRGBD(): 12.8885ms
Frame 3952 end
Average processing time of GrabImageRGBD(): 12.8881ms
Frame 3953 end
Average processing time of GrabImageRGBD(): 12.8878ms
Frame 3954 end
Average processing time of GrabImageRGBD(): 12.8871ms
Frame 3955 end
Average processing time of GrabImageRGBD(): 12.8861ms
Frame 3956 end
Average processing time of GrabImageRGBD(): 12.8857ms
Frame 3957 end
Average processing time of GrabImageRGBD(): 12.8851ms
Frame 3958 end
Average processing time of GrabImageRGBD(): 12.8838ms
Frame 3959 end
Average processing time of GrabImageRGBD(): 12.8834ms
Frame 3960 end
Average processing time of GrabImageRGBD(): 12.8829ms
Frame 3961 end
Average processing time of GrabImageRGBD(): 12.8815ms
Frame 3962 end
Average processing time of GrabImageRGBD(): 12.8813ms
Frame 3963 end
Average processing time of GrabImageRGBD(): 12.8812ms
Frame 3964 end
Average processing time of GrabImageRGBD(): 12.8801ms
Frame 3965 end
Average processing time of GrabImageRGBD(): 12.8794ms
Frame 3966 end
Average processing time of GrabImageRGBD(): 12.8787ms
Frame 3967 end
Average processing time of GrabImageRGBD(): 12.8783ms
Frame 3968 end
Average processing time of GrabImageRGBD(): 12.8777ms
Frame 3969 end
Average processing time of GrabImageRGBD(): 12.8773ms
Frame 3970 end
Average processing time of GrabImageRGBD(): 12.8853ms
Frame 3971 end
Average processing time of GrabImageRGBD(): 12.8859ms
Frame 3972 end
Average processing time of GrabImageRGBD(): 12.8857ms
Frame 3973 end
Average processing time of GrabImageRGBD(): 12.8854ms
Frame 3974 end
Average processing time of GrabImageRGBD(): 12.8851ms
Frame 3975 end
Average processing time of GrabImageRGBD(): 12.884ms
Frame 3976 end
Average processing time of GrabImageRGBD(): 12.8838ms
Frame 3977 end
Average processing time of GrabImageRGBD(): 12.8825ms
Frame 3978 end
Average processing time of GrabImageRGBD(): 12.8824ms
Frame 3979 end
Average processing time of GrabImageRGBD(): 12.8823ms
Frame 3980 end
Average processing time of GrabImageRGBD(): 12.8822ms
Frame 3981 end
Average processing time of GrabImageRGBD(): 12.8822ms
Frame 3982 end
Shutdown
-------

median tracking time: 0.01157
mean tracking time: 0.0135262

Saving camera trajectory to CameraTrajectory.txt ...

Saving keyframe trajectory to KeyFrameTrajectory.txt ...
