
ORB-SLAM3 Copyright (C) 2017-2020 Carlos Campos, Richard Elvira, Juan J. Gómez, José M.M. Montiel and Juan D. Tardós, University of Zaragoza.
ORB-SLAM2 Copyright (C) 2014-2016 Raúl Mur-Artal, José M.M. Montiel and Juan D. Tardós, University of Zaragoza.
This program comes with ABSOLUTELY NO WARRANTY;
This is free software, and you are welcome to redistribute it
under certain conditions. See LICENSE.txt.

Input sensor was set to: RGB-D
Loading settings from /home/bingxin/Downloads/NGD-SLAM/Examples/RGB-D/TUM2.yaml
	-Loaded camera 1
Camera.newHeight optional parameter does not exist...
Camera.newWidth optional parameter does not exist...
	-Loaded image info
	-Loaded RGB-D calibration
	-Loaded ORB settings
Viewer.imageViewScale optional parameter does not exist...
	-Loaded viewer settings
System.LoadAtlasFromFile optional parameter does not exist...
System.SaveAtlasToFile optional parameter does not exist...
	-Loaded Atlas settings
System.thFarPoints optional parameter does not exist...
	-Loaded misc parameters
----------------------------------
SLAM settings: 
	-Camera 1 parameters (Pinhole): [ 520.909 521.007 325.141 249.702 ]
	-Camera 1 distortion parameters: [  0.231222 -0.784899 -0.003257 -0.000105 0.917205 ]
	-Original image size: [ 640 , 480 ]
	-Current image size: [ 640 , 480 ]
	-Sequence FPS: 30
	-RGB-D depth map factor: 5208
	-Features per image: 1000
	-ORB scale factor: 1.2
	-ORB number of scales: 8
	-Initial FAST threshold: 20
	-Min FAST threshold: 7


Loading ORB Vocabulary. This could take a while...
Vocabulary loaded!

Initialization of Atlas from scratch 
Creation of new map with id: 0
Creation of new map with last KF id: 0
Seq. Name: 
There are 1 cameras in the atlas
Camera 0 is pinhole
Net use yolo-fastest

-------
Start processing sequence ...
Images in the sequence: 3983

First KF:0; Map init KF:0
New Map created with 571 points
Average processing time of GrabImageRGBD(): 43.5105ms
Frame 0 end
Average processing time of GrabImageRGBD(): 33.6641ms
Frame 1 end
Average processing time of GrabImageRGBD(): 30.0877ms
Frame 2 end
Average processing time of GrabImageRGBD(): 24.7265ms
Frame 3 end
Average processing time of GrabImageRGBD(): 20.4497ms
Frame 4 end
Average processing time of GrabImageRGBD(): 17.8996ms
Frame 5 end
Starting the Viewer
Average processing time of GrabImageRGBD(): 15.9917ms
Frame 6 end
Average processing time of GrabImageRGBD(): 14.9638ms
Frame 7 end
Average processing time of GrabImageRGBD(): 14.1891ms
Frame 8 end
Average processing time of GrabImageRGBD(): 13.6285ms
Frame 9 end
Average processing time of GrabImageRGBD(): 12.6677ms
Frame 10 end
Average processing time of GrabImageRGBD(): 11.8919ms
Frame 11 end
Average processing time of GrabImageRGBD(): 11.575ms
Frame 12 end
Average processing time of GrabImageRGBD(): 11.2992ms
Frame 13 end
Average processing time of GrabImageRGBD(): 10.7596ms
Frame 14 end
Average processing time of GrabImageRGBD(): 10.3583ms
Frame 15 end
Average processing time of GrabImageRGBD(): 9.98549ms
Frame 16 end
Average processing time of GrabImageRGBD(): 9.87067ms
Frame 17 end
Average processing time of GrabImageRGBD(): 9.73992ms
Frame 18 end
Average processing time of GrabImageRGBD(): 9.66171ms
Frame 19 end
Average processing time of GrabImageRGBD(): 9.59308ms
Frame 20 end
Average processing time of GrabImageRGBD(): 9.29872ms
Frame 21 end
Average processing time of GrabImageRGBD(): 9.14034ms
Frame 22 end
Average processing time of GrabImageRGBD(): 9.10598ms
Frame 23 end
Average processing time of GrabImageRGBD(): 9.07239ms
Frame 24 end
Average processing time of GrabImageRGBD(): 8.90484ms
Frame 25 end
Average processing time of GrabImageRGBD(): 8.68658ms
Frame 26 end
Average processing time of GrabImageRGBD(): 8.48886ms
Frame 27 end
Average processing time of GrabImageRGBD(): 8.30825ms
Frame 28 end
Average processing time of GrabImageRGBD(): 8.1385ms
Frame 29 end
Average processing time of GrabImageRGBD(): 7.97821ms
Frame 30 end
Average processing time of GrabImageRGBD(): 7.9657ms
Frame 31 end
Average processing time of GrabImageRGBD(): 7.90275ms
Frame 32 end
Average processing time of GrabImageRGBD(): 7.75719ms
Frame 33 end
Average processing time of GrabImageRGBD(): 7.76553ms
Frame 34 end
Average processing time of GrabImageRGBD(): 7.63824ms
Frame 35 end
Average processing time of GrabImageRGBD(): 7.51847ms
Frame 36 end
Average processing time of GrabImageRGBD(): 7.40458ms
Frame 37 end
Average processing time of GrabImageRGBD(): 7.32265ms
Frame 38 end
Average processing time of GrabImageRGBD(): 7.25199ms
Frame 39 end
Average processing time of GrabImageRGBD(): 7.18877ms
Frame 40 end
Average processing time of GrabImageRGBD(): 7.20222ms
Frame 41 end
Average processing time of GrabImageRGBD(): 7.22027ms
Frame 42 end
Average processing time of GrabImageRGBD(): 7.12818ms
Frame 43 end
Average processing time of GrabImageRGBD(): 7.07352ms
Frame 44 end
Average processing time of GrabImageRGBD(): 7.0903ms
Frame 45 end
Average processing time of GrabImageRGBD(): 7.09936ms
Frame 46 end
Average processing time of GrabImageRGBD(): 7.02194ms
Frame 47 end
Average processing time of GrabImageRGBD(): 7.04105ms
Frame 48 end
Average processing time of GrabImageRGBD(): 6.98404ms
Frame 49 end
Average processing time of GrabImageRGBD(): 6.90985ms
Frame 50 end
Average processing time of GrabImageRGBD(): 6.83625ms
Frame 51 end
Average processing time of GrabImageRGBD(): 6.76974ms
Frame 52 end
Average processing time of GrabImageRGBD(): 6.78667ms
Frame 53 end
Average processing time of GrabImageRGBD(): 6.79901ms
Frame 54 end
Average processing time of GrabImageRGBD(): 6.73273ms
Frame 55 end
Average processing time of GrabImageRGBD(): 6.74697ms
Frame 56 end
Average processing time of GrabImageRGBD(): 6.70271ms
Frame 57 end
Average processing time of GrabImageRGBD(): 6.71756ms
Frame 58 end
Average processing time of GrabImageRGBD(): 6.66935ms
Frame 59 end
Average processing time of GrabImageRGBD(): 6.61438ms
Frame 60 end
Average processing time of GrabImageRGBD(): 6.64514ms
Frame 61 end
Average processing time of GrabImageRGBD(): 6.5926ms
Frame 62 end
Average processing time of GrabImageRGBD(): 6.61154ms
Frame 63 end
Average processing time of GrabImageRGBD(): 6.63282ms
Frame 64 end
Average processing time of GrabImageRGBD(): 6.65294ms
Frame 65 end
Average processing time of GrabImageRGBD(): 6.67188ms
Frame 66 end
Average processing time of GrabImageRGBD(): 6.62304ms
Frame 67 end
Average processing time of GrabImageRGBD(): 6.6465ms
Frame 68 end
Average processing time of GrabImageRGBD(): 6.66483ms
Frame 69 end
Average processing time of GrabImageRGBD(): 6.65018ms
Frame 70 end
Average processing time of GrabImageRGBD(): 6.65055ms
Frame 71 end
Average processing time of GrabImageRGBD(): 6.6686ms
Frame 72 end
Average processing time of GrabImageRGBD(): 6.61826ms
Frame 73 end
Average processing time of GrabImageRGBD(): 6.57563ms
Frame 74 end
Average processing time of GrabImageRGBD(): 6.58854ms
Frame 75 end
Average processing time of GrabImageRGBD(): 6.60037ms
Frame 76 end
Average processing time of GrabImageRGBD(): 6.61527ms
Frame 77 end
Average processing time of GrabImageRGBD(): 6.57175ms
Frame 78 end
Average processing time of GrabImageRGBD(): 6.58651ms
Frame 79 end
Average processing time of GrabImageRGBD(): 6.60979ms
Frame 80 end
Average processing time of GrabImageRGBD(): 6.56499ms
Frame 81 end
Average processing time of GrabImageRGBD(): 6.52618ms
Frame 82 end
Average processing time of GrabImageRGBD(): 6.54625ms
Frame 83 end
Average processing time of GrabImageRGBD(): 6.55944ms
Frame 84 end
Average processing time of GrabImageRGBD(): 6.53319ms
Frame 85 end
Average processing time of GrabImageRGBD(): 6.54366ms
Frame 86 end
Average processing time of GrabImageRGBD(): 6.54163ms
Frame 87 end
Average processing time of GrabImageRGBD(): 6.55249ms
Frame 88 end
Average processing time of GrabImageRGBD(): 6.56405ms
Frame 89 end
Average processing time of GrabImageRGBD(): 6.53919ms
Frame 90 end
Average processing time of GrabImageRGBD(): 6.51485ms
Frame 91 end
Average processing time of GrabImageRGBD(): 6.53005ms
Frame 92 end
Average processing time of GrabImageRGBD(): 6.49392ms
Frame 93 end
Average processing time of GrabImageRGBD(): 6.45935ms
Frame 94 end
Average processing time of GrabImageRGBD(): 6.47604ms
Frame 95 end
Average processing time of GrabImageRGBD(): 6.48466ms
Frame 96 end
Average processing time of GrabImageRGBD(): 6.46517ms
Frame 97 end
Average processing time of GrabImageRGBD(): 6.483ms
Frame 98 end
Average processing time of GrabImageRGBD(): 6.49311ms
Frame 99 end
Average processing time of GrabImageRGBD(): 6.49398ms
Frame 100 end
Average processing time of GrabImageRGBD(): 6.50376ms
Frame 101 end
Average processing time of GrabImageRGBD(): 6.51889ms
Frame 102 end
Average processing time of GrabImageRGBD(): 6.50503ms
Frame 103 end
Average processing time of GrabImageRGBD(): 6.47642ms
Frame 104 end
Average processing time of GrabImageRGBD(): 6.48834ms
Frame 105 end
Average processing time of GrabImageRGBD(): 6.49679ms
Frame 106 end
Average processing time of GrabImageRGBD(): 6.50568ms
Frame 107 end
Average processing time of GrabImageRGBD(): 6.67674ms
Frame 108 end
Average processing time of GrabImageRGBD(): 6.64235ms
Frame 109 end
Average processing time of GrabImageRGBD(): 6.60557ms
Frame 110 end
Average processing time of GrabImageRGBD(): 6.59236ms
Frame 111 end
Average processing time of GrabImageRGBD(): 6.58751ms
Frame 112 end
Average processing time of GrabImageRGBD(): 6.58717ms
Frame 113 end
Average processing time of GrabImageRGBD(): 6.58086ms
Frame 114 end
Average processing time of GrabImageRGBD(): 6.57709ms
Frame 115 end
Average processing time of GrabImageRGBD(): 6.54671ms
Frame 116 end
Average processing time of GrabImageRGBD(): 6.52072ms
Frame 117 end
Average processing time of GrabImageRGBD(): 6.48771ms
Frame 118 end
Average processing time of GrabImageRGBD(): 6.4635ms
Frame 119 end
Average processing time of GrabImageRGBD(): 6.61326ms
Frame 120 end
Average processing time of GrabImageRGBD(): 6.6003ms
Frame 121 end
Average processing time of GrabImageRGBD(): 6.56524ms
Frame 122 end
Average processing time of GrabImageRGBD(): 6.55958ms
Frame 123 end
Average processing time of GrabImageRGBD(): 6.55762ms
Frame 124 end
Average processing time of GrabImageRGBD(): 6.53762ms
Frame 125 end
Average processing time of GrabImageRGBD(): 6.5095ms
Frame 126 end
Average processing time of GrabImageRGBD(): 6.50696ms
Frame 127 end
Average processing time of GrabImageRGBD(): 6.47703ms
Frame 128 end
Average processing time of GrabImageRGBD(): 6.45824ms
Frame 129 end
Average processing time of GrabImageRGBD(): 6.43203ms
Frame 130 end
Average processing time of GrabImageRGBD(): 6.41182ms
Frame 131 end
Average processing time of GrabImageRGBD(): 6.40893ms
Frame 132 end
Average processing time of GrabImageRGBD(): 6.40866ms
Frame 133 end
Average processing time of GrabImageRGBD(): 6.38299ms
Frame 134 end
Average processing time of GrabImageRGBD(): 6.36812ms
Frame 135 end
Average processing time of GrabImageRGBD(): 6.35991ms
Frame 136 end
Average processing time of GrabImageRGBD(): 6.33402ms
Frame 137 end
Average processing time of GrabImageRGBD(): 6.33004ms
Frame 138 end
Average processing time of GrabImageRGBD(): 6.30419ms
Frame 139 end
Average processing time of GrabImageRGBD(): 6.43438ms
Frame 140 end
Average processing time of GrabImageRGBD(): 6.4233ms
Frame 141 end
Average processing time of GrabImageRGBD(): 6.54318ms
Frame 142 end
Average processing time of GrabImageRGBD(): 6.55249ms
Frame 143 end
Average processing time of GrabImageRGBD(): 6.52587ms
Frame 144 end
Average processing time of GrabImageRGBD(): 6.50536ms
Frame 145 end
Average processing time of GrabImageRGBD(): 6.5117ms
Frame 146 end
Average processing time of GrabImageRGBD(): 6.50413ms
Frame 147 end
Average processing time of GrabImageRGBD(): 6.5085ms
Frame 148 end
Average processing time of GrabImageRGBD(): 6.48669ms
Frame 149 end
Average processing time of GrabImageRGBD(): 6.49005ms
Frame 150 end
Average processing time of GrabImageRGBD(): 6.4694ms
Frame 151 end
Average processing time of GrabImageRGBD(): 6.47543ms
Frame 152 end
Average processing time of GrabImageRGBD(): 6.45406ms
Frame 153 end
Average processing time of GrabImageRGBD(): 6.43616ms
Frame 154 end
Average processing time of GrabImageRGBD(): 6.42433ms
Frame 155 end
Average processing time of GrabImageRGBD(): 6.43005ms
Frame 156 end
Average processing time of GrabImageRGBD(): 6.41569ms
Frame 157 end
Average processing time of GrabImageRGBD(): 6.54397ms
Frame 158 end
Average processing time of GrabImageRGBD(): 6.52873ms
Frame 159 end
Average processing time of GrabImageRGBD(): 6.50208ms
Frame 160 end
Average processing time of GrabImageRGBD(): 6.49227ms
Frame 161 end
Average processing time of GrabImageRGBD(): 6.49251ms
Frame 162 end
Average processing time of GrabImageRGBD(): 6.51382ms
Frame 163 end
Average processing time of GrabImageRGBD(): 6.49801ms
Frame 164 end
Average processing time of GrabImageRGBD(): 6.49989ms
Frame 165 end
Average processing time of GrabImageRGBD(): 6.50155ms
Frame 166 end
Average processing time of GrabImageRGBD(): 6.64576ms
Frame 167 end
Average processing time of GrabImageRGBD(): 6.6585ms
Frame 168 end
Average processing time of GrabImageRGBD(): 6.64055ms
Frame 169 end
Average processing time of GrabImageRGBD(): 6.64754ms
Frame 170 end
Average processing time of GrabImageRGBD(): 6.62754ms
Frame 171 end
Average processing time of GrabImageRGBD(): 6.63494ms
Frame 172 end
Average processing time of GrabImageRGBD(): 6.63764ms
Frame 173 end
Average processing time of GrabImageRGBD(): 6.63627ms
Frame 174 end
Average processing time of GrabImageRGBD(): 6.64203ms
Frame 175 end
Average processing time of GrabImageRGBD(): 6.64683ms
Frame 176 end
Average processing time of GrabImageRGBD(): 6.62564ms
Frame 177 end
Average processing time of GrabImageRGBD(): 6.72637ms
Frame 178 end
Average processing time of GrabImageRGBD(): 6.7331ms
Frame 179 end
Average processing time of GrabImageRGBD(): 6.71217ms
Frame 180 end
Average processing time of GrabImageRGBD(): 6.70844ms
Frame 181 end
Average processing time of GrabImageRGBD(): 6.70953ms
Frame 182 end
Average processing time of GrabImageRGBD(): 6.69964ms
Frame 183 end
Average processing time of GrabImageRGBD(): 6.69652ms
Frame 184 end
Average processing time of GrabImageRGBD(): 6.69853ms
Frame 185 end
Average processing time of GrabImageRGBD(): 6.68107ms
Frame 186 end
Average processing time of GrabImageRGBD(): 6.65945ms
Frame 187 end
Average processing time of GrabImageRGBD(): 6.63839ms
Frame 188 end
Average processing time of GrabImageRGBD(): 6.63971ms
Frame 189 end
Average processing time of GrabImageRGBD(): 6.63912ms
Frame 190 end
Average processing time of GrabImageRGBD(): 6.64093ms
Frame 191 end
Average processing time of GrabImageRGBD(): 6.64062ms
Frame 192 end
Average processing time of GrabImageRGBD(): 6.74562ms
Frame 193 end
Average processing time of GrabImageRGBD(): 6.75013ms
Frame 194 end
Average processing time of GrabImageRGBD(): 6.7291ms
Frame 195 end
Average processing time of GrabImageRGBD(): 6.71027ms
Frame 196 end
Average processing time of GrabImageRGBD(): 6.81999ms
Frame 197 end
Average processing time of GrabImageRGBD(): 6.83058ms
Frame 198 end
Average processing time of GrabImageRGBD(): 6.83653ms
Frame 199 end
Average processing time of GrabImageRGBD(): 6.84379ms
Frame 200 end
Average processing time of GrabImageRGBD(): 6.8517ms
Frame 201 end
Average processing time of GrabImageRGBD(): 6.84489ms
Frame 202 end
Average processing time of GrabImageRGBD(): 6.82897ms
Frame 203 end
Average processing time of GrabImageRGBD(): 6.83539ms
Frame 204 end
Average processing time of GrabImageRGBD(): 6.82931ms
Frame 205 end
Average processing time of GrabImageRGBD(): 6.82941ms
Frame 206 end
Average processing time of GrabImageRGBD(): 6.81315ms
Frame 207 end
Average processing time of GrabImageRGBD(): 6.91789ms
Frame 208 end
Average processing time of GrabImageRGBD(): 6.92064ms
Frame 209 end
Average processing time of GrabImageRGBD(): 6.90074ms
Frame 210 end
Average processing time of GrabImageRGBD(): 6.9093ms
Frame 211 end
Average processing time of GrabImageRGBD(): 6.89308ms
Frame 212 end
Average processing time of GrabImageRGBD(): 6.9ms
Frame 213 end
Average processing time of GrabImageRGBD(): 6.88172ms
Frame 214 end
Average processing time of GrabImageRGBD(): 6.88666ms
Frame 215 end
Average processing time of GrabImageRGBD(): 6.87486ms
Frame 216 end
Average processing time of GrabImageRGBD(): 6.86437ms
Frame 217 end
Average processing time of GrabImageRGBD(): 6.85001ms
Frame 218 end
Average processing time of GrabImageRGBD(): 6.94317ms
Frame 219 end
Average processing time of GrabImageRGBD(): 6.93271ms
Frame 220 end
Average processing time of GrabImageRGBD(): 6.91283ms
Frame 221 end
Average processing time of GrabImageRGBD(): 6.89614ms
Frame 222 end
Average processing time of GrabImageRGBD(): 6.89621ms
Frame 223 end
Average processing time of GrabImageRGBD(): 6.88746ms
Frame 224 end
Average processing time of GrabImageRGBD(): 6.87455ms
Frame 225 end
Average processing time of GrabImageRGBD(): 6.87363ms
Frame 226 end
Average processing time of GrabImageRGBD(): 6.87262ms
Frame 227 end
Average processing time of GrabImageRGBD(): 6.87048ms
Frame 228 end
Average processing time of GrabImageRGBD(): 6.95573ms
Frame 229 end
Average processing time of GrabImageRGBD(): 6.94963ms
Frame 230 end
Average processing time of GrabImageRGBD(): 6.93054ms
Frame 231 end
Average processing time of GrabImageRGBD(): 6.92158ms
Frame 232 end
Average processing time of GrabImageRGBD(): 6.92157ms
Frame 233 end
Average processing time of GrabImageRGBD(): 6.91328ms
Frame 234 end
Average processing time of GrabImageRGBD(): 6.91393ms
Frame 235 end
Average processing time of GrabImageRGBD(): 6.90291ms
Frame 236 end
Average processing time of GrabImageRGBD(): 6.90222ms
Frame 237 end
Average processing time of GrabImageRGBD(): 6.98389ms
Frame 238 end
Average processing time of GrabImageRGBD(): 6.97431ms
Frame 239 end
Average processing time of GrabImageRGBD(): 6.96076ms
Frame 240 end
Average processing time of GrabImageRGBD(): 6.95428ms
Frame 241 end
Average processing time of GrabImageRGBD(): 6.94582ms
Frame 242 end
Average processing time of GrabImageRGBD(): 6.93718ms
Frame 243 end
Average processing time of GrabImageRGBD(): 6.92281ms
Frame 244 end
Average processing time of GrabImageRGBD(): 6.92313ms
Frame 245 end
Average processing time of GrabImageRGBD(): 7.00572ms
Frame 246 end
Average processing time of GrabImageRGBD(): 7.01119ms
Frame 247 end
Average processing time of GrabImageRGBD(): 7.09444ms
Frame 248 end
Average processing time of GrabImageRGBD(): 7.0817ms
Frame 249 end
Average processing time of GrabImageRGBD(): 7.06418ms
Frame 250 end
Average processing time of GrabImageRGBD(): 7.05403ms
Frame 251 end
Average processing time of GrabImageRGBD(): 7.04055ms
Frame 252 end
Average processing time of GrabImageRGBD(): 7.02609ms
Frame 253 end
Average processing time of GrabImageRGBD(): 7.01932ms
Frame 254 end
Average processing time of GrabImageRGBD(): 7.02533ms
Frame 255 end
Average processing time of GrabImageRGBD(): 7.02545ms
Frame 256 end
Average processing time of GrabImageRGBD(): 7.10981ms
Frame 257 end
Average processing time of GrabImageRGBD(): 7.1203ms
Frame 258 end
Average processing time of GrabImageRGBD(): 7.10483ms
Frame 259 end
Average processing time of GrabImageRGBD(): 7.11024ms
Frame 260 end
Average processing time of GrabImageRGBD(): 7.11604ms
Frame 261 end
Average processing time of GrabImageRGBD(): 7.10108ms
Frame 262 end
Average processing time of GrabImageRGBD(): 7.08629ms
Frame 263 end
Average processing time of GrabImageRGBD(): 7.09077ms
Frame 264 end
Average processing time of GrabImageRGBD(): 7.09491ms
Frame 265 end
Average processing time of GrabImageRGBD(): 7.10024ms
Frame 266 end
Average processing time of GrabImageRGBD(): 7.10443ms
Frame 267 end
Average processing time of GrabImageRGBD(): 7.10868ms
Frame 268 end
Average processing time of GrabImageRGBD(): 7.10924ms
Frame 269 end
Average processing time of GrabImageRGBD(): 7.1962ms
Frame 270 end
Average processing time of GrabImageRGBD(): 7.20135ms
Frame 271 end
Average processing time of GrabImageRGBD(): 7.18511ms
Frame 272 end
Average processing time of GrabImageRGBD(): 7.17113ms
Frame 273 end
Average processing time of GrabImageRGBD(): 7.15973ms
Frame 274 end
Average processing time of GrabImageRGBD(): 7.14541ms
Frame 275 end
Average processing time of GrabImageRGBD(): 7.14787ms
Frame 276 end
Average processing time of GrabImageRGBD(): 7.14689ms
Frame 277 end
Average processing time of GrabImageRGBD(): 7.14801ms
Frame 278 end
Average processing time of GrabImageRGBD(): 7.22905ms
Frame 279 end
Average processing time of GrabImageRGBD(): 7.23392ms
Frame 280 end
Average processing time of GrabImageRGBD(): 7.21835ms
Frame 281 end
Average processing time of GrabImageRGBD(): 7.28947ms
Frame 282 end
Average processing time of GrabImageRGBD(): 7.27955ms
Frame 283 end
Average processing time of GrabImageRGBD(): 7.26481ms
Frame 284 end
Average processing time of GrabImageRGBD(): 7.26755ms
Frame 285 end
Average processing time of GrabImageRGBD(): 7.26845ms
Frame 286 end
Average processing time of GrabImageRGBD(): 7.33922ms
Frame 287 end
Average processing time of GrabImageRGBD(): 7.32925ms
Frame 288 end
Average processing time of GrabImageRGBD(): 7.31355ms
Frame 289 end
Average processing time of GrabImageRGBD(): 7.31792ms
Frame 290 end
Average processing time of GrabImageRGBD(): 7.32204ms
Frame 291 end
Average processing time of GrabImageRGBD(): 7.32238ms
Frame 292 end
Average processing time of GrabImageRGBD(): 7.3979ms
Frame 293 end
Average processing time of GrabImageRGBD(): 7.39329ms
Frame 294 end
Average processing time of GrabImageRGBD(): 7.38343ms
Frame 295 end
Average processing time of GrabImageRGBD(): 7.45107ms
Frame 296 end
Average processing time of GrabImageRGBD(): 7.44416ms
Frame 297 end
Average processing time of GrabImageRGBD(): 7.43084ms
Frame 298 end
Average processing time of GrabImageRGBD(): 7.43343ms
Frame 299 end
Average processing time of GrabImageRGBD(): 7.41977ms
Frame 300 end
Average processing time of GrabImageRGBD(): 7.40554ms
Frame 301 end
Average processing time of GrabImageRGBD(): 7.39181ms
Frame 302 end
Average processing time of GrabImageRGBD(): 7.39381ms
Frame 303 end
Average processing time of GrabImageRGBD(): 7.39559ms
Frame 304 end
Average processing time of GrabImageRGBD(): 7.38177ms
Frame 305 end
Average processing time of GrabImageRGBD(): 7.38395ms
Frame 306 end
Average processing time of GrabImageRGBD(): 7.36925ms
Frame 307 end
Average processing time of GrabImageRGBD(): 7.43444ms
Frame 308 end
Average processing time of GrabImageRGBD(): 7.43903ms
Frame 309 end
Average processing time of GrabImageRGBD(): 7.42439ms
Frame 310 end
Average processing time of GrabImageRGBD(): 7.4109ms
Frame 311 end
Average processing time of GrabImageRGBD(): 7.40901ms
Frame 312 end
Average processing time of GrabImageRGBD(): 7.39507ms
Frame 313 end
Average processing time of GrabImageRGBD(): 7.46428ms
Frame 314 end
Average processing time of GrabImageRGBD(): 7.46859ms
Frame 315 end
Average processing time of GrabImageRGBD(): 7.45424ms
Frame 316 end
Average processing time of GrabImageRGBD(): 7.44238ms
Frame 317 end
Average processing time of GrabImageRGBD(): 7.42822ms
Frame 318 end
Average processing time of GrabImageRGBD(): 7.48763ms
Frame 319 end
Average processing time of GrabImageRGBD(): 7.4908ms
Frame 320 end
Average processing time of GrabImageRGBD(): 7.47719ms
Frame 321 end
Average processing time of GrabImageRGBD(): 7.46542ms
Frame 322 end
Average processing time of GrabImageRGBD(): 7.45165ms
Frame 323 end
Average processing time of GrabImageRGBD(): 7.45054ms
Frame 324 end
Average processing time of GrabImageRGBD(): 7.44931ms
Frame 325 end
Average processing time of GrabImageRGBD(): 7.44558ms
Frame 326 end
Average processing time of GrabImageRGBD(): 7.43192ms
Frame 327 end
Average processing time of GrabImageRGBD(): 7.41875ms
Frame 328 end
Average processing time of GrabImageRGBD(): 7.40542ms
Frame 329 end
Average processing time of GrabImageRGBD(): 7.39277ms
Frame 330 end
Average processing time of GrabImageRGBD(): 7.39013ms
Frame 331 end
Average processing time of GrabImageRGBD(): 7.3838ms
Frame 332 end
Average processing time of GrabImageRGBD(): 7.3716ms
Frame 333 end
Average processing time of GrabImageRGBD(): 7.36061ms
Frame 334 end
Average processing time of GrabImageRGBD(): 7.35958ms
Frame 335 end
Average processing time of GrabImageRGBD(): 7.35854ms
Frame 336 end
Average processing time of GrabImageRGBD(): 7.35586ms
Frame 337 end
Average processing time of GrabImageRGBD(): 7.41993ms
Frame 338 end
Average processing time of GrabImageRGBD(): 7.40904ms
Frame 339 end
Average processing time of GrabImageRGBD(): 7.39567ms
Frame 340 end
Average processing time of GrabImageRGBD(): 7.38717ms
Frame 341 end
Average processing time of GrabImageRGBD(): 7.44482ms
Frame 342 end
Average processing time of GrabImageRGBD(): 7.43502ms
Frame 343 end
Average processing time of GrabImageRGBD(): 7.42423ms
Frame 344 end
Average processing time of GrabImageRGBD(): 7.41645ms
Frame 345 end
Average processing time of GrabImageRGBD(): 7.41871ms
Frame 346 end
Average processing time of GrabImageRGBD(): 7.42297ms
Frame 347 end
Average processing time of GrabImageRGBD(): 7.41174ms
Frame 348 end
Average processing time of GrabImageRGBD(): 7.40329ms
Frame 349 end
Average processing time of GrabImageRGBD(): 7.40482ms
Frame 350 end
Average processing time of GrabImageRGBD(): 7.39725ms
Frame 351 end
Average processing time of GrabImageRGBD(): 7.39868ms
Frame 352 end
Average processing time of GrabImageRGBD(): 7.48417ms
Frame 353 end
Average processing time of GrabImageRGBD(): 7.4781ms
Frame 354 end
Average processing time of GrabImageRGBD(): 7.48078ms
Frame 355 end
Average processing time of GrabImageRGBD(): 7.48324ms
Frame 356 end
Average processing time of GrabImageRGBD(): 7.47743ms
Frame 357 end
Average processing time of GrabImageRGBD(): 7.47815ms
Frame 358 end
Average processing time of GrabImageRGBD(): 7.47821ms
Frame 359 end
Average processing time of GrabImageRGBD(): 7.53659ms
Frame 360 end
Average processing time of GrabImageRGBD(): 7.52737ms
Frame 361 end
Average processing time of GrabImageRGBD(): 7.51573ms
Frame 362 end
Average processing time of GrabImageRGBD(): 7.50777ms
Frame 363 end
Average processing time of GrabImageRGBD(): 7.56826ms
Frame 364 end
Average processing time of GrabImageRGBD(): 7.5619ms
Frame 365 end
Average processing time of GrabImageRGBD(): 7.56563ms
Frame 366 end
Average processing time of GrabImageRGBD(): 7.56878ms
Frame 367 end
Average processing time of GrabImageRGBD(): 7.56814ms
Frame 368 end
Average processing time of GrabImageRGBD(): 7.56867ms
Frame 369 end
Average processing time of GrabImageRGBD(): 7.56856ms
Frame 370 end
Average processing time of GrabImageRGBD(): 7.55939ms
Frame 371 end
Average processing time of GrabImageRGBD(): 7.55052ms
Frame 372 end
Average processing time of GrabImageRGBD(): 7.55ms
Frame 373 end
Average processing time of GrabImageRGBD(): 7.55022ms
Frame 374 end
Average processing time of GrabImageRGBD(): 7.54696ms
Frame 375 end
Average processing time of GrabImageRGBD(): 7.54068ms
Frame 376 end
Average processing time of GrabImageRGBD(): 7.53806ms
Frame 377 end
Average processing time of GrabImageRGBD(): 7.53846ms
Frame 378 end
Average processing time of GrabImageRGBD(): 7.53985ms
Frame 379 end
Average processing time of GrabImageRGBD(): 7.52809ms
Frame 380 end
Average processing time of GrabImageRGBD(): 7.58044ms
Frame 381 end
Average processing time of GrabImageRGBD(): 7.57501ms
Frame 382 end
Average processing time of GrabImageRGBD(): 7.56329ms
Frame 383 end
Average processing time of GrabImageRGBD(): 7.56253ms
Frame 384 end
Average processing time of GrabImageRGBD(): 7.55301ms
Frame 385 end
Average processing time of GrabImageRGBD(): 7.55165ms
Frame 386 end
Average processing time of GrabImageRGBD(): 7.54971ms
Frame 387 end
Average processing time of GrabImageRGBD(): 7.53871ms
Frame 388 end
Average processing time of GrabImageRGBD(): 7.53378ms
Frame 389 end
Average processing time of GrabImageRGBD(): 7.53309ms
Frame 390 end
Average processing time of GrabImageRGBD(): 7.52086ms
Frame 391 end
Average processing time of GrabImageRGBD(): 7.57617ms
Frame 392 end
Average processing time of GrabImageRGBD(): 7.58004ms
Frame 393 end
Average processing time of GrabImageRGBD(): 7.5682ms
Frame 394 end
Average processing time of GrabImageRGBD(): 7.56847ms
Frame 395 end
Average processing time of GrabImageRGBD(): 7.62443ms
Frame 396 end
Average processing time of GrabImageRGBD(): 7.62836ms
Frame 397 end
Average processing time of GrabImageRGBD(): 7.6159ms
Frame 398 end
Average processing time of GrabImageRGBD(): 7.61705ms
Frame 399 end
Average processing time of GrabImageRGBD(): 7.61779ms
Frame 400 end
Average processing time of GrabImageRGBD(): 7.66833ms
Frame 401 end
Average processing time of GrabImageRGBD(): 7.66529ms
Frame 402 end
Average processing time of GrabImageRGBD(): 7.66615ms
Frame 403 end
Average processing time of GrabImageRGBD(): 7.66328ms
Frame 404 end
Average processing time of GrabImageRGBD(): 7.66241ms
Frame 405 end
Average processing time of GrabImageRGBD(): 7.71174ms
Frame 406 end
Average processing time of GrabImageRGBD(): 7.70603ms
Frame 407 end
Average processing time of GrabImageRGBD(): 7.69427ms
Frame 408 end
Average processing time of GrabImageRGBD(): 7.695ms
Frame 409 end
Average processing time of GrabImageRGBD(): 7.74486ms
Frame 410 end
Average processing time of GrabImageRGBD(): 7.73725ms
Frame 411 end
Average processing time of GrabImageRGBD(): 7.73411ms
Frame 412 end
Average processing time of GrabImageRGBD(): 7.73461ms
Frame 413 end
Average processing time of GrabImageRGBD(): 7.73377ms
Frame 414 end
Average processing time of GrabImageRGBD(): 7.72276ms
Frame 415 end
Average processing time of GrabImageRGBD(): 7.72301ms
Frame 416 end
Average processing time of GrabImageRGBD(): 7.78894ms
Frame 417 end
Average processing time of GrabImageRGBD(): 7.7841ms
Frame 418 end
Average processing time of GrabImageRGBD(): 7.77233ms
Frame 419 end
Average processing time of GrabImageRGBD(): 7.76275ms
Frame 420 end
Average processing time of GrabImageRGBD(): 7.76329ms
Frame 421 end
Average processing time of GrabImageRGBD(): 7.83874ms
Frame 422 end
Average processing time of GrabImageRGBD(): 7.84179ms
Frame 423 end
Average processing time of GrabImageRGBD(): 7.83061ms
Frame 424 end
Average processing time of GrabImageRGBD(): 7.82294ms
Frame 425 end
Average processing time of GrabImageRGBD(): 7.81226ms
Frame 426 end
Average processing time of GrabImageRGBD(): 7.86588ms
Frame 427 end
Average processing time of GrabImageRGBD(): 7.86743ms
Frame 428 end
Average processing time of GrabImageRGBD(): 7.85497ms
Frame 429 end
Average processing time of GrabImageRGBD(): 7.85363ms
Frame 430 end
Average processing time of GrabImageRGBD(): 7.85146ms
Frame 431 end
Average processing time of GrabImageRGBD(): 7.90038ms
Frame 432 end
Average processing time of GrabImageRGBD(): 7.90563ms
Frame 433 end
Average processing time of GrabImageRGBD(): 7.90373ms
Frame 434 end
Average processing time of GrabImageRGBD(): 7.90471ms
Frame 435 end
Average processing time of GrabImageRGBD(): 7.90362ms
Frame 436 end
Average processing time of GrabImageRGBD(): 7.95732ms
Frame 437 end
Average processing time of GrabImageRGBD(): 7.96186ms
Frame 438 end
Average processing time of GrabImageRGBD(): 7.95064ms
Frame 439 end
Average processing time of GrabImageRGBD(): 7.95222ms
Frame 440 end
Average processing time of GrabImageRGBD(): 7.95358ms
Frame 441 end
Average processing time of GrabImageRGBD(): 7.9482ms
Frame 442 end
Average processing time of GrabImageRGBD(): 7.9492ms
Frame 443 end
Average processing time of GrabImageRGBD(): 7.93804ms
Frame 444 end
Average processing time of GrabImageRGBD(): 7.93746ms
Frame 445 end
Average processing time of GrabImageRGBD(): 7.93669ms
Frame 446 end
Average processing time of GrabImageRGBD(): 8.00812ms
Frame 447 end
Average processing time of GrabImageRGBD(): 8.00324ms
Frame 448 end
Average processing time of GrabImageRGBD(): 7.99298ms
Frame 449 end
Average processing time of GrabImageRGBD(): 7.98584ms
Frame 450 end
Average processing time of GrabImageRGBD(): 7.9781ms
Frame 451 end
Average processing time of GrabImageRGBD(): 7.97792ms
Frame 452 end
Average processing time of GrabImageRGBD(): 7.96748ms
Frame 453 end
Average processing time of GrabImageRGBD(): 7.96817ms
Frame 454 end
Average processing time of GrabImageRGBD(): 7.95755ms
Frame 455 end
Average processing time of GrabImageRGBD(): 7.95274ms
Frame 456 end
Average processing time of GrabImageRGBD(): 7.95171ms
Frame 457 end
Average processing time of GrabImageRGBD(): 8.01281ms
Frame 458 end
Average processing time of GrabImageRGBD(): 8.01573ms
Frame 459 end
Average processing time of GrabImageRGBD(): 8.00479ms
Frame 460 end
Average processing time of GrabImageRGBD(): 8.00464ms
Frame 461 end
Average processing time of GrabImageRGBD(): 8.00303ms
Frame 462 end
Average processing time of GrabImageRGBD(): 8.00232ms
Frame 463 end
Average processing time of GrabImageRGBD(): 8.00089ms
Frame 464 end
Average processing time of GrabImageRGBD(): 7.99995ms
Frame 465 end
Average processing time of GrabImageRGBD(): 7.99882ms
Frame 466 end
Average processing time of GrabImageRGBD(): 7.99069ms
Frame 467 end
Average processing time of GrabImageRGBD(): 7.98965ms
Frame 468 end
Average processing time of GrabImageRGBD(): 7.98571ms
Frame 469 end
Average processing time of GrabImageRGBD(): 7.9844ms
Frame 470 end
Average processing time of GrabImageRGBD(): 7.98322ms
Frame 471 end
Average processing time of GrabImageRGBD(): 7.97311ms
Frame 472 end
Average processing time of GrabImageRGBD(): 7.96315ms
Frame 473 end
Average processing time of GrabImageRGBD(): 8.01045ms
Frame 474 end
Average processing time of GrabImageRGBD(): 8.01241ms
Frame 475 end
Average processing time of GrabImageRGBD(): 8.00176ms
Frame 476 end
Average processing time of GrabImageRGBD(): 8.00194ms
Frame 477 end
Average processing time of GrabImageRGBD(): 7.99274ms
Frame 478 end
Average processing time of GrabImageRGBD(): 8.03897ms
Frame 479 end
Average processing time of GrabImageRGBD(): 8.0309ms
Frame 480 end
Average processing time of GrabImageRGBD(): 8.02054ms
Frame 481 end
Average processing time of GrabImageRGBD(): 8.02136ms
Frame 482 end
Average processing time of GrabImageRGBD(): 8.01656ms
Frame 483 end
Average processing time of GrabImageRGBD(): 8.00557ms
Frame 484 end
Average processing time of GrabImageRGBD(): 7.99527ms
Frame 485 end
Average processing time of GrabImageRGBD(): 7.99548ms
Frame 486 end
Average processing time of GrabImageRGBD(): 7.98979ms
Frame 487 end
Average processing time of GrabImageRGBD(): 7.98236ms
Frame 488 end
Average processing time of GrabImageRGBD(): 7.97656ms
Frame 489 end
Average processing time of GrabImageRGBD(): 7.96704ms
Frame 490 end
Average processing time of GrabImageRGBD(): 7.96679ms
Frame 491 end
Average processing time of GrabImageRGBD(): 7.95749ms
Frame 492 end
Average processing time of GrabImageRGBD(): 8.00458ms
Frame 493 end
Average processing time of GrabImageRGBD(): 7.99799ms
Frame 494 end
Average processing time of GrabImageRGBD(): 7.98907ms
Frame 495 end
Average processing time of GrabImageRGBD(): 7.98185ms
Frame 496 end
Average processing time of GrabImageRGBD(): 7.97896ms
Frame 497 end
Average processing time of GrabImageRGBD(): 7.97088ms
Frame 498 end
Average processing time of GrabImageRGBD(): 7.9659ms
Frame 499 end
Average processing time of GrabImageRGBD(): 7.96433ms
Frame 500 end
Average processing time of GrabImageRGBD(): 7.96323ms
Frame 501 end
Average processing time of GrabImageRGBD(): 8.00747ms
Frame 502 end
Average processing time of GrabImageRGBD(): 8.00156ms
Frame 503 end
Average processing time of GrabImageRGBD(): 7.99099ms
Frame 504 end
Average processing time of GrabImageRGBD(): 7.98132ms
Frame 505 end
Average processing time of GrabImageRGBD(): 7.97731ms
Frame 506 end
Average processing time of GrabImageRGBD(): 7.97524ms
Frame 507 end
Average processing time of GrabImageRGBD(): 8.02117ms
Frame 508 end
Average processing time of GrabImageRGBD(): 8.01438ms
Frame 509 end
Average processing time of GrabImageRGBD(): 8.0044ms
Frame 510 end
Average processing time of GrabImageRGBD(): 7.9961ms
Frame 511 end
Average processing time of GrabImageRGBD(): 7.99582ms
Frame 512 end
Average processing time of GrabImageRGBD(): 7.99524ms
Frame 513 end
Average processing time of GrabImageRGBD(): 8.04027ms
Frame 514 end
Average processing time of GrabImageRGBD(): 8.04191ms
Frame 515 end
Average processing time of GrabImageRGBD(): 8.03189ms
Frame 516 end
Average processing time of GrabImageRGBD(): 8.02263ms
Frame 517 end
Average processing time of GrabImageRGBD(): 8.01498ms
Frame 518 end
Average processing time of GrabImageRGBD(): 8.00751ms
Frame 519 end
Average processing time of GrabImageRGBD(): 8.04594ms
Frame 520 end
Average processing time of GrabImageRGBD(): 8.04586ms
Frame 521 end
Average processing time of GrabImageRGBD(): 8.03618ms
Frame 522 end
Average processing time of GrabImageRGBD(): 8.03686ms
Frame 523 end
Average processing time of GrabImageRGBD(): 8.03141ms
Frame 524 end
Average processing time of GrabImageRGBD(): 8.03171ms
Frame 525 end
Average processing time of GrabImageRGBD(): 8.03166ms
Frame 526 end
Average processing time of GrabImageRGBD(): 8.03108ms
Frame 527 end
Average processing time of GrabImageRGBD(): 8.02426ms
Frame 528 end
Average processing time of GrabImageRGBD(): 8.06884ms
Frame 529 end
Average processing time of GrabImageRGBD(): 8.07097ms
Frame 530 end
Average processing time of GrabImageRGBD(): 8.06158ms
Frame 531 end
Average processing time of GrabImageRGBD(): 8.06132ms
Frame 532 end
Average processing time of GrabImageRGBD(): 8.06045ms
Frame 533 end
Average processing time of GrabImageRGBD(): 8.06215ms
Frame 534 end
Average processing time of GrabImageRGBD(): 8.10153ms
Frame 535 end
Average processing time of GrabImageRGBD(): 8.09442ms
Frame 536 end
Average processing time of GrabImageRGBD(): 8.08561ms
Frame 537 end
Average processing time of GrabImageRGBD(): 8.07717ms
Frame 538 end
Average processing time of GrabImageRGBD(): 8.07622ms
Frame 539 end
Average processing time of GrabImageRGBD(): 8.07372ms
Frame 540 end
Average processing time of GrabImageRGBD(): 8.11167ms
Frame 541 end
Average processing time of GrabImageRGBD(): 8.11945ms
Frame 542 end
Average processing time of GrabImageRGBD(): 8.11433ms
Frame 543 end
Average processing time of GrabImageRGBD(): 8.10627ms
Frame 544 end
Average processing time of GrabImageRGBD(): 8.10201ms
Frame 545 end
Average processing time of GrabImageRGBD(): 8.09729ms
Frame 546 end
Average processing time of GrabImageRGBD(): 8.09017ms
Frame 547 end
Average processing time of GrabImageRGBD(): 8.08954ms
Frame 548 end
Average processing time of GrabImageRGBD(): 8.1266ms
Frame 549 end
Average processing time of GrabImageRGBD(): 8.12764ms
Frame 550 end
Average processing time of GrabImageRGBD(): 8.1179ms
Frame 551 end
Average processing time of GrabImageRGBD(): 8.11316ms
Frame 552 end
Average processing time of GrabImageRGBD(): 8.10457ms
Frame 553 end
Average processing time of GrabImageRGBD(): 8.10143ms
Frame 554 end
Average processing time of GrabImageRGBD(): 8.09855ms
Frame 555 end
Average processing time of GrabImageRGBD(): 8.13872ms
Frame 556 end
Average processing time of GrabImageRGBD(): 8.13299ms
Frame 557 end
Average processing time of GrabImageRGBD(): 8.12342ms
Frame 558 end
Average processing time of GrabImageRGBD(): 8.11931ms
Frame 559 end
Average processing time of GrabImageRGBD(): 8.12105ms
Frame 560 end
Average processing time of GrabImageRGBD(): 8.11377ms
Frame 561 end
Average processing time of GrabImageRGBD(): 8.10511ms
Frame 562 end
Average processing time of GrabImageRGBD(): 8.10567ms
Frame 563 end
Average processing time of GrabImageRGBD(): 8.09734ms
Frame 564 end
Average processing time of GrabImageRGBD(): 8.09646ms
Frame 565 end
Average processing time of GrabImageRGBD(): 8.08925ms
Frame 566 end
Average processing time of GrabImageRGBD(): 8.08935ms
Frame 567 end
Average processing time of GrabImageRGBD(): 8.13072ms
Frame 568 end
Average processing time of GrabImageRGBD(): 8.13343ms
Frame 569 end
Average processing time of GrabImageRGBD(): 8.12416ms
Frame 570 end
Average processing time of GrabImageRGBD(): 8.12324ms
Frame 571 end
Average processing time of GrabImageRGBD(): 8.12259ms
Frame 572 end
Average processing time of GrabImageRGBD(): 8.11473ms
Frame 573 end
Average processing time of GrabImageRGBD(): 8.10652ms
Frame 574 end
Average processing time of GrabImageRGBD(): 8.14639ms
Frame 575 end
Average processing time of GrabImageRGBD(): 8.14594ms
Frame 576 end
Average processing time of GrabImageRGBD(): 8.146ms
Frame 577 end
Average processing time of GrabImageRGBD(): 8.14365ms
Frame 578 end
Average processing time of GrabImageRGBD(): 8.14334ms
Frame 579 end
Average processing time of GrabImageRGBD(): 8.13978ms
Frame 580 end
Average processing time of GrabImageRGBD(): 8.13632ms
Frame 581 end
Average processing time of GrabImageRGBD(): 8.17082ms
Frame 582 end
Average processing time of GrabImageRGBD(): 8.17306ms
Frame 583 end
Average processing time of GrabImageRGBD(): 8.16525ms
Frame 584 end
Average processing time of GrabImageRGBD(): 8.15767ms
Frame 585 end
Average processing time of GrabImageRGBD(): 8.15488ms
Frame 586 end
Average processing time of GrabImageRGBD(): 8.15344ms
Frame 587 end
Average processing time of GrabImageRGBD(): 8.14535ms
Frame 588 end
Average processing time of GrabImageRGBD(): 8.19435ms
Frame 589 end
Average processing time of GrabImageRGBD(): 8.19686ms
Frame 590 end
Average processing time of GrabImageRGBD(): 8.19684ms
Frame 591 end
Average processing time of GrabImageRGBD(): 8.18878ms
Frame 592 end
Average processing time of GrabImageRGBD(): 8.18832ms
Frame 593 end
Average processing time of GrabImageRGBD(): 8.18778ms
Frame 594 end
Average processing time of GrabImageRGBD(): 8.18751ms
Frame 595 end
Average processing time of GrabImageRGBD(): 8.22152ms
Frame 596 end
Average processing time of GrabImageRGBD(): 8.21536ms
Frame 597 end
Average processing time of GrabImageRGBD(): 8.21442ms
Frame 598 end
Average processing time of GrabImageRGBD(): 8.20542ms
Frame 599 end
Average processing time of GrabImageRGBD(): 8.20525ms
Frame 600 end
Average processing time of GrabImageRGBD(): 8.20506ms
Frame 601 end
Average processing time of GrabImageRGBD(): 8.24091ms
Frame 602 end
Average processing time of GrabImageRGBD(): 8.23684ms
Frame 603 end
Average processing time of GrabImageRGBD(): 8.2293ms
Frame 604 end
Average processing time of GrabImageRGBD(): 8.22789ms
Frame 605 end
Average processing time of GrabImageRGBD(): 8.22827ms
Frame 606 end
Average processing time of GrabImageRGBD(): 8.22843ms
Frame 607 end
Average processing time of GrabImageRGBD(): 8.2674ms
Frame 608 end
Average processing time of GrabImageRGBD(): 8.26683ms
Frame 609 end
Average processing time of GrabImageRGBD(): 8.26787ms
Frame 610 end
Average processing time of GrabImageRGBD(): 8.26017ms
Frame 611 end
Average processing time of GrabImageRGBD(): 8.25287ms
Frame 612 end
Average processing time of GrabImageRGBD(): 8.25289ms
Frame 613 end
Average processing time of GrabImageRGBD(): 8.24487ms
Frame 614 end
Average processing time of GrabImageRGBD(): 8.28181ms
Frame 615 end
Average processing time of GrabImageRGBD(): 8.28491ms
Frame 616 end
Average processing time of GrabImageRGBD(): 8.2864ms
Frame 617 end
Average processing time of GrabImageRGBD(): 8.2879ms
Frame 618 end
Average processing time of GrabImageRGBD(): 8.28831ms
Frame 619 end
Average processing time of GrabImageRGBD(): 8.28086ms
Frame 620 end
Average processing time of GrabImageRGBD(): 8.28106ms
Frame 621 end
Average processing time of GrabImageRGBD(): 8.27316ms
Frame 622 end
Average processing time of GrabImageRGBD(): 8.26941ms
Frame 623 end
Average processing time of GrabImageRGBD(): 8.30344ms
Frame 624 end
Average processing time of GrabImageRGBD(): 8.30586ms
Frame 625 end
Average processing time of GrabImageRGBD(): 8.29839ms
Frame 626 end
Average processing time of GrabImageRGBD(): 8.29924ms
Frame 627 end
Average processing time of GrabImageRGBD(): 8.29578ms
Frame 628 end
Average processing time of GrabImageRGBD(): 8.29252ms
Frame 629 end
Average processing time of GrabImageRGBD(): 8.28496ms
Frame 630 end
Average processing time of GrabImageRGBD(): 8.28135ms
Frame 631 end
Average processing time of GrabImageRGBD(): 8.31932ms
Frame 632 end
Average processing time of GrabImageRGBD(): 8.31581ms
Frame 633 end
Average processing time of GrabImageRGBD(): 8.31537ms
Frame 634 end
Average processing time of GrabImageRGBD(): 8.31203ms
Frame 635 end
Average processing time of GrabImageRGBD(): 8.31153ms
Frame 636 end
Average processing time of GrabImageRGBD(): 8.30371ms
Frame 637 end
Average processing time of GrabImageRGBD(): 8.30239ms
Frame 638 end
Average processing time of GrabImageRGBD(): 8.33885ms
Frame 639 end
Average processing time of GrabImageRGBD(): 8.33902ms
Frame 640 end
Average processing time of GrabImageRGBD(): 8.33805ms
Frame 641 end
Average processing time of GrabImageRGBD(): 8.3298ms
Frame 642 end
Average processing time of GrabImageRGBD(): 8.32729ms
Frame 643 end
Average processing time of GrabImageRGBD(): 8.32075ms
Frame 644 end
Average processing time of GrabImageRGBD(): 8.31759ms
Frame 645 end
Average processing time of GrabImageRGBD(): 8.35489ms
Frame 646 end
Average processing time of GrabImageRGBD(): 8.35715ms
Frame 647 end
Average processing time of GrabImageRGBD(): 8.358ms
Frame 648 end
Average processing time of GrabImageRGBD(): 8.35303ms
Frame 649 end
Average processing time of GrabImageRGBD(): 8.35193ms
Frame 650 end
Average processing time of GrabImageRGBD(): 8.34416ms
Frame 651 end
Average processing time of GrabImageRGBD(): 8.33623ms
Frame 652 end
Average processing time of GrabImageRGBD(): 8.32905ms
Frame 653 end
Average processing time of GrabImageRGBD(): 8.35982ms
Frame 654 end
Average processing time of GrabImageRGBD(): 8.35578ms
Frame 655 end
Average processing time of GrabImageRGBD(): 8.35424ms
Frame 656 end
Average processing time of GrabImageRGBD(): 8.35209ms
Frame 657 end
Average processing time of GrabImageRGBD(): 8.34394ms
Frame 658 end
Average processing time of GrabImageRGBD(): 8.34176ms
Frame 659 end
Average processing time of GrabImageRGBD(): 8.3344ms
Frame 660 end
Average processing time of GrabImageRGBD(): 8.33145ms
Frame 661 end
Average processing time of GrabImageRGBD(): 8.3641ms
Frame 662 end
Average processing time of GrabImageRGBD(): 8.36434ms
Frame 663 end
Average processing time of GrabImageRGBD(): 8.35885ms
Frame 664 end
Average processing time of GrabImageRGBD(): 8.35388ms
Frame 665 end
Average processing time of GrabImageRGBD(): 8.34614ms
Frame 666 end
Average processing time of GrabImageRGBD(): 8.33918ms
Frame 667 end
Average processing time of GrabImageRGBD(): 8.33132ms
Frame 668 end
Average processing time of GrabImageRGBD(): 8.32842ms
Frame 669 end
Average processing time of GrabImageRGBD(): 8.36122ms
Frame 670 end
Average processing time of GrabImageRGBD(): 8.35495ms
Frame 671 end
Average processing time of GrabImageRGBD(): 8.3474ms
Frame 672 end
Average processing time of GrabImageRGBD(): 8.34571ms
Frame 673 end
Average processing time of GrabImageRGBD(): 8.34445ms
Frame 674 end
Average processing time of GrabImageRGBD(): 8.33667ms
Frame 675 end
Average processing time of GrabImageRGBD(): 8.33461ms
Frame 676 end
Average processing time of GrabImageRGBD(): 8.33264ms
Frame 677 end
Average processing time of GrabImageRGBD(): 8.36568ms
Frame 678 end
Average processing time of GrabImageRGBD(): 8.36587ms
Frame 679 end
Average processing time of GrabImageRGBD(): 8.35977ms
Frame 680 end
Average processing time of GrabImageRGBD(): 8.35277ms
Frame 681 end
Average processing time of GrabImageRGBD(): 8.35081ms
Frame 682 end
Average processing time of GrabImageRGBD(): 8.3484ms
Frame 683 end
Average processing time of GrabImageRGBD(): 8.3458ms
Frame 684 end
Average processing time of GrabImageRGBD(): 8.34015ms
Frame 685 end
Average processing time of GrabImageRGBD(): 8.37232ms
Frame 686 end
Average processing time of GrabImageRGBD(): 8.37209ms
Frame 687 end
Average processing time of GrabImageRGBD(): 8.36444ms
Frame 688 end
Average processing time of GrabImageRGBD(): 8.3616ms
Frame 689 end
Average processing time of GrabImageRGBD(): 8.3589ms
Frame 690 end
Average processing time of GrabImageRGBD(): 8.35129ms
Frame 691 end
Average processing time of GrabImageRGBD(): 8.34485ms
Frame 692 end
Average processing time of GrabImageRGBD(): 8.33702ms
Frame 693 end
Average processing time of GrabImageRGBD(): 8.36793ms
Frame 694 end
Average processing time of GrabImageRGBD(): 8.36264ms
Frame 695 end
Average processing time of GrabImageRGBD(): 8.35559ms
Frame 696 end
Average processing time of GrabImageRGBD(): 8.3536ms
Frame 697 end
Average processing time of GrabImageRGBD(): 8.35169ms
Frame 698 end
Average processing time of GrabImageRGBD(): 8.34937ms
Frame 699 end
Average processing time of GrabImageRGBD(): 8.34383ms
Frame 700 end
Average processing time of GrabImageRGBD(): 8.3425ms
Frame 701 end
Average processing time of GrabImageRGBD(): 8.3717ms
Frame 702 end
Average processing time of GrabImageRGBD(): 8.37266ms
Frame 703 end
Average processing time of GrabImageRGBD(): 8.36513ms
Frame 704 end
Average processing time of GrabImageRGBD(): 8.35813ms
Frame 705 end
Average processing time of GrabImageRGBD(): 8.35128ms
Frame 706 end
Average processing time of GrabImageRGBD(): 8.34903ms
Frame 707 end
Average processing time of GrabImageRGBD(): 8.347ms
Frame 708 end
Average processing time of GrabImageRGBD(): 8.33956ms
Frame 709 end
Average processing time of GrabImageRGBD(): 8.37219ms
Frame 710 end
Average processing time of GrabImageRGBD(): 8.3705ms
Frame 711 end
Average processing time of GrabImageRGBD(): 8.36493ms
Frame 712 end
Average processing time of GrabImageRGBD(): 8.36027ms
Frame 713 end
Average processing time of GrabImageRGBD(): 8.3545ms
Frame 714 end
Average processing time of GrabImageRGBD(): 8.35174ms
Frame 715 end
Average processing time of GrabImageRGBD(): 8.34964ms
Frame 716 end
Average processing time of GrabImageRGBD(): 8.34572ms
Frame 717 end
Average processing time of GrabImageRGBD(): 8.37573ms
Frame 718 end
Average processing time of GrabImageRGBD(): 8.37717ms
Frame 719 end
Average processing time of GrabImageRGBD(): 8.37432ms
Frame 720 end
Average processing time of GrabImageRGBD(): 8.37344ms
Frame 721 end
Average processing time of GrabImageRGBD(): 8.36782ms
Frame 722 end
Average processing time of GrabImageRGBD(): 8.36679ms
Frame 723 end
Average processing time of GrabImageRGBD(): 8.35961ms
Frame 724 end
Average processing time of GrabImageRGBD(): 8.35316ms
Frame 725 end
Average processing time of GrabImageRGBD(): 8.38182ms
Frame 726 end
Average processing time of GrabImageRGBD(): 8.38302ms
Frame 727 end
Average processing time of GrabImageRGBD(): 8.38196ms
Frame 728 end
Average processing time of GrabImageRGBD(): 8.37623ms
Frame 729 end
Average processing time of GrabImageRGBD(): 8.3722ms
Frame 730 end
Average processing time of GrabImageRGBD(): 8.36873ms
Frame 731 end
Average processing time of GrabImageRGBD(): 8.36575ms
Frame 732 end
Average processing time of GrabImageRGBD(): 8.36147ms
Frame 733 end
Average processing time of GrabImageRGBD(): 8.39002ms
Frame 734 end
Average processing time of GrabImageRGBD(): 8.39087ms
Frame 735 end
Average processing time of GrabImageRGBD(): 8.38919ms
Frame 736 end
Average processing time of GrabImageRGBD(): 8.38794ms
Frame 737 end
Average processing time of GrabImageRGBD(): 8.38576ms
Frame 738 end
Average processing time of GrabImageRGBD(): 8.3834ms
Frame 739 end
Average processing time of GrabImageRGBD(): 8.37604ms
Frame 740 end
Average processing time of GrabImageRGBD(): 8.41272ms
Frame 741 end
Average processing time of GrabImageRGBD(): 8.41265ms
Frame 742 end
Average processing time of GrabImageRGBD(): 8.40937ms
Frame 743 end
Average processing time of GrabImageRGBD(): 8.40432ms
Frame 744 end
Average processing time of GrabImageRGBD(): 8.40088ms
Frame 745 end
Average processing time of GrabImageRGBD(): 8.39345ms
Frame 746 end
Average processing time of GrabImageRGBD(): 8.38663ms
Frame 747 end
Average processing time of GrabImageRGBD(): 8.38434ms
Frame 748 end
Average processing time of GrabImageRGBD(): 8.41212ms
Frame 749 end
Average processing time of GrabImageRGBD(): 8.41176ms
Frame 750 end
Average processing time of GrabImageRGBD(): 8.40532ms
Frame 751 end
Average processing time of GrabImageRGBD(): 8.40208ms
Frame 752 end
Average processing time of GrabImageRGBD(): 8.4ms
Frame 753 end
Average processing time of GrabImageRGBD(): 8.39771ms
Frame 754 end
Average processing time of GrabImageRGBD(): 8.39096ms
Frame 755 end
Average processing time of GrabImageRGBD(): 8.38391ms
Frame 756 end
Average processing time of GrabImageRGBD(): 8.41386ms
Frame 757 end
Average processing time of GrabImageRGBD(): 8.41367ms
Frame 758 end
Average processing time of GrabImageRGBD(): 8.40736ms
Frame 759 end
Average processing time of GrabImageRGBD(): 8.40077ms
Frame 760 end
Average processing time of GrabImageRGBD(): 8.40091ms
Frame 761 end
Average processing time of GrabImageRGBD(): 8.39555ms
Frame 762 end
Average processing time of GrabImageRGBD(): 8.3902ms
Frame 763 end
Average processing time of GrabImageRGBD(): 8.38337ms
Frame 764 end
Average processing time of GrabImageRGBD(): 8.38226ms
Frame 765 end
Average processing time of GrabImageRGBD(): 8.3815ms
Frame 766 end
Average processing time of GrabImageRGBD(): 8.38089ms
Frame 767 end
Average processing time of GrabImageRGBD(): 8.38011ms
Frame 768 end
Average processing time of GrabImageRGBD(): 8.37338ms
Frame 769 end
Average processing time of GrabImageRGBD(): 8.37206ms
Frame 770 end
Average processing time of GrabImageRGBD(): 8.40294ms
Frame 771 end
Average processing time of GrabImageRGBD(): 8.40423ms
Frame 772 end
Average processing time of GrabImageRGBD(): 8.3974ms
Frame 773 end
Average processing time of GrabImageRGBD(): 8.39373ms
Frame 774 end
Average processing time of GrabImageRGBD(): 8.38833ms
Frame 775 end
Average processing time of GrabImageRGBD(): 8.382ms
Frame 776 end
Average processing time of GrabImageRGBD(): 8.37507ms
Frame 777 end
Average processing time of GrabImageRGBD(): 8.40393ms
Frame 778 end
Average processing time of GrabImageRGBD(): 8.40377ms
Frame 779 end
Average processing time of GrabImageRGBD(): 8.40345ms
Frame 780 end
Average processing time of GrabImageRGBD(): 8.40319ms
Frame 781 end
Average processing time of GrabImageRGBD(): 8.39918ms
Frame 782 end
Average processing time of GrabImageRGBD(): 8.39681ms
Frame 783 end
Average processing time of GrabImageRGBD(): 8.39525ms
Frame 784 end
Average processing time of GrabImageRGBD(): 8.42561ms
Frame 785 end
Average processing time of GrabImageRGBD(): 8.42279ms
Frame 786 end
Average processing time of GrabImageRGBD(): 8.41798ms
Frame 787 end
Average processing time of GrabImageRGBD(): 8.4134ms
Frame 788 end
Average processing time of GrabImageRGBD(): 8.40735ms
Frame 789 end
Average processing time of GrabImageRGBD(): 8.40039ms
Frame 790 end
Average processing time of GrabImageRGBD(): 8.39967ms
Frame 791 end
Average processing time of GrabImageRGBD(): 8.4299ms
Frame 792 end
Average processing time of GrabImageRGBD(): 8.42499ms
Frame 793 end
Average processing time of GrabImageRGBD(): 8.42832ms
Frame 794 end
Average processing time of GrabImageRGBD(): 8.42691ms
Frame 795 end
Average processing time of GrabImageRGBD(): 8.42729ms
Frame 796 end
Average processing time of GrabImageRGBD(): 8.43075ms
Frame 797 end
Average processing time of GrabImageRGBD(): 8.43043ms
Frame 798 end
Average processing time of GrabImageRGBD(): 8.46085ms
Frame 799 end
Average processing time of GrabImageRGBD(): 8.46173ms
Frame 800 end
Average processing time of GrabImageRGBD(): 8.46403ms
Frame 801 end
Average processing time of GrabImageRGBD(): 8.46731ms
Frame 802 end
Average processing time of GrabImageRGBD(): 8.46704ms
Frame 803 end
Average processing time of GrabImageRGBD(): 8.47169ms
Frame 804 end
Average processing time of GrabImageRGBD(): 8.47485ms
Frame 805 end
Average processing time of GrabImageRGBD(): 8.5086ms
Frame 806 end
Average processing time of GrabImageRGBD(): 8.51451ms
Frame 807 end
Average processing time of GrabImageRGBD(): 8.51569ms
Frame 808 end
Average processing time of GrabImageRGBD(): 8.5201ms
Frame 809 end
Average processing time of GrabImageRGBD(): 8.53503ms
Frame 810 end
Average processing time of GrabImageRGBD(): 8.53438ms
Frame 811 end
Average processing time of GrabImageRGBD(): 8.5383ms
Frame 812 end
Average processing time of GrabImageRGBD(): 8.54208ms
Frame 813 end
Average processing time of GrabImageRGBD(): 8.57972ms
Frame 814 end
Average processing time of GrabImageRGBD(): 8.58699ms
Frame 815 end
Average processing time of GrabImageRGBD(): 8.58785ms
Frame 816 end
Average processing time of GrabImageRGBD(): 8.59307ms
Frame 817 end
Average processing time of GrabImageRGBD(): 8.59712ms
Frame 818 end
Average processing time of GrabImageRGBD(): 8.5962ms
Frame 819 end
Average processing time of GrabImageRGBD(): 8.59622ms
Frame 820 end
Average processing time of GrabImageRGBD(): 8.63353ms
Frame 821 end
Average processing time of GrabImageRGBD(): 8.63758ms
Frame 822 end
Average processing time of GrabImageRGBD(): 8.64014ms
Frame 823 end
Average processing time of GrabImageRGBD(): 8.64105ms
Frame 824 end
Average processing time of GrabImageRGBD(): 8.64703ms
Frame 825 end
Average processing time of GrabImageRGBD(): 8.64592ms
Frame 826 end
Average processing time of GrabImageRGBD(): 8.64937ms
Frame 827 end
Average processing time of GrabImageRGBD(): 8.65195ms
Frame 828 end
Average processing time of GrabImageRGBD(): 8.68546ms
Frame 829 end
Average processing time of GrabImageRGBD(): 8.6892ms
Frame 830 end
Average processing time of GrabImageRGBD(): 8.6894ms
Frame 831 end
Average processing time of GrabImageRGBD(): 8.68983ms
Frame 832 end
Average processing time of GrabImageRGBD(): 8.69349ms
Frame 833 end
Average processing time of GrabImageRGBD(): 8.69487ms
Frame 834 end
Average processing time of GrabImageRGBD(): 8.69764ms
Frame 835 end
Average processing time of GrabImageRGBD(): 8.69927ms
Frame 836 end
Average processing time of GrabImageRGBD(): 8.73235ms
Frame 837 end
Average processing time of GrabImageRGBD(): 8.73498ms
Frame 838 end
Average processing time of GrabImageRGBD(): 8.73265ms
Frame 839 end
Average processing time of GrabImageRGBD(): 8.73452ms
Frame 840 end
Average processing time of GrabImageRGBD(): 8.73348ms
Frame 841 end
Average processing time of GrabImageRGBD(): 8.73716ms
Frame 842 end
Average processing time of GrabImageRGBD(): 8.73812ms
Frame 843 end
Average processing time of GrabImageRGBD(): 8.7414ms
Frame 844 end
Average processing time of GrabImageRGBD(): 8.74299ms
Frame 845 end
Average processing time of GrabImageRGBD(): 8.74493ms
Frame 846 end
Average processing time of GrabImageRGBD(): 8.74073ms
Frame 847 end
Average processing time of GrabImageRGBD(): 8.74238ms
Frame 848 end
Average processing time of GrabImageRGBD(): 8.74411ms
Frame 849 end
Average processing time of GrabImageRGBD(): 8.74733ms
Frame 850 end
Average processing time of GrabImageRGBD(): 8.74269ms
Frame 851 end
Average processing time of GrabImageRGBD(): 8.73962ms
Frame 852 end
Average processing time of GrabImageRGBD(): 8.7711ms
Frame 853 end
Average processing time of GrabImageRGBD(): 8.77752ms
Frame 854 end
Average processing time of GrabImageRGBD(): 8.78118ms
Frame 855 end
Average processing time of GrabImageRGBD(): 8.78371ms
Frame 856 end
Average processing time of GrabImageRGBD(): 8.78163ms
Frame 857 end
Average processing time of GrabImageRGBD(): 8.77718ms
Frame 858 end
Average processing time of GrabImageRGBD(): 8.77953ms
Frame 859 end
Average processing time of GrabImageRGBD(): 8.78187ms
Frame 860 end
Average processing time of GrabImageRGBD(): 8.78431ms
Frame 861 end
Average processing time of GrabImageRGBD(): 8.78742ms
Frame 862 end
Average processing time of GrabImageRGBD(): 8.7836ms
Frame 863 end
Average processing time of GrabImageRGBD(): 8.8184ms
Frame 864 end
Average processing time of GrabImageRGBD(): 8.82215ms
Frame 865 end
Average processing time of GrabImageRGBD(): 8.82469ms
Frame 866 end
Average processing time of GrabImageRGBD(): 8.82777ms
Frame 867 end
Average processing time of GrabImageRGBD(): 8.82949ms
Frame 868 end
Average processing time of GrabImageRGBD(): 8.83085ms
Frame 869 end
Average processing time of GrabImageRGBD(): 8.83273ms
Frame 870 end
Average processing time of GrabImageRGBD(): 8.82828ms
Frame 871 end
Average processing time of GrabImageRGBD(): 8.83087ms
Frame 872 end
Average processing time of GrabImageRGBD(): 8.83102ms
Frame 873 end
Average processing time of GrabImageRGBD(): 8.8657ms
Frame 874 end
Average processing time of GrabImageRGBD(): 8.86962ms
Frame 875 end
Average processing time of GrabImageRGBD(): 8.87358ms
Frame 876 end
Average processing time of GrabImageRGBD(): 8.87834ms
Frame 877 end
Average processing time of GrabImageRGBD(): 8.88151ms
Frame 878 end
Average processing time of GrabImageRGBD(): 8.88565ms
Frame 879 end
Average processing time of GrabImageRGBD(): 8.88995ms
Frame 880 end
Average processing time of GrabImageRGBD(): 8.89462ms
Frame 881 end
Average processing time of GrabImageRGBD(): 8.89837ms
Frame 882 end
Average processing time of GrabImageRGBD(): 8.93171ms
Frame 883 end
Average processing time of GrabImageRGBD(): 8.93548ms
Frame 884 end
Average processing time of GrabImageRGBD(): 8.93869ms
Frame 885 end
Average processing time of GrabImageRGBD(): 8.94096ms
Frame 886 end
Average processing time of GrabImageRGBD(): 8.94236ms
Frame 887 end
Average processing time of GrabImageRGBD(): 8.94613ms
Frame 888 end
Average processing time of GrabImageRGBD(): 8.94725ms
Frame 889 end
Average processing time of GrabImageRGBD(): 8.95031ms
Frame 890 end
Average processing time of GrabImageRGBD(): 8.94715ms
Frame 891 end
Average processing time of GrabImageRGBD(): 8.97977ms
Frame 892 end
Average processing time of GrabImageRGBD(): 8.98444ms
Frame 893 end
Average processing time of GrabImageRGBD(): 8.98712ms
Frame 894 end
Average processing time of GrabImageRGBD(): 8.99237ms
Frame 895 end
Average processing time of GrabImageRGBD(): 8.99614ms
Frame 896 end
Average processing time of GrabImageRGBD(): 8.99892ms
Frame 897 end
Average processing time of GrabImageRGBD(): 9.00081ms
Frame 898 end
Average processing time of GrabImageRGBD(): 9.00361ms
Frame 899 end
Average processing time of GrabImageRGBD(): 9.03609ms
Frame 900 end
Average processing time of GrabImageRGBD(): 9.03911ms
Frame 901 end
Average processing time of GrabImageRGBD(): 9.05902ms
Frame 902 end
Average processing time of GrabImageRGBD(): 9.06408ms
Frame 903 end
Average processing time of GrabImageRGBD(): 9.06704ms
Frame 904 end
Average processing time of GrabImageRGBD(): 9.07399ms
Frame 905 end
Average processing time of GrabImageRGBD(): 9.07752ms
Frame 906 end
Average processing time of GrabImageRGBD(): 9.08046ms
Frame 907 end
Average processing time of GrabImageRGBD(): 9.08467ms
Frame 908 end
Average processing time of GrabImageRGBD(): 9.08842ms
Frame 909 end
Average processing time of GrabImageRGBD(): 9.09388ms
Frame 910 end
Average processing time of GrabImageRGBD(): 9.09542ms
Frame 911 end
Average processing time of GrabImageRGBD(): 9.0976ms
Frame 912 end
Average processing time of GrabImageRGBD(): 9.1006ms
Frame 913 end
Average processing time of GrabImageRGBD(): 9.1029ms
Frame 914 end
Average processing time of GrabImageRGBD(): 9.13392ms
Frame 915 end
Average processing time of GrabImageRGBD(): 9.14176ms
Frame 916 end
Average processing time of GrabImageRGBD(): 9.15056ms
Frame 917 end
Average processing time of GrabImageRGBD(): 9.15772ms
Frame 918 end
Average processing time of GrabImageRGBD(): 9.16234ms
Frame 919 end
Average processing time of GrabImageRGBD(): 9.16669ms
Frame 920 end
Average processing time of GrabImageRGBD(): 9.16889ms
Frame 921 end
Average processing time of GrabImageRGBD(): 9.19847ms
Frame 922 end
Average processing time of GrabImageRGBD(): 9.20239ms
Frame 923 end
Average processing time of GrabImageRGBD(): 9.20496ms
Frame 924 end
Average processing time of GrabImageRGBD(): 9.20703ms
Frame 925 end
Average processing time of GrabImageRGBD(): 9.21101ms
Frame 926 end
Average processing time of GrabImageRGBD(): 9.21455ms
Frame 927 end
Average processing time of GrabImageRGBD(): 9.21924ms
Frame 928 end
Average processing time of GrabImageRGBD(): 9.22282ms
Frame 929 end
Average processing time of GrabImageRGBD(): 9.22516ms
Frame 930 end
Average processing time of GrabImageRGBD(): 9.22883ms
Frame 931 end
Average processing time of GrabImageRGBD(): 9.23186ms
Frame 932 end
Average processing time of GrabImageRGBD(): 9.23427ms
Frame 933 end
Average processing time of GrabImageRGBD(): 9.2366ms
Frame 934 end
Average processing time of GrabImageRGBD(): 9.24174ms
Frame 935 end
Average processing time of GrabImageRGBD(): 9.24554ms
Frame 936 end
Average processing time of GrabImageRGBD(): 9.24843ms
Frame 937 end
Average processing time of GrabImageRGBD(): 9.251ms
Frame 938 end
Average processing time of GrabImageRGBD(): 9.25654ms
Frame 939 end
Average processing time of GrabImageRGBD(): 9.26135ms
Frame 940 end
Average processing time of GrabImageRGBD(): 9.26294ms
Frame 941 end
Average processing time of GrabImageRGBD(): 9.26671ms
Frame 942 end
Average processing time of GrabImageRGBD(): 9.27076ms
Frame 943 end
Average processing time of GrabImageRGBD(): 9.27215ms
Frame 944 end
Average processing time of GrabImageRGBD(): 9.27334ms
Frame 945 end
Average processing time of GrabImageRGBD(): 9.27419ms
Frame 946 end
Average processing time of GrabImageRGBD(): 9.30303ms
Frame 947 end
Average processing time of GrabImageRGBD(): 9.30792ms
Frame 948 end
Average processing time of GrabImageRGBD(): 9.31146ms
Frame 949 end
Average processing time of GrabImageRGBD(): 9.31331ms
Frame 950 end
Average processing time of GrabImageRGBD(): 9.3184ms
Frame 951 end
Average processing time of GrabImageRGBD(): 9.32089ms
Frame 952 end
Average processing time of GrabImageRGBD(): 9.31836ms
Frame 953 end
Average processing time of GrabImageRGBD(): 9.31911ms
Frame 954 end
Average processing time of GrabImageRGBD(): 9.31771ms
Frame 955 end
Average processing time of GrabImageRGBD(): 9.34511ms
Frame 956 end
Average processing time of GrabImageRGBD(): 9.34861ms
Frame 957 end
Average processing time of GrabImageRGBD(): 9.35042ms
Frame 958 end
Average processing time of GrabImageRGBD(): 9.34858ms
Frame 959 end
Average processing time of GrabImageRGBD(): 9.35072ms
Frame 960 end
Average processing time of GrabImageRGBD(): 9.35668ms
Frame 961 end
Average processing time of GrabImageRGBD(): 9.35467ms
Frame 962 end
Average processing time of GrabImageRGBD(): 9.35556ms
Frame 963 end
Average processing time of GrabImageRGBD(): 9.35555ms
Frame 964 end
Average processing time of GrabImageRGBD(): 9.35314ms
Frame 965 end
Average processing time of GrabImageRGBD(): 9.38268ms
Frame 966 end
Average processing time of GrabImageRGBD(): 9.38502ms
Frame 967 end
Average processing time of GrabImageRGBD(): 9.38349ms
Frame 968 end
Average processing time of GrabImageRGBD(): 9.38152ms
Frame 969 end
Average processing time of GrabImageRGBD(): 9.3798ms
Frame 970 end
Average processing time of GrabImageRGBD(): 9.38167ms
Frame 971 end
Average processing time of GrabImageRGBD(): 9.37952ms
Frame 972 end
Average processing time of GrabImageRGBD(): 9.38128ms
Frame 973 end
Average processing time of GrabImageRGBD(): 9.38002ms
Frame 974 end
Average processing time of GrabImageRGBD(): 9.37543ms
Frame 975 end
Average processing time of GrabImageRGBD(): 9.37757ms
Frame 976 end
Average processing time of GrabImageRGBD(): 9.40802ms
Frame 977 end
Average processing time of GrabImageRGBD(): 9.40923ms
Frame 978 end
Average processing time of GrabImageRGBD(): 9.41077ms
Frame 979 end
Average processing time of GrabImageRGBD(): 9.41313ms
Frame 980 end
Average processing time of GrabImageRGBD(): 9.41492ms
Frame 981 end
Average processing time of GrabImageRGBD(): 9.41735ms
Frame 982 end
Average processing time of GrabImageRGBD(): 9.41915ms
Frame 983 end
Average processing time of GrabImageRGBD(): 9.42091ms
Frame 984 end
Average processing time of GrabImageRGBD(): 9.46607ms
Frame 985 end
Average processing time of GrabImageRGBD(): 9.50002ms
Frame 986 end
Average processing time of GrabImageRGBD(): 9.50061ms
Frame 987 end
Average processing time of GrabImageRGBD(): 9.50097ms
Frame 988 end
Average processing time of GrabImageRGBD(): 9.50013ms
Frame 989 end
Average processing time of GrabImageRGBD(): 9.50179ms
Frame 990 end
Average processing time of GrabImageRGBD(): 9.503ms
Frame 991 end
Average processing time of GrabImageRGBD(): 9.5348ms
Frame 992 end
Average processing time of GrabImageRGBD(): 9.53691ms
Frame 993 end
Average processing time of GrabImageRGBD(): 9.53763ms
Frame 994 end
Average processing time of GrabImageRGBD(): 9.56696ms
Frame 995 end
Average processing time of GrabImageRGBD(): 9.56778ms
Frame 996 end
Average processing time of GrabImageRGBD(): 9.56717ms
Frame 997 end
Average processing time of GrabImageRGBD(): 9.56809ms
Frame 998 end
Average processing time of GrabImageRGBD(): 9.60072ms
Frame 999 end
Average processing time of GrabImageRGBD(): 9.60415ms
Frame 1000 end
Average processing time of GrabImageRGBD(): 9.60624ms
Frame 1001 end
Average processing time of GrabImageRGBD(): 9.60798ms
Frame 1002 end
Average processing time of GrabImageRGBD(): 9.60897ms
Frame 1003 end
Average processing time of GrabImageRGBD(): 9.61055ms
Frame 1004 end
Average processing time of GrabImageRGBD(): 9.61306ms
Frame 1005 end
Average processing time of GrabImageRGBD(): 9.61364ms
Frame 1006 end
Average processing time of GrabImageRGBD(): 9.64075ms
Frame 1007 end
Average processing time of GrabImageRGBD(): 9.64372ms
Frame 1008 end
Average processing time of GrabImageRGBD(): 9.6488ms
Frame 1009 end
Average processing time of GrabImageRGBD(): 9.64975ms
Frame 1010 end
Average processing time of GrabImageRGBD(): 9.65509ms
Frame 1011 end
Average processing time of GrabImageRGBD(): 9.65836ms
Frame 1012 end
Average processing time of GrabImageRGBD(): 9.6597ms
Frame 1013 end
Average processing time of GrabImageRGBD(): 9.66124ms
Frame 1014 end
Average processing time of GrabImageRGBD(): 9.66392ms
Frame 1015 end
Average processing time of GrabImageRGBD(): 9.69215ms
Frame 1016 end
Average processing time of GrabImageRGBD(): 9.69571ms
Frame 1017 end
Average processing time of GrabImageRGBD(): 9.69829ms
Frame 1018 end
Average processing time of GrabImageRGBD(): 9.70189ms
Frame 1019 end
Average processing time of GrabImageRGBD(): 9.73022ms
Frame 1020 end
Average processing time of GrabImageRGBD(): 9.75818ms
Frame 1021 end
Average processing time of GrabImageRGBD(): 9.76611ms
Frame 1022 end
Average processing time of GrabImageRGBD(): 9.76895ms
Frame 1023 end
Average processing time of GrabImageRGBD(): 9.80706ms
Frame 1024 end
Average processing time of GrabImageRGBD(): 9.8156ms
Frame 1025 end
Average processing time of GrabImageRGBD(): 9.82163ms
Frame 1026 end
Average processing time of GrabImageRGBD(): 9.82664ms
Frame 1027 end
Average processing time of GrabImageRGBD(): 9.83355ms
Frame 1028 end
Average processing time of GrabImageRGBD(): 9.84338ms
Frame 1029 end
Average processing time of GrabImageRGBD(): 9.84847ms
Frame 1030 end
Average processing time of GrabImageRGBD(): 9.87605ms
Frame 1031 end
Average processing time of GrabImageRGBD(): 9.87969ms
Frame 1032 end
Average processing time of GrabImageRGBD(): 9.88717ms
Frame 1033 end
Average processing time of GrabImageRGBD(): 9.89383ms
Frame 1034 end
Average processing time of GrabImageRGBD(): 9.91971ms
Frame 1035 end
Average processing time of GrabImageRGBD(): 9.92802ms
Frame 1036 end
Average processing time of GrabImageRGBD(): 9.93509ms
Frame 1037 end
Average processing time of GrabImageRGBD(): 9.96179ms
Frame 1038 end
Average processing time of GrabImageRGBD(): 9.97044ms
Frame 1039 end
Average processing time of GrabImageRGBD(): 9.97235ms
Frame 1040 end
Average processing time of GrabImageRGBD(): 9.99838ms
Frame 1041 end
Average processing time of GrabImageRGBD(): 10.006ms
Frame 1042 end
Average processing time of GrabImageRGBD(): 10.0099ms
Frame 1043 end
Average processing time of GrabImageRGBD(): 10.0133ms
Frame 1044 end
Average processing time of GrabImageRGBD(): 10.0163ms
Frame 1045 end
Average processing time of GrabImageRGBD(): 10.0195ms
Frame 1046 end
Average processing time of GrabImageRGBD(): 10.0208ms
Frame 1047 end
Average processing time of GrabImageRGBD(): 10.0214ms
Frame 1048 end
Average processing time of GrabImageRGBD(): 10.0183ms
Frame 1049 end
Average processing time of GrabImageRGBD(): 10.042ms
Frame 1050 end
Average processing time of GrabImageRGBD(): 10.0433ms
Frame 1051 end
Average processing time of GrabImageRGBD(): 10.0436ms
Frame 1052 end
Average processing time of GrabImageRGBD(): 10.0392ms
Frame 1053 end
Average processing time of GrabImageRGBD(): 10.0399ms
Frame 1054 end
Average processing time of GrabImageRGBD(): 10.0409ms
Frame 1055 end
Average processing time of GrabImageRGBD(): 10.0411ms
Frame 1056 end
Average processing time of GrabImageRGBD(): 10.0418ms
Frame 1057 end
Average processing time of GrabImageRGBD(): 10.042ms
Frame 1058 end
Average processing time of GrabImageRGBD(): 10.0413ms
Frame 1059 end
Average processing time of GrabImageRGBD(): 10.0663ms
Frame 1060 end
Average processing time of GrabImageRGBD(): 10.0685ms
Frame 1061 end
Average processing time of GrabImageRGBD(): 10.0693ms
Frame 1062 end
Average processing time of GrabImageRGBD(): 10.0691ms
Frame 1063 end
Average processing time of GrabImageRGBD(): 10.0704ms
Frame 1064 end
Average processing time of GrabImageRGBD(): 10.0708ms
Frame 1065 end
Average processing time of GrabImageRGBD(): 10.0702ms
Frame 1066 end
Average processing time of GrabImageRGBD(): 10.0712ms
Frame 1067 end
Average processing time of GrabImageRGBD(): 10.0714ms
Frame 1068 end
Average processing time of GrabImageRGBD(): 10.0722ms
Frame 1069 end
Average processing time of GrabImageRGBD(): 10.0939ms
Frame 1070 end
Average processing time of GrabImageRGBD(): 10.0953ms
Frame 1071 end
Average processing time of GrabImageRGBD(): 10.0957ms
Frame 1072 end
Average processing time of GrabImageRGBD(): 10.0922ms
Frame 1073 end
Average processing time of GrabImageRGBD(): 10.1187ms
Frame 1074 end
Average processing time of GrabImageRGBD(): 10.1174ms
Frame 1075 end
Average processing time of GrabImageRGBD(): 10.142ms
Frame 1076 end
Average processing time of GrabImageRGBD(): 10.144ms
Frame 1077 end
Average processing time of GrabImageRGBD(): 10.1422ms
Frame 1078 end
Average processing time of GrabImageRGBD(): 10.142ms
Frame 1079 end
Average processing time of GrabImageRGBD(): 10.1419ms
Frame 1080 end
Average processing time of GrabImageRGBD(): 10.1426ms
Frame 1081 end
Average processing time of GrabImageRGBD(): 10.1434ms
Frame 1082 end
Average processing time of GrabImageRGBD(): 10.1429ms
Frame 1083 end
Average processing time of GrabImageRGBD(): 10.1412ms
Frame 1084 end
Average processing time of GrabImageRGBD(): 10.1412ms
Frame 1085 end
Average processing time of GrabImageRGBD(): 10.1663ms
Frame 1086 end
Average processing time of GrabImageRGBD(): 10.1649ms
Frame 1087 end
Average processing time of GrabImageRGBD(): 10.1665ms
Frame 1088 end
Average processing time of GrabImageRGBD(): 10.1648ms
Frame 1089 end
Average processing time of GrabImageRGBD(): 10.1625ms
Frame 1090 end
Average processing time of GrabImageRGBD(): 10.1629ms
Frame 1091 end
Average processing time of GrabImageRGBD(): 10.1614ms
Frame 1092 end
Average processing time of GrabImageRGBD(): 10.1592ms
Frame 1093 end
Average processing time of GrabImageRGBD(): 10.1888ms
Frame 1094 end
Average processing time of GrabImageRGBD(): 10.1908ms
Frame 1095 end
Average processing time of GrabImageRGBD(): 10.1902ms
Frame 1096 end
Average processing time of GrabImageRGBD(): 10.1903ms
Frame 1097 end
Average processing time of GrabImageRGBD(): 10.1887ms
Frame 1098 end
Average processing time of GrabImageRGBD(): 10.1858ms
Frame 1099 end
Average processing time of GrabImageRGBD(): 10.1809ms
Frame 1100 end
Average processing time of GrabImageRGBD(): 10.1781ms
Frame 1101 end
Average processing time of GrabImageRGBD(): 10.1744ms
Frame 1102 end
Average processing time of GrabImageRGBD(): 10.1727ms
Frame 1103 end
Average processing time of GrabImageRGBD(): 10.1972ms
Frame 1104 end
Average processing time of GrabImageRGBD(): 10.1997ms
Frame 1105 end
Average processing time of GrabImageRGBD(): 10.1958ms
Frame 1106 end
Average processing time of GrabImageRGBD(): 10.1971ms
Frame 1107 end
Average processing time of GrabImageRGBD(): 10.196ms
Frame 1108 end
Average processing time of GrabImageRGBD(): 10.1966ms
Frame 1109 end
Average processing time of GrabImageRGBD(): 10.1981ms
Frame 1110 end
Average processing time of GrabImageRGBD(): 10.1982ms
Frame 1111 end
Average processing time of GrabImageRGBD(): 10.1974ms
Frame 1112 end
Average processing time of GrabImageRGBD(): 10.197ms
Frame 1113 end
Average processing time of GrabImageRGBD(): 10.197ms
Frame 1114 end
Average processing time of GrabImageRGBD(): 10.1962ms
Frame 1115 end
Average processing time of GrabImageRGBD(): 10.1956ms
Frame 1116 end
Average processing time of GrabImageRGBD(): 10.2204ms
Frame 1117 end
Average processing time of GrabImageRGBD(): 10.2193ms
Frame 1118 end
Average processing time of GrabImageRGBD(): 10.2201ms
Frame 1119 end
Average processing time of GrabImageRGBD(): 10.2156ms
Frame 1120 end
Average processing time of GrabImageRGBD(): 10.2157ms
Frame 1121 end
Average processing time of GrabImageRGBD(): 10.213ms
Frame 1122 end
Average processing time of GrabImageRGBD(): 10.2122ms
Frame 1123 end
Average processing time of GrabImageRGBD(): 10.24ms
Frame 1124 end
Average processing time of GrabImageRGBD(): 10.2394ms
Frame 1125 end
Average processing time of GrabImageRGBD(): 10.2658ms
Frame 1126 end
Average processing time of GrabImageRGBD(): 10.2635ms
Frame 1127 end
Average processing time of GrabImageRGBD(): 10.2598ms
Frame 1128 end
Average processing time of GrabImageRGBD(): 10.2597ms
Frame 1129 end
Average processing time of GrabImageRGBD(): 10.2574ms
Frame 1130 end
Average processing time of GrabImageRGBD(): 10.2577ms
Frame 1131 end
Average processing time of GrabImageRGBD(): 10.2575ms
Frame 1132 end
Average processing time of GrabImageRGBD(): 10.2834ms
Frame 1133 end
Average processing time of GrabImageRGBD(): 10.3095ms
Frame 1134 end
Average processing time of GrabImageRGBD(): 10.3113ms
Frame 1135 end
Average processing time of GrabImageRGBD(): 10.312ms
Frame 1136 end
Average processing time of GrabImageRGBD(): 10.3127ms
Frame 1137 end
Average processing time of GrabImageRGBD(): 10.3127ms
Frame 1138 end
Average processing time of GrabImageRGBD(): 10.3133ms
Frame 1139 end
Average processing time of GrabImageRGBD(): 10.3121ms
Frame 1140 end
Average processing time of GrabImageRGBD(): 10.3124ms
Frame 1141 end
Average processing time of GrabImageRGBD(): 10.3446ms
Frame 1142 end
Average processing time of GrabImageRGBD(): 10.3483ms
Frame 1143 end
Average processing time of GrabImageRGBD(): 10.353ms
Frame 1144 end
Average processing time of GrabImageRGBD(): 10.3542ms
Frame 1145 end
Average processing time of GrabImageRGBD(): 10.3577ms
Frame 1146 end
Average processing time of GrabImageRGBD(): 10.3589ms
Frame 1147 end
Average processing time of GrabImageRGBD(): 10.3615ms
Frame 1148 end
Average processing time of GrabImageRGBD(): 10.3639ms
Frame 1149 end
Average processing time of GrabImageRGBD(): 10.3664ms
Frame 1150 end
Average processing time of GrabImageRGBD(): 10.3903ms
Frame 1151 end
Average processing time of GrabImageRGBD(): 10.3914ms
Frame 1152 end
Average processing time of GrabImageRGBD(): 10.3912ms
Frame 1153 end
Average processing time of GrabImageRGBD(): 10.3902ms
Frame 1154 end
Average processing time of GrabImageRGBD(): 10.3891ms
Frame 1155 end
Average processing time of GrabImageRGBD(): 10.386ms
Frame 1156 end
Average processing time of GrabImageRGBD(): 10.3854ms
Frame 1157 end
Average processing time of GrabImageRGBD(): 10.3805ms
Frame 1158 end
Average processing time of GrabImageRGBD(): 10.3778ms
Frame 1159 end
Average processing time of GrabImageRGBD(): 10.4128ms
Frame 1160 end
Average processing time of GrabImageRGBD(): 10.4123ms
Frame 1161 end
Average processing time of GrabImageRGBD(): 10.4126ms
Frame 1162 end
Average processing time of GrabImageRGBD(): 10.4107ms
Frame 1163 end
Average processing time of GrabImageRGBD(): 10.4096ms
Frame 1164 end
Average processing time of GrabImageRGBD(): 10.4076ms
Frame 1165 end
Average processing time of GrabImageRGBD(): 10.4075ms
Frame 1166 end
Average processing time of GrabImageRGBD(): 10.403ms
Frame 1167 end
Average processing time of GrabImageRGBD(): 10.4022ms
Frame 1168 end
Average processing time of GrabImageRGBD(): 10.4012ms
Frame 1169 end
Average processing time of GrabImageRGBD(): 10.4245ms
Frame 1170 end
Average processing time of GrabImageRGBD(): 10.4523ms
Frame 1171 end
Average processing time of GrabImageRGBD(): 10.4545ms
Frame 1172 end
Average processing time of GrabImageRGBD(): 10.453ms
Frame 1173 end
Average processing time of GrabImageRGBD(): 10.4507ms
Frame 1174 end
Average processing time of GrabImageRGBD(): 10.4476ms
Frame 1175 end
Average processing time of GrabImageRGBD(): 10.4476ms
Frame 1176 end
Average processing time of GrabImageRGBD(): 10.4481ms
Frame 1177 end
Average processing time of GrabImageRGBD(): 10.4481ms
Frame 1178 end
Average processing time of GrabImageRGBD(): 10.4464ms
Frame 1179 end
Average processing time of GrabImageRGBD(): 10.4438ms
Frame 1180 end
Average processing time of GrabImageRGBD(): 10.4435ms
Frame 1181 end
Average processing time of GrabImageRGBD(): 10.4416ms
Frame 1182 end
Average processing time of GrabImageRGBD(): 10.4426ms
Frame 1183 end
Average processing time of GrabImageRGBD(): 10.4418ms
Frame 1184 end
Average processing time of GrabImageRGBD(): 10.4376ms
Frame 1185 end
Average processing time of GrabImageRGBD(): 10.4619ms
Frame 1186 end
Average processing time of GrabImageRGBD(): 10.4639ms
Frame 1187 end
Average processing time of GrabImageRGBD(): 10.4643ms
Frame 1188 end
Average processing time of GrabImageRGBD(): 10.4619ms
Frame 1189 end
Average processing time of GrabImageRGBD(): 10.4605ms
Frame 1190 end
Average processing time of GrabImageRGBD(): 10.4603ms
Frame 1191 end
Average processing time of GrabImageRGBD(): 10.4622ms
Frame 1192 end
Average processing time of GrabImageRGBD(): 10.4636ms
Frame 1193 end
Average processing time of GrabImageRGBD(): 10.4637ms
Frame 1194 end
Average processing time of GrabImageRGBD(): 10.4643ms
Frame 1195 end
Average processing time of GrabImageRGBD(): 10.4656ms
Frame 1196 end
Average processing time of GrabImageRGBD(): 10.4659ms
Frame 1197 end
Average processing time of GrabImageRGBD(): 10.4646ms
Frame 1198 end
Average processing time of GrabImageRGBD(): 10.4632ms
Frame 1199 end
Average processing time of GrabImageRGBD(): 10.4619ms
Frame 1200 end
Average processing time of GrabImageRGBD(): 10.4864ms
Frame 1201 end
Average processing time of GrabImageRGBD(): 10.487ms
Frame 1202 end
Average processing time of GrabImageRGBD(): 10.4894ms
Frame 1203 end
Average processing time of GrabImageRGBD(): 10.4899ms
Frame 1204 end
Average processing time of GrabImageRGBD(): 10.4887ms
Frame 1205 end
Average processing time of GrabImageRGBD(): 10.4892ms
Frame 1206 end
Average processing time of GrabImageRGBD(): 10.4878ms
Frame 1207 end
Average processing time of GrabImageRGBD(): 10.4861ms
Frame 1208 end
Average processing time of GrabImageRGBD(): 10.4842ms
Frame 1209 end
Average processing time of GrabImageRGBD(): 10.4837ms
Frame 1210 end
Average processing time of GrabImageRGBD(): 10.4835ms
Frame 1211 end
Average processing time of GrabImageRGBD(): 10.483ms
Frame 1212 end
Average processing time of GrabImageRGBD(): 10.4819ms
Frame 1213 end
Average processing time of GrabImageRGBD(): 10.503ms
Frame 1214 end
Average processing time of GrabImageRGBD(): 10.5052ms
Frame 1215 end
Average processing time of GrabImageRGBD(): 10.5056ms
Frame 1216 end
Average processing time of GrabImageRGBD(): 10.5048ms
Frame 1217 end
Average processing time of GrabImageRGBD(): 10.5044ms
Frame 1218 end
Average processing time of GrabImageRGBD(): 10.501ms
Frame 1219 end
Average processing time of GrabImageRGBD(): 10.5006ms
Frame 1220 end
Average processing time of GrabImageRGBD(): 10.5008ms
Frame 1221 end
Average processing time of GrabImageRGBD(): 10.5011ms
Frame 1222 end
Average processing time of GrabImageRGBD(): 10.5012ms
Frame 1223 end
Average processing time of GrabImageRGBD(): 10.4995ms
Frame 1224 end
Average processing time of GrabImageRGBD(): 10.4979ms
Frame 1225 end
Average processing time of GrabImageRGBD(): 10.4963ms
Frame 1226 end
Average processing time of GrabImageRGBD(): 10.4942ms
Frame 1227 end
Average processing time of GrabImageRGBD(): 10.4938ms
Frame 1228 end
Average processing time of GrabImageRGBD(): 10.4932ms
Frame 1229 end
Average processing time of GrabImageRGBD(): 10.4921ms
Frame 1230 end
Average processing time of GrabImageRGBD(): 10.4918ms
Frame 1231 end
Average processing time of GrabImageRGBD(): 10.4912ms
Frame 1232 end
Average processing time of GrabImageRGBD(): 10.4908ms
Frame 1233 end
Average processing time of GrabImageRGBD(): 10.5129ms
Frame 1234 end
Average processing time of GrabImageRGBD(): 10.5104ms
Frame 1235 end
Average processing time of GrabImageRGBD(): 10.5109ms
Frame 1236 end
Average processing time of GrabImageRGBD(): 10.5112ms
Frame 1237 end
Average processing time of GrabImageRGBD(): 10.5091ms
Frame 1238 end
Average processing time of GrabImageRGBD(): 10.5099ms
Frame 1239 end
Average processing time of GrabImageRGBD(): 10.5096ms
Frame 1240 end
Average processing time of GrabImageRGBD(): 10.5091ms
Frame 1241 end
Average processing time of GrabImageRGBD(): 10.506ms
Frame 1242 end
Average processing time of GrabImageRGBD(): 10.5048ms
Frame 1243 end
Average processing time of GrabImageRGBD(): 10.5068ms
Frame 1244 end
Average processing time of GrabImageRGBD(): 10.5066ms
Frame 1245 end
Average processing time of GrabImageRGBD(): 10.5063ms
Frame 1246 end
Average processing time of GrabImageRGBD(): 10.5299ms
Frame 1247 end
Average processing time of GrabImageRGBD(): 10.5292ms
Frame 1248 end
Average processing time of GrabImageRGBD(): 10.5276ms
Frame 1249 end
Average processing time of GrabImageRGBD(): 10.5247ms
Frame 1250 end
Average processing time of GrabImageRGBD(): 10.5253ms
Frame 1251 end
Average processing time of GrabImageRGBD(): 10.5262ms
Frame 1252 end
Average processing time of GrabImageRGBD(): 10.5267ms
Frame 1253 end
Average processing time of GrabImageRGBD(): 10.5264ms
Frame 1254 end
Average processing time of GrabImageRGBD(): 10.5303ms
Frame 1255 end
Average processing time of GrabImageRGBD(): 10.5284ms
Frame 1256 end
Average processing time of GrabImageRGBD(): 10.5291ms
Frame 1257 end
Average processing time of GrabImageRGBD(): 10.5292ms
Frame 1258 end
Average processing time of GrabImageRGBD(): 10.5279ms
Frame 1259 end
Average processing time of GrabImageRGBD(): 10.5274ms
Frame 1260 end
Average processing time of GrabImageRGBD(): 10.5503ms
Frame 1261 end
Average processing time of GrabImageRGBD(): 10.553ms
Frame 1262 end
Average processing time of GrabImageRGBD(): 10.5536ms
Frame 1263 end
Average processing time of GrabImageRGBD(): 10.5542ms
Frame 1264 end
Average processing time of GrabImageRGBD(): 10.5558ms
Frame 1265 end
Average processing time of GrabImageRGBD(): 10.5564ms
Frame 1266 end
Average processing time of GrabImageRGBD(): 10.5572ms
Frame 1267 end
Average processing time of GrabImageRGBD(): 10.5577ms
Frame 1268 end
Average processing time of GrabImageRGBD(): 10.5567ms
Frame 1269 end
Average processing time of GrabImageRGBD(): 10.5571ms
Frame 1270 end
Average processing time of GrabImageRGBD(): 10.5573ms
Frame 1271 end
Average processing time of GrabImageRGBD(): 10.5589ms
Frame 1272 end
Average processing time of GrabImageRGBD(): 10.5587ms
Frame 1273 end
Average processing time of GrabImageRGBD(): 10.5545ms
Frame 1274 end
Average processing time of GrabImageRGBD(): 10.5545ms
Frame 1275 end
Average processing time of GrabImageRGBD(): 10.5541ms
Frame 1276 end
Average processing time of GrabImageRGBD(): 10.5535ms
Frame 1277 end
Average processing time of GrabImageRGBD(): 10.5536ms
Frame 1278 end
Average processing time of GrabImageRGBD(): 10.5538ms
Frame 1279 end
Average processing time of GrabImageRGBD(): 10.5508ms
Frame 1280 end
Average processing time of GrabImageRGBD(): 10.5503ms
Frame 1281 end
Average processing time of GrabImageRGBD(): 10.5495ms
Frame 1282 end
Average processing time of GrabImageRGBD(): 10.5705ms
Frame 1283 end
Average processing time of GrabImageRGBD(): 10.5721ms
Frame 1284 end
Average processing time of GrabImageRGBD(): 10.572ms
Frame 1285 end
Average processing time of GrabImageRGBD(): 10.5707ms
Frame 1286 end
Average processing time of GrabImageRGBD(): 10.571ms
Frame 1287 end
Average processing time of GrabImageRGBD(): 10.5713ms
Frame 1288 end
Average processing time of GrabImageRGBD(): 10.5699ms
Frame 1289 end
Average processing time of GrabImageRGBD(): 10.5675ms
Frame 1290 end
Average processing time of GrabImageRGBD(): 10.5679ms
Frame 1291 end
Average processing time of GrabImageRGBD(): 10.5685ms
Frame 1292 end
Average processing time of GrabImageRGBD(): 10.5668ms
Frame 1293 end
Average processing time of GrabImageRGBD(): 10.5671ms
Frame 1294 end
Average processing time of GrabImageRGBD(): 10.5883ms
Frame 1295 end
Average processing time of GrabImageRGBD(): 10.5883ms
Frame 1296 end
Average processing time of GrabImageRGBD(): 10.5898ms
Frame 1297 end
Average processing time of GrabImageRGBD(): 10.5907ms
Frame 1298 end
Average processing time of GrabImageRGBD(): 10.5914ms
Frame 1299 end
Average processing time of GrabImageRGBD(): 10.5927ms
Frame 1300 end
Average processing time of GrabImageRGBD(): 10.5929ms
Frame 1301 end
Average processing time of GrabImageRGBD(): 10.5942ms
Frame 1302 end
Average processing time of GrabImageRGBD(): 10.595ms
Frame 1303 end
Average processing time of GrabImageRGBD(): 10.5962ms
Frame 1304 end
Average processing time of GrabImageRGBD(): 10.5962ms
Frame 1305 end
Average processing time of GrabImageRGBD(): 10.5975ms
Frame 1306 end
Average processing time of GrabImageRGBD(): 10.5979ms
Frame 1307 end
Average processing time of GrabImageRGBD(): 10.5999ms
Frame 1308 end
Average processing time of GrabImageRGBD(): 10.621ms
Frame 1309 end
Average processing time of GrabImageRGBD(): 10.6239ms
Frame 1310 end
Average processing time of GrabImageRGBD(): 10.6212ms
Frame 1311 end
Average processing time of GrabImageRGBD(): 10.6216ms
Frame 1312 end
Average processing time of GrabImageRGBD(): 10.6217ms
Frame 1313 end
Average processing time of GrabImageRGBD(): 10.622ms
Frame 1314 end
Average processing time of GrabImageRGBD(): 10.6218ms
Frame 1315 end
Average processing time of GrabImageRGBD(): 10.6175ms
Frame 1316 end
Average processing time of GrabImageRGBD(): 10.6158ms
Frame 1317 end
Average processing time of GrabImageRGBD(): 10.6156ms
Frame 1318 end
Average processing time of GrabImageRGBD(): 10.6129ms
Frame 1319 end
Average processing time of GrabImageRGBD(): 10.6129ms
Frame 1320 end
Average processing time of GrabImageRGBD(): 10.6136ms
Frame 1321 end
Average processing time of GrabImageRGBD(): 10.6134ms
Frame 1322 end
Average processing time of GrabImageRGBD(): 10.6103ms
Frame 1323 end
Average processing time of GrabImageRGBD(): 10.6099ms
Frame 1324 end
Average processing time of GrabImageRGBD(): 10.6106ms
Frame 1325 end
Average processing time of GrabImageRGBD(): 10.6086ms
Frame 1326 end
Average processing time of GrabImageRGBD(): 10.6087ms
Frame 1327 end
Average processing time of GrabImageRGBD(): 10.6062ms
Frame 1328 end
Average processing time of GrabImageRGBD(): 10.6045ms
Frame 1329 end
Average processing time of GrabImageRGBD(): 10.6047ms
Frame 1330 end
Average processing time of GrabImageRGBD(): 10.604ms
Frame 1331 end
Average processing time of GrabImageRGBD(): 10.6036ms
Frame 1332 end
Average processing time of GrabImageRGBD(): 10.604ms
Frame 1333 end
Average processing time of GrabImageRGBD(): 10.605ms
Frame 1334 end
Average processing time of GrabImageRGBD(): 10.6013ms
Frame 1335 end
Average processing time of GrabImageRGBD(): 10.5979ms
Frame 1336 end
Average processing time of GrabImageRGBD(): 10.598ms
Frame 1337 end
Average processing time of GrabImageRGBD(): 10.6175ms
Frame 1338 end
Average processing time of GrabImageRGBD(): 10.6188ms
Frame 1339 end
Average processing time of GrabImageRGBD(): 10.6191ms
Frame 1340 end
Average processing time of GrabImageRGBD(): 10.6192ms
Frame 1341 end
Average processing time of GrabImageRGBD(): 10.6195ms
Frame 1342 end
Average processing time of GrabImageRGBD(): 10.6197ms
Frame 1343 end
Average processing time of GrabImageRGBD(): 10.6181ms
Frame 1344 end
Average processing time of GrabImageRGBD(): 10.6201ms
Frame 1345 end
Average processing time of GrabImageRGBD(): 10.6156ms
Frame 1346 end
Average processing time of GrabImageRGBD(): 10.6148ms
Frame 1347 end
Average processing time of GrabImageRGBD(): 10.6129ms
Frame 1348 end
Average processing time of GrabImageRGBD(): 10.6129ms
Frame 1349 end
Average processing time of GrabImageRGBD(): 10.612ms
Frame 1350 end
Average processing time of GrabImageRGBD(): 10.6121ms
Frame 1351 end
Average processing time of GrabImageRGBD(): 10.6098ms
Frame 1352 end
Average processing time of GrabImageRGBD(): 10.63ms
Frame 1353 end
Average processing time of GrabImageRGBD(): 10.6314ms
Frame 1354 end
Average processing time of GrabImageRGBD(): 10.6278ms
Frame 1355 end
Average processing time of GrabImageRGBD(): 10.6283ms
Frame 1356 end
Average processing time of GrabImageRGBD(): 10.6277ms
Frame 1357 end
Average processing time of GrabImageRGBD(): 10.6272ms
Frame 1358 end
Average processing time of GrabImageRGBD(): 10.6268ms
Frame 1359 end
Average processing time of GrabImageRGBD(): 10.6252ms
Frame 1360 end
Average processing time of GrabImageRGBD(): 10.6245ms
Frame 1361 end
Average processing time of GrabImageRGBD(): 10.625ms
Frame 1362 end
Average processing time of GrabImageRGBD(): 10.6239ms
Frame 1363 end
Average processing time of GrabImageRGBD(): 10.6224ms
Frame 1364 end
Average processing time of GrabImageRGBD(): 10.6217ms
Frame 1365 end
Average processing time of GrabImageRGBD(): 10.6217ms
Frame 1366 end
Average processing time of GrabImageRGBD(): 10.6212ms
Frame 1367 end
Average processing time of GrabImageRGBD(): 10.6205ms
Frame 1368 end
Average processing time of GrabImageRGBD(): 10.6213ms
Frame 1369 end
Average processing time of GrabImageRGBD(): 10.6395ms
Frame 1370 end
Average processing time of GrabImageRGBD(): 10.6379ms
Frame 1371 end
Average processing time of GrabImageRGBD(): 10.6366ms
Frame 1372 end
Average processing time of GrabImageRGBD(): 10.6359ms
Frame 1373 end
Average processing time of GrabImageRGBD(): 10.6357ms
Frame 1374 end
Average processing time of GrabImageRGBD(): 10.6343ms
Frame 1375 end
Average processing time of GrabImageRGBD(): 10.6328ms
Frame 1376 end
Average processing time of GrabImageRGBD(): 10.632ms
Frame 1377 end
Average processing time of GrabImageRGBD(): 10.6294ms
Frame 1378 end
Average processing time of GrabImageRGBD(): 10.6287ms
Frame 1379 end
Average processing time of GrabImageRGBD(): 10.6256ms
Frame 1380 end
Average processing time of GrabImageRGBD(): 10.6244ms
Frame 1381 end
Average processing time of GrabImageRGBD(): 10.6247ms
Frame 1382 end
Average processing time of GrabImageRGBD(): 10.6247ms
Frame 1383 end
Average processing time of GrabImageRGBD(): 10.6238ms
Frame 1384 end
Average processing time of GrabImageRGBD(): 10.6436ms
Frame 1385 end
Average processing time of GrabImageRGBD(): 10.6447ms
Frame 1386 end
Average processing time of GrabImageRGBD(): 10.6434ms
Frame 1387 end
Average processing time of GrabImageRGBD(): 10.6439ms
Frame 1388 end
Average processing time of GrabImageRGBD(): 10.6446ms
Frame 1389 end
Average processing time of GrabImageRGBD(): 10.6453ms
Frame 1390 end
Average processing time of GrabImageRGBD(): 10.6425ms
Frame 1391 end
Average processing time of GrabImageRGBD(): 10.6407ms
Frame 1392 end
Average processing time of GrabImageRGBD(): 10.6405ms
Frame 1393 end
Average processing time of GrabImageRGBD(): 10.6408ms
Frame 1394 end
Average processing time of GrabImageRGBD(): 10.6399ms
Frame 1395 end
Average processing time of GrabImageRGBD(): 10.6379ms
Frame 1396 end
Average processing time of GrabImageRGBD(): 10.6359ms
Frame 1397 end
Average processing time of GrabImageRGBD(): 10.6343ms
Frame 1398 end
Average processing time of GrabImageRGBD(): 10.6328ms
Frame 1399 end
Average processing time of GrabImageRGBD(): 10.6319ms
Frame 1400 end
Average processing time of GrabImageRGBD(): 10.6515ms
Frame 1401 end
Average processing time of GrabImageRGBD(): 10.6531ms
Frame 1402 end
Average processing time of GrabImageRGBD(): 10.6529ms
Frame 1403 end
Average processing time of GrabImageRGBD(): 10.6514ms
Frame 1404 end
Average processing time of GrabImageRGBD(): 10.651ms
Frame 1405 end
Average processing time of GrabImageRGBD(): 10.6496ms
Frame 1406 end
Average processing time of GrabImageRGBD(): 10.6488ms
Frame 1407 end
Average processing time of GrabImageRGBD(): 10.6476ms
Frame 1408 end
Average processing time of GrabImageRGBD(): 10.6466ms
Frame 1409 end
Average processing time of GrabImageRGBD(): 10.6468ms
Frame 1410 end
Average processing time of GrabImageRGBD(): 10.6466ms
Frame 1411 end
Average processing time of GrabImageRGBD(): 10.6459ms
Frame 1412 end
Average processing time of GrabImageRGBD(): 10.6455ms
Frame 1413 end
Average processing time of GrabImageRGBD(): 10.6426ms
Frame 1414 end
Average processing time of GrabImageRGBD(): 10.6426ms
Frame 1415 end
Average processing time of GrabImageRGBD(): 10.641ms
Frame 1416 end
Average processing time of GrabImageRGBD(): 10.6396ms
Frame 1417 end
Average processing time of GrabImageRGBD(): 10.6587ms
Frame 1418 end
Average processing time of GrabImageRGBD(): 10.6589ms
Frame 1419 end
Average processing time of GrabImageRGBD(): 10.6569ms
Frame 1420 end
Average processing time of GrabImageRGBD(): 10.6554ms
Frame 1421 end
Average processing time of GrabImageRGBD(): 10.6551ms
Frame 1422 end
Average processing time of GrabImageRGBD(): 10.6549ms
Frame 1423 end
Average processing time of GrabImageRGBD(): 10.654ms
Frame 1424 end
Average processing time of GrabImageRGBD(): 10.6536ms
Frame 1425 end
Average processing time of GrabImageRGBD(): 10.6525ms
Frame 1426 end
Average processing time of GrabImageRGBD(): 10.6521ms
Frame 1427 end
Average processing time of GrabImageRGBD(): 10.6493ms
Frame 1428 end
Average processing time of GrabImageRGBD(): 10.6487ms
Frame 1429 end
Average processing time of GrabImageRGBD(): 10.6483ms
Frame 1430 end
Average processing time of GrabImageRGBD(): 10.648ms
Frame 1431 end
Average processing time of GrabImageRGBD(): 10.6471ms
Frame 1432 end
Average processing time of GrabImageRGBD(): 10.645ms
Frame 1433 end
Average processing time of GrabImageRGBD(): 10.6449ms
Frame 1434 end
Average processing time of GrabImageRGBD(): 10.6442ms
Frame 1435 end
Average processing time of GrabImageRGBD(): 10.6634ms
Frame 1436 end
Average processing time of GrabImageRGBD(): 10.6643ms
Frame 1437 end
Average processing time of GrabImageRGBD(): 10.6618ms
Frame 1438 end
Average processing time of GrabImageRGBD(): 10.663ms
Frame 1439 end
Average processing time of GrabImageRGBD(): 10.6609ms
Frame 1440 end
Average processing time of GrabImageRGBD(): 10.6606ms
Frame 1441 end
Average processing time of GrabImageRGBD(): 10.6589ms
Frame 1442 end
Average processing time of GrabImageRGBD(): 10.658ms
Frame 1443 end
Average processing time of GrabImageRGBD(): 10.6582ms
Frame 1444 end
Average processing time of GrabImageRGBD(): 10.658ms
Frame 1445 end
Average processing time of GrabImageRGBD(): 10.6579ms
Frame 1446 end
Average processing time of GrabImageRGBD(): 10.6583ms
Frame 1447 end
Average processing time of GrabImageRGBD(): 10.6591ms
Frame 1448 end
Average processing time of GrabImageRGBD(): 10.6557ms
Frame 1449 end
Average processing time of GrabImageRGBD(): 10.6528ms
Frame 1450 end
Average processing time of GrabImageRGBD(): 10.6524ms
Frame 1451 end
Average processing time of GrabImageRGBD(): 10.6519ms
Frame 1452 end
Average processing time of GrabImageRGBD(): 10.6715ms
Frame 1453 end
Average processing time of GrabImageRGBD(): 10.6716ms
Frame 1454 end
Average processing time of GrabImageRGBD(): 10.6715ms
Frame 1455 end
Average processing time of GrabImageRGBD(): 10.6719ms
Frame 1456 end
Average processing time of GrabImageRGBD(): 10.6693ms
Frame 1457 end
Average processing time of GrabImageRGBD(): 10.6691ms
Frame 1458 end
Average processing time of GrabImageRGBD(): 10.6683ms
Frame 1459 end
Average processing time of GrabImageRGBD(): 10.6672ms
Frame 1460 end
Average processing time of GrabImageRGBD(): 10.6663ms
Frame 1461 end
Average processing time of GrabImageRGBD(): 10.6667ms
Frame 1462 end
Average processing time of GrabImageRGBD(): 10.6654ms
Frame 1463 end
Average processing time of GrabImageRGBD(): 10.6654ms
Frame 1464 end
Average processing time of GrabImageRGBD(): 10.6644ms
Frame 1465 end
Average processing time of GrabImageRGBD(): 10.6641ms
Frame 1466 end
Average processing time of GrabImageRGBD(): 10.6624ms
Frame 1467 end
Average processing time of GrabImageRGBD(): 10.6618ms
Frame 1468 end
Average processing time of GrabImageRGBD(): 10.662ms
Frame 1469 end
Average processing time of GrabImageRGBD(): 10.6615ms
Frame 1470 end
Average processing time of GrabImageRGBD(): 10.6863ms
Frame 1471 end
Average processing time of GrabImageRGBD(): 10.6866ms
Frame 1472 end
Average processing time of GrabImageRGBD(): 10.6855ms
Frame 1473 end
Average processing time of GrabImageRGBD(): 10.6858ms
Frame 1474 end
Average processing time of GrabImageRGBD(): 10.6857ms
Frame 1475 end
Average processing time of GrabImageRGBD(): 10.6856ms
Frame 1476 end
Average processing time of GrabImageRGBD(): 10.6844ms
Frame 1477 end
Average processing time of GrabImageRGBD(): 10.6856ms
Frame 1478 end
Average processing time of GrabImageRGBD(): 10.6876ms
Frame 1479 end
Average processing time of GrabImageRGBD(): 10.6882ms
Frame 1480 end
Average processing time of GrabImageRGBD(): 10.6887ms
Frame 1481 end
Average processing time of GrabImageRGBD(): 10.6882ms
Frame 1482 end
Average processing time of GrabImageRGBD(): 10.6892ms
Frame 1483 end
Average processing time of GrabImageRGBD(): 10.6868ms
Frame 1484 end
Average processing time of GrabImageRGBD(): 10.685ms
Frame 1485 end
Average processing time of GrabImageRGBD(): 10.6849ms
Frame 1486 end
Average processing time of GrabImageRGBD(): 10.6846ms
Frame 1487 end
Average processing time of GrabImageRGBD(): 10.6847ms
Frame 1488 end
Average processing time of GrabImageRGBD(): 10.7024ms
Frame 1489 end
Average processing time of GrabImageRGBD(): 10.7041ms
Frame 1490 end
Average processing time of GrabImageRGBD(): 10.7046ms
Frame 1491 end
Average processing time of GrabImageRGBD(): 10.702ms
Frame 1492 end
Average processing time of GrabImageRGBD(): 10.7021ms
Frame 1493 end
Average processing time of GrabImageRGBD(): 10.7022ms
Frame 1494 end
Average processing time of GrabImageRGBD(): 10.7022ms
Frame 1495 end
Average processing time of GrabImageRGBD(): 10.7031ms
Frame 1496 end
Average processing time of GrabImageRGBD(): 10.7028ms
Frame 1497 end
Average processing time of GrabImageRGBD(): 10.7018ms
Frame 1498 end
Average processing time of GrabImageRGBD(): 10.7026ms
Frame 1499 end
Average processing time of GrabImageRGBD(): 10.7025ms
Frame 1500 end
Average processing time of GrabImageRGBD(): 10.7017ms
Frame 1501 end
Average processing time of GrabImageRGBD(): 10.7028ms
Frame 1502 end
Average processing time of GrabImageRGBD(): 10.7029ms
Frame 1503 end
Average processing time of GrabImageRGBD(): 10.6999ms
Frame 1504 end
Average processing time of GrabImageRGBD(): 10.7001ms
Frame 1505 end
Average processing time of GrabImageRGBD(): 10.7009ms
Frame 1506 end
Average processing time of GrabImageRGBD(): 10.7182ms
Frame 1507 end
Average processing time of GrabImageRGBD(): 10.7194ms
Frame 1508 end
Average processing time of GrabImageRGBD(): 10.7197ms
Frame 1509 end
Average processing time of GrabImageRGBD(): 10.7186ms
Frame 1510 end
Average processing time of GrabImageRGBD(): 10.7186ms
Frame 1511 end
Average processing time of GrabImageRGBD(): 10.7201ms
Frame 1512 end
Average processing time of GrabImageRGBD(): 10.7396ms
Frame 1513 end
Average processing time of GrabImageRGBD(): 10.7407ms
Frame 1514 end
Average processing time of GrabImageRGBD(): 10.7399ms
Frame 1515 end
Average processing time of GrabImageRGBD(): 10.7572ms
Frame 1516 end
Average processing time of GrabImageRGBD(): 10.7597ms
Frame 1517 end
Average processing time of GrabImageRGBD(): 10.7596ms
Frame 1518 end
Average processing time of GrabImageRGBD(): 10.76ms
Frame 1519 end
Average processing time of GrabImageRGBD(): 10.7584ms
Frame 1520 end
Average processing time of GrabImageRGBD(): 10.7593ms
Frame 1521 end
Average processing time of GrabImageRGBD(): 10.7594ms
Frame 1522 end
Average processing time of GrabImageRGBD(): 10.7595ms
Frame 1523 end
Average processing time of GrabImageRGBD(): 10.759ms
Frame 1524 end
Average processing time of GrabImageRGBD(): 10.7594ms
Frame 1525 end
Average processing time of GrabImageRGBD(): 10.7582ms
Frame 1526 end
Average processing time of GrabImageRGBD(): 10.756ms
Frame 1527 end
Average processing time of GrabImageRGBD(): 10.7549ms
Frame 1528 end
Average processing time of GrabImageRGBD(): 10.7541ms
Frame 1529 end
Average processing time of GrabImageRGBD(): 10.7537ms
Frame 1530 end
Average processing time of GrabImageRGBD(): 10.7534ms
Frame 1531 end
Average processing time of GrabImageRGBD(): 10.752ms
Frame 1532 end
Average processing time of GrabImageRGBD(): 10.7518ms
Frame 1533 end
Average processing time of GrabImageRGBD(): 10.7519ms
Frame 1534 end
Average processing time of GrabImageRGBD(): 10.7683ms
Frame 1535 end
Average processing time of GrabImageRGBD(): 10.7686ms
Frame 1536 end
Average processing time of GrabImageRGBD(): 10.7678ms
Frame 1537 end
Average processing time of GrabImageRGBD(): 10.7681ms
Frame 1538 end
Average processing time of GrabImageRGBD(): 10.7675ms
Frame 1539 end
Average processing time of GrabImageRGBD(): 10.7672ms
Frame 1540 end
Average processing time of GrabImageRGBD(): 10.7667ms
Frame 1541 end
Average processing time of GrabImageRGBD(): 10.7654ms
Frame 1542 end
Average processing time of GrabImageRGBD(): 10.7649ms
Frame 1543 end
Average processing time of GrabImageRGBD(): 10.7644ms
Frame 1544 end
Average processing time of GrabImageRGBD(): 10.7634ms
Frame 1545 end
Average processing time of GrabImageRGBD(): 10.7639ms
Frame 1546 end
Average processing time of GrabImageRGBD(): 10.764ms
Frame 1547 end
Average processing time of GrabImageRGBD(): 10.7631ms
Frame 1548 end
Average processing time of GrabImageRGBD(): 10.7629ms
Frame 1549 end
Average processing time of GrabImageRGBD(): 10.7792ms
Frame 1550 end
Average processing time of GrabImageRGBD(): 10.7979ms
Frame 1551 end
Average processing time of GrabImageRGBD(): 10.8168ms
Frame 1552 end
Average processing time of GrabImageRGBD(): 10.8357ms
Frame 1553 end
Average processing time of GrabImageRGBD(): 10.8375ms
Frame 1554 end
Average processing time of GrabImageRGBD(): 10.8564ms
Frame 1555 end
Average processing time of GrabImageRGBD(): 10.8582ms
Frame 1556 end
Average processing time of GrabImageRGBD(): 10.8576ms
Frame 1557 end
Average processing time of GrabImageRGBD(): 10.8585ms
Frame 1558 end
Average processing time of GrabImageRGBD(): 10.8591ms
Frame 1559 end
Average processing time of GrabImageRGBD(): 10.8765ms
Frame 1560 end
Average processing time of GrabImageRGBD(): 10.8785ms
Frame 1561 end
Average processing time of GrabImageRGBD(): 10.8785ms
Frame 1562 end
Average processing time of GrabImageRGBD(): 10.8783ms
Frame 1563 end
Average processing time of GrabImageRGBD(): 10.8786ms
Frame 1564 end
Average processing time of GrabImageRGBD(): 10.8776ms
Frame 1565 end
Average processing time of GrabImageRGBD(): 10.8777ms
Frame 1566 end
Average processing time of GrabImageRGBD(): 10.8775ms
Frame 1567 end
Average processing time of GrabImageRGBD(): 10.8767ms
Frame 1568 end
Average processing time of GrabImageRGBD(): 10.8767ms
Frame 1569 end
Average processing time of GrabImageRGBD(): 10.8969ms
Frame 1570 end
Average processing time of GrabImageRGBD(): 10.8977ms
Frame 1571 end
Average processing time of GrabImageRGBD(): 10.898ms
Frame 1572 end
Average processing time of GrabImageRGBD(): 10.898ms
Frame 1573 end
Average processing time of GrabImageRGBD(): 10.8964ms
Frame 1574 end
Average processing time of GrabImageRGBD(): 10.8977ms
Frame 1575 end
Average processing time of GrabImageRGBD(): 10.8981ms
Frame 1576 end
Average processing time of GrabImageRGBD(): 10.8996ms
Frame 1577 end
Average processing time of GrabImageRGBD(): 10.8995ms
Frame 1578 end
Average processing time of GrabImageRGBD(): 10.9ms
Frame 1579 end
Average processing time of GrabImageRGBD(): 10.9ms
Frame 1580 end
Average processing time of GrabImageRGBD(): 10.9009ms
Frame 1581 end
Average processing time of GrabImageRGBD(): 10.9014ms
Frame 1582 end
Average processing time of GrabImageRGBD(): 10.9014ms
Frame 1583 end
Average processing time of GrabImageRGBD(): 10.9019ms
Frame 1584 end
Average processing time of GrabImageRGBD(): 10.9017ms
Frame 1585 end
Average processing time of GrabImageRGBD(): 10.902ms
Frame 1586 end
Average processing time of GrabImageRGBD(): 10.9025ms
Frame 1587 end
Average processing time of GrabImageRGBD(): 10.9027ms
Frame 1588 end
Average processing time of GrabImageRGBD(): 10.9199ms
Frame 1589 end
Average processing time of GrabImageRGBD(): 10.9207ms
Frame 1590 end
Average processing time of GrabImageRGBD(): 10.9208ms
Frame 1591 end
Average processing time of GrabImageRGBD(): 10.9229ms
Frame 1592 end
Average processing time of GrabImageRGBD(): 10.9407ms
Frame 1593 end
Average processing time of GrabImageRGBD(): 10.9411ms
Frame 1594 end
Average processing time of GrabImageRGBD(): 10.9411ms
Frame 1595 end
Average processing time of GrabImageRGBD(): 10.9411ms
Frame 1596 end
Average processing time of GrabImageRGBD(): 10.9407ms
Frame 1597 end
Average processing time of GrabImageRGBD(): 10.9408ms
Frame 1598 end
Average processing time of GrabImageRGBD(): 10.9392ms
Frame 1599 end
Average processing time of GrabImageRGBD(): 10.9398ms
Frame 1600 end
Average processing time of GrabImageRGBD(): 10.9575ms
Frame 1601 end
Average processing time of GrabImageRGBD(): 10.959ms
Frame 1602 end
Average processing time of GrabImageRGBD(): 10.9594ms
Frame 1603 end
Average processing time of GrabImageRGBD(): 10.9594ms
Frame 1604 end
Average processing time of GrabImageRGBD(): 10.9598ms
Frame 1605 end
Average processing time of GrabImageRGBD(): 10.9579ms
Frame 1606 end
Average processing time of GrabImageRGBD(): 10.958ms
Frame 1607 end
Average processing time of GrabImageRGBD(): 10.9558ms
Frame 1608 end
Average processing time of GrabImageRGBD(): 10.9558ms
Frame 1609 end
Average processing time of GrabImageRGBD(): 10.9556ms
Frame 1610 end
Average processing time of GrabImageRGBD(): 10.9549ms
Frame 1611 end
Average processing time of GrabImageRGBD(): 10.9548ms
Frame 1612 end
Average processing time of GrabImageRGBD(): 10.9549ms
Frame 1613 end
Average processing time of GrabImageRGBD(): 10.9548ms
Frame 1614 end
Average processing time of GrabImageRGBD(): 10.9544ms
Frame 1615 end
Average processing time of GrabImageRGBD(): 10.955ms
Frame 1616 end
Average processing time of GrabImageRGBD(): 10.9546ms
Frame 1617 end
Average processing time of GrabImageRGBD(): 10.9527ms
Frame 1618 end
Average processing time of GrabImageRGBD(): 10.9529ms
Frame 1619 end
Average processing time of GrabImageRGBD(): 10.9545ms
Frame 1620 end
Average processing time of GrabImageRGBD(): 10.9561ms
Frame 1621 end
Average processing time of GrabImageRGBD(): 10.9578ms
Frame 1622 end
Average processing time of GrabImageRGBD(): 10.9769ms
Frame 1623 end
Average processing time of GrabImageRGBD(): 10.982ms
Frame 1624 end
Average processing time of GrabImageRGBD(): 10.9833ms
Frame 1625 end
Average processing time of GrabImageRGBD(): 10.9814ms
Frame 1626 end
Average processing time of GrabImageRGBD(): 10.9816ms
Frame 1627 end
Average processing time of GrabImageRGBD(): 10.9824ms
Frame 1628 end
Average processing time of GrabImageRGBD(): 10.9821ms
Frame 1629 end
Average processing time of GrabImageRGBD(): 10.9831ms
Frame 1630 end
Average processing time of GrabImageRGBD(): 10.9835ms
Frame 1631 end
Average processing time of GrabImageRGBD(): 10.9844ms
Frame 1632 end
Average processing time of GrabImageRGBD(): 10.9849ms
Frame 1633 end
Average processing time of GrabImageRGBD(): 10.9848ms
Frame 1634 end
Average processing time of GrabImageRGBD(): 10.984ms
Frame 1635 end
Average processing time of GrabImageRGBD(): 10.9843ms
Frame 1636 end
Average processing time of GrabImageRGBD(): 11.0034ms
Frame 1637 end
Average processing time of GrabImageRGBD(): 11.0223ms
Frame 1638 end
Average processing time of GrabImageRGBD(): 11.0414ms
Frame 1639 end
Average processing time of GrabImageRGBD(): 11.0432ms
Frame 1640 end
Average processing time of GrabImageRGBD(): 11.0415ms
Frame 1641 end
Average processing time of GrabImageRGBD(): 11.0419ms
Frame 1642 end
Average processing time of GrabImageRGBD(): 11.0419ms
Frame 1643 end
Average processing time of GrabImageRGBD(): 11.0413ms
Frame 1644 end
Average processing time of GrabImageRGBD(): 11.0414ms
Frame 1645 end
Average processing time of GrabImageRGBD(): 11.0417ms
Frame 1646 end
Average processing time of GrabImageRGBD(): 11.0414ms
Frame 1647 end
Average processing time of GrabImageRGBD(): 11.041ms
Frame 1648 end
Average processing time of GrabImageRGBD(): 11.0412ms
Frame 1649 end
Average processing time of GrabImageRGBD(): 11.0409ms
Frame 1650 end
Average processing time of GrabImageRGBD(): 11.0404ms
Frame 1651 end
Average processing time of GrabImageRGBD(): 11.0401ms
Frame 1652 end
Average processing time of GrabImageRGBD(): 11.0401ms
Frame 1653 end
Average processing time of GrabImageRGBD(): 11.0397ms
Frame 1654 end
Average processing time of GrabImageRGBD(): 11.038ms
Frame 1655 end
Average processing time of GrabImageRGBD(): 11.0553ms
Frame 1656 end
Average processing time of GrabImageRGBD(): 11.0565ms
Frame 1657 end
Average processing time of GrabImageRGBD(): 11.0568ms
Frame 1658 end
Average processing time of GrabImageRGBD(): 11.0568ms
Frame 1659 end
Average processing time of GrabImageRGBD(): 11.057ms
Frame 1660 end
Average processing time of GrabImageRGBD(): 11.0568ms
Frame 1661 end
Average processing time of GrabImageRGBD(): 11.0556ms
Frame 1662 end
Average processing time of GrabImageRGBD(): 11.0541ms
Frame 1663 end
Average processing time of GrabImageRGBD(): 11.052ms
Frame 1664 end
Average processing time of GrabImageRGBD(): 11.0518ms
Frame 1665 end
Average processing time of GrabImageRGBD(): 11.0505ms
Frame 1666 end
Average processing time of GrabImageRGBD(): 11.0503ms
Frame 1667 end
Average processing time of GrabImageRGBD(): 11.0503ms
Frame 1668 end
Average processing time of GrabImageRGBD(): 11.05ms
Frame 1669 end
Average processing time of GrabImageRGBD(): 11.0502ms
Frame 1670 end
Average processing time of GrabImageRGBD(): 11.0507ms
Frame 1671 end
Average processing time of GrabImageRGBD(): 11.0513ms
Frame 1672 end
Average processing time of GrabImageRGBD(): 11.0512ms
Frame 1673 end
Average processing time of GrabImageRGBD(): 11.0671ms
Frame 1674 end
Average processing time of GrabImageRGBD(): 11.0688ms
Frame 1675 end
Average processing time of GrabImageRGBD(): 11.0697ms
Frame 1676 end
Average processing time of GrabImageRGBD(): 11.0695ms
Frame 1677 end
Average processing time of GrabImageRGBD(): 11.0694ms
Frame 1678 end
Average processing time of GrabImageRGBD(): 11.0692ms
Frame 1679 end
Average processing time of GrabImageRGBD(): 11.069ms
Frame 1680 end
Average processing time of GrabImageRGBD(): 11.0696ms
Frame 1681 end
Average processing time of GrabImageRGBD(): 11.0695ms
Frame 1682 end
Average processing time of GrabImageRGBD(): 11.0691ms
Frame 1683 end
Average processing time of GrabImageRGBD(): 11.0701ms
Frame 1684 end
Average processing time of GrabImageRGBD(): 11.0708ms
Frame 1685 end
Average processing time of GrabImageRGBD(): 11.0707ms
Frame 1686 end
Average processing time of GrabImageRGBD(): 11.0867ms
Frame 1687 end
Average processing time of GrabImageRGBD(): 11.0878ms
Frame 1688 end
Average processing time of GrabImageRGBD(): 11.0874ms
Frame 1689 end
Average processing time of GrabImageRGBD(): 11.0878ms
Frame 1690 end
Average processing time of GrabImageRGBD(): 11.086ms
Frame 1691 end
Average processing time of GrabImageRGBD(): 11.0853ms
Frame 1692 end
Average processing time of GrabImageRGBD(): 11.0856ms
Frame 1693 end
Average processing time of GrabImageRGBD(): 11.0842ms
Frame 1694 end
Average processing time of GrabImageRGBD(): 11.0845ms
Frame 1695 end
Average processing time of GrabImageRGBD(): 11.0841ms
Frame 1696 end
Average processing time of GrabImageRGBD(): 11.0843ms
Frame 1697 end
Average processing time of GrabImageRGBD(): 11.0852ms
Frame 1698 end
Average processing time of GrabImageRGBD(): 11.085ms
Frame 1699 end
Average processing time of GrabImageRGBD(): 11.0855ms
Frame 1700 end
Average processing time of GrabImageRGBD(): 11.0862ms
Frame 1701 end
Average processing time of GrabImageRGBD(): 11.086ms
Frame 1702 end
Average processing time of GrabImageRGBD(): 11.1035ms
Frame 1703 end
Average processing time of GrabImageRGBD(): 11.1034ms
Frame 1704 end
Average processing time of GrabImageRGBD(): 11.104ms
Frame 1705 end
Average processing time of GrabImageRGBD(): 11.1041ms
Frame 1706 end
Average processing time of GrabImageRGBD(): 11.1038ms
Frame 1707 end
Average processing time of GrabImageRGBD(): 11.105ms
Frame 1708 end
Average processing time of GrabImageRGBD(): 11.1055ms
Frame 1709 end
Average processing time of GrabImageRGBD(): 11.1053ms
Frame 1710 end
Average processing time of GrabImageRGBD(): 11.1235ms
Frame 1711 end
Average processing time of GrabImageRGBD(): 11.1259ms
Frame 1712 end
Average processing time of GrabImageRGBD(): 11.1267ms
Frame 1713 end
Average processing time of GrabImageRGBD(): 11.1267ms
Frame 1714 end
Average processing time of GrabImageRGBD(): 11.1262ms
Frame 1715 end
Average processing time of GrabImageRGBD(): 11.125ms
Frame 1716 end
Average processing time of GrabImageRGBD(): 11.1251ms
Frame 1717 end
Average processing time of GrabImageRGBD(): 11.1413ms
Frame 1718 end
Average processing time of GrabImageRGBD(): 11.143ms
Frame 1719 end
Average processing time of GrabImageRGBD(): 11.1438ms
Frame 1720 end
Average processing time of GrabImageRGBD(): 11.1443ms
Frame 1721 end
Average processing time of GrabImageRGBD(): 11.1447ms
Frame 1722 end
Average processing time of GrabImageRGBD(): 11.145ms
Frame 1723 end
Average processing time of GrabImageRGBD(): 11.1611ms
Frame 1724 end
Average processing time of GrabImageRGBD(): 11.1631ms
Frame 1725 end
Average processing time of GrabImageRGBD(): 11.1629ms
Frame 1726 end
Average processing time of GrabImageRGBD(): 11.1635ms
Frame 1727 end
Average processing time of GrabImageRGBD(): 11.1647ms
Frame 1728 end
Average processing time of GrabImageRGBD(): 11.1664ms
Frame 1729 end
Average processing time of GrabImageRGBD(): 11.1669ms
Frame 1730 end
Average processing time of GrabImageRGBD(): 11.1681ms
Frame 1731 end
Average processing time of GrabImageRGBD(): 11.1688ms
Frame 1732 end
Average processing time of GrabImageRGBD(): 11.1683ms
Frame 1733 end
Average processing time of GrabImageRGBD(): 11.1853ms
Frame 1734 end
Average processing time of GrabImageRGBD(): 11.1866ms
Frame 1735 end
Average processing time of GrabImageRGBD(): 11.1866ms
Frame 1736 end
Average processing time of GrabImageRGBD(): 11.1881ms
Frame 1737 end
Average processing time of GrabImageRGBD(): 11.1891ms
Frame 1738 end
Average processing time of GrabImageRGBD(): 11.1894ms
Frame 1739 end
Average processing time of GrabImageRGBD(): 11.1899ms
Frame 1740 end
Average processing time of GrabImageRGBD(): 11.19ms
Frame 1741 end
Average processing time of GrabImageRGBD(): 11.1901ms
Frame 1742 end
Average processing time of GrabImageRGBD(): 11.19ms
Frame 1743 end
Average processing time of GrabImageRGBD(): 11.2077ms
Frame 1744 end
Average processing time of GrabImageRGBD(): 11.2087ms
Frame 1745 end
Average processing time of GrabImageRGBD(): 11.2084ms
Frame 1746 end
Average processing time of GrabImageRGBD(): 11.2094ms
Frame 1747 end
Average processing time of GrabImageRGBD(): 11.2129ms
Frame 1748 end
Average processing time of GrabImageRGBD(): 11.2118ms
Frame 1749 end
Average processing time of GrabImageRGBD(): 11.2122ms
Frame 1750 end
Average processing time of GrabImageRGBD(): 11.2125ms
Frame 1751 end
Average processing time of GrabImageRGBD(): 11.2299ms
Frame 1752 end
Average processing time of GrabImageRGBD(): 11.2325ms
Frame 1753 end
Average processing time of GrabImageRGBD(): 11.2332ms
Frame 1754 end
Average processing time of GrabImageRGBD(): 11.2337ms
Frame 1755 end
Average processing time of GrabImageRGBD(): 11.2336ms
Frame 1756 end
Average processing time of GrabImageRGBD(): 11.2339ms
Frame 1757 end
Average processing time of GrabImageRGBD(): 11.2336ms
Frame 1758 end
Average processing time of GrabImageRGBD(): 11.2493ms
Frame 1759 end
Average processing time of GrabImageRGBD(): 11.2508ms
Frame 1760 end
Average processing time of GrabImageRGBD(): 11.2512ms
Frame 1761 end
Average processing time of GrabImageRGBD(): 11.2511ms
Frame 1762 end
Average processing time of GrabImageRGBD(): 11.251ms
Frame 1763 end
Average processing time of GrabImageRGBD(): 11.2512ms
Frame 1764 end
Average processing time of GrabImageRGBD(): 11.2513ms
Frame 1765 end
Average processing time of GrabImageRGBD(): 11.2667ms
Frame 1766 end
Average processing time of GrabImageRGBD(): 11.2684ms
Frame 1767 end
Average processing time of GrabImageRGBD(): 11.2694ms
Frame 1768 end
Average processing time of GrabImageRGBD(): 11.2689ms
Frame 1769 end
Average processing time of GrabImageRGBD(): 11.2683ms
Frame 1770 end
Average processing time of GrabImageRGBD(): 11.2663ms
Frame 1771 end
Average processing time of GrabImageRGBD(): 11.2663ms
Frame 1772 end
Average processing time of GrabImageRGBD(): 11.2662ms
Frame 1773 end
Average processing time of GrabImageRGBD(): 11.2803ms
Frame 1774 end
Average processing time of GrabImageRGBD(): 11.2811ms
Frame 1775 end
Average processing time of GrabImageRGBD(): 11.2803ms
Frame 1776 end
Average processing time of GrabImageRGBD(): 11.2795ms
Frame 1777 end
Average processing time of GrabImageRGBD(): 11.2945ms
Frame 1778 end
Average processing time of GrabImageRGBD(): 11.2959ms
Frame 1779 end
Average processing time of GrabImageRGBD(): 11.2957ms
Frame 1780 end
Average processing time of GrabImageRGBD(): 11.2939ms
Frame 1781 end
Average processing time of GrabImageRGBD(): 11.2927ms
Frame 1782 end
Average processing time of GrabImageRGBD(): 11.2928ms
Frame 1783 end
Average processing time of GrabImageRGBD(): 11.2911ms
Frame 1784 end
Average processing time of GrabImageRGBD(): 11.2903ms
Frame 1785 end
Average processing time of GrabImageRGBD(): 11.3034ms
Frame 1786 end
Average processing time of GrabImageRGBD(): 11.3048ms
Frame 1787 end
Average processing time of GrabImageRGBD(): 11.3052ms
Frame 1788 end
Average processing time of GrabImageRGBD(): 11.3042ms
Frame 1789 end
Average processing time of GrabImageRGBD(): 11.3173ms
Frame 1790 end
Average processing time of GrabImageRGBD(): 11.3181ms
Frame 1791 end
Average processing time of GrabImageRGBD(): 11.318ms
Frame 1792 end
Average processing time of GrabImageRGBD(): 11.3171ms
Frame 1793 end
Average processing time of GrabImageRGBD(): 11.3172ms
Frame 1794 end
Average processing time of GrabImageRGBD(): 11.3169ms
Frame 1795 end
Average processing time of GrabImageRGBD(): 11.3166ms
Frame 1796 end
Average processing time of GrabImageRGBD(): 11.3166ms
Frame 1797 end
Average processing time of GrabImageRGBD(): 11.3164ms
Frame 1798 end
Average processing time of GrabImageRGBD(): 11.3161ms
Frame 1799 end
Average processing time of GrabImageRGBD(): 11.3163ms
Frame 1800 end
Average processing time of GrabImageRGBD(): 11.3144ms
Frame 1801 end
Average processing time of GrabImageRGBD(): 11.3144ms
Frame 1802 end
Average processing time of GrabImageRGBD(): 11.3145ms
Frame 1803 end
Average processing time of GrabImageRGBD(): 11.3295ms
Frame 1804 end
Average processing time of GrabImageRGBD(): 11.331ms
Frame 1805 end
Average processing time of GrabImageRGBD(): 11.3316ms
Frame 1806 end
Average processing time of GrabImageRGBD(): 11.3472ms
Frame 1807 end
Average processing time of GrabImageRGBD(): 11.3633ms
Frame 1808 end
Average processing time of GrabImageRGBD(): 11.3646ms
Frame 1809 end
Average processing time of GrabImageRGBD(): 11.3642ms
Frame 1810 end
Average processing time of GrabImageRGBD(): 11.3807ms
Frame 1811 end
Average processing time of GrabImageRGBD(): 11.3981ms
Frame 1812 end
Average processing time of GrabImageRGBD(): 11.3997ms
Frame 1813 end
Average processing time of GrabImageRGBD(): 11.4003ms
Frame 1814 end
Average processing time of GrabImageRGBD(): 11.401ms
Frame 1815 end
Average processing time of GrabImageRGBD(): 11.4014ms
Frame 1816 end
Average processing time of GrabImageRGBD(): 11.4023ms
Frame 1817 end
Average processing time of GrabImageRGBD(): 11.4026ms
Frame 1818 end
Average processing time of GrabImageRGBD(): 11.4035ms
Frame 1819 end
Average processing time of GrabImageRGBD(): 11.4048ms
Frame 1820 end
Average processing time of GrabImageRGBD(): 11.4053ms
Frame 1821 end
Average processing time of GrabImageRGBD(): 11.4058ms
Frame 1822 end
Average processing time of GrabImageRGBD(): 11.4215ms
Frame 1823 end
Average processing time of GrabImageRGBD(): 11.4221ms
Frame 1824 end
Average processing time of GrabImageRGBD(): 11.4208ms
Frame 1825 end
Average processing time of GrabImageRGBD(): 11.4215ms
Frame 1826 end
Average processing time of GrabImageRGBD(): 11.4223ms
Frame 1827 end
Average processing time of GrabImageRGBD(): 11.4393ms
Frame 1828 end
Average processing time of GrabImageRGBD(): 11.4411ms
Frame 1829 end
Average processing time of GrabImageRGBD(): 11.4411ms
Frame 1830 end
Average processing time of GrabImageRGBD(): 11.441ms
Frame 1831 end
Average processing time of GrabImageRGBD(): 11.4414ms
Frame 1832 end
Average processing time of GrabImageRGBD(): 11.46ms
Frame 1833 end
Average processing time of GrabImageRGBD(): 11.4624ms
Frame 1834 end
Average processing time of GrabImageRGBD(): 11.4791ms
Frame 1835 end
Average processing time of GrabImageRGBD(): 11.4802ms
Frame 1836 end
Average processing time of GrabImageRGBD(): 11.4809ms
Frame 1837 end
Average processing time of GrabImageRGBD(): 11.4821ms
Frame 1838 end
Average processing time of GrabImageRGBD(): 11.4818ms
Frame 1839 end
Average processing time of GrabImageRGBD(): 11.4817ms
Frame 1840 end
Average processing time of GrabImageRGBD(): 11.4824ms
Frame 1841 end
Average processing time of GrabImageRGBD(): 11.4828ms
Frame 1842 end
Average processing time of GrabImageRGBD(): 11.4834ms
Frame 1843 end
Average processing time of GrabImageRGBD(): 11.4831ms
Frame 1844 end
Average processing time of GrabImageRGBD(): 11.5001ms
Frame 1845 end
Average processing time of GrabImageRGBD(): 11.502ms
Frame 1846 end
Average processing time of GrabImageRGBD(): 11.5229ms
Frame 1847 end
Average processing time of GrabImageRGBD(): 11.5252ms
Frame 1848 end
Average processing time of GrabImageRGBD(): 11.5281ms
Frame 1849 end
Average processing time of GrabImageRGBD(): 11.5292ms
Frame 1850 end
Average processing time of GrabImageRGBD(): 11.5518ms
Frame 1851 end
Average processing time of GrabImageRGBD(): 11.552ms
Frame 1852 end
Average processing time of GrabImageRGBD(): 11.5537ms
Frame 1853 end
Average processing time of GrabImageRGBD(): 11.5542ms
Frame 1854 end
Average processing time of GrabImageRGBD(): 11.5707ms
Frame 1855 end
Average processing time of GrabImageRGBD(): 11.5733ms
Frame 1856 end
Average processing time of GrabImageRGBD(): 11.5742ms
Frame 1857 end
Average processing time of GrabImageRGBD(): 11.5739ms
Frame 1858 end
Average processing time of GrabImageRGBD(): 11.5746ms
Frame 1859 end
Average processing time of GrabImageRGBD(): 11.5749ms
Frame 1860 end
Average processing time of GrabImageRGBD(): 11.5764ms
Frame 1861 end
Average processing time of GrabImageRGBD(): 11.5763ms
Frame 1862 end
Average processing time of GrabImageRGBD(): 11.5766ms
Frame 1863 end
Average processing time of GrabImageRGBD(): 11.5782ms
Frame 1864 end
Average processing time of GrabImageRGBD(): 11.5773ms
Frame 1865 end
Average processing time of GrabImageRGBD(): 11.5758ms
Frame 1866 end
Average processing time of GrabImageRGBD(): 11.5757ms
Frame 1867 end
Average processing time of GrabImageRGBD(): 11.5906ms
Frame 1868 end
Average processing time of GrabImageRGBD(): 11.5914ms
Frame 1869 end
Average processing time of GrabImageRGBD(): 11.5897ms
Frame 1870 end
Average processing time of GrabImageRGBD(): 11.59ms
Frame 1871 end
Average processing time of GrabImageRGBD(): 11.5898ms
Frame 1872 end
Average processing time of GrabImageRGBD(): 11.588ms
Frame 1873 end
Average processing time of GrabImageRGBD(): 11.5892ms
Frame 1874 end
Average processing time of GrabImageRGBD(): 11.5908ms
Frame 1875 end
Average processing time of GrabImageRGBD(): 11.5929ms
Frame 1876 end
Average processing time of GrabImageRGBD(): 11.5932ms
Frame 1877 end
Average processing time of GrabImageRGBD(): 11.6088ms
Frame 1878 end
Average processing time of GrabImageRGBD(): 11.6103ms
Frame 1879 end
Average processing time of GrabImageRGBD(): 11.6109ms
Frame 1880 end
Average processing time of GrabImageRGBD(): 11.6105ms
Frame 1881 end
Average processing time of GrabImageRGBD(): 11.6101ms
Frame 1882 end
Average processing time of GrabImageRGBD(): 11.6098ms
Frame 1883 end
Average processing time of GrabImageRGBD(): 11.6102ms
Frame 1884 end
Average processing time of GrabImageRGBD(): 11.6105ms
Frame 1885 end
Average processing time of GrabImageRGBD(): 11.6122ms
Frame 1886 end
Average processing time of GrabImageRGBD(): 11.6133ms
Frame 1887 end
Average processing time of GrabImageRGBD(): 11.615ms
Frame 1888 end
Average processing time of GrabImageRGBD(): 11.6157ms
Frame 1889 end
Average processing time of GrabImageRGBD(): 11.6154ms
Frame 1890 end
Average processing time of GrabImageRGBD(): 11.6148ms
Frame 1891 end
Average processing time of GrabImageRGBD(): 11.631ms
Frame 1892 end
Average processing time of GrabImageRGBD(): 11.6326ms
Frame 1893 end
Average processing time of GrabImageRGBD(): 11.6335ms
Frame 1894 end
Average processing time of GrabImageRGBD(): 11.6347ms
Frame 1895 end
Average processing time of GrabImageRGBD(): 11.6347ms
Frame 1896 end
Average processing time of GrabImageRGBD(): 11.6356ms
Frame 1897 end
Average processing time of GrabImageRGBD(): 11.6355ms
Frame 1898 end
Average processing time of GrabImageRGBD(): 11.6365ms
Frame 1899 end
Average processing time of GrabImageRGBD(): 11.6371ms
Frame 1900 end
Average processing time of GrabImageRGBD(): 11.6369ms
Frame 1901 end
Average processing time of GrabImageRGBD(): 11.6383ms
Frame 1902 end
Average processing time of GrabImageRGBD(): 11.6393ms
Frame 1903 end
Average processing time of GrabImageRGBD(): 11.6408ms
Frame 1904 end
Average processing time of GrabImageRGBD(): 11.6407ms
Frame 1905 end
Average processing time of GrabImageRGBD(): 11.6416ms
Frame 1906 end
Average processing time of GrabImageRGBD(): 11.643ms
Frame 1907 end
Average processing time of GrabImageRGBD(): 11.6423ms
Frame 1908 end
Average processing time of GrabImageRGBD(): 11.6418ms
Frame 1909 end
Average processing time of GrabImageRGBD(): 11.6439ms
Frame 1910 end
Average processing time of GrabImageRGBD(): 11.6581ms
Frame 1911 end
Average processing time of GrabImageRGBD(): 11.6589ms
Frame 1912 end
Average processing time of GrabImageRGBD(): 11.6745ms
Frame 1913 end
Average processing time of GrabImageRGBD(): 11.6756ms
Frame 1914 end
Average processing time of GrabImageRGBD(): 11.6746ms
Frame 1915 end
Average processing time of GrabImageRGBD(): 11.6738ms
Frame 1916 end
Average processing time of GrabImageRGBD(): 11.6743ms
Frame 1917 end
Average processing time of GrabImageRGBD(): 11.6731ms
Frame 1918 end
Average processing time of GrabImageRGBD(): 11.674ms
Frame 1919 end
Average processing time of GrabImageRGBD(): 11.6745ms
Frame 1920 end
Average processing time of GrabImageRGBD(): 11.6741ms
Frame 1921 end
Average processing time of GrabImageRGBD(): 11.674ms
Frame 1922 end
Average processing time of GrabImageRGBD(): 11.6739ms
Frame 1923 end
Average processing time of GrabImageRGBD(): 11.6742ms
Frame 1924 end
Average processing time of GrabImageRGBD(): 11.6749ms
Frame 1925 end
Average processing time of GrabImageRGBD(): 11.6759ms
Frame 1926 end
Average processing time of GrabImageRGBD(): 11.6768ms
Frame 1927 end
Average processing time of GrabImageRGBD(): 11.6775ms
Frame 1928 end
Average processing time of GrabImageRGBD(): 11.6787ms
Frame 1929 end
Average processing time of GrabImageRGBD(): 11.6786ms
Frame 1930 end
Average processing time of GrabImageRGBD(): 11.6795ms
Frame 1931 end
Average processing time of GrabImageRGBD(): 11.6792ms
Frame 1932 end
Average processing time of GrabImageRGBD(): 11.6933ms
Frame 1933 end
Average processing time of GrabImageRGBD(): 11.6943ms
Frame 1934 end
Average processing time of GrabImageRGBD(): 11.6938ms
Frame 1935 end
Average processing time of GrabImageRGBD(): 11.694ms
Frame 1936 end
Average processing time of GrabImageRGBD(): 11.6939ms
Frame 1937 end
Average processing time of GrabImageRGBD(): 11.6932ms
Frame 1938 end
Average processing time of GrabImageRGBD(): 11.6946ms
Frame 1939 end
Average processing time of GrabImageRGBD(): 11.6927ms
Frame 1940 end
Average processing time of GrabImageRGBD(): 11.6926ms
Frame 1941 end
Average processing time of GrabImageRGBD(): 11.692ms
Frame 1942 end
Average processing time of GrabImageRGBD(): 11.6916ms
Frame 1943 end
Average processing time of GrabImageRGBD(): 11.6917ms
Frame 1944 end
Average processing time of GrabImageRGBD(): 11.6912ms
Frame 1945 end
Average processing time of GrabImageRGBD(): 11.6912ms
Frame 1946 end
Average processing time of GrabImageRGBD(): 11.6921ms
Frame 1947 end
Average processing time of GrabImageRGBD(): 11.6922ms
Frame 1948 end
Average processing time of GrabImageRGBD(): 11.6914ms
Frame 1949 end
Average processing time of GrabImageRGBD(): 11.692ms
Frame 1950 end
Average processing time of GrabImageRGBD(): 11.7063ms
Frame 1951 end
Average processing time of GrabImageRGBD(): 11.7083ms
Frame 1952 end
Average processing time of GrabImageRGBD(): 11.708ms
Frame 1953 end
Average processing time of GrabImageRGBD(): 11.7067ms
Frame 1954 end
Average processing time of GrabImageRGBD(): 11.7063ms
Frame 1955 end
Average processing time of GrabImageRGBD(): 11.7066ms
Frame 1956 end
Average processing time of GrabImageRGBD(): 11.7076ms
Frame 1957 end
Average processing time of GrabImageRGBD(): 11.7087ms
Frame 1958 end
Average processing time of GrabImageRGBD(): 11.709ms
Frame 1959 end
Average processing time of GrabImageRGBD(): 11.7089ms
Frame 1960 end
Average processing time of GrabImageRGBD(): 11.7094ms
Frame 1961 end
Average processing time of GrabImageRGBD(): 11.7095ms
Frame 1962 end
Average processing time of GrabImageRGBD(): 11.709ms
Frame 1963 end
Average processing time of GrabImageRGBD(): 11.7091ms
Frame 1964 end
Average processing time of GrabImageRGBD(): 11.7077ms
Frame 1965 end
Average processing time of GrabImageRGBD(): 11.7089ms
Frame 1966 end
Average processing time of GrabImageRGBD(): 11.7098ms
Frame 1967 end
Average processing time of GrabImageRGBD(): 11.7102ms
Frame 1968 end
Average processing time of GrabImageRGBD(): 11.711ms
Frame 1969 end
Average processing time of GrabImageRGBD(): 11.7114ms
Frame 1970 end
Average processing time of GrabImageRGBD(): 11.7258ms
Frame 1971 end
Average processing time of GrabImageRGBD(): 11.7283ms
Frame 1972 end
Average processing time of GrabImageRGBD(): 11.7294ms
Frame 1973 end
Average processing time of GrabImageRGBD(): 11.7296ms
Frame 1974 end
Average processing time of GrabImageRGBD(): 11.7309ms
Frame 1975 end
Average processing time of GrabImageRGBD(): 11.7321ms
Frame 1976 end
Average processing time of GrabImageRGBD(): 11.7332ms
Frame 1977 end
Average processing time of GrabImageRGBD(): 11.7331ms
Frame 1978 end
Average processing time of GrabImageRGBD(): 11.7333ms
Frame 1979 end
Average processing time of GrabImageRGBD(): 11.7342ms
Frame 1980 end
Average processing time of GrabImageRGBD(): 11.7351ms
Frame 1981 end
Average processing time of GrabImageRGBD(): 11.7359ms
Frame 1982 end
Average processing time of GrabImageRGBD(): 11.7385ms
Frame 1983 end
Average processing time of GrabImageRGBD(): 11.7373ms
Frame 1984 end
Average processing time of GrabImageRGBD(): 11.7518ms
Frame 1985 end
Average processing time of GrabImageRGBD(): 11.7527ms
Frame 1986 end
Average processing time of GrabImageRGBD(): 11.7536ms
Frame 1987 end
Average processing time of GrabImageRGBD(): 11.7547ms
Frame 1988 end
Average processing time of GrabImageRGBD(): 11.7551ms
Frame 1989 end
Average processing time of GrabImageRGBD(): 11.7555ms
Frame 1990 end
Average processing time of GrabImageRGBD(): 11.7559ms
Frame 1991 end
Average processing time of GrabImageRGBD(): 11.7555ms
Frame 1992 end
Average processing time of GrabImageRGBD(): 11.7559ms
Frame 1993 end
Average processing time of GrabImageRGBD(): 11.7563ms
Frame 1994 end
Average processing time of GrabImageRGBD(): 11.7567ms
Frame 1995 end
Average processing time of GrabImageRGBD(): 11.7554ms
Frame 1996 end
Average processing time of GrabImageRGBD(): 11.7556ms
Frame 1997 end
Average processing time of GrabImageRGBD(): 11.7559ms
Frame 1998 end
Average processing time of GrabImageRGBD(): 11.7562ms
Frame 1999 end
Average processing time of GrabImageRGBD(): 11.7558ms
Frame 2000 end
Average processing time of GrabImageRGBD(): 11.7704ms
Frame 2001 end
Average processing time of GrabImageRGBD(): 11.7717ms
Frame 2002 end
Average processing time of GrabImageRGBD(): 11.7721ms
Frame 2003 end
Average processing time of GrabImageRGBD(): 11.7725ms
Frame 2004 end
Average processing time of GrabImageRGBD(): 11.7729ms
Frame 2005 end
Average processing time of GrabImageRGBD(): 11.7731ms
Frame 2006 end
Average processing time of GrabImageRGBD(): 11.7732ms
Frame 2007 end
Average processing time of GrabImageRGBD(): 11.7738ms
Frame 2008 end
Average processing time of GrabImageRGBD(): 11.7744ms
Frame 2009 end
Average processing time of GrabImageRGBD(): 11.7739ms
Frame 2010 end
Average processing time of GrabImageRGBD(): 11.7742ms
Frame 2011 end
Average processing time of GrabImageRGBD(): 11.7747ms
Frame 2012 end
Average processing time of GrabImageRGBD(): 11.7748ms
Frame 2013 end
Average processing time of GrabImageRGBD(): 11.7751ms
Frame 2014 end
Average processing time of GrabImageRGBD(): 11.7755ms
Frame 2015 end
Average processing time of GrabImageRGBD(): 11.7745ms
Frame 2016 end
Average processing time of GrabImageRGBD(): 11.7744ms
Frame 2017 end
Average processing time of GrabImageRGBD(): 11.7746ms
Frame 2018 end
Average processing time of GrabImageRGBD(): 11.7889ms
Frame 2019 end
Average processing time of GrabImageRGBD(): 11.7908ms
Frame 2020 end
Average processing time of GrabImageRGBD(): 11.791ms
Frame 2021 end
Average processing time of GrabImageRGBD(): 11.7897ms
Frame 2022 end
Average processing time of GrabImageRGBD(): 11.7915ms
Frame 2023 end
Average processing time of GrabImageRGBD(): 11.7927ms
Frame 2024 end
Average processing time of GrabImageRGBD(): 11.7937ms
Frame 2025 end
Average processing time of GrabImageRGBD(): 11.7941ms
Frame 2026 end
Average processing time of GrabImageRGBD(): 11.7944ms
Frame 2027 end
Average processing time of GrabImageRGBD(): 11.7944ms
Frame 2028 end
Average processing time of GrabImageRGBD(): 11.795ms
Frame 2029 end
Average processing time of GrabImageRGBD(): 11.7948ms
Frame 2030 end
Average processing time of GrabImageRGBD(): 11.7948ms
Frame 2031 end
Average processing time of GrabImageRGBD(): 11.7937ms
Frame 2032 end
Average processing time of GrabImageRGBD(): 11.7935ms
Frame 2033 end
Average processing time of GrabImageRGBD(): 11.7914ms
Frame 2034 end
Average processing time of GrabImageRGBD(): 11.7919ms
Frame 2035 end
Average processing time of GrabImageRGBD(): 11.814ms
Frame 2036 end
Average processing time of GrabImageRGBD(): 11.815ms
Frame 2037 end
Average processing time of GrabImageRGBD(): 11.8143ms
Frame 2038 end
Average processing time of GrabImageRGBD(): 11.8143ms
Frame 2039 end
Average processing time of GrabImageRGBD(): 11.8137ms
Frame 2040 end
Average processing time of GrabImageRGBD(): 11.8123ms
Frame 2041 end
Average processing time of GrabImageRGBD(): 11.8118ms
Frame 2042 end
Average processing time of GrabImageRGBD(): 11.811ms
Frame 2043 end
Average processing time of GrabImageRGBD(): 11.8107ms
Frame 2044 end
Average processing time of GrabImageRGBD(): 11.8104ms
Frame 2045 end
Average processing time of GrabImageRGBD(): 11.8101ms
Frame 2046 end
Average processing time of GrabImageRGBD(): 11.8097ms
Frame 2047 end
Average processing time of GrabImageRGBD(): 11.8096ms
Frame 2048 end
Average processing time of GrabImageRGBD(): 11.8097ms
Frame 2049 end
Average processing time of GrabImageRGBD(): 11.81ms
Frame 2050 end
Average processing time of GrabImageRGBD(): 11.8101ms
Frame 2051 end
Average processing time of GrabImageRGBD(): 11.8102ms
Frame 2052 end
Average processing time of GrabImageRGBD(): 11.8228ms
Frame 2053 end
Average processing time of GrabImageRGBD(): 11.8234ms
Frame 2054 end
Average processing time of GrabImageRGBD(): 11.8239ms
Frame 2055 end
Average processing time of GrabImageRGBD(): 11.8244ms
Frame 2056 end
Average processing time of GrabImageRGBD(): 11.8248ms
Frame 2057 end
Average processing time of GrabImageRGBD(): 11.8234ms
Frame 2058 end
Average processing time of GrabImageRGBD(): 11.8243ms
Frame 2059 end
Average processing time of GrabImageRGBD(): 11.8245ms
Frame 2060 end
Average processing time of GrabImageRGBD(): 11.8246ms
Frame 2061 end
Average processing time of GrabImageRGBD(): 11.8232ms
Frame 2062 end
Average processing time of GrabImageRGBD(): 11.8219ms
Frame 2063 end
Average processing time of GrabImageRGBD(): 11.822ms
Frame 2064 end
Average processing time of GrabImageRGBD(): 11.8218ms
Frame 2065 end
Average processing time of GrabImageRGBD(): 11.8216ms
Frame 2066 end
Average processing time of GrabImageRGBD(): 11.821ms
Frame 2067 end
Average processing time of GrabImageRGBD(): 11.8212ms
Frame 2068 end
Average processing time of GrabImageRGBD(): 11.8205ms
Frame 2069 end
Average processing time of GrabImageRGBD(): 11.8204ms
Frame 2070 end
Average processing time of GrabImageRGBD(): 11.8332ms
Frame 2071 end
Average processing time of GrabImageRGBD(): 11.8338ms
Frame 2072 end
Average processing time of GrabImageRGBD(): 11.8337ms
Frame 2073 end
Average processing time of GrabImageRGBD(): 11.8336ms
Frame 2074 end
Average processing time of GrabImageRGBD(): 11.8343ms
Frame 2075 end
Average processing time of GrabImageRGBD(): 11.8339ms
Frame 2076 end
Average processing time of GrabImageRGBD(): 11.8337ms
Frame 2077 end
Average processing time of GrabImageRGBD(): 11.8337ms
Frame 2078 end
Average processing time of GrabImageRGBD(): 11.8338ms
Frame 2079 end
Average processing time of GrabImageRGBD(): 11.8335ms
Frame 2080 end
Average processing time of GrabImageRGBD(): 11.8326ms
Frame 2081 end
Average processing time of GrabImageRGBD(): 11.8315ms
Frame 2082 end
Average processing time of GrabImageRGBD(): 11.8312ms
Frame 2083 end
Average processing time of GrabImageRGBD(): 11.8312ms
Frame 2084 end
Average processing time of GrabImageRGBD(): 11.8306ms
Frame 2085 end
Average processing time of GrabImageRGBD(): 11.8308ms
Frame 2086 end
Average processing time of GrabImageRGBD(): 11.8489ms
Frame 2087 end
Average processing time of GrabImageRGBD(): 11.8501ms
Frame 2088 end
Average processing time of GrabImageRGBD(): 11.8497ms
Frame 2089 end
Average processing time of GrabImageRGBD(): 11.8482ms
Frame 2090 end
Average processing time of GrabImageRGBD(): 11.8482ms
Frame 2091 end
Average processing time of GrabImageRGBD(): 11.8482ms
Frame 2092 end
Average processing time of GrabImageRGBD(): 11.8496ms
Frame 2093 end
Average processing time of GrabImageRGBD(): 11.8497ms
Frame 2094 end
Average processing time of GrabImageRGBD(): 11.8486ms
Frame 2095 end
Average processing time of GrabImageRGBD(): 11.8487ms
Frame 2096 end
Average processing time of GrabImageRGBD(): 11.8491ms
Frame 2097 end
Average processing time of GrabImageRGBD(): 11.8482ms
Frame 2098 end
Average processing time of GrabImageRGBD(): 11.8484ms
Frame 2099 end
Average processing time of GrabImageRGBD(): 11.8481ms
Frame 2100 end
Average processing time of GrabImageRGBD(): 11.8472ms
Frame 2101 end
Average processing time of GrabImageRGBD(): 11.8475ms
Frame 2102 end
Average processing time of GrabImageRGBD(): 11.8478ms
Frame 2103 end
Average processing time of GrabImageRGBD(): 11.8616ms
Frame 2104 end
Average processing time of GrabImageRGBD(): 11.8629ms
Frame 2105 end
Average processing time of GrabImageRGBD(): 11.8627ms
Frame 2106 end
Average processing time of GrabImageRGBD(): 11.8637ms
Frame 2107 end
Average processing time of GrabImageRGBD(): 11.8634ms
Frame 2108 end
Average processing time of GrabImageRGBD(): 11.8639ms
Frame 2109 end
Average processing time of GrabImageRGBD(): 11.8635ms
Frame 2110 end
Average processing time of GrabImageRGBD(): 11.8637ms
Frame 2111 end
Average processing time of GrabImageRGBD(): 11.8638ms
Frame 2112 end
Average processing time of GrabImageRGBD(): 11.8625ms
Frame 2113 end
Average processing time of GrabImageRGBD(): 11.8621ms
Frame 2114 end
Average processing time of GrabImageRGBD(): 11.8625ms
Frame 2115 end
Average processing time of GrabImageRGBD(): 11.862ms
Frame 2116 end
Average processing time of GrabImageRGBD(): 11.8631ms
Frame 2117 end
Average processing time of GrabImageRGBD(): 11.8627ms
Frame 2118 end
Average processing time of GrabImageRGBD(): 11.8759ms
Frame 2119 end
Average processing time of GrabImageRGBD(): 11.8772ms
Frame 2120 end
Average processing time of GrabImageRGBD(): 11.8767ms
Frame 2121 end
Average processing time of GrabImageRGBD(): 11.8763ms
Frame 2122 end
Average processing time of GrabImageRGBD(): 11.8766ms
Frame 2123 end
Average processing time of GrabImageRGBD(): 11.8753ms
Frame 2124 end
Average processing time of GrabImageRGBD(): 11.8748ms
Frame 2125 end
Average processing time of GrabImageRGBD(): 11.8743ms
Frame 2126 end
Average processing time of GrabImageRGBD(): 11.8745ms
Frame 2127 end
Average processing time of GrabImageRGBD(): 11.8744ms
Frame 2128 end
Average processing time of GrabImageRGBD(): 11.8743ms
Frame 2129 end
Average processing time of GrabImageRGBD(): 11.8731ms
Frame 2130 end
Average processing time of GrabImageRGBD(): 11.8734ms
Frame 2131 end
Average processing time of GrabImageRGBD(): 11.873ms
Frame 2132 end
Average processing time of GrabImageRGBD(): 11.8721ms
Frame 2133 end
Average processing time of GrabImageRGBD(): 11.8706ms
Frame 2134 end
Average processing time of GrabImageRGBD(): 11.8709ms
Frame 2135 end
Average processing time of GrabImageRGBD(): 11.886ms
Frame 2136 end
Average processing time of GrabImageRGBD(): 11.8881ms
Frame 2137 end
Average processing time of GrabImageRGBD(): 11.8889ms
Frame 2138 end
Average processing time of GrabImageRGBD(): 11.8898ms
Frame 2139 end
Average processing time of GrabImageRGBD(): 11.8896ms
Frame 2140 end
Average processing time of GrabImageRGBD(): 11.8891ms
Frame 2141 end
Average processing time of GrabImageRGBD(): 11.8886ms
Frame 2142 end
Average processing time of GrabImageRGBD(): 11.8879ms
Frame 2143 end
Average processing time of GrabImageRGBD(): 11.8884ms
Frame 2144 end
Average processing time of GrabImageRGBD(): 11.8893ms
Frame 2145 end
Average processing time of GrabImageRGBD(): 11.8901ms
Frame 2146 end
Average processing time of GrabImageRGBD(): 11.89ms
Frame 2147 end
Average processing time of GrabImageRGBD(): 11.8898ms
Frame 2148 end
Average processing time of GrabImageRGBD(): 11.8902ms
Frame 2149 end
Average processing time of GrabImageRGBD(): 11.89ms
Frame 2150 end
Average processing time of GrabImageRGBD(): 11.9043ms
Frame 2151 end
Average processing time of GrabImageRGBD(): 11.9058ms
Frame 2152 end
Average processing time of GrabImageRGBD(): 11.9051ms
Frame 2153 end
Average processing time of GrabImageRGBD(): 11.9053ms
Frame 2154 end
Average processing time of GrabImageRGBD(): 11.9053ms
Frame 2155 end
Average processing time of GrabImageRGBD(): 11.9039ms
Frame 2156 end
Average processing time of GrabImageRGBD(): 11.9043ms
Frame 2157 end
Average processing time of GrabImageRGBD(): 11.9054ms
Frame 2158 end
Average processing time of GrabImageRGBD(): 11.906ms
Frame 2159 end
Average processing time of GrabImageRGBD(): 11.9061ms
Frame 2160 end
Average processing time of GrabImageRGBD(): 11.9078ms
Frame 2161 end
Average processing time of GrabImageRGBD(): 11.9076ms
Frame 2162 end
Average processing time of GrabImageRGBD(): 11.908ms
Frame 2163 end
Average processing time of GrabImageRGBD(): 11.9082ms
Frame 2164 end
Average processing time of GrabImageRGBD(): 11.9076ms
Frame 2165 end
Average processing time of GrabImageRGBD(): 11.9079ms
Frame 2166 end
Average processing time of GrabImageRGBD(): 11.9197ms
Frame 2167 end
Average processing time of GrabImageRGBD(): 11.9207ms
Frame 2168 end
Average processing time of GrabImageRGBD(): 11.9209ms
Frame 2169 end
Average processing time of GrabImageRGBD(): 11.9207ms
Frame 2170 end
Average processing time of GrabImageRGBD(): 11.9219ms
Frame 2171 end
Average processing time of GrabImageRGBD(): 11.9223ms
Frame 2172 end
Average processing time of GrabImageRGBD(): 11.9225ms
Frame 2173 end
Average processing time of GrabImageRGBD(): 11.9229ms
Frame 2174 end
Average processing time of GrabImageRGBD(): 11.9233ms
Frame 2175 end
Average processing time of GrabImageRGBD(): 11.9219ms
Frame 2176 end
Average processing time of GrabImageRGBD(): 11.9207ms
Frame 2177 end
Average processing time of GrabImageRGBD(): 11.9205ms
Frame 2178 end
Average processing time of GrabImageRGBD(): 11.9339ms
Frame 2179 end
Average processing time of GrabImageRGBD(): 11.9353ms
Frame 2180 end
Average processing time of GrabImageRGBD(): 11.9355ms
Frame 2181 end
Average processing time of GrabImageRGBD(): 11.9349ms
Frame 2182 end
Average processing time of GrabImageRGBD(): 11.9344ms
Frame 2183 end
Average processing time of GrabImageRGBD(): 11.9333ms
Frame 2184 end
Average processing time of GrabImageRGBD(): 11.933ms
Frame 2185 end
Average processing time of GrabImageRGBD(): 11.9335ms
Frame 2186 end
Average processing time of GrabImageRGBD(): 11.9459ms
Frame 2187 end
Average processing time of GrabImageRGBD(): 11.9471ms
Frame 2188 end
Average processing time of GrabImageRGBD(): 11.9484ms
Frame 2189 end
Average processing time of GrabImageRGBD(): 11.9477ms
Frame 2190 end
Average processing time of GrabImageRGBD(): 11.9614ms
Frame 2191 end
Average processing time of GrabImageRGBD(): 11.9635ms
Frame 2192 end
Average processing time of GrabImageRGBD(): 11.9634ms
Frame 2193 end
Average processing time of GrabImageRGBD(): 11.9631ms
Frame 2194 end
Average processing time of GrabImageRGBD(): 11.9628ms
Frame 2195 end
Average processing time of GrabImageRGBD(): 11.9628ms
Frame 2196 end
Average processing time of GrabImageRGBD(): 11.9756ms
Frame 2197 end
Average processing time of GrabImageRGBD(): 11.9769ms
Frame 2198 end
Average processing time of GrabImageRGBD(): 11.9779ms
Frame 2199 end
Average processing time of GrabImageRGBD(): 11.9778ms
Frame 2200 end
Average processing time of GrabImageRGBD(): 11.9789ms
Frame 2201 end
Average processing time of GrabImageRGBD(): 11.9799ms
Frame 2202 end
Average processing time of GrabImageRGBD(): 11.9812ms
Frame 2203 end
Average processing time of GrabImageRGBD(): 11.9813ms
Frame 2204 end
Average processing time of GrabImageRGBD(): 11.9814ms
Frame 2205 end
Average processing time of GrabImageRGBD(): 11.9814ms
Frame 2206 end
Average processing time of GrabImageRGBD(): 11.981ms
Frame 2207 end
Average processing time of GrabImageRGBD(): 11.9809ms
Frame 2208 end
Average processing time of GrabImageRGBD(): 11.9822ms
Frame 2209 end
Average processing time of GrabImageRGBD(): 11.9973ms
Frame 2210 end
Average processing time of GrabImageRGBD(): 11.9978ms
Frame 2211 end
Average processing time of GrabImageRGBD(): 11.9975ms
Frame 2212 end
Average processing time of GrabImageRGBD(): 11.9973ms
Frame 2213 end
Average processing time of GrabImageRGBD(): 11.9963ms
Frame 2214 end
Average processing time of GrabImageRGBD(): 11.9968ms
Frame 2215 end
Average processing time of GrabImageRGBD(): 12.0098ms
Frame 2216 end
Average processing time of GrabImageRGBD(): 12.0109ms
Frame 2217 end
Average processing time of GrabImageRGBD(): 12.012ms
Frame 2218 end
Average processing time of GrabImageRGBD(): 12.0136ms
Frame 2219 end
Average processing time of GrabImageRGBD(): 12.0135ms
Frame 2220 end
Average processing time of GrabImageRGBD(): 12.0134ms
Frame 2221 end
Average processing time of GrabImageRGBD(): 12.0132ms
Frame 2222 end
Average processing time of GrabImageRGBD(): 12.0131ms
Frame 2223 end
Average processing time of GrabImageRGBD(): 12.0147ms
Frame 2224 end
Average processing time of GrabImageRGBD(): 12.0158ms
Frame 2225 end
Average processing time of GrabImageRGBD(): 12.0155ms
Frame 2226 end
Average processing time of GrabImageRGBD(): 12.0154ms
Frame 2227 end
Average processing time of GrabImageRGBD(): 12.0152ms
Frame 2228 end
Average processing time of GrabImageRGBD(): 12.0257ms
Frame 2229 end
Average processing time of GrabImageRGBD(): 12.0267ms
Frame 2230 end
Average processing time of GrabImageRGBD(): 12.0263ms
Frame 2231 end
Average processing time of GrabImageRGBD(): 12.0254ms
Frame 2232 end
Average processing time of GrabImageRGBD(): 12.0262ms
Frame 2233 end
Average processing time of GrabImageRGBD(): 12.0267ms
Frame 2234 end
Average processing time of GrabImageRGBD(): 12.0261ms
Frame 2235 end
Average processing time of GrabImageRGBD(): 12.0251ms
Frame 2236 end
Average processing time of GrabImageRGBD(): 12.025ms
Frame 2237 end
Average processing time of GrabImageRGBD(): 12.0243ms
Frame 2238 end
Average processing time of GrabImageRGBD(): 12.0233ms
Frame 2239 end
Average processing time of GrabImageRGBD(): 12.0345ms
Frame 2240 end
Average processing time of GrabImageRGBD(): 12.0342ms
Frame 2241 end
Average processing time of GrabImageRGBD(): 12.0458ms
Frame 2242 end
Average processing time of GrabImageRGBD(): 12.0462ms
Frame 2243 end
Average processing time of GrabImageRGBD(): 12.046ms
Frame 2244 end
Average processing time of GrabImageRGBD(): 12.0592ms
Frame 2245 end
Average processing time of GrabImageRGBD(): 12.0599ms
Frame 2246 end
Average processing time of GrabImageRGBD(): 12.0605ms
Frame 2247 end
Average processing time of GrabImageRGBD(): 12.06ms
Frame 2248 end
Average processing time of GrabImageRGBD(): 12.0592ms
Frame 2249 end
Average processing time of GrabImageRGBD(): 12.0591ms
Frame 2250 end
Average processing time of GrabImageRGBD(): 12.0591ms
Frame 2251 end
Average processing time of GrabImageRGBD(): 12.0598ms
Frame 2252 end
Average processing time of GrabImageRGBD(): 12.06ms
Frame 2253 end
Average processing time of GrabImageRGBD(): 12.06ms
Frame 2254 end
Average processing time of GrabImageRGBD(): 12.0716ms
Frame 2255 end
Average processing time of GrabImageRGBD(): 12.073ms
Frame 2256 end
Average processing time of GrabImageRGBD(): 12.0725ms
Frame 2257 end
Average processing time of GrabImageRGBD(): 12.072ms
Frame 2258 end
Average processing time of GrabImageRGBD(): 12.072ms
Frame 2259 end
Average processing time of GrabImageRGBD(): 12.0718ms
Frame 2260 end
Average processing time of GrabImageRGBD(): 12.0712ms
Frame 2261 end
Average processing time of GrabImageRGBD(): 12.072ms
Frame 2262 end
Average processing time of GrabImageRGBD(): 12.0722ms
Frame 2263 end
Average processing time of GrabImageRGBD(): 12.072ms
Frame 2264 end
Average processing time of GrabImageRGBD(): 12.0712ms
Frame 2265 end
Average processing time of GrabImageRGBD(): 12.0711ms
Frame 2266 end
Average processing time of GrabImageRGBD(): 12.0709ms
Frame 2267 end
Average processing time of GrabImageRGBD(): 12.0827ms
Frame 2268 end
Average processing time of GrabImageRGBD(): 12.0842ms
Frame 2269 end
Average processing time of GrabImageRGBD(): 12.0839ms
Frame 2270 end
Average processing time of GrabImageRGBD(): 12.0834ms
Frame 2271 end
Average processing time of GrabImageRGBD(): 12.0843ms
Frame 2272 end
Average processing time of GrabImageRGBD(): 12.0841ms
Frame 2273 end
Average processing time of GrabImageRGBD(): 12.0837ms
Frame 2274 end
Average processing time of GrabImageRGBD(): 12.0844ms
Frame 2275 end
Average processing time of GrabImageRGBD(): 12.0852ms
Frame 2276 end
Average processing time of GrabImageRGBD(): 12.0853ms
Frame 2277 end
Average processing time of GrabImageRGBD(): 12.0858ms
Frame 2278 end
Average processing time of GrabImageRGBD(): 12.0865ms
Frame 2279 end
Average processing time of GrabImageRGBD(): 12.0858ms
Frame 2280 end
Average processing time of GrabImageRGBD(): 12.0854ms
Frame 2281 end
Average processing time of GrabImageRGBD(): 12.0964ms
Frame 2282 end
Average processing time of GrabImageRGBD(): 12.0973ms
Frame 2283 end
Average processing time of GrabImageRGBD(): 12.0959ms
Frame 2284 end
Average processing time of GrabImageRGBD(): 12.0953ms
Frame 2285 end
Average processing time of GrabImageRGBD(): 12.0957ms
Frame 2286 end
Average processing time of GrabImageRGBD(): 12.0961ms
Frame 2287 end
Average processing time of GrabImageRGBD(): 12.0965ms
Frame 2288 end
Average processing time of GrabImageRGBD(): 12.0952ms
Frame 2289 end
Average processing time of GrabImageRGBD(): 12.094ms
Frame 2290 end
Average processing time of GrabImageRGBD(): 12.0945ms
Frame 2291 end
Average processing time of GrabImageRGBD(): 12.0954ms
Frame 2292 end
Average processing time of GrabImageRGBD(): 12.0951ms
Frame 2293 end
Average processing time of GrabImageRGBD(): 12.1057ms
Frame 2294 end
Average processing time of GrabImageRGBD(): 12.1067ms
Frame 2295 end
Average processing time of GrabImageRGBD(): 12.1062ms
Frame 2296 end
Average processing time of GrabImageRGBD(): 12.1071ms
Frame 2297 end
Average processing time of GrabImageRGBD(): 12.1072ms
Frame 2298 end
Average processing time of GrabImageRGBD(): 12.1192ms
Frame 2299 end
Average processing time of GrabImageRGBD(): 12.12ms
Frame 2300 end
Average processing time of GrabImageRGBD(): 12.1193ms
Frame 2301 end
Average processing time of GrabImageRGBD(): 12.132ms
Frame 2302 end
Average processing time of GrabImageRGBD(): 12.1321ms
Frame 2303 end
Average processing time of GrabImageRGBD(): 12.1478ms
Frame 2304 end
Average processing time of GrabImageRGBD(): 12.1487ms
Frame 2305 end
Average processing time of GrabImageRGBD(): 12.1488ms
Frame 2306 end
Average processing time of GrabImageRGBD(): 12.1483ms
Frame 2307 end
Average processing time of GrabImageRGBD(): 12.1482ms
Frame 2308 end
Average processing time of GrabImageRGBD(): 12.1491ms
Frame 2309 end
Average processing time of GrabImageRGBD(): 12.1491ms
Frame 2310 end
Average processing time of GrabImageRGBD(): 12.1631ms
Frame 2311 end
Average processing time of GrabImageRGBD(): 12.1648ms
Frame 2312 end
Average processing time of GrabImageRGBD(): 12.1646ms
Frame 2313 end
Average processing time of GrabImageRGBD(): 12.1644ms
Frame 2314 end
Average processing time of GrabImageRGBD(): 12.1648ms
Frame 2315 end
Average processing time of GrabImageRGBD(): 12.1652ms
Frame 2316 end
Average processing time of GrabImageRGBD(): 12.1672ms
Frame 2317 end
Average processing time of GrabImageRGBD(): 12.1681ms
Frame 2318 end
Average processing time of GrabImageRGBD(): 12.1687ms
Frame 2319 end
Average processing time of GrabImageRGBD(): 12.189ms
Frame 2320 end
Average processing time of GrabImageRGBD(): 12.1899ms
Frame 2321 end
Average processing time of GrabImageRGBD(): 12.1895ms
Frame 2322 end
Average processing time of GrabImageRGBD(): 12.1885ms
Frame 2323 end
Average processing time of GrabImageRGBD(): 12.1881ms
Frame 2324 end
Average processing time of GrabImageRGBD(): 12.1873ms
Frame 2325 end
Average processing time of GrabImageRGBD(): 12.1874ms
Frame 2326 end
Average processing time of GrabImageRGBD(): 12.1984ms
Frame 2327 end
Average processing time of GrabImageRGBD(): 12.199ms
Frame 2328 end
Average processing time of GrabImageRGBD(): 12.1989ms
Frame 2329 end
Average processing time of GrabImageRGBD(): 12.1984ms
Frame 2330 end
Average processing time of GrabImageRGBD(): 12.1979ms
Frame 2331 end
Average processing time of GrabImageRGBD(): 12.1967ms
Frame 2332 end
Average processing time of GrabImageRGBD(): 12.1959ms
Frame 2333 end
Average processing time of GrabImageRGBD(): 12.1955ms
Frame 2334 end
Average processing time of GrabImageRGBD(): 12.1948ms
Frame 2335 end
Average processing time of GrabImageRGBD(): 12.209ms
Frame 2336 end
Average processing time of GrabImageRGBD(): 12.2092ms
Frame 2337 end
Average processing time of GrabImageRGBD(): 12.2082ms
Frame 2338 end
Average processing time of GrabImageRGBD(): 12.2072ms
Frame 2339 end
Average processing time of GrabImageRGBD(): 12.2064ms
Frame 2340 end
Average processing time of GrabImageRGBD(): 12.2043ms
Frame 2341 end
Average processing time of GrabImageRGBD(): 12.2155ms
Frame 2342 end
Average processing time of GrabImageRGBD(): 12.2149ms
Frame 2343 end
Average processing time of GrabImageRGBD(): 12.2142ms
Frame 2344 end
Average processing time of GrabImageRGBD(): 12.2131ms
Frame 2345 end
Average processing time of GrabImageRGBD(): 12.2124ms
Frame 2346 end
Average processing time of GrabImageRGBD(): 12.2114ms
Frame 2347 end
Average processing time of GrabImageRGBD(): 12.2095ms
Frame 2348 end
Average processing time of GrabImageRGBD(): 12.2074ms
Frame 2349 end
Average processing time of GrabImageRGBD(): 12.2177ms
Frame 2350 end
Average processing time of GrabImageRGBD(): 12.2171ms
Frame 2351 end
Average processing time of GrabImageRGBD(): 12.2151ms
Frame 2352 end
Average processing time of GrabImageRGBD(): 12.2141ms
Frame 2353 end
Average processing time of GrabImageRGBD(): 12.2133ms
Frame 2354 end
Average processing time of GrabImageRGBD(): 12.2124ms
Frame 2355 end
Average processing time of GrabImageRGBD(): 12.2104ms
Frame 2356 end
Average processing time of GrabImageRGBD(): 12.2211ms
Frame 2357 end
Average processing time of GrabImageRGBD(): 12.2209ms
Frame 2358 end
Average processing time of GrabImageRGBD(): 12.2198ms
Frame 2359 end
Average processing time of GrabImageRGBD(): 12.2185ms
Frame 2360 end
Average processing time of GrabImageRGBD(): 12.2162ms
Frame 2361 end
Average processing time of GrabImageRGBD(): 12.2127ms
Frame 2362 end
Average processing time of GrabImageRGBD(): 12.2236ms
Frame 2363 end
Average processing time of GrabImageRGBD(): 12.2238ms
Frame 2364 end
Average processing time of GrabImageRGBD(): 12.2234ms
Frame 2365 end
Average processing time of GrabImageRGBD(): 12.2222ms
Frame 2366 end
Average processing time of GrabImageRGBD(): 12.2211ms
Frame 2367 end
Average processing time of GrabImageRGBD(): 12.2202ms
Frame 2368 end
Average processing time of GrabImageRGBD(): 12.219ms
Frame 2369 end
Average processing time of GrabImageRGBD(): 12.218ms
Frame 2370 end
Average processing time of GrabImageRGBD(): 12.2174ms
Frame 2371 end
Average processing time of GrabImageRGBD(): 12.2161ms
Frame 2372 end
Average processing time of GrabImageRGBD(): 12.2155ms
Frame 2373 end
Average processing time of GrabImageRGBD(): 12.2132ms
Frame 2374 end
Average processing time of GrabImageRGBD(): 12.2234ms
Frame 2375 end
Average processing time of GrabImageRGBD(): 12.2226ms
Frame 2376 end
Average processing time of GrabImageRGBD(): 12.2224ms
Frame 2377 end
Average processing time of GrabImageRGBD(): 12.2331ms
Frame 2378 end
Average processing time of GrabImageRGBD(): 12.233ms
Frame 2379 end
Average processing time of GrabImageRGBD(): 12.2324ms
Frame 2380 end
Average processing time of GrabImageRGBD(): 12.2418ms
Frame 2381 end
Average processing time of GrabImageRGBD(): 12.2419ms
Frame 2382 end
Average processing time of GrabImageRGBD(): 12.2398ms
Frame 2383 end
Average processing time of GrabImageRGBD(): 12.2374ms
Frame 2384 end
Average processing time of GrabImageRGBD(): 12.2367ms
Frame 2385 end
Average processing time of GrabImageRGBD(): 12.2349ms
Frame 2386 end
Average processing time of GrabImageRGBD(): 12.2335ms
Frame 2387 end
Average processing time of GrabImageRGBD(): 12.2449ms
Frame 2388 end
Average processing time of GrabImageRGBD(): 12.2445ms
Frame 2389 end
Average processing time of GrabImageRGBD(): 12.242ms
Frame 2390 end
Average processing time of GrabImageRGBD(): 12.2406ms
Frame 2391 end
Average processing time of GrabImageRGBD(): 12.238ms
Frame 2392 end
Average processing time of GrabImageRGBD(): 12.2361ms
Frame 2393 end
Average processing time of GrabImageRGBD(): 12.2471ms
Frame 2394 end
Average processing time of GrabImageRGBD(): 12.2462ms
Frame 2395 end
Average processing time of GrabImageRGBD(): 12.2564ms
Frame 2396 end
Average processing time of GrabImageRGBD(): 12.2555ms
Frame 2397 end
Average processing time of GrabImageRGBD(): 12.2547ms
Frame 2398 end
Average processing time of GrabImageRGBD(): 12.2543ms
Frame 2399 end
Average processing time of GrabImageRGBD(): 12.2533ms
Frame 2400 end
Average processing time of GrabImageRGBD(): 12.2519ms
Frame 2401 end
Average processing time of GrabImageRGBD(): 12.2498ms
Frame 2402 end
Average processing time of GrabImageRGBD(): 12.2488ms
Frame 2403 end
Average processing time of GrabImageRGBD(): 12.2469ms
Frame 2404 end
Average processing time of GrabImageRGBD(): 12.2451ms
Frame 2405 end
Average processing time of GrabImageRGBD(): 12.2439ms
Frame 2406 end
Average processing time of GrabImageRGBD(): 12.241ms
Frame 2407 end
Average processing time of GrabImageRGBD(): 12.2387ms
Frame 2408 end
Average processing time of GrabImageRGBD(): 12.2374ms
Frame 2409 end
Average processing time of GrabImageRGBD(): 12.2363ms
Frame 2410 end
Average processing time of GrabImageRGBD(): 12.2339ms
Frame 2411 end
Average processing time of GrabImageRGBD(): 12.2439ms
Frame 2412 end
Average processing time of GrabImageRGBD(): 12.2427ms
Frame 2413 end
Average processing time of GrabImageRGBD(): 12.2421ms
Frame 2414 end
Average processing time of GrabImageRGBD(): 12.2404ms
Frame 2415 end
Average processing time of GrabImageRGBD(): 12.2385ms
Frame 2416 end
Average processing time of GrabImageRGBD(): 12.2374ms
Frame 2417 end
Average processing time of GrabImageRGBD(): 12.2358ms
Frame 2418 end
Average processing time of GrabImageRGBD(): 12.2336ms
Frame 2419 end
Average processing time of GrabImageRGBD(): 12.2429ms
Frame 2420 end
Average processing time of GrabImageRGBD(): 12.2425ms
Frame 2421 end
Average processing time of GrabImageRGBD(): 12.242ms
Frame 2422 end
Average processing time of GrabImageRGBD(): 12.2407ms
Frame 2423 end
Average processing time of GrabImageRGBD(): 12.2397ms
Frame 2424 end
Average processing time of GrabImageRGBD(): 12.2392ms
Frame 2425 end
Average processing time of GrabImageRGBD(): 12.2376ms
Frame 2426 end
Average processing time of GrabImageRGBD(): 12.2365ms
Frame 2427 end
Average processing time of GrabImageRGBD(): 12.2354ms
Frame 2428 end
Average processing time of GrabImageRGBD(): 12.2337ms
Frame 2429 end
Average processing time of GrabImageRGBD(): 12.2327ms
Frame 2430 end
Average processing time of GrabImageRGBD(): 12.2435ms
Frame 2431 end
Average processing time of GrabImageRGBD(): 12.2438ms
Frame 2432 end
Average processing time of GrabImageRGBD(): 12.2443ms
Frame 2433 end
Average processing time of GrabImageRGBD(): 12.2433ms
Frame 2434 end
Average processing time of GrabImageRGBD(): 12.2427ms
Frame 2435 end
Average processing time of GrabImageRGBD(): 12.2417ms
Frame 2436 end
Average processing time of GrabImageRGBD(): 12.2389ms
Frame 2437 end
Average processing time of GrabImageRGBD(): 12.2373ms
Frame 2438 end
Average processing time of GrabImageRGBD(): 12.2367ms
Frame 2439 end
Average processing time of GrabImageRGBD(): 12.2372ms
Frame 2440 end
Average processing time of GrabImageRGBD(): 12.2354ms
Frame 2441 end
Average processing time of GrabImageRGBD(): 12.234ms
Frame 2442 end
Average processing time of GrabImageRGBD(): 12.2314ms
Frame 2443 end
Average processing time of GrabImageRGBD(): 12.2304ms
Frame 2444 end
Average processing time of GrabImageRGBD(): 12.2292ms
Frame 2445 end
Average processing time of GrabImageRGBD(): 12.2283ms
Frame 2446 end
Average processing time of GrabImageRGBD(): 12.2426ms
Frame 2447 end
Average processing time of GrabImageRGBD(): 12.2428ms
Frame 2448 end
Average processing time of GrabImageRGBD(): 12.2417ms
Frame 2449 end
Average processing time of GrabImageRGBD(): 12.2407ms
Frame 2450 end
Average processing time of GrabImageRGBD(): 12.2392ms
Frame 2451 end
Average processing time of GrabImageRGBD(): 12.2379ms
Frame 2452 end
Average processing time of GrabImageRGBD(): 12.2367ms
Frame 2453 end
Average processing time of GrabImageRGBD(): 12.2354ms
Frame 2454 end
Average processing time of GrabImageRGBD(): 12.2342ms
Frame 2455 end
Average processing time of GrabImageRGBD(): 12.2329ms
Frame 2456 end
Average processing time of GrabImageRGBD(): 12.2306ms
Frame 2457 end
Average processing time of GrabImageRGBD(): 12.2294ms
Frame 2458 end
Average processing time of GrabImageRGBD(): 12.228ms
Frame 2459 end
Average processing time of GrabImageRGBD(): 12.2272ms
Frame 2460 end
Average processing time of GrabImageRGBD(): 12.2257ms
Frame 2461 end
Average processing time of GrabImageRGBD(): 12.2365ms
Frame 2462 end
Average processing time of GrabImageRGBD(): 12.2362ms
Frame 2463 end
Average processing time of GrabImageRGBD(): 12.2343ms
Frame 2464 end
Average processing time of GrabImageRGBD(): 12.2333ms
Frame 2465 end
Average processing time of GrabImageRGBD(): 12.233ms
Frame 2466 end
Average processing time of GrabImageRGBD(): 12.2436ms
Frame 2467 end
Average processing time of GrabImageRGBD(): 12.2437ms
Frame 2468 end
Average processing time of GrabImageRGBD(): 12.242ms
Frame 2469 end
Average processing time of GrabImageRGBD(): 12.24ms
Frame 2470 end
Average processing time of GrabImageRGBD(): 12.2376ms
Frame 2471 end
Average processing time of GrabImageRGBD(): 12.2362ms
Frame 2472 end
Average processing time of GrabImageRGBD(): 12.2347ms
Frame 2473 end
Average processing time of GrabImageRGBD(): 12.2323ms
Frame 2474 end
Average processing time of GrabImageRGBD(): 12.2311ms
Frame 2475 end
Average processing time of GrabImageRGBD(): 12.2304ms
Frame 2476 end
Average processing time of GrabImageRGBD(): 12.2294ms
Frame 2477 end
Average processing time of GrabImageRGBD(): 12.2274ms
Frame 2478 end
Average processing time of GrabImageRGBD(): 12.2375ms
Frame 2479 end
Average processing time of GrabImageRGBD(): 12.2374ms
Frame 2480 end
Average processing time of GrabImageRGBD(): 12.2354ms
Frame 2481 end
Average processing time of GrabImageRGBD(): 12.2346ms
Frame 2482 end
Average processing time of GrabImageRGBD(): 12.2335ms
Frame 2483 end
Average processing time of GrabImageRGBD(): 12.2325ms
Frame 2484 end
Average processing time of GrabImageRGBD(): 12.2314ms
Frame 2485 end
Average processing time of GrabImageRGBD(): 12.2294ms
Frame 2486 end
Average processing time of GrabImageRGBD(): 12.2277ms
Frame 2487 end
Average processing time of GrabImageRGBD(): 12.2268ms
Frame 2488 end
Average processing time of GrabImageRGBD(): 12.2238ms
Frame 2489 end
Average processing time of GrabImageRGBD(): 12.2224ms
Frame 2490 end
Average processing time of GrabImageRGBD(): 12.2193ms
Frame 2491 end
Average processing time of GrabImageRGBD(): 12.2173ms
Frame 2492 end
Average processing time of GrabImageRGBD(): 12.2157ms
Frame 2493 end
Average processing time of GrabImageRGBD(): 12.2147ms
Frame 2494 end
Average processing time of GrabImageRGBD(): 12.225ms
Frame 2495 end
Average processing time of GrabImageRGBD(): 12.2247ms
Frame 2496 end
Average processing time of GrabImageRGBD(): 12.2217ms
Frame 2497 end
Average processing time of GrabImageRGBD(): 12.2191ms
Frame 2498 end
Average processing time of GrabImageRGBD(): 12.2177ms
Frame 2499 end
Average processing time of GrabImageRGBD(): 12.2164ms
Frame 2500 end
Average processing time of GrabImageRGBD(): 12.2159ms
Frame 2501 end
Average processing time of GrabImageRGBD(): 12.2131ms
Frame 2502 end
Average processing time of GrabImageRGBD(): 12.2119ms
Frame 2503 end
Average processing time of GrabImageRGBD(): 12.2104ms
Frame 2504 end
Average processing time of GrabImageRGBD(): 12.2097ms
Frame 2505 end
Average processing time of GrabImageRGBD(): 12.2087ms
Frame 2506 end
Average processing time of GrabImageRGBD(): 12.208ms
Frame 2507 end
Average processing time of GrabImageRGBD(): 12.2181ms
Frame 2508 end
Average processing time of GrabImageRGBD(): 12.2181ms
Frame 2509 end
Average processing time of GrabImageRGBD(): 12.2172ms
Frame 2510 end
Average processing time of GrabImageRGBD(): 12.2166ms
Frame 2511 end
Average processing time of GrabImageRGBD(): 12.2148ms
Frame 2512 end
Average processing time of GrabImageRGBD(): 12.2144ms
Frame 2513 end
Average processing time of GrabImageRGBD(): 12.214ms
Frame 2514 end
Average processing time of GrabImageRGBD(): 12.2133ms
Frame 2515 end
Average processing time of GrabImageRGBD(): 12.2123ms
Frame 2516 end
Average processing time of GrabImageRGBD(): 12.2117ms
Frame 2517 end
Average processing time of GrabImageRGBD(): 12.211ms
Frame 2518 end
Average processing time of GrabImageRGBD(): 12.2103ms
Frame 2519 end
Average processing time of GrabImageRGBD(): 12.2096ms
Frame 2520 end
Average processing time of GrabImageRGBD(): 12.2082ms
Frame 2521 end
Average processing time of GrabImageRGBD(): 12.2064ms
Frame 2522 end
Average processing time of GrabImageRGBD(): 12.2164ms
Frame 2523 end
Average processing time of GrabImageRGBD(): 12.2163ms
Frame 2524 end
Average processing time of GrabImageRGBD(): 12.2154ms
Frame 2525 end
Average processing time of GrabImageRGBD(): 12.2147ms
Frame 2526 end
Average processing time of GrabImageRGBD(): 12.2142ms
Frame 2527 end
Average processing time of GrabImageRGBD(): 12.2134ms
Frame 2528 end
Average processing time of GrabImageRGBD(): 12.2129ms
Frame 2529 end
Average processing time of GrabImageRGBD(): 12.2121ms
Frame 2530 end
Average processing time of GrabImageRGBD(): 12.2115ms
Frame 2531 end
Average processing time of GrabImageRGBD(): 12.2111ms
Frame 2532 end
Average processing time of GrabImageRGBD(): 12.2106ms
Frame 2533 end
Average processing time of GrabImageRGBD(): 12.21ms
Frame 2534 end
Average processing time of GrabImageRGBD(): 12.2085ms
Frame 2535 end
Average processing time of GrabImageRGBD(): 12.2076ms
Frame 2536 end
Average processing time of GrabImageRGBD(): 12.2178ms
Frame 2537 end
Average processing time of GrabImageRGBD(): 12.217ms
Frame 2538 end
Average processing time of GrabImageRGBD(): 12.2165ms
Frame 2539 end
Average processing time of GrabImageRGBD(): 12.216ms
Frame 2540 end
Average processing time of GrabImageRGBD(): 12.2152ms
Frame 2541 end
Average processing time of GrabImageRGBD(): 12.2148ms
Frame 2542 end
Average processing time of GrabImageRGBD(): 12.2144ms
Frame 2543 end
Average processing time of GrabImageRGBD(): 12.214ms
Frame 2544 end
Average processing time of GrabImageRGBD(): 12.2135ms
Frame 2545 end
Average processing time of GrabImageRGBD(): 12.2129ms
Frame 2546 end
Average processing time of GrabImageRGBD(): 12.2122ms
Frame 2547 end
Average processing time of GrabImageRGBD(): 12.2225ms
Frame 2548 end
Average processing time of GrabImageRGBD(): 12.2226ms
Frame 2549 end
Average processing time of GrabImageRGBD(): 12.2225ms
Frame 2550 end
Average processing time of GrabImageRGBD(): 12.222ms
Frame 2551 end
Average processing time of GrabImageRGBD(): 12.2216ms
Frame 2552 end
Average processing time of GrabImageRGBD(): 12.2215ms
Frame 2553 end
Average processing time of GrabImageRGBD(): 12.2215ms
Frame 2554 end
Average processing time of GrabImageRGBD(): 12.2207ms
Frame 2555 end
Average processing time of GrabImageRGBD(): 12.2204ms
Frame 2556 end
Average processing time of GrabImageRGBD(): 12.2202ms
Frame 2557 end
Average processing time of GrabImageRGBD(): 12.22ms
Frame 2558 end
Average processing time of GrabImageRGBD(): 12.2299ms
Frame 2559 end
Average processing time of GrabImageRGBD(): 12.2313ms
Frame 2560 end
Average processing time of GrabImageRGBD(): 12.2318ms
Frame 2561 end
Average processing time of GrabImageRGBD(): 12.2324ms
Frame 2562 end
Average processing time of GrabImageRGBD(): 12.2325ms
Frame 2563 end
Average processing time of GrabImageRGBD(): 12.2325ms
Frame 2564 end
Average processing time of GrabImageRGBD(): 12.2318ms
Frame 2565 end
Average processing time of GrabImageRGBD(): 12.2321ms
Frame 2566 end
Average processing time of GrabImageRGBD(): 12.2334ms
Frame 2567 end
Average processing time of GrabImageRGBD(): 12.2348ms
Frame 2568 end
Average processing time of GrabImageRGBD(): 12.2348ms
Frame 2569 end
Average processing time of GrabImageRGBD(): 12.2347ms
Frame 2570 end
Average processing time of GrabImageRGBD(): 12.2438ms
Frame 2571 end
Average processing time of GrabImageRGBD(): 12.2438ms
Frame 2572 end
Average processing time of GrabImageRGBD(): 12.2449ms
Frame 2573 end
Average processing time of GrabImageRGBD(): 12.2451ms
Frame 2574 end
Average processing time of GrabImageRGBD(): 12.2453ms
Frame 2575 end
Average processing time of GrabImageRGBD(): 12.2453ms
Frame 2576 end
Average processing time of GrabImageRGBD(): 12.245ms
Frame 2577 end
Average processing time of GrabImageRGBD(): 12.2447ms
Frame 2578 end
Average processing time of GrabImageRGBD(): 12.2448ms
Frame 2579 end
Average processing time of GrabImageRGBD(): 12.2442ms
Frame 2580 end
Average processing time of GrabImageRGBD(): 12.2536ms
Frame 2581 end
Average processing time of GrabImageRGBD(): 12.2538ms
Frame 2582 end
Average processing time of GrabImageRGBD(): 12.2536ms
Frame 2583 end
Average processing time of GrabImageRGBD(): 12.2538ms
Frame 2584 end
Average processing time of GrabImageRGBD(): 12.2535ms
Frame 2585 end
Average processing time of GrabImageRGBD(): 12.2536ms
Frame 2586 end
Average processing time of GrabImageRGBD(): 12.2529ms
Frame 2587 end
Average processing time of GrabImageRGBD(): 12.2523ms
Frame 2588 end
Average processing time of GrabImageRGBD(): 12.2519ms
Frame 2589 end
Average processing time of GrabImageRGBD(): 12.2519ms
Frame 2590 end
Average processing time of GrabImageRGBD(): 12.2518ms
Frame 2591 end
Average processing time of GrabImageRGBD(): 12.2614ms
Frame 2592 end
Average processing time of GrabImageRGBD(): 12.2617ms
Frame 2593 end
Average processing time of GrabImageRGBD(): 12.2613ms
Frame 2594 end
Average processing time of GrabImageRGBD(): 12.2618ms
Frame 2595 end
Average processing time of GrabImageRGBD(): 12.2623ms
Frame 2596 end
Average processing time of GrabImageRGBD(): 12.262ms
Frame 2597 end
Average processing time of GrabImageRGBD(): 12.2624ms
Frame 2598 end
Average processing time of GrabImageRGBD(): 12.2627ms
Frame 2599 end
Average processing time of GrabImageRGBD(): 12.2626ms
Frame 2600 end
Average processing time of GrabImageRGBD(): 12.2613ms
Frame 2601 end
Average processing time of GrabImageRGBD(): 12.2725ms
Frame 2602 end
Average processing time of GrabImageRGBD(): 12.2741ms
Frame 2603 end
Average processing time of GrabImageRGBD(): 12.2736ms
Frame 2604 end
Average processing time of GrabImageRGBD(): 12.2734ms
Frame 2605 end
Average processing time of GrabImageRGBD(): 12.2732ms
Frame 2606 end
Average processing time of GrabImageRGBD(): 12.2735ms
Frame 2607 end
Average processing time of GrabImageRGBD(): 12.2729ms
Frame 2608 end
Average processing time of GrabImageRGBD(): 12.2733ms
Frame 2609 end
Average processing time of GrabImageRGBD(): 12.2736ms
Frame 2610 end
Average processing time of GrabImageRGBD(): 12.2725ms
Frame 2611 end
Average processing time of GrabImageRGBD(): 12.2717ms
Frame 2612 end
Average processing time of GrabImageRGBD(): 12.2815ms
Frame 2613 end
Average processing time of GrabImageRGBD(): 12.2825ms
Frame 2614 end
Average processing time of GrabImageRGBD(): 12.2827ms
Frame 2615 end
Average processing time of GrabImageRGBD(): 12.2827ms
Frame 2616 end
Average processing time of GrabImageRGBD(): 12.2832ms
Frame 2617 end
Average processing time of GrabImageRGBD(): 12.2836ms
Frame 2618 end
Average processing time of GrabImageRGBD(): 12.2835ms
Frame 2619 end
Average processing time of GrabImageRGBD(): 12.2837ms
Frame 2620 end
Average processing time of GrabImageRGBD(): 12.2835ms
Frame 2621 end
Average processing time of GrabImageRGBD(): 12.2834ms
Frame 2622 end
Average processing time of GrabImageRGBD(): 12.2846ms
Frame 2623 end
Average processing time of GrabImageRGBD(): 12.2947ms
Frame 2624 end
Average processing time of GrabImageRGBD(): 12.2958ms
Frame 2625 end
Average processing time of GrabImageRGBD(): 12.2961ms
Frame 2626 end
Average processing time of GrabImageRGBD(): 12.2968ms
Frame 2627 end
Average processing time of GrabImageRGBD(): 12.2963ms
Frame 2628 end
Average processing time of GrabImageRGBD(): 12.296ms
Frame 2629 end
Average processing time of GrabImageRGBD(): 12.2973ms
Frame 2630 end
Average processing time of GrabImageRGBD(): 12.2974ms
Frame 2631 end
Average processing time of GrabImageRGBD(): 12.2986ms
Frame 2632 end
Average processing time of GrabImageRGBD(): 12.2993ms
Frame 2633 end
Average processing time of GrabImageRGBD(): 12.299ms
Frame 2634 end
Average processing time of GrabImageRGBD(): 12.3099ms
Frame 2635 end
Average processing time of GrabImageRGBD(): 12.3114ms
Frame 2636 end
Average processing time of GrabImageRGBD(): 12.3115ms
Frame 2637 end
Average processing time of GrabImageRGBD(): 12.3111ms
Frame 2638 end
Average processing time of GrabImageRGBD(): 12.312ms
Frame 2639 end
Average processing time of GrabImageRGBD(): 12.3124ms
Frame 2640 end
Average processing time of GrabImageRGBD(): 12.3122ms
Frame 2641 end
Average processing time of GrabImageRGBD(): 12.3141ms
Frame 2642 end
Average processing time of GrabImageRGBD(): 12.3149ms
Frame 2643 end
Average processing time of GrabImageRGBD(): 12.3146ms
Frame 2644 end
Average processing time of GrabImageRGBD(): 12.3142ms
Frame 2645 end
Average processing time of GrabImageRGBD(): 12.3246ms
Frame 2646 end
Average processing time of GrabImageRGBD(): 12.3241ms
Frame 2647 end
Average processing time of GrabImageRGBD(): 12.3231ms
Frame 2648 end
Average processing time of GrabImageRGBD(): 12.3228ms
Frame 2649 end
Average processing time of GrabImageRGBD(): 12.3228ms
Frame 2650 end
Average processing time of GrabImageRGBD(): 12.3219ms
Frame 2651 end
Average processing time of GrabImageRGBD(): 12.3218ms
Frame 2652 end
Average processing time of GrabImageRGBD(): 12.3213ms
Frame 2653 end
Average processing time of GrabImageRGBD(): 12.3195ms
Frame 2654 end
Average processing time of GrabImageRGBD(): 12.3198ms
Frame 2655 end
Average processing time of GrabImageRGBD(): 12.3211ms
Frame 2656 end
Average processing time of GrabImageRGBD(): 12.3313ms
Frame 2657 end
Average processing time of GrabImageRGBD(): 12.3313ms
Frame 2658 end
Average processing time of GrabImageRGBD(): 12.3315ms
Frame 2659 end
Average processing time of GrabImageRGBD(): 12.3315ms
Frame 2660 end
Average processing time of GrabImageRGBD(): 12.3314ms
Frame 2661 end
Average processing time of GrabImageRGBD(): 12.3313ms
Frame 2662 end
Average processing time of GrabImageRGBD(): 12.3321ms
Frame 2663 end
Average processing time of GrabImageRGBD(): 12.3318ms
Frame 2664 end
Average processing time of GrabImageRGBD(): 12.3325ms
Frame 2665 end
Average processing time of GrabImageRGBD(): 12.3321ms
Frame 2666 end
Average processing time of GrabImageRGBD(): 12.3431ms
Frame 2667 end
Average processing time of GrabImageRGBD(): 12.3444ms
Frame 2668 end
Average processing time of GrabImageRGBD(): 12.3446ms
Frame 2669 end
Average processing time of GrabImageRGBD(): 12.3443ms
Frame 2670 end
Average processing time of GrabImageRGBD(): 12.3451ms
Frame 2671 end
Average processing time of GrabImageRGBD(): 12.3461ms
Frame 2672 end
Average processing time of GrabImageRGBD(): 12.3459ms
Frame 2673 end
Average processing time of GrabImageRGBD(): 12.3461ms
Frame 2674 end
Average processing time of GrabImageRGBD(): 12.3452ms
Frame 2675 end
Average processing time of GrabImageRGBD(): 12.3555ms
Frame 2676 end
Average processing time of GrabImageRGBD(): 12.3559ms
Frame 2677 end
Average processing time of GrabImageRGBD(): 12.356ms
Frame 2678 end
Average processing time of GrabImageRGBD(): 12.357ms
Frame 2679 end
Average processing time of GrabImageRGBD(): 12.3567ms
Frame 2680 end
Average processing time of GrabImageRGBD(): 12.3563ms
Frame 2681 end
Average processing time of GrabImageRGBD(): 12.3569ms
Frame 2682 end
Average processing time of GrabImageRGBD(): 12.3574ms
Frame 2683 end
Average processing time of GrabImageRGBD(): 12.3572ms
Frame 2684 end
Average processing time of GrabImageRGBD(): 12.3665ms
Frame 2685 end
Average processing time of GrabImageRGBD(): 12.3668ms
Frame 2686 end
Average processing time of GrabImageRGBD(): 12.3674ms
Frame 2687 end
Average processing time of GrabImageRGBD(): 12.3674ms
Frame 2688 end
Average processing time of GrabImageRGBD(): 12.3683ms
Frame 2689 end
Average processing time of GrabImageRGBD(): 12.3683ms
Frame 2690 end
Average processing time of GrabImageRGBD(): 12.3691ms
Frame 2691 end
Average processing time of GrabImageRGBD(): 12.3696ms
Frame 2692 end
Average processing time of GrabImageRGBD(): 12.3705ms
Frame 2693 end
Average processing time of GrabImageRGBD(): 12.3864ms
Frame 2694 end
Average processing time of GrabImageRGBD(): 12.3874ms
Frame 2695 end
Average processing time of GrabImageRGBD(): 12.3879ms
Frame 2696 end
Average processing time of GrabImageRGBD(): 12.388ms
Frame 2697 end
Average processing time of GrabImageRGBD(): 12.3887ms
Frame 2698 end
Average processing time of GrabImageRGBD(): 12.3883ms
Frame 2699 end
Average processing time of GrabImageRGBD(): 12.3879ms
Frame 2700 end
Average processing time of GrabImageRGBD(): 12.3884ms
Frame 2701 end
Average processing time of GrabImageRGBD(): 12.389ms
Frame 2702 end
Average processing time of GrabImageRGBD(): 12.3894ms
Frame 2703 end
Average processing time of GrabImageRGBD(): 12.3997ms
Frame 2704 end
Average processing time of GrabImageRGBD(): 12.4004ms
Frame 2705 end
Average processing time of GrabImageRGBD(): 12.4005ms
Frame 2706 end
Average processing time of GrabImageRGBD(): 12.4ms
Frame 2707 end
Average processing time of GrabImageRGBD(): 12.4001ms
Frame 2708 end
Average processing time of GrabImageRGBD(): 12.4001ms
Frame 2709 end
Average processing time of GrabImageRGBD(): 12.4002ms
Frame 2710 end
Average processing time of GrabImageRGBD(): 12.4004ms
Frame 2711 end
Average processing time of GrabImageRGBD(): 12.4008ms
Frame 2712 end
Average processing time of GrabImageRGBD(): 12.4107ms
Frame 2713 end
Average processing time of GrabImageRGBD(): 12.4113ms
Frame 2714 end
Average processing time of GrabImageRGBD(): 12.4117ms
Frame 2715 end
Average processing time of GrabImageRGBD(): 12.4109ms
Frame 2716 end
Average processing time of GrabImageRGBD(): 12.4103ms
Frame 2717 end
Average processing time of GrabImageRGBD(): 12.4105ms
Frame 2718 end
Average processing time of GrabImageRGBD(): 12.4108ms
Frame 2719 end
Average processing time of GrabImageRGBD(): 12.4098ms
Frame 2720 end
Average processing time of GrabImageRGBD(): 12.4102ms
Frame 2721 end
Average processing time of GrabImageRGBD(): 12.4098ms
Frame 2722 end
Average processing time of GrabImageRGBD(): 12.4188ms
Frame 2723 end
Average processing time of GrabImageRGBD(): 12.4188ms
Frame 2724 end
Average processing time of GrabImageRGBD(): 12.4179ms
Frame 2725 end
Average processing time of GrabImageRGBD(): 12.4184ms
Frame 2726 end
Average processing time of GrabImageRGBD(): 12.4185ms
Frame 2727 end
Average processing time of GrabImageRGBD(): 12.4179ms
Frame 2728 end
Average processing time of GrabImageRGBD(): 12.4168ms
Frame 2729 end
Average processing time of GrabImageRGBD(): 12.417ms
Frame 2730 end
Average processing time of GrabImageRGBD(): 12.417ms
Frame 2731 end
Average processing time of GrabImageRGBD(): 12.4257ms
Frame 2732 end
Average processing time of GrabImageRGBD(): 12.4261ms
Frame 2733 end
Average processing time of GrabImageRGBD(): 12.4264ms
Frame 2734 end
Average processing time of GrabImageRGBD(): 12.4264ms
Frame 2735 end
Average processing time of GrabImageRGBD(): 12.4259ms
Frame 2736 end
Average processing time of GrabImageRGBD(): 12.4258ms
Frame 2737 end
Average processing time of GrabImageRGBD(): 12.4244ms
Frame 2738 end
Average processing time of GrabImageRGBD(): 12.4229ms
Frame 2739 end
Average processing time of GrabImageRGBD(): 12.4224ms
Frame 2740 end
Average processing time of GrabImageRGBD(): 12.4319ms
Frame 2741 end
Average processing time of GrabImageRGBD(): 12.4332ms
Frame 2742 end
Average processing time of GrabImageRGBD(): 12.433ms
Frame 2743 end
Average processing time of GrabImageRGBD(): 12.4327ms
Frame 2744 end
Average processing time of GrabImageRGBD(): 12.4324ms
Frame 2745 end
Average processing time of GrabImageRGBD(): 12.4325ms
Frame 2746 end
Average processing time of GrabImageRGBD(): 12.4319ms
Frame 2747 end
Average processing time of GrabImageRGBD(): 12.4328ms
Frame 2748 end
Average processing time of GrabImageRGBD(): 12.4329ms
Frame 2749 end
Average processing time of GrabImageRGBD(): 12.4326ms
Frame 2750 end
Average processing time of GrabImageRGBD(): 12.4428ms
Frame 2751 end
Average processing time of GrabImageRGBD(): 12.4434ms
Frame 2752 end
Average processing time of GrabImageRGBD(): 12.4429ms
Frame 2753 end
Average processing time of GrabImageRGBD(): 12.4428ms
Frame 2754 end
Average processing time of GrabImageRGBD(): 12.4413ms
Frame 2755 end
Average processing time of GrabImageRGBD(): 12.4411ms
Frame 2756 end
Average processing time of GrabImageRGBD(): 12.4408ms
Frame 2757 end
Average processing time of GrabImageRGBD(): 12.4409ms
Frame 2758 end
Average processing time of GrabImageRGBD(): 12.4401ms
Frame 2759 end
Average processing time of GrabImageRGBD(): 12.4394ms
Frame 2760 end
Average processing time of GrabImageRGBD(): 12.4527ms
Frame 2761 end
Average processing time of GrabImageRGBD(): 12.4531ms
Frame 2762 end
Average processing time of GrabImageRGBD(): 12.4526ms
Frame 2763 end
Average processing time of GrabImageRGBD(): 12.4506ms
Frame 2764 end
Average processing time of GrabImageRGBD(): 12.4505ms
Frame 2765 end
Average processing time of GrabImageRGBD(): 12.4502ms
Frame 2766 end
Average processing time of GrabImageRGBD(): 12.4493ms
Frame 2767 end
Average processing time of GrabImageRGBD(): 12.4492ms
Frame 2768 end
Average processing time of GrabImageRGBD(): 12.4487ms
Frame 2769 end
Average processing time of GrabImageRGBD(): 12.4482ms
Frame 2770 end
Average processing time of GrabImageRGBD(): 12.4575ms
Frame 2771 end
Average processing time of GrabImageRGBD(): 12.4578ms
Frame 2772 end
Average processing time of GrabImageRGBD(): 12.4575ms
Frame 2773 end
Average processing time of GrabImageRGBD(): 12.457ms
Frame 2774 end
Average processing time of GrabImageRGBD(): 12.4565ms
Frame 2775 end
Average processing time of GrabImageRGBD(): 12.4561ms
Frame 2776 end
Average processing time of GrabImageRGBD(): 12.4556ms
Frame 2777 end
Average processing time of GrabImageRGBD(): 12.4552ms
Frame 2778 end
Average processing time of GrabImageRGBD(): 12.4547ms
Frame 2779 end
Average processing time of GrabImageRGBD(): 12.4629ms
Frame 2780 end
Average processing time of GrabImageRGBD(): 12.4632ms
Frame 2781 end
Average processing time of GrabImageRGBD(): 12.4629ms
Frame 2782 end
Average processing time of GrabImageRGBD(): 12.4625ms
Frame 2783 end
Average processing time of GrabImageRGBD(): 12.4619ms
Frame 2784 end
Average processing time of GrabImageRGBD(): 12.4622ms
Frame 2785 end
Average processing time of GrabImageRGBD(): 12.4611ms
Frame 2786 end
Average processing time of GrabImageRGBD(): 12.46ms
Frame 2787 end
Average processing time of GrabImageRGBD(): 12.4592ms
Frame 2788 end
Average processing time of GrabImageRGBD(): 12.4682ms
Frame 2789 end
Average processing time of GrabImageRGBD(): 12.4686ms
Frame 2790 end
Average processing time of GrabImageRGBD(): 12.4676ms
Frame 2791 end
Average processing time of GrabImageRGBD(): 12.4673ms
Frame 2792 end
Average processing time of GrabImageRGBD(): 12.4677ms
Frame 2793 end
Average processing time of GrabImageRGBD(): 12.4674ms
Frame 2794 end
Average processing time of GrabImageRGBD(): 12.4659ms
Frame 2795 end
Average processing time of GrabImageRGBD(): 12.4645ms
Frame 2796 end
Average processing time of GrabImageRGBD(): 12.4638ms
Frame 2797 end
Average processing time of GrabImageRGBD(): 12.4721ms
Frame 2798 end
Average processing time of GrabImageRGBD(): 12.4727ms
Frame 2799 end
Average processing time of GrabImageRGBD(): 12.4727ms
Frame 2800 end
Average processing time of GrabImageRGBD(): 12.4717ms
Frame 2801 end
Average processing time of GrabImageRGBD(): 12.4712ms
Frame 2802 end
Average processing time of GrabImageRGBD(): 12.4707ms
Frame 2803 end
Average processing time of GrabImageRGBD(): 12.471ms
Frame 2804 end
Average processing time of GrabImageRGBD(): 12.4705ms
Frame 2805 end
Average processing time of GrabImageRGBD(): 12.471ms
Frame 2806 end
Average processing time of GrabImageRGBD(): 12.4797ms
Frame 2807 end
Average processing time of GrabImageRGBD(): 12.4797ms
Frame 2808 end
Average processing time of GrabImageRGBD(): 12.4801ms
Frame 2809 end
Average processing time of GrabImageRGBD(): 12.4801ms
Frame 2810 end
Average processing time of GrabImageRGBD(): 12.4797ms
Frame 2811 end
Average processing time of GrabImageRGBD(): 12.4795ms
Frame 2812 end
Average processing time of GrabImageRGBD(): 12.4804ms
Frame 2813 end
Average processing time of GrabImageRGBD(): 12.4799ms
Frame 2814 end
Average processing time of GrabImageRGBD(): 12.4876ms
Frame 2815 end
Average processing time of GrabImageRGBD(): 12.4884ms
Frame 2816 end
Average processing time of GrabImageRGBD(): 12.4885ms
Frame 2817 end
Average processing time of GrabImageRGBD(): 12.4888ms
Frame 2818 end
Average processing time of GrabImageRGBD(): 12.4892ms
Frame 2819 end
Average processing time of GrabImageRGBD(): 12.4899ms
Frame 2820 end
Average processing time of GrabImageRGBD(): 12.4897ms
Frame 2821 end
Average processing time of GrabImageRGBD(): 12.489ms
Frame 2822 end
Average processing time of GrabImageRGBD(): 12.4893ms
Frame 2823 end
Average processing time of GrabImageRGBD(): 12.4888ms
Frame 2824 end
Average processing time of GrabImageRGBD(): 12.4973ms
Frame 2825 end
Average processing time of GrabImageRGBD(): 12.4975ms
Frame 2826 end
Average processing time of GrabImageRGBD(): 12.4974ms
Frame 2827 end
Average processing time of GrabImageRGBD(): 12.497ms
Frame 2828 end
Average processing time of GrabImageRGBD(): 12.4965ms
Frame 2829 end
Average processing time of GrabImageRGBD(): 12.4962ms
Frame 2830 end
Average processing time of GrabImageRGBD(): 12.4959ms
Frame 2831 end
Average processing time of GrabImageRGBD(): 12.4955ms
Frame 2832 end
Average processing time of GrabImageRGBD(): 12.4953ms
Frame 2833 end
Average processing time of GrabImageRGBD(): 12.5043ms
Frame 2834 end
Average processing time of GrabImageRGBD(): 12.5046ms
Frame 2835 end
Average processing time of GrabImageRGBD(): 12.505ms
Frame 2836 end
Average processing time of GrabImageRGBD(): 12.5046ms
Frame 2837 end
Average processing time of GrabImageRGBD(): 12.5048ms
Frame 2838 end
Average processing time of GrabImageRGBD(): 12.5039ms
Frame 2839 end
Average processing time of GrabImageRGBD(): 12.5026ms
Frame 2840 end
Average processing time of GrabImageRGBD(): 12.5022ms
Frame 2841 end
Average processing time of GrabImageRGBD(): 12.5039ms
Frame 2842 end
Average processing time of GrabImageRGBD(): 12.5123ms
Frame 2843 end
Average processing time of GrabImageRGBD(): 12.5124ms
Frame 2844 end
Average processing time of GrabImageRGBD(): 12.5128ms
Frame 2845 end
Average processing time of GrabImageRGBD(): 12.5125ms
Frame 2846 end
Average processing time of GrabImageRGBD(): 12.5127ms
Frame 2847 end
Average processing time of GrabImageRGBD(): 12.5122ms
Frame 2848 end
Average processing time of GrabImageRGBD(): 12.511ms
Frame 2849 end
Average processing time of GrabImageRGBD(): 12.5111ms
Frame 2850 end
Average processing time of GrabImageRGBD(): 12.5198ms
Frame 2851 end
Average processing time of GrabImageRGBD(): 12.5211ms
Frame 2852 end
Average processing time of GrabImageRGBD(): 12.5215ms
Frame 2853 end
Average processing time of GrabImageRGBD(): 12.521ms
Frame 2854 end
Average processing time of GrabImageRGBD(): 12.5209ms
Frame 2855 end
Average processing time of GrabImageRGBD(): 12.5209ms
Frame 2856 end
Average processing time of GrabImageRGBD(): 12.5212ms
Frame 2857 end
Average processing time of GrabImageRGBD(): 12.5201ms
Frame 2858 end
Average processing time of GrabImageRGBD(): 12.5196ms
Frame 2859 end
Average processing time of GrabImageRGBD(): 12.5277ms
Frame 2860 end
Average processing time of GrabImageRGBD(): 12.528ms
Frame 2861 end
Average processing time of GrabImageRGBD(): 12.5276ms
Frame 2862 end
Average processing time of GrabImageRGBD(): 12.5275ms
Frame 2863 end
Average processing time of GrabImageRGBD(): 12.5275ms
Frame 2864 end
Average processing time of GrabImageRGBD(): 12.5267ms
Frame 2865 end
Average processing time of GrabImageRGBD(): 12.5262ms
Frame 2866 end
Average processing time of GrabImageRGBD(): 12.5343ms
Frame 2867 end
Average processing time of GrabImageRGBD(): 12.5341ms
Frame 2868 end
Average processing time of GrabImageRGBD(): 12.5342ms
Frame 2869 end
Average processing time of GrabImageRGBD(): 12.5341ms
Frame 2870 end
Average processing time of GrabImageRGBD(): 12.5338ms
Frame 2871 end
Average processing time of GrabImageRGBD(): 12.5334ms
Frame 2872 end
Average processing time of GrabImageRGBD(): 12.533ms
Frame 2873 end
Average processing time of GrabImageRGBD(): 12.5412ms
Frame 2874 end
Average processing time of GrabImageRGBD(): 12.541ms
Frame 2875 end
Average processing time of GrabImageRGBD(): 12.5408ms
Frame 2876 end
Average processing time of GrabImageRGBD(): 12.5407ms
Frame 2877 end
Average processing time of GrabImageRGBD(): 12.5402ms
Frame 2878 end
Average processing time of GrabImageRGBD(): 12.5389ms
Frame 2879 end
Average processing time of GrabImageRGBD(): 12.5383ms
Frame 2880 end
Average processing time of GrabImageRGBD(): 12.5469ms
Frame 2881 end
Average processing time of GrabImageRGBD(): 12.5467ms
Frame 2882 end
Average processing time of GrabImageRGBD(): 12.5467ms
Frame 2883 end
Average processing time of GrabImageRGBD(): 12.5461ms
Frame 2884 end
Average processing time of GrabImageRGBD(): 12.5466ms
Frame 2885 end
Average processing time of GrabImageRGBD(): 12.5464ms
Frame 2886 end
Average processing time of GrabImageRGBD(): 12.546ms
Frame 2887 end
Average processing time of GrabImageRGBD(): 12.546ms
Frame 2888 end
Average processing time of GrabImageRGBD(): 12.5539ms
Frame 2889 end
Average processing time of GrabImageRGBD(): 12.5547ms
Frame 2890 end
Average processing time of GrabImageRGBD(): 12.555ms
Frame 2891 end
Average processing time of GrabImageRGBD(): 12.555ms
Frame 2892 end
Average processing time of GrabImageRGBD(): 12.5543ms
Frame 2893 end
Average processing time of GrabImageRGBD(): 12.5541ms
Frame 2894 end
Average processing time of GrabImageRGBD(): 12.5538ms
Frame 2895 end
Average processing time of GrabImageRGBD(): 12.5534ms
Frame 2896 end
Average processing time of GrabImageRGBD(): 12.5624ms
Frame 2897 end
Average processing time of GrabImageRGBD(): 12.5625ms
Frame 2898 end
Average processing time of GrabImageRGBD(): 12.5619ms
Frame 2899 end
Average processing time of GrabImageRGBD(): 12.5614ms
Frame 2900 end
Average processing time of GrabImageRGBD(): 12.5618ms
Frame 2901 end
Average processing time of GrabImageRGBD(): 12.5613ms
Frame 2902 end
Average processing time of GrabImageRGBD(): 12.5611ms
Frame 2903 end
Average processing time of GrabImageRGBD(): 12.5697ms
Frame 2904 end
Average processing time of GrabImageRGBD(): 12.5701ms
Frame 2905 end
Average processing time of GrabImageRGBD(): 12.5702ms
Frame 2906 end
Average processing time of GrabImageRGBD(): 12.5703ms
Frame 2907 end
Average processing time of GrabImageRGBD(): 12.5707ms
Frame 2908 end
Average processing time of GrabImageRGBD(): 12.5713ms
Frame 2909 end
Average processing time of GrabImageRGBD(): 12.5723ms
Frame 2910 end
Average processing time of GrabImageRGBD(): 12.5817ms
Frame 2911 end
Average processing time of GrabImageRGBD(): 12.5826ms
Frame 2912 end
Average processing time of GrabImageRGBD(): 12.5825ms
Frame 2913 end
Average processing time of GrabImageRGBD(): 12.5831ms
Frame 2914 end
Average processing time of GrabImageRGBD(): 12.584ms
Frame 2915 end
Average processing time of GrabImageRGBD(): 12.5842ms
Frame 2916 end
Average processing time of GrabImageRGBD(): 12.5838ms
Frame 2917 end
Average processing time of GrabImageRGBD(): 12.5925ms
Frame 2918 end
Average processing time of GrabImageRGBD(): 12.5929ms
Frame 2919 end
Average processing time of GrabImageRGBD(): 12.593ms
Frame 2920 end
Average processing time of GrabImageRGBD(): 12.5926ms
Frame 2921 end
Average processing time of GrabImageRGBD(): 12.5912ms
Frame 2922 end
Average processing time of GrabImageRGBD(): 12.5907ms
Frame 2923 end
Average processing time of GrabImageRGBD(): 12.5902ms
Frame 2924 end
Average processing time of GrabImageRGBD(): 12.5991ms
Frame 2925 end
Average processing time of GrabImageRGBD(): 12.5997ms
Frame 2926 end
Average processing time of GrabImageRGBD(): 12.5992ms
Frame 2927 end
Average processing time of GrabImageRGBD(): 12.5986ms
Frame 2928 end
Average processing time of GrabImageRGBD(): 12.5978ms
Frame 2929 end
Average processing time of GrabImageRGBD(): 12.5976ms
Frame 2930 end
Average processing time of GrabImageRGBD(): 12.5969ms
Frame 2931 end
Average processing time of GrabImageRGBD(): 12.5964ms
Frame 2932 end
Average processing time of GrabImageRGBD(): 12.6048ms
Frame 2933 end
Average processing time of GrabImageRGBD(): 12.6046ms
Frame 2934 end
Average processing time of GrabImageRGBD(): 12.6043ms
Frame 2935 end
Average processing time of GrabImageRGBD(): 12.6039ms
Frame 2936 end
Average processing time of GrabImageRGBD(): 12.6028ms
Frame 2937 end
Average processing time of GrabImageRGBD(): 12.6027ms
Frame 2938 end
Average processing time of GrabImageRGBD(): 12.6011ms
Frame 2939 end
Average processing time of GrabImageRGBD(): 12.6095ms
Frame 2940 end
Average processing time of GrabImageRGBD(): 12.609ms
Frame 2941 end
Average processing time of GrabImageRGBD(): 12.6086ms
Frame 2942 end
Average processing time of GrabImageRGBD(): 12.6083ms
Frame 2943 end
Average processing time of GrabImageRGBD(): 12.6075ms
Frame 2944 end
Average processing time of GrabImageRGBD(): 12.6069ms
Frame 2945 end
Average processing time of GrabImageRGBD(): 12.6066ms
Frame 2946 end
Average processing time of GrabImageRGBD(): 12.6059ms
Frame 2947 end
Average processing time of GrabImageRGBD(): 12.6053ms
Frame 2948 end
Average processing time of GrabImageRGBD(): 12.6045ms
Frame 2949 end
Average processing time of GrabImageRGBD(): 12.6131ms
Frame 2950 end
Average processing time of GrabImageRGBD(): 12.6132ms
Frame 2951 end
Average processing time of GrabImageRGBD(): 12.6131ms
Frame 2952 end
Average processing time of GrabImageRGBD(): 12.613ms
Frame 2953 end
Average processing time of GrabImageRGBD(): 12.6132ms
Frame 2954 end
Average processing time of GrabImageRGBD(): 12.6136ms
Frame 2955 end
Average processing time of GrabImageRGBD(): 12.6143ms
Frame 2956 end
Average processing time of GrabImageRGBD(): 12.6144ms
Frame 2957 end
Average processing time of GrabImageRGBD(): 12.6242ms
Frame 2958 end
Average processing time of GrabImageRGBD(): 12.6242ms
Frame 2959 end
Average processing time of GrabImageRGBD(): 12.6239ms
Frame 2960 end
Average processing time of GrabImageRGBD(): 12.6222ms
Frame 2961 end
Average processing time of GrabImageRGBD(): 12.6216ms
Frame 2962 end
Average processing time of GrabImageRGBD(): 12.621ms
Frame 2963 end
Average processing time of GrabImageRGBD(): 12.6206ms
Frame 2964 end
Average processing time of GrabImageRGBD(): 12.6205ms
Frame 2965 end
Average processing time of GrabImageRGBD(): 12.6289ms
Frame 2966 end
Average processing time of GrabImageRGBD(): 12.6287ms
Frame 2967 end
Average processing time of GrabImageRGBD(): 12.6281ms
Frame 2968 end
Average processing time of GrabImageRGBD(): 12.6263ms
Frame 2969 end
Average processing time of GrabImageRGBD(): 12.625ms
Frame 2970 end
Average processing time of GrabImageRGBD(): 12.6234ms
Frame 2971 end
Average processing time of GrabImageRGBD(): 12.6237ms
Frame 2972 end
Average processing time of GrabImageRGBD(): 12.6229ms
Frame 2973 end
Average processing time of GrabImageRGBD(): 12.6313ms
Frame 2974 end
Average processing time of GrabImageRGBD(): 12.6315ms
Frame 2975 end
Average processing time of GrabImageRGBD(): 12.6312ms
Frame 2976 end
Average processing time of GrabImageRGBD(): 12.6309ms
Frame 2977 end
Average processing time of GrabImageRGBD(): 12.6306ms
Frame 2978 end
Average processing time of GrabImageRGBD(): 12.6301ms
Frame 2979 end
Average processing time of GrabImageRGBD(): 12.6297ms
Frame 2980 end
Average processing time of GrabImageRGBD(): 12.6284ms
Frame 2981 end
Average processing time of GrabImageRGBD(): 12.6278ms
Frame 2982 end
Average processing time of GrabImageRGBD(): 12.6364ms
Frame 2983 end
Average processing time of GrabImageRGBD(): 12.6365ms
Frame 2984 end
Average processing time of GrabImageRGBD(): 12.6357ms
Frame 2985 end
Average processing time of GrabImageRGBD(): 12.6357ms
Frame 2986 end
Average processing time of GrabImageRGBD(): 12.6352ms
Frame 2987 end
Average processing time of GrabImageRGBD(): 12.635ms
Frame 2988 end
Average processing time of GrabImageRGBD(): 12.6344ms
Frame 2989 end
Average processing time of GrabImageRGBD(): 12.6343ms
Frame 2990 end
Average processing time of GrabImageRGBD(): 12.6341ms
Frame 2991 end
Average processing time of GrabImageRGBD(): 12.642ms
Frame 2992 end
Average processing time of GrabImageRGBD(): 12.6409ms
Frame 2993 end
Average processing time of GrabImageRGBD(): 12.6402ms
Frame 2994 end
Average processing time of GrabImageRGBD(): 12.6396ms
Frame 2995 end
Average processing time of GrabImageRGBD(): 12.6386ms
Frame 2996 end
Average processing time of GrabImageRGBD(): 12.6374ms
Frame 2997 end
Average processing time of GrabImageRGBD(): 12.6368ms
Frame 2998 end
Average processing time of GrabImageRGBD(): 12.6358ms
Frame 2999 end
Average processing time of GrabImageRGBD(): 12.6351ms
Frame 3000 end
Average processing time of GrabImageRGBD(): 12.6469ms
Frame 3001 end
Average processing time of GrabImageRGBD(): 12.6466ms
Frame 3002 end
Average processing time of GrabImageRGBD(): 12.6466ms
Frame 3003 end
Average processing time of GrabImageRGBD(): 12.6458ms
Frame 3004 end
Average processing time of GrabImageRGBD(): 12.6444ms
Frame 3005 end
Average processing time of GrabImageRGBD(): 12.6438ms
Frame 3006 end
Average processing time of GrabImageRGBD(): 12.6424ms
Frame 3007 end
Average processing time of GrabImageRGBD(): 12.6413ms
Frame 3008 end
Average processing time of GrabImageRGBD(): 12.6395ms
Frame 3009 end
Average processing time of GrabImageRGBD(): 12.648ms
Frame 3010 end
Average processing time of GrabImageRGBD(): 12.6466ms
Frame 3011 end
Average processing time of GrabImageRGBD(): 12.6461ms
Frame 3012 end
Average processing time of GrabImageRGBD(): 12.6445ms
Frame 3013 end
Average processing time of GrabImageRGBD(): 12.6427ms
Frame 3014 end
Average processing time of GrabImageRGBD(): 12.6415ms
Frame 3015 end
Average processing time of GrabImageRGBD(): 12.6402ms
Frame 3016 end
Average processing time of GrabImageRGBD(): 12.6391ms
Frame 3017 end
Average processing time of GrabImageRGBD(): 12.6473ms
Frame 3018 end
Average processing time of GrabImageRGBD(): 12.6472ms
Frame 3019 end
Average processing time of GrabImageRGBD(): 12.6468ms
Frame 3020 end
Average processing time of GrabImageRGBD(): 12.6462ms
Frame 3021 end
Average processing time of GrabImageRGBD(): 12.6449ms
Frame 3022 end
Average processing time of GrabImageRGBD(): 12.6443ms
Frame 3023 end
Average processing time of GrabImageRGBD(): 12.6437ms
Frame 3024 end
Average processing time of GrabImageRGBD(): 12.6427ms
Frame 3025 end
Average processing time of GrabImageRGBD(): 12.6423ms
Frame 3026 end
Average processing time of GrabImageRGBD(): 12.6512ms
Frame 3027 end
Average processing time of GrabImageRGBD(): 12.6512ms
Frame 3028 end
Average processing time of GrabImageRGBD(): 12.6506ms
Frame 3029 end
Average processing time of GrabImageRGBD(): 12.6504ms
Frame 3030 end
Average processing time of GrabImageRGBD(): 12.6502ms
Frame 3031 end
Average processing time of GrabImageRGBD(): 12.6501ms
Frame 3032 end
Average processing time of GrabImageRGBD(): 12.6497ms
Frame 3033 end
Average processing time of GrabImageRGBD(): 12.6497ms
Frame 3034 end
Average processing time of GrabImageRGBD(): 12.6587ms
Frame 3035 end
Average processing time of GrabImageRGBD(): 12.6578ms
Frame 3036 end
Average processing time of GrabImageRGBD(): 12.6573ms
Frame 3037 end
Average processing time of GrabImageRGBD(): 12.6572ms
Frame 3038 end
Average processing time of GrabImageRGBD(): 12.6568ms
Frame 3039 end
Average processing time of GrabImageRGBD(): 12.657ms
Frame 3040 end
Average processing time of GrabImageRGBD(): 12.656ms
Frame 3041 end
Average processing time of GrabImageRGBD(): 12.6551ms
Frame 3042 end
Average processing time of GrabImageRGBD(): 12.6545ms
Frame 3043 end
Average processing time of GrabImageRGBD(): 12.6632ms
Frame 3044 end
Average processing time of GrabImageRGBD(): 12.6632ms
Frame 3045 end
Average processing time of GrabImageRGBD(): 12.6616ms
Frame 3046 end
Average processing time of GrabImageRGBD(): 12.6613ms
Frame 3047 end
Average processing time of GrabImageRGBD(): 12.6608ms
Frame 3048 end
Average processing time of GrabImageRGBD(): 12.6599ms
Frame 3049 end
Average processing time of GrabImageRGBD(): 12.6593ms
Frame 3050 end
Average processing time of GrabImageRGBD(): 12.6589ms
Frame 3051 end
Average processing time of GrabImageRGBD(): 12.668ms
Frame 3052 end
Average processing time of GrabImageRGBD(): 12.668ms
Frame 3053 end
Average processing time of GrabImageRGBD(): 12.667ms
Frame 3054 end
Average processing time of GrabImageRGBD(): 12.6658ms
Frame 3055 end
Average processing time of GrabImageRGBD(): 12.6654ms
Frame 3056 end
Average processing time of GrabImageRGBD(): 12.6648ms
Frame 3057 end
Average processing time of GrabImageRGBD(): 12.6666ms
Frame 3058 end
Average processing time of GrabImageRGBD(): 12.6664ms
Frame 3059 end
Average processing time of GrabImageRGBD(): 12.6662ms
Frame 3060 end
Average processing time of GrabImageRGBD(): 12.675ms
Frame 3061 end
Average processing time of GrabImageRGBD(): 12.6749ms
Frame 3062 end
Average processing time of GrabImageRGBD(): 12.6732ms
Frame 3063 end
Average processing time of GrabImageRGBD(): 12.672ms
Frame 3064 end
Average processing time of GrabImageRGBD(): 12.6711ms
Frame 3065 end
Average processing time of GrabImageRGBD(): 12.6702ms
Frame 3066 end
Average processing time of GrabImageRGBD(): 12.6693ms
Frame 3067 end
Average processing time of GrabImageRGBD(): 12.6682ms
Frame 3068 end
Average processing time of GrabImageRGBD(): 12.6765ms
Frame 3069 end
Average processing time of GrabImageRGBD(): 12.6756ms
Frame 3070 end
Average processing time of GrabImageRGBD(): 12.6745ms
Frame 3071 end
Average processing time of GrabImageRGBD(): 12.6739ms
Frame 3072 end
Average processing time of GrabImageRGBD(): 12.6735ms
Frame 3073 end
Average processing time of GrabImageRGBD(): 12.6728ms
Frame 3074 end
Average processing time of GrabImageRGBD(): 12.6721ms
Frame 3075 end
Average processing time of GrabImageRGBD(): 12.6709ms
Frame 3076 end
Average processing time of GrabImageRGBD(): 12.6791ms
Frame 3077 end
Average processing time of GrabImageRGBD(): 12.6784ms
Frame 3078 end
Average processing time of GrabImageRGBD(): 12.6772ms
Frame 3079 end
Average processing time of GrabImageRGBD(): 12.6764ms
Frame 3080 end
Average processing time of GrabImageRGBD(): 12.6751ms
Frame 3081 end
Average processing time of GrabImageRGBD(): 12.6744ms
Frame 3082 end
Average processing time of GrabImageRGBD(): 12.6732ms
Frame 3083 end
Average processing time of GrabImageRGBD(): 12.6712ms
Frame 3084 end
Average processing time of GrabImageRGBD(): 12.6794ms
Frame 3085 end
Average processing time of GrabImageRGBD(): 12.6791ms
Frame 3086 end
Average processing time of GrabImageRGBD(): 12.6788ms
Frame 3087 end
Average processing time of GrabImageRGBD(): 12.6783ms
Frame 3088 end
Average processing time of GrabImageRGBD(): 12.678ms
Frame 3089 end
Average processing time of GrabImageRGBD(): 12.6772ms
Frame 3090 end
Average processing time of GrabImageRGBD(): 12.6768ms
Frame 3091 end
Average processing time of GrabImageRGBD(): 12.6756ms
Frame 3092 end
Average processing time of GrabImageRGBD(): 12.6743ms
Frame 3093 end
Average processing time of GrabImageRGBD(): 12.6821ms
Frame 3094 end
Average processing time of GrabImageRGBD(): 12.682ms
Frame 3095 end
Average processing time of GrabImageRGBD(): 12.6814ms
Frame 3096 end
Average processing time of GrabImageRGBD(): 12.6807ms
Frame 3097 end
Average processing time of GrabImageRGBD(): 12.6802ms
Frame 3098 end
Average processing time of GrabImageRGBD(): 12.6796ms
Frame 3099 end
Average processing time of GrabImageRGBD(): 12.679ms
Frame 3100 end
Average processing time of GrabImageRGBD(): 12.6778ms
Frame 3101 end
Average processing time of GrabImageRGBD(): 12.6862ms
Frame 3102 end
Average processing time of GrabImageRGBD(): 12.6861ms
Frame 3103 end
Average processing time of GrabImageRGBD(): 12.686ms
Frame 3104 end
Average processing time of GrabImageRGBD(): 12.6851ms
Frame 3105 end
Average processing time of GrabImageRGBD(): 12.6842ms
Frame 3106 end
Average processing time of GrabImageRGBD(): 12.6827ms
Frame 3107 end
Average processing time of GrabImageRGBD(): 12.6821ms
Frame 3108 end
Average processing time of GrabImageRGBD(): 12.6811ms
Frame 3109 end
Average processing time of GrabImageRGBD(): 12.6806ms
Frame 3110 end
Average processing time of GrabImageRGBD(): 12.6885ms
Frame 3111 end
Average processing time of GrabImageRGBD(): 12.6875ms
Frame 3112 end
Average processing time of GrabImageRGBD(): 12.6871ms
Frame 3113 end
Average processing time of GrabImageRGBD(): 12.6849ms
Frame 3114 end
Average processing time of GrabImageRGBD(): 12.6842ms
Frame 3115 end
Average processing time of GrabImageRGBD(): 12.6831ms
Frame 3116 end
Average processing time of GrabImageRGBD(): 12.6825ms
Frame 3117 end
Average processing time of GrabImageRGBD(): 12.6816ms
Frame 3118 end
Average processing time of GrabImageRGBD(): 12.681ms
Frame 3119 end
Average processing time of GrabImageRGBD(): 12.6887ms
Frame 3120 end
Average processing time of GrabImageRGBD(): 12.6887ms
Frame 3121 end
Average processing time of GrabImageRGBD(): 12.6884ms
Frame 3122 end
Average processing time of GrabImageRGBD(): 12.6876ms
Frame 3123 end
Average processing time of GrabImageRGBD(): 12.6854ms
Frame 3124 end
Average processing time of GrabImageRGBD(): 12.6847ms
Frame 3125 end
Average processing time of GrabImageRGBD(): 12.6835ms
Frame 3126 end
Average processing time of GrabImageRGBD(): 12.6829ms
Frame 3127 end
Average processing time of GrabImageRGBD(): 12.6822ms
Frame 3128 end
Average processing time of GrabImageRGBD(): 12.6928ms
Frame 3129 end
Average processing time of GrabImageRGBD(): 12.6926ms
Frame 3130 end
Average processing time of GrabImageRGBD(): 12.692ms
Frame 3131 end
Average processing time of GrabImageRGBD(): 12.6921ms
Frame 3132 end
Average processing time of GrabImageRGBD(): 12.6916ms
Frame 3133 end
Average processing time of GrabImageRGBD(): 12.6914ms
Frame 3134 end
Average processing time of GrabImageRGBD(): 12.6907ms
Frame 3135 end
Average processing time of GrabImageRGBD(): 12.6903ms
Frame 3136 end
Average processing time of GrabImageRGBD(): 12.6893ms
Frame 3137 end
Average processing time of GrabImageRGBD(): 12.6979ms
Frame 3138 end
Average processing time of GrabImageRGBD(): 12.6977ms
Frame 3139 end
Average processing time of GrabImageRGBD(): 12.6971ms
Frame 3140 end
Average processing time of GrabImageRGBD(): 12.6961ms
Frame 3141 end
Average processing time of GrabImageRGBD(): 12.6955ms
Frame 3142 end
Average processing time of GrabImageRGBD(): 12.6954ms
Frame 3143 end
Average processing time of GrabImageRGBD(): 12.6949ms
Frame 3144 end
Average processing time of GrabImageRGBD(): 12.6928ms
Frame 3145 end
Average processing time of GrabImageRGBD(): 12.6914ms
Frame 3146 end
Average processing time of GrabImageRGBD(): 12.6994ms
Frame 3147 end
Average processing time of GrabImageRGBD(): 12.699ms
Frame 3148 end
Average processing time of GrabImageRGBD(): 12.6991ms
Frame 3149 end
Average processing time of GrabImageRGBD(): 12.6992ms
Frame 3150 end
Average processing time of GrabImageRGBD(): 12.699ms
Frame 3151 end
Average processing time of GrabImageRGBD(): 12.6982ms
Frame 3152 end
Average processing time of GrabImageRGBD(): 12.6985ms
Frame 3153 end
Average processing time of GrabImageRGBD(): 12.698ms
Frame 3154 end
Average processing time of GrabImageRGBD(): 12.6973ms
Frame 3155 end
Average processing time of GrabImageRGBD(): 12.6965ms
Frame 3156 end
Average processing time of GrabImageRGBD(): 12.6959ms
Frame 3157 end
Average processing time of GrabImageRGBD(): 12.7035ms
Frame 3158 end
Average processing time of GrabImageRGBD(): 12.7034ms
Frame 3159 end
Average processing time of GrabImageRGBD(): 12.7029ms
Frame 3160 end
Average processing time of GrabImageRGBD(): 12.7015ms
Frame 3161 end
Average processing time of GrabImageRGBD(): 12.7012ms
Frame 3162 end
Average processing time of GrabImageRGBD(): 12.701ms
Frame 3163 end
Average processing time of GrabImageRGBD(): 12.6997ms
Frame 3164 end
Average processing time of GrabImageRGBD(): 12.6982ms
Frame 3165 end
Average processing time of GrabImageRGBD(): 12.6969ms
Frame 3166 end
Average processing time of GrabImageRGBD(): 12.6957ms
Frame 3167 end
Average processing time of GrabImageRGBD(): 12.7031ms
Frame 3168 end
Average processing time of GrabImageRGBD(): 12.7026ms
Frame 3169 end
Average processing time of GrabImageRGBD(): 12.7015ms
Frame 3170 end
Average processing time of GrabImageRGBD(): 12.7007ms
Frame 3171 end
Average processing time of GrabImageRGBD(): 12.6991ms
Frame 3172 end
Average processing time of GrabImageRGBD(): 12.6977ms
Frame 3173 end
Average processing time of GrabImageRGBD(): 12.6978ms
Frame 3174 end
Average processing time of GrabImageRGBD(): 12.6967ms
Frame 3175 end
Average processing time of GrabImageRGBD(): 12.6954ms
Frame 3176 end
Average processing time of GrabImageRGBD(): 12.6943ms
Frame 3177 end
Average processing time of GrabImageRGBD(): 12.7018ms
Frame 3178 end
Average processing time of GrabImageRGBD(): 12.7015ms
Frame 3179 end
Average processing time of GrabImageRGBD(): 12.7ms
Frame 3180 end
Average processing time of GrabImageRGBD(): 12.6993ms
Frame 3181 end
Average processing time of GrabImageRGBD(): 12.6979ms
Frame 3182 end
Average processing time of GrabImageRGBD(): 12.6973ms
Frame 3183 end
Average processing time of GrabImageRGBD(): 12.6964ms
Frame 3184 end
Average processing time of GrabImageRGBD(): 12.6956ms
Frame 3185 end
Average processing time of GrabImageRGBD(): 12.6937ms
Frame 3186 end
Average processing time of GrabImageRGBD(): 12.6928ms
Frame 3187 end
Average processing time of GrabImageRGBD(): 12.7011ms
Frame 3188 end
Average processing time of GrabImageRGBD(): 12.7008ms
Frame 3189 end
Average processing time of GrabImageRGBD(): 12.7002ms
Frame 3190 end
Average processing time of GrabImageRGBD(): 12.6983ms
Frame 3191 end
Average processing time of GrabImageRGBD(): 12.698ms
Frame 3192 end
Average processing time of GrabImageRGBD(): 12.6979ms
Frame 3193 end
Average processing time of GrabImageRGBD(): 12.6973ms
Frame 3194 end
Average processing time of GrabImageRGBD(): 12.6967ms
Frame 3195 end
Average processing time of GrabImageRGBD(): 12.696ms
Frame 3196 end
Average processing time of GrabImageRGBD(): 12.6952ms
Frame 3197 end
Average processing time of GrabImageRGBD(): 12.6944ms
Frame 3198 end
Average processing time of GrabImageRGBD(): 12.7024ms
Frame 3199 end
Average processing time of GrabImageRGBD(): 12.7022ms
Frame 3200 end
Average processing time of GrabImageRGBD(): 12.701ms
Frame 3201 end
Average processing time of GrabImageRGBD(): 12.7ms
Frame 3202 end
Average processing time of GrabImageRGBD(): 12.699ms
Frame 3203 end
Average processing time of GrabImageRGBD(): 12.6982ms
Frame 3204 end
Average processing time of GrabImageRGBD(): 12.6965ms
Frame 3205 end
Average processing time of GrabImageRGBD(): 12.6963ms
Frame 3206 end
Average processing time of GrabImageRGBD(): 12.6958ms
Frame 3207 end
Average processing time of GrabImageRGBD(): 12.7048ms
Frame 3208 end
Average processing time of GrabImageRGBD(): 12.7046ms
Frame 3209 end
Average processing time of GrabImageRGBD(): 12.7038ms
Frame 3210 end
Average processing time of GrabImageRGBD(): 12.703ms
Frame 3211 end
Average processing time of GrabImageRGBD(): 12.7014ms
Frame 3212 end
Average processing time of GrabImageRGBD(): 12.7014ms
Frame 3213 end
Average processing time of GrabImageRGBD(): 12.7007ms
Frame 3214 end
Average processing time of GrabImageRGBD(): 12.6997ms
Frame 3215 end
Average processing time of GrabImageRGBD(): 12.6987ms
Frame 3216 end
Average processing time of GrabImageRGBD(): 12.6981ms
Frame 3217 end
Average processing time of GrabImageRGBD(): 12.7059ms
Frame 3218 end
Average processing time of GrabImageRGBD(): 12.7059ms
Frame 3219 end
Average processing time of GrabImageRGBD(): 12.7047ms
Frame 3220 end
Average processing time of GrabImageRGBD(): 12.7031ms
Frame 3221 end
Average processing time of GrabImageRGBD(): 12.7019ms
Frame 3222 end
Average processing time of GrabImageRGBD(): 12.7004ms
Frame 3223 end
Average processing time of GrabImageRGBD(): 12.6997ms
Frame 3224 end
Average processing time of GrabImageRGBD(): 12.6991ms
Frame 3225 end
Average processing time of GrabImageRGBD(): 12.6986ms
Frame 3226 end
Average processing time of GrabImageRGBD(): 12.7066ms
Frame 3227 end
Average processing time of GrabImageRGBD(): 12.7074ms
Frame 3228 end
Average processing time of GrabImageRGBD(): 12.7072ms
Frame 3229 end
Average processing time of GrabImageRGBD(): 12.7065ms
Frame 3230 end
Average processing time of GrabImageRGBD(): 12.7061ms
Frame 3231 end
Average processing time of GrabImageRGBD(): 12.7056ms
Frame 3232 end
Average processing time of GrabImageRGBD(): 12.7047ms
Frame 3233 end
Average processing time of GrabImageRGBD(): 12.7039ms
Frame 3234 end
Average processing time of GrabImageRGBD(): 12.7023ms
Frame 3235 end
Average processing time of GrabImageRGBD(): 12.7106ms
Frame 3236 end
Average processing time of GrabImageRGBD(): 12.7114ms
Frame 3237 end
Average processing time of GrabImageRGBD(): 12.7111ms
Frame 3238 end
Average processing time of GrabImageRGBD(): 12.71ms
Frame 3239 end
Average processing time of GrabImageRGBD(): 12.7085ms
Frame 3240 end
Average processing time of GrabImageRGBD(): 12.7073ms
Frame 3241 end
Average processing time of GrabImageRGBD(): 12.707ms
Frame 3242 end
Average processing time of GrabImageRGBD(): 12.7062ms
Frame 3243 end
Average processing time of GrabImageRGBD(): 12.7061ms
Frame 3244 end
Average processing time of GrabImageRGBD(): 12.7061ms
Frame 3245 end
Average processing time of GrabImageRGBD(): 12.7054ms
Frame 3246 end
Average processing time of GrabImageRGBD(): 12.7131ms
Frame 3247 end
Average processing time of GrabImageRGBD(): 12.7128ms
Frame 3248 end
Average processing time of GrabImageRGBD(): 12.7114ms
Frame 3249 end
Average processing time of GrabImageRGBD(): 12.7114ms
Frame 3250 end
Average processing time of GrabImageRGBD(): 12.7093ms
Frame 3251 end
Average processing time of GrabImageRGBD(): 12.7094ms
Frame 3252 end
Average processing time of GrabImageRGBD(): 12.7078ms
Frame 3253 end
Average processing time of GrabImageRGBD(): 12.7065ms
Frame 3254 end
Average processing time of GrabImageRGBD(): 12.7062ms
Frame 3255 end
Average processing time of GrabImageRGBD(): 12.7057ms
Frame 3256 end
Average processing time of GrabImageRGBD(): 12.7046ms
Frame 3257 end
Average processing time of GrabImageRGBD(): 12.7035ms
Frame 3258 end
Average processing time of GrabImageRGBD(): 12.7118ms
Frame 3259 end
Average processing time of GrabImageRGBD(): 12.7117ms
Frame 3260 end
Average processing time of GrabImageRGBD(): 12.7111ms
Frame 3261 end
Average processing time of GrabImageRGBD(): 12.7098ms
Frame 3262 end
Average processing time of GrabImageRGBD(): 12.709ms
Frame 3263 end
Average processing time of GrabImageRGBD(): 12.7073ms
Frame 3264 end
Average processing time of GrabImageRGBD(): 12.7068ms
Frame 3265 end
Average processing time of GrabImageRGBD(): 12.7063ms
Frame 3266 end
Average processing time of GrabImageRGBD(): 12.7058ms
Frame 3267 end
Average processing time of GrabImageRGBD(): 12.7054ms
Frame 3268 end
Average processing time of GrabImageRGBD(): 12.7139ms
Frame 3269 end
Average processing time of GrabImageRGBD(): 12.7147ms
Frame 3270 end
Average processing time of GrabImageRGBD(): 12.7138ms
Frame 3271 end
Average processing time of GrabImageRGBD(): 12.7132ms
Frame 3272 end
Average processing time of GrabImageRGBD(): 12.712ms
Frame 3273 end
Average processing time of GrabImageRGBD(): 12.7114ms
Frame 3274 end
Average processing time of GrabImageRGBD(): 12.7106ms
Frame 3275 end
Average processing time of GrabImageRGBD(): 12.7096ms
Frame 3276 end
Average processing time of GrabImageRGBD(): 12.7087ms
Frame 3277 end
Average processing time of GrabImageRGBD(): 12.7078ms
Frame 3278 end
Average processing time of GrabImageRGBD(): 12.7071ms
Frame 3279 end
Average processing time of GrabImageRGBD(): 12.7191ms
Frame 3280 end
Average processing time of GrabImageRGBD(): 12.7186ms
Frame 3281 end
Average processing time of GrabImageRGBD(): 12.7178ms
Frame 3282 end
Average processing time of GrabImageRGBD(): 12.7171ms
Frame 3283 end
Average processing time of GrabImageRGBD(): 12.7167ms
Frame 3284 end
Average processing time of GrabImageRGBD(): 12.7158ms
Frame 3285 end
Average processing time of GrabImageRGBD(): 12.7153ms
Frame 3286 end
Average processing time of GrabImageRGBD(): 12.7145ms
Frame 3287 end
Average processing time of GrabImageRGBD(): 12.714ms
Frame 3288 end
Average processing time of GrabImageRGBD(): 12.7134ms
Frame 3289 end
Average processing time of GrabImageRGBD(): 12.7224ms
Frame 3290 end
Average processing time of GrabImageRGBD(): 12.722ms
Frame 3291 end
Average processing time of GrabImageRGBD(): 12.721ms
Frame 3292 end
Average processing time of GrabImageRGBD(): 12.7194ms
Frame 3293 end
Average processing time of GrabImageRGBD(): 12.7188ms
Frame 3294 end
Average processing time of GrabImageRGBD(): 12.7182ms
Frame 3295 end
Average processing time of GrabImageRGBD(): 12.7177ms
Frame 3296 end
Average processing time of GrabImageRGBD(): 12.7168ms
Frame 3297 end
Average processing time of GrabImageRGBD(): 12.7161ms
Frame 3298 end
Average processing time of GrabImageRGBD(): 12.7154ms
Frame 3299 end
Average processing time of GrabImageRGBD(): 12.7147ms
Frame 3300 end
Average processing time of GrabImageRGBD(): 12.714ms
Frame 3301 end
Average processing time of GrabImageRGBD(): 12.7136ms
Frame 3302 end
Average processing time of GrabImageRGBD(): 12.713ms
Frame 3303 end
Average processing time of GrabImageRGBD(): 12.7209ms
Frame 3304 end
Average processing time of GrabImageRGBD(): 12.7203ms
Frame 3305 end
Average processing time of GrabImageRGBD(): 12.7197ms
Frame 3306 end
Average processing time of GrabImageRGBD(): 12.719ms
Frame 3307 end
Average processing time of GrabImageRGBD(): 12.7185ms
Frame 3308 end
Average processing time of GrabImageRGBD(): 12.7175ms
Frame 3309 end
Average processing time of GrabImageRGBD(): 12.7168ms
Frame 3310 end
Average processing time of GrabImageRGBD(): 12.7162ms
Frame 3311 end
Average processing time of GrabImageRGBD(): 12.7157ms
Frame 3312 end
Average processing time of GrabImageRGBD(): 12.7148ms
Frame 3313 end
Average processing time of GrabImageRGBD(): 12.7144ms
Frame 3314 end
Average processing time of GrabImageRGBD(): 12.7137ms
Frame 3315 end
Average processing time of GrabImageRGBD(): 12.7123ms
Frame 3316 end
Average processing time of GrabImageRGBD(): 12.7207ms
Frame 3317 end
Average processing time of GrabImageRGBD(): 12.7207ms
Frame 3318 end
Average processing time of GrabImageRGBD(): 12.7198ms
Frame 3319 end
Average processing time of GrabImageRGBD(): 12.7182ms
Frame 3320 end
Average processing time of GrabImageRGBD(): 12.7179ms
Frame 3321 end
Average processing time of GrabImageRGBD(): 12.7172ms
Frame 3322 end
Average processing time of GrabImageRGBD(): 12.7166ms
Frame 3323 end
Average processing time of GrabImageRGBD(): 12.7156ms
Frame 3324 end
Average processing time of GrabImageRGBD(): 12.7142ms
Frame 3325 end
Average processing time of GrabImageRGBD(): 12.7136ms
Frame 3326 end
Average processing time of GrabImageRGBD(): 12.713ms
Frame 3327 end
Average processing time of GrabImageRGBD(): 12.7119ms
Frame 3328 end
Average processing time of GrabImageRGBD(): 12.7201ms
Frame 3329 end
Average processing time of GrabImageRGBD(): 12.72ms
Frame 3330 end
Average processing time of GrabImageRGBD(): 12.7196ms
Frame 3331 end
Average processing time of GrabImageRGBD(): 12.7189ms
Frame 3332 end
Average processing time of GrabImageRGBD(): 12.7184ms
Frame 3333 end
Average processing time of GrabImageRGBD(): 12.718ms
Frame 3334 end
Average processing time of GrabImageRGBD(): 12.7174ms
Frame 3335 end
Average processing time of GrabImageRGBD(): 12.7167ms
Frame 3336 end
Average processing time of GrabImageRGBD(): 12.7146ms
Frame 3337 end
Average processing time of GrabImageRGBD(): 12.7146ms
Frame 3338 end
Average processing time of GrabImageRGBD(): 12.713ms
Frame 3339 end
Average processing time of GrabImageRGBD(): 12.7106ms
Frame 3340 end
Average processing time of GrabImageRGBD(): 12.7101ms
Frame 3341 end
Average processing time of GrabImageRGBD(): 12.7188ms
Frame 3342 end
Average processing time of GrabImageRGBD(): 12.7193ms
Frame 3343 end
Average processing time of GrabImageRGBD(): 12.7188ms
Frame 3344 end
Average processing time of GrabImageRGBD(): 12.7186ms
Frame 3345 end
Average processing time of GrabImageRGBD(): 12.7183ms
Frame 3346 end
Average processing time of GrabImageRGBD(): 12.7179ms
Frame 3347 end
Average processing time of GrabImageRGBD(): 12.7174ms
Frame 3348 end
Average processing time of GrabImageRGBD(): 12.7174ms
Frame 3349 end
Average processing time of GrabImageRGBD(): 12.7168ms
Frame 3350 end
Average processing time of GrabImageRGBD(): 12.7158ms
Frame 3351 end
Average processing time of GrabImageRGBD(): 12.7142ms
Frame 3352 end
Average processing time of GrabImageRGBD(): 12.7141ms
Frame 3353 end
Average processing time of GrabImageRGBD(): 12.7137ms
Frame 3354 end
Average processing time of GrabImageRGBD(): 12.7131ms
Frame 3355 end
Average processing time of GrabImageRGBD(): 12.7251ms
Frame 3356 end
Average processing time of GrabImageRGBD(): 12.7251ms
Frame 3357 end
Average processing time of GrabImageRGBD(): 12.7247ms
Frame 3358 end
Average processing time of GrabImageRGBD(): 12.7237ms
Frame 3359 end
Average processing time of GrabImageRGBD(): 12.7227ms
Frame 3360 end
Average processing time of GrabImageRGBD(): 12.7218ms
Frame 3361 end
Average processing time of GrabImageRGBD(): 12.7204ms
Frame 3362 end
Average processing time of GrabImageRGBD(): 12.7197ms
Frame 3363 end
Average processing time of GrabImageRGBD(): 12.7189ms
Frame 3364 end
Average processing time of GrabImageRGBD(): 12.7173ms
Frame 3365 end
Average processing time of GrabImageRGBD(): 12.7169ms
Frame 3366 end
Average processing time of GrabImageRGBD(): 12.7163ms
Frame 3367 end
Average processing time of GrabImageRGBD(): 12.7151ms
Frame 3368 end
Average processing time of GrabImageRGBD(): 12.7231ms
Frame 3369 end
Average processing time of GrabImageRGBD(): 12.7333ms
Frame 3370 end
Average processing time of GrabImageRGBD(): 12.7426ms
Frame 3371 end
Average processing time of GrabImageRGBD(): 12.7436ms
Frame 3372 end
Average processing time of GrabImageRGBD(): 12.7433ms
Frame 3373 end
Average processing time of GrabImageRGBD(): 12.7426ms
Frame 3374 end
Average processing time of GrabImageRGBD(): 12.7422ms
Frame 3375 end
Average processing time of GrabImageRGBD(): 12.7406ms
Frame 3376 end
Average processing time of GrabImageRGBD(): 12.7402ms
Frame 3377 end
Average processing time of GrabImageRGBD(): 12.7392ms
Frame 3378 end
Average processing time of GrabImageRGBD(): 12.7385ms
Frame 3379 end
Average processing time of GrabImageRGBD(): 12.7379ms
Frame 3380 end
Average processing time of GrabImageRGBD(): 12.7373ms
Frame 3381 end
Average processing time of GrabImageRGBD(): 12.7366ms
Frame 3382 end
Average processing time of GrabImageRGBD(): 12.736ms
Frame 3383 end
Average processing time of GrabImageRGBD(): 12.7461ms
Frame 3384 end
Average processing time of GrabImageRGBD(): 12.7465ms
Frame 3385 end
Average processing time of GrabImageRGBD(): 12.7461ms
Frame 3386 end
Average processing time of GrabImageRGBD(): 12.7453ms
Frame 3387 end
Average processing time of GrabImageRGBD(): 12.7449ms
Frame 3388 end
Average processing time of GrabImageRGBD(): 12.7443ms
Frame 3389 end
Average processing time of GrabImageRGBD(): 12.7439ms
Frame 3390 end
Average processing time of GrabImageRGBD(): 12.7434ms
Frame 3391 end
Average processing time of GrabImageRGBD(): 12.7437ms
Frame 3392 end
Average processing time of GrabImageRGBD(): 12.7432ms
Frame 3393 end
Average processing time of GrabImageRGBD(): 12.7425ms
Frame 3394 end
Average processing time of GrabImageRGBD(): 12.742ms
Frame 3395 end
Average processing time of GrabImageRGBD(): 12.7412ms
Frame 3396 end
Average processing time of GrabImageRGBD(): 12.7406ms
Frame 3397 end
Average processing time of GrabImageRGBD(): 12.7492ms
Frame 3398 end
Average processing time of GrabImageRGBD(): 12.7494ms
Frame 3399 end
Average processing time of GrabImageRGBD(): 12.7487ms
Frame 3400 end
Average processing time of GrabImageRGBD(): 12.7472ms
Frame 3401 end
Average processing time of GrabImageRGBD(): 12.7469ms
Frame 3402 end
Average processing time of GrabImageRGBD(): 12.7463ms
Frame 3403 end
Average processing time of GrabImageRGBD(): 12.7459ms
Frame 3404 end
Average processing time of GrabImageRGBD(): 12.7439ms
Frame 3405 end
Average processing time of GrabImageRGBD(): 12.7438ms
Frame 3406 end
Average processing time of GrabImageRGBD(): 12.7439ms
Frame 3407 end
Average processing time of GrabImageRGBD(): 12.7433ms
Frame 3408 end
Average processing time of GrabImageRGBD(): 12.7428ms
Frame 3409 end
Average processing time of GrabImageRGBD(): 12.7426ms
Frame 3410 end
Average processing time of GrabImageRGBD(): 12.742ms
Frame 3411 end
Average processing time of GrabImageRGBD(): 12.7415ms
Frame 3412 end
Average processing time of GrabImageRGBD(): 12.7401ms
Frame 3413 end
Average processing time of GrabImageRGBD(): 12.7409ms
Frame 3414 end
Average processing time of GrabImageRGBD(): 12.7403ms
Frame 3415 end
Average processing time of GrabImageRGBD(): 12.7484ms
Frame 3416 end
Average processing time of GrabImageRGBD(): 12.7485ms
Frame 3417 end
Average processing time of GrabImageRGBD(): 12.7483ms
Frame 3418 end
Average processing time of GrabImageRGBD(): 12.7478ms
Frame 3419 end
Average processing time of GrabImageRGBD(): 12.7472ms
Frame 3420 end
Average processing time of GrabImageRGBD(): 12.7466ms
Frame 3421 end
Average processing time of GrabImageRGBD(): 12.7462ms
Frame 3422 end
Average processing time of GrabImageRGBD(): 12.744ms
Frame 3423 end
Average processing time of GrabImageRGBD(): 12.7438ms
Frame 3424 end
Average processing time of GrabImageRGBD(): 12.7428ms
Frame 3425 end
Average processing time of GrabImageRGBD(): 12.7422ms
Frame 3426 end
Average processing time of GrabImageRGBD(): 12.7415ms
Frame 3427 end
Average processing time of GrabImageRGBD(): 12.7398ms
Frame 3428 end
Average processing time of GrabImageRGBD(): 12.7486ms
Frame 3429 end
Average processing time of GrabImageRGBD(): 12.7483ms
Frame 3430 end
Average processing time of GrabImageRGBD(): 12.7589ms
Frame 3431 end
Average processing time of GrabImageRGBD(): 12.7594ms
Frame 3432 end
Average processing time of GrabImageRGBD(): 12.7703ms
Frame 3433 end
Average processing time of GrabImageRGBD(): 12.7703ms
Frame 3434 end
Average processing time of GrabImageRGBD(): 12.77ms
Frame 3435 end
Average processing time of GrabImageRGBD(): 12.7695ms
Frame 3436 end
Average processing time of GrabImageRGBD(): 12.7778ms
Frame 3437 end
Average processing time of GrabImageRGBD(): 12.7774ms
Frame 3438 end
Average processing time of GrabImageRGBD(): 12.776ms
Frame 3439 end
Average processing time of GrabImageRGBD(): 12.7758ms
Frame 3440 end
Average processing time of GrabImageRGBD(): 12.7751ms
Frame 3441 end
Average processing time of GrabImageRGBD(): 12.7747ms
Frame 3442 end
Average processing time of GrabImageRGBD(): 12.7743ms
Frame 3443 end
Average processing time of GrabImageRGBD(): 12.7737ms
Frame 3444 end
Average processing time of GrabImageRGBD(): 12.7733ms
Frame 3445 end
Average processing time of GrabImageRGBD(): 12.7728ms
Frame 3446 end
Average processing time of GrabImageRGBD(): 12.7814ms
Frame 3447 end
Average processing time of GrabImageRGBD(): 12.7818ms
Frame 3448 end
Average processing time of GrabImageRGBD(): 12.7902ms
Frame 3449 end
Average processing time of GrabImageRGBD(): 12.7995ms
Frame 3450 end
Average processing time of GrabImageRGBD(): 12.8001ms
Frame 3451 end
Average processing time of GrabImageRGBD(): 12.8ms
Frame 3452 end
Average processing time of GrabImageRGBD(): 12.7996ms
Frame 3453 end
Average processing time of GrabImageRGBD(): 12.7992ms
Frame 3454 end
Average processing time of GrabImageRGBD(): 12.7978ms
Frame 3455 end
Average processing time of GrabImageRGBD(): 12.797ms
Frame 3456 end
Average processing time of GrabImageRGBD(): 12.7962ms
Frame 3457 end
Average processing time of GrabImageRGBD(): 12.7959ms
Frame 3458 end
Average processing time of GrabImageRGBD(): 12.7958ms
Frame 3459 end
Average processing time of GrabImageRGBD(): 12.7952ms
Frame 3460 end
Average processing time of GrabImageRGBD(): 12.7949ms
Frame 3461 end
Average processing time of GrabImageRGBD(): 12.7937ms
Frame 3462 end
Average processing time of GrabImageRGBD(): 12.7931ms
Frame 3463 end
Average processing time of GrabImageRGBD(): 12.8039ms
Frame 3464 end
Average processing time of GrabImageRGBD(): 12.8039ms
Frame 3465 end
Average processing time of GrabImageRGBD(): 12.8033ms
Frame 3466 end
Average processing time of GrabImageRGBD(): 12.8027ms
Frame 3467 end
Average processing time of GrabImageRGBD(): 12.8022ms
Frame 3468 end
Average processing time of GrabImageRGBD(): 12.8018ms
Frame 3469 end
Average processing time of GrabImageRGBD(): 12.8014ms
Frame 3470 end
Average processing time of GrabImageRGBD(): 12.8015ms
Frame 3471 end
Average processing time of GrabImageRGBD(): 12.8005ms
Frame 3472 end
Average processing time of GrabImageRGBD(): 12.8003ms
Frame 3473 end
Average processing time of GrabImageRGBD(): 12.7999ms
Frame 3474 end
Average processing time of GrabImageRGBD(): 12.7997ms
Frame 3475 end
Average processing time of GrabImageRGBD(): 12.7994ms
Frame 3476 end
Average processing time of GrabImageRGBD(): 12.8084ms
Frame 3477 end
Average processing time of GrabImageRGBD(): 12.8089ms
Frame 3478 end
Average processing time of GrabImageRGBD(): 12.808ms
Frame 3479 end
Average processing time of GrabImageRGBD(): 12.8078ms
Frame 3480 end
Average processing time of GrabImageRGBD(): 12.8071ms
Frame 3481 end
Average processing time of GrabImageRGBD(): 12.8068ms
Frame 3482 end
Average processing time of GrabImageRGBD(): 12.8156ms
Frame 3483 end
Average processing time of GrabImageRGBD(): 12.8159ms
Frame 3484 end
Average processing time of GrabImageRGBD(): 12.8247ms
Frame 3485 end
Average processing time of GrabImageRGBD(): 12.8253ms
Frame 3486 end
Average processing time of GrabImageRGBD(): 12.8332ms
Frame 3487 end
Average processing time of GrabImageRGBD(): 12.8335ms
Frame 3488 end
Average processing time of GrabImageRGBD(): 12.8332ms
Frame 3489 end
Average processing time of GrabImageRGBD(): 12.8316ms
Frame 3490 end
Average processing time of GrabImageRGBD(): 12.8309ms
Frame 3491 end
Average processing time of GrabImageRGBD(): 12.8293ms
Frame 3492 end
Average processing time of GrabImageRGBD(): 12.8289ms
Frame 3493 end
Average processing time of GrabImageRGBD(): 12.8288ms
Frame 3494 end
Average processing time of GrabImageRGBD(): 12.828ms
Frame 3495 end
Average processing time of GrabImageRGBD(): 12.8275ms
Frame 3496 end
Average processing time of GrabImageRGBD(): 12.8268ms
Frame 3497 end
Average processing time of GrabImageRGBD(): 12.8257ms
Frame 3498 end
Average processing time of GrabImageRGBD(): 12.8234ms
Frame 3499 end
Average processing time of GrabImageRGBD(): 12.8229ms
Frame 3500 end
Average processing time of GrabImageRGBD(): 12.8222ms
Frame 3501 end
Average processing time of GrabImageRGBD(): 12.8225ms
Frame 3502 end
Average processing time of GrabImageRGBD(): 12.8304ms
Frame 3503 end
Average processing time of GrabImageRGBD(): 12.8304ms
Frame 3504 end
Average processing time of GrabImageRGBD(): 12.8298ms
Frame 3505 end
Average processing time of GrabImageRGBD(): 12.8293ms
Frame 3506 end
Average processing time of GrabImageRGBD(): 12.8385ms
Frame 3507 end
Average processing time of GrabImageRGBD(): 12.8391ms
Frame 3508 end
Average processing time of GrabImageRGBD(): 12.8387ms
Frame 3509 end
Average processing time of GrabImageRGBD(): 12.8382ms
Frame 3510 end
Average processing time of GrabImageRGBD(): 12.8366ms
Frame 3511 end
Average processing time of GrabImageRGBD(): 12.8339ms
Frame 3512 end
Average processing time of GrabImageRGBD(): 12.8322ms
Frame 3513 end
Average processing time of GrabImageRGBD(): 12.8295ms
Frame 3514 end
Average processing time of GrabImageRGBD(): 12.827ms
Frame 3515 end
Average processing time of GrabImageRGBD(): 12.8266ms
Frame 3516 end
Average processing time of GrabImageRGBD(): 12.8238ms
Frame 3517 end
Average processing time of GrabImageRGBD(): 12.8211ms
Frame 3518 end
Average processing time of GrabImageRGBD(): 12.8193ms
Frame 3519 end
Average processing time of GrabImageRGBD(): 12.8174ms
Frame 3520 end
Average processing time of GrabImageRGBD(): 12.8168ms
Frame 3521 end
Average processing time of GrabImageRGBD(): 12.8146ms
Frame 3522 end
Average processing time of GrabImageRGBD(): 12.8129ms
Frame 3523 end
Average processing time of GrabImageRGBD(): 12.8218ms
Frame 3524 end
Average processing time of GrabImageRGBD(): 12.8222ms
Frame 3525 end
Average processing time of GrabImageRGBD(): 12.8218ms
Frame 3526 end
Average processing time of GrabImageRGBD(): 12.8213ms
Frame 3527 end
Average processing time of GrabImageRGBD(): 12.8204ms
Frame 3528 end
Average processing time of GrabImageRGBD(): 12.8186ms
Frame 3529 end
Average processing time of GrabImageRGBD(): 12.8203ms
Frame 3530 end
Average processing time of GrabImageRGBD(): 12.8198ms
Frame 3531 end
Average processing time of GrabImageRGBD(): 12.8291ms
Frame 3532 end
Average processing time of GrabImageRGBD(): 12.8295ms
Frame 3533 end
Average processing time of GrabImageRGBD(): 12.8295ms
Frame 3534 end
Average processing time of GrabImageRGBD(): 12.8291ms
Frame 3535 end
Average processing time of GrabImageRGBD(): 12.8284ms
Frame 3536 end
Average processing time of GrabImageRGBD(): 12.8281ms
Frame 3537 end
Average processing time of GrabImageRGBD(): 12.8379ms
Frame 3538 end
Average processing time of GrabImageRGBD(): 12.8382ms
Frame 3539 end
Average processing time of GrabImageRGBD(): 12.8388ms
Frame 3540 end
Average processing time of GrabImageRGBD(): 12.8386ms
Frame 3541 end
Average processing time of GrabImageRGBD(): 12.8384ms
Frame 3542 end
Average processing time of GrabImageRGBD(): 12.8374ms
Frame 3543 end
Average processing time of GrabImageRGBD(): 12.8372ms
Frame 3544 end
Average processing time of GrabImageRGBD(): 12.8459ms
Frame 3545 end
Average processing time of GrabImageRGBD(): 12.8465ms
Frame 3546 end
Average processing time of GrabImageRGBD(): 12.8459ms
Frame 3547 end
Average processing time of GrabImageRGBD(): 12.8454ms
Frame 3548 end
Average processing time of GrabImageRGBD(): 12.8436ms
Frame 3549 end
Average processing time of GrabImageRGBD(): 12.8433ms
Frame 3550 end
Average processing time of GrabImageRGBD(): 12.8433ms
Frame 3551 end
Average processing time of GrabImageRGBD(): 12.8431ms
Frame 3552 end
Average processing time of GrabImageRGBD(): 12.8425ms
Frame 3553 end
Average processing time of GrabImageRGBD(): 12.8421ms
Frame 3554 end
Average processing time of GrabImageRGBD(): 12.8408ms
Frame 3555 end
Average processing time of GrabImageRGBD(): 12.8404ms
Frame 3556 end
Average processing time of GrabImageRGBD(): 12.8492ms
Frame 3557 end
Average processing time of GrabImageRGBD(): 12.8492ms
Frame 3558 end
Average processing time of GrabImageRGBD(): 12.849ms
Frame 3559 end
Average processing time of GrabImageRGBD(): 12.8489ms
Frame 3560 end
Average processing time of GrabImageRGBD(): 12.8484ms
Frame 3561 end
Average processing time of GrabImageRGBD(): 12.848ms
Frame 3562 end
Average processing time of GrabImageRGBD(): 12.8611ms
Frame 3563 end
Average processing time of GrabImageRGBD(): 12.871ms
Frame 3564 end
Average processing time of GrabImageRGBD(): 12.8716ms
Frame 3565 end
Average processing time of GrabImageRGBD(): 12.8713ms
Frame 3566 end
Average processing time of GrabImageRGBD(): 12.8708ms
Frame 3567 end
Average processing time of GrabImageRGBD(): 12.87ms
Frame 3568 end
Average processing time of GrabImageRGBD(): 12.8686ms
Frame 3569 end
Average processing time of GrabImageRGBD(): 12.8684ms
Frame 3570 end
Average processing time of GrabImageRGBD(): 12.8677ms
Frame 3571 end
Average processing time of GrabImageRGBD(): 12.8677ms
Frame 3572 end
Average processing time of GrabImageRGBD(): 12.8674ms
Frame 3573 end
Average processing time of GrabImageRGBD(): 12.8668ms
Frame 3574 end
Average processing time of GrabImageRGBD(): 12.867ms
Frame 3575 end
Average processing time of GrabImageRGBD(): 12.8766ms
Frame 3576 end
Average processing time of GrabImageRGBD(): 12.8775ms
Frame 3577 end
Average processing time of GrabImageRGBD(): 12.8772ms
Frame 3578 end
Average processing time of GrabImageRGBD(): 12.8764ms
Frame 3579 end
Average processing time of GrabImageRGBD(): 12.8755ms
Frame 3580 end
Average processing time of GrabImageRGBD(): 12.8748ms
Frame 3581 end
Average processing time of GrabImageRGBD(): 12.8744ms
Frame 3582 end
Average processing time of GrabImageRGBD(): 12.8833ms
Frame 3583 end
Average processing time of GrabImageRGBD(): 12.884ms
Frame 3584 end
Average processing time of GrabImageRGBD(): 12.8838ms
Frame 3585 end
Average processing time of GrabImageRGBD(): 12.8832ms
Frame 3586 end
Average processing time of GrabImageRGBD(): 12.8829ms
Frame 3587 end
Average processing time of GrabImageRGBD(): 12.8827ms
Frame 3588 end
Average processing time of GrabImageRGBD(): 12.8823ms
Frame 3589 end
Average processing time of GrabImageRGBD(): 12.8808ms
Frame 3590 end
Average processing time of GrabImageRGBD(): 12.8806ms
Frame 3591 end
Average processing time of GrabImageRGBD(): 12.8801ms
Frame 3592 end
Average processing time of GrabImageRGBD(): 12.8796ms
Frame 3593 end
Average processing time of GrabImageRGBD(): 12.8903ms
Frame 3594 end
Average processing time of GrabImageRGBD(): 12.8905ms
Frame 3595 end
Average processing time of GrabImageRGBD(): 12.8905ms
Frame 3596 end
Average processing time of GrabImageRGBD(): 12.8902ms
Frame 3597 end
Average processing time of GrabImageRGBD(): 12.8894ms
Frame 3598 end
Average processing time of GrabImageRGBD(): 12.8885ms
Frame 3599 end
Average processing time of GrabImageRGBD(): 12.8878ms
Frame 3600 end
Average processing time of GrabImageRGBD(): 12.8877ms
Frame 3601 end
Average processing time of GrabImageRGBD(): 12.8868ms
Frame 3602 end
Average processing time of GrabImageRGBD(): 12.8866ms
Frame 3603 end
Average processing time of GrabImageRGBD(): 12.8851ms
Frame 3604 end
Average processing time of GrabImageRGBD(): 12.8845ms
Frame 3605 end
Average processing time of GrabImageRGBD(): 12.8838ms
Frame 3606 end
Average processing time of GrabImageRGBD(): 12.8829ms
Frame 3607 end
Average processing time of GrabImageRGBD(): 12.8822ms
Frame 3608 end
Average processing time of GrabImageRGBD(): 12.882ms
Frame 3609 end
Average processing time of GrabImageRGBD(): 12.8814ms
Frame 3610 end
Average processing time of GrabImageRGBD(): 12.8813ms
Frame 3611 end
Average processing time of GrabImageRGBD(): 12.8806ms
Frame 3612 end
Average processing time of GrabImageRGBD(): 12.8802ms
Frame 3613 end
Average processing time of GrabImageRGBD(): 12.8794ms
Frame 3614 end
Average processing time of GrabImageRGBD(): 12.8788ms
Frame 3615 end
Average processing time of GrabImageRGBD(): 12.8785ms
Frame 3616 end
Average processing time of GrabImageRGBD(): 12.8876ms
Frame 3617 end
Average processing time of GrabImageRGBD(): 12.8878ms
Frame 3618 end
Average processing time of GrabImageRGBD(): 12.8873ms
Frame 3619 end
Average processing time of GrabImageRGBD(): 12.8864ms
Frame 3620 end
Average processing time of GrabImageRGBD(): 12.8857ms
Frame 3621 end
Average processing time of GrabImageRGBD(): 12.8852ms
Frame 3622 end
Average processing time of GrabImageRGBD(): 12.8841ms
Frame 3623 end
Average processing time of GrabImageRGBD(): 12.8835ms
Frame 3624 end
Average processing time of GrabImageRGBD(): 12.8829ms
Frame 3625 end
Average processing time of GrabImageRGBD(): 12.8819ms
Frame 3626 end
Average processing time of GrabImageRGBD(): 12.8809ms
Frame 3627 end
Average processing time of GrabImageRGBD(): 12.8805ms
Frame 3628 end
Average processing time of GrabImageRGBD(): 12.8799ms
Frame 3629 end
Average processing time of GrabImageRGBD(): 12.8793ms
Frame 3630 end
Average processing time of GrabImageRGBD(): 12.8778ms
Frame 3631 end
Average processing time of GrabImageRGBD(): 12.8773ms
Frame 3632 end
Average processing time of GrabImageRGBD(): 12.8768ms
Frame 3633 end
Average processing time of GrabImageRGBD(): 12.876ms
Frame 3634 end
Average processing time of GrabImageRGBD(): 12.8748ms
Frame 3635 end
Average processing time of GrabImageRGBD(): 12.8743ms
Frame 3636 end
Average processing time of GrabImageRGBD(): 12.8737ms
Frame 3637 end
Average processing time of GrabImageRGBD(): 12.873ms
Frame 3638 end
Average processing time of GrabImageRGBD(): 12.8721ms
Frame 3639 end
Average processing time of GrabImageRGBD(): 12.8714ms
Frame 3640 end
Average processing time of GrabImageRGBD(): 12.8824ms
Frame 3641 end
Average processing time of GrabImageRGBD(): 12.8818ms
Frame 3642 end
Average processing time of GrabImageRGBD(): 12.8806ms
Frame 3643 end
Average processing time of GrabImageRGBD(): 12.88ms
Frame 3644 end
Average processing time of GrabImageRGBD(): 12.8786ms
Frame 3645 end
Average processing time of GrabImageRGBD(): 12.878ms
Frame 3646 end
Average processing time of GrabImageRGBD(): 12.8774ms
Frame 3647 end
Average processing time of GrabImageRGBD(): 12.8769ms
Frame 3648 end
Average processing time of GrabImageRGBD(): 12.8763ms
Frame 3649 end
Average processing time of GrabImageRGBD(): 12.8751ms
Frame 3650 end
Average processing time of GrabImageRGBD(): 12.8742ms
Frame 3651 end
Average processing time of GrabImageRGBD(): 12.8738ms
Frame 3652 end
Average processing time of GrabImageRGBD(): 12.8732ms
Frame 3653 end
Average processing time of GrabImageRGBD(): 12.8727ms
Frame 3654 end
Average processing time of GrabImageRGBD(): 12.8724ms
Frame 3655 end
Average processing time of GrabImageRGBD(): 12.8715ms
Frame 3656 end
Average processing time of GrabImageRGBD(): 12.8708ms
Frame 3657 end
Average processing time of GrabImageRGBD(): 12.8701ms
Frame 3658 end
Average processing time of GrabImageRGBD(): 12.8695ms
Frame 3659 end
Average processing time of GrabImageRGBD(): 12.8682ms
Frame 3660 end
Average processing time of GrabImageRGBD(): 12.867ms
Frame 3661 end
Average processing time of GrabImageRGBD(): 12.8663ms
Frame 3662 end
Average processing time of GrabImageRGBD(): 12.8645ms
Frame 3663 end
Average processing time of GrabImageRGBD(): 12.8641ms
Frame 3664 end
Average processing time of GrabImageRGBD(): 12.8636ms
Frame 3665 end
Average processing time of GrabImageRGBD(): 12.8631ms
Frame 3666 end
Average processing time of GrabImageRGBD(): 12.8618ms
Frame 3667 end
Average processing time of GrabImageRGBD(): 12.8612ms
Frame 3668 end
Average processing time of GrabImageRGBD(): 12.8697ms
Frame 3669 end
Average processing time of GrabImageRGBD(): 12.8699ms
Frame 3670 end
Average processing time of GrabImageRGBD(): 12.8696ms
Frame 3671 end
Average processing time of GrabImageRGBD(): 12.8694ms
Frame 3672 end
Average processing time of GrabImageRGBD(): 12.869ms
Frame 3673 end
Average processing time of GrabImageRGBD(): 12.8684ms
Frame 3674 end
Average processing time of GrabImageRGBD(): 12.8682ms
Frame 3675 end
Average processing time of GrabImageRGBD(): 12.8677ms
Frame 3676 end
Average processing time of GrabImageRGBD(): 12.8673ms
Frame 3677 end
Average processing time of GrabImageRGBD(): 12.8671ms
Frame 3678 end
Average processing time of GrabImageRGBD(): 12.8665ms
Frame 3679 end
Average processing time of GrabImageRGBD(): 12.8662ms
Frame 3680 end
Average processing time of GrabImageRGBD(): 12.8655ms
Frame 3681 end
Average processing time of GrabImageRGBD(): 12.8651ms
Frame 3682 end
Average processing time of GrabImageRGBD(): 12.8649ms
Frame 3683 end
Average processing time of GrabImageRGBD(): 12.8646ms
Frame 3684 end
Average processing time of GrabImageRGBD(): 12.8643ms
Frame 3685 end
Average processing time of GrabImageRGBD(): 12.8633ms
Frame 3686 end
Average processing time of GrabImageRGBD(): 12.8627ms
Frame 3687 end
Average processing time of GrabImageRGBD(): 12.8626ms
Frame 3688 end
Average processing time of GrabImageRGBD(): 12.8623ms
Frame 3689 end
Average processing time of GrabImageRGBD(): 12.862ms
Frame 3690 end
Average processing time of GrabImageRGBD(): 12.8617ms
Frame 3691 end
Average processing time of GrabImageRGBD(): 12.8613ms
Frame 3692 end
Average processing time of GrabImageRGBD(): 12.8701ms
Frame 3693 end
Average processing time of GrabImageRGBD(): 12.87ms
Frame 3694 end
Average processing time of GrabImageRGBD(): 12.8698ms
Frame 3695 end
Average processing time of GrabImageRGBD(): 12.8696ms
Frame 3696 end
Average processing time of GrabImageRGBD(): 12.8697ms
Frame 3697 end
Average processing time of GrabImageRGBD(): 12.8697ms
Frame 3698 end
Average processing time of GrabImageRGBD(): 12.8696ms
Frame 3699 end
Average processing time of GrabImageRGBD(): 12.8694ms
Frame 3700 end
Average processing time of GrabImageRGBD(): 12.8692ms
Frame 3701 end
Average processing time of GrabImageRGBD(): 12.8689ms
Frame 3702 end
Average processing time of GrabImageRGBD(): 12.8687ms
Frame 3703 end
Average processing time of GrabImageRGBD(): 12.8684ms
Frame 3704 end
Average processing time of GrabImageRGBD(): 12.8681ms
Frame 3705 end
Average processing time of GrabImageRGBD(): 12.8676ms
Frame 3706 end
Average processing time of GrabImageRGBD(): 12.8673ms
Frame 3707 end
Average processing time of GrabImageRGBD(): 12.8672ms
Frame 3708 end
Average processing time of GrabImageRGBD(): 12.8669ms
Frame 3709 end
Average processing time of GrabImageRGBD(): 12.8667ms
Frame 3710 end
Average processing time of GrabImageRGBD(): 12.8669ms
Frame 3711 end
Average processing time of GrabImageRGBD(): 12.8669ms
Frame 3712 end
Average processing time of GrabImageRGBD(): 12.8671ms
Frame 3713 end
Average processing time of GrabImageRGBD(): 12.8669ms
Frame 3714 end
Average processing time of GrabImageRGBD(): 12.867ms
Frame 3715 end
Average processing time of GrabImageRGBD(): 12.8668ms
Frame 3716 end
Average processing time of GrabImageRGBD(): 12.8654ms
Frame 3717 end
Average processing time of GrabImageRGBD(): 12.8747ms
Frame 3718 end
Average processing time of GrabImageRGBD(): 12.8753ms
Frame 3719 end
Average processing time of GrabImageRGBD(): 12.8749ms
Frame 3720 end
Average processing time of GrabImageRGBD(): 12.8741ms
Frame 3721 end
Average processing time of GrabImageRGBD(): 12.8737ms
Frame 3722 end
Average processing time of GrabImageRGBD(): 12.8733ms
Frame 3723 end
Average processing time of GrabImageRGBD(): 12.8734ms
Frame 3724 end
Average processing time of GrabImageRGBD(): 12.873ms
Frame 3725 end
Average processing time of GrabImageRGBD(): 12.8727ms
Frame 3726 end
Average processing time of GrabImageRGBD(): 12.8719ms
Frame 3727 end
Average processing time of GrabImageRGBD(): 12.8713ms
Frame 3728 end
Average processing time of GrabImageRGBD(): 12.8707ms
Frame 3729 end
Average processing time of GrabImageRGBD(): 12.8693ms
Frame 3730 end
Average processing time of GrabImageRGBD(): 12.8691ms
Frame 3731 end
Average processing time of GrabImageRGBD(): 12.8692ms
Frame 3732 end
Average processing time of GrabImageRGBD(): 12.8686ms
Frame 3733 end
Average processing time of GrabImageRGBD(): 12.8681ms
Frame 3734 end
Average processing time of GrabImageRGBD(): 12.8675ms
Frame 3735 end
Average processing time of GrabImageRGBD(): 12.8665ms
Frame 3736 end
Average processing time of GrabImageRGBD(): 12.866ms
Frame 3737 end
Average processing time of GrabImageRGBD(): 12.8656ms
Frame 3738 end
Average processing time of GrabImageRGBD(): 12.8651ms
Frame 3739 end
Average processing time of GrabImageRGBD(): 12.8646ms
Frame 3740 end
Average processing time of GrabImageRGBD(): 12.8639ms
Frame 3741 end
Average processing time of GrabImageRGBD(): 12.8725ms
Frame 3742 end
Average processing time of GrabImageRGBD(): 12.8722ms
Frame 3743 end
Average processing time of GrabImageRGBD(): 12.8717ms
Frame 3744 end
Average processing time of GrabImageRGBD(): 12.8715ms
Frame 3745 end
Average processing time of GrabImageRGBD(): 12.8711ms
Frame 3746 end
Average processing time of GrabImageRGBD(): 12.8704ms
Frame 3747 end
Average processing time of GrabImageRGBD(): 12.8698ms
Frame 3748 end
Average processing time of GrabImageRGBD(): 12.8693ms
Frame 3749 end
Average processing time of GrabImageRGBD(): 12.869ms
Frame 3750 end
Average processing time of GrabImageRGBD(): 12.8686ms
Frame 3751 end
Average processing time of GrabImageRGBD(): 12.8682ms
Frame 3752 end
Average processing time of GrabImageRGBD(): 12.8678ms
Frame 3753 end
Average processing time of GrabImageRGBD(): 12.8677ms
Frame 3754 end
Average processing time of GrabImageRGBD(): 12.8672ms
Frame 3755 end
Average processing time of GrabImageRGBD(): 12.8665ms
Frame 3756 end
Average processing time of GrabImageRGBD(): 12.8661ms
Frame 3757 end
Average processing time of GrabImageRGBD(): 12.8657ms
Frame 3758 end
Average processing time of GrabImageRGBD(): 12.8654ms
Frame 3759 end
Average processing time of GrabImageRGBD(): 12.8652ms
Frame 3760 end
Average processing time of GrabImageRGBD(): 12.865ms
Frame 3761 end
Average processing time of GrabImageRGBD(): 12.8648ms
Frame 3762 end
Average processing time of GrabImageRGBD(): 12.8641ms
Frame 3763 end
Average processing time of GrabImageRGBD(): 12.864ms
Frame 3764 end
Average processing time of GrabImageRGBD(): 12.8638ms
Frame 3765 end
Average processing time of GrabImageRGBD(): 12.8627ms
Frame 3766 end
Average processing time of GrabImageRGBD(): 12.8625ms
Frame 3767 end
Average processing time of GrabImageRGBD(): 12.8717ms
Frame 3768 end
Average processing time of GrabImageRGBD(): 12.8718ms
Frame 3769 end
Average processing time of GrabImageRGBD(): 12.8713ms
Frame 3770 end
Average processing time of GrabImageRGBD(): 12.8712ms
Frame 3771 end
Average processing time of GrabImageRGBD(): 12.8701ms
Frame 3772 end
Average processing time of GrabImageRGBD(): 12.8699ms
Frame 3773 end
Average processing time of GrabImageRGBD(): 12.8697ms
Frame 3774 end
Average processing time of GrabImageRGBD(): 12.873ms
Frame 3775 end
Average processing time of GrabImageRGBD(): 12.8729ms
Frame 3776 end
Average processing time of GrabImageRGBD(): 12.8726ms
Frame 3777 end
Average processing time of GrabImageRGBD(): 12.8723ms
Frame 3778 end
Average processing time of GrabImageRGBD(): 12.8723ms
Frame 3779 end
Average processing time of GrabImageRGBD(): 12.8725ms
Frame 3780 end
Average processing time of GrabImageRGBD(): 12.8721ms
Frame 3781 end
Average processing time of GrabImageRGBD(): 12.8719ms
Frame 3782 end
Average processing time of GrabImageRGBD(): 12.8714ms
Frame 3783 end
Average processing time of GrabImageRGBD(): 12.8708ms
Frame 3784 end
Average processing time of GrabImageRGBD(): 12.8705ms
Frame 3785 end
Average processing time of GrabImageRGBD(): 12.8703ms
Frame 3786 end
Average processing time of GrabImageRGBD(): 12.8701ms
Frame 3787 end
Average processing time of GrabImageRGBD(): 12.8699ms
Frame 3788 end
Average processing time of GrabImageRGBD(): 12.8694ms
Frame 3789 end
Average processing time of GrabImageRGBD(): 12.8691ms
Frame 3790 end
Average processing time of GrabImageRGBD(): 12.869ms
Frame 3791 end
Average processing time of GrabImageRGBD(): 12.8685ms
Frame 3792 end
Average processing time of GrabImageRGBD(): 12.8681ms
Frame 3793 end
Average processing time of GrabImageRGBD(): 12.8681ms
Frame 3794 end
Average processing time of GrabImageRGBD(): 12.8679ms
Frame 3795 end
Average processing time of GrabImageRGBD(): 12.8677ms
Frame 3796 end
Average processing time of GrabImageRGBD(): 12.8675ms
Frame 3797 end
Average processing time of GrabImageRGBD(): 12.8758ms
Frame 3798 end
Average processing time of GrabImageRGBD(): 12.8762ms
Frame 3799 end
Average processing time of GrabImageRGBD(): 12.8759ms
Frame 3800 end
Average processing time of GrabImageRGBD(): 12.8753ms
Frame 3801 end
Average processing time of GrabImageRGBD(): 12.875ms
Frame 3802 end
Average processing time of GrabImageRGBD(): 12.8748ms
Frame 3803 end
Average processing time of GrabImageRGBD(): 12.8748ms
Frame 3804 end
Average processing time of GrabImageRGBD(): 12.8738ms
Frame 3805 end
Average processing time of GrabImageRGBD(): 12.8734ms
Frame 3806 end
Average processing time of GrabImageRGBD(): 12.8736ms
Frame 3807 end
Average processing time of GrabImageRGBD(): 12.8735ms
Frame 3808 end
Average processing time of GrabImageRGBD(): 12.8728ms
Frame 3809 end
Average processing time of GrabImageRGBD(): 12.8727ms
Frame 3810 end
Average processing time of GrabImageRGBD(): 12.8725ms
Frame 3811 end
Average processing time of GrabImageRGBD(): 12.8716ms
Frame 3812 end
Average processing time of GrabImageRGBD(): 12.8714ms
Frame 3813 end
Average processing time of GrabImageRGBD(): 12.8713ms
Frame 3814 end
Average processing time of GrabImageRGBD(): 12.8703ms
Frame 3815 end
Average processing time of GrabImageRGBD(): 12.8701ms
Frame 3816 end
Average processing time of GrabImageRGBD(): 12.8698ms
Frame 3817 end
Average processing time of GrabImageRGBD(): 12.8697ms
Frame 3818 end
Average processing time of GrabImageRGBD(): 12.8696ms
Frame 3819 end
Average processing time of GrabImageRGBD(): 12.8693ms
Frame 3820 end
Average processing time of GrabImageRGBD(): 12.8689ms
Frame 3821 end
Average processing time of GrabImageRGBD(): 12.8687ms
Frame 3822 end
Average processing time of GrabImageRGBD(): 12.8687ms
Frame 3823 end
Average processing time of GrabImageRGBD(): 12.8683ms
Frame 3824 end
Average processing time of GrabImageRGBD(): 12.8684ms
Frame 3825 end
Average processing time of GrabImageRGBD(): 12.8669ms
Frame 3826 end
Average processing time of GrabImageRGBD(): 12.8743ms
Frame 3827 end
Average processing time of GrabImageRGBD(): 12.8744ms
Frame 3828 end
Average processing time of GrabImageRGBD(): 12.874ms
Frame 3829 end
Average processing time of GrabImageRGBD(): 12.8733ms
Frame 3830 end
Average processing time of GrabImageRGBD(): 12.8727ms
Frame 3831 end
Average processing time of GrabImageRGBD(): 12.8717ms
Frame 3832 end
Average processing time of GrabImageRGBD(): 12.8712ms
Frame 3833 end
Average processing time of GrabImageRGBD(): 12.8718ms
Frame 3834 end
Average processing time of GrabImageRGBD(): 12.8713ms
Frame 3835 end
Average processing time of GrabImageRGBD(): 12.8711ms
Frame 3836 end
Average processing time of GrabImageRGBD(): 12.8706ms
Frame 3837 end
Average processing time of GrabImageRGBD(): 12.8702ms
Frame 3838 end
Average processing time of GrabImageRGBD(): 12.8702ms
Frame 3839 end
Average processing time of GrabImageRGBD(): 12.8699ms
Frame 3840 end
Average processing time of GrabImageRGBD(): 12.8699ms
Frame 3841 end
Average processing time of GrabImageRGBD(): 12.8694ms
Frame 3842 end
Average processing time of GrabImageRGBD(): 12.8684ms
Frame 3843 end
Average processing time of GrabImageRGBD(): 12.8685ms
Frame 3844 end
Average processing time of GrabImageRGBD(): 12.8683ms
Frame 3845 end
Average processing time of GrabImageRGBD(): 12.8679ms
Frame 3846 end
Average processing time of GrabImageRGBD(): 12.8675ms
Frame 3847 end
Average processing time of GrabImageRGBD(): 12.8669ms
Frame 3848 end
Average processing time of GrabImageRGBD(): 12.8666ms
Frame 3849 end
Average processing time of GrabImageRGBD(): 12.8663ms
Frame 3850 end
Average processing time of GrabImageRGBD(): 12.8659ms
Frame 3851 end
Average processing time of GrabImageRGBD(): 12.8655ms
Frame 3852 end
Average processing time of GrabImageRGBD(): 12.8651ms
Frame 3853 end
Average processing time of GrabImageRGBD(): 12.8647ms
Frame 3854 end
Average processing time of GrabImageRGBD(): 12.8642ms
Frame 3855 end
Average processing time of GrabImageRGBD(): 12.8725ms
Frame 3856 end
Average processing time of GrabImageRGBD(): 12.8722ms
Frame 3857 end
Average processing time of GrabImageRGBD(): 12.8719ms
Frame 3858 end
Average processing time of GrabImageRGBD(): 12.8712ms
Frame 3859 end
Average processing time of GrabImageRGBD(): 12.8709ms
Frame 3860 end
Average processing time of GrabImageRGBD(): 12.87ms
Frame 3861 end
Average processing time of GrabImageRGBD(): 12.8696ms
Frame 3862 end
Average processing time of GrabImageRGBD(): 12.8693ms
Frame 3863 end
Average processing time of GrabImageRGBD(): 12.869ms
Frame 3864 end
Average processing time of GrabImageRGBD(): 12.8682ms
Frame 3865 end
Average processing time of GrabImageRGBD(): 12.8686ms
Frame 3866 end
Average processing time of GrabImageRGBD(): 12.8683ms
Frame 3867 end
Average processing time of GrabImageRGBD(): 12.8678ms
Frame 3868 end
Average processing time of GrabImageRGBD(): 12.8675ms
Frame 3869 end
Average processing time of GrabImageRGBD(): 12.8674ms
Frame 3870 end
Average processing time of GrabImageRGBD(): 12.8673ms
Frame 3871 end
Average processing time of GrabImageRGBD(): 12.8666ms
Frame 3872 end
Average processing time of GrabImageRGBD(): 12.8665ms
Frame 3873 end
Average processing time of GrabImageRGBD(): 12.8659ms
Frame 3874 end
Average processing time of GrabImageRGBD(): 12.8655ms
Frame 3875 end
Average processing time of GrabImageRGBD(): 12.865ms
Frame 3876 end
Average processing time of GrabImageRGBD(): 12.8766ms
Frame 3877 end
Average processing time of GrabImageRGBD(): 12.8868ms
Frame 3878 end
Average processing time of GrabImageRGBD(): 12.8875ms
Frame 3879 end
Average processing time of GrabImageRGBD(): 12.8876ms
Frame 3880 end
Average processing time of GrabImageRGBD(): 12.8874ms
Frame 3881 end
Average processing time of GrabImageRGBD(): 12.887ms
Frame 3882 end
Average processing time of GrabImageRGBD(): 12.8866ms
Frame 3883 end
Average processing time of GrabImageRGBD(): 12.8863ms
Frame 3884 end
Average processing time of GrabImageRGBD(): 12.8859ms
Frame 3885 end
Average processing time of GrabImageRGBD(): 12.8851ms
Frame 3886 end
Average processing time of GrabImageRGBD(): 12.8845ms
Frame 3887 end
Average processing time of GrabImageRGBD(): 12.8841ms
Frame 3888 end
Average processing time of GrabImageRGBD(): 12.8836ms
Frame 3889 end
Average processing time of GrabImageRGBD(): 12.8832ms
Frame 3890 end
Average processing time of GrabImageRGBD(): 12.8827ms
Frame 3891 end
Average processing time of GrabImageRGBD(): 12.8823ms
Frame 3892 end
Average processing time of GrabImageRGBD(): 12.8818ms
Frame 3893 end
Average processing time of GrabImageRGBD(): 12.8814ms
Frame 3894 end
Average processing time of GrabImageRGBD(): 12.8811ms
Frame 3895 end
Average processing time of GrabImageRGBD(): 12.8809ms
Frame 3896 end
Average processing time of GrabImageRGBD(): 12.889ms
Frame 3897 end
Average processing time of GrabImageRGBD(): 12.8895ms
Frame 3898 end
Average processing time of GrabImageRGBD(): 12.8892ms
Frame 3899 end
Average processing time of GrabImageRGBD(): 12.8883ms
Frame 3900 end
Average processing time of GrabImageRGBD(): 12.8884ms
Frame 3901 end
Average processing time of GrabImageRGBD(): 12.8881ms
Frame 3902 end
Average processing time of GrabImageRGBD(): 12.888ms
Frame 3903 end
Average processing time of GrabImageRGBD(): 12.8881ms
Frame 3904 end
Average processing time of GrabImageRGBD(): 12.8877ms
Frame 3905 end
Average processing time of GrabImageRGBD(): 12.8879ms
Frame 3906 end
Average processing time of GrabImageRGBD(): 12.8878ms
Frame 3907 end
Average processing time of GrabImageRGBD(): 12.887ms
Frame 3908 end
Average processing time of GrabImageRGBD(): 12.8868ms
Frame 3909 end
Average processing time of GrabImageRGBD(): 12.8863ms
Frame 3910 end
Average processing time of GrabImageRGBD(): 12.887ms
Frame 3911 end
Average processing time of GrabImageRGBD(): 12.8872ms
Frame 3912 end
Average processing time of GrabImageRGBD(): 12.887ms
Frame 3913 end
Average processing time of GrabImageRGBD(): 12.8865ms
Frame 3914 end
Average processing time of GrabImageRGBD(): 12.8869ms
Frame 3915 end
Average processing time of GrabImageRGBD(): 12.8875ms
Frame 3916 end
Average processing time of GrabImageRGBD(): 12.8872ms
Frame 3917 end
Average processing time of GrabImageRGBD(): 12.8962ms
Frame 3918 end
Average processing time of GrabImageRGBD(): 12.8967ms
Frame 3919 end
Average processing time of GrabImageRGBD(): 12.8964ms
Frame 3920 end
Average processing time of GrabImageRGBD(): 12.8962ms
Frame 3921 end
Average processing time of GrabImageRGBD(): 12.896ms
Frame 3922 end
Average processing time of GrabImageRGBD(): 12.8959ms
Frame 3923 end
Average processing time of GrabImageRGBD(): 12.8956ms
Frame 3924 end
Average processing time of GrabImageRGBD(): 12.8961ms
Frame 3925 end
Average processing time of GrabImageRGBD(): 12.8957ms
Frame 3926 end
Average processing time of GrabImageRGBD(): 12.8955ms
Frame 3927 end
Average processing time of GrabImageRGBD(): 12.8947ms
Frame 3928 end
Average processing time of GrabImageRGBD(): 12.8936ms
Frame 3929 end
Average processing time of GrabImageRGBD(): 12.8935ms
Frame 3930 end
Average processing time of GrabImageRGBD(): 12.893ms
Frame 3931 end
Average processing time of GrabImageRGBD(): 12.8925ms
Frame 3932 end
Average processing time of GrabImageRGBD(): 12.8918ms
Frame 3933 end
Average processing time of GrabImageRGBD(): 12.8916ms
Frame 3934 end
Average processing time of GrabImageRGBD(): 12.891ms
Frame 3935 end
Average processing time of GrabImageRGBD(): 12.8986ms
Frame 3936 end
Average processing time of GrabImageRGBD(): 12.8984ms
Frame 3937 end
Average processing time of GrabImageRGBD(): 12.8987ms
Frame 3938 end
Average processing time of GrabImageRGBD(): 12.8987ms
Frame 3939 end
Average processing time of GrabImageRGBD(): 12.8985ms
Frame 3940 end
Average processing time of GrabImageRGBD(): 12.898ms
Frame 3941 end
Average processing time of GrabImageRGBD(): 12.8975ms
Frame 3942 end
Average processing time of GrabImageRGBD(): 12.8974ms
Frame 3943 end
Average processing time of GrabImageRGBD(): 12.8977ms
Frame 3944 end
Average processing time of GrabImageRGBD(): 12.8974ms
Frame 3945 end
Average processing time of GrabImageRGBD(): 12.8962ms
Frame 3946 end
Average processing time of GrabImageRGBD(): 12.8963ms
Frame 3947 end
Average processing time of GrabImageRGBD(): 12.8959ms
Frame 3948 end
Average processing time of GrabImageRGBD(): 12.8953ms
Frame 3949 end
Average processing time of GrabImageRGBD(): 12.8947ms
Frame 3950 end
Average processing time of GrabImageRGBD(): 12.8946ms
Frame 3951 end
Average processing time of GrabImageRGBD(): 12.8945ms
Frame 3952 end
Average processing time of GrabImageRGBD(): 12.8933ms
Frame 3953 end
Average processing time of GrabImageRGBD(): 12.8927ms
Frame 3954 end
Average processing time of GrabImageRGBD(): 12.892ms
Frame 3955 end
Average processing time of GrabImageRGBD(): 12.8915ms
Frame 3956 end
Average processing time of GrabImageRGBD(): 12.8909ms
Frame 3957 end
Average processing time of GrabImageRGBD(): 12.8904ms
Frame 3958 end
Average processing time of GrabImageRGBD(): 12.89ms
Frame 3959 end
Average processing time of GrabImageRGBD(): 12.8894ms
Frame 3960 end
Average processing time of GrabImageRGBD(): 12.8888ms
Frame 3961 end
Average processing time of GrabImageRGBD(): 12.8877ms
Frame 3962 end
Average processing time of GrabImageRGBD(): 12.8872ms
Frame 3963 end
Average processing time of GrabImageRGBD(): 12.8881ms
Frame 3964 end
Average processing time of GrabImageRGBD(): 12.8875ms
Frame 3965 end
Average processing time of GrabImageRGBD(): 12.8877ms
Frame 3966 end
Average processing time of GrabImageRGBD(): 12.8872ms
Frame 3967 end
Average processing time of GrabImageRGBD(): 12.8866ms
Frame 3968 end
Average processing time of GrabImageRGBD(): 12.8861ms
Frame 3969 end
Average processing time of GrabImageRGBD(): 12.8852ms
Frame 3970 end
Average processing time of GrabImageRGBD(): 12.885ms
Frame 3971 end
Average processing time of GrabImageRGBD(): 12.8842ms
Frame 3972 end
Average processing time of GrabImageRGBD(): 12.8833ms
Frame 3973 end
Average processing time of GrabImageRGBD(): 12.8828ms
Frame 3974 end
Average processing time of GrabImageRGBD(): 12.8824ms
Frame 3975 end
Average processing time of GrabImageRGBD(): 12.8817ms
Frame 3976 end
Average processing time of GrabImageRGBD(): 12.8814ms
Frame 3977 end
Average processing time of GrabImageRGBD(): 12.8806ms
Frame 3978 end
Average processing time of GrabImageRGBD(): 12.8797ms
Frame 3979 end
Average processing time of GrabImageRGBD(): 12.8791ms
Frame 3980 end
Average processing time of GrabImageRGBD(): 12.8789ms
Frame 3981 end
Average processing time of GrabImageRGBD(): 12.8789ms
Frame 3982 end
Shutdown
-------

median tracking time: 0.0115654
mean tracking time: 0.0135138

Saving camera trajectory to CameraTrajectory.txt ...

Saving keyframe trajectory to KeyFrameTrajectory.txt ...
