
ORB-SLAM3 Copyright (C) 2017-2020 Carlos Campos, Richard Elvira, Juan J. Gómez, José M.M. Montiel and Juan D. Tardós, University of Zaragoza.
ORB-SLAM2 Copyright (C) 2014-2016 Raúl Mur-Artal, José M.M. Montiel and Juan D. Tardós, University of Zaragoza.
This program comes with ABSOLUTELY NO WARRANTY;
This is free software, and you are welcome to redistribute it
under certain conditions. See LICENSE.txt.

Input sensor was set to: RGB-D
Loading settings from /home/bingxin/Downloads/NGD-SLAM/Examples/RGB-D/TUM2.yaml
	-Loaded camera 1
Camera.newHeight optional parameter does not exist...
Camera.newWidth optional parameter does not exist...
	-Loaded image info
	-Loaded RGB-D calibration
	-Loaded ORB settings
Viewer.imageViewScale optional parameter does not exist...
	-Loaded viewer settings
System.LoadAtlasFromFile optional parameter does not exist...
System.SaveAtlasToFile optional parameter does not exist...
	-Loaded Atlas settings
System.thFarPoints optional parameter does not exist...
	-Loaded misc parameters
----------------------------------
SLAM settings: 
	-Camera 1 parameters (Pinhole): [ 520.909 521.007 325.141 249.702 ]
	-Camera 1 distortion parameters: [  0.231222 -0.784899 -0.003257 -0.000105 0.917205 ]
	-Original image size: [ 640 , 480 ]
	-Current image size: [ 640 , 480 ]
	-Sequence FPS: 30
	-RGB-D depth map factor: 5208
	-Features per image: 1000
	-ORB scale factor: 1.2
	-ORB number of scales: 8
	-Initial FAST threshold: 20
	-Min FAST threshold: 7


Loading ORB Vocabulary. This could take a while...
Vocabulary loaded!

Initialization of Atlas from scratch 
Creation of new map with id: 0
Creation of new map with last KF id: 0
Seq. Name: 
There are 1 cameras in the atlas
Camera 0 is pinhole
Net use yolo-fastest

-------
Start processing sequence ...
Images in the sequence: 3983

First KF:0; Map init KF:0
New Map created with 571 points
Average processing time of GrabImageRGBD(): 44.1665ms
Frame 0 end
Average processing time of GrabImageRGBD(): 34.3168ms
Frame 1 end
Average processing time of GrabImageRGBD(): 30.5226ms
Frame 2 end
Average processing time of GrabImageRGBD(): 25.0837ms
Frame 3 end
Average processing time of GrabImageRGBD(): 21.0706ms
Frame 4 end
Average processing time of GrabImageRGBD(): 18.4312ms
Frame 5 end
Starting the Viewer
Average processing time of GrabImageRGBD(): 16.9765ms
Frame 6 end
Average processing time of GrabImageRGBD(): 15.5651ms
Frame 7 end
Average processing time of GrabImageRGBD(): 14.7227ms
Frame 8 end
Average processing time of GrabImageRGBD(): 13.5842ms
Frame 9 end
Average processing time of GrabImageRGBD(): 12.6598ms
Frame 10 end
Average processing time of GrabImageRGBD(): 12.0513ms
Frame 11 end
Average processing time of GrabImageRGBD(): 11.726ms
Frame 12 end
Average processing time of GrabImageRGBD(): 11.4691ms
Frame 13 end
Average processing time of GrabImageRGBD(): 10.9903ms
Frame 14 end
Average processing time of GrabImageRGBD(): 10.7999ms
Frame 15 end
Average processing time of GrabImageRGBD(): 10.6373ms
Frame 16 end
Average processing time of GrabImageRGBD(): 10.3117ms
Frame 17 end
Average processing time of GrabImageRGBD(): 10.1724ms
Frame 18 end
Average processing time of GrabImageRGBD(): 9.84421ms
Frame 19 end
Average processing time of GrabImageRGBD(): 9.76671ms
Frame 20 end
Average processing time of GrabImageRGBD(): 9.4854ms
Frame 21 end
Average processing time of GrabImageRGBD(): 9.21761ms
Frame 22 end
Average processing time of GrabImageRGBD(): 9.07791ms
Frame 23 end
Average processing time of GrabImageRGBD(): 9.03736ms
Frame 24 end
Average processing time of GrabImageRGBD(): 9.0125ms
Frame 25 end
Average processing time of GrabImageRGBD(): 8.95505ms
Frame 26 end
Average processing time of GrabImageRGBD(): 8.74338ms
Frame 27 end
Average processing time of GrabImageRGBD(): 8.7039ms
Frame 28 end
Average processing time of GrabImageRGBD(): 8.53558ms
Frame 29 end
Average processing time of GrabImageRGBD(): 8.39318ms
Frame 30 end
Average processing time of GrabImageRGBD(): 8.37835ms
Frame 31 end
Average processing time of GrabImageRGBD(): 8.22406ms
Frame 32 end
Average processing time of GrabImageRGBD(): 8.20368ms
Frame 33 end
Average processing time of GrabImageRGBD(): 8.07653ms
Frame 34 end
Average processing time of GrabImageRGBD(): 8.02561ms
Frame 35 end
Average processing time of GrabImageRGBD(): 7.89854ms
Frame 36 end
Average processing time of GrabImageRGBD(): 7.89662ms
Frame 37 end
Average processing time of GrabImageRGBD(): 7.7783ms
Frame 38 end
Average processing time of GrabImageRGBD(): 7.69567ms
Frame 39 end
Average processing time of GrabImageRGBD(): 7.6997ms
Frame 40 end
Average processing time of GrabImageRGBD(): 7.69706ms
Frame 41 end
Average processing time of GrabImageRGBD(): 7.62499ms
Frame 42 end
Average processing time of GrabImageRGBD(): 7.64308ms
Frame 43 end
Average processing time of GrabImageRGBD(): 7.56521ms
Frame 44 end
Average processing time of GrabImageRGBD(): 7.57913ms
Frame 45 end
Average processing time of GrabImageRGBD(): 7.47703ms
Frame 46 end
Average processing time of GrabImageRGBD(): 7.49168ms
Frame 47 end
Average processing time of GrabImageRGBD(): 7.41733ms
Frame 48 end
Average processing time of GrabImageRGBD(): 7.33215ms
Frame 49 end
Average processing time of GrabImageRGBD(): 7.32831ms
Frame 50 end
Average processing time of GrabImageRGBD(): 7.24802ms
Frame 51 end
Average processing time of GrabImageRGBD(): 7.25691ms
Frame 52 end
Average processing time of GrabImageRGBD(): 7.25905ms
Frame 53 end
Average processing time of GrabImageRGBD(): 7.25772ms
Frame 54 end
Average processing time of GrabImageRGBD(): 7.26907ms
Frame 55 end
Average processing time of GrabImageRGBD(): 7.2769ms
Frame 56 end
Average processing time of GrabImageRGBD(): 7.22836ms
Frame 57 end
Average processing time of GrabImageRGBD(): 7.23595ms
Frame 58 end
Average processing time of GrabImageRGBD(): 7.24048ms
Frame 59 end
Average processing time of GrabImageRGBD(): 7.18842ms
Frame 60 end
Average processing time of GrabImageRGBD(): 7.20411ms
Frame 61 end
Average processing time of GrabImageRGBD(): 7.13536ms
Frame 62 end
Average processing time of GrabImageRGBD(): 7.14409ms
Frame 63 end
Average processing time of GrabImageRGBD(): 7.08729ms
Frame 64 end
Average processing time of GrabImageRGBD(): 7.09806ms
Frame 65 end
Average processing time of GrabImageRGBD(): 7.10749ms
Frame 66 end
Average processing time of GrabImageRGBD(): 7.10939ms
Frame 67 end
Average processing time of GrabImageRGBD(): 7.09739ms
Frame 68 end
Average processing time of GrabImageRGBD(): 7.10416ms
Frame 69 end
Average processing time of GrabImageRGBD(): 7.11238ms
Frame 70 end
Average processing time of GrabImageRGBD(): 7.05319ms
Frame 71 end
Average processing time of GrabImageRGBD(): 7.00058ms
Frame 72 end
Average processing time of GrabImageRGBD(): 6.94805ms
Frame 73 end
Average processing time of GrabImageRGBD(): 6.95019ms
Frame 74 end
Average processing time of GrabImageRGBD(): 6.9644ms
Frame 75 end
Average processing time of GrabImageRGBD(): 6.91509ms
Frame 76 end
Average processing time of GrabImageRGBD(): 6.92487ms
Frame 77 end
Average processing time of GrabImageRGBD(): 6.93314ms
Frame 78 end
Average processing time of GrabImageRGBD(): 6.94401ms
Frame 79 end
Average processing time of GrabImageRGBD(): 6.91708ms
Frame 80 end
Average processing time of GrabImageRGBD(): 6.92945ms
Frame 81 end
Average processing time of GrabImageRGBD(): 6.94169ms
Frame 82 end
Average processing time of GrabImageRGBD(): 6.92882ms
Frame 83 end
Average processing time of GrabImageRGBD(): 6.89944ms
Frame 84 end
Average processing time of GrabImageRGBD(): 6.90609ms
Frame 85 end
Average processing time of GrabImageRGBD(): 6.91471ms
Frame 86 end
Average processing time of GrabImageRGBD(): 6.90072ms
Frame 87 end
Average processing time of GrabImageRGBD(): 6.91052ms
Frame 88 end
Average processing time of GrabImageRGBD(): 6.86713ms
Frame 89 end
Average processing time of GrabImageRGBD(): 6.85595ms
Frame 90 end
Average processing time of GrabImageRGBD(): 6.83137ms
Frame 91 end
Average processing time of GrabImageRGBD(): 6.79404ms
Frame 92 end
Average processing time of GrabImageRGBD(): 6.75736ms
Frame 93 end
Average processing time of GrabImageRGBD(): 6.72212ms
Frame 94 end
Average processing time of GrabImageRGBD(): 6.72779ms
Frame 95 end
Average processing time of GrabImageRGBD(): 6.7239ms
Frame 96 end
Average processing time of GrabImageRGBD(): 6.69435ms
Frame 97 end
Average processing time of GrabImageRGBD(): 6.70992ms
Frame 98 end
Average processing time of GrabImageRGBD(): 6.70666ms
Frame 99 end
Average processing time of GrabImageRGBD(): 6.67421ms
Frame 100 end
Average processing time of GrabImageRGBD(): 6.68474ms
Frame 101 end
Average processing time of GrabImageRGBD(): 6.68883ms
Frame 102 end
Average processing time of GrabImageRGBD(): 6.65761ms
Frame 103 end
Average processing time of GrabImageRGBD(): 6.66781ms
Frame 104 end
Average processing time of GrabImageRGBD(): 6.63513ms
Frame 105 end
Average processing time of GrabImageRGBD(): 6.64294ms
Frame 106 end
Average processing time of GrabImageRGBD(): 6.6533ms
Frame 107 end
Average processing time of GrabImageRGBD(): 6.80104ms
Frame 108 end
Average processing time of GrabImageRGBD(): 6.76683ms
Frame 109 end
Average processing time of GrabImageRGBD(): 6.76103ms
Frame 110 end
Average processing time of GrabImageRGBD(): 6.72616ms
Frame 111 end
Average processing time of GrabImageRGBD(): 6.72051ms
Frame 112 end
Average processing time of GrabImageRGBD(): 6.71402ms
Frame 113 end
Average processing time of GrabImageRGBD(): 6.69944ms
Frame 114 end
Average processing time of GrabImageRGBD(): 6.67497ms
Frame 115 end
Average processing time of GrabImageRGBD(): 6.64487ms
Frame 116 end
Average processing time of GrabImageRGBD(): 6.62911ms
Frame 117 end
Average processing time of GrabImageRGBD(): 6.61971ms
Frame 118 end
Average processing time of GrabImageRGBD(): 6.589ms
Frame 119 end
Average processing time of GrabImageRGBD(): 6.72842ms
Frame 120 end
Average processing time of GrabImageRGBD(): 6.7308ms
Frame 121 end
Average processing time of GrabImageRGBD(): 6.73085ms
Frame 122 end
Average processing time of GrabImageRGBD(): 6.72831ms
Frame 123 end
Average processing time of GrabImageRGBD(): 6.72705ms
Frame 124 end
Average processing time of GrabImageRGBD(): 6.70193ms
Frame 125 end
Average processing time of GrabImageRGBD(): 6.68448ms
Frame 126 end
Average processing time of GrabImageRGBD(): 6.67107ms
Frame 127 end
Average processing time of GrabImageRGBD(): 6.66471ms
Frame 128 end
Average processing time of GrabImageRGBD(): 6.66169ms
Frame 129 end
Average processing time of GrabImageRGBD(): 6.65807ms
Frame 130 end
Average processing time of GrabImageRGBD(): 6.65627ms
Frame 131 end
Average processing time of GrabImageRGBD(): 6.63371ms
Frame 132 end
Average processing time of GrabImageRGBD(): 6.6106ms
Frame 133 end
Average processing time of GrabImageRGBD(): 6.58976ms
Frame 134 end
Average processing time of GrabImageRGBD(): 6.58604ms
Frame 135 end
Average processing time of GrabImageRGBD(): 6.5766ms
Frame 136 end
Average processing time of GrabImageRGBD(): 6.55155ms
Frame 137 end
Average processing time of GrabImageRGBD(): 6.52596ms
Frame 138 end
Average processing time of GrabImageRGBD(): 6.50868ms
Frame 139 end
Average processing time of GrabImageRGBD(): 6.48834ms
Frame 140 end
Average processing time of GrabImageRGBD(): 6.46167ms
Frame 141 end
Average processing time of GrabImageRGBD(): 6.44254ms
Frame 142 end
Average processing time of GrabImageRGBD(): 6.41844ms
Frame 143 end
Average processing time of GrabImageRGBD(): 6.4136ms
Frame 144 end
Average processing time of GrabImageRGBD(): 6.39796ms
Frame 145 end
Average processing time of GrabImageRGBD(): 6.37251ms
Frame 146 end
Average processing time of GrabImageRGBD(): 6.34685ms
Frame 147 end
Average processing time of GrabImageRGBD(): 6.33261ms
Frame 148 end
Average processing time of GrabImageRGBD(): 6.32951ms
Frame 149 end
Average processing time of GrabImageRGBD(): 6.32488ms
Frame 150 end
Average processing time of GrabImageRGBD(): 6.4841ms
Frame 151 end
Average processing time of GrabImageRGBD(): 6.482ms
Frame 152 end
Average processing time of GrabImageRGBD(): 6.59528ms
Frame 153 end
Average processing time of GrabImageRGBD(): 6.58161ms
Frame 154 end
Average processing time of GrabImageRGBD(): 6.55766ms
Frame 155 end
Average processing time of GrabImageRGBD(): 6.56342ms
Frame 156 end
Average processing time of GrabImageRGBD(): 6.56765ms
Frame 157 end
Average processing time of GrabImageRGBD(): 6.5582ms
Frame 158 end
Average processing time of GrabImageRGBD(): 6.54892ms
Frame 159 end
Average processing time of GrabImageRGBD(): 6.52916ms
Frame 160 end
Average processing time of GrabImageRGBD(): 6.5344ms
Frame 161 end
Average processing time of GrabImageRGBD(): 6.51267ms
Frame 162 end
Average processing time of GrabImageRGBD(): 6.50022ms
Frame 163 end
Average processing time of GrabImageRGBD(): 6.49234ms
Frame 164 end
Average processing time of GrabImageRGBD(): 6.49929ms
Frame 165 end
Average processing time of GrabImageRGBD(): 6.61825ms
Frame 166 end
Average processing time of GrabImageRGBD(): 6.62634ms
Frame 167 end
Average processing time of GrabImageRGBD(): 6.62946ms
Frame 168 end
Average processing time of GrabImageRGBD(): 6.63439ms
Frame 169 end
Average processing time of GrabImageRGBD(): 6.64255ms
Frame 170 end
Average processing time of GrabImageRGBD(): 6.64616ms
Frame 171 end
Average processing time of GrabImageRGBD(): 6.64489ms
Frame 172 end
Average processing time of GrabImageRGBD(): 6.64811ms
Frame 173 end
Average processing time of GrabImageRGBD(): 6.62745ms
Frame 174 end
Average processing time of GrabImageRGBD(): 6.62935ms
Frame 175 end
Average processing time of GrabImageRGBD(): 6.6349ms
Frame 176 end
Average processing time of GrabImageRGBD(): 6.63836ms
Frame 177 end
Average processing time of GrabImageRGBD(): 6.63915ms
Frame 178 end
Average processing time of GrabImageRGBD(): 6.63999ms
Frame 179 end
Average processing time of GrabImageRGBD(): 6.62032ms
Frame 180 end
Average processing time of GrabImageRGBD(): 6.60901ms
Frame 181 end
Average processing time of GrabImageRGBD(): 6.59595ms
Frame 182 end
Average processing time of GrabImageRGBD(): 6.59746ms
Frame 183 end
Average processing time of GrabImageRGBD(): 6.74013ms
Frame 184 end
Average processing time of GrabImageRGBD(): 6.72396ms
Frame 185 end
Average processing time of GrabImageRGBD(): 6.82653ms
Frame 186 end
Average processing time of GrabImageRGBD(): 6.83949ms
Frame 187 end
Average processing time of GrabImageRGBD(): 6.81688ms
Frame 188 end
Average processing time of GrabImageRGBD(): 6.80439ms
Frame 189 end
Average processing time of GrabImageRGBD(): 6.78694ms
Frame 190 end
Average processing time of GrabImageRGBD(): 6.79181ms
Frame 191 end
Average processing time of GrabImageRGBD(): 6.77984ms
Frame 192 end
Average processing time of GrabImageRGBD(): 6.78245ms
Frame 193 end
Average processing time of GrabImageRGBD(): 6.78017ms
Frame 194 end
Average processing time of GrabImageRGBD(): 6.76031ms
Frame 195 end
Average processing time of GrabImageRGBD(): 6.75714ms
Frame 196 end
Average processing time of GrabImageRGBD(): 6.73776ms
Frame 197 end
Average processing time of GrabImageRGBD(): 6.74234ms
Frame 198 end
Average processing time of GrabImageRGBD(): 6.72381ms
Frame 199 end
Average processing time of GrabImageRGBD(): 6.70652ms
Frame 200 end
Average processing time of GrabImageRGBD(): 6.712ms
Frame 201 end
Average processing time of GrabImageRGBD(): 6.71919ms
Frame 202 end
Average processing time of GrabImageRGBD(): 6.82269ms
Frame 203 end
Average processing time of GrabImageRGBD(): 6.80796ms
Frame 204 end
Average processing time of GrabImageRGBD(): 6.81061ms
Frame 205 end
Average processing time of GrabImageRGBD(): 6.81965ms
Frame 206 end
Average processing time of GrabImageRGBD(): 6.82037ms
Frame 207 end
Average processing time of GrabImageRGBD(): 6.80214ms
Frame 208 end
Average processing time of GrabImageRGBD(): 6.80321ms
Frame 209 end
Average processing time of GrabImageRGBD(): 6.78389ms
Frame 210 end
Average processing time of GrabImageRGBD(): 6.77502ms
Frame 211 end
Average processing time of GrabImageRGBD(): 6.77326ms
Frame 212 end
Average processing time of GrabImageRGBD(): 6.77048ms
Frame 213 end
Average processing time of GrabImageRGBD(): 6.75436ms
Frame 214 end
Average processing time of GrabImageRGBD(): 6.75451ms
Frame 215 end
Average processing time of GrabImageRGBD(): 6.8365ms
Frame 216 end
Average processing time of GrabImageRGBD(): 6.83331ms
Frame 217 end
Average processing time of GrabImageRGBD(): 6.81473ms
Frame 218 end
Average processing time of GrabImageRGBD(): 6.79667ms
Frame 219 end
Average processing time of GrabImageRGBD(): 6.91336ms
Frame 220 end
Average processing time of GrabImageRGBD(): 6.92084ms
Frame 221 end
Average processing time of GrabImageRGBD(): 6.90292ms
Frame 222 end
Average processing time of GrabImageRGBD(): 6.90468ms
Frame 223 end
Average processing time of GrabImageRGBD(): 6.90086ms
Frame 224 end
Average processing time of GrabImageRGBD(): 6.90283ms
Frame 225 end
Average processing time of GrabImageRGBD(): 6.88521ms
Frame 226 end
Average processing time of GrabImageRGBD(): 6.88578ms
Frame 227 end
Average processing time of GrabImageRGBD(): 6.86872ms
Frame 228 end
Average processing time of GrabImageRGBD(): 6.9629ms
Frame 229 end
Average processing time of GrabImageRGBD(): 6.96454ms
Frame 230 end
Average processing time of GrabImageRGBD(): 6.9463ms
Frame 231 end
Average processing time of GrabImageRGBD(): 6.93171ms
Frame 232 end
Average processing time of GrabImageRGBD(): 6.91453ms
Frame 233 end
Average processing time of GrabImageRGBD(): 6.90156ms
Frame 234 end
Average processing time of GrabImageRGBD(): 6.90212ms
Frame 235 end
Average processing time of GrabImageRGBD(): 6.89814ms
Frame 236 end
Average processing time of GrabImageRGBD(): 6.88899ms
Frame 237 end
Average processing time of GrabImageRGBD(): 6.87277ms
Frame 238 end
Average processing time of GrabImageRGBD(): 6.8589ms
Frame 239 end
Average processing time of GrabImageRGBD(): 6.8506ms
Frame 240 end
Average processing time of GrabImageRGBD(): 6.94553ms
Frame 241 end
Average processing time of GrabImageRGBD(): 6.95093ms
Frame 242 end
Average processing time of GrabImageRGBD(): 6.94127ms
Frame 243 end
Average processing time of GrabImageRGBD(): 6.94233ms
Frame 244 end
Average processing time of GrabImageRGBD(): 6.9426ms
Frame 245 end
Average processing time of GrabImageRGBD(): 6.94195ms
Frame 246 end
Average processing time of GrabImageRGBD(): 6.92637ms
Frame 247 end
Average processing time of GrabImageRGBD(): 7.0134ms
Frame 248 end
Average processing time of GrabImageRGBD(): 7.02412ms
Frame 249 end
Average processing time of GrabImageRGBD(): 7.02372ms
Frame 250 end
Average processing time of GrabImageRGBD(): 7.00889ms
Frame 251 end
Average processing time of GrabImageRGBD(): 7.01064ms
Frame 252 end
Average processing time of GrabImageRGBD(): 7.01383ms
Frame 253 end
Average processing time of GrabImageRGBD(): 7.00719ms
Frame 254 end
Average processing time of GrabImageRGBD(): 6.99147ms
Frame 255 end
Average processing time of GrabImageRGBD(): 6.99372ms
Frame 256 end
Average processing time of GrabImageRGBD(): 6.9961ms
Frame 257 end
Average processing time of GrabImageRGBD(): 7.07483ms
Frame 258 end
Average processing time of GrabImageRGBD(): 7.08108ms
Frame 259 end
Average processing time of GrabImageRGBD(): 7.08671ms
Frame 260 end
Average processing time of GrabImageRGBD(): 7.09085ms
Frame 261 end
Average processing time of GrabImageRGBD(): 7.08641ms
Frame 262 end
Average processing time of GrabImageRGBD(): 7.07511ms
Frame 263 end
Average processing time of GrabImageRGBD(): 7.0657ms
Frame 264 end
Average processing time of GrabImageRGBD(): 7.06939ms
Frame 265 end
Average processing time of GrabImageRGBD(): 7.07447ms
Frame 266 end
Average processing time of GrabImageRGBD(): 7.07917ms
Frame 267 end
Average processing time of GrabImageRGBD(): 7.08347ms
Frame 268 end
Average processing time of GrabImageRGBD(): 7.06902ms
Frame 269 end
Average processing time of GrabImageRGBD(): 7.07321ms
Frame 270 end
Average processing time of GrabImageRGBD(): 7.06424ms
Frame 271 end
Average processing time of GrabImageRGBD(): 7.16416ms
Frame 272 end
Average processing time of GrabImageRGBD(): 7.16274ms
Frame 273 end
Average processing time of GrabImageRGBD(): 7.14725ms
Frame 274 end
Average processing time of GrabImageRGBD(): 7.14836ms
Frame 275 end
Average processing time of GrabImageRGBD(): 7.13428ms
Frame 276 end
Average processing time of GrabImageRGBD(): 7.11974ms
Frame 277 end
Average processing time of GrabImageRGBD(): 7.11985ms
Frame 278 end
Average processing time of GrabImageRGBD(): 7.10526ms
Frame 279 end
Average processing time of GrabImageRGBD(): 7.18074ms
Frame 280 end
Average processing time of GrabImageRGBD(): 7.1736ms
Frame 281 end
Average processing time of GrabImageRGBD(): 7.15852ms
Frame 282 end
Average processing time of GrabImageRGBD(): 7.15938ms
Frame 283 end
Average processing time of GrabImageRGBD(): 7.16118ms
Frame 284 end
Average processing time of GrabImageRGBD(): 7.15771ms
Frame 285 end
Average processing time of GrabImageRGBD(): 7.1595ms
Frame 286 end
Average processing time of GrabImageRGBD(): 7.15771ms
Frame 287 end
Average processing time of GrabImageRGBD(): 7.14358ms
Frame 288 end
Average processing time of GrabImageRGBD(): 7.22005ms
Frame 289 end
Average processing time of GrabImageRGBD(): 7.2193ms
Frame 290 end
Average processing time of GrabImageRGBD(): 7.22102ms
Frame 291 end
Average processing time of GrabImageRGBD(): 7.20782ms
Frame 292 end
Average processing time of GrabImageRGBD(): 7.20953ms
Frame 293 end
Average processing time of GrabImageRGBD(): 7.2011ms
Frame 294 end
Average processing time of GrabImageRGBD(): 7.28503ms
Frame 295 end
Average processing time of GrabImageRGBD(): 7.27386ms
Frame 296 end
Average processing time of GrabImageRGBD(): 7.25907ms
Frame 297 end
Average processing time of GrabImageRGBD(): 7.33193ms
Frame 298 end
Average processing time of GrabImageRGBD(): 7.32095ms
Frame 299 end
Average processing time of GrabImageRGBD(): 7.30718ms
Frame 300 end
Average processing time of GrabImageRGBD(): 7.29812ms
Frame 301 end
Average processing time of GrabImageRGBD(): 7.30071ms
Frame 302 end
Average processing time of GrabImageRGBD(): 7.36585ms
Frame 303 end
Average processing time of GrabImageRGBD(): 7.36907ms
Frame 304 end
Average processing time of GrabImageRGBD(): 7.37303ms
Frame 305 end
Average processing time of GrabImageRGBD(): 7.37434ms
Frame 306 end
Average processing time of GrabImageRGBD(): 7.36069ms
Frame 307 end
Average processing time of GrabImageRGBD(): 7.34948ms
Frame 308 end
Average processing time of GrabImageRGBD(): 7.33619ms
Frame 309 end
Average processing time of GrabImageRGBD(): 7.32649ms
Frame 310 end
Average processing time of GrabImageRGBD(): 7.32422ms
Frame 311 end
Average processing time of GrabImageRGBD(): 7.32374ms
Frame 312 end
Average processing time of GrabImageRGBD(): 7.31751ms
Frame 313 end
Average processing time of GrabImageRGBD(): 7.3176ms
Frame 314 end
Average processing time of GrabImageRGBD(): 7.38087ms
Frame 315 end
Average processing time of GrabImageRGBD(): 7.37518ms
Frame 316 end
Average processing time of GrabImageRGBD(): 7.362ms
Frame 317 end
Average processing time of GrabImageRGBD(): 7.42887ms
Frame 318 end
Average processing time of GrabImageRGBD(): 7.42687ms
Frame 319 end
Average processing time of GrabImageRGBD(): 7.4126ms
Frame 320 end
Average processing time of GrabImageRGBD(): 7.41316ms
Frame 321 end
Average processing time of GrabImageRGBD(): 7.41233ms
Frame 322 end
Average processing time of GrabImageRGBD(): 7.41213ms
Frame 323 end
Average processing time of GrabImageRGBD(): 7.39938ms
Frame 324 end
Average processing time of GrabImageRGBD(): 7.4ms
Frame 325 end
Average processing time of GrabImageRGBD(): 7.39913ms
Frame 326 end
Average processing time of GrabImageRGBD(): 7.39769ms
Frame 327 end
Average processing time of GrabImageRGBD(): 7.39619ms
Frame 328 end
Average processing time of GrabImageRGBD(): 7.38901ms
Frame 329 end
Average processing time of GrabImageRGBD(): 7.38754ms
Frame 330 end
Average processing time of GrabImageRGBD(): 7.38424ms
Frame 331 end
Average processing time of GrabImageRGBD(): 7.38391ms
Frame 332 end
Average processing time of GrabImageRGBD(): 7.4463ms
Frame 333 end
Average processing time of GrabImageRGBD(): 7.4453ms
Frame 334 end
Average processing time of GrabImageRGBD(): 7.44468ms
Frame 335 end
Average processing time of GrabImageRGBD(): 7.43223ms
Frame 336 end
Average processing time of GrabImageRGBD(): 7.43119ms
Frame 337 end
Average processing time of GrabImageRGBD(): 7.4182ms
Frame 338 end
Average processing time of GrabImageRGBD(): 7.41038ms
Frame 339 end
Average processing time of GrabImageRGBD(): 7.46967ms
Frame 340 end
Average processing time of GrabImageRGBD(): 7.47312ms
Frame 341 end
Average processing time of GrabImageRGBD(): 7.45991ms
Frame 342 end
Average processing time of GrabImageRGBD(): 7.46079ms
Frame 343 end
Average processing time of GrabImageRGBD(): 7.44731ms
Frame 344 end
Average processing time of GrabImageRGBD(): 7.43999ms
Frame 345 end
Average processing time of GrabImageRGBD(): 7.43821ms
Frame 346 end
Average processing time of GrabImageRGBD(): 7.43189ms
Frame 347 end
Average processing time of GrabImageRGBD(): 7.42234ms
Frame 348 end
Average processing time of GrabImageRGBD(): 7.42131ms
Frame 349 end
Average processing time of GrabImageRGBD(): 7.47752ms
Frame 350 end
Average processing time of GrabImageRGBD(): 7.46809ms
Frame 351 end
Average processing time of GrabImageRGBD(): 7.45528ms
Frame 352 end
Average processing time of GrabImageRGBD(): 7.44696ms
Frame 353 end
Average processing time of GrabImageRGBD(): 7.43589ms
Frame 354 end
Average processing time of GrabImageRGBD(): 7.42345ms
Frame 355 end
Average processing time of GrabImageRGBD(): 7.41083ms
Frame 356 end
Average processing time of GrabImageRGBD(): 7.3993ms
Frame 357 end
Average processing time of GrabImageRGBD(): 7.46065ms
Frame 358 end
Average processing time of GrabImageRGBD(): 7.45596ms
Frame 359 end
Average processing time of GrabImageRGBD(): 7.44367ms
Frame 360 end
Average processing time of GrabImageRGBD(): 7.43142ms
Frame 361 end
Average processing time of GrabImageRGBD(): 7.42902ms
Frame 362 end
Average processing time of GrabImageRGBD(): 7.42095ms
Frame 363 end
Average processing time of GrabImageRGBD(): 7.41955ms
Frame 364 end
Average processing time of GrabImageRGBD(): 7.41375ms
Frame 365 end
Average processing time of GrabImageRGBD(): 7.46442ms
Frame 366 end
Average processing time of GrabImageRGBD(): 7.46524ms
Frame 367 end
Average processing time of GrabImageRGBD(): 7.45317ms
Frame 368 end
Average processing time of GrabImageRGBD(): 7.45271ms
Frame 369 end
Average processing time of GrabImageRGBD(): 7.44328ms
Frame 370 end
Average processing time of GrabImageRGBD(): 7.43655ms
Frame 371 end
Average processing time of GrabImageRGBD(): 7.42697ms
Frame 372 end
Average processing time of GrabImageRGBD(): 7.42632ms
Frame 373 end
Average processing time of GrabImageRGBD(): 7.42521ms
Frame 374 end
Average processing time of GrabImageRGBD(): 7.42435ms
Frame 375 end
Average processing time of GrabImageRGBD(): 7.4127ms
Frame 376 end
Average processing time of GrabImageRGBD(): 7.48136ms
Frame 377 end
Average processing time of GrabImageRGBD(): 7.47885ms
Frame 378 end
Average processing time of GrabImageRGBD(): 7.46648ms
Frame 379 end
Average processing time of GrabImageRGBD(): 7.46403ms
Frame 380 end
Average processing time of GrabImageRGBD(): 7.51684ms
Frame 381 end
Average processing time of GrabImageRGBD(): 7.52034ms
Frame 382 end
Average processing time of GrabImageRGBD(): 7.50901ms
Frame 383 end
Average processing time of GrabImageRGBD(): 7.5112ms
Frame 384 end
Average processing time of GrabImageRGBD(): 7.51206ms
Frame 385 end
Average processing time of GrabImageRGBD(): 7.50761ms
Frame 386 end
Average processing time of GrabImageRGBD(): 7.49579ms
Frame 387 end
Average processing time of GrabImageRGBD(): 7.48507ms
Frame 388 end
Average processing time of GrabImageRGBD(): 7.47952ms
Frame 389 end
Average processing time of GrabImageRGBD(): 7.5288ms
Frame 390 end
Average processing time of GrabImageRGBD(): 7.52044ms
Frame 391 end
Average processing time of GrabImageRGBD(): 7.50816ms
Frame 392 end
Average processing time of GrabImageRGBD(): 7.49652ms
Frame 393 end
Average processing time of GrabImageRGBD(): 7.54547ms
Frame 394 end
Average processing time of GrabImageRGBD(): 7.55178ms
Frame 395 end
Average processing time of GrabImageRGBD(): 7.54066ms
Frame 396 end
Average processing time of GrabImageRGBD(): 7.54302ms
Frame 397 end
Average processing time of GrabImageRGBD(): 7.53819ms
Frame 398 end
Average processing time of GrabImageRGBD(): 7.53588ms
Frame 399 end
Average processing time of GrabImageRGBD(): 7.59252ms
Frame 400 end
Average processing time of GrabImageRGBD(): 7.5963ms
Frame 401 end
Average processing time of GrabImageRGBD(): 7.58607ms
Frame 402 end
Average processing time of GrabImageRGBD(): 7.58477ms
Frame 403 end
Average processing time of GrabImageRGBD(): 7.58541ms
Frame 404 end
Average processing time of GrabImageRGBD(): 7.58218ms
Frame 405 end
Average processing time of GrabImageRGBD(): 7.58147ms
Frame 406 end
Average processing time of GrabImageRGBD(): 7.57604ms
Frame 407 end
Average processing time of GrabImageRGBD(): 7.62571ms
Frame 408 end
Average processing time of GrabImageRGBD(): 7.62024ms
Frame 409 end
Average processing time of GrabImageRGBD(): 7.6205ms
Frame 410 end
Average processing time of GrabImageRGBD(): 7.611ms
Frame 411 end
Average processing time of GrabImageRGBD(): 7.66054ms
Frame 412 end
Average processing time of GrabImageRGBD(): 7.66397ms
Frame 413 end
Average processing time of GrabImageRGBD(): 7.6651ms
Frame 414 end
Average processing time of GrabImageRGBD(): 7.65458ms
Frame 415 end
Average processing time of GrabImageRGBD(): 7.64263ms
Frame 416 end
Average processing time of GrabImageRGBD(): 7.64237ms
Frame 417 end
Average processing time of GrabImageRGBD(): 7.69766ms
Frame 418 end
Average processing time of GrabImageRGBD(): 7.69452ms
Frame 419 end
Average processing time of GrabImageRGBD(): 7.69539ms
Frame 420 end
Average processing time of GrabImageRGBD(): 7.69238ms
Frame 421 end
Average processing time of GrabImageRGBD(): 7.74071ms
Frame 422 end
Average processing time of GrabImageRGBD(): 7.73319ms
Frame 423 end
Average processing time of GrabImageRGBD(): 7.73219ms
Frame 424 end
Average processing time of GrabImageRGBD(): 7.72264ms
Frame 425 end
Average processing time of GrabImageRGBD(): 7.77691ms
Frame 426 end
Average processing time of GrabImageRGBD(): 7.77778ms
Frame 427 end
Average processing time of GrabImageRGBD(): 7.76565ms
Frame 428 end
Average processing time of GrabImageRGBD(): 7.76593ms
Frame 429 end
Average processing time of GrabImageRGBD(): 7.75761ms
Frame 430 end
Average processing time of GrabImageRGBD(): 7.80557ms
Frame 431 end
Average processing time of GrabImageRGBD(): 7.79791ms
Frame 432 end
Average processing time of GrabImageRGBD(): 7.78832ms
Frame 433 end
Average processing time of GrabImageRGBD(): 7.78378ms
Frame 434 end
Average processing time of GrabImageRGBD(): 7.78624ms
Frame 435 end
Average processing time of GrabImageRGBD(): 7.78678ms
Frame 436 end
Average processing time of GrabImageRGBD(): 7.78627ms
Frame 437 end
Average processing time of GrabImageRGBD(): 7.77587ms
Frame 438 end
Average processing time of GrabImageRGBD(): 7.77052ms
Frame 439 end
Average processing time of GrabImageRGBD(): 7.83484ms
Frame 440 end
Average processing time of GrabImageRGBD(): 7.83629ms
Frame 441 end
Average processing time of GrabImageRGBD(): 7.82554ms
Frame 442 end
Average processing time of GrabImageRGBD(): 7.82805ms
Frame 443 end
Average processing time of GrabImageRGBD(): 7.82751ms
Frame 444 end
Average processing time of GrabImageRGBD(): 7.82796ms
Frame 445 end
Average processing time of GrabImageRGBD(): 7.88141ms
Frame 446 end
Average processing time of GrabImageRGBD(): 7.8771ms
Frame 447 end
Average processing time of GrabImageRGBD(): 7.86652ms
Frame 448 end
Average processing time of GrabImageRGBD(): 7.85688ms
Frame 449 end
Average processing time of GrabImageRGBD(): 7.84719ms
Frame 450 end
Average processing time of GrabImageRGBD(): 7.84355ms
Frame 451 end
Average processing time of GrabImageRGBD(): 7.83315ms
Frame 452 end
Average processing time of GrabImageRGBD(): 7.82299ms
Frame 453 end
Average processing time of GrabImageRGBD(): 7.81281ms
Frame 454 end
Average processing time of GrabImageRGBD(): 7.80511ms
Frame 455 end
Average processing time of GrabImageRGBD(): 7.80494ms
Frame 456 end
Average processing time of GrabImageRGBD(): 7.79704ms
Frame 457 end
Average processing time of GrabImageRGBD(): 7.78606ms
Frame 458 end
Average processing time of GrabImageRGBD(): 7.78609ms
Frame 459 end
Average processing time of GrabImageRGBD(): 7.78404ms
Frame 460 end
Average processing time of GrabImageRGBD(): 7.83404ms
Frame 461 end
Average processing time of GrabImageRGBD(): 7.82739ms
Frame 462 end
Average processing time of GrabImageRGBD(): 7.81777ms
Frame 463 end
Average processing time of GrabImageRGBD(): 7.80852ms
Frame 464 end
Average processing time of GrabImageRGBD(): 7.80866ms
Frame 465 end
Average processing time of GrabImageRGBD(): 7.79836ms
Frame 466 end
Average processing time of GrabImageRGBD(): 7.79792ms
Frame 467 end
Average processing time of GrabImageRGBD(): 7.79732ms
Frame 468 end
Average processing time of GrabImageRGBD(): 7.7911ms
Frame 469 end
Average processing time of GrabImageRGBD(): 7.78979ms
Frame 470 end
Average processing time of GrabImageRGBD(): 7.78921ms
Frame 471 end
Average processing time of GrabImageRGBD(): 7.78814ms
Frame 472 end
Average processing time of GrabImageRGBD(): 7.78738ms
Frame 473 end
Average processing time of GrabImageRGBD(): 7.78575ms
Frame 474 end
Average processing time of GrabImageRGBD(): 7.78174ms
Frame 475 end
Average processing time of GrabImageRGBD(): 7.78072ms
Frame 476 end
Average processing time of GrabImageRGBD(): 7.77375ms
Frame 477 end
Average processing time of GrabImageRGBD(): 7.765ms
Frame 478 end
Average processing time of GrabImageRGBD(): 7.76491ms
Frame 479 end
Average processing time of GrabImageRGBD(): 7.75854ms
Frame 480 end
Average processing time of GrabImageRGBD(): 7.75083ms
Frame 481 end
Average processing time of GrabImageRGBD(): 7.74669ms
Frame 482 end
Average processing time of GrabImageRGBD(): 7.78786ms
Frame 483 end
Average processing time of GrabImageRGBD(): 7.79075ms
Frame 484 end
Average processing time of GrabImageRGBD(): 7.79107ms
Frame 485 end
Average processing time of GrabImageRGBD(): 7.78158ms
Frame 486 end
Average processing time of GrabImageRGBD(): 7.77139ms
Frame 487 end
Average processing time of GrabImageRGBD(): 7.81638ms
Frame 488 end
Average processing time of GrabImageRGBD(): 7.81187ms
Frame 489 end
Average processing time of GrabImageRGBD(): 7.80129ms
Frame 490 end
Average processing time of GrabImageRGBD(): 7.80115ms
Frame 491 end
Average processing time of GrabImageRGBD(): 7.79488ms
Frame 492 end
Average processing time of GrabImageRGBD(): 7.83812ms
Frame 493 end
Average processing time of GrabImageRGBD(): 7.8413ms
Frame 494 end
Average processing time of GrabImageRGBD(): 7.83083ms
Frame 495 end
Average processing time of GrabImageRGBD(): 7.82206ms
Frame 496 end
Average processing time of GrabImageRGBD(): 7.82194ms
Frame 497 end
Average processing time of GrabImageRGBD(): 7.81766ms
Frame 498 end
Average processing time of GrabImageRGBD(): 7.81155ms
Frame 499 end
Average processing time of GrabImageRGBD(): 7.81137ms
Frame 500 end
Average processing time of GrabImageRGBD(): 7.85677ms
Frame 501 end
Average processing time of GrabImageRGBD(): 7.85824ms
Frame 502 end
Average processing time of GrabImageRGBD(): 7.848ms
Frame 503 end
Average processing time of GrabImageRGBD(): 7.83942ms
Frame 504 end
Average processing time of GrabImageRGBD(): 7.83875ms
Frame 505 end
Average processing time of GrabImageRGBD(): 7.83743ms
Frame 506 end
Average processing time of GrabImageRGBD(): 7.88384ms
Frame 507 end
Average processing time of GrabImageRGBD(): 7.87696ms
Frame 508 end
Average processing time of GrabImageRGBD(): 7.86654ms
Frame 509 end
Average processing time of GrabImageRGBD(): 7.86585ms
Frame 510 end
Average processing time of GrabImageRGBD(): 7.86484ms
Frame 511 end
Average processing time of GrabImageRGBD(): 7.90995ms
Frame 512 end
Average processing time of GrabImageRGBD(): 7.90554ms
Frame 513 end
Average processing time of GrabImageRGBD(): 7.89636ms
Frame 514 end
Average processing time of GrabImageRGBD(): 7.88938ms
Frame 515 end
Average processing time of GrabImageRGBD(): 7.88731ms
Frame 516 end
Average processing time of GrabImageRGBD(): 7.88502ms
Frame 517 end
Average processing time of GrabImageRGBD(): 7.9451ms
Frame 518 end
Average processing time of GrabImageRGBD(): 7.94857ms
Frame 519 end
Average processing time of GrabImageRGBD(): 7.94018ms
Frame 520 end
Average processing time of GrabImageRGBD(): 7.93113ms
Frame 521 end
Average processing time of GrabImageRGBD(): 7.92233ms
Frame 522 end
Average processing time of GrabImageRGBD(): 7.96684ms
Frame 523 end
Average processing time of GrabImageRGBD(): 7.96047ms
Frame 524 end
Average processing time of GrabImageRGBD(): 7.95016ms
Frame 525 end
Average processing time of GrabImageRGBD(): 7.94969ms
Frame 526 end
Average processing time of GrabImageRGBD(): 7.94712ms
Frame 527 end
Average processing time of GrabImageRGBD(): 7.93857ms
Frame 528 end
Average processing time of GrabImageRGBD(): 7.97954ms
Frame 529 end
Average processing time of GrabImageRGBD(): 7.9816ms
Frame 530 end
Average processing time of GrabImageRGBD(): 7.97335ms
Frame 531 end
Average processing time of GrabImageRGBD(): 7.96812ms
Frame 532 end
Average processing time of GrabImageRGBD(): 7.96741ms
Frame 533 end
Average processing time of GrabImageRGBD(): 7.95776ms
Frame 534 end
Average processing time of GrabImageRGBD(): 7.94881ms
Frame 535 end
Average processing time of GrabImageRGBD(): 7.99244ms
Frame 536 end
Average processing time of GrabImageRGBD(): 7.99484ms
Frame 537 end
Average processing time of GrabImageRGBD(): 7.98525ms
Frame 538 end
Average processing time of GrabImageRGBD(): 7.97917ms
Frame 539 end
Average processing time of GrabImageRGBD(): 7.97794ms
Frame 540 end
Average processing time of GrabImageRGBD(): 7.97618ms
Frame 541 end
Average processing time of GrabImageRGBD(): 8.01715ms
Frame 542 end
Average processing time of GrabImageRGBD(): 8.01075ms
Frame 543 end
Average processing time of GrabImageRGBD(): 8.00225ms
Frame 544 end
Average processing time of GrabImageRGBD(): 8.00369ms
Frame 545 end
Average processing time of GrabImageRGBD(): 7.99895ms
Frame 546 end
Average processing time of GrabImageRGBD(): 7.99288ms
Frame 547 end
Average processing time of GrabImageRGBD(): 8.03661ms
Frame 548 end
Average processing time of GrabImageRGBD(): 8.03925ms
Frame 549 end
Average processing time of GrabImageRGBD(): 8.02965ms
Frame 550 end
Average processing time of GrabImageRGBD(): 8.02941ms
Frame 551 end
Average processing time of GrabImageRGBD(): 8.02433ms
Frame 552 end
Average processing time of GrabImageRGBD(): 8.0234ms
Frame 553 end
Average processing time of GrabImageRGBD(): 8.06646ms
Frame 554 end
Average processing time of GrabImageRGBD(): 8.07069ms
Frame 555 end
Average processing time of GrabImageRGBD(): 8.06156ms
Frame 556 end
Average processing time of GrabImageRGBD(): 8.06395ms
Frame 557 end
Average processing time of GrabImageRGBD(): 8.06192ms
Frame 558 end
Average processing time of GrabImageRGBD(): 8.05744ms
Frame 559 end
Average processing time of GrabImageRGBD(): 8.04906ms
Frame 560 end
Average processing time of GrabImageRGBD(): 8.04355ms
Frame 561 end
Average processing time of GrabImageRGBD(): 8.04409ms
Frame 562 end
Average processing time of GrabImageRGBD(): 8.03794ms
Frame 563 end
Average processing time of GrabImageRGBD(): 8.03884ms
Frame 564 end
Average processing time of GrabImageRGBD(): 8.03238ms
Frame 565 end
Average processing time of GrabImageRGBD(): 8.07555ms
Frame 566 end
Average processing time of GrabImageRGBD(): 8.06903ms
Frame 567 end
Average processing time of GrabImageRGBD(): 8.06895ms
Frame 568 end
Average processing time of GrabImageRGBD(): 8.06635ms
Frame 569 end
Average processing time of GrabImageRGBD(): 8.06045ms
Frame 570 end
Average processing time of GrabImageRGBD(): 8.05923ms
Frame 571 end
Average processing time of GrabImageRGBD(): 8.05795ms
Frame 572 end
Average processing time of GrabImageRGBD(): 8.09902ms
Frame 573 end
Average processing time of GrabImageRGBD(): 8.10098ms
Frame 574 end
Average processing time of GrabImageRGBD(): 8.09907ms
Frame 575 end
Average processing time of GrabImageRGBD(): 8.09785ms
Frame 576 end
Average processing time of GrabImageRGBD(): 8.09115ms
Frame 577 end
Average processing time of GrabImageRGBD(): 8.09129ms
Frame 578 end
Average processing time of GrabImageRGBD(): 8.08959ms
Frame 579 end
Average processing time of GrabImageRGBD(): 8.08873ms
Frame 580 end
Average processing time of GrabImageRGBD(): 8.12972ms
Frame 581 end
Average processing time of GrabImageRGBD(): 8.13218ms
Frame 582 end
Average processing time of GrabImageRGBD(): 8.13152ms
Frame 583 end
Average processing time of GrabImageRGBD(): 8.1307ms
Frame 584 end
Average processing time of GrabImageRGBD(): 8.13034ms
Frame 585 end
Average processing time of GrabImageRGBD(): 8.1275ms
Frame 586 end
Average processing time of GrabImageRGBD(): 8.12613ms
Frame 587 end
Average processing time of GrabImageRGBD(): 8.16178ms
Frame 588 end
Average processing time of GrabImageRGBD(): 8.15948ms
Frame 589 end
Average processing time of GrabImageRGBD(): 8.15871ms
Frame 590 end
Average processing time of GrabImageRGBD(): 8.15784ms
Frame 591 end
Average processing time of GrabImageRGBD(): 8.1498ms
Frame 592 end
Average processing time of GrabImageRGBD(): 8.14847ms
Frame 593 end
Average processing time of GrabImageRGBD(): 8.14205ms
Frame 594 end
Average processing time of GrabImageRGBD(): 8.17861ms
Frame 595 end
Average processing time of GrabImageRGBD(): 8.18199ms
Frame 596 end
Average processing time of GrabImageRGBD(): 8.18269ms
Frame 597 end
Average processing time of GrabImageRGBD(): 8.18408ms
Frame 598 end
Average processing time of GrabImageRGBD(): 8.17683ms
Frame 599 end
Average processing time of GrabImageRGBD(): 8.16972ms
Frame 600 end
Average processing time of GrabImageRGBD(): 8.16578ms
Frame 601 end
Average processing time of GrabImageRGBD(): 8.16221ms
Frame 602 end
Average processing time of GrabImageRGBD(): 8.19857ms
Frame 603 end
Average processing time of GrabImageRGBD(): 8.19726ms
Frame 604 end
Average processing time of GrabImageRGBD(): 8.19733ms
Frame 605 end
Average processing time of GrabImageRGBD(): 8.1901ms
Frame 606 end
Average processing time of GrabImageRGBD(): 8.18252ms
Frame 607 end
Average processing time of GrabImageRGBD(): 8.18212ms
Frame 608 end
Average processing time of GrabImageRGBD(): 8.17408ms
Frame 609 end
Average processing time of GrabImageRGBD(): 8.16748ms
Frame 610 end
Average processing time of GrabImageRGBD(): 8.15967ms
Frame 611 end
Average processing time of GrabImageRGBD(): 8.19358ms
Frame 612 end
Average processing time of GrabImageRGBD(): 8.19046ms
Frame 613 end
Average processing time of GrabImageRGBD(): 8.19165ms
Frame 614 end
Average processing time of GrabImageRGBD(): 8.18601ms
Frame 615 end
Average processing time of GrabImageRGBD(): 8.1855ms
Frame 616 end
Average processing time of GrabImageRGBD(): 8.18494ms
Frame 617 end
Average processing time of GrabImageRGBD(): 8.18353ms
Frame 618 end
Average processing time of GrabImageRGBD(): 8.221ms
Frame 619 end
Average processing time of GrabImageRGBD(): 8.21691ms
Frame 620 end
Average processing time of GrabImageRGBD(): 8.21409ms
Frame 621 end
Average processing time of GrabImageRGBD(): 8.20705ms
Frame 622 end
Average processing time of GrabImageRGBD(): 8.19967ms
Frame 623 end
Average processing time of GrabImageRGBD(): 8.19879ms
Frame 624 end
Average processing time of GrabImageRGBD(): 8.19095ms
Frame 625 end
Average processing time of GrabImageRGBD(): 8.18376ms
Frame 626 end
Average processing time of GrabImageRGBD(): 8.21801ms
Frame 627 end
Average processing time of GrabImageRGBD(): 8.21389ms
Frame 628 end
Average processing time of GrabImageRGBD(): 8.2081ms
Frame 629 end
Average processing time of GrabImageRGBD(): 8.19975ms
Frame 630 end
Average processing time of GrabImageRGBD(): 8.19664ms
Frame 631 end
Average processing time of GrabImageRGBD(): 8.18895ms
Frame 632 end
Average processing time of GrabImageRGBD(): 8.18138ms
Frame 633 end
Average processing time of GrabImageRGBD(): 8.17729ms
Frame 634 end
Average processing time of GrabImageRGBD(): 8.21355ms
Frame 635 end
Average processing time of GrabImageRGBD(): 8.20967ms
Frame 636 end
Average processing time of GrabImageRGBD(): 8.20937ms
Frame 637 end
Average processing time of GrabImageRGBD(): 8.2028ms
Frame 638 end
Average processing time of GrabImageRGBD(): 8.20199ms
Frame 639 end
Average processing time of GrabImageRGBD(): 8.19678ms
Frame 640 end
Average processing time of GrabImageRGBD(): 8.19255ms
Frame 641 end
Average processing time of GrabImageRGBD(): 8.2244ms
Frame 642 end
Average processing time of GrabImageRGBD(): 8.22441ms
Frame 643 end
Average processing time of GrabImageRGBD(): 8.21719ms
Frame 644 end
Average processing time of GrabImageRGBD(): 8.21576ms
Frame 645 end
Average processing time of GrabImageRGBD(): 8.21343ms
Frame 646 end
Average processing time of GrabImageRGBD(): 8.20912ms
Frame 647 end
Average processing time of GrabImageRGBD(): 8.20668ms
Frame 648 end
Average processing time of GrabImageRGBD(): 8.2407ms
Frame 649 end
Average processing time of GrabImageRGBD(): 8.24071ms
Frame 650 end
Average processing time of GrabImageRGBD(): 8.23962ms
Frame 651 end
Average processing time of GrabImageRGBD(): 8.23902ms
Frame 652 end
Average processing time of GrabImageRGBD(): 8.23786ms
Frame 653 end
Average processing time of GrabImageRGBD(): 8.2332ms
Frame 654 end
Average processing time of GrabImageRGBD(): 8.23118ms
Frame 655 end
Average processing time of GrabImageRGBD(): 8.26361ms
Frame 656 end
Average processing time of GrabImageRGBD(): 8.26506ms
Frame 657 end
Average processing time of GrabImageRGBD(): 8.26467ms
Frame 658 end
Average processing time of GrabImageRGBD(): 8.264ms
Frame 659 end
Average processing time of GrabImageRGBD(): 8.25798ms
Frame 660 end
Average processing time of GrabImageRGBD(): 8.2571ms
Frame 661 end
Average processing time of GrabImageRGBD(): 8.24956ms
Frame 662 end
Average processing time of GrabImageRGBD(): 8.24303ms
Frame 663 end
Average processing time of GrabImageRGBD(): 8.27674ms
Frame 664 end
Average processing time of GrabImageRGBD(): 8.27752ms
Frame 665 end
Average processing time of GrabImageRGBD(): 8.27035ms
Frame 666 end
Average processing time of GrabImageRGBD(): 8.26866ms
Frame 667 end
Average processing time of GrabImageRGBD(): 8.26121ms
Frame 668 end
Average processing time of GrabImageRGBD(): 8.25397ms
Frame 669 end
Average processing time of GrabImageRGBD(): 8.24887ms
Frame 670 end
Average processing time of GrabImageRGBD(): 8.24228ms
Frame 671 end
Average processing time of GrabImageRGBD(): 8.27467ms
Frame 672 end
Average processing time of GrabImageRGBD(): 8.2758ms
Frame 673 end
Average processing time of GrabImageRGBD(): 8.26895ms
Frame 674 end
Average processing time of GrabImageRGBD(): 8.26131ms
Frame 675 end
Average processing time of GrabImageRGBD(): 8.25721ms
Frame 676 end
Average processing time of GrabImageRGBD(): 8.2502ms
Frame 677 end
Average processing time of GrabImageRGBD(): 8.24397ms
Frame 678 end
Average processing time of GrabImageRGBD(): 8.23627ms
Frame 679 end
Average processing time of GrabImageRGBD(): 8.23381ms
Frame 680 end
Average processing time of GrabImageRGBD(): 8.26718ms
Frame 681 end
Average processing time of GrabImageRGBD(): 8.26862ms
Frame 682 end
Average processing time of GrabImageRGBD(): 8.26781ms
Frame 683 end
Average processing time of GrabImageRGBD(): 8.26071ms
Frame 684 end
Average processing time of GrabImageRGBD(): 8.25969ms
Frame 685 end
Average processing time of GrabImageRGBD(): 8.25382ms
Frame 686 end
Average processing time of GrabImageRGBD(): 8.2524ms
Frame 687 end
Average processing time of GrabImageRGBD(): 8.2453ms
Frame 688 end
Average processing time of GrabImageRGBD(): 8.27607ms
Frame 689 end
Average processing time of GrabImageRGBD(): 8.27197ms
Frame 690 end
Average processing time of GrabImageRGBD(): 8.27121ms
Frame 691 end
Average processing time of GrabImageRGBD(): 8.27006ms
Frame 692 end
Average processing time of GrabImageRGBD(): 8.26342ms
Frame 693 end
Average processing time of GrabImageRGBD(): 8.26159ms
Frame 694 end
Average processing time of GrabImageRGBD(): 8.25926ms
Frame 695 end
Average processing time of GrabImageRGBD(): 8.25714ms
Frame 696 end
Average processing time of GrabImageRGBD(): 8.28929ms
Frame 697 end
Average processing time of GrabImageRGBD(): 8.28371ms
Frame 698 end
Average processing time of GrabImageRGBD(): 8.28316ms
Frame 699 end
Average processing time of GrabImageRGBD(): 8.27604ms
Frame 700 end
Average processing time of GrabImageRGBD(): 8.27611ms
Frame 701 end
Average processing time of GrabImageRGBD(): 8.27106ms
Frame 702 end
Average processing time of GrabImageRGBD(): 8.2684ms
Frame 703 end
Average processing time of GrabImageRGBD(): 8.26242ms
Frame 704 end
Average processing time of GrabImageRGBD(): 8.25847ms
Frame 705 end
Average processing time of GrabImageRGBD(): 8.28918ms
Frame 706 end
Average processing time of GrabImageRGBD(): 8.28347ms
Frame 707 end
Average processing time of GrabImageRGBD(): 8.27838ms
Frame 708 end
Average processing time of GrabImageRGBD(): 8.27741ms
Frame 709 end
Average processing time of GrabImageRGBD(): 8.27383ms
Frame 710 end
Average processing time of GrabImageRGBD(): 8.27237ms
Frame 711 end
Average processing time of GrabImageRGBD(): 8.26787ms
Frame 712 end
Average processing time of GrabImageRGBD(): 8.26335ms
Frame 713 end
Average processing time of GrabImageRGBD(): 8.29541ms
Frame 714 end
Average processing time of GrabImageRGBD(): 8.29466ms
Frame 715 end
Average processing time of GrabImageRGBD(): 8.28784ms
Frame 716 end
Average processing time of GrabImageRGBD(): 8.28108ms
Frame 717 end
Average processing time of GrabImageRGBD(): 8.27732ms
Frame 718 end
Average processing time of GrabImageRGBD(): 8.27581ms
Frame 719 end
Average processing time of GrabImageRGBD(): 8.26977ms
Frame 720 end
Average processing time of GrabImageRGBD(): 8.26224ms
Frame 721 end
Average processing time of GrabImageRGBD(): 8.29439ms
Frame 722 end
Average processing time of GrabImageRGBD(): 8.29588ms
Frame 723 end
Average processing time of GrabImageRGBD(): 8.29462ms
Frame 724 end
Average processing time of GrabImageRGBD(): 8.28809ms
Frame 725 end
Average processing time of GrabImageRGBD(): 8.28167ms
Frame 726 end
Average processing time of GrabImageRGBD(): 8.27579ms
Frame 727 end
Average processing time of GrabImageRGBD(): 8.27233ms
Frame 728 end
Average processing time of GrabImageRGBD(): 8.26511ms
Frame 729 end
Average processing time of GrabImageRGBD(): 8.31169ms
Frame 730 end
Average processing time of GrabImageRGBD(): 8.31102ms
Frame 731 end
Average processing time of GrabImageRGBD(): 8.30423ms
Frame 732 end
Average processing time of GrabImageRGBD(): 8.30292ms
Frame 733 end
Average processing time of GrabImageRGBD(): 8.30152ms
Frame 734 end
Average processing time of GrabImageRGBD(): 8.29536ms
Frame 735 end
Average processing time of GrabImageRGBD(): 8.28839ms
Frame 736 end
Average processing time of GrabImageRGBD(): 8.28653ms
Frame 737 end
Average processing time of GrabImageRGBD(): 8.3186ms
Frame 738 end
Average processing time of GrabImageRGBD(): 8.31283ms
Frame 739 end
Average processing time of GrabImageRGBD(): 8.31158ms
Frame 740 end
Average processing time of GrabImageRGBD(): 8.31773ms
Frame 741 end
Average processing time of GrabImageRGBD(): 8.31095ms
Frame 742 end
Average processing time of GrabImageRGBD(): 8.30459ms
Frame 743 end
Average processing time of GrabImageRGBD(): 8.3006ms
Frame 744 end
Average processing time of GrabImageRGBD(): 8.2961ms
Frame 745 end
Average processing time of GrabImageRGBD(): 8.32477ms
Frame 746 end
Average processing time of GrabImageRGBD(): 8.32216ms
Frame 747 end
Average processing time of GrabImageRGBD(): 8.31586ms
Frame 748 end
Average processing time of GrabImageRGBD(): 8.30974ms
Frame 749 end
Average processing time of GrabImageRGBD(): 8.30838ms
Frame 750 end
Average processing time of GrabImageRGBD(): 8.30181ms
Frame 751 end
Average processing time of GrabImageRGBD(): 8.29861ms
Frame 752 end
Average processing time of GrabImageRGBD(): 8.32734ms
Frame 753 end
Average processing time of GrabImageRGBD(): 8.32908ms
Frame 754 end
Average processing time of GrabImageRGBD(): 8.32861ms
Frame 755 end
Average processing time of GrabImageRGBD(): 8.32676ms
Frame 756 end
Average processing time of GrabImageRGBD(): 8.32194ms
Frame 757 end
Average processing time of GrabImageRGBD(): 8.31812ms
Frame 758 end
Average processing time of GrabImageRGBD(): 8.31901ms
Frame 759 end
Average processing time of GrabImageRGBD(): 8.31807ms
Frame 760 end
Average processing time of GrabImageRGBD(): 8.31387ms
Frame 761 end
Average processing time of GrabImageRGBD(): 8.34175ms
Frame 762 end
Average processing time of GrabImageRGBD(): 8.34369ms
Frame 763 end
Average processing time of GrabImageRGBD(): 8.33679ms
Frame 764 end
Average processing time of GrabImageRGBD(): 8.33026ms
Frame 765 end
Average processing time of GrabImageRGBD(): 8.33009ms
Frame 766 end
Average processing time of GrabImageRGBD(): 8.32666ms
Frame 767 end
Average processing time of GrabImageRGBD(): 8.31998ms
Frame 768 end
Average processing time of GrabImageRGBD(): 8.35185ms
Frame 769 end
Average processing time of GrabImageRGBD(): 8.35439ms
Frame 770 end
Average processing time of GrabImageRGBD(): 8.3531ms
Frame 771 end
Average processing time of GrabImageRGBD(): 8.35858ms
Frame 772 end
Average processing time of GrabImageRGBD(): 8.35261ms
Frame 773 end
Average processing time of GrabImageRGBD(): 8.35089ms
Frame 774 end
Average processing time of GrabImageRGBD(): 8.34921ms
Frame 775 end
Average processing time of GrabImageRGBD(): 8.38031ms
Frame 776 end
Average processing time of GrabImageRGBD(): 8.3815ms
Frame 777 end
Average processing time of GrabImageRGBD(): 8.3767ms
Frame 778 end
Average processing time of GrabImageRGBD(): 8.36987ms
Frame 779 end
Average processing time of GrabImageRGBD(): 8.36892ms
Frame 780 end
Average processing time of GrabImageRGBD(): 8.36769ms
Frame 781 end
Average processing time of GrabImageRGBD(): 8.36633ms
Frame 782 end
Average processing time of GrabImageRGBD(): 8.40909ms
Frame 783 end
Average processing time of GrabImageRGBD(): 8.40441ms
Frame 784 end
Average processing time of GrabImageRGBD(): 8.39769ms
Frame 785 end
Average processing time of GrabImageRGBD(): 8.39797ms
Frame 786 end
Average processing time of GrabImageRGBD(): 8.39841ms
Frame 787 end
Average processing time of GrabImageRGBD(): 8.39851ms
Frame 788 end
Average processing time of GrabImageRGBD(): 8.39253ms
Frame 789 end
Average processing time of GrabImageRGBD(): 8.42407ms
Frame 790 end
Average processing time of GrabImageRGBD(): 8.42572ms
Frame 791 end
Average processing time of GrabImageRGBD(): 8.42083ms
Frame 792 end
Average processing time of GrabImageRGBD(): 8.41775ms
Frame 793 end
Average processing time of GrabImageRGBD(): 8.41966ms
Frame 794 end
Average processing time of GrabImageRGBD(): 8.42042ms
Frame 795 end
Average processing time of GrabImageRGBD(): 8.41577ms
Frame 796 end
Average processing time of GrabImageRGBD(): 8.44722ms
Frame 797 end
Average processing time of GrabImageRGBD(): 8.45157ms
Frame 798 end
Average processing time of GrabImageRGBD(): 8.45645ms
Frame 799 end
Average processing time of GrabImageRGBD(): 8.45549ms
Frame 800 end
Average processing time of GrabImageRGBD(): 8.4564ms
Frame 801 end
Average processing time of GrabImageRGBD(): 8.45546ms
Frame 802 end
Average processing time of GrabImageRGBD(): 8.45472ms
Frame 803 end
Average processing time of GrabImageRGBD(): 8.45759ms
Frame 804 end
Average processing time of GrabImageRGBD(): 8.4907ms
Frame 805 end
Average processing time of GrabImageRGBD(): 8.49613ms
Frame 806 end
Average processing time of GrabImageRGBD(): 8.49965ms
Frame 807 end
Average processing time of GrabImageRGBD(): 8.50394ms
Frame 808 end
Average processing time of GrabImageRGBD(): 8.50827ms
Frame 809 end
Average processing time of GrabImageRGBD(): 8.51207ms
Frame 810 end
Average processing time of GrabImageRGBD(): 8.51548ms
Frame 811 end
Average processing time of GrabImageRGBD(): 8.51936ms
Frame 812 end
Average processing time of GrabImageRGBD(): 8.55282ms
Frame 813 end
Average processing time of GrabImageRGBD(): 8.55296ms
Frame 814 end
Average processing time of GrabImageRGBD(): 8.55241ms
Frame 815 end
Average processing time of GrabImageRGBD(): 8.55734ms
Frame 816 end
Average processing time of GrabImageRGBD(): 8.55573ms
Frame 817 end
Average processing time of GrabImageRGBD(): 8.55489ms
Frame 818 end
Average processing time of GrabImageRGBD(): 8.55809ms
Frame 819 end
Average processing time of GrabImageRGBD(): 8.55932ms
Frame 820 end
Average processing time of GrabImageRGBD(): 8.60693ms
Frame 821 end
Average processing time of GrabImageRGBD(): 8.60933ms
Frame 822 end
Average processing time of GrabImageRGBD(): 8.61287ms
Frame 823 end
Average processing time of GrabImageRGBD(): 8.61516ms
Frame 824 end
Average processing time of GrabImageRGBD(): 8.61839ms
Frame 825 end
Average processing time of GrabImageRGBD(): 8.62254ms
Frame 826 end
Average processing time of GrabImageRGBD(): 8.62524ms
Frame 827 end
Average processing time of GrabImageRGBD(): 8.62645ms
Frame 828 end
Average processing time of GrabImageRGBD(): 8.6301ms
Frame 829 end
Average processing time of GrabImageRGBD(): 8.66295ms
Frame 830 end
Average processing time of GrabImageRGBD(): 8.66635ms
Frame 831 end
Average processing time of GrabImageRGBD(): 8.66801ms
Frame 832 end
Average processing time of GrabImageRGBD(): 8.67185ms
Frame 833 end
Average processing time of GrabImageRGBD(): 8.6754ms
Frame 834 end
Average processing time of GrabImageRGBD(): 8.6789ms
Frame 835 end
Average processing time of GrabImageRGBD(): 8.6742ms
Frame 836 end
Average processing time of GrabImageRGBD(): 8.67404ms
Frame 837 end
Average processing time of GrabImageRGBD(): 8.67537ms
Frame 838 end
Average processing time of GrabImageRGBD(): 8.70893ms
Frame 839 end
Average processing time of GrabImageRGBD(): 8.71141ms
Frame 840 end
Average processing time of GrabImageRGBD(): 8.7108ms
Frame 841 end
Average processing time of GrabImageRGBD(): 8.71358ms
Frame 842 end
Average processing time of GrabImageRGBD(): 8.71543ms
Frame 843 end
Average processing time of GrabImageRGBD(): 8.71832ms
Frame 844 end
Average processing time of GrabImageRGBD(): 8.71918ms
Frame 845 end
Average processing time of GrabImageRGBD(): 8.72113ms
Frame 846 end
Average processing time of GrabImageRGBD(): 8.72068ms
Frame 847 end
Average processing time of GrabImageRGBD(): 8.72359ms
Frame 848 end
Average processing time of GrabImageRGBD(): 8.7597ms
Frame 849 end
Average processing time of GrabImageRGBD(): 8.76283ms
Frame 850 end
Average processing time of GrabImageRGBD(): 8.7641ms
Frame 851 end
Average processing time of GrabImageRGBD(): 8.76674ms
Frame 852 end
Average processing time of GrabImageRGBD(): 8.76916ms
Frame 853 end
Average processing time of GrabImageRGBD(): 8.77214ms
Frame 854 end
Average processing time of GrabImageRGBD(): 8.77455ms
Frame 855 end
Average processing time of GrabImageRGBD(): 8.7758ms
Frame 856 end
Average processing time of GrabImageRGBD(): 8.77436ms
Frame 857 end
Average processing time of GrabImageRGBD(): 8.77712ms
Frame 858 end
Average processing time of GrabImageRGBD(): 8.81126ms
Frame 859 end
Average processing time of GrabImageRGBD(): 8.81491ms
Frame 860 end
Average processing time of GrabImageRGBD(): 8.81521ms
Frame 861 end
Average processing time of GrabImageRGBD(): 8.8189ms
Frame 862 end
Average processing time of GrabImageRGBD(): 8.81598ms
Frame 863 end
Average processing time of GrabImageRGBD(): 8.81254ms
Frame 864 end
Average processing time of GrabImageRGBD(): 8.81409ms
Frame 865 end
Average processing time of GrabImageRGBD(): 8.81548ms
Frame 866 end
Average processing time of GrabImageRGBD(): 8.81265ms
Frame 867 end
Average processing time of GrabImageRGBD(): 8.81248ms
Frame 868 end
Average processing time of GrabImageRGBD(): 8.81378ms
Frame 869 end
Average processing time of GrabImageRGBD(): 8.8169ms
Frame 870 end
Average processing time of GrabImageRGBD(): 8.81968ms
Frame 871 end
Average processing time of GrabImageRGBD(): 8.82164ms
Frame 872 end
Average processing time of GrabImageRGBD(): 8.82161ms
Frame 873 end
Average processing time of GrabImageRGBD(): 8.81983ms
Frame 874 end
Average processing time of GrabImageRGBD(): 8.85167ms
Frame 875 end
Average processing time of GrabImageRGBD(): 8.85234ms
Frame 876 end
Average processing time of GrabImageRGBD(): 8.8517ms
Frame 877 end
Average processing time of GrabImageRGBD(): 8.85434ms
Frame 878 end
Average processing time of GrabImageRGBD(): 8.85718ms
Frame 879 end
Average processing time of GrabImageRGBD(): 8.8606ms
Frame 880 end
Average processing time of GrabImageRGBD(): 8.86398ms
Frame 881 end
Average processing time of GrabImageRGBD(): 8.86632ms
Frame 882 end
Average processing time of GrabImageRGBD(): 8.86997ms
Frame 883 end
Average processing time of GrabImageRGBD(): 8.90538ms
Frame 884 end
Average processing time of GrabImageRGBD(): 8.91072ms
Frame 885 end
Average processing time of GrabImageRGBD(): 8.91319ms
Frame 886 end
Average processing time of GrabImageRGBD(): 8.91544ms
Frame 887 end
Average processing time of GrabImageRGBD(): 8.91611ms
Frame 888 end
Average processing time of GrabImageRGBD(): 8.9195ms
Frame 889 end
Average processing time of GrabImageRGBD(): 8.91885ms
Frame 890 end
Average processing time of GrabImageRGBD(): 8.9208ms
Frame 891 end
Average processing time of GrabImageRGBD(): 8.92217ms
Frame 892 end
Average processing time of GrabImageRGBD(): 8.95283ms
Frame 893 end
Average processing time of GrabImageRGBD(): 8.95572ms
Frame 894 end
Average processing time of GrabImageRGBD(): 8.95882ms
Frame 895 end
Average processing time of GrabImageRGBD(): 8.96209ms
Frame 896 end
Average processing time of GrabImageRGBD(): 8.96504ms
Frame 897 end
Average processing time of GrabImageRGBD(): 8.96744ms
Frame 898 end
Average processing time of GrabImageRGBD(): 8.97356ms
Frame 899 end
Average processing time of GrabImageRGBD(): 8.97604ms
Frame 900 end
Average processing time of GrabImageRGBD(): 8.97785ms
Frame 901 end
Average processing time of GrabImageRGBD(): 9.01448ms
Frame 902 end
Average processing time of GrabImageRGBD(): 9.02047ms
Frame 903 end
Average processing time of GrabImageRGBD(): 9.02382ms
Frame 904 end
Average processing time of GrabImageRGBD(): 9.02796ms
Frame 905 end
Average processing time of GrabImageRGBD(): 9.03217ms
Frame 906 end
Average processing time of GrabImageRGBD(): 9.03821ms
Frame 907 end
Average processing time of GrabImageRGBD(): 9.04365ms
Frame 908 end
Average processing time of GrabImageRGBD(): 9.04719ms
Frame 909 end
Average processing time of GrabImageRGBD(): 9.05062ms
Frame 910 end
Average processing time of GrabImageRGBD(): 9.05374ms
Frame 911 end
Average processing time of GrabImageRGBD(): 9.09752ms
Frame 912 end
Average processing time of GrabImageRGBD(): 9.10298ms
Frame 913 end
Average processing time of GrabImageRGBD(): 9.107ms
Frame 914 end
Average processing time of GrabImageRGBD(): 9.10992ms
Frame 915 end
Average processing time of GrabImageRGBD(): 9.11346ms
Frame 916 end
Average processing time of GrabImageRGBD(): 9.11871ms
Frame 917 end
Average processing time of GrabImageRGBD(): 9.12101ms
Frame 918 end
Average processing time of GrabImageRGBD(): 9.15347ms
Frame 919 end
Average processing time of GrabImageRGBD(): 9.15784ms
Frame 920 end
Average processing time of GrabImageRGBD(): 9.16195ms
Frame 921 end
Average processing time of GrabImageRGBD(): 9.16699ms
Frame 922 end
Average processing time of GrabImageRGBD(): 9.16992ms
Frame 923 end
Average processing time of GrabImageRGBD(): 9.17429ms
Frame 924 end
Average processing time of GrabImageRGBD(): 9.17794ms
Frame 925 end
Average processing time of GrabImageRGBD(): 9.18145ms
Frame 926 end
Average processing time of GrabImageRGBD(): 9.18333ms
Frame 927 end
Average processing time of GrabImageRGBD(): 9.18557ms
Frame 928 end
Average processing time of GrabImageRGBD(): 9.19029ms
Frame 929 end
Average processing time of GrabImageRGBD(): 9.19789ms
Frame 930 end
Average processing time of GrabImageRGBD(): 9.20168ms
Frame 931 end
Average processing time of GrabImageRGBD(): 9.20462ms
Frame 932 end
Average processing time of GrabImageRGBD(): 9.21018ms
Frame 933 end
Average processing time of GrabImageRGBD(): 9.2165ms
Frame 934 end
Average processing time of GrabImageRGBD(): 9.22256ms
Frame 935 end
Average processing time of GrabImageRGBD(): 9.22358ms
Frame 936 end
Average processing time of GrabImageRGBD(): 9.22475ms
Frame 937 end
Average processing time of GrabImageRGBD(): 9.22933ms
Frame 938 end
Average processing time of GrabImageRGBD(): 9.23259ms
Frame 939 end
Average processing time of GrabImageRGBD(): 9.23577ms
Frame 940 end
Average processing time of GrabImageRGBD(): 9.23759ms
Frame 941 end
Average processing time of GrabImageRGBD(): 9.24074ms
Frame 942 end
Average processing time of GrabImageRGBD(): 9.24787ms
Frame 943 end
Average processing time of GrabImageRGBD(): 9.25155ms
Frame 944 end
Average processing time of GrabImageRGBD(): 9.25497ms
Frame 945 end
Average processing time of GrabImageRGBD(): 9.25774ms
Frame 946 end
Average processing time of GrabImageRGBD(): 9.2882ms
Frame 947 end
Average processing time of GrabImageRGBD(): 9.2933ms
Frame 948 end
Average processing time of GrabImageRGBD(): 9.29944ms
Frame 949 end
Average processing time of GrabImageRGBD(): 9.3034ms
Frame 950 end
Average processing time of GrabImageRGBD(): 9.30813ms
Frame 951 end
Average processing time of GrabImageRGBD(): 9.31149ms
Frame 952 end
Average processing time of GrabImageRGBD(): 9.31284ms
Frame 953 end
Average processing time of GrabImageRGBD(): 9.31422ms
Frame 954 end
Average processing time of GrabImageRGBD(): 9.31636ms
Frame 955 end
Average processing time of GrabImageRGBD(): 9.34522ms
Frame 956 end
Average processing time of GrabImageRGBD(): 9.34811ms
Frame 957 end
Average processing time of GrabImageRGBD(): 9.34704ms
Frame 958 end
Average processing time of GrabImageRGBD(): 9.34647ms
Frame 959 end
Average processing time of GrabImageRGBD(): 9.34691ms
Frame 960 end
Average processing time of GrabImageRGBD(): 9.35137ms
Frame 961 end
Average processing time of GrabImageRGBD(): 9.35223ms
Frame 962 end
Average processing time of GrabImageRGBD(): 9.3497ms
Frame 963 end
Average processing time of GrabImageRGBD(): 9.34916ms
Frame 964 end
Average processing time of GrabImageRGBD(): 9.37795ms
Frame 965 end
Average processing time of GrabImageRGBD(): 9.38074ms
Frame 966 end
Average processing time of GrabImageRGBD(): 9.37885ms
Frame 967 end
Average processing time of GrabImageRGBD(): 9.38062ms
Frame 968 end
Average processing time of GrabImageRGBD(): 9.38155ms
Frame 969 end
Average processing time of GrabImageRGBD(): 9.37847ms
Frame 970 end
Average processing time of GrabImageRGBD(): 9.37955ms
Frame 971 end
Average processing time of GrabImageRGBD(): 9.37738ms
Frame 972 end
Average processing time of GrabImageRGBD(): 9.37717ms
Frame 973 end
Average processing time of GrabImageRGBD(): 9.38008ms
Frame 974 end
Average processing time of GrabImageRGBD(): 9.37831ms
Frame 975 end
Average processing time of GrabImageRGBD(): 9.40688ms
Frame 976 end
Average processing time of GrabImageRGBD(): 9.41033ms
Frame 977 end
Average processing time of GrabImageRGBD(): 9.41033ms
Frame 978 end
Average processing time of GrabImageRGBD(): 9.41152ms
Frame 979 end
Average processing time of GrabImageRGBD(): 9.41201ms
Frame 980 end
Average processing time of GrabImageRGBD(): 9.41353ms
Frame 981 end
Average processing time of GrabImageRGBD(): 9.41425ms
Frame 982 end
Average processing time of GrabImageRGBD(): 9.41486ms
Frame 983 end
Average processing time of GrabImageRGBD(): 9.41349ms
Frame 984 end
Average processing time of GrabImageRGBD(): 9.44773ms
Frame 985 end
Average processing time of GrabImageRGBD(): 9.48317ms
Frame 986 end
Average processing time of GrabImageRGBD(): 9.48295ms
Frame 987 end
Average processing time of GrabImageRGBD(): 9.48628ms
Frame 988 end
Average processing time of GrabImageRGBD(): 9.48944ms
Frame 989 end
Average processing time of GrabImageRGBD(): 9.49193ms
Frame 990 end
Average processing time of GrabImageRGBD(): 9.49478ms
Frame 991 end
Average processing time of GrabImageRGBD(): 9.49757ms
Frame 992 end
Average processing time of GrabImageRGBD(): 9.54629ms
Frame 993 end
Average processing time of GrabImageRGBD(): 9.54777ms
Frame 994 end
Average processing time of GrabImageRGBD(): 9.54821ms
Frame 995 end
Average processing time of GrabImageRGBD(): 9.54943ms
Frame 996 end
Average processing time of GrabImageRGBD(): 9.55112ms
Frame 997 end
Average processing time of GrabImageRGBD(): 9.58331ms
Frame 998 end
Average processing time of GrabImageRGBD(): 9.61471ms
Frame 999 end
Average processing time of GrabImageRGBD(): 9.61874ms
Frame 1000 end
Average processing time of GrabImageRGBD(): 9.62191ms
Frame 1001 end
Average processing time of GrabImageRGBD(): 9.62098ms
Frame 1002 end
Average processing time of GrabImageRGBD(): 9.62237ms
Frame 1003 end
Average processing time of GrabImageRGBD(): 9.62361ms
Frame 1004 end
Average processing time of GrabImageRGBD(): 9.65099ms
Frame 1005 end
Average processing time of GrabImageRGBD(): 9.68019ms
Frame 1006 end
Average processing time of GrabImageRGBD(): 9.68312ms
Frame 1007 end
Average processing time of GrabImageRGBD(): 9.68707ms
Frame 1008 end
Average processing time of GrabImageRGBD(): 9.6893ms
Frame 1009 end
Average processing time of GrabImageRGBD(): 9.69021ms
Frame 1010 end
Average processing time of GrabImageRGBD(): 9.69293ms
Frame 1011 end
Average processing time of GrabImageRGBD(): 9.72146ms
Frame 1012 end
Average processing time of GrabImageRGBD(): 9.72728ms
Frame 1013 end
Average processing time of GrabImageRGBD(): 9.72954ms
Frame 1014 end
Average processing time of GrabImageRGBD(): 9.73205ms
Frame 1015 end
Average processing time of GrabImageRGBD(): 9.7344ms
Frame 1016 end
Average processing time of GrabImageRGBD(): 9.73543ms
Frame 1017 end
Average processing time of GrabImageRGBD(): 9.76533ms
Frame 1018 end
Average processing time of GrabImageRGBD(): 9.796ms
Frame 1019 end
Average processing time of GrabImageRGBD(): 9.80172ms
Frame 1020 end
Average processing time of GrabImageRGBD(): 9.80659ms
Frame 1021 end
Average processing time of GrabImageRGBD(): 9.83667ms
Frame 1022 end
Average processing time of GrabImageRGBD(): 9.84445ms
Frame 1023 end
Average processing time of GrabImageRGBD(): 9.85134ms
Frame 1024 end
Average processing time of GrabImageRGBD(): 9.8575ms
Frame 1025 end
Average processing time of GrabImageRGBD(): 9.86282ms
Frame 1026 end
Average processing time of GrabImageRGBD(): 9.86711ms
Frame 1027 end
Average processing time of GrabImageRGBD(): 9.87125ms
Frame 1028 end
Average processing time of GrabImageRGBD(): 9.87902ms
Frame 1029 end
Average processing time of GrabImageRGBD(): 9.88519ms
Frame 1030 end
Average processing time of GrabImageRGBD(): 9.91106ms
Frame 1031 end
Average processing time of GrabImageRGBD(): 9.91878ms
Frame 1032 end
Average processing time of GrabImageRGBD(): 9.92872ms
Frame 1033 end
Average processing time of GrabImageRGBD(): 9.93286ms
Frame 1034 end
Average processing time of GrabImageRGBD(): 9.96464ms
Frame 1035 end
Average processing time of GrabImageRGBD(): 9.99108ms
Frame 1036 end
Average processing time of GrabImageRGBD(): 9.9993ms
Frame 1037 end
Average processing time of GrabImageRGBD(): 10.0062ms
Frame 1038 end
Average processing time of GrabImageRGBD(): 10.016ms
Frame 1039 end
Average processing time of GrabImageRGBD(): 10.0432ms
Frame 1040 end
Average processing time of GrabImageRGBD(): 10.049ms
Frame 1041 end
Average processing time of GrabImageRGBD(): 10.0525ms
Frame 1042 end
Average processing time of GrabImageRGBD(): 10.0538ms
Frame 1043 end
Average processing time of GrabImageRGBD(): 10.0549ms
Frame 1044 end
Average processing time of GrabImageRGBD(): 10.0577ms
Frame 1045 end
Average processing time of GrabImageRGBD(): 10.059ms
Frame 1046 end
Average processing time of GrabImageRGBD(): 10.0612ms
Frame 1047 end
Average processing time of GrabImageRGBD(): 10.0631ms
Frame 1048 end
Average processing time of GrabImageRGBD(): 10.0593ms
Frame 1049 end
Average processing time of GrabImageRGBD(): 10.0839ms
Frame 1050 end
Average processing time of GrabImageRGBD(): 10.0854ms
Frame 1051 end
Average processing time of GrabImageRGBD(): 10.0835ms
Frame 1052 end
Average processing time of GrabImageRGBD(): 10.0813ms
Frame 1053 end
Average processing time of GrabImageRGBD(): 10.0795ms
Frame 1054 end
Average processing time of GrabImageRGBD(): 10.0791ms
Frame 1055 end
Average processing time of GrabImageRGBD(): 10.0773ms
Frame 1056 end
Average processing time of GrabImageRGBD(): 10.0784ms
Frame 1057 end
Average processing time of GrabImageRGBD(): 10.0738ms
Frame 1058 end
Average processing time of GrabImageRGBD(): 10.0737ms
Frame 1059 end
Average processing time of GrabImageRGBD(): 10.0708ms
Frame 1060 end
Average processing time of GrabImageRGBD(): 10.0948ms
Frame 1061 end
Average processing time of GrabImageRGBD(): 10.0942ms
Frame 1062 end
Average processing time of GrabImageRGBD(): 10.0924ms
Frame 1063 end
Average processing time of GrabImageRGBD(): 10.0926ms
Frame 1064 end
Average processing time of GrabImageRGBD(): 10.0913ms
Frame 1065 end
Average processing time of GrabImageRGBD(): 10.0884ms
Frame 1066 end
Average processing time of GrabImageRGBD(): 10.0897ms
Frame 1067 end
Average processing time of GrabImageRGBD(): 10.0874ms
Frame 1068 end
Average processing time of GrabImageRGBD(): 10.085ms
Frame 1069 end
Average processing time of GrabImageRGBD(): 10.0849ms
Frame 1070 end
Average processing time of GrabImageRGBD(): 10.0826ms
Frame 1071 end
Average processing time of GrabImageRGBD(): 10.0812ms
Frame 1072 end
Average processing time of GrabImageRGBD(): 10.0759ms
Frame 1073 end
Average processing time of GrabImageRGBD(): 10.0985ms
Frame 1074 end
Average processing time of GrabImageRGBD(): 10.0991ms
Frame 1075 end
Average processing time of GrabImageRGBD(): 10.0984ms
Frame 1076 end
Average processing time of GrabImageRGBD(): 10.1228ms
Frame 1077 end
Average processing time of GrabImageRGBD(): 10.1228ms
Frame 1078 end
Average processing time of GrabImageRGBD(): 10.1226ms
Frame 1079 end
Average processing time of GrabImageRGBD(): 10.1209ms
Frame 1080 end
Average processing time of GrabImageRGBD(): 10.1212ms
Frame 1081 end
Average processing time of GrabImageRGBD(): 10.1217ms
Frame 1082 end
Average processing time of GrabImageRGBD(): 10.1202ms
Frame 1083 end
Average processing time of GrabImageRGBD(): 10.1188ms
Frame 1084 end
Average processing time of GrabImageRGBD(): 10.1179ms
Frame 1085 end
Average processing time of GrabImageRGBD(): 10.1167ms
Frame 1086 end
Average processing time of GrabImageRGBD(): 10.1162ms
Frame 1087 end
Average processing time of GrabImageRGBD(): 10.1412ms
Frame 1088 end
Average processing time of GrabImageRGBD(): 10.1418ms
Frame 1089 end
Average processing time of GrabImageRGBD(): 10.1422ms
Frame 1090 end
Average processing time of GrabImageRGBD(): 10.1424ms
Frame 1091 end
Average processing time of GrabImageRGBD(): 10.143ms
Frame 1092 end
Average processing time of GrabImageRGBD(): 10.1421ms
Frame 1093 end
Average processing time of GrabImageRGBD(): 10.1703ms
Frame 1094 end
Average processing time of GrabImageRGBD(): 10.1697ms
Frame 1095 end
Average processing time of GrabImageRGBD(): 10.17ms
Frame 1096 end
Average processing time of GrabImageRGBD(): 10.1674ms
Frame 1097 end
Average processing time of GrabImageRGBD(): 10.1676ms
Frame 1098 end
Average processing time of GrabImageRGBD(): 10.1669ms
Frame 1099 end
Average processing time of GrabImageRGBD(): 10.1639ms
Frame 1100 end
Average processing time of GrabImageRGBD(): 10.1643ms
Frame 1101 end
Average processing time of GrabImageRGBD(): 10.1643ms
Frame 1102 end
Average processing time of GrabImageRGBD(): 10.1646ms
Frame 1103 end
Average processing time of GrabImageRGBD(): 10.1616ms
Frame 1104 end
Average processing time of GrabImageRGBD(): 10.1611ms
Frame 1105 end
Average processing time of GrabImageRGBD(): 10.1854ms
Frame 1106 end
Average processing time of GrabImageRGBD(): 10.1881ms
Frame 1107 end
Average processing time of GrabImageRGBD(): 10.1847ms
Frame 1108 end
Average processing time of GrabImageRGBD(): 10.1822ms
Frame 1109 end
Average processing time of GrabImageRGBD(): 10.1853ms
Frame 1110 end
Average processing time of GrabImageRGBD(): 10.1814ms
Frame 1111 end
Average processing time of GrabImageRGBD(): 10.2091ms
Frame 1112 end
Average processing time of GrabImageRGBD(): 10.2376ms
Frame 1113 end
Average processing time of GrabImageRGBD(): 10.2388ms
Frame 1114 end
Average processing time of GrabImageRGBD(): 10.2367ms
Frame 1115 end
Average processing time of GrabImageRGBD(): 10.2372ms
Frame 1116 end
Average processing time of GrabImageRGBD(): 10.2383ms
Frame 1117 end
Average processing time of GrabImageRGBD(): 10.2335ms
Frame 1118 end
Average processing time of GrabImageRGBD(): 10.2354ms
Frame 1119 end
Average processing time of GrabImageRGBD(): 10.2347ms
Frame 1120 end
Average processing time of GrabImageRGBD(): 10.2373ms
Frame 1121 end
Average processing time of GrabImageRGBD(): 10.2621ms
Frame 1122 end
Average processing time of GrabImageRGBD(): 10.2637ms
Frame 1123 end
Average processing time of GrabImageRGBD(): 10.2613ms
Frame 1124 end
Average processing time of GrabImageRGBD(): 10.2608ms
Frame 1125 end
Average processing time of GrabImageRGBD(): 10.261ms
Frame 1126 end
Average processing time of GrabImageRGBD(): 10.2551ms
Frame 1127 end
Average processing time of GrabImageRGBD(): 10.2544ms
Frame 1128 end
Average processing time of GrabImageRGBD(): 10.2498ms
Frame 1129 end
Average processing time of GrabImageRGBD(): 10.25ms
Frame 1130 end
Average processing time of GrabImageRGBD(): 10.2485ms
Frame 1131 end
Average processing time of GrabImageRGBD(): 10.2457ms
Frame 1132 end
Average processing time of GrabImageRGBD(): 10.2465ms
Frame 1133 end
Average processing time of GrabImageRGBD(): 10.2464ms
Frame 1134 end
Average processing time of GrabImageRGBD(): 10.2696ms
Frame 1135 end
Average processing time of GrabImageRGBD(): 10.2712ms
Frame 1136 end
Average processing time of GrabImageRGBD(): 10.2709ms
Frame 1137 end
Average processing time of GrabImageRGBD(): 10.2687ms
Frame 1138 end
Average processing time of GrabImageRGBD(): 10.2703ms
Frame 1139 end
Average processing time of GrabImageRGBD(): 10.2704ms
Frame 1140 end
Average processing time of GrabImageRGBD(): 10.2706ms
Frame 1141 end
Average processing time of GrabImageRGBD(): 10.2709ms
Frame 1142 end
Average processing time of GrabImageRGBD(): 10.2726ms
Frame 1143 end
Average processing time of GrabImageRGBD(): 10.2746ms
Frame 1144 end
Average processing time of GrabImageRGBD(): 10.2752ms
Frame 1145 end
Average processing time of GrabImageRGBD(): 10.2972ms
Frame 1146 end
Average processing time of GrabImageRGBD(): 10.2991ms
Frame 1147 end
Average processing time of GrabImageRGBD(): 10.3019ms
Frame 1148 end
Average processing time of GrabImageRGBD(): 10.3028ms
Frame 1149 end
Average processing time of GrabImageRGBD(): 10.3038ms
Frame 1150 end
Average processing time of GrabImageRGBD(): 10.3064ms
Frame 1151 end
Average processing time of GrabImageRGBD(): 10.3032ms
Frame 1152 end
Average processing time of GrabImageRGBD(): 10.3013ms
Frame 1153 end
Average processing time of GrabImageRGBD(): 10.299ms
Frame 1154 end
Average processing time of GrabImageRGBD(): 10.296ms
Frame 1155 end
Average processing time of GrabImageRGBD(): 10.2924ms
Frame 1156 end
Average processing time of GrabImageRGBD(): 10.3158ms
Frame 1157 end
Average processing time of GrabImageRGBD(): 10.3175ms
Frame 1158 end
Average processing time of GrabImageRGBD(): 10.3191ms
Frame 1159 end
Average processing time of GrabImageRGBD(): 10.3195ms
Frame 1160 end
Average processing time of GrabImageRGBD(): 10.3187ms
Frame 1161 end
Average processing time of GrabImageRGBD(): 10.3223ms
Frame 1162 end
Average processing time of GrabImageRGBD(): 10.3188ms
Frame 1163 end
Average processing time of GrabImageRGBD(): 10.3459ms
Frame 1164 end
Average processing time of GrabImageRGBD(): 10.3478ms
Frame 1165 end
Average processing time of GrabImageRGBD(): 10.3448ms
Frame 1166 end
Average processing time of GrabImageRGBD(): 10.3403ms
Frame 1167 end
Average processing time of GrabImageRGBD(): 10.3382ms
Frame 1168 end
Average processing time of GrabImageRGBD(): 10.3373ms
Frame 1169 end
Average processing time of GrabImageRGBD(): 10.3378ms
Frame 1170 end
Average processing time of GrabImageRGBD(): 10.3363ms
Frame 1171 end
Average processing time of GrabImageRGBD(): 10.3369ms
Frame 1172 end
Average processing time of GrabImageRGBD(): 10.3378ms
Frame 1173 end
Average processing time of GrabImageRGBD(): 10.3382ms
Frame 1174 end
Average processing time of GrabImageRGBD(): 10.3383ms
Frame 1175 end
Average processing time of GrabImageRGBD(): 10.3354ms
Frame 1176 end
Average processing time of GrabImageRGBD(): 10.3353ms
Frame 1177 end
Average processing time of GrabImageRGBD(): 10.3321ms
Frame 1178 end
Average processing time of GrabImageRGBD(): 10.3301ms
Frame 1179 end
Average processing time of GrabImageRGBD(): 10.3553ms
Frame 1180 end
Average processing time of GrabImageRGBD(): 10.3546ms
Frame 1181 end
Average processing time of GrabImageRGBD(): 10.3552ms
Frame 1182 end
Average processing time of GrabImageRGBD(): 10.3553ms
Frame 1183 end
Average processing time of GrabImageRGBD(): 10.3566ms
Frame 1184 end
Average processing time of GrabImageRGBD(): 10.3572ms
Frame 1185 end
Average processing time of GrabImageRGBD(): 10.3568ms
Frame 1186 end
Average processing time of GrabImageRGBD(): 10.3564ms
Frame 1187 end
Average processing time of GrabImageRGBD(): 10.3547ms
Frame 1188 end
Average processing time of GrabImageRGBD(): 10.3541ms
Frame 1189 end
Average processing time of GrabImageRGBD(): 10.3522ms
Frame 1190 end
Average processing time of GrabImageRGBD(): 10.3502ms
Frame 1191 end
Average processing time of GrabImageRGBD(): 10.3488ms
Frame 1192 end
Average processing time of GrabImageRGBD(): 10.3494ms
Frame 1193 end
Average processing time of GrabImageRGBD(): 10.346ms
Frame 1194 end
Average processing time of GrabImageRGBD(): 10.3698ms
Frame 1195 end
Average processing time of GrabImageRGBD(): 10.3712ms
Frame 1196 end
Average processing time of GrabImageRGBD(): 10.3728ms
Frame 1197 end
Average processing time of GrabImageRGBD(): 10.371ms
Frame 1198 end
Average processing time of GrabImageRGBD(): 10.371ms
Frame 1199 end
Average processing time of GrabImageRGBD(): 10.3713ms
Frame 1200 end
Average processing time of GrabImageRGBD(): 10.3725ms
Frame 1201 end
Average processing time of GrabImageRGBD(): 10.3712ms
Frame 1202 end
Average processing time of GrabImageRGBD(): 10.3718ms
Frame 1203 end
Average processing time of GrabImageRGBD(): 10.371ms
Frame 1204 end
Average processing time of GrabImageRGBD(): 10.37ms
Frame 1205 end
Average processing time of GrabImageRGBD(): 10.3663ms
Frame 1206 end
Average processing time of GrabImageRGBD(): 10.365ms
Frame 1207 end
Average processing time of GrabImageRGBD(): 10.3621ms
Frame 1208 end
Average processing time of GrabImageRGBD(): 10.3606ms
Frame 1209 end
Average processing time of GrabImageRGBD(): 10.3826ms
Frame 1210 end
Average processing time of GrabImageRGBD(): 10.3838ms
Frame 1211 end
Average processing time of GrabImageRGBD(): 10.3829ms
Frame 1212 end
Average processing time of GrabImageRGBD(): 10.3838ms
Frame 1213 end
Average processing time of GrabImageRGBD(): 10.383ms
Frame 1214 end
Average processing time of GrabImageRGBD(): 10.3843ms
Frame 1215 end
Average processing time of GrabImageRGBD(): 10.3824ms
Frame 1216 end
Average processing time of GrabImageRGBD(): 10.381ms
Frame 1217 end
Average processing time of GrabImageRGBD(): 10.3806ms
Frame 1218 end
Average processing time of GrabImageRGBD(): 10.3766ms
Frame 1219 end
Average processing time of GrabImageRGBD(): 10.3752ms
Frame 1220 end
Average processing time of GrabImageRGBD(): 10.3754ms
Frame 1221 end
Average processing time of GrabImageRGBD(): 10.376ms
Frame 1222 end
Average processing time of GrabImageRGBD(): 10.3748ms
Frame 1223 end
Average processing time of GrabImageRGBD(): 10.372ms
Frame 1224 end
Average processing time of GrabImageRGBD(): 10.3721ms
Frame 1225 end
Average processing time of GrabImageRGBD(): 10.3929ms
Frame 1226 end
Average processing time of GrabImageRGBD(): 10.3943ms
Frame 1227 end
Average processing time of GrabImageRGBD(): 10.394ms
Frame 1228 end
Average processing time of GrabImageRGBD(): 10.3935ms
Frame 1229 end
Average processing time of GrabImageRGBD(): 10.3947ms
Frame 1230 end
Average processing time of GrabImageRGBD(): 10.395ms
Frame 1231 end
Average processing time of GrabImageRGBD(): 10.3931ms
Frame 1232 end
Average processing time of GrabImageRGBD(): 10.3935ms
Frame 1233 end
Average processing time of GrabImageRGBD(): 10.3934ms
Frame 1234 end
Average processing time of GrabImageRGBD(): 10.3933ms
Frame 1235 end
Average processing time of GrabImageRGBD(): 10.3939ms
Frame 1236 end
Average processing time of GrabImageRGBD(): 10.394ms
Frame 1237 end
Average processing time of GrabImageRGBD(): 10.3935ms
Frame 1238 end
Average processing time of GrabImageRGBD(): 10.3915ms
Frame 1239 end
Average processing time of GrabImageRGBD(): 10.3912ms
Frame 1240 end
Average processing time of GrabImageRGBD(): 10.39ms
Frame 1241 end
Average processing time of GrabImageRGBD(): 10.4123ms
Frame 1242 end
Average processing time of GrabImageRGBD(): 10.411ms
Frame 1243 end
Average processing time of GrabImageRGBD(): 10.4117ms
Frame 1244 end
Average processing time of GrabImageRGBD(): 10.4112ms
Frame 1245 end
Average processing time of GrabImageRGBD(): 10.41ms
Frame 1246 end
Average processing time of GrabImageRGBD(): 10.411ms
Frame 1247 end
Average processing time of GrabImageRGBD(): 10.4115ms
Frame 1248 end
Average processing time of GrabImageRGBD(): 10.4092ms
Frame 1249 end
Average processing time of GrabImageRGBD(): 10.4054ms
Frame 1250 end
Average processing time of GrabImageRGBD(): 10.4057ms
Frame 1251 end
Average processing time of GrabImageRGBD(): 10.4064ms
Frame 1252 end
Average processing time of GrabImageRGBD(): 10.404ms
Frame 1253 end
Average processing time of GrabImageRGBD(): 10.4024ms
Frame 1254 end
Average processing time of GrabImageRGBD(): 10.4023ms
Frame 1255 end
Average processing time of GrabImageRGBD(): 10.4258ms
Frame 1256 end
Average processing time of GrabImageRGBD(): 10.4273ms
Frame 1257 end
Average processing time of GrabImageRGBD(): 10.4282ms
Frame 1258 end
Average processing time of GrabImageRGBD(): 10.428ms
Frame 1259 end
Average processing time of GrabImageRGBD(): 10.425ms
Frame 1260 end
Average processing time of GrabImageRGBD(): 10.4248ms
Frame 1261 end
Average processing time of GrabImageRGBD(): 10.4215ms
Frame 1262 end
Average processing time of GrabImageRGBD(): 10.4215ms
Frame 1263 end
Average processing time of GrabImageRGBD(): 10.4218ms
Frame 1264 end
Average processing time of GrabImageRGBD(): 10.4224ms
Frame 1265 end
Average processing time of GrabImageRGBD(): 10.4223ms
Frame 1266 end
Average processing time of GrabImageRGBD(): 10.4202ms
Frame 1267 end
Average processing time of GrabImageRGBD(): 10.4194ms
Frame 1268 end
Average processing time of GrabImageRGBD(): 10.419ms
Frame 1269 end
Average processing time of GrabImageRGBD(): 10.4422ms
Frame 1270 end
Average processing time of GrabImageRGBD(): 10.442ms
Frame 1271 end
Average processing time of GrabImageRGBD(): 10.4424ms
Frame 1272 end
Average processing time of GrabImageRGBD(): 10.4438ms
Frame 1273 end
Average processing time of GrabImageRGBD(): 10.4423ms
Frame 1274 end
Average processing time of GrabImageRGBD(): 10.4402ms
Frame 1275 end
Average processing time of GrabImageRGBD(): 10.4383ms
Frame 1276 end
Average processing time of GrabImageRGBD(): 10.4356ms
Frame 1277 end
Average processing time of GrabImageRGBD(): 10.4324ms
Frame 1278 end
Average processing time of GrabImageRGBD(): 10.4329ms
Frame 1279 end
Average processing time of GrabImageRGBD(): 10.4328ms
Frame 1280 end
Average processing time of GrabImageRGBD(): 10.4334ms
Frame 1281 end
Average processing time of GrabImageRGBD(): 10.4333ms
Frame 1282 end
Average processing time of GrabImageRGBD(): 10.4334ms
Frame 1283 end
Average processing time of GrabImageRGBD(): 10.432ms
Frame 1284 end
Average processing time of GrabImageRGBD(): 10.4544ms
Frame 1285 end
Average processing time of GrabImageRGBD(): 10.4553ms
Frame 1286 end
Average processing time of GrabImageRGBD(): 10.4539ms
Frame 1287 end
Average processing time of GrabImageRGBD(): 10.4533ms
Frame 1288 end
Average processing time of GrabImageRGBD(): 10.4515ms
Frame 1289 end
Average processing time of GrabImageRGBD(): 10.4499ms
Frame 1290 end
Average processing time of GrabImageRGBD(): 10.4489ms
Frame 1291 end
Average processing time of GrabImageRGBD(): 10.4512ms
Frame 1292 end
Average processing time of GrabImageRGBD(): 10.4516ms
Frame 1293 end
Average processing time of GrabImageRGBD(): 10.4526ms
Frame 1294 end
Average processing time of GrabImageRGBD(): 10.4527ms
Frame 1295 end
Average processing time of GrabImageRGBD(): 10.4575ms
Frame 1296 end
Average processing time of GrabImageRGBD(): 10.4533ms
Frame 1297 end
Average processing time of GrabImageRGBD(): 10.4533ms
Frame 1298 end
Average processing time of GrabImageRGBD(): 10.4539ms
Frame 1299 end
Average processing time of GrabImageRGBD(): 10.4532ms
Frame 1300 end
Average processing time of GrabImageRGBD(): 10.4526ms
Frame 1301 end
Average processing time of GrabImageRGBD(): 10.452ms
Frame 1302 end
Average processing time of GrabImageRGBD(): 10.4504ms
Frame 1303 end
Average processing time of GrabImageRGBD(): 10.4718ms
Frame 1304 end
Average processing time of GrabImageRGBD(): 10.4737ms
Frame 1305 end
Average processing time of GrabImageRGBD(): 10.4728ms
Frame 1306 end
Average processing time of GrabImageRGBD(): 10.4722ms
Frame 1307 end
Average processing time of GrabImageRGBD(): 10.4742ms
Frame 1308 end
Average processing time of GrabImageRGBD(): 10.4749ms
Frame 1309 end
Average processing time of GrabImageRGBD(): 10.4713ms
Frame 1310 end
Average processing time of GrabImageRGBD(): 10.4708ms
Frame 1311 end
Average processing time of GrabImageRGBD(): 10.4713ms
Frame 1312 end
Average processing time of GrabImageRGBD(): 10.4695ms
Frame 1313 end
Average processing time of GrabImageRGBD(): 10.4696ms
Frame 1314 end
Average processing time of GrabImageRGBD(): 10.47ms
Frame 1315 end
Average processing time of GrabImageRGBD(): 10.471ms
Frame 1316 end
Average processing time of GrabImageRGBD(): 10.4697ms
Frame 1317 end
Average processing time of GrabImageRGBD(): 10.4702ms
Frame 1318 end
Average processing time of GrabImageRGBD(): 10.4909ms
Frame 1319 end
Average processing time of GrabImageRGBD(): 10.4902ms
Frame 1320 end
Average processing time of GrabImageRGBD(): 10.4904ms
Frame 1321 end
Average processing time of GrabImageRGBD(): 10.4884ms
Frame 1322 end
Average processing time of GrabImageRGBD(): 10.488ms
Frame 1323 end
Average processing time of GrabImageRGBD(): 10.4874ms
Frame 1324 end
Average processing time of GrabImageRGBD(): 10.4875ms
Frame 1325 end
Average processing time of GrabImageRGBD(): 10.488ms
Frame 1326 end
Average processing time of GrabImageRGBD(): 10.4883ms
Frame 1327 end
Average processing time of GrabImageRGBD(): 10.4889ms
Frame 1328 end
Average processing time of GrabImageRGBD(): 10.4883ms
Frame 1329 end
Average processing time of GrabImageRGBD(): 10.4878ms
Frame 1330 end
Average processing time of GrabImageRGBD(): 10.4844ms
Frame 1331 end
Average processing time of GrabImageRGBD(): 10.4852ms
Frame 1332 end
Average processing time of GrabImageRGBD(): 10.4848ms
Frame 1333 end
Average processing time of GrabImageRGBD(): 10.4849ms
Frame 1334 end
Average processing time of GrabImageRGBD(): 10.5061ms
Frame 1335 end
Average processing time of GrabImageRGBD(): 10.5058ms
Frame 1336 end
Average processing time of GrabImageRGBD(): 10.506ms
Frame 1337 end
Average processing time of GrabImageRGBD(): 10.5061ms
Frame 1338 end
Average processing time of GrabImageRGBD(): 10.5057ms
Frame 1339 end
Average processing time of GrabImageRGBD(): 10.5047ms
Frame 1340 end
Average processing time of GrabImageRGBD(): 10.5037ms
Frame 1341 end
Average processing time of GrabImageRGBD(): 10.5031ms
Frame 1342 end
Average processing time of GrabImageRGBD(): 10.5038ms
Frame 1343 end
Average processing time of GrabImageRGBD(): 10.5011ms
Frame 1344 end
Average processing time of GrabImageRGBD(): 10.4996ms
Frame 1345 end
Average processing time of GrabImageRGBD(): 10.4995ms
Frame 1346 end
Average processing time of GrabImageRGBD(): 10.4977ms
Frame 1347 end
Average processing time of GrabImageRGBD(): 10.4972ms
Frame 1348 end
Average processing time of GrabImageRGBD(): 10.4933ms
Frame 1349 end
Average processing time of GrabImageRGBD(): 10.4937ms
Frame 1350 end
Average processing time of GrabImageRGBD(): 10.5153ms
Frame 1351 end
Average processing time of GrabImageRGBD(): 10.5164ms
Frame 1352 end
Average processing time of GrabImageRGBD(): 10.5166ms
Frame 1353 end
Average processing time of GrabImageRGBD(): 10.5174ms
Frame 1354 end
Average processing time of GrabImageRGBD(): 10.5176ms
Frame 1355 end
Average processing time of GrabImageRGBD(): 10.5173ms
Frame 1356 end
Average processing time of GrabImageRGBD(): 10.5183ms
Frame 1357 end
Average processing time of GrabImageRGBD(): 10.5187ms
Frame 1358 end
Average processing time of GrabImageRGBD(): 10.5172ms
Frame 1359 end
Average processing time of GrabImageRGBD(): 10.5174ms
Frame 1360 end
Average processing time of GrabImageRGBD(): 10.5169ms
Frame 1361 end
Average processing time of GrabImageRGBD(): 10.5154ms
Frame 1362 end
Average processing time of GrabImageRGBD(): 10.5116ms
Frame 1363 end
Average processing time of GrabImageRGBD(): 10.5073ms
Frame 1364 end
Average processing time of GrabImageRGBD(): 10.5051ms
Frame 1365 end
Average processing time of GrabImageRGBD(): 10.5038ms
Frame 1366 end
Average processing time of GrabImageRGBD(): 10.5041ms
Frame 1367 end
Average processing time of GrabImageRGBD(): 10.5244ms
Frame 1368 end
Average processing time of GrabImageRGBD(): 10.5267ms
Frame 1369 end
Average processing time of GrabImageRGBD(): 10.5266ms
Frame 1370 end
Average processing time of GrabImageRGBD(): 10.5263ms
Frame 1371 end
Average processing time of GrabImageRGBD(): 10.5224ms
Frame 1372 end
Average processing time of GrabImageRGBD(): 10.5227ms
Frame 1373 end
Average processing time of GrabImageRGBD(): 10.5228ms
Frame 1374 end
Average processing time of GrabImageRGBD(): 10.5238ms
Frame 1375 end
Average processing time of GrabImageRGBD(): 10.5232ms
Frame 1376 end
Average processing time of GrabImageRGBD(): 10.523ms
Frame 1377 end
Average processing time of GrabImageRGBD(): 10.521ms
Frame 1378 end
Average processing time of GrabImageRGBD(): 10.521ms
Frame 1379 end
Average processing time of GrabImageRGBD(): 10.5211ms
Frame 1380 end
Average processing time of GrabImageRGBD(): 10.5213ms
Frame 1381 end
Average processing time of GrabImageRGBD(): 10.5212ms
Frame 1382 end
Average processing time of GrabImageRGBD(): 10.5224ms
Frame 1383 end
Average processing time of GrabImageRGBD(): 10.5202ms
Frame 1384 end
Average processing time of GrabImageRGBD(): 10.5207ms
Frame 1385 end
Average processing time of GrabImageRGBD(): 10.5194ms
Frame 1386 end
Average processing time of GrabImageRGBD(): 10.5378ms
Frame 1387 end
Average processing time of GrabImageRGBD(): 10.5398ms
Frame 1388 end
Average processing time of GrabImageRGBD(): 10.5385ms
Frame 1389 end
Average processing time of GrabImageRGBD(): 10.5389ms
Frame 1390 end
Average processing time of GrabImageRGBD(): 10.5393ms
Frame 1391 end
Average processing time of GrabImageRGBD(): 10.5385ms
Frame 1392 end
Average processing time of GrabImageRGBD(): 10.5374ms
Frame 1393 end
Average processing time of GrabImageRGBD(): 10.5351ms
Frame 1394 end
Average processing time of GrabImageRGBD(): 10.5351ms
Frame 1395 end
Average processing time of GrabImageRGBD(): 10.534ms
Frame 1396 end
Average processing time of GrabImageRGBD(): 10.5339ms
Frame 1397 end
Average processing time of GrabImageRGBD(): 10.5334ms
Frame 1398 end
Average processing time of GrabImageRGBD(): 10.5316ms
Frame 1399 end
Average processing time of GrabImageRGBD(): 10.5319ms
Frame 1400 end
Average processing time of GrabImageRGBD(): 10.5316ms
Frame 1401 end
Average processing time of GrabImageRGBD(): 10.531ms
Frame 1402 end
Average processing time of GrabImageRGBD(): 10.5297ms
Frame 1403 end
Average processing time of GrabImageRGBD(): 10.5502ms
Frame 1404 end
Average processing time of GrabImageRGBD(): 10.5508ms
Frame 1405 end
Average processing time of GrabImageRGBD(): 10.5499ms
Frame 1406 end
Average processing time of GrabImageRGBD(): 10.5491ms
Frame 1407 end
Average processing time of GrabImageRGBD(): 10.549ms
Frame 1408 end
Average processing time of GrabImageRGBD(): 10.5486ms
Frame 1409 end
Average processing time of GrabImageRGBD(): 10.5483ms
Frame 1410 end
Average processing time of GrabImageRGBD(): 10.5472ms
Frame 1411 end
Average processing time of GrabImageRGBD(): 10.5469ms
Frame 1412 end
Average processing time of GrabImageRGBD(): 10.546ms
Frame 1413 end
Average processing time of GrabImageRGBD(): 10.5461ms
Frame 1414 end
Average processing time of GrabImageRGBD(): 10.5463ms
Frame 1415 end
Average processing time of GrabImageRGBD(): 10.5445ms
Frame 1416 end
Average processing time of GrabImageRGBD(): 10.5439ms
Frame 1417 end
Average processing time of GrabImageRGBD(): 10.5433ms
Frame 1418 end
Average processing time of GrabImageRGBD(): 10.5414ms
Frame 1419 end
Average processing time of GrabImageRGBD(): 10.5398ms
Frame 1420 end
Average processing time of GrabImageRGBD(): 10.5394ms
Frame 1421 end
Average processing time of GrabImageRGBD(): 10.5585ms
Frame 1422 end
Average processing time of GrabImageRGBD(): 10.5601ms
Frame 1423 end
Average processing time of GrabImageRGBD(): 10.56ms
Frame 1424 end
Average processing time of GrabImageRGBD(): 10.5604ms
Frame 1425 end
Average processing time of GrabImageRGBD(): 10.5607ms
Frame 1426 end
Average processing time of GrabImageRGBD(): 10.5592ms
Frame 1427 end
Average processing time of GrabImageRGBD(): 10.5587ms
Frame 1428 end
Average processing time of GrabImageRGBD(): 10.557ms
Frame 1429 end
Average processing time of GrabImageRGBD(): 10.5563ms
Frame 1430 end
Average processing time of GrabImageRGBD(): 10.5563ms
Frame 1431 end
Average processing time of GrabImageRGBD(): 10.5565ms
Frame 1432 end
Average processing time of GrabImageRGBD(): 10.5546ms
Frame 1433 end
Average processing time of GrabImageRGBD(): 10.5541ms
Frame 1434 end
Average processing time of GrabImageRGBD(): 10.5539ms
Frame 1435 end
Average processing time of GrabImageRGBD(): 10.554ms
Frame 1436 end
Average processing time of GrabImageRGBD(): 10.5536ms
Frame 1437 end
Average processing time of GrabImageRGBD(): 10.5537ms
Frame 1438 end
Average processing time of GrabImageRGBD(): 10.5523ms
Frame 1439 end
Average processing time of GrabImageRGBD(): 10.5515ms
Frame 1440 end
Average processing time of GrabImageRGBD(): 10.5708ms
Frame 1441 end
Average processing time of GrabImageRGBD(): 10.5717ms
Frame 1442 end
Average processing time of GrabImageRGBD(): 10.5716ms
Frame 1443 end
Average processing time of GrabImageRGBD(): 10.5717ms
Frame 1444 end
Average processing time of GrabImageRGBD(): 10.5725ms
Frame 1445 end
Average processing time of GrabImageRGBD(): 10.5709ms
Frame 1446 end
Average processing time of GrabImageRGBD(): 10.5718ms
Frame 1447 end
Average processing time of GrabImageRGBD(): 10.5721ms
Frame 1448 end
Average processing time of GrabImageRGBD(): 10.5728ms
Frame 1449 end
Average processing time of GrabImageRGBD(): 10.5731ms
Frame 1450 end
Average processing time of GrabImageRGBD(): 10.5742ms
Frame 1451 end
Average processing time of GrabImageRGBD(): 10.5742ms
Frame 1452 end
Average processing time of GrabImageRGBD(): 10.5734ms
Frame 1453 end
Average processing time of GrabImageRGBD(): 10.5732ms
Frame 1454 end
Average processing time of GrabImageRGBD(): 10.5731ms
Frame 1455 end
Average processing time of GrabImageRGBD(): 10.5726ms
Frame 1456 end
Average processing time of GrabImageRGBD(): 10.573ms
Frame 1457 end
Average processing time of GrabImageRGBD(): 10.5729ms
Frame 1458 end
Average processing time of GrabImageRGBD(): 10.5719ms
Frame 1459 end
Average processing time of GrabImageRGBD(): 10.5921ms
Frame 1460 end
Average processing time of GrabImageRGBD(): 10.5931ms
Frame 1461 end
Average processing time of GrabImageRGBD(): 10.5928ms
Frame 1462 end
Average processing time of GrabImageRGBD(): 10.5912ms
Frame 1463 end
Average processing time of GrabImageRGBD(): 10.5909ms
Frame 1464 end
Average processing time of GrabImageRGBD(): 10.5916ms
Frame 1465 end
Average processing time of GrabImageRGBD(): 10.5918ms
Frame 1466 end
Average processing time of GrabImageRGBD(): 10.5892ms
Frame 1467 end
Average processing time of GrabImageRGBD(): 10.5897ms
Frame 1468 end
Average processing time of GrabImageRGBD(): 10.5873ms
Frame 1469 end
Average processing time of GrabImageRGBD(): 10.5862ms
Frame 1470 end
Average processing time of GrabImageRGBD(): 10.5862ms
Frame 1471 end
Average processing time of GrabImageRGBD(): 10.5862ms
Frame 1472 end
Average processing time of GrabImageRGBD(): 10.5852ms
Frame 1473 end
Average processing time of GrabImageRGBD(): 10.5834ms
Frame 1474 end
Average processing time of GrabImageRGBD(): 10.5848ms
Frame 1475 end
Average processing time of GrabImageRGBD(): 10.586ms
Frame 1476 end
Average processing time of GrabImageRGBD(): 10.587ms
Frame 1477 end
Average processing time of GrabImageRGBD(): 10.5888ms
Frame 1478 end
Average processing time of GrabImageRGBD(): 10.6118ms
Frame 1479 end
Average processing time of GrabImageRGBD(): 10.6161ms
Frame 1480 end
Average processing time of GrabImageRGBD(): 10.6164ms
Frame 1481 end
Average processing time of GrabImageRGBD(): 10.6154ms
Frame 1482 end
Average processing time of GrabImageRGBD(): 10.6165ms
Frame 1483 end
Average processing time of GrabImageRGBD(): 10.6171ms
Frame 1484 end
Average processing time of GrabImageRGBD(): 10.6171ms
Frame 1485 end
Average processing time of GrabImageRGBD(): 10.6138ms
Frame 1486 end
Average processing time of GrabImageRGBD(): 10.6141ms
Frame 1487 end
Average processing time of GrabImageRGBD(): 10.6143ms
Frame 1488 end
Average processing time of GrabImageRGBD(): 10.6128ms
Frame 1489 end
Average processing time of GrabImageRGBD(): 10.6129ms
Frame 1490 end
Average processing time of GrabImageRGBD(): 10.6097ms
Frame 1491 end
Average processing time of GrabImageRGBD(): 10.6099ms
Frame 1492 end
Average processing time of GrabImageRGBD(): 10.6091ms
Frame 1493 end
Average processing time of GrabImageRGBD(): 10.6098ms
Frame 1494 end
Average processing time of GrabImageRGBD(): 10.6097ms
Frame 1495 end
Average processing time of GrabImageRGBD(): 10.6086ms
Frame 1496 end
Average processing time of GrabImageRGBD(): 10.6071ms
Frame 1497 end
Average processing time of GrabImageRGBD(): 10.6256ms
Frame 1498 end
Average processing time of GrabImageRGBD(): 10.627ms
Frame 1499 end
Average processing time of GrabImageRGBD(): 10.6273ms
Frame 1500 end
Average processing time of GrabImageRGBD(): 10.6257ms
Frame 1501 end
Average processing time of GrabImageRGBD(): 10.6258ms
Frame 1502 end
Average processing time of GrabImageRGBD(): 10.6233ms
Frame 1503 end
Average processing time of GrabImageRGBD(): 10.6235ms
Frame 1504 end
Average processing time of GrabImageRGBD(): 10.6228ms
Frame 1505 end
Average processing time of GrabImageRGBD(): 10.6243ms
Frame 1506 end
Average processing time of GrabImageRGBD(): 10.6244ms
Frame 1507 end
Average processing time of GrabImageRGBD(): 10.6437ms
Frame 1508 end
Average processing time of GrabImageRGBD(): 10.6456ms
Frame 1509 end
Average processing time of GrabImageRGBD(): 10.6456ms
Frame 1510 end
Average processing time of GrabImageRGBD(): 10.665ms
Frame 1511 end
Average processing time of GrabImageRGBD(): 10.6664ms
Frame 1512 end
Average processing time of GrabImageRGBD(): 10.6659ms
Frame 1513 end
Average processing time of GrabImageRGBD(): 10.6656ms
Frame 1514 end
Average processing time of GrabImageRGBD(): 10.6651ms
Frame 1515 end
Average processing time of GrabImageRGBD(): 10.6647ms
Frame 1516 end
Average processing time of GrabImageRGBD(): 10.6651ms
Frame 1517 end
Average processing time of GrabImageRGBD(): 10.6851ms
Frame 1518 end
Average processing time of GrabImageRGBD(): 10.6864ms
Frame 1519 end
Average processing time of GrabImageRGBD(): 10.6867ms
Frame 1520 end
Average processing time of GrabImageRGBD(): 10.6873ms
Frame 1521 end
Average processing time of GrabImageRGBD(): 10.6876ms
Frame 1522 end
Average processing time of GrabImageRGBD(): 10.6885ms
Frame 1523 end
Average processing time of GrabImageRGBD(): 10.6873ms
Frame 1524 end
Average processing time of GrabImageRGBD(): 10.6845ms
Frame 1525 end
Average processing time of GrabImageRGBD(): 10.685ms
Frame 1526 end
Average processing time of GrabImageRGBD(): 10.6845ms
Frame 1527 end
Average processing time of GrabImageRGBD(): 10.6854ms
Frame 1528 end
Average processing time of GrabImageRGBD(): 10.6851ms
Frame 1529 end
Average processing time of GrabImageRGBD(): 10.6849ms
Frame 1530 end
Average processing time of GrabImageRGBD(): 10.6843ms
Frame 1531 end
Average processing time of GrabImageRGBD(): 10.6833ms
Frame 1532 end
Average processing time of GrabImageRGBD(): 10.6831ms
Frame 1533 end
Average processing time of GrabImageRGBD(): 10.68ms
Frame 1534 end
Average processing time of GrabImageRGBD(): 10.681ms
Frame 1535 end
Average processing time of GrabImageRGBD(): 10.6813ms
Frame 1536 end
Average processing time of GrabImageRGBD(): 10.6802ms
Frame 1537 end
Average processing time of GrabImageRGBD(): 10.6801ms
Frame 1538 end
Average processing time of GrabImageRGBD(): 10.6795ms
Frame 1539 end
Average processing time of GrabImageRGBD(): 10.6967ms
Frame 1540 end
Average processing time of GrabImageRGBD(): 10.6984ms
Frame 1541 end
Average processing time of GrabImageRGBD(): 10.6984ms
Frame 1542 end
Average processing time of GrabImageRGBD(): 10.6981ms
Frame 1543 end
Average processing time of GrabImageRGBD(): 10.6981ms
Frame 1544 end
Average processing time of GrabImageRGBD(): 10.697ms
Frame 1545 end
Average processing time of GrabImageRGBD(): 10.6971ms
Frame 1546 end
Average processing time of GrabImageRGBD(): 10.6972ms
Frame 1547 end
Average processing time of GrabImageRGBD(): 10.6979ms
Frame 1548 end
Average processing time of GrabImageRGBD(): 10.6975ms
Frame 1549 end
Average processing time of GrabImageRGBD(): 10.6981ms
Frame 1550 end
Average processing time of GrabImageRGBD(): 10.718ms
Frame 1551 end
Average processing time of GrabImageRGBD(): 10.7194ms
Frame 1552 end
Average processing time of GrabImageRGBD(): 10.7197ms
Frame 1553 end
Average processing time of GrabImageRGBD(): 10.7201ms
Frame 1554 end
Average processing time of GrabImageRGBD(): 10.7173ms
Frame 1555 end
Average processing time of GrabImageRGBD(): 10.7173ms
Frame 1556 end
Average processing time of GrabImageRGBD(): 10.7144ms
Frame 1557 end
Average processing time of GrabImageRGBD(): 10.7142ms
Frame 1558 end
Average processing time of GrabImageRGBD(): 10.715ms
Frame 1559 end
Average processing time of GrabImageRGBD(): 10.7148ms
Frame 1560 end
Average processing time of GrabImageRGBD(): 10.7154ms
Frame 1561 end
Average processing time of GrabImageRGBD(): 10.7158ms
Frame 1562 end
Average processing time of GrabImageRGBD(): 10.7163ms
Frame 1563 end
Average processing time of GrabImageRGBD(): 10.7166ms
Frame 1564 end
Average processing time of GrabImageRGBD(): 10.717ms
Frame 1565 end
Average processing time of GrabImageRGBD(): 10.7431ms
Frame 1566 end
Average processing time of GrabImageRGBD(): 10.745ms
Frame 1567 end
Average processing time of GrabImageRGBD(): 10.7459ms
Frame 1568 end
Average processing time of GrabImageRGBD(): 10.7461ms
Frame 1569 end
Average processing time of GrabImageRGBD(): 10.747ms
Frame 1570 end
Average processing time of GrabImageRGBD(): 10.7468ms
Frame 1571 end
Average processing time of GrabImageRGBD(): 10.7471ms
Frame 1572 end
Average processing time of GrabImageRGBD(): 10.7463ms
Frame 1573 end
Average processing time of GrabImageRGBD(): 10.7466ms
Frame 1574 end
Average processing time of GrabImageRGBD(): 10.7474ms
Frame 1575 end
Average processing time of GrabImageRGBD(): 10.7477ms
Frame 1576 end
Average processing time of GrabImageRGBD(): 10.7665ms
Frame 1577 end
Average processing time of GrabImageRGBD(): 10.768ms
Frame 1578 end
Average processing time of GrabImageRGBD(): 10.7682ms
Frame 1579 end
Average processing time of GrabImageRGBD(): 10.7687ms
Frame 1580 end
Average processing time of GrabImageRGBD(): 10.7688ms
Frame 1581 end
Average processing time of GrabImageRGBD(): 10.7689ms
Frame 1582 end
Average processing time of GrabImageRGBD(): 10.7696ms
Frame 1583 end
Average processing time of GrabImageRGBD(): 10.7701ms
Frame 1584 end
Average processing time of GrabImageRGBD(): 10.7695ms
Frame 1585 end
Average processing time of GrabImageRGBD(): 10.7696ms
Frame 1586 end
Average processing time of GrabImageRGBD(): 10.7682ms
Frame 1587 end
Average processing time of GrabImageRGBD(): 10.7689ms
Frame 1588 end
Average processing time of GrabImageRGBD(): 10.7699ms
Frame 1589 end
Average processing time of GrabImageRGBD(): 10.7689ms
Frame 1590 end
Average processing time of GrabImageRGBD(): 10.7686ms
Frame 1591 end
Average processing time of GrabImageRGBD(): 10.7683ms
Frame 1592 end
Average processing time of GrabImageRGBD(): 10.7672ms
Frame 1593 end
Average processing time of GrabImageRGBD(): 10.7666ms
Frame 1594 end
Average processing time of GrabImageRGBD(): 10.7659ms
Frame 1595 end
Average processing time of GrabImageRGBD(): 10.7671ms
Frame 1596 end
Average processing time of GrabImageRGBD(): 10.7666ms
Frame 1597 end
Average processing time of GrabImageRGBD(): 10.7843ms
Frame 1598 end
Average processing time of GrabImageRGBD(): 10.786ms
Frame 1599 end
Average processing time of GrabImageRGBD(): 10.786ms
Frame 1600 end
Average processing time of GrabImageRGBD(): 10.7864ms
Frame 1601 end
Average processing time of GrabImageRGBD(): 10.7865ms
Frame 1602 end
Average processing time of GrabImageRGBD(): 10.7871ms
Frame 1603 end
Average processing time of GrabImageRGBD(): 10.787ms
Frame 1604 end
Average processing time of GrabImageRGBD(): 10.7878ms
Frame 1605 end
Average processing time of GrabImageRGBD(): 10.7875ms
Frame 1606 end
Average processing time of GrabImageRGBD(): 10.7847ms
Frame 1607 end
Average processing time of GrabImageRGBD(): 10.7846ms
Frame 1608 end
Average processing time of GrabImageRGBD(): 10.7843ms
Frame 1609 end
Average processing time of GrabImageRGBD(): 10.7829ms
Frame 1610 end
Average processing time of GrabImageRGBD(): 10.7819ms
Frame 1611 end
Average processing time of GrabImageRGBD(): 10.7805ms
Frame 1612 end
Average processing time of GrabImageRGBD(): 10.7787ms
Frame 1613 end
Average processing time of GrabImageRGBD(): 10.7788ms
Frame 1614 end
Average processing time of GrabImageRGBD(): 10.777ms
Frame 1615 end
Average processing time of GrabImageRGBD(): 10.7777ms
Frame 1616 end
Average processing time of GrabImageRGBD(): 10.7955ms
Frame 1617 end
Average processing time of GrabImageRGBD(): 10.7965ms
Frame 1618 end
Average processing time of GrabImageRGBD(): 10.7946ms
Frame 1619 end
Average processing time of GrabImageRGBD(): 10.7951ms
Frame 1620 end
Average processing time of GrabImageRGBD(): 10.7952ms
Frame 1621 end
Average processing time of GrabImageRGBD(): 10.7949ms
Frame 1622 end
Average processing time of GrabImageRGBD(): 10.7957ms
Frame 1623 end
Average processing time of GrabImageRGBD(): 10.7963ms
Frame 1624 end
Average processing time of GrabImageRGBD(): 10.7967ms
Frame 1625 end
Average processing time of GrabImageRGBD(): 10.7971ms
Frame 1626 end
Average processing time of GrabImageRGBD(): 10.7964ms
Frame 1627 end
Average processing time of GrabImageRGBD(): 10.7963ms
Frame 1628 end
Average processing time of GrabImageRGBD(): 10.7968ms
Frame 1629 end
Average processing time of GrabImageRGBD(): 10.7961ms
Frame 1630 end
Average processing time of GrabImageRGBD(): 10.797ms
Frame 1631 end
Average processing time of GrabImageRGBD(): 10.796ms
Frame 1632 end
Average processing time of GrabImageRGBD(): 10.7955ms
Frame 1633 end
Average processing time of GrabImageRGBD(): 10.7955ms
Frame 1634 end
Average processing time of GrabImageRGBD(): 10.7962ms
Frame 1635 end
Average processing time of GrabImageRGBD(): 10.7964ms
Frame 1636 end
Average processing time of GrabImageRGBD(): 10.7977ms
Frame 1637 end
Average processing time of GrabImageRGBD(): 10.7982ms
Frame 1638 end
Average processing time of GrabImageRGBD(): 10.7985ms
Frame 1639 end
Average processing time of GrabImageRGBD(): 10.8162ms
Frame 1640 end
Average processing time of GrabImageRGBD(): 10.8347ms
Frame 1641 end
Average processing time of GrabImageRGBD(): 10.854ms
Frame 1642 end
Average processing time of GrabImageRGBD(): 10.8747ms
Frame 1643 end
Average processing time of GrabImageRGBD(): 10.8752ms
Frame 1644 end
Average processing time of GrabImageRGBD(): 10.8752ms
Frame 1645 end
Average processing time of GrabImageRGBD(): 10.8757ms
Frame 1646 end
Average processing time of GrabImageRGBD(): 10.876ms
Frame 1647 end
Average processing time of GrabImageRGBD(): 10.8753ms
Frame 1648 end
Average processing time of GrabImageRGBD(): 10.8734ms
Frame 1649 end
Average processing time of GrabImageRGBD(): 10.8735ms
Frame 1650 end
Average processing time of GrabImageRGBD(): 10.8731ms
Frame 1651 end
Average processing time of GrabImageRGBD(): 10.8735ms
Frame 1652 end
Average processing time of GrabImageRGBD(): 10.8738ms
Frame 1653 end
Average processing time of GrabImageRGBD(): 10.8742ms
Frame 1654 end
Average processing time of GrabImageRGBD(): 10.8736ms
Frame 1655 end
Average processing time of GrabImageRGBD(): 10.8923ms
Frame 1656 end
Average processing time of GrabImageRGBD(): 10.9124ms
Frame 1657 end
Average processing time of GrabImageRGBD(): 10.9315ms
Frame 1658 end
Average processing time of GrabImageRGBD(): 10.9339ms
Frame 1659 end
Average processing time of GrabImageRGBD(): 10.9345ms
Frame 1660 end
Average processing time of GrabImageRGBD(): 10.9368ms
Frame 1661 end
Average processing time of GrabImageRGBD(): 10.9372ms
Frame 1662 end
Average processing time of GrabImageRGBD(): 10.9378ms
Frame 1663 end
Average processing time of GrabImageRGBD(): 10.9382ms
Frame 1664 end
Average processing time of GrabImageRGBD(): 10.9372ms
Frame 1665 end
Average processing time of GrabImageRGBD(): 10.9371ms
Frame 1666 end
Average processing time of GrabImageRGBD(): 10.9376ms
Frame 1667 end
Average processing time of GrabImageRGBD(): 10.9375ms
Frame 1668 end
Average processing time of GrabImageRGBD(): 10.9374ms
Frame 1669 end
Average processing time of GrabImageRGBD(): 10.9379ms
Frame 1670 end
Average processing time of GrabImageRGBD(): 10.9373ms
Frame 1671 end
Average processing time of GrabImageRGBD(): 10.938ms
Frame 1672 end
Average processing time of GrabImageRGBD(): 10.9383ms
Frame 1673 end
Average processing time of GrabImageRGBD(): 10.9543ms
Frame 1674 end
Average processing time of GrabImageRGBD(): 10.9738ms
Frame 1675 end
Average processing time of GrabImageRGBD(): 10.9997ms
Frame 1676 end
Average processing time of GrabImageRGBD(): 11.0015ms
Frame 1677 end
Average processing time of GrabImageRGBD(): 11.0015ms
Frame 1678 end
Average processing time of GrabImageRGBD(): 11.0017ms
Frame 1679 end
Average processing time of GrabImageRGBD(): 11.0195ms
Frame 1680 end
Average processing time of GrabImageRGBD(): 11.0396ms
Frame 1681 end
Average processing time of GrabImageRGBD(): 11.0594ms
Frame 1682 end
Average processing time of GrabImageRGBD(): 11.078ms
Frame 1683 end
Average processing time of GrabImageRGBD(): 11.0797ms
Frame 1684 end
Average processing time of GrabImageRGBD(): 11.0804ms
Frame 1685 end
Average processing time of GrabImageRGBD(): 11.098ms
Frame 1686 end
Average processing time of GrabImageRGBD(): 11.1151ms
Frame 1687 end
Average processing time of GrabImageRGBD(): 11.116ms
Frame 1688 end
Average processing time of GrabImageRGBD(): 11.1346ms
Frame 1689 end
Average processing time of GrabImageRGBD(): 11.1573ms
Frame 1690 end
Average processing time of GrabImageRGBD(): 11.1592ms
Frame 1691 end
Average processing time of GrabImageRGBD(): 11.1577ms
Frame 1692 end
Average processing time of GrabImageRGBD(): 11.1565ms
Frame 1693 end
Average processing time of GrabImageRGBD(): 11.1585ms
Frame 1694 end
Average processing time of GrabImageRGBD(): 11.1595ms
Frame 1695 end
Average processing time of GrabImageRGBD(): 11.161ms
Frame 1696 end
Average processing time of GrabImageRGBD(): 11.161ms
Frame 1697 end
Average processing time of GrabImageRGBD(): 11.1611ms
Frame 1698 end
Average processing time of GrabImageRGBD(): 11.1604ms
Frame 1699 end
Average processing time of GrabImageRGBD(): 11.1606ms
Frame 1700 end
Average processing time of GrabImageRGBD(): 11.1606ms
Frame 1701 end
Average processing time of GrabImageRGBD(): 11.1606ms
Frame 1702 end
Average processing time of GrabImageRGBD(): 11.1778ms
Frame 1703 end
Average processing time of GrabImageRGBD(): 11.1967ms
Frame 1704 end
Average processing time of GrabImageRGBD(): 11.1975ms
Frame 1705 end
Average processing time of GrabImageRGBD(): 11.1977ms
Frame 1706 end
Average processing time of GrabImageRGBD(): 11.198ms
Frame 1707 end
Average processing time of GrabImageRGBD(): 11.1989ms
Frame 1708 end
Average processing time of GrabImageRGBD(): 11.199ms
Frame 1709 end
Average processing time of GrabImageRGBD(): 11.1995ms
Frame 1710 end
Average processing time of GrabImageRGBD(): 11.2004ms
Frame 1711 end
Average processing time of GrabImageRGBD(): 11.2013ms
Frame 1712 end
Average processing time of GrabImageRGBD(): 11.2036ms
Frame 1713 end
Average processing time of GrabImageRGBD(): 11.2037ms
Frame 1714 end
Average processing time of GrabImageRGBD(): 11.2037ms
Frame 1715 end
Average processing time of GrabImageRGBD(): 11.2031ms
Frame 1716 end
Average processing time of GrabImageRGBD(): 11.2036ms
Frame 1717 end
Average processing time of GrabImageRGBD(): 11.2039ms
Frame 1718 end
Average processing time of GrabImageRGBD(): 11.2041ms
Frame 1719 end
Average processing time of GrabImageRGBD(): 11.2051ms
Frame 1720 end
Average processing time of GrabImageRGBD(): 11.2047ms
Frame 1721 end
Average processing time of GrabImageRGBD(): 11.2053ms
Frame 1722 end
Average processing time of GrabImageRGBD(): 11.2049ms
Frame 1723 end
Average processing time of GrabImageRGBD(): 11.2211ms
Frame 1724 end
Average processing time of GrabImageRGBD(): 11.2221ms
Frame 1725 end
Average processing time of GrabImageRGBD(): 11.2248ms
Frame 1726 end
Average processing time of GrabImageRGBD(): 11.2246ms
Frame 1727 end
Average processing time of GrabImageRGBD(): 11.2471ms
Frame 1728 end
Average processing time of GrabImageRGBD(): 11.2481ms
Frame 1729 end
Average processing time of GrabImageRGBD(): 11.2464ms
Frame 1730 end
Average processing time of GrabImageRGBD(): 11.2476ms
Frame 1731 end
Average processing time of GrabImageRGBD(): 11.2485ms
Frame 1732 end
Average processing time of GrabImageRGBD(): 11.248ms
Frame 1733 end
Average processing time of GrabImageRGBD(): 11.2484ms
Frame 1734 end
Average processing time of GrabImageRGBD(): 11.2481ms
Frame 1735 end
Average processing time of GrabImageRGBD(): 11.2653ms
Frame 1736 end
Average processing time of GrabImageRGBD(): 11.2672ms
Frame 1737 end
Average processing time of GrabImageRGBD(): 11.2685ms
Frame 1738 end
Average processing time of GrabImageRGBD(): 11.2685ms
Frame 1739 end
Average processing time of GrabImageRGBD(): 11.2699ms
Frame 1740 end
Average processing time of GrabImageRGBD(): 11.2693ms
Frame 1741 end
Average processing time of GrabImageRGBD(): 11.2698ms
Frame 1742 end
Average processing time of GrabImageRGBD(): 11.2698ms
Frame 1743 end
Average processing time of GrabImageRGBD(): 11.2714ms
Frame 1744 end
Average processing time of GrabImageRGBD(): 11.272ms
Frame 1745 end
Average processing time of GrabImageRGBD(): 11.2715ms
Frame 1746 end
Average processing time of GrabImageRGBD(): 11.2715ms
Frame 1747 end
Average processing time of GrabImageRGBD(): 11.2888ms
Frame 1748 end
Average processing time of GrabImageRGBD(): 11.2897ms
Frame 1749 end
Average processing time of GrabImageRGBD(): 11.2907ms
Frame 1750 end
Average processing time of GrabImageRGBD(): 11.2907ms
Frame 1751 end
Average processing time of GrabImageRGBD(): 11.2921ms
Frame 1752 end
Average processing time of GrabImageRGBD(): 11.2928ms
Frame 1753 end
Average processing time of GrabImageRGBD(): 11.2925ms
Frame 1754 end
Average processing time of GrabImageRGBD(): 11.2937ms
Frame 1755 end
Average processing time of GrabImageRGBD(): 11.2948ms
Frame 1756 end
Average processing time of GrabImageRGBD(): 11.2952ms
Frame 1757 end
Average processing time of GrabImageRGBD(): 11.3111ms
Frame 1758 end
Average processing time of GrabImageRGBD(): 11.313ms
Frame 1759 end
Average processing time of GrabImageRGBD(): 11.3131ms
Frame 1760 end
Average processing time of GrabImageRGBD(): 11.3135ms
Frame 1761 end
Average processing time of GrabImageRGBD(): 11.3285ms
Frame 1762 end
Average processing time of GrabImageRGBD(): 11.3296ms
Frame 1763 end
Average processing time of GrabImageRGBD(): 11.3299ms
Frame 1764 end
Average processing time of GrabImageRGBD(): 11.3302ms
Frame 1765 end
Average processing time of GrabImageRGBD(): 11.332ms
Frame 1766 end
Average processing time of GrabImageRGBD(): 11.3321ms
Frame 1767 end
Average processing time of GrabImageRGBD(): 11.3488ms
Frame 1768 end
Average processing time of GrabImageRGBD(): 11.3497ms
Frame 1769 end
Average processing time of GrabImageRGBD(): 11.3494ms
Frame 1770 end
Average processing time of GrabImageRGBD(): 11.3492ms
Frame 1771 end
Average processing time of GrabImageRGBD(): 11.3484ms
Frame 1772 end
Average processing time of GrabImageRGBD(): 11.3635ms
Frame 1773 end
Average processing time of GrabImageRGBD(): 11.3648ms
Frame 1774 end
Average processing time of GrabImageRGBD(): 11.3643ms
Frame 1775 end
Average processing time of GrabImageRGBD(): 11.3643ms
Frame 1776 end
Average processing time of GrabImageRGBD(): 11.3801ms
Frame 1777 end
Average processing time of GrabImageRGBD(): 11.3816ms
Frame 1778 end
Average processing time of GrabImageRGBD(): 11.3812ms
Frame 1779 end
Average processing time of GrabImageRGBD(): 11.381ms
Frame 1780 end
Average processing time of GrabImageRGBD(): 11.3808ms
Frame 1781 end
Average processing time of GrabImageRGBD(): 11.3807ms
Frame 1782 end
Average processing time of GrabImageRGBD(): 11.3808ms
Frame 1783 end
Average processing time of GrabImageRGBD(): 11.3957ms
Frame 1784 end
Average processing time of GrabImageRGBD(): 11.3973ms
Frame 1785 end
Average processing time of GrabImageRGBD(): 11.3972ms
Frame 1786 end
Average processing time of GrabImageRGBD(): 11.4119ms
Frame 1787 end
Average processing time of GrabImageRGBD(): 11.4129ms
Frame 1788 end
Average processing time of GrabImageRGBD(): 11.4129ms
Frame 1789 end
Average processing time of GrabImageRGBD(): 11.4134ms
Frame 1790 end
Average processing time of GrabImageRGBD(): 11.4139ms
Frame 1791 end
Average processing time of GrabImageRGBD(): 11.4122ms
Frame 1792 end
Average processing time of GrabImageRGBD(): 11.4119ms
Frame 1793 end
Average processing time of GrabImageRGBD(): 11.4119ms
Frame 1794 end
Average processing time of GrabImageRGBD(): 11.4103ms
Frame 1795 end
Average processing time of GrabImageRGBD(): 11.41ms
Frame 1796 end
Average processing time of GrabImageRGBD(): 11.4096ms
Frame 1797 end
Average processing time of GrabImageRGBD(): 11.4081ms
Frame 1798 end
Average processing time of GrabImageRGBD(): 11.4241ms
Frame 1799 end
Average processing time of GrabImageRGBD(): 11.426ms
Frame 1800 end
Average processing time of GrabImageRGBD(): 11.4264ms
Frame 1801 end
Average processing time of GrabImageRGBD(): 11.4273ms
Frame 1802 end
Average processing time of GrabImageRGBD(): 11.4292ms
Frame 1803 end
Average processing time of GrabImageRGBD(): 11.4302ms
Frame 1804 end
Average processing time of GrabImageRGBD(): 11.4304ms
Frame 1805 end
Average processing time of GrabImageRGBD(): 11.4468ms
Frame 1806 end
Average processing time of GrabImageRGBD(): 11.4485ms
Frame 1807 end
Average processing time of GrabImageRGBD(): 11.4489ms
Frame 1808 end
Average processing time of GrabImageRGBD(): 11.4485ms
Frame 1809 end
Average processing time of GrabImageRGBD(): 11.4482ms
Frame 1810 end
Average processing time of GrabImageRGBD(): 11.4483ms
Frame 1811 end
Average processing time of GrabImageRGBD(): 11.4477ms
Frame 1812 end
Average processing time of GrabImageRGBD(): 11.4463ms
Frame 1813 end
Average processing time of GrabImageRGBD(): 11.4465ms
Frame 1814 end
Average processing time of GrabImageRGBD(): 11.4469ms
Frame 1815 end
Average processing time of GrabImageRGBD(): 11.4453ms
Frame 1816 end
Average processing time of GrabImageRGBD(): 11.446ms
Frame 1817 end
Average processing time of GrabImageRGBD(): 11.4445ms
Frame 1818 end
Average processing time of GrabImageRGBD(): 11.4451ms
Frame 1819 end
Average processing time of GrabImageRGBD(): 11.4462ms
Frame 1820 end
Average processing time of GrabImageRGBD(): 11.4625ms
Frame 1821 end
Average processing time of GrabImageRGBD(): 11.4808ms
Frame 1822 end
Average processing time of GrabImageRGBD(): 11.4993ms
Frame 1823 end
Average processing time of GrabImageRGBD(): 11.5001ms
Frame 1824 end
Average processing time of GrabImageRGBD(): 11.5178ms
Frame 1825 end
Average processing time of GrabImageRGBD(): 11.5195ms
Frame 1826 end
Average processing time of GrabImageRGBD(): 11.5202ms
Frame 1827 end
Average processing time of GrabImageRGBD(): 11.5204ms
Frame 1828 end
Average processing time of GrabImageRGBD(): 11.5204ms
Frame 1829 end
Average processing time of GrabImageRGBD(): 11.5212ms
Frame 1830 end
Average processing time of GrabImageRGBD(): 11.5227ms
Frame 1831 end
Average processing time of GrabImageRGBD(): 11.5235ms
Frame 1832 end
Average processing time of GrabImageRGBD(): 11.5407ms
Frame 1833 end
Average processing time of GrabImageRGBD(): 11.5421ms
Frame 1834 end
Average processing time of GrabImageRGBD(): 11.5599ms
Frame 1835 end
Average processing time of GrabImageRGBD(): 11.5793ms
Frame 1836 end
Average processing time of GrabImageRGBD(): 11.5799ms
Frame 1837 end
Average processing time of GrabImageRGBD(): 11.5805ms
Frame 1838 end
Average processing time of GrabImageRGBD(): 11.5805ms
Frame 1839 end
Average processing time of GrabImageRGBD(): 11.5803ms
Frame 1840 end
Average processing time of GrabImageRGBD(): 11.58ms
Frame 1841 end
Average processing time of GrabImageRGBD(): 11.5808ms
Frame 1842 end
Average processing time of GrabImageRGBD(): 11.5977ms
Frame 1843 end
Average processing time of GrabImageRGBD(): 11.5995ms
Frame 1844 end
Average processing time of GrabImageRGBD(): 11.5999ms
Frame 1845 end
Average processing time of GrabImageRGBD(): 11.6004ms
Frame 1846 end
Average processing time of GrabImageRGBD(): 11.6176ms
Frame 1847 end
Average processing time of GrabImageRGBD(): 11.6195ms
Frame 1848 end
Average processing time of GrabImageRGBD(): 11.6183ms
Frame 1849 end
Average processing time of GrabImageRGBD(): 11.6186ms
Frame 1850 end
Average processing time of GrabImageRGBD(): 11.6186ms
Frame 1851 end
Average processing time of GrabImageRGBD(): 11.6196ms
Frame 1852 end
Average processing time of GrabImageRGBD(): 11.6377ms
Frame 1853 end
Average processing time of GrabImageRGBD(): 11.6404ms
Frame 1854 end
Average processing time of GrabImageRGBD(): 11.6566ms
Frame 1855 end
Average processing time of GrabImageRGBD(): 11.6588ms
Frame 1856 end
Average processing time of GrabImageRGBD(): 11.6586ms
Frame 1857 end
Average processing time of GrabImageRGBD(): 11.6589ms
Frame 1858 end
Average processing time of GrabImageRGBD(): 11.6599ms
Frame 1859 end
Average processing time of GrabImageRGBD(): 11.6594ms
Frame 1860 end
Average processing time of GrabImageRGBD(): 11.6598ms
Frame 1861 end
Average processing time of GrabImageRGBD(): 11.6609ms
Frame 1862 end
Average processing time of GrabImageRGBD(): 11.6609ms
Frame 1863 end
Average processing time of GrabImageRGBD(): 11.6619ms
Frame 1864 end
Average processing time of GrabImageRGBD(): 11.6614ms
Frame 1865 end
Average processing time of GrabImageRGBD(): 11.6599ms
Frame 1866 end
Average processing time of GrabImageRGBD(): 11.6588ms
Frame 1867 end
Average processing time of GrabImageRGBD(): 11.6602ms
Frame 1868 end
Average processing time of GrabImageRGBD(): 11.6756ms
Frame 1869 end
Average processing time of GrabImageRGBD(): 11.6772ms
Frame 1870 end
Average processing time of GrabImageRGBD(): 11.676ms
Frame 1871 end
Average processing time of GrabImageRGBD(): 11.6756ms
Frame 1872 end
Average processing time of GrabImageRGBD(): 11.6752ms
Frame 1873 end
Average processing time of GrabImageRGBD(): 11.6752ms
Frame 1874 end
Average processing time of GrabImageRGBD(): 11.6764ms
Frame 1875 end
Average processing time of GrabImageRGBD(): 11.6922ms
Frame 1876 end
Average processing time of GrabImageRGBD(): 11.6933ms
Frame 1877 end
Average processing time of GrabImageRGBD(): 11.6943ms
Frame 1878 end
Average processing time of GrabImageRGBD(): 11.6938ms
Frame 1879 end
Average processing time of GrabImageRGBD(): 11.6941ms
Frame 1880 end
Average processing time of GrabImageRGBD(): 11.6946ms
Frame 1881 end
Average processing time of GrabImageRGBD(): 11.6942ms
Frame 1882 end
Average processing time of GrabImageRGBD(): 11.696ms
Frame 1883 end
Average processing time of GrabImageRGBD(): 11.6958ms
Frame 1884 end
Average processing time of GrabImageRGBD(): 11.6975ms
Frame 1885 end
Average processing time of GrabImageRGBD(): 11.7003ms
Frame 1886 end
Average processing time of GrabImageRGBD(): 11.7011ms
Frame 1887 end
Average processing time of GrabImageRGBD(): 11.7017ms
Frame 1888 end
Average processing time of GrabImageRGBD(): 11.7044ms
Frame 1889 end
Average processing time of GrabImageRGBD(): 11.7049ms
Frame 1890 end
Average processing time of GrabImageRGBD(): 11.7051ms
Frame 1891 end
Average processing time of GrabImageRGBD(): 11.7063ms
Frame 1892 end
Average processing time of GrabImageRGBD(): 11.7223ms
Frame 1893 end
Average processing time of GrabImageRGBD(): 11.724ms
Frame 1894 end
Average processing time of GrabImageRGBD(): 11.7231ms
Frame 1895 end
Average processing time of GrabImageRGBD(): 11.7223ms
Frame 1896 end
Average processing time of GrabImageRGBD(): 11.7217ms
Frame 1897 end
Average processing time of GrabImageRGBD(): 11.7226ms
Frame 1898 end
Average processing time of GrabImageRGBD(): 11.7234ms
Frame 1899 end
Average processing time of GrabImageRGBD(): 11.7232ms
Frame 1900 end
Average processing time of GrabImageRGBD(): 11.7241ms
Frame 1901 end
Average processing time of GrabImageRGBD(): 11.7249ms
Frame 1902 end
Average processing time of GrabImageRGBD(): 11.7267ms
Frame 1903 end
Average processing time of GrabImageRGBD(): 11.7282ms
Frame 1904 end
Average processing time of GrabImageRGBD(): 11.7287ms
Frame 1905 end
Average processing time of GrabImageRGBD(): 11.7304ms
Frame 1906 end
Average processing time of GrabImageRGBD(): 11.7307ms
Frame 1907 end
Average processing time of GrabImageRGBD(): 11.7301ms
Frame 1908 end
Average processing time of GrabImageRGBD(): 11.7306ms
Frame 1909 end
Average processing time of GrabImageRGBD(): 11.7295ms
Frame 1910 end
Average processing time of GrabImageRGBD(): 11.7302ms
Frame 1911 end
Average processing time of GrabImageRGBD(): 11.731ms
Frame 1912 end
Average processing time of GrabImageRGBD(): 11.7318ms
Frame 1913 end
Average processing time of GrabImageRGBD(): 11.7482ms
Frame 1914 end
Average processing time of GrabImageRGBD(): 11.749ms
Frame 1915 end
Average processing time of GrabImageRGBD(): 11.749ms
Frame 1916 end
Average processing time of GrabImageRGBD(): 11.7493ms
Frame 1917 end
Average processing time of GrabImageRGBD(): 11.7485ms
Frame 1918 end
Average processing time of GrabImageRGBD(): 11.7482ms
Frame 1919 end
Average processing time of GrabImageRGBD(): 11.7475ms
Frame 1920 end
Average processing time of GrabImageRGBD(): 11.7469ms
Frame 1921 end
Average processing time of GrabImageRGBD(): 11.7482ms
Frame 1922 end
Average processing time of GrabImageRGBD(): 11.7491ms
Frame 1923 end
Average processing time of GrabImageRGBD(): 11.7492ms
Frame 1924 end
Average processing time of GrabImageRGBD(): 11.7487ms
Frame 1925 end
Average processing time of GrabImageRGBD(): 11.7485ms
Frame 1926 end
Average processing time of GrabImageRGBD(): 11.7473ms
Frame 1927 end
Average processing time of GrabImageRGBD(): 11.7486ms
Frame 1928 end
Average processing time of GrabImageRGBD(): 11.7502ms
Frame 1929 end
Average processing time of GrabImageRGBD(): 11.7521ms
Frame 1930 end
Average processing time of GrabImageRGBD(): 11.7535ms
Frame 1931 end
Average processing time of GrabImageRGBD(): 11.7547ms
Frame 1932 end
Average processing time of GrabImageRGBD(): 11.7558ms
Frame 1933 end
Average processing time of GrabImageRGBD(): 11.7573ms
Frame 1934 end
Average processing time of GrabImageRGBD(): 11.7571ms
Frame 1935 end
Average processing time of GrabImageRGBD(): 11.7733ms
Frame 1936 end
Average processing time of GrabImageRGBD(): 11.7739ms
Frame 1937 end
Average processing time of GrabImageRGBD(): 11.775ms
Frame 1938 end
Average processing time of GrabImageRGBD(): 11.7755ms
Frame 1939 end
Average processing time of GrabImageRGBD(): 11.776ms
Frame 1940 end
Average processing time of GrabImageRGBD(): 11.7763ms
Frame 1941 end
Average processing time of GrabImageRGBD(): 11.7751ms
Frame 1942 end
Average processing time of GrabImageRGBD(): 11.7764ms
Frame 1943 end
Average processing time of GrabImageRGBD(): 11.777ms
Frame 1944 end
Average processing time of GrabImageRGBD(): 11.7769ms
Frame 1945 end
Average processing time of GrabImageRGBD(): 11.7768ms
Frame 1946 end
Average processing time of GrabImageRGBD(): 11.7759ms
Frame 1947 end
Average processing time of GrabImageRGBD(): 11.7754ms
Frame 1948 end
Average processing time of GrabImageRGBD(): 11.7762ms
Frame 1949 end
Average processing time of GrabImageRGBD(): 11.7757ms
Frame 1950 end
Average processing time of GrabImageRGBD(): 11.7763ms
Frame 1951 end
Average processing time of GrabImageRGBD(): 11.7759ms
Frame 1952 end
Average processing time of GrabImageRGBD(): 11.7763ms
Frame 1953 end
Average processing time of GrabImageRGBD(): 11.7768ms
Frame 1954 end
Average processing time of GrabImageRGBD(): 11.7775ms
Frame 1955 end
Average processing time of GrabImageRGBD(): 11.7761ms
Frame 1956 end
Average processing time of GrabImageRGBD(): 11.7771ms
Frame 1957 end
Average processing time of GrabImageRGBD(): 11.7781ms
Frame 1958 end
Average processing time of GrabImageRGBD(): 11.779ms
Frame 1959 end
Average processing time of GrabImageRGBD(): 11.7776ms
Frame 1960 end
Average processing time of GrabImageRGBD(): 11.779ms
Frame 1961 end
Average processing time of GrabImageRGBD(): 11.7804ms
Frame 1962 end
Average processing time of GrabImageRGBD(): 11.7812ms
Frame 1963 end
Average processing time of GrabImageRGBD(): 11.7954ms
Frame 1964 end
Average processing time of GrabImageRGBD(): 11.7968ms
Frame 1965 end
Average processing time of GrabImageRGBD(): 11.7975ms
Frame 1966 end
Average processing time of GrabImageRGBD(): 11.7977ms
Frame 1967 end
Average processing time of GrabImageRGBD(): 11.7981ms
Frame 1968 end
Average processing time of GrabImageRGBD(): 11.7991ms
Frame 1969 end
Average processing time of GrabImageRGBD(): 11.8ms
Frame 1970 end
Average processing time of GrabImageRGBD(): 11.8017ms
Frame 1971 end
Average processing time of GrabImageRGBD(): 11.8028ms
Frame 1972 end
Average processing time of GrabImageRGBD(): 11.8028ms
Frame 1973 end
Average processing time of GrabImageRGBD(): 11.8041ms
Frame 1974 end
Average processing time of GrabImageRGBD(): 11.8029ms
Frame 1975 end
Average processing time of GrabImageRGBD(): 11.8039ms
Frame 1976 end
Average processing time of GrabImageRGBD(): 11.8038ms
Frame 1977 end
Average processing time of GrabImageRGBD(): 11.8041ms
Frame 1978 end
Average processing time of GrabImageRGBD(): 11.8052ms
Frame 1979 end
Average processing time of GrabImageRGBD(): 11.8057ms
Frame 1980 end
Average processing time of GrabImageRGBD(): 11.8063ms
Frame 1981 end
Average processing time of GrabImageRGBD(): 11.8228ms
Frame 1982 end
Average processing time of GrabImageRGBD(): 11.8243ms
Frame 1983 end
Average processing time of GrabImageRGBD(): 11.823ms
Frame 1984 end
Average processing time of GrabImageRGBD(): 11.8228ms
Frame 1985 end
Average processing time of GrabImageRGBD(): 11.8225ms
Frame 1986 end
Average processing time of GrabImageRGBD(): 11.8218ms
Frame 1987 end
Average processing time of GrabImageRGBD(): 11.823ms
Frame 1988 end
Average processing time of GrabImageRGBD(): 11.8236ms
Frame 1989 end
Average processing time of GrabImageRGBD(): 11.8232ms
Frame 1990 end
Average processing time of GrabImageRGBD(): 11.8236ms
Frame 1991 end
Average processing time of GrabImageRGBD(): 11.824ms
Frame 1992 end
Average processing time of GrabImageRGBD(): 11.8234ms
Frame 1993 end
Average processing time of GrabImageRGBD(): 11.8225ms
Frame 1994 end
Average processing time of GrabImageRGBD(): 11.823ms
Frame 1995 end
Average processing time of GrabImageRGBD(): 11.8233ms
Frame 1996 end
Average processing time of GrabImageRGBD(): 11.8233ms
Frame 1997 end
Average processing time of GrabImageRGBD(): 11.8218ms
Frame 1998 end
Average processing time of GrabImageRGBD(): 11.8218ms
Frame 1999 end
Average processing time of GrabImageRGBD(): 11.8221ms
Frame 2000 end
Average processing time of GrabImageRGBD(): 11.8219ms
Frame 2001 end
Average processing time of GrabImageRGBD(): 11.8355ms
Frame 2002 end
Average processing time of GrabImageRGBD(): 11.8364ms
Frame 2003 end
Average processing time of GrabImageRGBD(): 11.8367ms
Frame 2004 end
Average processing time of GrabImageRGBD(): 11.8371ms
Frame 2005 end
Average processing time of GrabImageRGBD(): 11.8376ms
Frame 2006 end
Average processing time of GrabImageRGBD(): 11.838ms
Frame 2007 end
Average processing time of GrabImageRGBD(): 11.8363ms
Frame 2008 end
Average processing time of GrabImageRGBD(): 11.8359ms
Frame 2009 end
Average processing time of GrabImageRGBD(): 11.8364ms
Frame 2010 end
Average processing time of GrabImageRGBD(): 11.8347ms
Frame 2011 end
Average processing time of GrabImageRGBD(): 11.8346ms
Frame 2012 end
Average processing time of GrabImageRGBD(): 11.8353ms
Frame 2013 end
Average processing time of GrabImageRGBD(): 11.8351ms
Frame 2014 end
Average processing time of GrabImageRGBD(): 11.8344ms
Frame 2015 end
Average processing time of GrabImageRGBD(): 11.8329ms
Frame 2016 end
Average processing time of GrabImageRGBD(): 11.8325ms
Frame 2017 end
Average processing time of GrabImageRGBD(): 11.8317ms
Frame 2018 end
Average processing time of GrabImageRGBD(): 11.8317ms
Frame 2019 end
Average processing time of GrabImageRGBD(): 11.8313ms
Frame 2020 end
Average processing time of GrabImageRGBD(): 11.8326ms
Frame 2021 end
Average processing time of GrabImageRGBD(): 11.8331ms
Frame 2022 end
Average processing time of GrabImageRGBD(): 11.8488ms
Frame 2023 end
Average processing time of GrabImageRGBD(): 11.8499ms
Frame 2024 end
Average processing time of GrabImageRGBD(): 11.8493ms
Frame 2025 end
Average processing time of GrabImageRGBD(): 11.8488ms
Frame 2026 end
Average processing time of GrabImageRGBD(): 11.847ms
Frame 2027 end
Average processing time of GrabImageRGBD(): 11.8471ms
Frame 2028 end
Average processing time of GrabImageRGBD(): 11.8467ms
Frame 2029 end
Average processing time of GrabImageRGBD(): 11.8472ms
Frame 2030 end
Average processing time of GrabImageRGBD(): 11.8476ms
Frame 2031 end
Average processing time of GrabImageRGBD(): 11.8478ms
Frame 2032 end
Average processing time of GrabImageRGBD(): 11.848ms
Frame 2033 end
Average processing time of GrabImageRGBD(): 11.8482ms
Frame 2034 end
Average processing time of GrabImageRGBD(): 11.8489ms
Frame 2035 end
Average processing time of GrabImageRGBD(): 11.8476ms
Frame 2036 end
Average processing time of GrabImageRGBD(): 11.8463ms
Frame 2037 end
Average processing time of GrabImageRGBD(): 11.8458ms
Frame 2038 end
Average processing time of GrabImageRGBD(): 11.8465ms
Frame 2039 end
Average processing time of GrabImageRGBD(): 11.861ms
Frame 2040 end
Average processing time of GrabImageRGBD(): 11.8623ms
Frame 2041 end
Average processing time of GrabImageRGBD(): 11.8609ms
Frame 2042 end
Average processing time of GrabImageRGBD(): 11.8597ms
Frame 2043 end
Average processing time of GrabImageRGBD(): 11.8594ms
Frame 2044 end
Average processing time of GrabImageRGBD(): 11.8588ms
Frame 2045 end
Average processing time of GrabImageRGBD(): 11.8589ms
Frame 2046 end
Average processing time of GrabImageRGBD(): 11.8591ms
Frame 2047 end
Average processing time of GrabImageRGBD(): 11.8582ms
Frame 2048 end
Average processing time of GrabImageRGBD(): 11.8575ms
Frame 2049 end
Average processing time of GrabImageRGBD(): 11.8578ms
Frame 2050 end
Average processing time of GrabImageRGBD(): 11.858ms
Frame 2051 end
Average processing time of GrabImageRGBD(): 11.858ms
Frame 2052 end
Average processing time of GrabImageRGBD(): 11.858ms
Frame 2053 end
Average processing time of GrabImageRGBD(): 11.8583ms
Frame 2054 end
Average processing time of GrabImageRGBD(): 11.8583ms
Frame 2055 end
Average processing time of GrabImageRGBD(): 11.8587ms
Frame 2056 end
Average processing time of GrabImageRGBD(): 11.858ms
Frame 2057 end
Average processing time of GrabImageRGBD(): 11.8578ms
Frame 2058 end
Average processing time of GrabImageRGBD(): 11.8582ms
Frame 2059 end
Average processing time of GrabImageRGBD(): 11.8592ms
Frame 2060 end
Average processing time of GrabImageRGBD(): 11.8595ms
Frame 2061 end
Average processing time of GrabImageRGBD(): 11.8573ms
Frame 2062 end
Average processing time of GrabImageRGBD(): 11.8711ms
Frame 2063 end
Average processing time of GrabImageRGBD(): 11.8727ms
Frame 2064 end
Average processing time of GrabImageRGBD(): 11.8727ms
Frame 2065 end
Average processing time of GrabImageRGBD(): 11.8727ms
Frame 2066 end
Average processing time of GrabImageRGBD(): 11.8728ms
Frame 2067 end
Average processing time of GrabImageRGBD(): 11.8722ms
Frame 2068 end
Average processing time of GrabImageRGBD(): 11.8721ms
Frame 2069 end
Average processing time of GrabImageRGBD(): 11.8714ms
Frame 2070 end
Average processing time of GrabImageRGBD(): 11.8707ms
Frame 2071 end
Average processing time of GrabImageRGBD(): 11.871ms
Frame 2072 end
Average processing time of GrabImageRGBD(): 11.8707ms
Frame 2073 end
Average processing time of GrabImageRGBD(): 11.8689ms
Frame 2074 end
Average processing time of GrabImageRGBD(): 11.8686ms
Frame 2075 end
Average processing time of GrabImageRGBD(): 11.8681ms
Frame 2076 end
Average processing time of GrabImageRGBD(): 11.8678ms
Frame 2077 end
Average processing time of GrabImageRGBD(): 11.8688ms
Frame 2078 end
Average processing time of GrabImageRGBD(): 11.8683ms
Frame 2079 end
Average processing time of GrabImageRGBD(): 11.8685ms
Frame 2080 end
Average processing time of GrabImageRGBD(): 11.8683ms
Frame 2081 end
Average processing time of GrabImageRGBD(): 11.8679ms
Frame 2082 end
Average processing time of GrabImageRGBD(): 11.8676ms
Frame 2083 end
Average processing time of GrabImageRGBD(): 11.8801ms
Frame 2084 end
Average processing time of GrabImageRGBD(): 11.8812ms
Frame 2085 end
Average processing time of GrabImageRGBD(): 11.8813ms
Frame 2086 end
Average processing time of GrabImageRGBD(): 11.8814ms
Frame 2087 end
Average processing time of GrabImageRGBD(): 11.8828ms
Frame 2088 end
Average processing time of GrabImageRGBD(): 11.8815ms
Frame 2089 end
Average processing time of GrabImageRGBD(): 11.8816ms
Frame 2090 end
Average processing time of GrabImageRGBD(): 11.8817ms
Frame 2091 end
Average processing time of GrabImageRGBD(): 11.8813ms
Frame 2092 end
Average processing time of GrabImageRGBD(): 11.881ms
Frame 2093 end
Average processing time of GrabImageRGBD(): 11.8819ms
Frame 2094 end
Average processing time of GrabImageRGBD(): 11.8827ms
Frame 2095 end
Average processing time of GrabImageRGBD(): 11.8829ms
Frame 2096 end
Average processing time of GrabImageRGBD(): 11.8832ms
Frame 2097 end
Average processing time of GrabImageRGBD(): 11.8829ms
Frame 2098 end
Average processing time of GrabImageRGBD(): 11.8828ms
Frame 2099 end
Average processing time of GrabImageRGBD(): 11.882ms
Frame 2100 end
Average processing time of GrabImageRGBD(): 11.8815ms
Frame 2101 end
Average processing time of GrabImageRGBD(): 11.8811ms
Frame 2102 end
Average processing time of GrabImageRGBD(): 11.8813ms
Frame 2103 end
Average processing time of GrabImageRGBD(): 11.8805ms
Frame 2104 end
Average processing time of GrabImageRGBD(): 11.894ms
Frame 2105 end
Average processing time of GrabImageRGBD(): 11.894ms
Frame 2106 end
Average processing time of GrabImageRGBD(): 11.8949ms
Frame 2107 end
Average processing time of GrabImageRGBD(): 11.8947ms
Frame 2108 end
Average processing time of GrabImageRGBD(): 11.8959ms
Frame 2109 end
Average processing time of GrabImageRGBD(): 11.8961ms
Frame 2110 end
Average processing time of GrabImageRGBD(): 11.8961ms
Frame 2111 end
Average processing time of GrabImageRGBD(): 11.8964ms
Frame 2112 end
Average processing time of GrabImageRGBD(): 11.8962ms
Frame 2113 end
Average processing time of GrabImageRGBD(): 11.8965ms
Frame 2114 end
Average processing time of GrabImageRGBD(): 11.8967ms
Frame 2115 end
Average processing time of GrabImageRGBD(): 11.896ms
Frame 2116 end
Average processing time of GrabImageRGBD(): 11.8947ms
Frame 2117 end
Average processing time of GrabImageRGBD(): 11.8945ms
Frame 2118 end
Average processing time of GrabImageRGBD(): 11.8939ms
Frame 2119 end
Average processing time of GrabImageRGBD(): 11.894ms
Frame 2120 end
Average processing time of GrabImageRGBD(): 11.907ms
Frame 2121 end
Average processing time of GrabImageRGBD(): 11.9227ms
Frame 2122 end
Average processing time of GrabImageRGBD(): 11.9233ms
Frame 2123 end
Average processing time of GrabImageRGBD(): 11.9242ms
Frame 2124 end
Average processing time of GrabImageRGBD(): 11.9241ms
Frame 2125 end
Average processing time of GrabImageRGBD(): 11.9232ms
Frame 2126 end
Average processing time of GrabImageRGBD(): 11.9233ms
Frame 2127 end
Average processing time of GrabImageRGBD(): 11.9235ms
Frame 2128 end
Average processing time of GrabImageRGBD(): 11.9237ms
Frame 2129 end
Average processing time of GrabImageRGBD(): 11.9231ms
Frame 2130 end
Average processing time of GrabImageRGBD(): 11.9228ms
Frame 2131 end
Average processing time of GrabImageRGBD(): 11.9237ms
Frame 2132 end
Average processing time of GrabImageRGBD(): 11.9241ms
Frame 2133 end
Average processing time of GrabImageRGBD(): 11.9244ms
Frame 2134 end
Average processing time of GrabImageRGBD(): 11.9245ms
Frame 2135 end
Average processing time of GrabImageRGBD(): 11.9228ms
Frame 2136 end
Average processing time of GrabImageRGBD(): 11.9223ms
Frame 2137 end
Average processing time of GrabImageRGBD(): 11.9237ms
Frame 2138 end
Average processing time of GrabImageRGBD(): 11.9231ms
Frame 2139 end
Average processing time of GrabImageRGBD(): 11.9378ms
Frame 2140 end
Average processing time of GrabImageRGBD(): 11.9397ms
Frame 2141 end
Average processing time of GrabImageRGBD(): 11.9389ms
Frame 2142 end
Average processing time of GrabImageRGBD(): 11.9393ms
Frame 2143 end
Average processing time of GrabImageRGBD(): 11.9387ms
Frame 2144 end
Average processing time of GrabImageRGBD(): 11.9385ms
Frame 2145 end
Average processing time of GrabImageRGBD(): 11.9396ms
Frame 2146 end
Average processing time of GrabImageRGBD(): 11.9409ms
Frame 2147 end
Average processing time of GrabImageRGBD(): 11.9408ms
Frame 2148 end
Average processing time of GrabImageRGBD(): 11.9412ms
Frame 2149 end
Average processing time of GrabImageRGBD(): 11.9405ms
Frame 2150 end
Average processing time of GrabImageRGBD(): 11.9542ms
Frame 2151 end
Average processing time of GrabImageRGBD(): 11.9559ms
Frame 2152 end
Average processing time of GrabImageRGBD(): 11.9549ms
Frame 2153 end
Average processing time of GrabImageRGBD(): 11.9534ms
Frame 2154 end
Average processing time of GrabImageRGBD(): 11.9523ms
Frame 2155 end
Average processing time of GrabImageRGBD(): 11.951ms
Frame 2156 end
Average processing time of GrabImageRGBD(): 11.9506ms
Frame 2157 end
Average processing time of GrabImageRGBD(): 11.9494ms
Frame 2158 end
Average processing time of GrabImageRGBD(): 11.9502ms
Frame 2159 end
Average processing time of GrabImageRGBD(): 11.9501ms
Frame 2160 end
Average processing time of GrabImageRGBD(): 11.9494ms
Frame 2161 end
Average processing time of GrabImageRGBD(): 11.9492ms
Frame 2162 end
Average processing time of GrabImageRGBD(): 11.9475ms
Frame 2163 end
Average processing time of GrabImageRGBD(): 11.9476ms
Frame 2164 end
Average processing time of GrabImageRGBD(): 11.9477ms
Frame 2165 end
Average processing time of GrabImageRGBD(): 11.9474ms
Frame 2166 end
Average processing time of GrabImageRGBD(): 11.9476ms
Frame 2167 end
Average processing time of GrabImageRGBD(): 11.9471ms
Frame 2168 end
Average processing time of GrabImageRGBD(): 11.9455ms
Frame 2169 end
Average processing time of GrabImageRGBD(): 11.9583ms
Frame 2170 end
Average processing time of GrabImageRGBD(): 11.9596ms
Frame 2171 end
Average processing time of GrabImageRGBD(): 11.9598ms
Frame 2172 end
Average processing time of GrabImageRGBD(): 11.9599ms
Frame 2173 end
Average processing time of GrabImageRGBD(): 11.96ms
Frame 2174 end
Average processing time of GrabImageRGBD(): 11.9602ms
Frame 2175 end
Average processing time of GrabImageRGBD(): 11.9605ms
Frame 2176 end
Average processing time of GrabImageRGBD(): 11.9598ms
Frame 2177 end
Average processing time of GrabImageRGBD(): 11.9602ms
Frame 2178 end
Average processing time of GrabImageRGBD(): 11.9605ms
Frame 2179 end
Average processing time of GrabImageRGBD(): 11.9615ms
Frame 2180 end
Average processing time of GrabImageRGBD(): 11.9618ms
Frame 2181 end
Average processing time of GrabImageRGBD(): 11.9621ms
Frame 2182 end
Average processing time of GrabImageRGBD(): 11.9608ms
Frame 2183 end
Average processing time of GrabImageRGBD(): 11.9613ms
Frame 2184 end
Average processing time of GrabImageRGBD(): 11.9604ms
Frame 2185 end
Average processing time of GrabImageRGBD(): 11.9598ms
Frame 2186 end
Average processing time of GrabImageRGBD(): 11.9595ms
Frame 2187 end
Average processing time of GrabImageRGBD(): 11.9589ms
Frame 2188 end
Average processing time of GrabImageRGBD(): 11.9598ms
Frame 2189 end
Average processing time of GrabImageRGBD(): 11.9593ms
Frame 2190 end
Average processing time of GrabImageRGBD(): 11.96ms
Frame 2191 end
Average processing time of GrabImageRGBD(): 11.9721ms
Frame 2192 end
Average processing time of GrabImageRGBD(): 11.9738ms
Frame 2193 end
Average processing time of GrabImageRGBD(): 11.974ms
Frame 2194 end
Average processing time of GrabImageRGBD(): 11.9727ms
Frame 2195 end
Average processing time of GrabImageRGBD(): 11.9727ms
Frame 2196 end
Average processing time of GrabImageRGBD(): 11.9723ms
Frame 2197 end
Average processing time of GrabImageRGBD(): 11.9731ms
Frame 2198 end
Average processing time of GrabImageRGBD(): 11.9741ms
Frame 2199 end
Average processing time of GrabImageRGBD(): 11.9873ms
Frame 2200 end
Average processing time of GrabImageRGBD(): 11.9887ms
Frame 2201 end
Average processing time of GrabImageRGBD(): 11.9887ms
Frame 2202 end
Average processing time of GrabImageRGBD(): 11.9882ms
Frame 2203 end
Average processing time of GrabImageRGBD(): 12.0008ms
Frame 2204 end
Average processing time of GrabImageRGBD(): 12.0033ms
Frame 2205 end
Average processing time of GrabImageRGBD(): 12.0033ms
Frame 2206 end
Average processing time of GrabImageRGBD(): 12.0038ms
Frame 2207 end
Average processing time of GrabImageRGBD(): 12.0036ms
Frame 2208 end
Average processing time of GrabImageRGBD(): 12.0169ms
Frame 2209 end
Average processing time of GrabImageRGBD(): 12.0198ms
Frame 2210 end
Average processing time of GrabImageRGBD(): 12.0185ms
Frame 2211 end
Average processing time of GrabImageRGBD(): 12.0182ms
Frame 2212 end
Average processing time of GrabImageRGBD(): 12.033ms
Frame 2213 end
Average processing time of GrabImageRGBD(): 12.0347ms
Frame 2214 end
Average processing time of GrabImageRGBD(): 12.0361ms
Frame 2215 end
Average processing time of GrabImageRGBD(): 12.0364ms
Frame 2216 end
Average processing time of GrabImageRGBD(): 12.0373ms
Frame 2217 end
Average processing time of GrabImageRGBD(): 12.0372ms
Frame 2218 end
Average processing time of GrabImageRGBD(): 12.0378ms
Frame 2219 end
Average processing time of GrabImageRGBD(): 12.049ms
Frame 2220 end
Average processing time of GrabImageRGBD(): 12.0502ms
Frame 2221 end
Average processing time of GrabImageRGBD(): 12.0499ms
Frame 2222 end
Average processing time of GrabImageRGBD(): 12.051ms
Frame 2223 end
Average processing time of GrabImageRGBD(): 12.051ms
Frame 2224 end
Average processing time of GrabImageRGBD(): 12.0632ms
Frame 2225 end
Average processing time of GrabImageRGBD(): 12.0644ms
Frame 2226 end
Average processing time of GrabImageRGBD(): 12.0763ms
Frame 2227 end
Average processing time of GrabImageRGBD(): 12.0771ms
Frame 2228 end
Average processing time of GrabImageRGBD(): 12.0755ms
Frame 2229 end
Average processing time of GrabImageRGBD(): 12.075ms
Frame 2230 end
Average processing time of GrabImageRGBD(): 12.0729ms
Frame 2231 end
Average processing time of GrabImageRGBD(): 12.0723ms
Frame 2232 end
Average processing time of GrabImageRGBD(): 12.0719ms
Frame 2233 end
Average processing time of GrabImageRGBD(): 12.0717ms
Frame 2234 end
Average processing time of GrabImageRGBD(): 12.0841ms
Frame 2235 end
Average processing time of GrabImageRGBD(): 12.0852ms
Frame 2236 end
Average processing time of GrabImageRGBD(): 12.0849ms
Frame 2237 end
Average processing time of GrabImageRGBD(): 12.0848ms
Frame 2238 end
Average processing time of GrabImageRGBD(): 12.0849ms
Frame 2239 end
Average processing time of GrabImageRGBD(): 12.0851ms
Frame 2240 end
Average processing time of GrabImageRGBD(): 12.0847ms
Frame 2241 end
Average processing time of GrabImageRGBD(): 12.0974ms
Frame 2242 end
Average processing time of GrabImageRGBD(): 12.098ms
Frame 2243 end
Average processing time of GrabImageRGBD(): 12.0977ms
Frame 2244 end
Average processing time of GrabImageRGBD(): 12.1098ms
Frame 2245 end
Average processing time of GrabImageRGBD(): 12.1104ms
Frame 2246 end
Average processing time of GrabImageRGBD(): 12.11ms
Frame 2247 end
Average processing time of GrabImageRGBD(): 12.1096ms
Frame 2248 end
Average processing time of GrabImageRGBD(): 12.1249ms
Frame 2249 end
Average processing time of GrabImageRGBD(): 12.1255ms
Frame 2250 end
Average processing time of GrabImageRGBD(): 12.1263ms
Frame 2251 end
Average processing time of GrabImageRGBD(): 12.1261ms
Frame 2252 end
Average processing time of GrabImageRGBD(): 12.1273ms
Frame 2253 end
Average processing time of GrabImageRGBD(): 12.1269ms
Frame 2254 end
Average processing time of GrabImageRGBD(): 12.1266ms
Frame 2255 end
Average processing time of GrabImageRGBD(): 12.1273ms
Frame 2256 end
Average processing time of GrabImageRGBD(): 12.1272ms
Frame 2257 end
Average processing time of GrabImageRGBD(): 12.1275ms
Frame 2258 end
Average processing time of GrabImageRGBD(): 12.1276ms
Frame 2259 end
Average processing time of GrabImageRGBD(): 12.1277ms
Frame 2260 end
Average processing time of GrabImageRGBD(): 12.1282ms
Frame 2261 end
Average processing time of GrabImageRGBD(): 12.1396ms
Frame 2262 end
Average processing time of GrabImageRGBD(): 12.1402ms
Frame 2263 end
Average processing time of GrabImageRGBD(): 12.1398ms
Frame 2264 end
Average processing time of GrabImageRGBD(): 12.1393ms
Frame 2265 end
Average processing time of GrabImageRGBD(): 12.1387ms
Frame 2266 end
Average processing time of GrabImageRGBD(): 12.1401ms
Frame 2267 end
Average processing time of GrabImageRGBD(): 12.1406ms
Frame 2268 end
Average processing time of GrabImageRGBD(): 12.1403ms
Frame 2269 end
Average processing time of GrabImageRGBD(): 12.1408ms
Frame 2270 end
Average processing time of GrabImageRGBD(): 12.1418ms
Frame 2271 end
Average processing time of GrabImageRGBD(): 12.1437ms
Frame 2272 end
Average processing time of GrabImageRGBD(): 12.1552ms
Frame 2273 end
Average processing time of GrabImageRGBD(): 12.1563ms
Frame 2274 end
Average processing time of GrabImageRGBD(): 12.1559ms
Frame 2275 end
Average processing time of GrabImageRGBD(): 12.156ms
Frame 2276 end
Average processing time of GrabImageRGBD(): 12.1561ms
Frame 2277 end
Average processing time of GrabImageRGBD(): 12.1562ms
Frame 2278 end
Average processing time of GrabImageRGBD(): 12.1566ms
Frame 2279 end
Average processing time of GrabImageRGBD(): 12.1567ms
Frame 2280 end
Average processing time of GrabImageRGBD(): 12.1572ms
Frame 2281 end
Average processing time of GrabImageRGBD(): 12.1571ms
Frame 2282 end
Average processing time of GrabImageRGBD(): 12.1692ms
Frame 2283 end
Average processing time of GrabImageRGBD(): 12.1698ms
Frame 2284 end
Average processing time of GrabImageRGBD(): 12.17ms
Frame 2285 end
Average processing time of GrabImageRGBD(): 12.1702ms
Frame 2286 end
Average processing time of GrabImageRGBD(): 12.1706ms
Frame 2287 end
Average processing time of GrabImageRGBD(): 12.171ms
Frame 2288 end
Average processing time of GrabImageRGBD(): 12.1719ms
Frame 2289 end
Average processing time of GrabImageRGBD(): 12.1723ms
Frame 2290 end
Average processing time of GrabImageRGBD(): 12.1836ms
Frame 2291 end
Average processing time of GrabImageRGBD(): 12.1842ms
Frame 2292 end
Average processing time of GrabImageRGBD(): 12.1837ms
Frame 2293 end
Average processing time of GrabImageRGBD(): 12.1834ms
Frame 2294 end
Average processing time of GrabImageRGBD(): 12.1837ms
Frame 2295 end
Average processing time of GrabImageRGBD(): 12.1844ms
Frame 2296 end
Average processing time of GrabImageRGBD(): 12.1855ms
Frame 2297 end
Average processing time of GrabImageRGBD(): 12.1984ms
Frame 2298 end
Average processing time of GrabImageRGBD(): 12.2105ms
Frame 2299 end
Average processing time of GrabImageRGBD(): 12.2119ms
Frame 2300 end
Average processing time of GrabImageRGBD(): 12.2241ms
Frame 2301 end
Average processing time of GrabImageRGBD(): 12.2244ms
Frame 2302 end
Average processing time of GrabImageRGBD(): 12.2252ms
Frame 2303 end
Average processing time of GrabImageRGBD(): 12.2248ms
Frame 2304 end
Average processing time of GrabImageRGBD(): 12.2436ms
Frame 2305 end
Average processing time of GrabImageRGBD(): 12.2448ms
Frame 2306 end
Average processing time of GrabImageRGBD(): 12.2452ms
Frame 2307 end
Average processing time of GrabImageRGBD(): 12.2453ms
Frame 2308 end
Average processing time of GrabImageRGBD(): 12.2449ms
Frame 2309 end
Average processing time of GrabImageRGBD(): 12.2455ms
Frame 2310 end
Average processing time of GrabImageRGBD(): 12.258ms
Frame 2311 end
Average processing time of GrabImageRGBD(): 12.2596ms
Frame 2312 end
Average processing time of GrabImageRGBD(): 12.2577ms
Frame 2313 end
Average processing time of GrabImageRGBD(): 12.2576ms
Frame 2314 end
Average processing time of GrabImageRGBD(): 12.2697ms
Frame 2315 end
Average processing time of GrabImageRGBD(): 12.2702ms
Frame 2316 end
Average processing time of GrabImageRGBD(): 12.2703ms
Frame 2317 end
Average processing time of GrabImageRGBD(): 12.27ms
Frame 2318 end
Average processing time of GrabImageRGBD(): 12.2694ms
Frame 2319 end
Average processing time of GrabImageRGBD(): 12.2685ms
Frame 2320 end
Average processing time of GrabImageRGBD(): 12.267ms
Frame 2321 end
Average processing time of GrabImageRGBD(): 12.2661ms
Frame 2322 end
Average processing time of GrabImageRGBD(): 12.2662ms
Frame 2323 end
Average processing time of GrabImageRGBD(): 12.2662ms
Frame 2324 end
Average processing time of GrabImageRGBD(): 12.2651ms
Frame 2325 end
Average processing time of GrabImageRGBD(): 12.2644ms
Frame 2326 end
Average processing time of GrabImageRGBD(): 12.2637ms
Frame 2327 end
Average processing time of GrabImageRGBD(): 12.2634ms
Frame 2328 end
Average processing time of GrabImageRGBD(): 12.2624ms
Frame 2329 end
Average processing time of GrabImageRGBD(): 12.2617ms
Frame 2330 end
Average processing time of GrabImageRGBD(): 12.2612ms
Frame 2331 end
Average processing time of GrabImageRGBD(): 12.2599ms
Frame 2332 end
Average processing time of GrabImageRGBD(): 12.276ms
Frame 2333 end
Average processing time of GrabImageRGBD(): 12.2763ms
Frame 2334 end
Average processing time of GrabImageRGBD(): 12.2752ms
Frame 2335 end
Average processing time of GrabImageRGBD(): 12.2867ms
Frame 2336 end
Average processing time of GrabImageRGBD(): 12.2871ms
Frame 2337 end
Average processing time of GrabImageRGBD(): 12.2859ms
Frame 2338 end
Average processing time of GrabImageRGBD(): 12.2979ms
Frame 2339 end
Average processing time of GrabImageRGBD(): 12.2982ms
Frame 2340 end
Average processing time of GrabImageRGBD(): 12.309ms
Frame 2341 end
Average processing time of GrabImageRGBD(): 12.3078ms
Frame 2342 end
Average processing time of GrabImageRGBD(): 12.3071ms
Frame 2343 end
Average processing time of GrabImageRGBD(): 12.3054ms
Frame 2344 end
Average processing time of GrabImageRGBD(): 12.3039ms
Frame 2345 end
Average processing time of GrabImageRGBD(): 12.3029ms
Frame 2346 end
Average processing time of GrabImageRGBD(): 12.3021ms
Frame 2347 end
Average processing time of GrabImageRGBD(): 12.3008ms
Frame 2348 end
Average processing time of GrabImageRGBD(): 12.2995ms
Frame 2349 end
Average processing time of GrabImageRGBD(): 12.2985ms
Frame 2350 end
Average processing time of GrabImageRGBD(): 12.2973ms
Frame 2351 end
Average processing time of GrabImageRGBD(): 12.3073ms
Frame 2352 end
Average processing time of GrabImageRGBD(): 12.3072ms
Frame 2353 end
Average processing time of GrabImageRGBD(): 12.3062ms
Frame 2354 end
Average processing time of GrabImageRGBD(): 12.3049ms
Frame 2355 end
Average processing time of GrabImageRGBD(): 12.3148ms
Frame 2356 end
Average processing time of GrabImageRGBD(): 12.3136ms
Frame 2357 end
Average processing time of GrabImageRGBD(): 12.3116ms
Frame 2358 end
Average processing time of GrabImageRGBD(): 12.3098ms
Frame 2359 end
Average processing time of GrabImageRGBD(): 12.3068ms
Frame 2360 end
Average processing time of GrabImageRGBD(): 12.3166ms
Frame 2361 end
Average processing time of GrabImageRGBD(): 12.3162ms
Frame 2362 end
Average processing time of GrabImageRGBD(): 12.3153ms
Frame 2363 end
Average processing time of GrabImageRGBD(): 12.3144ms
Frame 2364 end
Average processing time of GrabImageRGBD(): 12.3131ms
Frame 2365 end
Average processing time of GrabImageRGBD(): 12.3116ms
Frame 2366 end
Average processing time of GrabImageRGBD(): 12.3149ms
Frame 2367 end
Average processing time of GrabImageRGBD(): 12.3128ms
Frame 2368 end
Average processing time of GrabImageRGBD(): 12.3125ms
Frame 2369 end
Average processing time of GrabImageRGBD(): 12.3136ms
Frame 2370 end
Average processing time of GrabImageRGBD(): 12.3133ms
Frame 2371 end
Average processing time of GrabImageRGBD(): 12.3131ms
Frame 2372 end
Average processing time of GrabImageRGBD(): 12.3125ms
Frame 2373 end
Average processing time of GrabImageRGBD(): 12.3109ms
Frame 2374 end
Average processing time of GrabImageRGBD(): 12.3094ms
Frame 2375 end
Average processing time of GrabImageRGBD(): 12.3226ms
Frame 2376 end
Average processing time of GrabImageRGBD(): 12.3228ms
Frame 2377 end
Average processing time of GrabImageRGBD(): 12.3211ms
Frame 2378 end
Average processing time of GrabImageRGBD(): 12.3203ms
Frame 2379 end
Average processing time of GrabImageRGBD(): 12.3191ms
Frame 2380 end
Average processing time of GrabImageRGBD(): 12.3179ms
Frame 2381 end
Average processing time of GrabImageRGBD(): 12.3167ms
Frame 2382 end
Average processing time of GrabImageRGBD(): 12.3159ms
Frame 2383 end
Average processing time of GrabImageRGBD(): 12.3262ms
Frame 2384 end
Average processing time of GrabImageRGBD(): 12.3261ms
Frame 2385 end
Average processing time of GrabImageRGBD(): 12.3252ms
Frame 2386 end
Average processing time of GrabImageRGBD(): 12.3233ms
Frame 2387 end
Average processing time of GrabImageRGBD(): 12.3214ms
Frame 2388 end
Average processing time of GrabImageRGBD(): 12.3202ms
Frame 2389 end
Average processing time of GrabImageRGBD(): 12.3185ms
Frame 2390 end
Average processing time of GrabImageRGBD(): 12.3277ms
Frame 2391 end
Average processing time of GrabImageRGBD(): 12.3268ms
Frame 2392 end
Average processing time of GrabImageRGBD(): 12.3261ms
Frame 2393 end
Average processing time of GrabImageRGBD(): 12.3256ms
Frame 2394 end
Average processing time of GrabImageRGBD(): 12.3241ms
Frame 2395 end
Average processing time of GrabImageRGBD(): 12.3223ms
Frame 2396 end
Average processing time of GrabImageRGBD(): 12.3212ms
Frame 2397 end
Average processing time of GrabImageRGBD(): 12.3308ms
Frame 2398 end
Average processing time of GrabImageRGBD(): 12.33ms
Frame 2399 end
Average processing time of GrabImageRGBD(): 12.3289ms
Frame 2400 end
Average processing time of GrabImageRGBD(): 12.3279ms
Frame 2401 end
Average processing time of GrabImageRGBD(): 12.3273ms
Frame 2402 end
Average processing time of GrabImageRGBD(): 12.3255ms
Frame 2403 end
Average processing time of GrabImageRGBD(): 12.3238ms
Frame 2404 end
Average processing time of GrabImageRGBD(): 12.3223ms
Frame 2405 end
Average processing time of GrabImageRGBD(): 12.3213ms
Frame 2406 end
Average processing time of GrabImageRGBD(): 12.3199ms
Frame 2407 end
Average processing time of GrabImageRGBD(): 12.3174ms
Frame 2408 end
Average processing time of GrabImageRGBD(): 12.3291ms
Frame 2409 end
Average processing time of GrabImageRGBD(): 12.3291ms
Frame 2410 end
Average processing time of GrabImageRGBD(): 12.3278ms
Frame 2411 end
Average processing time of GrabImageRGBD(): 12.3272ms
Frame 2412 end
Average processing time of GrabImageRGBD(): 12.3241ms
Frame 2413 end
Average processing time of GrabImageRGBD(): 12.3234ms
Frame 2414 end
Average processing time of GrabImageRGBD(): 12.3205ms
Frame 2415 end
Average processing time of GrabImageRGBD(): 12.3198ms
Frame 2416 end
Average processing time of GrabImageRGBD(): 12.3185ms
Frame 2417 end
Average processing time of GrabImageRGBD(): 12.3156ms
Frame 2418 end
Average processing time of GrabImageRGBD(): 12.3268ms
Frame 2419 end
Average processing time of GrabImageRGBD(): 12.3257ms
Frame 2420 end
Average processing time of GrabImageRGBD(): 12.3231ms
Frame 2421 end
Average processing time of GrabImageRGBD(): 12.3212ms
Frame 2422 end
Average processing time of GrabImageRGBD(): 12.3181ms
Frame 2423 end
Average processing time of GrabImageRGBD(): 12.3172ms
Frame 2424 end
Average processing time of GrabImageRGBD(): 12.3163ms
Frame 2425 end
Average processing time of GrabImageRGBD(): 12.3146ms
Frame 2426 end
Average processing time of GrabImageRGBD(): 12.3129ms
Frame 2427 end
Average processing time of GrabImageRGBD(): 12.3109ms
Frame 2428 end
Average processing time of GrabImageRGBD(): 12.3231ms
Frame 2429 end
Average processing time of GrabImageRGBD(): 12.3234ms
Frame 2430 end
Average processing time of GrabImageRGBD(): 12.3232ms
Frame 2431 end
Average processing time of GrabImageRGBD(): 12.3332ms
Frame 2432 end
Average processing time of GrabImageRGBD(): 12.3335ms
Frame 2433 end
Average processing time of GrabImageRGBD(): 12.3334ms
Frame 2434 end
Average processing time of GrabImageRGBD(): 12.333ms
Frame 2435 end
Average processing time of GrabImageRGBD(): 12.3314ms
Frame 2436 end
Average processing time of GrabImageRGBD(): 12.3422ms
Frame 2437 end
Average processing time of GrabImageRGBD(): 12.3423ms
Frame 2438 end
Average processing time of GrabImageRGBD(): 12.3406ms
Frame 2439 end
Average processing time of GrabImageRGBD(): 12.3391ms
Frame 2440 end
Average processing time of GrabImageRGBD(): 12.338ms
Frame 2441 end
Average processing time of GrabImageRGBD(): 12.3372ms
Frame 2442 end
Average processing time of GrabImageRGBD(): 12.3353ms
Frame 2443 end
Average processing time of GrabImageRGBD(): 12.3332ms
Frame 2444 end
Average processing time of GrabImageRGBD(): 12.3433ms
Frame 2445 end
Average processing time of GrabImageRGBD(): 12.3435ms
Frame 2446 end
Average processing time of GrabImageRGBD(): 12.3423ms
Frame 2447 end
Average processing time of GrabImageRGBD(): 12.3415ms
Frame 2448 end
Average processing time of GrabImageRGBD(): 12.3393ms
Frame 2449 end
Average processing time of GrabImageRGBD(): 12.3377ms
Frame 2450 end
Average processing time of GrabImageRGBD(): 12.337ms
Frame 2451 end
Average processing time of GrabImageRGBD(): 12.3357ms
Frame 2452 end
Average processing time of GrabImageRGBD(): 12.3345ms
Frame 2453 end
Average processing time of GrabImageRGBD(): 12.3329ms
Frame 2454 end
Average processing time of GrabImageRGBD(): 12.3308ms
Frame 2455 end
Average processing time of GrabImageRGBD(): 12.3305ms
Frame 2456 end
Average processing time of GrabImageRGBD(): 12.3429ms
Frame 2457 end
Average processing time of GrabImageRGBD(): 12.3427ms
Frame 2458 end
Average processing time of GrabImageRGBD(): 12.3417ms
Frame 2459 end
Average processing time of GrabImageRGBD(): 12.3408ms
Frame 2460 end
Average processing time of GrabImageRGBD(): 12.3393ms
Frame 2461 end
Average processing time of GrabImageRGBD(): 12.3371ms
Frame 2462 end
Average processing time of GrabImageRGBD(): 12.3363ms
Frame 2463 end
Average processing time of GrabImageRGBD(): 12.3466ms
Frame 2464 end
Average processing time of GrabImageRGBD(): 12.3468ms
Frame 2465 end
Average processing time of GrabImageRGBD(): 12.3574ms
Frame 2466 end
Average processing time of GrabImageRGBD(): 12.3555ms
Frame 2467 end
Average processing time of GrabImageRGBD(): 12.3549ms
Frame 2468 end
Average processing time of GrabImageRGBD(): 12.3541ms
Frame 2469 end
Average processing time of GrabImageRGBD(): 12.354ms
Frame 2470 end
Average processing time of GrabImageRGBD(): 12.3531ms
Frame 2471 end
Average processing time of GrabImageRGBD(): 12.3534ms
Frame 2472 end
Average processing time of GrabImageRGBD(): 12.3517ms
Frame 2473 end
Average processing time of GrabImageRGBD(): 12.351ms
Frame 2474 end
Average processing time of GrabImageRGBD(): 12.3513ms
Frame 2475 end
Average processing time of GrabImageRGBD(): 12.351ms
Frame 2476 end
Average processing time of GrabImageRGBD(): 12.3504ms
Frame 2477 end
Average processing time of GrabImageRGBD(): 12.3492ms
Frame 2478 end
Average processing time of GrabImageRGBD(): 12.3468ms
Frame 2479 end
Average processing time of GrabImageRGBD(): 12.3456ms
Frame 2480 end
Average processing time of GrabImageRGBD(): 12.3447ms
Frame 2481 end
Average processing time of GrabImageRGBD(): 12.3545ms
Frame 2482 end
Average processing time of GrabImageRGBD(): 12.3537ms
Frame 2483 end
Average processing time of GrabImageRGBD(): 12.3523ms
Frame 2484 end
Average processing time of GrabImageRGBD(): 12.3501ms
Frame 2485 end
Average processing time of GrabImageRGBD(): 12.3487ms
Frame 2486 end
Average processing time of GrabImageRGBD(): 12.3475ms
Frame 2487 end
Average processing time of GrabImageRGBD(): 12.3463ms
Frame 2488 end
Average processing time of GrabImageRGBD(): 12.3443ms
Frame 2489 end
Average processing time of GrabImageRGBD(): 12.343ms
Frame 2490 end
Average processing time of GrabImageRGBD(): 12.3404ms
Frame 2491 end
Average processing time of GrabImageRGBD(): 12.3392ms
Frame 2492 end
Average processing time of GrabImageRGBD(): 12.3372ms
Frame 2493 end
Average processing time of GrabImageRGBD(): 12.3352ms
Frame 2494 end
Average processing time of GrabImageRGBD(): 12.3347ms
Frame 2495 end
Average processing time of GrabImageRGBD(): 12.3321ms
Frame 2496 end
Average processing time of GrabImageRGBD(): 12.331ms
Frame 2497 end
Average processing time of GrabImageRGBD(): 12.3464ms
Frame 2498 end
Average processing time of GrabImageRGBD(): 12.3446ms
Frame 2499 end
Average processing time of GrabImageRGBD(): 12.3435ms
Frame 2500 end
Average processing time of GrabImageRGBD(): 12.3409ms
Frame 2501 end
Average processing time of GrabImageRGBD(): 12.3403ms
Frame 2502 end
Average processing time of GrabImageRGBD(): 12.3387ms
Frame 2503 end
Average processing time of GrabImageRGBD(): 12.3493ms
Frame 2504 end
Average processing time of GrabImageRGBD(): 12.3495ms
Frame 2505 end
Average processing time of GrabImageRGBD(): 12.3473ms
Frame 2506 end
Average processing time of GrabImageRGBD(): 12.3452ms
Frame 2507 end
Average processing time of GrabImageRGBD(): 12.3443ms
Frame 2508 end
Average processing time of GrabImageRGBD(): 12.3438ms
Frame 2509 end
Average processing time of GrabImageRGBD(): 12.3417ms
Frame 2510 end
Average processing time of GrabImageRGBD(): 12.341ms
Frame 2511 end
Average processing time of GrabImageRGBD(): 12.3401ms
Frame 2512 end
Average processing time of GrabImageRGBD(): 12.3392ms
Frame 2513 end
Average processing time of GrabImageRGBD(): 12.3381ms
Frame 2514 end
Average processing time of GrabImageRGBD(): 12.3365ms
Frame 2515 end
Average processing time of GrabImageRGBD(): 12.3469ms
Frame 2516 end
Average processing time of GrabImageRGBD(): 12.3469ms
Frame 2517 end
Average processing time of GrabImageRGBD(): 12.3452ms
Frame 2518 end
Average processing time of GrabImageRGBD(): 12.3431ms
Frame 2519 end
Average processing time of GrabImageRGBD(): 12.3416ms
Frame 2520 end
Average processing time of GrabImageRGBD(): 12.3402ms
Frame 2521 end
Average processing time of GrabImageRGBD(): 12.3397ms
Frame 2522 end
Average processing time of GrabImageRGBD(): 12.3389ms
Frame 2523 end
Average processing time of GrabImageRGBD(): 12.3378ms
Frame 2524 end
Average processing time of GrabImageRGBD(): 12.3374ms
Frame 2525 end
Average processing time of GrabImageRGBD(): 12.3358ms
Frame 2526 end
Average processing time of GrabImageRGBD(): 12.3355ms
Frame 2527 end
Average processing time of GrabImageRGBD(): 12.3499ms
Frame 2528 end
Average processing time of GrabImageRGBD(): 12.3509ms
Frame 2529 end
Average processing time of GrabImageRGBD(): 12.3502ms
Frame 2530 end
Average processing time of GrabImageRGBD(): 12.3494ms
Frame 2531 end
Average processing time of GrabImageRGBD(): 12.3487ms
Frame 2532 end
Average processing time of GrabImageRGBD(): 12.3483ms
Frame 2533 end
Average processing time of GrabImageRGBD(): 12.3477ms
Frame 2534 end
Average processing time of GrabImageRGBD(): 12.3473ms
Frame 2535 end
Average processing time of GrabImageRGBD(): 12.347ms
Frame 2536 end
Average processing time of GrabImageRGBD(): 12.3455ms
Frame 2537 end
Average processing time of GrabImageRGBD(): 12.3453ms
Frame 2538 end
Average processing time of GrabImageRGBD(): 12.3441ms
Frame 2539 end
Average processing time of GrabImageRGBD(): 12.3431ms
Frame 2540 end
Average processing time of GrabImageRGBD(): 12.3426ms
Frame 2541 end
Average processing time of GrabImageRGBD(): 12.3417ms
Frame 2542 end
Average processing time of GrabImageRGBD(): 12.3517ms
Frame 2543 end
Average processing time of GrabImageRGBD(): 12.3519ms
Frame 2544 end
Average processing time of GrabImageRGBD(): 12.3513ms
Frame 2545 end
Average processing time of GrabImageRGBD(): 12.3511ms
Frame 2546 end
Average processing time of GrabImageRGBD(): 12.3496ms
Frame 2547 end
Average processing time of GrabImageRGBD(): 12.349ms
Frame 2548 end
Average processing time of GrabImageRGBD(): 12.3484ms
Frame 2549 end
Average processing time of GrabImageRGBD(): 12.348ms
Frame 2550 end
Average processing time of GrabImageRGBD(): 12.3479ms
Frame 2551 end
Average processing time of GrabImageRGBD(): 12.3473ms
Frame 2552 end
Average processing time of GrabImageRGBD(): 12.3468ms
Frame 2553 end
Average processing time of GrabImageRGBD(): 12.3461ms
Frame 2554 end
Average processing time of GrabImageRGBD(): 12.3459ms
Frame 2555 end
Average processing time of GrabImageRGBD(): 12.3562ms
Frame 2556 end
Average processing time of GrabImageRGBD(): 12.3567ms
Frame 2557 end
Average processing time of GrabImageRGBD(): 12.3563ms
Frame 2558 end
Average processing time of GrabImageRGBD(): 12.3563ms
Frame 2559 end
Average processing time of GrabImageRGBD(): 12.3561ms
Frame 2560 end
Average processing time of GrabImageRGBD(): 12.3557ms
Frame 2561 end
Average processing time of GrabImageRGBD(): 12.3555ms
Frame 2562 end
Average processing time of GrabImageRGBD(): 12.3552ms
Frame 2563 end
Average processing time of GrabImageRGBD(): 12.3551ms
Frame 2564 end
Average processing time of GrabImageRGBD(): 12.3551ms
Frame 2565 end
Average processing time of GrabImageRGBD(): 12.3548ms
Frame 2566 end
Average processing time of GrabImageRGBD(): 12.3546ms
Frame 2567 end
Average processing time of GrabImageRGBD(): 12.3538ms
Frame 2568 end
Average processing time of GrabImageRGBD(): 12.366ms
Frame 2569 end
Average processing time of GrabImageRGBD(): 12.3658ms
Frame 2570 end
Average processing time of GrabImageRGBD(): 12.3644ms
Frame 2571 end
Average processing time of GrabImageRGBD(): 12.3645ms
Frame 2572 end
Average processing time of GrabImageRGBD(): 12.364ms
Frame 2573 end
Average processing time of GrabImageRGBD(): 12.3636ms
Frame 2574 end
Average processing time of GrabImageRGBD(): 12.3635ms
Frame 2575 end
Average processing time of GrabImageRGBD(): 12.3633ms
Frame 2576 end
Average processing time of GrabImageRGBD(): 12.3631ms
Frame 2577 end
Average processing time of GrabImageRGBD(): 12.3626ms
Frame 2578 end
Average processing time of GrabImageRGBD(): 12.3622ms
Frame 2579 end
Average processing time of GrabImageRGBD(): 12.3725ms
Frame 2580 end
Average processing time of GrabImageRGBD(): 12.3726ms
Frame 2581 end
Average processing time of GrabImageRGBD(): 12.3725ms
Frame 2582 end
Average processing time of GrabImageRGBD(): 12.3718ms
Frame 2583 end
Average processing time of GrabImageRGBD(): 12.3716ms
Frame 2584 end
Average processing time of GrabImageRGBD(): 12.3713ms
Frame 2585 end
Average processing time of GrabImageRGBD(): 12.3706ms
Frame 2586 end
Average processing time of GrabImageRGBD(): 12.3707ms
Frame 2587 end
Average processing time of GrabImageRGBD(): 12.3707ms
Frame 2588 end
Average processing time of GrabImageRGBD(): 12.3706ms
Frame 2589 end
Average processing time of GrabImageRGBD(): 12.37ms
Frame 2590 end
Average processing time of GrabImageRGBD(): 12.3695ms
Frame 2591 end
Average processing time of GrabImageRGBD(): 12.3795ms
Frame 2592 end
Average processing time of GrabImageRGBD(): 12.3805ms
Frame 2593 end
Average processing time of GrabImageRGBD(): 12.3808ms
Frame 2594 end
Average processing time of GrabImageRGBD(): 12.3814ms
Frame 2595 end
Average processing time of GrabImageRGBD(): 12.3801ms
Frame 2596 end
Average processing time of GrabImageRGBD(): 12.3798ms
Frame 2597 end
Average processing time of GrabImageRGBD(): 12.3803ms
Frame 2598 end
Average processing time of GrabImageRGBD(): 12.3801ms
Frame 2599 end
Average processing time of GrabImageRGBD(): 12.3805ms
Frame 2600 end
Average processing time of GrabImageRGBD(): 12.3814ms
Frame 2601 end
Average processing time of GrabImageRGBD(): 12.3809ms
Frame 2602 end
Average processing time of GrabImageRGBD(): 12.3805ms
Frame 2603 end
Average processing time of GrabImageRGBD(): 12.3906ms
Frame 2604 end
Average processing time of GrabImageRGBD(): 12.3921ms
Frame 2605 end
Average processing time of GrabImageRGBD(): 12.3917ms
Frame 2606 end
Average processing time of GrabImageRGBD(): 12.3925ms
Frame 2607 end
Average processing time of GrabImageRGBD(): 12.393ms
Frame 2608 end
Average processing time of GrabImageRGBD(): 12.3925ms
Frame 2609 end
Average processing time of GrabImageRGBD(): 12.393ms
Frame 2610 end
Average processing time of GrabImageRGBD(): 12.3934ms
Frame 2611 end
Average processing time of GrabImageRGBD(): 12.3938ms
Frame 2612 end
Average processing time of GrabImageRGBD(): 12.3944ms
Frame 2613 end
Average processing time of GrabImageRGBD(): 12.3929ms
Frame 2614 end
Average processing time of GrabImageRGBD(): 12.392ms
Frame 2615 end
Average processing time of GrabImageRGBD(): 12.3922ms
Frame 2616 end
Average processing time of GrabImageRGBD(): 12.3914ms
Frame 2617 end
Average processing time of GrabImageRGBD(): 12.4023ms
Frame 2618 end
Average processing time of GrabImageRGBD(): 12.4024ms
Frame 2619 end
Average processing time of GrabImageRGBD(): 12.4027ms
Frame 2620 end
Average processing time of GrabImageRGBD(): 12.402ms
Frame 2621 end
Average processing time of GrabImageRGBD(): 12.4015ms
Frame 2622 end
Average processing time of GrabImageRGBD(): 12.4008ms
Frame 2623 end
Average processing time of GrabImageRGBD(): 12.3993ms
Frame 2624 end
Average processing time of GrabImageRGBD(): 12.3997ms
Frame 2625 end
Average processing time of GrabImageRGBD(): 12.4001ms
Frame 2626 end
Average processing time of GrabImageRGBD(): 12.4008ms
Frame 2627 end
Average processing time of GrabImageRGBD(): 12.401ms
Frame 2628 end
Average processing time of GrabImageRGBD(): 12.4156ms
Frame 2629 end
Average processing time of GrabImageRGBD(): 12.416ms
Frame 2630 end
Average processing time of GrabImageRGBD(): 12.4157ms
Frame 2631 end
Average processing time of GrabImageRGBD(): 12.4161ms
Frame 2632 end
Average processing time of GrabImageRGBD(): 12.4168ms
Frame 2633 end
Average processing time of GrabImageRGBD(): 12.4161ms
Frame 2634 end
Average processing time of GrabImageRGBD(): 12.4157ms
Frame 2635 end
Average processing time of GrabImageRGBD(): 12.4167ms
Frame 2636 end
Average processing time of GrabImageRGBD(): 12.4169ms
Frame 2637 end
Average processing time of GrabImageRGBD(): 12.417ms
Frame 2638 end
Average processing time of GrabImageRGBD(): 12.4166ms
Frame 2639 end
Average processing time of GrabImageRGBD(): 12.4165ms
Frame 2640 end
Average processing time of GrabImageRGBD(): 12.4265ms
Frame 2641 end
Average processing time of GrabImageRGBD(): 12.4279ms
Frame 2642 end
Average processing time of GrabImageRGBD(): 12.427ms
Frame 2643 end
Average processing time of GrabImageRGBD(): 12.4268ms
Frame 2644 end
Average processing time of GrabImageRGBD(): 12.4276ms
Frame 2645 end
Average processing time of GrabImageRGBD(): 12.4265ms
Frame 2646 end
Average processing time of GrabImageRGBD(): 12.4256ms
Frame 2647 end
Average processing time of GrabImageRGBD(): 12.4262ms
Frame 2648 end
Average processing time of GrabImageRGBD(): 12.4267ms
Frame 2649 end
Average processing time of GrabImageRGBD(): 12.427ms
Frame 2650 end
Average processing time of GrabImageRGBD(): 12.4275ms
Frame 2651 end
Average processing time of GrabImageRGBD(): 12.4262ms
Frame 2652 end
Average processing time of GrabImageRGBD(): 12.4361ms
Frame 2653 end
Average processing time of GrabImageRGBD(): 12.437ms
Frame 2654 end
Average processing time of GrabImageRGBD(): 12.4373ms
Frame 2655 end
Average processing time of GrabImageRGBD(): 12.4369ms
Frame 2656 end
Average processing time of GrabImageRGBD(): 12.4364ms
Frame 2657 end
Average processing time of GrabImageRGBD(): 12.4381ms
Frame 2658 end
Average processing time of GrabImageRGBD(): 12.4381ms
Frame 2659 end
Average processing time of GrabImageRGBD(): 12.4374ms
Frame 2660 end
Average processing time of GrabImageRGBD(): 12.437ms
Frame 2661 end
Average processing time of GrabImageRGBD(): 12.4374ms
Frame 2662 end
Average processing time of GrabImageRGBD(): 12.4377ms
Frame 2663 end
Average processing time of GrabImageRGBD(): 12.4382ms
Frame 2664 end
Average processing time of GrabImageRGBD(): 12.4479ms
Frame 2665 end
Average processing time of GrabImageRGBD(): 12.4491ms
Frame 2666 end
Average processing time of GrabImageRGBD(): 12.4496ms
Frame 2667 end
Average processing time of GrabImageRGBD(): 12.4494ms
Frame 2668 end
Average processing time of GrabImageRGBD(): 12.4492ms
Frame 2669 end
Average processing time of GrabImageRGBD(): 12.4487ms
Frame 2670 end
Average processing time of GrabImageRGBD(): 12.449ms
Frame 2671 end
Average processing time of GrabImageRGBD(): 12.4481ms
Frame 2672 end
Average processing time of GrabImageRGBD(): 12.448ms
Frame 2673 end
Average processing time of GrabImageRGBD(): 12.4486ms
Frame 2674 end
Average processing time of GrabImageRGBD(): 12.4481ms
Frame 2675 end
Average processing time of GrabImageRGBD(): 12.459ms
Frame 2676 end
Average processing time of GrabImageRGBD(): 12.4603ms
Frame 2677 end
Average processing time of GrabImageRGBD(): 12.4604ms
Frame 2678 end
Average processing time of GrabImageRGBD(): 12.4612ms
Frame 2679 end
Average processing time of GrabImageRGBD(): 12.4612ms
Frame 2680 end
Average processing time of GrabImageRGBD(): 12.4619ms
Frame 2681 end
Average processing time of GrabImageRGBD(): 12.4615ms
Frame 2682 end
Average processing time of GrabImageRGBD(): 12.4614ms
Frame 2683 end
Average processing time of GrabImageRGBD(): 12.4608ms
Frame 2684 end
Average processing time of GrabImageRGBD(): 12.4604ms
Frame 2685 end
Average processing time of GrabImageRGBD(): 12.4612ms
Frame 2686 end
Average processing time of GrabImageRGBD(): 12.4709ms
Frame 2687 end
Average processing time of GrabImageRGBD(): 12.4724ms
Frame 2688 end
Average processing time of GrabImageRGBD(): 12.4725ms
Frame 2689 end
Average processing time of GrabImageRGBD(): 12.4719ms
Frame 2690 end
Average processing time of GrabImageRGBD(): 12.4718ms
Frame 2691 end
Average processing time of GrabImageRGBD(): 12.471ms
Frame 2692 end
Average processing time of GrabImageRGBD(): 12.4704ms
Frame 2693 end
Average processing time of GrabImageRGBD(): 12.4703ms
Frame 2694 end
Average processing time of GrabImageRGBD(): 12.4706ms
Frame 2695 end
Average processing time of GrabImageRGBD(): 12.4714ms
Frame 2696 end
Average processing time of GrabImageRGBD(): 12.4712ms
Frame 2697 end
Average processing time of GrabImageRGBD(): 12.4723ms
Frame 2698 end
Average processing time of GrabImageRGBD(): 12.4823ms
Frame 2699 end
Average processing time of GrabImageRGBD(): 12.4825ms
Frame 2700 end
Average processing time of GrabImageRGBD(): 12.4829ms
Frame 2701 end
Average processing time of GrabImageRGBD(): 12.4831ms
Frame 2702 end
Average processing time of GrabImageRGBD(): 12.4833ms
Frame 2703 end
Average processing time of GrabImageRGBD(): 12.4843ms
Frame 2704 end
Average processing time of GrabImageRGBD(): 12.484ms
Frame 2705 end
Average processing time of GrabImageRGBD(): 12.4841ms
Frame 2706 end
Average processing time of GrabImageRGBD(): 12.4849ms
Frame 2707 end
Average processing time of GrabImageRGBD(): 12.4849ms
Frame 2708 end
Average processing time of GrabImageRGBD(): 12.4847ms
Frame 2709 end
Average processing time of GrabImageRGBD(): 12.4947ms
Frame 2710 end
Average processing time of GrabImageRGBD(): 12.4953ms
Frame 2711 end
Average processing time of GrabImageRGBD(): 12.4956ms
Frame 2712 end
Average processing time of GrabImageRGBD(): 12.4949ms
Frame 2713 end
Average processing time of GrabImageRGBD(): 12.4945ms
Frame 2714 end
Average processing time of GrabImageRGBD(): 12.494ms
Frame 2715 end
Average processing time of GrabImageRGBD(): 12.494ms
Frame 2716 end
Average processing time of GrabImageRGBD(): 12.4941ms
Frame 2717 end
Average processing time of GrabImageRGBD(): 12.4941ms
Frame 2718 end
Average processing time of GrabImageRGBD(): 12.494ms
Frame 2719 end
Average processing time of GrabImageRGBD(): 12.4927ms
Frame 2720 end
Average processing time of GrabImageRGBD(): 12.5065ms
Frame 2721 end
Average processing time of GrabImageRGBD(): 12.5064ms
Frame 2722 end
Average processing time of GrabImageRGBD(): 12.5061ms
Frame 2723 end
Average processing time of GrabImageRGBD(): 12.5058ms
Frame 2724 end
Average processing time of GrabImageRGBD(): 12.5052ms
Frame 2725 end
Average processing time of GrabImageRGBD(): 12.5061ms
Frame 2726 end
Average processing time of GrabImageRGBD(): 12.5066ms
Frame 2727 end
Average processing time of GrabImageRGBD(): 12.5066ms
Frame 2728 end
Average processing time of GrabImageRGBD(): 12.5066ms
Frame 2729 end
Average processing time of GrabImageRGBD(): 12.5063ms
Frame 2730 end
Average processing time of GrabImageRGBD(): 12.508ms
Frame 2731 end
Average processing time of GrabImageRGBD(): 12.5167ms
Frame 2732 end
Average processing time of GrabImageRGBD(): 12.5172ms
Frame 2733 end
Average processing time of GrabImageRGBD(): 12.5165ms
Frame 2734 end
Average processing time of GrabImageRGBD(): 12.5161ms
Frame 2735 end
Average processing time of GrabImageRGBD(): 12.5155ms
Frame 2736 end
Average processing time of GrabImageRGBD(): 12.5153ms
Frame 2737 end
Average processing time of GrabImageRGBD(): 12.5151ms
Frame 2738 end
Average processing time of GrabImageRGBD(): 12.5141ms
Frame 2739 end
Average processing time of GrabImageRGBD(): 12.5141ms
Frame 2740 end
Average processing time of GrabImageRGBD(): 12.5134ms
Frame 2741 end
Average processing time of GrabImageRGBD(): 12.5225ms
Frame 2742 end
Average processing time of GrabImageRGBD(): 12.5237ms
Frame 2743 end
Average processing time of GrabImageRGBD(): 12.5237ms
Frame 2744 end
Average processing time of GrabImageRGBD(): 12.5248ms
Frame 2745 end
Average processing time of GrabImageRGBD(): 12.5253ms
Frame 2746 end
Average processing time of GrabImageRGBD(): 12.5252ms
Frame 2747 end
Average processing time of GrabImageRGBD(): 12.5266ms
Frame 2748 end
Average processing time of GrabImageRGBD(): 12.5279ms
Frame 2749 end
Average processing time of GrabImageRGBD(): 12.528ms
Frame 2750 end
Average processing time of GrabImageRGBD(): 12.529ms
Frame 2751 end
Average processing time of GrabImageRGBD(): 12.5287ms
Frame 2752 end
Average processing time of GrabImageRGBD(): 12.5374ms
Frame 2753 end
Average processing time of GrabImageRGBD(): 12.5376ms
Frame 2754 end
Average processing time of GrabImageRGBD(): 12.5369ms
Frame 2755 end
Average processing time of GrabImageRGBD(): 12.5359ms
Frame 2756 end
Average processing time of GrabImageRGBD(): 12.5358ms
Frame 2757 end
Average processing time of GrabImageRGBD(): 12.5358ms
Frame 2758 end
Average processing time of GrabImageRGBD(): 12.5363ms
Frame 2759 end
Average processing time of GrabImageRGBD(): 12.5349ms
Frame 2760 end
Average processing time of GrabImageRGBD(): 12.5345ms
Frame 2761 end
Average processing time of GrabImageRGBD(): 12.5335ms
Frame 2762 end
Average processing time of GrabImageRGBD(): 12.542ms
Frame 2763 end
Average processing time of GrabImageRGBD(): 12.5421ms
Frame 2764 end
Average processing time of GrabImageRGBD(): 12.5416ms
Frame 2765 end
Average processing time of GrabImageRGBD(): 12.5415ms
Frame 2766 end
Average processing time of GrabImageRGBD(): 12.541ms
Frame 2767 end
Average processing time of GrabImageRGBD(): 12.5406ms
Frame 2768 end
Average processing time of GrabImageRGBD(): 12.5397ms
Frame 2769 end
Average processing time of GrabImageRGBD(): 12.5392ms
Frame 2770 end
Average processing time of GrabImageRGBD(): 12.5391ms
Frame 2771 end
Average processing time of GrabImageRGBD(): 12.5389ms
Frame 2772 end
Average processing time of GrabImageRGBD(): 12.5483ms
Frame 2773 end
Average processing time of GrabImageRGBD(): 12.5486ms
Frame 2774 end
Average processing time of GrabImageRGBD(): 12.5481ms
Frame 2775 end
Average processing time of GrabImageRGBD(): 12.5475ms
Frame 2776 end
Average processing time of GrabImageRGBD(): 12.5467ms
Frame 2777 end
Average processing time of GrabImageRGBD(): 12.5462ms
Frame 2778 end
Average processing time of GrabImageRGBD(): 12.5466ms
Frame 2779 end
Average processing time of GrabImageRGBD(): 12.5462ms
Frame 2780 end
Average processing time of GrabImageRGBD(): 12.5442ms
Frame 2781 end
Average processing time of GrabImageRGBD(): 12.5533ms
Frame 2782 end
Average processing time of GrabImageRGBD(): 12.5534ms
Frame 2783 end
Average processing time of GrabImageRGBD(): 12.5531ms
Frame 2784 end
Average processing time of GrabImageRGBD(): 12.5527ms
Frame 2785 end
Average processing time of GrabImageRGBD(): 12.5511ms
Frame 2786 end
Average processing time of GrabImageRGBD(): 12.5507ms
Frame 2787 end
Average processing time of GrabImageRGBD(): 12.5502ms
Frame 2788 end
Average processing time of GrabImageRGBD(): 12.5493ms
Frame 2789 end
Average processing time of GrabImageRGBD(): 12.5477ms
Frame 2790 end
Average processing time of GrabImageRGBD(): 12.5474ms
Frame 2791 end
Average processing time of GrabImageRGBD(): 12.5476ms
Frame 2792 end
Average processing time of GrabImageRGBD(): 12.5567ms
Frame 2793 end
Average processing time of GrabImageRGBD(): 12.556ms
Frame 2794 end
Average processing time of GrabImageRGBD(): 12.5556ms
Frame 2795 end
Average processing time of GrabImageRGBD(): 12.5551ms
Frame 2796 end
Average processing time of GrabImageRGBD(): 12.5546ms
Frame 2797 end
Average processing time of GrabImageRGBD(): 12.5542ms
Frame 2798 end
Average processing time of GrabImageRGBD(): 12.5536ms
Frame 2799 end
Average processing time of GrabImageRGBD(): 12.5529ms
Frame 2800 end
Average processing time of GrabImageRGBD(): 12.5525ms
Frame 2801 end
Average processing time of GrabImageRGBD(): 12.552ms
Frame 2802 end
Average processing time of GrabImageRGBD(): 12.5517ms
Frame 2803 end
Average processing time of GrabImageRGBD(): 12.5602ms
Frame 2804 end
Average processing time of GrabImageRGBD(): 12.5602ms
Frame 2805 end
Average processing time of GrabImageRGBD(): 12.56ms
Frame 2806 end
Average processing time of GrabImageRGBD(): 12.5594ms
Frame 2807 end
Average processing time of GrabImageRGBD(): 12.5587ms
Frame 2808 end
Average processing time of GrabImageRGBD(): 12.5585ms
Frame 2809 end
Average processing time of GrabImageRGBD(): 12.5583ms
Frame 2810 end
Average processing time of GrabImageRGBD(): 12.5581ms
Frame 2811 end
Average processing time of GrabImageRGBD(): 12.5569ms
Frame 2812 end
Average processing time of GrabImageRGBD(): 12.5562ms
Frame 2813 end
Average processing time of GrabImageRGBD(): 12.5547ms
Frame 2814 end
Average processing time of GrabImageRGBD(): 12.5623ms
Frame 2815 end
Average processing time of GrabImageRGBD(): 12.5625ms
Frame 2816 end
Average processing time of GrabImageRGBD(): 12.5627ms
Frame 2817 end
Average processing time of GrabImageRGBD(): 12.5624ms
Frame 2818 end
Average processing time of GrabImageRGBD(): 12.562ms
Frame 2819 end
Average processing time of GrabImageRGBD(): 12.5607ms
Frame 2820 end
Average processing time of GrabImageRGBD(): 12.5602ms
Frame 2821 end
Average processing time of GrabImageRGBD(): 12.5596ms
Frame 2822 end
Average processing time of GrabImageRGBD(): 12.5595ms
Frame 2823 end
Average processing time of GrabImageRGBD(): 12.5591ms
Frame 2824 end
Average processing time of GrabImageRGBD(): 12.5675ms
Frame 2825 end
Average processing time of GrabImageRGBD(): 12.5676ms
Frame 2826 end
Average processing time of GrabImageRGBD(): 12.567ms
Frame 2827 end
Average processing time of GrabImageRGBD(): 12.5665ms
Frame 2828 end
Average processing time of GrabImageRGBD(): 12.566ms
Frame 2829 end
Average processing time of GrabImageRGBD(): 12.5654ms
Frame 2830 end
Average processing time of GrabImageRGBD(): 12.5646ms
Frame 2831 end
Average processing time of GrabImageRGBD(): 12.5643ms
Frame 2832 end
Average processing time of GrabImageRGBD(): 12.5636ms
Frame 2833 end
Average processing time of GrabImageRGBD(): 12.5627ms
Frame 2834 end
Average processing time of GrabImageRGBD(): 12.5716ms
Frame 2835 end
Average processing time of GrabImageRGBD(): 12.5707ms
Frame 2836 end
Average processing time of GrabImageRGBD(): 12.5711ms
Frame 2837 end
Average processing time of GrabImageRGBD(): 12.5712ms
Frame 2838 end
Average processing time of GrabImageRGBD(): 12.5713ms
Frame 2839 end
Average processing time of GrabImageRGBD(): 12.5698ms
Frame 2840 end
Average processing time of GrabImageRGBD(): 12.5689ms
Frame 2841 end
Average processing time of GrabImageRGBD(): 12.5698ms
Frame 2842 end
Average processing time of GrabImageRGBD(): 12.5797ms
Frame 2843 end
Average processing time of GrabImageRGBD(): 12.5792ms
Frame 2844 end
Average processing time of GrabImageRGBD(): 12.5793ms
Frame 2845 end
Average processing time of GrabImageRGBD(): 12.5882ms
Frame 2846 end
Average processing time of GrabImageRGBD(): 12.5892ms
Frame 2847 end
Average processing time of GrabImageRGBD(): 12.5893ms
Frame 2848 end
Average processing time of GrabImageRGBD(): 12.5893ms
Frame 2849 end
Average processing time of GrabImageRGBD(): 12.5894ms
Frame 2850 end
Average processing time of GrabImageRGBD(): 12.5894ms
Frame 2851 end
Average processing time of GrabImageRGBD(): 12.5894ms
Frame 2852 end
Average processing time of GrabImageRGBD(): 12.5897ms
Frame 2853 end
Average processing time of GrabImageRGBD(): 12.5895ms
Frame 2854 end
Average processing time of GrabImageRGBD(): 12.5976ms
Frame 2855 end
Average processing time of GrabImageRGBD(): 12.5967ms
Frame 2856 end
Average processing time of GrabImageRGBD(): 12.5968ms
Frame 2857 end
Average processing time of GrabImageRGBD(): 12.5968ms
Frame 2858 end
Average processing time of GrabImageRGBD(): 12.5965ms
Frame 2859 end
Average processing time of GrabImageRGBD(): 12.5974ms
Frame 2860 end
Average processing time of GrabImageRGBD(): 12.596ms
Frame 2861 end
Average processing time of GrabImageRGBD(): 12.5955ms
Frame 2862 end
Average processing time of GrabImageRGBD(): 12.6073ms
Frame 2863 end
Average processing time of GrabImageRGBD(): 12.6075ms
Frame 2864 end
Average processing time of GrabImageRGBD(): 12.6069ms
Frame 2865 end
Average processing time of GrabImageRGBD(): 12.6059ms
Frame 2866 end
Average processing time of GrabImageRGBD(): 12.6056ms
Frame 2867 end
Average processing time of GrabImageRGBD(): 12.6052ms
Frame 2868 end
Average processing time of GrabImageRGBD(): 12.6045ms
Frame 2869 end
Average processing time of GrabImageRGBD(): 12.6129ms
Frame 2870 end
Average processing time of GrabImageRGBD(): 12.6131ms
Frame 2871 end
Average processing time of GrabImageRGBD(): 12.6126ms
Frame 2872 end
Average processing time of GrabImageRGBD(): 12.6121ms
Frame 2873 end
Average processing time of GrabImageRGBD(): 12.6115ms
Frame 2874 end
Average processing time of GrabImageRGBD(): 12.611ms
Frame 2875 end
Average processing time of GrabImageRGBD(): 12.6111ms
Frame 2876 end
Average processing time of GrabImageRGBD(): 12.6107ms
Frame 2877 end
Average processing time of GrabImageRGBD(): 12.6191ms
Frame 2878 end
Average processing time of GrabImageRGBD(): 12.6195ms
Frame 2879 end
Average processing time of GrabImageRGBD(): 12.6188ms
Frame 2880 end
Average processing time of GrabImageRGBD(): 12.6188ms
Frame 2881 end
Average processing time of GrabImageRGBD(): 12.6189ms
Frame 2882 end
Average processing time of GrabImageRGBD(): 12.6184ms
Frame 2883 end
Average processing time of GrabImageRGBD(): 12.6183ms
Frame 2884 end
Average processing time of GrabImageRGBD(): 12.6288ms
Frame 2885 end
Average processing time of GrabImageRGBD(): 12.6286ms
Frame 2886 end
Average processing time of GrabImageRGBD(): 12.6283ms
Frame 2887 end
Average processing time of GrabImageRGBD(): 12.6278ms
Frame 2888 end
Average processing time of GrabImageRGBD(): 12.6272ms
Frame 2889 end
Average processing time of GrabImageRGBD(): 12.6268ms
Frame 2890 end
Average processing time of GrabImageRGBD(): 12.6273ms
Frame 2891 end
Average processing time of GrabImageRGBD(): 12.636ms
Frame 2892 end
Average processing time of GrabImageRGBD(): 12.6363ms
Frame 2893 end
Average processing time of GrabImageRGBD(): 12.6353ms
Frame 2894 end
Average processing time of GrabImageRGBD(): 12.6349ms
Frame 2895 end
Average processing time of GrabImageRGBD(): 12.6344ms
Frame 2896 end
Average processing time of GrabImageRGBD(): 12.6343ms
Frame 2897 end
Average processing time of GrabImageRGBD(): 12.6339ms
Frame 2898 end
Average processing time of GrabImageRGBD(): 12.6334ms
Frame 2899 end
Average processing time of GrabImageRGBD(): 12.642ms
Frame 2900 end
Average processing time of GrabImageRGBD(): 12.6425ms
Frame 2901 end
Average processing time of GrabImageRGBD(): 12.6427ms
Frame 2902 end
Average processing time of GrabImageRGBD(): 12.6435ms
Frame 2903 end
Average processing time of GrabImageRGBD(): 12.6439ms
Frame 2904 end
Average processing time of GrabImageRGBD(): 12.6437ms
Frame 2905 end
Average processing time of GrabImageRGBD(): 12.6437ms
Frame 2906 end
Average processing time of GrabImageRGBD(): 12.6436ms
Frame 2907 end
Average processing time of GrabImageRGBD(): 12.653ms
Frame 2908 end
Average processing time of GrabImageRGBD(): 12.6536ms
Frame 2909 end
Average processing time of GrabImageRGBD(): 12.6538ms
Frame 2910 end
Average processing time of GrabImageRGBD(): 12.654ms
Frame 2911 end
Average processing time of GrabImageRGBD(): 12.654ms
Frame 2912 end
Average processing time of GrabImageRGBD(): 12.6543ms
Frame 2913 end
Average processing time of GrabImageRGBD(): 12.6544ms
Frame 2914 end
Average processing time of GrabImageRGBD(): 12.6635ms
Frame 2915 end
Average processing time of GrabImageRGBD(): 12.6635ms
Frame 2916 end
Average processing time of GrabImageRGBD(): 12.663ms
Frame 2917 end
Average processing time of GrabImageRGBD(): 12.6616ms
Frame 2918 end
Average processing time of GrabImageRGBD(): 12.6618ms
Frame 2919 end
Average processing time of GrabImageRGBD(): 12.6615ms
Frame 2920 end
Average processing time of GrabImageRGBD(): 12.6695ms
Frame 2921 end
Average processing time of GrabImageRGBD(): 12.6697ms
Frame 2922 end
Average processing time of GrabImageRGBD(): 12.6691ms
Frame 2923 end
Average processing time of GrabImageRGBD(): 12.6684ms
Frame 2924 end
Average processing time of GrabImageRGBD(): 12.6673ms
Frame 2925 end
Average processing time of GrabImageRGBD(): 12.6671ms
Frame 2926 end
Average processing time of GrabImageRGBD(): 12.6664ms
Frame 2927 end
Average processing time of GrabImageRGBD(): 12.6745ms
Frame 2928 end
Average processing time of GrabImageRGBD(): 12.6748ms
Frame 2929 end
Average processing time of GrabImageRGBD(): 12.6746ms
Frame 2930 end
Average processing time of GrabImageRGBD(): 12.6742ms
Frame 2931 end
Average processing time of GrabImageRGBD(): 12.6738ms
Frame 2932 end
Average processing time of GrabImageRGBD(): 12.6732ms
Frame 2933 end
Average processing time of GrabImageRGBD(): 12.6727ms
Frame 2934 end
Average processing time of GrabImageRGBD(): 12.6721ms
Frame 2935 end
Average processing time of GrabImageRGBD(): 12.6715ms
Frame 2936 end
Average processing time of GrabImageRGBD(): 12.6796ms
Frame 2937 end
Average processing time of GrabImageRGBD(): 12.6797ms
Frame 2938 end
Average processing time of GrabImageRGBD(): 12.6795ms
Frame 2939 end
Average processing time of GrabImageRGBD(): 12.6791ms
Frame 2940 end
Average processing time of GrabImageRGBD(): 12.6787ms
Frame 2941 end
Average processing time of GrabImageRGBD(): 12.6782ms
Frame 2942 end
Average processing time of GrabImageRGBD(): 12.6778ms
Frame 2943 end
Average processing time of GrabImageRGBD(): 12.6862ms
Frame 2944 end
Average processing time of GrabImageRGBD(): 12.6861ms
Frame 2945 end
Average processing time of GrabImageRGBD(): 12.6845ms
Frame 2946 end
Average processing time of GrabImageRGBD(): 12.6841ms
Frame 2947 end
Average processing time of GrabImageRGBD(): 12.6838ms
Frame 2948 end
Average processing time of GrabImageRGBD(): 12.6837ms
Frame 2949 end
Average processing time of GrabImageRGBD(): 12.6837ms
Frame 2950 end
Average processing time of GrabImageRGBD(): 12.6836ms
Frame 2951 end
Average processing time of GrabImageRGBD(): 12.6918ms
Frame 2952 end
Average processing time of GrabImageRGBD(): 12.6918ms
Frame 2953 end
Average processing time of GrabImageRGBD(): 12.6921ms
Frame 2954 end
Average processing time of GrabImageRGBD(): 12.6913ms
Frame 2955 end
Average processing time of GrabImageRGBD(): 12.691ms
Frame 2956 end
Average processing time of GrabImageRGBD(): 12.6911ms
Frame 2957 end
Average processing time of GrabImageRGBD(): 12.6908ms
Frame 2958 end
Average processing time of GrabImageRGBD(): 12.6905ms
Frame 2959 end
Average processing time of GrabImageRGBD(): 12.6993ms
Frame 2960 end
Average processing time of GrabImageRGBD(): 12.6987ms
Frame 2961 end
Average processing time of GrabImageRGBD(): 12.6982ms
Frame 2962 end
Average processing time of GrabImageRGBD(): 12.6966ms
Frame 2963 end
Average processing time of GrabImageRGBD(): 12.6958ms
Frame 2964 end
Average processing time of GrabImageRGBD(): 12.6956ms
Frame 2965 end
Average processing time of GrabImageRGBD(): 12.695ms
Frame 2966 end
Average processing time of GrabImageRGBD(): 12.6943ms
Frame 2967 end
Average processing time of GrabImageRGBD(): 12.6933ms
Frame 2968 end
Average processing time of GrabImageRGBD(): 12.6915ms
Frame 2969 end
Average processing time of GrabImageRGBD(): 12.6907ms
Frame 2970 end
Average processing time of GrabImageRGBD(): 12.6898ms
Frame 2971 end
Average processing time of GrabImageRGBD(): 12.6982ms
Frame 2972 end
Average processing time of GrabImageRGBD(): 12.6983ms
Frame 2973 end
Average processing time of GrabImageRGBD(): 12.6966ms
Frame 2974 end
Average processing time of GrabImageRGBD(): 12.6948ms
Frame 2975 end
Average processing time of GrabImageRGBD(): 12.6944ms
Frame 2976 end
Average processing time of GrabImageRGBD(): 12.694ms
Frame 2977 end
Average processing time of GrabImageRGBD(): 12.6935ms
Frame 2978 end
Average processing time of GrabImageRGBD(): 12.6928ms
Frame 2979 end
Average processing time of GrabImageRGBD(): 12.7015ms
Frame 2980 end
Average processing time of GrabImageRGBD(): 12.7017ms
Frame 2981 end
Average processing time of GrabImageRGBD(): 12.7015ms
Frame 2982 end
Average processing time of GrabImageRGBD(): 12.7009ms
Frame 2983 end
Average processing time of GrabImageRGBD(): 12.7011ms
Frame 2984 end
Average processing time of GrabImageRGBD(): 12.7007ms
Frame 2985 end
Average processing time of GrabImageRGBD(): 12.7004ms
Frame 2986 end
Average processing time of GrabImageRGBD(): 12.6998ms
Frame 2987 end
Average processing time of GrabImageRGBD(): 12.6995ms
Frame 2988 end
Average processing time of GrabImageRGBD(): 12.6985ms
Frame 2989 end
Average processing time of GrabImageRGBD(): 12.7068ms
Frame 2990 end
Average processing time of GrabImageRGBD(): 12.7068ms
Frame 2991 end
Average processing time of GrabImageRGBD(): 12.7065ms
Frame 2992 end
Average processing time of GrabImageRGBD(): 12.7057ms
Frame 2993 end
Average processing time of GrabImageRGBD(): 12.7051ms
Frame 2994 end
Average processing time of GrabImageRGBD(): 12.705ms
Frame 2995 end
Average processing time of GrabImageRGBD(): 12.7045ms
Frame 2996 end
Average processing time of GrabImageRGBD(): 12.7031ms
Frame 2997 end
Average processing time of GrabImageRGBD(): 12.7114ms
Frame 2998 end
Average processing time of GrabImageRGBD(): 12.7103ms
Frame 2999 end
Average processing time of GrabImageRGBD(): 12.7088ms
Frame 3000 end
Average processing time of GrabImageRGBD(): 12.7083ms
Frame 3001 end
Average processing time of GrabImageRGBD(): 12.7081ms
Frame 3002 end
Average processing time of GrabImageRGBD(): 12.7075ms
Frame 3003 end
Average processing time of GrabImageRGBD(): 12.7078ms
Frame 3004 end
Average processing time of GrabImageRGBD(): 12.7157ms
Frame 3005 end
Average processing time of GrabImageRGBD(): 12.7151ms
Frame 3006 end
Average processing time of GrabImageRGBD(): 12.7144ms
Frame 3007 end
Average processing time of GrabImageRGBD(): 12.7137ms
Frame 3008 end
Average processing time of GrabImageRGBD(): 12.7107ms
Frame 3009 end
Average processing time of GrabImageRGBD(): 12.7102ms
Frame 3010 end
Average processing time of GrabImageRGBD(): 12.7094ms
Frame 3011 end
Average processing time of GrabImageRGBD(): 12.7183ms
Frame 3012 end
Average processing time of GrabImageRGBD(): 12.7176ms
Frame 3013 end
Average processing time of GrabImageRGBD(): 12.7156ms
Frame 3014 end
Average processing time of GrabImageRGBD(): 12.7147ms
Frame 3015 end
Average processing time of GrabImageRGBD(): 12.714ms
Frame 3016 end
Average processing time of GrabImageRGBD(): 12.7135ms
Frame 3017 end
Average processing time of GrabImageRGBD(): 12.7128ms
Frame 3018 end
Average processing time of GrabImageRGBD(): 12.7211ms
Frame 3019 end
Average processing time of GrabImageRGBD(): 12.7209ms
Frame 3020 end
Average processing time of GrabImageRGBD(): 12.7202ms
Frame 3021 end
Average processing time of GrabImageRGBD(): 12.7191ms
Frame 3022 end
Average processing time of GrabImageRGBD(): 12.7181ms
Frame 3023 end
Average processing time of GrabImageRGBD(): 12.7163ms
Frame 3024 end
Average processing time of GrabImageRGBD(): 12.716ms
Frame 3025 end
Average processing time of GrabImageRGBD(): 12.7156ms
Frame 3026 end
Average processing time of GrabImageRGBD(): 12.7255ms
Frame 3027 end
Average processing time of GrabImageRGBD(): 12.7255ms
Frame 3028 end
Average processing time of GrabImageRGBD(): 12.7252ms
Frame 3029 end
Average processing time of GrabImageRGBD(): 12.7246ms
Frame 3030 end
Average processing time of GrabImageRGBD(): 12.7242ms
Frame 3031 end
Average processing time of GrabImageRGBD(): 12.7237ms
Frame 3032 end
Average processing time of GrabImageRGBD(): 12.7223ms
Frame 3033 end
Average processing time of GrabImageRGBD(): 12.7218ms
Frame 3034 end
Average processing time of GrabImageRGBD(): 12.7301ms
Frame 3035 end
Average processing time of GrabImageRGBD(): 12.7296ms
Frame 3036 end
Average processing time of GrabImageRGBD(): 12.7291ms
Frame 3037 end
Average processing time of GrabImageRGBD(): 12.7289ms
Frame 3038 end
Average processing time of GrabImageRGBD(): 12.7284ms
Frame 3039 end
Average processing time of GrabImageRGBD(): 12.728ms
Frame 3040 end
Average processing time of GrabImageRGBD(): 12.7273ms
Frame 3041 end
Average processing time of GrabImageRGBD(): 12.7267ms
Frame 3042 end
Average processing time of GrabImageRGBD(): 12.7348ms
Frame 3043 end
Average processing time of GrabImageRGBD(): 12.7348ms
Frame 3044 end
Average processing time of GrabImageRGBD(): 12.7341ms
Frame 3045 end
Average processing time of GrabImageRGBD(): 12.7335ms
Frame 3046 end
Average processing time of GrabImageRGBD(): 12.7326ms
Frame 3047 end
Average processing time of GrabImageRGBD(): 12.7316ms
Frame 3048 end
Average processing time of GrabImageRGBD(): 12.7302ms
Frame 3049 end
Average processing time of GrabImageRGBD(): 12.7295ms
Frame 3050 end
Average processing time of GrabImageRGBD(): 12.7378ms
Frame 3051 end
Average processing time of GrabImageRGBD(): 12.7375ms
Frame 3052 end
Average processing time of GrabImageRGBD(): 12.7374ms
Frame 3053 end
Average processing time of GrabImageRGBD(): 12.7371ms
Frame 3054 end
Average processing time of GrabImageRGBD(): 12.7366ms
Frame 3055 end
Average processing time of GrabImageRGBD(): 12.736ms
Frame 3056 end
Average processing time of GrabImageRGBD(): 12.7354ms
Frame 3057 end
Average processing time of GrabImageRGBD(): 12.7341ms
Frame 3058 end
Average processing time of GrabImageRGBD(): 12.7442ms
Frame 3059 end
Average processing time of GrabImageRGBD(): 12.7439ms
Frame 3060 end
Average processing time of GrabImageRGBD(): 12.742ms
Frame 3061 end
Average processing time of GrabImageRGBD(): 12.7413ms
Frame 3062 end
Average processing time of GrabImageRGBD(): 12.739ms
Frame 3063 end
Average processing time of GrabImageRGBD(): 12.7384ms
Frame 3064 end
Average processing time of GrabImageRGBD(): 12.7374ms
Frame 3065 end
Average processing time of GrabImageRGBD(): 12.7365ms
Frame 3066 end
Average processing time of GrabImageRGBD(): 12.7448ms
Frame 3067 end
Average processing time of GrabImageRGBD(): 12.7442ms
Frame 3068 end
Average processing time of GrabImageRGBD(): 12.7431ms
Frame 3069 end
Average processing time of GrabImageRGBD(): 12.7426ms
Frame 3070 end
Average processing time of GrabImageRGBD(): 12.7416ms
Frame 3071 end
Average processing time of GrabImageRGBD(): 12.741ms
Frame 3072 end
Average processing time of GrabImageRGBD(): 12.7406ms
Frame 3073 end
Average processing time of GrabImageRGBD(): 12.7389ms
Frame 3074 end
Average processing time of GrabImageRGBD(): 12.7464ms
Frame 3075 end
Average processing time of GrabImageRGBD(): 12.7462ms
Frame 3076 end
Average processing time of GrabImageRGBD(): 12.7455ms
Frame 3077 end
Average processing time of GrabImageRGBD(): 12.7443ms
Frame 3078 end
Average processing time of GrabImageRGBD(): 12.7431ms
Frame 3079 end
Average processing time of GrabImageRGBD(): 12.7421ms
Frame 3080 end
Average processing time of GrabImageRGBD(): 12.7417ms
Frame 3081 end
Average processing time of GrabImageRGBD(): 12.7402ms
Frame 3082 end
Average processing time of GrabImageRGBD(): 12.7481ms
Frame 3083 end
Average processing time of GrabImageRGBD(): 12.7473ms
Frame 3084 end
Average processing time of GrabImageRGBD(): 12.7462ms
Frame 3085 end
Average processing time of GrabImageRGBD(): 12.7456ms
Frame 3086 end
Average processing time of GrabImageRGBD(): 12.7447ms
Frame 3087 end
Average processing time of GrabImageRGBD(): 12.7443ms
Frame 3088 end
Average processing time of GrabImageRGBD(): 12.7429ms
Frame 3089 end
Average processing time of GrabImageRGBD(): 12.7416ms
Frame 3090 end
Average processing time of GrabImageRGBD(): 12.7495ms
Frame 3091 end
Average processing time of GrabImageRGBD(): 12.7495ms
Frame 3092 end
Average processing time of GrabImageRGBD(): 12.7479ms
Frame 3093 end
Average processing time of GrabImageRGBD(): 12.7462ms
Frame 3094 end
Average processing time of GrabImageRGBD(): 12.7449ms
Frame 3095 end
Average processing time of GrabImageRGBD(): 12.7436ms
Frame 3096 end
Average processing time of GrabImageRGBD(): 12.7441ms
Frame 3097 end
Average processing time of GrabImageRGBD(): 12.7434ms
Frame 3098 end
Average processing time of GrabImageRGBD(): 12.7525ms
Frame 3099 end
Average processing time of GrabImageRGBD(): 12.7517ms
Frame 3100 end
Average processing time of GrabImageRGBD(): 12.7511ms
Frame 3101 end
Average processing time of GrabImageRGBD(): 12.7505ms
Frame 3102 end
Average processing time of GrabImageRGBD(): 12.7501ms
Frame 3103 end
Average processing time of GrabImageRGBD(): 12.7496ms
Frame 3104 end
Average processing time of GrabImageRGBD(): 12.7492ms
Frame 3105 end
Average processing time of GrabImageRGBD(): 12.7484ms
Frame 3106 end
Average processing time of GrabImageRGBD(): 12.7571ms
Frame 3107 end
Average processing time of GrabImageRGBD(): 12.7572ms
Frame 3108 end
Average processing time of GrabImageRGBD(): 12.7568ms
Frame 3109 end
Average processing time of GrabImageRGBD(): 12.7562ms
Frame 3110 end
Average processing time of GrabImageRGBD(): 12.7558ms
Frame 3111 end
Average processing time of GrabImageRGBD(): 12.7551ms
Frame 3112 end
Average processing time of GrabImageRGBD(): 12.754ms
Frame 3113 end
Average processing time of GrabImageRGBD(): 12.7519ms
Frame 3114 end
Average processing time of GrabImageRGBD(): 12.7596ms
Frame 3115 end
Average processing time of GrabImageRGBD(): 12.7588ms
Frame 3116 end
Average processing time of GrabImageRGBD(): 12.7581ms
Frame 3117 end
Average processing time of GrabImageRGBD(): 12.7576ms
Frame 3118 end
Average processing time of GrabImageRGBD(): 12.7571ms
Frame 3119 end
Average processing time of GrabImageRGBD(): 12.7562ms
Frame 3120 end
Average processing time of GrabImageRGBD(): 12.7556ms
Frame 3121 end
Average processing time of GrabImageRGBD(): 12.7556ms
Frame 3122 end
Average processing time of GrabImageRGBD(): 12.7552ms
Frame 3123 end
Average processing time of GrabImageRGBD(): 12.7635ms
Frame 3124 end
Average processing time of GrabImageRGBD(): 12.7631ms
Frame 3125 end
Average processing time of GrabImageRGBD(): 12.7625ms
Frame 3126 end
Average processing time of GrabImageRGBD(): 12.762ms
Frame 3127 end
Average processing time of GrabImageRGBD(): 12.7606ms
Frame 3128 end
Average processing time of GrabImageRGBD(): 12.76ms
Frame 3129 end
Average processing time of GrabImageRGBD(): 12.7591ms
Frame 3130 end
Average processing time of GrabImageRGBD(): 12.7574ms
Frame 3131 end
Average processing time of GrabImageRGBD(): 12.757ms
Frame 3132 end
Average processing time of GrabImageRGBD(): 12.7653ms
Frame 3133 end
Average processing time of GrabImageRGBD(): 12.766ms
Frame 3134 end
Average processing time of GrabImageRGBD(): 12.7658ms
Frame 3135 end
Average processing time of GrabImageRGBD(): 12.7655ms
Frame 3136 end
Average processing time of GrabImageRGBD(): 12.7652ms
Frame 3137 end
Average processing time of GrabImageRGBD(): 12.7648ms
Frame 3138 end
Average processing time of GrabImageRGBD(): 12.7644ms
Frame 3139 end
Average processing time of GrabImageRGBD(): 12.7635ms
Frame 3140 end
Average processing time of GrabImageRGBD(): 12.7628ms
Frame 3141 end
Average processing time of GrabImageRGBD(): 12.7705ms
Frame 3142 end
Average processing time of GrabImageRGBD(): 12.7707ms
Frame 3143 end
Average processing time of GrabImageRGBD(): 12.7697ms
Frame 3144 end
Average processing time of GrabImageRGBD(): 12.7691ms
Frame 3145 end
Average processing time of GrabImageRGBD(): 12.7687ms
Frame 3146 end
Average processing time of GrabImageRGBD(): 12.7682ms
Frame 3147 end
Average processing time of GrabImageRGBD(): 12.7677ms
Frame 3148 end
Average processing time of GrabImageRGBD(): 12.7669ms
Frame 3149 end
Average processing time of GrabImageRGBD(): 12.7666ms
Frame 3150 end
Average processing time of GrabImageRGBD(): 12.7766ms
Frame 3151 end
Average processing time of GrabImageRGBD(): 12.7765ms
Frame 3152 end
Average processing time of GrabImageRGBD(): 12.7757ms
Frame 3153 end
Average processing time of GrabImageRGBD(): 12.7738ms
Frame 3154 end
Average processing time of GrabImageRGBD(): 12.773ms
Frame 3155 end
Average processing time of GrabImageRGBD(): 12.772ms
Frame 3156 end
Average processing time of GrabImageRGBD(): 12.7719ms
Frame 3157 end
Average processing time of GrabImageRGBD(): 12.7708ms
Frame 3158 end
Average processing time of GrabImageRGBD(): 12.7704ms
Frame 3159 end
Average processing time of GrabImageRGBD(): 12.7784ms
Frame 3160 end
Average processing time of GrabImageRGBD(): 12.778ms
Frame 3161 end
Average processing time of GrabImageRGBD(): 12.7776ms
Frame 3162 end
Average processing time of GrabImageRGBD(): 12.7773ms
Frame 3163 end
Average processing time of GrabImageRGBD(): 12.7765ms
Frame 3164 end
Average processing time of GrabImageRGBD(): 12.7756ms
Frame 3165 end
Average processing time of GrabImageRGBD(): 12.7749ms
Frame 3166 end
Average processing time of GrabImageRGBD(): 12.774ms
Frame 3167 end
Average processing time of GrabImageRGBD(): 12.7732ms
Frame 3168 end
Average processing time of GrabImageRGBD(): 12.7805ms
Frame 3169 end
Average processing time of GrabImageRGBD(): 12.7804ms
Frame 3170 end
Average processing time of GrabImageRGBD(): 12.7793ms
Frame 3171 end
Average processing time of GrabImageRGBD(): 12.7781ms
Frame 3172 end
Average processing time of GrabImageRGBD(): 12.7775ms
Frame 3173 end
Average processing time of GrabImageRGBD(): 12.7755ms
Frame 3174 end
Average processing time of GrabImageRGBD(): 12.775ms
Frame 3175 end
Average processing time of GrabImageRGBD(): 12.7735ms
Frame 3176 end
Average processing time of GrabImageRGBD(): 12.7728ms
Frame 3177 end
Average processing time of GrabImageRGBD(): 12.7806ms
Frame 3178 end
Average processing time of GrabImageRGBD(): 12.7799ms
Frame 3179 end
Average processing time of GrabImageRGBD(): 12.7788ms
Frame 3180 end
Average processing time of GrabImageRGBD(): 12.7783ms
Frame 3181 end
Average processing time of GrabImageRGBD(): 12.7779ms
Frame 3182 end
Average processing time of GrabImageRGBD(): 12.7773ms
Frame 3183 end
Average processing time of GrabImageRGBD(): 12.7768ms
Frame 3184 end
Average processing time of GrabImageRGBD(): 12.7758ms
Frame 3185 end
Average processing time of GrabImageRGBD(): 12.7748ms
Frame 3186 end
Average processing time of GrabImageRGBD(): 12.7737ms
Frame 3187 end
Average processing time of GrabImageRGBD(): 12.782ms
Frame 3188 end
Average processing time of GrabImageRGBD(): 12.7816ms
Frame 3189 end
Average processing time of GrabImageRGBD(): 12.7803ms
Frame 3190 end
Average processing time of GrabImageRGBD(): 12.7798ms
Frame 3191 end
Average processing time of GrabImageRGBD(): 12.7794ms
Frame 3192 end
Average processing time of GrabImageRGBD(): 12.779ms
Frame 3193 end
Average processing time of GrabImageRGBD(): 12.7783ms
Frame 3194 end
Average processing time of GrabImageRGBD(): 12.7778ms
Frame 3195 end
Average processing time of GrabImageRGBD(): 12.7764ms
Frame 3196 end
Average processing time of GrabImageRGBD(): 12.7755ms
Frame 3197 end
Average processing time of GrabImageRGBD(): 12.7838ms
Frame 3198 end
Average processing time of GrabImageRGBD(): 12.784ms
Frame 3199 end
Average processing time of GrabImageRGBD(): 12.7835ms
Frame 3200 end
Average processing time of GrabImageRGBD(): 12.7815ms
Frame 3201 end
Average processing time of GrabImageRGBD(): 12.7806ms
Frame 3202 end
Average processing time of GrabImageRGBD(): 12.7801ms
Frame 3203 end
Average processing time of GrabImageRGBD(): 12.7796ms
Frame 3204 end
Average processing time of GrabImageRGBD(): 12.7791ms
Frame 3205 end
Average processing time of GrabImageRGBD(): 12.7784ms
Frame 3206 end
Average processing time of GrabImageRGBD(): 12.7778ms
Frame 3207 end
Average processing time of GrabImageRGBD(): 12.7854ms
Frame 3208 end
Average processing time of GrabImageRGBD(): 12.7852ms
Frame 3209 end
Average processing time of GrabImageRGBD(): 12.785ms
Frame 3210 end
Average processing time of GrabImageRGBD(): 12.7844ms
Frame 3211 end
Average processing time of GrabImageRGBD(): 12.7838ms
Frame 3212 end
Average processing time of GrabImageRGBD(): 12.7831ms
Frame 3213 end
Average processing time of GrabImageRGBD(): 12.7828ms
Frame 3214 end
Average processing time of GrabImageRGBD(): 12.7805ms
Frame 3215 end
Average processing time of GrabImageRGBD(): 12.7794ms
Frame 3216 end
Average processing time of GrabImageRGBD(): 12.7788ms
Frame 3217 end
Average processing time of GrabImageRGBD(): 12.7863ms
Frame 3218 end
Average processing time of GrabImageRGBD(): 12.7853ms
Frame 3219 end
Average processing time of GrabImageRGBD(): 12.784ms
Frame 3220 end
Average processing time of GrabImageRGBD(): 12.783ms
Frame 3221 end
Average processing time of GrabImageRGBD(): 12.7827ms
Frame 3222 end
Average processing time of GrabImageRGBD(): 12.7813ms
Frame 3223 end
Average processing time of GrabImageRGBD(): 12.7799ms
Frame 3224 end
Average processing time of GrabImageRGBD(): 12.7789ms
Frame 3225 end
Average processing time of GrabImageRGBD(): 12.7784ms
Frame 3226 end
Average processing time of GrabImageRGBD(): 12.7866ms
Frame 3227 end
Average processing time of GrabImageRGBD(): 12.7865ms
Frame 3228 end
Average processing time of GrabImageRGBD(): 12.786ms
Frame 3229 end
Average processing time of GrabImageRGBD(): 12.7843ms
Frame 3230 end
Average processing time of GrabImageRGBD(): 12.7838ms
Frame 3231 end
Average processing time of GrabImageRGBD(): 12.7831ms
Frame 3232 end
Average processing time of GrabImageRGBD(): 12.7825ms
Frame 3233 end
Average processing time of GrabImageRGBD(): 12.781ms
Frame 3234 end
Average processing time of GrabImageRGBD(): 12.7802ms
Frame 3235 end
Average processing time of GrabImageRGBD(): 12.7915ms
Frame 3236 end
Average processing time of GrabImageRGBD(): 12.7915ms
Frame 3237 end
Average processing time of GrabImageRGBD(): 12.7908ms
Frame 3238 end
Average processing time of GrabImageRGBD(): 12.7892ms
Frame 3239 end
Average processing time of GrabImageRGBD(): 12.7876ms
Frame 3240 end
Average processing time of GrabImageRGBD(): 12.7866ms
Frame 3241 end
Average processing time of GrabImageRGBD(): 12.7853ms
Frame 3242 end
Average processing time of GrabImageRGBD(): 12.7936ms
Frame 3243 end
Average processing time of GrabImageRGBD(): 12.7939ms
Frame 3244 end
Average processing time of GrabImageRGBD(): 12.7928ms
Frame 3245 end
Average processing time of GrabImageRGBD(): 12.7918ms
Frame 3246 end
Average processing time of GrabImageRGBD(): 12.8009ms
Frame 3247 end
Average processing time of GrabImageRGBD(): 12.8097ms
Frame 3248 end
Average processing time of GrabImageRGBD(): 12.8096ms
Frame 3249 end
Average processing time of GrabImageRGBD(): 12.8085ms
Frame 3250 end
Average processing time of GrabImageRGBD(): 12.8078ms
Frame 3251 end
Average processing time of GrabImageRGBD(): 12.8073ms
Frame 3252 end
Average processing time of GrabImageRGBD(): 12.8071ms
Frame 3253 end
Average processing time of GrabImageRGBD(): 12.8063ms
Frame 3254 end
Average processing time of GrabImageRGBD(): 12.8058ms
Frame 3255 end
Average processing time of GrabImageRGBD(): 12.805ms
Frame 3256 end
Average processing time of GrabImageRGBD(): 12.8044ms
Frame 3257 end
Average processing time of GrabImageRGBD(): 12.8038ms
Frame 3258 end
Average processing time of GrabImageRGBD(): 12.8122ms
Frame 3259 end
Average processing time of GrabImageRGBD(): 12.8122ms
Frame 3260 end
Average processing time of GrabImageRGBD(): 12.8122ms
Frame 3261 end
Average processing time of GrabImageRGBD(): 12.8116ms
Frame 3262 end
Average processing time of GrabImageRGBD(): 12.8108ms
Frame 3263 end
Average processing time of GrabImageRGBD(): 12.81ms
Frame 3264 end
Average processing time of GrabImageRGBD(): 12.8094ms
Frame 3265 end
Average processing time of GrabImageRGBD(): 12.8082ms
Frame 3266 end
Average processing time of GrabImageRGBD(): 12.8078ms
Frame 3267 end
Average processing time of GrabImageRGBD(): 12.8072ms
Frame 3268 end
Average processing time of GrabImageRGBD(): 12.8156ms
Frame 3269 end
Average processing time of GrabImageRGBD(): 12.8161ms
Frame 3270 end
Average processing time of GrabImageRGBD(): 12.815ms
Frame 3271 end
Average processing time of GrabImageRGBD(): 12.8139ms
Frame 3272 end
Average processing time of GrabImageRGBD(): 12.8136ms
Frame 3273 end
Average processing time of GrabImageRGBD(): 12.8133ms
Frame 3274 end
Average processing time of GrabImageRGBD(): 12.8127ms
Frame 3275 end
Average processing time of GrabImageRGBD(): 12.8122ms
Frame 3276 end
Average processing time of GrabImageRGBD(): 12.8114ms
Frame 3277 end
Average processing time of GrabImageRGBD(): 12.8105ms
Frame 3278 end
Average processing time of GrabImageRGBD(): 12.8099ms
Frame 3279 end
Average processing time of GrabImageRGBD(): 12.8179ms
Frame 3280 end
Average processing time of GrabImageRGBD(): 12.8179ms
Frame 3281 end
Average processing time of GrabImageRGBD(): 12.8173ms
Frame 3282 end
Average processing time of GrabImageRGBD(): 12.8158ms
Frame 3283 end
Average processing time of GrabImageRGBD(): 12.8151ms
Frame 3284 end
Average processing time of GrabImageRGBD(): 12.8146ms
Frame 3285 end
Average processing time of GrabImageRGBD(): 12.8141ms
Frame 3286 end
Average processing time of GrabImageRGBD(): 12.8135ms
Frame 3287 end
Average processing time of GrabImageRGBD(): 12.8129ms
Frame 3288 end
Average processing time of GrabImageRGBD(): 12.8118ms
Frame 3289 end
Average processing time of GrabImageRGBD(): 12.8105ms
Frame 3290 end
Average processing time of GrabImageRGBD(): 12.8099ms
Frame 3291 end
Average processing time of GrabImageRGBD(): 12.8179ms
Frame 3292 end
Average processing time of GrabImageRGBD(): 12.8177ms
Frame 3293 end
Average processing time of GrabImageRGBD(): 12.8168ms
Frame 3294 end
Average processing time of GrabImageRGBD(): 12.8161ms
Frame 3295 end
Average processing time of GrabImageRGBD(): 12.8154ms
Frame 3296 end
Average processing time of GrabImageRGBD(): 12.8142ms
Frame 3297 end
Average processing time of GrabImageRGBD(): 12.8136ms
Frame 3298 end
Average processing time of GrabImageRGBD(): 12.8119ms
Frame 3299 end
Average processing time of GrabImageRGBD(): 12.8112ms
Frame 3300 end
Average processing time of GrabImageRGBD(): 12.8104ms
Frame 3301 end
Average processing time of GrabImageRGBD(): 12.8097ms
Frame 3302 end
Average processing time of GrabImageRGBD(): 12.8079ms
Frame 3303 end
Average processing time of GrabImageRGBD(): 12.8068ms
Frame 3304 end
Average processing time of GrabImageRGBD(): 12.8141ms
Frame 3305 end
Average processing time of GrabImageRGBD(): 12.8149ms
Frame 3306 end
Average processing time of GrabImageRGBD(): 12.8139ms
Frame 3307 end
Average processing time of GrabImageRGBD(): 12.8135ms
Frame 3308 end
Average processing time of GrabImageRGBD(): 12.8131ms
Frame 3309 end
Average processing time of GrabImageRGBD(): 12.8127ms
Frame 3310 end
Average processing time of GrabImageRGBD(): 12.8123ms
Frame 3311 end
Average processing time of GrabImageRGBD(): 12.8121ms
Frame 3312 end
Average processing time of GrabImageRGBD(): 12.8114ms
Frame 3313 end
Average processing time of GrabImageRGBD(): 12.8111ms
Frame 3314 end
Average processing time of GrabImageRGBD(): 12.8109ms
Frame 3315 end
Average processing time of GrabImageRGBD(): 12.8105ms
Frame 3316 end
Average processing time of GrabImageRGBD(): 12.8094ms
Frame 3317 end
Average processing time of GrabImageRGBD(): 12.8093ms
Frame 3318 end
Average processing time of GrabImageRGBD(): 12.8174ms
Frame 3319 end
Average processing time of GrabImageRGBD(): 12.8177ms
Frame 3320 end
Average processing time of GrabImageRGBD(): 12.8173ms
Frame 3321 end
Average processing time of GrabImageRGBD(): 12.8172ms
Frame 3322 end
Average processing time of GrabImageRGBD(): 12.8167ms
Frame 3323 end
Average processing time of GrabImageRGBD(): 12.8164ms
Frame 3324 end
Average processing time of GrabImageRGBD(): 12.8163ms
Frame 3325 end
Average processing time of GrabImageRGBD(): 12.8159ms
Frame 3326 end
Average processing time of GrabImageRGBD(): 12.8157ms
Frame 3327 end
Average processing time of GrabImageRGBD(): 12.8154ms
Frame 3328 end
Average processing time of GrabImageRGBD(): 12.8143ms
Frame 3329 end
Average processing time of GrabImageRGBD(): 12.813ms
Frame 3330 end
Average processing time of GrabImageRGBD(): 12.8131ms
Frame 3331 end
Average processing time of GrabImageRGBD(): 12.8126ms
Frame 3332 end
Average processing time of GrabImageRGBD(): 12.8206ms
Frame 3333 end
Average processing time of GrabImageRGBD(): 12.8207ms
Frame 3334 end
Average processing time of GrabImageRGBD(): 12.8201ms
Frame 3335 end
Average processing time of GrabImageRGBD(): 12.82ms
Frame 3336 end
Average processing time of GrabImageRGBD(): 12.8192ms
Frame 3337 end
Average processing time of GrabImageRGBD(): 12.8186ms
Frame 3338 end
Average processing time of GrabImageRGBD(): 12.8183ms
Frame 3339 end
Average processing time of GrabImageRGBD(): 12.8165ms
Frame 3340 end
Average processing time of GrabImageRGBD(): 12.8159ms
Frame 3341 end
Average processing time of GrabImageRGBD(): 12.8155ms
Frame 3342 end
Average processing time of GrabImageRGBD(): 12.8149ms
Frame 3343 end
Average processing time of GrabImageRGBD(): 12.8145ms
Frame 3344 end
Average processing time of GrabImageRGBD(): 12.814ms
Frame 3345 end
Average processing time of GrabImageRGBD(): 12.8134ms
Frame 3346 end
Average processing time of GrabImageRGBD(): 12.8213ms
Frame 3347 end
Average processing time of GrabImageRGBD(): 12.8213ms
Frame 3348 end
Average processing time of GrabImageRGBD(): 12.8207ms
Frame 3349 end
Average processing time of GrabImageRGBD(): 12.8191ms
Frame 3350 end
Average processing time of GrabImageRGBD(): 12.8187ms
Frame 3351 end
Average processing time of GrabImageRGBD(): 12.8183ms
Frame 3352 end
Average processing time of GrabImageRGBD(): 12.8177ms
Frame 3353 end
Average processing time of GrabImageRGBD(): 12.8172ms
Frame 3354 end
Average processing time of GrabImageRGBD(): 12.816ms
Frame 3355 end
Average processing time of GrabImageRGBD(): 12.8158ms
Frame 3356 end
Average processing time of GrabImageRGBD(): 12.8151ms
Frame 3357 end
Average processing time of GrabImageRGBD(): 12.8146ms
Frame 3358 end
Average processing time of GrabImageRGBD(): 12.813ms
Frame 3359 end
Average processing time of GrabImageRGBD(): 12.8122ms
Frame 3360 end
Average processing time of GrabImageRGBD(): 12.82ms
Frame 3361 end
Average processing time of GrabImageRGBD(): 12.8199ms
Frame 3362 end
Average processing time of GrabImageRGBD(): 12.8189ms
Frame 3363 end
Average processing time of GrabImageRGBD(): 12.8182ms
Frame 3364 end
Average processing time of GrabImageRGBD(): 12.8175ms
Frame 3365 end
Average processing time of GrabImageRGBD(): 12.8168ms
Frame 3366 end
Average processing time of GrabImageRGBD(): 12.8164ms
Frame 3367 end
Average processing time of GrabImageRGBD(): 12.8158ms
Frame 3368 end
Average processing time of GrabImageRGBD(): 12.8238ms
Frame 3369 end
Average processing time of GrabImageRGBD(): 12.8336ms
Frame 3370 end
Average processing time of GrabImageRGBD(): 12.8428ms
Frame 3371 end
Average processing time of GrabImageRGBD(): 12.843ms
Frame 3372 end
Average processing time of GrabImageRGBD(): 12.8424ms
Frame 3373 end
Average processing time of GrabImageRGBD(): 12.8421ms
Frame 3374 end
Average processing time of GrabImageRGBD(): 12.8413ms
Frame 3375 end
Average processing time of GrabImageRGBD(): 12.8407ms
Frame 3376 end
Average processing time of GrabImageRGBD(): 12.8404ms
Frame 3377 end
Average processing time of GrabImageRGBD(): 12.8398ms
Frame 3378 end
Average processing time of GrabImageRGBD(): 12.8391ms
Frame 3379 end
Average processing time of GrabImageRGBD(): 12.8377ms
Frame 3380 end
Average processing time of GrabImageRGBD(): 12.837ms
Frame 3381 end
Average processing time of GrabImageRGBD(): 12.8366ms
Frame 3382 end
Average processing time of GrabImageRGBD(): 12.8349ms
Frame 3383 end
Average processing time of GrabImageRGBD(): 12.8433ms
Frame 3384 end
Average processing time of GrabImageRGBD(): 12.844ms
Frame 3385 end
Average processing time of GrabImageRGBD(): 12.8438ms
Frame 3386 end
Average processing time of GrabImageRGBD(): 12.8433ms
Frame 3387 end
Average processing time of GrabImageRGBD(): 12.8428ms
Frame 3388 end
Average processing time of GrabImageRGBD(): 12.8419ms
Frame 3389 end
Average processing time of GrabImageRGBD(): 12.8407ms
Frame 3390 end
Average processing time of GrabImageRGBD(): 12.8497ms
Frame 3391 end
Average processing time of GrabImageRGBD(): 12.8502ms
Frame 3392 end
Average processing time of GrabImageRGBD(): 12.8495ms
Frame 3393 end
Average processing time of GrabImageRGBD(): 12.849ms
Frame 3394 end
Average processing time of GrabImageRGBD(): 12.849ms
Frame 3395 end
Average processing time of GrabImageRGBD(): 12.8487ms
Frame 3396 end
Average processing time of GrabImageRGBD(): 12.8485ms
Frame 3397 end
Average processing time of GrabImageRGBD(): 12.8481ms
Frame 3398 end
Average processing time of GrabImageRGBD(): 12.8478ms
Frame 3399 end
Average processing time of GrabImageRGBD(): 12.8471ms
Frame 3400 end
Average processing time of GrabImageRGBD(): 12.8468ms
Frame 3401 end
Average processing time of GrabImageRGBD(): 12.846ms
Frame 3402 end
Average processing time of GrabImageRGBD(): 12.8454ms
Frame 3403 end
Average processing time of GrabImageRGBD(): 12.845ms
Frame 3404 end
Average processing time of GrabImageRGBD(): 12.844ms
Frame 3405 end
Average processing time of GrabImageRGBD(): 12.8435ms
Frame 3406 end
Average processing time of GrabImageRGBD(): 12.8431ms
Frame 3407 end
Average processing time of GrabImageRGBD(): 12.8425ms
Frame 3408 end
Average processing time of GrabImageRGBD(): 12.842ms
Frame 3409 end
Average processing time of GrabImageRGBD(): 12.8501ms
Frame 3410 end
Average processing time of GrabImageRGBD(): 12.85ms
Frame 3411 end
Average processing time of GrabImageRGBD(): 12.85ms
Frame 3412 end
Average processing time of GrabImageRGBD(): 12.8496ms
Frame 3413 end
Average processing time of GrabImageRGBD(): 12.849ms
Frame 3414 end
Average processing time of GrabImageRGBD(): 12.8483ms
Frame 3415 end
Average processing time of GrabImageRGBD(): 12.8477ms
Frame 3416 end
Average processing time of GrabImageRGBD(): 12.847ms
Frame 3417 end
Average processing time of GrabImageRGBD(): 12.846ms
Frame 3418 end
Average processing time of GrabImageRGBD(): 12.8443ms
Frame 3419 end
Average processing time of GrabImageRGBD(): 12.8435ms
Frame 3420 end
Average processing time of GrabImageRGBD(): 12.8431ms
Frame 3421 end
Average processing time of GrabImageRGBD(): 12.8425ms
Frame 3422 end
Average processing time of GrabImageRGBD(): 12.8417ms
Frame 3423 end
Average processing time of GrabImageRGBD(): 12.8411ms
Frame 3424 end
Average processing time of GrabImageRGBD(): 12.8402ms
Frame 3425 end
Average processing time of GrabImageRGBD(): 12.8481ms
Frame 3426 end
Average processing time of GrabImageRGBD(): 12.8484ms
Frame 3427 end
Average processing time of GrabImageRGBD(): 12.8478ms
Frame 3428 end
Average processing time of GrabImageRGBD(): 12.8473ms
Frame 3429 end
Average processing time of GrabImageRGBD(): 12.8465ms
Frame 3430 end
Average processing time of GrabImageRGBD(): 12.846ms
Frame 3431 end
Average processing time of GrabImageRGBD(): 12.8454ms
Frame 3432 end
Average processing time of GrabImageRGBD(): 12.8447ms
Frame 3433 end
Average processing time of GrabImageRGBD(): 12.8437ms
Frame 3434 end
Average processing time of GrabImageRGBD(): 12.843ms
Frame 3435 end
Average processing time of GrabImageRGBD(): 12.8521ms
Frame 3436 end
Average processing time of GrabImageRGBD(): 12.8526ms
Frame 3437 end
Average processing time of GrabImageRGBD(): 12.8525ms
Frame 3438 end
Average processing time of GrabImageRGBD(): 12.8518ms
Frame 3439 end
Average processing time of GrabImageRGBD(): 12.8611ms
Frame 3440 end
Average processing time of GrabImageRGBD(): 12.8615ms
Frame 3441 end
Average processing time of GrabImageRGBD(): 12.8615ms
Frame 3442 end
Average processing time of GrabImageRGBD(): 12.8611ms
Frame 3443 end
Average processing time of GrabImageRGBD(): 12.8606ms
Frame 3444 end
Average processing time of GrabImageRGBD(): 12.86ms
Frame 3445 end
Average processing time of GrabImageRGBD(): 12.8595ms
Frame 3446 end
Average processing time of GrabImageRGBD(): 12.859ms
Frame 3447 end
Average processing time of GrabImageRGBD(): 12.8711ms
Frame 3448 end
Average processing time of GrabImageRGBD(): 12.8712ms
Frame 3449 end
Average processing time of GrabImageRGBD(): 12.8704ms
Frame 3450 end
Average processing time of GrabImageRGBD(): 12.8825ms
Frame 3451 end
Average processing time of GrabImageRGBD(): 12.8836ms
Frame 3452 end
Average processing time of GrabImageRGBD(): 12.8839ms
Frame 3453 end
Average processing time of GrabImageRGBD(): 12.884ms
Frame 3454 end
Average processing time of GrabImageRGBD(): 12.8932ms
Frame 3455 end
Average processing time of GrabImageRGBD(): 12.8941ms
Frame 3456 end
Average processing time of GrabImageRGBD(): 12.8939ms
Frame 3457 end
Average processing time of GrabImageRGBD(): 12.8935ms
Frame 3458 end
Average processing time of GrabImageRGBD(): 12.8928ms
Frame 3459 end
Average processing time of GrabImageRGBD(): 12.8922ms
Frame 3460 end
Average processing time of GrabImageRGBD(): 12.8915ms
Frame 3461 end
Average processing time of GrabImageRGBD(): 12.8904ms
Frame 3462 end
Average processing time of GrabImageRGBD(): 12.8907ms
Frame 3463 end
Average processing time of GrabImageRGBD(): 12.8895ms
Frame 3464 end
Average processing time of GrabImageRGBD(): 12.8888ms
Frame 3465 end
Average processing time of GrabImageRGBD(): 12.8885ms
Frame 3466 end
Average processing time of GrabImageRGBD(): 12.8879ms
Frame 3467 end
Average processing time of GrabImageRGBD(): 12.8873ms
Frame 3468 end
Average processing time of GrabImageRGBD(): 12.8866ms
Frame 3469 end
Average processing time of GrabImageRGBD(): 12.8862ms
Frame 3470 end
Average processing time of GrabImageRGBD(): 12.8858ms
Frame 3471 end
Average processing time of GrabImageRGBD(): 12.885ms
Frame 3472 end
Average processing time of GrabImageRGBD(): 12.8843ms
Frame 3473 end
Average processing time of GrabImageRGBD(): 12.8929ms
Frame 3474 end
Average processing time of GrabImageRGBD(): 12.8931ms
Frame 3475 end
Average processing time of GrabImageRGBD(): 12.9007ms
Frame 3476 end
Average processing time of GrabImageRGBD(): 12.9097ms
Frame 3477 end
Average processing time of GrabImageRGBD(): 12.9104ms
Frame 3478 end
Average processing time of GrabImageRGBD(): 12.9102ms
Frame 3479 end
Average processing time of GrabImageRGBD(): 12.9098ms
Frame 3480 end
Average processing time of GrabImageRGBD(): 12.9093ms
Frame 3481 end
Average processing time of GrabImageRGBD(): 12.909ms
Frame 3482 end
Average processing time of GrabImageRGBD(): 12.9087ms
Frame 3483 end
Average processing time of GrabImageRGBD(): 12.9074ms
Frame 3484 end
Average processing time of GrabImageRGBD(): 12.9155ms
Frame 3485 end
Average processing time of GrabImageRGBD(): 12.9245ms
Frame 3486 end
Average processing time of GrabImageRGBD(): 12.924ms
Frame 3487 end
Average processing time of GrabImageRGBD(): 12.9234ms
Frame 3488 end
Average processing time of GrabImageRGBD(): 12.9327ms
Frame 3489 end
Average processing time of GrabImageRGBD(): 12.9327ms
Frame 3490 end
Average processing time of GrabImageRGBD(): 12.9322ms
Frame 3491 end
Average processing time of GrabImageRGBD(): 12.9315ms
Frame 3492 end
Average processing time of GrabImageRGBD(): 12.931ms
Frame 3493 end
Average processing time of GrabImageRGBD(): 12.9305ms
Frame 3494 end
Average processing time of GrabImageRGBD(): 12.9301ms
Frame 3495 end
Average processing time of GrabImageRGBD(): 12.9295ms
Frame 3496 end
Average processing time of GrabImageRGBD(): 12.9291ms
Frame 3497 end
Average processing time of GrabImageRGBD(): 12.9288ms
Frame 3498 end
Average processing time of GrabImageRGBD(): 12.935ms
Frame 3499 end
Average processing time of GrabImageRGBD(): 12.9356ms
Frame 3500 end
Average processing time of GrabImageRGBD(): 12.935ms
Frame 3501 end
Average processing time of GrabImageRGBD(): 12.9428ms
Frame 3502 end
Average processing time of GrabImageRGBD(): 12.9438ms
Frame 3503 end
Average processing time of GrabImageRGBD(): 12.9432ms
Frame 3504 end
Average processing time of GrabImageRGBD(): 12.9427ms
Frame 3505 end
Average processing time of GrabImageRGBD(): 12.942ms
Frame 3506 end
Average processing time of GrabImageRGBD(): 12.9421ms
Frame 3507 end
Average processing time of GrabImageRGBD(): 12.9506ms
Frame 3508 end
Average processing time of GrabImageRGBD(): 12.9507ms
Frame 3509 end
Average processing time of GrabImageRGBD(): 12.9503ms
Frame 3510 end
Average processing time of GrabImageRGBD(): 12.9475ms
Frame 3511 end
Average processing time of GrabImageRGBD(): 12.9458ms
Frame 3512 end
Average processing time of GrabImageRGBD(): 12.9431ms
Frame 3513 end
Average processing time of GrabImageRGBD(): 12.9403ms
Frame 3514 end
Average processing time of GrabImageRGBD(): 12.9382ms
Frame 3515 end
Average processing time of GrabImageRGBD(): 12.9376ms
Frame 3516 end
Average processing time of GrabImageRGBD(): 12.9443ms
Frame 3517 end
Average processing time of GrabImageRGBD(): 12.9437ms
Frame 3518 end
Average processing time of GrabImageRGBD(): 12.9413ms
Frame 3519 end
Average processing time of GrabImageRGBD(): 12.9397ms
Frame 3520 end
Average processing time of GrabImageRGBD(): 12.9393ms
Frame 3521 end
Average processing time of GrabImageRGBD(): 12.9365ms
Frame 3522 end
Average processing time of GrabImageRGBD(): 12.9346ms
Frame 3523 end
Average processing time of GrabImageRGBD(): 12.934ms
Frame 3524 end
Average processing time of GrabImageRGBD(): 12.9337ms
Frame 3525 end
Average processing time of GrabImageRGBD(): 12.9335ms
Frame 3526 end
Average processing time of GrabImageRGBD(): 12.9327ms
Frame 3527 end
Average processing time of GrabImageRGBD(): 12.9325ms
Frame 3528 end
Average processing time of GrabImageRGBD(): 12.9312ms
Frame 3529 end
Average processing time of GrabImageRGBD(): 12.9309ms
Frame 3530 end
Average processing time of GrabImageRGBD(): 12.9302ms
Frame 3531 end
Average processing time of GrabImageRGBD(): 12.9296ms
Frame 3532 end
Average processing time of GrabImageRGBD(): 12.9285ms
Frame 3533 end
Average processing time of GrabImageRGBD(): 12.9371ms
Frame 3534 end
Average processing time of GrabImageRGBD(): 12.9373ms
Frame 3535 end
Average processing time of GrabImageRGBD(): 12.937ms
Frame 3536 end
Average processing time of GrabImageRGBD(): 12.9369ms
Frame 3537 end
Average processing time of GrabImageRGBD(): 12.9359ms
Frame 3538 end
Average processing time of GrabImageRGBD(): 12.9356ms
Frame 3539 end
Average processing time of GrabImageRGBD(): 12.9353ms
Frame 3540 end
Average processing time of GrabImageRGBD(): 12.9443ms
Frame 3541 end
Average processing time of GrabImageRGBD(): 12.9444ms
Frame 3542 end
Average processing time of GrabImageRGBD(): 12.9439ms
Frame 3543 end
Average processing time of GrabImageRGBD(): 12.9432ms
Frame 3544 end
Average processing time of GrabImageRGBD(): 12.9425ms
Frame 3545 end
Average processing time of GrabImageRGBD(): 12.9421ms
Frame 3546 end
Average processing time of GrabImageRGBD(): 12.9406ms
Frame 3547 end
Average processing time of GrabImageRGBD(): 12.9401ms
Frame 3548 end
Average processing time of GrabImageRGBD(): 12.9395ms
Frame 3549 end
Average processing time of GrabImageRGBD(): 12.9392ms
Frame 3550 end
Average processing time of GrabImageRGBD(): 12.9489ms
Frame 3551 end
Average processing time of GrabImageRGBD(): 12.9508ms
Frame 3552 end
Average processing time of GrabImageRGBD(): 12.9501ms
Frame 3553 end
Average processing time of GrabImageRGBD(): 12.9498ms
Frame 3554 end
Average processing time of GrabImageRGBD(): 12.9494ms
Frame 3555 end
Average processing time of GrabImageRGBD(): 12.9487ms
Frame 3556 end
Average processing time of GrabImageRGBD(): 12.9484ms
Frame 3557 end
Average processing time of GrabImageRGBD(): 12.9473ms
Frame 3558 end
Average processing time of GrabImageRGBD(): 12.947ms
Frame 3559 end
Average processing time of GrabImageRGBD(): 12.9562ms
Frame 3560 end
Average processing time of GrabImageRGBD(): 12.9564ms
Frame 3561 end
Average processing time of GrabImageRGBD(): 12.9557ms
Frame 3562 end
Average processing time of GrabImageRGBD(): 12.955ms
Frame 3563 end
Average processing time of GrabImageRGBD(): 12.9546ms
Frame 3564 end
Average processing time of GrabImageRGBD(): 12.9538ms
Frame 3565 end
Average processing time of GrabImageRGBD(): 12.9534ms
Frame 3566 end
Average processing time of GrabImageRGBD(): 12.9524ms
Frame 3567 end
Average processing time of GrabImageRGBD(): 12.9513ms
Frame 3568 end
Average processing time of GrabImageRGBD(): 12.9504ms
Frame 3569 end
Average processing time of GrabImageRGBD(): 12.95ms
Frame 3570 end
Average processing time of GrabImageRGBD(): 12.9493ms
Frame 3571 end
Average processing time of GrabImageRGBD(): 12.9487ms
Frame 3572 end
Average processing time of GrabImageRGBD(): 12.9481ms
Frame 3573 end
Average processing time of GrabImageRGBD(): 12.9573ms
Frame 3574 end
Average processing time of GrabImageRGBD(): 12.9582ms
Frame 3575 end
Average processing time of GrabImageRGBD(): 12.958ms
Frame 3576 end
Average processing time of GrabImageRGBD(): 12.957ms
Frame 3577 end
Average processing time of GrabImageRGBD(): 12.9568ms
Frame 3578 end
Average processing time of GrabImageRGBD(): 12.9664ms
Frame 3579 end
Average processing time of GrabImageRGBD(): 12.967ms
Frame 3580 end
Average processing time of GrabImageRGBD(): 12.9665ms
Frame 3581 end
Average processing time of GrabImageRGBD(): 12.9661ms
Frame 3582 end
Average processing time of GrabImageRGBD(): 12.9657ms
Frame 3583 end
Average processing time of GrabImageRGBD(): 12.9652ms
Frame 3584 end
Average processing time of GrabImageRGBD(): 12.9642ms
Frame 3585 end
Average processing time of GrabImageRGBD(): 12.9637ms
Frame 3586 end
Average processing time of GrabImageRGBD(): 12.9635ms
Frame 3587 end
Average processing time of GrabImageRGBD(): 12.9632ms
Frame 3588 end
Average processing time of GrabImageRGBD(): 12.9623ms
Frame 3589 end
Average processing time of GrabImageRGBD(): 12.9617ms
Frame 3590 end
Average processing time of GrabImageRGBD(): 12.9711ms
Frame 3591 end
Average processing time of GrabImageRGBD(): 12.9719ms
Frame 3592 end
Average processing time of GrabImageRGBD(): 12.9712ms
Frame 3593 end
Average processing time of GrabImageRGBD(): 12.9708ms
Frame 3594 end
Average processing time of GrabImageRGBD(): 12.9703ms
Frame 3595 end
Average processing time of GrabImageRGBD(): 12.9702ms
Frame 3596 end
Average processing time of GrabImageRGBD(): 12.9699ms
Frame 3597 end
Average processing time of GrabImageRGBD(): 12.9693ms
Frame 3598 end
Average processing time of GrabImageRGBD(): 12.9684ms
Frame 3599 end
Average processing time of GrabImageRGBD(): 12.9782ms
Frame 3600 end
Average processing time of GrabImageRGBD(): 12.978ms
Frame 3601 end
Average processing time of GrabImageRGBD(): 12.9773ms
Frame 3602 end
Average processing time of GrabImageRGBD(): 12.977ms
Frame 3603 end
Average processing time of GrabImageRGBD(): 12.976ms
Frame 3604 end
Average processing time of GrabImageRGBD(): 12.9756ms
Frame 3605 end
Average processing time of GrabImageRGBD(): 12.9751ms
Frame 3606 end
Average processing time of GrabImageRGBD(): 12.9749ms
Frame 3607 end
Average processing time of GrabImageRGBD(): 12.974ms
Frame 3608 end
Average processing time of GrabImageRGBD(): 12.9734ms
Frame 3609 end
Average processing time of GrabImageRGBD(): 12.9736ms
Frame 3610 end
Average processing time of GrabImageRGBD(): 12.9736ms
Frame 3611 end
Average processing time of GrabImageRGBD(): 12.9731ms
Frame 3612 end
Average processing time of GrabImageRGBD(): 12.9729ms
Frame 3613 end
Average processing time of GrabImageRGBD(): 12.9724ms
Frame 3614 end
Average processing time of GrabImageRGBD(): 12.9868ms
Frame 3615 end
Average processing time of GrabImageRGBD(): 12.9871ms
Frame 3616 end
Average processing time of GrabImageRGBD(): 12.987ms
Frame 3617 end
Average processing time of GrabImageRGBD(): 12.9869ms
Frame 3618 end
Average processing time of GrabImageRGBD(): 12.9855ms
Frame 3619 end
Average processing time of GrabImageRGBD(): 12.9851ms
Frame 3620 end
Average processing time of GrabImageRGBD(): 12.9844ms
Frame 3621 end
Average processing time of GrabImageRGBD(): 12.984ms
Frame 3622 end
Average processing time of GrabImageRGBD(): 12.9835ms
Frame 3623 end
Average processing time of GrabImageRGBD(): 12.983ms
Frame 3624 end
Average processing time of GrabImageRGBD(): 12.9825ms
Frame 3625 end
Average processing time of GrabImageRGBD(): 12.9821ms
Frame 3626 end
Average processing time of GrabImageRGBD(): 12.9814ms
Frame 3627 end
Average processing time of GrabImageRGBD(): 12.9812ms
Frame 3628 end
Average processing time of GrabImageRGBD(): 12.9807ms
Frame 3629 end
Average processing time of GrabImageRGBD(): 12.9794ms
Frame 3630 end
Average processing time of GrabImageRGBD(): 12.979ms
Frame 3631 end
Average processing time of GrabImageRGBD(): 12.9782ms
Frame 3632 end
Average processing time of GrabImageRGBD(): 12.9768ms
Frame 3633 end
Average processing time of GrabImageRGBD(): 12.9753ms
Frame 3634 end
Average processing time of GrabImageRGBD(): 12.9747ms
Frame 3635 end
Average processing time of GrabImageRGBD(): 12.9742ms
Frame 3636 end
Average processing time of GrabImageRGBD(): 12.9733ms
Frame 3637 end
Average processing time of GrabImageRGBD(): 12.9727ms
Frame 3638 end
Average processing time of GrabImageRGBD(): 12.9724ms
Frame 3639 end
Average processing time of GrabImageRGBD(): 12.9716ms
Frame 3640 end
Average processing time of GrabImageRGBD(): 12.9705ms
Frame 3641 end
Average processing time of GrabImageRGBD(): 12.9699ms
Frame 3642 end
Average processing time of GrabImageRGBD(): 12.9693ms
Frame 3643 end
Average processing time of GrabImageRGBD(): 12.9686ms
Frame 3644 end
Average processing time of GrabImageRGBD(): 12.9767ms
Frame 3645 end
Average processing time of GrabImageRGBD(): 12.977ms
Frame 3646 end
Average processing time of GrabImageRGBD(): 12.9758ms
Frame 3647 end
Average processing time of GrabImageRGBD(): 12.9754ms
Frame 3648 end
Average processing time of GrabImageRGBD(): 12.9749ms
Frame 3649 end
Average processing time of GrabImageRGBD(): 12.9741ms
Frame 3650 end
Average processing time of GrabImageRGBD(): 12.9736ms
Frame 3651 end
Average processing time of GrabImageRGBD(): 12.973ms
Frame 3652 end
Average processing time of GrabImageRGBD(): 12.9725ms
Frame 3653 end
Average processing time of GrabImageRGBD(): 12.9717ms
Frame 3654 end
Average processing time of GrabImageRGBD(): 12.9713ms
Frame 3655 end
Average processing time of GrabImageRGBD(): 12.9707ms
Frame 3656 end
Average processing time of GrabImageRGBD(): 12.97ms
Frame 3657 end
Average processing time of GrabImageRGBD(): 12.9694ms
Frame 3658 end
Average processing time of GrabImageRGBD(): 12.9685ms
Frame 3659 end
Average processing time of GrabImageRGBD(): 12.968ms
Frame 3660 end
Average processing time of GrabImageRGBD(): 12.9677ms
Frame 3661 end
Average processing time of GrabImageRGBD(): 12.9679ms
Frame 3662 end
Average processing time of GrabImageRGBD(): 12.9674ms
Frame 3663 end
Average processing time of GrabImageRGBD(): 12.9667ms
Frame 3664 end
Average processing time of GrabImageRGBD(): 12.9664ms
Frame 3665 end
Average processing time of GrabImageRGBD(): 12.966ms
Frame 3666 end
Average processing time of GrabImageRGBD(): 12.9654ms
Frame 3667 end
Average processing time of GrabImageRGBD(): 12.9648ms
Frame 3668 end
Average processing time of GrabImageRGBD(): 12.9639ms
Frame 3669 end
Average processing time of GrabImageRGBD(): 12.9639ms
Frame 3670 end
Average processing time of GrabImageRGBD(): 12.9632ms
Frame 3671 end
Average processing time of GrabImageRGBD(): 12.9626ms
Frame 3672 end
Average processing time of GrabImageRGBD(): 12.9615ms
Frame 3673 end
Average processing time of GrabImageRGBD(): 12.9702ms
Frame 3674 end
Average processing time of GrabImageRGBD(): 12.9712ms
Frame 3675 end
Average processing time of GrabImageRGBD(): 12.9711ms
Frame 3676 end
Average processing time of GrabImageRGBD(): 12.9708ms
Frame 3677 end
Average processing time of GrabImageRGBD(): 12.9704ms
Frame 3678 end
Average processing time of GrabImageRGBD(): 12.9698ms
Frame 3679 end
Average processing time of GrabImageRGBD(): 12.9694ms
Frame 3680 end
Average processing time of GrabImageRGBD(): 12.9691ms
Frame 3681 end
Average processing time of GrabImageRGBD(): 12.9688ms
Frame 3682 end
Average processing time of GrabImageRGBD(): 12.969ms
Frame 3683 end
Average processing time of GrabImageRGBD(): 12.9687ms
Frame 3684 end
Average processing time of GrabImageRGBD(): 12.9683ms
Frame 3685 end
Average processing time of GrabImageRGBD(): 12.9681ms
Frame 3686 end
Average processing time of GrabImageRGBD(): 12.9679ms
Frame 3687 end
Average processing time of GrabImageRGBD(): 12.9674ms
Frame 3688 end
Average processing time of GrabImageRGBD(): 12.9669ms
Frame 3689 end
Average processing time of GrabImageRGBD(): 12.9657ms
Frame 3690 end
Average processing time of GrabImageRGBD(): 12.9647ms
Frame 3691 end
Average processing time of GrabImageRGBD(): 12.9639ms
Frame 3692 end
Average processing time of GrabImageRGBD(): 12.9633ms
Frame 3693 end
Average processing time of GrabImageRGBD(): 12.9633ms
Frame 3694 end
Average processing time of GrabImageRGBD(): 12.9627ms
Frame 3695 end
Average processing time of GrabImageRGBD(): 12.9622ms
Frame 3696 end
Average processing time of GrabImageRGBD(): 12.9619ms
Frame 3697 end
Average processing time of GrabImageRGBD(): 12.9615ms
Frame 3698 end
Average processing time of GrabImageRGBD(): 12.9612ms
Frame 3699 end
Average processing time of GrabImageRGBD(): 12.9608ms
Frame 3700 end
Average processing time of GrabImageRGBD(): 12.9591ms
Frame 3701 end
Average processing time of GrabImageRGBD(): 12.9587ms
Frame 3702 end
Average processing time of GrabImageRGBD(): 12.9676ms
Frame 3703 end
Average processing time of GrabImageRGBD(): 12.9676ms
Frame 3704 end
Average processing time of GrabImageRGBD(): 12.9669ms
Frame 3705 end
Average processing time of GrabImageRGBD(): 12.9661ms
Frame 3706 end
Average processing time of GrabImageRGBD(): 12.9657ms
Frame 3707 end
Average processing time of GrabImageRGBD(): 12.9651ms
Frame 3708 end
Average processing time of GrabImageRGBD(): 12.965ms
Frame 3709 end
Average processing time of GrabImageRGBD(): 12.9647ms
Frame 3710 end
Average processing time of GrabImageRGBD(): 12.9647ms
Frame 3711 end
Average processing time of GrabImageRGBD(): 12.9643ms
Frame 3712 end
Average processing time of GrabImageRGBD(): 12.9647ms
Frame 3713 end
Average processing time of GrabImageRGBD(): 12.9642ms
Frame 3714 end
Average processing time of GrabImageRGBD(): 12.9638ms
Frame 3715 end
Average processing time of GrabImageRGBD(): 12.9634ms
Frame 3716 end
Average processing time of GrabImageRGBD(): 12.9629ms
Frame 3717 end
Average processing time of GrabImageRGBD(): 12.9624ms
Frame 3718 end
Average processing time of GrabImageRGBD(): 12.9615ms
Frame 3719 end
Average processing time of GrabImageRGBD(): 12.9612ms
Frame 3720 end
Average processing time of GrabImageRGBD(): 12.9607ms
Frame 3721 end
Average processing time of GrabImageRGBD(): 12.9604ms
Frame 3722 end
Average processing time of GrabImageRGBD(): 12.9606ms
Frame 3723 end
Average processing time of GrabImageRGBD(): 12.9588ms
Frame 3724 end
Average processing time of GrabImageRGBD(): 12.9581ms
Frame 3725 end
Average processing time of GrabImageRGBD(): 12.9576ms
Frame 3726 end
Average processing time of GrabImageRGBD(): 12.9566ms
Frame 3727 end
Average processing time of GrabImageRGBD(): 12.956ms
Frame 3728 end
Average processing time of GrabImageRGBD(): 12.9552ms
Frame 3729 end
Average processing time of GrabImageRGBD(): 12.9635ms
Frame 3730 end
Average processing time of GrabImageRGBD(): 12.9631ms
Frame 3731 end
Average processing time of GrabImageRGBD(): 12.9627ms
Frame 3732 end
Average processing time of GrabImageRGBD(): 12.9625ms
Frame 3733 end
Average processing time of GrabImageRGBD(): 12.962ms
Frame 3734 end
Average processing time of GrabImageRGBD(): 12.9615ms
Frame 3735 end
Average processing time of GrabImageRGBD(): 12.9597ms
Frame 3736 end
Average processing time of GrabImageRGBD(): 12.959ms
Frame 3737 end
Average processing time of GrabImageRGBD(): 12.9585ms
Frame 3738 end
Average processing time of GrabImageRGBD(): 12.958ms
Frame 3739 end
Average processing time of GrabImageRGBD(): 12.9572ms
Frame 3740 end
Average processing time of GrabImageRGBD(): 12.9565ms
Frame 3741 end
Average processing time of GrabImageRGBD(): 12.9565ms
Frame 3742 end
Average processing time of GrabImageRGBD(): 12.9558ms
Frame 3743 end
Average processing time of GrabImageRGBD(): 12.9562ms
Frame 3744 end
Average processing time of GrabImageRGBD(): 12.9546ms
Frame 3745 end
Average processing time of GrabImageRGBD(): 12.9544ms
Frame 3746 end
Average processing time of GrabImageRGBD(): 12.9539ms
Frame 3747 end
Average processing time of GrabImageRGBD(): 12.9533ms
Frame 3748 end
Average processing time of GrabImageRGBD(): 12.953ms
Frame 3749 end
Average processing time of GrabImageRGBD(): 12.9527ms
Frame 3750 end
Average processing time of GrabImageRGBD(): 12.9519ms
Frame 3751 end
Average processing time of GrabImageRGBD(): 12.9517ms
Frame 3752 end
Average processing time of GrabImageRGBD(): 12.9511ms
Frame 3753 end
Average processing time of GrabImageRGBD(): 12.9505ms
Frame 3754 end
Average processing time of GrabImageRGBD(): 12.9501ms
Frame 3755 end
Average processing time of GrabImageRGBD(): 12.95ms
Frame 3756 end
Average processing time of GrabImageRGBD(): 12.9495ms
Frame 3757 end
Average processing time of GrabImageRGBD(): 12.9481ms
Frame 3758 end
Average processing time of GrabImageRGBD(): 12.9568ms
Frame 3759 end
Average processing time of GrabImageRGBD(): 12.9577ms
Frame 3760 end
Average processing time of GrabImageRGBD(): 12.9568ms
Frame 3761 end
Average processing time of GrabImageRGBD(): 12.9565ms
Frame 3762 end
Average processing time of GrabImageRGBD(): 12.9552ms
Frame 3763 end
Average processing time of GrabImageRGBD(): 12.9548ms
Frame 3764 end
Average processing time of GrabImageRGBD(): 12.9545ms
Frame 3765 end
Average processing time of GrabImageRGBD(): 12.9542ms
Frame 3766 end
Average processing time of GrabImageRGBD(): 12.9539ms
Frame 3767 end
Average processing time of GrabImageRGBD(): 12.9537ms
Frame 3768 end
Average processing time of GrabImageRGBD(): 12.9533ms
Frame 3769 end
Average processing time of GrabImageRGBD(): 12.9531ms
Frame 3770 end
Average processing time of GrabImageRGBD(): 12.9534ms
Frame 3771 end
Average processing time of GrabImageRGBD(): 12.9532ms
Frame 3772 end
Average processing time of GrabImageRGBD(): 12.9533ms
Frame 3773 end
Average processing time of GrabImageRGBD(): 12.953ms
Frame 3774 end
Average processing time of GrabImageRGBD(): 12.9524ms
Frame 3775 end
Average processing time of GrabImageRGBD(): 12.9521ms
Frame 3776 end
Average processing time of GrabImageRGBD(): 12.9517ms
Frame 3777 end
Average processing time of GrabImageRGBD(): 12.9514ms
Frame 3778 end
Average processing time of GrabImageRGBD(): 12.951ms
Frame 3779 end
Average processing time of GrabImageRGBD(): 12.9507ms
Frame 3780 end
Average processing time of GrabImageRGBD(): 12.9592ms
Frame 3781 end
Average processing time of GrabImageRGBD(): 12.9593ms
Frame 3782 end
Average processing time of GrabImageRGBD(): 12.9589ms
Frame 3783 end
Average processing time of GrabImageRGBD(): 12.9585ms
Frame 3784 end
Average processing time of GrabImageRGBD(): 12.9685ms
Frame 3785 end
Average processing time of GrabImageRGBD(): 12.9814ms
Frame 3786 end
Average processing time of GrabImageRGBD(): 12.982ms
Frame 3787 end
Average processing time of GrabImageRGBD(): 12.9818ms
Frame 3788 end
Average processing time of GrabImageRGBD(): 12.9815ms
Frame 3789 end
Average processing time of GrabImageRGBD(): 12.9812ms
Frame 3790 end
Average processing time of GrabImageRGBD(): 12.9809ms
Frame 3791 end
Average processing time of GrabImageRGBD(): 12.9798ms
Frame 3792 end
Average processing time of GrabImageRGBD(): 12.9794ms
Frame 3793 end
Average processing time of GrabImageRGBD(): 12.979ms
Frame 3794 end
Average processing time of GrabImageRGBD(): 12.9787ms
Frame 3795 end
Average processing time of GrabImageRGBD(): 12.9783ms
Frame 3796 end
Average processing time of GrabImageRGBD(): 12.9778ms
Frame 3797 end
Average processing time of GrabImageRGBD(): 12.9771ms
Frame 3798 end
Average processing time of GrabImageRGBD(): 12.9768ms
Frame 3799 end
Average processing time of GrabImageRGBD(): 12.9767ms
Frame 3800 end
Average processing time of GrabImageRGBD(): 12.9767ms
Frame 3801 end
Average processing time of GrabImageRGBD(): 12.9758ms
Frame 3802 end
Average processing time of GrabImageRGBD(): 12.9758ms
Frame 3803 end
Average processing time of GrabImageRGBD(): 12.9759ms
Frame 3804 end
Average processing time of GrabImageRGBD(): 12.9759ms
Frame 3805 end
Average processing time of GrabImageRGBD(): 12.9752ms
Frame 3806 end
Average processing time of GrabImageRGBD(): 12.9737ms
Frame 3807 end
Average processing time of GrabImageRGBD(): 12.9728ms
Frame 3808 end
Average processing time of GrabImageRGBD(): 12.9728ms
Frame 3809 end
Average processing time of GrabImageRGBD(): 12.9725ms
Frame 3810 end
Average processing time of GrabImageRGBD(): 12.9745ms
Frame 3811 end
Average processing time of GrabImageRGBD(): 12.9743ms
Frame 3812 end
Average processing time of GrabImageRGBD(): 12.9731ms
Frame 3813 end
Average processing time of GrabImageRGBD(): 12.9729ms
Frame 3814 end
Average processing time of GrabImageRGBD(): 12.9724ms
Frame 3815 end
Average processing time of GrabImageRGBD(): 12.9817ms
Frame 3816 end
Average processing time of GrabImageRGBD(): 12.9818ms
Frame 3817 end
Average processing time of GrabImageRGBD(): 12.9807ms
Frame 3818 end
Average processing time of GrabImageRGBD(): 12.989ms
Frame 3819 end
Average processing time of GrabImageRGBD(): 12.9888ms
Frame 3820 end
Average processing time of GrabImageRGBD(): 12.9883ms
Frame 3821 end
Average processing time of GrabImageRGBD(): 12.9882ms
Frame 3822 end
Average processing time of GrabImageRGBD(): 12.9877ms
Frame 3823 end
Average processing time of GrabImageRGBD(): 12.9873ms
Frame 3824 end
Average processing time of GrabImageRGBD(): 12.9871ms
Frame 3825 end
Average processing time of GrabImageRGBD(): 12.9871ms
Frame 3826 end
Average processing time of GrabImageRGBD(): 12.9857ms
Frame 3827 end
Average processing time of GrabImageRGBD(): 12.9849ms
Frame 3828 end
Average processing time of GrabImageRGBD(): 12.9845ms
Frame 3829 end
Average processing time of GrabImageRGBD(): 12.9839ms
Frame 3830 end
Average processing time of GrabImageRGBD(): 12.9834ms
Frame 3831 end
Average processing time of GrabImageRGBD(): 12.983ms
Frame 3832 end
Average processing time of GrabImageRGBD(): 12.9819ms
Frame 3833 end
Average processing time of GrabImageRGBD(): 12.9813ms
Frame 3834 end
Average processing time of GrabImageRGBD(): 12.9807ms
Frame 3835 end
Average processing time of GrabImageRGBD(): 12.9804ms
Frame 3836 end
Average processing time of GrabImageRGBD(): 12.9796ms
Frame 3837 end
Average processing time of GrabImageRGBD(): 12.9789ms
Frame 3838 end
Average processing time of GrabImageRGBD(): 12.9776ms
Frame 3839 end
Average processing time of GrabImageRGBD(): 12.9771ms
Frame 3840 end
Average processing time of GrabImageRGBD(): 12.9768ms
Frame 3841 end
Average processing time of GrabImageRGBD(): 12.9766ms
Frame 3842 end
Average processing time of GrabImageRGBD(): 12.976ms
Frame 3843 end
Average processing time of GrabImageRGBD(): 12.9758ms
Frame 3844 end
Average processing time of GrabImageRGBD(): 12.9755ms
Frame 3845 end
Average processing time of GrabImageRGBD(): 12.9747ms
Frame 3846 end
Average processing time of GrabImageRGBD(): 12.9743ms
Frame 3847 end
Average processing time of GrabImageRGBD(): 12.9734ms
Frame 3848 end
Average processing time of GrabImageRGBD(): 12.982ms
Frame 3849 end
Average processing time of GrabImageRGBD(): 12.9823ms
Frame 3850 end
Average processing time of GrabImageRGBD(): 12.9814ms
Frame 3851 end
Average processing time of GrabImageRGBD(): 12.9811ms
Frame 3852 end
Average processing time of GrabImageRGBD(): 12.9804ms
Frame 3853 end
Average processing time of GrabImageRGBD(): 12.9802ms
Frame 3854 end
Average processing time of GrabImageRGBD(): 12.9796ms
Frame 3855 end
Average processing time of GrabImageRGBD(): 12.9791ms
Frame 3856 end
Average processing time of GrabImageRGBD(): 12.9787ms
Frame 3857 end
Average processing time of GrabImageRGBD(): 12.9784ms
Frame 3858 end
Average processing time of GrabImageRGBD(): 12.978ms
Frame 3859 end
Average processing time of GrabImageRGBD(): 12.9771ms
Frame 3860 end
Average processing time of GrabImageRGBD(): 12.9765ms
Frame 3861 end
Average processing time of GrabImageRGBD(): 12.9762ms
Frame 3862 end
Average processing time of GrabImageRGBD(): 12.9756ms
Frame 3863 end
Average processing time of GrabImageRGBD(): 12.975ms
Frame 3864 end
Average processing time of GrabImageRGBD(): 12.9741ms
Frame 3865 end
Average processing time of GrabImageRGBD(): 12.9737ms
Frame 3866 end
Average processing time of GrabImageRGBD(): 12.9731ms
Frame 3867 end
Average processing time of GrabImageRGBD(): 12.9729ms
Frame 3868 end
Average processing time of GrabImageRGBD(): 12.9723ms
Frame 3869 end
Average processing time of GrabImageRGBD(): 12.9711ms
Frame 3870 end
Average processing time of GrabImageRGBD(): 12.9708ms
Frame 3871 end
Average processing time of GrabImageRGBD(): 12.9705ms
Frame 3872 end
Average processing time of GrabImageRGBD(): 12.9696ms
Frame 3873 end
Average processing time of GrabImageRGBD(): 12.9685ms
Frame 3874 end
Average processing time of GrabImageRGBD(): 12.9682ms
Frame 3875 end
Average processing time of GrabImageRGBD(): 12.968ms
Frame 3876 end
Average processing time of GrabImageRGBD(): 12.9761ms
Frame 3877 end
Average processing time of GrabImageRGBD(): 12.9861ms
Frame 3878 end
Average processing time of GrabImageRGBD(): 12.9865ms
Frame 3879 end
Average processing time of GrabImageRGBD(): 12.9864ms
Frame 3880 end
Average processing time of GrabImageRGBD(): 12.9866ms
Frame 3881 end
Average processing time of GrabImageRGBD(): 12.9862ms
Frame 3882 end
Average processing time of GrabImageRGBD(): 12.9857ms
Frame 3883 end
Average processing time of GrabImageRGBD(): 12.985ms
Frame 3884 end
Average processing time of GrabImageRGBD(): 12.9844ms
Frame 3885 end
Average processing time of GrabImageRGBD(): 12.9846ms
Frame 3886 end
Average processing time of GrabImageRGBD(): 12.9841ms
Frame 3887 end
Average processing time of GrabImageRGBD(): 12.9837ms
Frame 3888 end
Average processing time of GrabImageRGBD(): 12.9827ms
Frame 3889 end
Average processing time of GrabImageRGBD(): 12.9813ms
Frame 3890 end
Average processing time of GrabImageRGBD(): 12.9807ms
Frame 3891 end
Average processing time of GrabImageRGBD(): 12.9802ms
Frame 3892 end
Average processing time of GrabImageRGBD(): 12.9784ms
Frame 3893 end
Average processing time of GrabImageRGBD(): 12.9778ms
Frame 3894 end
Average processing time of GrabImageRGBD(): 12.9776ms
Frame 3895 end
Average processing time of GrabImageRGBD(): 12.9772ms
Frame 3896 end
Average processing time of GrabImageRGBD(): 12.9768ms
Frame 3897 end
Average processing time of GrabImageRGBD(): 12.9853ms
Frame 3898 end
Average processing time of GrabImageRGBD(): 12.9863ms
Frame 3899 end
Average processing time of GrabImageRGBD(): 12.9859ms
Frame 3900 end
Average processing time of GrabImageRGBD(): 12.9855ms
Frame 3901 end
Average processing time of GrabImageRGBD(): 12.9851ms
Frame 3902 end
Average processing time of GrabImageRGBD(): 12.9847ms
Frame 3903 end
Average processing time of GrabImageRGBD(): 12.9842ms
Frame 3904 end
Average processing time of GrabImageRGBD(): 12.9837ms
Frame 3905 end
Average processing time of GrabImageRGBD(): 12.9833ms
Frame 3906 end
Average processing time of GrabImageRGBD(): 12.9828ms
Frame 3907 end
Average processing time of GrabImageRGBD(): 12.9826ms
Frame 3908 end
Average processing time of GrabImageRGBD(): 12.9823ms
Frame 3909 end
Average processing time of GrabImageRGBD(): 12.9819ms
Frame 3910 end
Average processing time of GrabImageRGBD(): 12.9816ms
Frame 3911 end
Average processing time of GrabImageRGBD(): 12.9816ms
Frame 3912 end
Average processing time of GrabImageRGBD(): 12.9809ms
Frame 3913 end
Average processing time of GrabImageRGBD(): 12.9806ms
Frame 3914 end
Average processing time of GrabImageRGBD(): 12.9801ms
Frame 3915 end
Average processing time of GrabImageRGBD(): 12.9796ms
Frame 3916 end
Average processing time of GrabImageRGBD(): 12.9885ms
Frame 3917 end
Average processing time of GrabImageRGBD(): 12.9885ms
Frame 3918 end
Average processing time of GrabImageRGBD(): 12.9882ms
Frame 3919 end
Average processing time of GrabImageRGBD(): 12.9877ms
Frame 3920 end
Average processing time of GrabImageRGBD(): 12.9873ms
Frame 3921 end
Average processing time of GrabImageRGBD(): 12.9871ms
Frame 3922 end
Average processing time of GrabImageRGBD(): 12.9876ms
Frame 3923 end
Average processing time of GrabImageRGBD(): 12.9872ms
Frame 3924 end
Average processing time of GrabImageRGBD(): 12.9865ms
Frame 3925 end
Average processing time of GrabImageRGBD(): 12.986ms
Frame 3926 end
Average processing time of GrabImageRGBD(): 12.9855ms
Frame 3927 end
Average processing time of GrabImageRGBD(): 12.985ms
Frame 3928 end
Average processing time of GrabImageRGBD(): 12.9845ms
Frame 3929 end
Average processing time of GrabImageRGBD(): 12.9838ms
Frame 3930 end
Average processing time of GrabImageRGBD(): 12.984ms
Frame 3931 end
Average processing time of GrabImageRGBD(): 12.9837ms
Frame 3932 end
Average processing time of GrabImageRGBD(): 12.9832ms
Frame 3933 end
Average processing time of GrabImageRGBD(): 12.9831ms
Frame 3934 end
Average processing time of GrabImageRGBD(): 12.9826ms
Frame 3935 end
Average processing time of GrabImageRGBD(): 12.9819ms
Frame 3936 end
Average processing time of GrabImageRGBD(): 12.9811ms
Frame 3937 end
Average processing time of GrabImageRGBD(): 12.9808ms
Frame 3938 end
Average processing time of GrabImageRGBD(): 12.9808ms
Frame 3939 end
Average processing time of GrabImageRGBD(): 12.9804ms
Frame 3940 end
Average processing time of GrabImageRGBD(): 12.9795ms
Frame 3941 end
Average processing time of GrabImageRGBD(): 12.9788ms
Frame 3942 end
Average processing time of GrabImageRGBD(): 12.9785ms
Frame 3943 end
Average processing time of GrabImageRGBD(): 12.9867ms
Frame 3944 end
Average processing time of GrabImageRGBD(): 12.987ms
Frame 3945 end
Average processing time of GrabImageRGBD(): 12.9867ms
Frame 3946 end
Average processing time of GrabImageRGBD(): 12.9865ms
Frame 3947 end
Average processing time of GrabImageRGBD(): 12.986ms
Frame 3948 end
Average processing time of GrabImageRGBD(): 12.9859ms
Frame 3949 end
Average processing time of GrabImageRGBD(): 12.9857ms
Frame 3950 end
Average processing time of GrabImageRGBD(): 12.9852ms
Frame 3951 end
Average processing time of GrabImageRGBD(): 12.9852ms
Frame 3952 end
Average processing time of GrabImageRGBD(): 12.985ms
Frame 3953 end
Average processing time of GrabImageRGBD(): 12.9847ms
Frame 3954 end
Average processing time of GrabImageRGBD(): 12.9844ms
Frame 3955 end
Average processing time of GrabImageRGBD(): 12.9843ms
Frame 3956 end
Average processing time of GrabImageRGBD(): 12.9841ms
Frame 3957 end
Average processing time of GrabImageRGBD(): 12.9839ms
Frame 3958 end
Average processing time of GrabImageRGBD(): 12.9837ms
Frame 3959 end
Average processing time of GrabImageRGBD(): 12.9829ms
Frame 3960 end
Average processing time of GrabImageRGBD(): 12.9823ms
Frame 3961 end
Average processing time of GrabImageRGBD(): 12.9817ms
Frame 3962 end
Average processing time of GrabImageRGBD(): 12.9815ms
Frame 3963 end
Average processing time of GrabImageRGBD(): 12.9827ms
Frame 3964 end
Average processing time of GrabImageRGBD(): 12.9821ms
Frame 3965 end
Average processing time of GrabImageRGBD(): 12.9818ms
Frame 3966 end
Average processing time of GrabImageRGBD(): 12.9806ms
Frame 3967 end
Average processing time of GrabImageRGBD(): 12.9801ms
Frame 3968 end
Average processing time of GrabImageRGBD(): 12.9883ms
Frame 3969 end
Average processing time of GrabImageRGBD(): 12.9888ms
Frame 3970 end
Average processing time of GrabImageRGBD(): 12.9881ms
Frame 3971 end
Average processing time of GrabImageRGBD(): 12.9879ms
Frame 3972 end
Average processing time of GrabImageRGBD(): 12.9879ms
Frame 3973 end
Average processing time of GrabImageRGBD(): 12.9877ms
Frame 3974 end
Average processing time of GrabImageRGBD(): 12.9871ms
Frame 3975 end
Average processing time of GrabImageRGBD(): 12.9866ms
Frame 3976 end
Average processing time of GrabImageRGBD(): 12.9865ms
Frame 3977 end
Average processing time of GrabImageRGBD(): 12.986ms
Frame 3978 end
Average processing time of GrabImageRGBD(): 12.9856ms
Frame 3979 end
Average processing time of GrabImageRGBD(): 12.9856ms
Frame 3980 end
Average processing time of GrabImageRGBD(): 12.9855ms
Frame 3981 end
Average processing time of GrabImageRGBD(): 12.9859ms
Frame 3982 end
Shutdown
-------

median tracking time: 0.0116057
mean tracking time: 0.0136181

Saving camera trajectory to CameraTrajectory.txt ...

Saving keyframe trajectory to KeyFrameTrajectory.txt ...
