
ORB-SLAM3 Copyright (C) 2017-2020 Carlos Campos, Richard Elvira, Juan J. Gómez, José M.M. Montiel and Juan D. Tardós, University of Zaragoza.
ORB-SLAM2 Copyright (C) 2014-2016 Raúl Mur-Artal, José M.M. Montiel and Juan D. Tardós, University of Zaragoza.
This program comes with ABSOLUTELY NO WARRANTY;
This is free software, and you are welcome to redistribute it
under certain conditions. See LICENSE.txt.

Input sensor was set to: RGB-D
Loading settings from /home/bingxin/Downloads/NGD-SLAM/Examples/RGB-D/TUM2.yaml
	-Loaded camera 1
Camera.newHeight optional parameter does not exist...
Camera.newWidth optional parameter does not exist...
	-Loaded image info
	-Loaded RGB-D calibration
	-Loaded ORB settings
Viewer.imageViewScale optional parameter does not exist...
	-Loaded viewer settings
System.LoadAtlasFromFile optional parameter does not exist...
System.SaveAtlasToFile optional parameter does not exist...
	-Loaded Atlas settings
System.thFarPoints optional parameter does not exist...
	-Loaded misc parameters
----------------------------------
SLAM settings: 
	-Camera 1 parameters (Pinhole): [ 520.909 521.007 325.141 249.702 ]
	-Camera 1 distortion parameters: [  0.231222 -0.784899 -0.003257 -0.000105 0.917205 ]
	-Original image size: [ 640 , 480 ]
	-Current image size: [ 640 , 480 ]
	-Sequence FPS: 30
	-RGB-D depth map factor: 5208
	-Features per image: 1000
	-ORB scale factor: 1.2
	-ORB number of scales: 8
	-Initial FAST threshold: 20
	-Min FAST threshold: 7


Loading ORB Vocabulary. This could take a while...
Vocabulary loaded!

Initialization of Atlas from scratch 
Creation of new map with id: 0
Creation of new map with last KF id: 0
Seq. Name: 
There are 1 cameras in the atlas
Camera 0 is pinhole
Net use yolo-fastest

-------
Start processing sequence ...
Images in the sequence: 3983

First KF:0; Map init KF:0
New Map created with 571 points
Average processing time of GrabImageRGBD(): 43.0011ms
Frame 0 end
Average processing time of GrabImageRGBD(): 33.5279ms
Frame 1 end
Average processing time of GrabImageRGBD(): 30.0362ms
Frame 2 end
Average processing time of GrabImageRGBD(): 23.3256ms
Frame 3 end
Average processing time of GrabImageRGBD(): 19.3057ms
Frame 4 end
Average processing time of GrabImageRGBD(): 16.6371ms
Frame 5 end
Starting the Viewer
Average processing time of GrabImageRGBD(): 15.3878ms
Frame 6 end
Average processing time of GrabImageRGBD(): 14.4072ms
Frame 7 end
Average processing time of GrabImageRGBD(): 13.6902ms
Frame 8 end
Average processing time of GrabImageRGBD(): 13.1593ms
Frame 9 end
Average processing time of GrabImageRGBD(): 12.2529ms
Frame 10 end
Average processing time of GrabImageRGBD(): 11.9166ms
Frame 11 end
Average processing time of GrabImageRGBD(): 11.5878ms
Frame 12 end
Average processing time of GrabImageRGBD(): 10.9998ms
Frame 13 end
Average processing time of GrabImageRGBD(): 10.4558ms
Frame 14 end
Average processing time of GrabImageRGBD(): 10.09ms
Frame 15 end
Average processing time of GrabImageRGBD(): 9.94482ms
Frame 16 end
Average processing time of GrabImageRGBD(): 9.84974ms
Frame 17 end
Average processing time of GrabImageRGBD(): 9.5848ms
Frame 18 end
Average processing time of GrabImageRGBD(): 9.52107ms
Frame 19 end
Average processing time of GrabImageRGBD(): 9.31357ms
Frame 20 end
Average processing time of GrabImageRGBD(): 9.27392ms
Frame 21 end
Average processing time of GrabImageRGBD(): 9.00543ms
Frame 22 end
Average processing time of GrabImageRGBD(): 8.97335ms
Frame 23 end
Average processing time of GrabImageRGBD(): 8.78926ms
Frame 24 end
Average processing time of GrabImageRGBD(): 8.76908ms
Frame 25 end
Average processing time of GrabImageRGBD(): 8.57412ms
Frame 26 end
Average processing time of GrabImageRGBD(): 8.55202ms
Frame 27 end
Average processing time of GrabImageRGBD(): 8.36438ms
Frame 28 end
Average processing time of GrabImageRGBD(): 8.2208ms
Frame 29 end
Average processing time of GrabImageRGBD(): 8.22394ms
Frame 30 end
Average processing time of GrabImageRGBD(): 8.21277ms
Frame 31 end
Average processing time of GrabImageRGBD(): 8.1953ms
Frame 32 end
Average processing time of GrabImageRGBD(): 8.06706ms
Frame 33 end
Average processing time of GrabImageRGBD(): 8.04544ms
Frame 34 end
Average processing time of GrabImageRGBD(): 7.96218ms
Frame 35 end
Average processing time of GrabImageRGBD(): 7.82848ms
Frame 36 end
Average processing time of GrabImageRGBD(): 7.81445ms
Frame 37 end
Average processing time of GrabImageRGBD(): 7.81928ms
Frame 38 end
Average processing time of GrabImageRGBD(): 7.74226ms
Frame 39 end
Average processing time of GrabImageRGBD(): 7.71729ms
Frame 40 end
Average processing time of GrabImageRGBD(): 7.71084ms
Frame 41 end
Average processing time of GrabImageRGBD(): 7.72494ms
Frame 42 end
Average processing time of GrabImageRGBD(): 7.65929ms
Frame 43 end
Average processing time of GrabImageRGBD(): 7.6583ms
Frame 44 end
Average processing time of GrabImageRGBD(): 7.67343ms
Frame 45 end
Average processing time of GrabImageRGBD(): 7.64525ms
Frame 46 end
Average processing time of GrabImageRGBD(): 7.59064ms
Frame 47 end
Average processing time of GrabImageRGBD(): 7.59749ms
Frame 48 end
Average processing time of GrabImageRGBD(): 7.59065ms
Frame 49 end
Average processing time of GrabImageRGBD(): 7.5018ms
Frame 50 end
Average processing time of GrabImageRGBD(): 7.49778ms
Frame 51 end
Average processing time of GrabImageRGBD(): 7.44385ms
Frame 52 end
Average processing time of GrabImageRGBD(): 7.44843ms
Frame 53 end
Average processing time of GrabImageRGBD(): 7.37177ms
Frame 54 end
Average processing time of GrabImageRGBD(): 7.37922ms
Frame 55 end
Average processing time of GrabImageRGBD(): 7.37764ms
Frame 56 end
Average processing time of GrabImageRGBD(): 7.37837ms
Frame 57 end
Average processing time of GrabImageRGBD(): 7.30596ms
Frame 58 end
Average processing time of GrabImageRGBD(): 7.31258ms
Frame 59 end
Average processing time of GrabImageRGBD(): 7.24612ms
Frame 60 end
Average processing time of GrabImageRGBD(): 7.26691ms
Frame 61 end
Average processing time of GrabImageRGBD(): 7.20581ms
Frame 62 end
Average processing time of GrabImageRGBD(): 7.21789ms
Frame 63 end
Average processing time of GrabImageRGBD(): 7.17532ms
Frame 64 end
Average processing time of GrabImageRGBD(): 7.17513ms
Frame 65 end
Average processing time of GrabImageRGBD(): 7.16917ms
Frame 66 end
Average processing time of GrabImageRGBD(): 7.18286ms
Frame 67 end
Average processing time of GrabImageRGBD(): 7.123ms
Frame 68 end
Average processing time of GrabImageRGBD(): 7.06789ms
Frame 69 end
Average processing time of GrabImageRGBD(): 7.08265ms
Frame 70 end
Average processing time of GrabImageRGBD(): 7.10464ms
Frame 71 end
Average processing time of GrabImageRGBD(): 7.11254ms
Frame 72 end
Average processing time of GrabImageRGBD(): 7.0824ms
Frame 73 end
Average processing time of GrabImageRGBD(): 7.09318ms
Frame 74 end
Average processing time of GrabImageRGBD(): 7.06085ms
Frame 75 end
Average processing time of GrabImageRGBD(): 7.07276ms
Frame 76 end
Average processing time of GrabImageRGBD(): 7.08419ms
Frame 77 end
Average processing time of GrabImageRGBD(): 7.08435ms
Frame 78 end
Average processing time of GrabImageRGBD(): 7.03793ms
Frame 79 end
Average processing time of GrabImageRGBD(): 7.05692ms
Frame 80 end
Average processing time of GrabImageRGBD(): 7.05151ms
Frame 81 end
Average processing time of GrabImageRGBD(): 7.06706ms
Frame 82 end
Average processing time of GrabImageRGBD(): 7.02269ms
Frame 83 end
Average processing time of GrabImageRGBD(): 7.01343ms
Frame 84 end
Average processing time of GrabImageRGBD(): 7.0203ms
Frame 85 end
Average processing time of GrabImageRGBD(): 6.97824ms
Frame 86 end
Average processing time of GrabImageRGBD(): 6.98711ms
Frame 87 end
Average processing time of GrabImageRGBD(): 6.95396ms
Frame 88 end
Average processing time of GrabImageRGBD(): 6.96626ms
Frame 89 end
Average processing time of GrabImageRGBD(): 6.97833ms
Frame 90 end
Average processing time of GrabImageRGBD(): 6.9351ms
Frame 91 end
Average processing time of GrabImageRGBD(): 6.94332ms
Frame 92 end
Average processing time of GrabImageRGBD(): 6.95152ms
Frame 93 end
Average processing time of GrabImageRGBD(): 6.9406ms
Frame 94 end
Average processing time of GrabImageRGBD(): 6.95464ms
Frame 95 end
Average processing time of GrabImageRGBD(): 6.95413ms
Frame 96 end
Average processing time of GrabImageRGBD(): 6.96556ms
Frame 97 end
Average processing time of GrabImageRGBD(): 6.95158ms
Frame 98 end
Average processing time of GrabImageRGBD(): 6.95551ms
Frame 99 end
Average processing time of GrabImageRGBD(): 6.92367ms
Frame 100 end
Average processing time of GrabImageRGBD(): 6.88815ms
Frame 101 end
Average processing time of GrabImageRGBD(): 6.90007ms
Frame 102 end
Average processing time of GrabImageRGBD(): 6.89994ms
Frame 103 end
Average processing time of GrabImageRGBD(): 6.883ms
Frame 104 end
Average processing time of GrabImageRGBD(): 6.86693ms
Frame 105 end
Average processing time of GrabImageRGBD(): 6.87772ms
Frame 106 end
Average processing time of GrabImageRGBD(): 6.84511ms
Frame 107 end
Average processing time of GrabImageRGBD(): 7.00626ms
Frame 108 end
Average processing time of GrabImageRGBD(): 6.9901ms
Frame 109 end
Average processing time of GrabImageRGBD(): 6.95175ms
Frame 110 end
Average processing time of GrabImageRGBD(): 6.93433ms
Frame 111 end
Average processing time of GrabImageRGBD(): 6.89864ms
Frame 112 end
Average processing time of GrabImageRGBD(): 6.89313ms
Frame 113 end
Average processing time of GrabImageRGBD(): 6.86625ms
Frame 114 end
Average processing time of GrabImageRGBD(): 6.8439ms
Frame 115 end
Average processing time of GrabImageRGBD(): 6.83358ms
Frame 116 end
Average processing time of GrabImageRGBD(): 6.82748ms
Frame 117 end
Average processing time of GrabImageRGBD(): 6.79491ms
Frame 118 end
Average processing time of GrabImageRGBD(): 6.77001ms
Frame 119 end
Average processing time of GrabImageRGBD(): 6.95786ms
Frame 120 end
Average processing time of GrabImageRGBD(): 6.93167ms
Frame 121 end
Average processing time of GrabImageRGBD(): 6.89516ms
Frame 122 end
Average processing time of GrabImageRGBD(): 6.86246ms
Frame 123 end
Average processing time of GrabImageRGBD(): 6.83159ms
Frame 124 end
Average processing time of GrabImageRGBD(): 6.80064ms
Frame 125 end
Average processing time of GrabImageRGBD(): 6.79312ms
Frame 126 end
Average processing time of GrabImageRGBD(): 6.78494ms
Frame 127 end
Average processing time of GrabImageRGBD(): 6.75427ms
Frame 128 end
Average processing time of GrabImageRGBD(): 6.7342ms
Frame 129 end
Average processing time of GrabImageRGBD(): 6.73557ms
Frame 130 end
Average processing time of GrabImageRGBD(): 6.72102ms
Frame 131 end
Average processing time of GrabImageRGBD(): 6.69258ms
Frame 132 end
Average processing time of GrabImageRGBD(): 6.68607ms
Frame 133 end
Average processing time of GrabImageRGBD(): 6.65954ms
Frame 134 end
Average processing time of GrabImageRGBD(): 6.65624ms
Frame 135 end
Average processing time of GrabImageRGBD(): 6.65554ms
Frame 136 end
Average processing time of GrabImageRGBD(): 6.63788ms
Frame 137 end
Average processing time of GrabImageRGBD(): 6.60901ms
Frame 138 end
Average processing time of GrabImageRGBD(): 6.60659ms
Frame 139 end
Average processing time of GrabImageRGBD(): 6.58256ms
Frame 140 end
Average processing time of GrabImageRGBD(): 6.58023ms
Frame 141 end
Average processing time of GrabImageRGBD(): 6.57815ms
Frame 142 end
Average processing time of GrabImageRGBD(): 6.574ms
Frame 143 end
Average processing time of GrabImageRGBD(): 6.55134ms
Frame 144 end
Average processing time of GrabImageRGBD(): 6.52869ms
Frame 145 end
Average processing time of GrabImageRGBD(): 6.52421ms
Frame 146 end
Average processing time of GrabImageRGBD(): 6.68611ms
Frame 147 end
Average processing time of GrabImageRGBD(): 6.67129ms
Frame 148 end
Average processing time of GrabImageRGBD(): 6.78738ms
Frame 149 end
Average processing time of GrabImageRGBD(): 6.76809ms
Frame 150 end
Average processing time of GrabImageRGBD(): 6.74332ms
Frame 151 end
Average processing time of GrabImageRGBD(): 6.75148ms
Frame 152 end
Average processing time of GrabImageRGBD(): 6.75665ms
Frame 153 end
Average processing time of GrabImageRGBD(): 6.73907ms
Frame 154 end
Average processing time of GrabImageRGBD(): 6.7405ms
Frame 155 end
Average processing time of GrabImageRGBD(): 6.74318ms
Frame 156 end
Average processing time of GrabImageRGBD(): 6.74809ms
Frame 157 end
Average processing time of GrabImageRGBD(): 6.74738ms
Frame 158 end
Average processing time of GrabImageRGBD(): 6.7482ms
Frame 159 end
Average processing time of GrabImageRGBD(): 6.75164ms
Frame 160 end
Average processing time of GrabImageRGBD(): 6.7295ms
Frame 161 end
Average processing time of GrabImageRGBD(): 6.72972ms
Frame 162 end
Average processing time of GrabImageRGBD(): 6.70678ms
Frame 163 end
Average processing time of GrabImageRGBD(): 6.70781ms
Frame 164 end
Average processing time of GrabImageRGBD(): 6.68597ms
Frame 165 end
Average processing time of GrabImageRGBD(): 6.67977ms
Frame 166 end
Average processing time of GrabImageRGBD(): 6.67937ms
Frame 167 end
Average processing time of GrabImageRGBD(): 6.68019ms
Frame 168 end
Average processing time of GrabImageRGBD(): 6.66903ms
Frame 169 end
Average processing time of GrabImageRGBD(): 6.80866ms
Frame 170 end
Average processing time of GrabImageRGBD(): 6.79131ms
Frame 171 end
Average processing time of GrabImageRGBD(): 6.89837ms
Frame 172 end
Average processing time of GrabImageRGBD(): 6.90846ms
Frame 173 end
Average processing time of GrabImageRGBD(): 6.88534ms
Frame 174 end
Average processing time of GrabImageRGBD(): 6.89372ms
Frame 175 end
Average processing time of GrabImageRGBD(): 6.90224ms
Frame 176 end
Average processing time of GrabImageRGBD(): 6.89965ms
Frame 177 end
Average processing time of GrabImageRGBD(): 6.90798ms
Frame 178 end
Average processing time of GrabImageRGBD(): 6.88662ms
Frame 179 end
Average processing time of GrabImageRGBD(): 6.86693ms
Frame 180 end
Average processing time of GrabImageRGBD(): 6.85413ms
Frame 181 end
Average processing time of GrabImageRGBD(): 6.86017ms
Frame 182 end
Average processing time of GrabImageRGBD(): 6.86723ms
Frame 183 end
Average processing time of GrabImageRGBD(): 6.97937ms
Frame 184 end
Average processing time of GrabImageRGBD(): 6.98452ms
Frame 185 end
Average processing time of GrabImageRGBD(): 7.08612ms
Frame 186 end
Average processing time of GrabImageRGBD(): 7.06944ms
Frame 187 end
Average processing time of GrabImageRGBD(): 7.04852ms
Frame 188 end
Average processing time of GrabImageRGBD(): 7.05584ms
Frame 189 end
Average processing time of GrabImageRGBD(): 7.03548ms
Frame 190 end
Average processing time of GrabImageRGBD(): 7.04068ms
Frame 191 end
Average processing time of GrabImageRGBD(): 7.04761ms
Frame 192 end
Average processing time of GrabImageRGBD(): 7.04551ms
Frame 193 end
Average processing time of GrabImageRGBD(): 7.03712ms
Frame 194 end
Average processing time of GrabImageRGBD(): 7.04456ms
Frame 195 end
Average processing time of GrabImageRGBD(): 7.03665ms
Frame 196 end
Average processing time of GrabImageRGBD(): 7.04129ms
Frame 197 end
Average processing time of GrabImageRGBD(): 7.04712ms
Frame 198 end
Average processing time of GrabImageRGBD(): 7.0277ms
Frame 199 end
Average processing time of GrabImageRGBD(): 7.0331ms
Frame 200 end
Average processing time of GrabImageRGBD(): 7.01279ms
Frame 201 end
Average processing time of GrabImageRGBD(): 7.01621ms
Frame 202 end
Average processing time of GrabImageRGBD(): 7.01916ms
Frame 203 end
Average processing time of GrabImageRGBD(): 7.00821ms
Frame 204 end
Average processing time of GrabImageRGBD(): 7.10117ms
Frame 205 end
Average processing time of GrabImageRGBD(): 7.09004ms
Frame 206 end
Average processing time of GrabImageRGBD(): 7.07033ms
Frame 207 end
Average processing time of GrabImageRGBD(): 7.05008ms
Frame 208 end
Average processing time of GrabImageRGBD(): 7.04262ms
Frame 209 end
Average processing time of GrabImageRGBD(): 7.02943ms
Frame 210 end
Average processing time of GrabImageRGBD(): 7.02532ms
Frame 211 end
Average processing time of GrabImageRGBD(): 7.011ms
Frame 212 end
Average processing time of GrabImageRGBD(): 6.99441ms
Frame 213 end
Average processing time of GrabImageRGBD(): 6.99558ms
Frame 214 end
Average processing time of GrabImageRGBD(): 6.99608ms
Frame 215 end
Average processing time of GrabImageRGBD(): 6.97771ms
Frame 216 end
Average processing time of GrabImageRGBD(): 6.97792ms
Frame 217 end
Average processing time of GrabImageRGBD(): 7.09204ms
Frame 218 end
Average processing time of GrabImageRGBD(): 7.08546ms
Frame 219 end
Average processing time of GrabImageRGBD(): 7.17449ms
Frame 220 end
Average processing time of GrabImageRGBD(): 7.1647ms
Frame 221 end
Average processing time of GrabImageRGBD(): 7.14725ms
Frame 222 end
Average processing time of GrabImageRGBD(): 7.14918ms
Frame 223 end
Average processing time of GrabImageRGBD(): 7.15321ms
Frame 224 end
Average processing time of GrabImageRGBD(): 7.14192ms
Frame 225 end
Average processing time of GrabImageRGBD(): 7.1459ms
Frame 226 end
Average processing time of GrabImageRGBD(): 7.13837ms
Frame 227 end
Average processing time of GrabImageRGBD(): 7.12101ms
Frame 228 end
Average processing time of GrabImageRGBD(): 7.10277ms
Frame 229 end
Average processing time of GrabImageRGBD(): 7.09039ms
Frame 230 end
Average processing time of GrabImageRGBD(): 7.18411ms
Frame 231 end
Average processing time of GrabImageRGBD(): 7.16938ms
Frame 232 end
Average processing time of GrabImageRGBD(): 7.15041ms
Frame 233 end
Average processing time of GrabImageRGBD(): 7.13669ms
Frame 234 end
Average processing time of GrabImageRGBD(): 7.13765ms
Frame 235 end
Average processing time of GrabImageRGBD(): 7.13827ms
Frame 236 end
Average processing time of GrabImageRGBD(): 7.12122ms
Frame 237 end
Average processing time of GrabImageRGBD(): 7.21237ms
Frame 238 end
Average processing time of GrabImageRGBD(): 7.21722ms
Frame 239 end
Average processing time of GrabImageRGBD(): 7.19871ms
Frame 240 end
Average processing time of GrabImageRGBD(): 7.20293ms
Frame 241 end
Average processing time of GrabImageRGBD(): 7.18671ms
Frame 242 end
Average processing time of GrabImageRGBD(): 7.18779ms
Frame 243 end
Average processing time of GrabImageRGBD(): 7.17174ms
Frame 244 end
Average processing time of GrabImageRGBD(): 7.17374ms
Frame 245 end
Average processing time of GrabImageRGBD(): 7.17608ms
Frame 246 end
Average processing time of GrabImageRGBD(): 7.17734ms
Frame 247 end
Average processing time of GrabImageRGBD(): 7.27288ms
Frame 248 end
Average processing time of GrabImageRGBD(): 7.28188ms
Frame 249 end
Average processing time of GrabImageRGBD(): 7.26408ms
Frame 250 end
Average processing time of GrabImageRGBD(): 7.26515ms
Frame 251 end
Average processing time of GrabImageRGBD(): 7.35144ms
Frame 252 end
Average processing time of GrabImageRGBD(): 7.35905ms
Frame 253 end
Average processing time of GrabImageRGBD(): 7.34141ms
Frame 254 end
Average processing time of GrabImageRGBD(): 7.34791ms
Frame 255 end
Average processing time of GrabImageRGBD(): 7.33634ms
Frame 256 end
Average processing time of GrabImageRGBD(): 7.34118ms
Frame 257 end
Average processing time of GrabImageRGBD(): 7.34514ms
Frame 258 end
Average processing time of GrabImageRGBD(): 7.34369ms
Frame 259 end
Average processing time of GrabImageRGBD(): 7.34365ms
Frame 260 end
Average processing time of GrabImageRGBD(): 7.34602ms
Frame 261 end
Average processing time of GrabImageRGBD(): 7.3415ms
Frame 262 end
Average processing time of GrabImageRGBD(): 7.33106ms
Frame 263 end
Average processing time of GrabImageRGBD(): 7.33335ms
Frame 264 end
Average processing time of GrabImageRGBD(): 7.41253ms
Frame 265 end
Average processing time of GrabImageRGBD(): 7.41786ms
Frame 266 end
Average processing time of GrabImageRGBD(): 7.40152ms
Frame 267 end
Average processing time of GrabImageRGBD(): 7.40372ms
Frame 268 end
Average processing time of GrabImageRGBD(): 7.39887ms
Frame 269 end
Average processing time of GrabImageRGBD(): 7.38447ms
Frame 270 end
Average processing time of GrabImageRGBD(): 7.47556ms
Frame 271 end
Average processing time of GrabImageRGBD(): 7.47666ms
Frame 272 end
Average processing time of GrabImageRGBD(): 7.46001ms
Frame 273 end
Average processing time of GrabImageRGBD(): 7.4604ms
Frame 274 end
Average processing time of GrabImageRGBD(): 7.54765ms
Frame 275 end
Average processing time of GrabImageRGBD(): 7.55959ms
Frame 276 end
Average processing time of GrabImageRGBD(): 7.56671ms
Frame 277 end
Average processing time of GrabImageRGBD(): 7.65239ms
Frame 278 end
Average processing time of GrabImageRGBD(): 7.6451ms
Frame 279 end
Average processing time of GrabImageRGBD(): 7.64717ms
Frame 280 end
Average processing time of GrabImageRGBD(): 7.64585ms
Frame 281 end
Average processing time of GrabImageRGBD(): 7.64709ms
Frame 282 end
Average processing time of GrabImageRGBD(): 7.6308ms
Frame 283 end
Average processing time of GrabImageRGBD(): 7.63245ms
Frame 284 end
Average processing time of GrabImageRGBD(): 7.63476ms
Frame 285 end
Average processing time of GrabImageRGBD(): 7.63545ms
Frame 286 end
Average processing time of GrabImageRGBD(): 7.64103ms
Frame 287 end
Average processing time of GrabImageRGBD(): 7.63267ms
Frame 288 end
Average processing time of GrabImageRGBD(): 7.63462ms
Frame 289 end
Average processing time of GrabImageRGBD(): 7.71187ms
Frame 290 end
Average processing time of GrabImageRGBD(): 7.70296ms
Frame 291 end
Average processing time of GrabImageRGBD(): 7.68704ms
Frame 292 end
Average processing time of GrabImageRGBD(): 7.68245ms
Frame 293 end
Average processing time of GrabImageRGBD(): 7.68221ms
Frame 294 end
Average processing time of GrabImageRGBD(): 7.68715ms
Frame 295 end
Average processing time of GrabImageRGBD(): 7.68093ms
Frame 296 end
Average processing time of GrabImageRGBD(): 7.6767ms
Frame 297 end
Average processing time of GrabImageRGBD(): 7.67323ms
Frame 298 end
Average processing time of GrabImageRGBD(): 7.6726ms
Frame 299 end
Average processing time of GrabImageRGBD(): 7.67248ms
Frame 300 end
Average processing time of GrabImageRGBD(): 7.73574ms
Frame 301 end
Average processing time of GrabImageRGBD(): 7.73564ms
Frame 302 end
Average processing time of GrabImageRGBD(): 7.71892ms
Frame 303 end
Average processing time of GrabImageRGBD(): 7.78548ms
Frame 304 end
Average processing time of GrabImageRGBD(): 7.77262ms
Frame 305 end
Average processing time of GrabImageRGBD(): 7.7578ms
Frame 306 end
Average processing time of GrabImageRGBD(): 7.74861ms
Frame 307 end
Average processing time of GrabImageRGBD(): 7.74702ms
Frame 308 end
Average processing time of GrabImageRGBD(): 7.7457ms
Frame 309 end
Average processing time of GrabImageRGBD(): 7.74492ms
Frame 310 end
Average processing time of GrabImageRGBD(): 7.73373ms
Frame 311 end
Average processing time of GrabImageRGBD(): 7.73215ms
Frame 312 end
Average processing time of GrabImageRGBD(): 7.71685ms
Frame 313 end
Average processing time of GrabImageRGBD(): 7.78545ms
Frame 314 end
Average processing time of GrabImageRGBD(): 7.7735ms
Frame 315 end
Average processing time of GrabImageRGBD(): 7.7713ms
Frame 316 end
Average processing time of GrabImageRGBD(): 7.8456ms
Frame 317 end
Average processing time of GrabImageRGBD(): 7.85007ms
Frame 318 end
Average processing time of GrabImageRGBD(): 7.83471ms
Frame 319 end
Average processing time of GrabImageRGBD(): 7.83605ms
Frame 320 end
Average processing time of GrabImageRGBD(): 7.8365ms
Frame 321 end
Average processing time of GrabImageRGBD(): 7.82196ms
Frame 322 end
Average processing time of GrabImageRGBD(): 7.81299ms
Frame 323 end
Average processing time of GrabImageRGBD(): 7.81424ms
Frame 324 end
Average processing time of GrabImageRGBD(): 7.81809ms
Frame 325 end
Average processing time of GrabImageRGBD(): 7.81266ms
Frame 326 end
Average processing time of GrabImageRGBD(): 7.8083ms
Frame 327 end
Average processing time of GrabImageRGBD(): 7.80835ms
Frame 328 end
Average processing time of GrabImageRGBD(): 7.80696ms
Frame 329 end
Average processing time of GrabImageRGBD(): 7.80458ms
Frame 330 end
Average processing time of GrabImageRGBD(): 7.80498ms
Frame 331 end
Average processing time of GrabImageRGBD(): 7.79637ms
Frame 332 end
Average processing time of GrabImageRGBD(): 7.79648ms
Frame 333 end
Average processing time of GrabImageRGBD(): 7.79651ms
Frame 334 end
Average processing time of GrabImageRGBD(): 7.79745ms
Frame 335 end
Average processing time of GrabImageRGBD(): 7.7986ms
Frame 336 end
Average processing time of GrabImageRGBD(): 7.78596ms
Frame 337 end
Average processing time of GrabImageRGBD(): 7.78687ms
Frame 338 end
Average processing time of GrabImageRGBD(): 7.85216ms
Frame 339 end
Average processing time of GrabImageRGBD(): 7.85282ms
Frame 340 end
Average processing time of GrabImageRGBD(): 7.83933ms
Frame 341 end
Average processing time of GrabImageRGBD(): 7.82863ms
Frame 342 end
Average processing time of GrabImageRGBD(): 7.82631ms
Frame 343 end
Average processing time of GrabImageRGBD(): 7.82377ms
Frame 344 end
Average processing time of GrabImageRGBD(): 7.82082ms
Frame 345 end
Average processing time of GrabImageRGBD(): 7.87682ms
Frame 346 end
Average processing time of GrabImageRGBD(): 7.86655ms
Frame 347 end
Average processing time of GrabImageRGBD(): 7.85432ms
Frame 348 end
Average processing time of GrabImageRGBD(): 7.91784ms
Frame 349 end
Average processing time of GrabImageRGBD(): 7.92164ms
Frame 350 end
Average processing time of GrabImageRGBD(): 7.9076ms
Frame 351 end
Average processing time of GrabImageRGBD(): 7.90713ms
Frame 352 end
Average processing time of GrabImageRGBD(): 7.90751ms
Frame 353 end
Average processing time of GrabImageRGBD(): 7.89429ms
Frame 354 end
Average processing time of GrabImageRGBD(): 7.89205ms
Frame 355 end
Average processing time of GrabImageRGBD(): 7.87927ms
Frame 356 end
Average processing time of GrabImageRGBD(): 7.8735ms
Frame 357 end
Average processing time of GrabImageRGBD(): 7.93431ms
Frame 358 end
Average processing time of GrabImageRGBD(): 7.93292ms
Frame 359 end
Average processing time of GrabImageRGBD(): 7.93132ms
Frame 360 end
Average processing time of GrabImageRGBD(): 7.92835ms
Frame 361 end
Average processing time of GrabImageRGBD(): 7.92003ms
Frame 362 end
Average processing time of GrabImageRGBD(): 8.00295ms
Frame 363 end
Average processing time of GrabImageRGBD(): 8.00569ms
Frame 364 end
Average processing time of GrabImageRGBD(): 7.99172ms
Frame 365 end
Average processing time of GrabImageRGBD(): 7.98963ms
Frame 366 end
Average processing time of GrabImageRGBD(): 7.97713ms
Frame 367 end
Average processing time of GrabImageRGBD(): 7.97313ms
Frame 368 end
Average processing time of GrabImageRGBD(): 7.97106ms
Frame 369 end
Average processing time of GrabImageRGBD(): 7.96537ms
Frame 370 end
Average processing time of GrabImageRGBD(): 7.9634ms
Frame 371 end
Average processing time of GrabImageRGBD(): 7.9497ms
Frame 372 end
Average processing time of GrabImageRGBD(): 7.93705ms
Frame 373 end
Average processing time of GrabImageRGBD(): 7.93638ms
Frame 374 end
Average processing time of GrabImageRGBD(): 7.93535ms
Frame 375 end
Average processing time of GrabImageRGBD(): 7.9338ms
Frame 376 end
Average processing time of GrabImageRGBD(): 7.92881ms
Frame 377 end
Average processing time of GrabImageRGBD(): 7.91711ms
Frame 378 end
Average processing time of GrabImageRGBD(): 7.91444ms
Frame 379 end
Average processing time of GrabImageRGBD(): 7.90171ms
Frame 380 end
Average processing time of GrabImageRGBD(): 7.88962ms
Frame 381 end
Average processing time of GrabImageRGBD(): 7.94584ms
Frame 382 end
Average processing time of GrabImageRGBD(): 7.93585ms
Frame 383 end
Average processing time of GrabImageRGBD(): 7.92378ms
Frame 384 end
Average processing time of GrabImageRGBD(): 7.92341ms
Frame 385 end
Average processing time of GrabImageRGBD(): 7.98066ms
Frame 386 end
Average processing time of GrabImageRGBD(): 7.98289ms
Frame 387 end
Average processing time of GrabImageRGBD(): 7.96946ms
Frame 388 end
Average processing time of GrabImageRGBD(): 7.96807ms
Frame 389 end
Average processing time of GrabImageRGBD(): 8.02388ms
Frame 390 end
Average processing time of GrabImageRGBD(): 8.02029ms
Frame 391 end
Average processing time of GrabImageRGBD(): 8.02194ms
Frame 392 end
Average processing time of GrabImageRGBD(): 8.02392ms
Frame 393 end
Average processing time of GrabImageRGBD(): 8.07491ms
Frame 394 end
Average processing time of GrabImageRGBD(): 8.06618ms
Frame 395 end
Average processing time of GrabImageRGBD(): 8.05331ms
Frame 396 end
Average processing time of GrabImageRGBD(): 8.04703ms
Frame 397 end
Average processing time of GrabImageRGBD(): 8.04791ms
Frame 398 end
Average processing time of GrabImageRGBD(): 8.04771ms
Frame 399 end
Average processing time of GrabImageRGBD(): 8.04789ms
Frame 400 end
Average processing time of GrabImageRGBD(): 8.04787ms
Frame 401 end
Average processing time of GrabImageRGBD(): 8.03653ms
Frame 402 end
Average processing time of GrabImageRGBD(): 8.0926ms
Frame 403 end
Average processing time of GrabImageRGBD(): 8.09442ms
Frame 404 end
Average processing time of GrabImageRGBD(): 8.09364ms
Frame 405 end
Average processing time of GrabImageRGBD(): 8.08244ms
Frame 406 end
Average processing time of GrabImageRGBD(): 8.13144ms
Frame 407 end
Average processing time of GrabImageRGBD(): 8.1329ms
Frame 408 end
Average processing time of GrabImageRGBD(): 8.12032ms
Frame 409 end
Average processing time of GrabImageRGBD(): 8.11731ms
Frame 410 end
Average processing time of GrabImageRGBD(): 8.16694ms
Frame 411 end
Average processing time of GrabImageRGBD(): 8.17046ms
Frame 412 end
Average processing time of GrabImageRGBD(): 8.15768ms
Frame 413 end
Average processing time of GrabImageRGBD(): 8.15019ms
Frame 414 end
Average processing time of GrabImageRGBD(): 8.20489ms
Frame 415 end
Average processing time of GrabImageRGBD(): 8.20697ms
Frame 416 end
Average processing time of GrabImageRGBD(): 8.19478ms
Frame 417 end
Average processing time of GrabImageRGBD(): 8.18497ms
Frame 418 end
Average processing time of GrabImageRGBD(): 8.18413ms
Frame 419 end
Average processing time of GrabImageRGBD(): 8.23876ms
Frame 420 end
Average processing time of GrabImageRGBD(): 8.23997ms
Frame 421 end
Average processing time of GrabImageRGBD(): 8.22845ms
Frame 422 end
Average processing time of GrabImageRGBD(): 8.21932ms
Frame 423 end
Average processing time of GrabImageRGBD(): 8.20904ms
Frame 424 end
Average processing time of GrabImageRGBD(): 8.25535ms
Frame 425 end
Average processing time of GrabImageRGBD(): 8.26295ms
Frame 426 end
Average processing time of GrabImageRGBD(): 8.25963ms
Frame 427 end
Average processing time of GrabImageRGBD(): 8.26264ms
Frame 428 end
Average processing time of GrabImageRGBD(): 8.26465ms
Frame 429 end
Average processing time of GrabImageRGBD(): 8.31179ms
Frame 430 end
Average processing time of GrabImageRGBD(): 8.31543ms
Frame 431 end
Average processing time of GrabImageRGBD(): 8.3027ms
Frame 432 end
Average processing time of GrabImageRGBD(): 8.30343ms
Frame 433 end
Average processing time of GrabImageRGBD(): 8.35356ms
Frame 434 end
Average processing time of GrabImageRGBD(): 8.3573ms
Frame 435 end
Average processing time of GrabImageRGBD(): 8.35743ms
Frame 436 end
Average processing time of GrabImageRGBD(): 8.34566ms
Frame 437 end
Average processing time of GrabImageRGBD(): 8.3449ms
Frame 438 end
Average processing time of GrabImageRGBD(): 8.34487ms
Frame 439 end
Average processing time of GrabImageRGBD(): 8.34425ms
Frame 440 end
Average processing time of GrabImageRGBD(): 8.34293ms
Frame 441 end
Average processing time of GrabImageRGBD(): 8.342ms
Frame 442 end
Average processing time of GrabImageRGBD(): 8.39489ms
Frame 443 end
Average processing time of GrabImageRGBD(): 8.38741ms
Frame 444 end
Average processing time of GrabImageRGBD(): 8.37542ms
Frame 445 end
Average processing time of GrabImageRGBD(): 8.37468ms
Frame 446 end
Average processing time of GrabImageRGBD(): 8.36777ms
Frame 447 end
Average processing time of GrabImageRGBD(): 8.41443ms
Frame 448 end
Average processing time of GrabImageRGBD(): 8.40981ms
Frame 449 end
Average processing time of GrabImageRGBD(): 8.39949ms
Frame 450 end
Average processing time of GrabImageRGBD(): 8.39114ms
Frame 451 end
Average processing time of GrabImageRGBD(): 8.38226ms
Frame 452 end
Average processing time of GrabImageRGBD(): 8.38194ms
Frame 453 end
Average processing time of GrabImageRGBD(): 8.38241ms
Frame 454 end
Average processing time of GrabImageRGBD(): 8.37611ms
Frame 455 end
Average processing time of GrabImageRGBD(): 8.36991ms
Frame 456 end
Average processing time of GrabImageRGBD(): 8.43385ms
Frame 457 end
Average processing time of GrabImageRGBD(): 8.43473ms
Frame 458 end
Average processing time of GrabImageRGBD(): 8.42249ms
Frame 459 end
Average processing time of GrabImageRGBD(): 8.42148ms
Frame 460 end
Average processing time of GrabImageRGBD(): 8.41046ms
Frame 461 end
Average processing time of GrabImageRGBD(): 8.40878ms
Frame 462 end
Average processing time of GrabImageRGBD(): 8.40467ms
Frame 463 end
Average processing time of GrabImageRGBD(): 8.39285ms
Frame 464 end
Average processing time of GrabImageRGBD(): 8.39149ms
Frame 465 end
Average processing time of GrabImageRGBD(): 8.38949ms
Frame 466 end
Average processing time of GrabImageRGBD(): 8.37833ms
Frame 467 end
Average processing time of GrabImageRGBD(): 8.36761ms
Frame 468 end
Average processing time of GrabImageRGBD(): 8.36163ms
Frame 469 end
Average processing time of GrabImageRGBD(): 8.35921ms
Frame 470 end
Average processing time of GrabImageRGBD(): 8.34832ms
Frame 471 end
Average processing time of GrabImageRGBD(): 8.34678ms
Frame 472 end
Average processing time of GrabImageRGBD(): 8.34461ms
Frame 473 end
Average processing time of GrabImageRGBD(): 8.34044ms
Frame 474 end
Average processing time of GrabImageRGBD(): 8.3325ms
Frame 475 end
Average processing time of GrabImageRGBD(): 8.37468ms
Frame 476 end
Average processing time of GrabImageRGBD(): 8.37699ms
Frame 477 end
Average processing time of GrabImageRGBD(): 8.3657ms
Frame 478 end
Average processing time of GrabImageRGBD(): 8.36476ms
Frame 479 end
Average processing time of GrabImageRGBD(): 8.36403ms
Frame 480 end
Average processing time of GrabImageRGBD(): 8.36252ms
Frame 481 end
Average processing time of GrabImageRGBD(): 8.35226ms
Frame 482 end
Average processing time of GrabImageRGBD(): 8.34411ms
Frame 483 end
Average processing time of GrabImageRGBD(): 8.33305ms
Frame 484 end
Average processing time of GrabImageRGBD(): 8.33115ms
Frame 485 end
Average processing time of GrabImageRGBD(): 8.33026ms
Frame 486 end
Average processing time of GrabImageRGBD(): 8.32927ms
Frame 487 end
Average processing time of GrabImageRGBD(): 8.3283ms
Frame 488 end
Average processing time of GrabImageRGBD(): 8.32687ms
Frame 489 end
Average processing time of GrabImageRGBD(): 8.31678ms
Frame 490 end
Average processing time of GrabImageRGBD(): 8.30584ms
Frame 491 end
Average processing time of GrabImageRGBD(): 8.30461ms
Frame 492 end
Average processing time of GrabImageRGBD(): 8.34732ms
Frame 493 end
Average processing time of GrabImageRGBD(): 8.34822ms
Frame 494 end
Average processing time of GrabImageRGBD(): 8.337ms
Frame 495 end
Average processing time of GrabImageRGBD(): 8.33416ms
Frame 496 end
Average processing time of GrabImageRGBD(): 8.33025ms
Frame 497 end
Average processing time of GrabImageRGBD(): 8.32689ms
Frame 498 end
Average processing time of GrabImageRGBD(): 8.38023ms
Frame 499 end
Average processing time of GrabImageRGBD(): 8.38138ms
Frame 500 end
Average processing time of GrabImageRGBD(): 8.37711ms
Frame 501 end
Average processing time of GrabImageRGBD(): 8.37086ms
Frame 502 end
Average processing time of GrabImageRGBD(): 8.3693ms
Frame 503 end
Average processing time of GrabImageRGBD(): 8.35959ms
Frame 504 end
Average processing time of GrabImageRGBD(): 8.40324ms
Frame 505 end
Average processing time of GrabImageRGBD(): 8.40129ms
Frame 506 end
Average processing time of GrabImageRGBD(): 8.39098ms
Frame 507 end
Average processing time of GrabImageRGBD(): 8.38977ms
Frame 508 end
Average processing time of GrabImageRGBD(): 8.38017ms
Frame 509 end
Average processing time of GrabImageRGBD(): 8.37558ms
Frame 510 end
Average processing time of GrabImageRGBD(): 8.41801ms
Frame 511 end
Average processing time of GrabImageRGBD(): 8.41827ms
Frame 512 end
Average processing time of GrabImageRGBD(): 8.41677ms
Frame 513 end
Average processing time of GrabImageRGBD(): 8.41444ms
Frame 514 end
Average processing time of GrabImageRGBD(): 8.41267ms
Frame 515 end
Average processing time of GrabImageRGBD(): 8.40978ms
Frame 516 end
Average processing time of GrabImageRGBD(): 8.44817ms
Frame 517 end
Average processing time of GrabImageRGBD(): 8.45055ms
Frame 518 end
Average processing time of GrabImageRGBD(): 8.44098ms
Frame 519 end
Average processing time of GrabImageRGBD(): 8.44025ms
Frame 520 end
Average processing time of GrabImageRGBD(): 8.43467ms
Frame 521 end
Average processing time of GrabImageRGBD(): 8.4285ms
Frame 522 end
Average processing time of GrabImageRGBD(): 8.41935ms
Frame 523 end
Average processing time of GrabImageRGBD(): 8.41553ms
Frame 524 end
Average processing time of GrabImageRGBD(): 8.40988ms
Frame 525 end
Average processing time of GrabImageRGBD(): 8.40628ms
Frame 526 end
Average processing time of GrabImageRGBD(): 8.40559ms
Frame 527 end
Average processing time of GrabImageRGBD(): 8.45002ms
Frame 528 end
Average processing time of GrabImageRGBD(): 8.44255ms
Frame 529 end
Average processing time of GrabImageRGBD(): 8.44064ms
Frame 530 end
Average processing time of GrabImageRGBD(): 8.43805ms
Frame 531 end
Average processing time of GrabImageRGBD(): 8.43493ms
Frame 532 end
Average processing time of GrabImageRGBD(): 8.43273ms
Frame 533 end
Average processing time of GrabImageRGBD(): 8.46958ms
Frame 534 end
Average processing time of GrabImageRGBD(): 8.47107ms
Frame 535 end
Average processing time of GrabImageRGBD(): 8.4615ms
Frame 536 end
Average processing time of GrabImageRGBD(): 8.46112ms
Frame 537 end
Average processing time of GrabImageRGBD(): 8.45766ms
Frame 538 end
Average processing time of GrabImageRGBD(): 8.45151ms
Frame 539 end
Average processing time of GrabImageRGBD(): 8.48936ms
Frame 540 end
Average processing time of GrabImageRGBD(): 8.48194ms
Frame 541 end
Average processing time of GrabImageRGBD(): 8.48193ms
Frame 542 end
Average processing time of GrabImageRGBD(): 8.47192ms
Frame 543 end
Average processing time of GrabImageRGBD(): 8.4676ms
Frame 544 end
Average processing time of GrabImageRGBD(): 8.46682ms
Frame 545 end
Average processing time of GrabImageRGBD(): 8.45771ms
Frame 546 end
Average processing time of GrabImageRGBD(): 8.49356ms
Frame 547 end
Average processing time of GrabImageRGBD(): 8.49608ms
Frame 548 end
Average processing time of GrabImageRGBD(): 8.49299ms
Frame 549 end
Average processing time of GrabImageRGBD(): 8.4864ms
Frame 550 end
Average processing time of GrabImageRGBD(): 8.48018ms
Frame 551 end
Average processing time of GrabImageRGBD(): 8.47923ms
Frame 552 end
Average processing time of GrabImageRGBD(): 8.47527ms
Frame 553 end
Average processing time of GrabImageRGBD(): 8.47323ms
Frame 554 end
Average processing time of GrabImageRGBD(): 8.46373ms
Frame 555 end
Average processing time of GrabImageRGBD(): 8.50458ms
Frame 556 end
Average processing time of GrabImageRGBD(): 8.50503ms
Frame 557 end
Average processing time of GrabImageRGBD(): 8.49556ms
Frame 558 end
Average processing time of GrabImageRGBD(): 8.49587ms
Frame 559 end
Average processing time of GrabImageRGBD(): 8.49686ms
Frame 560 end
Average processing time of GrabImageRGBD(): 8.4924ms
Frame 561 end
Average processing time of GrabImageRGBD(): 8.48352ms
Frame 562 end
Average processing time of GrabImageRGBD(): 8.52533ms
Frame 563 end
Average processing time of GrabImageRGBD(): 8.53172ms
Frame 564 end
Average processing time of GrabImageRGBD(): 8.53408ms
Frame 565 end
Average processing time of GrabImageRGBD(): 8.53652ms
Frame 566 end
Average processing time of GrabImageRGBD(): 8.53594ms
Frame 567 end
Average processing time of GrabImageRGBD(): 8.53809ms
Frame 568 end
Average processing time of GrabImageRGBD(): 8.5402ms
Frame 569 end
Average processing time of GrabImageRGBD(): 8.58225ms
Frame 570 end
Average processing time of GrabImageRGBD(): 8.58806ms
Frame 571 end
Average processing time of GrabImageRGBD(): 8.58982ms
Frame 572 end
Average processing time of GrabImageRGBD(): 8.59037ms
Frame 573 end
Average processing time of GrabImageRGBD(): 8.5852ms
Frame 574 end
Average processing time of GrabImageRGBD(): 8.58686ms
Frame 575 end
Average processing time of GrabImageRGBD(): 8.58982ms
Frame 576 end
Average processing time of GrabImageRGBD(): 8.58035ms
Frame 577 end
Average processing time of GrabImageRGBD(): 8.61553ms
Frame 578 end
Average processing time of GrabImageRGBD(): 8.61986ms
Frame 579 end
Average processing time of GrabImageRGBD(): 8.61148ms
Frame 580 end
Average processing time of GrabImageRGBD(): 8.61423ms
Frame 581 end
Average processing time of GrabImageRGBD(): 8.61623ms
Frame 582 end
Average processing time of GrabImageRGBD(): 8.61423ms
Frame 583 end
Average processing time of GrabImageRGBD(): 8.60592ms
Frame 584 end
Average processing time of GrabImageRGBD(): 8.60606ms
Frame 585 end
Average processing time of GrabImageRGBD(): 8.59704ms
Frame 586 end
Average processing time of GrabImageRGBD(): 8.63241ms
Frame 587 end
Average processing time of GrabImageRGBD(): 8.62554ms
Frame 588 end
Average processing time of GrabImageRGBD(): 8.61887ms
Frame 589 end
Average processing time of GrabImageRGBD(): 8.61673ms
Frame 590 end
Average processing time of GrabImageRGBD(): 8.612ms
Frame 591 end
Average processing time of GrabImageRGBD(): 8.60223ms
Frame 592 end
Average processing time of GrabImageRGBD(): 8.59773ms
Frame 593 end
Average processing time of GrabImageRGBD(): 8.59156ms
Frame 594 end
Average processing time of GrabImageRGBD(): 8.62774ms
Frame 595 end
Average processing time of GrabImageRGBD(): 8.62672ms
Frame 596 end
Average processing time of GrabImageRGBD(): 8.62564ms
Frame 597 end
Average processing time of GrabImageRGBD(): 8.62156ms
Frame 598 end
Average processing time of GrabImageRGBD(): 8.61944ms
Frame 599 end
Average processing time of GrabImageRGBD(): 8.61325ms
Frame 600 end
Average processing time of GrabImageRGBD(): 8.61078ms
Frame 601 end
Average processing time of GrabImageRGBD(): 8.6015ms
Frame 602 end
Average processing time of GrabImageRGBD(): 8.6546ms
Frame 603 end
Average processing time of GrabImageRGBD(): 8.65771ms
Frame 604 end
Average processing time of GrabImageRGBD(): 8.65878ms
Frame 605 end
Average processing time of GrabImageRGBD(): 8.65349ms
Frame 606 end
Average processing time of GrabImageRGBD(): 8.65223ms
Frame 607 end
Average processing time of GrabImageRGBD(): 8.65091ms
Frame 608 end
Average processing time of GrabImageRGBD(): 8.64989ms
Frame 609 end
Average processing time of GrabImageRGBD(): 8.68884ms
Frame 610 end
Average processing time of GrabImageRGBD(): 8.69128ms
Frame 611 end
Average processing time of GrabImageRGBD(): 8.69128ms
Frame 612 end
Average processing time of GrabImageRGBD(): 8.68291ms
Frame 613 end
Average processing time of GrabImageRGBD(): 8.67476ms
Frame 614 end
Average processing time of GrabImageRGBD(): 8.67329ms
Frame 615 end
Average processing time of GrabImageRGBD(): 8.67123ms
Frame 616 end
Average processing time of GrabImageRGBD(): 8.70977ms
Frame 617 end
Average processing time of GrabImageRGBD(): 8.70266ms
Frame 618 end
Average processing time of GrabImageRGBD(): 8.70102ms
Frame 619 end
Average processing time of GrabImageRGBD(): 8.69829ms
Frame 620 end
Average processing time of GrabImageRGBD(): 8.69399ms
Frame 621 end
Average processing time of GrabImageRGBD(): 8.69204ms
Frame 622 end
Average processing time of GrabImageRGBD(): 8.68782ms
Frame 623 end
Average processing time of GrabImageRGBD(): 8.72448ms
Frame 624 end
Average processing time of GrabImageRGBD(): 8.72589ms
Frame 625 end
Average processing time of GrabImageRGBD(): 8.72492ms
Frame 626 end
Average processing time of GrabImageRGBD(): 8.71631ms
Frame 627 end
Average processing time of GrabImageRGBD(): 8.70909ms
Frame 628 end
Average processing time of GrabImageRGBD(): 8.69988ms
Frame 629 end
Average processing time of GrabImageRGBD(): 8.69305ms
Frame 630 end
Average processing time of GrabImageRGBD(): 8.68453ms
Frame 631 end
Average processing time of GrabImageRGBD(): 8.72168ms
Frame 632 end
Average processing time of GrabImageRGBD(): 8.71559ms
Frame 633 end
Average processing time of GrabImageRGBD(): 8.70716ms
Frame 634 end
Average processing time of GrabImageRGBD(): 8.6989ms
Frame 635 end
Average processing time of GrabImageRGBD(): 8.69349ms
Frame 636 end
Average processing time of GrabImageRGBD(): 8.69165ms
Frame 637 end
Average processing time of GrabImageRGBD(): 8.69038ms
Frame 638 end
Average processing time of GrabImageRGBD(): 8.68481ms
Frame 639 end
Average processing time of GrabImageRGBD(): 8.7186ms
Frame 640 end
Average processing time of GrabImageRGBD(): 8.71433ms
Frame 641 end
Average processing time of GrabImageRGBD(): 8.70844ms
Frame 642 end
Average processing time of GrabImageRGBD(): 8.70487ms
Frame 643 end
Average processing time of GrabImageRGBD(): 8.69896ms
Frame 644 end
Average processing time of GrabImageRGBD(): 8.69702ms
Frame 645 end
Average processing time of GrabImageRGBD(): 8.68998ms
Frame 646 end
Average processing time of GrabImageRGBD(): 8.68337ms
Frame 647 end
Average processing time of GrabImageRGBD(): 8.71381ms
Frame 648 end
Average processing time of GrabImageRGBD(): 8.71309ms
Frame 649 end
Average processing time of GrabImageRGBD(): 8.70594ms
Frame 650 end
Average processing time of GrabImageRGBD(): 8.7028ms
Frame 651 end
Average processing time of GrabImageRGBD(): 8.69956ms
Frame 652 end
Average processing time of GrabImageRGBD(): 8.69648ms
Frame 653 end
Average processing time of GrabImageRGBD(): 8.68794ms
Frame 654 end
Average processing time of GrabImageRGBD(): 8.68408ms
Frame 655 end
Average processing time of GrabImageRGBD(): 8.71616ms
Frame 656 end
Average processing time of GrabImageRGBD(): 8.71609ms
Frame 657 end
Average processing time of GrabImageRGBD(): 8.70754ms
Frame 658 end
Average processing time of GrabImageRGBD(): 8.70036ms
Frame 659 end
Average processing time of GrabImageRGBD(): 8.69758ms
Frame 660 end
Average processing time of GrabImageRGBD(): 8.69498ms
Frame 661 end
Average processing time of GrabImageRGBD(): 8.68625ms
Frame 662 end
Average processing time of GrabImageRGBD(): 8.68323ms
Frame 663 end
Average processing time of GrabImageRGBD(): 8.72847ms
Frame 664 end
Average processing time of GrabImageRGBD(): 8.72831ms
Frame 665 end
Average processing time of GrabImageRGBD(): 8.72408ms
Frame 666 end
Average processing time of GrabImageRGBD(): 8.71567ms
Frame 667 end
Average processing time of GrabImageRGBD(): 8.70749ms
Frame 668 end
Average processing time of GrabImageRGBD(): 8.70449ms
Frame 669 end
Average processing time of GrabImageRGBD(): 8.70139ms
Frame 670 end
Average processing time of GrabImageRGBD(): 8.69312ms
Frame 671 end
Average processing time of GrabImageRGBD(): 8.68941ms
Frame 672 end
Average processing time of GrabImageRGBD(): 8.72134ms
Frame 673 end
Average processing time of GrabImageRGBD(): 8.72124ms
Frame 674 end
Average processing time of GrabImageRGBD(): 8.7191ms
Frame 675 end
Average processing time of GrabImageRGBD(): 8.71032ms
Frame 676 end
Average processing time of GrabImageRGBD(): 8.70803ms
Frame 677 end
Average processing time of GrabImageRGBD(): 8.70516ms
Frame 678 end
Average processing time of GrabImageRGBD(): 8.70068ms
Frame 679 end
Average processing time of GrabImageRGBD(): 8.69235ms
Frame 680 end
Average processing time of GrabImageRGBD(): 8.6849ms
Frame 681 end
Average processing time of GrabImageRGBD(): 8.71688ms
Frame 682 end
Average processing time of GrabImageRGBD(): 8.71758ms
Frame 683 end
Average processing time of GrabImageRGBD(): 8.71583ms
Frame 684 end
Average processing time of GrabImageRGBD(): 8.70942ms
Frame 685 end
Average processing time of GrabImageRGBD(): 8.70178ms
Frame 686 end
Average processing time of GrabImageRGBD(): 8.70045ms
Frame 687 end
Average processing time of GrabImageRGBD(): 8.69867ms
Frame 688 end
Average processing time of GrabImageRGBD(): 8.69365ms
Frame 689 end
Average processing time of GrabImageRGBD(): 8.69144ms
Frame 690 end
Average processing time of GrabImageRGBD(): 8.72391ms
Frame 691 end
Average processing time of GrabImageRGBD(): 8.71769ms
Frame 692 end
Average processing time of GrabImageRGBD(): 8.71517ms
Frame 693 end
Average processing time of GrabImageRGBD(): 8.71304ms
Frame 694 end
Average processing time of GrabImageRGBD(): 8.7107ms
Frame 695 end
Average processing time of GrabImageRGBD(): 8.70765ms
Frame 696 end
Average processing time of GrabImageRGBD(): 8.70464ms
Frame 697 end
Average processing time of GrabImageRGBD(): 8.69643ms
Frame 698 end
Average processing time of GrabImageRGBD(): 8.69324ms
Frame 699 end
Average processing time of GrabImageRGBD(): 8.72491ms
Frame 700 end
Average processing time of GrabImageRGBD(): 8.72757ms
Frame 701 end
Average processing time of GrabImageRGBD(): 8.71968ms
Frame 702 end
Average processing time of GrabImageRGBD(): 8.71485ms
Frame 703 end
Average processing time of GrabImageRGBD(): 8.70969ms
Frame 704 end
Average processing time of GrabImageRGBD(): 8.70221ms
Frame 705 end
Average processing time of GrabImageRGBD(): 8.69961ms
Frame 706 end
Average processing time of GrabImageRGBD(): 8.69722ms
Frame 707 end
Average processing time of GrabImageRGBD(): 8.72878ms
Frame 708 end
Average processing time of GrabImageRGBD(): 8.72802ms
Frame 709 end
Average processing time of GrabImageRGBD(): 8.72023ms
Frame 710 end
Average processing time of GrabImageRGBD(): 8.71729ms
Frame 711 end
Average processing time of GrabImageRGBD(): 8.71419ms
Frame 712 end
Average processing time of GrabImageRGBD(): 8.7153ms
Frame 713 end
Average processing time of GrabImageRGBD(): 8.70677ms
Frame 714 end
Average processing time of GrabImageRGBD(): 8.70263ms
Frame 715 end
Average processing time of GrabImageRGBD(): 8.73294ms
Frame 716 end
Average processing time of GrabImageRGBD(): 8.72711ms
Frame 717 end
Average processing time of GrabImageRGBD(): 8.72583ms
Frame 718 end
Average processing time of GrabImageRGBD(): 8.72297ms
Frame 719 end
Average processing time of GrabImageRGBD(): 8.72053ms
Frame 720 end
Average processing time of GrabImageRGBD(): 8.71805ms
Frame 721 end
Average processing time of GrabImageRGBD(): 8.71098ms
Frame 722 end
Average processing time of GrabImageRGBD(): 8.70764ms
Frame 723 end
Average processing time of GrabImageRGBD(): 8.73615ms
Frame 724 end
Average processing time of GrabImageRGBD(): 8.73058ms
Frame 725 end
Average processing time of GrabImageRGBD(): 8.72396ms
Frame 726 end
Average processing time of GrabImageRGBD(): 8.7202ms
Frame 727 end
Average processing time of GrabImageRGBD(): 8.7137ms
Frame 728 end
Average processing time of GrabImageRGBD(): 8.7066ms
Frame 729 end
Average processing time of GrabImageRGBD(): 8.70172ms
Frame 730 end
Average processing time of GrabImageRGBD(): 8.69669ms
Frame 731 end
Average processing time of GrabImageRGBD(): 8.72439ms
Frame 732 end
Average processing time of GrabImageRGBD(): 8.72375ms
Frame 733 end
Average processing time of GrabImageRGBD(): 8.72135ms
Frame 734 end
Average processing time of GrabImageRGBD(): 8.7194ms
Frame 735 end
Average processing time of GrabImageRGBD(): 8.71719ms
Frame 736 end
Average processing time of GrabImageRGBD(): 8.71428ms
Frame 737 end
Average processing time of GrabImageRGBD(): 8.70822ms
Frame 738 end
Average processing time of GrabImageRGBD(): 8.70494ms
Frame 739 end
Average processing time of GrabImageRGBD(): 8.73523ms
Frame 740 end
Average processing time of GrabImageRGBD(): 8.74295ms
Frame 741 end
Average processing time of GrabImageRGBD(): 8.73879ms
Frame 742 end
Average processing time of GrabImageRGBD(): 8.7322ms
Frame 743 end
Average processing time of GrabImageRGBD(): 8.72784ms
Frame 744 end
Average processing time of GrabImageRGBD(): 8.7223ms
Frame 745 end
Average processing time of GrabImageRGBD(): 8.71659ms
Frame 746 end
Average processing time of GrabImageRGBD(): 8.71134ms
Frame 747 end
Average processing time of GrabImageRGBD(): 8.73893ms
Frame 748 end
Average processing time of GrabImageRGBD(): 8.73467ms
Frame 749 end
Average processing time of GrabImageRGBD(): 8.72791ms
Frame 750 end
Average processing time of GrabImageRGBD(): 8.72565ms
Frame 751 end
Average processing time of GrabImageRGBD(): 8.72304ms
Frame 752 end
Average processing time of GrabImageRGBD(): 8.72075ms
Frame 753 end
Average processing time of GrabImageRGBD(): 8.71825ms
Frame 754 end
Average processing time of GrabImageRGBD(): 8.7465ms
Frame 755 end
Average processing time of GrabImageRGBD(): 8.74498ms
Frame 756 end
Average processing time of GrabImageRGBD(): 8.74359ms
Frame 757 end
Average processing time of GrabImageRGBD(): 8.74206ms
Frame 758 end
Average processing time of GrabImageRGBD(): 8.74061ms
Frame 759 end
Average processing time of GrabImageRGBD(): 8.73916ms
Frame 760 end
Average processing time of GrabImageRGBD(): 8.73185ms
Frame 761 end
Average processing time of GrabImageRGBD(): 8.75915ms
Frame 762 end
Average processing time of GrabImageRGBD(): 8.75401ms
Frame 763 end
Average processing time of GrabImageRGBD(): 8.74784ms
Frame 764 end
Average processing time of GrabImageRGBD(): 8.74699ms
Frame 765 end
Average processing time of GrabImageRGBD(): 8.74524ms
Frame 766 end
Average processing time of GrabImageRGBD(): 8.73775ms
Frame 767 end
Average processing time of GrabImageRGBD(): 8.76495ms
Frame 768 end
Average processing time of GrabImageRGBD(): 8.75989ms
Frame 769 end
Average processing time of GrabImageRGBD(): 8.75361ms
Frame 770 end
Average processing time of GrabImageRGBD(): 8.74717ms
Frame 771 end
Average processing time of GrabImageRGBD(): 8.74606ms
Frame 772 end
Average processing time of GrabImageRGBD(): 8.74267ms
Frame 773 end
Average processing time of GrabImageRGBD(): 8.73605ms
Frame 774 end
Average processing time of GrabImageRGBD(): 8.76551ms
Frame 775 end
Average processing time of GrabImageRGBD(): 8.76573ms
Frame 776 end
Average processing time of GrabImageRGBD(): 8.7588ms
Frame 777 end
Average processing time of GrabImageRGBD(): 8.75703ms
Frame 778 end
Average processing time of GrabImageRGBD(): 8.74997ms
Frame 779 end
Average processing time of GrabImageRGBD(): 8.74781ms
Frame 780 end
Average processing time of GrabImageRGBD(): 8.74547ms
Frame 781 end
Average processing time of GrabImageRGBD(): 8.77406ms
Frame 782 end
Average processing time of GrabImageRGBD(): 8.77552ms
Frame 783 end
Average processing time of GrabImageRGBD(): 8.775ms
Frame 784 end
Average processing time of GrabImageRGBD(): 8.7702ms
Frame 785 end
Average processing time of GrabImageRGBD(): 8.77001ms
Frame 786 end
Average processing time of GrabImageRGBD(): 8.76733ms
Frame 787 end
Average processing time of GrabImageRGBD(): 8.7606ms
Frame 788 end
Average processing time of GrabImageRGBD(): 8.75939ms
Frame 789 end
Average processing time of GrabImageRGBD(): 8.75804ms
Frame 790 end
Average processing time of GrabImageRGBD(): 8.78563ms
Frame 791 end
Average processing time of GrabImageRGBD(): 8.78656ms
Frame 792 end
Average processing time of GrabImageRGBD(): 8.78368ms
Frame 793 end
Average processing time of GrabImageRGBD(): 8.78779ms
Frame 794 end
Average processing time of GrabImageRGBD(): 8.78877ms
Frame 795 end
Average processing time of GrabImageRGBD(): 8.79202ms
Frame 796 end
Average processing time of GrabImageRGBD(): 8.7944ms
Frame 797 end
Average processing time of GrabImageRGBD(): 8.82946ms
Frame 798 end
Average processing time of GrabImageRGBD(): 8.83242ms
Frame 799 end
Average processing time of GrabImageRGBD(): 8.83436ms
Frame 800 end
Average processing time of GrabImageRGBD(): 8.83708ms
Frame 801 end
Average processing time of GrabImageRGBD(): 8.83285ms
Frame 802 end
Average processing time of GrabImageRGBD(): 8.83575ms
Frame 803 end
Average processing time of GrabImageRGBD(): 8.83458ms
Frame 804 end
Average processing time of GrabImageRGBD(): 8.83413ms
Frame 805 end
Average processing time of GrabImageRGBD(): 8.86782ms
Frame 806 end
Average processing time of GrabImageRGBD(): 8.87142ms
Frame 807 end
Average processing time of GrabImageRGBD(): 8.87527ms
Frame 808 end
Average processing time of GrabImageRGBD(): 8.87518ms
Frame 809 end
Average processing time of GrabImageRGBD(): 8.87819ms
Frame 810 end
Average processing time of GrabImageRGBD(): 8.87868ms
Frame 811 end
Average processing time of GrabImageRGBD(): 8.88118ms
Frame 812 end
Average processing time of GrabImageRGBD(): 8.87946ms
Frame 813 end
Average processing time of GrabImageRGBD(): 8.91394ms
Frame 814 end
Average processing time of GrabImageRGBD(): 8.91556ms
Frame 815 end
Average processing time of GrabImageRGBD(): 8.91982ms
Frame 816 end
Average processing time of GrabImageRGBD(): 8.92404ms
Frame 817 end
Average processing time of GrabImageRGBD(): 8.92363ms
Frame 818 end
Average processing time of GrabImageRGBD(): 8.9262ms
Frame 819 end
Average processing time of GrabImageRGBD(): 8.92833ms
Frame 820 end
Average processing time of GrabImageRGBD(): 8.92862ms
Frame 821 end
Average processing time of GrabImageRGBD(): 8.96368ms
Frame 822 end
Average processing time of GrabImageRGBD(): 8.96711ms
Frame 823 end
Average processing time of GrabImageRGBD(): 8.96785ms
Frame 824 end
Average processing time of GrabImageRGBD(): 8.9708ms
Frame 825 end
Average processing time of GrabImageRGBD(): 8.97235ms
Frame 826 end
Average processing time of GrabImageRGBD(): 8.97193ms
Frame 827 end
Average processing time of GrabImageRGBD(): 8.97303ms
Frame 828 end
Average processing time of GrabImageRGBD(): 8.97371ms
Frame 829 end
Average processing time of GrabImageRGBD(): 9.00665ms
Frame 830 end
Average processing time of GrabImageRGBD(): 9.02667ms
Frame 831 end
Average processing time of GrabImageRGBD(): 9.02978ms
Frame 832 end
Average processing time of GrabImageRGBD(): 9.03317ms
Frame 833 end
Average processing time of GrabImageRGBD(): 9.03378ms
Frame 834 end
Average processing time of GrabImageRGBD(): 9.03704ms
Frame 835 end
Average processing time of GrabImageRGBD(): 9.0382ms
Frame 836 end
Average processing time of GrabImageRGBD(): 9.03679ms
Frame 837 end
Average processing time of GrabImageRGBD(): 9.03662ms
Frame 838 end
Average processing time of GrabImageRGBD(): 9.08352ms
Frame 839 end
Average processing time of GrabImageRGBD(): 9.08394ms
Frame 840 end
Average processing time of GrabImageRGBD(): 9.08268ms
Frame 841 end
Average processing time of GrabImageRGBD(): 9.0795ms
Frame 842 end
Average processing time of GrabImageRGBD(): 9.07838ms
Frame 843 end
Average processing time of GrabImageRGBD(): 9.08223ms
Frame 844 end
Average processing time of GrabImageRGBD(): 9.08346ms
Frame 845 end
Average processing time of GrabImageRGBD(): 9.08152ms
Frame 846 end
Average processing time of GrabImageRGBD(): 9.08103ms
Frame 847 end
Average processing time of GrabImageRGBD(): 9.08197ms
Frame 848 end
Average processing time of GrabImageRGBD(): 9.11754ms
Frame 849 end
Average processing time of GrabImageRGBD(): 9.12154ms
Frame 850 end
Average processing time of GrabImageRGBD(): 9.12559ms
Frame 851 end
Average processing time of GrabImageRGBD(): 9.1278ms
Frame 852 end
Average processing time of GrabImageRGBD(): 9.1268ms
Frame 853 end
Average processing time of GrabImageRGBD(): 9.12903ms
Frame 854 end
Average processing time of GrabImageRGBD(): 9.12598ms
Frame 855 end
Average processing time of GrabImageRGBD(): 9.12278ms
Frame 856 end
Average processing time of GrabImageRGBD(): 9.15848ms
Frame 857 end
Average processing time of GrabImageRGBD(): 9.163ms
Frame 858 end
Average processing time of GrabImageRGBD(): 9.16785ms
Frame 859 end
Average processing time of GrabImageRGBD(): 9.16609ms
Frame 860 end
Average processing time of GrabImageRGBD(): 9.16543ms
Frame 861 end
Average processing time of GrabImageRGBD(): 9.1619ms
Frame 862 end
Average processing time of GrabImageRGBD(): 9.15967ms
Frame 863 end
Average processing time of GrabImageRGBD(): 9.15565ms
Frame 864 end
Average processing time of GrabImageRGBD(): 9.1582ms
Frame 865 end
Average processing time of GrabImageRGBD(): 9.15852ms
Frame 866 end
Average processing time of GrabImageRGBD(): 9.15897ms
Frame 867 end
Average processing time of GrabImageRGBD(): 9.15963ms
Frame 868 end
Average processing time of GrabImageRGBD(): 9.16212ms
Frame 869 end
Average processing time of GrabImageRGBD(): 9.19743ms
Frame 870 end
Average processing time of GrabImageRGBD(): 9.20047ms
Frame 871 end
Average processing time of GrabImageRGBD(): 9.20387ms
Frame 872 end
Average processing time of GrabImageRGBD(): 9.20256ms
Frame 873 end
Average processing time of GrabImageRGBD(): 9.20483ms
Frame 874 end
Average processing time of GrabImageRGBD(): 9.20088ms
Frame 875 end
Average processing time of GrabImageRGBD(): 9.20051ms
Frame 876 end
Average processing time of GrabImageRGBD(): 9.19996ms
Frame 877 end
Average processing time of GrabImageRGBD(): 9.23523ms
Frame 878 end
Average processing time of GrabImageRGBD(): 9.23954ms
Frame 879 end
Average processing time of GrabImageRGBD(): 9.24409ms
Frame 880 end
Average processing time of GrabImageRGBD(): 9.2464ms
Frame 881 end
Average processing time of GrabImageRGBD(): 9.24553ms
Frame 882 end
Average processing time of GrabImageRGBD(): 9.24511ms
Frame 883 end
Average processing time of GrabImageRGBD(): 9.24663ms
Frame 884 end
Average processing time of GrabImageRGBD(): 9.24996ms
Frame 885 end
Average processing time of GrabImageRGBD(): 9.28086ms
Frame 886 end
Average processing time of GrabImageRGBD(): 9.28462ms
Frame 887 end
Average processing time of GrabImageRGBD(): 9.28562ms
Frame 888 end
Average processing time of GrabImageRGBD(): 9.28698ms
Frame 889 end
Average processing time of GrabImageRGBD(): 9.28883ms
Frame 890 end
Average processing time of GrabImageRGBD(): 9.28966ms
Frame 891 end
Average processing time of GrabImageRGBD(): 9.29285ms
Frame 892 end
Average processing time of GrabImageRGBD(): 9.29427ms
Frame 893 end
Average processing time of GrabImageRGBD(): 9.29572ms
Frame 894 end
Average processing time of GrabImageRGBD(): 9.32668ms
Frame 895 end
Average processing time of GrabImageRGBD(): 9.33217ms
Frame 896 end
Average processing time of GrabImageRGBD(): 9.33503ms
Frame 897 end
Average processing time of GrabImageRGBD(): 9.33809ms
Frame 898 end
Average processing time of GrabImageRGBD(): 9.34023ms
Frame 899 end
Average processing time of GrabImageRGBD(): 9.34089ms
Frame 900 end
Average processing time of GrabImageRGBD(): 9.34559ms
Frame 901 end
Average processing time of GrabImageRGBD(): 9.3482ms
Frame 902 end
Average processing time of GrabImageRGBD(): 9.38779ms
Frame 903 end
Average processing time of GrabImageRGBD(): 9.39034ms
Frame 904 end
Average processing time of GrabImageRGBD(): 9.39295ms
Frame 905 end
Average processing time of GrabImageRGBD(): 9.39734ms
Frame 906 end
Average processing time of GrabImageRGBD(): 9.40155ms
Frame 907 end
Average processing time of GrabImageRGBD(): 9.4048ms
Frame 908 end
Average processing time of GrabImageRGBD(): 9.40742ms
Frame 909 end
Average processing time of GrabImageRGBD(): 9.40846ms
Frame 910 end
Average processing time of GrabImageRGBD(): 9.41289ms
Frame 911 end
Average processing time of GrabImageRGBD(): 9.41561ms
Frame 912 end
Average processing time of GrabImageRGBD(): 9.41827ms
Frame 913 end
Average processing time of GrabImageRGBD(): 9.42254ms
Frame 914 end
Average processing time of GrabImageRGBD(): 9.42536ms
Frame 915 end
Average processing time of GrabImageRGBD(): 9.42812ms
Frame 916 end
Average processing time of GrabImageRGBD(): 9.45924ms
Frame 917 end
Average processing time of GrabImageRGBD(): 9.46843ms
Frame 918 end
Average processing time of GrabImageRGBD(): 9.47253ms
Frame 919 end
Average processing time of GrabImageRGBD(): 9.47381ms
Frame 920 end
Average processing time of GrabImageRGBD(): 9.47653ms
Frame 921 end
Average processing time of GrabImageRGBD(): 9.47987ms
Frame 922 end
Average processing time of GrabImageRGBD(): 9.4829ms
Frame 923 end
Average processing time of GrabImageRGBD(): 9.48774ms
Frame 924 end
Average processing time of GrabImageRGBD(): 9.48857ms
Frame 925 end
Average processing time of GrabImageRGBD(): 9.4891ms
Frame 926 end
Average processing time of GrabImageRGBD(): 9.49156ms
Frame 927 end
Average processing time of GrabImageRGBD(): 9.52247ms
Frame 928 end
Average processing time of GrabImageRGBD(): 9.52888ms
Frame 929 end
Average processing time of GrabImageRGBD(): 9.5359ms
Frame 930 end
Average processing time of GrabImageRGBD(): 9.53956ms
Frame 931 end
Average processing time of GrabImageRGBD(): 9.54167ms
Frame 932 end
Average processing time of GrabImageRGBD(): 9.54426ms
Frame 933 end
Average processing time of GrabImageRGBD(): 9.54897ms
Frame 934 end
Average processing time of GrabImageRGBD(): 9.55326ms
Frame 935 end
Average processing time of GrabImageRGBD(): 9.55665ms
Frame 936 end
Average processing time of GrabImageRGBD(): 9.56052ms
Frame 937 end
Average processing time of GrabImageRGBD(): 9.56374ms
Frame 938 end
Average processing time of GrabImageRGBD(): 9.56753ms
Frame 939 end
Average processing time of GrabImageRGBD(): 9.56842ms
Frame 940 end
Average processing time of GrabImageRGBD(): 9.57103ms
Frame 941 end
Average processing time of GrabImageRGBD(): 9.57328ms
Frame 942 end
Average processing time of GrabImageRGBD(): 9.57689ms
Frame 943 end
Average processing time of GrabImageRGBD(): 9.58186ms
Frame 944 end
Average processing time of GrabImageRGBD(): 9.58509ms
Frame 945 end
Average processing time of GrabImageRGBD(): 9.58822ms
Frame 946 end
Average processing time of GrabImageRGBD(): 9.59116ms
Frame 947 end
Average processing time of GrabImageRGBD(): 9.62206ms
Frame 948 end
Average processing time of GrabImageRGBD(): 9.62654ms
Frame 949 end
Average processing time of GrabImageRGBD(): 9.63082ms
Frame 950 end
Average processing time of GrabImageRGBD(): 9.63515ms
Frame 951 end
Average processing time of GrabImageRGBD(): 9.63828ms
Frame 952 end
Average processing time of GrabImageRGBD(): 9.64027ms
Frame 953 end
Average processing time of GrabImageRGBD(): 9.6419ms
Frame 954 end
Average processing time of GrabImageRGBD(): 9.64053ms
Frame 955 end
Average processing time of GrabImageRGBD(): 9.64167ms
Frame 956 end
Average processing time of GrabImageRGBD(): 9.67321ms
Frame 957 end
Average processing time of GrabImageRGBD(): 9.67512ms
Frame 958 end
Average processing time of GrabImageRGBD(): 9.66999ms
Frame 959 end
Average processing time of GrabImageRGBD(): 9.66905ms
Frame 960 end
Average processing time of GrabImageRGBD(): 9.70888ms
Frame 961 end
Average processing time of GrabImageRGBD(): 9.71055ms
Frame 962 end
Average processing time of GrabImageRGBD(): 9.71131ms
Frame 963 end
Average processing time of GrabImageRGBD(): 9.71289ms
Frame 964 end
Average processing time of GrabImageRGBD(): 9.71392ms
Frame 965 end
Average processing time of GrabImageRGBD(): 9.71148ms
Frame 966 end
Average processing time of GrabImageRGBD(): 9.71277ms
Frame 967 end
Average processing time of GrabImageRGBD(): 9.71264ms
Frame 968 end
Average processing time of GrabImageRGBD(): 9.70812ms
Frame 969 end
Average processing time of GrabImageRGBD(): 9.70468ms
Frame 970 end
Average processing time of GrabImageRGBD(): 9.70579ms
Frame 971 end
Average processing time of GrabImageRGBD(): 9.70193ms
Frame 972 end
Average processing time of GrabImageRGBD(): 9.73157ms
Frame 973 end
Average processing time of GrabImageRGBD(): 9.73388ms
Frame 974 end
Average processing time of GrabImageRGBD(): 9.73538ms
Frame 975 end
Average processing time of GrabImageRGBD(): 9.73556ms
Frame 976 end
Average processing time of GrabImageRGBD(): 9.73277ms
Frame 977 end
Average processing time of GrabImageRGBD(): 9.73344ms
Frame 978 end
Average processing time of GrabImageRGBD(): 9.73532ms
Frame 979 end
Average processing time of GrabImageRGBD(): 9.73448ms
Frame 980 end
Average processing time of GrabImageRGBD(): 9.73619ms
Frame 981 end
Average processing time of GrabImageRGBD(): 9.73664ms
Frame 982 end
Average processing time of GrabImageRGBD(): 9.76633ms
Frame 983 end
Average processing time of GrabImageRGBD(): 9.76734ms
Frame 984 end
Average processing time of GrabImageRGBD(): 9.7999ms
Frame 985 end
Average processing time of GrabImageRGBD(): 9.80271ms
Frame 986 end
Average processing time of GrabImageRGBD(): 9.80145ms
Frame 987 end
Average processing time of GrabImageRGBD(): 9.80024ms
Frame 988 end
Average processing time of GrabImageRGBD(): 9.79828ms
Frame 989 end
Average processing time of GrabImageRGBD(): 9.79803ms
Frame 990 end
Average processing time of GrabImageRGBD(): 9.79911ms
Frame 991 end
Average processing time of GrabImageRGBD(): 9.79678ms
Frame 992 end
Average processing time of GrabImageRGBD(): 9.79575ms
Frame 993 end
Average processing time of GrabImageRGBD(): 9.79484ms
Frame 994 end
Average processing time of GrabImageRGBD(): 9.82127ms
Frame 995 end
Average processing time of GrabImageRGBD(): 9.82273ms
Frame 996 end
Average processing time of GrabImageRGBD(): 9.82342ms
Frame 997 end
Average processing time of GrabImageRGBD(): 9.82117ms
Frame 998 end
Average processing time of GrabImageRGBD(): 9.82177ms
Frame 999 end
Average processing time of GrabImageRGBD(): 9.82266ms
Frame 1000 end
Average processing time of GrabImageRGBD(): 9.85022ms
Frame 1001 end
Average processing time of GrabImageRGBD(): 9.85173ms
Frame 1002 end
Average processing time of GrabImageRGBD(): 9.87944ms
Frame 1003 end
Average processing time of GrabImageRGBD(): 9.88251ms
Frame 1004 end
Average processing time of GrabImageRGBD(): 9.88357ms
Frame 1005 end
Average processing time of GrabImageRGBD(): 9.8812ms
Frame 1006 end
Average processing time of GrabImageRGBD(): 9.9098ms
Frame 1007 end
Average processing time of GrabImageRGBD(): 9.91479ms
Frame 1008 end
Average processing time of GrabImageRGBD(): 9.91767ms
Frame 1009 end
Average processing time of GrabImageRGBD(): 9.9206ms
Frame 1010 end
Average processing time of GrabImageRGBD(): 9.92025ms
Frame 1011 end
Average processing time of GrabImageRGBD(): 9.92341ms
Frame 1012 end
Average processing time of GrabImageRGBD(): 9.92429ms
Frame 1013 end
Average processing time of GrabImageRGBD(): 9.95143ms
Frame 1014 end
Average processing time of GrabImageRGBD(): 9.95571ms
Frame 1015 end
Average processing time of GrabImageRGBD(): 9.95754ms
Frame 1016 end
Average processing time of GrabImageRGBD(): 9.98667ms
Frame 1017 end
Average processing time of GrabImageRGBD(): 9.99123ms
Frame 1018 end
Average processing time of GrabImageRGBD(): 9.9943ms
Frame 1019 end
Average processing time of GrabImageRGBD(): 9.99667ms
Frame 1020 end
Average processing time of GrabImageRGBD(): 10.0012ms
Frame 1021 end
Average processing time of GrabImageRGBD(): 10.027ms
Frame 1022 end
Average processing time of GrabImageRGBD(): 10.0338ms
Frame 1023 end
Average processing time of GrabImageRGBD(): 10.0381ms
Frame 1024 end
Average processing time of GrabImageRGBD(): 10.0403ms
Frame 1025 end
Average processing time of GrabImageRGBD(): 10.069ms
Frame 1026 end
Average processing time of GrabImageRGBD(): 10.077ms
Frame 1027 end
Average processing time of GrabImageRGBD(): 10.0829ms
Frame 1028 end
Average processing time of GrabImageRGBD(): 10.0881ms
Frame 1029 end
Average processing time of GrabImageRGBD(): 10.0915ms
Frame 1030 end
Average processing time of GrabImageRGBD(): 10.0972ms
Frame 1031 end
Average processing time of GrabImageRGBD(): 10.1235ms
Frame 1032 end
Average processing time of GrabImageRGBD(): 10.1525ms
Frame 1033 end
Average processing time of GrabImageRGBD(): 10.1582ms
Frame 1034 end
Average processing time of GrabImageRGBD(): 10.1862ms
Frame 1035 end
Average processing time of GrabImageRGBD(): 10.1921ms
Frame 1036 end
Average processing time of GrabImageRGBD(): 10.1992ms
Frame 1037 end
Average processing time of GrabImageRGBD(): 10.2055ms
Frame 1038 end
Average processing time of GrabImageRGBD(): 10.2293ms
Frame 1039 end
Average processing time of GrabImageRGBD(): 10.2339ms
Frame 1040 end
Average processing time of GrabImageRGBD(): 10.2362ms
Frame 1041 end
Average processing time of GrabImageRGBD(): 10.239ms
Frame 1042 end
Average processing time of GrabImageRGBD(): 10.2456ms
Frame 1043 end
Average processing time of GrabImageRGBD(): 10.2463ms
Frame 1044 end
Average processing time of GrabImageRGBD(): 10.2674ms
Frame 1045 end
Average processing time of GrabImageRGBD(): 10.2725ms
Frame 1046 end
Average processing time of GrabImageRGBD(): 10.2736ms
Frame 1047 end
Average processing time of GrabImageRGBD(): 10.2773ms
Frame 1048 end
Average processing time of GrabImageRGBD(): 10.2779ms
Frame 1049 end
Average processing time of GrabImageRGBD(): 10.2784ms
Frame 1050 end
Average processing time of GrabImageRGBD(): 10.2792ms
Frame 1051 end
Average processing time of GrabImageRGBD(): 10.2784ms
Frame 1052 end
Average processing time of GrabImageRGBD(): 10.2762ms
Frame 1053 end
Average processing time of GrabImageRGBD(): 10.2762ms
Frame 1054 end
Average processing time of GrabImageRGBD(): 10.297ms
Frame 1055 end
Average processing time of GrabImageRGBD(): 10.2996ms
Frame 1056 end
Average processing time of GrabImageRGBD(): 10.3008ms
Frame 1057 end
Average processing time of GrabImageRGBD(): 10.2992ms
Frame 1058 end
Average processing time of GrabImageRGBD(): 10.298ms
Frame 1059 end
Average processing time of GrabImageRGBD(): 10.2974ms
Frame 1060 end
Average processing time of GrabImageRGBD(): 10.298ms
Frame 1061 end
Average processing time of GrabImageRGBD(): 10.2954ms
Frame 1062 end
Average processing time of GrabImageRGBD(): 10.2951ms
Frame 1063 end
Average processing time of GrabImageRGBD(): 10.2951ms
Frame 1064 end
Average processing time of GrabImageRGBD(): 10.2934ms
Frame 1065 end
Average processing time of GrabImageRGBD(): 10.3276ms
Frame 1066 end
Average processing time of GrabImageRGBD(): 10.3241ms
Frame 1067 end
Average processing time of GrabImageRGBD(): 10.3223ms
Frame 1068 end
Average processing time of GrabImageRGBD(): 10.3221ms
Frame 1069 end
Average processing time of GrabImageRGBD(): 10.3201ms
Frame 1070 end
Average processing time of GrabImageRGBD(): 10.3204ms
Frame 1071 end
Average processing time of GrabImageRGBD(): 10.3174ms
Frame 1072 end
Average processing time of GrabImageRGBD(): 10.3178ms
Frame 1073 end
Average processing time of GrabImageRGBD(): 10.3169ms
Frame 1074 end
Average processing time of GrabImageRGBD(): 10.3169ms
Frame 1075 end
Average processing time of GrabImageRGBD(): 10.3398ms
Frame 1076 end
Average processing time of GrabImageRGBD(): 10.3406ms
Frame 1077 end
Average processing time of GrabImageRGBD(): 10.3384ms
Frame 1078 end
Average processing time of GrabImageRGBD(): 10.3388ms
Frame 1079 end
Average processing time of GrabImageRGBD(): 10.3366ms
Frame 1080 end
Average processing time of GrabImageRGBD(): 10.3337ms
Frame 1081 end
Average processing time of GrabImageRGBD(): 10.3309ms
Frame 1082 end
Average processing time of GrabImageRGBD(): 10.3286ms
Frame 1083 end
Average processing time of GrabImageRGBD(): 10.3283ms
Frame 1084 end
Average processing time of GrabImageRGBD(): 10.3271ms
Frame 1085 end
Average processing time of GrabImageRGBD(): 10.3266ms
Frame 1086 end
Average processing time of GrabImageRGBD(): 10.3509ms
Frame 1087 end
Average processing time of GrabImageRGBD(): 10.3526ms
Frame 1088 end
Average processing time of GrabImageRGBD(): 10.3529ms
Frame 1089 end
Average processing time of GrabImageRGBD(): 10.3517ms
Frame 1090 end
Average processing time of GrabImageRGBD(): 10.3512ms
Frame 1091 end
Average processing time of GrabImageRGBD(): 10.3515ms
Frame 1092 end
Average processing time of GrabImageRGBD(): 10.3498ms
Frame 1093 end
Average processing time of GrabImageRGBD(): 10.3522ms
Frame 1094 end
Average processing time of GrabImageRGBD(): 10.3499ms
Frame 1095 end
Average processing time of GrabImageRGBD(): 10.3469ms
Frame 1096 end
Average processing time of GrabImageRGBD(): 10.3438ms
Frame 1097 end
Average processing time of GrabImageRGBD(): 10.3414ms
Frame 1098 end
Average processing time of GrabImageRGBD(): 10.3642ms
Frame 1099 end
Average processing time of GrabImageRGBD(): 10.3621ms
Frame 1100 end
Average processing time of GrabImageRGBD(): 10.3602ms
Frame 1101 end
Average processing time of GrabImageRGBD(): 10.3576ms
Frame 1102 end
Average processing time of GrabImageRGBD(): 10.3578ms
Frame 1103 end
Average processing time of GrabImageRGBD(): 10.3573ms
Frame 1104 end
Average processing time of GrabImageRGBD(): 10.3535ms
Frame 1105 end
Average processing time of GrabImageRGBD(): 10.3539ms
Frame 1106 end
Average processing time of GrabImageRGBD(): 10.3512ms
Frame 1107 end
Average processing time of GrabImageRGBD(): 10.3491ms
Frame 1108 end
Average processing time of GrabImageRGBD(): 10.3484ms
Frame 1109 end
Average processing time of GrabImageRGBD(): 10.3503ms
Frame 1110 end
Average processing time of GrabImageRGBD(): 10.3484ms
Frame 1111 end
Average processing time of GrabImageRGBD(): 10.372ms
Frame 1112 end
Average processing time of GrabImageRGBD(): 10.3734ms
Frame 1113 end
Average processing time of GrabImageRGBD(): 10.3741ms
Frame 1114 end
Average processing time of GrabImageRGBD(): 10.3719ms
Frame 1115 end
Average processing time of GrabImageRGBD(): 10.3725ms
Frame 1116 end
Average processing time of GrabImageRGBD(): 10.3729ms
Frame 1117 end
Average processing time of GrabImageRGBD(): 10.3718ms
Frame 1118 end
Average processing time of GrabImageRGBD(): 10.3715ms
Frame 1119 end
Average processing time of GrabImageRGBD(): 10.3686ms
Frame 1120 end
Average processing time of GrabImageRGBD(): 10.3978ms
Frame 1121 end
Average processing time of GrabImageRGBD(): 10.3989ms
Frame 1122 end
Average processing time of GrabImageRGBD(): 10.3989ms
Frame 1123 end
Average processing time of GrabImageRGBD(): 10.3974ms
Frame 1124 end
Average processing time of GrabImageRGBD(): 10.397ms
Frame 1125 end
Average processing time of GrabImageRGBD(): 10.4197ms
Frame 1126 end
Average processing time of GrabImageRGBD(): 10.4166ms
Frame 1127 end
Average processing time of GrabImageRGBD(): 10.4155ms
Frame 1128 end
Average processing time of GrabImageRGBD(): 10.4147ms
Frame 1129 end
Average processing time of GrabImageRGBD(): 10.4112ms
Frame 1130 end
Average processing time of GrabImageRGBD(): 10.412ms
Frame 1131 end
Average processing time of GrabImageRGBD(): 10.4104ms
Frame 1132 end
Average processing time of GrabImageRGBD(): 10.4335ms
Frame 1133 end
Average processing time of GrabImageRGBD(): 10.4349ms
Frame 1134 end
Average processing time of GrabImageRGBD(): 10.435ms
Frame 1135 end
Average processing time of GrabImageRGBD(): 10.4336ms
Frame 1136 end
Average processing time of GrabImageRGBD(): 10.4336ms
Frame 1137 end
Average processing time of GrabImageRGBD(): 10.4325ms
Frame 1138 end
Average processing time of GrabImageRGBD(): 10.4573ms
Frame 1139 end
Average processing time of GrabImageRGBD(): 10.4579ms
Frame 1140 end
Average processing time of GrabImageRGBD(): 10.4591ms
Frame 1141 end
Average processing time of GrabImageRGBD(): 10.46ms
Frame 1142 end
Average processing time of GrabImageRGBD(): 10.4608ms
Frame 1143 end
Average processing time of GrabImageRGBD(): 10.463ms
Frame 1144 end
Average processing time of GrabImageRGBD(): 10.4922ms
Frame 1145 end
Average processing time of GrabImageRGBD(): 10.4953ms
Frame 1146 end
Average processing time of GrabImageRGBD(): 10.496ms
Frame 1147 end
Average processing time of GrabImageRGBD(): 10.4964ms
Frame 1148 end
Average processing time of GrabImageRGBD(): 10.4983ms
Frame 1149 end
Average processing time of GrabImageRGBD(): 10.5006ms
Frame 1150 end
Average processing time of GrabImageRGBD(): 10.5277ms
Frame 1151 end
Average processing time of GrabImageRGBD(): 10.5613ms
Frame 1152 end
Average processing time of GrabImageRGBD(): 10.5637ms
Frame 1153 end
Average processing time of GrabImageRGBD(): 10.5647ms
Frame 1154 end
Average processing time of GrabImageRGBD(): 10.5648ms
Frame 1155 end
Average processing time of GrabImageRGBD(): 10.5654ms
Frame 1156 end
Average processing time of GrabImageRGBD(): 10.5664ms
Frame 1157 end
Average processing time of GrabImageRGBD(): 10.5615ms
Frame 1158 end
Average processing time of GrabImageRGBD(): 10.5616ms
Frame 1159 end
Average processing time of GrabImageRGBD(): 10.5618ms
Frame 1160 end
Average processing time of GrabImageRGBD(): 10.5627ms
Frame 1161 end
Average processing time of GrabImageRGBD(): 10.5976ms
Frame 1162 end
Average processing time of GrabImageRGBD(): 10.6006ms
Frame 1163 end
Average processing time of GrabImageRGBD(): 10.6013ms
Frame 1164 end
Average processing time of GrabImageRGBD(): 10.5978ms
Frame 1165 end
Average processing time of GrabImageRGBD(): 10.5984ms
Frame 1166 end
Average processing time of GrabImageRGBD(): 10.5983ms
Frame 1167 end
Average processing time of GrabImageRGBD(): 10.5977ms
Frame 1168 end
Average processing time of GrabImageRGBD(): 10.5979ms
Frame 1169 end
Average processing time of GrabImageRGBD(): 10.5955ms
Frame 1170 end
Average processing time of GrabImageRGBD(): 10.5957ms
Frame 1171 end
Average processing time of GrabImageRGBD(): 10.5933ms
Frame 1172 end
Average processing time of GrabImageRGBD(): 10.5925ms
Frame 1173 end
Average processing time of GrabImageRGBD(): 10.5891ms
Frame 1174 end
Average processing time of GrabImageRGBD(): 10.5884ms
Frame 1175 end
Average processing time of GrabImageRGBD(): 10.5849ms
Frame 1176 end
Average processing time of GrabImageRGBD(): 10.6159ms
Frame 1177 end
Average processing time of GrabImageRGBD(): 10.6175ms
Frame 1178 end
Average processing time of GrabImageRGBD(): 10.6193ms
Frame 1179 end
Average processing time of GrabImageRGBD(): 10.6174ms
Frame 1180 end
Average processing time of GrabImageRGBD(): 10.6181ms
Frame 1181 end
Average processing time of GrabImageRGBD(): 10.6183ms
Frame 1182 end
Average processing time of GrabImageRGBD(): 10.6194ms
Frame 1183 end
Average processing time of GrabImageRGBD(): 10.6217ms
Frame 1184 end
Average processing time of GrabImageRGBD(): 10.627ms
Frame 1185 end
Average processing time of GrabImageRGBD(): 10.6254ms
Frame 1186 end
Average processing time of GrabImageRGBD(): 10.626ms
Frame 1187 end
Average processing time of GrabImageRGBD(): 10.6243ms
Frame 1188 end
Average processing time of GrabImageRGBD(): 10.6245ms
Frame 1189 end
Average processing time of GrabImageRGBD(): 10.6218ms
Frame 1190 end
Average processing time of GrabImageRGBD(): 10.6217ms
Frame 1191 end
Average processing time of GrabImageRGBD(): 10.6459ms
Frame 1192 end
Average processing time of GrabImageRGBD(): 10.647ms
Frame 1193 end
Average processing time of GrabImageRGBD(): 10.6478ms
Frame 1194 end
Average processing time of GrabImageRGBD(): 10.6455ms
Frame 1195 end
Average processing time of GrabImageRGBD(): 10.6463ms
Frame 1196 end
Average processing time of GrabImageRGBD(): 10.6426ms
Frame 1197 end
Average processing time of GrabImageRGBD(): 10.6431ms
Frame 1198 end
Average processing time of GrabImageRGBD(): 10.643ms
Frame 1199 end
Average processing time of GrabImageRGBD(): 10.6416ms
Frame 1200 end
Average processing time of GrabImageRGBD(): 10.6384ms
Frame 1201 end
Average processing time of GrabImageRGBD(): 10.6385ms
Frame 1202 end
Average processing time of GrabImageRGBD(): 10.6402ms
Frame 1203 end
Average processing time of GrabImageRGBD(): 10.6407ms
Frame 1204 end
Average processing time of GrabImageRGBD(): 10.6643ms
Frame 1205 end
Average processing time of GrabImageRGBD(): 10.6669ms
Frame 1206 end
Average processing time of GrabImageRGBD(): 10.6671ms
Frame 1207 end
Average processing time of GrabImageRGBD(): 10.6646ms
Frame 1208 end
Average processing time of GrabImageRGBD(): 10.6647ms
Frame 1209 end
Average processing time of GrabImageRGBD(): 10.6643ms
Frame 1210 end
Average processing time of GrabImageRGBD(): 10.6625ms
Frame 1211 end
Average processing time of GrabImageRGBD(): 10.6622ms
Frame 1212 end
Average processing time of GrabImageRGBD(): 10.6627ms
Frame 1213 end
Average processing time of GrabImageRGBD(): 10.6633ms
Frame 1214 end
Average processing time of GrabImageRGBD(): 10.6638ms
Frame 1215 end
Average processing time of GrabImageRGBD(): 10.6639ms
Frame 1216 end
Average processing time of GrabImageRGBD(): 10.6632ms
Frame 1217 end
Average processing time of GrabImageRGBD(): 10.6616ms
Frame 1218 end
Average processing time of GrabImageRGBD(): 10.6596ms
Frame 1219 end
Average processing time of GrabImageRGBD(): 10.6812ms
Frame 1220 end
Average processing time of GrabImageRGBD(): 10.6827ms
Frame 1221 end
Average processing time of GrabImageRGBD(): 10.6819ms
Frame 1222 end
Average processing time of GrabImageRGBD(): 10.6804ms
Frame 1223 end
Average processing time of GrabImageRGBD(): 10.6803ms
Frame 1224 end
Average processing time of GrabImageRGBD(): 10.6815ms
Frame 1225 end
Average processing time of GrabImageRGBD(): 10.6823ms
Frame 1226 end
Average processing time of GrabImageRGBD(): 10.6831ms
Frame 1227 end
Average processing time of GrabImageRGBD(): 10.6842ms
Frame 1228 end
Average processing time of GrabImageRGBD(): 10.6831ms
Frame 1229 end
Average processing time of GrabImageRGBD(): 10.6838ms
Frame 1230 end
Average processing time of GrabImageRGBD(): 10.6841ms
Frame 1231 end
Average processing time of GrabImageRGBD(): 10.6818ms
Frame 1232 end
Average processing time of GrabImageRGBD(): 10.6809ms
Frame 1233 end
Average processing time of GrabImageRGBD(): 10.676ms
Frame 1234 end
Average processing time of GrabImageRGBD(): 10.6985ms
Frame 1235 end
Average processing time of GrabImageRGBD(): 10.7004ms
Frame 1236 end
Average processing time of GrabImageRGBD(): 10.6959ms
Frame 1237 end
Average processing time of GrabImageRGBD(): 10.6948ms
Frame 1238 end
Average processing time of GrabImageRGBD(): 10.6942ms
Frame 1239 end
Average processing time of GrabImageRGBD(): 10.6944ms
Frame 1240 end
Average processing time of GrabImageRGBD(): 10.6935ms
Frame 1241 end
Average processing time of GrabImageRGBD(): 10.6941ms
Frame 1242 end
Average processing time of GrabImageRGBD(): 10.6937ms
Frame 1243 end
Average processing time of GrabImageRGBD(): 10.692ms
Frame 1244 end
Average processing time of GrabImageRGBD(): 10.6921ms
Frame 1245 end
Average processing time of GrabImageRGBD(): 10.6895ms
Frame 1246 end
Average processing time of GrabImageRGBD(): 10.6875ms
Frame 1247 end
Average processing time of GrabImageRGBD(): 10.7088ms
Frame 1248 end
Average processing time of GrabImageRGBD(): 10.706ms
Frame 1249 end
Average processing time of GrabImageRGBD(): 10.7061ms
Frame 1250 end
Average processing time of GrabImageRGBD(): 10.7037ms
Frame 1251 end
Average processing time of GrabImageRGBD(): 10.7034ms
Frame 1252 end
Average processing time of GrabImageRGBD(): 10.7002ms
Frame 1253 end
Average processing time of GrabImageRGBD(): 10.7007ms
Frame 1254 end
Average processing time of GrabImageRGBD(): 10.7021ms
Frame 1255 end
Average processing time of GrabImageRGBD(): 10.7031ms
Frame 1256 end
Average processing time of GrabImageRGBD(): 10.7034ms
Frame 1257 end
Average processing time of GrabImageRGBD(): 10.7016ms
Frame 1258 end
Average processing time of GrabImageRGBD(): 10.7014ms
Frame 1259 end
Average processing time of GrabImageRGBD(): 10.6991ms
Frame 1260 end
Average processing time of GrabImageRGBD(): 10.6964ms
Frame 1261 end
Average processing time of GrabImageRGBD(): 10.6916ms
Frame 1262 end
Average processing time of GrabImageRGBD(): 10.7221ms
Frame 1263 end
Average processing time of GrabImageRGBD(): 10.723ms
Frame 1264 end
Average processing time of GrabImageRGBD(): 10.7228ms
Frame 1265 end
Average processing time of GrabImageRGBD(): 10.7198ms
Frame 1266 end
Average processing time of GrabImageRGBD(): 10.7195ms
Frame 1267 end
Average processing time of GrabImageRGBD(): 10.7199ms
Frame 1268 end
Average processing time of GrabImageRGBD(): 10.7163ms
Frame 1269 end
Average processing time of GrabImageRGBD(): 10.7127ms
Frame 1270 end
Average processing time of GrabImageRGBD(): 10.7126ms
Frame 1271 end
Average processing time of GrabImageRGBD(): 10.7082ms
Frame 1272 end
Average processing time of GrabImageRGBD(): 10.7052ms
Frame 1273 end
Average processing time of GrabImageRGBD(): 10.7053ms
Frame 1274 end
Average processing time of GrabImageRGBD(): 10.703ms
Frame 1275 end
Average processing time of GrabImageRGBD(): 10.7015ms
Frame 1276 end
Average processing time of GrabImageRGBD(): 10.7021ms
Frame 1277 end
Average processing time of GrabImageRGBD(): 10.7213ms
Frame 1278 end
Average processing time of GrabImageRGBD(): 10.7229ms
Frame 1279 end
Average processing time of GrabImageRGBD(): 10.7215ms
Frame 1280 end
Average processing time of GrabImageRGBD(): 10.7191ms
Frame 1281 end
Average processing time of GrabImageRGBD(): 10.7186ms
Frame 1282 end
Average processing time of GrabImageRGBD(): 10.7167ms
Frame 1283 end
Average processing time of GrabImageRGBD(): 10.7145ms
Frame 1284 end
Average processing time of GrabImageRGBD(): 10.7139ms
Frame 1285 end
Average processing time of GrabImageRGBD(): 10.7136ms
Frame 1286 end
Average processing time of GrabImageRGBD(): 10.7149ms
Frame 1287 end
Average processing time of GrabImageRGBD(): 10.7138ms
Frame 1288 end
Average processing time of GrabImageRGBD(): 10.7118ms
Frame 1289 end
Average processing time of GrabImageRGBD(): 10.7121ms
Frame 1290 end
Average processing time of GrabImageRGBD(): 10.7102ms
Frame 1291 end
Average processing time of GrabImageRGBD(): 10.71ms
Frame 1292 end
Average processing time of GrabImageRGBD(): 10.7088ms
Frame 1293 end
Average processing time of GrabImageRGBD(): 10.7303ms
Frame 1294 end
Average processing time of GrabImageRGBD(): 10.7299ms
Frame 1295 end
Average processing time of GrabImageRGBD(): 10.7295ms
Frame 1296 end
Average processing time of GrabImageRGBD(): 10.7277ms
Frame 1297 end
Average processing time of GrabImageRGBD(): 10.7277ms
Frame 1298 end
Average processing time of GrabImageRGBD(): 10.7287ms
Frame 1299 end
Average processing time of GrabImageRGBD(): 10.725ms
Frame 1300 end
Average processing time of GrabImageRGBD(): 10.7257ms
Frame 1301 end
Average processing time of GrabImageRGBD(): 10.7267ms
Frame 1302 end
Average processing time of GrabImageRGBD(): 10.7226ms
Frame 1303 end
Average processing time of GrabImageRGBD(): 10.7226ms
Frame 1304 end
Average processing time of GrabImageRGBD(): 10.7224ms
Frame 1305 end
Average processing time of GrabImageRGBD(): 10.7224ms
Frame 1306 end
Average processing time of GrabImageRGBD(): 10.7186ms
Frame 1307 end
Average processing time of GrabImageRGBD(): 10.7191ms
Frame 1308 end
Average processing time of GrabImageRGBD(): 10.7398ms
Frame 1309 end
Average processing time of GrabImageRGBD(): 10.7389ms
Frame 1310 end
Average processing time of GrabImageRGBD(): 10.7357ms
Frame 1311 end
Average processing time of GrabImageRGBD(): 10.7339ms
Frame 1312 end
Average processing time of GrabImageRGBD(): 10.7314ms
Frame 1313 end
Average processing time of GrabImageRGBD(): 10.7298ms
Frame 1314 end
Average processing time of GrabImageRGBD(): 10.7293ms
Frame 1315 end
Average processing time of GrabImageRGBD(): 10.7264ms
Frame 1316 end
Average processing time of GrabImageRGBD(): 10.7233ms
Frame 1317 end
Average processing time of GrabImageRGBD(): 10.7242ms
Frame 1318 end
Average processing time of GrabImageRGBD(): 10.7203ms
Frame 1319 end
Average processing time of GrabImageRGBD(): 10.7161ms
Frame 1320 end
Average processing time of GrabImageRGBD(): 10.7131ms
Frame 1321 end
Average processing time of GrabImageRGBD(): 10.7134ms
Frame 1322 end
Average processing time of GrabImageRGBD(): 10.7115ms
Frame 1323 end
Average processing time of GrabImageRGBD(): 10.7092ms
Frame 1324 end
Average processing time of GrabImageRGBD(): 10.7068ms
Frame 1325 end
Average processing time of GrabImageRGBD(): 10.7047ms
Frame 1326 end
Average processing time of GrabImageRGBD(): 10.704ms
Frame 1327 end
Average processing time of GrabImageRGBD(): 10.7036ms
Frame 1328 end
Average processing time of GrabImageRGBD(): 10.7032ms
Frame 1329 end
Average processing time of GrabImageRGBD(): 10.7029ms
Frame 1330 end
Average processing time of GrabImageRGBD(): 10.7023ms
Frame 1331 end
Average processing time of GrabImageRGBD(): 10.7021ms
Frame 1332 end
Average processing time of GrabImageRGBD(): 10.7003ms
Frame 1333 end
Average processing time of GrabImageRGBD(): 10.6987ms
Frame 1334 end
Average processing time of GrabImageRGBD(): 10.6976ms
Frame 1335 end
Average processing time of GrabImageRGBD(): 10.6975ms
Frame 1336 end
Average processing time of GrabImageRGBD(): 10.6957ms
Frame 1337 end
Average processing time of GrabImageRGBD(): 10.694ms
Frame 1338 end
Average processing time of GrabImageRGBD(): 10.7136ms
Frame 1339 end
Average processing time of GrabImageRGBD(): 10.7146ms
Frame 1340 end
Average processing time of GrabImageRGBD(): 10.7131ms
Frame 1341 end
Average processing time of GrabImageRGBD(): 10.7136ms
Frame 1342 end
Average processing time of GrabImageRGBD(): 10.7139ms
Frame 1343 end
Average processing time of GrabImageRGBD(): 10.7153ms
Frame 1344 end
Average processing time of GrabImageRGBD(): 10.7157ms
Frame 1345 end
Average processing time of GrabImageRGBD(): 10.7151ms
Frame 1346 end
Average processing time of GrabImageRGBD(): 10.7143ms
Frame 1347 end
Average processing time of GrabImageRGBD(): 10.7111ms
Frame 1348 end
Average processing time of GrabImageRGBD(): 10.7113ms
Frame 1349 end
Average processing time of GrabImageRGBD(): 10.711ms
Frame 1350 end
Average processing time of GrabImageRGBD(): 10.709ms
Frame 1351 end
Average processing time of GrabImageRGBD(): 10.7083ms
Frame 1352 end
Average processing time of GrabImageRGBD(): 10.7083ms
Frame 1353 end
Average processing time of GrabImageRGBD(): 10.7083ms
Frame 1354 end
Average processing time of GrabImageRGBD(): 10.7282ms
Frame 1355 end
Average processing time of GrabImageRGBD(): 10.7281ms
Frame 1356 end
Average processing time of GrabImageRGBD(): 10.7249ms
Frame 1357 end
Average processing time of GrabImageRGBD(): 10.7252ms
Frame 1358 end
Average processing time of GrabImageRGBD(): 10.7252ms
Frame 1359 end
Average processing time of GrabImageRGBD(): 10.7253ms
Frame 1360 end
Average processing time of GrabImageRGBD(): 10.7236ms
Frame 1361 end
Average processing time of GrabImageRGBD(): 10.7229ms
Frame 1362 end
Average processing time of GrabImageRGBD(): 10.7212ms
Frame 1363 end
Average processing time of GrabImageRGBD(): 10.7211ms
Frame 1364 end
Average processing time of GrabImageRGBD(): 10.7216ms
Frame 1365 end
Average processing time of GrabImageRGBD(): 10.7216ms
Frame 1366 end
Average processing time of GrabImageRGBD(): 10.7214ms
Frame 1367 end
Average processing time of GrabImageRGBD(): 10.7208ms
Frame 1368 end
Average processing time of GrabImageRGBD(): 10.7224ms
Frame 1369 end
Average processing time of GrabImageRGBD(): 10.7421ms
Frame 1370 end
Average processing time of GrabImageRGBD(): 10.7432ms
Frame 1371 end
Average processing time of GrabImageRGBD(): 10.7406ms
Frame 1372 end
Average processing time of GrabImageRGBD(): 10.7406ms
Frame 1373 end
Average processing time of GrabImageRGBD(): 10.7384ms
Frame 1374 end
Average processing time of GrabImageRGBD(): 10.737ms
Frame 1375 end
Average processing time of GrabImageRGBD(): 10.736ms
Frame 1376 end
Average processing time of GrabImageRGBD(): 10.7332ms
Frame 1377 end
Average processing time of GrabImageRGBD(): 10.733ms
Frame 1378 end
Average processing time of GrabImageRGBD(): 10.733ms
Frame 1379 end
Average processing time of GrabImageRGBD(): 10.7319ms
Frame 1380 end
Average processing time of GrabImageRGBD(): 10.7304ms
Frame 1381 end
Average processing time of GrabImageRGBD(): 10.7291ms
Frame 1382 end
Average processing time of GrabImageRGBD(): 10.7272ms
Frame 1383 end
Average processing time of GrabImageRGBD(): 10.7252ms
Frame 1384 end
Average processing time of GrabImageRGBD(): 10.7217ms
Frame 1385 end
Average processing time of GrabImageRGBD(): 10.7206ms
Frame 1386 end
Average processing time of GrabImageRGBD(): 10.7388ms
Frame 1387 end
Average processing time of GrabImageRGBD(): 10.7396ms
Frame 1388 end
Average processing time of GrabImageRGBD(): 10.7393ms
Frame 1389 end
Average processing time of GrabImageRGBD(): 10.7395ms
Frame 1390 end
Average processing time of GrabImageRGBD(): 10.7398ms
Frame 1391 end
Average processing time of GrabImageRGBD(): 10.7388ms
Frame 1392 end
Average processing time of GrabImageRGBD(): 10.738ms
Frame 1393 end
Average processing time of GrabImageRGBD(): 10.738ms
Frame 1394 end
Average processing time of GrabImageRGBD(): 10.7378ms
Frame 1395 end
Average processing time of GrabImageRGBD(): 10.738ms
Frame 1396 end
Average processing time of GrabImageRGBD(): 10.7375ms
Frame 1397 end
Average processing time of GrabImageRGBD(): 10.7359ms
Frame 1398 end
Average processing time of GrabImageRGBD(): 10.7329ms
Frame 1399 end
Average processing time of GrabImageRGBD(): 10.7316ms
Frame 1400 end
Average processing time of GrabImageRGBD(): 10.7307ms
Frame 1401 end
Average processing time of GrabImageRGBD(): 10.729ms
Frame 1402 end
Average processing time of GrabImageRGBD(): 10.7264ms
Frame 1403 end
Average processing time of GrabImageRGBD(): 10.7451ms
Frame 1404 end
Average processing time of GrabImageRGBD(): 10.7455ms
Frame 1405 end
Average processing time of GrabImageRGBD(): 10.746ms
Frame 1406 end
Average processing time of GrabImageRGBD(): 10.7444ms
Frame 1407 end
Average processing time of GrabImageRGBD(): 10.7438ms
Frame 1408 end
Average processing time of GrabImageRGBD(): 10.7431ms
Frame 1409 end
Average processing time of GrabImageRGBD(): 10.7422ms
Frame 1410 end
Average processing time of GrabImageRGBD(): 10.7416ms
Frame 1411 end
Average processing time of GrabImageRGBD(): 10.7394ms
Frame 1412 end
Average processing time of GrabImageRGBD(): 10.7373ms
Frame 1413 end
Average processing time of GrabImageRGBD(): 10.7348ms
Frame 1414 end
Average processing time of GrabImageRGBD(): 10.7333ms
Frame 1415 end
Average processing time of GrabImageRGBD(): 10.7318ms
Frame 1416 end
Average processing time of GrabImageRGBD(): 10.7313ms
Frame 1417 end
Average processing time of GrabImageRGBD(): 10.7287ms
Frame 1418 end
Average processing time of GrabImageRGBD(): 10.7262ms
Frame 1419 end
Average processing time of GrabImageRGBD(): 10.7257ms
Frame 1420 end
Average processing time of GrabImageRGBD(): 10.7447ms
Frame 1421 end
Average processing time of GrabImageRGBD(): 10.7457ms
Frame 1422 end
Average processing time of GrabImageRGBD(): 10.7444ms
Frame 1423 end
Average processing time of GrabImageRGBD(): 10.7427ms
Frame 1424 end
Average processing time of GrabImageRGBD(): 10.7417ms
Frame 1425 end
Average processing time of GrabImageRGBD(): 10.7405ms
Frame 1426 end
Average processing time of GrabImageRGBD(): 10.7408ms
Frame 1427 end
Average processing time of GrabImageRGBD(): 10.7402ms
Frame 1428 end
Average processing time of GrabImageRGBD(): 10.7401ms
Frame 1429 end
Average processing time of GrabImageRGBD(): 10.7386ms
Frame 1430 end
Average processing time of GrabImageRGBD(): 10.7372ms
Frame 1431 end
Average processing time of GrabImageRGBD(): 10.7371ms
Frame 1432 end
Average processing time of GrabImageRGBD(): 10.7361ms
Frame 1433 end
Average processing time of GrabImageRGBD(): 10.736ms
Frame 1434 end
Average processing time of GrabImageRGBD(): 10.7361ms
Frame 1435 end
Average processing time of GrabImageRGBD(): 10.7356ms
Frame 1436 end
Average processing time of GrabImageRGBD(): 10.734ms
Frame 1437 end
Average processing time of GrabImageRGBD(): 10.7334ms
Frame 1438 end
Average processing time of GrabImageRGBD(): 10.7538ms
Frame 1439 end
Average processing time of GrabImageRGBD(): 10.7545ms
Frame 1440 end
Average processing time of GrabImageRGBD(): 10.7535ms
Frame 1441 end
Average processing time of GrabImageRGBD(): 10.7533ms
Frame 1442 end
Average processing time of GrabImageRGBD(): 10.7508ms
Frame 1443 end
Average processing time of GrabImageRGBD(): 10.7508ms
Frame 1444 end
Average processing time of GrabImageRGBD(): 10.7514ms
Frame 1445 end
Average processing time of GrabImageRGBD(): 10.7513ms
Frame 1446 end
Average processing time of GrabImageRGBD(): 10.7511ms
Frame 1447 end
Average processing time of GrabImageRGBD(): 10.751ms
Frame 1448 end
Average processing time of GrabImageRGBD(): 10.7509ms
Frame 1449 end
Average processing time of GrabImageRGBD(): 10.7503ms
Frame 1450 end
Average processing time of GrabImageRGBD(): 10.7502ms
Frame 1451 end
Average processing time of GrabImageRGBD(): 10.7501ms
Frame 1452 end
Average processing time of GrabImageRGBD(): 10.7502ms
Frame 1453 end
Average processing time of GrabImageRGBD(): 10.7491ms
Frame 1454 end
Average processing time of GrabImageRGBD(): 10.7494ms
Frame 1455 end
Average processing time of GrabImageRGBD(): 10.7501ms
Frame 1456 end
Average processing time of GrabImageRGBD(): 10.7492ms
Frame 1457 end
Average processing time of GrabImageRGBD(): 10.7465ms
Frame 1458 end
Average processing time of GrabImageRGBD(): 10.7452ms
Frame 1459 end
Average processing time of GrabImageRGBD(): 10.7637ms
Frame 1460 end
Average processing time of GrabImageRGBD(): 10.765ms
Frame 1461 end
Average processing time of GrabImageRGBD(): 10.7647ms
Frame 1462 end
Average processing time of GrabImageRGBD(): 10.7649ms
Frame 1463 end
Average processing time of GrabImageRGBD(): 10.7643ms
Frame 1464 end
Average processing time of GrabImageRGBD(): 10.7648ms
Frame 1465 end
Average processing time of GrabImageRGBD(): 10.7627ms
Frame 1466 end
Average processing time of GrabImageRGBD(): 10.7628ms
Frame 1467 end
Average processing time of GrabImageRGBD(): 10.7629ms
Frame 1468 end
Average processing time of GrabImageRGBD(): 10.7631ms
Frame 1469 end
Average processing time of GrabImageRGBD(): 10.7621ms
Frame 1470 end
Average processing time of GrabImageRGBD(): 10.7613ms
Frame 1471 end
Average processing time of GrabImageRGBD(): 10.761ms
Frame 1472 end
Average processing time of GrabImageRGBD(): 10.7589ms
Frame 1473 end
Average processing time of GrabImageRGBD(): 10.7585ms
Frame 1474 end
Average processing time of GrabImageRGBD(): 10.7571ms
Frame 1475 end
Average processing time of GrabImageRGBD(): 10.7559ms
Frame 1476 end
Average processing time of GrabImageRGBD(): 10.7558ms
Frame 1477 end
Average processing time of GrabImageRGBD(): 10.7556ms
Frame 1478 end
Average processing time of GrabImageRGBD(): 10.7747ms
Frame 1479 end
Average processing time of GrabImageRGBD(): 10.7763ms
Frame 1480 end
Average processing time of GrabImageRGBD(): 10.7767ms
Frame 1481 end
Average processing time of GrabImageRGBD(): 10.7755ms
Frame 1482 end
Average processing time of GrabImageRGBD(): 10.776ms
Frame 1483 end
Average processing time of GrabImageRGBD(): 10.7761ms
Frame 1484 end
Average processing time of GrabImageRGBD(): 10.775ms
Frame 1485 end
Average processing time of GrabImageRGBD(): 10.7762ms
Frame 1486 end
Average processing time of GrabImageRGBD(): 10.7764ms
Frame 1487 end
Average processing time of GrabImageRGBD(): 10.7765ms
Frame 1488 end
Average processing time of GrabImageRGBD(): 10.7746ms
Frame 1489 end
Average processing time of GrabImageRGBD(): 10.7747ms
Frame 1490 end
Average processing time of GrabImageRGBD(): 10.7747ms
Frame 1491 end
Average processing time of GrabImageRGBD(): 10.7746ms
Frame 1492 end
Average processing time of GrabImageRGBD(): 10.7734ms
Frame 1493 end
Average processing time of GrabImageRGBD(): 10.7722ms
Frame 1494 end
Average processing time of GrabImageRGBD(): 10.7712ms
Frame 1495 end
Average processing time of GrabImageRGBD(): 10.7709ms
Frame 1496 end
Average processing time of GrabImageRGBD(): 10.7905ms
Frame 1497 end
Average processing time of GrabImageRGBD(): 10.7906ms
Frame 1498 end
Average processing time of GrabImageRGBD(): 10.7909ms
Frame 1499 end
Average processing time of GrabImageRGBD(): 10.79ms
Frame 1500 end
Average processing time of GrabImageRGBD(): 10.7891ms
Frame 1501 end
Average processing time of GrabImageRGBD(): 10.789ms
Frame 1502 end
Average processing time of GrabImageRGBD(): 10.8079ms
Frame 1503 end
Average processing time of GrabImageRGBD(): 10.8092ms
Frame 1504 end
Average processing time of GrabImageRGBD(): 10.8093ms
Frame 1505 end
Average processing time of GrabImageRGBD(): 10.8281ms
Frame 1506 end
Average processing time of GrabImageRGBD(): 10.8279ms
Frame 1507 end
Average processing time of GrabImageRGBD(): 10.8278ms
Frame 1508 end
Average processing time of GrabImageRGBD(): 10.8281ms
Frame 1509 end
Average processing time of GrabImageRGBD(): 10.8274ms
Frame 1510 end
Average processing time of GrabImageRGBD(): 10.8273ms
Frame 1511 end
Average processing time of GrabImageRGBD(): 10.8287ms
Frame 1512 end
Average processing time of GrabImageRGBD(): 10.8301ms
Frame 1513 end
Average processing time of GrabImageRGBD(): 10.8273ms
Frame 1514 end
Average processing time of GrabImageRGBD(): 10.8468ms
Frame 1515 end
Average processing time of GrabImageRGBD(): 10.849ms
Frame 1516 end
Average processing time of GrabImageRGBD(): 10.8502ms
Frame 1517 end
Average processing time of GrabImageRGBD(): 10.8502ms
Frame 1518 end
Average processing time of GrabImageRGBD(): 10.8501ms
Frame 1519 end
Average processing time of GrabImageRGBD(): 10.8505ms
Frame 1520 end
Average processing time of GrabImageRGBD(): 10.8511ms
Frame 1521 end
Average processing time of GrabImageRGBD(): 10.8489ms
Frame 1522 end
Average processing time of GrabImageRGBD(): 10.8497ms
Frame 1523 end
Average processing time of GrabImageRGBD(): 10.8502ms
Frame 1524 end
Average processing time of GrabImageRGBD(): 10.8499ms
Frame 1525 end
Average processing time of GrabImageRGBD(): 10.8476ms
Frame 1526 end
Average processing time of GrabImageRGBD(): 10.8461ms
Frame 1527 end
Average processing time of GrabImageRGBD(): 10.8458ms
Frame 1528 end
Average processing time of GrabImageRGBD(): 10.8619ms
Frame 1529 end
Average processing time of GrabImageRGBD(): 10.8609ms
Frame 1530 end
Average processing time of GrabImageRGBD(): 10.8778ms
Frame 1531 end
Average processing time of GrabImageRGBD(): 10.8961ms
Frame 1532 end
Average processing time of GrabImageRGBD(): 10.9152ms
Frame 1533 end
Average processing time of GrabImageRGBD(): 10.9162ms
Frame 1534 end
Average processing time of GrabImageRGBD(): 10.9161ms
Frame 1535 end
Average processing time of GrabImageRGBD(): 10.9166ms
Frame 1536 end
Average processing time of GrabImageRGBD(): 10.9174ms
Frame 1537 end
Average processing time of GrabImageRGBD(): 10.9172ms
Frame 1538 end
Average processing time of GrabImageRGBD(): 10.9171ms
Frame 1539 end
Average processing time of GrabImageRGBD(): 10.9335ms
Frame 1540 end
Average processing time of GrabImageRGBD(): 10.96ms
Frame 1541 end
Average processing time of GrabImageRGBD(): 10.9804ms
Frame 1542 end
Average processing time of GrabImageRGBD(): 11.0001ms
Frame 1543 end
Average processing time of GrabImageRGBD(): 11.0008ms
Frame 1544 end
Average processing time of GrabImageRGBD(): 10.9977ms
Frame 1545 end
Average processing time of GrabImageRGBD(): 10.9967ms
Frame 1546 end
Average processing time of GrabImageRGBD(): 10.9968ms
Frame 1547 end
Average processing time of GrabImageRGBD(): 11.017ms
Frame 1548 end
Average processing time of GrabImageRGBD(): 11.0181ms
Frame 1549 end
Average processing time of GrabImageRGBD(): 11.0417ms
Frame 1550 end
Average processing time of GrabImageRGBD(): 11.0638ms
Frame 1551 end
Average processing time of GrabImageRGBD(): 11.0651ms
Frame 1552 end
Average processing time of GrabImageRGBD(): 11.0651ms
Frame 1553 end
Average processing time of GrabImageRGBD(): 11.0666ms
Frame 1554 end
Average processing time of GrabImageRGBD(): 11.0665ms
Frame 1555 end
Average processing time of GrabImageRGBD(): 11.0664ms
Frame 1556 end
Average processing time of GrabImageRGBD(): 11.0671ms
Frame 1557 end
Average processing time of GrabImageRGBD(): 11.0676ms
Frame 1558 end
Average processing time of GrabImageRGBD(): 11.0689ms
Frame 1559 end
Average processing time of GrabImageRGBD(): 11.0694ms
Frame 1560 end
Average processing time of GrabImageRGBD(): 11.0691ms
Frame 1561 end
Average processing time of GrabImageRGBD(): 11.0669ms
Frame 1562 end
Average processing time of GrabImageRGBD(): 11.0668ms
Frame 1563 end
Average processing time of GrabImageRGBD(): 11.067ms
Frame 1564 end
Average processing time of GrabImageRGBD(): 11.0671ms
Frame 1565 end
Average processing time of GrabImageRGBD(): 11.0677ms
Frame 1566 end
Average processing time of GrabImageRGBD(): 11.068ms
Frame 1567 end
Average processing time of GrabImageRGBD(): 11.0683ms
Frame 1568 end
Average processing time of GrabImageRGBD(): 11.0687ms
Frame 1569 end
Average processing time of GrabImageRGBD(): 11.0695ms
Frame 1570 end
Average processing time of GrabImageRGBD(): 11.0702ms
Frame 1571 end
Average processing time of GrabImageRGBD(): 11.0711ms
Frame 1572 end
Average processing time of GrabImageRGBD(): 11.0706ms
Frame 1573 end
Average processing time of GrabImageRGBD(): 11.0708ms
Frame 1574 end
Average processing time of GrabImageRGBD(): 11.0888ms
Frame 1575 end
Average processing time of GrabImageRGBD(): 11.1082ms
Frame 1576 end
Average processing time of GrabImageRGBD(): 11.1284ms
Frame 1577 end
Average processing time of GrabImageRGBD(): 11.1298ms
Frame 1578 end
Average processing time of GrabImageRGBD(): 11.1299ms
Frame 1579 end
Average processing time of GrabImageRGBD(): 11.1302ms
Frame 1580 end
Average processing time of GrabImageRGBD(): 11.1304ms
Frame 1581 end
Average processing time of GrabImageRGBD(): 11.1302ms
Frame 1582 end
Average processing time of GrabImageRGBD(): 11.13ms
Frame 1583 end
Average processing time of GrabImageRGBD(): 11.1493ms
Frame 1584 end
Average processing time of GrabImageRGBD(): 11.1702ms
Frame 1585 end
Average processing time of GrabImageRGBD(): 11.17ms
Frame 1586 end
Average processing time of GrabImageRGBD(): 11.1882ms
Frame 1587 end
Average processing time of GrabImageRGBD(): 11.1898ms
Frame 1588 end
Average processing time of GrabImageRGBD(): 11.1897ms
Frame 1589 end
Average processing time of GrabImageRGBD(): 11.1901ms
Frame 1590 end
Average processing time of GrabImageRGBD(): 11.1906ms
Frame 1591 end
Average processing time of GrabImageRGBD(): 11.1888ms
Frame 1592 end
Average processing time of GrabImageRGBD(): 11.1894ms
Frame 1593 end
Average processing time of GrabImageRGBD(): 11.1896ms
Frame 1594 end
Average processing time of GrabImageRGBD(): 11.1895ms
Frame 1595 end
Average processing time of GrabImageRGBD(): 11.2072ms
Frame 1596 end
Average processing time of GrabImageRGBD(): 11.2088ms
Frame 1597 end
Average processing time of GrabImageRGBD(): 11.2079ms
Frame 1598 end
Average processing time of GrabImageRGBD(): 11.2081ms
Frame 1599 end
Average processing time of GrabImageRGBD(): 11.2091ms
Frame 1600 end
Average processing time of GrabImageRGBD(): 11.2091ms
Frame 1601 end
Average processing time of GrabImageRGBD(): 11.2094ms
Frame 1602 end
Average processing time of GrabImageRGBD(): 11.21ms
Frame 1603 end
Average processing time of GrabImageRGBD(): 11.2095ms
Frame 1604 end
Average processing time of GrabImageRGBD(): 11.2101ms
Frame 1605 end
Average processing time of GrabImageRGBD(): 11.2111ms
Frame 1606 end
Average processing time of GrabImageRGBD(): 11.2112ms
Frame 1607 end
Average processing time of GrabImageRGBD(): 11.211ms
Frame 1608 end
Average processing time of GrabImageRGBD(): 11.2101ms
Frame 1609 end
Average processing time of GrabImageRGBD(): 11.2097ms
Frame 1610 end
Average processing time of GrabImageRGBD(): 11.2092ms
Frame 1611 end
Average processing time of GrabImageRGBD(): 11.2075ms
Frame 1612 end
Average processing time of GrabImageRGBD(): 11.2075ms
Frame 1613 end
Average processing time of GrabImageRGBD(): 11.2071ms
Frame 1614 end
Average processing time of GrabImageRGBD(): 11.207ms
Frame 1615 end
Average processing time of GrabImageRGBD(): 11.206ms
Frame 1616 end
Average processing time of GrabImageRGBD(): 11.206ms
Frame 1617 end
Average processing time of GrabImageRGBD(): 11.206ms
Frame 1618 end
Average processing time of GrabImageRGBD(): 11.2074ms
Frame 1619 end
Average processing time of GrabImageRGBD(): 11.2074ms
Frame 1620 end
Average processing time of GrabImageRGBD(): 11.2078ms
Frame 1621 end
Average processing time of GrabImageRGBD(): 11.208ms
Frame 1622 end
Average processing time of GrabImageRGBD(): 11.2079ms
Frame 1623 end
Average processing time of GrabImageRGBD(): 11.2071ms
Frame 1624 end
Average processing time of GrabImageRGBD(): 11.2238ms
Frame 1625 end
Average processing time of GrabImageRGBD(): 11.2245ms
Frame 1626 end
Average processing time of GrabImageRGBD(): 11.2227ms
Frame 1627 end
Average processing time of GrabImageRGBD(): 11.2225ms
Frame 1628 end
Average processing time of GrabImageRGBD(): 11.2212ms
Frame 1629 end
Average processing time of GrabImageRGBD(): 11.2402ms
Frame 1630 end
Average processing time of GrabImageRGBD(): 11.2423ms
Frame 1631 end
Average processing time of GrabImageRGBD(): 11.2424ms
Frame 1632 end
Average processing time of GrabImageRGBD(): 11.2425ms
Frame 1633 end
Average processing time of GrabImageRGBD(): 11.2606ms
Frame 1634 end
Average processing time of GrabImageRGBD(): 11.2607ms
Frame 1635 end
Average processing time of GrabImageRGBD(): 11.2607ms
Frame 1636 end
Average processing time of GrabImageRGBD(): 11.2607ms
Frame 1637 end
Average processing time of GrabImageRGBD(): 11.2614ms
Frame 1638 end
Average processing time of GrabImageRGBD(): 11.2621ms
Frame 1639 end
Average processing time of GrabImageRGBD(): 11.2617ms
Frame 1640 end
Average processing time of GrabImageRGBD(): 11.2618ms
Frame 1641 end
Average processing time of GrabImageRGBD(): 11.262ms
Frame 1642 end
Average processing time of GrabImageRGBD(): 11.2613ms
Frame 1643 end
Average processing time of GrabImageRGBD(): 11.2609ms
Frame 1644 end
Average processing time of GrabImageRGBD(): 11.2591ms
Frame 1645 end
Average processing time of GrabImageRGBD(): 11.2589ms
Frame 1646 end
Average processing time of GrabImageRGBD(): 11.2583ms
Frame 1647 end
Average processing time of GrabImageRGBD(): 11.2575ms
Frame 1648 end
Average processing time of GrabImageRGBD(): 11.256ms
Frame 1649 end
Average processing time of GrabImageRGBD(): 11.2558ms
Frame 1650 end
Average processing time of GrabImageRGBD(): 11.2556ms
Frame 1651 end
Average processing time of GrabImageRGBD(): 11.2553ms
Frame 1652 end
Average processing time of GrabImageRGBD(): 11.2551ms
Frame 1653 end
Average processing time of GrabImageRGBD(): 11.2544ms
Frame 1654 end
Average processing time of GrabImageRGBD(): 11.2535ms
Frame 1655 end
Average processing time of GrabImageRGBD(): 11.2536ms
Frame 1656 end
Average processing time of GrabImageRGBD(): 11.2712ms
Frame 1657 end
Average processing time of GrabImageRGBD(): 11.2973ms
Frame 1658 end
Average processing time of GrabImageRGBD(): 11.2986ms
Frame 1659 end
Average processing time of GrabImageRGBD(): 11.2979ms
Frame 1660 end
Average processing time of GrabImageRGBD(): 11.2977ms
Frame 1661 end
Average processing time of GrabImageRGBD(): 11.3174ms
Frame 1662 end
Average processing time of GrabImageRGBD(): 11.3198ms
Frame 1663 end
Average processing time of GrabImageRGBD(): 11.3206ms
Frame 1664 end
Average processing time of GrabImageRGBD(): 11.3215ms
Frame 1665 end
Average processing time of GrabImageRGBD(): 11.3206ms
Frame 1666 end
Average processing time of GrabImageRGBD(): 11.3203ms
Frame 1667 end
Average processing time of GrabImageRGBD(): 11.3203ms
Frame 1668 end
Average processing time of GrabImageRGBD(): 11.3208ms
Frame 1669 end
Average processing time of GrabImageRGBD(): 11.3205ms
Frame 1670 end
Average processing time of GrabImageRGBD(): 11.3211ms
Frame 1671 end
Average processing time of GrabImageRGBD(): 11.322ms
Frame 1672 end
Average processing time of GrabImageRGBD(): 11.322ms
Frame 1673 end
Average processing time of GrabImageRGBD(): 11.3216ms
Frame 1674 end
Average processing time of GrabImageRGBD(): 11.3217ms
Frame 1675 end
Average processing time of GrabImageRGBD(): 11.3219ms
Frame 1676 end
Average processing time of GrabImageRGBD(): 11.3384ms
Frame 1677 end
Average processing time of GrabImageRGBD(): 11.3592ms
Frame 1678 end
Average processing time of GrabImageRGBD(): 11.3796ms
Frame 1679 end
Average processing time of GrabImageRGBD(): 11.3979ms
Frame 1680 end
Average processing time of GrabImageRGBD(): 11.3978ms
Frame 1681 end
Average processing time of GrabImageRGBD(): 11.4153ms
Frame 1682 end
Average processing time of GrabImageRGBD(): 11.4169ms
Frame 1683 end
Average processing time of GrabImageRGBD(): 11.417ms
Frame 1684 end
Average processing time of GrabImageRGBD(): 11.435ms
Frame 1685 end
Average processing time of GrabImageRGBD(): 11.4532ms
Frame 1686 end
Average processing time of GrabImageRGBD(): 11.4731ms
Frame 1687 end
Average processing time of GrabImageRGBD(): 11.4914ms
Frame 1688 end
Average processing time of GrabImageRGBD(): 11.4929ms
Frame 1689 end
Average processing time of GrabImageRGBD(): 11.4929ms
Frame 1690 end
Average processing time of GrabImageRGBD(): 11.4927ms
Frame 1691 end
Average processing time of GrabImageRGBD(): 11.4925ms
Frame 1692 end
Average processing time of GrabImageRGBD(): 11.4925ms
Frame 1693 end
Average processing time of GrabImageRGBD(): 11.4927ms
Frame 1694 end
Average processing time of GrabImageRGBD(): 11.493ms
Frame 1695 end
Average processing time of GrabImageRGBD(): 11.4931ms
Frame 1696 end
Average processing time of GrabImageRGBD(): 11.4929ms
Frame 1697 end
Average processing time of GrabImageRGBD(): 11.4928ms
Frame 1698 end
Average processing time of GrabImageRGBD(): 11.4925ms
Frame 1699 end
Average processing time of GrabImageRGBD(): 11.4914ms
Frame 1700 end
Average processing time of GrabImageRGBD(): 11.5116ms
Frame 1701 end
Average processing time of GrabImageRGBD(): 11.5136ms
Frame 1702 end
Average processing time of GrabImageRGBD(): 11.5136ms
Frame 1703 end
Average processing time of GrabImageRGBD(): 11.5129ms
Frame 1704 end
Average processing time of GrabImageRGBD(): 11.5132ms
Frame 1705 end
Average processing time of GrabImageRGBD(): 11.5127ms
Frame 1706 end
Average processing time of GrabImageRGBD(): 11.5123ms
Frame 1707 end
Average processing time of GrabImageRGBD(): 11.5124ms
Frame 1708 end
Average processing time of GrabImageRGBD(): 11.5127ms
Frame 1709 end
Average processing time of GrabImageRGBD(): 11.5127ms
Frame 1710 end
Average processing time of GrabImageRGBD(): 11.5302ms
Frame 1711 end
Average processing time of GrabImageRGBD(): 11.5312ms
Frame 1712 end
Average processing time of GrabImageRGBD(): 11.5317ms
Frame 1713 end
Average processing time of GrabImageRGBD(): 11.5301ms
Frame 1714 end
Average processing time of GrabImageRGBD(): 11.5296ms
Frame 1715 end
Average processing time of GrabImageRGBD(): 11.5461ms
Frame 1716 end
Average processing time of GrabImageRGBD(): 11.547ms
Frame 1717 end
Average processing time of GrabImageRGBD(): 11.5469ms
Frame 1718 end
Average processing time of GrabImageRGBD(): 11.5669ms
Frame 1719 end
Average processing time of GrabImageRGBD(): 11.569ms
Frame 1720 end
Average processing time of GrabImageRGBD(): 11.569ms
Frame 1721 end
Average processing time of GrabImageRGBD(): 11.5697ms
Frame 1722 end
Average processing time of GrabImageRGBD(): 11.5692ms
Frame 1723 end
Average processing time of GrabImageRGBD(): 11.5685ms
Frame 1724 end
Average processing time of GrabImageRGBD(): 11.5686ms
Frame 1725 end
Average processing time of GrabImageRGBD(): 11.5685ms
Frame 1726 end
Average processing time of GrabImageRGBD(): 11.569ms
Frame 1727 end
Average processing time of GrabImageRGBD(): 11.5869ms
Frame 1728 end
Average processing time of GrabImageRGBD(): 11.5884ms
Frame 1729 end
Average processing time of GrabImageRGBD(): 11.5872ms
Frame 1730 end
Average processing time of GrabImageRGBD(): 11.5882ms
Frame 1731 end
Average processing time of GrabImageRGBD(): 11.5879ms
Frame 1732 end
Average processing time of GrabImageRGBD(): 11.587ms
Frame 1733 end
Average processing time of GrabImageRGBD(): 11.6131ms
Frame 1734 end
Average processing time of GrabImageRGBD(): 11.6138ms
Frame 1735 end
Average processing time of GrabImageRGBD(): 11.614ms
Frame 1736 end
Average processing time of GrabImageRGBD(): 11.614ms
Frame 1737 end
Average processing time of GrabImageRGBD(): 11.6122ms
Frame 1738 end
Average processing time of GrabImageRGBD(): 11.612ms
Frame 1739 end
Average processing time of GrabImageRGBD(): 11.6133ms
Frame 1740 end
Average processing time of GrabImageRGBD(): 11.631ms
Frame 1741 end
Average processing time of GrabImageRGBD(): 11.634ms
Frame 1742 end
Average processing time of GrabImageRGBD(): 11.6344ms
Frame 1743 end
Average processing time of GrabImageRGBD(): 11.6354ms
Frame 1744 end
Average processing time of GrabImageRGBD(): 11.6349ms
Frame 1745 end
Average processing time of GrabImageRGBD(): 11.6352ms
Frame 1746 end
Average processing time of GrabImageRGBD(): 11.6345ms
Frame 1747 end
Average processing time of GrabImageRGBD(): 11.6531ms
Frame 1748 end
Average processing time of GrabImageRGBD(): 11.6548ms
Frame 1749 end
Average processing time of GrabImageRGBD(): 11.6549ms
Frame 1750 end
Average processing time of GrabImageRGBD(): 11.6544ms
Frame 1751 end
Average processing time of GrabImageRGBD(): 11.6566ms
Frame 1752 end
Average processing time of GrabImageRGBD(): 11.6587ms
Frame 1753 end
Average processing time of GrabImageRGBD(): 11.6581ms
Frame 1754 end
Average processing time of GrabImageRGBD(): 11.6594ms
Frame 1755 end
Average processing time of GrabImageRGBD(): 11.6591ms
Frame 1756 end
Average processing time of GrabImageRGBD(): 11.6595ms
Frame 1757 end
Average processing time of GrabImageRGBD(): 11.6598ms
Frame 1758 end
Average processing time of GrabImageRGBD(): 11.6762ms
Frame 1759 end
Average processing time of GrabImageRGBD(): 11.6774ms
Frame 1760 end
Average processing time of GrabImageRGBD(): 11.6782ms
Frame 1761 end
Average processing time of GrabImageRGBD(): 11.6775ms
Frame 1762 end
Average processing time of GrabImageRGBD(): 11.6754ms
Frame 1763 end
Average processing time of GrabImageRGBD(): 11.6755ms
Frame 1764 end
Average processing time of GrabImageRGBD(): 11.6755ms
Frame 1765 end
Average processing time of GrabImageRGBD(): 11.6752ms
Frame 1766 end
Average processing time of GrabImageRGBD(): 11.6738ms
Frame 1767 end
Average processing time of GrabImageRGBD(): 11.6745ms
Frame 1768 end
Average processing time of GrabImageRGBD(): 11.6892ms
Frame 1769 end
Average processing time of GrabImageRGBD(): 11.6903ms
Frame 1770 end
Average processing time of GrabImageRGBD(): 11.6898ms
Frame 1771 end
Average processing time of GrabImageRGBD(): 11.7053ms
Frame 1772 end
Average processing time of GrabImageRGBD(): 11.7067ms
Frame 1773 end
Average processing time of GrabImageRGBD(): 11.7067ms
Frame 1774 end
Average processing time of GrabImageRGBD(): 11.7062ms
Frame 1775 end
Average processing time of GrabImageRGBD(): 11.7058ms
Frame 1776 end
Average processing time of GrabImageRGBD(): 11.7052ms
Frame 1777 end
Average processing time of GrabImageRGBD(): 11.7034ms
Frame 1778 end
Average processing time of GrabImageRGBD(): 11.7016ms
Frame 1779 end
Average processing time of GrabImageRGBD(): 11.7167ms
Frame 1780 end
Average processing time of GrabImageRGBD(): 11.718ms
Frame 1781 end
Average processing time of GrabImageRGBD(): 11.717ms
Frame 1782 end
Average processing time of GrabImageRGBD(): 11.7168ms
Frame 1783 end
Average processing time of GrabImageRGBD(): 11.7307ms
Frame 1784 end
Average processing time of GrabImageRGBD(): 11.7323ms
Frame 1785 end
Average processing time of GrabImageRGBD(): 11.7317ms
Frame 1786 end
Average processing time of GrabImageRGBD(): 11.7305ms
Frame 1787 end
Average processing time of GrabImageRGBD(): 11.7453ms
Frame 1788 end
Average processing time of GrabImageRGBD(): 11.7462ms
Frame 1789 end
Average processing time of GrabImageRGBD(): 11.7455ms
Frame 1790 end
Average processing time of GrabImageRGBD(): 11.7449ms
Frame 1791 end
Average processing time of GrabImageRGBD(): 11.7426ms
Frame 1792 end
Average processing time of GrabImageRGBD(): 11.7422ms
Frame 1793 end
Average processing time of GrabImageRGBD(): 11.7419ms
Frame 1794 end
Average processing time of GrabImageRGBD(): 11.7422ms
Frame 1795 end
Average processing time of GrabImageRGBD(): 11.7417ms
Frame 1796 end
Average processing time of GrabImageRGBD(): 11.7577ms
Frame 1797 end
Average processing time of GrabImageRGBD(): 11.7584ms
Frame 1798 end
Average processing time of GrabImageRGBD(): 11.7585ms
Frame 1799 end
Average processing time of GrabImageRGBD(): 11.759ms
Frame 1800 end
Average processing time of GrabImageRGBD(): 11.7575ms
Frame 1801 end
Average processing time of GrabImageRGBD(): 11.7577ms
Frame 1802 end
Average processing time of GrabImageRGBD(): 11.7567ms
Frame 1803 end
Average processing time of GrabImageRGBD(): 11.772ms
Frame 1804 end
Average processing time of GrabImageRGBD(): 11.7925ms
Frame 1805 end
Average processing time of GrabImageRGBD(): 11.7939ms
Frame 1806 end
Average processing time of GrabImageRGBD(): 11.7927ms
Frame 1807 end
Average processing time of GrabImageRGBD(): 11.7931ms
Frame 1808 end
Average processing time of GrabImageRGBD(): 11.7936ms
Frame 1809 end
Average processing time of GrabImageRGBD(): 11.7943ms
Frame 1810 end
Average processing time of GrabImageRGBD(): 11.7944ms
Frame 1811 end
Average processing time of GrabImageRGBD(): 11.8187ms
Frame 1812 end
Average processing time of GrabImageRGBD(): 11.821ms
Frame 1813 end
Average processing time of GrabImageRGBD(): 11.8216ms
Frame 1814 end
Average processing time of GrabImageRGBD(): 11.8212ms
Frame 1815 end
Average processing time of GrabImageRGBD(): 11.8214ms
Frame 1816 end
Average processing time of GrabImageRGBD(): 11.8209ms
Frame 1817 end
Average processing time of GrabImageRGBD(): 11.8209ms
Frame 1818 end
Average processing time of GrabImageRGBD(): 11.8213ms
Frame 1819 end
Average processing time of GrabImageRGBD(): 11.822ms
Frame 1820 end
Average processing time of GrabImageRGBD(): 11.825ms
Frame 1821 end
Average processing time of GrabImageRGBD(): 11.8252ms
Frame 1822 end
Average processing time of GrabImageRGBD(): 11.8246ms
Frame 1823 end
Average processing time of GrabImageRGBD(): 11.8234ms
Frame 1824 end
Average processing time of GrabImageRGBD(): 11.8236ms
Frame 1825 end
Average processing time of GrabImageRGBD(): 11.8239ms
Frame 1826 end
Average processing time of GrabImageRGBD(): 11.824ms
Frame 1827 end
Average processing time of GrabImageRGBD(): 11.8399ms
Frame 1828 end
Average processing time of GrabImageRGBD(): 11.8413ms
Frame 1829 end
Average processing time of GrabImageRGBD(): 11.8636ms
Frame 1830 end
Average processing time of GrabImageRGBD(): 11.8662ms
Frame 1831 end
Average processing time of GrabImageRGBD(): 11.8839ms
Frame 1832 end
Average processing time of GrabImageRGBD(): 11.8867ms
Frame 1833 end
Average processing time of GrabImageRGBD(): 11.8881ms
Frame 1834 end
Average processing time of GrabImageRGBD(): 11.8884ms
Frame 1835 end
Average processing time of GrabImageRGBD(): 11.8883ms
Frame 1836 end
Average processing time of GrabImageRGBD(): 11.889ms
Frame 1837 end
Average processing time of GrabImageRGBD(): 11.8896ms
Frame 1838 end
Average processing time of GrabImageRGBD(): 11.8885ms
Frame 1839 end
Average processing time of GrabImageRGBD(): 11.9093ms
Frame 1840 end
Average processing time of GrabImageRGBD(): 11.9112ms
Frame 1841 end
Average processing time of GrabImageRGBD(): 11.912ms
Frame 1842 end
Average processing time of GrabImageRGBD(): 11.9115ms
Frame 1843 end
Average processing time of GrabImageRGBD(): 11.9123ms
Frame 1844 end
Average processing time of GrabImageRGBD(): 11.9132ms
Frame 1845 end
Average processing time of GrabImageRGBD(): 11.9133ms
Frame 1846 end
Average processing time of GrabImageRGBD(): 11.9298ms
Frame 1847 end
Average processing time of GrabImageRGBD(): 11.9307ms
Frame 1848 end
Average processing time of GrabImageRGBD(): 11.93ms
Frame 1849 end
Average processing time of GrabImageRGBD(): 11.9472ms
Frame 1850 end
Average processing time of GrabImageRGBD(): 11.9492ms
Frame 1851 end
Average processing time of GrabImageRGBD(): 11.9497ms
Frame 1852 end
Average processing time of GrabImageRGBD(): 11.9663ms
Frame 1853 end
Average processing time of GrabImageRGBD(): 11.9688ms
Frame 1854 end
Average processing time of GrabImageRGBD(): 11.9704ms
Frame 1855 end
Average processing time of GrabImageRGBD(): 11.971ms
Frame 1856 end
Average processing time of GrabImageRGBD(): 11.9706ms
Frame 1857 end
Average processing time of GrabImageRGBD(): 11.9718ms
Frame 1858 end
Average processing time of GrabImageRGBD(): 11.9732ms
Frame 1859 end
Average processing time of GrabImageRGBD(): 11.974ms
Frame 1860 end
Average processing time of GrabImageRGBD(): 11.9741ms
Frame 1861 end
Average processing time of GrabImageRGBD(): 11.9898ms
Frame 1862 end
Average processing time of GrabImageRGBD(): 11.9923ms
Frame 1863 end
Average processing time of GrabImageRGBD(): 11.9935ms
Frame 1864 end
Average processing time of GrabImageRGBD(): 11.9937ms
Frame 1865 end
Average processing time of GrabImageRGBD(): 12.0084ms
Frame 1866 end
Average processing time of GrabImageRGBD(): 12.0106ms
Frame 1867 end
Average processing time of GrabImageRGBD(): 12.0103ms
Frame 1868 end
Average processing time of GrabImageRGBD(): 12.0103ms
Frame 1869 end
Average processing time of GrabImageRGBD(): 12.0103ms
Frame 1870 end
Average processing time of GrabImageRGBD(): 12.0113ms
Frame 1871 end
Average processing time of GrabImageRGBD(): 12.0113ms
Frame 1872 end
Average processing time of GrabImageRGBD(): 12.0121ms
Frame 1873 end
Average processing time of GrabImageRGBD(): 12.0286ms
Frame 1874 end
Average processing time of GrabImageRGBD(): 12.0314ms
Frame 1875 end
Average processing time of GrabImageRGBD(): 12.0315ms
Frame 1876 end
Average processing time of GrabImageRGBD(): 12.0327ms
Frame 1877 end
Average processing time of GrabImageRGBD(): 12.0336ms
Frame 1878 end
Average processing time of GrabImageRGBD(): 12.0359ms
Frame 1879 end
Average processing time of GrabImageRGBD(): 12.0364ms
Frame 1880 end
Average processing time of GrabImageRGBD(): 12.0372ms
Frame 1881 end
Average processing time of GrabImageRGBD(): 12.0364ms
Frame 1882 end
Average processing time of GrabImageRGBD(): 12.0364ms
Frame 1883 end
Average processing time of GrabImageRGBD(): 12.0381ms
Frame 1884 end
Average processing time of GrabImageRGBD(): 12.0371ms
Frame 1885 end
Average processing time of GrabImageRGBD(): 12.0376ms
Frame 1886 end
Average processing time of GrabImageRGBD(): 12.0537ms
Frame 1887 end
Average processing time of GrabImageRGBD(): 12.0555ms
Frame 1888 end
Average processing time of GrabImageRGBD(): 12.0701ms
Frame 1889 end
Average processing time of GrabImageRGBD(): 12.0721ms
Frame 1890 end
Average processing time of GrabImageRGBD(): 12.0718ms
Frame 1891 end
Average processing time of GrabImageRGBD(): 12.0722ms
Frame 1892 end
Average processing time of GrabImageRGBD(): 12.0732ms
Frame 1893 end
Average processing time of GrabImageRGBD(): 12.0718ms
Frame 1894 end
Average processing time of GrabImageRGBD(): 12.0703ms
Frame 1895 end
Average processing time of GrabImageRGBD(): 12.07ms
Frame 1896 end
Average processing time of GrabImageRGBD(): 12.0693ms
Frame 1897 end
Average processing time of GrabImageRGBD(): 12.0684ms
Frame 1898 end
Average processing time of GrabImageRGBD(): 12.0705ms
Frame 1899 end
Average processing time of GrabImageRGBD(): 12.0707ms
Frame 1900 end
Average processing time of GrabImageRGBD(): 12.0847ms
Frame 1901 end
Average processing time of GrabImageRGBD(): 12.0854ms
Frame 1902 end
Average processing time of GrabImageRGBD(): 12.0856ms
Frame 1903 end
Average processing time of GrabImageRGBD(): 12.0851ms
Frame 1904 end
Average processing time of GrabImageRGBD(): 12.0846ms
Frame 1905 end
Average processing time of GrabImageRGBD(): 12.0851ms
Frame 1906 end
Average processing time of GrabImageRGBD(): 12.0853ms
Frame 1907 end
Average processing time of GrabImageRGBD(): 12.0859ms
Frame 1908 end
Average processing time of GrabImageRGBD(): 12.0864ms
Frame 1909 end
Average processing time of GrabImageRGBD(): 12.0876ms
Frame 1910 end
Average processing time of GrabImageRGBD(): 12.0873ms
Frame 1911 end
Average processing time of GrabImageRGBD(): 12.0873ms
Frame 1912 end
Average processing time of GrabImageRGBD(): 12.0883ms
Frame 1913 end
Average processing time of GrabImageRGBD(): 12.0874ms
Frame 1914 end
Average processing time of GrabImageRGBD(): 12.086ms
Frame 1915 end
Average processing time of GrabImageRGBD(): 12.0864ms
Frame 1916 end
Average processing time of GrabImageRGBD(): 12.0869ms
Frame 1917 end
Average processing time of GrabImageRGBD(): 12.0864ms
Frame 1918 end
Average processing time of GrabImageRGBD(): 12.0858ms
Frame 1919 end
Average processing time of GrabImageRGBD(): 12.0869ms
Frame 1920 end
Average processing time of GrabImageRGBD(): 12.0874ms
Frame 1921 end
Average processing time of GrabImageRGBD(): 12.0883ms
Frame 1922 end
Average processing time of GrabImageRGBD(): 12.0872ms
Frame 1923 end
Average processing time of GrabImageRGBD(): 12.0864ms
Frame 1924 end
Average processing time of GrabImageRGBD(): 12.1024ms
Frame 1925 end
Average processing time of GrabImageRGBD(): 12.1038ms
Frame 1926 end
Average processing time of GrabImageRGBD(): 12.1035ms
Frame 1927 end
Average processing time of GrabImageRGBD(): 12.1032ms
Frame 1928 end
Average processing time of GrabImageRGBD(): 12.1027ms
Frame 1929 end
Average processing time of GrabImageRGBD(): 12.1018ms
Frame 1930 end
Average processing time of GrabImageRGBD(): 12.1009ms
Frame 1931 end
Average processing time of GrabImageRGBD(): 12.1007ms
Frame 1932 end
Average processing time of GrabImageRGBD(): 12.1003ms
Frame 1933 end
Average processing time of GrabImageRGBD(): 12.1008ms
Frame 1934 end
Average processing time of GrabImageRGBD(): 12.0999ms
Frame 1935 end
Average processing time of GrabImageRGBD(): 12.1009ms
Frame 1936 end
Average processing time of GrabImageRGBD(): 12.101ms
Frame 1937 end
Average processing time of GrabImageRGBD(): 12.1005ms
Frame 1938 end
Average processing time of GrabImageRGBD(): 12.1ms
Frame 1939 end
Average processing time of GrabImageRGBD(): 12.1004ms
Frame 1940 end
Average processing time of GrabImageRGBD(): 12.1005ms
Frame 1941 end
Average processing time of GrabImageRGBD(): 12.0997ms
Frame 1942 end
Average processing time of GrabImageRGBD(): 12.099ms
Frame 1943 end
Average processing time of GrabImageRGBD(): 12.099ms
Frame 1944 end
Average processing time of GrabImageRGBD(): 12.114ms
Frame 1945 end
Average processing time of GrabImageRGBD(): 12.1328ms
Frame 1946 end
Average processing time of GrabImageRGBD(): 12.135ms
Frame 1947 end
Average processing time of GrabImageRGBD(): 12.1356ms
Frame 1948 end
Average processing time of GrabImageRGBD(): 12.1358ms
Frame 1949 end
Average processing time of GrabImageRGBD(): 12.1362ms
Frame 1950 end
Average processing time of GrabImageRGBD(): 12.136ms
Frame 1951 end
Average processing time of GrabImageRGBD(): 12.136ms
Frame 1952 end
Average processing time of GrabImageRGBD(): 12.1381ms
Frame 1953 end
Average processing time of GrabImageRGBD(): 12.1389ms
Frame 1954 end
Average processing time of GrabImageRGBD(): 12.1384ms
Frame 1955 end
Average processing time of GrabImageRGBD(): 12.1379ms
Frame 1956 end
Average processing time of GrabImageRGBD(): 12.1369ms
Frame 1957 end
Average processing time of GrabImageRGBD(): 12.1361ms
Frame 1958 end
Average processing time of GrabImageRGBD(): 12.1531ms
Frame 1959 end
Average processing time of GrabImageRGBD(): 12.1541ms
Frame 1960 end
Average processing time of GrabImageRGBD(): 12.1555ms
Frame 1961 end
Average processing time of GrabImageRGBD(): 12.1563ms
Frame 1962 end
Average processing time of GrabImageRGBD(): 12.156ms
Frame 1963 end
Average processing time of GrabImageRGBD(): 12.1561ms
Frame 1964 end
Average processing time of GrabImageRGBD(): 12.1568ms
Frame 1965 end
Average processing time of GrabImageRGBD(): 12.1572ms
Frame 1966 end
Average processing time of GrabImageRGBD(): 12.1568ms
Frame 1967 end
Average processing time of GrabImageRGBD(): 12.157ms
Frame 1968 end
Average processing time of GrabImageRGBD(): 12.1574ms
Frame 1969 end
Average processing time of GrabImageRGBD(): 12.158ms
Frame 1970 end
Average processing time of GrabImageRGBD(): 12.1589ms
Frame 1971 end
Average processing time of GrabImageRGBD(): 12.1581ms
Frame 1972 end
Average processing time of GrabImageRGBD(): 12.1579ms
Frame 1973 end
Average processing time of GrabImageRGBD(): 12.1571ms
Frame 1974 end
Average processing time of GrabImageRGBD(): 12.1582ms
Frame 1975 end
Average processing time of GrabImageRGBD(): 12.1581ms
Frame 1976 end
Average processing time of GrabImageRGBD(): 12.1568ms
Frame 1977 end
Average processing time of GrabImageRGBD(): 12.1583ms
Frame 1978 end
Average processing time of GrabImageRGBD(): 12.1572ms
Frame 1979 end
Average processing time of GrabImageRGBD(): 12.1584ms
Frame 1980 end
Average processing time of GrabImageRGBD(): 12.1592ms
Frame 1981 end
Average processing time of GrabImageRGBD(): 12.1591ms
Frame 1982 end
Average processing time of GrabImageRGBD(): 12.1585ms
Frame 1983 end
Average processing time of GrabImageRGBD(): 12.1592ms
Frame 1984 end
Average processing time of GrabImageRGBD(): 12.1588ms
Frame 1985 end
Average processing time of GrabImageRGBD(): 12.1736ms
Frame 1986 end
Average processing time of GrabImageRGBD(): 12.174ms
Frame 1987 end
Average processing time of GrabImageRGBD(): 12.1747ms
Frame 1988 end
Average processing time of GrabImageRGBD(): 12.1741ms
Frame 1989 end
Average processing time of GrabImageRGBD(): 12.1741ms
Frame 1990 end
Average processing time of GrabImageRGBD(): 12.1724ms
Frame 1991 end
Average processing time of GrabImageRGBD(): 12.1731ms
Frame 1992 end
Average processing time of GrabImageRGBD(): 12.1724ms
Frame 1993 end
Average processing time of GrabImageRGBD(): 12.1708ms
Frame 1994 end
Average processing time of GrabImageRGBD(): 12.1701ms
Frame 1995 end
Average processing time of GrabImageRGBD(): 12.1704ms
Frame 1996 end
Average processing time of GrabImageRGBD(): 12.1709ms
Frame 1997 end
Average processing time of GrabImageRGBD(): 12.1696ms
Frame 1998 end
Average processing time of GrabImageRGBD(): 12.1697ms
Frame 1999 end
Average processing time of GrabImageRGBD(): 12.17ms
Frame 2000 end
Average processing time of GrabImageRGBD(): 12.1709ms
Frame 2001 end
Average processing time of GrabImageRGBD(): 12.1694ms
Frame 2002 end
Average processing time of GrabImageRGBD(): 12.1697ms
Frame 2003 end
Average processing time of GrabImageRGBD(): 12.1699ms
Frame 2004 end
Average processing time of GrabImageRGBD(): 12.1689ms
Frame 2005 end
Average processing time of GrabImageRGBD(): 12.1689ms
Frame 2006 end
Average processing time of GrabImageRGBD(): 12.1689ms
Frame 2007 end
Average processing time of GrabImageRGBD(): 12.1691ms
Frame 2008 end
Average processing time of GrabImageRGBD(): 12.1686ms
Frame 2009 end
Average processing time of GrabImageRGBD(): 12.1699ms
Frame 2010 end
Average processing time of GrabImageRGBD(): 12.1688ms
Frame 2011 end
Average processing time of GrabImageRGBD(): 12.1884ms
Frame 2012 end
Average processing time of GrabImageRGBD(): 12.1895ms
Frame 2013 end
Average processing time of GrabImageRGBD(): 12.1893ms
Frame 2014 end
Average processing time of GrabImageRGBD(): 12.1892ms
Frame 2015 end
Average processing time of GrabImageRGBD(): 12.1885ms
Frame 2016 end
Average processing time of GrabImageRGBD(): 12.1866ms
Frame 2017 end
Average processing time of GrabImageRGBD(): 12.1854ms
Frame 2018 end
Average processing time of GrabImageRGBD(): 12.1852ms
Frame 2019 end
Average processing time of GrabImageRGBD(): 12.1855ms
Frame 2020 end
Average processing time of GrabImageRGBD(): 12.2001ms
Frame 2021 end
Average processing time of GrabImageRGBD(): 12.2018ms
Frame 2022 end
Average processing time of GrabImageRGBD(): 12.2011ms
Frame 2023 end
Average processing time of GrabImageRGBD(): 12.1999ms
Frame 2024 end
Average processing time of GrabImageRGBD(): 12.1996ms
Frame 2025 end
Average processing time of GrabImageRGBD(): 12.199ms
Frame 2026 end
Average processing time of GrabImageRGBD(): 12.1997ms
Frame 2027 end
Average processing time of GrabImageRGBD(): 12.199ms
Frame 2028 end
Average processing time of GrabImageRGBD(): 12.1992ms
Frame 2029 end
Average processing time of GrabImageRGBD(): 12.1987ms
Frame 2030 end
Average processing time of GrabImageRGBD(): 12.1989ms
Frame 2031 end
Average processing time of GrabImageRGBD(): 12.1986ms
Frame 2032 end
Average processing time of GrabImageRGBD(): 12.1983ms
Frame 2033 end
Average processing time of GrabImageRGBD(): 12.1972ms
Frame 2034 end
Average processing time of GrabImageRGBD(): 12.1973ms
Frame 2035 end
Average processing time of GrabImageRGBD(): 12.1955ms
Frame 2036 end
Average processing time of GrabImageRGBD(): 12.1941ms
Frame 2037 end
Average processing time of GrabImageRGBD(): 12.1936ms
Frame 2038 end
Average processing time of GrabImageRGBD(): 12.192ms
Frame 2039 end
Average processing time of GrabImageRGBD(): 12.1919ms
Frame 2040 end
Average processing time of GrabImageRGBD(): 12.192ms
Frame 2041 end
Average processing time of GrabImageRGBD(): 12.1919ms
Frame 2042 end
Average processing time of GrabImageRGBD(): 12.1916ms
Frame 2043 end
Average processing time of GrabImageRGBD(): 12.1916ms
Frame 2044 end
Average processing time of GrabImageRGBD(): 12.1908ms
Frame 2045 end
Average processing time of GrabImageRGBD(): 12.2049ms
Frame 2046 end
Average processing time of GrabImageRGBD(): 12.206ms
Frame 2047 end
Average processing time of GrabImageRGBD(): 12.2057ms
Frame 2048 end
Average processing time of GrabImageRGBD(): 12.2058ms
Frame 2049 end
Average processing time of GrabImageRGBD(): 12.2053ms
Frame 2050 end
Average processing time of GrabImageRGBD(): 12.2052ms
Frame 2051 end
Average processing time of GrabImageRGBD(): 12.2053ms
Frame 2052 end
Average processing time of GrabImageRGBD(): 12.2042ms
Frame 2053 end
Average processing time of GrabImageRGBD(): 12.2042ms
Frame 2054 end
Average processing time of GrabImageRGBD(): 12.2045ms
Frame 2055 end
Average processing time of GrabImageRGBD(): 12.2053ms
Frame 2056 end
Average processing time of GrabImageRGBD(): 12.2054ms
Frame 2057 end
Average processing time of GrabImageRGBD(): 12.2056ms
Frame 2058 end
Average processing time of GrabImageRGBD(): 12.2055ms
Frame 2059 end
Average processing time of GrabImageRGBD(): 12.2052ms
Frame 2060 end
Average processing time of GrabImageRGBD(): 12.2034ms
Frame 2061 end
Average processing time of GrabImageRGBD(): 12.2035ms
Frame 2062 end
Average processing time of GrabImageRGBD(): 12.2013ms
Frame 2063 end
Average processing time of GrabImageRGBD(): 12.2008ms
Frame 2064 end
Average processing time of GrabImageRGBD(): 12.2001ms
Frame 2065 end
Average processing time of GrabImageRGBD(): 12.1997ms
Frame 2066 end
Average processing time of GrabImageRGBD(): 12.1988ms
Frame 2067 end
Average processing time of GrabImageRGBD(): 12.1981ms
Frame 2068 end
Average processing time of GrabImageRGBD(): 12.1978ms
Frame 2069 end
Average processing time of GrabImageRGBD(): 12.1976ms
Frame 2070 end
Average processing time of GrabImageRGBD(): 12.1972ms
Frame 2071 end
Average processing time of GrabImageRGBD(): 12.1962ms
Frame 2072 end
Average processing time of GrabImageRGBD(): 12.1956ms
Frame 2073 end
Average processing time of GrabImageRGBD(): 12.1934ms
Frame 2074 end
Average processing time of GrabImageRGBD(): 12.192ms
Frame 2075 end
Average processing time of GrabImageRGBD(): 12.2063ms
Frame 2076 end
Average processing time of GrabImageRGBD(): 12.2074ms
Frame 2077 end
Average processing time of GrabImageRGBD(): 12.2072ms
Frame 2078 end
Average processing time of GrabImageRGBD(): 12.2073ms
Frame 2079 end
Average processing time of GrabImageRGBD(): 12.2067ms
Frame 2080 end
Average processing time of GrabImageRGBD(): 12.2058ms
Frame 2081 end
Average processing time of GrabImageRGBD(): 12.2058ms
Frame 2082 end
Average processing time of GrabImageRGBD(): 12.2057ms
Frame 2083 end
Average processing time of GrabImageRGBD(): 12.2053ms
Frame 2084 end
Average processing time of GrabImageRGBD(): 12.2051ms
Frame 2085 end
Average processing time of GrabImageRGBD(): 12.2047ms
Frame 2086 end
Average processing time of GrabImageRGBD(): 12.2044ms
Frame 2087 end
Average processing time of GrabImageRGBD(): 12.2027ms
Frame 2088 end
Average processing time of GrabImageRGBD(): 12.2022ms
Frame 2089 end
Average processing time of GrabImageRGBD(): 12.2017ms
Frame 2090 end
Average processing time of GrabImageRGBD(): 12.2014ms
Frame 2091 end
Average processing time of GrabImageRGBD(): 12.2009ms
Frame 2092 end
Average processing time of GrabImageRGBD(): 12.2004ms
Frame 2093 end
Average processing time of GrabImageRGBD(): 12.2001ms
Frame 2094 end
Average processing time of GrabImageRGBD(): 12.1999ms
Frame 2095 end
Average processing time of GrabImageRGBD(): 12.1997ms
Frame 2096 end
Average processing time of GrabImageRGBD(): 12.2ms
Frame 2097 end
Average processing time of GrabImageRGBD(): 12.1989ms
Frame 2098 end
Average processing time of GrabImageRGBD(): 12.1987ms
Frame 2099 end
Average processing time of GrabImageRGBD(): 12.1976ms
Frame 2100 end
Average processing time of GrabImageRGBD(): 12.2115ms
Frame 2101 end
Average processing time of GrabImageRGBD(): 12.2114ms
Frame 2102 end
Average processing time of GrabImageRGBD(): 12.211ms
Frame 2103 end
Average processing time of GrabImageRGBD(): 12.2103ms
Frame 2104 end
Average processing time of GrabImageRGBD(): 12.2105ms
Frame 2105 end
Average processing time of GrabImageRGBD(): 12.2101ms
Frame 2106 end
Average processing time of GrabImageRGBD(): 12.2237ms
Frame 2107 end
Average processing time of GrabImageRGBD(): 12.2236ms
Frame 2108 end
Average processing time of GrabImageRGBD(): 12.2229ms
Frame 2109 end
Average processing time of GrabImageRGBD(): 12.2227ms
Frame 2110 end
Average processing time of GrabImageRGBD(): 12.2226ms
Frame 2111 end
Average processing time of GrabImageRGBD(): 12.2232ms
Frame 2112 end
Average processing time of GrabImageRGBD(): 12.2231ms
Frame 2113 end
Average processing time of GrabImageRGBD(): 12.2214ms
Frame 2114 end
Average processing time of GrabImageRGBD(): 12.2217ms
Frame 2115 end
Average processing time of GrabImageRGBD(): 12.2217ms
Frame 2116 end
Average processing time of GrabImageRGBD(): 12.2212ms
Frame 2117 end
Average processing time of GrabImageRGBD(): 12.2211ms
Frame 2118 end
Average processing time of GrabImageRGBD(): 12.2206ms
Frame 2119 end
Average processing time of GrabImageRGBD(): 12.2199ms
Frame 2120 end
Average processing time of GrabImageRGBD(): 12.2198ms
Frame 2121 end
Average processing time of GrabImageRGBD(): 12.2197ms
Frame 2122 end
Average processing time of GrabImageRGBD(): 12.2183ms
Frame 2123 end
Average processing time of GrabImageRGBD(): 12.2324ms
Frame 2124 end
Average processing time of GrabImageRGBD(): 12.2338ms
Frame 2125 end
Average processing time of GrabImageRGBD(): 12.234ms
Frame 2126 end
Average processing time of GrabImageRGBD(): 12.2338ms
Frame 2127 end
Average processing time of GrabImageRGBD(): 12.233ms
Frame 2128 end
Average processing time of GrabImageRGBD(): 12.2333ms
Frame 2129 end
Average processing time of GrabImageRGBD(): 12.234ms
Frame 2130 end
Average processing time of GrabImageRGBD(): 12.2335ms
Frame 2131 end
Average processing time of GrabImageRGBD(): 12.2332ms
Frame 2132 end
Average processing time of GrabImageRGBD(): 12.2334ms
Frame 2133 end
Average processing time of GrabImageRGBD(): 12.2338ms
Frame 2134 end
Average processing time of GrabImageRGBD(): 12.2322ms
Frame 2135 end
Average processing time of GrabImageRGBD(): 12.2317ms
Frame 2136 end
Average processing time of GrabImageRGBD(): 12.2313ms
Frame 2137 end
Average processing time of GrabImageRGBD(): 12.2318ms
Frame 2138 end
Average processing time of GrabImageRGBD(): 12.2308ms
Frame 2139 end
Average processing time of GrabImageRGBD(): 12.2314ms
Frame 2140 end
Average processing time of GrabImageRGBD(): 12.2319ms
Frame 2141 end
Average processing time of GrabImageRGBD(): 12.2326ms
Frame 2142 end
Average processing time of GrabImageRGBD(): 12.2473ms
Frame 2143 end
Average processing time of GrabImageRGBD(): 12.2483ms
Frame 2144 end
Average processing time of GrabImageRGBD(): 12.2482ms
Frame 2145 end
Average processing time of GrabImageRGBD(): 12.2479ms
Frame 2146 end
Average processing time of GrabImageRGBD(): 12.2472ms
Frame 2147 end
Average processing time of GrabImageRGBD(): 12.2468ms
Frame 2148 end
Average processing time of GrabImageRGBD(): 12.2472ms
Frame 2149 end
Average processing time of GrabImageRGBD(): 12.2476ms
Frame 2150 end
Average processing time of GrabImageRGBD(): 12.262ms
Frame 2151 end
Average processing time of GrabImageRGBD(): 12.2628ms
Frame 2152 end
Average processing time of GrabImageRGBD(): 12.2624ms
Frame 2153 end
Average processing time of GrabImageRGBD(): 12.2624ms
Frame 2154 end
Average processing time of GrabImageRGBD(): 12.2628ms
Frame 2155 end
Average processing time of GrabImageRGBD(): 12.2623ms
Frame 2156 end
Average processing time of GrabImageRGBD(): 12.2615ms
Frame 2157 end
Average processing time of GrabImageRGBD(): 12.263ms
Frame 2158 end
Average processing time of GrabImageRGBD(): 12.2631ms
Frame 2159 end
Average processing time of GrabImageRGBD(): 12.2618ms
Frame 2160 end
Average processing time of GrabImageRGBD(): 12.2621ms
Frame 2161 end
Average processing time of GrabImageRGBD(): 12.2615ms
Frame 2162 end
Average processing time of GrabImageRGBD(): 12.2617ms
Frame 2163 end
Average processing time of GrabImageRGBD(): 12.2615ms
Frame 2164 end
Average processing time of GrabImageRGBD(): 12.2615ms
Frame 2165 end
Average processing time of GrabImageRGBD(): 12.2608ms
Frame 2166 end
Average processing time of GrabImageRGBD(): 12.2612ms
Frame 2167 end
Average processing time of GrabImageRGBD(): 12.2612ms
Frame 2168 end
Average processing time of GrabImageRGBD(): 12.2743ms
Frame 2169 end
Average processing time of GrabImageRGBD(): 12.2888ms
Frame 2170 end
Average processing time of GrabImageRGBD(): 12.3038ms
Frame 2171 end
Average processing time of GrabImageRGBD(): 12.3047ms
Frame 2172 end
Average processing time of GrabImageRGBD(): 12.3042ms
Frame 2173 end
Average processing time of GrabImageRGBD(): 12.3039ms
Frame 2174 end
Average processing time of GrabImageRGBD(): 12.304ms
Frame 2175 end
Average processing time of GrabImageRGBD(): 12.304ms
Frame 2176 end
Average processing time of GrabImageRGBD(): 12.3038ms
Frame 2177 end
Average processing time of GrabImageRGBD(): 12.3041ms
Frame 2178 end
Average processing time of GrabImageRGBD(): 12.3035ms
Frame 2179 end
Average processing time of GrabImageRGBD(): 12.3044ms
Frame 2180 end
Average processing time of GrabImageRGBD(): 12.3045ms
Frame 2181 end
Average processing time of GrabImageRGBD(): 12.3028ms
Frame 2182 end
Average processing time of GrabImageRGBD(): 12.3014ms
Frame 2183 end
Average processing time of GrabImageRGBD(): 12.3009ms
Frame 2184 end
Average processing time of GrabImageRGBD(): 12.3012ms
Frame 2185 end
Average processing time of GrabImageRGBD(): 12.3008ms
Frame 2186 end
Average processing time of GrabImageRGBD(): 12.3133ms
Frame 2187 end
Average processing time of GrabImageRGBD(): 12.3148ms
Frame 2188 end
Average processing time of GrabImageRGBD(): 12.3154ms
Frame 2189 end
Average processing time of GrabImageRGBD(): 12.3282ms
Frame 2190 end
Average processing time of GrabImageRGBD(): 12.3443ms
Frame 2191 end
Average processing time of GrabImageRGBD(): 12.3464ms
Frame 2192 end
Average processing time of GrabImageRGBD(): 12.3449ms
Frame 2193 end
Average processing time of GrabImageRGBD(): 12.3434ms
Frame 2194 end
Average processing time of GrabImageRGBD(): 12.3438ms
Frame 2195 end
Average processing time of GrabImageRGBD(): 12.3439ms
Frame 2196 end
Average processing time of GrabImageRGBD(): 12.3582ms
Frame 2197 end
Average processing time of GrabImageRGBD(): 12.3586ms
Frame 2198 end
Average processing time of GrabImageRGBD(): 12.3583ms
Frame 2199 end
Average processing time of GrabImageRGBD(): 12.3593ms
Frame 2200 end
Average processing time of GrabImageRGBD(): 12.3604ms
Frame 2201 end
Average processing time of GrabImageRGBD(): 12.3602ms
Frame 2202 end
Average processing time of GrabImageRGBD(): 12.3615ms
Frame 2203 end
Average processing time of GrabImageRGBD(): 12.363ms
Frame 2204 end
Average processing time of GrabImageRGBD(): 12.3627ms
Frame 2205 end
Average processing time of GrabImageRGBD(): 12.3625ms
Frame 2206 end
Average processing time of GrabImageRGBD(): 12.3615ms
Frame 2207 end
Average processing time of GrabImageRGBD(): 12.3611ms
Frame 2208 end
Average processing time of GrabImageRGBD(): 12.3732ms
Frame 2209 end
Average processing time of GrabImageRGBD(): 12.3753ms
Frame 2210 end
Average processing time of GrabImageRGBD(): 12.3746ms
Frame 2211 end
Average processing time of GrabImageRGBD(): 12.3744ms
Frame 2212 end
Average processing time of GrabImageRGBD(): 12.3938ms
Frame 2213 end
Average processing time of GrabImageRGBD(): 12.3943ms
Frame 2214 end
Average processing time of GrabImageRGBD(): 12.3946ms
Frame 2215 end
Average processing time of GrabImageRGBD(): 12.3948ms
Frame 2216 end
Average processing time of GrabImageRGBD(): 12.3961ms
Frame 2217 end
Average processing time of GrabImageRGBD(): 12.4082ms
Frame 2218 end
Average processing time of GrabImageRGBD(): 12.4087ms
Frame 2219 end
Average processing time of GrabImageRGBD(): 12.4093ms
Frame 2220 end
Average processing time of GrabImageRGBD(): 12.4222ms
Frame 2221 end
Average processing time of GrabImageRGBD(): 12.4237ms
Frame 2222 end
Average processing time of GrabImageRGBD(): 12.4236ms
Frame 2223 end
Average processing time of GrabImageRGBD(): 12.4235ms
Frame 2224 end
Average processing time of GrabImageRGBD(): 12.4232ms
Frame 2225 end
Average processing time of GrabImageRGBD(): 12.437ms
Frame 2226 end
Average processing time of GrabImageRGBD(): 12.4391ms
Frame 2227 end
Average processing time of GrabImageRGBD(): 12.4388ms
Frame 2228 end
Average processing time of GrabImageRGBD(): 12.4503ms
Frame 2229 end
Average processing time of GrabImageRGBD(): 12.4521ms
Frame 2230 end
Average processing time of GrabImageRGBD(): 12.4516ms
Frame 2231 end
Average processing time of GrabImageRGBD(): 12.4509ms
Frame 2232 end
Average processing time of GrabImageRGBD(): 12.4501ms
Frame 2233 end
Average processing time of GrabImageRGBD(): 12.4491ms
Frame 2234 end
Average processing time of GrabImageRGBD(): 12.4615ms
Frame 2235 end
Average processing time of GrabImageRGBD(): 12.461ms
Frame 2236 end
Average processing time of GrabImageRGBD(): 12.4615ms
Frame 2237 end
Average processing time of GrabImageRGBD(): 12.4608ms
Frame 2238 end
Average processing time of GrabImageRGBD(): 12.4615ms
Frame 2239 end
Average processing time of GrabImageRGBD(): 12.4729ms
Frame 2240 end
Average processing time of GrabImageRGBD(): 12.4732ms
Frame 2241 end
Average processing time of GrabImageRGBD(): 12.4727ms
Frame 2242 end
Average processing time of GrabImageRGBD(): 12.4727ms
Frame 2243 end
Average processing time of GrabImageRGBD(): 12.4728ms
Frame 2244 end
Average processing time of GrabImageRGBD(): 12.4732ms
Frame 2245 end
Average processing time of GrabImageRGBD(): 12.4853ms
Frame 2246 end
Average processing time of GrabImageRGBD(): 12.4871ms
Frame 2247 end
Average processing time of GrabImageRGBD(): 12.4873ms
Frame 2248 end
Average processing time of GrabImageRGBD(): 12.4865ms
Frame 2249 end
Average processing time of GrabImageRGBD(): 12.4859ms
Frame 2250 end
Average processing time of GrabImageRGBD(): 12.4979ms
Frame 2251 end
Average processing time of GrabImageRGBD(): 12.4995ms
Frame 2252 end
Average processing time of GrabImageRGBD(): 12.4994ms
Frame 2253 end
Average processing time of GrabImageRGBD(): 12.5001ms
Frame 2254 end
Average processing time of GrabImageRGBD(): 12.5018ms
Frame 2255 end
Average processing time of GrabImageRGBD(): 12.5009ms
Frame 2256 end
Average processing time of GrabImageRGBD(): 12.5143ms
Frame 2257 end
Average processing time of GrabImageRGBD(): 12.5155ms
Frame 2258 end
Average processing time of GrabImageRGBD(): 12.5154ms
Frame 2259 end
Average processing time of GrabImageRGBD(): 12.5148ms
Frame 2260 end
Average processing time of GrabImageRGBD(): 12.5154ms
Frame 2261 end
Average processing time of GrabImageRGBD(): 12.5153ms
Frame 2262 end
Average processing time of GrabImageRGBD(): 12.5152ms
Frame 2263 end
Average processing time of GrabImageRGBD(): 12.5139ms
Frame 2264 end
Average processing time of GrabImageRGBD(): 12.5132ms
Frame 2265 end
Average processing time of GrabImageRGBD(): 12.5128ms
Frame 2266 end
Average processing time of GrabImageRGBD(): 12.5132ms
Frame 2267 end
Average processing time of GrabImageRGBD(): 12.5137ms
Frame 2268 end
Average processing time of GrabImageRGBD(): 12.5144ms
Frame 2269 end
Average processing time of GrabImageRGBD(): 12.5141ms
Frame 2270 end
Average processing time of GrabImageRGBD(): 12.5138ms
Frame 2271 end
Average processing time of GrabImageRGBD(): 12.5137ms
Frame 2272 end
Average processing time of GrabImageRGBD(): 12.5135ms
Frame 2273 end
Average processing time of GrabImageRGBD(): 12.5134ms
Frame 2274 end
Average processing time of GrabImageRGBD(): 12.5252ms
Frame 2275 end
Average processing time of GrabImageRGBD(): 12.5262ms
Frame 2276 end
Average processing time of GrabImageRGBD(): 12.5264ms
Frame 2277 end
Average processing time of GrabImageRGBD(): 12.5265ms
Frame 2278 end
Average processing time of GrabImageRGBD(): 12.526ms
Frame 2279 end
Average processing time of GrabImageRGBD(): 12.5399ms
Frame 2280 end
Average processing time of GrabImageRGBD(): 12.5413ms
Frame 2281 end
Average processing time of GrabImageRGBD(): 12.5416ms
Frame 2282 end
Average processing time of GrabImageRGBD(): 12.5401ms
Frame 2283 end
Average processing time of GrabImageRGBD(): 12.5402ms
Frame 2284 end
Average processing time of GrabImageRGBD(): 12.5521ms
Frame 2285 end
Average processing time of GrabImageRGBD(): 12.5533ms
Frame 2286 end
Average processing time of GrabImageRGBD(): 12.5647ms
Frame 2287 end
Average processing time of GrabImageRGBD(): 12.5648ms
Frame 2288 end
Average processing time of GrabImageRGBD(): 12.5643ms
Frame 2289 end
Average processing time of GrabImageRGBD(): 12.5634ms
Frame 2290 end
Average processing time of GrabImageRGBD(): 12.5638ms
Frame 2291 end
Average processing time of GrabImageRGBD(): 12.5641ms
Frame 2292 end
Average processing time of GrabImageRGBD(): 12.5648ms
Frame 2293 end
Average processing time of GrabImageRGBD(): 12.5653ms
Frame 2294 end
Average processing time of GrabImageRGBD(): 12.5657ms
Frame 2295 end
Average processing time of GrabImageRGBD(): 12.577ms
Frame 2296 end
Average processing time of GrabImageRGBD(): 12.5778ms
Frame 2297 end
Average processing time of GrabImageRGBD(): 12.5781ms
Frame 2298 end
Average processing time of GrabImageRGBD(): 12.5897ms
Frame 2299 end
Average processing time of GrabImageRGBD(): 12.5902ms
Frame 2300 end
Average processing time of GrabImageRGBD(): 12.5904ms
Frame 2301 end
Average processing time of GrabImageRGBD(): 12.5918ms
Frame 2302 end
Average processing time of GrabImageRGBD(): 12.5915ms
Frame 2303 end
Average processing time of GrabImageRGBD(): 12.6038ms
Frame 2304 end
Average processing time of GrabImageRGBD(): 12.6051ms
Frame 2305 end
Average processing time of GrabImageRGBD(): 12.6056ms
Frame 2306 end
Average processing time of GrabImageRGBD(): 12.6058ms
Frame 2307 end
Average processing time of GrabImageRGBD(): 12.6059ms
Frame 2308 end
Average processing time of GrabImageRGBD(): 12.6058ms
Frame 2309 end
Average processing time of GrabImageRGBD(): 12.6059ms
Frame 2310 end
Average processing time of GrabImageRGBD(): 12.6055ms
Frame 2311 end
Average processing time of GrabImageRGBD(): 12.6066ms
Frame 2312 end
Average processing time of GrabImageRGBD(): 12.6059ms
Frame 2313 end
Average processing time of GrabImageRGBD(): 12.6055ms
Frame 2314 end
Average processing time of GrabImageRGBD(): 12.605ms
Frame 2315 end
Average processing time of GrabImageRGBD(): 12.6031ms
Frame 2316 end
Average processing time of GrabImageRGBD(): 12.6144ms
Frame 2317 end
Average processing time of GrabImageRGBD(): 12.6142ms
Frame 2318 end
Average processing time of GrabImageRGBD(): 12.6134ms
Frame 2319 end
Average processing time of GrabImageRGBD(): 12.613ms
Frame 2320 end
Average processing time of GrabImageRGBD(): 12.6123ms
Frame 2321 end
Average processing time of GrabImageRGBD(): 12.6116ms
Frame 2322 end
Average processing time of GrabImageRGBD(): 12.6105ms
Frame 2323 end
Average processing time of GrabImageRGBD(): 12.6259ms
Frame 2324 end
Average processing time of GrabImageRGBD(): 12.6262ms
Frame 2325 end
Average processing time of GrabImageRGBD(): 12.6263ms
Frame 2326 end
Average processing time of GrabImageRGBD(): 12.6255ms
Frame 2327 end
Average processing time of GrabImageRGBD(): 12.6252ms
Frame 2328 end
Average processing time of GrabImageRGBD(): 12.6365ms
Frame 2329 end
Average processing time of GrabImageRGBD(): 12.6364ms
Frame 2330 end
Average processing time of GrabImageRGBD(): 12.6354ms
Frame 2331 end
Average processing time of GrabImageRGBD(): 12.6338ms
Frame 2332 end
Average processing time of GrabImageRGBD(): 12.6329ms
Frame 2333 end
Average processing time of GrabImageRGBD(): 12.6443ms
Frame 2334 end
Average processing time of GrabImageRGBD(): 12.6442ms
Frame 2335 end
Average processing time of GrabImageRGBD(): 12.6417ms
Frame 2336 end
Average processing time of GrabImageRGBD(): 12.6402ms
Frame 2337 end
Average processing time of GrabImageRGBD(): 12.6385ms
Frame 2338 end
Average processing time of GrabImageRGBD(): 12.6375ms
Frame 2339 end
Average processing time of GrabImageRGBD(): 12.6364ms
Frame 2340 end
Average processing time of GrabImageRGBD(): 12.6332ms
Frame 2341 end
Average processing time of GrabImageRGBD(): 12.6309ms
Frame 2342 end
Average processing time of GrabImageRGBD(): 12.6405ms
Frame 2343 end
Average processing time of GrabImageRGBD(): 12.6403ms
Frame 2344 end
Average processing time of GrabImageRGBD(): 12.6388ms
Frame 2345 end
Average processing time of GrabImageRGBD(): 12.6366ms
Frame 2346 end
Average processing time of GrabImageRGBD(): 12.6344ms
Frame 2347 end
Average processing time of GrabImageRGBD(): 12.6329ms
Frame 2348 end
Average processing time of GrabImageRGBD(): 12.6309ms
Frame 2349 end
Average processing time of GrabImageRGBD(): 12.6297ms
Frame 2350 end
Average processing time of GrabImageRGBD(): 12.628ms
Frame 2351 end
Average processing time of GrabImageRGBD(): 12.6269ms
Frame 2352 end
Average processing time of GrabImageRGBD(): 12.6238ms
Frame 2353 end
Average processing time of GrabImageRGBD(): 12.6221ms
Frame 2354 end
Average processing time of GrabImageRGBD(): 12.6213ms
Frame 2355 end
Average processing time of GrabImageRGBD(): 12.6182ms
Frame 2356 end
Average processing time of GrabImageRGBD(): 12.6276ms
Frame 2357 end
Average processing time of GrabImageRGBD(): 12.6267ms
Frame 2358 end
Average processing time of GrabImageRGBD(): 12.6244ms
Frame 2359 end
Average processing time of GrabImageRGBD(): 12.6345ms
Frame 2360 end
Average processing time of GrabImageRGBD(): 12.6335ms
Frame 2361 end
Average processing time of GrabImageRGBD(): 12.6323ms
Frame 2362 end
Average processing time of GrabImageRGBD(): 12.6311ms
Frame 2363 end
Average processing time of GrabImageRGBD(): 12.6282ms
Frame 2364 end
Average processing time of GrabImageRGBD(): 12.6267ms
Frame 2365 end
Average processing time of GrabImageRGBD(): 12.6232ms
Frame 2366 end
Average processing time of GrabImageRGBD(): 12.6221ms
Frame 2367 end
Average processing time of GrabImageRGBD(): 12.6195ms
Frame 2368 end
Average processing time of GrabImageRGBD(): 12.6176ms
Frame 2369 end
Average processing time of GrabImageRGBD(): 12.6159ms
Frame 2370 end
Average processing time of GrabImageRGBD(): 12.6256ms
Frame 2371 end
Average processing time of GrabImageRGBD(): 12.6246ms
Frame 2372 end
Average processing time of GrabImageRGBD(): 12.6222ms
Frame 2373 end
Average processing time of GrabImageRGBD(): 12.6203ms
Frame 2374 end
Average processing time of GrabImageRGBD(): 12.6191ms
Frame 2375 end
Average processing time of GrabImageRGBD(): 12.6183ms
Frame 2376 end
Average processing time of GrabImageRGBD(): 12.6178ms
Frame 2377 end
Average processing time of GrabImageRGBD(): 12.6169ms
Frame 2378 end
Average processing time of GrabImageRGBD(): 12.6155ms
Frame 2379 end
Average processing time of GrabImageRGBD(): 12.6145ms
Frame 2380 end
Average processing time of GrabImageRGBD(): 12.6133ms
Frame 2381 end
Average processing time of GrabImageRGBD(): 12.6238ms
Frame 2382 end
Average processing time of GrabImageRGBD(): 12.6236ms
Frame 2383 end
Average processing time of GrabImageRGBD(): 12.6227ms
Frame 2384 end
Average processing time of GrabImageRGBD(): 12.6219ms
Frame 2385 end
Average processing time of GrabImageRGBD(): 12.62ms
Frame 2386 end
Average processing time of GrabImageRGBD(): 12.6179ms
Frame 2387 end
Average processing time of GrabImageRGBD(): 12.6158ms
Frame 2388 end
Average processing time of GrabImageRGBD(): 12.6144ms
Frame 2389 end
Average processing time of GrabImageRGBD(): 12.613ms
Frame 2390 end
Average processing time of GrabImageRGBD(): 12.6109ms
Frame 2391 end
Average processing time of GrabImageRGBD(): 12.622ms
Frame 2392 end
Average processing time of GrabImageRGBD(): 12.6219ms
Frame 2393 end
Average processing time of GrabImageRGBD(): 12.6212ms
Frame 2394 end
Average processing time of GrabImageRGBD(): 12.619ms
Frame 2395 end
Average processing time of GrabImageRGBD(): 12.6168ms
Frame 2396 end
Average processing time of GrabImageRGBD(): 12.6279ms
Frame 2397 end
Average processing time of GrabImageRGBD(): 12.641ms
Frame 2398 end
Average processing time of GrabImageRGBD(): 12.6412ms
Frame 2399 end
Average processing time of GrabImageRGBD(): 12.6401ms
Frame 2400 end
Average processing time of GrabImageRGBD(): 12.6378ms
Frame 2401 end
Average processing time of GrabImageRGBD(): 12.6364ms
Frame 2402 end
Average processing time of GrabImageRGBD(): 12.6343ms
Frame 2403 end
Average processing time of GrabImageRGBD(): 12.6333ms
Frame 2404 end
Average processing time of GrabImageRGBD(): 12.6306ms
Frame 2405 end
Average processing time of GrabImageRGBD(): 12.6288ms
Frame 2406 end
Average processing time of GrabImageRGBD(): 12.6279ms
Frame 2407 end
Average processing time of GrabImageRGBD(): 12.6268ms
Frame 2408 end
Average processing time of GrabImageRGBD(): 12.6255ms
Frame 2409 end
Average processing time of GrabImageRGBD(): 12.6238ms
Frame 2410 end
Average processing time of GrabImageRGBD(): 12.6217ms
Frame 2411 end
Average processing time of GrabImageRGBD(): 12.6202ms
Frame 2412 end
Average processing time of GrabImageRGBD(): 12.6169ms
Frame 2413 end
Average processing time of GrabImageRGBD(): 12.6151ms
Frame 2414 end
Average processing time of GrabImageRGBD(): 12.6136ms
Frame 2415 end
Average processing time of GrabImageRGBD(): 12.6121ms
Frame 2416 end
Average processing time of GrabImageRGBD(): 12.6222ms
Frame 2417 end
Average processing time of GrabImageRGBD(): 12.6223ms
Frame 2418 end
Average processing time of GrabImageRGBD(): 12.6211ms
Frame 2419 end
Average processing time of GrabImageRGBD(): 12.6201ms
Frame 2420 end
Average processing time of GrabImageRGBD(): 12.6198ms
Frame 2421 end
Average processing time of GrabImageRGBD(): 12.6187ms
Frame 2422 end
Average processing time of GrabImageRGBD(): 12.6169ms
Frame 2423 end
Average processing time of GrabImageRGBD(): 12.6161ms
Frame 2424 end
Average processing time of GrabImageRGBD(): 12.6136ms
Frame 2425 end
Average processing time of GrabImageRGBD(): 12.6118ms
Frame 2426 end
Average processing time of GrabImageRGBD(): 12.6095ms
Frame 2427 end
Average processing time of GrabImageRGBD(): 12.6068ms
Frame 2428 end
Average processing time of GrabImageRGBD(): 12.6054ms
Frame 2429 end
Average processing time of GrabImageRGBD(): 12.6047ms
Frame 2430 end
Average processing time of GrabImageRGBD(): 12.6047ms
Frame 2431 end
Average processing time of GrabImageRGBD(): 12.6034ms
Frame 2432 end
Average processing time of GrabImageRGBD(): 12.6137ms
Frame 2433 end
Average processing time of GrabImageRGBD(): 12.6136ms
Frame 2434 end
Average processing time of GrabImageRGBD(): 12.6128ms
Frame 2435 end
Average processing time of GrabImageRGBD(): 12.6121ms
Frame 2436 end
Average processing time of GrabImageRGBD(): 12.6109ms
Frame 2437 end
Average processing time of GrabImageRGBD(): 12.6086ms
Frame 2438 end
Average processing time of GrabImageRGBD(): 12.6076ms
Frame 2439 end
Average processing time of GrabImageRGBD(): 12.6064ms
Frame 2440 end
Average processing time of GrabImageRGBD(): 12.605ms
Frame 2441 end
Average processing time of GrabImageRGBD(): 12.6033ms
Frame 2442 end
Average processing time of GrabImageRGBD(): 12.602ms
Frame 2443 end
Average processing time of GrabImageRGBD(): 12.6118ms
Frame 2444 end
Average processing time of GrabImageRGBD(): 12.6103ms
Frame 2445 end
Average processing time of GrabImageRGBD(): 12.6092ms
Frame 2446 end
Average processing time of GrabImageRGBD(): 12.6091ms
Frame 2447 end
Average processing time of GrabImageRGBD(): 12.6077ms
Frame 2448 end
Average processing time of GrabImageRGBD(): 12.6064ms
Frame 2449 end
Average processing time of GrabImageRGBD(): 12.6056ms
Frame 2450 end
Average processing time of GrabImageRGBD(): 12.6044ms
Frame 2451 end
Average processing time of GrabImageRGBD(): 12.6035ms
Frame 2452 end
Average processing time of GrabImageRGBD(): 12.6135ms
Frame 2453 end
Average processing time of GrabImageRGBD(): 12.6127ms
Frame 2454 end
Average processing time of GrabImageRGBD(): 12.6112ms
Frame 2455 end
Average processing time of GrabImageRGBD(): 12.6101ms
Frame 2456 end
Average processing time of GrabImageRGBD(): 12.6091ms
Frame 2457 end
Average processing time of GrabImageRGBD(): 12.6078ms
Frame 2458 end
Average processing time of GrabImageRGBD(): 12.6059ms
Frame 2459 end
Average processing time of GrabImageRGBD(): 12.6053ms
Frame 2460 end
Average processing time of GrabImageRGBD(): 12.6044ms
Frame 2461 end
Average processing time of GrabImageRGBD(): 12.6017ms
Frame 2462 end
Average processing time of GrabImageRGBD(): 12.6004ms
Frame 2463 end
Average processing time of GrabImageRGBD(): 12.5994ms
Frame 2464 end
Average processing time of GrabImageRGBD(): 12.5972ms
Frame 2465 end
Average processing time of GrabImageRGBD(): 12.5958ms
Frame 2466 end
Average processing time of GrabImageRGBD(): 12.6057ms
Frame 2467 end
Average processing time of GrabImageRGBD(): 12.6052ms
Frame 2468 end
Average processing time of GrabImageRGBD(): 12.604ms
Frame 2469 end
Average processing time of GrabImageRGBD(): 12.6034ms
Frame 2470 end
Average processing time of GrabImageRGBD(): 12.6024ms
Frame 2471 end
Average processing time of GrabImageRGBD(): 12.6017ms
Frame 2472 end
Average processing time of GrabImageRGBD(): 12.6118ms
Frame 2473 end
Average processing time of GrabImageRGBD(): 12.6114ms
Frame 2474 end
Average processing time of GrabImageRGBD(): 12.6105ms
Frame 2475 end
Average processing time of GrabImageRGBD(): 12.6092ms
Frame 2476 end
Average processing time of GrabImageRGBD(): 12.6076ms
Frame 2477 end
Average processing time of GrabImageRGBD(): 12.6053ms
Frame 2478 end
Average processing time of GrabImageRGBD(): 12.6034ms
Frame 2479 end
Average processing time of GrabImageRGBD(): 12.6022ms
Frame 2480 end
Average processing time of GrabImageRGBD(): 12.6001ms
Frame 2481 end
Average processing time of GrabImageRGBD(): 12.5993ms
Frame 2482 end
Average processing time of GrabImageRGBD(): 12.5982ms
Frame 2483 end
Average processing time of GrabImageRGBD(): 12.5948ms
Frame 2484 end
Average processing time of GrabImageRGBD(): 12.6068ms
Frame 2485 end
Average processing time of GrabImageRGBD(): 12.6058ms
Frame 2486 end
Average processing time of GrabImageRGBD(): 12.604ms
Frame 2487 end
Average processing time of GrabImageRGBD(): 12.6028ms
Frame 2488 end
Average processing time of GrabImageRGBD(): 12.6007ms
Frame 2489 end
Average processing time of GrabImageRGBD(): 12.5991ms
Frame 2490 end
Average processing time of GrabImageRGBD(): 12.5968ms
Frame 2491 end
Average processing time of GrabImageRGBD(): 12.5956ms
Frame 2492 end
Average processing time of GrabImageRGBD(): 12.5934ms
Frame 2493 end
Average processing time of GrabImageRGBD(): 12.5915ms
Frame 2494 end
Average processing time of GrabImageRGBD(): 12.5902ms
Frame 2495 end
Average processing time of GrabImageRGBD(): 12.5881ms
Frame 2496 end
Average processing time of GrabImageRGBD(): 12.5859ms
Frame 2497 end
Average processing time of GrabImageRGBD(): 12.5848ms
Frame 2498 end
Average processing time of GrabImageRGBD(): 12.5829ms
Frame 2499 end
Average processing time of GrabImageRGBD(): 12.5922ms
Frame 2500 end
Average processing time of GrabImageRGBD(): 12.591ms
Frame 2501 end
Average processing time of GrabImageRGBD(): 12.5903ms
Frame 2502 end
Average processing time of GrabImageRGBD(): 12.5894ms
Frame 2503 end
Average processing time of GrabImageRGBD(): 12.5883ms
Frame 2504 end
Average processing time of GrabImageRGBD(): 12.5876ms
Frame 2505 end
Average processing time of GrabImageRGBD(): 12.5868ms
Frame 2506 end
Average processing time of GrabImageRGBD(): 12.5848ms
Frame 2507 end
Average processing time of GrabImageRGBD(): 12.5838ms
Frame 2508 end
Average processing time of GrabImageRGBD(): 12.5833ms
Frame 2509 end
Average processing time of GrabImageRGBD(): 12.5821ms
Frame 2510 end
Average processing time of GrabImageRGBD(): 12.5813ms
Frame 2511 end
Average processing time of GrabImageRGBD(): 12.5792ms
Frame 2512 end
Average processing time of GrabImageRGBD(): 12.5891ms
Frame 2513 end
Average processing time of GrabImageRGBD(): 12.5887ms
Frame 2514 end
Average processing time of GrabImageRGBD(): 12.5881ms
Frame 2515 end
Average processing time of GrabImageRGBD(): 12.5864ms
Frame 2516 end
Average processing time of GrabImageRGBD(): 12.5854ms
Frame 2517 end
Average processing time of GrabImageRGBD(): 12.5838ms
Frame 2518 end
Average processing time of GrabImageRGBD(): 12.583ms
Frame 2519 end
Average processing time of GrabImageRGBD(): 12.5822ms
Frame 2520 end
Average processing time of GrabImageRGBD(): 12.5814ms
Frame 2521 end
Average processing time of GrabImageRGBD(): 12.5801ms
Frame 2522 end
Average processing time of GrabImageRGBD(): 12.5791ms
Frame 2523 end
Average processing time of GrabImageRGBD(): 12.5887ms
Frame 2524 end
Average processing time of GrabImageRGBD(): 12.5886ms
Frame 2525 end
Average processing time of GrabImageRGBD(): 12.5867ms
Frame 2526 end
Average processing time of GrabImageRGBD(): 12.5861ms
Frame 2527 end
Average processing time of GrabImageRGBD(): 12.5856ms
Frame 2528 end
Average processing time of GrabImageRGBD(): 12.5832ms
Frame 2529 end
Average processing time of GrabImageRGBD(): 12.5824ms
Frame 2530 end
Average processing time of GrabImageRGBD(): 12.5823ms
Frame 2531 end
Average processing time of GrabImageRGBD(): 12.5816ms
Frame 2532 end
Average processing time of GrabImageRGBD(): 12.581ms
Frame 2533 end
Average processing time of GrabImageRGBD(): 12.5901ms
Frame 2534 end
Average processing time of GrabImageRGBD(): 12.5898ms
Frame 2535 end
Average processing time of GrabImageRGBD(): 12.5889ms
Frame 2536 end
Average processing time of GrabImageRGBD(): 12.5884ms
Frame 2537 end
Average processing time of GrabImageRGBD(): 12.5871ms
Frame 2538 end
Average processing time of GrabImageRGBD(): 12.5867ms
Frame 2539 end
Average processing time of GrabImageRGBD(): 12.586ms
Frame 2540 end
Average processing time of GrabImageRGBD(): 12.5855ms
Frame 2541 end
Average processing time of GrabImageRGBD(): 12.5846ms
Frame 2542 end
Average processing time of GrabImageRGBD(): 12.5943ms
Frame 2543 end
Average processing time of GrabImageRGBD(): 12.5931ms
Frame 2544 end
Average processing time of GrabImageRGBD(): 12.5927ms
Frame 2545 end
Average processing time of GrabImageRGBD(): 12.5922ms
Frame 2546 end
Average processing time of GrabImageRGBD(): 12.5917ms
Frame 2547 end
Average processing time of GrabImageRGBD(): 12.591ms
Frame 2548 end
Average processing time of GrabImageRGBD(): 12.5905ms
Frame 2549 end
Average processing time of GrabImageRGBD(): 12.5907ms
Frame 2550 end
Average processing time of GrabImageRGBD(): 12.5888ms
Frame 2551 end
Average processing time of GrabImageRGBD(): 12.5875ms
Frame 2552 end
Average processing time of GrabImageRGBD(): 12.5869ms
Frame 2553 end
Average processing time of GrabImageRGBD(): 12.5965ms
Frame 2554 end
Average processing time of GrabImageRGBD(): 12.5967ms
Frame 2555 end
Average processing time of GrabImageRGBD(): 12.5964ms
Frame 2556 end
Average processing time of GrabImageRGBD(): 12.5962ms
Frame 2557 end
Average processing time of GrabImageRGBD(): 12.5951ms
Frame 2558 end
Average processing time of GrabImageRGBD(): 12.5946ms
Frame 2559 end
Average processing time of GrabImageRGBD(): 12.5938ms
Frame 2560 end
Average processing time of GrabImageRGBD(): 12.5931ms
Frame 2561 end
Average processing time of GrabImageRGBD(): 12.5918ms
Frame 2562 end
Average processing time of GrabImageRGBD(): 12.5915ms
Frame 2563 end
Average processing time of GrabImageRGBD(): 12.6015ms
Frame 2564 end
Average processing time of GrabImageRGBD(): 12.6019ms
Frame 2565 end
Average processing time of GrabImageRGBD(): 12.6002ms
Frame 2566 end
Average processing time of GrabImageRGBD(): 12.6ms
Frame 2567 end
Average processing time of GrabImageRGBD(): 12.5995ms
Frame 2568 end
Average processing time of GrabImageRGBD(): 12.5992ms
Frame 2569 end
Average processing time of GrabImageRGBD(): 12.5987ms
Frame 2570 end
Average processing time of GrabImageRGBD(): 12.5985ms
Frame 2571 end
Average processing time of GrabImageRGBD(): 12.5969ms
Frame 2572 end
Average processing time of GrabImageRGBD(): 12.5967ms
Frame 2573 end
Average processing time of GrabImageRGBD(): 12.6064ms
Frame 2574 end
Average processing time of GrabImageRGBD(): 12.6069ms
Frame 2575 end
Average processing time of GrabImageRGBD(): 12.6066ms
Frame 2576 end
Average processing time of GrabImageRGBD(): 12.6062ms
Frame 2577 end
Average processing time of GrabImageRGBD(): 12.6047ms
Frame 2578 end
Average processing time of GrabImageRGBD(): 12.6034ms
Frame 2579 end
Average processing time of GrabImageRGBD(): 12.6028ms
Frame 2580 end
Average processing time of GrabImageRGBD(): 12.6021ms
Frame 2581 end
Average processing time of GrabImageRGBD(): 12.602ms
Frame 2582 end
Average processing time of GrabImageRGBD(): 12.6018ms
Frame 2583 end
Average processing time of GrabImageRGBD(): 12.6008ms
Frame 2584 end
Average processing time of GrabImageRGBD(): 12.6124ms
Frame 2585 end
Average processing time of GrabImageRGBD(): 12.612ms
Frame 2586 end
Average processing time of GrabImageRGBD(): 12.6115ms
Frame 2587 end
Average processing time of GrabImageRGBD(): 12.6118ms
Frame 2588 end
Average processing time of GrabImageRGBD(): 12.6118ms
Frame 2589 end
Average processing time of GrabImageRGBD(): 12.6119ms
Frame 2590 end
Average processing time of GrabImageRGBD(): 12.612ms
Frame 2591 end
Average processing time of GrabImageRGBD(): 12.611ms
Frame 2592 end
Average processing time of GrabImageRGBD(): 12.6105ms
Frame 2593 end
Average processing time of GrabImageRGBD(): 12.6106ms
Frame 2594 end
Average processing time of GrabImageRGBD(): 12.6204ms
Frame 2595 end
Average processing time of GrabImageRGBD(): 12.6203ms
Frame 2596 end
Average processing time of GrabImageRGBD(): 12.62ms
Frame 2597 end
Average processing time of GrabImageRGBD(): 12.6197ms
Frame 2598 end
Average processing time of GrabImageRGBD(): 12.6183ms
Frame 2599 end
Average processing time of GrabImageRGBD(): 12.6192ms
Frame 2600 end
Average processing time of GrabImageRGBD(): 12.6181ms
Frame 2601 end
Average processing time of GrabImageRGBD(): 12.619ms
Frame 2602 end
Average processing time of GrabImageRGBD(): 12.6183ms
Frame 2603 end
Average processing time of GrabImageRGBD(): 12.6288ms
Frame 2604 end
Average processing time of GrabImageRGBD(): 12.6292ms
Frame 2605 end
Average processing time of GrabImageRGBD(): 12.6288ms
Frame 2606 end
Average processing time of GrabImageRGBD(): 12.6286ms
Frame 2607 end
Average processing time of GrabImageRGBD(): 12.6294ms
Frame 2608 end
Average processing time of GrabImageRGBD(): 12.629ms
Frame 2609 end
Average processing time of GrabImageRGBD(): 12.6295ms
Frame 2610 end
Average processing time of GrabImageRGBD(): 12.6302ms
Frame 2611 end
Average processing time of GrabImageRGBD(): 12.6306ms
Frame 2612 end
Average processing time of GrabImageRGBD(): 12.6299ms
Frame 2613 end
Average processing time of GrabImageRGBD(): 12.6409ms
Frame 2614 end
Average processing time of GrabImageRGBD(): 12.641ms
Frame 2615 end
Average processing time of GrabImageRGBD(): 12.6412ms
Frame 2616 end
Average processing time of GrabImageRGBD(): 12.6415ms
Frame 2617 end
Average processing time of GrabImageRGBD(): 12.6474ms
Frame 2618 end
Average processing time of GrabImageRGBD(): 12.6482ms
Frame 2619 end
Average processing time of GrabImageRGBD(): 12.6487ms
Frame 2620 end
Average processing time of GrabImageRGBD(): 12.6478ms
Frame 2621 end
Average processing time of GrabImageRGBD(): 12.6481ms
Frame 2622 end
Average processing time of GrabImageRGBD(): 12.6595ms
Frame 2623 end
Average processing time of GrabImageRGBD(): 12.6596ms
Frame 2624 end
Average processing time of GrabImageRGBD(): 12.66ms
Frame 2625 end
Average processing time of GrabImageRGBD(): 12.6608ms
Frame 2626 end
Average processing time of GrabImageRGBD(): 12.6619ms
Frame 2627 end
Average processing time of GrabImageRGBD(): 12.6627ms
Frame 2628 end
Average processing time of GrabImageRGBD(): 12.6627ms
Frame 2629 end
Average processing time of GrabImageRGBD(): 12.6631ms
Frame 2630 end
Average processing time of GrabImageRGBD(): 12.6629ms
Frame 2631 end
Average processing time of GrabImageRGBD(): 12.672ms
Frame 2632 end
Average processing time of GrabImageRGBD(): 12.6731ms
Frame 2633 end
Average processing time of GrabImageRGBD(): 12.6735ms
Frame 2634 end
Average processing time of GrabImageRGBD(): 12.673ms
Frame 2635 end
Average processing time of GrabImageRGBD(): 12.6727ms
Frame 2636 end
Average processing time of GrabImageRGBD(): 12.6724ms
Frame 2637 end
Average processing time of GrabImageRGBD(): 12.6728ms
Frame 2638 end
Average processing time of GrabImageRGBD(): 12.6725ms
Frame 2639 end
Average processing time of GrabImageRGBD(): 12.6724ms
Frame 2640 end
Average processing time of GrabImageRGBD(): 12.6717ms
Frame 2641 end
Average processing time of GrabImageRGBD(): 12.6834ms
Frame 2642 end
Average processing time of GrabImageRGBD(): 12.6847ms
Frame 2643 end
Average processing time of GrabImageRGBD(): 12.6843ms
Frame 2644 end
Average processing time of GrabImageRGBD(): 12.6849ms
Frame 2645 end
Average processing time of GrabImageRGBD(): 12.6848ms
Frame 2646 end
Average processing time of GrabImageRGBD(): 12.6834ms
Frame 2647 end
Average processing time of GrabImageRGBD(): 12.684ms
Frame 2648 end
Average processing time of GrabImageRGBD(): 12.6837ms
Frame 2649 end
Average processing time of GrabImageRGBD(): 12.6838ms
Frame 2650 end
Average processing time of GrabImageRGBD(): 12.6944ms
Frame 2651 end
Average processing time of GrabImageRGBD(): 12.6953ms
Frame 2652 end
Average processing time of GrabImageRGBD(): 12.6947ms
Frame 2653 end
Average processing time of GrabImageRGBD(): 12.6955ms
Frame 2654 end
Average processing time of GrabImageRGBD(): 12.6949ms
Frame 2655 end
Average processing time of GrabImageRGBD(): 12.6958ms
Frame 2656 end
Average processing time of GrabImageRGBD(): 12.6962ms
Frame 2657 end
Average processing time of GrabImageRGBD(): 12.6956ms
Frame 2658 end
Average processing time of GrabImageRGBD(): 12.6951ms
Frame 2659 end
Average processing time of GrabImageRGBD(): 12.7056ms
Frame 2660 end
Average processing time of GrabImageRGBD(): 12.7071ms
Frame 2661 end
Average processing time of GrabImageRGBD(): 12.7075ms
Frame 2662 end
Average processing time of GrabImageRGBD(): 12.7081ms
Frame 2663 end
Average processing time of GrabImageRGBD(): 12.7081ms
Frame 2664 end
Average processing time of GrabImageRGBD(): 12.7083ms
Frame 2665 end
Average processing time of GrabImageRGBD(): 12.7083ms
Frame 2666 end
Average processing time of GrabImageRGBD(): 12.7097ms
Frame 2667 end
Average processing time of GrabImageRGBD(): 12.7102ms
Frame 2668 end
Average processing time of GrabImageRGBD(): 12.7207ms
Frame 2669 end
Average processing time of GrabImageRGBD(): 12.7219ms
Frame 2670 end
Average processing time of GrabImageRGBD(): 12.7217ms
Frame 2671 end
Average processing time of GrabImageRGBD(): 12.7225ms
Frame 2672 end
Average processing time of GrabImageRGBD(): 12.7222ms
Frame 2673 end
Average processing time of GrabImageRGBD(): 12.7218ms
Frame 2674 end
Average processing time of GrabImageRGBD(): 12.7212ms
Frame 2675 end
Average processing time of GrabImageRGBD(): 12.7309ms
Frame 2676 end
Average processing time of GrabImageRGBD(): 12.7319ms
Frame 2677 end
Average processing time of GrabImageRGBD(): 12.7321ms
Frame 2678 end
Average processing time of GrabImageRGBD(): 12.7329ms
Frame 2679 end
Average processing time of GrabImageRGBD(): 12.7334ms
Frame 2680 end
Average processing time of GrabImageRGBD(): 12.7339ms
Frame 2681 end
Average processing time of GrabImageRGBD(): 12.7336ms
Frame 2682 end
Average processing time of GrabImageRGBD(): 12.734ms
Frame 2683 end
Average processing time of GrabImageRGBD(): 12.7437ms
Frame 2684 end
Average processing time of GrabImageRGBD(): 12.7446ms
Frame 2685 end
Average processing time of GrabImageRGBD(): 12.745ms
Frame 2686 end
Average processing time of GrabImageRGBD(): 12.7456ms
Frame 2687 end
Average processing time of GrabImageRGBD(): 12.7465ms
Frame 2688 end
Average processing time of GrabImageRGBD(): 12.7468ms
Frame 2689 end
Average processing time of GrabImageRGBD(): 12.7468ms
Frame 2690 end
Average processing time of GrabImageRGBD(): 12.7473ms
Frame 2691 end
Average processing time of GrabImageRGBD(): 12.7469ms
Frame 2692 end
Average processing time of GrabImageRGBD(): 12.7568ms
Frame 2693 end
Average processing time of GrabImageRGBD(): 12.7572ms
Frame 2694 end
Average processing time of GrabImageRGBD(): 12.7574ms
Frame 2695 end
Average processing time of GrabImageRGBD(): 12.7571ms
Frame 2696 end
Average processing time of GrabImageRGBD(): 12.7566ms
Frame 2697 end
Average processing time of GrabImageRGBD(): 12.7569ms
Frame 2698 end
Average processing time of GrabImageRGBD(): 12.7571ms
Frame 2699 end
Average processing time of GrabImageRGBD(): 12.7577ms
Frame 2700 end
Average processing time of GrabImageRGBD(): 12.7578ms
Frame 2701 end
Average processing time of GrabImageRGBD(): 12.7678ms
Frame 2702 end
Average processing time of GrabImageRGBD(): 12.7688ms
Frame 2703 end
Average processing time of GrabImageRGBD(): 12.7689ms
Frame 2704 end
Average processing time of GrabImageRGBD(): 12.7677ms
Frame 2705 end
Average processing time of GrabImageRGBD(): 12.768ms
Frame 2706 end
Average processing time of GrabImageRGBD(): 12.7675ms
Frame 2707 end
Average processing time of GrabImageRGBD(): 12.7668ms
Frame 2708 end
Average processing time of GrabImageRGBD(): 12.7667ms
Frame 2709 end
Average processing time of GrabImageRGBD(): 12.7664ms
Frame 2710 end
Average processing time of GrabImageRGBD(): 12.7754ms
Frame 2711 end
Average processing time of GrabImageRGBD(): 12.7759ms
Frame 2712 end
Average processing time of GrabImageRGBD(): 12.776ms
Frame 2713 end
Average processing time of GrabImageRGBD(): 12.7752ms
Frame 2714 end
Average processing time of GrabImageRGBD(): 12.7752ms
Frame 2715 end
Average processing time of GrabImageRGBD(): 12.7747ms
Frame 2716 end
Average processing time of GrabImageRGBD(): 12.7738ms
Frame 2717 end
Average processing time of GrabImageRGBD(): 12.7732ms
Frame 2718 end
Average processing time of GrabImageRGBD(): 12.773ms
Frame 2719 end
Average processing time of GrabImageRGBD(): 12.7815ms
Frame 2720 end
Average processing time of GrabImageRGBD(): 12.781ms
Frame 2721 end
Average processing time of GrabImageRGBD(): 12.7808ms
Frame 2722 end
Average processing time of GrabImageRGBD(): 12.7806ms
Frame 2723 end
Average processing time of GrabImageRGBD(): 12.78ms
Frame 2724 end
Average processing time of GrabImageRGBD(): 12.7788ms
Frame 2725 end
Average processing time of GrabImageRGBD(): 12.7791ms
Frame 2726 end
Average processing time of GrabImageRGBD(): 12.7782ms
Frame 2727 end
Average processing time of GrabImageRGBD(): 12.7781ms
Frame 2728 end
Average processing time of GrabImageRGBD(): 12.7765ms
Frame 2729 end
Average processing time of GrabImageRGBD(): 12.7864ms
Frame 2730 end
Average processing time of GrabImageRGBD(): 12.7863ms
Frame 2731 end
Average processing time of GrabImageRGBD(): 12.7858ms
Frame 2732 end
Average processing time of GrabImageRGBD(): 12.7856ms
Frame 2733 end
Average processing time of GrabImageRGBD(): 12.784ms
Frame 2734 end
Average processing time of GrabImageRGBD(): 12.7838ms
Frame 2735 end
Average processing time of GrabImageRGBD(): 12.7831ms
Frame 2736 end
Average processing time of GrabImageRGBD(): 12.7827ms
Frame 2737 end
Average processing time of GrabImageRGBD(): 12.7909ms
Frame 2738 end
Average processing time of GrabImageRGBD(): 12.7911ms
Frame 2739 end
Average processing time of GrabImageRGBD(): 12.7889ms
Frame 2740 end
Average processing time of GrabImageRGBD(): 12.7884ms
Frame 2741 end
Average processing time of GrabImageRGBD(): 12.788ms
Frame 2742 end
Average processing time of GrabImageRGBD(): 12.786ms
Frame 2743 end
Average processing time of GrabImageRGBD(): 12.7859ms
Frame 2744 end
Average processing time of GrabImageRGBD(): 12.7855ms
Frame 2745 end
Average processing time of GrabImageRGBD(): 12.7856ms
Frame 2746 end
Average processing time of GrabImageRGBD(): 12.795ms
Frame 2747 end
Average processing time of GrabImageRGBD(): 12.7955ms
Frame 2748 end
Average processing time of GrabImageRGBD(): 12.7949ms
Frame 2749 end
Average processing time of GrabImageRGBD(): 12.7949ms
Frame 2750 end
Average processing time of GrabImageRGBD(): 12.7946ms
Frame 2751 end
Average processing time of GrabImageRGBD(): 12.7941ms
Frame 2752 end
Average processing time of GrabImageRGBD(): 12.7938ms
Frame 2753 end
Average processing time of GrabImageRGBD(): 12.7937ms
Frame 2754 end
Average processing time of GrabImageRGBD(): 12.8029ms
Frame 2755 end
Average processing time of GrabImageRGBD(): 12.8034ms
Frame 2756 end
Average processing time of GrabImageRGBD(): 12.803ms
Frame 2757 end
Average processing time of GrabImageRGBD(): 12.8026ms
Frame 2758 end
Average processing time of GrabImageRGBD(): 12.8019ms
Frame 2759 end
Average processing time of GrabImageRGBD(): 12.8009ms
Frame 2760 end
Average processing time of GrabImageRGBD(): 12.8001ms
Frame 2761 end
Average processing time of GrabImageRGBD(): 12.8003ms
Frame 2762 end
Average processing time of GrabImageRGBD(): 12.7994ms
Frame 2763 end
Average processing time of GrabImageRGBD(): 12.8113ms
Frame 2764 end
Average processing time of GrabImageRGBD(): 12.8114ms
Frame 2765 end
Average processing time of GrabImageRGBD(): 12.8105ms
Frame 2766 end
Average processing time of GrabImageRGBD(): 12.81ms
Frame 2767 end
Average processing time of GrabImageRGBD(): 12.8092ms
Frame 2768 end
Average processing time of GrabImageRGBD(): 12.8084ms
Frame 2769 end
Average processing time of GrabImageRGBD(): 12.8076ms
Frame 2770 end
Average processing time of GrabImageRGBD(): 12.8072ms
Frame 2771 end
Average processing time of GrabImageRGBD(): 12.8149ms
Frame 2772 end
Average processing time of GrabImageRGBD(): 12.815ms
Frame 2773 end
Average processing time of GrabImageRGBD(): 12.8147ms
Frame 2774 end
Average processing time of GrabImageRGBD(): 12.8139ms
Frame 2775 end
Average processing time of GrabImageRGBD(): 12.8133ms
Frame 2776 end
Average processing time of GrabImageRGBD(): 12.8127ms
Frame 2777 end
Average processing time of GrabImageRGBD(): 12.8119ms
Frame 2778 end
Average processing time of GrabImageRGBD(): 12.8114ms
Frame 2779 end
Average processing time of GrabImageRGBD(): 12.8108ms
Frame 2780 end
Average processing time of GrabImageRGBD(): 12.8239ms
Frame 2781 end
Average processing time of GrabImageRGBD(): 12.8241ms
Frame 2782 end
Average processing time of GrabImageRGBD(): 12.8235ms
Frame 2783 end
Average processing time of GrabImageRGBD(): 12.8235ms
Frame 2784 end
Average processing time of GrabImageRGBD(): 12.8233ms
Frame 2785 end
Average processing time of GrabImageRGBD(): 12.8225ms
Frame 2786 end
Average processing time of GrabImageRGBD(): 12.822ms
Frame 2787 end
Average processing time of GrabImageRGBD(): 12.8213ms
Frame 2788 end
Average processing time of GrabImageRGBD(): 12.8208ms
Frame 2789 end
Average processing time of GrabImageRGBD(): 12.8336ms
Frame 2790 end
Average processing time of GrabImageRGBD(): 12.8338ms
Frame 2791 end
Average processing time of GrabImageRGBD(): 12.8322ms
Frame 2792 end
Average processing time of GrabImageRGBD(): 12.832ms
Frame 2793 end
Average processing time of GrabImageRGBD(): 12.8315ms
Frame 2794 end
Average processing time of GrabImageRGBD(): 12.8312ms
Frame 2795 end
Average processing time of GrabImageRGBD(): 12.8311ms
Frame 2796 end
Average processing time of GrabImageRGBD(): 12.8294ms
Frame 2797 end
Average processing time of GrabImageRGBD(): 12.8383ms
Frame 2798 end
Average processing time of GrabImageRGBD(): 12.8381ms
Frame 2799 end
Average processing time of GrabImageRGBD(): 12.8374ms
Frame 2800 end
Average processing time of GrabImageRGBD(): 12.8366ms
Frame 2801 end
Average processing time of GrabImageRGBD(): 12.8351ms
Frame 2802 end
Average processing time of GrabImageRGBD(): 12.8352ms
Frame 2803 end
Average processing time of GrabImageRGBD(): 12.8346ms
Frame 2804 end
Average processing time of GrabImageRGBD(): 12.8343ms
Frame 2805 end
Average processing time of GrabImageRGBD(): 12.8337ms
Frame 2806 end
Average processing time of GrabImageRGBD(): 12.8424ms
Frame 2807 end
Average processing time of GrabImageRGBD(): 12.8422ms
Frame 2808 end
Average processing time of GrabImageRGBD(): 12.8418ms
Frame 2809 end
Average processing time of GrabImageRGBD(): 12.8416ms
Frame 2810 end
Average processing time of GrabImageRGBD(): 12.8409ms
Frame 2811 end
Average processing time of GrabImageRGBD(): 12.8406ms
Frame 2812 end
Average processing time of GrabImageRGBD(): 12.8401ms
Frame 2813 end
Average processing time of GrabImageRGBD(): 12.8396ms
Frame 2814 end
Average processing time of GrabImageRGBD(): 12.848ms
Frame 2815 end
Average processing time of GrabImageRGBD(): 12.8478ms
Frame 2816 end
Average processing time of GrabImageRGBD(): 12.8474ms
Frame 2817 end
Average processing time of GrabImageRGBD(): 12.8467ms
Frame 2818 end
Average processing time of GrabImageRGBD(): 12.8459ms
Frame 2819 end
Average processing time of GrabImageRGBD(): 12.845ms
Frame 2820 end
Average processing time of GrabImageRGBD(): 12.8444ms
Frame 2821 end
Average processing time of GrabImageRGBD(): 12.8441ms
Frame 2822 end
Average processing time of GrabImageRGBD(): 12.8531ms
Frame 2823 end
Average processing time of GrabImageRGBD(): 12.8532ms
Frame 2824 end
Average processing time of GrabImageRGBD(): 12.8524ms
Frame 2825 end
Average processing time of GrabImageRGBD(): 12.8506ms
Frame 2826 end
Average processing time of GrabImageRGBD(): 12.8499ms
Frame 2827 end
Average processing time of GrabImageRGBD(): 12.8493ms
Frame 2828 end
Average processing time of GrabImageRGBD(): 12.8484ms
Frame 2829 end
Average processing time of GrabImageRGBD(): 12.8478ms
Frame 2830 end
Average processing time of GrabImageRGBD(): 12.8566ms
Frame 2831 end
Average processing time of GrabImageRGBD(): 12.8555ms
Frame 2832 end
Average processing time of GrabImageRGBD(): 12.8552ms
Frame 2833 end
Average processing time of GrabImageRGBD(): 12.8537ms
Frame 2834 end
Average processing time of GrabImageRGBD(): 12.8536ms
Frame 2835 end
Average processing time of GrabImageRGBD(): 12.8533ms
Frame 2836 end
Average processing time of GrabImageRGBD(): 12.8542ms
Frame 2837 end
Average processing time of GrabImageRGBD(): 12.8539ms
Frame 2838 end
Average processing time of GrabImageRGBD(): 12.853ms
Frame 2839 end
Average processing time of GrabImageRGBD(): 12.8621ms
Frame 2840 end
Average processing time of GrabImageRGBD(): 12.8629ms
Frame 2841 end
Average processing time of GrabImageRGBD(): 12.8626ms
Frame 2842 end
Average processing time of GrabImageRGBD(): 12.8623ms
Frame 2843 end
Average processing time of GrabImageRGBD(): 12.8625ms
Frame 2844 end
Average processing time of GrabImageRGBD(): 12.8625ms
Frame 2845 end
Average processing time of GrabImageRGBD(): 12.8625ms
Frame 2846 end
Average processing time of GrabImageRGBD(): 12.8625ms
Frame 2847 end
Average processing time of GrabImageRGBD(): 12.8711ms
Frame 2848 end
Average processing time of GrabImageRGBD(): 12.8714ms
Frame 2849 end
Average processing time of GrabImageRGBD(): 12.8716ms
Frame 2850 end
Average processing time of GrabImageRGBD(): 12.8711ms
Frame 2851 end
Average processing time of GrabImageRGBD(): 12.8706ms
Frame 2852 end
Average processing time of GrabImageRGBD(): 12.8709ms
Frame 2853 end
Average processing time of GrabImageRGBD(): 12.8702ms
Frame 2854 end
Average processing time of GrabImageRGBD(): 12.8692ms
Frame 2855 end
Average processing time of GrabImageRGBD(): 12.877ms
Frame 2856 end
Average processing time of GrabImageRGBD(): 12.8766ms
Frame 2857 end
Average processing time of GrabImageRGBD(): 12.8767ms
Frame 2858 end
Average processing time of GrabImageRGBD(): 12.8754ms
Frame 2859 end
Average processing time of GrabImageRGBD(): 12.8753ms
Frame 2860 end
Average processing time of GrabImageRGBD(): 12.8746ms
Frame 2861 end
Average processing time of GrabImageRGBD(): 12.8829ms
Frame 2862 end
Average processing time of GrabImageRGBD(): 12.8828ms
Frame 2863 end
Average processing time of GrabImageRGBD(): 12.8819ms
Frame 2864 end
Average processing time of GrabImageRGBD(): 12.8813ms
Frame 2865 end
Average processing time of GrabImageRGBD(): 12.8808ms
Frame 2866 end
Average processing time of GrabImageRGBD(): 12.88ms
Frame 2867 end
Average processing time of GrabImageRGBD(): 12.8793ms
Frame 2868 end
Average processing time of GrabImageRGBD(): 12.8789ms
Frame 2869 end
Average processing time of GrabImageRGBD(): 12.8879ms
Frame 2870 end
Average processing time of GrabImageRGBD(): 12.8882ms
Frame 2871 end
Average processing time of GrabImageRGBD(): 12.8875ms
Frame 2872 end
Average processing time of GrabImageRGBD(): 12.8868ms
Frame 2873 end
Average processing time of GrabImageRGBD(): 12.8862ms
Frame 2874 end
Average processing time of GrabImageRGBD(): 12.8861ms
Frame 2875 end
Average processing time of GrabImageRGBD(): 12.8849ms
Frame 2876 end
Average processing time of GrabImageRGBD(): 12.8966ms
Frame 2877 end
Average processing time of GrabImageRGBD(): 12.8964ms
Frame 2878 end
Average processing time of GrabImageRGBD(): 12.8959ms
Frame 2879 end
Average processing time of GrabImageRGBD(): 12.8956ms
Frame 2880 end
Average processing time of GrabImageRGBD(): 12.8945ms
Frame 2881 end
Average processing time of GrabImageRGBD(): 12.8934ms
Frame 2882 end
Average processing time of GrabImageRGBD(): 12.8926ms
Frame 2883 end
Average processing time of GrabImageRGBD(): 12.9016ms
Frame 2884 end
Average processing time of GrabImageRGBD(): 12.9022ms
Frame 2885 end
Average processing time of GrabImageRGBD(): 12.9017ms
Frame 2886 end
Average processing time of GrabImageRGBD(): 12.9017ms
Frame 2887 end
Average processing time of GrabImageRGBD(): 12.9013ms
Frame 2888 end
Average processing time of GrabImageRGBD(): 12.9015ms
Frame 2889 end
Average processing time of GrabImageRGBD(): 12.9016ms
Frame 2890 end
Average processing time of GrabImageRGBD(): 12.9012ms
Frame 2891 end
Average processing time of GrabImageRGBD(): 12.9099ms
Frame 2892 end
Average processing time of GrabImageRGBD(): 12.9102ms
Frame 2893 end
Average processing time of GrabImageRGBD(): 12.9093ms
Frame 2894 end
Average processing time of GrabImageRGBD(): 12.9082ms
Frame 2895 end
Average processing time of GrabImageRGBD(): 12.9079ms
Frame 2896 end
Average processing time of GrabImageRGBD(): 12.9073ms
Frame 2897 end
Average processing time of GrabImageRGBD(): 12.9072ms
Frame 2898 end
Average processing time of GrabImageRGBD(): 12.9064ms
Frame 2899 end
Average processing time of GrabImageRGBD(): 12.9058ms
Frame 2900 end
Average processing time of GrabImageRGBD(): 12.9146ms
Frame 2901 end
Average processing time of GrabImageRGBD(): 12.9141ms
Frame 2902 end
Average processing time of GrabImageRGBD(): 12.9136ms
Frame 2903 end
Average processing time of GrabImageRGBD(): 12.9131ms
Frame 2904 end
Average processing time of GrabImageRGBD(): 12.9129ms
Frame 2905 end
Average processing time of GrabImageRGBD(): 12.9127ms
Frame 2906 end
Average processing time of GrabImageRGBD(): 12.9127ms
Frame 2907 end
Average processing time of GrabImageRGBD(): 12.9131ms
Frame 2908 end
Average processing time of GrabImageRGBD(): 12.9128ms
Frame 2909 end
Average processing time of GrabImageRGBD(): 12.9216ms
Frame 2910 end
Average processing time of GrabImageRGBD(): 12.9217ms
Frame 2911 end
Average processing time of GrabImageRGBD(): 12.9215ms
Frame 2912 end
Average processing time of GrabImageRGBD(): 12.9218ms
Frame 2913 end
Average processing time of GrabImageRGBD(): 12.9222ms
Frame 2914 end
Average processing time of GrabImageRGBD(): 12.922ms
Frame 2915 end
Average processing time of GrabImageRGBD(): 12.9219ms
Frame 2916 end
Average processing time of GrabImageRGBD(): 12.9223ms
Frame 2917 end
Average processing time of GrabImageRGBD(): 12.9224ms
Frame 2918 end
Average processing time of GrabImageRGBD(): 12.9295ms
Frame 2919 end
Average processing time of GrabImageRGBD(): 12.9301ms
Frame 2920 end
Average processing time of GrabImageRGBD(): 12.9298ms
Frame 2921 end
Average processing time of GrabImageRGBD(): 12.9305ms
Frame 2922 end
Average processing time of GrabImageRGBD(): 12.9315ms
Frame 2923 end
Average processing time of GrabImageRGBD(): 12.9325ms
Frame 2924 end
Average processing time of GrabImageRGBD(): 12.9334ms
Frame 2925 end
Average processing time of GrabImageRGBD(): 12.9336ms
Frame 2926 end
Average processing time of GrabImageRGBD(): 12.9422ms
Frame 2927 end
Average processing time of GrabImageRGBD(): 12.9428ms
Frame 2928 end
Average processing time of GrabImageRGBD(): 12.9431ms
Frame 2929 end
Average processing time of GrabImageRGBD(): 12.9431ms
Frame 2930 end
Average processing time of GrabImageRGBD(): 12.9426ms
Frame 2931 end
Average processing time of GrabImageRGBD(): 12.9423ms
Frame 2932 end
Average processing time of GrabImageRGBD(): 12.9423ms
Frame 2933 end
Average processing time of GrabImageRGBD(): 12.9427ms
Frame 2934 end
Average processing time of GrabImageRGBD(): 12.9429ms
Frame 2935 end
Average processing time of GrabImageRGBD(): 12.951ms
Frame 2936 end
Average processing time of GrabImageRGBD(): 12.9501ms
Frame 2937 end
Average processing time of GrabImageRGBD(): 12.9497ms
Frame 2938 end
Average processing time of GrabImageRGBD(): 12.9493ms
Frame 2939 end
Average processing time of GrabImageRGBD(): 12.9486ms
Frame 2940 end
Average processing time of GrabImageRGBD(): 12.9468ms
Frame 2941 end
Average processing time of GrabImageRGBD(): 12.945ms
Frame 2942 end
Average processing time of GrabImageRGBD(): 12.9446ms
Frame 2943 end
Average processing time of GrabImageRGBD(): 12.9439ms
Frame 2944 end
Average processing time of GrabImageRGBD(): 12.9522ms
Frame 2945 end
Average processing time of GrabImageRGBD(): 12.9521ms
Frame 2946 end
Average processing time of GrabImageRGBD(): 12.9517ms
Frame 2947 end
Average processing time of GrabImageRGBD(): 12.9512ms
Frame 2948 end
Average processing time of GrabImageRGBD(): 12.9511ms
Frame 2949 end
Average processing time of GrabImageRGBD(): 12.9515ms
Frame 2950 end
Average processing time of GrabImageRGBD(): 12.952ms
Frame 2951 end
Average processing time of GrabImageRGBD(): 12.9521ms
Frame 2952 end
Average processing time of GrabImageRGBD(): 12.9517ms
Frame 2953 end
Average processing time of GrabImageRGBD(): 12.9606ms
Frame 2954 end
Average processing time of GrabImageRGBD(): 12.9609ms
Frame 2955 end
Average processing time of GrabImageRGBD(): 12.9608ms
Frame 2956 end
Average processing time of GrabImageRGBD(): 12.9613ms
Frame 2957 end
Average processing time of GrabImageRGBD(): 12.9605ms
Frame 2958 end
Average processing time of GrabImageRGBD(): 12.96ms
Frame 2959 end
Average processing time of GrabImageRGBD(): 12.9593ms
Frame 2960 end
Average processing time of GrabImageRGBD(): 12.9585ms
Frame 2961 end
Average processing time of GrabImageRGBD(): 12.9668ms
Frame 2962 end
Average processing time of GrabImageRGBD(): 12.9665ms
Frame 2963 end
Average processing time of GrabImageRGBD(): 12.9658ms
Frame 2964 end
Average processing time of GrabImageRGBD(): 12.9644ms
Frame 2965 end
Average processing time of GrabImageRGBD(): 12.9636ms
Frame 2966 end
Average processing time of GrabImageRGBD(): 12.9622ms
Frame 2967 end
Average processing time of GrabImageRGBD(): 12.9618ms
Frame 2968 end
Average processing time of GrabImageRGBD(): 12.9612ms
Frame 2969 end
Average processing time of GrabImageRGBD(): 12.9606ms
Frame 2970 end
Average processing time of GrabImageRGBD(): 12.9597ms
Frame 2971 end
Average processing time of GrabImageRGBD(): 12.9589ms
Frame 2972 end
Average processing time of GrabImageRGBD(): 12.9682ms
Frame 2973 end
Average processing time of GrabImageRGBD(): 12.9678ms
Frame 2974 end
Average processing time of GrabImageRGBD(): 12.9673ms
Frame 2975 end
Average processing time of GrabImageRGBD(): 12.9669ms
Frame 2976 end
Average processing time of GrabImageRGBD(): 12.966ms
Frame 2977 end
Average processing time of GrabImageRGBD(): 12.9652ms
Frame 2978 end
Average processing time of GrabImageRGBD(): 12.964ms
Frame 2979 end
Average processing time of GrabImageRGBD(): 12.9634ms
Frame 2980 end
Average processing time of GrabImageRGBD(): 12.9627ms
Frame 2981 end
Average processing time of GrabImageRGBD(): 12.9609ms
Frame 2982 end
Average processing time of GrabImageRGBD(): 12.9692ms
Frame 2983 end
Average processing time of GrabImageRGBD(): 12.9687ms
Frame 2984 end
Average processing time of GrabImageRGBD(): 12.9683ms
Frame 2985 end
Average processing time of GrabImageRGBD(): 12.9674ms
Frame 2986 end
Average processing time of GrabImageRGBD(): 12.9665ms
Frame 2987 end
Average processing time of GrabImageRGBD(): 12.9655ms
Frame 2988 end
Average processing time of GrabImageRGBD(): 12.9643ms
Frame 2989 end
Average processing time of GrabImageRGBD(): 12.9637ms
Frame 2990 end
Average processing time of GrabImageRGBD(): 12.9628ms
Frame 2991 end
Average processing time of GrabImageRGBD(): 12.9714ms
Frame 2992 end
Average processing time of GrabImageRGBD(): 12.9712ms
Frame 2993 end
Average processing time of GrabImageRGBD(): 12.9708ms
Frame 2994 end
Average processing time of GrabImageRGBD(): 12.9701ms
Frame 2995 end
Average processing time of GrabImageRGBD(): 12.9683ms
Frame 2996 end
Average processing time of GrabImageRGBD(): 12.9676ms
Frame 2997 end
Average processing time of GrabImageRGBD(): 12.9671ms
Frame 2998 end
Average processing time of GrabImageRGBD(): 12.9663ms
Frame 2999 end
Average processing time of GrabImageRGBD(): 12.9654ms
Frame 3000 end
Average processing time of GrabImageRGBD(): 12.9645ms
Frame 3001 end
Average processing time of GrabImageRGBD(): 12.9767ms
Frame 3002 end
Average processing time of GrabImageRGBD(): 12.9767ms
Frame 3003 end
Average processing time of GrabImageRGBD(): 12.9757ms
Frame 3004 end
Average processing time of GrabImageRGBD(): 12.9752ms
Frame 3005 end
Average processing time of GrabImageRGBD(): 12.9745ms
Frame 3006 end
Average processing time of GrabImageRGBD(): 12.9729ms
Frame 3007 end
Average processing time of GrabImageRGBD(): 12.9723ms
Frame 3008 end
Average processing time of GrabImageRGBD(): 12.9696ms
Frame 3009 end
Average processing time of GrabImageRGBD(): 12.9683ms
Frame 3010 end
Average processing time of GrabImageRGBD(): 12.9767ms
Frame 3011 end
Average processing time of GrabImageRGBD(): 12.9757ms
Frame 3012 end
Average processing time of GrabImageRGBD(): 12.9748ms
Frame 3013 end
Average processing time of GrabImageRGBD(): 12.9739ms
Frame 3014 end
Average processing time of GrabImageRGBD(): 12.9726ms
Frame 3015 end
Average processing time of GrabImageRGBD(): 12.9722ms
Frame 3016 end
Average processing time of GrabImageRGBD(): 12.9711ms
Frame 3017 end
Average processing time of GrabImageRGBD(): 12.9703ms
Frame 3018 end
Average processing time of GrabImageRGBD(): 12.9693ms
Frame 3019 end
Average processing time of GrabImageRGBD(): 12.9684ms
Frame 3020 end
Average processing time of GrabImageRGBD(): 12.9768ms
Frame 3021 end
Average processing time of GrabImageRGBD(): 12.9764ms
Frame 3022 end
Average processing time of GrabImageRGBD(): 12.974ms
Frame 3023 end
Average processing time of GrabImageRGBD(): 12.9734ms
Frame 3024 end
Average processing time of GrabImageRGBD(): 12.9729ms
Frame 3025 end
Average processing time of GrabImageRGBD(): 12.9723ms
Frame 3026 end
Average processing time of GrabImageRGBD(): 12.9702ms
Frame 3027 end
Average processing time of GrabImageRGBD(): 12.9695ms
Frame 3028 end
Average processing time of GrabImageRGBD(): 12.9673ms
Frame 3029 end
Average processing time of GrabImageRGBD(): 12.9759ms
Frame 3030 end
Average processing time of GrabImageRGBD(): 12.9757ms
Frame 3031 end
Average processing time of GrabImageRGBD(): 12.9752ms
Frame 3032 end
Average processing time of GrabImageRGBD(): 12.9747ms
Frame 3033 end
Average processing time of GrabImageRGBD(): 12.9735ms
Frame 3034 end
Average processing time of GrabImageRGBD(): 12.9726ms
Frame 3035 end
Average processing time of GrabImageRGBD(): 12.972ms
Frame 3036 end
Average processing time of GrabImageRGBD(): 12.9714ms
Frame 3037 end
Average processing time of GrabImageRGBD(): 12.9707ms
Frame 3038 end
Average processing time of GrabImageRGBD(): 12.9701ms
Frame 3039 end
Average processing time of GrabImageRGBD(): 12.9688ms
Frame 3040 end
Average processing time of GrabImageRGBD(): 12.9681ms
Frame 3041 end
Average processing time of GrabImageRGBD(): 12.9661ms
Frame 3042 end
Average processing time of GrabImageRGBD(): 12.964ms
Frame 3043 end
Average processing time of GrabImageRGBD(): 12.9627ms
Frame 3044 end
Average processing time of GrabImageRGBD(): 12.9613ms
Frame 3045 end
Average processing time of GrabImageRGBD(): 12.9603ms
Frame 3046 end
Average processing time of GrabImageRGBD(): 12.9599ms
Frame 3047 end
Average processing time of GrabImageRGBD(): 12.959ms
Frame 3048 end
Average processing time of GrabImageRGBD(): 12.9671ms
Frame 3049 end
Average processing time of GrabImageRGBD(): 12.9671ms
Frame 3050 end
Average processing time of GrabImageRGBD(): 12.9667ms
Frame 3051 end
Average processing time of GrabImageRGBD(): 12.9657ms
Frame 3052 end
Average processing time of GrabImageRGBD(): 12.9651ms
Frame 3053 end
Average processing time of GrabImageRGBD(): 12.9645ms
Frame 3054 end
Average processing time of GrabImageRGBD(): 12.9639ms
Frame 3055 end
Average processing time of GrabImageRGBD(): 12.9632ms
Frame 3056 end
Average processing time of GrabImageRGBD(): 12.9709ms
Frame 3057 end
Average processing time of GrabImageRGBD(): 12.971ms
Frame 3058 end
Average processing time of GrabImageRGBD(): 12.9702ms
Frame 3059 end
Average processing time of GrabImageRGBD(): 12.9696ms
Frame 3060 end
Average processing time of GrabImageRGBD(): 12.9683ms
Frame 3061 end
Average processing time of GrabImageRGBD(): 12.9675ms
Frame 3062 end
Average processing time of GrabImageRGBD(): 12.965ms
Frame 3063 end
Average processing time of GrabImageRGBD(): 12.9641ms
Frame 3064 end
Average processing time of GrabImageRGBD(): 12.9624ms
Frame 3065 end
Average processing time of GrabImageRGBD(): 12.9701ms
Frame 3066 end
Average processing time of GrabImageRGBD(): 12.9697ms
Frame 3067 end
Average processing time of GrabImageRGBD(): 12.9682ms
Frame 3068 end
Average processing time of GrabImageRGBD(): 12.9671ms
Frame 3069 end
Average processing time of GrabImageRGBD(): 12.966ms
Frame 3070 end
Average processing time of GrabImageRGBD(): 12.9641ms
Frame 3071 end
Average processing time of GrabImageRGBD(): 12.9628ms
Frame 3072 end
Average processing time of GrabImageRGBD(): 12.9616ms
Frame 3073 end
Average processing time of GrabImageRGBD(): 12.9608ms
Frame 3074 end
Average processing time of GrabImageRGBD(): 12.9683ms
Frame 3075 end
Average processing time of GrabImageRGBD(): 12.9675ms
Frame 3076 end
Average processing time of GrabImageRGBD(): 12.9663ms
Frame 3077 end
Average processing time of GrabImageRGBD(): 12.9654ms
Frame 3078 end
Average processing time of GrabImageRGBD(): 12.964ms
Frame 3079 end
Average processing time of GrabImageRGBD(): 12.9615ms
Frame 3080 end
Average processing time of GrabImageRGBD(): 12.9607ms
Frame 3081 end
Average processing time of GrabImageRGBD(): 12.9595ms
Frame 3082 end
Average processing time of GrabImageRGBD(): 12.9581ms
Frame 3083 end
Average processing time of GrabImageRGBD(): 12.9658ms
Frame 3084 end
Average processing time of GrabImageRGBD(): 12.9656ms
Frame 3085 end
Average processing time of GrabImageRGBD(): 12.9647ms
Frame 3086 end
Average processing time of GrabImageRGBD(): 12.9637ms
Frame 3087 end
Average processing time of GrabImageRGBD(): 12.9618ms
Frame 3088 end
Average processing time of GrabImageRGBD(): 12.9608ms
Frame 3089 end
Average processing time of GrabImageRGBD(): 12.9602ms
Frame 3090 end
Average processing time of GrabImageRGBD(): 12.9583ms
Frame 3091 end
Average processing time of GrabImageRGBD(): 12.9662ms
Frame 3092 end
Average processing time of GrabImageRGBD(): 12.9655ms
Frame 3093 end
Average processing time of GrabImageRGBD(): 12.9652ms
Frame 3094 end
Average processing time of GrabImageRGBD(): 12.9653ms
Frame 3095 end
Average processing time of GrabImageRGBD(): 12.965ms
Frame 3096 end
Average processing time of GrabImageRGBD(): 12.9635ms
Frame 3097 end
Average processing time of GrabImageRGBD(): 12.9622ms
Frame 3098 end
Average processing time of GrabImageRGBD(): 12.9615ms
Frame 3099 end
Average processing time of GrabImageRGBD(): 12.9703ms
Frame 3100 end
Average processing time of GrabImageRGBD(): 12.9691ms
Frame 3101 end
Average processing time of GrabImageRGBD(): 12.9687ms
Frame 3102 end
Average processing time of GrabImageRGBD(): 12.9681ms
Frame 3103 end
Average processing time of GrabImageRGBD(): 12.9675ms
Frame 3104 end
Average processing time of GrabImageRGBD(): 12.9675ms
Frame 3105 end
Average processing time of GrabImageRGBD(): 12.9664ms
Frame 3106 end
Average processing time of GrabImageRGBD(): 12.9646ms
Frame 3107 end
Average processing time of GrabImageRGBD(): 12.973ms
Frame 3108 end
Average processing time of GrabImageRGBD(): 12.972ms
Frame 3109 end
Average processing time of GrabImageRGBD(): 12.9707ms
Frame 3110 end
Average processing time of GrabImageRGBD(): 12.9698ms
Frame 3111 end
Average processing time of GrabImageRGBD(): 12.9693ms
Frame 3112 end
Average processing time of GrabImageRGBD(): 12.9674ms
Frame 3113 end
Average processing time of GrabImageRGBD(): 12.9663ms
Frame 3114 end
Average processing time of GrabImageRGBD(): 12.9652ms
Frame 3115 end
Average processing time of GrabImageRGBD(): 12.973ms
Frame 3116 end
Average processing time of GrabImageRGBD(): 12.9724ms
Frame 3117 end
Average processing time of GrabImageRGBD(): 12.9719ms
Frame 3118 end
Average processing time of GrabImageRGBD(): 12.9706ms
Frame 3119 end
Average processing time of GrabImageRGBD(): 12.9694ms
Frame 3120 end
Average processing time of GrabImageRGBD(): 12.9688ms
Frame 3121 end
Average processing time of GrabImageRGBD(): 12.9686ms
Frame 3122 end
Average processing time of GrabImageRGBD(): 12.9677ms
Frame 3123 end
Average processing time of GrabImageRGBD(): 12.9756ms
Frame 3124 end
Average processing time of GrabImageRGBD(): 12.9751ms
Frame 3125 end
Average processing time of GrabImageRGBD(): 12.9744ms
Frame 3126 end
Average processing time of GrabImageRGBD(): 12.9742ms
Frame 3127 end
Average processing time of GrabImageRGBD(): 12.9726ms
Frame 3128 end
Average processing time of GrabImageRGBD(): 12.9716ms
Frame 3129 end
Average processing time of GrabImageRGBD(): 12.9703ms
Frame 3130 end
Average processing time of GrabImageRGBD(): 12.9698ms
Frame 3131 end
Average processing time of GrabImageRGBD(): 12.9692ms
Frame 3132 end
Average processing time of GrabImageRGBD(): 12.9776ms
Frame 3133 end
Average processing time of GrabImageRGBD(): 12.9775ms
Frame 3134 end
Average processing time of GrabImageRGBD(): 12.977ms
Frame 3135 end
Average processing time of GrabImageRGBD(): 12.9765ms
Frame 3136 end
Average processing time of GrabImageRGBD(): 12.9759ms
Frame 3137 end
Average processing time of GrabImageRGBD(): 12.9745ms
Frame 3138 end
Average processing time of GrabImageRGBD(): 12.9737ms
Frame 3139 end
Average processing time of GrabImageRGBD(): 12.973ms
Frame 3140 end
Average processing time of GrabImageRGBD(): 12.9724ms
Frame 3141 end
Average processing time of GrabImageRGBD(): 12.981ms
Frame 3142 end
Average processing time of GrabImageRGBD(): 12.9812ms
Frame 3143 end
Average processing time of GrabImageRGBD(): 12.9793ms
Frame 3144 end
Average processing time of GrabImageRGBD(): 12.978ms
Frame 3145 end
Average processing time of GrabImageRGBD(): 12.9774ms
Frame 3146 end
Average processing time of GrabImageRGBD(): 12.9772ms
Frame 3147 end
Average processing time of GrabImageRGBD(): 12.9764ms
Frame 3148 end
Average processing time of GrabImageRGBD(): 12.9753ms
Frame 3149 end
Average processing time of GrabImageRGBD(): 12.9745ms
Frame 3150 end
Average processing time of GrabImageRGBD(): 12.983ms
Frame 3151 end
Average processing time of GrabImageRGBD(): 12.9831ms
Frame 3152 end
Average processing time of GrabImageRGBD(): 12.9826ms
Frame 3153 end
Average processing time of GrabImageRGBD(): 12.9817ms
Frame 3154 end
Average processing time of GrabImageRGBD(): 12.9814ms
Frame 3155 end
Average processing time of GrabImageRGBD(): 12.9796ms
Frame 3156 end
Average processing time of GrabImageRGBD(): 12.979ms
Frame 3157 end
Average processing time of GrabImageRGBD(): 12.9776ms
Frame 3158 end
Average processing time of GrabImageRGBD(): 12.9768ms
Frame 3159 end
Average processing time of GrabImageRGBD(): 12.976ms
Frame 3160 end
Average processing time of GrabImageRGBD(): 12.9836ms
Frame 3161 end
Average processing time of GrabImageRGBD(): 12.9832ms
Frame 3162 end
Average processing time of GrabImageRGBD(): 12.983ms
Frame 3163 end
Average processing time of GrabImageRGBD(): 12.9813ms
Frame 3164 end
Average processing time of GrabImageRGBD(): 12.9801ms
Frame 3165 end
Average processing time of GrabImageRGBD(): 12.9794ms
Frame 3166 end
Average processing time of GrabImageRGBD(): 12.9788ms
Frame 3167 end
Average processing time of GrabImageRGBD(): 12.9773ms
Frame 3168 end
Average processing time of GrabImageRGBD(): 12.9759ms
Frame 3169 end
Average processing time of GrabImageRGBD(): 12.9743ms
Frame 3170 end
Average processing time of GrabImageRGBD(): 12.9819ms
Frame 3171 end
Average processing time of GrabImageRGBD(): 12.982ms
Frame 3172 end
Average processing time of GrabImageRGBD(): 12.9809ms
Frame 3173 end
Average processing time of GrabImageRGBD(): 12.9805ms
Frame 3174 end
Average processing time of GrabImageRGBD(): 12.9797ms
Frame 3175 end
Average processing time of GrabImageRGBD(): 12.9782ms
Frame 3176 end
Average processing time of GrabImageRGBD(): 12.9773ms
Frame 3177 end
Average processing time of GrabImageRGBD(): 12.9761ms
Frame 3178 end
Average processing time of GrabImageRGBD(): 12.9745ms
Frame 3179 end
Average processing time of GrabImageRGBD(): 12.982ms
Frame 3180 end
Average processing time of GrabImageRGBD(): 12.9813ms
Frame 3181 end
Average processing time of GrabImageRGBD(): 12.9805ms
Frame 3182 end
Average processing time of GrabImageRGBD(): 12.9798ms
Frame 3183 end
Average processing time of GrabImageRGBD(): 12.9791ms
Frame 3184 end
Average processing time of GrabImageRGBD(): 12.9782ms
Frame 3185 end
Average processing time of GrabImageRGBD(): 12.9776ms
Frame 3186 end
Average processing time of GrabImageRGBD(): 12.9761ms
Frame 3187 end
Average processing time of GrabImageRGBD(): 12.9741ms
Frame 3188 end
Average processing time of GrabImageRGBD(): 12.9723ms
Frame 3189 end
Average processing time of GrabImageRGBD(): 12.9837ms
Frame 3190 end
Average processing time of GrabImageRGBD(): 12.9835ms
Frame 3191 end
Average processing time of GrabImageRGBD(): 12.982ms
Frame 3192 end
Average processing time of GrabImageRGBD(): 12.9814ms
Frame 3193 end
Average processing time of GrabImageRGBD(): 12.9809ms
Frame 3194 end
Average processing time of GrabImageRGBD(): 12.9807ms
Frame 3195 end
Average processing time of GrabImageRGBD(): 12.9804ms
Frame 3196 end
Average processing time of GrabImageRGBD(): 12.9785ms
Frame 3197 end
Average processing time of GrabImageRGBD(): 12.9772ms
Frame 3198 end
Average processing time of GrabImageRGBD(): 12.9765ms
Frame 3199 end
Average processing time of GrabImageRGBD(): 12.9756ms
Frame 3200 end
Average processing time of GrabImageRGBD(): 12.9747ms
Frame 3201 end
Average processing time of GrabImageRGBD(): 12.9738ms
Frame 3202 end
Average processing time of GrabImageRGBD(): 12.9728ms
Frame 3203 end
Average processing time of GrabImageRGBD(): 12.9806ms
Frame 3204 end
Average processing time of GrabImageRGBD(): 12.9803ms
Frame 3205 end
Average processing time of GrabImageRGBD(): 12.9799ms
Frame 3206 end
Average processing time of GrabImageRGBD(): 12.9787ms
Frame 3207 end
Average processing time of GrabImageRGBD(): 12.9778ms
Frame 3208 end
Average processing time of GrabImageRGBD(): 12.9775ms
Frame 3209 end
Average processing time of GrabImageRGBD(): 12.9759ms
Frame 3210 end
Average processing time of GrabImageRGBD(): 12.975ms
Frame 3211 end
Average processing time of GrabImageRGBD(): 12.9737ms
Frame 3212 end
Average processing time of GrabImageRGBD(): 12.9727ms
Frame 3213 end
Average processing time of GrabImageRGBD(): 12.9806ms
Frame 3214 end
Average processing time of GrabImageRGBD(): 12.9799ms
Frame 3215 end
Average processing time of GrabImageRGBD(): 12.9789ms
Frame 3216 end
Average processing time of GrabImageRGBD(): 12.9774ms
Frame 3217 end
Average processing time of GrabImageRGBD(): 12.9767ms
Frame 3218 end
Average processing time of GrabImageRGBD(): 12.9759ms
Frame 3219 end
Average processing time of GrabImageRGBD(): 12.9752ms
Frame 3220 end
Average processing time of GrabImageRGBD(): 12.9749ms
Frame 3221 end
Average processing time of GrabImageRGBD(): 12.9831ms
Frame 3222 end
Average processing time of GrabImageRGBD(): 12.983ms
Frame 3223 end
Average processing time of GrabImageRGBD(): 12.9812ms
Frame 3224 end
Average processing time of GrabImageRGBD(): 12.9808ms
Frame 3225 end
Average processing time of GrabImageRGBD(): 12.98ms
Frame 3226 end
Average processing time of GrabImageRGBD(): 12.9794ms
Frame 3227 end
Average processing time of GrabImageRGBD(): 12.9789ms
Frame 3228 end
Average processing time of GrabImageRGBD(): 12.978ms
Frame 3229 end
Average processing time of GrabImageRGBD(): 12.9766ms
Frame 3230 end
Average processing time of GrabImageRGBD(): 12.9849ms
Frame 3231 end
Average processing time of GrabImageRGBD(): 12.985ms
Frame 3232 end
Average processing time of GrabImageRGBD(): 12.9845ms
Frame 3233 end
Average processing time of GrabImageRGBD(): 12.984ms
Frame 3234 end
Average processing time of GrabImageRGBD(): 12.9822ms
Frame 3235 end
Average processing time of GrabImageRGBD(): 12.9819ms
Frame 3236 end
Average processing time of GrabImageRGBD(): 12.9813ms
Frame 3237 end
Average processing time of GrabImageRGBD(): 12.9799ms
Frame 3238 end
Average processing time of GrabImageRGBD(): 12.9877ms
Frame 3239 end
Average processing time of GrabImageRGBD(): 12.9872ms
Frame 3240 end
Average processing time of GrabImageRGBD(): 12.9861ms
Frame 3241 end
Average processing time of GrabImageRGBD(): 12.9855ms
Frame 3242 end
Average processing time of GrabImageRGBD(): 12.9846ms
Frame 3243 end
Average processing time of GrabImageRGBD(): 12.9833ms
Frame 3244 end
Average processing time of GrabImageRGBD(): 12.9827ms
Frame 3245 end
Average processing time of GrabImageRGBD(): 12.9815ms
Frame 3246 end
Average processing time of GrabImageRGBD(): 12.99ms
Frame 3247 end
Average processing time of GrabImageRGBD(): 12.9988ms
Frame 3248 end
Average processing time of GrabImageRGBD(): 12.9983ms
Frame 3249 end
Average processing time of GrabImageRGBD(): 12.9979ms
Frame 3250 end
Average processing time of GrabImageRGBD(): 12.9971ms
Frame 3251 end
Average processing time of GrabImageRGBD(): 12.9965ms
Frame 3252 end
Average processing time of GrabImageRGBD(): 12.9947ms
Frame 3253 end
Average processing time of GrabImageRGBD(): 12.9932ms
Frame 3254 end
Average processing time of GrabImageRGBD(): 12.9929ms
Frame 3255 end
Average processing time of GrabImageRGBD(): 12.9922ms
Frame 3256 end
Average processing time of GrabImageRGBD(): 12.9911ms
Frame 3257 end
Average processing time of GrabImageRGBD(): 12.9995ms
Frame 3258 end
Average processing time of GrabImageRGBD(): 12.9998ms
Frame 3259 end
Average processing time of GrabImageRGBD(): 12.9993ms
Frame 3260 end
Average processing time of GrabImageRGBD(): 12.999ms
Frame 3261 end
Average processing time of GrabImageRGBD(): 12.9986ms
Frame 3262 end
Average processing time of GrabImageRGBD(): 12.9975ms
Frame 3263 end
Average processing time of GrabImageRGBD(): 12.9975ms
Frame 3264 end
Average processing time of GrabImageRGBD(): 12.9969ms
Frame 3265 end
Average processing time of GrabImageRGBD(): 12.9948ms
Frame 3266 end
Average processing time of GrabImageRGBD(): 12.9943ms
Frame 3267 end
Average processing time of GrabImageRGBD(): 12.9934ms
Frame 3268 end
Average processing time of GrabImageRGBD(): 13.0021ms
Frame 3269 end
Average processing time of GrabImageRGBD(): 13.0029ms
Frame 3270 end
Average processing time of GrabImageRGBD(): 13.0013ms
Frame 3271 end
Average processing time of GrabImageRGBD(): 13.0004ms
Frame 3272 end
Average processing time of GrabImageRGBD(): 12.9995ms
Frame 3273 end
Average processing time of GrabImageRGBD(): 12.9982ms
Frame 3274 end
Average processing time of GrabImageRGBD(): 12.9976ms
Frame 3275 end
Average processing time of GrabImageRGBD(): 12.9968ms
Frame 3276 end
Average processing time of GrabImageRGBD(): 12.9957ms
Frame 3277 end
Average processing time of GrabImageRGBD(): 12.9948ms
Frame 3278 end
Average processing time of GrabImageRGBD(): 12.993ms
Frame 3279 end
Average processing time of GrabImageRGBD(): 13.0009ms
Frame 3280 end
Average processing time of GrabImageRGBD(): 13.0008ms
Frame 3281 end
Average processing time of GrabImageRGBD(): 13.0001ms
Frame 3282 end
Average processing time of GrabImageRGBD(): 12.9987ms
Frame 3283 end
Average processing time of GrabImageRGBD(): 12.9973ms
Frame 3284 end
Average processing time of GrabImageRGBD(): 12.9968ms
Frame 3285 end
Average processing time of GrabImageRGBD(): 12.9962ms
Frame 3286 end
Average processing time of GrabImageRGBD(): 12.9953ms
Frame 3287 end
Average processing time of GrabImageRGBD(): 12.9939ms
Frame 3288 end
Average processing time of GrabImageRGBD(): 12.9931ms
Frame 3289 end
Average processing time of GrabImageRGBD(): 12.9919ms
Frame 3290 end
Average processing time of GrabImageRGBD(): 13.0001ms
Frame 3291 end
Average processing time of GrabImageRGBD(): 13.0001ms
Frame 3292 end
Average processing time of GrabImageRGBD(): 12.999ms
Frame 3293 end
Average processing time of GrabImageRGBD(): 12.9982ms
Frame 3294 end
Average processing time of GrabImageRGBD(): 12.9973ms
Frame 3295 end
Average processing time of GrabImageRGBD(): 12.9972ms
Frame 3296 end
Average processing time of GrabImageRGBD(): 12.9961ms
Frame 3297 end
Average processing time of GrabImageRGBD(): 12.9953ms
Frame 3298 end
Average processing time of GrabImageRGBD(): 12.9941ms
Frame 3299 end
Average processing time of GrabImageRGBD(): 12.9934ms
Frame 3300 end
Average processing time of GrabImageRGBD(): 12.9924ms
Frame 3301 end
Average processing time of GrabImageRGBD(): 12.9917ms
Frame 3302 end
Average processing time of GrabImageRGBD(): 12.9907ms
Frame 3303 end
Average processing time of GrabImageRGBD(): 12.9892ms
Frame 3304 end
Average processing time of GrabImageRGBD(): 12.9965ms
Frame 3305 end
Average processing time of GrabImageRGBD(): 12.9963ms
Frame 3306 end
Average processing time of GrabImageRGBD(): 12.9957ms
Frame 3307 end
Average processing time of GrabImageRGBD(): 12.9941ms
Frame 3308 end
Average processing time of GrabImageRGBD(): 12.9931ms
Frame 3309 end
Average processing time of GrabImageRGBD(): 12.9924ms
Frame 3310 end
Average processing time of GrabImageRGBD(): 12.9914ms
Frame 3311 end
Average processing time of GrabImageRGBD(): 12.9902ms
Frame 3312 end
Average processing time of GrabImageRGBD(): 12.989ms
Frame 3313 end
Average processing time of GrabImageRGBD(): 12.989ms
Frame 3314 end
Average processing time of GrabImageRGBD(): 12.9875ms
Frame 3315 end
Average processing time of GrabImageRGBD(): 12.9861ms
Frame 3316 end
Average processing time of GrabImageRGBD(): 12.9853ms
Frame 3317 end
Average processing time of GrabImageRGBD(): 12.9934ms
Frame 3318 end
Average processing time of GrabImageRGBD(): 12.9935ms
Frame 3319 end
Average processing time of GrabImageRGBD(): 12.9933ms
Frame 3320 end
Average processing time of GrabImageRGBD(): 12.9916ms
Frame 3321 end
Average processing time of GrabImageRGBD(): 12.9907ms
Frame 3322 end
Average processing time of GrabImageRGBD(): 12.9901ms
Frame 3323 end
Average processing time of GrabImageRGBD(): 12.9896ms
Frame 3324 end
Average processing time of GrabImageRGBD(): 12.9883ms
Frame 3325 end
Average processing time of GrabImageRGBD(): 12.9879ms
Frame 3326 end
Average processing time of GrabImageRGBD(): 12.9873ms
Frame 3327 end
Average processing time of GrabImageRGBD(): 12.9864ms
Frame 3328 end
Average processing time of GrabImageRGBD(): 12.9858ms
Frame 3329 end
Average processing time of GrabImageRGBD(): 12.9854ms
Frame 3330 end
Average processing time of GrabImageRGBD(): 12.9928ms
Frame 3331 end
Average processing time of GrabImageRGBD(): 12.9928ms
Frame 3332 end
Average processing time of GrabImageRGBD(): 12.9925ms
Frame 3333 end
Average processing time of GrabImageRGBD(): 12.9918ms
Frame 3334 end
Average processing time of GrabImageRGBD(): 12.9905ms
Frame 3335 end
Average processing time of GrabImageRGBD(): 12.9892ms
Frame 3336 end
Average processing time of GrabImageRGBD(): 12.9909ms
Frame 3337 end
Average processing time of GrabImageRGBD(): 12.9916ms
Frame 3338 end
Average processing time of GrabImageRGBD(): 12.9903ms
Frame 3339 end
Average processing time of GrabImageRGBD(): 12.9883ms
Frame 3340 end
Average processing time of GrabImageRGBD(): 12.9884ms
Frame 3341 end
Average processing time of GrabImageRGBD(): 12.9887ms
Frame 3342 end
Average processing time of GrabImageRGBD(): 12.9889ms
Frame 3343 end
Average processing time of GrabImageRGBD(): 12.9892ms
Frame 3344 end
Average processing time of GrabImageRGBD(): 12.9974ms
Frame 3345 end
Average processing time of GrabImageRGBD(): 12.9977ms
Frame 3346 end
Average processing time of GrabImageRGBD(): 12.9972ms
Frame 3347 end
Average processing time of GrabImageRGBD(): 12.9967ms
Frame 3348 end
Average processing time of GrabImageRGBD(): 12.9958ms
Frame 3349 end
Average processing time of GrabImageRGBD(): 12.9952ms
Frame 3350 end
Average processing time of GrabImageRGBD(): 12.9945ms
Frame 3351 end
Average processing time of GrabImageRGBD(): 12.9938ms
Frame 3352 end
Average processing time of GrabImageRGBD(): 12.9931ms
Frame 3353 end
Average processing time of GrabImageRGBD(): 12.9926ms
Frame 3354 end
Average processing time of GrabImageRGBD(): 13.0011ms
Frame 3355 end
Average processing time of GrabImageRGBD(): 13.001ms
Frame 3356 end
Average processing time of GrabImageRGBD(): 13.01ms
Frame 3357 end
Average processing time of GrabImageRGBD(): 13.0103ms
Frame 3358 end
Average processing time of GrabImageRGBD(): 13.0095ms
Frame 3359 end
Average processing time of GrabImageRGBD(): 13.0089ms
Frame 3360 end
Average processing time of GrabImageRGBD(): 13.0081ms
Frame 3361 end
Average processing time of GrabImageRGBD(): 13.0074ms
Frame 3362 end
Average processing time of GrabImageRGBD(): 13.0067ms
Frame 3363 end
Average processing time of GrabImageRGBD(): 13.0064ms
Frame 3364 end
Average processing time of GrabImageRGBD(): 13.0048ms
Frame 3365 end
Average processing time of GrabImageRGBD(): 13.004ms
Frame 3366 end
Average processing time of GrabImageRGBD(): 13.0169ms
Frame 3367 end
Average processing time of GrabImageRGBD(): 13.0169ms
Frame 3368 end
Average processing time of GrabImageRGBD(): 13.0164ms
Frame 3369 end
Average processing time of GrabImageRGBD(): 13.0161ms
Frame 3370 end
Average processing time of GrabImageRGBD(): 13.0157ms
Frame 3371 end
Average processing time of GrabImageRGBD(): 13.0154ms
Frame 3372 end
Average processing time of GrabImageRGBD(): 13.0148ms
Frame 3373 end
Average processing time of GrabImageRGBD(): 13.0143ms
Frame 3374 end
Average processing time of GrabImageRGBD(): 13.0136ms
Frame 3375 end
Average processing time of GrabImageRGBD(): 13.0128ms
Frame 3376 end
Average processing time of GrabImageRGBD(): 13.0123ms
Frame 3377 end
Average processing time of GrabImageRGBD(): 13.012ms
Frame 3378 end
Average processing time of GrabImageRGBD(): 13.0112ms
Frame 3379 end
Average processing time of GrabImageRGBD(): 13.0105ms
Frame 3380 end
Average processing time of GrabImageRGBD(): 13.0097ms
Frame 3381 end
Average processing time of GrabImageRGBD(): 13.0092ms
Frame 3382 end
Average processing time of GrabImageRGBD(): 13.0088ms
Frame 3383 end
Average processing time of GrabImageRGBD(): 13.0085ms
Frame 3384 end
Average processing time of GrabImageRGBD(): 13.0164ms
Frame 3385 end
Average processing time of GrabImageRGBD(): 13.0164ms
Frame 3386 end
Average processing time of GrabImageRGBD(): 13.0159ms
Frame 3387 end
Average processing time of GrabImageRGBD(): 13.0156ms
Frame 3388 end
Average processing time of GrabImageRGBD(): 13.0162ms
Frame 3389 end
Average processing time of GrabImageRGBD(): 13.0148ms
Frame 3390 end
Average processing time of GrabImageRGBD(): 13.0142ms
Frame 3391 end
Average processing time of GrabImageRGBD(): 13.0137ms
Frame 3392 end
Average processing time of GrabImageRGBD(): 13.0132ms
Frame 3393 end
Average processing time of GrabImageRGBD(): 13.0128ms
Frame 3394 end
Average processing time of GrabImageRGBD(): 13.0122ms
Frame 3395 end
Average processing time of GrabImageRGBD(): 13.0118ms
Frame 3396 end
Average processing time of GrabImageRGBD(): 13.0101ms
Frame 3397 end
Average processing time of GrabImageRGBD(): 13.0087ms
Frame 3398 end
Average processing time of GrabImageRGBD(): 13.007ms
Frame 3399 end
Average processing time of GrabImageRGBD(): 13.0065ms
Frame 3400 end
Average processing time of GrabImageRGBD(): 13.0061ms
Frame 3401 end
Average processing time of GrabImageRGBD(): 13.0053ms
Frame 3402 end
Average processing time of GrabImageRGBD(): 13.0044ms
Frame 3403 end
Average processing time of GrabImageRGBD(): 13.0133ms
Frame 3404 end
Average processing time of GrabImageRGBD(): 13.0135ms
Frame 3405 end
Average processing time of GrabImageRGBD(): 13.0129ms
Frame 3406 end
Average processing time of GrabImageRGBD(): 13.0129ms
Frame 3407 end
Average processing time of GrabImageRGBD(): 13.0118ms
Frame 3408 end
Average processing time of GrabImageRGBD(): 13.0103ms
Frame 3409 end
Average processing time of GrabImageRGBD(): 13.009ms
Frame 3410 end
Average processing time of GrabImageRGBD(): 13.0084ms
Frame 3411 end
Average processing time of GrabImageRGBD(): 13.0078ms
Frame 3412 end
Average processing time of GrabImageRGBD(): 13.0072ms
Frame 3413 end
Average processing time of GrabImageRGBD(): 13.0069ms
Frame 3414 end
Average processing time of GrabImageRGBD(): 13.0062ms
Frame 3415 end
Average processing time of GrabImageRGBD(): 13.0057ms
Frame 3416 end
Average processing time of GrabImageRGBD(): 13.0051ms
Frame 3417 end
Average processing time of GrabImageRGBD(): 13.0043ms
Frame 3418 end
Average processing time of GrabImageRGBD(): 13.0038ms
Frame 3419 end
Average processing time of GrabImageRGBD(): 13.003ms
Frame 3420 end
Average processing time of GrabImageRGBD(): 13.0026ms
Frame 3421 end
Average processing time of GrabImageRGBD(): 13.0101ms
Frame 3422 end
Average processing time of GrabImageRGBD(): 13.0104ms
Frame 3423 end
Average processing time of GrabImageRGBD(): 13.0089ms
Frame 3424 end
Average processing time of GrabImageRGBD(): 13.0085ms
Frame 3425 end
Average processing time of GrabImageRGBD(): 13.008ms
Frame 3426 end
Average processing time of GrabImageRGBD(): 13.0075ms
Frame 3427 end
Average processing time of GrabImageRGBD(): 13.0071ms
Frame 3428 end
Average processing time of GrabImageRGBD(): 13.0063ms
Frame 3429 end
Average processing time of GrabImageRGBD(): 13.0057ms
Frame 3430 end
Average processing time of GrabImageRGBD(): 13.0049ms
Frame 3431 end
Average processing time of GrabImageRGBD(): 13.0045ms
Frame 3432 end
Average processing time of GrabImageRGBD(): 13.0035ms
Frame 3433 end
Average processing time of GrabImageRGBD(): 13.0127ms
Frame 3434 end
Average processing time of GrabImageRGBD(): 13.0221ms
Frame 3435 end
Average processing time of GrabImageRGBD(): 13.0225ms
Frame 3436 end
Average processing time of GrabImageRGBD(): 13.031ms
Frame 3437 end
Average processing time of GrabImageRGBD(): 13.0309ms
Frame 3438 end
Average processing time of GrabImageRGBD(): 13.0303ms
Frame 3439 end
Average processing time of GrabImageRGBD(): 13.0299ms
Frame 3440 end
Average processing time of GrabImageRGBD(): 13.0289ms
Frame 3441 end
Average processing time of GrabImageRGBD(): 13.0284ms
Frame 3442 end
Average processing time of GrabImageRGBD(): 13.0279ms
Frame 3443 end
Average processing time of GrabImageRGBD(): 13.0273ms
Frame 3444 end
Average processing time of GrabImageRGBD(): 13.0363ms
Frame 3445 end
Average processing time of GrabImageRGBD(): 13.0367ms
Frame 3446 end
Average processing time of GrabImageRGBD(): 13.0364ms
Frame 3447 end
Average processing time of GrabImageRGBD(): 13.0359ms
Frame 3448 end
Average processing time of GrabImageRGBD(): 13.0352ms
Frame 3449 end
Average processing time of GrabImageRGBD(): 13.0346ms
Frame 3450 end
Average processing time of GrabImageRGBD(): 13.0341ms
Frame 3451 end
Average processing time of GrabImageRGBD(): 13.0338ms
Frame 3452 end
Average processing time of GrabImageRGBD(): 13.0426ms
Frame 3453 end
Average processing time of GrabImageRGBD(): 13.0427ms
Frame 3454 end
Average processing time of GrabImageRGBD(): 13.0419ms
Frame 3455 end
Average processing time of GrabImageRGBD(): 13.0411ms
Frame 3456 end
Average processing time of GrabImageRGBD(): 13.0407ms
Frame 3457 end
Average processing time of GrabImageRGBD(): 13.0401ms
Frame 3458 end
Average processing time of GrabImageRGBD(): 13.0401ms
Frame 3459 end
Average processing time of GrabImageRGBD(): 13.0396ms
Frame 3460 end
Average processing time of GrabImageRGBD(): 13.0389ms
Frame 3461 end
Average processing time of GrabImageRGBD(): 13.0382ms
Frame 3462 end
Average processing time of GrabImageRGBD(): 13.0374ms
Frame 3463 end
Average processing time of GrabImageRGBD(): 13.0362ms
Frame 3464 end
Average processing time of GrabImageRGBD(): 13.0346ms
Frame 3465 end
Average processing time of GrabImageRGBD(): 13.0338ms
Frame 3466 end
Average processing time of GrabImageRGBD(): 13.0331ms
Frame 3467 end
Average processing time of GrabImageRGBD(): 13.0329ms
Frame 3468 end
Average processing time of GrabImageRGBD(): 13.0315ms
Frame 3469 end
Average processing time of GrabImageRGBD(): 13.0307ms
Frame 3470 end
Average processing time of GrabImageRGBD(): 13.0296ms
Frame 3471 end
Average processing time of GrabImageRGBD(): 13.0286ms
Frame 3472 end
Average processing time of GrabImageRGBD(): 13.0281ms
Frame 3473 end
Average processing time of GrabImageRGBD(): 13.0271ms
Frame 3474 end
Average processing time of GrabImageRGBD(): 13.0352ms
Frame 3475 end
Average processing time of GrabImageRGBD(): 13.0357ms
Frame 3476 end
Average processing time of GrabImageRGBD(): 13.0354ms
Frame 3477 end
Average processing time of GrabImageRGBD(): 13.0352ms
Frame 3478 end
Average processing time of GrabImageRGBD(): 13.0347ms
Frame 3479 end
Average processing time of GrabImageRGBD(): 13.0339ms
Frame 3480 end
Average processing time of GrabImageRGBD(): 13.0324ms
Frame 3481 end
Average processing time of GrabImageRGBD(): 13.0318ms
Frame 3482 end
Average processing time of GrabImageRGBD(): 13.0312ms
Frame 3483 end
Average processing time of GrabImageRGBD(): 13.0396ms
Frame 3484 end
Average processing time of GrabImageRGBD(): 13.0398ms
Frame 3485 end
Average processing time of GrabImageRGBD(): 13.0482ms
Frame 3486 end
Average processing time of GrabImageRGBD(): 13.0479ms
Frame 3487 end
Average processing time of GrabImageRGBD(): 13.0561ms
Frame 3488 end
Average processing time of GrabImageRGBD(): 13.0564ms
Frame 3489 end
Average processing time of GrabImageRGBD(): 13.0548ms
Frame 3490 end
Average processing time of GrabImageRGBD(): 13.0543ms
Frame 3491 end
Average processing time of GrabImageRGBD(): 13.0531ms
Frame 3492 end
Average processing time of GrabImageRGBD(): 13.0526ms
Frame 3493 end
Average processing time of GrabImageRGBD(): 13.0515ms
Frame 3494 end
Average processing time of GrabImageRGBD(): 13.0511ms
Frame 3495 end
Average processing time of GrabImageRGBD(): 13.0505ms
Frame 3496 end
Average processing time of GrabImageRGBD(): 13.0499ms
Frame 3497 end
Average processing time of GrabImageRGBD(): 13.0493ms
Frame 3498 end
Average processing time of GrabImageRGBD(): 13.0465ms
Frame 3499 end
Average processing time of GrabImageRGBD(): 13.0551ms
Frame 3500 end
Average processing time of GrabImageRGBD(): 13.055ms
Frame 3501 end
Average processing time of GrabImageRGBD(): 13.0545ms
Frame 3502 end
Average processing time of GrabImageRGBD(): 13.0539ms
Frame 3503 end
Average processing time of GrabImageRGBD(): 13.0625ms
Frame 3504 end
Average processing time of GrabImageRGBD(): 13.0627ms
Frame 3505 end
Average processing time of GrabImageRGBD(): 13.062ms
Frame 3506 end
Average processing time of GrabImageRGBD(): 13.0616ms
Frame 3507 end
Average processing time of GrabImageRGBD(): 13.0608ms
Frame 3508 end
Average processing time of GrabImageRGBD(): 13.0603ms
Frame 3509 end
Average processing time of GrabImageRGBD(): 13.0597ms
Frame 3510 end
Average processing time of GrabImageRGBD(): 13.0667ms
Frame 3511 end
Average processing time of GrabImageRGBD(): 13.0659ms
Frame 3512 end
Average processing time of GrabImageRGBD(): 13.0641ms
Frame 3513 end
Average processing time of GrabImageRGBD(): 13.0613ms
Frame 3514 end
Average processing time of GrabImageRGBD(): 13.0594ms
Frame 3515 end
Average processing time of GrabImageRGBD(): 13.0585ms
Frame 3516 end
Average processing time of GrabImageRGBD(): 13.0565ms
Frame 3517 end
Average processing time of GrabImageRGBD(): 13.0537ms
Frame 3518 end
Average processing time of GrabImageRGBD(): 13.0516ms
Frame 3519 end
Average processing time of GrabImageRGBD(): 13.0489ms
Frame 3520 end
Average processing time of GrabImageRGBD(): 13.0485ms
Frame 3521 end
Average processing time of GrabImageRGBD(): 13.0463ms
Frame 3522 end
Average processing time of GrabImageRGBD(): 13.0436ms
Frame 3523 end
Average processing time of GrabImageRGBD(): 13.0425ms
Frame 3524 end
Average processing time of GrabImageRGBD(): 13.042ms
Frame 3525 end
Average processing time of GrabImageRGBD(): 13.041ms
Frame 3526 end
Average processing time of GrabImageRGBD(): 13.0404ms
Frame 3527 end
Average processing time of GrabImageRGBD(): 13.0399ms
Frame 3528 end
Average processing time of GrabImageRGBD(): 13.0396ms
Frame 3529 end
Average processing time of GrabImageRGBD(): 13.039ms
Frame 3530 end
Average processing time of GrabImageRGBD(): 13.0383ms
Frame 3531 end
Average processing time of GrabImageRGBD(): 13.0468ms
Frame 3532 end
Average processing time of GrabImageRGBD(): 13.0474ms
Frame 3533 end
Average processing time of GrabImageRGBD(): 13.0571ms
Frame 3534 end
Average processing time of GrabImageRGBD(): 13.0565ms
Frame 3535 end
Average processing time of GrabImageRGBD(): 13.056ms
Frame 3536 end
Average processing time of GrabImageRGBD(): 13.0553ms
Frame 3537 end
Average processing time of GrabImageRGBD(): 13.055ms
Frame 3538 end
Average processing time of GrabImageRGBD(): 13.0548ms
Frame 3539 end
Average processing time of GrabImageRGBD(): 13.0542ms
Frame 3540 end
Average processing time of GrabImageRGBD(): 13.0532ms
Frame 3541 end
Average processing time of GrabImageRGBD(): 13.0615ms
Frame 3542 end
Average processing time of GrabImageRGBD(): 13.0622ms
Frame 3543 end
Average processing time of GrabImageRGBD(): 13.0616ms
Frame 3544 end
Average processing time of GrabImageRGBD(): 13.0608ms
Frame 3545 end
Average processing time of GrabImageRGBD(): 13.0602ms
Frame 3546 end
Average processing time of GrabImageRGBD(): 13.059ms
Frame 3547 end
Average processing time of GrabImageRGBD(): 13.0584ms
Frame 3548 end
Average processing time of GrabImageRGBD(): 13.0573ms
Frame 3549 end
Average processing time of GrabImageRGBD(): 13.0569ms
Frame 3550 end
Average processing time of GrabImageRGBD(): 13.0568ms
Frame 3551 end
Average processing time of GrabImageRGBD(): 13.0562ms
Frame 3552 end
Average processing time of GrabImageRGBD(): 13.0554ms
Frame 3553 end
Average processing time of GrabImageRGBD(): 13.0542ms
Frame 3554 end
Average processing time of GrabImageRGBD(): 13.0532ms
Frame 3555 end
Average processing time of GrabImageRGBD(): 13.0519ms
Frame 3556 end
Average processing time of GrabImageRGBD(): 13.0608ms
Frame 3557 end
Average processing time of GrabImageRGBD(): 13.0604ms
Frame 3558 end
Average processing time of GrabImageRGBD(): 13.06ms
Frame 3559 end
Average processing time of GrabImageRGBD(): 13.0596ms
Frame 3560 end
Average processing time of GrabImageRGBD(): 13.0591ms
Frame 3561 end
Average processing time of GrabImageRGBD(): 13.068ms
Frame 3562 end
Average processing time of GrabImageRGBD(): 13.0683ms
Frame 3563 end
Average processing time of GrabImageRGBD(): 13.0677ms
Frame 3564 end
Average processing time of GrabImageRGBD(): 13.0674ms
Frame 3565 end
Average processing time of GrabImageRGBD(): 13.0672ms
Frame 3566 end
Average processing time of GrabImageRGBD(): 13.0769ms
Frame 3567 end
Average processing time of GrabImageRGBD(): 13.0771ms
Frame 3568 end
Average processing time of GrabImageRGBD(): 13.0763ms
Frame 3569 end
Average processing time of GrabImageRGBD(): 13.0758ms
Frame 3570 end
Average processing time of GrabImageRGBD(): 13.0757ms
Frame 3571 end
Average processing time of GrabImageRGBD(): 13.0756ms
Frame 3572 end
Average processing time of GrabImageRGBD(): 13.0757ms
Frame 3573 end
Average processing time of GrabImageRGBD(): 13.0747ms
Frame 3574 end
Average processing time of GrabImageRGBD(): 13.0743ms
Frame 3575 end
Average processing time of GrabImageRGBD(): 13.0738ms
Frame 3576 end
Average processing time of GrabImageRGBD(): 13.0733ms
Frame 3577 end
Average processing time of GrabImageRGBD(): 13.0725ms
Frame 3578 end
Average processing time of GrabImageRGBD(): 13.0723ms
Frame 3579 end
Average processing time of GrabImageRGBD(): 13.0719ms
Frame 3580 end
Average processing time of GrabImageRGBD(): 13.0711ms
Frame 3581 end
Average processing time of GrabImageRGBD(): 13.0702ms
Frame 3582 end
Average processing time of GrabImageRGBD(): 13.0698ms
Frame 3583 end
Average processing time of GrabImageRGBD(): 13.069ms
Frame 3584 end
Average processing time of GrabImageRGBD(): 13.0687ms
Frame 3585 end
Average processing time of GrabImageRGBD(): 13.0684ms
Frame 3586 end
Average processing time of GrabImageRGBD(): 13.0679ms
Frame 3587 end
Average processing time of GrabImageRGBD(): 13.0771ms
Frame 3588 end
Average processing time of GrabImageRGBD(): 13.0777ms
Frame 3589 end
Average processing time of GrabImageRGBD(): 13.0773ms
Frame 3590 end
Average processing time of GrabImageRGBD(): 13.0768ms
Frame 3591 end
Average processing time of GrabImageRGBD(): 13.0853ms
Frame 3592 end
Average processing time of GrabImageRGBD(): 13.0855ms
Frame 3593 end
Average processing time of GrabImageRGBD(): 13.0851ms
Frame 3594 end
Average processing time of GrabImageRGBD(): 13.0853ms
Frame 3595 end
Average processing time of GrabImageRGBD(): 13.0854ms
Frame 3596 end
Average processing time of GrabImageRGBD(): 13.0852ms
Frame 3597 end
Average processing time of GrabImageRGBD(): 13.0849ms
Frame 3598 end
Average processing time of GrabImageRGBD(): 13.0849ms
Frame 3599 end
Average processing time of GrabImageRGBD(): 13.0845ms
Frame 3600 end
Average processing time of GrabImageRGBD(): 13.0839ms
Frame 3601 end
Average processing time of GrabImageRGBD(): 13.0834ms
Frame 3602 end
Average processing time of GrabImageRGBD(): 13.0829ms
Frame 3603 end
Average processing time of GrabImageRGBD(): 13.0826ms
Frame 3604 end
Average processing time of GrabImageRGBD(): 13.0819ms
Frame 3605 end
Average processing time of GrabImageRGBD(): 13.0813ms
Frame 3606 end
Average processing time of GrabImageRGBD(): 13.0798ms
Frame 3607 end
Average processing time of GrabImageRGBD(): 13.0794ms
Frame 3608 end
Average processing time of GrabImageRGBD(): 13.0784ms
Frame 3609 end
Average processing time of GrabImageRGBD(): 13.0777ms
Frame 3610 end
Average processing time of GrabImageRGBD(): 13.0891ms
Frame 3611 end
Average processing time of GrabImageRGBD(): 13.09ms
Frame 3612 end
Average processing time of GrabImageRGBD(): 13.0895ms
Frame 3613 end
Average processing time of GrabImageRGBD(): 13.088ms
Frame 3614 end
Average processing time of GrabImageRGBD(): 13.0874ms
Frame 3615 end
Average processing time of GrabImageRGBD(): 13.0867ms
Frame 3616 end
Average processing time of GrabImageRGBD(): 13.0862ms
Frame 3617 end
Average processing time of GrabImageRGBD(): 13.0857ms
Frame 3618 end
Average processing time of GrabImageRGBD(): 13.085ms
Frame 3619 end
Average processing time of GrabImageRGBD(): 13.0845ms
Frame 3620 end
Average processing time of GrabImageRGBD(): 13.0839ms
Frame 3621 end
Average processing time of GrabImageRGBD(): 13.0833ms
Frame 3622 end
Average processing time of GrabImageRGBD(): 13.0827ms
Frame 3623 end
Average processing time of GrabImageRGBD(): 13.0822ms
Frame 3624 end
Average processing time of GrabImageRGBD(): 13.0814ms
Frame 3625 end
Average processing time of GrabImageRGBD(): 13.0802ms
Frame 3626 end
Average processing time of GrabImageRGBD(): 13.0796ms
Frame 3627 end
Average processing time of GrabImageRGBD(): 13.0791ms
Frame 3628 end
Average processing time of GrabImageRGBD(): 13.0782ms
Frame 3629 end
Average processing time of GrabImageRGBD(): 13.0776ms
Frame 3630 end
Average processing time of GrabImageRGBD(): 13.0772ms
Frame 3631 end
Average processing time of GrabImageRGBD(): 13.0766ms
Frame 3632 end
Average processing time of GrabImageRGBD(): 13.0761ms
Frame 3633 end
Average processing time of GrabImageRGBD(): 13.0759ms
Frame 3634 end
Average processing time of GrabImageRGBD(): 13.0749ms
Frame 3635 end
Average processing time of GrabImageRGBD(): 13.0733ms
Frame 3636 end
Average processing time of GrabImageRGBD(): 13.0727ms
Frame 3637 end
Average processing time of GrabImageRGBD(): 13.0721ms
Frame 3638 end
Average processing time of GrabImageRGBD(): 13.0715ms
Frame 3639 end
Average processing time of GrabImageRGBD(): 13.0805ms
Frame 3640 end
Average processing time of GrabImageRGBD(): 13.0808ms
Frame 3641 end
Average processing time of GrabImageRGBD(): 13.0801ms
Frame 3642 end
Average processing time of GrabImageRGBD(): 13.0783ms
Frame 3643 end
Average processing time of GrabImageRGBD(): 13.0777ms
Frame 3644 end
Average processing time of GrabImageRGBD(): 13.077ms
Frame 3645 end
Average processing time of GrabImageRGBD(): 13.076ms
Frame 3646 end
Average processing time of GrabImageRGBD(): 13.0754ms
Frame 3647 end
Average processing time of GrabImageRGBD(): 13.0748ms
Frame 3648 end
Average processing time of GrabImageRGBD(): 13.0739ms
Frame 3649 end
Average processing time of GrabImageRGBD(): 13.074ms
Frame 3650 end
Average processing time of GrabImageRGBD(): 13.0726ms
Frame 3651 end
Average processing time of GrabImageRGBD(): 13.072ms
Frame 3652 end
Average processing time of GrabImageRGBD(): 13.0716ms
Frame 3653 end
Average processing time of GrabImageRGBD(): 13.071ms
Frame 3654 end
Average processing time of GrabImageRGBD(): 13.0704ms
Frame 3655 end
Average processing time of GrabImageRGBD(): 13.0688ms
Frame 3656 end
Average processing time of GrabImageRGBD(): 13.0683ms
Frame 3657 end
Average processing time of GrabImageRGBD(): 13.0677ms
Frame 3658 end
Average processing time of GrabImageRGBD(): 13.0671ms
Frame 3659 end
Average processing time of GrabImageRGBD(): 13.0666ms
Frame 3660 end
Average processing time of GrabImageRGBD(): 13.0663ms
Frame 3661 end
Average processing time of GrabImageRGBD(): 13.0658ms
Frame 3662 end
Average processing time of GrabImageRGBD(): 13.0653ms
Frame 3663 end
Average processing time of GrabImageRGBD(): 13.0647ms
Frame 3664 end
Average processing time of GrabImageRGBD(): 13.0642ms
Frame 3665 end
Average processing time of GrabImageRGBD(): 13.063ms
Frame 3666 end
Average processing time of GrabImageRGBD(): 13.0722ms
Frame 3667 end
Average processing time of GrabImageRGBD(): 13.0724ms
Frame 3668 end
Average processing time of GrabImageRGBD(): 13.072ms
Frame 3669 end
Average processing time of GrabImageRGBD(): 13.0717ms
Frame 3670 end
Average processing time of GrabImageRGBD(): 13.0709ms
Frame 3671 end
Average processing time of GrabImageRGBD(): 13.0707ms
Frame 3672 end
Average processing time of GrabImageRGBD(): 13.0703ms
Frame 3673 end
Average processing time of GrabImageRGBD(): 13.0697ms
Frame 3674 end
Average processing time of GrabImageRGBD(): 13.0692ms
Frame 3675 end
Average processing time of GrabImageRGBD(): 13.0687ms
Frame 3676 end
Average processing time of GrabImageRGBD(): 13.0684ms
Frame 3677 end
Average processing time of GrabImageRGBD(): 13.0681ms
Frame 3678 end
Average processing time of GrabImageRGBD(): 13.0678ms
Frame 3679 end
Average processing time of GrabImageRGBD(): 13.0664ms
Frame 3680 end
Average processing time of GrabImageRGBD(): 13.0657ms
Frame 3681 end
Average processing time of GrabImageRGBD(): 13.0643ms
Frame 3682 end
Average processing time of GrabImageRGBD(): 13.0639ms
Frame 3683 end
Average processing time of GrabImageRGBD(): 13.0629ms
Frame 3684 end
Average processing time of GrabImageRGBD(): 13.0625ms
Frame 3685 end
Average processing time of GrabImageRGBD(): 13.0619ms
Frame 3686 end
Average processing time of GrabImageRGBD(): 13.0615ms
Frame 3687 end
Average processing time of GrabImageRGBD(): 13.0611ms
Frame 3688 end
Average processing time of GrabImageRGBD(): 13.0606ms
Frame 3689 end
Average processing time of GrabImageRGBD(): 13.06ms
Frame 3690 end
Average processing time of GrabImageRGBD(): 13.0692ms
Frame 3691 end
Average processing time of GrabImageRGBD(): 13.0687ms
Frame 3692 end
Average processing time of GrabImageRGBD(): 13.0682ms
Frame 3693 end
Average processing time of GrabImageRGBD(): 13.0674ms
Frame 3694 end
Average processing time of GrabImageRGBD(): 13.0662ms
Frame 3695 end
Average processing time of GrabImageRGBD(): 13.0659ms
Frame 3696 end
Average processing time of GrabImageRGBD(): 13.0647ms
Frame 3697 end
Average processing time of GrabImageRGBD(): 13.0634ms
Frame 3698 end
Average processing time of GrabImageRGBD(): 13.0628ms
Frame 3699 end
Average processing time of GrabImageRGBD(): 13.0637ms
Frame 3700 end
Average processing time of GrabImageRGBD(): 13.0636ms
Frame 3701 end
Average processing time of GrabImageRGBD(): 13.063ms
Frame 3702 end
Average processing time of GrabImageRGBD(): 13.0624ms
Frame 3703 end
Average processing time of GrabImageRGBD(): 13.0609ms
Frame 3704 end
Average processing time of GrabImageRGBD(): 13.0603ms
Frame 3705 end
Average processing time of GrabImageRGBD(): 13.0597ms
Frame 3706 end
Average processing time of GrabImageRGBD(): 13.0593ms
Frame 3707 end
Average processing time of GrabImageRGBD(): 13.0589ms
Frame 3708 end
Average processing time of GrabImageRGBD(): 13.0584ms
Frame 3709 end
Average processing time of GrabImageRGBD(): 13.0576ms
Frame 3710 end
Average processing time of GrabImageRGBD(): 13.0568ms
Frame 3711 end
Average processing time of GrabImageRGBD(): 13.0566ms
Frame 3712 end
Average processing time of GrabImageRGBD(): 13.0565ms
Frame 3713 end
Average processing time of GrabImageRGBD(): 13.0564ms
Frame 3714 end
Average processing time of GrabImageRGBD(): 13.056ms
Frame 3715 end
Average processing time of GrabImageRGBD(): 13.0554ms
Frame 3716 end
Average processing time of GrabImageRGBD(): 13.0542ms
Frame 3717 end
Average processing time of GrabImageRGBD(): 13.0667ms
Frame 3718 end
Average processing time of GrabImageRGBD(): 13.0674ms
Frame 3719 end
Average processing time of GrabImageRGBD(): 13.0668ms
Frame 3720 end
Average processing time of GrabImageRGBD(): 13.0662ms
Frame 3721 end
Average processing time of GrabImageRGBD(): 13.0645ms
Frame 3722 end
Average processing time of GrabImageRGBD(): 13.0644ms
Frame 3723 end
Average processing time of GrabImageRGBD(): 13.0637ms
Frame 3724 end
Average processing time of GrabImageRGBD(): 13.0639ms
Frame 3725 end
Average processing time of GrabImageRGBD(): 13.0634ms
Frame 3726 end
Average processing time of GrabImageRGBD(): 13.0629ms
Frame 3727 end
Average processing time of GrabImageRGBD(): 13.0621ms
Frame 3728 end
Average processing time of GrabImageRGBD(): 13.0602ms
Frame 3729 end
Average processing time of GrabImageRGBD(): 13.0592ms
Frame 3730 end
Average processing time of GrabImageRGBD(): 13.0578ms
Frame 3731 end
Average processing time of GrabImageRGBD(): 13.0563ms
Frame 3732 end
Average processing time of GrabImageRGBD(): 13.055ms
Frame 3733 end
Average processing time of GrabImageRGBD(): 13.0546ms
Frame 3734 end
Average processing time of GrabImageRGBD(): 13.0542ms
Frame 3735 end
Average processing time of GrabImageRGBD(): 13.0537ms
Frame 3736 end
Average processing time of GrabImageRGBD(): 13.0534ms
Frame 3737 end
Average processing time of GrabImageRGBD(): 13.0529ms
Frame 3738 end
Average processing time of GrabImageRGBD(): 13.0516ms
Frame 3739 end
Average processing time of GrabImageRGBD(): 13.051ms
Frame 3740 end
Average processing time of GrabImageRGBD(): 13.0504ms
Frame 3741 end
Average processing time of GrabImageRGBD(): 13.0503ms
Frame 3742 end
Average processing time of GrabImageRGBD(): 13.0585ms
Frame 3743 end
Average processing time of GrabImageRGBD(): 13.0588ms
Frame 3744 end
Average processing time of GrabImageRGBD(): 13.0581ms
Frame 3745 end
Average processing time of GrabImageRGBD(): 13.0577ms
Frame 3746 end
Average processing time of GrabImageRGBD(): 13.0576ms
Frame 3747 end
Average processing time of GrabImageRGBD(): 13.0564ms
Frame 3748 end
Average processing time of GrabImageRGBD(): 13.056ms
Frame 3749 end
Average processing time of GrabImageRGBD(): 13.0547ms
Frame 3750 end
Average processing time of GrabImageRGBD(): 13.0541ms
Frame 3751 end
Average processing time of GrabImageRGBD(): 13.0537ms
Frame 3752 end
Average processing time of GrabImageRGBD(): 13.0532ms
Frame 3753 end
Average processing time of GrabImageRGBD(): 13.0529ms
Frame 3754 end
Average processing time of GrabImageRGBD(): 13.0524ms
Frame 3755 end
Average processing time of GrabImageRGBD(): 13.0518ms
Frame 3756 end
Average processing time of GrabImageRGBD(): 13.0514ms
Frame 3757 end
Average processing time of GrabImageRGBD(): 13.0509ms
Frame 3758 end
Average processing time of GrabImageRGBD(): 13.0498ms
Frame 3759 end
Average processing time of GrabImageRGBD(): 13.0496ms
Frame 3760 end
Average processing time of GrabImageRGBD(): 13.0491ms
Frame 3761 end
Average processing time of GrabImageRGBD(): 13.0488ms
Frame 3762 end
Average processing time of GrabImageRGBD(): 13.0485ms
Frame 3763 end
Average processing time of GrabImageRGBD(): 13.0477ms
Frame 3764 end
Average processing time of GrabImageRGBD(): 13.0471ms
Frame 3765 end
Average processing time of GrabImageRGBD(): 13.0467ms
Frame 3766 end
Average processing time of GrabImageRGBD(): 13.0465ms
Frame 3767 end
Average processing time of GrabImageRGBD(): 13.0462ms
Frame 3768 end
Average processing time of GrabImageRGBD(): 13.045ms
Frame 3769 end
Average processing time of GrabImageRGBD(): 13.0535ms
Frame 3770 end
Average processing time of GrabImageRGBD(): 13.0539ms
Frame 3771 end
Average processing time of GrabImageRGBD(): 13.0528ms
Frame 3772 end
Average processing time of GrabImageRGBD(): 13.0525ms
Frame 3773 end
Average processing time of GrabImageRGBD(): 13.0521ms
Frame 3774 end
Average processing time of GrabImageRGBD(): 13.0523ms
Frame 3775 end
Average processing time of GrabImageRGBD(): 13.0521ms
Frame 3776 end
Average processing time of GrabImageRGBD(): 13.0523ms
Frame 3777 end
Average processing time of GrabImageRGBD(): 13.0513ms
Frame 3778 end
Average processing time of GrabImageRGBD(): 13.0508ms
Frame 3779 end
Average processing time of GrabImageRGBD(): 13.0502ms
Frame 3780 end
Average processing time of GrabImageRGBD(): 13.0499ms
Frame 3781 end
Average processing time of GrabImageRGBD(): 13.0496ms
Frame 3782 end
Average processing time of GrabImageRGBD(): 13.0494ms
Frame 3783 end
Average processing time of GrabImageRGBD(): 13.0489ms
Frame 3784 end
Average processing time of GrabImageRGBD(): 13.0488ms
Frame 3785 end
Average processing time of GrabImageRGBD(): 13.0481ms
Frame 3786 end
Average processing time of GrabImageRGBD(): 13.0478ms
Frame 3787 end
Average processing time of GrabImageRGBD(): 13.0476ms
Frame 3788 end
Average processing time of GrabImageRGBD(): 13.0473ms
Frame 3789 end
Average processing time of GrabImageRGBD(): 13.0471ms
Frame 3790 end
Average processing time of GrabImageRGBD(): 13.0469ms
Frame 3791 end
Average processing time of GrabImageRGBD(): 13.0465ms
Frame 3792 end
Average processing time of GrabImageRGBD(): 13.0459ms
Frame 3793 end
Average processing time of GrabImageRGBD(): 13.0451ms
Frame 3794 end
Average processing time of GrabImageRGBD(): 13.0446ms
Frame 3795 end
Average processing time of GrabImageRGBD(): 13.0443ms
Frame 3796 end
Average processing time of GrabImageRGBD(): 13.0437ms
Frame 3797 end
Average processing time of GrabImageRGBD(): 13.0516ms
Frame 3798 end
Average processing time of GrabImageRGBD(): 13.0526ms
Frame 3799 end
Average processing time of GrabImageRGBD(): 13.0521ms
Frame 3800 end
Average processing time of GrabImageRGBD(): 13.0519ms
Frame 3801 end
Average processing time of GrabImageRGBD(): 13.0517ms
Frame 3802 end
Average processing time of GrabImageRGBD(): 13.0512ms
Frame 3803 end
Average processing time of GrabImageRGBD(): 13.0512ms
Frame 3804 end
Average processing time of GrabImageRGBD(): 13.0509ms
Frame 3805 end
Average processing time of GrabImageRGBD(): 13.0507ms
Frame 3806 end
Average processing time of GrabImageRGBD(): 13.0501ms
Frame 3807 end
Average processing time of GrabImageRGBD(): 13.049ms
Frame 3808 end
Average processing time of GrabImageRGBD(): 13.0484ms
Frame 3809 end
Average processing time of GrabImageRGBD(): 13.0562ms
Frame 3810 end
Average processing time of GrabImageRGBD(): 13.0571ms
Frame 3811 end
Average processing time of GrabImageRGBD(): 13.0556ms
Frame 3812 end
Average processing time of GrabImageRGBD(): 13.0552ms
Frame 3813 end
Average processing time of GrabImageRGBD(): 13.0546ms
Frame 3814 end
Average processing time of GrabImageRGBD(): 13.0543ms
Frame 3815 end
Average processing time of GrabImageRGBD(): 13.054ms
Frame 3816 end
Average processing time of GrabImageRGBD(): 13.0537ms
Frame 3817 end
Average processing time of GrabImageRGBD(): 13.0535ms
Frame 3818 end
Average processing time of GrabImageRGBD(): 13.0536ms
Frame 3819 end
Average processing time of GrabImageRGBD(): 13.0531ms
Frame 3820 end
Average processing time of GrabImageRGBD(): 13.0527ms
Frame 3821 end
Average processing time of GrabImageRGBD(): 13.0525ms
Frame 3822 end
Average processing time of GrabImageRGBD(): 13.052ms
Frame 3823 end
Average processing time of GrabImageRGBD(): 13.0516ms
Frame 3824 end
Average processing time of GrabImageRGBD(): 13.0519ms
Frame 3825 end
Average processing time of GrabImageRGBD(): 13.0508ms
Frame 3826 end
Average processing time of GrabImageRGBD(): 13.0504ms
Frame 3827 end
Average processing time of GrabImageRGBD(): 13.0607ms
Frame 3828 end
Average processing time of GrabImageRGBD(): 13.0606ms
Frame 3829 end
Average processing time of GrabImageRGBD(): 13.0602ms
Frame 3830 end
Average processing time of GrabImageRGBD(): 13.0599ms
Frame 3831 end
Average processing time of GrabImageRGBD(): 13.0593ms
Frame 3832 end
Average processing time of GrabImageRGBD(): 13.0589ms
Frame 3833 end
Average processing time of GrabImageRGBD(): 13.0584ms
Frame 3834 end
Average processing time of GrabImageRGBD(): 13.058ms
Frame 3835 end
Average processing time of GrabImageRGBD(): 13.0574ms
Frame 3836 end
Average processing time of GrabImageRGBD(): 13.0569ms
Frame 3837 end
Average processing time of GrabImageRGBD(): 13.0569ms
Frame 3838 end
Average processing time of GrabImageRGBD(): 13.0563ms
Frame 3839 end
Average processing time of GrabImageRGBD(): 13.0557ms
Frame 3840 end
Average processing time of GrabImageRGBD(): 13.0553ms
Frame 3841 end
Average processing time of GrabImageRGBD(): 13.054ms
Frame 3842 end
Average processing time of GrabImageRGBD(): 13.0534ms
Frame 3843 end
Average processing time of GrabImageRGBD(): 13.0528ms
Frame 3844 end
Average processing time of GrabImageRGBD(): 13.0516ms
Frame 3845 end
Average processing time of GrabImageRGBD(): 13.0505ms
Frame 3846 end
Average processing time of GrabImageRGBD(): 13.0499ms
Frame 3847 end
Average processing time of GrabImageRGBD(): 13.0487ms
Frame 3848 end
Average processing time of GrabImageRGBD(): 13.0481ms
Frame 3849 end
Average processing time of GrabImageRGBD(): 13.0475ms
Frame 3850 end
Average processing time of GrabImageRGBD(): 13.0473ms
Frame 3851 end
Average processing time of GrabImageRGBD(): 13.0468ms
Frame 3852 end
Average processing time of GrabImageRGBD(): 13.046ms
Frame 3853 end
Average processing time of GrabImageRGBD(): 13.0456ms
Frame 3854 end
Average processing time of GrabImageRGBD(): 13.0447ms
Frame 3855 end
Average processing time of GrabImageRGBD(): 13.0445ms
Frame 3856 end
Average processing time of GrabImageRGBD(): 13.0441ms
Frame 3857 end
Average processing time of GrabImageRGBD(): 13.0524ms
Frame 3858 end
Average processing time of GrabImageRGBD(): 13.0524ms
Frame 3859 end
Average processing time of GrabImageRGBD(): 13.0519ms
Frame 3860 end
Average processing time of GrabImageRGBD(): 13.0516ms
Frame 3861 end
Average processing time of GrabImageRGBD(): 13.0511ms
Frame 3862 end
Average processing time of GrabImageRGBD(): 13.0512ms
Frame 3863 end
Average processing time of GrabImageRGBD(): 13.0509ms
Frame 3864 end
Average processing time of GrabImageRGBD(): 13.0503ms
Frame 3865 end
Average processing time of GrabImageRGBD(): 13.05ms
Frame 3866 end
Average processing time of GrabImageRGBD(): 13.0495ms
Frame 3867 end
Average processing time of GrabImageRGBD(): 13.0488ms
Frame 3868 end
Average processing time of GrabImageRGBD(): 13.048ms
Frame 3869 end
Average processing time of GrabImageRGBD(): 13.0478ms
Frame 3870 end
Average processing time of GrabImageRGBD(): 13.0473ms
Frame 3871 end
Average processing time of GrabImageRGBD(): 13.0463ms
Frame 3872 end
Average processing time of GrabImageRGBD(): 13.0463ms
Frame 3873 end
Average processing time of GrabImageRGBD(): 13.0455ms
Frame 3874 end
Average processing time of GrabImageRGBD(): 13.0453ms
Frame 3875 end
Average processing time of GrabImageRGBD(): 13.045ms
Frame 3876 end
Average processing time of GrabImageRGBD(): 13.0529ms
Frame 3877 end
Average processing time of GrabImageRGBD(): 13.0628ms
Frame 3878 end
Average processing time of GrabImageRGBD(): 13.0632ms
Frame 3879 end
Average processing time of GrabImageRGBD(): 13.0647ms
Frame 3880 end
Average processing time of GrabImageRGBD(): 13.0646ms
Frame 3881 end
Average processing time of GrabImageRGBD(): 13.0641ms
Frame 3882 end
Average processing time of GrabImageRGBD(): 13.0628ms
Frame 3883 end
Average processing time of GrabImageRGBD(): 13.0624ms
Frame 3884 end
Average processing time of GrabImageRGBD(): 13.0618ms
Frame 3885 end
Average processing time of GrabImageRGBD(): 13.0612ms
Frame 3886 end
Average processing time of GrabImageRGBD(): 13.0605ms
Frame 3887 end
Average processing time of GrabImageRGBD(): 13.0603ms
Frame 3888 end
Average processing time of GrabImageRGBD(): 13.0593ms
Frame 3889 end
Average processing time of GrabImageRGBD(): 13.0591ms
Frame 3890 end
Average processing time of GrabImageRGBD(): 13.0586ms
Frame 3891 end
Average processing time of GrabImageRGBD(): 13.0581ms
Frame 3892 end
Average processing time of GrabImageRGBD(): 13.0575ms
Frame 3893 end
Average processing time of GrabImageRGBD(): 13.0571ms
Frame 3894 end
Average processing time of GrabImageRGBD(): 13.0568ms
Frame 3895 end
Average processing time of GrabImageRGBD(): 13.0564ms
Frame 3896 end
Average processing time of GrabImageRGBD(): 13.0679ms
Frame 3897 end
Average processing time of GrabImageRGBD(): 13.0684ms
Frame 3898 end
Average processing time of GrabImageRGBD(): 13.068ms
Frame 3899 end
Average processing time of GrabImageRGBD(): 13.0673ms
Frame 3900 end
Average processing time of GrabImageRGBD(): 13.0672ms
Frame 3901 end
Average processing time of GrabImageRGBD(): 13.0668ms
Frame 3902 end
Average processing time of GrabImageRGBD(): 13.0665ms
Frame 3903 end
Average processing time of GrabImageRGBD(): 13.0663ms
Frame 3904 end
Average processing time of GrabImageRGBD(): 13.066ms
Frame 3905 end
Average processing time of GrabImageRGBD(): 13.0656ms
Frame 3906 end
Average processing time of GrabImageRGBD(): 13.0655ms
Frame 3907 end
Average processing time of GrabImageRGBD(): 13.0652ms
Frame 3908 end
Average processing time of GrabImageRGBD(): 13.0647ms
Frame 3909 end
Average processing time of GrabImageRGBD(): 13.0642ms
Frame 3910 end
Average processing time of GrabImageRGBD(): 13.0638ms
Frame 3911 end
Average processing time of GrabImageRGBD(): 13.0629ms
Frame 3912 end
Average processing time of GrabImageRGBD(): 13.0708ms
Frame 3913 end
Average processing time of GrabImageRGBD(): 13.0712ms
Frame 3914 end
Average processing time of GrabImageRGBD(): 13.0702ms
Frame 3915 end
Average processing time of GrabImageRGBD(): 13.0697ms
Frame 3916 end
Average processing time of GrabImageRGBD(): 13.0687ms
Frame 3917 end
Average processing time of GrabImageRGBD(): 13.0686ms
Frame 3918 end
Average processing time of GrabImageRGBD(): 13.0684ms
Frame 3919 end
Average processing time of GrabImageRGBD(): 13.0673ms
Frame 3920 end
Average processing time of GrabImageRGBD(): 13.0668ms
Frame 3921 end
Average processing time of GrabImageRGBD(): 13.0665ms
Frame 3922 end
Average processing time of GrabImageRGBD(): 13.0651ms
Frame 3923 end
Average processing time of GrabImageRGBD(): 13.0643ms
Frame 3924 end
Average processing time of GrabImageRGBD(): 13.0645ms
Frame 3925 end
Average processing time of GrabImageRGBD(): 13.064ms
Frame 3926 end
Average processing time of GrabImageRGBD(): 13.0633ms
Frame 3927 end
Average processing time of GrabImageRGBD(): 13.062ms
Frame 3928 end
Average processing time of GrabImageRGBD(): 13.0608ms
Frame 3929 end
Average processing time of GrabImageRGBD(): 13.0604ms
Frame 3930 end
Average processing time of GrabImageRGBD(): 13.0604ms
Frame 3931 end
Average processing time of GrabImageRGBD(): 13.0604ms
Frame 3932 end
Average processing time of GrabImageRGBD(): 13.0603ms
Frame 3933 end
Average processing time of GrabImageRGBD(): 13.0601ms
Frame 3934 end
Average processing time of GrabImageRGBD(): 13.0593ms
Frame 3935 end
Average processing time of GrabImageRGBD(): 13.0585ms
Frame 3936 end
Average processing time of GrabImageRGBD(): 13.0578ms
Frame 3937 end
Average processing time of GrabImageRGBD(): 13.0573ms
Frame 3938 end
Average processing time of GrabImageRGBD(): 13.0568ms
Frame 3939 end
Average processing time of GrabImageRGBD(): 13.0563ms
Frame 3940 end
Average processing time of GrabImageRGBD(): 13.056ms
Frame 3941 end
Average processing time of GrabImageRGBD(): 13.0554ms
Frame 3942 end
Average processing time of GrabImageRGBD(): 13.055ms
Frame 3943 end
Average processing time of GrabImageRGBD(): 13.0545ms
Frame 3944 end
Average processing time of GrabImageRGBD(): 13.0537ms
Frame 3945 end
Average processing time of GrabImageRGBD(): 13.0529ms
Frame 3946 end
Average processing time of GrabImageRGBD(): 13.0522ms
Frame 3947 end
Average processing time of GrabImageRGBD(): 13.0514ms
Frame 3948 end
Average processing time of GrabImageRGBD(): 13.0511ms
Frame 3949 end
Average processing time of GrabImageRGBD(): 13.0504ms
Frame 3950 end
Average processing time of GrabImageRGBD(): 13.0499ms
Frame 3951 end
Average processing time of GrabImageRGBD(): 13.0493ms
Frame 3952 end
Average processing time of GrabImageRGBD(): 13.0489ms
Frame 3953 end
Average processing time of GrabImageRGBD(): 13.0484ms
Frame 3954 end
Average processing time of GrabImageRGBD(): 13.0481ms
Frame 3955 end
Average processing time of GrabImageRGBD(): 13.0473ms
Frame 3956 end
Average processing time of GrabImageRGBD(): 13.0468ms
Frame 3957 end
Average processing time of GrabImageRGBD(): 13.0463ms
Frame 3958 end
Average processing time of GrabImageRGBD(): 13.046ms
Frame 3959 end
Average processing time of GrabImageRGBD(): 13.0456ms
Frame 3960 end
Average processing time of GrabImageRGBD(): 13.0453ms
Frame 3961 end
Average processing time of GrabImageRGBD(): 13.0445ms
Frame 3962 end
Average processing time of GrabImageRGBD(): 13.0439ms
Frame 3963 end
Average processing time of GrabImageRGBD(): 13.0432ms
Frame 3964 end
Average processing time of GrabImageRGBD(): 13.0425ms
Frame 3965 end
Average processing time of GrabImageRGBD(): 13.0419ms
Frame 3966 end
Average processing time of GrabImageRGBD(): 13.0417ms
Frame 3967 end
Average processing time of GrabImageRGBD(): 13.0414ms
Frame 3968 end
Average processing time of GrabImageRGBD(): 13.0401ms
Frame 3969 end
Average processing time of GrabImageRGBD(): 13.0395ms
Frame 3970 end
Average processing time of GrabImageRGBD(): 13.0386ms
Frame 3971 end
Average processing time of GrabImageRGBD(): 13.0381ms
Frame 3972 end
Average processing time of GrabImageRGBD(): 13.0373ms
Frame 3973 end
Average processing time of GrabImageRGBD(): 13.0368ms
Frame 3974 end
Average processing time of GrabImageRGBD(): 13.0358ms
Frame 3975 end
Average processing time of GrabImageRGBD(): 13.0352ms
Frame 3976 end
Average processing time of GrabImageRGBD(): 13.0345ms
Frame 3977 end
Average processing time of GrabImageRGBD(): 13.0339ms
Frame 3978 end
Average processing time of GrabImageRGBD(): 13.0334ms
Frame 3979 end
Average processing time of GrabImageRGBD(): 13.0328ms
Frame 3980 end
Average processing time of GrabImageRGBD(): 13.0323ms
Frame 3981 end
Average processing time of GrabImageRGBD(): 13.0318ms
Frame 3982 end
Shutdown
-------

median tracking time: 0.0115166
mean tracking time: 0.0136688

Saving camera trajectory to CameraTrajectory.txt ...

Saving keyframe trajectory to KeyFrameTrajectory.txt ...
