1548265575.063310 0.000000000 0.000000000 0.000000000 0.000000000 0.000000000 0.000000000 1.000000000
1548265575.096830 -0.004922451 -0.002326432 0.000367244 0.001597597 0.003944902 0.002088653 0.999988735
1548265575.130340 0.003524005 -0.008277518 -0.002559803 0.002428529 0.005029224 0.001686566 0.999982953
1548265575.163860 0.003375340 -0.011811278 -0.002923923 0.003394211 0.011830111 0.003813539 0.999916971
1548265575.197380 -0.002671674 -0.013562720 -0.001354376 0.004652639 0.015005657 0.006966160 0.999852300
1548265575.230880 0.006345665 -0.022132624 -0.006530515 0.003752451 0.014711239 0.007106757 0.999859452
1548265575.264390 0.009651707 -0.024990406 -0.008435875 0.003480970 0.020278294 0.011689271 0.999719977
1548265575.297890 0.007302925 -0.028708847 -0.004961394 0.002870352 0.022342110 0.015800891 0.999621391
1548265575.331400 0.016794950 -0.037076730 -0.008656849 0.001001273 0.021615848 0.018725228 0.999590456
1548265575.364910 0.034118965 -0.045701858 -0.014108223 -0.001135491 0.022138758 0.024080979 0.999464214
1548265575.398440 0.026163002 -0.045394711 -0.007553729 -0.001172282 0.024471117 0.030416183 0.999237001
1548265575.431950 0.031332292 -0.056586109 -0.012126953 -0.003762970 0.022312434 0.030930307 0.999265373
1548265575.465470 0.040085025 -0.063103192 -0.013075182 -0.005428006 0.022676354 0.034255303 0.999141037
1548265575.498990 0.040198360 -0.073273808 -0.010752954 -0.007267915 0.024012614 0.037358433 0.998986959
1548265575.532500 0.055031169 -0.085033834 -0.017096495 -0.008808414 0.023145933 0.038289592 0.998959780
1548265575.566020 0.058011781 -0.090461068 -0.016289098 -0.008769411 0.028295625 0.042275175 0.998666763
1548265575.599530 0.056282226 -0.094556138 -0.014313313 -0.008384489 0.031270105 0.044814136 0.998470604
1548265575.633040 0.062323313 -0.103201076 -0.015988002 -0.008383776 0.030920547 0.045683198 0.998442113
1548265575.666560 0.072138868 -0.109817840 -0.020916451 -0.007885095 0.031132897 0.046128582 0.998419106
1548265575.700040 0.068411380 -0.110936262 -0.022089969 -0.006254469 0.033263803 0.048090104 0.998269379
1548265575.733550 0.073275968 -0.116722524 -0.025542203 -0.005582848 0.030991685 0.046902083 0.998403013
1548265575.767070 0.094773993 -0.131754398 -0.037193730 -0.007165842 0.029667165 0.044340134 0.998550177
1548265575.800580 0.083147615 -0.126572788 -0.027723746 -0.005002716 0.035351187 0.047192648 0.998247504
1548265575.834100 0.095602348 -0.135459214 -0.034370523 -0.005681093 0.033842064 0.046508949 0.998328269
1548265575.867620 0.103463508 -0.138602853 -0.037507650 -0.005950683 0.034347951 0.046950795 0.998288751
1548265575.901100 0.103860117 -0.141899616 -0.036621522 -0.006360094 0.034904081 0.046923295 0.998268247
1548265575.934480 0.110330917 -0.147082508 -0.039796069 -0.007183991 0.033683080 0.047272142 0.998288155
1548265575.967970 0.122532323 -0.153739333 -0.042310886 -0.008819560 0.032748763 0.047335614 0.998303115
1548265576.001490 0.119040921 -0.155482128 -0.039886814 -0.009300791 0.034291465 0.049330369 0.998150349
1548265576.035000 0.125292093 -0.160882175 -0.039794944 -0.010470074 0.032276634 0.050356600 0.998154700
1548265576.068520 0.132481799 -0.167011261 -0.038767546 -0.011706477 0.030178117 0.051365018 0.998155236
1548265576.102030 0.143287957 -0.169445828 -0.035937533 -0.012266863 0.029284403 0.052218124 0.998130858
1548265576.135550 0.128674358 -0.171772152 -0.026433077 -0.012099835 0.031247122 0.055067029 0.997920215
1548265576.169130 0.142595172 -0.185100794 -0.032075666 -0.014022063 0.026469603 0.054690197 0.998053968
1548265576.202670 0.152693003 -0.193074659 -0.030507134 -0.015014648 0.028324364 0.057797082 0.997813523
1548265576.236230 0.150486887 -0.193963915 -0.026757376 -0.014349887 0.029869253 0.059518661 0.997677028
1548265576.269770 0.155556768 -0.200608581 -0.023983993 -0.015055215 0.030174257 0.061165377 0.997557819
1548265576.303290 0.165299311 -0.207379580 -0.024301872 -0.015884999 0.028964639 0.062025439 0.997527719
1548265576.336770 0.172819406 -0.212393329 -0.022864886 -0.016696272 0.030318324 0.063132413 0.997404814
1548265576.370320 0.170977369 -0.212615550 -0.016693713 -0.016807279 0.032705825 0.063991688 0.997272730
1548265576.403840 0.176259741 -0.220143586 -0.011050154 -0.017880775 0.033370361 0.064044841 0.997228622
1548265576.437360 0.206096694 -0.228555813 -0.015993701 -0.018802995 0.033109214 0.064865835 0.997167289
1548265576.470890 0.198413581 -0.228680536 -0.008744318 -0.017979709 0.039857775 0.068859167 0.996667683
1548265576.504410 0.207306623 -0.231833786 -0.005127190 -0.017259160 0.040737487 0.069622584 0.996591806
1548265576.537930 0.193535894 -0.239054471 0.008678729 -0.015944483 0.049692877 0.069035627 0.996248186
1548265576.571440 0.201335236 -0.245899633 0.012517710 -0.013439289 0.053612575 0.072611429 0.995827615
1548265576.604960 0.204564184 -0.247844324 0.019393284 -0.010843650 0.057340465 0.073845446 0.995560825
1548265576.638500 0.232036173 -0.267372131 0.014006583 -0.011866792 0.058883879 0.075640500 0.995324254
1548265576.672110 0.216915056 -0.270867914 0.022088218 -0.010762228 0.071324579 0.079849243 0.994193673
1548265576.705620 0.214553490 -0.268785179 0.022985486 -0.008979317 0.075444244 0.083907679 0.993572891
1548265576.739140 0.226565123 -0.275396883 0.030225055 -0.009507661 0.078217961 0.084372565 0.993314087
1548265576.772650 0.227375180 -0.277337164 0.034948878 -0.010399090 0.085626751 0.087575153 0.992416501
1548265576.806320 0.227394566 -0.277771384 0.043708608 -0.010970743 0.089709215 0.091289245 0.991714776
1548265576.839830 0.237696365 -0.283682495 0.048571274 -0.013341863 0.092754133 0.091768265 0.991361320
1548265576.873350 0.238411680 -0.286070436 0.052016076 -0.014793481 0.099683255 0.093376093 0.990517676
1548265576.906870 0.231477141 -0.289189279 0.060121175 -0.015348487 0.107078627 0.095299534 0.989553750
1548265576.940390 0.238497436 -0.286982417 0.066742353 -0.014822370 0.111047886 0.095893025 0.989066839
1548265576.973900 0.246979758 -0.288588345 0.074993327 -0.015962040 0.117808633 0.096069016 0.988249540
1548265577.007130 0.220395938 -0.280918747 0.081478588 -0.014861187 0.129207015 0.097609542 0.986689925
1548265577.040490 0.222914875 -0.277586162 0.086568378 -0.015624582 0.132497579 0.096887194 0.986312866
1548265577.074010 0.246119678 -0.265421987 0.086762682 -0.015765522 0.136118665 0.096683204 0.985837460
1548265577.107480 0.231118754 -0.280072182 0.101126134 -0.020013796 0.149454042 0.099735074 0.983522177
1548265577.140950 0.227459580 -0.279339314 0.107374214 -0.020643286 0.155971184 0.100218140 0.982447565
1548265577.174470 0.236772045 -0.273641884 0.103975177 -0.021462789 0.161790133 0.103581980 0.981139183
1548265577.207980 0.236640587 -0.268771738 0.115341634 -0.022641649 0.168468729 0.105561420 0.979776680
1548265577.241520 0.232520372 -0.266236722 0.122700013 -0.024358731 0.175220385 0.107565627 0.978332281
1548265577.275020 0.239788085 -0.260731459 0.123447925 -0.026485970 0.179938793 0.108753197 0.977288723
1548265577.308530 0.236718103 -0.257667392 0.132087603 -0.029097712 0.187018111 0.109935172 0.975751936
1548265577.342050 0.244471669 -0.252236515 0.136921659 -0.031706814 0.190414682 0.110700928 0.974926770
1548265577.375560 0.244327396 -0.256681174 0.139052659 -0.035834435 0.196553603 0.112589426 0.973347902
1548265577.409080 0.241536960 -0.252564549 0.150817394 -0.037291236 0.201504588 0.114019878 0.972113550
1548265577.442570 0.251600176 -0.246505737 0.149234772 -0.038346801 0.204250485 0.114736132 0.971414864
1548265577.476080 0.242910311 -0.245990738 0.156868741 -0.039993096 0.210583851 0.116651818 0.969766617
1548265577.509630 0.245703295 -0.242152169 0.159209564 -0.040637340 0.213024557 0.117982209 0.969045579
1548265577.543110 0.245303452 -0.239536434 0.159962371 -0.041329488 0.216407061 0.118525036 0.968200207
1548265577.576630 0.249866381 -0.239036307 0.159472629 -0.042534333 0.219273761 0.118989341 0.967445791
1548265577.610150 0.246170312 -0.237750545 0.158582523 -0.043476209 0.223148793 0.119349942 0.966472983
1548265577.643660 0.241837651 -0.231655478 0.163738877 -0.042865783 0.226784393 0.119915523 0.965583563
1548265577.677180 0.246408492 -0.224674270 0.159430757 -0.042815562 0.228468537 0.120618850 0.965101063
1548265577.710740 0.248898596 -0.219099030 0.154713660 -0.043743525 0.231246561 0.122196093 0.964198947
1548265577.744210 0.239574909 -0.214679778 0.160018072 -0.044623099 0.236001387 0.124220453 0.962746799
1548265577.777800 0.245837584 -0.211194605 0.158197761 -0.045822125 0.236287266 0.126007214 0.962388098
1548265577.811320 0.254463464 -0.190916136 0.143826947 -0.044787414 0.238237917 0.126260906 0.961922526
1548265577.844850 0.247393146 -0.198023781 0.144095957 -0.048956450 0.244393870 0.130249068 0.959640563
1548265577.878350 0.247607246 -0.192419231 0.142300606 -0.050551850 0.246419236 0.131349772 0.958889604
1548265577.911870 0.256373525 -0.178469598 0.136856794 -0.051148716 0.248571053 0.131618634 0.958265483
1548265577.945390 0.251704961 -0.183106706 0.137161091 -0.054426946 0.254232526 0.134202257 0.956239104
1548265577.978870 0.250605166 -0.182123646 0.136165559 -0.056406613 0.257744223 0.134893596 0.955086350
1548265578.012390 0.257814437 -0.167495549 0.132606506 -0.055108678 0.259381473 0.135236889 0.954670250
1548265578.045910 0.267832726 -0.157142684 0.123435304 -0.055424485 0.262887448 0.135410428 0.953667819
1548265578.079430 0.260141551 -0.163139164 0.124970160 -0.057870489 0.270504147 0.137647167 0.951068759
1548265578.112940 0.259378523 -0.156756490 0.121091768 -0.058083907 0.274044275 0.138488278 0.949919462
1548265578.146450 0.257567108 -0.145361170 0.120817386 -0.057320938 0.278512716 0.139523759 0.948513627
1548265578.179970 0.252799511 -0.150860503 0.113547757 -0.060338192 0.282918274 0.141762778 0.946688890
1548265578.213490 0.262058347 -0.136465758 0.109289818 -0.059771609 0.283585399 0.143839464 0.946211874
1548265578.247000 0.263927817 -0.125996858 0.107976876 -0.060492750 0.287779450 0.145391226 0.944661319
1548265578.280480 0.260358006 -0.124412842 0.105099931 -0.062719151 0.293581873 0.147723436 0.942366064
1548265578.313980 0.258910745 -0.120513342 0.100695349 -0.063924454 0.296957433 0.149358779 0.940968573
1548265578.347480 0.264528096 -0.112441227 0.097044706 -0.064626753 0.299207717 0.150658995 0.939999998
1548265578.381010 0.254427135 -0.114003807 0.094717048 -0.066559799 0.304479241 0.152086541 0.937940180
1548265578.414540 0.261430353 -0.111481033 0.089328542 -0.067113519 0.305018842 0.154296175 0.937364340
1548265578.448060 0.262541801 -0.099446587 0.083877981 -0.065517403 0.307783008 0.155191705 0.936425447
1548265578.481570 0.258894056 -0.095085412 0.082767494 -0.065610185 0.311748862 0.156399935 0.934904814
1548265578.515090 0.266405374 -0.080427229 0.072837427 -0.064447954 0.313540727 0.157142535 0.934261680
1548265578.548610 0.262838185 -0.071745433 0.069037765 -0.064959675 0.319875836 0.157451078 0.932024062
1548265578.582170 0.262353569 -0.070233084 0.063189656 -0.066496722 0.324118257 0.158861265 0.930208921
1548265578.615830 0.262450516 -0.059323333 0.062162213 -0.066542231 0.328244388 0.158755377 0.928775787
1548265578.649340 0.268603235 -0.056923762 0.042499520 -0.069239855 0.330473989 0.160472602 0.927491963
1548265578.682920 0.266528606 -0.051317513 0.040966541 -0.070376128 0.334597260 0.161685497 0.925715744
1548265578.716440 0.267301202 -0.045917351 0.032313805 -0.071634158 0.337379783 0.163204119 0.924341857
1548265578.749960 0.266530633 -0.039245699 0.029327461 -0.073202312 0.341115892 0.163705751 0.922757685
1548265578.783510 0.262379974 -0.037281003 0.027423577 -0.075325325 0.345562458 0.164819345 0.920731902
1548265578.817040 0.270410180 -0.029052792 0.021116875 -0.075675033 0.346607685 0.166659892 0.919978738
1548265578.850550 0.266109377 -0.025420720 0.017384954 -0.076568626 0.351250201 0.166920036 0.918094873
1548265578.884070 0.260762542 -0.021731028 0.013004517 -0.076613829 0.354215205 0.168746710 0.916616857
1548265578.917580 0.262504131 -0.013673415 0.008689747 -0.076423697 0.355937809 0.169123888 0.915895641
1548265578.951110 0.260994107 -0.007332556 0.004781763 -0.075377800 0.358790934 0.171071023 0.914506376
1548265578.984620 0.256577849 0.000666593 -0.000552410 -0.074093916 0.359905094 0.171160176 0.914156735
1548265579.018130 0.253752530 0.010218786 -0.005224052 -0.073443271 0.361360043 0.171138719 0.913639128
1548265579.051660 0.246269330 0.015544393 -0.004755419 -0.074031055 0.362467915 0.171511590 0.913082778
1548265579.085180 0.248310670 0.028487580 -0.010805457 -0.073787265 0.362038255 0.170883074 0.913390756
1548265579.118730 0.236867160 0.028372381 -0.011552475 -0.074380070 0.364419520 0.172458753 0.912098706
1548265579.152250 0.240785405 0.044077400 -0.018944349 -0.073437281 0.361513346 0.171609566 0.913490653
1548265579.185720 0.240606040 0.054209866 -0.019621296 -0.075191185 0.361290067 0.171029896 0.913545012
1548265579.219230 0.236823559 0.061712917 -0.016161244 -0.077228539 0.360560298 0.170798212 0.913706720
1548265579.252740 0.241296411 0.077751987 -0.023595499 -0.078555010 0.358986109 0.168923810 0.914561510
1548265579.286240 0.238672167 0.081235319 -0.020546937 -0.081064664 0.361457676 0.169720262 0.913220584
1548265579.319350 0.237328544 0.087761171 -0.023860579 -0.081809998 0.358101279 0.169396386 0.914535642
1548265579.352770 0.247390404 0.102231614 -0.028290572 -0.081609458 0.357574403 0.167377442 0.915131211
1548265579.386290 0.232291415 0.096246883 -0.029342638 -0.082951739 0.359889090 0.167840436 0.914017737
1548265579.419800 0.255774260 0.116018176 -0.040265534 -0.081469141 0.355430126 0.165182188 0.916377127
1548265579.453320 0.241107151 0.113619693 -0.031729009 -0.082195789 0.363095939 0.164490178 0.913426578
1548265579.486930 0.242899567 0.117654935 -0.036289666 -0.080730937 0.358633131 0.164642692 0.915291011
1548265579.520650 0.248457909 0.117216974 -0.043667138 -0.081162773 0.363550156 0.162873074 0.913628101
1548265579.554170 0.241124198 0.125288993 -0.036393877 -0.076989152 0.367503762 0.164182946 0.912171900
1548265579.587680 0.248088226 0.136513025 -0.045931794 -0.072049059 0.360831827 0.162571058 0.915521681
1548265579.621200 0.245289475 0.145167470 -0.044833764 -0.068700403 0.366096467 0.161873356 0.913811028
1548265579.654810 0.238831893 0.142416552 -0.044521451 -0.064896218 0.363809854 0.165463865 0.914359093
1548265579.688390 0.262526631 0.159779623 -0.070167176 -0.061597805 0.357810378 0.162142068 0.917544246
1548265579.721980 0.254836828 0.174298450 -0.063263565 -0.058066893 0.365591913 0.165569246 0.914088428
1548265579.755490 0.242834568 0.176579699 -0.055758465 -0.056171827 0.367278546 0.171061620 0.912518024
1548265579.789070 0.255499363 0.189900532 -0.071924932 -0.055158947 0.356484324 0.171738148 0.916723788
1548265579.822590 0.257090032 0.195636779 -0.075965226 -0.055656247 0.354419559 0.173920959 0.917082667
1548265579.856150 0.258736432 0.207477927 -0.076650158 -0.054620326 0.350922197 0.176376805 0.918020427
1548265579.889660 0.264441460 0.215597183 -0.082005136 -0.056059618 0.349053472 0.177573696 0.918415248
1548265579.923180 0.261709809 0.214371294 -0.085584044 -0.057802927 0.347358555 0.182336256 0.918016553
1548265579.956750 0.268729299 0.225607127 -0.091670714 -0.057022274 0.340648472 0.184064969 0.920232177
1548265579.990310 0.276706308 0.236930162 -0.096469864 -0.056262426 0.337462515 0.184793055 0.921306252
1548265580.023870 0.286183149 0.245803207 -0.103235424 -0.056279156 0.337924898 0.185732380 0.920946717
1548265580.057390 0.287068486 0.250862032 -0.107197128 -0.056376714 0.341405451 0.188002616 0.919194758
1548265580.090910 0.292070389 0.259056002 -0.113125794 -0.055369783 0.341484159 0.188603953 0.919103563
1548265580.124630 0.294934660 0.266102970 -0.120276377 -0.055428583 0.344531626 0.189197764 0.917839766
1548265580.158140 0.295519531 0.269617617 -0.120975293 -0.057269666 0.350688905 0.190693870 0.915081084
1548265580.191730 0.298683494 0.276239812 -0.127286881 -0.058495052 0.353271455 0.191432580 0.913855135
1548265580.225400 0.305785507 0.281163067 -0.131007910 -0.060572233 0.356477588 0.192983851 0.912146926
1548265580.258910 0.309865892 0.286243349 -0.133688092 -0.061354056 0.358465135 0.195722520 0.910731137
1548265580.292430 0.312025458 0.290463209 -0.137466311 -0.061471332 0.357861876 0.197919816 0.910485506
1548265580.325960 0.326709181 0.301418245 -0.147985667 -0.061547857 0.355514824 0.199396476 0.911077440
1548265580.359520 0.329985827 0.303390443 -0.153709382 -0.062745430 0.356785893 0.201111719 0.910121381
1548265580.393100 0.330916375 0.299722016 -0.164353535 -0.066215187 0.359660894 0.202824235 0.908362210
1548265580.426620 0.336266577 0.302693307 -0.165796310 -0.067667887 0.363909394 0.204186350 0.906255424
1548265580.460130 0.339889139 0.302558362 -0.169347659 -0.069204442 0.366197139 0.205466509 0.904927611
1548265580.493650 0.346921831 0.305495501 -0.174415454 -0.069218889 0.366326571 0.205606684 0.904842257
1548265580.527060 0.352935731 0.307280689 -0.180706382 -0.069826856 0.367946476 0.205571204 0.904146075
1548265580.560410 0.355171919 0.306969851 -0.183883771 -0.070048213 0.367184997 0.205389544 0.904479742
1548265580.593840 0.368220598 0.309996426 -0.193085805 -0.070115775 0.364864856 0.204307750 0.905657649
1548265580.627120 0.373212367 0.313013613 -0.193938032 -0.069180034 0.365518183 0.203914776 0.905554712
1548265580.660640 0.383262157 0.314288527 -0.204250231 -0.068490773 0.364522874 0.203493237 0.906102955
1548265580.694150 0.392484009 0.317188501 -0.211434945 -0.067439191 0.364315271 0.203436315 0.906278074
1548265580.727640 0.399394721 0.320703834 -0.218684763 -0.066491179 0.365973324 0.204613194 0.905414760
1548265580.761150 0.398504555 0.325031728 -0.219475806 -0.064771846 0.366020262 0.206374794 0.905120552
1548265580.794670 0.408095658 0.330093622 -0.224604681 -0.064672947 0.361576200 0.207136765 0.906738341
1548265580.828150 0.415313542 0.332259774 -0.230226099 -0.065796152 0.357347310 0.208330855 0.908059478
1548265580.861650 0.427111685 0.332589447 -0.236790314 -0.067377038 0.351737648 0.209953442 0.909758508
1548265580.895040 0.436491460 0.334675938 -0.240353584 -0.067795008 0.347300529 0.210450441 0.911315978
1548265580.928550 0.448141456 0.333058983 -0.246426418 -0.068170443 0.342971683 0.211753353 0.912624598
1548265580.962070 0.457077384 0.333741426 -0.250157595 -0.067105889 0.339036167 0.211086735 0.914326847
1548265580.995570 0.461380631 0.327418000 -0.254225373 -0.065723144 0.334087163 0.211116597 0.916240156
1548265581.029090 0.475887179 0.328231603 -0.268085182 -0.063200183 0.326694191 0.209247768 0.919506371
1548265581.062590 0.477435172 0.326973408 -0.264420092 -0.060570937 0.323237091 0.207257479 0.921354055
1548265581.096110 0.490560770 0.328944147 -0.276821107 -0.057887897 0.314078450 0.205111399 0.925166488
1548265581.129630 0.498068154 0.323870629 -0.290088236 -0.058245879 0.309342533 0.201681361 0.927490830
1548265581.163140 0.500647724 0.319542319 -0.288994074 -0.057577286 0.306138664 0.199527770 0.929060042
1548265581.196640 0.512555182 0.319649845 -0.297009230 -0.056529734 0.297798544 0.195388988 0.932707608
1548265581.230160 0.514537990 0.308896989 -0.301429212 -0.056667000 0.294119149 0.194566712 0.934037805
1548265581.263670 0.528899014 0.310650408 -0.311241478 -0.053328242 0.283379078 0.191855684 0.938106477
1548265581.297190 0.534146190 0.308333248 -0.310768545 -0.050610978 0.280088812 0.189821750 0.939657629
1548265581.330720 0.538461208 0.302265465 -0.315902263 -0.047073055 0.273831606 0.190184787 0.941610396
1548265581.364220 0.541151166 0.293515384 -0.316950947 -0.043623533 0.267013937 0.188668802 0.944036305
1548265581.397740 0.557839811 0.296535254 -0.325450242 -0.038867615 0.258658826 0.187253982 0.946847856
1548265581.431250 0.557950497 0.290645808 -0.328819215 -0.035940956 0.256757796 0.187946975 0.947343469
1548265581.464760 0.564145088 0.284016967 -0.334745437 -0.032983121 0.250421733 0.188764185 0.948983252
1548265581.498240 0.577259302 0.287039965 -0.337586462 -0.029046601 0.244736969 0.188842490 0.950578034
1548265581.531760 0.570357680 0.263827950 -0.340189993 -0.029196847 0.242911220 0.190567046 0.950697541
1548265581.565300 0.585177839 0.272487760 -0.342421740 -0.022465315 0.230904594 0.188797340 0.954219043
1548265581.598820 0.597018123 0.271153331 -0.351714611 -0.020364046 0.227604643 0.188581631 0.955101252
1548265581.632340 0.570823431 0.241405144 -0.347204030 -0.020365270 0.228180289 0.191518292 0.954379261
1548265581.665850 0.605695367 0.263745368 -0.356967151 -0.012854842 0.212021023 0.186458483 0.959226310
1548265581.699340 0.609198391 0.251185000 -0.360700250 -0.012284001 0.210335985 0.185755402 0.959740996
1548265581.732850 0.602479577 0.233497471 -0.361872852 -0.011042655 0.207784116 0.183433786 0.960757971
1548265581.766370 0.621226847 0.236708209 -0.369885653 -0.006770394 0.199731857 0.179463401 0.963251889
1548265581.799870 0.610602200 0.214476943 -0.369398385 -0.007133066 0.201070890 0.177371323 0.963358223
1548265581.833290 0.620386422 0.218134999 -0.365630418 -0.002492505 0.193276569 0.170960978 0.966131628
1548265581.866750 0.632475436 0.229785815 -0.367191166 0.001955645 0.190013126 0.166097075 0.967627466
1548265581.900240 0.611384749 0.219027877 -0.359251738 0.001404934 0.194134474 0.162648588 0.967396140
1548265581.933760 0.620609760 0.213810757 -0.365661323 0.001238000 0.182839692 0.155856937 0.970709383
1548265581.967280 0.632313430 0.220123127 -0.366336435 0.001228751 0.179135501 0.149887934 0.972338676
1548265582.000790 0.622160614 0.208898574 -0.363029838 -0.001861523 0.181908399 0.147761762 0.972148299
1548265582.034270 0.621757746 0.199694484 -0.361496627 -0.004191495 0.176026300 0.143355235 0.973882139
1548265582.067780 0.650106072 0.210439458 -0.361017764 -0.004147691 0.170645580 0.138473853 0.975544930
1548265582.101260 0.628606319 0.193227723 -0.354797661 -0.009672976 0.184631452 0.138579398 0.972940624
1548265582.134770 0.614249408 0.165332332 -0.354949385 -0.013724281 0.181655616 0.138943940 0.973399937
1548265582.168290 0.641060948 0.180269852 -0.353391200 -0.010727278 0.173410237 0.135246605 0.975459993
1548265582.201800 0.630785108 0.168819726 -0.352773607 -0.012398024 0.180146202 0.136308596 0.974070609
1548265582.235360 0.598926604 0.142200455 -0.342588484 -0.014393863 0.182467490 0.138534963 0.973296702
1548265582.268880 0.627756238 0.151278377 -0.355318308 -0.011275843 0.168654233 0.137540266 0.975966811
1548265582.302400 0.625825226 0.158809334 -0.349530011 -0.009191577 0.171855554 0.137654170 0.975414038
1548265582.335910 0.596501768 0.123884358 -0.348449916 -0.013367392 0.174783021 0.142314628 0.974175930
1548265582.369430 0.623178005 0.149694100 -0.346269369 -0.007991301 0.163985744 0.140115410 0.976428449
1548265582.402940 0.613729596 0.156317338 -0.340218872 -0.007429038 0.170069948 0.141363248 0.975211501
1548265582.436390 0.590903699 0.130536780 -0.344919145 -0.011707134 0.170243472 0.145508111 0.974529386
1548265582.469770 0.610943735 0.153362051 -0.342561543 -0.009379966 0.160802200 0.143929973 0.976390719
1548265582.503050 0.599082768 0.152352870 -0.334256858 -0.012144579 0.163967147 0.144072473 0.975812674
1548265582.536500 0.579934776 0.145788029 -0.328851402 -0.014984786 0.163400605 0.144114584 0.975862026
1548265582.569980 0.590274632 0.154485092 -0.326637119 -0.016305098 0.155099943 0.141250655 0.977612615
1548265582.603510 0.590700686 0.168987334 -0.320041984 -0.017578421 0.154034153 0.139081210 0.978070021
1548265582.637020 0.574850619 0.164776608 -0.317492574 -0.022200026 0.155971453 0.138584882 0.977739394
1548265582.670540 0.568432868 0.168235064 -0.312358141 -0.025302026 0.151394680 0.135800749 0.978773534
1548265582.704060 0.577482641 0.183605194 -0.312742800 -0.027000833 0.146747053 0.133130059 0.979802370
1548265582.737570 0.565171838 0.178348333 -0.304336160 -0.032836210 0.150121316 0.131917268 0.979276896
1548265582.771090 0.558481932 0.181407690 -0.298503578 -0.036040191 0.148199245 0.130588338 0.979635000
1548265582.804610 0.549989879 0.188451916 -0.292330027 -0.038209070 0.145545363 0.128259122 0.980258226
1548265582.838140 0.535506427 0.184304908 -0.280785471 -0.041404478 0.141261324 0.126602411 0.980970263
1548265582.871650 0.555568576 0.199038804 -0.285963327 -0.041941937 0.129261568 0.122441947 0.983127832
1548265582.905170 0.551667571 0.206518769 -0.281017751 -0.043907292 0.129350334 0.120594516 0.983258665
1548265582.938690 0.536207974 0.212318376 -0.275349617 -0.045386110 0.129705101 0.119104907 0.983326316
1548265582.972200 0.538018346 0.222496718 -0.271865159 -0.047111616 0.125112668 0.117484160 0.984034956
1548265583.005770 0.524182796 0.223975897 -0.268660456 -0.050248083 0.124264531 0.116984665 0.984046757
1548265583.039370 0.508624434 0.225630552 -0.264955699 -0.053482745 0.119831361 0.115381844 0.984615207
1548265583.073000 0.525924265 0.238955870 -0.262040317 -0.055947598 0.109957933 0.113918185 0.985800087
1548265583.106570 0.518233895 0.239484012 -0.259628773 -0.060423255 0.108688250 0.112616204 0.985826313
1548265583.140110 0.515689075 0.242694765 -0.254058093 -0.064137228 0.105489992 0.112663180 0.985933721
1548265583.173630 0.517100573 0.250558674 -0.252207547 -0.066295490 0.103260942 0.112638451 0.986029744
1548265583.207140 0.504904509 0.247600541 -0.246767029 -0.069903187 0.103641003 0.115204178 0.985444129
1548265583.240660 0.504110038 0.249407098 -0.244335830 -0.071078517 0.098227456 0.116906099 0.985714078
1548265583.274180 0.514713049 0.257983625 -0.242419511 -0.070917733 0.095294051 0.119296037 0.985727251
1548265583.307690 0.508805275 0.257312387 -0.240027219 -0.071803108 0.097288817 0.121921696 0.985146821
1548265583.341200 0.514627576 0.263918757 -0.238200888 -0.070381686 0.096320651 0.123942479 0.985092402
1548265583.374720 0.509231687 0.258939743 -0.235694990 -0.070874095 0.099912062 0.126989707 0.984310925
1548265583.408240 0.512426853 0.259022534 -0.234259278 -0.069063447 0.099793412 0.129407018 0.984136820
1548265583.441760 0.510232329 0.256296605 -0.233763933 -0.067479409 0.101708025 0.130771413 0.983870327
1548265583.475270 0.514995515 0.259955525 -0.233332142 -0.064542152 0.103558980 0.131935969 0.983718812
1548265583.508820 0.491288811 0.243332654 -0.232896477 -0.065104827 0.109518930 0.133217379 0.982863188
1548265583.542340 0.500132143 0.245233908 -0.232902125 -0.061463490 0.103428684 0.133159861 0.983764768
1548265583.575860 0.522963762 0.256085992 -0.232191458 -0.057527266 0.102039441 0.133250520 0.984135568
1548265583.609370 0.481834352 0.228666931 -0.229459092 -0.059550524 0.114990920 0.135342479 0.982299984
1548265583.642850 0.497006238 0.231550977 -0.230168030 -0.054933764 0.107533231 0.134719357 0.983498633
1548265583.676360 0.507621706 0.238983765 -0.230907455 -0.050154597 0.109625138 0.133455813 0.983695269
1548265583.709920 0.485556066 0.223753542 -0.228282705 -0.050005838 0.119235314 0.134711921 0.982412875
1548265583.743440 0.476603150 0.213649377 -0.227851495 -0.045986619 0.116231203 0.135827139 0.982815623
1548265583.776960 0.498801887 0.231367320 -0.229904324 -0.040253185 0.113510422 0.132533073 0.983834386
1548265583.810520 0.477846116 0.215190589 -0.223982021 -0.041437414 0.126674026 0.135632247 0.981753767
1548265583.844040 0.463365853 0.200071365 -0.222620860 -0.041767050 0.126283869 0.136523172 0.981666625
1548265583.877550 0.484424621 0.216297597 -0.225580797 -0.038533967 0.121895008 0.132487357 0.982905805
1548265583.911070 0.473667026 0.210318774 -0.221086144 -0.040362675 0.134496436 0.135899529 0.980720580
1548265583.944580 0.450121015 0.185959026 -0.218027249 -0.045038801 0.137116745 0.135893449 0.980154812
1548265583.978140 0.478127718 0.204769313 -0.216646686 -0.042612571 0.129724085 0.133345097 0.981618524
1548265584.011660 0.468662947 0.190253884 -0.214496762 -0.046563134 0.139982268 0.135617092 0.979716718
1548265584.045170 0.445737422 0.164252684 -0.208487824 -0.050473858 0.142823726 0.137974188 0.978783369
1548265584.078760 0.468691826 0.172645479 -0.209341839 -0.047023214 0.135178015 0.137851194 0.980057538
1548265584.112280 0.464306891 0.164917365 -0.205207482 -0.046042323 0.139700845 0.139403328 0.979249954
1548265584.145850 0.446508676 0.139616400 -0.203488633 -0.046552002 0.141897917 0.141577438 0.978597820
1548265584.179380 0.458780229 0.148170799 -0.205562592 -0.040659271 0.135983348 0.140307948 0.979882181
1548265584.212890 0.469303936 0.154107407 -0.204509526 -0.036195565 0.137383863 0.140978754 0.979765534
1548265584.246410 0.443157226 0.129062518 -0.204384223 -0.036922831 0.144569740 0.143339381 0.978360951
1548265584.279910 0.445608705 0.125811696 -0.203606442 -0.034477167 0.140805468 0.142244682 0.979158640
1548265584.313390 0.451500475 0.129834518 -0.203175619 -0.031199252 0.139740244 0.140454873 0.979679406
1548265584.346910 0.435724974 0.115286887 -0.202618107 -0.031254206 0.144337922 0.142121762 0.978770196
1548265584.380430 0.434783041 0.105396457 -0.200369939 -0.030500509 0.141471744 0.141636208 0.979282737
1548265584.413940 0.440172076 0.111675739 -0.199035347 -0.027571056 0.139668539 0.139684677 0.979908526
1548265584.447460 0.424848676 0.099093094 -0.201668933 -0.027239084 0.144020557 0.139615819 0.979297459
1548265584.480970 0.412980109 0.078196138 -0.195959061 -0.028504765 0.143104747 0.139777139 0.979372680
1548265584.514490 0.431103230 0.091233738 -0.197579861 -0.024016323 0.136886388 0.137034774 0.980768502
1548265584.547890 0.418005884 0.086544998 -0.195109501 -0.022429010 0.142648429 0.136345074 0.980080783
1548265584.581400 0.401555836 0.063422665 -0.194925517 -0.024304187 0.145092815 0.137400284 0.979529738
1548265584.614920 0.409315079 0.069928207 -0.192661434 -0.021363990 0.140459582 0.135270640 0.980569482
1548265584.648430 0.410604328 0.072049230 -0.192245439 -0.019701440 0.141763121 0.132454365 0.980801165
1548265584.681950 0.391619891 0.056061648 -0.189374685 -0.021389004 0.147763237 0.132821903 0.979830027
1548265584.715480 0.389624178 0.049061127 -0.187257260 -0.020966956 0.146046832 0.132090241 0.980195343
1548265584.749040 0.395153284 0.051483318 -0.187780604 -0.019391282 0.145824850 0.129973367 0.980543733
1548265584.782580 0.381918639 0.040912639 -0.182062909 -0.019809093 0.150630414 0.130582005 0.979727685
1548265584.816070 0.369789988 0.025663029 -0.181978121 -0.019700889 0.150610209 0.131184936 0.979652464
1548265584.849550 0.376726210 0.030331831 -0.178468183 -0.016794907 0.147548407 0.129437730 0.980404615
1548265584.882840 0.367356867 0.023171898 -0.177500457 -0.015679615 0.150116682 0.129617244 0.980009437
1548265584.916360 0.349704742 0.011241095 -0.174778596 -0.014963789 0.151340514 0.130547151 0.979708910
1548265584.950090 0.350580305 0.011170863 -0.174278378 -0.012463198 0.146369889 0.130168393 0.980549157
1548265584.983650 0.367727846 0.026323222 -0.173887134 -0.008620423 0.141429022 0.129052252 0.981462717
1548265585.017190 0.350813031 0.011932905 -0.172424749 -0.009890269 0.143363893 0.129650816 0.981091022
1548265585.050720 0.349791557 0.009075467 -0.170863688 -0.009296788 0.138340101 0.128565922 0.981960475
1548265585.084260 0.348120242 0.011739229 -0.168362364 -0.008546006 0.136730358 0.126269460 0.982490599
1548265585.117780 0.329941660 -0.004730286 -0.163757741 -0.010675419 0.137937799 0.126580194 0.982261002
1548265585.151300 0.330296546 -0.010948343 -0.164785162 -0.010928696 0.130967170 0.123954974 0.983546317
1548265585.184900 0.328761548 -0.008831852 -0.159767002 -0.009718033 0.127731994 0.120243840 0.984444797
1548265585.218410 0.316294074 -0.022004616 -0.156905487 -0.010634691 0.127102554 0.119145162 0.984650314
1548265585.251930 0.298478037 -0.043533847 -0.159154981 -0.011377216 0.121023044 0.115417354 0.985851288
1548265585.285470 0.308989972 -0.031116391 -0.155694082 -0.006856733 0.113077395 0.110872753 0.987356961
1548265585.318990 0.300567627 -0.047895882 -0.152853727 -0.006495426 0.110323980 0.110445514 0.987718701
1548265585.352510 0.275847852 -0.068795390 -0.151253253 -0.006162023 0.106888339 0.106471092 0.988534689
1548265585.386020 0.279015452 -0.055103026 -0.151319131 -0.000471323 0.098174743 0.100282133 0.990103543
1548265585.419540 0.268794358 -0.055491377 -0.147588804 0.002629385 0.095879279 0.097284526 0.990624070
1548265585.453020 0.242025018 -0.068202965 -0.145580411 0.003859110 0.093252480 0.094959661 0.991096258
1548265585.486480 0.240674555 -0.046244033 -0.133574098 0.010179206 0.086267442 0.090810858 0.992072403
1548265585.519990 0.225948334 -0.047474328 -0.131665409 0.011457625 0.083856456 0.088282950 0.992493272
1548265585.553510 0.220350951 -0.054410756 -0.133747473 0.011560424 0.076032810 0.087135278 0.993223488
1548265585.587020 0.215421200 -0.059540804 -0.136529014 0.011012640 0.067986213 0.084735125 0.994020402
1548265585.620450 0.226861238 -0.052800652 -0.129203200 0.011698162 0.061458409 0.083462037 0.994545162
1548265585.653960 0.221588865 -0.047138035 -0.121278837 0.012683946 0.058112510 0.082177505 0.994841158
1548265585.687480 0.198932171 -0.053282239 -0.121283896 0.011002193 0.056747563 0.082338654 0.994926631
1548265585.721050 0.204781026 -0.059643906 -0.120250434 0.009790085 0.051957875 0.081700556 0.995253503
1548265585.754570 0.188869759 -0.062497664 -0.118333444 0.009716832 0.051872943 0.082766198 0.995170593
1548265585.788090 0.203884199 -0.062714934 -0.113384239 0.011093340 0.043640517 0.080480807 0.995738566
1548265585.821630 0.198795289 -0.065251239 -0.115806289 0.011534900 0.041436858 0.080216438 0.995849013
1548265585.855150 0.189935669 -0.065105036 -0.117109314 0.012528137 0.037871838 0.079046078 0.996072531
1548265585.888630 0.198740497 -0.066109225 -0.118022464 0.012533067 0.032266289 0.076863199 0.996440589
1548265585.922150 0.198534608 -0.065235801 -0.117114678 0.012251884 0.029780393 0.075220719 0.996646821
1548265585.955660 0.179964229 -0.044147503 -0.111546323 0.016512737 0.028728582 0.074974127 0.996634781
1548265585.989180 0.190865546 -0.046268828 -0.112644374 0.014963785 0.019261502 0.069895595 0.997256100
1548265586.022620 0.199638754 -0.055290673 -0.115567341 0.010473641 0.017657349 0.067051753 0.997538269
1548265586.056210 0.163188607 -0.047939260 -0.113023497 0.009683293 0.020743715 0.066227630 0.997541904
1548265586.089730 0.169423550 -0.042915810 -0.106939666 0.008392373 0.010407400 0.062598772 0.997949243
1548265586.123250 0.180658266 -0.046531763 -0.107495308 0.005449780 0.006069565 0.059752144 0.998179913
1548265586.157040 0.165417776 -0.038538627 -0.106538840 0.005744048 0.005667158 0.058758259 0.998239636
1548265586.190640 0.163163587 -0.029085599 -0.103143111 0.006628082 -0.005846671 0.056100965 0.998385966
1548265586.224080 0.240213573 -0.029887551 -0.107184634 0.004295501 -0.017073913 0.050588120 0.998564363
1548265586.257530 0.170838490 -0.013779419 -0.089019567 0.005157372 0.003127550 0.055456501 0.998442888
1548265586.290740 0.167670175 -0.000196523 -0.088654555 0.004771162 -0.001146306 0.053189151 0.998572409
1548265586.324190 0.196564957 0.007082007 -0.099031389 0.001016169 -0.006204627 0.050551448 0.998701632
1548265586.357710 0.163656220 0.014607341 -0.082874618 -0.002979147 0.000246743 0.048390094 0.998824060
1548265586.391170 0.163021535 0.016884597 -0.089146681 -0.008479687 -0.008369384 0.044359844 0.998944581
1548265586.424750 0.156275779 0.015052159 -0.084409349 -0.014192572 -0.008710656 0.039876692 0.999065816
1548265586.458210 0.148793444 0.026713256 -0.079988070 -0.016508771 -0.011229416 0.041335564 0.998945832
1548265586.491720 0.155249521 0.017846858 -0.078944713 -0.022708045 -0.019570459 0.035058271 0.998935580
1548265586.525240 0.149451971 0.023698285 -0.072112873 -0.025219955 -0.017585319 0.034270268 0.998939574
1548265586.558660 0.136086568 0.029963685 -0.066682041 -0.026618863 -0.018127147 0.033116776 0.998932481
1548265586.592150 0.140768513 0.028472541 -0.065435886 -0.029333899 -0.022506248 0.030742481 0.998843253
1548265586.625670 0.140888363 0.027772985 -0.063172013 -0.031688832 -0.021737345 0.028001687 0.998868942
1548265586.659180 0.127110273 0.038952693 -0.057962555 -0.031285644 -0.020907834 0.029589305 0.998853624
1548265586.692700 0.127958015 0.038821124 -0.056570876 -0.033446968 -0.024822148 0.026711553 0.998775065
1548265586.726200 0.123180442 0.038812622 -0.054355953 -0.035748910 -0.025277022 0.024696285 0.998735785
1548265586.759720 0.116708122 0.044992529 -0.047830790 -0.036690254 -0.025123116 0.024183039 0.998718083
1548265586.793240 0.100752376 0.051262364 -0.043002456 -0.037422180 -0.025915535 0.023227535 0.998693347
1548265586.826760 0.108293958 0.049903478 -0.042303693 -0.039977357 -0.030811103 0.018861216 0.998547316
1548265586.860280 0.095846988 0.055740617 -0.036479659 -0.041270677 -0.030133670 0.017728725 0.998536110
1548265586.893800 0.062768698 0.062904894 -0.036518645 -0.041724443 -0.030102981 0.015306194 0.998558283
1548265586.927310 0.082577512 0.056585055 -0.030231703 -0.044742838 -0.043713078 0.007289784 0.998015106
1548265586.960850 0.074603759 0.063996658 -0.025326669 -0.044860885 -0.042980805 0.005319584 0.998054028
1548265586.994370 0.061968584 0.067858130 -0.019773522 -0.045621093 -0.045806706 0.002150213 0.997905731
1548265587.027880 0.044193048 0.069166481 -0.019110445 -0.046231918 -0.048940942 -0.002260628 0.997728527
1548265587.061500 0.030969137 0.073913366 -0.013755133 -0.045121446 -0.057466928 -0.006048854 0.997308910
1548265587.095050 0.032596875 0.072513700 -0.010826334 -0.044863950 -0.065527894 -0.010831628 0.996782839
1548265587.128590 0.026158119 0.073875375 -0.009295596 -0.044236131 -0.070342757 -0.013763253 0.996446490
1548265587.162100 0.019926643 0.078951858 -0.007845115 -0.042913727 -0.074514806 -0.016185045 0.996164620
1548265587.195620 0.013128700 0.075093508 -0.007045188 -0.043824974 -0.081012107 -0.020071158 0.995546877
1548265587.229140 0.009866394 0.076938376 -0.003957801 -0.043184958 -0.085546374 -0.023833398 0.995112479
1548265587.262720 0.003170091 0.075653225 -0.004967626 -0.044155024 -0.088201150 -0.025384793 0.994799733
1548265587.296250 -0.001471751 0.079922773 -0.004614095 -0.043682858 -0.092309810 -0.026464777 0.994419575
1548265587.329810 -0.008217401 0.084248073 -0.000109666 -0.043413978 -0.096015252 -0.029098472 0.994006813
1548265587.363280 -0.012470905 0.080844656 -0.000961186 -0.045526393 -0.099241778 -0.029344143 0.993588090
1548265587.396840 -0.018110193 0.079873629 0.000331189 -0.046749678 -0.102999710 -0.030785857 0.993105114
1548265587.430370 -0.021718988 0.081809163 0.001024969 -0.047417421 -0.107799925 -0.030890891 0.992560565
1548265587.463940 -0.027766062 0.082798161 0.003061630 -0.047667630 -0.110105231 -0.032672774 0.992238462
1548265587.497460 -0.032634575 0.079305880 0.004288831 -0.049312234 -0.112479374 -0.031712543 0.991922855
1548265587.531240 -0.033893902 0.074982196 0.006360370 -0.050326094 -0.115766026 -0.032633852 0.991463840
1548265587.564870 -0.036831141 0.072236203 0.005542197 -0.050419021 -0.116742343 -0.033043113 0.991331100
1548265587.598450 -0.043491133 0.067601524 0.009991656 -0.050976075 -0.116578676 -0.030610481 0.991399944
1548265587.631970 -0.035499852 0.064869799 0.007385449 -0.049808417 -0.121321492 -0.030185075 0.990903139
1548265587.665580 -0.034445677 0.068194889 0.003629551 -0.046715047 -0.120217204 -0.031224081 0.991156220
1548265587.699100 -0.041527383 0.060617097 0.006584153 -0.047956903 -0.115848295 -0.027338756 0.991731763
1548265587.732610 -0.041753147 0.059158448 0.005171630 -0.046857201 -0.118811116 -0.027132791 0.991439402
1548265587.766130 -0.037206709 0.058830194 0.003486174 -0.044904489 -0.118271165 -0.029010283 0.991541207
1548265587.799650 -0.049170718 0.054457001 0.003401726 -0.045280833 -0.110943176 -0.026348935 0.992444932
1548265587.833160 -0.048215076 0.050404042 0.003968208 -0.045348044 -0.112587772 -0.025090409 0.992289305
1548265587.866680 -0.048022117 0.053490669 -0.001545497 -0.042929444 -0.111264013 -0.026349949 0.992513537
1548265587.900190 -0.053592581 0.044717196 0.001343658 -0.044581279 -0.108538114 -0.024632405 0.992786586
1548265587.933710 -0.055602204 0.039199229 0.001394740 -0.044695422 -0.110668905 -0.024011735 0.992561400
1548265587.967330 -0.055858158 0.036833398 0.000509216 -0.043225113 -0.111316115 -0.024955457 0.992530882
1548265588.000700 -0.062458318 0.028394656 -0.002388790 -0.043014180 -0.109340563 -0.023973202 0.992783844
1548265588.034160 -0.065432206 0.022944145 -0.005340867 -0.041204173 -0.110819742 -0.022430999 0.992732644
1548265588.067490 -0.064584211 0.021372231 -0.006568002 -0.037631761 -0.113393880 -0.022560645 0.992580831
1548265588.100970 -0.066123359 0.017467732 -0.009559505 -0.035061501 -0.113626942 -0.022098813 0.992658675
1548265588.134480 -0.071031183 0.014490561 -0.012142356 -0.032329150 -0.115650810 -0.020112608 0.992559910
1548265588.168000 -0.070608974 0.011727137 -0.016246581 -0.029409721 -0.119212627 -0.022056052 0.992187977
1548265588.201510 -0.074486949 0.007447500 -0.022051284 -0.027460435 -0.119811639 -0.022644965 0.992158413
1548265588.235030 -0.077566706 0.008241951 -0.025405407 -0.024664281 -0.121897951 -0.021836197 0.991995871
1548265588.268540 -0.081347451 0.002100695 -0.028908184 -0.023270432 -0.124915279 -0.023341084 0.991619825
1548265588.302060 -0.084045924 -0.000396943 -0.031450383 -0.021120822 -0.126102045 -0.023964267 0.991502881
1548265588.334890 -0.090656079 -0.005443815 -0.037012864 -0.020003907 -0.127443612 -0.023215810 0.991372287
1548265588.368390 -0.087420590 -0.007641229 -0.038338374 -0.017252471 -0.132410303 -0.024292579 0.990747094
1548265588.401900 -0.088956811 -0.010571080 -0.041897174 -0.014771866 -0.133771390 -0.024964768 0.990587592
1548265588.435420 -0.091872737 -0.012459890 -0.043925263 -0.012689749 -0.134915203 -0.024625611 0.990469813
1548265588.468930 -0.093126364 -0.014901497 -0.048051950 -0.010539961 -0.137905449 -0.024552496 0.990084946
1548265588.502470 -0.095580846 -0.018866133 -0.052738089 -0.009032878 -0.138842136 -0.027024409 0.989904523
1548265588.536340 -0.097249500 -0.021256428 -0.054306220 -0.008075881 -0.137983844 -0.026457908 0.990048110
1548265588.569910 -0.101719208 -0.021626027 -0.063796915 -0.006739436 -0.140588373 -0.025692947 0.989711761
1548265588.603440 -0.097570196 -0.022013849 -0.063543499 -0.005541961 -0.144888267 -0.028983859 0.989007890
1548265588.636960 -0.101494193 -0.023391286 -0.065268256 -0.005380460 -0.143116966 -0.030128080 0.989232481
1548265588.670470 -0.104543135 -0.023453629 -0.066465877 -0.005113329 -0.143835753 -0.028827917 0.989168406
1548265588.703990 -0.106042944 -0.022706941 -0.068451703 -0.003957014 -0.145464525 -0.029958010 0.988901913
1548265588.737500 -0.105042174 -0.025000788 -0.070221394 -0.004031470 -0.144228756 -0.030655721 0.989061177
1548265588.771030 -0.110506922 -0.021863883 -0.072168306 -0.003439578 -0.142769516 -0.028060725 0.989352107
1548265588.804550 -0.109720170 -0.015150702 -0.075709589 -0.002398277 -0.147545889 -0.027409252 0.988672435
1548265588.838070 -0.109614059 -0.015074875 -0.076110862 -0.003533185 -0.148260191 -0.030066723 0.988484919
1548265588.871580 -0.112211227 -0.010957775 -0.076380536 -0.004730531 -0.147763491 -0.029563785 0.988569498
1548265588.905100 -0.117166057 -0.003561127 -0.078829587 -0.006046498 -0.149339050 -0.030581323 0.988294542
1548265588.938650 -0.120902605 0.002283533 -0.084136471 -0.008058842 -0.148798525 -0.033453852 0.988268614
1548265588.972190 -0.125819176 0.006191866 -0.082968295 -0.012221929 -0.147370875 -0.035577036 0.988365650
1548265589.005700 -0.131558150 0.011595665 -0.085403919 -0.016243881 -0.147513226 -0.038979143 0.988158226
1548265589.039280 -0.126375958 0.025629507 -0.083170936 -0.017977141 -0.146250948 -0.043268587 0.988137305
1548265589.072790 -0.136527240 0.023964627 -0.078422308 -0.024055237 -0.142253131 -0.045014758 0.988513529
1548265589.106250 -0.135596618 0.030267373 -0.074211396 -0.026954116 -0.146469876 -0.047912002 0.987686455
1548265589.139710 -0.136532560 0.032649714 -0.072351821 -0.028761324 -0.146112949 -0.051418584 0.987511992
1548265589.173230 -0.138733149 0.033365324 -0.066961288 -0.030279931 -0.144804418 -0.050914109 0.987685442
1548265589.206710 -0.137963340 0.037919339 -0.066270061 -0.029734448 -0.144825131 -0.052453499 0.987618446
1548265589.240230 -0.138245657 0.042877760 -0.064810872 -0.029196782 -0.141407356 -0.053213533 0.988088965
1548265589.273740 -0.142803833 0.045621641 -0.063754156 -0.029951965 -0.139695376 -0.053160232 0.988312721
1548265589.307230 -0.142502651 0.051174898 -0.062589221 -0.029956425 -0.139707536 -0.056088299 0.988149047
1548265589.340740 -0.140516624 0.059703276 -0.060947772 -0.030894015 -0.136363864 -0.058195669 0.988465309
1548265589.374260 -0.148307338 0.062093496 -0.058144893 -0.035141379 -0.132917434 -0.058917582 0.988750100
1548265589.407810 -0.151873380 0.065325044 -0.055861950 -0.038302381 -0.132427320 -0.062240802 0.988494813
1548265589.441320 -0.156873867 0.069656968 -0.053828530 -0.041045792 -0.129073232 -0.066088788 0.988578558
1548265589.474790 -0.159736037 0.074595712 -0.049285747 -0.043804798 -0.127129659 -0.066666320 0.988673270
1548265589.508200 -0.160241112 0.074804910 -0.045784101 -0.046739269 -0.127938569 -0.069436677 0.988243759
1548265589.541680 -0.159625009 0.080254376 -0.043964140 -0.047699325 -0.125672817 -0.071848877 0.988316178
1548265589.574900 -0.168709904 0.082375363 -0.039673679 -0.050424296 -0.123127528 -0.070192091 0.988620281
1548265589.608410 -0.164481685 0.080774508 -0.038601659 -0.053122479 -0.126383454 -0.072463982 0.987903953
1548265589.641930 -0.168717355 0.099801779 -0.040794101 -0.050471738 -0.121371113 -0.074146166 0.988546431
1548265589.675740 -0.172780067 0.094884716 -0.033705551 -0.055550266 -0.119694129 -0.073263697 0.988544345
1548265589.709260 -0.173541859 0.095194265 -0.031006677 -0.058772177 -0.120795533 -0.074809626 0.988108158
1548265589.742480 -0.171087816 0.099387929 -0.030608200 -0.061012883 -0.119742990 -0.076975875 0.987934113
1548265589.775990 -0.170966774 0.104134008 -0.022505615 -0.063723214 -0.119306765 -0.077645235 0.987763345
1548265589.809490 -0.171502784 0.107202247 -0.020014135 -0.066012733 -0.119932979 -0.079556212 0.987385035
1548265589.843000 -0.180309623 0.107848823 -0.020260938 -0.067983449 -0.115041554 -0.081330337 0.987688780
1548265589.876540 -0.181584761 0.111686893 -0.016905176 -0.069537736 -0.110943936 -0.081510454 0.988034427
1548265589.910040 -0.178581491 0.110027984 -0.012714878 -0.071725123 -0.109637186 -0.081351466 0.988036990
1548265589.943560 -0.179057628 0.116740592 -0.008434174 -0.071059994 -0.104293481 -0.081954919 0.988613546
1548265589.977090 -0.184008449 0.117529489 -0.005414719 -0.072579704 -0.100473709 -0.080440491 0.989023030
1548265590.010610 -0.181028038 0.115936302 -0.000633803 -0.073860563 -0.099782459 -0.081418611 0.988918126
1548265590.044140 -0.156910002 0.124822363 0.013401323 -0.071145691 -0.096239172 -0.083188720 0.989320934
1548265590.077710 -0.187142715 0.120040700 0.006386159 -0.074192427 -0.080053568 -0.078801610 0.990897179
1548265590.111250 -0.185926616 0.118990682 0.011221748 -0.074942574 -0.078319892 -0.077255957 0.991100967
1548265590.144760 -0.166054994 0.119870007 0.019372728 -0.073091865 -0.077214949 -0.077769145 0.991285741
1548265590.178260 -0.184369221 0.120443948 0.017816681 -0.073659949 -0.065145828 -0.071385965 0.992589712
1548265590.211720 -0.181599692 0.124632075 0.025161816 -0.072700508 -0.063042648 -0.069464274 0.992932498
1548265590.245230 -0.180533126 0.123653285 0.025850609 -0.072853871 -0.057174321 -0.066007778 0.993512154
1548265590.278720 -0.184157148 0.124765508 0.029537605 -0.073226765 -0.053532023 -0.061404418 0.993982732
1548265590.312230 -0.180020690 0.123257481 0.032016307 -0.073793098 -0.053306226 -0.059718437 0.994055688
1548265590.345750 -0.180439278 0.121997334 0.033240784 -0.074409716 -0.049512915 -0.057901967 0.994313359
1548265590.379270 -0.177872717 0.122973986 0.038468752 -0.074831121 -0.048009135 -0.053702071 0.994591117
1548265590.412800 -0.174945295 0.122915193 0.039062042 -0.074763060 -0.047124825 -0.053136677 0.994668901
1548265590.446320 -0.172421649 0.118783765 0.042929329 -0.076010689 -0.044261713 -0.051180877 0.994808435
1548265590.479760 -0.168434113 0.121542335 0.045039546 -0.075188585 -0.043235715 -0.047713414 0.995088339
1548265590.513280 -0.164472967 0.115596764 0.045355625 -0.076116659 -0.043328248 -0.047060646 0.995044827
1548265590.546790 -0.154901609 0.110544793 0.045976605 -0.076110423 -0.041387260 -0.046615724 0.995148897
1548265590.580310 -0.160684690 0.109206103 0.049221192 -0.075358666 -0.035739616 -0.042068388 0.995627463
1548265590.613820 -0.155395463 0.108780771 0.048488278 -0.073518127 -0.036231261 -0.039958507 0.995834172
1548265590.647340 -0.151337862 0.100572519 0.048889663 -0.073655866 -0.034772001 -0.040028702 0.995873213
1548265590.680930 -0.152189851 0.101806581 0.048921879 -0.071089543 -0.031188322 -0.036777079 0.996303678
1548265590.714450 -0.148508757 0.102294289 0.049260538 -0.068354279 -0.032292806 -0.035062127 0.996521711
1548265590.747960 -0.130233616 0.088833526 0.049110536 -0.068359494 -0.033239517 -0.033557769 0.996541977
1548265590.781480 -0.126833037 0.086334102 0.047364626 -0.065978646 -0.029150033 -0.031099789 0.996910155
1548265590.815000 -0.124182366 0.085911483 0.046108123 -0.063134439 -0.027486790 -0.028858433 0.997208953
1548265590.848510 -0.123652011 0.084033377 0.045995485 -0.060917396 -0.025091061 -0.029190872 0.997400343
1548265590.882020 -0.132238597 0.081807211 0.046212457 -0.059730031 -0.019290024 -0.031105764 0.997543335
1548265590.915490 -0.127675727 0.084859088 0.043374233 -0.056641161 -0.017899217 -0.029175516 0.997807682
1548265590.948990 -0.125165850 0.079649001 0.043483417 -0.055999573 -0.017036606 -0.029948778 0.997836053
1548265590.982520 -0.120252974 0.075340971 0.042178541 -0.054965097 -0.014546423 -0.031251885 0.997893035
1548265591.016050 -0.119162403 0.074677795 0.041745376 -0.053286072 -0.011066466 -0.028102890 0.998122394
1548265591.049560 -0.115057886 0.071983300 0.040577676 -0.052016012 -0.011026903 -0.027580943 0.998204410
1548265591.083070 -0.112966120 0.068662390 0.040099643 -0.050771538 -0.008428889 -0.028322762 0.998273015
1548265591.116590 -0.108575970 0.068383627 0.037920825 -0.049021333 -0.005187655 -0.025064055 0.998469710
1548265591.150110 -0.102934115 0.065783694 0.035428405 -0.048025481 -0.005821416 -0.024449643 0.998529851
1548265591.183630 -0.097322054 0.063817069 0.034520686 -0.047073428 -0.003177988 -0.023894439 0.998600543
1548265591.217140 -0.098235779 0.065775201 0.033568669 -0.045453522 0.000021864 -0.021393176 0.998737395
1548265591.250650 -0.096166044 0.064942516 0.032618359 -0.044615660 0.000345992 -0.020162543 0.998800695
1548265591.284170 -0.092400536 0.059831563 0.030459706 -0.045020003 0.001215132 -0.020555064 0.998773873
1548265591.317680 -0.087284185 0.058938082 0.028392086 -0.044633217 0.003292888 -0.019539777 0.998806894
1548265591.351200 -0.088014223 0.061847437 0.029210720 -0.043216739 0.005608789 -0.018190278 0.998884380
1548265591.384720 -0.082837112 0.055973303 0.028056752 -0.043799397 0.006173196 -0.018262131 0.998854339
1548265591.418240 -0.079647750 0.055811878 0.027532920 -0.042926438 0.008419802 -0.017419267 0.998890877
1548265591.451820 -0.078886129 0.052664615 0.027702231 -0.042540606 0.010619512 -0.016336210 0.998904765
1548265591.485340 -0.072944239 0.050040189 0.024681997 -0.041622717 0.011970974 -0.015492702 0.998941541
1548265591.518780 -0.073002264 0.051363554 0.023309041 -0.040140070 0.013835813 -0.014099080 0.998998761
1548265591.552300 -0.070514932 0.051056538 0.022402998 -0.039176911 0.013826242 -0.013474137 0.999045789
1548265591.585810 -0.069697134 0.047358356 0.020968322 -0.038988434 0.015277987 -0.014884806 0.999011993
1548265591.619330 -0.069461085 0.048349325 0.021631449 -0.037826423 0.017357279 -0.013630621 0.999040604
1548265591.652820 -0.067558721 0.048796542 0.020195961 -0.036502045 0.016454624 -0.013110890 0.999112129
1548265591.686340 -0.066480085 0.041634414 0.017998494 -0.036887944 0.016956732 -0.014790032 0.999066055
1548265591.719880 -0.064111248 0.045739830 0.017352296 -0.034333032 0.017366944 -0.012620400 0.999179840
1548265591.753400 -0.064429320 0.042732354 0.016387800 -0.033602227 0.016664717 -0.013165029 0.999209642
1548265591.786950 -0.060685862 0.038068909 0.014298957 -0.033009883 0.017918406 -0.014320334 0.999191761
1548265591.820500 -0.060459856 0.043629631 0.012343595 -0.030197313 0.020110389 -0.010869687 0.999282539
1548265591.854020 -0.060491700 0.046340283 0.010679403 -0.028664172 0.018462220 -0.009754559 0.999370992
1548265591.887600 -0.056585789 0.045284983 0.006137946 -0.028321881 0.016043844 -0.010537718 0.999414563
1548265591.921050 -0.059457120 0.048975334 0.005922900 -0.027371960 0.016023144 -0.009020061 0.999456167
1548265591.954530 -0.060229387 0.056564309 0.002295538 -0.025468003 0.010811322 -0.007270805 0.999590695
1548265591.988340 -0.053724647 0.043586835 -0.000128898 -0.028493414 0.007209745 -0.011802446 0.999498308
1548265592.021860 -0.052018300 0.047550872 -0.001697333 -0.027559681 0.007963423 -0.009802372 0.999540389
1548265592.055380 -0.055781204 0.053596843 -0.001881918 -0.026214672 0.006511649 -0.007955088 0.999603510
1548265592.088970 -0.051531639 0.049422778 -0.004961821 -0.027161151 0.003048353 -0.011197451 0.999563694
1548265592.122490 -0.047865678 0.051688652 -0.006586630 -0.027320368 0.004713364 -0.011682457 0.999547362
1548265592.156010 -0.046146698 0.059302561 -0.007563862 -0.026556019 0.004127098 -0.010920799 0.999579132
1548265592.189440 -0.044768397 0.059262436 -0.007805309 -0.027616454 0.003589264 -0.012508956 0.999533892
1548265592.222960 -0.044289321 0.062622838 -0.009004418 -0.027931320 0.003228751 -0.012913832 0.999521196
1548265592.256480 -0.039848775 0.062923051 -0.009195926 -0.029315269 0.002348480 -0.015043371 0.999454260
1548265592.289990 -0.038085338 0.067507133 -0.007920823 -0.030047586 0.003947503 -0.015259365 0.999424219
1548265592.323510 -0.035699569 0.071027569 -0.009673414 -0.031249341 0.003877779 -0.014881216 0.999393344
1548265592.357020 -0.035881050 0.075279161 -0.007774727 -0.032214534 0.003595585 -0.016250327 0.999342382
1548265592.390540 -0.033233870 0.075547159 -0.006693364 -0.034072630 0.004281708 -0.017007928 0.999265432
1548265592.424130 -0.032592829 0.079384767 -0.006450846 -0.035145577 0.005383687 -0.017010858 0.999222934
1548265592.457650 -0.032896172 0.074037552 -0.005472231 -0.038096584 0.006515051 -0.018625751 0.999079227
1548265592.491170 -0.027513659 0.077172033 -0.003431063 -0.038530510 0.008892128 -0.019530816 0.999027014
1548265592.524680 -0.028942419 0.083638132 -0.001997951 -0.037813179 0.010715736 -0.017661657 0.999071300
1548265592.558200 -0.029514816 0.081386931 -0.001582445 -0.038964830 0.010790898 -0.018506244 0.999010921
1548265592.591640 -0.025207311 0.078588851 -0.001862811 -0.039909825 0.011470092 -0.020286934 0.998931468
1548265592.625100 -0.025235411 0.086187474 -0.001164998 -0.038325828 0.013544339 -0.017972624 0.999011874
1548265592.658610 -0.023005627 0.088423073 -0.000294081 -0.038134094 0.012769176 -0.018489411 0.999019980
1548265592.691980 -0.021517435 0.080900222 -0.000321658 -0.040158052 0.013982881 -0.020751467 0.998879969
1548265592.725500 -0.019330259 0.086138181 -0.000195900 -0.039461151 0.016500402 -0.019649202 0.998891592
1548265592.758970 -0.021149024 0.088985369 0.000320021 -0.039227724 0.018214718 -0.019299958 0.998877823
1548265592.792470 -0.018707538 0.091118552 0.001111932 -0.038916197 0.017955193 -0.019460361 0.998891592
1548265592.825980 -0.016512437 0.087205343 0.001440577 -0.040118080 0.019149330 -0.020052742 0.998810172
1548265592.859500 -0.013912768 0.092758954 0.000596515 -0.038626652 0.019338461 -0.018391749 0.998897254
1548265592.893020 -0.013892447 0.084808692 0.003114890 -0.040467519 0.020066706 -0.019529838 0.998788416
1548265592.926530 -0.016491164 0.090503208 0.003579690 -0.038456783 0.022791531 -0.017946502 0.998839080
1548265592.960050 -0.013330461 0.087664127 0.003273234 -0.038556524 0.023258040 -0.017135723 0.998838723
1548265592.993580 -0.011193090 0.085254230 0.002505027 -0.038433019 0.024081683 -0.016413033 0.998836100
1548265593.027120 -0.012477024 0.082115546 0.002300676 -0.038579896 0.026913352 -0.015304553 0.998775780
1548265593.060630 -0.009382722 0.081568345 0.004198011 -0.038063098 0.027950116 -0.013645211 0.998791158
1548265593.094150 -0.007956556 0.083051264 0.003994660 -0.036918741 0.028165624 -0.011607776 0.998853803
1548265593.127690 -0.005353135 0.076474763 0.003019891 -0.037541773 0.029203119 -0.011379655 0.998803437
1548265593.161210 -0.005763798 0.078563631 0.002739589 -0.035929751 0.031268477 -0.008162655 0.998831630
1548265593.194730 -0.000793377 0.081743218 0.000604954 -0.033993702 0.031390283 -0.006166482 0.998909950
1548265593.228240 -0.002454278 0.080146998 0.002087574 -0.033387996 0.032723919 -0.005196498 0.998893082
1548265593.261770 0.004344040 0.075680189 -0.000111488 -0.033649519 0.033232916 -0.005474973 0.998866022
1548265593.295290 0.005543647 0.073988743 -0.000515418 -0.033171844 0.034889013 -0.004023416 0.998832405
1548265593.328800 0.009579129 0.072938129 -0.001742251 -0.032596208 0.035798851 -0.003085141 0.998822510
1548265593.362320 0.009742064 0.068318784 -0.001385646 -0.033134408 0.038040668 -0.003958990 0.998718858
1548265593.395830 0.012722778 0.069996439 -0.001520183 -0.032212887 0.040338475 -0.002076394 0.998664498
1548265593.429340 0.014390323 0.071742699 -0.000006399 -0.031057371 0.040873464 -0.001292179 0.998680711
1548265593.462860 0.019205438 0.064175673 -0.003940749 -0.032098729 0.041995466 -0.001780840 0.998600483
1548265593.496370 0.020452721 0.066572890 -0.003182056 -0.030730758 0.044764575 -0.000260927 0.998524725
1548265593.529890 0.021941846 0.065325350 -0.002369492 -0.030095149 0.045408443 0.000687091 0.998514831
1548265593.563410 0.028242759 0.060022481 -0.004939616 -0.029894529 0.046600498 -0.000480529 0.998466074
1548265593.596930 0.029181810 0.058103438 -0.005441316 -0.029386910 0.050331071 0.001686140 0.998298705
1548265593.630450 0.026636209 0.065021306 -0.003219336 -0.026553271 0.053882100 0.003257493 0.998188913
1548265593.663960 0.034442000 0.060820509 -0.008483052 -0.026771557 0.054730728 0.003638125 0.998135567
1548265593.697490 0.047139034 0.051127121 -0.009743884 -0.028321112 0.056334436 0.005606685 0.997994423
1548265593.731050 0.044177800 0.054431241 -0.010683415 -0.026704075 0.061358109 0.008595908 0.997721493
1548265593.764650 0.051608235 0.052142039 -0.012927363 -0.026345288 0.063159719 0.009901723 0.997606516
1548265593.798170 0.057491172 0.043177817 -0.013765944 -0.027775619 0.067308694 0.009682436 0.997298479
1548265593.831730 0.057943042 0.042831723 -0.013984466 -0.027034538 0.072607107 0.012123646 0.996920407
1548265593.865380 0.062827036 0.040368352 -0.013768994 -0.026202144 0.075839907 0.013299862 0.996686935
1548265593.898930 0.068070173 0.038928486 -0.016715445 -0.024833450 0.079295874 0.015274575 0.996424675
1548265593.932450 0.064567521 0.049006149 -0.010534926 -0.020551031 0.084671982 0.016949378 0.996052742
1548265593.965960 0.065845728 0.047106355 -0.014005046 -0.018791392 0.087557033 0.018186862 0.995816231
1548265593.999480 0.083894484 0.044053663 -0.022805920 -0.017272810 0.088210687 0.018858777 0.995773494
1548265594.033000 0.089007974 0.039957352 -0.022084655 -0.016083578 0.093383200 0.020480314 0.995289624
1548265594.066480 0.083068788 0.042321652 -0.020300169 -0.014118044 0.098386563 0.021675313 0.994812012
1548265594.099850 0.099547118 0.034144800 -0.026751617 -0.014311763 0.099547289 0.022109663 0.994684219
1548265594.133340 0.110140570 0.033906601 -0.030503904 -0.013280641 0.104000233 0.023570670 0.994209230
1548265594.166860 0.097108692 0.034942400 -0.024210732 -0.012136177 0.111304604 0.025198299 0.993392706
1548265594.200560 0.108425334 0.031629913 -0.028783981 -0.011706492 0.112291820 0.026415044 0.993255138
1548265594.234080 0.123759173 0.024337215 -0.036294680 -0.012589102 0.114493631 0.027500017 0.992963493
1548265594.267590 0.106364362 0.014060413 -0.030488305 -0.013893177 0.124541126 0.030405134 0.991651177
1548265594.301110 0.113154195 0.020467583 -0.032731175 -0.011188635 0.126255438 0.031985264 0.991418839
1548265594.334630 0.133048281 0.008098063 -0.043923035 -0.012124742 0.127176210 0.034671601 0.991199791
1548265594.368140 0.128364205 0.009945957 -0.042256471 -0.010293934 0.134029731 0.037932590 0.990197539
1548265594.401470 0.130332261 0.008412912 -0.040709484 -0.009316250 0.137928709 0.041766062 0.989517272
1548265594.434980 0.143280417 0.001338025 -0.045673750 -0.010019356 0.140276119 0.045925424 0.988995969
1548265594.468500 0.147718608 0.010105941 -0.043473881 -0.007457983 0.146520808 0.049634557 0.987933397
1548265594.502020 0.132146239 0.000537730 -0.038909156 -0.009398270 0.153349906 0.053583369 0.986673355
1548265594.535530 0.143316731 -0.006317681 -0.041116774 -0.010210318 0.154636323 0.055934981 0.986333966
1548265594.569240 0.162570328 -0.013608454 -0.049737867 -0.011273409 0.155884877 0.058448933 0.985979974
1548265594.602800 0.150582105 -0.008670075 -0.047279123 -0.008877845 0.161414370 0.063143089 0.984824657
1548265594.636350 0.170716971 -0.020929724 -0.057023700 -0.010232970 0.159586042 0.065349117 0.984965503
1548265594.669900 0.179483831 -0.021739572 -0.057022162 -0.008927371 0.164533898 0.067945845 0.983987927
1548265594.703460 0.162013814 -0.020938521 -0.048378281 -0.006400067 0.170774788 0.072878204 0.982590318
1548265594.737050 0.170462355 -0.021323714 -0.051728882 -0.004515707 0.170710817 0.073788814 0.982543945
1548265594.770690 0.187383026 -0.031340167 -0.059779651 -0.004459133 0.171709985 0.076011553 0.982200623
1548265594.804200 0.178818002 -0.030378526 -0.059600223 -0.002315716 0.176035777 0.078907862 0.981213331
1548265594.837720 0.188427970 -0.028132040 -0.061244018 -0.000645732 0.175600246 0.078785248 0.981303751
1548265594.870590 0.201899990 -0.036944970 -0.068196423 -0.000531028 0.177095324 0.077780619 0.981115222
1548265594.904750 0.189790651 -0.029548557 -0.063639693 0.002338856 0.182592645 0.079410195 0.979973733
1548265594.938270 0.191751271 -0.040037386 -0.066785917 0.001100264 0.183372021 0.081272267 0.979677677
1548265594.971780 0.207949892 -0.043034498 -0.074620567 0.002260155 0.183552280 0.079583958 0.979780495
1548265595.005300 0.206359372 -0.038965892 -0.072319709 0.003595732 0.189920217 0.080064073 0.978522956
1548265595.038820 0.199380115 -0.044386402 -0.069750972 0.003212380 0.194044009 0.083706178 0.977409780
1548265595.072330 0.223326027 -0.051002864 -0.082166553 0.002673695 0.192789972 0.084148020 0.977621615
1548265595.105850 0.238807321 -0.051926557 -0.092070743 0.003449270 0.197795093 0.085621811 0.976490736
1548265595.139360 0.227245197 -0.057044394 -0.084783748 0.003509500 0.206211269 0.089993745 0.974354029
1548265595.172720 0.239110351 -0.061055496 -0.090410933 0.003642708 0.207687125 0.091655761 0.973885000
1548265595.206230 0.241960377 -0.050223026 -0.097377896 0.006576315 0.213329598 0.091263048 0.972686112
1548265595.239750 0.250163287 -0.050501902 -0.096410505 0.006896582 0.221477628 0.095279016 0.970475197
1548265595.273260 0.252967566 -0.053282000 -0.092641555 0.006945529 0.226508066 0.097664937 0.969075561
1548265595.306780 0.242645815 -0.054363213 -0.101861946 0.006954233 0.232888982 0.097725913 0.967555702
1548265595.340400 0.269429654 -0.061543368 -0.103303343 0.005525942 0.239715725 0.101840332 0.965471089
1548265595.374090 0.277979612 -0.061737251 -0.101819038 0.005850596 0.243474409 0.104433909 0.964250803
1548265595.407600 0.270460904 -0.063332185 -0.104035228 0.006097259 0.248894811 0.104100242 0.962900519
1548265595.441120 0.278829306 -0.063829593 -0.105736867 0.006346321 0.255960852 0.106069505 0.960829377
1548265595.474470 0.292370260 -0.072018676 -0.109921806 0.005366522 0.260225415 0.108728178 0.959391534
1548265595.507880 0.301513016 -0.070409395 -0.105240278 0.006899153 0.264212519 0.110207073 0.958122432
1548265595.541500 0.303232223 -0.078383401 -0.112399243 0.006580901 0.269250095 0.112063333 0.956505597
1548265595.575180 0.303763986 -0.071046039 -0.112877518 0.009257620 0.274618208 0.114276119 0.954693735
1548265595.608700 0.300417215 -0.064731792 -0.125187948 0.011470656 0.282318264 0.115523696 0.952270508
1548265595.642210 0.320356369 -0.075417385 -0.127156392 0.009988266 0.287139237 0.117277622 0.950629950
1548265595.675730 0.346018136 -0.077958710 -0.134692714 0.009815992 0.289068907 0.121046461 0.949573874
1548265595.709440 0.326938331 -0.071256779 -0.138060510 0.010966254 0.298015624 0.119963497 0.946929395
1548265595.742990 0.320013970 -0.081482224 -0.135624334 0.009099159 0.308427721 0.122557022 0.943275869
1548265595.776500 0.371026337 -0.069745339 -0.156631052 0.009382170 0.306323767 0.124901988 0.943651021
1548265595.810020 0.358718783 -0.061986320 -0.143641144 0.009803132 0.316103965 0.124101564 0.940521657
1548265595.843150 0.363659859 -0.075061485 -0.138199046 0.007339449 0.321727723 0.128426865 0.938053310
1548265595.875840 0.387349129 -0.078107722 -0.158186153 0.005950124 0.321834117 0.129073441 0.937937915
1548265595.909360 0.387805641 -0.085175663 -0.153851271 0.004624499 0.327906162 0.131720200 0.935470998
1548265595.942870 0.388921410 -0.063074648 -0.160046801 0.008226453 0.331413269 0.133468255 0.933961332
1548265596.010030 0.413841575 -0.077458113 -0.168329254 0.005089554 0.338365197 0.138924479 0.930689573
1548265596.043550 0.417386472 -0.070005730 -0.164398715 0.006164943 0.340883404 0.140422255 0.929538667
1548265596.077010 0.426973313 -0.056445807 -0.178384870 0.006529350 0.341428161 0.138627946 0.929605544
1548265596.110580 0.426566571 -0.047201175 -0.175716594 0.005916564 0.345642895 0.139144465 0.927973449
1548265596.144130 0.430807114 -0.049347620 -0.177037880 0.002955011 0.347018182 0.139787540 0.927377522
1548265596.177640 0.443705976 -0.035689760 -0.185583055 0.000956652 0.348366082 0.136605740 0.927350521
1548265596.211160 0.427641690 -0.036545929 -0.171460137 -0.002115949 0.356844097 0.138508588 0.923836112
1548265596.244660 0.429862201 -0.030573318 -0.173415452 -0.003906651 0.356880575 0.139859959 0.923612595
1548265596.278160 0.430783004 -0.025602413 -0.175834179 -0.006878348 0.356518865 0.138230383 0.923980176
1548265596.311690 0.433200449 -0.019319080 -0.178506300 -0.010142874 0.358392477 0.138152957 0.923236549
1548265596.345210 0.439045072 -0.021347294 -0.177063465 -0.014266728 0.358022302 0.140740290 0.922934830
1548265596.378720 0.435326725 -0.011898370 -0.178882524 -0.017830636 0.357648641 0.138323575 0.923382938
1548265596.412220 0.430896759 -0.010229755 -0.180168688 -0.023984991 0.360279053 0.137478381 0.922346711
1548265596.445740 0.441842973 -0.003009796 -0.174477607 -0.029299092 0.359997511 0.139443889 0.922007978
1548265596.479270 0.435288429 0.015115423 -0.164331779 -0.033486087 0.361621141 0.137384936 0.921539068
1548265596.512850 0.440382391 0.023220936 -0.172883242 -0.039527234 0.361203998 0.137759224 0.921407461
1548265596.546360 0.450379312 0.016781678 -0.167222530 -0.046511739 0.360130697 0.141483575 0.920937002
1548265596.579880 0.435450971 0.032925937 -0.164523795 -0.049822696 0.361391753 0.140012935 0.920494497
1548265596.613330 0.431706160 0.070912160 -0.160185471 -0.049216673 0.362497270 0.140483469 0.920020580
1548265596.646750 0.438395321 0.064077966 -0.167200714 -0.055492006 0.360358059 0.141805083 0.920301020
1548265596.680260 0.443779975 0.078442425 -0.169078305 -0.057852097 0.360635519 0.141242191 0.920133531
1548265596.713710 0.432759434 0.079131253 -0.161234722 -0.061664578 0.364969313 0.142221749 0.918023884
1548265596.747170 0.431112260 0.085913174 -0.154330179 -0.064470299 0.365651697 0.143502131 0.917360067
1548265596.780690 0.439868301 0.089637578 -0.165265292 -0.066794902 0.360546470 0.142353535 0.919391215
1548265596.814210 0.444303632 0.095641337 -0.171888739 -0.068428621 0.359759361 0.141358510 0.919732809
1548265596.847720 0.435378999 0.104813389 -0.162523627 -0.069492191 0.362702519 0.140100658 0.918689013
1548265596.881630 0.435473859 0.107528090 -0.163634464 -0.071254045 0.361327022 0.139562801 0.919177830
1548265596.915140 0.444344193 0.110247850 -0.175800070 -0.074799255 0.360165477 0.135791421 0.919916630
1548265596.948370 0.431810141 0.120896928 -0.160252020 -0.074408993 0.365325868 0.136943847 0.917739987
1548265596.981770 0.433425993 0.131035686 -0.162453666 -0.073672608 0.359655768 0.136239842 0.920140624
1548265597.015290 0.445669472 0.124783486 -0.197408572 -0.078213274 0.356338561 0.134462416 0.921317220
1548265597.048810 0.437130630 0.141818106 -0.172923982 -0.077582918 0.364188433 0.134986758 0.918219030
1548265597.082340 0.438779742 0.156851530 -0.165580288 -0.077260837 0.363896787 0.134298056 0.918462813
1548265597.115880 0.445449352 0.168781310 -0.173610345 -0.077133365 0.359054863 0.134025007 0.920416951
1548265597.149420 0.439304173 0.166954949 -0.172914445 -0.079703890 0.360041827 0.134430200 0.919753075
1548265597.182970 0.444488049 0.180044591 -0.174221739 -0.079342373 0.358603835 0.135917425 0.920127451
1548265597.216490 0.428204536 0.179979816 -0.163518980 -0.081267253 0.356020391 0.136429757 0.920886517
1548265597.250040 0.445816636 0.181495622 -0.188710332 -0.084844492 0.351093620 0.135370404 0.922610164
1548265597.283560 0.440294564 0.190561920 -0.176857248 -0.087107748 0.356276482 0.137438014 0.920103312
1548265597.317070 0.428907007 0.197016656 -0.160020530 -0.089283340 0.357084662 0.139151782 0.919323564
1548265597.350590 0.451057166 0.195031196 -0.175252929 -0.093671992 0.345067680 0.139093965 0.923475385
1548265597.384100 0.459107786 0.206759423 -0.175735563 -0.097203568 0.351392359 0.140479848 0.920510888
1548265597.417650 0.446506232 0.212754011 -0.161426425 -0.097385421 0.354059100 0.144182742 0.918895841
1548265597.451260 0.443695575 0.214563325 -0.151650310 -0.098001488 0.349613160 0.146534398 0.920159757
1548265597.484780 0.477384239 0.212535679 -0.178735465 -0.099350803 0.338031083 0.148514688 0.924017191
1548265597.518380 0.476024300 0.211751625 -0.171513021 -0.098990418 0.342222989 0.152158201 0.921917677
1548265597.551830 0.472867191 0.208219856 -0.164003089 -0.097881414 0.341612220 0.154789403 0.921824574
1548265597.585340 0.490404725 0.211241916 -0.172794864 -0.095036030 0.335305214 0.158094645 0.923874795
1548265597.618860 0.499559671 0.207815737 -0.177334785 -0.093181863 0.334463924 0.161261976 0.923821151
1548265597.652440 0.502649188 0.202733994 -0.176533088 -0.090347573 0.334538072 0.164906561 0.923432410
1548265597.685920 0.515435398 0.202015638 -0.185412526 -0.087051079 0.331318259 0.167815268 0.924385428
1548265597.719440 0.521470606 0.201488480 -0.191871494 -0.084211089 0.331638992 0.169273391 0.924267590
1548265597.752950 0.522733212 0.197953373 -0.188151062 -0.081831083 0.333714753 0.170799047 0.923453152
1548265597.786440 0.529589534 0.197583303 -0.197271481 -0.078882799 0.332113117 0.171455115 0.924165308
1548265597.819950 0.534726620 0.192646116 -0.200264931 -0.078318633 0.334489644 0.170870721 0.923464179
1548265597.853470 0.537054718 0.187253773 -0.203064710 -0.077428296 0.335625708 0.170644596 0.923168838
1548265597.886970 0.537546039 0.178316265 -0.201758981 -0.077388316 0.335736573 0.168885037 0.923455358
1548265597.920450 0.555736363 0.170186237 -0.219377741 -0.077701516 0.333722055 0.165677637 0.924739420
1548265597.953970 0.546788633 0.160311759 -0.211307436 -0.076864079 0.344117254 0.165481687 0.921027184
1548265597.987470 0.543603420 0.151646167 -0.203102186 -0.074882865 0.343865573 0.163367555 0.921661556
1548265598.020910 0.556988358 0.142603353 -0.223509818 -0.073183507 0.341364145 0.161063671 0.923132241
1548265598.054400 0.551820219 0.136550769 -0.218231887 -0.069219999 0.350276381 0.160667568 0.920163572
1548265598.087950 0.546950638 0.129412755 -0.214255378 -0.064369060 0.352170706 0.159960106 0.919915855
1548265598.121460 0.552434564 0.121179529 -0.227042720 -0.060002681 0.349697649 0.158844739 0.921346605
1548265598.154980 0.554137409 0.120288000 -0.231533378 -0.054393064 0.352329701 0.158066109 0.920825839
1548265598.188460 0.542805851 0.117804602 -0.225239217 -0.049903560 0.355801970 0.159126267 0.919561565
1548265598.221920 0.550034821 0.112970300 -0.236505821 -0.047149908 0.352953494 0.158548832 0.920903385
1548265598.255430 0.550229013 0.115877628 -0.243428752 -0.044049080 0.355095923 0.158744350 0.920199335
1548265598.288910 0.548768163 0.112160750 -0.240301147 -0.043335352 0.357455999 0.160895735 0.918944955
1548265598.322470 0.546257675 0.108843558 -0.238144204 -0.042823233 0.358246475 0.162300721 0.918413937
1548265598.355980 0.549443901 0.104822896 -0.241979077 -0.043021973 0.357594043 0.164197341 0.918321788
1548265598.389560 0.545975387 0.096139595 -0.240090355 -0.044353321 0.357656956 0.167772815 0.917587399
1548265598.423070 0.542941868 0.090160787 -0.237975255 -0.045402937 0.355531961 0.170604363 0.917839706
1548265598.456590 0.551399589 0.089264512 -0.246021450 -0.046379276 0.351823926 0.172844782 0.918800056
1548265598.490210 0.555433869 0.080626473 -0.246770322 -0.048482928 0.351060629 0.176825300 0.918225825
1548265598.523730 0.553105891 0.080225147 -0.233046949 -0.048848510 0.350903094 0.180340096 0.917582870
1548265598.557240 0.561970890 0.070439816 -0.244304568 -0.050590478 0.344442546 0.183605179 0.919287264
1548265598.590550 0.564796984 0.066258751 -0.249089807 -0.052096799 0.343767315 0.185859293 0.919002891
1548265598.623800 0.565644562 0.058929723 -0.240333959 -0.053339254 0.344698817 0.190560222 0.917618930
1548265598.657300 0.561713219 0.048663575 -0.231238097 -0.055042926 0.342246920 0.193007186 0.917924583
1548265598.690830 0.577853799 0.052388776 -0.247342259 -0.055631135 0.336213589 0.194282994 0.919847667
1548265598.724350 0.580652535 0.047692858 -0.247314557 -0.057926737 0.337699771 0.197174489 0.918545365
1548265598.757870 0.578865290 0.034476046 -0.239339918 -0.060360491 0.338026464 0.200233847 0.917606175
1548265598.791420 0.593535781 0.035238069 -0.249619961 -0.061826937 0.333845526 0.200559437 0.918967068
1548265598.824930 0.592989445 0.025531551 -0.245887950 -0.064566232 0.337474734 0.202119499 0.917109430
1548265598.858450 0.593907595 0.011801642 -0.238960847 -0.066646233 0.337673277 0.204926848 0.916264176
1548265598.891930 0.603368759 0.011378201 -0.245389342 -0.066447750 0.333813697 0.204145804 0.917865753
1548265598.925450 0.607758582 0.003083304 -0.255176306 -0.067721382 0.334886223 0.203523323 0.917520165
1548265598.958970 0.598803937 -0.007094966 -0.239887789 -0.067333050 0.340430796 0.204594940 0.915267169
1548265598.992480 0.599163473 -0.012333450 -0.241583586 -0.065267190 0.338084936 0.205284670 0.916131556
1548265599.026030 0.607622504 -0.016858140 -0.252963096 -0.064987227 0.335035920 0.204014122 0.917554259
1548265599.059770 0.603753746 -0.027291100 -0.249071538 -0.064094745 0.336711794 0.204744369 0.916840672
1548265599.093410 0.587718546 -0.037256293 -0.232079670 -0.061737943 0.337787211 0.204552040 0.916649699
1548265599.126940 0.606267691 -0.038377058 -0.254468739 -0.059630081 0.329369336 0.203339994 0.920115769
1548265599.160540 0.608814299 -0.049710374 -0.260204941 -0.058935236 0.330045998 0.203198686 0.919949234
1548265599.194080 0.595759034 -0.055653915 -0.250179887 -0.056157801 0.331713766 0.205042690 0.919113576
1548265599.227610 0.605243981 -0.061320767 -0.263339907 -0.054082830 0.325311244 0.204131529 0.921725571
1548265599.261130 0.614210010 -0.064542897 -0.271708310 -0.052568611 0.323243022 0.204804361 0.922391295
1548265599.294630 0.613854051 -0.065978587 -0.273471206 -0.050822992 0.322908640 0.205740243 0.922397971
1548265599.328120 0.616300523 -0.068287440 -0.273822993 -0.049684159 0.321996480 0.206477493 0.922614098
1548265599.361650 0.619874060 -0.072886556 -0.275740027 -0.048605811 0.320736587 0.207978472 0.922773242
1548265599.395170 0.627250075 -0.074385107 -0.281989634 -0.046990614 0.319306850 0.210551396 0.922769308
1548265599.428690 0.625384629 -0.082459472 -0.278404862 -0.046118993 0.318788469 0.213809818 0.922243118
1548265599.462180 0.634845376 -0.092899024 -0.281912863 -0.045213792 0.313244969 0.217590794 0.923302531
1548265599.495610 0.642309368 -0.086145788 -0.287510276 -0.041878629 0.308629453 0.219822645 0.924484730
1548265599.529120 0.644163370 -0.095268749 -0.296274364 -0.040800817 0.303960294 0.224512815 0.924952686
1548265599.562590 0.657226205 -0.098799154 -0.301626444 -0.039936379 0.295872450 0.227815017 0.926803589
1548265599.596010 0.661607742 -0.100035243 -0.301128209 -0.038855780 0.289457172 0.229718581 0.928404093
1548265599.629520 0.667752922 -0.104698710 -0.304016531 -0.039962873 0.285676599 0.231984243 0.928964555
1548265599.663040 0.679794669 -0.118627399 -0.305927187 -0.042788181 0.282112837 0.234073043 0.929403782
1548265599.696560 0.692694128 -0.124746613 -0.309278518 -0.044022989 0.276976496 0.233687565 0.930986643
1548265599.730070 0.705064833 -0.126966089 -0.311335325 -0.043594804 0.273070782 0.231002927 0.932828784
1548265599.763580 0.714230239 -0.138231233 -0.314219207 -0.043215491 0.270816654 0.229656428 0.933835506
1548265599.797100 0.724336863 -0.142206043 -0.321406543 -0.038504127 0.268609226 0.228197709 0.935036004
1548265599.830620 0.722660780 -0.142790228 -0.325294912 -0.034393717 0.267762840 0.224864960 0.936245620
1548265599.864130 0.721415818 -0.136810362 -0.330045223 -0.032434616 0.266853601 0.221810892 0.937303066
1548265599.897650 0.723267257 -0.145137966 -0.330345154 -0.035726592 0.265765518 0.224558860 0.936838090
1548265599.931150 0.720606685 -0.154021651 -0.329594314 -0.038086724 0.260818064 0.224569932 0.938131988
1548265599.964680 0.741261244 -0.152479276 -0.333831012 -0.038555115 0.254142046 0.222498432 0.940435946
1548265599.998200 0.746655881 -0.140266791 -0.337550968 -0.037353698 0.252634138 0.219839871 0.941515326
1548265600.031720 0.741065800 -0.132193878 -0.337574512 -0.037602302 0.254204988 0.220010832 0.941042602
1548265600.065280 0.743247986 -0.136510745 -0.333513290 -0.041553929 0.252804339 0.221411332 0.940925241
1548265600.098880 0.730020106 -0.141531855 -0.335290283 -0.046282712 0.248205781 0.221347257 0.941943288
1548265600.132390 0.749915600 -0.121584460 -0.336074740 -0.049386065 0.234128669 0.220485151 0.945585012
1548265600.165860 0.750093579 -0.109704711 -0.340630472 -0.054528423 0.228328183 0.218396291 0.947204292
1548265600.199430 0.742746294 -0.114941061 -0.325810879 -0.061770007 0.224174470 0.219238400 0.947557271
1548265600.232940 0.760289192 -0.093888648 -0.325101942 -0.063689455 0.206952289 0.214143917 0.952500284
1548265600.266480 0.755469203 -0.057292815 -0.331996977 -0.063553892 0.206433833 0.205655172 0.954490423
1548265600.300000 0.742644608 -0.072085284 -0.317972302 -0.072002567 0.211202085 0.207667783 0.952409267
1548265600.333520 0.737686336 -0.065720752 -0.309948325 -0.076463088 0.204773709 0.206261724 0.953769982
1548265600.367030 0.754121482 -0.064538151 -0.307404310 -0.081776366 0.196192786 0.201143652 0.956222892
1548265600.400550 0.734389782 -0.020933464 -0.303911358 -0.080612101 0.202920943 0.195671186 0.956053138
1548265600.434080 0.756129086 -0.060437787 -0.322903603 -0.092886984 0.197163388 0.197640657 0.955738842
1548265600.467640 0.742939472 -0.026700171 -0.298589796 -0.089463465 0.181307673 0.191432044 0.960457027
1548265600.501150 0.646505654 -0.087788425 -0.267842531 -0.099679537 0.199799806 0.194753647 0.955099523
1548265600.534690 0.747533143 -0.022121802 -0.299535096 -0.096555077 0.182673901 0.190100119 0.959775686
1548265600.568210 0.735261261 -0.011442821 -0.289635152 -0.095371246 0.174725741 0.188684419 0.961651444
1548265600.601740 0.744579434 0.003371873 -0.293286890 -0.092852026 0.166832149 0.184747726 0.964061141
1548265600.635340 0.754858792 0.018568823 -0.299434394 -0.090047598 0.163245171 0.182889715 0.965294719
1548265600.668850 0.739043236 0.030141655 -0.297942668 -0.088035516 0.167015314 0.181385756 0.965119123
1548265600.702280 0.722975254 0.036487691 -0.292933524 -0.087167189 0.167650804 0.180794090 0.965198755
1548265600.735890 0.741966367 0.053069461 -0.302572280 -0.086057320 0.162387893 0.179603502 0.966419637
1548265600.769440 0.745689392 0.076748744 -0.297257304 -0.087644063 0.172842801 0.181229264 0.964157581
1548265600.803000 0.730753601 0.082414545 -0.299788535 -0.090180799 0.177163094 0.180614322 0.963254452
1548265600.836520 0.737147033 0.090018086 -0.297023267 -0.093451694 0.177148849 0.181365162 0.962804139
1548265600.870070 0.736426711 0.098926276 -0.294751018 -0.094559409 0.179110661 0.182219043 0.962171555
1548265600.903550 0.729137659 0.100835688 -0.294909239 -0.095960334 0.180769950 0.183011279 0.961571991
1548265600.937020 0.740200639 0.118757851 -0.296590865 -0.095006444 0.178539827 0.183721974 0.961947799
1548265600.970500 0.725722611 0.121770173 -0.294989437 -0.096170947 0.183304861 0.184765637 0.960735261
1548265601.004010 0.737956345 0.128460750 -0.298451453 -0.096489780 0.181538776 0.187184885 0.960570276
1548265601.037530 0.753166258 0.143708363 -0.304261684 -0.095894396 0.185399175 0.192289814 0.958882749
1548265601.104490 0.743679464 0.160350651 -0.299524784 -0.097480513 0.197151735 0.201238677 0.954532206
1548265601.138000 0.770636559 0.176429316 -0.311773032 -0.097258754 0.195254847 0.207679212 0.953564703
1548265601.171520 0.768870831 0.196253479 -0.319646746 -0.098280504 0.207618684 0.212136790 0.949859679
1548265601.205030 0.771382987 0.195792213 -0.316744864 -0.103189066 0.213370636 0.218951195 0.946512222
1548265601.238550 0.780980527 0.203221709 -0.319630206 -0.107396327 0.215673000 0.223560721 0.944442570
1548265601.272030 0.793639183 0.211517096 -0.321958423 -0.109924570 0.218046710 0.231145009 0.941777170
1548265601.305540 0.793031454 0.207028568 -0.319556206 -0.112617649 0.219823554 0.235643551 0.939929247
1548265601.339060 0.808011949 0.209991455 -0.324301273 -0.112928085 0.218368053 0.241877198 0.938646913
1548265601.372580 0.805031717 0.203299448 -0.321613133 -0.113773555 0.222065359 0.245753318 0.936668456
1548265601.406090 0.802064598 0.206722274 -0.315345824 -0.112938754 0.227504402 0.250972748 0.934076667
1548265601.439640 0.809468210 0.209960550 -0.319066763 -0.112756103 0.230796695 0.257115066 0.931617320
1548265601.473160 0.810359657 0.210472807 -0.316844940 -0.112872966 0.235575378 0.263394833 0.928647995
1548265601.506700 0.816776574 0.208824113 -0.318790585 -0.112804443 0.237172529 0.269064724 0.926622093
1548265601.540340 0.821296096 0.203340173 -0.317735404 -0.113350809 0.240110815 0.274428040 0.924222708
1548265601.573860 0.822302878 0.194656506 -0.313742250 -0.113299944 0.241057560 0.277988315 0.922917604
1548265601.607460 0.835752428 0.202224180 -0.322605550 -0.109767288 0.237897336 0.280025601 0.923548400
1548265601.640980 0.847206891 0.205837116 -0.327429742 -0.109408759 0.240972966 0.281287253 0.922409475
1548265601.674490 0.840778232 0.189682409 -0.320095301 -0.111960664 0.246736601 0.281529516 0.920503676
1548265601.708010 0.846525252 0.184122741 -0.317489207 -0.111136794 0.246365204 0.280650735 0.920971215
1548265601.741520 0.847252667 0.177633569 -0.315277696 -0.110089824 0.248146504 0.277613699 0.921539009
1548265601.775040 0.848147690 0.163384959 -0.311613292 -0.110311769 0.249611497 0.275556475 0.921734273
1548265601.808560 0.847678244 0.156946823 -0.310785562 -0.107686229 0.249108538 0.272252291 0.923161566
1548265601.842070 0.851968408 0.151412278 -0.308692813 -0.106106102 0.249254704 0.269018888 0.924252331
1548265601.875590 0.850689769 0.134696782 -0.306583494 -0.106191888 0.250921875 0.266680986 0.924468935
1548265601.908950 0.855871916 0.127710283 -0.302453727 -0.104341902 0.250023991 0.263918102 0.925714850
1548265601.942450 0.861469328 0.125595182 -0.305369675 -0.100941092 0.250001341 0.261157662 0.926880181
1548265601.975890 0.857225716 0.113314539 -0.296741009 -0.099660687 0.254823714 0.258777559 0.926372945
1548265602.009400 0.858770490 0.095118299 -0.292652637 -0.098113529 0.256549925 0.257068247 0.926537514
1548265602.042920 0.861373305 0.092039295 -0.295375615 -0.093520746 0.256774902 0.254088134 0.927771389
1548265602.076430 0.865430534 0.083951846 -0.292946994 -0.090067692 0.257310510 0.252104878 0.928505421
1548265602.109770 0.863687098 0.078302406 -0.292247057 -0.086474843 0.259281367 0.249613047 0.928971827
1548265602.143460 0.864451051 0.067147695 -0.289205372 -0.084342055 0.261288583 0.247713491 0.929113925
1548265602.176980 0.857146740 0.063376315 -0.283039242 -0.080604561 0.264811128 0.245530531 0.929027855
1548265602.210500 0.865012169 0.046694119 -0.282050788 -0.079550087 0.265403092 0.245908320 0.928849876
1548265602.244110 0.866439402 0.036503233 -0.279153109 -0.076442450 0.268641561 0.244608343 0.928523004
1548265602.277660 0.861219645 0.034748320 -0.274956942 -0.070720203 0.272421271 0.244289666 0.927958965
1548265602.311180 0.864350498 0.018575393 -0.274797469 -0.067322768 0.273768455 0.245737866 0.927432656
1548265602.344050 0.864434481 0.024816327 -0.274802387 -0.060913589 0.275793046 0.245164558 0.927427649
1548265602.377900 0.858973503 0.013986521 -0.270979792 -0.057971645 0.278599828 0.246685386 0.926373422
1548265602.411720 0.867445171 -0.003905422 -0.270310283 -0.056801703 0.276614904 0.248562172 0.926539063
1548265602.445450 0.862864017 0.012519646 -0.272981107 -0.050674066 0.277925074 0.244849071 0.927490532
1548265602.478970 0.861857891 0.003264668 -0.265624076 -0.050014347 0.282838166 0.246872604 0.925502598
1548265602.512560 0.872645617 -0.015529831 -0.262466878 -0.049851317 0.281269938 0.251328915 0.924789608
1548265602.546000 0.870953560 -0.009963064 -0.265128225 -0.045372594 0.280063659 0.247108445 0.926522017
1548265602.579510 0.870301783 -0.015408113 -0.264395237 -0.043443650 0.287670314 0.246704653 0.924389124
1548265602.613030 0.877349317 -0.043724284 -0.264342695 -0.044764869 0.288927585 0.252655506 0.922324300
1548265602.646620 0.878025532 -0.031899389 -0.255274594 -0.038036030 0.285623789 0.249587908 0.924488068
1548265602.680140 0.877200425 -0.036699764 -0.258666933 -0.036268234 0.289050549 0.247143388 0.924150705
1548265602.713650 0.888741016 -0.059645899 -0.255235970 -0.036580894 0.290773541 0.251260430 0.922486186
1548265602.747030 0.893146932 -0.058596849 -0.251974732 -0.031960934 0.287848860 0.249584615 0.924028695
1548265602.780550 0.888425350 -0.057438005 -0.255846202 -0.029517163 0.291883171 0.246399775 0.923699141
1548265602.814200 0.896163285 -0.067951225 -0.247370869 -0.029691365 0.293953478 0.250278175 0.921992719
1548265602.847790 0.901831448 -0.073694378 -0.245597273 -0.029877653 0.290464044 0.249329731 0.923348606
1548265602.881310 0.905898690 -0.070561044 -0.245287627 -0.029455995 0.290986896 0.246424332 0.923977256
1548265602.914750 0.908525229 -0.079080209 -0.234301001 -0.030071314 0.292179912 0.248069733 0.923140287
1548265602.948130 0.916764379 -0.089170642 -0.235385925 -0.032555718 0.288946390 0.247683525 0.924176931
1548265602.981970 0.927991629 -0.090146460 -0.234354645 -0.033654105 0.288078547 0.247000247 0.924591303
1548265603.015490 0.937088251 -0.109161861 -0.225904927 -0.035626050 0.286828160 0.249231100 0.924307406
1548265603.049000 0.945608318 -0.106093198 -0.223836288 -0.034403574 0.281468213 0.246961564 0.926607788
1548265603.082520 0.951126277 -0.107513070 -0.225759000 -0.035240337 0.281054646 0.246267155 0.926886678
1548265603.116040 0.970680416 -0.134425879 -0.210505113 -0.039636634 0.277450919 0.250665992 0.926615596
1548265603.149550 0.972958028 -0.124512173 -0.213294923 -0.037033111 0.270047784 0.248256296 0.929554522
1548265603.182650 0.983485878 -0.123836413 -0.209952235 -0.038091239 0.266129076 0.248214900 0.930652320
1548265603.216100 0.998177350 -0.138777524 -0.204061911 -0.041965451 0.260789633 0.249101833 0.931759596
1548265603.249620 1.002488971 -0.139883235 -0.200854868 -0.041714028 0.254788876 0.248655543 0.933548570
1548265603.283100 1.008519411 -0.146556750 -0.195089594 -0.042852506 0.250108540 0.248479709 0.934808671
1548265603.316620 1.011682987 -0.142523259 -0.190097824 -0.042373303 0.246094212 0.246662036 0.936375976
1548265603.350140 1.021961451 -0.148197398 -0.188452050 -0.043386940 0.241332844 0.247840524 0.937257230
1548265603.383650 1.031742573 -0.142291740 -0.186010420 -0.042536885 0.238046899 0.247718036 0.938168466
1548265603.417150 1.048327327 -0.161533669 -0.183219165 -0.045232154 0.233802676 0.251469463 0.938111663
1548265603.450560 1.049156666 -0.153991058 -0.178796932 -0.041659020 0.228668779 0.250334233 0.939844608
1548265603.484070 1.054959059 -0.144626677 -0.183640793 -0.038658600 0.224524051 0.248117700 0.941558301
1548265603.517590 1.056875706 -0.149549693 -0.181706652 -0.038683571 0.224702865 0.247846484 0.941586077
1548265603.551220 1.063415885 -0.144491225 -0.178111941 -0.036954831 0.223655656 0.246280104 0.942315578
1548265603.584730 1.068845749 -0.133535415 -0.182733148 -0.034596294 0.222780302 0.244354367 0.943113446
1548265603.618140 1.073740959 -0.136954784 -0.184261650 -0.035766430 0.222126439 0.244462952 0.943195879
1548265603.684950 1.064817309 -0.120867722 -0.181743726 -0.036570121 0.224562004 0.241693601 0.943302035
1548265603.718470 1.069698572 -0.123575635 -0.178695649 -0.039562445 0.222648606 0.243778720 0.943098247
1548265603.751990 1.072232127 -0.119041279 -0.178012684 -0.041036431 0.218857929 0.243791208 0.943919003
1548265603.785570 1.071649313 -0.111459933 -0.179090500 -0.042587884 0.215967566 0.242944494 0.944733977
1548265603.819090 1.066954970 -0.099672884 -0.180143222 -0.044190019 0.216183901 0.242616609 0.944695175
1548265603.852530 1.069793582 -0.095838204 -0.174760342 -0.048019402 0.215583563 0.244822815 0.944076061
1548265603.886120 1.075909734 -0.086999029 -0.172594875 -0.050335657 0.211537674 0.243452266 0.945224404
1548265603.919640 1.068938494 -0.067185655 -0.167270347 -0.051395647 0.213248268 0.239780962 0.945721269
1548265603.953170 1.065461993 -0.070081383 -0.174615428 -0.057433736 0.214172497 0.240684435 0.944935203
1548265603.986670 1.065074563 -0.062832065 -0.169510975 -0.060409538 0.213086277 0.241701856 0.944735527
1548265604.020180 1.067129970 -0.056714125 -0.168883368 -0.063555211 0.211335331 0.240651876 0.945190310
1548265604.053700 1.056739569 -0.034070332 -0.161784500 -0.064794473 0.216344267 0.237966597 0.944652677
1548265604.087230 1.072144628 -0.038299039 -0.168115899 -0.069552191 0.214795738 0.246144816 0.942569911
1548265604.121100 1.071629882 -0.038843125 -0.167913675 -0.070933074 0.210917115 0.249829099 0.942373514
1548265604.154720 1.066363454 -0.019505309 -0.172130346 -0.069004290 0.207350641 0.247048602 0.944039822
1548265604.188240 1.064025521 -0.017394487 -0.173244551 -0.070061073 0.208182156 0.249398574 0.943160653
1548265604.221830 1.071097374 -0.007868574 -0.180365279 -0.068896011 0.204378143 0.250812232 0.943703413
1548265604.255270 1.062130928 0.009903684 -0.183355749 -0.065341584 0.205103457 0.247999310 0.944541872
1548265604.288790 1.049628735 0.014445703 -0.184758514 -0.065859668 0.209785730 0.246196285 0.943949044
1548265604.322200 1.036097884 0.031435642 -0.189756215 -0.065062992 0.217216179 0.243399054 0.943048716
1548265604.355710 1.054057002 0.025236176 -0.204544500 -0.068085797 0.213543683 0.252119273 0.941381574
1548265604.389230 1.051559806 0.041817259 -0.212619692 -0.062913962 0.200982571 0.248769149 0.945389748
1548265604.422750 1.033014417 0.054154363 -0.216870785 -0.061059501 0.203450039 0.245606199 0.945810437
1548265604.455770 1.037019134 0.069319978 -0.226849601 -0.060340796 0.202936321 0.246004894 0.945863307
1548265604.489780 1.030124187 0.076855525 -0.234034091 -0.060946364 0.205344707 0.247723803 0.944855571
1548265604.523400 1.022559762 0.075937778 -0.237552270 -0.063680984 0.208313480 0.247026950 0.944207549
1548265604.556300 1.017889261 0.103275098 -0.243218422 -0.062484894 0.212554991 0.244518638 0.943995059
1548265604.589780 1.002417207 0.114282288 -0.240995005 -0.065156341 0.220631182 0.245935157 0.941590369
1548265604.623300 1.017423511 0.106913328 -0.258059353 -0.071233533 0.220936000 0.251694947 0.939554513
1548265604.656810 1.014976859 0.110997036 -0.263291687 -0.073132291 0.220319331 0.253671765 0.939021647
1548265604.690330 1.013243914 0.124000505 -0.271706700 -0.074134924 0.218132555 0.255403757 0.938984096
1548265604.723850 1.017475724 0.135656491 -0.277528673 -0.076858506 0.217948005 0.256946057 0.938386977
1548265604.757400 1.008686900 0.120920256 -0.272135913 -0.082680598 0.221531868 0.259948492 0.936223447
1548265604.791370 1.012718797 0.105349764 -0.269464105 -0.086211570 0.215018049 0.266705483 0.935522854
1548265604.824880 1.021528125 0.127835199 -0.281664878 -0.080274560 0.204588845 0.267583758 0.938135564
1548265604.858400 1.018716693 0.154837295 -0.293943822 -0.076734684 0.203057304 0.268917620 0.938383102
1548265604.891910 1.033589005 0.122708522 -0.286141038 -0.083691940 0.202126309 0.275982350 0.935935020
1548265604.925440 1.038066387 0.133328438 -0.291899770 -0.076225847 0.196686700 0.276890129 0.937462449
1548265604.958960 1.036712885 0.138653696 -0.294588238 -0.074583352 0.193648741 0.277450889 0.938061059
1548265604.992470 1.055041552 0.102298148 -0.291647643 -0.078903578 0.188848108 0.280028850 0.937920272
1548265605.025980 1.061926842 0.128728643 -0.302861422 -0.068471998 0.181190073 0.274484724 0.941881061
1548265605.059490 1.068728447 0.132526398 -0.306279898 -0.067096926 0.178946406 0.271748275 0.943201482
1548265605.093010 1.073393226 0.112658240 -0.310017765 -0.069564410 0.176540777 0.272485077 0.943263531
1548265605.126530 1.072371721 0.086592510 -0.309340239 -0.070786662 0.170851201 0.267240971 0.945717394
1548265605.160040 1.091078877 0.105916321 -0.302422404 -0.064589016 0.161045447 0.259403139 0.950054049
1548265605.193530 1.097749114 0.075581446 -0.312098086 -0.066386573 0.158008486 0.259581417 0.950391293
1548265605.227050 1.111366272 0.100161158 -0.309343696 -0.057021879 0.148114949 0.251673013 0.954710007
1548265605.260560 1.114325881 0.095876403 -0.314234644 -0.054865498 0.146534696 0.248405710 0.955935121
1548265605.294000 1.110205412 0.069935493 -0.315985471 -0.056658752 0.145303339 0.248524383 0.955987632
1548265605.327510 1.131243229 0.087391756 -0.312513471 -0.050471988 0.134835750 0.244324014 0.958946109
1548265605.361060 1.150956631 0.100205854 -0.316507161 -0.046523016 0.129479408 0.242272675 0.960403383
1548265605.394550 1.164016485 0.079260461 -0.322726309 -0.048701596 0.126510471 0.243379042 0.960411310
1548265605.428020 1.174520969 0.069261886 -0.317957103 -0.046011928 0.120476954 0.243716747 0.961233795
1548265605.461530 1.201126933 0.079135157 -0.318796694 -0.040573407 0.110404462 0.239801437 0.963670015
1548265605.494970 1.210328460 0.072708316 -0.320044577 -0.038151033 0.106517181 0.238475785 0.964535058
1548265605.528480 1.219886780 0.068662830 -0.320079595 -0.034732759 0.101703957 0.237959713 0.965310931
1548265605.562080 1.233092189 0.075655684 -0.324104190 -0.029558497 0.095197998 0.233697623 0.967186153
1548265605.595640 1.246882200 0.077151164 -0.327921420 -0.027198104 0.092641935 0.232066199 0.967896163
1548265605.629160 1.258076906 0.060620062 -0.329016328 -0.027645912 0.090484612 0.233092904 0.967840910
1548265605.662670 1.273987889 0.059980705 -0.328649223 -0.024138013 0.083902016 0.230463609 0.969156504
1548265605.696140 1.280813456 0.071812160 -0.332754731 -0.019219976 0.082023382 0.225560442 0.970579863
1548265605.729660 1.281242132 0.058519457 -0.335000485 -0.019246591 0.083125629 0.227099761 0.970126510
1548265605.763180 1.298131108 0.047933616 -0.337419748 -0.018471245 0.077263653 0.226376846 0.970794857
1548265605.796700 1.303245068 0.053858183 -0.338563323 -0.014288482 0.075584508 0.222254291 0.971949518
1548265605.830230 1.311606050 0.037752379 -0.344255894 -0.015350333 0.073460743 0.223158985 0.971888840
1548265605.863740 1.325521469 0.038705114 -0.343322486 -0.012548771 0.066769347 0.220415801 0.973037124
1548265605.897260 1.329118013 0.045746345 -0.347328991 -0.009472324 0.065563776 0.217811465 0.973740160
1548265605.930770 1.340517163 0.028339343 -0.352893561 -0.011454917 0.063124135 0.218651250 0.973691821
1548265605.964280 1.345599174 0.032779172 -0.353602052 -0.008750884 0.058894336 0.216080636 0.974558353
1548265605.997800 1.348187566 0.032864276 -0.355468929 -0.007198341 0.057221875 0.213740632 0.975186527
1548265606.031320 1.356831789 0.028397374 -0.356269270 -0.007167694 0.055327978 0.214291871 0.975175083
1548265606.064830 1.366116285 0.020898024 -0.357169211 -0.006571364 0.051119450 0.214329928 0.975400567
1548265606.098320 1.372407913 0.023275232 -0.355897993 -0.004077716 0.047589205 0.211727783 0.976160824
1548265606.131800 1.377028942 0.024098750 -0.361041248 -0.002156962 0.046767414 0.210199907 0.976536810
1548265606.165280 1.382862687 0.014194434 -0.360351562 -0.002521146 0.046006020 0.211151093 0.976366878
1548265606.232310 1.386345387 0.012773964 -0.364295810 0.000909913 0.043731868 0.208268777 0.977093041
1548265606.265820 1.399101377 0.003723333 -0.363593906 0.000013186 0.041844793 0.209667742 0.976876855
1548265606.299270 1.404790640 0.003856943 -0.360812992 0.000602164 0.040195052 0.208141744 0.977272213
1548265606.332780 1.410262346 0.004042220 -0.361713469 0.000916499 0.039418317 0.206633493 0.977623641
1548265606.366270 1.418871284 -0.008156926 -0.360694528 -0.000797240 0.038241465 0.208357230 0.977304578
1548265606.399740 1.421165466 -0.012678271 -0.363228679 -0.000870139 0.036181491 0.206394225 0.977799356
1548265606.433230 1.422776341 -0.008069975 -0.362662315 0.000527022 0.035807081 0.203129858 0.978496730
1548265606.466690 1.424800754 -0.010680235 -0.363501787 0.000520611 0.036562368 0.202340707 0.978632271
1548265606.500210 1.430422544 -0.016456878 -0.362832785 0.000496300 0.036855955 0.200660333 0.978967249
1548265606.533720 1.432102919 -0.020720432 -0.366238147 0.001611177 0.037567161 0.199801639 0.979114592
1548265606.567230 1.434159875 -0.022081906 -0.367439330 0.003370685 0.036789406 0.198347405 0.979435325
1548265606.600750 1.433545709 -0.023018509 -0.370314270 0.005204637 0.037164446 0.197035909 0.979677796
1548265606.634270 1.437046170 -0.029109497 -0.373243988 0.005915980 0.037001211 0.197308809 0.979624987
1548265606.667800 1.435417771 -0.027213849 -0.377919078 0.007329653 0.036437973 0.196442515 0.979810655
1548265606.701310 1.427198648 -0.021966135 -0.383007675 0.007645757 0.038969614 0.195052668 0.979988456
1548265606.734820 1.435482264 -0.027960036 -0.378669739 0.004546087 0.038718287 0.197514966 0.979524434
1548265606.768340 1.435876131 -0.023206975 -0.378724009 0.004154474 0.038548637 0.196354613 0.979766130
1548265606.801830 1.438680649 -0.023831334 -0.378032327 0.002516713 0.039201479 0.196421281 0.979732394
1548265606.835340 1.438339710 -0.026621226 -0.375532776 0.001215604 0.040197242 0.196114928 0.979755938
1548265606.868890 1.448025346 -0.026976489 -0.374657393 0.001039830 0.040070627 0.196213454 0.979741573
1548265606.902400 1.449505687 -0.028751966 -0.375159234 0.002239878 0.041790292 0.197635397 0.979381859
1548265606.935930 1.448984265 -0.023564598 -0.376074076 0.004859875 0.044734817 0.198036507 0.979161203
1548265606.969620 1.455229878 -0.030124597 -0.377888560 0.005219115 0.044961013 0.200708598 0.978604794
1548265607.003140 1.453080893 -0.021221971 -0.382469952 0.008343345 0.046444125 0.198546201 0.978954911
1548265607.036660 1.458149910 -0.025740780 -0.382506251 0.008871941 0.049383048 0.200504243 0.978407204
1548265607.070120 1.456674576 -0.028538551 -0.390225053 0.009644631 0.052685391 0.201698929 0.977981985
1548265607.103600 1.450886369 -0.024036575 -0.394435644 0.010832149 0.056752332 0.202397093 0.977597713
1548265607.137120 1.456940532 -0.023347847 -0.397378236 0.010188133 0.058295026 0.204052135 0.977169693
1548265607.170630 1.449884772 -0.017696202 -0.401099801 0.009880623 0.061183110 0.205191597 0.976757586
1548265607.204170 1.450345278 -0.015788689 -0.402995139 0.007885616 0.062099032 0.206463575 0.976449847
1548265607.237690 1.447452545 -0.002697161 -0.402737617 0.008030910 0.063781649 0.205602303 0.976521969
1548265607.271210 1.445447326 -0.005624792 -0.407015055 0.004277750 0.066622376 0.208168685 0.975811958
1548265607.304720 1.455941081 -0.002186998 -0.401249498 0.000713907 0.065893166 0.208924219 0.975709081
1548265607.338240 1.458143592 0.001164946 -0.399286628 -0.002238973 0.066582486 0.210472912 0.975327075
1548265607.371760 1.456836939 0.017119734 -0.398430407 -0.002646856 0.068690494 0.211026579 0.975060225
1548265607.405270 1.459777236 0.014671963 -0.398025095 -0.007045288 0.071276054 0.214764059 0.974036217
1548265607.438790 1.456790090 0.015078061 -0.395617545 -0.010420347 0.072696820 0.218188047 0.973139524
1548265607.472300 1.452025771 0.025004512 -0.392799586 -0.011282470 0.073126413 0.219764963 0.972742796
1548265607.505820 1.447157383 0.037055735 -0.390506893 -0.012338714 0.075149506 0.220359161 0.972441375
1548265607.539340 1.442309976 0.032078113 -0.391576707 -0.017097216 0.077356897 0.222896799 0.971617520
1548265607.572850 1.446234822 0.030919908 -0.386952639 -0.019958088 0.075304143 0.225053102 0.971227109
1548265607.606390 1.437116146 0.045981690 -0.384840548 -0.019568894 0.074815646 0.222264335 0.971914768
1548265607.639900 1.427789450 0.052600596 -0.382898867 -0.022369735 0.077186443 0.220707029 0.972023785
1548265607.673420 1.430079222 0.041303691 -0.382673740 -0.028235234 0.075704463 0.224137112 0.971202433
1548265607.706920 1.426355600 0.050937500 -0.378211409 -0.029680748 0.070212200 0.222943276 0.971846521
1548265607.740430 1.421765447 0.066668615 -0.372176200 -0.029493030 0.069545120 0.220239758 0.972516358
1548265607.773950 1.418272138 0.074141495 -0.368510813 -0.031288460 0.070124380 0.220291525 0.972406924
1548265607.807480 1.413233995 0.081494667 -0.364964247 -0.032870356 0.072406918 0.222109079 0.971773803
1548265607.841020 1.419154048 0.070898227 -0.365474373 -0.037477955 0.069900699 0.227255031 0.970600069
1548265607.874530 1.411009669 0.093878396 -0.356443793 -0.035906084 0.068725191 0.223747686 0.971557796
1548265607.908030 1.403356433 0.104700446 -0.354848504 -0.037245084 0.071103640 0.225664213 0.970892727
1548265607.941530 1.403133273 0.104911745 -0.352886975 -0.041059583 0.071764767 0.227665007 0.970222950
1548265607.975040 1.395629525 0.105032988 -0.354158401 -0.044086780 0.069693893 0.230208158 0.969640851
1548265608.008540 1.385740876 0.130426466 -0.350399494 -0.042609718 0.068886243 0.226479605 0.970642090
1548265608.042050 1.385576367 0.133528426 -0.343201697 -0.048066437 0.069137841 0.227163255 0.970209479
1548265608.075560 1.389613032 0.135504663 -0.335083246 -0.052645344 0.067672037 0.226794720 0.970161378
1548265608.108960 1.378563046 0.153163269 -0.327831835 -0.053298678 0.069671467 0.224001363 0.970633030
1548265608.142590 1.376511097 0.152475923 -0.321849436 -0.057173979 0.070438184 0.223427862 0.970489383
1548265608.176110 1.371223450 0.152586728 -0.317629099 -0.059887052 0.070962347 0.222428277 0.970517159
1548265608.209630 1.371528029 0.160660952 -0.309205979 -0.060397971 0.070311435 0.219190702 0.971269190
1548265608.243150 1.368942857 0.170617133 -0.306554735 -0.060019992 0.073390208 0.216769978 0.971608102
1548265608.276910 1.358190179 0.168295279 -0.301554590 -0.062261589 0.079742335 0.217231169 0.970863163
1548265608.310060 1.365999937 0.177667320 -0.294910908 -0.063461304 0.083617881 0.218990013 0.970063984
1548265608.343570 1.349811316 0.166499704 -0.292099833 -0.066809028 0.094958603 0.221863002 0.968140602
1548265608.377040 1.350983739 0.164503813 -0.288880080 -0.068592869 0.097841896 0.222513273 0.967579365
1548265608.410560 1.342907667 0.168909594 -0.286733806 -0.069058180 0.104782015 0.222119749 0.966909766
1548265608.444080 1.338211060 0.158666402 -0.289319903 -0.073498487 0.115054570 0.223917320 0.964998126
1548265608.477630 1.330708861 0.152169108 -0.276882291 -0.077286221 0.130911753 0.226531848 0.962066650
1548265608.511470 1.325137734 0.132090732 -0.269078493 -0.081131451 0.135204479 0.229015902 0.960567117
1548265608.544980 1.328238964 0.131997213 -0.267332703 -0.080332085 0.134314358 0.226749927 0.961296439
1548265608.578500 1.319922566 0.124747545 -0.264609486 -0.080503330 0.138597652 0.226109087 0.960824966
1548265608.612020 1.315352678 0.103970557 -0.258287072 -0.082346082 0.139751509 0.226367816 0.960440636
1548265608.645180 1.313748479 0.088351078 -0.255578995 -0.081765532 0.138169020 0.224034503 0.961265981
1548265608.678660 1.306020141 0.078427032 -0.256045312 -0.078499891 0.137118965 0.218758062 0.962902427
1548265608.712170 1.298799515 0.077593304 -0.254153490 -0.074436553 0.138317049 0.213636011 0.964202881
1548265608.812720 1.272843719 0.049081858 -0.250218153 -0.065106027 0.143864051 0.200227141 0.966940224
1548265608.846270 1.271351576 0.025271025 -0.255790085 -0.065573715 0.143483758 0.200901151 0.966825366
1548265608.880140 1.253535986 0.016877662 -0.254857153 -0.060420964 0.141373456 0.195283353 0.968621314
1548265608.913760 1.245303154 0.029356696 -0.250555694 -0.053996552 0.140813813 0.186197937 0.970868766
1548265608.947380 1.238451719 0.025933255 -0.251723468 -0.051774949 0.147420645 0.182609767 0.970690608
1548265608.980890 1.234653831 0.001225134 -0.252842486 -0.052652836 0.150417596 0.184023455 0.969916284
1548265609.014410 1.226728439 -0.008544256 -0.252697587 -0.048774697 0.148999915 0.181286603 0.970852852
1548265609.047930 1.210561872 -0.003508656 -0.252123415 -0.045068245 0.150625423 0.177392453 0.971500218
1548265609.081450 1.214946270 -0.024745163 -0.246199682 -0.046229564 0.148883149 0.179385498 0.971348286
1548265609.114960 1.207018614 -0.021398053 -0.246072218 -0.040328640 0.145380691 0.177343592 0.972516000
1548265609.148480 1.202892661 -0.045910001 -0.250173688 -0.040436719 0.142887384 0.179095089 0.972560048
1548265609.182000 1.193912268 -0.038821265 -0.246441528 -0.033888612 0.139555842 0.175551370 0.973939121
1548265609.215510 1.179636002 -0.025893783 -0.246147007 -0.028400213 0.141430810 0.170445606 0.974750757
1548265609.249030 1.173011422 -0.026686370 -0.249248788 -0.027536178 0.148714751 0.169372678 0.973878145
1548265609.282430 1.166473866 -0.047789522 -0.243420199 -0.030328132 0.152764782 0.171444327 0.972805202
1548265609.315710 1.151407123 -0.045676671 -0.241637498 -0.029403139 0.155362964 0.167091444 0.973179460
1548265609.349100 1.149861693 -0.043758195 -0.239702940 -0.029938899 0.158408582 0.163518131 0.973279119
1548265609.382590 1.139244199 -0.048743751 -0.235035762 -0.031677857 0.164908320 0.161321267 0.972510755
1548265609.416100 1.132837057 -0.065712065 -0.235233128 -0.035446007 0.169152156 0.158374444 0.972136140
1548265609.449620 1.129953861 -0.066002123 -0.230254576 -0.036000364 0.173262060 0.153150558 0.972228944
1548265609.483130 1.111774206 -0.078323856 -0.225114986 -0.037253048 0.181386203 0.148146898 0.971475065
1548265609.516650 1.086976647 -0.080657624 -0.229034916 -0.036827791 0.191374302 0.142090186 0.970479250
1548265609.549740 1.094500780 -0.088487841 -0.220700964 -0.040191051 0.208232075 0.141389638 0.966971099
1548265609.583260 1.084255576 -0.095258027 -0.216835022 -0.039350335 0.216373295 0.138421401 0.965646803
1548265609.617200 1.085230708 -0.092329487 -0.214390904 -0.037941795 0.224624008 0.133157700 0.964558721
1548265609.650750 1.077112079 -0.125202522 -0.213463232 -0.041881781 0.240831316 0.140790403 0.959387481
1548265609.684390 1.072787166 -0.155979991 -0.204860970 -0.043647546 0.241387010 0.144813836 0.958569825
1548265609.717900 1.062035203 -0.109057240 -0.212805197 -0.030859187 0.242342517 0.134236157 0.960363746
1548265609.751260 1.063625455 -0.128307357 -0.212442473 -0.030546224 0.258226067 0.140745983 0.955288887
1548265609.784410 1.071412683 -0.137189835 -0.212327406 -0.028561629 0.260078430 0.146234959 0.954022467
1548265609.818650 1.060832500 -0.140839055 -0.213755995 -0.023188083 0.261515111 0.146334350 0.953760147
1548265609.852330 1.030115008 -0.109922752 -0.200976282 -0.012994369 0.276232630 0.141128674 0.950583696
1548265609.885840 1.043859601 -0.128645241 -0.208172590 -0.018558430 0.281358898 0.149952739 0.947632253
1548265609.919200 1.043197036 -0.133617729 -0.201558709 -0.019188512 0.278020769 0.153467447 0.948042214
1548265609.952450 1.028812051 -0.119076200 -0.198073909 -0.016985592 0.279169023 0.148699254 0.948506534
1548265609.985900 1.030756474 -0.118401781 -0.199421644 -0.017834578 0.282234430 0.151722193 0.947104037
1548265610.019420 1.023765326 -0.123684518 -0.190435201 -0.019120125 0.285056084 0.152550161 0.946100354
1548265610.053000 1.013323188 -0.119239345 -0.187236995 -0.017690808 0.286095589 0.151765659 0.945940554
1548265610.086570 1.007828593 -0.116537012 -0.186449379 -0.017426755 0.287457734 0.152191564 0.945463955
1548265610.120080 0.999715149 -0.110854894 -0.180264920 -0.017325964 0.288633823 0.150826246 0.945326269
1548265610.153550 0.990404010 -0.104332641 -0.177579731 -0.017909523 0.293179572 0.150760561 0.943925977
1548265610.187070 0.985260904 -0.095613673 -0.170905218 -0.018570524 0.296914250 0.150531039 0.942781806
1548265610.220590 0.982529521 -0.096061192 -0.163968354 -0.019775286 0.299939185 0.150648907 0.941780388
1548265610.254150 0.974294245 -0.088272981 -0.156477004 -0.019559368 0.307923138 0.150403947 0.939244092
1548265610.287660 0.972640336 -0.098470628 -0.150830805 -0.021524470 0.311472535 0.156854048 0.936972976
1548265610.321140 0.970058203 -0.089873493 -0.148826048 -0.019867364 0.309475988 0.156113073 0.937794566
1548265610.354650 0.957352936 -0.078800298 -0.141480833 -0.017893208 0.315305620 0.154595867 0.936142266
1548265610.388160 0.957233071 -0.086064406 -0.133959964 -0.018776342 0.317199647 0.158833250 0.934774756
1548265610.421680 0.951638997 -0.084222063 -0.126590103 -0.019188564 0.317673594 0.156024247 0.935078442
1548265610.455130 0.945054829 -0.073954448 -0.121431433 -0.017985255 0.321613818 0.154402375 0.934024096
1548265610.488720 0.937861085 -0.073541075 -0.112943977 -0.018205216 0.326768756 0.156207949 0.931928039
1548265610.522230 0.934505999 -0.065932885 -0.105218068 -0.018150112 0.328534275 0.153809264 0.931707323
1548265610.555750 0.926712632 -0.072061948 -0.095411211 -0.020702055 0.331438333 0.153362632 0.930698633
1548265610.589260 0.920990288 -0.073621310 -0.080795854 -0.021715300 0.330922723 0.153540269 0.930829704
1548265610.622780 0.915252090 -0.073402323 -0.070833966 -0.021747947 0.329463303 0.149542361 0.931996822
1548265610.656340 0.909765661 -0.063888580 -0.063424401 -0.019673610 0.331650645 0.146655783 0.931725740
1548265610.689930 0.909337282 -0.071370371 -0.051023014 -0.020404426 0.330864400 0.148475885 0.931701303
1548265610.723450 0.905969322 -0.071692638 -0.041217413 -0.019119566 0.327937096 0.147633791 0.932896554
1548265610.756990 0.896520317 -0.062602036 -0.034581095 -0.015705423 0.330721498 0.146727234 0.932120025
1548265610.790510 0.892935812 -0.072001107 -0.018773573 -0.016066775 0.332775235 0.151142567 0.930676281
1548265610.824030 0.889554799 -0.076272286 -0.006194845 -0.015344680 0.331792206 0.154037267 0.930564880
1548265610.857540 0.884028316 -0.082196429 0.006213882 -0.014027716 0.330979884 0.156308800 0.930496156
1548265610.891060 0.883443952 -0.082473628 0.016321380 -0.012368608 0.329426587 0.158943698 0.930624545
1548265610.924580 0.881451905 -0.088634387 0.023569731 -0.011929206 0.328558773 0.161333457 0.930525839
1548265610.958090 0.883226931 -0.092972718 0.036287986 -0.011760029 0.327473372 0.163751319 0.930488288
1548265610.991600 0.874616444 -0.102742873 0.047193188 -0.012625523 0.327939540 0.164376691 0.930202425
1548265611.025070 0.870949924 -0.117854141 0.055999577 -0.014956654 0.328449011 0.165860742 0.929724574
1548265611.058590 0.870891094 -0.131492138 0.065107875 -0.016205357 0.327744395 0.167445451 0.929668248
1548265611.091860 0.872127712 -0.141435459 0.075383201 -0.015911773 0.326313466 0.166111335 0.930415690
1548265611.125370 0.866194904 -0.145225033 0.081134029 -0.013359270 0.328059375 0.164611831 0.930108309
1548265611.158850 0.866045237 -0.155972838 0.088842556 -0.011552217 0.327551991 0.167456806 0.929803431
1548265611.192360 0.855866969 -0.160615370 0.096491262 -0.008599401 0.325759381 0.165995359 0.930726826
1548265611.225880 0.856483877 -0.167863384 0.097229473 -0.007298233 0.325132608 0.166602612 0.930848598
1548265611.259400 0.847344458 -0.182463586 0.105884790 -0.006680510 0.325664014 0.169234559 0.930192471
1548265611.292910 0.842240572 -0.179764435 0.107597224 -0.001899280 0.321504593 0.169415578 0.931627393
1548265611.359980 0.828254104 -0.198597133 0.120735884 0.001810480 0.324009389 0.169953868 0.930661261
1548265611.393500 0.822604537 -0.208710268 0.124803871 0.004629782 0.323347807 0.171653107 0.930569708
1548265611.427020 0.814240515 -0.210285559 0.129160002 0.007776023 0.324194402 0.170701876 0.930429161
1548265611.460510 0.807837129 -0.215603009 0.127477944 0.009878499 0.326126188 0.170893878 0.929698586
1548265611.494030 0.805532992 -0.224970907 0.137051731 0.011993095 0.327007264 0.171185061 0.929310560
1548265611.527740 0.804442823 -0.225799769 0.142409712 0.015178453 0.327144712 0.169190988 0.929580808
1548265611.561800 0.797940671 -0.228066757 0.143531129 0.018396482 0.330408633 0.169949651 0.928228855
1548265611.595360 0.790299833 -0.238269389 0.148617357 0.019978000 0.333029330 0.170963272 0.927072763
1548265611.628870 0.784292996 -0.239926144 0.151035905 0.023151202 0.335241914 0.170425832 0.926300108
1548265611.662390 0.772725940 -0.245128438 0.160008386 0.025611632 0.340482652 0.172195315 0.923993707
1548265611.695910 0.765275061 -0.250414193 0.163896918 0.027269583 0.345042318 0.174047664 0.921905398
1548265611.729780 0.765556455 -0.257706165 0.164020926 0.028505271 0.347488672 0.176518574 0.920478284
1548265611.763420 0.754437804 -0.263259858 0.170890078 0.030345352 0.351768553 0.176997244 0.918700159
1548265611.796810 0.749592662 -0.265913010 0.176695362 0.032584354 0.357774824 0.178477764 0.916013718
1548265611.830320 0.747614205 -0.276593447 0.181094527 0.033275392 0.362974077 0.181286439 0.913388073
1548265611.863840 0.740941405 -0.277104974 0.185020179 0.036347292 0.367703140 0.182974115 0.911039889
1548265611.897360 0.733060181 -0.282812268 0.188361466 0.037136123 0.372862071 0.183918908 0.908718109
1548265611.930870 0.731221139 -0.288564682 0.195559353 0.036611039 0.377594560 0.186927199 0.906167865
1548265611.964390 0.728408277 -0.304458499 0.203545555 0.034032445 0.380359590 0.188180223 0.904851675
1548265611.997460 0.720864296 -0.312050164 0.210336074 0.032152351 0.386037141 0.188316628 0.902484596
1548265612.030800 0.721521974 -0.317801446 0.211137041 0.030744402 0.389995039 0.192030475 0.900046110
1548265612.064260 0.720197439 -0.323624730 0.214998916 0.029185455 0.392659694 0.195117041 0.898273826
1548265612.097780 0.714943171 -0.330131143 0.222976580 0.027756728 0.394438267 0.196712717 0.897191226
1548265612.131290 0.711724102 -0.332351685 0.230275333 0.026554761 0.397232145 0.197415709 0.895839572
1548265612.164810 0.708004534 -0.339052051 0.236697540 0.026879886 0.399301410 0.200583652 0.894204736
1548265612.198340 0.702494919 -0.338641763 0.244073525 0.028981641 0.399726450 0.200782746 0.893904448
1548265612.231860 0.699660361 -0.343569636 0.248507693 0.029902749 0.402174532 0.201668739 0.892575622
1548265612.265360 0.692645907 -0.348249882 0.256550968 0.032043792 0.404391646 0.203433380 0.891097844
1548265612.298870 0.684605598 -0.346539229 0.263136625 0.035069376 0.405846238 0.202384830 0.890561283
1548265612.332390 0.676977158 -0.352617264 0.270678967 0.037251431 0.407648504 0.202545255 0.889612556
1548265612.365900 0.677270532 -0.358458668 0.276131839 0.037387803 0.408934653 0.202260524 0.889081180
1548265612.399410 0.667918444 -0.359764367 0.287953585 0.037622374 0.412051648 0.201612249 0.887778401
1548265612.432910 0.661536753 -0.363690436 0.298294425 0.037002563 0.412690938 0.200390592 0.887784123
1548265612.466420 0.660031080 -0.370180517 0.306109726 0.035640307 0.413650274 0.199656665 0.887558699
1548265612.499860 0.652323723 -0.372311622 0.320348084 0.035677392 0.415512234 0.199036002 0.886826575
1548265612.533170 0.647352278 -0.370712608 0.326732993 0.035138708 0.414674670 0.196061626 0.887902021
1548265612.566620 0.641322851 -0.373293310 0.340312034 0.034368336 0.416944861 0.194394663 0.887235343
1548265612.600130 0.637305081 -0.376911074 0.352490693 0.034109611 0.417923361 0.194569260 0.886746526
1548265612.633650 0.631088734 -0.376086056 0.365640253 0.035003215 0.418379337 0.193607107 0.886707306
1548265612.667160 0.622126639 -0.380951583 0.378996193 0.034311835 0.418160915 0.191810310 0.887227654
1548265612.700680 0.619626403 -0.380774677 0.386031985 0.032904804 0.418914467 0.190341771 0.887241781
1548265612.734170 0.616642892 -0.383774102 0.399861991 0.032105811 0.420983911 0.190845042 0.886182785
1548265612.767690 0.615097046 -0.381069511 0.403086811 0.032068055 0.419948041 0.189592674 0.886944115
1548265612.801200 0.610098064 -0.382709354 0.413752228 0.029926015 0.422964841 0.189427242 0.885619819
1548265612.834720 0.605450869 -0.380558789 0.425678670 0.029740753 0.424826473 0.188785359 0.884871781
1548265612.868090 0.605253994 -0.376966238 0.435758173 0.029914359 0.425224602 0.186223999 0.885217369
1548265612.901610 0.598664641 -0.383151591 0.443549007 0.027649343 0.428342104 0.183668703 0.884321392
1548265612.935120 0.593994677 -0.380482584 0.454013556 0.026882032 0.431546241 0.181766555 0.883179545
1548265612.968550 0.591000915 -0.375759155 0.467769057 0.025780715 0.432594329 0.178529143 0.883359969
1548265613.002040 0.585543692 -0.383392304 0.472594261 0.021139188 0.433654934 0.175647199 0.883540928
1548265613.035560 0.584435761 -0.380994380 0.483909816 0.017311363 0.435957462 0.174677059 0.882683039
1548265613.069070 0.583958328 -0.375271767 0.495954812 0.013822928 0.436534554 0.173342839 0.882722378
1548265613.102530 0.580450714 -0.374798238 0.506582081 0.009580480 0.435727924 0.171856627 0.883467436
1548265613.135980 0.577090561 -0.371472389 0.513608754 0.004919051 0.436552674 0.170168489 0.883425295
1548265613.169490 0.572851002 -0.369156659 0.531412244 0.001140533 0.439513952 0.170409188 0.881922305
1548265613.203010 0.573935926 -0.369702429 0.538453698 -0.003053252 0.438716680 0.169725046 0.882446468
1548265613.236600 0.571198761 -0.364475101 0.544388413 -0.006410766 0.439523488 0.169191942 0.882129312
1548265613.270170 0.567058206 -0.361476243 0.555884600 -0.008934455 0.439956754 0.169130310 0.881903172
1548265613.303690 0.569567382 -0.363628834 0.561020970 -0.011910428 0.439921141 0.168971583 0.881916225
1548265613.337200 0.563157439 -0.364821553 0.570340395 -0.013908744 0.442003369 0.169799477 0.880685925
1548265613.370720 0.557207525 -0.359448284 0.581203163 -0.014066054 0.443031818 0.170116097 0.880105376
1548265613.404230 0.550066590 -0.358688504 0.591374040 -0.015066138 0.444446325 0.169746831 0.879446685
1548265613.437760 0.546535194 -0.361061037 0.600390732 -0.016170014 0.447174996 0.169096500 0.878168225
1548265613.471280 0.543916225 -0.356930971 0.608879983 -0.014898083 0.450467885 0.169713169 0.876387000
1548265613.504800 0.537491620 -0.358799785 0.618323505 -0.014350927 0.453426361 0.170066565 0.874800503
1548265613.538130 0.533702731 -0.360473365 0.626061857 -0.013828298 0.456497580 0.170481309 0.873129368
1548265613.571630 0.526617110 -0.364199281 0.632396162 -0.013665923 0.459153622 0.171908155 0.871457875
1548265613.605170 0.521773398 -0.367922992 0.640468478 -0.014353566 0.461450905 0.172773346 0.870061159
1548265613.638740 0.515350163 -0.368737191 0.649324358 -0.014275541 0.464224160 0.174511060 0.868238449
1548265613.672200 0.507540405 -0.376211733 0.657524824 -0.015214661 0.466800481 0.177574530 0.866217673
1548265613.705710 0.503643632 -0.381288409 0.664313018 -0.015524263 0.468901426 0.180507794 0.864469409
1548265613.739230 0.498736173 -0.384684533 0.670234084 -0.014623754 0.470727861 0.184150785 0.862722397
1548265613.772740 0.495291710 -0.388168037 0.676511526 -0.014233183 0.472749412 0.187357739 0.860931158
1548265613.806260 0.491430342 -0.394140422 0.681256235 -0.013857914 0.475142062 0.192025408 0.858588517
1548265613.839770 0.486745238 -0.399139494 0.690789223 -0.012817473 0.477637321 0.195095256 0.856525600
1548265613.906810 0.477398098 -0.409168094 0.697722554 -0.011129539 0.482307702 0.200899765 0.852581203
1548265613.940270 0.472817630 -0.414082050 0.703532279 -0.009382519 0.484119624 0.204406276 0.850739837
1548265613.973790 0.467003375 -0.424645275 0.708834708 -0.008771592 0.485504627 0.207105890 0.849302948
1548265614.007350 0.462844670 -0.430064857 0.712254167 -0.006788819 0.486311346 0.209584936 0.848250747
1548265614.040870 0.456199944 -0.433580101 0.715515375 -0.004313633 0.486447334 0.211830467 0.847630978
1548265614.074380 0.449557543 -0.433325112 0.712243199 -0.001028389 0.484045535 0.213431329 0.848614156
1548265614.107900 0.446997911 -0.442003995 0.721442580 -0.000535225 0.483775496 0.214384362 0.848528326
1548265614.141420 0.441296369 -0.446460754 0.727496266 0.001502036 0.484213471 0.215863183 0.847902179
1548265614.175120 0.437722951 -0.453253567 0.733515143 0.003259517 0.483871579 0.217220575 0.847745776
1548265614.208940 0.430961430 -0.458679616 0.737176597 0.005302805 0.483314395 0.218923911 0.847615123
1548265614.242430 0.428639561 -0.467635304 0.740784049 0.007381437 0.481792182 0.221496627 0.847797751
1548265614.275880 0.425966889 -0.479305983 0.741194665 0.008402219 0.480545998 0.223529264 0.847962022
1548265614.309390 0.422428399 -0.484276861 0.744057775 0.011407242 0.479894012 0.225080743 0.847885787
1548265614.342910 0.413602024 -0.488407373 0.739876390 0.015523350 0.477441013 0.227134839 0.848657072
1548265614.376430 0.411999047 -0.497022390 0.739849865 0.017020272 0.474758565 0.228082776 0.849878132
1548265614.409940 0.409580290 -0.504511654 0.741135836 0.018871428 0.473165870 0.230067000 0.850192368
1548265614.443530 0.402546912 -0.504525065 0.742271006 0.022151731 0.471176803 0.230227292 0.851173937
1548265614.477040 0.397202253 -0.519666374 0.744058073 0.022194766 0.469796032 0.231663600 0.851546228
1548265614.510560 0.395896465 -0.520207703 0.746635914 0.025186667 0.467924416 0.233038619 0.852118134
1548265614.544160 0.394513309 -0.525252998 0.746335685 0.026132556 0.465528101 0.234505892 0.852999210
1548265614.577680 0.392962039 -0.533303499 0.738563776 0.026477395 0.462244391 0.236128896 0.854325593
1548265614.611210 0.388558447 -0.541848898 0.748483717 0.027269483 0.461968899 0.238478020 0.853797019
1548265614.644720 0.386412650 -0.546983480 0.750445426 0.027352558 0.461579114 0.240052804 0.853563845
1548265614.678240 0.384893924 -0.549169064 0.751731813 0.028072171 0.461000562 0.241375461 0.853480101
1548265614.711900 0.383768827 -0.554792523 0.753391266 0.027839029 0.461146832 0.242426381 0.853110790
1548265614.745410 0.381953984 -0.560457051 0.750345409 0.027574629 0.461651355 0.243439436 0.852557838
1548265614.778930 0.378585398 -0.562370837 0.753959417 0.028070778 0.463058829 0.243082508 0.851879954
1548265614.812440 0.367301106 -0.559953928 0.754764497 0.030946160 0.462179124 0.243195146 0.852225840
1548265614.845960 0.367119730 -0.558529079 0.752569735 0.031994496 0.457721204 0.242757171 0.854714334
1548265614.879490 0.363931537 -0.555292964 0.753449261 0.033091288 0.452799082 0.241228625 0.857721806
1548265614.913000 0.361141771 -0.558615565 0.750399053 0.032767974 0.448645234 0.240529567 0.860110044
1548265614.946520 0.358152002 -0.559350848 0.750809371 0.031941313 0.446739018 0.237773985 0.861897647
1548265614.980030 0.355749428 -0.555130363 0.752226651 0.031755976 0.445860147 0.234484091 0.863259792
1548265615.013550 0.352669805 -0.552974701 0.754113793 0.030771518 0.445829451 0.230401605 0.864409804
1548265615.046970 0.351448774 -0.550324321 0.754854858 0.029741010 0.445655793 0.226482928 0.865570247
1548265615.080460 0.350056440 -0.544781625 0.756486952 0.027585896 0.445955098 0.220887884 0.866932333
1548265615.113950 0.345215797 -0.540618777 0.758173525 0.025943028 0.447101802 0.216427639 0.867517114
1548265615.147460 0.341825068 -0.533483505 0.762524247 0.025053743 0.447454363 0.211521253 0.868571043
1548265615.180940 0.339083105 -0.528759599 0.763792515 0.022865226 0.447629243 0.207468271 0.869518280
1548265615.214420 0.336311728 -0.522454083 0.768512487 0.021701029 0.448348731 0.203814819 0.870041370
1548265615.247940 0.333433360 -0.518737078 0.769606948 0.020249093 0.447125196 0.199818075 0.871631682
1548265615.280930 0.324343979 -0.511038601 0.784021735 0.019312320 0.448074728 0.194559604 0.872354627
1548265615.314440 0.324911147 -0.502084434 0.783775687 0.018087439 0.448253542 0.190761179 0.873127580
1548265615.347860 0.317287564 -0.496984392 0.789376795 0.016742103 0.449192137 0.187650010 0.873346210
1548265615.381370 0.318713307 -0.494462073 0.791773856 0.015394529 0.447558224 0.184657767 0.874846339
1548265615.414890 0.313451588 -0.491537392 0.791924655 0.014423512 0.445406199 0.182110712 0.876493573
1548265615.448400 0.315792650 -0.488364875 0.791364789 0.012700816 0.443126142 0.180414587 0.878025353
1548265615.481920 0.310724676 -0.484028578 0.798781335 0.011675347 0.441694647 0.178006276 0.879251540
1548265615.515440 0.302037537 -0.475219816 0.801632047 0.012451192 0.439223588 0.177236184 0.880633235
1548265615.548980 0.301339686 -0.470958769 0.810767114 0.011557351 0.433157235 0.174515888 0.884186327
1548265615.582570 0.299149781 -0.462396502 0.806144536 0.012258460 0.427740127 0.172900975 0.887126446
1548265615.616160 0.295930773 -0.460521579 0.805924535 0.011298342 0.423049241 0.170979470 0.889757097
1548265615.649710 0.294635266 -0.459685683 0.802626371 0.008953779 0.419591248 0.167911947 0.892002523
1548265615.683270 0.292411715 -0.455990642 0.807196736 0.008053685 0.419679940 0.166075364 0.892313182
1548265615.716800 0.285263360 -0.445768625 0.812762737 0.009918328 0.417418391 0.163144380 0.893894553
1548265615.750450 0.285230637 -0.450093299 0.807742059 0.007171273 0.410866529 0.159320027 0.897638202
1548265615.783970 0.285037458 -0.446363211 0.804446995 0.005468586 0.410510272 0.157627434 0.898111939
1548265615.817490 0.283445150 -0.437063932 0.809476793 0.004971686 0.410212100 0.155533835 0.898615897
1548265615.851040 0.280000657 -0.428188026 0.812521100 0.005398413 0.406164646 0.153827220 0.900743186
1548265615.884600 0.281363249 -0.428726345 0.808199704 0.002659487 0.401634604 0.150555402 0.903335869
1548265615.918120 0.278025687 -0.420409322 0.815051734 0.004313779 0.399606943 0.150424868 0.904250026
1548265615.951630 0.277689517 -0.412757695 0.814137340 0.005130406 0.394745648 0.147235125 0.906902075
1548265615.985150 0.271016032 -0.406336635 0.817565501 0.006464592 0.393185943 0.143834859 0.908115923
1548265616.018660 0.271360338 -0.397468626 0.815019488 0.008745304 0.391154736 0.141015828 0.909415185
1548265616.052140 0.269523352 -0.392240286 0.820937872 0.011796076 0.389211982 0.139356494 0.910469472
1548265616.085700 0.270801455 -0.390537292 0.816542625 0.012992913 0.385281533 0.135802135 0.912659347
1548265616.119220 0.274871022 -0.387036294 0.809996307 0.013801835 0.381301224 0.131272048 0.914978981
1548265616.152680 0.269918412 -0.380175591 0.816835403 0.016476987 0.380801409 0.128162965 0.915583432
1548265616.186160 0.267534435 -0.376296163 0.815741241 0.017528081 0.378107488 0.123591505 0.917307258
1548265616.219650 0.264508814 -0.366828948 0.815116942 0.020362260 0.376382917 0.119835488 0.918455601
1548265616.253120 0.263313115 -0.358106405 0.819186568 0.023181552 0.375372916 0.116830751 0.919188976
1548265616.286360 0.260834455 -0.357428819 0.816737771 0.024247285 0.371850520 0.114233181 0.920918047
1548265616.319810 0.260140926 -0.355563223 0.817348003 0.025387695 0.368644387 0.112107627 0.922436297
1548265616.353270 0.263508350 -0.350295514 0.813485146 0.026270995 0.365954995 0.109940790 0.923742235
1548265616.386780 0.260423183 -0.349173337 0.815967143 0.025946319 0.365441054 0.107578047 0.924232960
1548265616.420300 0.259659976 -0.351508766 0.818083286 0.024711087 0.365191311 0.106249340 0.924519181
1548265616.453810 0.261863798 -0.346738130 0.816174805 0.025068920 0.360960603 0.105395459 0.926267147
1548265616.487390 0.261414468 -0.348340362 0.814657986 0.023629269 0.356418192 0.103860788 0.928235233
1548265616.520910 0.263377905 -0.352219492 0.812025368 0.021952234 0.353695869 0.105149984 0.929172099
1548265616.554420 0.258320481 -0.350260377 0.816857100 0.021938287 0.350561589 0.106141128 0.930246890
1548265616.587890 0.268579543 -0.349899948 0.804829538 0.021029133 0.342021346 0.106330067 0.933420122
1548265616.621390 0.264965564 -0.351109922 0.803796709 0.019833781 0.337707758 0.105949074 0.935058773
1548265616.654920 0.265813887 -0.354743063 0.800120890 0.018143153 0.333357811 0.105255462 0.936730862
1548265616.688490 0.264253110 -0.354842186 0.801135957 0.017343387 0.329688162 0.104416952 0.938137531
1548265616.722070 0.263659894 -0.354972214 0.800152719 0.016512750 0.326542586 0.102928922 0.939416289
1548265616.755680 0.263557136 -0.359726250 0.798050165 0.014859145 0.324482381 0.101789258 0.940281510
1548265616.789320 0.259272158 -0.358731121 0.799079657 0.014733344 0.323406070 0.101021208 0.940737009
1548265616.822850 0.264266312 -0.362294734 0.793641984 0.013409240 0.320359617 0.100259557 0.941879988
1548265616.856380 0.264058143 -0.360969007 0.794651687 0.013361922 0.318680674 0.099085055 0.942574263
1548265616.889890 0.267475367 -0.366179049 0.793881297 0.012074631 0.315950215 0.098988160 0.943520546
1548265616.923410 0.270937234 -0.368747830 0.789791048 0.011853910 0.312898129 0.099102914 0.944527864
1548265616.956910 0.267333925 -0.365267605 0.793584943 0.013661838 0.312648863 0.099930383 0.944498777
1548265616.990430 0.271765292 -0.371638536 0.790298581 0.013604704 0.310531795 0.101684228 0.945010722
1548265617.023960 0.273614198 -0.373112947 0.788924456 0.014548495 0.309437633 0.101975873 0.945324063
1548265617.057470 0.277374059 -0.376078576 0.783923447 0.015825244 0.308914155 0.102763511 0.945389509
1548265617.090990 0.279831946 -0.377387464 0.781643808 0.018123178 0.308980137 0.103158399 0.945283651
1548265617.124500 0.280086696 -0.376495153 0.782716513 0.021242676 0.308926642 0.103500791 0.945198715
1548265617.158020 0.277115792 -0.383493453 0.784248114 0.022750484 0.308892399 0.104116723 0.945107162
1548265617.191540 0.284695745 -0.386574924 0.776771903 0.024755454 0.306907862 0.103641987 0.945755243
1548265617.225100 0.287218332 -0.389463335 0.775252819 0.027361186 0.306535274 0.105011366 0.945653260
1548265617.258570 0.286447555 -0.392937273 0.770322680 0.029678676 0.306408584 0.106496111 0.945458353
1548265617.292090 0.285611808 -0.394172907 0.775964499 0.032633763 0.306592166 0.107890762 0.945143282
1548265617.325510 0.292536080 -0.399764210 0.766073644 0.034531694 0.303301871 0.109199524 0.945986807
1548265617.359030 0.292065889 -0.400793135 0.763278425 0.037630528 0.303191185 0.111274555 0.945662200
1548265617.392540 0.296637684 -0.404869258 0.759845495 0.040165711 0.300654203 0.113549143 0.946097434
1548265617.425930 0.295556962 -0.403538197 0.754604280 0.043736864 0.297990829 0.113600522 0.946775317
1548265617.459230 0.295271605 -0.408703208 0.751391530 0.045854237 0.296651274 0.114632085 0.946971416
1548265617.492750 0.290722042 -0.407056242 0.749095500 0.049267050 0.294373393 0.114862300 0.947482824
1548265617.526260 0.297027647 -0.407194585 0.742894471 0.051158402 0.289911777 0.113853730 0.948878944
1548265617.559940 0.296570271 -0.409032404 0.739779353 0.052690141 0.288072795 0.113860331 0.949354351
1548265617.593500 0.300824195 -0.402537316 0.734285116 0.055190634 0.284373939 0.113729931 0.950342536
1548265617.627030 0.302004546 -0.401745021 0.731648386 0.055685773 0.283242345 0.113814838 0.950641334
1548265617.660600 0.297638953 -0.400032192 0.732615590 0.055757824 0.282690376 0.114338435 0.950738609
1548265617.694120 0.300936252 -0.396259218 0.731166124 0.055162694 0.280681342 0.112884663 0.951541960
1548265617.727640 0.305492014 -0.389636397 0.729845345 0.054435462 0.280595809 0.111792572 0.951738000
1548265617.761190 0.302777559 -0.389057457 0.732046604 0.052052200 0.282316208 0.110599972 0.951501846
1548265617.794710 0.303963900 -0.387589365 0.731398880 0.050074022 0.282822341 0.109685741 0.951563537
1548265617.828260 0.306939155 -0.379515857 0.733327270 0.048994500 0.283945382 0.107760839 0.951505184
1548265617.861770 0.306187391 -0.383811533 0.736753523 0.046101611 0.284915954 0.107755832 0.951360166
1548265617.895290 0.310678124 -0.379156828 0.736344159 0.045241125 0.284559965 0.105957881 0.951709926
1548265617.928830 0.311130553 -0.376331389 0.737452030 0.044201739 0.286813170 0.105207369 0.951165497
1548265617.962550 0.311117738 -0.378298014 0.738382101 0.042890795 0.288601249 0.105255298 0.950679243
1548265617.996320 0.312492520 -0.373830318 0.740798712 0.043163691 0.289703667 0.104243308 0.950443029
1548265618.029850 0.313749760 -0.372116685 0.740612984 0.043093048 0.291501313 0.102591485 0.950076282
1548265618.063370 0.315541565 -0.373090625 0.739495218 0.042486433 0.293266922 0.101390399 0.949689090
1548265618.096960 0.314621061 -0.372493833 0.742709696 0.042863496 0.295102745 0.099859774 0.949265540
1548265618.130480 0.311776042 -0.370967150 0.743043065 0.043618079 0.296913773 0.097994752 0.948860705
1548265618.164030 0.315234274 -0.368653476 0.741455019 0.044680651 0.297016591 0.095936514 0.948989451
1548265618.197580 0.314162880 -0.368884563 0.740935683 0.045555368 0.298283011 0.094050743 0.948739350
1548265618.231090 0.312280744 -0.369173765 0.742737472 0.046356756 0.300199658 0.093415573 0.948158562
1548265618.264610 0.311625868 -0.371010691 0.744013429 0.047186624 0.299875617 0.092799671 0.948280632
1548265618.298160 0.315571606 -0.362774789 0.741122365 0.049476165 0.300602615 0.091528311 0.948057353
1548265618.331680 0.314245582 -0.360288352 0.742159069 0.050405573 0.302843958 0.092077166 0.947241545
1548265618.365190 0.311971515 -0.357543081 0.744758785 0.051364489 0.304104418 0.092484042 0.946746469
1548265618.398750 0.316524982 -0.354938358 0.743068755 0.051795173 0.304098666 0.092541419 0.946719229
