1548265478.104770 0.000935978 0.006051962 -0.001852717 -0.013564023 -0.009959396 -0.002524621 0.999855217
1548265478.138280 0.001254509 0.002943921 -0.002535981 -0.012461494 -0.011029581 -0.002359167 0.999858737
1548265478.171080 0.007236042 -0.002180023 -0.005092240 -0.010784754 -0.011233777 -0.001130685 0.999878099
1548265478.204590 0.015278195 -0.008164935 -0.007754897 -0.010744656 -0.009540772 0.000331765 0.999896703
1548265478.238230 0.022837576 -0.014580176 -0.008476613 -0.009096546 -0.007090909 0.002602514 0.999930097
1548265478.271750 0.021041140 -0.019963876 -0.010704429 -0.008450942 -0.001148732 0.005137648 0.999950432
1548265478.305140 0.033150031 -0.027964587 -0.013182600 -0.007204521 0.000687023 0.009051000 0.999932849
1548265478.338770 0.037966376 -0.033659382 -0.015979495 -0.006689178 0.007604898 0.013864819 0.999852583
1548265478.372270 0.027467484 -0.030232435 -0.009743800 -0.005295317 0.014792479 0.017242420 0.999727884
1548265478.405780 0.031129278 -0.037593407 -0.009779640 -0.005895358 0.017934429 0.018704651 0.999646806
1548265478.439070 0.017911329 -0.038220182 -0.005745996 -0.004570588 0.022037419 0.021559196 0.999514213
1548265478.472580 0.035014920 -0.045326497 -0.012261453 -0.006765209 0.018982562 0.022368405 0.999546672
1548265478.506330 0.049986411 -0.051870932 -0.013778045 -0.010401004 0.022307898 0.019509221 0.999506662
1548265478.539870 0.035793419 -0.065312822 -0.011090958 -0.014260436 0.030734144 0.020301169 0.999219653
1548265478.573390 0.029730284 -0.073669756 -0.005261433 -0.017575949 0.033161571 0.021104728 0.999072563
1548265478.606910 0.037543371 -0.083821294 -0.010601292 -0.016885655 0.036307037 0.020196394 0.998993884
1548265478.640420 0.029613852 -0.088187579 -0.011086455 -0.015709902 0.041072901 0.022331352 0.998783023
1548265478.673940 0.026210031 -0.098107726 -0.010437086 -0.013242094 0.041719553 0.023776354 0.998758635
1548265478.707460 0.027858112 -0.104981155 -0.016009774 -0.010175735 0.040195739 0.024753096 0.998833340
1548265478.741140 0.035068382 -0.109621406 -0.021571206 -0.007253760 0.038691764 0.023654837 0.998944833
1548265478.774650 0.039957019 -0.118993982 -0.025329610 -0.005278069 0.041082600 0.024764993 0.998834850
1548265478.808190 0.026694689 -0.121991377 -0.027328272 -0.001559863 0.045931196 0.028300843 0.998542415
1548265478.841700 0.031308709 -0.122243469 -0.030911049 0.001688423 0.039906870 0.027734227 0.998817002
1548265478.875220 0.046820243 -0.133478327 -0.038892816 0.001461317 0.038780259 0.027036801 0.998880857
1548265478.908760 0.036373010 -0.139323555 -0.041647193 0.003533334 0.041849137 0.027964626 0.998726261
1548265478.942520 0.023426433 -0.136259266 -0.041378120 0.006552901 0.038030463 0.029027683 0.998833388
1548265478.975790 0.036846800 -0.141839179 -0.046816540 0.007208988 0.032025201 0.027084973 0.999094000
1548265479.009310 0.047872347 -0.151211325 -0.050789785 0.006356261 0.029595110 0.026054448 0.999202128
1548265479.042800 0.050896027 -0.158139263 -0.053601934 0.004978307 0.031500941 0.026637853 0.999136293
1548265479.076320 0.024270232 -0.158989096 -0.050322912 0.004629179 0.033936814 0.027948100 0.999022406
1548265479.109510 0.054505840 -0.179457663 -0.057062973 0.002135064 0.023528628 0.021844378 0.999482200
1548265479.143030 0.053600360 -0.175012094 -0.058594246 0.001407896 0.029449731 0.022442369 0.999313300
1548265479.176540 0.044694190 -0.186713246 -0.054454763 -0.001369934 0.030097542 0.023317940 0.999274004
1548265479.210180 0.069930514 -0.201947076 -0.058217206 -0.004218013 0.026603543 0.021141415 0.999413578
1548265479.243570 0.062635970 -0.210777390 -0.059869052 -0.008924022 0.035700914 0.021562025 0.999090029
1548265479.277060 0.045055390 -0.214018946 -0.053477854 -0.010254979 0.037173791 0.022780291 0.998996498
1548265479.310570 0.073162105 -0.233356760 -0.054212091 -0.013857718 0.030659683 0.020472328 0.999224115
1548265479.344090 0.055100725 -0.241529027 -0.052852597 -0.016058386 0.035522515 0.024606395 0.998936837
1548265479.377640 0.067228868 -0.253353479 -0.055570254 -0.018990756 0.028485047 0.025422417 0.999090413
1548265479.411120 0.069743125 -0.258331708 -0.057232635 -0.016643962 0.025539005 0.026919015 0.999172710
1548265479.444560 0.092929775 -0.264772079 -0.064324923 -0.015671001 0.023286338 0.028839840 0.999189887
1548265479.478150 0.114275646 -0.286597196 -0.072525288 -0.017608480 0.025159188 0.033052520 0.998981725
1548265479.511700 0.055390155 -0.298047386 -0.066577710 -0.014758202 0.035210231 0.040646670 0.998443931
1548265479.545330 0.121615169 -0.287370015 -0.067146670 -0.010536233 0.017185683 0.041201191 0.998947497
1548265479.578850 0.107745714 -0.299308027 -0.072140678 -0.011220598 0.020331108 0.045774863 0.998681834
1548265479.612370 0.102714081 -0.297516646 -0.072316544 -0.006204635 0.016191879 0.049775324 0.998609905
1548265479.645880 0.117495428 -0.306772531 -0.074427186 -0.006486821 0.014080764 0.043924141 0.998914572
1548265479.679510 0.105948461 -0.311120826 -0.071278785 -0.004439651 0.022272600 0.045620625 0.998700646
1548265479.712910 0.098236867 -0.314375012 -0.069794848 -0.000827309 0.019823556 0.046497202 0.998721359
1548265479.746430 0.124038177 -0.323702235 -0.080883598 0.000729164 0.014429878 0.040233512 0.999085838
1548265479.779940 0.111589698 -0.310731666 -0.071422960 0.003536889 0.023275274 0.040751533 0.998891918
1548265479.813460 0.092717609 -0.333046044 -0.065370511 0.000102188 0.025423556 0.043424199 0.998733183
1548265479.846980 0.101657623 -0.336273410 -0.062226781 0.001294110 0.020906285 0.039493321 0.999000265
1548265479.880490 0.094414399 -0.335971536 -0.057295667 0.003204196 0.021617728 0.039205823 0.998992147
1548265479.914120 0.102065656 -0.347841125 -0.053238050 0.001000994 0.017741900 0.039175507 0.999074323
1548265479.947660 0.107614998 -0.349482000 -0.046560125 0.001222972 0.018433228 0.040605045 0.999004480
1548265479.981370 0.099944371 -0.349699670 -0.037096379 0.001569405 0.019379736 0.042612736 0.998902456
1548265480.014890 0.107258363 -0.358480231 -0.031081093 0.001543866 0.018121089 0.043817519 0.998874000
1548265480.048410 0.106113022 -0.356161375 -0.025806943 0.004373344 0.017925527 0.044881197 0.998821920
1548265480.081920 0.103898940 -0.354920953 -0.024872029 0.008274010 0.018426231 0.046711803 0.998704172
1548265480.115430 0.102560962 -0.350002089 -0.017153913 0.012564238 0.016986088 0.047394375 0.998652786
1548265480.148950 0.107562463 -0.338101682 -0.012036336 0.014752538 0.017992075 0.047300006 0.998609712
1548265480.182430 0.099874742 -0.344161612 -0.007272107 0.015440764 0.020343385 0.051542370 0.998344186
1548265480.215950 0.103055072 -0.342484660 -0.003996348 0.014915801 0.019796706 0.051095005 0.998386153
1548265480.249500 0.105060916 -0.340874202 0.004216737 0.014833994 0.018845106 0.053122963 0.998299938
1548265480.283020 0.095220535 -0.340197604 0.012789375 0.014121267 0.021902422 0.053324694 0.998237121
1548265480.316550 0.095672669 -0.336815686 0.022569919 0.012354764 0.020952427 0.051728508 0.998364922
1548265480.350070 0.098198028 -0.330543779 0.025814810 0.011488488 0.023914725 0.051750642 0.998307554
1548265480.383530 0.084268068 -0.336114336 0.038743599 0.008641325 0.029702291 0.051280529 0.998205094
1548265480.416970 0.083750359 -0.339968393 0.047940449 0.005222369 0.030161430 0.049677596 0.998296124
1548265480.450070 0.078957289 -0.341102974 0.053406629 0.004687651 0.033921120 0.049369798 0.998193371
1548265480.483490 0.072889873 -0.335014558 0.059695684 0.005181608 0.035385782 0.050762339 0.998070229
1548265480.517000 0.083956587 -0.337889420 0.063252768 0.003552278 0.034011556 0.050687628 0.998128929
1548265480.550520 0.077611799 -0.328489057 0.070014705 0.003674280 0.037806322 0.050617454 0.997995519
1548265480.584030 0.073652768 -0.330969874 0.080378534 0.001222308 0.039677361 0.050228232 0.997948565
1548265480.617550 0.074046234 -0.328046946 0.088124716 0.001711651 0.042085629 0.048469330 0.997936167
1548265480.651120 0.080839531 -0.334512038 0.089142265 -0.001396572 0.044194615 0.047285253 0.997902295
1548265480.684630 0.070774821 -0.327929149 0.102626758 -0.001702993 0.049464340 0.044349944 0.997789287
1548265480.718150 0.066280889 -0.332784792 0.110998356 -0.004331387 0.048648127 0.043217239 0.997871169
1548265480.751610 0.063962093 -0.332785277 0.117899177 -0.005104004 0.047699252 0.040051960 0.998045375
1548265480.785130 0.069309821 -0.334798484 0.126937437 -0.007505082 0.047645939 0.040623190 0.998009667
1548265480.818650 0.066902695 -0.331129439 0.137968290 -0.010213239 0.048820977 0.038896226 0.997997638
1548265480.852160 0.067464227 -0.334545682 0.149764181 -0.013059766 0.048609935 0.038999359 0.997970724
1548265480.885680 0.074279030 -0.335445668 0.158023531 -0.016235777 0.049159487 0.038088808 0.997932356
1548265480.919210 0.067293630 -0.325625433 0.168324456 -0.017465493 0.051318630 0.039482143 0.997748723
1548265480.952720 0.063352597 -0.320300658 0.180846835 -0.021481669 0.052573667 0.039232300 0.997614843
1548265480.986240 0.077528411 -0.309626484 0.183701455 -0.023428444 0.051939908 0.036869707 0.997694331
1548265481.019750 0.065244607 -0.311178892 0.197835162 -0.028185273 0.058733403 0.037656605 0.997164960
1548265481.053270 0.064718837 -0.309034779 0.209323673 -0.031038292 0.055463522 0.038945154 0.997217979
1548265481.086820 0.072869183 -0.307893770 0.216572957 -0.034398633 0.053648229 0.038053836 0.997241449
1548265481.120340 0.071376518 -0.299458166 0.225066983 -0.034735245 0.055115498 0.038396724 0.997136619
1548265481.153850 0.067698301 -0.300305253 0.235472077 -0.037751962 0.054924258 0.039278272 0.997003176
1548265481.187370 0.070990556 -0.297023644 0.244791695 -0.039607632 0.051504811 0.035848746 0.997242878
1548265481.220940 0.071556892 -0.295313739 0.251974312 -0.041173237 0.052519607 0.033288690 0.997215282
1548265481.254770 0.075257113 -0.294360271 0.260407759 -0.042185117 0.049572989 0.032217264 0.997359004
1548265481.288290 0.076262416 -0.297931201 0.266525938 -0.045311804 0.049882137 0.031077594 0.997242596
1548265481.321810 0.072236062 -0.292814859 0.273947117 -0.046483191 0.049958471 0.029515930 0.997232307
1548265481.355430 0.080881584 -0.294540113 0.280648206 -0.047168109 0.048613462 0.028059972 0.997308648
1548265481.388940 0.083147319 -0.290780818 0.285388337 -0.046305236 0.049056580 0.028269398 0.997321472
1548265481.422460 0.083424914 -0.291285187 0.292072747 -0.045588262 0.051014227 0.027075350 0.997289419
1548265481.455870 0.090087898 -0.288035530 0.295760645 -0.044927698 0.050110497 0.025841416 0.997397945
1548265481.489390 0.095227284 -0.287923441 0.301259042 -0.044343113 0.050787198 0.025091005 0.997409039
1548265481.522900 0.105610809 -0.285225097 0.304642167 -0.043538849 0.050716329 0.025261546 0.997443771
1548265481.556420 0.107195208 -0.282780160 0.308527280 -0.043179498 0.053893155 0.024016817 0.997323544
1548265481.589930 0.106331530 -0.278081796 0.316073995 -0.043136541 0.055462026 0.025515130 0.997202176
1548265481.623250 0.117323779 -0.274298531 0.319027232 -0.044990040 0.053184836 0.024999203 0.997257394
1548265481.656520 0.122949411 -0.264814246 0.320664961 -0.044342939 0.055480214 0.024438251 0.997175221
1548265481.690030 0.118446469 -0.262345016 0.329703639 -0.045833696 0.060111385 0.026049620 0.996798531
1548265481.723550 0.125220606 -0.248269028 0.332367980 -0.046252645 0.059557858 0.026526833 0.996799820
1548265481.757010 0.120675376 -0.242870096 0.339745472 -0.049343066 0.062919291 0.026435922 0.996447473
1548265481.790490 0.123213244 -0.234285074 0.347762055 -0.052009623 0.063747071 0.026510780 0.996257240
1548265481.823950 0.126555746 -0.231090631 0.351480821 -0.055995667 0.064444067 0.026053772 0.996008358
1548265481.857420 0.129501480 -0.218593109 0.357470658 -0.057465670 0.061610646 0.026108392 0.996102493
1548265481.890980 0.135298452 -0.212903949 0.358251439 -0.061415528 0.059706406 0.023839136 0.996039645
1548265481.924550 0.138187712 -0.207784694 0.359030689 -0.066391798 0.060627729 0.024284530 0.995653890
1548265481.958100 0.133903992 -0.206044175 0.365661215 -0.070607024 0.063216848 0.023903175 0.995211996
1548265481.991580 0.134971177 -0.194476385 0.374459077 -0.070753532 0.061197620 0.023065138 0.995347572
1548265482.025100 0.130012532 -0.193107995 0.377820077 -0.071363361 0.060094182 0.022934244 0.995374292
1548265482.058620 0.135314734 -0.186947614 0.379114048 -0.072514246 0.056916229 0.022250883 0.995493408
1548265482.092170 0.137858381 -0.181285544 0.380544180 -0.072568748 0.056579392 0.020458334 0.995547089
1548265482.125720 0.141544798 -0.172185118 0.378055167 -0.072814390 0.054278629 0.020817237 0.995649807
1548265482.159460 0.147011113 -0.163550216 0.377145698 -0.072483854 0.054876231 0.019039834 0.995676742
1548265482.192980 0.143190405 -0.158765162 0.376744250 -0.073987560 0.056066895 0.018478754 0.995510362
1548265482.226760 0.144357897 -0.155147388 0.377814361 -0.075344529 0.055040882 0.018165494 0.995471606
1548265482.260280 0.160271829 -0.135099147 0.376909478 -0.073443722 0.053298960 0.017136747 0.995726656
1548265482.293790 0.163889366 -0.129636033 0.373714104 -0.073152735 0.058990417 0.016786758 0.995433078
1548265482.327450 0.162894017 -0.122422622 0.376495659 -0.074430599 0.066072989 0.016431117 0.994899223
1548265482.360970 0.152118165 -0.116498483 0.381721709 -0.076035209 0.070719696 0.017548028 0.994439258
1548265482.394480 0.158471267 -0.111613518 0.382472488 -0.076634679 0.067896872 0.015550333 0.994623209
1548265482.428010 0.177062751 -0.096636285 0.379626615 -0.074409119 0.067190355 0.013401842 0.994871414
1548265482.461520 0.170847421 -0.089334968 0.384881199 -0.074980808 0.079765536 0.014648885 0.993881657
1548265482.495110 0.161914431 -0.070119624 0.388485534 -0.073262581 0.078049560 0.016656133 0.994114397
1548265482.528630 0.172685257 -0.063432976 0.388261641 -0.074412931 0.073826328 0.017651431 0.994334358
1548265482.562070 0.172831346 -0.060291057 0.391540645 -0.076004764 0.076662514 0.019334836 0.993967957
1548265482.595590 0.174830036 -0.062197038 0.391489120 -0.077353928 0.077174694 0.023157768 0.993742499
1548265482.629070 0.169776166 -0.061799441 0.394020663 -0.079033494 0.076768848 0.026731212 0.993552059
1548265482.662420 0.180673390 -0.072110798 0.396136633 -0.079711189 0.070203141 0.031950469 0.993829368
1548265482.695890 0.190859885 -0.079798132 0.393939278 -0.077305827 0.070302583 0.034349189 0.993932336
1548265482.729040 0.179810926 -0.091065578 0.393468937 -0.077099174 0.072015945 0.040188138 0.993606730
1548265482.762460 0.178964875 -0.096589923 0.387954550 -0.073392251 0.067513779 0.041225335 0.994160922
1548265482.795960 0.192008452 -0.104261926 0.387181915 -0.071530667 0.060128825 0.039307087 0.994848150
1548265482.829460 0.188667981 -0.116684422 0.383334600 -0.067851526 0.058710396 0.038962452 0.995204093
1548265482.862990 0.169785911 -0.121151656 0.384569368 -0.063715925 0.058930702 0.038264272 0.995491486
1548265482.896500 0.182737767 -0.133327972 0.371194008 -0.059038540 0.050841860 0.037355866 0.996260054
1548265482.930010 0.187136734 -0.139821682 0.373219556 -0.054821086 0.049463797 0.033987710 0.996690933
1548265482.963530 0.165424020 -0.143812503 0.371952411 -0.051221354 0.052397573 0.033059934 0.996763717
1548265482.997040 0.175180301 -0.153284715 0.366567213 -0.049441958 0.046082041 0.030327697 0.997252310
1548265483.030550 0.185629706 -0.156582211 0.362228571 -0.045846308 0.043273655 0.028825217 0.997594413
1548265483.064070 0.170410092 -0.176022693 0.355172479 -0.045771223 0.045959924 0.029677731 0.997452712
1548265483.097580 0.171027486 -0.166202574 0.359145863 -0.039074618 0.038787795 0.027271370 0.998110692
1548265483.131100 0.179384240 -0.171463808 0.358190598 -0.035263465 0.035655908 0.021754198 0.998504832
1548265483.164620 0.168644839 -0.195450406 0.353693912 -0.035335142 0.040528758 0.021881023 0.998313612
1548265483.198130 0.167123889 -0.194654078 0.355846115 -0.030011678 0.039349881 0.019271120 0.998588759
1548265483.231630 0.168247972 -0.212114790 0.347825289 -0.028301132 0.040194266 0.016620852 0.998652699
1548265483.265150 0.163030952 -0.221390415 0.343254857 -0.025154227 0.043892368 0.015137579 0.998604816
1548265483.298680 0.166218027 -0.233305915 0.340347027 -0.021656659 0.046116136 0.014568812 0.998595033
1548265483.332200 0.169517618 -0.247338742 0.336565420 -0.020031040 0.048798431 0.013975694 0.998509965
1548265483.365720 0.174469904 -0.269275230 0.324815452 -0.018429770 0.053538121 0.013673846 0.998302078
1548265483.399210 0.170208271 -0.277081111 0.325169150 -0.015318587 0.059286108 0.017160631 0.997975957
1548265483.432710 0.168409918 -0.287257932 0.315935560 -0.010992539 0.061030375 0.017780588 0.997916985
1548265483.466230 0.169364178 -0.285234687 0.310696394 -0.003591099 0.062997686 0.018319576 0.997839060
1548265483.499730 0.176383648 -0.296099658 0.306320817 0.002285256 0.070391629 0.021117544 0.997293260
1548265483.533240 0.175468580 -0.298905433 0.299394306 0.005675823 0.076085150 0.021919661 0.996844202
1548265483.566760 0.222444887 -0.290195089 0.287405567 0.012744965 0.080489620 0.024425562 0.996374618
1548265483.600240 0.203924018 -0.311655989 0.294955197 0.013879462 0.095763415 0.026465460 0.994955430
1548265483.633720 0.193400380 -0.314642308 0.282392675 0.017675413 0.102999148 0.027179994 0.994152907
1548265483.667240 0.197582276 -0.324615065 0.271222351 0.023169539 0.109934761 0.029569987 0.993228643
1548265483.700750 0.195747586 -0.314522192 0.269481085 0.030289680 0.118963553 0.031015285 0.991951743
1548265483.734280 0.198650773 -0.314766291 0.259591102 0.035438087 0.126528426 0.033710057 0.990756444
1548265483.767800 0.203964024 -0.325978329 0.254758510 0.037730679 0.136109242 0.037125392 0.989278715
1548265483.801310 0.221394777 -0.318154596 0.244800543 0.042304061 0.142989025 0.040463615 0.987991498
1548265483.834830 0.222206820 -0.329100023 0.240661648 0.040724274 0.154718094 0.043838161 0.986145050
1548265483.868370 0.277879118 -0.332812694 0.214315748 0.040717203 0.156005058 0.047594967 0.985768355
1548265483.901900 0.282424817 -0.334880653 0.215333516 0.040135148 0.169819921 0.051721682 0.983298140
1548265483.935450 0.237269138 -0.331479681 0.220747762 0.039840880 0.188927757 0.053130074 0.979742927
1548265483.969520 0.251568530 -0.334163831 0.208161520 0.039566276 0.194277142 0.056407114 0.978523960
1548265484.003120 0.247011873 -0.327676649 0.207743219 0.040043330 0.206394812 0.058541688 0.975894761
1548265484.036640 0.257391885 -0.321781354 0.206389823 0.041352834 0.215512274 0.063219620 0.973574693
1548265484.070150 0.235737750 -0.328794098 0.214882923 0.039539510 0.228105514 0.064977060 0.970660849
1548265484.103670 0.252334880 -0.319880741 0.202289500 0.039576174 0.230368440 0.066744632 0.970004774
1548265484.137180 0.238602755 -0.330082853 0.209800730 0.035703610 0.239689640 0.067656027 0.967830972
1548265484.170700 0.239118485 -0.328788743 0.215254708 0.033402756 0.243719402 0.068389934 0.966854656
1548265484.204220 0.250651619 -0.322378284 0.203042830 0.030819207 0.246324059 0.069554229 0.966197104
1548265484.237640 0.238963902 -0.319406593 0.215547423 0.029077644 0.254355003 0.071548276 0.964022234
1548265484.270390 0.244376579 -0.316764751 0.220169408 0.026463147 0.254963834 0.072415181 0.963871976
1548265484.303240 0.252331138 -0.312711787 0.213676639 0.023029375 0.254892839 0.071644101 0.964036520
1548265484.336760 0.254471490 -0.299558599 0.218296526 0.022229883 0.258859895 0.072946612 0.962899880
1548265484.370280 0.246023251 -0.298503675 0.226556095 0.017250882 0.262619124 0.073797638 0.961918662
1548265484.403790 0.252416227 -0.294508653 0.224106455 0.013705682 0.260223747 0.071918162 0.962768681
1548265484.437230 0.254325564 -0.290427686 0.225441261 0.009737810 0.262797197 0.072556152 0.962069859
1548265484.470750 0.257363284 -0.289767240 0.229889557 0.006325974 0.263196403 0.074930996 0.961807144
1548265484.504260 0.257380805 -0.285028049 0.232244394 0.004182740 0.263802905 0.075609270 0.961599589
1548265484.537780 0.257627073 -0.281232154 0.232480239 0.002239559 0.264305299 0.076353006 0.961409336
1548265484.571370 0.257440232 -0.280835859 0.236946279 -0.000098941 0.266262234 0.076008613 0.960899112
1548265484.605080 0.258238196 -0.275489678 0.237939537 -0.000196020 0.270537409 0.077325730 0.959598980
1548265484.638680 0.262710530 -0.269550912 0.237683946 -0.000044332 0.271633462 0.079038177 0.959149742
1548265484.672340 0.263044257 -0.264228317 0.237110939 -0.001560779 0.275547555 0.078513957 0.958074458
1548265484.705900 0.260616649 -0.258953527 0.240751450 -0.003054030 0.277361050 0.078769490 0.957526442
1548265484.739500 0.260057965 -0.257550546 0.244782186 -0.004261938 0.277681382 0.079048592 0.957405978
1548265484.773020 0.259922401 -0.254786623 0.243411486 -0.006222740 0.276813832 0.078966506 0.957653210
1548265484.806560 0.262165849 -0.243546931 0.237689271 -0.005837709 0.276723091 0.078111301 0.957751991
1548265484.840080 0.259276549 -0.240587928 0.239640544 -0.007734751 0.280974594 0.078248943 0.956488658
1548265484.873590 0.262557226 -0.231870226 0.240000709 -0.008904963 0.284244943 0.077925734 0.955538117
1548265484.907210 0.260666345 -0.223371012 0.234995414 -0.009678520 0.288505238 0.075687683 0.954433040
1548265484.941020 0.258149320 -0.218090784 0.241289931 -0.010906422 0.294216455 0.076215361 0.952632640
1548265484.974530 0.252164203 -0.218293074 0.249136862 -0.013392639 0.297440138 0.077967617 0.951457331
1548265485.008110 0.244796168 -0.209884988 0.254874138 -0.013689152 0.294986673 0.079562803 0.952084676
1548265485.041630 0.267942279 -0.183170717 0.241210521 -0.014695447 0.291809291 0.079635650 0.953042258
1548265485.075140 0.276859207 -0.164648682 0.238936013 -0.014667690 0.295010330 0.082681175 0.951797031
1548265485.108660 0.252007801 -0.180924397 0.255017561 -0.021028915 0.304859568 0.088269279 0.948064852
1548265485.142170 0.257618940 -0.165118942 0.254658921 -0.021329766 0.303759693 0.091563636 0.948098724
1548265485.175660 0.273238450 -0.151378620 0.246637521 -0.025855521 0.304723510 0.091102416 0.947721174
1548265485.209180 0.273758850 -0.143350770 0.249414530 -0.029922295 0.310863309 0.092321721 0.945486837
1548265485.242690 0.271408157 -0.136186135 0.252738109 -0.034741092 0.316548788 0.090573207 0.943602891
1548265485.276210 0.268436536 -0.140892981 0.267383176 -0.041105268 0.321124877 0.094159754 0.941447349
1548265485.309730 0.263376917 -0.135869461 0.276117771 -0.044062454 0.319094336 0.094056716 0.942014139
1548265485.343210 0.267859506 -0.135839542 0.274051041 -0.047778964 0.314633425 0.091379356 0.943595672
1548265485.376720 0.266314404 -0.132505471 0.273740303 -0.049239206 0.313135134 0.088185033 0.944322661
1548265485.410240 0.267250250 -0.128262363 0.270206382 -0.050439541 0.311456912 0.087116467 0.944913311
1548265485.443760 0.267457139 -0.121593626 0.270632012 -0.052093430 0.313567885 0.084844914 0.944331931
1548265485.477280 0.260771577 -0.117992575 0.278621834 -0.052114402 0.316653328 0.084727027 0.943311237
1548265485.510800 0.264569202 -0.106375735 0.276479933 -0.051880801 0.315058780 0.083601143 0.943958260
1548265485.544310 0.266259896 -0.102199967 0.272748511 -0.053287171 0.317051949 0.081370667 0.943407311
1548265485.577850 0.266364436 -0.094876966 0.275489945 -0.055195545 0.320198203 0.081180210 0.942250676
1548265485.611350 0.268227241 -0.090473110 0.272706152 -0.058698946 0.322355624 0.081046609 0.941314364
1548265485.644880 0.268380308 -0.079949130 0.280990552 -0.060760384 0.326140499 0.080108541 0.939959133
1548265485.678430 0.277901972 -0.072542003 0.273889491 -0.064174883 0.330389958 0.079990364 0.938256682
1548265485.711940 0.264681337 -0.065877074 0.283639585 -0.065819114 0.339906749 0.082644696 0.934505805
1548265485.745460 0.271421103 -0.065812924 0.283187363 -0.068890893 0.341097229 0.083428661 0.933780694
1548265485.778980 0.275165143 -0.055839994 0.289581908 -0.071024859 0.348866627 0.084952538 0.930607657
1548265485.812490 0.286048758 -0.045907700 0.270127718 -0.072905410 0.350217987 0.090335080 0.929447005
1548265485.846020 0.291950330 -0.039555124 0.281146207 -0.075048868 0.356114343 0.094508013 0.926616683
1548265485.879560 0.287667026 -0.039912531 0.285161239 -0.078299803 0.361724158 0.098931031 0.923708518
1548265485.913070 0.296522894 -0.034220782 0.289263064 -0.079275311 0.362319993 0.105022245 0.922718795
1548265485.946620 0.308337396 -0.023165387 0.290928101 -0.080033333 0.364572585 0.109376189 0.921259109
1548265485.980140 0.310127088 -0.019748946 0.290774373 -0.083668771 0.367567595 0.115343565 0.919015485
1548265486.013690 0.320483555 -0.023258212 0.305904344 -0.088249007 0.369076712 0.121803320 0.917146905
1548265486.047210 0.334993981 -0.021742309 0.300866543 -0.089071050 0.369707926 0.125280768 0.916344437
1548265486.080780 0.341546836 -0.031857373 0.302091480 -0.089872136 0.373895863 0.132468494 0.913551849
1548265486.114320 0.346762076 -0.033361731 0.303260155 -0.088809206 0.377508508 0.136471062 0.911578795
1548265486.147870 0.356361585 -0.042303000 0.296255325 -0.089471970 0.378877328 0.140746633 0.910295074
1548265486.181480 0.363035091 -0.045434671 0.296305917 -0.087502459 0.382287229 0.143969996 0.908555136
1548265486.214990 0.369110598 -0.048159458 0.293071323 -0.085564966 0.384706478 0.146355499 0.907336559
1548265486.248420 0.375390662 -0.053274304 0.291900527 -0.084154598 0.388846164 0.149003845 0.905270412
1548265486.281900 0.380159775 -0.061716924 0.292265585 -0.080524046 0.390175200 0.154395169 0.904124617
1548265486.315450 0.388329077 -0.066561869 0.284247671 -0.075443322 0.389592009 0.156781019 0.904403717
1548265486.348960 0.391338011 -0.069263480 0.282739267 -0.070979013 0.392696195 0.160733061 0.902727290
1548265486.382480 0.398632391 -0.077226406 0.280016011 -0.068969331 0.393357205 0.163693387 0.902063089
1548265486.416000 0.404688564 -0.083498987 0.275222979 -0.065400704 0.392684655 0.165393980 0.902311665
1548265486.449710 0.405047683 -0.095107437 0.273853720 -0.061225124 0.393655240 0.168216590 0.901659701
1548265486.483330 0.410779032 -0.095010868 0.272509689 -0.056319623 0.392415753 0.169718092 0.902238187
1548265486.516740 0.421607730 -0.101004874 0.264666659 -0.055679071 0.390875022 0.168811599 0.903116384
1548265486.550380 0.417874031 -0.110485473 0.268790757 -0.053585351 0.395128878 0.168161493 0.901511782
1548265486.583950 0.423298321 -0.116150322 0.264444280 -0.050426693 0.393593378 0.169301777 0.902152044
1548265486.617410 0.423270421 -0.123376662 0.256609582 -0.048910783 0.392024266 0.168955138 0.902983318
1548265486.650860 0.426767074 -0.132444149 0.247775955 -0.047887391 0.390393241 0.169452745 0.903651306
1548265486.684320 0.422331074 -0.136104526 0.252786017 -0.045764529 0.391081468 0.169135471 0.903523152
1548265486.717840 0.420891579 -0.142177102 0.246137034 -0.043691373 0.388106342 0.165000521 0.905670668
1548265486.751350 0.424246992 -0.149899557 0.241237315 -0.043134785 0.385615456 0.162457591 0.907219732
1548265486.784870 0.415336502 -0.158399767 0.247071838 -0.043734815 0.385150976 0.158664503 0.908059231
1548265486.818220 0.418461434 -0.166967432 0.243241631 -0.044115610 0.380695128 0.155116357 0.910529488
1548265486.851740 0.416656954 -0.176452547 0.244151890 -0.043222579 0.379334550 0.151756410 0.911705599
1548265486.885250 0.413468237 -0.183540600 0.248526456 -0.040425582 0.376068228 0.149542022 0.913551117
1548265486.918770 0.414788031 -0.186677551 0.246349996 -0.038484967 0.371420280 0.147517266 0.915862729
1548265486.952170 0.421264085 -0.198149978 0.239298352 -0.038565714 0.367102763 0.145184798 0.917970382
1548265486.985690 0.420396800 -0.203968476 0.238153304 -0.036840360 0.366101049 0.143817086 0.918656332
1548265487.019320 0.420456344 -0.207354434 0.238405521 -0.035028226 0.365503954 0.142671559 0.919143465
1548265487.052830 0.422079259 -0.214295071 0.234431864 -0.034024986 0.363465401 0.140433207 0.920333482
1548265487.086350 0.424983047 -0.217382303 0.229249640 -0.031476342 0.361119601 0.140407747 0.921350931
1548265487.119930 0.429483795 -0.225178261 0.225098992 -0.031899663 0.358671641 0.140009324 0.922352674
1548265487.153390 0.426721190 -0.230857427 0.228184619 -0.031243365 0.359934925 0.141405544 0.921669775
1548265487.186960 0.434422392 -0.238507748 0.222796255 -0.032497581 0.356071827 0.141861046 0.923055905
1548265487.220470 0.435245679 -0.243874994 0.225393084 -0.030560238 0.356293036 0.143077645 0.922848922
1548265487.253990 0.439695275 -0.252322999 0.224111601 -0.031108987 0.352862747 0.143802999 0.924035070
1548265487.287510 0.443575428 -0.261820586 0.214113836 -0.030796744 0.349799856 0.145109546 0.925005319
1548265487.321020 0.444562249 -0.271432645 0.216179426 -0.030861661 0.348144770 0.146384273 0.925426616
1548265487.354480 0.445697847 -0.274643267 0.219404259 -0.029975171 0.345848741 0.146908728 0.926233212
1548265487.388000 0.456878559 -0.276745987 0.212178534 -0.028961654 0.341665717 0.147021931 0.927798638
1548265487.421570 0.455155498 -0.284090184 0.216260099 -0.029262205 0.342618243 0.148249770 0.927242400
1548265487.455090 0.461097818 -0.289925068 0.212320660 -0.029877779 0.341612820 0.149389771 0.927410748
1548265487.488600 0.465751352 -0.294861986 0.211623907 -0.029862917 0.341200245 0.149925259 0.927476693
1548265487.522120 0.473143106 -0.298485931 0.207309131 -0.027864422 0.339317014 0.150092451 0.928202453
1548265487.555580 0.480327837 -0.310285393 0.201265554 -0.029370698 0.340084634 0.152311147 0.927513406
1548265487.588610 0.484491198 -0.313469851 0.202041392 -0.028372232 0.343615753 0.154365830 0.925901950
1548265487.621930 0.491399731 -0.323919219 0.193235552 -0.024760423 0.344470702 0.157656035 0.925133197
1548265487.655450 0.495091221 -0.335798447 0.188584284 -0.023649728 0.346642375 0.160967437 0.923779864
1548265487.688960 0.492223888 -0.340254444 0.185348886 -0.019685556 0.349588924 0.162066086 0.922569589
1548265487.722680 0.499373476 -0.349731010 0.173776646 -0.017001384 0.347576855 0.162721790 0.923267514
1548265487.756650 0.504017249 -0.355247034 0.166498541 -0.015263397 0.349774824 0.164336566 0.922181161
1548265487.790790 0.501348387 -0.354872681 0.167150816 -0.010517596 0.353319938 0.165313756 0.920720242
1548265487.824810 0.509136074 -0.363656671 0.150674213 -0.009689392 0.354319305 0.165996319 0.920222347
1548265487.858330 0.506752233 -0.359141819 0.151718197 -0.006460858 0.359091678 0.165289435 0.918526443
1548265487.891340 0.504784775 -0.361953822 0.150395539 -0.003647470 0.361522877 0.164721825 0.917689831
1548265487.924230 0.512877623 -0.372608747 0.135003567 -0.003619529 0.362349011 0.162654190 0.917732917
1548265487.957740 0.512373887 -0.365367834 0.134187880 -0.000358090 0.369033260 0.164428084 0.914755557
1548265487.991210 0.509820351 -0.362291962 0.133981541 0.000268210 0.374097669 0.166556076 0.912310219
1548265488.024720 0.517676677 -0.361119590 0.127579918 0.001734805 0.374091899 0.165834925 0.912442337
1548265488.058290 0.520159122 -0.368860690 0.102339491 -0.002300320 0.376273813 0.163170680 0.912024153
1548265488.091810 0.518435080 -0.355172372 0.120658964 -0.000899567 0.381535387 0.165256627 0.909461481
1548265488.125320 0.522999597 -0.352111909 0.118752351 -0.000482728 0.380954125 0.166695837 0.909442807
1548265488.158800 0.528208895 -0.348650733 0.109748905 -0.002113585 0.382698126 0.164649932 0.909080897
1548265488.192300 0.526249174 -0.341124975 0.112690958 -0.001915666 0.385874721 0.168549333 0.907021583
1548265488.225580 0.525590100 -0.335958793 0.115836660 -0.004948246 0.387705019 0.168302217 0.906275177
1548265488.259090 0.535163144 -0.320995554 0.104356464 -0.005683509 0.384896436 0.166621502 0.907777344
1548265488.292600 0.532549870 -0.323998204 0.108885505 -0.011484282 0.389621173 0.166600491 0.905708413
1548265488.326120 0.526789584 -0.309841955 0.118913114 -0.013643464 0.392648402 0.167379511 0.904226292
1548265488.359640 0.530766069 -0.307679177 0.116721691 -0.016823035 0.390625244 0.167692402 0.904990698
1548265488.393170 0.532456633 -0.299416783 0.120279345 -0.020154849 0.389780614 0.167061383 0.905403418
1548265488.426690 0.526638347 -0.292281154 0.126403027 -0.022830394 0.391425217 0.171201435 0.903855708
1548265488.460220 0.530267594 -0.286726595 0.125089237 -0.024760230 0.386193069 0.171883864 0.905923717
1548265488.493720 0.541882110 -0.272563565 0.124358824 -0.026450079 0.384985358 0.170021284 0.906741104
1548265488.527240 0.533465858 -0.264956186 0.129818067 -0.028046746 0.384333430 0.172974498 0.906411064
1548265488.560750 0.524132520 -0.265438758 0.140351857 -0.030650473 0.382508531 0.174953057 0.906718920
1548265488.594270 0.533964631 -0.249607042 0.135299453 -0.031769976 0.376103171 0.171257686 0.910059272
1548265488.627780 0.540523866 -0.237409855 0.128633216 -0.036769703 0.374038253 0.172180313 0.910547810
1548265488.661300 0.534195552 -0.221662033 0.141390879 -0.039104771 0.376030090 0.172085376 0.909647630
1548265488.694830 0.520650552 -0.226522954 0.158529067 -0.043611251 0.376491277 0.168857993 0.909856777
1548265488.728340 0.536375274 -0.203955800 0.154557082 -0.046143946 0.368388040 0.166920489 0.913399441
1548265488.761860 0.531115783 -0.194529907 0.161819422 -0.050694685 0.367263127 0.167751945 0.913458882
1548265488.795380 0.534542571 -0.201894534 0.165971642 -0.058890073 0.365009493 0.170010767 0.913452992
1548265488.828890 0.557295156 -0.195104925 0.151370764 -0.065693852 0.358030150 0.165303640 0.916609751
1548265488.862410 0.533344680 -0.191964616 0.176448207 -0.070638666 0.366701377 0.167996323 0.912314373
1548265488.895950 0.532001495 -0.183925208 0.187618369 -0.072186785 0.358252452 0.169477858 0.915271274
1548265488.929460 0.539180710 -0.183905557 0.182768443 -0.076385043 0.348190951 0.169850776 0.918737776
1548265488.962980 0.544164508 -0.171100861 0.182261997 -0.076873778 0.342611164 0.169505136 0.920856135
1548265488.996530 0.533513816 -0.155918622 0.197697190 -0.075464287 0.343307261 0.169153975 0.920778040
1548265489.030010 0.523363095 -0.143484161 0.217702581 -0.075819811 0.338867051 0.167182835 0.922751525
1548265489.063560 0.534087603 -0.145095539 0.200877845 -0.079159583 0.327748855 0.162179964 0.927368377
1548265489.097080 0.536547073 -0.138649218 0.201547479 -0.081219327 0.327427174 0.159606789 0.927750257
1548265489.130590 0.520061710 -0.130762616 0.219236643 -0.080976743 0.328233367 0.157260741 0.927887215
1548265489.164110 0.511883205 -0.128637275 0.219092300 -0.082967195 0.320726027 0.152828960 0.931071731
1548265489.197620 0.523514219 -0.112056647 0.214969954 -0.084073944 0.318502552 0.148568681 0.932424283
1548265489.231140 0.506229997 -0.107420997 0.234032520 -0.084931287 0.325128142 0.146840364 0.930331272
1548265489.264620 0.496411700 -0.102312051 0.241010108 -0.087474707 0.319705556 0.143671038 0.932467247
1548265489.298280 0.466099914 -0.097025912 0.264187520 -0.088109033 0.315174321 0.140506354 0.934430260
1548265489.331660 0.495693925 -0.086717576 0.242884031 -0.086895950 0.297145798 0.137194769 0.940920328
1548265489.365090 0.485781228 -0.081960965 0.250639733 -0.088956915 0.298431960 0.134380531 0.940726796
1548265489.398530 0.453876190 -0.082025260 0.269738845 -0.092630701 0.296669297 0.132221550 0.941235541
1548265489.431970 0.446011887 -0.070625043 0.279416767 -0.092746053 0.287761907 0.127864469 0.944585587
1548265489.465340 0.465489646 -0.064029166 0.272092787 -0.092404973 0.275458235 0.124527894 0.948723819
1548265489.498610 0.462892860 -0.059779048 0.270438164 -0.092789629 0.268960822 0.121831463 0.950898131
1548265489.532120 0.447074083 -0.063232440 0.277270560 -0.095388891 0.267017333 0.118869399 0.951563329
1548265489.565640 0.418009878 -0.049994411 0.300991425 -0.095901166 0.261640898 0.112084612 0.953826004
1548265489.599160 0.436408073 -0.038035522 0.287658578 -0.098206616 0.248755870 0.106271575 0.957696366
1548265489.632670 0.428014713 -0.033823043 0.294909732 -0.101731172 0.246254396 0.101177568 0.958526286
1548265489.666190 0.428983849 -0.038646315 0.296090693 -0.106261532 0.239591455 0.096633761 0.960190782
1548265489.699700 0.427975622 -0.040563235 0.299356686 -0.110049234 0.234646493 0.092401773 0.961401114
1548265489.733310 0.417113678 -0.038153983 0.307250798 -0.111213088 0.232502812 0.087302528 0.962264184
1548265489.766980 0.407446417 -0.038835322 0.315366314 -0.111277615 0.228368189 0.083733811 0.963563133
1548265489.800500 0.401652424 -0.043335287 0.319444205 -0.112625528 0.223460792 0.079910361 0.964880873
1548265489.834020 0.388736423 -0.049636733 0.322998759 -0.113339595 0.219673504 0.078204209 0.965806290
1548265489.867530 0.390211718 -0.045485882 0.320967328 -0.111533409 0.212385793 0.073684608 0.967999562
1548265489.901050 0.384961035 -0.049411651 0.321575920 -0.111534815 0.206508299 0.072633768 0.969349598
1548265489.934980 0.390120201 -0.052776333 0.318180504 -0.110619872 0.200130175 0.070537698 0.970945720
1548265489.968490 0.386045103 -0.052439319 0.318963795 -0.108148677 0.198936266 0.069913493 0.971514451
1548265490.002010 0.377004586 -0.058609699 0.322619159 -0.107762494 0.197191847 0.068943423 0.971982214
1548265490.035320 0.380884847 -0.060844930 0.322756735 -0.106378558 0.193841501 0.067126722 0.972935290
1548265490.068470 0.374877183 -0.064644177 0.323317472 -0.102861345 0.192156769 0.066075755 0.973719320
1548265490.101970 0.369155294 -0.069928678 0.324023228 -0.099554099 0.191007886 0.066039924 0.974291382
1548265490.135480 0.383894479 -0.069500728 0.316519592 -0.096734950 0.184736264 0.066622596 0.975743968
1548265490.168720 0.377483900 -0.070979792 0.310531552 -0.094898413 0.189014288 0.065984224 0.975148180
1548265490.202230 0.378316392 -0.075202820 0.311850486 -0.093791767 0.192938031 0.067721709 0.974367380
1548265490.235680 0.374626181 -0.083000865 0.312736288 -0.093913301 0.196512389 0.070600481 0.973436564
1548265490.269200 0.383389937 -0.077083299 0.306124751 -0.089738576 0.199086755 0.071044245 0.973274970
1548265490.302720 0.368406611 -0.088019683 0.316575605 -0.090722957 0.206399335 0.073283844 0.971492737
1548265490.336240 0.368336993 -0.092515408 0.317640704 -0.088112442 0.206349602 0.074124908 0.971679750
1548265490.369810 0.370186883 -0.105693877 0.308848401 -0.088639350 0.207740541 0.073362630 0.971393256
1548265490.403330 0.361576978 -0.109026001 0.310160468 -0.085548518 0.211569990 0.074444862 0.970761326
1548265490.436850 0.353449799 -0.117333419 0.314811673 -0.083599114 0.212516693 0.076356747 0.970575855
1548265490.470580 0.364117004 -0.120833222 0.302606704 -0.081143693 0.210811772 0.074802844 0.971276805
1548265490.504100 0.355464188 -0.120259149 0.304745921 -0.078062618 0.214659881 0.077262464 0.970493624
1548265490.537620 0.343533771 -0.132544292 0.311397514 -0.076501673 0.214900721 0.078138711 0.970494470
1548265490.571150 0.353375461 -0.129236194 0.301543267 -0.073169086 0.210010296 0.076171925 0.971977262
1548265490.604860 0.345302966 -0.133116392 0.303360072 -0.069994076 0.211574819 0.078137472 0.971715730
1548265490.638370 0.331051704 -0.149637243 0.307089316 -0.070491565 0.210397105 0.080096171 0.971776003
1548265490.671890 0.339431542 -0.142230163 0.298904125 -0.065432021 0.204287269 0.076594635 0.973713831
1548265490.705410 0.335275625 -0.146490267 0.296817316 -0.064491113 0.205887364 0.075977570 0.973487904
1548265490.738930 0.327138100 -0.154196044 0.303748238 -0.062308672 0.205890722 0.077530948 0.973506853
1548265490.772440 0.328712166 -0.156315559 0.299623831 -0.061180404 0.202203666 0.077103124 0.974384803
1548265490.805950 0.324307122 -0.161908247 0.295239850 -0.059035518 0.200569784 0.076289461 0.974918708
1548265490.839470 0.314054705 -0.166856821 0.299129862 -0.057024490 0.202026871 0.076017779 0.974758764
1548265490.872990 0.316851443 -0.174166330 0.295442725 -0.055059731 0.196901852 0.073062309 0.976145474
1548265490.906540 0.317037480 -0.175149631 0.288045862 -0.050866774 0.195419729 0.070621821 0.976850172
1548265490.940050 0.309076874 -0.175893779 0.288879337 -0.049037366 0.196700577 0.068578822 0.976832209
1548265490.973540 0.302438573 -0.187748833 0.289727220 -0.049053997 0.195014176 0.066835663 0.977290218
1548265491.007050 0.306593139 -0.186498914 0.282734232 -0.046276319 0.192024656 0.065009705 0.978140466
1548265491.040500 0.301974700 -0.189708115 0.280802086 -0.046082449 0.192159239 0.063153288 0.978244804
1548265491.073990 0.291048955 -0.199193625 0.283923437 -0.045869777 0.193095608 0.062714147 0.978098658
1548265491.107510 0.288022347 -0.197586512 0.280645563 -0.045911150 0.188572400 0.060003075 0.979148736
1548265491.141050 0.288928973 -0.199890142 0.277939452 -0.045827495 0.185591435 0.057413588 0.979877207
1548265491.174600 0.274015985 -0.214256433 0.281284078 -0.048879457 0.183616114 0.059485516 0.979978262
1548265491.208120 0.275658560 -0.224401161 0.285015716 -0.048063172 0.176443227 0.059068267 0.981360616
1548265491.241740 0.282885874 -0.221434515 0.277516174 -0.046358817 0.171166359 0.058195430 0.982428740
1548265491.275250 0.269823651 -0.228131208 0.283911484 -0.045950319 0.171643030 0.059304744 0.982298420
1548265491.308780 0.266782436 -0.240108351 0.288064759 -0.048103234 0.165738465 0.058121472 0.983279581
1548265491.342300 0.268773103 -0.242457370 0.277543517 -0.047067245 0.158787345 0.054345471 0.984691740
1548265491.375810 0.267211993 -0.251068190 0.276346229 -0.048084601 0.158201163 0.054858393 0.984708495
1548265491.409320 0.257535844 -0.258368766 0.284769010 -0.047441536 0.155719993 0.055755096 0.985084744
1548265491.442780 0.256079227 -0.262941557 0.282369482 -0.046855642 0.147988749 0.053517010 0.986427802
1548265491.476300 0.247798771 -0.270454014 0.280713533 -0.045296125 0.145486014 0.050944446 0.987008989
1548265491.509810 0.242186886 -0.283194325 0.275786954 -0.047775638 0.141652533 0.049431659 0.987526485
1548265491.543330 0.241828311 -0.285742683 0.274863253 -0.046126820 0.134574363 0.046597505 0.988731880
1548265491.576900 0.237425506 -0.291700832 0.275805882 -0.045544486 0.131534990 0.044844744 0.989248803
1548265491.610420 0.224635836 -0.303425822 0.274116823 -0.046970457 0.128466692 0.043675076 0.989637597
1548265491.643930 0.226701948 -0.295819176 0.270771873 -0.043529004 0.118905655 0.039619859 0.991159391
1548265491.677390 0.221882401 -0.291862489 0.268852061 -0.043778699 0.115801984 0.037208492 0.991609224
1548265491.710820 0.206387101 -0.294816944 0.270017284 -0.045525374 0.115883834 0.034725446 0.991611073
1548265491.744200 0.203392501 -0.304927779 0.269540026 -0.047682057 0.106226643 0.031884616 0.992686100
1548265491.777720 0.203044972 -0.298790562 0.264251449 -0.046253746 0.099616448 0.028328139 0.993546512
1548265491.811240 0.191630565 -0.300288455 0.264930088 -0.045574993 0.096697534 0.027123173 0.993899814
1548265491.844750 0.181746966 -0.289309640 0.265927091 -0.044481510 0.089531200 0.026152350 0.994646477
1548265491.878270 0.188659950 -0.288408901 0.270050962 -0.045162032 0.077217023 0.021695865 0.995754594
1548265491.911910 0.182791340 -0.286599459 0.266319244 -0.047359779 0.071785764 0.019565065 0.996102938
1548265491.946040 0.159715144 -0.266301790 0.266849995 -0.046267722 0.068639488 0.016376017 0.996433512
1548265491.979610 0.176047392 -0.262345986 0.265505271 -0.049985870 0.054457675 0.014451919 0.997159424
1548265492.013130 0.181606223 -0.260809337 0.264409554 -0.052360748 0.051893338 0.012468378 0.997201070
1548265492.046640 0.167989962 -0.259254254 0.267624796 -0.054706808 0.050481109 0.012750445 0.997144046
1548265492.080110 0.165041518 -0.248886475 0.269348943 -0.056579741 0.045871563 0.011982512 0.997271754
1548265492.113140 0.168002251 -0.252429604 0.266465357 -0.059767144 0.041300256 0.009117658 0.997315921
1548265492.146660 0.159029632 -0.247202527 0.269435452 -0.062392118 0.039267575 0.005618923 0.997263109
1548265492.180180 0.150262685 -0.240227824 0.269863242 -0.064151009 0.034577066 0.004639434 0.997330211
1548265492.213690 0.156540954 -0.238163253 0.268557736 -0.065696586 0.028959891 0.001173517 0.997418621
1548265492.247210 0.147062619 -0.232954967 0.271846435 -0.067323715 0.028779058 0.000207002 0.997316018
1548265492.280710 0.141399281 -0.221176107 0.272719719 -0.067267665 0.026647596 -0.001981293 0.997377081
1548265492.314230 0.145019898 -0.227538346 0.273832570 -0.070015523 0.022791865 -0.004506170 0.997275314
1548265492.347750 0.142915859 -0.213600525 0.277244398 -0.070355679 0.024007229 -0.007009168 0.997208405
1548265492.381130 0.135861529 -0.214682297 0.279381423 -0.071680863 0.023771753 -0.009505703 0.997098992
1548265492.414610 0.131466770 -0.211522243 0.280753614 -0.072903660 0.020612112 -0.011268445 0.997062295
1548265492.448120 0.136149501 -0.204863174 0.282348815 -0.071659275 0.017967893 -0.012408540 0.997190118
1548265492.481640 0.134031419 -0.198029692 0.286426356 -0.071893386 0.017486703 -0.013562331 0.997166796
1548265492.515150 0.123910270 -0.186346229 0.290399148 -0.072275979 0.017167658 -0.015029814 0.997123643
1548265492.548670 0.121159331 -0.181302661 0.291822348 -0.072876548 0.015075617 -0.016902924 0.997083761
1548265492.582160 0.120916867 -0.179248692 0.291637382 -0.074647125 0.012286232 -0.019686557 0.996939965
1548265492.615680 0.121876371 -0.178884626 0.297182024 -0.075585220 0.009488302 -0.019292037 0.996907550
1548265492.649200 0.103345228 -0.162322210 0.299720304 -0.075202365 0.008828249 -0.020384059 0.996920838
1548265492.682710 0.110731074 -0.162835902 0.302200621 -0.076604589 0.000558296 -0.023735422 0.996778840
1548265492.716210 0.113409240 -0.157288175 0.306235299 -0.078573829 -0.003181909 -0.026799543 0.996542931
1548265492.749720 0.089609564 -0.150130001 0.312139074 -0.079370949 -0.002626316 -0.029955398 0.996391504
1548265492.783480 0.093912802 -0.146165511 0.314878397 -0.080279807 -0.008772866 -0.034614020 0.996132551
1548265492.816990 0.103379497 -0.148044193 0.316014321 -0.082577642 -0.014495259 -0.035796881 0.995836033
1548265492.850510 0.087740534 -0.137080343 0.318965442 -0.081635923 -0.013768482 -0.037033132 0.995878784
1548265492.884090 0.087654941 -0.138131420 0.322085127 -0.083372765 -0.017020026 -0.040247409 0.995559866
1548265492.917610 0.077435574 -0.131236702 0.324687276 -0.083012381 -0.018284133 -0.042936518 0.995455218
1548265492.951130 0.080112089 -0.131764265 0.330157417 -0.084651179 -0.020957122 -0.045960127 0.995129461
1548265492.984650 0.074716710 -0.128444525 0.336991189 -0.085858927 -0.020877285 -0.046501000 0.995002533
1548265493.018170 0.068856393 -0.127933212 0.340183354 -0.087452034 -0.022970474 -0.046013640 0.994840311
1548265493.051670 0.070707170 -0.122880847 0.338587278 -0.086552408 -0.026734099 -0.047148076 0.994771847
1548265493.085200 0.067137784 -0.118894512 0.339073065 -0.087277395 -0.027631675 -0.047501112 0.994667176
1548265493.118710 0.060975008 -0.114096778 0.340212638 -0.087763945 -0.028999212 -0.049032842 0.994511094
1548265493.152230 0.053231162 -0.108393424 0.343196536 -0.088722043 -0.031204500 -0.050807651 0.994270215
1548265493.185750 0.054665085 -0.110376908 0.345870295 -0.090748794 -0.035336612 -0.051730837 0.993901354
1548265493.219260 0.055840247 -0.108232010 0.346751191 -0.092077072 -0.037149239 -0.051679624 0.993715736
1548265493.252770 0.050523239 -0.104110726 0.349648069 -0.093756350 -0.038591666 -0.053322781 0.993416887
1548265493.286280 0.043783335 -0.102115204 0.352889031 -0.094875411 -0.038979448 -0.054138279 0.993251381
1548265493.319800 0.043782484 -0.103721284 0.351948160 -0.096789385 -0.040877732 -0.055985588 0.992887929
1548265493.353320 0.036821480 -0.098827035 0.356218016 -0.096491443 -0.041544290 -0.055976074 0.992889799
1548265493.386790 0.034164701 -0.100152933 0.357419814 -0.096015314 -0.044774867 -0.054120397 0.992898410
1548265493.420310 0.037081855 -0.104062325 0.353335280 -0.094322012 -0.047986055 -0.054771818 0.992874989
1548265493.453800 0.028174805 -0.103703212 0.352630172 -0.093215675 -0.050819938 -0.055069337 0.992822008
1548265493.487220 0.027766837 -0.107672965 0.350086508 -0.093664288 -0.055173694 -0.055984324 0.992496156
1548265493.520730 0.028715737 -0.109209732 0.347590921 -0.092807285 -0.056324923 -0.058453237 0.992369654
1548265493.554250 0.028459457 -0.110867496 0.345603516 -0.093792518 -0.059138076 -0.058893047 0.992087325
1548265493.587760 0.023561011 -0.111117078 0.346526619 -0.092599448 -0.059781859 -0.058707419 0.992171815
1548265493.621280 0.021082999 -0.114434851 0.344457361 -0.091839423 -0.062472314 -0.058861003 0.992067595
1548265493.654800 0.023499590 -0.116525319 0.339662935 -0.090704561 -0.065705023 -0.058784519 0.991967697
1548265493.688550 0.018654587 -0.117366644 0.340103574 -0.089221636 -0.067219476 -0.059198716 0.991976085
1548265493.722060 0.016855175 -0.119656966 0.335399884 -0.089116712 -0.069120468 -0.058934279 0.991870618
1548265493.755580 0.023215613 -0.126118584 0.334110996 -0.088852007 -0.071783417 -0.060001276 0.991641220
1548265493.789100 0.015291144 -0.123436422 0.334120265 -0.087527685 -0.071489454 -0.060153473 0.991771003
1548265493.822460 0.011289190 -0.127424655 0.332830820 -0.087889550 -0.072565097 -0.061340663 0.991588149
1548265493.856130 0.014845382 -0.130195457 0.329638959 -0.087979432 -0.074870211 -0.059810857 0.991502260
1548265493.889790 0.011105360 -0.131144300 0.329154790 -0.086967562 -0.075301220 -0.061554754 0.991452158
1548265493.923440 0.015589114 -0.140676904 0.324917272 -0.088146192 -0.077609709 -0.062410853 0.991116475
1548265493.957420 0.012929682 -0.138671397 0.323387369 -0.085433949 -0.075353639 -0.061805015 0.991565938
1548265493.990930 0.004811835 -0.138990939 0.323463512 -0.084850906 -0.074161369 -0.061466105 0.991726945
1548265494.024450 0.009377866 -0.144613568 0.320319369 -0.083406953 -0.075759110 -0.061975505 0.991696967
1548265494.057510 0.012227656 -0.150803573 0.315743898 -0.083164233 -0.073646410 -0.062872637 0.991820018
1548265494.090880 0.004622072 -0.144539741 0.317196420 -0.081849828 -0.071820148 -0.061263963 0.992163897
1548265494.124400 0.003291369 -0.146632062 0.316542406 -0.082812913 -0.074464557 -0.060742813 0.991921046
1548265494.157920 0.009272005 -0.149730690 0.312516195 -0.084504085 -0.074620316 -0.061403203 0.991726028
1548265494.191570 0.008163852 -0.151020497 0.314035070 -0.085083457 -0.072596481 -0.062598204 0.991751996
1548265494.225090 0.003476788 -0.148509564 0.315854615 -0.086632498 -0.071759998 -0.062360633 0.991693735
1548265494.258600 -0.002429605 -0.146297422 0.316088746 -0.086833257 -0.071563635 -0.061766292 0.991727562
1548265494.291870 -0.007204575 -0.144981719 0.317603120 -0.087471312 -0.072047042 -0.062812241 0.991570782
1548265494.325390 -0.006952068 -0.147046495 0.319189821 -0.088428630 -0.073185776 -0.063450951 0.991361789
1548265494.358900 -0.007134229 -0.150638641 0.319149459 -0.088836975 -0.074565588 -0.065149966 0.991112227
1548265494.392420 -0.008218747 -0.149761572 0.320363988 -0.089990616 -0.074861921 -0.065311028 0.990975202
1548265494.425930 -0.011033786 -0.152904318 0.319576985 -0.090373865 -0.074852511 -0.067210948 0.990813986
1548265494.459430 -0.007618122 -0.154687516 0.317477724 -0.091993801 -0.074522699 -0.066456860 0.990740629
1548265494.492940 -0.017012620 -0.148840778 0.320492140 -0.092461881 -0.072558023 -0.065754817 0.990889720
1548265494.526480 -0.015184481 -0.153479088 0.319505362 -0.092739814 -0.074709971 -0.065093312 0.990747500
1548265494.559990 -0.010118965 -0.157051658 0.319072963 -0.094111213 -0.073053086 -0.066707734 0.990634344
1548265494.593510 -0.012671098 -0.157498713 0.317084792 -0.094981017 -0.069771205 -0.066012833 0.990834442
1548265494.627030 -0.018432056 -0.151870387 0.319544653 -0.094333154 -0.067165426 -0.065654434 0.991100175
1548265494.660520 -0.020364235 -0.154938649 0.321182828 -0.096123572 -0.067868828 -0.067703361 0.990742316
1548265494.693990 -0.018873830 -0.153784514 0.319941703 -0.097367288 -0.069251590 -0.069136134 0.990426183
1548265494.727500 -0.018868723 -0.154317910 0.319070757 -0.099031293 -0.069175566 -0.070779488 0.990150397
1548265494.761020 -0.026004818 -0.144472306 0.325003786 -0.098957608 -0.068806816 -0.072443374 0.990063115
1548265494.794530 -0.030747764 -0.144847662 0.324966686 -0.101184862 -0.070196433 -0.076023280 0.989471852
1548265494.828050 -0.035755520 -0.139135932 0.326599866 -0.102700594 -0.070415072 -0.079374624 0.989036893
1548265494.861560 -0.044959698 -0.129434405 0.330324540 -0.102289789 -0.073640604 -0.080090044 0.988786855
1548265494.895080 -0.043066407 -0.129718243 0.329148177 -0.105104490 -0.079005975 -0.082268935 0.987898236
1548265494.928530 -0.041699468 -0.125763986 0.327268360 -0.105665668 -0.082893331 -0.084318343 0.987346889
1548265494.962040 -0.047334814 -0.119060415 0.329805584 -0.107253703 -0.086732109 -0.087383051 0.986579134
1548265494.995630 -0.053407189 -0.113298089 0.332736309 -0.110436291 -0.092136638 -0.090365309 0.985468811
1548265495.029070 -0.052712521 -0.114776015 0.325947232 -0.116166063 -0.101152095 -0.095030373 0.983485093
1548265495.062590 -0.052153997 -0.115142120 0.326603558 -0.119987661 -0.105777031 -0.099423084 0.982104491
1548265495.096030 -0.055097763 -0.110515196 0.328939340 -0.121657314 -0.109153278 -0.102265447 0.981237402
1548265495.129540 -0.061858403 -0.101633528 0.330875477 -0.121610291 -0.114181803 -0.107008563 0.980164588
1548265495.163060 -0.056998044 -0.107805681 0.329810056 -0.123856145 -0.119305164 -0.112940737 0.978606317
1548265495.196570 -0.062491925 -0.098455073 0.332933241 -0.122507261 -0.120067342 -0.114526363 0.978498603
1548265495.230080 -0.066909747 -0.088580187 0.333137581 -0.122148781 -0.125066908 -0.116615242 0.977670102
1548265495.263600 -0.062614380 -0.098719483 0.330868103 -0.123108083 -0.129430565 -0.123555163 0.976128194
1548265495.297110 -0.062385287 -0.088722749 0.330388933 -0.121207064 -0.127033232 -0.123168895 0.976729660
1548265495.330600 -0.069142864 -0.077399217 0.330115164 -0.117760000 -0.127880359 -0.123927888 0.976944765
1548265495.364140 -0.053183657 -0.093941100 0.324139939 -0.118961966 -0.131087539 -0.129417450 0.975661433
1548265495.397630 -0.054640377 -0.080435568 0.322928898 -0.114948497 -0.126490145 -0.128204467 0.976908747
1548265495.431150 -0.054123211 -0.060833826 0.323984599 -0.111458812 -0.129517044 -0.126506609 0.977137834
1548265495.464660 -0.057449774 -0.054758884 0.323809164 -0.110491491 -0.137129261 -0.128563485 0.975939868
1548265495.498180 -0.058792995 -0.055386601 0.325857859 -0.111131297 -0.142239057 -0.134116182 0.974387364
1548265495.531720 -0.056238595 -0.046710332 0.325706363 -0.110245917 -0.148695440 -0.135719156 0.973301503
1548265495.565240 -0.055613114 -0.044940862 0.329420056 -0.112545914 -0.159203950 -0.138823608 0.970935387
1548265495.598770 -0.058529124 -0.041841027 0.329624529 -0.114567676 -0.169503899 -0.145769523 0.967932809
1548265495.632270 -0.053093773 -0.043316116 0.327105521 -0.117755557 -0.173390361 -0.151616102 0.965961681
1548265495.665790 -0.060116715 -0.022403081 0.336446280 -0.117367310 -0.175309636 -0.152451950 0.965530864
1548265495.699280 -0.064107964 -0.015820975 0.339027903 -0.119720785 -0.182313976 -0.158241602 0.963009939
1548265495.732730 -0.064110767 -0.009729370 0.338869689 -0.122185801 -0.190108135 -0.164415535 0.960154706
1548265495.766240 -0.065958191 -0.000623117 0.342349510 -0.125330886 -0.194861296 -0.170246863 0.957777244
1548265495.799750 -0.067983499 0.008785749 0.342932462 -0.127598891 -0.200133054 -0.172553506 0.955976240
1548265495.833270 -0.070655367 0.017164461 0.346780981 -0.130150324 -0.205286110 -0.174977982 0.954097067
1548265495.866790 -0.073125116 0.025070616 0.346890859 -0.131135967 -0.211744996 -0.178974853 0.951806397
1548265495.900300 -0.073186371 0.026241393 0.350934863 -0.133030808 -0.217153091 -0.183170913 0.949523963
1548265495.933820 -0.072474325 0.031861859 0.351173848 -0.134019723 -0.219509388 -0.184179205 0.948647650
1548265495.967350 -0.073851707 0.033267686 0.352204698 -0.136295230 -0.223515753 -0.185904911 0.947049989
1548265496.000850 -0.076213668 0.043079722 0.355840237 -0.136355083 -0.227566874 -0.187074190 0.945845578
1548265496.034240 -0.080575965 0.043658114 0.354661639 -0.140279914 -0.231713042 -0.188621734 0.943955748
1548265496.067740 -0.077795527 0.047879692 0.354473763 -0.143093512 -0.233669471 -0.190067084 0.942760483
1548265496.101230 -0.078873336 0.055055078 0.360046786 -0.147225117 -0.234371811 -0.189059835 0.942152322
1548265496.134770 -0.076691398 0.065703831 0.358348191 -0.148868430 -0.231990757 -0.189183339 0.942458563
1548265496.168290 -0.080440457 0.071820926 0.362592551 -0.153410516 -0.226568921 -0.189438051 0.942997859
1548265496.201820 -0.084104349 0.073478590 0.372462453 -0.157374877 -0.216601866 -0.190344089 0.944502995
1548265496.235460 -0.079263363 0.076738820 0.375005484 -0.159459421 -0.207259686 -0.188124426 0.946691775
1548265496.268950 -0.082703804 0.083326602 0.379024216 -0.160569225 -0.193068305 -0.187317574 0.949660087
1548265496.302590 -0.074125221 0.084483166 0.390220441 -0.164379921 -0.186639123 -0.181253390 0.951468490
1548265496.336110 -0.073382608 0.086473240 0.391525678 -0.164800477 -0.176617656 -0.179275147 0.953680989
1548265496.369690 -0.075890634 0.084901683 0.391331587 -0.167580806 -0.167826675 -0.174209356 0.955720661
1548265496.403210 -0.069485147 0.077880643 0.397789085 -0.171302572 -0.164487786 -0.170871521 0.956243756
1548265496.436790 -0.066279198 0.076985492 0.404583851 -0.170084222 -0.159976849 -0.168681310 0.957614422
1548265496.470240 -0.063234311 0.068119365 0.410633196 -0.171558304 -0.154372087 -0.164079972 0.959069742
1548265496.503760 -0.060264811 0.065953036 0.410467759 -0.170491759 -0.150510054 -0.163042203 0.960050272
1548265496.537270 -0.058336400 0.064244705 0.413247183 -0.168277252 -0.145553008 -0.158068602 0.962035034
1548265496.570790 -0.053697924 0.058225054 0.411056893 -0.165317391 -0.142860480 -0.153250750 0.963729864
1548265496.604300 -0.052969222 0.054038856 0.413748217 -0.162266863 -0.141296576 -0.148455535 0.965228313
1548265496.637780 -0.052238293 0.048783125 0.411984311 -0.158136007 -0.142669897 -0.146341718 0.966034371
1548265496.671250 -0.050642197 0.043663208 0.410952953 -0.154655119 -0.141318906 -0.145176366 0.966971863
1548265496.704720 -0.046631437 0.040737695 0.408876147 -0.150504645 -0.139886472 -0.141791079 0.968336417
1548265496.738240 -0.045811356 0.035290607 0.407873910 -0.147551836 -0.139879796 -0.139892386 0.969067706
1548265496.771750 -0.044384098 0.026403855 0.408562820 -0.146265973 -0.137432926 -0.140748961 0.969488621
1548265496.805230 -0.043064466 0.022350282 0.407983685 -0.142871935 -0.133323718 -0.139979631 0.970679195
1548265496.838750 -0.042582760 0.015868704 0.407595655 -0.140938539 -0.130066762 -0.140463906 0.971333546
1548265496.872260 -0.044482854 0.003584768 0.408904198 -0.140263664 -0.127319920 -0.144675160 0.971177039
1548265496.905760 -0.040120913 0.004796528 0.404468958 -0.136810085 -0.121507658 -0.140978341 0.972956318
1548265496.938880 -0.038176070 0.001557176 0.403987075 -0.135847637 -0.118661793 -0.138460506 0.973803618
1548265496.972400 -0.039039555 -0.010134736 0.405909337 -0.136535185 -0.116441324 -0.143132229 0.973299916
1548265497.005920 -0.035325436 -0.011730754 0.403512587 -0.134918154 -0.110781936 -0.140298425 0.974597766
1548265497.039430 -0.033087955 -0.013605748 0.404241851 -0.133801591 -0.110177567 -0.139047323 0.974999426
1548265497.073030 -0.033536740 -0.025116046 0.407529321 -0.134190216 -0.106581450 -0.141079237 0.975053860
1548265497.106810 -0.033635975 -0.019975037 0.402641971 -0.129998554 -0.102496117 -0.136533043 0.976705508
1548265497.140320 -0.031736231 -0.023568560 0.403012507 -0.129082648 -0.102436092 -0.136295812 0.976866403
1548265497.173570 -0.032556745 -0.037300427 0.403951121 -0.128307319 -0.098399763 -0.139797752 0.976888585
1548265497.207090 -0.033113120 -0.034832413 0.402208398 -0.124008258 -0.091295825 -0.133735899 0.978979945
1548265497.240610 -0.032325889 -0.034447891 0.398585968 -0.119911363 -0.089931508 -0.129445524 0.980192555
1548265497.274120 -0.028827017 -0.042938978 0.395689770 -0.117938983 -0.090827569 -0.130010937 0.980274403
1548265497.307640 -0.023914503 -0.052813356 0.393428783 -0.115739262 -0.089949208 -0.128061265 0.980874037
1548265497.341150 -0.026594044 -0.053051857 0.393402535 -0.112763171 -0.086795120 -0.125630222 0.981818783
1548265497.374670 -0.025629832 -0.059138262 0.390691961 -0.110735892 -0.088391946 -0.125882077 0.981874803
1548265497.408190 -0.018987379 -0.065490937 0.383596931 -0.108014831 -0.087858598 -0.124089181 0.982453835
1548265497.441740 -0.023240861 -0.066215529 0.383541672 -0.105706213 -0.086729968 -0.123396496 0.982892372
1548265497.475330 -0.022327995 -0.072874332 0.379784456 -0.102378398 -0.089055882 -0.122528756 0.983145166
1548265497.508880 -0.017957898 -0.077492859 0.377339913 -0.100354521 -0.088661147 -0.122788725 0.983357056
1548265497.542420 -0.018264098 -0.076479194 0.373264963 -0.097975968 -0.086883298 -0.119142280 0.984203800
1548265497.576030 -0.014726489 -0.082454924 0.369614930 -0.097473841 -0.088833317 -0.119535862 0.984031844
1548265497.609750 -0.013718668 -0.086689993 0.368447552 -0.097359447 -0.088614890 -0.121803937 0.983784702
1548265497.643270 -0.012472888 -0.087736974 0.367059606 -0.095433595 -0.087787668 -0.122032855 0.984019175
1548265497.676790 -0.010489857 -0.088811137 0.366603819 -0.094423969 -0.085566185 -0.121735476 0.984349031
1548265497.710330 -0.010022050 -0.091670189 0.366749559 -0.095183440 -0.081254059 -0.122593903 0.984534725
1548265497.743840 -0.004520280 -0.096611903 0.366447995 -0.096729655 -0.078527532 -0.122632316 0.984600485
1548265497.777380 -0.010073111 -0.089929133 0.367779314 -0.095355444 -0.073661695 -0.121717674 0.985223884
1548265497.810900 -0.007442828 -0.096160509 0.366118848 -0.097086475 -0.072675481 -0.121993158 0.985093985
1548265497.844420 0.000463533 -0.105442954 0.365375714 -0.099400495 -0.071753826 -0.121797233 0.984955006
1548265497.877930 -0.005314815 -0.099660578 0.366348514 -0.099583008 -0.065993009 -0.120874590 0.985452932
1548265497.911450 -0.008423198 -0.101643454 0.367065354 -0.099869866 -0.066512247 -0.121273991 0.985339916
1548265497.944970 0.004492945 -0.110559326 0.366130439 -0.099695862 -0.067800883 -0.122360281 0.985135390
1548265497.978500 -0.005053736 -0.108958996 0.369954832 -0.100172592 -0.063311656 -0.121757716 0.985460372
1548265498.012000 -0.005806101 -0.112765152 0.370348361 -0.100423740 -0.060415727 -0.122997983 0.985462586
1548265498.045520 0.000741736 -0.119978259 0.368774527 -0.099930071 -0.059680220 -0.121532076 0.985739421
1548265498.079030 -0.001871135 -0.118796391 0.370319102 -0.097542179 -0.055025290 -0.117940200 0.986685284
1548265498.112510 -0.002160251 -0.121490502 0.372295274 -0.095590616 -0.054641318 -0.116324646 0.987089326
1548265498.146070 0.008402952 -0.130352902 0.370796456 -0.096097591 -0.052485595 -0.116175290 0.987174664
1548265498.179630 0.009619542 -0.128341258 0.372998142 -0.094965871 -0.045848101 -0.111673533 0.988133825
1548265498.213100 0.005958151 -0.129565502 0.375266401 -0.094680042 -0.043623345 -0.109391788 0.988517137
1548265498.246610 0.010360007 -0.133451525 0.373359140 -0.094740140 -0.043971026 -0.107961764 0.988653181
1548265498.280090 0.012917317 -0.132760669 0.373764957 -0.093970662 -0.040423715 -0.105676152 0.989124860
1548265498.313650 0.012240851 -0.130916565 0.374981281 -0.093545170 -0.039535790 -0.101953985 0.989591637
1548265498.347160 0.012005492 -0.133382268 0.374617136 -0.094768763 -0.040135940 -0.101312436 0.989516942
1548265498.380640 0.017451052 -0.137402586 0.371980414 -0.096711022 -0.039722604 -0.100943802 0.989383364
1548265498.414150 0.017717648 -0.132064449 0.373065939 -0.095135708 -0.040390365 -0.100096852 0.989595087
1548265498.447650 0.017012006 -0.132832700 0.375052564 -0.095167893 -0.040215008 -0.100490229 0.989559265
1548265498.481150 0.019469995 -0.130408545 0.375635487 -0.094618247 -0.042268365 -0.100042625 0.989571749
1548265498.514660 0.017870971 -0.126302348 0.376248954 -0.094737404 -0.043027829 -0.102262578 0.989300660
1548265498.548160 0.008078547 -0.114530200 0.381062291 -0.092479050 -0.042488141 -0.102199729 0.989544137
1548265498.615130 0.012990669 -0.110498944 0.379956945 -0.095311211 -0.050407278 -0.105115305 0.988597821
1548265498.648620 0.009231522 -0.109876092 0.383281038 -0.097985284 -0.053923714 -0.105971864 0.988059250
1548265498.682110 0.017463361 -0.105168320 0.377459140 -0.098986761 -0.065598272 -0.107881103 0.987046177
1548265498.715630 0.017500750 -0.104910836 0.378548410 -0.100300013 -0.068020655 -0.109324859 0.986590682
1548265498.749140 0.007222574 -0.099067875 0.380236951 -0.103650768 -0.071044085 -0.111001412 0.985843772
1548265498.782660 0.004975203 -0.091941858 0.380476505 -0.106223052 -0.078948459 -0.114678990 0.984546867
1548265498.816170 0.007540944 -0.100452515 0.380782900 -0.111619489 -0.083590815 -0.120218718 0.982904433
1548265498.849680 -0.000840155 -0.092060692 0.380170664 -0.113573426 -0.081208425 -0.122756273 0.982566622
1548265498.883200 -0.008079765 -0.088270047 0.381573525 -0.113750898 -0.084147761 -0.124505899 0.982078494
1548265498.916720 -0.007279771 -0.090083707 0.379334268 -0.115718404 -0.086333804 -0.126590306 0.981392184
1548265498.950240 -0.009682294 -0.085142522 0.379485735 -0.115909054 -0.089909868 -0.126599053 0.981047393
1548265498.983760 -0.010138423 -0.082619366 0.379556813 -0.114877395 -0.093901823 -0.126607622 0.980793629
1548265499.017270 -0.003320043 -0.092178834 0.376235979 -0.116578883 -0.096146542 -0.128243479 0.980162648
1548265499.050790 -0.006176867 -0.081041088 0.380280729 -0.113882515 -0.092761924 -0.124991869 0.981225270
1548265499.084330 -0.004740510 -0.082203400 0.379295990 -0.116006309 -0.095347341 -0.124408986 0.980802643
1548265499.117850 -0.005329972 -0.081928066 0.380130807 -0.115449151 -0.095719476 -0.124963083 0.980761696
1548265499.151450 -0.007688748 -0.078418855 0.380439792 -0.115856570 -0.094602951 -0.124744181 0.980849849
1548265499.184970 -0.010173170 -0.072508607 0.378812500 -0.116040128 -0.094668898 -0.123139038 0.981024600
1548265499.218390 -0.010776902 -0.071445477 0.379434775 -0.117572373 -0.095751010 -0.122858831 0.980772241
1548265499.251910 -0.012050019 -0.066654373 0.377330581 -0.117155528 -0.097324869 -0.123428638 0.980595647
1548265499.285520 -0.011654185 -0.063532518 0.375475310 -0.117440881 -0.102190947 -0.123189721 0.980096394
1548265499.319350 -0.011375797 -0.068124351 0.373419670 -0.119117101 -0.106219868 -0.127976155 0.978851653
1548265499.352870 -0.010659206 -0.065546736 0.374771407 -0.120295280 -0.105525364 -0.127469439 0.978848806
1548265499.386270 -0.008368809 -0.060095883 0.375112452 -0.120721611 -0.107502870 -0.127309163 0.978601963
1548265499.419790 -0.007454475 -0.058632078 0.374602337 -0.123373262 -0.108365140 -0.128891335 0.977968843
1548265499.453300 -0.009000001 -0.054542240 0.375287368 -0.123293859 -0.105880723 -0.129725512 0.978140679
1548265499.486890 -0.007970676 -0.048243872 0.373908972 -0.124004481 -0.106096350 -0.128273222 0.978219011
1548265499.520450 -0.007823254 -0.043589634 0.374369073 -0.124472496 -0.107036063 -0.128730577 0.977997095
1548265499.553960 -0.011179623 -0.042013830 0.376698754 -0.126897112 -0.107255386 -0.130436365 0.977435297
1548265499.587480 -0.008541549 -0.037679736 0.377420630 -0.126065486 -0.106746394 -0.130673144 0.977566995
1548265499.621090 -0.013253508 -0.032159480 0.377653783 -0.126253958 -0.105778367 -0.131409335 0.977549212
1548265499.654610 -0.012131102 -0.030625970 0.378914615 -0.126203697 -0.106202363 -0.131511119 0.977496041
1548265499.688120 -0.011892600 -0.029157727 0.379692677 -0.127528429 -0.105678676 -0.133555349 0.977103621
1548265499.721640 -0.011261497 -0.025627672 0.381168704 -0.128248266 -0.103451121 -0.133020853 0.977320674
1548265499.755190 -0.010625708 -0.021870955 0.380780104 -0.130481872 -0.102278388 -0.133011972 0.977149644
1548265499.788700 -0.012600532 -0.023168772 0.383839504 -0.132033516 -0.100726463 -0.135289373 0.976789699
1548265499.822190 -0.009330122 -0.019894603 0.381222580 -0.133398112 -0.099036702 -0.131969561 0.977231145
1548265499.855700 -0.008653712 -0.015674386 0.382691508 -0.134176791 -0.098148029 -0.130765881 0.977375996
1548265499.889220 -0.010181960 -0.021999315 0.385621446 -0.136540493 -0.094428457 -0.133487387 0.977047122
1548265499.922710 -0.005630455 -0.015897041 0.384657394 -0.134818516 -0.090921819 -0.131663424 0.977866010
1548265499.956230 -0.006140581 -0.016521619 0.387541984 -0.136024457 -0.090168420 -0.131052136 0.977850878
1548265499.989740 -0.006712892 -0.017840580 0.389199979 -0.136707212 -0.086366016 -0.131204814 0.978078395
1548265500.023180 -0.009798893 -0.015245053 0.391654726 -0.136172160 -0.084814462 -0.129322719 0.978539363
1548265500.056690 -0.008269482 -0.013856260 0.388884356 -0.135493888 -0.082295224 -0.129762729 0.978790344
1548265500.090200 -0.006169302 -0.015887621 0.387597564 -0.135558896 -0.080859408 -0.127595731 0.979185821
1548265500.123710 -0.003695233 -0.014832741 0.388731418 -0.134161855 -0.080235586 -0.125513284 0.979698557
1548265500.157190 -0.007200648 -0.015664765 0.391209884 -0.134075112 -0.079727816 -0.125017866 0.979815224
1548265500.190700 -0.004596896 -0.015935144 0.389596973 -0.133454225 -0.079648129 -0.122652975 0.980205281
1548265500.224200 -0.005498233 -0.021558674 0.390427919 -0.134407249 -0.079113824 -0.122985155 0.980076704
1548265500.257690 -0.006204090 -0.019758365 0.390667418 -0.133073776 -0.077114780 -0.121916343 0.980551419
1548265500.291070 -0.000214023 -0.018837798 0.388395721 -0.132988819 -0.080108598 -0.119487000 0.980621968
1548265500.324590 -0.003107880 -0.023029895 0.388393202 -0.132196298 -0.081640131 -0.122493086 0.980231846
1548265500.358100 -0.004371984 -0.022077277 0.387091667 -0.131880819 -0.080510175 -0.123153516 0.980285047
1548265500.391590 -0.003045332 -0.021653264 0.385422366 -0.130828963 -0.080149750 -0.123113174 0.980460579
1548265500.425100 -0.007259263 -0.018597022 0.387034488 -0.129328848 -0.081722451 -0.121603103 0.980718194
1548265500.458560 -0.004635911 -0.023675579 0.385516522 -0.127831546 -0.084313608 -0.122694962 0.980559156
1548265500.492080 -0.007402961 -0.019996806 0.386239567 -0.124702630 -0.083340678 -0.121537236 0.981189220
1548265500.525590 -0.009760002 -0.020083813 0.385717353 -0.122947349 -0.085591481 -0.122288564 0.981123619
1548265500.559110 -0.008547418 -0.025104467 0.386121865 -0.121196632 -0.087459800 -0.122681446 0.981127628
1548265500.592620 -0.007896990 -0.026148542 0.385196470 -0.120173188 -0.088707306 -0.122411763 0.981175203
1548265500.626010 -0.008580444 -0.025797475 0.384102871 -0.119489891 -0.089038435 -0.120517061 0.981463174
1548265500.659530 -0.008137741 -0.028480396 0.383746641 -0.118564749 -0.090385715 -0.120809148 0.981416310
1548265500.693040 -0.010274980 -0.029141639 0.384182988 -0.116980129 -0.092748249 -0.120274116 0.981451756
1548265500.726560 -0.006076581 -0.032404567 0.382414604 -0.115866309 -0.093526208 -0.120608389 0.981469033
1548265500.760040 -0.008689576 -0.034748504 0.382777023 -0.114042958 -0.095725048 -0.120820624 0.981444494
1548265500.793550 -0.008783222 -0.034981629 0.382430694 -0.113351791 -0.095630202 -0.120027823 0.981631070
1548265500.827050 -0.011628720 -0.037459315 0.382912062 -0.112257718 -0.095614602 -0.120509566 0.981699291
1548265500.860580 -0.012217418 -0.037926446 0.380764737 -0.110871305 -0.096347532 -0.120116368 0.981833369
1548265500.894100 -0.013485045 -0.038179600 0.379585228 -0.110152549 -0.098141622 -0.121487299 0.981567865
1548265500.927620 -0.016097488 -0.038330530 0.379372282 -0.108161962 -0.097718803 -0.121354768 0.981847771
1548265500.961170 -0.018698898 -0.039783187 0.378938737 -0.107601546 -0.098770116 -0.122234690 0.981694989
1548265500.994690 -0.016194686 -0.042497447 0.374771279 -0.106183149 -0.098694279 -0.121801299 0.981910903
1548265501.028200 -0.017550663 -0.044383953 0.374385488 -0.106544028 -0.099215433 -0.122163222 0.981774320
1548265501.061750 -0.017561680 -0.047010471 0.375021259 -0.105496474 -0.100392958 -0.122564491 0.981717726
1548265501.095280 -0.018640940 -0.049335554 0.373102762 -0.105923375 -0.101754405 -0.122173777 0.981580281
1548265501.129110 -0.020694436 -0.053974216 0.371547341 -0.105626715 -0.101385222 -0.123102837 0.981534373
1548265501.162670 -0.019898190 -0.060143106 0.370543218 -0.104678709 -0.101121967 -0.122640423 0.981720959
1548265501.196200 -0.019005472 -0.062937041 0.371747809 -0.105154746 -0.100057995 -0.120189244 0.982082187
1548265501.229770 -0.018340475 -0.066142847 0.370632470 -0.104194486 -0.096509236 -0.119424721 0.982632796
1548265501.263320 -0.016485412 -0.065067048 0.369149137 -0.103248836 -0.095747916 -0.118523589 0.982916158
1548265501.296880 -0.017160783 -0.066695430 0.367989747 -0.102476659 -0.094410349 -0.117474590 0.983252227
1548265501.330400 -0.011297037 -0.074869480 0.364759299 -0.103385947 -0.095770110 -0.117810757 0.982985278
1548265501.363940 -0.014382356 -0.072495144 0.367700825 -0.101958776 -0.092772594 -0.116692391 0.983555052
1548265501.397450 -0.016411092 -0.073893740 0.366220985 -0.102027729 -0.091473253 -0.116327158 0.983712854
1548265501.430970 -0.013527995 -0.077959292 0.366363558 -0.102693254 -0.091993615 -0.114959805 0.983755820
1548265501.464480 -0.012238126 -0.083820653 0.365858609 -0.104571374 -0.089494620 -0.115170707 0.983763818
1548265501.498080 -0.012695532 -0.081309784 0.367190236 -0.104244976 -0.088458714 -0.112995005 0.984144385
1548265501.531760 -0.013673331 -0.080653317 0.366323010 -0.103502447 -0.088335398 -0.114391271 0.984072527
1548265501.565110 -0.009942241 -0.086736397 0.364259466 -0.104046135 -0.086825202 -0.114798289 0.984102200
1548265501.598620 -0.010641822 -0.084292174 0.365263084 -0.103294591 -0.083147107 -0.113213968 0.984682377
1548265501.632310 -0.007674684 -0.090264143 0.363036437 -0.103966594 -0.084336102 -0.113291521 0.984501600
1548265501.665660 0.000560836 -0.100503279 0.362298032 -0.104296670 -0.083854021 -0.113740141 0.984456138
1548265501.699100 0.001244486 -0.102013880 0.363134608 -0.103709517 -0.079341645 -0.111705654 0.985124909
1548265501.732510 0.000327477 -0.102668697 0.363823204 -0.101847990 -0.074763541 -0.110423322 0.985821530
1548265501.765890 0.004786852 -0.107870072 0.365207612 -0.102171826 -0.071582520 -0.108748362 0.986210249
1548265501.799340 0.011324476 -0.113819149 0.370632666 -0.101346195 -0.066316101 -0.105331120 0.987034183
1548265501.832710 0.006870711 -0.112147455 0.368836988 -0.098827803 -0.058910274 -0.101597279 0.988150109
1548265501.866210 0.016398132 -0.123190342 0.367202823 -0.098660371 -0.056524179 -0.100808700 0.988386946
1548265501.899720 0.014621257 -0.122310198 0.368578290 -0.094614556 -0.045210283 -0.098734531 0.989573448
1548265501.933240 0.022095722 -0.130448201 0.367010724 -0.092258065 -0.041185191 -0.093962300 0.990435922
1548265501.966760 0.029031851 -0.140802171 0.366341056 -0.088893726 -0.035938582 -0.092184592 0.991114688
1548265502.000260 0.041333160 -0.152811893 0.364604657 -0.087166008 -0.029106143 -0.088984309 0.991784610
1548265502.033770 0.047419347 -0.150876214 0.357139180 -0.081077622 -0.014943681 -0.083400345 0.993099939
1548265502.067290 0.051641516 -0.155062151 0.361061893 -0.078135584 -0.006983637 -0.078530696 0.993820401
1548265502.100810 0.066571412 -0.166402112 0.361964123 -0.074782445 -0.000138214 -0.075218999 0.994358924
1548265502.134320 0.073378260 -0.171039851 0.356858787 -0.072271514 0.008743248 -0.070468287 0.994854062
1548265502.167840 0.062756225 -0.167674833 0.355827012 -0.068449806 0.017702233 -0.066951806 0.995248065
1548265502.201350 0.095037491 -0.188463969 0.350573672 -0.065949686 0.020052829 -0.062690294 0.995649763
1548265502.234870 0.095774078 -0.187152321 0.347631397 -0.063437350 0.029825676 -0.057022144 0.995908935
1548265502.268380 0.093765064 -0.192392038 0.352719744 -0.063379427 0.036365312 -0.055264237 0.995794395
1548265502.301900 0.103413000 -0.200341239 0.358338994 -0.060489531 0.040507070 -0.051654589 0.996008031
1548265502.335420 0.113174729 -0.205223673 0.358933511 -0.058811548 0.047586923 -0.048259448 0.995965718
1548265502.368960 0.103166186 -0.201380685 0.363238685 -0.054925267 0.054984780 -0.047572218 0.995839733
1548265502.402540 0.124075295 -0.214130800 0.364379890 -0.055485672 0.056136177 -0.045730062 0.995830724
1548265502.436090 0.123715815 -0.217944039 0.365678347 -0.053164072 0.062185715 -0.044267147 0.995664069
1548265502.469640 0.127360390 -0.224325269 0.367866931 -0.050603534 0.065602834 -0.041235866 0.995708368
1548265502.503150 0.134727565 -0.221800117 0.370769562 -0.047387346 0.067627501 -0.042303787 0.995686371
1548265502.536670 0.140040195 -0.218438646 0.375185154 -0.043711843 0.072754813 -0.042703077 0.995475996
1548265502.570190 0.142567091 -0.231709785 0.376087448 -0.043970305 0.078532764 -0.039114364 0.995172992
1548265502.603700 0.153007754 -0.240617806 0.373229624 -0.042071323 0.079169348 -0.036411834 0.995307187
1548265502.637160 0.169136710 -0.244938234 0.377014374 -0.040099249 0.083066543 -0.034982719 0.995122208
1548265502.670670 0.161950175 -0.248360901 0.375498578 -0.038250872 0.089999638 -0.032189388 0.994686272
1548265502.704250 0.168915749 -0.259583750 0.377993798 -0.037103269 0.091068854 -0.029539517 0.994714647
1548265502.737790 0.185329477 -0.263155064 0.380299854 -0.036112823 0.089769288 -0.029275940 0.994877007
1548265502.771300 0.190448568 -0.259118443 0.389593578 -0.032899698 0.095474417 -0.025781281 0.994553956
1548265502.804820 0.191011702 -0.277002782 0.383932280 -0.034831481 0.100706897 -0.022637284 0.994048511
1548265502.838340 0.211220173 -0.290480098 0.379685870 -0.033988923 0.101292320 -0.020150976 0.994071706
1548265502.871850 0.227619645 -0.285714666 0.377980100 -0.030829516 0.105156033 -0.018877263 0.993798470
1548265502.905380 0.218954770 -0.295296132 0.391573022 -0.032485275 0.113429447 -0.017526284 0.992860160
1548265502.938890 0.226837711 -0.296494872 0.390459495 -0.029351352 0.115061102 -0.018283427 0.992756343
1548265502.972360 0.255536129 -0.304995956 0.384631514 -0.028417251 0.117335363 -0.018076170 0.992521095
1548265503.005880 0.244005729 -0.306962166 0.390366204 -0.028456250 0.127990004 -0.013904639 0.991269621
1548265503.039400 0.251491464 -0.315919361 0.393460134 -0.028273480 0.130682050 -0.011848997 0.990950258
1548265503.072910 0.271295293 -0.325655830 0.386270517 -0.028424453 0.130736427 -0.009478013 0.990964280
1548265503.106470 0.269997093 -0.325405242 0.393674388 -0.025774573 0.139218529 -0.003421638 0.989920282
1548265503.139990 0.275851456 -0.324565395 0.397004696 -0.023099142 0.142998002 0.001106134 0.989452767
1548265503.173460 0.290098091 -0.332733060 0.398408494 -0.022408106 0.144926124 0.005679782 0.989172399
1548265503.206770 0.300127065 -0.340027212 0.393399935 -0.019618026 0.151698563 0.011931563 0.988160066
1548265503.240230 0.300666860 -0.343039523 0.403071576 -0.017145398 0.156009284 0.017877827 0.987444946
1548265503.273680 0.313692239 -0.346641189 0.402206393 -0.014905590 0.158331764 0.021991451 0.987028496
1548265503.307190 0.327246430 -0.347640592 0.395091705 -0.014106314 0.162607471 0.022968911 0.986322590
1548265503.340690 0.323534616 -0.355661813 0.403934140 -0.015038528 0.171818454 0.027642986 0.984625882
1548265503.374210 0.325919666 -0.363542680 0.411285376 -0.017307549 0.175146881 0.031106324 0.983898580
1548265503.407720 0.340878459 -0.371827593 0.406093173 -0.018655826 0.179495583 0.031889341 0.983064782
1548265503.441250 0.353779852 -0.387202466 0.404902400 -0.019078693 0.187075817 0.036557316 0.981479600
1548265503.474760 0.362489371 -0.388030587 0.407093384 -0.017341551 0.191382352 0.042055002 0.980460832
1548265503.508270 0.360856426 -0.394697516 0.416181118 -0.016760993 0.194073813 0.043162487 0.979893578
1548265503.541780 0.369206640 -0.403255958 0.415701081 -0.016858789 0.204407278 0.045265971 0.977693427
1548265503.575290 0.362292272 -0.413592194 0.413076325 -0.015037291 0.213225841 0.048928524 0.975661120
1548265503.608810 0.371122784 -0.412775158 0.433898652 -0.011550468 0.215928248 0.051048724 0.975005439
1548265503.642330 0.391930697 -0.409531297 0.436664963 -0.008350692 0.219494818 0.052725489 0.974152100
1548265503.675840 0.384323117 -0.409862232 0.435604484 -0.004761732 0.236365542 0.057461666 0.969951964
1548265503.709360 0.372479058 -0.411106950 0.447517253 -0.001191428 0.244891111 0.060837369 0.967639261
1548265503.742870 0.396239371 -0.420641247 0.438465145 0.000224133 0.244225196 0.061553528 0.967762970
1548265503.776410 0.388202098 -0.415789940 0.447676863 0.004098987 0.252685139 0.061004994 0.965614731
1548265503.810020 0.384123184 -0.409305442 0.456797807 0.005297539 0.257793532 0.059174558 0.964371714
1548265503.843530 0.378966064 -0.408363053 0.465770199 0.004349507 0.264196483 0.059926609 0.962595503
1548265503.876960 0.383048378 -0.398542207 0.471056410 0.008881916 0.263776771 0.058681324 0.962756163
1548265503.910450 0.375689976 -0.410831071 0.480726175 0.009595233 0.271768836 0.058370715 0.960542811
1548265503.943960 0.372480959 -0.409549820 0.482395027 0.010665582 0.277207723 0.058993670 0.958937887
1548265503.977470 0.366220082 -0.400366362 0.491806933 0.012378718 0.281857815 0.058044242 0.957618820
1548265504.010980 0.363503209 -0.401765884 0.498116503 0.014307161 0.282234311 0.059089464 0.957417116
1548265504.044510 0.362677475 -0.398831920 0.500832432 0.014882190 0.281357853 0.055998078 0.957852021
1548265504.078010 0.364580677 -0.395930148 0.503755932 0.014477293 0.287069045 0.056261505 0.956146649
1548265504.111230 0.367747101 -0.390238839 0.508831939 0.013153397 0.288167723 0.058562570 0.955697011
1548265504.144750 0.367859477 -0.390916401 0.517374437 0.008047263 0.290275911 0.056393813 0.955245976
1548265504.178260 0.370648875 -0.391478199 0.525738907 0.004285185 0.293195966 0.054510858 0.954487469
1548265504.211780 0.372461299 -0.388922913 0.526452339 0.002933444 0.299933461 0.056604772 0.952274758
1548265504.245290 0.371881109 -0.384125675 0.534536583 0.002297098 0.304399006 0.059826040 0.950661251
1548265504.278810 0.378723770 -0.382617803 0.536388753 0.000269650 0.306330288 0.061226554 0.949954205
1548265504.312330 0.378330912 -0.381175117 0.543123249 0.000174989 0.311845923 0.065053578 0.947903013
1548265504.346180 0.376457508 -0.374981352 0.551631866 0.000618178 0.313752342 0.068081121 0.947060741
1548265504.379700 0.380619470 -0.372839530 0.557811863 0.001037125 0.314097948 0.067481628 0.946988719
1548265504.413210 0.382959366 -0.374688606 0.559789467 0.000382917 0.315169315 0.069725211 0.946470576
1548265504.446730 0.384330305 -0.373191979 0.563437744 -0.000252029 0.319144220 0.071617611 0.944996202
1548265504.480280 0.383721810 -0.361329619 0.573090062 0.000224457 0.323315394 0.071903827 0.943555481
1548265504.513800 0.386460667 -0.360049968 0.575574057 -0.001202360 0.323572309 0.073042928 0.943379163
1548265504.547310 0.398106864 -0.364255782 0.579573936 -0.005719441 0.325591178 0.070459491 0.942864324
1548265504.580830 0.389092948 -0.357953255 0.596067692 -0.006551733 0.333074913 0.071610939 0.940154269
1548265504.614350 0.390819312 -0.344317955 0.605568155 -0.006505296 0.329259286 0.068068163 0.941760441
1548265504.647860 0.393280818 -0.360196395 0.608073439 -0.014239516 0.331923577 0.063129420 0.941083764
1548265504.681410 0.405244194 -0.350065957 0.615351315 -0.015308039 0.338586162 0.062096961 0.938759310
1548265504.714870 0.400100244 -0.312582637 0.655858206 -0.008640269 0.338828506 0.059116255 0.938949337
1548265504.748380 0.406086659 -0.341982202 0.630272221 -0.018643361 0.332190057 0.051853366 0.941601519
1548265504.781900 0.398454721 -0.335683881 0.649649307 -0.018379983 0.339398754 0.051770603 0.939036989
1548265504.815400 0.408438986 -0.332698136 0.658199316 -0.018342955 0.341058479 0.051898898 0.938429089
1548265504.848710 0.405561555 -0.323378074 0.670935455 -0.016267341 0.343996791 0.052978787 0.937333894
1548265504.882220 0.407076224 -0.310922818 0.681925033 -0.014595042 0.342050356 0.054282026 0.937998934
1548265504.915960 0.409520383 -0.322526604 0.683026655 -0.017639533 0.339802542 0.052784861 0.938848677
1548265504.949540 0.411255357 -0.317963681 0.690735689 -0.017171129 0.339778691 0.053798324 0.938808465
1548265504.983000 0.414857835 -0.318806691 0.699770839 -0.018702396 0.340230269 0.055267106 0.938530304
1548265505.016190 0.418573633 -0.318231180 0.706593018 -0.019667109 0.336599847 0.056880551 0.939722486
1548265505.050030 0.421621281 -0.323040363 0.709895912 -0.020123588 0.337095677 0.057724154 0.939483618
1548265505.083540 0.426894627 -0.335226262 0.709161416 -0.023039637 0.338770286 0.060242450 0.938655803
1548265505.117120 0.427414664 -0.337369021 0.715982029 -0.022719369 0.343148744 0.063586353 0.936850866
1548265505.150640 0.430677625 -0.343198165 0.719929631 -0.022982429 0.343628860 0.066529486 0.936464010
1548265505.184190 0.433552382 -0.349135520 0.725426455 -0.021725380 0.347286323 0.070544893 0.934849526
1548265505.217710 0.436111451 -0.345372830 0.727179511 -0.018948439 0.347179524 0.073939137 0.934687295
1548265505.251220 0.436497121 -0.359798892 0.730107988 -0.019091740 0.348339815 0.075165257 0.934154732
1548265505.284730 0.438185191 -0.360946692 0.728554509 -0.016701116 0.349773286 0.077780308 0.933450558
1548265505.318240 0.441679059 -0.361712954 0.729712446 -0.014350714 0.351646288 0.080270172 0.932574740
1548265505.351760 0.443279902 -0.369836243 0.734243884 -0.014856620 0.354680310 0.083588427 0.931125198
1548265505.385280 0.446492950 -0.370909090 0.731142227 -0.012130198 0.357744474 0.088055030 0.929579508
1548265505.418730 0.448733425 -0.394976876 0.748415877 -0.015757721 0.367495302 0.092517349 0.925278032
1548265505.452240 0.443781366 -0.387836563 0.748482864 -0.012067534 0.373599345 0.097033763 0.922422004
1548265505.485760 0.447308770 -0.398095946 0.755880521 -0.013097367 0.377154772 0.100029666 0.920639345
1548265505.519270 0.447213966 -0.403340595 0.758727430 -0.013254769 0.384580645 0.102283754 0.917311328
1548265505.552750 0.451364192 -0.403473036 0.769055505 -0.012653976 0.396330640 0.108988207 0.911528097
1548265505.586270 0.453643063 -0.387307454 0.762329375 -0.006335502 0.398433122 0.115971173 0.909814045
1548265505.619570 0.453796311 -0.402245389 0.770847008 -0.009832705 0.401347209 0.119648697 0.908024187
1548265505.653080 0.452546231 -0.393932340 0.775830986 -0.006420921 0.403091188 0.124841391 0.906581984
1548265505.686600 0.455572001 -0.405864845 0.775856795 -0.005963001 0.401131666 0.126905321 0.907167498
1548265505.720120 0.460421872 -0.414814860 0.772453430 -0.007287215 0.405427997 0.127858106 0.905111783
1548265505.753630 0.453219094 -0.408441422 0.786594562 -0.003479293 0.411594135 0.134172587 0.901429908
1548265505.787150 0.450714755 -0.409441793 0.791360608 -0.000203076 0.410110911 0.136445848 0.901771329
1548265505.820660 0.454395828 -0.425002462 0.791769995 -0.000370229 0.410439422 0.135404004 0.901778853
1548265505.854180 0.448941128 -0.425553008 0.798918134 0.001746106 0.416259424 0.136867543 0.898883930
1548265505.887900 0.436927706 -0.415097929 0.800549892 0.007017038 0.414862411 0.139164422 0.899151380
1548265505.921420 0.436582741 -0.436360979 0.811360215 0.004570081 0.412945383 0.133866626 0.900852347
1548265505.954930 0.433088536 -0.441375236 0.812921532 0.005622708 0.413908168 0.135030965 0.900230555
1548265505.988450 0.422927112 -0.434209277 0.816200870 0.009740922 0.414109599 0.138143210 0.899630373
1548265506.021960 0.418951949 -0.439717265 0.821591134 0.008668174 0.412277018 0.135737616 0.900848391
1548265506.055510 0.416191418 -0.458395528 0.829921490 0.005994283 0.413064530 0.133325595 0.900869607
1548265506.089280 0.409476349 -0.450134508 0.831210196 0.008863649 0.411671331 0.133925133 0.901394591
1548265506.122790 0.404152448 -0.462009134 0.835918944 0.005625078 0.409797935 0.132055760 0.902549327
1548265506.156340 0.400367393 -0.471389731 0.841912646 0.004129031 0.410075387 0.131729072 0.902479130
1548265506.189860 0.392413587 -0.471830212 0.845233777 0.005463137 0.411294852 0.132641510 0.901783194
1548265506.223340 0.386935313 -0.477485155 0.850760726 0.003440048 0.411418384 0.131392715 0.901919638
1548265506.290260 0.375653486 -0.487251058 0.854781830 0.002719432 0.415294703 0.132360552 0.900001999
1548265506.323780 0.367751824 -0.483927992 0.859486715 0.007269898 0.416799102 0.132860076 0.899207350
1548265506.357290 0.364207955 -0.494785312 0.859812925 0.006735541 0.417449846 0.130002058 0.899327373
1548265506.390760 0.362448854 -0.502685835 0.861397405 0.005975890 0.421538314 0.128786921 0.897598835
1548265506.424270 0.356422665 -0.500469245 0.866485382 0.008253576 0.424464071 0.128041570 0.896307697
1548265506.457840 0.348618957 -0.501105495 0.869194229 0.010936093 0.426171151 0.124290136 0.895996939
1548265506.491360 0.342421132 -0.509349473 0.874895362 0.012237078 0.428348860 0.119616160 0.895577737
1548265506.524870 0.334926094 -0.516758273 0.876027332 0.013416902 0.431561498 0.116534099 0.894424096
1548265506.558370 0.326591599 -0.505471122 0.877892512 0.019163227 0.433527446 0.115415416 0.893513294
1548265506.591890 0.322089166 -0.516912184 0.888385571 0.021446122 0.434336532 0.111462019 0.893570400
1548265506.625420 0.315815034 -0.522916632 0.888848679 0.026162055 0.441064457 0.108264174 0.890537231
1548265506.658930 0.308979353 -0.520812235 0.888237720 0.031041867 0.444654157 0.105663692 0.888906219
1548265506.692440 0.300953148 -0.524563806 0.896274999 0.032747108 0.450858135 0.100478421 0.886317469
1548265506.725920 0.295235415 -0.516812195 0.893965430 0.037247682 0.454605581 0.098326517 0.884464964
1548265506.759430 0.291753803 -0.518598700 0.896193587 0.038060888 0.457735791 0.095678060 0.883105330
1548265506.792950 0.287244152 -0.517357606 0.903773775 0.037593526 0.462869819 0.094663423 0.880554992
1548265506.826430 0.283530739 -0.506437567 0.898813636 0.039523790 0.466256796 0.093042520 0.878854686
1548265506.859930 0.277836872 -0.496892506 0.902618242 0.039610613 0.470155948 0.091385922 0.876945265
1548265506.893420 0.277135544 -0.492707288 0.906269924 0.036243227 0.474066409 0.089051929 0.875224099
1548265506.926960 0.276342862 -0.484385557 0.907832025 0.035716950 0.475448808 0.087469803 0.874655226
1548265506.960470 0.274570563 -0.481207918 0.909850317 0.033159445 0.477075733 0.084331747 0.874178101
1548265506.994010 0.279090056 -0.480589941 0.920420704 0.029693840 0.482202027 0.082928354 0.871620542
1548265507.027520 0.277217900 -0.468146943 0.917719452 0.028680945 0.483566301 0.082622863 0.870927379
1548265507.061040 0.276816308 -0.458885420 0.915032656 0.026287465 0.483115578 0.083643336 0.871155612
1548265507.094560 0.277793295 -0.455839091 0.920596777 0.023338199 0.483837157 0.084724231 0.870734597
1548265507.128070 0.282023988 -0.451294770 0.919330823 0.021045284 0.484409424 0.086004332 0.870349275
1548265507.161550 0.285309921 -0.439379043 0.922234729 0.021938026 0.483433602 0.088128605 0.870657237
1548265507.195060 0.290997771 -0.441617964 0.921048525 0.019683888 0.482326267 0.089109086 0.871225279
1548265507.228620 0.295043143 -0.439812032 0.920300014 0.018364544 0.484202693 0.090733640 0.870044770
1548265507.262140 0.295651669 -0.413817195 0.918368481 0.024501710 0.481534954 0.094585961 0.870963403
1548265507.295650 0.305858284 -0.428297443 0.911971703 0.018440855 0.477538554 0.090035004 0.873790914
1548265507.329180 0.310110385 -0.419095943 0.902575859 0.018206392 0.476174599 0.090431490 0.874498956
1548265507.362690 0.315499531 -0.402663160 0.906484036 0.024071465 0.473677021 0.092592019 0.875486929
1548265507.396210 0.320496565 -0.409492612 0.892905461 0.021186288 0.470238831 0.088309114 0.877854250
1548265507.429720 0.323123655 -0.399303113 0.886045285 0.024075039 0.470573581 0.090075172 0.877420857
1548265507.463230 0.333461575 -0.382694482 0.876579025 0.028204084 0.461749426 0.092458038 0.881727570
1548265507.496710 0.342399575 -0.396376930 0.865585933 0.021123696 0.459517454 0.087223075 0.883623016
1548265507.530230 0.344607568 -0.373033045 0.867203236 0.026410159 0.457153969 0.092451918 0.884174980
1548265507.563750 0.363789938 -0.373379400 0.856180743 0.023709330 0.442693352 0.090960458 0.891732392
1548265507.597260 0.368835186 -0.393426152 0.854352442 0.016886845 0.438803120 0.088023886 0.894102036
1548265507.630760 0.373027580 -0.366987485 0.848051203 0.024227137 0.436023445 0.092475034 0.894843545
1548265507.664290 0.389127988 -0.361108812 0.831620077 0.024914630 0.419371951 0.092455374 0.902750481
1548265507.697790 0.397046514 -0.387651328 0.824129959 0.015818664 0.417376901 0.088677698 0.904258016
1548265507.731270 0.402085796 -0.358583498 0.818341139 0.024100209 0.416575187 0.095440540 0.903756271
1548265507.764790 0.413272974 -0.364619580 0.806728269 0.021676968 0.409501700 0.093014791 0.907296377
1548265507.798300 0.429117376 -0.372769018 0.804461285 0.018273100 0.408073786 0.091222418 0.908196206
1548265507.831820 0.436733921 -0.338507076 0.789153706 0.026595694 0.401929072 0.092919938 0.910555641
1548265507.865330 0.442527198 -0.364094811 0.787210373 0.017515484 0.395994380 0.087757553 0.913881979
1548265507.898850 0.456566182 -0.369951419 0.778409190 0.014948106 0.395327507 0.086631378 0.914323641
1548265507.932400 0.462109837 -0.351703804 0.768376140 0.019690558 0.394116673 0.086494082 0.914769427
1548265507.965910 0.476825835 -0.359933175 0.754023959 0.017679222 0.389110052 0.084079007 0.917175847
1548265507.999430 0.491998000 -0.380461668 0.746261552 0.010673853 0.390206566 0.084020640 0.916823558
1548265508.032940 0.500099454 -0.351335104 0.725129831 0.017901480 0.391034414 0.088664654 0.915920413
1548265508.066460 0.510332144 -0.350490189 0.715366370 0.016357389 0.386760120 0.088476082 0.917780490
1548265508.099960 0.519631518 -0.361381061 0.716683277 0.010391646 0.389460913 0.089072539 0.916666948
1548265508.133480 0.525646553 -0.337832897 0.715306521 0.016009154 0.387098466 0.093065587 0.917189883
1548265508.166980 0.537062235 -0.341216024 0.696238065 0.013372265 0.378426361 0.092506600 0.920900212
1548265508.200500 0.549964770 -0.356904051 0.685205464 0.009863962 0.375807717 0.096281413 0.921629617
1548265508.234030 0.564084799 -0.358796004 0.673602994 0.010051394 0.371614009 0.100688605 0.922856328
1548265508.267560 0.570973960 -0.352315589 0.663778479 0.010810981 0.366081698 0.105359613 0.924535919
1548265508.301060 0.586719572 -0.367199434 0.650490353 0.006398438 0.361411633 0.106890401 0.926237083
1548265508.334560 0.596701791 -0.368915656 0.643453858 0.005832345 0.359686578 0.111127903 0.926413589
1548265508.368080 0.606328185 -0.366285933 0.631053353 0.007626530 0.355437906 0.114212001 0.927664460
1548265508.401540 0.618915188 -0.378583480 0.622278282 0.002926668 0.351192129 0.116689106 0.928999018
1548265508.435010 0.632736248 -0.378262441 0.615138213 0.002832662 0.349548335 0.118374029 0.929406008
1548265508.468210 0.640377735 -0.371594884 0.602707301 0.004619678 0.344247345 0.121214677 0.931009896
1548265508.501730 0.650435774 -0.389597733 0.595563801 -0.002003385 0.340682132 0.122272823 0.932191519
1548265508.535240 0.658293595 -0.377016631 0.589504407 0.000268937 0.338412165 0.125107624 0.932644207
1548265508.568760 0.673329270 -0.373319484 0.583612631 0.000949654 0.330418779 0.128408522 0.935058169
1548265508.602270 0.686260664 -0.393447251 0.576580992 -0.005506331 0.324722036 0.127328924 0.937183347
1548265508.635790 0.692218933 -0.393831036 0.567529400 -0.006321151 0.323127099 0.130186217 0.937336903
1548265508.670250 0.698547764 -0.389876637 0.564748922 -0.005188509 0.321393274 0.133306032 0.937501437
1548265508.704070 0.700669243 -0.395047165 0.557830891 -0.006643737 0.319200239 0.132095922 0.938412348
1548265508.737280 0.705582032 -0.395914652 0.550382191 -0.006697922 0.316698021 0.135345452 0.938796629
1548265508.770390 0.712534954 -0.394773809 0.544075075 -0.004912820 0.310202313 0.140070644 0.940282194
1548265508.803900 0.718793251 -0.392282267 0.536994457 -0.002943214 0.297681349 0.140726940 0.944231476
1548265508.837420 0.724010951 -0.413573810 0.533078126 -0.006695070 0.295091944 0.141511557 0.944907614
1548265508.870930 0.727398961 -0.407032109 0.522935308 -0.004459787 0.291575958 0.145836773 0.945354540
1548265508.904450 0.740278814 -0.401599261 0.509980265 -0.000955611 0.274829392 0.146090136 0.950329187
1548265508.937970 0.737788642 -0.427906695 0.519413761 -0.007294811 0.275505069 0.143705386 0.950469623
1548265508.971890 0.743116278 -0.416351171 0.507401923 -0.003035500 0.271927659 0.145230613 0.951290809
1548265509.005000 0.752302720 -0.422742091 0.506239217 -0.003980163 0.258575567 0.143144244 0.955318041
1548265509.038510 0.752438966 -0.435491936 0.514551298 -0.009466955 0.255666844 0.137719616 0.956858479
1548265509.072030 0.752505802 -0.420149672 0.507890661 -0.007929805 0.255884623 0.141470503 0.956266843
1548265509.105490 0.754436087 -0.424379733 0.510072369 -0.009662965 0.250862022 0.142743308 0.957391885
1548265509.138900 0.766078711 -0.433654110 0.510281316 -0.014279469 0.246603199 0.143694525 0.958297888
1548265509.172420 0.769969491 -0.435066219 0.511402893 -0.015849260 0.245709884 0.144995821 0.958306666
1548265509.205910 0.774855410 -0.422548611 0.504589008 -0.013981272 0.240514250 0.145840991 0.959524791
1548265509.239420 0.787665715 -0.425842006 0.507884106 -0.015279699 0.231720123 0.145592887 0.961704230
1548265509.272940 0.790462521 -0.427429082 0.506099562 -0.016082097 0.230015435 0.143367481 0.962434430
1548265509.306450 0.802266313 -0.420907018 0.500223209 -0.015178918 0.225656653 0.145467656 0.963165529
1548265509.339980 0.810797095 -0.415053978 0.503766326 -0.013823064 0.216242088 0.142621525 0.965767769
1548265509.373620 0.816891886 -0.422292469 0.499514929 -0.020439731 0.215209483 0.138538337 0.966475155
1548265509.407140 0.826761174 -0.402223785 0.502403536 -0.021053111 0.210797188 0.142102685 0.966916821
1548265509.440530 0.825682133 -0.394909979 0.500308506 -0.023783320 0.205433214 0.136201297 0.968855384
1548265509.474050 0.834930934 -0.391630871 0.501190271 -0.030340628 0.206665944 0.134738624 0.968614545
1548265509.507780 0.847998807 -0.374368177 0.499129446 -0.029373963 0.202237217 0.134944153 0.969550078
1548265509.541080 0.850933121 -0.379998149 0.500797476 -0.036774920 0.199933373 0.129907715 0.970462899
1548265509.574580 0.861887176 -0.377948486 0.497498944 -0.041038172 0.203065588 0.128909201 0.969774537
1548265509.608100 0.875634639 -0.362744487 0.490691817 -0.043267577 0.200270645 0.127249351 0.970477814
1548265509.641630 0.890387603 -0.351799808 0.492135592 -0.045077883 0.198798591 0.125455571 0.970931514
1548265509.675140 0.906638328 -0.350735887 0.490235384 -0.049338100 0.196257866 0.124078002 0.971418165
1548265509.708870 0.911364309 -0.350679173 0.488310990 -0.051486137 0.196406090 0.126831948 0.970920946
1548265509.742180 0.930518611 -0.349151068 0.479898791 -0.050985461 0.189327432 0.127952499 0.972205618
1548265509.775910 0.935330857 -0.346420099 0.474260850 -0.050619595 0.188759761 0.124770692 0.972748520
1548265509.809300 0.939701397 -0.339564949 0.471135984 -0.046315516 0.193100253 0.123516333 0.972270991
1548265509.842850 0.953125383 -0.338658320 0.458760331 -0.041443084 0.188050487 0.126393525 0.973110560
1548265509.876370 0.954067761 -0.343941884 0.450501629 -0.040156814 0.189182530 0.124947054 0.973131869
1548265509.909890 0.957833499 -0.331623740 0.444423368 -0.034493268 0.194288894 0.126438147 0.972149904
1548265509.943570 0.981423302 -0.344174490 0.430587013 -0.036016882 0.196660919 0.131745962 0.970912081
1548265509.977090 0.975415927 -0.340388728 0.412946042 -0.034239979 0.201863202 0.133610198 0.969653127
1548265510.010600 0.990375692 -0.345356045 0.413530335 -0.032533585 0.213982832 0.140142103 0.966184819
1548265510.044130 1.017743018 -0.349656711 0.403617553 -0.032728519 0.208322315 0.148026444 0.966239530
1548265510.077670 1.034412058 -0.349737361 0.396847448 -0.026050517 0.198303197 0.154542418 0.967529769
1548265510.111210 1.041563545 -0.346073384 0.376533691 -0.020371742 0.200498888 0.159959989 0.966332236
1548265510.144710 1.061936856 -0.353550161 0.371731052 -0.017677601 0.200116601 0.171706211 0.964446901
1548265510.178190 1.069531322 -0.357131574 0.359963373 -0.010576777 0.192269175 0.177556415 0.965087776
1548265510.211700 1.068262807 -0.353417609 0.350197656 -0.004333068 0.201706998 0.186260546 0.961562541
1548265510.245210 1.099128996 -0.355377165 0.338443678 -0.000893030 0.195429096 0.196417686 0.960846899
1548265510.278720 1.116600100 -0.358817938 0.318213428 0.001591532 0.188626053 0.203598275 0.960710894
1548265510.312240 1.131468792 -0.364225262 0.315074650 0.003933478 0.191025803 0.211310757 0.958562170
1548265510.345750 1.129706639 -0.353292238 0.304861058 0.013535254 0.187871033 0.217582618 0.957694667
1548265510.379240 1.124946113 -0.361097613 0.302072910 0.020782414 0.183185799 0.216020555 0.958825414
1548265510.412760 1.140075103 -0.372212920 0.299286917 0.022580128 0.176607571 0.212055664 0.960901816
1548265510.446170 1.120683253 -0.388340769 0.297735659 0.023886538 0.174141693 0.209829963 0.961808448
1548265510.479260 1.139581803 -0.393137673 0.297394458 0.024109313 0.163809336 0.200778601 0.965542954
1548265510.512780 1.133711274 -0.406794654 0.294532079 0.022387074 0.156503596 0.194066227 0.968165142
1548265510.546300 1.135319141 -0.411646899 0.295263772 0.021460139 0.150185547 0.185851687 0.970794991
1548265510.579810 1.128665966 -0.423715768 0.296646446 0.019219547 0.147589688 0.182678649 0.971841759
1548265510.613290 1.135368273 -0.441218567 0.300748296 0.014977319 0.138862372 0.180542245 0.973600236
1548265510.646800 1.154132263 -0.441937551 0.304908918 0.015678653 0.129453164 0.180419877 0.974907548
1548265510.680320 1.160619819 -0.454551918 0.304060293 0.014490160 0.115469618 0.182124759 0.976364366
1548265510.713830 1.178859130 -0.454466669 0.314365368 0.012544650 0.104193376 0.181344830 0.977803879
1548265510.747350 1.189725892 -0.466317186 0.312963826 0.011091255 0.095200560 0.184489460 0.978150028
1548265510.780890 1.196476612 -0.472380217 0.319166794 0.009138531 0.089277491 0.183539311 0.978907216
1548265510.814480 1.205524363 -0.476950616 0.321227026 0.008353429 0.086169045 0.182423360 0.979401263
1548265510.848000 1.221687340 -0.479089361 0.320974040 0.008101033 0.086150520 0.185391085 0.978847591
1548265510.881530 1.234723213 -0.483013065 0.319579445 0.009084956 0.083082509 0.185118963 0.979155621
1548265510.915050 1.249893747 -0.482387625 0.321811296 0.009122536 0.080955755 0.184207112 0.979505327
1548265510.948590 1.260313032 -0.490843442 0.325400454 0.009314430 0.082103540 0.185693964 0.979127163
1548265510.982110 1.273275576 -0.497594421 0.325600723 0.007690588 0.079894046 0.185998457 0.979266241
1548265511.015590 1.288029345 -0.502156321 0.330149447 0.004559536 0.078470061 0.186304654 0.979342757
1548265511.049110 1.301423921 -0.505027926 0.329063032 0.002816569 0.076093842 0.187437679 0.979320637
1548265511.082630 1.318845965 -0.510141192 0.328841656 -0.002022203 0.072294566 0.186406604 0.979807116
1548265511.116170 1.329202822 -0.514706937 0.336510362 -0.008480455 0.072209035 0.182392900 0.980533919
1548265511.149710 1.352433064 -0.524165635 0.339362896 -0.016131579 0.069984932 0.184304539 0.980241663
1548265511.183220 1.365142015 -0.522637882 0.343150855 -0.019356921 0.068537217 0.182296686 0.980660939
1548265511.216740 1.378101904 -0.524759373 0.351363108 -0.023208582 0.069499444 0.183172262 0.980346424
1548265511.250250 1.395416638 -0.529142689 0.355153800 -0.026320313 0.066338413 0.182423802 0.980626337
1548265511.283880 1.408203943 -0.529974041 0.358337870 -0.027350352 0.065669182 0.181384240 0.980836008
1548265511.317440 1.425241520 -0.530565516 0.359974983 -0.027742284 0.064820108 0.182352232 0.980701985
1548265511.350950 1.435719498 -0.531579713 0.359426072 -0.028884070 0.062392246 0.183406825 0.980629825
1548265511.417950 1.463537432 -0.532682393 0.363935800 -0.028760572 0.059965203 0.185753602 0.980343105
1548265511.451460 1.481253993 -0.535115518 0.367264694 -0.027210462 0.057238361 0.188783728 0.979971461
1548265511.484980 1.488668131 -0.537766410 0.367890563 -0.026534217 0.056314749 0.189160321 0.979970896
1548265511.518530 1.500503551 -0.540720939 0.368083526 -0.025687414 0.056234318 0.188365023 0.980151252
1548265511.552160 1.513510678 -0.543441166 0.366061426 -0.023762263 0.055150384 0.190297886 0.979888006
1548265511.585670 1.520409306 -0.545409743 0.366294083 -0.022576833 0.056578581 0.186242746 0.980613476
1548265511.618740 1.525764205 -0.545101187 0.367179571 -0.023245900 0.058267157 0.186093640 0.980527268
1548265511.652210 1.534241092 -0.542357932 0.366652891 -0.022805182 0.060735740 0.184275091 0.980731250
1548265511.685730 1.546074432 -0.548100916 0.365678189 -0.024794418 0.061705724 0.183728286 0.980725016
1548265511.719290 1.555367677 -0.551372511 0.366045662 -0.024031104 0.061378113 0.183689544 0.980771831
1548265511.752810 1.559458944 -0.553449937 0.365491782 -0.023165588 0.062331600 0.181153901 0.981204052
1548265511.786280 1.564897972 -0.554050207 0.365828596 -0.024351171 0.065049525 0.176720548 0.981807225
1548265511.819790 1.574385112 -0.555183163 0.367821962 -0.025859747 0.066582622 0.176337305 0.981734782
1548265511.853350 1.577209152 -0.557073589 0.365979693 -0.027027918 0.069294438 0.173719270 0.981982376
1548265511.886880 1.584506172 -0.557340064 0.369844626 -0.027219105 0.073212007 0.173422929 0.981745186
1548265511.920440 1.591073112 -0.560200631 0.370954104 -0.028470665 0.070727791 0.171960373 0.982148986
1548265511.954020 1.598030195 -0.553874746 0.373685784 -0.028162315 0.074032560 0.168519254 0.982510725
1548265511.987540 1.602780673 -0.553916311 0.372960816 -0.027999066 0.076074340 0.168387871 0.982381938
1548265512.021060 1.609545639 -0.556370759 0.374328700 -0.027146904 0.076517214 0.167884718 0.982457573
1548265512.054570 1.619285865 -0.555320902 0.375576152 -0.027342873 0.080488730 0.166486903 0.982372660
1548265512.088090 1.628317751 -0.558239696 0.374478677 -0.028024236 0.077784941 0.166883084 0.982504036
1548265512.121600 1.632744149 -0.557376527 0.377296497 -0.027369068 0.075121936 0.165528316 0.982958802
1548265512.155120 1.640789790 -0.555709418 0.378322418 -0.027701518 0.075998344 0.165843539 0.982828977
1548265512.188570 1.647828757 -0.561440705 0.380949457 -0.029996214 0.072641185 0.169787751 0.982341898
1548265512.222090 1.652184410 -0.558101751 0.378634162 -0.029632863 0.067753359 0.166774718 0.983217966
1548265512.255640 1.653403921 -0.555100137 0.381171543 -0.029521916 0.067284657 0.165784477 0.983420937
1548265512.289230 1.660292036 -0.554602569 0.383633502 -0.028949342 0.066380839 0.164806272 0.983663770
1548265512.322750 1.658832711 -0.549813326 0.382922396 -0.026791623 0.069321267 0.161584149 0.984056570
1548265512.356460 1.669885604 -0.554223887 0.389264516 -0.028384074 0.068864281 0.163134467 0.983788189
1548265512.389970 1.668107295 -0.547656655 0.388791886 -0.027320516 0.066390255 0.157194590 0.984954712
1548265512.423300 1.668755786 -0.548284975 0.395797161 -0.029518859 0.069217694 0.152906592 0.985371565
1548265512.456730 1.673179347 -0.548467505 0.397697122 -0.032100616 0.069569136 0.152087634 0.985392834
1548265512.490190 1.676224482 -0.547947983 0.401002777 -0.035181380 0.062415600 0.149379791 0.986180633
1548265512.523680 1.669330625 -0.537455639 0.404650557 -0.036168450 0.058608659 0.145420778 0.986969942
1548265512.557200 1.670881452 -0.535190526 0.412017299 -0.039341679 0.059601988 0.146890350 0.986571366
1548265512.590710 1.678717965 -0.539753827 0.421480914 -0.044832262 0.051777337 0.148260240 0.986573909
1548265512.624250 1.667730129 -0.530441212 0.423118364 -0.045243891 0.051777370 0.144426579 0.987123628
1548265512.657830 1.668832358 -0.531265096 0.428824719 -0.050539468 0.054222745 0.146070224 0.986493358
1548265512.691420 1.674819751 -0.532393202 0.438457616 -0.053735698 0.048390012 0.147890296 0.986356600
1548265512.725190 1.660324164 -0.524898127 0.443069499 -0.055431367 0.051017196 0.142832260 0.986875653
1548265512.758740 1.668295686 -0.523189735 0.450300222 -0.058833080 0.050509078 0.146958520 0.986098725
1548265512.792250 1.663676627 -0.519396744 0.451694733 -0.060408512 0.043895271 0.146853157 0.986335727
1548265512.825770 1.657725215 -0.511649947 0.454107914 -0.057926217 0.044994408 0.146027528 0.986557661
1548265512.859290 1.660022537 -0.519402496 0.457997761 -0.059969411 0.044003119 0.152485753 0.985502659
1548265512.892800 1.666761549 -0.512689028 0.461603888 -0.056410350 0.037195497 0.149608498 0.986433812
1548265512.926320 1.664033317 -0.514154593 0.461394318 -0.055619171 0.039992257 0.150520535 0.986230549
1548265512.959830 1.660947456 -0.528531914 0.457206434 -0.056896815 0.038029798 0.152823187 0.985881109
1548265512.993350 1.652281977 -0.519552054 0.459105706 -0.052375480 0.035396526 0.149138921 0.986793533
1548265513.026870 1.653352628 -0.525789764 0.460792391 -0.051929344 0.037219372 0.148333447 0.986871446
1548265513.060380 1.649060839 -0.533342505 0.457210362 -0.049680674 0.033619301 0.148784855 0.987048449
1548265513.093900 1.643291867 -0.523812040 0.455327863 -0.043525691 0.034268406 0.143341330 0.988121680
1548265513.127380 1.646915633 -0.535214733 0.455932813 -0.042517443 0.036130657 0.143255321 0.988111712
1548265513.160590 1.640626123 -0.538262612 0.451068339 -0.040290238 0.033256297 0.139809377 0.988799299
1548265513.194110 1.628540075 -0.538474456 0.449193612 -0.037190947 0.036910415 0.137508244 0.989113713
1548265513.227620 1.628381375 -0.553383141 0.445856949 -0.037751482 0.035811082 0.138511364 0.988992919
1548265513.261130 1.625198047 -0.552625118 0.447923714 -0.035207062 0.030783961 0.133495605 0.989945319
1548265513.294570 1.617494639 -0.550006627 0.442749574 -0.033691305 0.032885288 0.131364444 0.990215551
1548265513.328080 1.618121910 -0.555022134 0.445268235 -0.034190488 0.030345892 0.130233214 0.990428921
1548265513.361600 1.614213318 -0.559705445 0.447013024 -0.034740049 0.028349050 0.126608375 0.990938837
1548265513.394900 1.607383847 -0.559983421 0.447582991 -0.036466610 0.030071345 0.124939863 0.991037805
1548265513.428420 1.601904531 -0.561714685 0.443979856 -0.037935723 0.029834914 0.122392961 0.991307582
1548265513.461940 1.600840245 -0.562722692 0.447213814 -0.039494347 0.027964167 0.118896499 0.991726688
1548265513.495450 1.597021484 -0.562315932 0.451765510 -0.040675265 0.028760184 0.117284188 0.991848171
1548265513.528830 1.595664435 -0.563658671 0.453912469 -0.043345247 0.027554962 0.115598344 0.991967205
1548265513.562700 1.592356151 -0.561043956 0.451759464 -0.041223017 0.026727881 0.113115189 0.992366483
1548265513.596210 1.589818622 -0.562570266 0.452350805 -0.042255022 0.028235924 0.112894644 0.992306427
1548265513.629730 1.589516507 -0.566518699 0.455675287 -0.043025127 0.026711798 0.113341067 0.992264642
1548265513.663330 1.583972455 -0.567285728 0.453976490 -0.044642916 0.027694991 0.113070490 0.992197088
1548265513.696390 1.583585390 -0.569472982 0.455023740 -0.046126400 0.027012328 0.113360476 0.992114959
1548265513.729900 1.582154994 -0.568775426 0.457585541 -0.046797164 0.027124515 0.115649486 0.991816254
1548265513.763420 1.584136303 -0.563011548 0.455544385 -0.046682708 0.024852557 0.114726497 0.991988360
1548265513.796930 1.584618717 -0.566504830 0.456322782 -0.047186966 0.025047241 0.116169468 0.991791652
1548265513.830450 1.587191057 -0.564398584 0.454967532 -0.046322295 0.024592918 0.118025060 0.991624686
1548265513.863970 1.586640037 -0.563004511 0.454024575 -0.043839504 0.025185721 0.118797169 0.991630481
1548265513.897490 1.586761806 -0.563330166 0.450031162 -0.042957335 0.025184472 0.120183758 0.991502029
1548265513.964910 1.588360134 -0.562809963 0.446751276 -0.044090126 0.026645455 0.123489754 0.991007750
1548265513.998490 1.585766161 -0.558225634 0.441993565 -0.042797217 0.026553452 0.121550468 0.991306611
1548265514.032030 1.586694172 -0.564932744 0.443634942 -0.044512223 0.027899037 0.123053976 0.991008590
1548265514.065560 1.587701575 -0.561881783 0.441102576 -0.044402696 0.026397484 0.122801584 0.991085942
1548265514.099070 1.585619774 -0.559980577 0.437684705 -0.042842427 0.027364573 0.122299247 0.991190497
1548265514.132590 1.587278537 -0.561019935 0.439768996 -0.043425709 0.027929406 0.121642595 0.991230163
1548265514.166110 1.587244729 -0.560239535 0.435966628 -0.042692569 0.024769807 0.121488413 0.991364901
1548265514.199940 1.584635623 -0.557282849 0.436664855 -0.041194198 0.026340928 0.118901865 0.991701336
1548265514.233450 1.584496288 -0.559715292 0.435953974 -0.041939155 0.028851296 0.119499719 0.991528379
1548265514.267000 1.584275996 -0.561331868 0.433854728 -0.040794594 0.029071859 0.118237667 0.991720970
1548265514.300520 1.581270215 -0.555688293 0.432072210 -0.041458749 0.029577199 0.116742815 0.991855572
1548265514.334040 1.581641083 -0.558833555 0.433525465 -0.042156532 0.030611590 0.115409903 0.991950761
1548265514.367550 1.578221224 -0.559515165 0.433187947 -0.043214163 0.031869089 0.113848443 0.992046082
1548265514.401060 1.576191576 -0.560767573 0.433729631 -0.044525962 0.032708486 0.112645759 0.992098043
1548265514.434580 1.573740596 -0.559150272 0.433049599 -0.047863274 0.033275070 0.111498673 0.992053387
1548265514.468100 1.574692273 -0.560129716 0.434241519 -0.051131522 0.032028685 0.110363950 0.992058229
1548265514.501610 1.572063647 -0.554020751 0.434724970 -0.051012114 0.033806100 0.107389280 0.992331827
1548265514.535100 1.573498586 -0.561335803 0.437296840 -0.054242882 0.035434827 0.107704021 0.992069517
1548265514.568600 1.569033865 -0.560906720 0.436890854 -0.055010651 0.034445413 0.106485614 0.992193608
1548265514.601760 1.567945010 -0.557488168 0.436581258 -0.054260461 0.035361453 0.105244737 0.992335082
1548265514.635280 1.569462568 -0.562173293 0.436757188 -0.056315826 0.035533542 0.104804195 0.992261042
1548265514.668800 1.570559228 -0.557884928 0.433397949 -0.053133825 0.033078166 0.105221530 0.992477235
1548265514.702310 1.567560892 -0.560829991 0.434187953 -0.054028907 0.033027680 0.105677715 0.992382119
1548265514.735790 1.565627562 -0.563167740 0.431390705 -0.054292743 0.033233315 0.107280915 0.992188818
1548265514.769270 1.566153491 -0.565374165 0.429496978 -0.055209888 0.031798306 0.108624091 0.992039083
