1548265478.104770 0.000830509 -0.000064857 -0.002959113 -0.002705325 0.008773400 -0.001713270 0.999956386
1548265478.138280 0.000367984 -0.002970853 -0.004067451 -0.002970030 0.005670677 -0.002124531 0.999977254
1548265478.171080 0.005969598 -0.007410476 -0.006584554 -0.001795633 0.003346354 -0.001397799 0.999991812
1548265478.204590 0.014748687 -0.012759705 -0.010211558 -0.001781516 0.003826052 -0.000089676 0.999991090
1548265478.238230 0.022849546 -0.019119194 -0.011890757 -0.000979380 0.005815558 0.002099221 0.999980406
1548265478.271750 0.021576140 -0.024211395 -0.014183585 -0.001422657 0.010328012 0.004798693 0.999934138
1548265478.305140 0.033458387 -0.031529632 -0.015882461 -0.000900564 0.011603382 0.008272151 0.999898056
1548265478.338770 0.038347258 -0.035941685 -0.019025245 -0.001773515 0.017019123 0.013043148 0.999768513
1548265478.372270 0.026923759 -0.032664014 -0.012826667 -0.000588523 0.023000925 0.016036816 0.999606638
1548265478.405780 0.030289284 -0.039892765 -0.012241095 -0.002184469 0.024039626 0.016375476 0.999574494
1548265478.439070 0.017249692 -0.040798585 -0.007422336 -0.001096095 0.026010686 0.019220392 0.999476273
1548265478.472580 0.034174098 -0.047644434 -0.015150520 -0.004328975 0.021382470 0.020270450 0.999556481
1548265478.506330 0.049304759 -0.052917780 -0.015709443 -0.009066725 0.023935606 0.017186738 0.999524636
1548265478.539870 0.036461865 -0.065007105 -0.013095307 -0.013251073 0.032314854 0.017735590 0.999232510
1548265478.573390 0.030806828 -0.073813596 -0.007796950 -0.016485613 0.033742027 0.016854221 0.999152459
1548265478.606910 0.037699986 -0.084023034 -0.012416312 -0.016364383 0.037335187 0.015636646 0.999046438
1548265478.640420 0.029948216 -0.088006670 -0.012739015 -0.016534518 0.041552981 0.018192578 0.998833815
1548265478.673940 0.027153451 -0.098075348 -0.012727889 -0.014940028 0.041097260 0.019644109 0.998850299
1548265478.707460 0.029710724 -0.103731055 -0.017212150 -0.012474368 0.040112013 0.020095890 0.998915197
1548265478.741140 0.035841018 -0.106983592 -0.022486833 -0.009275391 0.040040033 0.019515668 0.998964415
1548265478.774650 0.040576908 -0.117375806 -0.027724357 -0.007499106 0.042694957 0.019034434 0.998878668
1548265478.808190 0.027363914 -0.119692753 -0.028878711 -0.002676960 0.047050102 0.023184674 0.998619844
1548265478.841700 0.031981380 -0.119728277 -0.031212857 0.001769069 0.042237596 0.022678775 0.998848602
1548265478.875220 0.047654758 -0.131627589 -0.039117931 0.001293571 0.041686298 0.022496967 0.998876602
1548265478.908760 0.036595844 -0.137174185 -0.041209404 0.002548601 0.044042404 0.023772012 0.998743542
1548265478.942520 0.023576610 -0.133787771 -0.039417865 0.005139185 0.039275758 0.024888550 0.998905183
1548265478.975790 0.038185115 -0.138869748 -0.044866292 0.006240005 0.034219098 0.022759531 0.999135686
1548265479.009310 0.051146261 -0.148014760 -0.049855327 0.005461253 0.031285585 0.023145603 0.999227536
1548265479.042800 0.053607592 -0.155976585 -0.052070202 0.005477448 0.033326220 0.023512273 0.999152908
1548265479.076320 0.028700468 -0.156307009 -0.048880038 0.004574349 0.036075107 0.026226443 0.998994412
1548265479.109510 0.058746849 -0.176985087 -0.056513926 0.002017367 0.026331076 0.022518340 0.999397583
1548265479.143030 0.057493636 -0.171536691 -0.058751325 0.001419059 0.032490138 0.022214114 0.999224154
1548265479.176540 0.048443438 -0.182938572 -0.054106110 -0.001298310 0.032607043 0.021845650 0.999228634
1548265479.210180 0.074953852 -0.198512716 -0.058632646 -0.005082605 0.028331414 0.018989278 0.999405276
1548265479.243570 0.067206140 -0.207916980 -0.059411911 -0.008867269 0.037416638 0.019919563 0.999061849
1548265479.277060 0.050139711 -0.210530372 -0.053143884 -0.010391427 0.039044145 0.023549890 0.998905889
1548265479.310570 0.078267989 -0.229514359 -0.054907617 -0.013941657 0.031562027 0.021612217 0.999170847
1548265479.344090 0.059306931 -0.237822016 -0.053392665 -0.015935795 0.036124429 0.024766115 0.998913267
1548265479.377640 0.071689334 -0.249888105 -0.056797104 -0.018920397 0.030318986 0.024613516 0.999058033
1548265479.411120 0.074754942 -0.256258533 -0.059225922 -0.016415423 0.027277442 0.025941580 0.999156399
1548265479.444560 0.098774713 -0.263409614 -0.066694074 -0.014668332 0.024042331 0.027214676 0.999232790
1548265479.478150 0.119675249 -0.283950464 -0.075201124 -0.016382927 0.024914603 0.032430690 0.999029085
1548265479.511700 0.062516439 -0.294574570 -0.069537517 -0.013907275 0.034741173 0.039395569 0.998522723
1548265479.545330 0.128992413 -0.283990675 -0.070530476 -0.010640126 0.014995406 0.041188413 0.998982202
1548265479.578850 0.114893554 -0.296936211 -0.076265965 -0.011152973 0.017824571 0.045763194 0.998731008
1548265479.612370 0.108639516 -0.295896850 -0.074809025 -0.006035333 0.014035091 0.049931291 0.998635798
1548265479.645880 0.122829422 -0.304462645 -0.077647791 -0.005592915 0.012997544 0.044913034 0.998890686
1548265479.679510 0.109246199 -0.309084389 -0.075295230 -0.003563966 0.020104305 0.046548794 0.998707327
1548265479.712910 0.098918965 -0.312564249 -0.074559785 0.000050771 0.017286219 0.045818593 0.998800201
1548265479.746430 0.125698321 -0.321663972 -0.086996819 0.001020025 0.011506177 0.039530473 0.999151595
1548265479.779940 0.111061582 -0.308389302 -0.076705254 0.003735856 0.019837340 0.037435570 0.999095141
1548265479.813460 0.093189447 -0.330604867 -0.070641842 -0.000020794 0.021478849 0.039326873 0.998995523
1548265479.846980 0.102025066 -0.334434302 -0.067660515 0.000141601 0.017656244 0.036798120 0.999166721
1548265479.880490 0.095423944 -0.334186358 -0.062300332 0.002636708 0.019106675 0.038741827 0.999063088
1548265479.914120 0.101419675 -0.346452862 -0.056838892 0.002306277 0.016941062 0.039861588 0.999058925
1548265479.947660 0.107762263 -0.348227974 -0.050340427 0.001726065 0.018043352 0.041116574 0.998989933
1548265479.981370 0.098688042 -0.348700774 -0.041277179 0.001994745 0.018574333 0.041692691 0.998955822
1548265480.014890 0.106858904 -0.358071543 -0.034861402 0.000761075 0.018173543 0.042808598 0.998917698
1548265480.048410 0.107155641 -0.357547257 -0.029991995 0.003394512 0.018632197 0.043818759 0.998859968
1548265480.081920 0.104874663 -0.354997831 -0.028397715 0.007273765 0.018592884 0.047330323 0.998679747
1548265480.115430 0.102756995 -0.348212479 -0.019942874 0.011869504 0.016553935 0.047933647 0.998642803
1548265480.148950 0.107844359 -0.335349675 -0.015266570 0.013263552 0.017373198 0.046535670 0.998677466
1548265480.182430 0.100763590 -0.342321638 -0.009325807 0.012988807 0.020428889 0.049805646 0.998465497
1548265480.215950 0.103065386 -0.340293522 -0.005822920 0.011590268 0.020179326 0.049584598 0.998498787
1548265480.249500 0.105033076 -0.338203000 0.002313661 0.011404613 0.021048844 0.050871956 0.998418211
1548265480.283020 0.095667541 -0.335967014 0.012132425 0.009512874 0.024805328 0.051131632 0.998338498
1548265480.316550 0.096518817 -0.333198752 0.020858574 0.006997381 0.024131403 0.049503787 0.998457854
1548265480.350070 0.099081446 -0.328150208 0.025437152 0.006366930 0.025918148 0.048782322 0.998452802
1548265480.383530 0.084788717 -0.333545127 0.038637302 0.004073482 0.032311207 0.048321893 0.998300750
1548265480.416970 0.084520971 -0.337617263 0.048968657 0.000941002 0.033885701 0.048156520 0.998264406
1548265480.450070 0.079688470 -0.338224241 0.056006919 0.000419206 0.037244952 0.048369903 0.998134756
1548265480.483490 0.074555416 -0.332522777 0.062541420 0.001082714 0.038101018 0.049722298 0.998035487
1548265480.517000 0.085025287 -0.334865376 0.066504686 0.000157458 0.037168329 0.049629893 0.998075831
1548265480.550520 0.078669772 -0.326416897 0.073121917 0.000546340 0.040715942 0.049541776 0.997941645
1548265480.584030 0.074039149 -0.329311882 0.084494602 -0.001887099 0.041593099 0.048296756 0.997964867
1548265480.617550 0.075222493 -0.325823239 0.090868637 -0.002340385 0.042299558 0.046963157 0.997997862
1548265480.651120 0.081687999 -0.332098562 0.091836462 -0.004630798 0.045082050 0.045729412 0.997925341
1548265480.684630 0.070290266 -0.326327419 0.106428884 -0.003955387 0.050423379 0.043956523 0.997752305
1548265480.718150 0.066345773 -0.331085997 0.115959519 -0.005966660 0.050142657 0.043181835 0.997790280
1548265480.751610 0.063698412 -0.328531477 0.122531925 -0.005348754 0.048495541 0.041149844 0.997961053
1548265480.785130 0.066905706 -0.329584862 0.131303832 -0.007953138 0.047872533 0.041477413 0.997960216
1548265480.818650 0.064090285 -0.325454813 0.140178383 -0.010689889 0.049833402 0.040477452 0.997879719
1548265480.852160 0.064086399 -0.330623652 0.152037529 -0.013428195 0.050202205 0.042119361 0.997760182
1548265480.885680 0.069733878 -0.330488019 0.159706070 -0.015263775 0.050273165 0.042572773 0.997710973
1548265480.919210 0.062909058 -0.320041898 0.170634238 -0.017372298 0.050601598 0.043880535 0.997603218
1548265480.952720 0.058738903 -0.316207266 0.183088281 -0.020924656 0.051429324 0.043456460 0.997511263
1548265480.986240 0.072627898 -0.306456092 0.185243347 -0.022264430 0.050398531 0.041801925 0.997605575
1548265481.019750 0.060354584 -0.307350319 0.199197276 -0.026181601 0.057062197 0.042242454 0.997132892
1548265481.053270 0.060385630 -0.304846066 0.210189883 -0.029424281 0.054279212 0.043242917 0.997154967
1548265481.086820 0.068986567 -0.305735015 0.217542502 -0.033441258 0.051317296 0.041775303 0.997247733
1548265481.120340 0.068647626 -0.297952122 0.225038281 -0.033866651 0.051381952 0.040583975 0.997279242
1548265481.153850 0.064425756 -0.299403829 0.234841958 -0.037991990 0.050831592 0.040694497 0.997154309
1548265481.187370 0.067602056 -0.296720535 0.243390707 -0.039525194 0.047491468 0.039853155 0.997293360
1548265481.220940 0.067985893 -0.295661119 0.250464765 -0.041682761 0.048360761 0.038017081 0.997235421
1548265481.254770 0.072037383 -0.295156772 0.258399037 -0.041742745 0.046335908 0.035774158 0.997412019
1548265481.288290 0.073570818 -0.298101439 0.263504672 -0.044514234 0.047210421 0.034404381 0.997299352
1548265481.321810 0.068997363 -0.293452562 0.271056434 -0.043694361 0.047839076 0.032243306 0.997377860
1548265481.355430 0.077119394 -0.295295100 0.278395513 -0.045411514 0.045631603 0.030184779 0.997469012
1548265481.388940 0.080617723 -0.291443416 0.281271936 -0.044999934 0.045803184 0.029886031 0.997488797
1548265481.422460 0.080484372 -0.291267797 0.287946218 -0.044010253 0.047240129 0.029232167 0.997485312
1548265481.455870 0.086877057 -0.288812455 0.292397056 -0.043848781 0.047068198 0.027284450 0.997555727
1548265481.489390 0.092877402 -0.291703323 0.298173126 -0.042784905 0.047146525 0.026449154 0.997620719
1548265481.522900 0.104238084 -0.291063853 0.302568947 -0.041656318 0.048112689 0.025422310 0.997649050
1548265481.556420 0.107370574 -0.288730055 0.306799712 -0.041023148 0.051200716 0.024185155 0.997552338
1548265481.589930 0.106484974 -0.284787032 0.315357952 -0.040772360 0.053058526 0.025527413 0.997432082
1548265481.623250 0.117052755 -0.282601794 0.317276566 -0.040739063 0.052194882 0.025418174 0.997481799
1548265481.656520 0.123508191 -0.272685761 0.319412854 -0.039060483 0.054220902 0.025857424 0.997429579
1548265481.690030 0.119475385 -0.269359870 0.328663321 -0.040909051 0.058552793 0.026674106 0.997089019
1548265481.723550 0.127706538 -0.256827564 0.331687444 -0.041955908 0.057673354 0.027671137 0.997069603
1548265481.757010 0.122422334 -0.251148172 0.339231539 -0.045874815 0.060757944 0.027225618 0.996726010
1548265481.790490 0.125183938 -0.240740272 0.347704815 -0.047994348 0.061995864 0.027440021 0.996544079
1548265481.823950 0.127296085 -0.237123470 0.352041881 -0.052290778 0.062548151 0.028334060 0.996268329
1548265481.857420 0.129129990 -0.224967352 0.357668268 -0.052767173 0.060846094 0.029291556 0.996320924
1548265481.890980 0.136033445 -0.218116738 0.358129889 -0.056934177 0.060730290 0.025440678 0.996204348
1548265481.924550 0.139664419 -0.212934705 0.359041601 -0.062030703 0.062167868 0.024250722 0.995840977
1548265481.958100 0.135650751 -0.207158433 0.366813498 -0.067376746 0.063591876 0.024714328 0.995392209
1548265481.991580 0.134651152 -0.195698169 0.376122614 -0.067966078 0.062633292 0.023424999 0.995444098
1548265482.025100 0.129928388 -0.194573989 0.381819953 -0.070515044 0.060991671 0.023939808 0.995356484
1548265482.058620 0.134640870 -0.188597990 0.382933624 -0.071422200 0.057732311 0.023611600 0.995494019
1548265482.092170 0.137184002 -0.182710683 0.385685962 -0.071808740 0.057713874 0.021546920 0.995514110
1548265482.125720 0.140675830 -0.175933463 0.382140189 -0.071779894 0.055642930 0.021077977 0.995644128
1548265482.159460 0.146083824 -0.168733061 0.381567858 -0.072849731 0.056227202 0.019664739 0.995562513
1548265482.192980 0.142456415 -0.164102849 0.380523080 -0.074404484 0.059697924 0.018380030 0.995269966
1548265482.226760 0.143526419 -0.159288265 0.381491037 -0.076106365 0.058853547 0.017896479 0.995200380
1548265482.260280 0.158542421 -0.138701177 0.381274137 -0.073415538 0.056938015 0.015736450 0.995550393
1548265482.293790 0.162124642 -0.131530290 0.376541300 -0.074417351 0.063380577 0.014914256 0.995099254
1548265482.327450 0.161779361 -0.123129408 0.378738135 -0.076589403 0.070129539 0.014872154 0.994482142
1548265482.360970 0.151017879 -0.116219470 0.382949371 -0.079641634 0.074825209 0.015360631 0.993892574
1548265482.394480 0.157077073 -0.112535742 0.383775120 -0.080078386 0.072515958 0.013470775 0.994056048
1548265482.428010 0.173393866 -0.096577068 0.378989771 -0.076716731 0.072030923 0.010478191 0.994392426
1548265482.461520 0.167820452 -0.089879611 0.381863919 -0.075937091 0.083751921 0.012126399 0.993515035
1548265482.495110 0.158571563 -0.069218128 0.384845125 -0.074353452 0.082362063 0.013772760 0.993729523
1548265482.528630 0.169772283 -0.062229017 0.383536427 -0.076724303 0.079637462 0.015129115 0.993751662
1548265482.562070 0.171390994 -0.058136248 0.388781774 -0.078340140 0.082073556 0.016720582 0.993401820
1548265482.595590 0.172927328 -0.060290115 0.389149090 -0.079972188 0.081082408 0.021106755 0.993269650
1548265482.629070 0.167712060 -0.058540982 0.391620578 -0.081215954 0.080948026 0.025333144 0.993080872
1548265482.662420 0.177706451 -0.071873154 0.393587867 -0.081487642 0.074733926 0.030129306 0.993411712
1548265482.695890 0.189167498 -0.080110634 0.391563539 -0.080820786 0.073557182 0.033246095 0.993454598
1548265482.729040 0.178216247 -0.091319108 0.389342727 -0.079716254 0.075846786 0.038906390 0.993166087
1548265482.762460 0.178365943 -0.096604542 0.385575315 -0.075594683 0.071274714 0.039062834 0.993820635
1548265482.795960 0.192065208 -0.103582407 0.384052612 -0.073778219 0.063984542 0.037092396 0.994528485
1548265482.829460 0.189710574 -0.114455169 0.380742553 -0.071765494 0.062519286 0.036552223 0.994788916
1548265482.862990 0.170968444 -0.117121931 0.382197037 -0.067232708 0.062036714 0.035875040 0.995160384
1548265482.896500 0.184480107 -0.127687742 0.369953211 -0.063308544 0.053335524 0.034642702 0.995965478
1548265482.930010 0.187838061 -0.135066899 0.371565470 -0.059232144 0.050804894 0.032189475 0.996430757
1548265482.963530 0.166201854 -0.139086262 0.369600548 -0.056489519 0.052790775 0.032435725 0.996478797
1548265482.997040 0.175207708 -0.150376100 0.364691413 -0.053749170 0.045622957 0.029678509 0.997070087
1548265483.030550 0.185752903 -0.153932600 0.362115518 -0.048192731 0.042641680 0.027491718 0.997548672
1548265483.064070 0.169293262 -0.174115842 0.355662326 -0.047622445 0.045350399 0.028560299 0.997426565
1548265483.097580 0.169268249 -0.163279460 0.358628594 -0.040141373 0.037545309 0.026187226 0.998144904
1548265483.131100 0.178437053 -0.167095430 0.359548591 -0.037690621 0.035488612 0.019941743 0.998459965
1548265483.164620 0.168603669 -0.190965487 0.356185708 -0.038126225 0.041550162 0.019656271 0.998215210
1548265483.198130 0.167880223 -0.191701100 0.358887892 -0.033068747 0.041098198 0.017771853 0.998449577
1548265483.231630 0.169248939 -0.209984674 0.352812091 -0.030568544 0.041632482 0.013845873 0.998569273
1548265483.265150 0.164103553 -0.219844281 0.347030035 -0.027025022 0.045304390 0.011497166 0.998541424
1548265483.298680 0.167168810 -0.232027305 0.343454281 -0.023738407 0.047540387 0.011356492 0.998522624
1548265483.332200 0.170147491 -0.246696656 0.339064421 -0.021101739 0.049831640 0.010563965 0.998478806
1548265483.365720 0.175860124 -0.267569767 0.327482238 -0.019327493 0.054035889 0.010971742 0.998291637
1548265483.399210 0.171720149 -0.275128149 0.328397239 -0.015550253 0.059534357 0.013669231 0.998011524
1548265483.432710 0.169861683 -0.285989161 0.319389647 -0.011820001 0.060559476 0.014638727 0.997987247
1548265483.466230 0.171334610 -0.283191728 0.311472091 -0.004950501 0.062660762 0.016242641 0.997890424
1548265483.499730 0.178884530 -0.294739878 0.307964092 0.001241680 0.070848350 0.018689138 0.997311228
1548265483.533240 0.176105106 -0.297390221 0.301925936 0.006012252 0.075564928 0.019050938 0.996940749
1548265483.566760 0.222847079 -0.289360774 0.289725049 0.013284047 0.079645612 0.021458939 0.996503700
1548265483.600240 0.204240067 -0.311291050 0.295790838 0.014772361 0.093979370 0.023370103 0.995190180
1548265483.633720 0.194621709 -0.313864584 0.283899710 0.018367579 0.100931254 0.024676266 0.994417717
1548265483.667240 0.198511368 -0.323786090 0.272357991 0.022709646 0.108763376 0.027365046 0.993431404
1548265483.700750 0.198277200 -0.313431761 0.270638062 0.028600518 0.118134522 0.028690826 0.992170893
1548265483.734280 0.200787779 -0.312734288 0.259486227 0.031548401 0.127442059 0.031612863 0.990839970
1548265483.767800 0.207276752 -0.323826109 0.254193753 0.033251715 0.135590394 0.035089291 0.989584918
1548265483.801310 0.225716889 -0.316019571 0.245216855 0.036277666 0.142912262 0.038041039 0.988338452
1548265483.834830 0.226750770 -0.327754821 0.240272417 0.036278663 0.153506675 0.042141015 0.986581823
1548265483.868370 0.280694503 -0.330603503 0.214941453 0.035668606 0.154087353 0.045844526 0.986348375
1548265483.901900 0.285144526 -0.332432674 0.216490102 0.034745363 0.168636967 0.049231546 0.983834634
1548265483.935450 0.240864908 -0.330146312 0.221228905 0.035328359 0.187784081 0.050947632 0.980251695
1548265483.969520 0.254612321 -0.333364747 0.208962603 0.034192486 0.194059796 0.054151542 0.978896971
1548265484.003120 0.251337740 -0.326766735 0.209100549 0.034163740 0.205566184 0.056142860 0.976434003
1548265484.036640 0.261410230 -0.322191564 0.208612538 0.035233452 0.214533908 0.061120348 0.974165340
1548265484.070150 0.240391917 -0.330204387 0.215324007 0.031368553 0.227485507 0.063743063 0.971186481
1548265484.103670 0.257186357 -0.321341017 0.201826636 0.033352125 0.231196845 0.065975911 0.970094240
1548265484.137180 0.242881443 -0.332256154 0.209109784 0.029986172 0.241508537 0.066628476 0.967644099
1548265484.170700 0.244504623 -0.331438471 0.214162372 0.027800478 0.245821802 0.067464274 0.966564714
1548265484.204220 0.254509187 -0.325582968 0.201094135 0.025860157 0.247422460 0.069639291 0.966055768
1548265484.237640 0.244584527 -0.321351248 0.212410801 0.024741019 0.254998767 0.072413686 0.963908589
1548265484.270390 0.250137621 -0.318522987 0.216712613 0.022652619 0.256896156 0.073280255 0.963390486
1548265484.303240 0.256769837 -0.313743083 0.212264552 0.019714166 0.256342933 0.073097242 0.963616337
1548265484.336760 0.258632789 -0.302223446 0.218167580 0.018963198 0.259675826 0.074156476 0.962657613
1548265484.370280 0.250531763 -0.301473798 0.227078407 0.014780146 0.261953941 0.074357453 0.962098046
1548265484.403790 0.256137325 -0.297179253 0.224083845 0.012735178 0.259816178 0.073483582 0.962773874
1548265484.437230 0.258297773 -0.294061750 0.226311567 0.010384286 0.261353880 0.075460318 0.962232849
1548265484.470750 0.259853618 -0.293817231 0.230490066 0.006530917 0.262871952 0.076527685 0.961768786
1548265484.504260 0.260483873 -0.289190480 0.232470616 0.004999821 0.264127693 0.076986721 0.961397217
1548265484.537780 0.261053334 -0.286885391 0.232192079 0.002735655 0.264506908 0.077478559 0.961262547
1548265484.571370 0.261727666 -0.287859407 0.235725596 0.000891077 0.266744430 0.078035026 0.960602493
1548265484.605080 0.261560176 -0.282690568 0.236797511 0.000078853 0.268336176 0.079641606 0.960027554
1548265484.638680 0.264398919 -0.274824403 0.237606165 -0.000649041 0.268710496 0.080964594 0.959811952
1548265484.672340 0.265926155 -0.269457279 0.235120782 -0.001044882 0.271850323 0.081450541 0.958885874
1548265484.705900 0.262059739 -0.264600086 0.238255688 -0.001235685 0.274396788 0.081580325 0.958149011
1548265484.739500 0.261948036 -0.263953813 0.241980854 -0.003537110 0.274822744 0.081839337 0.957999098
1548265484.773020 0.260103333 -0.259535614 0.242973707 -0.004156775 0.275441064 0.079948398 0.957978703
1548265484.806560 0.262034775 -0.248108738 0.237495888 -0.004695870 0.275031858 0.078644823 0.958201658
1548265484.840080 0.258844368 -0.243664795 0.240240054 -0.006732413 0.278680092 0.078259888 0.957166376
1548265484.873590 0.260755462 -0.235958751 0.243129084 -0.008390646 0.280628256 0.076748858 0.956706325
1548265484.907210 0.259438363 -0.226677325 0.239983582 -0.010203410 0.284137504 0.073994719 0.955869526
1548265484.941020 0.255860141 -0.222542777 0.245908285 -0.012000715 0.290124364 0.074440222 0.954013883
1548265484.974530 0.249402011 -0.223234098 0.254100115 -0.015273826 0.293468317 0.076358124 0.952791947
1548265485.008110 0.242552639 -0.215120031 0.259065316 -0.015096819 0.291737917 0.079368615 0.953080110
1548265485.041630 0.264872556 -0.187790652 0.243361504 -0.014992429 0.289235365 0.078877402 0.953884944
1548265485.075140 0.274348753 -0.169061003 0.240651321 -0.015802392 0.294608599 0.081798043 0.951979589
1548265485.108660 0.249728633 -0.185600655 0.256852685 -0.021980575 0.304099767 0.086172051 0.948480133
1548265485.142170 0.255883565 -0.170041413 0.256442713 -0.022850054 0.303401926 0.087922110 0.948522456
1548265485.175660 0.272351979 -0.154868779 0.248741719 -0.026931902 0.303759621 0.088252977 0.948270097
1548265485.209180 0.271380721 -0.147428733 0.251809465 -0.030638018 0.309878326 0.090373875 0.945975315
1548265485.242690 0.269562949 -0.138986791 0.255213064 -0.034524864 0.315708911 0.089676514 0.943977775
1548265485.276210 0.264026218 -0.143304333 0.270702469 -0.041508151 0.320294104 0.092416294 0.941885337
1548265485.309730 0.259771972 -0.138607612 0.280779454 -0.043966102 0.319160256 0.093170764 0.942084350
1548265485.343210 0.264668234 -0.138129160 0.278930088 -0.047049979 0.314856187 0.090863297 0.943607833
1548265485.376720 0.261505762 -0.134119172 0.280203057 -0.050460371 0.314002452 0.087642259 0.944020680
1548265485.410240 0.261160824 -0.130053385 0.276761278 -0.052504253 0.312380225 0.086760211 0.944528753
1548265485.443760 0.260231228 -0.121732004 0.277165754 -0.054058318 0.314389383 0.084206868 0.944005412
1548265485.477280 0.254158447 -0.121150274 0.283824008 -0.054651233 0.316098148 0.085013717 0.943328083
1548265485.510800 0.257933099 -0.110237512 0.280605172 -0.054121456 0.315287175 0.084724663 0.943655974
1548265485.544310 0.260462007 -0.106004189 0.276502158 -0.056524665 0.317763816 0.083621461 0.942782356
1548265485.577850 0.260749776 -0.098751385 0.277754843 -0.057537063 0.320873202 0.084495107 0.941589322
1548265485.611350 0.262009259 -0.094566562 0.274130981 -0.059730164 0.323725294 0.084157981 0.940506074
1548265485.644880 0.263937318 -0.083653333 0.282179178 -0.061417793 0.327948049 0.083108754 0.939026553
1548265485.678430 0.274027340 -0.074818930 0.275513886 -0.063621087 0.331025720 0.082353717 0.937865766
1548265485.711940 0.260641726 -0.069497871 0.284879212 -0.066231580 0.339437280 0.083241241 0.934594354
1548265485.745460 0.268994079 -0.068039883 0.285506867 -0.070326298 0.340446884 0.084146314 0.933846630
1548265485.778980 0.271671382 -0.056658866 0.292299230 -0.070705471 0.347155389 0.086830494 0.931098458
1548265485.812490 0.283061227 -0.046500534 0.272488976 -0.073459796 0.348567617 0.092861782 0.929774685
1548265485.846020 0.287807550 -0.039856188 0.283277490 -0.077139588 0.354845546 0.097412642 0.926630941
1548265485.879560 0.283114745 -0.041055403 0.286825850 -0.081188863 0.361340337 0.101927501 0.923283442
1548265485.913070 0.291735380 -0.035386515 0.291336054 -0.082441039 0.361055958 0.106714956 0.922742645
1548265485.946620 0.303672201 -0.024387532 0.293042158 -0.084475712 0.362947500 0.110930523 0.921318287
1548265485.980140 0.307382286 -0.020873925 0.291519718 -0.087312543 0.365795502 0.117278958 0.919138627
1548265486.013690 0.317447308 -0.023158363 0.304185122 -0.091101315 0.367354206 0.122618765 0.917450858
1548265486.047210 0.331173125 -0.023268416 0.297443918 -0.091871106 0.367573297 0.126249588 0.916793659
1548265486.080780 0.337862625 -0.034146905 0.297691981 -0.090696147 0.370161912 0.133601514 0.914825122
1548265486.114320 0.343752224 -0.034807782 0.298907417 -0.089680348 0.373316316 0.136840003 0.913163281
1548265486.147870 0.354645241 -0.043395218 0.293020201 -0.090206142 0.374001681 0.141906037 0.912057164
1548265486.181480 0.361682318 -0.045244905 0.293920184 -0.087769201 0.377808404 0.144215556 0.910362154
1548265486.214990 0.368164714 -0.048301070 0.290750666 -0.086147431 0.379235630 0.146963672 0.909483719
1548265486.248420 0.374529069 -0.055230998 0.289578581 -0.083997060 0.383123068 0.150206544 0.907523665
1548265486.281900 0.379321340 -0.062768889 0.288721170 -0.080379817 0.385826113 0.154950202 0.905907131
1548265486.315450 0.388030415 -0.067597722 0.279205034 -0.076491210 0.385638810 0.157931262 0.905808765
1548265486.348960 0.389277497 -0.070900766 0.279128795 -0.072113794 0.389741902 0.161918859 0.903705225
1548265486.382480 0.396894052 -0.080595942 0.275710670 -0.070981435 0.389615298 0.164992768 0.903293386
1548265486.416000 0.404378982 -0.086405986 0.271439610 -0.067409278 0.390923339 0.166040569 0.902809759
1548265486.449710 0.403823994 -0.099001451 0.270015139 -0.065005041 0.392360395 0.168851413 0.901840820
1548265486.483330 0.410473001 -0.100911402 0.268136235 -0.060870183 0.391581543 0.169054427 0.902429674
1548265486.516740 0.420374298 -0.107181216 0.260948955 -0.059403788 0.390216058 0.168428222 0.903235602
1548265486.550380 0.417526916 -0.117671461 0.264475147 -0.056602249 0.394325262 0.168922434 0.901537012
1548265486.583950 0.424194912 -0.122692947 0.260990768 -0.052903235 0.394026656 0.170338051 0.901625860
1548265486.617410 0.425281449 -0.129824501 0.253891368 -0.051105324 0.392047437 0.170385545 0.902582860
1548265486.650860 0.428033358 -0.138775508 0.247023076 -0.050739850 0.390236138 0.170543592 0.903358239
1548265486.684320 0.423704907 -0.141813327 0.253476587 -0.048266615 0.390832697 0.169835094 0.903369347
1548265486.717840 0.422060637 -0.148851158 0.247345278 -0.045884172 0.388190761 0.166681484 0.905218128
1548265486.751350 0.425796801 -0.155493121 0.242374696 -0.045496548 0.386168808 0.163065328 0.906759844
1548265486.784870 0.418693307 -0.163318425 0.249244631 -0.046193247 0.387028876 0.158888266 0.907099417
1548265486.818220 0.423492471 -0.171703828 0.245104722 -0.046349966 0.383253781 0.155541397 0.909271738
1548265486.851740 0.421990620 -0.180449767 0.243811099 -0.045597986 0.382477972 0.150916769 0.910415044
1548265486.885250 0.417743643 -0.187276498 0.247355601 -0.043161998 0.379909170 0.149771899 0.911797369
1548265486.918770 0.418093304 -0.189735934 0.245150733 -0.039713755 0.375565318 0.147304860 0.914152497
1548265486.952170 0.425771130 -0.198975021 0.237744864 -0.039872572 0.370906337 0.143857003 0.916593601
1548265486.985690 0.423712275 -0.204968820 0.238025561 -0.038730530 0.369566577 0.142945709 0.917326014
1548265487.019320 0.423628791 -0.208774687 0.239774248 -0.036739142 0.369058431 0.140857500 0.917935332
1548265487.052830 0.425777102 -0.216379170 0.235249597 -0.036296687 0.365893221 0.140278833 0.919307647
1548265487.086350 0.428356824 -0.218441235 0.229003158 -0.033810858 0.363224632 0.140563228 0.920416575
1548265487.119930 0.432244205 -0.226157508 0.224240899 -0.034056538 0.361011514 0.140807628 0.921240496
1548265487.153390 0.429817454 -0.231929714 0.227597022 -0.031827855 0.360583301 0.143080955 0.921137618
1548265487.186960 0.437441170 -0.237538064 0.221810517 -0.031790226 0.356848625 0.143778929 0.922483637
1548265487.220470 0.439735994 -0.242672500 0.225090767 -0.030639015 0.356336334 0.143810496 0.922715671
1548265487.253990 0.443824365 -0.249707646 0.224422203 -0.030866220 0.351951360 0.143160930 0.924490381
1548265487.287510 0.447064389 -0.258585209 0.213591823 -0.030170212 0.347397975 0.144082204 0.926091099
1548265487.321020 0.447115770 -0.268110475 0.213678829 -0.029112824 0.345545626 0.145686072 0.926566907
1548265487.354480 0.447693784 -0.270340947 0.216108493 -0.026922545 0.343521776 0.146346031 0.927281406
1548265487.388000 0.457633704 -0.272143256 0.208114617 -0.026673334 0.339785585 0.146237849 0.928681205
1548265487.421570 0.457114111 -0.280617429 0.212488713 -0.027484218 0.339891280 0.147474327 0.928423319
1548265487.455090 0.464818833 -0.287410861 0.208007679 -0.028716727 0.338152627 0.149179067 0.928748489
1548265487.488600 0.467028177 -0.291786894 0.207500533 -0.029504086 0.338073471 0.150097660 0.928604614
1548265487.522120 0.472510101 -0.296594628 0.204318486 -0.028211892 0.336419465 0.151743624 0.928977882
1548265487.555580 0.479175380 -0.308914258 0.200849513 -0.029317611 0.337053418 0.153992264 0.928343607
1548265487.588610 0.484477215 -0.311696206 0.202443951 -0.027901433 0.338944863 0.154559558 0.927604028
1548265487.621930 0.491563886 -0.321840434 0.194041814 -0.025968088 0.340163930 0.157342153 0.926745707
1548265487.655450 0.494246800 -0.334547734 0.188515917 -0.026558949 0.342385556 0.160942036 0.925291529
1548265487.688960 0.492075666 -0.337559123 0.185283758 -0.022466150 0.344935090 0.161861091 0.924292185
1548265487.722680 0.500039951 -0.346297015 0.173165678 -0.020107005 0.344172460 0.163728501 0.924301901
1548265487.756650 0.504323477 -0.351072518 0.166626958 -0.017860049 0.347313300 0.164101533 0.923106265
1548265487.790790 0.499840228 -0.350737329 0.167016083 -0.012316219 0.352100284 0.165757897 0.921085241
1548265487.824810 0.506759472 -0.358377071 0.151716765 -0.010090937 0.351976848 0.166446306 0.921035341
1548265487.858330 0.505300397 -0.353879634 0.152014347 -0.006350444 0.357228652 0.166232639 0.919083278
1548265487.891340 0.503668965 -0.356989660 0.151028253 -0.005131706 0.358757928 0.166134095 0.918512862
1548265487.924230 0.510680427 -0.368602978 0.134305137 -0.004583603 0.359832383 0.165034239 0.918293715
1548265487.957740 0.510869203 -0.362021577 0.133298506 -0.001240385 0.366801252 0.165854925 0.915394695
1548265487.991210 0.507852618 -0.361096246 0.133077016 0.000607142 0.372314533 0.168307106 0.912718050
1548265488.024720 0.516582843 -0.358043333 0.127825180 0.001022712 0.373052223 0.167788596 0.912511907
1548265488.058290 0.519934147 -0.367593272 0.102893370 -0.002793778 0.375148116 0.165997255 0.911976423
1548265488.091810 0.518538410 -0.353124129 0.121811751 -0.001678484 0.380869956 0.168623331 0.909121241
1548265488.125320 0.522555449 -0.350330969 0.118902988 -0.001230859 0.381564152 0.168816165 0.908795018
1548265488.158800 0.526678836 -0.345375516 0.110908562 -0.002303631 0.383792959 0.167396994 0.908116680
1548265488.192300 0.526288691 -0.339308760 0.111588378 -0.002341350 0.386172537 0.170103149 0.906603667
1548265488.225580 0.526122568 -0.333602803 0.114006887 -0.005530426 0.387373748 0.169799838 0.906134101
1548265488.259090 0.536364051 -0.319850685 0.101366903 -0.006105111 0.385044895 0.168721439 0.907323665
1548265488.292600 0.532112220 -0.322647960 0.104743665 -0.011352674 0.391121415 0.169225018 0.904576171
1548265488.326120 0.528104191 -0.308057001 0.116054242 -0.013238500 0.392921070 0.169251359 0.903765319
1548265488.359640 0.531147918 -0.306240225 0.114800680 -0.016259010 0.391410190 0.169176232 0.904385488
1548265488.393170 0.533574495 -0.299951256 0.118562515 -0.020153744 0.390478554 0.168553718 0.904825933
1548265488.426690 0.527147055 -0.293242390 0.122762691 -0.021866155 0.391300697 0.172592440 0.903668903
1548265488.460220 0.530295315 -0.287768215 0.120909352 -0.023524665 0.384909775 0.172698567 0.906347759
1548265488.493720 0.544187285 -0.274667260 0.121907674 -0.027260579 0.382840244 0.170448292 0.907544813
1548265488.527240 0.537596608 -0.267164019 0.127515699 -0.030899470 0.382121334 0.173995831 0.907057859
1548265488.560750 0.527099907 -0.267005514 0.137054428 -0.033901759 0.380031232 0.174391848 0.907752398
1548265488.594270 0.536696055 -0.251492740 0.131780856 -0.034384379 0.373620375 0.170784803 0.911075234
1548265488.627780 0.542606355 -0.238344261 0.127095645 -0.038855045 0.370655042 0.171255629 0.912017892
1548265488.661300 0.536177766 -0.222562947 0.140151165 -0.040886256 0.372049046 0.172347570 0.911155386
1548265488.694830 0.523193624 -0.225548427 0.157575267 -0.047742646 0.372441531 0.169752615 0.911148723
1548265488.728340 0.538275177 -0.204490170 0.154712128 -0.049870666 0.364187370 0.167114022 0.914851562
1548265488.761860 0.533640232 -0.194113743 0.160785397 -0.055160563 0.363497373 0.166315002 0.914967919
1548265488.795380 0.537823212 -0.203225629 0.163937633 -0.062600862 0.360608716 0.168833391 0.915170898
1548265488.828890 0.560763477 -0.195837019 0.149696180 -0.069496526 0.353519405 0.164235700 0.918270602
1548265488.862410 0.537467204 -0.193594579 0.174670705 -0.074139288 0.361878395 0.166728460 0.914193094
1548265488.895950 0.535002889 -0.184881844 0.188918712 -0.075167101 0.354768717 0.168922616 0.916490160
1548265488.929460 0.543306645 -0.184006029 0.184134004 -0.077827019 0.344378163 0.168007577 0.920391270
1548265488.962980 0.548260633 -0.170184110 0.183578131 -0.078272156 0.339144039 0.167489990 0.922389231
1548265488.996530 0.538615872 -0.154632905 0.199684322 -0.076765322 0.338477394 0.167543670 0.922750919
1548265489.030010 0.527501516 -0.142630048 0.219811076 -0.076891592 0.335291684 0.167145245 0.923974911
1548265489.063560 0.539264785 -0.143391132 0.202939895 -0.079153592 0.323470398 0.161731777 0.928948030
1548265489.097080 0.539823395 -0.134660055 0.203475848 -0.079225228 0.322523686 0.159070631 0.929730267
1548265489.130590 0.524007141 -0.125833670 0.223807622 -0.079966037 0.322935091 0.156726814 0.929922075
1548265489.164110 0.516405138 -0.123171237 0.223205322 -0.082604420 0.317053175 0.151944114 0.932505646
1548265489.197620 0.527689802 -0.105411255 0.217493479 -0.082268157 0.314884284 0.147651426 0.933958722
1548265489.231140 0.508452965 -0.100885456 0.234617772 -0.082844469 0.321424918 0.144499544 0.932170960
1548265489.264620 0.499609067 -0.096363064 0.243270573 -0.085459769 0.316079597 0.141212797 0.934264022
1548265489.298280 0.468653406 -0.090710429 0.268535151 -0.087071425 0.312855874 0.138080655 0.935667410
1548265489.331660 0.499424497 -0.080395211 0.245994246 -0.086918336 0.295406141 0.134431883 0.941864366
1548265489.365090 0.489202286 -0.075497384 0.253062604 -0.089425899 0.297484412 0.131169691 0.941435364
1548265489.398530 0.458065345 -0.076862987 0.273260519 -0.091488193 0.294749360 0.128402446 0.942478402
1548265489.431970 0.449645557 -0.065010002 0.282140511 -0.091879942 0.286186017 0.124642547 0.945579122
1548265489.465340 0.468195533 -0.058120020 0.275080542 -0.092190558 0.273208473 0.121003253 0.949850643
1548265489.498610 0.466246154 -0.054200517 0.273907491 -0.092576179 0.266911636 0.117528733 0.952037198
1548265489.532120 0.449399020 -0.057925578 0.280487443 -0.094932115 0.264086175 0.115611176 0.952827603
1548265489.565640 0.419078288 -0.044340483 0.304811177 -0.095554481 0.259745044 0.108970001 0.954739437
1548265489.599160 0.439471072 -0.032458631 0.290780112 -0.097779841 0.245791649 0.103747846 0.958781493
1548265489.632670 0.430229456 -0.029001887 0.298918890 -0.100621006 0.243849653 0.099976495 0.959383896
1548265489.666190 0.430298767 -0.034717275 0.299083882 -0.104361320 0.236762323 0.095066518 0.961256820
1548265489.699700 0.429291974 -0.036710163 0.301252689 -0.109147939 0.231890579 0.091705187 0.962238871
1548265489.733310 0.419311931 -0.036608065 0.309171408 -0.110231741 0.229021429 0.086514298 0.963282630
1548265489.766980 0.409618820 -0.037683145 0.317392170 -0.110229896 0.226270463 0.083266175 0.964218747
1548265489.800500 0.403705882 -0.043727915 0.320824520 -0.112896786 0.222740379 0.079595970 0.965041720
1548265489.834020 0.389757912 -0.050676070 0.324619701 -0.113052092 0.217968867 0.077182780 0.966308241
1548265489.867530 0.390783004 -0.047890549 0.323290556 -0.111339287 0.209604552 0.073863963 0.968614273
1548265489.901050 0.384153414 -0.052431604 0.326028312 -0.110898713 0.205369874 0.073797316 0.969576529
1548265489.934980 0.390085627 -0.056132950 0.324536965 -0.109600029 0.199252681 0.072011513 0.971133639
1548265489.968490 0.385223233 -0.056009779 0.325277900 -0.106925938 0.199477474 0.071922501 0.971392163
1548265490.002010 0.377542411 -0.063451017 0.328209292 -0.105928145 0.197595719 0.070314799 0.972003595
1548265490.035320 0.380166950 -0.065667417 0.328089752 -0.104334424 0.193635380 0.069418548 0.973036861
1548265490.068470 0.373919706 -0.068397005 0.328943051 -0.101073045 0.192069933 0.069194659 0.973707081
1548265490.101970 0.367546176 -0.072690983 0.329160372 -0.097934815 0.191404422 0.069200833 0.974158285
1548265490.135480 0.382292550 -0.073402795 0.321494605 -0.095762286 0.186223683 0.069861743 0.975330539
1548265490.168720 0.376477414 -0.074712891 0.315530458 -0.093491867 0.190381406 0.070335003 0.974713896
1548265490.202230 0.376997748 -0.077533259 0.317047270 -0.092226990 0.194798755 0.073100892 0.973757612
1548265490.235680 0.373285687 -0.083996314 0.318342889 -0.092571230 0.199175642 0.075054925 0.972690284
1548265490.269200 0.382910087 -0.078162478 0.311816567 -0.089144972 0.201313438 0.075684393 0.972521438
1548265490.302720 0.366065901 -0.088675569 0.320201404 -0.089856984 0.208327177 0.077070263 0.970868521
1548265490.336240 0.366313038 -0.094170339 0.320435269 -0.089057644 0.208534360 0.075883096 0.970991201
1548265490.369810 0.367566205 -0.105121578 0.313479177 -0.089943321 0.210774175 0.075777011 0.970434073
1548265490.403330 0.360350587 -0.107780724 0.315659763 -0.086009252 0.213319598 0.075684837 0.970241703
1548265490.436850 0.350712682 -0.114650915 0.318837242 -0.084473923 0.214364942 0.077442407 0.970007475
1548265490.470580 0.361263346 -0.118119314 0.306343430 -0.082139112 0.211842457 0.076557947 0.970832025
1548265490.504100 0.353444702 -0.118342160 0.309150182 -0.078855083 0.215885063 0.078979749 0.970019440
1548265490.537620 0.342747273 -0.131104461 0.314063518 -0.076537553 0.216017621 0.080971285 0.970011361
1548265490.571150 0.352274810 -0.127559569 0.303519781 -0.072455585 0.210866099 0.078933711 0.971625003
1548265490.604860 0.345770637 -0.130979125 0.303114370 -0.070685139 0.212131432 0.079425104 0.971439921
1548265490.638370 0.332135276 -0.147528394 0.306578378 -0.070745654 0.211706662 0.081303939 0.971372746
1548265490.671890 0.339847925 -0.140203270 0.297078193 -0.067177917 0.204976911 0.078481403 0.973299678
1548265490.705410 0.334387741 -0.143035484 0.293910748 -0.065813179 0.205580959 0.077476491 0.973346027
1548265490.738930 0.326491907 -0.151559947 0.299912685 -0.064312964 0.206762429 0.078921630 0.973079913
1548265490.772440 0.328419263 -0.155155361 0.295295912 -0.062818605 0.202475995 0.077353308 0.974204168
1548265490.805950 0.325026256 -0.162228339 0.289845302 -0.060307229 0.201705720 0.075755066 0.974648147
1548265490.839470 0.315353581 -0.167364817 0.293024472 -0.056999520 0.201870752 0.075319603 0.974846763
1548265490.872990 0.317391889 -0.175464091 0.290211673 -0.054959561 0.197696011 0.073351942 0.975968866
1548265490.906540 0.317354668 -0.176743446 0.281502833 -0.052623172 0.195800168 0.070704099 0.976674985
1548265490.940050 0.309618061 -0.178235952 0.282459525 -0.051085599 0.197253081 0.069654693 0.976539660
1548265490.973540 0.303207144 -0.190754517 0.282447119 -0.050769382 0.195870491 0.067978812 0.976952456
1548265491.007050 0.306546552 -0.189866606 0.277423958 -0.049199316 0.193517875 0.065606523 0.977663564
1548265491.040500 0.300999683 -0.192723634 0.276132817 -0.047707588 0.193533489 0.064151284 0.977830961
1548265491.073990 0.290442081 -0.202984930 0.278774591 -0.047754477 0.193069555 0.063178745 0.977983693
1548265491.107510 0.287158712 -0.203018306 0.276668215 -0.048120026 0.189912408 0.061144141 0.978712999
1548265491.141050 0.290121337 -0.205995344 0.273947361 -0.049930531 0.187102051 0.057740536 0.979370101
1548265491.174600 0.275554728 -0.219843595 0.277486721 -0.052624425 0.186161594 0.058550883 0.979360161
1548265491.208120 0.277538282 -0.228804317 0.280055341 -0.050947238 0.178672647 0.058404406 0.980851360
1548265491.241740 0.282495924 -0.225026670 0.272731760 -0.050117997 0.174387921 0.056548760 0.981773536
1548265491.275250 0.269830146 -0.230409491 0.279469352 -0.050921421 0.173765069 0.057665233 0.981777689
1548265491.308780 0.266356178 -0.242531365 0.283454712 -0.052558108 0.166792398 0.056768785 0.982952311
1548265491.342300 0.268260420 -0.245162339 0.271555078 -0.051421689 0.158789322 0.053488973 0.984520539
1548265491.375810 0.268130193 -0.253164461 0.272128737 -0.050744746 0.158513813 0.054222931 0.984559910
1548265491.409320 0.258514064 -0.261688797 0.280237602 -0.049504599 0.155193519 0.055282324 0.985092955
1548265491.442780 0.256939880 -0.265785902 0.279569154 -0.048152595 0.146817154 0.053319112 0.986551125
1548265491.476300 0.247967292 -0.272383315 0.277969117 -0.047431950 0.145121508 0.052250726 0.986894027
1548265491.509810 0.240458196 -0.283882293 0.272422526 -0.050658424 0.141471495 0.051956671 0.987279112
1548265491.543330 0.240891398 -0.285293953 0.271821131 -0.049693125 0.134444292 0.048497750 0.988485353
1548265491.576900 0.236059920 -0.291182354 0.272377925 -0.048844885 0.131577792 0.046195324 0.989023485
1548265491.610420 0.222716558 -0.304069993 0.271453913 -0.049608325 0.128815160 0.045072716 0.989400889
1548265491.643930 0.225070197 -0.296149462 0.268266490 -0.046416746 0.120172047 0.040684928 0.990832429
1548265491.677390 0.220274734 -0.290084348 0.266944560 -0.046079259 0.116557123 0.037636894 0.991400324
1548265491.710820 0.205977789 -0.292592801 0.266585612 -0.046726921 0.115738858 0.036421199 0.991511275
1548265491.744200 0.203149046 -0.301425840 0.265160662 -0.049386662 0.106946651 0.033557053 0.992470300
1548265491.777720 0.202186860 -0.296262013 0.260826048 -0.048263487 0.100546889 0.030335212 0.993297908
1548265491.811240 0.189815837 -0.297498143 0.260708051 -0.047235585 0.097816676 0.028657479 0.993669687
1548265491.844750 0.178814071 -0.284690469 0.261709429 -0.043126383 0.090560925 0.028297720 0.994554208
1548265491.878270 0.184481278 -0.284217377 0.265460314 -0.042558148 0.078062597 0.024960574 0.995726873
1548265491.911910 0.178735344 -0.282267013 0.262716054 -0.043783400 0.072506795 0.023100684 0.996138613
1548265491.946040 0.157138245 -0.261810726 0.264541466 -0.042482659 0.069365426 0.019349660 0.996498496
1548265491.979610 0.173423820 -0.257933053 0.262794326 -0.044464077 0.056487681 0.018077736 0.997248857
1548265492.013130 0.178257902 -0.256750015 0.262245238 -0.046184340 0.054188817 0.016348455 0.997328084
1548265492.046640 0.163894343 -0.255451234 0.266546519 -0.048763944 0.053047095 0.016510279 0.997264004
1548265492.080110 0.159882097 -0.245590030 0.268370256 -0.051310175 0.047951433 0.014467029 0.997426003
1548265492.113140 0.163609895 -0.248941307 0.265772210 -0.055529824 0.044290516 0.010412549 0.997419855
1548265492.146660 0.155383423 -0.243150430 0.267941291 -0.057803703 0.042973826 0.007445621 0.997374827
1548265492.180180 0.147234058 -0.237050935 0.269686690 -0.058404559 0.038345889 0.006247482 0.997536701
1548265492.213690 0.154108766 -0.235713000 0.269127856 -0.058948943 0.031752412 0.000916341 0.997755464
1548265492.247210 0.144301204 -0.230931081 0.272928364 -0.059986332 0.032271981 -0.000332624 0.997677327
1548265492.280710 0.139699191 -0.219557199 0.274687932 -0.060535816 0.029826218 -0.002688427 0.997716685
1548265492.314230 0.144848084 -0.225160701 0.276607853 -0.063152907 0.025414987 -0.005142121 0.997666952
1548265492.347750 0.143176183 -0.211688238 0.279295262 -0.062080960 0.025784153 -0.007661717 0.997708590
1548265492.381130 0.135484907 -0.213892670 0.282015793 -0.064958429 0.025354566 -0.009162302 0.997523734
1548265492.414610 0.130616275 -0.211730701 0.283653409 -0.066328653 0.022320918 -0.010884769 0.997488751
1548265492.448120 0.135218755 -0.205312535 0.284389447 -0.066275026 0.018574975 -0.012203552 0.997553840
1548265492.481640 0.134158015 -0.199197681 0.286525515 -0.066522217 0.018074216 -0.014625244 0.997514020
1548265492.515150 0.123919832 -0.187253741 0.289997732 -0.067281439 0.017627211 -0.015655426 0.997455461
1548265492.548670 0.120181589 -0.182174100 0.291546652 -0.069357316 0.015561659 -0.018503821 0.997298855
1548265492.582160 0.121221842 -0.179623772 0.292067039 -0.071676034 0.011903338 -0.020812366 0.997139761
1548265492.615680 0.122948113 -0.179638870 0.297194010 -0.075258952 0.009143172 -0.020662462 0.996907997
1548265492.649200 0.104842588 -0.164008593 0.299209000 -0.075256482 0.009072003 -0.019926656 0.996923813
1548265492.682710 0.113538128 -0.165187817 0.301215486 -0.077270371 0.000414894 -0.023780487 0.996726445
1548265492.716210 0.116415793 -0.159469524 0.306011693 -0.078859493 -0.002887896 -0.026942410 0.996517409
1548265492.749720 0.092148314 -0.151647629 0.311672478 -0.080895510 -0.002438726 -0.030051352 0.996266473
1548265492.783480 0.097694028 -0.146982689 0.313944316 -0.081048538 -0.009223878 -0.034004707 0.996087212
1548265492.816990 0.107617472 -0.148474954 0.314514450 -0.083203202 -0.015042679 -0.034488478 0.995822017
1548265492.850510 0.091216082 -0.138406049 0.316371221 -0.082606051 -0.014395368 -0.036934847 0.995793568
1548265492.884090 0.092161674 -0.138979233 0.318549262 -0.085092789 -0.017557598 -0.039189550 0.995447200
1548265492.917610 0.082145295 -0.131018470 0.322704047 -0.084952248 -0.018529499 -0.039735439 0.995419946
1548265492.951130 0.084620217 -0.131371487 0.326388118 -0.086929994 -0.022694814 -0.040999460 0.995111635
1548265492.984650 0.079273548 -0.127086618 0.331707121 -0.088344958 -0.022598922 -0.042028248 0.994946272
1548265493.018170 0.071951686 -0.126776104 0.333580665 -0.088633513 -0.025028949 -0.042955231 0.994822849
1548265493.051670 0.073059869 -0.121782446 0.332509350 -0.089010293 -0.029806953 -0.043973117 0.994613029
1548265493.085200 0.069457462 -0.118122840 0.332204405 -0.089041109 -0.031415781 -0.045620465 0.994486552
1548265493.118710 0.063401090 -0.112036890 0.333447958 -0.089090687 -0.032517733 -0.047633263 0.994352311
1548265493.152230 0.057088426 -0.106562682 0.337068082 -0.089189477 -0.034336811 -0.049075498 0.994212158
1548265493.185750 0.057299559 -0.107894652 0.340585692 -0.091499070 -0.036932239 -0.049182761 0.993903912
1548265493.219260 0.057466887 -0.105304099 0.341495755 -0.092876247 -0.038111371 -0.049150919 0.993733220
1548265493.252770 0.052732345 -0.101820701 0.344858220 -0.093706743 -0.038670684 -0.049571097 0.993612767
1548265493.286280 0.045522104 -0.098715776 0.347398359 -0.095105756 -0.039399015 -0.052242458 0.993314320
1548265493.319800 0.045487851 -0.100728543 0.348066185 -0.095187549 -0.041052512 -0.054938090 0.993094068
1548265493.353320 0.037851129 -0.096114449 0.351228763 -0.094005862 -0.043074238 -0.056122803 0.993054751
1548265493.386790 0.033888795 -0.098065757 0.353743195 -0.093755363 -0.045319377 -0.054603949 0.993063188
1548265493.420310 0.036162329 -0.102065886 0.350147930 -0.093321271 -0.049599636 -0.054886834 0.992883907
1548265493.453800 0.028417923 -0.103255473 0.350056018 -0.090809750 -0.051636026 -0.055415980 0.992983575
1548265493.487220 0.027080506 -0.107172069 0.346899159 -0.090265589 -0.054209624 -0.057375852 0.992784696
1548265493.520730 0.026604621 -0.108724692 0.344490699 -0.089726086 -0.054487651 -0.059167374 0.992713225
1548265493.554250 0.026757543 -0.110516500 0.343354812 -0.089822003 -0.056836777 -0.058896922 0.992588908
1548265493.587760 0.019768064 -0.110829182 0.343928403 -0.088309074 -0.058265949 -0.059781437 0.992588921
1548265493.621280 0.016734012 -0.116225376 0.341832433 -0.087439869 -0.059895029 -0.060490942 0.992525919
1548265493.654800 0.019588851 -0.118209742 0.338173405 -0.086562644 -0.061950314 -0.061870413 0.992391616
1548265493.688550 0.014929510 -0.118353945 0.339100044 -0.083708982 -0.064281640 -0.062908353 0.992422902
1548265493.722060 0.013778178 -0.120242858 0.335762052 -0.084845845 -0.065112508 -0.061990560 0.992329942
1548265493.755580 0.018842955 -0.125566934 0.333974186 -0.084340893 -0.067047140 -0.062919110 0.992185709
1548265493.789100 0.010514167 -0.123169721 0.333617303 -0.082939732 -0.065228154 -0.061835383 0.992493161
1548265493.822460 0.005477206 -0.127995734 0.333102936 -0.083260687 -0.065627499 -0.062933898 0.992370905
1548265493.856130 0.008351572 -0.131083646 0.330983891 -0.082791060 -0.067904806 -0.062126272 0.992307868
1548265493.889790 0.005172332 -0.131527561 0.329119453 -0.081726032 -0.068105091 -0.063244240 0.992311805
1548265493.923440 0.011247088 -0.140350831 0.323983721 -0.081596489 -0.069959758 -0.064347099 0.992122521
1548265493.957420 0.008549734 -0.137127714 0.322800931 -0.080045371 -0.068386898 -0.064285602 0.992362500
1548265493.990930 0.000634870 -0.138348753 0.324116719 -0.079443815 -0.067207151 -0.062885642 0.992581118
1548265494.024450 0.004147841 -0.144017194 0.318892672 -0.079164482 -0.068714504 -0.063819638 0.992440606
1548265494.057510 0.008864156 -0.148532792 0.316074217 -0.079238873 -0.065585890 -0.064388789 0.992609579
1548265494.090880 0.002383192 -0.141729127 0.315514355 -0.078571298 -0.064004801 -0.062535387 0.992884315
1548265494.124400 0.003392612 -0.144092742 0.314270449 -0.078232630 -0.066005283 -0.064315515 0.992666345
1548265494.157920 0.009212628 -0.146745901 0.309542040 -0.080581883 -0.067033508 -0.065979986 0.992300212
1548265494.191570 0.008218154 -0.148671134 0.311698875 -0.082487434 -0.064939434 -0.066110111 0.992274229
1548265494.225090 0.002671533 -0.146211903 0.313831686 -0.083983044 -0.063973497 -0.066199414 0.992205562
1548265494.258600 -0.004030762 -0.144039124 0.315320139 -0.084042544 -0.063031022 -0.066633623 0.992231778
1548265494.291870 -0.008909654 -0.143077906 0.316973776 -0.084559420 -0.063164840 -0.067553259 0.992117163
1548265494.325390 -0.008248979 -0.143605885 0.316117247 -0.086018949 -0.065471089 -0.068503924 0.991776935
1548265494.358900 -0.009444247 -0.147661402 0.316255581 -0.086885385 -0.067611780 -0.069919845 0.991458921
1548265494.392420 -0.011301550 -0.148179082 0.316916959 -0.088177377 -0.066737050 -0.069021005 0.991467103
1548265494.425930 -0.014558654 -0.151517070 0.317339060 -0.086575690 -0.067561162 -0.069501824 0.991518853
1548265494.459430 -0.008455596 -0.153064816 0.315703230 -0.087609748 -0.067774144 -0.068867301 0.991457761
1548265494.492940 -0.016732472 -0.147865680 0.318846279 -0.086138416 -0.066563750 -0.068919464 0.991665038
1548265494.526480 -0.013486948 -0.152324638 0.317406334 -0.087040624 -0.069715900 -0.068768231 0.991380126
1548265494.559990 -0.008209399 -0.155886473 0.316315056 -0.088738066 -0.068300570 -0.069454204 0.991280334
1548265494.593510 -0.010254070 -0.156390685 0.315612890 -0.089539654 -0.066531517 -0.068442585 0.991398921
1548265494.627030 -0.015939214 -0.152677469 0.318976348 -0.090375334 -0.064878592 -0.067793129 0.991477261
1548265494.660520 -0.017284840 -0.156607483 0.319802665 -0.090911155 -0.065750176 -0.069776845 0.991233206
1548265494.693990 -0.015480791 -0.155390212 0.318420724 -0.092092824 -0.066852678 -0.071789935 0.990906573
1548265494.727500 -0.014996175 -0.155351182 0.318841666 -0.094055512 -0.066373255 -0.072831921 0.990678385
1548265494.761020 -0.024178221 -0.147156746 0.323871728 -0.093942161 -0.066314868 -0.075625706 0.990483701
1548265494.794530 -0.028795449 -0.147953224 0.324432375 -0.095246669 -0.068210112 -0.080077223 0.989880342
1548265494.828050 -0.035100410 -0.141885289 0.326881445 -0.096529509 -0.068769035 -0.080598329 0.989675090
1548265494.861560 -0.045114010 -0.133061604 0.330205461 -0.097113722 -0.071224225 -0.079622436 0.989523270
1548265494.895080 -0.043663881 -0.131955825 0.327472216 -0.099519998 -0.077689814 -0.081799307 0.988619713
1548265494.928530 -0.042038571 -0.127186326 0.326701502 -0.100178850 -0.082468861 -0.083935236 0.987986822
1548265494.962040 -0.047424254 -0.118490507 0.328511009 -0.101744593 -0.087343167 -0.087308055 0.987115248
1548265494.995630 -0.053583507 -0.112417471 0.332203447 -0.104824603 -0.092674393 -0.090912265 0.985980841
1548265495.029070 -0.052514222 -0.112502929 0.326902941 -0.109636960 -0.101229856 -0.095980722 0.984134114
1548265495.062590 -0.051015395 -0.111019819 0.328760309 -0.112803939 -0.104762972 -0.100321138 0.982972869
1548265495.096030 -0.053355852 -0.106048873 0.330531399 -0.113807579 -0.108462183 -0.104134685 0.982058938
1548265495.129540 -0.060312628 -0.097922267 0.330627836 -0.115390470 -0.113206205 -0.109886084 0.980711193
1548265495.163060 -0.058083049 -0.104207555 0.329121350 -0.118545749 -0.117343760 -0.114778982 0.979287053
1548265495.196570 -0.065864682 -0.095610571 0.333589382 -0.117940293 -0.117695945 -0.117108609 0.979042045
1548265495.230080 -0.070628781 -0.085547126 0.334894247 -0.117130595 -0.121422550 -0.118844024 0.978474878
1548265495.263600 -0.066630930 -0.096157331 0.332386992 -0.117255554 -0.125826745 -0.125552520 0.977064650
1548265495.297110 -0.065847532 -0.087241405 0.332569511 -0.115076711 -0.123412779 -0.125533302 0.977633892
1548265495.330600 -0.073818780 -0.075510866 0.332752406 -0.111437570 -0.124156497 -0.126844071 0.977792112
1548265495.364140 -0.057570661 -0.092563622 0.326446170 -0.114674963 -0.128103966 -0.132446732 0.976164376
1548265495.397630 -0.059399448 -0.079999990 0.324455907 -0.112380140 -0.123649918 -0.130180576 0.977309787
1548265495.431150 -0.058870489 -0.060059171 0.324909566 -0.109144440 -0.126752445 -0.127064008 0.977689136
1548265495.464660 -0.062937429 -0.053522095 0.324643159 -0.109182097 -0.133753514 -0.127937467 0.976637738
1548265495.498180 -0.064426663 -0.055059693 0.328157745 -0.111719353 -0.138183992 -0.132751384 0.975090273
1548265495.531720 -0.061603543 -0.045553174 0.327087612 -0.111593519 -0.145129378 -0.134928734 0.973795968
1548265495.565240 -0.060669743 -0.041848661 0.332304526 -0.112696896 -0.156902175 -0.137602293 0.971466276
1548265495.598770 -0.063632212 -0.040375717 0.333665306 -0.114926790 -0.166468659 -0.144001392 0.968681381
1548265495.632270 -0.057411451 -0.043239672 0.330956982 -0.118290750 -0.170195041 -0.149490140 0.966795555
1548265495.665790 -0.063659853 -0.024103724 0.339932035 -0.118701709 -0.173021965 -0.149667186 0.966215834
1548265495.699280 -0.066323105 -0.018441544 0.341707355 -0.121735476 -0.179934604 -0.155181759 0.963702565
1548265495.732730 -0.066472303 -0.014892661 0.341600474 -0.124908417 -0.188758369 -0.160613834 0.960713985
1548265495.766240 -0.069065567 -0.007438645 0.343330292 -0.127434927 -0.192624215 -0.165150575 0.958843855
1548265495.799750 -0.071814437 0.001723491 0.344458577 -0.132070633 -0.197601121 -0.167199215 0.956846679
1548265495.833270 -0.075003725 0.009958034 0.349491447 -0.134978702 -0.203097369 -0.169190179 0.954938161
1548265495.866790 -0.076980706 0.016640785 0.350269659 -0.136105310 -0.209567336 -0.174639283 0.952395925
1548265495.900300 -0.075038070 0.020742373 0.353083619 -0.138575803 -0.215204405 -0.177850820 0.950185717
1548265495.933820 -0.074325675 0.025682581 0.352464179 -0.139822106 -0.218266816 -0.178571916 0.949168819
1548265495.967350 -0.075615798 0.027001633 0.352953485 -0.142932428 -0.222802992 -0.181207849 0.947149863
1548265496.000850 -0.076551460 0.037297464 0.355091568 -0.143174891 -0.227601748 -0.182558651 0.945711760
1548265496.034240 -0.080364779 0.037697343 0.353874642 -0.146791381 -0.231694884 -0.184017959 0.943878786
1548265496.067740 -0.078600453 0.042698907 0.354943615 -0.148054918 -0.233732431 -0.185357606 0.942916460
1548265496.101230 -0.080165097 0.050269551 0.360971891 -0.150549214 -0.234296192 -0.184663526 0.942517698
1548265496.134770 -0.078485303 0.060680805 0.359941301 -0.151654035 -0.232826074 -0.186607026 0.942322074
1548265496.168290 -0.081495630 0.066277436 0.364389436 -0.155455288 -0.228172370 -0.187561478 0.942651428
1548265496.201820 -0.084906597 0.070645469 0.373616385 -0.158710354 -0.219936785 -0.188759916 0.943826535
1548265496.235460 -0.081209413 0.073743509 0.375641548 -0.160374425 -0.209855846 -0.186664858 0.946254088
1548265496.268950 -0.084510728 0.080899925 0.378553976 -0.160946686 -0.194039130 -0.187312819 0.949399225
1548265496.302590 -0.074165665 0.084103197 0.389903321 -0.166181201 -0.187179542 -0.183073971 0.950700557
1548265496.336110 -0.074147157 0.086968279 0.391757371 -0.165805258 -0.177212446 -0.181670791 0.952942857
1548265496.369690 -0.076453120 0.084691201 0.391664468 -0.168568957 -0.166145648 -0.176514673 0.955417553
1548265496.403210 -0.071087751 0.077617182 0.398754197 -0.171101010 -0.163635031 -0.172923726 0.956057219
1548265496.436790 -0.069230999 0.078279824 0.405628744 -0.171001217 -0.158117797 -0.170871034 0.957371629
1548265496.470240 -0.066578900 0.069594760 0.412119364 -0.173637521 -0.154360141 -0.167339161 0.958133896
1548265496.503760 -0.064375853 0.067355615 0.413604507 -0.170969125 -0.150392376 -0.165909649 0.959492408
1548265496.537270 -0.061729576 0.066291692 0.414346498 -0.167744576 -0.144684214 -0.161543584 0.961681811
1548265496.570790 -0.056302040 0.062670509 0.412166770 -0.163715606 -0.143045079 -0.156911186 0.963386831
1548265496.604300 -0.055727910 0.055661572 0.414208022 -0.161103885 -0.142638620 -0.153214459 0.964481774
1548265496.637780 -0.053337129 0.049429617 0.412839992 -0.157652069 -0.144297708 -0.151791765 0.965030184
1548265496.671250 -0.052407639 0.044547005 0.413003359 -0.154968144 -0.142984964 -0.151440578 0.965715240
1548265496.704720 -0.051000279 0.041007759 0.411047275 -0.150157146 -0.140275640 -0.148388676 0.967345015
1548265496.738240 -0.050456662 0.035961091 0.410921901 -0.146557993 -0.140946296 -0.146307094 0.968116279
1548265496.771750 -0.049131895 0.025014723 0.410643230 -0.144960616 -0.139658925 -0.146710621 0.968482214
1548265496.805230 -0.048115076 0.020650179 0.409654874 -0.142187348 -0.135691161 -0.146490332 0.969490201
1548265496.838750 -0.047873087 0.014897570 0.408381150 -0.140417859 -0.131864135 -0.145914079 0.970362693
1548265496.872260 -0.049333151 0.001830685 0.409639312 -0.139632582 -0.129796007 -0.149199043 0.970255319
1548265496.905760 -0.045557607 0.002057279 0.404359432 -0.135914750 -0.122902889 -0.145280297 0.972273468
1548265496.938880 -0.043950784 -0.000648314 0.405454604 -0.135348871 -0.119910151 -0.143394815 0.973005738
1548265496.972400 -0.045006419 -0.011873165 0.406851669 -0.136618700 -0.117781653 -0.146217797 0.972668067
1548265497.005920 -0.042193680 -0.015500534 0.405325685 -0.133758643 -0.113768891 -0.142412074 0.974106804
1548265497.039430 -0.038921860 -0.017484876 0.404280656 -0.132761640 -0.113498658 -0.139441138 0.974704350
1548265497.073030 -0.039537819 -0.027541917 0.406953441 -0.133826775 -0.111257336 -0.141240332 0.974558037
1548265497.106810 -0.038743588 -0.022346466 0.401902285 -0.129528490 -0.106443594 -0.137338189 0.976232735
1548265497.140320 -0.035985136 -0.026497169 0.402147367 -0.127981999 -0.106375503 -0.137175292 0.976466999
1548265497.173570 -0.035013656 -0.040901106 0.402897728 -0.128654491 -0.101910119 -0.141277141 0.976270003
1548265497.207090 -0.034606678 -0.037939872 0.398882948 -0.123898962 -0.095322337 -0.136634999 0.978209372
1548265497.240610 -0.033894956 -0.036491176 0.397016301 -0.120043990 -0.095381299 -0.132188953 0.979294608
1548265497.274120 -0.030556756 -0.047389903 0.394245550 -0.118381124 -0.095818834 -0.131779668 0.979509459
1548265497.307640 -0.026688411 -0.055602216 0.392358335 -0.117136875 -0.092648394 -0.129774536 0.980231502
1548265497.341150 -0.029897679 -0.055715537 0.391714949 -0.113434355 -0.089096297 -0.125854333 0.981506589
1548265497.374670 -0.028571633 -0.062656454 0.389052470 -0.111781104 -0.088750495 -0.124523606 0.981897248
1548265497.408190 -0.021084944 -0.067735079 0.382897141 -0.110043425 -0.088879514 -0.121852598 0.982416826
1548265497.441740 -0.024818122 -0.068931260 0.382592055 -0.108829267 -0.085709308 -0.120930964 0.982947510
1548265497.475330 -0.023562102 -0.072742399 0.380497608 -0.107114116 -0.086185495 -0.120803278 0.983109961
1548265497.508880 -0.019067785 -0.078127294 0.378824990 -0.104707388 -0.085457971 -0.119714332 0.983565848
1548265497.542420 -0.018735393 -0.078223487 0.375891048 -0.101838252 -0.084521650 -0.116578413 0.984324405
1548265497.576030 -0.014849336 -0.082427162 0.372589355 -0.101002096 -0.086068304 -0.117629900 0.984151427
1548265497.609750 -0.012802404 -0.087302102 0.372101278 -0.100734048 -0.085991212 -0.118277252 0.984108050
1548265497.643270 -0.011162386 -0.090285624 0.370763329 -0.099089279 -0.085234817 -0.118174153 0.984353194
1548265497.676790 -0.008561821 -0.093067613 0.371828059 -0.097775160 -0.082486168 -0.119583258 0.984548574
1548265497.710330 -0.008157888 -0.095886543 0.370724620 -0.097756214 -0.079075496 -0.120558353 0.984711365
1548265497.743840 -0.003654788 -0.100883674 0.371430543 -0.099143320 -0.075815189 -0.120937075 0.984782658
1548265497.777380 -0.008829259 -0.092944209 0.373734582 -0.097556973 -0.071468249 -0.119208035 0.985476723
1548265497.810900 -0.006975282 -0.099155216 0.371230122 -0.099751081 -0.070998859 -0.119729002 0.985227816
1548265497.844420 0.000713427 -0.109351764 0.370681967 -0.100508156 -0.069945359 -0.120174586 0.985171978
1548265497.877930 -0.006036178 -0.102319463 0.373821052 -0.098906339 -0.065576067 -0.118988303 0.985778423
1548265497.911450 -0.008524164 -0.104592584 0.375612378 -0.100985221 -0.065331072 -0.118162723 0.985683218
1548265497.944970 0.004437742 -0.114135875 0.374697350 -0.100799846 -0.066523394 -0.118277971 0.985608619
1548265497.978500 -0.004845587 -0.111811760 0.378586954 -0.101475162 -0.061543905 -0.117714473 0.985930242
1548265498.012000 -0.004552940 -0.116124386 0.379328641 -0.100420403 -0.059840133 -0.117990002 0.986110167
1548265498.045520 0.001803543 -0.121440345 0.379106502 -0.099663187 -0.058900254 -0.118120601 0.986227931
1548265498.079030 -0.000285422 -0.120020038 0.379119273 -0.097525389 -0.054748560 -0.115486285 0.986992559
1548265498.112510 -0.001134564 -0.123702560 0.380008015 -0.095568877 -0.054123000 -0.114970901 0.987278574
1548265498.146070 0.009339439 -0.132555177 0.376968765 -0.095374323 -0.053569667 -0.115102877 0.987312188
1548265498.179630 0.010597853 -0.131751140 0.377399454 -0.093668986 -0.047505189 -0.110386480 0.988323936
1548265498.213100 0.007011783 -0.131407736 0.378487663 -0.093556885 -0.045798603 -0.109155468 0.988551810
1548265498.246610 0.010712797 -0.134832830 0.375946046 -0.094523137 -0.046552823 -0.107853466 0.988567570
1548265498.280090 0.012434685 -0.133501975 0.375607601 -0.093616298 -0.043792634 -0.105125794 0.989073689
1548265498.313650 0.010558715 -0.130508862 0.378585769 -0.092896646 -0.042648196 -0.103656029 0.989346639
1548265498.347160 0.010584148 -0.131860838 0.377767630 -0.094731588 -0.042872404 -0.103200300 0.989210585
1548265498.380640 0.015186582 -0.135341719 0.373359003 -0.097392507 -0.043676992 -0.102161324 0.989024815
1548265498.414150 0.015135242 -0.129172931 0.374385404 -0.096492700 -0.042529927 -0.100759293 0.989306792
1548265498.447650 0.016064722 -0.129552129 0.375082074 -0.097973128 -0.042613397 -0.101566391 0.989075140
1548265498.481150 0.018478875 -0.129001540 0.375236476 -0.096790890 -0.043356910 -0.102545186 0.989058232
1548265498.514660 0.016544787 -0.124427241 0.374703433 -0.096682078 -0.043348739 -0.104447084 0.988870198
1548265498.548160 0.008035058 -0.110774890 0.379200448 -0.096049129 -0.043212305 -0.104359637 0.988947080
1548265498.615130 0.011642583 -0.107191281 0.375101471 -0.099210599 -0.050037008 -0.107153787 0.988013978
1548265498.648620 0.007046100 -0.105733552 0.378264639 -0.101775030 -0.054996780 -0.108210025 0.987374188
1548265498.682110 0.015815657 -0.101431304 0.372303472 -0.102903361 -0.066472508 -0.110507237 0.986296332
1548265498.715630 0.016327009 -0.100987034 0.372416864 -0.104975693 -0.070105971 -0.113253224 0.985514568
1548265498.749140 0.006249875 -0.094208890 0.373970384 -0.106930632 -0.073677417 -0.115861929 0.984740317
1548265498.782660 0.003914413 -0.089683803 0.371844152 -0.110526617 -0.082060446 -0.119054396 0.983298531
1548265498.816170 0.006705501 -0.096577812 0.373686867 -0.114101704 -0.087166908 -0.123636159 0.981884327
1548265498.849680 -0.001619469 -0.087612508 0.373041838 -0.116390150 -0.085020529 -0.125306911 0.981592085
1548265498.883200 -0.008084370 -0.083267243 0.374725082 -0.116333811 -0.087765422 -0.127352407 0.981093797
1548265498.916720 -0.006773342 -0.085647323 0.372823271 -0.117499795 -0.089069332 -0.129628965 0.980539027
1548265498.950240 -0.009166426 -0.081055390 0.372668568 -0.117990772 -0.093093947 -0.129720936 0.980093962
1548265498.983760 -0.008864739 -0.079490649 0.373461742 -0.116824715 -0.095250840 -0.129393663 0.980069663
1548265499.017270 -0.000271514 -0.090488070 0.371018763 -0.119568742 -0.097046058 -0.131137858 0.979330506
1548265499.050790 -0.003362634 -0.079888249 0.372976436 -0.116657116 -0.092765257 -0.129158725 0.980358989
1548265499.084330 -0.000568041 -0.080085779 0.370618147 -0.116412997 -0.094710297 -0.129006046 0.980222125
1548265499.117850 -0.000810890 -0.080142432 0.372030421 -0.115426904 -0.095342521 -0.128988694 0.980279731
1548265499.151450 -0.002687992 -0.077751814 0.373224787 -0.115644065 -0.095059903 -0.129231002 0.980249669
1548265499.184970 -0.007657167 -0.072319129 0.373244425 -0.115279977 -0.094802808 -0.128503126 0.980413128
1548265499.218390 -0.008768352 -0.070981647 0.374501041 -0.117345177 -0.096340992 -0.128375547 0.980034817
1548265499.251910 -0.010625191 -0.065808202 0.374731050 -0.118177642 -0.098965295 -0.129009449 0.979589954
1548265499.285520 -0.010759147 -0.064461228 0.373451681 -0.117640954 -0.103751833 -0.129955478 0.979034084
1548265499.319350 -0.009471247 -0.068974102 0.372728341 -0.118486311 -0.107039134 -0.133866353 0.978050826
1548265499.352870 -0.009157351 -0.066488677 0.372995546 -0.118995351 -0.106246580 -0.133636669 0.978106851
1548265499.386270 -0.007047539 -0.061632855 0.372249855 -0.120451454 -0.107258165 -0.133623810 0.977819927
1548265499.419790 -0.007305051 -0.061717352 0.372979230 -0.122309077 -0.106597685 -0.134212754 0.977580871
1548265499.453300 -0.008979714 -0.057475366 0.374506433 -0.124183427 -0.103306829 -0.134369088 0.977676390
1548265499.486890 -0.008670328 -0.049764405 0.374955102 -0.123491406 -0.103242367 -0.132773536 0.977988790
1548265499.520450 -0.009493674 -0.046697243 0.375452955 -0.123784374 -0.104451486 -0.133691204 0.977698306
1548265499.553960 -0.011775072 -0.044794363 0.378865361 -0.125169343 -0.104869850 -0.135191134 0.977270846
1548265499.587480 -0.010502307 -0.040819528 0.381499632 -0.125238416 -0.103815007 -0.135083708 0.977389470
1548265499.621090 -0.014994116 -0.034051315 0.380749044 -0.125549414 -0.103568984 -0.135546087 0.977311654
1548265499.654610 -0.012734196 -0.032735707 0.381934977 -0.125377662 -0.103082069 -0.134396846 0.977543869
1548265499.688120 -0.012595778 -0.031040815 0.381065571 -0.126193736 -0.103648667 -0.136195455 0.977129926
1548265499.721640 -0.014404629 -0.026192606 0.381521772 -0.126352241 -0.102097175 -0.136089483 0.977287537
1548265499.755190 -0.014554008 -0.023669013 0.382468163 -0.128192664 -0.102577251 -0.133228124 0.977391843
1548265499.788700 -0.016605871 -0.025933315 0.386849362 -0.131080166 -0.100720812 -0.133644951 0.977144992
1548265499.822190 -0.012726637 -0.022906047 0.385698393 -0.132257971 -0.098618349 -0.131127313 0.977541753
1548265499.855700 -0.013332566 -0.017046890 0.387349972 -0.132805770 -0.095943810 -0.130457004 0.977823288
1548265499.889220 -0.012929063 -0.022432826 0.389766322 -0.136085818 -0.092532664 -0.132448088 0.977433302
1548265499.922710 -0.007823917 -0.017342877 0.387878744 -0.134275431 -0.088727098 -0.129784930 0.978393317
1548265499.956230 -0.007402677 -0.017255743 0.390679760 -0.133830486 -0.086855264 -0.127852781 0.978876514
1548265499.989740 -0.007184225 -0.018326169 0.391356357 -0.135371129 -0.083674816 -0.126258736 0.979148566
1548265500.023180 -0.009184934 -0.016449831 0.392663847 -0.136194042 -0.082216458 -0.124261089 0.979413508
1548265500.056690 -0.007743002 -0.015778465 0.392070911 -0.134932510 -0.080956543 -0.124144105 0.979707863
1548265500.090200 -0.005073346 -0.017151469 0.391400817 -0.134598567 -0.079659739 -0.122143480 0.980111484
1548265500.123710 -0.002469723 -0.013869497 0.392192081 -0.133459786 -0.080533208 -0.118859002 0.980599524
1548265500.157190 -0.006392583 -0.015255201 0.392934793 -0.133429383 -0.080362666 -0.119048097 0.980594714
1548265500.190700 -0.003021644 -0.013796534 0.391016761 -0.133261191 -0.080196082 -0.117238520 0.980849210
1548265500.224200 -0.001931232 -0.018591415 0.391814207 -0.135108319 -0.078822110 -0.117115073 0.980722630
1548265500.257690 -0.003903856 -0.017329237 0.392342060 -0.133914857 -0.076720554 -0.117814818 0.980969131
1548265500.291070 0.002640879 -0.017024840 0.388191636 -0.132702728 -0.079551130 -0.114715402 0.981275690
1548265500.324590 -0.001388125 -0.022849171 0.389989434 -0.132206038 -0.079552715 -0.117465157 0.981017261
1548265500.358100 -0.003292740 -0.020554885 0.390678702 -0.132049904 -0.078574288 -0.119868898 0.980826361
1548265500.391590 -0.002457200 -0.019073794 0.389108959 -0.131557659 -0.077890532 -0.119330589 0.981012670
1548265500.425100 -0.005965959 -0.016416704 0.389901165 -0.131114709 -0.077862750 -0.117991542 0.981236119
1548265500.458560 -0.002961805 -0.021116000 0.387033070 -0.130022141 -0.079563235 -0.118972665 0.981126618
1548265500.492080 -0.006889934 -0.017841060 0.388026395 -0.127895916 -0.079681933 -0.118649141 0.981435584
1548265500.525590 -0.009198013 -0.016631953 0.385924992 -0.125644431 -0.082085754 -0.118701381 0.981521975
1548265500.559110 -0.007628916 -0.021253439 0.383578511 -0.124517991 -0.086138477 -0.118365229 0.981358806
1548265500.592620 -0.007942925 -0.023900829 0.382451214 -0.122622402 -0.087291076 -0.117782203 0.981565773
1548265500.626010 -0.008255831 -0.023421793 0.382094769 -0.122586267 -0.088940051 -0.116664414 0.981555749
1548265500.659530 -0.008022036 -0.027393379 0.381947077 -0.122222317 -0.090180312 -0.117449242 0.981394361
1548265500.693040 -0.011034630 -0.028535900 0.383017885 -0.120247805 -0.092330655 -0.117137326 0.981475605
1548265500.726560 -0.006201931 -0.030460119 0.382419735 -0.116669680 -0.093066747 -0.117089672 0.981843559
1548265500.760040 -0.007870130 -0.033457585 0.380759085 -0.115805485 -0.092941232 -0.116785142 0.981994016
1548265500.793550 -0.009243241 -0.033593159 0.380321704 -0.115018586 -0.093619753 -0.116038357 0.982110567
1548265500.827050 -0.011909350 -0.037571484 0.380374573 -0.114288514 -0.092388313 -0.118729993 0.981990694
1548265500.860580 -0.012488505 -0.037629784 0.379219396 -0.112712994 -0.093109658 -0.116806756 0.982335256
1548265500.894100 -0.014118791 -0.039878984 0.378482883 -0.112340679 -0.094829496 -0.117223553 0.982163722
1548265500.927620 -0.019149304 -0.039822700 0.377654451 -0.109633394 -0.096527262 -0.117369402 0.982286837
1548265500.961170 -0.020966706 -0.041243309 0.377407055 -0.108300340 -0.097792068 -0.116450282 0.982418994
1548265500.994690 -0.017538281 -0.043235350 0.374264553 -0.106498826 -0.098366746 -0.116059490 0.982604792
1548265501.028200 -0.019132849 -0.044251670 0.374473578 -0.106289019 -0.099609049 -0.117070084 0.982382449
1548265501.061750 -0.019909299 -0.049094433 0.372543502 -0.104934764 -0.101275187 -0.115990314 0.982485765
1548265501.095280 -0.019792178 -0.051650499 0.372151558 -0.103975306 -0.103226713 -0.115123190 0.982486658
1548265501.129110 -0.022022783 -0.055760112 0.371400614 -0.102107229 -0.103410186 -0.114798601 0.982701241
1548265501.162670 -0.021365326 -0.062475013 0.371479905 -0.101909484 -0.102871416 -0.115822742 0.982658141
1548265501.196200 -0.020382600 -0.063837767 0.371388291 -0.101232797 -0.101530878 -0.115091695 0.982953358
1548265501.229770 -0.021024751 -0.067253521 0.371311131 -0.101195109 -0.100089157 -0.114346957 0.983191987
1548265501.263320 -0.019855443 -0.068656705 0.372560879 -0.098866153 -0.096932919 -0.114323858 0.983747706
1548265501.296880 -0.021160692 -0.069033230 0.371910293 -0.098081857 -0.095581761 -0.112786148 0.984135845
1548265501.330400 -0.014868880 -0.075737956 0.369094501 -0.097464365 -0.096436643 -0.112830316 0.984108729
1548265501.363940 -0.018044275 -0.073142394 0.369970813 -0.096635666 -0.094363443 -0.111951096 0.984491768
1548265501.397450 -0.019649797 -0.072699513 0.370007923 -0.096859794 -0.092429310 -0.111647006 0.984687742
1548265501.430970 -0.018440116 -0.077350386 0.369508922 -0.098998645 -0.094219877 -0.111993082 0.984265936
1548265501.464480 -0.017182007 -0.081869363 0.370253195 -0.099884533 -0.092064057 -0.112236578 0.984352701
1548265501.498080 -0.017552109 -0.079788623 0.370693382 -0.099049385 -0.090089067 -0.111199656 0.984737435
1548265501.531760 -0.018501233 -0.079476991 0.370505567 -0.097302113 -0.090264371 -0.111866963 0.984819996
1548265501.565110 -0.015030153 -0.087027208 0.368046725 -0.097618658 -0.088777658 -0.114032639 0.984675420
1548265501.598620 -0.016369987 -0.084611981 0.369230399 -0.096505676 -0.084931461 -0.113395406 0.985197840
1548265501.632310 -0.012732366 -0.089033261 0.368487492 -0.096980300 -0.084873161 -0.113727316 0.985117996
1548265501.665660 -0.005394663 -0.100901874 0.366140445 -0.098550157 -0.083790423 -0.115590148 0.984838032
1548265501.699100 -0.004304194 -0.102034500 0.365198941 -0.099369381 -0.079079292 -0.114848177 0.985231997
1548265501.732510 -0.005870448 -0.103579961 0.363639871 -0.098037883 -0.073561733 -0.113073055 0.985997834
1548265501.765890 -0.000266251 -0.107956671 0.365122721 -0.097788093 -0.069049628 -0.113249664 0.986328622
1548265501.799340 0.005527636 -0.114110110 0.370012946 -0.096568264 -0.063842802 -0.111352702 0.987015320
1548265501.832710 0.001351484 -0.113395172 0.368480066 -0.094552021 -0.056062237 -0.108041810 0.988050560
1548265501.866210 0.011525608 -0.123558858 0.365571267 -0.093695915 -0.054739659 -0.106643971 0.988358087
1548265501.899720 0.009222526 -0.123751621 0.367022936 -0.089630832 -0.043243379 -0.103521738 0.989636082
1548265501.933240 0.017718013 -0.131243298 0.365219300 -0.087340373 -0.037187986 -0.100255526 0.990422911
1548265501.966760 0.024599176 -0.139946547 0.362525378 -0.084567475 -0.033583390 -0.097607103 0.991056684
1548265502.000260 0.037925217 -0.152694345 0.360397466 -0.082293463 -0.026221850 -0.095380048 0.991686869
1548265502.033770 0.044059644 -0.151860660 0.353071969 -0.077841523 -0.012581599 -0.089727897 0.992840020
1548265502.067290 0.048208986 -0.156012841 0.357108394 -0.075348886 -0.005476265 -0.085003314 0.993512452
1548265502.100810 0.063451686 -0.167857621 0.356825029 -0.072403954 0.000779977 -0.081868542 0.994009356
1548265502.134320 0.069719131 -0.172048400 0.350679678 -0.070514185 0.011029375 -0.075556301 0.994584007
1548265502.167840 0.059148046 -0.167784495 0.350420660 -0.066978268 0.019620809 -0.072447885 0.994927253
1548265502.201350 0.091512838 -0.188226830 0.344543871 -0.065192468 0.020860642 -0.067007298 0.995401827
1548265502.234870 0.092856948 -0.184686609 0.341080081 -0.062929185 0.031166242 -0.060646802 0.995685969
1548265502.268380 0.092178566 -0.189244907 0.347314984 -0.062534829 0.037649227 -0.058271578 0.995628623
1548265502.301900 0.103042098 -0.195788630 0.352209772 -0.060290852 0.042152017 -0.054611347 0.995794066
1548265502.335420 0.112533428 -0.202427543 0.351320678 -0.058956822 0.048222889 -0.051073764 0.995786180
1548265502.368960 0.103829678 -0.196236403 0.356313972 -0.055185072 0.054773732 -0.049279275 0.995753985
1548265502.402540 0.122377429 -0.209229194 0.360836078 -0.055490925 0.056777475 -0.046652887 0.995751266
1548265502.436090 0.123279437 -0.212370666 0.362445899 -0.053393228 0.061700594 -0.045131882 0.995643166
1548265502.469640 0.126949293 -0.219566311 0.366292948 -0.050928712 0.063459098 -0.041325715 0.995826990
1548265502.503150 0.134097632 -0.217345689 0.368590972 -0.047931224 0.064819677 -0.041874972 0.995865199
1548265502.536670 0.139992818 -0.213571641 0.373046209 -0.044355346 0.069496517 -0.042099119 0.995706032
1548265502.570190 0.141942560 -0.225123938 0.374953484 -0.045481678 0.075273895 -0.039444521 0.995343854
1548265502.603700 0.152174569 -0.234358239 0.372782337 -0.044256622 0.075124472 -0.037066572 0.995501750
1548265502.637160 0.167246780 -0.239402199 0.375604168 -0.041433588 0.078957751 -0.034898591 0.995404953
1548265502.670670 0.161767787 -0.243331886 0.375958677 -0.040260643 0.085993338 -0.033390793 0.994921746
1548265502.704250 0.168860329 -0.254904352 0.378410891 -0.040007480 0.087020075 -0.032051434 0.994886734
1548265502.737790 0.184383046 -0.259009272 0.380141089 -0.037647089 0.086353742 -0.031555480 0.995052752
1548265502.771300 0.190105942 -0.254598150 0.390107016 -0.033158118 0.092661971 -0.028268677 0.994743776
1548265502.804820 0.189321372 -0.272884642 0.383906002 -0.033806360 0.097194565 -0.025040210 0.994375852
1548265502.838340 0.210139184 -0.287208327 0.381129674 -0.032758952 0.097430207 -0.024754286 0.994395008
1548265502.871850 0.225909979 -0.284435723 0.378594934 -0.029173853 0.102243343 -0.023030413 0.994064779
1548265502.905380 0.217742297 -0.294492463 0.393920823 -0.030526629 0.112174897 -0.022454136 0.992965623
1548265502.938890 0.224205859 -0.296358359 0.392643195 -0.027804967 0.114252477 -0.022907229 0.992798325
1548265502.972360 0.252218102 -0.304622040 0.386047306 -0.026246946 0.116361404 -0.022340659 0.992608693
1548265503.005880 0.239821654 -0.307843093 0.391559031 -0.025442473 0.125952863 -0.018243987 0.991542089
1548265503.039400 0.246959455 -0.315537859 0.394994559 -0.025059679 0.129158831 -0.015399254 0.991187607
1548265503.072910 0.265512659 -0.325845736 0.388018197 -0.024562668 0.129663586 -0.013592772 0.991160565
1548265503.106470 0.264923796 -0.325641203 0.393344006 -0.021506332 0.137210533 -0.007743874 0.990278133
1548265503.139990 0.272081654 -0.325908556 0.397703456 -0.018046512 0.140601588 -0.003147374 0.989896768
1548265503.173460 0.286274594 -0.333246542 0.399491615 -0.018046521 0.142953844 0.001430145 0.989563781
1548265503.206770 0.296913019 -0.341593506 0.395586642 -0.016270485 0.150897441 0.007716136 0.988385398
1548265503.240230 0.296175252 -0.343740040 0.405722919 -0.014552934 0.156612521 0.012696380 0.987471282
1548265503.273680 0.309583518 -0.347391036 0.404490195 -0.012463601 0.159938622 0.017909606 0.986885780
1548265503.307190 0.323620956 -0.347691658 0.396879797 -0.011682014 0.163980825 0.019884731 0.986193904
1548265503.340690 0.320855088 -0.356302643 0.405490569 -0.013448254 0.172424260 0.024395456 0.984628804
1548265503.374210 0.322657340 -0.364294369 0.411685061 -0.014711635 0.176279619 0.028525972 0.983816717
1548265503.407720 0.336670215 -0.371997652 0.405023904 -0.015764543 0.179571551 0.031100365 0.983126800
1548265503.441250 0.349911652 -0.385253772 0.404893078 -0.017822101 0.187891277 0.034620203 0.981417690
1548265503.474760 0.359149956 -0.385827019 0.407762734 -0.017014388 0.193147307 0.039412898 0.980230203
1548265503.508270 0.359668959 -0.392416909 0.416568125 -0.017891272 0.197083110 0.040846537 0.979372100
1548265503.541780 0.368637958 -0.401024185 0.415230745 -0.017602405 0.206236451 0.043895485 0.977358618
1548265503.575290 0.362369959 -0.410433530 0.412886832 -0.016726498 0.215074985 0.046942719 0.975325257
1548265503.608810 0.370771802 -0.409162382 0.432622050 -0.012881365 0.216162185 0.050392167 0.974971081
1548265503.642330 0.392040474 -0.406352876 0.435656721 -0.009922005 0.217008499 0.051198428 0.974775659
1548265503.675840 0.384380382 -0.407443565 0.434669081 -0.007355788 0.232681963 0.056775245 0.970866401
1548265503.709360 0.372360234 -0.408349966 0.447116723 -0.004200402 0.241014221 0.061068226 0.968589270
1548265503.742870 0.396307563 -0.419170218 0.437431458 -0.003871122 0.241129745 0.062247851 0.968486792
1548265503.776410 0.389543233 -0.415175879 0.445929953 -0.000434345 0.249135017 0.061385845 0.966521253
1548265503.810020 0.384705898 -0.409606082 0.455698479 0.000775391 0.254408304 0.059802222 0.965245828
1548265503.843530 0.379064919 -0.407698806 0.464626365 -0.000657135 0.260352923 0.060836782 0.963594733
1548265503.876960 0.382469580 -0.397776575 0.468862457 0.003074859 0.260704507 0.059747655 0.963563139
1548265503.910450 0.375097930 -0.409183034 0.477333696 0.003784917 0.268183624 0.059334587 0.961531396
1548265503.943960 0.372748166 -0.409656239 0.479560025 0.004679954 0.272131329 0.061181846 0.960301734
1548265503.977470 0.367028972 -0.400401118 0.489604097 0.008015912 0.275967412 0.060402873 0.959233666
1548265504.010980 0.364573181 -0.402516158 0.496172290 0.009540574 0.277989802 0.060205036 0.958648007
1548265504.044510 0.364055883 -0.399903035 0.500357137 0.011284990 0.278365153 0.057305773 0.958697835
1548265504.078010 0.365979223 -0.397235731 0.503610843 0.009864534 0.283553543 0.057365905 0.957188191
1548265504.111230 0.369786321 -0.391507669 0.511079501 0.009379673 0.285245837 0.059253342 0.956575076
1548265504.144750 0.369317359 -0.393698958 0.518372094 0.005410514 0.286019497 0.058629527 0.956413170
1548265504.178260 0.370688114 -0.393853367 0.526468122 0.001950700 0.287848966 0.057618292 0.955938963
1548265504.211780 0.370227530 -0.391958794 0.526822578 0.000928927 0.293676043 0.059243016 0.954066970
1548265504.245290 0.368322347 -0.386338639 0.535190592 -0.000338900 0.298884559 0.062188766 0.952260711
1548265504.278810 0.375205301 -0.385187094 0.536275993 -0.003609227 0.300976381 0.063833585 0.951485925
1548265504.312330 0.375463791 -0.383431901 0.544356515 -0.002825135 0.307203214 0.066844878 0.949289190
1548265504.346180 0.374559525 -0.377604905 0.552903850 -0.002035737 0.310914510 0.070054508 0.947850404
1548265504.379700 0.379566658 -0.373658865 0.559002218 -0.001365253 0.311873868 0.068333078 0.947662079
1548265504.413210 0.382380715 -0.375508495 0.559894063 -0.002466708 0.314275175 0.070701845 0.946692283
1548265504.446730 0.384358747 -0.374588783 0.564173833 -0.003296480 0.318553337 0.071691753 0.945184213
1548265504.480280 0.382291560 -0.362479041 0.573685351 -0.003399028 0.323491884 0.073567458 0.943360629
1548265504.513800 0.387154555 -0.360788580 0.576052509 -0.003697610 0.323315565 0.074625820 0.943336822
1548265504.547310 0.398457695 -0.365016031 0.579808790 -0.007509630 0.325742852 0.072425334 0.942650397
1548265504.580830 0.391120650 -0.359624301 0.596882705 -0.007263978 0.332269293 0.072593897 0.940358696
1548265504.614350 0.392802956 -0.346714040 0.606301951 -0.006923438 0.328390422 0.068085165 0.942059556
1548265504.647860 0.396071061 -0.361719646 0.609591313 -0.013348436 0.331199211 0.062347809 0.941404086
1548265504.681410 0.408043410 -0.352395636 0.616454867 -0.015045805 0.338626401 0.061924379 0.938760436
1548265504.714870 0.403292039 -0.315932985 0.656052679 -0.008086487 0.336921909 0.059727273 0.939601452
1548265504.748380 0.408929840 -0.344987001 0.630065850 -0.018743896 0.329347861 0.052669401 0.942552167
1548265504.781900 0.400477665 -0.338721533 0.649247122 -0.017999002 0.337612790 0.053959209 0.939564816
1548265504.815400 0.409789741 -0.335986894 0.656878685 -0.017973453 0.339953225 0.053484393 0.938748198
1548265504.848710 0.407814038 -0.325784660 0.669500558 -0.016209995 0.343821031 0.055029540 0.937281220
1548265504.882220 0.410122068 -0.314951427 0.681078438 -0.013984647 0.342629847 0.057060881 0.937631737
1548265504.915960 0.413886199 -0.324666766 0.683898617 -0.017122411 0.341465940 0.055395727 0.938104018
1548265504.949540 0.416390802 -0.320803740 0.692546726 -0.016880794 0.341949531 0.057326099 0.937816227
1548265504.983000 0.419160435 -0.321667081 0.702511954 -0.016804427 0.341306678 0.058789485 0.937961171
1548265505.016190 0.422768270 -0.321185204 0.709234599 -0.018454557 0.338631013 0.059955393 0.938825765
1548265505.050030 0.425956200 -0.326272658 0.712671855 -0.017915955 0.339257927 0.059979864 0.938608275
1548265505.083540 0.430490444 -0.340051318 0.712907049 -0.021154619 0.340858425 0.063050872 0.937759353
1548265505.117120 0.431577597 -0.341215561 0.721445116 -0.020457582 0.345209107 0.065927969 0.935983794
1548265505.150640 0.435199290 -0.345761430 0.725827224 -0.020933302 0.345198337 0.068168884 0.935816707
1548265505.184190 0.438699726 -0.350186398 0.732391820 -0.019721514 0.348811641 0.071024544 0.934289578
1548265505.217710 0.439468942 -0.346677985 0.734485988 -0.018698281 0.348670379 0.074055317 0.934128017
1548265505.251220 0.438827400 -0.360059222 0.737348958 -0.018951933 0.350031673 0.074855906 0.933549809
1548265505.284730 0.439516881 -0.360229550 0.734477461 -0.017591039 0.352137020 0.078730781 0.932465302
1548265505.318240 0.442232954 -0.360330021 0.735202215 -0.015315719 0.353778051 0.083191519 0.931496479
1548265505.351760 0.442541417 -0.367956791 0.738818557 -0.017242712 0.356445555 0.085515417 0.930234577
1548265505.385280 0.446351029 -0.369847486 0.735059408 -0.013833129 0.358821675 0.088616710 0.929087041
1548265505.418730 0.448544648 -0.392924631 0.753369511 -0.016832344 0.369103569 0.092287075 0.924641727
1548265505.452240 0.444170466 -0.384831022 0.752685734 -0.014009046 0.375359089 0.096906518 0.921693240
1548265505.485760 0.446821428 -0.394562526 0.759899037 -0.016195215 0.377830159 0.099848830 0.920332710
1548265505.519270 0.447587800 -0.398675879 0.761647510 -0.017543496 0.384631650 0.102427958 0.917201849
1548265505.552750 0.450601936 -0.398894257 0.772126077 -0.017324925 0.396625372 0.107735646 0.911471992
1548265505.586270 0.453804614 -0.380357460 0.764970707 -0.011612587 0.397803795 0.113714096 0.910322137
1548265505.619570 0.454061350 -0.395310330 0.771919748 -0.014931655 0.400251006 0.117546933 0.908712769
1548265505.653080 0.452566028 -0.387273971 0.775223065 -0.010105947 0.402674389 0.122934362 0.906994129
1548265505.686600 0.456386311 -0.398531682 0.775243262 -0.009574896 0.400805066 0.125634109 0.907457818
1548265505.720120 0.459776973 -0.407777350 0.771906158 -0.011197090 0.403149495 0.127440917 0.906147848
1548265505.753630 0.451959957 -0.400554842 0.786866221 -0.007832363 0.408183862 0.134163436 0.902953355
1548265505.787150 0.450656771 -0.401657641 0.790372396 -0.004176122 0.407045762 0.136802863 0.903095390
1548265505.820660 0.453504587 -0.417307773 0.790701676 -0.004473478 0.406363333 0.135426749 0.903608558
1548265505.854180 0.447371239 -0.418344663 0.798679939 -0.001062652 0.412011994 0.136969943 0.900824191
1548265505.887900 0.434769322 -0.409083781 0.800807029 0.005153274 0.410745961 0.139279917 0.901034019
1548265505.921420 0.434476954 -0.430409487 0.810123961 0.002849199 0.408577056 0.135249544 0.902642915
1548265505.954930 0.431173653 -0.434712333 0.811667126 0.002991444 0.409632164 0.135490318 0.902127993
1548265505.988450 0.421533122 -0.426959493 0.816522030 0.007032888 0.410168616 0.138370531 0.901424340
1548265506.021960 0.418004828 -0.432129400 0.820388815 0.005887692 0.408661597 0.134849881 0.902649735
1548265506.055510 0.416170383 -0.452308402 0.828193031 0.004214699 0.410092486 0.134088541 0.902123413
1548265506.089280 0.407637189 -0.445069101 0.830131361 0.005940012 0.408294225 0.134429958 0.902878247
1548265506.122790 0.403326257 -0.457411244 0.834788778 0.002448357 0.407535011 0.133886896 0.903318061
1548265506.156340 0.398186429 -0.468690375 0.842515391 0.001009528 0.407765792 0.132731744 0.903387139
1548265506.189860 0.391087368 -0.471492926 0.846084512 0.003265407 0.408737379 0.133235508 0.902868424
1548265506.223340 0.386151822 -0.479178323 0.852944611 0.002563231 0.408893653 0.132503728 0.902907621
1548265506.290260 0.373841370 -0.489201203 0.857313216 0.002980847 0.412557775 0.133622403 0.901072833
1548265506.323780 0.366076035 -0.486694912 0.861625354 0.007556457 0.414796910 0.133881854 0.899978929
1548265506.357290 0.362004993 -0.498062954 0.861965672 0.007348650 0.416334023 0.130133214 0.899820719
1548265506.390760 0.358107563 -0.505263787 0.863275984 0.006576169 0.419804598 0.128522644 0.898444647
1548265506.424270 0.352137925 -0.504151970 0.867651039 0.008944861 0.422668380 0.127282159 0.897257311
1548265506.457840 0.345588536 -0.504479157 0.870163351 0.012591512 0.424170195 0.124421045 0.896906073
1548265506.491360 0.339842246 -0.512994414 0.874948847 0.014160490 0.427569325 0.120910161 0.895748115
1548265506.524870 0.329957099 -0.519387301 0.875785107 0.015693680 0.430887336 0.116753706 0.894683399
1548265506.558370 0.321415292 -0.507854149 0.876630095 0.021620966 0.433810583 0.116403150 0.893191591
1548265506.591890 0.317516720 -0.520387019 0.886238560 0.022790003 0.435684339 0.112571038 0.892741583
1548265506.625420 0.312299121 -0.525765686 0.884890057 0.027225383 0.442598143 0.108935088 0.889662188
1548265506.658930 0.305591279 -0.523109178 0.884805950 0.032320003 0.446607197 0.105648014 0.887882833
1548265506.692440 0.298296858 -0.527631590 0.893064119 0.034203426 0.453617127 0.100742667 0.884823453
1548265506.725920 0.291617206 -0.521164920 0.890184616 0.040706066 0.457355460 0.098138701 0.882914376
1548265506.759430 0.289068410 -0.524314494 0.895334991 0.040953407 0.461277835 0.095115035 0.881191641
1548265506.792950 0.284800882 -0.522590474 0.901742633 0.039371427 0.465837195 0.093098368 0.879078092
1548265506.826430 0.280472255 -0.510429884 0.897989030 0.042262988 0.470462778 0.092116717 0.876580358
1548265506.859930 0.273516621 -0.501240540 0.902552045 0.042280735 0.473808784 0.089258217 0.875071738
1548265506.893420 0.273806674 -0.496768986 0.904586157 0.040745637 0.477910171 0.087466175 0.873092967
1548265506.926960 0.273771299 -0.485680632 0.906527162 0.040269381 0.479514025 0.085915004 0.872389414
1548265506.960470 0.272005265 -0.481748343 0.907896470 0.037281134 0.480652667 0.082868184 0.872190343
1548265506.994010 0.277208705 -0.480913349 0.917695290 0.033333126 0.484734980 0.080858087 0.870277468
1548265507.027520 0.275001506 -0.469633282 0.915393476 0.032234996 0.485727838 0.080829960 0.869767722
1548265507.061040 0.274067680 -0.459980927 0.913323415 0.029384862 0.483917889 0.081818973 0.870784510
1548265507.094560 0.278600255 -0.457367267 0.919493046 0.026334533 0.484031141 0.081106212 0.870885830
1548265507.128070 0.283172984 -0.453104466 0.917805131 0.022875016 0.484514524 0.081973005 0.870633583
1548265507.161550 0.286380403 -0.441901883 0.920639465 0.023025239 0.484517833 0.082748890 0.870554380
1548265507.195060 0.291839075 -0.444176249 0.918901245 0.020281039 0.482351139 0.083212616 0.871780775
1548265507.228620 0.296117968 -0.442695066 0.919258872 0.017843743 0.484011727 0.085066176 0.870734170
1548265507.262140 0.297857503 -0.416910524 0.918224915 0.024851366 0.480268168 0.087716568 0.872370735
1548265507.295650 0.308287782 -0.430356932 0.911534826 0.020192243 0.475335707 0.083678587 0.875583310
1548265507.329180 0.312525552 -0.421515815 0.902810680 0.020892475 0.473283952 0.085014020 0.876549155
1548265507.362690 0.319228675 -0.404431351 0.905989849 0.025475688 0.471021471 0.087477656 0.877403797
1548265507.396210 0.323278684 -0.410996555 0.892813185 0.022365696 0.466750097 0.083109245 0.880191443
1548265507.429720 0.326311813 -0.401344305 0.885347459 0.024846110 0.466561045 0.085130518 0.880031964
1548265507.463230 0.335271140 -0.383590755 0.875463205 0.027808323 0.457208546 0.088413013 0.884516920
1548265507.496710 0.342720410 -0.396151897 0.865582070 0.021329084 0.454401882 0.084187503 0.886553137
1548265507.530230 0.346090969 -0.373637301 0.865354421 0.024970221 0.451813533 0.088809975 0.887329594
1548265507.563750 0.365326653 -0.374064396 0.853039451 0.022872777 0.437260156 0.088642544 0.894663563
1548265507.597260 0.369955683 -0.393445387 0.851610501 0.015356787 0.432881936 0.085478022 0.897257436
1548265507.630760 0.374319162 -0.367268332 0.845808363 0.022266174 0.430023484 0.089545894 0.898089947
1548265507.664290 0.390954932 -0.362080175 0.830472585 0.022292441 0.412979506 0.088349826 0.906170670
1548265507.697790 0.400883816 -0.388718619 0.823620986 0.012758792 0.411920462 0.085095097 0.907148042
1548265507.731270 0.405160173 -0.359265255 0.817903732 0.020330153 0.412551654 0.091461870 0.906102943
1548265507.764790 0.416226333 -0.367337049 0.806280010 0.018147597 0.405830042 0.090149992 0.909310519
1548265507.798300 0.431039856 -0.375463916 0.805211557 0.013447912 0.404897318 0.090043103 0.909818419
1548265507.831820 0.438441700 -0.341251298 0.792125864 0.022672931 0.399611818 0.092366398 0.911737233
1548265507.865330 0.444111568 -0.364943971 0.789724068 0.013231866 0.392951075 0.088613942 0.915184102
1548265507.898850 0.457169056 -0.370689675 0.781729879 0.010819319 0.394035564 0.087653848 0.914841910
1548265507.932400 0.463156699 -0.352006766 0.771301734 0.016718655 0.393413712 0.087798009 0.915006911
1548265507.965910 0.476624091 -0.360992311 0.757103351 0.012863781 0.389586639 0.085397251 0.916931886
1548265507.999430 0.491056351 -0.381319116 0.749097295 0.005072643 0.390157381 0.083846528 0.916908527
1548265508.032940 0.499597178 -0.351669800 0.727501732 0.010776251 0.390773472 0.087225610 0.916281430
1548265508.066460 0.507803152 -0.350408869 0.719406155 0.009736160 0.385785645 0.087731358 0.918356059
1548265508.099960 0.516835069 -0.362474778 0.719467620 0.004244419 0.388493858 0.088731210 0.917159353
1548265508.133480 0.521471129 -0.338132220 0.718316686 0.009011229 0.386142067 0.091418753 0.917853863
1548265508.166980 0.533964679 -0.341724229 0.698703549 0.007737140 0.377950112 0.091312367 0.921279491
1548265508.200500 0.548489332 -0.357063545 0.686311609 0.004171538 0.375868268 0.094368145 0.921846135
1548265508.234030 0.562086908 -0.356431893 0.675045711 0.005152684 0.371735054 0.099177740 0.923011525
1548265508.267560 0.569305024 -0.347634587 0.665486211 0.005714983 0.366293360 0.103295583 0.924730521
1548265508.301060 0.584476381 -0.362330142 0.652100610 0.000254958 0.362301247 0.105952922 0.926019287
1548265508.334560 0.595196187 -0.364554814 0.642951343 -0.000514705 0.360696283 0.109429397 0.926241401
1548265508.368080 0.603306056 -0.361208862 0.630865517 0.001457509 0.356312864 0.113465043 0.927450647
1548265508.401540 0.613280193 -0.373831807 0.621035497 -0.001942353 0.351752325 0.116405640 0.928825202
1548265508.435010 0.626502832 -0.374305171 0.612669185 -0.001920453 0.348798187 0.119480663 0.929548550
1548265508.468210 0.634181675 -0.367670287 0.600630169 -0.000265328 0.343394623 0.121958863 0.931239012
1548265508.501730 0.642767189 -0.385846700 0.593358316 -0.006747968 0.339726037 0.122641909 0.932469649
1548265508.535240 0.650036549 -0.373421049 0.585016845 -0.004795804 0.337185316 0.125822378 0.932980060
1548265508.568760 0.664346669 -0.371628905 0.578745296 -0.004749669 0.330027654 0.127353102 0.935329020
1548265508.602270 0.678198131 -0.391587867 0.570748360 -0.011745471 0.323227518 0.125723318 0.937859085
1548265508.635790 0.684312325 -0.393145667 0.561898557 -0.012201141 0.322007065 0.128575894 0.937886359
1548265508.670250 0.690495804 -0.389637600 0.559202297 -0.010505060 0.319846523 0.133554557 0.937950439
1548265508.704070 0.692761021 -0.394132935 0.553997259 -0.011817441 0.317556029 0.134382879 0.938594566
1548265508.737280 0.698104734 -0.395568391 0.546516155 -0.011685759 0.315327307 0.138262767 0.938784075
1548265508.770390 0.705720340 -0.395189033 0.539199817 -0.008754196 0.308976086 0.140412296 0.940607001
1548265508.803900 0.712939673 -0.391145456 0.533343312 -0.006734379 0.296551461 0.141857428 0.944398406
1548265508.837420 0.718094640 -0.411134333 0.530490383 -0.010701040 0.292981539 0.142925926 0.945314490
1548265508.870930 0.721346554 -0.404054870 0.520584623 -0.006945081 0.288969070 0.147239871 0.945922334
1548265508.904450 0.733376817 -0.398005546 0.508495473 -0.002635137 0.272290345 0.147859550 0.950783139
1548265508.937970 0.732416726 -0.425161078 0.518596461 -0.008798198 0.272920539 0.146378691 0.950794536
1548265508.971890 0.736469230 -0.415338021 0.507339300 -0.005042738 0.269082310 0.146094177 0.951958913
1548265509.005000 0.744249602 -0.421934193 0.507611053 -0.005320689 0.255436987 0.143054657 0.956168919
1548265509.038510 0.744677748 -0.434778753 0.516811433 -0.010988332 0.253217328 0.138816530 0.957334953
1548265509.072030 0.745110662 -0.417902044 0.510426307 -0.008315469 0.255249094 0.142280576 0.956313228
1548265509.105490 0.749599332 -0.421789001 0.512708114 -0.011811074 0.250296578 0.143189374 0.957449176
1548265509.138900 0.761317440 -0.430552928 0.513775786 -0.015013744 0.246330129 0.142782270 0.958493233
1548265509.172420 0.766172574 -0.430774419 0.514325836 -0.016653195 0.245927993 0.144754803 0.958273521
1548265509.205910 0.773233184 -0.417021078 0.507210491 -0.014207562 0.241067270 0.146292714 0.959313900
1548265509.239420 0.787098288 -0.418569910 0.511438736 -0.015558431 0.233140691 0.145158530 0.961422048
1548265509.272940 0.790345398 -0.419157252 0.510040748 -0.015596255 0.230164168 0.144047792 0.962305277
1548265509.306450 0.801569521 -0.412463972 0.504265952 -0.014286155 0.226414019 0.145905639 0.962935170
1548265509.339980 0.810064300 -0.406178961 0.509117378 -0.014773793 0.216216203 0.142725354 0.965744149
1548265509.373620 0.817702089 -0.411819970 0.505676500 -0.021220551 0.214378072 0.136735828 0.966899707
1548265509.407140 0.826680855 -0.393313414 0.507130124 -0.022212987 0.209871708 0.140239486 0.967364117
1548265509.440530 0.824809413 -0.387012960 0.505635074 -0.023765751 0.205260856 0.135436071 0.968999608
1548265509.474050 0.834987216 -0.383243901 0.505408355 -0.031154055 0.206685237 0.135717763 0.968447896
1548265509.507780 0.847559659 -0.367211489 0.502899509 -0.030300774 0.201076344 0.134625071 0.969807330
1548265509.541080 0.852678095 -0.373571098 0.503872272 -0.038232681 0.198816658 0.130486953 0.970558269
1548265509.574580 0.862661533 -0.371206514 0.499816715 -0.043912146 0.200943969 0.129175188 0.970055161
1548265509.608100 0.876791907 -0.357501080 0.494088897 -0.046287793 0.198303207 0.127727818 0.970679598
1548265509.641630 0.890552536 -0.348444636 0.495709594 -0.048041290 0.194940961 0.125412325 0.971576968
1548265509.675140 0.907367674 -0.346672632 0.494500981 -0.051414713 0.192133125 0.125418536 0.971962747
1548265509.708870 0.915377145 -0.346104910 0.490634243 -0.053641620 0.191842993 0.127107199 0.971680298
1548265509.742180 0.933275938 -0.344650237 0.481572512 -0.052514920 0.183946708 0.128152616 0.973130361
1548265509.775910 0.938537138 -0.343095516 0.473041787 -0.052723059 0.182379488 0.124702968 0.973861988
1548265509.809300 0.941490151 -0.335579628 0.470528951 -0.048208794 0.186236166 0.123719521 0.973491388
1548265509.842850 0.956220519 -0.335195155 0.458006344 -0.044868947 0.180967652 0.127768899 0.974121448
1548265509.876370 0.958193623 -0.340930274 0.450810758 -0.043463911 0.183044127 0.126585037 0.973951726
1548265509.909890 0.961711325 -0.330277298 0.445006326 -0.038745888 0.187529605 0.126863068 0.973261098
1548265509.943570 0.984365424 -0.344888705 0.430734790 -0.039072460 0.187914763 0.132120046 0.972473999
1548265509.977090 0.979172528 -0.341797018 0.413359520 -0.036209265 0.193037583 0.133880616 0.971339982
1548265510.010600 0.994614764 -0.347423382 0.413627555 -0.034594359 0.204249278 0.141461194 0.968025926
1548265510.044130 1.022680325 -0.351056397 0.401783165 -0.034250430 0.200271617 0.150358847 0.967527987
1548265510.077670 1.038070108 -0.352003155 0.393111052 -0.026658945 0.190955013 0.157501439 0.968513696
1548265510.111210 1.044749516 -0.347685354 0.372691570 -0.020614398 0.193478090 0.162115470 0.967398496
1548265510.144710 1.064272585 -0.354110458 0.367179667 -0.017554419 0.193077252 0.173431893 0.965574645
1548265510.178190 1.072036558 -0.358021084 0.356913083 -0.010542869 0.186164175 0.178584325 0.966094916
1548265510.211700 1.070520202 -0.353704892 0.347245907 -0.004725535 0.195751193 0.187574818 0.962535624
1548265510.245210 1.100141450 -0.356396456 0.335756080 0.000661894 0.191246409 0.197737658 0.961417803
1548265510.278720 1.117291791 -0.360739278 0.316190581 0.002881840 0.185511559 0.203960761 0.961237309
1548265510.312240 1.132337974 -0.365977931 0.312356594 0.004919270 0.188681735 0.210815028 0.959130871
1548265510.345750 1.130197944 -0.354642053 0.301530102 0.015234781 0.187335865 0.216343691 0.958054582
1548265510.379240 1.126834109 -0.362110171 0.296694248 0.021772629 0.183021053 0.214899516 0.959086777
1548265510.412760 1.140758977 -0.373060963 0.294133271 0.023262562 0.176285100 0.211830348 0.960994444
1548265510.446170 1.121151003 -0.387625118 0.293419994 0.024363833 0.174515388 0.209574355 0.961784473
1548265510.479260 1.139545991 -0.393851416 0.295059731 0.024212403 0.163345341 0.201454992 0.965478092
1548265510.512780 1.133568282 -0.407310770 0.292954778 0.022501935 0.156202569 0.195000244 0.968023412
1548265510.546300 1.135616943 -0.411875596 0.294364254 0.022157440 0.150134055 0.186082457 0.970743083
1548265510.579810 1.128783342 -0.423045140 0.294659735 0.020230513 0.147449448 0.181715931 0.972022997
1548265510.613290 1.135736086 -0.439228810 0.299225717 0.015832702 0.139268583 0.179814264 0.973663401
1548265510.646800 1.154329052 -0.439098963 0.303253209 0.014632616 0.130638705 0.179748059 0.974889763
1548265510.680320 1.159723133 -0.450003279 0.302922279 0.012482773 0.117264496 0.181210827 0.976348224
1548265510.713830 1.178974418 -0.450328275 0.315961046 0.012176801 0.105380522 0.180997043 0.977745745
1548265510.747350 1.188765643 -0.461505301 0.316647542 0.010824290 0.094777506 0.182831080 0.978505419
1548265510.780890 1.196631778 -0.469248280 0.323558932 0.008449194 0.088583863 0.182468371 0.979176595
1548265510.814480 1.206918778 -0.473094385 0.325373468 0.008023226 0.085827266 0.181967176 0.979518890
1548265510.848000 1.223537718 -0.475829933 0.325704515 0.006603000 0.084893853 0.184388179 0.979158023
1548265510.881530 1.236282512 -0.479424425 0.325791042 0.008096117 0.082301750 0.184913550 0.979269041
1548265510.915050 1.251712417 -0.479842522 0.327436868 0.008204298 0.080220493 0.184829944 0.979456611
1548265510.948590 1.261832442 -0.487616251 0.331120100 0.007473189 0.080136366 0.186236818 0.979202820
1548265510.982110 1.276360316 -0.494013342 0.331820140 0.007009385 0.077985977 0.186819379 0.979268898
1548265511.015590 1.289485099 -0.498143616 0.336804684 0.004086796 0.076314856 0.186944943 0.979393143
1548265511.049110 1.303751035 -0.500000584 0.335409194 0.000908887 0.072111952 0.188678073 0.979387372
1548265511.082630 1.319456276 -0.503975977 0.335392584 -0.002969043 0.068162190 0.188221557 0.979753921
1548265511.116170 1.329999630 -0.510320895 0.342806651 -0.008804671 0.068219264 0.185071054 0.980314906
1548265511.149710 1.354289790 -0.520139005 0.346055817 -0.015317863 0.066879889 0.187082086 0.979945272
1548265511.183220 1.367057378 -0.517063076 0.349275149 -0.018359563 0.065777300 0.185140533 0.980336298
1548265511.216740 1.380717408 -0.520274550 0.355057445 -0.021156973 0.067783605 0.186174999 0.979947261
1548265511.250250 1.397066285 -0.523797325 0.357992028 -0.023258987 0.065213678 0.184649573 0.980362551
1548265511.283880 1.409443954 -0.524248592 0.361929318 -0.024157783 0.063733998 0.184692257 0.980430084
1548265511.317440 1.424526965 -0.526276370 0.363575229 -0.024287137 0.062807146 0.186375674 0.980168101
1548265511.350950 1.434772429 -0.526778838 0.364179865 -0.024615919 0.060109114 0.187728247 0.980070945
1548265511.417950 1.463913579 -0.529711496 0.368250655 -0.024033622 0.057908083 0.189804592 0.979817971
1548265511.451460 1.481420846 -0.531742355 0.370170568 -0.024412982 0.055038393 0.191885012 0.979568744
1548265511.484980 1.489409168 -0.535110188 0.369834084 -0.023683819 0.054038834 0.192808829 0.979460891
1548265511.518530 1.500819590 -0.536722975 0.369266626 -0.023068859 0.054297086 0.191540718 0.979710063
1548265511.552160 1.513832257 -0.539884994 0.368380160 -0.021065915 0.052689175 0.192231507 0.979707674
1548265511.585670 1.520326094 -0.540593571 0.367879457 -0.019404144 0.053950892 0.188610295 0.980376936
1548265511.618740 1.525569610 -0.541023650 0.366457709 -0.020110769 0.055421202 0.188685924 0.980266122
1548265511.652210 1.534132911 -0.538264766 0.366097098 -0.018472825 0.057572229 0.186563022 0.980580661
1548265511.685730 1.545775633 -0.543374045 0.364397220 -0.019814226 0.059708089 0.185697770 0.980590984
1548265511.719290 1.554264946 -0.545823343 0.365489624 -0.019355562 0.058121892 0.185334373 0.980764181
1548265511.752810 1.559318099 -0.549276866 0.362654182 -0.018934024 0.059352604 0.183057985 0.981126162
1548265511.786280 1.564538763 -0.549920313 0.364609302 -0.020337903 0.063776710 0.178797436 0.981606020
1548265511.819790 1.575163030 -0.553317199 0.368275486 -0.022516227 0.065544373 0.178469520 0.981501699
1548265511.853350 1.577722575 -0.554798705 0.367494199 -0.024000829 0.067473075 0.174787145 0.981998370
1548265511.886880 1.583794014 -0.556054198 0.370425410 -0.025852360 0.069982687 0.173759523 0.981958099
1548265511.920440 1.590469895 -0.558623154 0.371652792 -0.026342324 0.067629917 0.172048502 0.982411110
1548265511.954020 1.596448296 -0.552605000 0.375806535 -0.026036941 0.069309256 0.167054309 0.983163853
1548265511.987540 1.601205048 -0.551978507 0.375354352 -0.025159255 0.070903585 0.167508906 0.982995656
1548265512.021060 1.606503159 -0.556104783 0.375354520 -0.024904925 0.071048748 0.166541808 0.983155962
1548265512.054570 1.616295816 -0.552959525 0.376330510 -0.024968291 0.075044843 0.165591048 0.983018037
1548265512.088090 1.626829365 -0.555760649 0.374852827 -0.025317856 0.073270625 0.166257848 0.983030391
1548265512.121600 1.629587507 -0.554666679 0.377293727 -0.024987951 0.071500061 0.165246502 0.983339686
1548265512.155120 1.636486346 -0.552285977 0.379130106 -0.024187571 0.073725253 0.165836234 0.983096075
1548265512.188570 1.643548858 -0.557885147 0.380981909 -0.026384633 0.071680547 0.169128009 0.982629873
1548265512.222090 1.645769020 -0.554606227 0.378360644 -0.026044684 0.066457095 0.166313319 0.983486151
1548265512.255640 1.648607364 -0.552465621 0.381190389 -0.026531917 0.065602609 0.166180869 0.983552883
1548265512.289230 1.655101292 -0.552855094 0.384685133 -0.027216229 0.065347661 0.164331165 0.983861895
1548265512.322750 1.651919897 -0.547206704 0.383679566 -0.025687994 0.068051188 0.160860114 0.984293242
1548265512.356460 1.663501268 -0.552198474 0.389050930 -0.027614952 0.068605964 0.162369525 0.983954660
1548265512.389970 1.662470766 -0.545389167 0.389013741 -0.026734756 0.066408918 0.156477213 0.985083748
1548265512.423300 1.662806183 -0.545547167 0.395225283 -0.028739919 0.070523713 0.153178003 0.985259825
1548265512.456730 1.667654820 -0.545979650 0.399256392 -0.031016209 0.069304493 0.152405729 0.985397065
1548265512.490190 1.669427980 -0.545670931 0.400284682 -0.032783319 0.061943873 0.149624132 0.986255966
1548265512.523680 1.661917018 -0.535547444 0.403517850 -0.032981031 0.059015917 0.145056216 0.987110970
1548265512.557200 1.664056261 -0.532505644 0.410204524 -0.037380743 0.060558808 0.147026226 0.986569105
1548265512.590710 1.672502770 -0.536214453 0.419931378 -0.042554736 0.052852608 0.149516652 0.986428136
1548265512.624250 1.661089984 -0.527944667 0.421319231 -0.043876042 0.053310217 0.144985813 0.987021797
1548265512.657830 1.663790824 -0.528243267 0.427108733 -0.049366250 0.055996116 0.147754398 0.986202842
1548265512.691420 1.669104010 -0.530407961 0.436638775 -0.054776930 0.050581127 0.149483308 0.985949176
1548265512.725190 1.655973522 -0.522065746 0.440622580 -0.056461053 0.052570782 0.144952016 0.986426569
1548265512.758740 1.664347154 -0.523210836 0.447632954 -0.060340245 0.051494744 0.148526343 0.985721701
1548265512.792250 1.658401391 -0.519715296 0.448089721 -0.062556754 0.043455882 0.148580173 0.985962561
1548265512.825770 1.653425985 -0.512349358 0.452126248 -0.061573888 0.043265116 0.147726371 0.986161095
1548265512.859290 1.655250525 -0.521826564 0.454410833 -0.063437129 0.041683819 0.153761556 0.985188091
1548265512.892800 1.662934590 -0.515295558 0.458364401 -0.060129098 0.034222642 0.152086288 0.985942728
1548265512.926320 1.661637380 -0.517008426 0.458167021 -0.059474468 0.037050558 0.152771587 0.985774257
1548265512.959830 1.656394960 -0.531436711 0.452729719 -0.060967626 0.036716618 0.155380573 0.985287631
1548265512.993350 1.648823914 -0.522364948 0.454289626 -0.055815621 0.033385580 0.152853859 0.986106342
1548265513.026870 1.652241690 -0.529310237 0.456886516 -0.055335392 0.034766685 0.152309801 0.986169862
1548265513.060380 1.648595581 -0.535995456 0.454137591 -0.053048432 0.031671540 0.152183415 0.986419275
1548265513.093900 1.642145258 -0.527564469 0.452650201 -0.047436303 0.031294869 0.145911901 0.987663984
1548265513.127380 1.646889301 -0.539329853 0.453596838 -0.047598054 0.032823224 0.145952587 0.987600579
1548265513.160590 1.640619225 -0.541157970 0.449780177 -0.044603484 0.031815492 0.142444724 0.988285285
1548265513.194110 1.628541253 -0.542426932 0.449146394 -0.041705060 0.035247878 0.139050562 0.988778649
1548265513.227620 1.628745123 -0.556629592 0.445440977 -0.044317530 0.033787878 0.140342127 0.988533471
1548265513.261130 1.625490298 -0.555575577 0.447208437 -0.040632998 0.029250586 0.135303498 0.989538441
1548265513.294570 1.616173614 -0.554783948 0.442934785 -0.037548537 0.031818803 0.132358986 0.989979177
1548265513.328080 1.617019096 -0.558907411 0.446381383 -0.037489997 0.029480061 0.130987882 0.990236134
1548265513.361600 1.612185313 -0.563636934 0.447531067 -0.038474546 0.028229843 0.127399747 0.990702826
1548265513.394900 1.605686286 -0.563481289 0.449309913 -0.039095956 0.029488220 0.124411561 0.991021551
1548265513.428420 1.599535870 -0.566209298 0.447303177 -0.039604749 0.029669963 0.120832116 0.991438731
1548265513.461940 1.598982382 -0.565604076 0.451139494 -0.040275591 0.029209124 0.117646473 0.991808455
1548265513.495450 1.594963140 -0.565851795 0.454860514 -0.041334033 0.030484418 0.115011419 0.992035570
1548265513.528830 1.594285570 -0.566998777 0.455108295 -0.041626465 0.029889568 0.112664750 0.992310690
1548265513.562700 1.591458901 -0.562822747 0.453557271 -0.040410828 0.029817294 0.109654862 0.992700209
1548265513.596210 1.588166676 -0.565463492 0.453890612 -0.040847511 0.029582855 0.110020013 0.992648947
1548265513.629730 1.589128182 -0.569186645 0.457198570 -0.041409417 0.028664669 0.110486974 0.992600738
1548265513.663330 1.584484246 -0.568655864 0.455432486 -0.042305031 0.028321108 0.109776584 0.992651651
1548265513.696390 1.583133336 -0.570562912 0.456536350 -0.043222920 0.028825837 0.109854353 0.992588974
1548265513.729900 1.581224107 -0.569235749 0.457832147 -0.043808663 0.029331648 0.110945511 0.992427100
1548265513.763420 1.582278748 -0.563233241 0.454651982 -0.043892179 0.026962540 0.110462276 0.992544500
1548265513.796930 1.583667570 -0.566308320 0.454813592 -0.044541521 0.026879394 0.112419732 0.992298017
1548265513.830450 1.584580026 -0.566615942 0.453112637 -0.041973353 0.026080159 0.113388971 0.992321019
1548265513.863970 1.583674505 -0.565551711 0.450360591 -0.040306899 0.025530679 0.114596879 0.992265637
1548265513.897490 1.584317367 -0.564325280 0.446501391 -0.039994093 0.025891501 0.115400306 0.992175827
1548265513.964910 1.585930800 -0.562844714 0.444225438 -0.039224663 0.025844830 0.118379095 0.991856774
1548265513.998490 1.582539040 -0.558612704 0.441184399 -0.038238906 0.025569083 0.116940331 0.992073065
1548265514.032030 1.584903695 -0.563631952 0.442863335 -0.040998751 0.027375844 0.118818632 0.991691383
1548265514.065560 1.584052099 -0.561514696 0.439934641 -0.041339905 0.025584348 0.120622927 0.991507218
1548265514.099070 1.581630803 -0.559637098 0.437034522 -0.040144618 0.026615294 0.120419736 0.991553893
1548265514.132590 1.584139875 -0.561667288 0.437941411 -0.040426801 0.026862078 0.122640034 0.991263600
1548265514.166110 1.584001124 -0.560687395 0.434392932 -0.040385249 0.024265204 0.123146000 0.991269537
1548265514.199940 1.582150502 -0.558494289 0.434428610 -0.039201343 0.024211359 0.120196403 0.991680336
1548265514.233450 1.582540697 -0.560468011 0.434991544 -0.039749321 0.025922630 0.121276775 0.991483713
1548265514.267000 1.581298997 -0.560884080 0.433776064 -0.039837006 0.027399741 0.121009227 0.991473164
1548265514.300520 1.579905701 -0.555419903 0.432371118 -0.040475125 0.026843103 0.118901655 0.991717504
1548265514.334040 1.579603370 -0.557434354 0.433756858 -0.041351510 0.029027047 0.118171134 0.991707147
1548265514.367550 1.575998022 -0.557134867 0.433186346 -0.042358260 0.029043297 0.117082317 0.991793323
1548265514.401060 1.574930692 -0.559912457 0.433507640 -0.044506255 0.029776004 0.115911694 0.991815034
1548265514.434580 1.572964795 -0.558194477 0.432226841 -0.047897789 0.029562074 0.113710919 0.991918198
1548265514.468100 1.573698277 -0.559539234 0.433917307 -0.050459653 0.027604823 0.112614791 0.991972634
1548265514.501610 1.571085164 -0.553311784 0.435135002 -0.050566562 0.028782486 0.108938125 0.992344233
1548265514.535100 1.572126946 -0.560829440 0.437225521 -0.053437669 0.030670334 0.109335202 0.992093524
1548265514.568600 1.568421137 -0.558700176 0.436046170 -0.054971774 0.030038214 0.108092793 0.992165187
1548265514.601760 1.567479371 -0.555228838 0.435561299 -0.054073927 0.031161326 0.105929955 0.992413133
1548265514.635280 1.569561103 -0.560440914 0.434601847 -0.055759746 0.031080750 0.106469765 0.992264595
1548265514.668800 1.570489116 -0.556538456 0.429269618 -0.053309478 0.029265203 0.106333225 0.992469089
1548265514.702310 1.567927391 -0.559151304 0.428081282 -0.053437523 0.029303015 0.105956958 0.992501329
1548265514.735790 1.566063812 -0.561710652 0.424221707 -0.053613352 0.028582973 0.107130824 0.992386824
1548265514.769270 1.568518718 -0.563038205 0.421393605 -0.054215280 0.027140740 0.106372454 0.992476188
