1341846434.710184 0.000000000 0.000000000 0.000000000 0.000000000 0.000000000 0.000000000 1.000000000
1341846434.746225 0.006829217 -0.003998289 0.002230203 0.002506369 0.001319829 0.003350856 0.999990344
1341846434.778203 0.022419557 -0.005203222 -0.003925628 0.004201621 0.001468157 0.003946354 0.999982297
1341846434.810024 0.025516260 0.004025094 -0.011266774 0.005468204 0.003476024 0.003482723 0.999972939
1341846434.846345 0.029049795 0.000763093 -0.014815984 0.003495692 0.002989634 0.000207152 0.999989390
1341846434.878202 0.034273393 0.000884065 -0.019634448 0.002535833 0.000398598 -0.007222253 0.999970615
1341846434.914148 0.036779206 -0.007043993 -0.031935688 0.001060618 -0.005598343 -0.016532229 0.999847114
1341846434.946443 0.065071225 -0.014190324 -0.039329939 -0.001740686 -0.021945467 -0.025046028 0.999443889
1341846434.978088 0.046769239 -0.011744504 -0.051673822 -0.000433966 -0.026778862 -0.028678289 0.999229848
1341846435.014019 0.059344891 -0.013372249 -0.053344276 0.000889248 -0.032947470 -0.028059354 0.999062777
1341846435.045942 0.072694965 -0.014551245 -0.051221538 0.002646106 -0.036055434 -0.028765177 0.998932242
1341846435.077985 0.081575006 -0.017534904 -0.055938136 0.004756762 -0.034704641 -0.029506780 0.998950601
1341846435.113961 0.085713536 -0.020807244 -0.051775929 0.008143337 -0.033064589 -0.028767083 0.999005973
1341846435.146181 0.097820863 -0.035638567 -0.052466154 0.009528222 -0.035184037 -0.026567969 0.998982191
1341846435.182052 0.097221747 -0.032644749 -0.063868582 0.012111881 -0.038825914 -0.024914358 0.998861909
1341846435.213955 0.128086329 -0.044151712 -0.055171389 0.012826672 -0.048063740 -0.018494368 0.998590648
1341846435.246495 0.123640761 -0.045697860 -0.038947292 0.015789011 -0.052973006 -0.014093418 0.998371661
1341846435.281968 0.131914377 -0.041220799 -0.065045424 0.017529534 -0.063330472 -0.014792460 0.997729003
1341846435.319946 0.143949017 -0.035737954 -0.056827102 0.016584257 -0.071924359 -0.014885759 0.997161090
1341846435.382078 0.167677462 -0.050135162 -0.037436303 0.011982273 -0.081662349 -0.009158810 0.996545911
1341846435.414309 0.180787727 -0.059993763 -0.050527539 0.014069062 -0.085177206 -0.005423055 0.996251702
1341846435.450323 0.184480265 -0.047193784 -0.035311438 0.017656261 -0.090568766 -0.007016563 0.995708942
1341846435.482273 0.204173714 -0.053688742 -0.035989571 0.017335381 -0.091943875 -0.007843963 0.995582402
1341846435.513983 0.211132139 -0.033860348 -0.010215268 0.019458147 -0.089944415 -0.010478978 0.995701551
1341846435.550153 0.215255097 -0.045061395 -0.046057202 0.016670777 -0.088170312 -0.013476274 0.995874703
1341846435.582003 0.225305185 -0.059865128 -0.054698568 0.014098008 -0.091503724 -0.014335918 0.995601714
1341846435.618180 0.240031734 -0.064699098 -0.065570354 0.018042523 -0.099439532 -0.013673761 0.994786024
1341846435.650183 0.254184276 -0.061370164 -0.045028634 0.020887695 -0.105996989 -0.013703989 0.994052589
1341846435.681920 0.274415076 -0.060838610 -0.040572889 0.023333320 -0.107936144 -0.013996510 0.993785441
1341846435.717877 0.278967828 -0.057447568 -0.044256218 0.024968827 -0.108654015 -0.015668547 0.993642449
1341846435.750187 0.286246449 -0.063105762 -0.045551810 0.024292441 -0.110860080 -0.016739201 0.993398070
1341846435.782022 0.303219318 -0.065373659 -0.051792320 0.025567094 -0.115771808 -0.016220307 0.992814243
1341846435.818082 0.325491667 -0.065877110 -0.051667787 0.025930924 -0.119881675 -0.017446505 0.992296100
1341846435.849992 0.324646890 -0.068029143 -0.048054125 0.026870158 -0.121960238 -0.018263191 0.992003083
1341846435.886101 0.339320570 -0.066876374 -0.045012705 0.027573930 -0.126753956 -0.017734809 0.991392255
1341846435.918077 0.349001348 -0.064812630 -0.040732402 0.027480051 -0.130189627 -0.016933026 0.990963578
1341846435.950077 0.356984586 -0.076261468 -0.052210554 0.026198346 -0.133539647 -0.016016472 0.990567684
1341846435.986080 0.355734617 -0.076659039 -0.041191127 0.027844371 -0.137605354 -0.013616013 0.990002036
1341846436.018119 0.376788646 -0.068336785 -0.050910242 0.029403320 -0.143499166 -0.011824182 0.989142895
1341846436.050565 0.401911259 -0.065906808 -0.055526998 0.028820846 -0.149982437 -0.007382052 0.988240957
1341846436.085970 0.410596132 -0.067674443 -0.051353630 0.026571609 -0.152805328 -0.006037838 0.987880588
1341846436.118116 0.398665369 -0.062630601 -0.031290583 0.025700029 -0.157300353 -0.004457518 0.987206280
1341846436.153952 0.438174248 -0.073009454 -0.040043853 0.025569264 -0.161825210 -0.002650901 0.986484587
1341846436.185994 0.444978714 -0.077254288 -0.036662333 0.026034836 -0.162914395 -0.000968513 0.986296177
1341846436.218096 0.449135870 -0.075380333 -0.026583819 0.027407620 -0.165702313 0.001440839 0.985793829
1341846436.253965 0.470188022 -0.058923017 -0.041226875 0.028228767 -0.168377697 0.002554278 0.985314965
1341846436.286007 0.472719789 -0.072191752 -0.031958822 0.023778751 -0.167710200 0.003446992 0.985543489
1341846436.318164 0.475551128 -0.079714440 -0.025392303 0.024212835 -0.170575023 0.003549836 0.985040724
1341846436.354084 0.481616199 -0.072249696 -0.030973990 0.024385070 -0.172176212 0.001643754 0.984762907
1341846436.385958 0.493002981 -0.076093391 -0.024892421 0.022640649 -0.172803283 0.000680785 0.984695852
1341846436.422052 0.489020586 -0.081808709 -0.022289414 0.022812635 -0.174647734 0.000730500 0.984366417
1341846436.453972 0.491543919 -0.083205752 -0.019066202 0.023928827 -0.179186970 0.000147099 0.983523965
1341846436.485966 0.502769470 -0.081782073 -0.030477416 0.024918536 -0.181616172 0.001094027 0.983053148
1341846436.522075 0.498669803 -0.080704480 -0.033424519 0.023125520 -0.183562472 0.000524679 0.982735872
1341846436.553975 0.495076060 -0.088533878 -0.023157870 0.021256508 -0.188549355 -0.000955228 0.981833160
1341846436.590103 0.505029619 -0.083193839 -0.011630720 0.021300696 -0.196615472 -0.000062610 0.980249286
1341846436.622042 0.517421424 -0.079772756 -0.009132002 0.019121243 -0.201878950 -0.002879117 0.979219615
1341846436.654125 0.525198460 -0.092155725 0.004760961 0.016427128 -0.205311269 -0.005352613 0.978544235
1341846436.690078 0.517956436 -0.089744575 0.007854235 0.017766982 -0.210227698 -0.006453986 0.977469683
1341846436.722015 0.528223395 -0.080647096 0.029934760 0.017896673 -0.218689367 -0.007915054 0.975598335
1341846436.754167 0.538456261 -0.093764663 0.029510062 0.015992384 -0.225449830 -0.009042603 0.974081516
1341846436.790021 0.536112607 -0.099709719 0.042176131 0.018908849 -0.232572123 -0.009930360 0.972344637
1341846436.822079 0.562210023 -0.090960793 0.023229331 0.020912731 -0.241579458 -0.009835160 0.970105827
1341846436.858129 0.579191864 -0.084244989 0.024822958 0.018222904 -0.245389178 -0.010498477 0.969196498
1341846436.889894 0.582956910 -0.099326096 0.032736156 0.013962111 -0.247812852 -0.009281030 0.968662858
1341846436.922139 0.584386349 -0.103542879 0.030496029 0.014793201 -0.252087861 -0.004949059 0.967578650
1341846436.958108 0.604757547 -0.094523579 0.032568205 0.014665813 -0.258105814 -0.000548418 0.966005206
1341846436.990096 0.610956490 -0.097283341 0.043488558 0.012344235 -0.262358367 0.001089056 0.964890957
1341846437.058136 0.626449585 -0.095878743 0.055496488 0.010461899 -0.270454913 0.003961475 0.962667644
1341846437.096585 0.638009667 -0.099773914 0.048847299 0.008161073 -0.274621189 0.005943946 0.961499512
1341846437.126102 0.643247306 -0.086838484 0.057741694 0.007086906 -0.278265029 0.005374706 0.960463166
1341846437.158050 0.653877378 -0.077571832 0.062677033 0.002525488 -0.280684650 0.005455624 0.959781229
1341846437.226114 0.668867111 -0.059227377 0.089563027 -0.010799429 -0.288094103 0.003689440 0.957534075
1341846437.258123 0.676605403 -0.075014114 0.089440316 -0.024134973 -0.290088892 0.004220749 0.956686020
1341846437.290095 0.670137107 -0.065302253 0.097573675 -0.028540123 -0.292510122 0.005233570 0.955822110
1341846437.326061 0.684600174 -0.072641395 0.093697891 -0.036417108 -0.297598779 0.008112235 0.953961730
1341846437.364153 0.690322876 -0.077620417 0.102908678 -0.042188682 -0.302450150 0.005542026 0.952214956
1341846437.396140 0.700850487 -0.083163649 0.108264968 -0.046358857 -0.307102829 0.005010851 0.950533330
1341846437.431962 0.695378304 -0.078433812 0.100624003 -0.049379554 -0.311819762 0.004637004 0.948845923
1341846437.464061 0.713106215 -0.069876030 0.112984106 -0.054691859 -0.318248451 0.003691112 0.946421206
1341846437.500080 0.715067387 -0.081689380 0.127691209 -0.061215993 -0.321586549 0.002545405 0.944895864
1341846437.536428 0.706419289 -0.091871403 0.100577466 -0.062143311 -0.323500037 0.000563857 0.944185138
1341846437.568842 0.731247067 -0.110524997 0.143841222 -0.060205214 -0.331195056 0.006148730 0.941619515
1341846437.600736 0.746841371 -0.108733475 0.137148887 -0.054911327 -0.333383650 0.004870212 0.941178203
1341846437.632742 0.750836074 -0.103603497 0.139124960 -0.051382471 -0.332514673 0.003306256 0.941691518
1341846437.669713 0.754016519 -0.087374665 0.175816059 -0.049198307 -0.334278554 0.003947797 0.941181064
1341846437.700232 0.753713131 -0.088870190 0.163865611 -0.048314855 -0.331729740 0.000692223 0.942136168
1341846437.739652 0.771005690 -0.073604904 0.235036865 -0.045449462 -0.328646690 -0.001603941 0.943357348
1341846437.795294 0.789742231 -0.097171992 0.168338433 -0.041602630 -0.313586146 -0.019062487 0.948456407
1341846437.830422 0.780899525 -0.085947871 0.204109773 -0.037550516 -0.313266724 -0.017063923 0.948769033
1341846437.863213 0.800015748 -0.104829468 0.192699641 -0.037207518 -0.312522382 -0.014277338 0.949074030
1341846437.930096 0.804329813 -0.090633251 0.224915251 -0.036764782 -0.306183934 -0.008697906 0.951222420
1341846437.961942 0.799732745 -0.093749344 0.221276015 -0.038447551 -0.307290643 -0.004290902 0.950829029
1341846437.994103 0.807178617 -0.087247379 0.205115676 -0.037773278 -0.308719605 -0.002912480 0.950398266
1341846438.030032 0.833379030 -0.074505106 0.210894495 -0.042685442 -0.309431940 -0.001240065 0.949962258
1341846438.068074 0.823091865 -0.100432880 0.228764787 -0.049702108 -0.309992582 -0.002441458 0.949435771
1341846438.130017 0.822138727 -0.096414857 0.261543900 -0.041172195 -0.315098971 -0.001521169 0.948164105
1341846438.164374 0.821144402 -0.087910831 0.250763088 -0.039200135 -0.313169062 -0.003988793 0.948879659
1341846438.198015 0.819835842 -0.096826889 0.250236422 -0.042225581 -0.310819238 -0.006653416 0.949507296
1341846438.229906 0.812195361 -0.108194575 0.258927941 -0.041980486 -0.310644001 -0.006322674 0.949577808
1341846438.262251 0.818332314 -0.096949652 0.269146144 -0.039433889 -0.310228288 -0.006592766 0.949820995
1341846438.298333 0.814481080 -0.097101510 0.276924431 -0.040251084 -0.303340644 -0.009837523 0.951980829
1341846438.329987 0.810065806 -0.106053188 0.271340102 -0.038992155 -0.295862764 -0.011963393 0.954359293
1341846438.366126 0.803655922 -0.090324536 0.260724574 -0.037396006 -0.291447371 -0.010857532 0.955793977
1341846438.398154 0.802904665 -0.083726235 0.278857142 -0.041172333 -0.286651373 -0.011607746 0.957079470
1341846438.430136 0.782655180 -0.093159661 0.293996334 -0.043765564 -0.276865751 -0.012293344 0.959832668
1341846438.465965 0.774601400 -0.090145499 0.294627666 -0.042125549 -0.271974981 -0.007997682 0.961348534
1341846438.530106 0.759685099 -0.087540746 0.264400542 -0.045079455 -0.265287042 -0.005300857 0.963100493
1341846438.566686 0.745473742 -0.092802867 0.273990244 -0.046340164 -0.264049202 -0.002054112 0.963393152
1341846438.598145 0.740577400 -0.092873134 0.271734595 -0.044998277 -0.265115678 0.001614412 0.963164687
1341846438.634113 0.743216336 -0.075040244 0.277905762 -0.043450039 -0.263836503 0.003643157 0.963581383
1341846438.665920 0.735926270 -0.071079403 0.278164804 -0.046964873 -0.254078776 0.003082276 0.966037691
1341846438.697986 0.718180656 -0.085837290 0.288267463 -0.047985245 -0.244678378 0.000521122 0.968416035
1341846438.734146 0.708464444 -0.075738482 0.291704506 -0.043092318 -0.236278623 0.007321729 0.970701754
1341846438.766996 0.716653705 -0.057075460 0.273660213 -0.043708313 -0.226699933 0.010948215 0.972921789
1341846438.801972 0.696714103 -0.058043126 0.279429376 -0.048804570 -0.214765713 0.009000673 0.975403905
1341846438.834118 0.684276164 -0.061500184 0.289999843 -0.051337730 -0.207720071 0.009088362 0.976797938
1341846438.865936 0.669683158 -0.073164985 0.293104887 -0.050029799 -0.201694980 0.011443893 0.978102863
1341846438.902045 0.661851287 -0.059471581 0.289594501 -0.044365447 -0.196569249 0.014057123 0.979384840
1341846438.934115 0.651944757 -0.057474077 0.275283217 -0.044791114 -0.190657169 0.009129367 0.980591774
1341846438.966314 0.640166461 -0.063942693 0.280464679 -0.046518456 -0.185784250 0.004189089 0.981479883
1341846439.001871 0.630423188 -0.065673076 0.286964655 -0.045104198 -0.180067286 0.002623688 0.982616127
1341846439.034612 0.616226256 -0.070082583 0.281687289 -0.043760106 -0.172062114 0.001516693 0.984112501
1341846439.070117 0.615544319 -0.072499298 0.289924145 -0.041710872 -0.167108923 0.002539209 0.985052466
1341846439.101969 0.602454126 -0.078399695 0.281317055 -0.037961103 -0.157225609 0.001421829 0.986831784
1341846439.134146 0.581624508 -0.076316454 0.280460417 -0.032720741 -0.148235902 0.002008421 0.988408566
1341846439.170111 0.573755264 -0.077576600 0.276904732 -0.028215926 -0.140460998 0.004714390 0.989672840
1341846439.202174 0.556164503 -0.073058113 0.275669754 -0.024810163 -0.131863177 0.004043180 0.990949154
1341846439.234198 0.548204243 -0.070206292 0.280978799 -0.023207368 -0.124666601 0.003573873 0.991920769
1341846439.269869 0.532540321 -0.078765705 0.275088608 -0.020905636 -0.114872605 0.003078636 0.993155479
1341846439.302022 0.511128545 -0.077263013 0.271166891 -0.015120568 -0.106514476 0.003230023 0.994190931
1341846439.338209 0.496665329 -0.068280570 0.265370816 -0.011769357 -0.100613162 0.001715899 0.994854510
1341846439.369920 0.481850147 -0.071979992 0.264621288 -0.012488479 -0.093996778 -0.001361594 0.995493233
1341846439.402179 0.458610177 -0.084574640 0.260640442 -0.008969238 -0.087255597 -0.004663046 0.996134639
1341846439.437979 0.447073966 -0.078840509 0.256732643 -0.003427646 -0.085024506 -0.002664054 0.996369421
1341846439.470001 0.439588159 -0.072260790 0.253845960 -0.000941113 -0.081371605 -0.001143653 0.996682763
1341846439.502101 0.419784218 -0.076487005 0.254046649 -0.000026397 -0.075437479 -0.003882439 0.997142971
1341846439.538102 0.399722725 -0.081719384 0.258289635 0.002960714 -0.072298802 -0.005017061 0.997366011
1341846439.570087 0.386125833 -0.080486320 0.248334870 0.007450182 -0.070774950 -0.005784894 0.997447729
1341846439.605986 0.380067676 -0.079995237 0.246267885 0.009246214 -0.068030022 -0.004448955 0.997630537
1341846439.638201 0.369432479 -0.077857554 0.249635294 0.011111378 -0.064140037 -0.003420055 0.997873187
1341846439.670177 0.352612168 -0.078209355 0.251345724 0.012648904 -0.059979919 -0.004968869 0.998107076
1341846439.706034 0.339706481 -0.077450819 0.249756157 0.013724048 -0.056496192 -0.004666692 0.998297572
1341846439.737939 0.331579059 -0.079881750 0.254423946 0.015278375 -0.053562094 -0.003316468 0.998442113
1341846439.774173 0.328667551 -0.078947417 0.259204775 0.017355971 -0.048007563 -0.002321335 0.998693466
1341846439.806288 0.316526771 -0.076370470 0.250318468 0.018635936 -0.040531032 -0.001169740 0.999003768
1341846439.846398 0.298635751 -0.065109119 0.256535023 0.018765613 -0.033773914 -0.003803577 0.999246061
1341846439.906194 0.275478542 -0.079810210 0.246221334 0.015124619 -0.015216305 -0.007358212 0.999742746
1341846439.938149 0.257254601 -0.078024767 0.245130613 0.017200341 -0.008342055 -0.006017796 0.999799192
1341846439.974174 0.257729262 -0.065521277 0.236585885 0.015604211 -0.002937872 -0.005104482 0.999860942
1341846440.006174 0.235955879 -0.061970659 0.241481915 0.009380443 0.009083794 -0.009624040 0.999868453
1341846440.042214 0.210331589 -0.077543765 0.248836875 0.005565734 0.017554015 -0.007665759 0.999801040
1341846440.073971 0.204482943 -0.073505305 0.252333403 0.007912825 0.021881893 -0.002615621 0.999725819
1341846440.106449 0.196238667 -0.065187305 0.249305338 0.007293373 0.030627584 -0.002936293 0.999499977
1341846440.142076 0.164743260 -0.078172982 0.256836176 0.005585458 0.039871320 -0.003964704 0.999181390
1341846440.173898 0.152756840 -0.078641728 0.259972751 0.009863548 0.044358686 0.001839569 0.998965323
1341846440.206048 0.135354236 -0.067004047 0.257104695 0.012437835 0.049709827 0.005856178 0.998669088
1341846440.242218 0.114188030 -0.076968379 0.256320328 0.012151812 0.052902281 0.006943071 0.998501658
1341846440.274220 0.112131998 -0.079968572 0.255972058 0.017326159 0.052924626 0.005396996 0.998433590
1341846440.310040 0.108098775 -0.068978906 0.252867669 0.021287099 0.057304267 0.006526204 0.998108447
1341846440.341908 0.090553641 -0.064522065 0.258616865 0.021617370 0.063655265 0.007539642 0.997709274
1341846440.374065 0.075966671 -0.073099203 0.261164963 0.022552127 0.068215683 0.008104761 0.997382760
1341846440.410065 0.067084841 -0.070317544 0.258002549 0.025561750 0.071751349 0.006776454 0.997071922
1341846440.442063 0.059024218 -0.071585700 0.259343743 0.027495086 0.077071317 0.004310933 0.996637046
1341846440.474055 0.035047788 -0.069530442 0.259467155 0.029209247 0.083337910 0.000695401 0.996092916
1341846440.510034 0.025131410 -0.065303318 0.259247482 0.030141799 0.085495003 -0.001254441 0.995881736
1341846440.542081 0.009275718 -0.057458747 0.249194339 0.029391000 0.090981826 -0.003731652 0.995411754
1341846440.578060 -0.005000867 -0.063503802 0.255295783 0.026665919 0.096561365 -0.006654391 0.994947493
1341846440.610154 -0.021163084 -0.070712708 0.258682579 0.026717817 0.102116577 -0.008861383 0.994374096
1341846440.642042 -0.041715175 -0.064450093 0.257267058 0.027829695 0.106397338 -0.008349867 0.993899047
1341846440.678071 -0.054245025 -0.059522204 0.251668185 0.026630411 0.108507305 -0.006717397 0.993716180
1341846440.710213 -0.060356110 -0.055587720 0.252453089 0.024358610 0.112818837 -0.006015776 0.993298709
1341846440.742033 -0.085316494 -0.052023571 0.253411442 0.021507557 0.119954564 -0.006505524 0.992525041
1341846440.778145 -0.108903542 -0.056552932 0.252632767 0.018348461 0.124383762 -0.005741055 0.992047906
1341846440.810360 -0.117190905 -0.055665486 0.253797144 0.016708208 0.127271116 -0.005351427 0.991712809
1341846440.846329 -0.128788590 -0.066654503 0.257166654 0.015261536 0.132736638 -0.004118048 0.991025269
1341846440.878141 -0.159143314 -0.065399423 0.259308517 0.017792851 0.137788966 -0.001923709 0.990299881
1341846440.920960 -0.176986337 -0.049730856 0.253988743 0.018375177 0.139081836 -0.000335041 0.990110338
1341846440.952308 -0.183394387 -0.049186751 0.258977950 0.012601679 0.141543731 0.002177652 0.989849389
1341846440.986714 -0.201799288 -0.062888108 0.266825974 0.009418923 0.146304354 0.004546922 0.989184320
1341846441.052118 -0.237731889 -0.066233084 0.272894651 0.015315010 0.142647699 0.014439174 0.989549696
1341846441.114116 -0.259637326 -0.057321969 0.270805001 0.017900478 0.147272989 0.014889593 0.988821805
1341846441.146132 -0.280883759 -0.057801574 0.268407941 0.017626032 0.146343499 0.015700018 0.988952160
1341846441.178054 -0.274370939 -0.055099193 0.258092314 0.016583957 0.144819736 0.015711064 0.989194274
1341846441.214136 -0.278613657 -0.059177160 0.257651418 0.014052981 0.151083604 0.013435404 0.988329768
1341846441.246039 -0.298528582 -0.068313256 0.270953476 0.013866480 0.156617939 0.010701896 0.987503886
1341846441.282130 -0.309461832 -0.062372953 0.263792515 0.015933035 0.158492655 0.010002409 0.987180889
1341846441.314084 -0.312300652 -0.058707144 0.251502126 0.014890214 0.162467107 0.007944724 0.986569583
1341846441.346088 -0.331210375 -0.068410866 0.265904814 0.013017587 0.168776631 0.005778841 0.985551417
1341846441.382129 -0.350768894 -0.073358320 0.266831249 0.015279660 0.171804145 0.003956246 0.985004663
1341846441.414517 -0.367183745 -0.069963560 0.269379735 0.017594531 0.172388047 0.003277936 0.984866500
1341846441.445996 -0.358498812 -0.066471130 0.261150271 0.018137662 0.170408621 0.003841156 0.985199034
1341846441.482023 -0.377649754 -0.067147315 0.259835839 0.016802516 0.173807338 0.001645356 0.984634936
1341846441.514114 -0.398822576 -0.079365432 0.265958309 0.015984029 0.173442900 0.001681212 0.984712780
1341846441.582260 -0.406699896 -0.070901498 0.262584656 0.019936880 0.169995680 0.005328094 0.985228658
1341846441.614425 -0.424068183 -0.078973554 0.269275188 0.018230744 0.173804939 0.003154944 0.984606266
1341846441.650563 -0.438823879 -0.092665538 0.277964503 0.020050282 0.174321845 0.004088419 0.984476089
1341846441.681977 -0.442466229 -0.076498844 0.268320322 0.024606606 0.173899695 0.005966613 0.984437764
1341846441.714170 -0.454437047 -0.062443160 0.263468921 0.022608444 0.178819478 0.003798190 0.983614743
1341846441.750023 -0.471825778 -0.067827657 0.271507353 0.017766776 0.183686912 0.003028682 0.982819498
1341846441.781910 -0.484004468 -0.068781652 0.278796434 0.014557772 0.186414614 0.005005259 0.982350528
1341846441.818076 -0.488790780 -0.067053527 0.284740001 0.011998092 0.188817546 0.005183768 0.981925189
1341846441.850011 -0.496891618 -0.064833358 0.287420452 0.008996534 0.192214623 0.003430005 0.981305659
1341846441.882149 -0.518268228 -0.062784068 0.297188371 0.005117931 0.196514294 0.003402013 0.980481684
1341846441.918074 -0.528313041 -0.065943837 0.298641056 -0.000488641 0.197190955 0.003752335 0.980357766
1341846441.950113 -0.535583615 -0.065300800 0.311572850 -0.005588166 0.199071214 0.003699666 0.979962051
1341846441.986157 -0.555300117 -0.073602244 0.319374502 -0.009894073 0.200760931 0.005951909 0.979572177
1341846442.018070 -0.564392209 -0.080278687 0.329237729 -0.011627998 0.200199828 0.010426600 0.979630589
1341846442.050044 -0.572840810 -0.080818541 0.323583275 -0.013154883 0.201653004 0.013716632 0.979272604
1341846442.086050 -0.582740664 -0.078960173 0.337470323 -0.016211474 0.205789611 0.016337881 0.978325546
1341846442.118273 -0.599705637 -0.094912387 0.348535746 -0.020036045 0.208901301 0.018534707 0.977555752
1341846442.150914 -0.606157184 -0.109490640 0.357099116 -0.018073974 0.207879379 0.020014770 0.977782667
1341846442.186309 -0.614091992 -0.109261557 0.349577874 -0.014091432 0.209808305 0.022424020 0.977383792
1341846442.254276 -0.635585248 -0.108523548 0.366946787 -0.013479101 0.218761399 0.019090358 0.975498497
1341846442.286112 -0.629028678 -0.098346189 0.345692396 -0.016583972 0.223489672 0.016922181 0.974418283
1341846442.318240 -0.632582664 -0.098871134 0.348451555 -0.022940351 0.233871475 0.019411717 0.971803010
1341846442.359932 -0.654206336 -0.106433928 0.404338449 -0.031742003 0.246791705 0.016287981 0.968411565
1341846442.417971 -0.655439615 -0.108411051 0.407196671 -0.038599506 0.260058016 0.018064091 0.964652061
1341846442.455016 -0.682407379 -0.109372228 0.418306321 -0.041406926 0.268659413 0.020313792 0.962130427
1341846442.486191 -0.706218600 -0.114929453 0.433777899 -0.043446440 0.275718659 0.024311082 0.959948242
1341846442.522074 -0.716861308 -0.136078447 0.401816577 -0.048334047 0.281879067 0.023083553 0.957953632
1341846442.553917 -0.738646746 -0.149929807 0.409288079 -0.057693202 0.297668904 0.027471691 0.952528238
1341846442.585989 -0.728176355 -0.110503994 0.424102515 -0.057144880 0.306242794 0.031251341 0.949722648
1341846442.627895 -0.709382832 -0.110809691 0.455918729 -0.060627043 0.315341055 0.037114106 0.946312249
1341846442.686166 -0.722991049 -0.113938875 0.477269024 -0.058766015 0.335955024 0.035518911 0.939371705
1341846442.721990 -0.735636234 -0.109365478 0.465410322 -0.054426279 0.344503582 0.036723111 0.936486185
1341846442.754276 -0.763255060 -0.129676163 0.491219133 -0.055271767 0.353034407 0.021848576 0.933720708
1341846442.790054 -0.774510503 -0.130610913 0.483364135 -0.054896444 0.355860740 0.022430636 0.932655573
1341846442.822072 -0.779157102 -0.130517334 0.476500481 -0.057902493 0.358192980 0.022076705 0.931588829
1341846442.854093 -0.775797069 -0.132650509 0.478763789 -0.058645822 0.358105123 0.027530326 0.931430876
1341846442.889944 -0.782622159 -0.133111209 0.477307796 -0.055521406 0.358443350 0.033471279 0.931297719
1341846442.922114 -0.799407303 -0.120995715 0.532788157 -0.056042392 0.363890529 0.023503980 0.929457068
1341846442.954040 -0.799784184 -0.127612084 0.563539386 -0.057380281 0.370508254 0.024045017 0.926743209
1341846442.989997 -0.828687429 -0.122084744 0.598944068 -0.052775759 0.375086516 0.022700425 0.925207853
1341846443.022264 -0.844687104 -0.115505382 0.625644743 -0.050142381 0.371202260 0.026550796 0.926816940
1341846443.058071 -0.822034419 -0.121253356 0.598557591 -0.049956378 0.367939591 0.032701548 0.927930713
1341846443.090123 -0.839805424 -0.127016947 0.612372577 -0.049038094 0.373964757 0.033379935 0.925543845
1341846443.122143 -0.857924581 -0.126666680 0.624617040 -0.045976151 0.372606963 0.039519362 0.926006734
1341846443.158076 -0.851589501 -0.125365630 0.635979652 -0.043781850 0.370510519 0.043477673 0.926776588
1341846443.190201 -0.856801927 -0.123421364 0.640862107 -0.041833900 0.372712970 0.044462886 0.925936282
1341846443.226121 -0.860022604 -0.116881937 0.641049027 -0.039662693 0.370774627 0.049489271 0.926554799
1341846443.257975 -0.862323880 -0.121482208 0.653281152 -0.040665749 0.368644118 0.050473545 0.927308023
1341846443.289997 -0.861142993 -0.122474946 0.648043096 -0.038747832 0.368553340 0.053773493 0.927240789
1341846443.326118 -0.870925546 -0.119352899 0.656659484 -0.036967009 0.371059865 0.054422449 0.926275432
1341846443.358067 -0.879070342 -0.121915206 0.670575619 -0.035923444 0.372408181 0.055140145 0.925732791
1341846443.390137 -0.883250356 -0.119981289 0.670075655 -0.035114598 0.372966617 0.054771151 0.925560892
1341846443.426198 -0.886841774 -0.114575408 0.665158927 -0.036474962 0.376815945 0.055007778 0.923933685
1341846443.458405 -0.894718766 -0.123740390 0.690105081 -0.040289406 0.382285565 0.053043570 0.921640337
1341846443.494173 -0.901426494 -0.125957638 0.694204271 -0.039777916 0.385218590 0.052528612 0.920470059
1341846443.558139 -0.909626961 -0.100105070 0.697019875 -0.044134069 0.396382868 0.058415707 0.915161431
1341846443.594027 -0.917052567 -0.118162774 0.709613383 -0.051094696 0.402771711 0.059262149 0.911949694
1341846443.626290 -0.933500707 -0.118552826 0.694203019 -0.053281415 0.408718973 0.062469859 0.908959568
1341846443.658166 -0.934000492 -0.114654660 0.705552578 -0.061309554 0.416363150 0.062303483 0.904986799
1341846443.694065 -0.937713504 -0.112135865 0.738916457 -0.065080844 0.424860537 0.061365385 0.900828660
1341846443.726282 -0.944746733 -0.109936334 0.758219004 -0.065441445 0.430178106 0.063303284 0.898140788
1341846443.770837 -0.953553915 -0.109393761 0.775586069 -0.065713897 0.433231294 0.064990915 0.896531403
1341846443.800403 -0.967614412 -0.098557353 0.773938179 -0.065063700 0.433383107 0.069283649 0.896183908
1341846443.831984 -0.977108598 -0.095427543 0.773643970 -0.070674367 0.432503909 0.070539527 0.896085739
1341846443.868057 -0.979757428 -0.107380681 0.798960984 -0.078591891 0.433667928 0.065978803 0.895210743
1341846443.900439 -0.990366220 -0.112009980 0.816182792 -0.080035962 0.433554769 0.068279259 0.894965053
1341846443.932086 -0.990327001 -0.104390822 0.832270205 -0.076891452 0.430996835 0.071887985 0.896192789
1341846443.993912 -1.010140061 -0.107719854 0.839647174 -0.074850202 0.432177305 0.069260202 0.896004021
1341846444.029924 -1.024533391 -0.100140847 0.847466588 -0.076886825 0.433654040 0.067701720 0.895236850
1341846444.061948 -1.023770213 -0.110908270 0.862459183 -0.082936339 0.432632774 0.064067908 0.895458400
1341846444.093984 -1.016998887 -0.104522549 0.878401458 -0.084354788 0.431933731 0.065054305 0.895592213
1341846444.129916 -1.014204264 -0.108657911 0.887640655 -0.086496174 0.431612432 0.064738072 0.895565808
1341846444.162326 -1.017302513 -0.104603581 0.889175475 -0.086413153 0.433470547 0.065354258 0.894631147
1341846444.198431 -1.026108146 -0.094308384 0.882853806 -0.086814106 0.432361543 0.067400485 0.894977093
1341846444.229953 -1.026565909 -0.091724679 0.904854894 -0.090622127 0.431108803 0.069599114 0.895035625
1341846444.261919 -1.027438045 -0.099151231 0.911467969 -0.089355409 0.429424614 0.073987022 0.895620465
1341846444.298029 -1.029712796 -0.076302178 0.905425072 -0.085395180 0.425893605 0.077233076 0.897417068
1341846444.335959 -1.035416245 -0.081665598 0.913095415 -0.094100460 0.422723472 0.077033997 0.898062229
1341846444.398189 -1.033952475 -0.091466531 0.920606434 -0.093984827 0.415005386 0.078076378 0.901577234
1341846444.429979 -1.031210184 -0.083575353 0.912994146 -0.094161637 0.410344720 0.078343727 0.903666437
1341846444.466022 -1.028373480 -0.086501196 0.913916111 -0.096881412 0.408501416 0.078199886 0.904226363
1341846444.498181 -1.031800032 -0.089025043 0.920783758 -0.097029604 0.406049967 0.077169470 0.905402422
1341846444.530364 -1.030033827 -0.086151451 0.909640253 -0.095135584 0.398449451 0.079651929 0.908758938
1341846444.566040 -1.026866198 -0.089392766 0.898676574 -0.095821306 0.395037800 0.077240907 0.910383046
1341846444.598132 -1.025293946 -0.088987298 0.891605437 -0.095595419 0.392366678 0.075232059 0.911729157
1341846444.630024 -1.023199916 -0.090540595 0.887703776 -0.094371714 0.388190895 0.074887373 0.913670480
1341846444.666108 -1.016264200 -0.101176940 0.874988675 -0.094038285 0.384688824 0.074403405 0.915224254
1341846444.697995 -1.008181930 -0.103252791 0.867123902 -0.092028186 0.385267466 0.072448321 0.915342033
1341846444.734205 -1.005018115 -0.106224492 0.853482127 -0.089109965 0.384537607 0.073179819 0.915879369
1341846444.766262 -0.996520758 -0.112441294 0.836561441 -0.084912486 0.382198334 0.072910644 0.917277694
1341846444.798037 -0.993598342 -0.111297682 0.814938366 -0.080950707 0.381740838 0.073704489 0.917762816
1341846444.833972 -0.986083448 -0.107871518 0.811488390 -0.080199480 0.381274521 0.072488450 0.918119431
1341846444.866116 -0.978938997 -0.110713348 0.803020835 -0.079089031 0.379388630 0.072913207 0.918962896
1341846444.898025 -0.969825745 -0.108666413 0.782415569 -0.076073989 0.375529617 0.074363947 0.920684636
1341846444.934155 -0.966340303 -0.105229728 0.763795793 -0.076445729 0.372341067 0.074843742 0.921909213
1341846444.972057 -0.956687987 -0.116072915 0.754438400 -0.079863444 0.368818343 0.074374117 0.923072755
1341846445.034071 -0.944884121 -0.104598328 0.723394811 -0.076269761 0.362461001 0.075080350 0.925833642
1341846445.065987 -0.933875620 -0.110216513 0.706770778 -0.079209395 0.357817322 0.074907690 0.927405775
1341846445.102399 -0.924889505 -0.116705209 0.701894403 -0.079553232 0.354498774 0.073419318 0.928768814
1341846445.134054 -0.918089628 -0.113992184 0.687934995 -0.077624157 0.348766387 0.071640737 0.931237936
1341846445.170198 -0.912815452 -0.110439241 0.679464042 -0.077879123 0.340319753 0.069895126 0.934468806
1341846445.202068 -0.899504304 -0.122224197 0.663351178 -0.077339165 0.334122747 0.064278580 0.937149346
1341846445.234202 -0.883697510 -0.110916749 0.642746806 -0.073304877 0.326222122 0.060195662 0.940522194
1341846445.270262 -0.876291096 -0.110435210 0.627754807 -0.073237337 0.317130893 0.055445556 0.943922698
1341846445.334212 -0.856614888 -0.115851320 0.601542771 -0.073411338 0.306034774 0.044809859 0.948127449
1341846445.370095 -0.836628437 -0.105336152 0.592343211 -0.070890568 0.297724426 0.045065578 0.950948894
1341846445.401934 -0.832920790 -0.101450168 0.579590261 -0.072489090 0.292459339 0.041835137 0.952608347
1341846445.437937 -0.820410311 -0.112972565 0.565666974 -0.073864102 0.288934380 0.040538371 0.953633904
1341846445.469984 -0.810814500 -0.114889160 0.579781651 -0.069240823 0.283056110 0.037219360 0.955876350
1341846445.502004 -0.793237686 -0.108793803 0.543211818 -0.061520342 0.272001147 0.038587339 0.959552824
1341846445.537946 -0.781388462 -0.105365403 0.524964571 -0.060659524 0.268478334 0.035957813 0.960701227
1341846445.570063 -0.789163649 -0.103280343 0.533264935 -0.060511764 0.270331621 0.031726040 0.960339785
1341846445.602021 -0.772427559 -0.106351003 0.508188367 -0.061997510 0.264620394 0.026614450 0.961989582
1341846445.638006 -0.761314631 -0.108085774 0.513353348 -0.061010510 0.263741732 0.025414061 0.962326407
1341846445.670085 -0.772163033 -0.128012195 0.494307697 -0.056076918 0.251191288 0.027877657 0.965909481
1341846445.706037 -0.740030527 -0.118154109 0.487380832 -0.049926203 0.234060869 0.026488531 0.970577776
1341846445.738075 -0.710755169 -0.096000195 0.480968356 -0.044937685 0.224293709 0.032403391 0.972945511
1341846445.770102 -0.696197033 -0.092752934 0.483705014 -0.047331870 0.214141607 0.028665993 0.975233972
1341846445.806006 -0.688535154 -0.092540070 0.461254388 -0.049323257 0.210445255 0.027057061 0.975985587
1341846445.838049 -0.680805743 -0.102970406 0.471265823 -0.049164545 0.206362829 0.024400907 0.976934910
1341846445.870081 -0.658583164 -0.105637126 0.438378930 -0.044291366 0.190756530 0.022779765 0.980373025
1341846445.906156 -0.632339358 -0.090774313 0.431566536 -0.041653506 0.181626737 0.020330058 0.982274592
1341846445.938036 -0.630874038 -0.082673140 0.442285508 -0.044343218 0.180873528 0.013372297 0.982415199
1341846445.974028 -0.617553353 -0.083375037 0.424987525 -0.049865413 0.174397185 0.004881704 0.983399808
1341846446.006089 -0.599981606 -0.095770188 0.422539443 -0.054652303 0.171221301 -0.000578392 0.983715415
1341846446.038148 -0.587651670 -0.100786313 0.430881798 -0.048634171 0.166920453 0.001392366 0.984769166
1341846446.073973 -0.560811937 -0.107343525 0.405952066 -0.037587482 0.151459426 0.009038798 0.987707198
1341846446.106021 -0.559056044 -0.084841631 0.408698946 -0.031650744 0.149367020 0.006690249 0.988252461
1341846446.138290 -0.539890110 -0.077659383 0.395214975 -0.033272825 0.144218564 0.006234280 0.988966644
1341846446.174003 -0.534346461 -0.091795027 0.400971323 -0.035533108 0.139815897 0.005903861 0.989522099
1341846446.206154 -0.511622906 -0.091221318 0.389784873 -0.029784627 0.131300822 0.009695869 0.990847588
1341846446.242005 -0.498996317 -0.071802750 0.355880469 -0.028647235 0.129784390 0.011766100 0.991058469
1341846446.273991 -0.492285311 -0.072093830 0.373056740 -0.034383193 0.128765479 0.014237896 0.990976512
1341846446.306170 -0.476498187 -0.075765543 0.376991421 -0.035664137 0.120011166 0.017711366 0.991973579
1341846446.342032 -0.456959039 -0.067958988 0.363319904 -0.035614308 0.115612410 0.024784831 0.992346227
1341846446.373966 -0.460502237 -0.064464934 0.350639880 -0.038567647 0.112292439 0.027957942 0.992532730
1341846446.410081 -0.440197378 -0.064462908 0.360209346 -0.042000502 0.104427405 0.028835842 0.993226707
1341846446.441987 -0.426053047 -0.060869098 0.350920498 -0.044218116 0.100962006 0.030184247 0.993448675
1341846446.474066 -0.430870891 -0.059243314 0.359471142 -0.047037289 0.098398343 0.029014718 0.993611276
1341846446.510038 -0.408953458 -0.057843499 0.346405327 -0.049436379 0.088232830 0.026784183 0.994511724
1341846446.542120 -0.383096635 -0.058792163 0.337593585 -0.051511180 0.083308913 0.023982974 0.994902492
1341846446.574035 -0.385224104 -0.065710917 0.331290603 -0.051886596 0.083303101 0.019538656 0.994980693
1341846446.610113 -0.367125422 -0.050925869 0.323716640 -0.049828794 0.077065833 0.017329484 0.995629251
1341846446.642107 -0.350313842 -0.039296165 0.308675379 -0.052045774 0.074857503 0.014593902 0.995728135
1341846446.678096 -0.353100240 -0.046783376 0.307767540 -0.056623295 0.073471598 0.010348876 0.995634735
1341846446.710293 -0.341032207 -0.034648918 0.306711912 -0.058200311 0.065559305 0.009751754 0.996102214
1341846446.742013 -0.317200750 -0.038975030 0.293281406 -0.065400288 0.060494449 0.013267869 0.995935321
1341846446.778116 -0.312985659 -0.039874736 0.290211082 -0.069724694 0.057642017 0.012667280 0.995818973
1341846446.810247 -0.305847645 -0.041288711 0.285286516 -0.072367981 0.048198499 0.011285475 0.996148765
1341846446.842072 -0.284251839 -0.034664299 0.275342047 -0.074571952 0.042519417 0.013981866 0.996210635
1341846446.877989 -0.276181459 -0.026445981 0.273558646 -0.077350236 0.040169299 0.014593568 0.996087492
1341846446.910210 -0.268368185 -0.033817779 0.271938175 -0.081764087 0.037558626 0.014164103 0.995843053
1341846446.979416 -0.235400125 -0.030793875 0.265401810 -0.087001763 0.032132190 0.015231992 0.995573282
1341846447.048442 -0.208404601 -0.035477988 0.253506392 -0.084619723 0.027815877 0.017446900 0.995872140
1341846447.110128 -0.193094790 -0.016756354 0.241731465 -0.087299533 0.028315272 0.014387138 0.995675683
1341846447.146292 -0.162067771 -0.024629854 0.235002965 -0.090578228 0.027625047 0.013939399 0.995408475
1341846447.179789 -0.158811375 -0.024074949 0.235481977 -0.090649500 0.031583458 0.011893040 0.995310843
1341846447.216160 -0.163642421 -0.018249871 0.236069977 -0.090481810 0.034058683 0.010966802 0.995255113
1341846447.252104 -0.151056275 -0.015577471 0.228243977 -0.093311049 0.035790991 0.010010609 0.994943142
1341846447.284847 -0.149670810 -0.020184137 0.228765398 -0.096493155 0.039980885 0.008018078 0.994498014
1341846447.320107 -0.150012940 -0.013330011 0.227665380 -0.096587971 0.040309165 0.008849304 0.994468451
1341846447.352050 -0.137925103 -0.011950158 0.218682185 -0.098687798 0.039740931 0.011483341 0.994258285
1341846447.383924 -0.139164671 -0.024155378 0.218925714 -0.104973637 0.044852074 0.009753516 0.993415117
1341846447.420069 -0.137962580 -0.012411500 0.233414873 -0.105684273 0.045393687 0.008539539 0.993326366
1341846447.452015 -0.134789646 -0.013354758 0.231693193 -0.107294418 0.043751154 0.011870069 0.993193209
1341846447.488160 -0.120735243 -0.003261081 0.229339391 -0.107372783 0.042387966 0.012469469 0.993236542
1341846447.520057 -0.139989778 -0.008060589 0.228358716 -0.110737294 0.046683125 0.011723341 0.992683470
1341846447.551976 -0.144582480 -0.023599846 0.228054360 -0.114378542 0.043645926 0.013533347 0.992385745
1341846447.588058 -0.140845388 -0.013614925 0.225012839 -0.113596149 0.039364703 0.014905652 0.992634952
1341846447.620036 -0.141938478 -0.005201362 0.217011198 -0.116366588 0.037800495 0.014744587 0.992377222
1341846447.656059 -0.137772262 -0.006932836 0.219338819 -0.122697376 0.036233600 0.012818098 0.991699636
1341846447.688035 -0.144799337 -0.022200789 0.223890528 -0.127715811 0.036430940 0.015112107 0.991026282
1341846447.719948 -0.159768015 -0.030939406 0.217631534 -0.128747553 0.035864100 0.019579973 0.990835249
1341846447.756116 -0.144642726 -0.018468138 0.215382203 -0.127884567 0.031190703 0.022294808 0.991047740
1341846447.787990 -0.138965383 -0.022928262 0.207639024 -0.131546214 0.031776458 0.024184275 0.990505397
1341846447.823997 -0.139539227 -0.030279627 0.211037964 -0.135690957 0.033177968 0.025080666 0.989877820
1341846447.856048 -0.135952681 -0.038443621 0.208126590 -0.137071326 0.032992389 0.025974110 0.989670813
1341846447.888261 -0.130017415 -0.034153502 0.205164224 -0.135363474 0.034774475 0.026077209 0.989842117
1341846447.924141 -0.134892792 -0.038919069 0.202686086 -0.136278793 0.038914990 0.024785899 0.989595532
1341846447.956316 -0.145524412 -0.043794829 0.204139322 -0.136641607 0.041173276 0.024546584 0.989460111
1341846447.992036 -0.142711386 -0.045686774 0.199865267 -0.135824099 0.039571822 0.025300035 0.989619017
1341846448.024057 -0.145007774 -0.032007307 0.192637607 -0.135668010 0.040612064 0.023417974 0.989644587
1341846448.092100 -0.144902647 -0.045924239 0.194416776 -0.146368027 0.040493421 0.016496276 0.988263369
1341846448.150222 -0.149029121 -0.051086761 0.191724733 -0.153728306 0.041811500 0.013759991 0.987132251
1341846448.186133 -0.147284091 -0.079199910 0.191527888 -0.157852679 0.041214071 0.012934371 0.986517429
1341846448.218203 -0.142455533 -0.082929306 0.195688084 -0.152117804 0.038611915 0.013289359 0.987518430
1341846448.250175 -0.147180453 -0.086966895 0.188812509 -0.147700593 0.037250169 0.013262963 0.988241374
1341846448.286053 -0.132277191 -0.071589045 0.182438359 -0.142976046 0.035302397 0.012985701 0.989011109
1341846448.318080 -0.149753556 -0.085039280 0.182172388 -0.145061955 0.039453235 0.012344551 0.988558590
1341846448.350345 -0.151461333 -0.085822627 0.180867523 -0.144569665 0.037281230 0.014715089 0.988682568
1341846448.385982 -0.143596172 -0.088635810 0.174257219 -0.146062672 0.034327194 0.015465480 0.988558650
1341846448.417971 -0.153334618 -0.059764504 0.166719869 -0.145484686 0.036370229 0.014658456 0.988583088
1341846448.454017 -0.161162287 -0.077728190 0.169501409 -0.154111147 0.037105370 0.014246894 0.987253726
1341846448.486068 -0.155876070 -0.091521315 0.175799087 -0.159265250 0.033750299 0.013163102 0.986570954
1341846448.518032 -0.143802062 -0.091175437 0.174383506 -0.160016596 0.031745218 0.012847261 0.986520052
1341846448.553970 -0.147453040 -0.103649981 0.173224449 -0.164778292 0.033345658 0.012635681 0.985685825
1341846448.586105 -0.158923358 -0.124147952 0.177619010 -0.168727770 0.032065056 0.012702801 0.985059083
1341846448.621936 -0.146893278 -0.119469285 0.176276579 -0.164786994 0.028403629 0.011663458 0.985851109
1341846448.653943 -0.138489515 -0.107898727 0.171059206 -0.161349103 0.028392704 0.009738322 0.986440837
1341846448.686150 -0.158356041 -0.110647745 0.164053589 -0.164344773 0.032284435 0.008263276 0.985839844
1341846448.722086 -0.153151080 -0.105702050 0.163267493 -0.168067470 0.030942572 0.008573453 0.985252440
1341846448.753983 -0.137830228 -0.103590727 0.155241713 -0.173416540 0.031162312 0.008499867 0.984318733
1341846448.786053 -0.144105166 -0.104377992 0.164623454 -0.182702407 0.035472926 0.003764410 0.982520878
1341846448.822019 -0.158181325 -0.129509106 0.171321332 -0.188810989 0.035438791 0.004643467 0.981362820
1341846448.854125 -0.134030402 -0.111944944 0.167077869 -0.180609331 0.027777009 0.008484911 0.983125985
1341846448.890063 -0.131889954 -0.129247084 0.162060618 -0.182432458 0.027902255 0.007702528 0.982792199
1341846448.922419 -0.157784626 -0.113946415 0.159905165 -0.185377613 0.033841636 0.003075704 0.982079625
1341846448.954059 -0.178162754 -0.146179631 0.155247569 -0.204116240 0.039411910 -0.003214260 0.978147686
1341846448.990056 -0.181393534 -0.148722827 0.159697071 -0.216272980 0.042675607 -0.005837711 0.975382328
1341846449.022043 -0.161346674 -0.130840331 0.153333843 -0.220072836 0.041395586 -0.004091527 0.974596143
1341846449.054021 -0.145304948 -0.136276111 0.159713104 -0.223198876 0.039170139 -0.002384468 0.973982692
1341846449.090060 -0.153216720 -0.157840639 0.168267459 -0.224274755 0.041113161 -0.005236676 0.973644257
1341846449.121998 -0.142647669 -0.190555409 0.179176241 -0.224463210 0.038075525 -0.004973654 0.973725736
1341846449.158114 -0.147048652 -0.172065914 0.169647992 -0.216914028 0.039117321 -0.007889004 0.975374758
1341846449.190066 -0.168752879 -0.165436462 0.170332775 -0.215427399 0.045607612 -0.013024529 0.975367308
1341846449.222044 -0.164834067 -0.175216854 0.173784629 -0.219196051 0.048351005 -0.009185836 0.974438727
1341846449.258032 -0.153617695 -0.181526497 0.176470771 -0.220970169 0.045759954 -0.006055167 0.974187613
1341846449.290278 -0.148133978 -0.197183877 0.173970476 -0.223191723 0.044508554 -0.000941906 0.973757446
1341846449.321912 -0.144449428 -0.188461795 0.172085777 -0.220604554 0.045682862 0.001400418 0.974291921
1341846449.357984 -0.158192351 -0.182978094 0.176253915 -0.223105475 0.050750896 0.003122620 0.973467290
1341846449.390027 -0.149153620 -0.216279775 0.195374444 -0.229895294 0.052176055 0.007164561 0.971789300
1341846449.426101 -0.132221982 -0.242988005 0.202512681 -0.226884678 0.051837526 0.014730652 0.972429574
1341846449.458035 -0.143528983 -0.207623661 0.192769498 -0.216839567 0.054759167 0.012989847 0.974583626
1341846449.490185 -0.144568995 -0.223906770 0.205418766 -0.221353516 0.055816382 0.012956322 0.973508716
1341846449.525989 -0.140964478 -0.232978165 0.208953291 -0.224240929 0.058088109 0.014519681 0.972692609
1341846449.558288 -0.142637745 -0.223902658 0.214187607 -0.220301613 0.057466779 0.013519830 0.973643661
1341846449.594265 -0.141988114 -0.161563620 0.208959326 -0.202135980 0.055763640 0.011275514 0.977703571
1341846449.626133 -0.131147832 -0.238779455 0.228805631 -0.211876377 0.054161415 0.011990638 0.975720823
1341846449.658161 -0.148963407 -0.264689207 0.241620362 -0.217183337 0.057338528 0.011531361 0.974377096
1341846449.694129 -0.103744619 -0.230560064 0.244444326 -0.215173215 0.051598571 0.009418145 0.975166321
1341846449.725937 -0.166719049 -0.245492414 0.257647395 -0.219933435 0.064376257 0.010209113 0.973334849
1341846449.757969 -0.166988447 -0.266698599 0.270980567 -0.228021801 0.064259477 0.010642631 0.971474886
1341846449.794073 -0.170074075 -0.248922184 0.275861263 -0.229623273 0.063583083 0.012108375 0.971125007
1341846449.826150 -0.173413932 -0.345837146 0.311952949 -0.248039335 0.065766908 0.012094554 0.966439307
1341846449.861992 -0.154655412 -0.352576137 0.321090341 -0.246629104 0.060688134 0.011462482 0.967139959
1341846449.894052 -0.176594645 -0.368489861 0.335230380 -0.247999683 0.061049655 0.009520880 0.966787696
1341846449.925963 -0.170189828 -0.383900106 0.350643665 -0.246373713 0.062487990 0.011580561 0.967088997
1341846449.962133 -0.157450512 -0.398365885 0.354447216 -0.246332750 0.064366914 0.010369194 0.966989934
1341846449.994047 -0.167407811 -0.372007191 0.362127960 -0.240896374 0.068348609 0.005512693 0.968125522
1341846450.026443 -0.125348717 -0.318131179 0.357855648 -0.228899434 0.061653879 0.002040577 0.971493542
1341846450.062040 -0.128014445 -0.321768910 0.366271436 -0.227203891 0.062389709 0.000197266 0.971846640
1341846450.094160 -0.113737307 -0.351676196 0.382680386 -0.233967140 0.060257345 -0.001830833 0.970373690
1341846450.130133 -0.119381309 -0.370995402 0.395554990 -0.239592105 0.061873753 -0.005550615 0.968884110
1341846450.161911 -0.118622057 -0.363876432 0.404767245 -0.239681438 0.061945569 -0.006525756 0.968851328
1341846450.194126 -0.108557642 -0.397947460 0.418895245 -0.248229414 0.060794119 -0.005442787 0.966776371
1341846450.230042 -0.122142397 -0.399897635 0.428132266 -0.252441883 0.062807605 -0.006311215 0.965550840
1341846450.262009 -0.142651200 -0.419002622 0.453478545 -0.259197325 0.063524559 -0.005577063 0.963716924
1341846450.294220 -0.145916328 -0.395942897 0.455437124 -0.252348483 0.060775906 -0.009083625 0.965683162
1341846450.330052 -0.125536501 -0.406044811 0.464174896 -0.252634376 0.052494824 -0.009420232 0.966090798
1341846450.361929 -0.129137114 -0.385330051 0.466148138 -0.247975096 0.051862109 -0.015516008 0.967252731
1341846450.398035 -0.131001651 -0.428052515 0.489158779 -0.256548017 0.053134810 -0.015219135 0.964949846
1341846450.429941 -0.117463164 -0.436446518 0.502466559 -0.258933455 0.048654161 -0.012831877 0.964583635
1341846450.461928 -0.144290864 -0.471091837 0.521745503 -0.265657395 0.048997551 -0.015966915 0.962689161
1341846450.498062 -0.128700331 -0.464639157 0.526893497 -0.263697237 0.044327941 -0.022994837 0.963312030
1341846450.529969 -0.138531268 -0.456817746 0.534928322 -0.262604296 0.044459093 -0.027993293 0.963472247
1341846450.561983 -0.141325161 -0.471077591 0.550445735 -0.267509997 0.042414527 -0.029067257 0.962182164
1341846450.598097 -0.128343403 -0.486382574 0.559588730 -0.271626562 0.038329083 -0.029296679 0.961192787
1341846450.630436 -0.140723228 -0.520055592 0.577876568 -0.279121608 0.037647739 -0.027661489 0.959118664
1341846450.666178 -0.154029787 -0.517792523 0.584183156 -0.280097306 0.034791972 -0.025715772 0.958996236
1341846450.698174 -0.171106905 -0.525171459 0.601685762 -0.283502072 0.032181598 -0.018848402 0.958246171
1341846450.730214 -0.148897171 -0.521295905 0.600166261 -0.284070134 0.022013452 -0.015028027 0.958432972
1341846450.765977 -0.156956121 -0.525096118 0.605271280 -0.286913067 0.017135087 -0.019342095 0.957608044
1341846450.798042 -0.136109471 -0.531016409 0.610160232 -0.288472682 0.009688583 -0.025580661 0.957097292
1341846450.834020 -0.137755856 -0.533600748 0.618830621 -0.289768040 0.008668710 -0.030752152 0.956563473
1341846450.866022 -0.144103944 -0.518761754 0.602823794 -0.288598865 0.010134093 -0.037183836 0.956674099
1341846450.898067 -0.140293449 -0.539268315 0.628464818 -0.299491704 0.009613140 -0.040403720 0.953194559
1341846450.934091 -0.148024201 -0.556449354 0.648988664 -0.305029929 0.007716436 -0.039564177 0.951489329
1341846450.966100 -0.145002618 -0.571270287 0.656046093 -0.306859046 0.002343565 -0.037492484 0.951013327
1341846450.998096 -0.142533854 -0.554337978 0.651869953 -0.304335088 -0.002063480 -0.042573120 0.951610982
1341846451.034057 -0.132866830 -0.570889950 0.666181922 -0.312784165 -0.005947567 -0.049161457 0.948532462
1341846451.068370 -0.148086786 -0.557095289 0.666314542 -0.314389139 -0.002024737 -0.052931421 0.947815180
1341846451.102153 -0.140509903 -0.563447595 0.678239346 -0.317311108 -0.006614838 -0.052653193 0.946835518
1341846451.133979 -0.141139627 -0.561043024 0.679716408 -0.317976952 -0.008952700 -0.056226496 0.946387410
1341846451.165987 -0.145732448 -0.554758787 0.679430366 -0.319122434 -0.007847406 -0.056502987 0.945995092
1341846451.202275 -0.148073539 -0.562157214 0.688034654 -0.320884198 -0.009488161 -0.057405051 0.945329547
1341846451.234790 -0.154020384 -0.560074806 0.678373575 -0.322674036 -0.008366002 -0.054945327 0.944876969
1341846451.302134 -0.142926276 -0.569908857 0.704165578 -0.320501268 -0.016560154 -0.053430408 0.945595026
1341846451.334095 -0.138865381 -0.550166070 0.682400405 -0.312613040 -0.014597348 -0.055655163 0.948136330
1341846451.370064 -0.153459907 -0.543470681 0.685188591 -0.312938333 -0.009698160 -0.056599479 0.948035896
1341846451.402007 -0.140481442 -0.568713844 0.699930787 -0.315760583 -0.012251128 -0.055134773 0.947156429
1341846451.434004 -0.147120744 -0.547722936 0.684266627 -0.305266142 -0.007993640 -0.054600339 0.950666845
1341846451.470107 -0.142271161 -0.535966277 0.671972096 -0.298291534 -0.005145417 -0.053562857 0.952956855
1341846451.502266 -0.142491236 -0.523259461 0.660433352 -0.292955577 -0.000217505 -0.053114064 0.954649627
1341846451.534027 -0.130497351 -0.529229045 0.653459132 -0.291531503 0.002732280 -0.052954722 0.955090463
1341846451.570038 -0.132377610 -0.527439833 0.643707991 -0.289716959 0.007322653 -0.053514782 0.955587089
1341846451.601887 -0.136118710 -0.520422041 0.626386344 -0.287019849 0.012329813 -0.053863298 0.956329584
1341846451.637996 -0.137003973 -0.521664917 0.622505367 -0.288217247 0.016149594 -0.053534687 0.955930948
1341846451.669951 -0.145654649 -0.533509731 0.620278001 -0.288600862 0.021092666 -0.054112922 0.955686390
1341846451.702077 -0.147695258 -0.525338709 0.600251555 -0.283358574 0.025281888 -0.054423161 0.957134724
1341846451.737995 -0.147988468 -0.527782917 0.591071725 -0.282432139 0.026333528 -0.054512307 0.957375109
1341846451.770041 -0.146779224 -0.501910806 0.574406087 -0.276188910 0.028108256 -0.055758622 0.959072769
1341846451.806071 -0.140717059 -0.512920678 0.563700080 -0.278287917 0.031048641 -0.055446111 0.958393216
1341846451.838004 -0.150754571 -0.513772488 0.548953593 -0.279617727 0.033582997 -0.057926174 0.957773805
1341846451.870027 -0.141664699 -0.501577735 0.540838718 -0.281609595 0.030881461 -0.058824420 0.957226217
1341846451.905961 -0.151779354 -0.490707517 0.527384102 -0.279557049 0.034732509 -0.058881406 0.957692266
1341846451.937970 -0.160333440 -0.494409978 0.520770431 -0.279595375 0.037318371 -0.056213729 0.957744122
1341846451.970138 -0.162818685 -0.497570813 0.504182041 -0.276109874 0.034926519 -0.057337955 0.958778322
1341846452.006080 -0.176485002 -0.477941543 0.505666316 -0.265686005 0.033383351 -0.062076151 0.961479604
1341846452.037935 -0.182971224 -0.473543257 0.485058099 -0.258857280 0.030620875 -0.060003668 0.963563621
1341846452.073949 -0.182710484 -0.487417817 0.480938911 -0.258469850 0.025316171 -0.054488119 0.964149117
1341846452.105977 -0.163239390 -0.459902763 0.457877159 -0.249538809 0.018255845 -0.053603586 0.966707706
1341846452.138008 -0.162295789 -0.448689014 0.449401915 -0.246187791 0.017776780 -0.050884973 0.967722237
1341846452.174074 -0.177350327 -0.474313349 0.454297453 -0.248000279 0.019023320 -0.049581956 0.967303276
1341846452.206235 -0.181501493 -0.489936173 0.449991405 -0.241433918 0.014533279 -0.045291118 0.969250798
1341846452.238073 -0.173514113 -0.452370167 0.426266104 -0.226809621 0.011159667 -0.043549702 0.972900987
1341846452.274106 -0.171601936 -0.450201452 0.415035427 -0.222476617 0.011273763 -0.043095376 0.973919868
1341846452.306097 -0.171229362 -0.466798365 0.407418370 -0.219182149 0.011961201 -0.038960006 0.974832416
1341846452.342082 -0.173908532 -0.403613031 0.378519803 -0.201208845 0.013155608 -0.035128646 0.978829861
1341846452.374034 -0.155977815 -0.399344981 0.365814596 -0.201420933 0.010789608 -0.034239683 0.978846669
1341846452.406041 -0.154471591 -0.399798661 0.369949460 -0.202123955 0.014181688 -0.033288296 0.978691280
1341846452.442053 -0.168027565 -0.407667905 0.359392613 -0.199539423 0.015774183 -0.027356073 0.979380846
1341846452.474108 -0.166692242 -0.395066977 0.345214099 -0.193153381 0.009485261 -0.019216286 0.980934501
1341846452.506073 -0.168262586 -0.367558211 0.334752172 -0.187398672 0.009019916 -0.019423101 0.982050478
1341846452.542118 -0.171850383 -0.369099021 0.328104854 -0.189629868 0.011869985 -0.019072879 0.981598616
1341846452.574108 -0.176892400 -0.388704330 0.333455414 -0.191045702 0.010979445 -0.013624529 0.981425166
1341846452.610038 -0.176234633 -0.356002867 0.317502081 -0.179068804 0.007917508 -0.013463123 0.983712554
1341846452.642126 -0.179715112 -0.345741510 0.305181533 -0.174396202 0.008574914 -0.014268844 0.984534800
1341846452.674053 -0.180314302 -0.338943720 0.298505336 -0.173408598 0.010156563 -0.013042502 0.984711230
1341846452.709891 -0.189847514 -0.330588996 0.289505899 -0.173731506 0.013033418 -0.012137535 0.984632015
1341846452.742117 -0.188627914 -0.324968427 0.286614358 -0.172664553 0.014435324 -0.012504112 0.984795511
1341846452.774020 -0.188717961 -0.323735386 0.283335030 -0.171450630 0.017578077 -0.013486054 0.984943569
1341846452.810050 -0.193533599 -0.319164127 0.279516101 -0.170386806 0.020418515 -0.012004237 0.985092521
1341846452.842060 -0.197474152 -0.311113447 0.271625787 -0.167514920 0.022363499 -0.012822274 0.985532463
1341846452.910212 -0.205273062 -0.277434886 0.257955253 -0.160260066 0.027742872 -0.010818086 0.986625552
1341846452.942284 -0.217317998 -0.274093062 0.257795691 -0.157138079 0.029172104 -0.011388890 0.987079978
1341846452.978269 -0.204320878 -0.262747049 0.248720676 -0.151251659 0.026630649 -0.010712516 0.988078415
1341846453.010078 -0.195132256 -0.244851828 0.231961712 -0.149302483 0.027548555 -0.013022846 0.988321960
1341846453.046005 -0.214019507 -0.257656902 0.242148891 -0.155678988 0.033161558 -0.015863413 0.987123430
1341846453.078276 -0.233100310 -0.256957680 0.246607140 -0.155922234 0.035531972 -0.016613208 0.986990273
1341846453.111410 -0.224294946 -0.258968800 0.248099893 -0.153209969 0.033457376 -0.016824741 0.987483799
1341846453.152099 -0.219204545 -0.235731870 0.241786584 -0.145302206 0.033930723 -0.019611742 0.988610864
1341846453.210744 -0.240650848 -0.227163643 0.244200125 -0.137387440 0.037555344 -0.026862657 0.989440620
1341846453.246368 -0.250055760 -0.229575336 0.242333412 -0.131505400 0.037845042 -0.030826885 0.990113020
1341846453.281016 -0.244912490 -0.211660758 0.238634080 -0.122981861 0.037225969 -0.033619348 0.991140485
1341846453.346478 -0.278800964 -0.215385795 0.244761348 -0.113466837 0.042512737 -0.040157903 0.991819203
1341846453.413993 -0.323860168 -0.190970793 0.241724938 -0.095050104 0.051726181 -0.053807206 0.992670476
1341846453.447282 -0.321971625 -0.194645762 0.250007570 -0.087587163 0.050932195 -0.056296211 0.993259847
1341846453.489022 -0.306073487 -0.186504409 0.249297991 -0.074636936 0.044712014 -0.056034945 0.994630694
1341846453.520074 -0.288230002 -0.161161482 0.238349825 -0.057524312 0.041532006 -0.053403664 0.996049225
1341846453.552202 -0.300235659 -0.149227187 0.234558582 -0.046238456 0.043558065 -0.048118502 0.996819615
1341846453.588242 -0.265725195 -0.141053140 0.228680059 -0.038209219 0.037709117 -0.038809933 0.997803509
1341846453.619879 -0.269349873 -0.124380052 0.224957839 -0.035114434 0.038798600 -0.040080838 0.997825205
1341846453.656024 -0.283249378 -0.122632600 0.232501253 -0.034059994 0.041954361 -0.043187860 0.997604430
1341846453.687999 -0.289053768 -0.113803662 0.236082137 -0.028794356 0.044498723 -0.045139305 0.997573674
1341846453.720025 -0.292991519 -0.103319928 0.242742807 -0.022790110 0.046165798 -0.046119817 0.997608304
1341846453.756055 -0.293927640 -0.092673682 0.238262817 -0.016474502 0.046770982 -0.046215959 0.997699916
1341846453.787935 -0.291740835 -0.075655200 0.240025967 -0.010059878 0.045533869 -0.043854803 0.997949004
1341846453.824011 -0.289495200 -0.059071098 0.234376475 -0.006974828 0.045600463 -0.041256722 0.998083055
1341846453.855942 -0.290943086 -0.046350464 0.229772329 -0.006952637 0.046622921 -0.040295634 0.998075247
1341846453.888038 -0.293288350 -0.045851622 0.231144190 -0.006982824 0.047041561 -0.039123714 0.998102009
1341846453.924065 -0.292560190 -0.038271882 0.234202459 -0.004185058 0.046529215 -0.038973413 0.998147607
1341846453.955921 -0.298006237 -0.033878438 0.238517195 -0.000824288 0.047154356 -0.040066443 0.998083413
1341846453.987940 -0.305585653 -0.033635575 0.235440910 0.005983219 0.046677645 -0.042735029 0.997977555
1341846454.024255 -0.297494680 -0.014226377 0.233770311 0.015714236 0.045008663 -0.044655018 0.997864306
1341846454.056313 -0.304370701 0.004122254 0.233629972 0.019280698 0.045537174 -0.046983905 0.997670829
1341846454.088076 -0.307208210 0.012478783 0.231556475 0.019126151 0.044094667 -0.048469577 0.997667551
1341846454.124105 -0.309384704 0.020611612 0.234166875 0.018916534 0.043287929 -0.048985112 0.997681677
1341846454.156054 -0.312944651 0.032131452 0.230385810 0.018751090 0.042797469 -0.048874054 0.997711420
1341846454.191955 -0.309634060 0.039986107 0.231024489 0.016635858 0.042179514 -0.048489343 0.997794032
1341846454.224008 -0.316922516 0.044309422 0.242263287 0.015555686 0.042543057 -0.050392676 0.997701705
1341846454.256124 -0.308778286 0.045564655 0.235345066 0.015375593 0.040598880 -0.049358085 0.997837186
1341846454.291937 -0.309609264 0.053500414 0.238235757 0.015899509 0.041990403 -0.050169073 0.997730970
1341846454.323981 -0.316528916 0.061835762 0.235695705 0.016580557 0.042938109 -0.051523551 0.997610509
1341846454.355934 -0.315725207 0.071738034 0.241810471 0.016670668 0.040996671 -0.047865033 0.997872889
1341846454.392062 -0.311701566 0.078793876 0.240642726 0.016765352 0.040539790 -0.045998741 0.997977734
1341846454.423951 -0.311843872 0.078126922 0.244029045 0.017256623 0.041707005 -0.044913590 0.997970700
1341846454.456041 -0.321017861 0.086089335 0.251107067 0.020629944 0.041437890 -0.042653698 0.998017013
1341846454.492065 -0.312991887 0.095451526 0.248796135 0.024433075 0.039675415 -0.039626632 0.998127520
1341846454.524037 -0.316200793 0.105116226 0.259097815 0.028033253 0.041652206 -0.041680567 0.997868717
1341846454.555946 -0.320140868 0.106612235 0.256975234 0.030443935 0.040738475 -0.039764903 0.997913957
1341846454.591893 -0.320416033 0.115087472 0.254845530 0.034645256 0.037684228 -0.035872303 0.998044491
1341846454.624115 -0.319857746 0.126231581 0.259619951 0.038819075 0.036503457 -0.035779655 0.997938097
1341846454.659990 -0.322823495 0.127202779 0.264844388 0.042308033 0.035477921 -0.033761982 0.997903526
1341846454.691970 -0.326089114 0.136295348 0.280778527 0.049289536 0.032603167 -0.031762835 0.997746825
1341846454.723925 -0.321966320 0.150231019 0.282546401 0.054949526 0.031071113 -0.031006092 0.997523844
1341846454.759924 -0.321080029 0.160598785 0.287265390 0.058359902 0.030927692 -0.032939177 0.997272611
1341846454.792135 -0.320009351 0.165219530 0.287981093 0.060948417 0.031007297 -0.032903552 0.997116446
1341846454.823976 -0.314722121 0.157661960 0.284813881 0.065988876 0.030331438 -0.028781449 0.996943891
1341846454.859970 -0.318932384 0.174197242 0.285056323 0.075832509 0.031066407 -0.024051875 0.996346235
1341846454.892266 -0.317160219 0.197069705 0.290923476 0.082409613 0.030782467 -0.023273643 0.995851099
1341846454.959988 -0.316032529 0.215792790 0.292563587 0.086272880 0.034644023 -0.020956548 0.995448470
1341846455.022227 -0.310541868 0.247586846 0.294273287 0.095668435 0.036287129 -0.016393797 0.994616568
1341846455.054099 -0.307328522 0.260184050 0.283225954 0.095521085 0.040464897 -0.015397216 0.994485438
1341846455.090050 -0.316453665 0.269319385 0.287429243 0.096875355 0.043316063 -0.012159148 0.994279146
1341846455.122055 -0.314426839 0.281723529 0.293416381 0.100944318 0.042202618 -0.007719453 0.993966579
1341846455.153946 -0.303841621 0.290901333 0.291792631 0.104534775 0.042626757 -0.004613288 0.993596613
1341846455.190190 -0.309439838 0.299166203 0.294463247 0.107215367 0.045247283 -0.002020508 0.993203640
1341846455.222061 -0.309453905 0.313710302 0.296194553 0.110375315 0.042751361 0.001984532 0.992968082
1341846455.258176 -0.305722177 0.331581861 0.289829195 0.112060919 0.040662244 0.002187578 0.992866635
1341846455.289996 -0.308151662 0.340675682 0.296841711 0.111067370 0.041352689 0.001671774 0.992950737
1341846455.322654 -0.306419551 0.339025766 0.295557320 0.109060846 0.039037623 0.003111342 0.993263364
1341846455.358098 -0.314787477 0.349318624 0.309122682 0.111503385 0.034925554 0.006584838 0.993128300
1341846455.390002 -0.311259538 0.369803041 0.301230669 0.112600170 0.030216541 0.006319244 0.993160725
1341846455.422100 -0.306929410 0.388532639 0.307190537 0.110740900 0.031268828 0.002542987 0.993354023
1341846455.458125 -0.304865599 0.385530770 0.350993454 0.108378500 0.030119881 0.003164606 0.993648231
1341846455.490042 -0.309212029 0.394934922 0.319863677 0.111574940 0.025728976 0.009500729 0.993377447
1341846455.525978 -0.310850948 0.412965655 0.317663699 0.114533000 0.024130912 0.008233305 0.993092179
1341846455.558173 -0.311359137 0.425817400 0.324932516 0.113769054 0.025706694 0.006403274 0.993153930
1341846455.590092 -0.314010531 0.423233449 0.336216450 0.113743208 0.023475979 0.007929325 0.993201137
1341846455.625973 -0.316341549 0.436834812 0.323991627 0.116221957 0.021054476 0.007024493 0.992975235
1341846455.658077 -0.318974078 0.451616824 0.314573228 0.117886648 0.020534689 0.003950010 0.992806852
1341846455.690122 -0.312656760 0.460308492 0.342650175 0.119767107 0.019256329 0.002723241 0.992611527
1341846455.726004 -0.307612568 0.465768516 0.367207825 0.125020057 0.016716124 0.003754341 0.992006302
1341846455.758157 -0.310813367 0.480015934 0.364815891 0.132435545 0.016270196 -0.000152918 0.991058052
1341846455.826431 -0.305205166 0.491363436 0.371625543 0.142726392 0.014071942 0.000271061 0.989662111
1341846455.858084 -0.295337141 0.501947820 0.390511185 0.152937874 0.012077288 0.004650678 0.988151073
1341846455.893948 -0.296726674 0.499991864 0.345000654 0.159337148 0.014476815 0.005716146 0.987101495
1341846455.926012 -0.302913606 0.522305071 0.385101259 0.167702898 0.017400863 0.000085246 0.985683978
1341846455.958115 -0.298287809 0.528671086 0.384401649 0.174874261 0.015256376 0.003196337 0.984467387
1341846455.994972 -0.291982323 0.539777696 0.402063370 0.181434214 0.015405756 -0.000322117 0.983282328
1341846456.026027 -0.290622592 0.539146841 0.392046779 0.183913514 0.016276799 0.000435485 0.982807517
1341846456.061926 -0.286837876 0.547063768 0.420543671 0.189229459 0.015456766 -0.002097067 0.981809020
1341846456.093945 -0.297580451 0.565514505 0.389880866 0.195003167 0.016195064 -0.007096120 0.980643213
1341846456.126153 -0.308059037 0.589233398 0.373122394 0.198936552 0.018053861 -0.012704920 0.979763687
1341846456.162325 -0.284995556 0.579306543 0.420171827 0.198560730 0.016396409 -0.013665231 0.979856133
1341846456.194021 -0.278887391 0.582078695 0.422099203 0.204914585 0.016236372 -0.012139418 0.978569865
1341846456.229852 -0.278385967 0.594287992 0.429492295 0.211091965 0.017369825 -0.014481227 0.977204561
1341846456.262012 -0.281938672 0.612350106 0.432549268 0.214696243 0.019115560 -0.017945066 0.976328909
1341846456.293900 -0.279751122 0.614055991 0.437561423 0.215564638 0.020674948 -0.021466456 0.976034641
1341846456.330221 -0.278980345 0.614637971 0.432811290 0.218112811 0.020624945 -0.018321924 0.975533545
1341846456.362093 -0.281907946 0.629668295 0.442560583 0.223603949 0.020228958 -0.020292673 0.974258840
1341846456.394095 -0.289593548 0.649536312 0.422446936 0.222829729 0.020563822 -0.023728466 0.974351585
1341846456.429930 -0.285530299 0.655819356 0.446837753 0.222493738 0.019582927 -0.027811052 0.974340558
1341846456.462149 -0.286143780 0.658985317 0.447575033 0.222293854 0.018791335 -0.029201910 0.974361122
1341846456.498080 -0.291064978 0.668551564 0.440291256 0.222695515 0.016683249 -0.028045790 0.974341750
1341846456.529977 -0.292749107 0.679391623 0.435518801 0.223762602 0.016261561 -0.027537864 0.974118829
1341846456.562074 -0.299582541 0.691953421 0.440995991 0.224727020 0.017797474 -0.026121574 0.973908961
1341846456.598113 -0.305697143 0.694510102 0.468221694 0.226062983 0.015135929 -0.022361087 0.973738372
1341846456.629868 -0.296829194 0.711717963 0.464383781 0.228082880 0.009620217 -0.019704521 0.973394752
1341846456.662113 -0.292694449 0.729293942 0.481328040 0.228192076 0.009726426 -0.023097597 0.973293483
1341846456.697989 -0.310202450 0.733497977 0.426574051 0.224797979 0.010959100 -0.023960873 0.974049091
1341846456.730098 -0.312595427 0.742094100 0.430885881 0.225752026 0.008321389 -0.024052462 0.973852277
1341846456.766110 -0.309280217 0.752504349 0.429991722 0.225891441 0.007148230 -0.025240716 0.973799169
1341846456.798062 -0.308715075 0.761115670 0.431328446 0.225778267 0.008601293 -0.028324995 0.973728836
1341846456.830204 -0.310760111 0.763972461 0.435210377 0.226646483 0.007920875 -0.028595712 0.973524988
1341846456.866247 -0.309063047 0.773523510 0.448200196 0.229184538 0.006106532 -0.027673190 0.972970366
1341846456.898128 -0.310327023 0.782367110 0.430845171 0.229676962 0.006009973 -0.027696189 0.972854197
1341846456.929870 -0.309143424 0.794191957 0.433760077 0.230067119 0.007827019 -0.029614966 0.972692549
1341846456.966238 -0.316351861 0.795609295 0.437955916 0.229587719 0.008189398 -0.027706118 0.972859085
1341846456.997966 -0.316246510 0.803679228 0.441527635 0.233282641 0.006584832 -0.024820419 0.972069860
1341846457.034139 -0.310528129 0.819319785 0.440146834 0.234584555 0.007399684 -0.024864523 0.971749485
1341846457.066343 -0.321023136 0.818050146 0.435253561 0.232675314 0.008682653 -0.025687037 0.972176433
1341846457.098123 -0.320328385 0.821211934 0.432785094 0.234583750 0.008443248 -0.026169529 0.971706867
1341846457.133984 -0.324158639 0.829313815 0.437731117 0.236581728 0.008592534 -0.025812708 0.971230626
1341846457.165966 -0.325769812 0.831880391 0.434872925 0.238085151 0.007009376 -0.025257435 0.970890522
1341846457.198024 -0.320816934 0.840579927 0.424447834 0.242377013 0.008027875 -0.026961157 0.969774187
1341846457.234155 -0.325226337 0.845810235 0.425784767 0.244869933 0.009763985 -0.026014423 0.969157696
1341846457.266029 -0.319769889 0.849929869 0.430059403 0.246137679 0.009137535 -0.025014007 0.968868971
1341846457.302162 -0.317625403 0.856280625 0.433145106 0.246103287 0.011055012 -0.026606478 0.968815267
1341846457.334093 -0.316222548 0.856848001 0.437189579 0.244659021 0.012739794 -0.026290189 0.969168961
1341846457.365992 -0.316819698 0.860787928 0.430807918 0.244014516 0.013750444 -0.025382351 0.969341815
1341846457.401999 -0.309770167 0.860489249 0.432838202 0.243650109 0.015755245 -0.025056956 0.969411433
1341846457.434165 -0.314714670 0.863557398 0.428869903 0.241574407 0.019572150 -0.027470313 0.969795883
1341846457.470028 -0.317975312 0.860733092 0.428872079 0.238433287 0.019337857 -0.027329152 0.970581651
1341846457.502234 -0.310564548 0.857883692 0.431519330 0.236292630 0.018743947 -0.028091835 0.971094906
1341846457.534037 -0.295616329 0.862694860 0.438803911 0.232933939 0.021957202 -0.032417856 0.971704066
1341846457.570088 -0.319615722 0.855148554 0.421967149 0.224962577 0.026501175 -0.035764985 0.973350048
1341846457.601985 -0.312528580 0.842317164 0.418079555 0.219470993 0.025776640 -0.033505082 0.974702775
1341846457.634100 -0.308360964 0.831002831 0.407948732 0.215367079 0.028616145 -0.030130096 0.975648642
1341846457.670084 -0.307454497 0.823304713 0.408056349 0.212573513 0.033021864 -0.026549656 0.976225972
1341846457.701992 -0.288533419 0.808754921 0.443957180 0.210580096 0.035225425 -0.022044526 0.976692975
1341846457.738024 -0.295335412 0.790627599 0.404769957 0.209367201 0.038478345 -0.017499292 0.976923048
1341846457.770266 -0.295512289 0.776784182 0.403274387 0.211104110 0.041727681 -0.014039086 0.976471543
1341846457.802137 -0.274209827 0.762552321 0.427911848 0.213228822 0.043257885 -0.013978325 0.975944042
1341846457.838017 -0.272556990 0.741659462 0.432056278 0.214483738 0.047981374 -0.015657023 0.975422680
1341846457.870077 -0.281630695 0.732612014 0.437364876 0.215394706 0.051340826 -0.014695573 0.975065768
1341846457.902124 -0.274379849 0.712211728 0.426806569 0.214752316 0.050341684 -0.012244642 0.975293398
1341846457.937994 -0.264719993 0.712389290 0.424746126 0.216531709 0.053893454 -0.013916918 0.974687576
1341846457.970119 -0.277196288 0.697212219 0.419283330 0.213647932 0.056606837 -0.013534550 0.975175381
1341846458.006046 -0.272397429 0.687584102 0.404286146 0.210501209 0.055954952 -0.014815804 0.975878477
1341846458.038014 -0.262533605 0.673872709 0.403156668 0.208016142 0.059168883 -0.016907565 0.976187706
1341846458.070131 -0.265910208 0.658139765 0.406270981 0.204647377 0.062524244 -0.015934698 0.976706862
1341846458.106139 -0.260353237 0.641674161 0.420897245 0.203043610 0.062327825 -0.012173001 0.977108181
1341846458.138044 -0.259776890 0.630202711 0.403921396 0.201151818 0.063603610 -0.009328470 0.977448463
1341846458.169976 -0.255993009 0.624951184 0.405948043 0.197935849 0.065871313 -0.009375927 0.977954209
1341846458.205943 -0.261518061 0.605326593 0.409848213 0.192318335 0.067605354 -0.010938531 0.978940010
1341846458.238247 -0.258837193 0.584903538 0.403708547 0.188021511 0.065522216 -0.009049532 0.979935110
1341846458.273991 -0.250970930 0.576008618 0.401895106 0.184385732 0.065478273 -0.010527512 0.980613887
1341846458.306111 -0.255098373 0.557533920 0.402086765 0.178048715 0.066033557 -0.011854229 0.981732011
1341846458.344939 -0.256215096 0.534623682 0.390794992 0.174436212 0.064429931 -0.010258421 0.982504725
1341846458.406267 -0.248498484 0.500530481 0.383021533 0.168615580 0.062491860 -0.004958027 0.983686447
1341846458.442040 -0.249740899 0.488922536 0.381399632 0.164853334 0.062920406 -0.005601421 0.984293163
1341846458.473980 -0.249833256 0.465950519 0.378700197 0.160892770 0.062568113 -0.004271363 0.984977424
1341846458.506295 -0.247058600 0.456499487 0.377539515 0.158180341 0.061309930 -0.002668435 0.985501409
1341846458.541965 -0.241551787 0.448584974 0.371942490 0.153100729 0.059943423 -0.001326145 0.986389995
1341846458.573927 -0.246140197 0.417703658 0.367227107 0.146602586 0.059812848 0.000185459 0.987385452
1341846458.606148 -0.240635291 0.410269529 0.359786808 0.144757435 0.058820847 0.003395963 0.987711430
1341846458.642017 -0.243834451 0.399540544 0.354985625 0.138858423 0.058517177 0.005090981 0.988568723
1341846458.673954 -0.246929780 0.387062371 0.348645538 0.131838724 0.055329006 0.006194772 0.989706457
1341846458.710158 -0.241902709 0.386769116 0.340016365 0.122903541 0.052998178 0.004636087 0.990991652
1341846458.741981 -0.245080948 0.360991240 0.345398933 0.107711419 0.051172864 0.000199938 0.992864311
1341846458.773965 -0.257572860 0.350027591 0.328483343 0.097912252 0.045197226 -0.004357141 0.994158685
1341846458.810261 -0.243439287 0.334820151 0.335038155 0.088353783 0.041348476 -0.008156912 0.995197177
1341846458.845355 -0.244277954 0.319665939 0.326763809 0.083721615 0.040508401 -0.010603086 0.995609045
1341846458.910230 -0.244710311 0.303705990 0.311784565 0.080859467 0.037837420 -0.006385493 0.995986581
1341846458.942341 -0.244295329 0.295615882 0.317415535 0.077963509 0.039212942 -0.008259212 0.996150494
1341846458.979658 -0.248811513 0.285799831 0.317018896 0.074002750 0.039226040 -0.009379850 0.996442139
1341846459.010325 -0.252869576 0.283418834 0.309962958 0.069455989 0.037333116 -0.009526523 0.996840715
1341846459.052625 -0.249735102 0.286111832 0.303211838 0.063078329 0.035629995 -0.012217388 0.997297525
1341846459.078195 -0.251871288 0.271877527 0.305694789 0.053667288 0.035451926 -0.015690573 0.997806013
1341846459.110297 -0.249080092 0.260792524 0.300696790 0.046302799 0.034822352 -0.018029977 0.998157501
1341846459.156583 -0.253673375 0.236965671 0.297711998 0.038196731 0.035300620 -0.018808069 0.998469412
1341846459.209921 -0.240278780 0.222064465 0.288311183 0.033687200 0.034078050 -0.017477352 0.998698354
1341846459.246034 -0.248677060 0.216897875 0.281808376 0.029622167 0.036213063 -0.018733600 0.998729289
1341846459.278165 -0.257740229 0.232016042 0.263985097 0.023722976 0.037158504 -0.022800362 0.998767555
1341846459.310125 -0.248948380 0.221490279 0.272728622 0.014041120 0.037984610 -0.027553523 0.998799682
1341846459.346071 -0.248828471 0.209130973 0.271177053 0.003190591 0.040700294 -0.033708557 0.998597562
1341846459.378112 -0.243007675 0.183547676 0.270835698 -0.004756733 0.041335285 -0.033876970 0.998559535
1341846459.409983 -0.238740340 0.164830729 0.258672535 -0.005473471 0.043935515 -0.034165874 0.998434961
1341846459.446124 -0.240576401 0.164249286 0.257403702 -0.003686628 0.048762895 -0.038020208 0.998079658
1341846459.478285 -0.250576019 0.165046886 0.254301012 -0.003252905 0.051565040 -0.042812850 0.997746229
1341846459.514102 -0.233374134 0.164025441 0.271195769 -0.004651048 0.049803305 -0.050545406 0.997468352
1341846459.546042 -0.244565129 0.162478089 0.257628590 -0.012719383 0.053287294 -0.072282813 0.995878458
1341846459.578086 -0.257372439 0.149826586 0.255569428 -0.019021468 0.055334002 -0.091508247 0.994083762
1341846459.614088 -0.254797935 0.141209170 0.261913270 -0.019613571 0.052281689 -0.106138147 0.992782295
1341846459.646471 -0.258860141 0.146685809 0.254494309 -0.018632768 0.050359242 -0.126584530 0.990501463
1341846459.682060 -0.258823216 0.129610941 0.243376508 -0.025289450 0.049658719 -0.148304895 0.987370312
1341846459.713908 -0.261933774 0.140285388 0.251161873 -0.026112337 0.048333526 -0.165125787 0.984741330
1341846459.746062 -0.261223644 0.135259926 0.253961295 -0.028454689 0.044868812 -0.182013959 0.981859505
1341846459.782130 -0.260015815 0.133843988 0.246629328 -0.032124404 0.041545782 -0.197927684 0.978808761
1341846459.814161 -0.263977915 0.130822837 0.254785895 -0.032958776 0.039386366 -0.212915808 0.975719869
1341846459.845917 -0.266876787 0.124816917 0.261584520 -0.031785164 0.034179382 -0.228888750 0.972332954
1341846459.881966 -0.285132200 0.132089198 0.248578012 -0.030865856 0.029633312 -0.244612455 0.968676388
1341846459.914201 -0.274230272 0.131053761 0.236559749 -0.035985079 0.022343718 -0.267107666 0.962735355
1341846459.950366 -0.294189364 0.123345673 0.239019036 -0.046638165 0.021918694 -0.292599589 0.954845488
1341846459.982150 -0.298937470 0.133578956 0.242497548 -0.053266767 0.016855275 -0.311431706 0.948624730
1341846460.014318 -0.295079291 0.142251149 0.236585811 -0.057328552 0.010721895 -0.327770650 0.942955375
1341846460.050064 -0.285721272 0.132375002 0.232396260 -0.062298648 0.006438004 -0.340731770 0.938072085
1341846460.082470 -0.298554063 0.141294047 0.238788769 -0.066919491 0.005875734 -0.354626209 0.932591796
1341846460.113981 -0.304632813 0.147959381 0.245113850 -0.070647225 0.001167925 -0.361755520 0.929591596
1341846460.150105 -0.301210642 0.141986549 0.236737356 -0.074342228 -0.004559960 -0.371114910 0.925595045
1341846460.181998 -0.307173222 0.135632545 0.220745131 -0.077410586 -0.005276254 -0.382430315 0.920720816
1341846460.218224 -0.304918468 0.146758422 0.234577179 -0.078544952 -0.006011139 -0.391172528 0.916939795
1341846460.250207 -0.310642213 0.145072117 0.230841085 -0.079296969 -0.007988141 -0.396496296 0.914570332
1341846460.282079 -0.304511458 0.146757051 0.216984272 -0.079829462 -0.009734238 -0.404097289 0.911173940
1341846460.318118 -0.301651716 0.156169072 0.215685114 -0.082866229 -0.011077250 -0.413248599 0.906772375
1341846460.350039 -0.304117918 0.166624144 0.220742360 -0.088370673 -0.012437612 -0.422651827 0.901887655
1341846460.382034 -0.308778584 0.168102652 0.213013828 -0.094688892 -0.014783239 -0.431158513 0.897172093
1341846460.417986 -0.302665770 0.168420911 0.215751573 -0.099858373 -0.017590461 -0.437636137 0.893416762
1341846460.450206 -0.304718763 0.168852299 0.200286314 -0.105708875 -0.020248126 -0.445684522 0.888696194
1341846460.486901 -0.311764091 0.179023862 0.219595030 -0.111043431 -0.021349588 -0.456592739 0.882460535
1341846460.550003 -0.325428933 0.188689977 0.215256944 -0.121314719 -0.024690531 -0.482569426 0.867063940
1341846460.585983 -0.322399706 0.189996377 0.214546293 -0.126410604 -0.028036650 -0.494538844 0.859456599
1341846460.618376 -0.340086460 0.200190440 0.218825459 -0.131363750 -0.029136576 -0.505349040 0.852359653
1341846460.654440 -0.334153801 0.183119640 0.204767421 -0.137656212 -0.035645869 -0.514513731 0.845609725
1341846460.685981 -0.331594080 0.185301721 0.203584611 -0.140964255 -0.037549734 -0.526078582 0.837830782
1341846460.719720 -0.322642207 0.196487978 0.207341194 -0.142157778 -0.041065585 -0.533700347 0.832627594
1341846460.754596 -0.347458094 0.180100054 0.206796870 -0.153543144 -0.042184751 -0.541253150 0.825645208
1341846460.818048 -0.349814147 0.181664363 0.205581561 -0.168359801 -0.043115277 -0.559581459 0.810348511
1341846460.854135 -0.340027899 0.194914386 0.204219624 -0.170702949 -0.044765022 -0.564314127 0.806477606
1341846460.886066 -0.346629292 0.198417053 0.201682642 -0.174719602 -0.043120686 -0.568285406 0.802910566
1341846460.922118 -0.353444546 0.198137105 0.198447615 -0.179322854 -0.039124493 -0.574263275 0.797830999
1341846460.953981 -0.343942434 0.204869762 0.204843432 -0.180319741 -0.037402231 -0.577052891 0.795673192
1341846460.986060 -0.342779547 0.205128938 0.204306901 -0.181618065 -0.036959749 -0.577865481 0.794808388
1341846461.022018 -0.355842829 0.198999181 0.203392312 -0.186084792 -0.033595052 -0.580991089 0.791639566
1341846461.053987 -0.338235885 0.189778760 0.201884970 -0.187762424 -0.034417357 -0.582329929 0.790223122
1341846461.086024 -0.335084796 0.203312755 0.199226707 -0.187534809 -0.031223217 -0.582172275 0.790525973
1341846461.122172 -0.348166734 0.204160303 0.206807539 -0.189637706 -0.027155250 -0.577293992 0.793745399
1341846461.153999 -0.336114556 0.190798864 0.178957731 -0.185842648 -0.024914291 -0.571751297 0.798712850
1341846461.190395 -0.331987649 0.196502179 0.196283624 -0.181771606 -0.017824013 -0.565009356 0.804615319
1341846461.222053 -0.331265152 0.197116703 0.209920108 -0.178576827 -0.014771733 -0.556900859 0.811020076
1341846461.254158 -0.331459105 0.188562244 0.204426676 -0.175852507 -0.013275824 -0.552210748 0.814839244
1341846461.289936 -0.337506443 0.188815787 0.212170556 -0.171782300 -0.008722760 -0.550924122 0.816637874
1341846461.322044 -0.325464517 0.189153418 0.214474484 -0.167018428 -0.010851609 -0.548039913 0.819536090
1341846461.354118 -0.328275025 0.189541221 0.213959813 -0.166452348 -0.011919863 -0.547091603 0.820269644
1341846461.390065 -0.333212525 0.174997240 0.207503349 -0.167862445 -0.011341967 -0.550752521 0.817536116
1341846461.422073 -0.323918968 0.176769778 0.209025741 -0.164386839 -0.010129482 -0.549459279 0.819126904
1341846461.458072 -0.323772579 0.180448398 0.217505485 -0.161031589 -0.008627981 -0.542758882 0.824261606
1341846461.490119 -0.333634198 0.168603361 0.210290626 -0.159137115 -0.004758540 -0.535704672 0.829260647
1341846461.522406 -0.327351451 0.168346569 0.204415843 -0.153082877 0.001419495 -0.524995804 0.837223411
1341846461.558036 -0.310290068 0.181446299 0.219910011 -0.143663004 0.003976748 -0.508546770 0.848955452
1341846461.622229 -0.320796937 0.165655315 0.216496453 -0.137635589 0.008746700 -0.487374723 0.862233043
1341846461.657948 -0.314526260 0.161160171 0.224397078 -0.134023905 0.008735052 -0.477654070 0.868221104
1341846461.726030 -0.335819274 0.154626384 0.227635995 -0.122303553 0.013853933 -0.449997157 0.884506941
1341846461.758483 -0.337953001 0.159831747 0.232300267 -0.114549421 0.017083121 -0.436368763 0.892282963
1341846461.789933 -0.330800325 0.151651576 0.224876046 -0.108144715 0.017629463 -0.421042681 0.900398254
1341846461.826110 -0.335826814 0.141909286 0.230115384 -0.101789713 0.020766016 -0.407668501 0.907201231
1341846461.858118 -0.311531991 0.138660371 0.232607067 -0.090876386 0.020036643 -0.392215997 0.915153921
1341846461.894127 -0.305463076 0.134908542 0.232645243 -0.083795205 0.022206085 -0.376328915 0.922421694
1341846461.926026 -0.306618154 0.129295304 0.228672445 -0.079668842 0.024761256 -0.363388866 0.927894533
1341846461.958215 -0.340412319 0.133776948 0.240717933 -0.073957793 0.033514980 -0.349282146 0.933492899
1341846461.994132 -0.336777270 0.130131438 0.240440726 -0.066988997 0.033002887 -0.332809746 0.940032423
1341846462.026102 -0.327236265 0.123775832 0.237025708 -0.061011307 0.031046685 -0.314106554 0.946916461
1341846462.058066 -0.309882730 0.122491181 0.231955424 -0.055944175 0.026658000 -0.296889544 0.952898860
1341846462.094057 -0.311770380 0.114707455 0.230960608 -0.053254161 0.023886384 -0.277187854 0.959041357
1341846462.126029 -0.310990840 0.118075818 0.236687139 -0.048308611 0.022126561 -0.259372264 0.964314640
1341846462.162124 -0.314838350 0.118506372 0.237217814 -0.043423682 0.020222986 -0.243881151 0.968621373
1341846462.194292 -0.313289583 0.117036872 0.235521227 -0.038787972 0.017714404 -0.226362079 0.973109424
1341846462.226092 -0.322928876 0.106928654 0.232312039 -0.035395779 0.016877126 -0.211390257 0.976614773
1341846462.262203 -0.321460217 0.111944750 0.240649492 -0.028916346 0.013709148 -0.194454342 0.980389416
1341846462.293934 -0.324919075 0.112666942 0.232408792 -0.025247850 0.012137542 -0.182621405 0.982784092
1341846462.325983 -0.319625616 0.112251259 0.232924417 -0.022549905 0.011518070 -0.171885461 0.984791458
1341846462.362050 -0.321678251 0.106453896 0.237433180 -0.020780990 0.011498814 -0.160147220 0.986807406
1341846462.400267 -0.325738668 0.089104563 0.224450618 -0.016544690 0.010692094 -0.141108468 0.989798129
1341846462.431940 -0.323843926 0.094845235 0.220702454 -0.007020857 0.011183039 -0.120880947 0.992579162
1341846462.468003 -0.319781274 0.093500376 0.229355469 -0.000182518 0.011532298 -0.102891944 0.994625688
1341846462.500020 -0.316651851 0.091007769 0.227776498 0.005223558 0.011528927 -0.086821936 0.996143460
1341846462.535930 -0.314860195 0.085372671 0.229498640 0.009680612 0.014003177 -0.071487539 0.997296214
1341846462.567947 -0.320500106 0.076286085 0.223924547 0.016719224 0.017947746 -0.052964959 0.998295069
1341846462.599970 -0.318398267 0.081584454 0.220607072 0.025573380 0.019598402 -0.036642890 0.998808920
1341846462.635989 -0.315374255 0.078654595 0.225731820 0.031227348 0.020731226 -0.017500257 0.999144018
1341846462.668003 -0.319685251 0.079031743 0.223393977 0.035332475 0.021224994 -0.004225849 0.999141276
1341846462.704029 -0.319582760 0.080645181 0.218873978 0.037493978 0.021243270 0.011029804 0.999010146
1341846462.735984 -0.320596308 0.089196444 0.201362371 0.038300857 0.020561082 0.026746437 0.998696625
1341846462.768046 -0.314904571 0.076118469 0.200614139 0.037099849 0.017378949 0.049738243 0.997921705
1341846462.803937 -0.313056529 0.069837816 0.210083038 0.038771268 0.016204016 0.067947224 0.996803582
1341846462.835950 -0.315838575 0.072380714 0.210229844 0.041215595 0.016604783 0.083013810 0.995557249
1341846462.871842 -0.310782790 0.065104447 0.210700214 0.043873802 0.016156608 0.103585891 0.993521035
1341846462.904097 -0.305720240 0.064960711 0.231281444 0.047799237 0.018201593 0.115848884 0.991949081
1341846462.966029 -0.310427666 0.051346358 0.212302014 0.055201326 0.024318850 0.126825511 0.990089238
1341846462.998172 -0.306183338 0.047600619 0.205127642 0.062569074 0.023861010 0.139152184 0.988004267
1341846463.029970 -0.307651579 0.054794956 0.210532144 0.067904115 0.025101406 0.145483077 0.986708462
1341846463.066067 -0.311524421 0.054841153 0.220499769 0.069480211 0.025291800 0.155590296 0.985050499
1341846463.098088 -0.307413042 0.050736573 0.203883782 0.069962792 0.023947770 0.169622198 0.982730925
1341846463.134111 -0.304255277 0.059731025 0.216322899 0.071638934 0.024317678 0.184310839 0.979952037
1341846463.165917 -0.304006130 0.054296620 0.195614696 0.072604060 0.026174413 0.203169957 0.976097107
1341846463.198310 -0.301206827 0.056858759 0.218231410 0.074234992 0.027704947 0.222092927 0.971800566
1341846463.234037 -0.305587441 0.060844682 0.209359348 0.073626690 0.030904541 0.237823963 0.968020558
1341846463.265874 -0.299532443 0.045624509 0.199994206 0.070508868 0.031786360 0.250303835 0.965073109
1341846463.298219 -0.293195784 0.041099180 0.205959052 0.072445951 0.031502381 0.260480702 0.962241650
1341846463.334210 -0.293885678 0.041601069 0.205017447 0.077282898 0.032580778 0.270269990 0.959124625
1341846463.365995 -0.284189999 0.028385546 0.201421455 0.082430258 0.032422103 0.281098336 0.955582440
1341846463.402065 -0.293845773 0.040114995 0.207537606 0.091167979 0.033975154 0.287351102 0.952871144
1341846463.434179 -0.293822140 0.041206948 0.208898649 0.094601281 0.036105018 0.293796122 0.950489819
1341846463.466070 -0.280176550 0.029830130 0.202676699 0.097408034 0.037749447 0.304650694 0.946717799
1341846463.501955 -0.280499458 0.030617861 0.201202899 0.102234542 0.040187940 0.312408775 0.943575025
1341846463.534089 -0.281553715 0.032814443 0.199400172 0.105373733 0.042013030 0.321036428 0.940248311
1341846463.566060 -0.280440062 0.031875920 0.202655330 0.106983952 0.043787532 0.328818560 0.937291563
1341846463.601907 -0.281310648 0.034776997 0.195060298 0.108656794 0.045337439 0.337448508 0.933952212
1341846463.634009 -0.281415671 0.033887908 0.193168342 0.110418729 0.045009229 0.343793750 0.931443870
1341846463.670261 -0.284033060 0.036392823 0.189240411 0.110414892 0.045443255 0.350917846 0.928762674
1341846463.702198 -0.279205918 0.033896543 0.192511871 0.110331766 0.048292592 0.358831137 0.925599754
1341846463.734494 -0.279423892 0.033688016 0.193491250 0.112654708 0.050478123 0.368537247 0.921380043
1341846463.770159 -0.280680448 0.035443388 0.190365598 0.115584768 0.049918879 0.378465980 0.917012393
1341846463.804734 -0.279719770 0.038185176 0.184500992 0.115674987 0.050589275 0.388937771 0.912571847
1341846463.836811 -0.278625667 0.037835225 0.186796337 0.115194030 0.053463317 0.398507744 0.908330083
1341846463.902572 -0.280256033 0.038593706 0.181498900 0.114553876 0.060142595 0.421173513 0.897704363
1341846463.938656 -0.284619004 0.040406968 0.185956240 0.117636003 0.063365541 0.434241682 0.890831470
1341846464.006721 -0.285367996 0.040312570 0.177631095 0.119044825 0.066785283 0.458757609 0.878014565
1341846464.070293 -0.287965983 0.040589202 0.176188588 0.117961228 0.073427856 0.483084708 0.864478290
1341846464.106086 -0.288264126 0.043093741 0.173305020 0.116970941 0.074918628 0.496920973 0.856606424
1341846464.138960 -0.283846021 0.046795566 0.166359320 0.114467464 0.076167904 0.512317955 0.847718120
1341846464.170247 -0.286013663 0.048993401 0.166079536 0.115452871 0.081773266 0.525337696 0.839049518
1341846464.206089 -0.274831533 0.059313290 0.194193736 0.121050209 0.086888433 0.546407700 0.824157655
1341846464.238124 -0.296280533 0.069213226 0.197609559 0.125415325 0.093355335 0.560351849 0.813364327
1341846464.270037 -0.294974059 0.071750470 0.202452451 0.122197449 0.097616874 0.572878361 0.804580092
1341846464.306089 -0.285965592 0.071808875 0.199884221 0.120375626 0.101724885 0.586683154 0.794332802
1341846464.337963 -0.266636252 0.070566475 0.193933725 0.126819924 0.104915783 0.600433588 0.782552779
1341846464.374148 -0.261738002 0.075342886 0.196891442 0.141309083 0.107550770 0.612982750 0.769880950
1341846464.406125 -0.271529883 0.071273424 0.200658187 0.151024014 0.115340687 0.621501207 0.760016084
1341846464.438109 -0.272740394 0.089199819 0.208302662 0.157545969 0.124663368 0.626968563 0.752694309
1341846464.474154 -0.288338214 0.087005503 0.197118416 0.158708632 0.131982967 0.633583426 0.745629907
1341846464.506083 -0.285805762 0.091851853 0.203458652 0.156711638 0.135649294 0.640498400 0.739460945
1341846464.538050 -0.303403676 0.091868736 0.188346893 0.152789384 0.141370788 0.643126369 0.736924767
1341846464.573969 -0.305226445 0.093463160 0.192359120 0.146940067 0.146687880 0.648555160 0.732302845
1341846464.606003 -0.299740642 0.099528275 0.194385499 0.142628387 0.149772376 0.654271007 0.727430284
1341846464.642006 -0.308849365 0.095232248 0.181778356 0.137502208 0.153928772 0.657918155 0.724253297
1341846464.674030 -0.309714258 0.114348926 0.200742185 0.132845595 0.156111732 0.660968900 0.721873462
1341846464.706178 -0.309003353 0.096898817 0.191403151 0.123337574 0.160971478 0.668907881 0.715149164
1341846464.741977 -0.309916884 0.099006832 0.182639703 0.115706779 0.161660343 0.673950851 0.711525261
1341846464.774027 -0.290262014 0.107041165 0.198458254 0.112085320 0.160366401 0.679272950 0.707324386
1341846464.806072 -0.310769767 0.105203412 0.186700329 0.109511115 0.163772061 0.678417802 0.707767844
1341846464.842191 -0.298322141 0.107194632 0.196640611 0.102590375 0.162944674 0.682403862 0.705159009
1341846464.873987 -0.294129699 0.106252156 0.194370762 0.100317061 0.161505446 0.684203923 0.704071999
1341846464.910024 -0.315679610 0.103601336 0.173298344 0.097424380 0.162366390 0.684671164 0.703826010
1341846464.941952 -0.323097736 0.110580310 0.186196715 0.089229189 0.161823705 0.686957896 0.702808738
1341846464.974022 -0.314468801 0.113141760 0.190519363 0.082496181 0.159984007 0.692113817 0.698983490
1341846465.010148 -0.315321326 0.110306136 0.185440943 0.077884555 0.157069564 0.697529674 0.694777310
1341846465.042073 -0.318020523 0.114680938 0.192307040 0.075281285 0.154823616 0.702786565 0.690256059
1341846465.078033 -0.323145539 0.109697558 0.176351026 0.070587605 0.152953953 0.705873489 0.688015342
1341846465.110007 -0.324057579 0.112557724 0.189582393 0.066832185 0.148784190 0.706011236 0.689162433
1341846465.142010 -0.312782258 0.119316466 0.206792444 0.065952688 0.144239292 0.705987692 0.690236628
1341846465.177973 -0.321660221 0.113144897 0.186059341 0.063640453 0.142020732 0.705425620 0.691487253
1341846465.210092 -0.327007830 0.112565778 0.176024914 0.059492692 0.138169631 0.702548265 0.695554256
1341846465.241909 -0.329716772 0.114649199 0.185175598 0.056413636 0.136364907 0.700271845 0.698456466
1341846465.278006 -0.328703552 0.116205268 0.182312638 0.054284628 0.134276897 0.698949993 0.700351238
1341846465.310248 -0.324149072 0.117234424 0.186838701 0.053453065 0.132336512 0.696982622 0.702741086
1341846465.346076 -0.326256454 0.117252044 0.184601024 0.053088587 0.130368754 0.691481054 0.708547413
1341846465.377895 -0.327986181 0.121012449 0.188003942 0.051642258 0.128612652 0.683082461 0.717070580
1341846465.409986 -0.327429950 0.114358976 0.183233783 0.048358448 0.128489122 0.674579084 0.725324094
1341846465.446399 -0.327136964 0.119880334 0.185276672 0.045990445 0.127763480 0.665269375 0.734151244
1341846465.478000 -0.321915895 0.119043097 0.187918305 0.045681689 0.127644703 0.657022059 0.741580725
1341846465.510268 -0.316359907 0.121812873 0.186617449 0.047637589 0.128235549 0.648909390 0.748467028
1341846465.545952 -0.320945293 0.123367377 0.184494346 0.047961418 0.128261596 0.637789011 0.757940531
1341846465.578109 -0.319898099 0.117683269 0.179213703 0.046455476 0.127303183 0.628974259 0.765524149
1341846465.614033 -0.323962986 0.116787784 0.175786287 0.047046024 0.124970980 0.618312001 0.774505734
1341846465.646071 -0.322606504 0.112555884 0.171337888 0.045549467 0.122770995 0.609943688 0.781550527
1341846465.678057 -0.327262521 0.113680340 0.173248664 0.043719679 0.118516050 0.602536678 0.788030505
1341846465.713982 -0.323190480 0.112868436 0.181165054 0.043912437 0.116925858 0.595170498 0.793833852
1341846465.745991 -0.320205718 0.115260527 0.175831273 0.045013547 0.114808805 0.588134646 0.799306154
1341846465.778260 -0.318236500 0.116443351 0.177437961 0.045023091 0.111099415 0.578581750 0.806766987
1341846465.814116 -0.323540449 0.115504876 0.179913223 0.044447467 0.109997101 0.566995084 0.815132856
1341846465.845994 -0.327622473 0.120411403 0.181743428 0.047813687 0.109607153 0.553355217 0.824316740
1341846465.882074 -0.331303716 0.117018037 0.175502092 0.047580328 0.106414601 0.542057335 0.832217455
1341846465.913915 -0.336980402 0.118638903 0.178000748 0.045702953 0.102127001 0.527121246 0.842392087
1341846465.946253 -0.343193024 0.114964709 0.176027790 0.041713282 0.100018673 0.510728300 0.852885008
1341846465.982097 -0.344834447 0.112755641 0.173463553 0.034390505 0.094328582 0.497354597 0.861717939
1341846466.014088 -0.341494590 0.118767567 0.175799727 0.029208105 0.088568814 0.483271480 0.870489001
1341846466.046055 -0.340260774 0.118099630 0.176179349 0.028368346 0.087757982 0.472468883 0.876508355
1341846466.082006 -0.346448481 0.119485132 0.170571417 0.029823519 0.086186551 0.461876541 0.882242858
1341846466.114092 -0.345341802 0.121571980 0.176877618 0.028981904 0.084035166 0.451979071 0.887588322
1341846466.149988 -0.341960311 0.116900258 0.170312777 0.027515622 0.084067658 0.442403585 0.892443061
1341846466.182235 -0.347328812 0.117487498 0.164301783 0.028342506 0.083346523 0.430190504 0.898435414
1341846466.227775 -0.355313838 0.110440552 0.164415047 0.023910930 0.079001926 0.419422537 0.904030800
1341846466.282054 -0.341775626 0.118684798 0.169545233 0.013565279 0.075776614 0.384123415 0.920066893
1341846466.318013 -0.338805288 0.116951957 0.174328402 0.013614489 0.072446115 0.366478205 0.927501976
1341846466.350104 -0.342286766 0.118387304 0.169340283 0.013995492 0.072286330 0.350375265 0.933710873
1341846466.418103 -0.332878947 0.104026377 0.175070658 0.013422625 0.072925568 0.334212929 0.939576149
1341846466.450241 -0.324691892 0.104991354 0.184846878 0.022106184 0.073374748 0.334941328 0.939117551
1341846466.482241 -0.322236300 0.114054091 0.184066519 0.033575062 0.074605063 0.327252477 0.941388667
1341846466.518064 -0.335613489 0.125102565 0.183597520 0.037976861 0.077343404 0.316245317 0.944756389
1341846466.550013 -0.333625853 0.128345668 0.187064141 0.036093246 0.078196086 0.302503049 0.949249446
1341846466.586129 -0.322910249 0.118891791 0.188472271 0.032784168 0.078384094 0.292560577 0.952464938
1341846466.617891 -0.324136615 0.118623219 0.189655721 0.032529514 0.078426316 0.276451737 0.957269847
1341846466.650067 -0.327841461 0.121383876 0.186250538 0.030806582 0.075732775 0.259098917 0.962384164
1341846466.686119 -0.336846203 0.131568596 0.209929943 0.026743146 0.077937871 0.243363351 0.966428876
1341846466.718096 -0.318410546 0.113990158 0.199978471 0.020630881 0.076317355 0.236998186 0.968288124
1341846466.750165 -0.317498446 0.115879200 0.204622284 0.020704249 0.074296102 0.227679342 0.970676839
1341846466.786075 -0.313690811 0.129393175 0.218268007 0.019537220 0.075226732 0.215785950 0.973342538
1341846466.817996 -0.320419580 0.126197129 0.219427288 0.014917592 0.079209469 0.202781275 0.975901186
1341846466.854152 -0.316541255 0.122746721 0.216273725 0.012596565 0.077463679 0.197302669 0.977196157
1341846466.886138 -0.315090835 0.128161013 0.214045182 0.011039422 0.074822061 0.192390367 0.978399575
1341846466.918000 -0.326003969 0.142747447 0.222283691 0.005369508 0.078203887 0.175416097 0.981368721
1341846466.954116 -0.318354934 0.133713081 0.214899972 -0.003832826 0.075378701 0.163143769 0.983711064
1341846466.986117 -0.313845992 0.141316742 0.230383858 -0.009591047 0.072190791 0.152409151 0.985630751
1341846467.018002 -0.309900373 0.141634926 0.226228014 -0.019170260 0.073948413 0.134409115 0.987976909
1341846467.054121 -0.304735750 0.134214461 0.232754022 -0.024591010 0.073914185 0.123992607 0.989220798
1341846467.086519 -0.305191010 0.131453946 0.228313223 -0.026105085 0.069932468 0.112953261 0.990792394
1341846467.122117 -0.303829074 0.138994470 0.231457889 -0.026770512 0.067365237 0.096721731 0.992668211
1341846467.154292 -0.297340453 0.126030654 0.226539716 -0.027481260 0.067913979 0.085768431 0.993617773
1341846467.221944 -0.293264151 0.130007774 0.222508892 -0.016073756 0.059815284 0.069366790 0.995666623
1341846467.254128 -0.288180232 0.136770770 0.223544225 -0.019346764 0.055876534 0.057758301 0.996577919
1341846467.290073 -0.287112802 0.135871798 0.215824142 -0.024424402 0.052365351 0.045765787 0.997279704
1341846467.322189 -0.288678020 0.141265750 0.225561500 -0.025885206 0.047904857 0.036800001 0.997838080
1341846467.354092 -0.291080534 0.138898537 0.226619571 -0.028948244 0.041394427 0.029058443 0.998300612
1341846467.390082 -0.271970004 0.136210501 0.220096499 -0.030396400 0.032493144 0.018686099 0.998834848
1341846467.422206 -0.266846001 0.140224934 0.216168612 -0.028766964 0.025424760 0.011444811 0.999197185
1341846467.454073 -0.258321315 0.127267420 0.206213489 -0.026998719 0.017980631 0.009330322 0.999430180
1341846467.490150 -0.262718737 0.127508521 0.191992089 -0.019035071 0.011507485 0.004123533 0.999744117
1341846467.522115 -0.254635483 0.123613082 0.189104423 -0.012038197 0.005854031 0.002417700 0.999907494
1341846467.558053 -0.242386326 0.121286020 0.180725753 -0.003643834 -0.000169283 -0.000507084 0.999993205
1341846467.589949 -0.238897830 0.123795547 0.183521852 0.005204336 -0.005071973 -0.002026240 0.999971509
1341846467.622077 -0.230262518 0.121710390 0.177088559 0.015938248 -0.012512605 0.001234192 0.999793947
1341846467.658139 -0.227713406 0.118390605 0.179899126 0.027622733 -0.017025221 0.003925795 0.999465704
1341846467.690047 -0.235127091 0.126639932 0.183288440 0.042108253 -0.022137908 0.010021729 0.998817503
1341846467.721985 -0.206632003 0.146245703 0.168090582 0.055225566 -0.034808621 0.021092832 0.997644007
1341846467.758049 -0.197717875 0.142823651 0.126150385 0.058293898 -0.042867962 0.027277753 0.997005582
1341846467.789943 -0.184621036 0.154754341 0.097454175 0.058655709 -0.049518235 0.029673394 0.996607721
1341846467.826009 -0.175125957 0.164113209 0.109134749 0.055049904 -0.055942345 0.029505379 0.996478498
1341846467.858121 -0.169269264 0.158602238 0.107155874 0.051041521 -0.062738262 0.029546062 0.996285975
1341846467.890215 -0.158563495 0.155151501 0.101030670 0.051987920 -0.068776175 0.031763110 0.995770156
1341846467.926038 -0.144874126 0.161862478 0.096601032 0.052390195 -0.072304994 0.029552689 0.995567143
1341846467.957994 -0.139117375 0.161831677 0.089861512 0.051197894 -0.073694825 0.027768821 0.995578587
1341846467.990124 -0.133191988 0.166135669 0.069381505 0.050057359 -0.076252431 0.027650699 0.995447278
1341846468.026228 -0.121817283 0.193856165 0.054663252 0.046406437 -0.078545392 0.027818676 0.995441198
1341846468.058002 -0.113734506 0.173991725 0.052923132 0.037104201 -0.078091577 0.024622321 0.995951176
1341846468.094305 -0.109581254 0.178353935 0.051046465 0.032360412 -0.076148719 0.022777703 0.996310890
1341846468.126042 -0.100905150 0.186979696 0.045151204 0.024912281 -0.077688619 0.026967648 0.996301472
1341846468.158486 -0.088265657 0.189828888 0.031967349 0.017053936 -0.077224515 0.027286924 0.996494353
1341846468.194517 -0.081697181 0.201753795 0.031890325 0.006587119 -0.072714262 0.023555337 0.997052848
1341846468.226561 -0.067452483 0.232696399 0.039553806 -0.005015924 -0.066575289 0.015173853 0.997653425
1341846468.258171 -0.074520327 0.214913398 0.026667958 -0.017764905 -0.060535964 0.009563230 0.997962117
1341846468.309995 -0.047887851 0.201841012 0.011413158 -0.026817167 -0.057969358 0.009064079 0.997916937
1341846468.335863 -0.031056078 0.212069064 0.043630216 -0.033780895 -0.049934678 0.002416069 0.998178124
1341846468.400413 -0.046608962 0.196806595 0.025143171 -0.043312669 -0.038578361 0.003791631 0.998309255
1341846468.462095 -0.030368419 0.203118026 0.013876599 -0.049085736 -0.032152895 0.004253219 0.998267889
1341846468.494284 -0.028693417 0.201351091 0.012254545 -0.051868699 -0.029404663 0.003983658 0.998212934
1341846468.529997 -0.020602781 0.199957266 0.002530825 -0.051242791 -0.028861428 0.008607557 0.998232007
1341846468.562003 -0.008803611 0.206406623 0.001909732 -0.051154200 -0.027031040 0.006554325 0.998303354
1341846468.594314 -0.013381421 0.202262431 -0.001294974 -0.052805040 -0.023108080 0.005179421 0.998324037
1341846468.630018 -0.009997455 0.197865039 0.000476422 -0.052673023 -0.022207567 0.007451520 0.998337030
1341846468.662064 -0.003550211 0.201673344 -0.007046015 -0.051043615 -0.021980658 0.007263479 0.998428106
1341846468.694446 0.001659614 0.201940730 -0.001324426 -0.051948167 -0.019263601 0.004446879 0.998454094
1341846468.730126 0.001879874 0.185693860 -0.005052837 -0.050711766 -0.016628254 0.004041371 0.998566747
1341846468.762147 0.002768010 0.190515876 -0.002773649 -0.045657706 -0.017131956 0.006892624 0.998786449
1341846468.797962 0.003825224 0.192616329 -0.006995137 -0.043763369 -0.016446857 0.006532630 0.998885214
1341846468.830113 0.007449898 0.193117902 -0.008288366 -0.043471478 -0.013859827 0.002136220 0.998956263
1341846468.862077 0.009349135 0.185234785 -0.002091936 -0.042475779 -0.012813908 0.003180139 0.999010265
1341846468.897982 0.010594771 0.185869485 -0.004999347 -0.038055480 -0.012800575 0.005817553 0.999176741
1341846468.930161 0.016976543 0.190818816 -0.008633691 -0.035541680 -0.011350174 0.005907657 0.999286294
1341846468.962214 0.015665390 0.189155295 -0.008467097 -0.035162497 -0.007959926 0.004765427 0.999338567
1341846468.998002 0.014082134 0.180548042 -0.006959153 -0.034642171 -0.007831200 0.009000965 0.999328554
1341846469.030028 0.017657991 0.183116108 -0.001986873 -0.030257940 -0.009062598 0.011790236 0.999431491
1341846469.066173 0.018194281 0.189782798 -0.012834631 -0.026439130 -0.007764171 0.010237049 0.999567866
1341846469.098358 0.017104752 0.191867426 -0.008150736 -0.027278177 -0.008280384 0.011918025 0.999522567
1341846469.131076 0.019071387 0.189377949 -0.007279470 -0.028094139 -0.009439634 0.012724003 0.999479711
1341846469.166463 0.025172712 0.186819524 -0.005934273 -0.026708702 -0.008451465 0.010799342 0.999549210
1341846469.198284 0.024101250 0.185686469 -0.008019715 -0.025252163 -0.007326055 0.012004615 0.999582231
1341846469.242554 0.026055727 0.183492988 -0.006164323 -0.023529692 -0.007274814 0.013651032 0.999603450
1341846469.272447 0.031986319 0.188727230 -0.007424737 -0.021889485 -0.007579352 0.013874925 0.999635398
1341846469.339987 0.031581752 0.186608583 -0.007020960 -0.022218119 -0.004822928 0.012753803 0.999660134
1341846469.398298 0.038966734 0.188081041 -0.005600054 -0.023293359 -0.003096891 0.013975441 0.999626160
1341846469.434042 0.038822990 0.186148182 -0.005807213 -0.024594428 -0.000048901 0.011508157 0.999631286
1341846469.466076 0.036256917 0.187885866 -0.007616899 -0.025081614 0.001784329 0.012411009 0.999606788
1341846469.502529 0.037240282 0.189540863 -0.008271576 -0.026732253 0.001638296 0.013461282 0.999550641
1341846469.534729 0.042268079 0.188057497 -0.011531085 -0.029449822 0.002803805 0.011445320 0.999496818
1341846469.566597 0.038080420 0.186877638 -0.013426645 -0.031446218 0.005512087 0.010253429 0.999437690
1341846469.602391 0.035285458 0.187373683 -0.015485100 -0.032351170 0.006046296 0.010743730 0.999400556
1341846469.634717 0.039516222 0.187380672 -0.016957488 -0.033469394 0.005973964 0.010905994 0.999362409
1341846469.667242 0.040487133 0.188170642 -0.018765900 -0.034435108 0.008331235 0.008532328 0.999335766
1341846469.702595 0.035383862 0.185131624 -0.020622946 -0.035742156 0.009590270 0.008804923 0.999276221
1341846469.734373 0.041068025 0.185840815 -0.018281156 -0.035736125 0.009515192 0.009358659 0.999272108
1341846469.771003 0.040777579 0.185800716 -0.018921321 -0.034907624 0.011979745 0.008838678 0.999279678
1341846469.803099 0.037502017 0.187957406 -0.020247387 -0.034278654 0.013469469 0.008882756 0.999282062
1341846469.834283 0.040896613 0.186922878 -0.019771889 -0.034954336 0.013810315 0.009656072 0.999246836
1341846469.871263 0.042939540 0.189173967 -0.020621100 -0.034516893 0.015516317 0.008261189 0.999249518
1341846469.902171 0.043462411 0.187266931 -0.017989958 -0.034417596 0.017287735 0.008151081 0.999224782
1341846469.934183 0.044352271 0.185572058 -0.013580582 -0.033741172 0.017209299 0.010041254 0.999231994
1341846469.969991 0.047937088 0.186602086 -0.018546177 -0.031395722 0.017925920 0.009664638 0.999299526
1341846470.002102 0.050381888 0.186323673 -0.019391401 -0.029353533 0.019880883 0.009681317 0.999324501
1341846470.038184 0.049149740 0.182152033 -0.019323360 -0.028928757 0.020446815 0.012896847 0.999289095
1341846470.070096 0.054079533 0.184942916 -0.019853868 -0.027157804 0.020721216 0.014860318 0.999305904
1341846470.107943 0.058351394 0.178567022 -0.020809110 -0.025333751 0.022884347 0.017155772 0.999269843
1341846470.170125 0.062049907 0.178915948 -0.023411356 -0.015882660 0.024461141 0.024043906 0.999285400
1341846470.202144 0.064750180 0.179038092 -0.024383541 -0.013854555 0.026423097 0.023755988 0.999272525
1341846470.238185 0.061085664 0.175724953 -0.022620618 -0.011026294 0.028782904 0.024548206 0.999223351
1341846470.269875 0.061099496 0.167906120 -0.030106500 -0.008412185 0.028090006 0.028583070 0.999161243
1341846470.306072 0.065442152 0.173042983 -0.025408302 -0.005017245 0.027454855 0.029759735 0.999167383
1341846470.337953 0.067505062 0.169623822 -0.027102241 -0.002829963 0.028917139 0.028934957 0.999158919
1341846470.370014 0.062493253 0.166962951 -0.029627707 -0.001021276 0.029207079 0.030796053 0.999098361
1341846470.405987 0.064234547 0.167597041 -0.028733088 0.001369098 0.027445624 0.033459872 0.999062240
1341846470.438051 0.065035857 0.166218787 -0.033593372 0.003187595 0.027684860 0.032158174 0.999094188
1341846470.470041 0.060024362 0.167201668 -0.034800000 0.004049988 0.027951809 0.032574017 0.999070168
1341846470.506110 0.061124060 0.164092422 -0.034742292 0.005211564 0.026027998 0.033735495 0.999078214
1341846470.538167 0.064045623 0.164219290 -0.038402271 0.007092389 0.025658660 0.033218108 0.999093533
1341846470.573973 0.062163737 0.166173860 -0.037089847 0.007634452 0.025495313 0.033467099 0.999085426
1341846470.606133 0.063979544 0.164844677 -0.037797041 0.008025555 0.024211880 0.034706894 0.999071956
