1341845948.747856 0.000000000 0.000000000 0.000000000 0.000000000 0.000000000 0.000000000 1.000000000
1341845948.779817 0.001701392 -0.001610095 -0.001579204 0.002674092 0.004548936 0.000049415 0.999986053
1341845948.811832 0.003403821 -0.007169450 0.000264553 0.004041283 0.008367279 0.002464441 0.999953806
1341845948.847804 0.002771579 -0.008685676 -0.002015986 0.005410213 0.011280893 0.003705044 0.999914885
1341845948.879918 0.005551850 -0.009337621 -0.002478664 0.003642086 0.014970593 0.002685050 0.999877691
1341845948.911866 0.008846520 -0.008451876 -0.000791848 -0.000573583 0.017629404 0.004711279 0.999833345
1341845948.947808 0.008047571 -0.017574836 -0.000542860 -0.006819454 0.018245537 0.006486915 0.999789238
1341845948.979787 0.008535782 -0.020219326 0.000480785 -0.012419578 0.018924685 0.004412784 0.999734044
1341845949.011787 0.011465885 -0.027706319 0.005180730 -0.019235566 0.021607090 0.004275218 0.999572337
1341845949.047774 0.014903705 -0.042943597 0.013663474 -0.025121029 0.022365982 0.008642676 0.999396801
1341845949.079745 0.018800680 -0.046765156 0.022122378 -0.024634171 0.021557894 0.011844307 0.999393880
1341845949.115941 0.015519908 -0.051100779 0.022409992 -0.025234468 0.024567248 0.013400175 0.999289811
1341845949.147691 0.018377367 -0.058071848 0.027259614 -0.028118385 0.027617702 0.014745815 0.999114215
1341845949.179815 0.018424207 -0.066614352 0.032971796 -0.030757871 0.030453173 0.017661737 0.998906732
1341845949.215795 0.017148234 -0.073055930 0.031357381 -0.032131393 0.033491720 0.018195564 0.998756647
1341845949.247763 0.015726717 -0.078985490 0.035711087 -0.035087105 0.037852705 0.018085880 0.998503387
1341845949.283892 0.018496433 -0.081243403 0.044516306 -0.037347700 0.042029131 0.016842751 0.998276055
1341845949.315792 0.024222219 -0.089588843 0.050237820 -0.038267687 0.045311928 0.018519223 0.998067856
1341845949.347811 0.024182893 -0.096559107 0.055366907 -0.036986925 0.048640881 0.017323026 0.997980952
1341845949.383752 0.025991919 -0.100000359 0.058858447 -0.036996979 0.052015554 0.015174862 0.997845352
1341845949.415733 0.026697773 -0.104151480 0.062835544 -0.039352033 0.053190831 0.015426553 0.997689426
1341845949.451907 0.026806755 -0.107588023 0.064986616 -0.041792344 0.053269960 0.015359410 0.997586966
1341845949.483823 0.028187670 -0.107995011 0.066948690 -0.045018304 0.054323185 0.013242823 0.997420132
1341845949.515817 0.021584304 -0.117888756 0.065276645 -0.053039942 0.056441557 0.012126296 0.996922314
1341845949.551896 0.024222244 -0.113560081 0.076571077 -0.057746682 0.053320102 0.010331245 0.996852815
1341845949.583736 0.025462357 -0.116696373 0.079883441 -0.062389616 0.051953144 0.008442882 0.996662974
1341845949.619753 0.029434253 -0.120680153 0.084409282 -0.067265429 0.051501699 0.006260034 0.996385336
1341845949.651764 0.017296506 -0.128823444 0.100265779 -0.069886498 0.051629331 0.004251344 0.996208906
1341845949.683707 0.025485659 -0.123783588 0.096276678 -0.068422399 0.046780773 0.004731994 0.996547818
1341845949.719890 0.021414489 -0.107460946 0.090181820 -0.070507631 0.048533592 0.002908124 0.996325612
1341845949.751778 0.021911396 -0.124881499 0.098695584 -0.080827467 0.048771285 0.001122373 0.995533526
1341845949.787857 0.010505199 -0.130870089 0.114031814 -0.086712733 0.048381679 0.003389609 0.995052040
1341845949.819784 0.009930142 -0.143394560 0.107795700 -0.094302326 0.045826469 0.003976774 0.994480371
1341845949.851908 0.012220688 -0.134079278 0.105859287 -0.105076991 0.045387793 0.002324728 0.993425071
1341845949.887758 0.000742420 -0.135230631 0.124960177 -0.114449449 0.045110829 0.003388787 0.992398500
1341845949.920013 0.008770067 -0.153499708 0.125365734 -0.121381462 0.039466664 0.000141301 0.991820991
1341845949.955673 0.016845128 -0.146524623 0.119232729 -0.122941867 0.036380734 0.001713700 0.991745353
1341845949.987737 0.012451646 -0.168226764 0.128225625 -0.131118149 0.036774065 -0.000820781 0.990684152
1341845950.019789 0.006219790 -0.169219464 0.138910770 -0.133687750 0.035328813 -0.001671871 0.990392208
1341845950.055847 0.006834412 -0.167494029 0.131865382 -0.134977669 0.033474702 -0.003655806 0.990276277
1341845950.087728 0.004327788 -0.170748860 0.122845799 -0.139655650 0.034401737 -0.004703785 0.989591181
1341845950.124078 0.003273612 -0.173727363 0.137669802 -0.144558772 0.034544501 -0.007243675 0.988866508
1341845950.155757 0.009148608 -0.183715165 0.138186008 -0.148700953 0.032370608 -0.007064088 0.988327026
1341845950.187677 0.007322897 -0.186627328 0.141465232 -0.151311249 0.034204267 -0.010287011 0.987840652
1341845950.223782 -0.003196117 -0.180402771 0.148171261 -0.154878333 0.039359026 -0.013180238 0.987061203
1341845950.255885 0.001418765 -0.190087378 0.156784192 -0.159517035 0.037617981 -0.013624564 0.986384094
1341845950.287784 0.006213424 -0.199219421 0.158060148 -0.161729559 0.036445130 -0.015170717 0.986045182
1341845950.323864 -0.041869674 -0.224943057 0.165298551 -0.176173776 0.048835665 -0.016785411 0.983003616
1341845950.355780 -0.028420959 -0.210329339 0.169788972 -0.185507193 0.047322400 -0.019635998 0.981306314
1341845950.387911 -0.000800407 -0.195313111 0.168435454 -0.187657595 0.041194785 -0.021711925 0.981130064
1341845950.424265 0.001914320 -0.203681007 0.170753986 -0.188841596 0.041427113 -0.024810772 0.980819583
1341845950.455762 -0.010113301 -0.214528099 0.179601669 -0.188137591 0.044616189 -0.026749844 0.980764031
1341845950.487870 -0.003990042 -0.223954588 0.182634369 -0.188035503 0.042237129 -0.026965452 0.980883002
1341845950.523880 0.001432468 -0.230822667 0.173667818 -0.189314589 0.041032322 -0.026674045 0.980696082
1341845950.555793 -0.010216339 -0.264901698 0.171639442 -0.206598222 0.045725770 -0.026989220 0.976984084
1341845950.587742 -0.001022023 -0.290898710 0.194322616 -0.224383563 0.043548729 -0.031824674 0.973007083
1341845950.623823 -0.004873741 -0.279089123 0.165925503 -0.227123916 0.044555519 -0.021292463 0.972613037
1341845950.655770 -0.019027954 -0.245977461 0.173231736 -0.230119213 0.046281211 -0.029161943 0.971623778
1341845950.691815 -0.011135708 -0.279302418 0.203520060 -0.242438421 0.042214025 -0.034226600 0.968643427
1341845950.756034 -0.016908733 -0.287718058 0.199835345 -0.244601175 0.045687132 -0.031761322 0.968025923
1341845950.817895 -0.010805100 -0.311232716 0.206751525 -0.250338018 0.046029586 -0.032126449 0.966529906
1341845950.853851 0.002370423 -0.311274916 0.207560971 -0.250596195 0.044727489 -0.032161355 0.966522992
1341845950.885881 0.003940917 -0.326288998 0.217130437 -0.254566461 0.045676637 -0.034515169 0.965359151
1341845950.917771 0.007779669 -0.339804560 0.227626413 -0.255123645 0.046795104 -0.037117489 0.965061903
1341845950.953822 0.008766808 -0.344375700 0.227913037 -0.253562182 0.049219321 -0.034349479 0.965455234
1341845950.985908 0.012298634 -0.358585566 0.229969785 -0.255341768 0.049950443 -0.036903128 0.964854240
1341845951.017817 -0.008037233 -0.384284109 0.256494284 -0.264148533 0.054603618 -0.039765857 0.962113619
1341845951.053777 0.019720843 -0.380514711 0.243292168 -0.264919251 0.050610442 -0.036738247 0.962240458
1341845951.085819 0.018727168 -0.387743026 0.250055730 -0.268023908 0.053645413 -0.029910984 0.961452365
1341845951.121819 0.021781929 -0.392370731 0.255249947 -0.270669490 0.053244844 -0.029100485 0.960758090
1341845951.153788 0.024095351 -0.392405748 0.266325802 -0.271986037 0.053184316 -0.024889002 0.960507989
1341845951.185690 0.027661553 -0.407537013 0.270703316 -0.274306327 0.051531721 -0.023433421 0.959974647
1341845951.221846 0.032724127 -0.412788272 0.281030625 -0.274149179 0.047509424 -0.018668776 0.960331500
1341845951.253677 0.021263484 -0.410190225 0.294794112 -0.273249000 0.045889027 -0.012300902 0.960769415
1341845951.289833 0.013611912 -0.414247096 0.303296238 -0.267748833 0.043188404 -0.009113635 0.962477148
1341845951.321746 0.003791135 -0.415337473 0.276594371 -0.261257470 0.046961337 -0.008456830 0.964089036
1341845951.353781 0.025472082 -0.424053729 0.305085123 -0.265698880 0.040737610 -0.002827066 0.963190854
1341845951.389710 0.038387813 -0.456408858 0.313392520 -0.270383686 0.035321470 -0.003032658 0.962099731
1341845951.421759 0.013075829 -0.427861631 0.318732053 -0.257348210 0.037990216 -0.001643321 0.965570271
1341845951.453714 0.029304063 -0.450104743 0.323251933 -0.258561939 0.033791099 0.002097033 0.965401232
1341845951.489750 0.032936923 -0.450857341 0.325405210 -0.256663531 0.031773586 0.003910627 0.965970516
1341845951.521791 0.033286247 -0.455209076 0.327413082 -0.255487770 0.031545322 0.000200929 0.966297507
1341845951.557734 0.028838243 -0.446946681 0.326311231 -0.254013538 0.034393143 0.001435357 0.966587901
1341845951.621927 0.042346731 -0.463104337 0.338714063 -0.256762445 0.025620494 0.001519369 0.966133714
1341845951.657740 0.041729771 -0.466925323 0.341097057 -0.259530455 0.023420682 0.000216002 0.965450883
1341845951.689997 0.037200242 -0.465914398 0.337609679 -0.259445429 0.021997977 0.000005732 0.965507209
1341845951.721802 0.036605764 -0.462914109 0.358326107 -0.256625116 0.016666852 0.002789561 0.966363251
1341845951.757837 0.058409996 -0.518498421 0.376931518 -0.269769222 0.009309611 0.001675726 0.962878525
1341845951.789992 0.048948288 -0.492175162 0.358335435 -0.268602312 0.012396434 -0.003027552 0.963166654
1341845951.825880 0.049376462 -0.497989208 0.376473993 -0.273848653 0.011773040 0.000032519 0.961700737
1341845951.857655 0.049716670 -0.500711679 0.370434046 -0.273673058 0.011147661 -0.002267043 0.961755514
1341845951.889934 0.053529773 -0.503805518 0.373377979 -0.277104139 0.010290827 -0.002562058 0.960781336
1341845951.925973 0.041018780 -0.482431889 0.378982335 -0.276552409 0.010941861 -0.000596370 0.960936368
1341845951.957775 0.057284523 -0.514456451 0.385511070 -0.286827445 0.005638055 0.001286731 0.957964838
1341845951.989866 0.035184361 -0.470934510 0.372307926 -0.281894237 0.009319017 0.001849514 0.959398448
1341845952.026044 0.049935356 -0.486185670 0.378040642 -0.289957106 0.003576324 0.001259985 0.957032144
1341845952.057894 0.043658163 -0.483258218 0.384181052 -0.290398866 0.002086113 0.004818595 0.956891298
1341845952.125827 0.052941732 -0.494056642 0.402954191 -0.294538230 -0.002295621 -0.000978660 0.955636442
1341845952.157796 0.061454803 -0.527850330 0.413601875 -0.301225752 -0.004982360 -0.003335006 0.953534007
1341845952.193712 0.060311493 -0.527814984 0.412609339 -0.300375134 -0.005244400 -0.004941816 0.953793943
1341845952.225758 0.058468577 -0.532847345 0.415944546 -0.301394075 -0.004539566 -0.005919401 0.953470469
1341845952.261888 0.067992188 -0.530255735 0.422348171 -0.298696697 -0.005700988 -0.005441973 0.954315543
1341845952.293773 0.042703759 -0.533238709 0.414045304 -0.294647008 0.002262680 -0.006305657 0.955582678
1341845952.325830 0.025652779 -0.501429439 0.395838290 -0.287205130 0.010498206 -0.005002461 0.957798541
1341845952.361889 0.050785609 -0.536471605 0.412561089 -0.298233032 0.006271000 -0.012334701 0.954392791
1341845952.393746 0.050211828 -0.536911547 0.409935743 -0.298103660 0.010227289 -0.015417312 0.954354227
1341845952.425943 0.049296509 -0.544072747 0.409359038 -0.301675737 0.014093864 -0.016952394 0.953155696
1341845952.461990 0.049537394 -0.546971798 0.414434731 -0.303078353 0.015018669 -0.017070776 0.952694356
1341845952.493879 0.048585344 -0.543254554 0.409633964 -0.302738726 0.016083889 -0.019655440 0.952735126
1341845952.529859 0.046858221 -0.543314993 0.414871305 -0.304558754 0.019123733 -0.021113422 0.952067494
1341845952.561728 0.048716728 -0.542219222 0.414046675 -0.305170029 0.021850463 -0.020477947 0.951826870
1341845952.593773 0.047182523 -0.544368088 0.410222173 -0.307748616 0.023465058 -0.020000646 0.950968027
1341845952.629782 0.052579004 -0.544044137 0.417409778 -0.310606003 0.024372632 -0.019142259 0.950033426
1341845952.661822 0.045456484 -0.525117457 0.418649077 -0.307023108 0.026827388 -0.018198330 0.951149821
1341845952.694133 0.048482571 -0.546931088 0.412652373 -0.311283708 0.024824033 -0.014005939 0.949889481
1341845952.729992 0.048073407 -0.528526485 0.411969334 -0.308304071 0.023112377 -0.015191321 0.950885713
1341845952.761932 0.039788652 -0.525075674 0.415749997 -0.306511879 0.024519920 -0.017203771 0.951395452
1341845952.835955 0.039765164 -0.524946988 0.401763290 -0.301086485 0.028293358 -0.018454442 0.952998340
1341845952.897807 0.047094464 -0.527676761 0.413324237 -0.302758455 0.028274635 -0.023080690 0.952368200
1341845952.929858 0.040534656 -0.522355080 0.398602605 -0.298242450 0.029317517 -0.023265405 0.953756034
1341845952.962152 0.036068272 -0.517836809 0.392815262 -0.295691818 0.030071205 -0.026799271 0.954433799
1341845952.997732 0.030792732 -0.515895188 0.388330787 -0.296776801 0.030331468 -0.026986985 0.954083443
1341845953.029881 0.031006400 -0.479045540 0.381268740 -0.289311379 0.028475953 -0.025771270 0.956464291
1341845953.065883 0.029209029 -0.495040745 0.393107116 -0.293200761 0.026665492 -0.021475216 0.955437660
1341845953.097744 0.017217694 -0.469915003 0.382061541 -0.284697413 0.027986776 -0.023285966 0.957925856
1341845953.130426 0.011051915 -0.461939603 0.372633934 -0.286266029 0.026048301 -0.018775644 0.957611978
1341845953.165700 0.001004852 -0.478007853 0.373134524 -0.287985206 0.026411101 -0.018354708 0.957094610
1341845953.197916 0.009674706 -0.470767200 0.370484293 -0.282030582 0.023036463 -0.020135596 0.958917439
1341845953.230076 0.014527813 -0.485299557 0.363228232 -0.287021190 0.023034018 -0.023775930 0.957352102
1341845953.265747 0.002995596 -0.453810483 0.363235056 -0.285201102 0.027631162 -0.022053907 0.957815468
1341845953.297823 0.009932859 -0.466142684 0.367990762 -0.285708308 0.025543785 -0.025143607 0.957646132
1341845953.333820 0.009142934 -0.465283304 0.371752024 -0.281389803 0.025392596 -0.030584222 0.958769858
1341845953.398118 0.013027985 -0.430705935 0.354653835 -0.267649442 0.029153921 -0.038807038 0.962293029
1341845953.433817 0.029616963 -0.479781747 0.370251209 -0.273287028 0.026805267 -0.041940242 0.960643888
1341845953.465793 -0.018229591 -0.457404703 0.362585813 -0.259626746 0.038117938 -0.039036062 0.964166582
1341845953.501850 0.008322249 -0.443058550 0.354371041 -0.248914897 0.032534499 -0.042320449 0.967053175
1341845953.533841 0.001570084 -0.471013099 0.363363653 -0.248878077 0.037011653 -0.043384951 0.966854513
1341845953.565884 -0.018672189 -0.439218551 0.346997321 -0.229768440 0.045664527 -0.043975718 0.971178353
1341845953.601851 0.000669569 -0.435503989 0.340567112 -0.222333178 0.043099493 -0.039870989 0.973201275
1341845953.633727 -0.015421601 -0.444148272 0.339655250 -0.217410907 0.049994722 -0.043586761 0.973824024
1341845953.665877 -0.005357109 -0.441785723 0.334551960 -0.209576994 0.051735789 -0.038540903 0.975661576
1341845953.701988 0.003012097 -0.413856387 0.323453486 -0.198708445 0.050902307 -0.039335407 0.977945149
1341845953.733959 -0.011559900 -0.370214611 0.301449358 -0.187609702 0.054531153 -0.040312067 0.979899943
1341845953.769755 -0.009690468 -0.363345563 0.301837981 -0.188163638 0.054860193 -0.042783603 0.979670525
1341845953.801776 -0.012858725 -0.360383838 0.299997121 -0.187080264 0.057416297 -0.041487508 0.979787290
1341845953.833838 -0.017431308 -0.354578316 0.294307142 -0.185425535 0.057113677 -0.043032341 0.980052888
1341845953.869932 -0.018807698 -0.348347485 0.294403553 -0.183214515 0.056179900 -0.047875106 0.980298042
1341845953.901831 -0.023134250 -0.340833724 0.287375689 -0.181710750 0.056917757 -0.050307557 0.980413556
1341845953.933922 -0.026709056 -0.338163912 0.291126609 -0.180704206 0.055531025 -0.049620263 0.980714083
1341845953.969955 -0.030604469 -0.339405328 0.293831527 -0.176259503 0.053149600 -0.050743926 0.981597066
1341845954.001752 -0.042276684 -0.327280790 0.285797626 -0.169916034 0.053373463 -0.056785274 0.982372284
1341845954.037754 -0.041953068 -0.312675059 0.278461456 -0.169735983 0.052022871 -0.057924476 0.982409298
1341845954.069971 -0.045809280 -0.309415489 0.281805634 -0.170939133 0.050046545 -0.056480411 0.982387483
1341845954.101821 -0.057307106 -0.307565182 0.275778085 -0.171005934 0.049001638 -0.054167770 0.982558727
1341845954.137723 -0.064344443 -0.302332878 0.272489846 -0.172711879 0.045956425 -0.051145114 0.982569456
1341845954.169776 -0.069070093 -0.293156803 0.278069139 -0.173653886 0.043659735 -0.051507339 0.982489228
1341845954.201769 -0.065120496 -0.286355615 0.277076036 -0.173181042 0.040815689 -0.047580682 0.982892931
1341845954.237931 -0.067506500 -0.286592245 0.276734173 -0.174048170 0.038903013 -0.044712789 0.982951939
1341845954.269821 -0.070273258 -0.279577941 0.273952365 -0.172091961 0.038010269 -0.045634661 0.983288884
1341845954.305896 -0.074499182 -0.275158554 0.271680444 -0.171077847 0.039090917 -0.046612728 0.983377635
1341845954.337899 -0.084686972 -0.265548348 0.271987855 -0.170818284 0.040838264 -0.047325943 0.983317673
1341845954.370323 -0.081795737 -0.267890245 0.266657233 -0.172575414 0.038253423 -0.044865523 0.983230114
1341845954.405781 -0.095908031 -0.251369417 0.268564910 -0.168411732 0.040173687 -0.046523806 0.983798325
1341845954.437770 -0.109281681 -0.235611916 0.263349712 -0.165970713 0.040868349 -0.043833267 0.984307945
1341845954.473700 -0.092484035 -0.257797629 0.273989171 -0.172110155 0.031746939 -0.041599080 0.983686805
1341845954.505685 -0.089241698 -0.270691991 0.265125632 -0.170056447 0.028072441 -0.037753653 0.984310627
1341845954.537884 -0.095719799 -0.256230861 0.259605169 -0.164675817 0.029024286 -0.039057452 0.985146701
1341845954.574129 -0.100780435 -0.233723626 0.260233670 -0.164106667 0.027329633 -0.037102837 0.985365629
1341845954.605772 -0.102060169 -0.243184507 0.259594917 -0.164217830 0.024835093 -0.032921407 0.985561728
1341845954.637774 -0.113675982 -0.249622285 0.256992966 -0.158332005 0.026143264 -0.035539553 0.986399770
1341845954.673990 -0.111752868 -0.246812269 0.254908144 -0.156017125 0.024926700 -0.033394158 0.986874938
1341845954.705864 -0.107910529 -0.239319682 0.251848847 -0.153618887 0.023194697 -0.033246752 0.987298250
1341845954.741959 -0.091152877 -0.230777696 0.246461242 -0.147223040 0.020836219 -0.031968299 0.988366961
1341845954.779824 -0.105384588 -0.230902463 0.238996610 -0.143776625 0.024813648 -0.032574832 0.988762617
1341845954.815761 -0.097149797 -0.231053278 0.241896302 -0.142514825 0.022210414 -0.031642262 0.989037395
1341845954.847702 -0.095858946 -0.226207271 0.244784638 -0.136227995 0.022696149 -0.032462999 0.989885330
1341845954.879857 -0.118261747 -0.229957372 0.237936243 -0.133087143 0.027988033 -0.033190347 0.990152955
1341845954.915883 -0.114215873 -0.222112238 0.233458951 -0.131791532 0.025631215 -0.031173289 0.990455568
1341845954.947742 -0.110074677 -0.217745662 0.235856965 -0.131999657 0.024169076 -0.030615790 0.990482032
1341845954.979793 -0.107912190 -0.217199057 0.241222695 -0.129399374 0.024786467 -0.027484821 0.990901649
1341845955.015775 -0.121398732 -0.224773899 0.238122404 -0.127180994 0.027109750 -0.024808666 0.991198540
1341845955.047748 -0.115238100 -0.222181305 0.239775375 -0.122965395 0.023320731 -0.021683825 0.991899908
1341845955.079963 -0.109934688 -0.205822423 0.238143861 -0.115540728 0.022885675 -0.022726817 0.992778957
1341845955.115765 -0.114232272 -0.204724222 0.233622476 -0.115346417 0.026646214 -0.022784417 0.992706418
1341845955.147819 -0.115920410 -0.206050515 0.233829021 -0.115739517 0.028007843 -0.023060454 0.992616832
1341845955.179771 -0.114944912 -0.201197311 0.235045686 -0.112763762 0.027742594 -0.023437403 0.992957890
1341845955.215834 -0.116107278 -0.198943138 0.234710515 -0.110833675 0.029067481 -0.022370115 0.993161917
1341845955.247700 -0.116915166 -0.197144210 0.233428702 -0.109732136 0.029688688 -0.021480754 0.993285477
1341845955.283796 -0.117596120 -0.195038497 0.233489439 -0.107251063 0.029755794 -0.022911070 0.993522465
1341845955.315766 -0.117216513 -0.191306278 0.232195467 -0.104562759 0.030277045 -0.023834100 0.993771553
1341845955.347689 -0.117730267 -0.185515836 0.229733378 -0.103133582 0.031794008 -0.025334476 0.993836403
1341845955.383825 -0.119567022 -0.186371014 0.230551362 -0.101701632 0.033324733 -0.026041251 0.993915558
1341845955.415689 -0.119981505 -0.186553895 0.229913428 -0.099610746 0.033059325 -0.025811326 0.994142115
1341845955.447780 -0.113143153 -0.181676522 0.233755916 -0.095614515 0.031182969 -0.029156156 0.994502604
1341845955.483775 -0.113848612 -0.179538444 0.232026711 -0.091042981 0.034123644 -0.031146536 0.994774699
1341845955.515995 -0.119298033 -0.181526855 0.229757994 -0.088761725 0.036146592 -0.029679948 0.994954228
1341845955.547652 -0.117046297 -0.180586651 0.230542943 -0.085045271 0.034334466 -0.032266449 0.995262444
1341845955.583803 -0.120136403 -0.171176746 0.226515606 -0.078905664 0.034897592 -0.035433557 0.995640755
1341845955.645874 -0.122729637 -0.168137789 0.224593028 -0.077089071 0.034867607 -0.037067845 0.995724618
1341845955.677690 -0.121714108 -0.163654655 0.226817623 -0.072289221 0.035052568 -0.037648827 0.996056318
1341845955.713997 -0.125149697 -0.161976248 0.225014895 -0.068727195 0.036124710 -0.036598023 0.996309280
1341845955.745913 -0.125169918 -0.157390371 0.225147247 -0.066857688 0.033661056 -0.035704330 0.996555150
1341845955.777825 -0.123778023 -0.152458757 0.225787565 -0.063655265 0.032207020 -0.034823388 0.996844053
1341845955.814143 -0.126479954 -0.151654154 0.226064086 -0.061384562 0.034606449 -0.033396821 0.996954858
1341845955.845690 -0.135379016 -0.147360399 0.225155070 -0.059189674 0.035881054 -0.030679695 0.997129798
1341845955.877977 -0.126347110 -0.144722134 0.229940668 -0.055551082 0.032369159 -0.028924102 0.997511744
1341845955.913787 -0.124348454 -0.146306634 0.226362929 -0.048087012 0.034055181 -0.026799647 0.997902632
1341845955.945707 -0.125256911 -0.138052166 0.226618409 -0.041019563 0.035790540 -0.025804732 0.998183608
1341845955.981865 -0.122922115 -0.130310491 0.223988593 -0.035620656 0.035103109 -0.024342185 0.998452008
1341845956.013788 -0.130525053 -0.122214057 0.218520299 -0.032614309 0.039169148 -0.027904360 0.998310268
1341845956.045763 -0.127425119 -0.114852041 0.216870025 -0.033187762 0.040647872 -0.025684612 0.998291850
1341845956.081817 -0.128646284 -0.110824786 0.223446935 -0.033498336 0.041805256 -0.024446281 0.998264790
1341845956.113872 -0.125210375 -0.108503915 0.225374475 -0.030199276 0.042287603 -0.020231236 0.998444021
1341845956.145853 -0.125232339 -0.101223119 0.219547883 -0.027092962 0.043625794 -0.015872749 0.998554349
1341845956.181712 -0.124202736 -0.083535604 0.220963955 -0.025752475 0.045541272 -0.012468473 0.998552620
1341845956.213966 -0.125071540 -0.090193488 0.219644576 -0.026871806 0.048263818 -0.011693261 0.998404622
1341845956.249720 -0.125199556 -0.074770495 0.221433952 -0.022554394 0.049701132 -0.008520446 0.998473048
1341845956.281792 -0.124984346 -0.072077632 0.212461099 -0.025964497 0.049454607 -0.006287376 0.998418987
1341845956.313799 -0.126680955 -0.065439828 0.211939976 -0.029247394 0.049996350 -0.007708976 0.998291314
1341845956.349790 -0.124749787 -0.064881533 0.217205122 -0.033675469 0.048994832 -0.006156658 0.998212159
1341845956.381671 -0.133517206 -0.062609829 0.214609504 -0.037038960 0.049117625 -0.004257243 0.998096943
1341845956.414041 -0.128283828 -0.051632978 0.223257974 -0.038731314 0.044371873 -0.003448474 0.998258054
1341845956.449886 -0.124755226 -0.046889834 0.227349102 -0.039425381 0.043098297 -0.004723735 0.998281419
1341845956.481751 -0.126469612 -0.046450954 0.231147513 -0.039258033 0.042036958 -0.001587654 0.998343170
1341845956.517751 -0.127870962 -0.038780749 0.232471019 -0.038225893 0.039419994 0.000515433 0.998491108
1341845956.550178 -0.130402476 -0.034808077 0.236482814 -0.038126994 0.038549624 -0.002663641 0.998525500
1341845956.581882 -0.121548004 -0.041224387 0.247047514 -0.037091002 0.035615392 -0.002678881 0.998673439
1341845956.617921 -0.125201717 -0.036270674 0.246078402 -0.030639797 0.035260327 -0.000601052 0.998908162
1341845956.649823 -0.127998859 -0.019804658 0.248111948 -0.021931931 0.035932973 0.001754497 0.999111950
1341845956.686207 -0.139585257 -0.014623305 0.240572542 -0.017554643 0.039853305 -0.001225455 0.999050558
1341845956.717815 -0.141187832 -0.008671579 0.243156791 -0.016753701 0.039082564 -0.005255206 0.999081671
1341845956.749871 -0.146472394 -0.007965689 0.254153818 -0.015340030 0.037436876 -0.008811302 0.999142408
1341845956.785882 -0.140669733 -0.011082235 0.258018285 -0.011855313 0.035896577 -0.012131586 0.999211550
1341845956.817915 -0.143292233 0.005501993 0.249851376 -0.005284838 0.037281178 -0.009882526 0.999241948
1341845956.849925 -0.145095721 0.008123961 0.254275739 -0.003371052 0.035879154 -0.007747510 0.999320447
1341845956.885848 -0.148294240 0.010177138 0.259395063 0.001846027 0.036249503 -0.006865274 0.999317467
1341845956.953936 -0.154567212 0.026814427 0.259865284 0.008616007 0.037971903 -0.000711598 0.999241412
1341845956.985677 -0.147720069 0.042645060 0.257479459 0.009346345 0.037716914 -0.003266112 0.999239445
1341845957.017739 -0.150269866 0.040457331 0.259195983 0.003800034 0.039835989 -0.001368829 0.999198079
1341845957.053817 -0.151699483 0.042917307 0.269522041 0.003755467 0.039562810 0.002645511 0.999206543
1341845957.085894 -0.147574320 0.057084307 0.273228765 0.009163629 0.040129267 0.003880127 0.999144912
1341845957.118069 -0.147074506 0.060583550 0.276778430 0.009200908 0.042972438 0.006506118 0.999012709
1341845957.153924 -0.146339178 0.063529402 0.282064050 0.011406240 0.044219166 0.008430090 0.998921156
1341845957.185730 -0.146590978 0.061642554 0.280700684 0.016093897 0.047453020 0.007905929 0.998712480
1341845957.222219 -0.148751333 0.071741335 0.279042989 0.018239591 0.050919268 0.008430049 0.998500645
1341845957.253784 -0.146427736 0.080543362 0.283381730 0.017594201 0.051962897 0.006477187 0.998473048
1341845957.285979 -0.145459935 0.083301671 0.285676509 0.019719735 0.053734727 0.005026367 0.998347878
1341845957.321826 -0.145673290 0.090134107 0.285597652 0.020863917 0.055421937 0.005135813 0.998231828
1341845957.353642 -0.145359382 0.095299788 0.287736535 0.021937883 0.056506213 0.003968889 0.998153329
1341845957.385918 -0.143629611 0.097214289 0.288111717 0.023200441 0.059322827 0.001676078 0.997967780
1341845957.421801 -0.142651647 0.100717984 0.291153789 0.026951969 0.060966149 0.003539257 0.997769654
1341845957.453856 -0.141275913 0.104031898 0.294778347 0.031340506 0.059249274 0.005293104 0.997737110
1341845957.490017 -0.147717446 0.104677804 0.288691401 0.033934273 0.061209258 0.000585238 0.997547746
1341845957.521783 -0.144060433 0.111003511 0.290493995 0.035938062 0.061205950 -0.003978798 0.997470021
1341845957.553863 -0.151138127 0.114450954 0.291159868 0.036852002 0.060417950 -0.007302233 0.997465909
1341845957.589817 -0.149385169 0.113989346 0.296830058 0.039891720 0.057877451 -0.012748571 0.997444928
1341845957.621927 -0.139305487 0.118117414 0.296688557 0.042732835 0.056900386 -0.017285215 0.997315109
1341845957.690210 -0.152666807 0.128597558 0.305310160 0.049943838 0.057139959 -0.020415409 0.996907175
1341845957.721718 -0.137250185 0.137679428 0.306435317 0.056482781 0.054683052 -0.020222714 0.996699810
1341845957.757797 -0.140310168 0.150154486 0.308601111 0.059763975 0.057365526 -0.022076000 0.996318281
1341845957.790095 -0.138258472 0.150210217 0.311273217 0.061557967 0.056904808 -0.019892825 0.996281445
1341845957.821762 -0.133683458 0.153915077 0.311492831 0.071007900 0.055262819 -0.019078342 0.995760977
1341845957.858271 -0.134496644 0.132544935 0.312012255 0.073359042 0.056886472 -0.018188326 0.995515704
1341845957.890302 -0.133716658 0.168739393 0.317581832 0.086852632 0.057725832 -0.011115896 0.994485199
1341845957.926548 -0.133884370 0.175342768 0.322480738 0.096000306 0.058379989 -0.008338415 0.993632793
1341845957.963818 -0.131414637 0.180635050 0.318742275 0.106024146 0.059621990 -0.005936300 0.992556751
1341845957.996582 -0.118162721 0.226877749 0.339558631 0.119784586 0.060700946 -0.004131987 0.990933895
1341845958.028437 -0.122887082 0.200612172 0.328308403 0.115640894 0.064813733 -0.005219487 0.991160452
1341845958.064063 -0.124209136 0.207980409 0.330669284 0.123350821 0.064375214 -0.001376101 0.990271926
1341845958.096285 -0.127035752 0.253586620 0.344022900 0.140015915 0.068770833 -0.003007478 0.987753510
1341845958.163750 -0.124076106 0.233936563 0.341873080 0.138232246 0.071112640 0.006024480 0.987825155
1341845958.225916 -0.115438893 0.266997784 0.355233729 0.152816609 0.069154307 0.004646670 0.985821068
1341845958.257855 -0.124371663 0.242368355 0.347181708 0.148896813 0.070535421 0.004195031 0.986324966
1341845958.293941 -0.115519330 0.279393882 0.362734020 0.163094327 0.065099820 0.007681760 0.984430432
1341845958.325982 -0.113724276 0.295765936 0.368775964 0.170278072 0.065874502 0.007625865 0.983162105
1341845958.357886 -0.113502897 0.292134523 0.368712187 0.171811685 0.066915415 0.011205724 0.982790649
1341845958.393794 -0.115267262 0.262514919 0.371558279 0.172036007 0.064759806 0.014059634 0.982859135
1341845958.425833 -0.108359545 0.311921567 0.385757476 0.191641122 0.060068540 0.017467698 0.979469419
1341845958.461910 -0.102629669 0.315196455 0.377792031 0.191642687 0.061767403 0.020916898 0.979295850
1341845958.493906 -0.108939081 0.289092124 0.375105858 0.188531637 0.062039584 0.025339672 0.979777932
1341845958.525948 -0.108327940 0.355270922 0.407384008 0.211705342 0.055095650 0.034615424 0.975165129
1341845958.561735 -0.104396850 0.361488253 0.413685232 0.213661045 0.054296043 0.032886483 0.974843264
1341845958.593854 -0.122859441 0.361220062 0.422370344 0.207159042 0.060871970 0.025082698 0.976089418
1341845958.625936 -0.091147944 0.324884802 0.437917680 0.199223295 0.048959706 0.035926033 0.978070736
1341845958.661751 -0.113726050 0.365419954 0.407346874 0.214932352 0.054625146 0.022632590 0.974837422
1341845958.693866 -0.118712768 0.382693619 0.417773277 0.211884424 0.056443326 0.028536135 0.975246072
1341845958.729747 -0.124565192 0.395273626 0.412287921 0.212745503 0.057455648 0.023644160 0.975130320
1341845958.761798 -0.129194856 0.356653780 0.400788486 0.206665754 0.057122208 0.025258172 0.976416051
1341845958.793976 -0.106477275 0.388548940 0.412819058 0.217661470 0.050155308 0.034299809 0.974131107
1341845958.836099 -0.108449399 0.420966715 0.433777332 0.224413574 0.050466325 0.038981501 0.972405314
1341845958.872548 -0.104866326 0.411162347 0.424847335 0.219323963 0.050483137 0.040244859 0.973513663
1341845958.905812 -0.093816198 0.385514975 0.416553944 0.217292115 0.045937236 0.039447341 0.974226773
1341845958.936045 -0.095548838 0.393726557 0.415487230 0.220637158 0.046001706 0.038015798 0.973528564
1341845958.967857 -0.087229721 0.426168144 0.426612169 0.224505395 0.044796709 0.039258447 0.972650707
1341845959.003881 -0.092707254 0.407343894 0.416934937 0.218235761 0.046536278 0.033186559 0.974220812
1341845959.035807 -0.093392320 0.412934661 0.423995018 0.220228910 0.045067944 0.034138657 0.973808348
1341845959.067708 -0.088838778 0.425673485 0.421482027 0.219414741 0.047293920 0.033568412 0.973906398
1341845959.103767 -0.089973398 0.431017190 0.427200317 0.217074051 0.049251456 0.033219643 0.974345744
1341845959.135750 -0.097350158 0.431694686 0.434365660 0.221354142 0.048608053 0.035842318 0.973321617
1341845959.172042 -0.095504791 0.431526065 0.435983181 0.225482270 0.046692461 0.036521439 0.972442150
1341845959.203734 -0.092033230 0.444515556 0.433213115 0.226744145 0.049402267 0.033219960 0.972133219
1341845959.235702 -0.102037556 0.458259165 0.454662323 0.228121340 0.050439589 0.033678096 0.971741855
1341845959.271710 -0.106888227 0.460047543 0.445922792 0.229673147 0.047097303 0.031817861 0.971606791
1341845959.303719 -0.104128994 0.474857986 0.479628235 0.236378029 0.045936484 0.028152233 0.970166385
1341845959.339991 -0.102884270 0.468527645 0.452126056 0.233791098 0.051762678 0.023413237 0.970625639
1341845959.371830 -0.106973425 0.467793375 0.455298901 0.240435526 0.048630390 0.028780721 0.969018817
1341845959.403707 -0.097742908 0.474767655 0.465788245 0.251037419 0.041085020 0.031001393 0.966608047
1341845959.440061 -0.108367905 0.478378505 0.456192762 0.253463805 0.048014842 0.032149307 0.965617478
1341845959.471779 -0.112001374 0.485318124 0.458481222 0.256447434 0.049416266 0.034045301 0.964693546
1341845959.507756 -0.117410444 0.495154113 0.464572638 0.263638318 0.047512047 0.036599535 0.962755382
1341845959.539837 -0.118857995 0.496254772 0.463236749 0.267652780 0.047755335 0.036582626 0.961635649
1341845959.571785 -0.121843904 0.506647408 0.457491338 0.269124627 0.048946373 0.038111299 0.961105466
1341845959.607783 -0.116469435 0.502834558 0.464178860 0.271865755 0.044891965 0.038682859 0.960508943
1341845959.639762 -0.123550832 0.510191262 0.461180210 0.276797712 0.045940287 0.038052179 0.959074855
1341845959.671901 -0.123874024 0.516085505 0.467384905 0.279730141 0.046834223 0.038237806 0.958172977
1341845959.707824 -0.127751887 0.520165086 0.466626108 0.283056676 0.046978094 0.039810348 0.957124412
1341845959.740041 -0.126977295 0.526256025 0.472070545 0.287521690 0.044595655 0.042057868 0.955810487
1341845959.776084 -0.119438916 0.529196382 0.473728657 0.291844964 0.041688785 0.044096455 0.954538703
1341845959.807848 -0.121083297 0.534062743 0.480231285 0.297928333 0.040980652 0.046536501 0.952572107
1341845959.839796 -0.120054901 0.543479443 0.484486461 0.302294105 0.040492456 0.048214097 0.951133013
1341845959.875965 -0.124081194 0.550580263 0.486496896 0.302412778 0.042703770 0.048111506 0.951003790
1341845959.907911 -0.123064369 0.560297668 0.497181267 0.306122810 0.041194387 0.052797254 0.949633777
1341845959.939861 -0.121113881 0.569299877 0.496013254 0.307536781 0.040123139 0.055843346 0.949048400
1341845959.975710 -0.128153279 0.568637729 0.497801840 0.305631191 0.042850047 0.052824736 0.949717343
1341845960.007688 -0.125489682 0.590174258 0.511838734 0.305692405 0.042632572 0.055116970 0.949577153
1341845960.039963 -0.122444436 0.589257002 0.519074619 0.305440575 0.040102128 0.060169972 0.949461699
1341845960.075794 -0.136542991 0.597549379 0.517665267 0.309968531 0.044583555 0.059284732 0.947848678
1341845960.107770 -0.130814001 0.597308397 0.512642562 0.308645219 0.045667592 0.060841966 0.948130190
1341845960.144033 -0.128820240 0.603340328 0.519094884 0.307558358 0.044785086 0.059709836 0.948597312
1341845960.175727 -0.137955680 0.596372306 0.498510629 0.307792068 0.047428936 0.057533864 0.948527515
1341845960.207727 -0.136905506 0.616318047 0.526881218 0.310783386 0.047598556 0.061176017 0.947314918
1341845960.243768 -0.121715859 0.638508201 0.516555965 0.309388191 0.045461547 0.061550535 0.947852194
1341845960.275774 -0.109574705 0.638264120 0.545625031 0.314598858 0.042062141 0.066596091 0.945950985
1341845960.307922 -0.104681298 0.653838873 0.598022163 0.320424736 0.038517181 0.073352978 0.943643868
1341845960.343783 -0.115412511 0.643022299 0.555261314 0.313513577 0.044211119 0.066211566 0.946240306
1341845960.375748 -0.119041972 0.650136471 0.565213799 0.317122400 0.044644158 0.066716261 0.944981098
1341845960.407669 -0.124391943 0.628000200 0.542335868 0.314348429 0.049487986 0.063582338 0.945882320
1341845960.443816 -0.106697790 0.637906015 0.552814722 0.316921234 0.044955149 0.067438580 0.944982529
1341845960.475859 -0.127921000 0.635644734 0.539700150 0.318592727 0.051860902 0.061152358 0.944494307
1341845960.507864 -0.141263410 0.616328418 0.568357170 0.319746614 0.055049811 0.063623726 0.943760395
1341845960.543808 -0.117674127 0.605287135 0.563338757 0.317916334 0.050470978 0.067202710 0.944386363
1341845960.575920 -0.142514080 0.639033616 0.547989190 0.324487716 0.053508397 0.063591115 0.942231774
1341845960.611822 -0.124796659 0.631276071 0.589788496 0.327347517 0.045232579 0.062993191 0.941716254
1341845960.675868 -0.121455997 0.620483875 0.587917745 0.328261703 0.041666407 0.064009562 0.941493988
1341845960.738006 -0.123608105 0.631510317 0.587492764 0.325547189 0.043506484 0.054624360 0.942943454
1341845960.773767 -0.118400723 0.623416185 0.587923408 0.323016882 0.040934596 0.057882551 0.943734109
1341845960.805854 -0.126231000 0.632632673 0.593160510 0.325165004 0.041219752 0.058004774 0.942976177
1341845960.837918 -0.123347864 0.627325654 0.597732306 0.323337615 0.041702803 0.057831496 0.943593740
1341845960.873825 -0.121200547 0.634551704 0.577800333 0.321349978 0.043343559 0.057333805 0.944228947
1341845960.905884 -0.116035566 0.627354443 0.594992638 0.322907984 0.041518342 0.061290096 0.943530679
1341845960.941780 -0.125055179 0.627122700 0.592246950 0.324804783 0.045673270 0.058865137 0.942841828
1341845960.973838 -0.126562968 0.636648834 0.588809669 0.324467182 0.044411872 0.060239974 0.942931473
1341845961.006150 -0.118513227 0.623434365 0.588960052 0.323743194 0.041310634 0.062041976 0.943204403
1341845961.041828 -0.115416020 0.623814225 0.587359905 0.327547044 0.042647760 0.063060321 0.941762984
1341845961.073796 -0.124890223 0.616999924 0.579344928 0.328914106 0.044346157 0.061539900 0.941308498
1341845961.110987 -0.121504642 0.608746588 0.573780000 0.330524474 0.042968784 0.058869880 0.940979064
1341845961.141834 -0.125296727 0.599807680 0.580442667 0.332577109 0.044546261 0.054941736 0.940419853
1341845961.173863 -0.125205398 0.596263707 0.555947840 0.332142681 0.044995088 0.051605947 0.940740943
1341845961.209891 -0.117630489 0.571517706 0.544492245 0.333393276 0.043149818 0.048056908 0.940572977
1341845961.242098 -0.120351650 0.573381364 0.542413056 0.338100553 0.044208504 0.046940427 0.938898444
1341845961.273933 -0.124500617 0.584821522 0.536071777 0.339217156 0.045199070 0.042662822 0.938652575
1341845961.310022 -0.124797516 0.567287922 0.541735470 0.336053371 0.044767261 0.040527627 0.939905047
1341845961.341758 -0.125363350 0.564746320 0.560346842 0.335737675 0.043331396 0.040839449 0.940071642
1341845961.378106 -0.130855232 0.565739691 0.527617455 0.327111989 0.046339720 0.034852970 0.943204999
1341845961.409796 -0.137952909 0.552451193 0.550060511 0.319791645 0.044667549 0.035342529 0.945774257
1341845961.441821 -0.130488336 0.553598404 0.541116297 0.312579095 0.042116407 0.036091276 0.948271036
1341845961.477824 -0.137748405 0.536845148 0.536707640 0.301939070 0.043570686 0.034453228 0.951707602
1341845961.509791 -0.129996538 0.529650331 0.529707313 0.295625567 0.040333077 0.037422769 0.953718185
1341845961.541896 -0.141308278 0.505367756 0.507485688 0.287394404 0.040463731 0.035447445 0.956300497
1341845961.577897 -0.134866446 0.489740252 0.505418122 0.282557726 0.037970800 0.038908880 0.957708418
1341845961.609802 -0.144127056 0.495310396 0.500333667 0.279167712 0.038322207 0.039666731 0.958657026
1341845961.645986 -0.137363285 0.493480265 0.504614115 0.270857185 0.033686016 0.040973980 0.961156964
1341845961.677834 -0.138893619 0.450303674 0.494617581 0.262119353 0.034451131 0.038719852 0.963642716
1341845961.709764 -0.142975762 0.454352081 0.481049865 0.260270536 0.035267103 0.039656945 0.964076161
1341845961.745888 -0.148684978 0.438742906 0.480523765 0.252368838 0.034933705 0.038882419 0.966218293
1341845961.778055 -0.148978293 0.415422589 0.475591183 0.245809466 0.035113730 0.039957177 0.967857540
1341845961.809850 -0.144468531 0.407415062 0.450954616 0.241508469 0.036038596 0.039791830 0.968912542
1341845961.845697 -0.153613061 0.394235164 0.459050059 0.237214848 0.036877740 0.042042006 0.969846189
1341845961.877872 -0.149270803 0.380076468 0.425775051 0.232351646 0.036112148 0.044835877 0.970926583
1341845961.913718 -0.145876288 0.389462739 0.427629918 0.229605734 0.036041662 0.046870384 0.971486151
1341845961.945896 -0.168997720 0.367293566 0.434413642 0.222668320 0.039395358 0.043281469 0.973135889
1341845961.977939 -0.170870140 0.340239257 0.423793316 0.216352299 0.034985911 0.045023188 0.974648952
1341845962.013984 -0.166968659 0.333654135 0.431958735 0.215222806 0.033567209 0.045189910 0.974941134
1341845962.046683 -0.167838886 0.321268678 0.408027709 0.210265458 0.035492215 0.043252625 0.976041973
1341845962.078169 -0.170534521 0.306137055 0.406745434 0.206418008 0.034031685 0.042115904 0.976964533
1341845962.114007 -0.169855148 0.278443217 0.406302541 0.202206135 0.034681592 0.041599169 0.977844238
1341845962.145797 -0.168674156 0.264213443 0.380486786 0.201535597 0.036152102 0.041485664 0.977934241
1341845962.182026 -0.175316259 0.263530463 0.375077337 0.201503024 0.037596628 0.040250201 0.977938116
1341845962.214096 -0.170783743 0.249315888 0.367932796 0.197151244 0.037403874 0.039860506 0.978848040
1341845962.245784 -0.169220135 0.247257322 0.368897974 0.194702610 0.037133604 0.039721884 0.979353964
1341845962.281938 -0.172720075 0.223627627 0.355099767 0.188413292 0.039253149 0.037373397 0.980593085
1341845962.313944 -0.173648521 0.205966339 0.341201246 0.183971047 0.041492529 0.033583574 0.981481135
1341845962.349929 -0.169548258 0.188020021 0.326260686 0.176501647 0.043592624 0.031654879 0.982824922
1341845962.381891 -0.181511387 0.164004982 0.336503565 0.171467379 0.045156874 0.034375340 0.983553827
1341845962.413742 -0.181733325 0.158017531 0.330656677 0.172485605 0.043012582 0.036500826 0.983395278
1341845962.449828 -0.188268185 0.146530822 0.325822473 0.169387802 0.042226143 0.035683587 0.983997703
1341845962.487817 -0.185620651 0.125666291 0.303906292 0.163240358 0.040288255 0.032299779 0.985234082
1341845962.549874 -0.188407391 0.097101234 0.301424325 0.154274076 0.041675694 0.030156538 0.986688018
1341845962.581942 -0.187332541 0.084354423 0.287476569 0.153265476 0.043153483 0.031412058 0.986742496
1341845962.617866 -0.186211199 0.074101157 0.266719431 0.152721092 0.045341231 0.032869656 0.986681342
1341845962.649869 -0.184085190 0.066367954 0.265918314 0.152177140 0.046302147 0.037546903 0.986553788
1341845962.682115 -0.186197072 0.065522917 0.255214363 0.150948510 0.047515221 0.036409706 0.986727536
1341845962.717940 -0.186737716 0.050518598 0.251694530 0.148308724 0.048509184 0.035216153 0.987122655
1341845962.749929 -0.194149196 0.045996454 0.247095421 0.146974042 0.050377566 0.029355798 0.987420380
1341845962.781986 -0.198008537 0.038299531 0.241130143 0.144537643 0.050705705 0.027785787 0.987808585
1341845962.817763 -0.190359905 0.036629178 0.238487020 0.143531546 0.050608419 0.026206903 0.988003373
1341845962.849755 -0.197823837 0.023245906 0.233289495 0.140498400 0.054861583 0.024894748 0.988246262
1341845962.885818 -0.196754441 0.019494921 0.227032647 0.139504224 0.054575901 0.028536022 0.988304496
1341845962.918631 -0.196416155 0.017731059 0.217267260 0.137440696 0.053706873 0.029628824 0.988609016
1341845962.964414 -0.183809727 0.023481948 0.214391306 0.132587925 0.054584831 0.029856941 0.989216626
1341845963.017793 -0.208337530 0.009953439 0.211789489 0.118731000 0.059551429 0.028585106 0.990726769
1341845963.085942 -0.204986677 0.019016737 0.187764212 0.106559016 0.062279906 0.028761705 0.991937101
1341845963.117888 -0.207057565 -0.008761825 0.198111564 0.095291518 0.062881857 0.028375460 0.993055999
1341845963.154202 -0.202253565 -0.007932377 0.199331090 0.093420714 0.062191393 0.029990718 0.993229747
1341845963.185770 -0.200556070 -0.014589749 0.196818933 0.089023292 0.064524904 0.028841648 0.993518770
1341845963.217782 -0.201970518 -0.018063186 0.197985336 0.084870443 0.066972867 0.026148489 0.993794680
1341845963.253885 -0.210402802 -0.023514234 0.201666221 0.080973476 0.069922723 0.024432322 0.993960321
1341845963.285844 -0.210958108 -0.033398289 0.201248035 0.077750064 0.071108416 0.023504889 0.994155943
1341845963.321913 -0.210062459 -0.027929939 0.195256710 0.075636134 0.074687608 0.020547951 0.994122088
1341845963.353695 -0.209337384 -0.014235876 0.210592419 0.069234133 0.077343397 0.019580375 0.994404972
1341845963.385792 -0.219916210 -0.044157408 0.208818302 0.057558313 0.080094963 0.017513607 0.994969904
1341845963.421875 -0.212066755 -0.048401296 0.207883328 0.053162355 0.082203977 0.018576732 0.995023191
1341845963.453923 -0.211601958 -0.051417310 0.218683615 0.047509588 0.087215051 0.019112181 0.994872391
1341845963.485900 -0.217066228 -0.061632041 0.236180514 0.043796096 0.094091415 0.021824040 0.994360328
1341845963.521709 -0.220358878 -0.069061793 0.229602486 0.044758435 0.103509597 0.023552053 0.993341684
1341845963.553742 -0.221143693 -0.068806134 0.236670911 0.045873281 0.114454053 0.025817037 0.992032945
1341845963.589977 -0.227276370 -0.071479812 0.242261410 0.046683323 0.126629457 0.026037991 0.990508795
1341845963.621850 -0.226319715 -0.068175055 0.253189206 0.048267063 0.136591926 0.025603522 0.989119530
1341845963.654421 -0.224468902 -0.074079506 0.265691489 0.045103293 0.145531014 0.024805874 0.988013685
1341845963.690029 -0.232986838 -0.077280797 0.275265217 0.043931432 0.153535441 0.027941814 0.986770570
1341845963.721864 -0.240526468 -0.076334044 0.272940487 0.044286918 0.160864830 0.027609682 0.985595703
1341845963.753762 -0.244953752 -0.073234014 0.277360141 0.042196907 0.168222412 0.030377697 0.984376907
1341845963.790051 -0.250129879 -0.073341407 0.292717516 0.035743933 0.174672201 0.034250189 0.983381391
1341845963.821840 -0.258134305 -0.077982880 0.296437621 0.031384245 0.179904655 0.034828998 0.982566178
1341845963.857878 -0.263648599 -0.074184805 0.309543997 0.029321980 0.185394421 0.035449948 0.981586695
1341845963.891494 -0.268737376 -0.083610952 0.301610857 0.025185796 0.189457104 0.036190797 0.980898559
1341845963.922038 -0.275800645 -0.078094177 0.299188107 0.024081420 0.193519115 0.036478937 0.980122268
1341845963.957711 -0.276863575 -0.073647521 0.306160897 0.019789143 0.198467702 0.033389363 0.979338586
1341845963.989918 -0.284924239 -0.080623738 0.326158762 0.015869383 0.204009175 0.034320757 0.978238463
1341845964.021882 -0.295224965 -0.091277838 0.334607720 0.018774047 0.209448934 0.034534324 0.977029204
1341845964.057871 -0.304533482 -0.075528458 0.337606966 0.024141522 0.215740994 0.038915917 0.975376129
1341845964.089943 -0.301806360 -0.067064606 0.334879577 0.020688150 0.220525324 0.037746996 0.974430978
1341845964.125808 -0.300022423 -0.076101325 0.367927223 0.016682530 0.228564411 0.039799880 0.972571850
1341845964.157672 -0.309232891 -0.084512062 0.340659499 0.022857742 0.236595735 0.038366143 0.970581293
1341845964.189845 -0.319338590 -0.075431809 0.343056828 0.025867082 0.243156642 0.038708236 0.968869150
1341845964.225746 -0.328199923 -0.075462356 0.337379336 0.023210939 0.251573533 0.037986673 0.966813862
1341845964.257798 -0.331217766 -0.076067060 0.346813917 0.025060726 0.257803768 0.040462956 0.965024292
1341845964.290067 -0.343025476 -0.073341019 0.340011746 0.026109247 0.262426108 0.042549953 0.963659883
1341845964.325751 -0.343006283 -0.070398442 0.357310981 0.025376586 0.263937056 0.044541083 0.963176727
1341845964.357836 -0.343170851 -0.076127350 0.357613444 0.025938293 0.268080413 0.045082118 0.961991549
1341845964.399837 -0.353231221 -0.075161256 0.359198958 0.027815005 0.274746746 0.048989385 0.959864855
1341845964.458009 -0.360307276 -0.074761130 0.359502852 0.026231959 0.283583879 0.051460847 0.957206249
1341845964.493690 -0.365009695 -0.081651382 0.377781034 0.025207406 0.290517777 0.052079365 0.955118716
1341845964.525868 -0.359691143 -0.067815386 0.374212831 0.031810913 0.292412907 0.064368628 0.953592896
1341845964.561820 -0.374878943 -0.082839131 0.375436991 0.033400208 0.300260574 0.059238065 0.951429904
1341845964.593698 -0.388244748 -0.081955366 0.363799870 0.031202963 0.307844341 0.056713376 0.949232221
1341845964.625703 -0.396020263 -0.084384456 0.363655239 0.027379261 0.312474370 0.059868988 0.947642267
1341845964.661788 -0.394652963 -0.089708686 0.368370712 0.027778644 0.314424843 0.062752970 0.946798503
1341845964.693836 -0.403409988 -0.089286752 0.367449731 0.030141566 0.322299749 0.061224535 0.944174707
1341845964.725966 -0.405449152 -0.090375252 0.384564012 0.030526670 0.330773741 0.060836304 0.941252232
1341845964.761841 -0.407868326 -0.086037934 0.408924609 0.035605177 0.336152405 0.065982088 0.938818514
1341845964.793975 -0.429062992 -0.098888792 0.379135221 0.035522599 0.342626721 0.063801788 0.936629295
1341845964.829971 -0.436683476 -0.098515511 0.387225807 0.034967642 0.349066466 0.062410336 0.934363306
1341845964.861928 -0.444061607 -0.097589999 0.391436040 0.034738880 0.351345956 0.060445353 0.933646381
1341845964.893679 -0.453248739 -0.099510700 0.393612534 0.032457899 0.351836234 0.063513473 0.933340132
1341845964.929863 -0.449524492 -0.104301259 0.424235404 0.029664982 0.353288352 0.061257120 0.933035314
1341845964.961832 -0.463626713 -0.103646338 0.402395278 0.031079112 0.355308652 0.060248744 0.932287455
1341845965.029810 -0.463803977 -0.108603209 0.457170039 0.033975430 0.359695256 0.063366525 0.930295467
1341845965.061873 -0.478982002 -0.114585280 0.415123999 0.036469184 0.363843799 0.062756315 0.928627610
1341845965.097818 -0.483747959 -0.115571901 0.418710887 0.036668569 0.367496103 0.063563175 0.927125514
1341845965.130110 -0.489537567 -0.118680008 0.423832119 0.036282811 0.371289581 0.062033255 0.925731838
1341845965.162645 -0.495655715 -0.120757371 0.423589736 0.036583249 0.376425803 0.062063321 0.923641384
1341845965.198514 -0.505997837 -0.120570771 0.425558269 0.035760105 0.383270711 0.061524641 0.920890629
1341845965.230304 -0.508769572 -0.123394594 0.435777634 0.034009960 0.388033897 0.061222184 0.918980300
1341845965.298444 -0.516376376 -0.125332817 0.449484557 0.031574395 0.401023567 0.062718809 0.913372576
1341845965.331043 -0.521391094 -0.124811992 0.459692150 0.032498110 0.407426506 0.065852597 0.910280704
1341845965.366018 -0.530806124 -0.129077852 0.459528178 0.031328611 0.413542509 0.068232775 0.907383800
1341845965.398649 -0.525333226 -0.133509547 0.466654748 0.029811680 0.420962095 0.070625752 0.903833032
1341845965.431881 -0.536482692 -0.132155567 0.481992960 0.030252276 0.429606080 0.071122006 0.899702728
1341845965.466122 -0.545605600 -0.132493556 0.483322322 0.030736813 0.434114099 0.074358203 0.897257507
1341845965.498735 -0.553212881 -0.132653058 0.487157047 0.029305641 0.440096319 0.077106617 0.894153774
1341845965.538924 -0.560065329 -0.133992419 0.479827315 0.027640291 0.445374370 0.081126705 0.891232908
1341845965.574497 -0.556461811 -0.129615366 0.498193622 0.028171195 0.449342847 0.088744715 0.888494074
1341845965.604085 -0.566048622 -0.133784845 0.515918016 0.029011097 0.454573393 0.094101816 0.885249257
1341845965.640215 -0.574947476 -0.138109073 0.518823087 0.028853264 0.461702645 0.097035028 0.881239057
1341845965.671775 -0.574342072 -0.137042597 0.526961446 0.029314604 0.466701776 0.100294873 0.878220379
1341845965.703769 -0.565838099 -0.134808317 0.541601598 0.031482853 0.471251875 0.102152698 0.875497162
1341845965.739932 -0.583916187 -0.140163407 0.546240568 0.030787829 0.476705134 0.103177652 0.872444093
1341845965.771986 -0.589353263 -0.140346035 0.551390111 0.029203672 0.481538624 0.103967309 0.869746268
1341845965.803746 -0.594856083 -0.140860394 0.559619486 0.028156977 0.485158622 0.105449259 0.867587864
1341845965.840020 -0.595411539 -0.144624934 0.568646848 0.028648209 0.486208588 0.107661292 0.866711915
1341845965.871716 -0.605902493 -0.145204678 0.565596521 0.028625175 0.487150937 0.105329260 0.866470039
1341845965.907848 -0.609741271 -0.143640950 0.574992895 0.026338615 0.489909649 0.105045386 0.865020394
1341845965.939897 -0.612503409 -0.147116646 0.582490623 0.026047878 0.490076631 0.106766410 0.864723861
1341845965.971777 -0.616516769 -0.148837909 0.584663391 0.027582109 0.488617718 0.107808642 0.865372300
1341845966.007712 -0.620310009 -0.144846484 0.583933175 0.028088836 0.489440978 0.107551545 0.864922643
1341845966.039925 -0.627828240 -0.144411176 0.586112440 0.025575193 0.489400715 0.108334534 0.864925742
1341845966.071842 -0.624093652 -0.140906841 0.597147644 0.025414173 0.486384004 0.110838786 0.866313756
1341845966.107724 -0.626589239 -0.144643709 0.592326522 0.023534475 0.483328640 0.109873638 0.868197739
1341845966.139710 -0.628861308 -0.145412236 0.595722556 0.022156918 0.483605027 0.109263092 0.868157148
1341845966.171793 -0.632414043 -0.142518431 0.596544743 0.022887453 0.480686605 0.110624857 0.869585335
1341845966.207829 -0.633334398 -0.141595811 0.595515430 0.021214608 0.476722986 0.110223249 0.871857762
1341845966.239904 -0.629577637 -0.143079728 0.598194242 0.019617591 0.475367665 0.108862974 0.872805595
1341845966.275869 -0.631560743 -0.132860199 0.607113600 0.021956675 0.472690910 0.111472696 0.873873591
1341845966.307882 -0.633542418 -0.140662834 0.598182559 0.015382702 0.466350824 0.109854475 0.877617359
1341845966.339897 -0.628914535 -0.141042411 0.593239069 0.013137994 0.462163001 0.109759487 0.879878163
1341845966.375773 -0.635022998 -0.134042084 0.611715257 0.015330557 0.459369779 0.115725130 0.880540788
1341845966.408401 -0.624036252 -0.136099637 0.584805191 0.012846679 0.442422211 0.115336515 0.889266551
1341845966.470009 -0.616771519 -0.134529203 0.575876951 0.008336644 0.437493265 0.111653723 0.892223954
1341845966.502100 -0.613579035 -0.135006845 0.570510626 0.011679157 0.431961328 0.112105273 0.894821465
1341845966.537769 -0.599850059 -0.132005244 0.566730797 0.012697943 0.427386552 0.110126704 0.897246718
1341845966.570051 -0.599445760 -0.128032848 0.555346072 0.011382794 0.426959425 0.107391298 0.897799075
1341845966.605694 -0.594496310 -0.129590586 0.556744456 0.011578303 0.423025936 0.105325907 0.899900794
1341845966.637893 -0.581875384 -0.123068839 0.542124748 0.014298046 0.413573056 0.103566349 0.904448390
1341845966.669930 -0.579495072 -0.117605820 0.532454491 0.012740880 0.410811454 0.099260040 0.906211376
1341845966.705984 -0.571816564 -0.115485512 0.539538085 0.010556936 0.407897860 0.094801985 0.908031106
1341845966.737793 -0.567172825 -0.116984665 0.516228557 0.010616685 0.398751646 0.091816828 0.912389219
1341845966.773893 -0.558310747 -0.107362501 0.497117519 0.011117797 0.392576665 0.088768452 0.915357947
1341845966.806068 -0.554154873 -0.105363376 0.492991596 0.007502986 0.389336765 0.083152145 0.917303801
1341845966.837941 -0.549128354 -0.106816396 0.470853597 0.004924289 0.379867524 0.079949670 0.921566308
1341845966.873813 -0.542027771 -0.100751773 0.467447340 0.001934327 0.370536089 0.077474765 0.925579250
1341845966.905683 -0.535736918 -0.102881737 0.469218016 -0.002106489 0.366050005 0.074641705 0.927594543
1341845966.937810 -0.541088104 -0.106529623 0.461324990 -0.002207642 0.358682066 0.073658951 0.930546403
1341845966.973800 -0.534673929 -0.105335839 0.457147509 -0.002192934 0.350856483 0.071528666 0.933690846
1341845967.005805 -0.526621103 -0.101150036 0.451457232 -0.001224351 0.345657736 0.069567055 0.935777545
1341845967.042225 -0.529615998 -0.083430894 0.440451235 0.001856349 0.339989215 0.070826866 0.937756598
1341845967.073828 -0.517463088 -0.086052351 0.477434963 -0.001823500 0.332167566 0.070066616 0.940612614
1341845967.105887 -0.513263881 -0.093279816 0.438522369 -0.002976607 0.323613673 0.071255863 0.943497717
1341845967.141740 -0.515103221 -0.094079629 0.427910656 -0.003335717 0.318007171 0.070824258 0.945433378
1341845967.173814 -0.512929976 -0.088233985 0.422212839 -0.003735997 0.307880342 0.070851773 0.948775947
1341845967.205958 -0.494959414 -0.085774519 0.412287712 -0.006724923 0.296432674 0.070787534 0.952403069
1341845967.241684 -0.496389329 -0.087693140 0.420336008 -0.009923539 0.292990595 0.068370998 0.953616023
1341845967.273869 -0.485652596 -0.083026350 0.421601593 -0.009314313 0.284222186 0.070411794 0.956124008
1341845967.310009 -0.482530177 -0.084186025 0.418816715 -0.009769470 0.277603507 0.069068678 0.958159864
1341845967.341721 -0.477666229 -0.081542529 0.417083740 -0.009612742 0.273161322 0.067322977 0.959561408
1341845967.373873 -0.475855231 -0.078935631 0.412732005 -0.010832646 0.267846048 0.066386193 0.961110830
1341845967.409855 -0.465533733 -0.076933548 0.410740823 -0.012468159 0.259885669 0.065892749 0.963307917
1341845967.441891 -0.453290701 -0.071073636 0.402676225 -0.013802937 0.254573613 0.063463882 0.964869976
1341845967.473782 -0.447433770 -0.071105875 0.410329252 -0.016375266 0.253373057 0.061208267 0.965291381
1341845967.509844 -0.442145050 -0.068547696 0.408472002 -0.016172849 0.250023752 0.061946660 0.966120660
1341845967.541835 -0.430354804 -0.064769045 0.406774879 -0.015850481 0.245289922 0.061044402 0.967396080
1341845967.583843 -0.420992076 -0.062989160 0.401567489 -0.018347489 0.245234430 0.058232628 0.967539370
1341845967.641865 -0.407242924 -0.050158672 0.383720845 -0.019834185 0.239694878 0.055062369 0.969082594
1341845967.677848 -0.397782266 -0.019765094 0.382736772 -0.023769708 0.237108558 0.054379210 0.969668686
1341845967.709875 -0.389960080 -0.050809678 0.393629372 -0.035991464 0.237263232 0.046071425 0.969684601
1341845967.745878 -0.383470476 -0.052036177 0.398453742 -0.035658106 0.235522360 0.047008589 0.970076263
1341845967.778746 -0.372728407 -0.049856167 0.389596045 -0.032792244 0.231724799 0.049271356 0.970979214
1341845967.809778 -0.368018419 -0.046206113 0.381006420 -0.034967296 0.231307372 0.047128003 0.971109211
1341845967.845933 -0.361100018 -0.045253746 0.382069796 -0.037219390 0.228165671 0.048507325 0.971700668
1341845967.878439 -0.351881832 -0.043295722 0.379806668 -0.037748538 0.221942171 0.049697001 0.973060608
1341845967.910100 -0.342118204 -0.035171557 0.390613019 -0.039122730 0.218837306 0.048450492 0.973772168
1341845967.945831 -0.337043494 -0.042408582 0.374110162 -0.043492042 0.216328561 0.042752162 0.974413991
1341845967.977896 -0.329197407 -0.043709695 0.371493191 -0.043580152 0.209770471 0.042878125 0.975837350
1341845968.013873 -0.324592769 -0.046148669 0.367238343 -0.042510733 0.205872923 0.041264221 0.976783693
1341845968.046014 -0.313017696 -0.043301366 0.366080672 -0.040813830 0.201238155 0.038918264 0.977917552
1341845968.077840 -0.307951927 -0.041003007 0.363920540 -0.040855024 0.196941659 0.038907513 0.978790641
1341845968.113779 -0.300859153 -0.040607281 0.359515429 -0.042557746 0.189814180 0.036846917 0.980204940
1341845968.146343 -0.295052379 -0.040367305 0.346672595 -0.045786723 0.183845520 0.031286955 0.981389582
1341845968.178020 -0.290386021 -0.021280671 0.351826251 -0.047026403 0.177404076 0.031229066 0.982517719
1341845968.213838 -0.272439629 -0.022120599 0.357614517 -0.049951173 0.167408153 0.030915910 0.984135985
1341845968.245986 -0.268928915 -0.024391199 0.352178872 -0.051276620 0.161338940 0.027813369 0.985173523
1341845968.281755 -0.258583218 -0.026962921 0.341148585 -0.053239100 0.154173151 0.023796381 0.986321449
1341845968.313859 -0.249649823 -0.033247177 0.340223700 -0.055610556 0.148578495 0.021419507 0.987103403
1341845968.381845 -0.226384744 -0.030280730 0.329540253 -0.047765642 0.132157490 0.016263524 0.989943624
1341845968.413829 -0.227938578 -0.017532662 0.327246428 -0.046259563 0.124864154 0.013808303 0.990998685
1341845968.445783 -0.220365226 -0.016127968 0.324794054 -0.048894789 0.117632665 0.006482900 0.991831541
1341845968.481950 -0.204515308 -0.027043890 0.321559221 -0.049002461 0.110118151 0.004608504 0.992699087
1341845968.513880 -0.198027447 -0.031335648 0.311054587 -0.045282152 0.099828318 0.005058736 0.993960857
1341845968.549874 -0.189223841 -0.014785869 0.310700685 -0.041263312 0.091416523 -0.000509309 0.994957328
1341845968.581797 -0.176068380 -0.016300181 0.303531170 -0.047765065 0.085422844 -0.008975370 0.995158732
1341845968.613836 -0.172443897 -0.030099371 0.296991915 -0.050820995 0.080648474 -0.012723758 0.995364845
1341845968.649866 -0.145630658 -0.022266611 0.296091378 -0.044629637 0.068864651 -0.012245095 0.996551991
1341845968.681800 -0.129769340 -0.019043250 0.284062773 -0.045064934 0.066492453 -0.016344696 0.996634722
1341845968.713888 -0.123836294 -0.014371330 0.293982416 -0.046898428 0.065151647 -0.016968256 0.996628225
1341845968.749871 -0.104837298 -0.020630823 0.288023561 -0.046356656 0.060543671 -0.016188450 0.996957064
1341845968.781921 -0.093230709 -0.015427605 0.280978054 -0.044500552 0.059106655 -0.016202148 0.997127652
1341845968.817754 -0.078051947 -0.010100624 0.273132592 -0.046748444 0.058021240 -0.019559944 0.997028351
1341845968.850259 -0.070138119 -0.015243369 0.282100052 -0.049589626 0.056633107 -0.020707350 0.996947706
1341845968.881826 -0.051236395 -0.016647730 0.275587857 -0.047103040 0.053240355 -0.020880904 0.997251570
1341845968.917722 -0.038916774 -0.013445421 0.269779235 -0.047019113 0.051984169 -0.021899799 0.997299969
1341845968.949889 -0.026810810 -0.013257238 0.267319083 -0.049923301 0.050286539 -0.023719938 0.997204244
1341845968.985958 -0.012394212 -0.013687629 0.273077518 -0.050317440 0.047305267 -0.023812393 0.997328103
1341845969.017732 -0.000923585 -0.008337803 0.271224767 -0.048888750 0.045725916 -0.026079681 0.997416079
1341845969.049916 0.007054405 -0.003429479 0.270704895 -0.049835484 0.044548832 -0.027608693 0.997381330
1341845969.085845 0.019420225 -0.010388792 0.271235287 -0.054209247 0.041654322 -0.031291269 0.997169554
1341845969.117802 0.034939021 -0.014708155 0.273698986 -0.055620465 0.039451387 -0.033821568 0.997098804
1341845969.149856 0.055035956 -0.010438958 0.273311168 -0.052564930 0.037256900 -0.034506138 0.997325480
1341845969.185864 0.068154573 -0.007062589 0.272723913 -0.051291190 0.035255030 -0.034849107 0.997452676
1341845969.217819 0.085587263 -0.004091232 0.277165502 -0.050275933 0.033348650 -0.037109211 0.997488379
1341845969.254025 0.097483516 -0.006725681 0.282342881 -0.048928250 0.033854727 -0.039790012 0.997435033
1341845969.317925 0.115737036 0.001991880 0.284943104 -0.044561602 0.033008136 -0.041568346 0.997595489
1341845969.353755 0.129430413 0.014378079 0.286459178 -0.044575486 0.030526748 -0.046318401 0.997464657
1341845969.386150 0.133230120 0.010110193 0.292798936 -0.049484786 0.027554976 -0.051570754 0.997061908
1341845969.417886 0.136376470 0.002024470 0.288683265 -0.051491067 0.025016185 -0.056207214 0.996776581
1341845969.453876 0.161630899 -0.004140318 0.295129120 -0.051674105 0.019940225 -0.060292341 0.996642888
1341845969.485873 0.174051508 -0.013252748 0.290005207 -0.052779175 0.018257223 -0.062515661 0.996480227
1341845969.521785 0.168394864 -0.008754049 0.295656204 -0.050476309 0.016010821 -0.062282305 0.996652782
1341845969.553864 0.181246430 0.007411725 0.296021491 -0.046963584 0.008877280 -0.062876165 0.996876240
1341845969.585920 0.183232769 0.001708851 0.292789966 -0.051429093 0.007571565 -0.067241475 0.996381640
1341845969.621808 0.196644187 -0.000979062 0.311829686 -0.053354688 0.002343642 -0.065227702 0.996440232
1341845969.653912 0.202324525 -0.009585038 0.302671105 -0.050527330 -0.001463162 -0.060708653 0.996874750
1341845969.685996 0.225318968 -0.001485755 0.302584261 -0.043646999 -0.006685471 -0.056207992 0.997442186
1341845969.721838 0.230024382 0.000662389 0.302063942 -0.044440318 -0.007312924 -0.054485977 0.997498333
1341845969.753718 0.246807888 -0.006200164 0.299972862 -0.047504980 -0.014034099 -0.054244865 0.997298241
1341845969.789954 0.254833788 -0.003435304 0.298105150 -0.046414904 -0.016998421 -0.057495914 0.997121334
1341845969.821781 0.267730623 -0.002569988 0.293966800 -0.048610777 -0.020906646 -0.058118042 0.996906281
1341845969.853649 0.273333997 -0.001115403 0.301698208 -0.051372245 -0.024671435 -0.059130400 0.996622205
1341845969.889965 0.280204594 -0.004662035 0.303687781 -0.052302592 -0.030825127 -0.059581313 0.996375561
1341845969.922004 0.293420523 -0.002379113 0.302673876 -0.051290043 -0.037126102 -0.059496813 0.996218383
1341845969.957892 0.292120337 -0.003156757 0.301480651 -0.052716065 -0.042473685 -0.058632303 0.995981514
1341845969.989937 0.314911872 -0.005898684 0.301742911 -0.053725012 -0.054466799 -0.058653235 0.995342553
1341845970.021841 0.319738656 -0.003993792 0.302825868 -0.053902432 -0.059604559 -0.061858106 0.994844437
1341845970.057886 0.339213550 -0.010090875 0.306649983 -0.056386266 -0.066870078 -0.063095942 0.994166911
1341845970.089962 0.345371217 -0.010281486 0.312533408 -0.053616632 -0.073876917 -0.062923610 0.993835032
1341845970.121869 0.346900821 -0.028606333 0.293817312 -0.053798392 -0.078576319 -0.065823741 0.993276775
1341845970.158120 0.363833040 -0.011149626 0.300390750 -0.049273226 -0.083935909 -0.068655543 0.992881358
1341845970.189970 0.397939026 -0.007883419 0.307008356 -0.050160103 -0.093794867 -0.071399458 0.991760373
1341845970.225844 0.405422032 -0.006392683 0.312059104 -0.050049141 -0.097873434 -0.074491195 0.991144240
1341845970.258244 0.422491342 -0.016526524 0.309384078 -0.051032111 -0.105273366 -0.076780654 0.990160584
1341845970.289882 0.405870676 0.010653213 0.303248793 -0.045093045 -0.107095338 -0.078883208 0.990088224
1341845970.325836 0.420393169 0.023830147 0.305165976 -0.045077831 -0.113649532 -0.083388068 0.988988459
1341845970.357771 0.440894902 -0.003006648 0.316023320 -0.053217676 -0.119839221 -0.092297792 0.987060070
1341845970.400198 0.424504012 0.017415795 0.319513083 -0.052737527 -0.126024067 -0.091716066 0.986369550
1341845970.432233 0.453852326 0.000689861 0.311121523 -0.059128039 -0.140947893 -0.091282696 0.984024882
1341845970.464489 0.489061028 -0.004211265 0.320872426 -0.063066855 -0.151398823 -0.095251918 0.981849313
1341845970.500675 0.481632024 -0.012379404 0.326138705 -0.065063730 -0.153409407 -0.096174747 0.981316805
1341845970.532407 0.496349841 -0.010373220 0.329285473 -0.054269958 -0.167726338 -0.085857809 0.980587125
1341845970.567803 0.498682261 -0.019668525 0.314536959 -0.052073378 -0.167907983 -0.085945711 0.980667412
1341845970.600041 0.494480729 -0.015365440 0.319553912 -0.048338030 -0.166234851 -0.085707746 0.981164396
1341845970.631820 0.495899111 -0.028727025 0.321114361 -0.046002869 -0.172937125 -0.076022431 0.980916440
1341845970.667826 0.519101441 0.003861512 0.313587099 -0.038352478 -0.177654296 -0.074585006 0.980512679
1341845970.699966 0.547538698 -0.011634730 0.323708385 -0.044549074 -0.183475778 -0.078112990 0.978902638
1341845970.735804 0.535388231 -0.047020454 0.326499581 -0.050965298 -0.184597343 -0.077784985 0.978404701
1341845970.767731 0.562224150 -0.030617900 0.328704834 -0.042093698 -0.193800434 -0.074587852 0.977295339
1341845970.799873 0.578535914 0.001425134 0.345979124 -0.034264922 -0.198532417 -0.075758457 0.976561010
1341845970.835874 0.584030032 -0.000274325 0.349110961 -0.036715273 -0.201330945 -0.077835768 0.975735307
1341845970.867820 0.591783583 0.000984988 0.353899896 -0.038345199 -0.205102637 -0.079451166 0.974756420
1341845970.899906 0.595823944 0.002525449 0.358195007 -0.039391525 -0.205667555 -0.083175890 0.974284828
1341845970.935978 0.593827784 -0.013511888 0.365351349 -0.040197354 -0.208905369 -0.085139371 0.973393023
1341845970.967783 0.608744204 -0.013167201 0.371274352 -0.033983279 -0.215386182 -0.082131572 0.972475350
1341845970.999794 0.622878730 -0.002406063 0.381962657 -0.028044714 -0.216341749 -0.084172986 0.972278059
1341845971.035783 0.626412630 -0.010636328 0.386004806 -0.026948672 -0.219198018 -0.083164439 0.971755981
1341845971.067826 0.627080023 -0.000681109 0.386444837 -0.020548262 -0.223653004 -0.082775056 0.970930159
1341845971.099725 0.643807650 0.008183667 0.398874700 -0.019620709 -0.226457000 -0.086189054 0.970001876
1341845971.135748 0.650347412 -0.003753707 0.413170815 -0.023258027 -0.229957283 -0.089154884 0.968829274
1341845971.167793 0.658637285 -0.001570230 0.411185950 -0.023763545 -0.233333290 -0.088609792 0.968059480
1341845971.203833 0.667019010 0.001362259 0.414564252 -0.028686944 -0.235662431 -0.089493871 0.967280269
1341845971.235879 0.668796897 -0.003044783 0.426575184 -0.031854928 -0.238439277 -0.092176378 0.966248155
1341845971.267817 0.677244842 -0.002789351 0.435707390 -0.030147949 -0.246258736 -0.085253358 0.964976490
1341845971.303920 0.690922797 0.001395447 0.430557966 -0.030150326 -0.249009520 -0.087091781 0.964105904
1341845971.335818 0.699819565 -0.004455050 0.442470819 -0.033331897 -0.249749854 -0.094283648 0.963132679
1341845971.367721 0.700470865 -0.007678670 0.451680094 -0.032371152 -0.254795551 -0.092402361 0.962025523
1341845971.403863 0.726373136 -0.002761476 0.443615019 -0.030564513 -0.260388702 -0.093171783 0.960511625
1341845971.436064 0.704672813 0.017607328 0.431129128 -0.029342277 -0.252409995 -0.103682488 0.961601853
1341845971.467656 0.751182199 -0.024394218 0.482451051 -0.039102122 -0.269992828 -0.103804007 0.956451595
1341845971.503829 0.743709087 -0.004513696 0.449783146 -0.035446078 -0.269198567 -0.102137715 0.956997156
1341845971.535782 0.754006267 0.008078017 0.464686066 -0.033901352 -0.268568307 -0.111051857 0.956237018
1341845971.567956 0.772583604 -0.045634065 0.492574960 -0.043274153 -0.275102913 -0.106882185 0.954474688
1341845971.603941 0.760376394 -0.014255123 0.465077281 -0.033595018 -0.272502810 -0.100931540 0.956256449
1341845971.636365 0.772225797 0.042749770 0.460717976 -0.023950297 -0.268568218 -0.107724197 0.956918478
1341845971.671762 0.779569089 -0.023161592 0.497626036 -0.039112408 -0.272759676 -0.109011076 0.955085814
1341845971.703863 0.781349599 -0.002058037 0.487296134 -0.029442694 -0.272450835 -0.100336619 0.956470728
1341845971.735710 0.791487515 -0.009790889 0.465474039 -0.030713987 -0.267654091 -0.098286197 0.957996726
1341845971.771695 0.831635296 -0.016215073 0.524281442 -0.028609307 -0.274143577 -0.096264727 0.956430852
1341845971.803762 0.811817169 -0.026696015 0.506036341 -0.025964577 -0.269295514 -0.088605180 0.958621383
1341845971.835834 0.808283448 0.008346121 0.485143006 -0.017736703 -0.264144868 -0.088442765 0.960255563
1341845971.871793 0.823558450 -0.024796145 0.502694726 -0.027854767 -0.266813308 -0.090541914 0.959081292
1341845971.903763 0.804418206 -0.036797140 0.499264598 -0.027500894 -0.265024990 -0.083902478 0.960190535
1341845971.939872 0.810887873 -0.024136454 0.495937914 -0.022190709 -0.265807211 -0.083372302 0.960157871
1341845971.971790 0.813602149 -0.034103662 0.495774865 -0.027019113 -0.264786005 -0.087796852 0.959921896
1341845972.003888 0.810866416 -0.040221412 0.500084519 -0.028341029 -0.265865415 -0.086085536 0.959740400
1341845972.039793 0.812757492 -0.038143191 0.497047931 -0.024309546 -0.266994596 -0.084449463 0.959682882
1341845972.071849 0.814578056 -0.038532078 0.491468489 -0.023836695 -0.264934212 -0.086134762 0.960115850
1341845972.107796 0.804767668 -0.040478766 0.499518722 -0.023428781 -0.263280332 -0.086176470 0.960577011
1341845972.139775 0.800831139 -0.042864833 0.496638298 -0.019001840 -0.263717026 -0.083180770 0.960819006
1341845972.171696 0.800016165 -0.039789982 0.485556275 -0.018381407 -0.262005955 -0.084404208 0.961192429
1341845972.207893 0.793357551 -0.040494259 0.487324238 -0.020786496 -0.260374010 -0.086827718 0.961371005
1341845972.270076 0.775949061 -0.042403582 0.487692505 -0.015037999 -0.259378672 -0.077662215 0.962530613
1341845972.301845 0.767773390 -0.039640319 0.486792266 -0.014663147 -0.256399870 -0.074859157 0.963556051
1341845972.334234 0.773535490 -0.020643054 0.497567564 -0.008825538 -0.258068115 -0.070861764 0.963484108
1341845972.369757 0.767763078 -0.035000782 0.503214121 -0.007813955 -0.257465333 -0.064713642 0.964086473
1341845972.401738 0.741324544 -0.041534904 0.477717072 -0.006382532 -0.249752671 -0.061424699 0.966338396
1341845972.437788 0.729636192 -0.041422646 0.478121936 -0.005489438 -0.247071862 -0.058928773 0.967188060
1341845972.469777 0.718090773 -0.040043019 0.475241393 -0.003634427 -0.244602591 -0.056529548 0.967967331
1341845972.501817 0.706935644 -0.040382657 0.477416277 -0.001876626 -0.240485683 -0.055869758 0.969041646
1341845972.537909 0.718651175 -0.008612917 0.499149114 0.009091406 -0.242361590 -0.051535890 0.968773603
1341845972.569894 0.714249015 -0.005604680 0.500333369 0.013966781 -0.239661202 -0.045473099 0.969690502
1341845972.601946 0.682069480 -0.026831718 0.490257859 0.012514717 -0.227504417 -0.043043043 0.972744823
1341845972.637827 0.703375936 -0.005187743 0.498046488 0.020352352 -0.226684526 -0.040849045 0.972898364
1341845972.669939 0.689488590 -0.031686015 0.494639516 0.018905122 -0.221426785 -0.037094537 0.974287808
1341845972.705766 0.650287807 -0.036081828 0.462328464 0.025362207 -0.205949634 -0.033617768 0.977656066
1341845972.737731 0.664340436 -0.004687033 0.485395312 0.036049515 -0.206022471 -0.033401873 0.977312386
1341845972.770011 0.620619655 -0.053524401 0.462463021 0.025924155 -0.193471760 -0.030202357 0.980298102
1341845972.805697 0.648217499 -0.008846690 0.498885900 0.038995199 -0.198634773 -0.027196214 0.978919804
1341845972.837902 0.601555765 -0.054510541 0.461798489 0.029256940 -0.185508385 -0.023752293 0.981919765
1341845972.869858 0.574963748 -0.035309568 0.460196584 0.036138251 -0.179737955 -0.020696819 0.982832611
1341845972.905813 0.553411663 -0.065394640 0.441774160 0.028531443 -0.175993636 -0.017264392 0.983826280
1341845972.937837 0.562543333 -0.057525884 0.462619245 0.031639356 -0.178024665 -0.017399319 0.983363330
1341845973.006643 0.538159311 -0.056145545 0.459646285 0.032283187 -0.176001310 -0.016183862 0.983727336
1341845973.037797 0.531821489 -0.056083899 0.458669484 0.030979428 -0.174332276 -0.018130036 0.984032452
1341845973.073733 0.522158265 -0.058812927 0.460180432 0.030699061 -0.171595812 -0.019354243 0.984498799
1341845973.106021 0.511495411 -0.059125181 0.459962279 0.034980632 -0.168620408 -0.018890824 0.984879017
1341845973.137862 0.503113806 -0.054643910 0.456732631 0.038209900 -0.165123954 -0.017877590 0.985370219
1341845973.173821 0.492706120 -0.055310506 0.452548444 0.038353465 -0.161377579 -0.018903537 0.985966027
1341845973.205866 0.481934190 -0.059021365 0.452974319 0.039980218 -0.159367844 -0.019054886 0.986225307
1341845973.241913 0.474989295 -0.055822998 0.446779102 0.044682693 -0.155571461 -0.017445384 0.986659348
1341845973.273972 0.465995044 -0.056081399 0.444260836 0.044868514 -0.151859626 -0.016950963 0.987237632
1341845973.306456 0.456225127 -0.056219712 0.441205084 0.045799810 -0.150272548 -0.017507602 0.987428010
1341845973.341851 0.447148055 -0.053963773 0.440179646 0.048527285 -0.147437707 -0.016377304 0.987744391
1341845973.373892 0.442075193 -0.057980765 0.438004822 0.050317518 -0.144383177 -0.014357110 0.988137424
1341845973.409787 0.429453552 -0.055514131 0.436421365 0.055251908 -0.141208470 -0.011472654 0.988370240
1341845973.441766 0.421984553 -0.044343915 0.432835042 0.058461670 -0.138411477 -0.008871368 0.988608003
1341845973.474155 0.408228517 -0.036036011 0.433279455 0.059270237 -0.132298231 -0.008497803 0.989399850
1341845973.509824 0.400787473 -0.056000892 0.431961179 0.058966633 -0.128055900 -0.006877386 0.989988565
1341845973.541876 0.405091196 -0.038444288 0.434318930 0.066422701 -0.124990016 -0.001271898 0.989931285
1341845973.573858 0.382153928 -0.039217260 0.424266785 0.068228990 -0.115906842 -0.000230790 0.990913928
1341845973.609706 0.371626616 -0.051225204 0.415647238 0.069528207 -0.109639809 0.002573776 0.991533339
1341845973.641832 0.352012098 -0.044079628 0.403393239 0.073865883 -0.103357315 0.005788066 0.991880834
1341845973.677783 0.346720546 -0.017755626 0.401453197 0.077361777 -0.098018698 0.005264999 0.992159128
1341845973.709911 0.327098101 -0.034585197 0.395147234 0.072927892 -0.091755226 0.005348889 0.993093073
1341845973.741811 0.318358988 -0.024914827 0.396421969 0.077579290 -0.089409158 0.008786231 0.992930174
1341845973.777893 0.307869017 -0.023337802 0.391529739 0.077761874 -0.083228290 0.009719516 0.993444324
1341845973.810234 0.292662501 -0.029471524 0.375488490 0.074856475 -0.074724078 0.009923257 0.994341135
1341845973.841682 0.275876105 -0.031409189 0.373603910 0.075820595 -0.068352923 0.013387537 0.994685829
1341845973.877808 0.269150138 -0.024664607 0.373390973 0.080563188 -0.061821964 0.017137384 0.994682848
1341845973.909935 0.251014709 -0.023522852 0.355147541 0.079161763 -0.051260348 0.017098909 0.995396137
1341845973.946008 0.256527901 -0.019496331 0.357411563 0.077212207 -0.048355371 0.021696860 0.995604992
1341845973.977874 0.232916340 -0.032245331 0.333597660 0.074208342 -0.037822474 0.024285002 0.996229291
1341845974.009966 0.221288815 -0.032284852 0.326961100 0.076389134 -0.033067733 0.027801447 0.996141732
1341845974.045762 0.212559894 -0.022601074 0.317784965 0.077408701 -0.028205130 0.029567556 0.996161699
1341845974.077904 0.204545975 -0.025977731 0.307990640 0.072927698 -0.021071913 0.024872424 0.996804357
1341845974.109840 0.194351792 -0.032279797 0.303175986 0.067874163 -0.014633279 0.020644953 0.997372925
1341845974.145742 0.182737589 -0.038989175 0.300357550 0.065800428 -0.009591174 0.020787198 0.997570157
1341845974.177833 0.174103379 -0.045697212 0.294564903 0.066860795 -0.003485098 0.018028812 0.997593343
1341845974.213769 0.169810161 -0.043871202 0.290458500 0.068430647 0.003691169 0.017454106 0.997496367
1341845974.245781 0.154579476 -0.053142592 0.290064842 0.068899855 0.012362258 0.018426990 0.997376800
1341845974.278874 0.145916522 -0.045673914 0.279995143 0.075840056 0.018869413 0.019891497 0.996742964
1341845974.313829 0.133303463 -0.042714335 0.273917109 0.077407338 0.022109879 0.021268077 0.996527433
1341845974.345963 0.120294750 -0.043392949 0.273470312 0.077181935 0.020408647 0.024220455 0.996513844
1341845974.381701 0.116968609 -0.045752794 0.268910408 0.079306655 0.019689631 0.024464026 0.996355534
1341845974.413828 0.106508419 -0.042978451 0.260612726 0.079291925 0.020072872 0.023754396 0.996366203
1341845974.445772 0.090637140 -0.044561565 0.261649609 0.076793000 0.019042354 0.023236331 0.996594369
1341845974.481775 0.093409561 -0.042089168 0.265964150 0.075362876 0.016119596 0.020923147 0.996806324
1341845974.513798 0.089086458 -0.044966199 0.263312936 0.074036144 0.017994275 0.013984745 0.996995151
1341845974.545930 0.073424563 -0.037412971 0.266145468 0.073116861 0.018565588 0.006732987 0.997127831
1341845974.581793 0.068417534 -0.040865313 0.264351368 0.066867203 0.017664995 -0.003190325 0.997600377
1341845974.613863 0.071411476 -0.041740444 0.274276018 0.061517105 0.023085449 -0.019252103 0.997653306
1341845974.649867 0.056176953 -0.043069005 0.274233937 0.059639975 0.026583968 -0.028155707 0.997468591
1341845974.681899 0.054100607 -0.042976771 0.277512908 0.057772856 0.025575081 -0.034157410 0.997417450
1341845974.713894 0.061504178 -0.041277952 0.275574088 0.056356065 0.027106348 -0.042735707 0.997127354
1341845974.749846 0.054343756 -0.046764549 0.284832895 0.052769471 0.033560596 -0.050782103 0.996749878
1341845974.783846 0.041397102 -0.056604955 0.289544463 0.052144226 0.035021976 -0.051355027 0.996703148
1341845974.815998 0.041343961 -0.050885022 0.289839566 0.056412026 0.032825939 -0.053330366 0.996441662
1341845974.850024 0.038068816 -0.040460978 0.286887735 0.051931590 0.037692711 -0.063509911 0.995916128
1341845974.882164 0.027961813 -0.052535761 0.296310365 0.045366637 0.039253931 -0.070048898 0.995738029
1341845974.918337 0.018599359 -0.056560330 0.298559457 0.044603236 0.036528405 -0.075964876 0.995442390
1341845974.982668 0.008290097 -0.052420400 0.303431809 0.034053799 0.038106315 -0.098951258 0.993779123
1341845975.017979 0.004860023 -0.062436085 0.306957126 0.029339133 0.037131254 -0.107533447 0.993074536
1341845975.051071 0.007416476 -0.056343913 0.304937661 0.029236048 0.035825439 -0.116162315 0.992153287
1341845975.081985 0.006730872 -0.064247780 0.304262906 0.025541114 0.036907520 -0.127363577 0.990840077
1341845975.124057 -0.007278628 -0.076017909 0.303849787 0.024235377 0.041539066 -0.137982845 0.989266336
1341845975.149794 -0.015924744 -0.076478735 0.311168939 0.029361330 0.042522658 -0.146200418 0.987904429
1341845975.186157 -0.008413852 -0.064583026 0.304687738 0.032289211 0.040463332 -0.151490048 0.987102270
1341845975.249885 -0.019668549 -0.073590867 0.304431200 0.025952490 0.040659960 -0.174168363 0.983533740
1341845975.285858 -0.030337902 -0.074009120 0.305687249 0.025551282 0.038317181 -0.183866352 0.981871784
1341845975.318226 -0.030593574 -0.078722410 0.300499439 0.024110729 0.035609651 -0.192940950 0.980267525
1341845975.349820 -0.035450634 -0.077894829 0.306432784 0.026296414 0.034138504 -0.205561891 0.977694929
1341845975.385748 -0.042185389 -0.071794301 0.317907244 0.031603426 0.027743464 -0.214060023 0.975914836
1341845975.418586 -0.026369782 -0.066494882 0.308701605 0.029476166 0.021958176 -0.223960787 0.973904788
1341845975.453683 -0.040195856 -0.072156645 0.306511134 0.020092040 0.024586963 -0.247492462 0.968369424
1341845975.485815 -0.046561521 -0.078986056 0.303588301 0.018726043 0.018814456 -0.257568806 0.965895295
1341845975.518370 -0.039303456 -0.070362344 0.304794431 0.021264117 0.010469522 -0.263165265 0.964459598
1341845975.553830 -0.045604553 -0.074224487 0.288311362 0.012566335 0.011246772 -0.286494434 0.957933486
1341845975.585815 -0.050602641 -0.071451813 0.304747194 0.005374557 0.009869305 -0.302425236 0.953106880
1341845975.621790 -0.052261572 -0.074107066 0.301590651 0.003152807 0.005268258 -0.311106622 0.950355172
1341845975.653892 -0.051905751 -0.075622380 0.298982561 0.002649401 0.002177157 -0.323346466 0.946274459
1341845975.685822 -0.050603203 -0.067104965 0.301340193 0.000736414 0.000745824 -0.335941911 0.941882133
1341845975.721839 -0.052175194 -0.066701755 0.305098742 -0.002889965 -0.002798351 -0.344525576 0.938768327
1341845975.753916 -0.048054695 -0.075822145 0.290682226 -0.005352157 -0.006192598 -0.355447054 0.934660554
1341845975.785898 -0.051027916 -0.067781031 0.292021543 -0.005903365 -0.006258117 -0.362818480 0.931820095
1341845975.822033 -0.051825881 -0.067914076 0.296455473 -0.007609777 -0.008774542 -0.369983345 0.928965807
1341845975.853847 -0.062304080 -0.081688531 0.284536213 -0.011005399 -0.006781607 -0.383617967 0.923401415
1341845975.889898 -0.062324483 -0.070391014 0.297503799 -0.006906138 -0.005504963 -0.391060472 0.920322597
1341845975.921738 -0.056780964 -0.075733140 0.285552144 -0.006451772 -0.006363152 -0.399714530 0.916594863
1341845975.953818 -0.059911177 -0.078365728 0.283333391 -0.007305387 -0.003304839 -0.412806392 0.910783470
1341845975.990225 -0.058908068 -0.068312094 0.292340189 -0.005258568 -0.000482772 -0.424388200 0.905464947
1341845976.021756 -0.055285431 -0.068354733 0.288343608 -0.007502890 -0.001070238 -0.434675783 0.900555134
1341845976.053955 -0.044270784 -0.071107142 0.288209647 -0.007665067 -0.003709122 -0.448176622 0.893904448
1341845976.089793 -0.051459949 -0.066335015 0.290101886 -0.008031192 -0.001391625 -0.464354843 0.885611713
1341845976.121752 -0.065962851 -0.070399493 0.294440567 -0.014825968 -0.001598258 -0.483031392 0.875476062
1341845976.157709 -0.059772268 -0.075929120 0.282154709 -0.017624842 -0.004380082 -0.498589694 0.866647840
1341845976.189850 -0.055660602 -0.068838820 0.277379066 -0.016779240 -0.002707459 -0.513981462 0.857632875
1341845976.221929 -0.056507852 -0.063587047 0.293889463 -0.015940409 -0.003519481 -0.528319895 0.848888457
1341845976.257665 -0.062819645 -0.064303912 0.289738387 -0.016810700 -0.007127645 -0.538888872 0.842178941
1341845976.289829 -0.056829065 -0.067713007 0.279885203 -0.016918261 -0.008844776 -0.551914334 0.833682239
1341845976.321779 -0.061457500 -0.067170493 0.289252818 -0.018441413 -0.007003573 -0.563950717 0.825572789
1341845976.357875 -0.063154191 -0.056865502 0.303361088 -0.016733546 -0.008861903 -0.567940056 0.822852075
1341845976.389787 -0.068568327 -0.062283799 0.284479916 -0.017724695 -0.010683141 -0.574470103 0.818263888
1341845976.425771 -0.065997101 -0.068522461 0.284341037 -0.020316320 -0.008810598 -0.584831297 0.810852647
1341845976.457783 -0.069076896 -0.059553232 0.305386096 -0.018086750 -0.006208902 -0.589759290 0.807352662
1341845976.490566 -0.065976523 -0.058268845 0.296327174 -0.012818079 -0.008696685 -0.591553390 0.806116998
1341845976.525853 -0.064903438 -0.057488944 0.287764937 -0.011697846 -0.008060877 -0.596373439 0.802581429
1341845976.557683 -0.066149577 -0.056844249 0.287875861 -0.013220588 -0.006160622 -0.604612112 0.796386480
1341845976.593985 -0.066860005 -0.054053847 0.290267497 -0.013929414 -0.006223223 -0.613365650 0.789651692
1341845976.625785 -0.064449824 -0.053936031 0.284087300 -0.015865197 -0.006133462 -0.623346984 0.781760335
1341845976.657816 -0.065643676 -0.055173203 0.273622215 -0.021059148 -0.001258823 -0.638589919 0.769257963
1341845976.693834 -0.065446787 -0.053953115 0.272193342 -0.027118988 0.003147803 -0.651282609 0.758343995
1341845976.725744 -0.067068189 -0.048175704 0.278761327 -0.029701302 0.003641142 -0.658731759 0.751782596
1341845976.757761 -0.075893953 -0.052603241 0.280391008 -0.033498481 0.005743226 -0.667404592 0.743919313
1341845976.793836 -0.068856634 -0.049817506 0.286092788 -0.032079212 0.005444214 -0.671463132 0.740323305
1341845976.826300 -0.067497261 -0.050246451 0.288728744 -0.031856675 0.006354071 -0.674761295 0.737320781
1341845976.861779 -0.072288394 -0.052020069 0.289367706 -0.030390900 0.008674372 -0.678005576 0.734377027
1341845976.893752 -0.065264076 -0.052047580 0.287103474 -0.027347088 0.009308062 -0.678383410 0.734139919
1341845976.925967 -0.063166395 -0.051285848 0.288054287 -0.027709305 0.010644970 -0.679140031 0.733408272
1341845976.961807 -0.062307671 -0.053523667 0.288253933 -0.026835607 0.010659613 -0.681326866 0.731409550
1341845976.993832 -0.058550239 -0.051397983 0.286120564 -0.025736971 0.012035279 -0.682205141 0.730608582
1341845977.025851 -0.054646995 -0.050393328 0.286400735 -0.027190333 0.012714345 -0.682230473 0.730520785
1341845977.061870 -0.066163294 -0.055608355 0.282539219 -0.030264691 0.017296927 -0.685694933 0.727053881
1341845977.093926 -0.069946006 -0.052742630 0.293075502 -0.025611652 0.021208834 -0.684707940 0.728058517
1341845977.129845 -0.062210079 -0.054679893 0.288321406 -0.018973904 0.018176274 -0.679056168 0.733615994
1341845977.161883 -0.058350328 -0.059628908 0.282816887 -0.018107200 0.017566582 -0.678054154 0.734578848
1341845977.193791 -0.060595438 -0.059839170 0.285637826 -0.018395068 0.020492142 -0.679303646 0.733340502
1341845977.229795 -0.057893943 -0.061711151 0.282652020 -0.016124314 0.020644475 -0.674561203 0.737754047
1341845977.261832 -0.063271843 -0.063750871 0.276734382 -0.014610629 0.023509527 -0.667854965 0.743776560
1341845977.293884 -0.069517873 -0.065857269 0.282436043 -0.009780208 0.027459789 -0.656014919 0.754184783
1341845977.329839 -0.051723797 -0.073534362 0.270124078 -0.001909712 0.026518596 -0.642021716 0.766225338
1341845977.361782 -0.057552323 -0.068850957 0.293548495 0.004503263 0.028722400 -0.627101064 0.778395116
1341845977.397810 -0.063852005 -0.070845872 0.290257812 0.009637611 0.030569915 -0.616388381 0.786789656
1341845977.429761 -0.056314737 -0.074883677 0.281597942 0.012646308 0.031171702 -0.603518963 0.796638727
1341845977.461824 -0.053196475 -0.072138645 0.289974809 0.016966235 0.030683253 -0.591822028 0.805305779
1341845977.498015 -0.057966813 -0.077174559 0.285869062 0.020822603 0.029741660 -0.579910517 0.813870788
1341845977.529931 -0.049406637 -0.083351552 0.275589049 0.022718236 0.027478565 -0.570182562 0.820743918
1341845977.562577 -0.049321163 -0.081503898 0.278885186 0.023760598 0.029093849 -0.564100385 0.824851334
1341845977.597887 -0.055330560 -0.084758528 0.274014682 0.026487408 0.030680405 -0.554499745 0.831196189
1341845977.634076 -0.052220073 -0.083212413 0.275861770 0.031193392 0.031228626 -0.540080905 0.840454817
1341845977.666205 -0.051623039 -0.086292230 0.272871584 0.033397723 0.032465763 -0.525952697 0.849237502
1341845977.704065 -0.054095209 -0.087765723 0.275079578 0.037296984 0.035353087 -0.508517504 0.859516740
1341845977.737376 -0.052811973 -0.089313686 0.278662086 0.043875877 0.035892352 -0.489787728 0.869996905
1341845977.803839 -0.038052995 -0.089803740 0.261835068 0.049474023 0.036082279 -0.457186520 0.887260318
1341845977.865926 -0.039461490 -0.091273658 0.269034624 0.056542329 0.036395624 -0.422103941 0.904050112
1341845977.897857 -0.033696204 -0.088230953 0.264392316 0.058110185 0.038367737 -0.408631593 0.910039186
1341845977.933745 -0.040983327 -0.086396366 0.269517362 0.057744071 0.041100148 -0.391937256 0.917257667
1341845977.965785 -0.042193320 -0.094766326 0.269019365 0.060336526 0.041517407 -0.374621928 0.924280405
1341845977.997875 -0.041818708 -0.086242735 0.269999117 0.063455544 0.043959599 -0.357923865 0.930554390
1341845978.033893 -0.039823089 -0.087661378 0.275336415 0.064824328 0.045979835 -0.341453493 0.936532497
1341845978.065776 -0.035500396 -0.094287187 0.277714550 0.067277960 0.045378450 -0.323079884 0.942885876
1341845978.101685 -0.040313557 -0.096698619 0.277116984 0.069440134 0.047982521 -0.305634826 0.948400259
1341845978.133916 -0.042542048 -0.099854745 0.280761153 0.074766055 0.050326377 -0.284941941 0.954298377
1341845978.166013 -0.039570197 -0.094563156 0.279055178 0.079588227 0.051336121 -0.265210509 0.959527850
1341845978.201775 -0.027891420 -0.089312091 0.274551123 0.081492275 0.051947042 -0.242827654 0.965243638
1341845978.233774 -0.027000461 -0.093485914 0.282923758 0.081968516 0.054354299 -0.225908414 0.969170868
1341845978.266075 -0.032740206 -0.094451360 0.277258903 0.082507208 0.057539757 -0.208478972 0.972840309
1341845978.301839 -0.030164944 -0.096038617 0.288055599 0.084882312 0.058109652 -0.182436705 0.977821589
1341845978.333873 -0.028827067 -0.097761452 0.290397316 0.090899743 0.058582015 -0.153516442 0.982210815
1341845978.369922 -0.034226902 -0.100077026 0.292882293 0.095924050 0.061512098 -0.130925804 0.984821439
1341845978.401825 -0.026275225 -0.094669528 0.288857549 0.098242030 0.061447814 -0.105588973 0.987635374
1341845978.433846 -0.030028485 -0.102794416 0.295308828 0.099638075 0.062539071 -0.085365057 0.989380538
1341845978.469873 -0.033968613 -0.098158374 0.299275398 0.105613492 0.065590791 -0.067543231 0.989940166
1341845978.501917 -0.041732989 -0.092416421 0.301677227 0.107958816 0.067373365 -0.051137071 0.990550697
1341845978.533810 -0.045277599 -0.095487572 0.302625149 0.104960874 0.066466659 -0.037391338 0.991547883
1341845978.569963 -0.040379647 -0.097836263 0.315352470 0.105991870 0.066925503 -0.022394864 0.991859436
1341845978.602229 -0.044522069 -0.099672265 0.314969510 0.109847203 0.069082879 -0.007712303 0.991514862
1341845978.638563 -0.045496773 -0.102798760 0.316048980 0.114280239 0.068695597 0.012573287 0.990990877
1341845978.677613 -0.042227786 -0.088297725 0.316928864 0.118861280 0.069152750 0.027116284 0.990128577
1341845978.711940 -0.048197452 -0.093109101 0.314865053 0.117609620 0.071824834 0.037180535 0.989760995
1341845978.744132 -0.055219419 -0.090842076 0.324560344 0.118719630 0.073185235 0.049236342 0.989002168
1341845978.776002 -0.053938672 -0.097876564 0.326611966 0.121211335 0.072958581 0.062150843 0.987988889
1341845978.813431 -0.055441193 -0.090791501 0.324849188 0.124060236 0.074450418 0.072607107 0.986810207
1341845978.871942 -0.052780505 -0.094318703 0.325245231 0.129244894 0.076854937 0.105199747 0.983016849
1341845978.906198 -0.047384765 -0.091541596 0.338299900 0.137585670 0.079769216 0.126164898 0.979177952
1341845978.938406 -0.047188014 -0.098939523 0.330865711 0.138919830 0.082389675 0.144605100 0.976218522
1341845978.970707 -0.041716911 -0.089686461 0.329721510 0.145564094 0.083842210 0.163936719 0.972062886
1341845979.008922 -0.041288279 -0.088087454 0.328690886 0.147027120 0.087265998 0.179858968 0.968720019
1341845979.038481 -0.039457887 -0.092077412 0.328211218 0.148142993 0.090161465 0.198039517 0.964730501
1341845979.106609 -0.038653605 -0.099986210 0.332968682 0.153843746 0.096035004 0.230366558 0.956054688
1341845979.138100 -0.024047337 -0.102343477 0.328235388 0.161285296 0.097209617 0.251581192 0.949338853
1341845979.174196 -0.032308195 -0.100510806 0.335720062 0.165679529 0.103454955 0.265666395 0.944070280
1341845979.207845 -0.037391249 -0.098423555 0.331726968 0.163721651 0.107448928 0.279287815 0.940025628
1341845979.238051 -0.038714048 -0.099991873 0.307161212 0.164048180 0.109626718 0.292910427 0.935560584
1341845979.275090 -0.031710297 -0.095795184 0.334728390 0.171430886 0.113572277 0.306702912 0.929325640
1341845979.306155 -0.032226283 -0.098946251 0.343914896 0.173706561 0.118186727 0.323334813 0.922665954
1341845979.341682 -0.018702567 -0.102969892 0.323811114 0.173613921 0.121190161 0.348151267 0.913215101
1341845979.373833 -0.020555088 -0.099545948 0.330619395 0.183502957 0.124792837 0.367770344 0.903049529
1341845979.405940 -0.036203586 -0.088505946 0.327899635 0.188386008 0.128625333 0.382997394 0.895142019
1341845979.441794 -0.001386406 -0.086190738 0.371444046 0.188215628 0.126935899 0.403549463 0.886346459
1341845979.506448 -0.029663933 -0.092655256 0.293775320 0.195743412 0.132798031 0.437584698 0.867507279
1341845979.541810 -0.021375250 -0.092180610 0.317692995 0.196271598 0.129784286 0.454851031 0.858920276
1341845979.573970 -0.003257107 -0.090444155 0.351600945 0.194992572 0.130674720 0.466417164 0.852852285
1341845979.610159 -0.017377537 -0.089756444 0.307487160 0.192849278 0.131264746 0.489204019 0.840391636
1341845979.641873 -0.014065204 -0.091179378 0.310669839 0.194144294 0.128983825 0.504150152 0.831567049
1341845979.673902 -0.012646830 -0.093787514 0.343945354 0.191367283 0.130147740 0.509163678 0.828970790
1341845979.709834 -0.007992381 -0.075951338 0.349680394 0.186133385 0.130553335 0.526312172 0.819332480
1341845979.741768 -0.021706225 -0.097242385 0.273785561 0.183152929 0.127489656 0.545553148 0.807820022
1341845979.773945 -0.002493467 -0.089589857 0.318401396 0.191004649 0.127437025 0.562709272 0.794125497
1341845979.809735 -0.013643101 -0.083044440 0.301244646 0.189980283 0.128604159 0.576397598 0.784304976
1341845979.841996 -0.031931181 -0.082693197 0.281060755 0.185216770 0.127249047 0.588238180 0.776838660
1341845979.877871 -0.026956009 -0.075576693 0.295079142 0.181662619 0.125741303 0.597388625 0.770918071
1341845979.909740 -0.040896345 -0.074840724 0.297097176 0.178488404 0.127163962 0.609320879 0.762036264
1341845979.942014 -0.030809265 -0.081934005 0.280128390 0.174613670 0.127181172 0.620105028 0.754191458
1341845979.977959 -0.017102079 -0.085058562 0.330259860 0.171457842 0.125782862 0.631127179 0.745962024
1341845980.009881 -0.016766179 -0.095676668 0.334817052 0.170016482 0.127206400 0.638339102 0.739889324
1341845980.045974 -0.019512564 -0.081440881 0.301903844 0.167309925 0.125385076 0.646902978 0.733350158
1341845980.077990 -0.026274586 -0.084540740 0.310826361 0.163756415 0.121631786 0.656109571 0.726574004
1341845980.109753 -0.017902372 -0.087575838 0.312389106 0.161805943 0.121879995 0.662453949 0.721192658
1341845980.145844 -0.011017327 -0.088628925 0.326373100 0.160449356 0.118904449 0.672121286 0.713001192
1341845980.177822 0.005997314 -0.071592875 0.302538753 0.160028160 0.113843106 0.681531012 0.704944074
1341845980.209884 0.001922844 -0.070580982 0.302360713 0.160192490 0.115759298 0.688618124 0.697669864
1341845980.246566 -0.012976708 -0.076129206 0.319499731 0.158550873 0.112312295 0.693466604 0.693795085
1341845980.277813 0.008345345 -0.079472475 0.341089487 0.157030448 0.106849849 0.698889136 0.689549506
1341845980.313780 0.000429152 -0.069326982 0.306532711 0.163129434 0.108315930 0.704459846 0.682197034
1341845980.345768 -0.017582972 -0.082973562 0.314916700 0.161313340 0.108441584 0.701499879 0.685650349
1341845980.377905 0.004282319 -0.080754556 0.331162691 0.158031270 0.102359183 0.701176286 0.687677622
1341845980.413651 -0.002627082 -0.077069253 0.329232156 0.161836222 0.106444821 0.699456573 0.687923729
1341845980.445742 -0.008492462 -0.084205203 0.310901821 0.159841180 0.106092311 0.698855639 0.689054489
1341845980.478245 0.008680158 -0.076677002 0.328430861 0.160159111 0.101817355 0.698796868 0.689684868
1341845980.513799 -0.004622300 -0.076725006 0.324974507 0.163575545 0.107121743 0.700237095 0.686611950
1341845980.546985 -0.010885372 -0.079813473 0.321369052 0.163925201 0.104853936 0.701978147 0.685099125
1341845980.581857 -0.009275025 -0.074363649 0.311645508 0.161674246 0.102911785 0.699262679 0.688696146
1341845980.614011 -0.007765700 -0.081159338 0.329002768 0.160644189 0.105553545 0.695170522 0.692668676
1341845980.646075 -0.014816156 -0.089089923 0.319508612 0.158971414 0.106430516 0.685029805 0.702947199
1341845980.681743 -0.013183747 -0.092287339 0.346660048 0.159750640 0.107582673 0.670582712 0.716396928
1341845980.713878 0.002894574 -0.100835562 0.342406303 0.164363697 0.114360198 0.649811387 0.733247221
1341845980.745857 -0.025665782 -0.096216179 0.318707019 0.166170433 0.120496035 0.627784312 0.750836194
1341845980.781789 -0.014676847 -0.094303370 0.335358799 0.161058620 0.122764908 0.604233563 0.770643055
1341845980.813856 0.007562332 -0.098370761 0.327181041 0.157702282 0.131108984 0.578644693 0.789373636
1341845980.849947 -0.015370175 -0.098067962 0.341007918 0.159432620 0.142282262 0.561427951 0.799459636
1341845980.881654 -0.005484384 -0.103090502 0.356976360 0.165931121 0.144848421 0.548757374 0.806443512
1341845980.913789 -0.015598373 -0.098952577 0.335863084 0.171965986 0.147499651 0.539363146 0.811023414
1341845980.949937 -0.045283530 -0.090644799 0.313574016 0.177138895 0.149443164 0.532617271 0.814007044
1341845980.981906 -0.048024081 -0.096569501 0.283909291 0.179271877 0.145951897 0.523991764 0.819751382
1341845981.017867 -0.039280150 -0.095873512 0.314188600 0.180865839 0.142878115 0.509495199 0.829028368
1341845981.049727 -0.046362087 -0.094227761 0.304817110 0.180095717 0.140914485 0.495693713 0.837852240
1341845981.081877 -0.034893192 -0.101651274 0.333896101 0.180032790 0.138422564 0.475565165 0.849861860
1341845981.117941 -0.052120745 -0.075216569 0.306429774 0.179577634 0.134218678 0.452738315 0.862997830
1341845981.150069 -0.045730747 -0.097854801 0.333103567 0.172786042 0.134600580 0.428257465 0.876711547
1341845981.181996 -0.051034987 -0.099192880 0.330982089 0.166781813 0.134843394 0.400603175 0.890796363
1341845981.217830 -0.058704007 -0.103439592 0.328408241 0.165119886 0.132207915 0.376822740 0.901809931
1341845981.249922 -0.046826344 -0.101603106 0.335183203 0.160788774 0.129247010 0.347302377 0.914780438
1341845981.285840 -0.054480415 -0.104387246 0.320749789 0.155898571 0.131832659 0.311041057 0.928207517
1341845981.317832 -0.073917069 -0.090745114 0.299332023 0.150771365 0.130043104 0.278744459 0.939498961
1341845981.349932 -0.068957455 -0.096723638 0.316185951 0.137810960 0.127134353 0.245017052 0.951215863
1341845981.385812 -0.063338608 -0.092686042 0.326703787 0.126427636 0.128739610 0.212785885 0.960293889
1341845981.417735 -0.061573483 -0.100470647 0.318757564 0.123701118 0.127744094 0.195567310 0.964433968
1341845981.449800 -0.059616707 -0.092359759 0.336762309 0.128371790 0.125793055 0.177544579 0.967561245
1341845981.485916 -0.057679396 -0.083465494 0.327026278 0.120971419 0.128650993 0.151389539 0.972571850
1341845981.517844 -0.060387880 -0.091677703 0.320570618 0.113674425 0.128883183 0.133354425 0.976055264
1341845981.553971 -0.062278364 -0.075561062 0.289741546 0.113924913 0.123126887 0.119547963 0.978554606
1341845981.585866 -0.062525257 -0.077654034 0.305311352 0.105044082 0.122395203 0.099076189 0.981921077
1341845981.617907 -0.066286489 -0.082042083 0.305441290 0.098116070 0.122326829 0.085330196 0.983935058
1341845981.653938 -0.058604404 -0.091013126 0.330187351 0.099419221 0.118868783 0.077722557 0.984857976
1341845981.685889 -0.053601157 -0.080145203 0.333301991 0.099306062 0.116293356 0.068625361 0.985852301
1341845981.718038 -0.055217575 -0.088809848 0.341847837 0.095520012 0.118093729 0.059368096 0.986613035
1341845981.753884 -0.058320716 -0.099353507 0.331341773 0.096188322 0.118354864 0.053413413 0.986857057
1341845981.785897 -0.064105608 -0.095640682 0.328654587 0.099189915 0.115546972 0.049610261 0.987091243
1341845981.822013 -0.056449044 -0.090047821 0.333373755 0.099859573 0.113949589 0.042091090 0.987558544
1341845981.853820 -0.051379498 -0.094649084 0.324614584 0.097477980 0.115697592 0.029649099 0.988045037
1341845981.885838 -0.053669699 -0.100020312 0.321837157 0.098474711 0.115018502 0.026019461 0.988127768
1341845981.922032 -0.060151834 -0.118164554 0.324525386 0.105988063 0.115574330 0.019178130 0.987441778
1341845981.953799 -0.049788546 -0.101217784 0.315756798 0.114071101 0.115048185 0.015681038 0.986663938
1341845981.986027 -0.050835308 -0.089166820 0.308247864 0.116378710 0.113873422 0.013364665 0.986564875
1341845982.022212 -0.050617561 -0.084240168 0.309886187 0.114454851 0.111321732 0.010395426 0.987116754
1341845982.053889 -0.051297262 -0.085932419 0.306183040 0.109221280 0.110334463 0.006614007 0.987852871
1341845982.089857 -0.044444695 -0.085014135 0.304626703 0.105087720 0.108540870 0.006363953 0.988501370
1341845982.121719 -0.045196585 -0.087074012 0.303078115 0.102930650 0.107504994 0.007500437 0.988833487
1341845982.153770 -0.041798316 -0.087817170 0.302243322 0.104518048 0.104023784 0.009128701 0.989025593
1341845982.190068 -0.038602959 -0.089848712 0.296620071 0.105321757 0.105370499 0.009417501 0.988795042
1341845982.222482 -0.039422955 -0.089297451 0.290726751 0.106983751 0.105478376 0.010075244 0.988598645
1341845982.259008 -0.030566342 -0.079507731 0.275380075 0.106625058 0.101279095 0.009124995 0.989085615
1341845982.291023 -0.024328582 -0.070024736 0.273262054 0.101879962 0.100060418 0.009065928 0.989710152
1341845982.327843 -0.023977719 -0.073945016 0.261858612 0.097331293 0.100544579 0.006152907 0.990141153
1341845982.421902 -0.019222891 -0.063568637 0.252396137 0.081425674 0.094614320 0.010962008 0.992117822
1341845982.457800 -0.016442336 -0.065168031 0.243449941 0.080875643 0.094096974 0.014217376 0.992170751
1341845982.490452 -0.014139681 -0.050667670 0.240953162 0.082638867 0.091679953 0.020715948 0.992137313
1341845982.526007 -0.008465775 -0.042645715 0.224754900 0.078427114 0.092052504 0.021973368 0.992417574
1341845982.592787 -0.013902113 -0.038628116 0.220637858 0.070812032 0.087652571 0.027711336 0.993244529
1341845982.626246 0.008049118 -0.028560268 0.205674723 0.067656867 0.083399713 0.032270674 0.993692935
1341845982.689935 -0.025106449 -0.018286964 0.176913336 0.051546104 0.084277138 0.028234128 0.994707584
1341845982.731856 -0.012857225 -0.006512420 0.185395136 0.042481378 0.077213079 0.032713264 0.995571852
1341845982.763845 -0.004361477 -0.001199919 0.184720054 0.031858549 0.076459341 0.031680841 0.996059895
1341845982.796143 0.000850019 -0.003887801 0.185843930 0.023439869 0.073260918 0.038832765 0.996280789
1341845982.831723 0.005923382 0.003564962 0.180223793 0.021055253 0.067359187 0.042736288 0.996590674
1341845982.863934 0.013009863 0.017832469 0.166772887 0.017311472 0.065004893 0.042244975 0.996840000
1341845982.899816 0.007180599 0.020528859 0.165157169 0.010926818 0.064775512 0.038608048 0.997092843
1341845982.931713 0.001911909 0.023295013 0.160193056 0.005367957 0.061227303 0.038934980 0.997349739
1341845982.963912 0.009798290 0.025730792 0.148473382 -0.000160771 0.058098506 0.036652498 0.997637749
1341845982.999924 0.009096924 0.031135609 0.146740779 -0.006074808 0.058183603 0.032748234 0.997750103
1341845983.031814 0.001725420 0.027839171 0.149379402 -0.010820648 0.055886902 0.031985641 0.997865975
1341845983.067798 0.006698803 0.035233945 0.135806009 -0.013597677 0.051753424 0.032735370 0.998030603
1341845983.099710 0.008720351 0.044775601 0.128242791 -0.019946704 0.051332269 0.026817590 0.998122215
1341845983.131896 0.003867308 0.048065554 0.130926400 -0.025978068 0.050523795 0.025724357 0.998053491
1341845983.167777 0.005797188 0.040957116 0.126159534 -0.029713523 0.046340913 0.025182040 0.998166084
1341845983.199716 0.005256690 0.051272776 0.120700181 -0.028158190 0.045116983 0.022395678 0.998333633
1341845983.235789 0.010042968 0.048648123 0.109667763 -0.031137122 0.044681389 0.019195344 0.998331428
1341845983.267839 0.008857397 0.046010114 0.108161934 -0.032430891 0.044622816 0.018517161 0.998305678
1341845983.299732 0.011656482 0.049683798 0.098484188 -0.030934110 0.043325406 0.018252311 0.998415172
1341845983.335764 0.017384563 0.058226299 0.088020764 -0.031788345 0.043682996 0.015826056 0.998414159
1341845983.367849 0.012389447 0.059138622 0.085416012 -0.034941301 0.044878446 0.014851253 0.998270750
1341845983.403853 0.003184838 0.058512881 0.083611690 -0.034845371 0.045640886 0.015408365 0.998231113
1341845983.436166 0.016726559 0.062196132 0.073531240 -0.032786012 0.043606479 0.014895174 0.998399556
1341845983.467855 0.023220422 0.063247479 0.060626183 -0.033391949 0.045052752 0.013428912 0.998336077
1341845983.503861 0.019114975 0.066890769 0.059019528 -0.033463053 0.046138007 0.013013337 0.998289585
1341845983.535831 0.022172198 0.070416972 0.049539600 -0.033212978 0.045565493 0.011968090 0.998337328
1341845983.572117 0.023958834 0.067527927 0.040667497 -0.034432769 0.045960650 0.008720287 0.998311579
1341845983.603785 0.027476005 0.083517276 0.034709472 -0.033323824 0.046908423 0.006043791 0.998324871
1341845983.635679 0.022250110 0.072677478 0.027134901 -0.038783707 0.046268485 0.001888242 0.998174071
1341845983.671908 0.022238493 0.089277036 0.005645080 -0.045650288 0.045366060 -0.004528120 0.997916579
1341845983.703949 0.021704461 0.079318531 0.012710598 -0.058015350 0.045544498 -0.013130231 0.997189820
1341845983.735713 0.020026496 0.095534600 0.005053384 -0.060967173 0.045140482 -0.015069949 0.997004628
1341845983.771983 0.024169786 0.098674506 0.002941461 -0.064382866 0.041822828 -0.014853132 0.996937871
1341845983.803724 0.029333349 0.104767181 -0.003002181 -0.062179837 0.039508268 -0.015741650 0.997158468
1341845983.836050 0.029077284 0.098740928 -0.013906442 -0.063283131 0.038488593 -0.019555265 0.997061431
1341845983.871914 0.035918001 0.113416985 -0.023374176 -0.061629396 0.036041416 -0.018746709 0.997271955
1341845983.904546 0.042639684 0.109401323 -0.023437368 -0.059525970 0.034312110 -0.014383457 0.997533202
1341845983.939732 0.022454083 0.105617382 -0.037280399 -0.051666249 0.037808999 -0.012381110 0.997871637
1341845983.971972 0.033993643 0.120788798 -0.053099081 -0.046257332 0.033379853 -0.007201356 0.998345733
1341845984.003943 0.037563954 0.116816625 -0.058099739 -0.046759717 0.032942630 -0.004590248 0.998352289
1341845984.039814 0.040319286 0.128122211 -0.074846983 -0.044765554 0.032716729 -0.004236342 0.998452663
1341845984.071924 0.039066825 0.124440700 -0.084935829 -0.046322934 0.034405708 -0.004692010 0.998322785
1341845984.103750 0.043182962 0.125251487 -0.088847704 -0.045887057 0.038725562 -0.002565360 0.998192430
1341845984.139977 0.015869189 0.118369818 -0.078606024 -0.039522454 0.047162164 -0.003749657 0.998098016
1341845984.171953 0.040955801 0.124404505 -0.104293160 -0.030688085 0.045226779 0.005923608 0.998487711
1341845984.203755 0.048334125 0.134574577 -0.125532821 -0.026531242 0.048697628 0.009088742 0.998419762
1341845984.239999 0.052890185 0.147832558 -0.117649317 -0.021382594 0.052554160 0.010251215 0.998336494
1341845984.271868 0.054043222 0.143664226 -0.136621013 -0.017296908 0.057916090 0.010141055 0.998120070
1341845984.304166 0.050874639 0.149261504 -0.144264758 -0.014598169 0.062442038 0.012875393 0.997858763
1341845984.366023 0.060211539 0.162142307 -0.159579843 -0.002217845 0.069492981 0.011593404 0.997512579
1341845984.403843 0.056973387 0.157851681 -0.171405092 -0.004609018 0.073274337 0.011224124 0.997238040
1341845984.469893 0.046334881 0.153385699 -0.172409937 -0.004442674 0.080824077 -0.001061805 0.996717930
1341845984.533876 0.056377895 0.164319873 -0.197561249 -0.005649002 0.079568356 -0.004008688 0.996805310
1341845984.570371 0.059519392 0.155953482 -0.193306699 -0.012545834 0.081372947 -0.011965079 0.996532917
1341845984.601869 0.055283993 0.146889150 -0.185722411 -0.012232006 0.085777506 -0.012400393 0.996162057
1341845984.633883 0.063715257 0.148516595 -0.197567835 -0.007319330 0.089916922 -0.009845139 0.995873749
1341845984.669661 0.066078238 0.156068519 -0.189623460 -0.007343427 0.094090804 -0.010885047 0.995477021
1341845984.701697 0.060598921 0.147071123 -0.181359053 -0.006331931 0.097205192 -0.011222313 0.995180964
1341845984.737816 0.060548879 0.141933650 -0.192145050 -0.001439950 0.101075165 -0.011384677 0.994812608
1341845984.769971 0.061184749 0.150958344 -0.193296522 0.000679577 0.104458787 -0.011413540 0.994463503
1341845984.801680 0.070530713 0.154546455 -0.186074495 0.000531561 0.103424251 -0.009480845 0.994592011
1341845984.837943 0.072580643 0.134774253 -0.196752369 0.000212621 0.105836779 -0.014301314 0.994280636
1341845984.869774 0.076107405 0.148910567 -0.199178472 0.005092724 0.108793825 -0.011341986 0.993986607
1341845984.901904 0.073327005 0.147463366 -0.201090723 0.003212214 0.108312584 -0.010990355 0.994050920
1341845984.937830 0.077510521 0.133293539 -0.202984244 0.002617158 0.108190455 -0.016363230 0.993992090
1341845984.969931 0.077239066 0.140432864 -0.199246004 0.005789752 0.111607790 -0.015722748 0.993611097
1341845985.005758 0.079462707 0.139856234 -0.198251367 0.007557305 0.110163510 -0.015123156 0.993769705
1341845985.037996 0.075000517 0.138124093 -0.197002947 0.010475607 0.110531390 -0.017171310 0.993669093
1341845985.069753 0.074362226 0.137601376 -0.199108392 0.013162496 0.110579319 -0.019005924 0.993598342
1341845985.105902 0.078329593 0.133672252 -0.195960402 0.015256532 0.109705903 -0.020474741 0.993636072
1341845985.137721 0.078743480 0.131868824 -0.207399458 0.017391225 0.109613694 -0.022248851 0.993573070
1341845985.169874 0.075897470 0.125212580 -0.205488876 0.017750736 0.111284465 -0.024117112 0.993337333
1341845985.205765 0.076709740 0.127872586 -0.202356905 0.023105441 0.111825489 -0.022172779 0.993211746
1341845985.237899 0.083126217 0.130039051 -0.214624852 0.024866924 0.111441128 -0.022487916 0.993205309
1341845985.274008 0.080316104 0.124958113 -0.211979583 0.023695823 0.111819506 -0.022432018 0.993192673
1341845985.305922 0.078377143 0.123109713 -0.206324890 0.024616279 0.110520788 -0.022003561 0.993325233
1341845985.337748 0.079100937 0.118655346 -0.204503357 0.028185114 0.109291926 -0.021985138 0.993366778
1341845985.374220 0.084043838 0.129337594 -0.211957633 0.032100182 0.107836276 -0.019806266 0.993452907
1341845985.406011 0.080354564 0.129607946 -0.216204390 0.032045498 0.108418703 -0.020414555 0.993378937
1341845985.442252 0.079868346 0.125515684 -0.212599665 0.031675663 0.107649356 -0.021855559 0.993443787
1341845985.473860 0.081533551 0.120922968 -0.210853860 0.032969192 0.106482416 -0.021040471 0.993545115
1341845985.505802 0.083429039 0.124302767 -0.213106036 0.036090769 0.104360119 -0.018501500 0.993712306
1341845985.541999 0.086055689 0.128675252 -0.219103277 0.036019824 0.104130462 -0.017944321 0.993749142
1341845985.573799 0.086016089 0.123718224 -0.212005734 0.034183417 0.104729459 -0.020029949 0.993711233
1341845985.605839 0.081514269 0.124197774 -0.213713840 0.035967086 0.104241066 -0.016641684 0.993762195
1341845985.641753 0.086901814 0.124548495 -0.224286616 0.035815932 0.103394203 -0.016194686 0.993863463
1341845985.673719 0.083242670 0.117450878 -0.221033067 0.033995859 0.105695844 -0.018954230 0.993636489
1341845985.709785 0.078564309 0.123353690 -0.212507278 0.034796972 0.106001832 -0.015716780 0.993632615
1341845985.741805 0.083044350 0.119655795 -0.222607985 0.034279838 0.104327917 -0.015858857 0.993825495
1341845985.773867 0.083585188 0.117790729 -0.227372169 0.034015503 0.107102223 -0.017589750 0.993510306
1341845985.809875 0.080566116 0.121955901 -0.219314516 0.034722894 0.109001867 -0.015434269 0.993315041
1341845985.841811 0.083975814 0.124121115 -0.216857016 0.035296969 0.107240625 -0.012212439 0.993531287
1341845985.873899 0.085666217 0.126616850 -0.221385598 0.034685731 0.107477903 -0.013946424 0.993504345
1341845985.909743 0.080932006 0.125098199 -0.214675531 0.034231801 0.109805770 -0.014096378 0.993263423
1341845985.941740 0.080191754 0.126538515 -0.212357089 0.036808528 0.107579924 -0.010500054 0.993459344
1341845985.977718 0.082595795 0.126372710 -0.217492700 0.037946723 0.106644697 -0.011321949 0.993508339
1341845986.009726 0.081985943 0.118932687 -0.225287944 0.036896151 0.108045109 -0.013600463 0.993367970
1341845986.042156 0.080161557 0.120273098 -0.215553075 0.037710615 0.107604221 -0.011482310 0.993412018
